# The Giants of Holst prop, from CC0 kits by KayKit (Kay Lousberg) and Kenney
v 0.3797 0.2705 0.1582
vt 0.5737 0.9440
vn 0.9078 -0.0000 0.4194
v 0.3488 0.2664 0.2250
vt 0.5700 0.9593
vn 0.9078 -0.0000 0.4194
v 0.3488 0.1499 0.2250
vt 0.5763 0.8707
vn 0.9078 -0.0000 0.4194
v 0.3797 0.1458 0.1582
vt 0.5815 0.8596
vn 0.9078 -0.0000 0.4194
f 1/1/1 2/2/2 3/3/3 4/4/4
v 0.4048 0.1267 0.1508
vt 0.2179 0.9759
vn 0.2306 -0.0955 0.9684
v 0.3797 0.1458 0.1582
vt 0.2130 0.9111
vn 0.2180 -0.0886 0.9719
v 0.3720 0.1403 0.1582
vt 0.2149 0.9103
vn 0.1879 -0.0778 0.9791
f 5/5/5 6/6/6 7/7/7
v 0.2896 0.0115 0.1508
vt 0.2078 0.9759
vn 0.0955 -0.2306 0.9684
v 0.2854 0.0428 0.1582
vt 0.2052 0.9111
vn 0.0915 -0.2168 0.9719
v 0.2760 0.0443 0.1582
vt 0.2056 0.9103
vn 0.0778 -0.1879 0.9791
f 8/8/8 9/9/9 10/10/10
v 0.1267 0.0115 0.1508
vt 0.1832 0.9759
vn -0.0955 -0.2306 0.9684
v 0.1458 0.0366 0.1582
vt 0.1845 0.9111
vn -0.0886 -0.2180 0.9719
v 0.1403 0.0443 0.1582
vt 0.1832 0.9103
vn -0.0778 -0.1879 0.9791
f 11/11/11 12/12/12 13/13/13
v 0.0114 0.1267 0.1508
vt 0.1586 0.9759
vn -0.2306 -0.0955 0.9684
v 0.0428 0.1309 0.1582
vt 0.1631 0.9111
vn -0.2168 -0.0915 0.9719
v 0.0443 0.1403 0.1582
vt 0.1608 0.9103
vn -0.1879 -0.0778 0.9791
f 14/14/14 15/15/15 16/16/16
v 0.0114 0.1267 0.1508
vt 0.1586 0.9759
vn -0.2306 -0.0955 0.9684
v 0.0443 0.1403 0.1582
vt 0.1608 0.9103
vn -0.1879 -0.0778 0.9791
v 0.0366 0.1458 0.1582
vt 0.1612 0.9111
vn -0.2180 -0.0886 0.9719
f 17/17/17 18/18/18 19/19/19
v 0.2521 0.1021 -0.2250
vt 0.5649 0.7926
vn -0.0000 0.9422 -0.3351
v 0.1642 0.1021 -0.2250
vt 0.5517 0.7926
vn -0.0000 0.9422 -0.3351
v 0.1701 0.1164 -0.1847
vt 0.5517 0.7971
vn -0.0000 0.9422 -0.3351
v 0.2461 0.1164 -0.1847
vt 0.5631 0.7971
vn -0.0000 0.9422 -0.3351
f 20/20/20 21/21/21 22/22/22 23/23/23
v 0.1267 0.4048 0.1508
vt 0.1586 0.9759
vn -0.0955 0.2306 0.9684
v 0.1309 0.3735 0.1582
vt 0.1612 0.9798
vn -0.0915 0.2168 0.9719
v 0.1403 0.3720 0.1582
vt 0.1608 0.9786
vn -0.0778 0.1879 0.9791
f 24/24/24 25/25/25 26/26/26
v 0.4048 0.2896 0.1508
vt 0.2078 0.9759
vn 0.2306 0.0955 0.9684
v 0.3735 0.2854 0.1582
vt 0.2033 0.9798
vn 0.2168 0.0915 0.9719
v 0.3720 0.2760 0.1582
vt 0.2056 0.9786
vn 0.1879 0.0778 0.9791
f 27/27/27 28/28/28 29/29/29
v 0.1642 0.3142 0.2250
vt 0.5384 0.9389
vn 0.6662 -0.6662 0.3351
v 0.1021 0.2521 0.2250
vt 0.5329 0.9389
vn 0.6662 -0.6662 0.3351
v 0.1164 0.2461 0.1847
vt 0.5355 0.9323
vn 0.6662 -0.6662 0.3351
v 0.1701 0.2999 0.1847
vt 0.5402 0.9323
vn 0.6662 -0.6662 0.3351
f 30/30/30 31/31/31 32/32/32 33/33/33
v 0.1458 0.3797 -0.1582
vt 0.1631 0.8659
vn -0.0886 0.2180 -0.9719
v 0.1403 0.3720 -0.1582
vt 0.1608 0.8671
vn -0.0778 0.1879 -0.9791
v 0.1267 0.4048 -0.1508
vt 0.1586 0.8698
vn -0.0955 0.2306 -0.9684
f 34/34/34 35/35/35 36/36/36
v 0.0428 0.2854 -0.1582
vt 0.1534 0.8659
vn -0.2168 0.0915 -0.9719
v 0.0443 0.2760 -0.1582
vt 0.1515 0.8671
vn -0.1879 0.0778 -0.9791
v 0.0114 0.2896 -0.1508
vt 0.1484 0.8698
vn -0.2306 0.0955 -0.9684
f 37/37/37 38/38/38 39/39/39
v 0.0366 0.1458 -0.1582
vt 0.1612 0.8348
vn -0.2180 -0.0886 -0.9719
v 0.0443 0.1403 -0.1582
vt 0.1608 0.8356
vn -0.1879 -0.0778 -0.9791
v 0.0114 0.1267 -0.1508
vt 0.1586 0.8698
vn -0.2306 -0.0955 -0.9684
f 40/40/40 41/41/41 42/42/42
v 0.0174 0.1378 0.0875
vt 0.5273 0.8762
vn -1.0000 0.0000 0.0000
v 0.0174 0.2785 0.0875
vt 0.5185 0.8858
vn -1.0000 0.0000 0.0000
v 0.0174 0.2785 -0.0875
vt 0.5185 0.8666
vn -1.0000 0.0000 0.0000
v 0.0174 0.1378 -0.0875
vt 0.5273 0.8633
vn -1.0000 0.0000 0.0000
f 43/43/43 44/44/44 45/45/45 46/46/46
v 0.1267 0.0115 -0.1508
vt 0.1832 0.8698
vn -0.0955 -0.2306 -0.9684
v 0.1309 0.0428 -0.1582
vt 0.1819 0.8348
vn -0.0915 -0.2168 -0.9719
v 0.1403 0.0443 -0.1582
vt 0.1832 0.8356
vn -0.0778 -0.1879 -0.9791
f 47/47/47 48/48/48 49/49/49
v 0.2664 0.0675 -0.2250
vt 0.5682 0.8259
vn 0.0000 -0.9078 -0.4194
v 0.2704 0.0366 -0.1582
vt 0.5718 0.8518
vn 0.0000 -0.9078 -0.4194
v 0.1458 0.0366 -0.1582
vt 0.5530 0.8243
vn 0.0000 -0.9078 -0.4194
v 0.1499 0.0675 -0.2250
vt 0.5530 0.7991
vn 0.0000 -0.9078 -0.4194
f 50/50/50 51/51/51 52/52/52 53/53/53
v 0.2943 0.4163 -0.1084
vt 0.1832 0.9547
vn 0.2794 0.6746 0.6832
v 0.2785 0.3988 -0.0875
vt 0.1819 0.9657
vn 0.1021 0.7235 0.6828
v 0.2858 0.3958 -0.0875
vt 0.1832 0.9623
vn 0.2622 0.6329 0.7285
f 54/54/54 55/55/55 56/56/56
v 0.2704 0.0366 -0.1582
vt 0.2033 0.8348
vn 0.0886 -0.2180 -0.9719
v 0.2760 0.0443 -0.1582
vt 0.2056 0.8356
vn 0.0778 -0.1879 -0.9791
v 0.2896 0.0115 -0.1508
vt 0.2078 0.8698
vn 0.0955 -0.2306 -0.9684
f 57/57/57 58/58/58 59/59/59
v 0.3735 0.1309 -0.1582
vt 0.2130 0.8348
vn 0.2168 -0.0915 -0.9719
v 0.3720 0.1403 -0.1582
vt 0.2149 0.8356
vn 0.1879 -0.0778 -0.9791
v 0.4048 0.1267 -0.1508
vt 0.2179 0.8698
vn 0.2306 -0.0955 -0.9684
f 60/60/60 61/61/61 62/62/62
v 0.1499 0.0675 -0.2250
vt 0.5504 0.8120
vn -0.6419 -0.6419 -0.4194
v 0.1309 0.0428 -0.1582
vt 0.5504 0.8376
vn -0.6419 -0.6419 -0.4194
v 0.0428 0.1309 -0.1582
vt 0.5316 0.8376
vn -0.6419 -0.6419 -0.4194
v 0.0674 0.1499 -0.2250
vt 0.5352 0.8120
vn -0.6419 -0.6419 -0.4194
f 63/63/63 64/64/64 65/65/65 66/66/66
v 0.0235 0.2932 0.0875
vt 0.5185 0.9060
vn -0.7071 0.7071 0.0000
v 0.1230 0.3927 0.0875
vt 0.5273 0.9060
vn -0.7071 0.7071 0.0000
v 0.1230 0.3927 -0.0875
vt 0.5273 0.8868
vn -0.7071 0.7071 0.0000
v 0.0235 0.2932 -0.0875
vt 0.5185 0.8868
vn -0.7071 0.7071 0.0000
f 67/67/67 68/68/68 69/69/69 70/70/70
v 0.3797 0.2705 -0.1582
vt 0.2052 0.8659
vn 0.2180 0.0886 -0.9719
v 0.3720 0.2760 -0.1582
vt 0.2056 0.8671
vn 0.1879 0.0778 -0.9791
v 0.4048 0.2896 -0.1508
vt 0.2078 0.8698
vn 0.2306 0.0955 -0.9684
f 71/71/71 72/72/72 73/73/73
v 0.2854 0.3735 -0.1582
vt 0.1845 0.8659
vn 0.0915 0.2168 -0.9719
v 0.2760 0.3720 -0.1582
vt 0.1832 0.8671
vn 0.0778 0.1879 -0.9791
v 0.2896 0.4048 -0.1508
vt 0.1832 0.8698
vn 0.0955 0.2306 -0.9684
f 74/74/74 75/75/75 76/76/76
v 0.3927 0.1231 0.0875
vt 0.5848 0.8617
vn 0.7071 -0.7071 -0.0000
v 0.2932 0.0236 0.0875
vt 0.5760 0.8617
vn 0.7071 -0.7071 -0.0000
v 0.2932 0.0236 -0.0875
vt 0.5760 0.8488
vn 0.7071 -0.7071 -0.0000
v 0.3927 0.1231 -0.0875
vt 0.5848 0.8488
vn 0.7071 -0.7071 -0.0000
f 77/77/77 78/78/78 79/79/79 80/80/80
v 0.0674 0.1499 -0.2250
vt 0.5333 0.8259
vn -0.9078 0.0000 -0.4194
v 0.0366 0.1458 -0.1582
vt 0.5297 0.8518
vn -0.9078 0.0000 -0.4194
v 0.0366 0.2705 -0.1582
vt 0.5219 0.8502
vn -0.9078 0.0000 -0.4194
v 0.0674 0.2664 -0.2250
vt 0.5270 0.8126
vn -0.9078 0.0000 -0.4194
f 81/81/81 82/82/82 83/83/83 84/84/84
v 0.2521 0.3142 -0.2250
vt 0.5517 0.8186
vn -0.0000 0.0000 -1.0000
v 0.1642 0.3142 -0.2250
vt 0.5384 0.8186
vn -0.0000 0.0000 -1.0000
v 0.1499 0.3488 -0.2250
vt 0.5352 0.8186
vn -0.0000 0.0000 -1.0000
v 0.2664 0.3488 -0.2250
vt 0.5517 0.8186
vn -0.0000 0.0000 -1.0000
f 85/85/85 86/86/86 87/87/87 88/88/88
v 0.3142 0.2521 0.2250
vt 0.5649 0.9702
vn 0.0000 -0.0000 1.0000
v 0.3142 0.1642 0.2250
vt 0.5704 0.9047
vn 0.0000 -0.0000 1.0000
v 0.3488 0.1499 0.2250
vt 0.5763 0.9047
vn 0.0000 -0.0000 1.0000
v 0.3488 0.2664 0.2250
vt 0.5685 0.9702
vn 0.0000 -0.0000 1.0000
f 89/89/89 90/90/90 91/91/91 92/92/92
v 0.2521 0.3142 0.2250
vt 0.5517 0.9702
vn 0.0000 -0.0000 1.0000
v 0.3142 0.2521 0.2250
vt 0.5649 0.9702
vn 0.0000 -0.0000 1.0000
v 0.3488 0.2664 0.2250
vt 0.5682 0.9702
vn 0.0000 -0.0000 1.0000
v 0.2664 0.3488 0.2250
vt 0.5517 0.9702
vn 0.0000 -0.0000 1.0000
f 93/93/93 94/94/94 95/95/95 96/96/96
v 0.1642 0.3142 0.2250
vt 0.5384 0.9702
vn 0.0000 -0.0000 1.0000
v 0.2521 0.3142 0.2250
vt 0.5517 0.9702
vn 0.0000 -0.0000 1.0000
v 0.2664 0.3488 0.2250
vt 0.5504 0.9702
vn 0.0000 -0.0000 1.0000
v 0.1499 0.3488 0.2250
vt 0.5349 0.9702
vn 0.0000 -0.0000 1.0000
f 97/97/97 98/98/98 99/99/99 100/100/100
v 0.3142 0.1642 0.2250
vt 0.5704 0.9047
vn 0.0000 -0.0000 1.0000
v 0.2521 0.1021 0.2250
vt 0.5649 0.9047
vn 0.0000 -0.0000 1.0000
v 0.2664 0.0675 0.2250
vt 0.5700 0.9047
vn 0.0000 -0.0000 1.0000
v 0.3488 0.1499 0.2250
vt 0.5755 0.9047
vn 0.0000 -0.0000 1.0000
f 101/101/101 102/102/102 103/103/103 104/104/104
v 0.1642 0.1021 -0.2250
vt 0.5517 0.8031
vn -0.0000 0.0000 -1.0000
v 0.2521 0.1021 -0.2250
vt 0.5649 0.8031
vn -0.0000 0.0000 -1.0000
v 0.2664 0.0675 -0.2250
vt 0.5682 0.8031
vn -0.0000 0.0000 -1.0000
v 0.1499 0.0675 -0.2250
vt 0.5517 0.8031
vn -0.0000 0.0000 -1.0000
f 105/105/105 106/106/106 107/107/107 108/108/108
v 0.2521 0.1021 0.2250
vt 0.5649 0.9047
vn 0.0000 -0.0000 1.0000
v 0.1642 0.1021 0.2250
vt 0.5517 0.9047
vn 0.0000 -0.0000 1.0000
v 0.1499 0.0675 0.2250
vt 0.5530 0.9047
vn 0.0000 -0.0000 1.0000
v 0.2664 0.0675 0.2250
vt 0.5685 0.9047
vn 0.0000 -0.0000 1.0000
f 109/109/109 110/110/110 111/111/111 112/112/112
v 0.1021 0.1642 -0.2250
vt 0.5384 0.8031
vn -0.0000 0.0000 -1.0000
v 0.1642 0.1021 -0.2250
vt 0.5517 0.8031
vn -0.0000 0.0000 -1.0000
v 0.1499 0.0675 -0.2250
vt 0.5504 0.8031
vn -0.0000 0.0000 -1.0000
v 0.0674 0.1499 -0.2250
vt 0.5349 0.8031
vn -0.0000 0.0000 -1.0000
f 113/113/113 114/114/114 115/115/115 116/116/116
v 0.1642 0.1021 0.2250
vt 0.5517 0.9047
vn 0.0000 -0.0000 1.0000
v 0.1021 0.1642 0.2250
vt 0.5384 0.9047
vn 0.0000 -0.0000 1.0000
v 0.0674 0.1499 0.2250
vt 0.5352 0.9047
vn 0.0000 -0.0000 1.0000
v 0.1499 0.0675 0.2250
vt 0.5517 0.9047
vn 0.0000 -0.0000 1.0000
f 117/117/117 118/118/118 119/119/119 120/120/120
v 0.1021 0.2521 -0.2250
vt 0.5329 0.8186
vn -0.0000 0.0000 -1.0000
v 0.1021 0.1642 -0.2250
vt 0.5384 0.8031
vn -0.0000 0.0000 -1.0000
v 0.0674 0.1499 -0.2250
vt 0.5333 0.8031
vn -0.0000 0.0000 -1.0000
v 0.0674 0.2664 -0.2250
vt 0.5279 0.8186
vn -0.0000 0.0000 -1.0000
f 121/121/121 122/122/122 123/123/123 124/124/124
v 0.1021 0.1642 0.2250
vt 0.5384 0.9047
vn 0.0000 -0.0000 1.0000
v 0.1021 0.2521 0.2250
vt 0.5329 0.9702
vn 0.0000 -0.0000 1.0000
v 0.0674 0.2664 0.2250
vt 0.5270 0.9702
vn 0.0000 -0.0000 1.0000
v 0.0674 0.1499 0.2250
vt 0.5349 0.9047
vn 0.0000 -0.0000 1.0000
f 125/125/125 126/126/126 127/127/127 128/128/128
v 0.1642 0.3142 -0.2250
vt 0.5384 0.8186
vn -0.0000 0.0000 -1.0000
v 0.1021 0.2521 -0.2250
vt 0.5329 0.8186
vn -0.0000 0.0000 -1.0000
v 0.0674 0.2664 -0.2250
vt 0.5270 0.8186
vn -0.0000 0.0000 -1.0000
v 0.1499 0.3488 -0.2250
vt 0.5349 0.8186
vn -0.0000 0.0000 -1.0000
f 129/129/129 130/130/130 131/131/131 132/132/132
v 0.1021 0.2521 0.2250
vt 0.5329 0.9702
vn 0.0000 -0.0000 1.0000
v 0.1642 0.3142 0.2250
vt 0.5384 0.9702
vn 0.0000 -0.0000 1.0000
v 0.1499 0.3488 0.2250
vt 0.5333 0.9702
vn 0.0000 -0.0000 1.0000
v 0.0674 0.2664 0.2250
vt 0.5279 0.9702
vn 0.0000 -0.0000 1.0000
f 133/133/133 134/134/134 135/135/135 136/136/136
v 0.1378 0.3988 0.0875
vt 0.1606 0.8800
vn -0.0000 0.7670 -0.6416
v 0.1219 0.4163 0.1084
vt 0.1572 0.8910
vn -0.0000 0.7670 -0.6416
v 0.2943 0.4163 0.1084
vt 0.1832 0.8834
vn -0.0000 0.7670 -0.6416
v 0.2785 0.3988 0.0875
vt 0.1819 0.8800
vn -0.0000 0.7670 -0.6416
f 137/137/137 138/138/138 139/139/139 140/140/140
v 0.3142 0.1642 -0.2250
vt 0.5704 0.8031
vn -0.0000 0.0000 -1.0000
v 0.3142 0.2521 -0.2250
vt 0.5649 0.8186
vn -0.0000 0.0000 -1.0000
v 0.3488 0.2664 -0.2250
vt 0.5700 0.8186
vn -0.0000 0.0000 -1.0000
v 0.3488 0.1499 -0.2250
vt 0.5755 0.8031
vn -0.0000 0.0000 -1.0000
f 141/141/141 142/142/142 143/143/143 144/144/144
v 0.2521 0.1021 -0.2250
vt 0.5649 0.8031
vn -0.0000 0.0000 -1.0000
v 0.3142 0.1642 -0.2250
vt 0.5704 0.8031
vn -0.0000 0.0000 -1.0000
v 0.3488 0.1499 -0.2250
vt 0.5763 0.8031
vn -0.0000 0.0000 -1.0000
v 0.2664 0.0675 -0.2250
vt 0.5685 0.8031
vn -0.0000 0.0000 -1.0000
f 145/145/145 146/146/146 147/147/147 148/148/148
v 0.1642 0.3142 -0.2250
vt 0.5384 0.8029
vn 0.0000 -0.9422 -0.3351
v 0.2521 0.3142 -0.2250
vt 0.5517 0.8029
vn 0.0000 -0.9422 -0.3351
v 0.2461 0.2999 -0.1847
vt 0.5517 0.8095
vn 0.0000 -0.9422 -0.3351
v 0.1701 0.2999 -0.1847
vt 0.5402 0.8095
vn 0.0000 -0.9422 -0.3351
f 149/149/149 150/150/150 151/151/151 152/152/152
v 0.1642 0.1021 0.2250
vt 0.5517 0.8838
vn 0.0000 0.9422 0.3351
v 0.2521 0.1021 0.2250
vt 0.5649 0.8838
vn 0.0000 0.9422 0.3351
v 0.2461 0.1164 0.1847
vt 0.5631 0.8793
vn 0.0000 0.9422 0.3351
v 0.1701 0.1164 0.1847
vt 0.5517 0.8793
vn 0.0000 0.9422 0.3351
f 153/153/153 154/154/154 155/155/155 156/156/156
v 0.2521 0.3142 -0.2250
vt 0.5517 0.8029
vn -0.6662 -0.6662 -0.3351
v 0.3142 0.2521 -0.2250
vt 0.5649 0.8029
vn -0.6662 -0.6662 -0.3351
v 0.2998 0.2461 -0.1847
vt 0.5631 0.8095
vn -0.6662 -0.6662 -0.3351
v 0.2461 0.2999 -0.1847
vt 0.5517 0.8095
vn -0.6662 -0.6662 -0.3351
f 157/157/157 158/158/158 159/159/159 160/160/160
v 0.2521 0.3142 0.2250
vt 0.5517 0.9389
vn 0.0000 -0.9422 0.3351
v 0.1642 0.3142 0.2250
vt 0.5384 0.9389
vn 0.0000 -0.9422 0.3351
v 0.1701 0.2999 0.1847
vt 0.5402 0.9323
vn 0.0000 -0.9422 0.3351
v 0.2461 0.2999 0.1847
vt 0.5517 0.9323
vn 0.0000 -0.9422 0.3351
f 161/161/161 162/162/162 163/163/163 164/164/164
v 0.1642 0.1021 -0.2250
vt 0.5517 0.7926
vn 0.6662 0.6662 -0.3351
v 0.1021 0.1642 -0.2250
vt 0.5384 0.7926
vn 0.6662 0.6662 -0.3351
v 0.1164 0.1702 -0.1847
vt 0.5402 0.7971
vn 0.6662 0.6662 -0.3351
v 0.1701 0.1164 -0.1847
vt 0.5517 0.7971
vn 0.6662 0.6662 -0.3351
f 165/165/165 166/166/166 167/167/167 168/168/168
v 0.3142 0.2521 0.2250
vt 0.5649 0.9389
vn -0.6662 -0.6662 0.3351
v 0.2521 0.3142 0.2250
vt 0.5517 0.9389
vn -0.6662 -0.6662 0.3351
v 0.2461 0.2999 0.1847
vt 0.5517 0.9323
vn -0.6662 -0.6662 0.3351
v 0.2998 0.2461 0.1847
vt 0.5631 0.9323
vn -0.6662 -0.6662 0.3351
f 169/169/169 170/170/170 171/171/171 172/172/172
v 0.1021 0.1642 0.2250
vt 0.5384 0.8838
vn 0.6662 0.6662 0.3351
v 0.1642 0.1021 0.2250
vt 0.5517 0.8838
vn 0.6662 0.6662 0.3351
v 0.1701 0.1164 0.1847
vt 0.5517 0.8793
vn 0.6662 0.6662 0.3351
v 0.1164 0.1702 0.1847
vt 0.5402 0.8793
vn 0.6662 0.6662 0.3351
f 173/173/173 174/174/174 175/175/175 176/176/176
v 0.3142 0.2521 -0.2250
vt 0.5649 0.8029
vn -0.9422 0.0000 -0.3351
v 0.3142 0.1642 -0.2250
vt 0.5704 0.7926
vn -0.9422 0.0000 -0.3351
v 0.2998 0.1702 -0.1847
vt 0.5679 0.7971
vn -0.9422 0.0000 -0.3351
v 0.2998 0.2461 -0.1847
vt 0.5631 0.8095
vn -0.9422 0.0000 -0.3351
f 177/177/177 178/178/178 179/179/179 180/180/180
v 0.1021 0.1642 -0.2250
vt 0.5384 0.7926
vn 0.9422 -0.0000 -0.3351
v 0.1021 0.2521 -0.2250
vt 0.5329 0.8029
vn 0.9422 -0.0000 -0.3351
v 0.1164 0.2461 -0.1847
vt 0.5355 0.8095
vn 0.9422 -0.0000 -0.3351
v 0.1164 0.1702 -0.1847
vt 0.5402 0.7971
vn 0.9422 -0.0000 -0.3351
f 181/181/181 182/182/182 183/183/183 184/184/184
v 0.3142 0.1642 0.2250
vt 0.5704 0.8838
vn -0.9422 -0.0000 0.3351
v 0.3142 0.2521 0.2250
vt 0.5649 0.9389
vn -0.9422 -0.0000 0.3351
v 0.2998 0.2461 0.1847
vt 0.5631 0.9323
vn -0.9422 -0.0000 0.3351
v 0.2998 0.1702 0.1847
vt 0.5679 0.8793
vn -0.9422 -0.0000 0.3351
f 185/185/185 186/186/186 187/187/187 188/188/188
v 0.1021 0.2521 0.2250
vt 0.5329 0.9389
vn 0.9422 0.0000 0.3351
v 0.1021 0.1642 0.2250
vt 0.5384 0.8838
vn 0.9422 0.0000 0.3351
v 0.1164 0.1702 0.1847
vt 0.5402 0.8793
vn 0.9422 0.0000 0.3351
v 0.1164 0.2461 0.1847
vt 0.5355 0.9323
vn 0.9422 0.0000 0.3351
f 189/189/189 190/190/190 191/191/191 192/192/192
v 0.3142 0.1642 -0.2250
vt 0.5704 0.7926
vn -0.6662 0.6662 -0.3351
v 0.2521 0.1021 -0.2250
vt 0.5649 0.7926
vn -0.6662 0.6662 -0.3351
v 0.2461 0.1164 -0.1847
vt 0.5631 0.7971
vn -0.6662 0.6662 -0.3351
v 0.2998 0.1702 -0.1847
vt 0.5679 0.7971
vn -0.6662 0.6662 -0.3351
f 193/193/193 194/194/194 195/195/195 196/196/196
v 0.1021 0.2521 -0.2250
vt 0.5329 0.8029
vn 0.6662 -0.6662 -0.3351
v 0.1642 0.3142 -0.2250
vt 0.5384 0.8029
vn 0.6662 -0.6662 -0.3351
v 0.1701 0.2999 -0.1847
vt 0.5402 0.8095
vn 0.6662 -0.6662 -0.3351
v 0.1164 0.2461 -0.1847
vt 0.5355 0.8095
vn 0.6662 -0.6662 -0.3351
f 197/197/197 198/198/198 199/199/199 200/200/200
v 0.2521 0.1021 0.2250
vt 0.5649 0.8838
vn -0.6662 0.6662 0.3351
v 0.3142 0.1642 0.2250
vt 0.5704 0.8838
vn -0.6662 0.6662 0.3351
v 0.2998 0.1702 0.1847
vt 0.5679 0.8793
vn -0.6662 0.6662 0.3351
v 0.2461 0.1164 0.1847
vt 0.5631 0.8793
vn -0.6662 0.6662 0.3351
f 201/201/201 202/202/202 203/203/203 204/204/204
v 0.2932 0.3927 0.0875
vt 0.5530 0.9372
vn 0.7071 0.7071 0.0000
v 0.3927 0.2932 0.0875
vt 0.5742 0.9372
vn 0.7071 0.7071 0.0000
v 0.3927 0.2932 -0.0875
vt 0.5742 0.9181
vn 0.7071 0.7071 0.0000
v 0.2932 0.3927 -0.0875
vt 0.5530 0.9181
vn 0.7071 0.7071 0.0000
f 205/205/205 206/206/206 207/207/207 208/208/208
v 0.1219 0.4163 -0.1084
vt 0.1572 0.9547
vn -0.2794 0.6746 0.6832
v 0.1230 0.3927 -0.0875
vt 0.1588 0.9657
vn -0.4393 0.5838 0.6828
v 0.1304 0.3958 -0.0875
vt 0.1587 0.9623
vn -0.2622 0.6329 0.7285
f 209/209/209 210/210/210 211/211/211
v -0.0000 0.2944 -0.1084
vt 0.1464 0.9547
vn -0.6746 0.2794 0.6832
v 0.0174 0.2785 -0.0875
vt 0.1500 0.9657
vn -0.7235 0.1021 0.6827
v 0.0205 0.2859 -0.0875
vt 0.1485 0.9623
vn -0.6329 0.2622 0.7285
f 212/212/212 213/213/213 214/214/214
v 0.0235 0.1231 -0.0875
vt 0.1606 0.9017
vn -0.5838 -0.4393 0.6828
v 0.0205 0.1304 -0.0875
vt 0.1587 0.9623
vn -0.6329 -0.2622 0.7285
v -0.0000 0.1219 -0.1084
vt 0.1572 0.9547
vn -0.6746 -0.2794 0.6832
f 215/215/215 216/216/216 217/217/217
v 0.1219 0.0000 -0.1084
vt 0.1832 0.9547
vn -0.2794 -0.6746 0.6832
v 0.1378 0.0175 -0.0875
vt 0.1845 0.9017
vn -0.1021 -0.7235 0.6827
v 0.1304 0.0205 -0.0875
vt 0.1832 0.9623
vn -0.2622 -0.6329 0.7285
f 218/218/218 219/219/219 220/220/220
v 0.2943 0.0000 -0.1084
vt 0.2092 0.9547
vn 0.2794 -0.6746 0.6832
v 0.2932 0.0236 -0.0875
vt 0.2075 0.9017
vn 0.4393 -0.5838 0.6828
v 0.2858 0.0205 -0.0875
vt 0.2077 0.9623
vn 0.2622 -0.6329 0.7285
f 221/221/221 222/222/222 223/223/223
v 0.4163 0.1219 -0.1084
vt 0.2200 0.9547
vn 0.6746 -0.2794 0.6832
v 0.3988 0.1378 -0.0875
vt 0.2163 0.9017
vn 0.7235 -0.1021 0.6827
v 0.3958 0.1304 -0.0875
vt 0.2178 0.9623
vn 0.6329 -0.2622 0.7285
f 224/224/224 225/225/225 226/226/226
v 0.2932 0.3927 0.0875
vt 0.1845 0.8800
vn 0.5424 0.5424 -0.6416
v 0.2943 0.4163 0.1084
vt 0.1832 0.8910
vn 0.5424 0.5424 -0.6416
v 0.4163 0.2944 0.1084
vt 0.2077 0.8834
vn 0.5424 0.5424 -0.6416
v 0.3927 0.2932 0.0875
vt 0.2057 0.8800
vn 0.5424 0.5424 -0.6416
f 227/227/227 228/228/228 229/229/229 230/230/230
v 0.1378 0.3988 0.0875
vt 0.5291 0.9588
vn 0.0000 1.0000 0.0000
v 0.2785 0.3988 0.0875
vt 0.5504 0.9171
vn 0.0000 1.0000 0.0000
v 0.2785 0.3988 -0.0875
vt 0.5504 0.8979
vn 0.0000 1.0000 0.0000
v 0.1378 0.3988 -0.0875
vt 0.5291 0.9396
vn 0.0000 1.0000 0.0000
f 231/231/231 232/232/232 233/233/233 234/234/234
v 0.2896 0.4048 0.1508
vt 0.1832 0.9759
vn 0.0955 0.2306 0.9684
v 0.2704 0.3797 0.1582
vt 0.1819 0.9798
vn 0.0886 0.2180 0.9719
v 0.2760 0.3720 0.1582
vt 0.1832 0.9786
vn 0.0778 0.1879 0.9791
f 235/235/235 236/236/236 237/237/237
v -0.0000 0.1219 0.1084
vt 0.1572 0.8910
vn -0.7670 0.0000 -0.6416
v -0.0000 0.2944 0.1084
vt 0.1485 0.8834
vn -0.7670 0.0000 -0.6416
v 0.0174 0.2785 0.0875
vt 0.1500 0.8800
vn -0.7670 0.0000 -0.6416
v 0.0174 0.1378 0.0875
vt 0.1588 0.8443
vn -0.7670 0.0000 -0.6416
f 238/238/238 239/239/239 240/240/240 241/241/241
v 0.1219 0.0000 0.1084
vt 0.1832 0.8910
vn -0.5424 -0.5424 -0.6416
v -0.0000 0.1219 0.1084
vt 0.1587 0.8834
vn -0.5424 -0.5424 -0.6416
v 0.0235 0.1231 0.0875
vt 0.1606 0.8443
vn -0.5424 -0.5424 -0.6416
v 0.1230 0.0236 0.0875
vt 0.1819 0.8443
vn -0.5424 -0.5424 -0.6416
f 242/242/242 243/243/243 244/244/244 245/245/245
v 0.2785 0.0175 0.0875
vt 0.2057 0.8443
vn -0.0000 -0.7670 -0.6416
v 0.2943 0.0000 0.1084
vt 0.2092 0.8910
vn -0.0000 -0.7670 -0.6416
v 0.1219 0.0000 0.1084
vt 0.1832 0.8834
vn -0.0000 -0.7670 -0.6416
v 0.1378 0.0175 0.0875
vt 0.1845 0.8443
vn -0.0000 -0.7670 -0.6416
f 246/246/246 247/247/247 248/248/248 249/249/249
v 0.3927 0.1231 0.0875
vt 0.2163 0.8443
vn 0.5424 -0.5424 -0.6416
v 0.4163 0.1219 0.1084
vt 0.2200 0.8910
vn 0.5424 -0.5424 -0.6416
v 0.2943 0.0000 0.1084
vt 0.2077 0.8834
vn 0.5424 -0.5424 -0.6416
v 0.2932 0.0236 0.0875
vt 0.2075 0.8443
vn 0.5424 -0.5424 -0.6416
f 250/250/250 251/251/251 252/252/252 253/253/253
v 0.3488 0.1499 -0.2250
vt 0.5763 0.8120
vn 0.6419 -0.6419 -0.4194
v 0.3735 0.1309 -0.1582
vt 0.5815 0.8376
vn 0.6419 -0.6419 -0.4194
v 0.2854 0.0428 -0.1582
vt 0.5737 0.8376
vn 0.6419 -0.6419 -0.4194
v 0.2664 0.0675 -0.2250
vt 0.5700 0.8120
vn 0.6419 -0.6419 -0.4194
f 254/254/254 255/255/255 256/256/256 257/257/257
v 0.3988 0.2785 0.0875
vt 0.2075 0.8800
vn 0.7670 0.0000 -0.6416
v 0.4163 0.2944 0.1084
vt 0.2092 0.8910
vn 0.7670 0.0000 -0.6416
v 0.4163 0.1219 0.1084
vt 0.2178 0.8834
vn 0.7670 0.0000 -0.6416
v 0.3988 0.1378 0.0875
vt 0.2163 0.8443
vn 0.7670 0.0000 -0.6416
f 258/258/258 259/259/259 260/260/260 261/261/261
v 0.3488 0.2664 -0.2250
vt 0.5700 0.8525
vn 0.9078 0.0000 -0.4194
v 0.3797 0.2705 -0.1582
vt 0.5737 0.8913
vn 0.9078 0.0000 -0.4194
v 0.3797 0.1458 -0.1582
vt 0.5815 0.8243
vn 0.9078 0.0000 -0.4194
v 0.3488 0.1499 -0.2250
vt 0.5763 0.7991
vn 0.9078 0.0000 -0.4194
f 262/262/262 263/263/263 264/264/264 265/265/265
v 0.3988 0.2785 0.0875
vt 0.5760 0.9276
vn 1.0000 -0.0000 -0.0000
v 0.3988 0.1378 0.0875
vt 0.5848 0.8482
vn 1.0000 -0.0000 -0.0000
v 0.3988 0.1378 -0.0875
vt 0.5848 0.8353
vn 1.0000 -0.0000 -0.0000
v 0.3988 0.2785 -0.0875
vt 0.5760 0.9084
vn 1.0000 -0.0000 -0.0000
f 266/266/266 267/267/267 268/268/268 269/269/269
v 0.0235 0.2932 0.0875
vt 0.1500 0.8800
vn -0.5424 0.5424 -0.6416
v -0.0000 0.2944 0.1084
vt 0.1464 0.8910
vn -0.5424 0.5424 -0.6416
v 0.1219 0.4163 0.1084
vt 0.1587 0.8834
vn -0.5424 0.5424 -0.6416
v 0.1230 0.3927 0.0875
vt 0.1588 0.8800
vn -0.5424 0.5424 -0.6416
f 270/270/270 271/271/271 272/272/272 273/273/273
v 0.0674 0.2664 -0.2250
vt 0.5270 0.8318
vn -0.6419 0.6419 -0.4194
v 0.0428 0.2854 -0.1582
vt 0.5219 0.8700
vn -0.6419 0.6419 -0.4194
v 0.1309 0.3735 -0.1582
vt 0.5297 0.8700
vn -0.6419 0.6419 -0.4194
v 0.1499 0.3488 -0.2250
vt 0.5333 0.8318
vn -0.6419 0.6419 -0.4194
f 274/274/274 275/275/275 276/276/276 277/277/277
v 0.1230 0.0236 0.0875
vt 0.5504 0.8617
vn -0.7071 -0.7071 0.0000
v 0.0235 0.1231 0.0875
vt 0.5291 0.8617
vn -0.7071 -0.7071 0.0000
v 0.0235 0.1231 -0.0875
vt 0.5291 0.8488
vn -0.7071 -0.7071 0.0000
v 0.1230 0.0236 -0.0875
vt 0.5504 0.8488
vn -0.7071 -0.7071 0.0000
f 278/278/278 279/279/279 280/280/280 281/281/281
v 0.2785 0.0175 0.0875
vt 0.5742 0.8762
vn -0.0000 -1.0000 0.0000
v 0.1378 0.0175 0.0875
vt 0.5530 0.8482
vn -0.0000 -1.0000 0.0000
v 0.1378 0.0175 -0.0875
vt 0.5530 0.8353
vn -0.0000 -1.0000 0.0000
v 0.2785 0.0175 -0.0875
vt 0.5742 0.8633
vn -0.0000 -1.0000 0.0000
f 282/282/282 283/283/283 284/284/284 285/285/285
v 0.4163 0.2944 -0.1084
vt 0.2092 0.9547
vn 0.6746 0.2794 0.6832
v 0.3927 0.2932 -0.0875
vt 0.2057 0.9657
vn 0.5838 0.4393 0.6828
v 0.3958 0.2859 -0.0875
vt 0.2077 0.9623
vn 0.6329 0.2622 0.7285
f 286/286/286 287/287/287 288/288/288
v 0.2896 0.4048 -0.1508
vt 0.1832 0.9010
vn 0.6825 0.6825 -0.2613
v 0.2943 0.4163 -0.1084
vt 0.1832 0.9234
vn 0.6825 0.6825 -0.2613
v 0.4163 0.2944 -0.1084
vt 0.2092 0.9234
vn 0.6825 0.6825 -0.2613
v 0.4048 0.2896 -0.1508
vt 0.2078 0.9010
vn 0.6825 0.6825 -0.2613
f 289/289/289 290/290/290 291/291/291 292/292/292
v 0.3142 0.2521 -0.2250
vt 0.5649 0.8186
vn -0.0000 0.0000 -1.0000
v 0.2521 0.3142 -0.2250
vt 0.5517 0.8186
vn -0.0000 0.0000 -1.0000
v 0.2664 0.3488 -0.2250
vt 0.5530 0.8186
vn -0.0000 0.0000 -1.0000
v 0.3488 0.2664 -0.2250
vt 0.5685 0.8186
vn -0.0000 0.0000 -1.0000
f 293/293/293 294/294/294 295/295/295 296/296/296
v 0.1267 0.4048 -0.1508
vt 0.1586 0.9010
vn -0.0000 0.9653 -0.2613
v 0.1219 0.4163 -0.1084
vt 0.1572 0.9234
vn -0.0000 0.9653 -0.2613
v 0.2943 0.4163 -0.1084
vt 0.1832 0.9234
vn -0.0000 0.9653 -0.2613
v 0.2896 0.4048 -0.1508
vt 0.1832 0.9010
vn -0.0000 0.9653 -0.2613
f 297/297/297 298/298/298 299/299/299 300/300/300
v 0.1499 0.3488 -0.2250
vt 0.5352 0.8837
vn -0.0000 0.9078 -0.4194
v 0.1458 0.3797 -0.1582
vt 0.5316 0.9225
vn -0.0000 0.9078 -0.4194
v 0.2704 0.3797 -0.1582
vt 0.5504 0.8814
vn -0.0000 0.9078 -0.4194
v 0.2664 0.3488 -0.2250
vt 0.5504 0.8438
vn -0.0000 0.9078 -0.4194
f 301/301/301 302/302/302 303/303/303 304/304/304
v 0.4048 0.2896 -0.1508
vt 0.2078 0.9010
vn 0.9653 0.0000 -0.2613
v 0.4163 0.2944 -0.1084
vt 0.2092 0.9234
vn 0.9653 0.0000 -0.2613
v 0.4163 0.1219 -0.1084
vt 0.2200 0.9234
vn 0.9653 0.0000 -0.2613
v 0.4048 0.1267 -0.1508
vt 0.2179 0.9010
vn 0.9653 0.0000 -0.2613
f 305/305/305 306/306/306 307/307/307 308/308/308
v 0.3735 0.1309 0.1582
vt 0.5815 0.8729
vn 0.6419 -0.6419 0.4194
v 0.3488 0.1499 0.2250
vt 0.5763 0.8836
vn 0.6419 -0.6419 0.4194
v 0.2664 0.0675 0.2250
vt 0.5700 0.8836
vn 0.6419 -0.6419 0.4194
v 0.2854 0.0428 0.1582
vt 0.5737 0.8729
vn 0.6419 -0.6419 0.4194
f 309/309/309 310/310/310 311/311/311 312/312/312
v 0.4048 0.1267 -0.1508
vt 0.2179 0.9010
vn 0.6825 -0.6825 -0.2613
v 0.4163 0.1219 -0.1084
vt 0.2200 0.9234
vn 0.6825 -0.6825 -0.2613
v 0.2943 0.0000 -0.1084
vt 0.2092 0.9234
vn 0.6825 -0.6825 -0.2613
v 0.2896 0.0115 -0.1508
vt 0.2078 0.9010
vn 0.6825 -0.6825 -0.2613
f 313/313/313 314/314/314 315/315/315 316/316/316
v 0.2704 0.0366 0.1582
vt 0.5718 0.8872
vn 0.0000 -0.9078 0.4194
v 0.2664 0.0675 0.2250
vt 0.5682 0.8974
vn 0.0000 -0.9078 0.4194
v 0.1499 0.0675 0.2250
vt 0.5530 0.8707
vn 0.0000 -0.9078 0.4194
v 0.1458 0.0366 0.1582
vt 0.5530 0.8596
vn 0.0000 -0.9078 0.4194
f 317/317/317 318/318/318 319/319/319 320/320/320
v 0.2896 0.0115 -0.1508
vt 0.2078 0.9010
vn -0.0000 -0.9653 -0.2613
v 0.2943 0.0000 -0.1084
vt 0.2092 0.9234
vn -0.0000 -0.9653 -0.2613
v 0.1219 0.0000 -0.1084
vt 0.1832 0.9234
vn -0.0000 -0.9653 -0.2613
v 0.1267 0.0115 -0.1508
vt 0.1832 0.9010
vn -0.0000 -0.9653 -0.2613
f 321/321/321 322/322/322 323/323/323 324/324/324
v 0.1309 0.0428 0.1582
vt 0.5504 0.8729
vn -0.6419 -0.6419 0.4194
v 0.1499 0.0675 0.2250
vt 0.5504 0.8836
vn -0.6419 -0.6419 0.4194
v 0.0674 0.1499 0.2250
vt 0.5352 0.8836
vn -0.6419 -0.6419 0.4194
v 0.0428 0.1309 0.1582
vt 0.5316 0.8729
vn -0.6419 -0.6419 0.4194
f 325/325/325 326/326/326 327/327/327 328/328/328
v 0.1267 0.0115 -0.1508
vt 0.1832 0.9010
vn -0.6825 -0.6825 -0.2613
v 0.1219 0.0000 -0.1084
vt 0.1832 0.9234
vn -0.6825 -0.6825 -0.2613
v -0.0000 0.1219 -0.1084
vt 0.1572 0.9234
vn -0.6825 -0.6825 -0.2613
v 0.0114 0.1267 -0.1508
vt 0.1586 0.9010
vn -0.6825 -0.6825 -0.2613
f 329/329/329 330/330/330 331/331/331 332/332/332
v 0.0366 0.1458 0.1582
vt 0.5297 0.8872
vn -0.9078 0.0000 0.4194
v 0.0674 0.1499 0.2250
vt 0.5333 0.8974
vn -0.9078 0.0000 0.4194
v 0.0674 0.2664 0.2250
vt 0.5270 0.9194
vn -0.9078 0.0000 0.4194
v 0.0366 0.2705 0.1582
vt 0.5219 0.9029
vn -0.9078 0.0000 0.4194
f 333/333/333 334/334/334 335/335/335 336/336/336
v 0.0114 0.1267 -0.1508
vt 0.1586 0.9010
vn -0.9653 0.0000 -0.2613
v -0.0000 0.1219 -0.1084
vt 0.1572 0.9234
vn -0.9653 0.0000 -0.2613
v -0.0000 0.2944 -0.1084
vt 0.1464 0.9234
vn -0.9653 0.0000 -0.2613
v 0.0114 0.2896 -0.1508
vt 0.1484 0.9010
vn -0.9653 0.0000 -0.2613
f 337/337/337 338/338/338 339/339/339 340/340/340
v 0.0428 0.2854 0.1582
vt 0.5219 0.9540
vn -0.6419 0.6419 0.4194
v 0.0674 0.2664 0.2250
vt 0.5270 0.9699
vn -0.6419 0.6419 0.4194
v 0.1499 0.3488 0.2250
vt 0.5333 0.9699
vn -0.6419 0.6419 0.4194
v 0.1309 0.3735 0.1582
vt 0.5297 0.9540
vn -0.6419 0.6419 0.4194
f 341/341/341 342/342/342 343/343/343 344/344/344
v 0.0114 0.2896 -0.1508
vt 0.1484 0.9010
vn -0.6825 0.6825 -0.2613
v -0.0000 0.2944 -0.1084
vt 0.1464 0.9234
vn -0.6825 0.6825 -0.2613
v 0.1219 0.4163 -0.1084
vt 0.1572 0.9234
vn -0.6825 0.6825 -0.2613
v 0.1267 0.4048 -0.1508
vt 0.1586 0.9010
vn -0.6825 0.6825 -0.2613
f 345/345/345 346/346/346 347/347/347 348/348/348
v 0.1219 0.4163 0.1084
vt 0.1572 0.9223
vn 0.0000 0.9653 0.2613
v 0.1267 0.4048 0.1508
vt 0.1586 0.9447
vn 0.0000 0.9653 0.2613
v 0.2896 0.4048 0.1508
vt 0.1832 0.9447
vn 0.0000 0.9653 0.2613
v 0.2943 0.4163 0.1084
vt 0.1832 0.9223
vn 0.0000 0.9653 0.2613
f 349/349/349 350/350/350 351/351/351 352/352/352
v 0.4163 0.1219 0.1084
vt 0.2200 0.9223
vn 0.6825 -0.6825 0.2613
v 0.4048 0.1267 0.1508
vt 0.2179 0.9447
vn 0.6825 -0.6825 0.2613
v 0.2896 0.0115 0.1508
vt 0.2078 0.9447
vn 0.6825 -0.6825 0.2613
v 0.2943 0.0000 0.1084
vt 0.2092 0.9223
vn 0.6825 -0.6825 0.2613
f 353/353/353 354/354/354 355/355/355 356/356/356
v 0.2943 0.0000 0.1084
vt 0.2092 0.9223
vn 0.0000 -0.9653 0.2613
v 0.2896 0.0115 0.1508
vt 0.2078 0.9447
vn 0.0000 -0.9653 0.2613
v 0.1267 0.0115 0.1508
vt 0.1832 0.9447
vn 0.0000 -0.9653 0.2613
v 0.1219 0.0000 0.1084
vt 0.1832 0.9223
vn 0.0000 -0.9653 0.2613
f 357/357/357 358/358/358 359/359/359 360/360/360
v 0.1219 0.0000 0.1084
vt 0.1832 0.9223
vn -0.6825 -0.6825 0.2613
v 0.1267 0.0115 0.1508
vt 0.1832 0.9447
vn -0.6825 -0.6825 0.2613
v 0.0114 0.1267 0.1508
vt 0.1586 0.9447
vn -0.6825 -0.6825 0.2613
v -0.0000 0.1219 0.1084
vt 0.1572 0.9223
vn -0.6825 -0.6825 0.2613
f 361/361/361 362/362/362 363/363/363 364/364/364
v -0.0000 0.1219 0.1084
vt 0.1572 0.9223
vn -0.9653 -0.0000 0.2613
v 0.0114 0.1267 0.1508
vt 0.1586 0.9447
vn -0.9653 -0.0000 0.2613
v 0.0114 0.2896 0.1508
vt 0.1484 0.9447
vn -0.9653 -0.0000 0.2613
v -0.0000 0.2944 0.1084
vt 0.1464 0.9223
vn -0.9653 -0.0000 0.2613
f 365/365/365 366/366/366 367/367/367 368/368/368
v -0.0000 0.2944 0.1084
vt 0.1464 0.9223
vn -0.6825 0.6825 0.2613
v 0.0114 0.2896 0.1508
vt 0.1484 0.9447
vn -0.6825 0.6825 0.2613
v 0.1267 0.4048 0.1508
vt 0.1586 0.9447
vn -0.6825 0.6825 0.2613
v 0.1219 0.4163 0.1084
vt 0.1572 0.9223
vn -0.6825 0.6825 0.2613
f 369/369/369 370/370/370 371/371/371 372/372/372
v 0.4163 0.2944 0.1084
vt 0.2092 0.9223
vn 0.9653 0.0000 0.2613
v 0.4048 0.2896 0.1508
vt 0.2078 0.9447
vn 0.9653 0.0000 0.2613
v 0.4048 0.1267 0.1508
vt 0.2179 0.9447
vn 0.9653 0.0000 0.2613
v 0.4163 0.1219 0.1084
vt 0.2200 0.9223
vn 0.9653 0.0000 0.2613
f 373/373/373 374/374/374 375/375/375 376/376/376
v 0.2943 0.4163 0.1084
vt 0.1832 0.9223
vn 0.6825 0.6825 0.2613
v 0.2896 0.4048 0.1508
vt 0.1832 0.9447
vn 0.6825 0.6825 0.2613
v 0.4048 0.2896 0.1508
vt 0.2078 0.9447
vn 0.6825 0.6825 0.2613
v 0.4163 0.2944 0.1084
vt 0.2092 0.9223
vn 0.6825 0.6825 0.2613
f 377/377/377 378/378/378 379/379/379 380/380/380
v 0.1458 0.3797 0.1582
vt 0.5316 0.9753
vn 0.0000 0.9078 0.4194
v 0.1499 0.3488 0.2250
vt 0.5352 0.9905
vn 0.0000 0.9078 0.4194
v 0.2664 0.3488 0.2250
vt 0.5504 0.9506
vn 0.0000 0.9078 0.4194
v 0.2704 0.3797 0.1582
vt 0.5504 0.9342
vn 0.0000 0.9078 0.4194
f 381/381/381 382/382/382 383/383/383 384/384/384
v 0.2854 0.3735 0.1582
vt 0.5530 0.9540
vn 0.6419 0.6419 0.4194
v 0.2664 0.3488 0.2250
vt 0.5530 0.9699
vn 0.6419 0.6419 0.4194
v 0.3488 0.2664 0.2250
vt 0.5682 0.9699
vn 0.6419 0.6419 0.4194
v 0.3735 0.2854 0.1582
vt 0.5718 0.9540
vn 0.6419 0.6419 0.4194
f 385/385/385 386/386/386 387/387/387 388/388/388
v 0.2081 0.2082 -0.1847
vt 0.5517 0.8251
vn -0.0000 0.0000 -1.0000
v 0.2461 0.2999 -0.1847
vt 0.5517 0.8251
vn -0.0000 0.0000 -1.0000
v 0.2998 0.2461 -0.1847
vt 0.5631 0.8251
vn -0.0000 0.0000 -1.0000
f 389/389/389 390/390/390 391/391/391
v 0.2081 0.2082 -0.1847
vt 0.5517 0.8251
vn -0.0000 0.0000 -1.0000
v 0.2998 0.2461 -0.1847
vt 0.5631 0.8251
vn -0.0000 0.0000 -1.0000
v 0.2998 0.1702 -0.1847
vt 0.5679 0.8075
vn -0.0000 0.0000 -1.0000
f 392/392/392 393/393/393 394/394/394
v 0.2081 0.2082 -0.1847
vt 0.5517 0.8251
vn -0.0000 0.0000 -1.0000
v 0.2998 0.1702 -0.1847
vt 0.5679 0.8075
vn -0.0000 0.0000 -1.0000
v 0.2461 0.1164 -0.1847
vt 0.5631 0.8075
vn -0.0000 0.0000 -1.0000
f 395/395/395 396/396/396 397/397/397
v 0.2081 0.2082 -0.1847
vt 0.5517 0.8251
vn -0.0000 0.0000 -1.0000
v 0.2461 0.1164 -0.1847
vt 0.5631 0.8075
vn -0.0000 0.0000 -1.0000
v 0.1701 0.1164 -0.1847
vt 0.5517 0.8075
vn -0.0000 0.0000 -1.0000
f 398/398/398 399/399/399 400/400/400
v 0.2081 0.2082 -0.1847
vt 0.5517 0.8251
vn -0.0000 0.0000 -1.0000
v 0.1701 0.1164 -0.1847
vt 0.5517 0.8075
vn -0.0000 0.0000 -1.0000
v 0.1164 0.1702 -0.1847
vt 0.5402 0.8075
vn -0.0000 0.0000 -1.0000
f 401/401/401 402/402/402 403/403/403
v 0.2081 0.2082 -0.1847
vt 0.5517 0.8251
vn -0.0000 0.0000 -1.0000
v 0.1164 0.1702 -0.1847
vt 0.5402 0.8075
vn -0.0000 0.0000 -1.0000
v 0.1164 0.2461 -0.1847
vt 0.5355 0.8251
vn -0.0000 0.0000 -1.0000
f 404/404/404 405/405/405 406/406/406
v 0.2081 0.2082 -0.1847
vt 0.5517 0.8251
vn -0.0000 0.0000 -1.0000
v 0.1164 0.2461 -0.1847
vt 0.5355 0.8251
vn -0.0000 0.0000 -1.0000
v 0.1701 0.2999 -0.1847
vt 0.5402 0.8251
vn -0.0000 0.0000 -1.0000
f 407/407/407 408/408/408 409/409/409
v 0.2081 0.2082 -0.1847
vt 0.5517 0.8251
vn -0.0000 0.0000 -1.0000
v 0.1701 0.2999 -0.1847
vt 0.5402 0.8251
vn -0.0000 0.0000 -1.0000
v 0.2461 0.2999 -0.1847
vt 0.5517 0.8251
vn -0.0000 0.0000 -1.0000
f 410/410/410 411/411/411 412/412/412
v 0.2081 0.2082 0.1847
vt 0.5517 0.9792
vn 0.0000 -0.0000 1.0000
v 0.2998 0.2461 0.1847
vt 0.5631 0.9480
vn 0.0000 -0.0000 1.0000
v 0.2461 0.2999 0.1847
vt 0.5517 0.9480
vn 0.0000 -0.0000 1.0000
f 413/413/413 414/414/414 415/415/415
v 0.2081 0.2082 0.1847
vt 0.5517 0.9792
vn 0.0000 -0.0000 1.0000
v 0.2998 0.1702 0.1847
vt 0.5679 0.8898
vn 0.0000 -0.0000 1.0000
v 0.2998 0.2461 0.1847
vt 0.5631 0.9480
vn 0.0000 -0.0000 1.0000
f 416/416/416 417/417/417 418/418/418
v 0.2081 0.2082 0.1847
vt 0.5517 0.9792
vn 0.0000 -0.0000 1.0000
v 0.2461 0.1164 0.1847
vt 0.5631 0.8898
vn 0.0000 -0.0000 1.0000
v 0.2998 0.1702 0.1847
vt 0.5679 0.8898
vn 0.0000 -0.0000 1.0000
f 419/419/419 420/420/420 421/421/421
v 0.2081 0.2082 0.1847
vt 0.5517 0.9792
vn 0.0000 -0.0000 1.0000
v 0.1701 0.1164 0.1847
vt 0.5517 0.8898
vn 0.0000 -0.0000 1.0000
v 0.2461 0.1164 0.1847
vt 0.5631 0.8898
vn 0.0000 -0.0000 1.0000
f 422/422/422 423/423/423 424/424/424
v 0.2081 0.2082 0.1847
vt 0.5517 0.9792
vn 0.0000 -0.0000 1.0000
v 0.1164 0.1702 0.1847
vt 0.5402 0.8898
vn 0.0000 -0.0000 1.0000
v 0.1701 0.1164 0.1847
vt 0.5517 0.8898
vn 0.0000 -0.0000 1.0000
f 425/425/425 426/426/426 427/427/427
v 0.2081 0.2082 0.1847
vt 0.5517 0.9792
vn 0.0000 -0.0000 1.0000
v 0.1164 0.2461 0.1847
vt 0.5355 0.9480
vn 0.0000 -0.0000 1.0000
v 0.1164 0.1702 0.1847
vt 0.5402 0.8898
vn 0.0000 -0.0000 1.0000
f 428/428/428 429/429/429 430/430/430
v 0.2081 0.2082 0.1847
vt 0.5517 0.9792
vn 0.0000 -0.0000 1.0000
v 0.1701 0.2999 0.1847
vt 0.5402 0.9480
vn 0.0000 -0.0000 1.0000
v 0.1164 0.2461 0.1847
vt 0.5355 0.9480
vn 0.0000 -0.0000 1.0000
f 431/431/431 432/432/432 433/433/433
v 0.2081 0.2082 0.1847
vt 0.5517 0.9792
vn 0.0000 -0.0000 1.0000
v 0.2461 0.2999 0.1847
vt 0.5517 0.9480
vn 0.0000 -0.0000 1.0000
v 0.1701 0.2999 0.1847
vt 0.5402 0.9480
vn 0.0000 -0.0000 1.0000
f 434/434/434 435/435/435 436/436/436
v 0.1593 0.2630 0.2153
vt 0.3065 0.8906
vn 0.6378 0.7468 -0.1882
v 0.1894 0.2373 0.2153
vt 0.3127 0.8906
vn 0.6378 0.7468 -0.1882
v 0.1791 0.2348 0.1704
vt 0.3112 0.7992
vn 0.6378 0.7468 -0.1882
v 0.1585 0.2524 0.1704
vt 0.3070 0.7992
vn 0.6378 0.7468 -0.1882
f 437/437/437 438/438/438 439/439/439 440/440/440
v 0.1894 0.2373 0.2153
vt 0.3127 0.8906
vn 0.9074 -0.3758 -0.1882
v 0.1743 0.2008 0.2153
vt 0.3127 0.8906
vn 0.9074 -0.3758 -0.1882
v 0.1687 0.2098 0.1704
vt 0.3112 0.7992
vn 0.9074 -0.3758 -0.1882
v 0.1791 0.2348 0.1704
vt 0.3112 0.7992
vn 0.9074 -0.3758 -0.1882
f 441/441/441 442/442/442 443/443/443 444/444/444
v 0.1743 0.2008 0.2153
vt 0.3127 0.8906
vn -0.0771 -0.9791 -0.1882
v 0.1348 0.2039 0.2153
vt 0.3065 0.8906
vn -0.0771 -0.9791 -0.1882
v 0.1417 0.2120 0.1704
vt 0.3070 0.7992
vn -0.0771 -0.9791 -0.1882
v 0.1687 0.2098 0.1704
vt 0.3112 0.7992
vn -0.0771 -0.9791 -0.1882
f 445/445/445 446/446/446 447/447/447 448/448/448
v 0.1348 0.2039 0.2153
vt 0.3065 0.8906
vn -0.9550 -0.2293 -0.1882
v 0.1256 0.2423 0.2153
vt 0.3027 0.8906
vn -0.9550 -0.2293 -0.1882
v 0.1354 0.2383 0.1704
vt 0.3044 0.7992
vn -0.9550 -0.2293 -0.1882
v 0.1417 0.2120 0.1704
vt 0.3070 0.7992
vn -0.9550 -0.2293 -0.1882
f 449/449/449 450/450/450 451/451/451 452/452/452
v 0.1256 0.2423 0.2153
vt 0.3027 0.8906
vn -0.5132 0.8374 -0.1882
v 0.1593 0.2630 0.2153
vt 0.3065 0.8906
vn -0.5132 0.8374 -0.1882
v 0.1585 0.2524 0.1704
vt 0.3070 0.7992
vn -0.5132 0.8374 -0.1882
v 0.1354 0.2383 0.1704
vt 0.3044 0.7992
vn -0.5132 0.8374 -0.1882
f 453/453/453 454/454/454 455/455/455 456/456/456
v 0.1567 0.2295 0.2194
vt 0.3082 0.9929
vn 0.0000 -0.0000 1.0000
v 0.1593 0.2630 0.2153
vt 0.3065 0.9412
vn 0.0097 0.1233 0.9923
v 0.1256 0.2423 0.2153
vt 0.3027 0.9412
vn -0.1142 0.0473 0.9923
f 457/457/457 458/458/458 459/459/459
v 0.1567 0.2295 0.2194
vt 0.3082 0.9929
vn 0.0000 -0.0000 1.0000
v 0.1894 0.2373 0.2153
vt 0.3127 0.9412
vn 0.1202 0.0289 0.9923
v 0.1593 0.2630 0.2153
vt 0.3065 0.9412
vn 0.0097 0.1233 0.9923
f 460/460/460 461/461/461 462/462/462
v 0.1567 0.2295 0.2194
vt 0.3082 0.9929
vn 0.0000 -0.0000 1.0000
v 0.1743 0.2008 0.2153
vt 0.3127 0.9412
vn 0.0646 -0.1054 0.9923
v 0.1894 0.2373 0.2153
vt 0.3127 0.9412
vn 0.1202 0.0289 0.9923
f 463/463/463 464/464/464 465/465/465
v 0.1567 0.2295 0.2194
vt 0.3082 0.9929
vn 0.0000 -0.0000 1.0000
v 0.1348 0.2039 0.2153
vt 0.3065 0.9412
vn -0.0803 -0.0940 0.9923
v 0.1743 0.2008 0.2153
vt 0.3127 0.9412
vn 0.0646 -0.1054 0.9923
f 466/466/466 467/467/467 468/468/468
v 0.1567 0.2295 0.2194
vt 0.3082 0.9929
vn 0.0000 -0.0000 1.0000
v 0.1256 0.2423 0.2153
vt 0.3027 0.9412
vn -0.1142 0.0473 0.9923
v 0.1348 0.2039 0.2153
vt 0.3065 0.9412
vn -0.0803 -0.0940 0.9923
f 469/469/469 470/470/470 471/471/471
v 0.2932 0.3927 0.0875
vt 0.1843 0.8784
vn -0.1543 0.6594 -0.7358
v 0.2837 0.3905 0.0875
vt 0.1831 0.8800
vn -0.1543 0.6594 -0.7358
v 0.2943 0.4163 0.1084
vt 0.1832 0.8834
vn -0.1543 0.6594 -0.7358
f 472/472/472 473/473/473 474/474/474
v 0.2837 0.3905 0.0875
vt 0.1831 0.8800
vn 0.5754 0.3572 -0.7358
v 0.2785 0.3988 0.0875
vt 0.1819 0.8800
vn 0.5754 0.3572 -0.7358
v 0.2943 0.4163 0.1084
vt 0.1832 0.8834
vn 0.5754 0.3572 -0.7358
f 475/475/475 476/476/476 477/477/477
v 0.2785 0.3988 -0.0875
vt 0.1821 0.9673
vn 0.0000 -0.0000 1.0000
v 0.2837 0.3905 -0.0875
vt 0.1833 0.9657
vn 0.0000 -0.0000 1.0000
v 0.2858 0.3958 -0.0875
vt 0.1832 0.9623
vn 0.0000 -0.0000 1.0000
f 478/478/478 479/479/479 480/480/480
v 0.2837 0.3905 -0.0875
vt 0.1833 0.9657
vn 0.0000 -0.0000 1.0000
v 0.2932 0.3927 -0.0875
vt 0.1845 0.9657
vn 0.0000 -0.0000 1.0000
v 0.2858 0.3958 -0.0875
vt 0.1832 0.9623
vn 0.0000 -0.0000 1.0000
f 481/481/481 482/482/482 483/483/483
v 0.3927 0.2932 -0.0875
vt 0.2057 0.9657
vn 0.0000 -0.0000 1.0000
v 0.3905 0.2837 -0.0875
vt 0.2069 0.8719
vn 0.0000 -0.0000 1.0000
v 0.3958 0.2859 -0.0875
vt 0.2077 0.9623
vn 0.0000 -0.0000 1.0000
f 484/484/484 485/485/485 486/486/486
v 0.3905 0.2837 -0.0875
vt 0.2069 0.8719
vn 0.0000 -0.0000 1.0000
v 0.3988 0.2785 -0.0875
vt 0.2070 0.9657
vn 0.0000 -0.0000 1.0000
v 0.3958 0.2859 -0.0875
vt 0.2077 0.9623
vn 0.0000 -0.0000 1.0000
f 487/487/487 488/488/488 489/489/489
v 0.3988 0.2785 0.0875
vt 0.2078 0.8784
vn 0.3572 0.5754 -0.7358
v 0.3905 0.2837 0.0875
vt 0.2069 0.8800
vn 0.3572 0.5754 -0.7358
v 0.4163 0.2944 0.1084
vt 0.2077 0.8834
vn 0.3572 0.5754 -0.7358
f 490/490/490 491/491/491 492/492/492
v 0.3905 0.2837 0.0875
vt 0.2069 0.8800
vn 0.6594 -0.1543 -0.7358
v 0.3927 0.2932 0.0875
vt 0.2057 0.8800
vn 0.6594 -0.1543 -0.7358
v 0.4163 0.2944 0.1084
vt 0.2077 0.8834
vn 0.6594 -0.1543 -0.7358
f 493/493/493 494/494/494 495/495/495
v 0.3988 0.1378 -0.0875
vt 0.2169 0.9028
vn 0.0000 -0.0000 1.0000
v 0.3905 0.1326 -0.0875
vt 0.2168 0.8389
vn 0.0000 -0.0000 1.0000
v 0.3958 0.1304 -0.0875
vt 0.2178 0.9623
vn 0.0000 -0.0000 1.0000
f 496/496/496 497/497/497 498/498/498
v 0.3905 0.1326 -0.0875
vt 0.2168 0.8389
vn 0.0000 -0.0000 1.0000
v 0.3927 0.1231 -0.0875
vt 0.2163 0.9017
vn 0.0000 -0.0000 1.0000
v 0.3958 0.1304 -0.0875
vt 0.2178 0.9623
vn 0.0000 -0.0000 1.0000
f 499/499/499 500/500/500 501/501/501
v 0.3927 0.1231 0.0875
vt 0.2163 0.8443
vn 0.6594 0.1543 -0.7358
v 0.3905 0.1326 0.0875
vt 0.2168 0.8443
vn 0.6594 0.1543 -0.7358
v 0.4163 0.1219 0.1084
vt 0.2178 0.8834
vn 0.6594 0.1543 -0.7358
f 502/502/502 503/503/503 504/504/504
v 0.3905 0.1326 0.0875
vt 0.2168 0.8443
vn 0.3572 -0.5754 -0.7358
v 0.3988 0.1378 0.0875
vt 0.2169 0.8443
vn 0.3572 -0.5754 -0.7358
v 0.4163 0.1219 0.1084
vt 0.2178 0.8834
vn 0.3572 -0.5754 -0.7358
f 505/505/505 506/506/506 507/507/507
v 0.2932 0.0236 -0.0875
vt 0.2078 0.9028
vn 0.0000 -0.0000 1.0000
v 0.2837 0.0258 -0.0875
vt 0.2069 0.8389
vn 0.0000 -0.0000 1.0000
v 0.2858 0.0205 -0.0875
vt 0.2077 0.9623
vn 0.0000 -0.0000 1.0000
f 508/508/508 509/509/509 510/510/510
v 0.2837 0.0258 -0.0875
vt 0.2069 0.8389
vn 0.0000 -0.0000 1.0000
v 0.2785 0.0175 -0.0875
vt 0.2057 0.9017
vn 0.0000 -0.0000 1.0000
v 0.2858 0.0205 -0.0875
vt 0.2077 0.9623
vn 0.0000 -0.0000 1.0000
f 511/511/511 512/512/512 513/513/513
v 0.2785 0.0175 0.0875
vt 0.2057 0.8443
vn 0.5754 -0.3572 -0.7358
v 0.2837 0.0258 0.0875
vt 0.2069 0.8443
vn 0.5754 -0.3572 -0.7358
v 0.2943 0.0000 0.1084
vt 0.2077 0.8834
vn 0.5754 -0.3572 -0.7358
f 514/514/514 515/515/515 516/516/516
v 0.2837 0.0258 0.0875
vt 0.2069 0.8443
vn -0.1543 -0.6594 -0.7358
v 0.2932 0.0236 0.0875
vt 0.2070 0.8443
vn -0.1543 -0.6594 -0.7358
v 0.2943 0.0000 0.1084
vt 0.2077 0.8834
vn -0.1543 -0.6594 -0.7358
f 517/517/517 518/518/518 519/519/519
v 0.1378 0.0175 -0.0875
vt 0.1843 0.9028
vn 0.0000 -0.0000 1.0000
v 0.1326 0.0258 -0.0875
vt 0.1831 0.8389
vn 0.0000 -0.0000 1.0000
v 0.1304 0.0205 -0.0875
vt 0.1832 0.9623
vn 0.0000 -0.0000 1.0000
f 520/520/520 521/521/521 522/522/522
v 0.1326 0.0258 -0.0875
vt 0.1831 0.8389
vn 0.0000 -0.0000 1.0000
v 0.1230 0.0236 -0.0875
vt 0.1819 0.9017
vn 0.0000 -0.0000 1.0000
v 0.1304 0.0205 -0.0875
vt 0.1832 0.9623
vn 0.0000 -0.0000 1.0000
f 523/523/523 524/524/524 525/525/525
v 0.1230 0.0236 0.0875
vt 0.1819 0.8443
vn 0.1543 -0.6594 -0.7358
v 0.1326 0.0258 0.0875
vt 0.1831 0.8443
vn 0.1543 -0.6594 -0.7358
v 0.1219 0.0000 0.1084
vt 0.1832 0.8834
vn 0.1543 -0.6594 -0.7358
f 526/526/526 527/527/527 528/528/528
v 0.1326 0.0258 0.0875
vt 0.1831 0.8443
vn -0.5754 -0.3572 -0.7358
v 0.1378 0.0175 0.0875
vt 0.1832 0.8443
vn -0.5754 -0.3572 -0.7358
v 0.1219 0.0000 0.1084
vt 0.1832 0.8834
vn -0.5754 -0.3572 -0.7358
f 529/529/529 530/530/530 531/531/531
v 0.0235 0.1231 -0.0875
vt 0.1606 0.9017
vn 0.0000 -0.0000 1.0000
v 0.0258 0.1326 -0.0875
vt 0.1595 0.8389
vn 0.0000 -0.0000 1.0000
v 0.0205 0.1304 -0.0875
vt 0.1587 0.9623
vn 0.0000 -0.0000 1.0000
f 532/532/532 533/533/533 534/534/534
v 0.0258 0.1326 -0.0875
vt 0.1595 0.8389
vn 0.0000 -0.0000 1.0000
v 0.0174 0.1378 -0.0875
vt 0.1593 0.9017
vn 0.0000 -0.0000 1.0000
v 0.0205 0.1304 -0.0875
vt 0.1587 0.9623
vn 0.0000 -0.0000 1.0000
f 535/535/535 536/536/536 537/537/537
v 0.0174 0.1378 0.0875
vt 0.1588 0.8443
vn -0.3572 -0.5754 -0.7358
v 0.0258 0.1326 0.0875
vt 0.1593 0.8443
vn -0.3572 -0.5754 -0.7358
v -0.0000 0.1219 0.1084
vt 0.1587 0.8834
vn -0.3572 -0.5754 -0.7358
f 538/538/538 539/539/539 540/540/540
v 0.0258 0.1326 0.0875
vt 0.1593 0.8443
vn -0.6594 0.1543 -0.7358
v 0.0235 0.1231 0.0875
vt 0.1593 0.8443
vn -0.6594 0.1543 -0.7358
v -0.0000 0.1219 0.1084
vt 0.1587 0.8834
vn -0.6594 0.1543 -0.7358
f 541/541/541 542/542/542 543/543/543
v 0.0174 0.2785 -0.0875
vt 0.1495 0.9673
vn 0.0000 -0.0000 1.0000
v 0.0258 0.2837 -0.0875
vt 0.1495 0.8719
vn 0.0000 -0.0000 1.0000
v 0.0205 0.2859 -0.0875
vt 0.1485 0.9623
vn 0.0000 -0.0000 1.0000
f 544/544/544 545/545/545 546/546/546
v 0.0258 0.2837 -0.0875
vt 0.1495 0.8719
vn 0.0000 -0.0000 1.0000
v 0.0235 0.2932 -0.0875
vt 0.1500 0.9657
vn 0.0000 -0.0000 1.0000
v 0.0205 0.2859 -0.0875
vt 0.1485 0.9623
vn 0.0000 -0.0000 1.0000
f 547/547/547 548/548/548 549/549/549
v 0.0235 0.2932 0.0875
vt 0.1500 0.8800
vn -0.6594 -0.1543 -0.7358
v 0.0258 0.2837 0.0875
vt 0.1495 0.8800
vn -0.6594 -0.1543 -0.7358
v -0.0000 0.2944 0.1084
vt 0.1485 0.8834
vn -0.6594 -0.1543 -0.7358
f 550/550/550 551/551/551 552/552/552
v 0.0258 0.2837 0.0875
vt 0.1495 0.8800
vn -0.3572 0.5754 -0.7358
v 0.0174 0.2785 0.0875
vt 0.1495 0.8800
vn -0.3572 0.5754 -0.7358
v -0.0000 0.2944 0.1084
vt 0.1485 0.8834
vn -0.3572 0.5754 -0.7358
f 553/553/553 554/554/554 555/555/555
v 0.1230 0.3927 -0.0875
vt 0.1588 0.9657
vn 0.0000 -0.0000 1.0000
v 0.1326 0.3905 -0.0875
vt 0.1593 0.8719
vn 0.0000 -0.0000 1.0000
v 0.1304 0.3958 -0.0875
vt 0.1587 0.9623
vn 0.0000 -0.0000 1.0000
f 556/556/556 557/557/557 558/558/558
v 0.1326 0.3905 -0.0875
vt 0.1593 0.8719
vn 0.0000 -0.0000 1.0000
v 0.1378 0.3988 -0.0875
vt 0.1593 0.9657
vn 0.0000 -0.0000 1.0000
v 0.1304 0.3958 -0.0875
vt 0.1587 0.9623
vn 0.0000 -0.0000 1.0000
f 559/559/559 560/560/560 561/561/561
v 0.1378 0.3988 0.0875
vt 0.1601 0.8784
vn -0.5754 0.3572 -0.7358
v 0.1326 0.3905 0.0875
vt 0.1593 0.8800
vn -0.5754 0.3572 -0.7358
v 0.1219 0.4163 0.1084
vt 0.1587 0.8834
vn -0.5754 0.3572 -0.7358
f 562/562/562 563/563/563 564/564/564
v 0.1326 0.3905 0.0875
vt 0.1593 0.8800
vn 0.1543 0.6594 -0.7358
v 0.1230 0.3927 0.0875
vt 0.1588 0.8800
vn 0.1543 0.6594 -0.7358
v 0.1219 0.4163 0.1084
vt 0.1587 0.8834
vn 0.1543 0.6594 -0.7358
f 565/565/565 566/566/566 567/567/567
v 0.2704 0.3797 0.1582
vt 0.5504 0.9029
vn 0.7723 0.5576 0.3043
v 0.2664 0.3488 0.2250
vt 0.5517 0.9159
vn 0.7723 0.5576 0.3043
v 0.2760 0.3720 0.1582
vt 0.5517 0.8065
vn 0.7723 0.5576 0.3043
f 568/568/568 569/569/569 570/570/570
v 0.2760 0.3720 0.1582
vt 0.5517 0.8292
vn -0.1518 0.9404 0.3043
v 0.2664 0.3488 0.2250
vt 0.5530 0.9386
vn -0.1518 0.9404 0.3043
v 0.2854 0.3735 0.1582
vt 0.5530 0.9228
vn -0.1518 0.9404 0.3043
f 571/571/571 572/572/572 573/573/573
v 0.3797 0.2705 -0.1582
vt 0.5737 0.8913
vn 0.5576 0.7723 -0.3043
v 0.3488 0.2664 -0.2250
vt 0.5695 0.8560
vn 0.5576 0.7723 -0.3043
v 0.3720 0.2760 -0.1582
vt 0.5731 0.8000
vn 0.5576 0.7723 -0.3043
f 574/574/574 575/575/575 576/576/576
v 0.3720 0.2760 -0.1582
vt 0.5731 0.7759
vn 0.9404 -0.1518 -0.3043
v 0.3488 0.2664 -0.2250
vt 0.5682 0.8318
vn 0.9404 -0.1518 -0.3043
v 0.3735 0.2854 -0.1582
vt 0.5718 0.8700
vn 0.9404 -0.1518 -0.3043
f 577/577/577 578/578/578 579/579/579
v 0.3735 0.1309 -0.1582
vt 0.5815 0.8376
vn 0.9404 0.1518 -0.3043
v 0.3488 0.1499 -0.2250
vt 0.5769 0.8120
vn 0.9404 0.1518 -0.3043
v 0.3720 0.1403 -0.1582
vt 0.5819 0.7745
vn 0.9404 0.1518 -0.3043
f 580/580/580 581/581/581 582/582/582
v 0.3720 0.1403 -0.1582
vt 0.5819 0.7593
vn 0.5576 -0.7723 -0.3043
v 0.3488 0.1499 -0.2250
vt 0.5763 0.7991
vn 0.5576 -0.7723 -0.3043
v 0.3797 0.1458 -0.1582
vt 0.5815 0.8243
vn 0.5576 -0.7723 -0.3043
f 583/583/583 584/584/584 585/585/585
v 0.2704 0.0366 -0.1582
vt 0.5718 0.8518
vn 0.7723 -0.5576 -0.3043
v 0.2664 0.0675 -0.2250
vt 0.5695 0.8282
vn 0.7723 -0.5576 -0.3043
v 0.2760 0.0443 -0.1582
vt 0.5731 0.7907
vn 0.7723 -0.5576 -0.3043
f 586/586/586 587/587/587 588/588/588
v 0.2760 0.0443 -0.1582
vt 0.5731 0.7745
vn -0.1518 -0.9404 -0.3043
v 0.2664 0.0675 -0.2250
vt 0.5700 0.8120
vn -0.1518 -0.9404 -0.3043
v 0.2854 0.0428 -0.1582
vt 0.5737 0.8376
vn -0.1518 -0.9404 -0.3043
f 589/589/589 590/590/590 591/591/591
v 0.1309 0.0428 -0.1582
vt 0.5504 0.8376
vn 0.1518 -0.9404 -0.3043
v 0.1499 0.0675 -0.2250
vt 0.5517 0.8120
vn 0.1518 -0.9404 -0.3043
v 0.1403 0.0443 -0.1582
vt 0.5517 0.7745
vn 0.1518 -0.9404 -0.3043
f 592/592/592 593/593/593 594/594/594
v 0.1403 0.0443 -0.1582
vt 0.5517 0.7593
vn -0.7723 -0.5576 -0.3043
v 0.1499 0.0675 -0.2250
vt 0.5530 0.7991
vn -0.7723 -0.5576 -0.3043
v 0.1458 0.0366 -0.1582
vt 0.5530 0.8243
vn -0.7723 -0.5576 -0.3043
f 595/595/595 596/596/596 597/597/597
v 0.0366 0.1458 -0.1582
vt 0.5297 0.8518
vn -0.5576 -0.7723 -0.3043
v 0.0674 0.1499 -0.2250
vt 0.5339 0.8282
vn -0.5576 -0.7723 -0.3043
v 0.0443 0.1403 -0.1582
vt 0.5303 0.7907
vn -0.5576 -0.7723 -0.3043
f 598/598/598 599/599/599 600/600/600
v 0.0443 0.1403 -0.1582
vt 0.5303 0.7745
vn -0.9404 0.1518 -0.3043
v 0.0674 0.1499 -0.2250
vt 0.5352 0.8120
vn -0.9404 0.1518 -0.3043
v 0.0428 0.1309 -0.1582
vt 0.5316 0.8376
vn -0.9404 0.1518 -0.3043
f 601/601/601 602/602/602 603/603/603
v 0.0428 0.2854 -0.1582
vt 0.5219 0.8700
vn -0.9404 -0.1518 -0.3043
v 0.0674 0.2664 -0.2250
vt 0.5265 0.8318
vn -0.9404 -0.1518 -0.3043
v 0.0443 0.2760 -0.1582
vt 0.5214 0.7759
vn -0.9404 -0.1518 -0.3043
f 604/604/604 605/605/605 606/606/606
v 0.0443 0.2760 -0.1582
vt 0.5214 0.7531
vn -0.5576 0.7723 -0.3043
v 0.0674 0.2664 -0.2250
vt 0.5270 0.8126
vn -0.5576 0.7723 -0.3043
v 0.0366 0.2705 -0.1582
vt 0.5219 0.8502
vn -0.5576 0.7723 -0.3043
f 607/607/607 608/608/608 609/609/609
v 0.1458 0.3797 -0.1582
vt 0.5316 0.8913
vn -0.7723 0.5576 -0.3043
v 0.1499 0.3488 -0.2250
vt 0.5339 0.8560
vn -0.7723 0.5576 -0.3043
v 0.1403 0.3720 -0.1582
vt 0.5303 0.8000
vn -0.7723 0.5576 -0.3043
f 610/610/610 611/611/611 612/612/612
v 0.1403 0.3720 -0.1582
vt 0.5303 0.7759
vn 0.1518 0.9404 -0.3043
v 0.1499 0.3488 -0.2250
vt 0.5333 0.8318
vn 0.1518 0.9404 -0.3043
v 0.1309 0.3735 -0.1582
vt 0.5297 0.8700
vn 0.1518 0.9404 -0.3043
f 613/613/613 614/614/614 615/615/615
v 0.2664 0.3488 -0.2250
vt 0.5504 0.8126
vn 0.7723 0.5576 -0.3043
v 0.2704 0.3797 -0.1582
vt 0.5504 0.8502
vn 0.7723 0.5576 -0.3043
v 0.2760 0.3720 -0.1582
vt 0.5517 0.7531
vn 0.7723 0.5576 -0.3043
f 616/616/616 617/617/617 618/618/618
v 0.2664 0.3488 -0.2250
vt 0.5517 0.8318
vn -0.1518 0.9404 -0.3043
v 0.2760 0.3720 -0.1582
vt 0.5517 0.7759
vn -0.1518 0.9404 -0.3043
v 0.2854 0.3735 -0.1582
vt 0.5530 0.8700
vn -0.1518 0.9404 -0.3043
f 619/619/619 620/620/620 621/621/621
v 0.3488 0.2664 0.2250
vt 0.5700 0.9593
vn 0.5576 0.7723 0.3043
v 0.3797 0.2705 0.1582
vt 0.5737 0.9440
vn 0.5576 0.7723 0.3043
v 0.3720 0.2760 0.1582
vt 0.5731 0.8533
vn 0.5576 0.7723 0.3043
f 622/622/622 623/623/623 624/624/624
v 0.3488 0.2664 0.2250
vt 0.5695 0.9386
vn 0.9404 -0.1518 0.3043
v 0.3720 0.2760 0.1582
vt 0.5731 0.8292
vn 0.9404 -0.1518 0.3043
v 0.3735 0.2854 0.1582
vt 0.5718 0.9228
vn 0.9404 -0.1518 0.3043
f 625/625/625 626/626/626 627/627/627
v 0.3488 0.1499 0.2250
vt 0.5763 0.8836
vn 0.9404 0.1518 0.3043
v 0.3735 0.1309 0.1582
vt 0.5815 0.8729
vn 0.9404 0.1518 0.3043
v 0.3720 0.1403 0.1582
vt 0.5819 0.8102
vn 0.9404 0.1518 0.3043
f 628/628/628 629/629/629 630/630/630
v 0.3488 0.1499 0.2250
vt 0.5769 0.8683
vn 0.5576 -0.7723 0.3043
v 0.3720 0.1403 0.1582
vt 0.5819 0.7950
vn 0.5576 -0.7723 0.3043
v 0.3797 0.1458 0.1582
vt 0.5815 0.8596
vn 0.5576 -0.7723 0.3043
f 631/631/631 632/632/632 633/633/633
v 0.2664 0.0675 0.2250
vt 0.5682 0.8974
vn 0.7723 -0.5576 0.3043
v 0.2704 0.0366 0.1582
vt 0.5718 0.8872
vn 0.7723 -0.5576 0.3043
v 0.2760 0.0443 0.1582
vt 0.5731 0.8264
vn 0.7723 -0.5576 0.3043
f 634/634/634 635/635/635 636/636/636
v 0.2664 0.0675 0.2250
vt 0.5695 0.8836
vn -0.1518 -0.9404 0.3043
v 0.2760 0.0443 0.1582
vt 0.5731 0.8102
vn -0.1518 -0.9404 0.3043
v 0.2854 0.0428 0.1582
vt 0.5737 0.8729
vn -0.1518 -0.9404 0.3043
f 637/637/637 638/638/638 639/639/639
v 0.1499 0.0675 0.2250
vt 0.5504 0.8836
vn 0.1518 -0.9404 0.3043
v 0.1309 0.0428 0.1582
vt 0.5504 0.8729
vn 0.1518 -0.9404 0.3043
v 0.1403 0.0443 0.1582
vt 0.5517 0.8102
vn 0.1518 -0.9404 0.3043
f 640/640/640 641/641/641 642/642/642
v 0.1499 0.0675 0.2250
vt 0.5517 0.8683
vn -0.7723 -0.5576 0.3043
v 0.1403 0.0443 0.1582
vt 0.5517 0.7950
vn -0.7723 -0.5576 0.3043
v 0.1458 0.0366 0.1582
vt 0.5530 0.8596
vn -0.7723 -0.5576 0.3043
f 643/643/643 644/644/644 645/645/645
v 0.0674 0.1499 0.2250
vt 0.5333 0.8974
vn -0.5576 -0.7723 0.3043
v 0.0366 0.1458 0.1582
vt 0.5297 0.8872
vn -0.5576 -0.7723 0.3043
v 0.0443 0.1403 0.1582
vt 0.5303 0.8264
vn -0.5576 -0.7723 0.3043
f 646/646/646 647/647/647 648/648/648
v 0.0674 0.1499 0.2250
vt 0.5339 0.8836
vn -0.9404 0.1518 0.3043
v 0.0443 0.1403 0.1582
vt 0.5303 0.8102
vn -0.9404 0.1518 0.3043
v 0.0428 0.1309 0.1582
vt 0.5316 0.8729
vn -0.9404 0.1518 0.3043
f 649/649/649 650/650/650 651/651/651
v 0.0674 0.2664 0.2250
vt 0.5270 0.9386
vn -0.9404 -0.1518 0.3043
v 0.0428 0.2854 0.1582
vt 0.5219 0.9228
vn -0.9404 -0.1518 0.3043
v 0.0443 0.2760 0.1582
vt 0.5214 0.8292
vn -0.9404 -0.1518 0.3043
f 652/652/652 653/653/653 654/654/654
v 0.0674 0.2664 0.2250
vt 0.5265 0.9159
vn -0.5576 0.7723 0.3043
v 0.0443 0.2760 0.1582
vt 0.5214 0.8065
vn -0.5576 0.7723 0.3043
v 0.0366 0.2705 0.1582
vt 0.5219 0.9029
vn -0.5576 0.7723 0.3043
f 655/655/655 656/656/656 657/657/657
v 0.1499 0.3488 0.2250
vt 0.5352 0.9593
vn -0.7723 0.5576 0.3043
v 0.1458 0.3797 0.1582
vt 0.5316 0.9440
vn -0.7723 0.5576 0.3043
v 0.1403 0.3720 0.1582
vt 0.5303 0.8533
vn -0.7723 0.5576 0.3043
f 658/658/658 659/659/659 660/660/660
v 0.1499 0.3488 0.2250
vt 0.5339 0.9386
vn 0.1518 0.9404 0.3043
v 0.1403 0.3720 0.1582
vt 0.5303 0.8292
vn 0.1518 0.9404 0.3043
v 0.1309 0.3735 0.1582
vt 0.5297 0.9228
vn 0.1518 0.9404 0.3043
f 661/661/661 662/662/662 663/663/663
v 0.1230 0.3927 -0.0875
vt 0.5273 0.8868
vn 0.2278 0.9737 0.0000
v 0.1230 0.3927 0.0875
vt 0.5273 0.9060
vn 0.2278 0.9737 0.0000
v 0.1326 0.3905 0.0875
vt 0.5278 0.8122
vn 0.2278 0.9737 0.0000
v 0.1326 0.3905 -0.0875
vt 0.5278 0.7931
vn 0.2278 0.9737 0.0000
f 664/664/664 665/665/665 666/666/666 667/667/667
v 0.1326 0.3905 -0.0875
vt 0.5278 0.8172
vn -0.8496 0.5274 0.0000
v 0.1326 0.3905 0.0875
vt 0.5278 0.8364
vn -0.8496 0.5274 0.0000
v 0.1378 0.3988 0.0875
vt 0.5291 0.9276
vn -0.8496 0.5274 0.0000
v 0.1378 0.3988 -0.0875
vt 0.5291 0.9084
vn -0.8496 0.5274 0.0000
f 668/668/668 669/669/669 670/670/670 671/671/671
v 0.2932 0.3927 0.0875
vt 0.5530 0.9060
vn -0.2278 0.9737 0.0000
v 0.2932 0.3927 -0.0875
vt 0.5530 0.8868
vn -0.2278 0.9737 0.0000
v 0.2837 0.3905 -0.0875
vt 0.5517 0.8868
vn -0.2278 0.9737 0.0000
v 0.2837 0.3905 0.0875
vt 0.5517 0.7966
vn -0.2278 0.9737 0.0000
f 672/672/672 673/673/673 674/674/674 675/675/675
v 0.2837 0.3905 0.0875
vt 0.5517 0.7739
vn 0.8496 0.5274 0.0000
v 0.2837 0.3905 -0.0875
vt 0.5517 0.8641
vn 0.8496 0.5274 0.0000
v 0.2785 0.3988 -0.0875
vt 0.5504 0.8666
vn 0.8496 0.5274 0.0000
v 0.2785 0.3988 0.0875
vt 0.5504 0.8858
vn 0.8496 0.5274 0.0000
f 676/676/676 677/677/677 678/678/678 679/679/679
v 0.0174 0.2785 -0.0875
vt 0.5185 0.8666
vn -0.5274 0.8496 0.0000
v 0.0174 0.2785 0.0875
vt 0.5185 0.8858
vn -0.5274 0.8496 0.0000
v 0.0258 0.2837 0.0875
vt 0.5180 0.7895
vn -0.5274 0.8496 0.0000
v 0.0258 0.2837 -0.0875
vt 0.5180 0.7703
vn -0.5274 0.8496 0.0000
f 680/680/680 681/681/681 682/682/682 683/683/683
v 0.0258 0.2837 -0.0875
vt 0.5180 0.7931
vn -0.9737 -0.2278 0.0000
v 0.0258 0.2837 0.0875
vt 0.5180 0.8122
vn -0.9737 -0.2278 0.0000
v 0.0235 0.2932 0.0875
vt 0.5185 0.9060
vn -0.9737 -0.2278 0.0000
v 0.0235 0.2932 -0.0875
vt 0.5185 0.8868
vn -0.9737 -0.2278 0.0000
f 684/684/684 685/685/685 686/686/686 687/687/687
v 0.0235 0.1231 -0.0875
vt 0.5291 0.8488
vn -0.9737 0.2278 0.0000
v 0.0235 0.1231 0.0875
vt 0.5291 0.8617
vn -0.9737 0.2278 0.0000
v 0.0258 0.1326 0.0875
vt 0.5278 0.7989
vn -0.9737 0.2278 0.0000
v 0.0258 0.1326 -0.0875
vt 0.5278 0.7860
vn -0.9737 0.2278 0.0000
f 688/688/688 689/689/689 690/690/690 691/691/691
v 0.0258 0.1326 -0.0875
vt 0.5278 0.8022
vn -0.5274 -0.8496 0.0000
v 0.0258 0.1326 0.0875
vt 0.5278 0.8151
vn -0.5274 -0.8496 0.0000
v 0.0174 0.1378 0.0875
vt 0.5273 0.8762
vn -0.5274 -0.8496 0.0000
v 0.0174 0.1378 -0.0875
vt 0.5273 0.8633
vn -0.5274 -0.8496 0.0000
f 692/692/692 693/693/693 694/694/694 695/695/695
v 0.1378 0.0175 -0.0875
vt 0.5530 0.8353
vn -0.8496 -0.5274 0.0000
v 0.1378 0.0175 0.0875
vt 0.5530 0.8482
vn -0.8496 -0.5274 0.0000
v 0.1326 0.0258 0.0875
vt 0.5517 0.7836
vn -0.8496 -0.5274 0.0000
v 0.1326 0.0258 -0.0875
vt 0.5517 0.7708
vn -0.8496 -0.5274 0.0000
f 696/696/696 697/697/697 698/698/698 699/699/699
v 0.1326 0.0258 -0.0875
vt 0.5517 0.7860
vn 0.2278 -0.9737 -0.0000
v 0.1326 0.0258 0.0875
vt 0.5517 0.7989
vn 0.2278 -0.9737 -0.0000
v 0.1230 0.0236 0.0875
vt 0.5504 0.8617
vn 0.2278 -0.9737 -0.0000
v 0.1230 0.0236 -0.0875
vt 0.5504 0.8488
vn 0.2278 -0.9737 -0.0000
f 700/700/700 701/701/701 702/702/702 703/703/703
v 0.2932 0.0236 -0.0875
vt 0.5760 0.8488
vn -0.2278 -0.9737 0.0000
v 0.2932 0.0236 0.0875
vt 0.5760 0.8617
vn -0.2278 -0.9737 0.0000
v 0.2837 0.0258 0.0875
vt 0.5755 0.7989
vn -0.2278 -0.9737 0.0000
v 0.2837 0.0258 -0.0875
vt 0.5755 0.7860
vn -0.2278 -0.9737 0.0000
f 704/704/704 705/705/705 706/706/706 707/707/707
v 0.2837 0.0258 -0.0875
vt 0.5755 0.8022
vn 0.8496 -0.5274 -0.0000
v 0.2837 0.0258 0.0875
vt 0.5755 0.8151
vn 0.8496 -0.5274 -0.0000
v 0.2785 0.0175 0.0875
vt 0.5742 0.8762
vn 0.8496 -0.5274 -0.0000
v 0.2785 0.0175 -0.0875
vt 0.5742 0.8633
vn 0.8496 -0.5274 -0.0000
f 708/708/708 709/709/709 710/710/710 711/711/711
v 0.3988 0.1378 -0.0875
vt 0.5848 0.8353
vn 0.5274 -0.8496 0.0000
v 0.3988 0.1378 0.0875
vt 0.5848 0.8482
vn 0.5274 -0.8496 0.0000
v 0.3905 0.1326 0.0875
vt 0.5854 0.7836
vn 0.5274 -0.8496 0.0000
v 0.3905 0.1326 -0.0875
vt 0.5854 0.7708
vn 0.5274 -0.8496 0.0000
f 712/712/712 713/713/713 714/714/714 715/715/715
v 0.3905 0.1326 -0.0875
vt 0.5854 0.7860
vn 0.9737 0.2278 0.0000
v 0.3905 0.1326 0.0875
vt 0.5854 0.7989
vn 0.9737 0.2278 0.0000
v 0.3927 0.1231 0.0875
vt 0.5848 0.8617
vn 0.9737 0.2278 0.0000
v 0.3927 0.1231 -0.0875
vt 0.5848 0.8488
vn 0.9737 0.2278 0.0000
f 716/716/716 717/717/717 718/718/718 719/719/719
v 0.3927 0.2932 -0.0875
vt 0.5742 0.8868
vn 0.9737 -0.2278 -0.0000
v 0.3927 0.2932 0.0875
vt 0.5742 0.9060
vn 0.9737 -0.2278 -0.0000
v 0.3905 0.2837 0.0875
vt 0.5755 0.8122
vn 0.9737 -0.2278 -0.0000
v 0.3905 0.2837 -0.0875
vt 0.5755 0.7931
vn 0.9737 -0.2278 -0.0000
f 720/720/720 721/721/721 722/722/722 723/723/723
v 0.3905 0.2837 -0.0875
vt 0.5755 0.8172
vn 0.5274 0.8496 -0.0000
v 0.3905 0.2837 0.0875
vt 0.5755 0.8364
vn 0.5274 0.8496 -0.0000
v 0.3988 0.2785 0.0875
vt 0.5760 0.9276
vn 0.5274 0.8496 -0.0000
v 0.3988 0.2785 -0.0875
vt 0.5760 0.9084
vn 0.5274 0.8496 -0.0000
f 724/724/724 725/725/725 726/726/726 727/727/727
v 0.2664 0.3488 -0.2250
vt 0.5530 0.8631
vn 0.6419 0.6419 -0.4194
v 0.2854 0.3735 -0.1582
vt 0.5530 0.9013
vn 0.6419 0.6419 -0.4194
v 0.3735 0.2854 -0.1582
vt 0.5718 0.9013
vn 0.6419 0.6419 -0.4194
v 0.3488 0.2664 -0.2250
vt 0.5682 0.8631
vn 0.6419 0.6419 -0.4194
f 728/728/728 729/729/729 730/730/730 731/731/731
v 0.1304 0.0205 -0.0875
vt 0.1832 0.9623
vn -0.2622 -0.6329 0.7285
v 0.1230 0.0236 -0.0875
vt 0.1819 0.9017
vn -0.4393 -0.5838 0.6827
v 0.1219 0.0000 -0.1084
vt 0.1832 0.9547
vn -0.2794 -0.6746 0.6832
f 732/732/732 733/733/733 734/734/734
v 0.2785 0.0175 -0.0875
vt 0.2057 0.9017
vn 0.1022 -0.7235 0.6828
v 0.1378 0.0175 -0.0875
vt 0.1845 0.9017
vn -0.1021 -0.7235 0.6827
v 0.1219 0.0000 -0.1084
vt 0.1832 0.9547
vn -0.2794 -0.6746 0.6832
v 0.2943 0.0000 -0.1084
vt 0.2092 0.9547
vn 0.2794 -0.6746 0.6832
f 735/735/735 736/736/736 737/737/737 738/738/738
v 0.2858 0.0205 -0.0875
vt 0.2077 0.9623
vn 0.2622 -0.6329 0.7285
v 0.2785 0.0175 -0.0875
vt 0.2057 0.9017
vn 0.1022 -0.7235 0.6828
v 0.2943 0.0000 -0.1084
vt 0.2092 0.9547
vn 0.2794 -0.6746 0.6832
f 739/739/739 740/740/740 741/741/741
v 0.3927 0.1231 -0.0875
vt 0.2163 0.9017
vn 0.5838 -0.4393 0.6827
v 0.2932 0.0236 -0.0875
vt 0.2075 0.9017
vn 0.4393 -0.5838 0.6828
v 0.2943 0.0000 -0.1084
vt 0.2092 0.9547
vn 0.2794 -0.6746 0.6832
v 0.4163 0.1219 -0.1084
vt 0.2200 0.9547
vn 0.6746 -0.2794 0.6832
f 742/742/742 743/743/743 744/744/744 745/745/745
v 0.3958 0.1304 -0.0875
vt 0.2178 0.9623
vn 0.6329 -0.2622 0.7285
v 0.3927 0.1231 -0.0875
vt 0.2163 0.9017
vn 0.5838 -0.4393 0.6827
v 0.4163 0.1219 -0.1084
vt 0.2200 0.9547
vn 0.6746 -0.2794 0.6832
f 746/746/746 747/747/747 748/748/748
v 0.3988 0.2785 -0.0875
vt 0.2075 0.9657
vn 0.7235 0.1022 0.6828
v 0.3988 0.1378 -0.0875
vt 0.2163 0.9017
vn 0.7235 -0.1021 0.6827
v 0.4163 0.1219 -0.1084
vt 0.2200 0.9547
vn 0.6746 -0.2794 0.6832
v 0.4163 0.2944 -0.1084
vt 0.2092 0.9547
vn 0.6746 0.2794 0.6832
f 749/749/749 750/750/750 751/751/751 752/752/752
v 0.3958 0.2859 -0.0875
vt 0.2077 0.9623
vn 0.6329 0.2622 0.7285
v 0.3988 0.2785 -0.0875
vt 0.2075 0.9657
vn 0.7235 0.1022 0.6828
v 0.4163 0.2944 -0.1084
vt 0.2092 0.9547
vn 0.6746 0.2794 0.6832
f 753/753/753 754/754/754 755/755/755
v 0.2932 0.3927 -0.0875
vt 0.1845 0.9657
vn 0.4393 0.5838 0.6828
v 0.3927 0.2932 -0.0875
vt 0.2057 0.9657
vn 0.5838 0.4393 0.6828
v 0.4163 0.2944 -0.1084
vt 0.2092 0.9547
vn 0.6746 0.2794 0.6832
v 0.2943 0.4163 -0.1084
vt 0.1832 0.9547
vn 0.2794 0.6746 0.6832
f 756/756/756 757/757/757 758/758/758 759/759/759
v 0.2858 0.3958 -0.0875
vt 0.1832 0.9623
vn 0.2622 0.6329 0.7285
v 0.2932 0.3927 -0.0875
vt 0.1845 0.9657
vn 0.4393 0.5838 0.6828
v 0.2943 0.4163 -0.1084
vt 0.1832 0.9547
vn 0.2794 0.6746 0.6832
f 760/760/760 761/761/761 762/762/762
v 0.1378 0.3988 -0.0875
vt 0.1606 0.9657
vn -0.1022 0.7235 0.6828
v 0.2785 0.3988 -0.0875
vt 0.1819 0.9657
vn 0.1021 0.7235 0.6828
v 0.2943 0.4163 -0.1084
vt 0.1832 0.9547
vn 0.2794 0.6746 0.6832
v 0.1219 0.4163 -0.1084
vt 0.1572 0.9547
vn -0.2794 0.6746 0.6832
f 763/763/763 764/764/764 765/765/765 766/766/766
v 0.1304 0.3958 -0.0875
vt 0.1587 0.9623
vn -0.2622 0.6329 0.7285
v 0.1378 0.3988 -0.0875
vt 0.1606 0.9657
vn -0.1022 0.7235 0.6828
v 0.1219 0.4163 -0.1084
vt 0.1572 0.9547
vn -0.2794 0.6746 0.6832
f 767/767/767 768/768/768 769/769/769
v 0.0235 0.2932 -0.0875
vt 0.1500 0.9657
vn -0.5838 0.4393 0.6827
v 0.1230 0.3927 -0.0875
vt 0.1588 0.9657
vn -0.4393 0.5838 0.6828
v 0.1219 0.4163 -0.1084
vt 0.1572 0.9547
vn -0.2794 0.6746 0.6832
v -0.0000 0.2944 -0.1084
vt 0.1464 0.9547
vn -0.6746 0.2794 0.6832
f 770/770/770 771/771/771 772/772/772 773/773/773
v 0.0205 0.2859 -0.0875
vt 0.1485 0.9623
vn -0.6329 0.2622 0.7285
v 0.0235 0.2932 -0.0875
vt 0.1500 0.9657
vn -0.5838 0.4393 0.6827
v -0.0000 0.2944 -0.1084
vt 0.1464 0.9547
vn -0.6746 0.2794 0.6832
f 774/774/774 775/775/775 776/776/776
v 0.0174 0.1378 -0.0875
vt 0.1588 0.9017
vn -0.7235 -0.1022 0.6828
v 0.0174 0.2785 -0.0875
vt 0.1500 0.9657
vn -0.7235 0.1021 0.6827
v -0.0000 0.2944 -0.1084
vt 0.1464 0.9547
vn -0.6746 0.2794 0.6832
v -0.0000 0.1219 -0.1084
vt 0.1572 0.9547
vn -0.6746 -0.2794 0.6832
f 777/777/777 778/778/778 779/779/779 780/780/780
v 0.0205 0.1304 -0.0875
vt 0.1587 0.9623
vn -0.6329 -0.2622 0.7285
v 0.0174 0.1378 -0.0875
vt 0.1588 0.9017
vn -0.7235 -0.1022 0.6828
v -0.0000 0.1219 -0.1084
vt 0.1572 0.9547
vn -0.6746 -0.2794 0.6832
f 781/781/781 782/782/782 783/783/783
v 0.1230 0.0236 -0.0875
vt 0.1819 0.9017
vn -0.4393 -0.5838 0.6827
v 0.0235 0.1231 -0.0875
vt 0.1606 0.9017
vn -0.5838 -0.4393 0.6828
v -0.0000 0.1219 -0.1084
vt 0.1572 0.9547
vn -0.6746 -0.2794 0.6832
v 0.1219 0.0000 -0.1084
vt 0.1832 0.9547
vn -0.2794 -0.6746 0.6832
f 784/784/784 785/785/785 786/786/786 787/787/787
v 0.0114 0.2896 0.1508
vt 0.1484 0.9759
vn -0.2306 0.0955 0.9684
v 0.0114 0.1267 0.1508
vt 0.1586 0.9759
vn -0.2306 -0.0955 0.9684
v 0.0366 0.1458 0.1582
vt 0.1612 0.9111
vn -0.2180 -0.0886 0.9719
v 0.0366 0.2705 0.1582
vt 0.1534 0.9798
vn -0.2180 0.0886 0.9719
f 788/788/788 789/789/789 790/790/790 791/791/791
v 0.1267 0.0115 0.1508
vt 0.1832 0.9759
vn -0.0955 -0.2306 0.9684
v 0.1403 0.0443 0.1582
vt 0.1832 0.9103
vn -0.0778 -0.1879 0.9791
v 0.1309 0.0428 0.1582
vt 0.1819 0.9111
vn -0.0915 -0.2168 0.9719
f 792/792/792 793/793/793 794/794/794
v 0.0114 0.1267 0.1508
vt 0.1586 0.9759
vn -0.2306 -0.0955 0.9684
v 0.1267 0.0115 0.1508
vt 0.1832 0.9759
vn -0.0955 -0.2306 0.9684
v 0.1309 0.0428 0.1582
vt 0.1819 0.9111
vn -0.0915 -0.2168 0.9719
v 0.0428 0.1309 0.1582
vt 0.1631 0.9111
vn -0.2168 -0.0915 0.9719
f 795/795/795 796/796/796 797/797/797 798/798/798
v 0.2704 0.0366 0.1582
vt 0.2033 0.9111
vn 0.0886 -0.2180 0.9719
v 0.1458 0.0366 0.1582
vt 0.1845 0.9111
vn -0.0886 -0.2180 0.9719
v 0.1267 0.0115 0.1508
vt 0.1832 0.9759
vn -0.0955 -0.2306 0.9684
v 0.2896 0.0115 0.1508
vt 0.2078 0.9759
vn 0.0955 -0.2306 0.9684
f 799/799/799 800/800/800 801/801/801 802/802/802
v 0.2760 0.0443 0.1582
vt 0.2056 0.9103
vn 0.0778 -0.1879 0.9791
v 0.2704 0.0366 0.1582
vt 0.2033 0.9111
vn 0.0886 -0.2180 0.9719
v 0.2896 0.0115 0.1508
vt 0.2078 0.9759
vn 0.0955 -0.2306 0.9684
f 803/803/803 804/804/804 805/805/805
v 0.3735 0.1309 0.1582
vt 0.2130 0.9111
vn 0.2168 -0.0915 0.9719
v 0.2854 0.0428 0.1582
vt 0.2052 0.9111
vn 0.0915 -0.2168 0.9719
v 0.2896 0.0115 0.1508
vt 0.2078 0.9759
vn 0.0955 -0.2306 0.9684
v 0.4048 0.1267 0.1508
vt 0.2179 0.9759
vn 0.2306 -0.0955 0.9684
f 806/806/806 807/807/807 808/808/808 809/809/809
v 0.3720 0.1403 0.1582
vt 0.2149 0.9103
vn 0.1879 -0.0778 0.9791
v 0.3735 0.1309 0.1582
vt 0.2130 0.9111
vn 0.2168 -0.0915 0.9719
v 0.4048 0.1267 0.1508
vt 0.2179 0.9759
vn 0.2306 -0.0955 0.9684
f 810/810/810 811/811/811 812/812/812
v 0.3797 0.2705 0.1582
vt 0.2052 0.9798
vn 0.2180 0.0886 0.9719
v 0.3797 0.1458 0.1582
vt 0.2130 0.9111
vn 0.2180 -0.0886 0.9719
v 0.4048 0.1267 0.1508
vt 0.2179 0.9759
vn 0.2306 -0.0955 0.9684
v 0.4048 0.2896 0.1508
vt 0.2078 0.9759
vn 0.2306 0.0955 0.9684
f 813/813/813 814/814/814 815/815/815 816/816/816
v 0.3720 0.2760 0.1582
vt 0.2056 0.9786
vn 0.1879 0.0778 0.9791
v 0.3797 0.2705 0.1582
vt 0.2052 0.9798
vn 0.2180 0.0886 0.9719
v 0.4048 0.2896 0.1508
vt 0.2078 0.9759
vn 0.2306 0.0955 0.9684
f 817/817/817 818/818/818 819/819/819
v 0.2854 0.3735 0.1582
vt 0.1845 0.9798
vn 0.0915 0.2168 0.9719
v 0.3735 0.2854 0.1582
vt 0.2033 0.9798
vn 0.2168 0.0915 0.9719
v 0.4048 0.2896 0.1508
vt 0.2078 0.9759
vn 0.2306 0.0955 0.9684
v 0.2896 0.4048 0.1508
vt 0.1832 0.9759
vn 0.0955 0.2306 0.9684
f 820/820/820 821/821/821 822/822/822 823/823/823
v 0.2760 0.3720 0.1582
vt 0.1832 0.9786
vn 0.0778 0.1879 0.9791
v 0.2854 0.3735 0.1582
vt 0.1845 0.9798
vn 0.0915 0.2168 0.9719
v 0.2896 0.4048 0.1508
vt 0.1832 0.9759
vn 0.0955 0.2306 0.9684
f 824/824/824 825/825/825 826/826/826
v 0.1458 0.3797 0.1582
vt 0.1631 0.9798
vn -0.0886 0.2180 0.9719
v 0.2704 0.3797 0.1582
vt 0.1819 0.9798
vn 0.0886 0.2180 0.9719
v 0.2896 0.4048 0.1508
vt 0.1832 0.9759
vn 0.0955 0.2306 0.9684
v 0.1267 0.4048 0.1508
vt 0.1586 0.9759
vn -0.0955 0.2306 0.9684
f 827/827/827 828/828/828 829/829/829 830/830/830
v 0.1403 0.3720 0.1582
vt 0.1608 0.9786
vn -0.0778 0.1879 0.9791
v 0.1458 0.3797 0.1582
vt 0.1631 0.9798
vn -0.0886 0.2180 0.9719
v 0.1267 0.4048 0.1508
vt 0.1586 0.9759
vn -0.0955 0.2306 0.9684
f 831/831/831 832/832/832 833/833/833
v 0.0114 0.2896 0.1508
vt 0.1484 0.9759
vn -0.2306 0.0955 0.9684
v 0.0443 0.2760 0.1582
vt 0.1515 0.9786
vn -0.1879 0.0778 0.9791
v 0.0428 0.2854 0.1582
vt 0.1534 0.9798
vn -0.2168 0.0915 0.9719
f 834/834/834 835/835/835 836/836/836
v 0.1267 0.4048 0.1508
vt 0.1586 0.9759
vn -0.0955 0.2306 0.9684
v 0.0114 0.2896 0.1508
vt 0.1484 0.9759
vn -0.2306 0.0955 0.9684
v 0.0428 0.2854 0.1582
vt 0.1534 0.9798
vn -0.2168 0.0915 0.9719
v 0.1309 0.3735 0.1582
vt 0.1612 0.9798
vn -0.0915 0.2168 0.9719
f 837/837/837 838/838/838 839/839/839 840/840/840
v 0.0443 0.2760 0.1582
vt 0.1515 0.9786
vn -0.1879 0.0778 0.9791
v 0.0114 0.2896 0.1508
vt 0.1484 0.9759
vn -0.2306 0.0955 0.9684
v 0.0366 0.2705 0.1582
vt 0.1534 0.9798
vn -0.2180 0.0886 0.9719
f 841/841/841 842/842/842 843/843/843
v 0.0428 0.1309 -0.1582
vt 0.1631 0.8348
vn -0.2168 -0.0915 -0.9719
v 0.1309 0.0428 -0.1582
vt 0.1819 0.8348
vn -0.0915 -0.2168 -0.9719
v 0.1267 0.0115 -0.1508
vt 0.1832 0.8698
vn -0.0955 -0.2306 -0.9684
v 0.0114 0.1267 -0.1508
vt 0.1586 0.8698
vn -0.2306 -0.0955 -0.9684
f 844/844/844 845/845/845 846/846/846 847/847/847
v 0.1403 0.0443 -0.1582
vt 0.1832 0.8356
vn -0.0778 -0.1879 -0.9791
v 0.1458 0.0366 -0.1582
vt 0.1845 0.8348
vn -0.0886 -0.2180 -0.9719
v 0.1267 0.0115 -0.1508
vt 0.1832 0.8698
vn -0.0955 -0.2306 -0.9684
f 848/848/848 849/849/849 850/850/850
v 0.1458 0.0366 -0.1582
vt 0.1845 0.8348
vn -0.0886 -0.2180 -0.9719
v 0.2704 0.0366 -0.1582
vt 0.2033 0.8348
vn 0.0886 -0.2180 -0.9719
v 0.2896 0.0115 -0.1508
vt 0.2078 0.8698
vn 0.0955 -0.2306 -0.9684
v 0.1267 0.0115 -0.1508
vt 0.1832 0.8698
vn -0.0955 -0.2306 -0.9684
f 851/851/851 852/852/852 853/853/853 854/854/854
v 0.2760 0.0443 -0.1582
vt 0.2056 0.8356
vn 0.0778 -0.1879 -0.9791
v 0.2854 0.0428 -0.1582
vt 0.2052 0.8348
vn 0.0915 -0.2168 -0.9719
v 0.2896 0.0115 -0.1508
vt 0.2078 0.8698
vn 0.0955 -0.2306 -0.9684
f 855/855/855 856/856/856 857/857/857
v 0.2854 0.0428 -0.1582
vt 0.2052 0.8348
vn 0.0915 -0.2168 -0.9719
v 0.3735 0.1309 -0.1582
vt 0.2130 0.8348
vn 0.2168 -0.0915 -0.9719
v 0.4048 0.1267 -0.1508
vt 0.2179 0.8698
vn 0.2306 -0.0955 -0.9684
v 0.2896 0.0115 -0.1508
vt 0.2078 0.8698
vn 0.0955 -0.2306 -0.9684
f 858/858/858 859/859/859 860/860/860 861/861/861
v 0.3720 0.1403 -0.1582
vt 0.2149 0.8356
vn 0.1879 -0.0778 -0.9791
v 0.3797 0.1458 -0.1582
vt 0.2130 0.8348
vn 0.2180 -0.0886 -0.9719
v 0.4048 0.1267 -0.1508
vt 0.2179 0.8698
vn 0.2306 -0.0955 -0.9684
f 862/862/862 863/863/863 864/864/864
v 0.3797 0.1458 -0.1582
vt 0.2130 0.8348
vn 0.2180 -0.0886 -0.9719
v 0.3797 0.2705 -0.1582
vt 0.2052 0.8659
vn 0.2180 0.0886 -0.9719
v 0.4048 0.2896 -0.1508
vt 0.2078 0.8698
vn 0.2306 0.0955 -0.9684
v 0.4048 0.1267 -0.1508
vt 0.2179 0.8698
vn 0.2306 -0.0955 -0.9684
f 865/865/865 866/866/866 867/867/867 868/868/868
v 0.3720 0.2760 -0.1582
vt 0.2056 0.8671
vn 0.1879 0.0778 -0.9791
v 0.3735 0.2854 -0.1582
vt 0.2033 0.8659
vn 0.2168 0.0915 -0.9719
v 0.4048 0.2896 -0.1508
vt 0.2078 0.8698
vn 0.2306 0.0955 -0.9684
f 869/869/869 870/870/870 871/871/871
v 0.3735 0.2854 -0.1582
vt 0.2033 0.8659
vn 0.2168 0.0915 -0.9719
v 0.2854 0.3735 -0.1582
vt 0.1845 0.8659
vn 0.0915 0.2168 -0.9719
v 0.2896 0.4048 -0.1508
vt 0.1832 0.8698
vn 0.0955 0.2306 -0.9684
v 0.4048 0.2896 -0.1508
vt 0.2078 0.8698
vn 0.2306 0.0955 -0.9684
f 872/872/872 873/873/873 874/874/874 875/875/875
v 0.2760 0.3720 -0.1582
vt 0.1832 0.8671
vn 0.0778 0.1879 -0.9791
v 0.2704 0.3797 -0.1582
vt 0.1819 0.8659
vn 0.0886 0.2180 -0.9719
v 0.2896 0.4048 -0.1508
vt 0.1832 0.8698
vn 0.0955 0.2306 -0.9684
f 876/876/876 877/877/877 878/878/878
v 0.2704 0.3797 -0.1582
vt 0.1819 0.8659
vn 0.0886 0.2180 -0.9719
v 0.1458 0.3797 -0.1582
vt 0.1631 0.8659
vn -0.0886 0.2180 -0.9719
v 0.1267 0.4048 -0.1508
vt 0.1586 0.8698
vn -0.0955 0.2306 -0.9684
v 0.2896 0.4048 -0.1508
vt 0.1832 0.8698
vn 0.0955 0.2306 -0.9684
f 879/879/879 880/880/880 881/881/881 882/882/882
v 0.1403 0.3720 -0.1582
vt 0.1608 0.8671
vn -0.0778 0.1879 -0.9791
v 0.1309 0.3735 -0.1582
vt 0.1612 0.8659
vn -0.0915 0.2168 -0.9719
v 0.1267 0.4048 -0.1508
vt 0.1586 0.8698
vn -0.0955 0.2306 -0.9684
f 883/883/883 884/884/884 885/885/885
v 0.1309 0.3735 -0.1582
vt 0.1612 0.8659
vn -0.0915 0.2168 -0.9719
v 0.0428 0.2854 -0.1582
vt 0.1534 0.8659
vn -0.2168 0.0915 -0.9719
v 0.0114 0.2896 -0.1508
vt 0.1484 0.8698
vn -0.2306 0.0955 -0.9684
v 0.1267 0.4048 -0.1508
vt 0.1586 0.8698
vn -0.0955 0.2306 -0.9684
f 886/886/886 887/887/887 888/888/888 889/889/889
v 0.0443 0.2760 -0.1582
vt 0.1515 0.8671
vn -0.1879 0.0778 -0.9791
v 0.0366 0.2705 -0.1582
vt 0.1534 0.8659
vn -0.2180 0.0886 -0.9719
v 0.0114 0.2896 -0.1508
vt 0.1484 0.8698
vn -0.2306 0.0955 -0.9684
f 890/890/890 891/891/891 892/892/892
v 0.0366 0.2705 -0.1582
vt 0.1534 0.8659
vn -0.2180 0.0886 -0.9719
v 0.0366 0.1458 -0.1582
vt 0.1612 0.8348
vn -0.2180 -0.0886 -0.9719
v 0.0114 0.1267 -0.1508
vt 0.1586 0.8698
vn -0.2306 -0.0955 -0.9684
v 0.0114 0.2896 -0.1508
vt 0.1484 0.8698
vn -0.2306 0.0955 -0.9684
f 893/893/893 894/894/894 895/895/895 896/896/896
v 0.0443 0.1403 -0.1582
vt 0.1608 0.8356
vn -0.1879 -0.0778 -0.9791
v 0.0428 0.1309 -0.1582
vt 0.1631 0.8348
vn -0.2168 -0.0915 -0.9719
v 0.0114 0.1267 -0.1508
vt 0.1586 0.8698
vn -0.2306 -0.0955 -0.9684
f 897/897/897 898/898/898 899/899/899
v -0.1309 0.3735 0.1582
vt 0.5737 0.9753
vn 0.6419 0.6419 0.4194
v -0.1499 0.3488 0.2250
vt 0.5700 0.9905
vn 0.6419 0.6419 0.4194
v -0.0674 0.2664 0.2250
vt 0.5763 0.9506
vn 0.6419 0.6419 0.4194
v -0.0428 0.2854 0.1582
vt 0.5815 0.9342
vn 0.6419 0.6419 0.4194
f 900/900/900 901/901/901 902/902/902 903/903/903
v -0.0114 0.2896 0.1508
vt 0.2179 0.9759
vn 0.2306 0.0955 0.9684
v -0.0428 0.2854 0.1582
vt 0.2130 0.9798
vn 0.2168 0.0915 0.9719
v -0.0443 0.2760 0.1582
vt 0.2149 0.9786
vn 0.1879 0.0778 0.9791
f 904/904/904 905/905/905 906/906/906
v -0.0114 0.1267 0.1508
vt 0.2078 0.9759
vn 0.2306 -0.0955 0.9684
v -0.0366 0.1458 0.1582
vt 0.2052 0.9111
vn 0.2180 -0.0886 0.9719
v -0.0443 0.1403 0.1582
vt 0.2056 0.9103
vn 0.1879 -0.0778 0.9791
f 907/907/907 908/908/908 909/909/909
v -0.1267 0.0115 0.1508
vt 0.1832 0.9759
vn 0.0955 -0.2306 0.9684
v -0.1309 0.0428 0.1582
vt 0.1845 0.9111
vn 0.0915 -0.2168 0.9719
v -0.1403 0.0443 0.1582
vt 0.1832 0.9103
vn 0.0778 -0.1879 0.9791
f 910/910/910 911/911/911 912/912/912
v -0.2896 0.0115 0.1508
vt 0.1586 0.9759
vn -0.0955 -0.2306 0.9684
v -0.2704 0.0366 0.1582
vt 0.1631 0.9111
vn -0.0886 -0.2180 0.9719
v -0.2760 0.0443 0.1582
vt 0.1608 0.9103
vn -0.0778 -0.1879 0.9791
f 913/913/913 914/914/914 915/915/915
v -0.2896 0.0115 0.1508
vt 0.1586 0.9759
vn -0.0955 -0.2306 0.9684
v -0.2760 0.0443 0.1582
vt 0.1608 0.9103
vn -0.0778 -0.1879 0.9791
v -0.2854 0.0428 0.1582
vt 0.1612 0.9111
vn -0.0915 -0.2168 0.9719
f 916/916/916 917/917/917 918/918/918
v -0.1021 0.1642 -0.2250
vt 0.5649 0.7926
vn -0.6662 0.6662 -0.3351
v -0.1642 0.1021 -0.2250
vt 0.5517 0.7926
vn -0.6662 0.6662 -0.3351
v -0.1701 0.1164 -0.1847
vt 0.5517 0.7971
vn -0.6662 0.6662 -0.3351
v -0.1164 0.1702 -0.1847
vt 0.5631 0.7971
vn -0.6662 0.6662 -0.3351
f 919/919/919 920/920/920 921/921/921 922/922/922
v -0.4048 0.2896 0.1508
vt 0.1586 0.9759
vn -0.2306 0.0955 0.9684
v -0.3797 0.2705 0.1582
vt 0.1612 0.9798
vn -0.2180 0.0886 0.9719
v -0.3720 0.2760 0.1582
vt 0.1608 0.9786
vn -0.1879 0.0778 0.9791
f 923/923/923 924/924/924 925/925/925
v -0.1267 0.4048 0.1508
vt 0.2078 0.9759
vn 0.0955 0.2306 0.9684
v -0.1458 0.3797 0.1582
vt 0.2033 0.9798
vn 0.0886 0.2180 0.9719
v -0.1403 0.3720 0.1582
vt 0.2056 0.9786
vn 0.0778 0.1879 0.9791
f 926/926/926 927/927/927 928/928/928
v -0.3142 0.2521 0.2250
vt 0.5384 0.9389
vn 0.9422 0.0000 0.3351
v -0.3142 0.1642 0.2250
vt 0.5329 0.8838
vn 0.9422 0.0000 0.3351
v -0.2998 0.1702 0.1847
vt 0.5355 0.8793
vn 0.9422 0.0000 0.3351
v -0.2998 0.2461 0.1847
vt 0.5402 0.9323
vn 0.9422 0.0000 0.3351
f 929/929/929 930/930/930 931/931/931 932/932/932
v -0.3735 0.2854 -0.1582
vt 0.1631 0.8659
vn -0.2168 0.0915 -0.9719
v -0.3720 0.2760 -0.1582
vt 0.1608 0.8671
vn -0.1879 0.0778 -0.9791
v -0.4048 0.2896 -0.1508
vt 0.1586 0.8698
vn -0.2306 0.0955 -0.9684
f 933/933/933 934/934/934 935/935/935
v -0.3797 0.1458 -0.1582
vt 0.1534 0.8348
vn -0.2180 -0.0886 -0.9719
v -0.3720 0.1403 -0.1582
vt 0.1515 0.8356
vn -0.1879 -0.0778 -0.9791
v -0.4048 0.1267 -0.1508
vt 0.1484 0.8698
vn -0.2306 -0.0955 -0.9684
f 936/936/936 937/937/937 938/938/938
v -0.2854 0.0428 -0.1582
vt 0.1612 0.8348
vn -0.0915 -0.2168 -0.9719
v -0.2760 0.0443 -0.1582
vt 0.1608 0.8356
vn -0.0778 -0.1879 -0.9791
v -0.2896 0.0115 -0.1508
vt 0.1586 0.8698
vn -0.0955 -0.2306 -0.9684
f 939/939/939 940/940/940 941/941/941
v -0.2932 0.0236 0.0875
vt 0.5273 0.8762
vn -0.7071 -0.7071 0.0000
v -0.3927 0.1231 0.0875
vt 0.5185 0.8482
vn -0.7071 -0.7071 0.0000
v -0.3927 0.1231 -0.0875
vt 0.5185 0.8353
vn -0.7071 -0.7071 0.0000
v -0.2932 0.0236 -0.0875
vt 0.5273 0.8633
vn -0.7071 -0.7071 0.0000
f 942/942/942 943/943/943 944/944/944 945/945/945
v -0.1267 0.0115 -0.1508
vt 0.1832 0.8698
vn 0.0955 -0.2306 -0.9684
v -0.1458 0.0366 -0.1582
vt 0.1819 0.8348
vn 0.0886 -0.2180 -0.9719
v -0.1403 0.0443 -0.1582
vt 0.1832 0.8356
vn 0.0778 -0.1879 -0.9791
f 946/946/946 947/947/947 948/948/948
v -0.0674 0.1499 -0.2250
vt 0.5682 0.8259
vn 0.6419 -0.6419 -0.4194
v -0.0428 0.1309 -0.1582
vt 0.5718 0.8518
vn 0.6419 -0.6419 -0.4194
v -0.1309 0.0428 -0.1582
vt 0.5530 0.8243
vn 0.6419 -0.6419 -0.4194
v -0.1499 0.0675 -0.2250
vt 0.5530 0.7991
vn 0.6419 -0.6419 -0.4194
f 949/949/949 950/950/950 951/951/951 952/952/952
v -0.2943 0.4163 -0.1084
vt 0.1832 0.9547
vn -0.2794 0.6746 0.6832
v -0.2932 0.3927 -0.0875
vt 0.1819 0.9657
vn -0.4393 0.5838 0.6828
v -0.2858 0.3958 -0.0875
vt 0.1832 0.9623
vn -0.2622 0.6329 0.7285
f 953/953/953 954/954/954 955/955/955
v -0.0428 0.1309 -0.1582
vt 0.2033 0.8348
vn 0.2168 -0.0915 -0.9719
v -0.0443 0.1403 -0.1582
vt 0.2056 0.8356
vn 0.1879 -0.0778 -0.9791
v -0.0114 0.1267 -0.1508
vt 0.2078 0.8698
vn 0.2306 -0.0955 -0.9684
f 956/956/956 957/957/957 958/958/958
v -0.0366 0.2705 -0.1582
vt 0.2130 0.8659
vn 0.2180 0.0886 -0.9719
v -0.0443 0.2760 -0.1582
vt 0.2149 0.8671
vn 0.1879 0.0778 -0.9791
v -0.0114 0.2896 -0.1508
vt 0.2179 0.8698
vn 0.2306 0.0955 -0.9684
f 959/959/959 960/960/960 961/961/961
v -0.1499 0.0675 -0.2250
vt 0.5504 0.8120
vn 0.0000 -0.9078 -0.4194
v -0.1458 0.0366 -0.1582
vt 0.5504 0.8376
vn 0.0000 -0.9078 -0.4194
v -0.2704 0.0366 -0.1582
vt 0.5316 0.8376
vn 0.0000 -0.9078 -0.4194
v -0.2664 0.0675 -0.2250
vt 0.5352 0.8120
vn 0.0000 -0.9078 -0.4194
f 962/962/962 963/963/963 964/964/964 965/965/965
v -0.3988 0.1378 0.0875
vt 0.5185 0.8617
vn -1.0000 0.0000 0.0000
v -0.3988 0.2785 0.0875
vt 0.5273 0.9060
vn -1.0000 0.0000 0.0000
v -0.3988 0.2785 -0.0875
vt 0.5273 0.8868
vn -1.0000 0.0000 0.0000
v -0.3988 0.1378 -0.0875
vt 0.5185 0.8488
vn -1.0000 0.0000 0.0000
f 966/966/966 967/967/967 968/968/968 969/969/969
v -0.1309 0.3735 -0.1582
vt 0.2052 0.8659
vn 0.0915 0.2168 -0.9719
v -0.1403 0.3720 -0.1582
vt 0.2056 0.8671
vn 0.0778 0.1879 -0.9791
v -0.1267 0.4048 -0.1508
vt 0.2078 0.8698
vn 0.0955 0.2306 -0.9684
f 970/970/970 971/971/971 972/972/972
v -0.2704 0.3797 -0.1582
vt 0.1845 0.8659
vn -0.0886 0.2180 -0.9719
v -0.2760 0.3720 -0.1582
vt 0.1832 0.8671
vn -0.0778 0.1879 -0.9791
v -0.2896 0.4048 -0.1508
vt 0.1832 0.8698
vn -0.0955 0.2306 -0.9684
f 973/973/973 974/974/974 975/975/975
v -0.0174 0.2785 0.0875
vt 0.5848 0.9060
vn 1.0000 -0.0000 -0.0000
v -0.0174 0.1378 0.0875
vt 0.5760 0.8617
vn 1.0000 -0.0000 -0.0000
v -0.0174 0.1378 -0.0875
vt 0.5760 0.8488
vn 1.0000 -0.0000 -0.0000
v -0.0174 0.2785 -0.0875
vt 0.5848 0.8868
vn 1.0000 -0.0000 -0.0000
f 976/976/976 977/977/977 978/978/978 979/979/979
v -0.2664 0.0675 -0.2250
vt 0.5333 0.8259
vn -0.6419 -0.6419 -0.4194
v -0.2854 0.0428 -0.1582
vt 0.5297 0.8518
vn -0.6419 -0.6419 -0.4194
v -0.3735 0.1309 -0.1582
vt 0.5219 0.8243
vn -0.6419 -0.6419 -0.4194
v -0.3488 0.1499 -0.2250
vt 0.5270 0.7991
vn -0.6419 -0.6419 -0.4194
f 980/980/980 981/981/981 982/982/982 983/983/983
v -0.2521 0.3142 -0.2250
vt 0.5517 0.8186
vn -0.0000 0.0000 -1.0000
v -0.3142 0.2521 -0.2250
vt 0.5384 0.8186
vn -0.0000 0.0000 -1.0000
v -0.3488 0.2664 -0.2250
vt 0.5352 0.8186
vn -0.0000 0.0000 -1.0000
v -0.2664 0.3488 -0.2250
vt 0.5517 0.8186
vn -0.0000 0.0000 -1.0000
f 984/984/984 985/985/985 986/986/986 987/987/987
v -0.1642 0.3142 0.2250
vt 0.5649 0.9702
vn 0.0000 -0.0000 1.0000
v -0.1021 0.2521 0.2250
vt 0.5704 0.9702
vn 0.0000 -0.0000 1.0000
v -0.0674 0.2664 0.2250
vt 0.5763 0.9702
vn 0.0000 -0.0000 1.0000
v -0.1499 0.3488 0.2250
vt 0.5685 0.9702
vn 0.0000 -0.0000 1.0000
f 988/988/988 989/989/989 990/990/990 991/991/991
v -0.2521 0.3142 0.2250
vt 0.5517 0.9702
vn 0.0000 -0.0000 1.0000
v -0.1642 0.3142 0.2250
vt 0.5649 0.9702
vn 0.0000 -0.0000 1.0000
v -0.1499 0.3488 0.2250
vt 0.5682 0.9702
vn 0.0000 -0.0000 1.0000
v -0.2664 0.3488 0.2250
vt 0.5517 0.9702
vn 0.0000 -0.0000 1.0000
f 992/992/992 993/993/993 994/994/994 995/995/995
v -0.3142 0.2521 0.2250
vt 0.5384 0.9702
vn 0.0000 -0.0000 1.0000
v -0.2521 0.3142 0.2250
vt 0.5517 0.9702
vn 0.0000 -0.0000 1.0000
v -0.2664 0.3488 0.2250
vt 0.5504 0.9702
vn 0.0000 -0.0000 1.0000
v -0.3488 0.2664 0.2250
vt 0.5349 0.9702
vn 0.0000 -0.0000 1.0000
f 996/996/996 997/997/997 998/998/998 999/999/999
v -0.1021 0.2521 0.2250
vt 0.5704 0.9702
vn 0.0000 -0.0000 1.0000
v -0.1021 0.1642 0.2250
vt 0.5649 0.9047
vn 0.0000 -0.0000 1.0000
v -0.0674 0.1499 0.2250
vt 0.5700 0.9047
vn 0.0000 -0.0000 1.0000
v -0.0674 0.2664 0.2250
vt 0.5755 0.9702
vn 0.0000 -0.0000 1.0000
f 1000/1000/1000 1001/1001/1001 1002/1002/1002 1003/1003/1003
v -0.1642 0.1021 -0.2250
vt 0.5517 0.8031
vn -0.0000 0.0000 -1.0000
v -0.1021 0.1642 -0.2250
vt 0.5649 0.8031
vn -0.0000 0.0000 -1.0000
v -0.0674 0.1499 -0.2250
vt 0.5682 0.8031
vn -0.0000 0.0000 -1.0000
v -0.1499 0.0675 -0.2250
vt 0.5517 0.8031
vn -0.0000 0.0000 -1.0000
f 1004/1004/1004 1005/1005/1005 1006/1006/1006 1007/1007/1007
v -0.1021 0.1642 0.2250
vt 0.5649 0.9047
vn 0.0000 -0.0000 1.0000
v -0.1642 0.1021 0.2250
vt 0.5517 0.9047
vn 0.0000 -0.0000 1.0000
v -0.1499 0.0675 0.2250
vt 0.5530 0.9047
vn 0.0000 -0.0000 1.0000
v -0.0674 0.1499 0.2250
vt 0.5685 0.9047
vn 0.0000 -0.0000 1.0000
f 1008/1008/1008 1009/1009/1009 1010/1010/1010 1011/1011/1011
v -0.2521 0.1021 -0.2250
vt 0.5384 0.8031
vn -0.0000 0.0000 -1.0000
v -0.1642 0.1021 -0.2250
vt 0.5517 0.8031
vn -0.0000 0.0000 -1.0000
v -0.1499 0.0675 -0.2250
vt 0.5504 0.8031
vn -0.0000 0.0000 -1.0000
v -0.2664 0.0675 -0.2250
vt 0.5349 0.8031
vn -0.0000 0.0000 -1.0000
f 1012/1012/1012 1013/1013/1013 1014/1014/1014 1015/1015/1015
v -0.1642 0.1021 0.2250
vt 0.5517 0.9047
vn 0.0000 -0.0000 1.0000
v -0.2521 0.1021 0.2250
vt 0.5384 0.9047
vn 0.0000 -0.0000 1.0000
v -0.2664 0.0675 0.2250
vt 0.5352 0.9047
vn 0.0000 -0.0000 1.0000
v -0.1499 0.0675 0.2250
vt 0.5517 0.9047
vn 0.0000 -0.0000 1.0000
f 1016/1016/1016 1017/1017/1017 1018/1018/1018 1019/1019/1019
v -0.3142 0.1642 -0.2250
vt 0.5329 0.8031
vn -0.0000 0.0000 -1.0000
v -0.2521 0.1021 -0.2250
vt 0.5384 0.8031
vn -0.0000 0.0000 -1.0000
v -0.2664 0.0675 -0.2250
vt 0.5333 0.8031
vn -0.0000 0.0000 -1.0000
v -0.3488 0.1499 -0.2250
vt 0.5279 0.8031
vn -0.0000 0.0000 -1.0000
f 1020/1020/1020 1021/1021/1021 1022/1022/1022 1023/1023/1023
v -0.2521 0.1021 0.2250
vt 0.5384 0.9047
vn 0.0000 -0.0000 1.0000
v -0.3142 0.1642 0.2250
vt 0.5329 0.9047
vn 0.0000 -0.0000 1.0000
v -0.3488 0.1499 0.2250
vt 0.5270 0.9047
vn 0.0000 -0.0000 1.0000
v -0.2664 0.0675 0.2250
vt 0.5349 0.9047
vn 0.0000 -0.0000 1.0000
f 1024/1024/1024 1025/1025/1025 1026/1026/1026 1027/1027/1027
v -0.3142 0.2521 -0.2250
vt 0.5384 0.8186
vn -0.0000 0.0000 -1.0000
v -0.3142 0.1642 -0.2250
vt 0.5329 0.8031
vn -0.0000 0.0000 -1.0000
v -0.3488 0.1499 -0.2250
vt 0.5270 0.8031
vn -0.0000 0.0000 -1.0000
v -0.3488 0.2664 -0.2250
vt 0.5349 0.8186
vn -0.0000 0.0000 -1.0000
f 1028/1028/1028 1029/1029/1029 1030/1030/1030 1031/1031/1031
v -0.3142 0.1642 0.2250
vt 0.5329 0.9047
vn 0.0000 -0.0000 1.0000
v -0.3142 0.2521 0.2250
vt 0.5384 0.9702
vn 0.0000 -0.0000 1.0000
v -0.3488 0.2664 0.2250
vt 0.5333 0.9702
vn 0.0000 -0.0000 1.0000
v -0.3488 0.1499 0.2250
vt 0.5279 0.9047
vn 0.0000 -0.0000 1.0000
f 1032/1032/1032 1033/1033/1033 1034/1034/1034 1035/1035/1035
v -0.3927 0.2932 0.0875
vt 0.1606 0.8800
vn -0.5424 0.5424 -0.6416
v -0.4163 0.2944 0.1084
vt 0.1572 0.8910
vn -0.5424 0.5424 -0.6416
v -0.2943 0.4163 0.1084
vt 0.1832 0.8834
vn -0.5424 0.5424 -0.6416
v -0.2932 0.3927 0.0875
vt 0.1819 0.8800
vn -0.5424 0.5424 -0.6416
f 1036/1036/1036 1037/1037/1037 1038/1038/1038 1039/1039/1039
v -0.1021 0.2521 -0.2250
vt 0.5704 0.8186
vn -0.0000 0.0000 -1.0000
v -0.1642 0.3142 -0.2250
vt 0.5649 0.8186
vn -0.0000 0.0000 -1.0000
v -0.1499 0.3488 -0.2250
vt 0.5700 0.8186
vn -0.0000 0.0000 -1.0000
v -0.0674 0.2664 -0.2250
vt 0.5755 0.8186
vn -0.0000 0.0000 -1.0000
f 1040/1040/1040 1041/1041/1041 1042/1042/1042 1043/1043/1043
v -0.1021 0.1642 -0.2250
vt 0.5649 0.8031
vn -0.0000 0.0000 -1.0000
v -0.1021 0.2521 -0.2250
vt 0.5704 0.8186
vn -0.0000 0.0000 -1.0000
v -0.0674 0.2664 -0.2250
vt 0.5763 0.8186
vn -0.0000 0.0000 -1.0000
v -0.0674 0.1499 -0.2250
vt 0.5685 0.8031
vn -0.0000 0.0000 -1.0000
f 1044/1044/1044 1045/1045/1045 1046/1046/1046 1047/1047/1047
v -0.3142 0.2521 -0.2250
vt 0.5384 0.8029
vn 0.6662 -0.6662 -0.3351
v -0.2521 0.3142 -0.2250
vt 0.5517 0.8029
vn 0.6662 -0.6662 -0.3351
v -0.2461 0.2999 -0.1847
vt 0.5517 0.8095
vn 0.6662 -0.6662 -0.3351
v -0.2998 0.2461 -0.1847
vt 0.5402 0.8095
vn 0.6662 -0.6662 -0.3351
f 1048/1048/1048 1049/1049/1049 1050/1050/1050 1051/1051/1051
v -0.1642 0.1021 0.2250
vt 0.5517 0.8838
vn -0.6662 0.6662 0.3351
v -0.1021 0.1642 0.2250
vt 0.5649 0.8838
vn -0.6662 0.6662 0.3351
v -0.1164 0.1702 0.1847
vt 0.5631 0.8793
vn -0.6662 0.6662 0.3351
v -0.1701 0.1164 0.1847
vt 0.5517 0.8793
vn -0.6662 0.6662 0.3351
f 1052/1052/1052 1053/1053/1053 1054/1054/1054 1055/1055/1055
v -0.2521 0.3142 -0.2250
vt 0.5517 0.8029
vn 0.0000 -0.9422 -0.3351
v -0.1642 0.3142 -0.2250
vt 0.5649 0.8029
vn 0.0000 -0.9422 -0.3351
v -0.1701 0.2999 -0.1847
vt 0.5631 0.8095
vn 0.0000 -0.9422 -0.3351
v -0.2461 0.2999 -0.1847
vt 0.5517 0.8095
vn 0.0000 -0.9422 -0.3351
f 1056/1056/1056 1057/1057/1057 1058/1058/1058 1059/1059/1059
v -0.2521 0.3142 0.2250
vt 0.5517 0.9389
vn 0.6662 -0.6662 0.3351
v -0.3142 0.2521 0.2250
vt 0.5384 0.9389
vn 0.6662 -0.6662 0.3351
v -0.2998 0.2461 0.1847
vt 0.5402 0.9323
vn 0.6662 -0.6662 0.3351
v -0.2461 0.2999 0.1847
vt 0.5517 0.9323
vn 0.6662 -0.6662 0.3351
f 1060/1060/1060 1061/1061/1061 1062/1062/1062 1063/1063/1063
v -0.1642 0.1021 -0.2250
vt 0.5517 0.7926
vn -0.0000 0.9422 -0.3351
v -0.2521 0.1021 -0.2250
vt 0.5384 0.7926
vn -0.0000 0.9422 -0.3351
v -0.2461 0.1164 -0.1847
vt 0.5402 0.7971
vn -0.0000 0.9422 -0.3351
v -0.1701 0.1164 -0.1847
vt 0.5517 0.7971
vn -0.0000 0.9422 -0.3351
f 1064/1064/1064 1065/1065/1065 1066/1066/1066 1067/1067/1067
v -0.1642 0.3142 0.2250
vt 0.5649 0.9389
vn 0.0000 -0.9422 0.3351
v -0.2521 0.3142 0.2250
vt 0.5517 0.9389
vn 0.0000 -0.9422 0.3351
v -0.2461 0.2999 0.1847
vt 0.5517 0.9323
vn 0.0000 -0.9422 0.3351
v -0.1701 0.2999 0.1847
vt 0.5631 0.9323
vn 0.0000 -0.9422 0.3351
f 1068/1068/1068 1069/1069/1069 1070/1070/1070 1071/1071/1071
v -0.2521 0.1021 0.2250
vt 0.5384 0.8838
vn 0.0000 0.9422 0.3351
v -0.1642 0.1021 0.2250
vt 0.5517 0.8838
vn 0.0000 0.9422 0.3351
v -0.1701 0.1164 0.1847
vt 0.5517 0.8793
vn 0.0000 0.9422 0.3351
v -0.2461 0.1164 0.1847
vt 0.5402 0.8793
vn 0.0000 0.9422 0.3351
f 1072/1072/1072 1073/1073/1073 1074/1074/1074 1075/1075/1075
v -0.1642 0.3142 -0.2250
vt 0.5649 0.8029
vn -0.6662 -0.6662 -0.3351
v -0.1021 0.2521 -0.2250
vt 0.5704 0.8029
vn -0.6662 -0.6662 -0.3351
v -0.1164 0.2461 -0.1847
vt 0.5679 0.8095
vn -0.6662 -0.6662 -0.3351
v -0.1701 0.2999 -0.1847
vt 0.5631 0.8095
vn -0.6662 -0.6662 -0.3351
f 1076/1076/1076 1077/1077/1077 1078/1078/1078 1079/1079/1079
v -0.2521 0.1021 -0.2250
vt 0.5384 0.7926
vn 0.6662 0.6662 -0.3351
v -0.3142 0.1642 -0.2250
vt 0.5329 0.7926
vn 0.6662 0.6662 -0.3351
v -0.2998 0.1702 -0.1847
vt 0.5355 0.7971
vn 0.6662 0.6662 -0.3351
v -0.2461 0.1164 -0.1847
vt 0.5402 0.7971
vn 0.6662 0.6662 -0.3351
f 1080/1080/1080 1081/1081/1081 1082/1082/1082 1083/1083/1083
v -0.1021 0.2521 0.2250
vt 0.5704 0.9389
vn -0.6662 -0.6662 0.3351
v -0.1642 0.3142 0.2250
vt 0.5649 0.9389
vn -0.6662 -0.6662 0.3351
v -0.1701 0.2999 0.1847
vt 0.5631 0.9323
vn -0.6662 -0.6662 0.3351
v -0.1164 0.2461 0.1847
vt 0.5679 0.9323
vn -0.6662 -0.6662 0.3351
f 1084/1084/1084 1085/1085/1085 1086/1086/1086 1087/1087/1087
v -0.3142 0.1642 0.2250
vt 0.5329 0.8838
vn 0.6662 0.6662 0.3351
v -0.2521 0.1021 0.2250
vt 0.5384 0.8838
vn 0.6662 0.6662 0.3351
v -0.2461 0.1164 0.1847
vt 0.5402 0.8793
vn 0.6662 0.6662 0.3351
v -0.2998 0.1702 0.1847
vt 0.5355 0.8793
vn 0.6662 0.6662 0.3351
f 1088/1088/1088 1089/1089/1089 1090/1090/1090 1091/1091/1091
v -0.1021 0.2521 -0.2250
vt 0.5704 0.8029
vn -0.9422 0.0000 -0.3351
v -0.1021 0.1642 -0.2250
vt 0.5649 0.7926
vn -0.9422 0.0000 -0.3351
v -0.1164 0.1702 -0.1847
vt 0.5631 0.7971
vn -0.9422 0.0000 -0.3351
v -0.1164 0.2461 -0.1847
vt 0.5679 0.8095
vn -0.9422 0.0000 -0.3351
f 1092/1092/1092 1093/1093/1093 1094/1094/1094 1095/1095/1095
v -0.3142 0.1642 -0.2250
vt 0.5329 0.7926
vn 0.9422 -0.0000 -0.3351
v -0.3142 0.2521 -0.2250
vt 0.5384 0.8029
vn 0.9422 -0.0000 -0.3351
v -0.2998 0.2461 -0.1847
vt 0.5402 0.8095
vn 0.9422 -0.0000 -0.3351
v -0.2998 0.1702 -0.1847
vt 0.5355 0.7971
vn 0.9422 -0.0000 -0.3351
f 1096/1096/1096 1097/1097/1097 1098/1098/1098 1099/1099/1099
v -0.1021 0.1642 0.2250
vt 0.5649 0.8838
vn -0.9422 -0.0000 0.3351
v -0.1021 0.2521 0.2250
vt 0.5704 0.9389
vn -0.9422 -0.0000 0.3351
v -0.1164 0.2461 0.1847
vt 0.5679 0.9323
vn -0.9422 -0.0000 0.3351
v -0.1164 0.1702 0.1847
vt 0.5631 0.8793
vn -0.9422 -0.0000 0.3351
f 1100/1100/1100 1101/1101/1101 1102/1102/1102 1103/1103/1103
v -0.2785 0.3988 0.0875
vt 0.5530 0.9372
vn 0.0000 1.0000 0.0000
v -0.1378 0.3988 0.0875
vt 0.5742 0.9372
vn 0.0000 1.0000 0.0000
v -0.1378 0.3988 -0.0875
vt 0.5742 0.9181
vn 0.0000 1.0000 0.0000
v -0.2785 0.3988 -0.0875
vt 0.5530 0.9181
vn 0.0000 1.0000 0.0000
f 1104/1104/1104 1105/1105/1105 1106/1106/1106 1107/1107/1107
v -0.4163 0.2944 -0.1084
vt 0.1572 0.9547
vn -0.6746 0.2794 0.6832
v -0.3988 0.2785 -0.0875
vt 0.1588 0.9657
vn -0.7235 0.1022 0.6828
v -0.3958 0.2859 -0.0875
vt 0.1587 0.9623
vn -0.6329 0.2622 0.7285
f 1108/1108/1108 1109/1109/1109 1110/1110/1110
v -0.4163 0.1219 -0.1084
vt 0.1464 0.9547
vn -0.6746 -0.2794 0.6832
v -0.3927 0.1231 -0.0875
vt 0.1500 0.9017
vn -0.5838 -0.4393 0.6827
v -0.3958 0.1304 -0.0875
vt 0.1485 0.9623
vn -0.6329 -0.2622 0.7285
f 1111/1111/1111 1112/1112/1112 1113/1113/1113
v -0.2785 0.0175 -0.0875
vt 0.1606 0.9017
vn -0.1022 -0.7235 0.6828
v -0.2858 0.0205 -0.0875
vt 0.1587 0.9623
vn -0.2622 -0.6329 0.7285
v -0.2943 0.0000 -0.1084
vt 0.1572 0.9547
vn -0.2794 -0.6746 0.6832
f 1114/1114/1114 1115/1115/1115 1116/1116/1116
v -0.1219 0.0000 -0.1084
vt 0.1832 0.9547
vn 0.2794 -0.6746 0.6832
v -0.1230 0.0236 -0.0875
vt 0.1845 0.9017
vn 0.4393 -0.5838 0.6827
v -0.1304 0.0205 -0.0875
vt 0.1832 0.9623
vn 0.2622 -0.6329 0.7285
f 1117/1117/1117 1118/1118/1118 1119/1119/1119
v 0.0000 0.1219 -0.1084
vt 0.2092 0.9547
vn 0.6746 -0.2794 0.6832
v -0.0174 0.1378 -0.0875
vt 0.2075 0.9017
vn 0.7235 -0.1022 0.6828
v -0.0205 0.1304 -0.0875
vt 0.2077 0.9623
vn 0.6329 -0.2622 0.7285
f 1120/1120/1120 1121/1121/1121 1122/1122/1122
v 0.0000 0.2944 -0.1084
vt 0.2200 0.9547
vn 0.6746 0.2794 0.6832
v -0.0235 0.2932 -0.0875
vt 0.2163 0.9657
vn 0.5838 0.4393 0.6827
v -0.0205 0.2859 -0.0875
vt 0.2178 0.9623
vn 0.6329 0.2622 0.7285
f 1123/1123/1123 1124/1124/1124 1125/1125/1125
v -0.2785 0.3988 0.0875
vt 0.1845 0.8800
vn -0.0000 0.7670 -0.6416
v -0.2943 0.4163 0.1084
vt 0.1832 0.8910
vn -0.0000 0.7670 -0.6416
v -0.1219 0.4163 0.1084
vt 0.2077 0.8834
vn -0.0000 0.7670 -0.6416
v -0.1378 0.3988 0.0875
vt 0.2057 0.8800
vn -0.0000 0.7670 -0.6416
f 1126/1126/1126 1127/1127/1127 1128/1128/1128 1129/1129/1129
v -0.3927 0.2932 0.0875
vt 0.5291 0.9588
vn -0.7071 0.7071 0.0000
v -0.2932 0.3927 0.0875
vt 0.5504 0.9171
vn -0.7071 0.7071 0.0000
v -0.2932 0.3927 -0.0875
vt 0.5504 0.8979
vn -0.7071 0.7071 0.0000
v -0.3927 0.2932 -0.0875
vt 0.5291 0.9396
vn -0.7071 0.7071 0.0000
f 1130/1130/1130 1131/1131/1131 1132/1132/1132 1133/1133/1133
v -0.2896 0.4048 0.1508
vt 0.1832 0.9759
vn -0.0955 0.2306 0.9684
v -0.2854 0.3735 0.1582
vt 0.1819 0.9798
vn -0.0915 0.2168 0.9719
v -0.2760 0.3720 0.1582
vt 0.1832 0.9786
vn -0.0778 0.1879 0.9791
f 1134/1134/1134 1135/1135/1135 1136/1136/1136
v -0.2943 0.0000 0.1084
vt 0.1572 0.8910
vn -0.5424 -0.5424 -0.6416
v -0.4163 0.1219 0.1084
vt 0.1485 0.8834
vn -0.5424 -0.5424 -0.6416
v -0.3927 0.1231 0.0875
vt 0.1500 0.8443
vn -0.5424 -0.5424 -0.6416
v -0.2932 0.0236 0.0875
vt 0.1588 0.8443
vn -0.5424 -0.5424 -0.6416
f 1137/1137/1137 1138/1138/1138 1139/1139/1139 1140/1140/1140
v -0.1219 0.0000 0.1084
vt 0.1832 0.8910
vn -0.0000 -0.7670 -0.6416
v -0.2943 0.0000 0.1084
vt 0.1587 0.8834
vn -0.0000 -0.7670 -0.6416
v -0.2785 0.0175 0.0875
vt 0.1606 0.8443
vn -0.0000 -0.7670 -0.6416
v -0.1378 0.0175 0.0875
vt 0.1819 0.8443
vn -0.0000 -0.7670 -0.6416
f 1141/1141/1141 1142/1142/1142 1143/1143/1143 1144/1144/1144
v -0.0235 0.1231 0.0875
vt 0.2057 0.8443
vn 0.5424 -0.5424 -0.6416
v 0.0000 0.1219 0.1084
vt 0.2092 0.8910
vn 0.5424 -0.5424 -0.6416
v -0.1219 0.0000 0.1084
vt 0.1832 0.8834
vn 0.5424 -0.5424 -0.6416
v -0.1230 0.0236 0.0875
vt 0.1845 0.8443
vn 0.5424 -0.5424 -0.6416
f 1145/1145/1145 1146/1146/1146 1147/1147/1147 1148/1148/1148
v -0.0174 0.2785 0.0875
vt 0.2163 0.8800
vn 0.7670 0.0000 -0.6416
v 0.0000 0.2944 0.1084
vt 0.2200 0.8910
vn 0.7670 0.0000 -0.6416
v 0.0000 0.1219 0.1084
vt 0.2077 0.8834
vn 0.7670 0.0000 -0.6416
v -0.0174 0.1378 0.0875
vt 0.2075 0.8443
vn 0.7670 0.0000 -0.6416
f 1149/1149/1149 1150/1150/1150 1151/1151/1151 1152/1152/1152
v -0.0674 0.2664 -0.2250
vt 0.5763 0.8318
vn 0.9078 0.0000 -0.4194
v -0.0366 0.2705 -0.1582
vt 0.5815 0.8700
vn 0.9078 0.0000 -0.4194
v -0.0366 0.1458 -0.1582
vt 0.5737 0.8376
vn 0.9078 0.0000 -0.4194
v -0.0674 0.1499 -0.2250
vt 0.5700 0.8120
vn 0.9078 0.0000 -0.4194
f 1153/1153/1153 1154/1154/1154 1155/1155/1155 1156/1156/1156
v -0.1230 0.3927 0.0875
vt 0.2075 0.8800
vn 0.5424 0.5424 -0.6416
v -0.1219 0.4163 0.1084
vt 0.2092 0.8910
vn 0.5424 0.5424 -0.6416
v 0.0000 0.2944 0.1084
vt 0.2178 0.8834
vn 0.5424 0.5424 -0.6416
v -0.0235 0.2932 0.0875
vt 0.2163 0.8800
vn 0.5424 0.5424 -0.6416
f 1157/1157/1157 1158/1158/1158 1159/1159/1159 1160/1160/1160
v -0.1499 0.3488 -0.2250
vt 0.5700 0.8525
vn 0.6419 0.6419 -0.4194
v -0.1309 0.3735 -0.1582
vt 0.5737 0.8913
vn 0.6419 0.6419 -0.4194
v -0.0428 0.2854 -0.1582
vt 0.5815 0.8502
vn 0.6419 0.6419 -0.4194
v -0.0674 0.2664 -0.2250
vt 0.5763 0.8126
vn 0.6419 0.6419 -0.4194
f 1161/1161/1161 1162/1162/1162 1163/1163/1163 1164/1164/1164
v -0.1230 0.3927 0.0875
vt 0.5760 0.9276
vn 0.7071 0.7071 0.0000
v -0.0235 0.2932 0.0875
vt 0.5848 0.8858
vn 0.7071 0.7071 0.0000
v -0.0235 0.2932 -0.0875
vt 0.5848 0.8666
vn 0.7071 0.7071 0.0000
v -0.1230 0.3927 -0.0875
vt 0.5760 0.9084
vn 0.7071 0.7071 0.0000
f 1165/1165/1165 1166/1166/1166 1167/1167/1167 1168/1168/1168
v -0.3988 0.1378 0.0875
vt 0.1500 0.8443
vn -0.7670 0.0000 -0.6416
v -0.4163 0.1219 0.1084
vt 0.1464 0.8910
vn -0.7670 0.0000 -0.6416
v -0.4163 0.2944 0.1084
vt 0.1587 0.8834
vn -0.7670 0.0000 -0.6416
v -0.3988 0.2785 0.0875
vt 0.1588 0.8800
vn -0.7670 0.0000 -0.6416
f 1169/1169/1169 1170/1170/1170 1171/1171/1171 1172/1172/1172
v -0.3488 0.1499 -0.2250
vt 0.5270 0.8120
vn -0.9078 0.0000 -0.4194
v -0.3797 0.1458 -0.1582
vt 0.5219 0.8376
vn -0.9078 0.0000 -0.4194
v -0.3797 0.2705 -0.1582
vt 0.5297 0.8700
vn -0.9078 0.0000 -0.4194
v -0.3488 0.2664 -0.2250
vt 0.5333 0.8318
vn -0.9078 0.0000 -0.4194
f 1173/1173/1173 1174/1174/1174 1175/1175/1175 1176/1176/1176
v -0.1378 0.0175 0.0875
vt 0.5504 0.8617
vn -0.0000 -1.0000 0.0000
v -0.2785 0.0175 0.0875
vt 0.5291 0.8617
vn -0.0000 -1.0000 0.0000
v -0.2785 0.0175 -0.0875
vt 0.5291 0.8488
vn -0.0000 -1.0000 0.0000
v -0.1378 0.0175 -0.0875
vt 0.5504 0.8488
vn -0.0000 -1.0000 0.0000
f 1177/1177/1177 1178/1178/1178 1179/1179/1179 1180/1180/1180
v -0.0235 0.1231 0.0875
vt 0.5742 0.8762
vn 0.7071 -0.7071 -0.0000
v -0.1230 0.0236 0.0875
vt 0.5530 0.8482
vn 0.7071 -0.7071 -0.0000
v -0.1230 0.0236 -0.0875
vt 0.5530 0.8353
vn 0.7071 -0.7071 -0.0000
v -0.0235 0.1231 -0.0875
vt 0.5742 0.8633
vn 0.7071 -0.7071 -0.0000
f 1181/1181/1181 1182/1182/1182 1183/1183/1183 1184/1184/1184
v -0.1219 0.4163 -0.1084
vt 0.2092 0.9547
vn 0.2794 0.6746 0.6832
v -0.1378 0.3988 -0.0875
vt 0.2057 0.9657
vn 0.1022 0.7235 0.6828
v -0.1304 0.3958 -0.0875
vt 0.2077 0.9623
vn 0.2621 0.6329 0.7285
f 1185/1185/1185 1186/1186/1186 1187/1187/1187
v -0.2896 0.4048 -0.1508
vt 0.1832 0.9010
vn -0.0000 0.9653 -0.2613
v -0.2943 0.4163 -0.1084
vt 0.1832 0.9234
vn -0.0000 0.9653 -0.2613
v -0.1219 0.4163 -0.1084
vt 0.2092 0.9234
vn -0.0000 0.9653 -0.2613
v -0.1267 0.4048 -0.1508
vt 0.2078 0.9010
vn -0.0000 0.9653 -0.2613
f 1188/1188/1188 1189/1189/1189 1190/1190/1190 1191/1191/1191
v -0.1642 0.3142 -0.2250
vt 0.5649 0.8186
vn -0.0000 0.0000 -1.0000
v -0.2521 0.3142 -0.2250
vt 0.5517 0.8186
vn -0.0000 0.0000 -1.0000
v -0.2664 0.3488 -0.2250
vt 0.5530 0.8186
vn -0.0000 0.0000 -1.0000
v -0.1499 0.3488 -0.2250
vt 0.5685 0.8186
vn -0.0000 0.0000 -1.0000
f 1192/1192/1192 1193/1193/1193 1194/1194/1194 1195/1195/1195
v -0.4048 0.2896 -0.1508
vt 0.1586 0.9010
vn -0.6825 0.6825 -0.2613
v -0.4163 0.2944 -0.1084
vt 0.1572 0.9234
vn -0.6825 0.6825 -0.2613
v -0.2943 0.4163 -0.1084
vt 0.1832 0.9234
vn -0.6825 0.6825 -0.2613
v -0.2896 0.4048 -0.1508
vt 0.1832 0.9010
vn -0.6825 0.6825 -0.2613
f 1196/1196/1196 1197/1197/1197 1198/1198/1198 1199/1199/1199
v -0.3488 0.2664 -0.2250
vt 0.5352 0.8837
vn -0.6419 0.6419 -0.4194
v -0.3735 0.2854 -0.1582
vt 0.5316 0.9225
vn -0.6419 0.6419 -0.4194
v -0.2854 0.3735 -0.1582
vt 0.5504 0.8814
vn -0.6419 0.6419 -0.4194
v -0.2664 0.3488 -0.2250
vt 0.5504 0.8438
vn -0.6419 0.6419 -0.4194
f 1200/1200/1200 1201/1201/1201 1202/1202/1202 1203/1203/1203
v -0.1267 0.4048 -0.1508
vt 0.2078 0.9010
vn 0.6825 0.6825 -0.2613
v -0.1219 0.4163 -0.1084
vt 0.2092 0.9234
vn 0.6825 0.6825 -0.2613
v 0.0000 0.2944 -0.1084
vt 0.2200 0.9234
vn 0.6825 0.6825 -0.2613
v -0.0114 0.2896 -0.1508
vt 0.2179 0.9010
vn 0.6825 0.6825 -0.2613
f 1204/1204/1204 1205/1205/1205 1206/1206/1206 1207/1207/1207
v -0.0366 0.2705 0.1582
vt 0.5815 0.9228
vn 0.9078 -0.0000 0.4194
v -0.0674 0.2664 0.2250
vt 0.5763 0.9386
vn 0.9078 -0.0000 0.4194
v -0.0674 0.1499 0.2250
vt 0.5700 0.8836
vn 0.9078 -0.0000 0.4194
v -0.0366 0.1458 0.1582
vt 0.5737 0.8729
vn 0.9078 -0.0000 0.4194
f 1208/1208/1208 1209/1209/1209 1210/1210/1210 1211/1211/1211
v -0.0114 0.2896 -0.1508
vt 0.2179 0.9010
vn 0.9653 0.0000 -0.2613
v 0.0000 0.2944 -0.1084
vt 0.2200 0.9234
vn 0.9653 0.0000 -0.2613
v 0.0000 0.1219 -0.1084
vt 0.2092 0.9234
vn 0.9653 0.0000 -0.2613
v -0.0114 0.1267 -0.1508
vt 0.2078 0.9010
vn 0.9653 0.0000 -0.2613
f 1212/1212/1212 1213/1213/1213 1214/1214/1214 1215/1215/1215
v -0.0428 0.1309 0.1582
vt 0.5718 0.8872
vn 0.6419 -0.6419 0.4194
v -0.0674 0.1499 0.2250
vt 0.5682 0.8974
vn 0.6419 -0.6419 0.4194
v -0.1499 0.0675 0.2250
vt 0.5530 0.8707
vn 0.6419 -0.6419 0.4194
v -0.1309 0.0428 0.1582
vt 0.5530 0.8596
vn 0.6419 -0.6419 0.4194
f 1216/1216/1216 1217/1217/1217 1218/1218/1218 1219/1219/1219
v -0.0114 0.1267 -0.1508
vt 0.2078 0.9010
vn 0.6825 -0.6825 -0.2613
v 0.0000 0.1219 -0.1084
vt 0.2092 0.9234
vn 0.6825 -0.6825 -0.2613
v -0.1219 0.0000 -0.1084
vt 0.1832 0.9234
vn 0.6825 -0.6825 -0.2613
v -0.1267 0.0115 -0.1508
vt 0.1832 0.9010
vn 0.6825 -0.6825 -0.2613
f 1220/1220/1220 1221/1221/1221 1222/1222/1222 1223/1223/1223
v -0.1458 0.0366 0.1582
vt 0.5504 0.8729
vn 0.0000 -0.9078 0.4194
v -0.1499 0.0675 0.2250
vt 0.5504 0.8836
vn 0.0000 -0.9078 0.4194
v -0.2664 0.0675 0.2250
vt 0.5352 0.8836
vn 0.0000 -0.9078 0.4194
v -0.2704 0.0366 0.1582
vt 0.5316 0.8729
vn 0.0000 -0.9078 0.4194
f 1224/1224/1224 1225/1225/1225 1226/1226/1226 1227/1227/1227
v -0.1267 0.0115 -0.1508
vt 0.1832 0.9010
vn -0.0000 -0.9653 -0.2613
v -0.1219 0.0000 -0.1084
vt 0.1832 0.9234
vn -0.0000 -0.9653 -0.2613
v -0.2943 0.0000 -0.1084
vt 0.1572 0.9234
vn -0.0000 -0.9653 -0.2613
v -0.2896 0.0115 -0.1508
vt 0.1586 0.9010
vn -0.0000 -0.9653 -0.2613
f 1228/1228/1228 1229/1229/1229 1230/1230/1230 1231/1231/1231
v -0.2854 0.0428 0.1582
vt 0.5297 0.8872
vn -0.6419 -0.6419 0.4194
v -0.2664 0.0675 0.2250
vt 0.5333 0.8974
vn -0.6419 -0.6419 0.4194
v -0.3488 0.1499 0.2250
vt 0.5270 0.8707
vn -0.6419 -0.6419 0.4194
v -0.3735 0.1309 0.1582
vt 0.5219 0.8596
vn -0.6419 -0.6419 0.4194
f 1232/1232/1232 1233/1233/1233 1234/1234/1234 1235/1235/1235
v -0.2896 0.0115 -0.1508
vt 0.1586 0.9010
vn -0.6825 -0.6825 -0.2613
v -0.2943 0.0000 -0.1084
vt 0.1572 0.9234
vn -0.6825 -0.6825 -0.2613
v -0.4163 0.1219 -0.1084
vt 0.1464 0.9234
vn -0.6825 -0.6825 -0.2613
v -0.4048 0.1267 -0.1508
vt 0.1484 0.9010
vn -0.6825 -0.6825 -0.2613
f 1236/1236/1236 1237/1237/1237 1238/1238/1238 1239/1239/1239
v -0.3797 0.1458 0.1582
vt 0.5219 0.8729
vn -0.9078 0.0000 0.4194
v -0.3488 0.1499 0.2250
vt 0.5270 0.8836
vn -0.9078 0.0000 0.4194
v -0.3488 0.2664 0.2250
vt 0.5333 0.9386
vn -0.9078 0.0000 0.4194
v -0.3797 0.2705 0.1582
vt 0.5297 0.9228
vn -0.9078 0.0000 0.4194
f 1240/1240/1240 1241/1241/1241 1242/1242/1242 1243/1243/1243
v -0.4048 0.1267 -0.1508
vt 0.1484 0.9010
vn -0.9653 0.0000 -0.2613
v -0.4163 0.1219 -0.1084
vt 0.1464 0.9234
vn -0.9653 0.0000 -0.2613
v -0.4163 0.2944 -0.1084
vt 0.1572 0.9234
vn -0.9653 0.0000 -0.2613
v -0.4048 0.2896 -0.1508
vt 0.1586 0.9010
vn -0.9653 0.0000 -0.2613
f 1244/1244/1244 1245/1245/1245 1246/1246/1246 1247/1247/1247
v -0.4163 0.2944 0.1084
vt 0.1572 0.9223
vn -0.6825 0.6825 0.2613
v -0.4048 0.2896 0.1508
vt 0.1586 0.9447
vn -0.6825 0.6825 0.2613
v -0.2896 0.4048 0.1508
vt 0.1832 0.9447
vn -0.6825 0.6825 0.2613
v -0.2943 0.4163 0.1084
vt 0.1832 0.9223
vn -0.6825 0.6825 0.2613
f 1248/1248/1248 1249/1249/1249 1250/1250/1250 1251/1251/1251
v 0.0000 0.2944 0.1084
vt 0.2200 0.9223
vn 0.9653 0.0000 0.2613
v -0.0114 0.2896 0.1508
vt 0.2179 0.9447
vn 0.9653 0.0000 0.2613
v -0.0114 0.1267 0.1508
vt 0.2078 0.9447
vn 0.9653 0.0000 0.2613
v 0.0000 0.1219 0.1084
vt 0.2092 0.9223
vn 0.9653 0.0000 0.2613
f 1252/1252/1252 1253/1253/1253 1254/1254/1254 1255/1255/1255
v 0.0000 0.1219 0.1084
vt 0.2092 0.9223
vn 0.6825 -0.6825 0.2613
v -0.0114 0.1267 0.1508
vt 0.2078 0.9447
vn 0.6825 -0.6825 0.2613
v -0.1267 0.0115 0.1508
vt 0.1832 0.9447
vn 0.6825 -0.6825 0.2613
v -0.1219 0.0000 0.1084
vt 0.1832 0.9223
vn 0.6825 -0.6825 0.2613
f 1256/1256/1256 1257/1257/1257 1258/1258/1258 1259/1259/1259
v -0.1219 0.0000 0.1084
vt 0.1832 0.9223
vn 0.0000 -0.9653 0.2613
v -0.1267 0.0115 0.1508
vt 0.1832 0.9447
vn 0.0000 -0.9653 0.2613
v -0.2896 0.0115 0.1508
vt 0.1586 0.9447
vn 0.0000 -0.9653 0.2613
v -0.2943 0.0000 0.1084
vt 0.1572 0.9223
vn 0.0000 -0.9653 0.2613
f 1260/1260/1260 1261/1261/1261 1262/1262/1262 1263/1263/1263
v -0.2943 0.0000 0.1084
vt 0.1572 0.9223
vn -0.6825 -0.6825 0.2613
v -0.2896 0.0115 0.1508
vt 0.1586 0.9447
vn -0.6825 -0.6825 0.2613
v -0.4048 0.1267 0.1508
vt 0.1484 0.9447
vn -0.6825 -0.6825 0.2613
v -0.4163 0.1219 0.1084
vt 0.1464 0.9223
vn -0.6825 -0.6825 0.2613
f 1264/1264/1264 1265/1265/1265 1266/1266/1266 1267/1267/1267
v -0.4163 0.1219 0.1084
vt 0.1464 0.9223
vn -0.9653 -0.0000 0.2613
v -0.4048 0.1267 0.1508
vt 0.1484 0.9447
vn -0.9653 -0.0000 0.2613
v -0.4048 0.2896 0.1508
vt 0.1586 0.9447
vn -0.9653 -0.0000 0.2613
v -0.4163 0.2944 0.1084
vt 0.1572 0.9223
vn -0.9653 -0.0000 0.2613
f 1268/1268/1268 1269/1269/1269 1270/1270/1270 1271/1271/1271
v -0.1219 0.4163 0.1084
vt 0.2092 0.9223
vn 0.6825 0.6825 0.2613
v -0.1267 0.4048 0.1508
vt 0.2078 0.9447
vn 0.6825 0.6825 0.2613
v -0.0114 0.2896 0.1508
vt 0.2179 0.9447
vn 0.6825 0.6825 0.2613
v 0.0000 0.2944 0.1084
vt 0.2200 0.9223
vn 0.6825 0.6825 0.2613
f 1272/1272/1272 1273/1273/1273 1274/1274/1274 1275/1275/1275
v -0.2943 0.4163 0.1084
vt 0.1832 0.9223
vn 0.0000 0.9653 0.2613
v -0.2896 0.4048 0.1508
vt 0.1832 0.9447
vn 0.0000 0.9653 0.2613
v -0.1267 0.4048 0.1508
vt 0.2078 0.9447
vn 0.0000 0.9653 0.2613
v -0.1219 0.4163 0.1084
vt 0.2092 0.9223
vn 0.0000 0.9653 0.2613
f 1276/1276/1276 1277/1277/1277 1278/1278/1278 1279/1279/1279
v -0.3735 0.2854 0.1582
vt 0.5316 0.9753
vn -0.6419 0.6419 0.4194
v -0.3488 0.2664 0.2250
vt 0.5352 0.9905
vn -0.6419 0.6419 0.4194
v -0.2664 0.3488 0.2250
vt 0.5504 0.9506
vn -0.6419 0.6419 0.4194
v -0.2854 0.3735 0.1582
vt 0.5504 0.9342
vn -0.6419 0.6419 0.4194
f 1280/1280/1280 1281/1281/1281 1282/1282/1282 1283/1283/1283
v -0.2704 0.3797 0.1582
vt 0.5530 0.9540
vn 0.0000 0.9078 0.4194
v -0.2664 0.3488 0.2250
vt 0.5530 0.9699
vn 0.0000 0.9078 0.4194
v -0.1499 0.3488 0.2250
vt 0.5682 0.9699
vn 0.0000 0.9078 0.4194
v -0.1458 0.3797 0.1582
vt 0.5718 0.9540
vn 0.0000 0.9078 0.4194
f 1284/1284/1284 1285/1285/1285 1286/1286/1286 1287/1287/1287
v -0.2081 0.2082 -0.1847
vt 0.5517 0.8251
vn -0.0000 0.0000 -1.0000
v -0.2461 0.2999 -0.1847
vt 0.5517 0.8251
vn -0.0000 0.0000 -1.0000
v -0.1701 0.2999 -0.1847
vt 0.5631 0.8251
vn -0.0000 0.0000 -1.0000
f 1288/1288/1288 1289/1289/1289 1290/1290/1290
v -0.2081 0.2082 -0.1847
vt 0.5517 0.8251
vn -0.0000 0.0000 -1.0000
v -0.1701 0.2999 -0.1847
vt 0.5631 0.8251
vn -0.0000 0.0000 -1.0000
v -0.1164 0.2461 -0.1847
vt 0.5679 0.8251
vn -0.0000 0.0000 -1.0000
f 1291/1291/1291 1292/1292/1292 1293/1293/1293
v -0.2081 0.2082 -0.1847
vt 0.5517 0.8251
vn -0.0000 0.0000 -1.0000
v -0.1164 0.2461 -0.1847
vt 0.5679 0.8251
vn -0.0000 0.0000 -1.0000
v -0.1164 0.1702 -0.1847
vt 0.5631 0.8075
vn -0.0000 0.0000 -1.0000
f 1294/1294/1294 1295/1295/1295 1296/1296/1296
v -0.2081 0.2082 -0.1847
vt 0.5517 0.8251
vn -0.0000 0.0000 -1.0000
v -0.1164 0.1702 -0.1847
vt 0.5631 0.8075
vn -0.0000 0.0000 -1.0000
v -0.1701 0.1164 -0.1847
vt 0.5517 0.8075
vn -0.0000 0.0000 -1.0000
f 1297/1297/1297 1298/1298/1298 1299/1299/1299
v -0.2081 0.2082 -0.1847
vt 0.5517 0.8251
vn -0.0000 0.0000 -1.0000
v -0.1701 0.1164 -0.1847
vt 0.5517 0.8075
vn -0.0000 0.0000 -1.0000
v -0.2461 0.1164 -0.1847
vt 0.5402 0.8075
vn -0.0000 0.0000 -1.0000
f 1300/1300/1300 1301/1301/1301 1302/1302/1302
v -0.2081 0.2082 -0.1847
vt 0.5517 0.8251
vn -0.0000 0.0000 -1.0000
v -0.2461 0.1164 -0.1847
vt 0.5402 0.8075
vn -0.0000 0.0000 -1.0000
v -0.2998 0.1702 -0.1847
vt 0.5355 0.8075
vn -0.0000 0.0000 -1.0000
f 1303/1303/1303 1304/1304/1304 1305/1305/1305
v -0.2081 0.2082 -0.1847
vt 0.5517 0.8251
vn -0.0000 0.0000 -1.0000
v -0.2998 0.1702 -0.1847
vt 0.5355 0.8075
vn -0.0000 0.0000 -1.0000
v -0.2998 0.2461 -0.1847
vt 0.5402 0.8251
vn -0.0000 0.0000 -1.0000
f 1306/1306/1306 1307/1307/1307 1308/1308/1308
v -0.2081 0.2082 -0.1847
vt 0.5517 0.8251
vn -0.0000 0.0000 -1.0000
v -0.2998 0.2461 -0.1847
vt 0.5402 0.8251
vn -0.0000 0.0000 -1.0000
v -0.2461 0.2999 -0.1847
vt 0.5517 0.8251
vn -0.0000 0.0000 -1.0000
f 1309/1309/1309 1310/1310/1310 1311/1311/1311
v -0.2081 0.2082 0.1847
vt 0.5517 0.9792
vn 0.0000 -0.0000 1.0000
v -0.1701 0.2999 0.1847
vt 0.5631 0.9480
vn 0.0000 -0.0000 1.0000
v -0.2461 0.2999 0.1847
vt 0.5517 0.9480
vn 0.0000 -0.0000 1.0000
f 1312/1312/1312 1313/1313/1313 1314/1314/1314
v -0.2081 0.2082 0.1847
vt 0.5517 0.9792
vn 0.0000 -0.0000 1.0000
v -0.1164 0.2461 0.1847
vt 0.5679 0.9480
vn 0.0000 -0.0000 1.0000
v -0.1701 0.2999 0.1847
vt 0.5631 0.9480
vn 0.0000 -0.0000 1.0000
f 1315/1315/1315 1316/1316/1316 1317/1317/1317
v -0.2081 0.2082 0.1847
vt 0.5517 0.9792
vn 0.0000 -0.0000 1.0000
v -0.1164 0.1702 0.1847
vt 0.5631 0.8898
vn 0.0000 -0.0000 1.0000
v -0.1164 0.2461 0.1847
vt 0.5679 0.9480
vn 0.0000 -0.0000 1.0000
f 1318/1318/1318 1319/1319/1319 1320/1320/1320
v -0.2081 0.2082 0.1847
vt 0.5517 0.9792
vn 0.0000 -0.0000 1.0000
v -0.1701 0.1164 0.1847
vt 0.5517 0.8898
vn 0.0000 -0.0000 1.0000
v -0.1164 0.1702 0.1847
vt 0.5631 0.8898
vn 0.0000 -0.0000 1.0000
f 1321/1321/1321 1322/1322/1322 1323/1323/1323
v -0.2081 0.2082 0.1847
vt 0.5517 0.9792
vn 0.0000 -0.0000 1.0000
v -0.2461 0.1164 0.1847
vt 0.5402 0.8898
vn 0.0000 -0.0000 1.0000
v -0.1701 0.1164 0.1847
vt 0.5517 0.8898
vn 0.0000 -0.0000 1.0000
f 1324/1324/1324 1325/1325/1325 1326/1326/1326
v -0.2081 0.2082 0.1847
vt 0.5517 0.9792
vn 0.0000 -0.0000 1.0000
v -0.2998 0.1702 0.1847
vt 0.5355 0.8898
vn 0.0000 -0.0000 1.0000
v -0.2461 0.1164 0.1847
vt 0.5402 0.8898
vn 0.0000 -0.0000 1.0000
f 1327/1327/1327 1328/1328/1328 1329/1329/1329
v -0.2081 0.2082 0.1847
vt 0.5517 0.9792
vn 0.0000 -0.0000 1.0000
v -0.2998 0.2461 0.1847
vt 0.5402 0.9480
vn 0.0000 -0.0000 1.0000
v -0.2998 0.1702 0.1847
vt 0.5355 0.8898
vn 0.0000 -0.0000 1.0000
f 1330/1330/1330 1331/1331/1331 1332/1332/1332
v -0.2081 0.2082 0.1847
vt 0.5517 0.9792
vn 0.0000 -0.0000 1.0000
v -0.2461 0.2999 0.1847
vt 0.5517 0.9480
vn 0.0000 -0.0000 1.0000
v -0.2998 0.2461 0.1847
vt 0.5402 0.9480
vn 0.0000 -0.0000 1.0000
f 1333/1333/1333 1334/1334/1334 1335/1335/1335
v -0.2814 0.2124 0.2153
vt 0.3065 0.8906
vn -0.0771 0.9791 -0.1882
v -0.2420 0.2155 0.2153
vt 0.3127 0.8906
vn -0.0771 0.9791 -0.1882
v -0.2475 0.2065 0.1704
vt 0.3112 0.7992
vn -0.0771 0.9791 -0.1882
v -0.2745 0.2043 0.1704
vt 0.3070 0.7992
vn -0.0771 0.9791 -0.1882
f 1336/1336/1336 1337/1337/1337 1338/1338/1338 1339/1339/1339
v -0.2420 0.2155 0.2153
vt 0.3127 0.8906
vn 0.9074 0.3758 -0.1882
v -0.2269 0.1790 0.2153
vt 0.3127 0.8906
vn 0.9074 0.3758 -0.1882
v -0.2372 0.1815 0.1704
vt 0.3112 0.7992
vn 0.9074 0.3758 -0.1882
v -0.2475 0.2065 0.1704
vt 0.3112 0.7992
vn 0.9074 0.3758 -0.1882
f 1340/1340/1340 1341/1341/1341 1342/1342/1342 1343/1343/1343
v -0.2269 0.1790 0.2153
vt 0.3127 0.8906
vn 0.6378 -0.7468 -0.1882
v -0.2569 0.1533 0.2153
vt 0.3065 0.8906
vn 0.6378 -0.7468 -0.1882
v -0.2578 0.1639 0.1704
vt 0.3070 0.7992
vn 0.6378 -0.7468 -0.1882
v -0.2372 0.1815 0.1704
vt 0.3112 0.7992
vn 0.6378 -0.7468 -0.1882
f 1344/1344/1344 1345/1345/1345 1346/1346/1346 1347/1347/1347
v -0.2569 0.1533 0.2153
vt 0.3065 0.8906
vn -0.5132 -0.8374 -0.1882
v -0.2906 0.1740 0.2153
vt 0.3027 0.8906
vn -0.5132 -0.8374 -0.1882
v -0.2808 0.1780 0.1704
vt 0.3044 0.7992
vn -0.5132 -0.8374 -0.1882
v -0.2578 0.1639 0.1704
vt 0.3070 0.7992
vn -0.5132 -0.8374 -0.1882
f 1348/1348/1348 1349/1349/1349 1350/1350/1350 1351/1351/1351
v -0.2906 0.1740 0.2153
vt 0.3027 0.8906
vn -0.9550 0.2293 -0.1882
v -0.2814 0.2124 0.2153
vt 0.3065 0.8906
vn -0.9550 0.2293 -0.1882
v -0.2745 0.2043 0.1704
vt 0.3070 0.7992
vn -0.9550 0.2293 -0.1882
v -0.2808 0.1780 0.1704
vt 0.3044 0.7992
vn -0.9550 0.2293 -0.1882
f 1352/1352/1352 1353/1353/1353 1354/1354/1354 1355/1355/1355
v -0.2596 0.1868 0.2194
vt 0.3082 0.9929
vn 0.0000 -0.0000 1.0000
v -0.2814 0.2124 0.2153
vt 0.3065 0.9412
vn -0.0803 0.0940 0.9923
v -0.2906 0.1740 0.2153
vt 0.3027 0.9412
vn -0.1142 -0.0473 0.9923
f 1356/1356/1356 1357/1357/1357 1358/1358/1358
v -0.2596 0.1868 0.2194
vt 0.3082 0.9929
vn 0.0000 -0.0000 1.0000
v -0.2420 0.2155 0.2153
vt 0.3127 0.9412
vn 0.0646 0.1054 0.9923
v -0.2814 0.2124 0.2153
vt 0.3065 0.9412
vn -0.0803 0.0940 0.9923
f 1359/1359/1359 1360/1360/1360 1361/1361/1361
v -0.2596 0.1868 0.2194
vt 0.3082 0.9929
vn 0.0000 -0.0000 1.0000
v -0.2269 0.1790 0.2153
vt 0.3127 0.9412
vn 0.1202 -0.0289 0.9923
v -0.2420 0.2155 0.2153
vt 0.3127 0.9412
vn 0.0646 0.1054 0.9923
f 1362/1362/1362 1363/1363/1363 1364/1364/1364
v -0.2596 0.1868 0.2194
vt 0.3082 0.9929
vn 0.0000 -0.0000 1.0000
v -0.2569 0.1533 0.2153
vt 0.3065 0.9412
vn 0.0097 -0.1233 0.9923
v -0.2269 0.1790 0.2153
vt 0.3127 0.9412
vn 0.1202 -0.0289 0.9923
f 1365/1365/1365 1366/1366/1366 1367/1367/1367
v -0.2596 0.1868 0.2194
vt 0.3082 0.9929
vn 0.0000 -0.0000 1.0000
v -0.2906 0.1740 0.2153
vt 0.3027 0.9412
vn -0.1142 -0.0473 0.9923
v -0.2569 0.1533 0.2153
vt 0.3065 0.9412
vn 0.0097 -0.1233 0.9923
f 1368/1368/1368 1369/1369/1369 1370/1370/1370
v -0.2785 0.3988 0.0875
vt 0.1843 0.8784
vn -0.5754 0.3572 -0.7358
v -0.2837 0.3905 0.0875
vt 0.1831 0.8800
vn -0.5754 0.3572 -0.7358
v -0.2943 0.4163 0.1084
vt 0.1832 0.8834
vn -0.5754 0.3572 -0.7358
f 1371/1371/1371 1372/1372/1372 1373/1373/1373
v -0.2837 0.3905 0.0875
vt 0.1831 0.8800
vn 0.1543 0.6594 -0.7358
v -0.2932 0.3927 0.0875
vt 0.1819 0.8800
vn 0.1543 0.6594 -0.7358
v -0.2943 0.4163 0.1084
vt 0.1832 0.8834
vn 0.1543 0.6594 -0.7358
f 1374/1374/1374 1375/1375/1375 1376/1376/1376
v -0.2932 0.3927 -0.0875
vt 0.1821 0.9673
vn 0.0000 -0.0000 1.0000
v -0.2837 0.3905 -0.0875
vt 0.1833 0.9657
vn 0.0000 -0.0000 1.0000
v -0.2858 0.3958 -0.0875
vt 0.1832 0.9623
vn 0.0000 -0.0000 1.0000
f 1377/1377/1377 1378/1378/1378 1379/1379/1379
v -0.2837 0.3905 -0.0875
vt 0.1833 0.9657
vn 0.0000 -0.0000 1.0000
v -0.2785 0.3988 -0.0875
vt 0.1845 0.9657
vn 0.0000 -0.0000 1.0000
v -0.2858 0.3958 -0.0875
vt 0.1832 0.9623
vn 0.0000 -0.0000 1.0000
f 1380/1380/1380 1381/1381/1381 1382/1382/1382
v -0.1378 0.3988 -0.0875
vt 0.2057 0.9657
vn 0.0000 -0.0000 1.0000
v -0.1326 0.3905 -0.0875
vt 0.2069 0.8719
vn 0.0000 -0.0000 1.0000
v -0.1304 0.3958 -0.0875
vt 0.2077 0.9623
vn 0.0000 -0.0000 1.0000
f 1383/1383/1383 1384/1384/1384 1385/1385/1385
v -0.1326 0.3905 -0.0875
vt 0.2069 0.8719
vn 0.0000 -0.0000 1.0000
v -0.1230 0.3927 -0.0875
vt 0.2070 0.9657
vn 0.0000 -0.0000 1.0000
v -0.1304 0.3958 -0.0875
vt 0.2077 0.9623
vn 0.0000 -0.0000 1.0000
f 1386/1386/1386 1387/1387/1387 1388/1388/1388
v -0.1230 0.3927 0.0875
vt 0.2078 0.8784
vn -0.1543 0.6594 -0.7358
v -0.1326 0.3905 0.0875
vt 0.2069 0.8800
vn -0.1543 0.6594 -0.7358
v -0.1219 0.4163 0.1084
vt 0.2077 0.8834
vn -0.1543 0.6594 -0.7358
f 1389/1389/1389 1390/1390/1390 1391/1391/1391
v -0.1326 0.3905 0.0875
vt 0.2069 0.8800
vn 0.5754 0.3572 -0.7358
v -0.1378 0.3988 0.0875
vt 0.2057 0.8800
vn 0.5754 0.3572 -0.7358
v -0.1219 0.4163 0.1084
vt 0.2077 0.8834
vn 0.5754 0.3572 -0.7358
f 1392/1392/1392 1393/1393/1393 1394/1394/1394
v -0.0235 0.2932 -0.0875
vt 0.2169 0.9673
vn 0.0000 -0.0000 1.0000
v -0.0258 0.2837 -0.0875
vt 0.2168 0.8719
vn 0.0000 -0.0000 1.0000
v -0.0205 0.2859 -0.0875
vt 0.2178 0.9623
vn 0.0000 -0.0000 1.0000
f 1395/1395/1395 1396/1396/1396 1397/1397/1397
v -0.0258 0.2837 -0.0875
vt 0.2168 0.8719
vn 0.0000 -0.0000 1.0000
v -0.0174 0.2785 -0.0875
vt 0.2163 0.9657
vn 0.0000 -0.0000 1.0000
v -0.0205 0.2859 -0.0875
vt 0.2178 0.9623
vn 0.0000 -0.0000 1.0000
f 1398/1398/1398 1399/1399/1399 1400/1400/1400
v -0.0174 0.2785 0.0875
vt 0.2163 0.8800
vn 0.3572 0.5754 -0.7358
v -0.0258 0.2837 0.0875
vt 0.2168 0.8800
vn 0.3572 0.5754 -0.7358
v 0.0000 0.2944 0.1084
vt 0.2178 0.8834
vn 0.3572 0.5754 -0.7358
f 1401/1401/1401 1402/1402/1402 1403/1403/1403
v -0.0258 0.2837 0.0875
vt 0.2168 0.8800
vn 0.6594 -0.1543 -0.7358
v -0.0235 0.2932 0.0875
vt 0.2169 0.8800
vn 0.6594 -0.1543 -0.7358
v 0.0000 0.2944 0.1084
vt 0.2178 0.8834
vn 0.6594 -0.1543 -0.7358
f 1404/1404/1404 1405/1405/1405 1406/1406/1406
v -0.0174 0.1378 -0.0875
vt 0.2078 0.9028
vn 0.0000 -0.0000 1.0000
v -0.0258 0.1326 -0.0875
vt 0.2069 0.8389
vn 0.0000 -0.0000 1.0000
v -0.0205 0.1304 -0.0875
vt 0.2077 0.9623
vn 0.0000 -0.0000 1.0000
f 1407/1407/1407 1408/1408/1408 1409/1409/1409
v -0.0258 0.1326 -0.0875
vt 0.2069 0.8389
vn 0.0000 -0.0000 1.0000
v -0.0235 0.1231 -0.0875
vt 0.2057 0.9017
vn 0.0000 -0.0000 1.0000
v -0.0205 0.1304 -0.0875
vt 0.2077 0.9623
vn 0.0000 -0.0000 1.0000
f 1410/1410/1410 1411/1411/1411 1412/1412/1412
v -0.0235 0.1231 0.0875
vt 0.2057 0.8443
vn 0.6594 0.1543 -0.7358
v -0.0258 0.1326 0.0875
vt 0.2069 0.8443
vn 0.6594 0.1543 -0.7358
v 0.0000 0.1219 0.1084
vt 0.2077 0.8834
vn 0.6594 0.1543 -0.7358
f 1413/1413/1413 1414/1414/1414 1415/1415/1415
v -0.0258 0.1326 0.0875
vt 0.2069 0.8443
vn 0.3572 -0.5754 -0.7358
v -0.0174 0.1378 0.0875
vt 0.2070 0.8443
vn 0.3572 -0.5754 -0.7358
v 0.0000 0.1219 0.1084
vt 0.2077 0.8834
vn 0.3572 -0.5754 -0.7358
f 1416/1416/1416 1417/1417/1417 1418/1418/1418
v -0.1230 0.0236 -0.0875
vt 0.1843 0.9028
vn 0.0000 -0.0000 1.0000
v -0.1326 0.0258 -0.0875
vt 0.1831 0.8389
vn 0.0000 -0.0000 1.0000
v -0.1304 0.0205 -0.0875
vt 0.1832 0.9623
vn 0.0000 -0.0000 1.0000
f 1419/1419/1419 1420/1420/1420 1421/1421/1421
v -0.1326 0.0258 -0.0875
vt 0.1831 0.8389
vn 0.0000 -0.0000 1.0000
v -0.1378 0.0175 -0.0875
vt 0.1819 0.9017
vn 0.0000 -0.0000 1.0000
v -0.1304 0.0205 -0.0875
vt 0.1832 0.9623
vn 0.0000 -0.0000 1.0000
f 1422/1422/1422 1423/1423/1423 1424/1424/1424
v -0.1378 0.0175 0.0875
vt 0.1819 0.8443
vn 0.5754 -0.3572 -0.7358
v -0.1326 0.0258 0.0875
vt 0.1831 0.8443
vn 0.5754 -0.3572 -0.7358
v -0.1219 0.0000 0.1084
vt 0.1832 0.8834
vn 0.5754 -0.3572 -0.7358
f 1425/1425/1425 1426/1426/1426 1427/1427/1427
v -0.1326 0.0258 0.0875
vt 0.1831 0.8443
vn -0.1543 -0.6594 -0.7358
v -0.1230 0.0236 0.0875
vt 0.1832 0.8443
vn -0.1543 -0.6594 -0.7358
v -0.1219 0.0000 0.1084
vt 0.1832 0.8834
vn -0.1543 -0.6594 -0.7358
f 1428/1428/1428 1429/1429/1429 1430/1430/1430
v -0.2785 0.0175 -0.0875
vt 0.1606 0.9017
vn 0.0000 -0.0000 1.0000
v -0.2837 0.0258 -0.0875
vt 0.1595 0.8389
vn 0.0000 -0.0000 1.0000
v -0.2858 0.0205 -0.0875
vt 0.1587 0.9623
vn 0.0000 -0.0000 1.0000
f 1431/1431/1431 1432/1432/1432 1433/1433/1433
v -0.2837 0.0258 -0.0875
vt 0.1595 0.8389
vn 0.0000 -0.0000 1.0000
v -0.2932 0.0236 -0.0875
vt 0.1593 0.9017
vn 0.0000 -0.0000 1.0000
v -0.2858 0.0205 -0.0875
vt 0.1587 0.9623
vn 0.0000 -0.0000 1.0000
f 1434/1434/1434 1435/1435/1435 1436/1436/1436
v -0.2932 0.0236 0.0875
vt 0.1588 0.8443
vn 0.1543 -0.6594 -0.7358
v -0.2837 0.0258 0.0875
vt 0.1593 0.8443
vn 0.1543 -0.6594 -0.7358
v -0.2943 0.0000 0.1084
vt 0.1587 0.8834
vn 0.1543 -0.6594 -0.7358
f 1437/1437/1437 1438/1438/1438 1439/1439/1439
v -0.2837 0.0258 0.0875
vt 0.1593 0.8443
vn -0.5754 -0.3572 -0.7358
v -0.2785 0.0175 0.0875
vt 0.1593 0.8443
vn -0.5754 -0.3572 -0.7358
v -0.2943 0.0000 0.1084
vt 0.1587 0.8834
vn -0.5754 -0.3572 -0.7358
f 1440/1440/1440 1441/1441/1441 1442/1442/1442
v -0.3927 0.1231 -0.0875
vt 0.1495 0.9028
vn 0.0000 -0.0000 1.0000
v -0.3905 0.1326 -0.0875
vt 0.1495 0.8389
vn 0.0000 -0.0000 1.0000
v -0.3958 0.1304 -0.0875
vt 0.1485 0.9623
vn 0.0000 -0.0000 1.0000
f 1443/1443/1443 1444/1444/1444 1445/1445/1445
v -0.3905 0.1326 -0.0875
vt 0.1495 0.8389
vn 0.0000 -0.0000 1.0000
v -0.3988 0.1378 -0.0875
vt 0.1500 0.9017
vn 0.0000 -0.0000 1.0000
v -0.3958 0.1304 -0.0875
vt 0.1485 0.9623
vn 0.0000 -0.0000 1.0000
f 1446/1446/1446 1447/1447/1447 1448/1448/1448
v -0.3988 0.1378 0.0875
vt 0.1500 0.8443
vn -0.3572 -0.5754 -0.7358
v -0.3905 0.1326 0.0875
vt 0.1495 0.8443
vn -0.3572 -0.5754 -0.7358
v -0.4163 0.1219 0.1084
vt 0.1485 0.8834
vn -0.3572 -0.5754 -0.7358
f 1449/1449/1449 1450/1450/1450 1451/1451/1451
v -0.3905 0.1326 0.0875
vt 0.1495 0.8443
vn -0.6594 0.1543 -0.7358
v -0.3927 0.1231 0.0875
vt 0.1495 0.8443
vn -0.6594 0.1543 -0.7358
v -0.4163 0.1219 0.1084
vt 0.1485 0.8834
vn -0.6594 0.1543 -0.7358
f 1452/1452/1452 1453/1453/1453 1454/1454/1454
v -0.3988 0.2785 -0.0875
vt 0.1588 0.9657
vn 0.0000 -0.0000 1.0000
v -0.3905 0.2837 -0.0875
vt 0.1593 0.8719
vn 0.0000 -0.0000 1.0000
v -0.3958 0.2859 -0.0875
vt 0.1587 0.9623
vn 0.0000 -0.0000 1.0000
f 1455/1455/1455 1456/1456/1456 1457/1457/1457
v -0.3905 0.2837 -0.0875
vt 0.1593 0.8719
vn 0.0000 -0.0000 1.0000
v -0.3927 0.2932 -0.0875
vt 0.1593 0.9657
vn 0.0000 -0.0000 1.0000
v -0.3958 0.2859 -0.0875
vt 0.1587 0.9623
vn 0.0000 -0.0000 1.0000
f 1458/1458/1458 1459/1459/1459 1460/1460/1460
v -0.3927 0.2932 0.0875
vt 0.1601 0.8784
vn -0.6594 -0.1543 -0.7358
v -0.3905 0.2837 0.0875
vt 0.1593 0.8800
vn -0.6594 -0.1543 -0.7358
v -0.4163 0.2944 0.1084
vt 0.1587 0.8834
vn -0.6594 -0.1543 -0.7358
f 1461/1461/1461 1462/1462/1462 1463/1463/1463
v -0.3905 0.2837 0.0875
vt 0.1593 0.8800
vn -0.3572 0.5754 -0.7358
v -0.3988 0.2785 0.0875
vt 0.1588 0.8800
vn -0.3572 0.5754 -0.7358
v -0.4163 0.2944 0.1084
vt 0.1587 0.8834
vn -0.3572 0.5754 -0.7358
f 1464/1464/1464 1465/1465/1465 1466/1466/1466
v -0.2854 0.3735 0.1582
vt 0.5504 0.9029
vn 0.1518 0.9404 0.3043
v -0.2664 0.3488 0.2250
vt 0.5517 0.9159
vn 0.1518 0.9404 0.3043
v -0.2760 0.3720 0.1582
vt 0.5517 0.8065
vn 0.1518 0.9404 0.3043
f 1467/1467/1467 1468/1468/1468 1469/1469/1469
v -0.2760 0.3720 0.1582
vt 0.5517 0.8292
vn -0.7723 0.5576 0.3043
v -0.2664 0.3488 0.2250
vt 0.5530 0.9386
vn -0.7723 0.5576 0.3043
v -0.2704 0.3797 0.1582
vt 0.5530 0.9228
vn -0.7723 0.5576 0.3043
f 1470/1470/1470 1471/1471/1471 1472/1472/1472
v -0.1309 0.3735 -0.1582
vt 0.5737 0.8913
vn -0.1518 0.9404 -0.3043
v -0.1499 0.3488 -0.2250
vt 0.5695 0.8560
vn -0.1518 0.9404 -0.3043
v -0.1403 0.3720 -0.1582
vt 0.5731 0.8000
vn -0.1518 0.9404 -0.3043
f 1473/1473/1473 1474/1474/1474 1475/1475/1475
v -0.1403 0.3720 -0.1582
vt 0.5731 0.7759
vn 0.7723 0.5576 -0.3043
v -0.1499 0.3488 -0.2250
vt 0.5682 0.8318
vn 0.7723 0.5576 -0.3043
v -0.1458 0.3797 -0.1582
vt 0.5718 0.8700
vn 0.7723 0.5576 -0.3043
f 1476/1476/1476 1477/1477/1477 1478/1478/1478
v -0.0366 0.2705 -0.1582
vt 0.5815 0.8700
vn 0.5576 0.7723 -0.3043
v -0.0674 0.2664 -0.2250
vt 0.5769 0.8318
vn 0.5576 0.7723 -0.3043
v -0.0443 0.2760 -0.1582
vt 0.5819 0.7759
vn 0.5576 0.7723 -0.3043
f 1479/1479/1479 1480/1480/1480 1481/1481/1481
v -0.0443 0.2760 -0.1582
vt 0.5819 0.7531
vn 0.9404 -0.1518 -0.3043
v -0.0674 0.2664 -0.2250
vt 0.5763 0.8126
vn 0.9404 -0.1518 -0.3043
v -0.0428 0.2854 -0.1582
vt 0.5815 0.8502
vn 0.9404 -0.1518 -0.3043
f 1482/1482/1482 1483/1483/1483 1484/1484/1484
v -0.0428 0.1309 -0.1582
vt 0.5718 0.8518
vn 0.9404 0.1518 -0.3043
v -0.0674 0.1499 -0.2250
vt 0.5695 0.8282
vn 0.9404 0.1518 -0.3043
v -0.0443 0.1403 -0.1582
vt 0.5731 0.7907
vn 0.9404 0.1518 -0.3043
f 1485/1485/1485 1486/1486/1486 1487/1487/1487
v -0.0443 0.1403 -0.1582
vt 0.5731 0.7745
vn 0.5576 -0.7723 -0.3043
v -0.0674 0.1499 -0.2250
vt 0.5700 0.8120
vn 0.5576 -0.7723 -0.3043
v -0.0366 0.1458 -0.1582
vt 0.5737 0.8376
vn 0.5576 -0.7723 -0.3043
f 1488/1488/1488 1489/1489/1489 1490/1490/1490
v -0.1458 0.0366 -0.1582
vt 0.5504 0.8376
vn 0.7723 -0.5576 -0.3043
v -0.1499 0.0675 -0.2250
vt 0.5517 0.8120
vn 0.7723 -0.5576 -0.3043
v -0.1403 0.0443 -0.1582
vt 0.5517 0.7745
vn 0.7723 -0.5576 -0.3043
f 1491/1491/1491 1492/1492/1492 1493/1493/1493
v -0.1403 0.0443 -0.1582
vt 0.5517 0.7593
vn -0.1518 -0.9404 -0.3043
v -0.1499 0.0675 -0.2250
vt 0.5530 0.7991
vn -0.1518 -0.9404 -0.3043
v -0.1309 0.0428 -0.1582
vt 0.5530 0.8243
vn -0.1518 -0.9404 -0.3043
f 1494/1494/1494 1495/1495/1495 1496/1496/1496
v -0.2854 0.0428 -0.1582
vt 0.5297 0.8518
vn 0.1518 -0.9404 -0.3043
v -0.2664 0.0675 -0.2250
vt 0.5339 0.8282
vn 0.1518 -0.9404 -0.3043
v -0.2760 0.0443 -0.1582
vt 0.5303 0.7907
vn 0.1518 -0.9404 -0.3043
f 1497/1497/1497 1498/1498/1498 1499/1499/1499
v -0.2760 0.0443 -0.1582
vt 0.5303 0.7745
vn -0.7723 -0.5576 -0.3043
v -0.2664 0.0675 -0.2250
vt 0.5352 0.8120
vn -0.7723 -0.5576 -0.3043
v -0.2704 0.0366 -0.1582
vt 0.5316 0.8376
vn -0.7723 -0.5576 -0.3043
f 1500/1500/1500 1501/1501/1501 1502/1502/1502
v -0.3797 0.1458 -0.1582
vt 0.5219 0.8376
vn -0.5576 -0.7723 -0.3043
v -0.3488 0.1499 -0.2250
vt 0.5265 0.8120
vn -0.5576 -0.7723 -0.3043
v -0.3720 0.1403 -0.1582
vt 0.5214 0.7745
vn -0.5576 -0.7723 -0.3043
f 1503/1503/1503 1504/1504/1504 1505/1505/1505
v -0.3720 0.1403 -0.1582
vt 0.5214 0.7593
vn -0.9404 0.1518 -0.3043
v -0.3488 0.1499 -0.2250
vt 0.5270 0.7991
vn -0.9404 0.1518 -0.3043
v -0.3735 0.1309 -0.1582
vt 0.5219 0.8243
vn -0.9404 0.1518 -0.3043
f 1506/1506/1506 1507/1507/1507 1508/1508/1508
v -0.3735 0.2854 -0.1582
vt 0.5316 0.8913
vn -0.9404 -0.1518 -0.3043
v -0.3488 0.2664 -0.2250
vt 0.5339 0.8560
vn -0.9404 -0.1518 -0.3043
v -0.3720 0.2760 -0.1582
vt 0.5303 0.8000
vn -0.9404 -0.1518 -0.3043
f 1509/1509/1509 1510/1510/1510 1511/1511/1511
v -0.3720 0.2760 -0.1582
vt 0.5303 0.7759
vn -0.5576 0.7723 -0.3043
v -0.3488 0.2664 -0.2250
vt 0.5333 0.8318
vn -0.5576 0.7723 -0.3043
v -0.3797 0.2705 -0.1582
vt 0.5297 0.8700
vn -0.5576 0.7723 -0.3043
f 1512/1512/1512 1513/1513/1513 1514/1514/1514
v -0.2664 0.3488 -0.2250
vt 0.5504 0.8126
vn 0.1518 0.9404 -0.3043
v -0.2854 0.3735 -0.1582
vt 0.5504 0.8502
vn 0.1518 0.9404 -0.3043
v -0.2760 0.3720 -0.1582
vt 0.5517 0.7531
vn 0.1518 0.9404 -0.3043
f 1515/1515/1515 1516/1516/1516 1517/1517/1517
v -0.2664 0.3488 -0.2250
vt 0.5517 0.8318
vn -0.7723 0.5576 -0.3043
v -0.2760 0.3720 -0.1582
vt 0.5517 0.7759
vn -0.7723 0.5576 -0.3043
v -0.2704 0.3797 -0.1582
vt 0.5530 0.8700
vn -0.7723 0.5576 -0.3043
f 1518/1518/1518 1519/1519/1519 1520/1520/1520
v -0.1499 0.3488 0.2250
vt 0.5700 0.9593
vn -0.1518 0.9404 0.3043
v -0.1309 0.3735 0.1582
vt 0.5737 0.9440
vn -0.1518 0.9404 0.3043
v -0.1403 0.3720 0.1582
vt 0.5731 0.8533
vn -0.1518 0.9404 0.3043
f 1521/1521/1521 1522/1522/1522 1523/1523/1523
v -0.1499 0.3488 0.2250
vt 0.5695 0.9386
vn 0.7723 0.5576 0.3043
v -0.1403 0.3720 0.1582
vt 0.5731 0.8292
vn 0.7723 0.5576 0.3043
v -0.1458 0.3797 0.1582
vt 0.5718 0.9228
vn 0.7723 0.5576 0.3043
f 1524/1524/1524 1525/1525/1525 1526/1526/1526
v -0.0674 0.2664 0.2250
vt 0.5763 0.9386
vn 0.5576 0.7723 0.3043
v -0.0366 0.2705 0.1582
vt 0.5815 0.9228
vn 0.5576 0.7723 0.3043
v -0.0443 0.2760 0.1582
vt 0.5819 0.8292
vn 0.5576 0.7723 0.3043
f 1527/1527/1527 1528/1528/1528 1529/1529/1529
v -0.0674 0.2664 0.2250
vt 0.5769 0.9159
vn 0.9404 -0.1518 0.3043
v -0.0443 0.2760 0.1582
vt 0.5819 0.8065
vn 0.9404 -0.1518 0.3043
v -0.0428 0.2854 0.1582
vt 0.5815 0.9029
vn 0.9404 -0.1518 0.3043
f 1530/1530/1530 1531/1531/1531 1532/1532/1532
v -0.0674 0.1499 0.2250
vt 0.5682 0.8974
vn 0.9404 0.1518 0.3043
v -0.0428 0.1309 0.1582
vt 0.5718 0.8872
vn 0.9404 0.1518 0.3043
v -0.0443 0.1403 0.1582
vt 0.5731 0.8264
vn 0.9404 0.1518 0.3043
f 1533/1533/1533 1534/1534/1534 1535/1535/1535
v -0.0674 0.1499 0.2250
vt 0.5695 0.8836
vn 0.5576 -0.7723 0.3043
v -0.0443 0.1403 0.1582
vt 0.5731 0.8102
vn 0.5576 -0.7723 0.3043
v -0.0366 0.1458 0.1582
vt 0.5737 0.8729
vn 0.5576 -0.7723 0.3043
f 1536/1536/1536 1537/1537/1537 1538/1538/1538
v -0.1499 0.0675 0.2250
vt 0.5504 0.8836
vn 0.7723 -0.5576 0.3043
v -0.1458 0.0366 0.1582
vt 0.5504 0.8729
vn 0.7723 -0.5576 0.3043
v -0.1403 0.0443 0.1582
vt 0.5517 0.8102
vn 0.7723 -0.5576 0.3043
f 1539/1539/1539 1540/1540/1540 1541/1541/1541
v -0.1499 0.0675 0.2250
vt 0.5517 0.8683
vn -0.1518 -0.9404 0.3043
v -0.1403 0.0443 0.1582
vt 0.5517 0.7950
vn -0.1518 -0.9404 0.3043
v -0.1309 0.0428 0.1582
vt 0.5530 0.8596
vn -0.1518 -0.9404 0.3043
f 1542/1542/1542 1543/1543/1543 1544/1544/1544
v -0.2664 0.0675 0.2250
vt 0.5333 0.8974
vn 0.1518 -0.9404 0.3043
v -0.2854 0.0428 0.1582
vt 0.5297 0.8872
vn 0.1518 -0.9404 0.3043
v -0.2760 0.0443 0.1582
vt 0.5303 0.8264
vn 0.1518 -0.9404 0.3043
f 1545/1545/1545 1546/1546/1546 1547/1547/1547
v -0.2664 0.0675 0.2250
vt 0.5339 0.8836
vn -0.7723 -0.5576 0.3043
v -0.2760 0.0443 0.1582
vt 0.5303 0.8102
vn -0.7723 -0.5576 0.3043
v -0.2704 0.0366 0.1582
vt 0.5316 0.8729
vn -0.7723 -0.5576 0.3043
f 1548/1548/1548 1549/1549/1549 1550/1550/1550
v -0.3488 0.1499 0.2250
vt 0.5270 0.8836
vn -0.5576 -0.7723 0.3043
v -0.3797 0.1458 0.1582
vt 0.5219 0.8729
vn -0.5576 -0.7723 0.3043
v -0.3720 0.1403 0.1582
vt 0.5214 0.8102
vn -0.5576 -0.7723 0.3043
f 1551/1551/1551 1552/1552/1552 1553/1553/1553
v -0.3488 0.1499 0.2250
vt 0.5265 0.8683
vn -0.9404 0.1518 0.3043
v -0.3720 0.1403 0.1582
vt 0.5214 0.7950
vn -0.9404 0.1518 0.3043
v -0.3735 0.1309 0.1582
vt 0.5219 0.8596
vn -0.9404 0.1518 0.3043
f 1554/1554/1554 1555/1555/1555 1556/1556/1556
v -0.3488 0.2664 0.2250
vt 0.5352 0.9593
vn -0.9404 -0.1518 0.3043
v -0.3735 0.2854 0.1582
vt 0.5316 0.9440
vn -0.9404 -0.1518 0.3043
v -0.3720 0.2760 0.1582
vt 0.5303 0.8533
vn -0.9404 -0.1518 0.3043
f 1557/1557/1557 1558/1558/1558 1559/1559/1559
v -0.3488 0.2664 0.2250
vt 0.5339 0.9386
vn -0.5576 0.7723 0.3043
v -0.3720 0.2760 0.1582
vt 0.5303 0.8292
vn -0.5576 0.7723 0.3043
v -0.3797 0.2705 0.1582
vt 0.5297 0.9228
vn -0.5576 0.7723 0.3043
f 1560/1560/1560 1561/1561/1561 1562/1562/1562
v -0.3988 0.2785 -0.0875
vt 0.5273 0.8868
vn -0.5274 0.8496 0.0000
v -0.3988 0.2785 0.0875
vt 0.5273 0.9060
vn -0.5274 0.8496 0.0000
v -0.3905 0.2837 0.0875
vt 0.5278 0.8122
vn -0.5274 0.8496 0.0000
v -0.3905 0.2837 -0.0875
vt 0.5278 0.7931
vn -0.5274 0.8496 0.0000
f 1563/1563/1563 1564/1564/1564 1565/1565/1565 1566/1566/1566
v -0.3905 0.2837 -0.0875
vt 0.5278 0.8172
vn -0.9737 -0.2279 0.0000
v -0.3905 0.2837 0.0875
vt 0.5278 0.8364
vn -0.9737 -0.2279 0.0000
v -0.3927 0.2932 0.0875
vt 0.5291 0.9276
vn -0.9737 -0.2279 0.0000
v -0.3927 0.2932 -0.0875
vt 0.5291 0.9084
vn -0.9737 -0.2279 0.0000
f 1567/1567/1567 1568/1568/1568 1569/1569/1569 1570/1570/1570
v -0.2785 0.3988 0.0875
vt 0.5530 0.9060
vn -0.8496 0.5274 0.0000
v -0.2785 0.3988 -0.0875
vt 0.5530 0.8868
vn -0.8496 0.5274 0.0000
v -0.2837 0.3905 -0.0875
vt 0.5517 0.8868
vn -0.8496 0.5274 0.0000
v -0.2837 0.3905 0.0875
vt 0.5517 0.7966
vn -0.8496 0.5274 0.0000
f 1571/1571/1571 1572/1572/1572 1573/1573/1573 1574/1574/1574
v -0.2837 0.3905 0.0875
vt 0.5517 0.7739
vn 0.2278 0.9737 0.0000
v -0.2837 0.3905 -0.0875
vt 0.5517 0.8641
vn 0.2278 0.9737 0.0000
v -0.2932 0.3927 -0.0875
vt 0.5504 0.8666
vn 0.2278 0.9737 0.0000
v -0.2932 0.3927 0.0875
vt 0.5504 0.8858
vn 0.2278 0.9737 0.0000
f 1575/1575/1575 1576/1576/1576 1577/1577/1577 1578/1578/1578
v -0.3927 0.1231 -0.0875
vt 0.5185 0.8353
vn -0.9737 0.2278 0.0000
v -0.3927 0.1231 0.0875
vt 0.5185 0.8482
vn -0.9737 0.2278 0.0000
v -0.3905 0.1326 0.0875
vt 0.5180 0.7836
vn -0.9737 0.2278 0.0000
v -0.3905 0.1326 -0.0875
vt 0.5180 0.7708
vn -0.9737 0.2278 0.0000
f 1579/1579/1579 1580/1580/1580 1581/1581/1581 1582/1582/1582
v -0.3905 0.1326 -0.0875
vt 0.5180 0.7860
vn -0.5274 -0.8496 0.0000
v -0.3905 0.1326 0.0875
vt 0.5180 0.7989
vn -0.5274 -0.8496 0.0000
v -0.3988 0.1378 0.0875
vt 0.5185 0.8617
vn -0.5274 -0.8496 0.0000
v -0.3988 0.1378 -0.0875
vt 0.5185 0.8488
vn -0.5274 -0.8496 0.0000
f 1583/1583/1583 1584/1584/1584 1585/1585/1585 1586/1586/1586
v -0.2785 0.0175 -0.0875
vt 0.5291 0.8488
vn -0.8496 -0.5274 0.0000
v -0.2785 0.0175 0.0875
vt 0.5291 0.8617
vn -0.8496 -0.5274 0.0000
v -0.2837 0.0258 0.0875
vt 0.5278 0.7989
vn -0.8496 -0.5274 0.0000
v -0.2837 0.0258 -0.0875
vt 0.5278 0.7860
vn -0.8496 -0.5274 0.0000
f 1587/1587/1587 1588/1588/1588 1589/1589/1589 1590/1590/1590
v -0.2837 0.0258 -0.0875
vt 0.5278 0.8022
vn 0.2278 -0.9737 -0.0000
v -0.2837 0.0258 0.0875
vt 0.5278 0.8151
vn 0.2278 -0.9737 -0.0000
v -0.2932 0.0236 0.0875
vt 0.5273 0.8762
vn 0.2278 -0.9737 -0.0000
v -0.2932 0.0236 -0.0875
vt 0.5273 0.8633
vn 0.2278 -0.9737 -0.0000
f 1591/1591/1591 1592/1592/1592 1593/1593/1593 1594/1594/1594
v -0.1230 0.0236 -0.0875
vt 0.5530 0.8353
vn -0.2278 -0.9737 0.0000
v -0.1230 0.0236 0.0875
vt 0.5530 0.8482
vn -0.2278 -0.9737 0.0000
v -0.1326 0.0258 0.0875
vt 0.5517 0.7836
vn -0.2278 -0.9737 0.0000
v -0.1326 0.0258 -0.0875
vt 0.5517 0.7708
vn -0.2278 -0.9737 0.0000
f 1595/1595/1595 1596/1596/1596 1597/1597/1597 1598/1598/1598
v -0.1326 0.0258 -0.0875
vt 0.5517 0.7860
vn 0.8496 -0.5274 -0.0000
v -0.1326 0.0258 0.0875
vt 0.5517 0.7989
vn 0.8496 -0.5274 -0.0000
v -0.1378 0.0175 0.0875
vt 0.5504 0.8617
vn 0.8496 -0.5274 -0.0000
v -0.1378 0.0175 -0.0875
vt 0.5504 0.8488
vn 0.8496 -0.5274 -0.0000
f 1599/1599/1599 1600/1600/1600 1601/1601/1601 1602/1602/1602
v -0.0174 0.1378 -0.0875
vt 0.5760 0.8488
vn 0.5274 -0.8496 0.0000
v -0.0174 0.1378 0.0875
vt 0.5760 0.8617
vn 0.5274 -0.8496 0.0000
v -0.0258 0.1326 0.0875
vt 0.5755 0.7989
vn 0.5274 -0.8496 0.0000
v -0.0258 0.1326 -0.0875
vt 0.5755 0.7860
vn 0.5274 -0.8496 0.0000
f 1603/1603/1603 1604/1604/1604 1605/1605/1605 1606/1606/1606
v -0.0258 0.1326 -0.0875
vt 0.5755 0.8022
vn 0.9737 0.2278 0.0000
v -0.0258 0.1326 0.0875
vt 0.5755 0.8151
vn 0.9737 0.2278 0.0000
v -0.0235 0.1231 0.0875
vt 0.5742 0.8762
vn 0.9737 0.2278 0.0000
v -0.0235 0.1231 -0.0875
vt 0.5742 0.8633
vn 0.9737 0.2278 0.0000
f 1607/1607/1607 1608/1608/1608 1609/1609/1609 1610/1610/1610
v -0.0235 0.2932 -0.0875
vt 0.5848 0.8666
vn 0.9737 -0.2278 -0.0000
v -0.0235 0.2932 0.0875
vt 0.5848 0.8858
vn 0.9737 -0.2278 -0.0000
v -0.0258 0.2837 0.0875
vt 0.5854 0.7895
vn 0.9737 -0.2278 -0.0000
v -0.0258 0.2837 -0.0875
vt 0.5854 0.7703
vn 0.9737 -0.2278 -0.0000
f 1611/1611/1611 1612/1612/1612 1613/1613/1613 1614/1614/1614
v -0.0258 0.2837 -0.0875
vt 0.5854 0.7931
vn 0.5274 0.8496 -0.0000
v -0.0258 0.2837 0.0875
vt 0.5854 0.8122
vn 0.5274 0.8496 -0.0000
v -0.0174 0.2785 0.0875
vt 0.5848 0.9060
vn 0.5274 0.8496 -0.0000
v -0.0174 0.2785 -0.0875
vt 0.5848 0.8868
vn 0.5274 0.8496 -0.0000
f 1615/1615/1615 1616/1616/1616 1617/1617/1617 1618/1618/1618
v -0.1378 0.3988 -0.0875
vt 0.5742 0.8868
vn 0.8496 0.5274 0.0000
v -0.1378 0.3988 0.0875
vt 0.5742 0.9060
vn 0.8496 0.5274 0.0000
v -0.1326 0.3905 0.0875
vt 0.5755 0.8122
vn 0.8496 0.5274 0.0000
v -0.1326 0.3905 -0.0875
vt 0.5755 0.7931
vn 0.8496 0.5274 0.0000
f 1619/1619/1619 1620/1620/1620 1621/1621/1621 1622/1622/1622
v -0.1326 0.3905 -0.0875
vt 0.5755 0.8172
vn -0.2278 0.9737 0.0000
v -0.1326 0.3905 0.0875
vt 0.5755 0.8364
vn -0.2278 0.9737 0.0000
v -0.1230 0.3927 0.0875
vt 0.5760 0.9276
vn -0.2278 0.9737 0.0000
v -0.1230 0.3927 -0.0875
vt 0.5760 0.9084
vn -0.2278 0.9737 0.0000
f 1623/1623/1623 1624/1624/1624 1625/1625/1625 1626/1626/1626
v -0.2664 0.3488 -0.2250
vt 0.5530 0.8631
vn -0.0000 0.9078 -0.4194
v -0.2704 0.3797 -0.1582
vt 0.5530 0.9013
vn -0.0000 0.9078 -0.4194
v -0.1458 0.3797 -0.1582
vt 0.5718 0.9013
vn -0.0000 0.9078 -0.4194
v -0.1499 0.3488 -0.2250
vt 0.5682 0.8631
vn -0.0000 0.9078 -0.4194
f 1627/1627/1627 1628/1628/1628 1629/1629/1629 1630/1630/1630
v -0.1304 0.0205 -0.0875
vt 0.1832 0.9623
vn 0.2622 -0.6329 0.7285
v -0.1378 0.0175 -0.0875
vt 0.1819 0.9017
vn 0.1021 -0.7235 0.6827
v -0.1219 0.0000 -0.1084
vt 0.1832 0.9547
vn 0.2794 -0.6746 0.6832
f 1631/1631/1631 1632/1632/1632 1633/1633/1633
v -0.0235 0.1231 -0.0875
vt 0.2057 0.9017
vn 0.5838 -0.4393 0.6828
v -0.1230 0.0236 -0.0875
vt 0.1845 0.9017
vn 0.4393 -0.5838 0.6827
v -0.1219 0.0000 -0.1084
vt 0.1832 0.9547
vn 0.2794 -0.6746 0.6832
v 0.0000 0.1219 -0.1084
vt 0.2092 0.9547
vn 0.6746 -0.2794 0.6832
f 1634/1634/1634 1635/1635/1635 1636/1636/1636 1637/1637/1637
v -0.0205 0.1304 -0.0875
vt 0.2077 0.9623
vn 0.6329 -0.2622 0.7285
v -0.0235 0.1231 -0.0875
vt 0.2057 0.9017
vn 0.5838 -0.4393 0.6828
v 0.0000 0.1219 -0.1084
vt 0.2092 0.9547
vn 0.6746 -0.2794 0.6832
f 1638/1638/1638 1639/1639/1639 1640/1640/1640
v -0.0174 0.2785 -0.0875
vt 0.2163 0.9657
vn 0.7235 0.1021 0.6827
v -0.0174 0.1378 -0.0875
vt 0.2075 0.9017
vn 0.7235 -0.1022 0.6828
v 0.0000 0.1219 -0.1084
vt 0.2092 0.9547
vn 0.6746 -0.2794 0.6832
v 0.0000 0.2944 -0.1084
vt 0.2200 0.9547
vn 0.6746 0.2794 0.6832
f 1641/1641/1641 1642/1642/1642 1643/1643/1643 1644/1644/1644
v -0.0205 0.2859 -0.0875
vt 0.2178 0.9623
vn 0.6329 0.2622 0.7285
v -0.0174 0.2785 -0.0875
vt 0.2163 0.9657
vn 0.7235 0.1021 0.6827
v 0.0000 0.2944 -0.1084
vt 0.2200 0.9547
vn 0.6746 0.2794 0.6832
f 1645/1645/1645 1646/1646/1646 1647/1647/1647
v -0.1230 0.3927 -0.0875
vt 0.2075 0.9657
vn 0.4393 0.5838 0.6828
v -0.0235 0.2932 -0.0875
vt 0.2163 0.9657
vn 0.5838 0.4393 0.6827
v 0.0000 0.2944 -0.1084
vt 0.2200 0.9547
vn 0.6746 0.2794 0.6832
v -0.1219 0.4163 -0.1084
vt 0.2092 0.9547
vn 0.2794 0.6746 0.6832
f 1648/1648/1648 1649/1649/1649 1650/1650/1650 1651/1651/1651
v -0.1304 0.3958 -0.0875
vt 0.2077 0.9623
vn 0.2621 0.6329 0.7285
v -0.1230 0.3927 -0.0875
vt 0.2075 0.9657
vn 0.4393 0.5838 0.6828
v -0.1219 0.4163 -0.1084
vt 0.2092 0.9547
vn 0.2794 0.6746 0.6832
f 1652/1652/1652 1653/1653/1653 1654/1654/1654
v -0.2785 0.3988 -0.0875
vt 0.1845 0.9657
vn -0.1022 0.7235 0.6828
v -0.1378 0.3988 -0.0875
vt 0.2057 0.9657
vn 0.1022 0.7235 0.6828
v -0.1219 0.4163 -0.1084
vt 0.2092 0.9547
vn 0.2794 0.6746 0.6832
v -0.2943 0.4163 -0.1084
vt 0.1832 0.9547
vn -0.2794 0.6746 0.6832
f 1655/1655/1655 1656/1656/1656 1657/1657/1657 1658/1658/1658
v -0.2858 0.3958 -0.0875
vt 0.1832 0.9623
vn -0.2622 0.6329 0.7285
v -0.2785 0.3988 -0.0875
vt 0.1845 0.9657
vn -0.1022 0.7235 0.6828
v -0.2943 0.4163 -0.1084
vt 0.1832 0.9547
vn -0.2794 0.6746 0.6832
f 1659/1659/1659 1660/1660/1660 1661/1661/1661
v -0.3927 0.2932 -0.0875
vt 0.1606 0.9657
vn -0.5838 0.4393 0.6828
v -0.2932 0.3927 -0.0875
vt 0.1819 0.9657
vn -0.4393 0.5838 0.6828
v -0.2943 0.4163 -0.1084
vt 0.1832 0.9547
vn -0.2794 0.6746 0.6832
v -0.4163 0.2944 -0.1084
vt 0.1572 0.9547
vn -0.6746 0.2794 0.6832
f 1662/1662/1662 1663/1663/1663 1664/1664/1664 1665/1665/1665
v -0.3958 0.2859 -0.0875
vt 0.1587 0.9623
vn -0.6329 0.2622 0.7285
v -0.3927 0.2932 -0.0875
vt 0.1606 0.9657
vn -0.5838 0.4393 0.6828
v -0.4163 0.2944 -0.1084
vt 0.1572 0.9547
vn -0.6746 0.2794 0.6832
f 1666/1666/1666 1667/1667/1667 1668/1668/1668
v -0.3988 0.1378 -0.0875
vt 0.1500 0.9017
vn -0.7235 -0.1021 0.6827
v -0.3988 0.2785 -0.0875
vt 0.1588 0.9657
vn -0.7235 0.1022 0.6828
v -0.4163 0.2944 -0.1084
vt 0.1572 0.9547
vn -0.6746 0.2794 0.6832
v -0.4163 0.1219 -0.1084
vt 0.1464 0.9547
vn -0.6746 -0.2794 0.6832
f 1669/1669/1669 1670/1670/1670 1671/1671/1671 1672/1672/1672
v -0.3958 0.1304 -0.0875
vt 0.1485 0.9623
vn -0.6329 -0.2622 0.7285
v -0.3988 0.1378 -0.0875
vt 0.1500 0.9017
vn -0.7235 -0.1021 0.6827
v -0.4163 0.1219 -0.1084
vt 0.1464 0.9547
vn -0.6746 -0.2794 0.6832
f 1673/1673/1673 1674/1674/1674 1675/1675/1675
v -0.2932 0.0236 -0.0875
vt 0.1588 0.9017
vn -0.4393 -0.5838 0.6828
v -0.3927 0.1231 -0.0875
vt 0.1500 0.9017
vn -0.5838 -0.4393 0.6827
v -0.4163 0.1219 -0.1084
vt 0.1464 0.9547
vn -0.6746 -0.2794 0.6832
v -0.2943 0.0000 -0.1084
vt 0.1572 0.9547
vn -0.2794 -0.6746 0.6832
f 1676/1676/1676 1677/1677/1677 1678/1678/1678 1679/1679/1679
v -0.2858 0.0205 -0.0875
vt 0.1587 0.9623
vn -0.2622 -0.6329 0.7285
v -0.2932 0.0236 -0.0875
vt 0.1588 0.9017
vn -0.4393 -0.5838 0.6828
v -0.2943 0.0000 -0.1084
vt 0.1572 0.9547
vn -0.2794 -0.6746 0.6832
f 1680/1680/1680 1681/1681/1681 1682/1682/1682
v -0.1378 0.0175 -0.0875
vt 0.1819 0.9017
vn 0.1021 -0.7235 0.6827
v -0.2785 0.0175 -0.0875
vt 0.1606 0.9017
vn -0.1022 -0.7235 0.6828
v -0.2943 0.0000 -0.1084
vt 0.1572 0.9547
vn -0.2794 -0.6746 0.6832
v -0.1219 0.0000 -0.1084
vt 0.1832 0.9547
vn 0.2794 -0.6746 0.6832
f 1683/1683/1683 1684/1684/1684 1685/1685/1685 1686/1686/1686
v -0.4048 0.1267 0.1508
vt 0.1484 0.9759
vn -0.2306 -0.0955 0.9684
v -0.2896 0.0115 0.1508
vt 0.1586 0.9759
vn -0.0955 -0.2306 0.9684
v -0.2854 0.0428 0.1582
vt 0.1612 0.9111
vn -0.0915 -0.2168 0.9719
v -0.3735 0.1309 0.1582
vt 0.1534 0.9111
vn -0.2168 -0.0915 0.9719
f 1687/1687/1687 1688/1688/1688 1689/1689/1689 1690/1690/1690
v -0.1267 0.0115 0.1508
vt 0.1832 0.9759
vn 0.0955 -0.2306 0.9684
v -0.1403 0.0443 0.1582
vt 0.1832 0.9103
vn 0.0778 -0.1879 0.9791
v -0.1458 0.0366 0.1582
vt 0.1819 0.9111
vn 0.0886 -0.2180 0.9719
f 1691/1691/1691 1692/1692/1692 1693/1693/1693
v -0.2896 0.0115 0.1508
vt 0.1586 0.9759
vn -0.0955 -0.2306 0.9684
v -0.1267 0.0115 0.1508
vt 0.1832 0.9759
vn 0.0955 -0.2306 0.9684
v -0.1458 0.0366 0.1582
vt 0.1819 0.9111
vn 0.0886 -0.2180 0.9719
v -0.2704 0.0366 0.1582
vt 0.1631 0.9111
vn -0.0886 -0.2180 0.9719
f 1694/1694/1694 1695/1695/1695 1696/1696/1696 1697/1697/1697
v -0.0428 0.1309 0.1582
vt 0.2033 0.9111
vn 0.2168 -0.0915 0.9719
v -0.1309 0.0428 0.1582
vt 0.1845 0.9111
vn 0.0915 -0.2168 0.9719
v -0.1267 0.0115 0.1508
vt 0.1832 0.9759
vn 0.0955 -0.2306 0.9684
v -0.0114 0.1267 0.1508
vt 0.2078 0.9759
vn 0.2306 -0.0955 0.9684
f 1698/1698/1698 1699/1699/1699 1700/1700/1700 1701/1701/1701
v -0.0443 0.1403 0.1582
vt 0.2056 0.9103
vn 0.1879 -0.0778 0.9791
v -0.0428 0.1309 0.1582
vt 0.2033 0.9111
vn 0.2168 -0.0915 0.9719
v -0.0114 0.1267 0.1508
vt 0.2078 0.9759
vn 0.2306 -0.0955 0.9684
f 1702/1702/1702 1703/1703/1703 1704/1704/1704
v -0.0366 0.2705 0.1582
vt 0.2130 0.9798
vn 0.2180 0.0886 0.9719
v -0.0366 0.1458 0.1582
vt 0.2052 0.9111
vn 0.2180 -0.0886 0.9719
v -0.0114 0.1267 0.1508
vt 0.2078 0.9759
vn 0.2306 -0.0955 0.9684
v -0.0114 0.2896 0.1508
vt 0.2179 0.9759
vn 0.2306 0.0955 0.9684
f 1705/1705/1705 1706/1706/1706 1707/1707/1707 1708/1708/1708
v -0.0443 0.2760 0.1582
vt 0.2149 0.9786
vn 0.1879 0.0778 0.9791
v -0.0366 0.2705 0.1582
vt 0.2130 0.9798
vn 0.2180 0.0886 0.9719
v -0.0114 0.2896 0.1508
vt 0.2179 0.9759
vn 0.2306 0.0955 0.9684
f 1709/1709/1709 1710/1710/1710 1711/1711/1711
v -0.1309 0.3735 0.1582
vt 0.2052 0.9798
vn 0.0915 0.2168 0.9719
v -0.0428 0.2854 0.1582
vt 0.2130 0.9798
vn 0.2168 0.0915 0.9719
v -0.0114 0.2896 0.1508
vt 0.2179 0.9759
vn 0.2306 0.0955 0.9684
v -0.1267 0.4048 0.1508
vt 0.2078 0.9759
vn 0.0955 0.2306 0.9684
f 1712/1712/1712 1713/1713/1713 1714/1714/1714 1715/1715/1715
v -0.1403 0.3720 0.1582
vt 0.2056 0.9786
vn 0.0778 0.1879 0.9791
v -0.1309 0.3735 0.1582
vt 0.2052 0.9798
vn 0.0915 0.2168 0.9719
v -0.1267 0.4048 0.1508
vt 0.2078 0.9759
vn 0.0955 0.2306 0.9684
f 1716/1716/1716 1717/1717/1717 1718/1718/1718
v -0.2704 0.3797 0.1582
vt 0.1845 0.9798
vn -0.0886 0.2180 0.9719
v -0.1458 0.3797 0.1582
vt 0.2033 0.9798
vn 0.0886 0.2180 0.9719
v -0.1267 0.4048 0.1508
vt 0.2078 0.9759
vn 0.0955 0.2306 0.9684
v -0.2896 0.4048 0.1508
vt 0.1832 0.9759
vn -0.0955 0.2306 0.9684
f 1719/1719/1719 1720/1720/1720 1721/1721/1721 1722/1722/1722
v -0.2760 0.3720 0.1582
vt 0.1832 0.9786
vn -0.0778 0.1879 0.9791
v -0.2704 0.3797 0.1582
vt 0.1845 0.9798
vn -0.0886 0.2180 0.9719
v -0.2896 0.4048 0.1508
vt 0.1832 0.9759
vn -0.0955 0.2306 0.9684
f 1723/1723/1723 1724/1724/1724 1725/1725/1725
v -0.3735 0.2854 0.1582
vt 0.1631 0.9798
vn -0.2168 0.0915 0.9719
v -0.2854 0.3735 0.1582
vt 0.1819 0.9798
vn -0.0915 0.2168 0.9719
v -0.2896 0.4048 0.1508
vt 0.1832 0.9759
vn -0.0955 0.2306 0.9684
v -0.4048 0.2896 0.1508
vt 0.1586 0.9759
vn -0.2306 0.0955 0.9684
f 1726/1726/1726 1727/1727/1727 1728/1728/1728 1729/1729/1729
v -0.3720 0.2760 0.1582
vt 0.1608 0.9786
vn -0.1879 0.0778 0.9791
v -0.3735 0.2854 0.1582
vt 0.1631 0.9798
vn -0.2168 0.0915 0.9719
v -0.4048 0.2896 0.1508
vt 0.1586 0.9759
vn -0.2306 0.0955 0.9684
f 1730/1730/1730 1731/1731/1731 1732/1732/1732
v -0.4048 0.1267 0.1508
vt 0.1484 0.9759
vn -0.2306 -0.0955 0.9684
v -0.3720 0.1403 0.1582
vt 0.1515 0.9103
vn -0.1879 -0.0778 0.9791
v -0.3797 0.1458 0.1582
vt 0.1534 0.9111
vn -0.2180 -0.0886 0.9719
f 1733/1733/1733 1734/1734/1734 1735/1735/1735
v -0.4048 0.2896 0.1508
vt 0.1586 0.9759
vn -0.2306 0.0955 0.9684
v -0.4048 0.1267 0.1508
vt 0.1484 0.9759
vn -0.2306 -0.0955 0.9684
v -0.3797 0.1458 0.1582
vt 0.1534 0.9111
vn -0.2180 -0.0886 0.9719
v -0.3797 0.2705 0.1582
vt 0.1612 0.9798
vn -0.2180 0.0886 0.9719
f 1736/1736/1736 1737/1737/1737 1738/1738/1738 1739/1739/1739
v -0.3720 0.1403 0.1582
vt 0.1515 0.9103
vn -0.1879 -0.0778 0.9791
v -0.4048 0.1267 0.1508
vt 0.1484 0.9759
vn -0.2306 -0.0955 0.9684
v -0.3735 0.1309 0.1582
vt 0.1534 0.9111
vn -0.2168 -0.0915 0.9719
f 1740/1740/1740 1741/1741/1741 1742/1742/1742
v -0.2704 0.0366 -0.1582
vt 0.1631 0.8348
vn -0.0886 -0.2180 -0.9719
v -0.1458 0.0366 -0.1582
vt 0.1819 0.8348
vn 0.0886 -0.2180 -0.9719
v -0.1267 0.0115 -0.1508
vt 0.1832 0.8698
vn 0.0955 -0.2306 -0.9684
v -0.2896 0.0115 -0.1508
vt 0.1586 0.8698
vn -0.0955 -0.2306 -0.9684
f 1743/1743/1743 1744/1744/1744 1745/1745/1745 1746/1746/1746
v -0.1403 0.0443 -0.1582
vt 0.1832 0.8356
vn 0.0778 -0.1879 -0.9791
v -0.1309 0.0428 -0.1582
vt 0.1845 0.8348
vn 0.0915 -0.2168 -0.9719
v -0.1267 0.0115 -0.1508
vt 0.1832 0.8698
vn 0.0955 -0.2306 -0.9684
f 1747/1747/1747 1748/1748/1748 1749/1749/1749
v -0.1309 0.0428 -0.1582
vt 0.1845 0.8348
vn 0.0915 -0.2168 -0.9719
v -0.0428 0.1309 -0.1582
vt 0.2033 0.8348
vn 0.2168 -0.0915 -0.9719
v -0.0114 0.1267 -0.1508
vt 0.2078 0.8698
vn 0.2306 -0.0955 -0.9684
v -0.1267 0.0115 -0.1508
vt 0.1832 0.8698
vn 0.0955 -0.2306 -0.9684
f 1750/1750/1750 1751/1751/1751 1752/1752/1752 1753/1753/1753
v -0.0443 0.1403 -0.1582
vt 0.2056 0.8356
vn 0.1879 -0.0778 -0.9791
v -0.0366 0.1458 -0.1582
vt 0.2052 0.8348
vn 0.2180 -0.0886 -0.9719
v -0.0114 0.1267 -0.1508
vt 0.2078 0.8698
vn 0.2306 -0.0955 -0.9684
f 1754/1754/1754 1755/1755/1755 1756/1756/1756
v -0.0366 0.1458 -0.1582
vt 0.2052 0.8348
vn 0.2180 -0.0886 -0.9719
v -0.0366 0.2705 -0.1582
vt 0.2130 0.8659
vn 0.2180 0.0886 -0.9719
v -0.0114 0.2896 -0.1508
vt 0.2179 0.8698
vn 0.2306 0.0955 -0.9684
v -0.0114 0.1267 -0.1508
vt 0.2078 0.8698
vn 0.2306 -0.0955 -0.9684
f 1757/1757/1757 1758/1758/1758 1759/1759/1759 1760/1760/1760
v -0.0443 0.2760 -0.1582
vt 0.2149 0.8671
vn 0.1879 0.0778 -0.9791
v -0.0428 0.2854 -0.1582
vt 0.2130 0.8659
vn 0.2168 0.0915 -0.9719
v -0.0114 0.2896 -0.1508
vt 0.2179 0.8698
vn 0.2306 0.0955 -0.9684
f 1761/1761/1761 1762/1762/1762 1763/1763/1763
v -0.0428 0.2854 -0.1582
vt 0.2130 0.8659
vn 0.2168 0.0915 -0.9719
v -0.1309 0.3735 -0.1582
vt 0.2052 0.8659
vn 0.0915 0.2168 -0.9719
v -0.1267 0.4048 -0.1508
vt 0.2078 0.8698
vn 0.0955 0.2306 -0.9684
v -0.0114 0.2896 -0.1508
vt 0.2179 0.8698
vn 0.2306 0.0955 -0.9684
f 1764/1764/1764 1765/1765/1765 1766/1766/1766 1767/1767/1767
v -0.1403 0.3720 -0.1582
vt 0.2056 0.8671
vn 0.0778 0.1879 -0.9791
v -0.1458 0.3797 -0.1582
vt 0.2033 0.8659
vn 0.0886 0.2180 -0.9719
v -0.1267 0.4048 -0.1508
vt 0.2078 0.8698
vn 0.0955 0.2306 -0.9684
f 1768/1768/1768 1769/1769/1769 1770/1770/1770
v -0.1458 0.3797 -0.1582
vt 0.2033 0.8659
vn 0.0886 0.2180 -0.9719
v -0.2704 0.3797 -0.1582
vt 0.1845 0.8659
vn -0.0886 0.2180 -0.9719
v -0.2896 0.4048 -0.1508
vt 0.1832 0.8698
vn -0.0955 0.2306 -0.9684
v -0.1267 0.4048 -0.1508
vt 0.2078 0.8698
vn 0.0955 0.2306 -0.9684
f 1771/1771/1771 1772/1772/1772 1773/1773/1773 1774/1774/1774
v -0.2760 0.3720 -0.1582
vt 0.1832 0.8671
vn -0.0778 0.1879 -0.9791
v -0.2854 0.3735 -0.1582
vt 0.1819 0.8659
vn -0.0915 0.2168 -0.9719
v -0.2896 0.4048 -0.1508
vt 0.1832 0.8698
vn -0.0955 0.2306 -0.9684
f 1775/1775/1775 1776/1776/1776 1777/1777/1777
v -0.2854 0.3735 -0.1582
vt 0.1819 0.8659
vn -0.0915 0.2168 -0.9719
v -0.3735 0.2854 -0.1582
vt 0.1631 0.8659
vn -0.2168 0.0915 -0.9719
v -0.4048 0.2896 -0.1508
vt 0.1586 0.8698
vn -0.2306 0.0955 -0.9684
v -0.2896 0.4048 -0.1508
vt 0.1832 0.8698
vn -0.0955 0.2306 -0.9684
f 1778/1778/1778 1779/1779/1779 1780/1780/1780 1781/1781/1781
v -0.3720 0.2760 -0.1582
vt 0.1608 0.8671
vn -0.1879 0.0778 -0.9791
v -0.3797 0.2705 -0.1582
vt 0.1612 0.8659
vn -0.2180 0.0886 -0.9719
v -0.4048 0.2896 -0.1508
vt 0.1586 0.8698
vn -0.2306 0.0955 -0.9684
f 1782/1782/1782 1783/1783/1783 1784/1784/1784
v -0.3797 0.2705 -0.1582
vt 0.1612 0.8659
vn -0.2180 0.0886 -0.9719
v -0.3797 0.1458 -0.1582
vt 0.1534 0.8348
vn -0.2180 -0.0886 -0.9719
v -0.4048 0.1267 -0.1508
vt 0.1484 0.8698
vn -0.2306 -0.0955 -0.9684
v -0.4048 0.2896 -0.1508
vt 0.1586 0.8698
vn -0.2306 0.0955 -0.9684
f 1785/1785/1785 1786/1786/1786 1787/1787/1787 1788/1788/1788
v -0.3720 0.1403 -0.1582
vt 0.1515 0.8356
vn -0.1879 -0.0778 -0.9791
v -0.3735 0.1309 -0.1582
vt 0.1534 0.8348
vn -0.2168 -0.0915 -0.9719
v -0.4048 0.1267 -0.1508
vt 0.1484 0.8698
vn -0.2306 -0.0955 -0.9684
f 1789/1789/1789 1790/1790/1790 1791/1791/1791
v -0.3735 0.1309 -0.1582
vt 0.1534 0.8348
vn -0.2168 -0.0915 -0.9719
v -0.2854 0.0428 -0.1582
vt 0.1612 0.8348
vn -0.0915 -0.2168 -0.9719
v -0.2896 0.0115 -0.1508
vt 0.1586 0.8698
vn -0.0955 -0.2306 -0.9684
v -0.4048 0.1267 -0.1508
vt 0.1484 0.8698
vn -0.2306 -0.0955 -0.9684
f 1792/1792/1792 1793/1793/1793 1794/1794/1794 1795/1795/1795
v -0.2760 0.0443 -0.1582
vt 0.1608 0.8356
vn -0.0778 -0.1879 -0.9791
v -0.2704 0.0366 -0.1582
vt 0.1631 0.8348
vn -0.0886 -0.2180 -0.9719
v -0.2896 0.0115 -0.1508
vt 0.1586 0.8698
vn -0.0955 -0.2306 -0.9684
f 1796/1796/1796 1797/1797/1797 1798/1798/1798
v 0.0623 0.4169 0.1582
vt 0.5737 0.8872
vn 0.0000 -0.9078 0.4194
v 0.0583 0.4477 0.2250
vt 0.5700 0.8974
vn 0.0000 -0.9078 0.4194
v -0.0583 0.4477 0.2250
vt 0.5763 0.8707
vn 0.0000 -0.9078 0.4194
v -0.0623 0.4169 0.1582
vt 0.5815 0.8596
vn 0.0000 -0.9078 0.4194
f 1799/1799/1799 1800/1800/1800 1801/1801/1801 1802/1802/1802
v -0.0815 0.3917 0.1508
vt 0.2179 0.9759
vn -0.0955 -0.2306 0.9684
v -0.0623 0.4169 0.1582
vt 0.2130 0.9111
vn -0.0886 -0.2180 0.9719
v -0.0679 0.4246 0.1582
vt 0.2149 0.9103
vn -0.0778 -0.1879 0.9791
f 1803/1803/1803 1804/1804/1804 1805/1805/1805
v -0.1967 0.5069 0.1508
vt 0.2078 0.9759
vn -0.2306 -0.0955 0.9684
v -0.1654 0.5112 0.1582
vt 0.2052 0.9111
vn -0.2168 -0.0915 0.9719
v -0.1639 0.5205 0.1582
vt 0.2056 0.9103
vn -0.1879 -0.0778 0.9791
f 1806/1806/1806 1807/1807/1807 1808/1808/1808
v -0.1967 0.6699 0.1508
vt 0.1832 0.9759
vn -0.2306 0.0955 0.9684
v -0.1716 0.6507 0.1582
vt 0.1845 0.9798
vn -0.2180 0.0886 0.9719
v -0.1639 0.6563 0.1582
vt 0.1832 0.9786
vn -0.1879 0.0778 0.9791
f 1809/1809/1809 1810/1810/1810 1811/1811/1811
v -0.0815 0.7851 0.1508
vt 0.1586 0.9759
vn -0.0955 0.2306 0.9684
v -0.0772 0.7538 0.1582
vt 0.1631 0.9798
vn -0.0915 0.2168 0.9719
v -0.0679 0.7523 0.1582
vt 0.1608 0.9786
vn -0.0778 0.1879 0.9791
f 1812/1812/1812 1813/1813/1813 1814/1814/1814
v -0.0815 0.7851 0.1508
vt 0.1586 0.9759
vn -0.0955 0.2306 0.9684
v -0.0679 0.7523 0.1582
vt 0.1608 0.9786
vn -0.0778 0.1879 0.9791
v -0.0623 0.7600 0.1582
vt 0.1612 0.9798
vn -0.0886 0.2180 0.9719
f 1815/1815/1815 1816/1816/1816 1817/1817/1817
v -0.1060 0.5445 -0.2250
vt 0.5649 0.7926
vn 0.9422 -0.0000 -0.3351
v -0.1060 0.6323 -0.2250
vt 0.5517 0.8029
vn 0.9422 -0.0000 -0.3351
v -0.0917 0.6264 -0.1847
vt 0.5517 0.8095
vn 0.9422 -0.0000 -0.3351
v -0.0917 0.5504 -0.1847
vt 0.5631 0.7971
vn 0.9422 -0.0000 -0.3351
f 1818/1818/1818 1819/1819/1819 1820/1820/1820 1821/1821/1821
v 0.1967 0.6699 0.1508
vt 0.1586 0.9759
vn 0.2306 0.0955 0.9684
v 0.1654 0.6656 0.1582
vt 0.1612 0.9798
vn 0.2168 0.0915 0.9719
v 0.1639 0.6563 0.1582
vt 0.1608 0.9786
vn 0.1879 0.0778 0.9791
f 1822/1822/1822 1823/1823/1823 1824/1824/1824
v 0.0815 0.3917 0.1508
vt 0.2078 0.9759
vn 0.0955 -0.2306 0.9684
v 0.0772 0.4230 0.1582
vt 0.2033 0.9111
vn 0.0915 -0.2168 0.9719
v 0.0679 0.4246 0.1582
vt 0.2056 0.9103
vn 0.0778 -0.1879 0.9791
f 1825/1825/1825 1826/1826/1826 1827/1827/1827
v 0.1060 0.6323 0.2250
vt 0.5384 0.9389
vn -0.6662 -0.6662 0.3351
v 0.0439 0.6945 0.2250
vt 0.5329 0.9389
vn -0.6662 -0.6662 0.3351
v 0.0380 0.6801 0.1847
vt 0.5355 0.9323
vn -0.6662 -0.6662 0.3351
v 0.0917 0.6264 0.1847
vt 0.5402 0.9323
vn -0.6662 -0.6662 0.3351
f 1828/1828/1828 1829/1829/1829 1830/1830/1830 1831/1831/1831
v 0.1715 0.6507 -0.1582
vt 0.1631 0.8659
vn 0.2180 0.0886 -0.9719
v 0.1639 0.6563 -0.1582
vt 0.1608 0.8671
vn 0.1879 0.0778 -0.9791
v 0.1967 0.6699 -0.1508
vt 0.1586 0.8698
vn 0.2306 0.0955 -0.9684
f 1832/1832/1832 1833/1833/1833 1834/1834/1834
v 0.0772 0.7538 -0.1582
vt 0.1534 0.8659
vn 0.0915 0.2168 -0.9719
v 0.0679 0.7523 -0.1582
vt 0.1515 0.8671
vn 0.0778 0.1879 -0.9791
v 0.0815 0.7851 -0.1508
vt 0.1484 0.8698
vn 0.0955 0.2306 -0.9684
f 1835/1835/1835 1836/1836/1836 1837/1837/1837
v -0.0623 0.7600 -0.1582
vt 0.1612 0.8659
vn -0.0886 0.2180 -0.9719
v -0.0679 0.7523 -0.1582
vt 0.1608 0.8671
vn -0.0778 0.1879 -0.9791
v -0.0815 0.7851 -0.1508
vt 0.1586 0.8698
vn -0.0955 0.2306 -0.9684
f 1838/1838/1838 1839/1839/1839 1840/1840/1840
v -0.0704 0.7791 0.0875
vt 0.5273 0.9588
vn 0.0000 1.0000 0.0000
v 0.0704 0.7791 0.0875
vt 0.5185 0.9171
vn 0.0000 1.0000 0.0000
v 0.0704 0.7791 -0.0875
vt 0.5185 0.8979
vn 0.0000 1.0000 0.0000
v -0.0704 0.7791 -0.0875
vt 0.5273 0.9396
vn 0.0000 1.0000 0.0000
f 1841/1841/1841 1842/1842/1842 1843/1843/1843 1844/1844/1844
v -0.1967 0.6699 -0.1508
vt 0.1832 0.8698
vn -0.2306 0.0955 -0.9684
v -0.1654 0.6656 -0.1582
vt 0.1819 0.8659
vn -0.2168 0.0915 -0.9719
v -0.1639 0.6563 -0.1582
vt 0.1832 0.8671
vn -0.1879 0.0778 -0.9791
f 1845/1845/1845 1846/1846/1846 1847/1847/1847
v -0.1407 0.5301 -0.2250
vt 0.5682 0.8259
vn -0.9078 0.0000 -0.4194
v -0.1716 0.5261 -0.1582
vt 0.5718 0.8518
vn -0.9078 0.0000 -0.4194
v -0.1716 0.6507 -0.1582
vt 0.5530 0.8502
vn -0.9078 0.0000 -0.4194
v -0.1407 0.6467 -0.2250
vt 0.5530 0.8126
vn -0.9078 0.0000 -0.4194
f 1848/1848/1848 1849/1849/1849 1850/1850/1850 1851/1851/1851
v 0.2082 0.5022 -0.1084
vt 0.1832 0.9547
vn 0.6746 -0.2794 0.6832
v 0.1907 0.5181 -0.0875
vt 0.1819 0.9017
vn 0.7235 -0.1022 0.6828
v 0.1876 0.5107 -0.0875
vt 0.1832 0.9623
vn 0.6329 -0.2622 0.7285
f 1852/1852/1852 1853/1853/1853 1854/1854/1854
v -0.1716 0.5261 -0.1582
vt 0.2033 0.8348
vn -0.2180 -0.0886 -0.9719
v -0.1639 0.5205 -0.1582
vt 0.2056 0.8356
vn -0.1879 -0.0778 -0.9791
v -0.1967 0.5069 -0.1508
vt 0.2078 0.8698
vn -0.2306 -0.0955 -0.9684
f 1855/1855/1855 1856/1856/1856 1857/1857/1857
v -0.0772 0.4230 -0.1582
vt 0.2130 0.8348
vn -0.0915 -0.2168 -0.9719
v -0.0679 0.4246 -0.1582
vt 0.2149 0.8356
vn -0.0778 -0.1879 -0.9791
v -0.0815 0.3917 -0.1508
vt 0.2179 0.8698
vn -0.0955 -0.2306 -0.9684
f 1858/1858/1858 1859/1859/1859 1860/1860/1860
v -0.1407 0.6467 -0.2250
vt 0.5504 0.8631
vn -0.6419 0.6419 -0.4194
v -0.1654 0.6656 -0.1582
vt 0.5504 0.9013
vn -0.6419 0.6419 -0.4194
v -0.0772 0.7538 -0.1582
vt 0.5316 0.9013
vn -0.6419 0.6419 -0.4194
v -0.0583 0.7291 -0.2250
vt 0.5352 0.8631
vn -0.6419 0.6419 -0.4194
f 1861/1861/1861 1862/1862/1862 1863/1863/1863 1864/1864/1864
v 0.0851 0.7730 0.0875
vt 0.5185 0.9372
vn 0.7071 0.7071 0.0000
v 0.1846 0.6735 0.0875
vt 0.5273 0.9372
vn 0.7071 0.7071 0.0000
v 0.1846 0.6735 -0.0875
vt 0.5273 0.9181
vn 0.7071 0.7071 0.0000
v 0.0851 0.7730 -0.0875
vt 0.5185 0.9181
vn 0.7071 0.7071 0.0000
f 1865/1865/1865 1866/1866/1866 1867/1867/1867 1868/1868/1868
v 0.0623 0.4169 -0.1582
vt 0.2052 0.8348
vn 0.0886 -0.2180 -0.9719
v 0.0679 0.4246 -0.1582
vt 0.2056 0.8356
vn 0.0778 -0.1879 -0.9791
v 0.0815 0.3917 -0.1508
vt 0.2078 0.8698
vn 0.0955 -0.2306 -0.9684
f 1869/1869/1869 1870/1870/1870 1871/1871/1871
v 0.1654 0.5112 -0.1582
vt 0.1845 0.8348
vn 0.2168 -0.0915 -0.9719
v 0.1639 0.5205 -0.1582
vt 0.1832 0.8356
vn 0.1879 -0.0778 -0.9791
v 0.1967 0.5069 -0.1508
vt 0.1832 0.8698
vn 0.2306 -0.0955 -0.9684
f 1872/1872/1872 1873/1873/1873 1874/1874/1874
v -0.0851 0.4038 0.0875
vt 0.5848 0.8617
vn -0.7071 -0.7071 0.0000
v -0.1846 0.5033 0.0875
vt 0.5760 0.8617
vn -0.7071 -0.7071 0.0000
v -0.1846 0.5033 -0.0875
vt 0.5760 0.8488
vn -0.7071 -0.7071 0.0000
v -0.0851 0.4038 -0.0875
vt 0.5848 0.8488
vn -0.7071 -0.7071 0.0000
f 1875/1875/1875 1876/1876/1876 1877/1877/1877 1878/1878/1878
v -0.0583 0.7291 -0.2250
vt 0.5333 0.8837
vn -0.0000 0.9078 -0.4194
v -0.0623 0.7600 -0.1582
vt 0.5297 0.9225
vn -0.0000 0.9078 -0.4194
v 0.0623 0.7600 -0.1582
vt 0.5219 0.8814
vn -0.0000 0.9078 -0.4194
v 0.0583 0.7291 -0.2250
vt 0.5270 0.8438
vn -0.0000 0.9078 -0.4194
f 1879/1879/1879 1880/1880/1880 1881/1881/1881 1882/1882/1882
v 0.1060 0.5445 -0.2250
vt 0.5517 0.8031
vn -0.0000 0.0000 -1.0000
v 0.1060 0.6323 -0.2250
vt 0.5384 0.8186
vn -0.0000 0.0000 -1.0000
v 0.1407 0.6467 -0.2250
vt 0.5352 0.8186
vn -0.0000 0.0000 -1.0000
v 0.1407 0.5301 -0.2250
vt 0.5517 0.8031
vn -0.0000 0.0000 -1.0000
f 1883/1883/1883 1884/1884/1884 1885/1885/1885 1886/1886/1886
v 0.0439 0.4824 0.2250
vt 0.5649 0.9047
vn 0.0000 -0.0000 1.0000
v -0.0439 0.4824 0.2250
vt 0.5704 0.9047
vn 0.0000 -0.0000 1.0000
v -0.0583 0.4477 0.2250
vt 0.5763 0.9047
vn 0.0000 -0.0000 1.0000
v 0.0583 0.4477 0.2250
vt 0.5685 0.9047
vn 0.0000 -0.0000 1.0000
f 1887/1887/1887 1888/1888/1888 1889/1889/1889 1890/1890/1890
v 0.1060 0.5445 0.2250
vt 0.5517 0.9047
vn 0.0000 -0.0000 1.0000
v 0.0439 0.4824 0.2250
vt 0.5649 0.9047
vn 0.0000 -0.0000 1.0000
v 0.0583 0.4477 0.2250
vt 0.5682 0.9047
vn 0.0000 -0.0000 1.0000
v 0.1407 0.5301 0.2250
vt 0.5517 0.9047
vn 0.0000 -0.0000 1.0000
f 1891/1891/1891 1892/1892/1892 1893/1893/1893 1894/1894/1894
v 0.1060 0.6323 0.2250
vt 0.5384 0.9702
vn 0.0000 -0.0000 1.0000
v 0.1060 0.5445 0.2250
vt 0.5517 0.9047
vn 0.0000 -0.0000 1.0000
v 0.1407 0.5301 0.2250
vt 0.5504 0.9047
vn 0.0000 -0.0000 1.0000
v 0.1407 0.6467 0.2250
vt 0.5349 0.9702
vn 0.0000 -0.0000 1.0000
f 1895/1895/1895 1896/1896/1896 1897/1897/1897 1898/1898/1898
v -0.0439 0.4824 0.2250
vt 0.5704 0.9047
vn 0.0000 -0.0000 1.0000
v -0.1060 0.5445 0.2250
vt 0.5649 0.9047
vn 0.0000 -0.0000 1.0000
v -0.1407 0.5301 0.2250
vt 0.5700 0.9047
vn 0.0000 -0.0000 1.0000
v -0.0583 0.4477 0.2250
vt 0.5755 0.9047
vn 0.0000 -0.0000 1.0000
f 1899/1899/1899 1900/1900/1900 1901/1901/1901 1902/1902/1902
v -0.1060 0.6323 -0.2250
vt 0.5517 0.8186
vn -0.0000 0.0000 -1.0000
v -0.1060 0.5445 -0.2250
vt 0.5649 0.8031
vn -0.0000 0.0000 -1.0000
v -0.1407 0.5301 -0.2250
vt 0.5682 0.8031
vn -0.0000 0.0000 -1.0000
v -0.1407 0.6467 -0.2250
vt 0.5517 0.8186
vn -0.0000 0.0000 -1.0000
f 1903/1903/1903 1904/1904/1904 1905/1905/1905 1906/1906/1906
v -0.1060 0.5445 0.2250
vt 0.5649 0.9047
vn 0.0000 -0.0000 1.0000
v -0.1060 0.6323 0.2250
vt 0.5517 0.9702
vn 0.0000 -0.0000 1.0000
v -0.1407 0.6467 0.2250
vt 0.5530 0.9702
vn 0.0000 -0.0000 1.0000
v -0.1407 0.5301 0.2250
vt 0.5685 0.9047
vn 0.0000 -0.0000 1.0000
f 1907/1907/1907 1908/1908/1908 1909/1909/1909 1910/1910/1910
v -0.0439 0.6945 -0.2250
vt 0.5384 0.8186
vn -0.0000 0.0000 -1.0000
v -0.1060 0.6323 -0.2250
vt 0.5517 0.8186
vn -0.0000 0.0000 -1.0000
v -0.1407 0.6467 -0.2250
vt 0.5504 0.8186
vn -0.0000 0.0000 -1.0000
v -0.0583 0.7291 -0.2250
vt 0.5349 0.8186
vn -0.0000 0.0000 -1.0000
f 1911/1911/1911 1912/1912/1912 1913/1913/1913 1914/1914/1914
v -0.1060 0.6323 0.2250
vt 0.5517 0.9702
vn 0.0000 -0.0000 1.0000
v -0.0439 0.6945 0.2250
vt 0.5384 0.9702
vn 0.0000 -0.0000 1.0000
v -0.0583 0.7291 0.2250
vt 0.5352 0.9702
vn 0.0000 -0.0000 1.0000
v -0.1407 0.6467 0.2250
vt 0.5517 0.9702
vn 0.0000 -0.0000 1.0000
f 1915/1915/1915 1916/1916/1916 1917/1917/1917 1918/1918/1918
v 0.0439 0.6945 -0.2250
vt 0.5329 0.8186
vn -0.0000 0.0000 -1.0000
v -0.0439 0.6945 -0.2250
vt 0.5384 0.8186
vn -0.0000 0.0000 -1.0000
v -0.0583 0.7291 -0.2250
vt 0.5333 0.8186
vn -0.0000 0.0000 -1.0000
v 0.0583 0.7291 -0.2250
vt 0.5279 0.8186
vn -0.0000 0.0000 -1.0000
f 1919/1919/1919 1920/1920/1920 1921/1921/1921 1922/1922/1922
v -0.0439 0.6945 0.2250
vt 0.5384 0.9702
vn 0.0000 -0.0000 1.0000
v 0.0439 0.6945 0.2250
vt 0.5329 0.9702
vn 0.0000 -0.0000 1.0000
v 0.0583 0.7291 0.2250
vt 0.5270 0.9702
vn 0.0000 -0.0000 1.0000
v -0.0583 0.7291 0.2250
vt 0.5349 0.9702
vn 0.0000 -0.0000 1.0000
f 1923/1923/1923 1924/1924/1924 1925/1925/1925 1926/1926/1926
v 0.1060 0.6323 -0.2250
vt 0.5384 0.8186
vn -0.0000 0.0000 -1.0000
v 0.0439 0.6945 -0.2250
vt 0.5329 0.8186
vn -0.0000 0.0000 -1.0000
v 0.0583 0.7291 -0.2250
vt 0.5270 0.8186
vn -0.0000 0.0000 -1.0000
v 0.1407 0.6467 -0.2250
vt 0.5349 0.8186
vn -0.0000 0.0000 -1.0000
f 1927/1927/1927 1928/1928/1928 1929/1929/1929 1930/1930/1930
v 0.0439 0.6945 0.2250
vt 0.5329 0.9702
vn 0.0000 -0.0000 1.0000
v 0.1060 0.6323 0.2250
vt 0.5384 0.9702
vn 0.0000 -0.0000 1.0000
v 0.1407 0.6467 0.2250
vt 0.5333 0.9702
vn 0.0000 -0.0000 1.0000
v 0.0583 0.7291 0.2250
vt 0.5279 0.9702
vn 0.0000 -0.0000 1.0000
f 1931/1931/1931 1932/1932/1932 1933/1933/1933 1934/1934/1934
v 0.1907 0.6588 0.0875
vt 0.1606 0.8800
vn 0.7670 0.0000 -0.6416
v 0.2082 0.6746 0.1084
vt 0.1572 0.8910
vn 0.7670 0.0000 -0.6416
v 0.2082 0.5022 0.1084
vt 0.1832 0.8834
vn 0.7670 0.0000 -0.6416
v 0.1907 0.5181 0.0875
vt 0.1819 0.8443
vn 0.7670 0.0000 -0.6416
f 1935/1935/1935 1936/1936/1936 1937/1937/1937 1938/1938/1938
v -0.0439 0.4824 -0.2250
vt 0.5704 0.8031
vn -0.0000 0.0000 -1.0000
v 0.0439 0.4824 -0.2250
vt 0.5649 0.8031
vn -0.0000 0.0000 -1.0000
v 0.0583 0.4477 -0.2250
vt 0.5700 0.8031
vn -0.0000 0.0000 -1.0000
v -0.0583 0.4477 -0.2250
vt 0.5755 0.8031
vn -0.0000 0.0000 -1.0000
f 1939/1939/1939 1940/1940/1940 1941/1941/1941 1942/1942/1942
v -0.1060 0.5445 -0.2250
vt 0.5649 0.8031
vn -0.0000 0.0000 -1.0000
v -0.0439 0.4824 -0.2250
vt 0.5704 0.8031
vn -0.0000 0.0000 -1.0000
v -0.0583 0.4477 -0.2250
vt 0.5763 0.8031
vn -0.0000 0.0000 -1.0000
v -0.1407 0.5301 -0.2250
vt 0.5685 0.8031
vn -0.0000 0.0000 -1.0000
f 1943/1943/1943 1944/1944/1944 1945/1945/1945 1946/1946/1946
v 0.1060 0.6323 -0.2250
vt 0.5384 0.8029
vn -0.9422 0.0000 -0.3351
v 0.1060 0.5445 -0.2250
vt 0.5517 0.7926
vn -0.9422 0.0000 -0.3351
v 0.0917 0.5504 -0.1847
vt 0.5517 0.7971
vn -0.9422 0.0000 -0.3351
v 0.0917 0.6264 -0.1847
vt 0.5402 0.8095
vn -0.9422 0.0000 -0.3351
f 1947/1947/1947 1948/1948/1948 1949/1949/1949 1950/1950/1950
v -0.1060 0.6323 0.2250
vt 0.5517 0.9389
vn 0.9422 0.0000 0.3351
v -0.1060 0.5445 0.2250
vt 0.5649 0.8838
vn 0.9422 0.0000 0.3351
v -0.0917 0.5504 0.1847
vt 0.5631 0.8793
vn 0.9422 0.0000 0.3351
v -0.0917 0.6264 0.1847
vt 0.5517 0.9323
vn 0.9422 0.0000 0.3351
f 1951/1951/1951 1952/1952/1952 1953/1953/1953 1954/1954/1954
v 0.1060 0.5445 -0.2250
vt 0.5517 0.7926
vn -0.6662 0.6662 -0.3351
v 0.0439 0.4824 -0.2250
vt 0.5649 0.7926
vn -0.6662 0.6662 -0.3351
v 0.0380 0.4967 -0.1847
vt 0.5631 0.7971
vn -0.6662 0.6662 -0.3351
v 0.0917 0.5504 -0.1847
vt 0.5517 0.7971
vn -0.6662 0.6662 -0.3351
f 1955/1955/1955 1956/1956/1956 1957/1957/1957 1958/1958/1958
v 0.1060 0.5445 0.2250
vt 0.5517 0.8838
vn -0.9422 -0.0000 0.3351
v 0.1060 0.6323 0.2250
vt 0.5384 0.9389
vn -0.9422 -0.0000 0.3351
v 0.0917 0.6264 0.1847
vt 0.5402 0.9323
vn -0.9422 -0.0000 0.3351
v 0.0917 0.5504 0.1847
vt 0.5517 0.8793
vn -0.9422 -0.0000 0.3351
f 1959/1959/1959 1960/1960/1960 1961/1961/1961 1962/1962/1962
v -0.1060 0.6323 -0.2250
vt 0.5517 0.8029
vn 0.6662 -0.6662 -0.3351
v -0.0439 0.6945 -0.2250
vt 0.5384 0.8029
vn 0.6662 -0.6662 -0.3351
v -0.0380 0.6801 -0.1847
vt 0.5402 0.8095
vn 0.6662 -0.6662 -0.3351
v -0.0917 0.6264 -0.1847
vt 0.5517 0.8095
vn 0.6662 -0.6662 -0.3351
f 1963/1963/1963 1964/1964/1964 1965/1965/1965 1966/1966/1966
v 0.0439 0.4824 0.2250
vt 0.5649 0.8838
vn -0.6662 0.6662 0.3351
v 0.1060 0.5445 0.2250
vt 0.5517 0.8838
vn -0.6662 0.6662 0.3351
v 0.0917 0.5504 0.1847
vt 0.5517 0.8793
vn -0.6662 0.6662 0.3351
v 0.0380 0.4967 0.1847
vt 0.5631 0.8793
vn -0.6662 0.6662 0.3351
f 1967/1967/1967 1968/1968/1968 1969/1969/1969 1970/1970/1970
v -0.0439 0.6945 0.2250
vt 0.5384 0.9389
vn 0.6662 -0.6662 0.3351
v -0.1060 0.6323 0.2250
vt 0.5517 0.9389
vn 0.6662 -0.6662 0.3351
v -0.0917 0.6264 0.1847
vt 0.5517 0.9323
vn 0.6662 -0.6662 0.3351
v -0.0380 0.6801 0.1847
vt 0.5402 0.9323
vn 0.6662 -0.6662 0.3351
f 1971/1971/1971 1972/1972/1972 1973/1973/1973 1974/1974/1974
v 0.0439 0.4824 -0.2250
vt 0.5649 0.7926
vn -0.0000 0.9422 -0.3351
v -0.0439 0.4824 -0.2250
vt 0.5704 0.7926
vn -0.0000 0.9422 -0.3351
v -0.0380 0.4967 -0.1847
vt 0.5679 0.7971
vn -0.0000 0.9422 -0.3351
v 0.0380 0.4967 -0.1847
vt 0.5631 0.7971
vn -0.0000 0.9422 -0.3351
f 1975/1975/1975 1976/1976/1976 1977/1977/1977 1978/1978/1978
v -0.0439 0.6945 -0.2250
vt 0.5384 0.8029
vn 0.0000 -0.9422 -0.3351
v 0.0439 0.6945 -0.2250
vt 0.5329 0.8029
vn 0.0000 -0.9422 -0.3351
v 0.0380 0.6801 -0.1847
vt 0.5355 0.8095
vn 0.0000 -0.9422 -0.3351
v -0.0380 0.6801 -0.1847
vt 0.5402 0.8095
vn 0.0000 -0.9422 -0.3351
f 1979/1979/1979 1980/1980/1980 1981/1981/1981 1982/1982/1982
v -0.0439 0.4824 0.2250
vt 0.5704 0.8838
vn 0.0000 0.9422 0.3351
v 0.0439 0.4824 0.2250
vt 0.5649 0.8838
vn 0.0000 0.9422 0.3351
v 0.0380 0.4967 0.1847
vt 0.5631 0.8793
vn 0.0000 0.9422 0.3351
v -0.0380 0.4967 0.1847
vt 0.5679 0.8793
vn 0.0000 0.9422 0.3351
f 1983/1983/1983 1984/1984/1984 1985/1985/1985 1986/1986/1986
v 0.0439 0.6945 0.2250
vt 0.5329 0.9389
vn 0.0000 -0.9422 0.3351
v -0.0439 0.6945 0.2250
vt 0.5384 0.9389
vn 0.0000 -0.9422 0.3351
v -0.0380 0.6801 0.1847
vt 0.5402 0.9323
vn 0.0000 -0.9422 0.3351
v 0.0380 0.6801 0.1847
vt 0.5355 0.9323
vn 0.0000 -0.9422 0.3351
f 1987/1987/1987 1988/1988/1988 1989/1989/1989 1990/1990/1990
v -0.0439 0.4824 -0.2250
vt 0.5704 0.7926
vn 0.6662 0.6662 -0.3351
v -0.1060 0.5445 -0.2250
vt 0.5649 0.7926
vn 0.6662 0.6662 -0.3351
v -0.0917 0.5504 -0.1847
vt 0.5631 0.7971
vn 0.6662 0.6662 -0.3351
v -0.0380 0.4967 -0.1847
vt 0.5679 0.7971
vn 0.6662 0.6662 -0.3351
f 1991/1991/1991 1992/1992/1992 1993/1993/1993 1994/1994/1994
v 0.0439 0.6945 -0.2250
vt 0.5329 0.8029
vn -0.6662 -0.6662 -0.3351
v 0.1060 0.6323 -0.2250
vt 0.5384 0.8029
vn -0.6662 -0.6662 -0.3351
v 0.0917 0.6264 -0.1847
vt 0.5402 0.8095
vn -0.6662 -0.6662 -0.3351
v 0.0380 0.6801 -0.1847
vt 0.5355 0.8095
vn -0.6662 -0.6662 -0.3351
f 1995/1995/1995 1996/1996/1996 1997/1997/1997 1998/1998/1998
v -0.1060 0.5445 0.2250
vt 0.5649 0.8838
vn 0.6662 0.6662 0.3351
v -0.0439 0.4824 0.2250
vt 0.5704 0.8838
vn 0.6662 0.6662 0.3351
v -0.0380 0.4967 0.1847
vt 0.5679 0.8793
vn 0.6662 0.6662 0.3351
v -0.0917 0.5504 0.1847
vt 0.5631 0.8793
vn 0.6662 0.6662 0.3351
f 1999/1999/1999 2000/2000/2000 2001/2001/2001 2002/2002/2002
v 0.1846 0.5033 0.0875
vt 0.5530 0.8617
vn 0.7071 -0.7071 -0.0000
v 0.0851 0.4038 0.0875
vt 0.5742 0.8617
vn 0.7071 -0.7071 -0.0000
v 0.0851 0.4038 -0.0875
vt 0.5742 0.8488
vn 0.7071 -0.7071 -0.0000
v 0.1846 0.5033 -0.0875
vt 0.5530 0.8488
vn 0.7071 -0.7071 -0.0000
f 2003/2003/2003 2004/2004/2004 2005/2005/2005 2006/2006/2006
v 0.2082 0.6746 -0.1084
vt 0.1572 0.9547
vn 0.6746 0.2794 0.6832
v 0.1846 0.6735 -0.0875
vt 0.1588 0.9657
vn 0.5838 0.4393 0.6828
v 0.1876 0.6661 -0.0875
vt 0.1587 0.9623
vn 0.6329 0.2622 0.7285
f 2007/2007/2007 2008/2008/2008 2009/2009/2009
v 0.0862 0.7966 -0.1084
vt 0.1464 0.9547
vn 0.2794 0.6746 0.6832
v 0.0704 0.7791 -0.0875
vt 0.1500 0.9657
vn 0.1021 0.7235 0.6827
v 0.0777 0.7760 -0.0875
vt 0.1485 0.9623
vn 0.2622 0.6329 0.7285
f 2010/2010/2010 2011/2011/2011 2012/2012/2012
v -0.0851 0.7730 -0.0875
vt 0.1606 0.9657
vn -0.4393 0.5838 0.6828
v -0.0777 0.7760 -0.0875
vt 0.1587 0.9623
vn -0.2621 0.6329 0.7285
v -0.0862 0.7966 -0.1084
vt 0.1572 0.9547
vn -0.2794 0.6746 0.6832
f 2013/2013/2013 2014/2014/2014 2015/2015/2015
v -0.2082 0.6746 -0.1084
vt 0.1832 0.9547
vn -0.6746 0.2794 0.6832
v -0.1907 0.6588 -0.0875
vt 0.1845 0.9657
vn -0.7235 0.1021 0.6827
v -0.1876 0.6661 -0.0875
vt 0.1832 0.9623
vn -0.6329 0.2622 0.7285
f 2016/2016/2016 2017/2017/2017 2018/2018/2018
v -0.2082 0.5022 -0.1084
vt 0.2092 0.9547
vn -0.6746 -0.2794 0.6832
v -0.1846 0.5033 -0.0875
vt 0.2075 0.9017
vn -0.5838 -0.4393 0.6828
v -0.1876 0.5107 -0.0875
vt 0.2077 0.9623
vn -0.6329 -0.2621 0.7285
f 2019/2019/2019 2020/2020/2020 2021/2021/2021
v -0.0862 0.3802 -0.1084
vt 0.2200 0.9547
vn -0.2794 -0.6746 0.6832
v -0.0704 0.3977 -0.0875
vt 0.2163 0.9017
vn -0.1021 -0.7235 0.6827
v -0.0777 0.4008 -0.0875
vt 0.2178 0.9623
vn -0.2622 -0.6329 0.7285
f 2022/2022/2022 2023/2023/2023 2024/2024/2024
v 0.1846 0.5033 0.0875
vt 0.1845 0.8443
vn 0.5424 -0.5424 -0.6416
v 0.2082 0.5022 0.1084
vt 0.1832 0.8910
vn 0.5424 -0.5424 -0.6416
v 0.0862 0.3802 0.1084
vt 0.2077 0.8834
vn 0.5424 -0.5424 -0.6416
v 0.0851 0.4038 0.0875
vt 0.2057 0.8443
vn 0.5424 -0.5424 -0.6416
f 2025/2025/2025 2026/2026/2026 2027/2027/2027 2028/2028/2028
v 0.1907 0.6588 0.0875
vt 0.5291 0.9276
vn 1.0000 -0.0000 -0.0000
v 0.1907 0.5181 0.0875
vt 0.5504 0.8482
vn 1.0000 -0.0000 -0.0000
v 0.1907 0.5181 -0.0875
vt 0.5504 0.8353
vn 1.0000 -0.0000 -0.0000
v 0.1907 0.6588 -0.0875
vt 0.5291 0.9084
vn 1.0000 -0.0000 -0.0000
f 2029/2029/2029 2030/2030/2030 2031/2031/2031 2032/2032/2032
v 0.1967 0.5069 0.1508
vt 0.1832 0.9759
vn 0.2306 -0.0955 0.9684
v 0.1715 0.5261 0.1582
vt 0.1819 0.9111
vn 0.2180 -0.0886 0.9719
v 0.1639 0.5205 0.1582
vt 0.1832 0.9103
vn 0.1879 -0.0778 0.9791
f 2033/2033/2033 2034/2034/2034 2035/2035/2035
v -0.0862 0.7966 0.1084
vt 0.1572 0.8910
vn -0.0000 0.7670 -0.6416
v 0.0862 0.7966 0.1084
vt 0.1485 0.8834
vn -0.0000 0.7670 -0.6416
v 0.0704 0.7791 0.0875
vt 0.1500 0.8800
vn -0.0000 0.7670 -0.6416
v -0.0704 0.7791 0.0875
vt 0.1588 0.8800
vn -0.0000 0.7670 -0.6416
f 2036/2036/2036 2037/2037/2037 2038/2038/2038 2039/2039/2039
v -0.2082 0.6746 0.1084
vt 0.1832 0.8910
vn -0.5424 0.5424 -0.6416
v -0.0862 0.7966 0.1084
vt 0.1587 0.8834
vn -0.5424 0.5424 -0.6416
v -0.0851 0.7730 0.0875
vt 0.1606 0.8800
vn -0.5424 0.5424 -0.6416
v -0.1846 0.6735 0.0875
vt 0.1819 0.8800
vn -0.5424 0.5424 -0.6416
f 2040/2040/2040 2041/2041/2041 2042/2042/2042 2043/2043/2043
v -0.1907 0.5181 0.0875
vt 0.2057 0.8443
vn -0.7670 0.0000 -0.6416
v -0.2082 0.5022 0.1084
vt 0.2092 0.8910
vn -0.7670 0.0000 -0.6416
v -0.2082 0.6746 0.1084
vt 0.1832 0.8834
vn -0.7670 0.0000 -0.6416
v -0.1907 0.6588 0.0875
vt 0.1845 0.8800
vn -0.7670 0.0000 -0.6416
f 2044/2044/2044 2045/2045/2045 2046/2046/2046 2047/2047/2047
v -0.0851 0.4038 0.0875
vt 0.2163 0.8443
vn -0.5424 -0.5424 -0.6416
v -0.0862 0.3802 0.1084
vt 0.2200 0.8910
vn -0.5424 -0.5424 -0.6416
v -0.2082 0.5022 0.1084
vt 0.2077 0.8834
vn -0.5424 -0.5424 -0.6416
v -0.1846 0.5033 0.0875
vt 0.2075 0.8443
vn -0.5424 -0.5424 -0.6416
f 2048/2048/2048 2049/2049/2049 2050/2050/2050 2051/2051/2051
v -0.0583 0.4477 -0.2250
vt 0.5763 0.8120
vn -0.6419 -0.6419 -0.4194
v -0.0772 0.4230 -0.1582
vt 0.5815 0.8376
vn -0.6419 -0.6419 -0.4194
v -0.1654 0.5112 -0.1582
vt 0.5737 0.8376
vn -0.6419 -0.6419 -0.4194
v -0.1407 0.5301 -0.2250
vt 0.5700 0.8120
vn -0.6419 -0.6419 -0.4194
f 2052/2052/2052 2053/2053/2053 2054/2054/2054 2055/2055/2055
v 0.0704 0.3977 0.0875
vt 0.2075 0.8443
vn -0.0000 -0.7670 -0.6416
v 0.0862 0.3802 0.1084
vt 0.2092 0.8910
vn -0.0000 -0.7670 -0.6416
v -0.0862 0.3802 0.1084
vt 0.2178 0.8834
vn -0.0000 -0.7670 -0.6416
v -0.0704 0.3977 0.0875
vt 0.2163 0.8443
vn -0.0000 -0.7670 -0.6416
f 2056/2056/2056 2057/2057/2057 2058/2058/2058 2059/2059/2059
v 0.0583 0.4477 -0.2250
vt 0.5700 0.8259
vn 0.0000 -0.9078 -0.4194
v 0.0623 0.4169 -0.1582
vt 0.5737 0.8518
vn 0.0000 -0.9078 -0.4194
v -0.0623 0.4169 -0.1582
vt 0.5815 0.8243
vn 0.0000 -0.9078 -0.4194
v -0.0583 0.4477 -0.2250
vt 0.5763 0.7991
vn 0.0000 -0.9078 -0.4194
f 2060/2060/2060 2061/2061/2061 2062/2062/2062 2063/2063/2063
v 0.0704 0.3977 0.0875
vt 0.5760 0.8762
vn -0.0000 -1.0000 0.0000
v -0.0704 0.3977 0.0875
vt 0.5848 0.8482
vn -0.0000 -1.0000 0.0000
v -0.0704 0.3977 -0.0875
vt 0.5848 0.8353
vn -0.0000 -1.0000 0.0000
v 0.0704 0.3977 -0.0875
vt 0.5760 0.8633
vn -0.0000 -1.0000 0.0000
f 2064/2064/2064 2065/2065/2065 2066/2066/2066 2067/2067/2067
v 0.0851 0.7730 0.0875
vt 0.1500 0.8800
vn 0.5424 0.5424 -0.6416
v 0.0862 0.7966 0.1084
vt 0.1464 0.8910
vn 0.5424 0.5424 -0.6416
v 0.2082 0.6746 0.1084
vt 0.1587 0.8834
vn 0.5424 0.5424 -0.6416
v 0.1846 0.6735 0.0875
vt 0.1588 0.8800
vn 0.5424 0.5424 -0.6416
f 2068/2068/2068 2069/2069/2069 2070/2070/2070 2071/2071/2071
v 0.0583 0.7291 -0.2250
vt 0.5270 0.8631
vn 0.6419 0.6419 -0.4194
v 0.0772 0.7538 -0.1582
vt 0.5219 0.9013
vn 0.6419 0.6419 -0.4194
v 0.1654 0.6656 -0.1582
vt 0.5297 0.9013
vn 0.6419 0.6419 -0.4194
v 0.1407 0.6467 -0.2250
vt 0.5333 0.8631
vn 0.6419 0.6419 -0.4194
f 2072/2072/2072 2073/2073/2073 2074/2074/2074 2075/2075/2075
v -0.1846 0.6735 0.0875
vt 0.5504 0.9372
vn -0.7071 0.7071 0.0000
v -0.0851 0.7730 0.0875
vt 0.5291 0.9372
vn -0.7071 0.7071 0.0000
v -0.0851 0.7730 -0.0875
vt 0.5291 0.9181
vn -0.7071 0.7071 0.0000
v -0.1846 0.6735 -0.0875
vt 0.5504 0.9181
vn -0.7071 0.7071 0.0000
f 2076/2076/2076 2077/2077/2077 2078/2078/2078 2079/2079/2079
v -0.1907 0.5181 0.0875
vt 0.5742 0.8762
vn -1.0000 0.0000 0.0000
v -0.1907 0.6588 0.0875
vt 0.5530 0.8858
vn -1.0000 0.0000 0.0000
v -0.1907 0.6588 -0.0875
vt 0.5530 0.8666
vn -1.0000 0.0000 0.0000
v -0.1907 0.5181 -0.0875
vt 0.5742 0.8633
vn -1.0000 0.0000 0.0000
f 2080/2080/2080 2081/2081/2081 2082/2082/2082 2083/2083/2083
v 0.0862 0.3802 -0.1084
vt 0.2092 0.9547
vn 0.2794 -0.6746 0.6832
v 0.0851 0.4038 -0.0875
vt 0.2057 0.9017
vn 0.4393 -0.5838 0.6828
v 0.0777 0.4008 -0.0875
vt 0.2077 0.9623
vn 0.2622 -0.6329 0.7285
f 2084/2084/2084 2085/2085/2085 2086/2086/2086
v 0.1967 0.5069 -0.1508
vt 0.1832 0.9010
vn 0.6825 -0.6825 -0.2613
v 0.2082 0.5022 -0.1084
vt 0.1832 0.9234
vn 0.6825 -0.6825 -0.2613
v 0.0862 0.3802 -0.1084
vt 0.2092 0.9234
vn 0.6825 -0.6825 -0.2613
v 0.0815 0.3917 -0.1508
vt 0.2078 0.9010
vn 0.6825 -0.6825 -0.2613
f 2087/2087/2087 2088/2088/2088 2089/2089/2089 2090/2090/2090
v 0.0439 0.4824 -0.2250
vt 0.5649 0.8031
vn -0.0000 0.0000 -1.0000
v 0.1060 0.5445 -0.2250
vt 0.5517 0.8031
vn -0.0000 0.0000 -1.0000
v 0.1407 0.5301 -0.2250
vt 0.5530 0.8031
vn -0.0000 0.0000 -1.0000
v 0.0583 0.4477 -0.2250
vt 0.5685 0.8031
vn -0.0000 0.0000 -1.0000
f 2091/2091/2091 2092/2092/2092 2093/2093/2093 2094/2094/2094
v 0.1967 0.6699 -0.1508
vt 0.1586 0.9010
vn 0.9653 0.0000 -0.2613
v 0.2082 0.6746 -0.1084
vt 0.1572 0.9234
vn 0.9653 0.0000 -0.2613
v 0.2082 0.5022 -0.1084
vt 0.1832 0.9234
vn 0.9653 0.0000 -0.2613
v 0.1967 0.5069 -0.1508
vt 0.1832 0.9010
vn 0.9653 0.0000 -0.2613
f 2095/2095/2095 2096/2096/2096 2097/2097/2097 2098/2098/2098
v 0.1407 0.6467 -0.2250
vt 0.5352 0.8525
vn 0.9078 0.0000 -0.4194
v 0.1715 0.6507 -0.1582
vt 0.5316 0.8913
vn 0.9078 0.0000 -0.4194
v 0.1715 0.5261 -0.1582
vt 0.5504 0.8243
vn 0.9078 0.0000 -0.4194
v 0.1407 0.5301 -0.2250
vt 0.5504 0.7991
vn 0.9078 0.0000 -0.4194
f 2099/2099/2099 2100/2100/2100 2101/2101/2101 2102/2102/2102
v 0.0815 0.3917 -0.1508
vt 0.2078 0.9010
vn -0.0000 -0.9653 -0.2613
v 0.0862 0.3802 -0.1084
vt 0.2092 0.9234
vn -0.0000 -0.9653 -0.2613
v -0.0862 0.3802 -0.1084
vt 0.2200 0.9234
vn -0.0000 -0.9653 -0.2613
v -0.0815 0.3917 -0.1508
vt 0.2179 0.9010
vn -0.0000 -0.9653 -0.2613
f 2103/2103/2103 2104/2104/2104 2105/2105/2105 2106/2106/2106
v -0.0772 0.4230 0.1582
vt 0.5815 0.8729
vn -0.6419 -0.6419 0.4194
v -0.0583 0.4477 0.2250
vt 0.5763 0.8836
vn -0.6419 -0.6419 0.4194
v -0.1407 0.5301 0.2250
vt 0.5700 0.8836
vn -0.6419 -0.6419 0.4194
v -0.1654 0.5112 0.1582
vt 0.5737 0.8729
vn -0.6419 -0.6419 0.4194
f 2107/2107/2107 2108/2108/2108 2109/2109/2109 2110/2110/2110
v -0.0815 0.3917 -0.1508
vt 0.2179 0.9010
vn -0.6825 -0.6825 -0.2613
v -0.0862 0.3802 -0.1084
vt 0.2200 0.9234
vn -0.6825 -0.6825 -0.2613
v -0.2082 0.5022 -0.1084
vt 0.2092 0.9234
vn -0.6825 -0.6825 -0.2613
v -0.1967 0.5069 -0.1508
vt 0.2078 0.9010
vn -0.6825 -0.6825 -0.2613
f 2111/2111/2111 2112/2112/2112 2113/2113/2113 2114/2114/2114
v -0.1716 0.5261 0.1582
vt 0.5718 0.8872
vn -0.9078 0.0000 0.4194
v -0.1407 0.5301 0.2250
vt 0.5682 0.8974
vn -0.9078 0.0000 0.4194
v -0.1407 0.6467 0.2250
vt 0.5530 0.9194
vn -0.9078 0.0000 0.4194
v -0.1716 0.6507 0.1582
vt 0.5530 0.9029
vn -0.9078 0.0000 0.4194
f 2115/2115/2115 2116/2116/2116 2117/2117/2117 2118/2118/2118
v -0.1967 0.5069 -0.1508
vt 0.2078 0.9010
vn -0.9653 0.0000 -0.2613
v -0.2082 0.5022 -0.1084
vt 0.2092 0.9234
vn -0.9653 0.0000 -0.2613
v -0.2082 0.6746 -0.1084
vt 0.1832 0.9234
vn -0.9653 0.0000 -0.2613
v -0.1967 0.6699 -0.1508
vt 0.1832 0.9010
vn -0.9653 0.0000 -0.2613
f 2119/2119/2119 2120/2120/2120 2121/2121/2121 2122/2122/2122
v -0.1654 0.6656 0.1582
vt 0.5504 0.9540
vn -0.6419 0.6419 0.4194
v -0.1407 0.6467 0.2250
vt 0.5504 0.9699
vn -0.6419 0.6419 0.4194
v -0.0583 0.7291 0.2250
vt 0.5352 0.9699
vn -0.6419 0.6419 0.4194
v -0.0772 0.7538 0.1582
vt 0.5316 0.9540
vn -0.6419 0.6419 0.4194
f 2123/2123/2123 2124/2124/2124 2125/2125/2125 2126/2126/2126
v -0.1967 0.6699 -0.1508
vt 0.1832 0.9010
vn -0.6825 0.6825 -0.2613
v -0.2082 0.6746 -0.1084
vt 0.1832 0.9234
vn -0.6825 0.6825 -0.2613
v -0.0862 0.7966 -0.1084
vt 0.1572 0.9234
vn -0.6825 0.6825 -0.2613
v -0.0815 0.7851 -0.1508
vt 0.1586 0.9010
vn -0.6825 0.6825 -0.2613
f 2127/2127/2127 2128/2128/2128 2129/2129/2129 2130/2130/2130
v -0.0623 0.7600 0.1582
vt 0.5297 0.9753
vn 0.0000 0.9078 0.4194
v -0.0583 0.7291 0.2250
vt 0.5333 0.9905
vn 0.0000 0.9078 0.4194
v 0.0583 0.7291 0.2250
vt 0.5270 0.9506
vn 0.0000 0.9078 0.4194
v 0.0623 0.7600 0.1582
vt 0.5219 0.9342
vn 0.0000 0.9078 0.4194
f 2131/2131/2131 2132/2132/2132 2133/2133/2133 2134/2134/2134
v -0.0815 0.7851 -0.1508
vt 0.1586 0.9010
vn -0.0000 0.9653 -0.2613
v -0.0862 0.7966 -0.1084
vt 0.1572 0.9234
vn -0.0000 0.9653 -0.2613
v 0.0862 0.7966 -0.1084
vt 0.1464 0.9234
vn -0.0000 0.9653 -0.2613
v 0.0815 0.7851 -0.1508
vt 0.1484 0.9010
vn -0.0000 0.9653 -0.2613
f 2135/2135/2135 2136/2136/2136 2137/2137/2137 2138/2138/2138
v 0.0772 0.7538 0.1582
vt 0.5219 0.9540
vn 0.6419 0.6419 0.4194
v 0.0583 0.7291 0.2250
vt 0.5270 0.9699
vn 0.6419 0.6419 0.4194
v 0.1407 0.6467 0.2250
vt 0.5333 0.9699
vn 0.6419 0.6419 0.4194
v 0.1654 0.6656 0.1582
vt 0.5297 0.9540
vn 0.6419 0.6419 0.4194
f 2139/2139/2139 2140/2140/2140 2141/2141/2141 2142/2142/2142
v 0.0815 0.7851 -0.1508
vt 0.1484 0.9010
vn 0.6825 0.6825 -0.2613
v 0.0862 0.7966 -0.1084
vt 0.1464 0.9234
vn 0.6825 0.6825 -0.2613
v 0.2082 0.6746 -0.1084
vt 0.1572 0.9234
vn 0.6825 0.6825 -0.2613
v 0.1967 0.6699 -0.1508
vt 0.1586 0.9010
vn 0.6825 0.6825 -0.2613
f 2143/2143/2143 2144/2144/2144 2145/2145/2145 2146/2146/2146
v 0.2082 0.6746 0.1084
vt 0.1572 0.9223
vn 0.9653 0.0000 0.2613
v 0.1967 0.6699 0.1508
vt 0.1586 0.9447
vn 0.9653 0.0000 0.2613
v 0.1967 0.5069 0.1508
vt 0.1832 0.9447
vn 0.9653 0.0000 0.2613
v 0.2082 0.5022 0.1084
vt 0.1832 0.9223
vn 0.9653 0.0000 0.2613
f 2147/2147/2147 2148/2148/2148 2149/2149/2149 2150/2150/2150
v -0.0862 0.3802 0.1084
vt 0.2200 0.9223
vn -0.6825 -0.6825 0.2613
v -0.0815 0.3917 0.1508
vt 0.2179 0.9447
vn -0.6825 -0.6825 0.2613
v -0.1967 0.5069 0.1508
vt 0.2078 0.9447
vn -0.6825 -0.6825 0.2613
v -0.2082 0.5022 0.1084
vt 0.2092 0.9223
vn -0.6825 -0.6825 0.2613
f 2151/2151/2151 2152/2152/2152 2153/2153/2153 2154/2154/2154
v -0.2082 0.5022 0.1084
vt 0.2092 0.9223
vn -0.9653 -0.0000 0.2613
v -0.1967 0.5069 0.1508
vt 0.2078 0.9447
vn -0.9653 -0.0000 0.2613
v -0.1967 0.6699 0.1508
vt 0.1832 0.9447
vn -0.9653 -0.0000 0.2613
v -0.2082 0.6746 0.1084
vt 0.1832 0.9223
vn -0.9653 -0.0000 0.2613
f 2155/2155/2155 2156/2156/2156 2157/2157/2157 2158/2158/2158
v -0.2082 0.6746 0.1084
vt 0.1832 0.9223
vn -0.6825 0.6825 0.2613
v -0.1967 0.6699 0.1508
vt 0.1832 0.9447
vn -0.6825 0.6825 0.2613
v -0.0815 0.7851 0.1508
vt 0.1586 0.9447
vn -0.6825 0.6825 0.2613
v -0.0862 0.7966 0.1084
vt 0.1572 0.9223
vn -0.6825 0.6825 0.2613
f 2159/2159/2159 2160/2160/2160 2161/2161/2161 2162/2162/2162
v -0.0862 0.7966 0.1084
vt 0.1572 0.9223
vn 0.0000 0.9653 0.2613
v -0.0815 0.7851 0.1508
vt 0.1586 0.9447
vn 0.0000 0.9653 0.2613
v 0.0815 0.7851 0.1508
vt 0.1484 0.9447
vn 0.0000 0.9653 0.2613
v 0.0862 0.7966 0.1084
vt 0.1464 0.9223
vn 0.0000 0.9653 0.2613
f 2163/2163/2163 2164/2164/2164 2165/2165/2165 2166/2166/2166
v 0.0862 0.7966 0.1084
vt 0.1464 0.9223
vn 0.6825 0.6825 0.2613
v 0.0815 0.7851 0.1508
vt 0.1484 0.9447
vn 0.6825 0.6825 0.2613
v 0.1967 0.6699 0.1508
vt 0.1586 0.9447
vn 0.6825 0.6825 0.2613
v 0.2082 0.6746 0.1084
vt 0.1572 0.9223
vn 0.6825 0.6825 0.2613
f 2167/2167/2167 2168/2168/2168 2169/2169/2169 2170/2170/2170
v 0.0862 0.3802 0.1084
vt 0.2092 0.9223
vn 0.0000 -0.9653 0.2613
v 0.0815 0.3917 0.1508
vt 0.2078 0.9447
vn 0.0000 -0.9653 0.2613
v -0.0815 0.3917 0.1508
vt 0.2179 0.9447
vn 0.0000 -0.9653 0.2613
v -0.0862 0.3802 0.1084
vt 0.2200 0.9223
vn 0.0000 -0.9653 0.2613
f 2171/2171/2171 2172/2172/2172 2173/2173/2173 2174/2174/2174
v 0.2082 0.5022 0.1084
vt 0.1832 0.9223
vn 0.6825 -0.6825 0.2613
v 0.1967 0.5069 0.1508
vt 0.1832 0.9447
vn 0.6825 -0.6825 0.2613
v 0.0815 0.3917 0.1508
vt 0.2078 0.9447
vn 0.6825 -0.6825 0.2613
v 0.0862 0.3802 0.1084
vt 0.2092 0.9223
vn 0.6825 -0.6825 0.2613
f 2175/2175/2175 2176/2176/2176 2177/2177/2177 2178/2178/2178
v 0.1715 0.6507 0.1582
vt 0.5316 0.9440
vn 0.9078 -0.0000 0.4194
v 0.1407 0.6467 0.2250
vt 0.5352 0.9593
vn 0.9078 -0.0000 0.4194
v 0.1407 0.5301 0.2250
vt 0.5504 0.8707
vn 0.9078 -0.0000 0.4194
v 0.1715 0.5261 0.1582
vt 0.5504 0.8596
vn 0.9078 -0.0000 0.4194
f 2179/2179/2179 2180/2180/2180 2181/2181/2181 2182/2182/2182
v 0.1654 0.5112 0.1582
vt 0.5530 0.8729
vn 0.6419 -0.6419 0.4194
v 0.1407 0.5301 0.2250
vt 0.5530 0.8836
vn 0.6419 -0.6419 0.4194
v 0.0583 0.4477 0.2250
vt 0.5682 0.8836
vn 0.6419 -0.6419 0.4194
v 0.0772 0.4230 0.1582
vt 0.5718 0.8729
vn 0.6419 -0.6419 0.4194
f 2183/2183/2183 2184/2184/2184 2185/2185/2185 2186/2186/2186
v -0.0000 0.5884 -0.1847
vt 0.5517 0.8251
vn -0.0000 0.0000 -1.0000
v 0.0917 0.5504 -0.1847
vt 0.5517 0.8075
vn -0.0000 0.0000 -1.0000
v 0.0380 0.4967 -0.1847
vt 0.5631 0.8075
vn -0.0000 0.0000 -1.0000
f 2187/2187/2187 2188/2188/2188 2189/2189/2189
v -0.0000 0.5884 -0.1847
vt 0.5517 0.8251
vn -0.0000 0.0000 -1.0000
v 0.0380 0.4967 -0.1847
vt 0.5631 0.8075
vn -0.0000 0.0000 -1.0000
v -0.0380 0.4967 -0.1847
vt 0.5679 0.8075
vn -0.0000 0.0000 -1.0000
f 2190/2190/2190 2191/2191/2191 2192/2192/2192
v -0.0000 0.5884 -0.1847
vt 0.5517 0.8251
vn -0.0000 0.0000 -1.0000
v -0.0380 0.4967 -0.1847
vt 0.5679 0.8075
vn -0.0000 0.0000 -1.0000
v -0.0917 0.5504 -0.1847
vt 0.5631 0.8075
vn -0.0000 0.0000 -1.0000
f 2193/2193/2193 2194/2194/2194 2195/2195/2195
v -0.0000 0.5884 -0.1847
vt 0.5517 0.8251
vn -0.0000 0.0000 -1.0000
v -0.0917 0.5504 -0.1847
vt 0.5631 0.8075
vn -0.0000 0.0000 -1.0000
v -0.0917 0.6264 -0.1847
vt 0.5517 0.8251
vn -0.0000 0.0000 -1.0000
f 2196/2196/2196 2197/2197/2197 2198/2198/2198
v -0.0000 0.5884 -0.1847
vt 0.5517 0.8251
vn -0.0000 0.0000 -1.0000
v -0.0917 0.6264 -0.1847
vt 0.5517 0.8251
vn -0.0000 0.0000 -1.0000
v -0.0380 0.6801 -0.1847
vt 0.5402 0.8251
vn -0.0000 0.0000 -1.0000
f 2199/2199/2199 2200/2200/2200 2201/2201/2201
v -0.0000 0.5884 -0.1847
vt 0.5517 0.8251
vn -0.0000 0.0000 -1.0000
v -0.0380 0.6801 -0.1847
vt 0.5402 0.8251
vn -0.0000 0.0000 -1.0000
v 0.0380 0.6801 -0.1847
vt 0.5355 0.8251
vn -0.0000 0.0000 -1.0000
f 2202/2202/2202 2203/2203/2203 2204/2204/2204
v -0.0000 0.5884 -0.1847
vt 0.5517 0.8251
vn -0.0000 0.0000 -1.0000
v 0.0380 0.6801 -0.1847
vt 0.5355 0.8251
vn -0.0000 0.0000 -1.0000
v 0.0917 0.6264 -0.1847
vt 0.5402 0.8251
vn -0.0000 0.0000 -1.0000
f 2205/2205/2205 2206/2206/2206 2207/2207/2207
v -0.0000 0.5884 -0.1847
vt 0.5517 0.8251
vn -0.0000 0.0000 -1.0000
v 0.0917 0.6264 -0.1847
vt 0.5402 0.8251
vn -0.0000 0.0000 -1.0000
v 0.0917 0.5504 -0.1847
vt 0.5517 0.8075
vn -0.0000 0.0000 -1.0000
f 2208/2208/2208 2209/2209/2209 2210/2210/2210
v -0.0000 0.5884 0.1847
vt 0.5517 0.9792
vn 0.0000 -0.0000 1.0000
v 0.0380 0.4967 0.1847
vt 0.5631 0.8898
vn 0.0000 -0.0000 1.0000
v 0.0917 0.5504 0.1847
vt 0.5517 0.8898
vn 0.0000 -0.0000 1.0000
f 2211/2211/2211 2212/2212/2212 2213/2213/2213
v -0.0000 0.5884 0.1847
vt 0.5517 0.9792
vn 0.0000 -0.0000 1.0000
v -0.0380 0.4967 0.1847
vt 0.5679 0.8898
vn 0.0000 -0.0000 1.0000
v 0.0380 0.4967 0.1847
vt 0.5631 0.8898
vn 0.0000 -0.0000 1.0000
f 2214/2214/2214 2215/2215/2215 2216/2216/2216
v -0.0000 0.5884 0.1847
vt 0.5517 0.9792
vn 0.0000 -0.0000 1.0000
v -0.0917 0.5504 0.1847
vt 0.5631 0.8898
vn 0.0000 -0.0000 1.0000
v -0.0380 0.4967 0.1847
vt 0.5679 0.8898
vn 0.0000 -0.0000 1.0000
f 2217/2217/2217 2218/2218/2218 2219/2219/2219
v -0.0000 0.5884 0.1847
vt 0.5517 0.9792
vn 0.0000 -0.0000 1.0000
v -0.0917 0.6264 0.1847
vt 0.5517 0.9480
vn 0.0000 -0.0000 1.0000
v -0.0917 0.5504 0.1847
vt 0.5631 0.8898
vn 0.0000 -0.0000 1.0000
f 2220/2220/2220 2221/2221/2221 2222/2222/2222
v -0.0000 0.5884 0.1847
vt 0.5517 0.9792
vn 0.0000 -0.0000 1.0000
v -0.0380 0.6801 0.1847
vt 0.5402 0.9480
vn 0.0000 -0.0000 1.0000
v -0.0917 0.6264 0.1847
vt 0.5517 0.9480
vn 0.0000 -0.0000 1.0000
f 2223/2223/2223 2224/2224/2224 2225/2225/2225
v -0.0000 0.5884 0.1847
vt 0.5517 0.9792
vn 0.0000 -0.0000 1.0000
v 0.0380 0.6801 0.1847
vt 0.5355 0.9480
vn 0.0000 -0.0000 1.0000
v -0.0380 0.6801 0.1847
vt 0.5402 0.9480
vn 0.0000 -0.0000 1.0000
f 2226/2226/2226 2227/2227/2227 2228/2228/2228
v -0.0000 0.5884 0.1847
vt 0.5517 0.9792
vn 0.0000 -0.0000 1.0000
v 0.0917 0.6264 0.1847
vt 0.5402 0.9480
vn 0.0000 -0.0000 1.0000
v 0.0380 0.6801 0.1847
vt 0.5355 0.9480
vn 0.0000 -0.0000 1.0000
f 2229/2229/2229 2230/2230/2230 2231/2231/2231
v -0.0000 0.5884 0.1847
vt 0.5517 0.9792
vn 0.0000 -0.0000 1.0000
v 0.0917 0.5504 0.1847
vt 0.5517 0.8898
vn 0.0000 -0.0000 1.0000
v 0.0917 0.6264 0.1847
vt 0.5402 0.9480
vn 0.0000 -0.0000 1.0000
f 2232/2232/2232 2233/2233/2233 2234/2234/2234
v 0.0548 0.6372 0.2153
vt 0.3065 0.8906
vn 0.7468 -0.6378 -0.1882
v 0.0292 0.6071 0.2153
vt 0.3127 0.8906
vn 0.7468 -0.6378 -0.1882
v 0.0267 0.6175 0.1704
vt 0.3112 0.7992
vn 0.7468 -0.6378 -0.1882
v 0.0442 0.6380 0.1704
vt 0.3070 0.7992
vn 0.7468 -0.6378 -0.1882
f 2235/2235/2235 2236/2236/2236 2237/2237/2237 2238/2238/2238
v 0.0292 0.6071 0.2153
vt 0.3127 0.8906
vn -0.3758 -0.9074 -0.1882
v -0.0074 0.6223 0.2153
vt 0.3127 0.8906
vn -0.3758 -0.9074 -0.1882
v 0.0017 0.6278 0.1704
vt 0.3112 0.7992
vn -0.3758 -0.9074 -0.1882
v 0.0267 0.6175 0.1704
vt 0.3112 0.7992
vn -0.3758 -0.9074 -0.1882
f 2239/2239/2239 2240/2240/2240 2241/2241/2241 2242/2242/2242
v -0.0074 0.6223 0.2153
vt 0.3127 0.8906
vn -0.9791 0.0771 -0.1882
v -0.0043 0.6617 0.2153
vt 0.3065 0.8906
vn -0.9791 0.0771 -0.1882
v 0.0038 0.6548 0.1704
vt 0.3070 0.7992
vn -0.9791 0.0771 -0.1882
v 0.0017 0.6278 0.1704
vt 0.3112 0.7992
vn -0.9791 0.0771 -0.1882
f 2243/2243/2243 2244/2244/2244 2245/2245/2245 2246/2246/2246
v -0.0043 0.6617 0.2153
vt 0.3065 0.8906
vn -0.2293 0.9550 -0.1882
v 0.0342 0.6709 0.2153
vt 0.3027 0.8906
vn -0.2293 0.9550 -0.1882
v 0.0301 0.6611 0.1704
vt 0.3044 0.7992
vn -0.2293 0.9550 -0.1882
v 0.0038 0.6548 0.1704
vt 0.3070 0.7992
vn -0.2293 0.9550 -0.1882
f 2247/2247/2247 2248/2248/2248 2249/2249/2249 2250/2250/2250
v 0.0342 0.6709 0.2153
vt 0.3027 0.8906
vn 0.8374 0.5132 -0.1882
v 0.0548 0.6372 0.2153
vt 0.3065 0.8906
vn 0.8374 0.5132 -0.1882
v 0.0442 0.6380 0.1704
vt 0.3070 0.7992
vn 0.8374 0.5132 -0.1882
v 0.0301 0.6611 0.1704
vt 0.3044 0.7992
vn 0.8374 0.5132 -0.1882
f 2251/2251/2251 2252/2252/2252 2253/2253/2253 2254/2254/2254
v 0.0213 0.6399 0.2194
vt 0.3082 0.9929
vn 0.0000 -0.0000 1.0000
v 0.0548 0.6372 0.2153
vt 0.3065 0.9412
vn 0.1233 -0.0097 0.9923
v 0.0342 0.6709 0.2153
vt 0.3027 0.9412
vn 0.0473 0.1142 0.9923
f 2255/2255/2255 2256/2256/2256 2257/2257/2257
v 0.0213 0.6399 0.2194
vt 0.3082 0.9929
vn 0.0000 -0.0000 1.0000
v 0.0292 0.6071 0.2153
vt 0.3127 0.9412
vn 0.0289 -0.1202 0.9923
v 0.0548 0.6372 0.2153
vt 0.3065 0.9412
vn 0.1233 -0.0097 0.9923
f 2258/2258/2258 2259/2259/2259 2260/2260/2260
v 0.0213 0.6399 0.2194
vt 0.3082 0.9929
vn 0.0000 -0.0000 1.0000
v -0.0074 0.6223 0.2153
vt 0.3127 0.9412
vn -0.1054 -0.0646 0.9923
v 0.0292 0.6071 0.2153
vt 0.3127 0.9412
vn 0.0289 -0.1202 0.9923
f 2261/2261/2261 2262/2262/2262 2263/2263/2263
v 0.0213 0.6399 0.2194
vt 0.3082 0.9929
vn 0.0000 -0.0000 1.0000
v -0.0043 0.6617 0.2153
vt 0.3065 0.9412
vn -0.0940 0.0803 0.9923
v -0.0074 0.6223 0.2153
vt 0.3127 0.9412
vn -0.1054 -0.0646 0.9923
f 2264/2264/2264 2265/2265/2265 2266/2266/2266
v 0.0213 0.6399 0.2194
vt 0.3082 0.9929
vn 0.0000 -0.0000 1.0000
v 0.0342 0.6709 0.2153
vt 0.3027 0.9412
vn 0.0473 0.1142 0.9923
v -0.0043 0.6617 0.2153
vt 0.3065 0.9412
vn -0.0940 0.0803 0.9923
f 2267/2267/2267 2268/2268/2268 2269/2269/2269
v 0.1846 0.5033 0.0875
vt 0.1843 0.8432
vn 0.6594 0.1543 -0.7358
v 0.1823 0.5129 0.0875
vt 0.1831 0.8443
vn 0.6594 0.1543 -0.7358
v 0.2082 0.5022 0.1084
vt 0.1832 0.8834
vn 0.6594 0.1543 -0.7358
f 2270/2270/2270 2271/2271/2271 2272/2272/2272
v 0.1823 0.5129 0.0875
vt 0.1831 0.8443
vn 0.3572 -0.5754 -0.7358
v 0.1907 0.5181 0.0875
vt 0.1819 0.8443
vn 0.3572 -0.5754 -0.7358
v 0.2082 0.5022 0.1084
vt 0.1832 0.8834
vn 0.3572 -0.5754 -0.7358
f 2273/2273/2273 2274/2274/2274 2275/2275/2275
v 0.1907 0.5181 -0.0875
vt 0.1821 0.9028
vn 0.0000 -0.0000 1.0000
v 0.1823 0.5129 -0.0875
vt 0.1833 0.9017
vn 0.0000 -0.0000 1.0000
v 0.1876 0.5107 -0.0875
vt 0.1832 0.9623
vn 0.0000 -0.0000 1.0000
f 2276/2276/2276 2277/2277/2277 2278/2278/2278
v 0.1823 0.5129 -0.0875
vt 0.1833 0.9017
vn 0.0000 -0.0000 1.0000
v 0.1846 0.5033 -0.0875
vt 0.1845 0.9017
vn 0.0000 -0.0000 1.0000
v 0.1876 0.5107 -0.0875
vt 0.1832 0.9623
vn 0.0000 -0.0000 1.0000
f 2279/2279/2279 2280/2280/2280 2281/2281/2281
v 0.0851 0.4038 -0.0875
vt 0.2057 0.9017
vn 0.0000 -0.0000 1.0000
v 0.0755 0.4061 -0.0875
vt 0.2069 0.8389
vn 0.0000 -0.0000 1.0000
v 0.0777 0.4008 -0.0875
vt 0.2077 0.9623
vn 0.0000 -0.0000 1.0000
f 2282/2282/2282 2283/2283/2283 2284/2284/2284
v 0.0755 0.4061 -0.0875
vt 0.2069 0.8389
vn 0.0000 -0.0000 1.0000
v 0.0704 0.3977 -0.0875
vt 0.2070 0.9017
vn 0.0000 -0.0000 1.0000
v 0.0777 0.4008 -0.0875
vt 0.2077 0.9623
vn 0.0000 -0.0000 1.0000
f 2285/2285/2285 2286/2286/2286 2287/2287/2287
v 0.0704 0.3977 0.0875
vt 0.2078 0.8432
vn 0.5754 -0.3572 -0.7358
v 0.0755 0.4061 0.0875
vt 0.2069 0.8443
vn 0.5754 -0.3572 -0.7358
v 0.0862 0.3802 0.1084
vt 0.2077 0.8834
vn 0.5754 -0.3572 -0.7358
f 2288/2288/2288 2289/2289/2289 2290/2290/2290
v 0.0755 0.4061 0.0875
vt 0.2069 0.8443
vn -0.1543 -0.6594 -0.7358
v 0.0851 0.4038 0.0875
vt 0.2057 0.8443
vn -0.1543 -0.6594 -0.7358
v 0.0862 0.3802 0.1084
vt 0.2077 0.8834
vn -0.1543 -0.6594 -0.7358
f 2291/2291/2291 2292/2292/2292 2293/2293/2293
v -0.0704 0.3977 -0.0875
vt 0.2169 0.9028
vn 0.0000 -0.0000 1.0000
v -0.0755 0.4061 -0.0875
vt 0.2168 0.8389
vn 0.0000 -0.0000 1.0000
v -0.0777 0.4008 -0.0875
vt 0.2178 0.9623
vn 0.0000 -0.0000 1.0000
f 2294/2294/2294 2295/2295/2295 2296/2296/2296
v -0.0755 0.4061 -0.0875
vt 0.2168 0.8389
vn 0.0000 -0.0000 1.0000
v -0.0851 0.4038 -0.0875
vt 0.2163 0.9017
vn 0.0000 -0.0000 1.0000
v -0.0777 0.4008 -0.0875
vt 0.2178 0.9623
vn 0.0000 -0.0000 1.0000
f 2297/2297/2297 2298/2298/2298 2299/2299/2299
v -0.0851 0.4038 0.0875
vt 0.2163 0.8443
vn 0.1543 -0.6594 -0.7358
v -0.0755 0.4061 0.0875
vt 0.2168 0.8443
vn 0.1543 -0.6594 -0.7358
v -0.0862 0.3802 0.1084
vt 0.2178 0.8834
vn 0.1543 -0.6594 -0.7358
f 2300/2300/2300 2301/2301/2301 2302/2302/2302
v -0.0755 0.4061 0.0875
vt 0.2168 0.8443
vn -0.5754 -0.3572 -0.7358
v -0.0704 0.3977 0.0875
vt 0.2169 0.8443
vn -0.5754 -0.3572 -0.7358
v -0.0862 0.3802 0.1084
vt 0.2178 0.8834
vn -0.5754 -0.3572 -0.7358
f 2303/2303/2303 2304/2304/2304 2305/2305/2305
v -0.1846 0.5033 -0.0875
vt 0.2078 0.9028
vn 0.0000 -0.0000 1.0000
v -0.1823 0.5129 -0.0875
vt 0.2069 0.8389
vn 0.0000 -0.0000 1.0000
v -0.1876 0.5107 -0.0875
vt 0.2077 0.9623
vn 0.0000 -0.0000 1.0000
f 2306/2306/2306 2307/2307/2307 2308/2308/2308
v -0.1823 0.5129 -0.0875
vt 0.2069 0.8389
vn 0.0000 -0.0000 1.0000
v -0.1907 0.5181 -0.0875
vt 0.2057 0.9017
vn 0.0000 -0.0000 1.0000
v -0.1876 0.5107 -0.0875
vt 0.2077 0.9623
vn 0.0000 -0.0000 1.0000
f 2309/2309/2309 2310/2310/2310 2311/2311/2311
v -0.1907 0.5181 0.0875
vt 0.2057 0.8443
vn -0.3572 -0.5754 -0.7358
v -0.1823 0.5129 0.0875
vt 0.2069 0.8443
vn -0.3572 -0.5754 -0.7358
v -0.2082 0.5022 0.1084
vt 0.2077 0.8834
vn -0.3572 -0.5754 -0.7358
f 2312/2312/2312 2313/2313/2313 2314/2314/2314
v -0.1823 0.5129 0.0875
vt 0.2069 0.8443
vn -0.6594 0.1543 -0.7358
v -0.1846 0.5033 0.0875
vt 0.2070 0.8443
vn -0.6594 0.1543 -0.7358
v -0.2082 0.5022 0.1084
vt 0.2077 0.8834
vn -0.6594 0.1543 -0.7358
f 2315/2315/2315 2316/2316/2316 2317/2317/2317
v -0.1907 0.6588 -0.0875
vt 0.1843 0.9673
vn 0.0000 -0.0000 1.0000
v -0.1823 0.6639 -0.0875
vt 0.1831 0.8719
vn 0.0000 -0.0000 1.0000
v -0.1876 0.6661 -0.0875
vt 0.1832 0.9623
vn 0.0000 -0.0000 1.0000
f 2318/2318/2318 2319/2319/2319 2320/2320/2320
v -0.1823 0.6639 -0.0875
vt 0.1831 0.8719
vn 0.0000 -0.0000 1.0000
v -0.1846 0.6735 -0.0875
vt 0.1819 0.9657
vn 0.0000 -0.0000 1.0000
v -0.1876 0.6661 -0.0875
vt 0.1832 0.9623
vn 0.0000 -0.0000 1.0000
f 2321/2321/2321 2322/2322/2322 2323/2323/2323
v -0.1846 0.6735 0.0875
vt 0.1819 0.8800
vn -0.6594 -0.1543 -0.7358
v -0.1823 0.6639 0.0875
vt 0.1831 0.8800
vn -0.6594 -0.1543 -0.7358
v -0.2082 0.6746 0.1084
vt 0.1832 0.8834
vn -0.6594 -0.1543 -0.7358
f 2324/2324/2324 2325/2325/2325 2326/2326/2326
v -0.1823 0.6639 0.0875
vt 0.1831 0.8800
vn -0.3572 0.5754 -0.7358
v -0.1907 0.6588 0.0875
vt 0.1832 0.8800
vn -0.3572 0.5754 -0.7358
v -0.2082 0.6746 0.1084
vt 0.1832 0.8834
vn -0.3572 0.5754 -0.7358
f 2327/2327/2327 2328/2328/2328 2329/2329/2329
v -0.0851 0.7730 -0.0875
vt 0.1606 0.9657
vn 0.0000 -0.0000 1.0000
v -0.0755 0.7708 -0.0875
vt 0.1595 0.8719
vn 0.0000 -0.0000 1.0000
v -0.0777 0.7760 -0.0875
vt 0.1587 0.9623
vn 0.0000 -0.0000 1.0000
f 2330/2330/2330 2331/2331/2331 2332/2332/2332
v -0.0755 0.7708 -0.0875
vt 0.1595 0.8719
vn 0.0000 -0.0000 1.0000
v -0.0704 0.7791 -0.0875
vt 0.1593 0.9657
vn 0.0000 -0.0000 1.0000
v -0.0777 0.7760 -0.0875
vt 0.1587 0.9623
vn 0.0000 -0.0000 1.0000
f 2333/2333/2333 2334/2334/2334 2335/2335/2335
v -0.0704 0.7791 0.0875
vt 0.1588 0.8800
vn -0.5754 0.3572 -0.7358
v -0.0755 0.7708 0.0875
vt 0.1593 0.8800
vn -0.5754 0.3572 -0.7358
v -0.0862 0.7966 0.1084
vt 0.1587 0.8834
vn -0.5754 0.3572 -0.7358
f 2336/2336/2336 2337/2337/2337 2338/2338/2338
v -0.0755 0.7708 0.0875
vt 0.1593 0.8800
vn 0.1543 0.6594 -0.7358
v -0.0851 0.7730 0.0875
vt 0.1593 0.8800
vn 0.1543 0.6594 -0.7358
v -0.0862 0.7966 0.1084
vt 0.1587 0.8834
vn 0.1543 0.6594 -0.7358
f 2339/2339/2339 2340/2340/2340 2341/2341/2341
v 0.0704 0.7791 -0.0875
vt 0.1495 0.9673
vn 0.0000 -0.0000 1.0000
v 0.0755 0.7708 -0.0875
vt 0.1495 0.8719
vn 0.0000 -0.0000 1.0000
v 0.0777 0.7760 -0.0875
vt 0.1485 0.9623
vn 0.0000 -0.0000 1.0000
f 2342/2342/2342 2343/2343/2343 2344/2344/2344
v 0.0755 0.7708 -0.0875
vt 0.1495 0.8719
vn 0.0000 -0.0000 1.0000
v 0.0851 0.7730 -0.0875
vt 0.1500 0.9657
vn 0.0000 -0.0000 1.0000
v 0.0777 0.7760 -0.0875
vt 0.1485 0.9623
vn 0.0000 -0.0000 1.0000
f 2345/2345/2345 2346/2346/2346 2347/2347/2347
v 0.0851 0.7730 0.0875
vt 0.1500 0.8800
vn -0.1543 0.6594 -0.7358
v 0.0755 0.7708 0.0875
vt 0.1495 0.8800
vn -0.1543 0.6594 -0.7358
v 0.0862 0.7966 0.1084
vt 0.1485 0.8834
vn -0.1543 0.6594 -0.7358
f 2348/2348/2348 2349/2349/2349 2350/2350/2350
v 0.0755 0.7708 0.0875
vt 0.1495 0.8800
vn 0.5754 0.3572 -0.7358
v 0.0704 0.7791 0.0875
vt 0.1495 0.8800
vn 0.5754 0.3572 -0.7358
v 0.0862 0.7966 0.1084
vt 0.1485 0.8834
vn 0.5754 0.3572 -0.7358
f 2351/2351/2351 2352/2352/2352 2353/2353/2353
v 0.1846 0.6735 -0.0875
vt 0.1588 0.9657
vn 0.0000 -0.0000 1.0000
v 0.1823 0.6639 -0.0875
vt 0.1593 0.8719
vn 0.0000 -0.0000 1.0000
v 0.1876 0.6661 -0.0875
vt 0.1587 0.9623
vn 0.0000 -0.0000 1.0000
f 2354/2354/2354 2355/2355/2355 2356/2356/2356
v 0.1823 0.6639 -0.0875
vt 0.1593 0.8719
vn 0.0000 -0.0000 1.0000
v 0.1907 0.6588 -0.0875
vt 0.1593 0.9657
vn 0.0000 -0.0000 1.0000
v 0.1876 0.6661 -0.0875
vt 0.1587 0.9623
vn 0.0000 -0.0000 1.0000
f 2357/2357/2357 2358/2358/2358 2359/2359/2359
v 0.1907 0.6588 0.0875
vt 0.1601 0.8784
vn 0.3572 0.5754 -0.7358
v 0.1823 0.6639 0.0875
vt 0.1593 0.8800
vn 0.3572 0.5754 -0.7358
v 0.2082 0.6746 0.1084
vt 0.1587 0.8834
vn 0.3572 0.5754 -0.7358
f 2360/2360/2360 2361/2361/2361 2362/2362/2362
v 0.1823 0.6639 0.0875
vt 0.1593 0.8800
vn 0.6594 -0.1543 -0.7358
v 0.1846 0.6735 0.0875
vt 0.1588 0.8800
vn 0.6594 -0.1543 -0.7358
v 0.2082 0.6746 0.1084
vt 0.1587 0.8834
vn 0.6594 -0.1543 -0.7358
f 2363/2363/2363 2364/2364/2364 2365/2365/2365
v 0.1715 0.5261 0.1582
vt 0.5504 0.8596
vn 0.5576 -0.7723 0.3043
v 0.1407 0.5301 0.2250
vt 0.5517 0.8683
vn 0.5576 -0.7723 0.3043
v 0.1639 0.5205 0.1582
vt 0.5517 0.7950
vn 0.5576 -0.7723 0.3043
f 2366/2366/2366 2367/2367/2367 2368/2368/2368
v 0.1639 0.5205 0.1582
vt 0.5517 0.8102
vn 0.9404 0.1518 0.3043
v 0.1407 0.5301 0.2250
vt 0.5530 0.8836
vn 0.9404 0.1518 0.3043
v 0.1654 0.5112 0.1582
vt 0.5530 0.8729
vn 0.9404 0.1518 0.3043
f 2369/2369/2369 2370/2370/2370 2371/2371/2371
v 0.0623 0.4169 -0.1582
vt 0.5737 0.8518
vn 0.7723 -0.5576 -0.3043
v 0.0583 0.4477 -0.2250
vt 0.5695 0.8282
vn 0.7723 -0.5576 -0.3043
v 0.0679 0.4246 -0.1582
vt 0.5731 0.7907
vn 0.7723 -0.5576 -0.3043
f 2372/2372/2372 2373/2373/2373 2374/2374/2374
v 0.0679 0.4246 -0.1582
vt 0.5731 0.7745
vn -0.1518 -0.9404 -0.3043
v 0.0583 0.4477 -0.2250
vt 0.5682 0.8120
vn -0.1518 -0.9404 -0.3043
v 0.0772 0.4230 -0.1582
vt 0.5718 0.8376
vn -0.1518 -0.9404 -0.3043
f 2375/2375/2375 2376/2376/2376 2377/2377/2377
v -0.0772 0.4230 -0.1582
vt 0.5815 0.8376
vn 0.1518 -0.9404 -0.3043
v -0.0583 0.4477 -0.2250
vt 0.5769 0.8120
vn 0.1518 -0.9404 -0.3043
v -0.0679 0.4246 -0.1582
vt 0.5819 0.7745
vn 0.1518 -0.9404 -0.3043
f 2378/2378/2378 2379/2379/2379 2380/2380/2380
v -0.0679 0.4246 -0.1582
vt 0.5819 0.7593
vn -0.7723 -0.5576 -0.3043
v -0.0583 0.4477 -0.2250
vt 0.5763 0.7991
vn -0.7723 -0.5576 -0.3043
v -0.0623 0.4169 -0.1582
vt 0.5815 0.8243
vn -0.7723 -0.5576 -0.3043
f 2381/2381/2381 2382/2382/2382 2383/2383/2383
v -0.1716 0.5261 -0.1582
vt 0.5718 0.8518
vn -0.5576 -0.7723 -0.3043
v -0.1407 0.5301 -0.2250
vt 0.5695 0.8282
vn -0.5576 -0.7723 -0.3043
v -0.1639 0.5205 -0.1582
vt 0.5731 0.7907
vn -0.5576 -0.7723 -0.3043
f 2384/2384/2384 2385/2385/2385 2386/2386/2386
v -0.1639 0.5205 -0.1582
vt 0.5731 0.7745
vn -0.9404 0.1518 -0.3043
v -0.1407 0.5301 -0.2250
vt 0.5700 0.8120
vn -0.9404 0.1518 -0.3043
v -0.1654 0.5112 -0.1582
vt 0.5737 0.8376
vn -0.9404 0.1518 -0.3043
f 2387/2387/2387 2388/2388/2388 2389/2389/2389
v -0.1654 0.6656 -0.1582
vt 0.5504 0.8700
vn -0.9404 -0.1518 -0.3043
v -0.1407 0.6467 -0.2250
vt 0.5517 0.8318
vn -0.9404 -0.1518 -0.3043
v -0.1639 0.6563 -0.1582
vt 0.5517 0.7759
vn -0.9404 -0.1518 -0.3043
f 2390/2390/2390 2391/2391/2391 2392/2392/2392
v -0.1639 0.6563 -0.1582
vt 0.5517 0.7531
vn -0.5576 0.7723 -0.3043
v -0.1407 0.6467 -0.2250
vt 0.5530 0.8126
vn -0.5576 0.7723 -0.3043
v -0.1716 0.6507 -0.1582
vt 0.5530 0.8502
vn -0.5576 0.7723 -0.3043
f 2393/2393/2393 2394/2394/2394 2395/2395/2395
v -0.0623 0.7600 -0.1582
vt 0.5297 0.8913
vn -0.7723 0.5576 -0.3043
v -0.0583 0.7291 -0.2250
vt 0.5339 0.8560
vn -0.7723 0.5576 -0.3043
v -0.0679 0.7523 -0.1582
vt 0.5303 0.8000
vn -0.7723 0.5576 -0.3043
f 2396/2396/2396 2397/2397/2397 2398/2398/2398
v -0.0679 0.7523 -0.1582
vt 0.5303 0.7759
vn 0.1518 0.9404 -0.3043
v -0.0583 0.7291 -0.2250
vt 0.5352 0.8318
vn 0.1518 0.9404 -0.3043
v -0.0772 0.7538 -0.1582
vt 0.5316 0.8700
vn 0.1518 0.9404 -0.3043
f 2399/2399/2399 2400/2400/2400 2401/2401/2401
v 0.0772 0.7538 -0.1582
vt 0.5219 0.8700
vn -0.1518 0.9404 -0.3043
v 0.0583 0.7291 -0.2250
vt 0.5265 0.8318
vn -0.1518 0.9404 -0.3043
v 0.0679 0.7523 -0.1582
vt 0.5214 0.7759
vn -0.1518 0.9404 -0.3043
f 2402/2402/2402 2403/2403/2403 2404/2404/2404
v 0.0679 0.7523 -0.1582
vt 0.5214 0.7531
vn 0.7723 0.5576 -0.3043
v 0.0583 0.7291 -0.2250
vt 0.5270 0.8126
vn 0.7723 0.5576 -0.3043
v 0.0623 0.7600 -0.1582
vt 0.5219 0.8502
vn 0.7723 0.5576 -0.3043
f 2405/2405/2405 2406/2406/2406 2407/2407/2407
v 0.1715 0.6507 -0.1582
vt 0.5316 0.8913
vn 0.5576 0.7723 -0.3043
v 0.1407 0.6467 -0.2250
vt 0.5339 0.8560
vn 0.5576 0.7723 -0.3043
v 0.1639 0.6563 -0.1582
vt 0.5303 0.8000
vn 0.5576 0.7723 -0.3043
f 2408/2408/2408 2409/2409/2409 2410/2410/2410
v 0.1639 0.6563 -0.1582
vt 0.5303 0.7759
vn 0.9404 -0.1518 -0.3043
v 0.1407 0.6467 -0.2250
vt 0.5333 0.8318
vn 0.9404 -0.1518 -0.3043
v 0.1654 0.6656 -0.1582
vt 0.5297 0.8700
vn 0.9404 -0.1518 -0.3043
f 2411/2411/2411 2412/2412/2412 2413/2413/2413
v 0.1407 0.5301 -0.2250
vt 0.5504 0.7991
vn 0.5576 -0.7723 -0.3043
v 0.1715 0.5261 -0.1582
vt 0.5504 0.8243
vn 0.5576 -0.7723 -0.3043
v 0.1639 0.5205 -0.1582
vt 0.5517 0.7593
vn 0.5576 -0.7723 -0.3043
f 2414/2414/2414 2415/2415/2415 2416/2416/2416
v 0.1407 0.5301 -0.2250
vt 0.5517 0.8120
vn 0.9404 0.1518 -0.3043
v 0.1639 0.5205 -0.1582
vt 0.5517 0.7745
vn 0.9404 0.1518 -0.3043
v 0.1654 0.5112 -0.1582
vt 0.5530 0.8376
vn 0.9404 0.1518 -0.3043
f 2417/2417/2417 2418/2418/2418 2419/2419/2419
v 0.0583 0.4477 0.2250
vt 0.5700 0.8974
vn 0.7723 -0.5576 0.3043
v 0.0623 0.4169 0.1582
vt 0.5737 0.8872
vn 0.7723 -0.5576 0.3043
v 0.0679 0.4246 0.1582
vt 0.5731 0.8264
vn 0.7723 -0.5576 0.3043
f 2420/2420/2420 2421/2421/2421 2422/2422/2422
v 0.0583 0.4477 0.2250
vt 0.5695 0.8836
vn -0.1518 -0.9404 0.3043
v 0.0679 0.4246 0.1582
vt 0.5731 0.8102
vn -0.1518 -0.9404 0.3043
v 0.0772 0.4230 0.1582
vt 0.5718 0.8729
vn -0.1518 -0.9404 0.3043
f 2423/2423/2423 2424/2424/2424 2425/2425/2425
v -0.0583 0.4477 0.2250
vt 0.5763 0.8836
vn 0.1518 -0.9404 0.3043
v -0.0772 0.4230 0.1582
vt 0.5815 0.8729
vn 0.1518 -0.9404 0.3043
v -0.0679 0.4246 0.1582
vt 0.5819 0.8102
vn 0.1518 -0.9404 0.3043
f 2426/2426/2426 2427/2427/2427 2428/2428/2428
v -0.0583 0.4477 0.2250
vt 0.5769 0.8683
vn -0.7723 -0.5576 0.3043
v -0.0679 0.4246 0.1582
vt 0.5819 0.7950
vn -0.7723 -0.5576 0.3043
v -0.0623 0.4169 0.1582
vt 0.5815 0.8596
vn -0.7723 -0.5576 0.3043
f 2429/2429/2429 2430/2430/2430 2431/2431/2431
v -0.1407 0.5301 0.2250
vt 0.5682 0.8974
vn -0.5576 -0.7723 0.3043
v -0.1716 0.5261 0.1582
vt 0.5718 0.8872
vn -0.5576 -0.7723 0.3043
v -0.1639 0.5205 0.1582
vt 0.5731 0.8264
vn -0.5576 -0.7723 0.3043
f 2432/2432/2432 2433/2433/2433 2434/2434/2434
v -0.1407 0.5301 0.2250
vt 0.5695 0.8836
vn -0.9404 0.1518 0.3043
v -0.1639 0.5205 0.1582
vt 0.5731 0.8102
vn -0.9404 0.1518 0.3043
v -0.1654 0.5112 0.1582
vt 0.5737 0.8729
vn -0.9404 0.1518 0.3043
f 2435/2435/2435 2436/2436/2436 2437/2437/2437
v -0.1407 0.6467 0.2250
vt 0.5504 0.9386
vn -0.9404 -0.1518 0.3043
v -0.1654 0.6656 0.1582
vt 0.5504 0.9228
vn -0.9404 -0.1518 0.3043
v -0.1639 0.6563 0.1582
vt 0.5517 0.8292
vn -0.9404 -0.1518 0.3043
f 2438/2438/2438 2439/2439/2439 2440/2440/2440
v -0.1407 0.6467 0.2250
vt 0.5517 0.9159
vn -0.5576 0.7723 0.3043
v -0.1639 0.6563 0.1582
vt 0.5517 0.8065
vn -0.5576 0.7723 0.3043
v -0.1716 0.6507 0.1582
vt 0.5530 0.9029
vn -0.5576 0.7723 0.3043
f 2441/2441/2441 2442/2442/2442 2443/2443/2443
v -0.0583 0.7291 0.2250
vt 0.5333 0.9593
vn -0.7723 0.5576 0.3043
v -0.0623 0.7600 0.1582
vt 0.5297 0.9440
vn -0.7723 0.5576 0.3043
v -0.0679 0.7523 0.1582
vt 0.5303 0.8533
vn -0.7723 0.5576 0.3043
f 2444/2444/2444 2445/2445/2445 2446/2446/2446
v -0.0583 0.7291 0.2250
vt 0.5339 0.9386
vn 0.1518 0.9404 0.3043
v -0.0679 0.7523 0.1582
vt 0.5303 0.8292
vn 0.1518 0.9404 0.3043
v -0.0772 0.7538 0.1582
vt 0.5316 0.9228
vn 0.1518 0.9404 0.3043
f 2447/2447/2447 2448/2448/2448 2449/2449/2449
v 0.0583 0.7291 0.2250
vt 0.5270 0.9386
vn -0.1518 0.9404 0.3043
v 0.0772 0.7538 0.1582
vt 0.5219 0.9228
vn -0.1518 0.9404 0.3043
v 0.0679 0.7523 0.1582
vt 0.5214 0.8292
vn -0.1518 0.9404 0.3043
f 2450/2450/2450 2451/2451/2451 2452/2452/2452
v 0.0583 0.7291 0.2250
vt 0.5265 0.9159
vn 0.7723 0.5576 0.3043
v 0.0679 0.7523 0.1582
vt 0.5214 0.8065
vn 0.7723 0.5576 0.3043
v 0.0623 0.7600 0.1582
vt 0.5219 0.9029
vn 0.7723 0.5576 0.3043
f 2453/2453/2453 2454/2454/2454 2455/2455/2455
v 0.1407 0.6467 0.2250
vt 0.5352 0.9593
vn 0.5576 0.7723 0.3043
v 0.1715 0.6507 0.1582
vt 0.5316 0.9440
vn 0.5576 0.7723 0.3043
v 0.1639 0.6563 0.1582
vt 0.5303 0.8533
vn 0.5576 0.7723 0.3043
f 2456/2456/2456 2457/2457/2457 2458/2458/2458
v 0.1407 0.6467 0.2250
vt 0.5339 0.9386
vn 0.9404 -0.1518 0.3043
v 0.1639 0.6563 0.1582
vt 0.5303 0.8292
vn 0.9404 -0.1518 0.3043
v 0.1654 0.6656 0.1582
vt 0.5297 0.9228
vn 0.9404 -0.1518 0.3043
f 2459/2459/2459 2460/2460/2460 2461/2461/2461
v 0.1846 0.6735 -0.0875
vt 0.5273 0.8868
vn 0.9737 -0.2278 -0.0000
v 0.1846 0.6735 0.0875
vt 0.5273 0.9060
vn 0.9737 -0.2278 -0.0000
v 0.1823 0.6639 0.0875
vt 0.5278 0.8122
vn 0.9737 -0.2278 -0.0000
v 0.1823 0.6639 -0.0875
vt 0.5278 0.7931
vn 0.9737 -0.2278 -0.0000
f 2462/2462/2462 2463/2463/2463 2464/2464/2464 2465/2465/2465
v 0.1823 0.6639 -0.0875
vt 0.5278 0.8172
vn 0.5274 0.8496 -0.0000
v 0.1823 0.6639 0.0875
vt 0.5278 0.8364
vn 0.5274 0.8496 -0.0000
v 0.1907 0.6588 0.0875
vt 0.5291 0.9276
vn 0.5274 0.8496 -0.0000
v 0.1907 0.6588 -0.0875
vt 0.5291 0.9084
vn 0.5274 0.8496 -0.0000
f 2466/2466/2466 2467/2467/2467 2468/2468/2468 2469/2469/2469
v 0.1846 0.5033 0.0875
vt 0.5530 0.8617
vn 0.9737 0.2278 0.0000
v 0.1846 0.5033 -0.0875
vt 0.5530 0.8488
vn 0.9737 0.2278 0.0000
v 0.1823 0.5129 -0.0875
vt 0.5517 0.8488
vn 0.9737 0.2278 0.0000
v 0.1823 0.5129 0.0875
vt 0.5517 0.7884
vn 0.9737 0.2278 0.0000
f 2470/2470/2470 2471/2471/2471 2472/2472/2472 2473/2473/2473
v 0.1823 0.5129 0.0875
vt 0.5517 0.7732
vn 0.5274 -0.8496 0.0000
v 0.1823 0.5129 -0.0875
vt 0.5517 0.8336
vn 0.5274 -0.8496 0.0000
v 0.1907 0.5181 -0.0875
vt 0.5504 0.8353
vn 0.5274 -0.8496 0.0000
v 0.1907 0.5181 0.0875
vt 0.5504 0.8482
vn 0.5274 -0.8496 0.0000
f 2474/2474/2474 2475/2475/2475 2476/2476/2476 2477/2477/2477
v 0.0704 0.7791 -0.0875
vt 0.5185 0.8666
vn 0.8496 0.5274 0.0000
v 0.0704 0.7791 0.0875
vt 0.5185 0.8858
vn 0.8496 0.5274 0.0000
v 0.0755 0.7708 0.0875
vt 0.5180 0.7895
vn 0.8496 0.5274 0.0000
v 0.0755 0.7708 -0.0875
vt 0.5180 0.7703
vn 0.8496 0.5274 0.0000
f 2478/2478/2478 2479/2479/2479 2480/2480/2480 2481/2481/2481
v 0.0755 0.7708 -0.0875
vt 0.5180 0.7931
vn -0.2278 0.9737 0.0000
v 0.0755 0.7708 0.0875
vt 0.5180 0.8122
vn -0.2278 0.9737 0.0000
v 0.0851 0.7730 0.0875
vt 0.5185 0.9060
vn -0.2278 0.9737 0.0000
v 0.0851 0.7730 -0.0875
vt 0.5185 0.8868
vn -0.2278 0.9737 0.0000
f 2482/2482/2482 2483/2483/2483 2484/2484/2484 2485/2485/2485
v -0.0851 0.7730 -0.0875
vt 0.5291 0.8868
vn 0.2278 0.9737 0.0000
v -0.0851 0.7730 0.0875
vt 0.5291 0.9060
vn 0.2278 0.9737 0.0000
v -0.0755 0.7708 0.0875
vt 0.5278 0.8122
vn 0.2278 0.9737 0.0000
v -0.0755 0.7708 -0.0875
vt 0.5278 0.7931
vn 0.2278 0.9737 0.0000
f 2486/2486/2486 2487/2487/2487 2488/2488/2488 2489/2489/2489
v -0.0755 0.7708 -0.0875
vt 0.5278 0.8172
vn -0.8496 0.5274 0.0000
v -0.0755 0.7708 0.0875
vt 0.5278 0.8364
vn -0.8496 0.5274 0.0000
v -0.0704 0.7791 0.0875
vt 0.5273 0.9276
vn -0.8496 0.5274 0.0000
v -0.0704 0.7791 -0.0875
vt 0.5273 0.9084
vn -0.8496 0.5274 0.0000
f 2490/2490/2490 2491/2491/2491 2492/2492/2492 2493/2493/2493
v -0.1907 0.6588 -0.0875
vt 0.5530 0.8666
vn -0.5274 0.8496 0.0000
v -0.1907 0.6588 0.0875
vt 0.5530 0.8858
vn -0.5274 0.8496 0.0000
v -0.1823 0.6639 0.0875
vt 0.5517 0.7895
vn -0.5274 0.8496 0.0000
v -0.1823 0.6639 -0.0875
vt 0.5517 0.7703
vn -0.5274 0.8496 0.0000
f 2494/2494/2494 2495/2495/2495 2496/2496/2496 2497/2497/2497
v -0.1823 0.6639 -0.0875
vt 0.5517 0.7931
vn -0.9737 -0.2278 0.0000
v -0.1823 0.6639 0.0875
vt 0.5517 0.8122
vn -0.9737 -0.2278 0.0000
v -0.1846 0.6735 0.0875
vt 0.5504 0.9060
vn -0.9737 -0.2278 0.0000
v -0.1846 0.6735 -0.0875
vt 0.5504 0.8868
vn -0.9737 -0.2278 0.0000
f 2498/2498/2498 2499/2499/2499 2500/2500/2500 2501/2501/2501
v -0.1846 0.5033 -0.0875
vt 0.5760 0.8488
vn -0.9737 0.2278 0.0000
v -0.1846 0.5033 0.0875
vt 0.5760 0.8617
vn -0.9737 0.2278 0.0000
v -0.1823 0.5129 0.0875
vt 0.5755 0.7989
vn -0.9737 0.2278 0.0000
v -0.1823 0.5129 -0.0875
vt 0.5755 0.7860
vn -0.9737 0.2278 0.0000
f 2502/2502/2502 2503/2503/2503 2504/2504/2504 2505/2505/2505
v -0.1823 0.5129 -0.0875
vt 0.5755 0.8022
vn -0.5274 -0.8496 0.0000
v -0.1823 0.5129 0.0875
vt 0.5755 0.8151
vn -0.5274 -0.8496 0.0000
v -0.1907 0.5181 0.0875
vt 0.5742 0.8762
vn -0.5274 -0.8496 0.0000
v -0.1907 0.5181 -0.0875
vt 0.5742 0.8633
vn -0.5274 -0.8496 0.0000
f 2506/2506/2506 2507/2507/2507 2508/2508/2508 2509/2509/2509
v -0.0704 0.3977 -0.0875
vt 0.5848 0.8353
vn -0.8496 -0.5274 0.0000
v -0.0704 0.3977 0.0875
vt 0.5848 0.8482
vn -0.8496 -0.5274 0.0000
v -0.0755 0.4061 0.0875
vt 0.5854 0.7836
vn -0.8496 -0.5274 0.0000
v -0.0755 0.4061 -0.0875
vt 0.5854 0.7708
vn -0.8496 -0.5274 0.0000
f 2510/2510/2510 2511/2511/2511 2512/2512/2512 2513/2513/2513
v -0.0755 0.4061 -0.0875
vt 0.5854 0.7860
vn 0.2278 -0.9737 -0.0000
v -0.0755 0.4061 0.0875
vt 0.5854 0.7989
vn 0.2278 -0.9737 -0.0000
v -0.0851 0.4038 0.0875
vt 0.5848 0.8617
vn 0.2278 -0.9737 -0.0000
v -0.0851 0.4038 -0.0875
vt 0.5848 0.8488
vn 0.2278 -0.9737 -0.0000
f 2514/2514/2514 2515/2515/2515 2516/2516/2516 2517/2517/2517
v 0.0851 0.4038 -0.0875
vt 0.5742 0.8488
vn -0.2278 -0.9737 0.0000
v 0.0851 0.4038 0.0875
vt 0.5742 0.8617
vn -0.2278 -0.9737 0.0000
v 0.0755 0.4061 0.0875
vt 0.5755 0.7989
vn -0.2278 -0.9737 0.0000
v 0.0755 0.4061 -0.0875
vt 0.5755 0.7860
vn -0.2278 -0.9737 0.0000
f 2518/2518/2518 2519/2519/2519 2520/2520/2520 2521/2521/2521
v 0.0755 0.4061 -0.0875
vt 0.5755 0.8022
vn 0.8496 -0.5274 -0.0000
v 0.0755 0.4061 0.0875
vt 0.5755 0.8151
vn 0.8496 -0.5274 -0.0000
v 0.0704 0.3977 0.0875
vt 0.5760 0.8762
vn 0.8496 -0.5274 -0.0000
v 0.0704 0.3977 -0.0875
vt 0.5760 0.8633
vn 0.8496 -0.5274 -0.0000
f 2522/2522/2522 2523/2523/2523 2524/2524/2524 2525/2525/2525
v 0.1407 0.5301 -0.2250
vt 0.5530 0.8120
vn 0.6419 -0.6419 -0.4194
v 0.1654 0.5112 -0.1582
vt 0.5530 0.8376
vn 0.6419 -0.6419 -0.4194
v 0.0772 0.4230 -0.1582
vt 0.5718 0.8376
vn 0.6419 -0.6419 -0.4194
v 0.0583 0.4477 -0.2250
vt 0.5682 0.8120
vn 0.6419 -0.6419 -0.4194
f 2526/2526/2526 2527/2527/2527 2528/2528/2528 2529/2529/2529
v -0.1876 0.6661 -0.0875
vt 0.1832 0.9623
vn -0.6329 0.2622 0.7285
v -0.1846 0.6735 -0.0875
vt 0.1819 0.9657
vn -0.5838 0.4393 0.6827
v -0.2082 0.6746 -0.1084
vt 0.1832 0.9547
vn -0.6746 0.2794 0.6832
f 2530/2530/2530 2531/2531/2531 2532/2532/2532
v -0.1907 0.5181 -0.0875
vt 0.2057 0.9017
vn -0.7235 -0.1022 0.6828
v -0.1907 0.6588 -0.0875
vt 0.1845 0.9657
vn -0.7235 0.1021 0.6827
v -0.2082 0.6746 -0.1084
vt 0.1832 0.9547
vn -0.6746 0.2794 0.6832
v -0.2082 0.5022 -0.1084
vt 0.2092 0.9547
vn -0.6746 -0.2794 0.6832
f 2533/2533/2533 2534/2534/2534 2535/2535/2535 2536/2536/2536
v -0.1876 0.5107 -0.0875
vt 0.2077 0.9623
vn -0.6329 -0.2621 0.7285
v -0.1907 0.5181 -0.0875
vt 0.2057 0.9017
vn -0.7235 -0.1022 0.6828
v -0.2082 0.5022 -0.1084
vt 0.2092 0.9547
vn -0.6746 -0.2794 0.6832
f 2537/2537/2537 2538/2538/2538 2539/2539/2539
v -0.0851 0.4038 -0.0875
vt 0.2163 0.9017
vn -0.4393 -0.5838 0.6827
v -0.1846 0.5033 -0.0875
vt 0.2075 0.9017
vn -0.5838 -0.4393 0.6828
v -0.2082 0.5022 -0.1084
vt 0.2092 0.9547
vn -0.6746 -0.2794 0.6832
v -0.0862 0.3802 -0.1084
vt 0.2200 0.9547
vn -0.2794 -0.6746 0.6832
f 2540/2540/2540 2541/2541/2541 2542/2542/2542 2543/2543/2543
v -0.0777 0.4008 -0.0875
vt 0.2178 0.9623
vn -0.2622 -0.6329 0.7285
v -0.0851 0.4038 -0.0875
vt 0.2163 0.9017
vn -0.4393 -0.5838 0.6827
v -0.0862 0.3802 -0.1084
vt 0.2200 0.9547
vn -0.2794 -0.6746 0.6832
f 2544/2544/2544 2545/2545/2545 2546/2546/2546
v 0.0704 0.3977 -0.0875
vt 0.2075 0.9017
vn 0.1022 -0.7235 0.6828
v -0.0704 0.3977 -0.0875
vt 0.2163 0.9017
vn -0.1021 -0.7235 0.6827
v -0.0862 0.3802 -0.1084
vt 0.2200 0.9547
vn -0.2794 -0.6746 0.6832
v 0.0862 0.3802 -0.1084
vt 0.2092 0.9547
vn 0.2794 -0.6746 0.6832
f 2547/2547/2547 2548/2548/2548 2549/2549/2549 2550/2550/2550
v 0.0777 0.4008 -0.0875
vt 0.2077 0.9623
vn 0.2622 -0.6329 0.7285
v 0.0704 0.3977 -0.0875
vt 0.2075 0.9017
vn 0.1022 -0.7235 0.6828
v 0.0862 0.3802 -0.1084
vt 0.2092 0.9547
vn 0.2794 -0.6746 0.6832
f 2551/2551/2551 2552/2552/2552 2553/2553/2553
v 0.1846 0.5033 -0.0875
vt 0.1845 0.9017
vn 0.5838 -0.4393 0.6827
v 0.0851 0.4038 -0.0875
vt 0.2057 0.9017
vn 0.4393 -0.5838 0.6828
v 0.0862 0.3802 -0.1084
vt 0.2092 0.9547
vn 0.2794 -0.6746 0.6832
v 0.2082 0.5022 -0.1084
vt 0.1832 0.9547
vn 0.6746 -0.2794 0.6832
f 2554/2554/2554 2555/2555/2555 2556/2556/2556 2557/2557/2557
v 0.1876 0.5107 -0.0875
vt 0.1832 0.9623
vn 0.6329 -0.2622 0.7285
v 0.1846 0.5033 -0.0875
vt 0.1845 0.9017
vn 0.5838 -0.4393 0.6827
v 0.2082 0.5022 -0.1084
vt 0.1832 0.9547
vn 0.6746 -0.2794 0.6832
f 2558/2558/2558 2559/2559/2559 2560/2560/2560
v 0.1907 0.6588 -0.0875
vt 0.1606 0.9657
vn 0.7235 0.1022 0.6828
v 0.1907 0.5181 -0.0875
vt 0.1819 0.9017
vn 0.7235 -0.1022 0.6828
v 0.2082 0.5022 -0.1084
vt 0.1832 0.9547
vn 0.6746 -0.2794 0.6832
v 0.2082 0.6746 -0.1084
vt 0.1572 0.9547
vn 0.6746 0.2794 0.6832
f 2561/2561/2561 2562/2562/2562 2563/2563/2563 2564/2564/2564
v 0.1876 0.6661 -0.0875
vt 0.1587 0.9623
vn 0.6329 0.2622 0.7285
v 0.1907 0.6588 -0.0875
vt 0.1606 0.9657
vn 0.7235 0.1022 0.6828
v 0.2082 0.6746 -0.1084
vt 0.1572 0.9547
vn 0.6746 0.2794 0.6832
f 2565/2565/2565 2566/2566/2566 2567/2567/2567
v 0.0851 0.7730 -0.0875
vt 0.1500 0.9657
vn 0.4393 0.5838 0.6827
v 0.1846 0.6735 -0.0875
vt 0.1588 0.9657
vn 0.5838 0.4393 0.6828
v 0.2082 0.6746 -0.1084
vt 0.1572 0.9547
vn 0.6746 0.2794 0.6832
v 0.0862 0.7966 -0.1084
vt 0.1464 0.9547
vn 0.2794 0.6746 0.6832
f 2568/2568/2568 2569/2569/2569 2570/2570/2570 2571/2571/2571
v 0.0777 0.7760 -0.0875
vt 0.1485 0.9623
vn 0.2622 0.6329 0.7285
v 0.0851 0.7730 -0.0875
vt 0.1500 0.9657
vn 0.4393 0.5838 0.6827
v 0.0862 0.7966 -0.1084
vt 0.1464 0.9547
vn 0.2794 0.6746 0.6832
f 2572/2572/2572 2573/2573/2573 2574/2574/2574
v -0.0704 0.7791 -0.0875
vt 0.1588 0.9657
vn -0.1022 0.7235 0.6828
v 0.0704 0.7791 -0.0875
vt 0.1500 0.9657
vn 0.1021 0.7235 0.6827
v 0.0862 0.7966 -0.1084
vt 0.1464 0.9547
vn 0.2794 0.6746 0.6832
v -0.0862 0.7966 -0.1084
vt 0.1572 0.9547
vn -0.2794 0.6746 0.6832
f 2575/2575/2575 2576/2576/2576 2577/2577/2577 2578/2578/2578
v -0.0777 0.7760 -0.0875
vt 0.1587 0.9623
vn -0.2621 0.6329 0.7285
v -0.0704 0.7791 -0.0875
vt 0.1588 0.9657
vn -0.1022 0.7235 0.6828
v -0.0862 0.7966 -0.1084
vt 0.1572 0.9547
vn -0.2794 0.6746 0.6832
f 2579/2579/2579 2580/2580/2580 2581/2581/2581
v -0.1846 0.6735 -0.0875
vt 0.1819 0.9657
vn -0.5838 0.4393 0.6827
v -0.0851 0.7730 -0.0875
vt 0.1606 0.9657
vn -0.4393 0.5838 0.6828
v -0.0862 0.7966 -0.1084
vt 0.1572 0.9547
vn -0.2794 0.6746 0.6832
v -0.2082 0.6746 -0.1084
vt 0.1832 0.9547
vn -0.6746 0.2794 0.6832
f 2582/2582/2582 2583/2583/2583 2584/2584/2584 2585/2585/2585
v 0.0815 0.7851 0.1508
vt 0.1484 0.9759
vn 0.0955 0.2306 0.9684
v -0.0815 0.7851 0.1508
vt 0.1586 0.9759
vn -0.0955 0.2306 0.9684
v -0.0623 0.7600 0.1582
vt 0.1612 0.9798
vn -0.0886 0.2180 0.9719
v 0.0623 0.7600 0.1582
vt 0.1534 0.9798
vn 0.0886 0.2180 0.9719
f 2586/2586/2586 2587/2587/2587 2588/2588/2588 2589/2589/2589
v -0.1967 0.6699 0.1508
vt 0.1832 0.9759
vn -0.2306 0.0955 0.9684
v -0.1639 0.6563 0.1582
vt 0.1832 0.9786
vn -0.1879 0.0778 0.9791
v -0.1654 0.6656 0.1582
vt 0.1819 0.9798
vn -0.2168 0.0915 0.9719
f 2590/2590/2590 2591/2591/2591 2592/2592/2592
v -0.0815 0.7851 0.1508
vt 0.1586 0.9759
vn -0.0955 0.2306 0.9684
v -0.1967 0.6699 0.1508
vt 0.1832 0.9759
vn -0.2306 0.0955 0.9684
v -0.1654 0.6656 0.1582
vt 0.1819 0.9798
vn -0.2168 0.0915 0.9719
v -0.0772 0.7538 0.1582
vt 0.1631 0.9798
vn -0.0915 0.2168 0.9719
f 2593/2593/2593 2594/2594/2594 2595/2595/2595 2596/2596/2596
v -0.1716 0.5261 0.1582
vt 0.2033 0.9111
vn -0.2180 -0.0886 0.9719
v -0.1716 0.6507 0.1582
vt 0.1845 0.9798
vn -0.2180 0.0886 0.9719
v -0.1967 0.6699 0.1508
vt 0.1832 0.9759
vn -0.2306 0.0955 0.9684
v -0.1967 0.5069 0.1508
vt 0.2078 0.9759
vn -0.2306 -0.0955 0.9684
f 2597/2597/2597 2598/2598/2598 2599/2599/2599 2600/2600/2600
v -0.1639 0.5205 0.1582
vt 0.2056 0.9103
vn -0.1879 -0.0778 0.9791
v -0.1716 0.5261 0.1582
vt 0.2033 0.9111
vn -0.2180 -0.0886 0.9719
v -0.1967 0.5069 0.1508
vt 0.2078 0.9759
vn -0.2306 -0.0955 0.9684
f 2601/2601/2601 2602/2602/2602 2603/2603/2603
v -0.0772 0.4230 0.1582
vt 0.2130 0.9111
vn -0.0915 -0.2168 0.9719
v -0.1654 0.5112 0.1582
vt 0.2052 0.9111
vn -0.2168 -0.0915 0.9719
v -0.1967 0.5069 0.1508
vt 0.2078 0.9759
vn -0.2306 -0.0955 0.9684
v -0.0815 0.3917 0.1508
vt 0.2179 0.9759
vn -0.0955 -0.2306 0.9684
f 2604/2604/2604 2605/2605/2605 2606/2606/2606 2607/2607/2607
v -0.0679 0.4246 0.1582
vt 0.2149 0.9103
vn -0.0778 -0.1879 0.9791
v -0.0772 0.4230 0.1582
vt 0.2130 0.9111
vn -0.0915 -0.2168 0.9719
v -0.0815 0.3917 0.1508
vt 0.2179 0.9759
vn -0.0955 -0.2306 0.9684
f 2608/2608/2608 2609/2609/2609 2610/2610/2610
v 0.0623 0.4169 0.1582
vt 0.2052 0.9111
vn 0.0886 -0.2180 0.9719
v -0.0623 0.4169 0.1582
vt 0.2130 0.9111
vn -0.0886 -0.2180 0.9719
v -0.0815 0.3917 0.1508
vt 0.2179 0.9759
vn -0.0955 -0.2306 0.9684
v 0.0815 0.3917 0.1508
vt 0.2078 0.9759
vn 0.0955 -0.2306 0.9684
f 2611/2611/2611 2612/2612/2612 2613/2613/2613 2614/2614/2614
v 0.0679 0.4246 0.1582
vt 0.2056 0.9103
vn 0.0778 -0.1879 0.9791
v 0.0623 0.4169 0.1582
vt 0.2052 0.9111
vn 0.0886 -0.2180 0.9719
v 0.0815 0.3917 0.1508
vt 0.2078 0.9759
vn 0.0955 -0.2306 0.9684
f 2615/2615/2615 2616/2616/2616 2617/2617/2617
v 0.1654 0.5112 0.1582
vt 0.1845 0.9111
vn 0.2168 -0.0915 0.9719
v 0.0772 0.4230 0.1582
vt 0.2033 0.9111
vn 0.0915 -0.2168 0.9719
v 0.0815 0.3917 0.1508
vt 0.2078 0.9759
vn 0.0955 -0.2306 0.9684
v 0.1967 0.5069 0.1508
vt 0.1832 0.9759
vn 0.2306 -0.0955 0.9684
f 2618/2618/2618 2619/2619/2619 2620/2620/2620 2621/2621/2621
v 0.1639 0.5205 0.1582
vt 0.1832 0.9103
vn 0.1879 -0.0778 0.9791
v 0.1654 0.5112 0.1582
vt 0.1845 0.9111
vn 0.2168 -0.0915 0.9719
v 0.1967 0.5069 0.1508
vt 0.1832 0.9759
vn 0.2306 -0.0955 0.9684
f 2622/2622/2622 2623/2623/2623 2624/2624/2624
v 0.1715 0.6507 0.1582
vt 0.1631 0.9798
vn 0.2180 0.0886 0.9719
v 0.1715 0.5261 0.1582
vt 0.1819 0.9111
vn 0.2180 -0.0886 0.9719
v 0.1967 0.5069 0.1508
vt 0.1832 0.9759
vn 0.2306 -0.0955 0.9684
v 0.1967 0.6699 0.1508
vt 0.1586 0.9759
vn 0.2306 0.0955 0.9684
f 2625/2625/2625 2626/2626/2626 2627/2627/2627 2628/2628/2628
v 0.1639 0.6563 0.1582
vt 0.1608 0.9786
vn 0.1879 0.0778 0.9791
v 0.1715 0.6507 0.1582
vt 0.1631 0.9798
vn 0.2180 0.0886 0.9719
v 0.1967 0.6699 0.1508
vt 0.1586 0.9759
vn 0.2306 0.0955 0.9684
f 2629/2629/2629 2630/2630/2630 2631/2631/2631
v 0.0815 0.7851 0.1508
vt 0.1484 0.9759
vn 0.0955 0.2306 0.9684
v 0.0679 0.7523 0.1582
vt 0.1515 0.9786
vn 0.0778 0.1879 0.9791
v 0.0772 0.7538 0.1582
vt 0.1534 0.9798
vn 0.0915 0.2168 0.9719
f 2632/2632/2632 2633/2633/2633 2634/2634/2634
v 0.1967 0.6699 0.1508
vt 0.1586 0.9759
vn 0.2306 0.0955 0.9684
v 0.0815 0.7851 0.1508
vt 0.1484 0.9759
vn 0.0955 0.2306 0.9684
v 0.0772 0.7538 0.1582
vt 0.1534 0.9798
vn 0.0915 0.2168 0.9719
v 0.1654 0.6656 0.1582
vt 0.1612 0.9798
vn 0.2168 0.0915 0.9719
f 2635/2635/2635 2636/2636/2636 2637/2637/2637 2638/2638/2638
v 0.0679 0.7523 0.1582
vt 0.1515 0.9786
vn 0.0778 0.1879 0.9791
v 0.0815 0.7851 0.1508
vt 0.1484 0.9759
vn 0.0955 0.2306 0.9684
v 0.0623 0.7600 0.1582
vt 0.1534 0.9798
vn 0.0886 0.2180 0.9719
f 2639/2639/2639 2640/2640/2640 2641/2641/2641
v -0.0772 0.7538 -0.1582
vt 0.1631 0.8659
vn -0.0915 0.2168 -0.9719
v -0.1654 0.6656 -0.1582
vt 0.1819 0.8659
vn -0.2168 0.0915 -0.9719
v -0.1967 0.6699 -0.1508
vt 0.1832 0.8698
vn -0.2306 0.0955 -0.9684
v -0.0815 0.7851 -0.1508
vt 0.1586 0.8698
vn -0.0955 0.2306 -0.9684
f 2642/2642/2642 2643/2643/2643 2644/2644/2644 2645/2645/2645
v -0.1639 0.6563 -0.1582
vt 0.1832 0.8671
vn -0.1879 0.0778 -0.9791
v -0.1716 0.6507 -0.1582
vt 0.1845 0.8659
vn -0.2180 0.0886 -0.9719
v -0.1967 0.6699 -0.1508
vt 0.1832 0.8698
vn -0.2306 0.0955 -0.9684
f 2646/2646/2646 2647/2647/2647 2648/2648/2648
v -0.1716 0.6507 -0.1582
vt 0.1845 0.8659
vn -0.2180 0.0886 -0.9719
v -0.1716 0.5261 -0.1582
vt 0.2033 0.8348
vn -0.2180 -0.0886 -0.9719
v -0.1967 0.5069 -0.1508
vt 0.2078 0.8698
vn -0.2306 -0.0955 -0.9684
v -0.1967 0.6699 -0.1508
vt 0.1832 0.8698
vn -0.2306 0.0955 -0.9684
f 2649/2649/2649 2650/2650/2650 2651/2651/2651 2652/2652/2652
v -0.1639 0.5205 -0.1582
vt 0.2056 0.8356
vn -0.1879 -0.0778 -0.9791
v -0.1654 0.5112 -0.1582
vt 0.2052 0.8348
vn -0.2168 -0.0915 -0.9719
v -0.1967 0.5069 -0.1508
vt 0.2078 0.8698
vn -0.2306 -0.0955 -0.9684
f 2653/2653/2653 2654/2654/2654 2655/2655/2655
v -0.1654 0.5112 -0.1582
vt 0.2052 0.8348
vn -0.2168 -0.0915 -0.9719
v -0.0772 0.4230 -0.1582
vt 0.2130 0.8348
vn -0.0915 -0.2168 -0.9719
v -0.0815 0.3917 -0.1508
vt 0.2179 0.8698
vn -0.0955 -0.2306 -0.9684
v -0.1967 0.5069 -0.1508
vt 0.2078 0.8698
vn -0.2306 -0.0955 -0.9684
f 2656/2656/2656 2657/2657/2657 2658/2658/2658 2659/2659/2659
v -0.0679 0.4246 -0.1582
vt 0.2149 0.8356
vn -0.0778 -0.1879 -0.9791
v -0.0623 0.4169 -0.1582
vt 0.2130 0.8348
vn -0.0886 -0.2180 -0.9719
v -0.0815 0.3917 -0.1508
vt 0.2179 0.8698
vn -0.0955 -0.2306 -0.9684
f 2660/2660/2660 2661/2661/2661 2662/2662/2662
v -0.0623 0.4169 -0.1582
vt 0.2130 0.8348
vn -0.0886 -0.2180 -0.9719
v 0.0623 0.4169 -0.1582
vt 0.2052 0.8348
vn 0.0886 -0.2180 -0.9719
v 0.0815 0.3917 -0.1508
vt 0.2078 0.8698
vn 0.0955 -0.2306 -0.9684
v -0.0815 0.3917 -0.1508
vt 0.2179 0.8698
vn -0.0955 -0.2306 -0.9684
f 2663/2663/2663 2664/2664/2664 2665/2665/2665 2666/2666/2666
v 0.0679 0.4246 -0.1582
vt 0.2056 0.8356
vn 0.0778 -0.1879 -0.9791
v 0.0772 0.4230 -0.1582
vt 0.2033 0.8348
vn 0.0915 -0.2168 -0.9719
v 0.0815 0.3917 -0.1508
vt 0.2078 0.8698
vn 0.0955 -0.2306 -0.9684
f 2667/2667/2667 2668/2668/2668 2669/2669/2669
v 0.0772 0.4230 -0.1582
vt 0.2033 0.8348
vn 0.0915 -0.2168 -0.9719
v 0.1654 0.5112 -0.1582
vt 0.1845 0.8348
vn 0.2168 -0.0915 -0.9719
v 0.1967 0.5069 -0.1508
vt 0.1832 0.8698
vn 0.2306 -0.0955 -0.9684
v 0.0815 0.3917 -0.1508
vt 0.2078 0.8698
vn 0.0955 -0.2306 -0.9684
f 2670/2670/2670 2671/2671/2671 2672/2672/2672 2673/2673/2673
v 0.1639 0.5205 -0.1582
vt 0.1832 0.8356
vn 0.1879 -0.0778 -0.9791
v 0.1715 0.5261 -0.1582
vt 0.1819 0.8348
vn 0.2180 -0.0886 -0.9719
v 0.1967 0.5069 -0.1508
vt 0.1832 0.8698
vn 0.2306 -0.0955 -0.9684
f 2674/2674/2674 2675/2675/2675 2676/2676/2676
v 0.1715 0.5261 -0.1582
vt 0.1819 0.8348
vn 0.2180 -0.0886 -0.9719
v 0.1715 0.6507 -0.1582
vt 0.1631 0.8659
vn 0.2180 0.0886 -0.9719
v 0.1967 0.6699 -0.1508
vt 0.1586 0.8698
vn 0.2306 0.0955 -0.9684
v 0.1967 0.5069 -0.1508
vt 0.1832 0.8698
vn 0.2306 -0.0955 -0.9684
f 2677/2677/2677 2678/2678/2678 2679/2679/2679 2680/2680/2680
v 0.1639 0.6563 -0.1582
vt 0.1608 0.8671
vn 0.1879 0.0778 -0.9791
v 0.1654 0.6656 -0.1582
vt 0.1612 0.8659
vn 0.2168 0.0915 -0.9719
v 0.1967 0.6699 -0.1508
vt 0.1586 0.8698
vn 0.2306 0.0955 -0.9684
f 2681/2681/2681 2682/2682/2682 2683/2683/2683
v 0.1654 0.6656 -0.1582
vt 0.1612 0.8659
vn 0.2168 0.0915 -0.9719
v 0.0772 0.7538 -0.1582
vt 0.1534 0.8659
vn 0.0915 0.2168 -0.9719
v 0.0815 0.7851 -0.1508
vt 0.1484 0.8698
vn 0.0955 0.2306 -0.9684
v 0.1967 0.6699 -0.1508
vt 0.1586 0.8698
vn 0.2306 0.0955 -0.9684
f 2684/2684/2684 2685/2685/2685 2686/2686/2686 2687/2687/2687
v 0.0679 0.7523 -0.1582
vt 0.1515 0.8671
vn 0.0778 0.1879 -0.9791
v 0.0623 0.7600 -0.1582
vt 0.1534 0.8659
vn 0.0886 0.2180 -0.9719
v 0.0815 0.7851 -0.1508
vt 0.1484 0.8698
vn 0.0955 0.2306 -0.9684
f 2688/2688/2688 2689/2689/2689 2690/2690/2690
v 0.0623 0.7600 -0.1582
vt 0.1534 0.8659
vn 0.0886 0.2180 -0.9719
v -0.0623 0.7600 -0.1582
vt 0.1612 0.8659
vn -0.0886 0.2180 -0.9719
v -0.0815 0.7851 -0.1508
vt 0.1586 0.8698
vn -0.0955 0.2306 -0.9684
v 0.0815 0.7851 -0.1508
vt 0.1484 0.8698
vn 0.0955 0.2306 -0.9684
f 2691/2691/2691 2692/2692/2692 2693/2693/2693 2694/2694/2694
v -0.0679 0.7523 -0.1582
vt 0.1608 0.8671
vn -0.0778 0.1879 -0.9791
v -0.0772 0.7538 -0.1582
vt 0.1631 0.8659
vn -0.0915 0.2168 -0.9719
v -0.0815 0.7851 -0.1508
vt 0.1586 0.8698
vn -0.0955 0.2306 -0.9684
f 2695/2695/2695 2696/2696/2696 2697/2697/2697
