# The Giants of Holst prop, from CC0 kits by KayKit (Kay Lousberg) and Kenney
v -2.2050 1.4700 0.7831
vt 0.8297 0.8370
vn -1.0000 0.0000 0.0000
v -2.2050 2.2050 -0.4900
vt 0.8297 0.8503
vn -1.0000 0.0000 0.0000
v -2.2050 1.9236 -0.4900
vt 0.8297 0.8452
vn -1.0000 0.0000 0.0000
v -2.2050 1.2578 0.6606
vt 0.8297 0.8331
vn -1.0000 0.0000 0.0000
f 1/1/1 2/2/2 3/3/3 4/4/4
v -2.2050 1.2578 0.6606
vt 0.8028 0.8019
vn -0.0000 -0.8656 -0.5008
v -2.2050 1.9236 -0.4900
vt 0.8028 0.8139
vn -0.0000 -0.8656 -0.5008
v -1.9600 1.9236 -0.4900
vt 0.8028 0.8139
vn -0.0000 -0.8656 -0.5008
v -1.9600 1.2578 0.6606
vt 0.8028 0.8019
vn -0.0000 -0.8656 -0.5008
f 5/5/5 6/6/6 7/7/7 8/8/8
v -1.9600 1.2578 0.6606
vt 0.8297 0.8331
vn 1.0000 0.0000 0.0000
v -1.9600 1.9236 -0.4900
vt 0.8297 0.8452
vn 1.0000 0.0000 0.0000
v -1.9600 2.2050 -0.4900
vt 0.8297 0.8503
vn 1.0000 0.0000 0.0000
v -1.9600 1.4700 0.7831
vt 0.8297 0.8370
vn 1.0000 0.0000 0.0000
f 9/9/9 10/10/10 11/11/11 12/12/12
v -1.9600 1.4700 0.7831
vt 0.8565 0.8838
vn 0.0000 0.8660 0.5000
v -1.9600 2.2050 -0.4900
vt 0.8565 0.8972
vn 0.0000 0.8660 0.5000
v -2.2050 2.2050 -0.4900
vt 0.8565 0.8972
vn 0.0000 0.8660 0.5000
v -2.2050 1.4700 0.7831
vt 0.8565 0.8838
vn 0.0000 0.8660 0.5000
f 13/13/13 14/14/14 15/15/15 16/16/16
v -2.2050 1.2578 0.6606
vt 0.8163 0.8175
vn 0.0000 -0.5000 0.8660
v -1.9600 1.2578 0.6606
vt 0.8163 0.8175
vn 0.0000 -0.5000 0.8660
v -1.9600 1.4700 0.7831
vt 0.8163 0.8213
vn 0.0000 -0.5000 0.8660
v -2.2050 1.4700 0.7831
vt 0.8163 0.8213
vn 0.0000 -0.5000 0.8660
f 17/17/17 18/18/18 19/19/19 20/20/20
v -1.9600 1.4700 -1.7631
vt 0.8297 0.8370
vn 1.0000 0.0000 0.0000
v -1.9600 2.2050 -0.4900
vt 0.8297 0.8503
vn 1.0000 0.0000 0.0000
v -1.9600 1.9236 -0.4900
vt 0.8297 0.8452
vn 1.0000 0.0000 0.0000
v -1.9600 1.2578 -1.6406
vt 0.8297 0.8331
vn 1.0000 0.0000 0.0000
f 21/21/21 22/22/22 23/23/23 24/24/24
v -1.9600 1.2578 -1.6406
vt 0.8028 0.8019
vn 0.0000 -0.8656 0.5008
v -1.9600 1.9236 -0.4900
vt 0.8028 0.8139
vn 0.0000 -0.8656 0.5008
v -2.2050 1.9236 -0.4900
vt 0.8028 0.8139
vn 0.0000 -0.8656 0.5008
v -2.2050 1.2578 -1.6406
vt 0.8028 0.8019
vn 0.0000 -0.8656 0.5008
f 25/25/25 26/26/26 27/27/27 28/28/28
v -2.2050 1.2578 -1.6406
vt 0.8297 0.8331
vn -1.0000 0.0000 0.0000
v -2.2050 1.9236 -0.4900
vt 0.8297 0.8452
vn -1.0000 0.0000 0.0000
v -2.2050 2.2050 -0.4900
vt 0.8297 0.8503
vn -1.0000 0.0000 0.0000
v -2.2050 1.4700 -1.7631
vt 0.8297 0.8370
vn -1.0000 0.0000 0.0000
f 29/29/29 30/30/30 31/31/31 32/32/32
v -2.2050 1.4700 -1.7631
vt 0.8565 0.8838
vn -0.0000 0.8660 -0.5000
v -2.2050 2.2050 -0.4900
vt 0.8565 0.8972
vn -0.0000 0.8660 -0.5000
v -1.9600 2.2050 -0.4900
vt 0.8565 0.8972
vn -0.0000 0.8660 -0.5000
v -1.9600 1.4700 -1.7631
vt 0.8565 0.8838
vn -0.0000 0.8660 -0.5000
f 33/33/33 34/34/34 35/35/35 36/36/36
v -1.9600 1.2578 -1.6406
vt 0.8163 0.8175
vn -0.0000 -0.5000 -0.8660
v -2.2050 1.2578 -1.6406
vt 0.8163 0.8175
vn -0.0000 -0.5000 -0.8660
v -2.2050 1.4700 -1.7631
vt 0.8163 0.8213
vn -0.0000 -0.5000 -0.8660
v -1.9600 1.4700 -1.7631
vt 0.8163 0.8213
vn -0.0000 -0.5000 -0.8660
f 37/37/37 38/38/38 39/39/39 40/40/40
v -0.4900 1.4700 0.7831
vt 0.8297 0.8370
vn -1.0000 0.0000 0.0000
v -0.4900 2.2050 -0.4900
vt 0.8297 0.8503
vn -1.0000 0.0000 0.0000
v -0.4900 1.9236 -0.4900
vt 0.8297 0.8452
vn -1.0000 0.0000 0.0000
v -0.4900 1.2578 0.6606
vt 0.8297 0.8331
vn -1.0000 0.0000 0.0000
f 41/41/41 42/42/42 43/43/43 44/44/44
v -0.4900 1.2578 0.6606
vt 0.8028 0.8019
vn -0.0000 -0.8656 -0.5008
v -0.4900 1.9236 -0.4900
vt 0.8028 0.8139
vn -0.0000 -0.8656 -0.5008
v -0.2450 1.9236 -0.4900
vt 0.8028 0.8139
vn -0.0000 -0.8656 -0.5008
v -0.2450 1.2578 0.6606
vt 0.8028 0.8019
vn -0.0000 -0.8656 -0.5008
f 45/45/45 46/46/46 47/47/47 48/48/48
v -0.2450 1.2578 0.6606
vt 0.8297 0.8331
vn 1.0000 0.0000 0.0000
v -0.2450 1.9236 -0.4900
vt 0.8297 0.8452
vn 1.0000 0.0000 0.0000
v -0.2450 2.2050 -0.4900
vt 0.8297 0.8503
vn 1.0000 0.0000 0.0000
v -0.2450 1.4700 0.7831
vt 0.8297 0.8370
vn 1.0000 0.0000 0.0000
f 49/49/49 50/50/50 51/51/51 52/52/52
v -0.2450 1.4700 0.7831
vt 0.8565 0.8838
vn 0.0000 0.8660 0.5000
v -0.2450 2.2050 -0.4900
vt 0.8565 0.8972
vn 0.0000 0.8660 0.5000
v -0.4900 2.2050 -0.4900
vt 0.8565 0.8972
vn 0.0000 0.8660 0.5000
v -0.4900 1.4700 0.7831
vt 0.8565 0.8838
vn 0.0000 0.8660 0.5000
f 53/53/53 54/54/54 55/55/55 56/56/56
v -0.4900 1.2578 0.6606
vt 0.8163 0.8175
vn 0.0000 -0.5000 0.8660
v -0.2450 1.2578 0.6606
vt 0.8163 0.8175
vn 0.0000 -0.5000 0.8660
v -0.2450 1.4700 0.7831
vt 0.8163 0.8213
vn 0.0000 -0.5000 0.8660
v -0.4900 1.4700 0.7831
vt 0.8163 0.8213
vn 0.0000 -0.5000 0.8660
f 57/57/57 58/58/58 59/59/59 60/60/60
v -0.2450 1.4700 -1.7631
vt 0.8297 0.8370
vn 1.0000 0.0000 0.0000
v -0.2450 2.2050 -0.4900
vt 0.8297 0.8503
vn 1.0000 0.0000 0.0000
v -0.2450 1.9236 -0.4900
vt 0.8297 0.8452
vn 1.0000 0.0000 0.0000
v -0.2450 1.2578 -1.6406
vt 0.8297 0.8331
vn 1.0000 0.0000 0.0000
f 61/61/61 62/62/62 63/63/63 64/64/64
v -0.2450 1.2578 -1.6406
vt 0.8028 0.8019
vn 0.0000 -0.8656 0.5008
v -0.2450 1.9236 -0.4900
vt 0.8028 0.8139
vn 0.0000 -0.8656 0.5008
v -0.4900 1.9236 -0.4900
vt 0.8028 0.8139
vn 0.0000 -0.8656 0.5008
v -0.4900 1.2578 -1.6406
vt 0.8028 0.8019
vn 0.0000 -0.8656 0.5008
f 65/65/65 66/66/66 67/67/67 68/68/68
v -0.4900 1.2578 -1.6406
vt 0.8297 0.8331
vn -1.0000 0.0000 0.0000
v -0.4900 1.9236 -0.4900
vt 0.8297 0.8452
vn -1.0000 0.0000 0.0000
v -0.4900 2.2050 -0.4900
vt 0.8297 0.8503
vn -1.0000 0.0000 0.0000
v -0.4900 1.4700 -1.7631
vt 0.8297 0.8370
vn -1.0000 0.0000 0.0000
f 69/69/69 70/70/70 71/71/71 72/72/72
v -0.4900 1.4700 -1.7631
vt 0.8565 0.8838
vn -0.0000 0.8660 -0.5000
v -0.4900 2.2050 -0.4900
vt 0.8565 0.8972
vn -0.0000 0.8660 -0.5000
v -0.2450 2.2050 -0.4900
vt 0.8565 0.8972
vn -0.0000 0.8660 -0.5000
v -0.2450 1.4700 -1.7631
vt 0.8565 0.8838
vn -0.0000 0.8660 -0.5000
f 73/73/73 74/74/74 75/75/75 76/76/76
v -0.2450 1.2578 -1.6406
vt 0.8163 0.8175
vn -0.0000 -0.5000 -0.8660
v -0.4900 1.2578 -1.6406
vt 0.8163 0.8175
vn -0.0000 -0.5000 -0.8660
v -0.4900 1.4700 -1.7631
vt 0.8163 0.8213
vn -0.0000 -0.5000 -0.8660
v -0.2450 1.4700 -1.7631
vt 0.8163 0.8213
vn -0.0000 -0.5000 -0.8660
f 77/77/77 78/78/78 79/79/79 80/80/80
v -1.9601 1.4700 -1.2985
vt 0.1518 0.7650
vn -1.0000 0.0000 0.0000
v -1.9601 1.4700 0.3185
vt 0.1518 0.7650
vn -1.0000 0.0000 0.0000
v -1.9601 1.9600 -0.4900
vt 0.1518 0.9194
vn -1.0000 0.0000 0.0000
f 81/81/81 82/82/82 83/83/83
v -0.4900 1.4700 0.3185
vt 0.1607 0.7650
vn 1.0000 0.0000 0.0000
v -0.4900 1.4700 -1.2985
vt 0.1607 0.7650
vn 1.0000 0.0000 0.0000
v -0.4900 1.9600 -0.4900
vt 0.1607 0.9194
vn 1.0000 0.0000 0.0000
f 84/84/84 85/85/85 86/86/86
v -1.9600 1.1760 0.2450
vt 0.8028 0.8004
vn -0.1924 -0.9623 0.1924
v -1.7150 1.1760 0.2450
vt 0.8028 0.8004
vn 0.0000 -0.9285 0.3714
v -2.0825 1.2250 0.3675
vt 0.8028 0.8013
vn -0.1924 -0.9623 0.1924
f 87/87/87 88/88/88 89/89/89
v -0.7350 0.2450 0.2450
vt 0.3342 0.8265
vn -1.0000 0.0000 0.0000
v -0.7350 0.0000 0.2450
vt 0.3342 0.8248
vn -1.0000 0.0000 0.0000
v -0.7350 0.0000 0.3675
vt 0.3342 0.8248
vn -1.0000 0.0000 0.0000
v -0.7350 0.1960 0.3675
vt 0.3342 0.8261
vn -1.0000 0.0000 0.0000
f 90/90/90 91/91/91 92/92/92 93/93/93
v -1.7150 1.1760 -1.2250
vt 0.8028 0.8004
vn -0.0000 -0.9285 -0.3714
v -1.9600 1.1760 -1.2250
vt 0.8028 0.8004
vn -0.1924 -0.9623 -0.1925
v -2.0825 1.2250 -1.3475
vt 0.8028 0.8013
vn -0.1924 -0.9623 -0.1924
f 94/94/94 95/95/95 96/96/96
v -0.4900 0.0000 0.2450
vt 0.3342 0.8248
vn -0.0000 -1.0000 0.0000
v -0.4900 0.0000 0.0000
vt 0.3342 0.8248
vn -0.0000 -1.0000 0.0000
v -0.3675 0.0000 0.0000
vt 0.3342 0.8248
vn -0.0000 -1.0000 0.0000
v -0.3675 0.0000 0.3675
vt 0.3342 0.8248
vn -0.0000 -1.0000 0.0000
f 97/97/97 98/98/98 99/99/99 100/100/100
v -0.7350 0.0000 -1.2250
vt 0.3342 0.8248
vn -1.0000 0.0000 0.0000
v -0.7350 0.2450 -1.2250
vt 0.3342 0.8265
vn -1.0000 0.0000 0.0000
v -0.7350 0.1960 -1.3475
vt 0.3342 0.8261
vn -1.0000 0.0000 0.0000
v -0.7350 0.0000 -1.3475
vt 0.3342 0.8248
vn -1.0000 0.0000 0.0000
f 101/101/101 102/102/102 103/103/103 104/104/104
v -0.4900 1.1760 -1.2250
vt 0.8028 0.8004
vn 0.1925 -0.9623 -0.1925
v -0.7350 1.1760 -1.2250
vt 0.8028 0.8004
vn -0.0000 -0.9285 -0.3714
v -0.3675 1.2250 -1.3475
vt 0.8028 0.8013
vn 0.1925 -0.9623 -0.1925
f 105/105/105 106/106/106 107/107/107
v -0.4900 0.2450 0.0000
vt 0.8297 0.8148
vn 1.0000 0.0000 0.0000
v -0.4900 1.1760 0.0000
vt 0.8297 0.8316
vn 1.0000 0.0000 0.0000
v -0.4900 1.1760 0.2450
vt 0.8297 0.8316
vn 1.0000 0.0000 0.0000
v -0.4900 0.2450 0.2450
vt 0.8297 0.8148
vn 1.0000 0.0000 0.0000
f 108/108/108 109/109/109 110/110/110 111/111/111
v -0.7350 1.1760 0.2450
vt 0.8028 0.8004
vn 0.0000 -0.9285 0.3714
v -0.4900 1.1760 0.2450
vt 0.8028 0.8004
vn 0.1924 -0.9623 0.1924
v -0.3675 1.2250 0.3675
vt 0.8028 0.8013
vn 0.1924 -0.9623 0.1924
f 112/112/112 113/113/113 114/114/114
v -0.4900 0.0000 -0.9800
vt 0.3342 0.8248
vn -0.0000 -1.0000 0.0000
v -0.4900 0.0000 -1.2250
vt 0.3342 0.8248
vn -0.0000 -1.0000 0.0000
v -0.3675 0.0000 -1.3475
vt 0.3342 0.8248
vn -0.0000 -1.0000 0.0000
v -0.3675 0.0000 -0.9800
vt 0.3342 0.8248
vn -0.0000 -1.0000 0.0000
f 115/115/115 116/116/116 117/117/117 118/118/118
v -1.9600 1.1760 0.2450
vt 0.8297 0.8316
vn 0.0000 -0.0000 1.0000
v -1.9600 0.2450 0.2450
vt 0.8297 0.8148
vn 0.0000 -0.0000 1.0000
v -1.7150 0.2450 0.2450
vt 0.8297 0.8148
vn 0.0000 -0.0000 1.0000
v -1.7150 1.1760 0.2450
vt 0.8297 0.8316
vn 0.0000 -0.0000 1.0000
f 119/119/119 120/120/120 121/121/121 122/122/122
v -0.4900 0.2450 -1.2250
vt 0.8297 0.8148
vn 0.0000 0.0000 -1.0000
v -0.7350 0.2450 -1.2250
vt 0.8297 0.8148
vn 0.0000 0.0000 -1.0000
v -0.7350 1.1760 -1.2250
vt 0.8297 0.8316
vn 0.0000 0.0000 -1.0000
v -0.4900 1.1760 -1.2250
vt 0.8297 0.8316
vn 0.0000 0.0000 -1.0000
f 123/123/123 124/124/124 125/125/125 126/126/126
v -1.7150 1.1760 -1.2250
vt 0.8297 0.8316
vn 0.0000 0.0000 -1.0000
v -1.7150 0.2450 -1.2250
vt 0.8297 0.8148
vn 0.0000 0.0000 -1.0000
v -1.9600 0.2450 -1.2250
vt 0.8297 0.8148
vn 0.0000 0.0000 -1.0000
v -1.9600 1.1760 -1.2250
vt 0.8297 0.8316
vn 0.0000 0.0000 -1.0000
f 127/127/127 128/128/128 129/129/129 130/130/130
v -0.7350 1.1760 -1.2250
vt 0.1905 0.9507
vn 0.0000 0.0000 -1.0000
v -0.7350 0.2450 -1.2250
vt 0.1905 0.7962
vn 0.0000 0.0000 -1.0000
v -1.7150 0.2450 -1.2250
vt 0.1845 0.7962
vn 0.0000 0.0000 -1.0000
v -1.7150 1.1760 -1.2250
vt 0.1845 0.9507
vn 0.0000 0.0000 -1.0000
f 131/131/131 132/132/132 133/133/133 134/134/134
v -1.9600 0.0000 0.2450
vt 0.3342 0.8248
vn -0.0000 -1.0000 0.0000
v -1.7150 0.0000 0.2450
vt 0.3342 0.8248
vn -0.0000 -1.0000 0.0000
v -1.7150 0.0000 0.3675
vt 0.3342 0.8248
vn -0.0000 -1.0000 0.0000
v -2.0825 0.0000 0.3675
vt 0.3342 0.8248
vn -0.0000 -1.0000 0.0000
f 135/135/135 136/136/136 137/137/137 138/138/138
v -1.7150 0.2450 -1.2250
vt 0.8297 0.8148
vn 0.0000 0.0000 -1.0000
v -0.7350 0.2450 -1.2250
vt 0.8297 0.8148
vn 0.0000 0.0000 -1.0000
v -0.7350 0.0000 -1.2250
vt 0.8297 0.8103
vn 0.0000 0.0000 -1.0000
v -1.7150 0.0000 -1.2250
vt 0.8297 0.8103
vn 0.0000 0.0000 -1.0000
f 139/139/139 140/140/140 141/141/141 142/142/142
v -0.7350 0.2450 -1.2250
vt 0.3342 0.8577
vn 0.0000 0.9285 -0.3714
v -0.4900 0.2450 -1.2250
vt 0.3342 0.8577
vn 0.1925 0.9623 -0.1925
v -0.3675 0.1960 -1.3475
vt 0.3342 0.8574
vn 0.1925 0.9623 -0.1925
v -0.7350 0.1960 -1.3475
vt 0.3342 0.8574
vn 0.0000 0.9285 -0.3714
f 143/143/143 144/144/144 145/145/145 146/146/146
v -0.7350 1.1760 0.2450
vt 0.8297 0.8316
vn 0.0000 -0.0000 1.0000
v -0.7350 0.2450 0.2450
vt 0.8297 0.8148
vn 0.0000 -0.0000 1.0000
v -0.4900 0.2450 0.2450
vt 0.8297 0.8148
vn 0.0000 -0.0000 1.0000
v -0.4900 1.1760 0.2450
vt 0.8297 0.8316
vn 0.0000 -0.0000 1.0000
f 147/147/147 148/148/148 149/149/149 150/150/150
v -1.7150 1.1760 0.2450
vt 0.1845 0.9507
vn 0.0000 -0.0000 1.0000
v -1.7150 0.2450 0.2450
vt 0.1845 0.7962
vn 0.0000 -0.0000 1.0000
v -0.7350 0.2450 0.2450
vt 0.1905 0.7962
vn 0.0000 -0.0000 1.0000
v -0.7350 1.1760 0.2450
vt 0.1905 0.9507
vn 0.0000 -0.0000 1.0000
f 151/151/151 152/152/152 153/153/153 154/154/154
v -0.7350 0.2450 0.2450
vt 0.8297 0.8148
vn 0.0000 -0.0000 1.0000
v -1.7150 0.2450 0.2450
vt 0.8297 0.8148
vn 0.0000 -0.0000 1.0000
v -1.7150 0.0000 0.2450
vt 0.8297 0.8103
vn 0.0000 -0.0000 1.0000
v -0.7350 0.0000 0.2450
vt 0.8297 0.8103
vn 0.0000 -0.0000 1.0000
f 155/155/155 156/156/156 157/157/157 158/158/158
v -1.9600 0.2450 -0.9800
vt 0.8297 0.8148
vn -1.0000 0.0000 0.0000
v -1.9600 1.1760 -0.9800
vt 0.8297 0.8316
vn -1.0000 0.0000 0.0000
v -1.9600 1.1760 -1.2250
vt 0.8297 0.8316
vn -1.0000 0.0000 0.0000
v -1.9600 0.2450 -1.2250
vt 0.8297 0.8148
vn -1.0000 0.0000 0.0000
f 159/159/159 160/160/160 161/161/161 162/162/162
v -1.9600 0.2450 0.0000
vt 0.1518 0.7650
vn -1.0000 0.0000 0.0000
v -1.9600 1.1760 0.0000
vt 0.1518 0.9194
vn -1.0000 0.0000 0.0000
v -1.9600 1.1760 -0.9800
vt 0.1518 0.9194
vn -1.0000 0.0000 0.0000
v -1.9600 0.2450 -0.9800
vt 0.1518 0.7650
vn -1.0000 0.0000 0.0000
f 163/163/163 164/164/164 165/165/165 166/166/166
v -2.0825 1.4700 0.3675
vt 0.8565 0.8838
vn 0.0000 1.0000 0.0000
v -0.3675 1.4700 0.3675
vt 0.8565 0.8838
vn 0.0000 1.0000 0.0000
v -0.3675 1.4700 -1.3475
vt 0.8565 0.8838
vn 0.0000 1.0000 0.0000
v -2.0825 1.4700 -1.3475
vt 0.8565 0.8838
vn 0.0000 1.0000 0.0000
f 167/167/167 168/168/168 169/169/169 170/170/170
v -1.9600 0.0000 0.0000
vt 0.8297 0.8103
vn -1.0000 0.0000 0.0000
v -1.9600 0.2450 0.0000
vt 0.8297 0.8148
vn -1.0000 0.0000 0.0000
v -1.9600 0.2450 -0.9800
vt 0.8297 0.8148
vn -1.0000 0.0000 0.0000
v -1.9600 0.0000 -0.9800
vt 0.8297 0.8103
vn -1.0000 0.0000 0.0000
f 171/171/171 172/172/172 173/173/173 174/174/174
v -0.4900 0.2450 -1.2250
vt 0.8297 0.8148
vn 1.0000 0.0000 0.0000
v -0.4900 1.1760 -1.2250
vt 0.8297 0.8316
vn 1.0000 0.0000 0.0000
v -0.4900 1.1760 -0.9800
vt 0.8297 0.8316
vn 1.0000 0.0000 0.0000
v -0.4900 0.2450 -0.9800
vt 0.8297 0.8148
vn 1.0000 0.0000 0.0000
f 175/175/175 176/176/176 177/177/177 178/178/178
v -1.9600 0.2450 0.0000
vt 0.3342 0.8265
vn 0.0000 0.0000 -1.0000
v -1.9600 0.0000 0.0000
vt 0.3342 0.8248
vn 0.0000 0.0000 -1.0000
v -2.0825 0.0000 0.0000
vt 0.3342 0.8248
vn 0.0000 0.0000 -1.0000
v -2.0825 0.1960 0.0000
vt 0.3342 0.8261
vn 0.0000 0.0000 -1.0000
f 179/179/179 180/180/180 181/181/181 182/182/182
v -1.9600 1.1760 -1.2250
vt 0.8028 0.8004
vn -0.1924 -0.9623 -0.1925
v -1.9600 1.1760 -0.9800
vt 0.8028 0.8004
vn -0.3714 -0.9285 0.0000
v -2.0825 1.2250 -1.3475
vt 0.8028 0.8013
vn -0.1924 -0.9623 -0.1924
f 183/183/183 184/184/184 185/185/185
v -0.4900 1.1760 0.2450
vt 0.8028 0.8004
vn 0.1924 -0.9623 0.1924
v -0.4900 1.1760 0.0000
vt 0.8028 0.8004
vn 0.3714 -0.9285 -0.0000
v -0.3675 1.2250 0.3675
vt 0.8028 0.8013
vn 0.1924 -0.9623 0.1924
f 186/186/186 187/187/187 188/188/188
v -1.9600 0.0000 -1.2250
vt 0.3342 0.8248
vn -0.0000 -1.0000 0.0000
v -1.9600 0.0000 -0.9800
vt 0.3342 0.8248
vn -0.0000 -1.0000 0.0000
v -2.0825 0.0000 -0.9800
vt 0.3342 0.8248
vn -0.0000 -1.0000 0.0000
v -2.0825 0.0000 -1.3475
vt 0.3342 0.8248
vn -0.0000 -1.0000 0.0000
f 189/189/189 190/190/190 191/191/191 192/192/192
v -1.9600 0.2450 0.2450
vt 0.8297 0.8148
vn -1.0000 0.0000 0.0000
v -1.9600 1.1760 0.2450
vt 0.8297 0.8316
vn -1.0000 0.0000 0.0000
v -1.9600 1.1760 0.0000
vt 0.8297 0.8316
vn -1.0000 0.0000 0.0000
v -1.9600 0.2450 0.0000
vt 0.8297 0.8148
vn -1.0000 0.0000 0.0000
f 193/193/193 194/194/194 195/195/195 196/196/196
v -0.4900 0.2450 -0.9800
vt 0.1607 0.7650
vn 1.0000 0.0000 0.0000
v -0.4900 1.1760 -0.9800
vt 0.1607 0.9194
vn 1.0000 0.0000 0.0000
v -0.4900 1.1760 0.0000
vt 0.1607 0.9194
vn 1.0000 0.0000 0.0000
v -0.4900 0.2450 0.0000
vt 0.1607 0.7650
vn 1.0000 0.0000 0.0000
f 197/197/197 198/198/198 199/199/199 200/200/200
v -0.4900 0.0000 -0.9800
vt 0.8297 0.8103
vn 1.0000 0.0000 0.0000
v -0.4900 0.2450 -0.9800
vt 0.8297 0.8148
vn 1.0000 0.0000 0.0000
v -0.4900 0.2450 0.0000
vt 0.8297 0.8148
vn 1.0000 0.0000 0.0000
v -0.4900 0.0000 0.0000
vt 0.8297 0.8103
vn 1.0000 0.0000 0.0000
f 201/201/201 202/202/202 203/203/203 204/204/204
v -2.0825 1.2250 0.3675
vt 0.8297 0.8325
vn -1.0000 0.0000 0.0000
v -2.0825 1.4700 0.3675
vt 0.8297 0.8370
vn -1.0000 0.0000 0.0000
v -2.0825 1.4700 -1.3475
vt 0.8297 0.8370
vn -1.0000 0.0000 0.0000
v -2.0825 1.2250 -1.3475
vt 0.8297 0.8325
vn -1.0000 0.0000 0.0000
f 205/205/205 206/206/206 207/207/207 208/208/208
v -1.9600 1.1760 0.0000
vt 0.8028 0.8004
vn -0.3714 -0.9285 0.0000
v -1.9600 1.1760 0.2450
vt 0.8028 0.8004
vn -0.1924 -0.9623 0.1924
v -2.0825 1.2250 0.3675
vt 0.8028 0.8013
vn -0.1924 -0.9623 0.1924
f 209/209/209 210/210/210 211/211/211
v -1.9600 1.1760 -0.9800
vt 0.8028 0.8004
vn -0.3714 -0.9285 0.0000
v -1.9600 1.1760 0.0000
vt 0.8028 0.8004
vn -0.3714 -0.9285 0.0000
v -2.0825 1.2250 0.3675
vt 0.8028 0.8013
vn -0.1924 -0.9623 0.1924
v -2.0825 1.2250 -1.3475
vt 0.8028 0.8013
vn -0.1924 -0.9623 -0.1924
f 212/212/212 213/213/213 214/214/214 215/215/215
v -0.3675 1.2250 -1.3475
vt 0.8297 0.8325
vn 1.0000 0.0000 0.0000
v -0.3675 1.4700 -1.3475
vt 0.8297 0.8370
vn 1.0000 0.0000 0.0000
v -0.3675 1.4700 0.3675
vt 0.8297 0.8370
vn 1.0000 0.0000 0.0000
v -0.3675 1.2250 0.3675
vt 0.8297 0.8325
vn 1.0000 0.0000 0.0000
f 216/216/216 217/217/217 218/218/218 219/219/219
v -0.4900 1.1760 -0.9800
vt 0.8028 0.8004
vn 0.3714 -0.9285 -0.0000
v -0.4900 1.1760 -1.2250
vt 0.8028 0.8004
vn 0.1925 -0.9623 -0.1925
v -0.3675 1.2250 -1.3475
vt 0.8028 0.8013
vn 0.1925 -0.9623 -0.1925
f 220/220/220 221/221/221 222/222/222
v -0.4900 1.1760 0.0000
vt 0.8028 0.8004
vn 0.3714 -0.9285 -0.0000
v -0.4900 1.1760 -0.9800
vt 0.8028 0.8004
vn 0.3714 -0.9285 -0.0000
v -0.3675 1.2250 -1.3475
vt 0.8028 0.8013
vn 0.1925 -0.9623 -0.1925
v -0.3675 1.2250 0.3675
vt 0.8028 0.8013
vn 0.1924 -0.9623 0.1924
f 223/223/223 224/224/224 225/225/225 226/226/226
v -2.0825 1.4700 -1.3475
vt 0.8297 0.8370
vn 0.0000 0.0000 -1.0000
v -0.3675 1.4700 -1.3475
vt 0.8297 0.8370
vn 0.0000 0.0000 -1.0000
v -0.3675 1.2250 -1.3475
vt 0.8297 0.8325
vn 0.0000 0.0000 -1.0000
v -2.0825 1.2250 -1.3475
vt 0.8297 0.8325
vn 0.0000 0.0000 -1.0000
f 227/227/227 228/228/228 229/229/229 230/230/230
v -0.7350 1.1760 -1.2250
vt 0.8028 0.8004
vn -0.0000 -0.9285 -0.3714
v -1.7150 1.1760 -1.2250
vt 0.8028 0.8004
vn -0.0000 -0.9285 -0.3714
v -2.0825 1.2250 -1.3475
vt 0.8028 0.8013
vn -0.1924 -0.9623 -0.1924
v -0.3675 1.2250 -1.3475
vt 0.8028 0.8013
vn 0.1925 -0.9623 -0.1925
f 231/231/231 232/232/232 233/233/233 234/234/234
v -0.3675 1.4700 0.3675
vt 0.8297 0.8370
vn 0.0000 -0.0000 1.0000
v -2.0825 1.4700 0.3675
vt 0.8297 0.8370
vn 0.0000 -0.0000 1.0000
v -2.0825 1.2250 0.3675
vt 0.8297 0.8325
vn 0.0000 -0.0000 1.0000
v -0.3675 1.2250 0.3675
vt 0.8297 0.8325
vn 0.0000 -0.0000 1.0000
f 235/235/235 236/236/236 237/237/237 238/238/238
v -1.7150 1.1760 0.2450
vt 0.8028 0.8004
vn 0.0000 -0.9285 0.3714
v -0.7350 1.1760 0.2450
vt 0.8028 0.8004
vn 0.0000 -0.9285 0.3714
v -0.3675 1.2250 0.3675
vt 0.8028 0.8013
vn 0.1924 -0.9623 0.1924
v -2.0825 1.2250 0.3675
vt 0.8028 0.8013
vn -0.1924 -0.9623 0.1924
f 239/239/239 240/240/240 241/241/241 242/242/242
v -1.7150 0.1960 0.3675
vt 0.3342 0.8261
vn 0.0000 -0.0000 1.0000
v -2.0825 0.1960 0.3675
vt 0.3342 0.8261
vn 0.0000 -0.0000 1.0000
v -2.0825 0.0000 0.3675
vt 0.3342 0.8248
vn 0.0000 -0.0000 1.0000
v -1.7150 0.0000 0.3675
vt 0.3342 0.8248
vn 0.0000 -0.0000 1.0000
f 243/243/243 244/244/244 245/245/245 246/246/246
v -0.7350 0.1960 -1.3475
vt 0.3342 0.8261
vn 0.0000 0.0000 -1.0000
v -0.3675 0.1960 -1.3475
vt 0.3342 0.8261
vn 0.0000 0.0000 -1.0000
v -0.3675 0.0000 -1.3475
vt 0.3342 0.8248
vn 0.0000 0.0000 -1.0000
v -0.7350 0.0000 -1.3475
vt 0.3342 0.8248
vn 0.0000 0.0000 -1.0000
f 247/247/247 248/248/248 249/249/249 250/250/250
v -0.3675 0.0000 0.0000
vt 0.3342 0.8248
vn 1.0000 0.0000 0.0000
v -0.3675 0.1960 0.0000
vt 0.3342 0.8261
vn 1.0000 0.0000 0.0000
v -0.3675 0.1960 0.3675
vt 0.3342 0.8261
vn 1.0000 0.0000 0.0000
v -0.3675 0.0000 0.3675
vt 0.3342 0.8248
vn 1.0000 0.0000 0.0000
f 251/251/251 252/252/252 253/253/253 254/254/254
v -2.0825 0.0000 -0.9800
vt 0.3342 0.8248
vn -1.0000 0.0000 0.0000
v -2.0825 0.1960 -0.9800
vt 0.3342 0.8261
vn -1.0000 0.0000 0.0000
v -2.0825 0.1960 -1.3475
vt 0.3342 0.8261
vn -1.0000 0.0000 0.0000
v -2.0825 0.0000 -1.3475
vt 0.3342 0.8248
vn -1.0000 0.0000 0.0000
f 255/255/255 256/256/256 257/257/257 258/258/258
v -2.0825 0.1960 -1.3475
vt 0.3342 0.8261
vn 0.0000 0.0000 -1.0000
v -1.7150 0.1960 -1.3475
vt 0.3342 0.8261
vn 0.0000 0.0000 -1.0000
v -1.7150 0.0000 -1.3475
vt 0.3342 0.8248
vn 0.0000 0.0000 -1.0000
v -2.0825 0.0000 -1.3475
vt 0.3342 0.8248
vn 0.0000 0.0000 -1.0000
f 259/259/259 260/260/260 261/261/261 262/262/262
v -0.3675 0.1960 0.3675
vt 0.3342 0.8261
vn 0.0000 -0.0000 1.0000
v -0.7350 0.1960 0.3675
vt 0.3342 0.8261
vn 0.0000 -0.0000 1.0000
v -0.7350 0.0000 0.3675
vt 0.3342 0.8248
vn 0.0000 -0.0000 1.0000
v -0.3675 0.0000 0.3675
vt 0.3342 0.8248
vn 0.0000 -0.0000 1.0000
f 263/263/263 264/264/264 265/265/265 266/266/266
v -0.3675 0.0000 -1.3475
vt 0.3342 0.8248
vn 1.0000 0.0000 0.0000
v -0.3675 0.1960 -1.3475
vt 0.3342 0.8261
vn 1.0000 0.0000 0.0000
v -0.3675 0.1960 -0.9800
vt 0.3342 0.8261
vn 1.0000 0.0000 0.0000
v -0.3675 0.0000 -0.9800
vt 0.3342 0.8248
vn 1.0000 0.0000 0.0000
f 267/267/267 268/268/268 269/269/269 270/270/270
v -2.0825 0.0000 0.3675
vt 0.3342 0.8248
vn -1.0000 0.0000 0.0000
v -2.0825 0.1960 0.3675
vt 0.3342 0.8261
vn -1.0000 0.0000 0.0000
v -2.0825 0.1960 0.0000
vt 0.3342 0.8261
vn -1.0000 0.0000 0.0000
v -2.0825 0.0000 0.0000
vt 0.3342 0.8248
vn -1.0000 0.0000 0.0000
f 271/271/271 272/272/272 273/273/273 274/274/274
v -1.9600 0.0000 -0.9800
vt 0.3342 0.8248
vn 0.0000 -0.0000 1.0000
v -1.9600 0.2450 -0.9800
vt 0.3342 0.8265
vn 0.0000 -0.0000 1.0000
v -2.0825 0.1960 -0.9800
vt 0.3342 0.8261
vn 0.0000 -0.0000 1.0000
v -2.0825 0.0000 -0.9800
vt 0.3342 0.8248
vn 0.0000 -0.0000 1.0000
f 275/275/275 276/276/276 277/277/277 278/278/278
v -1.9600 0.2450 -1.2250
vt 0.3342 0.8577
vn -0.1925 0.9623 -0.1924
v -1.7150 0.2450 -1.2250
vt 0.3342 0.8577
vn 0.0000 0.9285 -0.3714
v -1.7150 0.1960 -1.3475
vt 0.3342 0.8574
vn 0.0000 0.9285 -0.3714
v -2.0825 0.1960 -1.3475
vt 0.3342 0.8574
vn -0.1925 0.9623 -0.1924
f 279/279/279 280/280/280 281/281/281 282/282/282
v -0.4900 0.2450 -1.2250
vt 0.3342 0.8577
vn 0.1925 0.9623 -0.1925
v -0.4900 0.2450 -0.9800
vt 0.3342 0.8577
vn 0.3714 0.9285 0.0000
v -0.3675 0.1960 -0.9800
vt 0.3342 0.8574
vn 0.3714 0.9285 0.0000
v -0.3675 0.1960 -1.3475
vt 0.3342 0.8574
vn 0.1925 0.9623 -0.1925
f 283/283/283 284/284/284 285/285/285 286/286/286
v -0.7350 0.0000 0.2450
vt 0.3342 0.8248
vn -0.0000 -1.0000 0.0000
v -0.4900 0.0000 0.2450
vt 0.3342 0.8248
vn -0.0000 -1.0000 0.0000
v -0.3675 0.0000 0.3675
vt 0.3342 0.8248
vn -0.0000 -1.0000 0.0000
v -0.7350 0.0000 0.3675
vt 0.3342 0.8248
vn -0.0000 -1.0000 0.0000
f 287/287/287 288/288/288 289/289/289 290/290/290
v -1.7150 0.0000 0.2450
vt 0.3342 0.8248
vn 1.0000 0.0000 0.0000
v -1.7150 0.2450 0.2450
vt 0.3342 0.8265
vn 1.0000 0.0000 0.0000
v -1.7150 0.1960 0.3675
vt 0.3342 0.8261
vn 1.0000 0.0000 0.0000
v -1.7150 0.0000 0.3675
vt 0.3342 0.8248
vn 1.0000 0.0000 0.0000
f 291/291/291 292/292/292 293/293/293 294/294/294
v -1.9600 0.0000 0.0000
vt 0.3342 0.8248
vn -0.0000 -1.0000 0.0000
v -1.9600 0.0000 0.2450
vt 0.3342 0.8248
vn -0.0000 -1.0000 0.0000
v -2.0825 0.0000 0.3675
vt 0.3342 0.8248
vn -0.0000 -1.0000 0.0000
v -2.0825 0.0000 0.0000
vt 0.3342 0.8248
vn -0.0000 -1.0000 0.0000
f 295/295/295 296/296/296 297/297/297 298/298/298
v -0.4900 0.2450 -0.9800
vt 0.3342 0.8265
vn 0.0000 -0.0000 1.0000
v -0.4900 0.0000 -0.9800
vt 0.3342 0.8248
vn 0.0000 -0.0000 1.0000
v -0.3675 0.0000 -0.9800
vt 0.3342 0.8248
vn 0.0000 -0.0000 1.0000
v -0.3675 0.1960 -0.9800
vt 0.3342 0.8261
vn 0.0000 -0.0000 1.0000
f 299/299/299 300/300/300 301/301/301 302/302/302
v -0.4900 0.0000 -1.2250
vt 0.3342 0.8248
vn -0.0000 -1.0000 0.0000
v -0.7350 0.0000 -1.2250
vt 0.3342 0.8248
vn -0.0000 -1.0000 0.0000
v -0.7350 0.0000 -1.3475
vt 0.3342 0.8248
vn -0.0000 -1.0000 0.0000
v -0.3675 0.0000 -1.3475
vt 0.3342 0.8248
vn -0.0000 -1.0000 0.0000
f 303/303/303 304/304/304 305/305/305 306/306/306
v -1.7150 0.0000 -1.2250
vt 0.3342 0.8248
vn -0.0000 -1.0000 0.0000
v -1.9600 0.0000 -1.2250
vt 0.3342 0.8248
vn -0.0000 -1.0000 0.0000
v -2.0825 0.0000 -1.3475
vt 0.3342 0.8248
vn -0.0000 -1.0000 0.0000
v -1.7150 0.0000 -1.3475
vt 0.3342 0.8248
vn -0.0000 -1.0000 0.0000
f 307/307/307 308/308/308 309/309/309 310/310/310
v -1.9600 0.2450 -0.9800
vt 0.3342 0.8577
vn -0.3714 0.9285 0.0000
v -1.9600 0.2450 -1.2250
vt 0.3342 0.8577
vn -0.1925 0.9623 -0.1924
v -2.0825 0.1960 -1.3475
vt 0.3342 0.8574
vn -0.1925 0.9623 -0.1924
v -2.0825 0.1960 -0.9800
vt 0.3342 0.8574
vn -0.3714 0.9285 0.0000
f 311/311/311 312/312/312 313/313/313 314/314/314
v -0.4900 0.0000 0.0000
vt 0.3342 0.8248
vn 0.0000 0.0000 -1.0000
v -0.4900 0.2450 0.0000
vt 0.3342 0.8265
vn 0.0000 0.0000 -1.0000
v -0.3675 0.1960 0.0000
vt 0.3342 0.8261
vn 0.0000 0.0000 -1.0000
v -0.3675 0.0000 0.0000
vt 0.3342 0.8248
vn 0.0000 0.0000 -1.0000
f 315/315/315 316/316/316 317/317/317 318/318/318
v -1.7150 0.2450 -1.2250
vt 0.3342 0.8265
vn 1.0000 0.0000 0.0000
v -1.7150 0.0000 -1.2250
vt 0.3342 0.8248
vn 1.0000 0.0000 0.0000
v -1.7150 0.0000 -1.3475
vt 0.3342 0.8248
vn 1.0000 0.0000 0.0000
v -1.7150 0.1960 -1.3475
vt 0.3342 0.8261
vn 1.0000 0.0000 0.0000
f 319/319/319 320/320/320 321/321/321 322/322/322
v -1.9600 0.2450 0.2450
vt 0.3342 0.8577
vn -0.1924 0.9623 0.1925
v -1.9600 0.2450 0.0000
vt 0.3342 0.8577
vn -0.3714 0.9285 0.0000
v -2.0825 0.1960 0.0000
vt 0.3342 0.8574
vn -0.3714 0.9285 0.0000
v -2.0825 0.1960 0.3675
vt 0.3342 0.8574
vn -0.1925 0.9623 0.1925
f 323/323/323 324/324/324 325/325/325 326/326/326
v -0.4900 0.2450 0.0000
vt 0.3342 0.8577
vn 0.3714 0.9285 0.0000
v -0.4900 0.2450 0.2450
vt 0.3342 0.8577
vn 0.1924 0.9623 0.1925
v -0.3675 0.1960 0.3675
vt 0.3342 0.8574
vn 0.1925 0.9623 0.1925
v -0.3675 0.1960 0.0000
vt 0.3342 0.8574
vn 0.3714 0.9285 0.0000
f 327/327/327 328/328/328 329/329/329 330/330/330
v -0.4900 0.2450 0.2450
vt 0.3342 0.8577
vn 0.1924 0.9623 0.1925
v -0.7350 0.2450 0.2450
vt 0.3342 0.8577
vn 0.0000 0.9285 0.3714
v -0.7350 0.1960 0.3675
vt 0.3342 0.8574
vn 0.0000 0.9285 0.3714
v -0.3675 0.1960 0.3675
vt 0.3342 0.8574
vn 0.1925 0.9623 0.1925
f 331/331/331 332/332/332 333/333/333 334/334/334
v -1.7150 0.2450 0.2450
vt 0.3342 0.8577
vn 0.0000 0.9285 0.3714
v -1.9600 0.2450 0.2450
vt 0.3342 0.8577
vn -0.1924 0.9623 0.1925
v -2.0825 0.1960 0.3675
vt 0.3342 0.8574
vn -0.1925 0.9623 0.1925
v -1.7150 0.1960 0.3675
vt 0.3342 0.8574
vn 0.0000 0.9285 0.3714
f 335/335/335 336/336/336 337/337/337 338/338/338
v -1.7150 0.0000 0.0000
vt 0.8028 0.7791
vn -0.0000 -1.0000 0.0000
v -1.7150 0.0000 0.2450
vt 0.8028 0.7791
vn -0.0000 -1.0000 0.0000
v -1.9600 0.0000 0.2450
vt 0.8028 0.7791
vn -0.0000 -1.0000 0.0000
v -1.9600 0.0000 0.0000
vt 0.8028 0.7791
vn -0.0000 -1.0000 0.0000
f 339/339/339 340/340/340 341/341/341 342/342/342
v -1.7150 0.0000 -0.9800
vt 0.8028 0.7791
vn -0.0000 -1.0000 0.0000
v -1.7150 0.0000 0.0000
vt 0.8028 0.7791
vn -0.0000 -1.0000 0.0000
v -1.9600 0.0000 0.0000
vt 0.8028 0.7791
vn -0.0000 -1.0000 0.0000
v -1.9600 0.0000 -0.9800
vt 0.8028 0.7791
vn -0.0000 -1.0000 0.0000
f 343/343/343 344/344/344 345/345/345 346/346/346
v -1.7150 0.0000 -1.2250
vt 0.8028 0.7791
vn -0.0000 -1.0000 0.0000
v -1.7150 0.0000 -0.9800
vt 0.8028 0.7791
vn -0.0000 -1.0000 0.0000
v -1.9600 0.0000 -0.9800
vt 0.8028 0.7791
vn -0.0000 -1.0000 0.0000
v -1.9600 0.0000 -1.2250
vt 0.8028 0.7791
vn -0.0000 -1.0000 0.0000
f 347/347/347 348/348/348 349/349/349 350/350/350
v -0.7350 0.0000 -0.9800
vt 0.8028 0.7791
vn -0.0000 -1.0000 0.0000
v -0.7350 0.0000 0.0000
vt 0.8028 0.7791
vn -0.0000 -1.0000 0.0000
v -1.7150 0.0000 0.0000
vt 0.8028 0.7791
vn -0.0000 -1.0000 0.0000
v -1.7150 0.0000 -0.9800
vt 0.8028 0.7791
vn -0.0000 -1.0000 0.0000
f 351/351/351 352/352/352 353/353/353 354/354/354
v -0.7350 0.0000 -1.2250
vt 0.8028 0.7791
vn -0.0000 -1.0000 0.0000
v -0.7350 0.0000 -0.9800
vt 0.8028 0.7791
vn -0.0000 -1.0000 0.0000
v -1.7150 0.0000 -0.9800
vt 0.8028 0.7791
vn -0.0000 -1.0000 0.0000
v -1.7150 0.0000 -1.2250
vt 0.8028 0.7791
vn -0.0000 -1.0000 0.0000
f 355/355/355 356/356/356 357/357/357 358/358/358
v -0.7350 0.0000 0.0000
vt 0.8028 0.7791
vn -0.0000 -1.0000 0.0000
v -0.7350 0.0000 0.2450
vt 0.8028 0.7791
vn -0.0000 -1.0000 0.0000
v -1.7150 0.0000 0.2450
vt 0.8028 0.7791
vn -0.0000 -1.0000 0.0000
v -1.7150 0.0000 0.0000
vt 0.8028 0.7791
vn -0.0000 -1.0000 0.0000
f 359/359/359 360/360/360 361/361/361 362/362/362
v -0.4900 0.0000 -0.9800
vt 0.8028 0.7791
vn -0.0000 -1.0000 0.0000
v -0.4900 0.0000 0.0000
vt 0.8028 0.7791
vn -0.0000 -1.0000 0.0000
v -0.7350 0.0000 0.0000
vt 0.8028 0.7791
vn -0.0000 -1.0000 0.0000
v -0.7350 0.0000 -0.9800
vt 0.8028 0.7791
vn -0.0000 -1.0000 0.0000
f 363/363/363 364/364/364 365/365/365 366/366/366
v -0.4900 0.0000 -1.2250
vt 0.8028 0.7791
vn -0.0000 -1.0000 0.0000
v -0.4900 0.0000 -0.9800
vt 0.8028 0.7791
vn -0.0000 -1.0000 0.0000
v -0.7350 0.0000 -0.9800
vt 0.8028 0.7791
vn -0.0000 -1.0000 0.0000
v -0.7350 0.0000 -1.2250
vt 0.8028 0.7791
vn -0.0000 -1.0000 0.0000
f 367/367/367 368/368/368 369/369/369 370/370/370
v -0.4900 0.0000 0.0000
vt 0.8028 0.7791
vn -0.0000 -1.0000 0.0000
v -0.4900 0.0000 0.2450
vt 0.8028 0.7791
vn -0.0000 -1.0000 0.0000
v -0.7350 0.0000 0.2450
vt 0.8028 0.7791
vn -0.0000 -1.0000 0.0000
v -0.7350 0.0000 0.0000
vt 0.8028 0.7791
vn -0.0000 -1.0000 0.0000
f 371/371/371 372/372/372 373/373/373 374/374/374
v -0.9555 0.1715 0.2940
vt 0.8442 0.8274
vn 0.0000 -0.0000 1.0000
v -0.9555 0.2940 0.2940
vt 0.8442 0.8413
vn 0.0000 -0.0000 1.0000
v -1.4945 0.2940 0.2940
vt 0.7830 0.8413
vn 0.0000 -0.0000 1.0000
v -1.4945 0.1715 0.2940
vt 0.7830 0.8274
vn 0.0000 -0.0000 1.0000
f 375/375/375 376/376/376 377/377/377 378/378/378
v -1.4945 0.1470 0.2450
vt 0.7830 0.7933
vn 0.0000 -0.8944 0.4472
v -0.9555 0.1470 0.2450
vt 0.8442 0.7933
vn 0.0000 -0.8944 0.4472
v -0.9555 0.1715 0.2940
vt 0.8442 0.7961
vn 0.0000 -0.8944 0.4472
v -1.4945 0.1715 0.2940
vt 0.7830 0.7961
vn 0.0000 -0.8944 0.4472
f 379/379/379 380/380/380 381/381/381 382/382/382
v -0.9555 0.3185 0.2450
vt 0.8442 0.8753
vn 0.0000 0.8944 0.4472
v -1.4945 0.3185 0.2450
vt 0.7830 0.8753
vn 0.0000 0.8944 0.4472
v -1.4945 0.2940 0.2940
vt 0.7830 0.8725
vn 0.0000 0.8944 0.4472
v -0.9555 0.2940 0.2940
vt 0.8442 0.8725
vn 0.0000 0.8944 0.4472
f 383/383/383 384/384/384 385/385/385 386/386/386
v -0.9555 0.6615 0.2940
vt 0.8442 0.8831
vn 0.0000 -0.0000 1.0000
v -0.9555 0.7840 0.2940
vt 0.8442 0.8970
vn 0.0000 -0.0000 1.0000
v -1.4945 0.7840 0.2940
vt 0.7830 0.8970
vn 0.0000 -0.0000 1.0000
v -1.4945 0.6615 0.2940
vt 0.7830 0.8831
vn 0.0000 -0.0000 1.0000
f 387/387/387 388/388/388 389/389/389 390/390/390
v -1.4945 0.6370 0.2450
vt 0.7830 0.8490
vn 0.0000 -0.8944 0.4472
v -0.9555 0.6370 0.2450
vt 0.8442 0.8490
vn 0.0000 -0.8944 0.4472
v -0.9555 0.6615 0.2940
vt 0.8442 0.8518
vn 0.0000 -0.8944 0.4472
v -1.4945 0.6615 0.2940
vt 0.7830 0.8518
vn 0.0000 -0.8944 0.4472
f 391/391/391 392/392/392 393/393/393 394/394/394
v -0.9555 0.8085 0.2450
vt 0.8442 0.9310
vn 0.0000 0.8944 0.4472
v -1.4945 0.8085 0.2450
vt 0.7830 0.9310
vn 0.0000 0.8944 0.4472
v -1.4945 0.7840 0.2940
vt 0.7830 0.9282
vn 0.0000 0.8944 0.4472
v -0.9555 0.7840 0.2940
vt 0.8442 0.9282
vn 0.0000 0.8944 0.4472
f 395/395/395 396/396/396 397/397/397 398/398/398
v -1.3188 0.9555 0.2695
vt 0.8030 0.8852
vn 0.3801 -0.8929 0.2415
v -1.2250 0.9800 0.2695
vt 0.8136 0.8880
vn 0.0000 -0.9695 0.2449
v -1.2250 1.0045 0.3675
vt 0.8136 0.8908
vn 0.0000 -0.9695 0.2449
v -1.3284 0.9780 0.3675
vt 0.8019 0.8878
vn 0.3801 -0.8928 0.2415
f 399/399/399 400/400/400 401/401/401 402/402/402
v -0.9800 0.8330 0.2695
vt 0.8415 0.8713
vn -0.8943 -0.3651 0.2588
v -0.9800 0.0000 0.2695
vt 0.8415 0.7766
vn -0.9701 -0.0000 0.2425
v -0.9555 0.0000 0.3675
vt 0.8442 0.7766
vn -0.9701 -0.0000 0.2425
v -0.9555 0.8422 0.3675
vt 0.8442 0.8724
vn -0.8954 -0.3623 0.2588
f 403/403/403 404/404/404 405/405/405 406/406/406
v -1.4748 1.0021 0.2450
vt 0.7852 0.9530
vn -0.6273 0.7788 0.0000
v -1.4748 1.0021 0.3675
vt 0.7852 0.9530
vn -0.6273 0.7788 0.0000
v -1.3669 1.0681 0.3675
vt 0.7975 0.9605
vn -0.3832 0.9236 0.0000
v -1.3669 1.0681 0.2450
vt 0.7975 0.9605
vn -0.3832 0.9236 0.0000
f 407/407/407 408/408/408 409/409/409 410/410/410
v -1.5925 0.0000 0.2450
vt 0.7718 0.7922
vn -1.0000 0.0000 0.0000
v -1.5925 0.0000 0.3675
vt 0.7718 0.7922
vn -1.0000 0.0000 0.0000
v -1.5925 0.8792 0.3675
vt 0.7718 0.8922
vn -0.9280 0.3726 0.0000
v -1.5925 0.8792 0.2450
vt 0.7718 0.8922
vn -0.9280 0.3726 0.0000
f 411/411/411 412/412/412 413/413/413 414/414/414
v -1.3669 1.0681 0.2450
vt 0.7975 0.9605
vn -0.3832 0.9236 0.0000
v -1.3669 1.0681 0.3675
vt 0.7975 0.9605
vn -0.3832 0.9236 0.0000
v -1.2250 1.1025 0.3675
vt 0.8136 0.9644
vn 0.0000 1.0000 0.0000
v -1.2250 1.1025 0.2450
vt 0.8136 0.9644
vn 0.0000 1.0000 0.0000
f 415/415/415 416/416/416 417/417/417 418/418/418
v -1.0831 1.0681 0.2450
vt 0.8297 0.9605
vn 0.3832 0.9236 0.0000
v -1.0831 1.0681 0.3675
vt 0.8297 0.9605
vn 0.3832 0.9236 0.0000
v -0.9752 1.0021 0.3675
vt 0.8420 0.9530
vn 0.6273 0.7788 0.0000
v -0.9752 1.0021 0.2450
vt 0.8420 0.9530
vn 0.6273 0.7788 0.0000
f 419/419/419 420/420/420 421/421/421 422/422/422
v -0.9752 1.0021 0.3675
vt 0.8420 0.9530
vn 0.6273 0.7788 0.0000
v -0.8575 0.8792 0.3675
vt 0.8554 0.9078
vn 0.9280 0.3726 0.0000
v -0.8575 0.8792 0.2450
vt 0.8554 0.9078
vn 0.9280 0.3726 0.0000
v -0.9752 1.0021 0.2450
vt 0.8420 0.9530
vn 0.6273 0.7788 0.0000
f 423/423/423 424/424/424 425/425/425 426/426/426
v -1.1216 0.9780 0.3675
vt 0.8254 0.8878
vn -0.3801 -0.8928 0.2415
v -1.2250 1.0045 0.3675
vt 0.8136 0.8908
vn 0.0000 -0.9695 0.2449
v -1.2250 0.9800 0.2695
vt 0.8136 0.8880
vn 0.0000 -0.9695 0.2449
v -1.1312 0.9555 0.2695
vt 0.8243 0.8852
vn -0.3801 -0.8929 0.2415
f 427/427/427 428/428/428 429/429/429 430/430/430
v -1.5925 0.8792 0.2450
vt 0.7718 0.9078
vn -0.9280 0.3726 0.0000
v -1.5925 0.8792 0.3675
vt 0.7718 0.9078
vn -0.9280 0.3726 0.0000
v -1.4748 1.0021 0.3675
vt 0.7852 0.9530
vn -0.6273 0.7788 0.0000
v -1.4748 1.0021 0.2450
vt 0.7852 0.9530
vn -0.6273 0.7788 0.0000
f 431/431/431 432/432/432 433/433/433 434/434/434
v -1.2250 1.1025 0.3675
vt 0.8136 0.9644
vn 0.0000 1.0000 0.0000
v -1.0831 1.0681 0.3675
vt 0.8297 0.9605
vn 0.3832 0.9236 0.0000
v -1.0831 1.0681 0.2450
vt 0.8297 0.9605
vn 0.3832 0.9236 0.0000
v -1.2250 1.1025 0.2450
vt 0.8136 0.9644
vn 0.0000 1.0000 0.0000
f 435/435/435 436/436/436 437/437/437 438/438/438
v -1.4700 0.8330 0.2695
vt 0.7858 0.8713
vn 0.8943 -0.3651 0.2588
v -1.4945 0.8422 0.3675
vt 0.7830 0.8724
vn 0.8954 -0.3623 0.2588
v -1.4945 0.0000 0.3675
vt 0.7830 0.7766
vn 0.9701 -0.0000 0.2425
v -1.4700 0.0000 0.2695
vt 0.7858 0.7766
vn 0.9701 -0.0000 0.2425
f 439/439/439 440/440/440 441/441/441 442/442/442
v -0.8575 0.8792 0.2450
vt 0.8554 0.8922
vn 0.9280 0.3726 0.0000
v -0.8575 0.8792 0.3675
vt 0.8554 0.8922
vn 0.9280 0.3726 0.0000
v -0.8575 0.0000 0.3675
vt 0.8554 0.7922
vn 1.0000 0.0000 0.0000
v -0.8575 0.0000 0.2450
vt 0.8554 0.7922
vn 1.0000 0.0000 0.0000
f 443/443/443 444/444/444 445/445/445 446/446/446
v -1.1072 0.4608 0.3074
vt 0.8270 0.8602
vn -0.9335 -0.3044 0.1898
v -1.1136 0.4900 0.3138
vt 0.8263 0.8636
vn -0.9799 0.0000 0.1992
v -1.1270 0.4900 0.2567
vt 0.8248 0.8323
vn -0.9799 0.0000 0.1992
v -1.1136 0.4544 0.2567
vt 0.8263 0.8283
vn -0.9335 -0.3044 0.1898
f 447/447/447 448/448/448 449/449/449 450/450/450
v -1.1136 0.4900 0.3138
vt 0.8263 0.8636
vn -0.9799 0.0000 0.1992
v -1.1072 0.5192 0.3074
vt 0.8270 0.8669
vn -0.9335 0.3044 0.1898
v -1.1136 0.5256 0.2567
vt 0.8263 0.8364
vn -0.9335 0.3044 0.1898
v -1.1270 0.4900 0.2567
vt 0.8248 0.8323
vn -0.9799 0.0000 0.1992
f 451/451/451 452/452/452 453/453/453 454/454/454
v -1.0290 0.4900 0.2567
vt 0.8359 0.8323
vn 0.9799 0.0000 0.1992
v -1.0424 0.5256 0.2567
vt 0.8344 0.8364
vn 0.9335 0.3044 0.1898
v -1.0488 0.5192 0.3074
vt 0.8336 0.8669
vn 0.9335 0.3044 0.1898
v -1.0424 0.4900 0.3138
vt 0.8344 0.8636
vn 0.9799 0.0000 0.1992
f 455/455/455 456/456/456 457/457/457 458/458/458
v -1.0424 0.4544 0.2567
vt 0.8344 0.8283
vn 0.9335 -0.3044 0.1898
v -1.0290 0.4900 0.2567
vt 0.8359 0.8323
vn 0.9799 0.0000 0.1992
v -1.0424 0.4900 0.3138
vt 0.8344 0.8636
vn 0.9799 0.0000 0.1992
v -1.0488 0.4608 0.3074
vt 0.8336 0.8602
vn 0.9335 -0.3044 0.1898
f 459/459/459 460/460/460 461/461/461 462/462/462
v -1.0488 0.4608 0.3074
vt 0.8336 0.8759
vn 0.3061 -0.3061 0.9015
v -1.0424 0.4900 0.3138
vt 0.8344 0.8792
vn 0.3215 0.0000 0.9469
v -1.0780 0.4900 0.3272
vt 0.8303 0.8792
vn 0.0000 -0.0000 1.0000
v -1.0780 0.4544 0.3138
vt 0.8303 0.8751
vn 0.0000 -0.3215 0.9469
f 463/463/463 464/464/464 465/465/465 466/466/466
v -1.0424 0.4900 0.3138
vt 0.8344 0.8792
vn 0.3215 0.0000 0.9469
v -1.0488 0.5192 0.3074
vt 0.8336 0.8825
vn 0.3061 0.3061 0.9015
v -1.0780 0.5256 0.3138
vt 0.8303 0.8832
vn 0.0000 0.3215 0.9469
v -1.0780 0.4900 0.3272
vt 0.8303 0.8792
vn 0.0000 -0.0000 1.0000
f 467/467/467 468/468/468 469/469/469 470/470/470
v -1.0780 0.4900 0.3272
vt 0.8303 0.8792
vn 0.0000 -0.0000 1.0000
v -1.0780 0.5256 0.3138
vt 0.8303 0.8832
vn 0.0000 0.3215 0.9469
v -1.1072 0.5192 0.3074
vt 0.8270 0.8825
vn -0.3061 0.3061 0.9015
v -1.1136 0.4900 0.3138
vt 0.8263 0.8792
vn -0.3215 0.0000 0.9469
f 471/471/471 472/472/472 473/473/473 474/474/474
v -1.0780 0.4544 0.3138
vt 0.8303 0.8751
vn 0.0000 -0.3215 0.9469
v -1.0780 0.4900 0.3272
vt 0.8303 0.8792
vn 0.0000 -0.0000 1.0000
v -1.1136 0.4900 0.3138
vt 0.8263 0.8792
vn -0.3215 0.0000 0.9469
v -1.1072 0.4608 0.3074
vt 0.8270 0.8759
vn -0.3061 -0.3061 0.9015
f 475/475/475 476/476/476 477/477/477 478/478/478
v -1.0780 0.4410 0.2567
vt 0.8303 0.8267
vn 0.0000 -0.9799 0.1992
v -1.0424 0.4544 0.2567
vt 0.8344 0.8283
vn 0.3044 -0.9335 0.1898
v -1.0488 0.4608 0.3074
vt 0.8336 0.8602
vn 0.3044 -0.9335 0.1898
v -1.0780 0.4544 0.3138
vt 0.8303 0.8595
vn 0.0000 -0.9799 0.1992
f 479/479/479 480/480/480 481/481/481 482/482/482
v -1.1136 0.4544 0.2567
vt 0.8263 0.8283
vn -0.3044 -0.9335 0.1898
v -1.0780 0.4410 0.2567
vt 0.8303 0.8267
vn 0.0000 -0.9799 0.1992
v -1.0780 0.4544 0.3138
vt 0.8303 0.8595
vn 0.0000 -0.9799 0.1992
v -1.1072 0.4608 0.3074
vt 0.8270 0.8602
vn -0.3044 -0.9335 0.1898
f 483/483/483 484/484/484 485/485/485 486/486/486
v -1.0780 0.5390 0.2567
vt 0.8303 0.8379
vn 0.0000 0.9799 0.1992
v -1.1136 0.5256 0.2567
vt 0.8263 0.8364
vn -0.3044 0.9335 0.1898
v -1.1072 0.5192 0.3074
vt 0.8270 0.8669
vn -0.3044 0.9335 0.1898
v -1.0780 0.5256 0.3138
vt 0.8303 0.8676
vn 0.0000 0.9799 0.1992
f 487/487/487 488/488/488 489/489/489 490/490/490
v -1.0424 0.5256 0.2567
vt 0.8344 0.8364
vn 0.3044 0.9335 0.1898
v -1.0780 0.5390 0.2567
vt 0.8303 0.8379
vn 0.0000 0.9799 0.1992
v -1.0780 0.5256 0.3138
vt 0.8303 0.8676
vn 0.0000 0.9799 0.1992
v -1.0488 0.5192 0.3074
vt 0.8336 0.8669
vn 0.3044 0.9335 0.1898
f 491/491/491 492/492/492 493/493/493 494/494/494
v -1.3982 0.9065 0.2695
vt 0.7939 0.8797
vn 0.6067 -0.7573 0.2416
v -1.4136 0.9256 0.3675
vt 0.7922 0.8818
vn 0.6067 -0.7573 0.2416
v -1.4945 0.8422 0.3675
vt 0.7830 0.8724
vn 0.8954 -0.3623 0.2588
v -1.4700 0.8330 0.2695
vt 0.7858 0.8713
vn 0.8943 -0.3651 0.2588
f 495/495/495 496/496/496 497/497/497 498/498/498
v -1.0365 0.9256 0.3675
vt 0.8350 0.9131
vn 0.0000 -0.0000 1.0000
v -0.9555 0.8422 0.3675
vt 0.8442 0.9036
vn 0.0000 -0.0000 1.0000
v -0.8575 0.8792 0.3675
vt 0.8554 0.9078
vn 0.0000 -0.0000 1.0000
v -0.9752 1.0021 0.3675
vt 0.8420 0.9218
vn 0.0000 -0.0000 1.0000
f 499/499/499 500/500/500 501/501/501 502/502/502
v -1.0518 0.9065 0.2695
vt 0.8333 0.8797
vn -0.6067 -0.7573 0.2416
v -0.9800 0.8330 0.2695
vt 0.8415 0.8713
vn -0.8943 -0.3651 0.2588
v -0.9555 0.8422 0.3675
vt 0.8442 0.8724
vn -0.8954 -0.3623 0.2588
v -1.0365 0.9256 0.3675
vt 0.8350 0.8818
vn -0.6067 -0.7573 0.2416
f 503/503/503 504/504/504 505/505/505 506/506/506
v -1.4136 0.9256 0.3675
vt 0.7922 0.9131
vn 0.0000 -0.0000 1.0000
v -1.3284 0.9780 0.3675
vt 0.8019 0.9190
vn 0.0000 -0.0000 1.0000
v -1.3669 1.0681 0.3675
vt 0.7975 0.9293
vn 0.0000 -0.0000 1.0000
v -1.4748 1.0021 0.3675
vt 0.7852 0.9218
vn 0.0000 -0.0000 1.0000
f 507/507/507 508/508/508 509/509/509 510/510/510
v -1.0518 0.9065 0.2695
vt 0.8333 0.8797
vn -0.6067 -0.7573 0.2416
v -1.0365 0.9256 0.3675
vt 0.8350 0.8818
vn -0.6067 -0.7573 0.2416
v -1.1216 0.9780 0.3675
vt 0.8254 0.8878
vn -0.3801 -0.8928 0.2415
v -1.1312 0.9555 0.2695
vt 0.8243 0.8852
vn -0.3801 -0.8929 0.2415
f 511/511/511 512/512/512 513/513/513 514/514/514
v -0.9555 0.8422 0.3675
vt 0.8442 0.9036
vn 0.0000 -0.0000 1.0000
v -0.9555 0.0000 0.3675
vt 0.8442 0.8079
vn 0.0000 -0.0000 1.0000
v -0.8575 0.0000 0.3675
vt 0.8554 0.8079
vn 0.0000 -0.0000 1.0000
v -0.8575 0.8792 0.3675
vt 0.8554 0.9078
vn 0.0000 -0.0000 1.0000
f 515/515/515 516/516/516 517/517/517 518/518/518
v -1.1216 0.9780 0.3675
vt 0.8254 0.9190
vn 0.0000 -0.0000 1.0000
v -1.0365 0.9256 0.3675
vt 0.8350 0.9131
vn 0.0000 -0.0000 1.0000
v -0.9752 1.0021 0.3675
vt 0.8420 0.9218
vn 0.0000 -0.0000 1.0000
v -1.0831 1.0681 0.3675
vt 0.8297 0.9293
vn 0.0000 -0.0000 1.0000
f 519/519/519 520/520/520 521/521/521 522/522/522
v -1.4945 0.0000 0.3675
vt 0.7830 0.8079
vn 0.0000 -0.0000 1.0000
v -1.4945 0.8422 0.3675
vt 0.7830 0.9036
vn 0.0000 -0.0000 1.0000
v -1.5925 0.8792 0.3675
vt 0.7718 0.9078
vn 0.0000 -0.0000 1.0000
v -1.5925 0.0000 0.3675
vt 0.7718 0.8079
vn 0.0000 -0.0000 1.0000
f 523/523/523 524/524/524 525/525/525 526/526/526
v -1.4945 0.8422 0.3675
vt 0.7830 0.9036
vn 0.0000 -0.0000 1.0000
v -1.4136 0.9256 0.3675
vt 0.7922 0.9131
vn 0.0000 -0.0000 1.0000
v -1.4748 1.0021 0.3675
vt 0.7852 0.9218
vn 0.0000 -0.0000 1.0000
v -1.5925 0.8792 0.3675
vt 0.7718 0.9078
vn 0.0000 -0.0000 1.0000
f 527/527/527 528/528/528 529/529/529 530/530/530
v -1.2250 1.0045 0.3675
vt 0.8136 0.9221
vn 0.0000 -0.0000 1.0000
v -1.1216 0.9780 0.3675
vt 0.8254 0.9190
vn 0.0000 -0.0000 1.0000
v -1.0831 1.0681 0.3675
vt 0.8297 0.9293
vn 0.0000 -0.0000 1.0000
v -1.2250 1.1025 0.3675
vt 0.8136 0.9332
vn 0.0000 -0.0000 1.0000
f 531/531/531 532/532/532 533/533/533 534/534/534
v -1.3982 0.9065 0.2695
vt 0.7939 0.8797
vn 0.6067 -0.7573 0.2416
v -1.3188 0.9555 0.2695
vt 0.8030 0.8852
vn 0.3801 -0.8929 0.2415
v -1.3284 0.9780 0.3675
vt 0.8019 0.8878
vn 0.3801 -0.8928 0.2415
v -1.4136 0.9256 0.3675
vt 0.7922 0.8818
vn 0.6067 -0.7573 0.2416
f 535/535/535 536/536/536 537/537/537 538/538/538
v -1.3284 0.9780 0.3675
vt 0.8019 0.9190
vn 0.0000 -0.0000 1.0000
v -1.2250 1.0045 0.3675
vt 0.8136 0.9221
vn 0.0000 -0.0000 1.0000
v -1.2250 1.1025 0.3675
vt 0.8136 0.9332
vn 0.0000 -0.0000 1.0000
v -1.3669 1.0681 0.3675
vt 0.7975 0.9293
vn 0.0000 -0.0000 1.0000
f 539/539/539 540/540/540 541/541/541 542/542/542
v -1.2250 0.0000 0.2695
vt 0.6719 0.7688
vn 0.0000 -0.0000 1.0000
v -1.2250 1.0290 0.2695
vt 0.6719 0.8743
vn 0.0000 -0.0000 1.0000
v -1.3475 1.0045 0.2695
vt 0.6624 0.8743
vn 0.0000 -0.0000 1.0000
v -1.3475 0.0000 0.2695
vt 0.6624 0.7688
vn 0.0000 -0.0000 1.0000
f 543/543/543 544/544/544 545/545/545 546/546/546
v -0.9555 0.0000 0.2695
vt 0.6907 0.7688
vn 0.0000 -0.0000 1.0000
v -0.9555 0.9310 0.2695
vt 0.6907 0.8743
vn 0.0000 -0.0000 1.0000
v -1.1025 1.0045 0.2695
vt 0.6813 0.8743
vn 0.0000 -0.0000 1.0000
v -1.1025 0.0000 0.2695
vt 0.6813 0.7688
vn 0.0000 -0.0000 1.0000
f 547/547/547 548/548/548 549/549/549 550/550/550
v -1.3475 0.0000 0.2695
vt 0.6624 0.8157
vn 0.0000 -0.0000 1.0000
v -1.3475 1.0045 0.2695
vt 0.6624 0.9211
vn 0.0000 -0.0000 1.0000
v -1.4945 0.9310 0.2695
vt 0.6530 0.9211
vn 0.0000 -0.0000 1.0000
v -1.4945 0.0000 0.2695
vt 0.6530 0.8157
vn 0.0000 -0.0000 1.0000
f 551/551/551 552/552/552 553/553/553 554/554/554
v -1.1025 0.0000 0.2695
vt 0.6813 0.8157
vn 0.0000 -0.0000 1.0000
v -1.1025 1.0045 0.2695
vt 0.6813 0.9211
vn 0.0000 -0.0000 1.0000
v -1.2250 1.0290 0.2695
vt 0.6719 0.9211
vn 0.0000 -0.0000 1.0000
v -1.2250 0.0000 0.2695
vt 0.6719 0.8157
vn 0.0000 -0.0000 1.0000
f 555/555/555 556/556/556 557/557/557 558/558/558
v -1.4700 0.4165 -1.2250
vt 0.8032 0.8342
vn -1.0000 0.0000 0.0000
v -1.4700 0.5390 -1.3475
vt 0.8241 0.8552
vn -1.0000 0.0000 0.0000
v -1.4700 0.4165 -1.4088
vt 0.8346 0.8342
vn -1.0000 0.0000 0.0000
f 559/559/559 560/560/560 561/561/561
v -1.4700 0.4165 -1.4088
vt 0.8346 0.8342
vn -1.0000 0.0000 0.0000
v -1.4700 0.5390 -1.3475
vt 0.8241 0.8552
vn -1.0000 0.0000 0.0000
v -1.4700 0.5390 -1.4700
vt 0.8450 0.8552
vn -1.0000 0.0000 0.0000
v -1.4700 0.4778 -1.4700
vt 0.8450 0.8447
vn -1.0000 0.0000 0.0000
f 562/562/562 563/563/563 564/564/564 565/565/565
v -0.9800 0.4165 -1.2250
vt 0.8032 0.8342
vn 1.0000 0.0000 0.0000
v -0.9800 0.4165 -1.4088
vt 0.8346 0.8342
vn 1.0000 0.0000 0.0000
v -0.9800 0.5390 -1.3475
vt 0.8241 0.8552
vn 1.0000 0.0000 0.0000
f 566/566/566 567/567/567 568/568/568
v -0.9800 0.5390 -1.4700
vt 0.8450 0.8864
vn 0.0000 1.0000 0.0000
v -1.4700 0.5390 -1.4700
vt 0.8450 0.8864
vn 0.0000 1.0000 0.0000
v -1.3781 0.5390 -1.3475
vt 0.8241 0.8864
vn 0.0000 1.0000 0.0000
v -1.0719 0.5390 -1.3475
vt 0.8241 0.8864
vn 0.0000 1.0000 0.0000
f 569/569/569 570/570/570 571/571/571 572/572/572
v -1.2250 1.0290 -1.2250
vt 0.8032 0.9701
vn 0.0000 1.0000 0.0000
v -1.2250 1.0290 -1.3475
vt 0.8241 0.9701
vn 0.0000 1.0000 0.0000
v -1.3475 0.9962 -1.3475
vt 0.8241 0.9645
vn -0.5000 0.8660 0.0000
v -1.3475 0.9962 -1.2250
vt 0.8032 0.9645
vn -0.5000 0.8660 0.0000
f 573/573/573 574/574/574 575/575/575 576/576/576
v -1.3475 0.9962 -1.2250
vt 0.8032 0.9645
vn -0.5000 0.8660 0.0000
v -1.3475 0.9962 -1.3475
vt 0.8241 0.9645
vn -0.5000 0.8660 0.0000
v -1.4372 0.9065 -1.3475
vt 0.8241 0.9492
vn -0.8660 0.5000 0.0000
v -1.4372 0.9065 -1.2250
vt 0.8032 0.9492
vn -0.8660 0.5000 0.0000
f 577/577/577 578/578/578 579/579/579 580/580/580
v -1.4372 0.9065 -1.2250
vt 0.8032 0.9492
vn -0.8660 0.5000 0.0000
v -1.4372 0.9065 -1.3475
vt 0.8241 0.9492
vn -0.8660 0.5000 0.0000
v -1.4700 0.7840 -1.3475
vt 0.8241 0.8970
vn -0.9914 0.1305 0.0000
v -1.4700 0.7840 -1.2250
vt 0.8032 0.8970
vn -0.9914 0.1305 0.0000
f 581/581/581 582/582/582 583/583/583 584/584/584
v -1.4700 0.7840 -1.2250
vt 0.8032 0.8970
vn -0.9914 0.1305 0.0000
v -1.4700 0.7840 -1.3475
vt 0.8241 0.8970
vn -0.9914 0.1305 0.0000
v -1.4700 0.5390 -1.3475
vt 0.8241 0.8552
vn -1.0000 0.0000 0.0000
v -1.4700 0.4165 -1.2250
vt 0.8032 0.8342
vn -1.0000 0.0000 0.0000
f 585/585/585 586/586/586 587/587/587 588/588/588
v -0.9800 0.7840 -1.2250
vt 0.8032 0.8970
vn 0.9914 0.1305 -0.0000
v -0.9800 0.7840 -1.3475
vt 0.8241 0.8970
vn 0.9914 0.1305 -0.0000
v -1.0128 0.9065 -1.3475
vt 0.8241 0.9492
vn 0.8660 0.5000 0.0000
v -1.0128 0.9065 -1.2250
vt 0.8032 0.9492
vn 0.8660 0.5000 0.0000
f 589/589/589 590/590/590 591/591/591 592/592/592
v -0.9800 0.7840 -1.3475
vt 0.8241 0.8970
vn 0.9914 0.1305 -0.0000
v -0.9800 0.7840 -1.2250
vt 0.8032 0.8970
vn 0.9914 0.1305 -0.0000
v -0.9800 0.4165 -1.2250
vt 0.8032 0.8342
vn 1.0000 0.0000 0.0000
v -0.9800 0.5390 -1.3475
vt 0.8241 0.8552
vn 1.0000 0.0000 0.0000
f 593/593/593 594/594/594 595/595/595 596/596/596
v -1.0128 0.9065 -1.2250
vt 0.8032 0.9492
vn 0.8660 0.5000 0.0000
v -1.0128 0.9065 -1.3475
vt 0.8241 0.9492
vn 0.8660 0.5000 0.0000
v -1.1025 0.9962 -1.3475
vt 0.8241 0.9645
vn 0.5000 0.8660 0.0000
v -1.1025 0.9962 -1.2250
vt 0.8032 0.9645
vn 0.5000 0.8660 0.0000
f 597/597/597 598/598/598 599/599/599 600/600/600
v -1.1025 0.9962 -1.2250
vt 0.8032 0.9645
vn 0.5000 0.8660 0.0000
v -1.1025 0.9962 -1.3475
vt 0.8241 0.9645
vn 0.5000 0.8660 0.0000
v -1.2250 1.0290 -1.3475
vt 0.8241 0.9701
vn 0.0000 1.0000 0.0000
v -1.2250 1.0290 -1.2250
vt 0.8032 0.9701
vn 0.0000 1.0000 0.0000
f 601/601/601 602/602/602 603/603/603 604/604/604
v -1.0971 0.8607 -1.3475
vt 0.8241 0.8602
vn -0.8211 -0.4774 -0.3129
v -1.0719 0.7667 -1.3475
vt 0.8241 0.8786
vn -0.9438 -0.1197 -0.3081
v -1.0960 0.7681 -1.2740
vt 0.8116 0.8094
vn -0.9427 -0.1290 -0.3076
v -1.1173 0.8473 -1.2740
vt 0.8116 0.7890
vn -0.8243 -0.4720 -0.3128
f 605/605/605 606/606/606 607/607/607 608/608/608
v -1.2250 0.9346 -1.3475
vt 0.8241 0.9172
vn 0.0000 0.0000 -1.0000
v -1.2989 0.9148 -1.3475
vt 0.8241 0.9145
vn 0.0000 0.0000 -1.0000
v -1.3475 0.9962 -1.3475
vt 0.8241 0.9332
vn 0.0000 0.0000 -1.0000
v -1.2250 1.0290 -1.3475
vt 0.8241 0.9388
vn 0.0000 0.0000 -1.0000
f 609/609/609 610/610/610 611/611/611 612/612/612
v -1.2989 0.9148 -1.3475
vt 0.8241 0.9145
vn 0.0000 0.0000 -1.0000
v -1.3529 0.8607 -1.3475
vt 0.8241 0.9071
vn 0.0000 0.0000 -1.0000
v -1.4372 0.9065 -1.3475
vt 0.8241 0.9179
vn 0.0000 0.0000 -1.0000
v -1.3475 0.9962 -1.3475
vt 0.8241 0.9332
vn 0.0000 0.0000 -1.0000
f 613/613/613 614/614/614 615/615/615 616/616/616
v -1.3529 0.8607 -1.3475
vt 0.8241 0.9071
vn 0.0000 0.0000 -1.0000
v -1.3781 0.7667 -1.3475
vt 0.8241 0.8942
vn 0.0000 0.0000 -1.0000
v -1.4700 0.7840 -1.3475
vt 0.8241 0.8970
vn 0.0000 0.0000 -1.0000
v -1.4372 0.9065 -1.3475
vt 0.8241 0.9179
vn 0.0000 0.0000 -1.0000
f 617/617/617 618/618/618 619/619/619 620/620/620
v -1.0719 0.5390 -1.3475
vt 0.8241 0.8552
vn 0.0000 0.0000 -1.0000
v -1.0719 0.7667 -1.3475
vt 0.8241 0.8942
vn 0.0000 0.0000 -1.0000
v -0.9800 0.7840 -1.3475
vt 0.8241 0.8970
vn 0.0000 0.0000 -1.0000
v -0.9800 0.5390 -1.3475
vt 0.8241 0.8552
vn 0.0000 0.0000 -1.0000
f 621/621/621 622/622/622 623/623/623 624/624/624
v -1.3781 0.7667 -1.3475
vt 0.8241 0.8942
vn 0.0000 0.0000 -1.0000
v -1.3781 0.5390 -1.3475
vt 0.8241 0.8552
vn 0.0000 0.0000 -1.0000
v -1.4700 0.5390 -1.3475
vt 0.8241 0.8552
vn 0.0000 0.0000 -1.0000
v -1.4700 0.7840 -1.3475
vt 0.8241 0.8970
vn 0.0000 0.0000 -1.0000
f 625/625/625 626/626/626 627/627/627 628/628/628
v -1.0719 0.7667 -1.3475
vt 0.8241 0.8942
vn 0.0000 0.0000 -1.0000
v -1.0971 0.8607 -1.3475
vt 0.8241 0.9071
vn 0.0000 0.0000 -1.0000
v -1.0128 0.9065 -1.3475
vt 0.8241 0.9179
vn 0.0000 0.0000 -1.0000
v -0.9800 0.7840 -1.3475
vt 0.8241 0.8970
vn 0.0000 0.0000 -1.0000
f 629/629/629 630/630/630 631/631/631 632/632/632
v -1.0971 0.8607 -1.3475
vt 0.8241 0.9071
vn 0.0000 0.0000 -1.0000
v -1.1511 0.9148 -1.3475
vt 0.8241 0.9145
vn 0.0000 0.0000 -1.0000
v -1.1025 0.9962 -1.3475
vt 0.8241 0.9332
vn 0.0000 0.0000 -1.0000
v -1.0128 0.9065 -1.3475
vt 0.8241 0.9179
vn 0.0000 0.0000 -1.0000
f 633/633/633 634/634/634 635/635/635 636/636/636
v -1.1511 0.9148 -1.3475
vt 0.8241 0.9145
vn 0.0000 0.0000 -1.0000
v -1.2250 0.9346 -1.3475
vt 0.8241 0.9172
vn 0.0000 0.0000 -1.0000
v -1.2250 1.0290 -1.3475
vt 0.8241 0.9388
vn 0.0000 0.0000 -1.0000
v -1.1025 0.9962 -1.3475
vt 0.8241 0.9332
vn 0.0000 0.0000 -1.0000
f 637/637/637 638/638/638 639/639/639 640/640/640
v -1.3781 0.7667 -1.3475
vt 0.8241 0.8786
vn 0.9438 -0.1197 -0.3081
v -1.3529 0.8607 -1.3475
vt 0.8241 0.8602
vn 0.8211 -0.4774 -0.3129
v -1.3327 0.8473 -1.2740
vt 0.8116 0.7890
vn 0.8243 -0.4720 -0.3128
v -1.3540 0.7681 -1.2740
vt 0.8116 0.8094
vn 0.9427 -0.1290 -0.3076
f 641/641/641 642/642/642 643/643/643 644/644/644
v -1.1511 0.9148 -1.3475
vt 0.8241 0.8676
vn -0.4722 -0.8212 -0.3204
v -1.0971 0.8607 -1.3475
vt 0.8241 0.8602
vn -0.8211 -0.4774 -0.3129
v -1.1173 0.8473 -1.2740
vt 0.8116 0.7890
vn -0.8243 -0.4720 -0.3128
v -1.1628 0.8928 -1.2740
vt 0.8116 0.7952
vn -0.4753 -0.8194 -0.3204
f 645/645/645 646/646/646 647/647/647 648/648/648
v -1.0719 0.7667 -1.3475
vt 0.8241 0.8786
vn -0.9438 -0.1197 -0.3081
v -1.0719 0.5390 -1.3475
vt 0.8241 0.8395
vn -0.9499 0.0000 -0.3124
v -1.0960 0.5390 -1.2740
vt 0.8116 0.7729
vn -0.9499 0.0000 -0.3124
v -1.0960 0.7681 -1.2740
vt 0.8116 0.8094
vn -0.9427 -0.1290 -0.3076
f 649/649/649 650/650/650 651/651/651 652/652/652
v -1.2989 0.9148 -1.3475
vt 0.8241 0.8676
vn 0.4722 -0.8212 -0.3204
v -1.2250 0.9346 -1.3475
vt 0.8241 0.8703
vn -0.0000 -0.9463 -0.3232
v -1.2250 0.9095 -1.2740
vt 0.8116 0.7975
vn -0.0000 -0.9463 -0.3232
v -1.2872 0.8928 -1.2740
vt 0.8116 0.7952
vn 0.4753 -0.8194 -0.3204
f 653/653/653 654/654/654 655/655/655 656/656/656
v -1.2250 0.9346 -1.3475
vt 0.8241 0.8703
vn -0.0000 -0.9463 -0.3232
v -1.1511 0.9148 -1.3475
vt 0.8241 0.8676
vn -0.4722 -0.8212 -0.3204
v -1.1628 0.8928 -1.2740
vt 0.8116 0.7952
vn -0.4753 -0.8194 -0.3204
v -1.2250 0.9095 -1.2740
vt 0.8116 0.7975
vn -0.0000 -0.9463 -0.3232
f 657/657/657 658/658/658 659/659/659 660/660/660
v -1.3781 0.5390 -1.3475
vt 0.8241 0.8395
vn 0.9499 0.0000 -0.3124
v -1.3781 0.7667 -1.3475
vt 0.8241 0.8786
vn 0.9438 -0.1197 -0.3081
v -1.3540 0.7681 -1.2740
vt 0.8116 0.8094
vn 0.9427 -0.1290 -0.3076
v -1.3540 0.5390 -1.2740
vt 0.8116 0.7729
vn 0.9499 0.0000 -0.3124
f 661/661/661 662/662/662 663/663/663 664/664/664
v -1.3529 0.8607 -1.3475
vt 0.8241 0.8602
vn 0.8211 -0.4774 -0.3129
v -1.2989 0.9148 -1.3475
vt 0.8241 0.8676
vn 0.4722 -0.8212 -0.3204
v -1.2872 0.8928 -1.2740
vt 0.8116 0.7952
vn 0.4753 -0.8194 -0.3204
v -1.3327 0.8473 -1.2740
vt 0.8116 0.7890
vn 0.8243 -0.4720 -0.3128
f 665/665/665 666/666/666 667/667/667 668/668/668
v -1.2250 0.7695 -1.2740
vt 0.8162 0.7077
vn 0.0000 0.0000 -1.0000
v -1.0960 0.5390 -1.2740
vt 0.7946 0.5485
vn 0.0000 0.0000 -1.0000
v -1.3540 0.5390 -1.2740
vt 0.8378 0.5485
vn 0.0000 0.0000 -1.0000
f 669/669/669 670/670/670 671/671/671
v -1.2250 0.7695 -1.2740
vt 0.8162 0.7077
vn 0.0000 0.0000 -1.0000
v -1.2872 0.8928 -1.2740
vt 0.8266 0.6097
vn 0.0000 0.0000 -1.0000
v -1.2250 0.9095 -1.2740
vt 0.8162 0.6125
vn 0.0000 0.0000 -1.0000
f 672/672/672 673/673/673 674/674/674
v -1.2250 0.7695 -1.2740
vt 0.8162 0.7077
vn 0.0000 0.0000 -1.0000
v -1.3327 0.8473 -1.2740
vt 0.8342 0.6021
vn 0.0000 0.0000 -1.0000
v -1.2872 0.8928 -1.2740
vt 0.8266 0.6097
vn 0.0000 0.0000 -1.0000
f 675/675/675 676/676/676 677/677/677
v -1.2250 0.7695 -1.2740
vt 0.8162 0.7077
vn 0.0000 0.0000 -1.0000
v -1.3540 0.7681 -1.2740
vt 0.8378 0.5889
vn 0.0000 0.0000 -1.0000
v -1.3327 0.8473 -1.2740
vt 0.8342 0.6021
vn 0.0000 0.0000 -1.0000
f 678/678/678 679/679/679 680/680/680
v -1.2250 0.7695 -1.2740
vt 0.8162 0.7077
vn 0.0000 0.0000 -1.0000
v -1.0960 0.7681 -1.2740
vt 0.7946 0.5889
vn 0.0000 0.0000 -1.0000
v -1.0960 0.5390 -1.2740
vt 0.7946 0.5485
vn 0.0000 0.0000 -1.0000
f 681/681/681 682/682/682 683/683/683
v -1.2250 0.7695 -1.2740
vt 0.8162 0.7077
vn 0.0000 0.0000 -1.0000
v -1.3540 0.5390 -1.2740
vt 0.8378 0.5485
vn 0.0000 0.0000 -1.0000
v -1.3540 0.7681 -1.2740
vt 0.8378 0.5889
vn 0.0000 0.0000 -1.0000
f 684/684/684 685/685/685 686/686/686
v -1.2250 0.7695 -1.2740
vt 0.8162 0.7077
vn 0.0000 0.0000 -1.0000
v -1.1173 0.8473 -1.2740
vt 0.7981 0.6021
vn 0.0000 0.0000 -1.0000
v -1.0960 0.7681 -1.2740
vt 0.7946 0.5889
vn 0.0000 0.0000 -1.0000
f 687/687/687 688/688/688 689/689/689
v -1.2250 0.7695 -1.2740
vt 0.8162 0.7077
vn 0.0000 0.0000 -1.0000
v -1.1628 0.8928 -1.2740
vt 0.8058 0.6097
vn 0.0000 0.0000 -1.0000
v -1.1173 0.8473 -1.2740
vt 0.7981 0.6021
vn 0.0000 0.0000 -1.0000
f 690/690/690 691/691/691 692/692/692
v -1.2250 0.7695 -1.2740
vt 0.8162 0.7077
vn 0.0000 0.0000 -1.0000
v -1.2250 0.9095 -1.2740
vt 0.8162 0.6125
vn 0.0000 0.0000 -1.0000
v -1.1628 0.8928 -1.2740
vt 0.8058 0.6097
vn 0.0000 0.0000 -1.0000
f 693/693/693 694/694/694 695/695/695
v -0.9800 0.5390 -1.3475
vt 0.8241 0.8552
vn 1.0000 0.0000 0.0000
v -0.9800 0.4165 -1.4088
vt 0.8346 0.8342
vn 1.0000 0.0000 0.0000
v -0.9800 0.4778 -1.4700
vt 0.8450 0.8447
vn 1.0000 0.0000 0.0000
v -0.9800 0.5390 -1.4700
vt 0.8450 0.8552
vn 1.0000 0.0000 0.0000
f 696/696/696 697/697/697 698/698/698 699/699/699
v -0.9800 0.4165 -1.2250
vt 0.8032 0.8030
vn -0.0000 -1.0000 0.0000
v -1.4700 0.4165 -1.2250
vt 0.8032 0.8030
vn -0.0000 -1.0000 0.0000
v -1.4700 0.4165 -1.4088
vt 0.8346 0.8030
vn -0.0000 -1.0000 0.0000
v -0.9800 0.4165 -1.4088
vt 0.8346 0.8030
vn -0.0000 -1.0000 0.0000
f 700/700/700 701/701/701 702/702/702 703/703/703
v -1.4700 0.5390 -1.4700
vt 0.8450 0.8552
vn 0.0000 0.0000 -1.0000
v -0.9800 0.5390 -1.4700
vt 0.8450 0.8552
vn 0.0000 0.0000 -1.0000
v -0.9800 0.4778 -1.4700
vt 0.8450 0.8447
vn 0.0000 0.0000 -1.0000
v -1.4700 0.4778 -1.4700
vt 0.8450 0.8447
vn 0.0000 0.0000 -1.0000
f 704/704/704 705/705/705 706/706/706 707/707/707
v -0.9800 0.4165 -1.4088
vt 0.8346 0.8186
vn -0.0000 -0.7071 -0.7071
v -1.4700 0.4165 -1.4088
vt 0.8346 0.8186
vn -0.0000 -0.7071 -0.7071
v -1.4700 0.4778 -1.4700
vt 0.8450 0.8291
vn -0.0000 -0.7071 -0.7071
v -0.9800 0.4778 -1.4700
vt 0.8450 0.8291
vn -0.0000 -0.7071 -0.7071
f 708/708/708 709/709/709 710/710/710 711/711/711
v -1.3781 0.5390 -1.3475
vt 0.8241 0.8864
vn 0.0000 1.0000 0.0000
v -1.3540 0.5390 -1.2740
vt 0.8116 0.8198
vn 0.0000 1.0000 0.0000
v -1.0960 0.5390 -1.2740
vt 0.8116 0.8198
vn 0.0000 1.0000 0.0000
v -1.0719 0.5390 -1.3475
vt 0.8241 0.8864
vn 0.0000 1.0000 0.0000
f 712/712/712 713/713/713 714/714/714 715/715/715
v -0.9800 0.5390 -1.3475
vt 0.8241 0.8864
vn 0.0000 1.0000 0.0000
v -0.9800 0.5390 -1.4700
vt 0.8450 0.8864
vn 0.0000 1.0000 0.0000
v -1.0719 0.5390 -1.3475
vt 0.8241 0.8864
vn 0.0000 1.0000 0.0000
f 716/716/716 717/717/717 718/718/718
v -1.4700 0.5390 -1.3475
vt 0.8241 0.8864
vn 0.0000 1.0000 0.0000
v -1.3781 0.5390 -1.3475
vt 0.8241 0.8864
vn 0.0000 1.0000 0.0000
v -1.4700 0.5390 -1.4700
vt 0.8450 0.8864
vn 0.0000 1.0000 0.0000
f 719/719/719 720/720/720 721/721/721
v -1.9600 0.4165 -0.2450
vt 0.8032 0.8342
vn 0.0000 -0.0000 1.0000
v -2.0825 0.5390 -0.2450
vt 0.8241 0.8552
vn 0.0000 -0.0000 1.0000
v -2.1438 0.4165 -0.2450
vt 0.8346 0.8342
vn 0.0000 -0.0000 1.0000
f 722/722/722 723/723/723 724/724/724
v -2.1438 0.4165 -0.2450
vt 0.8346 0.8342
vn 0.0000 -0.0000 1.0000
v -2.0825 0.5390 -0.2450
vt 0.8241 0.8552
vn 0.0000 -0.0000 1.0000
v -2.2050 0.5390 -0.2450
vt 0.8450 0.8552
vn 0.0000 -0.0000 1.0000
v -2.2050 0.4778 -0.2450
vt 0.8450 0.8447
vn 0.0000 -0.0000 1.0000
f 725/725/725 726/726/726 727/727/727 728/728/728
v -1.9600 0.4165 -0.7350
vt 0.8032 0.8342
vn 0.0000 0.0000 -1.0000
v -2.1438 0.4165 -0.7350
vt 0.8346 0.8342
vn 0.0000 0.0000 -1.0000
v -2.0825 0.5390 -0.7350
vt 0.8241 0.8552
vn 0.0000 0.0000 -1.0000
f 729/729/729 730/730/730 731/731/731
v -2.2050 0.5390 -0.7350
vt 0.8450 0.8864
vn 0.0000 1.0000 0.0000
v -2.2050 0.5390 -0.2450
vt 0.8450 0.8864
vn 0.0000 1.0000 0.0000
v -2.0825 0.5390 -0.3369
vt 0.8241 0.8864
vn 0.0000 1.0000 0.0000
v -2.0825 0.5390 -0.6431
vt 0.8241 0.8864
vn 0.0000 1.0000 0.0000
f 732/732/732 733/733/733 734/734/734 735/735/735
v -1.9600 1.0290 -0.4900
vt 0.8032 0.9701
vn 0.0000 1.0000 0.0000
v -2.0825 1.0290 -0.4900
vt 0.8241 0.9701
vn 0.0000 1.0000 0.0000
v -2.0825 0.9962 -0.3675
vt 0.8241 0.9645
vn 0.0000 0.8660 0.5000
v -1.9600 0.9962 -0.3675
vt 0.8032 0.9645
vn 0.0000 0.8660 0.5000
f 736/736/736 737/737/737 738/738/738 739/739/739
v -1.9600 0.9962 -0.3675
vt 0.8032 0.9645
vn 0.0000 0.8660 0.5000
v -2.0825 0.9962 -0.3675
vt 0.8241 0.9645
vn 0.0000 0.8660 0.5000
v -2.0825 0.9065 -0.2778
vt 0.8241 0.9492
vn 0.0000 0.5000 0.8660
v -1.9600 0.9065 -0.2778
vt 0.8032 0.9492
vn 0.0000 0.5000 0.8660
f 740/740/740 741/741/741 742/742/742 743/743/743
v -1.9600 0.9065 -0.2778
vt 0.8032 0.9492
vn 0.0000 0.5000 0.8660
v -2.0825 0.9065 -0.2778
vt 0.8241 0.9492
vn 0.0000 0.5000 0.8660
v -2.0825 0.7840 -0.2450
vt 0.8241 0.8970
vn 0.0000 0.1305 0.9914
v -1.9600 0.7840 -0.2450
vt 0.8032 0.8970
vn 0.0000 0.1305 0.9914
f 744/744/744 745/745/745 746/746/746 747/747/747
v -1.9600 0.7840 -0.2450
vt 0.8032 0.8970
vn 0.0000 0.1305 0.9914
v -2.0825 0.7840 -0.2450
vt 0.8241 0.8970
vn 0.0000 0.1305 0.9914
v -2.0825 0.5390 -0.2450
vt 0.8241 0.8552
vn 0.0000 -0.0000 1.0000
v -1.9600 0.4165 -0.2450
vt 0.8032 0.8342
vn 0.0000 -0.0000 1.0000
f 748/748/748 749/749/749 750/750/750 751/751/751
v -1.9600 0.7840 -0.7350
vt 0.8032 0.8970
vn -0.0000 0.1305 -0.9914
v -2.0825 0.7840 -0.7350
vt 0.8241 0.8970
vn -0.0000 0.1305 -0.9914
v -2.0825 0.9065 -0.7022
vt 0.8241 0.9492
vn -0.0000 0.5000 -0.8660
v -1.9600 0.9065 -0.7022
vt 0.8032 0.9492
vn -0.0000 0.5000 -0.8660
f 752/752/752 753/753/753 754/754/754 755/755/755
v -2.0825 0.7840 -0.7350
vt 0.8241 0.8970
vn -0.0000 0.1305 -0.9914
v -1.9600 0.7840 -0.7350
vt 0.8032 0.8970
vn -0.0000 0.1305 -0.9914
v -1.9600 0.4165 -0.7350
vt 0.8032 0.8342
vn 0.0000 0.0000 -1.0000
v -2.0825 0.5390 -0.7350
vt 0.8241 0.8552
vn 0.0000 0.0000 -1.0000
f 756/756/756 757/757/757 758/758/758 759/759/759
v -1.9600 0.9065 -0.7022
vt 0.8032 0.9492
vn -0.0000 0.5000 -0.8660
v -2.0825 0.9065 -0.7022
vt 0.8241 0.9492
vn -0.0000 0.5000 -0.8660
v -2.0825 0.9962 -0.6125
vt 0.8241 0.9645
vn -0.0000 0.8660 -0.5000
v -1.9600 0.9962 -0.6125
vt 0.8032 0.9645
vn -0.0000 0.8660 -0.5000
f 760/760/760 761/761/761 762/762/762 763/763/763
v -1.9600 0.9962 -0.6125
vt 0.8032 0.9645
vn -0.0000 0.8660 -0.5000
v -2.0825 0.9962 -0.6125
vt 0.8241 0.9645
vn -0.0000 0.8660 -0.5000
v -2.0825 1.0290 -0.4900
vt 0.8241 0.9701
vn 0.0000 1.0000 0.0000
v -1.9600 1.0290 -0.4900
vt 0.8032 0.9701
vn 0.0000 1.0000 0.0000
f 764/764/764 765/765/765 766/766/766 767/767/767
v -2.0825 0.8607 -0.6179
vt 0.8241 0.8602
vn -0.3129 -0.4774 0.8211
v -2.0825 0.7667 -0.6431
vt 0.8241 0.8786
vn -0.3081 -0.1197 0.9438
v -2.0090 0.7681 -0.6190
vt 0.8116 0.8094
vn -0.3076 -0.1290 0.9427
v -2.0090 0.8473 -0.5977
vt 0.8116 0.7890
vn -0.3128 -0.4720 0.8243
f 768/768/768 769/769/769 770/770/770 771/771/771
v -2.0825 0.9346 -0.4900
vt 0.8241 0.9172
vn -1.0000 0.0000 0.0000
v -2.0825 0.9148 -0.4161
vt 0.8241 0.9145
vn -1.0000 0.0000 0.0000
v -2.0825 0.9962 -0.3675
vt 0.8241 0.9332
vn -1.0000 0.0000 0.0000
v -2.0825 1.0290 -0.4900
vt 0.8241 0.9388
vn -1.0000 0.0000 0.0000
f 772/772/772 773/773/773 774/774/774 775/775/775
v -2.0825 0.9148 -0.4161
vt 0.8241 0.9145
vn -1.0000 0.0000 0.0000
v -2.0825 0.8607 -0.3621
vt 0.8241 0.9071
vn -1.0000 0.0000 0.0000
v -2.0825 0.9065 -0.2778
vt 0.8241 0.9179
vn -1.0000 0.0000 0.0000
v -2.0825 0.9962 -0.3675
vt 0.8241 0.9332
vn -1.0000 0.0000 0.0000
f 776/776/776 777/777/777 778/778/778 779/779/779
v -2.0825 0.8607 -0.3621
vt 0.8241 0.9071
vn -1.0000 0.0000 0.0000
v -2.0825 0.7667 -0.3369
vt 0.8241 0.8942
vn -1.0000 0.0000 0.0000
v -2.0825 0.7840 -0.2450
vt 0.8241 0.8970
vn -1.0000 0.0000 0.0000
v -2.0825 0.9065 -0.2778
vt 0.8241 0.9179
vn -1.0000 0.0000 0.0000
f 780/780/780 781/781/781 782/782/782 783/783/783
v -2.0825 0.5390 -0.6431
vt 0.8241 0.8552
vn -1.0000 0.0000 0.0000
v -2.0825 0.7667 -0.6431
vt 0.8241 0.8942
vn -1.0000 0.0000 0.0000
v -2.0825 0.7840 -0.7350
vt 0.8241 0.8970
vn -1.0000 0.0000 0.0000
v -2.0825 0.5390 -0.7350
vt 0.8241 0.8552
vn -1.0000 0.0000 0.0000
f 784/784/784 785/785/785 786/786/786 787/787/787
v -2.0825 0.7667 -0.3369
vt 0.8241 0.8942
vn -1.0000 0.0000 0.0000
v -2.0825 0.5390 -0.3369
vt 0.8241 0.8552
vn -1.0000 0.0000 0.0000
v -2.0825 0.5390 -0.2450
vt 0.8241 0.8552
vn -1.0000 0.0000 0.0000
v -2.0825 0.7840 -0.2450
vt 0.8241 0.8970
vn -1.0000 0.0000 0.0000
f 788/788/788 789/789/789 790/790/790 791/791/791
v -2.0825 0.7667 -0.6431
vt 0.8241 0.8942
vn -1.0000 0.0000 0.0000
v -2.0825 0.8607 -0.6179
vt 0.8241 0.9071
vn -1.0000 0.0000 0.0000
v -2.0825 0.9065 -0.7022
vt 0.8241 0.9179
vn -1.0000 0.0000 0.0000
v -2.0825 0.7840 -0.7350
vt 0.8241 0.8970
vn -1.0000 0.0000 0.0000
f 792/792/792 793/793/793 794/794/794 795/795/795
v -2.0825 0.8607 -0.6179
vt 0.8241 0.9071
vn -1.0000 0.0000 0.0000
v -2.0825 0.9148 -0.5639
vt 0.8241 0.9145
vn -1.0000 0.0000 0.0000
v -2.0825 0.9962 -0.6125
vt 0.8241 0.9332
vn -1.0000 0.0000 0.0000
v -2.0825 0.9065 -0.7022
vt 0.8241 0.9179
vn -1.0000 0.0000 0.0000
f 796/796/796 797/797/797 798/798/798 799/799/799
v -2.0825 0.9148 -0.5639
vt 0.8241 0.9145
vn -1.0000 0.0000 0.0000
v -2.0825 0.9346 -0.4900
vt 0.8241 0.9172
vn -1.0000 0.0000 0.0000
v -2.0825 1.0290 -0.4900
vt 0.8241 0.9388
vn -1.0000 0.0000 0.0000
v -2.0825 0.9962 -0.6125
vt 0.8241 0.9332
vn -1.0000 0.0000 0.0000
f 800/800/800 801/801/801 802/802/802 803/803/803
v -2.0825 0.7667 -0.3369
vt 0.8241 0.8786
vn -0.3081 -0.1197 -0.9438
v -2.0825 0.8607 -0.3621
vt 0.8241 0.8602
vn -0.3129 -0.4774 -0.8211
v -2.0090 0.8473 -0.3823
vt 0.8116 0.7890
vn -0.3128 -0.4720 -0.8243
v -2.0090 0.7681 -0.3610
vt 0.8116 0.8094
vn -0.3076 -0.1290 -0.9427
f 804/804/804 805/805/805 806/806/806 807/807/807
v -2.0825 0.9148 -0.5639
vt 0.8241 0.8676
vn -0.3204 -0.8212 0.4722
v -2.0825 0.8607 -0.6179
vt 0.8241 0.8602
vn -0.3129 -0.4774 0.8211
v -2.0090 0.8473 -0.5977
vt 0.8116 0.7890
vn -0.3128 -0.4720 0.8243
v -2.0090 0.8928 -0.5522
vt 0.8116 0.7952
vn -0.3204 -0.8194 0.4753
f 808/808/808 809/809/809 810/810/810 811/811/811
v -2.0825 0.7667 -0.6431
vt 0.8241 0.8786
vn -0.3081 -0.1197 0.9438
v -2.0825 0.5390 -0.6431
vt 0.8241 0.8395
vn -0.3124 -0.0000 0.9499
v -2.0090 0.5390 -0.6190
vt 0.8116 0.7729
vn -0.3124 -0.0000 0.9499
v -2.0090 0.7681 -0.6190
vt 0.8116 0.8094
vn -0.3076 -0.1290 0.9427
f 812/812/812 813/813/813 814/814/814 815/815/815
v -2.0825 0.9148 -0.4161
vt 0.8241 0.8676
vn -0.3204 -0.8212 -0.4722
v -2.0825 0.9346 -0.4900
vt 0.8241 0.8703
vn -0.3232 -0.9463 0.0000
v -2.0090 0.9095 -0.4900
vt 0.8116 0.7975
vn -0.3232 -0.9463 0.0000
v -2.0090 0.8928 -0.4278
vt 0.8116 0.7952
vn -0.3204 -0.8194 -0.4753
f 816/816/816 817/817/817 818/818/818 819/819/819
v -2.0825 0.9346 -0.4900
vt 0.8241 0.8703
vn -0.3232 -0.9463 0.0000
v -2.0825 0.9148 -0.5639
vt 0.8241 0.8676
vn -0.3204 -0.8212 0.4722
v -2.0090 0.8928 -0.5522
vt 0.8116 0.7952
vn -0.3204 -0.8194 0.4753
v -2.0090 0.9095 -0.4900
vt 0.8116 0.7975
vn -0.3232 -0.9463 0.0000
f 820/820/820 821/821/821 822/822/822 823/823/823
v -2.0825 0.5390 -0.3369
vt 0.8241 0.8395
vn -0.3124 -0.0000 -0.9499
v -2.0825 0.7667 -0.3369
vt 0.8241 0.8786
vn -0.3081 -0.1197 -0.9438
v -2.0090 0.7681 -0.3610
vt 0.8116 0.8094
vn -0.3076 -0.1290 -0.9427
v -2.0090 0.5390 -0.3610
vt 0.8116 0.7729
vn -0.3124 -0.0000 -0.9499
f 824/824/824 825/825/825 826/826/826 827/827/827
v -2.0825 0.8607 -0.3621
vt 0.8241 0.8602
vn -0.3129 -0.4774 -0.8211
v -2.0825 0.9148 -0.4161
vt 0.8241 0.8676
vn -0.3204 -0.8212 -0.4722
v -2.0090 0.8928 -0.4278
vt 0.8116 0.7952
vn -0.3204 -0.8194 -0.4753
v -2.0090 0.8473 -0.3823
vt 0.8116 0.7890
vn -0.3128 -0.4720 -0.8243
f 828/828/828 829/829/829 830/830/830 831/831/831
v -2.0090 0.7695 -0.4900
vt 0.8162 0.7077
vn -1.0000 0.0000 0.0000
v -2.0090 0.5390 -0.6190
vt 0.7946 0.5485
vn -1.0000 0.0000 0.0000
v -2.0090 0.5390 -0.3610
vt 0.8378 0.5485
vn -1.0000 0.0000 0.0000
f 832/832/832 833/833/833 834/834/834
v -2.0090 0.7695 -0.4900
vt 0.8162 0.7077
vn -1.0000 0.0000 0.0000
v -2.0090 0.8928 -0.4278
vt 0.8266 0.6097
vn -1.0000 0.0000 0.0000
v -2.0090 0.9095 -0.4900
vt 0.8162 0.6125
vn -1.0000 0.0000 0.0000
f 835/835/835 836/836/836 837/837/837
v -2.0090 0.7695 -0.4900
vt 0.8162 0.7077
vn -1.0000 0.0000 0.0000
v -2.0090 0.8473 -0.3823
vt 0.8342 0.6021
vn -1.0000 0.0000 0.0000
v -2.0090 0.8928 -0.4278
vt 0.8266 0.6097
vn -1.0000 0.0000 0.0000
f 838/838/838 839/839/839 840/840/840
v -2.0090 0.7695 -0.4900
vt 0.8162 0.7077
vn -1.0000 0.0000 0.0000
v -2.0090 0.7681 -0.3610
vt 0.8378 0.5889
vn -1.0000 0.0000 0.0000
v -2.0090 0.8473 -0.3823
vt 0.8342 0.6021
vn -1.0000 0.0000 0.0000
f 841/841/841 842/842/842 843/843/843
v -2.0090 0.7695 -0.4900
vt 0.8162 0.7077
vn -1.0000 0.0000 0.0000
v -2.0090 0.7681 -0.6190
vt 0.7946 0.5889
vn -1.0000 0.0000 0.0000
v -2.0090 0.5390 -0.6190
vt 0.7946 0.5485
vn -1.0000 0.0000 0.0000
f 844/844/844 845/845/845 846/846/846
v -2.0090 0.7695 -0.4900
vt 0.8162 0.7077
vn -1.0000 0.0000 0.0000
v -2.0090 0.5390 -0.3610
vt 0.8378 0.5485
vn -1.0000 0.0000 0.0000
v -2.0090 0.7681 -0.3610
vt 0.8378 0.5889
vn -1.0000 0.0000 0.0000
f 847/847/847 848/848/848 849/849/849
v -2.0090 0.7695 -0.4900
vt 0.8162 0.7077
vn -1.0000 0.0000 0.0000
v -2.0090 0.8473 -0.5977
vt 0.7981 0.6021
vn -1.0000 0.0000 0.0000
v -2.0090 0.7681 -0.6190
vt 0.7946 0.5889
vn -1.0000 0.0000 0.0000
f 850/850/850 851/851/851 852/852/852
v -2.0090 0.7695 -0.4900
vt 0.8162 0.7077
vn -1.0000 0.0000 0.0000
v -2.0090 0.8928 -0.5522
vt 0.8058 0.6097
vn -1.0000 0.0000 0.0000
v -2.0090 0.8473 -0.5977
vt 0.7981 0.6021
vn -1.0000 0.0000 0.0000
f 853/853/853 854/854/854 855/855/855
v -2.0090 0.7695 -0.4900
vt 0.8162 0.7077
vn -1.0000 0.0000 0.0000
v -2.0090 0.9095 -0.4900
vt 0.8162 0.6125
vn -1.0000 0.0000 0.0000
v -2.0090 0.8928 -0.5522
vt 0.8058 0.6097
vn -1.0000 0.0000 0.0000
f 856/856/856 857/857/857 858/858/858
v -2.0825 0.5390 -0.7350
vt 0.8241 0.8552
vn 0.0000 0.0000 -1.0000
v -2.1438 0.4165 -0.7350
vt 0.8346 0.8342
vn 0.0000 0.0000 -1.0000
v -2.2050 0.4778 -0.7350
vt 0.8450 0.8447
vn 0.0000 0.0000 -1.0000
v -2.2050 0.5390 -0.7350
vt 0.8450 0.8552
vn 0.0000 0.0000 -1.0000
f 859/859/859 860/860/860 861/861/861 862/862/862
v -1.9600 0.4165 -0.7350
vt 0.8032 0.8030
vn -0.0000 -1.0000 0.0000
v -1.9600 0.4165 -0.2450
vt 0.8032 0.8030
vn -0.0000 -1.0000 0.0000
v -2.1438 0.4165 -0.2450
vt 0.8346 0.8030
vn -0.0000 -1.0000 0.0000
v -2.1438 0.4165 -0.7350
vt 0.8346 0.8030
vn -0.0000 -1.0000 0.0000
f 863/863/863 864/864/864 865/865/865 866/866/866
v -2.2050 0.5390 -0.2450
vt 0.8450 0.8552
vn -1.0000 0.0000 0.0000
v -2.2050 0.5390 -0.7350
vt 0.8450 0.8552
vn -1.0000 0.0000 0.0000
v -2.2050 0.4778 -0.7350
vt 0.8450 0.8447
vn -1.0000 0.0000 0.0000
v -2.2050 0.4778 -0.2450
vt 0.8450 0.8447
vn -1.0000 0.0000 0.0000
f 867/867/867 868/868/868 869/869/869 870/870/870
v -2.1438 0.4165 -0.7350
vt 0.8346 0.8186
vn -0.7071 -0.7071 0.0000
v -2.1438 0.4165 -0.2450
vt 0.8346 0.8186
vn -0.7071 -0.7071 0.0000
v -2.2050 0.4778 -0.2450
vt 0.8450 0.8291
vn -0.7071 -0.7071 0.0000
v -2.2050 0.4778 -0.7350
vt 0.8450 0.8291
vn -0.7071 -0.7071 0.0000
f 871/871/871 872/872/872 873/873/873 874/874/874
v -2.0825 0.5390 -0.3369
vt 0.8241 0.8864
vn 0.0000 1.0000 0.0000
v -2.0090 0.5390 -0.3610
vt 0.8116 0.8198
vn 0.0000 1.0000 0.0000
v -2.0090 0.5390 -0.6190
vt 0.8116 0.8198
vn 0.0000 1.0000 0.0000
v -2.0825 0.5390 -0.6431
vt 0.8241 0.8864
vn 0.0000 1.0000 0.0000
f 875/875/875 876/876/876 877/877/877 878/878/878
v -2.0825 0.5390 -0.7350
vt 0.8241 0.8864
vn 0.0000 1.0000 0.0000
v -2.2050 0.5390 -0.7350
vt 0.8450 0.8864
vn 0.0000 1.0000 0.0000
v -2.0825 0.5390 -0.6431
vt 0.8241 0.8864
vn 0.0000 1.0000 0.0000
f 879/879/879 880/880/880 881/881/881
v -2.0825 0.5390 -0.2450
vt 0.8241 0.8864
vn 0.0000 1.0000 0.0000
v -2.0825 0.5390 -0.3369
vt 0.8241 0.8864
vn 0.0000 1.0000 0.0000
v -2.2050 0.5390 -0.2450
vt 0.8450 0.8864
vn 0.0000 1.0000 0.0000
f 882/882/882 883/883/883 884/884/884
v -1.2250 1.3639 0.5096
vt 0.0908 0.1089
vn 0.0000 -0.8656 -0.5007
v -1.2250 1.9421 -0.4900
vt 0.0908 0.1723
vn 0.0000 -0.8656 -0.5007
v -0.9800 1.9421 -0.4900
vt 0.0944 0.1723
vn 0.0001 -0.8656 -0.5007
v -0.9800 1.3639 0.5096
vt 0.0944 0.1089
vn 0.0001 -0.8657 -0.5005
f 885/885/885 886/886/886 887/887/887 888/888/888
v -1.2250 1.3639 0.5096
vt 0.0908 0.0777
vn 0.0000 -0.5000 0.8660
v -0.9800 1.3639 0.5096
vt 0.0944 0.0777
vn 0.0000 -0.5000 0.8660
v -0.9800 1.4700 0.5709
vt 0.0944 0.0777
vn 0.0000 -0.2877 0.9577
v -1.2250 1.4700 0.5709
vt 0.0908 0.0777
vn 0.0000 -0.3619 0.9322
f 889/889/889 890/890/890 891/891/891 892/892/892
v -1.9600 1.3639 0.5096
vt 0.0802 0.0620
vn 0.0000 -0.5000 0.8660
v -1.7150 1.3639 0.5096
vt 0.0837 0.0620
vn 0.0000 -0.5000 0.8660
v -1.7150 1.4700 0.5709
vt 0.0837 0.0620
vn 0.0000 -0.5000 0.8660
v -1.9600 1.4700 0.5709
vt 0.0802 0.0620
vn 0.0000 -0.5000 0.8660
f 893/893/893 894/894/894 895/895/895 896/896/896
v -1.4700 1.3639 0.5096
vt 0.0873 0.0308
vn 0.0000 -0.5000 0.8660
v -1.2250 1.3639 0.5096
vt 0.0908 0.0308
vn 0.0000 -0.5000 0.8660
v -1.2250 1.4700 0.5709
vt 0.0908 0.0308
vn 0.0000 -0.3619 0.9322
v -1.4700 1.4700 0.5709
vt 0.0873 0.0308
vn 0.0000 -0.5000 0.8660
f 897/897/897 898/898/898 899/899/899 900/900/900
v -1.2250 1.4700 0.5709
vt 0.0908 0.0620
vn 0.0000 0.8660 0.5000
v -1.2250 2.0825 -0.4900
vt 0.0908 0.1255
vn 0.0000 0.8660 0.5000
v -1.4700 2.0825 -0.4900
vt 0.0873 0.1255
vn 0.0000 0.8660 0.5000
v -1.4700 1.4700 0.5709
vt 0.0873 0.0620
vn 0.0000 0.8660 0.5000
f 901/901/901 902/902/902 903/903/903 904/904/904
v -1.4700 1.4700 0.5709
vt 0.0873 0.0777
vn 0.0000 0.8660 0.5000
v -1.4700 2.0825 -0.4900
vt 0.0873 0.1411
vn 0.0000 0.8660 0.5000
v -1.7150 2.0825 -0.4900
vt 0.0837 0.1411
vn 0.0000 0.8660 0.5000
v -1.7150 1.4700 0.5709
vt 0.0837 0.0777
vn 0.0000 0.8660 0.5000
f 905/905/905 906/906/906 907/907/907 908/908/908
v -1.7150 1.4700 0.5709
vt 0.0837 0.0933
vn 0.0000 0.8660 0.5000
v -1.7150 2.0825 -0.4900
vt 0.0837 0.1567
vn 0.0000 0.8660 0.5000
v -1.9600 2.0825 -0.4900
vt 0.0802 0.1567
vn 0.0000 0.8660 0.5000
v -1.9600 1.4700 0.5709
vt 0.0802 0.0933
vn 0.0000 0.8660 0.5000
f 909/909/909 910/910/910 911/911/911 912/912/912
v -1.2250 2.0825 -0.4900
vt 0.0908 0.1255
vn -1.0000 0.0000 0.0000
v -1.2250 1.4700 0.5709
vt 0.0908 0.0620
vn -1.0000 0.0000 0.0000
v -1.2250 1.5794 0.5774
vt 0.0908 0.0620
vn -1.0000 0.0000 0.0000
f 913/913/913 914/914/914 915/915/915
v -1.9600 1.3639 0.5096
vt 0.0802 0.0933
vn 0.0000 -0.8656 -0.5007
v -1.9600 1.9421 -0.4900
vt 0.0802 0.1567
vn 0.0000 -0.8656 -0.5007
v -1.7150 1.9421 -0.4900
vt 0.0837 0.1567
vn 0.0000 -0.8656 -0.5007
v -1.7150 1.3639 0.5096
vt 0.0837 0.0933
vn 0.0000 -0.8658 -0.5005
f 916/916/916 917/917/917 918/918/918 919/919/919
v -1.7150 1.3639 0.5096
vt 0.0837 0.0777
vn 0.0000 -0.8658 -0.5005
v -1.7150 1.9421 -0.4900
vt 0.0837 0.1411
vn 0.0000 -0.8656 -0.5007
v -1.4700 1.9421 -0.4900
vt 0.0873 0.1411
vn 0.0000 -0.8656 -0.5007
v -1.4700 1.3639 0.5096
vt 0.0873 0.0777
vn 0.0000 -0.8658 -0.5005
f 920/920/920 921/921/921 922/922/922 923/923/923
v -1.4700 1.3639 0.5096
vt 0.0873 0.0620
vn 0.0000 -0.8658 -0.5005
v -1.4700 1.9421 -0.4900
vt 0.0873 0.1255
vn 0.0000 -0.8656 -0.5007
v -1.2250 1.9421 -0.4900
vt 0.0908 0.1255
vn 0.0000 -0.8656 -0.5007
v -1.2250 1.3639 0.5096
vt 0.0908 0.0620
vn 0.0000 -0.8656 -0.5007
f 924/924/924 925/925/925 926/926/926 927/927/927
v -0.7350 1.4210 0.6558
vt 0.0342 0.1245
vn 0.0000 0.8660 0.5000
v -0.7350 2.0825 -0.4900
vt 0.0342 0.1880
vn 0.0000 0.8660 0.5000
v -0.9800 2.0825 -0.4900
vt 0.0307 0.1880
vn 0.0000 0.8660 0.5000
v -0.9800 1.4700 0.5709
vt 0.0307 0.1245
vn 0.0000 0.8660 0.5000
f 928/928/928 929/929/929 930/930/930 931/931/931
v -0.7350 1.4210 0.6558
vt 0.0342 0.1245
vn 0.0000 0.8660 0.5000
v -0.9800 1.4700 0.5709
vt 0.0307 0.1245
vn 0.0000 0.8660 0.5000
v -0.9800 1.4333 0.6345
vt 0.0307 0.1245
vn 0.0000 0.8660 0.5000
f 932/932/932 933/933/933 934/934/934
v -0.4900 1.4088 0.6770
vt 0.0377 0.0933
vn 0.0000 0.8660 0.5000
v -0.4900 2.0825 -0.4900
vt 0.0377 0.1567
vn 0.0000 0.8660 0.5000
v -0.7350 2.0825 -0.4900
vt 0.0342 0.1567
vn 0.0000 0.8660 0.5000
v -0.7350 1.4210 0.6558
vt 0.0342 0.0933
vn 0.0000 0.8660 0.5000
f 935/935/935 936/936/936 937/937/937 938/938/938
v -0.9800 1.3639 0.5096
vt 0.0307 0.1245
vn 0.0001 -0.8657 -0.5005
v -0.9800 1.9421 -0.4900
vt 0.0307 0.1880
vn 0.0001 -0.8656 -0.5007
v -0.7350 1.9421 -0.4900
vt 0.0342 0.1880
vn 0.0001 -0.8657 -0.5006
v -0.7350 1.3149 0.5945
vt 0.0342 0.1245
vn 0.0001 -0.8657 -0.5006
f 939/939/939 940/940/940 941/941/941 942/942/942
v -0.7350 1.3149 0.5945
vt 0.0342 0.0933
vn 0.0001 -0.8657 -0.5006
v -0.7350 1.9421 -0.4900
vt 0.0342 0.1567
vn 0.0001 -0.8657 -0.5006
v -0.4900 1.9421 -0.4900
vt 0.0377 0.1567
vn 0.0000 -0.8657 -0.5006
v -0.4900 1.3027 0.6157
vt 0.0377 0.0933
vn 0.0000 -0.8657 -0.5006
f 943/943/943 944/944/944 945/945/945 946/946/946
v -1.4700 1.4700 0.5709
vt 0.0873 0.0777
vn 0.0000 0.8660 0.5000
v -1.7150 1.4700 0.5709
vt 0.0837 0.0777
vn 0.0000 0.8660 0.5000
v -1.7150 1.4210 0.6558
vt 0.0837 0.0777
vn 0.0000 0.8660 0.5000
v -1.4700 1.4455 0.6133
vt 0.0873 0.0777
vn 0.0000 0.8660 0.5000
f 947/947/947 948/948/948 949/949/949 950/950/950
v -1.7150 1.3149 0.5945
vt 0.0837 0.0464
vn 0.1961 -0.4903 0.8492
v -1.4700 1.3394 0.5521
vt 0.0873 0.0464
vn 0.1961 -0.4903 0.8492
v -1.4700 1.4455 0.6133
vt 0.0873 0.0464
vn 0.1961 -0.4903 0.8492
v -1.7150 1.4210 0.6558
vt 0.0837 0.0464
vn 0.1961 -0.4903 0.8492
f 951/951/951 952/952/952 953/953/953 954/954/954
v -0.9800 1.3272 0.5733
vt 0.0307 0.0933
vn -0.0995 -0.4975 0.8617
v -0.7350 1.3149 0.5945
vt 0.0342 0.0933
vn -0.0995 -0.4975 0.8617
v -0.7350 1.4210 0.6558
vt 0.0342 0.0933
vn -0.0995 -0.4975 0.8617
v -0.9800 1.4333 0.6345
vt 0.0307 0.0933
vn -0.0995 -0.4975 0.8617
f 955/955/955 956/956/956 957/957/957 958/958/958
v -0.7350 1.3149 0.5945
vt 0.0342 0.0620
vn -0.0995 -0.4975 0.8617
v -0.4900 1.3027 0.6157
vt 0.0377 0.0620
vn -0.0995 -0.4975 0.8617
v -0.4900 1.4088 0.6770
vt 0.0377 0.0620
vn -0.0995 -0.4975 0.8617
v -0.7350 1.4210 0.6558
vt 0.0342 0.0620
vn -0.0995 -0.4975 0.8617
f 959/959/959 960/960/960 961/961/961 962/962/962
v -0.9800 1.4700 0.5709
vt 0.0944 0.0777
vn -1.0000 0.0000 0.0000
v -0.9800 1.3639 0.5096
vt 0.0944 0.0777
vn -1.0000 0.0000 0.0000
v -0.9800 1.3272 0.5733
vt 0.0944 0.0777
vn -1.0000 0.0000 0.0000
v -0.9800 1.4333 0.6345
vt 0.0944 0.0777
vn -1.0000 0.0000 0.0000
f 963/963/963 964/964/964 965/965/965 966/966/966
v -1.7150 1.3639 0.5096
vt 0.0837 0.0777
vn 0.0000 -0.8658 -0.5005
v -1.4700 1.3639 0.5096
vt 0.0873 0.0777
vn 0.0000 -0.8658 -0.5005
v -1.4700 1.3394 0.5521
vt 0.0873 0.0777
vn 0.0000 -0.8660 -0.5000
v -1.7150 1.3149 0.5945
vt 0.0837 0.0777
vn 0.0000 -0.8660 -0.5000
f 967/967/967 968/968/968 969/969/969 970/970/970
v -1.7150 1.4700 0.5709
vt 0.0837 0.0620
vn -1.0000 0.0000 0.0000
v -1.7150 1.3639 0.5096
vt 0.0837 0.0620
vn -1.0000 0.0000 0.0000
v -1.7150 1.3149 0.5945
vt 0.0837 0.0620
vn -1.0000 0.0000 0.0000
v -1.7150 1.4210 0.6558
vt 0.0837 0.0620
vn -1.0000 0.0000 0.0000
f 971/971/971 972/972/972 973/973/973 974/974/974
v -1.4700 1.3639 0.5096
vt 0.0873 0.0308
vn 1.0000 0.0000 0.0000
v -1.4700 1.4700 0.5709
vt 0.0873 0.0308
vn 1.0000 0.0000 0.0000
v -1.4700 1.4455 0.6133
vt 0.0873 0.0308
vn 1.0000 0.0000 0.0000
v -1.4700 1.3394 0.5521
vt 0.0873 0.0308
vn 1.0000 0.0000 0.0000
f 975/975/975 976/976/976 977/977/977 978/978/978
v -0.9800 1.3639 0.5096
vt 0.0307 0.1245
vn 0.0001 -0.8657 -0.5005
v -0.7350 1.3149 0.5945
vt 0.0342 0.1245
vn 0.0001 -0.8657 -0.5006
v -0.9800 1.3272 0.5733
vt 0.0307 0.1245
vn 0.0000 -0.8660 -0.5000
f 979/979/979 980/980/980 981/981/981
v -0.9800 1.5794 0.5774
vt 0.0944 0.1089
vn 0.0000 0.9046 0.4264
v -0.9800 2.0825 -0.4900
vt 0.0944 0.1723
vn 0.0000 0.9046 0.4264
v -1.2250 2.0825 -0.4900
vt 0.0908 0.1723
vn 0.0000 0.9046 0.4264
v -1.2250 1.5794 0.5774
vt 0.0908 0.1089
vn 0.0000 0.9046 0.4264
f 982/982/982 983/983/983 984/984/984 985/985/985
v -0.9800 1.4700 0.5709
vt 0.0307 0.1245
vn 1.0000 0.0000 0.0000
v -0.9800 2.0825 -0.4900
vt 0.0307 0.1880
vn 1.0000 0.0000 0.0000
v -0.9800 1.5794 0.5774
vt 0.0307 0.1245
vn 1.0000 0.0000 0.0000
f 986/986/986 987/987/987 988/988/988
v -1.2250 1.4700 0.5709
vt 0.0908 0.0777
vn 0.0000 -0.3619 0.9322
v -0.9800 1.4700 0.5709
vt 0.0944 0.0777
vn 0.0000 -0.2877 0.9577
v -0.9800 1.5794 0.5774
vt 0.0944 0.0777
vn 0.0000 -0.0599 0.9982
v -1.2250 1.5794 0.5774
vt 0.0908 0.0777
vn 0.0000 -0.0599 0.9982
f 989/989/989 990/990/990 991/991/991 992/992/992
v -1.2250 1.4700 -1.5509
vt 0.0342 0.0933
vn -0.0000 0.8660 -0.5000
v -1.2250 2.0825 -0.4900
vt 0.0342 0.1567
vn -0.0000 0.8660 -0.5000
v -0.9800 2.0825 -0.4900
vt 0.0307 0.1567
vn -0.0000 0.8660 -0.5000
v -0.9800 1.4700 -1.5509
vt 0.0307 0.0933
vn -0.0000 0.8660 -0.5000
f 993/993/993 994/994/994 995/995/995 996/996/996
v -0.9800 1.3639 -1.4896
vt 0.0307 0.0620
vn -0.0000 -0.5000 -0.8660
v -1.2250 1.3639 -1.4896
vt 0.0342 0.0620
vn -0.0000 -0.5000 -0.8660
v -1.2250 1.4700 -1.5509
vt 0.0342 0.0620
vn -0.0000 -0.5000 -0.8660
v -0.9800 1.4700 -1.5509
vt 0.0307 0.0620
vn -0.0000 -0.5000 -0.8660
f 997/997/997 998/998/998 999/999/999 1000/1000/1000
v -1.2250 1.3639 -1.4896
vt 0.0342 0.0308
vn -0.0000 -0.5000 -0.8660
v -1.4700 1.3639 -1.4896
vt 0.0377 0.0308
vn -0.0000 -0.5000 -0.8660
v -1.4700 1.4700 -1.5509
vt 0.0377 0.0308
vn -0.0000 -0.5000 -0.8660
v -1.2250 1.4700 -1.5509
vt 0.0342 0.0308
vn -0.0000 -0.5000 -0.8660
f 1001/1001/1001 1002/1002/1002 1003/1003/1003 1004/1004/1004
v -1.4700 1.3639 -1.4896
vt 0.0377 0.0620
vn -0.0000 -0.5000 -0.8660
v -1.7150 1.3639 -1.4896
vt 0.0413 0.0620
vn -0.0000 -0.5000 -0.8660
v -1.7150 1.4700 -1.5509
vt 0.0413 0.0620
vn -0.0000 -0.3619 -0.9322
v -1.4700 1.4700 -1.5509
vt 0.0377 0.0620
vn -0.0000 -0.5000 -0.8660
f 1005/1005/1005 1006/1006/1006 1007/1007/1007 1008/1008/1008
v -1.7150 1.3639 -1.4896
vt 0.0413 0.0933
vn -0.0000 -0.5000 -0.8660
v -1.9600 1.3639 -1.4896
vt 0.0448 0.0933
vn -0.0000 -0.5000 -0.8660
v -1.9600 1.4700 -1.5509
vt 0.0448 0.0933
vn -0.0000 -0.2877 -0.9577
v -1.7150 1.4700 -1.5509
vt 0.0413 0.0933
vn -0.0000 -0.3619 -0.9322
f 1009/1009/1009 1010/1010/1010 1011/1011/1011 1012/1012/1012
v -1.7150 1.4700 -1.5509
vt 0.0413 0.0933
vn -0.0000 0.8660 -0.5000
v -1.7150 2.0825 -0.4900
vt 0.0413 0.1567
vn -0.0000 0.8660 -0.5000
v -1.4700 2.0825 -0.4900
vt 0.0377 0.1567
vn -0.0000 0.8660 -0.5000
v -1.4700 1.4700 -1.5509
vt 0.0377 0.0933
vn -0.0000 0.8660 -0.5000
f 1013/1013/1013 1014/1014/1014 1015/1015/1015 1016/1016/1016
v -1.4700 1.4700 -1.5509
vt 0.0377 0.0620
vn -0.0000 0.8660 -0.5000
v -1.4700 2.0825 -0.4900
vt 0.0377 0.1255
vn -0.0000 0.8660 -0.5000
v -1.2250 2.0825 -0.4900
vt 0.0342 0.1255
vn -0.0000 0.8660 -0.5000
v -1.2250 1.4700 -1.5509
vt 0.0342 0.0620
vn -0.0000 0.8660 -0.5000
f 1017/1017/1017 1018/1018/1018 1019/1019/1019 1020/1020/1020
v -0.9800 1.3639 -1.4896
vt 0.0307 0.0933
vn 0.0000 -0.8658 0.5005
v -0.9800 1.9421 -0.4900
vt 0.0307 0.1567
vn 0.0000 -0.8656 0.5007
v -1.2250 1.9421 -0.4900
vt 0.0342 0.1567
vn 0.0000 -0.8656 0.5007
v -1.2250 1.3639 -1.4896
vt 0.0342 0.0933
vn 0.0000 -0.8656 0.5007
f 1021/1021/1021 1022/1022/1022 1023/1023/1023 1024/1024/1024
v -1.2250 1.3639 -1.4896
vt 0.0342 0.0620
vn 0.0000 -0.8656 0.5007
v -1.2250 1.9421 -0.4900
vt 0.0342 0.1255
vn 0.0000 -0.8656 0.5007
v -1.4700 1.9421 -0.4900
vt 0.0377 0.1255
vn 0.0000 -0.8656 0.5007
v -1.4700 1.3639 -1.4896
vt 0.0377 0.0620
vn 0.0000 -0.8656 0.5007
f 1025/1025/1025 1026/1026/1026 1027/1027/1027 1028/1028/1028
v -1.4700 1.3639 -1.4896
vt 0.0377 0.0933
vn 0.0000 -0.8656 0.5007
v -1.4700 1.9421 -0.4900
vt 0.0377 0.1567
vn 0.0000 -0.8656 0.5007
v -1.7150 1.9421 -0.4900
vt 0.0413 0.1567
vn 0.0000 -0.8656 0.5007
v -1.7150 1.3639 -1.4896
vt 0.0413 0.0933
vn 0.0000 -0.8656 0.5007
f 1029/1029/1029 1030/1030/1030 1031/1031/1031 1032/1032/1032
v -1.7150 1.3639 -1.4896
vt 0.0413 0.1245
vn 0.0000 -0.8656 0.5007
v -1.7150 1.9421 -0.4900
vt 0.0413 0.1880
vn 0.0000 -0.8656 0.5007
v -1.9600 1.9421 -0.4900
vt 0.0448 0.1880
vn 0.0000 -0.8656 0.5007
v -1.9600 1.3639 -1.4896
vt 0.0448 0.1245
vn 0.0000 -0.8656 0.5007
f 1033/1033/1033 1034/1034/1034 1035/1035/1035 1036/1036/1036
v -0.9800 1.3639 -1.4896
vt 0.0307 0.0620
vn -1.0000 0.0000 0.0000
v -0.9800 1.4700 -1.5509
vt 0.0307 0.0620
vn -1.0000 0.0000 0.0000
v -0.9800 1.4210 -1.6357
vt 0.0307 0.0620
vn -1.0000 0.0000 0.0000
v -0.9800 1.3149 -1.5745
vt 0.0307 0.0620
vn -1.0000 0.0000 0.0000
f 1037/1037/1037 1038/1038/1038 1039/1039/1039 1040/1040/1040
v -0.7350 1.3639 -1.4896
vt 0.0908 0.1089
vn 0.0000 -0.8658 0.5005
v -0.7350 1.9421 -0.4900
vt 0.0908 0.1723
vn 0.0000 -0.8656 0.5007
v -0.9800 1.9421 -0.4900
vt 0.0944 0.1723
vn 0.0000 -0.8656 0.5007
v -0.9800 1.3639 -1.4896
vt 0.0944 0.1089
vn 0.0000 -0.8658 0.5005
f 1041/1041/1041 1042/1042/1042 1043/1043/1043 1044/1044/1044
v -0.4900 1.3639 -1.4896
vt 0.0873 0.0933
vn -0.0000 -0.5000 -0.8660
v -0.7350 1.3639 -1.4896
vt 0.0908 0.0933
vn -0.0000 -0.5000 -0.8660
v -0.7350 1.4700 -1.5509
vt 0.0908 0.0933
vn -0.0000 -0.5000 -0.8660
v -0.4900 1.4700 -1.5509
vt 0.0873 0.0933
vn -0.0000 -0.5000 -0.8660
f 1045/1045/1045 1046/1046/1046 1047/1047/1047 1048/1048/1048
v -0.9800 1.4700 -1.5509
vt 0.0944 0.1089
vn -0.0000 0.8660 -0.5000
v -0.9800 2.0825 -0.4900
vt 0.0944 0.1723
vn -0.0000 0.8660 -0.5000
v -0.7350 2.0825 -0.4900
vt 0.0908 0.1723
vn -0.0000 0.8660 -0.5000
v -0.7350 1.4700 -1.5509
vt 0.0908 0.1089
vn -0.0000 0.8660 -0.5000
f 1049/1049/1049 1050/1050/1050 1051/1051/1051 1052/1052/1052
v -0.7350 1.4700 -1.5509
vt 0.0908 0.1245
vn -0.0000 0.8660 -0.5000
v -0.7350 2.0825 -0.4900
vt 0.0908 0.1880
vn -0.0000 0.8660 -0.5000
v -0.4900 2.0825 -0.4900
vt 0.0873 0.1880
vn -0.0000 0.8660 -0.5000
v -0.4900 1.4700 -1.5509
vt 0.0873 0.1245
vn -0.0000 0.8660 -0.5000
f 1053/1053/1053 1054/1054/1054 1055/1055/1055 1056/1056/1056
v -0.4900 1.3639 -1.4896
vt 0.0873 0.1245
vn 0.0000 -0.8656 0.5007
v -0.4900 1.9421 -0.4900
vt 0.0873 0.1880
vn 0.0000 -0.8656 0.5007
v -0.7350 1.9421 -0.4900
vt 0.0908 0.1880
vn 0.0000 -0.8656 0.5007
v -0.7350 1.3639 -1.4896
vt 0.0908 0.1245
vn 0.0000 -0.8658 0.5005
f 1057/1057/1057 1058/1058/1058 1059/1059/1059 1060/1060/1060
v -0.7350 1.3394 -1.5321
vt 0.0908 0.0777
vn 0.1961 -0.4903 -0.8492
v -0.9800 1.3149 -1.5745
vt 0.0944 0.0777
vn 0.1961 -0.4903 -0.8492
v -0.9800 1.4210 -1.6357
vt 0.0944 0.0777
vn 0.1961 -0.4903 -0.8492
v -0.7350 1.4455 -1.5933
vt 0.0908 0.0777
vn 0.1961 -0.4903 -0.8492
f 1061/1061/1061 1062/1062/1062 1063/1063/1063 1064/1064/1064
v -0.9800 1.4700 -1.5509
vt 0.0944 0.1089
vn -0.0000 0.8660 -0.5000
v -0.7350 1.4700 -1.5509
vt 0.0908 0.1089
vn -0.0000 0.8660 -0.5000
v -0.7350 1.4455 -1.5933
vt 0.0908 0.1089
vn -0.0000 0.8660 -0.5000
v -0.9800 1.4210 -1.6357
vt 0.0944 0.1089
vn -0.0000 0.8660 -0.5000
f 1065/1065/1065 1066/1066/1066 1067/1067/1067 1068/1068/1068
v -0.7350 1.3639 -1.4896
vt 0.0908 0.1089
vn 0.0000 -0.8658 0.5005
v -0.9800 1.3639 -1.4896
vt 0.0944 0.1089
vn 0.0000 -0.8658 0.5005
v -0.9800 1.3149 -1.5745
vt 0.0944 0.1089
vn 0.0000 -0.8660 0.5000
v -0.7350 1.3394 -1.5321
vt 0.0908 0.1089
vn 0.0000 -0.8660 0.5000
f 1069/1069/1069 1070/1070/1070 1071/1071/1071 1072/1072/1072
v -0.7350 1.4700 -1.5509
vt 0.0908 0.0933
vn 1.0000 0.0000 0.0000
v -0.7350 1.3639 -1.4896
vt 0.0908 0.0933
vn 1.0000 0.0000 0.0000
v -0.7350 1.3394 -1.5321
vt 0.0908 0.0933
vn 1.0000 0.0000 0.0000
v -0.7350 1.4455 -1.5933
vt 0.0908 0.0933
vn 1.0000 0.0000 0.0000
f 1073/1073/1073 1074/1074/1074 1075/1075/1075 1076/1076/1076
v -1.9600 1.5794 -1.5574
vt 0.0448 0.1245
vn -0.0000 0.9046 -0.4264
v -1.9600 2.0825 -0.4900
vt 0.0448 0.1880
vn -0.0000 0.9046 -0.4264
v -1.7150 2.0825 -0.4900
vt 0.0413 0.1880
vn -0.0000 0.9046 -0.4264
v -1.7150 1.5794 -1.5574
vt 0.0413 0.1245
vn -0.0000 0.9046 -0.4264
f 1077/1077/1077 1078/1078/1078 1079/1079/1079 1080/1080/1080
v -1.7150 2.0825 -0.4900
vt 0.0413 0.1567
vn 1.0000 0.0000 0.0000
v -1.7150 1.4700 -1.5509
vt 0.0413 0.0933
vn 1.0000 0.0000 0.0000
v -1.7150 1.5794 -1.5574
vt 0.0413 0.0933
vn 1.0000 0.0000 0.0000
f 1081/1081/1081 1082/1082/1082 1083/1083/1083
v -1.7150 1.4700 -1.5509
vt 0.0413 0.0933
vn -0.0000 -0.3619 -0.9322
v -1.9600 1.4700 -1.5509
vt 0.0448 0.0933
vn -0.0000 -0.2877 -0.9577
v -1.9600 1.5794 -1.5574
vt 0.0448 0.0933
vn -0.0000 -0.0599 -0.9982
v -1.7150 1.5794 -1.5574
vt 0.0413 0.0933
vn -0.0000 -0.0599 -0.9982
f 1084/1084/1084 1085/1085/1085 1086/1086/1086 1087/1087/1087
v -1.8215 0.2695 0.6904
vt 0.8125 0.8528
vn 0.3790 -0.1390 -0.9149
v -1.8162 0.3675 0.6777
vt 0.8125 0.8667
vn 0.3790 -0.1390 -0.9149
v -1.6822 0.3675 0.8117
vt 0.8420 0.8667
vn 0.9149 -0.1390 -0.3790
v -1.6949 0.2695 0.8170
vt 0.8404 0.8528
vn 0.9149 -0.1390 -0.3790
f 1088/1088/1088 1089/1089/1089 1090/1090/1090 1091/1091/1091
v -1.6949 0.2695 0.8170
vt 0.8404 0.8840
vn 0.9149 -0.1390 -0.3790
v -1.6822 0.3675 0.8117
vt 0.8420 0.8979
vn 0.9149 -0.1390 -0.3790
v -1.6822 0.3675 1.0013
vt 0.8542 0.8979
vn 0.9149 -0.1390 0.3790
v -1.6949 0.2695 0.9960
vt 0.8519 0.8840
vn 0.9149 -0.1390 0.3790
f 1092/1092/1092 1093/1093/1093 1094/1094/1094 1095/1095/1095
v -1.6949 0.2695 0.9960
vt 0.8519 0.8528
vn 0.9149 -0.1390 0.3790
v -1.6822 0.3675 1.0013
vt 0.8542 0.8667
vn 0.9149 -0.1390 0.3790
v -1.8162 0.3675 1.1353
vt 0.8420 0.8667
vn 0.3790 -0.1390 0.9149
v -1.8215 0.2695 1.1226
vt 0.8404 0.8528
vn 0.3790 -0.1390 0.9149
f 1096/1096/1096 1097/1097/1097 1098/1098/1098 1099/1099/1099
v -1.8215 0.2695 1.1226
vt 0.8404 0.8840
vn 0.3790 -0.1390 0.9149
v -1.8162 0.3675 1.1353
vt 0.8420 0.8979
vn 0.3790 -0.1390 0.9149
v -2.0058 0.3675 1.1353
vt 0.8125 0.8979
vn -0.3790 -0.1390 0.9149
v -2.0005 0.2695 1.1226
vt 0.8125 0.8840
vn -0.3790 -0.1390 0.9149
f 1100/1100/1100 1101/1101/1101 1102/1102/1102 1103/1103/1103
v -2.0005 0.2695 1.1226
vt 0.8125 0.8528
vn -0.3790 -0.1390 0.9149
v -2.0058 0.3675 1.1353
vt 0.8125 0.8667
vn -0.3790 -0.1390 0.9149
v -2.1398 0.3675 1.0013
vt 0.7830 0.8667
vn -0.9149 -0.1390 0.3790
v -2.1271 0.2695 0.9960
vt 0.7846 0.8528
vn -0.9149 -0.1390 0.3790
f 1104/1104/1104 1105/1105/1105 1106/1106/1106 1107/1107/1107
v -2.1271 0.2695 0.9960
vt 0.7846 0.8840
vn -0.9149 -0.1390 0.3790
v -2.1398 0.3675 1.0013
vt 0.7830 0.8979
vn -0.9149 -0.1390 0.3790
v -2.1398 0.3675 0.8117
vt 0.7708 0.8979
vn -0.9149 -0.1390 -0.3790
v -2.1271 0.2695 0.8170
vt 0.7731 0.8840
vn -0.9149 -0.1390 -0.3790
f 1108/1108/1108 1109/1109/1109 1110/1110/1110 1111/1111/1111
v -1.8419 0.3675 1.0734
vt 0.8340 0.8667
vn -0.3678 0.2764 -0.8879
v -1.7441 0.3675 0.9756
vt 0.8429 0.8667
vn -0.8879 0.2764 -0.3678
v -1.7701 0.2695 0.9649
vt 0.8382 0.8840
vn -0.8879 0.2764 -0.3678
v -1.8526 0.2695 1.0474
vt 0.8307 0.8840
vn -0.3678 0.2764 -0.8879
f 1112/1112/1112 1113/1113/1113 1114/1114/1114 1115/1115/1115
v -2.1271 0.2695 0.8170
vt 0.7731 0.8528
vn -0.9149 -0.1390 -0.3790
v -2.1398 0.3675 0.8117
vt 0.7708 0.8667
vn -0.9149 -0.1390 -0.3790
v -2.0058 0.3675 0.6777
vt 0.7830 0.8667
vn -0.3790 -0.1391 -0.9149
v -2.0005 0.2695 0.6904
vt 0.7846 0.8528
vn -0.3790 -0.1391 -0.9149
f 1116/1116/1116 1117/1117/1117 1118/1118/1118 1119/1119/1119
v -2.0005 0.2695 0.6904
vt 0.7846 0.8840
vn -0.3790 -0.1391 -0.9149
v -2.0058 0.3675 0.6777
vt 0.7830 0.8979
vn -0.3790 -0.1391 -0.9149
v -1.8162 0.3675 0.6777
vt 0.8125 0.8979
vn 0.3790 -0.1390 -0.9149
v -1.8215 0.2695 0.6904
vt 0.8125 0.8840
vn 0.3790 -0.1390 -0.9149
f 1120/1120/1120 1121/1121/1121 1122/1122/1122 1123/1123/1123
v -1.8419 0.3675 0.7396
vt 0.8125 0.8979
vn 0.0000 1.0000 0.0000
v -1.7441 0.3675 0.8374
vt 0.8340 0.8979
vn 0.0000 1.0000 0.0000
v -1.6822 0.3675 0.8117
vt 0.8420 0.8979
vn 0.0000 1.0000 0.0000
v -1.8162 0.3675 0.6777
vt 0.8125 0.8979
vn 0.0000 1.0000 0.0000
f 1124/1124/1124 1125/1125/1125 1126/1126/1126 1127/1127/1127
v -1.7441 0.3675 0.8374
vt 0.8340 0.9292
vn 0.0000 1.0000 0.0000
v -1.7441 0.3675 0.9756
vt 0.8429 0.9292
vn 0.0000 1.0000 0.0000
v -1.6822 0.3675 1.0013
vt 0.8542 0.9292
vn 0.0000 1.0000 0.0000
v -1.6822 0.3675 0.8117
vt 0.8420 0.9292
vn 0.0000 1.0000 0.0000
f 1128/1128/1128 1129/1129/1129 1130/1130/1130 1131/1131/1131
v -1.7441 0.3675 0.9756
vt 0.8429 0.8979
vn 0.0000 1.0000 0.0000
v -1.8419 0.3675 1.0734
vt 0.8340 0.8979
vn 0.0000 1.0000 0.0000
v -1.8162 0.3675 1.1353
vt 0.8420 0.8979
vn 0.0000 1.0000 0.0000
v -1.6822 0.3675 1.0013
vt 0.8542 0.8979
vn 0.0000 1.0000 0.0000
f 1132/1132/1132 1133/1133/1133 1134/1134/1134 1135/1135/1135
v -1.8419 0.3675 1.0734
vt 0.8340 0.9292
vn 0.0000 1.0000 0.0000
v -1.9801 0.3675 1.0734
vt 0.8125 0.9292
vn 0.0000 1.0000 0.0000
v -2.0058 0.3675 1.1353
vt 0.8125 0.9292
vn 0.0000 1.0000 0.0000
v -1.8162 0.3675 1.1353
vt 0.8420 0.9292
vn 0.0000 1.0000 0.0000
f 1136/1136/1136 1137/1137/1137 1138/1138/1138 1139/1139/1139
v -1.9801 0.3675 1.0734
vt 0.8125 0.8979
vn 0.0000 1.0000 0.0000
v -2.0779 0.3675 0.9756
vt 0.7910 0.8979
vn 0.0000 1.0000 0.0000
v -2.1398 0.3675 1.0013
vt 0.7830 0.8979
vn 0.0000 1.0000 0.0000
v -2.0058 0.3675 1.1353
vt 0.8125 0.8979
vn 0.0000 1.0000 0.0000
f 1140/1140/1140 1141/1141/1141 1142/1142/1142 1143/1143/1143
v -2.0779 0.3675 0.9756
vt 0.7910 0.9292
vn 0.0000 1.0000 0.0000
v -2.0779 0.3675 0.8374
vt 0.7821 0.9292
vn 0.0000 1.0000 0.0000
v -2.1398 0.3675 0.8117
vt 0.7708 0.9292
vn 0.0000 1.0000 0.0000
v -2.1398 0.3675 1.0013
vt 0.7830 0.9292
vn 0.0000 1.0000 0.0000
f 1144/1144/1144 1145/1145/1145 1146/1146/1146 1147/1147/1147
v -2.0779 0.3675 0.8374
vt 0.7821 0.8979
vn 0.0000 1.0000 0.0000
v -1.9801 0.3675 0.7396
vt 0.7910 0.8979
vn 0.0000 1.0000 0.0000
v -2.0058 0.3675 0.6777
vt 0.7830 0.8979
vn 0.0000 1.0000 0.0000
v -2.1398 0.3675 0.8117
vt 0.7708 0.8979
vn 0.0000 1.0000 0.0000
f 1148/1148/1148 1149/1149/1149 1150/1150/1150 1151/1151/1151
v -1.7441 0.3675 0.8374
vt 0.8340 0.8667
vn -0.8879 0.2764 0.3678
v -1.8419 0.3675 0.7396
vt 0.8125 0.8667
vn -0.3678 0.2764 0.8879
v -1.8526 0.2695 0.7656
vt 0.8125 0.8840
vn -0.3678 0.2764 0.8879
v -1.7701 0.2695 0.8481
vt 0.8307 0.8840
vn -0.8879 0.2764 0.3678
f 1152/1152/1152 1153/1153/1153 1154/1154/1154 1155/1155/1155
v -1.8419 0.3675 0.7396
vt 0.8125 0.8979
vn -0.3678 0.2764 0.8879
v -1.9801 0.3675 0.7396
vt 0.7910 0.8979
vn 0.3678 0.2764 0.8879
v -1.9694 0.2695 0.7656
vt 0.7943 0.9153
vn 0.3678 0.2764 0.8879
v -1.8526 0.2695 0.7656
vt 0.8125 0.9153
vn -0.3678 0.2764 0.8879
f 1156/1156/1156 1157/1157/1157 1158/1158/1158 1159/1159/1159
v -2.0779 0.3675 0.8374
vt 0.7821 0.8979
vn 0.8879 0.2764 0.3678
v -2.0779 0.3675 0.9756
vt 0.7910 0.8979
vn 0.8879 0.2764 -0.3678
v -2.0519 0.2695 0.9649
vt 0.7943 0.9153
vn 0.8879 0.2764 -0.3678
v -2.0519 0.2695 0.8481
vt 0.7868 0.9153
vn 0.8879 0.2764 0.3678
f 1160/1160/1160 1161/1161/1161 1162/1162/1162 1163/1163/1163
v -1.9801 0.3675 1.0734
vt 0.8125 0.8979
vn 0.3678 0.2764 -0.8879
v -1.8419 0.3675 1.0734
vt 0.8340 0.8979
vn -0.3678 0.2764 -0.8879
v -1.8526 0.2695 1.0474
vt 0.8307 0.9153
vn -0.3678 0.2764 -0.8879
v -1.9694 0.2695 1.0474
vt 0.8125 0.9153
vn 0.3678 0.2764 -0.8879
f 1164/1164/1164 1165/1165/1165 1166/1166/1166 1167/1167/1167
v -1.7441 0.3675 0.9756
vt 0.8429 0.8979
vn -0.8879 0.2764 -0.3678
v -1.7441 0.3675 0.8374
vt 0.8340 0.8979
vn -0.8879 0.2764 0.3678
v -1.7701 0.2695 0.8481
vt 0.8307 0.9153
vn -0.8879 0.2764 0.3678
v -1.7701 0.2695 0.9649
vt 0.8382 0.9153
vn -0.8879 0.2764 -0.3678
f 1168/1168/1168 1169/1169/1169 1170/1170/1170 1171/1171/1171
v -1.9801 0.3675 0.7396
vt 0.7910 0.8667
vn 0.3678 0.2764 0.8879
v -2.0779 0.3675 0.8374
vt 0.7821 0.8667
vn 0.8879 0.2764 0.3678
v -2.0519 0.2695 0.8481
vt 0.7868 0.8840
vn 0.8879 0.2764 0.3678
v -1.9694 0.2695 0.7656
vt 0.7943 0.8840
vn 0.3678 0.2764 0.8879
f 1172/1172/1172 1173/1173/1173 1174/1174/1174 1175/1175/1175
v -2.0779 0.3675 0.9756
vt 0.7910 0.8667
vn 0.8879 0.2764 -0.3678
v -1.9801 0.3675 1.0734
vt 0.8125 0.8667
vn 0.3678 0.2764 -0.8879
v -1.9694 0.2695 1.0474
vt 0.8125 0.8840
vn 0.3678 0.2764 -0.8879
v -2.0519 0.2695 0.9649
vt 0.7943 0.8840
vn 0.8879 0.2764 -0.3678
f 1176/1176/1176 1177/1177/1177 1178/1178/1178 1179/1179/1179
v -1.9900 0.0000 0.7158
vt 0.7879 0.8458
vn -0.3790 -0.1391 -0.9149
v -1.9953 0.0980 0.7031
vt 0.7863 0.8597
vn -0.3790 -0.1391 -0.9149
v -1.8267 0.0980 0.7031
vt 0.8125 0.8597
vn 0.3790 -0.1390 -0.9149
v -1.8320 0.0000 0.7158
vt 0.8125 0.8458
vn 0.3790 -0.1390 -0.9149
f 1180/1180/1180 1181/1181/1181 1182/1182/1182 1183/1183/1183
v -1.7076 0.0980 0.8222
vt 0.3342 0.8500
vn 0.4480 -0.8746 -0.1856
v -1.8267 0.0980 0.7031
vt 0.3342 0.8500
vn 0.1856 -0.8746 -0.4480
v -1.8155 0.1143 0.6759
vt 0.3342 0.8524
vn 0.1856 -0.8746 -0.4480
v -1.6804 0.1143 0.8110
vt 0.3342 0.8524
vn 0.4480 -0.8746 -0.1856
f 1184/1184/1184 1185/1185/1185 1186/1186/1186 1187/1187/1187
v -2.1017 0.0000 0.8275
vt 0.7777 0.8145
vn -0.9149 -0.1391 -0.3790
v -2.1144 0.0980 0.8222
vt 0.7754 0.8284
vn -0.9149 -0.1391 -0.3790
v -1.9953 0.0980 0.7031
vt 0.7863 0.8284
vn -0.3790 -0.1391 -0.9149
v -1.9900 0.0000 0.7158
vt 0.7879 0.8145
vn -0.3790 -0.1391 -0.9149
f 1188/1188/1188 1189/1189/1189 1190/1190/1190 1191/1191/1191
v -2.1144 0.0980 0.9908
vt 0.3342 0.8500
vn -0.4480 -0.8746 0.1856
v -1.9953 0.0980 1.1099
vt 0.3342 0.8500
vn -0.1856 -0.8746 0.4480
v -2.0065 0.1143 1.1371
vt 0.3342 0.8524
vn -0.1856 -0.8746 0.4480
v -2.1416 0.1143 1.0020
vt 0.3342 0.8524
vn -0.4480 -0.8746 0.1856
f 1192/1192/1192 1193/1193/1193 1194/1194/1194 1195/1195/1195
v -2.1017 0.0000 0.9855
vt 0.7879 0.8458
vn -0.9149 -0.1390 0.3790
v -2.1144 0.0980 0.9908
vt 0.7863 0.8597
vn -0.9149 -0.1390 0.3790
v -2.1144 0.0980 0.8222
vt 0.7754 0.8597
vn -0.9149 -0.1391 -0.3790
v -2.1017 0.0000 0.8275
vt 0.7777 0.8458
vn -0.9149 -0.1391 -0.3790
f 1196/1196/1196 1197/1197/1197 1198/1198/1198 1199/1199/1199
v -1.6949 0.2695 0.8170
vt 0.3342 0.9369
vn 0.4276 0.8864 -0.1771
v -1.6949 0.2695 0.9960
vt 0.3342 0.9369
vn 0.4276 0.8864 0.1771
v -1.6660 0.2532 1.0080
vt 0.3342 0.9346
vn 0.4276 0.8864 0.1771
v -1.6660 0.2532 0.8050
vt 0.3342 0.9346
vn 0.4276 0.8864 -0.1771
f 1200/1200/1200 1201/1201/1201 1202/1202/1202 1203/1203/1203
v -1.9900 0.0000 1.0972
vt 0.8125 0.8145
vn -0.3790 -0.1390 0.9149
v -1.9953 0.0980 1.1099
vt 0.8125 0.8284
vn -0.3790 -0.1390 0.9149
v -2.1144 0.0980 0.9908
vt 0.7863 0.8284
vn -0.9149 -0.1390 0.3790
v -2.1017 0.0000 0.9855
vt 0.7879 0.8145
vn -0.9149 -0.1390 0.3790
f 1204/1204/1204 1205/1205/1205 1206/1206/1206 1207/1207/1207
v -2.1271 0.2695 0.9960
vt 0.3342 0.9369
vn -0.4276 0.8864 0.1771
v -2.1271 0.2695 0.8170
vt 0.3342 0.9369
vn -0.4276 0.8864 -0.1771
v -2.1560 0.2532 0.8050
vt 0.3342 0.9346
vn -0.4276 0.8864 -0.1771
v -2.1560 0.2532 1.0080
vt 0.3342 0.9346
vn -0.4276 0.8864 0.1771
f 1208/1208/1208 1209/1209/1209 1210/1210/1210 1211/1211/1211
v -1.8320 0.0000 1.0972
vt 0.8371 0.8458
vn 0.3790 -0.1390 0.9149
v -1.8267 0.0980 1.1099
vt 0.8387 0.8597
vn 0.3790 -0.1390 0.9149
v -1.9953 0.0980 1.1099
vt 0.8125 0.8597
vn -0.3790 -0.1390 0.9149
v -1.9900 0.0000 1.0972
vt 0.8125 0.8458
vn -0.3790 -0.1390 0.9149
f 1212/1212/1212 1213/1213/1213 1214/1214/1214 1215/1215/1215
v -1.7076 0.0980 0.9908
vt 0.3342 0.8500
vn 0.4480 -0.8746 0.1856
v -1.7076 0.0980 0.8222
vt 0.3342 0.8500
vn 0.4480 -0.8746 -0.1856
v -1.6804 0.1143 0.8110
vt 0.3342 0.8524
vn 0.4480 -0.8746 -0.1856
v -1.6804 0.1143 1.0020
vt 0.3342 0.8524
vn 0.4480 -0.8746 0.1856
f 1216/1216/1216 1217/1217/1217 1218/1218/1218 1219/1219/1219
v -1.7203 0.0000 0.9855
vt 0.8473 0.8145
vn 0.9149 -0.1390 0.3790
v -1.7076 0.0980 0.9908
vt 0.8496 0.8284
vn 0.9149 -0.1390 0.3790
v -1.8267 0.0980 1.1099
vt 0.8387 0.8284
vn 0.3790 -0.1390 0.9149
v -1.8320 0.0000 1.0972
vt 0.8371 0.8145
vn 0.3790 -0.1390 0.9149
f 1220/1220/1220 1221/1221/1221 1222/1222/1222 1223/1223/1223
v -2.1144 0.0980 0.8222
vt 0.3342 0.8500
vn -0.4480 -0.8746 -0.1856
v -2.1144 0.0980 0.9908
vt 0.3342 0.8500
vn -0.4480 -0.8746 0.1856
v -2.1416 0.1143 1.0020
vt 0.3342 0.8524
vn -0.4480 -0.8746 0.1856
v -2.1416 0.1143 0.8110
vt 0.3342 0.8524
vn -0.4480 -0.8746 -0.1856
f 1224/1224/1224 1225/1225/1225 1226/1226/1226 1227/1227/1227
v -1.7203 0.0000 0.8275
vt 0.8371 0.8458
vn 0.9149 -0.1390 -0.3790
v -1.7076 0.0980 0.8222
vt 0.8387 0.8597
vn 0.9149 -0.1390 -0.3790
v -1.7076 0.0980 0.9908
vt 0.8496 0.8597
vn 0.9149 -0.1390 0.3790
v -1.7203 0.0000 0.9855
vt 0.8473 0.8458
vn 0.9149 -0.1390 0.3790
f 1228/1228/1228 1229/1229/1229 1230/1230/1230 1231/1231/1231
v -1.6949 0.2695 0.9960
vt 0.3342 0.9369
vn 0.4276 0.8864 0.1771
v -1.8215 0.2695 1.1226
vt 0.3342 0.9369
vn 0.1771 0.8864 0.4276
v -1.8095 0.2532 1.1515
vt 0.3342 0.9346
vn 0.1771 0.8864 0.4276
v -1.6660 0.2532 1.0080
vt 0.3342 0.9346
vn 0.4276 0.8864 0.1771
f 1232/1232/1232 1233/1233/1233 1234/1234/1234 1235/1235/1235
v -1.8320 0.0000 0.7158
vt 0.8125 0.8145
vn 0.3790 -0.1390 -0.9149
v -1.8267 0.0980 0.7031
vt 0.8125 0.8284
vn 0.3790 -0.1390 -0.9149
v -1.7076 0.0980 0.8222
vt 0.8387 0.8284
vn 0.9149 -0.1390 -0.3790
v -1.7203 0.0000 0.8275
vt 0.8371 0.8145
vn 0.9149 -0.1390 -0.3790
f 1236/1236/1236 1237/1237/1237 1238/1238/1238 1239/1239/1239
v -2.1271 0.2695 0.8170
vt 0.3342 0.9369
vn -0.4276 0.8864 -0.1771
v -2.0005 0.2695 0.6904
vt 0.3342 0.9369
vn -0.1771 0.8864 -0.4276
v -2.0125 0.2532 0.6615
vt 0.3342 0.9346
vn -0.1771 0.8864 -0.4276
v -2.1560 0.2532 0.8050
vt 0.3342 0.9346
vn -0.4276 0.8864 -0.1771
f 1240/1240/1240 1241/1241/1241 1242/1242/1242 1243/1243/1243
v -2.0065 0.1143 0.6759
vt 0.3342 0.8836
vn -0.3803 -0.1116 -0.9181
v -2.0125 0.2532 0.6615
vt 0.3342 0.9033
vn -0.3803 -0.1116 -0.9181
v -1.8095 0.2532 0.6615
vt 0.3342 0.9033
vn 0.3803 -0.1116 -0.9181
v -1.8155 0.1143 0.6759
vt 0.3342 0.8836
vn 0.3803 -0.1116 -0.9181
f 1244/1244/1244 1245/1245/1245 1246/1246/1246 1247/1247/1247
v -2.1416 0.1143 0.8110
vt 0.3342 0.8836
vn -0.9181 -0.1116 -0.3803
v -2.1560 0.2532 0.8050
vt 0.3342 0.9033
vn -0.9181 -0.1116 -0.3803
v -2.0125 0.2532 0.6615
vt 0.3342 0.9033
vn -0.3803 -0.1116 -0.9181
v -2.0065 0.1143 0.6759
vt 0.3342 0.8836
vn -0.3803 -0.1116 -0.9181
f 1248/1248/1248 1249/1249/1249 1250/1250/1250 1251/1251/1251
v -2.1416 0.1143 1.0020
vt 0.3342 0.8836
vn -0.9181 -0.1116 0.3803
v -2.1560 0.2532 1.0080
vt 0.3342 0.9033
vn -0.9181 -0.1116 0.3803
v -2.1560 0.2532 0.8050
vt 0.3342 0.9033
vn -0.9181 -0.1116 -0.3803
v -2.1416 0.1143 0.8110
vt 0.3342 0.8836
vn -0.9181 -0.1116 -0.3803
f 1252/1252/1252 1253/1253/1253 1254/1254/1254 1255/1255/1255
v -2.0065 0.1143 1.1371
vt 0.3342 0.8836
vn -0.3803 -0.1116 0.9181
v -2.0125 0.2532 1.1515
vt 0.3342 0.9033
vn -0.3803 -0.1116 0.9181
v -2.1560 0.2532 1.0080
vt 0.3342 0.9033
vn -0.9181 -0.1116 0.3803
v -2.1416 0.1143 1.0020
vt 0.3342 0.8836
vn -0.9181 -0.1116 0.3803
f 1256/1256/1256 1257/1257/1257 1258/1258/1258 1259/1259/1259
v -1.8155 0.1143 1.1371
vt 0.3342 0.8836
vn 0.3803 -0.1116 0.9181
v -1.8095 0.2532 1.1515
vt 0.3342 0.9033
vn 0.3803 -0.1116 0.9181
v -2.0125 0.2532 1.1515
vt 0.3342 0.9033
vn -0.3803 -0.1116 0.9181
v -2.0065 0.1143 1.1371
vt 0.3342 0.8836
vn -0.3803 -0.1116 0.9181
f 1260/1260/1260 1261/1261/1261 1262/1262/1262 1263/1263/1263
v -1.6804 0.1143 1.0020
vt 0.3342 0.8836
vn 0.9181 -0.1116 0.3803
v -1.6660 0.2532 1.0080
vt 0.3342 0.9033
vn 0.9181 -0.1116 0.3803
v -1.8095 0.2532 1.1515
vt 0.3342 0.9033
vn 0.3803 -0.1116 0.9181
v -1.8155 0.1143 1.1371
vt 0.3342 0.8836
vn 0.3803 -0.1116 0.9181
f 1264/1264/1264 1265/1265/1265 1266/1266/1266 1267/1267/1267
v -1.6804 0.1143 0.8110
vt 0.3342 0.8836
vn 0.9181 -0.1116 -0.3803
v -1.6660 0.2532 0.8050
vt 0.3342 0.9033
vn 0.9181 -0.1116 -0.3803
v -1.6660 0.2532 1.0080
vt 0.3342 0.9033
vn 0.9181 -0.1116 0.3803
v -1.6804 0.1143 1.0020
vt 0.3342 0.8836
vn 0.9181 -0.1116 0.3803
f 1268/1268/1268 1269/1269/1269 1270/1270/1270 1271/1271/1271
v -1.8155 0.1143 0.6759
vt 0.3342 0.8836
vn 0.3803 -0.1116 -0.9181
v -1.8095 0.2532 0.6615
vt 0.3342 0.9033
vn 0.3803 -0.1116 -0.9181
v -1.6660 0.2532 0.8050
vt 0.3342 0.9033
vn 0.9181 -0.1116 -0.3803
v -1.6804 0.1143 0.8110
vt 0.3342 0.8836
vn 0.9181 -0.1116 -0.3803
f 1272/1272/1272 1273/1273/1273 1274/1274/1274 1275/1275/1275
v -2.0005 0.2695 1.1226
vt 0.3342 0.9369
vn -0.1771 0.8864 0.4276
v -2.1271 0.2695 0.9960
vt 0.3342 0.9369
vn -0.4276 0.8864 0.1771
v -2.1560 0.2532 1.0080
vt 0.3342 0.9346
vn -0.4276 0.8864 0.1771
v -2.0125 0.2532 1.1515
vt 0.3342 0.9346
vn -0.1771 0.8864 0.4276
f 1276/1276/1276 1277/1277/1277 1278/1278/1278 1279/1279/1279
v -1.8267 0.0980 0.7031
vt 0.3342 0.8500
vn 0.1856 -0.8746 -0.4480
v -1.9953 0.0980 0.7031
vt 0.3342 0.8500
vn -0.1856 -0.8746 -0.4480
v -2.0065 0.1143 0.6759
vt 0.3342 0.8524
vn -0.1856 -0.8746 -0.4480
v -1.8155 0.1143 0.6759
vt 0.3342 0.8524
vn 0.1856 -0.8746 -0.4480
f 1280/1280/1280 1281/1281/1281 1282/1282/1282 1283/1283/1283
v -1.8215 0.2695 0.6904
vt 0.3342 0.9369
vn 0.1771 0.8864 -0.4276
v -1.6949 0.2695 0.8170
vt 0.3342 0.9369
vn 0.4276 0.8864 -0.1771
v -1.6660 0.2532 0.8050
vt 0.3342 0.9346
vn 0.4276 0.8864 -0.1771
v -1.8095 0.2532 0.6615
vt 0.3342 0.9346
vn 0.1771 0.8864 -0.4276
f 1284/1284/1284 1285/1285/1285 1286/1286/1286 1287/1287/1287
v -1.9953 0.0980 1.1099
vt 0.3342 0.8500
vn -0.1856 -0.8746 0.4480
v -1.8267 0.0980 1.1099
vt 0.3342 0.8500
vn 0.1856 -0.8746 0.4480
v -1.8155 0.1143 1.1371
vt 0.3342 0.8524
vn 0.1856 -0.8746 0.4480
v -2.0065 0.1143 1.1371
vt 0.3342 0.8524
vn -0.1856 -0.8746 0.4480
f 1288/1288/1288 1289/1289/1289 1290/1290/1290 1291/1291/1291
v -2.0005 0.2695 0.6904
vt 0.3342 0.9369
vn -0.1771 0.8864 -0.4276
v -1.8215 0.2695 0.6904
vt 0.3342 0.9369
vn 0.1771 0.8864 -0.4276
v -1.8095 0.2532 0.6615
vt 0.3342 0.9346
vn 0.1771 0.8864 -0.4276
v -2.0125 0.2532 0.6615
vt 0.3342 0.9346
vn -0.1771 0.8864 -0.4276
f 1292/1292/1292 1293/1293/1293 1294/1294/1294 1295/1295/1295
v -1.8215 0.2695 1.1226
vt 0.3342 0.9369
vn 0.1771 0.8864 0.4276
v -2.0005 0.2695 1.1226
vt 0.3342 0.9369
vn -0.1771 0.8864 0.4276
v -2.0125 0.2532 1.1515
vt 0.3342 0.9346
vn -0.1771 0.8864 0.4276
v -1.8095 0.2532 1.1515
vt 0.3342 0.9346
vn 0.1771 0.8864 0.4276
f 1296/1296/1296 1297/1297/1297 1298/1298/1298 1299/1299/1299
v -1.9953 0.0980 0.7031
vt 0.3342 0.8500
vn -0.1856 -0.8746 -0.4480
v -2.1144 0.0980 0.8222
vt 0.3342 0.8500
vn -0.4480 -0.8746 -0.1856
v -2.1416 0.1143 0.8110
vt 0.3342 0.8524
vn -0.4480 -0.8746 -0.1856
v -2.0065 0.1143 0.6759
vt 0.3342 0.8524
vn -0.1856 -0.8746 -0.4480
f 1300/1300/1300 1301/1301/1301 1302/1302/1302 1303/1303/1303
v -1.8267 0.0980 1.1099
vt 0.3342 0.8500
vn 0.1856 -0.8746 0.4480
v -1.7076 0.0980 0.9908
vt 0.3342 0.8500
vn 0.4480 -0.8746 0.1856
v -1.6804 0.1143 1.0020
vt 0.3342 0.8524
vn 0.4480 -0.8746 0.1856
v -1.8155 0.1143 1.1371
vt 0.3342 0.8524
vn 0.1856 -0.8746 0.4480
f 1304/1304/1304 1305/1305/1305 1306/1306/1306 1307/1307/1307
v -1.9110 0.2695 0.9065
vt 0.0625 0.7034
vn 0.0000 1.0000 0.0000
v -1.7701 0.2695 0.8481
vt 0.1031 0.6409
vn 0.0000 1.0000 0.0000
v -1.8526 0.2695 0.7656
vt 0.0793 0.6409
vn 0.0000 1.0000 0.0000
f 1308/1308/1308 1309/1309/1309 1310/1310/1310
v -1.9110 0.2695 0.9065
vt 0.0625 0.7034
vn 0.0000 1.0000 0.0000
v -1.7701 0.2695 0.9649
vt 0.1031 0.6409
vn 0.0000 1.0000 0.0000
v -1.7701 0.2695 0.8481
vt 0.1031 0.6409
vn 0.0000 1.0000 0.0000
f 1311/1311/1311 1312/1312/1312 1313/1313/1313
v -1.9110 0.2695 0.9065
vt 0.0625 0.7034
vn 0.0000 1.0000 0.0000
v -1.8526 0.2695 1.0474
vt 0.0793 0.6409
vn 0.0000 1.0000 0.0000
v -1.7701 0.2695 0.9649
vt 0.1031 0.6409
vn 0.0000 1.0000 0.0000
f 1314/1314/1314 1315/1315/1315 1316/1316/1316
v -1.9110 0.2695 0.9065
vt 0.0625 0.7034
vn 0.0000 1.0000 0.0000
v -1.9694 0.2695 1.0474
vt 0.0457 0.6409
vn 0.0000 1.0000 0.0000
v -1.8526 0.2695 1.0474
vt 0.0793 0.6409
vn 0.0000 1.0000 0.0000
f 1317/1317/1317 1318/1318/1318 1319/1319/1319
v -1.9110 0.2695 0.9065
vt 0.0625 0.7034
vn 0.0000 1.0000 0.0000
v -2.0519 0.2695 0.9649
vt 0.0219 0.6409
vn 0.0000 1.0000 0.0000
v -1.9694 0.2695 1.0474
vt 0.0457 0.6409
vn 0.0000 1.0000 0.0000
f 1320/1320/1320 1321/1321/1321 1322/1322/1322
v -1.9110 0.2695 0.9065
vt 0.0625 0.7034
vn 0.0000 1.0000 0.0000
v -2.0519 0.2695 0.8481
vt 0.0219 0.6409
vn 0.0000 1.0000 0.0000
v -2.0519 0.2695 0.9649
vt 0.0219 0.6409
vn 0.0000 1.0000 0.0000
f 1323/1323/1323 1324/1324/1324 1325/1325/1325
v -1.9110 0.2695 0.9065
vt 0.0625 0.7034
vn 0.0000 1.0000 0.0000
v -1.9694 0.2695 0.7656
vt 0.0457 0.6409
vn 0.0000 1.0000 0.0000
v -2.0519 0.2695 0.8481
vt 0.0219 0.6409
vn 0.0000 1.0000 0.0000
f 1326/1326/1326 1327/1327/1327 1328/1328/1328
v -1.9110 0.2695 0.9065
vt 0.0625 0.7034
vn 0.0000 1.0000 0.0000
v -1.8526 0.2695 0.7656
vt 0.0793 0.6409
vn 0.0000 1.0000 0.0000
v -1.9694 0.2695 0.7656
vt 0.0457 0.6409
vn 0.0000 1.0000 0.0000
f 1329/1329/1329 1330/1330/1330 1331/1331/1331
v -1.9110 0.0000 0.9065
vt 0.8125 0.7989
vn -0.0000 -1.0000 0.0000
v -1.8320 0.0000 0.7158
vt 0.8125 0.7989
vn -0.0000 -1.0000 0.0000
v -1.7203 0.0000 0.8275
vt 0.8371 0.7989
vn -0.0000 -1.0000 0.0000
f 1332/1332/1332 1333/1333/1333 1334/1334/1334
v -1.9110 0.0000 0.9065
vt 0.8125 0.7989
vn -0.0000 -1.0000 0.0000
v -1.7203 0.0000 0.8275
vt 0.8371 0.7989
vn -0.0000 -1.0000 0.0000
v -1.7203 0.0000 0.9855
vt 0.8473 0.7989
vn -0.0000 -1.0000 0.0000
f 1335/1335/1335 1336/1336/1336 1337/1337/1337
v -1.9110 0.0000 0.9065
vt 0.8125 0.7989
vn -0.0000 -1.0000 0.0000
v -1.7203 0.0000 0.9855
vt 0.8473 0.7989
vn -0.0000 -1.0000 0.0000
v -1.8320 0.0000 1.0972
vt 0.8371 0.7989
vn -0.0000 -1.0000 0.0000
f 1338/1338/1338 1339/1339/1339 1340/1340/1340
v -1.9110 0.0000 0.9065
vt 0.8125 0.7989
vn -0.0000 -1.0000 0.0000
v -1.8320 0.0000 1.0972
vt 0.8371 0.7989
vn -0.0000 -1.0000 0.0000
v -1.9900 0.0000 1.0972
vt 0.8125 0.7989
vn -0.0000 -1.0000 0.0000
f 1341/1341/1341 1342/1342/1342 1343/1343/1343
v -1.9110 0.0000 0.9065
vt 0.8125 0.7989
vn -0.0000 -1.0000 0.0000
v -1.9900 0.0000 1.0972
vt 0.8125 0.7989
vn -0.0000 -1.0000 0.0000
v -2.1017 0.0000 0.9855
vt 0.7879 0.7989
vn -0.0000 -1.0000 0.0000
f 1344/1344/1344 1345/1345/1345 1346/1346/1346
v -1.9110 0.0000 0.9065
vt 0.8125 0.7989
vn -0.0000 -1.0000 0.0000
v -2.1017 0.0000 0.9855
vt 0.7879 0.7989
vn -0.0000 -1.0000 0.0000
v -2.1017 0.0000 0.8275
vt 0.7777 0.7989
vn -0.0000 -1.0000 0.0000
f 1347/1347/1347 1348/1348/1348 1349/1349/1349
v -1.9110 0.0000 0.9065
vt 0.8125 0.7989
vn -0.0000 -1.0000 0.0000
v -2.1017 0.0000 0.8275
vt 0.7777 0.7989
vn -0.0000 -1.0000 0.0000
v -1.9900 0.0000 0.7158
vt 0.7879 0.7989
vn -0.0000 -1.0000 0.0000
f 1350/1350/1350 1351/1351/1351 1352/1352/1352
v -1.9110 0.0000 0.9065
vt 0.8125 0.7989
vn -0.0000 -1.0000 0.0000
v -1.9900 0.0000 0.7158
vt 0.7879 0.7989
vn -0.0000 -1.0000 0.0000
v -1.8320 0.0000 0.7158
vt 0.8125 0.7989
vn -0.0000 -1.0000 0.0000
f 1353/1353/1353 1354/1354/1354 1355/1355/1355
v -1.9801 0.3675 0.7396
vt 0.7910 0.9292
vn 0.0000 1.0000 0.0000
v -1.8419 0.3675 0.7396
vt 0.8125 0.9292
vn 0.0000 1.0000 0.0000
v -1.8162 0.3675 0.6777
vt 0.8125 0.9292
vn 0.0000 1.0000 0.0000
v -2.0058 0.3675 0.6777
vt 0.7830 0.9292
vn 0.0000 1.0000 0.0000
f 1356/1356/1356 1357/1357/1357 1358/1358/1358 1359/1359/1359
v 0.3565 0.7350 -1.6550
vt 0.2761 0.8883
vn 0.0000 1.0000 0.0000
v 0.7350 0.7350 -1.7150
vt 0.2761 0.8883
vn 0.0000 1.0000 0.0000
v 0.7350 0.7350 -1.8360
vt 0.2761 0.8883
vn 0.0000 1.0000 0.0000
v 0.3191 0.7350 -1.7701
vt 0.2761 0.8883
vn 0.0000 1.0000 0.0000
f 1360/1360/1360 1361/1361/1361 1362/1362/1362 1363/1363/1363
v 0.0150 0.7350 -1.4810
vt 0.2761 0.8883
vn 0.0000 1.0000 0.0000
v 0.3565 0.7350 -1.6550
vt 0.2761 0.8883
vn 0.0000 1.0000 0.0000
v 0.3191 0.7350 -1.7701
vt 0.2761 0.8883
vn 0.0000 1.0000 0.0000
v -0.0561 0.7350 -1.5789
vt 0.2761 0.8883
vn 0.0000 1.0000 0.0000
f 1364/1364/1364 1365/1365/1365 1366/1366/1366 1367/1367/1367
v 1.4550 0.7350 0.5010
vt 0.2761 0.8883
vn 0.0000 1.0000 0.0000
v 1.1136 0.7350 0.6750
vt 0.2761 0.8883
vn 0.0000 1.0000 0.0000
v 1.1509 0.7350 0.7901
vt 0.2761 0.8883
vn 0.0000 1.0000 0.0000
v 1.5262 0.7350 0.5989
vt 0.2761 0.8883
vn 0.0000 1.0000 0.0000
f 1368/1368/1368 1369/1369/1369 1370/1370/1370 1371/1371/1371
v 1.7261 0.7350 0.2300
vt 0.2761 0.8883
vn 0.0000 1.0000 0.0000
v 1.4550 0.7350 0.5010
vt 0.2761 0.8883
vn 0.0000 1.0000 0.0000
v 1.5262 0.7350 0.5989
vt 0.2761 0.8883
vn 0.0000 1.0000 0.0000
v 1.8239 0.7350 0.3011
vt 0.2761 0.8883
vn 0.0000 1.0000 0.0000
f 1372/1372/1372 1373/1373/1373 1374/1374/1374 1375/1375/1375
v 1.9600 0.7350 -0.4900
vt 0.2761 0.8883
vn 0.0000 1.0000 0.0000
v 1.9001 0.7350 -0.1115
vt 0.2761 0.8883
vn 0.0000 1.0000 0.0000
v 2.0151 0.7350 -0.0741
vt 0.2761 0.8883
vn 0.0000 1.0000 0.0000
v 2.0810 0.7350 -0.4900
vt 0.2761 0.8883
vn 0.0000 1.0000 0.0000
f 1376/1376/1376 1377/1377/1377 1378/1378/1378 1379/1379/1379
v 1.7261 0.7350 -1.2100
vt 0.2761 0.8883
vn 0.0000 1.0000 0.0000
v 1.9001 0.7350 -0.8685
vt 0.2761 0.8883
vn 0.0000 1.0000 0.0000
v 2.0151 0.7350 -0.9059
vt 0.2761 0.8883
vn 0.0000 1.0000 0.0000
v 1.8239 0.7350 -1.2811
vt 0.2761 0.8883
vn 0.0000 1.0000 0.0000
f 1380/1380/1380 1381/1381/1381 1382/1382/1382 1383/1383/1383
v 1.4550 0.7350 -1.4810
vt 0.2761 0.8883
vn 0.0000 1.0000 0.0000
v 1.7261 0.7350 -1.2100
vt 0.2761 0.8883
vn 0.0000 1.0000 0.0000
v 1.8239 0.7350 -1.2811
vt 0.2761 0.8883
vn 0.0000 1.0000 0.0000
v 1.5262 0.7350 -1.5789
vt 0.2761 0.8883
vn 0.0000 1.0000 0.0000
f 1384/1384/1384 1385/1385/1385 1386/1386/1386 1387/1387/1387
v -0.4300 0.7350 -0.8685
vt 0.2761 0.8883
vn 0.0000 1.0000 0.0000
v -0.2560 0.7350 -1.2100
vt 0.2761 0.8883
vn 0.0000 1.0000 0.0000
v -0.3539 0.7350 -1.2811
vt 0.2761 0.8883
vn 0.0000 1.0000 0.0000
v -0.5451 0.7350 -0.9059
vt 0.2761 0.8883
vn 0.0000 1.0000 0.0000
f 1388/1388/1388 1389/1389/1389 1390/1390/1390 1391/1391/1391
v -0.4300 0.7350 -0.1115
vt 0.2761 0.8883
vn 0.0000 1.0000 0.0000
v -0.4900 0.7350 -0.4900
vt 0.2761 0.8883
vn 0.0000 1.0000 0.0000
v -0.6110 0.7350 -0.4900
vt 0.2761 0.8883
vn 0.0000 1.0000 0.0000
v -0.5451 0.7350 -0.0741
vt 0.2761 0.8883
vn 0.0000 1.0000 0.0000
f 1392/1392/1392 1393/1393/1393 1394/1394/1394 1395/1395/1395
v 0.3565 0.7350 0.6750
vt 0.2761 0.8883
vn 0.0000 1.0000 0.0000
v 0.0150 0.7350 0.5010
vt 0.2761 0.8883
vn 0.0000 1.0000 0.0000
v -0.0561 0.7350 0.5989
vt 0.2761 0.8883
vn 0.0000 1.0000 0.0000
v 0.3191 0.7350 0.7901
vt 0.2761 0.8883
vn 0.0000 1.0000 0.0000
f 1396/1396/1396 1397/1397/1397 1398/1398/1398 1399/1399/1399
v 0.0150 0.7350 0.5010
vt 0.2761 0.8883
vn 0.0000 1.0000 0.0000
v -0.2560 0.7350 0.2300
vt 0.2761 0.8883
vn 0.0000 1.0000 0.0000
v -0.3539 0.7350 0.3011
vt 0.2761 0.8883
vn 0.0000 1.0000 0.0000
v -0.0561 0.7350 0.5989
vt 0.2761 0.8883
vn 0.0000 1.0000 0.0000
f 1400/1400/1400 1401/1401/1401 1402/1402/1402 1403/1403/1403
v -0.4900 0.7350 -0.4900
vt 0.2761 0.8883
vn 0.0000 1.0000 0.0000
v -0.4300 0.7350 -0.8685
vt 0.2761 0.8883
vn 0.0000 1.0000 0.0000
v -0.5451 0.7350 -0.9059
vt 0.2761 0.8883
vn 0.0000 1.0000 0.0000
v -0.6110 0.7350 -0.4900
vt 0.2761 0.8883
vn 0.0000 1.0000 0.0000
f 1404/1404/1404 1405/1405/1405 1406/1406/1406 1407/1407/1407
v 1.9001 0.7350 -0.8685
vt 0.2761 0.8883
vn 0.0000 1.0000 0.0000
v 1.9600 0.7350 -0.4900
vt 0.2761 0.8883
vn 0.0000 1.0000 0.0000
v 2.0810 0.7350 -0.4900
vt 0.2761 0.8883
vn 0.0000 1.0000 0.0000
v 2.0151 0.7350 -0.9059
vt 0.2761 0.8883
vn 0.0000 1.0000 0.0000
f 1408/1408/1408 1409/1409/1409 1410/1410/1410 1411/1411/1411
v 1.9001 0.7350 -0.1115
vt 0.2761 0.8883
vn 0.0000 1.0000 0.0000
v 1.7261 0.7350 0.2300
vt 0.2761 0.8883
vn 0.0000 1.0000 0.0000
v 1.8239 0.7350 0.3011
vt 0.2761 0.8883
vn 0.0000 1.0000 0.0000
v 2.0151 0.7350 -0.0741
vt 0.2761 0.8883
vn 0.0000 1.0000 0.0000
f 1412/1412/1412 1413/1413/1413 1414/1414/1414 1415/1415/1415
v -0.2560 0.7350 -1.2100
vt 0.2761 0.8883
vn 0.0000 1.0000 0.0000
v 0.0150 0.7350 -1.4810
vt 0.2761 0.8883
vn 0.0000 1.0000 0.0000
v -0.0561 0.7350 -1.5789
vt 0.2761 0.8883
vn 0.0000 1.0000 0.0000
v -0.3539 0.7350 -1.2811
vt 0.2761 0.8883
vn 0.0000 1.0000 0.0000
f 1416/1416/1416 1417/1417/1417 1418/1418/1418 1419/1419/1419
v -0.4542 0.6125 -1.3540
vt 0.2761 0.8409
vn -0.8090 0.0000 -0.5878
v -0.4542 0.0000 -1.3540
vt 0.2761 0.8199
vn -0.8090 0.0000 -0.5878
v -0.6630 0.0000 -0.9443
vt 0.2761 0.8199
vn -0.9511 0.0000 -0.3090
v -0.6630 0.6125 -0.9443
vt 0.2761 0.8409
vn -0.9511 0.0000 -0.3090
f 1420/1420/1420 1421/1421/1421 1422/1422/1422 1423/1423/1423
v 0.7350 0.6125 -1.9600
vt 0.2761 0.8409
vn 0.0000 0.0000 -1.0000
v 0.7350 0.0000 -1.9600
vt 0.2761 0.8199
vn 0.0000 0.0000 -1.0000
v 0.2808 0.0000 -1.8881
vt 0.2761 0.8199
vn -0.3090 0.0000 -0.9511
v 0.2808 0.6125 -1.8881
vt 0.2761 0.8409
vn -0.3090 0.0000 -0.9511
f 1424/1424/1424 1425/1425/1425 1426/1426/1426 1427/1427/1427
v -0.2560 0.7350 0.2300
vt 0.2761 0.8883
vn 0.0000 1.0000 0.0000
v -0.4300 0.7350 -0.1115
vt 0.2761 0.8883
vn 0.0000 1.0000 0.0000
v -0.5451 0.7350 -0.0741
vt 0.2761 0.8883
vn 0.0000 1.0000 0.0000
v -0.3539 0.7350 0.3011
vt 0.2761 0.8883
vn 0.0000 1.0000 0.0000
f 1428/1428/1428 1429/1429/1429 1430/1430/1430 1431/1431/1431
v 0.1525 1.9711 -0.9132
vt 0.2761 0.9090
vn -0.4785 0.8063 -0.3477
v 0.4457 2.1479 -0.7002
vt 0.2761 0.9151
vn -0.3548 0.8987 -0.2578
v 0.5248 2.1479 -0.7793
vt 0.2761 0.9151
vn -0.2578 0.8987 -0.3548
v 0.3118 1.9711 -1.0725
vt 0.2761 0.9090
vn -0.3477 0.8063 -0.4785
f 1432/1432/1432 1433/1433/1433 1434/1434/1434 1435/1435/1435
v 1.1582 1.9711 -1.0725
vt 0.2761 0.9090
vn 0.3477 0.8063 -0.4785
v 0.9452 2.1479 -0.7793
vt 0.2761 0.9151
vn 0.2578 0.8987 -0.3548
v 1.0243 2.1479 -0.7002
vt 0.2761 0.9151
vn 0.3548 0.8987 -0.2578
v 1.3175 1.9711 -0.9132
vt 0.2761 0.9090
vn 0.4785 0.8063 -0.3477
f 1436/1436/1436 1437/1437/1437 1438/1438/1438 1439/1439/1439
v 1.3175 1.9711 -0.0668
vt 0.2761 0.9090
vn 0.4785 0.8063 0.3477
v 1.0243 2.1479 -0.2798
vt 0.2761 0.9151
vn 0.3548 0.8987 0.2578
v 0.9452 2.1479 -0.2007
vt 0.2761 0.9151
vn 0.2578 0.8987 0.3548
v 1.1582 1.9711 0.0925
vt 0.2761 0.9090
vn 0.3477 0.8063 0.4785
f 1440/1440/1440 1441/1441/1441 1442/1442/1442 1443/1443/1443
v 0.3118 1.9711 0.0925
vt 0.2761 0.9090
vn -0.3477 0.8063 0.4785
v 0.5248 2.1479 -0.2007
vt 0.2761 0.9151
vn -0.2578 0.8987 0.3548
v 0.4457 2.1479 -0.2798
vt 0.2761 0.9151
vn -0.3548 0.8987 0.2578
v 0.1525 1.9711 -0.0668
vt 0.2761 0.9090
vn -0.4785 0.8063 0.3477
f 1444/1444/1444 1445/1445/1445 1446/1446/1446 1447/1447/1447
v 1.3175 1.9711 -0.9132
vt 0.2761 0.9090
vn 0.4785 0.8063 -0.3477
v 1.0243 2.1479 -0.7002
vt 0.2761 0.9151
vn 0.3548 0.8987 -0.2578
v 1.0751 2.1479 -0.6005
vt 0.2761 0.9151
vn 0.4171 0.8987 -0.1355
v 1.4198 1.9711 -0.7125
vt 0.2761 0.9090
vn 0.5625 0.8063 -0.1828
f 1448/1448/1448 1449/1449/1449 1450/1450/1450 1451/1451/1451
v 0.0150 1.9711 -0.4900
vt 0.2761 0.9090
vn -0.5915 0.8063 0.0000
v 0.3774 2.1479 -0.4900
vt 0.2761 0.9151
vn -0.4385 0.8987 0.0000
v 0.3949 2.1479 -0.6005
vt 0.2761 0.9151
vn -0.4171 0.8987 -0.1355
v 0.0502 1.9711 -0.7125
vt 0.2761 0.9090
vn -0.5625 0.8063 -0.1828
f 1452/1452/1452 1453/1453/1453 1454/1454/1454 1455/1455/1455
v 0.5125 1.9711 -1.1748
vt 0.2761 0.9090
vn -0.1828 0.8063 -0.5625
v 0.6245 2.1479 -0.8301
vt 0.2761 0.9151
vn -0.1355 0.8987 -0.4171
v 0.7350 2.1479 -0.8476
vt 0.2761 0.9151
vn -0.0000 0.8987 -0.4385
v 0.7350 1.9711 -1.2100
vt 0.2761 0.9090
vn 0.0000 0.8063 -0.5915
f 1456/1456/1456 1457/1457/1457 1458/1458/1458 1459/1459/1459
v 0.5125 1.9711 0.1948
vt 0.2761 0.9090
vn -0.1828 0.8063 0.5625
v 0.6245 2.1479 -0.1499
vt 0.2761 0.9151
vn -0.1355 0.8987 0.4171
v 0.5248 2.1479 -0.2007
vt 0.2761 0.9151
vn -0.2578 0.8987 0.3548
v 0.3118 1.9711 0.0925
vt 0.2761 0.9090
vn -0.3477 0.8063 0.4785
f 1460/1460/1460 1461/1461/1461 1462/1462/1462 1463/1463/1463
v 0.0502 1.9711 -0.7125
vt 0.2761 0.9090
vn -0.5625 0.8063 -0.1828
v 0.3949 2.1479 -0.6005
vt 0.2761 0.9151
vn -0.4171 0.8987 -0.1355
v 0.4457 2.1479 -0.7002
vt 0.2761 0.9151
vn -0.3548 0.8987 -0.2578
v 0.1525 1.9711 -0.9132
vt 0.2761 0.9090
vn -0.4785 0.8063 -0.3477
f 1464/1464/1464 1465/1465/1465 1466/1466/1466 1467/1467/1467
v 0.9575 1.9711 -1.1748
vt 0.2761 0.9090
vn 0.1828 0.8063 -0.5625
v 0.8455 2.1479 -0.8301
vt 0.2761 0.9151
vn 0.1355 0.8987 -0.4171
v 0.9452 2.1479 -0.7793
vt 0.2761 0.9151
vn 0.2578 0.8987 -0.3548
v 1.1582 1.9711 -1.0725
vt 0.2761 0.9090
vn 0.3477 0.8063 -0.4785
f 1468/1468/1468 1469/1469/1469 1470/1470/1470 1471/1471/1471
v 1.4550 0.7350 -1.4810
vt 0.2761 0.8451
vn 0.5878 0.0000 -0.8090
v 1.1136 0.7350 -1.6550
vt 0.2761 0.8451
vn 0.3090 0.0000 -0.9511
v 1.1136 0.9800 -1.6550
vt 0.2761 0.8535
vn 0.3081 0.0779 -0.9482
v 1.4550 0.9800 -1.4810
vt 0.2761 0.8535
vn 0.5860 0.0779 -0.8066
f 1472/1472/1472 1473/1473/1473 1474/1474/1474 1475/1475/1475
v -0.4300 0.7350 -0.1115
vt 0.2761 0.8451
vn -0.9511 0.0000 0.3090
v -0.2560 0.7350 0.2300
vt 0.2761 0.8451
vn -0.8090 -0.0000 0.5878
v -0.2560 0.9800 0.2300
vt 0.2761 0.8535
vn -0.8066 0.0779 0.5860
v -0.4300 0.9800 -0.1115
vt 0.2761 0.8535
vn -0.9482 0.0779 0.3081
f 1476/1476/1476 1477/1477/1477 1478/1478/1478 1479/1479/1479
v 1.4550 0.7350 0.5010
vt 0.2761 0.8451
vn 0.5878 0.0000 0.8090
v 1.7261 0.7350 0.2300
vt 0.2761 0.8451
vn 0.8090 0.0000 0.5878
v 1.7261 0.9800 0.2300
vt 0.2761 0.8535
vn 0.8066 0.0779 0.5860
v 1.4550 0.9800 0.5010
vt 0.2761 0.8535
vn 0.5860 0.0779 0.8066
f 1480/1480/1480 1481/1481/1481 1482/1482/1482 1483/1483/1483
v 1.4198 1.9711 -0.2675
vt 0.2761 0.9090
vn 0.5625 0.8063 0.1828
v 1.0751 2.1479 -0.3795
vt 0.2761 0.9151
vn 0.4171 0.8987 0.1355
v 1.0243 2.1479 -0.2798
vt 0.2761 0.9151
vn 0.3548 0.8987 0.2578
v 1.3175 1.9711 -0.0668
vt 0.2761 0.9090
vn 0.4785 0.8063 0.3477
f 1484/1484/1484 1485/1485/1485 1486/1486/1486 1487/1487/1487
v 1.9001 0.7350 -0.1115
vt 0.2761 0.8451
vn 0.9511 0.0000 0.3090
v 1.9600 0.7350 -0.4900
vt 0.2761 0.8451
vn 1.0000 0.0000 0.0000
v 1.9600 0.9800 -0.4900
vt 0.2761 0.8535
vn 0.9970 0.0779 -0.0000
v 1.9001 0.9800 -0.1115
vt 0.2761 0.8535
vn 0.9482 0.0779 0.3081
f 1488/1488/1488 1489/1489/1489 1490/1490/1490 1491/1491/1491
v -0.4900 0.7350 -0.4900
vt 0.2761 0.8451
vn -1.0000 0.0000 0.0000
v -0.4300 0.7350 -0.1115
vt 0.2761 0.8451
vn -0.9511 0.0000 0.3090
v -0.4300 0.9800 -0.1115
vt 0.2761 0.8535
vn -0.9482 0.0779 0.3081
v -0.4900 0.9800 -0.4900
vt 0.2761 0.8535
vn -0.9970 0.0779 0.0000
f 1492/1492/1492 1493/1493/1493 1494/1494/1494 1495/1495/1495
v 0.0150 0.7350 -1.4810
vt 0.2761 0.8451
vn -0.5878 0.0000 -0.8090
v -0.2560 0.7350 -1.2100
vt 0.2761 0.8451
vn -0.8090 0.0000 -0.5878
v -0.2560 0.9800 -1.2100
vt 0.2761 0.8535
vn -0.8066 0.0779 -0.5860
v 0.0150 0.9800 -1.4810
vt 0.2761 0.8535
vn -0.5860 0.0779 -0.8066
f 1496/1496/1496 1497/1497/1497 1498/1498/1498 1499/1499/1499
v 0.3118 1.9711 -1.0725
vt 0.2761 0.9090
vn -0.3477 0.8063 -0.4785
v 0.5248 2.1479 -0.7793
vt 0.2761 0.9151
vn -0.2578 0.8987 -0.3548
v 0.6245 2.1479 -0.8301
vt 0.2761 0.9151
vn -0.1355 0.8987 -0.4171
v 0.5125 1.9711 -1.1748
vt 0.2761 0.9090
vn -0.1828 0.8063 -0.5625
f 1500/1500/1500 1501/1501/1501 1502/1502/1502 1503/1503/1503
v 1.1136 0.7350 0.6750
vt 0.2761 0.8451
vn 0.4540 0.0000 0.8910
v 1.4550 0.7350 0.5010
vt 0.2761 0.8451
vn 0.5878 0.0000 0.8090
v 1.4550 0.9800 0.5010
vt 0.2761 0.8535
vn 0.5860 0.0779 0.8066
v 1.1136 0.9800 0.6750
vt 0.2761 0.8535
vn 0.4526 0.0769 0.8884
f 1504/1504/1504 1505/1505/1505 1506/1506/1506 1507/1507/1507
v 0.0150 0.7350 0.5010
vt 0.2761 0.8451
vn -0.5878 -0.0000 0.8090
v 0.3565 0.7350 0.6750
vt 0.2761 0.8451
vn -0.4540 0.0000 0.8910
v 0.3565 0.9800 0.6750
vt 0.2761 0.8535
vn -0.4526 0.0769 0.8884
v 0.0150 0.9800 0.5010
vt 0.2761 0.8535
vn -0.5860 0.0779 0.8066
f 1508/1508/1508 1509/1509/1509 1510/1510/1510 1511/1511/1511
v 0.1525 1.9711 -0.0668
vt 0.2761 0.9090
vn -0.4785 0.8063 0.3477
v 0.4457 2.1479 -0.2798
vt 0.2761 0.9151
vn -0.3548 0.8987 0.2578
v 0.3949 2.1479 -0.3795
vt 0.2761 0.9151
vn -0.4171 0.8987 0.1355
v 0.0502 1.9711 -0.2675
vt 0.2761 0.9090
vn -0.5625 0.8063 0.1828
f 1512/1512/1512 1513/1513/1513 1514/1514/1514 1515/1515/1515
v 0.9575 1.9711 0.1948
vt 0.2761 0.9090
vn 0.1828 0.8063 0.5625
v 0.8455 2.1479 -0.1499
vt 0.2761 0.9151
vn 0.1355 0.8987 0.4171
v 0.7350 2.1479 -0.1324
vt 0.2761 0.9151
vn 0.0000 0.8987 0.4385
v 0.7350 1.9711 0.2300
vt 0.2761 0.9090
vn 0.0000 0.8063 0.5915
f 1516/1516/1516 1517/1517/1517 1518/1518/1518 1519/1519/1519
v -0.4300 0.7350 -0.8685
vt 0.2761 0.8451
vn -0.9511 0.0000 -0.3090
v -0.4900 0.7350 -0.4900
vt 0.2761 0.8451
vn -1.0000 0.0000 0.0000
v -0.4900 0.9800 -0.4900
vt 0.2761 0.8535
vn -0.9970 0.0779 0.0000
v -0.4300 0.9800 -0.8685
vt 0.2761 0.8535
vn -0.9482 0.0779 -0.3081
f 1520/1520/1520 1521/1521/1521 1522/1522/1522 1523/1523/1523
v 1.7261 0.7350 -1.2100
vt 0.2761 0.8451
vn 0.8090 0.0000 -0.5878
v 1.4550 0.7350 -1.4810
vt 0.2761 0.8451
vn 0.5878 0.0000 -0.8090
v 1.4550 0.9800 -1.4810
vt 0.2761 0.8535
vn 0.5860 0.0779 -0.8066
v 1.7261 0.9800 -1.2100
vt 0.2761 0.8535
vn 0.8066 0.0779 -0.5860
f 1524/1524/1524 1525/1525/1525 1526/1526/1526 1527/1527/1527
v 0.3565 0.7350 -1.6550
vt 0.2761 0.8451
vn -0.3090 0.0000 -0.9511
v 0.0150 0.7350 -1.4810
vt 0.2761 0.8451
vn -0.5878 0.0000 -0.8090
v 0.0150 0.9800 -1.4810
vt 0.2761 0.8535
vn -0.5860 0.0779 -0.8066
v 0.3565 0.9800 -1.6550
vt 0.2761 0.8535
vn -0.3081 0.0779 -0.9482
f 1528/1528/1528 1529/1529/1529 1530/1530/1530 1531/1531/1531
v 1.4550 1.9711 -0.4900
vt 0.2761 0.9090
vn 0.5915 0.8063 -0.0000
v 1.0926 2.1479 -0.4900
vt 0.2761 0.9151
vn 0.4385 0.8987 -0.0000
v 1.0751 2.1479 -0.3795
vt 0.2761 0.9151
vn 0.4171 0.8987 0.1355
v 1.4198 1.9711 -0.2675
vt 0.2761 0.9090
vn 0.5625 0.8063 0.1828
f 1532/1532/1532 1533/1533/1533 1534/1534/1534 1535/1535/1535
v -0.2560 0.7350 0.2300
vt 0.2761 0.8451
vn -0.8090 -0.0000 0.5878
v 0.0150 0.7350 0.5010
vt 0.2761 0.8451
vn -0.5878 -0.0000 0.8090
v 0.0150 0.9800 0.5010
vt 0.2761 0.8535
vn -0.5860 0.0779 0.8066
v -0.2560 0.9800 0.2300
vt 0.2761 0.8535
vn -0.8066 0.0779 0.5860
f 1536/1536/1536 1537/1537/1537 1538/1538/1538 1539/1539/1539
v 0.7350 0.7350 -1.7150
vt 0.2761 0.8451
vn 0.0000 0.0000 -1.0000
v 0.3565 0.7350 -1.6550
vt 0.2761 0.8451
vn -0.3090 0.0000 -0.9511
v 0.3565 0.9800 -1.6550
vt 0.2761 0.8535
vn -0.3081 0.0779 -0.9482
v 0.7350 0.9800 -1.7150
vt 0.2761 0.8535
vn 0.0000 0.0779 -0.9970
f 1540/1540/1540 1541/1541/1541 1542/1542/1542 1543/1543/1543
v 1.9001 0.7350 -0.8685
vt 0.2761 0.8451
vn 0.9511 0.0000 -0.3090
v 1.7261 0.7350 -1.2100
vt 0.2761 0.8451
vn 0.8090 0.0000 -0.5878
v 1.7261 0.9800 -1.2100
vt 0.2761 0.8535
vn 0.8066 0.0779 -0.5860
v 1.9001 0.9800 -0.8685
vt 0.2761 0.8535
vn 0.9482 0.0779 -0.3081
f 1544/1544/1544 1545/1545/1545 1546/1546/1546 1547/1547/1547
v 0.0502 1.9711 -0.2675
vt 0.2761 0.9090
vn -0.5625 0.8063 0.1828
v 0.3949 2.1479 -0.3795
vt 0.2761 0.9151
vn -0.4171 0.8987 0.1355
v 0.3774 2.1479 -0.4900
vt 0.2761 0.9151
vn -0.4385 0.8987 0.0000
v 0.0150 1.9711 -0.4900
vt 0.2761 0.9090
vn -0.5915 0.8063 0.0000
f 1548/1548/1548 1549/1549/1549 1550/1550/1550 1551/1551/1551
v 1.4198 1.9711 -0.7125
vt 0.2761 0.9090
vn 0.5625 0.8063 -0.1828
v 1.0751 2.1479 -0.6005
vt 0.2761 0.9151
vn 0.4171 0.8987 -0.1355
v 1.0926 2.1479 -0.4900
vt 0.2761 0.9151
vn 0.4385 0.8987 -0.0000
v 1.4550 1.9711 -0.4900
vt 0.2761 0.9090
vn 0.5915 0.8063 -0.0000
f 1552/1552/1552 1553/1553/1553 1554/1554/1554 1555/1555/1555
v -0.2560 0.7350 -1.2100
vt 0.2761 0.8451
vn -0.8090 0.0000 -0.5878
v -0.4300 0.7350 -0.8685
vt 0.2761 0.8451
vn -0.9511 0.0000 -0.3090
v -0.4300 0.9800 -0.8685
vt 0.2761 0.8535
vn -0.9482 0.0779 -0.3081
v -0.2560 0.9800 -1.2100
vt 0.2761 0.8535
vn -0.8066 0.0779 -0.5860
f 1556/1556/1556 1557/1557/1557 1558/1558/1558 1559/1559/1559
v 1.1136 0.7350 -1.6550
vt 0.2761 0.8451
vn 0.3090 0.0000 -0.9511
v 0.7350 0.7350 -1.7150
vt 0.2761 0.8451
vn 0.0000 0.0000 -1.0000
v 0.7350 0.9800 -1.7150
vt 0.2761 0.8535
vn 0.0000 0.0779 -0.9970
v 1.1136 0.9800 -1.6550
vt 0.2761 0.8535
vn 0.3081 0.0779 -0.9482
f 1560/1560/1560 1561/1561/1561 1562/1562/1562 1563/1563/1563
v 1.7261 0.7350 0.2300
vt 0.2761 0.8451
vn 0.8090 0.0000 0.5878
v 1.9001 0.7350 -0.1115
vt 0.2761 0.8451
vn 0.9511 0.0000 0.3090
v 1.9001 0.9800 -0.1115
vt 0.2761 0.8535
vn 0.9482 0.0779 0.3081
v 1.7261 0.9800 0.2300
vt 0.2761 0.8535
vn 0.8066 0.0779 0.5860
f 1564/1564/1564 1565/1565/1565 1566/1566/1566 1567/1567/1567
v 1.1582 1.9711 0.0925
vt 0.2761 0.9090
vn 0.3477 0.8063 0.4785
v 0.9452 2.1479 -0.2007
vt 0.2761 0.9151
vn 0.2578 0.8987 0.3548
v 0.8455 2.1479 -0.1499
vt 0.2761 0.9151
vn 0.1355 0.8987 0.4171
v 0.9575 1.9711 0.1948
vt 0.2761 0.9090
vn 0.1828 0.8063 0.5625
f 1568/1568/1568 1569/1569/1569 1570/1570/1570 1571/1571/1571
v 1.9600 0.7350 -0.4900
vt 0.2761 0.8451
vn 1.0000 0.0000 0.0000
v 1.9001 0.7350 -0.8685
vt 0.2761 0.8451
vn 0.9511 0.0000 -0.3090
v 1.9001 0.9800 -0.8685
vt 0.2761 0.8535
vn 0.9482 0.0779 -0.3081
v 1.9600 0.9800 -0.4900
vt 0.2761 0.8535
vn 0.9970 0.0779 -0.0000
f 1572/1572/1572 1573/1573/1573 1574/1574/1574 1575/1575/1575
v 0.7350 1.9711 0.2300
vt 0.2761 0.9090
vn 0.0000 0.8063 0.5915
v 0.7350 2.1479 -0.1324
vt 0.2761 0.9151
vn 0.0000 0.8987 0.4385
v 0.6245 2.1479 -0.1499
vt 0.2761 0.9151
vn -0.1355 0.8987 0.4171
v 0.5125 1.9711 0.1948
vt 0.2761 0.9090
vn -0.1828 0.8063 0.5625
f 1576/1576/1576 1577/1577/1577 1578/1578/1578 1579/1579/1579
v 1.1893 0.6125 -1.8881
vt 0.2761 0.8409
vn 0.3090 0.0000 -0.9511
v 1.5991 0.6125 -1.6793
vt 0.2761 0.8409
vn 0.5878 0.0000 -0.8090
v 1.5991 0.0000 -1.6793
vt 0.2761 0.8199
vn 0.5878 0.0000 -0.8090
v 1.1893 0.0000 -1.8881
vt 0.2761 0.8199
vn 0.3090 0.0000 -0.9511
f 1580/1580/1580 1581/1581/1581 1582/1582/1582 1583/1583/1583
v 1.9243 0.6125 -1.3540
vt 0.2761 0.8409
vn 0.8090 0.0000 -0.5878
v 1.9243 0.0000 -1.3540
vt 0.2761 0.8199
vn 0.8090 0.0000 -0.5878
v 1.5991 0.0000 -1.6793
vt 0.2761 0.8199
vn 0.5878 0.0000 -0.8090
v 1.5991 0.6125 -1.6793
vt 0.2761 0.8409
vn 0.5878 0.0000 -0.8090
f 1584/1584/1584 1585/1585/1585 1586/1586/1586 1587/1587/1587
v 2.1331 0.6125 -0.9443
vt 0.2761 0.8409
vn 0.9511 0.0000 -0.3090
v 2.1331 0.0000 -0.9443
vt 0.2761 0.8199
vn 0.9511 0.0000 -0.3090
v 1.9243 0.0000 -1.3540
vt 0.2761 0.8199
vn 0.8090 0.0000 -0.5878
v 1.9243 0.6125 -1.3540
vt 0.2761 0.8409
vn 0.8090 0.0000 -0.5878
f 1588/1588/1588 1589/1589/1589 1590/1590/1590 1591/1591/1591
v 2.2050 0.6125 -0.4900
vt 0.2761 0.8409
vn 1.0000 0.0000 0.0000
v 2.2050 0.0000 -0.4900
vt 0.2761 0.8199
vn 1.0000 0.0000 0.0000
v 2.1331 0.0000 -0.9443
vt 0.2761 0.8199
vn 0.9511 0.0000 -0.3090
v 2.1331 0.6125 -0.9443
vt 0.2761 0.8409
vn 0.9511 0.0000 -0.3090
f 1592/1592/1592 1593/1593/1593 1594/1594/1594 1595/1595/1595
v 2.1331 0.6125 -0.0357
vt 0.2761 0.8409
vn 0.9511 0.0000 0.3090
v 2.1331 0.0000 -0.0357
vt 0.2761 0.8199
vn 0.9511 0.0000 0.3090
v 2.2050 0.0000 -0.4900
vt 0.2761 0.8199
vn 1.0000 0.0000 0.0000
v 2.2050 0.6125 -0.4900
vt 0.2761 0.8409
vn 1.0000 0.0000 0.0000
f 1596/1596/1596 1597/1597/1597 1598/1598/1598 1599/1599/1599
v 2.1331 0.6125 -0.0357
vt 0.2761 0.8409
vn 0.9511 0.0000 0.3090
v 1.9243 0.6125 0.3740
vt 0.2761 0.8409
vn 0.8090 0.0000 0.5878
v 1.9243 0.0000 0.3740
vt 0.2761 0.8199
vn 0.8090 0.0000 0.5878
v 2.1331 0.0000 -0.0357
vt 0.2761 0.8199
vn 0.9511 0.0000 0.3090
f 1600/1600/1600 1601/1601/1601 1602/1602/1602 1603/1603/1603
v 1.5991 0.6125 0.6993
vt 0.2761 0.8409
vn 0.5878 0.0000 0.8090
v 1.5991 0.0000 0.6993
vt 0.2761 0.8199
vn 0.5878 0.0000 0.8090
v 1.9243 0.0000 0.3740
vt 0.2761 0.8199
vn 0.8090 0.0000 0.5878
v 1.9243 0.6125 0.3740
vt 0.2761 0.8409
vn 0.8090 0.0000 0.5878
f 1604/1604/1604 1605/1605/1605 1606/1606/1606 1607/1607/1607
v 1.1893 0.6125 0.9081
vt 0.2761 0.8409
vn 0.4540 0.0000 0.8910
v 1.1893 0.0000 0.9081
vt 0.2761 0.8199
vn 0.4540 0.0000 0.8910
v 1.5991 0.0000 0.6993
vt 0.2761 0.8199
vn 0.5878 0.0000 0.8090
v 1.5991 0.6125 0.6993
vt 0.2761 0.8409
vn 0.5878 0.0000 0.8090
f 1608/1608/1608 1609/1609/1609 1610/1610/1610 1611/1611/1611
v 0.2808 0.6125 0.9081
vt 0.2761 0.8409
vn -0.4540 0.0000 0.8910
v -0.1290 0.6125 0.6993
vt 0.2761 0.8409
vn -0.5878 -0.0000 0.8090
v -0.1290 0.0000 0.6993
vt 0.2761 0.8199
vn -0.5878 -0.0000 0.8090
v 0.2808 0.0000 0.9081
vt 0.2761 0.8199
vn -0.4540 0.0000 0.8910
f 1612/1612/1612 1613/1613/1613 1614/1614/1614 1615/1615/1615
v -0.1290 0.6125 0.6993
vt 0.2761 0.8409
vn -0.5878 -0.0000 0.8090
v -0.4542 0.6125 0.3740
vt 0.2761 0.8409
vn -0.8090 -0.0000 0.5878
v -0.4542 0.0000 0.3740
vt 0.2761 0.8199
vn -0.8090 -0.0000 0.5878
v -0.1290 0.0000 0.6993
vt 0.2761 0.8199
vn -0.5878 -0.0000 0.8090
f 1616/1616/1616 1617/1617/1617 1618/1618/1618 1619/1619/1619
v -0.6630 0.6125 -0.0357
vt 0.2761 0.8409
vn -0.9511 0.0000 0.3090
v -0.6630 0.0000 -0.0357
vt 0.2761 0.8199
vn -0.9511 0.0000 0.3090
v -0.4542 0.0000 0.3740
vt 0.2761 0.8199
vn -0.8090 -0.0000 0.5878
v -0.4542 0.6125 0.3740
vt 0.2761 0.8409
vn -0.8090 -0.0000 0.5878
f 1620/1620/1620 1621/1621/1621 1622/1622/1622 1623/1623/1623
v -0.7350 0.6125 -0.4900
vt 0.2761 0.8409
vn -1.0000 0.0000 0.0000
v -0.7350 0.0000 -0.4900
vt 0.2761 0.8199
vn -1.0000 0.0000 0.0000
v -0.6630 0.0000 -0.0357
vt 0.2761 0.8199
vn -0.9511 0.0000 0.3090
v -0.6630 0.6125 -0.0357
vt 0.2761 0.8409
vn -0.9511 0.0000 0.3090
f 1624/1624/1624 1625/1625/1625 1626/1626/1626 1627/1627/1627
v -0.6630 0.6125 -0.9443
vt 0.2761 0.8409
vn -0.9511 0.0000 -0.3090
v -0.6630 0.0000 -0.9443
vt 0.2761 0.8199
vn -0.9511 0.0000 -0.3090
v -0.7350 0.0000 -0.4900
vt 0.2761 0.8199
vn -1.0000 0.0000 0.0000
v -0.7350 0.6125 -0.4900
vt 0.2761 0.8409
vn -1.0000 0.0000 0.0000
f 1628/1628/1628 1629/1629/1629 1630/1630/1630 1631/1631/1631
v -0.4542 0.6125 -1.3540
vt 0.2761 0.8409
vn -0.8090 0.0000 -0.5878
v -0.1290 0.6125 -1.6793
vt 0.2761 0.8409
vn -0.5878 0.0000 -0.8090
v -0.1290 0.0000 -1.6793
vt 0.2761 0.8199
vn -0.5878 0.0000 -0.8090
v -0.4542 0.0000 -1.3540
vt 0.2761 0.8199
vn -0.8090 0.0000 -0.5878
f 1632/1632/1632 1633/1633/1633 1634/1634/1634 1635/1635/1635
v -0.1290 0.6125 -1.6793
vt 0.2761 0.8409
vn -0.5878 0.0000 -0.8090
v 0.2808 0.6125 -1.8881
vt 0.2761 0.8409
vn -0.3090 0.0000 -0.9511
v 0.2808 0.0000 -1.8881
vt 0.2761 0.8199
vn -0.3090 0.0000 -0.9511
v -0.1290 0.0000 -1.6793
vt 0.2761 0.8199
vn -0.5878 0.0000 -0.8090
f 1636/1636/1636 1637/1637/1637 1638/1638/1638 1639/1639/1639
v 1.1136 0.7350 -1.6550
vt 0.2761 0.8883
vn 0.0000 1.0000 0.0000
v 1.4550 0.7350 -1.4810
vt 0.2761 0.8883
vn 0.0000 1.0000 0.0000
v 1.5262 0.7350 -1.5789
vt 0.2761 0.8883
vn 0.0000 1.0000 0.0000
v 1.1509 0.7350 -1.7701
vt 0.2761 0.8883
vn 0.0000 1.0000 0.0000
f 1640/1640/1640 1641/1641/1641 1642/1642/1642 1643/1643/1643
v 1.1893 0.6125 -1.8881
vt 0.2761 0.8409
vn 0.3090 0.0000 -0.9511
v 1.1893 0.0000 -1.8881
vt 0.2761 0.8199
vn 0.3090 0.0000 -0.9511
v 0.7350 0.0000 -1.9600
vt 0.2761 0.8199
vn 0.0000 0.0000 -1.0000
v 0.7350 0.6125 -1.9600
vt 0.2761 0.8409
vn 0.0000 0.0000 -1.0000
f 1644/1644/1644 1645/1645/1645 1646/1646/1646 1647/1647/1647
v 0.7350 0.9800 -1.7150
vt 0.2761 0.8535
vn 0.0000 0.0779 -0.9970
v 0.7350 1.3586 -1.6550
vt 0.2761 0.8665
vn 0.0000 0.3045 -0.9525
v 1.0950 1.3586 -1.5980
vt 0.2761 0.8665
vn 0.2943 0.3045 -0.9059
v 1.1136 0.9800 -1.6550
vt 0.2761 0.8535
vn 0.3081 0.0779 -0.9482
f 1648/1648/1648 1649/1649/1649 1650/1650/1650 1651/1651/1651
v 0.7350 1.7000 -1.4810
vt 0.2761 0.8997
vn 0.0000 0.5805 -0.8143
v 0.7350 1.9711 -1.2100
vt 0.2761 0.9090
vn 0.0000 0.8063 -0.5915
v 0.9575 1.9711 -1.1748
vt 0.2761 0.9090
vn 0.1828 0.8063 -0.5625
v 1.0413 1.7000 -1.4325
vt 0.2761 0.8997
vn 0.2516 0.5805 -0.7744
f 1652/1652/1652 1653/1653/1653 1654/1654/1654 1655/1655/1655
v 0.7350 1.3586 -1.6550
vt 0.2761 0.8665
vn 0.0000 0.3045 -0.9525
v 0.7350 1.7000 -1.4810
vt 0.2761 0.8997
vn 0.0000 0.5805 -0.8143
v 1.0413 1.7000 -1.4325
vt 0.2761 0.8997
vn 0.2516 0.5805 -0.7744
v 1.0950 1.3586 -1.5980
vt 0.2761 0.8665
vn 0.2943 0.3045 -0.9059
f 1656/1656/1656 1657/1657/1657 1658/1658/1658 1659/1659/1659
v 1.0413 1.7000 -1.4325
vt 0.2761 0.8997
vn 0.2516 0.5805 -0.7744
v 0.9575 1.9711 -1.1748
vt 0.2761 0.9090
vn 0.1828 0.8063 -0.5625
v 1.1582 1.9711 -1.0725
vt 0.2761 0.9090
vn 0.3477 0.8063 -0.4785
v 1.3175 1.7000 -1.2918
vt 0.2761 0.8997
vn 0.4786 0.5805 -0.6588
f 1660/1660/1660 1661/1661/1661 1662/1662/1662 1663/1663/1663
v 1.0950 1.3586 -1.5980
vt 0.2761 0.8665
vn 0.2943 0.3045 -0.9059
v 1.0413 1.7000 -1.4325
vt 0.2761 0.8997
vn 0.2516 0.5805 -0.7744
v 1.3175 1.7000 -1.2918
vt 0.2761 0.8997
vn 0.4786 0.5805 -0.6588
v 1.4198 1.3586 -1.4325
vt 0.2761 0.8665
vn 0.5599 0.3045 -0.7706
f 1664/1664/1664 1665/1665/1665 1666/1666/1666 1667/1667/1667
v 1.1136 0.9800 -1.6550
vt 0.2761 0.8535
vn 0.3081 0.0779 -0.9482
v 1.0950 1.3586 -1.5980
vt 0.2761 0.8665
vn 0.2943 0.3045 -0.9059
v 1.4198 1.3586 -1.4325
vt 0.2761 0.8665
vn 0.5599 0.3045 -0.7706
v 1.4550 0.9800 -1.4810
vt 0.2761 0.8535
vn 0.5860 0.0779 -0.8066
f 1668/1668/1668 1669/1669/1669 1670/1670/1670 1671/1671/1671
v 1.4550 0.9800 -1.4810
vt 0.2761 0.8535
vn 0.5860 0.0779 -0.8066
v 1.4198 1.3586 -1.4325
vt 0.2761 0.8665
vn 0.5599 0.3045 -0.7706
v 1.6775 1.3586 -1.1748
vt 0.2761 0.8665
vn 0.7706 0.3045 -0.5599
v 1.7261 0.9800 -1.2100
vt 0.2761 0.8535
vn 0.8066 0.0779 -0.5860
f 1672/1672/1672 1673/1673/1673 1674/1674/1674 1675/1675/1675
v 1.3175 1.7000 -1.2918
vt 0.2761 0.8997
vn 0.4786 0.5805 -0.6588
v 1.1582 1.9711 -1.0725
vt 0.2761 0.9090
vn 0.3477 0.8063 -0.4785
v 1.3175 1.9711 -0.9132
vt 0.2761 0.9090
vn 0.4785 0.8063 -0.3477
v 1.5368 1.7000 -1.0725
vt 0.2761 0.8997
vn 0.6588 0.5805 -0.4786
f 1676/1676/1676 1677/1677/1677 1678/1678/1678 1679/1679/1679
v 1.4198 1.3586 -1.4325
vt 0.2761 0.8665
vn 0.5599 0.3045 -0.7706
v 1.3175 1.7000 -1.2918
vt 0.2761 0.8997
vn 0.4786 0.5805 -0.6588
v 1.5368 1.7000 -1.0725
vt 0.2761 0.8997
vn 0.6588 0.5805 -0.4786
v 1.6775 1.3586 -1.1748
vt 0.2761 0.8665
vn 0.7706 0.3045 -0.5599
f 1680/1680/1680 1681/1681/1681 1682/1682/1682 1683/1683/1683
v 1.6775 1.3586 -1.1748
vt 0.2761 0.8665
vn 0.7706 0.3045 -0.5599
v 1.5368 1.7000 -1.0725
vt 0.2761 0.8997
vn 0.6588 0.5805 -0.4786
v 1.6775 1.7000 -0.7963
vt 0.2761 0.8997
vn 0.7744 0.5805 -0.2516
v 1.8430 1.3586 -0.8500
vt 0.2761 0.8665
vn 0.9059 0.3045 -0.2943
f 1684/1684/1684 1685/1685/1685 1686/1686/1686 1687/1687/1687
v 1.7261 0.9800 -1.2100
vt 0.2761 0.8535
vn 0.8066 0.0779 -0.5860
v 1.6775 1.3586 -1.1748
vt 0.2761 0.8665
vn 0.7706 0.3045 -0.5599
v 1.8430 1.3586 -0.8500
vt 0.2761 0.8665
vn 0.9059 0.3045 -0.2943
v 1.9001 0.9800 -0.8685
vt 0.2761 0.8535
vn 0.9482 0.0779 -0.3081
f 1688/1688/1688 1689/1689/1689 1690/1690/1690 1691/1691/1691
v 1.5368 1.7000 -1.0725
vt 0.2761 0.8997
vn 0.6588 0.5805 -0.4786
v 1.3175 1.9711 -0.9132
vt 0.2761 0.9090
vn 0.4785 0.8063 -0.3477
v 1.4198 1.9711 -0.7125
vt 0.2761 0.9090
vn 0.5625 0.8063 -0.1828
v 1.6775 1.7000 -0.7963
vt 0.2761 0.8997
vn 0.7744 0.5805 -0.2516
f 1692/1692/1692 1693/1693/1693 1694/1694/1694 1695/1695/1695
v 1.8430 1.3586 -0.8500
vt 0.2761 0.8665
vn 0.9059 0.3045 -0.2943
v 1.6775 1.7000 -0.7963
vt 0.2761 0.8997
vn 0.7744 0.5805 -0.2516
v 1.7261 1.7000 -0.4900
vt 0.2761 0.8997
vn 0.8143 0.5805 -0.0000
v 1.9001 1.3586 -0.4900
vt 0.2761 0.8665
vn 0.9525 0.3045 0.0000
f 1696/1696/1696 1697/1697/1697 1698/1698/1698 1699/1699/1699
v 1.9001 0.9800 -0.8685
vt 0.2761 0.8535
vn 0.9482 0.0779 -0.3081
v 1.8430 1.3586 -0.8500
vt 0.2761 0.8665
vn 0.9059 0.3045 -0.2943
v 1.9001 1.3586 -0.4900
vt 0.2761 0.8665
vn 0.9525 0.3045 0.0000
v 1.9600 0.9800 -0.4900
vt 0.2761 0.8535
vn 0.9970 0.0779 -0.0000
f 1700/1700/1700 1701/1701/1701 1702/1702/1702 1703/1703/1703
v 1.6775 1.7000 -0.7963
vt 0.2761 0.8997
vn 0.7744 0.5805 -0.2516
v 1.4198 1.9711 -0.7125
vt 0.2761 0.9090
vn 0.5625 0.8063 -0.1828
v 1.4550 1.9711 -0.4900
vt 0.2761 0.9090
vn 0.5915 0.8063 -0.0000
v 1.7261 1.7000 -0.4900
vt 0.2761 0.8997
vn 0.8143 0.5805 -0.0000
f 1704/1704/1704 1705/1705/1705 1706/1706/1706 1707/1707/1707
v 1.7261 1.7000 -0.4900
vt 0.2761 0.8997
vn 0.8143 0.5805 -0.0000
v 1.4550 1.9711 -0.4900
vt 0.2761 0.9090
vn 0.5915 0.8063 -0.0000
v 1.4198 1.9711 -0.2675
vt 0.2761 0.9090
vn 0.5625 0.8063 0.1828
v 1.6775 1.7000 -0.1837
vt 0.2761 0.8997
vn 0.7744 0.5805 0.2516
f 1708/1708/1708 1709/1709/1709 1710/1710/1710 1711/1711/1711
v 1.9001 1.3586 -0.4900
vt 0.2761 0.8665
vn 0.9525 0.3045 0.0000
v 1.7261 1.7000 -0.4900
vt 0.2761 0.8997
vn 0.8143 0.5805 -0.0000
v 1.6775 1.7000 -0.1837
vt 0.2761 0.8997
vn 0.7744 0.5805 0.2516
v 1.8430 1.3586 -0.1300
vt 0.2761 0.8665
vn 0.9059 0.3045 0.2943
f 1712/1712/1712 1713/1713/1713 1714/1714/1714 1715/1715/1715
v 1.9600 0.9800 -0.4900
vt 0.2761 0.8535
vn 0.9970 0.0779 -0.0000
v 1.9001 1.3586 -0.4900
vt 0.2761 0.8665
vn 0.9525 0.3045 0.0000
v 1.8430 1.3586 -0.1300
vt 0.2761 0.8665
vn 0.9059 0.3045 0.2943
v 1.9001 0.9800 -0.1115
vt 0.2761 0.8535
vn 0.9482 0.0779 0.3081
f 1716/1716/1716 1717/1717/1717 1718/1718/1718 1719/1719/1719
v 1.6775 1.7000 -0.1837
vt 0.2761 0.8997
vn 0.7744 0.5805 0.2516
v 1.4198 1.9711 -0.2675
vt 0.2761 0.9090
vn 0.5625 0.8063 0.1828
v 1.3175 1.9711 -0.0668
vt 0.2761 0.9090
vn 0.4785 0.8063 0.3477
v 1.5368 1.7000 0.0925
vt 0.2761 0.8997
vn 0.6588 0.5805 0.4786
f 1720/1720/1720 1721/1721/1721 1722/1722/1722 1723/1723/1723
v 1.8430 1.3586 -0.1300
vt 0.2761 0.8665
vn 0.9059 0.3045 0.2943
v 1.6775 1.7000 -0.1837
vt 0.2761 0.8997
vn 0.7744 0.5805 0.2516
v 1.5368 1.7000 0.0925
vt 0.2761 0.8997
vn 0.6588 0.5805 0.4786
v 1.6775 1.3586 0.1948
vt 0.2761 0.8665
vn 0.7706 0.3045 0.5599
f 1724/1724/1724 1725/1725/1725 1726/1726/1726 1727/1727/1727
v 1.9001 0.9800 -0.1115
vt 0.2761 0.8535
vn 0.9482 0.0779 0.3081
v 1.8430 1.3586 -0.1300
vt 0.2761 0.8665
vn 0.9059 0.3045 0.2943
v 1.6775 1.3586 0.1948
vt 0.2761 0.8665
vn 0.7706 0.3045 0.5599
v 1.7261 0.9800 0.2300
vt 0.2761 0.8535
vn 0.8066 0.0779 0.5860
f 1728/1728/1728 1729/1729/1729 1730/1730/1730 1731/1731/1731
v 1.7261 0.9800 0.2300
vt 0.2761 0.8535
vn 0.8066 0.0779 0.5860
v 1.6775 1.3586 0.1948
vt 0.2761 0.8665
vn 0.7706 0.3045 0.5599
v 1.4198 1.3586 0.4525
vt 0.2761 0.8665
vn 0.5599 0.3045 0.7706
v 1.4550 0.9800 0.5010
vt 0.2761 0.8535
vn 0.5860 0.0779 0.8066
f 1732/1732/1732 1733/1733/1733 1734/1734/1734 1735/1735/1735
v 1.5368 1.7000 0.0925
vt 0.2761 0.8997
vn 0.6588 0.5805 0.4786
v 1.3175 1.9711 -0.0668
vt 0.2761 0.9090
vn 0.4785 0.8063 0.3477
v 1.1582 1.9711 0.0925
vt 0.2761 0.9090
vn 0.3477 0.8063 0.4785
v 1.3175 1.7000 0.3118
vt 0.2761 0.8997
vn 0.4786 0.5805 0.6588
f 1736/1736/1736 1737/1737/1737 1738/1738/1738 1739/1739/1739
v 1.6775 1.3586 0.1948
vt 0.2761 0.8665
vn 0.7706 0.3045 0.5599
v 1.5368 1.7000 0.0925
vt 0.2761 0.8997
vn 0.6588 0.5805 0.4786
v 1.3175 1.7000 0.3118
vt 0.2761 0.8997
vn 0.4786 0.5805 0.6588
v 1.4198 1.3586 0.4525
vt 0.2761 0.8665
vn 0.5599 0.3045 0.7706
f 1740/1740/1740 1741/1741/1741 1742/1742/1742 1743/1743/1743
v 1.4550 0.9800 0.5010
vt 0.2761 0.8535
vn 0.5860 0.0779 0.8066
v 1.4198 1.3586 0.4525
vt 0.2761 0.8665
vn 0.5599 0.3045 0.7706
v 1.0950 1.3586 0.6180
vt 0.2761 0.8665
vn 0.3406 0.3543 0.8709
v 1.1136 0.9800 0.6750
vt 0.2761 0.8535
vn 0.4526 0.0769 0.8884
f 1744/1744/1744 1745/1745/1745 1746/1746/1746 1747/1747/1747
v 1.3175 1.7000 0.3118
vt 0.2761 0.8997
vn 0.4786 0.5805 0.6588
v 1.1582 1.9711 0.0925
vt 0.2761 0.9090
vn 0.3477 0.8063 0.4785
v 0.9575 1.9711 0.1948
vt 0.2761 0.9090
vn 0.1828 0.8063 0.5625
v 1.0413 1.7000 0.4525
vt 0.2761 0.8997
vn 0.2516 0.5805 0.7744
f 1748/1748/1748 1749/1749/1749 1750/1750/1750 1751/1751/1751
v 1.4198 1.3586 0.4525
vt 0.2761 0.8665
vn 0.5599 0.3045 0.7706
v 1.3175 1.7000 0.3118
vt 0.2761 0.8997
vn 0.4786 0.5805 0.6588
v 1.0413 1.7000 0.4525
vt 0.2761 0.8997
vn 0.2516 0.5805 0.7744
v 1.0950 1.3586 0.6180
vt 0.2761 0.8665
vn 0.3406 0.3543 0.8709
f 1752/1752/1752 1753/1753/1753 1754/1754/1754 1755/1755/1755
v 1.0950 1.3586 0.6180
vt 0.2761 0.8665
vn 0.3406 0.3543 0.8709
v 1.0413 1.7000 0.4525
vt 0.2761 0.8997
vn 0.2516 0.5805 0.7744
v 0.7350 1.7000 0.5010
vt 0.2761 0.8997
vn 0.0000 0.5805 0.8143
v 0.7350 1.3586 0.6750
vt 0.2761 0.8665
vn 0.0000 0.4540 0.8910
f 1756/1756/1756 1757/1757/1757 1758/1758/1758 1759/1759/1759
v 1.0413 1.7000 0.4525
vt 0.2761 0.8997
vn 0.2516 0.5805 0.7744
v 0.9575 1.9711 0.1948
vt 0.2761 0.9090
vn 0.1828 0.8063 0.5625
v 0.7350 1.9711 0.2300
vt 0.2761 0.9090
vn 0.0000 0.8063 0.5915
v 0.7350 1.7000 0.5010
vt 0.2761 0.8997
vn 0.0000 0.5805 0.8143
f 1760/1760/1760 1761/1761/1761 1762/1762/1762 1763/1763/1763
v 0.7350 1.3586 0.6750
vt 0.2761 0.8665
vn 0.0000 0.4540 0.8910
v 0.7350 1.7000 0.5010
vt 0.2761 0.8997
vn 0.0000 0.5805 0.8143
v 0.4288 1.7000 0.4525
vt 0.2761 0.8997
vn -0.2516 0.5805 0.7744
v 0.3750 1.3586 0.6180
vt 0.2761 0.8665
vn -0.3406 0.3543 0.8709
f 1764/1764/1764 1765/1765/1765 1766/1766/1766 1767/1767/1767
v 0.7350 1.7000 0.5010
vt 0.2761 0.8997
vn 0.0000 0.5805 0.8143
v 0.7350 1.9711 0.2300
vt 0.2761 0.9090
vn 0.0000 0.8063 0.5915
v 0.5125 1.9711 0.1948
vt 0.2761 0.9090
vn -0.1828 0.8063 0.5625
v 0.4288 1.7000 0.4525
vt 0.2761 0.8997
vn -0.2516 0.5805 0.7744
f 1768/1768/1768 1769/1769/1769 1770/1770/1770 1771/1771/1771
v 0.4288 1.7000 0.4525
vt 0.2761 0.8997
vn -0.2516 0.5805 0.7744
v 0.5125 1.9711 0.1948
vt 0.2761 0.9090
vn -0.1828 0.8063 0.5625
v 0.3118 1.9711 0.0925
vt 0.2761 0.9090
vn -0.3477 0.8063 0.4785
v 0.1525 1.7000 0.3118
vt 0.2761 0.8997
vn -0.4786 0.5805 0.6588
f 1772/1772/1772 1773/1773/1773 1774/1774/1774 1775/1775/1775
v 0.3750 1.3586 0.6180
vt 0.2761 0.8665
vn -0.3406 0.3543 0.8709
v 0.4288 1.7000 0.4525
vt 0.2761 0.8997
vn -0.2516 0.5805 0.7744
v 0.1525 1.7000 0.3118
vt 0.2761 0.8997
vn -0.4786 0.5805 0.6588
v 0.0502 1.3586 0.4525
vt 0.2761 0.8665
vn -0.5599 0.3045 0.7706
f 1776/1776/1776 1777/1777/1777 1778/1778/1778 1779/1779/1779
v 0.3565 0.9800 0.6750
vt 0.2761 0.8535
vn -0.4526 0.0769 0.8884
v 0.3750 1.3586 0.6180
vt 0.2761 0.8665
vn -0.3406 0.3543 0.8709
v 0.0502 1.3586 0.4525
vt 0.2761 0.8665
vn -0.5599 0.3045 0.7706
v 0.0150 0.9800 0.5010
vt 0.2761 0.8535
vn -0.5860 0.0779 0.8066
f 1780/1780/1780 1781/1781/1781 1782/1782/1782 1783/1783/1783
v 0.1525 1.7000 0.3118
vt 0.2761 0.8997
vn -0.4786 0.5805 0.6588
v 0.3118 1.9711 0.0925
vt 0.2761 0.9090
vn -0.3477 0.8063 0.4785
v 0.1525 1.9711 -0.0668
vt 0.2761 0.9090
vn -0.4785 0.8063 0.3477
v -0.0668 1.7000 0.0925
vt 0.2761 0.8997
vn -0.6588 0.5805 0.4786
f 1784/1784/1784 1785/1785/1785 1786/1786/1786 1787/1787/1787
v 0.0502 1.3586 0.4525
vt 0.2761 0.8665
vn -0.5599 0.3045 0.7706
v 0.1525 1.7000 0.3118
vt 0.2761 0.8997
vn -0.4786 0.5805 0.6588
v -0.0668 1.7000 0.0925
vt 0.2761 0.8997
vn -0.6588 0.5805 0.4786
v -0.2075 1.3586 0.1948
vt 0.2761 0.8665
vn -0.7706 0.3045 0.5599
f 1788/1788/1788 1789/1789/1789 1790/1790/1790 1791/1791/1791
v 0.0150 0.9800 0.5010
vt 0.2761 0.8535
vn -0.5860 0.0779 0.8066
v 0.0502 1.3586 0.4525
vt 0.2761 0.8665
vn -0.5599 0.3045 0.7706
v -0.2075 1.3586 0.1948
vt 0.2761 0.8665
vn -0.7706 0.3045 0.5599
v -0.2560 0.9800 0.2300
vt 0.2761 0.8535
vn -0.8066 0.0779 0.5860
f 1792/1792/1792 1793/1793/1793 1794/1794/1794 1795/1795/1795
v -0.2560 0.9800 0.2300
vt 0.2761 0.8535
vn -0.8066 0.0779 0.5860
v -0.2075 1.3586 0.1948
vt 0.2761 0.8665
vn -0.7706 0.3045 0.5599
v -0.3730 1.3586 -0.1300
vt 0.2761 0.8665
vn -0.9059 0.3045 0.2943
v -0.4300 0.9800 -0.1115
vt 0.2761 0.8535
vn -0.9482 0.0779 0.3081
f 1796/1796/1796 1797/1797/1797 1798/1798/1798 1799/1799/1799
v -0.0668 1.7000 0.0925
vt 0.2761 0.8997
vn -0.6588 0.5805 0.4786
v 0.1525 1.9711 -0.0668
vt 0.2761 0.9090
vn -0.4785 0.8063 0.3477
v 0.0502 1.9711 -0.2675
vt 0.2761 0.9090
vn -0.5625 0.8063 0.1828
v -0.2075 1.7000 -0.1837
vt 0.2761 0.8997
vn -0.7744 0.5805 0.2516
f 1800/1800/1800 1801/1801/1801 1802/1802/1802 1803/1803/1803
v -0.2075 1.3586 0.1948
vt 0.2761 0.8665
vn -0.7706 0.3045 0.5599
v -0.0668 1.7000 0.0925
vt 0.2761 0.8997
vn -0.6588 0.5805 0.4786
v -0.2075 1.7000 -0.1837
vt 0.2761 0.8997
vn -0.7744 0.5805 0.2516
v -0.3730 1.3586 -0.1300
vt 0.2761 0.8665
vn -0.9059 0.3045 0.2943
f 1804/1804/1804 1805/1805/1805 1806/1806/1806 1807/1807/1807
v -0.4300 0.9800 -0.1115
vt 0.2761 0.8535
vn -0.9482 0.0779 0.3081
v -0.3730 1.3586 -0.1300
vt 0.2761 0.8665
vn -0.9059 0.3045 0.2943
v -0.4300 1.3586 -0.4900
vt 0.2761 0.8665
vn -0.9525 0.3045 0.0000
v -0.4900 0.9800 -0.4900
vt 0.2761 0.8535
vn -0.9970 0.0779 0.0000
f 1808/1808/1808 1809/1809/1809 1810/1810/1810 1811/1811/1811
v -0.2075 1.7000 -0.1837
vt 0.2761 0.8997
vn -0.7744 0.5805 0.2516
v 0.0502 1.9711 -0.2675
vt 0.2761 0.9090
vn -0.5625 0.8063 0.1828
v 0.0150 1.9711 -0.4900
vt 0.2761 0.9090
vn -0.5915 0.8063 0.0000
v -0.2560 1.7000 -0.4900
vt 0.2761 0.8997
vn -0.8143 0.5805 0.0000
f 1812/1812/1812 1813/1813/1813 1814/1814/1814 1815/1815/1815
v -0.3730 1.3586 -0.1300
vt 0.2761 0.8665
vn -0.9059 0.3045 0.2943
v -0.2075 1.7000 -0.1837
vt 0.2761 0.8997
vn -0.7744 0.5805 0.2516
v -0.2560 1.7000 -0.4900
vt 0.2761 0.8997
vn -0.8143 0.5805 0.0000
v -0.4300 1.3586 -0.4900
vt 0.2761 0.8665
vn -0.9525 0.3045 0.0000
f 1816/1816/1816 1817/1817/1817 1818/1818/1818 1819/1819/1819
v -0.4300 1.3586 -0.4900
vt 0.2761 0.8665
vn -0.9525 0.3045 0.0000
v -0.2560 1.7000 -0.4900
vt 0.2761 0.8997
vn -0.8143 0.5805 0.0000
v -0.2075 1.7000 -0.7963
vt 0.2761 0.8997
vn -0.7744 0.5805 -0.2516
v -0.3730 1.3586 -0.8500
vt 0.2761 0.8665
vn -0.9059 0.3045 -0.2943
f 1820/1820/1820 1821/1821/1821 1822/1822/1822 1823/1823/1823
v -0.4900 0.9800 -0.4900
vt 0.2761 0.8535
vn -0.9970 0.0779 0.0000
v -0.4300 1.3586 -0.4900
vt 0.2761 0.8665
vn -0.9525 0.3045 0.0000
v -0.3730 1.3586 -0.8500
vt 0.2761 0.8665
vn -0.9059 0.3045 -0.2943
v -0.4300 0.9800 -0.8685
vt 0.2761 0.8535
vn -0.9482 0.0779 -0.3081
f 1824/1824/1824 1825/1825/1825 1826/1826/1826 1827/1827/1827
v -0.2560 1.7000 -0.4900
vt 0.2761 0.8997
vn -0.8143 0.5805 0.0000
v 0.0150 1.9711 -0.4900
vt 0.2761 0.9090
vn -0.5915 0.8063 0.0000
v 0.0502 1.9711 -0.7125
vt 0.2761 0.9090
vn -0.5625 0.8063 -0.1828
v -0.2075 1.7000 -0.7963
vt 0.2761 0.8997
vn -0.7744 0.5805 -0.2516
f 1828/1828/1828 1829/1829/1829 1830/1830/1830 1831/1831/1831
v -0.2075 1.7000 -0.7963
vt 0.2761 0.8997
vn -0.7744 0.5805 -0.2516
v 0.0502 1.9711 -0.7125
vt 0.2761 0.9090
vn -0.5625 0.8063 -0.1828
v 0.1525 1.9711 -0.9132
vt 0.2761 0.9090
vn -0.4785 0.8063 -0.3477
v -0.0668 1.7000 -1.0725
vt 0.2761 0.8997
vn -0.6588 0.5805 -0.4786
f 1832/1832/1832 1833/1833/1833 1834/1834/1834 1835/1835/1835
v -0.3730 1.3586 -0.8500
vt 0.2761 0.8665
vn -0.9059 0.3045 -0.2943
v -0.2075 1.7000 -0.7963
vt 0.2761 0.8997
vn -0.7744 0.5805 -0.2516
v -0.0668 1.7000 -1.0725
vt 0.2761 0.8997
vn -0.6588 0.5805 -0.4786
v -0.2075 1.3586 -1.1748
vt 0.2761 0.8665
vn -0.7706 0.3045 -0.5599
f 1836/1836/1836 1837/1837/1837 1838/1838/1838 1839/1839/1839
v -0.4300 0.9800 -0.8685
vt 0.2761 0.8535
vn -0.9482 0.0779 -0.3081
v -0.3730 1.3586 -0.8500
vt 0.2761 0.8665
vn -0.9059 0.3045 -0.2943
v -0.2075 1.3586 -1.1748
vt 0.2761 0.8665
vn -0.7706 0.3045 -0.5599
v -0.2560 0.9800 -1.2100
vt 0.2761 0.8535
vn -0.8066 0.0779 -0.5860
f 1840/1840/1840 1841/1841/1841 1842/1842/1842 1843/1843/1843
v -0.0668 1.7000 -1.0725
vt 0.2761 0.8997
vn -0.6588 0.5805 -0.4786
v 0.1525 1.9711 -0.9132
vt 0.2761 0.9090
vn -0.4785 0.8063 -0.3477
v 0.3118 1.9711 -1.0725
vt 0.2761 0.9090
vn -0.3477 0.8063 -0.4785
v 0.1525 1.7000 -1.2918
vt 0.2761 0.8997
vn -0.4786 0.5805 -0.6588
f 1844/1844/1844 1845/1845/1845 1846/1846/1846 1847/1847/1847
v -0.2075 1.3586 -1.1748
vt 0.2761 0.8665
vn -0.7706 0.3045 -0.5599
v -0.0668 1.7000 -1.0725
vt 0.2761 0.8997
vn -0.6588 0.5805 -0.4786
v 0.1525 1.7000 -1.2918
vt 0.2761 0.8997
vn -0.4786 0.5805 -0.6588
v 0.0502 1.3586 -1.4325
vt 0.2761 0.8665
vn -0.5599 0.3045 -0.7706
f 1848/1848/1848 1849/1849/1849 1850/1850/1850 1851/1851/1851
v -0.2560 0.9800 -1.2100
vt 0.2761 0.8535
vn -0.8066 0.0779 -0.5860
v -0.2075 1.3586 -1.1748
vt 0.2761 0.8665
vn -0.7706 0.3045 -0.5599
v 0.0502 1.3586 -1.4325
vt 0.2761 0.8665
vn -0.5599 0.3045 -0.7706
v 0.0150 0.9800 -1.4810
vt 0.2761 0.8535
vn -0.5860 0.0779 -0.8066
f 1852/1852/1852 1853/1853/1853 1854/1854/1854 1855/1855/1855
v 0.1525 1.7000 -1.2918
vt 0.2761 0.8997
vn -0.4786 0.5805 -0.6588
v 0.3118 1.9711 -1.0725
vt 0.2761 0.9090
vn -0.3477 0.8063 -0.4785
v 0.5125 1.9711 -1.1748
vt 0.2761 0.9090
vn -0.1828 0.8063 -0.5625
v 0.4288 1.7000 -1.4325
vt 0.2761 0.8997
vn -0.2516 0.5805 -0.7744
f 1856/1856/1856 1857/1857/1857 1858/1858/1858 1859/1859/1859
v 0.0502 1.3586 -1.4325
vt 0.2761 0.8665
vn -0.5599 0.3045 -0.7706
v 0.1525 1.7000 -1.2918
vt 0.2761 0.8997
vn -0.4786 0.5805 -0.6588
v 0.4288 1.7000 -1.4325
vt 0.2761 0.8997
vn -0.2516 0.5805 -0.7744
v 0.3750 1.3586 -1.5980
vt 0.2761 0.8665
vn -0.2943 0.3045 -0.9059
f 1860/1860/1860 1861/1861/1861 1862/1862/1862 1863/1863/1863
v 0.0150 0.9800 -1.4810
vt 0.2761 0.8535
vn -0.5860 0.0779 -0.8066
v 0.0502 1.3586 -1.4325
vt 0.2761 0.8665
vn -0.5599 0.3045 -0.7706
v 0.3750 1.3586 -1.5980
vt 0.2761 0.8665
vn -0.2943 0.3045 -0.9059
v 0.3565 0.9800 -1.6550
vt 0.2761 0.8535
vn -0.3081 0.0779 -0.9482
f 1864/1864/1864 1865/1865/1865 1866/1866/1866 1867/1867/1867
v 0.3565 0.9800 -1.6550
vt 0.2761 0.8535
vn -0.3081 0.0779 -0.9482
v 0.3750 1.3586 -1.5980
vt 0.2761 0.8665
vn -0.2943 0.3045 -0.9059
v 0.7350 1.3586 -1.6550
vt 0.2761 0.8665
vn 0.0000 0.3045 -0.9525
v 0.7350 0.9800 -1.7150
vt 0.2761 0.8535
vn 0.0000 0.0779 -0.9970
f 1868/1868/1868 1869/1869/1869 1870/1870/1870 1871/1871/1871
v 0.4288 1.7000 -1.4325
vt 0.2761 0.8997
vn -0.2516 0.5805 -0.7744
v 0.5125 1.9711 -1.1748
vt 0.2761 0.9090
vn -0.1828 0.8063 -0.5625
v 0.7350 1.9711 -1.2100
vt 0.2761 0.9090
vn 0.0000 0.8063 -0.5915
v 0.7350 1.7000 -1.4810
vt 0.2761 0.8997
vn 0.0000 0.5805 -0.8143
f 1872/1872/1872 1873/1873/1873 1874/1874/1874 1875/1875/1875
v 0.3750 1.3586 -1.5980
vt 0.2761 0.8665
vn -0.2943 0.3045 -0.9059
v 0.4288 1.7000 -1.4325
vt 0.2761 0.8997
vn -0.2516 0.5805 -0.7744
v 0.7350 1.7000 -1.4810
vt 0.2761 0.8997
vn 0.0000 0.5805 -0.8143
v 0.7350 1.3586 -1.6550
vt 0.2761 0.8665
vn 0.0000 0.3045 -0.9525
f 1876/1876/1876 1877/1877/1877 1878/1878/1878 1879/1879/1879
v 1.1893 0.6125 -1.8881
vt 0.2761 0.8625
vn 0.2172 0.7115 -0.6683
v 0.7350 0.6125 -1.9600
vt 0.2761 0.8625
vn 0.0000 0.7115 -0.7027
v 0.7350 0.7350 -1.8360
vt 0.2761 0.8667
vn 0.0000 0.7115 -0.7027
v 1.1509 0.7350 -1.7701
vt 0.2761 0.8667
vn 0.2172 0.7115 -0.6683
f 1880/1880/1880 1881/1881/1881 1882/1882/1882 1883/1883/1883
v 1.1509 0.7350 -1.7701
vt 0.2761 0.8667
vn 0.2172 0.7115 -0.6683
v 1.5262 0.7350 -1.5789
vt 0.2761 0.8667
vn 0.4130 0.7115 -0.5685
v 1.5991 0.6125 -1.6793
vt 0.2761 0.8625
vn 0.4130 0.7115 -0.5685
v 1.1893 0.6125 -1.8881
vt 0.2761 0.8625
vn 0.2172 0.7115 -0.6683
f 1884/1884/1884 1885/1885/1885 1886/1886/1886 1887/1887/1887
v 1.9243 0.6125 -1.3540
vt 0.2761 0.8625
vn 0.5685 0.7115 -0.4130
v 1.5991 0.6125 -1.6793
vt 0.2761 0.8625
vn 0.4130 0.7115 -0.5685
v 1.5262 0.7350 -1.5789
vt 0.2761 0.8667
vn 0.4130 0.7115 -0.5685
v 1.8239 0.7350 -1.2811
vt 0.2761 0.8667
vn 0.5685 0.7115 -0.4130
f 1888/1888/1888 1889/1889/1889 1890/1890/1890 1891/1891/1891
v 2.1331 0.6125 -0.9443
vt 0.2761 0.8625
vn 0.6683 0.7115 -0.2171
v 1.9243 0.6125 -1.3540
vt 0.2761 0.8625
vn 0.5685 0.7115 -0.4130
v 1.8239 0.7350 -1.2811
vt 0.2761 0.8667
vn 0.5685 0.7115 -0.4130
v 2.0151 0.7350 -0.9059
vt 0.2761 0.8667
vn 0.6683 0.7115 -0.2171
f 1892/1892/1892 1893/1893/1893 1894/1894/1894 1895/1895/1895
v 2.2050 0.6125 -0.4900
vt 0.2761 0.8625
vn 0.7027 0.7115 0.0000
v 2.1331 0.6125 -0.9443
vt 0.2761 0.8625
vn 0.6683 0.7115 -0.2171
v 2.0151 0.7350 -0.9059
vt 0.2761 0.8667
vn 0.6683 0.7115 -0.2171
v 2.0810 0.7350 -0.4900
vt 0.2761 0.8667
vn 0.7027 0.7115 0.0000
f 1896/1896/1896 1897/1897/1897 1898/1898/1898 1899/1899/1899
v 2.1331 0.6125 -0.0357
vt 0.2761 0.8625
vn 0.6683 0.7115 0.2172
v 2.2050 0.6125 -0.4900
vt 0.2761 0.8625
vn 0.7027 0.7115 0.0000
v 2.0810 0.7350 -0.4900
vt 0.2761 0.8667
vn 0.7027 0.7115 0.0000
v 2.0151 0.7350 -0.0741
vt 0.2761 0.8667
vn 0.6683 0.7115 0.2172
f 1900/1900/1900 1901/1901/1901 1902/1902/1902 1903/1903/1903
v 2.0151 0.7350 -0.0741
vt 0.2761 0.8667
vn 0.6683 0.7115 0.2172
v 1.8239 0.7350 0.3011
vt 0.2761 0.8667
vn 0.5685 0.7115 0.4130
v 1.9243 0.6125 0.3740
vt 0.2761 0.8625
vn 0.5685 0.7115 0.4130
v 2.1331 0.6125 -0.0357
vt 0.2761 0.8625
vn 0.6683 0.7115 0.2172
f 1904/1904/1904 1905/1905/1905 1906/1906/1906 1907/1907/1907
v 1.5991 0.6125 0.6993
vt 0.2761 0.8625
vn 0.4130 0.7115 0.5685
v 1.9243 0.6125 0.3740
vt 0.2761 0.8625
vn 0.5685 0.7115 0.4130
v 1.8239 0.7350 0.3011
vt 0.2761 0.8667
vn 0.5685 0.7115 0.4130
v 1.5262 0.7350 0.5989
vt 0.2761 0.8667
vn 0.4130 0.7115 0.5685
f 1908/1908/1908 1909/1909/1909 1910/1910/1910 1911/1911/1911
v 1.1893 0.6125 0.9081
vt 0.2761 0.8625
vn 0.3210 0.7071 0.6300
v 1.5991 0.6125 0.6993
vt 0.2761 0.8625
vn 0.4130 0.7115 0.5685
v 1.5262 0.7350 0.5989
vt 0.2761 0.8667
vn 0.4130 0.7115 0.5685
v 1.1509 0.7350 0.7901
vt 0.2761 0.8667
vn 0.3210 0.7071 0.6300
f 1912/1912/1912 1913/1913/1913 1914/1914/1914 1915/1915/1915
v 0.3191 0.7350 0.7901
vt 0.2761 0.8667
vn -0.3210 0.7071 0.6300
v -0.0561 0.7350 0.5989
vt 0.2761 0.8667
vn -0.4130 0.7115 0.5685
v -0.1290 0.6125 0.6993
vt 0.2761 0.8625
vn -0.4130 0.7115 0.5685
v 0.2808 0.6125 0.9081
vt 0.2761 0.8625
vn -0.3210 0.7071 0.6300
f 1916/1916/1916 1917/1917/1917 1918/1918/1918 1919/1919/1919
v -0.0561 0.7350 0.5989
vt 0.2761 0.8667
vn -0.4130 0.7115 0.5685
v -0.3539 0.7350 0.3011
vt 0.2761 0.8667
vn -0.5685 0.7115 0.4130
v -0.4542 0.6125 0.3740
vt 0.2761 0.8625
vn -0.5685 0.7115 0.4130
v -0.1290 0.6125 0.6993
vt 0.2761 0.8625
vn -0.4130 0.7115 0.5685
f 1920/1920/1920 1921/1921/1921 1922/1922/1922 1923/1923/1923
v -0.6630 0.6125 -0.0357
vt 0.2761 0.8625
vn -0.6683 0.7115 0.2172
v -0.4542 0.6125 0.3740
vt 0.2761 0.8625
vn -0.5685 0.7115 0.4130
v -0.3539 0.7350 0.3011
vt 0.2761 0.8667
vn -0.5685 0.7115 0.4130
v -0.5451 0.7350 -0.0741
vt 0.2761 0.8667
vn -0.6683 0.7115 0.2172
f 1924/1924/1924 1925/1925/1925 1926/1926/1926 1927/1927/1927
v -0.7350 0.6125 -0.4900
vt 0.2761 0.8625
vn -0.7027 0.7115 0.0000
v -0.6630 0.6125 -0.0357
vt 0.2761 0.8625
vn -0.6683 0.7115 0.2172
v -0.5451 0.7350 -0.0741
vt 0.2761 0.8667
vn -0.6683 0.7115 0.2172
v -0.6110 0.7350 -0.4900
vt 0.2761 0.8667
vn -0.7027 0.7115 0.0000
f 1928/1928/1928 1929/1929/1929 1930/1930/1930 1931/1931/1931
v -0.6630 0.6125 -0.9443
vt 0.2761 0.8625
vn -0.6683 0.7115 -0.2172
v -0.7350 0.6125 -0.4900
vt 0.2761 0.8625
vn -0.7027 0.7115 0.0000
v -0.6110 0.7350 -0.4900
vt 0.2761 0.8667
vn -0.7027 0.7115 0.0000
v -0.5451 0.7350 -0.9059
vt 0.2761 0.8667
vn -0.6683 0.7115 -0.2172
f 1932/1932/1932 1933/1933/1933 1934/1934/1934 1935/1935/1935
v -0.4542 0.6125 -1.3540
vt 0.2761 0.8625
vn -0.5685 0.7115 -0.4130
v -0.6630 0.6125 -0.9443
vt 0.2761 0.8625
vn -0.6683 0.7115 -0.2172
v -0.5451 0.7350 -0.9059
vt 0.2761 0.8667
vn -0.6683 0.7115 -0.2172
v -0.3539 0.7350 -1.2811
vt 0.2761 0.8667
vn -0.5685 0.7115 -0.4130
f 1936/1936/1936 1937/1937/1937 1938/1938/1938 1939/1939/1939
v -0.3539 0.7350 -1.2811
vt 0.2761 0.8667
vn -0.5685 0.7115 -0.4130
v -0.0561 0.7350 -1.5789
vt 0.2761 0.8667
vn -0.4130 0.7115 -0.5685
v -0.1290 0.6125 -1.6793
vt 0.2761 0.8625
vn -0.4130 0.7115 -0.5685
v -0.4542 0.6125 -1.3540
vt 0.2761 0.8625
vn -0.5685 0.7115 -0.4130
f 1940/1940/1940 1941/1941/1941 1942/1942/1942 1943/1943/1943
v -0.0561 0.7350 -1.5789
vt 0.2761 0.8667
vn -0.4130 0.7115 -0.5685
v 0.3191 0.7350 -1.7701
vt 0.2761 0.8667
vn -0.2171 0.7115 -0.6683
v 0.2808 0.6125 -1.8881
vt 0.2761 0.8625
vn -0.2171 0.7115 -0.6683
v -0.1290 0.6125 -1.6793
vt 0.2761 0.8625
vn -0.4130 0.7115 -0.5685
f 1944/1944/1944 1945/1945/1945 1946/1946/1946 1947/1947/1947
v 0.7350 0.6125 -1.9600
vt 0.2761 0.8625
vn 0.0000 0.7115 -0.7027
v 0.2808 0.6125 -1.8881
vt 0.2761 0.8625
vn -0.2171 0.7115 -0.6683
v 0.3191 0.7350 -1.7701
vt 0.2761 0.8667
vn -0.2171 0.7115 -0.6683
v 0.7350 0.7350 -1.8360
vt 0.2761 0.8667
vn 0.0000 0.7115 -0.7027
f 1948/1948/1948 1949/1949/1949 1950/1950/1950 1951/1951/1951
v 0.7350 0.7350 -1.7150
vt 0.2761 0.8883
vn 0.0000 1.0000 0.0000
v 1.1136 0.7350 -1.6550
vt 0.2761 0.8883
vn 0.0000 1.0000 0.0000
v 1.1509 0.7350 -1.7701
vt 0.2761 0.8883
vn 0.0000 1.0000 0.0000
v 0.7350 0.7350 -1.8360
vt 0.2761 0.8883
vn 0.0000 1.0000 0.0000
f 1952/1952/1952 1953/1953/1953 1954/1954/1954 1955/1955/1955
v 0.9108 3.3814 -0.3142
vt 0.2761 0.8926
vn -0.7012 0.1292 -0.7012
v 0.9836 3.3814 -0.4900
vt 0.2761 0.8926
vn -0.9916 0.1292 0.0000
v 0.9580 3.1850 -0.4900
vt 0.2761 0.8858
vn -0.9916 0.1292 0.0000
v 0.8927 3.1850 -0.3323
vt 0.2761 0.8858
vn -0.7012 0.1292 -0.7012
f 1956/1956/1956 1957/1957/1957 1958/1958/1958 1959/1959/1959
v 0.7350 3.0625 -0.9800
vt 0.2761 0.9248
vn 0.0000 -0.3532 -0.9356
v 0.7350 3.3810 -0.9800
vt 0.2761 0.9357
vn 0.0000 0.0000 -1.0000
v 1.0815 3.3810 -0.8365
vt 0.2761 0.9357
vn 0.3827 0.0000 -0.9239
v 1.0815 3.0625 -0.8365
vt 0.2761 0.9248
vn 0.6615 -0.3532 -0.6615
f 1960/1960/1960 1961/1961/1961 1962/1962/1962 1963/1963/1963
v 0.5592 3.3814 -0.3142
vt 0.2761 0.8926
vn 0.7012 0.1291 -0.7012
v 0.7350 3.3814 -0.2414
vt 0.2761 0.8926
vn -0.0000 0.1292 -0.9916
v 0.7350 3.1850 -0.2670
vt 0.2761 0.8858
vn -0.0000 0.1292 -0.9916
v 0.5773 3.1850 -0.3323
vt 0.2761 0.8858
vn 0.7012 0.1291 -0.7012
f 1964/1964/1964 1965/1965/1965 1966/1966/1966 1967/1967/1967
v 0.4864 3.3814 -0.4900
vt 0.2761 0.8926
vn 0.9916 0.1291 -0.0000
v 0.5592 3.3814 -0.3142
vt 0.2761 0.8926
vn 0.7012 0.1291 -0.7012
v 0.5773 3.1850 -0.3323
vt 0.2761 0.8858
vn 0.7012 0.1291 -0.7012
v 0.5120 3.1850 -0.4900
vt 0.2761 0.8858
vn 0.9916 0.1291 -0.0000
f 1968/1968/1968 1969/1969/1969 1970/1970/1970 1971/1971/1971
v 0.5592 3.3814 -0.6658
vt 0.2761 0.8926
vn 0.7012 0.1291 0.7012
v 0.4864 3.3814 -0.4900
vt 0.2761 0.8926
vn 0.9916 0.1291 -0.0000
v 0.5120 3.1850 -0.4900
vt 0.2761 0.8858
vn 0.9916 0.1291 -0.0000
v 0.5773 3.1850 -0.6477
vt 0.2761 0.8858
vn 0.7012 0.1291 0.7012
f 1972/1972/1972 1973/1973/1973 1974/1974/1974 1975/1975/1975
v 0.5173 3.4300 -0.7077
vt 0.2761 0.9806
vn 0.0000 1.0000 0.0000
v 0.7350 3.4300 -0.7979
vt 0.2761 0.9806
vn 0.0000 1.0000 0.0000
v 0.7350 3.4300 -0.9270
vt 0.2761 0.9806
vn 0.0000 1.0000 0.0000
v 0.4260 3.4300 -0.7990
vt 0.2761 0.9806
vn 0.0000 1.0000 0.0000
f 1976/1976/1976 1977/1977/1977 1978/1978/1978 1979/1979/1979
v 0.9836 3.3814 -0.4900
vt 0.2761 0.8926
vn -0.9916 0.1292 0.0000
v 0.9108 3.3814 -0.6658
vt 0.2761 0.8926
vn -0.7012 0.1292 0.7012
v 0.8927 3.1850 -0.6477
vt 0.2761 0.8858
vn -0.7012 0.1292 0.7012
v 0.9580 3.1850 -0.4900
vt 0.2761 0.8858
vn -0.9916 0.1292 0.0000
f 1980/1980/1980 1981/1981/1981 1982/1982/1982 1983/1983/1983
v 0.9948 2.9400 -0.7499
vt 0.2761 0.9206
vn 0.6445 -0.4114 -0.6445
v 0.8455 2.1479 -0.8301
vt 0.2761 0.8935
vn 0.3142 -0.0012 -0.9494
v 0.7350 2.9400 -0.8575
vt 0.2761 0.9206
vn -0.0000 -0.4112 -0.9115
f 1984/1984/1984 1985/1985/1985 1986/1986/1986
v 0.4751 2.9400 -0.7499
vt 0.2761 0.8774
vn -0.6445 -0.4113 -0.6445
v 0.3885 3.0625 -0.8365
vt 0.2761 0.8816
vn -0.6615 -0.3531 -0.6616
v 0.7350 3.0625 -0.9800
vt 0.2761 0.8816
vn 0.0000 -0.3532 -0.9356
v 0.7350 2.9400 -0.8575
vt 0.2761 0.8774
vn -0.0000 -0.4112 -0.9115
f 1987/1987/1987 1988/1988/1988 1989/1989/1989 1990/1990/1990
v 0.3675 2.9400 -0.4900
vt 0.2761 0.8774
vn -0.9116 -0.4112 0.0000
v 0.2450 3.0625 -0.4900
vt 0.2761 0.8816
vn -0.9356 -0.3531 0.0000
v 0.3885 3.0625 -0.8365
vt 0.2761 0.8816
vn -0.6615 -0.3531 -0.6616
v 0.4751 2.9400 -0.7499
vt 0.2761 0.8774
vn -0.6445 -0.4113 -0.6445
f 1991/1991/1991 1992/1992/1992 1993/1993/1993 1994/1994/1994
v 0.4751 2.9400 -0.2301
vt 0.2761 0.8774
vn -0.6445 -0.4113 0.6445
v 0.3885 3.0625 -0.1435
vt 0.2761 0.8816
vn -0.6615 -0.3531 0.6616
v 0.2450 3.0625 -0.4900
vt 0.2761 0.8816
vn -0.9356 -0.3531 0.0000
v 0.3675 2.9400 -0.4900
vt 0.2761 0.8774
vn -0.9116 -0.4112 0.0000
f 1995/1995/1995 1996/1996/1996 1997/1997/1997 1998/1998/1998
v 0.7350 2.9400 -0.1225
vt 0.2761 0.8774
vn 0.0000 -0.4112 0.9115
v 0.7350 3.0625 0.0000
vt 0.2761 0.8816
vn 0.0000 -0.3532 0.9356
v 0.3885 3.0625 -0.1435
vt 0.2761 0.8816
vn -0.6615 -0.3531 0.6616
v 0.4751 2.9400 -0.2301
vt 0.2761 0.8774
vn -0.6445 -0.4113 0.6445
f 1999/1999/1999 2000/2000/2000 2001/2001/2001 2002/2002/2002
v 0.9948 2.9400 -0.2301
vt 0.2761 0.8774
vn 0.6445 -0.4114 0.6445
v 1.0815 3.0625 -0.1435
vt 0.2761 0.8816
vn 0.6615 -0.3532 0.6615
v 0.7350 3.0625 0.0000
vt 0.2761 0.8816
vn 0.0000 -0.3532 0.9356
v 0.7350 2.9400 -0.1225
vt 0.2761 0.8774
vn 0.0000 -0.4112 0.9115
f 2003/2003/2003 2004/2004/2004 2005/2005/2005 2006/2006/2006
v 1.1025 2.9400 -0.4900
vt 0.2761 0.8774
vn 0.9115 -0.4113 0.0000
v 1.2250 3.0625 -0.4900
vt 0.2761 0.8816
vn 0.9355 -0.3532 0.0000
v 1.0815 3.0625 -0.1435
vt 0.2761 0.8816
vn 0.6615 -0.3532 0.6615
v 0.9948 2.9400 -0.2301
vt 0.2761 0.8774
vn 0.6445 -0.4114 0.6445
f 2007/2007/2007 2008/2008/2008 2009/2009/2009 2010/2010/2010
v 0.9948 2.9400 -0.7499
vt 0.2761 0.8774
vn 0.6445 -0.4114 -0.6445
v 1.0815 3.0625 -0.8365
vt 0.2761 0.8816
vn 0.6615 -0.3532 -0.6615
v 1.2250 3.0625 -0.4900
vt 0.2761 0.8816
vn 0.9355 -0.3532 0.0000
v 1.1025 2.9400 -0.4900
vt 0.2761 0.8774
vn 0.9115 -0.4113 0.0000
f 2011/2011/2011 2012/2012/2012 2013/2013/2013 2014/2014/2014
v 0.7350 2.9400 -0.8575
vt 0.2761 0.8774
vn -0.0000 -0.4112 -0.9115
v 0.7350 3.0625 -0.9800
vt 0.2761 0.8816
vn 0.0000 -0.3532 -0.9356
v 1.0815 3.0625 -0.8365
vt 0.2761 0.8816
vn 0.6615 -0.3532 -0.6615
v 0.9948 2.9400 -0.7499
vt 0.2761 0.8774
vn 0.6445 -0.4114 -0.6445
f 2015/2015/2015 2016/2016/2016 2017/2017/2017 2018/2018/2018
v 1.0815 3.0625 -0.8365
vt 0.2761 0.9248
vn 0.6615 -0.3532 -0.6615
v 1.0815 3.3810 -0.8365
vt 0.2761 0.9357
vn 0.9239 0.0000 -0.3827
v 1.2250 3.3810 -0.4900
vt 0.2761 0.9357
vn 1.0000 0.0000 0.0000
v 1.2250 3.0625 -0.4900
vt 0.2761 0.9248
vn 0.9355 -0.3532 0.0000
f 2019/2019/2019 2020/2020/2020 2021/2021/2021 2022/2022/2022
v 0.3885 3.0625 -0.8365
vt 0.2761 0.9248
vn -0.6615 -0.3531 -0.6616
v 0.3885 3.3810 -0.8365
vt 0.2761 0.9357
vn -0.3827 0.0000 -0.9239
v 0.7350 3.3810 -0.9800
vt 0.2761 0.9357
vn 0.0000 0.0000 -1.0000
v 0.7350 3.0625 -0.9800
vt 0.2761 0.9248
vn 0.0000 -0.3532 -0.9356
f 2023/2023/2023 2024/2024/2024 2025/2025/2025 2026/2026/2026
v 1.2250 3.0625 -0.4900
vt 0.2761 0.9248
vn 0.9355 -0.3532 0.0000
v 1.2250 3.3810 -0.4900
vt 0.2761 0.9357
vn 1.0000 0.0000 0.0000
v 1.0815 3.3810 -0.1435
vt 0.2761 0.9357
vn 0.9239 -0.0000 0.3827
v 1.0815 3.0625 -0.1435
vt 0.2761 0.9248
vn 0.6615 -0.3532 0.6615
f 2027/2027/2027 2028/2028/2028 2029/2029/2029 2030/2030/2030
v 1.0815 3.0625 -0.1435
vt 0.2761 0.9248
vn 0.6615 -0.3532 0.6615
v 1.0815 3.3810 -0.1435
vt 0.2761 0.9357
vn 0.3827 -0.0000 0.9239
v 0.7350 3.3810 0.0000
vt 0.2761 0.9357
vn 0.0000 -0.0000 1.0000
v 0.7350 3.0625 0.0000
vt 0.2761 0.9248
vn 0.0000 -0.3532 0.9356
f 2031/2031/2031 2032/2032/2032 2033/2033/2033 2034/2034/2034
v 0.7350 3.0625 0.0000
vt 0.2761 0.9248
vn 0.0000 -0.3532 0.9356
v 0.7350 3.3810 0.0000
vt 0.2761 0.9357
vn 0.0000 -0.0000 1.0000
v 0.3885 3.3810 -0.1435
vt 0.2761 0.9357
vn -0.7071 -0.0000 0.7071
v 0.3885 3.0625 -0.1435
vt 0.2761 0.9248
vn -0.6615 -0.3531 0.6616
f 2035/2035/2035 2036/2036/2036 2037/2037/2037 2038/2038/2038
v 0.3885 3.0625 -0.1435
vt 0.2761 0.9248
vn -0.6615 -0.3531 0.6616
v 0.3885 3.3810 -0.1435
vt 0.2761 0.9357
vn -0.7071 -0.0000 0.7071
v 0.2450 3.3810 -0.4900
vt 0.2761 0.9357
vn -0.9239 0.0000 0.3827
v 0.2450 3.0625 -0.4900
vt 0.2761 0.9248
vn -0.9356 -0.3531 0.0000
f 2039/2039/2039 2040/2040/2040 2041/2041/2041 2042/2042/2042
v 0.2450 3.0625 -0.4900
vt 0.2761 0.9248
vn -0.9356 -0.3531 0.0000
v 0.2450 3.3810 -0.4900
vt 0.2761 0.9357
vn -0.9239 0.0000 -0.3827
v 0.3885 3.3810 -0.8365
vt 0.2761 0.9357
vn -0.9239 0.0000 -0.3827
v 0.3885 3.0625 -0.8365
vt 0.2761 0.9248
vn -0.6615 -0.3531 -0.6616
f 2043/2043/2043 2044/2044/2044 2045/2045/2045 2046/2046/2046
v 0.7350 3.3814 -0.2414
vt 0.2761 0.8926
vn -0.0000 0.1292 -0.9916
v 0.9108 3.3814 -0.3142
vt 0.2761 0.8926
vn -0.7012 0.1292 -0.7012
v 0.8927 3.1850 -0.3323
vt 0.2761 0.8858
vn -0.7012 0.1292 -0.7012
v 0.7350 3.1850 -0.2670
vt 0.2761 0.8858
vn -0.0000 0.1292 -0.9916
f 2047/2047/2047 2048/2048/2048 2049/2049/2049 2050/2050/2050
v 1.0815 3.3810 -0.8365
vt 0.2761 0.9573
vn 0.4798 0.7345 -0.4798
v 0.7350 3.3810 -0.9800
vt 0.2761 0.9573
vn -0.0000 0.7345 -0.6786
v 0.7350 3.4300 -0.9270
vt 0.2761 0.9590
vn -0.0000 0.7345 -0.6786
v 1.0440 3.4300 -0.7990
vt 0.2761 0.9590
vn 0.4798 0.7345 -0.4798
f 2051/2051/2051 2052/2052/2052 2053/2053/2053 2054/2054/2054
v 1.2250 3.3810 -0.4900
vt 0.2761 0.9573
vn 0.6786 0.7345 0.0000
v 1.0815 3.3810 -0.8365
vt 0.2761 0.9573
vn 0.4798 0.7345 -0.4798
v 1.0440 3.4300 -0.7990
vt 0.2761 0.9590
vn 0.4798 0.7345 -0.4798
v 1.1720 3.4300 -0.4900
vt 0.2761 0.9590
vn 0.6786 0.7345 0.0000
f 2055/2055/2055 2056/2056/2056 2057/2057/2057 2058/2058/2058
v 1.0815 3.3810 -0.1435
vt 0.2761 0.9573
vn 0.4798 0.7345 0.4798
v 1.2250 3.3810 -0.4900
vt 0.2761 0.9573
vn 0.6786 0.7345 0.0000
v 1.1720 3.4300 -0.4900
vt 0.2761 0.9590
vn 0.6786 0.7345 0.0000
v 1.0440 3.4300 -0.1810
vt 0.2761 0.9590
vn 0.4798 0.7345 0.4798
f 2059/2059/2059 2060/2060/2060 2061/2061/2061 2062/2062/2062
v 0.7350 3.3810 0.0000
vt 0.2761 0.9573
vn 0.0000 0.7345 0.6786
v 1.0815 3.3810 -0.1435
vt 0.2761 0.9573
vn 0.4798 0.7345 0.4798
v 1.0440 3.4300 -0.1810
vt 0.2761 0.9590
vn 0.4798 0.7345 0.4798
v 0.7350 3.4300 -0.0530
vt 0.2761 0.9590
vn 0.0000 0.7345 0.6786
f 2063/2063/2063 2064/2064/2064 2065/2065/2065 2066/2066/2066
v 0.3885 3.3810 -0.1435
vt 0.2761 0.9573
vn -0.4798 0.7345 0.4798
v 0.7350 3.3810 0.0000
vt 0.2761 0.9573
vn 0.0000 0.7345 0.6786
v 0.7350 3.4300 -0.0530
vt 0.2761 0.9590
vn 0.0000 0.7345 0.6786
v 0.4260 3.4300 -0.1810
vt 0.2761 0.9590
vn -0.4798 0.7345 0.4798
f 2067/2067/2067 2068/2068/2068 2069/2069/2069 2070/2070/2070
v 0.2450 3.3810 -0.4900
vt 0.2761 0.9573
vn -0.6786 0.7345 0.0000
v 0.3885 3.3810 -0.1435
vt 0.2761 0.9573
vn -0.4798 0.7345 0.4798
v 0.4260 3.4300 -0.1810
vt 0.2761 0.9590
vn -0.4798 0.7345 0.4798
v 0.2980 3.4300 -0.4900
vt 0.2761 0.9590
vn -0.6786 0.7345 0.0000
f 2071/2071/2071 2072/2072/2072 2073/2073/2073 2074/2074/2074
v 0.3885 3.3810 -0.8365
vt 0.2761 0.9573
vn -0.4798 0.7345 -0.4798
v 0.2450 3.3810 -0.4900
vt 0.2761 0.9573
vn -0.6786 0.7345 0.0000
v 0.2980 3.4300 -0.4900
vt 0.2761 0.9590
vn -0.6786 0.7345 0.0000
v 0.4260 3.4300 -0.7990
vt 0.2761 0.9590
vn -0.4798 0.7345 -0.4798
f 2075/2075/2075 2076/2076/2076 2077/2077/2077 2078/2078/2078
v 0.7350 3.3810 -0.9800
vt 0.2761 0.9573
vn -0.0000 0.7345 -0.6786
v 0.3885 3.3810 -0.8365
vt 0.2761 0.9573
vn -0.4798 0.7345 -0.4798
v 0.4260 3.4300 -0.7990
vt 0.2761 0.9590
vn -0.4798 0.7345 -0.4798
v 0.7350 3.4300 -0.9270
vt 0.2761 0.9590
vn -0.0000 0.7345 -0.6786
f 2079/2079/2079 2080/2080/2080 2081/2081/2081 2082/2082/2082
v 0.7350 3.3814 -0.7386
vt 0.2761 0.8926
vn 0.0000 0.1292 0.9916
v 0.5592 3.3814 -0.6658
vt 0.2761 0.8926
vn 0.7012 0.1291 0.7012
v 0.5773 3.1850 -0.6477
vt 0.2761 0.8858
vn 0.7012 0.1291 0.7012
v 0.7350 3.1850 -0.7130
vt 0.2761 0.8858
vn 0.0000 0.1292 0.9916
f 2083/2083/2083 2084/2084/2084 2085/2085/2085 2086/2086/2086
v 0.5173 3.4300 -0.2723
vt 0.2761 0.9806
vn 0.0000 1.0000 0.0000
v 0.4271 3.4300 -0.4900
vt 0.2761 0.9806
vn 0.0000 1.0000 0.0000
v 0.2980 3.4300 -0.4900
vt 0.2761 0.9806
vn 0.0000 1.0000 0.0000
v 0.4260 3.4300 -0.1810
vt 0.2761 0.9806
vn 0.0000 1.0000 0.0000
f 2087/2087/2087 2088/2088/2088 2089/2089/2089 2090/2090/2090
v 0.9528 3.4300 -0.2723
vt 0.2761 0.9806
vn 0.0000 1.0000 0.0000
v 0.7350 3.4300 -0.1821
vt 0.2761 0.9806
vn 0.0000 1.0000 0.0000
v 0.7350 3.4300 -0.0530
vt 0.2761 0.9806
vn 0.0000 1.0000 0.0000
v 1.0440 3.4300 -0.1810
vt 0.2761 0.9806
vn 0.0000 1.0000 0.0000
f 2091/2091/2091 2092/2092/2092 2093/2093/2093 2094/2094/2094
v 0.9528 3.4300 -0.7077
vt 0.2761 0.9806
vn 0.0000 1.0000 0.0000
v 1.0429 3.4300 -0.4900
vt 0.2761 0.9806
vn 0.0000 1.0000 0.0000
v 1.1720 3.4300 -0.4900
vt 0.2761 0.9806
vn 0.0000 1.0000 0.0000
v 1.0440 3.4300 -0.7990
vt 0.2761 0.9806
vn 0.0000 1.0000 0.0000
f 2095/2095/2095 2096/2096/2096 2097/2097/2097 2098/2098/2098
v 0.4271 3.4300 -0.4900
vt 0.2761 0.9806
vn 0.0000 1.0000 0.0000
v 0.5173 3.4300 -0.7077
vt 0.2761 0.9806
vn 0.0000 1.0000 0.0000
v 0.4260 3.4300 -0.7990
vt 0.2761 0.9806
vn 0.0000 1.0000 0.0000
v 0.2980 3.4300 -0.4900
vt 0.2761 0.9806
vn 0.0000 1.0000 0.0000
f 2099/2099/2099 2100/2100/2100 2101/2101/2101 2102/2102/2102
v 0.7350 3.4300 -0.1821
vt 0.2761 0.9806
vn 0.0000 1.0000 0.0000
v 0.5173 3.4300 -0.2723
vt 0.2761 0.9806
vn 0.0000 1.0000 0.0000
v 0.4260 3.4300 -0.1810
vt 0.2761 0.9806
vn 0.0000 1.0000 0.0000
v 0.7350 3.4300 -0.0530
vt 0.2761 0.9806
vn 0.0000 1.0000 0.0000
f 2103/2103/2103 2104/2104/2104 2105/2105/2105 2106/2106/2106
v 1.0429 3.4300 -0.4900
vt 0.2761 0.9806
vn 0.0000 1.0000 0.0000
v 0.9528 3.4300 -0.2723
vt 0.2761 0.9806
vn 0.0000 1.0000 0.0000
v 1.0440 3.4300 -0.1810
vt 0.2761 0.9806
vn 0.0000 1.0000 0.0000
v 1.1720 3.4300 -0.4900
vt 0.2761 0.9806
vn 0.0000 1.0000 0.0000
f 2107/2107/2107 2108/2108/2108 2109/2109/2109 2110/2110/2110
v 0.7350 3.4300 -0.7979
vt 0.2761 0.9806
vn 0.0000 1.0000 0.0000
v 0.9528 3.4300 -0.7077
vt 0.2761 0.9806
vn 0.0000 1.0000 0.0000
v 1.0440 3.4300 -0.7990
vt 0.2761 0.9806
vn 0.0000 1.0000 0.0000
v 0.7350 3.4300 -0.9270
vt 0.2761 0.9806
vn 0.0000 1.0000 0.0000
f 2111/2111/2111 2112/2112/2112 2113/2113/2113 2114/2114/2114
v 0.7350 3.1850 -0.4900
vt 0.5457 0.0921
vn 0.0000 1.0000 0.0000
v 0.8927 3.1850 -0.6477
vt 0.5501 0.0921
vn 0.0000 1.0000 0.0000
v 0.7350 3.1850 -0.7130
vt 0.5457 0.0921
vn 0.0000 1.0000 0.0000
f 2115/2115/2115 2116/2116/2116 2117/2117/2117
v 0.7350 3.1850 -0.4900
vt 0.5457 0.0921
vn 0.0000 1.0000 0.0000
v 0.9580 3.1850 -0.4900
vt 0.5519 0.0921
vn 0.0000 1.0000 0.0000
v 0.8927 3.1850 -0.6477
vt 0.5501 0.0921
vn 0.0000 1.0000 0.0000
f 2118/2118/2118 2119/2119/2119 2120/2120/2120
v 0.7350 3.1850 -0.4900
vt 0.5457 0.0921
vn 0.0000 1.0000 0.0000
v 0.8927 3.1850 -0.3323
vt 0.5501 0.0921
vn 0.0000 1.0000 0.0000
v 0.9580 3.1850 -0.4900
vt 0.5519 0.0921
vn 0.0000 1.0000 0.0000
f 2121/2121/2121 2122/2122/2122 2123/2123/2123
v 0.7350 3.1850 -0.4900
vt 0.5457 0.0921
vn 0.0000 1.0000 0.0000
v 0.7350 3.1850 -0.2670
vt 0.5457 0.0921
vn 0.0000 1.0000 0.0000
v 0.8927 3.1850 -0.3323
vt 0.5501 0.0921
vn 0.0000 1.0000 0.0000
f 2124/2124/2124 2125/2125/2125 2126/2126/2126
v 0.7350 3.1850 -0.4900
vt 0.5457 0.0921
vn 0.0000 1.0000 0.0000
v 0.5773 3.1850 -0.3323
vt 0.5413 0.0921
vn 0.0000 1.0000 0.0000
v 0.7350 3.1850 -0.2670
vt 0.5457 0.0921
vn 0.0000 1.0000 0.0000
f 2127/2127/2127 2128/2128/2128 2129/2129/2129
v 0.7350 3.1850 -0.4900
vt 0.5457 0.0921
vn 0.0000 1.0000 0.0000
v 0.5120 3.1850 -0.4900
vt 0.5394 0.0921
vn 0.0000 1.0000 0.0000
v 0.5773 3.1850 -0.3323
vt 0.5413 0.0921
vn 0.0000 1.0000 0.0000
f 2130/2130/2130 2131/2131/2131 2132/2132/2132
v 0.7350 3.1850 -0.4900
vt 0.5457 0.0921
vn 0.0000 1.0000 0.0000
v 0.5773 3.1850 -0.6477
vt 0.5413 0.0921
vn 0.0000 1.0000 0.0000
v 0.5120 3.1850 -0.4900
vt 0.5394 0.0921
vn 0.0000 1.0000 0.0000
f 2133/2133/2133 2134/2134/2134 2135/2135/2135
v 0.7350 3.1850 -0.4900
vt 0.5457 0.0921
vn 0.0000 1.0000 0.0000
v 0.7350 3.1850 -0.7130
vt 0.5457 0.0921
vn 0.0000 1.0000 0.0000
v 0.5773 3.1850 -0.6477
vt 0.5413 0.0921
vn 0.0000 1.0000 0.0000
f 2136/2136/2136 2137/2137/2137 2138/2138/2138
v 0.9948 2.9400 -0.7499
vt 0.2761 0.9206
vn 0.6445 -0.4114 -0.6445
v 1.0243 2.1479 -0.7002
vt 0.2761 0.8935
vn 0.8132 -0.0062 -0.5819
v 0.9452 2.1479 -0.7793
vt 0.2761 0.8935
vn 0.5819 -0.0062 -0.8132
f 2139/2139/2139 2140/2140/2140 2141/2141/2141
v 0.9948 2.9400 -0.7499
vt 0.2761 0.9206
vn 0.6445 -0.4114 -0.6445
v 1.0751 2.1479 -0.6005
vt 0.2761 0.8935
vn 0.9494 -0.0012 -0.3142
v 1.0243 2.1479 -0.7002
vt 0.2761 0.8935
vn 0.8132 -0.0062 -0.5819
f 2142/2142/2142 2143/2143/2143 2144/2144/2144
v 1.1025 2.9400 -0.4900
vt 0.2761 0.9206
vn 0.9115 -0.4113 0.0000
v 1.0751 2.1479 -0.6005
vt 0.2761 0.8935
vn 0.9494 -0.0012 -0.3142
v 0.9948 2.9400 -0.7499
vt 0.2761 0.9206
vn 0.6445 -0.4114 -0.6445
f 2145/2145/2145 2146/2146/2146 2147/2147/2147
v 1.1025 2.9400 -0.4900
vt 0.2761 0.9206
vn 0.9115 -0.4113 0.0000
v 1.0751 2.1479 -0.3795
vt 0.2761 0.8935
vn 0.9494 -0.0012 0.3142
v 1.0926 2.1479 -0.4900
vt 0.2761 0.8935
vn 0.9999 -0.0125 -0.0000
f 2148/2148/2148 2149/2149/2149 2150/2150/2150
v 0.9948 2.9400 -0.2301
vt 0.2761 0.9206
vn 0.6445 -0.4114 0.6445
v 1.0751 2.1479 -0.3795
vt 0.2761 0.8935
vn 0.9494 -0.0012 0.3142
v 1.1025 2.9400 -0.4900
vt 0.2761 0.9206
vn 0.9115 -0.4113 0.0000
f 2151/2151/2151 2152/2152/2152 2153/2153/2153
v 0.9948 2.9400 -0.2301
vt 0.2761 0.9206
vn 0.6445 -0.4114 0.6445
v 0.9452 2.1479 -0.2007
vt 0.2761 0.8935
vn 0.5819 -0.0062 0.8132
v 1.0243 2.1479 -0.2798
vt 0.2761 0.8935
vn 0.8132 -0.0062 0.5819
f 2154/2154/2154 2155/2155/2155 2156/2156/2156
v 0.9948 2.9400 -0.2301
vt 0.2761 0.9206
vn 0.6445 -0.4114 0.6445
v 0.8455 2.1479 -0.1499
vt 0.2761 0.8935
vn 0.3142 -0.0012 0.9494
v 0.9452 2.1479 -0.2007
vt 0.2761 0.8935
vn 0.5819 -0.0062 0.8132
f 2157/2157/2157 2158/2158/2158 2159/2159/2159
v 0.7350 2.9400 -0.1225
vt 0.2761 0.9206
vn 0.0000 -0.4112 0.9115
v 0.8455 2.1479 -0.1499
vt 0.2761 0.8935
vn 0.3142 -0.0012 0.9494
v 0.9948 2.9400 -0.2301
vt 0.2761 0.9206
vn 0.6445 -0.4114 0.6445
f 2160/2160/2160 2161/2161/2161 2162/2162/2162
v 0.7350 2.9400 -0.1225
vt 0.2761 0.9206
vn 0.0000 -0.4112 0.9115
v 0.6245 2.1479 -0.1499
vt 0.2761 0.8935
vn -0.3142 -0.0012 0.9494
v 0.7350 2.1479 -0.1324
vt 0.2761 0.8935
vn 0.0000 -0.0125 0.9999
f 2163/2163/2163 2164/2164/2164 2165/2165/2165
v 0.4751 2.9400 -0.2301
vt 0.2761 0.9206
vn -0.6445 -0.4113 0.6445
v 0.6245 2.1479 -0.1499
vt 0.2761 0.8935
vn -0.3142 -0.0012 0.9494
v 0.7350 2.9400 -0.1225
vt 0.2761 0.9206
vn 0.0000 -0.4112 0.9115
f 2166/2166/2166 2167/2167/2167 2168/2168/2168
v 0.4751 2.9400 -0.2301
vt 0.2761 0.9206
vn -0.6445 -0.4113 0.6445
v 0.4457 2.1479 -0.2798
vt 0.2761 0.8935
vn -0.8132 -0.0063 0.5819
v 0.5248 2.1479 -0.2007
vt 0.2761 0.8935
vn -0.5819 -0.0063 0.8132
f 2169/2169/2169 2170/2170/2170 2171/2171/2171
v 0.4751 2.9400 -0.2301
vt 0.2761 0.9206
vn -0.6445 -0.4113 0.6445
v 0.3949 2.1479 -0.3795
vt 0.2761 0.8935
vn -0.9494 -0.0012 0.3142
v 0.4457 2.1479 -0.2798
vt 0.2761 0.8935
vn -0.8132 -0.0063 0.5819
f 2172/2172/2172 2173/2173/2173 2174/2174/2174
v 0.3675 2.9400 -0.4900
vt 0.2761 0.9206
vn -0.9116 -0.4112 0.0000
v 0.3949 2.1479 -0.3795
vt 0.2761 0.8935
vn -0.9494 -0.0012 0.3142
v 0.4751 2.9400 -0.2301
vt 0.2761 0.9206
vn -0.6445 -0.4113 0.6445
f 2175/2175/2175 2176/2176/2176 2177/2177/2177
v 0.3675 2.9400 -0.4900
vt 0.2761 0.9206
vn -0.9116 -0.4112 0.0000
v 0.3949 2.1479 -0.6005
vt 0.2761 0.8935
vn -0.9494 -0.0012 -0.3142
v 0.3774 2.1479 -0.4900
vt 0.2761 0.8935
vn -0.9999 -0.0125 0.0000
f 2178/2178/2178 2179/2179/2179 2180/2180/2180
v 0.4751 2.9400 -0.7499
vt 0.2761 0.9206
vn -0.6445 -0.4113 -0.6445
v 0.3949 2.1479 -0.6005
vt 0.2761 0.8935
vn -0.9494 -0.0012 -0.3142
v 0.3675 2.9400 -0.4900
vt 0.2761 0.9206
vn -0.9116 -0.4112 0.0000
f 2181/2181/2181 2182/2182/2182 2183/2183/2183
v 0.4751 2.9400 -0.7499
vt 0.2761 0.9206
vn -0.6445 -0.4113 -0.6445
v 0.5248 2.1479 -0.7793
vt 0.2761 0.8935
vn -0.5819 -0.0063 -0.8132
v 0.4457 2.1479 -0.7002
vt 0.2761 0.8935
vn -0.8132 -0.0063 -0.5819
f 2184/2184/2184 2185/2185/2185 2186/2186/2186
v 0.4751 2.9400 -0.7499
vt 0.2761 0.9206
vn -0.6445 -0.4113 -0.6445
v 0.6245 2.1479 -0.8301
vt 0.2761 0.8935
vn -0.3142 -0.0012 -0.9494
v 0.5248 2.1479 -0.7793
vt 0.2761 0.8935
vn -0.5819 -0.0063 -0.8132
f 2187/2187/2187 2188/2188/2188 2189/2189/2189
v 0.7350 2.9400 -0.8575
vt 0.2761 0.9206
vn -0.0000 -0.4112 -0.9115
v 0.6245 2.1479 -0.8301
vt 0.2761 0.8935
vn -0.3142 -0.0012 -0.9494
v 0.4751 2.9400 -0.7499
vt 0.2761 0.9206
vn -0.6445 -0.4113 -0.6445
f 2190/2190/2190 2191/2191/2191 2192/2192/2192
v 0.7350 2.9400 -0.8575
vt 0.2761 0.9206
vn -0.0000 -0.4112 -0.9115
v 0.8455 2.1479 -0.8301
vt 0.2761 0.8935
vn 0.3142 -0.0012 -0.9494
v 0.7350 2.1479 -0.8476
vt 0.2761 0.8935
vn 0.0000 -0.0125 -0.9999
f 2193/2193/2193 2194/2194/2194 2195/2195/2195
v 0.9948 2.9400 -0.7499
vt 0.2761 0.9206
vn 0.6445 -0.4114 -0.6445
v 0.9452 2.1479 -0.7793
vt 0.2761 0.8935
vn 0.5819 -0.0062 -0.8132
v 0.8455 2.1479 -0.8301
vt 0.2761 0.8935
vn 0.3142 -0.0012 -0.9494
f 2196/2196/2196 2197/2197/2197 2198/2198/2198
v 1.1025 2.9400 -0.4900
vt 0.2761 0.9206
vn 0.9115 -0.4113 0.0000
v 1.0926 2.1479 -0.4900
vt 0.2761 0.8935
vn 0.9999 -0.0125 -0.0000
v 1.0751 2.1479 -0.6005
vt 0.2761 0.8935
vn 0.9494 -0.0012 -0.3142
f 2199/2199/2199 2200/2200/2200 2201/2201/2201
v 0.9948 2.9400 -0.2301
vt 0.2761 0.9206
vn 0.6445 -0.4114 0.6445
v 1.0243 2.1479 -0.2798
vt 0.2761 0.8935
vn 0.8132 -0.0062 0.5819
v 1.0751 2.1479 -0.3795
vt 0.2761 0.8935
vn 0.9494 -0.0012 0.3142
f 2202/2202/2202 2203/2203/2203 2204/2204/2204
v 0.7350 2.9400 -0.1225
vt 0.2761 0.9206
vn 0.0000 -0.4112 0.9115
v 0.7350 2.1479 -0.1324
vt 0.2761 0.8935
vn 0.0000 -0.0125 0.9999
v 0.8455 2.1479 -0.1499
vt 0.2761 0.8935
vn 0.3142 -0.0012 0.9494
f 2205/2205/2205 2206/2206/2206 2207/2207/2207
v 0.4751 2.9400 -0.2301
vt 0.2761 0.9206
vn -0.6445 -0.4113 0.6445
v 0.5248 2.1479 -0.2007
vt 0.2761 0.8935
vn -0.5819 -0.0063 0.8132
v 0.6245 2.1479 -0.1499
vt 0.2761 0.8935
vn -0.3142 -0.0012 0.9494
f 2208/2208/2208 2209/2209/2209 2210/2210/2210
v 0.3675 2.9400 -0.4900
vt 0.2761 0.9206
vn -0.9116 -0.4112 0.0000
v 0.3774 2.1479 -0.4900
vt 0.2761 0.8935
vn -0.9999 -0.0125 0.0000
v 0.3949 2.1479 -0.3795
vt 0.2761 0.8935
vn -0.9494 -0.0012 0.3142
f 2211/2211/2211 2212/2212/2212 2213/2213/2213
v 0.4751 2.9400 -0.7499
vt 0.2761 0.9206
vn -0.6445 -0.4113 -0.6445
v 0.4457 2.1479 -0.7002
vt 0.2761 0.8935
vn -0.8132 -0.0063 -0.5819
v 0.3949 2.1479 -0.6005
vt 0.2761 0.8935
vn -0.9494 -0.0012 -0.3142
f 2214/2214/2214 2215/2215/2215 2216/2216/2216
v 0.7350 2.9400 -0.8575
vt 0.2761 0.9206
vn -0.0000 -0.4112 -0.9115
v 0.7350 2.1479 -0.8476
vt 0.2761 0.8935
vn 0.0000 -0.0125 -0.9999
v 0.6245 2.1479 -0.8301
vt 0.2761 0.8935
vn -0.3142 -0.0012 -0.9494
f 2217/2217/2217 2218/2218/2218 2219/2219/2219
v 0.7350 1.9711 -1.2100
vt 0.2761 0.9090
vn 0.0000 0.8063 -0.5915
v 0.7350 2.1479 -0.8476
vt 0.2761 0.9151
vn -0.0000 0.8987 -0.4385
v 0.8455 2.1479 -0.8301
vt 0.2761 0.9151
vn 0.1355 0.8987 -0.4171
v 0.9575 1.9711 -1.1748
vt 0.2761 0.9090
vn 0.1828 0.8063 -0.5625
f 2220/2220/2220 2221/2221/2221 2222/2222/2222 2223/2223/2223
v 0.9528 3.4300 -0.7077
vt 0.2761 0.9590
vn -0.4481 0.7735 0.4481
v 0.7350 3.4300 -0.7979
vt 0.2761 0.9590
vn 0.0000 0.7735 0.6338
v 0.7350 3.3814 -0.7386
vt 0.2761 0.9573
vn 0.0000 0.7735 0.6338
v 0.9108 3.3814 -0.6658
vt 0.2761 0.9573
vn -0.4481 0.7735 0.4481
f 2224/2224/2224 2225/2225/2225 2226/2226/2226 2227/2227/2227
v 1.0429 3.4300 -0.4900
vt 0.2761 0.9590
vn -0.6338 0.7735 0.0000
v 0.9528 3.4300 -0.7077
vt 0.2761 0.9590
vn -0.4481 0.7735 0.4481
v 0.9108 3.3814 -0.6658
vt 0.2761 0.9573
vn -0.4481 0.7735 0.4481
v 0.9836 3.3814 -0.4900
vt 0.2761 0.9573
vn -0.6338 0.7735 0.0000
f 2228/2228/2228 2229/2229/2229 2230/2230/2230 2231/2231/2231
v 0.9528 3.4300 -0.2723
vt 0.2761 0.9590
vn -0.4481 0.7735 -0.4481
v 1.0429 3.4300 -0.4900
vt 0.2761 0.9590
vn -0.6338 0.7735 0.0000
v 0.9836 3.3814 -0.4900
vt 0.2761 0.9573
vn -0.6338 0.7735 0.0000
v 0.9108 3.3814 -0.3142
vt 0.2761 0.9573
vn -0.4481 0.7735 -0.4481
f 2232/2232/2232 2233/2233/2233 2234/2234/2234 2235/2235/2235
v 0.7350 3.4300 -0.1821
vt 0.2761 0.9590
vn -0.0000 0.7735 -0.6338
v 0.9528 3.4300 -0.2723
vt 0.2761 0.9590
vn -0.4481 0.7735 -0.4481
v 0.9108 3.3814 -0.3142
vt 0.2761 0.9573
vn -0.4481 0.7735 -0.4481
v 0.7350 3.3814 -0.2414
vt 0.2761 0.9573
vn -0.0000 0.7735 -0.6338
f 2236/2236/2236 2237/2237/2237 2238/2238/2238 2239/2239/2239
v 0.5173 3.4300 -0.2723
vt 0.2761 0.9590
vn 0.4482 0.7735 -0.4482
v 0.7350 3.4300 -0.1821
vt 0.2761 0.9590
vn -0.0000 0.7735 -0.6338
v 0.7350 3.3814 -0.2414
vt 0.2761 0.9573
vn -0.0000 0.7735 -0.6338
v 0.5592 3.3814 -0.3142
vt 0.2761 0.9573
vn 0.4482 0.7735 -0.4482
f 2240/2240/2240 2241/2241/2241 2242/2242/2242 2243/2243/2243
v 0.4271 3.4300 -0.4900
vt 0.2761 0.9590
vn 0.6338 0.7735 0.0000
v 0.5173 3.4300 -0.2723
vt 0.2761 0.9590
vn 0.4482 0.7735 -0.4482
v 0.5592 3.3814 -0.3142
vt 0.2761 0.9573
vn 0.4482 0.7735 -0.4482
v 0.4864 3.3814 -0.4900
vt 0.2761 0.9573
vn 0.6338 0.7735 0.0000
f 2244/2244/2244 2245/2245/2245 2246/2246/2246 2247/2247/2247
v 0.5173 3.4300 -0.7077
vt 0.2761 0.9590
vn 0.4482 0.7735 0.4482
v 0.4271 3.4300 -0.4900
vt 0.2761 0.9590
vn 0.6338 0.7735 0.0000
v 0.4864 3.3814 -0.4900
vt 0.2761 0.9573
vn 0.6338 0.7735 0.0000
v 0.5592 3.3814 -0.6658
vt 0.2761 0.9573
vn 0.4482 0.7735 0.4482
f 2248/2248/2248 2249/2249/2249 2250/2250/2250 2251/2251/2251
v 0.7350 3.4300 -0.7979
vt 0.2761 0.9590
vn 0.0000 0.7735 0.6338
v 0.5173 3.4300 -0.7077
vt 0.2761 0.9590
vn 0.4482 0.7735 0.4482
v 0.5592 3.3814 -0.6658
vt 0.2761 0.9573
vn 0.4482 0.7735 0.4482
v 0.7350 3.3814 -0.7386
vt 0.2761 0.9573
vn 0.0000 0.7735 0.6338
f 2252/2252/2252 2253/2253/2253 2254/2254/2254 2255/2255/2255
v 0.9108 3.3814 -0.6658
vt 0.2761 0.8926
vn -0.7012 0.1292 0.7012
v 0.7350 3.3814 -0.7386
vt 0.2761 0.8926
vn 0.0000 0.1292 0.9916
v 0.7350 3.1850 -0.7130
vt 0.2761 0.8858
vn 0.0000 0.1292 0.9916
v 0.8927 3.1850 -0.6477
vt 0.2761 0.8858
vn -0.7012 0.1292 0.7012
f 2256/2256/2256 2257/2257/2257 2258/2258/2258 2259/2259/2259
v 0.7273 0.3633 1.0316
vt 0.5354 0.0572
vn 0.0374 -0.9520 -0.3037
v 0.6762 0.3714 1.0127
vt 0.5324 0.0575
vn -0.0856 -0.9352 -0.3436
v 0.7020 0.3945 0.9433
vt 0.5334 0.0583
vn -0.0645 -0.9392 -0.3372
v 0.7622 0.3946 0.9379
vt 0.5368 0.0583
vn 0.0467 -0.9527 -0.3004
f 2260/2260/2260 2261/2261/2261 2262/2262/2262 2263/2263/2263
v 0.7622 0.3946 0.9379
vt 0.5368 0.0583
vn 0.0464 0.9571 -0.2862
v 0.7020 0.3945 0.9433
vt 0.5334 0.0583
vn -0.0647 0.9441 -0.3234
v 0.6762 0.4166 1.0131
vt 0.5324 0.0591
vn -0.0857 0.9401 -0.3299
v 0.7273 0.4245 1.0321
vt 0.5355 0.0594
vn 0.0370 0.9565 -0.2895
f 2264/2264/2264 2265/2265/2265 2266/2266/2266 2267/2267/2267
v 0.7273 0.4245 1.0321
vt 0.5355 0.1902
vn -0.1655 0.9523 0.2564
v 0.6762 0.4166 1.0131
vt 0.5324 0.1900
vn -0.2848 0.9362 0.2062
v 0.6504 0.3935 1.0824
vt 0.5314 0.0583
vn -0.2646 0.9401 0.2150
v 0.6924 0.3932 1.1259
vt 0.5341 0.0583
vn -0.1563 0.9528 0.2601
f 2268/2268/2268 2269/2269/2269 2270/2270/2270 2271/2271/2271
v 0.6924 0.3932 1.1259
vt 0.5341 0.0583
vn -0.1560 -0.9569 0.2451
v 0.6504 0.3935 1.0824
vt 0.5314 0.0583
vn -0.2644 -0.9432 0.2012
v 0.6762 0.3714 1.0127
vt 0.5324 0.0575
vn -0.2846 -0.9391 0.1924
v 0.7273 0.3633 1.0316
vt 0.5354 0.0572
vn -0.1652 -0.9562 0.2415
f 2272/2272/2272 2273/2273/2273 2274/2274/2274 2275/2275/2275
v 0.6504 0.3935 1.0824
vt 0.5314 0.0583
vn -0.2646 0.9401 0.2150
v 0.6762 0.4166 1.0131
vt 0.5324 0.1900
vn -0.2848 0.9362 0.2062
v 0.6011 0.3942 0.9850
vt 0.5280 0.1892
vn -0.3426 0.9221 0.1800
f 2276/2276/2276 2277/2277/2277 2278/2278/2278
v 0.7020 0.3945 0.9433
vt 0.5334 0.0583
vn -0.0645 -0.9392 -0.3372
v 0.6762 0.3714 1.0127
vt 0.5324 0.0575
vn -0.0856 -0.9352 -0.3436
v 0.6011 0.3942 0.9850
vt 0.5280 0.0583
vn -0.1464 -0.9208 -0.3615
f 2279/2279/2279 2280/2280/2280 2281/2281/2281
v 0.6762 0.3714 1.0127
vt 0.5324 0.0575
vn -0.2846 -0.9391 0.1924
v 0.6504 0.3935 1.0824
vt 0.5314 0.0583
vn -0.2644 -0.9432 0.2012
v 0.6011 0.3942 0.9850
vt 0.5280 0.0583
vn -0.3424 -0.9247 0.1664
f 2282/2282/2282 2283/2283/2283 2284/2284/2284
v 0.6762 0.4166 1.0131
vt 0.5324 0.0591
vn -0.0857 0.9401 -0.3299
v 0.7020 0.3945 0.9433
vt 0.5334 0.0583
vn -0.0647 0.9441 -0.3234
v 0.6011 0.3942 0.9850
vt 0.5280 0.0583
vn -0.1466 0.9260 -0.3480
f 2285/2285/2285 2286/2286/2286 2287/2287/2287
v 1.2149 0.3935 1.1059
vt 0.3265 0.9687
vn 0.1017 -0.9544 -0.2807
v 1.4784 0.3927 1.2037
vt 0.3265 0.8905
vn 0.1016 -0.9544 -0.2807
v 1.4435 0.3614 1.2975
vt 0.3265 0.8884
vn 0.1016 -0.9544 -0.2807
v 1.1570 0.3622 1.1912
vt 0.3265 0.9666
vn 0.1017 -0.9544 -0.2807
f 2288/2288/2288 2289/2289/2289 2290/2290/2290 2291/2291/2291
v 1.0532 0.3921 1.2598
vt 0.5595 0.0991
vn -0.1012 -0.9588 0.2656
v 0.6924 0.3932 1.1259
vt 0.5341 0.0583
vn -0.1560 -0.9569 0.2451
v 0.7273 0.3633 1.0316
vt 0.5354 0.0572
vn -0.1652 -0.9562 0.2415
v 1.1570 0.3622 1.1912
vt 0.5608 0.0981
vn -0.1010 -0.9587 0.2657
f 2292/2292/2292 2293/2293/2293 2294/2294/2294 2295/2295/2295
v 1.1570 0.4233 1.1916
vt 0.5608 0.2311
vn -0.1020 0.9542 0.2811
v 0.7273 0.4245 1.0321
vt 0.5355 0.1902
vn -0.1655 0.9523 0.2564
v 0.6924 0.3932 1.1259
vt 0.5341 0.0583
vn -0.1563 0.9528 0.2601
v 1.0532 0.3921 1.2598
vt 0.5595 0.0991
vn -0.1018 0.9542 0.2812
f 2296/2296/2296 2297/2297/2297 2298/2298/2298 2299/2299/2299
v 1.2149 0.3935 1.1059
vt 0.5622 0.0992
vn 0.1014 0.9586 -0.2661
v 0.7622 0.3946 0.9379
vt 0.5368 0.0583
vn 0.0464 0.9571 -0.2862
v 0.7273 0.4245 1.0321
vt 0.5355 0.0594
vn 0.0370 0.9565 -0.2895
v 1.1570 0.4233 1.1916
vt 0.5608 0.1002
vn 0.1013 0.9586 -0.2662
f 2300/2300/2300 2301/2301/2301 2302/2302/2302 2303/2303/2303
v 1.4435 0.4226 1.2980
vt 0.3265 0.8925
vn 0.9375 -0.0025 0.3480
v 1.4086 0.3913 1.3918
vt 0.3265 0.8904
vn 0.9375 -0.0025 0.3480
v 1.4435 0.3614 1.2975
vt 0.3265 0.8884
vn 0.9375 -0.0025 0.3480
f 2304/2304/2304 2305/2305/2305 2306/2306/2306
v 1.4784 0.3927 1.2037
vt 0.3265 0.8905
vn 0.9375 -0.0025 0.3480
v 1.4435 0.4226 1.2980
vt 0.3265 0.8925
vn 0.9375 -0.0025 0.3480
v 1.4435 0.3614 1.2975
vt 0.3265 0.8884
vn 0.9375 -0.0025 0.3480
f 2307/2307/2307 2308/2308/2308 2309/2309/2309
v 1.4784 0.3927 1.2037
vt 0.3265 0.8905
vn 0.1014 0.9586 -0.2661
v 1.2149 0.3935 1.1059
vt 0.3265 0.9687
vn 0.1014 0.9586 -0.2661
v 1.1570 0.4233 1.1916
vt 0.3265 0.9707
vn 0.1013 0.9586 -0.2662
v 1.4435 0.4226 1.2980
vt 0.3265 0.8925
vn 0.1014 0.9586 -0.2661
f 2310/2310/2310 2311/2311/2311 2312/2312/2312 2313/2313/2313
v 1.4435 0.4226 1.2980
vt 0.3265 0.8925
vn -0.1021 0.9543 0.2810
v 1.1570 0.4233 1.1916
vt 0.3265 0.9707
vn -0.1020 0.9542 0.2811
v 1.0532 0.3921 1.2598
vt 0.3265 0.9686
vn -0.1018 0.9542 0.2812
v 1.4086 0.3913 1.3918
vt 0.3265 0.8904
vn -0.1021 0.9543 0.2810
f 2314/2314/2314 2315/2315/2315 2316/2316/2316 2317/2317/2317
v 1.4086 0.3913 1.3918
vt 0.3265 0.8904
vn -0.1009 -0.9587 0.2658
v 1.0532 0.3921 1.2598
vt 0.3265 0.9686
vn -0.1012 -0.9588 0.2656
v 1.1570 0.3622 1.1912
vt 0.3265 0.9666
vn -0.1010 -0.9587 0.2657
v 1.4435 0.3614 1.2975
vt 0.3265 0.8884
vn -0.1009 -0.9587 0.2658
f 2318/2318/2318 2319/2319/2319 2320/2320/2320 2321/2321/2321
v 0.7622 0.3946 0.9379
vt 0.5368 0.0583
vn 0.0467 -0.9527 -0.3004
v 1.2149 0.3935 1.1059
vt 0.5622 0.0992
vn 0.1017 -0.9544 -0.2807
v 1.1570 0.3622 1.1912
vt 0.5608 0.0981
vn 0.1017 -0.9544 -0.2807
v 0.7273 0.3633 1.0316
vt 0.5354 0.0572
vn 0.0374 -0.9520 -0.3037
f 2322/2322/2322 2323/2323/2323 2324/2324/2324 2325/2325/2325
v 0.7350 2.4990 -0.4900
vt 0.2761 0.9487
vn 0.0000 1.0000 0.0000
v 0.3208 2.4990 -0.8436
vt 0.2761 0.9487
vn -0.2880 0.9430 -0.1667
v 0.1990 2.4990 -0.6336
vt 0.2761 0.9487
vn -0.3800 0.9193 -0.1019
f 2326/2326/2326 2327/2327/2327 2328/2328/2328
v 0.8935 2.0090 -1.0816
vt 0.2761 0.8887
vn 0.2588 0.0000 -0.9659
v 0.8935 2.4500 -1.0816
vt 0.2761 0.9038
vn 0.2588 0.0000 -0.9659
v 1.1257 2.4500 -0.9476
vt 0.2761 0.9038
vn 0.5000 0.0000 -0.8660
v 1.1257 2.0090 -0.9476
vt 0.2761 0.8887
vn 0.5000 0.0000 -0.8660
f 2329/2329/2329 2330/2330/2330 2331/2331/2331 2332/2332/2332
v 0.7350 2.4990 -0.4900
vt 0.2761 0.9487
vn 0.0000 1.0000 0.0000
v 1.2710 2.4990 -0.6336
vt 0.2761 0.9487
vn 0.3800 0.9193 -0.1019
v 1.1492 2.4990 -0.8436
vt 0.2761 0.9487
vn 0.2880 0.9430 -0.1667
f 2333/2333/2333 2334/2334/2334 2335/2335/2335
v 0.7350 2.4990 -0.4900
vt 0.2761 0.9487
vn 0.0000 1.0000 0.0000
v 1.1492 2.4990 -0.1364
vt 0.2761 0.9487
vn 0.2880 0.9430 0.1667
v 1.2710 2.4990 -0.3464
vt 0.2761 0.9487
vn 0.3800 0.9193 0.1019
f 2336/2336/2336 2337/2337/2337 2338/2338/2338
v 1.3266 2.0090 -0.3315
vt 0.2761 0.8887
vn 0.9659 -0.0000 0.2588
v 1.3266 2.4500 -0.3315
vt 0.2761 0.9038
vn 0.9659 -0.0000 0.2588
v 1.1926 2.4500 -0.0993
vt 0.2761 0.9038
vn 0.8660 -0.0000 0.5000
v 1.1926 2.0090 -0.0993
vt 0.2761 0.8887
vn 0.8660 -0.0000 0.5000
f 2339/2339/2339 2340/2340/2340 2341/2341/2341 2342/2342/2342
v 0.7350 2.4990 -0.4900
vt 0.2761 0.9487
vn 0.0000 1.0000 0.0000
v 0.8786 2.4990 0.0460
vt 0.2761 0.9487
vn 0.1019 0.9193 0.3800
v 1.0886 2.4990 -0.0758
vt 0.2761 0.9487
vn 0.1667 0.9430 0.2880
f 2343/2343/2343 2344/2344/2344 2345/2345/2345
v 0.7350 2.4990 -0.4900
vt 0.2761 0.9487
vn 0.0000 1.0000 0.0000
v 0.3814 2.4990 -0.0758
vt 0.2761 0.9487
vn -0.1667 0.9430 0.2880
v 0.5914 2.4990 0.0460
vt 0.2761 0.9487
vn -0.1019 0.9193 0.3800
f 2346/2346/2346 2347/2347/2347 2348/2348/2348
v 0.5765 2.0090 0.1016
vt 0.2761 0.8887
vn -0.2588 -0.0000 0.9659
v 0.5765 2.4500 0.1016
vt 0.2761 0.9038
vn -0.2588 -0.0000 0.9659
v 0.3443 2.4500 -0.0324
vt 0.2761 0.9038
vn -0.5000 -0.0000 0.8660
v 0.3443 2.0090 -0.0324
vt 0.2761 0.8887
vn -0.5000 -0.0000 0.8660
f 2349/2349/2349 2350/2350/2350 2351/2351/2351 2352/2352/2352
v 0.7350 2.4990 -0.4900
vt 0.2761 0.9487
vn 0.0000 1.0000 0.0000
v 0.1990 2.4990 -0.3464
vt 0.2761 0.9487
vn -0.3800 0.9193 0.1019
v 0.3208 2.4990 -0.1364
vt 0.2761 0.9487
vn -0.2880 0.9430 0.1667
f 2353/2353/2353 2354/2354/2354 2355/2355/2355
v 0.7350 2.4990 -0.4900
vt 0.2761 0.9487
vn 0.0000 1.0000 0.0000
v 1.0886 2.4990 -0.9042
vt 0.2761 0.9487
vn 0.1667 0.9430 -0.2880
v 0.8786 2.4990 -1.0260
vt 0.2761 0.9487
vn 0.1019 0.9193 -0.3800
f 2356/2356/2356 2357/2357/2357 2358/2358/2358
v 0.1434 2.0090 -0.6485
vt 0.2761 0.8887
vn -0.9659 0.0000 -0.2588
v 0.1434 2.4500 -0.6485
vt 0.2761 0.9038
vn -0.9659 0.0000 -0.2588
v 0.2774 2.4500 -0.8807
vt 0.2761 0.9038
vn -0.8660 0.0000 -0.5000
v 0.2774 2.0090 -0.8807
vt 0.2761 0.8887
vn -0.8660 0.0000 -0.5000
f 2359/2359/2359 2360/2360/2360 2361/2361/2361 2362/2362/2362
v 0.7350 2.4990 -0.4900
vt 0.2761 0.9487
vn 0.0000 1.0000 0.0000
v 0.5914 2.4990 -1.0260
vt 0.2761 0.9487
vn -0.1019 0.9193 -0.3800
v 0.3814 2.4990 -0.9042
vt 0.2761 0.9487
vn -0.1667 0.9430 -0.2880
f 2363/2363/2363 2364/2364/2364 2365/2365/2365
v 0.7350 2.4990 -0.4900
vt 0.2761 0.9487
vn 0.0000 1.0000 0.0000
v 0.3958 2.4990 -0.8292
vt 0.2761 0.9487
vn 0.0000 1.0000 0.0000
v 0.3208 2.4990 -0.8436
vt 0.2761 0.9487
vn -0.2880 0.9430 -0.1667
f 2366/2366/2366 2367/2367/2367 2368/2368/2368
v 0.7350 2.4990 -0.4900
vt 0.2761 0.9487
vn 0.0000 1.0000 0.0000
v 0.3814 2.4990 -0.9042
vt 0.2761 0.9487
vn -0.1667 0.9430 -0.2880
v 0.3958 2.4990 -0.8292
vt 0.2761 0.9487
vn 0.0000 1.0000 0.0000
f 2369/2369/2369 2370/2370/2370 2371/2371/2371
v 1.1109 2.4500 -0.8659
vt 0.2761 0.8607
vn 0.9358 0.3075 0.1722
v 1.1109 2.0090 -0.8659
vt 0.2761 0.8456
vn 0.9840 -0.0000 0.1783
v 1.1257 2.0090 -0.9476
vt 0.2761 0.8456
vn 0.9840 -0.0000 0.1783
v 1.1257 2.4500 -0.9476
vt 0.2761 0.8607
vn 0.9667 0.1851 0.1767
f 2372/2372/2372 2373/2373/2373 2374/2374/2374 2375/2375/2375
v 0.7350 2.4990 -0.4900
vt 0.2761 0.9487
vn 0.0000 1.0000 0.0000
v 1.0742 2.4990 -0.8292
vt 0.2761 0.9487
vn 0.0000 1.0000 0.0000
v 1.0886 2.4990 -0.9042
vt 0.2761 0.9487
vn 0.1667 0.9430 -0.2880
f 2376/2376/2376 2377/2377/2377 2378/2378/2378
v 1.1109 2.4500 -0.1141
vt 0.2761 0.8607
vn -0.1721 0.3075 0.9358
v 1.1109 2.0090 -0.1141
vt 0.2761 0.8456
vn -0.1783 -0.0000 0.9840
v 1.1926 2.0090 -0.0993
vt 0.2761 0.8456
vn -0.1783 -0.0000 0.9840
v 1.1926 2.4500 -0.0993
vt 0.2761 0.8607
vn -0.1767 0.1851 0.9667
f 2379/2379/2379 2380/2380/2380 2381/2381/2381 2382/2382/2382
v 0.7350 2.4990 -0.4900
vt 0.2761 0.9487
vn 0.0000 1.0000 0.0000
v 1.0742 2.4990 -0.1508
vt 0.2761 0.9487
vn 0.0000 1.0000 0.0000
v 1.1492 2.4990 -0.1364
vt 0.2761 0.9487
vn 0.2880 0.9430 0.1667
f 2383/2383/2383 2384/2384/2384 2385/2385/2385
v 0.3591 2.4500 -0.1141
vt 0.2761 0.8607
vn -0.9358 0.3075 -0.1721
v 0.3591 2.0090 -0.1141
vt 0.2761 0.8456
vn -0.9840 0.0000 -0.1783
v 0.3443 2.0090 -0.0324
vt 0.2761 0.8456
vn -0.9840 0.0000 -0.1783
v 0.3443 2.4500 -0.0324
vt 0.2761 0.8607
vn -0.9667 0.1851 -0.1767
f 2386/2386/2386 2387/2387/2387 2388/2388/2388 2389/2389/2389
v 0.7350 2.4990 -0.4900
vt 0.2761 0.9487
vn 0.0000 1.0000 0.0000
v 0.3958 2.4990 -0.1508
vt 0.2761 0.9487
vn 0.0000 1.0000 0.0000
v 0.3814 2.4990 -0.0758
vt 0.2761 0.9487
vn -0.1667 0.9430 0.2880
f 2390/2390/2390 2391/2391/2391 2392/2392/2392
v 0.5765 2.0090 -1.0816
vt 0.2761 0.8887
vn -0.2588 0.0000 -0.9659
v 0.5765 2.4500 -1.0816
vt 0.2761 0.9038
vn -0.2588 0.0000 -0.9659
v 0.8935 2.4500 -1.0816
vt 0.2761 0.9038
vn 0.2588 0.0000 -0.9659
v 0.8935 2.0090 -1.0816
vt 0.2761 0.8887
vn 0.2588 0.0000 -0.9659
f 2393/2393/2393 2394/2394/2394 2395/2395/2395 2396/2396/2396
v 1.3266 2.0090 -0.6485
vt 0.2761 0.8887
vn 0.9659 0.0000 -0.2588
v 1.3266 2.4500 -0.6485
vt 0.2761 0.9038
vn 0.9659 0.0000 -0.2588
v 1.3266 2.4500 -0.3315
vt 0.2761 0.9038
vn 0.9659 -0.0000 0.2588
v 1.3266 2.0090 -0.3315
vt 0.2761 0.8887
vn 0.9659 -0.0000 0.2588
f 2397/2397/2397 2398/2398/2398 2399/2399/2399 2400/2400/2400
v 0.8935 2.0090 0.1016
vt 0.2761 0.8887
vn 0.2588 -0.0000 0.9659
v 0.8935 2.4500 0.1016
vt 0.2761 0.9038
vn 0.2588 -0.0000 0.9659
v 0.5765 2.4500 0.1016
vt 0.2761 0.9038
vn -0.2588 -0.0000 0.9659
v 0.5765 2.0090 0.1016
vt 0.2761 0.8887
vn -0.2588 -0.0000 0.9659
f 2401/2401/2401 2402/2402/2402 2403/2403/2403 2404/2404/2404
v 0.1434 2.0090 -0.3315
vt 0.2761 0.8887
vn -0.9659 -0.0000 0.2588
v 0.1434 2.4500 -0.3315
vt 0.2761 0.9038
vn -0.9659 -0.0000 0.2588
v 0.1434 2.4500 -0.6485
vt 0.2761 0.9038
vn -0.9659 0.0000 -0.2588
v 0.1434 2.0090 -0.6485
vt 0.2761 0.8887
vn -0.9659 0.0000 -0.2588
f 2405/2405/2405 2406/2406/2406 2407/2407/2407 2408/2408/2408
v 0.3591 2.0090 -0.8659
vt 0.2761 0.8671
vn -0.9840 -0.0000 0.1783
v 0.3591 2.4500 -0.8659
vt 0.2761 0.8822
vn -0.9358 0.3075 0.1721
v 0.3443 2.4500 -0.9476
vt 0.2761 0.8822
vn -0.9667 0.1851 0.1767
v 0.3443 2.0090 -0.9476
vt 0.2761 0.8671
vn -0.9840 -0.0000 0.1783
f 2409/2409/2409 2410/2410/2410 2411/2411/2411 2412/2412/2412
v 0.7350 2.4990 -0.4900
vt 0.2761 0.9487
vn 0.0000 1.0000 0.0000
v 1.1492 2.4990 -0.8436
vt 0.2761 0.9487
vn 0.2880 0.9430 -0.1667
v 1.0742 2.4990 -0.8292
vt 0.2761 0.9487
vn 0.0000 1.0000 0.0000
f 2413/2413/2413 2414/2414/2414 2415/2415/2415
v 1.1926 2.4500 -0.8807
vt 0.2761 0.8822
vn -0.1767 0.1851 -0.9667
v 1.1926 2.0090 -0.8807
vt 0.2761 0.8671
vn -0.1783 0.0000 -0.9840
v 1.1109 2.0090 -0.8659
vt 0.2761 0.8671
vn -0.1783 0.0000 -0.9840
v 1.1109 2.4500 -0.8659
vt 0.2761 0.8822
vn -0.1722 0.3075 -0.9358
f 2416/2416/2416 2417/2417/2417 2418/2418/2418 2419/2419/2419
v 0.7350 2.4990 -0.4900
vt 0.2761 0.9487
vn 0.0000 1.0000 0.0000
v 1.0886 2.4990 -0.0758
vt 0.2761 0.9487
vn 0.1667 0.9430 0.2880
v 1.0742 2.4990 -0.1508
vt 0.2761 0.9487
vn 0.0000 1.0000 0.0000
f 2420/2420/2420 2421/2421/2421 2422/2422/2422
v 1.1257 2.4500 -0.0324
vt 0.2761 0.8822
vn 0.9667 0.1851 -0.1767
v 1.1257 2.0090 -0.0324
vt 0.2761 0.8671
vn 0.9840 0.0000 -0.1783
v 1.1109 2.0090 -0.1141
vt 0.2761 0.8671
vn 0.9840 0.0000 -0.1783
v 1.1109 2.4500 -0.1141
vt 0.2761 0.8822
vn 0.9358 0.3075 -0.1722
f 2423/2423/2423 2424/2424/2424 2425/2425/2425 2426/2426/2426
v 0.7350 2.4990 -0.4900
vt 0.2761 0.9487
vn 0.0000 1.0000 0.0000
v 0.3208 2.4990 -0.1364
vt 0.2761 0.9487
vn -0.2880 0.9430 0.1667
v 0.3958 2.4990 -0.1508
vt 0.2761 0.9487
vn 0.0000 1.0000 0.0000
f 2427/2427/2427 2428/2428/2428 2429/2429/2429
v 0.2774 2.4500 -0.0993
vt 0.2761 0.8822
vn 0.1767 0.1851 0.9667
v 0.2774 2.0090 -0.0993
vt 0.2761 0.8671
vn 0.1783 -0.0000 0.9840
v 0.3591 2.0090 -0.1141
vt 0.2761 0.8671
vn 0.1783 -0.0000 0.9840
v 0.3591 2.4500 -0.1141
vt 0.2761 0.8822
vn 0.1721 0.3075 0.9358
f 2430/2430/2430 2431/2431/2431 2432/2432/2432 2433/2433/2433
v 0.7350 2.4990 -0.4900
vt 0.2761 0.9487
vn 0.0000 1.0000 0.0000
v 1.2710 2.4990 -0.3464
vt 0.2761 0.9487
vn 0.3800 0.9193 0.1019
v 1.2710 2.4990 -0.6336
vt 0.2761 0.9487
vn 0.3800 0.9193 -0.1019
f 2434/2434/2434 2435/2435/2435 2436/2436/2436
v 0.2774 2.0090 -0.0993
vt 0.2761 0.8887
vn -0.8660 -0.0000 0.5000
v 0.2774 2.4500 -0.0993
vt 0.2761 0.9038
vn -0.8660 -0.0000 0.5000
v 0.1434 2.4500 -0.3315
vt 0.2761 0.9038
vn -0.9659 -0.0000 0.2588
v 0.1434 2.0090 -0.3315
vt 0.2761 0.8887
vn -0.9659 -0.0000 0.2588
f 2437/2437/2437 2438/2438/2438 2439/2439/2439 2440/2440/2440
v 0.2774 2.0090 -0.8807
vt 0.2761 0.8456
vn 0.1783 0.0000 -0.9840
v 0.2774 2.4500 -0.8807
vt 0.2761 0.8607
vn 0.1767 0.1851 -0.9667
v 0.3591 2.4500 -0.8659
vt 0.2761 0.8607
vn 0.1722 0.3075 -0.9358
v 0.3591 2.0090 -0.8659
vt 0.2761 0.8456
vn 0.1783 0.0000 -0.9840
f 2441/2441/2441 2442/2442/2442 2443/2443/2443 2444/2444/2444
v 1.1257 2.0090 -0.0324
vt 0.2761 0.8887
vn 0.5000 0.0000 0.8660
v 1.1257 2.4500 -0.0324
vt 0.2761 0.9038
vn 0.5000 0.0000 0.8660
v 0.8935 2.4500 0.1016
vt 0.2761 0.9038
vn 0.2588 -0.0000 0.9659
v 0.8935 2.0090 0.1016
vt 0.2761 0.8887
vn 0.2588 -0.0000 0.9659
f 2445/2445/2445 2446/2446/2446 2447/2447/2447 2448/2448/2448
v 0.7350 2.4990 -0.4900
vt 0.2761 0.9487
vn 0.0000 1.0000 0.0000
v 0.1990 2.4990 -0.6336
vt 0.2761 0.9487
vn -0.3800 0.9193 -0.1019
v 0.1990 2.4990 -0.3464
vt 0.2761 0.9487
vn -0.3800 0.9193 0.1019
f 2449/2449/2449 2450/2450/2450 2451/2451/2451
v 1.1926 2.0090 -0.8807
vt 0.2761 0.8887
vn 0.8660 0.0000 -0.5000
v 1.1926 2.4500 -0.8807
vt 0.2761 0.9038
vn 0.8660 0.0000 -0.5000
v 1.3266 2.4500 -0.6485
vt 0.2761 0.9038
vn 0.9659 0.0000 -0.2588
v 1.3266 2.0090 -0.6485
vt 0.2761 0.8887
vn 0.9659 0.0000 -0.2588
f 2452/2452/2452 2453/2453/2453 2454/2454/2454 2455/2455/2455
v 0.7350 2.4990 -0.4900
vt 0.2761 0.9487
vn 0.0000 1.0000 0.0000
v 0.5914 2.4990 0.0460
vt 0.2761 0.9487
vn -0.1019 0.9193 0.3800
v 0.8786 2.4990 0.0460
vt 0.2761 0.9487
vn 0.1019 0.9193 0.3800
f 2456/2456/2456 2457/2457/2457 2458/2458/2458
v 0.3443 2.0090 -0.9476
vt 0.2761 0.8887
vn -0.5000 0.0000 -0.8660
v 0.3443 2.4500 -0.9476
vt 0.2761 0.9038
vn -0.5000 0.0000 -0.8660
v 0.5765 2.4500 -1.0816
vt 0.2761 0.9038
vn -0.2588 0.0000 -0.9659
v 0.5765 2.0090 -1.0816
vt 0.2761 0.8887
vn -0.2588 0.0000 -0.9659
f 2459/2459/2459 2460/2460/2460 2461/2461/2461 2462/2462/2462
v 0.8935 2.4500 -1.0816
vt 0.2761 0.9254
vn 0.1676 0.7623 -0.6251
v 0.5765 2.4500 -1.0816
vt 0.2761 0.9254
vn -0.1676 0.7623 -0.6251
v 0.5914 2.4990 -1.0260
vt 0.2761 0.9271
vn -0.1019 0.9193 -0.3800
v 0.8786 2.4990 -1.0260
vt 0.2761 0.9271
vn 0.1019 0.9193 -0.3800
f 2463/2463/2463 2464/2464/2464 2465/2465/2465 2466/2466/2466
v 1.3266 2.4500 -0.3315
vt 0.2761 0.9254
vn 0.6251 0.7623 0.1676
v 1.3266 2.4500 -0.6485
vt 0.2761 0.9254
vn 0.6251 0.7623 -0.1676
v 1.2710 2.4990 -0.6336
vt 0.2761 0.9271
vn 0.3800 0.9193 -0.1019
v 1.2710 2.4990 -0.3464
vt 0.2761 0.9271
vn 0.3800 0.9193 0.1019
f 2467/2467/2467 2468/2468/2468 2469/2469/2469 2470/2470/2470
v 0.5765 2.4500 0.1016
vt 0.2761 0.9254
vn -0.1676 0.7623 0.6251
v 0.8935 2.4500 0.1016
vt 0.2761 0.9254
vn 0.1676 0.7623 0.6251
v 0.8786 2.4990 0.0460
vt 0.2761 0.9271
vn 0.1019 0.9193 0.3800
v 0.5914 2.4990 0.0460
vt 0.2761 0.9271
vn -0.1019 0.9193 0.3800
f 2471/2471/2471 2472/2472/2472 2473/2473/2473 2474/2474/2474
v 0.1434 2.4500 -0.6485
vt 0.2761 0.9254
vn -0.6251 0.7623 -0.1676
v 0.1434 2.4500 -0.3315
vt 0.2761 0.9254
vn -0.6251 0.7623 0.1676
v 0.1990 2.4990 -0.3464
vt 0.2761 0.9271
vn -0.3800 0.9193 0.1019
v 0.1990 2.4990 -0.6336
vt 0.2761 0.9271
vn -0.3800 0.9193 -0.1019
f 2475/2475/2475 2476/2476/2476 2477/2477/2477 2478/2478/2478
v 0.3208 2.4990 -0.8436
vt 0.2761 0.8839
vn 0.1577 0.5080 -0.8468
v 0.3958 2.4990 -0.8292
vt 0.2761 0.8839
vn 0.1577 0.5080 -0.8468
v 0.3591 2.4500 -0.8659
vt 0.2761 0.8822
vn 0.1722 0.3075 -0.9358
v 0.2774 2.4500 -0.8807
vt 0.2761 0.8822
vn 0.1767 0.1851 -0.9667
f 2479/2479/2479 2480/2480/2480 2481/2481/2481 2482/2482/2482
v 0.3958 2.4990 -0.8292
vt 0.2761 0.9055
vn -0.8468 0.5080 0.1577
v 0.3814 2.4990 -0.9042
vt 0.2761 0.9055
vn -0.8468 0.5080 0.1577
v 0.3443 2.4500 -0.9476
vt 0.2761 0.9038
vn -0.9667 0.1851 0.1767
v 0.3591 2.4500 -0.8659
vt 0.2761 0.9038
vn -0.9358 0.3075 0.1721
f 2483/2483/2483 2484/2484/2484 2485/2485/2485 2486/2486/2486
v 1.0742 2.4990 -0.8292
vt 0.2761 0.9055
vn -0.1577 0.5080 -0.8468
v 1.1492 2.4990 -0.8436
vt 0.2761 0.9055
vn -0.1577 0.5080 -0.8468
v 1.1926 2.4500 -0.8807
vt 0.2761 0.9038
vn -0.1767 0.1851 -0.9667
v 1.1109 2.4500 -0.8659
vt 0.2761 0.9038
vn -0.1722 0.3075 -0.9358
f 2487/2487/2487 2488/2488/2488 2489/2489/2489 2490/2490/2490
v 1.0886 2.4990 -0.9042
vt 0.2761 0.8839
vn 0.8468 0.5080 0.1577
v 1.0742 2.4990 -0.8292
vt 0.2761 0.8839
vn 0.8468 0.5080 0.1577
v 1.1109 2.4500 -0.8659
vt 0.2761 0.8822
vn 0.9358 0.3075 0.1722
v 1.1257 2.4500 -0.9476
vt 0.2761 0.8822
vn 0.9667 0.1851 0.1767
f 2491/2491/2491 2492/2492/2492 2493/2493/2493 2494/2494/2494
v 1.0742 2.4990 -0.1508
vt 0.2761 0.9055
vn 0.8468 0.5080 -0.1577
v 1.0886 2.4990 -0.0758
vt 0.2761 0.9055
vn 0.8468 0.5080 -0.1577
v 1.1257 2.4500 -0.0324
vt 0.2761 0.9038
vn 0.9667 0.1851 -0.1767
v 1.1109 2.4500 -0.1141
vt 0.2761 0.9038
vn 0.9358 0.3075 -0.1722
f 2495/2495/2495 2496/2496/2496 2497/2497/2497 2498/2498/2498
v 1.1492 2.4990 -0.1364
vt 0.2761 0.8839
vn -0.1577 0.5080 0.8468
v 1.0742 2.4990 -0.1508
vt 0.2761 0.8839
vn -0.1577 0.5080 0.8468
v 1.1109 2.4500 -0.1141
vt 0.2761 0.8822
vn -0.1721 0.3075 0.9358
v 1.1926 2.4500 -0.0993
vt 0.2761 0.8822
vn -0.1767 0.1851 0.9667
f 2499/2499/2499 2500/2500/2500 2501/2501/2501 2502/2502/2502
v 0.3958 2.4990 -0.1508
vt 0.2761 0.9055
vn 0.1577 0.5080 0.8468
v 0.3208 2.4990 -0.1364
vt 0.2761 0.9055
vn 0.1577 0.5080 0.8468
v 0.2774 2.4500 -0.0993
vt 0.2761 0.9038
vn 0.1767 0.1851 0.9667
v 0.3591 2.4500 -0.1141
vt 0.2761 0.9038
vn 0.1721 0.3075 0.9358
f 2503/2503/2503 2504/2504/2504 2505/2505/2505 2506/2506/2506
v 0.3814 2.4990 -0.0758
vt 0.2761 0.8839
vn -0.8468 0.5080 -0.1577
v 0.3958 2.4990 -0.1508
vt 0.2761 0.8839
vn -0.8468 0.5080 -0.1577
v 0.3591 2.4500 -0.1141
vt 0.2761 0.8822
vn -0.9358 0.3075 -0.1721
v 0.3443 2.4500 -0.0324
vt 0.2761 0.8822
vn -0.9667 0.1851 -0.1767
f 2507/2507/2507 2508/2508/2508 2509/2509/2509 2510/2510/2510
v 0.3814 2.4990 -0.9042
vt 0.2761 0.9271
vn -0.1667 0.9430 -0.2880
v 0.5914 2.4990 -1.0260
vt 0.2761 0.9271
vn -0.1019 0.9193 -0.3800
v 0.5765 2.4500 -1.0816
vt 0.2761 0.9254
vn -0.1676 0.7623 -0.6251
v 0.3443 2.4500 -0.9476
vt 0.2761 0.9254
vn -0.3303 0.7518 -0.5707
f 2511/2511/2511 2512/2512/2512 2513/2513/2513 2514/2514/2514
v 0.1990 2.4990 -0.6336
vt 0.2761 0.9271
vn -0.3800 0.9193 -0.1019
v 0.3208 2.4990 -0.8436
vt 0.2761 0.9271
vn -0.2880 0.9430 -0.1667
v 0.2774 2.4500 -0.8807
vt 0.2761 0.9254
vn -0.5707 0.7518 -0.3303
v 0.1434 2.4500 -0.6485
vt 0.2761 0.9254
vn -0.6251 0.7623 -0.1676
f 2515/2515/2515 2516/2516/2516 2517/2517/2517 2518/2518/2518
v 0.1434 2.4500 -0.3315
vt 0.2761 0.9254
vn -0.6251 0.7623 0.1676
v 0.2774 2.4500 -0.0993
vt 0.2761 0.9254
vn -0.5707 0.7518 0.3303
v 0.3208 2.4990 -0.1364
vt 0.2761 0.9271
vn -0.2880 0.9430 0.1667
v 0.1990 2.4990 -0.3464
vt 0.2761 0.9271
vn -0.3800 0.9193 0.1019
f 2519/2519/2519 2520/2520/2520 2521/2521/2521 2522/2522/2522
v 0.3443 2.4500 -0.0324
vt 0.2761 0.9254
vn -0.3303 0.7518 0.5707
v 0.5765 2.4500 0.1016
vt 0.2761 0.9254
vn -0.1676 0.7623 0.6251
v 0.5914 2.4990 0.0460
vt 0.2761 0.9271
vn -0.1019 0.9193 0.3800
v 0.3814 2.4990 -0.0758
vt 0.2761 0.9271
vn -0.1667 0.9430 0.2880
f 2523/2523/2523 2524/2524/2524 2525/2525/2525 2526/2526/2526
v 0.8935 2.4500 0.1016
vt 0.2761 0.9254
vn 0.1676 0.7623 0.6251
v 1.1257 2.4500 -0.0324
vt 0.2761 0.9254
vn 0.3303 0.7518 0.5707
v 1.0886 2.4990 -0.0758
vt 0.2761 0.9271
vn 0.1667 0.9430 0.2880
v 0.8786 2.4990 0.0460
vt 0.2761 0.9271
vn 0.1019 0.9193 0.3800
f 2527/2527/2527 2528/2528/2528 2529/2529/2529 2530/2530/2530
v 1.1926 2.4500 -0.0993
vt 0.2761 0.9254
vn 0.5707 0.7518 0.3303
v 1.3266 2.4500 -0.3315
vt 0.2761 0.9254
vn 0.6251 0.7623 0.1676
v 1.2710 2.4990 -0.3464
vt 0.2761 0.9271
vn 0.3800 0.9193 0.1019
v 1.1492 2.4990 -0.1364
vt 0.2761 0.9271
vn 0.2880 0.9430 0.1667
f 2531/2531/2531 2532/2532/2532 2533/2533/2533 2534/2534/2534
v 1.3266 2.4500 -0.6485
vt 0.2761 0.9254
vn 0.6251 0.7623 -0.1676
v 1.1926 2.4500 -0.8807
vt 0.2761 0.9254
vn 0.5707 0.7518 -0.3303
v 1.1492 2.4990 -0.8436
vt 0.2761 0.9271
vn 0.2880 0.9430 -0.1667
v 1.2710 2.4990 -0.6336
vt 0.2761 0.9271
vn 0.3800 0.9193 -0.1019
f 2535/2535/2535 2536/2536/2536 2537/2537/2537 2538/2538/2538
v 1.1257 2.4500 -0.9476
vt 0.2761 0.9254
vn 0.3303 0.7518 -0.5707
v 0.8935 2.4500 -1.0816
vt 0.2761 0.9254
vn 0.1676 0.7623 -0.6251
v 0.8786 2.4990 -1.0260
vt 0.2761 0.9271
vn 0.1019 0.9193 -0.3800
v 1.0886 2.4990 -0.9042
vt 0.2761 0.9271
vn 0.1667 0.9430 -0.2880
f 2539/2539/2539 2540/2540/2540 2541/2541/2541 2542/2542/2542
v 0.7350 2.4990 -0.4900
vt 0.2761 0.9487
vn 0.0000 1.0000 0.0000
v 0.8786 2.4990 -1.0260
vt 0.2761 0.9487
vn 0.1019 0.9193 -0.3800
v 0.5914 2.4990 -1.0260
vt 0.2761 0.9487
vn -0.1019 0.9193 -0.3800
f 2543/2543/2543 2544/2544/2544 2545/2545/2545
v 0.4834 0.9904 0.9800
vt 0.2761 0.8538
vn 0.0000 -0.0000 1.0000
v 0.5217 1.0286 0.9800
vt 0.2761 0.8552
vn 0.0000 -0.0000 1.0000
v 0.3788 1.2253 0.9800
vt 0.2761 0.8619
vn 0.0000 -0.0000 1.0000
v 0.2874 1.1328 0.9800
vt 0.2761 0.8587
vn 0.0000 -0.0000 1.0000
f 2546/2546/2546 2547/2547/2547 2548/2548/2548 2549/2549/2549
v 0.9483 1.0286 0.9800
vt 0.2761 0.8552
vn 0.0000 -0.0000 1.0000
v 0.9866 0.9904 0.9800
vt 0.2761 0.8538
vn 0.0000 -0.0000 1.0000
v 1.1826 1.1328 0.9800
vt 0.2761 0.8587
vn 0.0000 -0.0000 1.0000
v 1.0912 1.2253 0.9800
vt 0.2761 0.8619
vn 0.0000 -0.0000 1.0000
f 2550/2550/2550 2551/2551/2551 2552/2552/2552 2553/2553/2553
v 0.5002 1.3070 0.9800
vt 0.2761 0.8431
vn -0.8098 -0.2353 0.5375
v 0.5739 1.0802 0.9800
vt 0.2761 0.8353
vn -0.8272 -0.4799 0.2924
v 0.6332 1.0150 1.0526
vt 0.2761 0.8331
vn -0.8244 -0.4961 0.2724
v 0.5325 1.3766 1.0474
vt 0.2761 0.8455
vn -0.8098 -0.2353 0.5375
f 2554/2554/2554 2555/2555/2555 2556/2556/2556 2557/2557/2557
v 0.3938 0.9829 0.9128
vt 0.2761 0.7888
vn 0.1727 -0.9849 -0.0123
v 0.3938 0.9829 0.3124
vt 0.2761 0.7888
vn 0.1727 -0.9849 -0.0123
v 0.5026 1.0095 0.3124
vt 0.2761 0.7891
vn 0.1727 -0.9849 -0.0123
v 0.4834 0.9904 0.9800
vt 0.2761 0.7891
vn 0.1727 -0.9849 -0.0123
f 2558/2558/2558 2559/2559/2559 2560/2560/2560 2561/2561/2561
v 1.2876 1.2091 0.8488
vt 0.2761 0.9045
vn 0.7071 0.7071 0.0000
v 1.2876 1.2091 0.3124
vt 0.2761 0.9045
vn 0.7071 0.7071 0.0000
v 1.1670 1.3296 0.3124
vt 0.2761 0.9086
vn 0.6348 0.7727 0.0000
v 1.1670 1.3296 0.8492
vt 0.2761 0.9086
vn 0.6348 0.7727 0.0000
f 2562/2562/2562 2563/2563/2563 2564/2564/2564 2565/2565/2565
v 0.4834 0.9904 0.9800
vt 0.2761 0.8323
vn -0.4389 -0.6080 0.6616
v 0.2874 1.1328 0.9800
vt 0.2761 0.8371
vn -0.4389 -0.6080 0.6616
v 0.3053 1.0472 0.9141
vt 0.2761 0.8342
vn -0.4389 -0.6080 0.6616
v 0.3938 0.9829 0.9128
vt 0.2761 0.8320
vn -0.4389 -0.6080 0.6616
f 2566/2566/2566 2567/2567/2567 2568/2568/2568 2569/2569/2569
v 1.0802 0.8472 0.9800
vt 0.2761 0.8058
vn -0.9470 -0.3213 0.0029
v 1.0556 0.8954 0.9800
vt 0.2761 0.8074
vn -0.8910 -0.4540 0.0000
v 1.0679 0.8713 0.3124
vt 0.2761 0.8058
vn -0.9792 -0.2027 0.0053
f 2570/2570/2570 2571/2571/2571 2572/2572/2572
v 0.0360 0.9621 0.8511
vt 0.2761 0.8961
vn -0.9512 0.3085 0.0000
v 0.0360 0.9621 0.3124
vt 0.2761 0.8961
vn -0.9511 0.3090 0.0000
v 0.0000 0.7350 0.3124
vt 0.2761 0.8883
vn -0.9969 0.0785 0.0000
v 0.0000 0.7350 0.8518
vt 0.2761 0.8883
vn -0.9969 0.0784 0.0000
f 2573/2573/2573 2574/2574/2574 2575/2575/2575 2576/2576/2576
v 0.3899 0.8472 0.9800
vt 0.2761 0.8489
vn 0.0000 -0.0000 1.0000
v 0.4144 0.8954 0.9800
vt 0.2761 0.8506
vn 0.0000 -0.0000 1.0000
v 0.2183 1.0379 0.9800
vt 0.2761 0.8555
vn 0.0000 -0.0000 1.0000
v 0.1584 0.9224 0.9800
vt 0.2761 0.8515
vn 0.0000 -0.0000 1.0000
f 2577/2577/2577 2578/2578/2578 2579/2579/2579 2580/2580/2580
v 0.3721 0.7350 0.3124
vt 0.2761 0.8019
vn 0.9955 -0.0949 0.0028
v 0.3721 0.7350 0.9800
vt 0.2761 0.8019
vn 0.9955 -0.0949 0.0028
v 0.3721 0.0000 0.9800
vt 0.2761 0.7767
vn 1.0000 0.0000 0.0000
v 0.3721 0.0000 0.3124
vt 0.2761 0.7767
vn 1.0000 0.0000 0.0000
f 2581/2581/2581 2582/2582/2582 2583/2583/2583 2584/2584/2584
v 1.0679 0.8713 0.3124
vt 0.2761 0.8058
vn -0.9792 -0.2027 0.0053
v 1.0979 0.7350 0.3124
vt 0.2761 0.8019
vn -0.9955 -0.0949 0.0028
v 1.0979 0.7350 0.9800
vt 0.2761 0.8019
vn -0.9955 -0.0949 0.0028
v 1.0802 0.8472 0.9800
vt 0.2761 0.8058
vn -0.9470 -0.3213 0.0029
f 2585/2585/2585 2586/2586/2586 2587/2587/2587 2588/2588/2588
v 0.3721 0.7350 0.9800
vt 0.2761 0.8451
vn 0.0000 -0.0000 1.0000
v 0.1281 0.7350 0.9800
vt 0.2761 0.8451
vn 0.0000 -0.0000 1.0000
v 0.1279 0.0000 0.9800
vt 0.2761 0.8199
vn 0.0000 -0.0000 1.0000
v 0.3721 0.0000 0.9800
vt 0.2761 0.8199
vn 0.0000 -0.0000 1.0000
f 2589/2589/2589 2590/2590/2590 2591/2591/2591 2592/2592/2592
v 0.4589 1.4340 0.8489
vt 0.2761 0.9122
vn -0.5564 0.8309 0.0000
v 0.4589 1.4340 0.3124
vt 0.2761 0.9122
vn -0.5564 0.8309 0.0000
v 0.3030 1.3296 0.3124
vt 0.2761 0.9086
vn -0.6348 0.7727 0.0000
v 0.3030 1.3296 0.8492
vt 0.2761 0.9086
vn -0.6348 0.7727 0.0000
f 2593/2593/2593 2594/2594/2594 2595/2595/2595 2596/2596/2596
v 0.3030 1.3296 0.8492
vt 0.2761 0.9086
vn -0.6348 0.7727 0.0000
v 0.3030 1.3296 0.3124
vt 0.2761 0.9086
vn -0.6348 0.7727 0.0000
v 0.1824 1.2091 0.3124
vt 0.2761 0.9045
vn -0.7071 0.7071 0.0000
v 0.1824 1.2091 0.8488
vt 0.2761 0.9045
vn -0.7071 0.7071 0.0000
f 2597/2597/2597 2598/2598/2598 2599/2599/2599 2600/2600/2600
v 0.5217 1.0286 0.9800
vt 0.2761 0.8120
vn 0.7053 -0.7089 0.0001
v 0.4834 0.9904 0.9800
vt 0.2761 0.8107
vn 0.7071 -0.7071 -0.0000
v 0.5026 1.0095 0.3124
vt 0.2761 0.8120
vn 0.7037 -0.7105 0.0001
f 2601/2601/2601 2602/2602/2602 2603/2603/2603
v 0.8962 1.0802 0.9800
vt 0.2761 0.8569
vn 0.0000 -0.0000 1.0000
v 0.9483 1.0286 0.9800
vt 0.2761 0.8552
vn 0.0000 -0.0000 1.0000
v 1.0912 1.2253 0.9800
vt 0.2761 0.8619
vn 0.0000 -0.0000 1.0000
v 0.9699 1.3070 0.9800
vt 0.2761 0.8647
vn 0.0000 -0.0000 1.0000
f 2604/2604/2604 2605/2605/2605 2606/2606/2606 2607/2607/2607
v 0.5739 1.0802 0.9800
vt 0.2761 0.7922
vn -0.8272 -0.4799 0.2924
v 0.5739 1.0802 0.3124
vt 0.2761 0.7922
vn -0.7395 -0.6731 0.0000
v 0.6332 1.0150 0.3124
vt 0.2761 0.7899
vn -0.7395 -0.6731 0.0000
v 0.6332 1.0150 1.0526
vt 0.2761 0.7899
vn -0.8244 -0.4961 0.2724
f 2608/2608/2608 2609/2609/2609 2610/2610/2610 2611/2611/2611
v 1.0111 1.4340 0.8489
vt 0.2761 0.8906
vn 0.8865 0.4627 0.0000
v 1.0111 1.4340 0.3124
vt 0.2761 0.8906
vn 0.8865 0.4627 0.0000
v 0.9736 1.5061 0.3124
vt 0.2761 0.8931
vn 0.8865 0.4627 0.0000
v 0.9736 1.5061 0.9146
vt 0.2761 0.8931
vn 0.8865 0.4627 0.0000
f 2612/2612/2612 2613/2613/2613 2614/2614/2614 2615/2615/2615
v 0.8962 1.0802 0.9800
vt 0.2761 0.8353
vn 0.8272 -0.4799 0.2924
v 0.9699 1.3070 0.9800
vt 0.2761 0.8431
vn 0.8098 -0.2353 0.5375
v 0.9375 1.3766 1.0474
vt 0.2761 0.8455
vn 0.8098 -0.2353 0.5375
v 0.8368 1.0150 1.0526
vt 0.2761 0.8331
vn 0.8244 -0.4961 0.2724
f 2616/2616/2616 2617/2617/2617 2618/2618/2618 2619/2619/2619
v 1.4341 0.9621 0.8511
vt 0.2761 0.8961
vn 0.9512 0.3085 0.0000
v 1.4341 0.9621 0.3124
vt 0.2761 0.8961
vn 0.9511 0.3090 0.0000
v 1.3566 1.1141 0.3124
vt 0.2761 0.9013
vn 0.8910 0.4540 0.0000
v 1.3566 1.1141 0.8499
vt 0.2761 0.9013
vn 0.8910 0.4540 0.0000
f 2620/2620/2620 2621/2621/2621 2622/2622/2622 2623/2623/2623
v 1.0979 0.7350 0.9800
vt 0.2761 0.8019
vn -0.9955 -0.0949 0.0028
v 1.0979 0.7350 0.3124
vt 0.2761 0.8019
vn -0.9955 -0.0949 0.0028
v 1.0979 0.0000 0.3124
vt 0.2761 0.7767
vn -1.0000 0.0000 0.0000
v 1.0979 0.0000 0.9800
vt 0.2761 0.7767
vn -1.0000 0.0000 0.0000
f 2624/2624/2624 2625/2625/2625 2626/2626/2626 2627/2627/2627
v 0.5217 1.0286 0.9800
vt 0.2761 0.8552
vn 0.0000 -0.0000 1.0000
v 0.5739 1.0802 0.9800
vt 0.2761 0.8569
vn 0.0000 -0.0000 1.0000
v 0.5002 1.3070 0.9800
vt 0.2761 0.8647
vn 0.0000 -0.0000 1.0000
v 0.3788 1.2253 0.9800
vt 0.2761 0.8619
vn 0.0000 -0.0000 1.0000
f 2628/2628/2628 2629/2629/2629 2630/2630/2630 2631/2631/2631
v 1.3420 0.7350 0.9800
vt 0.2761 0.8451
vn 0.0000 -0.0000 1.0000
v 1.0979 0.7350 0.9800
vt 0.2761 0.8451
vn 0.0000 -0.0000 1.0000
v 1.0979 0.0000 0.9800
vt 0.2761 0.8199
vn 0.0000 -0.0000 1.0000
v 1.3422 0.0000 0.9800
vt 0.2761 0.8199
vn 0.0000 -0.0000 1.0000
f 2632/2632/2632 2633/2633/2633 2634/2634/2634 2635/2635/2635
v 0.9736 1.5061 0.9146
vt 0.2761 0.8931
vn 0.0000 0.7163 0.6978
v 0.4965 1.5061 0.9146
vt 0.2761 0.8931
vn 0.0000 0.7163 0.6978
v 0.5325 1.3766 1.0474
vt 0.2761 0.8887
vn 0.0000 0.7163 0.6978
v 0.9375 1.3766 1.0474
vt 0.2761 0.8887
vn 0.0000 0.7163 0.6978
f 2636/2636/2636 2637/2637/2637 2638/2638/2638 2639/2639/2639
v 0.8962 1.0802 0.3124
vt 0.2761 0.7922
vn 0.7395 -0.6731 -0.0000
v 0.8962 1.0802 0.9800
vt 0.2761 0.7922
vn 0.8272 -0.4799 0.2924
v 0.8368 1.0150 1.0526
vt 0.2761 0.7899
vn 0.8244 -0.4961 0.2724
v 0.8368 1.0150 0.3124
vt 0.2761 0.7899
vn 0.7395 -0.6731 -0.0000
f 2640/2640/2640 2641/2641/2641 2642/2642/2642 2643/2643/2643
v 0.9483 1.0286 0.9800
vt 0.2761 0.8120
vn -0.7053 -0.7089 0.0001
v 0.8962 1.0802 0.9800
vt 0.2761 0.8137
vn -0.7035 -0.7107 0.0001
v 0.8962 1.0802 0.3124
vt 0.2761 0.8137
vn -0.7035 -0.7107 0.0001
v 0.9675 1.0095 0.3124
vt 0.2761 0.8120
vn -0.7037 -0.7105 0.0001
f 2644/2644/2644 2645/2645/2645 2646/2646/2646 2647/2647/2647
v 0.9483 1.0286 0.9800
vt 0.2761 0.8120
vn -0.7053 -0.7089 0.0001
v 0.9675 1.0095 0.3124
vt 0.2761 0.8107
vn -0.7037 -0.7105 0.0001
v 0.9866 0.9904 0.9800
vt 0.2761 0.8107
vn -0.7071 -0.7071 0.0000
f 2648/2648/2648 2649/2649/2649 2650/2650/2650
v 0.1134 1.1141 0.8499
vt 0.2761 0.9013
vn -0.8910 0.4540 0.0000
v 0.1134 1.1141 0.3124
vt 0.2761 0.9013
vn -0.8910 0.4540 0.0000
v 0.0360 0.9621 0.3124
vt 0.2761 0.8961
vn -0.9511 0.3090 0.0000
v 0.0360 0.9621 0.8511
vt 0.2761 0.8961
vn -0.9512 0.3085 0.0000
f 2651/2651/2651 2652/2652/2652 2653/2653/2653 2654/2654/2654
v 0.5217 1.0286 0.9800
vt 0.2761 0.8120
vn 0.7053 -0.7089 0.0001
v 0.5026 1.0095 0.3124
vt 0.2761 0.8120
vn 0.7037 -0.7105 0.0001
v 0.5739 1.0802 0.3124
vt 0.2761 0.8137
vn 0.7035 -0.7107 0.0001
v 0.5739 1.0802 0.9800
vt 0.2761 0.8137
vn 0.7035 -0.7107 0.0001
f 2655/2655/2655 2656/2656/2656 2657/2657/2657 2658/2658/2658
v 1.4700 0.7350 0.8518
vt 0.2761 0.8883
vn 0.9969 0.0784 -0.0000
v 1.4700 0.7350 0.3124
vt 0.2761 0.8883
vn 0.9969 0.0785 -0.0000
v 1.4341 0.9621 0.3124
vt 0.2761 0.8961
vn 0.9511 0.3090 0.0000
v 1.4341 0.9621 0.8511
vt 0.2761 0.8961
vn 0.9512 0.3085 0.0000
f 2659/2659/2659 2660/2660/2660 2661/2661/2661 2662/2662/2662
v 0.0000 0.7350 0.8518
vt 0.2761 0.8883
vn -0.9969 0.0784 0.0000
v 0.0000 0.7350 0.3124
vt 0.2761 0.8883
vn -0.9969 0.0785 0.0000
v 0.0000 0.0000 0.3124
vt 0.2761 0.8631
vn -1.0000 0.0000 0.0000
v 0.0000 0.0000 0.8520
vt 0.2761 0.8631
vn -1.0000 0.0000 0.0000
f 2663/2663/2663 2664/2664/2664 2665/2665/2665 2666/2666/2666
v 1.4700 0.0000 0.3124
vt 0.2761 0.8631
vn 1.0000 0.0000 0.0000
v 1.4700 0.7350 0.3124
vt 0.2761 0.8883
vn 0.9969 0.0785 -0.0000
v 1.4700 0.7350 0.8518
vt 0.2761 0.8883
vn 0.9969 0.0784 -0.0000
v 1.4700 0.0000 0.8520
vt 0.2761 0.8631
vn 1.0000 0.0000 0.0000
f 2667/2667/2667 2668/2668/2668 2669/2669/2669 2670/2670/2670
v 0.4589 1.4340 0.3124
vt 0.2761 0.8906
vn -0.8865 0.4627 0.0000
v 0.4589 1.4340 0.8489
vt 0.2761 0.8906
vn -0.8865 0.4627 0.0000
v 0.4965 1.5061 0.9146
vt 0.2761 0.8931
vn -0.8865 0.4627 0.0000
v 0.4965 1.5061 0.3124
vt 0.2761 0.8931
vn -0.8865 0.4627 0.0000
f 2671/2671/2671 2672/2672/2672 2673/2673/2673 2674/2674/2674
v 1.1670 1.3296 0.8492
vt 0.2761 0.9086
vn 0.6348 0.7727 0.0000
v 1.1670 1.3296 0.3124
vt 0.2761 0.9086
vn 0.6348 0.7727 0.0000
v 1.0111 1.4340 0.3124
vt 0.2761 0.9122
vn 0.5564 0.8309 0.0000
v 1.0111 1.4340 0.8489
vt 0.2761 0.9122
vn 0.5564 0.8309 0.0000
f 2675/2675/2675 2676/2676/2676 2677/2677/2677 2678/2678/2678
v 1.0556 0.8954 0.9800
vt 0.2761 0.8506
vn 0.0000 -0.0000 1.0000
v 1.0802 0.8472 0.9800
vt 0.2761 0.8489
vn 0.0000 -0.0000 1.0000
v 1.3117 0.9224 0.9800
vt 0.2761 0.8515
vn 0.0000 -0.0000 1.0000
v 1.2518 1.0379 0.9800
vt 0.2761 0.8555
vn 0.0000 -0.0000 1.0000
f 2679/2679/2679 2680/2680/2680 2681/2681/2681 2682/2682/2682
v 0.3721 0.7350 0.9800
vt 0.2761 0.8451
vn 0.0000 -0.0000 1.0000
v 0.3899 0.8472 0.9800
vt 0.2761 0.8489
vn 0.0000 -0.0000 1.0000
v 0.1584 0.9224 0.9800
vt 0.2761 0.8515
vn 0.0000 -0.0000 1.0000
v 0.1281 0.7350 0.9800
vt 0.2761 0.8451
vn 0.0000 -0.0000 1.0000
f 2683/2683/2683 2684/2684/2684 2685/2685/2685 2686/2686/2686
v 0.4965 1.5061 0.3124
vt 0.2761 0.9147
vn 0.0000 1.0000 0.0000
v 0.4965 1.5061 0.9146
vt 0.2761 0.9147
vn 0.0000 1.0000 0.0000
v 0.9736 1.5061 0.9146
vt 0.2761 0.9147
vn 0.0000 1.0000 0.0000
v 0.9736 1.5061 0.3124
vt 0.2761 0.9147
vn 0.0000 1.0000 0.0000
f 2687/2687/2687 2688/2688/2688 2689/2689/2689 2690/2690/2690
v 1.0556 0.8954 0.9800
vt 0.2761 0.8722
vn -0.4426 0.6053 0.6616
v 1.2518 1.0379 0.9800
vt 0.2761 0.8771
vn -0.4426 0.6053 0.6616
v 1.1647 1.0472 0.9141
vt 0.2761 0.8774
vn -0.4426 0.6053 0.6616
v 1.0763 0.9829 0.9128
vt 0.2761 0.8752
vn -0.4426 0.6053 0.6616
f 2691/2691/2691 2692/2692/2692 2693/2693/2693 2694/2694/2694
v 0.1991 1.1244 0.3124
vt 0.2761 0.8800
vn -0.9812 -0.1928 0.0000
v 0.1991 1.1244 0.7841
vt 0.2761 0.8800
vn -0.9812 -0.1928 0.0000
v 0.1824 1.2091 0.8488
vt 0.2761 0.8829
vn -0.9812 -0.1928 0.0000
v 0.1824 1.2091 0.3124
vt 0.2761 0.8829
vn -0.9812 -0.1928 0.0000
f 2695/2695/2695 2696/2696/2696 2697/2697/2697 2698/2698/2698
v 1.0763 0.9829 0.9128
vt 0.2761 0.8320
vn 0.4389 -0.6080 0.6616
v 1.1647 1.0472 0.9141
vt 0.2761 0.8342
vn 0.4389 -0.6080 0.6616
v 1.1826 1.1328 0.9800
vt 0.2761 0.8371
vn 0.4389 -0.6080 0.6616
v 0.9866 0.9904 0.9800
vt 0.2761 0.8323
vn 0.4389 -0.6080 0.6616
f 2699/2699/2699 2700/2700/2700 2701/2701/2701 2702/2702/2702
v 0.3938 0.9829 0.9128
vt 0.2761 0.8752
vn 0.4426 0.6053 0.6616
v 0.3053 1.0472 0.9141
vt 0.2761 0.8774
vn 0.4426 0.6053 0.6616
v 0.2183 1.0379 0.9800
vt 0.2761 0.8771
vn 0.4426 0.6053 0.6616
v 0.4144 0.8954 0.9800
vt 0.2761 0.8722
vn 0.4426 0.6053 0.6616
f 2703/2703/2703 2704/2704/2704 2705/2705/2705 2706/2706/2706
v 0.1134 1.1141 0.3124
vt 0.2761 0.9229
vn -0.1198 0.9928 0.0000
v 0.1134 1.1141 0.8499
vt 0.2761 0.9229
vn -0.1198 0.9928 0.0000
v 0.1991 1.1244 0.7841
vt 0.2761 0.9232
vn -0.1198 0.9928 0.0000
v 0.1991 1.1244 0.3124
vt 0.2761 0.9232
vn -0.1198 0.9928 0.0000
f 2707/2707/2707 2708/2708/2708 2709/2709/2709 2710/2710/2710
v 0.4144 0.8954 0.9800
vt 0.2761 0.8290
vn 0.9901 0.1401 -0.0123
v 0.4022 0.8713 0.3124
vt 0.2761 0.8290
vn 0.9901 0.1401 -0.0123
v 0.3938 0.9829 0.3124
vt 0.2761 0.8320
vn 0.9901 0.1401 -0.0123
v 0.3938 0.9829 0.9128
vt 0.2761 0.8320
vn 0.9901 0.1401 -0.0123
f 2711/2711/2711 2712/2712/2712 2713/2713/2713 2714/2714/2714
v 1.0763 0.9829 0.3124
vt 0.2761 0.7888
vn -0.1727 -0.9849 -0.0123
v 1.0763 0.9829 0.9128
vt 0.2761 0.7888
vn -0.1727 -0.9849 -0.0123
v 0.9866 0.9904 0.9800
vt 0.2761 0.7891
vn -0.1727 -0.9849 -0.0123
v 0.9675 1.0095 0.3124
vt 0.2761 0.7891
vn -0.1727 -0.9849 -0.0123
f 2715/2715/2715 2716/2716/2716 2717/2717/2717 2718/2718/2718
v 1.3566 1.1141 0.8499
vt 0.2761 0.9229
vn 0.1198 0.9928 0.0000
v 1.3566 1.1141 0.3124
vt 0.2761 0.9229
vn 0.1198 0.9928 0.0000
v 1.2710 1.1244 0.3124
vt 0.2761 0.9232
vn 0.1198 0.9928 0.0000
v 1.2710 1.1244 0.7841
vt 0.2761 0.9232
vn 0.1198 0.9928 0.0000
f 2719/2719/2719 2720/2720/2720 2721/2721/2721 2722/2722/2722
v 1.2710 1.1244 0.7841
vt 0.2761 0.8800
vn 0.9812 -0.1928 -0.0000
v 1.2710 1.1244 0.3124
vt 0.2761 0.8800
vn 0.9812 -0.1928 -0.0000
v 1.2876 1.2091 0.3124
vt 0.2761 0.8829
vn 0.9812 -0.1928 -0.0000
v 1.2876 1.2091 0.8488
vt 0.2761 0.8829
vn 0.9812 -0.1928 -0.0000
f 2723/2723/2723 2724/2724/2724 2725/2725/2725 2726/2726/2726
v 1.0679 0.8713 0.3124
vt 0.2761 0.8290
vn -0.9901 0.1401 -0.0123
v 1.0556 0.8954 0.9800
vt 0.2761 0.8290
vn -0.9901 0.1401 -0.0123
v 1.0763 0.9829 0.9128
vt 0.2761 0.8320
vn -0.9901 0.1401 -0.0123
v 1.0763 0.9829 0.3124
vt 0.2761 0.8320
vn -0.9901 0.1401 -0.0123
f 2727/2727/2727 2728/2728/2728 2729/2729/2729 2730/2730/2730
v 0.4022 0.8713 0.3124
vt 0.2761 0.8074
vn 0.9792 -0.2027 0.0053
v 0.4144 0.8954 0.9800
vt 0.2761 0.8074
vn 0.8910 -0.4540 -0.0000
v 0.3899 0.8472 0.9800
vt 0.2761 0.8058
vn 0.9470 -0.3213 0.0029
f 2731/2731/2731 2732/2732/2732 2733/2733/2733
v 0.0360 0.9621 0.8511
vt 0.2761 0.8745
vn -0.6719 0.2224 0.7064
v 0.0000 0.7350 0.8518
vt 0.2761 0.8667
vn -0.7065 0.0549 0.7056
v 0.1281 0.7350 0.9800
vt 0.2761 0.8667
vn -0.7063 0.0589 0.7054
v 0.1584 0.9224 0.9800
vt 0.2761 0.8731
vn -0.6719 0.2224 0.7064
f 2734/2734/2734 2735/2735/2735 2736/2736/2736 2737/2737/2737
v 0.4589 1.4340 0.8489
vt 0.2761 0.8906
vn -0.3971 0.5925 0.7009
v 0.3030 1.3296 0.8492
vt 0.2761 0.8871
vn -0.4523 0.5509 0.7014
v 0.3788 1.2253 0.9800
vt 0.2761 0.8835
vn -0.4553 0.5485 0.7013
v 0.5002 1.3070 0.9800
vt 0.2761 0.8863
vn -0.3971 0.5925 0.7009
f 2738/2738/2738 2739/2739/2739 2740/2740/2740 2741/2741/2741
v 1.1670 1.3296 0.8492
vt 0.2761 0.8871
vn 0.4523 0.5509 0.7014
v 1.0111 1.4340 0.8489
vt 0.2761 0.8906
vn 0.3971 0.5925 0.7009
v 0.9699 1.3070 0.9800
vt 0.2761 0.8863
vn 0.3971 0.5925 0.7009
v 1.0912 1.2253 0.9800
vt 0.2761 0.8835
vn 0.4553 0.5485 0.7013
f 2742/2742/2742 2743/2743/2743 2744/2744/2744 2745/2745/2745
v 1.4700 0.7350 0.8518
vt 0.2761 0.8667
vn 0.7065 0.0549 0.7056
v 1.4341 0.9621 0.8511
vt 0.2761 0.8745
vn 0.6719 0.2224 0.7064
v 1.3117 0.9224 0.9800
vt 0.2761 0.8731
vn 0.6719 0.2224 0.7064
v 1.3420 0.7350 0.9800
vt 0.2761 0.8667
vn 0.7063 0.0589 0.7054
f 2746/2746/2746 2747/2747/2747 2748/2748/2748 2749/2749/2749
v 0.4965 1.5061 0.9146
vt 0.2761 0.8715
vn -0.9221 0.1054 0.3724
v 0.4589 1.4340 0.8489
vt 0.2761 0.8690
vn -0.9221 0.1054 0.3724
v 0.5002 1.3070 0.9800
vt 0.2761 0.8647
vn -0.9221 0.1054 0.3724
v 0.5325 1.3766 1.0474
vt 0.2761 0.8671
vn -0.9221 0.1054 0.3724
f 2750/2750/2750 2751/2751/2751 2752/2752/2752 2753/2753/2753
v 0.0000 0.7350 0.8518
vt 0.2761 0.8667
vn -0.7065 0.0549 0.7056
v 0.0000 0.0000 0.8520
vt 0.2761 0.8415
vn -0.7076 0.0002 0.7066
v 0.1279 0.0000 0.9800
vt 0.2761 0.8415
vn -0.7076 0.0002 0.7066
v 0.1281 0.7350 0.9800
vt 0.2761 0.8667
vn -0.7063 0.0589 0.7054
f 2754/2754/2754 2755/2755/2755 2756/2756/2756 2757/2757/2757
v 1.4700 0.0000 0.8520
vt 0.2761 0.8415
vn 0.7076 0.0002 0.7066
v 1.4700 0.7350 0.8518
vt 0.2761 0.8667
vn 0.7065 0.0549 0.7056
v 1.3420 0.7350 0.9800
vt 0.2761 0.8667
vn 0.7063 0.0589 0.7054
v 1.3422 0.0000 0.9800
vt 0.2761 0.8415
vn 0.7076 0.0002 0.7066
f 2758/2758/2758 2759/2759/2759 2760/2760/2760 2761/2761/2761
v 0.9375 1.3766 1.0474
vt 0.2761 0.8671
vn 0.9221 0.1054 0.3724
v 0.9699 1.3070 0.9800
vt 0.2761 0.8647
vn 0.9221 0.1054 0.3724
v 1.0111 1.4340 0.8489
vt 0.2761 0.8690
vn 0.9221 0.1054 0.3724
v 0.9736 1.5061 0.9146
vt 0.2761 0.8715
vn 0.9221 0.1054 0.3724
f 2762/2762/2762 2763/2763/2763 2764/2764/2764 2765/2765/2765
v 1.1647 1.0472 0.9141
vt 0.2761 0.8990
vn -0.1878 0.9051 0.3814
v 1.2518 1.0379 0.9800
vt 0.2761 0.8987
vn -0.1878 0.9051 0.3814
v 1.3566 1.1141 0.8499
vt 0.2761 0.9013
vn -0.1878 0.9051 0.3814
v 1.2710 1.1244 0.7841
vt 0.2761 0.9016
vn -0.1878 0.9051 0.3814
f 2766/2766/2766 2767/2767/2767 2768/2768/2768 2769/2769/2769
v 1.1826 1.1328 0.9800
vt 0.2761 0.8587
vn 0.8037 -0.4561 0.3820
v 1.1647 1.0472 0.9141
vt 0.2761 0.8558
vn 0.8037 -0.4561 0.3820
v 1.2710 1.1244 0.7841
vt 0.2761 0.8584
vn 0.8037 -0.4561 0.3820
v 1.2876 1.2091 0.8488
vt 0.2761 0.8613
vn 0.8037 -0.4561 0.3820
f 2770/2770/2770 2771/2771/2771 2772/2772/2772 2773/2773/2773
v 0.1824 1.2091 0.8488
vt 0.2761 0.8613
vn -0.8037 -0.4561 0.3820
v 0.1991 1.1244 0.7841
vt 0.2761 0.8584
vn -0.8037 -0.4561 0.3820
v 0.3053 1.0472 0.9141
vt 0.2761 0.8558
vn -0.8037 -0.4561 0.3820
v 0.2874 1.1328 0.9800
vt 0.2761 0.8587
vn -0.8037 -0.4561 0.3820
f 2774/2774/2774 2775/2775/2775 2776/2776/2776 2777/2777/2777
v 0.1991 1.1244 0.7841
vt 0.2761 0.9016
vn 0.1878 0.9051 0.3814
v 0.1134 1.1141 0.8499
vt 0.2761 0.9013
vn 0.1878 0.9051 0.3814
v 0.2183 1.0379 0.9800
vt 0.2761 0.8987
vn 0.1878 0.9051 0.3814
v 0.3053 1.0472 0.9141
vt 0.2761 0.8990
vn 0.1878 0.9051 0.3814
f 2778/2778/2778 2779/2779/2779 2780/2780/2780 2781/2781/2781
v 0.1134 1.1141 0.8499
vt 0.2761 0.8797
vn -0.6325 0.3279 0.7017
v 0.0360 0.9621 0.8511
vt 0.2761 0.8745
vn -0.6719 0.2224 0.7064
v 0.1584 0.9224 0.9800
vt 0.2761 0.8731
vn -0.6719 0.2224 0.7064
v 0.2183 1.0379 0.9800
vt 0.2761 0.8771
vn -0.6325 0.3279 0.7017
f 2782/2782/2782 2783/2783/2783 2784/2784/2784 2785/2785/2785
v 0.3030 1.3296 0.8492
vt 0.2761 0.8871
vn -0.4523 0.5509 0.7014
v 0.1824 1.2091 0.8488
vt 0.2761 0.8829
vn -0.5082 0.5041 0.6982
v 0.2874 1.1328 0.9800
vt 0.2761 0.8803
vn -0.5082 0.5041 0.6982
v 0.3788 1.2253 0.9800
vt 0.2761 0.8835
vn -0.4553 0.5485 0.7013
f 2786/2786/2786 2787/2787/2787 2788/2788/2788 2789/2789/2789
v 1.2876 1.2091 0.8488
vt 0.2761 0.8829
vn 0.5082 0.5041 0.6982
v 1.1670 1.3296 0.8492
vt 0.2761 0.8871
vn 0.4523 0.5509 0.7014
v 1.0912 1.2253 0.9800
vt 0.2761 0.8835
vn 0.4553 0.5485 0.7013
v 1.1826 1.1328 0.9800
vt 0.2761 0.8803
vn 0.5082 0.5041 0.6982
f 2790/2790/2790 2791/2791/2791 2792/2792/2792 2793/2793/2793
v 1.4341 0.9621 0.8511
vt 0.2761 0.8745
vn 0.6719 0.2224 0.7064
v 1.3566 1.1141 0.8499
vt 0.2761 0.8797
vn 0.6325 0.3279 0.7017
v 1.2518 1.0379 0.9800
vt 0.2761 0.8771
vn 0.6325 0.3279 0.7017
v 1.3117 0.9224 0.9800
vt 0.2761 0.8731
vn 0.6719 0.2224 0.7064
f 2794/2794/2794 2795/2795/2795 2796/2796/2796 2797/2797/2797
v 0.6332 1.0150 1.0526
vt 0.2761 0.8547
vn 0.0000 0.0142 0.9999
v 0.8368 1.0150 1.0526
vt 0.2761 0.8547
vn 0.0000 0.0142 0.9999
v 0.9375 1.3766 1.0474
vt 0.2761 0.8671
vn 0.0000 0.0142 0.9999
v 0.5325 1.3766 1.0474
vt 0.2761 0.8671
vn 0.0000 0.0142 0.9999
f 2798/2798/2798 2799/2799/2799 2800/2800/2800 2801/2801/2801
v 1.0802 0.8472 0.9800
vt 0.2761 0.8489
vn 0.0000 -0.0000 1.0000
v 1.0979 0.7350 0.9800
vt 0.2761 0.8451
vn 0.0000 -0.0000 1.0000
v 1.3420 0.7350 0.9800
vt 0.2761 0.8451
vn 0.0000 -0.0000 1.0000
v 1.3117 0.9224 0.9800
vt 0.2761 0.8515
vn 0.0000 -0.0000 1.0000
f 2802/2802/2802 2803/2803/2803 2804/2804/2804 2805/2805/2805
v 0.3721 0.7350 0.3124
vt 0.2761 0.8019
vn 0.9955 -0.0949 0.0028
v 0.4022 0.8713 0.3124
vt 0.2761 0.8058
vn 0.9792 -0.2027 0.0053
v 0.3899 0.8472 0.9800
vt 0.2761 0.8058
vn 0.9470 -0.3213 0.0029
v 0.3721 0.7350 0.9800
vt 0.2761 0.8019
vn 0.9955 -0.0949 0.0028
f 2806/2806/2806 2807/2807/2807 2808/2808/2808 2809/2809/2809
v 0.6332 1.0150 0.3124
vt 0.2761 0.8115
vn -0.0000 -1.0000 0.0000
v 0.8368 1.0150 0.3124
vt 0.2761 0.8115
vn -0.0000 -1.0000 0.0000
v 0.8368 1.0150 1.0526
vt 0.2761 0.8115
vn -0.0000 -1.0000 0.0000
v 0.6332 1.0150 1.0526
vt 0.2761 0.8115
vn -0.0000 -1.0000 0.0000
f 2810/2810/2810 2811/2811/2811 2812/2812/2812 2813/2813/2813
v 0.2450 0.2291 0.3675
vt 0.5855 0.1989
vn 0.0000 -0.0000 1.0000
v 1.2250 0.2291 0.3675
vt 0.5338 0.1989
vn 0.0000 -0.0000 1.0000
v 1.2250 1.3316 0.3675
vt 0.5338 0.0315
vn 0.0000 -0.0000 1.0000
v 0.2450 1.3316 0.3675
vt 0.5855 0.0315
vn 0.0000 -0.0000 1.0000
f 2814/2814/2814 2815/2815/2815 2816/2816/2816 2817/2817/2817
v 1.2250 0.2291 0.3675
vt 0.4675 0.8066
vn 0.0000 1.0000 0.0000
v 0.2450 0.2291 0.3675
vt 0.4075 0.8066
vn 0.0000 1.0000 0.0000
v 0.2450 0.2291 1.0780
vt 0.4075 0.8066
vn 0.0000 1.0000 0.0000
v 1.2250 0.2291 1.0780
vt 0.4675 0.8066
vn 0.0000 1.0000 0.0000
f 2818/2818/2818 2819/2819/2819 2820/2820/2820 2821/2821/2821
v 0.9555 0.1225 0.9800
vt 0.2761 0.7809
vn -0.0000 -1.0000 0.0000
v 0.9555 0.1225 1.2985
vt 0.2761 0.7809
vn 0.3416 -0.8756 0.3416
v 0.5145 0.1225 1.2985
vt 0.2761 0.7809
vn -0.3416 -0.8756 0.3416
v 0.5145 0.1225 0.9800
vt 0.2761 0.7809
vn -0.0000 -1.0000 0.0000
f 2822/2822/2822 2823/2823/2823 2824/2824/2824 2825/2825/2825
v 0.9555 0.3430 1.3230
vt 0.2761 0.8317
vn 0.3416 0.3416 0.8756
v 0.5145 0.3430 1.3230
vt 0.2761 0.8317
vn -0.3416 0.3416 0.8756
v 0.5145 0.1470 1.3230
vt 0.2761 0.8250
vn 0.0000 -0.0000 1.0000
v 0.9555 0.1470 1.3230
vt 0.2761 0.8250
vn 0.0000 -0.0000 1.0000
f 2826/2826/2826 2827/2827/2827 2828/2828/2828 2829/2829/2829
v 0.5145 0.3675 0.9800
vt 0.2761 0.8757
vn -0.3416 0.8756 -0.3416
v 0.5145 0.3675 1.2985
vt 0.2761 0.8757
vn 0.0000 1.0000 0.0000
v 0.9555 0.3675 1.2985
vt 0.2761 0.8757
vn 0.0000 1.0000 0.0000
v 0.9555 0.3675 0.9800
vt 0.2761 0.8757
vn 0.3416 0.8756 -0.3416
f 2830/2830/2830 2831/2831/2831 2832/2832/2832 2833/2833/2833
v 0.5145 0.1470 0.9555
vt 0.2761 0.7691
vn -0.3416 -0.3416 -0.8756
v 0.5145 0.1225 0.9800
vt 0.2761 0.7683
vn -0.4606 -0.7588 -0.4606
v 0.4900 0.1470 0.9800
vt 0.2761 0.7691
vn -0.7589 -0.4605 -0.4605
f 2834/2834/2834 2835/2835/2835 2836/2836/2836
v 0.5145 0.1225 1.2985
vt 0.2761 0.7683
vn -0.3416 -0.8756 0.3416
v 0.5145 0.1470 1.3230
vt 0.2761 0.7691
vn -0.4606 -0.4606 0.7588
v 0.4900 0.1470 1.2985
vt 0.2761 0.7691
vn -0.7588 -0.4605 0.4606
f 2837/2837/2837 2838/2838/2838 2839/2839/2839
v 0.5145 0.3430 0.9555
vt 0.2761 0.8533
vn -0.4606 0.4606 -0.7587
v 0.4900 0.3430 0.9800
vt 0.2761 0.8533
vn -0.7589 0.4605 -0.4605
v 0.5145 0.3675 0.9800
vt 0.2761 0.8541
vn -0.3416 0.8756 -0.3416
f 2840/2840/2840 2841/2841/2841 2842/2842/2842
v 0.5145 0.3430 1.3230
vt 0.2761 0.8533
vn -0.3416 0.3416 0.8756
v 0.5145 0.3675 1.2985
vt 0.2761 0.8541
vn -0.4606 0.7588 0.4606
v 0.4900 0.3430 1.2985
vt 0.2761 0.8533
vn -0.7588 0.4605 0.4606
f 2843/2843/2843 2844/2844/2844 2845/2845/2845
v 0.9555 0.1470 0.9555
vt 0.2761 0.7691
vn 0.3416 -0.3416 -0.8756
v 0.9800 0.1470 0.9800
vt 0.2761 0.7691
vn 0.7588 -0.4605 -0.4606
v 0.9555 0.1225 0.9800
vt 0.2761 0.7683
vn 0.4606 -0.7588 -0.4606
f 2846/2846/2846 2847/2847/2847 2848/2848/2848
v 0.9555 0.1470 1.3230
vt 0.2761 0.7691
vn 0.4606 -0.4606 0.7587
v 0.9555 0.1225 1.2985
vt 0.2761 0.7683
vn 0.3416 -0.8756 0.3416
v 0.9800 0.1470 1.2985
vt 0.2761 0.7691
vn 0.7589 -0.4605 0.4605
f 2849/2849/2849 2850/2850/2850 2851/2851/2851
v 0.9555 0.3430 0.9555
vt 0.2761 0.8533
vn 0.4606 0.4606 -0.7588
v 0.9555 0.3675 0.9800
vt 0.2761 0.8541
vn 0.3416 0.8756 -0.3416
v 0.9800 0.3430 0.9800
vt 0.2761 0.8533
vn 0.7588 0.4605 -0.4606
f 2852/2852/2852 2853/2853/2853 2854/2854/2854
v 0.9555 0.3430 1.3230
vt 0.2761 0.8533
vn 0.3416 0.3416 0.8756
v 0.9800 0.3430 1.2985
vt 0.2761 0.8533
vn 0.7589 0.4605 0.4605
v 0.9555 0.3675 1.2985
vt 0.2761 0.8541
vn 0.4606 0.7588 0.4606
f 2855/2855/2855 2856/2856/2856 2857/2857/2857
v 0.5145 0.3430 0.9555
vt 0.2761 0.8101
vn -0.4606 0.4606 -0.7587
v 0.5145 0.1470 0.9555
vt 0.2761 0.8034
vn -0.3416 -0.3416 -0.8756
v 0.4900 0.1470 0.9800
vt 0.2761 0.8034
vn -0.7589 -0.4605 -0.4605
v 0.4900 0.3430 0.9800
vt 0.2761 0.8101
vn -0.7589 0.4605 -0.4605
f 2858/2858/2858 2859/2859/2859 2860/2860/2860 2861/2861/2861
v 0.5145 0.1225 0.9800
vt 0.2761 0.7683
vn -0.4606 -0.7588 -0.4606
v 0.5145 0.1225 1.2985
vt 0.2761 0.7683
vn -0.3416 -0.8756 0.3416
v 0.4900 0.1470 1.2985
vt 0.2761 0.7691
vn -0.7588 -0.4605 0.4606
v 0.4900 0.1470 0.9800
vt 0.2761 0.7691
vn -0.7589 -0.4605 -0.4605
f 2862/2862/2862 2863/2863/2863 2864/2864/2864 2865/2865/2865
v 0.5145 0.1470 1.3230
vt 0.2761 0.8034
vn -0.4606 -0.4606 0.7588
v 0.5145 0.3430 1.3230
vt 0.2761 0.8101
vn -0.3416 0.3416 0.8756
v 0.4900 0.3430 1.2985
vt 0.2761 0.8101
vn -0.7588 0.4605 0.4606
v 0.4900 0.1470 1.2985
vt 0.2761 0.8034
vn -0.7588 -0.4605 0.4606
f 2866/2866/2866 2867/2867/2867 2868/2868/2868 2869/2869/2869
v 0.5145 0.3675 1.2985
vt 0.2761 0.8541
vn -0.4606 0.7588 0.4606
v 0.5145 0.3675 0.9800
vt 0.2761 0.8541
vn -0.3416 0.8756 -0.3416
v 0.4900 0.3430 0.9800
vt 0.2761 0.8533
vn -0.7589 0.4605 -0.4605
v 0.4900 0.3430 1.2985
vt 0.2761 0.8533
vn -0.7588 0.4605 0.4606
f 2870/2870/2870 2871/2871/2871 2872/2872/2872 2873/2873/2873
v 0.9555 0.3430 0.9555
vt 0.2761 0.8749
vn 0.4606 0.4606 -0.7588
v 0.5145 0.3430 0.9555
vt 0.2761 0.8749
vn -0.4606 0.4606 -0.7587
v 0.5145 0.3675 0.9800
vt 0.2761 0.8757
vn -0.3416 0.8756 -0.3416
v 0.9555 0.3675 0.9800
vt 0.2761 0.8757
vn 0.3416 0.8756 -0.3416
f 2874/2874/2874 2875/2875/2875 2876/2876/2876 2877/2877/2877
v 0.5145 0.3430 1.3230
vt 0.2761 0.8749
vn -0.3416 0.3416 0.8756
v 0.9555 0.3430 1.3230
vt 0.2761 0.8749
vn 0.3416 0.3416 0.8756
v 0.9555 0.3675 1.2985
vt 0.2761 0.8757
vn 0.4606 0.7588 0.4606
v 0.5145 0.3675 1.2985
vt 0.2761 0.8757
vn -0.4606 0.7588 0.4606
f 2878/2878/2878 2879/2879/2879 2880/2880/2880 2881/2881/2881
v 0.9800 0.3430 1.2985
vt 0.2761 0.8533
vn 0.7589 0.4605 0.4605
v 0.9800 0.3430 0.9800
vt 0.2761 0.8533
vn 0.7588 0.4605 -0.4606
v 0.9555 0.3675 0.9800
vt 0.2761 0.8541
vn 0.3416 0.8756 -0.3416
v 0.9555 0.3675 1.2985
vt 0.2761 0.8541
vn 0.4606 0.7588 0.4606
f 2882/2882/2882 2883/2883/2883 2884/2884/2884 2885/2885/2885
v 0.9555 0.1470 0.9555
vt 0.2761 0.8034
vn 0.3416 -0.3416 -0.8756
v 0.9555 0.3430 0.9555
vt 0.2761 0.8101
vn 0.4606 0.4606 -0.7588
v 0.9800 0.3430 0.9800
vt 0.2761 0.8101
vn 0.7588 0.4605 -0.4606
v 0.9800 0.1470 0.9800
vt 0.2761 0.8034
vn 0.7588 -0.4605 -0.4606
f 2886/2886/2886 2887/2887/2887 2888/2888/2888 2889/2889/2889
v 0.9555 0.3430 1.3230
vt 0.2761 0.8101
vn 0.3416 0.3416 0.8756
v 0.9555 0.1470 1.3230
vt 0.2761 0.8034
vn 0.4606 -0.4606 0.7587
v 0.9800 0.1470 1.2985
vt 0.2761 0.8034
vn 0.7589 -0.4605 0.4605
v 0.9800 0.3430 1.2985
vt 0.2761 0.8101
vn 0.7589 0.4605 0.4605
f 2890/2890/2890 2891/2891/2891 2892/2892/2892 2893/2893/2893
v 0.9555 0.1225 1.2985
vt 0.2761 0.7683
vn 0.3416 -0.8756 0.3416
v 0.9555 0.1225 0.9800
vt 0.2761 0.7683
vn 0.4606 -0.7588 -0.4606
v 0.9800 0.1470 0.9800
vt 0.2761 0.7691
vn 0.7588 -0.4605 -0.4606
v 0.9800 0.1470 1.2985
vt 0.2761 0.7691
vn 0.7589 -0.4605 0.4605
f 2894/2894/2894 2895/2895/2895 2896/2896/2896 2897/2897/2897
v 0.5145 0.1470 0.9555
vt 0.2761 0.7818
vn -0.3416 -0.3416 -0.8756
v 0.9555 0.1470 0.9555
vt 0.2761 0.7818
vn 0.3416 -0.3416 -0.8756
v 0.9555 0.1225 0.9800
vt 0.2761 0.7809
vn 0.4606 -0.7588 -0.4606
v 0.5145 0.1225 0.9800
vt 0.2761 0.7809
vn -0.4606 -0.7588 -0.4606
f 2898/2898/2898 2899/2899/2899 2900/2900/2900 2901/2901/2901
v 0.9555 0.1470 1.3230
vt 0.2761 0.7818
vn 0.4606 -0.4606 0.7587
v 0.5145 0.1470 1.3230
vt 0.2761 0.7818
vn -0.4606 -0.4606 0.7588
v 0.5145 0.1225 1.2985
vt 0.2761 0.7809
vn -0.3416 -0.8756 0.3416
v 0.9555 0.1225 1.2985
vt 0.2761 0.7809
vn 0.3416 -0.8756 0.3416
f 2902/2902/2902 2903/2903/2903 2904/2904/2904 2905/2905/2905
v 0.5145 0.3430 0.9555
vt 0.2761 0.8317
vn 0.0000 0.0000 -1.0000
v 0.9555 0.3430 0.9555
vt 0.2761 0.8317
vn 0.0000 0.0000 -1.0000
v 0.9555 0.1470 0.9555
vt 0.2761 0.8250
vn 0.3416 -0.3416 -0.8756
v 0.5145 0.1470 0.9555
vt 0.2761 0.8250
vn -0.3416 -0.3416 -0.8756
f 2906/2906/2906 2907/2907/2907 2908/2908/2908 2909/2909/2909
v 1.4455 0.1225 0.9800
vt 0.2761 0.7809
vn -0.0000 -1.0000 0.0000
v 1.3230 0.1225 1.2985
vt 0.2761 0.7809
vn 0.2879 -0.8724 0.3950
v 1.0045 0.1225 1.2985
vt 0.2761 0.7809
vn -0.3416 -0.8756 0.3416
v 1.0045 0.1225 0.9800
vt 0.2761 0.7809
vn -0.0000 -1.0000 0.0000
f 2910/2910/2910 2911/2911/2911 2912/2912/2912 2913/2913/2913
v 1.4700 0.3430 0.9800
vt 0.2761 0.8317
vn 0.8798 0.3339 0.3384
v 1.3475 0.3430 1.2985
vt 0.2761 0.8317
vn 0.7999 0.3344 0.4983
v 1.3475 0.1470 1.2985
vt 0.2761 0.8250
vn 0.7999 -0.3344 0.4983
v 1.4700 0.1470 0.9800
vt 0.2761 0.8250
vn 0.8798 -0.3339 0.3384
f 2914/2914/2914 2915/2915/2915 2916/2916/2916 2917/2917/2917
v 1.3230 0.3430 1.3230
vt 0.2761 0.8317
vn 0.0000 -0.0000 1.0000
v 1.0045 0.3430 1.3230
vt 0.2761 0.8317
vn 0.0000 -0.0000 1.0000
v 1.0045 0.1470 1.3230
vt 0.2761 0.8250
vn 0.0000 -0.0000 1.0000
v 1.3230 0.1470 1.3230
vt 0.2761 0.8250
vn 0.0000 -0.0000 1.0000
f 2918/2918/2918 2919/2919/2919 2920/2920/2920 2921/2921/2921
v 1.0045 0.3675 0.9800
vt 0.2761 0.8757
vn -0.3416 0.8756 -0.3416
v 1.0045 0.3675 1.2985
vt 0.2761 0.8757
vn -0.3416 0.8756 0.3416
v 1.3230 0.3675 1.2985
vt 0.2761 0.8757
vn 0.2879 0.8724 0.3950
v 1.4455 0.3675 0.9800
vt 0.2761 0.8757
vn 0.1758 0.8487 -0.4988
f 2922/2922/2922 2923/2923/2923 2924/2924/2924 2925/2925/2925
v 1.0045 0.1470 0.9555
vt 0.2761 0.7818
vn -0.3416 -0.3416 -0.8756
v 1.0045 0.1225 0.9800
vt 0.2761 0.7810
vn -0.4606 -0.7588 -0.4606
v 0.9800 0.1470 0.9800
vt 0.2761 0.7818
vn -0.7589 -0.4605 -0.4605
f 2926/2926/2926 2927/2927/2927 2928/2928/2928
v 1.0045 0.1225 1.2985
vt 0.2761 0.7810
vn -0.3416 -0.8756 0.3416
v 1.0045 0.1470 1.3230
vt 0.2761 0.7818
vn -0.4606 -0.4606 0.7588
v 0.9800 0.1470 1.2985
vt 0.2761 0.7818
vn -0.7588 -0.4605 0.4606
f 2929/2929/2929 2930/2930/2930 2931/2931/2931
v 1.0045 0.3430 0.9555
vt 0.2761 0.8659
vn -0.4606 0.4606 -0.7587
v 0.9800 0.3430 0.9800
vt 0.2761 0.8659
vn -0.7589 0.4605 -0.4605
v 1.0045 0.3675 0.9800
vt 0.2761 0.8668
vn -0.3416 0.8756 -0.3416
f 2932/2932/2932 2933/2933/2933 2934/2934/2934
v 1.0045 0.3430 1.3230
vt 0.2761 0.8659
vn -0.4606 0.4606 0.7588
v 1.0045 0.3675 1.2985
vt 0.2761 0.8668
vn -0.3416 0.8756 0.3416
v 0.9800 0.3430 1.2985
vt 0.2761 0.8659
vn -0.7588 0.4605 0.4606
f 2935/2935/2935 2936/2936/2936 2937/2937/2937
v 1.4455 0.1470 0.9555
vt 0.2761 0.7818
vn 0.3416 -0.3416 -0.8756
v 1.4700 0.1470 0.9800
vt 0.2761 0.7818
vn 0.6861 -0.2418 -0.6861
v 1.4455 0.1225 0.9800
vt 0.2761 0.7809
vn 0.2418 -0.6861 -0.6861
f 2938/2938/2938 2939/2939/2939 2940/2940/2940
v 1.3230 0.1470 1.3230
vt 0.2761 0.7818
vn 0.4606 -0.4606 0.7588
v 1.3230 0.1225 1.2985
vt 0.2761 0.7809
vn 0.2879 -0.8724 0.3950
v 1.3475 0.1470 1.2985
vt 0.2761 0.7818
vn 0.7999 -0.3344 0.4983
f 2941/2941/2941 2942/2942/2942 2943/2943/2943
v 1.4455 0.3430 0.9555
vt 0.2761 0.8749
vn 0.4606 0.4606 -0.7588
v 1.4455 0.3675 0.9800
vt 0.2761 0.8757
vn 0.1758 0.8487 -0.4988
v 1.4700 0.3430 0.9800
vt 0.2761 0.8749
vn 0.6861 0.2418 -0.6861
f 2944/2944/2944 2945/2945/2945 2946/2946/2946
v 1.3230 0.3430 1.3230
vt 0.2761 0.8749
vn 0.4606 0.4606 0.7588
v 1.3475 0.3430 1.2985
vt 0.2761 0.8749
vn 0.7999 0.3344 0.4983
v 1.3230 0.3675 1.2985
vt 0.2761 0.8757
vn 0.2879 0.8724 0.3950
f 2947/2947/2947 2948/2948/2948 2949/2949/2949
v 1.0045 0.3430 0.9555
vt 0.2761 0.8228
vn -0.4606 0.4606 -0.7587
v 1.0045 0.1470 0.9555
vt 0.2761 0.8160
vn -0.3416 -0.3416 -0.8756
v 0.9800 0.1470 0.9800
vt 0.2761 0.8160
vn -0.7589 -0.4605 -0.4605
v 0.9800 0.3430 0.9800
vt 0.2761 0.8228
vn -0.7589 0.4605 -0.4605
f 2950/2950/2950 2951/2951/2951 2952/2952/2952 2953/2953/2953
v 1.0045 0.1225 0.9800
vt 0.2761 0.7810
vn -0.4606 -0.7588 -0.4606
v 1.0045 0.1225 1.2985
vt 0.2761 0.7810
vn -0.3416 -0.8756 0.3416
v 0.9800 0.1470 1.2985
vt 0.2761 0.7818
vn -0.7588 -0.4605 0.4606
v 0.9800 0.1470 0.9800
vt 0.2761 0.7818
vn -0.7589 -0.4605 -0.4605
f 2954/2954/2954 2955/2955/2955 2956/2956/2956 2957/2957/2957
v 1.0045 0.1470 1.3230
vt 0.2761 0.8160
vn -0.4606 -0.4606 0.7588
v 1.0045 0.3430 1.3230
vt 0.2761 0.8228
vn -0.4606 0.4606 0.7588
v 0.9800 0.3430 1.2985
vt 0.2761 0.8228
vn -0.7588 0.4605 0.4606
v 0.9800 0.1470 1.2985
vt 0.2761 0.8160
vn -0.7588 -0.4605 0.4606
f 2958/2958/2958 2959/2959/2959 2960/2960/2960 2961/2961/2961
v 1.0045 0.3675 1.2985
vt 0.2761 0.8668
vn -0.3416 0.8756 0.3416
v 1.0045 0.3675 0.9800
vt 0.2761 0.8668
vn -0.3416 0.8756 -0.3416
v 0.9800 0.3430 0.9800
vt 0.2761 0.8659
vn -0.7589 0.4605 -0.4605
v 0.9800 0.3430 1.2985
vt 0.2761 0.8659
vn -0.7588 0.4605 0.4606
f 2962/2962/2962 2963/2963/2963 2964/2964/2964 2965/2965/2965
v 1.4455 0.3430 0.9555
vt 0.2761 0.8749
vn 0.4606 0.4606 -0.7588
v 1.0045 0.3430 0.9555
vt 0.2761 0.8749
vn -0.4606 0.4606 -0.7587
v 1.0045 0.3675 0.9800
vt 0.2761 0.8757
vn -0.3416 0.8756 -0.3416
v 1.4455 0.3675 0.9800
vt 0.2761 0.8757
vn 0.1758 0.8487 -0.4988
f 2966/2966/2966 2967/2967/2967 2968/2968/2968 2969/2969/2969
v 1.0045 0.3430 1.3230
vt 0.2761 0.8749
vn -0.4606 0.4606 0.7588
v 1.3230 0.3430 1.3230
vt 0.2761 0.8749
vn 0.4606 0.4606 0.7588
v 1.3230 0.3675 1.2985
vt 0.2761 0.8757
vn 0.2879 0.8724 0.3950
v 1.0045 0.3675 1.2985
vt 0.2761 0.8757
vn -0.3416 0.8756 0.3416
f 2970/2970/2970 2971/2971/2971 2972/2972/2972 2973/2973/2973
v 1.3475 0.3430 1.2985
vt 0.2761 0.8749
vn 0.7999 0.3344 0.4983
v 1.4700 0.3430 0.9800
vt 0.2761 0.8749
vn 0.8798 0.3339 0.3384
v 1.4455 0.3675 0.9800
vt 0.2761 0.8757
vn 0.6823 0.6823 0.2624
v 1.3230 0.3675 1.2985
vt 0.2761 0.8757
vn 0.2879 0.8724 0.3950
f 2974/2974/2974 2975/2975/2975 2976/2976/2976 2977/2977/2977
v 1.4455 0.1470 0.9555
vt 0.2761 0.8250
vn 0.3416 -0.3416 -0.8756
v 1.4455 0.3430 0.9555
vt 0.2761 0.8317
vn 0.4606 0.4606 -0.7588
v 1.4700 0.3430 0.9800
vt 0.2761 0.8317
vn 0.6861 0.2418 -0.6861
v 1.4700 0.1470 0.9800
vt 0.2761 0.8250
vn 0.6861 -0.2418 -0.6861
f 2978/2978/2978 2979/2979/2979 2980/2980/2980 2981/2981/2981
v 1.3230 0.3430 1.3230
vt 0.2761 0.8317
vn 0.4606 0.4606 0.7588
v 1.3230 0.1470 1.3230
vt 0.2761 0.8250
vn 0.4606 -0.4606 0.7588
v 1.3475 0.1470 1.2985
vt 0.2761 0.8250
vn 0.7999 -0.3344 0.4983
v 1.3475 0.3430 1.2985
vt 0.2761 0.8317
vn 0.7999 0.3344 0.4983
f 2982/2982/2982 2983/2983/2983 2984/2984/2984 2985/2985/2985
v 1.3230 0.1225 1.2985
vt 0.2761 0.7809
vn 0.2879 -0.8724 0.3950
v 1.4455 0.1225 0.9800
vt 0.2761 0.7809
vn 0.6823 -0.6823 0.2624
v 1.4700 0.1470 0.9800
vt 0.2761 0.7818
vn 0.8798 -0.3339 0.3384
v 1.3475 0.1470 1.2985
vt 0.2761 0.7818
vn 0.7999 -0.3344 0.4983
f 2986/2986/2986 2987/2987/2987 2988/2988/2988 2989/2989/2989
v 1.0045 0.1470 0.9555
vt 0.2761 0.7818
vn -0.3416 -0.3416 -0.8756
v 1.4455 0.1470 0.9555
vt 0.2761 0.7818
vn 0.3416 -0.3416 -0.8756
v 1.4455 0.1225 0.9800
vt 0.2761 0.7809
vn 0.2418 -0.6861 -0.6861
v 1.0045 0.1225 0.9800
vt 0.2761 0.7809
vn -0.4606 -0.7588 -0.4606
f 2990/2990/2990 2991/2991/2991 2992/2992/2992 2993/2993/2993
v 1.3230 0.1470 1.3230
vt 0.2761 0.7818
vn 0.4606 -0.4606 0.7588
v 1.0045 0.1470 1.3230
vt 0.2761 0.7818
vn -0.4606 -0.4606 0.7588
v 1.0045 0.1225 1.2985
vt 0.2761 0.7809
vn -0.3416 -0.8756 0.3416
v 1.3230 0.1225 1.2985
vt 0.2761 0.7809
vn 0.2879 -0.8724 0.3950
f 2994/2994/2994 2995/2995/2995 2996/2996/2996 2997/2997/2997
v 1.0045 0.3430 0.9555
vt 0.2761 0.8317
vn 0.0000 0.0000 -1.0000
v 1.4455 0.3430 0.9555
vt 0.2761 0.8317
vn 0.0000 0.0000 -1.0000
v 1.4455 0.1470 0.9555
vt 0.2761 0.8250
vn 0.3416 -0.3416 -0.8756
v 1.0045 0.1470 0.9555
vt 0.2761 0.8250
vn -0.3416 -0.3416 -0.8756
f 2998/2998/2998 2999/2999/2999 3000/3000/3000 3001/3001/3001
v 0.4655 0.1225 0.9800
vt 0.2761 0.7809
vn -0.0000 -1.0000 0.0000
v 0.4655 0.1225 1.2985
vt 0.2761 0.7809
vn 0.3416 -0.8756 0.3416
v 0.1470 0.1225 1.2985
vt 0.2761 0.7809
vn -0.2879 -0.8724 0.3950
v 0.0245 0.1225 0.9800
vt 0.2761 0.7809
vn -0.0000 -1.0000 0.0000
f 3002/3002/3002 3003/3003/3003 3004/3004/3004 3005/3005/3005
v 0.4655 0.3430 1.3230
vt 0.2761 0.8317
vn 0.3416 0.3416 0.8756
v 0.1470 0.3430 1.3230
vt 0.2761 0.8317
vn -0.3416 0.3416 0.8756
v 0.1470 0.1470 1.3230
vt 0.2761 0.8250
vn 0.0000 -0.0000 1.0000
v 0.4655 0.1470 1.3230
vt 0.2761 0.8250
vn 0.0000 -0.0000 1.0000
f 3006/3006/3006 3007/3007/3007 3008/3008/3008 3009/3009/3009
v 0.0000 0.1470 0.9800
vt 0.2761 0.8250
vn -0.8798 -0.3339 0.3384
v 0.1225 0.1470 1.2985
vt 0.2761 0.8250
vn -0.7999 -0.3344 0.4983
v 0.1225 0.3430 1.2985
vt 0.2761 0.8317
vn -0.7999 0.3344 0.4983
v 0.0000 0.3430 0.9800
vt 0.2761 0.8317
vn -0.8798 0.3339 0.3384
f 3010/3010/3010 3011/3011/3011 3012/3012/3012 3013/3013/3013
v 0.0245 0.3675 0.9800
vt 0.2761 0.8757
vn -0.1758 0.8487 -0.4988
v 0.1470 0.3675 1.2985
vt 0.2761 0.8757
vn 0.0000 1.0000 0.0000
v 0.4655 0.3675 1.2985
vt 0.2761 0.8757
vn 0.0000 1.0000 0.0000
v 0.4655 0.3675 0.9800
vt 0.2761 0.8757
vn 0.3416 0.8756 -0.3416
f 3014/3014/3014 3015/3015/3015 3016/3016/3016 3017/3017/3017
v 0.0245 0.1470 0.9555
vt 0.2761 0.7818
vn -0.3416 -0.3416 -0.8756
v 0.0245 0.1225 0.9800
vt 0.2761 0.7809
vn -0.2418 -0.6861 -0.6861
v 0.0000 0.1470 0.9800
vt 0.2761 0.7818
vn -0.6861 -0.2418 -0.6861
f 3018/3018/3018 3019/3019/3019 3020/3020/3020
v 0.1470 0.1225 1.2985
vt 0.2761 0.7809
vn -0.2879 -0.8724 0.3950
v 0.1470 0.1470 1.3230
vt 0.2761 0.7818
vn -0.4606 -0.4606 0.7588
v 0.1225 0.1470 1.2985
vt 0.2761 0.7818
vn -0.7999 -0.3344 0.4983
f 3021/3021/3021 3022/3022/3022 3023/3023/3023
v 0.0245 0.3430 0.9555
vt 0.2761 0.8749
vn -0.4606 0.4606 -0.7588
v 0.0000 0.3430 0.9800
vt 0.2761 0.8749
vn -0.6861 0.2418 -0.6861
v 0.0245 0.3675 0.9800
vt 0.2761 0.8757
vn -0.1758 0.8487 -0.4988
f 3024/3024/3024 3025/3025/3025 3026/3026/3026
v 0.1470 0.3430 1.3230
vt 0.2761 0.8749
vn -0.3416 0.3416 0.8756
v 0.1470 0.3675 1.2985
vt 0.2761 0.8757
vn -0.4113 0.7157 0.5645
v 0.1225 0.3430 1.2985
vt 0.2761 0.8749
vn -0.7999 0.3344 0.4983
f 3027/3027/3027 3028/3028/3028 3029/3029/3029
v 0.4655 0.1470 0.9555
vt 0.2761 0.7818
vn 0.3416 -0.3416 -0.8756
v 0.4900 0.1470 0.9800
vt 0.2761 0.7818
vn 0.7588 -0.4605 -0.4606
v 0.4655 0.1225 0.9800
vt 0.2761 0.7810
vn 0.4606 -0.7588 -0.4606
f 3030/3030/3030 3031/3031/3031 3032/3032/3032
v 0.4655 0.1470 1.3230
vt 0.2761 0.7818
vn 0.4606 -0.4606 0.7587
v 0.4655 0.1225 1.2985
vt 0.2761 0.7810
vn 0.3416 -0.8756 0.3416
v 0.4900 0.1470 1.2985
vt 0.2761 0.7818
vn 0.7589 -0.4605 0.4605
f 3033/3033/3033 3034/3034/3034 3035/3035/3035
v 0.4655 0.3430 0.9555
vt 0.2761 0.8659
vn 0.4606 0.4606 -0.7588
v 0.4655 0.3675 0.9800
vt 0.2761 0.8668
vn 0.3416 0.8756 -0.3416
v 0.4900 0.3430 0.9800
vt 0.2761 0.8659
vn 0.7588 0.4605 -0.4606
f 3036/3036/3036 3037/3037/3037 3038/3038/3038
v 0.4655 0.3430 1.3230
vt 0.2761 0.8659
vn 0.3416 0.3416 0.8756
v 0.4900 0.3430 1.2985
vt 0.2761 0.8659
vn 0.7589 0.4605 0.4605
v 0.4655 0.3675 1.2985
vt 0.2761 0.8668
vn 0.4606 0.7588 0.4606
f 3039/3039/3039 3040/3040/3040 3041/3041/3041
v 0.0245 0.3430 0.9555
vt 0.2761 0.8317
vn -0.4606 0.4606 -0.7588
v 0.0245 0.1470 0.9555
vt 0.2761 0.8250
vn -0.3416 -0.3416 -0.8756
v 0.0000 0.1470 0.9800
vt 0.2761 0.8250
vn -0.6861 -0.2418 -0.6861
v 0.0000 0.3430 0.9800
vt 0.2761 0.8317
vn -0.6861 0.2418 -0.6861
f 3042/3042/3042 3043/3043/3043 3044/3044/3044 3045/3045/3045
v 0.0245 0.1225 0.9800
vt 0.2761 0.7809
vn -0.6823 -0.6823 0.2624
v 0.1470 0.1225 1.2985
vt 0.2761 0.7809
vn -0.2879 -0.8724 0.3950
v 0.1225 0.1470 1.2985
vt 0.2761 0.7818
vn -0.7999 -0.3344 0.4983
v 0.0000 0.1470 0.9800
vt 0.2761 0.7818
vn -0.8798 -0.3339 0.3384
f 3046/3046/3046 3047/3047/3047 3048/3048/3048 3049/3049/3049
v 0.1470 0.1470 1.3230
vt 0.2761 0.8250
vn -0.4606 -0.4606 0.7588
v 0.1470 0.3430 1.3230
vt 0.2761 0.8317
vn -0.3416 0.3416 0.8756
v 0.1225 0.3430 1.2985
vt 0.2761 0.8317
vn -0.7999 0.3344 0.4983
v 0.1225 0.1470 1.2985
vt 0.2761 0.8250
vn -0.7999 -0.3344 0.4983
f 3050/3050/3050 3051/3051/3051 3052/3052/3052 3053/3053/3053
v 0.1470 0.3675 1.2985
vt 0.2761 0.8757
vn -0.4113 0.7157 0.5645
v 0.0245 0.3675 0.9800
vt 0.2761 0.8757
vn -0.6823 0.6823 0.2624
v 0.0000 0.3430 0.9800
vt 0.2761 0.8749
vn -0.8798 0.3339 0.3384
v 0.1225 0.3430 1.2985
vt 0.2761 0.8749
vn -0.7999 0.3344 0.4983
f 3054/3054/3054 3055/3055/3055 3056/3056/3056 3057/3057/3057
v 0.4655 0.3430 0.9555
vt 0.2761 0.8749
vn 0.4606 0.4606 -0.7588
v 0.0245 0.3430 0.9555
vt 0.2761 0.8749
vn -0.4606 0.4606 -0.7588
v 0.0245 0.3675 0.9800
vt 0.2761 0.8757
vn -0.1758 0.8487 -0.4988
v 0.4655 0.3675 0.9800
vt 0.2761 0.8757
vn 0.3416 0.8756 -0.3416
f 3058/3058/3058 3059/3059/3059 3060/3060/3060 3061/3061/3061
v 0.1470 0.3430 1.3230
vt 0.2761 0.8749
vn -0.3416 0.3416 0.8756
v 0.4655 0.3430 1.3230
vt 0.2761 0.8749
vn 0.3416 0.3416 0.8756
v 0.4655 0.3675 1.2985
vt 0.2761 0.8757
vn 0.4606 0.7588 0.4606
v 0.1470 0.3675 1.2985
vt 0.2761 0.8757
vn -0.4113 0.7157 0.5645
f 3062/3062/3062 3063/3063/3063 3064/3064/3064 3065/3065/3065
v 0.4900 0.3430 1.2985
vt 0.2761 0.8659
vn 0.7589 0.4605 0.4605
v 0.4900 0.3430 0.9800
vt 0.2761 0.8659
vn 0.7588 0.4605 -0.4606
v 0.4655 0.3675 0.9800
vt 0.2761 0.8668
vn 0.3416 0.8756 -0.3416
v 0.4655 0.3675 1.2985
vt 0.2761 0.8668
vn 0.4606 0.7588 0.4606
f 3066/3066/3066 3067/3067/3067 3068/3068/3068 3069/3069/3069
v 0.4655 0.1470 0.9555
vt 0.2761 0.8160
vn 0.3416 -0.3416 -0.8756
v 0.4655 0.3430 0.9555
vt 0.2761 0.8228
vn 0.4606 0.4606 -0.7588
v 0.4900 0.3430 0.9800
vt 0.2761 0.8228
vn 0.7588 0.4605 -0.4606
v 0.4900 0.1470 0.9800
vt 0.2761 0.8160
vn 0.7588 -0.4605 -0.4606
f 3070/3070/3070 3071/3071/3071 3072/3072/3072 3073/3073/3073
v 0.4655 0.3430 1.3230
vt 0.2761 0.8228
vn 0.3416 0.3416 0.8756
v 0.4655 0.1470 1.3230
vt 0.2761 0.8160
vn 0.4606 -0.4606 0.7587
v 0.4900 0.1470 1.2985
vt 0.2761 0.8160
vn 0.7589 -0.4605 0.4605
v 0.4900 0.3430 1.2985
vt 0.2761 0.8228
vn 0.7589 0.4605 0.4605
f 3074/3074/3074 3075/3075/3075 3076/3076/3076 3077/3077/3077
v 0.4655 0.1225 1.2985
vt 0.2761 0.7810
vn 0.3416 -0.8756 0.3416
v 0.4655 0.1225 0.9800
vt 0.2761 0.7810
vn 0.4606 -0.7588 -0.4606
v 0.4900 0.1470 0.9800
vt 0.2761 0.7818
vn 0.7588 -0.4605 -0.4606
v 0.4900 0.1470 1.2985
vt 0.2761 0.7818
vn 0.7589 -0.4605 0.4605
f 3078/3078/3078 3079/3079/3079 3080/3080/3080 3081/3081/3081
v 0.0245 0.1470 0.9555
vt 0.2761 0.7818
vn -0.3416 -0.3416 -0.8756
v 0.4655 0.1470 0.9555
vt 0.2761 0.7818
vn 0.3416 -0.3416 -0.8756
v 0.4655 0.1225 0.9800
vt 0.2761 0.7809
vn 0.4606 -0.7588 -0.4606
v 0.0245 0.1225 0.9800
vt 0.2761 0.7809
vn -0.2418 -0.6861 -0.6861
f 3082/3082/3082 3083/3083/3083 3084/3084/3084 3085/3085/3085
v 0.4655 0.1470 1.3230
vt 0.2761 0.7818
vn 0.4606 -0.4606 0.7587
v 0.1470 0.1470 1.3230
vt 0.2761 0.7818
vn -0.4606 -0.4606 0.7588
v 0.1470 0.1225 1.2985
vt 0.2761 0.7809
vn -0.2879 -0.8724 0.3950
v 0.4655 0.1225 1.2985
vt 0.2761 0.7809
vn 0.3416 -0.8756 0.3416
f 3086/3086/3086 3087/3087/3087 3088/3088/3088 3089/3089/3089
v 0.0245 0.3430 0.9555
vt 0.2761 0.8317
vn 0.0000 0.0000 -1.0000
v 0.4655 0.3430 0.9555
vt 0.2761 0.8317
vn 0.0000 0.0000 -1.0000
v 0.4655 0.1470 0.9555
vt 0.2761 0.8250
vn 0.3416 -0.3416 -0.8756
v 0.0245 0.1470 0.9555
vt 0.2761 0.8250
vn -0.3416 -0.3416 -0.8756
f 3090/3090/3090 3091/3091/3091 3092/3092/3092 3093/3093/3093
v 0.2450 0.0000 1.2005
vt 0.2761 0.8199
vn -1.0000 0.0000 0.0000
v 0.2450 0.2450 1.2005
vt 0.2761 0.8283
vn -1.0000 0.0000 0.0000
v 0.2450 0.2450 0.8890
vt 0.2761 0.8283
vn -1.0000 0.0000 0.0000
v 0.2450 0.0000 0.8890
vt 0.2761 0.8199
vn -1.0000 0.0000 0.0000
f 3094/3094/3094 3095/3095/3095 3096/3096/3096 3097/3097/3097
v 0.2450 0.0000 0.8890
vt 0.2761 0.8199
vn 0.0000 0.0000 -1.0000
v 0.2450 0.2450 0.8890
vt 0.2761 0.8283
vn 0.0000 0.0000 -1.0000
v 1.2250 0.2450 0.8890
vt 0.2761 0.8283
vn 0.0000 0.0000 -1.0000
v 1.2250 0.0000 0.8890
vt 0.2761 0.8199
vn 0.0000 0.0000 -1.0000
f 3098/3098/3098 3099/3099/3099 3100/3100/3100 3101/3101/3101
v 1.2250 0.0000 0.8890
vt 0.2761 0.8199
vn 1.0000 0.0000 0.0000
v 1.2250 0.2450 0.8890
vt 0.2761 0.8283
vn 1.0000 0.0000 0.0000
v 1.2250 0.2450 1.2005
vt 0.2761 0.8283
vn 1.0000 0.0000 0.0000
v 1.2250 0.0000 1.2005
vt 0.2761 0.8199
vn 1.0000 0.0000 0.0000
f 3102/3102/3102 3103/3103/3103 3104/3104/3104 3105/3105/3105
v 1.2250 0.0000 1.2005
vt 0.2761 0.8199
vn 0.0000 -0.0000 1.0000
v 1.2250 0.2450 1.2005
vt 0.2761 0.8283
vn 0.0000 -0.0000 1.0000
v 0.2450 0.2450 1.2005
vt 0.2761 0.8283
vn 0.0000 -0.0000 1.0000
v 0.2450 0.0000 1.2005
vt 0.2761 0.8199
vn 0.0000 -0.0000 1.0000
f 3106/3106/3106 3107/3107/3107 3108/3108/3108 3109/3109/3109
v 0.2450 0.0000 0.8890
vt 0.2761 0.7744
vn -0.0000 -1.0000 0.0000
v 1.2250 0.0000 0.8890
vt 0.2761 0.7744
vn -0.0000 -1.0000 0.0000
v 1.2250 0.0000 1.2005
vt 0.2761 0.7744
vn -0.0000 -1.0000 0.0000
v 0.2450 0.0000 1.2005
vt 0.2761 0.7744
vn -0.0000 -1.0000 0.0000
f 3110/3110/3110 3111/3111/3111 3112/3112/3112 3113/3113/3113
v 1.2250 0.2450 0.8890
vt 0.2761 0.8283
vn 0.0000 1.0000 0.0000
v 0.2450 0.2450 0.8890
vt 0.2761 0.8283
vn 0.0000 1.0000 0.0000
v 0.2450 0.2450 1.2005
vt 0.2761 0.8283
vn 0.0000 1.0000 0.0000
v 1.2250 0.2450 1.2005
vt 0.2761 0.8283
vn 0.0000 1.0000 0.0000
f 3114/3114/3114 3115/3115/3115 3116/3116/3116 3117/3117/3117
v 0.6298 0.1962 0.6191
vt 0.4466 0.8486
vn -0.8584 0.4316 0.2774
v 0.6900 0.3919 0.5012
vt 0.4466 0.8909
vn -0.8584 0.4316 0.2774
v 0.6471 0.3919 0.3684
vt 0.4466 0.8909
vn -0.8584 0.4316 0.2774
v 0.5293 0.1962 0.3081
vt 0.4466 0.8486
vn -0.8584 0.4316 0.2774
f 3118/3118/3118 3119/3119/3119 3120/3120/3120 3121/3121/3121
v 0.5293 0.1962 0.3081
vt 0.4466 0.8486
vn -0.2774 0.4316 -0.8584
v 0.6471 0.3919 0.3684
vt 0.4466 0.8909
vn -0.2774 0.4316 -0.8584
v 0.7800 0.3919 0.3255
vt 0.4466 0.8909
vn -0.2774 0.4316 -0.8584
v 0.8402 0.1962 0.2076
vt 0.4466 0.8486
vn -0.2774 0.4316 -0.8584
f 3122/3122/3122 3123/3123/3123 3124/3124/3124 3125/3125/3125
v 0.8402 0.1962 0.2076
vt 0.4466 0.8486
vn 0.8584 0.4316 -0.2774
v 0.7800 0.3919 0.3255
vt 0.4466 0.8909
vn 0.8584 0.4316 -0.2774
v 0.8229 0.3919 0.4583
vt 0.4466 0.8909
vn 0.8584 0.4316 -0.2774
v 0.9408 0.1962 0.5186
vt 0.4466 0.8486
vn 0.8584 0.4316 -0.2774
f 3126/3126/3126 3127/3127/3127 3128/3128/3128 3129/3129/3129
v 0.9408 0.1962 0.5186
vt 0.4466 0.8799
vn 0.2774 0.4316 0.8584
v 0.8229 0.3919 0.4583
vt 0.4466 0.9221
vn 0.2774 0.4316 0.8584
v 0.6900 0.3919 0.5012
vt 0.4466 0.9221
vn 0.2774 0.4316 0.8584
v 0.6298 0.1962 0.6191
vt 0.4466 0.8799
vn 0.2774 0.4316 0.8584
f 3130/3130/3130 3131/3131/3131 3132/3132/3132 3133/3133/3133
v 0.7800 0.3919 0.3255
vt 0.4466 0.9723
vn 0.0000 1.0000 0.0000
v 0.6471 0.3919 0.3684
vt 0.4466 0.9723
vn 0.0000 1.0000 0.0000
v 0.6900 0.3919 0.5012
vt 0.4466 0.9723
vn 0.0000 1.0000 0.0000
v 0.8229 0.3919 0.4583
vt 0.4466 0.9723
vn 0.0000 1.0000 0.0000
f 3134/3134/3134 3135/3135/3135 3136/3136/3136 3137/3137/3137
v 0.8180 0.1705 0.5034
vt 0.4466 0.8431
vn -0.8680 0.4316 -0.2455
v 0.9103 0.3268 0.4518
vt 0.4466 0.8768
vn -0.8680 0.4316 -0.2455
v 0.9406 0.3268 0.3445
vt 0.4466 0.8768
vn -0.8680 0.4316 -0.2455
v 0.8890 0.1705 0.2522
vt 0.4466 0.8431
vn -0.8680 0.4316 -0.2455
f 3138/3138/3138 3139/3139/3139 3140/3140/3140 3141/3141/3141
v 0.8890 0.1705 0.2522
vt 0.4466 0.8431
vn 0.2455 0.4316 -0.8680
v 0.9406 0.3268 0.3445
vt 0.4466 0.8768
vn 0.2455 0.4316 -0.8680
v 1.0480 0.3268 0.3749
vt 0.4466 0.8768
vn 0.2455 0.4316 -0.8680
v 1.1403 0.1705 0.3232
vt 0.4466 0.8431
vn 0.2455 0.4316 -0.8680
f 3142/3142/3142 3143/3143/3143 3144/3144/3144 3145/3145/3145
v 1.1403 0.1705 0.3232
vt 0.4466 0.8431
vn 0.8680 0.4316 0.2455
v 1.0480 0.3268 0.3749
vt 0.4466 0.8768
vn 0.8680 0.4316 0.2455
v 1.0176 0.3268 0.4822
vt 0.4466 0.8768
vn 0.8680 0.4316 0.2455
v 1.0692 0.1705 0.5745
vt 0.4466 0.8431
vn 0.8680 0.4316 0.2455
f 3146/3146/3146 3147/3147/3147 3148/3148/3148 3149/3149/3149
v 1.0692 0.1705 0.5745
vt 0.4466 0.8743
vn -0.2455 0.4316 0.8680
v 1.0176 0.3268 0.4822
vt 0.4466 0.9081
vn -0.2455 0.4316 0.8680
v 0.9103 0.3268 0.4518
vt 0.4466 0.9081
vn -0.2455 0.4316 0.8680
v 0.8180 0.1705 0.5034
vt 0.4466 0.8743
vn -0.2455 0.4316 0.8680
f 3150/3150/3150 3151/3151/3151 3152/3152/3152 3153/3153/3153
v 1.0480 0.3268 0.3749
vt 0.4466 0.9583
vn 0.0000 1.0000 0.0000
v 0.9406 0.3268 0.3445
vt 0.4466 0.9583
vn 0.0000 1.0000 0.0000
v 0.9103 0.3268 0.4518
vt 0.4466 0.9583
vn 0.0000 1.0000 0.0000
v 1.0176 0.3268 0.4822
vt 0.4466 0.9583
vn 0.0000 1.0000 0.0000
f 3154/3154/3154 3155/3155/3155 3156/3156/3156 3157/3157/3157
v 0.3357 0.2030 0.4506
vt 0.4466 0.8501
vn -0.6597 0.4316 -0.6153
v 0.4414 0.3594 0.4469
vt 0.4466 0.8839
vn -0.6597 0.4316 -0.6153
v 0.5175 0.3594 0.3654
vt 0.4466 0.8839
vn -0.6597 0.4316 -0.6153
v 0.5138 0.2030 0.2597
vt 0.4466 0.8501
vn -0.6597 0.4316 -0.6153
f 3158/3158/3158 3159/3159/3159 3160/3160/3160 3161/3161/3161
v 0.5138 0.2030 0.2597
vt 0.4466 0.8501
vn 0.6153 0.4316 -0.6597
v 0.5175 0.3594 0.3654
vt 0.4466 0.8839
vn 0.6153 0.4316 -0.6597
v 0.5990 0.3594 0.4415
vt 0.4466 0.8839
vn 0.6153 0.4316 -0.6597
v 0.7047 0.2030 0.4378
vt 0.4466 0.8501
vn 0.6153 0.4316 -0.6597
f 3162/3162/3162 3163/3163/3163 3164/3164/3164 3165/3165/3165
v 0.7047 0.2030 0.4378
vt 0.4466 0.8814
vn 0.6597 0.4316 0.6153
v 0.5990 0.3594 0.4415
vt 0.4466 0.9151
vn 0.6597 0.4316 0.6153
v 0.5229 0.3594 0.5230
vt 0.4466 0.9151
vn 0.6597 0.4316 0.6153
v 0.5266 0.2030 0.6287
vt 0.4466 0.8814
vn 0.6597 0.4316 0.6153
f 3166/3166/3166 3167/3167/3167 3168/3168/3168 3169/3169/3169
v 0.5266 0.2030 0.6287
vt 0.4466 0.8501
vn -0.6153 0.4316 0.6597
v 0.5229 0.3594 0.5230
vt 0.4466 0.8839
vn -0.6153 0.4316 0.6597
v 0.4414 0.3594 0.4469
vt 0.4466 0.8839
vn -0.6153 0.4316 0.6597
v 0.3357 0.2030 0.4506
vt 0.4466 0.8501
vn -0.6153 0.4316 0.6597
f 3170/3170/3170 3171/3171/3171 3172/3172/3172 3173/3173/3173
v 0.5990 0.3594 0.4415
vt 0.4466 0.9653
vn 0.0000 1.0000 0.0000
v 0.5175 0.3594 0.3654
vt 0.4466 0.9653
vn 0.0000 1.0000 0.0000
v 0.4414 0.3594 0.4469
vt 0.4466 0.9653
vn 0.0000 1.0000 0.0000
v 0.5229 0.3594 0.5230
vt 0.4466 0.9653
vn 0.0000 1.0000 0.0000
f 3174/3174/3174 3175/3175/3175 3176/3176/3176 3177/3177/3177
v 1.9048 1.2740 -0.9639
vt 0.2761 0.8852
vn 0.9155 0.1560 -0.3709
v 1.9310 1.0953 -0.9745
vt 0.2761 0.8790
vn 0.9155 0.1560 -0.3709
v 1.8292 1.0953 -1.1509
vt 0.2761 0.8790
vn 0.6480 -0.1907 -0.7374
v 1.8076 1.2740 -1.1327
vt 0.2761 0.8852
vn 0.5573 0.4779 -0.6790
f 3178/3178/3178 3179/3179/3179 3180/3180/3180 3181/3181/3181
v 1.8448 1.0557 -0.9396
vt 0.2761 0.8561
vn 0.1450 -0.9877 -0.0587
v 1.9118 1.0672 -0.9667
vt 0.2761 0.8565
vn 0.5035 -0.8396 -0.2040
v 1.9618 1.0672 -0.7683
vt 0.2761 0.8565
vn 0.5701 -0.7972 0.1985
v 1.8948 1.0557 -0.7412
vt 0.2761 0.8561
vn 0.1531 -0.9875 -0.0385
f 3182/3182/3182 3183/3183/3183 3184/3184/3184 3185/3185/3185
v 1.8683 1.2586 -0.7148
vt 0.2761 0.8630
vn 0.2840 0.4017 0.8706
v 1.8965 1.0799 -0.7168
vt 0.2761 0.8569
vn 0.3680 0.0477 0.9286
v 1.9638 1.0914 -0.7440
vt 0.2761 0.8573
vn 0.6616 -0.2508 0.7067
v 1.9356 1.2701 -0.7420
vt 0.2761 0.8634
vn 0.5534 0.4168 0.7211
f 3186/3186/3186 3187/3187/3187 3188/3188/3188 3189/3189/3189
v 1.8115 1.2828 -0.9261
vt 0.2761 0.8855
vn -0.1450 0.9877 0.0587
v 1.8589 1.2828 -0.7387
vt 0.2761 0.8855
vn 0.0111 0.9112 0.4117
v 1.9259 1.2943 -0.7658
vt 0.2761 0.8858
vn 0.2997 0.9199 0.2529
v 1.8785 1.2943 -0.9532
vt 0.2761 0.8858
vn 0.2423 0.9652 -0.0982
f 3190/3190/3190 3191/3191/3191 3192/3192/3192 3193/3193/3193
v 1.7269 1.0799 -1.1356
vt 0.2761 0.8569
vn -0.3820 0.0477 -0.9229
v 1.7052 1.2586 -1.1174
vt 0.2761 0.8630
vn -0.4020 0.4017 -0.8228
v 1.7725 1.2701 -1.1446
vt 0.2761 0.8634
vn -0.1045 0.4168 -0.9030
v 1.7942 1.0914 -1.1628
vt 0.2761 0.8573
vn -0.0168 -0.2508 -0.9679
f 3194/3194/3194 3195/3195/3195 3196/3196/3196 3197/3197/3197
v 1.7151 1.2828 -1.0937
vt 0.2761 0.8855
vn -0.2786 0.9112 -0.3034
v 1.8115 1.2828 -0.9261
vt 0.2761 0.8855
vn -0.1450 0.9877 0.0587
v 1.8785 1.2943 -0.9532
vt 0.2761 0.8858
vn 0.2423 0.9652 -0.0982
v 1.7821 1.2943 -1.1208
vt 0.2761 0.8858
vn 0.0392 0.9199 -0.3902
f 3198/3198/3198 3199/3199/3199 3200/3200/3200 3201/3201/3201
v 1.9118 1.0672 -0.9667
vt 0.2761 0.8565
vn 0.5035 -0.8396 -0.2040
v 1.8448 1.0557 -0.9396
vt 0.2761 0.8561
vn 0.1450 -0.9877 -0.0587
v 1.7426 1.0557 -1.1168
vt 0.2761 0.8561
vn 0.1368 -0.9875 -0.0789
v 1.8096 1.0672 -1.1440
vt 0.2761 0.8565
vn 0.2712 -0.7972 -0.5393
f 3202/3202/3202 3203/3203/3203 3204/3204/3204 3205/3205/3205
v 1.8292 1.0953 -1.1509
vt 0.2761 0.8790
vn 0.6480 -0.1907 -0.7374
v 1.9310 1.0953 -0.9745
vt 0.2761 0.8790
vn 0.7462 -0.5931 -0.3023
v 1.9118 1.0672 -0.9667
vt 0.2761 0.8781
vn 0.5035 -0.8396 -0.2040
v 1.8096 1.0672 -1.1440
vt 0.2761 0.8781
vn 0.2712 -0.7972 -0.5393
f 3206/3206/3206 3207/3207/3207 3208/3208/3208 3209/3209/3209
v 1.9310 1.0953 -0.9745
vt 0.2761 0.8790
vn 0.9155 0.1560 -0.3709
v 1.9048 1.2740 -0.9639
vt 0.2761 0.8852
vn 0.9155 0.1560 -0.3709
v 1.9525 1.2740 -0.7750
vt 0.2761 0.8852
vn 0.8728 0.4779 0.0996
v 1.9807 1.0953 -0.7770
vt 0.2761 0.8790
vn 0.9785 -0.1907 0.0785
f 3210/3210/3210 3211/3211/3211 3212/3212/3212 3213/3213/3213
v 1.9356 1.2701 -0.7420
vt 0.2761 0.9066
vn 0.5534 0.4168 0.7211
v 1.9525 1.2740 -0.7750
vt 0.2761 0.9067
vn 0.8728 0.4779 0.0996
v 1.9259 1.2943 -0.7658
vt 0.2761 0.9074
vn 0.2997 0.9199 0.2529
f 3214/3214/3214 3215/3215/3215 3216/3216/3216
v 1.9638 1.0914 -0.7440
vt 0.2761 0.8789
vn 0.6616 -0.2508 0.7067
v 1.9618 1.0672 -0.7683
vt 0.2761 0.8781
vn 0.5701 -0.7972 0.1985
v 1.9807 1.0953 -0.7770
vt 0.2761 0.8790
vn 0.9785 -0.1907 0.0785
f 3217/3217/3217 3218/3218/3218 3219/3219/3219
v 1.7725 1.2701 -1.1446
vt 0.2761 0.9066
vn -0.1045 0.4168 -0.9030
v 1.7821 1.2943 -1.1208
vt 0.2761 0.9074
vn 0.0392 0.9199 -0.3902
v 1.8076 1.2740 -1.1327
vt 0.2761 0.9067
vn 0.5573 0.4779 -0.6790
f 3220/3220/3220 3221/3221/3221 3222/3222/3222
v 1.7942 1.0914 -1.1628
vt 0.2761 0.8789
vn -0.0168 -0.2508 -0.9679
v 1.8292 1.0953 -1.1509
vt 0.2761 0.8790
vn 0.6480 -0.1907 -0.7374
v 1.8096 1.0672 -1.1440
vt 0.2761 0.8781
vn 0.2712 -0.7972 -0.5393
f 3223/3223/3223 3224/3224/3224 3225/3225/3225
v 1.9356 1.2701 -0.7420
vt 0.2761 0.8850
vn 0.5534 0.4168 0.7211
v 1.9638 1.0914 -0.7440
vt 0.2761 0.8789
vn 0.6616 -0.2508 0.7067
v 1.9807 1.0953 -0.7770
vt 0.2761 0.8790
vn 0.9785 -0.1907 0.0785
v 1.9525 1.2740 -0.7750
vt 0.2761 0.8852
vn 0.8728 0.4779 0.0996
f 3226/3226/3226 3227/3227/3227 3228/3228/3228 3229/3229/3229
v 1.8076 1.2740 -1.1327
vt 0.2761 0.8852
vn 0.5573 0.4779 -0.6790
v 1.8292 1.0953 -1.1509
vt 0.2761 0.8790
vn 0.6480 -0.1907 -0.7374
v 1.7942 1.0914 -1.1628
vt 0.2761 0.8789
vn -0.0168 -0.2508 -0.9679
v 1.7725 1.2701 -1.1446
vt 0.2761 0.8850
vn -0.1045 0.4168 -0.9030
f 3230/3230/3230 3231/3231/3231 3232/3232/3232 3233/3233/3233
v 1.9618 1.0672 -0.7683
vt 0.2761 0.8781
vn 0.5701 -0.7972 0.1985
v 1.9118 1.0672 -0.9667
vt 0.2761 0.8781
vn 0.5035 -0.8396 -0.2040
v 1.9310 1.0953 -0.9745
vt 0.2761 0.8790
vn 0.7462 -0.5931 -0.3023
v 1.9807 1.0953 -0.7770
vt 0.2761 0.8790
vn 0.9785 -0.1907 0.0785
f 3234/3234/3234 3235/3235/3235 3236/3236/3236 3237/3237/3237
v 1.8785 1.2943 -0.9532
vt 0.2761 0.9074
vn 0.2423 0.9652 -0.0982
v 1.9259 1.2943 -0.7658
vt 0.2761 0.9074
vn 0.2997 0.9199 0.2529
v 1.9525 1.2740 -0.7750
vt 0.2761 0.9067
vn 0.8728 0.4779 0.0996
v 1.9048 1.2740 -0.9639
vt 0.2761 0.9067
vn 0.5403 0.8125 -0.2189
f 3238/3238/3238 3239/3239/3239 3240/3240/3240 3241/3241/3241
v 1.9638 1.0914 -0.7440
vt 0.2761 0.8573
vn 0.6616 -0.2508 0.7067
v 1.8965 1.0799 -0.7168
vt 0.2761 0.8569
vn 0.3737 -0.6724 0.6389
v 1.8948 1.0557 -0.7412
vt 0.2761 0.8561
vn 0.3737 -0.6724 0.6389
v 1.9618 1.0672 -0.7683
vt 0.2761 0.8565
vn 0.5701 -0.7972 0.1985
f 3242/3242/3242 3243/3243/3243 3244/3244/3244 3245/3245/3245
v 1.7269 1.0799 -1.1356
vt 0.2761 0.8569
vn -0.1763 -0.6724 -0.7189
v 1.7942 1.0914 -1.1628
vt 0.2761 0.8573
vn -0.0168 -0.2508 -0.9679
v 1.8096 1.0672 -1.1440
vt 0.2761 0.8565
vn 0.2712 -0.7972 -0.5393
v 1.7426 1.0557 -1.1168
vt 0.2761 0.8561
vn -0.1763 -0.6724 -0.7189
f 3246/3246/3246 3247/3247/3247 3248/3248/3248 3249/3249/3249
v 1.8683 1.2586 -0.7148
vt 0.2761 0.8846
vn 0.2840 0.4017 0.8706
v 1.9356 1.2701 -0.7420
vt 0.2761 0.8850
vn 0.5534 0.4168 0.7211
v 1.9259 1.2943 -0.7658
vt 0.2761 0.8858
vn 0.2997 0.9199 0.2529
v 1.8589 1.2828 -0.7387
vt 0.2761 0.8855
vn 0.0111 0.9112 0.4117
f 3250/3250/3250 3251/3251/3251 3252/3252/3252 3253/3253/3253
v 1.7725 1.2701 -1.1446
vt 0.2761 0.8850
vn -0.1045 0.4168 -0.9030
v 1.7052 1.2586 -1.1174
vt 0.2761 0.8846
vn -0.4020 0.4017 -0.8228
v 1.7151 1.2828 -1.0937
vt 0.2761 0.8855
vn -0.2786 0.9112 -0.3034
v 1.7821 1.2943 -1.1208
vt 0.2761 0.8858
vn 0.0392 0.9199 -0.3902
f 3254/3254/3254 3255/3255/3255 3256/3256/3256 3257/3257/3257
v 1.7821 1.2943 -1.1208
vt 0.2761 0.9074
vn 0.0392 0.9199 -0.3902
v 1.8785 1.2943 -0.9532
vt 0.2761 0.9074
vn 0.2423 0.9652 -0.0982
v 1.9048 1.2740 -0.9639
vt 0.2761 0.9067
vn 0.5403 0.8125 -0.2189
v 1.8076 1.2740 -1.1327
vt 0.2761 0.9067
vn 0.5573 0.4779 -0.6790
f 3258/3258/3258 3259/3259/3259 3260/3260/3260 3261/3261/3261
v 0.0102 1.6544 -1.3305
vt 0.2761 0.8982
vn -0.5823 0.4528 -0.6752
v -0.0435 1.4932 -1.3927
vt 0.2761 0.8927
vn -0.6513 0.0729 -0.7553
v -0.1691 1.4932 -1.2501
vt 0.2761 0.8927
vn -0.9182 0.1155 -0.3790
v -0.0989 1.6544 -1.2075
vt 0.2761 0.8982
vn -0.6737 0.7155 -0.1847
f 3262/3262/3262 3263/3263/3263 3264/3264/3264 3265/3265/3265
v -0.1279 1.4487 -1.1652
vt 0.2761 0.8695
vn -0.7082 0.1250 0.6948
v -0.0577 1.6099 -1.1226
vt 0.2761 0.8751
vn -0.5227 0.4268 0.7380
v -0.1005 1.6433 -1.1722
vt 0.2761 0.8762
vn -0.6874 0.5323 0.4941
v -0.1707 1.4821 -1.2148
vt 0.2761 0.8707
vn -0.9469 -0.0666 0.3146
f 3266/3266/3266 3267/3267/3267 3268/3268/3268 3269/3269/3269
v 0.2258 1.6099 -1.3671
vt 0.2761 0.8751
vn 0.8068 0.4268 -0.4086
v 0.1940 1.4487 -1.4428
vt 0.2761 0.8695
vn 0.7914 0.1250 -0.5984
v 0.1512 1.4821 -1.4924
vt 0.2761 0.8707
vn 0.4504 -0.0666 -0.8903
v 0.1830 1.6433 -1.4167
vt 0.2761 0.8762
vn 0.5898 0.5323 -0.6073
f 3270/3270/3270 3271/3271/3271 3272/3272/3272 3273/3273/3273
v 0.0319 1.6650 -1.3054
vt 0.2761 0.8985
vn 0.2965 0.8910 0.3438
v 0.0745 1.6317 -1.2560
vt 0.2761 0.8974
vn 0.2965 0.8910 0.3438
v 0.2091 1.6317 -1.3438
vt 0.2761 0.8974
vn 0.5305 0.8408 0.1082
v 0.1665 1.6650 -1.3932
vt 0.2761 0.8985
vn 0.2987 0.9485 -0.1051
f 3274/3274/3274 3275/3275/3275 3276/3276/3276 3277/3277/3277
v 0.1687 1.4269 -1.4401
vt 0.2761 0.8688
vn -0.2485 -0.8893 -0.3840
v 0.0063 1.4269 -1.3350
vt 0.2761 0.8688
vn -0.2965 -0.8910 -0.3438
v -0.0363 1.4601 -1.3844
vt 0.2761 0.8699
vn -0.5043 -0.6354 -0.5848
v 0.1260 1.4601 -1.4895
vt 0.2761 0.8699
vn -0.1022 -0.5965 -0.7961
f 3278/3278/3278 3279/3279/3279 3280/3280/3280 3281/3281/3281
v -0.0363 1.4601 -1.3844
vt 0.2761 0.8699
vn -0.5043 -0.6354 -0.5848
v 0.0063 1.4269 -1.3350
vt 0.2761 0.8688
vn -0.2965 -0.8910 -0.3438
v -0.1215 1.4269 -1.1899
vt 0.2761 0.8688
vn -0.3433 -0.8893 -0.3022
v -0.1641 1.4601 -1.2393
vt 0.2761 0.8699
vn -0.7724 -0.5965 -0.2181
f 3282/3282/3282 3283/3283/3283 3284/3284/3284 3285/3285/3285
v -0.1641 1.4601 -1.2393
vt 0.2761 0.8915
vn -0.7724 -0.5965 -0.2181
v -0.1707 1.4821 -1.2148
vt 0.2761 0.8923
vn -0.9469 -0.0666 0.3146
v -0.1691 1.4932 -1.2501
vt 0.2761 0.8927
vn -0.9182 0.1155 -0.3790
f 3286/3286/3286 3287/3287/3287 3288/3288/3288
v 0.1479 1.6544 -1.4203
vt 0.2761 0.9198
vn -0.0837 0.7155 -0.6936
v 0.0102 1.6544 -1.3305
vt 0.2761 0.9198
vn -0.1997 0.9521 -0.2316
v 0.0319 1.6650 -1.3054
vt 0.2761 0.9201
vn -0.1997 0.9521 -0.2316
v 0.1665 1.6650 -1.3932
vt 0.2761 0.9201
vn 0.2987 0.9485 -0.1051
f 3289/3289/3289 3290/3290/3290 3291/3291/3291 3292/3292/3292
v 0.1665 1.6650 -1.3932
vt 0.2761 0.9201
vn 0.2987 0.9485 -0.1051
v 0.1830 1.6433 -1.4167
vt 0.2761 0.9194
vn 0.5898 0.5323 -0.6073
v 0.1479 1.6544 -1.4203
vt 0.2761 0.9198
vn -0.0837 0.7155 -0.6936
f 3293/3293/3293 3294/3294/3294 3295/3295/3295
v -0.0435 1.4932 -1.3927
vt 0.2761 0.8927
vn -0.6513 0.0729 -0.7553
v 0.0102 1.6544 -1.3305
vt 0.2761 0.8982
vn -0.5823 0.4528 -0.6752
v 0.1479 1.6544 -1.4203
vt 0.2761 0.8982
vn -0.0837 0.7155 -0.6936
v 0.1161 1.4932 -1.4960
vt 0.2761 0.8927
vn -0.2399 0.1155 -0.9639
f 3296/3296/3296 3297/3297/3297 3298/3298/3298 3299/3299/3299
v -0.0748 1.6650 -1.1852
vt 0.2761 0.9201
vn -0.1478 0.9485 0.2800
v -0.0989 1.6544 -1.2075
vt 0.2761 0.9198
vn -0.6737 0.7155 -0.1847
v -0.1005 1.6433 -1.1722
vt 0.2761 0.9194
vn -0.6874 0.5323 0.4941
f 3300/3300/3300 3301/3301/3301 3302/3302/3302
v 0.1260 1.4601 -1.4895
vt 0.2761 0.8915
vn -0.1022 -0.5965 -0.7961
v 0.1161 1.4932 -1.4960
vt 0.2761 0.8927
vn -0.2399 0.1155 -0.9639
v 0.1512 1.4821 -1.4924
vt 0.2761 0.8923
vn 0.4504 -0.0666 -0.8903
f 3303/3303/3303 3304/3304/3304 3305/3305/3305
v -0.0435 1.4932 -1.3927
vt 0.2761 0.8927
vn -0.6513 0.0729 -0.7553
v 0.1161 1.4932 -1.4960
vt 0.2761 0.8927
vn -0.2399 0.1155 -0.9639
v 0.1260 1.4601 -1.4895
vt 0.2761 0.8915
vn -0.1022 -0.5965 -0.7961
v -0.0363 1.4601 -1.3844
vt 0.2761 0.8915
vn -0.5043 -0.6354 -0.5848
f 3306/3306/3306 3307/3307/3307 3308/3308/3308 3309/3309/3309
v 0.0102 1.6544 -1.3305
vt 0.2761 0.9198
vn -0.1997 0.9521 -0.2316
v -0.0989 1.6544 -1.2075
vt 0.2761 0.9198
vn -0.6737 0.7155 -0.1847
v -0.0748 1.6650 -1.1852
vt 0.2761 0.9201
vn -0.1478 0.9485 0.2800
v 0.0319 1.6650 -1.3054
vt 0.2761 0.9201
vn -0.1997 0.9521 -0.2316
f 3310/3310/3310 3311/3311/3311 3312/3312/3312 3313/3313/3313
v -0.0989 1.6544 -1.2075
vt 0.2761 0.8982
vn -0.6737 0.7155 -0.1847
v -0.1691 1.4932 -1.2501
vt 0.2761 0.8927
vn -0.9182 0.1155 -0.3790
v -0.1707 1.4821 -1.2148
vt 0.2761 0.8923
vn -0.9469 -0.0666 0.3146
v -0.1005 1.6433 -1.1722
vt 0.2761 0.8978
vn -0.6874 0.5323 0.4941
f 3314/3314/3314 3315/3315/3315 3316/3316/3316 3317/3317/3317
v 0.1830 1.6433 -1.4167
vt 0.2761 0.8978
vn 0.5898 0.5323 -0.6073
v 0.1512 1.4821 -1.4924
vt 0.2761 0.8923
vn 0.4504 -0.0666 -0.8903
v 0.1161 1.4932 -1.4960
vt 0.2761 0.8927
vn -0.2399 0.1155 -0.9639
v 0.1479 1.6544 -1.4203
vt 0.2761 0.8982
vn -0.0837 0.7155 -0.6936
f 3318/3318/3318 3319/3319/3319 3320/3320/3320 3321/3321/3321
v -0.1279 1.4487 -1.1652
vt 0.2761 0.8695
vn -0.7755 -0.5596 0.2922
v -0.1707 1.4821 -1.2148
vt 0.2761 0.8707
vn -0.9469 -0.0666 0.3146
v -0.1641 1.4601 -1.2393
vt 0.2761 0.8699
vn -0.7724 -0.5965 -0.2181
v -0.1215 1.4269 -1.1899
vt 0.2761 0.8688
vn -0.7755 -0.5596 0.2922
f 3322/3322/3322 3323/3323/3323 3324/3324/3324 3325/3325/3325
v 0.1512 1.4821 -1.4924
vt 0.2761 0.8707
vn 0.4504 -0.0666 -0.8903
v 0.1940 1.4487 -1.4428
vt 0.2761 0.8695
vn 0.4031 -0.5596 -0.7241
v 0.1687 1.4269 -1.4401
vt 0.2761 0.8688
vn 0.4031 -0.5596 -0.7241
v 0.1260 1.4601 -1.4895
vt 0.2761 0.8699
vn -0.1022 -0.5965 -0.7961
f 3326/3326/3326 3327/3327/3327 3328/3328/3328 3329/3329/3329
v -0.1005 1.6433 -1.1722
vt 0.2761 0.8978
vn -0.6874 0.5323 0.4941
v -0.0577 1.6099 -1.1226
vt 0.2761 0.8967
vn -0.5227 0.4268 0.7380
v -0.0322 1.6317 -1.1357
vt 0.2761 0.8974
vn 0.0291 0.8408 0.5406
v -0.0748 1.6650 -1.1852
vt 0.2761 0.8985
vn -0.1478 0.9485 0.2800
f 3330/3330/3330 3331/3331/3331 3332/3332/3332 3333/3333/3333
v 0.2258 1.6099 -1.3671
vt 0.2761 0.8967
vn 0.8068 0.4268 -0.4086
v 0.1830 1.6433 -1.4167
vt 0.2761 0.8978
vn 0.5898 0.5323 -0.6073
v 0.1665 1.6650 -1.3932
vt 0.2761 0.8985
vn 0.2987 0.9485 -0.1051
v 0.2091 1.6317 -1.3438
vt 0.2761 0.8974
vn 0.5305 0.8408 0.1082
f 3334/3334/3334 3335/3335/3335 3336/3336/3336 3337/3337/3337
v 0.0745 1.6317 -1.2560
vt 0.2761 0.8974
vn 0.2965 0.8910 0.3438
v 0.0319 1.6650 -1.3054
vt 0.2761 0.8985
vn 0.2965 0.8910 0.3438
v -0.0748 1.6650 -1.1852
vt 0.2761 0.8985
vn -0.1478 0.9485 0.2800
v -0.0322 1.6317 -1.1357
vt 0.2761 0.8974
vn 0.0291 0.8408 0.5406
f 3338/3338/3338 3339/3339/3339 3340/3340/3340 3341/3341/3341
v -0.1691 1.4932 -1.2501
vt 0.2761 0.8927
vn -0.9182 0.1155 -0.3790
v -0.0435 1.4932 -1.3927
vt 0.2761 0.8927
vn -0.6513 0.0729 -0.7553
v -0.0363 1.4601 -1.3844
vt 0.2761 0.8915
vn -0.5043 -0.6354 -0.5848
v -0.1641 1.4601 -1.2393
vt 0.2761 0.8915
vn -0.7724 -0.5965 -0.2181
f 3342/3342/3342 3343/3343/3343 3344/3344/3344 3345/3345/3345
v 0.8046 1.9687 -1.3359
vt 0.2761 0.9089
vn 0.0581 0.7055 -0.7063
v 0.8151 1.8410 -1.4632
vt 0.2761 0.9046
vn 0.0762 0.3699 -0.9259
v 0.6599 1.8410 -1.4553
vt 0.2761 0.9046
vn -0.3751 0.4077 -0.8325
v 0.6893 1.9687 -1.3310
vt 0.2761 0.9089
vn -0.3248 0.8781 -0.3512
f 3346/3346/3346 3347/3347/3347 3348/3348/3348 3349/3349/3349
v 0.7969 1.9098 -1.2424
vt 0.2761 0.9069
vn -0.0580 0.7071 0.7047
v 0.8017 1.9687 -1.3011
vt 0.2761 0.9089
vn -0.0580 0.7071 0.7047
v 0.6918 1.9687 -1.2967
vt 0.2761 0.9089
vn -0.2815 0.8782 0.3866
v 0.6870 1.9098 -1.2380
vt 0.2761 0.9069
vn -0.3382 0.6781 0.6525
f 3350/3350/3350 3351/3351/3351 3352/3352/3352 3353/3353/3353
v 0.6290 1.7644 -1.3774
vt 0.2761 0.8804
vn -0.9852 0.1546 0.0740
v 0.6584 1.8924 -1.2529
vt 0.2761 0.8847
vn -0.8699 0.3822 0.3119
v 0.6633 1.9515 -1.3118
vt 0.2761 0.8868
vn -0.8168 0.5737 0.0614
v 0.6339 1.8235 -1.4363
vt 0.2761 0.8824
vn -0.9017 0.1035 -0.4198
f 3354/3354/3354 3355/3355/3355 3356/3356/3356 3357/3357/3357
v 0.8102 1.7472 -1.4045
vt 0.2761 0.8798
vn 0.0580 -0.7071 -0.7047
v 0.8151 1.8061 -1.4632
vt 0.2761 0.8818
vn 0.0761 -0.3726 -0.9249
v 0.9722 1.8061 -1.4288
vt 0.2761 0.8818
vn 0.5403 -0.3421 -0.7688
v 0.9673 1.7472 -1.3701
vt 0.2761 0.8798
vn 0.1519 -0.7039 -0.6938
f 3358/3358/3358 3359/3359/3359 3360/3360/3360 3361/3361/3361
v 0.8017 1.9687 -1.3011
vt 0.2761 0.9089
vn -0.0580 0.7071 0.7047
v 0.7969 1.9098 -1.2424
vt 0.2761 0.9069
vn -0.0580 0.7071 0.7047
v 0.9046 1.9098 -1.2201
vt 0.2761 0.9069
vn 0.2271 0.6781 0.6990
v 0.9094 1.9687 -1.2788
vt 0.2761 0.9089
vn 0.2146 0.8782 0.4274
f 3362/3362/3362 3363/3363/3363 3364/3364/3364 3365/3365/3365
v 0.9352 1.8924 -1.2301
vt 0.2761 0.8847
vn 0.8072 0.3822 0.4499
v 0.9846 1.7644 -1.3481
vt 0.2761 0.8804
vn 0.9599 0.1546 0.2340
v 0.9894 1.8235 -1.4071
vt 0.2761 0.8824
vn 0.9582 0.1035 -0.2668
v 0.9401 1.9515 -1.2890
vt 0.2761 0.8868
vn 0.7958 0.5737 0.1940
f 3366/3366/3366 3367/3367/3367 3368/3368/3368 3369/3369/3369
v 0.9722 1.8061 -1.4288
vt 0.2761 0.9034
vn 0.5403 -0.3421 -0.7688
v 0.8151 1.8061 -1.4632
vt 0.2761 0.9034
vn 0.0761 -0.3726 -0.9249
v 0.8151 1.8410 -1.4632
vt 0.2761 0.9046
vn 0.0762 0.3699 -0.9259
v 0.9669 1.8410 -1.4301
vt 0.2761 0.9046
vn 0.5061 0.4077 -0.7600
f 3370/3370/3370 3371/3371/3371 3372/3372/3372 3373/3373/3373
v 0.6918 1.9687 -1.2967
vt 0.2761 0.9305
vn -0.2815 0.8782 0.3866
v 0.6893 1.9687 -1.3310
vt 0.2761 0.9305
vn -0.3248 0.8781 -0.3512
v 0.6633 1.9515 -1.3118
vt 0.2761 0.9299
vn -0.8168 0.5737 0.0614
f 3374/3374/3374 3375/3375/3375 3376/3376/3376
v 0.9722 1.8061 -1.4288
vt 0.2761 0.9034
vn 0.5403 -0.3421 -0.7688
v 0.9669 1.8410 -1.4301
vt 0.2761 0.9046
vn 0.5061 0.4077 -0.7600
v 0.9894 1.8235 -1.4071
vt 0.2761 0.9040
vn 0.9582 0.1035 -0.2668
f 3377/3377/3377 3378/3378/3378 3379/3379/3379
v 0.8151 1.8410 -1.4632
vt 0.2761 0.9046
vn 0.0762 0.3699 -0.9259
v 0.8046 1.9687 -1.3359
vt 0.2761 0.9089
vn 0.0581 0.7055 -0.7063
v 0.9176 1.9687 -1.3122
vt 0.2761 0.9089
vn 0.3779 0.8781 -0.2934
v 0.9669 1.8410 -1.4301
vt 0.2761 0.9046
vn 0.5061 0.4077 -0.7600
f 3380/3380/3380 3381/3381/3381 3382/3382/3382 3383/3383/3383
v 0.6544 1.8061 -1.4549
vt 0.2761 0.9034
vn -0.4074 -0.3421 -0.8467
v 0.6339 1.8235 -1.4363
vt 0.2761 0.9040
vn -0.9017 0.1035 -0.4198
v 0.6599 1.8410 -1.4553
vt 0.2761 0.9046
vn -0.3751 0.4077 -0.8325
f 3384/3384/3384 3385/3385/3385 3386/3386/3386
v 0.9094 1.9687 -1.2788
vt 0.2761 0.9305
vn 0.2146 0.8782 0.4274
v 0.9401 1.9515 -1.2890
vt 0.2761 0.9299
vn 0.7958 0.5737 0.1940
v 0.9176 1.9687 -1.3122
vt 0.2761 0.9305
vn 0.3779 0.8781 -0.2934
f 3387/3387/3387 3388/3388/3388 3389/3389/3389
v 0.9176 1.9687 -1.3122
vt 0.2761 0.9305
vn 0.3779 0.8781 -0.2934
v 0.8046 1.9687 -1.3359
vt 0.2761 0.9305
vn 0.0000 1.0000 0.0000
v 0.8017 1.9687 -1.3011
vt 0.2761 0.9305
vn 0.0000 1.0000 0.0000
v 0.9094 1.9687 -1.2788
vt 0.2761 0.9305
vn 0.2146 0.8782 0.4274
f 3390/3390/3390 3391/3391/3391 3392/3392/3392 3393/3393/3393
v 0.8151 1.8061 -1.4632
vt 0.2761 0.9034
vn 0.0761 -0.3726 -0.9249
v 0.6544 1.8061 -1.4549
vt 0.2761 0.9034
vn -0.4074 -0.3421 -0.8467
v 0.6599 1.8410 -1.4553
vt 0.2761 0.9046
vn -0.3751 0.4077 -0.8325
v 0.8151 1.8410 -1.4632
vt 0.2761 0.9046
vn 0.0762 0.3699 -0.9259
f 3394/3394/3394 3395/3395/3395 3396/3396/3396 3397/3397/3397
v 0.6893 1.9687 -1.3310
vt 0.2761 0.9089
vn -0.3248 0.8781 -0.3512
v 0.6599 1.8410 -1.4553
vt 0.2761 0.9046
vn -0.3751 0.4077 -0.8325
v 0.6339 1.8235 -1.4363
vt 0.2761 0.9040
vn -0.9017 0.1035 -0.4198
v 0.6633 1.9515 -1.3118
vt 0.2761 0.9084
vn -0.8168 0.5737 0.0614
f 3398/3398/3398 3399/3399/3399 3400/3400/3400 3401/3401/3401
v 0.9401 1.9515 -1.2890
vt 0.2761 0.9084
vn 0.7958 0.5737 0.1940
v 0.9894 1.8235 -1.4071
vt 0.2761 0.9040
vn 0.9582 0.1035 -0.2668
v 0.9669 1.8410 -1.4301
vt 0.2761 0.9046
vn 0.5061 0.4077 -0.7600
v 0.9176 1.9687 -1.3122
vt 0.2761 0.9089
vn 0.3779 0.8781 -0.2934
f 3402/3402/3402 3403/3403/3403 3404/3404/3404 3405/3405/3405
v 0.9352 1.8924 -1.2301
vt 0.2761 0.9063
vn 0.8072 0.3822 0.4499
v 0.9401 1.9515 -1.2890
vt 0.2761 0.9084
vn 0.7958 0.5737 0.1940
v 0.9094 1.9687 -1.2788
vt 0.2761 0.9089
vn 0.2146 0.8782 0.4274
v 0.9046 1.9098 -1.2201
vt 0.2761 0.9069
vn 0.2271 0.6781 0.6990
f 3406/3406/3406 3407/3407/3407 3408/3408/3408 3409/3409/3409
v 0.6290 1.7644 -1.3774
vt 0.2761 0.8804
vn -0.7778 -0.4105 -0.4759
v 0.6339 1.8235 -1.4363
vt 0.2761 0.8824
vn -0.9017 0.1035 -0.4198
v 0.6544 1.8061 -1.4549
vt 0.2761 0.8818
vn -0.4074 -0.3421 -0.8467
v 0.6496 1.7472 -1.3962
vt 0.2761 0.8798
vn -0.7778 -0.4105 -0.4759
f 3410/3410/3410 3411/3411/3411 3412/3412/3412 3413/3413/3413
v 0.9894 1.8235 -1.4071
vt 0.2761 0.8824
vn 0.9582 0.1035 -0.2668
v 0.9846 1.7644 -1.3481
vt 0.2761 0.8804
vn 0.8451 -0.4105 -0.3424
v 0.9673 1.7472 -1.3701
vt 0.2761 0.8798
vn 0.8451 -0.4105 -0.3424
v 0.9722 1.8061 -1.4288
vt 0.2761 0.8818
vn 0.5403 -0.3421 -0.7688
f 3414/3414/3414 3415/3415/3415 3416/3416/3416 3417/3417/3417
v 0.6870 1.9098 -1.2380
vt 0.2761 0.9069
vn -0.3382 0.6781 0.6525
v 0.6918 1.9687 -1.2967
vt 0.2761 0.9089
vn -0.2815 0.8782 0.3866
v 0.6633 1.9515 -1.3118
vt 0.2761 0.9084
vn -0.8168 0.5737 0.0614
v 0.6584 1.8924 -1.2529
vt 0.2761 0.9063
vn -0.8699 0.3822 0.3119
f 3418/3418/3418 3419/3419/3419 3420/3420/3420 3421/3421/3421
v 0.8151 1.8061 -1.4632
vt 0.2761 0.8818
vn 0.0761 -0.3726 -0.9249
v 0.8102 1.7472 -1.4045
vt 0.2761 0.8798
vn 0.0580 -0.7071 -0.7047
v 0.6496 1.7472 -1.3962
vt 0.2761 0.8798
vn -0.0364 -0.7039 -0.7093
v 0.6544 1.8061 -1.4549
vt 0.2761 0.8818
vn -0.4074 -0.3421 -0.8467
f 3422/3422/3422 3423/3423/3423 3424/3424/3424 3425/3425/3425
v 0.6918 1.9687 -1.2967
vt 0.2761 0.9305
vn -0.2815 0.8782 0.3866
v 0.8017 1.9687 -1.3011
vt 0.2761 0.9305
vn 0.0000 1.0000 0.0000
v 0.8046 1.9687 -1.3359
vt 0.2761 0.9305
vn 0.0000 1.0000 0.0000
v 0.6893 1.9687 -1.3310
vt 0.2761 0.9305
vn -0.3248 0.8781 -0.3512
f 3426/3426/3426 3427/3427/3427 3428/3428/3428 3429/3429/3429
v 1.7991 1.2740 0.1888
vt 0.2761 0.8852
vn 0.8328 0.1560 0.5312
v 1.8229 1.0953 0.2040
vt 0.2761 0.8790
vn 0.8328 0.1560 0.5312
v 1.9077 1.0953 0.0188
vt 0.2761 0.8790
vn 0.9765 -0.1907 0.1008
v 1.8803 1.2740 0.0117
vt 0.2761 0.8852
vn 0.8763 0.4779 0.0608
f 3430/3430/3430 3431/3431/3431 3432/3432/3432 3433/3433/3433
v 1.7445 1.0557 0.1540
vt 0.2761 0.8561
vn 0.1319 -0.9877 0.0841
v 1.8055 1.0672 0.1929
vt 0.2761 0.8565
vn 0.4580 -0.8396 0.2922
v 1.6727 1.0672 0.3485
vt 0.2761 0.8565
vn 0.1686 -0.7972 0.5797
v 1.6118 1.0557 0.3096
vt 0.2761 0.8561
vn 0.1201 -0.9875 0.1025
f 3434/3434/3434 3435/3435/3435 3436/3436/3436 3437/3437/3437
v 1.5749 1.2586 0.3034
vt 0.2761 0.8630
vn -0.5450 0.4017 0.7360
v 1.5929 1.0799 0.3253
vt 0.2761 0.8569
vn -0.5436 0.0477 0.8380
v 1.6541 1.0914 0.3643
vt 0.2761 0.8573
vn -0.1926 -0.2508 0.9487
v 1.6361 1.2701 0.3424
vt 0.2761 0.8634
vn -0.2670 0.4168 0.8689
f 3438/3438/3438 3439/3439/3439 3440/3440/3440 3441/3441/3441
v 1.7142 1.2828 0.1346
vt 0.2761 0.8855
vn -0.1319 0.9877 -0.0841
v 1.5889 1.2828 0.2819
vt 0.2761 0.8855
vn -0.3291 0.9112 0.2476
v 1.6499 1.2943 0.3208
vt 0.2761 0.8858
vn -0.0325 0.9199 0.3908
v 1.7752 1.2943 0.1735
vt 0.2761 0.8858
vn 0.2204 0.9652 0.1406
f 3442/3442/3442 3443/3443/3443 3444/3444/3444 3445/3445/3445
v 1.8359 1.0799 -0.0557
vt 0.2761 0.8569
vn 0.5308 0.0477 -0.8462
v 1.8085 1.2586 -0.0628
vt 0.2761 0.8630
vn 0.4377 0.4017 -0.8044
v 1.8697 1.2701 -0.0238
vt 0.2761 0.8634
vn 0.6754 0.4168 -0.6084
v 1.8971 1.0914 -0.0167
vt 0.2761 0.8573
vn 0.7791 -0.2508 -0.5746
f 3446/3446/3446 3447/3447/3447 3448/3448/3448 3449/3449/3449
v 1.7949 1.2828 -0.0411
vt 0.2761 0.8855
vn 0.0858 0.9112 -0.4029
v 1.7142 1.2828 0.1346
vt 0.2761 0.8855
vn -0.1319 0.9877 -0.0841
v 1.7752 1.2943 0.1735
vt 0.2761 0.8858
vn 0.2204 0.9652 0.1406
v 1.8559 1.2943 -0.0022
vt 0.2761 0.8858
vn 0.3407 0.9199 -0.1942
f 3450/3450/3450 3451/3451/3451 3452/3452/3452 3453/3453/3453
v 1.8055 1.0672 0.1929
vt 0.2761 0.8565
vn 0.4580 -0.8396 0.2922
v 1.7445 1.0557 0.1540
vt 0.2761 0.8561
vn 0.1319 -0.9877 0.0841
v 1.8297 1.0557 -0.0320
vt 0.2761 0.8561
vn 0.1436 -0.9875 0.0658
v 1.8907 1.0672 0.0069
vt 0.2761 0.8565
vn 0.5967 -0.7972 -0.0915
f 3454/3454/3454 3455/3455/3455 3456/3456/3456 3457/3457/3457
v 1.8055 1.0672 0.1929
vt 0.2761 0.8781
vn 0.4580 -0.8396 0.2922
v 1.8907 1.0672 0.0069
vt 0.2761 0.8781
vn 0.5967 -0.7972 -0.0915
v 1.9077 1.0953 0.0188
vt 0.2761 0.8790
vn 0.9765 -0.1907 0.1008
v 1.8229 1.0953 0.2040
vt 0.2761 0.8790
vn 0.6788 -0.5931 0.4330
f 3458/3458/3458 3459/3459/3459 3460/3460/3460 3461/3461/3461
v 1.8229 1.0953 0.2040
vt 0.2761 0.8790
vn 0.8328 0.1560 0.5312
v 1.7991 1.2740 0.1888
vt 0.2761 0.8852
vn 0.8328 0.1560 0.5312
v 1.6727 1.2740 0.3371
vt 0.2761 0.8852
vn 0.4245 0.4779 0.7690
v 1.6907 1.0953 0.3590
vt 0.2761 0.8790
vn 0.5030 -0.1907 0.8430
f 3462/3462/3462 3463/3463/3463 3464/3464/3464 3465/3465/3465
v 1.6361 1.2701 0.3424
vt 0.2761 0.9066
vn -0.2670 0.4168 0.8689
v 1.6727 1.2740 0.3371
vt 0.2761 0.9067
vn 0.4245 0.4779 0.7690
v 1.6499 1.2943 0.3208
vt 0.2761 0.9074
vn -0.0325 0.9199 0.3908
f 3466/3466/3466 3467/3467/3467 3468/3468/3468
v 1.6541 1.0914 0.3643
vt 0.2761 0.8789
vn -0.1926 -0.2508 0.9487
v 1.6727 1.0672 0.3485
vt 0.2761 0.8781
vn 0.1686 -0.7972 0.5797
v 1.6907 1.0953 0.3590
vt 0.2761 0.8790
vn 0.5030 -0.1907 0.8430
f 3469/3469/3469 3470/3470/3470 3471/3471/3471
v 1.8697 1.2701 -0.0238
vt 0.2761 0.9066
vn 0.6754 0.4168 -0.6084
v 1.8559 1.2943 -0.0022
vt 0.2761 0.9074
vn 0.3407 0.9199 -0.1942
v 1.8803 1.2740 0.0117
vt 0.2761 0.9067
vn 0.8763 0.4779 0.0608
f 3472/3472/3472 3473/3473/3473 3474/3474/3474
v 1.8971 1.0914 -0.0167
vt 0.2761 0.8789
vn 0.7791 -0.2508 -0.5746
v 1.9077 1.0953 0.0188
vt 0.2761 0.8790
vn 0.9765 -0.1907 0.1008
v 1.8907 1.0672 0.0069
vt 0.2761 0.8781
vn 0.5967 -0.7972 -0.0915
f 3475/3475/3475 3476/3476/3476 3477/3477/3477
v 1.6361 1.2701 0.3424
vt 0.2761 0.8850
vn -0.2670 0.4168 0.8689
v 1.6541 1.0914 0.3643
vt 0.2761 0.8789
vn -0.1926 -0.2508 0.9487
v 1.6907 1.0953 0.3590
vt 0.2761 0.8790
vn 0.5030 -0.1907 0.8430
v 1.6727 1.2740 0.3371
vt 0.2761 0.8852
vn 0.4245 0.4779 0.7690
f 3478/3478/3478 3479/3479/3479 3480/3480/3480 3481/3481/3481
v 1.8803 1.2740 0.0117
vt 0.2761 0.8852
vn 0.8763 0.4779 0.0608
v 1.9077 1.0953 0.0188
vt 0.2761 0.8790
vn 0.9765 -0.1907 0.1008
v 1.8971 1.0914 -0.0167
vt 0.2761 0.8789
vn 0.7791 -0.2508 -0.5746
v 1.8697 1.2701 -0.0238
vt 0.2761 0.8850
vn 0.6754 0.4168 -0.6084
f 3482/3482/3482 3483/3483/3483 3484/3484/3484 3485/3485/3485
v 1.6541 1.0914 0.3643
vt 0.2761 0.8573
vn -0.1926 -0.2508 0.9487
v 1.5929 1.0799 0.3253
vt 0.2761 0.8569
vn -0.3041 -0.6724 0.6748
v 1.6118 1.0557 0.3096
vt 0.2761 0.8561
vn -0.3041 -0.6724 0.6748
v 1.6727 1.0672 0.3485
vt 0.2761 0.8565
vn 0.1686 -0.7972 0.5797
f 3486/3486/3486 3487/3487/3487 3488/3488/3488 3489/3489/3489
v 1.8359 1.0799 -0.0557
vt 0.2761 0.8569
vn 0.4837 -0.6724 -0.5603
v 1.8971 1.0914 -0.0167
vt 0.2761 0.8573
vn 0.7791 -0.2508 -0.5746
v 1.8907 1.0672 0.0069
vt 0.2761 0.8565
vn 0.5967 -0.7972 -0.0915
v 1.8297 1.0557 -0.0320
vt 0.2761 0.8561
vn 0.4837 -0.6724 -0.5603
f 3490/3490/3490 3491/3491/3491 3492/3492/3492 3493/3493/3493
v 1.5749 1.2586 0.3034
vt 0.2761 0.8846
vn -0.5450 0.4017 0.7360
v 1.6361 1.2701 0.3424
vt 0.2761 0.8850
vn -0.2670 0.4168 0.8689
v 1.6499 1.2943 0.3208
vt 0.2761 0.8858
vn -0.0325 0.9199 0.3908
v 1.5889 1.2828 0.2819
vt 0.2761 0.8855
vn -0.3291 0.9112 0.2476
f 3494/3494/3494 3495/3495/3495 3496/3496/3496 3497/3497/3497
v 1.8697 1.2701 -0.0238
vt 0.2761 0.8850
vn 0.6754 0.4168 -0.6084
v 1.8085 1.2586 -0.0628
vt 0.2761 0.8846
vn 0.4377 0.4017 -0.8044
v 1.7949 1.2828 -0.0411
vt 0.2761 0.8855
vn 0.0858 0.9112 -0.4029
v 1.8559 1.2943 -0.0022
vt 0.2761 0.8858
vn 0.3407 0.9199 -0.1942
f 3498/3498/3498 3499/3499/3499 3500/3500/3500 3501/3501/3501
v 1.6727 1.0672 0.3485
vt 0.2761 0.8781
vn 0.1686 -0.7972 0.5797
v 1.8055 1.0672 0.1929
vt 0.2761 0.8781
vn 0.4580 -0.8396 0.2922
v 1.8229 1.0953 0.2040
vt 0.2761 0.8790
vn 0.6788 -0.5931 0.4330
v 1.6907 1.0953 0.3590
vt 0.2761 0.8790
vn 0.5030 -0.1907 0.8430
f 3502/3502/3502 3503/3503/3503 3504/3504/3504 3505/3505/3505
v 1.7752 1.2943 0.1735
vt 0.2761 0.9074
vn 0.2204 0.9652 0.1406
v 1.6499 1.2943 0.3208
vt 0.2761 0.9074
vn -0.0325 0.9199 0.3908
v 1.6727 1.2740 0.3371
vt 0.2761 0.9067
vn 0.4245 0.4779 0.7690
v 1.7991 1.2740 0.1888
vt 0.2761 0.9067
vn 0.4914 0.8125 0.3135
f 3506/3506/3506 3507/3507/3507 3508/3508/3508 3509/3509/3509
v 1.8559 1.2943 -0.0022
vt 0.2761 0.9074
vn 0.3407 0.9199 -0.1942
v 1.7752 1.2943 0.1735
vt 0.2761 0.9074
vn 0.2204 0.9652 0.1406
v 1.7991 1.2740 0.1888
vt 0.2761 0.9067
vn 0.4914 0.8125 0.3135
v 1.8803 1.2740 0.0117
vt 0.2761 0.9067
vn 0.8763 0.4779 0.0608
f 3510/3510/3510 3511/3511/3511 3512/3512/3512 3513/3513/3513
v 1.2816 1.6544 -1.4560
vt 0.2761 0.8982
vn 0.4391 0.4528 -0.7760
v 1.3221 1.4932 -1.5274
vt 0.2761 0.8927
vn 0.4912 0.0729 -0.8680
v 1.1454 1.4932 -1.5976
vt 0.2761 0.8927
vn 0.0469 0.1155 -0.9922
v 1.1290 1.6544 -1.5171
vt 0.2761 0.8982
vn -0.0535 0.7155 -0.6966
f 3514/3514/3514 3515/3515/3515 3516/3516/3516 3517/3517/3517
v 1.0794 1.4487 -1.5302
vt 0.2761 0.8695
vn -0.8931 0.1250 -0.4322
v 1.0630 1.6099 -1.4497
vt 0.2761 0.8751
vn -0.8711 0.4268 -0.2430
v 1.0952 1.6433 -1.5067
vt 0.2761 0.8762
vn -0.6971 0.5323 -0.4803
v 1.1116 1.4821 -1.5872
vt 0.2761 0.8707
vn -0.6157 -0.0666 -0.7852
f 3518/3518/3518 3519/3519/3519 3520/3520/3520 3521/3521/3521
v 1.3888 1.6099 -1.2653
vt 0.2761 0.8751
vn 0.6569 0.4268 0.6216
v 1.4494 1.4487 -1.3208
vt 0.2761 0.8695
vn 0.8303 0.1250 0.5431
v 1.4816 1.4821 -1.3778
vt 0.2761 0.8707
vn 0.9901 -0.0666 0.1235
v 1.4211 1.6433 -1.3223
vt 0.2761 0.8762
vn 0.7707 0.5323 0.3503
f 3522/3522/3522 3523/3523/3523 3524/3524/3524 3525/3525/3525
v 1.2653 1.6650 -1.4271
vt 0.2761 0.8985
vn -0.2236 0.8910 0.3951
v 1.2331 1.6317 -1.3703
vt 0.2761 0.8974
vn -0.2236 0.8910 0.3951
v 1.3613 1.6317 -1.2732
vt 0.2761 0.8974
vn 0.0771 0.8408 0.5359
v 1.3934 1.6650 -1.3300
vt 0.2761 0.8985
vn 0.1997 0.9485 0.2457
f 3526/3526/3526 3527/3527/3527 3528/3528/3528 3529/3529/3529
v 1.4382 1.4269 -1.3437
vt 0.2761 0.8688
vn 0.2776 -0.8893 -0.3635
v 1.2845 1.4269 -1.4611
vt 0.2761 0.8688
vn 0.2236 -0.8910 -0.3951
v 1.3167 1.4601 -1.5179
vt 0.2761 0.8699
vn 0.3803 -0.6354 -0.6721
v 1.4704 1.4601 -1.4005
vt 0.2761 0.8699
vn 0.7149 -0.5965 -0.3648
f 3530/3530/3530 3531/3531/3531 3532/3532/3532 3533/3533/3533
v 1.3167 1.4601 -1.5179
vt 0.2761 0.8699
vn 0.3803 -0.6354 -0.6721
v 1.2845 1.4269 -1.4611
vt 0.2761 0.8688
vn 0.2236 -0.8910 -0.3951
v 1.1048 1.4269 -1.5324
vt 0.2761 0.8688
vn 0.1687 -0.8893 -0.4252
v 1.1369 1.4601 -1.5892
vt 0.2761 0.8699
vn -0.0553 -0.5965 -0.8007
f 3534/3534/3534 3535/3535/3535 3536/3536/3536 3537/3537/3537
v 1.1369 1.4601 -1.5892
vt 0.2761 0.8915
vn -0.0553 -0.5965 -0.8007
v 1.1116 1.4821 -1.5872
vt 0.2761 0.8923
vn -0.6157 -0.0666 -0.7852
v 1.1454 1.4932 -1.5976
vt 0.2761 0.8927
vn 0.0469 0.1155 -0.9922
f 3538/3538/3538 3539/3539/3539 3540/3540/3540
v 1.4126 1.6544 -1.3566
vt 0.2761 0.9198
vn 0.6247 0.7155 -0.3128
v 1.2816 1.6544 -1.4560
vt 0.2761 0.9198
vn 0.1506 0.9521 -0.2661
v 1.2653 1.6650 -1.4271
vt 0.2761 0.9201
vn 0.1506 0.9521 -0.2661
v 1.3934 1.6650 -1.3300
vt 0.2761 0.9201
vn 0.1997 0.9485 0.2457
f 3541/3541/3541 3542/3542/3542 3543/3543/3543 3544/3544/3544
v 1.3934 1.6650 -1.3300
vt 0.2761 0.9201
vn 0.1997 0.9485 0.2457
v 1.4211 1.6433 -1.3223
vt 0.2761 0.9194
vn 0.7707 0.5323 0.3503
v 1.4126 1.6544 -1.3566
vt 0.2761 0.9198
vn 0.6247 0.7155 -0.3128
f 3545/3545/3545 3546/3546/3546 3547/3547/3547
v 1.3221 1.4932 -1.5274
vt 0.2761 0.8927
vn 0.4912 0.0729 -0.8680
v 1.2816 1.6544 -1.4560
vt 0.2761 0.8982
vn 0.4391 0.4528 -0.7760
v 1.4126 1.6544 -1.3566
vt 0.2761 0.8982
vn 0.6247 0.7155 -0.3128
v 1.4732 1.4932 -1.4121
vt 0.2761 0.8927
vn 0.8264 0.1155 -0.5511
f 3548/3548/3548 3549/3549/3549 3550/3550/3550 3551/3551/3551
v 1.1161 1.6650 -1.4869
vt 0.2761 0.9201
vn -0.3135 0.9485 -0.0447
v 1.1290 1.6544 -1.5171
vt 0.2761 0.9198
vn -0.0535 0.7155 -0.6966
v 1.0952 1.6433 -1.5067
vt 0.2761 0.9194
vn -0.6971 0.5323 -0.4803
f 3552/3552/3552 3553/3553/3553 3554/3554/3554
v 1.4704 1.4601 -1.4005
vt 0.2761 0.8915
vn 0.7149 -0.5965 -0.3648
v 1.4732 1.4932 -1.4121
vt 0.2761 0.8927
vn 0.8264 0.1155 -0.5511
v 1.4816 1.4821 -1.3778
vt 0.2761 0.8923
vn 0.9901 -0.0666 0.1235
f 3555/3555/3555 3556/3556/3556 3557/3557/3557
v 1.3221 1.4932 -1.5274
vt 0.2761 0.8927
vn 0.4912 0.0729 -0.8680
v 1.4732 1.4932 -1.4121
vt 0.2761 0.8927
vn 0.8264 0.1155 -0.5511
v 1.4704 1.4601 -1.4005
vt 0.2761 0.8915
vn 0.7149 -0.5965 -0.3648
v 1.3167 1.4601 -1.5179
vt 0.2761 0.8915
vn 0.3803 -0.6354 -0.6721
f 3558/3558/3558 3559/3559/3559 3560/3560/3560 3561/3561/3561
v 1.2816 1.6544 -1.4560
vt 0.2761 0.9198
vn 0.1506 0.9521 -0.2661
v 1.1290 1.6544 -1.5171
vt 0.2761 0.9198
vn -0.0535 0.7155 -0.6966
v 1.1161 1.6650 -1.4869
vt 0.2761 0.9201
vn -0.3135 0.9485 -0.0447
v 1.2653 1.6650 -1.4271
vt 0.2761 0.9201
vn 0.1506 0.9521 -0.2661
f 3562/3562/3562 3563/3563/3563 3564/3564/3564 3565/3565/3565
v 1.1290 1.6544 -1.5171
vt 0.2761 0.8982
vn -0.0535 0.7155 -0.6966
v 1.1454 1.4932 -1.5976
vt 0.2761 0.8927
vn 0.0469 0.1155 -0.9922
v 1.1116 1.4821 -1.5872
vt 0.2761 0.8923
vn -0.6157 -0.0666 -0.7852
v 1.0952 1.6433 -1.5067
vt 0.2761 0.8978
vn -0.6971 0.5323 -0.4803
f 3566/3566/3566 3567/3567/3567 3568/3568/3568 3569/3569/3569
v 1.4211 1.6433 -1.3223
vt 0.2761 0.8978
vn 0.7707 0.5323 0.3503
v 1.4816 1.4821 -1.3778
vt 0.2761 0.8923
vn 0.9901 -0.0666 0.1235
v 1.4732 1.4932 -1.4121
vt 0.2761 0.8927
vn 0.8264 0.1155 -0.5511
v 1.4126 1.6544 -1.3566
vt 0.2761 0.8982
vn 0.6247 0.7155 -0.3128
f 3570/3570/3570 3571/3571/3571 3572/3572/3572 3573/3573/3573
v 1.0794 1.4487 -1.5302
vt 0.2761 0.8695
vn -0.5368 -0.5596 -0.6314
v 1.1116 1.4821 -1.5872
vt 0.2761 0.8707
vn -0.6157 -0.0666 -0.7852
v 1.1369 1.4601 -1.5892
vt 0.2761 0.8699
vn -0.0553 -0.5965 -0.8007
v 1.1048 1.4269 -1.5324
vt 0.2761 0.8688
vn -0.5368 -0.5596 -0.6314
f 3574/3574/3574 3575/3575/3575 3576/3576/3576 3577/3577/3577
v 1.4816 1.4821 -1.3778
vt 0.2761 0.8707
vn 0.9901 -0.0666 0.1235
v 1.4494 1.4487 -1.3208
vt 0.2761 0.8695
vn 0.8177 -0.5596 0.1350
v 1.4382 1.4269 -1.3437
vt 0.2761 0.8688
vn 0.8177 -0.5596 0.1350
v 1.4704 1.4601 -1.4005
vt 0.2761 0.8699
vn 0.7149 -0.5965 -0.3648
f 3578/3578/3578 3579/3579/3579 3580/3580/3580 3581/3581/3581
v 1.0952 1.6433 -1.5067
vt 0.2761 0.8978
vn -0.6971 0.5323 -0.4803
v 1.0630 1.6099 -1.4497
vt 0.2761 0.8967
vn -0.8711 0.4268 -0.2430
v 1.0839 1.6317 -1.4301
vt 0.2761 0.8974
vn -0.4991 0.8408 0.2098
v 1.1161 1.6650 -1.4869
vt 0.2761 0.8985
vn -0.3135 0.9485 -0.0447
f 3582/3582/3582 3583/3583/3583 3584/3584/3584 3585/3585/3585
v 1.3888 1.6099 -1.2653
vt 0.2761 0.8967
vn 0.6569 0.4268 0.6216
v 1.4211 1.6433 -1.3223
vt 0.2761 0.8978
vn 0.7707 0.5323 0.3503
v 1.3934 1.6650 -1.3300
vt 0.2761 0.8985
vn 0.1997 0.9485 0.2457
v 1.3613 1.6317 -1.2732
vt 0.2761 0.8974
vn 0.0771 0.8408 0.5359
f 3586/3586/3586 3587/3587/3587 3588/3588/3588 3589/3589/3589
v 1.2331 1.6317 -1.3703
vt 0.2761 0.8974
vn -0.2236 0.8910 0.3951
v 1.2653 1.6650 -1.4271
vt 0.2761 0.8985
vn -0.2236 0.8910 0.3951
v 1.1161 1.6650 -1.4869
vt 0.2761 0.8985
vn -0.3135 0.9485 -0.0447
v 1.0839 1.6317 -1.4301
vt 0.2761 0.8974
vn -0.4991 0.8408 0.2098
f 3590/3590/3590 3591/3591/3591 3592/3592/3592 3593/3593/3593
v 1.1454 1.4932 -1.5976
vt 0.2761 0.8927
vn 0.0469 0.1155 -0.9922
v 1.3221 1.4932 -1.5274
vt 0.2761 0.8927
vn 0.4912 0.0729 -0.8680
v 1.3167 1.4601 -1.5179
vt 0.2761 0.8915
vn 0.3803 -0.6354 -0.6721
v 1.1369 1.4601 -1.5892
vt 0.2761 0.8915
vn -0.0553 -0.5965 -0.8007
f 3594/3594/3594 3595/3595/3595 3596/3596/3596 3597/3597/3597
v 0.3834 1.2740 -1.7022
vt 0.2761 0.8852
vn -0.2751 0.1560 -0.9487
v 0.3756 1.0953 -1.7294
vt 0.2761 0.8790
vn -0.2751 0.1560 -0.9487
v 0.1896 1.0953 -1.6462
vt 0.2761 0.8790
vn -0.6672 -0.1907 -0.7201
v 0.2055 1.2740 -1.6227
vt 0.2761 0.8852
vn -0.6183 0.4779 -0.6240
f 3598/3598/3598 3599/3599/3599 3600/3600/3600 3601/3601/3601
v 0.4015 1.0557 -1.6400
vt 0.2761 0.8561
vn -0.0436 -0.9877 -0.1502
v 0.3813 1.0672 -1.7095
vt 0.2761 0.8565
vn -0.1513 -0.8396 -0.5217
v 0.5838 1.0672 -1.7388
vt 0.2761 0.8565
vn 0.2558 -0.7972 -0.5468
v 0.6039 1.0557 -1.6694
vt 0.2761 0.8561
vn -0.0226 -0.9875 -0.1563
f 3602/3602/3602 3603/3603/3603 3604/3604/3604 3605/3605/3605
v 0.6275 1.2586 -1.6404
vt 0.2761 0.8630
vn 0.8951 0.4017 -0.1934
v 0.6284 1.0799 -1.6686
vt 0.2761 0.8569
vn 0.9614 0.0477 -0.2710
v 0.6082 1.0914 -1.7384
vt 0.2761 0.8573
vn 0.7708 -0.2508 -0.5857
v 0.6073 1.2701 -1.7101
vt 0.2761 0.8634
vn 0.7740 0.4168 -0.4766
f 3606/3606/3606 3607/3607/3607 3608/3608/3608 3609/3609/3609
v 0.4115 1.2828 -1.6055
vt 0.2761 0.8855
vn 0.0436 0.9877 0.1502
v 0.6028 1.2828 -1.6334
vt 0.2761 0.8855
vn 0.4107 0.9112 0.0312
v 0.5826 1.2943 -1.7029
vt 0.2761 0.8858
vn 0.2823 0.9199 -0.2722
v 0.3913 1.2943 -1.6749
vt 0.2761 0.8858
vn -0.0728 0.9652 -0.2511
f 3610/3610/3610 3611/3611/3611 3612/3612/3612 3613/3613/3613
v 0.1944 1.0799 -1.5428
vt 0.2761 0.8569
vn -0.9572 0.0477 0.2855
v 0.2103 1.2586 -1.5194
vt 0.2761 0.8630
vn -0.8597 0.4017 0.3156
v 0.1901 1.2701 -1.5891
vt 0.2761 0.8634
vn -0.9089 0.4168 0.0115
v 0.1742 1.0914 -1.6125
vt 0.2761 0.8573
vn -0.9645 -0.2508 -0.0824
f 3614/3614/3614 3615/3615/3615 3616/3616/3616 3617/3617/3617
v 0.2349 1.2828 -1.5267
vt 0.2761 0.8855
vn -0.3303 0.9112 0.2461
v 0.4115 1.2828 -1.6055
vt 0.2761 0.8855
vn 0.0436 0.9877 0.1502
v 0.3913 1.2943 -1.6749
vt 0.2761 0.8858
vn -0.0728 0.9652 -0.2511
v 0.2148 1.2943 -1.5962
vt 0.2761 0.8858
vn -0.3841 0.9199 -0.0789
f 3618/3618/3618 3619/3619/3619 3620/3620/3620 3621/3621/3621
v 0.3813 1.0672 -1.7095
vt 0.2761 0.8565
vn -0.1513 -0.8396 -0.5217
v 0.4015 1.0557 -1.6400
vt 0.2761 0.8561
vn -0.0436 -0.9877 -0.1502
v 0.2147 1.0557 -1.5565
vt 0.2761 0.8561
vn -0.0645 -0.9875 -0.1441
v 0.1946 1.0672 -1.6259
vt 0.2761 0.8565
vn -0.5087 -0.7972 -0.3251
f 3622/3622/3622 3623/3623/3623 3624/3624/3624 3625/3625/3625
v 0.1896 1.0953 -1.6462
vt 0.2761 0.8790
vn -0.6672 -0.1907 -0.7201
v 0.3756 1.0953 -1.7294
vt 0.2761 0.8790
vn -0.2243 -0.5931 -0.7733
v 0.3813 1.0672 -1.7095
vt 0.2761 0.8781
vn -0.1513 -0.8396 -0.5217
v 0.1946 1.0672 -1.6259
vt 0.2761 0.8781
vn -0.5087 -0.7972 -0.3251
f 3626/3626/3626 3627/3627/3627 3628/3628/3628 3629/3629/3629
v 0.3756 1.0953 -1.7294
vt 0.2761 0.8790
vn -0.2751 0.1560 -0.9487
v 0.3834 1.2740 -1.7022
vt 0.2761 0.8852
vn -0.2751 0.1560 -0.9487
v 0.5762 1.2740 -1.7303
vt 0.2761 0.8852
vn 0.1885 0.4779 -0.8580
v 0.5771 1.0953 -1.7586
vt 0.2761 0.8790
vn 0.1784 -0.1907 -0.9653
f 3630/3630/3630 3631/3631/3631 3632/3632/3632 3633/3633/3633
v 0.6073 1.2701 -1.7101
vt 0.2761 0.9066
vn 0.7740 0.4168 -0.4766
v 0.5762 1.2740 -1.7303
vt 0.2761 0.9067
vn 0.1885 0.4779 -0.8580
v 0.5826 1.2943 -1.7029
vt 0.2761 0.9074
vn 0.2823 0.9199 -0.2722
f 3634/3634/3634 3635/3635/3635 3636/3636/3636
v 0.6082 1.0914 -1.7384
vt 0.2761 0.8789
vn 0.7708 -0.2508 -0.5857
v 0.5838 1.0672 -1.7388
vt 0.2761 0.8781
vn 0.2558 -0.7972 -0.5468
v 0.5771 1.0953 -1.7586
vt 0.2761 0.8790
vn 0.1784 -0.1907 -0.9653
f 3637/3637/3637 3638/3638/3638 3639/3639/3639
v 0.1901 1.2701 -1.5891
vt 0.2761 0.9066
vn -0.9089 0.4168 0.0115
v 0.2148 1.2943 -1.5962
vt 0.2761 0.9074
vn -0.3841 0.9199 -0.0789
v 0.2055 1.2740 -1.6227
vt 0.2761 0.9067
vn -0.6183 0.4779 -0.6240
f 3640/3640/3640 3641/3641/3641 3642/3642/3642
v 0.1742 1.0914 -1.6125
vt 0.2761 0.8789
vn -0.9645 -0.2508 -0.0824
v 0.1896 1.0953 -1.6462
vt 0.2761 0.8790
vn -0.6672 -0.1907 -0.7201
v 0.1946 1.0672 -1.6259
vt 0.2761 0.8781
vn -0.5087 -0.7972 -0.3251
f 3643/3643/3643 3644/3644/3644 3645/3645/3645
v 0.6073 1.2701 -1.7101
vt 0.2761 0.8850
vn 0.7740 0.4168 -0.4766
v 0.6082 1.0914 -1.7384
vt 0.2761 0.8789
vn 0.7708 -0.2508 -0.5857
v 0.5771 1.0953 -1.7586
vt 0.2761 0.8790
vn 0.1784 -0.1907 -0.9653
v 0.5762 1.2740 -1.7303
vt 0.2761 0.8852
vn 0.1885 0.4779 -0.8580
f 3646/3646/3646 3647/3647/3647 3648/3648/3648 3649/3649/3649
v 0.2055 1.2740 -1.6227
vt 0.2761 0.8852
vn -0.6183 0.4779 -0.6240
v 0.1896 1.0953 -1.6462
vt 0.2761 0.8790
vn -0.6672 -0.1907 -0.7201
v 0.1742 1.0914 -1.6125
vt 0.2761 0.8789
vn -0.9645 -0.2508 -0.0824
v 0.1901 1.2701 -1.5891
vt 0.2761 0.8850
vn -0.9089 0.4168 0.0115
f 3650/3650/3650 3651/3651/3651 3652/3652/3652 3653/3653/3653
v 0.5838 1.0672 -1.7388
vt 0.2761 0.8781
vn 0.2558 -0.7972 -0.5468
v 0.3813 1.0672 -1.7095
vt 0.2761 0.8781
vn -0.1513 -0.8396 -0.5217
v 0.3756 1.0953 -1.7294
vt 0.2761 0.8790
vn -0.2243 -0.5931 -0.7733
v 0.5771 1.0953 -1.7586
vt 0.2761 0.8790
vn 0.1784 -0.1907 -0.9653
f 3654/3654/3654 3655/3655/3655 3656/3656/3656 3657/3657/3657
v 0.3913 1.2943 -1.6749
vt 0.2761 0.9074
vn -0.0728 0.9652 -0.2511
v 0.5826 1.2943 -1.7029
vt 0.2761 0.9074
vn 0.2823 0.9199 -0.2722
v 0.5762 1.2740 -1.7303
vt 0.2761 0.9067
vn 0.1885 0.4779 -0.8580
v 0.3834 1.2740 -1.7022
vt 0.2761 0.9067
vn -0.1624 0.8125 -0.5598
f 3658/3658/3658 3659/3659/3659 3660/3660/3660 3661/3661/3661
v 0.6082 1.0914 -1.7384
vt 0.2761 0.8573
vn 0.7708 -0.2508 -0.5857
v 0.6284 1.0799 -1.6686
vt 0.2761 0.8569
vn 0.6738 -0.6724 -0.3063
v 0.6039 1.0557 -1.6694
vt 0.2761 0.8561
vn 0.6738 -0.6724 -0.3063
v 0.5838 1.0672 -1.7388
vt 0.2761 0.8565
vn 0.2558 -0.7972 -0.5468
f 3662/3662/3662 3663/3663/3663 3664/3664/3664 3665/3665/3665
v 0.1944 1.0799 -1.5428
vt 0.2761 0.8569
vn -0.7332 -0.6724 0.1018
v 0.1742 1.0914 -1.6125
vt 0.2761 0.8573
vn -0.9645 -0.2508 -0.0824
v 0.1946 1.0672 -1.6259
vt 0.2761 0.8565
vn -0.5087 -0.7972 -0.3251
v 0.2147 1.0557 -1.5565
vt 0.2761 0.8561
vn -0.7332 -0.6724 0.1018
f 3666/3666/3666 3667/3667/3667 3668/3668/3668 3669/3669/3669
v 0.6275 1.2586 -1.6404
vt 0.2761 0.8846
vn 0.8951 0.4017 -0.1934
v 0.6073 1.2701 -1.7101
vt 0.2761 0.8850
vn 0.7740 0.4168 -0.4766
v 0.5826 1.2943 -1.7029
vt 0.2761 0.8858
vn 0.2823 0.9199 -0.2722
v 0.6028 1.2828 -1.6334
vt 0.2761 0.8855
vn 0.4107 0.9112 0.0312
f 3670/3670/3670 3671/3671/3671 3672/3672/3672 3673/3673/3673
v 0.1901 1.2701 -1.5891
vt 0.2761 0.8850
vn -0.9089 0.4168 0.0115
v 0.2103 1.2586 -1.5194
vt 0.2761 0.8846
vn -0.8597 0.4017 0.3156
v 0.2349 1.2828 -1.5267
vt 0.2761 0.8855
vn -0.3303 0.9112 0.2461
v 0.2148 1.2943 -1.5962
vt 0.2761 0.8858
vn -0.3841 0.9199 -0.0789
f 3674/3674/3674 3675/3675/3675 3676/3676/3676 3677/3677/3677
v 0.2148 1.2943 -1.5962
vt 0.2761 0.9074
vn -0.3841 0.9199 -0.0789
v 0.3913 1.2943 -1.6749
vt 0.2761 0.9074
vn -0.0728 0.9652 -0.2511
v 0.3834 1.2740 -1.7022
vt 0.2761 0.9067
vn -0.1624 0.8125 -0.5598
v 0.2055 1.2740 -1.6227
vt 0.2761 0.9067
vn -0.6183 0.4779 -0.6240
f 3678/3678/3678 3679/3679/3679 3680/3680/3680 3681/3681/3681
v 0.2027 1.9687 0.1711
vt 0.2761 0.9089
vn -0.4444 0.7055 0.5520
v 0.1226 1.8410 0.2706
vt 0.2761 0.9046
vn -0.5827 0.3699 0.7237
v 0.2555 1.8410 0.3512
vt 0.2761 0.9046
vn -0.1567 0.4077 0.8996
v 0.3009 1.9687 0.2318
vt 0.2761 0.9089
vn 0.0718 0.8781 0.4730
f 3682/3682/3682 3683/3683/3683 3684/3684/3684 3685/3685/3685
v 0.2616 1.9098 0.0980
vt 0.2761 0.9069
vn 0.4434 0.7071 -0.5508
v 0.2246 1.9687 0.1439
vt 0.2761 0.9089
vn 0.4434 0.7071 -0.5508
v 0.3180 1.9687 0.2019
vt 0.2761 0.9089
vn 0.4499 0.8782 -0.1620
v 0.3550 1.9098 0.1560
vt 0.2761 0.9069
vn 0.6461 0.6781 -0.3503
f 3686/3686/3686 3687/3687/3687 3688/3688/3688 3689/3689/3689
v 0.3248 1.7644 0.3040
vt 0.2761 0.8804
vn 0.8570 0.1546 0.4916
v 0.3703 1.8924 0.1844
vt 0.2761 0.8847
vn 0.8950 0.3822 0.2300
v 0.3332 1.9515 0.2305
vt 0.2761 0.8868
vn 0.7105 0.5737 0.4075
v 0.2877 1.8235 0.3500
vt 0.2761 0.8824
vn 0.5108 0.1035 0.8534
f 3690/3690/3690 3691/3691/3691 3692/3692/3692 3693/3693/3693
v 0.0488 1.7472 0.1081
vt 0.2761 0.8798
vn -0.5150 -0.7039 0.4891
v 0.1596 1.7472 0.2247
vt 0.2761 0.8798
vn -0.4434 -0.7071 0.5508
v 0.1226 1.8061 0.2706
vt 0.2761 0.8818
vn -0.5820 -0.3726 0.7228
v 0.0119 1.8061 0.1540
vt 0.2761 0.8818
vn -0.8786 -0.3421 0.3331
f 3694/3694/3694 3695/3695/3695 3696/3696/3696 3697/3697/3697
v 0.2246 1.9687 0.1439
vt 0.2761 0.9089
vn 0.4434 0.7071 -0.5508
v 0.2616 1.9098 0.0980
vt 0.2761 0.9069
vn 0.4434 0.7071 -0.5508
v 0.1850 1.9098 0.0191
vt 0.2761 0.9069
vn 0.2043 0.6781 -0.7060
v 0.1480 1.9687 0.0650
vt 0.2761 0.9089
vn 0.0622 0.8782 -0.4741
f 3698/3698/3698 3699/3699/3699 3700/3700/3700 3701/3701/3701
v 0.1540 1.8924 0.0102
vt 0.2761 0.8847
vn -0.4157 0.3822 -0.8253
v 0.0469 1.7644 0.0802
vt 0.2761 0.8804
vn -0.6632 0.1546 -0.7324
v 0.0098 1.8235 0.1263
vt 0.2761 0.8824
vn -0.9428 0.1035 -0.3169
v 0.1169 1.9515 0.0563
vt 0.2761 0.8868
vn -0.5498 0.5737 -0.6072
f 3702/3702/3702 3703/3703/3703 3704/3704/3704 3705/3705/3705
v 0.0119 1.8061 0.1540
vt 0.2761 0.9034
vn -0.8786 -0.3421 0.3331
v 0.1226 1.8061 0.2706
vt 0.2761 0.9034
vn -0.5820 -0.3726 0.7228
v 0.1226 1.8410 0.2706
vt 0.2761 0.9046
vn -0.5827 0.3699 0.7237
v 0.0155 1.8410 0.1580
vt 0.2761 0.9046
vn -0.8454 0.4077 0.3451
f 3706/3706/3706 3707/3707/3707 3708/3708/3708 3709/3709/3709
v 0.3180 1.9687 0.2019
vt 0.2761 0.9305
vn 0.4499 0.8782 -0.1620
v 0.3009 1.9687 0.2318
vt 0.2761 0.9305
vn 0.0718 0.8781 0.4730
v 0.3332 1.9515 0.2305
vt 0.2761 0.9299
vn 0.7105 0.5737 0.4075
f 3710/3710/3710 3711/3711/3711 3712/3712/3712
v 0.0119 1.8061 0.1540
vt 0.2761 0.9034
vn -0.8786 -0.3421 0.3331
v 0.0155 1.8410 0.1580
vt 0.2761 0.9046
vn -0.8454 0.4077 0.3451
v 0.0098 1.8235 0.1263
vt 0.2761 0.9040
vn -0.9428 0.1035 -0.3169
f 3713/3713/3713 3714/3714/3714 3715/3715/3715
v 0.1226 1.8410 0.2706
vt 0.2761 0.9046
vn -0.5827 0.3699 0.7237
v 0.2027 1.9687 0.1711
vt 0.2761 0.9089
vn -0.4444 0.7055 0.5520
v 0.1225 1.9687 0.0881
vt 0.2761 0.9089
vn -0.4774 0.8781 0.0308
v 0.0155 1.8410 0.1580
vt 0.2761 0.9046
vn -0.8454 0.4077 0.3451
f 3716/3716/3716 3717/3717/3717 3718/3718/3718 3719/3719/3719
v 0.2602 1.8061 0.3539
vt 0.2761 0.9034
vn -0.1380 -0.3421 0.9295
v 0.2877 1.8235 0.3500
vt 0.2761 0.9040
vn 0.5108 0.1035 0.8534
v 0.2555 1.8410 0.3512
vt 0.2761 0.9046
vn -0.1567 0.4077 0.8996
f 3720/3720/3720 3721/3721/3721 3722/3722/3722
v 0.1480 1.9687 0.0650
vt 0.2761 0.9305
vn 0.0622 0.8782 -0.4741
v 0.1169 1.9515 0.0563
vt 0.2761 0.9299
vn -0.5498 0.5737 -0.6072
v 0.1225 1.9687 0.0881
vt 0.2761 0.9305
vn -0.4774 0.8781 0.0308
f 3723/3723/3723 3724/3724/3724 3725/3725/3725
v 0.3009 1.9687 0.2318
vt 0.2761 0.9089
vn 0.0718 0.8781 0.4730
v 0.2555 1.8410 0.3512
vt 0.2761 0.9046
vn -0.1567 0.4077 0.8996
v 0.2877 1.8235 0.3500
vt 0.2761 0.9040
vn 0.5108 0.1035 0.8534
v 0.3332 1.9515 0.2305
vt 0.2761 0.9084
vn 0.7105 0.5737 0.4075
f 3726/3726/3726 3727/3727/3727 3728/3728/3728 3729/3729/3729
v 0.1169 1.9515 0.0563
vt 0.2761 0.9084
vn -0.5498 0.5737 -0.6072
v 0.0098 1.8235 0.1263
vt 0.2761 0.9040
vn -0.9428 0.1035 -0.3169
v 0.0155 1.8410 0.1580
vt 0.2761 0.9046
vn -0.8454 0.4077 0.3451
v 0.1225 1.9687 0.0881
vt 0.2761 0.9089
vn -0.4774 0.8781 0.0308
f 3730/3730/3730 3731/3731/3731 3732/3732/3732 3733/3733/3733
v 0.1540 1.8924 0.0102
vt 0.2761 0.9063
vn -0.4157 0.3822 -0.8253
v 0.1169 1.9515 0.0563
vt 0.2761 0.9084
vn -0.5498 0.5737 -0.6072
v 0.1480 1.9687 0.0650
vt 0.2761 0.9089
vn 0.0622 0.8782 -0.4741
v 0.1850 1.9098 0.0191
vt 0.2761 0.9069
vn 0.2043 0.6781 -0.7060
f 3734/3734/3734 3735/3735/3735 3736/3736/3736 3737/3737/3737
v 0.3248 1.7644 0.3040
vt 0.2761 0.8804
vn 0.3767 -0.4105 0.8304
v 0.2877 1.8235 0.3500
vt 0.2761 0.8824
vn 0.5108 0.1035 0.8534
v 0.2602 1.8061 0.3539
vt 0.2761 0.8818
vn -0.1380 -0.3421 0.9295
v 0.2972 1.7472 0.3080
vt 0.2761 0.8798
vn 0.3767 -0.4105 0.8304
f 3738/3738/3738 3739/3739/3739 3740/3740/3740 3741/3741/3741
v 0.0098 1.8235 0.1263
vt 0.2761 0.8824
vn -0.9428 0.1035 -0.3169
v 0.0469 1.7644 0.0802
vt 0.2761 0.8804
vn -0.8916 -0.4105 -0.1908
v 0.0488 1.7472 0.1081
vt 0.2761 0.8798
vn -0.8916 -0.4105 -0.1908
v 0.0119 1.8061 0.1540
vt 0.2761 0.8818
vn -0.8786 -0.3421 0.3331
f 3742/3742/3742 3743/3743/3743 3744/3744/3744 3745/3745/3745
v 0.3550 1.9098 0.1560
vt 0.2761 0.9069
vn 0.6461 0.6781 -0.3503
v 0.3180 1.9687 0.2019
vt 0.2761 0.9089
vn 0.4499 0.8782 -0.1620
v 0.3332 1.9515 0.2305
vt 0.2761 0.9084
vn 0.7105 0.5737 0.4075
v 0.3703 1.8924 0.1844
vt 0.2761 0.9063
vn 0.8950 0.3822 0.2300
f 3746/3746/3746 3747/3747/3747 3748/3748/3748 3749/3749/3749
v 0.1226 1.8061 0.2706
vt 0.2761 0.8818
vn -0.5820 -0.3726 0.7228
v 0.1596 1.7472 0.2247
vt 0.2761 0.8798
vn -0.4434 -0.7071 0.5508
v 0.2972 1.7472 0.3080
vt 0.2761 0.8798
vn -0.3679 -0.7039 0.6076
v 0.2602 1.8061 0.3539
vt 0.2761 0.8818
vn -0.1380 -0.3421 0.9295
f 3750/3750/3750 3751/3751/3751 3752/3752/3752 3753/3753/3753
v 0.1226 1.8061 0.2706
vt 0.2761 0.9034
vn -0.5820 -0.3726 0.7228
v 0.2602 1.8061 0.3539
vt 0.2761 0.9034
vn -0.1380 -0.3421 0.9295
v 0.2555 1.8410 0.3512
vt 0.2761 0.9046
vn -0.1567 0.4077 0.8996
v 0.1226 1.8410 0.2706
vt 0.2761 0.9046
vn -0.5827 0.3699 0.7237
f 3754/3754/3754 3755/3755/3755 3756/3756/3756 3757/3757/3757
v 0.1225 1.9687 0.0881
vt 0.2761 0.9305
vn -0.4774 0.8781 0.0308
v 0.2027 1.9687 0.1711
vt 0.2761 0.9305
vn 0.0000 1.0000 0.0000
v 0.2246 1.9687 0.1439
vt 0.2761 0.9305
vn 0.0000 1.0000 0.0000
v 0.1480 1.9687 0.0650
vt 0.2761 0.9305
vn 0.0622 0.8782 -0.4741
f 3758/3758/3758 3759/3759/3759 3760/3760/3760 3761/3761/3761
v 0.2027 1.9687 0.1711
vt 0.2761 0.9305
vn 0.0000 1.0000 0.0000
v 0.3009 1.9687 0.2318
vt 0.2761 0.9305
vn 0.0718 0.8781 0.4730
v 0.3180 1.9687 0.2019
vt 0.2761 0.9305
vn 0.4499 0.8782 -0.1620
v 0.2246 1.9687 0.1439
vt 0.2761 0.9305
vn 0.0000 1.0000 0.0000
f 3762/3762/3762 3763/3763/3763 3764/3764/3764 3765/3765/3765
v 1.5631 1.9687 -0.3039
vt 0.2761 0.9089
vn 0.6914 0.7055 0.1554
v 1.6877 1.8410 -0.2759
vt 0.2761 0.9046
vn 0.9065 0.3699 0.2037
v 1.7015 1.8410 -0.4307
vt 0.2761 0.9046
vn 0.8765 0.4077 -0.2562
v 1.5743 1.9687 -0.4188
vt 0.2761 0.9089
vn 0.3929 0.8781 -0.2731
f 3766/3766/3766 3767/3767/3767 3768/3768/3768 3769/3769/3769
v 1.4716 1.9098 -0.3245
vt 0.2761 0.9069
vn -0.6899 0.7071 -0.1550
v 1.5291 1.9687 -0.3116
vt 0.2761 0.9089
vn -0.6899 0.7071 -0.1550
v 1.5399 1.9687 -0.4210
vt 0.2761 0.9089
vn -0.3438 0.8782 -0.3323
v 1.4824 1.9098 -0.4339
vt 0.2761 0.9069
vn -0.5994 0.6781 -0.4254
f 3770/3770/3770 3771/3771/3771 3772/3772/3772 3773/3773/3773
v 1.6285 1.7644 -0.4721
vt 0.2761 0.8804
vn 0.0632 0.1546 -0.9860
v 1.5011 1.8924 -0.4602
vt 0.2761 0.8847
vn -0.1884 0.3822 -0.9047
v 1.5588 1.9515 -0.4472
vt 0.2761 0.8868
vn 0.0524 0.5737 -0.8174
v 1.6862 1.8235 -0.4591
vt 0.2761 0.8824
vn 0.5406 0.1035 -0.8349
f 3774/3774/3774 3775/3775/3775 3776/3776/3776 3777/3777/3777
v 1.6302 1.7472 -0.2888
vt 0.2761 0.8798
vn 0.6899 -0.7071 0.1550
v 1.6877 1.8061 -0.2759
vt 0.2761 0.8818
vn 0.9054 -0.3726 0.2035
v 1.6319 1.8061 -0.1251
vt 0.2761 0.8818
vn 0.6865 -0.3421 0.6416
v 1.5744 1.7472 -0.1380
vt 0.2761 0.8798
vn 0.6661 -0.7039 0.2465
f 3778/3778/3778 3779/3779/3779 3780/3780/3780 3781/3781/3781
v 1.5291 1.9687 -0.3116
vt 0.2761 0.9089
vn -0.6899 0.7071 -0.1550
v 1.4716 1.9098 -0.3245
vt 0.2761 0.9069
vn -0.6899 0.7071 -0.1550
v 1.4345 1.9098 -0.2209
vt 0.2761 0.9069
vn -0.7238 0.6781 0.1280
v 1.4920 1.9687 -0.2080
vt 0.2761 0.9089
vn -0.4530 0.8782 0.1533
f 3782/3782/3782 3783/3783/3783 3784/3784/3784 3785/3785/3785
v 1.4402 1.8924 -0.1892
vt 0.2761 0.8847
vn -0.5573 0.3822 0.7371
v 1.5503 1.7644 -0.1239
vt 0.2761 0.8804
vn -0.3647 0.1546 0.9182
v 1.6080 1.8235 -0.1110
vt 0.2761 0.8824
vn 0.1315 0.1035 0.9859
v 1.4979 1.9515 -0.1762
vt 0.2761 0.8868
vn -0.3024 0.5737 0.7612
f 3786/3786/3786 3787/3787/3787 3788/3788/3788 3789/3789/3789
v 1.6319 1.8061 -0.1251
vt 0.2761 0.9034
vn 0.6865 -0.3421 0.6416
v 1.6877 1.8061 -0.2759
vt 0.2761 0.9034
vn 0.9054 -0.3726 0.2035
v 1.6877 1.8410 -0.2759
vt 0.2761 0.9046
vn 0.9065 0.3699 0.2037
v 1.6339 1.8410 -0.1301
vt 0.2761 0.9046
vn 0.6826 0.4077 0.6065
f 3790/3790/3790 3791/3791/3791 3792/3792/3792 3793/3793/3793
v 1.5399 1.9687 -0.4210
vt 0.2761 0.9305
vn -0.3438 0.8782 -0.3323
v 1.5743 1.9687 -0.4188
vt 0.2761 0.9305
vn 0.3929 0.8781 -0.2731
v 1.5588 1.9515 -0.4472
vt 0.2761 0.9299
vn 0.0524 0.5737 -0.8174
f 3794/3794/3794 3795/3795/3795 3796/3796/3796
v 1.6319 1.8061 -0.1251
vt 0.2761 0.9034
vn 0.6865 -0.3421 0.6416
v 1.6339 1.8410 -0.1301
vt 0.2761 0.9046
vn 0.6826 0.4077 0.6065
v 1.6080 1.8235 -0.1110
vt 0.2761 0.9040
vn 0.1315 0.1035 0.9859
f 3797/3797/3797 3798/3798/3798 3799/3799/3799
v 1.6877 1.8410 -0.2759
vt 0.2761 0.9046
vn 0.9065 0.3699 0.2037
v 1.5631 1.9687 -0.3039
vt 0.2761 0.9089
vn 0.6914 0.7055 0.1554
v 1.5240 1.9687 -0.1953
vt 0.2761 0.9089
vn 0.2383 0.8781 0.4149
v 1.6339 1.8410 -0.1301
vt 0.2761 0.9046
vn 0.6826 0.4077 0.6065
f 3800/3800/3800 3801/3801/3801 3802/3802/3802 3803/3803/3803
v 1.7018 1.8061 -0.4361
vt 0.2761 0.9034
vn 0.8950 -0.3421 -0.2862
v 1.6862 1.8235 -0.4591
vt 0.2761 0.9040
vn 0.5406 0.1035 -0.8349
v 1.7015 1.8410 -0.4307
vt 0.2761 0.9046
vn 0.8765 0.4077 -0.2562
f 3804/3804/3804 3805/3805/3805 3806/3806/3806
v 1.4920 1.9687 -0.2080
vt 0.2761 0.9305
vn -0.4530 0.8782 0.1533
v 1.4979 1.9515 -0.1762
vt 0.2761 0.9299
vn -0.3024 0.5737 0.7612
v 1.5240 1.9687 -0.1953
vt 0.2761 0.9305
vn 0.2383 0.8781 0.4149
f 3807/3807/3807 3808/3808/3808 3809/3809/3809
v 1.5240 1.9687 -0.1953
vt 0.2761 0.9305
vn 0.2383 0.8781 0.4149
v 1.5631 1.9687 -0.3039
vt 0.2761 0.9305
vn 0.0000 1.0000 0.0000
v 1.5291 1.9687 -0.3116
vt 0.2761 0.9305
vn 0.0000 1.0000 0.0000
v 1.4920 1.9687 -0.2080
vt 0.2761 0.9305
vn -0.4530 0.8782 0.1533
f 3810/3810/3810 3811/3811/3811 3812/3812/3812 3813/3813/3813
v 1.6877 1.8061 -0.2759
vt 0.2761 0.9034
vn 0.9054 -0.3726 0.2035
v 1.7018 1.8061 -0.4361
vt 0.2761 0.9034
vn 0.8950 -0.3421 -0.2862
v 1.7015 1.8410 -0.4307
vt 0.2761 0.9046
vn 0.8765 0.4077 -0.2562
v 1.6877 1.8410 -0.2759
vt 0.2761 0.9046
vn 0.9065 0.3699 0.2037
f 3814/3814/3814 3815/3815/3815 3816/3816/3816 3817/3817/3817
v 1.5743 1.9687 -0.4188
vt 0.2761 0.9089
vn 0.3929 0.8781 -0.2731
v 1.7015 1.8410 -0.4307
vt 0.2761 0.9046
vn 0.8765 0.4077 -0.2562
v 1.6862 1.8235 -0.4591
vt 0.2761 0.9040
vn 0.5406 0.1035 -0.8349
v 1.5588 1.9515 -0.4472
vt 0.2761 0.9084
vn 0.0524 0.5737 -0.8174
f 3818/3818/3818 3819/3819/3819 3820/3820/3820 3821/3821/3821
v 1.4979 1.9515 -0.1762
vt 0.2761 0.9084
vn -0.3024 0.5737 0.7612
v 1.6080 1.8235 -0.1110
vt 0.2761 0.9040
vn 0.1315 0.1035 0.9859
v 1.6339 1.8410 -0.1301
vt 0.2761 0.9046
vn 0.6826 0.4077 0.6065
v 1.5240 1.9687 -0.1953
vt 0.2761 0.9089
vn 0.2383 0.8781 0.4149
f 3822/3822/3822 3823/3823/3823 3824/3824/3824 3825/3825/3825
v 1.4402 1.8924 -0.1892
vt 0.2761 0.9063
vn -0.5573 0.3822 0.7371
v 1.4979 1.9515 -0.1762
vt 0.2761 0.9084
vn -0.3024 0.5737 0.7612
v 1.4920 1.9687 -0.2080
vt 0.2761 0.9089
vn -0.4530 0.8782 0.1533
v 1.4345 1.9098 -0.2209
vt 0.2761 0.9069
vn -0.7238 0.6781 0.1280
f 3826/3826/3826 3827/3827/3827 3828/3828/3828 3829/3829/3829
v 1.6285 1.7644 -0.4721
vt 0.2761 0.8804
vn 0.5791 -0.4105 -0.7044
v 1.6862 1.8235 -0.4591
vt 0.2761 0.8824
vn 0.5406 0.1035 -0.8349
v 1.7018 1.8061 -0.4361
vt 0.2761 0.8818
vn 0.8950 -0.3421 -0.2862
v 1.6443 1.7472 -0.4490
vt 0.2761 0.8798
vn 0.5791 -0.4105 -0.7044
f 3830/3830/3830 3831/3831/3831 3832/3832/3832 3833/3833/3833
v 1.6080 1.8235 -0.1110
vt 0.2761 0.8824
vn 0.1315 0.1035 0.9859
v 1.5503 1.7644 -0.1239
vt 0.2761 0.8804
vn 0.2220 -0.4105 0.8844
v 1.5744 1.7472 -0.1380
vt 0.2761 0.8798
vn 0.2220 -0.4105 0.8844
v 1.6319 1.8061 -0.1251
vt 0.2761 0.8818
vn 0.6865 -0.3421 0.6416
f 3834/3834/3834 3835/3835/3835 3836/3836/3836 3837/3837/3837
v 1.4824 1.9098 -0.4339
vt 0.2761 0.9069
vn -0.5994 0.6781 -0.4254
v 1.5399 1.9687 -0.4210
vt 0.2761 0.9089
vn -0.3438 0.8782 -0.3323
v 1.5588 1.9515 -0.4472
vt 0.2761 0.9084
vn 0.0524 0.5737 -0.8174
v 1.5011 1.8924 -0.4602
vt 0.2761 0.9063
vn -0.1884 0.3822 -0.9047
f 3838/3838/3838 3839/3839/3839 3840/3840/3840 3841/3841/3841
v 1.6877 1.8061 -0.2759
vt 0.2761 0.8818
vn 0.9054 -0.3726 0.2035
v 1.6302 1.7472 -0.2888
vt 0.2761 0.8798
vn 0.6899 -0.7071 0.1550
v 1.6443 1.7472 -0.4490
vt 0.2761 0.8798
vn 0.7075 -0.7039 0.0622
v 1.7018 1.8061 -0.4361
vt 0.2761 0.8818
vn 0.8950 -0.3421 -0.2862
f 3842/3842/3842 3843/3843/3843 3844/3844/3844 3845/3845/3845
v 1.5399 1.9687 -0.4210
vt 0.2761 0.9305
vn -0.3438 0.8782 -0.3323
v 1.5291 1.9687 -0.3116
vt 0.2761 0.9305
vn 0.0000 1.0000 0.0000
v 1.5631 1.9687 -0.3039
vt 0.2761 0.9305
vn 0.0000 1.0000 0.0000
v 1.5743 1.9687 -0.4188
vt 0.2761 0.9305
vn 0.3929 0.8781 -0.2731
f 3846/3846/3846 3847/3847/3847 3848/3848/3848 3849/3849/3849
v 1.3214 1.6544 0.4524
vt 0.2761 0.8982
vn 0.4711 0.4528 0.7570
v 1.3648 1.4932 0.5221
vt 0.2761 0.8927
vn 0.5269 0.0729 0.8468
v 1.5109 1.4932 0.4005
vt 0.2761 0.8927
vn 0.8487 0.1155 0.5162
v 1.4481 1.6544 0.3476
vt 0.2761 0.8982
vn 0.6371 0.7155 0.2865
f 3850/3850/3850 3851/3851/3851 3852/3852/3852 3853/3853/3853
v 1.4834 1.4487 0.3103
vt 0.2761 0.8695
vn 0.8070 0.1250 -0.5772
v 1.4205 1.6099 0.2574
vt 0.2761 0.8751
vn 0.6304 0.4268 -0.6484
v 1.4551 1.6433 0.3130
vt 0.2761 0.8762
vn 0.7555 0.5323 -0.3820
v 1.5180 1.4821 0.3659
vt 0.2761 0.8707
vn 0.9841 -0.0666 -0.1646
f 3854/3854/3854 3855/3855/3855 3856/3856/3856 3857/3857/3857
v 1.1027 1.6099 0.4552
vt 0.2761 0.8751
vn -0.8602 0.4268 0.2791
v 1.1224 1.4487 0.5349
vt 0.2761 0.8695
vn -0.8743 0.1250 0.4690
v 1.1570 1.4821 0.5905
vt 0.2761 0.8707
vn -0.5825 -0.0666 0.8101
v 1.1373 1.6433 0.5108
vt 0.2761 0.8762
vn -0.6765 0.5323 0.5090
f 3858/3858/3858 3859/3859/3859 3860/3860/3860 3861/3861/3861
v 1.2694 1.6317 0.3687
vt 0.2761 0.8974
vn -0.2398 0.8910 -0.3855
v 1.1228 1.6317 0.4348
vt 0.2761 0.8974
vn -0.5074 0.8408 -0.1888
v 1.1573 1.6650 0.4902
vt 0.2761 0.8985
vn -0.3114 0.9485 0.0577
v 1.3038 1.6650 0.4242
vt 0.2761 0.8985
vn -0.2398 0.8910 -0.3855
f 3862/3862/3862 3863/3863/3863 3864/3864/3864 3865/3865/3865
v 1.1479 1.4269 0.5361
vt 0.2761 0.8688
vn 0.1862 -0.8893 0.4178
v 1.3245 1.4269 0.4574
vt 0.2761 0.8688
vn 0.2398 -0.8910 0.3855
v 1.3590 1.4601 0.5128
vt 0.2761 0.8699
vn 0.4080 -0.6354 0.6556
v 1.1824 1.4601 0.5915
vt 0.2761 0.8699
vn -0.0219 -0.5965 0.8023
f 3866/3866/3866 3867/3867/3867 3868/3868/3868 3869/3869/3869
v 1.3590 1.4601 0.5128
vt 0.2761 0.8699
vn 0.4080 -0.6354 0.6556
v 1.3245 1.4269 0.4574
vt 0.2761 0.8688
vn 0.2398 -0.8910 0.3855
v 1.4732 1.4269 0.3337
vt 0.2761 0.8688
vn 0.2925 -0.8893 0.3516
v 1.5077 1.4601 0.3891
vt 0.2761 0.8699
vn 0.7295 -0.5965 0.3347
f 3870/3870/3870 3871/3871/3871 3872/3872/3872 3873/3873/3873
v 1.5077 1.4601 0.3891
vt 0.2761 0.8915
vn 0.7295 -0.5965 0.3347
v 1.5180 1.4821 0.3659
vt 0.2761 0.8923
vn 0.9841 -0.0666 -0.1646
v 1.5109 1.4932 0.4005
vt 0.2761 0.8927
vn 0.8487 0.1155 0.5162
f 3874/3874/3874 3875/3875/3875 3876/3876/3876
v 1.1715 1.6544 0.5198
vt 0.2761 0.9198
vn -0.0244 0.7155 0.6982
v 1.3214 1.6544 0.4524
vt 0.2761 0.9198
vn 0.1616 0.9521 0.2596
v 1.3038 1.6650 0.4242
vt 0.2761 0.9201
vn 0.1616 0.9521 0.2596
v 1.1573 1.6650 0.4902
vt 0.2761 0.9201
vn -0.3114 0.9485 0.0577
f 3877/3877/3877 3878/3878/3878 3879/3879/3879 3880/3880/3880
v 1.1573 1.6650 0.4902
vt 0.2761 0.9201
vn -0.3114 0.9485 0.0577
v 1.1373 1.6433 0.5108
vt 0.2761 0.9194
vn -0.6765 0.5323 0.5090
v 1.1715 1.6544 0.5198
vt 0.2761 0.9198
vn -0.0244 0.7155 0.6982
f 3881/3881/3881 3882/3882/3882 3883/3883/3883
v 1.3648 1.4932 0.5221
vt 0.2761 0.8927
vn 0.5269 0.0729 0.8468
v 1.3214 1.6544 0.4524
vt 0.2761 0.8982
vn 0.4711 0.4528 0.7570
v 1.1715 1.6544 0.5198
vt 0.2761 0.8982
vn -0.0244 0.7155 0.6982
v 1.1912 1.4932 0.5995
vt 0.2761 0.8927
vn 0.0882 0.1155 0.9894
f 3884/3884/3884 3885/3885/3885 3886/3886/3886 3887/3887/3887
v 1.4278 1.6650 0.3219
vt 0.2761 0.9201
vn 0.1893 0.9485 -0.2539
v 1.4481 1.6544 0.3476
vt 0.2761 0.9198
vn 0.6371 0.7155 0.2865
v 1.4551 1.6433 0.3130
vt 0.2761 0.9194
vn 0.7555 0.5323 -0.3820
f 3888/3888/3888 3889/3889/3889 3890/3890/3890
v 1.1824 1.4601 0.5915
vt 0.2761 0.8915
vn -0.0219 -0.5965 0.8023
v 1.1912 1.4932 0.5995
vt 0.2761 0.8927
vn 0.0882 0.1155 0.9894
v 1.1570 1.4821 0.5905
vt 0.2761 0.8923
vn -0.5825 -0.0666 0.8101
f 3891/3891/3891 3892/3892/3892 3893/3893/3893
v 1.4481 1.6544 0.3476
vt 0.2761 0.8982
vn 0.6371 0.7155 0.2865
v 1.5109 1.4932 0.4005
vt 0.2761 0.8927
vn 0.8487 0.1155 0.5162
v 1.5180 1.4821 0.3659
vt 0.2761 0.8923
vn 0.9841 -0.0666 -0.1646
v 1.4551 1.6433 0.3130
vt 0.2761 0.8978
vn 0.7555 0.5323 -0.3820
f 3894/3894/3894 3895/3895/3895 3896/3896/3896 3897/3897/3897
v 1.1373 1.6433 0.5108
vt 0.2761 0.8978
vn -0.6765 0.5323 0.5090
v 1.1570 1.4821 0.5905
vt 0.2761 0.8923
vn -0.5825 -0.0666 0.8101
v 1.1912 1.4932 0.5995
vt 0.2761 0.8927
vn 0.0882 0.1155 0.9894
v 1.1715 1.6544 0.5198
vt 0.2761 0.8982
vn -0.0244 0.7155 0.6982
f 3898/3898/3898 3899/3899/3899 3900/3900/3900 3901/3901/3901
v 1.4834 1.4487 0.3103
vt 0.2761 0.8695
vn 0.8113 -0.5596 -0.1690
v 1.5180 1.4821 0.3659
vt 0.2761 0.8707
vn 0.9841 -0.0666 -0.1646
v 1.5077 1.4601 0.3891
vt 0.2761 0.8699
vn 0.7295 -0.5965 0.3347
v 1.4732 1.4269 0.3337
vt 0.2761 0.8688
vn 0.8113 -0.5596 -0.1690
f 3902/3902/3902 3903/3903/3903 3904/3904/3904 3905/3905/3905
v 1.1570 1.4821 0.5905
vt 0.2761 0.8707
vn -0.5825 -0.0666 0.8101
v 1.1224 1.4487 0.5349
vt 0.2761 0.8695
vn -0.5100 -0.5596 0.6532
v 1.1479 1.4269 0.5361
vt 0.2761 0.8688
vn -0.5100 -0.5596 0.6532
v 1.1824 1.4601 0.5915
vt 0.2761 0.8699
vn -0.0219 -0.5965 0.8023
f 3906/3906/3906 3907/3907/3907 3908/3908/3908 3909/3909/3909
v 1.4551 1.6433 0.3130
vt 0.2761 0.8978
vn 0.7555 0.5323 -0.3820
v 1.4205 1.6099 0.2574
vt 0.2761 0.8967
vn 0.6304 0.4268 -0.6484
v 1.3933 1.6317 0.2664
vt 0.2761 0.8974
vn 0.0547 0.8408 -0.5386
v 1.4278 1.6650 0.3219
vt 0.2761 0.8985
vn 0.1893 0.9485 -0.2539
f 3910/3910/3910 3911/3911/3911 3912/3912/3912 3913/3913/3913
v 1.1027 1.6099 0.4552
vt 0.2761 0.8967
vn -0.8602 0.4268 0.2791
v 1.1373 1.6433 0.5108
vt 0.2761 0.8978
vn -0.6765 0.5323 0.5090
v 1.1573 1.6650 0.4902
vt 0.2761 0.8985
vn -0.3114 0.9485 0.0577
v 1.1228 1.6317 0.4348
vt 0.2761 0.8974
vn -0.5074 0.8408 -0.1888
f 3914/3914/3914 3915/3915/3915 3916/3916/3916 3917/3917/3917
v 1.2694 1.6317 0.3687
vt 0.2761 0.8974
vn -0.2398 0.8910 -0.3855
v 1.3038 1.6650 0.4242
vt 0.2761 0.8985
vn -0.2398 0.8910 -0.3855
v 1.4278 1.6650 0.3219
vt 0.2761 0.8985
vn 0.1893 0.9485 -0.2539
v 1.3933 1.6317 0.2664
vt 0.2761 0.8974
vn 0.0547 0.8408 -0.5386
f 3918/3918/3918 3919/3919/3919 3920/3920/3920 3921/3921/3921
v 1.3214 1.6544 0.4524
vt 0.2761 0.9198
vn 0.1616 0.9521 0.2596
v 1.4481 1.6544 0.3476
vt 0.2761 0.9198
vn 0.6371 0.7155 0.2865
v 1.4278 1.6650 0.3219
vt 0.2761 0.9201
vn 0.1893 0.9485 -0.2539
v 1.3038 1.6650 0.4242
vt 0.2761 0.9201
vn 0.1616 0.9521 0.2596
f 3922/3922/3922 3923/3923/3923 3924/3924/3924 3925/3925/3925
v 1.3648 1.4932 0.5221
vt 0.2761 0.8927
vn 0.5269 0.0729 0.8468
v 1.1912 1.4932 0.5995
vt 0.2761 0.8927
vn 0.0882 0.1155 0.9894
v 1.1824 1.4601 0.5915
vt 0.2761 0.8915
vn -0.0219 -0.5965 0.8023
v 1.3590 1.4601 0.5128
vt 0.2761 0.8915
vn 0.4080 -0.6354 0.6556
f 3926/3926/3926 3927/3927/3927 3928/3928/3928 3929/3929/3929
v 1.5109 1.4932 0.4005
vt 0.2761 0.8927
vn 0.8487 0.1155 0.5162
v 1.3648 1.4932 0.5221
vt 0.2761 0.8927
vn 0.5269 0.0729 0.8468
v 1.3590 1.4601 0.5128
vt 0.2761 0.8915
vn 0.4080 -0.6354 0.6556
v 1.5077 1.4601 0.3891
vt 0.2761 0.8915
vn 0.7295 -0.5965 0.3347
f 3930/3930/3930 3931/3931/3931 3932/3932/3932 3933/3933/3933
v 0.7350 0.0000 -0.5660
vt 0.2761 0.7744
vn -0.0000 -1.0000 0.0000
v -0.1290 0.0000 -1.6793
vt 0.2761 0.7744
vn -0.0000 -1.0000 0.0000
v 0.2808 0.0000 -1.8881
vt 0.2761 0.7744
vn -0.0000 -1.0000 0.0000
f 3934/3934/3934 3935/3935/3935 3936/3936/3936
v 0.7350 0.0000 -0.5660
vt 0.2761 0.7744
vn -0.0000 -1.0000 0.0000
v -0.6630 0.0000 -0.0357
vt 0.2761 0.7744
vn -0.0000 -1.0000 0.0000
v -0.7350 0.0000 -0.4900
vt 0.2761 0.7744
vn -0.0000 -1.0000 0.0000
f 3937/3937/3937 3938/3938/3938 3939/3939/3939
v 0.7350 0.0000 -0.5660
vt 0.2761 0.7744
vn -0.0000 -1.0000 0.0000
v -0.4542 0.0000 0.3740
vt 0.2761 0.7744
vn -0.0000 -1.0000 0.0000
v -0.6630 0.0000 -0.0357
vt 0.2761 0.7744
vn -0.0000 -1.0000 0.0000
f 3940/3940/3940 3941/3941/3941 3942/3942/3942
v 0.7350 0.0000 -0.5660
vt 0.2761 0.7744
vn -0.0000 -1.0000 0.0000
v 0.2808 0.0000 0.9081
vt 0.2761 0.7744
vn -0.0000 -1.0000 0.0000
v -0.1290 0.0000 0.6993
vt 0.2761 0.7744
vn -0.0000 -1.0000 0.0000
f 3943/3943/3943 3944/3944/3944 3945/3945/3945
v 0.7350 0.0000 -0.5660
vt 0.2761 0.7744
vn -0.0000 -1.0000 0.0000
v -0.6630 0.0000 -0.9443
vt 0.2761 0.7744
vn -0.0000 -1.0000 0.0000
v -0.4542 0.0000 -1.3540
vt 0.2761 0.7744
vn -0.0000 -1.0000 0.0000
f 3946/3946/3946 3947/3947/3947 3948/3948/3948
v 0.7350 0.0000 -0.5660
vt 0.2761 0.7744
vn -0.0000 -1.0000 0.0000
v 0.2808 0.0000 -1.8881
vt 0.2761 0.7744
vn -0.0000 -1.0000 0.0000
v 0.7350 0.0000 -1.9600
vt 0.2761 0.7744
vn -0.0000 -1.0000 0.0000
f 3949/3949/3949 3950/3950/3950 3951/3951/3951
v 0.7350 0.0000 -0.5660
vt 0.2761 0.7744
vn -0.0000 -1.0000 0.0000
v -0.4542 0.0000 -1.3540
vt 0.2761 0.7744
vn -0.0000 -1.0000 0.0000
v -0.1290 0.0000 -1.6793
vt 0.2761 0.7744
vn -0.0000 -1.0000 0.0000
f 3952/3952/3952 3953/3953/3953 3954/3954/3954
v 0.7350 0.0000 -0.5660
vt 0.2761 0.7744
vn -0.0000 -1.0000 0.0000
v 2.2050 0.0000 -0.4900
vt 0.2761 0.7744
vn -0.0000 -1.0000 0.0000
v 2.1331 0.0000 -0.0357
vt 0.2761 0.7744
vn -0.0000 -1.0000 0.0000
f 3955/3955/3955 3956/3956/3956 3957/3957/3957
v 0.7350 0.0000 -0.5660
vt 0.2761 0.7744
vn -0.0000 -1.0000 0.0000
v 2.1331 0.0000 -0.9443
vt 0.2761 0.7744
vn -0.0000 -1.0000 0.0000
v 2.2050 0.0000 -0.4900
vt 0.2761 0.7744
vn -0.0000 -1.0000 0.0000
f 3958/3958/3958 3959/3959/3959 3960/3960/3960
v 0.7350 0.0000 -0.5660
vt 0.2761 0.7744
vn -0.0000 -1.0000 0.0000
v 1.9243 0.0000 -1.3540
vt 0.2761 0.7744
vn -0.0000 -1.0000 0.0000
v 2.1331 0.0000 -0.9443
vt 0.2761 0.7744
vn -0.0000 -1.0000 0.0000
f 3961/3961/3961 3962/3962/3962 3963/3963/3963
v 0.7350 0.0000 -0.5660
vt 0.2761 0.7744
vn -0.0000 -1.0000 0.0000
v 1.1893 0.0000 -1.8881
vt 0.2761 0.7744
vn -0.0000 -1.0000 0.0000
v 1.5991 0.0000 -1.6793
vt 0.2761 0.7744
vn -0.0000 -1.0000 0.0000
f 3964/3964/3964 3965/3965/3965 3966/3966/3966
v 0.7350 0.0000 -0.5660
vt 0.2761 0.7744
vn -0.0000 -1.0000 0.0000
v 1.9243 0.0000 0.3740
vt 0.2761 0.7744
vn -0.0000 -1.0000 0.0000
v 1.5991 0.0000 0.6993
vt 0.2761 0.7744
vn -0.0000 -1.0000 0.0000
f 3967/3967/3967 3968/3968/3968 3969/3969/3969
v 0.7350 0.0000 -0.5660
vt 0.2761 0.7744
vn -0.0000 -1.0000 0.0000
v 1.5991 0.0000 0.6993
vt 0.2761 0.7744
vn -0.0000 -1.0000 0.0000
v 1.1893 0.0000 0.9081
vt 0.2761 0.7744
vn -0.0000 -1.0000 0.0000
f 3970/3970/3970 3971/3971/3971 3972/3972/3972
v 0.7350 0.0000 -0.5660
vt 0.2761 0.7744
vn -0.0000 -1.0000 0.0000
v -0.1290 0.0000 0.6993
vt 0.2761 0.7744
vn -0.0000 -1.0000 0.0000
v -0.4542 0.0000 0.3740
vt 0.2761 0.7744
vn -0.0000 -1.0000 0.0000
f 3973/3973/3973 3974/3974/3974 3975/3975/3975
v 0.7350 0.0000 -0.5660
vt 0.2761 0.7744
vn -0.0000 -1.0000 0.0000
v 1.5991 0.0000 -1.6793
vt 0.2761 0.7744
vn -0.0000 -1.0000 0.0000
v 1.9243 0.0000 -1.3540
vt 0.2761 0.7744
vn -0.0000 -1.0000 0.0000
f 3976/3976/3976 3977/3977/3977 3978/3978/3978
v 0.7350 0.0000 -0.5660
vt 0.2761 0.7744
vn -0.0000 -1.0000 0.0000
v -0.7350 0.0000 -0.4900
vt 0.2761 0.7744
vn -0.0000 -1.0000 0.0000
v -0.6630 0.0000 -0.9443
vt 0.2761 0.7744
vn -0.0000 -1.0000 0.0000
f 3979/3979/3979 3980/3980/3980 3981/3981/3981
v 0.7350 0.0000 -0.5660
vt 0.2761 0.7744
vn -0.0000 -1.0000 0.0000
v 2.1331 0.0000 -0.0357
vt 0.2761 0.7744
vn -0.0000 -1.0000 0.0000
v 1.9243 0.0000 0.3740
vt 0.2761 0.7744
vn -0.0000 -1.0000 0.0000
f 3982/3982/3982 3983/3983/3983 3984/3984/3984
v 0.7350 0.0000 -0.5660
vt 0.2761 0.7744
vn -0.0000 -1.0000 0.0000
v 0.7350 0.0000 -1.9600
vt 0.2761 0.7744
vn -0.0000 -1.0000 0.0000
v 1.1893 0.0000 -1.8881
vt 0.2761 0.7744
vn -0.0000 -1.0000 0.0000
f 3985/3985/3985 3986/3986/3986 3987/3987/3987
v 0.7350 0.0000 -0.5660
vt 0.2761 0.7744
vn -0.0000 -1.0000 0.0000
v 1.1893 0.0000 0.9081
vt 0.2761 0.7744
vn -0.0000 -1.0000 0.0000
v 0.2808 0.0000 0.9081
vt 0.2761 0.7744
vn -0.0000 -1.0000 0.0000
f 3988/3988/3988 3989/3989/3989 3990/3990/3990
v 1.0979 0.0000 0.3124
vt 0.2761 0.7744
vn -0.0000 -1.0000 0.0000
v 1.4700 0.0000 0.8520
vt 0.2761 0.7744
vn -0.0000 -1.0000 0.0000
v 1.3422 0.0000 0.9800
vt 0.2761 0.7744
vn -0.0000 -1.0000 0.0000
v 1.0979 0.0000 0.9800
vt 0.2761 0.7744
vn -0.0000 -1.0000 0.0000
f 3991/3991/3991 3992/3992/3992 3993/3993/3993 3994/3994/3994
v 1.4700 0.0000 0.8520
vt 0.2761 0.7744
vn -0.0000 -1.0000 0.0000
v 1.0979 0.0000 0.3124
vt 0.2761 0.7744
vn -0.0000 -1.0000 0.0000
v 1.4700 0.0000 0.3124
vt 0.2761 0.7744
vn -0.0000 -1.0000 0.0000
f 3995/3995/3995 3996/3996/3996 3997/3997/3997
v 0.3721 0.0000 0.9800
vt 0.2761 0.7744
vn -0.0000 -1.0000 0.0000
v 0.1279 0.0000 0.9800
vt 0.2761 0.7744
vn -0.0000 -1.0000 0.0000
v 0.0000 0.0000 0.8520
vt 0.2761 0.7744
vn -0.0000 -1.0000 0.0000
v 0.3721 0.0000 0.3124
vt 0.2761 0.7744
vn -0.0000 -1.0000 0.0000
f 3998/3998/3998 3999/3999/3999 4000/4000/4000 4001/4001/4001
v 0.0000 0.0000 0.8520
vt 0.2761 0.7744
vn -0.0000 -1.0000 0.0000
v 0.0000 0.0000 0.3124
vt 0.2761 0.7744
vn -0.0000 -1.0000 0.0000
v 0.3721 0.0000 0.3124
vt 0.2761 0.7744
vn -0.0000 -1.0000 0.0000
f 4002/4002/4002 4003/4003/4003 4004/4004/4004
v -0.7738 0.1203 1.1099
vt 0.3342 0.9158
vn 0.2910 0.1183 0.9494
v -0.7738 0.0652 1.1127
vt 0.3342 0.9235
vn 0.2859 -0.0116 0.9582
v -0.6995 0.0608 1.0905
vt 0.3342 0.9703
vn 0.2871 0.0107 0.9578
v -0.6734 0.1143 1.0799
vt 0.3342 0.9627
vn 0.2912 0.1281 0.9481
f 4005/4005/4005 4006/4006/4006 4007/4007/4007 4008/4008/4008
v -0.6734 0.1143 1.0799
vt 0.3342 0.9627
vn 0.2912 -0.2428 -0.9254
v -0.6995 0.0608 1.0905
vt 0.3342 0.9703
vn 0.2871 -0.3551 -0.8896
v -0.7738 0.0564 1.0683
vt 0.3342 0.9235
vn 0.2859 -0.3759 -0.8815
v -0.7738 0.1084 1.0499
vt 0.3342 0.9158
vn 0.2910 -0.2524 -0.9228
f 4009/4009/4009 4010/4010/4010 4011/4011/4011 4012/4012/4012
v -0.7738 0.1084 1.0499
vt 0.3342 0.9158
vn -0.2910 -0.2524 -0.9228
v -0.7738 0.0564 1.0683
vt 0.3342 0.9235
vn -0.2859 -0.3759 -0.8815
v -0.8481 0.0608 1.0905
vt 0.3342 0.9703
vn -0.2871 -0.3551 -0.8896
v -0.8742 0.1143 1.0799
vt 0.3342 0.9627
vn -0.2912 -0.2428 -0.9254
f 4013/4013/4013 4014/4014/4014 4015/4015/4015 4016/4016/4016
v -0.8742 0.1143 1.0799
vt 0.3342 0.9627
vn -0.2912 0.1281 0.9481
v -0.8481 0.0608 1.0905
vt 0.3342 0.9703
vn -0.2871 0.0107 0.9578
v -0.7738 0.0652 1.1127
vt 0.3342 0.9235
vn -0.2859 -0.0116 0.9582
v -0.7738 0.1203 1.1099
vt 0.3342 0.9158
vn -0.2910 0.1183 0.9494
f 4017/4017/4017 4018/4018/4018 4019/4019/4019 4020/4020/4020
v -0.8481 0.0608 1.0905
vt 0.3342 0.9703
vn -0.2871 -0.3551 -0.8896
v -0.7738 0.0564 1.0683
vt 0.3342 0.9235
vn -0.2859 -0.3759 -0.8815
v -0.7738 -0.0179 1.1061
vt 0.3342 0.9347
vn -0.2816 -0.4352 -0.8552
f 4021/4021/4021 4022/4022/4022 4023/4023/4023
v -0.6995 0.0608 1.0905
vt 0.3342 0.9703
vn 0.2871 0.0107 0.9578
v -0.7738 0.0652 1.1127
vt 0.3342 0.9235
vn 0.2859 -0.0116 0.9582
v -0.7738 -0.0179 1.1061
vt 0.3342 0.9347
vn 0.2816 -0.0765 0.9565
f 4024/4024/4024 4025/4025/4025 4026/4026/4026
v -0.7738 0.0652 1.1127
vt 0.3342 0.9235
vn -0.2859 -0.0116 0.9582
v -0.8481 0.0608 1.0905
vt 0.3342 0.9703
vn -0.2871 0.0107 0.9578
v -0.7738 -0.0179 1.1061
vt 0.3342 0.9347
vn -0.2816 -0.0765 0.9565
f 4027/4027/4027 4028/4028/4028 4029/4029/4029
v -0.7738 0.0564 1.0683
vt 0.3342 0.9235
vn 0.2859 -0.3759 -0.8815
v -0.6995 0.0608 1.0905
vt 0.3342 0.9703
vn 0.2871 -0.3551 -0.8896
v -0.7738 -0.0179 1.1061
vt 0.3342 0.9347
vn 0.2816 -0.4352 -0.8552
f 4030/4030/4030 4031/4031/4031 4032/4032/4032
v -0.7738 0.7046 0.9180
vt 0.6770 0.9497
vn 0.0000 -0.9810 0.1942
v -0.6267 0.6829 0.9223
vt 0.6564 0.9528
vn -0.1483 -0.9701 0.1921
v -0.6267 0.7001 1.0089
vt 0.6564 0.9528
vn -0.1483 -0.9701 0.1921
v -0.7738 0.7217 1.0046
vt 0.6770 0.9497
vn 0.0000 -0.9810 0.1942
f 4033/4033/4033 4034/4034/4034 4035/4035/4035 4036/4036/4036
v -0.7738 0.7768 0.9038
vt 0.6770 0.9707
vn 0.0000 0.9810 -0.1942
v -0.9210 0.7551 0.9080
vt 0.6976 0.9738
vn -0.1483 0.9701 -0.1921
v -0.9210 0.7722 0.9946
vt 0.6976 0.9738
vn -0.1483 0.9701 -0.1921
v -0.7738 0.7939 0.9904
vt 0.6770 0.9707
vn 0.0000 0.9810 -0.1942
f 4037/4037/4037 4038/4038/4038 4039/4039/4039 4040/4040/4040
v -0.7738 0.7939 0.9904
vt 0.6770 0.9395
vn 0.0000 0.1942 0.9810
v -0.7738 0.7217 1.0046
vt 0.6770 0.9497
vn 0.0000 0.1942 0.9810
v -0.6267 0.7001 1.0089
vt 0.6564 0.9528
vn 0.0000 0.1942 0.9810
v -0.6267 0.7722 0.9946
vt 0.6564 0.9425
vn 0.0000 0.1942 0.9810
f 4041/4041/4041 4042/4042/4042 4043/4043/4043 4044/4044/4044
v -0.9210 0.7551 0.9080
vt 0.6976 0.9425
vn -1.0000 0.0000 0.0000
v -0.9210 0.6829 0.9223
vt 0.6976 0.9528
vn -1.0000 0.0000 0.0000
v -0.9210 0.7001 1.0089
vt 0.6976 0.9528
vn -1.0000 0.0000 0.0000
v -0.9210 0.7722 0.9946
vt 0.6976 0.9425
vn -1.0000 0.0000 0.0000
f 4045/4045/4045 4046/4046/4046 4047/4047/4047 4048/4048/4048
v -0.7738 0.7768 0.9038
vt 0.6770 0.9395
vn -0.0000 -0.1942 -0.9810
v -0.7738 0.7046 0.9180
vt 0.6770 0.9497
vn -0.0000 -0.1942 -0.9810
v -0.9210 0.6829 0.9223
vt 0.6976 0.9528
vn -0.0000 -0.1942 -0.9810
v -0.9210 0.7551 0.9080
vt 0.6976 0.9425
vn -0.0000 -0.1942 -0.9810
f 4049/4049/4049 4050/4050/4050 4051/4051/4051 4052/4052/4052
v -0.6267 0.7722 0.9946
vt 0.6564 0.9425
vn 1.0000 0.0000 0.0000
v -0.6267 0.7001 1.0089
vt 0.6564 0.9528
vn 1.0000 0.0000 0.0000
v -0.6267 0.6829 0.9223
vt 0.6564 0.9528
vn 1.0000 0.0000 0.0000
v -0.6267 0.7551 0.9080
vt 0.6564 0.9425
vn 1.0000 0.0000 0.0000
f 4053/4053/4053 4054/4054/4054 4055/4055/4055 4056/4056/4056
v -0.7878 0.9583 0.9423
vt 0.6789 0.9156
vn 0.0000 0.1942 0.9810
v -0.7878 0.7863 0.9764
vt 0.6789 0.9401
vn 0.0000 0.1942 0.9810
v -0.7599 0.7863 0.9764
vt 0.6750 0.9401
vn 0.0000 0.1942 0.9810
v -0.7599 0.9583 0.9423
vt 0.6750 0.9156
vn 0.0000 0.1942 0.9810
f 4057/4057/4057 4058/4058/4058 4059/4059/4059 4060/4060/4060
v -0.8028 0.9509 0.9053
vt 0.6810 0.9156
vn -0.9494 -0.0610 -0.3080
v -0.8028 0.7790 0.9394
vt 0.6810 0.9401
vn -0.9494 -0.0610 -0.3080
v -0.8028 0.7824 0.9566
vt 0.6810 0.9401
vn -0.9494 0.0610 0.3080
v -0.8028 0.9543 0.9225
vt 0.6810 0.9156
vn -0.9494 0.0610 0.3080
f 4061/4061/4061 4062/4062/4062 4063/4063/4063 4064/4064/4064
v -0.7599 0.9470 0.8855
vt 0.6750 0.9156
vn -0.0000 -0.1942 -0.9810
v -0.7599 0.7751 0.9196
vt 0.6750 0.9401
vn -0.0000 -0.1942 -0.9810
v -0.7878 0.7751 0.9196
vt 0.6789 0.9401
vn -0.0000 -0.1942 -0.9810
v -0.7878 0.9470 0.8855
vt 0.6789 0.9156
vn -0.0000 -0.1942 -0.9810
f 4065/4065/4065 4066/4066/4066 4067/4067/4067 4068/4068/4068
v -0.7599 0.9583 0.9423
vt 0.6750 0.9156
vn 0.8029 0.1158 0.5848
v -0.7599 0.7863 0.9764
vt 0.6750 0.9401
vn 0.8029 0.1158 0.5848
v -0.7449 0.7824 0.9566
vt 0.6729 0.9401
vn 0.9494 0.0610 0.3080
v -0.7449 0.9543 0.9225
vt 0.6729 0.9156
vn 0.9494 0.0610 0.3080
f 4069/4069/4069 4070/4070/4070 4071/4071/4071 4072/4072/4072
v -0.7449 0.9543 0.9225
vt 0.6729 0.9156
vn 0.9494 0.0610 0.3080
v -0.7449 0.7824 0.9566
vt 0.6729 0.9401
vn 0.9494 0.0610 0.3080
v -0.7449 0.7790 0.9394
vt 0.6729 0.9401
vn 0.9494 -0.0610 -0.3080
v -0.7449 0.9509 0.9053
vt 0.6729 0.9156
vn 0.9494 -0.0610 -0.3080
f 4073/4073/4073 4074/4074/4074 4075/4075/4075 4076/4076/4076
v -0.7599 0.7751 0.9196
vt 0.6750 0.9401
vn 0.8029 -0.1158 -0.5848
v -0.7599 0.9470 0.8855
vt 0.6750 0.9156
vn 0.8029 -0.1158 -0.5848
v -0.7449 0.9509 0.9053
vt 0.6729 0.9156
vn 0.9494 -0.0610 -0.3080
v -0.7449 0.7790 0.9394
vt 0.6729 0.9401
vn 0.9494 -0.0610 -0.3080
f 4077/4077/4077 4078/4078/4078 4079/4079/4079 4080/4080/4080
v -0.8028 0.7790 0.9394
vt 0.6810 0.9401
vn -0.9494 -0.0610 -0.3080
v -0.8028 0.9509 0.9053
vt 0.6810 0.9156
vn -0.9494 -0.0610 -0.3080
v -0.7878 0.9470 0.8855
vt 0.6789 0.9156
vn -0.8029 -0.1158 -0.5848
v -0.7878 0.7751 0.9196
vt 0.6789 0.9401
vn -0.8029 -0.1158 -0.5848
f 4081/4081/4081 4082/4082/4082 4083/4083/4083 4084/4084/4084
v -0.7878 0.7863 0.9764
vt 0.6789 0.9401
vn -0.8029 0.1158 0.5848
v -0.7878 0.9583 0.9423
vt 0.6789 0.9156
vn -0.8029 0.1158 0.5848
v -0.8028 0.9543 0.9225
vt 0.6810 0.9156
vn -0.9494 0.0610 0.3080
v -0.8028 0.7824 0.9566
vt 0.6810 0.9401
vn -0.9494 0.0610 0.3080
f 4085/4085/4085 4086/4086/4086 4087/4087/4087 4088/4088/4088
v -0.6734 0.1143 1.0799
vt 0.3342 0.9627
vn 0.2912 0.1281 0.9481
v -0.6734 0.7202 0.9599
vt 0.3342 0.8764
vn 0.2917 0.1858 0.9383
v -0.7738 0.7261 0.9900
vt 0.3342 0.8295
vn 0.2917 0.1858 0.9383
v -0.7738 0.1203 1.1099
vt 0.3342 0.9158
vn 0.2910 0.1183 0.9494
f 4089/4089/4089 4090/4090/4090 4091/4091/4091 4092/4092/4092
v -0.8742 0.7202 0.9599
vt 0.3342 0.8764
vn -0.2917 0.1858 0.9383
v -0.8742 0.1143 1.0799
vt 0.3342 0.9627
vn -0.2912 0.1281 0.9481
v -0.7738 0.1203 1.1099
vt 0.3342 0.9158
vn -0.2910 0.1183 0.9494
v -0.7738 0.7261 0.9900
vt 0.3342 0.8295
vn -0.2917 0.1858 0.9383
f 4093/4093/4093 4094/4094/4094 4095/4095/4095 4096/4096/4096
v -0.7738 0.7143 0.9299
vt 0.3342 0.8295
vn -0.2917 -0.1858 -0.9383
v -0.7738 0.1084 1.0499
vt 0.3342 0.9158
vn -0.2910 -0.2524 -0.9228
v -0.8742 0.1143 1.0799
vt 0.3342 0.9627
vn -0.2912 -0.2428 -0.9254
v -0.8742 0.7202 0.9599
vt 0.3342 0.8764
vn -0.2917 -0.1858 -0.9383
f 4097/4097/4097 4098/4098/4098 4099/4099/4099 4100/4100/4100
v -0.6734 0.7202 0.9599
vt 0.3342 0.8764
vn 0.2917 -0.1858 -0.9383
v -0.6734 0.1143 1.0799
vt 0.3342 0.9627
vn 0.2912 -0.2428 -0.9254
v -0.7738 0.1084 1.0499
vt 0.3342 0.9158
vn 0.2910 -0.2524 -0.9228
v -0.7738 0.7143 0.9299
vt 0.3342 0.8295
vn 0.2917 -0.1858 -0.9383
f 4101/4101/4101 4102/4102/4102 4103/4103/4103 4104/4104/4104
v -0.6267 0.7551 0.9080
vt 0.6564 0.9425
vn -0.0000 -0.1942 -0.9810
v -0.6267 0.6829 0.9223
vt 0.6564 0.9528
vn -0.0000 -0.1942 -0.9810
v -0.7738 0.7046 0.9180
vt 0.6770 0.9497
vn -0.0000 -0.1942 -0.9810
v -0.7738 0.7768 0.9038
vt 0.6770 0.9395
vn -0.0000 -0.1942 -0.9810
f 4105/4105/4105 4106/4106/4106 4107/4107/4107 4108/4108/4108
v -0.9210 0.7722 0.9946
vt 0.6976 0.9425
vn 0.0000 0.1942 0.9810
v -0.9210 0.7001 1.0089
vt 0.6976 0.9528
vn 0.0000 0.1942 0.9810
v -0.7738 0.7217 1.0046
vt 0.6770 0.9497
vn 0.0000 0.1942 0.9810
v -0.7738 0.7939 0.9904
vt 0.6770 0.9395
vn 0.0000 0.1942 0.9810
f 4109/4109/4109 4110/4110/4110 4111/4111/4111 4112/4112/4112
v -0.6267 0.7551 0.9080
vt 0.6564 0.9738
vn 0.1483 0.9701 -0.1921
v -0.7738 0.7768 0.9038
vt 0.6770 0.9707
vn 0.0000 0.9810 -0.1942
v -0.7738 0.7939 0.9904
vt 0.6770 0.9707
vn 0.0000 0.9810 -0.1942
v -0.6267 0.7722 0.9946
vt 0.6564 0.9738
vn 0.1483 0.9701 -0.1921
f 4113/4113/4113 4114/4114/4114 4115/4115/4115 4116/4116/4116
v -0.9210 0.6829 0.9223
vt 0.6976 0.9528
vn 0.1483 -0.9701 0.1921
v -0.7738 0.7046 0.9180
vt 0.6770 0.9497
vn 0.0000 -0.9810 0.1942
v -0.7738 0.7217 1.0046
vt 0.6770 0.9497
vn 0.0000 -0.9810 0.1942
v -0.9210 0.7001 1.0089
vt 0.6976 0.9528
vn 0.1483 -0.9701 0.1921
f 4117/4117/4117 4118/4118/4118 4119/4119/4119 4120/4120/4120
v -0.7738 0.9163 0.8799
vt 0.6770 0.9197
vn 0.0000 -0.9810 0.1942
v -0.7738 0.9320 0.9592
vt 0.6770 0.9197
vn 0.0000 -0.9810 0.1942
v -0.8152 0.9488 0.9559
vt 0.6828 0.9173
vn -0.3827 -0.9063 0.1794
v -0.8152 0.9331 0.8766
vt 0.6828 0.9173
vn -0.3827 -0.9063 0.1794
f 4121/4121/4121 4122/4122/4122 4123/4123/4123 4124/4124/4124
v -0.8152 0.9331 0.8766
vt 0.6828 0.9173
vn -0.9239 -0.3754 0.0743
v -0.8152 0.9488 0.9559
vt 0.6828 0.9173
vn -0.9239 -0.3754 0.0743
v -0.8323 0.9894 0.9478
vt 0.6852 0.9115
vn -1.0000 0.0000 0.0000
v -0.8323 0.9737 0.8686
vt 0.6852 0.9115
vn -1.0000 0.0000 0.0000
f 4125/4125/4125 4126/4126/4126 4127/4127/4127 4128/4128/4128
v -0.8323 0.9737 0.8686
vt 0.6852 0.9115
vn -1.0000 0.0000 0.0000
v -0.8323 0.9894 0.9478
vt 0.6852 0.9115
vn -1.0000 0.0000 0.0000
v -0.8152 1.0299 0.9398
vt 0.6828 0.9057
vn -0.9239 0.3754 -0.0743
v -0.8152 1.0142 0.8606
vt 0.6828 0.9057
vn -0.9239 0.3754 -0.0743
f 4129/4129/4129 4130/4130/4130 4131/4131/4131 4132/4132/4132
v -0.8152 1.0142 0.8606
vt 0.6828 0.9057
vn -0.3827 0.9063 -0.1794
v -0.8152 1.0299 0.9398
vt 0.6828 0.9057
vn -0.3827 0.9063 -0.1794
v -0.7738 1.0467 0.9365
vt 0.6770 0.9033
vn -0.3827 0.9063 -0.1794
v -0.7738 1.0310 0.8572
vt 0.6770 0.9033
vn -0.3827 0.9063 -0.1794
f 4133/4133/4133 4134/4134/4134 4135/4135/4135 4136/4136/4136
v -0.7738 1.0310 0.8572
vt 0.6770 0.9033
vn 0.3827 0.9063 -0.1794
v -0.7738 1.0467 0.9365
vt 0.6770 0.9033
vn 0.3827 0.9063 -0.1794
v -0.7325 1.0299 0.9398
vt 0.6712 0.9057
vn 0.7071 0.6936 -0.1373
v -0.7325 1.0142 0.8606
vt 0.6712 0.9057
vn 0.7071 0.6936 -0.1373
f 4137/4137/4137 4138/4138/4138 4139/4139/4139 4140/4140/4140
v -0.7325 1.0142 0.8606
vt 0.6712 0.9057
vn 0.7071 0.6936 -0.1373
v -0.7325 1.0299 0.9398
vt 0.6712 0.9057
vn 0.7071 0.6936 -0.1373
v -0.7154 0.9894 0.9478
vt 0.6688 0.9115
vn 0.9239 0.3754 -0.0743
v -0.7154 0.9737 0.8686
vt 0.6688 0.9115
vn 0.9239 0.3754 -0.0743
f 4141/4141/4141 4142/4142/4142 4143/4143/4143 4144/4144/4144
v -0.7154 0.9737 0.8686
vt 0.6688 0.9115
vn 0.9239 -0.3754 0.0743
v -0.7154 0.9894 0.9478
vt 0.6688 0.9115
vn 0.9239 -0.3754 0.0743
v -0.7325 0.9488 0.9559
vt 0.6712 0.9173
vn 0.9239 -0.3754 0.0743
v -0.7325 0.9331 0.8766
vt 0.6712 0.9173
vn 0.9239 -0.3754 0.0743
f 4145/4145/4145 4146/4146/4146 4147/4147/4147 4148/4148/4148
v -0.7325 0.9331 0.8766
vt 0.6712 0.9173
vn 0.3827 -0.9063 0.1794
v -0.7325 0.9488 0.9559
vt 0.6712 0.9173
vn 0.3827 -0.9063 0.1794
v -0.7738 0.9320 0.9592
vt 0.6770 0.9197
vn 0.0000 -0.9810 0.1942
v -0.7738 0.9163 0.8799
vt 0.6770 0.9197
vn 0.0000 -0.9810 0.1942
f 4149/4149/4149 4150/4150/4150 4151/4151/4151 4152/4152/4152
v -0.7738 0.9737 0.8686
vt 0.6770 0.9468
vn -0.0000 -0.1942 -0.9810
v -0.7738 0.9163 0.8799
vt 0.6770 0.9509
vn -0.0000 -0.1942 -0.9810
v -0.8152 0.9331 0.8766
vt 0.6828 0.9485
vn -0.0000 -0.1942 -0.9810
f 4153/4153/4153 4154/4154/4154 4155/4155/4155
v -0.7738 0.9894 0.9478
vt 0.6798 0.9456
vn 0.0000 0.1942 0.9810
v -0.8152 0.9488 0.9559
vt 0.6828 0.9485
vn 0.0000 0.1942 0.9810
v -0.7738 0.9320 0.9592
vt 0.6770 0.9509
vn 0.0000 0.1942 0.9810
f 4156/4156/4156 4157/4157/4157 4158/4158/4158
v -0.7738 0.9737 0.8686
vt 0.6798 0.9456
vn -0.0000 -0.1942 -0.9810
v -0.8152 0.9331 0.8766
vt 0.6828 0.9485
vn -0.0000 -0.1942 -0.9810
v -0.8323 0.9737 0.8686
vt 0.6852 0.9428
vn -0.0000 -0.1942 -0.9810
f 4159/4159/4159 4160/4160/4160 4161/4161/4161
v -0.7738 0.9894 0.9478
vt 0.6810 0.9428
vn 0.0000 0.1942 0.9810
v -0.8323 0.9894 0.9478
vt 0.6852 0.9428
vn 0.0000 0.1942 0.9810
v -0.8152 0.9488 0.9559
vt 0.6828 0.9485
vn 0.0000 0.1942 0.9810
f 4162/4162/4162 4163/4163/4163 4164/4164/4164
v -0.7738 0.9737 0.8686
vt 0.6810 0.9428
vn -0.0000 -0.1942 -0.9810
v -0.8323 0.9737 0.8686
vt 0.6852 0.9428
vn -0.0000 -0.1942 -0.9810
v -0.8152 1.0142 0.8606
vt 0.6828 0.9370
vn -0.0000 -0.1942 -0.9810
f 4165/4165/4165 4166/4166/4166 4167/4167/4167
v -0.7738 0.9894 0.9478
vt 0.6798 0.9399
vn 0.0000 0.1942 0.9810
v -0.8152 1.0299 0.9398
vt 0.6828 0.9370
vn 0.0000 0.1942 0.9810
v -0.8323 0.9894 0.9478
vt 0.6852 0.9428
vn 0.0000 0.1942 0.9810
f 4168/4168/4168 4169/4169/4169 4170/4170/4170
v -0.7738 0.9737 0.8686
vt 0.6798 0.9399
vn -0.0000 -0.1942 -0.9810
v -0.8152 1.0142 0.8606
vt 0.6828 0.9370
vn -0.0000 -0.1942 -0.9810
v -0.7738 1.0310 0.8572
vt 0.6770 0.9346
vn -0.0000 -0.1942 -0.9810
f 4171/4171/4171 4172/4172/4172 4173/4173/4173
v -0.7738 0.9894 0.9478
vt 0.6770 0.9387
vn 0.0000 0.1942 0.9810
v -0.7738 1.0467 0.9365
vt 0.6770 0.9346
vn 0.0000 0.1942 0.9810
v -0.8152 1.0299 0.9398
vt 0.6828 0.9370
vn 0.0000 0.1942 0.9810
f 4174/4174/4174 4175/4175/4175 4176/4176/4176
v -0.7738 0.9737 0.8686
vt 0.6770 0.9387
vn -0.0000 -0.1942 -0.9810
v -0.7738 1.0310 0.8572
vt 0.6770 0.9346
vn -0.0000 -0.1942 -0.9810
v -0.7325 1.0142 0.8606
vt 0.6712 0.9370
vn -0.0000 -0.1942 -0.9810
f 4177/4177/4177 4178/4178/4178 4179/4179/4179
v -0.7738 0.9894 0.9478
vt 0.6741 0.9399
vn 0.0000 0.1942 0.9810
v -0.7325 1.0299 0.9398
vt 0.6712 0.9370
vn 0.0000 0.1942 0.9810
v -0.7738 1.0467 0.9365
vt 0.6770 0.9346
vn 0.0000 0.1942 0.9810
f 4180/4180/4180 4181/4181/4181 4182/4182/4182
v -0.7738 0.9737 0.8686
vt 0.6741 0.9399
vn -0.0000 -0.1942 -0.9810
v -0.7325 1.0142 0.8606
vt 0.6712 0.9370
vn -0.0000 -0.1942 -0.9810
v -0.7154 0.9737 0.8686
vt 0.6688 0.9428
vn -0.0000 -0.1942 -0.9810
f 4183/4183/4183 4184/4184/4184 4185/4185/4185
v -0.7738 0.9894 0.9478
vt 0.6729 0.9428
vn 0.0000 0.1942 0.9810
v -0.7154 0.9894 0.9478
vt 0.6688 0.9428
vn 0.0000 0.1942 0.9810
v -0.7325 1.0299 0.9398
vt 0.6712 0.9370
vn 0.0000 0.1942 0.9810
f 4186/4186/4186 4187/4187/4187 4188/4188/4188
v -0.7738 0.9737 0.8686
vt 0.6729 0.9428
vn -0.0000 -0.1942 -0.9810
v -0.7154 0.9737 0.8686
vt 0.6688 0.9428
vn -0.0000 -0.1942 -0.9810
v -0.7325 0.9331 0.8766
vt 0.6712 0.9485
vn -0.0000 -0.1942 -0.9810
f 4189/4189/4189 4190/4190/4190 4191/4191/4191
v -0.7738 0.9894 0.9478
vt 0.6741 0.9456
vn 0.0000 0.1942 0.9810
v -0.7325 0.9488 0.9559
vt 0.6712 0.9485
vn 0.0000 0.1942 0.9810
v -0.7154 0.9894 0.9478
vt 0.6688 0.9428
vn 0.0000 0.1942 0.9810
f 4192/4192/4192 4193/4193/4193 4194/4194/4194
v -0.7738 0.9737 0.8686
vt 0.6741 0.9456
vn -0.0000 -0.1942 -0.9810
v -0.7325 0.9331 0.8766
vt 0.6712 0.9485
vn -0.0000 -0.1942 -0.9810
v -0.7738 0.9163 0.8799
vt 0.6770 0.9509
vn -0.0000 -0.1942 -0.9810
f 4195/4195/4195 4196/4196/4196 4197/4197/4197
v -0.7738 0.9894 0.9478
vt 0.6770 0.9468
vn 0.0000 0.1942 0.9810
v -0.7738 0.9320 0.9592
vt 0.6770 0.9509
vn 0.0000 0.1942 0.9810
v -0.7325 0.9488 0.9559
vt 0.6712 0.9485
vn 0.0000 0.1942 0.9810
f 4198/4198/4198 4199/4199/4199 4200/4200/4200
v 0.1948 0.0267 2.0382
vt 0.4287 0.8345
vn 0.1048 -0.1221 0.9870
v 0.0815 0.3439 1.9583
vt 0.4232 0.8530
vn 0.0667 0.2662 0.9616
v -0.1912 0.3439 1.8934
vt 0.4097 0.8530
vn -0.4925 0.2662 0.8286
v -0.3283 0.0267 1.9137
vt 0.4030 0.8345
vn -0.5380 -0.1221 0.8341
f 4201/4201/4201 4202/4202/4202 4203/4203/4203 4204/4204/4204
v 0.3242 0.0239 1.6540
vt 0.4351 0.8343
vn 0.9259 0.2284 -0.3007
v 0.1842 0.3467 1.6747
vt 0.4282 0.8532
vn 0.9015 0.4012 -0.1624
v 0.1225 0.3467 1.9340
vt 0.4252 0.8532
vn 0.7318 0.4012 0.5509
v 0.2382 0.0239 2.0156
vt 0.4309 0.8343
vn 0.6913 0.2284 0.6855
f 4205/4205/4205 4206/4206/4206 4207/4207/4207 4208/4208/4208
v -0.3569 0.0239 1.8740
vt 0.4016 0.8343
vn -0.9259 0.2284 0.3007
v -0.2169 0.3467 1.8533
vt 0.4085 0.8532
vn -0.9015 0.4012 0.1624
v -0.1552 0.3467 1.5940
vt 0.4115 0.8532
vn -0.7318 0.4012 -0.5509
v -0.2709 0.0239 1.5124
vt 0.4058 0.8343
vn -0.6913 0.2284 -0.6855
f 4209/4209/4209 4210/4210/4210 4211/4211/4211 4212/4212/4212
v -0.2275 0.0267 1.4898
vt 0.4079 0.8345
vn -0.1048 -0.1221 -0.9870
v -0.1142 0.3439 1.5697
vt 0.4135 0.8530
vn -0.0667 0.2662 -0.9616
v 0.1585 0.3439 1.6346
vt 0.4269 0.8530
vn 0.4925 0.2662 -0.8286
v 0.2956 0.0267 1.6143
vt 0.4337 0.8345
vn 0.5380 -0.1221 -0.8341
f 4213/4213/4213 4214/4214/4214 4215/4215/4215 4216/4216/4216
v -0.3411 -0.0047 1.8842
vt 0.4023 0.9106
vn -0.5429 -0.4464 0.7113
v -0.3283 0.0267 1.9137
vt 0.4030 0.9126
vn -0.5380 -0.1221 0.8341
v -0.3569 0.0239 1.8740
vt 0.4016 0.9125
vn -0.9259 0.2284 0.3007
f 4217/4217/4217 4218/4218/4218 4219/4219/4219
v -0.2522 -0.0047 1.5104
vt 0.4067 0.9106
vn -0.1644 -0.4464 -0.8796
v -0.2709 0.0239 1.5124
vt 0.4058 0.9125
vn -0.6913 0.2284 -0.6855
v -0.2275 0.0267 1.4898
vt 0.4079 0.9126
vn -0.1048 -0.1221 -0.9870
f 4220/4220/4220 4221/4221/4221 4222/4222/4222
v 0.2195 -0.0047 2.0176
vt 0.4299 0.9106
vn 0.1644 -0.4464 0.8796
v 0.2382 0.0239 2.0156
vt 0.4309 0.9125
vn 0.6913 0.2284 0.6855
v 0.1948 0.0267 2.0382
vt 0.4287 0.9126
vn 0.1048 -0.1221 0.9870
f 4223/4223/4223 4224/4224/4224 4225/4225/4225
v 0.3085 -0.0047 1.6438
vt 0.4343 0.9106
vn 0.5429 -0.4464 -0.7113
v 0.2956 0.0267 1.6143
vt 0.4337 0.9126
vn 0.5380 -0.1221 -0.8341
v 0.3242 0.0239 1.6540
vt 0.4351 0.9125
vn 0.9259 0.2284 -0.3007
f 4226/4226/4226 4227/4227/4227 4228/4228/4228
v -0.2522 -0.0047 1.5104
vt 0.4067 0.9106
vn -0.8276 -0.5257 -0.1969
v -0.3411 -0.0047 1.8842
vt 0.4023 0.9106
vn -0.8276 -0.5257 -0.1969
v -0.3569 0.0239 1.8740
vt 0.4016 0.9125
vn -0.8276 -0.5257 -0.1969
v -0.2709 0.0239 1.5124
vt 0.4058 0.9125
vn -0.8276 -0.5257 -0.1969
f 4229/4229/4229 4230/4230/4230 4231/4231/4231 4232/4232/4232
v -0.3283 0.0267 1.9137
vt 0.4030 0.9126
vn -0.5380 -0.1221 0.8341
v -0.1912 0.3439 1.8934
vt 0.4097 0.9311
vn -0.4925 0.2662 0.8286
v -0.2169 0.3467 1.8533
vt 0.4085 0.9313
vn -0.9015 0.4012 0.1624
v -0.3569 0.0239 1.8740
vt 0.4016 0.9125
vn -0.9259 0.2284 0.3007
f 4233/4233/4233 4234/4234/4234 4235/4235/4235 4236/4236/4236
v -0.1142 0.3439 1.5697
vt 0.4135 0.9311
vn -0.0667 0.2662 -0.9616
v -0.2275 0.0267 1.4898
vt 0.4079 0.9126
vn -0.1048 -0.1221 -0.9870
v -0.2709 0.0239 1.5124
vt 0.4058 0.9125
vn -0.6913 0.2284 -0.6855
v -0.1552 0.3467 1.5940
vt 0.4115 0.9313
vn -0.7318 0.4012 -0.5509
f 4237/4237/4237 4238/4238/4238 4239/4239/4239 4240/4240/4240
v 0.3085 -0.0047 1.6438
vt 0.4343 0.9106
vn 0.5429 -0.4464 -0.7113
v -0.2522 -0.0047 1.5104
vt 0.4067 0.9106
vn -0.1644 -0.4464 -0.8796
v -0.2275 0.0267 1.4898
vt 0.4079 0.9126
vn -0.1048 -0.1221 -0.9870
v 0.2956 0.0267 1.6143
vt 0.4337 0.9126
vn 0.5380 -0.1221 -0.8341
f 4241/4241/4241 4242/4242/4242 4243/4243/4243 4244/4244/4244
v 0.1842 0.3467 1.6747
vt 0.4282 0.9313
vn 0.9015 0.4012 -0.1624
v 0.3242 0.0239 1.6540
vt 0.4351 0.9125
vn 0.9259 0.2284 -0.3007
v 0.2956 0.0267 1.6143
vt 0.4337 0.9126
vn 0.5380 -0.1221 -0.8341
v 0.1585 0.3439 1.6346
vt 0.4269 0.9311
vn 0.4925 0.2662 -0.8286
f 4245/4245/4245 4246/4246/4246 4247/4247/4247 4248/4248/4248
v 0.2195 -0.0047 2.0176
vt 0.4299 0.9106
vn 0.8276 -0.5257 0.1969
v 0.3085 -0.0047 1.6438
vt 0.4343 0.9106
vn 0.8276 -0.5257 0.1969
v 0.3242 0.0239 1.6540
vt 0.4351 0.9125
vn 0.8276 -0.5257 0.1969
v 0.2382 0.0239 2.0156
vt 0.4309 0.9125
vn 0.8276 -0.5257 0.1969
f 4249/4249/4249 4250/4250/4250 4251/4251/4251 4252/4252/4252
v 0.0815 0.3439 1.9583
vt 0.4232 0.9311
vn 0.0667 0.2662 0.9616
v 0.1948 0.0267 2.0382
vt 0.4287 0.9126
vn 0.1048 -0.1221 0.9870
v 0.2382 0.0239 2.0156
vt 0.4309 0.9125
vn 0.6913 0.2284 0.6855
v 0.1225 0.3467 1.9340
vt 0.4252 0.9313
vn 0.7318 0.4012 0.5509
f 4253/4253/4253 4254/4254/4254 4255/4255/4255 4256/4256/4256
v -0.3411 -0.0047 1.8842
vt 0.4023 0.9106
vn -0.5429 -0.4464 0.7113
v 0.2195 -0.0047 2.0176
vt 0.4299 0.9106
vn 0.1644 -0.4464 0.8796
v 0.1948 0.0267 2.0382
vt 0.4287 0.9126
vn 0.1048 -0.1221 0.9870
v -0.3283 0.0267 1.9137
vt 0.4030 0.9126
vn -0.5380 -0.1221 0.8341
f 4257/4257/4257 4258/4258/4258 4259/4259/4259 4260/4260/4260
v -0.2522 -0.0047 1.5104
vt 0.4067 0.7856
vn -0.0000 -1.0000 0.0000
v 0.3085 -0.0047 1.6438
vt 0.4343 0.7856
vn -0.0000 -1.0000 0.0000
v 0.2195 -0.0047 2.0176
vt 0.4299 0.7856
vn -0.0000 -1.0000 0.0000
v -0.3411 -0.0047 1.8842
vt 0.4023 0.7856
vn -0.0000 -1.0000 0.0000
f 4261/4261/4261 4262/4262/4262 4263/4263/4263 4264/4264/4264
v 0.0295 0.6084 2.0974
vt 0.4206 0.8561
vn -0.1525 -0.1816 0.9715
v 0.1706 0.3155 2.0389
vt 0.4275 0.8374
vn -0.0260 -0.2079 0.9778
v 0.2870 0.4756 2.0336
vt 0.4333 0.8476
vn 0.1311 -0.2107 0.9687
f 4265/4265/4265 4266/4266/4266 4267/4267/4267
v -0.3278 0.3155 1.9203
vt 0.4030 0.8374
vn -0.9729 -0.0000 -0.2314
v -0.2941 0.3561 1.7789
vt 0.4047 0.8400
vn -0.9729 -0.0000 -0.2314
v -0.2577 0.3561 1.6256
vt 0.4064 0.8400
vn -0.9729 -0.0000 -0.2314
v -0.2240 0.3155 1.4842
vt 0.4081 0.8374
vn -0.9729 -0.0000 -0.2314
f 4268/4268/4268 4269/4269/4269 4270/4270/4270 4271/4271/4271
v -0.2240 0.3155 1.4842
vt 0.4081 0.8061
vn -0.0000 -1.0000 0.0000
v 0.2744 0.3155 1.6028
vt 0.4326 0.8061
vn -0.0000 -1.0000 0.0000
v 0.1706 0.3155 2.0389
vt 0.4275 0.8061
vn -0.0000 -1.0000 0.0000
v -0.3278 0.3155 1.9203
vt 0.4030 0.8061
vn -0.0000 -1.0000 0.0000
f 4272/4272/4272 4273/4273/4273 4274/4274/4274 4275/4275/4275
v 0.0295 0.6084 2.0974
vt 0.4206 0.8717
vn -0.1525 -0.1816 0.9715
v -0.3231 0.6302 1.9007
vt 0.4032 0.8731
vn -0.4832 0.0614 0.8733
v -0.3278 0.3155 1.9203
vt 0.4030 0.8530
vn -0.3846 -0.0865 0.9190
f 4276/4276/4276 4277/4277/4277 4278/4278/4278
v 0.2744 0.3155 1.6028
vt 0.4326 0.8374
vn 0.4171 -0.2079 -0.8848
v 0.1747 0.6084 1.4870
vt 0.4277 0.8561
vn 0.3013 -0.1816 -0.9361
v 0.3760 0.4756 1.6599
vt 0.4377 0.8476
vn 0.5533 -0.2107 -0.8059
f 4279/4279/4279 4280/4280/4280 4281/4281/4281
v -0.2287 0.6302 1.5038
vt 0.4079 0.8575
vn -0.9729 -0.0000 -0.2314
v -0.2577 0.5951 1.6256
vt 0.4064 0.8552
vn -0.9729 -0.0000 -0.2314
v -0.2941 0.5951 1.7789
vt 0.4047 0.8552
vn -0.9729 -0.0000 -0.2314
v -0.3231 0.6302 1.9007
vt 0.4032 0.8575
vn -0.9729 -0.0000 -0.2314
f 4282/4282/4282 4283/4283/4283 4284/4284/4284 4285/4285/4285
v 0.3760 0.4756 1.6599
vt 0.4377 0.8476
vn 0.6911 -0.7038 0.1644
v 0.5698 0.6128 1.7342
vt 0.4472 0.8564
vn 0.5396 -0.8321 0.1284
v 0.4936 0.6128 2.0546
vt 0.4434 0.8564
vn 0.5396 -0.8321 0.1284
v 0.2870 0.4756 2.0336
vt 0.4333 0.8476
vn 0.6911 -0.7038 0.1644
f 4286/4286/4286 4287/4287/4287 4288/4288/4288 4289/4289/4289
v 0.1747 0.6084 1.4870
vt 0.4277 0.8561
vn 0.3013 -0.1816 -0.9361
v 0.5698 0.6128 1.7342
vt 0.4472 0.8564
vn 0.5111 -0.2824 -0.8118
v 0.3760 0.4756 1.6599
vt 0.4377 0.8476
vn 0.5533 -0.2107 -0.8059
f 4290/4290/4290 4291/4291/4291 4292/4292/4292
v -0.2240 0.3155 1.4842
vt 0.4081 0.8374
vn -0.9729 -0.0000 -0.2314
v -0.2503 0.3881 1.5945
vt 0.4068 0.8420
vn -0.9729 -0.0000 -0.2314
v -0.2503 0.5631 1.5945
vt 0.4068 0.8532
vn -0.9729 -0.0000 -0.2314
v -0.2287 0.6302 1.5038
vt 0.4079 0.8575
vn -0.9729 -0.0000 -0.2314
f 4293/4293/4293 4294/4294/4294 4295/4295/4295 4296/4296/4296
v -0.2503 0.5631 1.5945
vt 0.4068 0.8532
vn -0.9729 -0.0000 -0.2314
v -0.2577 0.5951 1.6256
vt 0.4064 0.8552
vn -0.9729 -0.0000 -0.2314
v -0.2287 0.6302 1.5038
vt 0.4079 0.8575
vn -0.9729 -0.0000 -0.2314
f 4297/4297/4297 4298/4298/4298 4299/4299/4299
v 0.4936 0.6128 2.0546
vt 0.4434 0.8564
vn 0.0908 -0.2824 0.9550
v 0.0295 0.6084 2.0974
vt 0.4206 0.8561
vn -0.1525 -0.1816 0.9715
v 0.2870 0.4756 2.0336
vt 0.4333 0.8476
vn 0.1311 -0.2107 0.9687
f 4300/4300/4300 4301/4301/4301 4302/4302/4302
v -0.2941 0.5951 1.7789
vt 0.4047 0.9177
vn -0.0886 0.9239 0.3723
v -0.2577 0.5951 1.6256
vt 0.4064 0.9177
vn 0.0886 0.9239 -0.3723
v -0.3511 0.5951 1.6034
vt 0.4018 0.9177
vn 0.0886 0.9239 -0.3723
v -0.3876 0.5951 1.7566
vt 0.4001 0.9177
vn -0.0886 0.9239 0.3723
f 4303/4303/4303 4304/4304/4304 4305/4305/4305 4306/4306/4306
v -0.2503 0.5631 1.5945
vt 0.4068 0.8688
vn 0.2138 0.3827 -0.8988
v -0.2503 0.3881 1.5945
vt 0.4068 0.8576
vn 0.2138 -0.3827 -0.8988
v -0.3437 0.3881 1.5723
vt 0.4022 0.8576
vn 0.2138 -0.3827 -0.8988
v -0.3437 0.5631 1.5723
vt 0.4022 0.8688
vn 0.2138 0.3827 -0.8988
f 4307/4307/4307 4308/4308/4308 4309/4309/4309 4310/4310/4310
v -0.3016 0.3881 1.8100
vt 0.4043 0.8576
vn -0.2138 -0.3827 0.8988
v -0.3016 0.5631 1.8100
vt 0.4043 0.8688
vn -0.2314 0.0000 0.9729
v -0.3950 0.5631 1.7878
vt 0.3997 0.8688
vn -0.2314 0.0000 0.9729
v -0.3950 0.3881 1.7878
vt 0.3997 0.8576
vn -0.2138 -0.3827 0.8988
f 4311/4311/4311 4312/4312/4312 4313/4313/4313 4314/4314/4314
v -0.2941 0.5951 1.7789
vt 0.4047 0.8552
vn -0.9729 -0.0000 -0.2314
v -0.3016 0.5631 1.8100
vt 0.4043 0.8532
vn -0.9729 -0.0000 -0.2314
v -0.3231 0.6302 1.9007
vt 0.4032 0.8575
vn -0.9729 -0.0000 -0.2314
f 4315/4315/4315 4316/4316/4316 4317/4317/4317
v 0.2744 0.3155 1.6028
vt 0.4326 0.8217
vn 0.7970 -0.5735 0.1896
v 0.3760 0.4756 1.6599
vt 0.4377 0.8320
vn 0.6911 -0.7038 0.1644
v 0.2870 0.4756 2.0336
vt 0.4333 0.8320
vn 0.6911 -0.7038 0.1644
v 0.1706 0.3155 2.0389
vt 0.4275 0.8217
vn 0.7970 -0.5735 0.1896
f 4318/4318/4318 4319/4319/4319 4320/4320/4320 4321/4321/4321
v -0.2240 0.3155 1.4842
vt 0.4081 0.8530
vn 0.0704 -0.0865 -0.9938
v -0.2287 0.6302 1.5038
vt 0.4079 0.8731
vn -0.0382 0.0614 -0.9974
v 0.1747 0.6084 1.4870
vt 0.4277 0.8717
vn 0.3013 -0.1816 -0.9361
f 4322/4322/4322 4323/4323/4323 4324/4324/4324
v 0.1643 0.6302 1.5121
vt 0.4272 0.9200
vn 0.0812 0.9413 -0.3276
v 0.0315 0.6302 2.0702
vt 0.4207 0.9200
vn -0.0750 0.9392 0.3350
v 0.4479 0.6302 2.0177
vt 0.4439 0.9200
vn 0.1201 0.9693 0.2146
v 0.5115 0.6302 1.7504
vt 0.4470 0.9200
vn 0.1997 0.9718 -0.1251
f 4325/4325/4325 4326/4326/4326 4327/4327/4327 4328/4328/4328
v -0.3016 0.3881 1.8100
vt 0.4043 0.8420
vn -0.9729 -0.0000 -0.2314
v -0.2941 0.3561 1.7789
vt 0.4047 0.8400
vn -0.9729 -0.0000 -0.2314
v -0.3278 0.3155 1.9203
vt 0.4030 0.8374
vn -0.9729 -0.0000 -0.2314
f 4329/4329/4329 4330/4330/4330 4331/4331/4331
v -0.3231 0.6302 1.9007
vt 0.4032 0.8575
vn -0.9729 -0.0000 -0.2314
v -0.3016 0.5631 1.8100
vt 0.4043 0.8532
vn -0.9729 -0.0000 -0.2314
v -0.3016 0.3881 1.8100
vt 0.4043 0.8420
vn -0.9729 -0.0000 -0.2314
v -0.3278 0.3155 1.9203
vt 0.4030 0.8374
vn -0.9729 -0.0000 -0.2314
f 4332/4332/4332 4333/4333/4333 4334/4334/4334 4335/4335/4335
v -0.2577 0.3561 1.6256
vt 0.4064 0.8400
vn -0.9729 -0.0000 -0.2314
v -0.2503 0.3881 1.5945
vt 0.4068 0.8420
vn -0.9729 -0.0000 -0.2314
v -0.2240 0.3155 1.4842
vt 0.4081 0.8374
vn -0.9729 -0.0000 -0.2314
f 4336/4336/4336 4337/4337/4337 4338/4338/4338
v -0.2941 0.5951 1.7789
vt 0.4047 0.9177
vn -0.0886 0.9239 0.3723
v -0.3876 0.5951 1.7566
vt 0.4001 0.9177
vn -0.0886 0.9239 0.3723
v -0.3950 0.5631 1.7878
vt 0.3997 0.9157
vn -0.1636 0.7071 0.6879
v -0.3016 0.5631 1.8100
vt 0.4043 0.9157
vn -0.1636 0.7071 0.6879
f 4339/4339/4339 4340/4340/4340 4341/4341/4341 4342/4342/4342
v -0.3876 0.3561 1.7566
vt 0.4001 0.8087
vn -0.1636 -0.7071 0.6879
v -0.2941 0.3561 1.7789
vt 0.4047 0.8087
vn -0.1636 -0.7071 0.6879
v -0.3016 0.3881 1.8100
vt 0.4043 0.8108
vn -0.2138 -0.3827 0.8988
v -0.3950 0.3881 1.7878
vt 0.3997 0.8108
vn -0.2138 -0.3827 0.8988
f 4343/4343/4343 4344/4344/4344 4345/4345/4345 4346/4346/4346
v -0.3437 0.3881 1.5723
vt 0.4022 0.8108
vn 0.2138 -0.3827 -0.8988
v -0.2503 0.3881 1.5945
vt 0.4068 0.8108
vn 0.2138 -0.3827 -0.8988
v -0.2577 0.3561 1.6256
vt 0.4064 0.8087
vn 0.1636 -0.7071 -0.6879
v -0.3511 0.3561 1.6034
vt 0.4018 0.8087
vn 0.1636 -0.7071 -0.6879
f 4347/4347/4347 4348/4348/4348 4349/4349/4349 4350/4350/4350
v -0.3511 0.5951 1.6034
vt 0.4018 0.9177
vn 0.0886 0.9239 -0.3723
v -0.2577 0.5951 1.6256
vt 0.4064 0.9177
vn 0.0886 0.9239 -0.3723
v -0.2503 0.5631 1.5945
vt 0.4068 0.9157
vn 0.2138 0.3827 -0.8988
v -0.3437 0.5631 1.5723
vt 0.4022 0.9157
vn 0.2138 0.3827 -0.8988
f 4351/4351/4351 4352/4352/4352 4353/4353/4353 4354/4354/4354
v -0.2577 0.3561 1.6256
vt 0.4064 0.8087
vn -0.0000 -1.0000 0.0000
v -0.2941 0.3561 1.7789
vt 0.4047 0.8087
vn -0.0000 -1.0000 0.0000
v -0.3876 0.3561 1.7566
vt 0.4001 0.8087
vn -0.0000 -1.0000 0.0000
v -0.3511 0.3561 1.6034
vt 0.4018 0.8087
vn -0.0000 -1.0000 0.0000
f 4355/4355/4355 4356/4356/4356 4357/4357/4357 4358/4358/4358
v -0.3694 0.4756 1.6800
vt 0.4009 0.8476
vn -0.9729 -0.0000 -0.2314
v -0.3950 0.5631 1.7878
vt 0.3997 0.8532
vn -0.9729 -0.0000 -0.2314
v -0.3876 0.5951 1.7566
vt 0.4001 0.8552
vn -0.9729 -0.0000 -0.2314
f 4359/4359/4359 4360/4360/4360 4361/4361/4361
v -0.3694 0.4756 1.6800
vt 0.4009 0.8476
vn -0.9729 -0.0000 -0.2314
v -0.3876 0.3561 1.7566
vt 0.4001 0.8400
vn -0.9729 -0.0000 -0.2314
v -0.3950 0.3881 1.7878
vt 0.3997 0.8420
vn -0.9729 -0.0000 -0.2314
f 4362/4362/4362 4363/4363/4363 4364/4364/4364
v -0.3694 0.4756 1.6800
vt 0.4009 0.8476
vn -0.9729 -0.0000 -0.2314
v -0.3437 0.3881 1.5723
vt 0.4022 0.8420
vn -0.9729 -0.0000 -0.2314
v -0.3511 0.3561 1.6034
vt 0.4018 0.8400
vn -0.9729 -0.0000 -0.2314
f 4365/4365/4365 4366/4366/4366 4367/4367/4367
v -0.3694 0.4756 1.6800
vt 0.4009 0.8476
vn -0.9729 -0.0000 -0.2314
v -0.3511 0.5951 1.6034
vt 0.4018 0.8552
vn -0.9729 -0.0000 -0.2314
v -0.3437 0.5631 1.5723
vt 0.4022 0.8532
vn -0.9729 -0.0000 -0.2314
f 4368/4368/4368 4369/4369/4369 4370/4370/4370
v -0.3694 0.4756 1.6800
vt 0.4009 0.8476
vn -0.9729 -0.0000 -0.2314
v -0.3511 0.3561 1.6034
vt 0.4018 0.8400
vn -0.9729 -0.0000 -0.2314
v -0.3876 0.3561 1.7566
vt 0.4001 0.8400
vn -0.9729 -0.0000 -0.2314
f 4371/4371/4371 4372/4372/4372 4373/4373/4373
v -0.3694 0.4756 1.6800
vt 0.4009 0.8476
vn -0.9729 -0.0000 -0.2314
v -0.3950 0.3881 1.7878
vt 0.3997 0.8420
vn -0.9729 -0.0000 -0.2314
v -0.3950 0.5631 1.7878
vt 0.3997 0.8532
vn -0.9729 -0.0000 -0.2314
f 4374/4374/4374 4375/4375/4375 4376/4376/4376
v -0.3694 0.4756 1.6800
vt 0.4009 0.8476
vn -0.9729 -0.0000 -0.2314
v -0.3876 0.5951 1.7566
vt 0.4001 0.8552
vn -0.9729 -0.0000 -0.2314
v -0.3511 0.5951 1.6034
vt 0.4018 0.8552
vn -0.9729 -0.0000 -0.2314
f 4377/4377/4377 4378/4378/4378 4379/4379/4379
v -0.3694 0.4756 1.6800
vt 0.4009 0.8476
vn -0.9729 -0.0000 -0.2314
v -0.3437 0.5631 1.5723
vt 0.4022 0.8532
vn -0.9729 -0.0000 -0.2314
v -0.3437 0.3881 1.5723
vt 0.4022 0.8420
vn -0.9729 -0.0000 -0.2314
f 4380/4380/4380 4381/4381/4381 4382/4382/4382
v 0.1706 0.3155 2.0389
vt 0.4275 0.8530
vn -0.0260 -0.2079 0.9778
v 0.0295 0.6084 2.0974
vt 0.4206 0.8717
vn -0.1525 -0.1816 0.9715
v -0.3278 0.3155 1.9203
vt 0.4030 0.8530
vn -0.3846 -0.0865 0.9190
f 4383/4383/4383 4384/4384/4384 4385/4385/4385
v -0.2287 0.6302 1.5038
vt 0.4079 0.9512
vn 0.0006 0.9996 -0.0293
v 0.1643 0.6302 1.5121
vt 0.4272 0.9512
vn 0.0812 0.9413 -0.3276
v 0.1747 0.6084 1.4870
vt 0.4277 0.9498
vn 0.1497 0.8375 -0.5256
f 4386/4386/4386 4387/4387/4387 4388/4388/4388
v 0.0315 0.6302 2.0702
vt 0.4207 0.9512
vn -0.0750 0.9392 0.3350
v -0.3231 0.6302 1.9007
vt 0.4032 0.9512
vn -0.0126 0.9996 0.0264
v 0.0295 0.6084 2.0974
vt 0.4206 0.9498
vn -0.1027 0.8303 0.5478
f 4389/4389/4389 4390/4390/4390 4391/4391/4391
v 0.5115 0.6302 1.7504
vt 0.4470 0.9512
vn 0.1997 0.9718 -0.1251
v 0.4479 0.6302 2.0177
vt 0.4439 0.9512
vn 0.1201 0.9693 0.2146
v 0.4936 0.6128 2.0546
vt 0.4434 0.9501
vn 0.2045 0.9444 0.2573
v 0.5698 0.6128 1.7342
vt 0.4472 0.9501
vn 0.2924 0.9455 -0.1432
f 4392/4392/4392 4393/4393/4393 4394/4394/4394 4395/4395/4395
v 0.0295 0.6084 2.0974
vt 0.4206 0.9498
vn -0.1027 0.8303 0.5478
v 0.4936 0.6128 2.0546
vt 0.4434 0.9501
vn 0.2045 0.9444 0.2573
v 0.4479 0.6302 2.0177
vt 0.4439 0.9512
vn 0.1201 0.9693 0.2146
v 0.0315 0.6302 2.0702
vt 0.4207 0.9512
vn -0.0750 0.9392 0.3350
f 4396/4396/4396 4397/4397/4397 4398/4398/4398 4399/4399/4399
v 0.5698 0.6128 1.7342
vt 0.4472 0.9501
vn 0.2924 0.9455 -0.1432
v 0.1747 0.6084 1.4870
vt 0.4277 0.9498
vn 0.1497 0.8375 -0.5256
v 0.1643 0.6302 1.5121
vt 0.4272 0.9512
vn 0.0812 0.9413 -0.3276
v 0.5115 0.6302 1.7504
vt 0.4470 0.9512
vn 0.1997 0.9718 -0.1251
f 4400/4400/4400 4401/4401/4401 4402/4402/4402 4403/4403/4403
v 0.1643 0.6302 1.5121
vt 0.4272 0.9200
vn 0.0812 0.9413 -0.3276
v -0.2287 0.6302 1.5038
vt 0.4079 0.9200
vn 0.0006 0.9996 -0.0293
v -0.3231 0.6302 1.9007
vt 0.4032 0.9200
vn -0.0126 0.9996 0.0264
v 0.0315 0.6302 2.0702
vt 0.4207 0.9200
vn -0.0750 0.9392 0.3350
f 4404/4404/4404 4405/4405/4405 4406/4406/4406 4407/4407/4407
v -0.4389 0.4788 1.5647
vt 0.3975 0.8634
vn 0.0744 -0.0061 -0.9972
v -0.3137 0.4769 1.5945
vt 0.4037 0.8633
vn 0.2080 -0.3849 -0.8992
v -0.3290 0.4096 1.6198
vt 0.4029 0.8590
vn 0.2080 -0.3849 -0.8992
v -0.4542 0.4115 1.5900
vt 0.3968 0.8591
vn 0.0261 -0.3568 -0.9338
f 4408/4408/4408 4409/4409/4409 4410/4410/4410 4411/4411/4411
v -0.4542 0.4115 1.5900
vt 0.3968 0.8122
vn -0.2233 -0.9733 -0.0531
v -0.4857 0.4115 1.7222
vt 0.3952 0.8122
vn -0.2233 -0.9733 -0.0531
v -0.5684 0.4591 1.6789
vt 0.3911 0.8153
vn -0.5248 -0.8420 -0.1248
v -0.5476 0.4591 1.5914
vt 0.3922 0.8153
vn -0.5248 -0.8420 -0.1248
f 4412/4412/4412 4413/4413/4413 4414/4414/4414 4415/4415/4415
v -0.4857 0.4115 1.7222
vt 0.3952 0.8591
vn -0.3972 -0.3568 0.8455
v -0.3605 0.4096 1.7520
vt 0.4014 0.8590
vn -0.2192 -0.3849 0.8965
v -0.3582 0.4769 1.7814
vt 0.4015 0.8633
vn -0.2192 -0.3849 0.8965
v -0.4834 0.4788 1.7516
vt 0.3953 0.8634
vn -0.3826 -0.0061 0.9239
f 4416/4416/4416 4417/4417/4417 4418/4418/4418 4419/4419/4419
v -0.4834 0.4788 1.7516
vt 0.3953 0.8634
vn -0.3826 -0.0061 0.9239
v -0.3582 0.4769 1.7814
vt 0.4015 0.8633
vn -0.2080 0.3849 0.8992
v -0.3429 0.5442 1.7561
vt 0.4023 0.8676
vn -0.2080 0.3849 0.8992
v -0.4681 0.5462 1.7264
vt 0.3961 0.8677
vn -0.3048 0.3949 0.8667
f 4420/4420/4420 4421/4421/4421 4422/4422/4422 4423/4423/4423
v -0.4681 0.5462 1.7264
vt 0.3961 0.9146
vn 0.0163 0.9999 0.0039
v -0.4367 0.5462 1.5942
vt 0.3976 0.9146
vn 0.0163 0.9999 0.0039
v -0.5360 0.5480 1.5942
vt 0.3927 0.9147
vn 0.0445 0.9990 0.0106
v -0.5568 0.5480 1.6816
vt 0.3917 0.9147
vn 0.0445 0.9990 0.0106
f 4424/4424/4424 4425/4425/4425 4426/4426/4426 4427/4427/4427
v -0.4367 0.5462 1.5942
vt 0.3976 0.8677
vn 0.1181 0.3949 -0.9111
v -0.3115 0.5442 1.6240
vt 0.4038 0.8676
vn 0.2192 0.3849 -0.8965
v -0.3137 0.4769 1.5945
vt 0.4037 0.8633
vn 0.2192 0.3849 -0.8965
v -0.4389 0.4788 1.5647
vt 0.3975 0.8634
vn 0.0744 -0.0061 -0.9972
f 4428/4428/4428 4429/4429/4429 4430/4430/4430 4431/4431/4431
v -0.4857 0.4115 1.7222
vt 0.3952 0.8591
vn -0.3972 -0.3568 0.8455
v -0.4834 0.4788 1.7516
vt 0.3953 0.8634
vn -0.3826 -0.0061 0.9239
v -0.5669 0.5036 1.6983
vt 0.3912 0.8650
vn -0.5742 0.0442 0.8175
v -0.5684 0.4591 1.6789
vt 0.3911 0.8622
vn -0.6233 -0.2969 0.7234
f 4432/4432/4432 4433/4433/4433 4434/4434/4434 4435/4435/4435
v -0.6091 0.5070 1.5986
vt 0.3891 0.8184
vn -0.6239 -0.5182 -0.5850
v -0.6201 0.5070 1.6448
vt 0.3886 0.8184
vn -0.8205 -0.5182 0.2414
v -0.6409 0.5463 1.6154
vt 0.3876 0.8209
vn -0.9664 -0.1154 -0.2299
f 4436/4436/4436 4437/4437/4437 4438/4438/4438
v -0.5568 0.5480 1.6816
vt 0.3917 0.9147
vn 0.0445 0.9990 0.0106
v -0.5360 0.5480 1.5942
vt 0.3927 0.9147
vn 0.0445 0.9990 0.0106
v -0.6031 0.5534 1.6000
vt 0.3894 0.9151
vn -0.0137 0.9999 -0.0033
v -0.6141 0.5534 1.6462
vt 0.3889 0.9151
vn -0.0137 0.9999 -0.0033
f 4439/4439/4439 4440/4440/4440 4441/4441/4441 4442/4442/4442
v -0.5476 0.4591 1.5914
vt 0.3922 0.8153
vn -0.5248 -0.8420 -0.1248
v -0.5684 0.4591 1.6789
vt 0.3911 0.8153
vn -0.5248 -0.8420 -0.1248
v -0.6201 0.5070 1.6448
vt 0.3886 0.8184
vn -0.8205 -0.5182 0.2414
v -0.6091 0.5070 1.5986
vt 0.3891 0.8184
vn -0.6239 -0.5182 -0.5850
f 4443/4443/4443 4444/4444/4444 4445/4445/4445 4446/4446/4446
v -0.4834 0.4788 1.7516
vt 0.3953 0.8634
vn -0.3826 -0.0061 0.9239
v -0.4681 0.5462 1.7264
vt 0.3961 0.8677
vn -0.3048 0.3949 0.8667
v -0.5568 0.5480 1.6816
vt 0.3917 0.8678
vn -0.4299 0.4023 0.8083
v -0.5669 0.5036 1.6983
vt 0.3912 0.8650
vn -0.5742 0.0442 0.8175
f 4447/4447/4447 4448/4448/4448 4449/4449/4449 4450/4450/4450
v -0.4367 0.5462 1.5942
vt 0.3976 0.8677
vn 0.1181 0.3949 -0.9111
v -0.4389 0.4788 1.5647
vt 0.3975 0.8634
vn 0.0744 -0.0061 -0.9972
v -0.5375 0.5036 1.5747
vt 0.3927 0.8650
vn -0.1446 0.0442 -0.9885
v -0.5360 0.5480 1.5942
vt 0.3927 0.8678
vn -0.0199 0.4023 -0.9153
f 4451/4451/4451 4452/4452/4452 4453/4453/4453 4454/4454/4454
v -0.4389 0.4788 1.5647
vt 0.3975 0.8634
vn 0.0744 -0.0061 -0.9972
v -0.4542 0.4115 1.5900
vt 0.3968 0.8591
vn 0.0261 -0.3568 -0.9338
v -0.5476 0.4591 1.5914
vt 0.3922 0.8622
vn -0.2307 -0.2969 -0.9266
v -0.5375 0.5036 1.5747
vt 0.3927 0.8650
vn -0.1446 0.0442 -0.9885
f 4455/4455/4455 4456/4456/4456 4457/4457/4457 4458/4458/4458
v -0.6031 0.5534 1.6000
vt 0.3894 0.8682
vn -0.2343 0.3981 -0.8869
v -0.6038 0.5301 1.5897
vt 0.3894 0.8667
vn -0.3442 0.0962 -0.9340
v -0.6409 0.5463 1.6154
vt 0.3876 0.8677
vn -0.9664 -0.1154 -0.2299
f 4459/4459/4459 4460/4460/4460 4461/4461/4461
v -0.6141 0.5534 1.6462
vt 0.3889 0.9151
vn -0.0137 0.9999 -0.0033
v -0.6031 0.5534 1.6000
vt 0.3894 0.9151
vn -0.0137 0.9999 -0.0033
v -0.6409 0.5463 1.6154
vt 0.3876 0.9146
vn -0.2020 0.9782 -0.0481
f 4462/4462/4462 4463/4463/4463 4464/4464/4464
v -0.5669 0.5036 1.6983
vt 0.3912 0.8650
vn -0.5742 0.0442 0.8175
v -0.5568 0.5480 1.6816
vt 0.3917 0.8678
vn -0.4299 0.4023 0.8083
v -0.6141 0.5534 1.6462
vt 0.3889 0.8682
vn -0.6086 0.3981 0.6864
v -0.6194 0.5301 1.6551
vt 0.3886 0.8667
vn -0.7279 0.0962 0.6790
f 4465/4465/4465 4466/4466/4466 4467/4467/4467 4468/4468/4468
v -0.5375 0.5036 1.5747
vt 0.3927 0.8650
vn -0.1446 0.0442 -0.9885
v -0.5476 0.4591 1.5914
vt 0.3922 0.8622
vn -0.2307 -0.2969 -0.9266
v -0.6091 0.5070 1.5986
vt 0.3891 0.8652
vn -0.6239 -0.5182 -0.5850
v -0.6038 0.5301 1.5897
vt 0.3894 0.8667
vn -0.3442 0.0962 -0.9340
f 4469/4469/4469 4470/4470/4470 4471/4471/4471 4472/4472/4472
v -0.5360 0.5480 1.5942
vt 0.3927 0.8678
vn -0.0199 0.4023 -0.9153
v -0.5375 0.5036 1.5747
vt 0.3927 0.8650
vn -0.1446 0.0442 -0.9885
v -0.6038 0.5301 1.5897
vt 0.3894 0.8667
vn -0.3442 0.0962 -0.9340
v -0.6031 0.5534 1.6000
vt 0.3894 0.8682
vn -0.2343 0.3981 -0.8869
f 4473/4473/4473 4474/4474/4474 4475/4475/4475 4476/4476/4476
v -0.5684 0.4591 1.6789
vt 0.3911 0.8622
vn -0.6233 -0.2969 0.7234
v -0.5669 0.5036 1.6983
vt 0.3912 0.8650
vn -0.5742 0.0442 0.8175
v -0.6194 0.5301 1.6551
vt 0.3886 0.8667
vn -0.7279 0.0962 0.6790
v -0.6201 0.5070 1.6448
vt 0.3886 0.8652
vn -0.8205 -0.5182 0.2414
f 4477/4477/4477 4478/4478/4478 4479/4479/4479 4480/4480/4480
v -0.3290 0.4096 1.6198
vt 0.4029 0.8121
vn -0.0146 -0.9999 -0.0035
v -0.3605 0.4096 1.7520
vt 0.4014 0.8121
vn -0.0146 -0.9999 -0.0035
v -0.4857 0.4115 1.7222
vt 0.3952 0.8122
vn -0.2233 -0.9733 -0.0531
v -0.4542 0.4115 1.5900
vt 0.3968 0.8122
vn -0.2233 -0.9733 -0.0531
f 4481/4481/4481 4482/4482/4482 4483/4483/4483 4484/4484/4484
v -0.6201 0.5070 1.6448
vt 0.3886 0.8652
vn -0.8205 -0.5182 0.2414
v -0.6194 0.5301 1.6551
vt 0.3886 0.8667
vn -0.7279 0.0962 0.6790
v -0.6409 0.5463 1.6154
vt 0.3876 0.8677
vn -0.9664 -0.1154 -0.2299
f 4485/4485/4485 4486/4486/4486 4487/4487/4487
v -0.6194 0.5301 1.6551
vt 0.3886 0.8667
vn -0.7279 0.0962 0.6790
v -0.6141 0.5534 1.6462
vt 0.3889 0.8682
vn -0.6086 0.3981 0.6864
v -0.6409 0.5463 1.6154
vt 0.3876 0.8677
vn -0.9664 -0.1154 -0.2299
f 4488/4488/4488 4489/4489/4489 4490/4490/4490
v -0.6038 0.5301 1.5897
vt 0.3894 0.8667
vn -0.3442 0.0962 -0.9340
v -0.6091 0.5070 1.5986
vt 0.3891 0.8652
vn -0.6239 -0.5182 -0.5850
v -0.6409 0.5463 1.6154
vt 0.3876 0.8677
vn -0.9664 -0.1154 -0.2299
f 4491/4491/4491 4492/4492/4492 4493/4493/4493
v 2.2872 0.0238 1.2000
vt 0.3342 0.7947
vn 0.3502 0.2425 0.9047
v 2.2392 0.1722 1.1788
vt 0.3342 0.8108
vn 0.3502 0.2425 0.9047
v 1.7953 0.1722 1.3506
vt 0.3342 0.8108
vn 0.3502 0.2425 0.9047
v 1.7741 0.0238 1.3986
vt 0.3342 0.7947
vn 0.3502 0.2425 0.9047
f 4494/4494/4494 4495/4495/4495 4496/4496/4496 4497/4497/4497
v 2.2179 0.0238 0.9513
vt 0.3342 0.7947
vn 0.9047 0.2425 -0.3502
v 2.1967 0.1722 0.9993
vt 0.3342 0.8108
vn 0.9047 0.2425 -0.3502
v 2.2536 0.1722 1.1462
vt 0.3342 0.8108
vn 0.9047 0.2425 -0.3502
v 2.3016 0.0238 1.1674
vt 0.3342 0.7947
vn 0.9047 0.2425 -0.3502
f 4498/4498/4498 4499/4499/4499 4500/4500/4500 4501/4501/4501
v 2.1702 0.1960 1.0152
vt 0.3342 0.8251
vn 0.0000 1.0000 0.0000
v 1.7361 0.1960 1.1832
vt 0.3342 0.8251
vn 0.0000 1.0000 0.0000
v 1.7892 0.1960 1.3203
vt 0.3342 0.8251
vn 0.0000 1.0000 0.0000
v 2.2233 0.1960 1.1523
vt 0.3342 0.8251
vn 0.0000 1.0000 0.0000
f 4502/4502/4502 4503/4503/4503 4504/4504/4504 4505/4505/4505
v 1.7415 0.0238 1.3842
vt 0.3342 0.7947
vn -0.9047 0.2425 0.3502
v 1.7627 0.1722 1.3362
vt 0.3342 0.8108
vn -0.9047 0.2425 0.3502
v 1.7058 0.1722 1.1893
vt 0.3342 0.8108
vn -0.9047 0.2425 0.3502
v 1.6578 0.0238 1.1681
vt 0.3342 0.7947
vn -0.9047 0.2425 0.3502
f 4506/4506/4506 4507/4507/4507 4508/4508/4508 4509/4509/4509
v 1.6722 0.0238 1.1355
vt 0.3342 0.7947
vn -0.3502 0.2425 -0.9047
v 1.7203 0.1722 1.1567
vt 0.3342 0.8108
vn -0.3502 0.2425 -0.9047
v 2.1641 0.1722 0.9849
vt 0.3342 0.8108
vn -0.3502 0.2425 -0.9047
v 2.1853 0.0238 0.9369
vt 0.3342 0.7947
vn -0.3502 0.2425 -0.9047
f 4510/4510/4510 4511/4511/4511 4512/4512/4512 4513/4513/4513
v 1.7612 0.0000 1.3837
vt 0.3342 0.8039
vn -0.3810 -0.3339 0.8622
v 1.7741 0.0238 1.3986
vt 0.3342 0.8064
vn -0.3810 -0.3339 0.8622
v 1.7415 0.0238 1.3842
vt 0.3342 0.8064
vn -0.3810 -0.3339 0.8622
f 4514/4514/4514 4515/4515/4515 4516/4516/4516
v 1.7953 0.1722 1.3506
vt 0.3342 0.8459
vn -0.2772 0.7278 0.6273
v 1.7892 0.1960 1.3203
vt 0.3342 0.8485
vn -0.2772 0.7278 0.6273
v 1.7627 0.1722 1.3362
vt 0.3342 0.8459
vn -0.2772 0.7278 0.6273
f 4517/4517/4517 4518/4518/4518 4519/4519/4519
v 1.6727 0.0000 1.1552
vt 0.3342 0.8039
vn -0.8622 -0.3339 -0.3810
v 1.6578 0.0238 1.1681
vt 0.3342 0.8064
vn -0.8622 -0.3339 -0.3810
v 1.6722 0.0238 1.1355
vt 0.3342 0.8064
vn -0.8622 -0.3339 -0.3810
f 4520/4520/4520 4521/4521/4521 4522/4522/4522
v 1.7361 0.1960 1.1832
vt 0.3342 0.8485
vn -0.6273 0.7278 -0.2772
v 1.7203 0.1722 1.1567
vt 0.3342 0.8459
vn -0.6273 0.7278 -0.2772
v 1.7058 0.1722 1.1893
vt 0.3342 0.8459
vn -0.6273 0.7278 -0.2772
f 4523/4523/4523 4524/4524/4524 4525/4525/4525
v 2.2867 0.0000 1.1803
vt 0.3342 0.8039
vn 0.8622 -0.3339 0.3810
v 2.3016 0.0238 1.1674
vt 0.3342 0.8064
vn 0.8622 -0.3339 0.3810
v 2.2872 0.0238 1.2000
vt 0.3342 0.8064
vn 0.8622 -0.3339 0.3810
f 4526/4526/4526 4527/4527/4527 4528/4528/4528
v 2.2233 0.1960 1.1523
vt 0.3342 0.8485
vn 0.6273 0.7278 0.2772
v 2.2392 0.1722 1.1788
vt 0.3342 0.8459
vn 0.6273 0.7278 0.2772
v 2.2536 0.1722 1.1462
vt 0.3342 0.8459
vn 0.6273 0.7278 0.2772
f 4529/4529/4529 4530/4530/4530 4531/4531/4531
v 2.1982 0.0000 0.9518
vt 0.3342 0.8039
vn 0.3810 -0.3339 -0.8622
v 2.1853 0.0238 0.9369
vt 0.3342 0.8064
vn 0.3810 -0.3339 -0.8622
v 2.2179 0.0238 0.9513
vt 0.3342 0.8064
vn 0.3810 -0.3339 -0.8622
f 4532/4532/4532 4533/4533/4533 4534/4534/4534
v 2.1702 0.1960 1.0152
vt 0.3342 0.8485
vn 0.2772 0.7278 -0.6273
v 2.1967 0.1722 0.9993
vt 0.3342 0.8459
vn 0.2772 0.7278 -0.6273
v 2.1641 0.1722 0.9849
vt 0.3342 0.8459
vn 0.2772 0.7278 -0.6273
f 4535/4535/4535 4536/4536/4536 4537/4537/4537
v 1.6727 0.0000 1.1552
vt 0.3342 0.8039
vn -0.7351 -0.6154 0.2845
v 1.7612 0.0000 1.3837
vt 0.3342 0.8039
vn -0.7351 -0.6154 0.2845
v 1.7415 0.0238 1.3842
vt 0.3342 0.8064
vn -0.7351 -0.6154 0.2845
v 1.6578 0.0238 1.1681
vt 0.3342 0.8064
vn -0.7351 -0.6154 0.2845
f 4538/4538/4538 4539/4539/4539 4540/4540/4540 4541/4541/4541
v 1.7741 0.0238 1.3986
vt 0.3342 0.8181
vn -0.3810 0.3333 0.8624
v 1.7953 0.1722 1.3506
vt 0.3342 0.8342
vn -0.3810 0.3333 0.8624
v 1.7627 0.1722 1.3362
vt 0.3342 0.8342
vn -0.3810 0.3333 0.8624
v 1.7415 0.0238 1.3842
vt 0.3342 0.8181
vn -0.3810 0.3333 0.8624
f 4542/4542/4542 4543/4543/4543 4544/4544/4544 4545/4545/4545
v 1.7892 0.1960 1.3203
vt 0.3342 0.8485
vn -0.5739 0.7882 0.2222
v 1.7361 0.1960 1.1832
vt 0.3342 0.8485
vn -0.5739 0.7882 0.2222
v 1.7058 0.1722 1.1893
vt 0.3342 0.8459
vn -0.5739 0.7882 0.2222
v 1.7627 0.1722 1.3362
vt 0.3342 0.8459
vn -0.5739 0.7882 0.2222
f 4546/4546/4546 4547/4547/4547 4548/4548/4548 4549/4549/4549
v 1.7203 0.1722 1.1567
vt 0.3342 0.8342
vn -0.8624 0.3333 -0.3810
v 1.6722 0.0238 1.1355
vt 0.3342 0.8181
vn -0.8624 0.3333 -0.3810
v 1.6578 0.0238 1.1681
vt 0.3342 0.8181
vn -0.8624 0.3333 -0.3810
v 1.7058 0.1722 1.1893
vt 0.3342 0.8342
vn -0.8624 0.3333 -0.3810
f 4550/4550/4550 4551/4551/4551 4552/4552/4552 4553/4553/4553
v 2.1982 0.0000 0.9518
vt 0.3342 0.8039
vn -0.2845 -0.6154 -0.7351
v 1.6727 0.0000 1.1552
vt 0.3342 0.8039
vn -0.2845 -0.6154 -0.7351
v 1.6722 0.0238 1.1355
vt 0.3342 0.8064
vn -0.2845 -0.6154 -0.7351
v 2.1853 0.0238 0.9369
vt 0.3342 0.8064
vn -0.2845 -0.6154 -0.7351
f 4554/4554/4554 4555/4555/4555 4556/4556/4556 4557/4557/4557
v 1.7361 0.1960 1.1832
vt 0.3342 0.8485
vn -0.2222 0.7882 -0.5739
v 2.1702 0.1960 1.0152
vt 0.3342 0.8485
vn -0.2222 0.7882 -0.5739
v 2.1641 0.1722 0.9849
vt 0.3342 0.8459
vn -0.2222 0.7882 -0.5739
v 1.7203 0.1722 1.1567
vt 0.3342 0.8459
vn -0.2222 0.7882 -0.5739
f 4558/4558/4558 4559/4559/4559 4560/4560/4560 4561/4561/4561
v 2.1967 0.1722 0.9993
vt 0.3342 0.8342
vn 0.3810 0.3333 -0.8624
v 2.2179 0.0238 0.9513
vt 0.3342 0.8181
vn 0.3810 0.3333 -0.8624
v 2.1853 0.0238 0.9369
vt 0.3342 0.8181
vn 0.3810 0.3333 -0.8624
v 2.1641 0.1722 0.9849
vt 0.3342 0.8342
vn 0.3810 0.3333 -0.8624
f 4562/4562/4562 4563/4563/4563 4564/4564/4564 4565/4565/4565
v 2.2867 0.0000 1.1803
vt 0.3342 0.8039
vn 0.7351 -0.6154 -0.2845
v 2.1982 0.0000 0.9518
vt 0.3342 0.8039
vn 0.7351 -0.6154 -0.2845
v 2.2179 0.0238 0.9513
vt 0.3342 0.8064
vn 0.7351 -0.6154 -0.2845
v 2.3016 0.0238 1.1674
vt 0.3342 0.8064
vn 0.7351 -0.6154 -0.2845
f 4566/4566/4566 4567/4567/4567 4568/4568/4568 4569/4569/4569
v 2.1702 0.1960 1.0152
vt 0.3342 0.8485
vn 0.5739 0.7882 -0.2222
v 2.2233 0.1960 1.1523
vt 0.3342 0.8485
vn 0.5739 0.7882 -0.2222
v 2.2536 0.1722 1.1462
vt 0.3342 0.8459
vn 0.5739 0.7882 -0.2222
v 2.1967 0.1722 0.9993
vt 0.3342 0.8459
vn 0.5739 0.7882 -0.2222
f 4570/4570/4570 4571/4571/4571 4572/4572/4572 4573/4573/4573
v 2.2392 0.1722 1.1788
vt 0.3342 0.8342
vn 0.8624 0.3333 0.3810
v 2.2872 0.0238 1.2000
vt 0.3342 0.8181
vn 0.8624 0.3333 0.3810
v 2.3016 0.0238 1.1674
vt 0.3342 0.8181
vn 0.8624 0.3333 0.3810
v 2.2536 0.1722 1.1462
vt 0.3342 0.8342
vn 0.8624 0.3333 0.3810
f 4574/4574/4574 4575/4575/4575 4576/4576/4576 4577/4577/4577
v 1.7612 0.0000 1.3837
vt 0.3342 0.8039
vn 0.2845 -0.6154 0.7351
v 2.2867 0.0000 1.1803
vt 0.3342 0.8039
vn 0.2845 -0.6154 0.7351
v 2.2872 0.0238 1.2000
vt 0.3342 0.8064
vn 0.2845 -0.6154 0.7351
v 1.7741 0.0238 1.3986
vt 0.3342 0.8064
vn 0.2845 -0.6154 0.7351
f 4578/4578/4578 4579/4579/4579 4580/4580/4580 4581/4581/4581
v 2.2233 0.1960 1.1523
vt 0.3342 0.8485
vn 0.2222 0.7882 0.5739
v 1.7892 0.1960 1.3203
vt 0.3342 0.8485
vn 0.2222 0.7882 0.5739
v 1.7953 0.1722 1.3506
vt 0.3342 0.8459
vn 0.2222 0.7882 0.5739
v 2.2392 0.1722 1.1788
vt 0.3342 0.8459
vn 0.2222 0.7882 0.5739
f 4582/4582/4582 4583/4583/4583 4584/4584/4584 4585/4585/4585
v 1.6727 0.0000 1.1552
vt 0.3342 0.7804
vn -0.0000 -1.0000 0.0000
v 2.1982 0.0000 0.9518
vt 0.3342 0.7804
vn -0.0000 -1.0000 0.0000
v 2.2867 0.0000 1.1803
vt 0.3342 0.7804
vn -0.0000 -1.0000 0.0000
v 1.7612 0.0000 1.3837
vt 0.3342 0.7804
vn -0.0000 -1.0000 0.0000
f 4586/4586/4586 4587/4587/4587 4588/4588/4588 4589/4589/4589
v 2.1987 0.0238 0.9715
vt 0.3342 0.7947
vn 0.3502 0.2425 0.9047
v 2.1507 0.1722 0.9503
vt 0.3342 0.8108
vn 0.3502 0.2425 0.9047
v 1.7068 0.1722 1.1221
vt 0.3342 0.8108
vn 0.3502 0.2425 0.9047
v 1.6856 0.0238 1.1701
vt 0.3342 0.7947
vn 0.3502 0.2425 0.9047
f 4590/4590/4590 4591/4591/4591 4592/4592/4592 4593/4593/4593
v 2.1295 0.0238 0.7228
vt 0.3342 0.7947
vn 0.9047 0.2425 -0.3502
v 2.1083 0.1722 0.7708
vt 0.3342 0.8108
vn 0.9047 0.2425 -0.3502
v 2.1651 0.1722 0.9177
vt 0.3342 0.8108
vn 0.9047 0.2425 -0.3502
v 2.2131 0.0238 0.9389
vt 0.3342 0.7947
vn 0.9047 0.2425 -0.3502
f 4594/4594/4594 4595/4595/4595 4596/4596/4596 4597/4597/4597
v 2.0818 0.1960 0.7867
vt 0.3342 0.8251
vn 0.0000 1.0000 0.0000
v 1.6477 0.1960 0.9547
vt 0.3342 0.8251
vn 0.0000 1.0000 0.0000
v 1.7007 0.1960 1.0918
vt 0.3342 0.8251
vn 0.0000 1.0000 0.0000
v 2.1348 0.1960 0.9238
vt 0.3342 0.8251
vn 0.0000 1.0000 0.0000
f 4598/4598/4598 4599/4599/4599 4600/4600/4600 4601/4601/4601
v 1.6530 0.0238 1.1557
vt 0.3342 0.7947
vn -0.9047 0.2425 0.3502
v 1.6742 0.1722 1.1077
vt 0.3342 0.8108
vn -0.9047 0.2425 0.3502
v 1.6174 0.1722 0.9609
vt 0.3342 0.8108
vn -0.9047 0.2425 0.3502
v 1.5694 0.0238 0.9396
vt 0.3342 0.7947
vn -0.9047 0.2425 0.3502
f 4602/4602/4602 4603/4603/4603 4604/4604/4604 4605/4605/4605
v 1.5838 0.0238 0.9070
vt 0.3342 0.7947
vn -0.3502 0.2425 -0.9047
v 1.6318 0.1722 0.9282
vt 0.3342 0.8108
vn -0.3502 0.2425 -0.9047
v 2.0757 0.1722 0.7564
vt 0.3342 0.8108
vn -0.3502 0.2425 -0.9047
v 2.0969 0.0238 0.7084
vt 0.3342 0.7947
vn -0.3502 0.2425 -0.9047
f 4606/4606/4606 4607/4607/4607 4608/4608/4608 4609/4609/4609
v 1.6727 0.0000 1.1552
vt 0.3342 0.8039
vn -0.3810 -0.3339 0.8622
v 1.6856 0.0238 1.1701
vt 0.3342 0.8064
vn -0.3810 -0.3339 0.8622
v 1.6530 0.0238 1.1557
vt 0.3342 0.8064
vn -0.3810 -0.3339 0.8622
f 4610/4610/4610 4611/4611/4611 4612/4612/4612
v 1.7068 0.1722 1.1221
vt 0.3342 0.8459
vn -0.2772 0.7278 0.6273
v 1.7007 0.1960 1.0918
vt 0.3342 0.8485
vn -0.2772 0.7278 0.6273
v 1.6742 0.1722 1.1077
vt 0.3342 0.8459
vn -0.2772 0.7278 0.6273
f 4613/4613/4613 4614/4614/4614 4615/4615/4615
v 1.5843 0.0000 0.9267
vt 0.3342 0.8039
vn -0.8622 -0.3339 -0.3810
v 1.5694 0.0238 0.9396
vt 0.3342 0.8064
vn -0.8622 -0.3339 -0.3810
v 1.5838 0.0238 0.9070
vt 0.3342 0.8064
vn -0.8622 -0.3339 -0.3810
f 4616/4616/4616 4617/4617/4617 4618/4618/4618
v 1.6477 0.1960 0.9547
vt 0.3342 0.8485
vn -0.6273 0.7278 -0.2772
v 1.6318 0.1722 0.9282
vt 0.3342 0.8459
vn -0.6273 0.7278 -0.2772
v 1.6174 0.1722 0.9609
vt 0.3342 0.8459
vn -0.6273 0.7278 -0.2772
f 4619/4619/4619 4620/4620/4620 4621/4621/4621
v 2.1982 0.0000 0.9518
vt 0.3342 0.8039
vn 0.8622 -0.3339 0.3810
v 2.2131 0.0238 0.9389
vt 0.3342 0.8064
vn 0.8622 -0.3339 0.3810
v 2.1987 0.0238 0.9715
vt 0.3342 0.8064
vn 0.8622 -0.3339 0.3810
f 4622/4622/4622 4623/4623/4623 4624/4624/4624
v 2.1348 0.1960 0.9238
vt 0.3342 0.8485
vn 0.6273 0.7278 0.2772
v 2.1507 0.1722 0.9503
vt 0.3342 0.8459
vn 0.6273 0.7278 0.2772
v 2.1651 0.1722 0.9177
vt 0.3342 0.8459
vn 0.6273 0.7278 0.2772
f 4625/4625/4625 4626/4626/4626 4627/4627/4627
v 2.1098 0.0000 0.7233
vt 0.3342 0.8039
vn 0.3810 -0.3339 -0.8622
v 2.0969 0.0238 0.7084
vt 0.3342 0.8064
vn 0.3810 -0.3339 -0.8622
v 2.1295 0.0238 0.7228
vt 0.3342 0.8064
vn 0.3810 -0.3339 -0.8622
f 4628/4628/4628 4629/4629/4629 4630/4630/4630
v 2.0818 0.1960 0.7867
vt 0.3342 0.8485
vn 0.2772 0.7278 -0.6273
v 2.1083 0.1722 0.7708
vt 0.3342 0.8459
vn 0.2772 0.7278 -0.6273
v 2.0757 0.1722 0.7564
vt 0.3342 0.8459
vn 0.2772 0.7278 -0.6273
f 4631/4631/4631 4632/4632/4632 4633/4633/4633
v 1.5843 0.0000 0.9267
vt 0.3342 0.8039
vn -0.7351 -0.6154 0.2845
v 1.6727 0.0000 1.1552
vt 0.3342 0.8039
vn -0.7351 -0.6154 0.2845
v 1.6530 0.0238 1.1557
vt 0.3342 0.8064
vn -0.7351 -0.6154 0.2845
v 1.5694 0.0238 0.9396
vt 0.3342 0.8064
vn -0.7351 -0.6154 0.2845
f 4634/4634/4634 4635/4635/4635 4636/4636/4636 4637/4637/4637
v 1.6856 0.0238 1.1701
vt 0.3342 0.8181
vn -0.3810 0.3333 0.8624
v 1.7068 0.1722 1.1221
vt 0.3342 0.8342
vn -0.3810 0.3333 0.8624
v 1.6742 0.1722 1.1077
vt 0.3342 0.8342
vn -0.3810 0.3333 0.8624
v 1.6530 0.0238 1.1557
vt 0.3342 0.8181
vn -0.3810 0.3333 0.8624
f 4638/4638/4638 4639/4639/4639 4640/4640/4640 4641/4641/4641
v 1.7007 0.1960 1.0918
vt 0.3342 0.8485
vn -0.5739 0.7882 0.2222
v 1.6477 0.1960 0.9547
vt 0.3342 0.8485
vn -0.5739 0.7882 0.2222
v 1.6174 0.1722 0.9609
vt 0.3342 0.8459
vn -0.5739 0.7882 0.2222
v 1.6742 0.1722 1.1077
vt 0.3342 0.8459
vn -0.5739 0.7882 0.2222
f 4642/4642/4642 4643/4643/4643 4644/4644/4644 4645/4645/4645
v 1.6318 0.1722 0.9282
vt 0.3342 0.8342
vn -0.8624 0.3333 -0.3811
v 1.5838 0.0238 0.9070
vt 0.3342 0.8181
vn -0.8624 0.3333 -0.3811
v 1.5694 0.0238 0.9396
vt 0.3342 0.8181
vn -0.8624 0.3333 -0.3811
v 1.6174 0.1722 0.9609
vt 0.3342 0.8342
vn -0.8624 0.3333 -0.3811
f 4646/4646/4646 4647/4647/4647 4648/4648/4648 4649/4649/4649
v 2.1098 0.0000 0.7233
vt 0.3342 0.8039
vn -0.2845 -0.6154 -0.7351
v 1.5843 0.0000 0.9267
vt 0.3342 0.8039
vn -0.2845 -0.6154 -0.7351
v 1.5838 0.0238 0.9070
vt 0.3342 0.8064
vn -0.2845 -0.6154 -0.7351
v 2.0969 0.0238 0.7084
vt 0.3342 0.8064
vn -0.2845 -0.6154 -0.7351
f 4650/4650/4650 4651/4651/4651 4652/4652/4652 4653/4653/4653
v 1.6477 0.1960 0.9547
vt 0.3342 0.8485
vn -0.2222 0.7882 -0.5739
v 2.0818 0.1960 0.7867
vt 0.3342 0.8485
vn -0.2222 0.7882 -0.5739
v 2.0757 0.1722 0.7564
vt 0.3342 0.8459
vn -0.2222 0.7882 -0.5739
v 1.6318 0.1722 0.9282
vt 0.3342 0.8459
vn -0.2222 0.7882 -0.5739
f 4654/4654/4654 4655/4655/4655 4656/4656/4656 4657/4657/4657
v 2.1083 0.1722 0.7708
vt 0.3342 0.8342
vn 0.3810 0.3333 -0.8624
v 2.1295 0.0238 0.7228
vt 0.3342 0.8181
vn 0.3810 0.3333 -0.8624
v 2.0969 0.0238 0.7084
vt 0.3342 0.8181
vn 0.3810 0.3333 -0.8624
v 2.0757 0.1722 0.7564
vt 0.3342 0.8342
vn 0.3810 0.3333 -0.8624
f 4658/4658/4658 4659/4659/4659 4660/4660/4660 4661/4661/4661
v 2.1982 0.0000 0.9518
vt 0.3342 0.8039
vn 0.7351 -0.6154 -0.2845
v 2.1098 0.0000 0.7233
vt 0.3342 0.8039
vn 0.7351 -0.6154 -0.2845
v 2.1295 0.0238 0.7228
vt 0.3342 0.8064
vn 0.7351 -0.6154 -0.2845
v 2.2131 0.0238 0.9389
vt 0.3342 0.8064
vn 0.7351 -0.6154 -0.2845
f 4662/4662/4662 4663/4663/4663 4664/4664/4664 4665/4665/4665
v 2.0818 0.1960 0.7867
vt 0.3342 0.8485
vn 0.5739 0.7882 -0.2222
v 2.1348 0.1960 0.9238
vt 0.3342 0.8485
vn 0.5739 0.7882 -0.2222
v 2.1651 0.1722 0.9177
vt 0.3342 0.8459
vn 0.5739 0.7882 -0.2222
v 2.1083 0.1722 0.7708
vt 0.3342 0.8459
vn 0.5739 0.7882 -0.2222
f 4666/4666/4666 4667/4667/4667 4668/4668/4668 4669/4669/4669
v 2.1507 0.1722 0.9503
vt 0.3342 0.8342
vn 0.8624 0.3333 0.3810
v 2.1987 0.0238 0.9715
vt 0.3342 0.8181
vn 0.8624 0.3333 0.3810
v 2.2131 0.0238 0.9389
vt 0.3342 0.8181
vn 0.8624 0.3333 0.3810
v 2.1651 0.1722 0.9177
vt 0.3342 0.8342
vn 0.8624 0.3333 0.3810
f 4670/4670/4670 4671/4671/4671 4672/4672/4672 4673/4673/4673
v 1.6727 0.0000 1.1552
vt 0.3342 0.8039
vn 0.2845 -0.6154 0.7351
v 2.1982 0.0000 0.9518
vt 0.3342 0.8039
vn 0.2845 -0.6154 0.7351
v 2.1987 0.0238 0.9715
vt 0.3342 0.8064
vn 0.2845 -0.6154 0.7351
v 1.6856 0.0238 1.1701
vt 0.3342 0.8064
vn 0.2845 -0.6154 0.7351
f 4674/4674/4674 4675/4675/4675 4676/4676/4676 4677/4677/4677
v 2.1348 0.1960 0.9238
vt 0.3342 0.8485
vn 0.2222 0.7882 0.5739
v 1.7007 0.1960 1.0918
vt 0.3342 0.8485
vn 0.2222 0.7882 0.5739
v 1.7068 0.1722 1.1221
vt 0.3342 0.8459
vn 0.2222 0.7882 0.5739
v 2.1507 0.1722 0.9503
vt 0.3342 0.8459
vn 0.2222 0.7882 0.5739
f 4678/4678/4678 4679/4679/4679 4680/4680/4680 4681/4681/4681
v 1.5843 0.0000 0.9267
vt 0.3342 0.7804
vn -0.0000 -1.0000 0.0000
v 2.1098 0.0000 0.7233
vt 0.3342 0.7804
vn -0.0000 -1.0000 0.0000
v 2.1982 0.0000 0.9518
vt 0.3342 0.7804
vn -0.0000 -1.0000 0.0000
v 1.6727 0.0000 1.1552
vt 0.3342 0.7804
vn -0.0000 -1.0000 0.0000
f 4682/4682/4682 4683/4683/4683 4684/4684/4684 4685/4685/4685
v 2.2240 0.2198 1.1646
vt 0.3342 0.7947
vn 0.1030 0.2425 0.9647
v 2.1832 0.3682 1.1316
vt 0.3342 0.8108
vn 0.1030 0.2425 0.9647
v 1.7099 0.3682 1.1821
vt 0.3342 0.8108
vn 0.1030 0.2425 0.9647
v 1.6770 0.2198 1.2230
vt 0.3342 0.7947
vn 0.1030 0.2425 0.9647
f 4686/4686/4686 4687/4687/4687 4688/4688/4688 4689/4689/4689
v 2.2218 0.2198 0.9064
vt 0.3342 0.7947
vn 0.9647 0.2425 -0.1030
v 2.1889 0.3682 0.9473
vt 0.3342 0.8108
vn 0.9647 0.2425 -0.1030
v 2.2056 0.3682 1.1039
vt 0.3342 0.8108
vn 0.9647 0.2425 -0.1030
v 2.2464 0.2198 1.1368
vt 0.3342 0.7947
vn 0.9647 0.2425 -0.1030
f 4690/4690/4690 4691/4691/4691 4692/4692/4692 4693/4693/4693
v 2.1592 0.3920 0.9557
vt 0.3342 0.8251
vn 0.0000 1.0000 0.0000
v 1.6963 0.3920 1.0051
vt 0.3342 0.8251
vn 0.0000 1.0000 0.0000
v 1.7119 0.3920 1.1513
vt 0.3342 0.8251
vn 0.0000 1.0000 0.0000
v 2.1748 0.3920 1.1019
vt 0.3342 0.8251
vn 0.0000 1.0000 0.0000
f 4694/4694/4694 4695/4695/4695 4696/4696/4696 4697/4697/4697
v 1.6492 0.2198 1.2006
vt 0.3342 0.7947
vn -0.9647 0.2425 0.1030
v 1.6822 0.3682 1.1597
vt 0.3342 0.8108
vn -0.9647 0.2425 0.1030
v 1.6655 0.3682 1.0032
vt 0.3342 0.8108
vn -0.9647 0.2425 0.1030
v 1.6246 0.2198 0.9702
vt 0.3342 0.7947
vn -0.9647 0.2425 0.1030
f 4698/4698/4698 4699/4699/4699 4700/4700/4700 4701/4701/4701
v 1.6470 0.2198 0.9424
vt 0.3342 0.7947
vn -0.1030 0.2425 -0.9647
v 1.6879 0.3682 0.9754
vt 0.3342 0.8108
vn -0.1030 0.2425 -0.9647
v 2.1611 0.3682 0.9249
vt 0.3342 0.8108
vn -0.1030 0.2425 -0.9647
v 2.1941 0.2198 0.8840
vt 0.3342 0.7947
vn -0.1030 0.2425 -0.9647
f 4702/4702/4702 4703/4703/4703 4704/4704/4704 4705/4705/4705
v 1.6684 0.1960 1.2052
vt 0.3342 0.8039
vn -0.5920 -0.3339 0.7335
v 1.6770 0.2198 1.2230
vt 0.3342 0.8064
vn -0.5920 -0.3339 0.7335
v 1.6492 0.2198 1.2006
vt 0.3342 0.8064
vn -0.5920 -0.3339 0.7335
f 4706/4706/4706 4707/4707/4707 4708/4708/4708
v 1.7099 0.3682 1.1821
vt 0.3342 0.8459
vn -0.4307 0.7278 0.5336
v 1.7119 0.3920 1.1513
vt 0.3342 0.8485
vn -0.4307 0.7278 0.5336
v 1.6822 0.3682 1.1597
vt 0.3342 0.8459
vn -0.4307 0.7278 0.5336
f 4709/4709/4709 4710/4710/4710 4711/4711/4711
v 1.6424 0.1960 0.9616
vt 0.3342 0.8039
vn -0.7335 -0.3339 -0.5920
v 1.6246 0.2198 0.9702
vt 0.3342 0.8064
vn -0.7335 -0.3339 -0.5920
v 1.6470 0.2198 0.9424
vt 0.3342 0.8064
vn -0.7335 -0.3339 -0.5920
f 4712/4712/4712 4713/4713/4713 4714/4714/4714
v 1.6963 0.3920 1.0051
vt 0.3342 0.8485
vn -0.5337 0.7278 -0.4307
v 1.6879 0.3682 0.9754
vt 0.3342 0.8459
vn -0.5337 0.7278 -0.4307
v 1.6655 0.3682 1.0032
vt 0.3342 0.8459
vn -0.5337 0.7278 -0.4307
f 4715/4715/4715 4716/4716/4716 4717/4717/4717
v 2.2287 0.1960 1.1454
vt 0.3342 0.8039
vn 0.7335 -0.3339 0.5920
v 2.2464 0.2198 1.1368
vt 0.3342 0.8064
vn 0.7335 -0.3339 0.5920
v 2.2240 0.2198 1.1646
vt 0.3342 0.8064
vn 0.7335 -0.3339 0.5920
f 4718/4718/4718 4719/4719/4719 4720/4720/4720
v 2.1748 0.3920 1.1019
vt 0.3342 0.8485
vn 0.5336 0.7278 0.4307
v 2.1832 0.3682 1.1316
vt 0.3342 0.8459
vn 0.5336 0.7278 0.4307
v 2.2056 0.3682 1.1039
vt 0.3342 0.8459
vn 0.5336 0.7278 0.4307
f 4721/4721/4721 4722/4722/4722 4723/4723/4723
v 2.2027 0.1960 0.9018
vt 0.3342 0.8039
vn 0.5920 -0.3339 -0.7335
v 2.1941 0.2198 0.8840
vt 0.3342 0.8064
vn 0.5920 -0.3339 -0.7335
v 2.2218 0.2198 0.9064
vt 0.3342 0.8064
vn 0.5920 -0.3339 -0.7335
f 4724/4724/4724 4725/4725/4725 4726/4726/4726
v 2.1592 0.3920 0.9557
vt 0.3342 0.8485
vn 0.4307 0.7278 -0.5337
v 2.1889 0.3682 0.9473
vt 0.3342 0.8459
vn 0.4307 0.7278 -0.5337
v 2.1611 0.3682 0.9249
vt 0.3342 0.8459
vn 0.4307 0.7278 -0.5337
f 4727/4727/4727 4728/4728/4728 4729/4729/4729
v 1.6424 0.1960 0.9616
vt 0.3342 0.8039
vn -0.7838 -0.6154 0.0837
v 1.6684 0.1960 1.2052
vt 0.3342 0.8039
vn -0.7838 -0.6154 0.0837
v 1.6492 0.2198 1.2006
vt 0.3342 0.8064
vn -0.7838 -0.6154 0.0837
v 1.6246 0.2198 0.9702
vt 0.3342 0.8064
vn -0.7838 -0.6154 0.0837
f 4730/4730/4730 4731/4731/4731 4732/4732/4732 4733/4733/4733
v 1.6770 0.2198 1.2230
vt 0.3342 0.8181
vn -0.5921 0.3333 0.7337
v 1.7099 0.3682 1.1821
vt 0.3342 0.8342
vn -0.5921 0.3333 0.7337
v 1.6822 0.3682 1.1597
vt 0.3342 0.8342
vn -0.5921 0.3333 0.7337
v 1.6492 0.2198 1.2006
vt 0.3342 0.8181
vn -0.5921 0.3333 0.7337
f 4734/4734/4734 4735/4735/4735 4736/4736/4736 4737/4737/4737
v 1.7119 0.3920 1.1513
vt 0.3342 0.8485
vn -0.6119 0.7882 0.0653
v 1.6963 0.3920 1.0051
vt 0.3342 0.8485
vn -0.6119 0.7882 0.0653
v 1.6655 0.3682 1.0032
vt 0.3342 0.8459
vn -0.6119 0.7882 0.0653
v 1.6822 0.3682 1.1597
vt 0.3342 0.8459
vn -0.6119 0.7882 0.0653
f 4738/4738/4738 4739/4739/4739 4740/4740/4740 4741/4741/4741
v 1.6879 0.3682 0.9754
vt 0.3342 0.8342
vn -0.7337 0.3333 -0.5921
v 1.6470 0.2198 0.9424
vt 0.3342 0.8181
vn -0.7337 0.3333 -0.5921
v 1.6246 0.2198 0.9702
vt 0.3342 0.8181
vn -0.7337 0.3333 -0.5921
v 1.6655 0.3682 1.0032
vt 0.3342 0.8342
vn -0.7337 0.3333 -0.5921
f 4742/4742/4742 4743/4743/4743 4744/4744/4744 4745/4745/4745
v 2.2027 0.1960 0.9018
vt 0.3342 0.8039
vn -0.0837 -0.6154 -0.7838
v 1.6424 0.1960 0.9616
vt 0.3342 0.8039
vn -0.0837 -0.6154 -0.7838
v 1.6470 0.2198 0.9424
vt 0.3342 0.8064
vn -0.0837 -0.6154 -0.7838
v 2.1941 0.2198 0.8840
vt 0.3342 0.8064
vn -0.0837 -0.6154 -0.7838
f 4746/4746/4746 4747/4747/4747 4748/4748/4748 4749/4749/4749
v 1.6963 0.3920 1.0051
vt 0.3342 0.8485
vn -0.0653 0.7882 -0.6119
v 2.1592 0.3920 0.9557
vt 0.3342 0.8485
vn -0.0653 0.7882 -0.6119
v 2.1611 0.3682 0.9249
vt 0.3342 0.8459
vn -0.0653 0.7882 -0.6119
v 1.6879 0.3682 0.9754
vt 0.3342 0.8459
vn -0.0653 0.7882 -0.6119
f 4750/4750/4750 4751/4751/4751 4752/4752/4752 4753/4753/4753
v 2.1889 0.3682 0.9473
vt 0.3342 0.8342
vn 0.5921 0.3333 -0.7337
v 2.2218 0.2198 0.9064
vt 0.3342 0.8181
vn 0.5921 0.3333 -0.7337
v 2.1941 0.2198 0.8840
vt 0.3342 0.8181
vn 0.5921 0.3333 -0.7337
v 2.1611 0.3682 0.9249
vt 0.3342 0.8342
vn 0.5921 0.3333 -0.7337
f 4754/4754/4754 4755/4755/4755 4756/4756/4756 4757/4757/4757
v 2.2287 0.1960 1.1454
vt 0.3342 0.8039
vn 0.7838 -0.6154 -0.0837
v 2.2027 0.1960 0.9018
vt 0.3342 0.8039
vn 0.7838 -0.6154 -0.0837
v 2.2218 0.2198 0.9064
vt 0.3342 0.8064
vn 0.7838 -0.6154 -0.0837
v 2.2464 0.2198 1.1368
vt 0.3342 0.8064
vn 0.7838 -0.6154 -0.0837
f 4758/4758/4758 4759/4759/4759 4760/4760/4760 4761/4761/4761
v 2.1592 0.3920 0.9557
vt 0.3342 0.8485
vn 0.6119 0.7882 -0.0653
v 2.1748 0.3920 1.1019
vt 0.3342 0.8485
vn 0.6119 0.7882 -0.0653
v 2.2056 0.3682 1.1039
vt 0.3342 0.8459
vn 0.6119 0.7882 -0.0653
v 2.1889 0.3682 0.9473
vt 0.3342 0.8459
vn 0.6119 0.7882 -0.0653
f 4762/4762/4762 4763/4763/4763 4764/4764/4764 4765/4765/4765
v 2.1832 0.3682 1.1316
vt 0.3342 0.8342
vn 0.7337 0.3333 0.5921
v 2.2240 0.2198 1.1646
vt 0.3342 0.8181
vn 0.7337 0.3333 0.5921
v 2.2464 0.2198 1.1368
vt 0.3342 0.8181
vn 0.7337 0.3333 0.5921
v 2.2056 0.3682 1.1039
vt 0.3342 0.8342
vn 0.7337 0.3333 0.5921
f 4766/4766/4766 4767/4767/4767 4768/4768/4768 4769/4769/4769
v 1.6684 0.1960 1.2052
vt 0.3342 0.8039
vn 0.0837 -0.6154 0.7838
v 2.2287 0.1960 1.1454
vt 0.3342 0.8039
vn 0.0837 -0.6154 0.7838
v 2.2240 0.2198 1.1646
vt 0.3342 0.8064
vn 0.0837 -0.6154 0.7838
v 1.6770 0.2198 1.2230
vt 0.3342 0.8064
vn 0.0837 -0.6154 0.7838
f 4770/4770/4770 4771/4771/4771 4772/4772/4772 4773/4773/4773
v 2.1748 0.3920 1.1019
vt 0.3342 0.8485
vn 0.0653 0.7882 0.6119
v 1.7119 0.3920 1.1513
vt 0.3342 0.8485
vn 0.0653 0.7882 0.6119
v 1.7099 0.3682 1.1821
vt 0.3342 0.8459
vn 0.0653 0.7882 0.6119
v 2.1832 0.3682 1.1316
vt 0.3342 0.8459
vn 0.0653 0.7882 0.6119
f 4774/4774/4774 4775/4775/4775 4776/4776/4776 4777/4777/4777
v 1.6424 0.1960 0.9616
vt 0.3342 0.7804
vn -0.0000 -1.0000 0.0000
v 2.2027 0.1960 0.9018
vt 0.3342 0.7804
vn -0.0000 -1.0000 0.0000
v 2.2287 0.1960 1.1454
vt 0.3342 0.7804
vn -0.0000 -1.0000 0.0000
v 1.6684 0.1960 1.2052
vt 0.3342 0.7804
vn -0.0000 -1.0000 0.0000
f 4778/4778/4778 4779/4779/4779 4780/4780/4780 4781/4781/4781
v -0.1745 0.3498 2.1140
vt 0.6986 0.8625
vn -0.9575 0.1105 0.2663
v -0.2008 -0.0097 2.2079
vt 0.6986 0.8062
vn -0.9560 0.1377 0.2591
v -0.1908 -0.0016 2.2406
vt 0.6936 0.8062
vn -0.9560 0.1377 0.2591
v -0.1655 0.3571 2.1433
vt 0.6936 0.8625
vn -0.9575 0.1107 0.2662
f 4782/4782/4782 4783/4783/4783 4784/4784/4784 4785/4785/4785
v -0.1655 0.3571 2.1433
vt 0.6936 0.8625
vn -0.4202 0.2446 0.8739
v -0.1908 -0.0016 2.2406
vt 0.6936 0.8062
vn -0.4189 0.2651 0.8684
v -0.1486 0.0011 2.2601
vt 0.6835 0.8062
vn -0.4189 0.2651 0.8684
v -0.1278 0.3594 2.1607
vt 0.6835 0.8625
vn -0.4202 0.2446 0.8739
f 4786/4786/4786 4787/4787/4787 4788/4788/4788 4789/4789/4789
v -0.1278 0.3594 2.1607
vt 0.6835 0.8625
vn 0.4003 0.1958 0.8952
v -0.1486 0.0011 2.2601
vt 0.6835 0.8062
vn 0.4019 0.2228 0.8881
v -0.1165 -0.0044 2.2469
vt 0.6785 0.8062
vn 0.4019 0.2228 0.8881
v -0.0990 0.3545 2.1490
vt 0.6785 0.8625
vn 0.4002 0.1956 0.8953
f 4790/4790/4790 4791/4791/4791 4792/4792/4792 4793/4793/4793
v -0.0990 0.3545 2.1490
vt 0.6785 0.8625
vn 0.9554 -0.1459 -0.2568
v -0.1165 -0.0044 2.2469
vt 0.6785 0.8062
vn 0.9572 -0.1187 -0.2641
v -0.1265 -0.0125 2.2142
vt 0.6835 0.8062
vn 0.9572 -0.1187 -0.2641
v -0.1080 0.3473 2.1197
vt 0.6835 0.8625
vn 0.9554 -0.1456 -0.2569
f 4794/4794/4794 4795/4795/4795 4796/4796/4796 4797/4797/4797
v -0.1009 0.7224 2.0809
vt 0.6835 0.9189
vn 0.3983 0.1688 0.9016
v -0.1278 0.3594 2.1607
vt 0.6835 0.8625
vn 0.4003 0.1958 0.8952
v -0.0990 0.3545 2.1490
vt 0.6785 0.8625
vn 0.4002 0.1956 0.8953
v -0.0564 0.7148 2.0627
vt 0.6785 0.9189
vn 0.3983 0.1688 0.9016
f 4798/4798/4798 4799/4799/4799 4800/4800/4800 4801/4801/4801
v -0.1080 0.3473 2.1197
vt 0.6835 0.8625
vn 0.4185 -0.2713 -0.8667
v -0.1265 -0.0125 2.2142
vt 0.6835 0.8062
vn 0.4198 -0.2508 -0.8723
v -0.1687 -0.0152 2.1947
vt 0.6936 0.8062
vn 0.4198 -0.2508 -0.8723
v -0.1457 0.3449 2.1022
vt 0.6936 0.8625
vn 0.4185 -0.2713 -0.8667
f 4802/4802/4802 4803/4803/4803 4804/4804/4804 4805/4805/4805
v -0.1457 0.3449 2.1022
vt 0.6936 0.8625
vn -0.4024 -0.2307 -0.8859
v -0.1687 -0.0152 2.1947
vt 0.6936 0.8062
vn -0.4008 -0.2038 -0.8932
v -0.2008 -0.0097 2.2079
vt 0.6986 0.8062
vn -0.4008 -0.2038 -0.8932
v -0.1745 0.3498 2.1140
vt 0.6986 0.8625
vn -0.4024 -0.2310 -0.8858
f 4806/4806/4806 4807/4807/4807 4808/4808/4808 4809/4809/4809
v -0.1145 0.7162 2.0343
vt 0.6969 0.9499
vn 0.0588 0.9645 -0.2575
v -0.1732 0.7075 2.0086
vt 0.6986 0.9499
vn -0.0148 0.9567 -0.2907
v -0.1593 0.7187 2.0539
vt 0.6936 0.9499
vn -0.0287 0.9809 -0.1923
f 4810/4810/4810 4811/4811/4811 4812/4812/4812
v -0.1145 0.7162 2.0343
vt 0.6930 0.9499
vn 0.0588 0.9645 -0.2575
v -0.1593 0.7187 2.0539
vt 0.6936 0.9499
vn -0.0287 0.9809 -0.1923
v -0.1009 0.7224 2.0809
vt 0.6835 0.9499
vn 0.0636 0.9867 -0.1495
f 4813/4813/4813 4814/4814/4814 4815/4815/4815
v -0.1145 0.7162 2.0343
vt 0.6841 0.9499
vn 0.0588 0.9645 -0.2575
v -0.1009 0.7224 2.0809
vt 0.6835 0.9499
vn 0.0636 0.9867 -0.1495
v -0.0564 0.7148 2.0627
vt 0.6785 0.9499
vn 0.1320 0.9659 -0.2227
f 4816/4816/4816 4817/4817/4817 4818/4818/4818
v -0.1145 0.7162 2.0343
vt 0.6801 0.9499
vn 0.0588 0.9645 -0.2575
v -0.0564 0.7148 2.0627
vt 0.6785 0.9499
vn 0.1320 0.9659 -0.2227
v -0.0703 0.7036 2.0174
vt 0.6835 0.9499
vn 0.1456 0.9363 -0.3196
f 4819/4819/4819 4820/4820/4820 4821/4821/4821
v -0.1145 0.7162 2.0343
vt 0.6841 0.9499
vn 0.0588 0.9645 -0.2575
v -0.0703 0.7036 2.0174
vt 0.6835 0.9499
vn 0.1456 0.9363 -0.3196
v -0.1287 0.6999 1.9903
vt 0.6936 0.9499
vn 0.0533 0.9305 -0.3624
f 4822/4822/4822 4823/4823/4823 4824/4824/4824
v -0.1145 0.7162 2.0343
vt 0.6930 0.9499
vn 0.0588 0.9645 -0.2575
v -0.1287 0.6999 1.9903
vt 0.6936 0.9499
vn 0.0533 0.9305 -0.3624
v -0.1732 0.7075 2.0086
vt 0.6986 0.9499
vn -0.0148 0.9567 -0.2907
f 4825/4825/4825 4826/4826/4826 4827/4827/4827
v -0.1589 -0.0107 2.2284
vt 0.6928 0.8531
vn -0.0588 -0.9645 0.2575
v -0.1908 -0.0016 2.2406
vt 0.6936 0.8531
vn -0.1456 -0.9363 0.3196
v -0.2008 -0.0097 2.2079
vt 0.6986 0.8531
vn -0.1320 -0.9659 0.2227
f 4828/4828/4828 4829/4829/4829 4830/4830/4830
v -0.1589 -0.0107 2.2284
vt 0.6843 0.8531
vn -0.0588 -0.9645 0.2575
v -0.1486 0.0011 2.2601
vt 0.6835 0.8531
vn -0.0533 -0.9305 0.3624
v -0.1908 -0.0016 2.2406
vt 0.6936 0.8531
vn -0.1456 -0.9363 0.3196
f 4831/4831/4831 4832/4832/4832 4833/4833/4833
v -0.1589 -0.0107 2.2284
vt 0.6808 0.8531
vn -0.0588 -0.9645 0.2575
v -0.1165 -0.0044 2.2469
vt 0.6785 0.8531
vn 0.0148 -0.9567 0.2907
v -0.1486 0.0011 2.2601
vt 0.6835 0.8531
vn -0.0533 -0.9305 0.3624
f 4834/4834/4834 4835/4835/4835 4836/4836/4836
v -0.1589 -0.0107 2.2284
vt 0.6843 0.8531
vn -0.0588 -0.9645 0.2575
v -0.1265 -0.0125 2.2142
vt 0.6835 0.8531
vn 0.0287 -0.9809 0.1923
v -0.1165 -0.0044 2.2469
vt 0.6785 0.8531
vn 0.0148 -0.9567 0.2907
f 4837/4837/4837 4838/4838/4838 4839/4839/4839
v -0.1589 -0.0107 2.2284
vt 0.6928 0.8531
vn -0.0588 -0.9645 0.2575
v -0.1687 -0.0152 2.1947
vt 0.6936 0.8531
vn -0.0636 -0.9867 0.1495
v -0.1265 -0.0125 2.2142
vt 0.6835 0.8531
vn 0.0287 -0.9809 0.1923
f 4840/4840/4840 4841/4841/4841 4842/4842/4842
v -0.1589 -0.0107 2.2284
vt 0.6962 0.8531
vn -0.0588 -0.9645 0.2575
v -0.2008 -0.0097 2.2079
vt 0.6986 0.8531
vn -0.1320 -0.9659 0.2227
v -0.1687 -0.0152 2.1947
vt 0.6936 0.8531
vn -0.0636 -0.9867 0.1495
f 4843/4843/4843 4844/4844/4844 4845/4845/4845
v -0.0564 0.7148 2.0627
vt 0.6785 0.9189
vn 0.9529 -0.1724 -0.2495
v -0.0990 0.3545 2.1490
vt 0.6785 0.8625
vn 0.9554 -0.1459 -0.2568
v -0.1080 0.3473 2.1197
vt 0.6835 0.8625
vn 0.9554 -0.1456 -0.2569
v -0.0703 0.7036 2.0174
vt 0.6835 0.9189
vn 0.9529 -0.1724 -0.2495
f 4846/4846/4846 4847/4847/4847 4848/4848/4848 4849/4849/4849
v -0.0703 0.7036 2.0174
vt 0.6835 0.9189
vn 0.4171 -0.2913 -0.8609
v -0.1080 0.3473 2.1197
vt 0.6835 0.8625
vn 0.4185 -0.2713 -0.8667
v -0.1457 0.3449 2.1022
vt 0.6936 0.8625
vn 0.4185 -0.2713 -0.8667
v -0.1287 0.6999 1.9903
vt 0.6936 0.9189
vn 0.4171 -0.2913 -0.8609
f 4850/4850/4850 4851/4851/4851 4852/4852/4852 4853/4853/4853
v -0.1287 0.6999 1.9903
vt 0.6936 0.9189
vn -0.4037 -0.2574 -0.8779
v -0.1457 0.3449 2.1022
vt 0.6936 0.8625
vn -0.4024 -0.2307 -0.8859
v -0.1745 0.3498 2.1140
vt 0.6986 0.8625
vn -0.4024 -0.2310 -0.8858
v -0.1732 0.7075 2.0086
vt 0.6986 0.9189
vn -0.4037 -0.2574 -0.8779
f 4854/4854/4854 4855/4855/4855 4856/4856/4856 4857/4857/4857
v -0.1593 0.7187 2.0539
vt 0.6936 0.9189
vn -0.4212 0.2243 0.8788
v -0.1655 0.3571 2.1433
vt 0.6936 0.8625
vn -0.4202 0.2446 0.8739
v -0.1278 0.3594 2.1607
vt 0.6835 0.8625
vn -0.4202 0.2446 0.8739
v -0.1009 0.7224 2.0809
vt 0.6835 0.9189
vn -0.4212 0.2243 0.8788
f 4858/4858/4858 4859/4859/4859 4860/4860/4860 4861/4861/4861
v -0.1732 0.7075 2.0086
vt 0.6986 0.9189
vn -0.9583 0.0838 0.2732
v -0.1745 0.3498 2.1140
vt 0.6986 0.8625
vn -0.9575 0.1105 0.2663
v -0.1655 0.3571 2.1433
vt 0.6936 0.8625
vn -0.9575 0.1107 0.2662
v -0.1593 0.7187 2.0539
vt 0.6936 0.9189
vn -0.9583 0.0838 0.2732
f 4862/4862/4862 4863/4863/4863 4864/4864/4864 4865/4865/4865
v 0.0968 0.2260 2.1406
vt 0.3342 0.8275
vn 0.4194 -0.2580 -0.8704
v 0.0867 0.0606 2.1848
vt 0.3342 0.7956
vn 0.4194 -0.2580 -0.8704
v -0.2906 0.0370 2.0100
vt 0.3342 0.7956
vn 0.4194 -0.2580 -0.8704
v -0.2806 0.2024 1.9658
vt 0.3342 0.8275
vn 0.4194 -0.2580 -0.8704
f 4866/4866/4866 4867/4867/4867 4868/4868/4868 4869/4869/4869
v 0.0427 0.2819 2.3373
vt 0.3342 0.8275
vn 0.9059 0.0568 0.4197
v 0.0326 0.1164 2.3815
vt 0.3342 0.7956
vn 0.9059 0.0568 0.4197
v 0.1045 0.0722 2.2322
vt 0.3342 0.7956
vn 0.9163 -0.3678 0.1581
v 0.1146 0.2376 2.1880
vt 0.3342 0.8275
vn 0.9565 0.2911 -0.0178
f 4870/4870/4870 4871/4871/4871 4872/4872/4872 4873/4873/4873
v -0.0028 0.0789 2.3755
vt 0.3342 0.7732
vn 0.1147 -0.7370 0.6661
v -0.3801 0.0553 2.2007
vt 0.3342 0.7732
vn -0.5042 -0.7758 0.3794
v -0.3082 0.0110 2.0514
vt 0.3342 0.7732
vn -0.2177 -0.9520 -0.2152
v 0.0691 0.0347 2.2262
vt 0.3342 0.7732
vn 0.4012 -0.9132 0.0715
f 4874/4874/4874 4875/4875/4875 4876/4876/4876 4877/4877/4877
v -0.3293 0.2098 1.9824
vt 0.3342 0.8275
vn -0.6298 0.1916 -0.7527
v -0.3393 0.0444 2.0266
vt 0.3342 0.7956
vn -0.6700 -0.4673 -0.5768
v -0.4113 0.0886 2.1758
vt 0.3342 0.7956
vn -0.9565 -0.2911 0.0178
v -0.4012 0.2540 2.1317
vt 0.3342 0.8275
vn -0.9164 0.3678 -0.1581
f 4878/4878/4878 4879/4879/4879 4880/4880/4880 4881/4881/4881
v -0.3833 0.2656 2.1791
vt 0.3342 0.8275
vn -0.6566 0.5359 0.5308
v -0.3934 0.1002 2.2232
vt 0.3342 0.7956
vn -0.6967 -0.1230 0.7067
v -0.0161 0.1238 2.3980
vt 0.3342 0.7956
vn -0.0779 -0.0842 0.9934
v -0.0060 0.2892 2.3539
vt 0.3342 0.8275
vn -0.0377 0.5747 0.8175
f 4882/4882/4882 4883/4883/4883 4884/4884/4884 4885/4885/4885
v -0.2938 0.2473 1.9884
vt 0.3342 0.8812
vn -0.1147 0.7370 -0.6661
v -0.2806 0.2024 1.9658
vt 0.3342 0.8743
vn -0.0719 0.2223 -0.9723
v -0.3293 0.2098 1.9824
vt 0.3342 0.8743
vn -0.6298 0.1916 -0.7527
f 4886/4886/4886 4887/4887/4887 4888/4888/4888
v -0.2906 0.0370 2.0100
vt 0.3342 0.8112
vn -0.1261 -0.6661 -0.7351
v -0.3082 0.0110 2.0514
vt 0.3342 0.8044
vn -0.2177 -0.9520 -0.2152
v -0.3393 0.0444 2.0266
vt 0.3342 0.8112
vn -0.6700 -0.4673 -0.5768
f 4889/4889/4889 4890/4890/4890 4891/4891/4891
v -0.3657 0.2916 2.1376
vt 0.3342 0.8812
vn -0.5657 0.8245 0.0122
v -0.4012 0.2540 2.1317
vt 0.3342 0.8743
vn -0.9164 0.3678 -0.1581
v -0.3833 0.2656 2.1791
vt 0.3342 0.8743
vn -0.6566 0.5359 0.5308
f 4892/4892/4892 4893/4893/4893 4894/4894/4894
v -0.3801 0.0553 2.2007
vt 0.3342 0.8044
vn -0.5042 -0.7758 0.3794
v -0.3934 0.1002 2.2232
vt 0.3342 0.8112
vn -0.6967 -0.1230 0.7067
v -0.4113 0.0886 2.1758
vt 0.3342 0.8112
vn -0.9565 -0.2911 0.0178
f 4895/4895/4895 4896/4896/4896 4897/4897/4897
v 0.0835 0.2710 2.1631
vt 0.3342 0.8812
vn 0.5042 0.7758 -0.3794
v 0.1146 0.2376 2.1880
vt 0.3342 0.8743
vn 0.9565 0.2911 -0.0178
v 0.0968 0.2260 2.1406
vt 0.3342 0.8743
vn 0.7625 0.2746 -0.5858
f 4898/4898/4898 4899/4899/4899 4900/4900/4900
v 0.0691 0.0347 2.2262
vt 0.3342 0.8044
vn 0.4012 -0.9132 0.0715
v 0.0867 0.0606 2.1848
vt 0.3342 0.8112
vn 0.7084 -0.6138 -0.3486
v 0.1045 0.0722 2.2322
vt 0.3342 0.8112
vn 0.9163 -0.3678 0.1581
f 4901/4901/4901 4902/4902/4902 4903/4903/4903
v 0.0116 0.3152 2.3124
vt 0.3342 0.8812
vn 0.2177 0.9520 0.2152
v -0.0060 0.2892 2.3539
vt 0.3342 0.8743
vn -0.0377 0.5747 0.8175
v 0.0427 0.2819 2.3373
vt 0.3342 0.8743
vn 0.5213 0.6061 0.6007
f 4904/4904/4904 4905/4905/4905 4906/4906/4906
v -0.0028 0.0789 2.3755
vt 0.3342 0.8044
vn 0.1147 -0.7370 0.6661
v 0.0326 0.1164 2.3815
vt 0.3342 0.8112
vn 0.4671 -0.2823 0.8379
v -0.0161 0.1238 2.3980
vt 0.3342 0.8112
vn -0.0779 -0.0842 0.9934
f 4907/4907/4907 4908/4908/4908 4909/4909/4909
v -0.3657 0.2916 2.1376
vt 0.3342 0.8812
vn -0.5657 0.8245 0.0122
v -0.2938 0.2473 1.9884
vt 0.3342 0.8812
vn -0.1147 0.7370 -0.6661
v -0.3293 0.2098 1.9824
vt 0.3342 0.8743
vn -0.6298 0.1916 -0.7527
v -0.4012 0.2540 2.1317
vt 0.3342 0.8743
vn -0.9164 0.3678 -0.1581
f 4910/4910/4910 4911/4911/4911 4912/4912/4912 4913/4913/4913
v -0.2806 0.2024 1.9658
vt 0.3342 0.8587
vn -0.0719 0.2223 -0.9723
v -0.2906 0.0370 2.0100
vt 0.3342 0.8269
vn -0.1261 -0.6661 -0.7351
v -0.3393 0.0444 2.0266
vt 0.3342 0.8269
vn -0.6700 -0.4673 -0.5768
v -0.3293 0.2098 1.9824
vt 0.3342 0.8587
vn -0.6298 0.1916 -0.7527
f 4914/4914/4914 4915/4915/4915 4916/4916/4916 4917/4917/4917
v -0.3082 0.0110 2.0514
vt 0.3342 0.8044
vn -0.2177 -0.9520 -0.2152
v -0.3801 0.0553 2.2007
vt 0.3342 0.8044
vn -0.5042 -0.7758 0.3794
v -0.4113 0.0886 2.1758
vt 0.3342 0.8112
vn -0.9565 -0.2911 0.0178
v -0.3393 0.0444 2.0266
vt 0.3342 0.8112
vn -0.6700 -0.4673 -0.5768
f 4918/4918/4918 4919/4919/4919 4920/4920/4920 4921/4921/4921
v -0.3934 0.1002 2.2232
vt 0.3342 0.8269
vn -0.6967 -0.1230 0.7067
v -0.3833 0.2656 2.1791
vt 0.3342 0.8587
vn -0.6566 0.5359 0.5308
v -0.4012 0.2540 2.1317
vt 0.3342 0.8587
vn -0.9164 0.3678 -0.1581
v -0.4113 0.0886 2.1758
vt 0.3342 0.8269
vn -0.9565 -0.2911 0.0178
f 4922/4922/4922 4923/4923/4923 4924/4924/4924 4925/4925/4925
v 0.0116 0.3152 2.3124
vt 0.3342 0.8812
vn 0.2177 0.9520 0.2152
v -0.3657 0.2916 2.1376
vt 0.3342 0.8812
vn -0.5657 0.8245 0.0122
v -0.3833 0.2656 2.1791
vt 0.3342 0.8743
vn -0.6566 0.5359 0.5308
v -0.0060 0.2892 2.3539
vt 0.3342 0.8743
vn -0.0377 0.5747 0.8175
f 4926/4926/4926 4927/4927/4927 4928/4928/4928 4929/4929/4929
v -0.3801 0.0553 2.2007
vt 0.3342 0.8044
vn -0.5042 -0.7758 0.3794
v -0.0028 0.0789 2.3755
vt 0.3342 0.8044
vn 0.1147 -0.7370 0.6661
v -0.0161 0.1238 2.3980
vt 0.3342 0.8112
vn -0.0779 -0.0842 0.9934
v -0.3934 0.1002 2.2232
vt 0.3342 0.8112
vn -0.6967 -0.1230 0.7067
f 4930/4930/4930 4931/4931/4931 4932/4932/4932 4933/4933/4933
v 0.0326 0.1164 2.3815
vt 0.3342 0.8269
vn 0.4671 -0.2823 0.8379
v 0.0427 0.2819 2.3373
vt 0.3342 0.8587
vn 0.5213 0.6061 0.6007
v -0.0060 0.2892 2.3539
vt 0.3342 0.8587
vn -0.0377 0.5747 0.8175
v -0.0161 0.1238 2.3980
vt 0.3342 0.8269
vn -0.0779 -0.0842 0.9934
f 4934/4934/4934 4935/4935/4935 4936/4936/4936 4937/4937/4937
v 0.0835 0.2710 2.1631
vt 0.3342 0.8812
vn 0.5042 0.7758 -0.3794
v 0.0116 0.3152 2.3124
vt 0.3342 0.8812
vn 0.2177 0.9520 0.2152
v 0.0427 0.2819 2.3373
vt 0.3342 0.8743
vn 0.5213 0.6061 0.6007
v 0.1146 0.2376 2.1880
vt 0.3342 0.8743
vn 0.9565 0.2911 -0.0178
f 4938/4938/4938 4939/4939/4939 4940/4940/4940 4941/4941/4941
v -0.0028 0.0789 2.3755
vt 0.3342 0.8044
vn 0.1147 -0.7370 0.6661
v 0.0691 0.0347 2.2262
vt 0.3342 0.8044
vn 0.4012 -0.9132 0.0715
v 0.1045 0.0722 2.2322
vt 0.3342 0.8112
vn 0.9163 -0.3678 0.1581
v 0.0326 0.1164 2.3815
vt 0.3342 0.8112
vn 0.4671 -0.2823 0.8379
f 4942/4942/4942 4943/4943/4943 4944/4944/4944 4945/4945/4945
v 0.0867 0.0606 2.1848
vt 0.3342 0.8269
vn 0.7084 -0.6138 -0.3486
v 0.0968 0.2260 2.1406
vt 0.3342 0.8587
vn 0.7625 0.2746 -0.5858
v 0.1146 0.2376 2.1880
vt 0.3342 0.8587
vn 0.9565 0.2911 -0.0178
v 0.1045 0.0722 2.2322
vt 0.3342 0.8269
vn 0.9163 -0.3678 0.1581
f 4946/4946/4946 4947/4947/4947 4948/4948/4948 4949/4949/4949
v -0.2938 0.2473 1.9884
vt 0.3342 0.8812
vn -0.1147 0.7370 -0.6661
v 0.0835 0.2710 2.1631
vt 0.3342 0.8812
vn 0.5042 0.7758 -0.3794
v 0.0968 0.2260 2.1406
vt 0.3342 0.8743
vn 0.7625 0.2746 -0.5858
v -0.2806 0.2024 1.9658
vt 0.3342 0.8743
vn -0.0719 0.2223 -0.9723
f 4950/4950/4950 4951/4951/4951 4952/4952/4952 4953/4953/4953
v 0.0691 0.0347 2.2262
vt 0.3342 0.8044
vn 0.4012 -0.9132 0.0715
v -0.3082 0.0110 2.0514
vt 0.3342 0.8044
vn -0.2177 -0.9520 -0.2152
v -0.2906 0.0370 2.0100
vt 0.3342 0.8112
vn -0.1261 -0.6661 -0.7351
v 0.0867 0.0606 2.1848
vt 0.3342 0.8112
vn 0.7084 -0.6138 -0.3486
f 4954/4954/4954 4955/4955/4955 4956/4956/4956 4957/4957/4957
v -0.3657 0.2916 2.1376
vt 0.3342 0.8499
vn 0.0588 0.9645 -0.2575
v 0.0116 0.3152 2.3124
vt 0.3342 0.8499
vn 0.2177 0.9520 0.2152
v 0.0835 0.2710 2.1631
vt 0.3342 0.8499
vn 0.5042 0.7758 -0.3794
v -0.2938 0.2473 1.9884
vt 0.3342 0.8499
vn -0.1147 0.7370 -0.6661
f 4958/4958/4958 4959/4959/4959 4960/4960/4960 4961/4961/4961
v -1.0510 0.0674 0.6850
vt 0.7827 0.8487
vn -0.9984 0.0000 -0.0570
v -1.0790 0.0674 1.1742
vt 0.7827 0.8487
vn -0.9984 0.0000 -0.0570
v -1.0748 0.1225 1.1008
vt 0.7827 0.8537
vn -0.9984 0.0000 -0.0570
v -1.0552 0.1225 0.7584
vt 0.7827 0.8537
vn -0.9984 0.0000 -0.0570
f 4962/4962/4962 4963/4963/4963 4964/4964/4964 4965/4965/4965
v -0.1460 0.0674 0.7368
vt 0.8424 0.8487
vn 0.0570 0.0000 -0.9984
v -0.1460 -0.0000 0.7368
vt 0.8424 0.8427
vn 0.0570 0.0000 -0.9984
v -0.3172 -0.0000 0.7270
vt 0.8269 0.8427
vn 0.0570 0.0000 -0.9984
v -0.3172 0.0674 0.7270
vt 0.8269 0.8487
vn 0.0570 0.0000 -0.9984
f 4966/4966/4966 4967/4967/4967 4968/4968/4968 4969/4969/4969
v -0.9078 -0.0000 1.1840
vt 0.7982 0.8427
vn -0.0570 0.0000 0.9984
v -0.9078 0.0674 1.1840
vt 0.7982 0.8487
vn -0.0570 0.0000 0.9984
v -1.0790 0.0674 1.1742
vt 0.7827 0.8487
vn -0.0570 0.0000 0.9984
v -1.0790 -0.0000 1.1742
vt 0.7827 0.8427
vn -0.0570 0.0000 0.9984
f 4970/4970/4970 4971/4971/4971 4972/4972/4972 4973/4973/4973
v -1.0552 0.1225 0.7584
vt 0.7827 0.8850
vn 0.0180 0.9487 -0.3157
v -1.0748 0.1225 1.1008
vt 0.7827 0.8850
vn -0.0180 0.9487 0.3157
v -0.9036 0.1225 1.1106
vt 0.7982 0.8850
vn -0.0180 0.9487 0.3157
v -0.8840 0.1225 0.7681
vt 0.7982 0.8850
vn 0.0180 0.9487 -0.3157
f 4974/4974/4974 4975/4975/4975 4976/4976/4976 4977/4977/4977
v -0.8798 0.0674 0.6948
vt 0.7982 0.8487
vn 0.9984 0.0000 0.0570
v -0.8840 0.1225 0.7681
vt 0.7982 0.8537
vn 0.9984 0.0000 0.0570
v -0.9036 0.1225 1.1106
vt 0.7982 0.8537
vn 0.9984 0.0000 0.0570
v -0.9078 0.0674 1.1840
vt 0.7982 0.8487
vn 0.9984 0.0000 0.0570
f 4978/4978/4978 4979/4979/4979 4980/4980/4980 4981/4981/4981
v -0.3172 0.0674 0.7270
vt 0.8269 0.8487
vn -0.9984 0.0000 -0.0570
v -0.3452 0.0674 1.2162
vt 0.8269 0.8487
vn -0.9984 0.0000 -0.0570
v -0.3410 0.1225 1.1428
vt 0.8269 0.8537
vn -0.9984 0.0000 -0.0570
v -0.3214 0.1225 0.8004
vt 0.8269 0.8537
vn -0.9984 0.0000 -0.0570
f 4982/4982/4982 4983/4983/4983 4984/4984/4984 4985/4985/4985
v -0.1740 -0.0000 1.2260
vt 0.8424 0.8427
vn -0.0570 0.0000 0.9984
v -0.1740 0.0674 1.2260
vt 0.8424 0.8487
vn -0.0570 0.0000 0.9984
v -0.3452 0.0674 1.2162
vt 0.8269 0.8487
vn -0.0570 0.0000 0.9984
v -0.3452 -0.0000 1.2162
vt 0.8269 0.8427
vn -0.0570 0.0000 0.9984
f 4986/4986/4986 4987/4987/4987 4988/4988/4988 4989/4989/4989
v -0.3214 0.1225 0.8004
vt 0.8269 0.8850
vn 0.0180 0.9487 -0.3157
v -0.3410 0.1225 1.1428
vt 0.8269 0.8850
vn -0.0180 0.9487 0.3157
v -0.1698 0.1225 1.1526
vt 0.8424 0.8850
vn -0.0180 0.9487 0.3157
v -0.1502 0.1225 0.8101
vt 0.8424 0.8850
vn 0.0180 0.9487 -0.3157
f 4990/4990/4990 4991/4991/4991 4992/4992/4992 4993/4993/4993
v -0.1460 0.0674 0.7368
vt 0.8424 0.8487
vn 0.9984 0.0000 0.0570
v -0.1502 0.1225 0.8101
vt 0.8424 0.8537
vn 0.9984 0.0000 0.0570
v -0.1698 0.1225 1.1526
vt 0.8424 0.8537
vn 0.9984 0.0000 0.0570
v -0.1740 0.0674 1.2260
vt 0.8424 0.8487
vn 0.9984 0.0000 0.0570
f 4994/4994/4994 4995/4995/4995 4996/4996/4996 4997/4997/4997
v -0.9198 0.3741 0.9650
vt 0.7960 0.9077
vn 0.0099 0.9848 -0.1734
v -0.3083 0.3741 1.0000
vt 0.8291 0.9077
vn 0.0099 0.9848 -0.1734
v -0.3028 0.3571 0.9036
vt 0.8291 0.9061
vn 0.0099 0.9848 -0.1734
v -0.9143 0.3571 0.8687
vt 0.7960 0.9061
vn 0.0099 0.9848 -0.1734
f 4998/4998/4998 4999/4999/4999 5000/5000/5000 5001/5001/5001
v -0.9143 0.3571 0.8687
vt 0.7960 0.8749
vn 0.0562 -0.1736 -0.9832
v -0.3028 0.3571 0.9036
vt 0.8291 0.8749
vn 0.0562 -0.1736 -0.9832
v -0.3040 0.2365 0.9249
vt 0.8291 0.8640
vn 0.0562 -0.1736 -0.9832
v -0.9155 0.2365 0.8899
vt 0.7960 0.8640
vn 0.0562 -0.1736 -0.9832
f 5002/5002/5002 5003/5003/5003 5004/5004/5004 5005/5005/5005
v -0.9155 0.2365 0.8899
vt 0.7960 0.8327
vn -0.0099 -0.9848 0.1734
v -0.3040 0.2365 0.9249
vt 0.8291 0.8327
vn -0.0099 -0.9848 0.1734
v -0.3095 0.2535 1.0212
vt 0.8291 0.8343
vn -0.0099 -0.9848 0.1734
v -0.9210 0.2535 0.9863
vt 0.7960 0.8343
vn -0.0099 -0.9848 0.1734
f 5006/5006/5006 5007/5007/5007 5008/5008/5008 5009/5009/5009
v -0.9210 0.2535 0.9863
vt 0.7960 0.8655
vn -0.0562 0.1736 0.9832
v -0.3095 0.2535 1.0212
vt 0.8291 0.8655
vn -0.0562 0.1736 0.9832
v -0.3083 0.3741 1.0000
vt 0.8291 0.8764
vn -0.0562 0.1736 0.9832
v -0.9198 0.3741 0.9650
vt 0.7960 0.8764
vn -0.0562 0.1736 0.9832
f 5010/5010/5010 5011/5011/5011 5012/5012/5012 5013/5013/5013
v -1.0383 0.1139 0.8921
vt 0.7849 0.8529
vn 0.0562 -0.1736 -0.9832
v -1.0323 0.7171 0.7859
vt 0.7849 0.9073
vn 0.0562 -0.1736 -0.9832
v -0.9100 0.7171 0.7929
vt 0.7960 0.9073
vn 0.0562 -0.1736 -0.9832
v -0.9160 0.1139 0.8991
vt 0.7960 0.8529
vn 0.0562 -0.1736 -0.9832
f 5014/5014/5014 5015/5015/5015 5016/5016/5016 5017/5017/5017
v -0.9160 0.1139 0.8991
vt 0.7960 0.8373
vn 0.9984 0.0000 0.0570
v -0.9100 0.7171 0.7929
vt 0.7960 0.8917
vn 0.9984 0.0000 0.0570
v -0.9168 0.7138 0.9134
vt 0.7960 0.8914
vn 0.9984 0.0000 0.0570
v -0.9229 0.1106 1.0196
vt 0.7960 0.8370
vn 0.9984 0.0000 0.0570
f 5018/5018/5018 5019/5019/5019 5020/5020/5020 5021/5021/5021
v -0.9229 0.1106 1.0196
vt 0.7960 0.8526
vn -0.0562 0.1736 0.9832
v -0.9168 0.7138 0.9134
vt 0.7960 0.9070
vn -0.0562 0.1736 0.9832
v -1.0391 0.7138 0.9064
vt 0.7849 0.9070
vn -0.0562 0.1736 0.9832
v -1.0452 0.1106 1.0126
vt 0.7849 0.8526
vn -0.0562 0.1736 0.9832
f 5022/5022/5022 5023/5023/5023 5024/5024/5024 5025/5025/5025
v -1.0452 0.1106 1.0126
vt 0.7849 0.8370
vn -0.9984 0.0000 -0.0570
v -1.0391 0.7138 0.9064
vt 0.7849 0.8914
vn -0.9984 0.0000 -0.0570
v -1.0323 0.7171 0.7859
vt 0.7849 0.8917
vn -0.9984 0.0000 -0.0570
v -1.0383 0.1139 0.8921
vt 0.7849 0.8373
vn -0.9984 0.0000 -0.0570
f 5026/5026/5026 5027/5027/5027 5028/5028/5028 5029/5029/5029
v -0.9168 0.7138 0.9134
vt 0.7960 0.9383
vn -0.0015 0.9996 0.0267
v -0.9100 0.7171 0.7929
vt 0.7960 0.9386
vn -0.0015 0.9996 0.0267
v -1.0323 0.7171 0.7859
vt 0.7849 0.9386
vn -0.0015 0.9996 0.0267
v -1.0391 0.7138 0.9064
vt 0.7849 0.9383
vn -0.0015 0.9996 0.0267
f 5030/5030/5030 5031/5031/5031 5032/5032/5032 5033/5033/5033
v -0.3045 0.1139 0.9340
vt 0.8291 0.8529
vn 0.0562 -0.1736 -0.9832
v -0.2985 0.7171 0.8279
vt 0.8291 0.9073
vn 0.0562 -0.1736 -0.9832
v -0.1762 0.7171 0.8348
vt 0.8402 0.9073
vn 0.0562 -0.1736 -0.9832
v -0.1822 0.1139 0.9410
vt 0.8402 0.8529
vn 0.0562 -0.1736 -0.9832
f 5034/5034/5034 5035/5035/5035 5036/5036/5036 5037/5037/5037
v -0.1822 0.1139 0.9410
vt 0.8402 0.8373
vn 0.9984 0.0000 0.0570
v -0.1762 0.7171 0.8348
vt 0.8402 0.8917
vn 0.9984 0.0000 0.0570
v -0.1830 0.7138 0.9553
vt 0.8402 0.8914
vn 0.9984 0.0000 0.0570
v -0.1891 0.1106 1.0615
vt 0.8402 0.8370
vn 0.9984 0.0000 0.0570
f 5038/5038/5038 5039/5039/5039 5040/5040/5040 5041/5041/5041
v -0.1891 0.1106 1.0615
vt 0.8402 0.8526
vn -0.0562 0.1736 0.9832
v -0.1830 0.7138 0.9553
vt 0.8402 0.9070
vn -0.0562 0.1736 0.9832
v -0.3053 0.7138 0.9483
vt 0.8291 0.9070
vn -0.0562 0.1736 0.9832
v -0.3114 0.1106 1.0545
vt 0.8291 0.8526
vn -0.0562 0.1736 0.9832
f 5042/5042/5042 5043/5043/5043 5044/5044/5044 5045/5045/5045
v -0.3114 0.1106 1.0545
vt 0.8291 0.8370
vn -0.9984 0.0000 -0.0570
v -0.3053 0.7138 0.9483
vt 0.8291 0.8914
vn -0.9984 0.0000 -0.0570
v -0.2985 0.7171 0.8279
vt 0.8291 0.8917
vn -0.9984 0.0000 -0.0570
v -0.3045 0.1139 0.9340
vt 0.8291 0.8373
vn -0.9984 0.0000 -0.0570
f 5046/5046/5046 5047/5047/5047 5048/5048/5048 5049/5049/5049
v -0.1830 0.7138 0.9553
vt 0.8402 0.9383
vn -0.0015 0.9996 0.0267
v -0.1762 0.7171 0.8348
vt 0.8402 0.9386
vn -0.0015 0.9996 0.0267
v -0.2985 0.7171 0.8279
vt 0.8291 0.9386
vn -0.0015 0.9996 0.0267
v -0.3053 0.7138 0.9483
vt 0.8291 0.9383
vn -0.0015 0.9996 0.0267
f 5050/5050/5050 5051/5051/5051 5052/5052/5052 5053/5053/5053
v -0.9174 0.6154 0.9226
vt 0.7960 0.9294
vn 0.0099 0.9848 -0.1734
v -0.3059 0.6154 0.9575
vt 0.8291 0.9294
vn 0.0099 0.9848 -0.1734
v -0.3004 0.5984 0.8612
vt 0.8291 0.9279
vn 0.0099 0.9848 -0.1734
v -0.9119 0.5984 0.8262
vt 0.7960 0.9279
vn 0.0099 0.9848 -0.1734
f 5054/5054/5054 5055/5055/5055 5056/5056/5056 5057/5057/5057
v -0.9119 0.5984 0.8262
vt 0.7960 0.8966
vn 0.0562 -0.1736 -0.9832
v -0.3004 0.5984 0.8612
vt 0.8291 0.8966
vn 0.0562 -0.1736 -0.9832
v -0.3016 0.4778 0.8824
vt 0.8291 0.8858
vn 0.0562 -0.1736 -0.9832
v -0.9131 0.4778 0.8475
vt 0.7960 0.8858
vn 0.0562 -0.1736 -0.9832
f 5058/5058/5058 5059/5059/5059 5060/5060/5060 5061/5061/5061
v -0.9131 0.4778 0.8475
vt 0.7960 0.8545
vn -0.0099 -0.9848 0.1734
v -0.3016 0.4778 0.8824
vt 0.8291 0.8545
vn -0.0099 -0.9848 0.1734
v -0.3071 0.4948 0.9787
vt 0.8291 0.8560
vn -0.0099 -0.9848 0.1734
v -0.9186 0.4948 0.9438
vt 0.7960 0.8560
vn -0.0099 -0.9848 0.1734
f 5062/5062/5062 5063/5063/5063 5064/5064/5064 5065/5065/5065
v -0.9186 0.4948 0.9438
vt 0.7960 0.8873
vn -0.0562 0.1736 0.9832
v -0.3071 0.4948 0.9787
vt 0.8291 0.8873
vn -0.0562 0.1736 0.9832
v -0.3059 0.6154 0.9575
vt 0.8291 0.8982
vn -0.0562 0.1736 0.9832
v -0.9174 0.6154 0.9226
vt 0.7960 0.8982
vn -0.0562 0.1736 0.9832
f 5066/5066/5066 5067/5067/5067 5068/5068/5068 5069/5069/5069
v -0.8798 0.0674 0.6948
vt 0.7982 0.8644
vn 0.0342 0.8000 -0.5990
v -1.0510 0.0674 0.6850
vt 0.7827 0.8644
vn 0.0342 0.8000 -0.5990
v -1.0552 0.1225 0.7584
vt 0.7827 0.8693
vn 0.0180 0.9487 -0.3157
v -0.8840 0.1225 0.7681
vt 0.7982 0.8693
vn 0.0180 0.9487 -0.3157
f 5070/5070/5070 5071/5071/5071 5072/5072/5072 5073/5073/5073
v -1.0790 0.0674 1.1742
vt 0.7827 0.8644
vn -0.0342 0.8000 0.5990
v -0.9078 0.0674 1.1840
vt 0.7982 0.8644
vn -0.0342 0.8000 0.5990
v -0.9036 0.1225 1.1106
vt 0.7982 0.8693
vn -0.0180 0.9487 0.3157
v -1.0748 0.1225 1.1008
vt 0.7827 0.8693
vn -0.0180 0.9487 0.3157
f 5074/5074/5074 5075/5075/5075 5076/5076/5076 5077/5077/5077
v -0.1460 0.0674 0.7368
vt 0.8424 0.8644
vn 0.0342 0.8000 -0.5990
v -0.3172 0.0674 0.7270
vt 0.8269 0.8644
vn 0.0342 0.8000 -0.5990
v -0.3214 0.1225 0.8004
vt 0.8269 0.8693
vn 0.0180 0.9487 -0.3157
v -0.1502 0.1225 0.8101
vt 0.8424 0.8693
vn 0.0180 0.9487 -0.3157
f 5078/5078/5078 5079/5079/5079 5080/5080/5080 5081/5081/5081
v -0.3452 0.0674 1.2162
vt 0.8269 0.8644
vn -0.0342 0.8000 0.5990
v -0.1740 0.0674 1.2260
vt 0.8424 0.8644
vn -0.0342 0.8000 0.5990
v -0.1698 0.1225 1.1526
vt 0.8424 0.8693
vn -0.0180 0.9487 0.3157
v -0.3410 0.1225 1.1428
vt 0.8269 0.8693
vn -0.0180 0.9487 0.3157
f 5082/5082/5082 5083/5083/5083 5084/5084/5084 5085/5085/5085
v -0.8798 0.0674 0.6948
vt 0.7982 0.8487
vn 0.0570 0.0000 -0.9984
v -0.8798 -0.0000 0.6948
vt 0.7982 0.8427
vn 0.0570 0.0000 -0.9984
v -1.0510 -0.0000 0.6850
vt 0.7827 0.8427
vn 0.0570 0.0000 -0.9984
v -1.0510 0.0674 0.6850
vt 0.7827 0.8487
vn 0.0570 0.0000 -0.9984
f 5086/5086/5086 5087/5087/5087 5088/5088/5088 5089/5089/5089
v -0.1460 -0.0000 0.7368
vt 0.8424 0.8427
vn -0.0000 -1.0000 0.0000
v -0.1740 -0.0000 1.2260
vt 0.8424 0.8427
vn -0.0000 -1.0000 0.0000
v -0.3452 -0.0000 1.2162
vt 0.8269 0.8427
vn -0.0000 -1.0000 0.0000
v -0.3172 -0.0000 0.7270
vt 0.8269 0.8427
vn -0.0000 -1.0000 0.0000
f 5090/5090/5090 5091/5091/5091 5092/5092/5092 5093/5093/5093
v -0.8798 -0.0000 0.6948
vt 0.7982 0.8427
vn -0.0000 -1.0000 0.0000
v -0.9078 -0.0000 1.1840
vt 0.7982 0.8427
vn -0.0000 -1.0000 0.0000
v -1.0790 -0.0000 1.1742
vt 0.7827 0.8427
vn -0.0000 -1.0000 0.0000
v -1.0510 -0.0000 0.6850
vt 0.7827 0.8427
vn -0.0000 -1.0000 0.0000
f 5094/5094/5094 5095/5095/5095 5096/5096/5096 5097/5097/5097
v -1.0510 -0.0000 0.6850
vt 0.7827 0.8427
vn -0.9984 0.0000 -0.0570
v -1.0790 -0.0000 1.1742
vt 0.7827 0.8427
vn -0.9984 0.0000 -0.0570
v -1.0790 0.0674 1.1742
vt 0.7827 0.8487
vn -0.9984 0.0000 -0.0570
v -1.0510 0.0674 0.6850
vt 0.7827 0.8487
vn -0.9984 0.0000 -0.0570
f 5098/5098/5098 5099/5099/5099 5100/5100/5100 5101/5101/5101
v -0.3172 -0.0000 0.7270
vt 0.8269 0.8427
vn -0.9984 0.0000 -0.0570
v -0.3452 -0.0000 1.2162
vt 0.8269 0.8427
vn -0.9984 0.0000 -0.0570
v -0.3452 0.0674 1.2162
vt 0.8269 0.8487
vn -0.9984 0.0000 -0.0570
v -0.3172 0.0674 0.7270
vt 0.8269 0.8487
vn -0.9984 0.0000 -0.0570
f 5102/5102/5102 5103/5103/5103 5104/5104/5104 5105/5105/5105
v -0.8798 -0.0000 0.6948
vt 0.7982 0.8427
vn 0.9984 0.0000 0.0570
v -0.8798 0.0674 0.6948
vt 0.7982 0.8487
vn 0.9984 0.0000 0.0570
v -0.9078 0.0674 1.1840
vt 0.7982 0.8487
vn 0.9984 0.0000 0.0570
v -0.9078 -0.0000 1.1840
vt 0.7982 0.8427
vn 0.9984 0.0000 0.0570
f 5106/5106/5106 5107/5107/5107 5108/5108/5108 5109/5109/5109
v -0.1460 -0.0000 0.7368
vt 0.8424 0.8427
vn 0.9984 0.0000 0.0570
v -0.1460 0.0674 0.7368
vt 0.8424 0.8487
vn 0.9984 0.0000 0.0570
v -0.1740 0.0674 1.2260
vt 0.8424 0.8487
vn 0.9984 0.0000 0.0570
v -0.1740 -0.0000 1.2260
vt 0.8424 0.8427
vn 0.9984 0.0000 0.0570
f 5110/5110/5110 5111/5111/5111 5112/5112/5112 5113/5113/5113
v 0.2744 0.3155 1.6028
vt 0.4326 0.8530
vn 0.4171 -0.2079 -0.8848
v -0.2240 0.3155 1.4842
vt 0.4081 0.8530
vn 0.0704 -0.0865 -0.9938
v 0.1747 0.6084 1.4870
vt 0.4277 0.8717
vn 0.3013 -0.1816 -0.9361
f 5114/5114/5114 5115/5115/5115 5116/5116/5116
v -0.3429 0.5442 1.7561
vt 0.4023 0.9145
vn 0.0146 0.9999 0.0035
v -0.3115 0.5442 1.6240
vt 0.4038 0.9145
vn 0.0146 0.9999 0.0035
v -0.4367 0.5462 1.5942
vt 0.3976 0.9146
vn 0.0163 0.9999 0.0039
v -0.4681 0.5462 1.7264
vt 0.3961 0.9146
vn 0.0163 0.9999 0.0039
f 5117/5117/5117 5118/5118/5118 5119/5119/5119 5120/5120/5120
