# The Giants of Holst prop, from CC0 kits by KayKit (Kay Lousberg) and Kenney
v 0.7350 0.2450 1.5925
vt 0.8297 0.8148
vn 1.0000 -0.0000 -0.0000
v 0.7350 1.1760 1.5925
vt 0.8297 0.8316
vn 1.0000 -0.0000 -0.0000
v 0.7350 1.1760 1.8375
vt 0.8297 0.8316
vn 1.0000 -0.0000 -0.0000
v 0.7350 0.2450 1.8375
vt 0.8297 0.8148
vn 1.0000 -0.0000 -0.0000
f 1/1/1 2/2/2 3/3/3 4/4/4
v 0.4900 1.1760 1.8375
vt 0.8028 0.8004
vn 0.0000 -0.9285 0.3714
v 0.7350 1.1760 1.8375
vt 0.8028 0.8004
vn 0.1925 -0.9623 0.1925
v 0.8575 1.2250 1.9600
vt 0.8028 0.8013
vn 0.1925 -0.9623 0.1925
f 5/5/5 6/6/6 7/7/7
v 0.4900 1.1760 1.8375
vt 0.8297 0.8316
vn 0.0000 -0.0000 1.0000
v 0.4900 0.2450 1.8375
vt 0.8297 0.8148
vn 0.0000 -0.0000 1.0000
v 0.7350 0.2450 1.8375
vt 0.8297 0.8148
vn 0.0000 -0.0000 1.0000
v 0.7350 1.1760 1.8375
vt 0.8297 0.8316
vn 0.0000 -0.0000 1.0000
f 8/8/8 9/9/9 10/10/10 11/11/11
v 0.7350 1.1760 1.8375
vt 0.8028 0.8004
vn 0.1925 -0.9623 0.1925
v 0.7350 1.1760 1.5925
vt 0.8028 0.8004
vn 0.3714 -0.9285 -0.0000
v 0.8575 1.2250 1.9600
vt 0.8028 0.8013
vn 0.1925 -0.9623 0.1925
f 12/12/12 13/13/13 14/14/14
v 0.8575 1.4700 1.2250
vt 0.8297 0.8370
vn 1.0000 -0.0000 -0.0000
v 0.8575 1.4700 1.9600
vt 0.8297 0.8370
vn 1.0000 -0.0000 -0.0000
v 0.8575 1.2250 1.9600
vt 0.8297 0.8325
vn 1.0000 -0.0000 -0.0000
v 0.8575 1.2250 1.2250
vt 0.8297 0.8325
vn 1.0000 -0.0000 -0.0000
f 15/15/15 16/16/16 17/17/17 18/18/18
v 0.7350 0.2450 1.2250
vt 0.1582 0.7971
vn 1.0000 -0.0000 -0.0000
v 0.7350 1.1760 1.2250
vt 0.1582 0.9194
vn 1.0000 -0.0000 -0.0000
v 0.7350 1.1760 1.5925
vt 0.1582 0.9194
vn 1.0000 -0.0000 -0.0000
v 0.7350 0.2450 1.5925
vt 0.1582 0.7971
vn 1.0000 -0.0000 -0.0000
f 19/19/19 20/20/20 21/21/21 22/22/22
v 0.7350 1.1760 1.5925
vt 0.8028 0.8004
vn 0.3714 -0.9285 -0.0000
v 0.7350 1.1760 1.2250
vt 0.8028 0.8004
vn 0.3714 -0.9285 -0.0000
v 0.8575 1.2250 1.2250
vt 0.8028 0.8013
vn 0.3714 -0.9285 -0.0000
v 0.8575 1.2250 1.9600
vt 0.8028 0.8013
vn 0.1925 -0.9623 0.1925
f 23/23/23 24/24/24 25/25/25 26/26/26
v -0.8575 1.2250 1.9600
vt 0.8028 0.8013
vn -0.1925 -0.9623 0.1924
v -0.4900 1.1760 1.8375
vt 0.8028 0.8004
vn 0.0000 -0.9285 0.3714
v 0.4900 1.1760 1.8375
vt 0.8028 0.8004
vn 0.0000 -0.9285 0.3714
v 0.8575 1.2250 1.9600
vt 0.8028 0.8013
vn 0.1925 -0.9623 0.1925
f 27/27/27 28/28/28 29/29/29 30/30/30
v -0.4900 1.1760 1.8375
vt 0.1862 0.9506
vn 0.0000 -0.0000 1.0000
v -0.4900 0.2450 1.8375
vt 0.1862 0.8284
vn 0.0000 -0.0000 1.0000
v 0.4900 0.2450 1.8375
vt 0.1888 0.8284
vn 0.0000 -0.0000 1.0000
v 0.4900 1.1760 1.8375
vt 0.1888 0.9506
vn 0.0000 -0.0000 1.0000
f 31/31/31 32/32/32 33/33/33 34/34/34
v 0.4900 0.2450 1.8375
vt 0.3003 0.8265
vn -1.0000 0.0000 0.0000
v 0.4900 0.0000 1.8375
vt 0.3003 0.8248
vn -1.0000 0.0000 0.0000
v 0.4900 0.0000 1.9600
vt 0.3003 0.8248
vn -1.0000 0.0000 0.0000
v 0.4900 0.1960 1.9600
vt 0.3003 0.8261
vn -1.0000 0.0000 0.0000
f 35/35/35 36/36/36 37/37/37 38/38/38
v 0.7350 0.0000 1.8375
vt 0.3003 0.8248
vn 0.0000 -1.0000 -0.0000
v 0.7350 0.0000 1.5925
vt 0.3003 0.8248
vn 0.0000 -1.0000 -0.0000
v 0.8575 0.0000 1.5925
vt 0.3003 0.8248
vn 0.0000 -1.0000 -0.0000
v 0.8575 0.0000 1.9600
vt 0.3003 0.8248
vn 0.0000 -1.0000 -0.0000
f 39/39/39 40/40/40 41/41/41 42/42/42
v 0.7350 0.0000 1.2250
vt 0.8297 0.8103
vn 1.0000 -0.0000 -0.0000
v 0.7350 0.2450 1.2250
vt 0.8297 0.8148
vn 1.0000 -0.0000 -0.0000
v 0.7350 0.2450 1.5925
vt 0.8297 0.8148
vn 1.0000 -0.0000 -0.0000
v 0.7350 0.0000 1.5925
vt 0.8297 0.8103
vn 1.0000 -0.0000 -0.0000
f 43/43/43 44/44/44 45/45/45 46/46/46
v 0.8575 0.0000 1.5925
vt 0.3003 0.8248
vn 1.0000 -0.0000 -0.0000
v 0.8575 0.1960 1.5925
vt 0.3003 0.8261
vn 1.0000 -0.0000 -0.0000
v 0.8575 0.1960 1.9600
vt 0.3003 0.8261
vn 1.0000 -0.0000 -0.0000
v 0.8575 0.0000 1.9600
vt 0.3003 0.8248
vn 1.0000 -0.0000 -0.0000
f 47/47/47 48/48/48 49/49/49 50/50/50
v 0.8575 0.1960 1.9600
vt 0.3003 0.8261
vn 0.0000 -0.0000 1.0000
v 0.4900 0.1960 1.9600
vt 0.3003 0.8261
vn 0.0000 -0.0000 1.0000
v 0.4900 0.0000 1.9600
vt 0.3003 0.8248
vn 0.0000 -0.0000 1.0000
v 0.8575 0.0000 1.9600
vt 0.3003 0.8248
vn 0.0000 -0.0000 1.0000
f 51/51/51 52/52/52 53/53/53 54/54/54
v 0.4900 0.0000 1.8375
vt 0.3003 0.8248
vn 0.0000 -1.0000 -0.0000
v 0.7350 0.0000 1.8375
vt 0.3003 0.8248
vn 0.0000 -1.0000 -0.0000
v 0.8575 0.0000 1.9600
vt 0.3003 0.8248
vn 0.0000 -1.0000 -0.0000
v 0.4900 0.0000 1.9600
vt 0.3003 0.8248
vn 0.0000 -1.0000 -0.0000
f 55/55/55 56/56/56 57/57/57 58/58/58
v 0.7350 0.0000 1.5925
vt 0.3003 0.8248
vn -0.0000 0.0000 -1.0000
v 0.7350 0.2450 1.5925
vt 0.3003 0.8265
vn -0.0000 0.0000 -1.0000
v 0.8575 0.1960 1.5925
vt 0.3003 0.8261
vn -0.0000 0.0000 -1.0000
v 0.8575 0.0000 1.5925
vt 0.3003 0.8248
vn -0.0000 0.0000 -1.0000
f 59/59/59 60/60/60 61/61/61 62/62/62
v 0.7350 0.2450 1.5925
vt 0.3159 0.8577
vn 0.3713 0.9285 0.0000
v 0.7350 0.2450 1.8375
vt 0.3159 0.8577
vn 0.1924 0.9623 0.1924
v 0.8575 0.1960 1.9600
vt 0.3159 0.8574
vn 0.1924 0.9623 0.1924
v 0.8575 0.1960 1.5925
vt 0.3159 0.8574
vn 0.3713 0.9285 0.0000
f 63/63/63 64/64/64 65/65/65 66/66/66
v 0.7350 0.2450 1.8375
vt 0.3159 0.8577
vn 0.1924 0.9623 0.1924
v 0.4900 0.2450 1.8375
vt 0.3159 0.8577
vn 0.0000 0.9285 0.3713
v 0.4900 0.1960 1.9600
vt 0.3159 0.8574
vn 0.0000 0.9285 0.3713
v 0.8575 0.1960 1.9600
vt 0.3159 0.8574
vn 0.1924 0.9623 0.1924
f 67/67/67 68/68/68 69/69/69 70/70/70
v 0.8575 1.4700 1.2250
vt 0.8565 0.8838
vn 0.0000 1.0000 0.0000
v -0.8575 1.4700 1.2250
vt 0.8565 0.8838
vn 0.0000 1.0000 0.0000
v -0.8575 1.4700 1.9600
vt 0.8565 0.8838
vn 0.0000 1.0000 0.0000
v 0.8575 1.4700 1.9600
vt 0.8565 0.8838
vn 0.0000 1.0000 0.0000
f 71/71/71 72/72/72 73/73/73 74/74/74
v 0.8575 1.4700 1.9600
vt 0.8297 0.8370
vn 0.0000 -0.0000 1.0000
v -0.8575 1.4700 1.9600
vt 0.8297 0.8370
vn 0.0000 -0.0000 1.0000
v -0.8575 1.2250 1.9600
vt 0.8297 0.8325
vn 0.0000 -0.0000 1.0000
v 0.8575 1.2250 1.9600
vt 0.8297 0.8325
vn 0.0000 -0.0000 1.0000
f 75/75/75 76/76/76 77/77/77 78/78/78
v -0.7350 0.2450 1.5925
vt 0.8297 0.8148
vn -1.0000 0.0000 0.0000
v -0.7350 0.2450 1.8375
vt 0.8297 0.8148
vn -1.0000 0.0000 0.0000
v -0.7350 1.1760 1.8375
vt 0.8297 0.8316
vn -1.0000 0.0000 0.0000
v -0.7350 1.1760 1.5925
vt 0.8297 0.8316
vn -1.0000 0.0000 0.0000
f 79/79/79 80/80/80 81/81/81 82/82/82
v -0.4900 1.1760 1.8375
vt 0.8028 0.8004
vn 0.0000 -0.9285 0.3714
v -0.8575 1.2250 1.9600
vt 0.8028 0.8013
vn -0.1925 -0.9623 0.1924
v -0.7350 1.1760 1.8375
vt 0.8028 0.8004
vn -0.1925 -0.9623 0.1925
f 83/83/83 84/84/84 85/85/85
v -0.4900 1.1760 1.8375
vt 0.8297 0.8316
vn 0.0000 -0.0000 1.0000
v -0.7350 1.1760 1.8375
vt 0.8297 0.8316
vn 0.0000 -0.0000 1.0000
v -0.7350 0.2450 1.8375
vt 0.8297 0.8148
vn 0.0000 -0.0000 1.0000
v -0.4900 0.2450 1.8375
vt 0.8297 0.8148
vn 0.0000 -0.0000 1.0000
f 86/86/86 87/87/87 88/88/88 89/89/89
v -0.7350 1.1760 1.8375
vt 0.8028 0.8004
vn -0.1925 -0.9623 0.1925
v -0.8575 1.2250 1.9600
vt 0.8028 0.8013
vn -0.1925 -0.9623 0.1924
v -0.7350 1.1760 1.5925
vt 0.8028 0.8004
vn -0.3714 -0.9285 0.0000
f 90/90/90 91/91/91 92/92/92
v -0.8575 1.4700 1.2250
vt 0.8297 0.8370
vn -1.0000 0.0000 0.0000
v -0.8575 1.2250 1.2250
vt 0.8297 0.8325
vn -1.0000 0.0000 0.0000
v -0.8575 1.2250 1.9600
vt 0.8297 0.8325
vn -1.0000 0.0000 0.0000
v -0.8575 1.4700 1.9600
vt 0.8297 0.8370
vn -1.0000 0.0000 0.0000
f 93/93/93 94/94/94 95/95/95 96/96/96
v -0.7350 0.2450 1.2250
vt 0.1543 0.7971
vn -1.0000 0.0000 0.0000
v -0.7350 0.2450 1.5925
vt 0.1543 0.7971
vn -1.0000 0.0000 0.0000
v -0.7350 1.1760 1.5925
vt 0.1543 0.9194
vn -1.0000 0.0000 0.0000
v -0.7350 1.1760 1.2250
vt 0.1543 0.9194
vn -1.0000 0.0000 0.0000
f 97/97/97 98/98/98 99/99/99 100/100/100
v -0.7350 1.1760 1.5925
vt 0.8028 0.8004
vn -0.3714 -0.9285 0.0000
v -0.8575 1.2250 1.9600
vt 0.8028 0.8013
vn -0.1925 -0.9623 0.1924
v -0.8575 1.2250 1.2250
vt 0.8028 0.8013
vn -0.3714 -0.9285 0.0000
v -0.7350 1.1760 1.2250
vt 0.8028 0.8004
vn -0.3714 -0.9285 0.0000
f 101/101/101 102/102/102 103/103/103 104/104/104
v -0.4900 0.2450 1.8375
vt 0.3003 0.8265
vn 1.0000 -0.0000 -0.0000
v -0.4900 0.1960 1.9600
vt 0.3003 0.8261
vn 1.0000 -0.0000 -0.0000
v -0.4900 0.0000 1.9600
vt 0.3003 0.8248
vn 1.0000 -0.0000 -0.0000
v -0.4900 0.0000 1.8375
vt 0.3003 0.8248
vn 1.0000 -0.0000 -0.0000
f 105/105/105 106/106/106 107/107/107 108/108/108
v -0.7350 0.0000 1.8375
vt 0.3003 0.8248
vn 0.0000 -1.0000 -0.0000
v -0.8575 0.0000 1.9600
vt 0.3003 0.8248
vn 0.0000 -1.0000 -0.0000
v -0.8575 0.0000 1.5925
vt 0.3003 0.8248
vn 0.0000 -1.0000 -0.0000
v -0.7350 0.0000 1.5925
vt 0.3003 0.8248
vn 0.0000 -1.0000 -0.0000
f 109/109/109 110/110/110 111/111/111 112/112/112
v -0.7350 0.0000 1.2250
vt 0.8297 0.8103
vn -1.0000 0.0000 0.0000
v -0.7350 0.0000 1.5925
vt 0.8297 0.8103
vn -1.0000 0.0000 0.0000
v -0.7350 0.2450 1.5925
vt 0.8297 0.8148
vn -1.0000 0.0000 0.0000
v -0.7350 0.2450 1.2250
vt 0.8297 0.8148
vn -1.0000 0.0000 0.0000
f 113/113/113 114/114/114 115/115/115 116/116/116
v -0.8575 0.0000 1.5925
vt 0.3003 0.8248
vn -1.0000 0.0000 0.0000
v -0.8575 0.0000 1.9600
vt 0.3003 0.8248
vn -1.0000 0.0000 0.0000
v -0.8575 0.1960 1.9600
vt 0.3003 0.8261
vn -1.0000 0.0000 0.0000
v -0.8575 0.1960 1.5925
vt 0.3003 0.8261
vn -1.0000 0.0000 0.0000
f 117/117/117 118/118/118 119/119/119 120/120/120
v -0.8575 0.1960 1.9600
vt 0.3003 0.8261
vn 0.0000 -0.0000 1.0000
v -0.8575 0.0000 1.9600
vt 0.3003 0.8248
vn 0.0000 -0.0000 1.0000
v -0.4900 0.0000 1.9600
vt 0.3003 0.8248
vn 0.0000 -0.0000 1.0000
v -0.4900 0.1960 1.9600
vt 0.3003 0.8261
vn 0.0000 -0.0000 1.0000
f 121/121/121 122/122/122 123/123/123 124/124/124
v -0.4900 0.0000 1.8375
vt 0.3003 0.8248
vn 0.0000 -1.0000 -0.0000
v -0.4900 0.0000 1.9600
vt 0.3003 0.8248
vn 0.0000 -1.0000 -0.0000
v -0.8575 0.0000 1.9600
vt 0.3003 0.8248
vn 0.0000 -1.0000 -0.0000
v -0.7350 0.0000 1.8375
vt 0.3003 0.8248
vn 0.0000 -1.0000 -0.0000
f 125/125/125 126/126/126 127/127/127 128/128/128
v -0.7350 0.0000 1.5925
vt 0.3003 0.8248
vn -0.0000 0.0000 -1.0000
v -0.8575 0.0000 1.5925
vt 0.3003 0.8248
vn -0.0000 0.0000 -1.0000
v -0.8575 0.1960 1.5925
vt 0.3003 0.8261
vn -0.0000 0.0000 -1.0000
v -0.7350 0.2450 1.5925
vt 0.3003 0.8265
vn -0.0000 0.0000 -1.0000
f 129/129/129 130/130/130 131/131/131 132/132/132
v -0.7350 0.2450 1.5925
vt 0.3159 0.8577
vn -0.3713 0.9285 0.0000
v -0.8575 0.1960 1.5925
vt 0.3159 0.8574
vn -0.3713 0.9285 0.0000
v -0.8575 0.1960 1.9600
vt 0.3159 0.8574
vn -0.1924 0.9623 0.1924
v -0.7350 0.2450 1.8375
vt 0.3159 0.8577
vn -0.1924 0.9623 0.1924
f 133/133/133 134/134/134 135/135/135 136/136/136
v -0.7350 0.2450 1.8375
vt 0.3159 0.8577
vn -0.1924 0.9623 0.1924
v -0.8575 0.1960 1.9600
vt 0.3159 0.8574
vn -0.1924 0.9623 0.1924
v -0.4900 0.1960 1.9600
vt 0.3159 0.8574
vn 0.0000 0.9285 0.3713
v -0.4900 0.2450 1.8375
vt 0.3159 0.8577
vn 0.0000 0.9285 0.3713
f 137/137/137 138/138/138 139/139/139 140/140/140
v -0.4900 0.2450 1.8375
vt 0.8297 0.8148
vn 0.0000 -0.0000 1.0000
v -0.4900 0.0000 1.8375
vt 0.8297 0.8103
vn 0.0000 -0.0000 1.0000
v 0.4900 0.0000 1.8375
vt 0.8297 0.8103
vn 0.0000 -0.0000 1.0000
v 0.4900 0.2450 1.8375
vt 0.8297 0.8148
vn 0.0000 -0.0000 1.0000
f 141/141/141 142/142/142 143/143/143 144/144/144
v 0.4900 0.0000 1.5925
vt 0.8028 0.7791
vn 0.0000 -1.0000 -0.0000
v 0.7350 0.0000 1.5925
vt 0.8028 0.7791
vn 0.0000 -1.0000 -0.0000
v 0.7350 0.0000 1.8375
vt 0.8028 0.7791
vn 0.0000 -1.0000 -0.0000
v 0.4900 0.0000 1.8375
vt 0.8028 0.7791
vn 0.0000 -1.0000 -0.0000
f 145/145/145 146/146/146 147/147/147 148/148/148
v -0.4900 0.0000 1.2250
vt 0.8028 0.7791
vn 0.0000 -1.0000 -0.0000
v -0.4900 0.0000 1.5925
vt 0.8028 0.7791
vn 0.0000 -1.0000 -0.0000
v -0.7350 0.0000 1.5925
vt 0.8028 0.7791
vn 0.0000 -1.0000 -0.0000
v -0.7350 0.0000 1.2250
vt 0.8028 0.7791
vn 0.0000 -1.0000 -0.0000
f 149/149/149 150/150/150 151/151/151 152/152/152
v 0.4900 0.0000 1.2250
vt 0.8028 0.7791
vn 0.0000 -1.0000 -0.0000
v 0.4900 0.0000 1.5925
vt 0.8028 0.7791
vn 0.0000 -1.0000 -0.0000
v -0.4900 0.0000 1.5925
vt 0.8028 0.7791
vn 0.0000 -1.0000 -0.0000
v -0.4900 0.0000 1.2250
vt 0.8028 0.7791
vn 0.0000 -1.0000 -0.0000
f 153/153/153 154/154/154 155/155/155 156/156/156
v -0.7350 0.0000 1.5925
vt 0.8028 0.7791
vn 0.0000 -1.0000 -0.0000
v -0.4900 0.0000 1.5925
vt 0.8028 0.7791
vn 0.0000 -1.0000 -0.0000
v -0.4900 0.0000 1.8375
vt 0.8028 0.7791
vn 0.0000 -1.0000 -0.0000
v -0.7350 0.0000 1.8375
vt 0.8028 0.7791
vn 0.0000 -1.0000 -0.0000
f 157/157/157 158/158/158 159/159/159 160/160/160
v 0.7350 0.0000 1.2250
vt 0.8028 0.7791
vn 0.0000 -1.0000 -0.0000
v 0.7350 0.0000 1.5925
vt 0.8028 0.7791
vn 0.0000 -1.0000 -0.0000
v 0.4900 0.0000 1.5925
vt 0.8028 0.7791
vn 0.0000 -1.0000 -0.0000
v 0.4900 0.0000 1.2250
vt 0.8028 0.7791
vn 0.0000 -1.0000 -0.0000
f 161/161/161 162/162/162 163/163/163 164/164/164
v -0.4900 0.0000 1.5925
vt 0.8028 0.7791
vn 0.0000 -1.0000 -0.0000
v 0.4900 0.0000 1.5925
vt 0.8028 0.7791
vn 0.0000 -1.0000 -0.0000
v 0.4900 0.0000 1.8375
vt 0.8028 0.7791
vn 0.0000 -1.0000 -0.0000
v -0.4900 0.0000 1.8375
vt 0.8028 0.7791
vn 0.0000 -1.0000 -0.0000
f 165/165/165 166/166/166 167/167/167 168/168/168
v -0.7350 3.1360 1.8375
vt 0.8028 0.8359
vn -0.1924 -0.9623 0.1924
v -0.4900 3.1360 1.8375
vt 0.8028 0.8359
vn 0.0000 -0.9285 0.3714
v -0.8575 3.1850 1.9600
vt 0.8028 0.8368
vn -0.1924 -0.9623 0.1924
f 169/169/169 170/170/170 171/171/171
v -0.4900 3.1360 0.3675
vt 0.8028 0.8359
vn -0.0000 -0.9285 -0.3714
v -0.7350 3.1360 0.3675
vt 0.8028 0.8359
vn -0.1924 -0.9623 -0.1925
v -0.8575 3.1850 0.2450
vt 0.8028 0.8368
vn -0.1925 -0.9623 -0.1925
f 172/172/172 173/173/173 174/174/174
v 0.7350 3.1360 0.3675
vt 0.8028 0.8359
vn 0.1924 -0.9623 -0.1924
v 0.4900 3.1360 0.3675
vt 0.8028 0.8359
vn -0.0000 -0.9285 -0.3714
v 0.8575 3.1850 0.2450
vt 0.8028 0.8368
vn 0.1925 -0.9623 -0.1925
f 175/175/175 176/176/176 177/177/177
v 0.7350 1.4700 1.5925
vt 0.8297 0.8370
vn 1.0000 -0.0000 -0.0000
v 0.7350 3.1360 1.5925
vt 0.8297 0.8672
vn 1.0000 -0.0000 -0.0000
v 0.7350 3.1360 1.8375
vt 0.8297 0.8672
vn 1.0000 -0.0000 -0.0000
v 0.7350 1.4700 1.8375
vt 0.8297 0.8370
vn 1.0000 -0.0000 -0.0000
f 178/178/178 179/179/179 180/180/180 181/181/181
v 0.4900 3.1360 1.8375
vt 0.8028 0.8359
vn 0.0000 -0.9285 0.3714
v 0.7350 3.1360 1.8375
vt 0.8028 0.8359
vn 0.1925 -0.9623 0.1924
v 0.8575 3.1850 1.9600
vt 0.8028 0.8368
vn 0.1925 -0.9623 0.1924
f 182/182/182 183/183/183 184/184/184
v -0.7350 3.1360 1.8375
vt 0.8297 0.8672
vn 0.0000 -0.0000 1.0000
v -0.7350 1.4700 1.8375
vt 0.8297 0.8370
vn 0.0000 -0.0000 1.0000
v -0.4900 1.4700 1.8375
vt 0.8297 0.8370
vn 0.0000 -0.0000 1.0000
v -0.4900 3.1360 1.8375
vt 0.8297 0.8672
vn 0.0000 -0.0000 1.0000
f 185/185/185 186/186/186 187/187/187 188/188/188
v 0.7350 1.4700 0.3675
vt 0.8297 0.8370
vn -0.0000 0.0000 -1.0000
v 0.4900 1.4700 0.3675
vt 0.8297 0.8370
vn -0.0000 0.0000 -1.0000
v 0.4900 3.1360 0.3675
vt 0.8297 0.8672
vn -0.0000 0.0000 -1.0000
v 0.7350 3.1360 0.3675
vt 0.8297 0.8672
vn -0.0000 0.0000 -1.0000
f 189/189/189 190/190/190 191/191/191 192/192/192
v -0.4900 3.1360 0.3675
vt 0.8297 0.8672
vn -0.0000 0.0000 -1.0000
v -0.4900 1.4700 0.3675
vt 0.8297 0.8370
vn -0.0000 0.0000 -1.0000
v -0.7350 1.4700 0.3675
vt 0.8297 0.8370
vn -0.0000 0.0000 -1.0000
v -0.7350 3.1360 0.3675
vt 0.8297 0.8672
vn -0.0000 0.0000 -1.0000
f 193/193/193 194/194/194 195/195/195 196/196/196
v 0.4900 3.1360 0.3675
vt 0.1890 0.9507
vn -0.0000 0.0000 -1.0000
v 0.4900 1.4700 0.3675
vt 0.1890 0.7962
vn -0.0000 0.0000 -1.0000
v -0.4900 1.4700 0.3675
vt 0.1860 0.7962
vn -0.0000 0.0000 -1.0000
v -0.4900 3.1360 0.3675
vt 0.1860 0.9507
vn -0.0000 0.0000 -1.0000
f 197/197/197 198/198/198 199/199/199 200/200/200
v 0.4900 3.1360 1.8375
vt 0.8297 0.8672
vn 0.0000 -0.0000 1.0000
v 0.4900 1.4700 1.8375
vt 0.8297 0.8370
vn 0.0000 -0.0000 1.0000
v 0.7350 1.4700 1.8375
vt 0.8297 0.8370
vn 0.0000 -0.0000 1.0000
v 0.7350 3.1360 1.8375
vt 0.8297 0.8672
vn 0.0000 -0.0000 1.0000
f 201/201/201 202/202/202 203/203/203 204/204/204
v -0.4900 3.1360 1.8375
vt 0.1860 0.9507
vn 0.0000 -0.0000 1.0000
v -0.4900 1.4700 1.8375
vt 0.1860 0.7962
vn 0.0000 -0.0000 1.0000
v 0.4900 1.4700 1.8375
vt 0.1890 0.7962
vn 0.0000 -0.0000 1.0000
v 0.4900 3.1360 1.8375
vt 0.1890 0.9507
vn 0.0000 -0.0000 1.0000
f 205/205/205 206/206/206 207/207/207 208/208/208
v -0.7350 1.4700 0.6125
vt 0.8297 0.8370
vn -1.0000 0.0000 0.0000
v -0.7350 3.1360 0.6125
vt 0.8297 0.8672
vn -1.0000 0.0000 0.0000
v -0.7350 3.1360 0.3675
vt 0.8297 0.8672
vn -1.0000 0.0000 0.0000
v -0.7350 1.4700 0.3675
vt 0.8297 0.8370
vn -1.0000 0.0000 0.0000
f 209/209/209 210/210/210 211/211/211 212/212/212
v -0.7350 1.4700 1.5925
vt 0.1540 0.7650
vn -1.0000 0.0000 0.0000
v -0.7350 3.1360 1.5925
vt 0.1540 0.9194
vn -1.0000 0.0000 0.0000
v -0.7350 3.1360 0.6125
vt 0.1540 0.9194
vn -1.0000 0.0000 0.0000
v -0.7350 1.4700 0.6125
vt 0.1540 0.7650
vn -1.0000 0.0000 0.0000
f 213/213/213 214/214/214 215/215/215 216/216/216
v -0.8575 3.4300 1.9600
vt 0.8565 0.9194
vn 0.0000 1.0000 0.0000
v 0.8575 3.4300 1.9600
vt 0.8565 0.9194
vn 0.0000 1.0000 0.0000
v 0.8575 3.4300 0.2450
vt 0.8565 0.9194
vn 0.0000 1.0000 0.0000
v -0.8575 3.4300 0.2450
vt 0.8565 0.9194
vn 0.0000 1.0000 0.0000
f 217/217/217 218/218/218 219/219/219 220/220/220
v 0.7350 1.4700 0.3675
vt 0.8297 0.8370
vn 1.0000 -0.0000 -0.0000
v 0.7350 3.1360 0.3675
vt 0.8297 0.8672
vn 1.0000 -0.0000 -0.0000
v 0.7350 3.1360 0.6125
vt 0.8297 0.8672
vn 1.0000 -0.0000 -0.0000
v 0.7350 1.4700 0.6125
vt 0.8297 0.8370
vn 1.0000 -0.0000 -0.0000
f 221/221/221 222/222/222 223/223/223 224/224/224
v -0.7350 3.1360 0.3675
vt 0.8028 0.8359
vn -0.1924 -0.9623 -0.1925
v -0.7350 3.1360 0.6125
vt 0.8028 0.8359
vn -0.3714 -0.9285 0.0000
v -0.8575 3.1850 0.2450
vt 0.8028 0.8368
vn -0.1925 -0.9623 -0.1925
f 225/225/225 226/226/226 227/227/227
v 0.7350 3.1360 1.8375
vt 0.8028 0.8359
vn 0.1925 -0.9623 0.1924
v 0.7350 3.1360 1.5925
vt 0.8028 0.8359
vn 0.3714 -0.9285 -0.0000
v 0.8575 3.1850 1.9600
vt 0.8028 0.8368
vn 0.1925 -0.9623 0.1924
f 228/228/228 229/229/229 230/230/230
v -0.7350 1.4700 1.8375
vt 0.8297 0.8370
vn -1.0000 0.0000 0.0000
v -0.7350 3.1360 1.8375
vt 0.8297 0.8672
vn -1.0000 0.0000 0.0000
v -0.7350 3.1360 1.5925
vt 0.8297 0.8672
vn -1.0000 0.0000 0.0000
v -0.7350 1.4700 1.5925
vt 0.8297 0.8370
vn -1.0000 0.0000 0.0000
f 231/231/231 232/232/232 233/233/233 234/234/234
v 0.7350 1.4700 0.6125
vt 0.1585 0.7650
vn 1.0000 -0.0000 -0.0000
v 0.7350 3.1360 0.6125
vt 0.1585 0.9194
vn 1.0000 -0.0000 -0.0000
v 0.7350 3.1360 1.5925
vt 0.1585 0.9194
vn 1.0000 -0.0000 -0.0000
v 0.7350 1.4700 1.5925
vt 0.1585 0.7650
vn 1.0000 -0.0000 -0.0000
f 235/235/235 236/236/236 237/237/237 238/238/238
v -0.8575 3.1850 1.9600
vt 0.8297 0.8680
vn -1.0000 0.0000 0.0000
v -0.8575 3.4300 1.9600
vt 0.8297 0.8725
vn -1.0000 0.0000 0.0000
v -0.8575 3.4300 0.2450
vt 0.8297 0.8725
vn -1.0000 0.0000 0.0000
v -0.8575 3.1850 0.2450
vt 0.8297 0.8680
vn -1.0000 0.0000 0.0000
f 239/239/239 240/240/240 241/241/241 242/242/242
v -0.7350 3.1360 1.5925
vt 0.8028 0.8359
vn -0.3714 -0.9285 0.0000
v -0.7350 3.1360 1.8375
vt 0.8028 0.8359
vn -0.1924 -0.9623 0.1924
v -0.8575 3.1850 1.9600
vt 0.8028 0.8368
vn -0.1924 -0.9623 0.1924
f 243/243/243 244/244/244 245/245/245
v -0.7350 3.1360 0.6125
vt 0.8028 0.8359
vn -0.3714 -0.9285 0.0000
v -0.7350 3.1360 1.5925
vt 0.8028 0.8359
vn -0.3714 -0.9285 0.0000
v -0.8575 3.1850 1.9600
vt 0.8028 0.8368
vn -0.1924 -0.9623 0.1924
v -0.8575 3.1850 0.2450
vt 0.8028 0.8368
vn -0.1925 -0.9623 -0.1925
f 246/246/246 247/247/247 248/248/248 249/249/249
v 0.8575 3.1850 0.2450
vt 0.8297 0.8680
vn 1.0000 -0.0000 -0.0000
v 0.8575 3.4300 0.2450
vt 0.8297 0.8725
vn 1.0000 -0.0000 -0.0000
v 0.8575 3.4300 1.9600
vt 0.8297 0.8725
vn 1.0000 -0.0000 -0.0000
v 0.8575 3.1850 1.9600
vt 0.8297 0.8680
vn 1.0000 -0.0000 -0.0000
f 250/250/250 251/251/251 252/252/252 253/253/253
v 0.7350 3.1360 0.6125
vt 0.8028 0.8359
vn 0.3714 -0.9285 -0.0000
v 0.7350 3.1360 0.3675
vt 0.8028 0.8359
vn 0.1924 -0.9623 -0.1924
v 0.8575 3.1850 0.2450
vt 0.8028 0.8368
vn 0.1925 -0.9623 -0.1925
f 254/254/254 255/255/255 256/256/256
v 0.7350 3.1360 1.5925
vt 0.8028 0.8359
vn 0.3714 -0.9285 -0.0000
v 0.7350 3.1360 0.6125
vt 0.8028 0.8359
vn 0.3714 -0.9285 -0.0000
v 0.8575 3.1850 0.2450
vt 0.8028 0.8368
vn 0.1925 -0.9623 -0.1925
v 0.8575 3.1850 1.9600
vt 0.8028 0.8368
vn 0.1925 -0.9623 0.1924
f 257/257/257 258/258/258 259/259/259 260/260/260
v -0.8575 3.4300 0.2450
vt 0.8297 0.8725
vn -0.0000 0.0000 -1.0000
v 0.8575 3.4300 0.2450
vt 0.8297 0.8725
vn -0.0000 0.0000 -1.0000
v 0.8575 3.1850 0.2450
vt 0.8297 0.8680
vn -0.0000 0.0000 -1.0000
v -0.8575 3.1850 0.2450
vt 0.8297 0.8680
vn -0.0000 0.0000 -1.0000
f 261/261/261 262/262/262 263/263/263 264/264/264
v 0.4900 3.1360 0.3675
vt 0.8028 0.8359
vn -0.0000 -0.9285 -0.3714
v -0.4900 3.1360 0.3675
vt 0.8028 0.8359
vn -0.0000 -0.9285 -0.3714
v -0.8575 3.1850 0.2450
vt 0.8028 0.8368
vn -0.1925 -0.9623 -0.1925
v 0.8575 3.1850 0.2450
vt 0.8028 0.8368
vn 0.1925 -0.9623 -0.1925
f 265/265/265 266/266/266 267/267/267 268/268/268
v 0.8575 3.4300 1.9600
vt 0.8297 0.8725
vn 0.0000 -0.0000 1.0000
v -0.8575 3.4300 1.9600
vt 0.8297 0.8725
vn 0.0000 -0.0000 1.0000
v -0.8575 3.1850 1.9600
vt 0.8297 0.8680
vn 0.0000 -0.0000 1.0000
v 0.8575 3.1850 1.9600
vt 0.8297 0.8680
vn 0.0000 -0.0000 1.0000
f 269/269/269 270/270/270 271/271/271 272/272/272
v -0.4900 3.1360 1.8375
vt 0.8028 0.8359
vn 0.0000 -0.9285 0.3714
v 0.4900 3.1360 1.8375
vt 0.8028 0.8359
vn 0.0000 -0.9285 0.3714
v 0.8575 3.1850 1.9600
vt 0.8028 0.8368
vn 0.1925 -0.9623 0.1924
v -0.8575 3.1850 1.9600
vt 0.8028 0.8368
vn -0.1924 -0.9623 0.1924
f 273/273/273 274/274/274 275/275/275 276/276/276
v -1.2250 1.1760 1.2250
vt 0.8028 0.8004
vn -0.1924 -0.9623 0.1924
v -0.9800 1.1760 1.2250
vt 0.8028 0.8004
vn 0.0000 -0.9285 0.3714
v -1.3475 1.2250 1.3475
vt 0.8028 0.8013
vn -0.1924 -0.9623 0.1924
f 277/277/277 278/278/278 279/279/279
v 0.9800 0.2450 1.2250
vt 0.3003 0.8265
vn -1.0000 0.0000 0.0000
v 0.9800 0.0000 1.2250
vt 0.3003 0.8248
vn -1.0000 0.0000 0.0000
v 0.9800 0.0000 1.3475
vt 0.3003 0.8248
vn -1.0000 0.0000 0.0000
v 0.9800 0.1960 1.3475
vt 0.3003 0.8261
vn -1.0000 0.0000 0.0000
f 280/280/280 281/281/281 282/282/282 283/283/283
v -0.9800 1.1760 -1.7150
vt 0.8028 0.8004
vn -0.0000 -0.9285 -0.3714
v -1.2250 1.1760 -1.7150
vt 0.8028 0.8004
vn -0.1924 -0.9623 -0.1925
v -1.3475 1.2250 -1.8375
vt 0.8028 0.8013
vn -0.1924 -0.9623 -0.1924
f 284/284/284 285/285/285 286/286/286
v 1.2250 0.0000 1.2250
vt 0.3003 0.8248
vn 0.0000 -1.0000 -0.0000
v 1.2250 0.0000 0.9800
vt 0.3003 0.8248
vn 0.0000 -1.0000 -0.0000
v 1.3475 0.0000 0.9800
vt 0.3003 0.8248
vn 0.0000 -1.0000 -0.0000
v 1.3475 0.0000 1.3475
vt 0.3003 0.8248
vn 0.0000 -1.0000 -0.0000
f 287/287/287 288/288/288 289/289/289 290/290/290
v 0.9800 0.0000 -1.7150
vt 0.3003 0.8248
vn -1.0000 0.0000 0.0000
v 0.9800 0.2450 -1.7150
vt 0.3003 0.8265
vn -1.0000 0.0000 0.0000
v 0.9800 0.1960 -1.8375
vt 0.3003 0.8261
vn -1.0000 0.0000 0.0000
v 0.9800 0.0000 -1.8375
vt 0.3003 0.8248
vn -1.0000 0.0000 0.0000
f 291/291/291 292/292/292 293/293/293 294/294/294
v 1.2250 1.1760 -1.7150
vt 0.8028 0.8004
vn 0.1924 -0.9623 -0.1924
v 0.9800 1.1760 -1.7150
vt 0.8028 0.8004
vn -0.0000 -0.9285 -0.3714
v 1.3475 1.2250 -1.8375
vt 0.8028 0.8013
vn 0.1924 -0.9623 -0.1924
f 295/295/295 296/296/296 297/297/297
v 1.2250 0.2450 0.9800
vt 0.8297 0.8148
vn 1.0000 -0.0000 -0.0000
v 1.2250 1.1760 0.9800
vt 0.8297 0.8316
vn 1.0000 -0.0000 -0.0000
v 1.2250 1.1760 1.2250
vt 0.8297 0.8316
vn 1.0000 -0.0000 -0.0000
v 1.2250 0.2450 1.2250
vt 0.8297 0.8148
vn 1.0000 -0.0000 -0.0000
f 298/298/298 299/299/299 300/300/300 301/301/301
v 0.9800 1.1760 1.2250
vt 0.8028 0.8004
vn 0.0000 -0.9285 0.3714
v 1.2250 1.1760 1.2250
vt 0.8028 0.8004
vn 0.1924 -0.9623 0.1924
v 1.3475 1.2250 1.3475
vt 0.8028 0.8013
vn 0.1924 -0.9623 0.1924
f 302/302/302 303/303/303 304/304/304
v 1.2250 0.0000 -1.4700
vt 0.3003 0.8248
vn 0.0000 -1.0000 -0.0000
v 1.2250 0.0000 -1.7150
vt 0.3003 0.8248
vn 0.0000 -1.0000 -0.0000
v 1.3475 0.0000 -1.8375
vt 0.3003 0.8248
vn 0.0000 -1.0000 -0.0000
v 1.3475 0.0000 -1.4700
vt 0.3003 0.8248
vn 0.0000 -1.0000 -0.0000
f 305/305/305 306/306/306 307/307/307 308/308/308
v -1.2250 1.1760 1.2250
vt 0.8297 0.8316
vn 0.0000 -0.0000 1.0000
v -1.2250 0.2450 1.2250
vt 0.8297 0.8148
vn 0.0000 -0.0000 1.0000
v -0.9800 0.2450 1.2250
vt 0.8297 0.8148
vn 0.0000 -0.0000 1.0000
v -0.9800 1.1760 1.2250
vt 0.8297 0.8316
vn 0.0000 -0.0000 1.0000
f 309/309/309 310/310/310 311/311/311 312/312/312
v 1.2250 0.2450 -1.7150
vt 0.8297 0.8148
vn -0.0000 0.0000 -1.0000
v 0.9800 0.2450 -1.7150
vt 0.8297 0.8148
vn -0.0000 0.0000 -1.0000
v 0.9800 1.1760 -1.7150
vt 0.8297 0.8316
vn -0.0000 0.0000 -1.0000
v 1.2250 1.1760 -1.7150
vt 0.8297 0.8316
vn -0.0000 0.0000 -1.0000
f 313/313/313 314/314/314 315/315/315 316/316/316
v -0.9800 1.1760 -1.7150
vt 0.8297 0.8316
vn -0.0000 0.0000 -1.0000
v -0.9800 0.2450 -1.7150
vt 0.8297 0.8148
vn -0.0000 0.0000 -1.0000
v -1.2250 0.2450 -1.7150
vt 0.8297 0.8148
vn -0.0000 0.0000 -1.0000
v -1.2250 1.1760 -1.7150
vt 0.8297 0.8316
vn -0.0000 0.0000 -1.0000
f 317/317/317 318/318/318 319/319/319 320/320/320
v 0.9800 1.1760 -1.7150
vt 0.1901 0.9506
vn -0.0000 0.0000 -1.0000
v 0.9800 0.2450 -1.7150
vt 0.1901 0.8284
vn -0.0000 0.0000 -1.0000
v -0.9800 0.2450 -1.7150
vt 0.1849 0.8284
vn -0.0000 0.0000 -1.0000
v -0.9800 1.1760 -1.7150
vt 0.1849 0.9506
vn -0.0000 0.0000 -1.0000
f 321/321/321 322/322/322 323/323/323 324/324/324
v -1.2250 0.0000 1.2250
vt 0.3003 0.8248
vn 0.0000 -1.0000 -0.0000
v -0.9800 0.0000 1.2250
vt 0.3003 0.8248
vn 0.0000 -1.0000 -0.0000
v -0.9800 0.0000 1.3475
vt 0.3003 0.8248
vn 0.0000 -1.0000 -0.0000
v -1.3475 0.0000 1.3475
vt 0.3003 0.8248
vn 0.0000 -1.0000 -0.0000
f 325/325/325 326/326/326 327/327/327 328/328/328
v -0.9800 0.2450 -1.7150
vt 0.8297 0.8148
vn -0.0000 0.0000 -1.0000
v 0.9800 0.2450 -1.7150
vt 0.8297 0.8148
vn -0.0000 0.0000 -1.0000
v 0.9800 0.0000 -1.7150
vt 0.8297 0.8103
vn -0.0000 0.0000 -1.0000
v -0.9800 0.0000 -1.7150
vt 0.8297 0.8103
vn -0.0000 0.0000 -1.0000
f 329/329/329 330/330/330 331/331/331 332/332/332
v 0.9800 0.2450 -1.7150
vt 0.3159 0.8577
vn 0.0000 0.9285 -0.3714
v 1.2250 0.2450 -1.7150
vt 0.3159 0.8577
vn 0.1925 0.9623 -0.1925
v 1.3475 0.1960 -1.8375
vt 0.3159 0.8574
vn 0.1925 0.9623 -0.1925
v 0.9800 0.1960 -1.8375
vt 0.3159 0.8574
vn 0.0000 0.9285 -0.3714
f 333/333/333 334/334/334 335/335/335 336/336/336
v 0.9800 1.1760 1.2250
vt 0.8297 0.8316
vn 0.0000 -0.0000 1.0000
v 0.9800 0.2450 1.2250
vt 0.8297 0.8148
vn 0.0000 -0.0000 1.0000
v 1.2250 0.2450 1.2250
vt 0.8297 0.8148
vn 0.0000 -0.0000 1.0000
v 1.2250 1.1760 1.2250
vt 0.8297 0.8316
vn 0.0000 -0.0000 1.0000
f 337/337/337 338/338/338 339/339/339 340/340/340
v -0.9800 1.1760 1.2250
vt 0.1849 0.9506
vn 0.0000 -0.0000 1.0000
v -0.9800 0.2450 1.2250
vt 0.1849 0.8284
vn 0.0000 -0.0000 1.0000
v 0.9800 0.2450 1.2250
vt 0.1901 0.8284
vn 0.0000 -0.0000 1.0000
v 0.9800 1.1760 1.2250
vt 0.1901 0.9506
vn 0.0000 -0.0000 1.0000
f 341/341/341 342/342/342 343/343/343 344/344/344
v 0.9800 0.2450 1.2250
vt 0.8297 0.8148
vn 0.0000 -0.0000 1.0000
v -0.9800 0.2450 1.2250
vt 0.8297 0.8148
vn 0.0000 -0.0000 1.0000
v -0.9800 0.0000 1.2250
vt 0.8297 0.8103
vn 0.0000 -0.0000 1.0000
v 0.9800 0.0000 1.2250
vt 0.8297 0.8103
vn 0.0000 -0.0000 1.0000
f 345/345/345 346/346/346 347/347/347 348/348/348
v -1.2250 0.2450 -1.4700
vt 0.8297 0.8148
vn -1.0000 0.0000 0.0000
v -1.2250 1.1760 -1.4700
vt 0.8297 0.8316
vn -1.0000 0.0000 0.0000
v -1.2250 1.1760 -1.7150
vt 0.8297 0.8316
vn -1.0000 0.0000 0.0000
v -1.2250 0.2450 -1.7150
vt 0.8297 0.8148
vn -1.0000 0.0000 0.0000
f 349/349/349 350/350/350 351/351/351 352/352/352
v -1.2250 0.2450 0.9800
vt 0.1530 0.7971
vn -1.0000 0.0000 0.0000
v -1.2250 1.1760 0.9800
vt 0.1530 0.9194
vn -1.0000 0.0000 0.0000
v -1.2250 1.1760 -1.4700
vt 0.1530 0.9194
vn -1.0000 0.0000 0.0000
v -1.2250 0.2450 -1.4700
vt 0.1530 0.7971
vn -1.0000 0.0000 0.0000
f 353/353/353 354/354/354 355/355/355 356/356/356
v -1.3475 1.4700 1.3475
vt 0.8565 0.8838
vn 0.0000 1.0000 0.0000
v 1.3475 1.4700 1.3475
vt 0.8565 0.8838
vn 0.0000 1.0000 0.0000
v 1.3475 1.4700 -1.8375
vt 0.8565 0.8838
vn 0.0000 1.0000 0.0000
v -1.3475 1.4700 -1.8375
vt 0.8565 0.8838
vn 0.0000 1.0000 0.0000
f 357/357/357 358/358/358 359/359/359 360/360/360
v -1.2250 0.0000 0.9800
vt 0.8297 0.8103
vn -1.0000 0.0000 0.0000
v -1.2250 0.2450 0.9800
vt 0.8297 0.8148
vn -1.0000 0.0000 0.0000
v -1.2250 0.2450 -1.4700
vt 0.8297 0.8148
vn -1.0000 0.0000 0.0000
v -1.2250 0.0000 -1.4700
vt 0.8297 0.8103
vn -1.0000 0.0000 0.0000
f 361/361/361 362/362/362 363/363/363 364/364/364
v 1.2250 0.2450 -1.7150
vt 0.8297 0.8148
vn 1.0000 -0.0000 -0.0000
v 1.2250 1.1760 -1.7150
vt 0.8297 0.8316
vn 1.0000 -0.0000 -0.0000
v 1.2250 1.1760 -1.4700
vt 0.8297 0.8316
vn 1.0000 -0.0000 -0.0000
v 1.2250 0.2450 -1.4700
vt 0.8297 0.8148
vn 1.0000 -0.0000 -0.0000
f 365/365/365 366/366/366 367/367/367 368/368/368
v -1.2250 0.2450 0.9800
vt 0.3003 0.8265
vn -0.0000 0.0000 -1.0000
v -1.2250 0.0000 0.9800
vt 0.3003 0.8248
vn -0.0000 0.0000 -1.0000
v -1.3475 0.0000 0.9800
vt 0.3003 0.8248
vn -0.0000 0.0000 -1.0000
v -1.3475 0.1960 0.9800
vt 0.3003 0.8261
vn -0.0000 0.0000 -1.0000
f 369/369/369 370/370/370 371/371/371 372/372/372
v -1.2250 1.1760 -1.7150
vt 0.8028 0.8004
vn -0.1924 -0.9623 -0.1925
v -1.2250 1.1760 -1.4700
vt 0.8028 0.8004
vn -0.3714 -0.9285 0.0000
v -1.3475 1.2250 -1.8375
vt 0.8028 0.8013
vn -0.1924 -0.9623 -0.1924
f 373/373/373 374/374/374 375/375/375
v 1.2250 1.1760 1.2250
vt 0.8028 0.8004
vn 0.1924 -0.9623 0.1924
v 1.2250 1.1760 0.9800
vt 0.8028 0.8004
vn 0.3714 -0.9285 -0.0000
v 1.3475 1.2250 1.3475
vt 0.8028 0.8013
vn 0.1924 -0.9623 0.1924
f 376/376/376 377/377/377 378/378/378
v -1.2250 0.0000 -1.7150
vt 0.3003 0.8248
vn 0.0000 -1.0000 -0.0000
v -1.2250 0.0000 -1.4700
vt 0.3003 0.8248
vn 0.0000 -1.0000 -0.0000
v -1.3475 0.0000 -1.4700
vt 0.3003 0.8248
vn 0.0000 -1.0000 -0.0000
v -1.3475 0.0000 -1.8375
vt 0.3003 0.8248
vn 0.0000 -1.0000 -0.0000
f 379/379/379 380/380/380 381/381/381 382/382/382
v -1.2250 0.2450 1.2250
vt 0.8297 0.8148
vn -1.0000 0.0000 0.0000
v -1.2250 1.1760 1.2250
vt 0.8297 0.8316
vn -1.0000 0.0000 0.0000
v -1.2250 1.1760 0.9800
vt 0.8297 0.8316
vn -1.0000 0.0000 0.0000
v -1.2250 0.2450 0.9800
vt 0.8297 0.8148
vn -1.0000 0.0000 0.0000
f 383/383/383 384/384/384 385/385/385 386/386/386
v 1.2250 0.2450 -1.4700
vt 0.1595 0.7971
vn 1.0000 -0.0000 -0.0000
v 1.2250 1.1760 -1.4700
vt 0.1595 0.9194
vn 1.0000 -0.0000 -0.0000
v 1.2250 1.1760 0.9800
vt 0.1595 0.9194
vn 1.0000 -0.0000 -0.0000
v 1.2250 0.2450 0.9800
vt 0.1595 0.7971
vn 1.0000 -0.0000 -0.0000
f 387/387/387 388/388/388 389/389/389 390/390/390
v 1.2250 0.0000 -1.4700
vt 0.8297 0.8103
vn 1.0000 -0.0000 -0.0000
v 1.2250 0.2450 -1.4700
vt 0.8297 0.8148
vn 1.0000 -0.0000 -0.0000
v 1.2250 0.2450 0.9800
vt 0.8297 0.8148
vn 1.0000 -0.0000 -0.0000
v 1.2250 0.0000 0.9800
vt 0.8297 0.8103
vn 1.0000 -0.0000 -0.0000
f 391/391/391 392/392/392 393/393/393 394/394/394
v -1.3475 1.2250 1.3475
vt 0.8297 0.8325
vn -1.0000 0.0000 0.0000
v -1.3475 1.4700 1.3475
vt 0.8297 0.8370
vn -1.0000 0.0000 0.0000
v -1.3475 1.4700 -1.8375
vt 0.8297 0.8370
vn -1.0000 0.0000 0.0000
v -1.3475 1.2250 -1.8375
vt 0.8297 0.8325
vn -1.0000 0.0000 0.0000
f 395/395/395 396/396/396 397/397/397 398/398/398
v -1.2250 1.1760 0.9800
vt 0.8028 0.8004
vn -0.3714 -0.9285 0.0000
v -1.2250 1.1760 1.2250
vt 0.8028 0.8004
vn -0.1924 -0.9623 0.1924
v -1.3475 1.2250 1.3475
vt 0.8028 0.8013
vn -0.1924 -0.9623 0.1924
f 399/399/399 400/400/400 401/401/401
v -1.2250 1.1760 -1.4700
vt 0.8028 0.8004
vn -0.3714 -0.9285 0.0000
v -1.2250 1.1760 0.9800
vt 0.8028 0.8004
vn -0.3714 -0.9285 0.0000
v -1.3475 1.2250 1.3475
vt 0.8028 0.8013
vn -0.1924 -0.9623 0.1924
v -1.3475 1.2250 -1.8375
vt 0.8028 0.8013
vn -0.1924 -0.9623 -0.1924
f 402/402/402 403/403/403 404/404/404 405/405/405
v 1.3475 1.2250 -1.8375
vt 0.8297 0.8325
vn 1.0000 -0.0000 -0.0000
v 1.3475 1.4700 -1.8375
vt 0.8297 0.8370
vn 1.0000 -0.0000 -0.0000
v 1.3475 1.4700 1.3475
vt 0.8297 0.8370
vn 1.0000 -0.0000 -0.0000
v 1.3475 1.2250 1.3475
vt 0.8297 0.8325
vn 1.0000 -0.0000 -0.0000
f 406/406/406 407/407/407 408/408/408 409/409/409
v 1.2250 1.1760 -1.4700
vt 0.8028 0.8004
vn 0.3714 -0.9285 -0.0000
v 1.2250 1.1760 -1.7150
vt 0.8028 0.8004
vn 0.1924 -0.9623 -0.1924
v 1.3475 1.2250 -1.8375
vt 0.8028 0.8013
vn 0.1924 -0.9623 -0.1924
f 410/410/410 411/411/411 412/412/412
v 1.2250 1.1760 0.9800
vt 0.8028 0.8004
vn 0.3714 -0.9285 -0.0000
v 1.2250 1.1760 -1.4700
vt 0.8028 0.8004
vn 0.3714 -0.9285 -0.0000
v 1.3475 1.2250 -1.8375
vt 0.8028 0.8013
vn 0.1924 -0.9623 -0.1924
v 1.3475 1.2250 1.3475
vt 0.8028 0.8013
vn 0.1924 -0.9623 0.1924
f 413/413/413 414/414/414 415/415/415 416/416/416
v -1.3475 1.4700 -1.8375
vt 0.8297 0.8370
vn -0.0000 0.0000 -1.0000
v 1.3475 1.4700 -1.8375
vt 0.8297 0.8370
vn -0.0000 0.0000 -1.0000
v 1.3475 1.2250 -1.8375
vt 0.8297 0.8325
vn -0.0000 0.0000 -1.0000
v -1.3475 1.2250 -1.8375
vt 0.8297 0.8325
vn -0.0000 0.0000 -1.0000
f 417/417/417 418/418/418 419/419/419 420/420/420
v 0.9800 1.1760 -1.7150
vt 0.8028 0.8004
vn -0.0000 -0.9285 -0.3714
v -0.9800 1.1760 -1.7150
vt 0.8028 0.8004
vn -0.0000 -0.9285 -0.3714
v -1.3475 1.2250 -1.8375
vt 0.8028 0.8013
vn -0.1924 -0.9623 -0.1924
v 1.3475 1.2250 -1.8375
vt 0.8028 0.8013
vn 0.1924 -0.9623 -0.1924
f 421/421/421 422/422/422 423/423/423 424/424/424
v 1.3475 1.4700 1.3475
vt 0.8297 0.8370
vn 0.0000 -0.0000 1.0000
v -1.3475 1.4700 1.3475
vt 0.8297 0.8370
vn 0.0000 -0.0000 1.0000
v -1.3475 1.2250 1.3475
vt 0.8297 0.8325
vn 0.0000 -0.0000 1.0000
v 1.3475 1.2250 1.3475
vt 0.8297 0.8325
vn 0.0000 -0.0000 1.0000
f 425/425/425 426/426/426 427/427/427 428/428/428
v -0.9800 1.1760 1.2250
vt 0.8028 0.8004
vn 0.0000 -0.9285 0.3714
v 0.9800 1.1760 1.2250
vt 0.8028 0.8004
vn 0.0000 -0.9285 0.3714
v 1.3475 1.2250 1.3475
vt 0.8028 0.8013
vn 0.1924 -0.9623 0.1924
v -1.3475 1.2250 1.3475
vt 0.8028 0.8013
vn -0.1924 -0.9623 0.1924
f 429/429/429 430/430/430 431/431/431 432/432/432
v -0.9800 0.1960 1.3475
vt 0.3003 0.8261
vn 0.0000 -0.0000 1.0000
v -1.3475 0.1960 1.3475
vt 0.3003 0.8261
vn 0.0000 -0.0000 1.0000
v -1.3475 0.0000 1.3475
vt 0.3003 0.8248
vn 0.0000 -0.0000 1.0000
v -0.9800 0.0000 1.3475
vt 0.3003 0.8248
vn 0.0000 -0.0000 1.0000
f 433/433/433 434/434/434 435/435/435 436/436/436
v 0.9800 0.1960 -1.8375
vt 0.3003 0.8261
vn -0.0000 0.0000 -1.0000
v 1.3475 0.1960 -1.8375
vt 0.3003 0.8261
vn -0.0000 0.0000 -1.0000
v 1.3475 0.0000 -1.8375
vt 0.3003 0.8248
vn -0.0000 0.0000 -1.0000
v 0.9800 0.0000 -1.8375
vt 0.3003 0.8248
vn -0.0000 0.0000 -1.0000
f 437/437/437 438/438/438 439/439/439 440/440/440
v 1.3475 0.0000 0.9800
vt 0.3003 0.8248
vn 1.0000 -0.0000 -0.0000
v 1.3475 0.1960 0.9800
vt 0.3003 0.8261
vn 1.0000 -0.0000 -0.0000
v 1.3475 0.1960 1.3475
vt 0.3003 0.8261
vn 1.0000 -0.0000 -0.0000
v 1.3475 0.0000 1.3475
vt 0.3003 0.8248
vn 1.0000 -0.0000 -0.0000
f 441/441/441 442/442/442 443/443/443 444/444/444
v -1.3475 0.0000 -1.4700
vt 0.3003 0.8248
vn -1.0000 0.0000 0.0000
v -1.3475 0.1960 -1.4700
vt 0.3003 0.8261
vn -1.0000 0.0000 0.0000
v -1.3475 0.1960 -1.8375
vt 0.3003 0.8261
vn -1.0000 0.0000 0.0000
v -1.3475 0.0000 -1.8375
vt 0.3003 0.8248
vn -1.0000 0.0000 0.0000
f 445/445/445 446/446/446 447/447/447 448/448/448
v -1.3475 0.1960 -1.8375
vt 0.3003 0.8261
vn -0.0000 0.0000 -1.0000
v -0.9800 0.1960 -1.8375
vt 0.3003 0.8261
vn -0.0000 0.0000 -1.0000
v -0.9800 0.0000 -1.8375
vt 0.3003 0.8248
vn -0.0000 0.0000 -1.0000
v -1.3475 0.0000 -1.8375
vt 0.3003 0.8248
vn -0.0000 0.0000 -1.0000
f 449/449/449 450/450/450 451/451/451 452/452/452
v 1.3475 0.1960 1.3475
vt 0.3003 0.8261
vn 0.0000 -0.0000 1.0000
v 0.9800 0.1960 1.3475
vt 0.3003 0.8261
vn 0.0000 -0.0000 1.0000
v 0.9800 0.0000 1.3475
vt 0.3003 0.8248
vn 0.0000 -0.0000 1.0000
v 1.3475 0.0000 1.3475
vt 0.3003 0.8248
vn 0.0000 -0.0000 1.0000
f 453/453/453 454/454/454 455/455/455 456/456/456
v 1.3475 0.0000 -1.8375
vt 0.3003 0.8248
vn 1.0000 -0.0000 -0.0000
v 1.3475 0.1960 -1.8375
vt 0.3003 0.8261
vn 1.0000 -0.0000 -0.0000
v 1.3475 0.1960 -1.4700
vt 0.3003 0.8261
vn 1.0000 -0.0000 -0.0000
v 1.3475 0.0000 -1.4700
vt 0.3003 0.8248
vn 1.0000 -0.0000 -0.0000
f 457/457/457 458/458/458 459/459/459 460/460/460
v -1.3475 0.0000 1.3475
vt 0.3003 0.8248
vn -1.0000 0.0000 0.0000
v -1.3475 0.1960 1.3475
vt 0.3003 0.8261
vn -1.0000 0.0000 0.0000
v -1.3475 0.1960 0.9800
vt 0.3003 0.8261
vn -1.0000 0.0000 0.0000
v -1.3475 0.0000 0.9800
vt 0.3003 0.8248
vn -1.0000 0.0000 0.0000
f 461/461/461 462/462/462 463/463/463 464/464/464
v -1.2250 0.0000 -1.4700
vt 0.3003 0.8248
vn 0.0000 -0.0000 1.0000
v -1.2250 0.2450 -1.4700
vt 0.3003 0.8265
vn 0.0000 -0.0000 1.0000
v -1.3475 0.1960 -1.4700
vt 0.3003 0.8261
vn 0.0000 -0.0000 1.0000
v -1.3475 0.0000 -1.4700
vt 0.3003 0.8248
vn 0.0000 -0.0000 1.0000
f 465/465/465 466/466/466 467/467/467 468/468/468
v -1.2250 0.2450 -1.7150
vt 0.3159 0.8577
vn -0.1924 0.9623 -0.1925
v -0.9800 0.2450 -1.7150
vt 0.3159 0.8577
vn 0.0000 0.9285 -0.3714
v -0.9800 0.1960 -1.8375
vt 0.3159 0.8574
vn 0.0000 0.9285 -0.3714
v -1.3475 0.1960 -1.8375
vt 0.3159 0.8574
vn -0.1925 0.9623 -0.1924
f 469/469/469 470/470/470 471/471/471 472/472/472
v 1.2250 0.2450 -1.7150
vt 0.3159 0.8577
vn 0.1925 0.9623 -0.1925
v 1.2250 0.2450 -1.4700
vt 0.3159 0.8577
vn 0.3714 0.9285 0.0000
v 1.3475 0.1960 -1.4700
vt 0.3159 0.8574
vn 0.3714 0.9285 0.0000
v 1.3475 0.1960 -1.8375
vt 0.3159 0.8574
vn 0.1925 0.9623 -0.1925
f 473/473/473 474/474/474 475/475/475 476/476/476
v 0.9800 0.0000 1.2250
vt 0.3003 0.8248
vn 0.0000 -1.0000 -0.0000
v 1.2250 0.0000 1.2250
vt 0.3003 0.8248
vn 0.0000 -1.0000 -0.0000
v 1.3475 0.0000 1.3475
vt 0.3003 0.8248
vn 0.0000 -1.0000 -0.0000
v 0.9800 0.0000 1.3475
vt 0.3003 0.8248
vn 0.0000 -1.0000 -0.0000
f 477/477/477 478/478/478 479/479/479 480/480/480
v -0.9800 0.0000 1.2250
vt 0.3003 0.8248
vn 1.0000 -0.0000 -0.0000
v -0.9800 0.2450 1.2250
vt 0.3003 0.8265
vn 1.0000 -0.0000 -0.0000
v -0.9800 0.1960 1.3475
vt 0.3003 0.8261
vn 1.0000 -0.0000 -0.0000
v -0.9800 0.0000 1.3475
vt 0.3003 0.8248
vn 1.0000 -0.0000 -0.0000
f 481/481/481 482/482/482 483/483/483 484/484/484
v -1.2250 0.0000 0.9800
vt 0.3003 0.8248
vn 0.0000 -1.0000 -0.0000
v -1.2250 0.0000 1.2250
vt 0.3003 0.8248
vn 0.0000 -1.0000 -0.0000
v -1.3475 0.0000 1.3475
vt 0.3003 0.8248
vn 0.0000 -1.0000 -0.0000
v -1.3475 0.0000 0.9800
vt 0.3003 0.8248
vn 0.0000 -1.0000 -0.0000
f 485/485/485 486/486/486 487/487/487 488/488/488
v 1.2250 0.2450 -1.4700
vt 0.3003 0.8265
vn 0.0000 -0.0000 1.0000
v 1.2250 0.0000 -1.4700
vt 0.3003 0.8248
vn 0.0000 -0.0000 1.0000
v 1.3475 0.0000 -1.4700
vt 0.3003 0.8248
vn 0.0000 -0.0000 1.0000
v 1.3475 0.1960 -1.4700
vt 0.3003 0.8261
vn 0.0000 -0.0000 1.0000
f 489/489/489 490/490/490 491/491/491 492/492/492
v 1.2250 0.0000 -1.7150
vt 0.3003 0.8248
vn 0.0000 -1.0000 -0.0000
v 0.9800 0.0000 -1.7150
vt 0.3003 0.8248
vn 0.0000 -1.0000 -0.0000
v 0.9800 0.0000 -1.8375
vt 0.3003 0.8248
vn 0.0000 -1.0000 -0.0000
v 1.3475 0.0000 -1.8375
vt 0.3003 0.8248
vn 0.0000 -1.0000 -0.0000
f 493/493/493 494/494/494 495/495/495 496/496/496
v -0.9800 0.0000 -1.7150
vt 0.3003 0.8248
vn 0.0000 -1.0000 -0.0000
v -1.2250 0.0000 -1.7150
vt 0.3003 0.8248
vn 0.0000 -1.0000 -0.0000
v -1.3475 0.0000 -1.8375
vt 0.3003 0.8248
vn 0.0000 -1.0000 -0.0000
v -0.9800 0.0000 -1.8375
vt 0.3003 0.8248
vn 0.0000 -1.0000 -0.0000
f 497/497/497 498/498/498 499/499/499 500/500/500
v -1.2250 0.2450 -1.4700
vt 0.3159 0.8577
vn -0.3714 0.9285 0.0000
v -1.2250 0.2450 -1.7150
vt 0.3159 0.8577
vn -0.1924 0.9623 -0.1925
v -1.3475 0.1960 -1.8375
vt 0.3159 0.8574
vn -0.1925 0.9623 -0.1924
v -1.3475 0.1960 -1.4700
vt 0.3159 0.8574
vn -0.3714 0.9285 0.0000
f 501/501/501 502/502/502 503/503/503 504/504/504
v 1.2250 0.0000 0.9800
vt 0.3003 0.8248
vn -0.0000 0.0000 -1.0000
v 1.2250 0.2450 0.9800
vt 0.3003 0.8265
vn -0.0000 0.0000 -1.0000
v 1.3475 0.1960 0.9800
vt 0.3003 0.8261
vn -0.0000 0.0000 -1.0000
v 1.3475 0.0000 0.9800
vt 0.3003 0.8248
vn -0.0000 0.0000 -1.0000
f 505/505/505 506/506/506 507/507/507 508/508/508
v -0.9800 0.2450 -1.7150
vt 0.3003 0.8265
vn 1.0000 -0.0000 -0.0000
v -0.9800 0.0000 -1.7150
vt 0.3003 0.8248
vn 1.0000 -0.0000 -0.0000
v -0.9800 0.0000 -1.8375
vt 0.3003 0.8248
vn 1.0000 -0.0000 -0.0000
v -0.9800 0.1960 -1.8375
vt 0.3003 0.8261
vn 1.0000 -0.0000 -0.0000
f 509/509/509 510/510/510 511/511/511 512/512/512
v -1.2250 0.2450 1.2250
vt 0.3159 0.8577
vn -0.1925 0.9623 0.1925
v -1.2250 0.2450 0.9800
vt 0.3159 0.8577
vn -0.3714 0.9285 0.0000
v -1.3475 0.1960 0.9800
vt 0.3159 0.8574
vn -0.3714 0.9285 0.0000
v -1.3475 0.1960 1.3475
vt 0.3159 0.8574
vn -0.1925 0.9623 0.1925
f 513/513/513 514/514/514 515/515/515 516/516/516
v 1.2250 0.2450 0.9800
vt 0.3159 0.8577
vn 0.3714 0.9285 0.0000
v 1.2250 0.2450 1.2250
vt 0.3159 0.8577
vn 0.1924 0.9623 0.1925
v 1.3475 0.1960 1.3475
vt 0.3159 0.8574
vn 0.1925 0.9623 0.1925
v 1.3475 0.1960 0.9800
vt 0.3159 0.8574
vn 0.3714 0.9285 0.0000
f 517/517/517 518/518/518 519/519/519 520/520/520
v 1.2250 0.2450 1.2250
vt 0.3159 0.8577
vn 0.1924 0.9623 0.1925
v 0.9800 0.2450 1.2250
vt 0.3159 0.8577
vn 0.0000 0.9285 0.3714
v 0.9800 0.1960 1.3475
vt 0.3159 0.8574
vn 0.0000 0.9285 0.3714
v 1.3475 0.1960 1.3475
vt 0.3159 0.8574
vn 0.1925 0.9623 0.1925
f 521/521/521 522/522/522 523/523/523 524/524/524
v -0.9800 0.2450 1.2250
vt 0.3159 0.8577
vn 0.0000 0.9285 0.3714
v -1.2250 0.2450 1.2250
vt 0.3159 0.8577
vn -0.1925 0.9623 0.1925
v -1.3475 0.1960 1.3475
vt 0.3159 0.8574
vn -0.1925 0.9623 0.1925
v -0.9800 0.1960 1.3475
vt 0.3159 0.8574
vn 0.0000 0.9285 0.3714
f 525/525/525 526/526/526 527/527/527 528/528/528
v -0.9800 0.0000 0.9800
vt 0.8028 0.7791
vn 0.0000 -1.0000 -0.0000
v -0.9800 0.0000 1.2250
vt 0.8028 0.7791
vn 0.0000 -1.0000 -0.0000
v -1.2250 0.0000 1.2250
vt 0.8028 0.7791
vn 0.0000 -1.0000 -0.0000
v -1.2250 0.0000 0.9800
vt 0.8028 0.7791
vn 0.0000 -1.0000 -0.0000
f 529/529/529 530/530/530 531/531/531 532/532/532
v -0.9800 0.0000 -1.4700
vt 0.8028 0.7791
vn 0.0000 -1.0000 -0.0000
v -0.9800 0.0000 0.9800
vt 0.8028 0.7791
vn 0.0000 -1.0000 -0.0000
v -1.2250 0.0000 0.9800
vt 0.8028 0.7791
vn 0.0000 -1.0000 -0.0000
v -1.2250 0.0000 -1.4700
vt 0.8028 0.7791
vn 0.0000 -1.0000 -0.0000
f 533/533/533 534/534/534 535/535/535 536/536/536
v -0.9800 0.0000 -1.7150
vt 0.8028 0.7791
vn 0.0000 -1.0000 -0.0000
v -0.9800 0.0000 -1.4700
vt 0.8028 0.7791
vn 0.0000 -1.0000 -0.0000
v -1.2250 0.0000 -1.4700
vt 0.8028 0.7791
vn 0.0000 -1.0000 -0.0000
v -1.2250 0.0000 -1.7150
vt 0.8028 0.7791
vn 0.0000 -1.0000 -0.0000
f 537/537/537 538/538/538 539/539/539 540/540/540
v 0.9800 0.0000 -1.4700
vt 0.8028 0.7791
vn 0.0000 -1.0000 -0.0000
v 0.9800 0.0000 0.9800
vt 0.8028 0.7791
vn 0.0000 -1.0000 -0.0000
v -0.9800 0.0000 0.9800
vt 0.8028 0.7791
vn 0.0000 -1.0000 -0.0000
v -0.9800 0.0000 -1.4700
vt 0.8028 0.7791
vn 0.0000 -1.0000 -0.0000
f 541/541/541 542/542/542 543/543/543 544/544/544
v 0.9800 0.0000 -1.7150
vt 0.8028 0.7791
vn 0.0000 -1.0000 -0.0000
v 0.9800 0.0000 -1.4700
vt 0.8028 0.7791
vn 0.0000 -1.0000 -0.0000
v -0.9800 0.0000 -1.4700
vt 0.8028 0.7791
vn 0.0000 -1.0000 -0.0000
v -0.9800 0.0000 -1.7150
vt 0.8028 0.7791
vn 0.0000 -1.0000 -0.0000
f 545/545/545 546/546/546 547/547/547 548/548/548
v 0.9800 0.0000 0.9800
vt 0.8028 0.7791
vn 0.0000 -1.0000 -0.0000
v 0.9800 0.0000 1.2250
vt 0.8028 0.7791
vn 0.0000 -1.0000 -0.0000
v -0.9800 0.0000 1.2250
vt 0.8028 0.7791
vn 0.0000 -1.0000 -0.0000
v -0.9800 0.0000 0.9800
vt 0.8028 0.7791
vn 0.0000 -1.0000 -0.0000
f 549/549/549 550/550/550 551/551/551 552/552/552
v 1.2250 0.0000 -1.4700
vt 0.8028 0.7791
vn 0.0000 -1.0000 -0.0000
v 1.2250 0.0000 0.9800
vt 0.8028 0.7791
vn 0.0000 -1.0000 -0.0000
v 0.9800 0.0000 0.9800
vt 0.8028 0.7791
vn 0.0000 -1.0000 -0.0000
v 0.9800 0.0000 -1.4700
vt 0.8028 0.7791
vn 0.0000 -1.0000 -0.0000
f 553/553/553 554/554/554 555/555/555 556/556/556
v 1.2250 0.0000 -1.7150
vt 0.8028 0.7791
vn 0.0000 -1.0000 -0.0000
v 1.2250 0.0000 -1.4700
vt 0.8028 0.7791
vn 0.0000 -1.0000 -0.0000
v 0.9800 0.0000 -1.4700
vt 0.8028 0.7791
vn 0.0000 -1.0000 -0.0000
v 0.9800 0.0000 -1.7150
vt 0.8028 0.7791
vn 0.0000 -1.0000 -0.0000
f 557/557/557 558/558/558 559/559/559 560/560/560
v 1.2250 0.0000 0.9800
vt 0.8028 0.7791
vn 0.0000 -1.0000 -0.0000
v 1.2250 0.0000 1.2250
vt 0.8028 0.7791
vn 0.0000 -1.0000 -0.0000
v 0.9800 0.0000 1.2250
vt 0.8028 0.7791
vn 0.0000 -1.0000 -0.0000
v 0.9800 0.0000 0.9800
vt 0.8028 0.7791
vn 0.0000 -1.0000 -0.0000
f 561/561/561 562/562/562 563/563/563 564/564/564
v -1.7324 1.3790 1.2250
vt 0.8297 0.8353
vn -0.0000 0.0000 -1.0000
v 0.0000 3.1114 1.2250
vt 0.8297 0.8667
vn -0.0000 0.0000 -1.0000
v 0.0000 2.7653 1.2250
vt 0.8297 0.8604
vn -0.0000 0.0000 -1.0000
v -1.5592 1.2057 1.2250
vt 0.8297 0.8322
vn -0.0000 0.0000 -1.0000
f 565/565/565 566/566/566 567/567/567 568/568/568
v -1.5592 1.2057 1.2250
vt 0.8028 0.8009
vn 0.7072 -0.7070 -0.0000
v 0.0000 2.7653 1.2250
vt 0.8028 0.8292
vn 0.7072 -0.7070 -0.0000
v 0.0000 2.7653 1.4700
vt 0.8028 0.8292
vn 0.7072 -0.7070 -0.0000
v -1.5592 1.2057 1.4700
vt 0.8028 0.8009
vn 0.7072 -0.7070 -0.0000
f 569/569/569 570/570/570 571/571/571 572/572/572
v -1.5592 1.2057 1.4700
vt 0.8297 0.8322
vn 0.0000 -0.0000 1.0000
v 0.0000 2.7653 1.4700
vt 0.8297 0.8604
vn 0.0000 -0.0000 1.0000
v 0.0000 3.1114 1.4700
vt 0.8297 0.8667
vn 0.0000 -0.0000 1.0000
v -1.7324 1.3790 1.4700
vt 0.8297 0.8353
vn 0.0000 -0.0000 1.0000
f 573/573/573 574/574/574 575/575/575 576/576/576
v -1.7324 1.3790 1.4700
vt 0.8565 0.8822
vn -0.7071 0.7071 0.0000
v 0.0000 3.1114 1.4700
vt 0.8565 0.9136
vn -0.7071 0.7071 0.0000
v 0.0000 3.1114 1.2250
vt 0.8565 0.9136
vn -0.7071 0.7071 0.0000
v -1.7324 1.3790 1.2250
vt 0.8565 0.8822
vn -0.7071 0.7071 0.0000
f 577/577/577 578/578/578 579/579/579 580/580/580
v -1.5592 1.2057 1.2250
vt 0.8163 0.8165
vn -0.7071 -0.7071 0.0000
v -1.5592 1.2057 1.4700
vt 0.8163 0.8165
vn -0.7071 -0.7071 0.0000
v -1.7324 1.3790 1.4700
vt 0.8163 0.8197
vn -0.7071 -0.7071 0.0000
v -1.7324 1.3790 1.2250
vt 0.8163 0.8197
vn -0.7071 -0.7071 0.0000
f 581/581/581 582/582/582 583/583/583 584/584/584
v 1.7324 1.3790 1.4700
vt 0.8297 0.8353
vn 0.0000 -0.0000 1.0000
v 0.0000 3.1114 1.4700
vt 0.8297 0.8667
vn 0.0000 -0.0000 1.0000
v 0.0000 2.7653 1.4700
vt 0.8297 0.8604
vn 0.0000 -0.0000 1.0000
v 1.5592 1.2057 1.4700
vt 0.8297 0.8322
vn 0.0000 -0.0000 1.0000
f 585/585/585 586/586/586 587/587/587 588/588/588
v 1.5592 1.2057 1.4700
vt 0.8028 0.8009
vn -0.7072 -0.7070 0.0000
v 0.0000 2.7653 1.4700
vt 0.8028 0.8292
vn -0.7072 -0.7070 0.0000
v 0.0000 2.7653 1.2250
vt 0.8028 0.8292
vn -0.7072 -0.7070 0.0000
v 1.5592 1.2057 1.2250
vt 0.8028 0.8009
vn -0.7072 -0.7070 0.0000
f 589/589/589 590/590/590 591/591/591 592/592/592
v 1.5592 1.2057 1.2250
vt 0.8297 0.8322
vn -0.0000 0.0000 -1.0000
v 0.0000 2.7653 1.2250
vt 0.8297 0.8604
vn -0.0000 0.0000 -1.0000
v 0.0000 3.1114 1.2250
vt 0.8297 0.8667
vn -0.0000 0.0000 -1.0000
v 1.7324 1.3790 1.2250
vt 0.8297 0.8353
vn -0.0000 0.0000 -1.0000
f 593/593/593 594/594/594 595/595/595 596/596/596
v 1.7324 1.3790 1.2250
vt 0.8565 0.8822
vn 0.7071 0.7071 0.0000
v 0.0000 3.1114 1.2250
vt 0.8565 0.9136
vn 0.7071 0.7071 0.0000
v 0.0000 3.1114 1.4700
vt 0.8565 0.9136
vn 0.7071 0.7071 0.0000
v 1.7324 1.3790 1.4700
vt 0.8565 0.8822
vn 0.7071 0.7071 0.0000
f 597/597/597 598/598/598 599/599/599 600/600/600
v 1.5592 1.2057 1.4700
vt 0.8163 0.8165
vn 0.7071 -0.7071 -0.0000
v 1.5592 1.2057 1.2250
vt 0.8163 0.8165
vn 0.7071 -0.7071 -0.0000
v 1.7324 1.3790 1.2250
vt 0.8163 0.8197
vn 0.7071 -0.7071 -0.0000
v 1.7324 1.3790 1.4700
vt 0.8163 0.8197
vn 0.7071 -0.7071 -0.0000
f 601/601/601 602/602/602 603/603/603 604/604/604
v -1.7324 1.3790 -1.9600
vt 0.8297 0.8353
vn -0.0000 0.0000 -1.0000
v 0.0000 3.1114 -1.9600
vt 0.8297 0.8667
vn -0.0000 0.0000 -1.0000
v 0.0000 2.7653 -1.9600
vt 0.8297 0.8604
vn -0.0000 0.0000 -1.0000
v -1.5592 1.2057 -1.9600
vt 0.8297 0.8322
vn -0.0000 0.0000 -1.0000
f 605/605/605 606/606/606 607/607/607 608/608/608
v -1.5592 1.2057 -1.9600
vt 0.8028 0.8009
vn 0.7072 -0.7070 -0.0000
v 0.0000 2.7653 -1.9600
vt 0.8028 0.8292
vn 0.7072 -0.7070 -0.0000
v 0.0000 2.7653 -1.7150
vt 0.8028 0.8292
vn 0.7072 -0.7070 -0.0000
v -1.5592 1.2057 -1.7150
vt 0.8028 0.8009
vn 0.7072 -0.7070 -0.0000
f 609/609/609 610/610/610 611/611/611 612/612/612
v -1.5592 1.2057 -1.7150
vt 0.8297 0.8322
vn 0.0000 -0.0000 1.0000
v 0.0000 2.7653 -1.7150
vt 0.8297 0.8604
vn 0.0000 -0.0000 1.0000
v 0.0000 3.1114 -1.7150
vt 0.8297 0.8667
vn 0.0000 -0.0000 1.0000
v -1.7324 1.3790 -1.7150
vt 0.8297 0.8353
vn 0.0000 -0.0000 1.0000
f 613/613/613 614/614/614 615/615/615 616/616/616
v -1.7324 1.3790 -1.7150
vt 0.8565 0.8822
vn -0.7071 0.7071 0.0000
v 0.0000 3.1114 -1.7150
vt 0.8565 0.9136
vn -0.7071 0.7071 0.0000
v 0.0000 3.1114 -1.9600
vt 0.8565 0.9136
vn -0.7071 0.7071 0.0000
v -1.7324 1.3790 -1.9600
vt 0.8565 0.8822
vn -0.7071 0.7071 0.0000
f 617/617/617 618/618/618 619/619/619 620/620/620
v -1.5592 1.2057 -1.9600
vt 0.8163 0.8165
vn -0.7071 -0.7071 0.0000
v -1.5592 1.2057 -1.7150
vt 0.8163 0.8165
vn -0.7071 -0.7071 0.0000
v -1.7324 1.3790 -1.7150
vt 0.8163 0.8197
vn -0.7071 -0.7071 0.0000
v -1.7324 1.3790 -1.9600
vt 0.8163 0.8197
vn -0.7071 -0.7071 0.0000
f 621/621/621 622/622/622 623/623/623 624/624/624
v 1.7324 1.3790 -1.7150
vt 0.8297 0.8353
vn 0.0000 -0.0000 1.0000
v 0.0000 3.1114 -1.7150
vt 0.8297 0.8667
vn 0.0000 -0.0000 1.0000
v 0.0000 2.7653 -1.7150
vt 0.8297 0.8604
vn 0.0000 -0.0000 1.0000
v 1.5592 1.2057 -1.7150
vt 0.8297 0.8322
vn 0.0000 -0.0000 1.0000
f 625/625/625 626/626/626 627/627/627 628/628/628
v 1.5592 1.2057 -1.7150
vt 0.8028 0.8009
vn -0.7072 -0.7070 0.0000
v 0.0000 2.7653 -1.7150
vt 0.8028 0.8292
vn -0.7072 -0.7070 0.0000
v 0.0000 2.7653 -1.9600
vt 0.8028 0.8292
vn -0.7072 -0.7070 0.0000
v 1.5592 1.2057 -1.9600
vt 0.8028 0.8009
vn -0.7072 -0.7070 0.0000
f 629/629/629 630/630/630 631/631/631 632/632/632
v 1.5592 1.2057 -1.9600
vt 0.8297 0.8322
vn -0.0000 0.0000 -1.0000
v 0.0000 2.7653 -1.9600
vt 0.8297 0.8604
vn -0.0000 0.0000 -1.0000
v 0.0000 3.1114 -1.9600
vt 0.8297 0.8667
vn -0.0000 0.0000 -1.0000
v 1.7324 1.3790 -1.9600
vt 0.8297 0.8353
vn -0.0000 0.0000 -1.0000
f 633/633/633 634/634/634 635/635/635 636/636/636
v 1.7324 1.3790 -1.9600
vt 0.8565 0.8822
vn 0.7071 0.7071 0.0000
v 0.0000 3.1114 -1.9600
vt 0.8565 0.9136
vn 0.7071 0.7071 0.0000
v 0.0000 3.1114 -1.7150
vt 0.8565 0.9136
vn 0.7071 0.7071 0.0000
v 1.7324 1.3790 -1.7150
vt 0.8565 0.8822
vn 0.7071 0.7071 0.0000
f 637/637/637 638/638/638 639/639/639 640/640/640
v 1.5592 1.2057 -1.7150
vt 0.8163 0.8165
vn 0.7071 -0.7071 -0.0000
v 1.5592 1.2057 -1.9600
vt 0.8163 0.8165
vn 0.7071 -0.7071 -0.0000
v 1.7324 1.3790 -1.9600
vt 0.8163 0.8197
vn 0.7071 -0.7071 -0.0000
v 1.7324 1.3790 -1.7150
vt 0.8163 0.8197
vn 0.7071 -0.7071 -0.0000
f 641/641/641 642/642/642 643/643/643 644/644/644
v 1.4455 1.4699 -1.7150
vt 0.1920 0.7962
vn -0.0000 0.0000 -1.0000
v -1.4455 1.4699 -1.7150
vt 0.1830 0.7962
vn -0.0000 0.0000 -1.0000
v 0.0000 2.7929 -1.7150
vt 0.1875 0.9189
vn -0.0000 0.0000 -1.0000
f 645/645/645 646/646/646 647/647/647
v 1.4455 1.4699 1.2250
vt 0.1920 0.7962
vn 0.0000 -0.0000 1.0000
v 0.0000 2.7929 1.2250
vt 0.1875 0.9189
vn 0.0000 -0.0000 1.0000
v -1.4455 1.4699 1.2250
vt 0.1830 0.7962
vn 0.0000 -0.0000 1.0000
f 648/648/648 649/649/649 650/650/650
v 1.6170 0.7211 1.1396
vt 0.8297 0.8234
vn -1.0000 0.0000 0.0000
v 1.6170 1.3708 0.4900
vt 0.8297 0.8352
vn -1.0000 0.0000 0.0000
v 1.6170 1.1112 0.4900
vt 0.8297 0.8305
vn -1.0000 0.0000 0.0000
v 1.6170 0.5912 1.0097
vt 0.8297 0.8210
vn -1.0000 0.0000 0.0000
f 651/651/651 652/652/652 653/653/653 654/654/654
v 1.6170 0.5912 1.0097
vt 0.8028 0.7898
vn -0.0000 -0.7069 -0.7073
v 1.6170 1.1112 0.4900
vt 0.8028 0.7992
vn -0.0000 -0.7069 -0.7073
v 1.8007 1.1112 0.4900
vt 0.8028 0.7992
vn -0.0000 -0.7069 -0.7073
v 1.8007 0.5912 1.0097
vt 0.8028 0.7898
vn -0.0000 -0.7069 -0.7073
f 655/655/655 656/656/656 657/657/657 658/658/658
v 1.8007 0.5912 1.0097
vt 0.8297 0.8210
vn 1.0000 -0.0000 -0.0000
v 1.8007 1.1112 0.4900
vt 0.8297 0.8305
vn 1.0000 -0.0000 -0.0000
v 1.8007 1.3708 0.4900
vt 0.8297 0.8352
vn 1.0000 -0.0000 -0.0000
v 1.8007 0.7211 1.1396
vt 0.8297 0.8234
vn 1.0000 -0.0000 -0.0000
f 659/659/659 660/660/660 661/661/661 662/662/662
v 1.8007 0.7211 1.1396
vt 0.8565 0.8703
vn 0.0000 0.7071 0.7071
v 1.8007 1.3708 0.4900
vt 0.8565 0.8820
vn 0.0000 0.7071 0.7071
v 1.6170 1.3708 0.4900
vt 0.8565 0.8820
vn 0.0000 0.7071 0.7071
v 1.6170 0.7211 1.1396
vt 0.8565 0.8703
vn 0.0000 0.7071 0.7071
f 663/663/663 664/664/664 665/665/665 666/666/666
v 1.6170 0.5912 1.0097
vt 0.8163 0.8054
vn 0.0000 -0.7071 0.7071
v 1.8007 0.5912 1.0097
vt 0.8163 0.8054
vn 0.0000 -0.7071 0.7071
v 1.8007 0.7211 1.1396
vt 0.8163 0.8078
vn 0.0000 -0.7071 0.7071
v 1.6170 0.7211 1.1396
vt 0.8163 0.8078
vn 0.0000 -0.7071 0.7071
f 667/667/667 668/668/668 669/669/669 670/670/670
v 1.8007 0.7211 -0.1597
vt 0.8297 0.8234
vn 1.0000 -0.0000 -0.0000
v 1.8007 1.3708 0.4900
vt 0.8297 0.8352
vn 1.0000 -0.0000 -0.0000
v 1.8007 1.1112 0.4900
vt 0.8297 0.8305
vn 1.0000 -0.0000 -0.0000
v 1.8007 0.5912 -0.0297
vt 0.8297 0.8210
vn 1.0000 -0.0000 -0.0000
f 671/671/671 672/672/672 673/673/673 674/674/674
v 1.8007 0.5912 -0.0297
vt 0.8028 0.7898
vn 0.0000 -0.7069 0.7073
v 1.8007 1.1112 0.4900
vt 0.8028 0.7992
vn 0.0000 -0.7069 0.7073
v 1.6170 1.1112 0.4900
vt 0.8028 0.7992
vn 0.0000 -0.7069 0.7073
v 1.6170 0.5912 -0.0297
vt 0.8028 0.7898
vn 0.0000 -0.7069 0.7073
f 675/675/675 676/676/676 677/677/677 678/678/678
v 1.6170 0.5912 -0.0297
vt 0.8297 0.8210
vn -1.0000 0.0000 0.0000
v 1.6170 1.1112 0.4900
vt 0.8297 0.8305
vn -1.0000 0.0000 0.0000
v 1.6170 1.3708 0.4900
vt 0.8297 0.8352
vn -1.0000 0.0000 0.0000
v 1.6170 0.7211 -0.1597
vt 0.8297 0.8234
vn -1.0000 0.0000 0.0000
f 679/679/679 680/680/680 681/681/681 682/682/682
v 1.6170 0.7211 -0.1597
vt 0.8565 0.8703
vn -0.0000 0.7071 -0.7071
v 1.6170 1.3708 0.4900
vt 0.8565 0.8820
vn -0.0000 0.7071 -0.7071
v 1.8007 1.3708 0.4900
vt 0.8565 0.8820
vn -0.0000 0.7071 -0.7071
v 1.8007 0.7211 -0.1597
vt 0.8565 0.8703
vn -0.0000 0.7071 -0.7071
f 683/683/683 684/684/684 685/685/685 686/686/686
v 1.8007 0.5912 -0.0297
vt 0.8163 0.8054
vn -0.0000 -0.7071 -0.7071
v 1.6170 0.5912 -0.0297
vt 0.8163 0.8054
vn -0.0000 -0.7071 -0.7071
v 1.6170 0.7211 -0.1597
vt 0.8163 0.8078
vn -0.0000 -0.7071 -0.7071
v 1.8007 0.7211 -0.1597
vt 0.8163 0.8078
vn -0.0000 -0.7071 -0.7071
f 687/687/687 688/688/688 689/689/689 690/690/690
v 1.6856 0.2450 0.0940
vt 0.1606 0.7971
vn 0.9999 -0.0150 -0.0000
v 1.6856 0.8228 0.0940
vt 0.1606 0.8730
vn 1.0000 -0.0000 -0.0000
v 1.6856 0.8228 0.8859
vt 0.1606 0.8730
vn 1.0000 -0.0000 -0.0000
v 1.6856 0.2450 0.8859
vt 0.1606 0.7971
vn 0.9999 -0.0150 -0.0000
f 691/691/691 692/692/692 693/693/693 694/694/694
v 1.6856 0.2450 0.0940
vt 0.8297 0.8148
vn 0.9999 -0.0150 -0.0000
v 1.6856 0.2450 0.8859
vt 0.8297 0.8148
vn 0.9999 -0.0150 -0.0000
v 1.6782 -0.0000 0.8859
vt 0.8297 0.8103
vn 0.9996 -0.0300 -0.0000
v 1.6782 -0.0000 0.0940
vt 0.8297 0.8103
vn 0.9996 -0.0300 -0.0000
f 695/695/695 696/696/696 697/697/697 698/698/698
v 1.2250 0.8228 0.0940
vt 0.1907 0.9042
vn -0.0000 0.0000 -1.0000
v 1.6856 0.8228 0.0940
vt 0.1919 0.9042
vn -0.0000 0.0000 -1.0000
v 1.6856 0.2450 0.0940
vt 0.1919 0.8284
vn -0.0000 0.0000 -1.0000
v 1.2250 0.2450 0.0940
vt 0.1907 0.8284
vn -0.0000 0.0000 -1.0000
f 699/699/699 700/700/700 701/701/701 702/702/702
v 1.6856 0.8228 0.8859
vt 0.1919 0.9042
vn 0.0000 -0.0000 1.0000
v 1.2250 0.8228 0.8859
vt 0.1907 0.9042
vn 0.0000 -0.0000 1.0000
v 1.2250 0.2450 0.8859
vt 0.1907 0.8284
vn 0.0000 -0.0000 1.0000
v 1.6856 0.2450 0.8859
vt 0.1919 0.8284
vn 0.0000 -0.0000 1.0000
f 703/703/703 704/704/704 705/705/705 706/706/706
v 1.6856 0.8228 0.0940
vt 0.1606 0.8730
vn 1.0000 -0.0000 -0.0000
v 1.6856 1.1763 0.4900
vt 0.1607 0.9194
vn 1.0000 -0.0000 -0.0000
v 1.6856 0.8228 0.8859
vt 0.1606 0.8730
vn 1.0000 -0.0000 -0.0000
f 707/707/707 708/708/708 709/709/709
v 1.6782 -0.0000 0.8859
vt 0.8222 0.7791
vn 0.0000 -1.0000 -0.0000
v 1.2250 -0.0000 0.8859
vt 0.8212 0.7791
vn 0.0000 -1.0000 -0.0000
v 1.2250 -0.0000 0.0940
vt 0.8212 0.7791
vn 0.0000 -1.0000 -0.0000
v 1.6782 -0.0000 0.0940
vt 0.8222 0.7791
vn 0.0000 -1.0000 -0.0000
f 710/710/710 711/711/711 712/712/712 713/713/713
v 1.6856 0.2450 0.8859
vt 0.8297 0.8148
vn 0.0000 -0.0000 1.0000
v 1.2250 0.2450 0.8859
vt 0.8297 0.8148
vn 0.0000 -0.0000 1.0000
v 1.2250 -0.0000 0.8859
vt 0.8297 0.8103
vn 0.0000 -0.0000 1.0000
v 1.6782 -0.0000 0.8859
vt 0.8297 0.8103
vn 0.0000 -0.0000 1.0000
f 714/714/714 715/715/715 716/716/716 717/717/717
v 1.2250 0.2450 0.0940
vt 0.8297 0.8148
vn -0.0000 0.0000 -1.0000
v 1.6856 0.2450 0.0940
vt 0.8297 0.8148
vn -0.0000 0.0000 -1.0000
v 1.6782 -0.0000 0.0940
vt 0.8297 0.8103
vn -0.0000 0.0000 -1.0000
v 1.2250 -0.0000 0.0940
vt 0.8297 0.8103
vn -0.0000 0.0000 -1.0000
f 718/718/718 719/719/719 720/720/720 721/721/721
v 1.6170 0.7211 -0.3304
vt 0.8297 0.8234
vn -1.0000 0.0000 0.0000
v 1.6170 1.3708 -0.9800
vt 0.8297 0.8352
vn -1.0000 0.0000 0.0000
v 1.6170 1.1112 -0.9800
vt 0.8297 0.8305
vn -1.0000 0.0000 0.0000
v 1.6170 0.5912 -0.4603
vt 0.8297 0.8210
vn -1.0000 0.0000 0.0000
f 722/722/722 723/723/723 724/724/724 725/725/725
v 1.6170 0.5912 -0.4603
vt 0.8028 0.7898
vn -0.0000 -0.7069 -0.7073
v 1.6170 1.1112 -0.9800
vt 0.8028 0.7992
vn -0.0000 -0.7069 -0.7073
v 1.8007 1.1112 -0.9800
vt 0.8028 0.7992
vn -0.0000 -0.7069 -0.7073
v 1.8007 0.5912 -0.4603
vt 0.8028 0.7898
vn -0.0000 -0.7069 -0.7073
f 726/726/726 727/727/727 728/728/728 729/729/729
v 1.8007 0.5912 -0.4603
vt 0.8297 0.8210
vn 1.0000 -0.0000 -0.0000
v 1.8007 1.1112 -0.9800
vt 0.8297 0.8305
vn 1.0000 -0.0000 -0.0000
v 1.8007 1.3708 -0.9800
vt 0.8297 0.8352
vn 1.0000 -0.0000 -0.0000
v 1.8007 0.7211 -0.3304
vt 0.8297 0.8234
vn 1.0000 -0.0000 -0.0000
f 730/730/730 731/731/731 732/732/732 733/733/733
v 1.8007 0.7211 -0.3304
vt 0.8565 0.8703
vn 0.0000 0.7071 0.7071
v 1.8007 1.3708 -0.9800
vt 0.8565 0.8820
vn 0.0000 0.7071 0.7071
v 1.6170 1.3708 -0.9800
vt 0.8565 0.8820
vn 0.0000 0.7071 0.7071
v 1.6170 0.7211 -0.3304
vt 0.8565 0.8703
vn 0.0000 0.7071 0.7071
f 734/734/734 735/735/735 736/736/736 737/737/737
v 1.6170 0.5912 -0.4603
vt 0.8163 0.8054
vn 0.0000 -0.7071 0.7071
v 1.8007 0.5912 -0.4603
vt 0.8163 0.8054
vn 0.0000 -0.7071 0.7071
v 1.8007 0.7211 -0.3304
vt 0.8163 0.8078
vn 0.0000 -0.7071 0.7071
v 1.6170 0.7211 -0.3304
vt 0.8163 0.8078
vn 0.0000 -0.7071 0.7071
f 738/738/738 739/739/739 740/740/740 741/741/741
v 1.8007 0.7211 -1.6297
vt 0.8297 0.8234
vn 1.0000 -0.0000 -0.0000
v 1.8007 1.3708 -0.9800
vt 0.8297 0.8352
vn 1.0000 -0.0000 -0.0000
v 1.8007 1.1112 -0.9800
vt 0.8297 0.8305
vn 1.0000 -0.0000 -0.0000
v 1.8007 0.5912 -1.4997
vt 0.8297 0.8210
vn 1.0000 -0.0000 -0.0000
f 742/742/742 743/743/743 744/744/744 745/745/745
v 1.8007 0.5912 -1.4997
vt 0.8028 0.7898
vn 0.0000 -0.7069 0.7073
v 1.8007 1.1112 -0.9800
vt 0.8028 0.7992
vn 0.0000 -0.7069 0.7073
v 1.6170 1.1112 -0.9800
vt 0.8028 0.7992
vn 0.0000 -0.7069 0.7073
v 1.6170 0.5912 -1.4997
vt 0.8028 0.7898
vn 0.0000 -0.7069 0.7073
f 746/746/746 747/747/747 748/748/748 749/749/749
v 1.6170 0.5912 -1.4997
vt 0.8297 0.8210
vn -1.0000 0.0000 0.0000
v 1.6170 1.1112 -0.9800
vt 0.8297 0.8305
vn -1.0000 0.0000 0.0000
v 1.6170 1.3708 -0.9800
vt 0.8297 0.8352
vn -1.0000 0.0000 0.0000
v 1.6170 0.7211 -1.6297
vt 0.8297 0.8234
vn -1.0000 0.0000 0.0000
f 750/750/750 751/751/751 752/752/752 753/753/753
v 1.6170 0.7211 -1.6297
vt 0.8565 0.8703
vn -0.0000 0.7071 -0.7071
v 1.6170 1.3708 -0.9800
vt 0.8565 0.8820
vn -0.0000 0.7071 -0.7071
v 1.8007 1.3708 -0.9800
vt 0.8565 0.8820
vn -0.0000 0.7071 -0.7071
v 1.8007 0.7211 -1.6297
vt 0.8565 0.8703
vn -0.0000 0.7071 -0.7071
f 754/754/754 755/755/755 756/756/756 757/757/757
v 1.8007 0.5912 -1.4997
vt 0.8163 0.8054
vn -0.0000 -0.7071 -0.7071
v 1.6170 0.5912 -1.4997
vt 0.8163 0.8054
vn -0.0000 -0.7071 -0.7071
v 1.6170 0.7211 -1.6297
vt 0.8163 0.8078
vn -0.0000 -0.7071 -0.7071
v 1.8007 0.7211 -1.6297
vt 0.8163 0.8078
vn -0.0000 -0.7071 -0.7071
f 758/758/758 759/759/759 760/760/760 761/761/761
v 1.6856 0.2450 -1.3760
vt 0.1606 0.7971
vn 0.9999 -0.0150 -0.0000
v 1.6856 0.8228 -1.3760
vt 0.1606 0.8730
vn 1.0000 -0.0000 -0.0000
v 1.6856 0.8228 -0.5841
vt 0.1606 0.8730
vn 1.0000 -0.0000 -0.0000
v 1.6856 0.2450 -0.5841
vt 0.1606 0.7971
vn 0.9999 -0.0150 -0.0000
f 762/762/762 763/763/763 764/764/764 765/765/765
v 1.6856 0.2450 -1.3760
vt 0.8297 0.8148
vn 0.9999 -0.0150 -0.0000
v 1.6856 0.2450 -0.5841
vt 0.8297 0.8148
vn 0.9999 -0.0150 -0.0000
v 1.6782 -0.0000 -0.5841
vt 0.8297 0.8103
vn 0.9996 -0.0300 -0.0000
v 1.6782 -0.0000 -1.3760
vt 0.8297 0.8103
vn 0.9996 -0.0300 -0.0000
f 766/766/766 767/767/767 768/768/768 769/769/769
v 1.2250 0.8228 -1.3760
vt 0.1907 0.9042
vn -0.0000 0.0000 -1.0000
v 1.6856 0.8228 -1.3760
vt 0.1919 0.9042
vn -0.0000 0.0000 -1.0000
v 1.6856 0.2450 -1.3760
vt 0.1919 0.8284
vn -0.0000 0.0000 -1.0000
v 1.2250 0.2450 -1.3760
vt 0.1907 0.8284
vn -0.0000 0.0000 -1.0000
f 770/770/770 771/771/771 772/772/772 773/773/773
v 1.6856 0.8228 -0.5841
vt 0.1919 0.9042
vn 0.0000 -0.0000 1.0000
v 1.2250 0.8228 -0.5841
vt 0.1907 0.9042
vn 0.0000 -0.0000 1.0000
v 1.2250 0.2450 -0.5841
vt 0.1907 0.8284
vn 0.0000 -0.0000 1.0000
v 1.6856 0.2450 -0.5841
vt 0.1919 0.8284
vn 0.0000 -0.0000 1.0000
f 774/774/774 775/775/775 776/776/776 777/777/777
v 1.6856 0.8228 -1.3760
vt 0.1606 0.8730
vn 1.0000 -0.0000 -0.0000
v 1.6856 1.1763 -0.9800
vt 0.1607 0.9194
vn 1.0000 -0.0000 -0.0000
v 1.6856 0.8228 -0.5841
vt 0.1606 0.8730
vn 1.0000 -0.0000 -0.0000
f 778/778/778 779/779/779 780/780/780
v 1.6782 -0.0000 -0.5841
vt 0.8222 0.7791
vn 0.0000 -1.0000 -0.0000
v 1.2250 -0.0000 -0.5841
vt 0.8212 0.7791
vn 0.0000 -1.0000 -0.0000
v 1.2250 -0.0000 -1.3760
vt 0.8212 0.7791
vn 0.0000 -1.0000 -0.0000
v 1.6782 -0.0000 -1.3760
vt 0.8222 0.7791
vn 0.0000 -1.0000 -0.0000
f 781/781/781 782/782/782 783/783/783 784/784/784
v 1.6856 0.2450 -0.5841
vt 0.8297 0.8148
vn 0.0000 -0.0000 1.0000
v 1.2250 0.2450 -0.5841
vt 0.8297 0.8148
vn 0.0000 -0.0000 1.0000
v 1.2250 -0.0000 -0.5841
vt 0.8297 0.8103
vn 0.0000 -0.0000 1.0000
v 1.6782 -0.0000 -0.5841
vt 0.8297 0.8103
vn 0.0000 -0.0000 1.0000
f 785/785/785 786/786/786 787/787/787 788/788/788
v 1.2250 0.2450 -1.3760
vt 0.8297 0.8148
vn -0.0000 0.0000 -1.0000
v 1.6856 0.2450 -1.3760
vt 0.8297 0.8148
vn -0.0000 0.0000 -1.0000
v 1.6782 -0.0000 -1.3760
vt 0.8297 0.8103
vn -0.0000 0.0000 -1.0000
v 1.2250 -0.0000 -1.3760
vt 0.8297 0.8103
vn -0.0000 0.0000 -1.0000
f 789/789/789 790/790/790 791/791/791 792/792/792
v -1.6170 0.7211 -1.6296
vt 0.8297 0.8234
vn 1.0000 -0.0000 -0.0000
v -1.6170 1.3708 -0.9800
vt 0.8297 0.8352
vn 1.0000 -0.0000 -0.0000
v -1.6170 1.1112 -0.9800
vt 0.8297 0.8305
vn 1.0000 -0.0000 -0.0000
v -1.6170 0.5912 -1.4997
vt 0.8297 0.8210
vn 1.0000 -0.0000 -0.0000
f 793/793/793 794/794/794 795/795/795 796/796/796
v -1.6170 0.5912 -1.4997
vt 0.8028 0.7898
vn 0.0000 -0.7069 0.7073
v -1.6170 1.1112 -0.9800
vt 0.8028 0.7992
vn 0.0000 -0.7069 0.7073
v -1.8007 1.1112 -0.9800
vt 0.8028 0.7992
vn 0.0000 -0.7069 0.7073
v -1.8007 0.5912 -1.4997
vt 0.8028 0.7898
vn 0.0000 -0.7069 0.7073
f 797/797/797 798/798/798 799/799/799 800/800/800
v -1.8007 0.5912 -1.4997
vt 0.8297 0.8210
vn -1.0000 0.0000 0.0000
v -1.8007 1.1112 -0.9800
vt 0.8297 0.8305
vn -1.0000 0.0000 0.0000
v -1.8007 1.3708 -0.9800
vt 0.8297 0.8352
vn -1.0000 0.0000 0.0000
v -1.8007 0.7211 -1.6296
vt 0.8297 0.8234
vn -1.0000 0.0000 0.0000
f 801/801/801 802/802/802 803/803/803 804/804/804
v -1.8007 0.7211 -1.6296
vt 0.8565 0.8703
vn -0.0000 0.7071 -0.7071
v -1.8007 1.3708 -0.9800
vt 0.8565 0.8820
vn -0.0000 0.7071 -0.7071
v -1.6170 1.3708 -0.9800
vt 0.8565 0.8820
vn -0.0000 0.7071 -0.7071
v -1.6170 0.7211 -1.6296
vt 0.8565 0.8703
vn -0.0000 0.7071 -0.7071
f 805/805/805 806/806/806 807/807/807 808/808/808
v -1.6170 0.5912 -1.4997
vt 0.8163 0.8054
vn -0.0000 -0.7071 -0.7071
v -1.8007 0.5912 -1.4997
vt 0.8163 0.8054
vn -0.0000 -0.7071 -0.7071
v -1.8007 0.7211 -1.6296
vt 0.8163 0.8078
vn -0.0000 -0.7071 -0.7071
v -1.6170 0.7211 -1.6296
vt 0.8163 0.8078
vn -0.0000 -0.7071 -0.7071
f 809/809/809 810/810/810 811/811/811 812/812/812
v -1.8007 0.7211 -0.3303
vt 0.8297 0.8234
vn -1.0000 0.0000 0.0000
v -1.8007 1.3708 -0.9800
vt 0.8297 0.8352
vn -1.0000 0.0000 0.0000
v -1.8007 1.1112 -0.9800
vt 0.8297 0.8305
vn -1.0000 0.0000 0.0000
v -1.8007 0.5912 -0.4603
vt 0.8297 0.8210
vn -1.0000 0.0000 0.0000
f 813/813/813 814/814/814 815/815/815 816/816/816
v -1.8007 0.5912 -0.4603
vt 0.8028 0.7898
vn -0.0000 -0.7069 -0.7073
v -1.8007 1.1112 -0.9800
vt 0.8028 0.7992
vn -0.0000 -0.7069 -0.7073
v -1.6170 1.1112 -0.9800
vt 0.8028 0.7992
vn -0.0000 -0.7069 -0.7073
v -1.6170 0.5912 -0.4603
vt 0.8028 0.7898
vn -0.0000 -0.7069 -0.7073
f 817/817/817 818/818/818 819/819/819 820/820/820
v -1.6170 0.5912 -0.4603
vt 0.8297 0.8210
vn 1.0000 -0.0000 -0.0000
v -1.6170 1.1112 -0.9800
vt 0.8297 0.8305
vn 1.0000 -0.0000 -0.0000
v -1.6170 1.3708 -0.9800
vt 0.8297 0.8352
vn 1.0000 -0.0000 -0.0000
v -1.6170 0.7211 -0.3303
vt 0.8297 0.8234
vn 1.0000 -0.0000 -0.0000
f 821/821/821 822/822/822 823/823/823 824/824/824
v -1.6170 0.7211 -0.3303
vt 0.8565 0.8703
vn 0.0000 0.7071 0.7071
v -1.6170 1.3708 -0.9800
vt 0.8565 0.8820
vn 0.0000 0.7071 0.7071
v -1.8007 1.3708 -0.9800
vt 0.8565 0.8820
vn 0.0000 0.7071 0.7071
v -1.8007 0.7211 -0.3303
vt 0.8565 0.8703
vn 0.0000 0.7071 0.7071
f 825/825/825 826/826/826 827/827/827 828/828/828
v -1.8007 0.5912 -0.4603
vt 0.8163 0.8054
vn 0.0000 -0.7071 0.7071
v -1.6170 0.5912 -0.4603
vt 0.8163 0.8054
vn 0.0000 -0.7071 0.7071
v -1.6170 0.7211 -0.3303
vt 0.8163 0.8078
vn 0.0000 -0.7071 0.7071
v -1.8007 0.7211 -0.3303
vt 0.8163 0.8078
vn 0.0000 -0.7071 0.7071
f 829/829/829 830/830/830 831/831/831 832/832/832
v -1.6856 0.2450 -0.5840
vt 0.1519 0.7971
vn -0.9999 -0.0150 0.0000
v -1.6856 0.8228 -0.5840
vt 0.1519 0.8730
vn -1.0000 0.0000 0.0000
v -1.6856 0.8228 -1.3759
vt 0.1519 0.8730
vn -1.0000 0.0000 0.0000
v -1.6856 0.2450 -1.3759
vt 0.1519 0.7971
vn -0.9999 -0.0150 0.0000
f 833/833/833 834/834/834 835/835/835 836/836/836
v -1.6856 0.2450 -0.5840
vt 0.8297 0.8148
vn -0.9999 -0.0150 0.0000
v -1.6856 0.2450 -1.3759
vt 0.8297 0.8148
vn -0.9999 -0.0150 0.0000
v -1.6782 -0.0000 -1.3759
vt 0.8297 0.8103
vn -0.9996 -0.0300 0.0000
v -1.6782 -0.0000 -0.5840
vt 0.8297 0.8103
vn -0.9996 -0.0300 0.0000
f 837/837/837 838/838/838 839/839/839 840/840/840
v -1.2250 0.8228 -0.5840
vt 0.1843 0.9042
vn 0.0000 -0.0000 1.0000
v -1.6856 0.8228 -0.5840
vt 0.1831 0.9042
vn 0.0000 -0.0000 1.0000
v -1.6856 0.2450 -0.5840
vt 0.1831 0.8284
vn 0.0000 -0.0000 1.0000
v -1.2250 0.2450 -0.5840
vt 0.1843 0.8284
vn 0.0000 -0.0000 1.0000
f 841/841/841 842/842/842 843/843/843 844/844/844
v -1.6856 0.8228 -1.3759
vt 0.1831 0.9042
vn -0.0000 0.0000 -1.0000
v -1.2250 0.8228 -1.3759
vt 0.1843 0.9042
vn -0.0000 0.0000 -1.0000
v -1.2250 0.2450 -1.3759
vt 0.1843 0.8284
vn -0.0000 0.0000 -1.0000
v -1.6856 0.2450 -1.3759
vt 0.1831 0.8284
vn -0.0000 0.0000 -1.0000
f 845/845/845 846/846/846 847/847/847 848/848/848
v -1.6856 0.8228 -0.5840
vt 0.1519 0.8730
vn -1.0000 0.0000 0.0000
v -1.6856 1.1763 -0.9800
vt 0.1518 0.9194
vn -1.0000 0.0000 0.0000
v -1.6856 0.8228 -1.3759
vt 0.1519 0.8730
vn -1.0000 0.0000 0.0000
f 849/849/849 850/850/850 851/851/851
v -1.6782 -0.0000 -1.3759
vt 0.8146 0.7791
vn 0.0000 -1.0000 -0.0000
v -1.2250 -0.0000 -1.3759
vt 0.8157 0.7791
vn 0.0000 -1.0000 -0.0000
v -1.2250 -0.0000 -0.5840
vt 0.8157 0.7791
vn 0.0000 -1.0000 -0.0000
v -1.6782 -0.0000 -0.5840
vt 0.8146 0.7791
vn 0.0000 -1.0000 -0.0000
f 852/852/852 853/853/853 854/854/854 855/855/855
v -1.6856 0.2450 -1.3759
vt 0.8297 0.8148
vn -0.0000 0.0000 -1.0000
v -1.2250 0.2450 -1.3759
vt 0.8297 0.8148
vn -0.0000 0.0000 -1.0000
v -1.2250 -0.0000 -1.3759
vt 0.8297 0.8103
vn -0.0000 0.0000 -1.0000
v -1.6782 -0.0000 -1.3759
vt 0.8297 0.8103
vn -0.0000 0.0000 -1.0000
f 856/856/856 857/857/857 858/858/858 859/859/859
v -1.2250 0.2450 -0.5840
vt 0.8297 0.8148
vn 0.0000 -0.0000 1.0000
v -1.6856 0.2450 -0.5840
vt 0.8297 0.8148
vn 0.0000 -0.0000 1.0000
v -1.6782 -0.0000 -0.5840
vt 0.8297 0.8103
vn 0.0000 -0.0000 1.0000
v -1.2250 -0.0000 -0.5840
vt 0.8297 0.8103
vn 0.0000 -0.0000 1.0000
f 860/860/860 861/861/861 862/862/862 863/863/863
v -1.6170 0.7211 -0.1596
vt 0.8297 0.8234
vn 1.0000 -0.0000 -0.0000
v -1.6170 1.3708 0.4900
vt 0.8297 0.8352
vn 1.0000 -0.0000 -0.0000
v -1.6170 1.1112 0.4900
vt 0.8297 0.8305
vn 1.0000 -0.0000 -0.0000
v -1.6170 0.5912 -0.0297
vt 0.8297 0.8210
vn 1.0000 -0.0000 -0.0000
f 864/864/864 865/865/865 866/866/866 867/867/867
v -1.6170 0.5912 -0.0297
vt 0.8028 0.7898
vn 0.0000 -0.7069 0.7073
v -1.6170 1.1112 0.4900
vt 0.8028 0.7992
vn 0.0000 -0.7069 0.7073
v -1.8007 1.1112 0.4900
vt 0.8028 0.7992
vn 0.0000 -0.7069 0.7073
v -1.8007 0.5912 -0.0297
vt 0.8028 0.7898
vn 0.0000 -0.7069 0.7073
f 868/868/868 869/869/869 870/870/870 871/871/871
v -1.8007 0.5912 -0.0297
vt 0.8297 0.8210
vn -1.0000 0.0000 0.0000
v -1.8007 1.1112 0.4900
vt 0.8297 0.8305
vn -1.0000 0.0000 0.0000
v -1.8007 1.3708 0.4900
vt 0.8297 0.8352
vn -1.0000 0.0000 0.0000
v -1.8007 0.7211 -0.1596
vt 0.8297 0.8234
vn -1.0000 0.0000 0.0000
f 872/872/872 873/873/873 874/874/874 875/875/875
v -1.8007 0.7211 -0.1596
vt 0.8565 0.8703
vn -0.0000 0.7071 -0.7071
v -1.8007 1.3708 0.4900
vt 0.8565 0.8820
vn -0.0000 0.7071 -0.7071
v -1.6170 1.3708 0.4900
vt 0.8565 0.8820
vn -0.0000 0.7071 -0.7071
v -1.6170 0.7211 -0.1596
vt 0.8565 0.8703
vn -0.0000 0.7071 -0.7071
f 876/876/876 877/877/877 878/878/878 879/879/879
v -1.6170 0.5912 -0.0297
vt 0.8163 0.8054
vn -0.0000 -0.7071 -0.7071
v -1.8007 0.5912 -0.0297
vt 0.8163 0.8054
vn -0.0000 -0.7071 -0.7071
v -1.8007 0.7211 -0.1596
vt 0.8163 0.8078
vn -0.0000 -0.7071 -0.7071
v -1.6170 0.7211 -0.1596
vt 0.8163 0.8078
vn -0.0000 -0.7071 -0.7071
f 880/880/880 881/881/881 882/882/882 883/883/883
v -1.8007 0.7211 1.1397
vt 0.8297 0.8234
vn -1.0000 0.0000 0.0000
v -1.8007 1.3708 0.4900
vt 0.8297 0.8352
vn -1.0000 0.0000 0.0000
v -1.8007 1.1112 0.4900
vt 0.8297 0.8305
vn -1.0000 0.0000 0.0000
v -1.8007 0.5912 1.0097
vt 0.8297 0.8210
vn -1.0000 0.0000 0.0000
f 884/884/884 885/885/885 886/886/886 887/887/887
v -1.8007 0.5912 1.0097
vt 0.8028 0.7898
vn -0.0000 -0.7069 -0.7073
v -1.8007 1.1112 0.4900
vt 0.8028 0.7992
vn -0.0000 -0.7069 -0.7073
v -1.6170 1.1112 0.4900
vt 0.8028 0.7992
vn -0.0000 -0.7069 -0.7073
v -1.6170 0.5912 1.0097
vt 0.8028 0.7898
vn -0.0000 -0.7069 -0.7073
f 888/888/888 889/889/889 890/890/890 891/891/891
v -1.6170 0.5912 1.0097
vt 0.8297 0.8210
vn 1.0000 -0.0000 -0.0000
v -1.6170 1.1112 0.4900
vt 0.8297 0.8305
vn 1.0000 -0.0000 -0.0000
v -1.6170 1.3708 0.4900
vt 0.8297 0.8352
vn 1.0000 -0.0000 -0.0000
v -1.6170 0.7211 1.1397
vt 0.8297 0.8234
vn 1.0000 -0.0000 -0.0000
f 892/892/892 893/893/893 894/894/894 895/895/895
v -1.6170 0.7211 1.1397
vt 0.8565 0.8703
vn 0.0000 0.7071 0.7071
v -1.6170 1.3708 0.4900
vt 0.8565 0.8820
vn 0.0000 0.7071 0.7071
v -1.8007 1.3708 0.4900
vt 0.8565 0.8820
vn 0.0000 0.7071 0.7071
v -1.8007 0.7211 1.1397
vt 0.8565 0.8703
vn 0.0000 0.7071 0.7071
f 896/896/896 897/897/897 898/898/898 899/899/899
v -1.8007 0.5912 1.0097
vt 0.8163 0.8054
vn 0.0000 -0.7071 0.7071
v -1.6170 0.5912 1.0097
vt 0.8163 0.8054
vn 0.0000 -0.7071 0.7071
v -1.6170 0.7211 1.1397
vt 0.8163 0.8078
vn 0.0000 -0.7071 0.7071
v -1.8007 0.7211 1.1397
vt 0.8163 0.8078
vn 0.0000 -0.7071 0.7071
f 900/900/900 901/901/901 902/902/902 903/903/903
v -1.6856 0.2450 0.8860
vt 0.1519 0.7971
vn -0.9999 -0.0150 0.0000
v -1.6856 0.8228 0.8860
vt 0.1519 0.8730
vn -1.0000 0.0000 0.0000
v -1.6856 0.8228 0.0941
vt 0.1519 0.8730
vn -1.0000 0.0000 0.0000
v -1.6856 0.2450 0.0941
vt 0.1519 0.7971
vn -0.9999 -0.0150 0.0000
f 904/904/904 905/905/905 906/906/906 907/907/907
v -1.6856 0.2450 0.8860
vt 0.8297 0.8148
vn -0.9999 -0.0150 0.0000
v -1.6856 0.2450 0.0941
vt 0.8297 0.8148
vn -0.9999 -0.0150 0.0000
v -1.6782 -0.0000 0.0941
vt 0.8297 0.8103
vn -0.9996 -0.0300 0.0000
v -1.6782 -0.0000 0.8860
vt 0.8297 0.8103
vn -0.9996 -0.0300 0.0000
f 908/908/908 909/909/909 910/910/910 911/911/911
v -1.2250 0.8228 0.8860
vt 0.1843 0.9042
vn 0.0000 -0.0000 1.0000
v -1.6856 0.8228 0.8860
vt 0.1831 0.9042
vn 0.0000 -0.0000 1.0000
v -1.6856 0.2450 0.8860
vt 0.1831 0.8284
vn 0.0000 -0.0000 1.0000
v -1.2250 0.2450 0.8860
vt 0.1843 0.8284
vn 0.0000 -0.0000 1.0000
f 912/912/912 913/913/913 914/914/914 915/915/915
v -1.6856 0.8228 0.0941
vt 0.1831 0.9042
vn -0.0000 0.0000 -1.0000
v -1.2250 0.8228 0.0941
vt 0.1843 0.9042
vn -0.0000 0.0000 -1.0000
v -1.2250 0.2450 0.0941
vt 0.1843 0.8284
vn -0.0000 0.0000 -1.0000
v -1.6856 0.2450 0.0941
vt 0.1831 0.8284
vn -0.0000 0.0000 -1.0000
f 916/916/916 917/917/917 918/918/918 919/919/919
v -1.6856 0.8228 0.8860
vt 0.1519 0.8730
vn -1.0000 0.0000 0.0000
v -1.6856 1.1763 0.4900
vt 0.1518 0.9194
vn -1.0000 0.0000 0.0000
v -1.6856 0.8228 0.0941
vt 0.1519 0.8730
vn -1.0000 0.0000 0.0000
f 920/920/920 921/921/921 922/922/922
v -1.6782 -0.0000 0.0941
vt 0.8146 0.7791
vn 0.0000 -1.0000 -0.0000
v -1.2250 -0.0000 0.0941
vt 0.8157 0.7791
vn 0.0000 -1.0000 -0.0000
v -1.2250 -0.0000 0.8860
vt 0.8157 0.7791
vn 0.0000 -1.0000 -0.0000
v -1.6782 -0.0000 0.8860
vt 0.8146 0.7791
vn 0.0000 -1.0000 -0.0000
f 923/923/923 924/924/924 925/925/925 926/926/926
v -1.6856 0.2450 0.0941
vt 0.8297 0.8148
vn -0.0000 0.0000 -1.0000
v -1.2250 0.2450 0.0941
vt 0.8297 0.8148
vn -0.0000 0.0000 -1.0000
v -1.2250 -0.0000 0.0941
vt 0.8297 0.8103
vn -0.0000 0.0000 -1.0000
v -1.6782 -0.0000 0.0941
vt 0.8297 0.8103
vn -0.0000 0.0000 -1.0000
f 927/927/927 928/928/928 929/929/929 930/930/930
v -1.2250 0.2450 0.8860
vt 0.8297 0.8148
vn 0.0000 -0.0000 1.0000
v -1.6856 0.2450 0.8860
vt 0.8297 0.8148
vn 0.0000 -0.0000 1.0000
v -1.6782 -0.0000 0.8860
vt 0.8297 0.8103
vn 0.0000 -0.0000 1.0000
v -1.2250 -0.0000 0.8860
vt 0.8297 0.8103
vn 0.0000 -0.0000 1.0000
f 931/931/931 932/932/932 933/933/933 934/934/934
v 0.2695 0.1715 1.8865
vt 0.8442 0.8274
vn 0.0000 -0.0000 1.0000
v 0.2695 0.2940 1.8865
vt 0.8442 0.8413
vn 0.0000 -0.0000 1.0000
v -0.2695 0.2940 1.8865
vt 0.7830 0.8413
vn 0.0000 -0.0000 1.0000
v -0.2695 0.1715 1.8865
vt 0.7830 0.8274
vn 0.0000 -0.0000 1.0000
f 935/935/935 936/936/936 937/937/937 938/938/938
v -0.2695 0.1470 1.8375
vt 0.7830 0.7933
vn 0.0000 -0.8944 0.4472
v 0.2695 0.1470 1.8375
vt 0.8442 0.7933
vn 0.0000 -0.8944 0.4472
v 0.2695 0.1715 1.8865
vt 0.8442 0.7961
vn 0.0000 -0.8944 0.4472
v -0.2695 0.1715 1.8865
vt 0.7830 0.7961
vn 0.0000 -0.8944 0.4472
f 939/939/939 940/940/940 941/941/941 942/942/942
v 0.2695 0.3185 1.8375
vt 0.8442 0.8753
vn 0.0000 0.8944 0.4472
v -0.2695 0.3185 1.8375
vt 0.7830 0.8753
vn 0.0000 0.8944 0.4472
v -0.2695 0.2940 1.8865
vt 0.7830 0.8725
vn 0.0000 0.8944 0.4472
v 0.2695 0.2940 1.8865
vt 0.8442 0.8725
vn 0.0000 0.8944 0.4472
f 943/943/943 944/944/944 945/945/945 946/946/946
v 0.2695 0.6615 1.8865
vt 0.8442 0.8831
vn 0.0000 -0.0000 1.0000
v 0.2695 0.7840 1.8865
vt 0.8442 0.8970
vn 0.0000 -0.0000 1.0000
v -0.2695 0.7840 1.8865
vt 0.7830 0.8970
vn 0.0000 -0.0000 1.0000
v -0.2695 0.6615 1.8865
vt 0.7830 0.8831
vn 0.0000 -0.0000 1.0000
f 947/947/947 948/948/948 949/949/949 950/950/950
v -0.2695 0.6370 1.8375
vt 0.7830 0.8490
vn 0.0000 -0.8944 0.4472
v 0.2695 0.6370 1.8375
vt 0.8442 0.8490
vn 0.0000 -0.8944 0.4472
v 0.2695 0.6615 1.8865
vt 0.8442 0.8518
vn 0.0000 -0.8944 0.4472
v -0.2695 0.6615 1.8865
vt 0.7830 0.8518
vn 0.0000 -0.8944 0.4472
f 951/951/951 952/952/952 953/953/953 954/954/954
v 0.2695 0.8085 1.8375
vt 0.8442 0.9310
vn 0.0000 0.8944 0.4472
v -0.2695 0.8085 1.8375
vt 0.7830 0.9310
vn 0.0000 0.8944 0.4472
v -0.2695 0.7840 1.8865
vt 0.7830 0.9282
vn 0.0000 0.8944 0.4472
v 0.2695 0.7840 1.8865
vt 0.8442 0.9282
vn 0.0000 0.8944 0.4472
f 955/955/955 956/956/956 957/957/957 958/958/958
v -0.0938 0.9555 1.8620
vt 0.8030 0.8852
vn 0.3801 -0.8929 0.2415
v 0.0000 0.9800 1.8620
vt 0.8136 0.8880
vn 0.0000 -0.9695 0.2449
v 0.0000 1.0045 1.9600
vt 0.8136 0.8908
vn 0.0000 -0.9695 0.2449
v -0.1034 0.9780 1.9600
vt 0.8019 0.8878
vn 0.3801 -0.8928 0.2416
f 959/959/959 960/960/960 961/961/961 962/962/962
v 0.2450 0.8330 1.8620
vt 0.8415 0.8713
vn -0.8943 -0.3651 0.2588
v 0.2450 0.0000 1.8620
vt 0.8415 0.7766
vn -0.9701 0.0000 0.2425
v 0.2695 0.0000 1.9600
vt 0.8442 0.7766
vn -0.9701 0.0000 0.2425
v 0.2695 0.8422 1.9600
vt 0.8442 0.8724
vn -0.8954 -0.3623 0.2588
f 963/963/963 964/964/964 965/965/965 966/966/966
v -0.2498 1.0021 1.8375
vt 0.7852 0.9530
vn -0.6273 0.7788 0.0000
v -0.2498 1.0021 1.9600
vt 0.7852 0.9530
vn -0.6273 0.7788 0.0000
v -0.1419 1.0681 1.9600
vt 0.7975 0.9605
vn -0.3832 0.9236 0.0000
v -0.1419 1.0681 1.8375
vt 0.7975 0.9605
vn -0.3832 0.9236 0.0000
f 967/967/967 968/968/968 969/969/969 970/970/970
v -0.3675 0.0000 1.8375
vt 0.7718 0.7922
vn -1.0000 0.0000 0.0000
v -0.3675 0.0000 1.9600
vt 0.7718 0.7922
vn -1.0000 0.0000 0.0000
v -0.3675 0.8792 1.9600
vt 0.7718 0.8922
vn -0.9280 0.3726 0.0000
v -0.3675 0.8792 1.8375
vt 0.7718 0.8922
vn -0.9280 0.3726 0.0000
f 971/971/971 972/972/972 973/973/973 974/974/974
v -0.1419 1.0681 1.8375
vt 0.7975 0.9605
vn -0.3832 0.9236 0.0000
v -0.1419 1.0681 1.9600
vt 0.7975 0.9605
vn -0.3832 0.9236 0.0000
v 0.0000 1.1025 1.9600
vt 0.8136 0.9644
vn 0.0000 1.0000 0.0000
v 0.0000 1.1025 1.8375
vt 0.8136 0.9644
vn 0.0000 1.0000 0.0000
f 975/975/975 976/976/976 977/977/977 978/978/978
v 0.1419 1.0681 1.8375
vt 0.8297 0.9605
vn 0.3832 0.9236 0.0000
v 0.1419 1.0681 1.9600
vt 0.8297 0.9605
vn 0.3832 0.9236 0.0000
v 0.2498 1.0021 1.9600
vt 0.8420 0.9530
vn 0.6273 0.7788 0.0000
v 0.2498 1.0021 1.8375
vt 0.8420 0.9530
vn 0.6273 0.7788 0.0000
f 979/979/979 980/980/980 981/981/981 982/982/982
v 0.2498 1.0021 1.9600
vt 0.8420 0.9530
vn 0.6273 0.7788 0.0000
v 0.3675 0.8792 1.9600
vt 0.8554 0.9078
vn 0.9280 0.3726 0.0000
v 0.3675 0.8792 1.8375
vt 0.8554 0.9078
vn 0.9280 0.3726 0.0000
v 0.2498 1.0021 1.8375
vt 0.8420 0.9530
vn 0.6273 0.7788 0.0000
f 983/983/983 984/984/984 985/985/985 986/986/986
v 0.1034 0.9780 1.9600
vt 0.8254 0.8878
vn -0.3801 -0.8928 0.2415
v 0.0000 1.0045 1.9600
vt 0.8136 0.8908
vn 0.0000 -0.9695 0.2449
v 0.0000 0.9800 1.8620
vt 0.8136 0.8880
vn 0.0000 -0.9695 0.2449
v 0.0938 0.9555 1.8620
vt 0.8243 0.8852
vn -0.3801 -0.8929 0.2415
f 987/987/987 988/988/988 989/989/989 990/990/990
v -0.3675 0.8792 1.8375
vt 0.7718 0.9078
vn -0.9280 0.3726 0.0000
v -0.3675 0.8792 1.9600
vt 0.7718 0.9078
vn -0.9280 0.3726 0.0000
v -0.2498 1.0021 1.9600
vt 0.7852 0.9530
vn -0.6273 0.7788 0.0000
v -0.2498 1.0021 1.8375
vt 0.7852 0.9530
vn -0.6273 0.7788 0.0000
f 991/991/991 992/992/992 993/993/993 994/994/994
v 0.0000 1.1025 1.9600
vt 0.8136 0.9644
vn 0.0000 1.0000 0.0000
v 0.1419 1.0681 1.9600
vt 0.8297 0.9605
vn 0.3832 0.9236 0.0000
v 0.1419 1.0681 1.8375
vt 0.8297 0.9605
vn 0.3832 0.9236 0.0000
v 0.0000 1.1025 1.8375
vt 0.8136 0.9644
vn 0.0000 1.0000 0.0000
f 995/995/995 996/996/996 997/997/997 998/998/998
v -0.2450 0.8330 1.8620
vt 0.7858 0.8713
vn 0.8943 -0.3651 0.2588
v -0.2695 0.8422 1.9600
vt 0.7830 0.8724
vn 0.8954 -0.3623 0.2588
v -0.2695 0.0000 1.9600
vt 0.7830 0.7766
vn 0.9701 0.0000 0.2425
v -0.2450 0.0000 1.8620
vt 0.7858 0.7766
vn 0.9701 0.0000 0.2425
f 999/999/999 1000/1000/1000 1001/1001/1001 1002/1002/1002
v 0.3675 0.8792 1.8375
vt 0.8554 0.8922
vn 0.9280 0.3726 0.0000
v 0.3675 0.8792 1.9600
vt 0.8554 0.8922
vn 0.9280 0.3726 0.0000
v 0.3675 0.0000 1.9600
vt 0.8554 0.7922
vn 1.0000 -0.0000 -0.0000
v 0.3675 0.0000 1.8375
vt 0.8554 0.7922
vn 1.0000 -0.0000 -0.0000
f 1003/1003/1003 1004/1004/1004 1005/1005/1005 1006/1006/1006
v 0.1178 0.4608 1.8999
vt 0.8270 0.8602
vn -0.9335 -0.3044 0.1898
v 0.1114 0.4900 1.9063
vt 0.8263 0.8636
vn -0.9799 -0.0000 0.1992
v 0.0980 0.4900 1.8492
vt 0.8248 0.8323
vn -0.9799 -0.0000 0.1992
v 0.1114 0.4544 1.8492
vt 0.8263 0.8283
vn -0.9335 -0.3044 0.1898
f 1007/1007/1007 1008/1008/1008 1009/1009/1009 1010/1010/1010
v 0.1114 0.4900 1.9063
vt 0.8263 0.8636
vn -0.9799 -0.0000 0.1992
v 0.1178 0.5192 1.8999
vt 0.8270 0.8669
vn -0.9335 0.3044 0.1898
v 0.1114 0.5256 1.8492
vt 0.8263 0.8364
vn -0.9335 0.3044 0.1898
v 0.0980 0.4900 1.8492
vt 0.8248 0.8323
vn -0.9799 -0.0000 0.1992
f 1011/1011/1011 1012/1012/1012 1013/1013/1013 1014/1014/1014
v 0.1960 0.4900 1.8492
vt 0.8359 0.8323
vn 0.9799 -0.0000 0.1992
v 0.1826 0.5256 1.8492
vt 0.8344 0.8364
vn 0.9335 0.3044 0.1898
v 0.1762 0.5192 1.8999
vt 0.8336 0.8669
vn 0.9335 0.3044 0.1898
v 0.1826 0.4900 1.9063
vt 0.8344 0.8636
vn 0.9799 -0.0000 0.1992
f 1015/1015/1015 1016/1016/1016 1017/1017/1017 1018/1018/1018
v 0.1826 0.4544 1.8492
vt 0.8344 0.8283
vn 0.9335 -0.3044 0.1898
v 0.1960 0.4900 1.8492
vt 0.8359 0.8323
vn 0.9799 -0.0000 0.1992
v 0.1826 0.4900 1.9063
vt 0.8344 0.8636
vn 0.9799 -0.0000 0.1992
v 0.1762 0.4608 1.8999
vt 0.8336 0.8602
vn 0.9335 -0.3044 0.1898
f 1019/1019/1019 1020/1020/1020 1021/1021/1021 1022/1022/1022
v 0.1762 0.4608 1.8999
vt 0.8336 0.8759
vn 0.3061 -0.3061 0.9015
v 0.1826 0.4900 1.9063
vt 0.8344 0.8792
vn 0.3215 0.0000 0.9469
v 0.1470 0.4900 1.9197
vt 0.8303 0.8792
vn 0.0000 -0.0000 1.0000
v 0.1470 0.4544 1.9063
vt 0.8303 0.8751
vn 0.0000 -0.3215 0.9469
f 1023/1023/1023 1024/1024/1024 1025/1025/1025 1026/1026/1026
v 0.1826 0.4900 1.9063
vt 0.8344 0.8792
vn 0.3215 0.0000 0.9469
v 0.1762 0.5192 1.8999
vt 0.8336 0.8825
vn 0.3061 0.3061 0.9015
v 0.1470 0.5256 1.9063
vt 0.8303 0.8832
vn 0.0000 0.3215 0.9469
v 0.1470 0.4900 1.9197
vt 0.8303 0.8792
vn 0.0000 -0.0000 1.0000
f 1027/1027/1027 1028/1028/1028 1029/1029/1029 1030/1030/1030
v 0.1470 0.4900 1.9197
vt 0.8303 0.8792
vn 0.0000 -0.0000 1.0000
v 0.1470 0.5256 1.9063
vt 0.8303 0.8832
vn 0.0000 0.3215 0.9469
v 0.1178 0.5192 1.8999
vt 0.8270 0.8825
vn -0.3061 0.3061 0.9015
v 0.1114 0.4900 1.9063
vt 0.8263 0.8792
vn -0.3215 0.0000 0.9469
f 1031/1031/1031 1032/1032/1032 1033/1033/1033 1034/1034/1034
v 0.1470 0.4544 1.9063
vt 0.8303 0.8751
vn 0.0000 -0.3215 0.9469
v 0.1470 0.4900 1.9197
vt 0.8303 0.8792
vn 0.0000 -0.0000 1.0000
v 0.1114 0.4900 1.9063
vt 0.8263 0.8792
vn -0.3215 0.0000 0.9469
v 0.1178 0.4608 1.8999
vt 0.8270 0.8759
vn -0.3061 -0.3061 0.9015
f 1035/1035/1035 1036/1036/1036 1037/1037/1037 1038/1038/1038
v 0.1470 0.4410 1.8492
vt 0.8303 0.8267
vn 0.0000 -0.9799 0.1992
v 0.1826 0.4544 1.8492
vt 0.8344 0.8283
vn 0.3044 -0.9335 0.1898
v 0.1762 0.4608 1.8999
vt 0.8336 0.8602
vn 0.3044 -0.9335 0.1898
v 0.1470 0.4544 1.9063
vt 0.8303 0.8595
vn 0.0000 -0.9799 0.1992
f 1039/1039/1039 1040/1040/1040 1041/1041/1041 1042/1042/1042
v 0.1114 0.4544 1.8492
vt 0.8263 0.8283
vn -0.3044 -0.9335 0.1898
v 0.1470 0.4410 1.8492
vt 0.8303 0.8267
vn 0.0000 -0.9799 0.1992
v 0.1470 0.4544 1.9063
vt 0.8303 0.8595
vn 0.0000 -0.9799 0.1992
v 0.1178 0.4608 1.8999
vt 0.8270 0.8602
vn -0.3044 -0.9335 0.1898
f 1043/1043/1043 1044/1044/1044 1045/1045/1045 1046/1046/1046
v 0.1470 0.5390 1.8492
vt 0.8303 0.8379
vn 0.0000 0.9799 0.1992
v 0.1114 0.5256 1.8492
vt 0.8263 0.8364
vn -0.3044 0.9335 0.1898
v 0.1178 0.5192 1.8999
vt 0.8270 0.8669
vn -0.3044 0.9335 0.1898
v 0.1470 0.5256 1.9063
vt 0.8303 0.8676
vn 0.0000 0.9799 0.1992
f 1047/1047/1047 1048/1048/1048 1049/1049/1049 1050/1050/1050
v 0.1826 0.5256 1.8492
vt 0.8344 0.8364
vn 0.3044 0.9335 0.1898
v 0.1470 0.5390 1.8492
vt 0.8303 0.8379
vn 0.0000 0.9799 0.1992
v 0.1470 0.5256 1.9063
vt 0.8303 0.8676
vn 0.0000 0.9799 0.1992
v 0.1762 0.5192 1.8999
vt 0.8336 0.8669
vn 0.3044 0.9335 0.1898
f 1051/1051/1051 1052/1052/1052 1053/1053/1053 1054/1054/1054
v -0.1732 0.9065 1.8620
vt 0.7939 0.8797
vn 0.6067 -0.7573 0.2416
v -0.1885 0.9256 1.9600
vt 0.7922 0.8818
vn 0.6067 -0.7573 0.2416
v -0.2695 0.8422 1.9600
vt 0.7830 0.8724
vn 0.8954 -0.3623 0.2588
v -0.2450 0.8330 1.8620
vt 0.7858 0.8713
vn 0.8943 -0.3651 0.2588
f 1055/1055/1055 1056/1056/1056 1057/1057/1057 1058/1058/1058
v 0.1885 0.9256 1.9600
vt 0.8350 0.9131
vn 0.0000 -0.0000 1.0000
v 0.2695 0.8422 1.9600
vt 0.8442 0.9036
vn 0.0000 -0.0000 1.0000
v 0.3675 0.8792 1.9600
vt 0.8554 0.9078
vn 0.0000 -0.0000 1.0000
v 0.2498 1.0021 1.9600
vt 0.8420 0.9218
vn 0.0000 -0.0000 1.0000
f 1059/1059/1059 1060/1060/1060 1061/1061/1061 1062/1062/1062
v 0.1732 0.9065 1.8620
vt 0.8333 0.8797
vn -0.6067 -0.7573 0.2416
v 0.2450 0.8330 1.8620
vt 0.8415 0.8713
vn -0.8943 -0.3651 0.2588
v 0.2695 0.8422 1.9600
vt 0.8442 0.8724
vn -0.8954 -0.3623 0.2588
v 0.1885 0.9256 1.9600
vt 0.8350 0.8818
vn -0.6067 -0.7573 0.2416
f 1063/1063/1063 1064/1064/1064 1065/1065/1065 1066/1066/1066
v -0.1885 0.9256 1.9600
vt 0.7922 0.9131
vn 0.0000 -0.0000 1.0000
v -0.1034 0.9780 1.9600
vt 0.8019 0.9190
vn 0.0000 -0.0000 1.0000
v -0.1419 1.0681 1.9600
vt 0.7975 0.9293
vn 0.0000 -0.0000 1.0000
v -0.2498 1.0021 1.9600
vt 0.7852 0.9218
vn 0.0000 -0.0000 1.0000
f 1067/1067/1067 1068/1068/1068 1069/1069/1069 1070/1070/1070
v 0.1732 0.9065 1.8620
vt 0.8333 0.8797
vn -0.6067 -0.7573 0.2416
v 0.1885 0.9256 1.9600
vt 0.8350 0.8818
vn -0.6067 -0.7573 0.2416
v 0.1034 0.9780 1.9600
vt 0.8254 0.8878
vn -0.3801 -0.8928 0.2415
v 0.0938 0.9555 1.8620
vt 0.8243 0.8852
vn -0.3801 -0.8929 0.2415
f 1071/1071/1071 1072/1072/1072 1073/1073/1073 1074/1074/1074
v 0.2695 0.8422 1.9600
vt 0.8442 0.9036
vn 0.0000 -0.0000 1.0000
v 0.2695 0.0000 1.9600
vt 0.8442 0.8079
vn 0.0000 -0.0000 1.0000
v 0.3675 0.0000 1.9600
vt 0.8554 0.8079
vn 0.0000 -0.0000 1.0000
v 0.3675 0.8792 1.9600
vt 0.8554 0.9078
vn 0.0000 -0.0000 1.0000
f 1075/1075/1075 1076/1076/1076 1077/1077/1077 1078/1078/1078
v 0.1034 0.9780 1.9600
vt 0.8254 0.9190
vn 0.0000 -0.0000 1.0000
v 0.1885 0.9256 1.9600
vt 0.8350 0.9131
vn 0.0000 -0.0000 1.0000
v 0.2498 1.0021 1.9600
vt 0.8420 0.9218
vn 0.0000 -0.0000 1.0000
v 0.1419 1.0681 1.9600
vt 0.8297 0.9293
vn 0.0000 -0.0000 1.0000
f 1079/1079/1079 1080/1080/1080 1081/1081/1081 1082/1082/1082
v -0.2695 0.0000 1.9600
vt 0.7830 0.8079
vn 0.0000 -0.0000 1.0000
v -0.2695 0.8422 1.9600
vt 0.7830 0.9036
vn 0.0000 -0.0000 1.0000
v -0.3675 0.8792 1.9600
vt 0.7718 0.9078
vn 0.0000 -0.0000 1.0000
v -0.3675 0.0000 1.9600
vt 0.7718 0.8079
vn 0.0000 -0.0000 1.0000
f 1083/1083/1083 1084/1084/1084 1085/1085/1085 1086/1086/1086
v -0.2695 0.8422 1.9600
vt 0.7830 0.9036
vn 0.0000 -0.0000 1.0000
v -0.1885 0.9256 1.9600
vt 0.7922 0.9131
vn 0.0000 -0.0000 1.0000
v -0.2498 1.0021 1.9600
vt 0.7852 0.9218
vn 0.0000 -0.0000 1.0000
v -0.3675 0.8792 1.9600
vt 0.7718 0.9078
vn 0.0000 -0.0000 1.0000
f 1087/1087/1087 1088/1088/1088 1089/1089/1089 1090/1090/1090
v 0.0000 1.0045 1.9600
vt 0.8136 0.9221
vn 0.0000 -0.0000 1.0000
v 0.1034 0.9780 1.9600
vt 0.8254 0.9190
vn 0.0000 -0.0000 1.0000
v 0.1419 1.0681 1.9600
vt 0.8297 0.9293
vn 0.0000 -0.0000 1.0000
v 0.0000 1.1025 1.9600
vt 0.8136 0.9332
vn 0.0000 -0.0000 1.0000
f 1091/1091/1091 1092/1092/1092 1093/1093/1093 1094/1094/1094
v -0.1732 0.9065 1.8620
vt 0.7939 0.8797
vn 0.6067 -0.7573 0.2416
v -0.0938 0.9555 1.8620
vt 0.8030 0.8852
vn 0.3801 -0.8929 0.2415
v -0.1034 0.9780 1.9600
vt 0.8019 0.8878
vn 0.3801 -0.8928 0.2416
v -0.1885 0.9256 1.9600
vt 0.7922 0.8818
vn 0.6067 -0.7573 0.2416
f 1095/1095/1095 1096/1096/1096 1097/1097/1097 1098/1098/1098
v -0.1034 0.9780 1.9600
vt 0.8019 0.9190
vn 0.0000 -0.0000 1.0000
v 0.0000 1.0045 1.9600
vt 0.8136 0.9221
vn 0.0000 -0.0000 1.0000
v 0.0000 1.1025 1.9600
vt 0.8136 0.9332
vn 0.0000 -0.0000 1.0000
v -0.1419 1.0681 1.9600
vt 0.7975 0.9293
vn 0.0000 -0.0000 1.0000
f 1099/1099/1099 1100/1100/1100 1101/1101/1101 1102/1102/1102
v 0.0000 0.0000 1.8620
vt 0.6719 0.7688
vn 0.0000 -0.0000 1.0000
v 0.0000 1.0290 1.8620
vt 0.6719 0.8743
vn 0.0000 -0.0000 1.0000
v -0.1225 1.0045 1.8620
vt 0.6624 0.8743
vn 0.0000 -0.0000 1.0000
v -0.1225 0.0000 1.8620
vt 0.6624 0.7688
vn 0.0000 -0.0000 1.0000
f 1103/1103/1103 1104/1104/1104 1105/1105/1105 1106/1106/1106
v 0.2695 0.0000 1.8620
vt 0.6907 0.7688
vn 0.0000 -0.0000 1.0000
v 0.2695 0.9310 1.8620
vt 0.6907 0.8743
vn 0.0000 -0.0000 1.0000
v 0.1225 1.0045 1.8620
vt 0.6813 0.8743
vn 0.0000 -0.0000 1.0000
v 0.1225 0.0000 1.8620
vt 0.6813 0.7688
vn 0.0000 -0.0000 1.0000
f 1107/1107/1107 1108/1108/1108 1109/1109/1109 1110/1110/1110
v -0.1225 0.0000 1.8620
vt 0.6624 0.8157
vn 0.0000 -0.0000 1.0000
v -0.1225 1.0045 1.8620
vt 0.6624 0.9211
vn 0.0000 -0.0000 1.0000
v -0.2695 0.9310 1.8620
vt 0.6530 0.9211
vn 0.0000 -0.0000 1.0000
v -0.2695 0.0000 1.8620
vt 0.6530 0.8157
vn 0.0000 -0.0000 1.0000
f 1111/1111/1111 1112/1112/1112 1113/1113/1113 1114/1114/1114
v 0.1225 0.0000 1.8620
vt 0.6813 0.8157
vn 0.0000 -0.0000 1.0000
v 0.1225 1.0045 1.8620
vt 0.6813 0.9211
vn 0.0000 -0.0000 1.0000
v 0.0000 1.0290 1.8620
vt 0.6719 0.9211
vn 0.0000 -0.0000 1.0000
v 0.0000 0.0000 1.8620
vt 0.6719 0.8157
vn 0.0000 -0.0000 1.0000
f 1115/1115/1115 1116/1116/1116 1117/1117/1117 1118/1118/1118
v -1.6765 0.8505 -0.9800
vt 0.8032 0.9701
vn 0.0000 1.0000 0.0000
v -1.7990 0.8505 -0.9800
vt 0.8241 0.9701
vn 0.0000 1.0000 0.0000
v -1.7990 0.8177 -0.8575
vt 0.8241 0.9645
vn 0.0000 0.8660 0.5000
v -1.6765 0.8177 -0.8575
vt 0.8032 0.9645
vn 0.0000 0.8660 0.5000
f 1119/1119/1119 1120/1120/1120 1121/1121/1121 1122/1122/1122
v -1.6765 0.8177 -0.8575
vt 0.8032 0.9645
vn 0.0000 0.8660 0.5000
v -1.7990 0.8177 -0.8575
vt 0.8241 0.9645
vn 0.0000 0.8660 0.5000
v -1.7990 0.7280 -0.7678
vt 0.8241 0.9492
vn 0.0000 0.5000 0.8660
v -1.6765 0.7280 -0.7678
vt 0.8032 0.9492
vn 0.0000 0.5000 0.8660
f 1123/1123/1123 1124/1124/1124 1125/1125/1125 1126/1126/1126
v -1.6765 0.7280 -0.7678
vt 0.8032 0.9492
vn 0.0000 0.5000 0.8660
v -1.7990 0.7280 -0.7678
vt 0.8241 0.9492
vn 0.0000 0.5000 0.8660
v -1.7990 0.6055 -0.7350
vt 0.8241 0.8970
vn 0.0000 0.1305 0.9914
v -1.6765 0.6055 -0.7350
vt 0.8032 0.8970
vn 0.0000 0.1305 0.9914
f 1127/1127/1127 1128/1128/1128 1129/1129/1129 1130/1130/1130
v -1.6765 0.6055 -0.7350
vt 0.8032 0.8970
vn 0.0000 0.1305 0.9914
v -1.7990 0.6055 -0.7350
vt 0.8241 0.8970
vn 0.0000 0.1305 0.9914
v -1.7990 0.3430 -0.7350
vt 0.8241 0.8552
vn 0.0000 -0.0000 1.0000
v -1.6765 0.3430 -0.7350
vt 0.8032 0.8342
vn 0.0000 -0.0000 1.0000
f 1131/1131/1131 1132/1132/1132 1133/1133/1133 1134/1134/1134
v -1.6765 0.6055 -1.2250
vt 0.8032 0.8970
vn 0.0000 0.1305 -0.9914
v -1.7990 0.6055 -1.2250
vt 0.8241 0.8970
vn 0.0000 0.1305 -0.9914
v -1.7990 0.7280 -1.1922
vt 0.8241 0.9492
vn 0.0000 0.5000 -0.8660
v -1.6765 0.7280 -1.1922
vt 0.8032 0.9492
vn 0.0000 0.5000 -0.8660
f 1135/1135/1135 1136/1136/1136 1137/1137/1137 1138/1138/1138
v -1.7990 0.6055 -1.2250
vt 0.8241 0.8970
vn 0.0000 0.1305 -0.9914
v -1.6765 0.6055 -1.2250
vt 0.8032 0.8970
vn 0.0000 0.1305 -0.9914
v -1.6765 0.3430 -1.2250
vt 0.8032 0.8342
vn -0.0000 0.0000 -1.0000
v -1.7990 0.3430 -1.2250
vt 0.8241 0.8552
vn -0.0000 0.0000 -1.0000
f 1139/1139/1139 1140/1140/1140 1141/1141/1141 1142/1142/1142
v -1.6765 0.7280 -1.1922
vt 0.8032 0.9492
vn 0.0000 0.5000 -0.8660
v -1.7990 0.7280 -1.1922
vt 0.8241 0.9492
vn 0.0000 0.5000 -0.8660
v -1.7990 0.8177 -1.1025
vt 0.8241 0.9645
vn 0.0000 0.8660 -0.5000
v -1.6765 0.8177 -1.1025
vt 0.8032 0.9645
vn 0.0000 0.8660 -0.5000
f 1143/1143/1143 1144/1144/1144 1145/1145/1145 1146/1146/1146
v -1.6765 0.8177 -1.1025
vt 0.8032 0.9645
vn 0.0000 0.8660 -0.5000
v -1.7990 0.8177 -1.1025
vt 0.8241 0.9645
vn 0.0000 0.8660 -0.5000
v -1.7990 0.8505 -0.9800
vt 0.8241 0.9701
vn 0.0000 1.0000 0.0000
v -1.6765 0.8505 -0.9800
vt 0.8032 0.9701
vn 0.0000 1.0000 0.0000
f 1147/1147/1147 1148/1148/1148 1149/1149/1149 1150/1150/1150
v -1.7990 0.6764 -1.1079
vt 0.8241 0.8602
vn -0.3129 -0.4774 0.8211
v -1.7990 0.5823 -1.1331
vt 0.8241 0.8786
vn -0.3081 -0.1197 0.9438
v -1.7255 0.5837 -1.1090
vt 0.8116 0.8094
vn -0.3076 -0.1290 0.9427
v -1.7255 0.6629 -1.0877
vt 0.8116 0.7890
vn -0.3128 -0.4720 0.8243
f 1151/1151/1151 1152/1152/1152 1153/1153/1153 1154/1154/1154
v -1.7990 0.7502 -0.9800
vt 0.8241 0.8708
vn -1.0000 0.0000 0.0000
v -1.7990 0.7304 -0.9061
vt 0.8241 0.8708
vn -1.0000 0.0000 0.0000
v -1.7990 0.8177 -0.8575
vt 0.8241 0.8708
vn -1.0000 0.0000 0.0000
v -1.7990 0.8505 -0.9800
vt 0.8241 0.8708
vn -1.0000 0.0000 0.0000
f 1155/1155/1155 1156/1156/1156 1157/1157/1157 1158/1158/1158
v -1.7990 0.7304 -0.9061
vt 0.8241 0.8708
vn -1.0000 0.0000 0.0000
v -1.7990 0.6764 -0.8521
vt 0.8241 0.8708
vn -1.0000 0.0000 0.0000
v -1.7990 0.7280 -0.7678
vt 0.8241 0.8708
vn -1.0000 0.0000 0.0000
v -1.7990 0.8177 -0.8575
vt 0.8241 0.8708
vn -1.0000 0.0000 0.0000
f 1159/1159/1159 1160/1160/1160 1161/1161/1161 1162/1162/1162
v -1.7990 0.6764 -0.8521
vt 0.8241 0.8708
vn -1.0000 0.0000 0.0000
v -1.7990 0.5823 -0.8269
vt 0.8241 0.8708
vn -1.0000 0.0000 0.0000
v -1.7990 0.6055 -0.7350
vt 0.8241 0.8708
vn -1.0000 0.0000 0.0000
v -1.7990 0.7280 -0.7678
vt 0.8241 0.8708
vn -1.0000 0.0000 0.0000
f 1163/1163/1163 1164/1164/1164 1165/1165/1165 1166/1166/1166
v -1.7990 0.4275 -1.1331
vt 0.8241 0.8708
vn -1.0000 -0.0001 0.0000
v -1.7990 0.5823 -1.1331
vt 0.8241 0.8708
vn -1.0000 0.0000 0.0000
v -1.7990 0.6055 -1.2250
vt 0.8241 0.8708
vn -1.0000 0.0000 0.0000
v -1.7990 0.3430 -1.2250
vt 0.8241 0.8708
vn -1.0000 -0.0001 0.0000
f 1167/1167/1167 1168/1168/1168 1169/1169/1169 1170/1170/1170
v -1.7990 0.5823 -0.8269
vt 0.8241 0.8708
vn -1.0000 0.0000 0.0000
v -1.7990 0.4275 -0.8269
vt 0.8241 0.8708
vn -1.0000 -0.0001 0.0000
v -1.7990 0.3430 -0.7350
vt 0.8241 0.8708
vn -1.0000 -0.0001 0.0000
v -1.7990 0.6055 -0.7350
vt 0.8241 0.8708
vn -1.0000 0.0000 0.0000
f 1171/1171/1171 1172/1172/1172 1173/1173/1173 1174/1174/1174
v -1.7990 0.5823 -1.1331
vt 0.8241 0.8708
vn -1.0000 0.0000 0.0000
v -1.7990 0.6764 -1.1079
vt 0.8241 0.8708
vn -1.0000 0.0000 0.0000
v -1.7990 0.7280 -1.1922
vt 0.8241 0.8708
vn -1.0000 0.0000 0.0000
v -1.7990 0.6055 -1.2250
vt 0.8241 0.8708
vn -1.0000 0.0000 0.0000
f 1175/1175/1175 1176/1176/1176 1177/1177/1177 1178/1178/1178
v -1.7990 0.6764 -1.1079
vt 0.8241 0.8708
vn -1.0000 0.0000 0.0000
v -1.7990 0.7304 -1.0539
vt 0.8241 0.8708
vn -1.0000 0.0000 0.0000
v -1.7990 0.8177 -1.1025
vt 0.8241 0.8708
vn -1.0000 0.0000 0.0000
v -1.7990 0.7280 -1.1922
vt 0.8241 0.8708
vn -1.0000 0.0000 0.0000
f 1179/1179/1179 1180/1180/1180 1181/1181/1181 1182/1182/1182
v -1.7990 0.7304 -1.0539
vt 0.8241 0.8708
vn -1.0000 0.0000 0.0000
v -1.7990 0.7502 -0.9800
vt 0.8241 0.8708
vn -1.0000 0.0000 0.0000
v -1.7990 0.8505 -0.9800
vt 0.8241 0.8708
vn -1.0000 0.0000 0.0000
v -1.7990 0.8177 -1.1025
vt 0.8241 0.8708
vn -1.0000 0.0000 0.0000
f 1183/1183/1183 1184/1184/1184 1185/1185/1185 1186/1186/1186
v -1.7990 0.5823 -0.8269
vt 0.8241 0.8786
vn -0.3081 -0.1197 -0.9438
v -1.7990 0.6764 -0.8521
vt 0.8241 0.8602
vn -0.3129 -0.4774 -0.8211
v -1.7255 0.6629 -0.8723
vt 0.8116 0.7890
vn -0.3128 -0.4720 -0.8243
v -1.7255 0.5837 -0.8510
vt 0.8116 0.8094
vn -0.3076 -0.1290 -0.9427
f 1187/1187/1187 1188/1188/1188 1189/1189/1189 1190/1190/1190
v -1.7990 0.7304 -1.0539
vt 0.8241 0.8676
vn -0.3204 -0.8212 0.4722
v -1.7990 0.6764 -1.1079
vt 0.8241 0.8602
vn -0.3129 -0.4774 0.8211
v -1.7255 0.6629 -1.0877
vt 0.8116 0.7890
vn -0.3128 -0.4720 0.8243
v -1.7255 0.7085 -1.0422
vt 0.8116 0.7952
vn -0.3204 -0.8194 0.4753
f 1191/1191/1191 1192/1192/1192 1193/1193/1193 1194/1194/1194
v -1.7990 0.5823 -1.1331
vt 0.8241 0.8786
vn -0.3081 -0.1197 0.9438
v -1.7990 0.4275 -1.1331
vt 0.8241 0.8395
vn -0.3124 -0.0000 0.9499
v -1.7255 0.4478 -1.1090
vt 0.8116 0.7729
vn -0.3124 -0.0000 0.9499
v -1.7255 0.5837 -1.1090
vt 0.8116 0.8094
vn -0.3076 -0.1290 0.9427
f 1195/1195/1195 1196/1196/1196 1197/1197/1197 1198/1198/1198
v -1.7990 0.7304 -0.9061
vt 0.8241 0.8676
vn -0.3204 -0.8212 -0.4722
v -1.7990 0.7502 -0.9800
vt 0.8241 0.8703
vn -0.3232 -0.9463 0.0000
v -1.7255 0.7251 -0.9800
vt 0.8116 0.7975
vn -0.3232 -0.9463 0.0000
v -1.7255 0.7085 -0.9178
vt 0.8116 0.7952
vn -0.3204 -0.8194 -0.4753
f 1199/1199/1199 1200/1200/1200 1201/1201/1201 1202/1202/1202
v -1.7990 0.7502 -0.9800
vt 0.8241 0.8703
vn -0.3232 -0.9463 0.0000
v -1.7990 0.7304 -1.0539
vt 0.8241 0.8676
vn -0.3204 -0.8212 0.4722
v -1.7255 0.7085 -1.0422
vt 0.8116 0.7952
vn -0.3204 -0.8194 0.4753
v -1.7255 0.7251 -0.9800
vt 0.8116 0.7975
vn -0.3232 -0.9463 0.0000
f 1203/1203/1203 1204/1204/1204 1205/1205/1205 1206/1206/1206
v -1.7990 0.4275 -0.8269
vt 0.8241 0.8395
vn -0.3124 0.0000 -0.9499
v -1.7990 0.5823 -0.8269
vt 0.8241 0.8786
vn -0.3081 -0.1197 -0.9438
v -1.7255 0.5837 -0.8510
vt 0.8116 0.8094
vn -0.3076 -0.1290 -0.9427
v -1.7255 0.4478 -0.8510
vt 0.8116 0.7729
vn -0.3124 0.0000 -0.9499
f 1207/1207/1207 1208/1208/1208 1209/1209/1209 1210/1210/1210
v -1.7990 0.6764 -0.8521
vt 0.8241 0.8602
vn -0.3129 -0.4774 -0.8211
v -1.7990 0.7304 -0.9061
vt 0.8241 0.8676
vn -0.3204 -0.8212 -0.4722
v -1.7255 0.7085 -0.9178
vt 0.8116 0.7952
vn -0.3204 -0.8194 -0.4753
v -1.7255 0.6629 -0.8723
vt 0.8116 0.7890
vn -0.3128 -0.4720 -0.8243
f 1211/1211/1211 1212/1212/1212 1213/1213/1213 1214/1214/1214
v -1.7255 0.5910 -0.9800
vt 0.8162 0.7077
vn -1.0000 0.0000 0.0000
v -1.7255 0.4478 -1.1090
vt 0.7946 0.5485
vn -1.0000 0.0000 0.0000
v -1.7255 0.4478 -0.8510
vt 0.8378 0.5485
vn -1.0000 0.0000 0.0000
f 1215/1215/1215 1216/1216/1216 1217/1217/1217
v -1.7255 0.5910 -0.9800
vt 0.8162 0.7077
vn -1.0000 0.0000 0.0000
v -1.7255 0.7085 -0.9178
vt 0.8266 0.6097
vn -1.0000 0.0000 0.0000
v -1.7255 0.7251 -0.9800
vt 0.8162 0.6125
vn -1.0000 0.0000 0.0000
f 1218/1218/1218 1219/1219/1219 1220/1220/1220
v -1.7255 0.5910 -0.9800
vt 0.8162 0.7077
vn -1.0000 0.0000 0.0000
v -1.7255 0.6629 -0.8723
vt 0.8342 0.6021
vn -1.0000 0.0000 0.0000
v -1.7255 0.7085 -0.9178
vt 0.8266 0.6097
vn -1.0000 0.0000 0.0000
f 1221/1221/1221 1222/1222/1222 1223/1223/1223
v -1.7255 0.5910 -0.9800
vt 0.8162 0.7077
vn -1.0000 0.0000 0.0000
v -1.7255 0.5837 -0.8510
vt 0.8378 0.5889
vn -1.0000 0.0000 0.0000
v -1.7255 0.6629 -0.8723
vt 0.8342 0.6021
vn -1.0000 0.0000 0.0000
f 1224/1224/1224 1225/1225/1225 1226/1226/1226
v -1.7255 0.5910 -0.9800
vt 0.8162 0.7077
vn -1.0000 0.0000 0.0000
v -1.7255 0.5837 -1.1090
vt 0.7946 0.5889
vn -1.0000 0.0000 0.0000
v -1.7255 0.4478 -1.1090
vt 0.7946 0.5485
vn -1.0000 0.0000 0.0000
f 1227/1227/1227 1228/1228/1228 1229/1229/1229
v -1.7255 0.5910 -0.9800
vt 0.8162 0.7077
vn -1.0000 0.0000 0.0000
v -1.7255 0.4478 -0.8510
vt 0.8378 0.5485
vn -1.0000 0.0000 0.0000
v -1.7255 0.5837 -0.8510
vt 0.8378 0.5889
vn -1.0000 0.0000 0.0000
f 1230/1230/1230 1231/1231/1231 1232/1232/1232
v -1.7255 0.5910 -0.9800
vt 0.8162 0.7077
vn -1.0000 0.0000 0.0000
v -1.7255 0.6629 -1.0877
vt 0.7981 0.6021
vn -1.0000 0.0000 0.0000
v -1.7255 0.5837 -1.1090
vt 0.7946 0.5889
vn -1.0000 0.0000 0.0000
f 1233/1233/1233 1234/1234/1234 1235/1235/1235
v -1.7255 0.5910 -0.9800
vt 0.8162 0.7077
vn -1.0000 0.0000 0.0000
v -1.7255 0.7085 -1.0422
vt 0.8058 0.6097
vn -1.0000 0.0000 0.0000
v -1.7255 0.6629 -1.0877
vt 0.7981 0.6021
vn -1.0000 0.0000 0.0000
f 1236/1236/1236 1237/1237/1237 1238/1238/1238
v -1.7255 0.5910 -0.9800
vt 0.8162 0.7077
vn -1.0000 0.0000 0.0000
v -1.7255 0.7251 -0.9800
vt 0.8162 0.6125
vn -1.0000 0.0000 0.0000
v -1.7255 0.7085 -1.0422
vt 0.8058 0.6097
vn -1.0000 0.0000 0.0000
f 1239/1239/1239 1240/1240/1240 1241/1241/1241
v -1.6765 0.3430 -1.2250
vt 0.8032 0.8030
vn 0.0000 -1.0000 -0.0000
v -1.6765 0.3430 -0.7350
vt 0.8032 0.8030
vn 0.0000 -1.0000 -0.0000
v -1.7990 0.3430 -0.7350
vt 0.8346 0.8030
vn 0.0000 -1.0000 -0.0000
v -1.7990 0.3430 -1.2250
vt 0.8346 0.8030
vn 0.0000 -1.0000 -0.0000
f 1242/1242/1242 1243/1243/1243 1244/1244/1244 1245/1245/1245
v -1.7990 0.4275 -0.8269
vt 0.8241 0.8864
vn -0.2660 0.9640 0.0000
v -1.7255 0.4478 -0.8510
vt 0.8116 0.8198
vn -0.2660 0.9640 0.0000
v -1.7255 0.4478 -1.1090
vt 0.8116 0.8198
vn -0.2660 0.9640 0.0000
v -1.7990 0.4275 -1.1331
vt 0.8241 0.8864
vn -0.2660 0.9640 0.0000
f 1246/1246/1246 1247/1247/1247 1248/1248/1248 1249/1249/1249
v -1.7990 0.4275 -1.1331
vt 0.8241 0.8708
vn -1.0000 -0.0001 0.0000
v -1.7990 0.3430 -1.2250
vt 0.8241 0.8708
vn -1.0000 -0.0001 0.0000
v -1.7990 0.3430 -0.7350
vt 0.8241 0.8708
vn -1.0000 -0.0001 0.0000
v -1.7990 0.4275 -0.8269
vt 0.8241 0.8708
vn -1.0000 -0.0001 0.0000
f 1250/1250/1250 1251/1251/1251 1252/1252/1252 1253/1253/1253
v -1.6765 0.8505 0.4900
vt 0.8032 0.9701
vn 0.0000 1.0000 0.0000
v -1.7990 0.8505 0.4900
vt 0.8241 0.9701
vn 0.0000 1.0000 0.0000
v -1.7990 0.8177 0.6125
vt 0.8241 0.9645
vn 0.0000 0.8660 0.5000
v -1.6765 0.8177 0.6125
vt 0.8032 0.9645
vn 0.0000 0.8660 0.5000
f 1254/1254/1254 1255/1255/1255 1256/1256/1256 1257/1257/1257
v -1.6765 0.8177 0.6125
vt 0.8032 0.9645
vn 0.0000 0.8660 0.5000
v -1.7990 0.8177 0.6125
vt 0.8241 0.9645
vn 0.0000 0.8660 0.5000
v -1.7990 0.7280 0.7022
vt 0.8241 0.9492
vn 0.0000 0.5000 0.8660
v -1.6765 0.7280 0.7022
vt 0.8032 0.9492
vn 0.0000 0.5000 0.8660
f 1258/1258/1258 1259/1259/1259 1260/1260/1260 1261/1261/1261
v -1.6765 0.7280 0.7022
vt 0.8032 0.9492
vn 0.0000 0.5000 0.8660
v -1.7990 0.7280 0.7022
vt 0.8241 0.9492
vn 0.0000 0.5000 0.8660
v -1.7990 0.6055 0.7350
vt 0.8241 0.8970
vn 0.0000 0.1305 0.9914
v -1.6765 0.6055 0.7350
vt 0.8032 0.8970
vn 0.0000 0.1305 0.9914
f 1262/1262/1262 1263/1263/1263 1264/1264/1264 1265/1265/1265
v -1.6765 0.6055 0.7350
vt 0.8032 0.8970
vn 0.0000 0.1305 0.9914
v -1.7990 0.6055 0.7350
vt 0.8241 0.8970
vn 0.0000 0.1305 0.9914
v -1.7990 0.3430 0.7350
vt 0.8241 0.8552
vn 0.0000 -0.0000 1.0000
v -1.6765 0.3430 0.7350
vt 0.8032 0.8342
vn 0.0000 -0.0000 1.0000
f 1266/1266/1266 1267/1267/1267 1268/1268/1268 1269/1269/1269
v -1.6765 0.6055 0.2450
vt 0.8032 0.8970
vn 0.0000 0.1305 -0.9914
v -1.7990 0.6055 0.2450
vt 0.8241 0.8970
vn 0.0000 0.1305 -0.9914
v -1.7990 0.7280 0.2778
vt 0.8241 0.9492
vn 0.0000 0.5000 -0.8660
v -1.6765 0.7280 0.2778
vt 0.8032 0.9492
vn 0.0000 0.5000 -0.8660
f 1270/1270/1270 1271/1271/1271 1272/1272/1272 1273/1273/1273
v -1.7990 0.6055 0.2450
vt 0.8241 0.8970
vn 0.0000 0.1305 -0.9914
v -1.6765 0.6055 0.2450
vt 0.8032 0.8970
vn 0.0000 0.1305 -0.9914
v -1.6765 0.3430 0.2450
vt 0.8032 0.8342
vn -0.0000 0.0000 -1.0000
v -1.7990 0.3430 0.2450
vt 0.8241 0.8552
vn -0.0000 0.0000 -1.0000
f 1274/1274/1274 1275/1275/1275 1276/1276/1276 1277/1277/1277
v -1.6765 0.7280 0.2778
vt 0.8032 0.9492
vn 0.0000 0.5000 -0.8660
v -1.7990 0.7280 0.2778
vt 0.8241 0.9492
vn 0.0000 0.5000 -0.8660
v -1.7990 0.8177 0.3675
vt 0.8241 0.9645
vn 0.0000 0.8660 -0.5000
v -1.6765 0.8177 0.3675
vt 0.8032 0.9645
vn 0.0000 0.8660 -0.5000
f 1278/1278/1278 1279/1279/1279 1280/1280/1280 1281/1281/1281
v -1.6765 0.8177 0.3675
vt 0.8032 0.9645
vn 0.0000 0.8660 -0.5000
v -1.7990 0.8177 0.3675
vt 0.8241 0.9645
vn 0.0000 0.8660 -0.5000
v -1.7990 0.8505 0.4900
vt 0.8241 0.9701
vn 0.0000 1.0000 0.0000
v -1.6765 0.8505 0.4900
vt 0.8032 0.9701
vn 0.0000 1.0000 0.0000
f 1282/1282/1282 1283/1283/1283 1284/1284/1284 1285/1285/1285
v -1.7990 0.6764 0.3621
vt 0.8241 0.8602
vn -0.3129 -0.4774 0.8211
v -1.7990 0.5823 0.3369
vt 0.8241 0.8786
vn -0.3081 -0.1197 0.9438
v -1.7255 0.5837 0.3610
vt 0.8116 0.8094
vn -0.3076 -0.1290 0.9427
v -1.7255 0.6629 0.3823
vt 0.8116 0.7890
vn -0.3128 -0.4720 0.8243
f 1286/1286/1286 1287/1287/1287 1288/1288/1288 1289/1289/1289
v -1.7990 0.7502 0.4900
vt 0.8241 0.8708
vn -1.0000 0.0000 0.0000
v -1.7990 0.7304 0.5639
vt 0.8241 0.8708
vn -1.0000 0.0000 0.0000
v -1.7990 0.8177 0.6125
vt 0.8241 0.8708
vn -1.0000 0.0000 0.0000
v -1.7990 0.8505 0.4900
vt 0.8241 0.8708
vn -1.0000 0.0000 0.0000
f 1290/1290/1290 1291/1291/1291 1292/1292/1292 1293/1293/1293
v -1.7990 0.7304 0.5639
vt 0.8241 0.8708
vn -1.0000 0.0000 0.0000
v -1.7990 0.6764 0.6179
vt 0.8241 0.8708
vn -1.0000 0.0000 0.0000
v -1.7990 0.7280 0.7022
vt 0.8241 0.8708
vn -1.0000 0.0000 0.0000
v -1.7990 0.8177 0.6125
vt 0.8241 0.8708
vn -1.0000 0.0000 0.0000
f 1294/1294/1294 1295/1295/1295 1296/1296/1296 1297/1297/1297
v -1.7990 0.6764 0.6179
vt 0.8241 0.8708
vn -1.0000 0.0000 0.0000
v -1.7990 0.5823 0.6431
vt 0.8241 0.8708
vn -1.0000 0.0000 0.0000
v -1.7990 0.6055 0.7350
vt 0.8241 0.8708
vn -1.0000 0.0000 0.0000
v -1.7990 0.7280 0.7022
vt 0.8241 0.8708
vn -1.0000 0.0000 0.0000
f 1298/1298/1298 1299/1299/1299 1300/1300/1300 1301/1301/1301
v -1.7990 0.4275 0.3369
vt 0.8241 0.8708
vn -1.0000 -0.0001 0.0000
v -1.7990 0.5823 0.3369
vt 0.8241 0.8708
vn -1.0000 0.0000 0.0000
v -1.7990 0.6055 0.2450
vt 0.8241 0.8708
vn -1.0000 0.0000 0.0000
v -1.7990 0.3430 0.2450
vt 0.8241 0.8708
vn -1.0000 -0.0001 0.0000
f 1302/1302/1302 1303/1303/1303 1304/1304/1304 1305/1305/1305
v -1.7990 0.5823 0.6431
vt 0.8241 0.8708
vn -1.0000 0.0000 0.0000
v -1.7990 0.4275 0.6431
vt 0.8241 0.8708
vn -1.0000 -0.0001 0.0000
v -1.7990 0.3430 0.7350
vt 0.8241 0.8708
vn -1.0000 -0.0001 0.0000
v -1.7990 0.6055 0.7350
vt 0.8241 0.8708
vn -1.0000 0.0000 0.0000
f 1306/1306/1306 1307/1307/1307 1308/1308/1308 1309/1309/1309
v -1.7990 0.5823 0.3369
vt 0.8241 0.8708
vn -1.0000 0.0000 0.0000
v -1.7990 0.6764 0.3621
vt 0.8241 0.8708
vn -1.0000 0.0000 0.0000
v -1.7990 0.7280 0.2778
vt 0.8241 0.8708
vn -1.0000 0.0000 0.0000
v -1.7990 0.6055 0.2450
vt 0.8241 0.8708
vn -1.0000 0.0000 0.0000
f 1310/1310/1310 1311/1311/1311 1312/1312/1312 1313/1313/1313
v -1.7990 0.6764 0.3621
vt 0.8241 0.8708
vn -1.0000 0.0000 0.0000
v -1.7990 0.7304 0.4161
vt 0.8241 0.8708
vn -1.0000 0.0000 0.0000
v -1.7990 0.8177 0.3675
vt 0.8241 0.8708
vn -1.0000 0.0000 0.0000
v -1.7990 0.7280 0.2778
vt 0.8241 0.8708
vn -1.0000 0.0000 0.0000
f 1314/1314/1314 1315/1315/1315 1316/1316/1316 1317/1317/1317
v -1.7990 0.7304 0.4161
vt 0.8241 0.8708
vn -1.0000 0.0000 0.0000
v -1.7990 0.7502 0.4900
vt 0.8241 0.8708
vn -1.0000 0.0000 0.0000
v -1.7990 0.8505 0.4900
vt 0.8241 0.8708
vn -1.0000 0.0000 0.0000
v -1.7990 0.8177 0.3675
vt 0.8241 0.8708
vn -1.0000 0.0000 0.0000
f 1318/1318/1318 1319/1319/1319 1320/1320/1320 1321/1321/1321
v -1.7990 0.5823 0.6431
vt 0.8241 0.8786
vn -0.3081 -0.1197 -0.9438
v -1.7990 0.6764 0.6179
vt 0.8241 0.8602
vn -0.3129 -0.4774 -0.8211
v -1.7255 0.6629 0.5977
vt 0.8116 0.7890
vn -0.3128 -0.4720 -0.8243
v -1.7255 0.5837 0.6190
vt 0.8116 0.8094
vn -0.3076 -0.1290 -0.9427
f 1322/1322/1322 1323/1323/1323 1324/1324/1324 1325/1325/1325
v -1.7990 0.7304 0.4161
vt 0.8241 0.8676
vn -0.3204 -0.8212 0.4722
v -1.7990 0.6764 0.3621
vt 0.8241 0.8602
vn -0.3129 -0.4774 0.8211
v -1.7255 0.6629 0.3823
vt 0.8116 0.7890
vn -0.3128 -0.4720 0.8243
v -1.7255 0.7085 0.4278
vt 0.8116 0.7952
vn -0.3204 -0.8194 0.4753
f 1326/1326/1326 1327/1327/1327 1328/1328/1328 1329/1329/1329
v -1.7990 0.5823 0.3369
vt 0.8241 0.8786
vn -0.3081 -0.1197 0.9438
v -1.7990 0.4275 0.3369
vt 0.8241 0.8395
vn -0.3124 -0.0000 0.9499
v -1.7255 0.4478 0.3610
vt 0.8116 0.7729
vn -0.3124 -0.0000 0.9499
v -1.7255 0.5837 0.3610
vt 0.8116 0.8094
vn -0.3076 -0.1290 0.9427
f 1330/1330/1330 1331/1331/1331 1332/1332/1332 1333/1333/1333
v -1.7990 0.7304 0.5639
vt 0.8241 0.8676
vn -0.3204 -0.8212 -0.4722
v -1.7990 0.7502 0.4900
vt 0.8241 0.8703
vn -0.3232 -0.9463 0.0000
v -1.7255 0.7251 0.4900
vt 0.8116 0.7975
vn -0.3232 -0.9463 0.0000
v -1.7255 0.7085 0.5522
vt 0.8116 0.7952
vn -0.3204 -0.8194 -0.4753
f 1334/1334/1334 1335/1335/1335 1336/1336/1336 1337/1337/1337
v -1.7990 0.7502 0.4900
vt 0.8241 0.8703
vn -0.3232 -0.9463 0.0000
v -1.7990 0.7304 0.4161
vt 0.8241 0.8676
vn -0.3204 -0.8212 0.4722
v -1.7255 0.7085 0.4278
vt 0.8116 0.7952
vn -0.3204 -0.8194 0.4753
v -1.7255 0.7251 0.4900
vt 0.8116 0.7975
vn -0.3232 -0.9463 0.0000
f 1338/1338/1338 1339/1339/1339 1340/1340/1340 1341/1341/1341
v -1.7990 0.4275 0.6431
vt 0.8241 0.8395
vn -0.3124 0.0000 -0.9499
v -1.7990 0.5823 0.6431
vt 0.8241 0.8786
vn -0.3081 -0.1197 -0.9438
v -1.7255 0.5837 0.6190
vt 0.8116 0.8094
vn -0.3076 -0.1290 -0.9427
v -1.7255 0.4478 0.6190
vt 0.8116 0.7729
vn -0.3124 0.0000 -0.9499
f 1342/1342/1342 1343/1343/1343 1344/1344/1344 1345/1345/1345
v -1.7990 0.6764 0.6179
vt 0.8241 0.8602
vn -0.3129 -0.4774 -0.8211
v -1.7990 0.7304 0.5639
vt 0.8241 0.8676
vn -0.3204 -0.8212 -0.4722
v -1.7255 0.7085 0.5522
vt 0.8116 0.7952
vn -0.3204 -0.8194 -0.4753
v -1.7255 0.6629 0.5977
vt 0.8116 0.7890
vn -0.3128 -0.4720 -0.8243
f 1346/1346/1346 1347/1347/1347 1348/1348/1348 1349/1349/1349
v -1.7255 0.5910 0.4900
vt 0.8162 0.7077
vn -1.0000 0.0000 0.0000
v -1.7255 0.4478 0.3610
vt 0.7946 0.5485
vn -1.0000 0.0000 0.0000
v -1.7255 0.4478 0.6190
vt 0.8378 0.5485
vn -1.0000 0.0000 0.0000
f 1350/1350/1350 1351/1351/1351 1352/1352/1352
v -1.7255 0.5910 0.4900
vt 0.8162 0.7077
vn -1.0000 0.0000 0.0000
v -1.7255 0.7085 0.5522
vt 0.8266 0.6097
vn -1.0000 0.0000 0.0000
v -1.7255 0.7251 0.4900
vt 0.8162 0.6125
vn -1.0000 0.0000 0.0000
f 1353/1353/1353 1354/1354/1354 1355/1355/1355
v -1.7255 0.5910 0.4900
vt 0.8162 0.7077
vn -1.0000 0.0000 0.0000
v -1.7255 0.6629 0.5977
vt 0.8342 0.6021
vn -1.0000 0.0000 0.0000
v -1.7255 0.7085 0.5522
vt 0.8266 0.6097
vn -1.0000 0.0000 0.0000
f 1356/1356/1356 1357/1357/1357 1358/1358/1358
v -1.7255 0.5910 0.4900
vt 0.8162 0.7077
vn -1.0000 0.0000 0.0000
v -1.7255 0.5837 0.6190
vt 0.8378 0.5889
vn -1.0000 0.0000 0.0000
v -1.7255 0.6629 0.5977
vt 0.8342 0.6021
vn -1.0000 0.0000 0.0000
f 1359/1359/1359 1360/1360/1360 1361/1361/1361
v -1.7255 0.5910 0.4900
vt 0.8162 0.7077
vn -1.0000 0.0000 0.0000
v -1.7255 0.5837 0.3610
vt 0.7946 0.5889
vn -1.0000 0.0000 0.0000
v -1.7255 0.4478 0.3610
vt 0.7946 0.5485
vn -1.0000 0.0000 0.0000
f 1362/1362/1362 1363/1363/1363 1364/1364/1364
v -1.7255 0.5910 0.4900
vt 0.8162 0.7077
vn -1.0000 0.0000 0.0000
v -1.7255 0.4478 0.6190
vt 0.8378 0.5485
vn -1.0000 0.0000 0.0000
v -1.7255 0.5837 0.6190
vt 0.8378 0.5889
vn -1.0000 0.0000 0.0000
f 1365/1365/1365 1366/1366/1366 1367/1367/1367
v -1.7255 0.5910 0.4900
vt 0.8162 0.7077
vn -1.0000 0.0000 0.0000
v -1.7255 0.6629 0.3823
vt 0.7981 0.6021
vn -1.0000 0.0000 0.0000
v -1.7255 0.5837 0.3610
vt 0.7946 0.5889
vn -1.0000 0.0000 0.0000
f 1368/1368/1368 1369/1369/1369 1370/1370/1370
v -1.7255 0.5910 0.4900
vt 0.8162 0.7077
vn -1.0000 0.0000 0.0000
v -1.7255 0.7085 0.4278
vt 0.8058 0.6097
vn -1.0000 0.0000 0.0000
v -1.7255 0.6629 0.3823
vt 0.7981 0.6021
vn -1.0000 0.0000 0.0000
f 1371/1371/1371 1372/1372/1372 1373/1373/1373
v -1.7255 0.5910 0.4900
vt 0.8162 0.7077
vn -1.0000 0.0000 0.0000
v -1.7255 0.7251 0.4900
vt 0.8162 0.6125
vn -1.0000 0.0000 0.0000
v -1.7255 0.7085 0.4278
vt 0.8058 0.6097
vn -1.0000 0.0000 0.0000
f 1374/1374/1374 1375/1375/1375 1376/1376/1376
v -1.6765 0.3430 0.2450
vt 0.8032 0.8030
vn 0.0000 -1.0000 -0.0000
v -1.6765 0.3430 0.7350
vt 0.8032 0.8030
vn 0.0000 -1.0000 -0.0000
v -1.7990 0.3430 0.7350
vt 0.8346 0.8030
vn 0.0000 -1.0000 -0.0000
v -1.7990 0.3430 0.2450
vt 0.8346 0.8030
vn 0.0000 -1.0000 -0.0000
f 1377/1377/1377 1378/1378/1378 1379/1379/1379 1380/1380/1380
v -1.7990 0.4275 0.6431
vt 0.8241 0.8864
vn -0.2660 0.9640 0.0000
v -1.7255 0.4478 0.6190
vt 0.8116 0.8198
vn -0.2660 0.9640 0.0000
v -1.7255 0.4478 0.3610
vt 0.8116 0.8198
vn -0.2660 0.9640 0.0000
v -1.7990 0.4275 0.3369
vt 0.8241 0.8864
vn -0.2660 0.9640 0.0000
f 1381/1381/1381 1382/1382/1382 1383/1383/1383 1384/1384/1384
v -1.7990 0.4275 0.3369
vt 0.8241 0.8708
vn -1.0000 -0.0001 0.0000
v -1.7990 0.3430 0.2450
vt 0.8241 0.8708
vn -1.0000 -0.0001 0.0000
v -1.7990 0.3430 0.7350
vt 0.8241 0.8708
vn -1.0000 -0.0001 0.0000
v -1.7990 0.4275 0.6431
vt 0.8241 0.8708
vn -1.0000 -0.0001 0.0000
f 1385/1385/1385 1386/1386/1386 1387/1387/1387 1388/1388/1388
v 1.6765 0.8505 0.4900
vt 0.8032 0.9701
vn 0.0000 1.0000 0.0000
v 1.6765 0.8177 0.6125
vt 0.8032 0.9645
vn 0.0000 0.8660 0.5000
v 1.7990 0.8177 0.6125
vt 0.8241 0.9645
vn 0.0000 0.8660 0.5000
v 1.7990 0.8505 0.4900
vt 0.8241 0.9701
vn 0.0000 1.0000 0.0000
f 1389/1389/1389 1390/1390/1390 1391/1391/1391 1392/1392/1392
v 1.6765 0.8177 0.6125
vt 0.8032 0.9645
vn 0.0000 0.8660 0.5000
v 1.6765 0.7280 0.7022
vt 0.8032 0.9492
vn 0.0000 0.5000 0.8660
v 1.7990 0.7280 0.7022
vt 0.8241 0.9492
vn 0.0000 0.5000 0.8660
v 1.7990 0.8177 0.6125
vt 0.8241 0.9645
vn 0.0000 0.8660 0.5000
f 1393/1393/1393 1394/1394/1394 1395/1395/1395 1396/1396/1396
v 1.6765 0.7280 0.7022
vt 0.8032 0.9492
vn 0.0000 0.5000 0.8660
v 1.6765 0.6055 0.7350
vt 0.8032 0.8970
vn 0.0000 0.1305 0.9914
v 1.7990 0.6055 0.7350
vt 0.8241 0.8970
vn 0.0000 0.1305 0.9914
v 1.7990 0.7280 0.7022
vt 0.8241 0.9492
vn 0.0000 0.5000 0.8660
f 1397/1397/1397 1398/1398/1398 1399/1399/1399 1400/1400/1400
v 1.6765 0.6055 0.7350
vt 0.8032 0.8970
vn 0.0000 0.1305 0.9914
v 1.6765 0.3430 0.7350
vt 0.8032 0.8342
vn 0.0000 -0.0000 1.0000
v 1.7990 0.3430 0.7350
vt 0.8241 0.8552
vn 0.0000 -0.0000 1.0000
v 1.7990 0.6055 0.7350
vt 0.8241 0.8970
vn 0.0000 0.1305 0.9914
f 1401/1401/1401 1402/1402/1402 1403/1403/1403 1404/1404/1404
v 1.6765 0.6055 0.2450
vt 0.8032 0.8970
vn 0.0000 0.1305 -0.9914
v 1.6765 0.7280 0.2778
vt 0.8032 0.9492
vn 0.0000 0.5000 -0.8660
v 1.7990 0.7280 0.2778
vt 0.8241 0.9492
vn 0.0000 0.5000 -0.8660
v 1.7990 0.6055 0.2450
vt 0.8241 0.8970
vn 0.0000 0.1305 -0.9914
f 1405/1405/1405 1406/1406/1406 1407/1407/1407 1408/1408/1408
v 1.7990 0.6055 0.2450
vt 0.8241 0.8970
vn 0.0000 0.1305 -0.9914
v 1.7990 0.3430 0.2450
vt 0.8241 0.8552
vn -0.0000 0.0000 -1.0000
v 1.6765 0.3430 0.2450
vt 0.8032 0.8342
vn -0.0000 0.0000 -1.0000
v 1.6765 0.6055 0.2450
vt 0.8032 0.8970
vn 0.0000 0.1305 -0.9914
f 1409/1409/1409 1410/1410/1410 1411/1411/1411 1412/1412/1412
v 1.6765 0.7280 0.2778
vt 0.8032 0.9492
vn 0.0000 0.5000 -0.8660
v 1.6765 0.8177 0.3675
vt 0.8032 0.9645
vn 0.0000 0.8660 -0.5000
v 1.7990 0.8177 0.3675
vt 0.8241 0.9645
vn 0.0000 0.8660 -0.5000
v 1.7990 0.7280 0.2778
vt 0.8241 0.9492
vn 0.0000 0.5000 -0.8660
f 1413/1413/1413 1414/1414/1414 1415/1415/1415 1416/1416/1416
v 1.6765 0.8177 0.3675
vt 0.8032 0.9645
vn 0.0000 0.8660 -0.5000
v 1.6765 0.8505 0.4900
vt 0.8032 0.9701
vn 0.0000 1.0000 0.0000
v 1.7990 0.8505 0.4900
vt 0.8241 0.9701
vn 0.0000 1.0000 0.0000
v 1.7990 0.8177 0.3675
vt 0.8241 0.9645
vn 0.0000 0.8660 -0.5000
f 1417/1417/1417 1418/1418/1418 1419/1419/1419 1420/1420/1420
v 1.7990 0.6764 0.3621
vt 0.8241 0.8602
vn 0.3129 -0.4774 0.8211
v 1.7255 0.6629 0.3823
vt 0.8116 0.7890
vn 0.3128 -0.4720 0.8243
v 1.7255 0.5837 0.3610
vt 0.8116 0.8094
vn 0.3076 -0.1290 0.9427
v 1.7990 0.5823 0.3369
vt 0.8241 0.8786
vn 0.3081 -0.1197 0.9438
f 1421/1421/1421 1422/1422/1422 1423/1423/1423 1424/1424/1424
v 1.7990 0.7502 0.4900
vt 0.8241 0.8708
vn 1.0000 -0.0000 -0.0000
v 1.7990 0.8505 0.4900
vt 0.8241 0.8708
vn 1.0000 -0.0000 -0.0000
v 1.7990 0.8177 0.6125
vt 0.8241 0.8708
vn 1.0000 -0.0000 -0.0000
v 1.7990 0.7304 0.5639
vt 0.8241 0.8708
vn 1.0000 -0.0000 -0.0000
f 1425/1425/1425 1426/1426/1426 1427/1427/1427 1428/1428/1428
v 1.7990 0.7304 0.5639
vt 0.8241 0.8708
vn 1.0000 -0.0000 -0.0000
v 1.7990 0.8177 0.6125
vt 0.8241 0.8708
vn 1.0000 -0.0000 -0.0000
v 1.7990 0.7280 0.7022
vt 0.8241 0.8708
vn 1.0000 -0.0000 -0.0000
v 1.7990 0.6764 0.6179
vt 0.8241 0.8708
vn 1.0000 -0.0000 -0.0000
f 1429/1429/1429 1430/1430/1430 1431/1431/1431 1432/1432/1432
v 1.7990 0.6764 0.6179
vt 0.8241 0.8708
vn 1.0000 -0.0000 -0.0000
v 1.7990 0.7280 0.7022
vt 0.8241 0.8708
vn 1.0000 -0.0000 -0.0000
v 1.7990 0.6055 0.7350
vt 0.8241 0.8708
vn 1.0000 -0.0000 -0.0000
v 1.7990 0.5823 0.6431
vt 0.8241 0.8708
vn 1.0000 -0.0000 -0.0000
f 1433/1433/1433 1434/1434/1434 1435/1435/1435 1436/1436/1436
v 1.7990 0.4275 0.3369
vt 0.8241 0.8708
vn 1.0000 -0.0001 -0.0000
v 1.7990 0.3430 0.2450
vt 0.8241 0.8708
vn 1.0000 -0.0001 -0.0000
v 1.7990 0.6055 0.2450
vt 0.8241 0.8708
vn 1.0000 -0.0000 -0.0000
v 1.7990 0.5823 0.3369
vt 0.8241 0.8708
vn 1.0000 -0.0000 -0.0000
f 1437/1437/1437 1438/1438/1438 1439/1439/1439 1440/1440/1440
v 1.7990 0.5823 0.6431
vt 0.8241 0.8708
vn 1.0000 -0.0000 -0.0000
v 1.7990 0.6055 0.7350
vt 0.8241 0.8708
vn 1.0000 -0.0000 -0.0000
v 1.7990 0.3430 0.7350
vt 0.8241 0.8708
vn 1.0000 -0.0001 -0.0000
v 1.7990 0.4275 0.6431
vt 0.8241 0.8708
vn 1.0000 -0.0001 -0.0000
f 1441/1441/1441 1442/1442/1442 1443/1443/1443 1444/1444/1444
v 1.7990 0.5823 0.3369
vt 0.8241 0.8708
vn 1.0000 -0.0000 -0.0000
v 1.7990 0.6055 0.2450
vt 0.8241 0.8708
vn 1.0000 -0.0000 -0.0000
v 1.7990 0.7280 0.2778
vt 0.8241 0.8708
vn 1.0000 -0.0000 -0.0000
v 1.7990 0.6764 0.3621
vt 0.8241 0.8708
vn 1.0000 -0.0000 -0.0000
f 1445/1445/1445 1446/1446/1446 1447/1447/1447 1448/1448/1448
v 1.7990 0.6764 0.3621
vt 0.8241 0.8708
vn 1.0000 -0.0000 -0.0000
v 1.7990 0.7280 0.2778
vt 0.8241 0.8708
vn 1.0000 -0.0000 -0.0000
v 1.7990 0.8177 0.3675
vt 0.8241 0.8708
vn 1.0000 -0.0000 -0.0000
v 1.7990 0.7304 0.4161
vt 0.8241 0.8708
vn 1.0000 -0.0000 -0.0000
f 1449/1449/1449 1450/1450/1450 1451/1451/1451 1452/1452/1452
v 1.7990 0.7304 0.4161
vt 0.8241 0.8708
vn 1.0000 -0.0000 -0.0000
v 1.7990 0.8177 0.3675
vt 0.8241 0.8708
vn 1.0000 -0.0000 -0.0000
v 1.7990 0.8505 0.4900
vt 0.8241 0.8708
vn 1.0000 -0.0000 -0.0000
v 1.7990 0.7502 0.4900
vt 0.8241 0.8708
vn 1.0000 -0.0000 -0.0000
f 1453/1453/1453 1454/1454/1454 1455/1455/1455 1456/1456/1456
v 1.7990 0.5823 0.6431
vt 0.8241 0.8786
vn 0.3081 -0.1197 -0.9438
v 1.7255 0.5837 0.6190
vt 0.8116 0.8094
vn 0.3076 -0.1290 -0.9427
v 1.7255 0.6629 0.5977
vt 0.8116 0.7890
vn 0.3128 -0.4720 -0.8243
v 1.7990 0.6764 0.6179
vt 0.8241 0.8602
vn 0.3129 -0.4774 -0.8211
f 1457/1457/1457 1458/1458/1458 1459/1459/1459 1460/1460/1460
v 1.7990 0.7304 0.4161
vt 0.8241 0.8676
vn 0.3204 -0.8212 0.4722
v 1.7255 0.7085 0.4278
vt 0.8116 0.7952
vn 0.3204 -0.8194 0.4753
v 1.7255 0.6629 0.3823
vt 0.8116 0.7890
vn 0.3128 -0.4720 0.8243
v 1.7990 0.6764 0.3621
vt 0.8241 0.8602
vn 0.3129 -0.4774 0.8211
f 1461/1461/1461 1462/1462/1462 1463/1463/1463 1464/1464/1464
v 1.7990 0.5823 0.3369
vt 0.8241 0.8786
vn 0.3081 -0.1197 0.9438
v 1.7255 0.5837 0.3610
vt 0.8116 0.8094
vn 0.3076 -0.1290 0.9427
v 1.7255 0.4478 0.3610
vt 0.8116 0.7729
vn 0.3124 -0.0000 0.9499
v 1.7990 0.4275 0.3369
vt 0.8241 0.8395
vn 0.3124 -0.0000 0.9499
f 1465/1465/1465 1466/1466/1466 1467/1467/1467 1468/1468/1468
v 1.7990 0.7304 0.5639
vt 0.8241 0.8676
vn 0.3204 -0.8212 -0.4722
v 1.7255 0.7085 0.5522
vt 0.8116 0.7952
vn 0.3204 -0.8194 -0.4753
v 1.7255 0.7251 0.4900
vt 0.8116 0.7975
vn 0.3232 -0.9463 0.0000
v 1.7990 0.7502 0.4900
vt 0.8241 0.8703
vn 0.3232 -0.9463 0.0000
f 1469/1469/1469 1470/1470/1470 1471/1471/1471 1472/1472/1472
v 1.7990 0.7502 0.4900
vt 0.8241 0.8703
vn 0.3232 -0.9463 0.0000
v 1.7255 0.7251 0.4900
vt 0.8116 0.7975
vn 0.3232 -0.9463 0.0000
v 1.7255 0.7085 0.4278
vt 0.8116 0.7952
vn 0.3204 -0.8194 0.4753
v 1.7990 0.7304 0.4161
vt 0.8241 0.8676
vn 0.3204 -0.8212 0.4722
f 1473/1473/1473 1474/1474/1474 1475/1475/1475 1476/1476/1476
v 1.7990 0.4275 0.6431
vt 0.8241 0.8395
vn 0.3124 0.0000 -0.9499
v 1.7255 0.4478 0.6190
vt 0.8116 0.7729
vn 0.3124 0.0000 -0.9499
v 1.7255 0.5837 0.6190
vt 0.8116 0.8094
vn 0.3076 -0.1290 -0.9427
v 1.7990 0.5823 0.6431
vt 0.8241 0.8786
vn 0.3081 -0.1197 -0.9438
f 1477/1477/1477 1478/1478/1478 1479/1479/1479 1480/1480/1480
v 1.7990 0.6764 0.6179
vt 0.8241 0.8602
vn 0.3129 -0.4774 -0.8211
v 1.7255 0.6629 0.5977
vt 0.8116 0.7890
vn 0.3128 -0.4720 -0.8243
v 1.7255 0.7085 0.5522
vt 0.8116 0.7952
vn 0.3204 -0.8194 -0.4753
v 1.7990 0.7304 0.5639
vt 0.8241 0.8676
vn 0.3204 -0.8212 -0.4722
f 1481/1481/1481 1482/1482/1482 1483/1483/1483 1484/1484/1484
v 1.7255 0.5910 0.4900
vt 0.8162 0.7077
vn 1.0000 -0.0000 -0.0000
v 1.7255 0.4478 0.6190
vt 0.8378 0.5485
vn 1.0000 -0.0000 -0.0000
v 1.7255 0.4478 0.3610
vt 0.7946 0.5485
vn 1.0000 -0.0000 -0.0000
f 1485/1485/1485 1486/1486/1486 1487/1487/1487
v 1.7255 0.5910 0.4900
vt 0.8162 0.7077
vn 1.0000 -0.0000 -0.0000
v 1.7255 0.7251 0.4900
vt 0.8162 0.6125
vn 1.0000 -0.0000 -0.0000
v 1.7255 0.7085 0.5522
vt 0.8266 0.6097
vn 1.0000 -0.0000 -0.0000
f 1488/1488/1488 1489/1489/1489 1490/1490/1490
v 1.7255 0.5910 0.4900
vt 0.8162 0.7077
vn 1.0000 -0.0000 -0.0000
v 1.7255 0.7085 0.5522
vt 0.8266 0.6097
vn 1.0000 -0.0000 -0.0000
v 1.7255 0.6629 0.5977
vt 0.8342 0.6021
vn 1.0000 -0.0000 -0.0000
f 1491/1491/1491 1492/1492/1492 1493/1493/1493
v 1.7255 0.5910 0.4900
vt 0.8162 0.7077
vn 1.0000 -0.0000 -0.0000
v 1.7255 0.6629 0.5977
vt 0.8342 0.6021
vn 1.0000 -0.0000 -0.0000
v 1.7255 0.5837 0.6190
vt 0.8378 0.5889
vn 1.0000 -0.0000 -0.0000
f 1494/1494/1494 1495/1495/1495 1496/1496/1496
v 1.7255 0.5910 0.4900
vt 0.8162 0.7077
vn 1.0000 -0.0000 -0.0000
v 1.7255 0.4478 0.3610
vt 0.7946 0.5485
vn 1.0000 -0.0000 -0.0000
v 1.7255 0.5837 0.3610
vt 0.7946 0.5889
vn 1.0000 -0.0000 -0.0000
f 1497/1497/1497 1498/1498/1498 1499/1499/1499
v 1.7255 0.5910 0.4900
vt 0.8162 0.7077
vn 1.0000 -0.0000 -0.0000
v 1.7255 0.5837 0.6190
vt 0.8378 0.5889
vn 1.0000 -0.0000 -0.0000
v 1.7255 0.4478 0.6190
vt 0.8378 0.5485
vn 1.0000 -0.0000 -0.0000
f 1500/1500/1500 1501/1501/1501 1502/1502/1502
v 1.7255 0.5910 0.4900
vt 0.8162 0.7077
vn 1.0000 -0.0000 -0.0000
v 1.7255 0.5837 0.3610
vt 0.7946 0.5889
vn 1.0000 -0.0000 -0.0000
v 1.7255 0.6629 0.3823
vt 0.7981 0.6021
vn 1.0000 -0.0000 -0.0000
f 1503/1503/1503 1504/1504/1504 1505/1505/1505
v 1.7255 0.5910 0.4900
vt 0.8162 0.7077
vn 1.0000 -0.0000 -0.0000
v 1.7255 0.6629 0.3823
vt 0.7981 0.6021
vn 1.0000 -0.0000 -0.0000
v 1.7255 0.7085 0.4278
vt 0.8058 0.6097
vn 1.0000 -0.0000 -0.0000
f 1506/1506/1506 1507/1507/1507 1508/1508/1508
v 1.7255 0.5910 0.4900
vt 0.8162 0.7077
vn 1.0000 -0.0000 -0.0000
v 1.7255 0.7085 0.4278
vt 0.8058 0.6097
vn 1.0000 -0.0000 -0.0000
v 1.7255 0.7251 0.4900
vt 0.8162 0.6125
vn 1.0000 -0.0000 -0.0000
f 1509/1509/1509 1510/1510/1510 1511/1511/1511
v 1.6765 0.3430 0.2450
vt 0.8032 0.8030
vn 0.0000 -1.0000 -0.0000
v 1.7990 0.3430 0.2450
vt 0.8346 0.8030
vn 0.0000 -1.0000 -0.0000
v 1.7990 0.3430 0.7350
vt 0.8346 0.8030
vn 0.0000 -1.0000 -0.0000
v 1.6765 0.3430 0.7350
vt 0.8032 0.8030
vn 0.0000 -1.0000 -0.0000
f 1512/1512/1512 1513/1513/1513 1514/1514/1514 1515/1515/1515
v 1.7990 0.4275 0.6431
vt 0.8241 0.8864
vn 0.2660 0.9640 0.0000
v 1.7990 0.4275 0.3369
vt 0.8241 0.8864
vn 0.2660 0.9640 0.0000
v 1.7255 0.4478 0.3610
vt 0.8116 0.8198
vn 0.2660 0.9640 0.0000
v 1.7255 0.4478 0.6190
vt 0.8116 0.8198
vn 0.2660 0.9640 0.0000
f 1516/1516/1516 1517/1517/1517 1518/1518/1518 1519/1519/1519
v 1.7990 0.4275 0.3369
vt 0.8241 0.8708
vn 1.0000 -0.0001 -0.0000
v 1.7990 0.4275 0.6431
vt 0.8241 0.8708
vn 1.0000 -0.0001 -0.0000
v 1.7990 0.3430 0.7350
vt 0.8241 0.8708
vn 1.0000 -0.0001 -0.0000
v 1.7990 0.3430 0.2450
vt 0.8241 0.8708
vn 1.0000 -0.0001 -0.0000
f 1520/1520/1520 1521/1521/1521 1522/1522/1522 1523/1523/1523
v 1.6765 0.8505 -0.9800
vt 0.8032 0.9701
vn 0.0000 1.0000 0.0000
v 1.6765 0.8177 -0.8575
vt 0.8032 0.9645
vn 0.0000 0.8660 0.5000
v 1.7990 0.8177 -0.8575
vt 0.8241 0.9645
vn 0.0000 0.8660 0.5000
v 1.7990 0.8505 -0.9800
vt 0.8241 0.9701
vn 0.0000 1.0000 0.0000
f 1524/1524/1524 1525/1525/1525 1526/1526/1526 1527/1527/1527
v 1.6765 0.8177 -0.8575
vt 0.8032 0.9645
vn 0.0000 0.8660 0.5000
v 1.6765 0.7280 -0.7678
vt 0.8032 0.9492
vn 0.0000 0.5000 0.8660
v 1.7990 0.7280 -0.7678
vt 0.8241 0.9492
vn 0.0000 0.5000 0.8660
v 1.7990 0.8177 -0.8575
vt 0.8241 0.9645
vn 0.0000 0.8660 0.5000
f 1528/1528/1528 1529/1529/1529 1530/1530/1530 1531/1531/1531
v 1.6765 0.7280 -0.7678
vt 0.8032 0.9492
vn 0.0000 0.5000 0.8660
v 1.6765 0.6055 -0.7350
vt 0.8032 0.8970
vn 0.0000 0.1305 0.9914
v 1.7990 0.6055 -0.7350
vt 0.8241 0.8970
vn 0.0000 0.1305 0.9914
v 1.7990 0.7280 -0.7678
vt 0.8241 0.9492
vn 0.0000 0.5000 0.8660
f 1532/1532/1532 1533/1533/1533 1534/1534/1534 1535/1535/1535
v 1.6765 0.6055 -0.7350
vt 0.8032 0.8970
vn 0.0000 0.1305 0.9914
v 1.6765 0.3430 -0.7350
vt 0.8032 0.8342
vn 0.0000 -0.0000 1.0000
v 1.7990 0.3430 -0.7350
vt 0.8241 0.8552
vn 0.0000 -0.0000 1.0000
v 1.7990 0.6055 -0.7350
vt 0.8241 0.8970
vn 0.0000 0.1305 0.9914
f 1536/1536/1536 1537/1537/1537 1538/1538/1538 1539/1539/1539
v 1.6765 0.6055 -1.2250
vt 0.8032 0.8970
vn 0.0000 0.1305 -0.9914
v 1.6765 0.7280 -1.1922
vt 0.8032 0.9492
vn 0.0000 0.5000 -0.8660
v 1.7990 0.7280 -1.1922
vt 0.8241 0.9492
vn 0.0000 0.5000 -0.8660
v 1.7990 0.6055 -1.2250
vt 0.8241 0.8970
vn 0.0000 0.1305 -0.9914
f 1540/1540/1540 1541/1541/1541 1542/1542/1542 1543/1543/1543
v 1.7990 0.6055 -1.2250
vt 0.8241 0.8970
vn 0.0000 0.1305 -0.9914
v 1.7990 0.3430 -1.2250
vt 0.8241 0.8552
vn -0.0000 0.0000 -1.0000
v 1.6765 0.3430 -1.2250
vt 0.8032 0.8342
vn -0.0000 0.0000 -1.0000
v 1.6765 0.6055 -1.2250
vt 0.8032 0.8970
vn 0.0000 0.1305 -0.9914
f 1544/1544/1544 1545/1545/1545 1546/1546/1546 1547/1547/1547
v 1.6765 0.7280 -1.1922
vt 0.8032 0.9492
vn 0.0000 0.5000 -0.8660
v 1.6765 0.8177 -1.1025
vt 0.8032 0.9645
vn 0.0000 0.8660 -0.5000
v 1.7990 0.8177 -1.1025
vt 0.8241 0.9645
vn 0.0000 0.8660 -0.5000
v 1.7990 0.7280 -1.1922
vt 0.8241 0.9492
vn 0.0000 0.5000 -0.8660
f 1548/1548/1548 1549/1549/1549 1550/1550/1550 1551/1551/1551
v 1.6765 0.8177 -1.1025
vt 0.8032 0.9645
vn 0.0000 0.8660 -0.5000
v 1.6765 0.8505 -0.9800
vt 0.8032 0.9701
vn 0.0000 1.0000 0.0000
v 1.7990 0.8505 -0.9800
vt 0.8241 0.9701
vn 0.0000 1.0000 0.0000
v 1.7990 0.8177 -1.1025
vt 0.8241 0.9645
vn 0.0000 0.8660 -0.5000
f 1552/1552/1552 1553/1553/1553 1554/1554/1554 1555/1555/1555
v 1.7990 0.6764 -1.1079
vt 0.8241 0.8602
vn 0.3129 -0.4774 0.8211
v 1.7255 0.6629 -1.0877
vt 0.8116 0.7890
vn 0.3128 -0.4720 0.8243
v 1.7255 0.5837 -1.1090
vt 0.8116 0.8094
vn 0.3076 -0.1290 0.9427
v 1.7990 0.5823 -1.1331
vt 0.8241 0.8786
vn 0.3081 -0.1197 0.9438
f 1556/1556/1556 1557/1557/1557 1558/1558/1558 1559/1559/1559
v 1.7990 0.7502 -0.9800
vt 0.8241 0.8708
vn 1.0000 -0.0000 -0.0000
v 1.7990 0.8505 -0.9800
vt 0.8241 0.8708
vn 1.0000 -0.0000 -0.0000
v 1.7990 0.8177 -0.8575
vt 0.8241 0.8708
vn 1.0000 -0.0000 -0.0000
v 1.7990 0.7304 -0.9061
vt 0.8241 0.8708
vn 1.0000 -0.0000 -0.0000
f 1560/1560/1560 1561/1561/1561 1562/1562/1562 1563/1563/1563
v 1.7990 0.7304 -0.9061
vt 0.8241 0.8708
vn 1.0000 -0.0000 -0.0000
v 1.7990 0.8177 -0.8575
vt 0.8241 0.8708
vn 1.0000 -0.0000 -0.0000
v 1.7990 0.7280 -0.7678
vt 0.8241 0.8708
vn 1.0000 -0.0000 -0.0000
v 1.7990 0.6764 -0.8521
vt 0.8241 0.8708
vn 1.0000 -0.0000 -0.0000
f 1564/1564/1564 1565/1565/1565 1566/1566/1566 1567/1567/1567
v 1.7990 0.6764 -0.8521
vt 0.8241 0.8708
vn 1.0000 -0.0000 -0.0000
v 1.7990 0.7280 -0.7678
vt 0.8241 0.8708
vn 1.0000 -0.0000 -0.0000
v 1.7990 0.6055 -0.7350
vt 0.8241 0.8708
vn 1.0000 -0.0000 -0.0000
v 1.7990 0.5823 -0.8269
vt 0.8241 0.8708
vn 1.0000 -0.0000 -0.0000
f 1568/1568/1568 1569/1569/1569 1570/1570/1570 1571/1571/1571
v 1.7990 0.4275 -1.1331
vt 0.8241 0.8708
vn 1.0000 -0.0001 -0.0000
v 1.7990 0.3430 -1.2250
vt 0.8241 0.8708
vn 1.0000 -0.0001 -0.0000
v 1.7990 0.6055 -1.2250
vt 0.8241 0.8708
vn 1.0000 -0.0000 -0.0000
v 1.7990 0.5823 -1.1331
vt 0.8241 0.8708
vn 1.0000 -0.0000 -0.0000
f 1572/1572/1572 1573/1573/1573 1574/1574/1574 1575/1575/1575
v 1.7990 0.5823 -0.8269
vt 0.8241 0.8708
vn 1.0000 -0.0000 -0.0000
v 1.7990 0.6055 -0.7350
vt 0.8241 0.8708
vn 1.0000 -0.0000 -0.0000
v 1.7990 0.3430 -0.7350
vt 0.8241 0.8708
vn 1.0000 -0.0001 -0.0000
v 1.7990 0.4275 -0.8269
vt 0.8241 0.8708
vn 1.0000 -0.0001 -0.0000
f 1576/1576/1576 1577/1577/1577 1578/1578/1578 1579/1579/1579
v 1.7990 0.5823 -1.1331
vt 0.8241 0.8708
vn 1.0000 -0.0000 -0.0000
v 1.7990 0.6055 -1.2250
vt 0.8241 0.8708
vn 1.0000 -0.0000 -0.0000
v 1.7990 0.7280 -1.1922
vt 0.8241 0.8708
vn 1.0000 -0.0000 -0.0000
v 1.7990 0.6764 -1.1079
vt 0.8241 0.8708
vn 1.0000 -0.0000 -0.0000
f 1580/1580/1580 1581/1581/1581 1582/1582/1582 1583/1583/1583
v 1.7990 0.6764 -1.1079
vt 0.8241 0.8708
vn 1.0000 -0.0000 -0.0000
v 1.7990 0.7280 -1.1922
vt 0.8241 0.8708
vn 1.0000 -0.0000 -0.0000
v 1.7990 0.8177 -1.1025
vt 0.8241 0.8708
vn 1.0000 -0.0000 -0.0000
v 1.7990 0.7304 -1.0539
vt 0.8241 0.8708
vn 1.0000 -0.0000 -0.0000
f 1584/1584/1584 1585/1585/1585 1586/1586/1586 1587/1587/1587
v 1.7990 0.7304 -1.0539
vt 0.8241 0.8708
vn 1.0000 -0.0000 -0.0000
v 1.7990 0.8177 -1.1025
vt 0.8241 0.8708
vn 1.0000 -0.0000 -0.0000
v 1.7990 0.8505 -0.9800
vt 0.8241 0.8708
vn 1.0000 -0.0000 -0.0000
v 1.7990 0.7502 -0.9800
vt 0.8241 0.8708
vn 1.0000 -0.0000 -0.0000
f 1588/1588/1588 1589/1589/1589 1590/1590/1590 1591/1591/1591
v 1.7990 0.5823 -0.8269
vt 0.8241 0.8786
vn 0.3081 -0.1197 -0.9438
v 1.7255 0.5837 -0.8510
vt 0.8116 0.8094
vn 0.3076 -0.1290 -0.9427
v 1.7255 0.6629 -0.8723
vt 0.8116 0.7890
vn 0.3128 -0.4720 -0.8243
v 1.7990 0.6764 -0.8521
vt 0.8241 0.8602
vn 0.3129 -0.4774 -0.8211
f 1592/1592/1592 1593/1593/1593 1594/1594/1594 1595/1595/1595
v 1.7990 0.7304 -1.0539
vt 0.8241 0.8676
vn 0.3204 -0.8212 0.4722
v 1.7255 0.7085 -1.0422
vt 0.8116 0.7952
vn 0.3204 -0.8194 0.4753
v 1.7255 0.6629 -1.0877
vt 0.8116 0.7890
vn 0.3128 -0.4720 0.8243
v 1.7990 0.6764 -1.1079
vt 0.8241 0.8602
vn 0.3129 -0.4774 0.8211
f 1596/1596/1596 1597/1597/1597 1598/1598/1598 1599/1599/1599
v 1.7990 0.5823 -1.1331
vt 0.8241 0.8786
vn 0.3081 -0.1197 0.9438
v 1.7255 0.5837 -1.1090
vt 0.8116 0.8094
vn 0.3076 -0.1290 0.9427
v 1.7255 0.4478 -1.1090
vt 0.8116 0.7729
vn 0.3124 -0.0000 0.9499
v 1.7990 0.4275 -1.1331
vt 0.8241 0.8395
vn 0.3124 -0.0000 0.9499
f 1600/1600/1600 1601/1601/1601 1602/1602/1602 1603/1603/1603
v 1.7990 0.7304 -0.9061
vt 0.8241 0.8676
vn 0.3204 -0.8212 -0.4722
v 1.7255 0.7085 -0.9178
vt 0.8116 0.7952
vn 0.3204 -0.8194 -0.4753
v 1.7255 0.7251 -0.9800
vt 0.8116 0.7975
vn 0.3232 -0.9463 0.0000
v 1.7990 0.7502 -0.9800
vt 0.8241 0.8703
vn 0.3232 -0.9463 0.0000
f 1604/1604/1604 1605/1605/1605 1606/1606/1606 1607/1607/1607
v 1.7990 0.7502 -0.9800
vt 0.8241 0.8703
vn 0.3232 -0.9463 0.0000
v 1.7255 0.7251 -0.9800
vt 0.8116 0.7975
vn 0.3232 -0.9463 0.0000
v 1.7255 0.7085 -1.0422
vt 0.8116 0.7952
vn 0.3204 -0.8194 0.4753
v 1.7990 0.7304 -1.0539
vt 0.8241 0.8676
vn 0.3204 -0.8212 0.4722
f 1608/1608/1608 1609/1609/1609 1610/1610/1610 1611/1611/1611
v 1.7990 0.4275 -0.8269
vt 0.8241 0.8395
vn 0.3124 0.0000 -0.9499
v 1.7255 0.4478 -0.8510
vt 0.8116 0.7729
vn 0.3124 0.0000 -0.9499
v 1.7255 0.5837 -0.8510
vt 0.8116 0.8094
vn 0.3076 -0.1290 -0.9427
v 1.7990 0.5823 -0.8269
vt 0.8241 0.8786
vn 0.3081 -0.1197 -0.9438
f 1612/1612/1612 1613/1613/1613 1614/1614/1614 1615/1615/1615
v 1.7990 0.6764 -0.8521
vt 0.8241 0.8602
vn 0.3129 -0.4774 -0.8211
v 1.7255 0.6629 -0.8723
vt 0.8116 0.7890
vn 0.3128 -0.4720 -0.8243
v 1.7255 0.7085 -0.9178
vt 0.8116 0.7952
vn 0.3204 -0.8194 -0.4753
v 1.7990 0.7304 -0.9061
vt 0.8241 0.8676
vn 0.3204 -0.8212 -0.4722
f 1616/1616/1616 1617/1617/1617 1618/1618/1618 1619/1619/1619
v 1.7255 0.5910 -0.9800
vt 0.8162 0.7077
vn 1.0000 -0.0000 -0.0000
v 1.7255 0.4478 -0.8510
vt 0.8378 0.5485
vn 1.0000 -0.0000 -0.0000
v 1.7255 0.4478 -1.1090
vt 0.7946 0.5485
vn 1.0000 -0.0000 -0.0000
f 1620/1620/1620 1621/1621/1621 1622/1622/1622
v 1.7255 0.5910 -0.9800
vt 0.8162 0.7077
vn 1.0000 -0.0000 -0.0000
v 1.7255 0.7251 -0.9800
vt 0.8162 0.6125
vn 1.0000 -0.0000 -0.0000
v 1.7255 0.7085 -0.9178
vt 0.8266 0.6097
vn 1.0000 -0.0000 -0.0000
f 1623/1623/1623 1624/1624/1624 1625/1625/1625
v 1.7255 0.5910 -0.9800
vt 0.8162 0.7077
vn 1.0000 -0.0000 -0.0000
v 1.7255 0.7085 -0.9178
vt 0.8266 0.6097
vn 1.0000 -0.0000 -0.0000
v 1.7255 0.6629 -0.8723
vt 0.8342 0.6021
vn 1.0000 -0.0000 -0.0000
f 1626/1626/1626 1627/1627/1627 1628/1628/1628
v 1.7255 0.5910 -0.9800
vt 0.8162 0.7077
vn 1.0000 -0.0000 -0.0000
v 1.7255 0.6629 -0.8723
vt 0.8342 0.6021
vn 1.0000 -0.0000 -0.0000
v 1.7255 0.5837 -0.8510
vt 0.8378 0.5889
vn 1.0000 -0.0000 -0.0000
f 1629/1629/1629 1630/1630/1630 1631/1631/1631
v 1.7255 0.5910 -0.9800
vt 0.8162 0.7077
vn 1.0000 -0.0000 -0.0000
v 1.7255 0.4478 -1.1090
vt 0.7946 0.5485
vn 1.0000 -0.0000 -0.0000
v 1.7255 0.5837 -1.1090
vt 0.7946 0.5889
vn 1.0000 -0.0000 -0.0000
f 1632/1632/1632 1633/1633/1633 1634/1634/1634
v 1.7255 0.5910 -0.9800
vt 0.8162 0.7077
vn 1.0000 -0.0000 -0.0000
v 1.7255 0.5837 -0.8510
vt 0.8378 0.5889
vn 1.0000 -0.0000 -0.0000
v 1.7255 0.4478 -0.8510
vt 0.8378 0.5485
vn 1.0000 -0.0000 -0.0000
f 1635/1635/1635 1636/1636/1636 1637/1637/1637
v 1.7255 0.5910 -0.9800
vt 0.8162 0.7077
vn 1.0000 -0.0000 -0.0000
v 1.7255 0.5837 -1.1090
vt 0.7946 0.5889
vn 1.0000 -0.0000 -0.0000
v 1.7255 0.6629 -1.0877
vt 0.7981 0.6021
vn 1.0000 -0.0000 -0.0000
f 1638/1638/1638 1639/1639/1639 1640/1640/1640
v 1.7255 0.5910 -0.9800
vt 0.8162 0.7077
vn 1.0000 -0.0000 -0.0000
v 1.7255 0.6629 -1.0877
vt 0.7981 0.6021
vn 1.0000 -0.0000 -0.0000
v 1.7255 0.7085 -1.0422
vt 0.8058 0.6097
vn 1.0000 -0.0000 -0.0000
f 1641/1641/1641 1642/1642/1642 1643/1643/1643
v 1.7255 0.5910 -0.9800
vt 0.8162 0.7077
vn 1.0000 -0.0000 -0.0000
v 1.7255 0.7085 -1.0422
vt 0.8058 0.6097
vn 1.0000 -0.0000 -0.0000
v 1.7255 0.7251 -0.9800
vt 0.8162 0.6125
vn 1.0000 -0.0000 -0.0000
f 1644/1644/1644 1645/1645/1645 1646/1646/1646
v 1.6765 0.3430 -1.2250
vt 0.8032 0.8030
vn 0.0000 -1.0000 -0.0000
v 1.7990 0.3430 -1.2250
vt 0.8346 0.8030
vn 0.0000 -1.0000 -0.0000
v 1.7990 0.3430 -0.7350
vt 0.8346 0.8030
vn 0.0000 -1.0000 -0.0000
v 1.6765 0.3430 -0.7350
vt 0.8032 0.8030
vn 0.0000 -1.0000 -0.0000
f 1647/1647/1647 1648/1648/1648 1649/1649/1649 1650/1650/1650
v 1.7990 0.4275 -0.8269
vt 0.8241 0.8864
vn 0.2660 0.9640 0.0000
v 1.7990 0.4275 -1.1331
vt 0.8241 0.8864
vn 0.2660 0.9640 0.0000
v 1.7255 0.4478 -1.1090
vt 0.8116 0.8198
vn 0.2660 0.9640 0.0000
v 1.7255 0.4478 -0.8510
vt 0.8116 0.8198
vn 0.2660 0.9640 0.0000
f 1651/1651/1651 1652/1652/1652 1653/1653/1653 1654/1654/1654
v 1.7990 0.4275 -1.1331
vt 0.8241 0.8708
vn 1.0000 -0.0001 -0.0000
v 1.7990 0.4275 -0.8269
vt 0.8241 0.8708
vn 1.0000 -0.0001 -0.0000
v 1.7990 0.3430 -0.7350
vt 0.8241 0.8708
vn 1.0000 -0.0001 -0.0000
v 1.7990 0.3430 -1.2250
vt 0.8241 0.8708
vn 1.0000 -0.0001 -0.0000
f 1655/1655/1655 1656/1656/1656 1657/1657/1657 1658/1658/1658
v -0.7350 0.3675 -1.7124
vt 0.8032 0.8342
vn -1.0000 0.0000 0.0000
v -0.7350 0.4900 -1.8349
vt 0.8241 0.8552
vn -1.0000 0.0000 0.0000
v -0.7350 0.3675 -1.8961
vt 0.8346 0.8342
vn -1.0000 0.0000 0.0000
f 1659/1659/1659 1660/1660/1660 1661/1661/1661
v -0.7350 0.3675 -1.8961
vt 0.8346 0.8342
vn -1.0000 0.0000 0.0000
v -0.7350 0.4900 -1.8349
vt 0.8241 0.8552
vn -1.0000 0.0000 0.0000
v -0.7350 0.4900 -1.9574
vt 0.8450 0.8552
vn -1.0000 0.0000 0.0000
v -0.7350 0.4287 -1.9574
vt 0.8450 0.8447
vn -1.0000 0.0000 0.0000
f 1662/1662/1662 1663/1663/1663 1664/1664/1664 1665/1665/1665
v -0.2450 0.3675 -1.7124
vt 0.8032 0.8342
vn 1.0000 -0.0000 -0.0000
v -0.2450 0.3675 -1.8961
vt 0.8346 0.8342
vn 1.0000 -0.0000 -0.0000
v -0.2450 0.4900 -1.8349
vt 0.8241 0.8552
vn 1.0000 -0.0000 -0.0000
f 1666/1666/1666 1667/1667/1667 1668/1668/1668
v -0.2450 0.4900 -1.9574
vt 0.8450 0.8864
vn 0.0000 1.0000 0.0000
v -0.7350 0.4900 -1.9574
vt 0.8450 0.8864
vn 0.0000 1.0000 0.0000
v -0.6431 0.4900 -1.8349
vt 0.8241 0.8864
vn 0.0000 1.0000 0.0000
v -0.3369 0.4900 -1.8349
vt 0.8241 0.8864
vn 0.0000 1.0000 0.0000
f 1669/1669/1669 1670/1670/1670 1671/1671/1671 1672/1672/1672
v -0.4900 0.9800 -1.7124
vt 0.8032 0.9701
vn 0.0000 1.0000 0.0000
v -0.4900 0.9800 -1.8349
vt 0.8241 0.9701
vn 0.0000 1.0000 0.0000
v -0.6125 0.9472 -1.8349
vt 0.8241 0.9645
vn -0.5000 0.8660 0.0000
v -0.6125 0.9472 -1.7124
vt 0.8032 0.9645
vn -0.5000 0.8660 0.0000
f 1673/1673/1673 1674/1674/1674 1675/1675/1675 1676/1676/1676
v -0.6125 0.9472 -1.7124
vt 0.8032 0.9645
vn -0.5000 0.8660 0.0000
v -0.6125 0.9472 -1.8349
vt 0.8241 0.9645
vn -0.5000 0.8660 0.0000
v -0.7022 0.8575 -1.8349
vt 0.8241 0.9492
vn -0.8660 0.5000 0.0000
v -0.7022 0.8575 -1.7124
vt 0.8032 0.9492
vn -0.8660 0.5000 0.0000
f 1677/1677/1677 1678/1678/1678 1679/1679/1679 1680/1680/1680
v -0.7022 0.8575 -1.7124
vt 0.8032 0.9492
vn -0.8660 0.5000 0.0000
v -0.7022 0.8575 -1.8349
vt 0.8241 0.9492
vn -0.8660 0.5000 0.0000
v -0.7350 0.7350 -1.8349
vt 0.8241 0.8970
vn -0.9914 0.1305 0.0000
v -0.7350 0.7350 -1.7124
vt 0.8032 0.8970
vn -0.9914 0.1305 0.0000
f 1681/1681/1681 1682/1682/1682 1683/1683/1683 1684/1684/1684
v -0.7350 0.7350 -1.7124
vt 0.8032 0.8970
vn -0.9914 0.1305 0.0000
v -0.7350 0.7350 -1.8349
vt 0.8241 0.8970
vn -0.9914 0.1305 0.0000
v -0.7350 0.4900 -1.8349
vt 0.8241 0.8552
vn -1.0000 0.0000 0.0000
v -0.7350 0.3675 -1.7124
vt 0.8032 0.8342
vn -1.0000 0.0000 0.0000
f 1685/1685/1685 1686/1686/1686 1687/1687/1687 1688/1688/1688
v -0.2450 0.7350 -1.7124
vt 0.8032 0.8970
vn 0.9914 0.1305 -0.0000
v -0.2450 0.7350 -1.8349
vt 0.8241 0.8970
vn 0.9914 0.1305 -0.0000
v -0.2778 0.8575 -1.8349
vt 0.8241 0.9492
vn 0.8660 0.5000 -0.0000
v -0.2778 0.8575 -1.7124
vt 0.8032 0.9492
vn 0.8660 0.5000 -0.0000
f 1689/1689/1689 1690/1690/1690 1691/1691/1691 1692/1692/1692
v -0.2450 0.7350 -1.8349
vt 0.8241 0.8970
vn 0.9914 0.1305 -0.0000
v -0.2450 0.7350 -1.7124
vt 0.8032 0.8970
vn 0.9914 0.1305 -0.0000
v -0.2450 0.3675 -1.7124
vt 0.8032 0.8342
vn 1.0000 -0.0000 -0.0000
v -0.2450 0.4900 -1.8349
vt 0.8241 0.8552
vn 1.0000 -0.0000 -0.0000
f 1693/1693/1693 1694/1694/1694 1695/1695/1695 1696/1696/1696
v -0.2778 0.8575 -1.7124
vt 0.8032 0.9492
vn 0.8660 0.5000 -0.0000
v -0.2778 0.8575 -1.8349
vt 0.8241 0.9492
vn 0.8660 0.5000 -0.0000
v -0.3675 0.9472 -1.8349
vt 0.8241 0.9645
vn 0.5000 0.8660 -0.0000
v -0.3675 0.9472 -1.7124
vt 0.8032 0.9645
vn 0.5000 0.8660 -0.0000
f 1697/1697/1697 1698/1698/1698 1699/1699/1699 1700/1700/1700
v -0.3675 0.9472 -1.7124
vt 0.8032 0.9645
vn 0.5000 0.8660 -0.0000
v -0.3675 0.9472 -1.8349
vt 0.8241 0.9645
vn 0.5000 0.8660 -0.0000
v -0.4900 0.9800 -1.8349
vt 0.8241 0.9701
vn 0.0000 1.0000 0.0000
v -0.4900 0.9800 -1.7124
vt 0.8032 0.9701
vn 0.0000 1.0000 0.0000
f 1701/1701/1701 1702/1702/1702 1703/1703/1703 1704/1704/1704
v -0.3621 0.8117 -1.8349
vt 0.8241 0.8602
vn -0.8211 -0.4774 -0.3129
v -0.3369 0.7177 -1.8349
vt 0.8241 0.8786
vn -0.9438 -0.1197 -0.3081
v -0.3610 0.7191 -1.7614
vt 0.8116 0.8094
vn -0.9427 -0.1290 -0.3076
v -0.3823 0.7983 -1.7614
vt 0.8116 0.7890
vn -0.8243 -0.4720 -0.3128
f 1705/1705/1705 1706/1706/1706 1707/1707/1707 1708/1708/1708
v -0.4900 0.8856 -1.8349
vt 0.8241 0.9172
vn -0.0000 0.0000 -1.0000
v -0.5639 0.8658 -1.8349
vt 0.8241 0.9145
vn -0.0000 0.0000 -1.0000
v -0.6125 0.9472 -1.8349
vt 0.8241 0.9332
vn -0.0000 0.0000 -1.0000
v -0.4900 0.9800 -1.8349
vt 0.8241 0.9388
vn -0.0000 0.0000 -1.0000
f 1709/1709/1709 1710/1710/1710 1711/1711/1711 1712/1712/1712
v -0.5639 0.8658 -1.8349
vt 0.8241 0.9145
vn -0.0000 0.0000 -1.0000
v -0.6179 0.8117 -1.8349
vt 0.8241 0.9071
vn -0.0000 0.0000 -1.0000
v -0.7022 0.8575 -1.8349
vt 0.8241 0.9179
vn -0.0000 0.0000 -1.0000
v -0.6125 0.9472 -1.8349
vt 0.8241 0.9332
vn -0.0000 0.0000 -1.0000
f 1713/1713/1713 1714/1714/1714 1715/1715/1715 1716/1716/1716
v -0.6179 0.8117 -1.8349
vt 0.8241 0.9071
vn -0.0000 0.0000 -1.0000
v -0.6431 0.7177 -1.8349
vt 0.8241 0.8942
vn -0.0000 0.0000 -1.0000
v -0.7350 0.7350 -1.8349
vt 0.8241 0.8970
vn -0.0000 0.0000 -1.0000
v -0.7022 0.8575 -1.8349
vt 0.8241 0.9179
vn -0.0000 0.0000 -1.0000
f 1717/1717/1717 1718/1718/1718 1719/1719/1719 1720/1720/1720
v -0.3369 0.4900 -1.8349
vt 0.8241 0.8552
vn -0.0000 0.0000 -1.0000
v -0.3369 0.7177 -1.8349
vt 0.8241 0.8942
vn -0.0000 0.0000 -1.0000
v -0.2450 0.7350 -1.8349
vt 0.8241 0.8970
vn -0.0000 0.0000 -1.0000
v -0.2450 0.4900 -1.8349
vt 0.8241 0.8552
vn -0.0000 0.0000 -1.0000
f 1721/1721/1721 1722/1722/1722 1723/1723/1723 1724/1724/1724
v -0.6431 0.7177 -1.8349
vt 0.8241 0.8942
vn -0.0000 0.0000 -1.0000
v -0.6431 0.4900 -1.8349
vt 0.8241 0.8552
vn -0.0000 0.0000 -1.0000
v -0.7350 0.4900 -1.8349
vt 0.8241 0.8552
vn -0.0000 0.0000 -1.0000
v -0.7350 0.7350 -1.8349
vt 0.8241 0.8970
vn -0.0000 0.0000 -1.0000
f 1725/1725/1725 1726/1726/1726 1727/1727/1727 1728/1728/1728
v -0.3369 0.7177 -1.8349
vt 0.8241 0.8942
vn -0.0000 0.0000 -1.0000
v -0.3621 0.8117 -1.8349
vt 0.8241 0.9071
vn -0.0000 0.0000 -1.0000
v -0.2778 0.8575 -1.8349
vt 0.8241 0.9179
vn -0.0000 0.0000 -1.0000
v -0.2450 0.7350 -1.8349
vt 0.8241 0.8970
vn -0.0000 0.0000 -1.0000
f 1729/1729/1729 1730/1730/1730 1731/1731/1731 1732/1732/1732
v -0.3621 0.8117 -1.8349
vt 0.8241 0.9071
vn -0.0000 0.0000 -1.0000
v -0.4161 0.8658 -1.8349
vt 0.8241 0.9145
vn -0.0000 0.0000 -1.0000
v -0.3675 0.9472 -1.8349
vt 0.8241 0.9332
vn -0.0000 0.0000 -1.0000
v -0.2778 0.8575 -1.8349
vt 0.8241 0.9179
vn -0.0000 0.0000 -1.0000
f 1733/1733/1733 1734/1734/1734 1735/1735/1735 1736/1736/1736
v -0.4161 0.8658 -1.8349
vt 0.8241 0.9145
vn -0.0000 0.0000 -1.0000
v -0.4900 0.8856 -1.8349
vt 0.8241 0.9172
vn -0.0000 0.0000 -1.0000
v -0.4900 0.9800 -1.8349
vt 0.8241 0.9388
vn -0.0000 0.0000 -1.0000
v -0.3675 0.9472 -1.8349
vt 0.8241 0.9332
vn -0.0000 0.0000 -1.0000
f 1737/1737/1737 1738/1738/1738 1739/1739/1739 1740/1740/1740
v -0.6431 0.7177 -1.8349
vt 0.8241 0.8786
vn 0.9438 -0.1197 -0.3081
v -0.6179 0.8117 -1.8349
vt 0.8241 0.8602
vn 0.8211 -0.4774 -0.3129
v -0.5977 0.7983 -1.7614
vt 0.8116 0.7890
vn 0.8243 -0.4720 -0.3128
v -0.6190 0.7191 -1.7614
vt 0.8116 0.8094
vn 0.9427 -0.1290 -0.3076
f 1741/1741/1741 1742/1742/1742 1743/1743/1743 1744/1744/1744
v -0.4161 0.8658 -1.8349
vt 0.8241 0.8676
vn -0.4722 -0.8212 -0.3204
v -0.3621 0.8117 -1.8349
vt 0.8241 0.8602
vn -0.8211 -0.4774 -0.3129
v -0.3823 0.7983 -1.7614
vt 0.8116 0.7890
vn -0.8243 -0.4720 -0.3128
v -0.4278 0.8438 -1.7614
vt 0.8116 0.7952
vn -0.4753 -0.8194 -0.3204
f 1745/1745/1745 1746/1746/1746 1747/1747/1747 1748/1748/1748
v -0.3369 0.7177 -1.8349
vt 0.8241 0.8786
vn -0.9438 -0.1197 -0.3081
v -0.3369 0.4900 -1.8349
vt 0.8241 0.8395
vn -0.9499 0.0000 -0.3124
v -0.3610 0.4900 -1.7614
vt 0.8116 0.7729
vn -0.9499 0.0000 -0.3124
v -0.3610 0.7191 -1.7614
vt 0.8116 0.8094
vn -0.9427 -0.1290 -0.3076
f 1749/1749/1749 1750/1750/1750 1751/1751/1751 1752/1752/1752
v -0.5639 0.8658 -1.8349
vt 0.8241 0.8676
vn 0.4722 -0.8212 -0.3204
v -0.4900 0.8856 -1.8349
vt 0.8241 0.8703
vn -0.0000 -0.9463 -0.3232
v -0.4900 0.8605 -1.7614
vt 0.8116 0.7975
vn -0.0000 -0.9463 -0.3232
v -0.5522 0.8438 -1.7614
vt 0.8116 0.7952
vn 0.4753 -0.8194 -0.3204
f 1753/1753/1753 1754/1754/1754 1755/1755/1755 1756/1756/1756
v -0.4900 0.8856 -1.8349
vt 0.8241 0.8703
vn -0.0000 -0.9463 -0.3232
v -0.4161 0.8658 -1.8349
vt 0.8241 0.8676
vn -0.4722 -0.8212 -0.3204
v -0.4278 0.8438 -1.7614
vt 0.8116 0.7952
vn -0.4753 -0.8194 -0.3204
v -0.4900 0.8605 -1.7614
vt 0.8116 0.7975
vn -0.0000 -0.9463 -0.3232
f 1757/1757/1757 1758/1758/1758 1759/1759/1759 1760/1760/1760
v -0.6431 0.4900 -1.8349
vt 0.8241 0.8395
vn 0.9499 0.0000 -0.3124
v -0.6431 0.7177 -1.8349
vt 0.8241 0.8786
vn 0.9438 -0.1197 -0.3081
v -0.6190 0.7191 -1.7614
vt 0.8116 0.8094
vn 0.9427 -0.1290 -0.3076
v -0.6190 0.4900 -1.7614
vt 0.8116 0.7729
vn 0.9499 0.0000 -0.3124
f 1761/1761/1761 1762/1762/1762 1763/1763/1763 1764/1764/1764
v -0.6179 0.8117 -1.8349
vt 0.8241 0.8602
vn 0.8211 -0.4774 -0.3129
v -0.5639 0.8658 -1.8349
vt 0.8241 0.8676
vn 0.4722 -0.8212 -0.3204
v -0.5522 0.8438 -1.7614
vt 0.8116 0.7952
vn 0.4753 -0.8194 -0.3204
v -0.5977 0.7983 -1.7614
vt 0.8116 0.7890
vn 0.8243 -0.4720 -0.3128
f 1765/1765/1765 1766/1766/1766 1767/1767/1767 1768/1768/1768
v -0.4900 0.7205 -1.7614
vt 0.8162 0.7077
vn -0.0000 0.0000 -1.0000
v -0.3610 0.4900 -1.7614
vt 0.7946 0.5485
vn -0.0000 0.0000 -1.0000
v -0.6190 0.4900 -1.7614
vt 0.8378 0.5485
vn -0.0000 0.0000 -1.0000
f 1769/1769/1769 1770/1770/1770 1771/1771/1771
v -0.4900 0.7205 -1.7614
vt 0.8162 0.7077
vn -0.0000 0.0000 -1.0000
v -0.5522 0.8438 -1.7614
vt 0.8266 0.6097
vn -0.0000 0.0000 -1.0000
v -0.4900 0.8605 -1.7614
vt 0.8162 0.6125
vn -0.0000 0.0000 -1.0000
f 1772/1772/1772 1773/1773/1773 1774/1774/1774
v -0.4900 0.7205 -1.7614
vt 0.8162 0.7077
vn -0.0000 0.0000 -1.0000
v -0.5977 0.7983 -1.7614
vt 0.8342 0.6021
vn -0.0000 0.0000 -1.0000
v -0.5522 0.8438 -1.7614
vt 0.8266 0.6097
vn -0.0000 0.0000 -1.0000
f 1775/1775/1775 1776/1776/1776 1777/1777/1777
v -0.4900 0.7205 -1.7614
vt 0.8162 0.7077
vn -0.0000 0.0000 -1.0000
v -0.6190 0.7191 -1.7614
vt 0.8378 0.5889
vn -0.0000 0.0000 -1.0000
v -0.5977 0.7983 -1.7614
vt 0.8342 0.6021
vn -0.0000 0.0000 -1.0000
f 1778/1778/1778 1779/1779/1779 1780/1780/1780
v -0.4900 0.7205 -1.7614
vt 0.8162 0.7077
vn -0.0000 0.0000 -1.0000
v -0.3610 0.7191 -1.7614
vt 0.7946 0.5889
vn -0.0000 0.0000 -1.0000
v -0.3610 0.4900 -1.7614
vt 0.7946 0.5485
vn -0.0000 0.0000 -1.0000
f 1781/1781/1781 1782/1782/1782 1783/1783/1783
v -0.4900 0.7205 -1.7614
vt 0.8162 0.7077
vn -0.0000 0.0000 -1.0000
v -0.6190 0.4900 -1.7614
vt 0.8378 0.5485
vn -0.0000 0.0000 -1.0000
v -0.6190 0.7191 -1.7614
vt 0.8378 0.5889
vn -0.0000 0.0000 -1.0000
f 1784/1784/1784 1785/1785/1785 1786/1786/1786
v -0.4900 0.7205 -1.7614
vt 0.8162 0.7077
vn -0.0000 0.0000 -1.0000
v -0.3823 0.7983 -1.7614
vt 0.7981 0.6021
vn -0.0000 0.0000 -1.0000
v -0.3610 0.7191 -1.7614
vt 0.7946 0.5889
vn -0.0000 0.0000 -1.0000
f 1787/1787/1787 1788/1788/1788 1789/1789/1789
v -0.4900 0.7205 -1.7614
vt 0.8162 0.7077
vn -0.0000 0.0000 -1.0000
v -0.4278 0.8438 -1.7614
vt 0.8058 0.6097
vn -0.0000 0.0000 -1.0000
v -0.3823 0.7983 -1.7614
vt 0.7981 0.6021
vn -0.0000 0.0000 -1.0000
f 1790/1790/1790 1791/1791/1791 1792/1792/1792
v -0.4900 0.7205 -1.7614
vt 0.8162 0.7077
vn -0.0000 0.0000 -1.0000
v -0.4900 0.8605 -1.7614
vt 0.8162 0.6125
vn -0.0000 0.0000 -1.0000
v -0.4278 0.8438 -1.7614
vt 0.8058 0.6097
vn -0.0000 0.0000 -1.0000
f 1793/1793/1793 1794/1794/1794 1795/1795/1795
v -0.2450 0.4900 -1.8349
vt 0.8241 0.8552
vn 1.0000 -0.0000 -0.0000
v -0.2450 0.3675 -1.8961
vt 0.8346 0.8342
vn 1.0000 -0.0000 -0.0000
v -0.2450 0.4287 -1.9574
vt 0.8450 0.8447
vn 1.0000 -0.0000 -0.0000
v -0.2450 0.4900 -1.9574
vt 0.8450 0.8552
vn 1.0000 -0.0000 -0.0000
f 1796/1796/1796 1797/1797/1797 1798/1798/1798 1799/1799/1799
v -0.2450 0.3675 -1.7124
vt 0.8032 0.8030
vn 0.0000 -1.0000 -0.0000
v -0.7350 0.3675 -1.7124
vt 0.8032 0.8030
vn 0.0000 -1.0000 -0.0000
v -0.7350 0.3675 -1.8961
vt 0.8346 0.8030
vn 0.0000 -1.0000 -0.0000
v -0.2450 0.3675 -1.8961
vt 0.8346 0.8030
vn 0.0000 -1.0000 -0.0000
f 1800/1800/1800 1801/1801/1801 1802/1802/1802 1803/1803/1803
v -0.7350 0.4900 -1.9574
vt 0.8450 0.8552
vn -0.0000 0.0000 -1.0000
v -0.2450 0.4900 -1.9574
vt 0.8450 0.8552
vn -0.0000 0.0000 -1.0000
v -0.2450 0.4287 -1.9574
vt 0.8450 0.8447
vn -0.0000 0.0000 -1.0000
v -0.7350 0.4287 -1.9574
vt 0.8450 0.8447
vn -0.0000 0.0000 -1.0000
f 1804/1804/1804 1805/1805/1805 1806/1806/1806 1807/1807/1807
v -0.2450 0.3675 -1.8961
vt 0.8346 0.8186
vn -0.0000 -0.7071 -0.7071
v -0.7350 0.3675 -1.8961
vt 0.8346 0.8186
vn -0.0000 -0.7071 -0.7071
v -0.7350 0.4287 -1.9574
vt 0.8450 0.8291
vn -0.0000 -0.7071 -0.7071
v -0.2450 0.4287 -1.9574
vt 0.8450 0.8291
vn -0.0000 -0.7071 -0.7071
f 1808/1808/1808 1809/1809/1809 1810/1810/1810 1811/1811/1811
v -0.6431 0.4900 -1.8349
vt 0.8241 0.8864
vn 0.0000 1.0000 0.0000
v -0.6190 0.4900 -1.7614
vt 0.8116 0.8198
vn 0.0000 1.0000 0.0000
v -0.3610 0.4900 -1.7614
vt 0.8116 0.8198
vn 0.0000 1.0000 0.0000
v -0.3369 0.4900 -1.8349
vt 0.8241 0.8864
vn 0.0000 1.0000 0.0000
f 1812/1812/1812 1813/1813/1813 1814/1814/1814 1815/1815/1815
v -0.2450 0.4900 -1.8349
vt 0.8241 0.8864
vn 0.0000 1.0000 0.0000
v -0.2450 0.4900 -1.9574
vt 0.8450 0.8864
vn 0.0000 1.0000 0.0000
v -0.3369 0.4900 -1.8349
vt 0.8241 0.8864
vn 0.0000 1.0000 0.0000
f 1816/1816/1816 1817/1817/1817 1818/1818/1818
v -0.7350 0.4900 -1.8349
vt 0.8241 0.8864
vn 0.0000 1.0000 0.0000
v -0.6431 0.4900 -1.8349
vt 0.8241 0.8864
vn 0.0000 1.0000 0.0000
v -0.7350 0.4900 -1.9574
vt 0.8450 0.8864
vn 0.0000 1.0000 0.0000
f 1819/1819/1819 1820/1820/1820 1821/1821/1821
v 0.2450 0.3675 -1.7124
vt 0.8032 0.8342
vn -1.0000 0.0000 0.0000
v 0.2450 0.4900 -1.8349
vt 0.8241 0.8552
vn -1.0000 0.0000 0.0000
v 0.2450 0.3675 -1.8961
vt 0.8346 0.8342
vn -1.0000 0.0000 0.0000
f 1822/1822/1822 1823/1823/1823 1824/1824/1824
v 0.2450 0.3675 -1.8961
vt 0.8346 0.8342
vn -1.0000 0.0000 0.0000
v 0.2450 0.4900 -1.8349
vt 0.8241 0.8552
vn -1.0000 0.0000 0.0000
v 0.2450 0.4900 -1.9574
vt 0.8450 0.8552
vn -1.0000 0.0000 0.0000
v 0.2450 0.4287 -1.9574
vt 0.8450 0.8447
vn -1.0000 0.0000 0.0000
f 1825/1825/1825 1826/1826/1826 1827/1827/1827 1828/1828/1828
v 0.7350 0.3675 -1.7124
vt 0.8032 0.8342
vn 1.0000 -0.0000 -0.0000
v 0.7350 0.3675 -1.8961
vt 0.8346 0.8342
vn 1.0000 -0.0000 -0.0000
v 0.7350 0.4900 -1.8349
vt 0.8241 0.8552
vn 1.0000 -0.0000 -0.0000
f 1829/1829/1829 1830/1830/1830 1831/1831/1831
v 0.7350 0.4900 -1.9574
vt 0.8450 0.8864
vn 0.0000 1.0000 0.0000
v 0.2450 0.4900 -1.9574
vt 0.8450 0.8864
vn 0.0000 1.0000 0.0000
v 0.3369 0.4900 -1.8349
vt 0.8241 0.8864
vn 0.0000 1.0000 0.0000
v 0.6431 0.4900 -1.8349
vt 0.8241 0.8864
vn 0.0000 1.0000 0.0000
f 1832/1832/1832 1833/1833/1833 1834/1834/1834 1835/1835/1835
v 0.4900 0.9800 -1.7124
vt 0.8032 0.9701
vn 0.0000 1.0000 0.0000
v 0.4900 0.9800 -1.8349
vt 0.8241 0.9701
vn 0.0000 1.0000 0.0000
v 0.3675 0.9472 -1.8349
vt 0.8241 0.9645
vn -0.5000 0.8660 0.0000
v 0.3675 0.9472 -1.7124
vt 0.8032 0.9645
vn -0.5000 0.8660 0.0000
f 1836/1836/1836 1837/1837/1837 1838/1838/1838 1839/1839/1839
v 0.3675 0.9472 -1.7124
vt 0.8032 0.9645
vn -0.5000 0.8660 0.0000
v 0.3675 0.9472 -1.8349
vt 0.8241 0.9645
vn -0.5000 0.8660 0.0000
v 0.2778 0.8575 -1.8349
vt 0.8241 0.9492
vn -0.8660 0.5000 0.0000
v 0.2778 0.8575 -1.7124
vt 0.8032 0.9492
vn -0.8660 0.5000 0.0000
f 1840/1840/1840 1841/1841/1841 1842/1842/1842 1843/1843/1843
v 0.2778 0.8575 -1.7124
vt 0.8032 0.9492
vn -0.8660 0.5000 0.0000
v 0.2778 0.8575 -1.8349
vt 0.8241 0.9492
vn -0.8660 0.5000 0.0000
v 0.2450 0.7350 -1.8349
vt 0.8241 0.8970
vn -0.9914 0.1305 0.0000
v 0.2450 0.7350 -1.7124
vt 0.8032 0.8970
vn -0.9914 0.1305 0.0000
f 1844/1844/1844 1845/1845/1845 1846/1846/1846 1847/1847/1847
v 0.2450 0.7350 -1.7124
vt 0.8032 0.8970
vn -0.9914 0.1305 0.0000
v 0.2450 0.7350 -1.8349
vt 0.8241 0.8970
vn -0.9914 0.1305 0.0000
v 0.2450 0.4900 -1.8349
vt 0.8241 0.8552
vn -1.0000 0.0000 0.0000
v 0.2450 0.3675 -1.7124
vt 0.8032 0.8342
vn -1.0000 0.0000 0.0000
f 1848/1848/1848 1849/1849/1849 1850/1850/1850 1851/1851/1851
v 0.7350 0.7350 -1.7124
vt 0.8032 0.8970
vn 0.9914 0.1305 -0.0000
v 0.7350 0.7350 -1.8349
vt 0.8241 0.8970
vn 0.9914 0.1305 -0.0000
v 0.7022 0.8575 -1.8349
vt 0.8241 0.9492
vn 0.8660 0.5000 -0.0000
v 0.7022 0.8575 -1.7124
vt 0.8032 0.9492
vn 0.8660 0.5000 -0.0000
f 1852/1852/1852 1853/1853/1853 1854/1854/1854 1855/1855/1855
v 0.7350 0.7350 -1.8349
vt 0.8241 0.8970
vn 0.9914 0.1305 -0.0000
v 0.7350 0.7350 -1.7124
vt 0.8032 0.8970
vn 0.9914 0.1305 -0.0000
v 0.7350 0.3675 -1.7124
vt 0.8032 0.8342
vn 1.0000 -0.0000 -0.0000
v 0.7350 0.4900 -1.8349
vt 0.8241 0.8552
vn 1.0000 -0.0000 -0.0000
f 1856/1856/1856 1857/1857/1857 1858/1858/1858 1859/1859/1859
v 0.7022 0.8575 -1.7124
vt 0.8032 0.9492
vn 0.8660 0.5000 -0.0000
v 0.7022 0.8575 -1.8349
vt 0.8241 0.9492
vn 0.8660 0.5000 -0.0000
v 0.6125 0.9472 -1.8349
vt 0.8241 0.9645
vn 0.5000 0.8660 -0.0000
v 0.6125 0.9472 -1.7124
vt 0.8032 0.9645
vn 0.5000 0.8660 -0.0000
f 1860/1860/1860 1861/1861/1861 1862/1862/1862 1863/1863/1863
v 0.6125 0.9472 -1.7124
vt 0.8032 0.9645
vn 0.5000 0.8660 -0.0000
v 0.6125 0.9472 -1.8349
vt 0.8241 0.9645
vn 0.5000 0.8660 -0.0000
v 0.4900 0.9800 -1.8349
vt 0.8241 0.9701
vn 0.0000 1.0000 0.0000
v 0.4900 0.9800 -1.7124
vt 0.8032 0.9701
vn 0.0000 1.0000 0.0000
f 1864/1864/1864 1865/1865/1865 1866/1866/1866 1867/1867/1867
v 0.6179 0.8117 -1.8349
vt 0.8241 0.8602
vn -0.8211 -0.4774 -0.3129
v 0.6431 0.7177 -1.8349
vt 0.8241 0.8786
vn -0.9438 -0.1197 -0.3081
v 0.6190 0.7191 -1.7614
vt 0.8116 0.8094
vn -0.9427 -0.1290 -0.3076
v 0.5977 0.7983 -1.7614
vt 0.8116 0.7890
vn -0.8243 -0.4720 -0.3128
f 1868/1868/1868 1869/1869/1869 1870/1870/1870 1871/1871/1871
v 0.4900 0.8856 -1.8349
vt 0.8241 0.9172
vn -0.0000 0.0000 -1.0000
v 0.4161 0.8658 -1.8349
vt 0.8241 0.9145
vn -0.0000 0.0000 -1.0000
v 0.3675 0.9472 -1.8349
vt 0.8241 0.9332
vn -0.0000 0.0000 -1.0000
v 0.4900 0.9800 -1.8349
vt 0.8241 0.9388
vn -0.0000 0.0000 -1.0000
f 1872/1872/1872 1873/1873/1873 1874/1874/1874 1875/1875/1875
v 0.4161 0.8658 -1.8349
vt 0.8241 0.9145
vn -0.0000 0.0000 -1.0000
v 0.3621 0.8117 -1.8349
vt 0.8241 0.9071
vn -0.0000 0.0000 -1.0000
v 0.2778 0.8575 -1.8349
vt 0.8241 0.9179
vn -0.0000 0.0000 -1.0000
v 0.3675 0.9472 -1.8349
vt 0.8241 0.9332
vn -0.0000 0.0000 -1.0000
f 1876/1876/1876 1877/1877/1877 1878/1878/1878 1879/1879/1879
v 0.3621 0.8117 -1.8349
vt 0.8241 0.9071
vn -0.0000 0.0000 -1.0000
v 0.3369 0.7177 -1.8349
vt 0.8241 0.8942
vn -0.0000 0.0000 -1.0000
v 0.2450 0.7350 -1.8349
vt 0.8241 0.8970
vn -0.0000 0.0000 -1.0000
v 0.2778 0.8575 -1.8349
vt 0.8241 0.9179
vn -0.0000 0.0000 -1.0000
f 1880/1880/1880 1881/1881/1881 1882/1882/1882 1883/1883/1883
v 0.6431 0.4900 -1.8349
vt 0.8241 0.8552
vn -0.0000 0.0000 -1.0000
v 0.6431 0.7177 -1.8349
vt 0.8241 0.8942
vn -0.0000 0.0000 -1.0000
v 0.7350 0.7350 -1.8349
vt 0.8241 0.8970
vn -0.0000 0.0000 -1.0000
v 0.7350 0.4900 -1.8349
vt 0.8241 0.8552
vn -0.0000 0.0000 -1.0000
f 1884/1884/1884 1885/1885/1885 1886/1886/1886 1887/1887/1887
v 0.3369 0.7177 -1.8349
vt 0.8241 0.8942
vn -0.0000 0.0000 -1.0000
v 0.3369 0.4900 -1.8349
vt 0.8241 0.8552
vn -0.0000 0.0000 -1.0000
v 0.2450 0.4900 -1.8349
vt 0.8241 0.8552
vn -0.0000 0.0000 -1.0000
v 0.2450 0.7350 -1.8349
vt 0.8241 0.8970
vn -0.0000 0.0000 -1.0000
f 1888/1888/1888 1889/1889/1889 1890/1890/1890 1891/1891/1891
v 0.6431 0.7177 -1.8349
vt 0.8241 0.8942
vn -0.0000 0.0000 -1.0000
v 0.6179 0.8117 -1.8349
vt 0.8241 0.9071
vn -0.0000 0.0000 -1.0000
v 0.7022 0.8575 -1.8349
vt 0.8241 0.9179
vn -0.0000 0.0000 -1.0000
v 0.7350 0.7350 -1.8349
vt 0.8241 0.8970
vn -0.0000 0.0000 -1.0000
f 1892/1892/1892 1893/1893/1893 1894/1894/1894 1895/1895/1895
v 0.6179 0.8117 -1.8349
vt 0.8241 0.9071
vn -0.0000 0.0000 -1.0000
v 0.5639 0.8658 -1.8349
vt 0.8241 0.9145
vn -0.0000 0.0000 -1.0000
v 0.6125 0.9472 -1.8349
vt 0.8241 0.9332
vn -0.0000 0.0000 -1.0000
v 0.7022 0.8575 -1.8349
vt 0.8241 0.9179
vn -0.0000 0.0000 -1.0000
f 1896/1896/1896 1897/1897/1897 1898/1898/1898 1899/1899/1899
v 0.5639 0.8658 -1.8349
vt 0.8241 0.9145
vn -0.0000 0.0000 -1.0000
v 0.4900 0.8856 -1.8349
vt 0.8241 0.9172
vn -0.0000 0.0000 -1.0000
v 0.4900 0.9800 -1.8349
vt 0.8241 0.9388
vn -0.0000 0.0000 -1.0000
v 0.6125 0.9472 -1.8349
vt 0.8241 0.9332
vn -0.0000 0.0000 -1.0000
f 1900/1900/1900 1901/1901/1901 1902/1902/1902 1903/1903/1903
v 0.3369 0.7177 -1.8349
vt 0.8241 0.8786
vn 0.9438 -0.1197 -0.3081
v 0.3621 0.8117 -1.8349
vt 0.8241 0.8602
vn 0.8211 -0.4774 -0.3129
v 0.3823 0.7983 -1.7614
vt 0.8116 0.7890
vn 0.8243 -0.4720 -0.3128
v 0.3610 0.7191 -1.7614
vt 0.8116 0.8094
vn 0.9427 -0.1290 -0.3076
f 1904/1904/1904 1905/1905/1905 1906/1906/1906 1907/1907/1907
v 0.5639 0.8658 -1.8349
vt 0.8241 0.8676
vn -0.4722 -0.8212 -0.3204
v 0.6179 0.8117 -1.8349
vt 0.8241 0.8602
vn -0.8211 -0.4774 -0.3129
v 0.5977 0.7983 -1.7614
vt 0.8116 0.7890
vn -0.8243 -0.4720 -0.3128
v 0.5522 0.8438 -1.7614
vt 0.8116 0.7952
vn -0.4753 -0.8194 -0.3204
f 1908/1908/1908 1909/1909/1909 1910/1910/1910 1911/1911/1911
v 0.6431 0.7177 -1.8349
vt 0.8241 0.8786
vn -0.9438 -0.1197 -0.3081
v 0.6431 0.4900 -1.8349
vt 0.8241 0.8395
vn -0.9499 0.0000 -0.3124
v 0.6190 0.4900 -1.7614
vt 0.8116 0.7729
vn -0.9499 0.0000 -0.3124
v 0.6190 0.7191 -1.7614
vt 0.8116 0.8094
vn -0.9427 -0.1290 -0.3076
f 1912/1912/1912 1913/1913/1913 1914/1914/1914 1915/1915/1915
v 0.4161 0.8658 -1.8349
vt 0.8241 0.8676
vn 0.4722 -0.8212 -0.3204
v 0.4900 0.8856 -1.8349
vt 0.8241 0.8703
vn -0.0000 -0.9463 -0.3232
v 0.4900 0.8605 -1.7614
vt 0.8116 0.7975
vn -0.0000 -0.9463 -0.3232
v 0.4278 0.8438 -1.7614
vt 0.8116 0.7952
vn 0.4753 -0.8194 -0.3204
f 1916/1916/1916 1917/1917/1917 1918/1918/1918 1919/1919/1919
v 0.4900 0.8856 -1.8349
vt 0.8241 0.8703
vn -0.0000 -0.9463 -0.3232
v 0.5639 0.8658 -1.8349
vt 0.8241 0.8676
vn -0.4722 -0.8212 -0.3204
v 0.5522 0.8438 -1.7614
vt 0.8116 0.7952
vn -0.4753 -0.8194 -0.3204
v 0.4900 0.8605 -1.7614
vt 0.8116 0.7975
vn -0.0000 -0.9463 -0.3232
f 1920/1920/1920 1921/1921/1921 1922/1922/1922 1923/1923/1923
v 0.3369 0.4900 -1.8349
vt 0.8241 0.8395
vn 0.9499 0.0000 -0.3124
v 0.3369 0.7177 -1.8349
vt 0.8241 0.8786
vn 0.9438 -0.1197 -0.3081
v 0.3610 0.7191 -1.7614
vt 0.8116 0.8094
vn 0.9427 -0.1290 -0.3076
v 0.3610 0.4900 -1.7614
vt 0.8116 0.7729
vn 0.9499 0.0000 -0.3124
f 1924/1924/1924 1925/1925/1925 1926/1926/1926 1927/1927/1927
v 0.3621 0.8117 -1.8349
vt 0.8241 0.8602
vn 0.8211 -0.4774 -0.3129
v 0.4161 0.8658 -1.8349
vt 0.8241 0.8676
vn 0.4722 -0.8212 -0.3204
v 0.4278 0.8438 -1.7614
vt 0.8116 0.7952
vn 0.4753 -0.8194 -0.3204
v 0.3823 0.7983 -1.7614
vt 0.8116 0.7890
vn 0.8243 -0.4720 -0.3128
f 1928/1928/1928 1929/1929/1929 1930/1930/1930 1931/1931/1931
v 0.4900 0.7205 -1.7614
vt 0.8162 0.7077
vn -0.0000 0.0000 -1.0000
v 0.6190 0.4900 -1.7614
vt 0.7946 0.5485
vn -0.0000 0.0000 -1.0000
v 0.3610 0.4900 -1.7614
vt 0.8378 0.5485
vn -0.0000 0.0000 -1.0000
f 1932/1932/1932 1933/1933/1933 1934/1934/1934
v 0.4900 0.7205 -1.7614
vt 0.8162 0.7077
vn -0.0000 0.0000 -1.0000
v 0.4278 0.8438 -1.7614
vt 0.8266 0.6097
vn -0.0000 0.0000 -1.0000
v 0.4900 0.8605 -1.7614
vt 0.8162 0.6125
vn -0.0000 0.0000 -1.0000
f 1935/1935/1935 1936/1936/1936 1937/1937/1937
v 0.4900 0.7205 -1.7614
vt 0.8162 0.7077
vn -0.0000 0.0000 -1.0000
v 0.3823 0.7983 -1.7614
vt 0.8342 0.6021
vn -0.0000 0.0000 -1.0000
v 0.4278 0.8438 -1.7614
vt 0.8266 0.6097
vn -0.0000 0.0000 -1.0000
f 1938/1938/1938 1939/1939/1939 1940/1940/1940
v 0.4900 0.7205 -1.7614
vt 0.8162 0.7077
vn -0.0000 0.0000 -1.0000
v 0.3610 0.7191 -1.7614
vt 0.8378 0.5889
vn -0.0000 0.0000 -1.0000
v 0.3823 0.7983 -1.7614
vt 0.8342 0.6021
vn -0.0000 0.0000 -1.0000
f 1941/1941/1941 1942/1942/1942 1943/1943/1943
v 0.4900 0.7205 -1.7614
vt 0.8162 0.7077
vn -0.0000 0.0000 -1.0000
v 0.6190 0.7191 -1.7614
vt 0.7946 0.5889
vn -0.0000 0.0000 -1.0000
v 0.6190 0.4900 -1.7614
vt 0.7946 0.5485
vn -0.0000 0.0000 -1.0000
f 1944/1944/1944 1945/1945/1945 1946/1946/1946
v 0.4900 0.7205 -1.7614
vt 0.8162 0.7077
vn -0.0000 0.0000 -1.0000
v 0.3610 0.4900 -1.7614
vt 0.8378 0.5485
vn -0.0000 0.0000 -1.0000
v 0.3610 0.7191 -1.7614
vt 0.8378 0.5889
vn -0.0000 0.0000 -1.0000
f 1947/1947/1947 1948/1948/1948 1949/1949/1949
v 0.4900 0.7205 -1.7614
vt 0.8162 0.7077
vn -0.0000 0.0000 -1.0000
v 0.5977 0.7983 -1.7614
vt 0.7981 0.6021
vn -0.0000 0.0000 -1.0000
v 0.6190 0.7191 -1.7614
vt 0.7946 0.5889
vn -0.0000 0.0000 -1.0000
f 1950/1950/1950 1951/1951/1951 1952/1952/1952
v 0.4900 0.7205 -1.7614
vt 0.8162 0.7077
vn -0.0000 0.0000 -1.0000
v 0.5522 0.8438 -1.7614
vt 0.8058 0.6097
vn -0.0000 0.0000 -1.0000
v 0.5977 0.7983 -1.7614
vt 0.7981 0.6021
vn -0.0000 0.0000 -1.0000
f 1953/1953/1953 1954/1954/1954 1955/1955/1955
v 0.4900 0.7205 -1.7614
vt 0.8162 0.7077
vn -0.0000 0.0000 -1.0000
v 0.4900 0.8605 -1.7614
vt 0.8162 0.6125
vn -0.0000 0.0000 -1.0000
v 0.5522 0.8438 -1.7614
vt 0.8058 0.6097
vn -0.0000 0.0000 -1.0000
f 1956/1956/1956 1957/1957/1957 1958/1958/1958
v 0.7350 0.4900 -1.8349
vt 0.8241 0.8552
vn 1.0000 -0.0000 -0.0000
v 0.7350 0.3675 -1.8961
vt 0.8346 0.8342
vn 1.0000 -0.0000 -0.0000
v 0.7350 0.4287 -1.9574
vt 0.8450 0.8447
vn 1.0000 -0.0000 -0.0000
v 0.7350 0.4900 -1.9574
vt 0.8450 0.8552
vn 1.0000 -0.0000 -0.0000
f 1959/1959/1959 1960/1960/1960 1961/1961/1961 1962/1962/1962
v 0.7350 0.3675 -1.7124
vt 0.8032 0.8030
vn 0.0000 -1.0000 -0.0000
v 0.2450 0.3675 -1.7124
vt 0.8032 0.8030
vn 0.0000 -1.0000 -0.0000
v 0.2450 0.3675 -1.8961
vt 0.8346 0.8030
vn 0.0000 -1.0000 -0.0000
v 0.7350 0.3675 -1.8961
vt 0.8346 0.8030
vn 0.0000 -1.0000 -0.0000
f 1963/1963/1963 1964/1964/1964 1965/1965/1965 1966/1966/1966
v 0.2450 0.4900 -1.9574
vt 0.8450 0.8552
vn -0.0000 0.0000 -1.0000
v 0.7350 0.4900 -1.9574
vt 0.8450 0.8552
vn -0.0000 0.0000 -1.0000
v 0.7350 0.4287 -1.9574
vt 0.8450 0.8447
vn -0.0000 0.0000 -1.0000
v 0.2450 0.4287 -1.9574
vt 0.8450 0.8447
vn -0.0000 0.0000 -1.0000
f 1967/1967/1967 1968/1968/1968 1969/1969/1969 1970/1970/1970
v 0.7350 0.3675 -1.8961
vt 0.8346 0.8186
vn -0.0000 -0.7071 -0.7071
v 0.2450 0.3675 -1.8961
vt 0.8346 0.8186
vn -0.0000 -0.7071 -0.7071
v 0.2450 0.4287 -1.9574
vt 0.8450 0.8291
vn -0.0000 -0.7071 -0.7071
v 0.7350 0.4287 -1.9574
vt 0.8450 0.8291
vn -0.0000 -0.7071 -0.7071
f 1971/1971/1971 1972/1972/1972 1973/1973/1973 1974/1974/1974
v 0.3369 0.4900 -1.8349
vt 0.8241 0.8864
vn 0.0000 1.0000 0.0000
v 0.3610 0.4900 -1.7614
vt 0.8116 0.8198
vn 0.0000 1.0000 0.0000
v 0.6190 0.4900 -1.7614
vt 0.8116 0.8198
vn 0.0000 1.0000 0.0000
v 0.6431 0.4900 -1.8349
vt 0.8241 0.8864
vn 0.0000 1.0000 0.0000
f 1975/1975/1975 1976/1976/1976 1977/1977/1977 1978/1978/1978
v 0.7350 0.4900 -1.8349
vt 0.8241 0.8864
vn 0.0000 1.0000 0.0000
v 0.7350 0.4900 -1.9574
vt 0.8450 0.8864
vn 0.0000 1.0000 0.0000
v 0.6431 0.4900 -1.8349
vt 0.8241 0.8864
vn 0.0000 1.0000 0.0000
f 1979/1979/1979 1980/1980/1980 1981/1981/1981
v 0.2450 0.4900 -1.8349
vt 0.8241 0.8864
vn 0.0000 1.0000 0.0000
v 0.3369 0.4900 -1.8349
vt 0.8241 0.8864
vn 0.0000 1.0000 0.0000
v 0.2450 0.4900 -1.9574
vt 0.8450 0.8864
vn 0.0000 1.0000 0.0000
f 1982/1982/1982 1983/1983/1983 1984/1984/1984
v 0.2450 1.5925 1.8375
vt 0.8032 0.8342
vn 1.0000 -0.0000 -0.0000
v 0.2450 1.7150 1.9600
vt 0.8241 0.8552
vn 1.0000 -0.0000 -0.0000
v 0.2450 1.5925 2.0213
vt 0.8346 0.8342
vn 1.0000 -0.0000 -0.0000
f 1985/1985/1985 1986/1986/1986 1987/1987/1987
v 0.2450 1.5925 2.0213
vt 0.8346 0.8342
vn 1.0000 -0.0000 -0.0000
v 0.2450 1.7150 1.9600
vt 0.8241 0.8552
vn 1.0000 -0.0000 -0.0000
v 0.2450 1.7150 2.0825
vt 0.8450 0.8552
vn 1.0000 -0.0000 -0.0000
v 0.2450 1.6537 2.0825
vt 0.8450 0.8447
vn 1.0000 -0.0000 -0.0000
f 1988/1988/1988 1989/1989/1989 1990/1990/1990 1991/1991/1991
v -0.2450 1.5925 1.8375
vt 0.8032 0.8342
vn -1.0000 0.0000 0.0000
v -0.2450 1.5925 2.0213
vt 0.8346 0.8342
vn -1.0000 0.0000 0.0000
v -0.2450 1.7150 1.9600
vt 0.8241 0.8552
vn -1.0000 0.0000 0.0000
f 1992/1992/1992 1993/1993/1993 1994/1994/1994
v -0.2450 1.7150 2.0825
vt 0.8450 0.8864
vn 0.0000 1.0000 0.0000
v 0.2450 1.7150 2.0825
vt 0.8450 0.8864
vn 0.0000 1.0000 0.0000
v 0.1531 1.7150 1.9600
vt 0.8241 0.8864
vn 0.0000 1.0000 0.0000
v -0.1531 1.7150 1.9600
vt 0.8241 0.8864
vn 0.0000 1.0000 0.0000
f 1995/1995/1995 1996/1996/1996 1997/1997/1997 1998/1998/1998
v 0.0000 2.2050 1.8375
vt 0.8032 0.9701
vn 0.0000 1.0000 0.0000
v 0.0000 2.2050 1.9600
vt 0.8241 0.9701
vn 0.0000 1.0000 0.0000
v 0.1225 2.1722 1.9600
vt 0.8241 0.9645
vn 0.5000 0.8660 -0.0000
v 0.1225 2.1722 1.8375
vt 0.8032 0.9645
vn 0.5000 0.8660 -0.0000
f 1999/1999/1999 2000/2000/2000 2001/2001/2001 2002/2002/2002
v 0.1225 2.1722 1.8375
vt 0.8032 0.9645
vn 0.5000 0.8660 -0.0000
v 0.1225 2.1722 1.9600
vt 0.8241 0.9645
vn 0.5000 0.8660 -0.0000
v 0.2122 2.0825 1.9600
vt 0.8241 0.9492
vn 0.8660 0.5000 -0.0000
v 0.2122 2.0825 1.8375
vt 0.8032 0.9492
vn 0.8660 0.5000 -0.0000
f 2003/2003/2003 2004/2004/2004 2005/2005/2005 2006/2006/2006
v 0.2122 2.0825 1.8375
vt 0.8032 0.9492
vn 0.8660 0.5000 -0.0000
v 0.2122 2.0825 1.9600
vt 0.8241 0.9492
vn 0.8660 0.5000 -0.0000
v 0.2450 1.9600 1.9600
vt 0.8241 0.8970
vn 0.9914 0.1305 -0.0000
v 0.2450 1.9600 1.8375
vt 0.8032 0.8970
vn 0.9914 0.1305 -0.0000
f 2007/2007/2007 2008/2008/2008 2009/2009/2009 2010/2010/2010
v 0.2450 1.9600 1.8375
vt 0.8032 0.8970
vn 0.9914 0.1305 -0.0000
v 0.2450 1.9600 1.9600
vt 0.8241 0.8970
vn 0.9914 0.1305 -0.0000
v 0.2450 1.7150 1.9600
vt 0.8241 0.8552
vn 1.0000 -0.0000 -0.0000
v 0.2450 1.5925 1.8375
vt 0.8032 0.8342
vn 1.0000 -0.0000 -0.0000
f 2011/2011/2011 2012/2012/2012 2013/2013/2013 2014/2014/2014
v -0.2450 1.9600 1.8375
vt 0.8032 0.8970
vn -0.9914 0.1305 0.0000
v -0.2450 1.9600 1.9600
vt 0.8241 0.8970
vn -0.9914 0.1305 0.0000
v -0.2122 2.0825 1.9600
vt 0.8241 0.9492
vn -0.8660 0.5000 0.0000
v -0.2122 2.0825 1.8375
vt 0.8032 0.9492
vn -0.8660 0.5000 0.0000
f 2015/2015/2015 2016/2016/2016 2017/2017/2017 2018/2018/2018
v -0.2450 1.9600 1.9600
vt 0.8241 0.8970
vn -0.9914 0.1305 0.0000
v -0.2450 1.9600 1.8375
vt 0.8032 0.8970
vn -0.9914 0.1305 0.0000
v -0.2450 1.5925 1.8375
vt 0.8032 0.8342
vn -1.0000 0.0000 0.0000
v -0.2450 1.7150 1.9600
vt 0.8241 0.8552
vn -1.0000 0.0000 0.0000
f 2019/2019/2019 2020/2020/2020 2021/2021/2021 2022/2022/2022
v -0.2122 2.0825 1.8375
vt 0.8032 0.9492
vn -0.8660 0.5000 0.0000
v -0.2122 2.0825 1.9600
vt 0.8241 0.9492
vn -0.8660 0.5000 0.0000
v -0.1225 2.1722 1.9600
vt 0.8241 0.9645
vn -0.5000 0.8660 0.0000
v -0.1225 2.1722 1.8375
vt 0.8032 0.9645
vn -0.5000 0.8660 0.0000
f 2023/2023/2023 2024/2024/2024 2025/2025/2025 2026/2026/2026
v -0.1225 2.1722 1.8375
vt 0.8032 0.9645
vn -0.5000 0.8660 0.0000
v -0.1225 2.1722 1.9600
vt 0.8241 0.9645
vn -0.5000 0.8660 0.0000
v 0.0000 2.2050 1.9600
vt 0.8241 0.9701
vn 0.0000 1.0000 0.0000
v 0.0000 2.2050 1.8375
vt 0.8032 0.9701
vn 0.0000 1.0000 0.0000
f 2027/2027/2027 2028/2028/2028 2029/2029/2029 2030/2030/2030
v -0.1279 2.0367 1.9600
vt 0.8241 0.8602
vn 0.8211 -0.4774 0.3129
v -0.1531 1.9427 1.9600
vt 0.8241 0.8786
vn 0.9438 -0.1197 0.3081
v -0.1290 1.9441 1.8865
vt 0.8116 0.8094
vn 0.9427 -0.1290 0.3076
v -0.1077 2.0233 1.8865
vt 0.8116 0.7890
vn 0.8243 -0.4720 0.3128
f 2031/2031/2031 2032/2032/2032 2033/2033/2033 2034/2034/2034
v 0.0000 2.1106 1.9600
vt 0.8241 0.9172
vn 0.0000 -0.0000 1.0000
v 0.0739 2.0908 1.9600
vt 0.8241 0.9145
vn 0.0000 -0.0000 1.0000
v 0.1225 2.1722 1.9600
vt 0.8241 0.9332
vn 0.0000 -0.0000 1.0000
v 0.0000 2.2050 1.9600
vt 0.8241 0.9388
vn 0.0000 -0.0000 1.0000
f 2035/2035/2035 2036/2036/2036 2037/2037/2037 2038/2038/2038
v 0.0739 2.0908 1.9600
vt 0.8241 0.9145
vn 0.0000 -0.0000 1.0000
v 0.1279 2.0367 1.9600
vt 0.8241 0.9071
vn 0.0000 -0.0000 1.0000
v 0.2122 2.0825 1.9600
vt 0.8241 0.9179
vn 0.0000 -0.0000 1.0000
v 0.1225 2.1722 1.9600
vt 0.8241 0.9332
vn 0.0000 -0.0000 1.0000
f 2039/2039/2039 2040/2040/2040 2041/2041/2041 2042/2042/2042
v 0.1279 2.0367 1.9600
vt 0.8241 0.9071
vn 0.0000 -0.0000 1.0000
v 0.1531 1.9427 1.9600
vt 0.8241 0.8942
vn 0.0000 -0.0000 1.0000
v 0.2450 1.9600 1.9600
vt 0.8241 0.8970
vn 0.0000 -0.0000 1.0000
v 0.2122 2.0825 1.9600
vt 0.8241 0.9179
vn 0.0000 -0.0000 1.0000
f 2043/2043/2043 2044/2044/2044 2045/2045/2045 2046/2046/2046
v -0.1531 1.7150 1.9600
vt 0.8241 0.8552
vn 0.0000 -0.0000 1.0000
v -0.1531 1.9427 1.9600
vt 0.8241 0.8942
vn 0.0000 -0.0000 1.0000
v -0.2450 1.9600 1.9600
vt 0.8241 0.8970
vn 0.0000 -0.0000 1.0000
v -0.2450 1.7150 1.9600
vt 0.8241 0.8552
vn 0.0000 -0.0000 1.0000
f 2047/2047/2047 2048/2048/2048 2049/2049/2049 2050/2050/2050
v 0.1531 1.9427 1.9600
vt 0.8241 0.8942
vn 0.0000 -0.0000 1.0000
v 0.1531 1.7150 1.9600
vt 0.8241 0.8552
vn 0.0000 -0.0000 1.0000
v 0.2450 1.7150 1.9600
vt 0.8241 0.8552
vn 0.0000 -0.0000 1.0000
v 0.2450 1.9600 1.9600
vt 0.8241 0.8970
vn 0.0000 -0.0000 1.0000
f 2051/2051/2051 2052/2052/2052 2053/2053/2053 2054/2054/2054
v -0.1531 1.9427 1.9600
vt 0.8241 0.8942
vn 0.0000 -0.0000 1.0000
v -0.1279 2.0367 1.9600
vt 0.8241 0.9071
vn 0.0000 -0.0000 1.0000
v -0.2122 2.0825 1.9600
vt 0.8241 0.9179
vn 0.0000 -0.0000 1.0000
v -0.2450 1.9600 1.9600
vt 0.8241 0.8970
vn 0.0000 -0.0000 1.0000
f 2055/2055/2055 2056/2056/2056 2057/2057/2057 2058/2058/2058
v -0.1279 2.0367 1.9600
vt 0.8241 0.9071
vn 0.0000 -0.0000 1.0000
v -0.0739 2.0908 1.9600
vt 0.8241 0.9145
vn 0.0000 -0.0000 1.0000
v -0.1225 2.1722 1.9600
vt 0.8241 0.9332
vn 0.0000 -0.0000 1.0000
v -0.2122 2.0825 1.9600
vt 0.8241 0.9179
vn 0.0000 -0.0000 1.0000
f 2059/2059/2059 2060/2060/2060 2061/2061/2061 2062/2062/2062
v -0.0739 2.0908 1.9600
vt 0.8241 0.9145
vn 0.0000 -0.0000 1.0000
v 0.0000 2.1106 1.9600
vt 0.8241 0.9172
vn 0.0000 -0.0000 1.0000
v 0.0000 2.2050 1.9600
vt 0.8241 0.9388
vn 0.0000 -0.0000 1.0000
v -0.1225 2.1722 1.9600
vt 0.8241 0.9332
vn 0.0000 -0.0000 1.0000
f 2063/2063/2063 2064/2064/2064 2065/2065/2065 2066/2066/2066
v 0.1531 1.9427 1.9600
vt 0.8241 0.8786
vn -0.9438 -0.1197 0.3081
v 0.1279 2.0367 1.9600
vt 0.8241 0.8602
vn -0.8211 -0.4774 0.3129
v 0.1077 2.0233 1.8865
vt 0.8116 0.7890
vn -0.8243 -0.4720 0.3128
v 0.1290 1.9441 1.8865
vt 0.8116 0.8094
vn -0.9427 -0.1290 0.3076
f 2067/2067/2067 2068/2068/2068 2069/2069/2069 2070/2070/2070
v -0.0739 2.0908 1.9600
vt 0.8241 0.8676
vn 0.4722 -0.8212 0.3204
v -0.1279 2.0367 1.9600
vt 0.8241 0.8602
vn 0.8211 -0.4774 0.3129
v -0.1077 2.0233 1.8865
vt 0.8116 0.7890
vn 0.8243 -0.4720 0.3128
v -0.0622 2.0688 1.8865
vt 0.8116 0.7952
vn 0.4753 -0.8194 0.3204
f 2071/2071/2071 2072/2072/2072 2073/2073/2073 2074/2074/2074
v -0.1531 1.9427 1.9600
vt 0.8241 0.8786
vn 0.9438 -0.1197 0.3081
v -0.1531 1.7150 1.9600
vt 0.8241 0.8395
vn 0.9499 0.0000 0.3124
v -0.1290 1.7150 1.8865
vt 0.8116 0.7729
vn 0.9499 0.0000 0.3124
v -0.1290 1.9441 1.8865
vt 0.8116 0.8094
vn 0.9427 -0.1290 0.3076
f 2075/2075/2075 2076/2076/2076 2077/2077/2077 2078/2078/2078
v 0.0739 2.0908 1.9600
vt 0.8241 0.8676
vn -0.4722 -0.8212 0.3204
v 0.0000 2.1106 1.9600
vt 0.8241 0.8703
vn 0.0000 -0.9463 0.3232
v 0.0000 2.0855 1.8865
vt 0.8116 0.7975
vn 0.0000 -0.9463 0.3232
v 0.0622 2.0688 1.8865
vt 0.8116 0.7952
vn -0.4753 -0.8194 0.3204
f 2079/2079/2079 2080/2080/2080 2081/2081/2081 2082/2082/2082
v 0.0000 2.1106 1.9600
vt 0.8241 0.8703
vn 0.0000 -0.9463 0.3232
v -0.0739 2.0908 1.9600
vt 0.8241 0.8676
vn 0.4722 -0.8212 0.3204
v -0.0622 2.0688 1.8865
vt 0.8116 0.7952
vn 0.4753 -0.8194 0.3204
v 0.0000 2.0855 1.8865
vt 0.8116 0.7975
vn 0.0000 -0.9463 0.3232
f 2083/2083/2083 2084/2084/2084 2085/2085/2085 2086/2086/2086
v 0.1531 1.7150 1.9600
vt 0.8241 0.8395
vn -0.9499 -0.0000 0.3124
v 0.1531 1.9427 1.9600
vt 0.8241 0.8786
vn -0.9438 -0.1197 0.3081
v 0.1290 1.9441 1.8865
vt 0.8116 0.8094
vn -0.9427 -0.1290 0.3076
v 0.1290 1.7150 1.8865
vt 0.8116 0.7729
vn -0.9499 -0.0000 0.3124
f 2087/2087/2087 2088/2088/2088 2089/2089/2089 2090/2090/2090
v 0.1279 2.0367 1.9600
vt 0.8241 0.8602
vn -0.8211 -0.4774 0.3129
v 0.0739 2.0908 1.9600
vt 0.8241 0.8676
vn -0.4722 -0.8212 0.3204
v 0.0622 2.0688 1.8865
vt 0.8116 0.7952
vn -0.4753 -0.8194 0.3204
v 0.1077 2.0233 1.8865
vt 0.8116 0.7890
vn -0.8243 -0.4720 0.3128
f 2091/2091/2091 2092/2092/2092 2093/2093/2093 2094/2094/2094
v 0.0000 1.9455 1.8865
vt 0.8162 0.7077
vn 0.0000 -0.0000 1.0000
v -0.1290 1.7150 1.8865
vt 0.7946 0.5485
vn 0.0000 -0.0000 1.0000
v 0.1290 1.7150 1.8865
vt 0.8378 0.5485
vn 0.0000 -0.0000 1.0000
f 2095/2095/2095 2096/2096/2096 2097/2097/2097
v 0.0000 1.9455 1.8865
vt 0.8162 0.7077
vn 0.0000 -0.0000 1.0000
v 0.0622 2.0688 1.8865
vt 0.8266 0.6097
vn 0.0000 -0.0000 1.0000
v 0.0000 2.0855 1.8865
vt 0.8162 0.6125
vn 0.0000 -0.0000 1.0000
f 2098/2098/2098 2099/2099/2099 2100/2100/2100
v 0.0000 1.9455 1.8865
vt 0.8162 0.7077
vn 0.0000 -0.0000 1.0000
v 0.1077 2.0233 1.8865
vt 0.8342 0.6021
vn 0.0000 -0.0000 1.0000
v 0.0622 2.0688 1.8865
vt 0.8266 0.6097
vn 0.0000 -0.0000 1.0000
f 2101/2101/2101 2102/2102/2102 2103/2103/2103
v 0.0000 1.9455 1.8865
vt 0.8162 0.7077
vn 0.0000 -0.0000 1.0000
v 0.1290 1.9441 1.8865
vt 0.8378 0.5889
vn 0.0000 -0.0000 1.0000
v 0.1077 2.0233 1.8865
vt 0.8342 0.6021
vn 0.0000 -0.0000 1.0000
f 2104/2104/2104 2105/2105/2105 2106/2106/2106
v 0.0000 1.9455 1.8865
vt 0.8162 0.7077
vn 0.0000 -0.0000 1.0000
v -0.1290 1.9441 1.8865
vt 0.7946 0.5889
vn 0.0000 -0.0000 1.0000
v -0.1290 1.7150 1.8865
vt 0.7946 0.5485
vn 0.0000 -0.0000 1.0000
f 2107/2107/2107 2108/2108/2108 2109/2109/2109
v 0.0000 1.9455 1.8865
vt 0.8162 0.7077
vn 0.0000 -0.0000 1.0000
v 0.1290 1.7150 1.8865
vt 0.8378 0.5485
vn 0.0000 -0.0000 1.0000
v 0.1290 1.9441 1.8865
vt 0.8378 0.5889
vn 0.0000 -0.0000 1.0000
f 2110/2110/2110 2111/2111/2111 2112/2112/2112
v 0.0000 1.9455 1.8865
vt 0.8162 0.7077
vn 0.0000 -0.0000 1.0000
v -0.1077 2.0233 1.8865
vt 0.7981 0.6021
vn 0.0000 -0.0000 1.0000
v -0.1290 1.9441 1.8865
vt 0.7946 0.5889
vn 0.0000 -0.0000 1.0000
f 2113/2113/2113 2114/2114/2114 2115/2115/2115
v 0.0000 1.9455 1.8865
vt 0.8162 0.7077
vn 0.0000 -0.0000 1.0000
v -0.0622 2.0688 1.8865
vt 0.8058 0.6097
vn 0.0000 -0.0000 1.0000
v -0.1077 2.0233 1.8865
vt 0.7981 0.6021
vn 0.0000 -0.0000 1.0000
f 2116/2116/2116 2117/2117/2117 2118/2118/2118
v 0.0000 1.9455 1.8865
vt 0.8162 0.7077
vn 0.0000 -0.0000 1.0000
v 0.0000 2.0855 1.8865
vt 0.8162 0.6125
vn 0.0000 -0.0000 1.0000
v -0.0622 2.0688 1.8865
vt 0.8058 0.6097
vn 0.0000 -0.0000 1.0000
f 2119/2119/2119 2120/2120/2120 2121/2121/2121
v -0.2450 1.7150 1.9600
vt 0.8241 0.8552
vn -1.0000 0.0000 0.0000
v -0.2450 1.5925 2.0213
vt 0.8346 0.8342
vn -1.0000 0.0000 0.0000
v -0.2450 1.6537 2.0825
vt 0.8450 0.8447
vn -1.0000 0.0000 0.0000
v -0.2450 1.7150 2.0825
vt 0.8450 0.8552
vn -1.0000 0.0000 0.0000
f 2122/2122/2122 2123/2123/2123 2124/2124/2124 2125/2125/2125
v -0.2450 1.5925 1.8375
vt 0.8032 0.8030
vn 0.0000 -1.0000 -0.0000
v 0.2450 1.5925 1.8375
vt 0.8032 0.8030
vn 0.0000 -1.0000 -0.0000
v 0.2450 1.5925 2.0213
vt 0.8346 0.8030
vn 0.0000 -1.0000 -0.0000
v -0.2450 1.5925 2.0213
vt 0.8346 0.8030
vn 0.0000 -1.0000 -0.0000
f 2126/2126/2126 2127/2127/2127 2128/2128/2128 2129/2129/2129
v 0.2450 1.7150 2.0825
vt 0.8450 0.8552
vn 0.0000 -0.0000 1.0000
v -0.2450 1.7150 2.0825
vt 0.8450 0.8552
vn 0.0000 -0.0000 1.0000
v -0.2450 1.6537 2.0825
vt 0.8450 0.8447
vn 0.0000 -0.0000 1.0000
v 0.2450 1.6537 2.0825
vt 0.8450 0.8447
vn 0.0000 -0.0000 1.0000
f 2130/2130/2130 2131/2131/2131 2132/2132/2132 2133/2133/2133
v -0.2450 1.5925 2.0213
vt 0.8346 0.8186
vn 0.0000 -0.7071 0.7071
v 0.2450 1.5925 2.0213
vt 0.8346 0.8186
vn 0.0000 -0.7071 0.7071
v 0.2450 1.6537 2.0825
vt 0.8450 0.8291
vn 0.0000 -0.7071 0.7071
v -0.2450 1.6537 2.0825
vt 0.8450 0.8291
vn 0.0000 -0.7071 0.7071
f 2134/2134/2134 2135/2135/2135 2136/2136/2136 2137/2137/2137
v 0.1531 1.7150 1.9600
vt 0.8241 0.8864
vn 0.0000 1.0000 0.0000
v 0.1290 1.7150 1.8865
vt 0.8116 0.8198
vn 0.0000 1.0000 0.0000
v -0.1290 1.7150 1.8865
vt 0.8116 0.8198
vn 0.0000 1.0000 0.0000
v -0.1531 1.7150 1.9600
vt 0.8241 0.8864
vn 0.0000 1.0000 0.0000
f 2138/2138/2138 2139/2139/2139 2140/2140/2140 2141/2141/2141
v -0.2450 1.7150 1.9600
vt 0.8241 0.8864
vn 0.0000 1.0000 0.0000
v -0.2450 1.7150 2.0825
vt 0.8450 0.8864
vn 0.0000 1.0000 0.0000
v -0.1531 1.7150 1.9600
vt 0.8241 0.8864
vn 0.0000 1.0000 0.0000
f 2142/2142/2142 2143/2143/2143 2144/2144/2144
v 0.2450 1.7150 1.9600
vt 0.8241 0.8864
vn 0.0000 1.0000 0.0000
v 0.1531 1.7150 1.9600
vt 0.8241 0.8864
vn 0.0000 1.0000 0.0000
v 0.2450 1.7150 2.0825
vt 0.8450 0.8864
vn 0.0000 1.0000 0.0000
f 2145/2145/2145 2146/2146/2146 2147/2147/2147
v 0.2450 2.4010 1.8375
vt 0.8032 0.8342
vn 1.0000 -0.0000 -0.0000
v 0.2450 2.5235 1.9600
vt 0.8241 0.8552
vn 1.0000 -0.0000 -0.0000
v 0.2450 2.4010 2.0213
vt 0.8346 0.8342
vn 1.0000 -0.0000 -0.0000
f 2148/2148/2148 2149/2149/2149 2150/2150/2150
v 0.2450 2.4010 2.0213
vt 0.8346 0.8342
vn 1.0000 -0.0000 -0.0000
v 0.2450 2.5235 1.9600
vt 0.8241 0.8552
vn 1.0000 -0.0000 -0.0000
v 0.2450 2.5235 2.0825
vt 0.8450 0.8552
vn 1.0000 -0.0000 -0.0000
v 0.2450 2.4623 2.0825
vt 0.8450 0.8447
vn 1.0000 -0.0000 -0.0000
f 2151/2151/2151 2152/2152/2152 2153/2153/2153 2154/2154/2154
v -0.2450 2.4010 1.8375
vt 0.8032 0.8342
vn -1.0000 0.0000 0.0000
v -0.2450 2.4010 2.0213
vt 0.8346 0.8342
vn -1.0000 0.0000 0.0000
v -0.2450 2.5235 1.9600
vt 0.8241 0.8552
vn -1.0000 0.0000 0.0000
f 2155/2155/2155 2156/2156/2156 2157/2157/2157
v -0.2450 2.5235 2.0825
vt 0.8450 0.8864
vn 0.0000 1.0000 0.0000
v 0.2450 2.5235 2.0825
vt 0.8450 0.8864
vn 0.0000 1.0000 0.0000
v 0.1531 2.5235 1.9600
vt 0.8241 0.8864
vn 0.0000 1.0000 0.0000
v -0.1531 2.5235 1.9600
vt 0.8241 0.8864
vn 0.0000 1.0000 0.0000
f 2158/2158/2158 2159/2159/2159 2160/2160/2160 2161/2161/2161
v 0.0000 3.0135 1.8375
vt 0.8032 0.9701
vn 0.0000 1.0000 0.0000
v 0.0000 3.0135 1.9600
vt 0.8241 0.9701
vn 0.0000 1.0000 0.0000
v 0.1225 2.9807 1.9600
vt 0.8241 0.9645
vn 0.5000 0.8660 -0.0000
v 0.1225 2.9807 1.8375
vt 0.8032 0.9645
vn 0.5000 0.8660 -0.0000
f 2162/2162/2162 2163/2163/2163 2164/2164/2164 2165/2165/2165
v 0.1225 2.9807 1.8375
vt 0.8032 0.9645
vn 0.5000 0.8660 -0.0000
v 0.1225 2.9807 1.9600
vt 0.8241 0.9645
vn 0.5000 0.8660 -0.0000
v 0.2122 2.8910 1.9600
vt 0.8241 0.9492
vn 0.8660 0.5000 -0.0000
v 0.2122 2.8910 1.8375
vt 0.8032 0.9492
vn 0.8660 0.5000 -0.0000
f 2166/2166/2166 2167/2167/2167 2168/2168/2168 2169/2169/2169
v 0.2122 2.8910 1.8375
vt 0.8032 0.9492
vn 0.8660 0.5000 -0.0000
v 0.2122 2.8910 1.9600
vt 0.8241 0.9492
vn 0.8660 0.5000 -0.0000
v 0.2450 2.7685 1.9600
vt 0.8241 0.8970
vn 0.9914 0.1305 -0.0000
v 0.2450 2.7685 1.8375
vt 0.8032 0.8970
vn 0.9914 0.1305 -0.0000
f 2170/2170/2170 2171/2171/2171 2172/2172/2172 2173/2173/2173
v 0.2450 2.7685 1.8375
vt 0.8032 0.8970
vn 0.9914 0.1305 -0.0000
v 0.2450 2.7685 1.9600
vt 0.8241 0.8970
vn 0.9914 0.1305 -0.0000
v 0.2450 2.5235 1.9600
vt 0.8241 0.8552
vn 1.0000 -0.0000 -0.0000
v 0.2450 2.4010 1.8375
vt 0.8032 0.8342
vn 1.0000 -0.0000 -0.0000
f 2174/2174/2174 2175/2175/2175 2176/2176/2176 2177/2177/2177
v -0.2450 2.7685 1.8375
vt 0.8032 0.8970
vn -0.9914 0.1305 0.0000
v -0.2450 2.7685 1.9600
vt 0.8241 0.8970
vn -0.9914 0.1305 0.0000
v -0.2122 2.8910 1.9600
vt 0.8241 0.9492
vn -0.8660 0.5000 0.0000
v -0.2122 2.8910 1.8375
vt 0.8032 0.9492
vn -0.8660 0.5000 0.0000
f 2178/2178/2178 2179/2179/2179 2180/2180/2180 2181/2181/2181
v -0.2450 2.7685 1.9600
vt 0.8241 0.8970
vn -0.9914 0.1305 0.0000
v -0.2450 2.7685 1.8375
vt 0.8032 0.8970
vn -0.9914 0.1305 0.0000
v -0.2450 2.4010 1.8375
vt 0.8032 0.8342
vn -1.0000 0.0000 0.0000
v -0.2450 2.5235 1.9600
vt 0.8241 0.8552
vn -1.0000 0.0000 0.0000
f 2182/2182/2182 2183/2183/2183 2184/2184/2184 2185/2185/2185
v -0.2122 2.8910 1.8375
vt 0.8032 0.9492
vn -0.8660 0.5000 0.0000
v -0.2122 2.8910 1.9600
vt 0.8241 0.9492
vn -0.8660 0.5000 0.0000
v -0.1225 2.9807 1.9600
vt 0.8241 0.9645
vn -0.5000 0.8660 0.0000
v -0.1225 2.9807 1.8375
vt 0.8032 0.9645
vn -0.5000 0.8660 0.0000
f 2186/2186/2186 2187/2187/2187 2188/2188/2188 2189/2189/2189
v -0.1225 2.9807 1.8375
vt 0.8032 0.9645
vn -0.5000 0.8660 0.0000
v -0.1225 2.9807 1.9600
vt 0.8241 0.9645
vn -0.5000 0.8660 0.0000
v 0.0000 3.0135 1.9600
vt 0.8241 0.9701
vn 0.0000 1.0000 0.0000
v 0.0000 3.0135 1.8375
vt 0.8032 0.9701
vn 0.0000 1.0000 0.0000
f 2190/2190/2190 2191/2191/2191 2192/2192/2192 2193/2193/2193
v -0.1279 2.8452 1.9600
vt 0.8241 0.8602
vn 0.8211 -0.4774 0.3129
v -0.1531 2.7512 1.9600
vt 0.8241 0.8786
vn 0.9438 -0.1197 0.3081
v -0.1290 2.7526 1.8865
vt 0.8116 0.8094
vn 0.9427 -0.1290 0.3076
v -0.1077 2.8318 1.8865
vt 0.8116 0.7890
vn 0.8243 -0.4720 0.3128
f 2194/2194/2194 2195/2195/2195 2196/2196/2196 2197/2197/2197
v 0.0000 2.9191 1.9600
vt 0.8241 0.9172
vn 0.0000 -0.0000 1.0000
v 0.0739 2.8993 1.9600
vt 0.8241 0.9145
vn 0.0000 -0.0000 1.0000
v 0.1225 2.9807 1.9600
vt 0.8241 0.9332
vn 0.0000 -0.0000 1.0000
v 0.0000 3.0135 1.9600
vt 0.8241 0.9388
vn 0.0000 -0.0000 1.0000
f 2198/2198/2198 2199/2199/2199 2200/2200/2200 2201/2201/2201
v 0.0739 2.8993 1.9600
vt 0.8241 0.9145
vn 0.0000 -0.0000 1.0000
v 0.1279 2.8452 1.9600
vt 0.8241 0.9071
vn 0.0000 -0.0000 1.0000
v 0.2122 2.8910 1.9600
vt 0.8241 0.9179
vn 0.0000 -0.0000 1.0000
v 0.1225 2.9807 1.9600
vt 0.8241 0.9332
vn 0.0000 -0.0000 1.0000
f 2202/2202/2202 2203/2203/2203 2204/2204/2204 2205/2205/2205
v 0.1279 2.8452 1.9600
vt 0.8241 0.9071
vn 0.0000 -0.0000 1.0000
v 0.1531 2.7512 1.9600
vt 0.8241 0.8942
vn 0.0000 -0.0000 1.0000
v 0.2450 2.7685 1.9600
vt 0.8241 0.8970
vn 0.0000 -0.0000 1.0000
v 0.2122 2.8910 1.9600
vt 0.8241 0.9179
vn 0.0000 -0.0000 1.0000
f 2206/2206/2206 2207/2207/2207 2208/2208/2208 2209/2209/2209
v -0.1531 2.5235 1.9600
vt 0.8241 0.8552
vn 0.0000 -0.0000 1.0000
v -0.1531 2.7512 1.9600
vt 0.8241 0.8942
vn 0.0000 -0.0000 1.0000
v -0.2450 2.7685 1.9600
vt 0.8241 0.8970
vn 0.0000 -0.0000 1.0000
v -0.2450 2.5235 1.9600
vt 0.8241 0.8552
vn 0.0000 -0.0000 1.0000
f 2210/2210/2210 2211/2211/2211 2212/2212/2212 2213/2213/2213
v 0.1531 2.7512 1.9600
vt 0.8241 0.8942
vn 0.0000 -0.0000 1.0000
v 0.1531 2.5235 1.9600
vt 0.8241 0.8552
vn 0.0000 -0.0000 1.0000
v 0.2450 2.5235 1.9600
vt 0.8241 0.8552
vn 0.0000 -0.0000 1.0000
v 0.2450 2.7685 1.9600
vt 0.8241 0.8970
vn 0.0000 -0.0000 1.0000
f 2214/2214/2214 2215/2215/2215 2216/2216/2216 2217/2217/2217
v -0.1531 2.7512 1.9600
vt 0.8241 0.8942
vn 0.0000 -0.0000 1.0000
v -0.1279 2.8452 1.9600
vt 0.8241 0.9071
vn 0.0000 -0.0000 1.0000
v -0.2122 2.8910 1.9600
vt 0.8241 0.9179
vn 0.0000 -0.0000 1.0000
v -0.2450 2.7685 1.9600
vt 0.8241 0.8970
vn 0.0000 -0.0000 1.0000
f 2218/2218/2218 2219/2219/2219 2220/2220/2220 2221/2221/2221
v -0.1279 2.8452 1.9600
vt 0.8241 0.9071
vn 0.0000 -0.0000 1.0000
v -0.0739 2.8993 1.9600
vt 0.8241 0.9145
vn 0.0000 -0.0000 1.0000
v -0.1225 2.9807 1.9600
vt 0.8241 0.9332
vn 0.0000 -0.0000 1.0000
v -0.2122 2.8910 1.9600
vt 0.8241 0.9179
vn 0.0000 -0.0000 1.0000
f 2222/2222/2222 2223/2223/2223 2224/2224/2224 2225/2225/2225
v -0.0739 2.8993 1.9600
vt 0.8241 0.9145
vn 0.0000 -0.0000 1.0000
v 0.0000 2.9191 1.9600
vt 0.8241 0.9172
vn 0.0000 -0.0000 1.0000
v 0.0000 3.0135 1.9600
vt 0.8241 0.9388
vn 0.0000 -0.0000 1.0000
v -0.1225 2.9807 1.9600
vt 0.8241 0.9332
vn 0.0000 -0.0000 1.0000
f 2226/2226/2226 2227/2227/2227 2228/2228/2228 2229/2229/2229
v 0.1531 2.7512 1.9600
vt 0.8241 0.8786
vn -0.9438 -0.1197 0.3081
v 0.1279 2.8452 1.9600
vt 0.8241 0.8602
vn -0.8211 -0.4774 0.3129
v 0.1077 2.8318 1.8865
vt 0.8116 0.7890
vn -0.8243 -0.4720 0.3128
v 0.1290 2.7526 1.8865
vt 0.8116 0.8094
vn -0.9427 -0.1290 0.3076
f 2230/2230/2230 2231/2231/2231 2232/2232/2232 2233/2233/2233
v -0.0739 2.8993 1.9600
vt 0.8241 0.8676
vn 0.4722 -0.8212 0.3204
v -0.1279 2.8452 1.9600
vt 0.8241 0.8602
vn 0.8211 -0.4774 0.3129
v -0.1077 2.8318 1.8865
vt 0.8116 0.7890
vn 0.8243 -0.4720 0.3128
v -0.0622 2.8773 1.8865
vt 0.8116 0.7952
vn 0.4753 -0.8194 0.3204
f 2234/2234/2234 2235/2235/2235 2236/2236/2236 2237/2237/2237
v -0.1531 2.7512 1.9600
vt 0.8241 0.8786
vn 0.9438 -0.1197 0.3081
v -0.1531 2.5235 1.9600
vt 0.8241 0.8395
vn 0.9499 0.0000 0.3124
v -0.1290 2.5235 1.8865
vt 0.8116 0.7729
vn 0.9499 0.0000 0.3124
v -0.1290 2.7526 1.8865
vt 0.8116 0.8094
vn 0.9427 -0.1290 0.3076
f 2238/2238/2238 2239/2239/2239 2240/2240/2240 2241/2241/2241
v 0.0739 2.8993 1.9600
vt 0.8241 0.8676
vn -0.4722 -0.8212 0.3204
v 0.0000 2.9191 1.9600
vt 0.8241 0.8703
vn 0.0000 -0.9463 0.3232
v 0.0000 2.8940 1.8865
vt 0.8116 0.7975
vn 0.0000 -0.9463 0.3232
v 0.0622 2.8773 1.8865
vt 0.8116 0.7952
vn -0.4753 -0.8194 0.3204
f 2242/2242/2242 2243/2243/2243 2244/2244/2244 2245/2245/2245
v 0.0000 2.9191 1.9600
vt 0.8241 0.8703
vn 0.0000 -0.9463 0.3232
v -0.0739 2.8993 1.9600
vt 0.8241 0.8676
vn 0.4722 -0.8212 0.3204
v -0.0622 2.8773 1.8865
vt 0.8116 0.7952
vn 0.4753 -0.8194 0.3204
v 0.0000 2.8940 1.8865
vt 0.8116 0.7975
vn 0.0000 -0.9463 0.3232
f 2246/2246/2246 2247/2247/2247 2248/2248/2248 2249/2249/2249
v 0.1531 2.5235 1.9600
vt 0.8241 0.8395
vn -0.9499 -0.0000 0.3124
v 0.1531 2.7512 1.9600
vt 0.8241 0.8786
vn -0.9438 -0.1197 0.3081
v 0.1290 2.7526 1.8865
vt 0.8116 0.8094
vn -0.9427 -0.1290 0.3076
v 0.1290 2.5235 1.8865
vt 0.8116 0.7729
vn -0.9499 -0.0000 0.3124
f 2250/2250/2250 2251/2251/2251 2252/2252/2252 2253/2253/2253
v 0.1279 2.8452 1.9600
vt 0.8241 0.8602
vn -0.8211 -0.4774 0.3129
v 0.0739 2.8993 1.9600
vt 0.8241 0.8676
vn -0.4722 -0.8212 0.3204
v 0.0622 2.8773 1.8865
vt 0.8116 0.7952
vn -0.4753 -0.8194 0.3204
v 0.1077 2.8318 1.8865
vt 0.8116 0.7890
vn -0.8243 -0.4720 0.3128
f 2254/2254/2254 2255/2255/2255 2256/2256/2256 2257/2257/2257
v 0.0000 2.7540 1.8865
vt 0.8162 0.7077
vn 0.0000 -0.0000 1.0000
v -0.1290 2.5235 1.8865
vt 0.7946 0.5485
vn 0.0000 -0.0000 1.0000
v 0.1290 2.5235 1.8865
vt 0.8378 0.5485
vn 0.0000 -0.0000 1.0000
f 2258/2258/2258 2259/2259/2259 2260/2260/2260
v 0.0000 2.7540 1.8865
vt 0.8162 0.7077
vn 0.0000 -0.0000 1.0000
v 0.0622 2.8773 1.8865
vt 0.8266 0.6097
vn 0.0000 -0.0000 1.0000
v 0.0000 2.8940 1.8865
vt 0.8162 0.6125
vn 0.0000 -0.0000 1.0000
f 2261/2261/2261 2262/2262/2262 2263/2263/2263
v 0.0000 2.7540 1.8865
vt 0.8162 0.7077
vn 0.0000 -0.0000 1.0000
v 0.1077 2.8318 1.8865
vt 0.8342 0.6021
vn 0.0000 -0.0000 1.0000
v 0.0622 2.8773 1.8865
vt 0.8266 0.6097
vn 0.0000 -0.0000 1.0000
f 2264/2264/2264 2265/2265/2265 2266/2266/2266
v 0.0000 2.7540 1.8865
vt 0.8162 0.7077
vn 0.0000 -0.0000 1.0000
v 0.1290 2.7526 1.8865
vt 0.8378 0.5889
vn 0.0000 -0.0000 1.0000
v 0.1077 2.8318 1.8865
vt 0.8342 0.6021
vn 0.0000 -0.0000 1.0000
f 2267/2267/2267 2268/2268/2268 2269/2269/2269
v 0.0000 2.7540 1.8865
vt 0.8162 0.7077
vn 0.0000 -0.0000 1.0000
v -0.1290 2.7526 1.8865
vt 0.7946 0.5889
vn 0.0000 -0.0000 1.0000
v -0.1290 2.5235 1.8865
vt 0.7946 0.5485
vn 0.0000 -0.0000 1.0000
f 2270/2270/2270 2271/2271/2271 2272/2272/2272
v 0.0000 2.7540 1.8865
vt 0.8162 0.7077
vn 0.0000 -0.0000 1.0000
v 0.1290 2.5235 1.8865
vt 0.8378 0.5485
vn 0.0000 -0.0000 1.0000
v 0.1290 2.7526 1.8865
vt 0.8378 0.5889
vn 0.0000 -0.0000 1.0000
f 2273/2273/2273 2274/2274/2274 2275/2275/2275
v 0.0000 2.7540 1.8865
vt 0.8162 0.7077
vn 0.0000 -0.0000 1.0000
v -0.1077 2.8318 1.8865
vt 0.7981 0.6021
vn 0.0000 -0.0000 1.0000
v -0.1290 2.7526 1.8865
vt 0.7946 0.5889
vn 0.0000 -0.0000 1.0000
f 2276/2276/2276 2277/2277/2277 2278/2278/2278
v 0.0000 2.7540 1.8865
vt 0.8162 0.7077
vn 0.0000 -0.0000 1.0000
v -0.0622 2.8773 1.8865
vt 0.8058 0.6097
vn 0.0000 -0.0000 1.0000
v -0.1077 2.8318 1.8865
vt 0.7981 0.6021
vn 0.0000 -0.0000 1.0000
f 2279/2279/2279 2280/2280/2280 2281/2281/2281
v 0.0000 2.7540 1.8865
vt 0.8162 0.7077
vn 0.0000 -0.0000 1.0000
v 0.0000 2.8940 1.8865
vt 0.8162 0.6125
vn 0.0000 -0.0000 1.0000
v -0.0622 2.8773 1.8865
vt 0.8058 0.6097
vn 0.0000 -0.0000 1.0000
f 2282/2282/2282 2283/2283/2283 2284/2284/2284
v -0.2450 2.5235 1.9600
vt 0.8241 0.8552
vn -1.0000 0.0000 0.0000
v -0.2450 2.4010 2.0213
vt 0.8346 0.8342
vn -1.0000 0.0000 0.0000
v -0.2450 2.4623 2.0825
vt 0.8450 0.8447
vn -1.0000 0.0000 0.0000
v -0.2450 2.5235 2.0825
vt 0.8450 0.8552
vn -1.0000 0.0000 0.0000
f 2285/2285/2285 2286/2286/2286 2287/2287/2287 2288/2288/2288
v -0.2450 2.4010 1.8375
vt 0.8032 0.8030
vn 0.0000 -1.0000 -0.0000
v 0.2450 2.4010 1.8375
vt 0.8032 0.8030
vn 0.0000 -1.0000 -0.0000
v 0.2450 2.4010 2.0213
vt 0.8346 0.8030
vn 0.0000 -1.0000 -0.0000
v -0.2450 2.4010 2.0213
vt 0.8346 0.8030
vn 0.0000 -1.0000 -0.0000
f 2289/2289/2289 2290/2290/2290 2291/2291/2291 2292/2292/2292
v 0.2450 2.5235 2.0825
vt 0.8450 0.8552
vn 0.0000 -0.0000 1.0000
v -0.2450 2.5235 2.0825
vt 0.8450 0.8552
vn 0.0000 -0.0000 1.0000
v -0.2450 2.4623 2.0825
vt 0.8450 0.8447
vn 0.0000 -0.0000 1.0000
v 0.2450 2.4623 2.0825
vt 0.8450 0.8447
vn 0.0000 -0.0000 1.0000
f 2293/2293/2293 2294/2294/2294 2295/2295/2295 2296/2296/2296
v -0.2450 2.4010 2.0213
vt 0.8346 0.8186
vn 0.0000 -0.7071 0.7071
v 0.2450 2.4010 2.0213
vt 0.8346 0.8186
vn 0.0000 -0.7071 0.7071
v 0.2450 2.4623 2.0825
vt 0.8450 0.8291
vn 0.0000 -0.7071 0.7071
v -0.2450 2.4623 2.0825
vt 0.8450 0.8291
vn 0.0000 -0.7071 0.7071
f 2297/2297/2297 2298/2298/2298 2299/2299/2299 2300/2300/2300
v 0.1531 2.5235 1.9600
vt 0.8241 0.8864
vn 0.0000 1.0000 0.0000
v 0.1290 2.5235 1.8865
vt 0.8116 0.8198
vn 0.0000 1.0000 0.0000
v -0.1290 2.5235 1.8865
vt 0.8116 0.8198
vn 0.0000 1.0000 0.0000
v -0.1531 2.5235 1.9600
vt 0.8241 0.8864
vn 0.0000 1.0000 0.0000
f 2301/2301/2301 2302/2302/2302 2303/2303/2303 2304/2304/2304
v -0.2450 2.5235 1.9600
vt 0.8241 0.8864
vn 0.0000 1.0000 0.0000
v -0.2450 2.5235 2.0825
vt 0.8450 0.8864
vn 0.0000 1.0000 0.0000
v -0.1531 2.5235 1.9600
vt 0.8241 0.8864
vn 0.0000 1.0000 0.0000
f 2305/2305/2305 2306/2306/2306 2307/2307/2307
v 0.2450 2.5235 1.9600
vt 0.8241 0.8864
vn 0.0000 1.0000 0.0000
v 0.1531 2.5235 1.9600
vt 0.8241 0.8864
vn 0.0000 1.0000 0.0000
v 0.2450 2.5235 2.0825
vt 0.8450 0.8864
vn 0.0000 1.0000 0.0000
f 2308/2308/2308 2309/2309/2309 2310/2310/2310
v -1.4726 1.3431 -1.7150
vt 0.1663 0.0933
vn -0.7071 -0.7071 0.0000
v -1.4726 1.3431 -1.4700
vt 0.1698 0.0933
vn -0.7071 -0.7071 0.0000
v -1.5592 1.4297 -1.4700
vt 0.1698 0.0933
vn -0.8507 -0.5257 0.0000
v -1.5592 1.4297 -1.7150
vt 0.1663 0.0933
vn -0.8507 -0.5257 0.0000
f 2311/2311/2311 2312/2312/2312 2313/2313/2313 2314/2314/2314
v -1.4726 1.3431 -0.9800
vt 0.1769 0.0933
vn -0.7071 -0.7071 0.0000
v -1.4726 1.3431 -0.7350
vt 0.1804 0.0933
vn -0.7071 -0.7071 0.0000
v -1.5592 1.4297 -0.7350
vt 0.1804 0.0933
vn -0.7071 -0.7071 0.0000
v -1.5592 1.4297 -0.9800
vt 0.1769 0.0933
vn -0.7071 -0.7071 0.0000
f 2315/2315/2315 2316/2316/2316 2317/2317/2317 2318/2318/2318
v -1.4726 1.3431 -0.7350
vt 0.1804 0.0933
vn -0.7071 -0.7071 0.0000
v -1.4726 1.3431 -0.4900
vt 0.1840 0.0933
vn -0.7071 -0.7071 0.0000
v -1.5592 1.4297 -0.4900
vt 0.1840 0.0933
vn -0.8068 -0.5908 0.0000
v -1.5592 1.4297 -0.7350
vt 0.1804 0.0933
vn -0.7071 -0.7071 0.0000
f 2319/2319/2319 2320/2320/2320 2321/2321/2321 2322/2322/2322
v -1.4726 1.3431 -0.4900
vt 0.1840 0.0777
vn -0.7071 -0.7071 0.0000
v -1.4726 1.3431 -0.2450
vt 0.1875 0.0777
vn -0.7071 -0.7071 0.0000
v -1.5592 1.4297 -0.2450
vt 0.1875 0.0777
vn -0.8068 -0.5908 0.0000
v -1.5592 1.4297 -0.4900
vt 0.1840 0.0777
vn -0.8068 -0.5908 0.0000
f 2323/2323/2323 2324/2324/2324 2325/2325/2325 2326/2326/2326
v -1.4726 1.3431 -0.2450
vt 0.1875 0.0620
vn -0.7071 -0.7071 0.0000
v -1.4725 1.3431 0.0000
vt 0.1910 0.0620
vn -0.7071 -0.7071 0.0000
v -1.5592 1.4297 0.0000
vt 0.1910 0.0620
vn -0.7071 -0.7071 0.0000
v -1.5592 1.4297 -0.2450
vt 0.1875 0.0620
vn -0.8068 -0.5908 0.0000
f 2327/2327/2327 2328/2328/2328 2329/2329/2329 2330/2330/2330
v -1.4725 1.3431 0.4900
vt 0.1981 0.0933
vn -0.7071 -0.7071 0.0000
v -1.4725 1.3431 0.7350
vt 0.2017 0.0933
vn -0.7071 -0.7071 0.0000
v -1.5592 1.4297 0.7350
vt 0.2017 0.0933
vn -0.7071 -0.7071 0.0000
v -1.5592 1.4297 0.4900
vt 0.1981 0.0933
vn -0.7071 -0.7071 0.0000
f 2331/2331/2331 2332/2332/2332 2333/2333/2333 2334/2334/2334
v -1.4725 1.3431 0.7350
vt 0.2017 0.0777
vn -0.7071 -0.7071 0.0000
v -1.4725 1.3431 0.9800
vt 0.2052 0.0777
vn -0.7071 -0.7071 0.0000
v -1.5592 1.4297 0.9800
vt 0.2052 0.0777
vn -0.7071 -0.7071 0.0000
v -1.5592 1.4297 0.7350
vt 0.2017 0.0777
vn -0.7071 -0.7071 0.0000
f 2335/2335/2335 2336/2336/2336 2337/2337/2337 2338/2338/2338
v -1.4725 1.3431 0.9800
vt 0.2052 0.0620
vn -0.7071 -0.7071 0.0000
v -1.4725 1.3431 1.2250
vt 0.2087 0.0620
vn -0.7071 -0.7071 0.0000
v -1.5592 1.4297 1.2250
vt 0.2087 0.0620
vn -0.7071 -0.7071 0.0000
v -1.5592 1.4297 0.9800
vt 0.2052 0.0620
vn -0.7071 -0.7071 0.0000
f 2339/2339/2339 2340/2340/2340 2341/2341/2341 2342/2342/2342
v -1.5592 1.4297 1.2250
vt 0.2087 0.0933
vn -0.7071 0.7071 0.0000
v 0.0000 2.9889 1.2250
vt 0.2087 0.1567
vn -0.7071 0.7071 0.0000
v 0.0000 2.9889 0.9800
vt 0.2052 0.1567
vn -0.7071 0.7071 0.0000
v -1.5592 1.4297 0.9800
vt 0.2052 0.0933
vn -0.7071 0.7071 0.0000
f 2343/2343/2343 2344/2344/2344 2345/2345/2345 2346/2346/2346
v -1.5592 1.4297 0.9800
vt 0.2052 0.1089
vn -0.7071 0.7071 0.0000
v 0.0000 2.9889 0.9800
vt 0.2052 0.1723
vn -0.7071 0.7071 0.0000
v 0.0000 2.9889 0.7350
vt 0.2017 0.1723
vn -0.7071 0.7071 0.0000
v -1.5592 1.4297 0.7350
vt 0.2017 0.1089
vn -0.7071 0.7071 0.0000
f 2347/2347/2347 2348/2348/2348 2349/2349/2349 2350/2350/2350
v -1.5592 1.4297 0.4900
vt 0.1981 0.0933
vn -0.7071 0.7071 0.0000
v 0.0000 2.9889 0.4900
vt 0.1981 0.1567
vn -0.7071 0.7071 0.0000
v 0.0000 2.9889 0.2450
vt 0.1946 0.1567
vn -0.7071 0.7071 0.0000
v -1.6285 1.3604 0.2450
vt 0.1946 0.0933
vn -0.7071 0.7071 0.0000
f 2351/2351/2351 2352/2352/2352 2353/2353/2353 2354/2354/2354
v -1.6285 1.3604 0.2450
vt 0.1946 0.0620
vn -0.7071 0.7071 0.0000
v 0.0000 2.9889 0.2450
vt 0.1946 0.1255
vn -0.7071 0.7071 0.0000
v 0.0000 2.9889 -0.0000
vt 0.1910 0.1255
vn -0.7071 0.7071 0.0000
v -1.5592 1.4297 0.0000
vt 0.1910 0.0620
vn -0.7071 0.7071 0.0000
f 2355/2355/2355 2356/2356/2356 2357/2357/2357 2358/2358/2358
v -1.5592 1.4297 0.0000
vt 0.1910 0.0933
vn -0.7071 0.7071 0.0000
v 0.0000 2.9889 -0.0000
vt 0.1910 0.1567
vn -0.7071 0.7071 0.0000
v 0.0000 2.9889 -0.2450
vt 0.1875 0.1567
vn -0.7071 0.7071 0.0000
v -1.5592 1.4297 -0.2450
vt 0.1875 0.0933
vn -0.7071 0.7071 0.0000
f 2359/2359/2359 2360/2360/2360 2361/2361/2361 2362/2362/2362
v -1.5592 1.4297 -0.4900
vt 0.1840 0.1245
vn -0.7071 0.7071 0.0000
v 0.0000 2.9889 -0.4900
vt 0.1840 0.1880
vn -0.7071 0.7071 0.0000
v 0.0000 2.9889 -0.7350
vt 0.1804 0.1880
vn -0.7071 0.7071 0.0000
v -1.5592 1.4297 -0.7350
vt 0.1804 0.1245
vn -0.7071 0.7071 0.0000
f 2363/2363/2363 2364/2364/2364 2365/2365/2365 2366/2366/2366
v -1.5592 1.4297 -0.7350
vt 0.1804 0.0933
vn -0.7071 0.7071 0.0000
v 0.0000 2.9889 -0.7350
vt 0.1804 0.1567
vn -0.7071 0.7071 0.0000
v 0.0000 2.9889 -0.9800
vt 0.1769 0.1567
vn -0.7071 0.7071 0.0000
v -1.5592 1.4297 -0.9800
vt 0.1769 0.0933
vn -0.7071 0.7071 0.0000
f 2367/2367/2367 2368/2368/2368 2369/2369/2369 2370/2370/2370
v -1.4726 1.3431 -1.7150
vt 0.1663 0.1245
vn 0.7073 -0.7069 0.0000
v 0.0000 2.8165 -1.7150
vt 0.1663 0.1880
vn 0.7073 -0.7069 0.0000
v 0.0000 2.8165 -1.4700
vt 0.1698 0.1880
vn 0.7073 -0.7069 0.0000
v -1.4726 1.3431 -1.4700
vt 0.1698 0.1245
vn 0.7073 -0.7070 0.0000
f 2371/2371/2371 2372/2372/2372 2373/2373/2373 2374/2374/2374
v -1.4726 1.3431 -1.4700
vt 0.1698 0.1089
vn 0.7073 -0.7070 0.0000
v 0.0000 2.8165 -1.4700
vt 0.1698 0.1723
vn 0.7073 -0.7069 0.0000
v 0.0000 2.8165 -1.2250
vt 0.1733 0.1723
vn 0.7073 -0.7069 0.0000
v -1.5418 1.2738 -1.2250
vt 0.1733 0.1089
vn 0.7073 -0.7070 0.0000
f 2375/2375/2375 2376/2376/2376 2377/2377/2377 2378/2378/2378
v -1.5418 1.2738 -1.2250
vt 0.1733 0.0620
vn 0.7073 -0.7070 0.0000
v 0.0000 2.8165 -1.2250
vt 0.1733 0.1255
vn 0.7073 -0.7069 0.0000
v 0.0000 2.8165 -0.9800
vt 0.1769 0.1255
vn 0.7073 -0.7069 0.0000
v -1.4726 1.3431 -0.9800
vt 0.1769 0.0620
vn 0.7073 -0.7070 0.0000
f 2379/2379/2379 2380/2380/2380 2381/2381/2381 2382/2382/2382
v -1.4726 1.3431 -0.9800
vt 0.1769 0.0933
vn 0.7073 -0.7070 0.0000
v 0.0000 2.8165 -0.9800
vt 0.1769 0.1567
vn 0.7073 -0.7069 0.0000
v 0.0000 2.8165 -0.7350
vt 0.1804 0.1567
vn 0.7073 -0.7069 0.0000
v -1.4726 1.3431 -0.7350
vt 0.1804 0.0933
vn 0.7073 -0.7069 0.0000
f 2383/2383/2383 2384/2384/2384 2385/2385/2385 2386/2386/2386
v -1.4726 1.3431 -0.7350
vt 0.1804 0.1245
vn 0.7073 -0.7069 0.0000
v 0.0000 2.8165 -0.7350
vt 0.1804 0.1880
vn 0.7073 -0.7069 0.0000
v 0.0000 2.8165 -0.4900
vt 0.1840 0.1880
vn 0.7073 -0.7069 0.0000
v -1.4726 1.3431 -0.4900
vt 0.1840 0.1245
vn 0.7073 -0.7069 0.0000
f 2387/2387/2387 2388/2388/2388 2389/2389/2389 2390/2390/2390
v -1.4726 1.3431 -0.4900
vt 0.1840 0.1089
vn 0.7073 -0.7069 0.0000
v 0.0000 2.8165 -0.4900
vt 0.1840 0.1723
vn 0.7073 -0.7069 0.0000
v 0.0000 2.8165 -0.2450
vt 0.1875 0.1723
vn 0.7073 -0.7069 0.0000
v -1.4726 1.3431 -0.2450
vt 0.1875 0.1089
vn 0.7073 -0.7069 0.0000
f 2391/2391/2391 2392/2392/2392 2393/2393/2393 2394/2394/2394
v -1.4726 1.3431 -0.2450
vt 0.1875 0.0933
vn 0.7073 -0.7069 0.0000
v 0.0000 2.8165 -0.2450
vt 0.1875 0.1567
vn 0.7073 -0.7069 0.0000
v 0.0000 2.8165 0.0000
vt 0.1910 0.1567
vn 0.7073 -0.7069 0.0000
v -1.4725 1.3431 0.0000
vt 0.1910 0.0933
vn 0.7073 -0.7070 0.0000
f 2395/2395/2395 2396/2396/2396 2397/2397/2397 2398/2398/2398
v -1.4725 1.3431 0.0000
vt 0.1910 0.0620
vn 0.7073 -0.7070 0.0000
v 0.0000 2.8165 0.0000
vt 0.1910 0.1255
vn 0.7073 -0.7069 0.0000
v 0.0000 2.8165 0.2450
vt 0.1946 0.1255
vn 0.7073 -0.7069 0.0000
v -1.5418 1.2738 0.2450
vt 0.1946 0.0620
vn 0.7073 -0.7070 0.0000
f 2399/2399/2399 2400/2400/2400 2401/2401/2401 2402/2402/2402
v -1.5418 1.2738 0.2450
vt 0.1946 0.0933
vn 0.7073 -0.7070 0.0000
v 0.0000 2.8165 0.2450
vt 0.1946 0.1567
vn 0.7073 -0.7069 0.0000
v 0.0000 2.8165 0.4900
vt 0.1981 0.1567
vn 0.7073 -0.7069 0.0000
v -1.4725 1.3431 0.4900
vt 0.1981 0.0933
vn 0.7073 -0.7070 0.0000
f 2403/2403/2403 2404/2404/2404 2405/2405/2405 2406/2406/2406
v -1.4725 1.3431 0.4900
vt 0.1981 0.1245
vn 0.7073 -0.7070 0.0000
v 0.0000 2.8165 0.4900
vt 0.1981 0.1880
vn 0.7073 -0.7069 0.0000
v 0.0000 2.8165 0.7350
vt 0.2017 0.1880
vn 0.7073 -0.7069 0.0000
v -1.4725 1.3431 0.7350
vt 0.2017 0.1245
vn 0.7073 -0.7069 0.0000
f 2407/2407/2407 2408/2408/2408 2409/2409/2409 2410/2410/2410
v -1.4725 1.3431 0.7350
vt 0.2017 0.1089
vn 0.7073 -0.7069 0.0000
v 0.0000 2.8165 0.7350
vt 0.2017 0.1723
vn 0.7073 -0.7069 0.0000
v 0.0000 2.8165 0.9800
vt 0.2052 0.1723
vn 0.7073 -0.7069 0.0000
v -1.4725 1.3431 0.9800
vt 0.2052 0.1089
vn 0.7073 -0.7069 0.0000
f 2411/2411/2411 2412/2412/2412 2413/2413/2413 2414/2414/2414
v -1.4725 1.3431 0.9800
vt 0.2052 0.0933
vn 0.7073 -0.7069 0.0000
v 0.0000 2.8165 0.9800
vt 0.2052 0.1567
vn 0.7073 -0.7069 0.0000
v 0.0000 2.8165 1.2250
vt 0.2087 0.1567
vn 0.7073 -0.7069 0.0000
v -1.4725 1.3431 1.2250
vt 0.2087 0.0933
vn 0.7073 -0.7069 0.0000
f 2415/2415/2415 2416/2416/2416 2417/2417/2417 2418/2418/2418
v -1.4725 1.3431 0.4900
vt 0.1981 0.0933
vn 0.0000 -0.0000 1.0000
v -1.5592 1.4297 0.4900
vt 0.1981 0.0933
vn 0.0000 -0.0000 1.0000
v -1.6458 1.3431 0.4900
vt 0.1981 0.0933
vn 0.0000 -0.0000 1.0000
v -1.5592 1.2565 0.4900
vt 0.1981 0.0933
vn 0.0000 -0.0000 1.0000
f 2419/2419/2419 2420/2420/2420 2421/2421/2421 2422/2422/2422
v -1.5592 1.4297 0.0000
vt 0.1910 0.0620
vn -0.0000 0.0000 -1.0000
v -1.4725 1.3431 0.0000
vt 0.1910 0.0620
vn -0.0000 0.0000 -1.0000
v -1.5245 1.2911 0.0000
vt 0.1910 0.0620
vn -0.0000 0.0000 -1.0000
v -1.6111 1.3778 0.0000
vt 0.1910 0.0620
vn -0.0000 0.0000 -1.0000
f 2423/2423/2423 2424/2424/2424 2425/2425/2425 2426/2426/2426
v -1.5592 1.4297 -1.4700
vt 0.1698 0.1089
vn 0.0000 -0.0000 1.0000
v 0.0000 2.9889 -1.4700
vt 0.1698 0.1723
vn 0.0000 -0.0000 1.0000
v -1.5938 1.5337 -1.4700
vt 0.1698 0.1089
vn 0.0000 -0.0000 1.0000
f 2427/2427/2427 2428/2428/2428 2429/2429/2429
v -1.5592 1.4297 -0.4900
vt 0.1840 0.0777
vn -0.8068 -0.5908 0.0000
v -1.5592 1.4297 -0.2450
vt 0.1875 0.0777
vn -0.8068 -0.5908 0.0000
v -1.5938 1.5337 -0.2450
vt 0.1875 0.0777
vn -0.9487 -0.3162 0.0000
v -1.5938 1.5337 -0.4900
vt 0.1840 0.0777
vn -0.9487 -0.3162 0.0000
f 2430/2430/2430 2431/2431/2431 2432/2432/2432 2433/2433/2433
v -1.5245 1.2911 0.0000
vt 0.1910 0.0308
vn -0.7036 -0.7036 -0.0995
v -1.5418 1.2738 0.2450
vt 0.1946 0.0308
vn -0.7036 -0.7036 -0.0995
v -1.6285 1.3604 0.2450
vt 0.1946 0.0308
vn -0.7036 -0.7036 -0.0995
v -1.6111 1.3778 0.0000
vt 0.1910 0.0308
vn -0.7036 -0.7036 -0.0995
f 2434/2434/2434 2435/2435/2435 2436/2436/2436 2437/2437/2437
v -1.5418 1.2738 0.2450
vt 0.1946 0.0620
vn -0.7036 -0.7036 -0.0995
v -1.5592 1.2565 0.4900
vt 0.1981 0.0620
vn -0.7036 -0.7036 -0.0995
v -1.6458 1.3431 0.4900
vt 0.1981 0.0620
vn -0.7036 -0.7036 -0.0995
v -1.6285 1.3604 0.2450
vt 0.1946 0.0620
vn -0.7036 -0.7036 -0.0995
f 2438/2438/2438 2439/2439/2439 2440/2440/2440 2441/2441/2441
v -1.5418 1.2738 0.2450
vt 0.1946 0.0933
vn 0.7073 -0.7070 0.0000
v -1.4725 1.3431 0.4900
vt 0.1981 0.0933
vn 0.7073 -0.7070 0.0000
v -1.5592 1.2565 0.4900
vt 0.1981 0.0933
vn 0.7071 -0.7071 -0.0000
f 2442/2442/2442 2443/2443/2443 2444/2444/2444
v -1.4725 1.3431 0.0000
vt 0.1910 0.0620
vn 0.7073 -0.7070 0.0000
v -1.5418 1.2738 0.2450
vt 0.1946 0.0620
vn 0.7073 -0.7070 0.0000
v -1.5245 1.2911 0.0000
vt 0.1910 0.0620
vn 0.7071 -0.7071 -0.0000
f 2445/2445/2445 2446/2446/2446 2447/2447/2447
v -1.5418 1.2738 -1.2250
vt 0.1733 0.0620
vn 0.7073 -0.7070 0.0000
v -1.4726 1.3431 -0.9800
vt 0.1769 0.0620
vn 0.7073 -0.7070 0.0000
v -1.5245 1.2911 -0.9800
vt 0.1769 0.0620
vn 0.7071 -0.7071 -0.0000
f 2448/2448/2448 2449/2449/2449 2450/2450/2450
v -1.4726 1.3431 -1.4700
vt 0.1698 0.1089
vn 0.7073 -0.7070 0.0000
v -1.5418 1.2738 -1.2250
vt 0.1733 0.1089
vn 0.7073 -0.7070 0.0000
v -1.5592 1.2565 -1.4700
vt 0.1698 0.1089
vn 0.7071 -0.7071 -0.0000
f 2451/2451/2451 2452/2452/2452 2453/2453/2453
v -1.6285 1.3604 0.2450
vt 0.1946 0.0620
vn -0.7071 0.7071 0.0000
v -1.5592 1.4297 0.0000
vt 0.1910 0.0620
vn -0.7071 0.7071 0.0000
v -1.6111 1.3778 0.0000
vt 0.1910 0.0620
vn -0.7071 0.7071 0.0000
f 2454/2454/2454 2455/2455/2455 2456/2456/2456
v -1.5592 1.4297 -1.4700
vt 0.1698 0.0933
vn -0.0000 0.0000 -1.0000
v -1.4726 1.3431 -1.4700
vt 0.1698 0.0933
vn -0.0000 0.0000 -1.0000
v -1.5592 1.2565 -1.4700
vt 0.1698 0.0933
vn -0.0000 0.0000 -1.0000
v -1.6458 1.3431 -1.4700
vt 0.1698 0.0933
vn -0.0000 0.0000 -1.0000
f 2457/2457/2457 2458/2458/2458 2459/2459/2459 2460/2460/2460
v -1.5592 1.4297 0.4900
vt 0.1981 0.0933
vn -0.7071 0.7071 0.0000
v -1.6285 1.3604 0.2450
vt 0.1946 0.0933
vn -0.7071 0.7071 0.0000
v -1.6458 1.3431 0.4900
vt 0.1981 0.0933
vn -0.7071 0.7071 0.0000
f 2461/2461/2461 2462/2462/2462 2463/2463/2463
v -1.4726 1.3431 -0.9800
vt 0.1769 0.0620
vn 0.0000 -0.0000 1.0000
v -1.5592 1.4297 -0.9800
vt 0.1769 0.0620
vn 0.0000 -0.0000 1.0000
v -1.6111 1.3778 -0.9800
vt 0.1769 0.0620
vn 0.0000 -0.0000 1.0000
v -1.5245 1.2911 -0.9800
vt 0.1769 0.0620
vn 0.0000 -0.0000 1.0000
f 2464/2464/2464 2465/2465/2465 2466/2466/2466 2467/2467/2467
v -1.5938 1.5337 -0.2450
vt 0.1875 0.1089
vn -0.6743 0.7385 0.0000
v 0.0000 2.9889 -0.2450
vt 0.1875 0.1723
vn -0.6743 0.7385 0.0000
v 0.0000 2.9889 -0.4900
vt 0.1840 0.1723
vn -0.6743 0.7385 0.0000
v -1.5938 1.5337 -0.4900
vt 0.1840 0.1089
vn -0.6743 0.7385 0.0000
f 2468/2468/2468 2469/2469/2469 2470/2470/2470 2471/2471/2471
v -1.5938 1.5337 -1.4700
vt 0.1698 0.1245
vn -0.6743 0.7385 0.0000
v 0.0000 2.9889 -1.4700
vt 0.1698 0.1880
vn -0.6743 0.7385 0.0000
v 0.0000 2.9889 -1.7150
vt 0.1663 0.1880
vn -0.6743 0.7385 0.0000
v -1.5938 1.5337 -1.7150
vt 0.1663 0.1245
vn -0.6743 0.7385 0.0000
f 2472/2472/2472 2473/2473/2473 2474/2474/2474 2475/2475/2475
v -1.5592 1.4297 -1.7150
vt 0.1663 0.0933
vn -0.8507 -0.5257 0.0000
v -1.5592 1.4297 -1.4700
vt 0.1698 0.0933
vn -0.8507 -0.5257 0.0000
v -1.5938 1.5337 -1.4700
vt 0.1698 0.0933
vn -0.9487 -0.3162 0.0000
v -1.5938 1.5337 -1.7150
vt 0.1663 0.0933
vn -0.9487 -0.3162 0.0000
f 2476/2476/2476 2477/2477/2477 2478/2478/2478 2479/2479/2479
v -1.5592 1.4297 -0.2450
vt 0.1875 0.0933
vn 0.0000 -0.0000 1.0000
v 0.0000 2.9889 -0.2450
vt 0.1875 0.1567
vn 0.0000 -0.0000 1.0000
v -1.5938 1.5337 -0.2450
vt 0.1875 0.0933
vn 0.0000 -0.0000 1.0000
f 2480/2480/2480 2481/2481/2481 2482/2482/2482
v 0.0000 2.9889 -0.4900
vt 0.1840 0.1880
vn -0.0000 0.0000 -1.0000
v -1.5592 1.4297 -0.4900
vt 0.1840 0.1245
vn -0.0000 0.0000 -1.0000
v -1.5938 1.5337 -0.4900
vt 0.1840 0.1245
vn -0.0000 0.0000 -1.0000
f 2483/2483/2483 2484/2484/2484 2485/2485/2485
v 1.4726 1.3431 1.2250
vt 0.1663 0.0933
vn 0.7071 -0.7071 -0.0000
v 1.4726 1.3431 0.9800
vt 0.1698 0.0933
vn 0.7071 -0.7071 -0.0000
v 1.5592 1.4297 0.9800
vt 0.1698 0.0933
vn 0.7071 -0.7071 -0.0000
v 1.5592 1.4297 1.2250
vt 0.1663 0.0933
vn 0.7071 -0.7071 -0.0000
f 2486/2486/2486 2487/2487/2487 2488/2488/2488 2489/2489/2489
v 1.4726 1.3431 0.4900
vt 0.1769 0.0933
vn 0.7071 -0.7071 -0.0000
v 1.4726 1.3431 0.2450
vt 0.1804 0.0933
vn 0.7071 -0.7071 -0.0000
v 1.5592 1.4297 0.2450
vt 0.1804 0.0933
vn 0.7071 -0.7071 -0.0000
v 1.5592 1.4297 0.4900
vt 0.1769 0.0933
vn 0.7071 -0.7071 -0.0000
f 2490/2490/2490 2491/2491/2491 2492/2492/2492 2493/2493/2493
v 1.4726 1.3431 0.2450
vt 0.1804 0.0933
vn 0.7071 -0.7071 -0.0000
v 1.4726 1.3431 -0.0000
vt 0.1840 0.0933
vn 0.7071 -0.7071 -0.0000
v 1.5592 1.4297 -0.0000
vt 0.1840 0.0933
vn 0.8068 -0.5908 0.0000
v 1.5592 1.4297 0.2450
vt 0.1804 0.0933
vn 0.7071 -0.7071 -0.0000
f 2494/2494/2494 2495/2495/2495 2496/2496/2496 2497/2497/2497
v 1.4726 1.3431 -0.0000
vt 0.1840 0.0777
vn 0.7071 -0.7071 -0.0000
v 1.4726 1.3431 -0.2450
vt 0.1875 0.0777
vn 0.7071 -0.7071 -0.0000
v 1.5592 1.4297 -0.2450
vt 0.1875 0.0777
vn 0.8068 -0.5908 0.0000
v 1.5592 1.4297 -0.0000
vt 0.1840 0.0777
vn 0.8068 -0.5908 0.0000
f 2498/2498/2498 2499/2499/2499 2500/2500/2500 2501/2501/2501
v 1.4726 1.3431 -0.2450
vt 0.1875 0.0620
vn 0.7071 -0.7071 -0.0000
v 1.4726 1.3431 -0.4900
vt 0.1910 0.0620
vn 0.7071 -0.7071 -0.0000
v 1.5592 1.4297 -0.4900
vt 0.1910 0.0620
vn 0.7071 -0.7071 -0.0000
v 1.5592 1.4297 -0.2450
vt 0.1875 0.0620
vn 0.8068 -0.5908 0.0000
f 2502/2502/2502 2503/2503/2503 2504/2504/2504 2505/2505/2505
v 1.4726 1.3431 -0.9800
vt 0.1981 0.0933
vn 0.7071 -0.7071 -0.0000
v 1.4726 1.3431 -1.2250
vt 0.2017 0.0933
vn 0.7071 -0.7071 -0.0000
v 1.5592 1.4297 -1.2250
vt 0.2017 0.0933
vn 0.8068 -0.5908 0.0000
v 1.5592 1.4297 -0.9800
vt 0.1981 0.0933
vn 0.8507 -0.5257 0.0000
f 2506/2506/2506 2507/2507/2507 2508/2508/2508 2509/2509/2509
v 1.4726 1.3431 -1.2250
vt 0.2017 0.0777
vn 0.7071 -0.7071 -0.0000
v 1.4726 1.3431 -1.4700
vt 0.2052 0.0777
vn 0.7071 -0.7071 -0.0000
v 1.5592 1.4297 -1.4700
vt 0.2052 0.0777
vn 0.7071 -0.7071 -0.0000
v 1.5592 1.4297 -1.2250
vt 0.2017 0.0777
vn 0.8068 -0.5908 0.0000
f 2510/2510/2510 2511/2511/2511 2512/2512/2512 2513/2513/2513
v 1.4726 1.3431 -1.4700
vt 0.2052 0.0620
vn 0.7071 -0.7071 -0.0000
v 1.4726 1.3431 -1.7150
vt 0.2087 0.0620
vn 0.7071 -0.7071 -0.0000
v 1.5592 1.4297 -1.7150
vt 0.2087 0.0620
vn 0.7071 -0.7071 -0.0000
v 1.5592 1.4297 -1.4700
vt 0.2052 0.0620
vn 0.7071 -0.7071 -0.0000
f 2514/2514/2514 2515/2515/2515 2516/2516/2516 2517/2517/2517
v 1.5592 1.4297 -1.7150
vt 0.2087 0.0933
vn 0.7071 0.7071 0.0000
v 0.0000 2.9889 -1.7150
vt 0.2087 0.1567
vn 0.7071 0.7071 0.0000
v 0.0000 2.9889 -1.4700
vt 0.2052 0.1567
vn 0.7071 0.7071 0.0000
v 1.5592 1.4297 -1.4700
vt 0.2052 0.0933
vn 0.7071 0.7071 0.0000
f 2518/2518/2518 2519/2519/2519 2520/2520/2520 2521/2521/2521
v 1.5592 1.4297 -1.4700
vt 0.2052 0.1089
vn 0.7071 0.7071 0.0000
v 0.0000 2.9889 -1.4700
vt 0.2052 0.1723
vn 0.7071 0.7071 0.0000
v 0.0000 2.9889 -1.2250
vt 0.2017 0.1723
vn 0.7071 0.7071 0.0000
v 1.5592 1.4297 -1.2250
vt 0.2017 0.1089
vn 0.7071 0.7071 0.0000
f 2522/2522/2522 2523/2523/2523 2524/2524/2524 2525/2525/2525
v 1.5592 1.4297 -0.9800
vt 0.1981 0.0933
vn 0.7071 0.7071 0.0000
v 0.0000 2.9889 -0.9800
vt 0.1981 0.1567
vn 0.7071 0.7071 0.0000
v 0.0000 2.9889 -0.7350
vt 0.1946 0.1567
vn 0.7071 0.7071 0.0000
v 1.6285 1.3604 -0.7350
vt 0.1946 0.0933
vn 0.7071 0.7071 0.0000
f 2526/2526/2526 2527/2527/2527 2528/2528/2528 2529/2529/2529
v 1.6285 1.3604 -0.7350
vt 0.1946 0.0620
vn 0.7071 0.7071 0.0000
v 0.0000 2.9889 -0.7350
vt 0.1946 0.1255
vn 0.7071 0.7071 0.0000
v 0.0000 2.9889 -0.4900
vt 0.1910 0.1255
vn 0.7071 0.7071 0.0000
v 1.5592 1.4297 -0.4900
vt 0.1910 0.0620
vn 0.7071 0.7071 0.0000
f 2530/2530/2530 2531/2531/2531 2532/2532/2532 2533/2533/2533
v 1.5592 1.4297 -0.4900
vt 0.1910 0.0933
vn 0.7071 0.7071 0.0000
v 0.0000 2.9889 -0.4900
vt 0.1910 0.1567
vn 0.7071 0.7071 0.0000
v 0.0000 2.9889 -0.2450
vt 0.1875 0.1567
vn 0.7071 0.7071 0.0000
v 1.5592 1.4297 -0.2450
vt 0.1875 0.0933
vn 0.7071 0.7071 0.0000
f 2534/2534/2534 2535/2535/2535 2536/2536/2536 2537/2537/2537
v 1.5592 1.4297 -0.0000
vt 0.1840 0.1245
vn 0.7071 0.7071 0.0000
v 0.0000 2.9889 -0.0000
vt 0.1840 0.1880
vn 0.7071 0.7071 0.0000
v 0.0000 2.9889 0.2450
vt 0.1804 0.1880
vn 0.7071 0.7071 0.0000
v 1.5592 1.4297 0.2450
vt 0.1804 0.1245
vn 0.7071 0.7071 0.0000
f 2538/2538/2538 2539/2539/2539 2540/2540/2540 2541/2541/2541
v 1.5592 1.4297 0.2450
vt 0.1804 0.0933
vn 0.7071 0.7071 0.0000
v 0.0000 2.9889 0.2450
vt 0.1804 0.1567
vn 0.7071 0.7071 0.0000
v 0.0000 2.9889 0.4900
vt 0.1769 0.1567
vn 0.7071 0.7071 0.0000
v 1.5592 1.4297 0.4900
vt 0.1769 0.0933
vn 0.7071 0.7071 0.0000
f 2542/2542/2542 2543/2543/2543 2544/2544/2544 2545/2545/2545
v 1.5592 1.4297 0.4900
vt 0.1769 0.0620
vn 0.7071 0.7071 0.0000
v 0.0000 2.9889 0.4900
vt 0.1769 0.1255
vn 0.7071 0.7071 0.0000
v 0.0000 2.9889 0.7350
vt 0.1733 0.1255
vn 0.7071 0.7071 0.0000
v 1.6285 1.3604 0.7350
vt 0.1733 0.0620
vn 0.7071 0.7071 0.0000
f 2546/2546/2546 2547/2547/2547 2548/2548/2548 2549/2549/2549
v 1.6285 1.3604 0.7350
vt 0.1733 0.1089
vn 0.7071 0.7071 0.0000
v 0.0000 2.9889 0.7350
vt 0.1733 0.1723
vn 0.7071 0.7071 0.0000
v 0.0000 2.9889 0.9800
vt 0.1698 0.1723
vn 0.7071 0.7071 0.0000
v 1.5592 1.4297 0.9800
vt 0.1698 0.1089
vn 0.7071 0.7071 0.0000
f 2550/2550/2550 2551/2551/2551 2552/2552/2552 2553/2553/2553
v 1.4726 1.3431 1.2250
vt 0.1663 0.1245
vn -0.7073 -0.7069 0.0000
v 0.0000 2.8165 1.2250
vt 0.1663 0.1880
vn -0.7073 -0.7069 0.0000
v 0.0000 2.8165 0.9800
vt 0.1698 0.1880
vn -0.7073 -0.7069 0.0000
v 1.4726 1.3431 0.9800
vt 0.1698 0.1245
vn -0.7073 -0.7070 0.0000
f 2554/2554/2554 2555/2555/2555 2556/2556/2556 2557/2557/2557
v 1.4726 1.3431 0.9800
vt 0.1698 0.1089
vn -0.7073 -0.7070 0.0000
v 0.0000 2.8165 0.9800
vt 0.1698 0.1723
vn -0.7073 -0.7069 0.0000
v 0.0000 2.8165 0.7350
vt 0.1733 0.1723
vn -0.7073 -0.7069 0.0000
v 1.5418 1.2738 0.7350
vt 0.1733 0.1089
vn -0.7073 -0.7070 0.0000
f 2558/2558/2558 2559/2559/2559 2560/2560/2560 2561/2561/2561
v 1.5418 1.2738 0.7350
vt 0.1733 0.0620
vn -0.7073 -0.7070 0.0000
v 0.0000 2.8165 0.7350
vt 0.1733 0.1255
vn -0.7073 -0.7069 0.0000
v 0.0000 2.8165 0.4900
vt 0.1769 0.1255
vn -0.7073 -0.7069 0.0000
v 1.4726 1.3431 0.4900
vt 0.1769 0.0620
vn -0.7073 -0.7070 0.0000
f 2562/2562/2562 2563/2563/2563 2564/2564/2564 2565/2565/2565
v 1.4726 1.3431 0.4900
vt 0.1769 0.0933
vn -0.7073 -0.7070 0.0000
v 0.0000 2.8165 0.4900
vt 0.1769 0.1567
vn -0.7073 -0.7069 0.0000
v 0.0000 2.8165 0.2450
vt 0.1804 0.1567
vn -0.7073 -0.7069 0.0000
v 1.4726 1.3431 0.2450
vt 0.1804 0.0933
vn -0.7073 -0.7069 0.0000
f 2566/2566/2566 2567/2567/2567 2568/2568/2568 2569/2569/2569
v 1.4726 1.3431 0.2450
vt 0.1804 0.1245
vn -0.7073 -0.7069 0.0000
v 0.0000 2.8165 0.2450
vt 0.1804 0.1880
vn -0.7073 -0.7069 0.0000
v 0.0000 2.8165 0.0000
vt 0.1840 0.1880
vn -0.7073 -0.7069 0.0000
v 1.4726 1.3431 -0.0000
vt 0.1840 0.1245
vn -0.7073 -0.7069 0.0000
f 2570/2570/2570 2571/2571/2571 2572/2572/2572 2573/2573/2573
v 1.4726 1.3431 -0.0000
vt 0.1840 0.1089
vn -0.7073 -0.7069 0.0000
v 0.0000 2.8165 0.0000
vt 0.1840 0.1723
vn -0.7073 -0.7069 0.0000
v 0.0000 2.8165 -0.2450
vt 0.1875 0.1723
vn -0.7073 -0.7069 0.0000
v 1.4726 1.3431 -0.2450
vt 0.1875 0.1089
vn -0.7073 -0.7069 0.0000
f 2574/2574/2574 2575/2575/2575 2576/2576/2576 2577/2577/2577
v 1.4726 1.3431 -0.2450
vt 0.1875 0.0933
vn -0.7073 -0.7069 0.0000
v 0.0000 2.8165 -0.2450
vt 0.1875 0.1567
vn -0.7073 -0.7069 0.0000
v 0.0000 2.8165 -0.4900
vt 0.1910 0.1567
vn -0.7073 -0.7069 0.0000
v 1.4726 1.3431 -0.4900
vt 0.1910 0.0933
vn -0.7073 -0.7070 0.0000
f 2578/2578/2578 2579/2579/2579 2580/2580/2580 2581/2581/2581
v 1.4726 1.3431 -0.4900
vt 0.1910 0.0620
vn -0.7073 -0.7070 0.0000
v 0.0000 2.8165 -0.4900
vt 0.1910 0.1255
vn -0.7073 -0.7069 0.0000
v 0.0000 2.8165 -0.7350
vt 0.1946 0.1255
vn -0.7073 -0.7069 0.0000
v 1.5419 1.2738 -0.7350
vt 0.1946 0.0620
vn -0.7073 -0.7070 0.0000
f 2582/2582/2582 2583/2583/2583 2584/2584/2584 2585/2585/2585
v 1.5419 1.2738 -0.7350
vt 0.1946 0.0933
vn -0.7073 -0.7070 0.0000
v 0.0000 2.8165 -0.7350
vt 0.1946 0.1567
vn -0.7073 -0.7069 0.0000
v 0.0000 2.8165 -0.9800
vt 0.1981 0.1567
vn -0.7073 -0.7069 0.0000
v 1.4726 1.3431 -0.9800
vt 0.1981 0.0933
vn -0.7073 -0.7070 0.0000
f 2586/2586/2586 2587/2587/2587 2588/2588/2588 2589/2589/2589
v 1.4726 1.3431 -0.9800
vt 0.1981 0.1245
vn -0.7073 -0.7070 0.0000
v 0.0000 2.8165 -0.9800
vt 0.1981 0.1880
vn -0.7073 -0.7069 0.0000
v 0.0000 2.8165 -1.2250
vt 0.2017 0.1880
vn -0.7073 -0.7069 0.0000
v 1.4726 1.3431 -1.2250
vt 0.2017 0.1245
vn -0.7073 -0.7069 0.0000
f 2590/2590/2590 2591/2591/2591 2592/2592/2592 2593/2593/2593
v 1.4726 1.3431 -1.2250
vt 0.2017 0.1089
vn -0.7073 -0.7069 0.0000
v 0.0000 2.8165 -1.2250
vt 0.2017 0.1723
vn -0.7073 -0.7069 0.0000
v 0.0000 2.8165 -1.4700
vt 0.2052 0.1723
vn -0.7073 -0.7069 0.0000
v 1.4726 1.3431 -1.4700
vt 0.2052 0.1089
vn -0.7073 -0.7069 0.0000
f 2594/2594/2594 2595/2595/2595 2596/2596/2596 2597/2597/2597
v 1.4726 1.3431 -1.4700
vt 0.2052 0.0933
vn -0.7073 -0.7069 0.0000
v 0.0000 2.8165 -1.4700
vt 0.2052 0.1567
vn -0.7073 -0.7069 0.0000
v 0.0000 2.8165 -1.7150
vt 0.2087 0.1567
vn -0.7073 -0.7069 0.0000
v 1.4726 1.3431 -1.7150
vt 0.2087 0.0933
vn -0.7073 -0.7069 0.0000
f 2598/2598/2598 2599/2599/2599 2600/2600/2600 2601/2601/2601
v 1.4726 1.3431 -0.9800
vt 0.1981 0.0933
vn -0.0000 0.0000 -1.0000
v 1.5592 1.4297 -0.9800
vt 0.1981 0.0933
vn -0.0000 0.0000 -1.0000
v 1.6458 1.3431 -0.9800
vt 0.1981 0.0933
vn -0.0000 0.0000 -1.0000
v 1.5592 1.2565 -0.9800
vt 0.1981 0.0933
vn -0.0000 0.0000 -1.0000
f 2602/2602/2602 2603/2603/2603 2604/2604/2604 2605/2605/2605
v 1.5592 1.4297 -0.4900
vt 0.1910 0.0620
vn 0.0000 -0.0000 1.0000
v 1.4726 1.3431 -0.4900
vt 0.1910 0.0620
vn 0.0000 -0.0000 1.0000
v 1.5245 1.2911 -0.4900
vt 0.1910 0.0620
vn 0.0000 -0.0000 1.0000
v 1.6111 1.3778 -0.4900
vt 0.1910 0.0620
vn 0.0000 -0.0000 1.0000
f 2606/2606/2606 2607/2607/2607 2608/2608/2608 2609/2609/2609
v -1.5592 1.4297 0.4900
vt 0.1981 0.0933
vn -0.7071 0.7071 0.0000
v -1.5592 1.4297 0.7350
vt 0.2017 0.0933
vn -0.7071 0.7071 0.0000
v 0.0000 2.9889 0.7350
vt 0.2017 0.1880
vn -0.7071 0.7071 0.0000
v 0.0000 2.9889 0.4900
vt 0.1981 0.1880
vn -0.7071 0.7071 0.0000
f 2610/2610/2610 2611/2611/2611 2612/2612/2612 2613/2613/2613
v 1.5592 1.4297 -0.0000
vt 0.1840 0.0777
vn 0.8068 -0.5908 0.0000
v 1.5592 1.4297 -0.2450
vt 0.1875 0.0777
vn 0.8068 -0.5908 0.0000
v 1.5938 1.5337 -0.2450
vt 0.1875 0.0777
vn 0.9487 -0.3162 -0.0000
v 1.5938 1.5337 -0.0000
vt 0.1840 0.0777
vn 0.9487 -0.3162 -0.0000
f 2614/2614/2614 2615/2615/2615 2616/2616/2616 2617/2617/2617
v 1.5592 1.2565 0.9800
vt 0.1698 0.0777
vn 0.7036 -0.7036 -0.0995
v 1.5418 1.2738 0.7350
vt 0.1733 0.0777
vn 0.7036 -0.7036 -0.0995
v 1.6285 1.3604 0.7350
vt 0.1733 0.0777
vn 0.7036 -0.7036 -0.0995
v 1.6458 1.3431 0.9800
vt 0.1698 0.0777
vn 0.7036 -0.7036 -0.0995
f 2618/2618/2618 2619/2619/2619 2620/2620/2620 2621/2621/2621
v 1.5418 1.2738 0.7350
vt 0.1733 0.0308
vn 0.7036 -0.7036 -0.0995
v 1.5245 1.2911 0.4900
vt 0.1769 0.0308
vn 0.7036 -0.7036 -0.0995
v 1.6111 1.3778 0.4900
vt 0.1769 0.0308
vn 0.7036 -0.7036 -0.0995
v 1.6285 1.3604 0.7350
vt 0.1733 0.0308
vn 0.7036 -0.7036 -0.0995
f 2622/2622/2622 2623/2623/2623 2624/2624/2624 2625/2625/2625
v 1.5245 1.2911 -0.4900
vt 0.1910 0.0308
vn 0.7036 -0.7036 0.0995
v 1.5419 1.2738 -0.7350
vt 0.1946 0.0308
vn 0.7036 -0.7036 0.0995
v 1.6285 1.3604 -0.7350
vt 0.1946 0.0308
vn 0.7036 -0.7036 0.0995
v 1.6111 1.3778 -0.4900
vt 0.1910 0.0308
vn 0.7036 -0.7036 0.0995
f 2626/2626/2626 2627/2627/2627 2628/2628/2628 2629/2629/2629
v 1.5419 1.2738 -0.7350
vt 0.1946 0.0620
vn 0.7036 -0.7036 0.0995
v 1.5592 1.2565 -0.9800
vt 0.1981 0.0620
vn 0.7036 -0.7036 0.0995
v 1.6458 1.3431 -0.9800
vt 0.1981 0.0620
vn 0.7036 -0.7036 0.0995
v 1.6285 1.3604 -0.7350
vt 0.1946 0.0620
vn 0.7036 -0.7036 0.0995
f 2630/2630/2630 2631/2631/2631 2632/2632/2632 2633/2633/2633
v 1.5419 1.2738 -0.7350
vt 0.1946 0.0933
vn -0.7073 -0.7070 0.0000
v 1.4726 1.3431 -0.9800
vt 0.1981 0.0933
vn -0.7073 -0.7070 0.0000
v 1.5592 1.2565 -0.9800
vt 0.1981 0.0933
vn -0.7071 -0.7071 0.0000
f 2634/2634/2634 2635/2635/2635 2636/2636/2636
v 1.4726 1.3431 -0.4900
vt 0.1910 0.0620
vn -0.7073 -0.7070 0.0000
v 1.5419 1.2738 -0.7350
vt 0.1946 0.0620
vn -0.7073 -0.7070 0.0000
v 1.5245 1.2911 -0.4900
vt 0.1910 0.0620
vn -0.7071 -0.7071 0.0000
f 2637/2637/2637 2638/2638/2638 2639/2639/2639
v 1.6285 1.3604 0.7350
vt 0.1733 0.1089
vn 0.7071 0.7071 0.0000
v 1.5592 1.4297 0.9800
vt 0.1698 0.1089
vn 0.7071 0.7071 0.0000
v 1.6458 1.3431 0.9800
vt 0.1698 0.1089
vn 0.7071 0.7071 0.0000
f 2640/2640/2640 2641/2641/2641 2642/2642/2642
v 1.5592 1.4297 0.4900
vt 0.1769 0.0620
vn 0.7071 0.7071 0.0000
v 1.6285 1.3604 0.7350
vt 0.1733 0.0620
vn 0.7071 0.7071 0.0000
v 1.6111 1.3778 0.4900
vt 0.1769 0.0620
vn 0.7071 0.7071 0.0000
f 2643/2643/2643 2644/2644/2644 2645/2645/2645
v 1.5418 1.2738 0.7350
vt 0.1733 0.0620
vn -0.7073 -0.7070 0.0000
v 1.4726 1.3431 0.4900
vt 0.1769 0.0620
vn -0.7073 -0.7070 0.0000
v 1.5245 1.2911 0.4900
vt 0.1769 0.0620
vn -0.7071 -0.7071 0.0000
f 2646/2646/2646 2647/2647/2647 2648/2648/2648
v 1.4726 1.3431 0.9800
vt 0.1698 0.1089
vn -0.7073 -0.7070 0.0000
v 1.5418 1.2738 0.7350
vt 0.1733 0.1089
vn -0.7073 -0.7070 0.0000
v 1.5592 1.2565 0.9800
vt 0.1698 0.1089
vn -0.7071 -0.7071 0.0000
f 2649/2649/2649 2650/2650/2650 2651/2651/2651
v 1.6285 1.3604 -0.7350
vt 0.1946 0.0620
vn 0.7071 0.7071 0.0000
v 1.5592 1.4297 -0.4900
vt 0.1910 0.0620
vn 0.7071 0.7071 0.0000
v 1.6111 1.3778 -0.4900
vt 0.1910 0.0620
vn 0.7071 0.7071 0.0000
f 2652/2652/2652 2653/2653/2653 2654/2654/2654
v 1.5592 1.4297 0.9800
vt 0.1698 0.0933
vn 0.0000 -0.0000 1.0000
v 1.4726 1.3431 0.9800
vt 0.1698 0.0933
vn 0.0000 -0.0000 1.0000
v 1.5592 1.2565 0.9800
vt 0.1698 0.0933
vn 0.0000 -0.0000 1.0000
v 1.6458 1.3431 0.9800
vt 0.1698 0.0933
vn 0.0000 -0.0000 1.0000
f 2655/2655/2655 2656/2656/2656 2657/2657/2657 2658/2658/2658
v 1.5592 1.4297 -0.9800
vt 0.1981 0.0933
vn 0.7071 0.7071 0.0000
v 1.6285 1.3604 -0.7350
vt 0.1946 0.0933
vn 0.7071 0.7071 0.0000
v 1.6458 1.3431 -0.9800
vt 0.1981 0.0933
vn 0.7071 0.7071 0.0000
f 2659/2659/2659 2660/2660/2660 2661/2661/2661
v 1.4726 1.3431 0.4900
vt 0.1769 0.0620
vn -0.0000 0.0000 -1.0000
v 1.5592 1.4297 0.4900
vt 0.1769 0.0620
vn -0.0000 0.0000 -1.0000
v 1.6111 1.3778 0.4900
vt 0.1769 0.0620
vn -0.0000 0.0000 -1.0000
v 1.5245 1.2911 0.4900
vt 0.1769 0.0620
vn -0.0000 0.0000 -1.0000
f 2662/2662/2662 2663/2663/2663 2664/2664/2664 2665/2665/2665
v 1.5938 1.5337 -1.2250
vt 0.2017 0.1245
vn 0.6743 0.7385 -0.0000
v 0.0000 2.9889 -1.2250
vt 0.2017 0.1880
vn 0.6743 0.7385 -0.0000
v 0.0000 2.9889 -0.9800
vt 0.1981 0.1880
vn 0.6743 0.7385 -0.0000
v 1.5938 1.5337 -0.9800
vt 0.1981 0.1245
vn 0.6743 0.7385 -0.0000
f 2666/2666/2666 2667/2667/2667 2668/2668/2668 2669/2669/2669
v 1.5938 1.5337 -0.2450
vt 0.1875 0.1089
vn 0.6743 0.7385 -0.0000
v 0.0000 2.9889 -0.2450
vt 0.1875 0.1723
vn 0.6743 0.7385 -0.0000
v 0.0000 2.9889 -0.0000
vt 0.1840 0.1723
vn 0.6743 0.7385 -0.0000
v 1.5938 1.5337 -0.0000
vt 0.1840 0.1089
vn 0.6743 0.7385 -0.0000
f 2670/2670/2670 2671/2671/2671 2672/2672/2672 2673/2673/2673
v 1.5592 1.4297 -0.9800
vt 0.1981 0.0933
vn 0.8507 -0.5257 0.0000
v 1.5592 1.4297 -1.2250
vt 0.2017 0.0933
vn 0.8068 -0.5908 0.0000
v 1.5938 1.5337 -1.2250
vt 0.2017 0.0933
vn 0.9487 -0.3162 -0.0000
v 1.5938 1.5337 -0.9800
vt 0.1981 0.0933
vn 0.9487 -0.3162 -0.0000
f 2674/2674/2674 2675/2675/2675 2676/2676/2676 2677/2677/2677
v 1.5592 1.4297 -1.2250
vt 0.2017 0.1089
vn -0.0000 0.0000 -1.0000
v 0.0000 2.9889 -1.2250
vt 0.2017 0.1723
vn -0.0000 0.0000 -1.0000
v 1.5938 1.5337 -1.2250
vt 0.2017 0.1089
vn -0.0000 0.0000 -1.0000
f 2678/2678/2678 2679/2679/2679 2680/2680/2680
v 0.0000 2.9889 -0.9800
vt 0.1981 0.1567
vn 0.0000 -0.0000 1.0000
v 1.5592 1.4297 -0.9800
vt 0.1981 0.0933
vn 0.0000 -0.0000 1.0000
v 1.5938 1.5337 -0.9800
vt 0.1981 0.0933
vn 0.0000 -0.0000 1.0000
f 2681/2681/2681 2682/2682/2682 2683/2683/2683
v 1.5592 1.4297 -0.2450
vt 0.1875 0.0933
vn -0.0000 0.0000 -1.0000
v 0.0000 2.9889 -0.2450
vt 0.1875 0.1567
vn -0.0000 0.0000 -1.0000
v 1.5938 1.5337 -0.2450
vt 0.1875 0.0933
vn -0.0000 0.0000 -1.0000
f 2684/2684/2684 2685/2685/2685 2686/2686/2686
v 0.0000 2.9889 -0.0000
vt 0.1840 0.1880
vn 0.0000 -0.0000 1.0000
v 1.5592 1.4297 -0.0000
vt 0.1840 0.1245
vn 0.0000 -0.0000 1.0000
v 1.5938 1.5337 -0.0000
vt 0.1840 0.1245
vn 0.0000 -0.0000 1.0000
f 2687/2687/2687 2688/2688/2688 2689/2689/2689
v 1.5592 1.4297 1.2250
vt 0.1663 0.0933
vn 0.7071 0.7071 0.0000
v 1.5592 1.4297 0.9800
vt 0.1698 0.0933
vn 0.7071 0.7071 0.0000
v 0.0000 2.9889 0.9800
vt 0.1698 0.1880
vn 0.7071 0.7071 0.0000
v 0.0000 2.9889 1.2250
vt 0.1663 0.1880
vn 0.7071 0.7071 0.0000
f 2690/2690/2690 2691/2691/2691 2692/2692/2692 2693/2693/2693
v 1.2012 0.5860 0.8342
vt 0.1627 0.0620
vn 0.0000 -0.7119 0.7023
v 1.4332 0.5860 0.8342
vt 0.1663 0.0620
vn 0.0000 -0.7119 0.7023
v 1.4332 0.7592 1.0097
vt 0.1663 0.0620
vn 0.0000 -0.5945 0.8041
v 1.2012 0.7592 1.0097
vt 0.1627 0.0620
vn 0.0000 -0.7119 0.7023
f 2694/2694/2694 2695/2695/2695 2696/2696/2696 2697/2697/2697
v 1.4332 0.5860 0.8342
vt 0.1663 0.0933
vn 0.0000 -0.7119 0.7023
v 1.6170 0.5860 0.8342
vt 0.1698 0.0933
vn 0.0000 -0.7119 0.7023
v 1.6170 0.7592 1.0097
vt 0.1698 0.0933
vn 0.0000 -0.5286 0.8489
v 1.4332 0.7592 1.0097
vt 0.1663 0.0933
vn 0.0000 -0.5945 0.8041
f 2698/2698/2698 2699/2699/2699 2700/2700/2700 2701/2701/2701
v 1.4332 0.7592 1.0097
vt 0.1663 0.0933
vn 0.0000 0.7071 0.7071
v 1.4332 1.2789 0.4900
vt 0.1663 0.1567
vn 0.0000 0.7071 0.7071
v 1.2012 1.2789 0.4900
vt 0.1627 0.1567
vn 0.0000 0.7071 0.7071
v 1.2012 0.7592 1.0097
vt 0.1627 0.0933
vn 0.0000 0.7071 0.7071
f 2702/2702/2702 2703/2703/2703 2704/2704/2704 2705/2705/2705
v 1.6170 0.7592 1.0097
vt 0.1698 0.1089
vn 1.0000 -0.0000 -0.0000
v 1.6170 1.2789 0.4900
vt 0.1698 0.1723
vn 1.0000 -0.0000 -0.0000
v 1.6170 0.8372 1.0357
vt 0.1698 0.1089
vn 1.0000 -0.0000 -0.0000
f 2706/2706/2706 2707/2707/2707 2708/2708/2708
v 1.6170 0.8372 1.0357
vt 0.1698 0.1245
vn 0.0000 0.7772 0.6292
v 1.6170 1.2789 0.4900
vt 0.1698 0.1880
vn 0.0000 0.7772 0.6292
v 1.4332 1.2789 0.4900
vt 0.1663 0.1880
vn 0.0000 0.7772 0.6292
v 1.4332 0.8372 1.0357
vt 0.1663 0.1245
vn 0.0000 0.7772 0.6292
f 2709/2709/2709 2710/2710/2710 2711/2711/2711 2712/2712/2712
v 1.4332 1.2789 0.4900
vt 0.1663 0.1567
vn -1.0000 0.0000 0.0000
v 1.4332 0.7592 1.0097
vt 0.1663 0.0933
vn -1.0000 0.0000 0.0000
v 1.4332 0.8372 1.0357
vt 0.1663 0.0933
vn -1.0000 0.0000 0.0000
f 2713/2713/2713 2714/2714/2714 2715/2715/2715
v 1.4332 0.7592 1.0097
vt 0.1663 0.0933
vn 0.0000 -0.5945 0.8041
v 1.6170 0.7592 1.0097
vt 0.1698 0.0933
vn 0.0000 -0.5286 0.8489
v 1.6170 0.8372 1.0357
vt 0.1698 0.0933
vn 0.0000 -0.3162 0.9487
v 1.4332 0.8372 1.0357
vt 0.1663 0.0933
vn 0.0000 -0.3162 0.9487
f 2716/2716/2716 2717/2717/2717 2718/2718/2718 2719/2719/2719
v 1.6170 0.5860 0.1458
vt 0.2052 0.0620
vn -0.0000 -0.7119 -0.7023
v 1.4332 0.5860 0.1458
vt 0.2087 0.0620
vn -0.0000 -0.7119 -0.7023
v 1.4332 0.7592 -0.0297
vt 0.2087 0.0620
vn -0.0000 -0.7119 -0.7023
v 1.6170 0.7592 -0.0297
vt 0.2052 0.0620
vn -0.0000 -0.7119 -0.7023
f 2720/2720/2720 2721/2721/2721 2722/2722/2722 2723/2723/2723
v 1.2012 0.7592 -0.0297
vt 0.2123 0.0777
vn -0.0000 0.7071 -0.7071
v 1.2012 1.2789 0.4900
vt 0.2123 0.1411
vn -0.0000 0.7071 -0.7071
v 1.4332 1.2789 0.4900
vt 0.2087 0.1411
vn -0.0000 0.7071 -0.7071
v 1.4332 0.7592 -0.0297
vt 0.2087 0.0777
vn -0.0000 0.7071 -0.7071
f 2724/2724/2724 2725/2725/2725 2726/2726/2726 2727/2727/2727
v 1.4332 0.7592 -0.0297
vt 0.2087 0.0933
vn -0.0000 0.7071 -0.7071
v 1.4332 1.2789 0.4900
vt 0.2087 0.1567
vn -0.0000 0.7071 -0.7071
v 1.6170 1.2789 0.4900
vt 0.2052 0.1567
vn -0.0000 0.7071 -0.7071
v 1.6170 0.7592 -0.0297
vt 0.2052 0.0933
vn -0.0000 0.7071 -0.7071
f 2728/2728/2728 2729/2729/2729 2730/2730/2730 2731/2731/2731
v 1.4332 0.5860 0.1458
vt 0.2087 0.0777
vn -0.0000 -0.7119 -0.7023
v 1.2012 0.5860 0.1458
vt 0.2123 0.0308
vn -0.0000 -0.7119 -0.7023
v 1.2012 0.7592 -0.0297
vt 0.2123 0.0777
vn -0.0000 -0.7119 -0.7023
v 1.4332 0.7592 -0.0297
vt 0.2087 0.0620
vn -0.0000 -0.7119 -0.7023
f 2732/2732/2732 2733/2733/2733 2734/2734/2734 2735/2735/2735
v 1.2012 0.5860 -0.6358
vt 0.1627 0.0620
vn 0.0000 -0.7119 0.7023
v 1.4332 0.5860 -0.6358
vt 0.1663 0.0620
vn 0.0000 -0.7119 0.7023
v 1.4332 0.7592 -0.4603
vt 0.1663 0.0620
vn 0.0000 -0.5945 0.8041
v 1.2012 0.7592 -0.4603
vt 0.1627 0.0620
vn 0.0000 -0.7119 0.7023
f 2736/2736/2736 2737/2737/2737 2738/2738/2738 2739/2739/2739
v 1.4332 0.5860 -0.6358
vt 0.1663 0.0933
vn 0.0000 -0.7119 0.7023
v 1.6170 0.5860 -0.6358
vt 0.1698 0.0933
vn 0.0000 -0.7119 0.7023
v 1.6170 0.7592 -0.4603
vt 0.1698 0.0933
vn 0.0000 -0.5286 0.8489
v 1.4332 0.7592 -0.4603
vt 0.1663 0.0933
vn 0.0000 -0.5945 0.8041
f 2740/2740/2740 2741/2741/2741 2742/2742/2742 2743/2743/2743
v 1.4332 0.7592 -0.4603
vt 0.1663 0.0933
vn 0.0000 0.7071 0.7071
v 1.4332 1.2789 -0.9800
vt 0.1663 0.1567
vn 0.0000 0.7071 0.7071
v 1.2012 1.2789 -0.9800
vt 0.1627 0.1567
vn 0.0000 0.7071 0.7071
v 1.2012 0.7592 -0.4603
vt 0.1627 0.0933
vn 0.0000 0.7071 0.7071
f 2744/2744/2744 2745/2745/2745 2746/2746/2746 2747/2747/2747
v 1.6170 0.7592 -0.4603
vt 0.1698 0.1089
vn 1.0000 -0.0000 -0.0000
v 1.6170 1.2789 -0.9800
vt 0.1698 0.1723
vn 1.0000 -0.0000 -0.0000
v 1.6170 0.8372 -0.4343
vt 0.1698 0.1089
vn 1.0000 -0.0000 -0.0000
f 2748/2748/2748 2749/2749/2749 2750/2750/2750
v 1.6170 0.8372 -0.4343
vt 0.1698 0.1245
vn 0.0000 0.7772 0.6292
v 1.6170 1.2789 -0.9800
vt 0.1698 0.1880
vn 0.0000 0.7772 0.6292
v 1.4332 1.2789 -0.9800
vt 0.1663 0.1880
vn 0.0000 0.7772 0.6292
v 1.4332 0.8372 -0.4343
vt 0.1663 0.1245
vn 0.0000 0.7772 0.6292
f 2751/2751/2751 2752/2752/2752 2753/2753/2753 2754/2754/2754
v 1.4332 1.2789 -0.9800
vt 0.1663 0.1567
vn -1.0000 0.0000 0.0000
v 1.4332 0.7592 -0.4603
vt 0.1663 0.0933
vn -1.0000 0.0000 0.0000
v 1.4332 0.8372 -0.4343
vt 0.1663 0.0933
vn -1.0000 0.0000 0.0000
f 2755/2755/2755 2756/2756/2756 2757/2757/2757
v 1.4332 0.7592 -0.4603
vt 0.1663 0.0933
vn 0.0000 -0.5945 0.8041
v 1.6170 0.7592 -0.4603
vt 0.1698 0.0933
vn 0.0000 -0.5286 0.8489
v 1.6170 0.8372 -0.4343
vt 0.1698 0.0933
vn 0.0000 -0.3162 0.9487
v 1.4332 0.8372 -0.4343
vt 0.1663 0.0933
vn 0.0000 -0.3162 0.9487
f 2758/2758/2758 2759/2759/2759 2760/2760/2760 2761/2761/2761
v 1.6170 0.5860 -1.3242
vt 0.2052 0.0620
vn -0.0000 -0.7119 -0.7023
v 1.4332 0.5860 -1.3242
vt 0.2087 0.0620
vn -0.0000 -0.7119 -0.7023
v 1.4332 0.7592 -1.4997
vt 0.2087 0.0620
vn -0.0000 -0.7119 -0.7023
v 1.6170 0.7592 -1.4997
vt 0.2052 0.0620
vn -0.0000 -0.7119 -0.7023
f 2762/2762/2762 2763/2763/2763 2764/2764/2764 2765/2765/2765
v 1.2012 0.7592 -1.4997
vt 0.2123 0.0777
vn -0.0000 0.7071 -0.7071
v 1.2012 1.2789 -0.9800
vt 0.2123 0.1411
vn -0.0000 0.7071 -0.7071
v 1.4332 1.2789 -0.9800
vt 0.2087 0.1411
vn -0.0000 0.7071 -0.7071
v 1.4332 0.7592 -1.4997
vt 0.2087 0.0777
vn -0.0000 0.7071 -0.7071
f 2766/2766/2766 2767/2767/2767 2768/2768/2768 2769/2769/2769
v 1.4332 0.7592 -1.4997
vt 0.2087 0.0933
vn -0.0000 0.7071 -0.7071
v 1.4332 1.2789 -0.9800
vt 0.2087 0.1567
vn -0.0000 0.7071 -0.7071
v 1.6170 1.2789 -0.9800
vt 0.2052 0.1567
vn -0.0000 0.7071 -0.7071
v 1.6170 0.7592 -1.4997
vt 0.2052 0.0933
vn -0.0000 0.7071 -0.7071
f 2770/2770/2770 2771/2771/2771 2772/2772/2772 2773/2773/2773
v 1.4332 0.5860 -1.3242
vt 0.2087 0.0777
vn -0.0000 -0.7119 -0.7023
v 1.2012 0.5860 -1.3242
vt 0.2123 0.0308
vn -0.0000 -0.7119 -0.7023
v 1.2012 0.7592 -1.4997
vt 0.2123 0.0777
vn -0.0000 -0.7119 -0.7023
v 1.4332 0.7592 -1.4997
vt 0.2087 0.0620
vn -0.0000 -0.7119 -0.7023
f 2774/2774/2774 2775/2775/2775 2776/2776/2776 2777/2777/2777
v -1.2012 0.5860 -1.3242
vt 0.1627 0.0620
vn -0.0000 -0.7119 -0.7023
v -1.4332 0.5860 -1.3242
vt 0.1663 0.0620
vn -0.0000 -0.7119 -0.7023
v -1.4332 0.7592 -1.4997
vt 0.1663 0.0620
vn -0.0000 -0.5945 -0.8041
v -1.2012 0.7592 -1.4997
vt 0.1627 0.0620
vn -0.0000 -0.7119 -0.7023
f 2778/2778/2778 2779/2779/2779 2780/2780/2780 2781/2781/2781
v -1.4332 0.5860 -1.3242
vt 0.1663 0.0933
vn -0.0000 -0.7119 -0.7023
v -1.6170 0.5860 -1.3242
vt 0.1698 0.0933
vn -0.0000 -0.7119 -0.7023
v -1.6170 0.7592 -1.4997
vt 0.1698 0.0933
vn 0.0000 -0.5286 -0.8489
v -1.4332 0.7592 -1.4997
vt 0.1663 0.0933
vn -0.0000 -0.5945 -0.8041
f 2782/2782/2782 2783/2783/2783 2784/2784/2784 2785/2785/2785
v -1.4332 0.7592 -1.4997
vt 0.1663 0.0933
vn -0.0000 0.7071 -0.7071
v -1.4332 1.2789 -0.9800
vt 0.1663 0.1567
vn -0.0000 0.7071 -0.7071
v -1.2012 1.2789 -0.9800
vt 0.1627 0.1567
vn -0.0000 0.7071 -0.7071
v -1.2012 0.7592 -1.4997
vt 0.1627 0.0933
vn -0.0000 0.7071 -0.7071
f 2786/2786/2786 2787/2787/2787 2788/2788/2788 2789/2789/2789
v -1.6170 0.7592 -1.4997
vt 0.1698 0.1089
vn -1.0000 0.0000 0.0000
v -1.6170 1.2789 -0.9800
vt 0.1698 0.1723
vn -1.0000 0.0000 0.0000
v -1.6170 0.8372 -1.5257
vt 0.1698 0.1089
vn -1.0000 0.0000 0.0000
f 2790/2790/2790 2791/2791/2791 2792/2792/2792
v -1.6170 0.8372 -1.5257
vt 0.1698 0.1245
vn -0.0000 0.7772 -0.6292
v -1.6170 1.2789 -0.9800
vt 0.1698 0.1880
vn -0.0000 0.7772 -0.6292
v -1.4332 1.2789 -0.9800
vt 0.1663 0.1880
vn -0.0000 0.7772 -0.6292
v -1.4332 0.8372 -1.5257
vt 0.1663 0.1245
vn -0.0000 0.7772 -0.6292
f 2793/2793/2793 2794/2794/2794 2795/2795/2795 2796/2796/2796
v -1.4332 1.2789 -0.9800
vt 0.1663 0.1567
vn 1.0000 -0.0000 -0.0000
v -1.4332 0.7592 -1.4997
vt 0.1663 0.0933
vn 1.0000 -0.0000 -0.0000
v -1.4332 0.8372 -1.5257
vt 0.1663 0.0933
vn 1.0000 -0.0000 -0.0000
f 2797/2797/2797 2798/2798/2798 2799/2799/2799
v -1.4332 0.7592 -1.4997
vt 0.1663 0.0933
vn -0.0000 -0.5945 -0.8041
v -1.6170 0.7592 -1.4997
vt 0.1698 0.0933
vn 0.0000 -0.5286 -0.8489
v -1.6170 0.8372 -1.5257
vt 0.1698 0.0933
vn 0.0000 -0.3162 -0.9487
v -1.4332 0.8372 -1.5257
vt 0.1663 0.0933
vn 0.0000 -0.3162 -0.9487
f 2800/2800/2800 2801/2801/2801 2802/2802/2802 2803/2803/2803
v -1.6170 0.5860 -0.6358
vt 0.2052 0.0620
vn 0.0000 -0.7119 0.7023
v -1.4332 0.5860 -0.6358
vt 0.2087 0.0620
vn 0.0000 -0.7119 0.7023
v -1.4332 0.7592 -0.4603
vt 0.2087 0.0620
vn 0.0000 -0.7119 0.7023
v -1.6170 0.7592 -0.4603
vt 0.2052 0.0620
vn 0.0000 -0.7119 0.7023
f 2804/2804/2804 2805/2805/2805 2806/2806/2806 2807/2807/2807
v -1.2012 0.7592 -0.4603
vt 0.2123 0.0777
vn 0.0000 0.7071 0.7071
v -1.2012 1.2789 -0.9800
vt 0.2123 0.1411
vn 0.0000 0.7071 0.7071
v -1.4332 1.2789 -0.9800
vt 0.2087 0.1411
vn 0.0000 0.7071 0.7071
v -1.4332 0.7592 -0.4603
vt 0.2087 0.0777
vn 0.0000 0.7071 0.7071
f 2808/2808/2808 2809/2809/2809 2810/2810/2810 2811/2811/2811
v -1.4332 0.7592 -0.4603
vt 0.2087 0.0933
vn 0.0000 0.7071 0.7071
v -1.4332 1.2789 -0.9800
vt 0.2087 0.1567
vn 0.0000 0.7071 0.7071
v -1.6170 1.2789 -0.9800
vt 0.2052 0.1567
vn 0.0000 0.7071 0.7071
v -1.6170 0.7592 -0.4603
vt 0.2052 0.0933
vn 0.0000 0.7071 0.7071
f 2812/2812/2812 2813/2813/2813 2814/2814/2814 2815/2815/2815
v -1.4332 0.5860 -0.6358
vt 0.2087 0.0777
vn 0.0000 -0.7119 0.7023
v -1.2012 0.5860 -0.6358
vt 0.2123 0.0308
vn 0.0000 -0.7119 0.7023
v -1.2012 0.7592 -0.4603
vt 0.2123 0.0777
vn 0.0000 -0.7119 0.7023
v -1.4332 0.7592 -0.4603
vt 0.2087 0.0620
vn 0.0000 -0.7119 0.7023
f 2816/2816/2816 2817/2817/2817 2818/2818/2818 2819/2819/2819
v -1.2012 0.5860 0.1458
vt 0.1627 0.0620
vn -0.0000 -0.7119 -0.7023
v -1.4332 0.5860 0.1458
vt 0.1663 0.0620
vn -0.0000 -0.7119 -0.7023
v -1.4332 0.7592 -0.0297
vt 0.1663 0.0620
vn -0.0000 -0.5945 -0.8041
v -1.2012 0.7592 -0.0297
vt 0.1627 0.0620
vn -0.0000 -0.7119 -0.7023
f 2820/2820/2820 2821/2821/2821 2822/2822/2822 2823/2823/2823
v -1.4332 0.5860 0.1458
vt 0.1663 0.0933
vn -0.0000 -0.7119 -0.7023
v -1.6170 0.5860 0.1458
vt 0.1698 0.0933
vn -0.0000 -0.7119 -0.7023
v -1.6170 0.7592 -0.0297
vt 0.1698 0.0933
vn 0.0000 -0.5286 -0.8489
v -1.4332 0.7592 -0.0297
vt 0.1663 0.0933
vn -0.0000 -0.5945 -0.8041
f 2824/2824/2824 2825/2825/2825 2826/2826/2826 2827/2827/2827
v -1.4332 0.7592 -0.0297
vt 0.1663 0.0933
vn -0.0000 0.7071 -0.7071
v -1.4332 1.2789 0.4900
vt 0.1663 0.1567
vn -0.0000 0.7071 -0.7071
v -1.2012 1.2789 0.4900
vt 0.1627 0.1567
vn -0.0000 0.7071 -0.7071
v -1.2012 0.7592 -0.0297
vt 0.1627 0.0933
vn -0.0000 0.7071 -0.7071
f 2828/2828/2828 2829/2829/2829 2830/2830/2830 2831/2831/2831
v -1.6170 0.7592 -0.0297
vt 0.1698 0.1089
vn -1.0000 0.0000 0.0000
v -1.6170 1.2789 0.4900
vt 0.1698 0.1723
vn -1.0000 0.0000 0.0000
v -1.6170 0.8372 -0.0557
vt 0.1698 0.1089
vn -1.0000 0.0000 0.0000
f 2832/2832/2832 2833/2833/2833 2834/2834/2834
v -1.6170 0.8372 -0.0557
vt 0.1698 0.1245
vn -0.0000 0.7772 -0.6292
v -1.6170 1.2789 0.4900
vt 0.1698 0.1880
vn -0.0000 0.7772 -0.6292
v -1.4332 1.2789 0.4900
vt 0.1663 0.1880
vn -0.0000 0.7772 -0.6292
v -1.4332 0.8372 -0.0557
vt 0.1663 0.1245
vn -0.0000 0.7772 -0.6292
f 2835/2835/2835 2836/2836/2836 2837/2837/2837 2838/2838/2838
v -1.4332 1.2789 0.4900
vt 0.1663 0.1567
vn 1.0000 -0.0000 -0.0000
v -1.4332 0.7592 -0.0297
vt 0.1663 0.0933
vn 1.0000 -0.0000 -0.0000
v -1.4332 0.8372 -0.0557
vt 0.1663 0.0933
vn 1.0000 -0.0000 -0.0000
f 2839/2839/2839 2840/2840/2840 2841/2841/2841
v -1.4332 0.7592 -0.0297
vt 0.1663 0.0933
vn -0.0000 -0.5945 -0.8041
v -1.6170 0.7592 -0.0297
vt 0.1698 0.0933
vn 0.0000 -0.5286 -0.8489
v -1.6170 0.8372 -0.0557
vt 0.1698 0.0933
vn 0.0000 -0.3162 -0.9487
v -1.4332 0.8372 -0.0557
vt 0.1663 0.0933
vn 0.0000 -0.3162 -0.9487
f 2842/2842/2842 2843/2843/2843 2844/2844/2844 2845/2845/2845
v -1.6170 0.5860 0.8342
vt 0.2052 0.0620
vn 0.0000 -0.7119 0.7023
v -1.4332 0.5860 0.8342
vt 0.2087 0.0620
vn 0.0000 -0.7119 0.7023
v -1.4332 0.7592 1.0097
vt 0.2087 0.0620
vn 0.0000 -0.7119 0.7023
v -1.6170 0.7592 1.0097
vt 0.2052 0.0620
vn 0.0000 -0.7119 0.7023
f 2846/2846/2846 2847/2847/2847 2848/2848/2848 2849/2849/2849
v -1.2012 0.7592 1.0097
vt 0.2123 0.0777
vn 0.0000 0.7071 0.7071
v -1.2012 1.2789 0.4900
vt 0.2123 0.1411
vn 0.0000 0.7071 0.7071
v -1.4332 1.2789 0.4900
vt 0.2087 0.1411
vn 0.0000 0.7071 0.7071
v -1.4332 0.7592 1.0097
vt 0.2087 0.0777
vn 0.0000 0.7071 0.7071
f 2850/2850/2850 2851/2851/2851 2852/2852/2852 2853/2853/2853
v -1.4332 0.7592 1.0097
vt 0.2087 0.0933
vn 0.0000 0.7071 0.7071
v -1.4332 1.2789 0.4900
vt 0.2087 0.1567
vn 0.0000 0.7071 0.7071
v -1.6170 1.2789 0.4900
vt 0.2052 0.1567
vn 0.0000 0.7071 0.7071
v -1.6170 0.7592 1.0097
vt 0.2052 0.0933
vn 0.0000 0.7071 0.7071
f 2854/2854/2854 2855/2855/2855 2856/2856/2856 2857/2857/2857
v -1.4332 0.5860 0.8342
vt 0.2087 0.0777
vn 0.0000 -0.7119 0.7023
v -1.2012 0.5860 0.8342
vt 0.2123 0.0308
vn 0.0000 -0.7119 0.7023
v -1.2012 0.7592 1.0097
vt 0.2123 0.0777
vn 0.0000 -0.7119 0.7023
v -1.4332 0.7592 1.0097
vt 0.2087 0.0620
vn 0.0000 -0.7119 0.7023
f 2858/2858/2858 2859/2859/2859 2860/2860/2860 2861/2861/2861
v 0.0000 4.9000 1.1025
vt 0.1719 0.2309
vn -0.8944 0.4472 0.0000
v -0.7350 3.4300 0.8575
vt 0.1425 0.1441
vn -0.8944 0.4472 0.0000
v -0.7350 3.4300 1.3475
vt 0.1425 0.1441
vn -0.8944 0.4472 0.0000
f 2862/2862/2862 2863/2863/2863 2864/2864/2864
v 0.0000 4.9000 1.1025
vt 0.1719 0.1684
vn 0.0000 0.4472 -0.8944
v 0.2450 3.4300 0.3675
vt 0.1817 0.0816
vn 0.0000 0.4472 -0.8944
v -0.2450 3.4300 0.3675
vt 0.1621 0.0816
vn 0.0000 0.4472 -0.8944
f 2865/2865/2865 2866/2866/2866 2867/2867/2867
v 0.0000 4.9000 1.1025
vt 0.1719 0.1840
vn 0.8944 0.4472 0.0000
v 0.7350 3.4300 1.3475
vt 0.2013 0.0973
vn 0.8944 0.4472 0.0000
v 0.7350 3.4300 0.8575
vt 0.2013 0.0973
vn 0.8944 0.4472 0.0000
f 2868/2868/2868 2869/2869/2869 2870/2870/2870
v 0.0000 4.9000 1.1025
vt 0.1719 0.1996
vn 0.0000 0.4472 0.8944
v -0.2450 3.4300 1.8375
vt 0.1621 0.1129
vn 0.0000 0.4472 0.8944
v 0.2450 3.4300 1.8375
vt 0.1817 0.1129
vn 0.0000 0.4472 0.8944
f 2871/2871/2871 2872/2872/2872 2873/2873/2873
v 0.0000 4.9000 1.1025
vt 0.1719 0.2309
vn 0.0000 0.4472 0.8944
v -0.7350 3.4300 1.8375
vt 0.1425 0.1441
vn 0.0000 0.4472 0.8944
v -0.2450 3.4300 1.8375
vt 0.1621 0.1441
vn 0.0000 0.4472 0.8944
f 2874/2874/2874 2875/2875/2875 2876/2876/2876
v 0.0000 4.9000 1.1025
vt 0.1719 0.1996
vn 0.8944 0.4472 0.0000
v 0.7350 3.4300 1.8375
vt 0.2013 0.1129
vn 0.8944 0.4472 0.0000
v 0.7350 3.4300 1.3475
vt 0.2013 0.1129
vn 0.8944 0.4472 0.0000
f 2877/2877/2877 2878/2878/2878 2879/2879/2879
v 0.0000 4.9000 1.1025
vt 0.1719 0.1684
vn 0.0000 0.4472 0.8944
v 0.2450 3.4300 1.8375
vt 0.1817 0.0816
vn 0.0000 0.4472 0.8944
v 0.7350 3.4300 1.8375
vt 0.2013 0.0816
vn 0.0000 0.4472 0.8944
f 2880/2880/2880 2881/2881/2881 2882/2882/2882
v 0.0000 4.9000 1.1025
vt 0.1719 0.1996
vn -0.8944 0.4472 0.0000
v -0.7350 3.4300 0.3675
vt 0.1425 0.1129
vn -0.8944 0.4472 0.0000
v -0.7350 3.4300 0.8575
vt 0.1425 0.1129
vn -0.8944 0.4472 0.0000
f 2883/2883/2883 2884/2884/2884 2885/2885/2885
v 0.0000 4.9000 1.1025
vt 0.1719 0.2309
vn 0.0000 0.4472 -0.8944
v -0.2450 3.4300 0.3675
vt 0.1621 0.1441
vn 0.0000 0.4472 -0.8944
v -0.7350 3.4300 0.3675
vt 0.1425 0.1441
vn 0.0000 0.4472 -0.8944
f 2886/2886/2886 2887/2887/2887 2888/2888/2888
v 0.0000 4.9000 1.1025
vt 0.1719 0.1996
vn 0.0000 0.4472 -0.8944
v 0.7350 3.4300 0.3675
vt 0.2013 0.1129
vn 0.0000 0.4472 -0.8944
v 0.2450 3.4300 0.3675
vt 0.1817 0.1129
vn 0.0000 0.4472 -0.8944
f 2889/2889/2889 2890/2890/2890 2891/2891/2891
v 0.0000 4.9000 1.1025
vt 0.1719 0.1684
vn 0.8944 0.4472 0.0000
v 0.7350 3.4300 0.8575
vt 0.2013 0.0816
vn 0.8944 0.4472 0.0000
v 0.7350 3.4300 0.3675
vt 0.2013 0.0816
vn 0.8944 0.4472 0.0000
f 2892/2892/2892 2893/2893/2893 2894/2894/2894
v 0.0000 4.9000 1.1025
vt 0.1719 0.1996
vn -0.8944 0.4472 0.0000
v -0.7350 3.4300 1.3475
vt 0.1425 0.1129
vn -0.8944 0.4472 0.0000
v -0.7350 3.4300 1.8375
vt 0.1425 0.1129
vn -0.8944 0.4472 0.0000
f 2895/2895/2895 2896/2896/2896 2897/2897/2897
v -0.2450 4.6121 1.3475
vt 0.2765 0.8104
vn -0.9823 0.1871 0.0000
v -0.0735 4.9736 1.1760
vt 0.2940 0.8471
vn -0.9035 0.4287 0.0000
v -0.0735 4.9736 1.0290
vt 0.2940 0.8471
vn -0.9035 0.4287 0.0000
v -0.2450 4.6121 0.8575
vt 0.2765 0.8104
vn -0.9823 0.1871 0.0000
f 2898/2898/2898 2899/2899/2899 2900/2900/2900 2901/2901/2901
v -0.2450 4.6121 0.8575
vt 0.2765 0.8260
vn 0.0000 0.1871 -0.9823
v -0.0735 4.9736 1.0290
vt 0.2940 0.8627
vn 0.0000 0.4287 -0.9035
v 0.0735 4.9736 1.0290
vt 0.3089 0.8627
vn 0.0000 0.4287 -0.9035
v 0.2450 4.6121 0.8575
vt 0.3263 0.8260
vn 0.0000 0.1871 -0.9823
f 2902/2902/2902 2903/2903/2903 2904/2904/2904 2905/2905/2905
v 0.2450 4.6121 1.3475
vt 0.3263 0.8260
vn 0.0000 0.1871 0.9823
v -0.2450 4.6121 1.3475
vt 0.2765 0.8260
vn 0.0000 0.1871 0.9823
v -0.2450 4.4896 1.3475
vt 0.2765 0.8136
vn 0.0000 -0.0000 1.0000
v 0.2450 4.4896 1.3475
vt 0.3263 0.8136
vn 0.0000 -0.0000 1.0000
f 2906/2906/2906 2907/2907/2907 2908/2908/2908 2909/2909/2909
v 0.2450 4.6121 0.8575
vt 0.3263 0.8104
vn 0.9823 0.1871 0.0000
v 0.2450 4.6121 1.3475
vt 0.3263 0.8104
vn 0.9823 0.1871 0.0000
v 0.2450 4.4896 1.3475
vt 0.3263 0.7979
vn 1.0000 -0.0000 -0.0000
v 0.2450 4.4896 0.8575
vt 0.3263 0.7979
vn 1.0000 -0.0000 -0.0000
f 2910/2910/2910 2911/2911/2911 2912/2912/2912 2913/2913/2913
v -0.2450 4.6121 1.3475
vt 0.2765 0.8104
vn -0.9823 0.1871 0.0000
v -0.2450 4.6121 0.8575
vt 0.2765 0.8104
vn -0.9823 0.1871 0.0000
v -0.2450 4.4896 0.8575
vt 0.2765 0.7979
vn -1.0000 0.0000 0.0000
v -0.2450 4.4896 1.3475
vt 0.2765 0.7979
vn -1.0000 0.0000 0.0000
f 2914/2914/2914 2915/2915/2915 2916/2916/2916 2917/2917/2917
v -0.2450 4.6121 0.8575
vt 0.2765 0.8260
vn 0.0000 0.1871 -0.9823
v 0.2450 4.6121 0.8575
vt 0.3263 0.8260
vn 0.0000 0.1871 -0.9823
v 0.2450 4.4896 0.8575
vt 0.3263 0.8136
vn -0.0000 0.0000 -1.0000
v -0.2450 4.4896 0.8575
vt 0.2765 0.8136
vn -0.0000 0.0000 -1.0000
f 2918/2918/2918 2919/2919/2919 2920/2920/2920 2921/2921/2921
v -0.2450 4.4896 1.3475
vt 0.2765 0.7823
vn 0.0000 -1.0000 -0.0000
v -0.2450 4.4896 0.8575
vt 0.2765 0.7823
vn 0.0000 -1.0000 -0.0000
v 0.2450 4.4896 0.8575
vt 0.3263 0.7823
vn 0.0000 -1.0000 -0.0000
v 0.2450 4.4896 1.3475
vt 0.3263 0.7823
vn 0.0000 -1.0000 -0.0000
f 2922/2922/2922 2923/2923/2923 2924/2924/2924 2925/2925/2925
v 0.1103 5.1328 1.2740
vt 0.3126 0.8789
vn 0.3671 -0.2690 0.8904
v 0.1103 5.2553 1.2740
vt 0.3126 0.8913
vn 0.3827 0.0000 0.9239
v -0.1103 5.2553 1.2740
vt 0.2902 0.8913
vn -0.3827 0.0000 0.9239
v -0.1103 5.1328 1.2740
vt 0.2902 0.8789
vn -0.3671 -0.2690 0.8904
f 2926/2926/2926 2927/2927/2927 2928/2928/2928 2929/2929/2929
v 0.1715 5.1328 0.9923
vt 0.3188 0.8633
vn 0.8904 -0.2690 -0.3671
v 0.1715 5.2553 0.9923
vt 0.3188 0.8757
vn 0.9239 0.0000 -0.3827
v 0.1715 5.2553 1.2128
vt 0.3188 0.8757
vn 0.9239 0.0000 0.3827
v 0.1715 5.1328 1.2128
vt 0.3188 0.8633
vn 0.8904 -0.2690 0.3671
f 2930/2930/2930 2931/2931/2931 2932/2932/2932 2933/2933/2933
v -0.1715 5.1328 1.2128
vt 0.2840 0.8633
vn -0.8904 -0.2690 0.3671
v -0.1715 5.2553 1.2128
vt 0.2840 0.8757
vn -0.9239 0.0000 0.3827
v -0.1715 5.2553 0.9923
vt 0.2840 0.8757
vn -0.9239 0.0000 -0.3827
v -0.1715 5.1328 0.9923
vt 0.2840 0.8633
vn -0.8904 -0.2690 -0.3671
f 2934/2934/2934 2935/2935/2935 2936/2936/2936 2937/2937/2937
v -0.1103 5.1328 0.9310
vt 0.2902 0.8789
vn -0.3671 -0.2690 -0.8904
v -0.1103 5.2553 0.9310
vt 0.2902 0.8913
vn -0.3827 0.0000 -0.9239
v 0.1103 5.2553 0.9310
vt 0.3126 0.8913
vn 0.3827 0.0000 -0.9239
v 0.1103 5.1328 0.9310
vt 0.3126 0.8789
vn 0.3671 -0.2690 -0.8904
f 2938/2938/2938 2939/2939/2939 2940/2940/2940 2941/2941/2941
v -0.1103 5.2553 1.2740
vt 0.2902 0.9226
vn -0.1736 0.8844 0.4333
v -0.0735 5.3165 1.1638
vt 0.2940 0.9288
vn -0.3037 0.9138 0.2697
v -0.1715 5.2553 1.2128
vt 0.2840 0.9226
vn -0.4491 0.8726 0.1921
f 2942/2942/2942 2943/2943/2943 2944/2944/2944
v -0.0735 5.3165 1.0413
vt 0.2940 0.9288
vn -0.3037 0.9138 -0.2697
v -0.1103 5.2553 0.9310
vt 0.2902 0.9226
vn -0.1736 0.8844 -0.4333
v -0.1715 5.2553 0.9923
vt 0.2840 0.9226
vn -0.4491 0.8726 -0.1921
f 2945/2945/2945 2946/2946/2946 2947/2947/2947
v 0.0735 5.3165 1.1638
vt 0.3089 0.9288
vn 0.3037 0.9138 0.2697
v 0.1103 5.2553 1.2740
vt 0.3126 0.9226
vn 0.1736 0.8844 0.4333
v 0.1715 5.2553 1.2128
vt 0.3188 0.9226
vn 0.4491 0.8726 0.1921
f 2948/2948/2948 2949/2949/2949 2950/2950/2950
v 0.0735 5.3165 1.0413
vt 0.3089 0.9288
vn 0.3037 0.9138 -0.2697
v 0.1715 5.2553 0.9923
vt 0.3188 0.9226
vn 0.4491 0.8726 -0.1921
v 0.1103 5.2553 0.9310
vt 0.3126 0.9226
vn 0.1736 0.8844 -0.4333
f 2951/2951/2951 2952/2952/2952 2953/2953/2953
v -0.1103 5.1328 1.2740
vt 0.2902 0.8789
vn -0.3671 -0.2690 0.8904
v -0.1103 5.2553 1.2740
vt 0.2902 0.8913
vn -0.3827 0.0000 0.9239
v -0.1715 5.2553 1.2128
vt 0.2840 0.8913
vn -0.9239 0.0000 0.3827
v -0.1715 5.1328 1.2128
vt 0.2840 0.8789
vn -0.8904 -0.2690 0.3671
f 2954/2954/2954 2955/2955/2955 2956/2956/2956 2957/2957/2957
v -0.0735 5.3165 1.1638
vt 0.2940 0.9132
vn -0.3037 0.9138 0.2697
v -0.0735 5.3165 1.0413
vt 0.2940 0.9132
vn -0.3037 0.9138 -0.2697
v -0.1715 5.2553 0.9923
vt 0.2840 0.9070
vn -0.4491 0.8726 -0.1921
v -0.1715 5.2553 1.2128
vt 0.2840 0.9070
vn -0.4491 0.8726 0.1921
f 2958/2958/2958 2959/2959/2959 2960/2960/2960 2961/2961/2961
v -0.1103 5.2553 0.9310
vt 0.2902 0.8913
vn -0.3827 0.0000 -0.9239
v -0.1103 5.1328 0.9310
vt 0.2902 0.8789
vn -0.3671 -0.2690 -0.8904
v -0.1715 5.1328 0.9923
vt 0.2840 0.8789
vn -0.8904 -0.2690 -0.3671
v -0.1715 5.2553 0.9923
vt 0.2840 0.8913
vn -0.9239 0.0000 -0.3827
f 2962/2962/2962 2963/2963/2963 2964/2964/2964 2965/2965/2965
v -0.0735 5.3165 1.0413
vt 0.2940 0.9288
vn -0.3037 0.9138 -0.2697
v 0.0735 5.3165 1.0413
vt 0.3089 0.9288
vn 0.3037 0.9138 -0.2697
v 0.1103 5.2553 0.9310
vt 0.3126 0.9226
vn 0.1736 0.8844 -0.4333
v -0.1103 5.2553 0.9310
vt 0.2902 0.9226
vn -0.1736 0.8844 -0.4333
f 2966/2966/2966 2967/2967/2967 2968/2968/2968 2969/2969/2969
v 0.1715 5.2553 0.9923
vt 0.3188 0.8913
vn 0.9239 0.0000 -0.3827
v 0.1715 5.1328 0.9923
vt 0.3188 0.8789
vn 0.8904 -0.2690 -0.3671
v 0.1103 5.1328 0.9310
vt 0.3126 0.8789
vn 0.3671 -0.2690 -0.8904
v 0.1103 5.2553 0.9310
vt 0.3126 0.8913
vn 0.3827 0.0000 -0.9239
f 2970/2970/2970 2971/2971/2971 2972/2972/2972 2973/2973/2973
v 0.0735 5.3165 1.0413
vt 0.3089 0.9132
vn 0.3037 0.9138 -0.2697
v 0.0735 5.3165 1.1638
vt 0.3089 0.9132
vn 0.3037 0.9138 0.2697
v 0.1715 5.2553 1.2128
vt 0.3188 0.9070
vn 0.4491 0.8726 0.1921
v 0.1715 5.2553 0.9923
vt 0.3188 0.9070
vn 0.4491 0.8726 -0.1921
f 2974/2974/2974 2975/2975/2975 2976/2976/2976 2977/2977/2977
v 0.1103 5.2553 1.2740
vt 0.3126 0.8913
vn 0.3827 0.0000 0.9239
v 0.1103 5.1328 1.2740
vt 0.3126 0.8789
vn 0.3671 -0.2690 0.8904
v 0.1715 5.1328 1.2128
vt 0.3188 0.8789
vn 0.8904 -0.2690 0.3671
v 0.1715 5.2553 1.2128
vt 0.3188 0.8913
vn 0.9239 0.0000 0.3827
f 2978/2978/2978 2979/2979/2979 2980/2980/2980 2981/2981/2981
v 0.0735 5.3165 1.1638
vt 0.3089 0.9288
vn 0.3037 0.9138 0.2697
v -0.0735 5.3165 1.1638
vt 0.2940 0.9288
vn -0.3037 0.9138 0.2697
v -0.1103 5.2553 1.2740
vt 0.2902 0.9226
vn -0.1736 0.8844 0.4333
v 0.1103 5.2553 1.2740
vt 0.3126 0.9226
vn 0.1736 0.8844 0.4333
f 2982/2982/2982 2983/2983/2983 2984/2984/2984 2985/2985/2985
v 0.0735 4.9736 1.1760
vt 0.3089 0.8471
vn 0.5447 -0.6377 0.5447
v 0.1715 5.1328 1.2128
vt 0.3188 0.8633
vn 0.8904 -0.2690 0.3671
v 0.1103 5.1328 1.2740
vt 0.3126 0.8633
vn 0.3671 -0.2690 0.8904
f 2986/2986/2986 2987/2987/2987 2988/2988/2988
v 0.1715 5.1328 1.2128
vt 0.3188 0.8476
vn 0.8904 -0.2690 0.3671
v 0.0735 4.9736 1.1760
vt 0.3089 0.8315
vn 0.5447 -0.6377 0.5447
v 0.0735 4.9736 1.0290
vt 0.3089 0.8315
vn 0.5447 -0.6377 -0.5447
v 0.1715 5.1328 0.9923
vt 0.3188 0.8476
vn 0.8904 -0.2690 -0.3671
f 2989/2989/2989 2990/2990/2990 2991/2991/2991 2992/2992/2992
v 0.0735 4.9736 1.0290
vt 0.3089 0.8471
vn 0.5447 -0.6377 -0.5447
v 0.1103 5.1328 0.9310
vt 0.3126 0.8633
vn 0.3671 -0.2690 -0.8904
v 0.1715 5.1328 0.9923
vt 0.3188 0.8633
vn 0.8904 -0.2690 -0.3671
f 2993/2993/2993 2994/2994/2994 2995/2995/2995
v -0.0735 4.9736 1.0290
vt 0.2940 0.8315
vn -0.5447 -0.6377 -0.5447
v -0.0735 4.9736 1.1760
vt 0.2940 0.8315
vn -0.5447 -0.6377 0.5447
v -0.1715 5.1328 1.2128
vt 0.2840 0.8476
vn -0.8904 -0.2690 0.3671
v -0.1715 5.1328 0.9923
vt 0.2840 0.8476
vn -0.8904 -0.2690 -0.3671
f 2996/2996/2996 2997/2997/2997 2998/2998/2998 2999/2999/2999
v -0.0735 4.9736 1.0290
vt 0.2940 0.8471
vn -0.5447 -0.6377 -0.5447
v -0.1715 5.1328 0.9923
vt 0.2840 0.8633
vn -0.8904 -0.2690 -0.3671
v -0.1103 5.1328 0.9310
vt 0.2902 0.8633
vn -0.3671 -0.2690 -0.8904
f 3000/3000/3000 3001/3001/3001 3002/3002/3002
v -0.0735 4.9736 1.0290
vt 0.2940 0.8471
vn -0.5447 -0.6377 -0.5447
v -0.1103 5.1328 0.9310
vt 0.2902 0.8633
vn -0.3671 -0.2690 -0.8904
v 0.1103 5.1328 0.9310
vt 0.3126 0.8633
vn 0.3671 -0.2690 -0.8904
v 0.0735 4.9736 1.0290
vt 0.3089 0.8471
vn 0.5447 -0.6377 -0.5447
f 3003/3003/3003 3004/3004/3004 3005/3005/3005 3006/3006/3006
v -0.0735 4.9736 1.1760
vt 0.2940 0.8471
vn -0.5447 -0.6377 0.5447
v -0.1103 5.1328 1.2740
vt 0.2902 0.8633
vn -0.3671 -0.2690 0.8904
v -0.1715 5.1328 1.2128
vt 0.2840 0.8633
vn -0.8904 -0.2690 0.3671
f 3007/3007/3007 3008/3008/3008 3009/3009/3009
v -0.1103 5.1328 1.2740
vt 0.2902 0.8633
vn -0.3671 -0.2690 0.8904
v -0.0735 4.9736 1.1760
vt 0.2940 0.8471
vn -0.5447 -0.6377 0.5447
v 0.0735 4.9736 1.1760
vt 0.3089 0.8471
vn 0.5447 -0.6377 0.5447
v 0.1103 5.1328 1.2740
vt 0.3126 0.8633
vn 0.3671 -0.2690 0.8904
f 3010/3010/3010 3011/3011/3011 3012/3012/3012 3013/3013/3013
v -0.0735 5.6106 1.1638
vt 0.2940 0.9118
vn -1.0000 0.0000 0.0000
v -0.0735 5.7576 1.1638
vt 0.2940 0.9267
vn -1.0000 0.0000 0.0000
v -0.0735 5.7576 1.0413
vt 0.2940 0.9267
vn -1.0000 0.0000 0.0000
v -0.0735 5.6106 1.0413
vt 0.2940 0.9118
vn -1.0000 0.0000 0.0000
f 3014/3014/3014 3015/3015/3015 3016/3016/3016 3017/3017/3017
v -0.0735 5.6106 1.0413
vt 0.2940 0.9274
vn -0.0000 0.0000 -1.0000
v -0.0735 5.7576 1.0413
vt 0.2940 0.9424
vn -0.0000 0.0000 -1.0000
v 0.0735 5.7576 1.0413
vt 0.3089 0.9424
vn -0.0000 0.0000 -1.0000
v 0.0735 5.6106 1.0413
vt 0.3089 0.9274
vn -0.0000 0.0000 -1.0000
f 3018/3018/3018 3019/3019/3019 3020/3020/3020 3021/3021/3021
v 0.0735 5.6106 1.0413
vt 0.3089 0.9118
vn 1.0000 -0.0000 -0.0000
v 0.0735 5.7576 1.0413
vt 0.3089 0.9267
vn 1.0000 -0.0000 -0.0000
v 0.0735 5.7576 1.1638
vt 0.3089 0.9267
vn 1.0000 -0.0000 -0.0000
v 0.0735 5.6106 1.1638
vt 0.3089 0.9118
vn 1.0000 -0.0000 -0.0000
f 3022/3022/3022 3023/3023/3023 3024/3024/3024 3025/3025/3025
v 0.0735 5.6106 1.1638
vt 0.3089 0.9274
vn 0.0000 -0.0000 1.0000
v 0.0735 5.7576 1.1638
vt 0.3089 0.9424
vn 0.0000 -0.0000 1.0000
v -0.0735 5.7576 1.1638
vt 0.2940 0.9424
vn 0.0000 -0.0000 1.0000
v -0.0735 5.6106 1.1638
vt 0.2940 0.9274
vn 0.0000 -0.0000 1.0000
f 3026/3026/3026 3027/3027/3027 3028/3028/3028 3029/3029/3029
v 0.0735 5.7576 1.0413
vt 0.3089 0.9424
vn 0.0000 1.0000 0.0000
v -0.0735 5.7576 1.0413
vt 0.2940 0.9424
vn 0.0000 1.0000 0.0000
v -0.0735 5.7576 1.1638
vt 0.2940 0.9424
vn 0.0000 1.0000 0.0000
v 0.0735 5.7576 1.1638
vt 0.3089 0.9424
vn 0.0000 1.0000 0.0000
f 3030/3030/3030 3031/3031/3031 3032/3032/3032 3033/3033/3033
v 0.0735 5.3165 1.1638
vt 0.3089 0.8976
vn 0.0000 -0.0000 1.0000
v 0.0735 5.4636 1.1638
vt 0.3089 0.9125
vn 0.0000 -0.0000 1.0000
v -0.0735 5.4636 1.1638
vt 0.2940 0.9125
vn 0.0000 -0.0000 1.0000
v -0.0735 5.3165 1.1638
vt 0.2940 0.8976
vn 0.0000 -0.0000 1.0000
f 3034/3034/3034 3035/3035/3035 3036/3036/3036 3037/3037/3037
v 0.0735 5.4636 1.1638
vt 0.3089 0.9125
vn 0.0000 -0.0000 1.0000
v 0.0735 5.6106 1.1638
vt 0.3089 0.9274
vn 0.0000 -0.0000 1.0000
v -0.0735 5.6106 1.1638
vt 0.2940 0.9274
vn 0.0000 -0.0000 1.0000
v -0.0735 5.4636 1.1638
vt 0.2940 0.9125
vn 0.0000 -0.0000 1.0000
f 3038/3038/3038 3039/3039/3039 3040/3040/3040 3041/3041/3041
v 0.0735 5.3165 1.0413
vt 0.3089 0.8819
vn 1.0000 -0.0000 -0.0000
v 0.0735 5.4636 1.0413
vt 0.3089 0.8969
vn 1.0000 -0.0000 -0.0000
v 0.0735 5.4636 1.1638
vt 0.3089 0.8969
vn 1.0000 -0.0000 -0.0000
v 0.0735 5.3165 1.1638
vt 0.3089 0.8819
vn 1.0000 -0.0000 -0.0000
f 3042/3042/3042 3043/3043/3043 3044/3044/3044 3045/3045/3045
v 0.0735 5.6106 1.0413
vt 0.3089 0.9274
vn 0.0000 1.0000 0.0000
v 0.0735 5.6106 1.1638
vt 0.3089 0.9274
vn 0.0000 1.0000 0.0000
v 0.2205 5.6106 1.1638
vt 0.3238 0.9274
vn 0.0000 1.0000 0.0000
v 0.2205 5.6106 1.0413
vt 0.3238 0.9274
vn 0.0000 1.0000 0.0000
f 3046/3046/3046 3047/3047/3047 3048/3048/3048 3049/3049/3049
v -0.0735 5.3165 1.0413
vt 0.2940 0.8976
vn -0.0000 0.0000 -1.0000
v -0.0735 5.4636 1.0413
vt 0.2940 0.9125
vn -0.0000 0.0000 -1.0000
v 0.0735 5.4636 1.0413
vt 0.3089 0.9125
vn -0.0000 0.0000 -1.0000
v 0.0735 5.3165 1.0413
vt 0.3089 0.8976
vn -0.0000 0.0000 -1.0000
f 3050/3050/3050 3051/3051/3051 3052/3052/3052 3053/3053/3053
v -0.0735 5.4636 1.0413
vt 0.2940 0.9125
vn -0.0000 0.0000 -1.0000
v -0.0735 5.6106 1.0413
vt 0.2940 0.9274
vn -0.0000 0.0000 -1.0000
v 0.0735 5.6106 1.0413
vt 0.3089 0.9274
vn -0.0000 0.0000 -1.0000
v 0.0735 5.4636 1.0413
vt 0.3089 0.9125
vn -0.0000 0.0000 -1.0000
f 3054/3054/3054 3055/3055/3055 3056/3056/3056 3057/3057/3057
v -0.0735 5.3165 1.1638
vt 0.2940 0.8819
vn -1.0000 0.0000 0.0000
v -0.0735 5.4636 1.1638
vt 0.2940 0.8969
vn -1.0000 0.0000 0.0000
v -0.0735 5.4636 1.0413
vt 0.2940 0.8969
vn -1.0000 0.0000 0.0000
v -0.0735 5.3165 1.0413
vt 0.2940 0.8819
vn -1.0000 0.0000 0.0000
f 3058/3058/3058 3059/3059/3059 3060/3060/3060 3061/3061/3061
v -0.0735 5.6106 1.1638
vt 0.2940 0.9274
vn 0.0000 1.0000 0.0000
v -0.0735 5.6106 1.0413
vt 0.2940 0.9274
vn 0.0000 1.0000 0.0000
v -0.2205 5.6106 1.0413
vt 0.2790 0.9274
vn 0.0000 1.0000 0.0000
v -0.2205 5.6106 1.1638
vt 0.2790 0.9274
vn 0.0000 1.0000 0.0000
f 3062/3062/3062 3063/3063/3063 3064/3064/3064 3065/3065/3065
v 0.2205 5.4636 1.0413
vt 0.3238 0.8969
vn 1.0000 -0.0000 -0.0000
v 0.2205 5.6106 1.0413
vt 0.3238 0.9118
vn 1.0000 -0.0000 -0.0000
v 0.2205 5.6106 1.1638
vt 0.3238 0.9118
vn 1.0000 -0.0000 -0.0000
v 0.2205 5.4636 1.1638
vt 0.3238 0.8969
vn 1.0000 -0.0000 -0.0000
f 3066/3066/3066 3067/3067/3067 3068/3068/3068 3069/3069/3069
v 0.0735 5.6106 1.1638
vt 0.3089 0.9274
vn 0.0000 -0.0000 1.0000
v 0.0735 5.4636 1.1638
vt 0.3089 0.9125
vn 0.0000 -0.0000 1.0000
v 0.2205 5.4636 1.1638
vt 0.3238 0.9125
vn 0.0000 -0.0000 1.0000
v 0.2205 5.6106 1.1638
vt 0.3238 0.9274
vn 0.0000 -0.0000 1.0000
f 3070/3070/3070 3071/3071/3071 3072/3072/3072 3073/3073/3073
v 0.0735 5.4636 1.0413
vt 0.3089 0.9125
vn -0.0000 0.0000 -1.0000
v 0.0735 5.6106 1.0413
vt 0.3089 0.9274
vn -0.0000 0.0000 -1.0000
v 0.2205 5.6106 1.0413
vt 0.3238 0.9274
vn -0.0000 0.0000 -1.0000
v 0.2205 5.4636 1.0413
vt 0.3238 0.9125
vn -0.0000 0.0000 -1.0000
f 3074/3074/3074 3075/3075/3075 3076/3076/3076 3077/3077/3077
v 0.0735 5.4636 1.1638
vt 0.3089 0.8812
vn 0.0000 -1.0000 -0.0000
v 0.0735 5.4636 1.0413
vt 0.3089 0.8812
vn 0.0000 -1.0000 -0.0000
v 0.2205 5.4636 1.0413
vt 0.3238 0.8812
vn 0.0000 -1.0000 -0.0000
v 0.2205 5.4636 1.1638
vt 0.3238 0.8812
vn 0.0000 -1.0000 -0.0000
f 3078/3078/3078 3079/3079/3079 3080/3080/3080 3081/3081/3081
v -0.2205 5.4636 1.1638
vt 0.2790 0.8969
vn -1.0000 0.0000 0.0000
v -0.2205 5.6106 1.1638
vt 0.2790 0.9118
vn -1.0000 0.0000 0.0000
v -0.2205 5.6106 1.0413
vt 0.2790 0.9118
vn -1.0000 0.0000 0.0000
v -0.2205 5.4636 1.0413
vt 0.2790 0.8969
vn -1.0000 0.0000 0.0000
f 3082/3082/3082 3083/3083/3083 3084/3084/3084 3085/3085/3085
v -0.0735 5.6106 1.0413
vt 0.2940 0.9274
vn -0.0000 0.0000 -1.0000
v -0.0735 5.4636 1.0413
vt 0.2940 0.9125
vn -0.0000 0.0000 -1.0000
v -0.2205 5.4636 1.0413
vt 0.2790 0.9125
vn -0.0000 0.0000 -1.0000
v -0.2205 5.6106 1.0413
vt 0.2790 0.9274
vn -0.0000 0.0000 -1.0000
f 3086/3086/3086 3087/3087/3087 3088/3088/3088 3089/3089/3089
v -0.0735 5.4636 1.0413
vt 0.2940 0.8812
vn 0.0000 -1.0000 -0.0000
v -0.0735 5.4636 1.1638
vt 0.2940 0.8812
vn 0.0000 -1.0000 -0.0000
v -0.2205 5.4636 1.1638
vt 0.2790 0.8812
vn 0.0000 -1.0000 -0.0000
v -0.2205 5.4636 1.0413
vt 0.2790 0.8812
vn 0.0000 -1.0000 -0.0000
f 3090/3090/3090 3091/3091/3091 3092/3092/3092 3093/3093/3093
v -0.0735 5.4636 1.1638
vt 0.2940 0.9125
vn 0.0000 -0.0000 1.0000
v -0.0735 5.6106 1.1638
vt 0.2940 0.9274
vn 0.0000 -0.0000 1.0000
v -0.2205 5.6106 1.1638
vt 0.2790 0.9274
vn 0.0000 -0.0000 1.0000
v -0.2205 5.4636 1.1638
vt 0.2790 0.9125
vn 0.0000 -0.0000 1.0000
f 3094/3094/3094 3095/3095/3095 3096/3096/3096 3097/3097/3097
v 0.2450 4.6121 0.8575
vt 0.3263 0.8104
vn 0.9823 0.1871 0.0000
v 0.0735 4.9736 1.0290
vt 0.3089 0.8471
vn 0.9035 0.4287 0.0000
v 0.0735 4.9736 1.1760
vt 0.3089 0.8471
vn 0.9035 0.4287 0.0000
v 0.2450 4.6121 1.3475
vt 0.3263 0.8104
vn 0.9823 0.1871 0.0000
f 3098/3098/3098 3099/3099/3099 3100/3100/3100 3101/3101/3101
v 0.2450 4.6121 1.3475
vt 0.3263 0.8260
vn 0.0000 0.1871 0.9823
v 0.0735 4.9736 1.1760
vt 0.3089 0.8627
vn 0.0000 0.4287 0.9035
v -0.0735 4.9736 1.1760
vt 0.2940 0.8627
vn 0.0000 0.4287 0.9035
v -0.2450 4.6121 1.3475
vt 0.2765 0.8260
vn 0.0000 0.1871 0.9823
f 3102/3102/3102 3103/3103/3103 3104/3104/3104 3105/3105/3105
v -0.7871 2.7272 0.8891
vt 0.1607 0.8390
vn -0.5891 0.0000 -0.8081
v -0.7871 2.8376 0.8891
vt 0.1607 0.8665
vn -0.5891 0.0000 -0.8081
v -0.7008 2.8796 0.8262
vt 0.1557 0.8699
vn -0.5891 0.0000 -0.8081
v -0.7008 2.6853 0.8262
vt 0.1557 0.8357
vn -0.5891 0.0000 -0.8081
f 3106/3106/3106 3107/3107/3107 3108/3108/3108 3109/3109/3109
v -0.7008 2.6853 1.1176
vt 0.2071 0.8357
vn -0.5891 0.0000 0.8081
v -0.7008 2.8796 1.1176
vt 0.2071 0.8699
vn -0.5891 0.0000 0.8081
v -0.7871 2.8376 1.0547
vt 0.2020 0.8665
vn -0.5891 0.0000 0.8081
v -0.7871 2.7272 1.0547
vt 0.2020 0.8390
vn -0.5891 0.0000 0.8081
f 3110/3110/3110 3111/3111/3111 3112/3112/3112 3113/3113/3113
v -0.7871 2.7272 1.0547
vt 0.2020 0.8547
vn -1.0000 0.0000 0.0000
v -0.7871 2.8376 1.0547
vt 0.2020 0.8822
vn -1.0000 0.0000 0.0000
v -0.7871 2.8376 0.8891
vt 0.1607 0.8822
vn -1.0000 0.0000 0.0000
v -0.7871 2.7272 0.8891
vt 0.1607 0.8547
vn -1.0000 0.0000 0.0000
f 3114/3114/3114 3115/3115/3115 3116/3116/3116 3117/3117/3117
v -0.7008 2.6853 0.8262
vt 0.1557 0.8200
vn -0.4371 -0.8994 0.0000
v -0.7008 2.6853 1.1176
vt 0.2071 0.8200
vn -0.4371 -0.8994 0.0000
v -0.7871 2.7272 1.0547
vt 0.2020 0.8234
vn -0.4371 -0.8994 0.0000
v -0.7871 2.7272 0.8891
vt 0.1607 0.8234
vn -0.4371 -0.8994 0.0000
f 3118/3118/3118 3119/3119/3119 3120/3120/3120 3121/3121/3121
v -0.7008 2.8796 1.1176
vt 0.2071 0.9012
vn -0.4371 0.8994 0.0000
v -0.7008 2.8796 0.8262
vt 0.1557 0.9012
vn -0.4371 0.8994 0.0000
v -0.7871 2.8376 0.8891
vt 0.1607 0.8978
vn -0.4371 0.8994 0.0000
v -0.7871 2.8376 1.0547
vt 0.2020 0.8978
vn -0.4371 0.8994 0.0000
f 3122/3122/3122 3123/3123/3123 3124/3124/3124 3125/3125/3125
v -0.7871 2.7272 1.0991
vt 0.1607 0.8390
vn -0.5891 0.0000 -0.8081
v -0.7871 2.8376 1.0991
vt 0.1607 0.8665
vn -0.5891 0.0000 -0.8081
v -0.7008 2.8796 1.0362
vt 0.1557 0.8699
vn -0.5891 0.0000 -0.8081
v -0.7008 2.6853 1.0362
vt 0.1557 0.8357
vn -0.5891 0.0000 -0.8081
f 3126/3126/3126 3127/3127/3127 3128/3128/3128 3129/3129/3129
v -0.7008 2.6853 1.3276
vt 0.2071 0.8357
vn -0.5891 0.0000 0.8081
v -0.7008 2.8796 1.3276
vt 0.2071 0.8699
vn -0.5891 0.0000 0.8081
v -0.7871 2.8376 1.2647
vt 0.2020 0.8665
vn -0.5891 0.0000 0.8081
v -0.7871 2.7272 1.2647
vt 0.2020 0.8390
vn -0.5891 0.0000 0.8081
f 3130/3130/3130 3131/3131/3131 3132/3132/3132 3133/3133/3133
v -0.7871 2.7272 1.2647
vt 0.2020 0.8547
vn -1.0000 0.0000 0.0000
v -0.7871 2.8376 1.2647
vt 0.2020 0.8822
vn -1.0000 0.0000 0.0000
v -0.7871 2.8376 1.0991
vt 0.1607 0.8822
vn -1.0000 0.0000 0.0000
v -0.7871 2.7272 1.0991
vt 0.1607 0.8547
vn -1.0000 0.0000 0.0000
f 3134/3134/3134 3135/3135/3135 3136/3136/3136 3137/3137/3137
v -0.7008 2.6853 1.0362
vt 0.1557 0.8200
vn -0.4371 -0.8994 0.0000
v -0.7008 2.6853 1.3276
vt 0.2071 0.8200
vn -0.4371 -0.8994 0.0000
v -0.7871 2.7272 1.2647
vt 0.2020 0.8234
vn -0.4371 -0.8994 0.0000
v -0.7871 2.7272 1.0991
vt 0.1607 0.8234
vn -0.4371 -0.8994 0.0000
f 3138/3138/3138 3139/3139/3139 3140/3140/3140 3141/3141/3141
v -0.7008 2.8796 1.3276
vt 0.2071 0.9012
vn -0.4371 0.8994 0.0000
v -0.7008 2.8796 1.0362
vt 0.1557 0.9012
vn -0.4371 0.8994 0.0000
v -0.7871 2.8376 1.0991
vt 0.1607 0.8978
vn -0.4371 0.8994 0.0000
v -0.7871 2.8376 1.2647
vt 0.2020 0.8978
vn -0.4371 0.8994 0.0000
f 3142/3142/3142 3143/3143/3143 3144/3144/3144 3145/3145/3145
v -0.7871 2.8672 0.9941
vt 0.1607 0.8390
vn -0.5891 0.0000 -0.8081
v -0.7871 2.9776 0.9941
vt 0.1607 0.8665
vn -0.5891 0.0000 -0.8081
v -0.7008 3.0196 0.9312
vt 0.1557 0.8699
vn -0.5891 0.0000 -0.8081
v -0.7008 2.8253 0.9312
vt 0.1557 0.8357
vn -0.5891 0.0000 -0.8081
f 3146/3146/3146 3147/3147/3147 3148/3148/3148 3149/3149/3149
v -0.7008 2.8253 1.2226
vt 0.2071 0.8357
vn -0.5891 0.0000 0.8081
v -0.7008 3.0196 1.2226
vt 0.2071 0.8699
vn -0.5891 0.0000 0.8081
v -0.7871 2.9776 1.1597
vt 0.2020 0.8665
vn -0.5891 0.0000 0.8081
v -0.7871 2.8672 1.1597
vt 0.2020 0.8390
vn -0.5891 0.0000 0.8081
f 3150/3150/3150 3151/3151/3151 3152/3152/3152 3153/3153/3153
v -0.7871 2.8672 1.1597
vt 0.2020 0.8547
vn -1.0000 0.0000 0.0000
v -0.7871 2.9776 1.1597
vt 0.2020 0.8822
vn -1.0000 0.0000 0.0000
v -0.7871 2.9776 0.9941
vt 0.1607 0.8822
vn -1.0000 0.0000 0.0000
v -0.7871 2.8672 0.9941
vt 0.1607 0.8547
vn -1.0000 0.0000 0.0000
f 3154/3154/3154 3155/3155/3155 3156/3156/3156 3157/3157/3157
v -0.7008 2.8253 0.9312
vt 0.1557 0.8200
vn -0.4371 -0.8994 0.0000
v -0.7008 2.8253 1.2226
vt 0.2071 0.8200
vn -0.4371 -0.8994 0.0000
v -0.7871 2.8672 1.1597
vt 0.2020 0.8234
vn -0.4371 -0.8994 0.0000
v -0.7871 2.8672 0.9941
vt 0.1607 0.8234
vn -0.4371 -0.8994 0.0000
f 3158/3158/3158 3159/3159/3159 3160/3160/3160 3161/3161/3161
v -0.7008 3.0196 1.2226
vt 0.2071 0.9012
vn -0.4371 0.8994 0.0000
v -0.7008 3.0196 0.9312
vt 0.1557 0.9012
vn -0.4371 0.8994 0.0000
v -0.7871 2.9776 0.9941
vt 0.1607 0.8978
vn -0.4371 0.8994 0.0000
v -0.7871 2.9776 1.1597
vt 0.2020 0.8978
vn -0.4371 0.8994 0.0000
f 3162/3162/3162 3163/3163/3163 3164/3164/3164 3165/3165/3165
v -0.7871 2.5872 0.9941
vt 0.1607 0.8390
vn -0.5891 0.0000 -0.8081
v -0.7871 2.6976 0.9941
vt 0.1607 0.8665
vn -0.5891 0.0000 -0.8081
v -0.7008 2.7396 0.9312
vt 0.1557 0.8699
vn -0.5891 0.0000 -0.8081
v -0.7008 2.5453 0.9312
vt 0.1557 0.8357
vn -0.5891 0.0000 -0.8081
f 3166/3166/3166 3167/3167/3167 3168/3168/3168 3169/3169/3169
v -0.7008 2.5453 1.2226
vt 0.2071 0.8357
vn -0.5891 0.0000 0.8081
v -0.7008 2.7396 1.2226
vt 0.2071 0.8699
vn -0.5891 0.0000 0.8081
v -0.7871 2.6976 1.1597
vt 0.2020 0.8665
vn -0.5891 0.0000 0.8081
v -0.7871 2.5872 1.1597
vt 0.2020 0.8390
vn -0.5891 0.0000 0.8081
f 3170/3170/3170 3171/3171/3171 3172/3172/3172 3173/3173/3173
v -0.7871 2.5872 1.1597
vt 0.2020 0.8547
vn -1.0000 0.0000 0.0000
v -0.7871 2.6976 1.1597
vt 0.2020 0.8822
vn -1.0000 0.0000 0.0000
v -0.7871 2.6976 0.9941
vt 0.1607 0.8822
vn -1.0000 0.0000 0.0000
v -0.7871 2.5872 0.9941
vt 0.1607 0.8547
vn -1.0000 0.0000 0.0000
f 3174/3174/3174 3175/3175/3175 3176/3176/3176 3177/3177/3177
v -0.7008 2.5453 0.9312
vt 0.1557 0.8200
vn -0.4371 -0.8994 0.0000
v -0.7008 2.5453 1.2226
vt 0.2071 0.8200
vn -0.4371 -0.8994 0.0000
v -0.7871 2.5872 1.1597
vt 0.2020 0.8234
vn -0.4371 -0.8994 0.0000
v -0.7871 2.5872 0.9941
vt 0.1607 0.8234
vn -0.4371 -0.8994 0.0000
f 3178/3178/3178 3179/3179/3179 3180/3180/3180 3181/3181/3181
v -0.7008 2.7396 1.2226
vt 0.2071 0.9012
vn -0.4371 0.8994 0.0000
v -0.7008 2.7396 0.9312
vt 0.1557 0.9012
vn -0.4371 0.8994 0.0000
v -0.7871 2.6976 0.9941
vt 0.1607 0.8978
vn -0.4371 0.8994 0.0000
v -0.7871 2.6976 1.1597
vt 0.2020 0.8978
vn -0.4371 0.8994 0.0000
f 3182/3182/3182 3183/3183/3183 3184/3184/3184 3185/3185/3185
v 0.7848 2.3745 1.1061
vt 0.1607 0.8390
vn 0.5891 0.0000 0.8081
v 0.7848 2.4849 1.1061
vt 0.1607 0.8665
vn 0.5891 0.0000 0.8081
v 0.6985 2.5268 1.1690
vt 0.1557 0.8699
vn 0.5891 0.0000 0.8081
v 0.6985 2.3325 1.1690
vt 0.1557 0.8357
vn 0.5891 0.0000 0.8081
f 3186/3186/3186 3187/3187/3187 3188/3188/3188 3189/3189/3189
v 0.6985 2.3325 0.8776
vt 0.2071 0.8357
vn 0.5891 0.0000 -0.8081
v 0.6985 2.5268 0.8776
vt 0.2071 0.8699
vn 0.5891 0.0000 -0.8081
v 0.7848 2.4849 0.9405
vt 0.2020 0.8665
vn 0.5891 0.0000 -0.8081
v 0.7848 2.3745 0.9405
vt 0.2020 0.8390
vn 0.5891 0.0000 -0.8081
f 3190/3190/3190 3191/3191/3191 3192/3192/3192 3193/3193/3193
v 0.7848 2.3745 0.9405
vt 0.2020 0.8547
vn 1.0000 -0.0000 -0.0000
v 0.7848 2.4849 0.9405
vt 0.2020 0.8822
vn 1.0000 -0.0000 -0.0000
v 0.7848 2.4849 1.1061
vt 0.1607 0.8822
vn 1.0000 -0.0000 -0.0000
v 0.7848 2.3745 1.1061
vt 0.1607 0.8547
vn 1.0000 -0.0000 -0.0000
f 3194/3194/3194 3195/3195/3195 3196/3196/3196 3197/3197/3197
v 0.6985 2.3325 1.1690
vt 0.1557 0.8200
vn 0.4371 -0.8994 0.0000
v 0.6985 2.3325 0.8776
vt 0.2071 0.8200
vn 0.4371 -0.8994 0.0000
v 0.7848 2.3745 0.9405
vt 0.2020 0.8234
vn 0.4371 -0.8994 0.0000
v 0.7848 2.3745 1.1061
vt 0.1607 0.8234
vn 0.4371 -0.8994 0.0000
f 3198/3198/3198 3199/3199/3199 3200/3200/3200 3201/3201/3201
v 0.6985 2.5268 0.8776
vt 0.2071 0.9012
vn 0.4371 0.8994 0.0000
v 0.6985 2.5268 1.1690
vt 0.1557 0.9012
vn 0.4371 0.8994 0.0000
v 0.7848 2.4849 1.1061
vt 0.1607 0.8978
vn 0.4371 0.8994 0.0000
v 0.7848 2.4849 0.9405
vt 0.2020 0.8978
vn 0.4371 0.8994 0.0000
f 3202/3202/3202 3203/3203/3203 3204/3204/3204 3205/3205/3205
v 0.7848 2.3745 0.8961
vt 0.1607 0.8390
vn 0.5891 0.0000 0.8081
v 0.7848 2.4849 0.8961
vt 0.1607 0.8665
vn 0.5891 0.0000 0.8081
v 0.6985 2.5268 0.9590
vt 0.1557 0.8699
vn 0.5891 0.0000 0.8081
v 0.6985 2.3325 0.9590
vt 0.1557 0.8357
vn 0.5891 0.0000 0.8081
f 3206/3206/3206 3207/3207/3207 3208/3208/3208 3209/3209/3209
v 0.6985 2.3325 0.6676
vt 0.2071 0.8357
vn 0.5891 0.0000 -0.8081
v 0.6985 2.5268 0.6676
vt 0.2071 0.8699
vn 0.5891 0.0000 -0.8081
v 0.7848 2.4849 0.7305
vt 0.2020 0.8665
vn 0.5891 0.0000 -0.8081
v 0.7848 2.3745 0.7305
vt 0.2020 0.8390
vn 0.5891 0.0000 -0.8081
f 3210/3210/3210 3211/3211/3211 3212/3212/3212 3213/3213/3213
v 0.7848 2.3745 0.7305
vt 0.2020 0.8547
vn 1.0000 -0.0000 -0.0000
v 0.7848 2.4849 0.7305
vt 0.2020 0.8822
vn 1.0000 -0.0000 -0.0000
v 0.7848 2.4849 0.8961
vt 0.1607 0.8822
vn 1.0000 -0.0000 -0.0000
v 0.7848 2.3745 0.8961
vt 0.1607 0.8547
vn 1.0000 -0.0000 -0.0000
f 3214/3214/3214 3215/3215/3215 3216/3216/3216 3217/3217/3217
v 0.6985 2.3325 0.9590
vt 0.1557 0.8200
vn 0.4371 -0.8994 0.0000
v 0.6985 2.3325 0.6676
vt 0.2071 0.8200
vn 0.4371 -0.8994 0.0000
v 0.7848 2.3745 0.7305
vt 0.2020 0.8234
vn 0.4371 -0.8994 0.0000
v 0.7848 2.3745 0.8961
vt 0.1607 0.8234
vn 0.4371 -0.8994 0.0000
f 3218/3218/3218 3219/3219/3219 3220/3220/3220 3221/3221/3221
v 0.6985 2.5268 0.6676
vt 0.2071 0.9012
vn 0.4371 0.8994 0.0000
v 0.6985 2.5268 0.9590
vt 0.1557 0.9012
vn 0.4371 0.8994 0.0000
v 0.7848 2.4849 0.8961
vt 0.1607 0.8978
vn 0.4371 0.8994 0.0000
v 0.7848 2.4849 0.7305
vt 0.2020 0.8978
vn 0.4371 0.8994 0.0000
f 3222/3222/3222 3223/3223/3223 3224/3224/3224 3225/3225/3225
v 0.7848 2.5145 1.0011
vt 0.1607 0.8390
vn 0.5891 0.0000 0.8081
v 0.7848 2.6249 1.0011
vt 0.1607 0.8665
vn 0.5891 0.0000 0.8081
v 0.6985 2.6668 1.0640
vt 0.1557 0.8699
vn 0.5891 0.0000 0.8081
v 0.6985 2.4725 1.0640
vt 0.1557 0.8357
vn 0.5891 0.0000 0.8081
f 3226/3226/3226 3227/3227/3227 3228/3228/3228 3229/3229/3229
v 0.6985 2.4725 0.7726
vt 0.2071 0.8357
vn 0.5891 0.0000 -0.8081
v 0.6985 2.6668 0.7726
vt 0.2071 0.8699
vn 0.5891 0.0000 -0.8081
v 0.7848 2.6249 0.8355
vt 0.2020 0.8665
vn 0.5891 0.0000 -0.8081
v 0.7848 2.5145 0.8355
vt 0.2020 0.8390
vn 0.5891 0.0000 -0.8081
f 3230/3230/3230 3231/3231/3231 3232/3232/3232 3233/3233/3233
v 0.7848 2.5145 0.8355
vt 0.2020 0.8547
vn 1.0000 -0.0000 -0.0000
v 0.7848 2.6249 0.8355
vt 0.2020 0.8822
vn 1.0000 -0.0000 -0.0000
v 0.7848 2.6249 1.0011
vt 0.1607 0.8822
vn 1.0000 -0.0000 -0.0000
v 0.7848 2.5145 1.0011
vt 0.1607 0.8547
vn 1.0000 -0.0000 -0.0000
f 3234/3234/3234 3235/3235/3235 3236/3236/3236 3237/3237/3237
v 0.6985 2.4725 1.0640
vt 0.1557 0.8200
vn 0.4371 -0.8994 0.0000
v 0.6985 2.4725 0.7726
vt 0.2071 0.8200
vn 0.4371 -0.8994 0.0000
v 0.7848 2.5145 0.8355
vt 0.2020 0.8234
vn 0.4371 -0.8994 0.0000
v 0.7848 2.5145 1.0011
vt 0.1607 0.8234
vn 0.4371 -0.8994 0.0000
f 3238/3238/3238 3239/3239/3239 3240/3240/3240 3241/3241/3241
v 0.6985 2.6668 0.7726
vt 0.2071 0.9012
vn 0.4371 0.8994 0.0000
v 0.6985 2.6668 1.0640
vt 0.1557 0.9012
vn 0.4371 0.8994 0.0000
v 0.7848 2.6249 1.0011
vt 0.1607 0.8978
vn 0.4371 0.8994 0.0000
v 0.7848 2.6249 0.8355
vt 0.2020 0.8978
vn 0.4371 0.8994 0.0000
f 3242/3242/3242 3243/3243/3243 3244/3244/3244 3245/3245/3245
v -0.4837 1.5559 -1.7625
vt 0.1607 0.8390
vn 0.8081 0.0000 -0.5891
v -0.4837 1.6663 -1.7625
vt 0.1607 0.8665
vn 0.8081 0.0000 -0.5891
v -0.4207 1.7082 -1.6762
vt 0.1557 0.8699
vn 0.8081 0.0000 -0.5891
v -0.4207 1.5139 -1.6762
vt 0.1557 0.8357
vn 0.8081 0.0000 -0.5891
f 3246/3246/3246 3247/3247/3247 3248/3248/3248 3249/3249/3249
v -0.7122 1.5139 -1.6762
vt 0.2071 0.8357
vn -0.8081 0.0000 -0.5891
v -0.7122 1.7082 -1.6762
vt 0.2071 0.8699
vn -0.8081 0.0000 -0.5891
v -0.6492 1.6663 -1.7625
vt 0.2020 0.8665
vn -0.8081 0.0000 -0.5891
v -0.6492 1.5559 -1.7625
vt 0.2020 0.8390
vn -0.8081 0.0000 -0.5891
f 3250/3250/3250 3251/3251/3251 3252/3252/3252 3253/3253/3253
v -0.6492 1.5559 -1.7625
vt 0.2020 0.8547
vn -0.0000 0.0000 -1.0000
v -0.6492 1.6663 -1.7625
vt 0.2020 0.8822
vn -0.0000 0.0000 -1.0000
v -0.4837 1.6663 -1.7625
vt 0.1607 0.8822
vn -0.0000 0.0000 -1.0000
v -0.4837 1.5559 -1.7625
vt 0.1607 0.8547
vn -0.0000 0.0000 -1.0000
f 3254/3254/3254 3255/3255/3255 3256/3256/3256 3257/3257/3257
v -0.4207 1.5139 -1.6762
vt 0.1557 0.8200
vn -0.0000 -0.8994 -0.4371
v -0.7122 1.5139 -1.6762
vt 0.2071 0.8200
vn -0.0000 -0.8994 -0.4371
v -0.6492 1.5559 -1.7625
vt 0.2020 0.8234
vn -0.0000 -0.8994 -0.4371
v -0.4837 1.5559 -1.7625
vt 0.1607 0.8234
vn -0.0000 -0.8994 -0.4371
f 3258/3258/3258 3259/3259/3259 3260/3260/3260 3261/3261/3261
v -0.7122 1.7082 -1.6762
vt 0.2071 0.9012
vn -0.0000 0.8994 -0.4371
v -0.4207 1.7082 -1.6762
vt 0.1557 0.9012
vn -0.0000 0.8994 -0.4371
v -0.4837 1.6663 -1.7625
vt 0.1607 0.8978
vn -0.0000 0.8994 -0.4371
v -0.6492 1.6663 -1.7625
vt 0.2020 0.8978
vn -0.0000 0.8994 -0.4371
f 3262/3262/3262 3263/3263/3263 3264/3264/3264 3265/3265/3265
v -0.6937 1.5559 -1.7625
vt 0.1607 0.8390
vn 0.8081 0.0000 -0.5891
v -0.6937 1.6663 -1.7625
vt 0.1607 0.8665
vn 0.8081 0.0000 -0.5891
v -0.6307 1.7082 -1.6762
vt 0.1557 0.8699
vn 0.8081 0.0000 -0.5891
v -0.6307 1.5139 -1.6762
vt 0.1557 0.8357
vn 0.8081 0.0000 -0.5891
f 3266/3266/3266 3267/3267/3267 3268/3268/3268 3269/3269/3269
v -0.9222 1.5139 -1.6762
vt 0.2071 0.8357
vn -0.8081 0.0000 -0.5891
v -0.9222 1.7082 -1.6762
vt 0.2071 0.8699
vn -0.8081 0.0000 -0.5891
v -0.8592 1.6663 -1.7625
vt 0.2020 0.8665
vn -0.8081 0.0000 -0.5891
v -0.8592 1.5559 -1.7625
vt 0.2020 0.8390
vn -0.8081 0.0000 -0.5891
f 3270/3270/3270 3271/3271/3271 3272/3272/3272 3273/3273/3273
v -0.8592 1.5559 -1.7625
vt 0.2020 0.8547
vn -0.0000 0.0000 -1.0000
v -0.8592 1.6663 -1.7625
vt 0.2020 0.8822
vn -0.0000 0.0000 -1.0000
v -0.6937 1.6663 -1.7625
vt 0.1607 0.8822
vn -0.0000 0.0000 -1.0000
v -0.6937 1.5559 -1.7625
vt 0.1607 0.8547
vn -0.0000 0.0000 -1.0000
f 3274/3274/3274 3275/3275/3275 3276/3276/3276 3277/3277/3277
v -0.6307 1.5139 -1.6762
vt 0.1557 0.8200
vn -0.0000 -0.8994 -0.4371
v -0.9222 1.5139 -1.6762
vt 0.2071 0.8200
vn -0.0000 -0.8994 -0.4371
v -0.8592 1.5559 -1.7625
vt 0.2020 0.8234
vn -0.0000 -0.8994 -0.4371
v -0.6937 1.5559 -1.7625
vt 0.1607 0.8234
vn -0.0000 -0.8994 -0.4371
f 3278/3278/3278 3279/3279/3279 3280/3280/3280 3281/3281/3281
v -0.9222 1.7082 -1.6762
vt 0.2071 0.9012
vn -0.0000 0.8994 -0.4371
v -0.6307 1.7082 -1.6762
vt 0.1557 0.9012
vn -0.0000 0.8994 -0.4371
v -0.6937 1.6663 -1.7625
vt 0.1607 0.8978
vn -0.0000 0.8994 -0.4371
v -0.8592 1.6663 -1.7625
vt 0.2020 0.8978
vn -0.0000 0.8994 -0.4371
f 3282/3282/3282 3283/3283/3283 3284/3284/3284 3285/3285/3285
v -0.5887 1.6959 -1.7625
vt 0.1607 0.8390
vn 0.8081 0.0000 -0.5891
v -0.5887 1.8063 -1.7625
vt 0.1607 0.8665
vn 0.8081 0.0000 -0.5891
v -0.5257 1.8482 -1.6762
vt 0.1557 0.8699
vn 0.8081 0.0000 -0.5891
v -0.5257 1.6539 -1.6762
vt 0.1557 0.8357
vn 0.8081 0.0000 -0.5891
f 3286/3286/3286 3287/3287/3287 3288/3288/3288 3289/3289/3289
v -0.8172 1.6539 -1.6762
vt 0.2071 0.8357
vn -0.8081 0.0000 -0.5891
v -0.8172 1.8482 -1.6762
vt 0.2071 0.8699
vn -0.8081 0.0000 -0.5891
v -0.7542 1.8063 -1.7625
vt 0.2020 0.8665
vn -0.8081 0.0000 -0.5891
v -0.7542 1.6959 -1.7625
vt 0.2020 0.8390
vn -0.8081 0.0000 -0.5891
f 3290/3290/3290 3291/3291/3291 3292/3292/3292 3293/3293/3293
v -0.7542 1.6959 -1.7625
vt 0.2020 0.8547
vn -0.0000 0.0000 -1.0000
v -0.7542 1.8063 -1.7625
vt 0.2020 0.8822
vn -0.0000 0.0000 -1.0000
v -0.5887 1.8063 -1.7625
vt 0.1607 0.8822
vn -0.0000 0.0000 -1.0000
v -0.5887 1.6959 -1.7625
vt 0.1607 0.8547
vn -0.0000 0.0000 -1.0000
f 3294/3294/3294 3295/3295/3295 3296/3296/3296 3297/3297/3297
v -0.5257 1.6539 -1.6762
vt 0.1557 0.8200
vn -0.0000 -0.8994 -0.4371
v -0.8172 1.6539 -1.6762
vt 0.2071 0.8200
vn -0.0000 -0.8994 -0.4371
v -0.7542 1.6959 -1.7625
vt 0.2020 0.8234
vn -0.0000 -0.8994 -0.4371
v -0.5887 1.6959 -1.7625
vt 0.1607 0.8234
vn -0.0000 -0.8994 -0.4371
f 3298/3298/3298 3299/3299/3299 3300/3300/3300 3301/3301/3301
v -0.8172 1.8482 -1.6762
vt 0.2071 0.9012
vn -0.0000 0.8994 -0.4371
v -0.5257 1.8482 -1.6762
vt 0.1557 0.9012
vn -0.0000 0.8994 -0.4371
v -0.5887 1.8063 -1.7625
vt 0.1607 0.8978
vn -0.0000 0.8994 -0.4371
v -0.7542 1.8063 -1.7625
vt 0.2020 0.8978
vn -0.0000 0.8994 -0.4371
f 3302/3302/3302 3303/3303/3303 3304/3304/3304 3305/3305/3305
v 0.5045 1.9084 -1.7625
vt 0.1607 0.8390
vn 0.8081 0.0000 -0.5891
v 0.5045 2.0188 -1.7625
vt 0.1607 0.8665
vn 0.8081 0.0000 -0.5891
v 0.5674 2.0608 -1.6762
vt 0.1557 0.8699
vn 0.8081 0.0000 -0.5891
v 0.5674 1.8665 -1.6762
vt 0.1557 0.8357
vn 0.8081 0.0000 -0.5891
f 3306/3306/3306 3307/3307/3307 3308/3308/3308 3309/3309/3309
v 0.2760 1.8665 -1.6762
vt 0.2071 0.8357
vn -0.8081 0.0000 -0.5891
v 0.2760 2.0608 -1.6762
vt 0.2071 0.8699
vn -0.8081 0.0000 -0.5891
v 0.3389 2.0188 -1.7625
vt 0.2020 0.8665
vn -0.8081 0.0000 -0.5891
v 0.3389 1.9084 -1.7625
vt 0.2020 0.8390
vn -0.8081 0.0000 -0.5891
f 3310/3310/3310 3311/3311/3311 3312/3312/3312 3313/3313/3313
v 0.3389 1.9084 -1.7625
vt 0.2020 0.8547
vn -0.0000 0.0000 -1.0000
v 0.3389 2.0188 -1.7625
vt 0.2020 0.8822
vn -0.0000 0.0000 -1.0000
v 0.5045 2.0188 -1.7625
vt 0.1607 0.8822
vn -0.0000 0.0000 -1.0000
v 0.5045 1.9084 -1.7625
vt 0.1607 0.8547
vn -0.0000 0.0000 -1.0000
f 3314/3314/3314 3315/3315/3315 3316/3316/3316 3317/3317/3317
v 0.5674 1.8665 -1.6762
vt 0.1557 0.8200
vn -0.0000 -0.8994 -0.4371
v 0.2760 1.8665 -1.6762
vt 0.2071 0.8200
vn -0.0000 -0.8994 -0.4371
v 0.3389 1.9084 -1.7625
vt 0.2020 0.8234
vn -0.0000 -0.8994 -0.4371
v 0.5045 1.9084 -1.7625
vt 0.1607 0.8234
vn -0.0000 -0.8994 -0.4371
f 3318/3318/3318 3319/3319/3319 3320/3320/3320 3321/3321/3321
v 0.2760 2.0608 -1.6762
vt 0.2071 0.9012
vn -0.0000 0.8994 -0.4371
v 0.5674 2.0608 -1.6762
vt 0.1557 0.9012
vn -0.0000 0.8994 -0.4371
v 0.5045 2.0188 -1.7625
vt 0.1607 0.8978
vn -0.0000 0.8994 -0.4371
v 0.3389 2.0188 -1.7625
vt 0.2020 0.8978
vn -0.0000 0.8994 -0.4371
f 3322/3322/3322 3323/3323/3323 3324/3324/3324 3325/3325/3325
v 0.3995 2.0484 -1.7625
vt 0.1607 0.8390
vn 0.8081 0.0000 -0.5891
v 0.3995 2.1588 -1.7625
vt 0.1607 0.8665
vn 0.8081 0.0000 -0.5891
v 0.4624 2.2008 -1.6762
vt 0.1557 0.8699
vn 0.8081 0.0000 -0.5891
v 0.4624 2.0065 -1.6762
vt 0.1557 0.8357
vn 0.8081 0.0000 -0.5891
f 3326/3326/3326 3327/3327/3327 3328/3328/3328 3329/3329/3329
v 0.1710 2.0065 -1.6762
vt 0.2071 0.8357
vn -0.8081 0.0000 -0.5891
v 0.1710 2.2008 -1.6762
vt 0.2071 0.8699
vn -0.8081 0.0000 -0.5891
v 0.2339 2.1588 -1.7625
vt 0.2020 0.8665
vn -0.8081 0.0000 -0.5891
v 0.2339 2.0484 -1.7625
vt 0.2020 0.8390
vn -0.8081 0.0000 -0.5891
f 3330/3330/3330 3331/3331/3331 3332/3332/3332 3333/3333/3333
v 0.2339 2.0484 -1.7625
vt 0.2020 0.8547
vn -0.0000 0.0000 -1.0000
v 0.2339 2.1588 -1.7625
vt 0.2020 0.8822
vn -0.0000 0.0000 -1.0000
v 0.3995 2.1588 -1.7625
vt 0.1607 0.8822
vn -0.0000 0.0000 -1.0000
v 0.3995 2.0484 -1.7625
vt 0.1607 0.8547
vn -0.0000 0.0000 -1.0000
f 3334/3334/3334 3335/3335/3335 3336/3336/3336 3337/3337/3337
v 0.4624 2.0065 -1.6762
vt 0.1557 0.8200
vn -0.0000 -0.8994 -0.4371
v 0.1710 2.0065 -1.6762
vt 0.2071 0.8200
vn -0.0000 -0.8994 -0.4371
v 0.2339 2.0484 -1.7625
vt 0.2020 0.8234
vn -0.0000 -0.8994 -0.4371
v 0.3995 2.0484 -1.7625
vt 0.1607 0.8234
vn -0.0000 -0.8994 -0.4371
f 3338/3338/3338 3339/3339/3339 3340/3340/3340 3341/3341/3341
v 0.1710 2.2008 -1.6762
vt 0.2071 0.9012
vn -0.0000 0.8994 -0.4371
v 0.4624 2.2008 -1.6762
vt 0.1557 0.9012
vn -0.0000 0.8994 -0.4371
v 0.3995 2.1588 -1.7625
vt 0.1607 0.8978
vn -0.0000 0.8994 -0.4371
v 0.2339 2.1588 -1.7625
vt 0.2020 0.8978
vn -0.0000 0.8994 -0.4371
f 3342/3342/3342 3343/3343/3343 3344/3344/3344 3345/3345/3345
v -1.5592 1.4297 -0.9800
vt 0.1769 0.0620
vn -0.7071 0.7071 0.0000
v 0.0000 2.9889 -0.9800
vt 0.1769 0.1255
vn -0.7071 0.7071 0.0000
v 0.0000 2.9889 -1.2250
vt 0.1733 0.1255
vn -0.7071 0.7071 0.0000
v -1.6285 1.3604 -1.2250
vt 0.1733 0.0620
vn -0.7071 0.7071 0.0000
f 3346/3346/3346 3347/3347/3347 3348/3348/3348 3349/3349/3349
v -1.6285 1.3604 -1.2250
vt 0.1733 0.1089
vn -0.7071 0.7071 0.0000
v 0.0000 2.9889 -1.2250
vt 0.1733 0.1723
vn -0.7071 0.7071 0.0000
v 0.0000 2.9889 -1.4700
vt 0.1698 0.1723
vn -0.7071 0.7071 0.0000
v -1.5592 1.4297 -1.4700
vt 0.1698 0.1089
vn -0.7071 0.7071 0.0000
f 3350/3350/3350 3351/3351/3351 3352/3352/3352 3353/3353/3353
v -1.5592 1.2565 -1.4700
vt 0.1698 0.0777
vn -0.7036 -0.7036 0.0995
v -1.5418 1.2738 -1.2250
vt 0.1733 0.0777
vn -0.7036 -0.7036 0.0995
v -1.6285 1.3604 -1.2250
vt 0.1733 0.0777
vn -0.7036 -0.7036 0.0995
v -1.6458 1.3431 -1.4700
vt 0.1698 0.0777
vn -0.7036 -0.7036 0.0995
f 3354/3354/3354 3355/3355/3355 3356/3356/3356 3357/3357/3357
v -1.5418 1.2738 -1.2250
vt 0.1733 0.0308
vn -0.7036 -0.7036 0.0995
v -1.5245 1.2911 -0.9800
vt 0.1769 0.0308
vn -0.7036 -0.7036 0.0995
v -1.6111 1.3778 -0.9800
vt 0.1769 0.0308
vn -0.7036 -0.7036 0.0995
v -1.6285 1.3604 -1.2250
vt 0.1733 0.0308
vn -0.7036 -0.7036 0.0995
f 3358/3358/3358 3359/3359/3359 3360/3360/3360 3361/3361/3361
v -1.6285 1.3604 -1.2250
vt 0.1733 0.1089
vn -0.7071 0.7071 0.0000
v -1.5592 1.4297 -1.4700
vt 0.1698 0.1089
vn -0.7071 0.7071 0.0000
v -1.6458 1.3431 -1.4700
vt 0.1698 0.1089
vn -0.7071 0.7071 0.0000
f 3362/3362/3362 3363/3363/3363 3364/3364/3364
v -1.5592 1.4297 -0.9800
vt 0.1769 0.0620
vn -0.7071 0.7071 0.0000
v -1.6285 1.3604 -1.2250
vt 0.1733 0.0620
vn -0.7071 0.7071 0.0000
v -1.6111 1.3778 -0.9800
vt 0.1769 0.0620
vn -0.7071 0.7071 0.0000
f 3365/3365/3365 3366/3366/3366 3367/3367/3367
