# The Giants of Holst prop, from CC0 kits by KayKit (Kay Lousberg) and Kenney
v -0.1897 0.3401 -0.1950
vt 0.4617 0.6453
vn 0.1320 0.9912 -0.0025
v -0.0407 0.3155 -0.2037
vt 0.4624 0.6420
vn 0.1578 0.9834 0.0890
v -0.0407 0.3387 -0.2817
vt 0.4804 0.6418
vn 0.0855 0.9876 0.1313
v -0.1897 0.3387 -0.2817
vt 0.4804 0.6418
vn 0.0710 0.9974 0.0109
f 1/1/1 2/2/2 3/3/3 4/4/4
v -0.1897 0.2172 0.2972
vt 0.3906 0.6418
vn 0.0606 0.9581 0.2801
v -0.0407 0.2172 0.2972
vt 0.3906 0.6418
vn 0.0246 0.9755 0.2185
v -0.0407 0.2415 0.1719
vt 0.4086 0.6418
vn 0.0679 0.9489 0.3081
v -0.1897 0.2487 0.1730
vt 0.4086 0.6428
vn 0.0965 0.9323 0.3485
f 5/5/5 6/6/6 7/7/7 8/8/8
v -0.1897 0.2487 0.1730
vt 0.4086 0.6428
vn 0.0965 0.9323 0.3485
v -0.0407 0.2415 0.1719
vt 0.4086 0.6418
vn 0.0679 0.9489 0.3081
v -0.0407 0.2841 0.0497
vt 0.4265 0.6420
vn 0.1769 0.9382 0.2974
v -0.1897 0.3087 0.0584
vt 0.4258 0.6453
vn 0.1690 0.9249 0.3405
f 9/9/9 10/10/10 11/11/11 12/12/12
v -0.1897 0.3087 0.0584
vt 0.4258 0.6453
vn 0.1690 0.9249 0.3405
v -0.0407 0.2841 0.0497
vt 0.4265 0.6420
vn 0.1769 0.9382 0.2974
v -0.0407 0.2991 -0.0756
vt 0.4442 0.6431
vn 0.2356 0.9646 0.1185
v -0.1897 0.3443 -0.0596
vt 0.4430 0.6492
vn 0.1983 0.9722 0.1243
f 13/13/13 14/14/14 15/15/15 16/16/16
v -0.1897 0.3443 -0.0596
vt 0.4430 0.6492
vn 0.1983 0.9722 0.1243
v -0.0407 0.2991 -0.0756
vt 0.4442 0.6431
vn 0.2356 0.9646 0.1185
v -0.0407 0.3155 -0.2037
vt 0.4624 0.6420
vn 0.1578 0.9834 0.0890
v -0.1897 0.3401 -0.1950
vt 0.4617 0.6453
vn 0.1320 0.9912 -0.0025
f 17/17/17 18/18/18 19/19/19 20/20/20
v -0.6137 0.2991 -0.0756
vt 0.4442 0.6431
vn -0.2787 0.9432 0.1811
v -0.4877 0.3443 -0.0596
vt 0.4430 0.6492
vn -0.2334 0.9569 0.1730
v -0.4877 0.3401 -0.1950
vt 0.4617 0.6453
vn -0.1464 0.9892 -0.0028
v -0.6137 0.3155 -0.2037
vt 0.4624 0.6420
vn -0.1850 0.9787 0.0889
f 21/21/21 22/22/22 23/23/23 24/24/24
v -0.4877 0.3443 -0.0596
vt 0.4430 0.6492
vn -0.2334 0.9569 0.1730
v -0.3387 0.3732 -0.0493
vt 0.4422 0.6999
vn -0.0142 0.9882 0.1528
v -0.3387 0.3573 -0.1889
vt 0.4613 0.6476
vn -0.0000 0.9959 -0.0908
v -0.4877 0.3401 -0.1950
vt 0.4617 0.6453
vn -0.1464 0.9892 -0.0028
f 25/25/25 26/26/26 27/27/27 28/28/28
v -0.3387 0.3732 -0.0493
vt 0.4422 0.6999
vn -0.0142 0.9882 0.1528
v -0.1897 0.3443 -0.0596
vt 0.4430 0.6492
vn 0.1983 0.9722 0.1243
v -0.1897 0.3401 -0.1950
vt 0.4617 0.6453
vn 0.1320 0.9912 -0.0025
v -0.3387 0.3573 -0.1889
vt 0.4613 0.6476
vn -0.0000 0.9959 -0.0908
f 29/29/29 30/30/30 31/31/31 32/32/32
v -0.6137 0.2668 0.0469
vt 0.4265 0.6420
vn -0.2083 0.9318 0.2973
v -0.4877 0.2915 0.0557
vt 0.4258 0.6453
vn -0.2119 0.9172 0.3375
v -0.4877 0.3443 -0.0596
vt 0.4430 0.6492
vn -0.2334 0.9569 0.1730
v -0.6137 0.2991 -0.0756
vt 0.4442 0.6431
vn -0.2787 0.9432 0.1811
f 33/33/33 34/34/34 35/35/35 36/36/36
v -0.4877 0.2915 0.0557
vt 0.4258 0.6453
vn -0.2119 0.9172 0.3375
v -0.3387 0.3278 0.0648
vt 0.4254 0.6479
vn -0.0277 0.9220 0.3862
v -0.3387 0.3732 -0.0493
vt 0.4422 0.6999
vn -0.0142 0.9882 0.1528
v -0.4877 0.3443 -0.0596
vt 0.4430 0.6492
vn -0.2334 0.9569 0.1730
f 37/37/37 38/38/38 39/39/39 40/40/40
v -0.3387 0.3278 0.0648
vt 0.4254 0.6479
vn -0.0277 0.9220 0.3862
v -0.1897 0.3087 0.0584
vt 0.4258 0.6453
vn 0.1690 0.9249 0.3405
v -0.1897 0.3443 -0.0596
vt 0.4430 0.6492
vn 0.1983 0.9722 0.1243
v -0.3387 0.3732 -0.0493
vt 0.4422 0.6999
vn -0.0142 0.9882 0.1528
f 41/41/41 42/42/42 43/43/43 44/44/44
v -0.6137 0.2415 0.1719
vt 0.4086 0.6418
vn -0.0802 0.9665 0.2437
v -0.4877 0.2487 0.1730
vt 0.4086 0.6428
vn -0.1168 0.9466 0.3006
v -0.4877 0.2915 0.0557
vt 0.4258 0.6453
vn -0.2119 0.9172 0.3375
v -0.6137 0.2668 0.0469
vt 0.4265 0.6420
vn -0.2083 0.9318 0.2973
f 45/45/45 46/46/46 47/47/47 48/48/48
v -0.4877 0.2487 0.1730
vt 0.4086 0.6428
vn -0.1168 0.9466 0.3006
v -0.3387 0.2761 0.1774
vt 0.4086 0.6463
vn -0.0147 0.9259 0.3775
v -0.3387 0.3278 0.0648
vt 0.4254 0.6479
vn -0.0277 0.9220 0.3862
v -0.4877 0.2915 0.0557
vt 0.4258 0.6453
vn -0.2119 0.9172 0.3375
f 49/49/49 50/50/50 51/51/51 52/52/52
v -0.3387 0.2761 0.1774
vt 0.4086 0.6463
vn -0.0147 0.9259 0.3775
v -0.1897 0.2487 0.1730
vt 0.4086 0.6428
vn 0.0965 0.9323 0.3485
v -0.1897 0.3087 0.0584
vt 0.4258 0.6453
vn 0.1690 0.9249 0.3405
v -0.3387 0.3278 0.0648
vt 0.4254 0.6479
vn -0.0277 0.9220 0.3862
f 53/53/53 54/54/54 55/55/55 56/56/56
v -0.6137 0.2172 0.2972
vt 0.3906 0.6418
vn -0.0291 0.9754 0.2185
v -0.4877 0.2172 0.2972
vt 0.3906 0.6418
vn -0.0629 0.9579 0.2800
v -0.4877 0.2487 0.1730
vt 0.4086 0.6428
vn -0.1168 0.9466 0.3006
v -0.6137 0.2415 0.1719
vt 0.4086 0.6418
vn -0.0802 0.9665 0.2437
f 57/57/57 58/58/58 59/59/59 60/60/60
v -0.4877 0.2172 0.2972
vt 0.3906 0.6418
vn -0.0629 0.9579 0.2800
v -0.3387 0.2188 0.2974
vt 0.3906 0.6421
vn 0.0000 0.9398 0.3417
v -0.3387 0.2761 0.1774
vt 0.4086 0.6463
vn -0.0147 0.9259 0.3775
v -0.4877 0.2487 0.1730
vt 0.4086 0.6428
vn -0.1168 0.9466 0.3006
f 61/61/61 62/62/62 63/63/63 64/64/64
v -0.3387 0.2188 0.2974
vt 0.3906 0.6421
vn 0.0000 0.9398 0.3417
v -0.1897 0.2172 0.2972
vt 0.3906 0.6418
vn 0.0606 0.9581 0.2801
v -0.1897 0.2487 0.1730
vt 0.4086 0.6428
vn 0.0965 0.9323 0.3485
v -0.3387 0.2761 0.1774
vt 0.4086 0.6463
vn -0.0147 0.9259 0.3775
f 65/65/65 66/66/66 67/67/67 68/68/68
v -0.6137 0.3155 -0.2037
vt 0.4624 0.6420
vn -0.1850 0.9787 0.0889
v -0.4877 0.3401 -0.1950
vt 0.4617 0.6453
vn -0.1464 0.9892 -0.0028
v -0.4877 0.3387 -0.2817
vt 0.4804 0.6418
vn -0.0788 0.9968 0.0108
v -0.6137 0.3387 -0.2817
vt 0.4804 0.6418
vn -0.1008 0.9862 0.1312
f 69/69/69 70/70/70 71/71/71 72/72/72
v -0.4877 0.3401 -0.1950
vt 0.4617 0.6453
vn -0.1464 0.9892 -0.0028
v -0.3387 0.3573 -0.1889
vt 0.4613 0.6476
vn -0.0000 0.9959 -0.0908
v -0.3387 0.3388 -0.2816
vt 0.4804 0.6419
vn -0.0000 0.9939 -0.1099
v -0.4877 0.3387 -0.2817
vt 0.4804 0.6418
vn -0.0788 0.9968 0.0108
f 73/73/73 74/74/74 75/75/75 76/76/76
v -0.3387 0.3573 -0.1889
vt 0.4613 0.6476
vn -0.0000 0.9959 -0.0908
v -0.1897 0.3401 -0.1950
vt 0.4617 0.6453
vn 0.1320 0.9912 -0.0025
v -0.1897 0.3387 -0.2817
vt 0.4804 0.6418
vn 0.0710 0.9974 0.0109
v -0.3387 0.3388 -0.2816
vt 0.4804 0.6419
vn -0.0000 0.9939 -0.1099
f 77/77/77 78/78/78 79/79/79 80/80/80
v -0.2410 0.2695 0.1363
vt 0.4217 0.6295
vn 0.9172 -0.3970 0.0333
v -0.2424 0.3021 0.1713
vt 0.4306 0.6326
vn 0.9010 -0.0247 0.4331
v -0.2639 0.2526 0.1747
vt 0.4183 0.6326
vn 0.6548 -0.5903 0.4721
f 81/81/81 82/82/82 83/83/83
v -0.2673 0.3353 0.1950
vt 0.4368 0.6411
vn 0.6157 0.3550 0.7035
v -0.2424 0.3021 0.1713
vt 0.4306 0.6326
vn 0.9010 -0.0247 0.4331
v -0.2509 0.3524 0.1534
vt 0.4395 0.6394
vn 0.8031 0.5503 0.2287
f 84/84/84 85/85/85 86/86/86
v -0.2410 0.2695 0.1363
vt 0.4217 0.6295
vn 0.9172 -0.3970 0.0333
v -0.2639 0.2526 0.1747
vt 0.4183 0.6326
vn 0.6548 -0.5903 0.4721
v -0.2703 0.2336 0.1245
vt 0.4107 0.6326
vn 0.5819 -0.8068 -0.1022
f 87/87/87 88/88/88 89/89/89
v -0.2410 0.2695 0.1363
vt 0.4217 0.6295
vn 0.9172 -0.3970 0.0333
v -0.2703 0.2336 0.1245
vt 0.4107 0.6326
vn 0.5819 -0.8068 -0.1022
v -0.2527 0.2714 0.0900
vt 0.4183 0.6326
vn 0.7831 -0.3751 -0.4960
f 90/90/90 91/91/91 92/92/92
v -0.2410 0.2695 0.1363
vt 0.4217 0.6295
vn 0.9172 -0.3970 0.0333
v -0.2527 0.2714 0.0900
vt 0.4183 0.6326
vn 0.7831 -0.3751 -0.4960
v -0.2354 0.3137 0.1190
vt 0.4306 0.6326
vn 0.9803 0.1083 -0.1652
f 93/93/93 94/94/94 95/95/95
v -0.2673 0.3353 0.1950
vt 0.4368 0.6411
vn 0.6157 0.3550 0.7035
v -0.2509 0.3524 0.1534
vt 0.4395 0.6394
vn 0.8031 0.5503 0.2287
v -0.2933 0.3727 0.1803
vt 0.4416 0.6504
vn 0.3191 0.7821 0.5353
f 96/96/96 97/97/97 98/98/98
v -0.3040 0.2511 0.2008
vt 0.4159 0.6411
vn 0.1968 -0.6072 0.7698
v -0.2794 0.2913 0.2092
vt 0.4272 0.6394
vn 0.4776 -0.1483 0.8660
v -0.3324 0.2854 0.2181
vt 0.4217 0.6504
vn -0.1283 -0.2152 0.9681
f 99/99/99 100/100/100 101/101/101
v -0.3148 0.2189 0.1153
vt 0.4030 0.6411
vn 0.0728 -0.9756 -0.2072
v -0.3073 0.2228 0.1624
vt 0.4073 0.6394
vn 0.1585 -0.9303 0.3307
v -0.3561 0.2242 0.1389
vt 0.4018 0.6504
vn -0.3984 -0.9151 0.0630
f 102/102/102 103/103/103 104/104/104
v -0.2849 0.2831 0.0567
vt 0.4159 0.6411
vn 0.4151 -0.2411 -0.8773
v -0.2961 0.2417 0.0777
vt 0.4073 0.6394
vn 0.2868 -0.7152 -0.6374
v -0.3315 0.2736 0.0521
vt 0.4094 0.6504
vn -0.1179 -0.3504 -0.9292
f 105/105/105 106/106/106 107/107/107
v -0.2555 0.3551 0.1059
vt 0.4368 0.6411
vn 0.7506 0.5812 -0.3144
v -0.2613 0.3217 0.0721
vt 0.4272 0.6394
vn 0.6852 0.1999 -0.7004
v -0.2927 0.3654 0.0777
vt 0.4340 0.6504
vn 0.3255 0.6985 -0.6373
f 108/108/108 109/109/109 110/110/110
v -0.2673 0.3353 0.1950
vt 0.4368 0.6411
vn 0.6157 0.3550 0.7035
v -0.2933 0.3727 0.1803
vt 0.4416 0.6504
vn 0.3191 0.7821 0.5353
v -0.3109 0.3349 0.2147
vt 0.4340 0.6504
vn 0.1179 0.3504 0.9292
f 111/111/111 112/112/112 113/113/113
v -0.3040 0.2511 0.2008
vt 0.4159 0.6411
vn 0.1968 -0.6072 0.7698
v -0.3324 0.2854 0.2181
vt 0.4217 0.6504
vn -0.1283 -0.2152 0.9681
v -0.3497 0.2431 0.1892
vt 0.4094 0.6504
vn -0.3255 -0.6985 0.6373
f 114/114/114 115/115/115 116/116/116
v -0.3148 0.2189 0.1153
vt 0.4030 0.6411
vn 0.0728 -0.9756 -0.2072
v -0.3561 0.2242 0.1389
vt 0.4018 0.6504
vn -0.3984 -0.9151 0.0630
v -0.3491 0.2358 0.0866
vt 0.4018 0.6504
vn -0.3191 -0.7821 -0.5353
f 117/117/117 118/118/118 119/119/119
v -0.2849 0.2831 0.0567
vt 0.4159 0.6411
vn 0.4151 -0.2411 -0.8773
v -0.3315 0.2736 0.0521
vt 0.4094 0.6504
vn -0.1179 -0.3504 -0.9292
v -0.3100 0.3231 0.0487
vt 0.4217 0.6504
vn 0.1283 0.2152 -0.9681
f 120/120/120 121/121/121 122/122/122
v -0.2555 0.3551 0.1059
vt 0.4368 0.6411
vn 0.7506 0.5812 -0.3144
v -0.2927 0.3654 0.0777
vt 0.4340 0.6504
vn 0.3255 0.6985 -0.6373
v -0.2863 0.3843 0.1279
vt 0.4416 0.6504
vn 0.3984 0.9151 -0.0630
f 123/123/123 124/124/124 125/125/125
v -0.3575 0.3253 0.2102
vt 0.4275 0.6598
vn -0.4151 0.2411 0.8773
v -0.3463 0.3668 0.1892
vt 0.4361 0.6614
vn -0.2868 0.7152 0.6374
v -0.3897 0.3371 0.1768
vt 0.4251 0.6682
vn -0.7831 0.3751 0.4960
f 126/126/126 127/127/127 128/128/128
v -0.3869 0.2534 0.1609
vt 0.4065 0.6598
vn -0.7506 -0.5812 0.3144
v -0.3812 0.2868 0.1947
vt 0.4162 0.6614
vn -0.6852 -0.1999 0.7004
v -0.4070 0.2948 0.1479
vt 0.4128 0.6682
vn -0.9803 -0.1083 0.1652
f 129/129/129 130/130/130 131/131/131
v -0.3751 0.2732 0.0719
vt 0.4065 0.6598
vn -0.6157 -0.3550 -0.7035
v -0.3915 0.2561 0.1134
vt 0.4039 0.6614
vn -0.8031 -0.5503 -0.2287
v -0.4000 0.3064 0.0955
vt 0.4128 0.6682
vn -0.9010 0.0247 -0.4331
f 132/132/132 133/133/133 134/134/134
v -0.3384 0.3574 0.0661
vt 0.4275 0.6598
vn -0.1968 0.6072 -0.7698
v -0.3630 0.3172 0.0577
vt 0.4162 0.6614
vn -0.4776 0.1483 -0.8660
v -0.3785 0.3559 0.0921
vt 0.4251 0.6682
vn -0.6548 0.5903 -0.4721
f 135/135/135 136/136/136 137/137/137
v -0.3276 0.3896 0.1516
vt 0.4404 0.6598
vn -0.0728 0.9756 0.2072
v -0.3351 0.3856 0.1045
vt 0.4361 0.6614
vn -0.1585 0.9303 -0.3307
v -0.3721 0.3748 0.1424
vt 0.4327 0.6682
vn -0.5819 0.8068 0.1022
f 138/138/138 139/139/139 140/140/140
v -0.3721 0.3748 0.1424
vt 0.4327 0.6682
vn -0.5819 0.8068 0.1022
v -0.3785 0.3559 0.0921
vt 0.4251 0.6682
vn -0.6548 0.5903 -0.4721
v -0.4015 0.3390 0.1305
vt 0.4217 0.6713
vn -0.9172 0.3970 -0.0333
f 141/141/141 142/142/142 143/143/143
v -0.3721 0.3748 0.1424
vt 0.4327 0.6682
vn -0.5819 0.8068 0.1022
v -0.3351 0.3856 0.1045
vt 0.4361 0.6614
vn -0.1585 0.9303 -0.3307
v -0.3785 0.3559 0.0921
vt 0.4251 0.6682
vn -0.6548 0.5903 -0.4721
f 144/144/144 145/145/145 146/146/146
v -0.3351 0.3856 0.1045
vt 0.4361 0.6614
vn -0.1585 0.9303 -0.3307
v -0.3384 0.3574 0.0661
vt 0.4275 0.6598
vn -0.1968 0.6072 -0.7698
v -0.3785 0.3559 0.0921
vt 0.4251 0.6682
vn -0.6548 0.5903 -0.4721
f 147/147/147 148/148/148 149/149/149
v -0.3785 0.3559 0.0921
vt 0.4251 0.6682
vn -0.6548 0.5903 -0.4721
v -0.4000 0.3064 0.0955
vt 0.4128 0.6682
vn -0.9010 0.0247 -0.4331
v -0.4015 0.3390 0.1305
vt 0.4217 0.6713
vn -0.9172 0.3970 -0.0333
f 150/150/150 151/151/151 152/152/152
v -0.3785 0.3559 0.0921
vt 0.4251 0.6682
vn -0.6548 0.5903 -0.4721
v -0.3630 0.3172 0.0577
vt 0.4162 0.6614
vn -0.4776 0.1483 -0.8660
v -0.4000 0.3064 0.0955
vt 0.4128 0.6682
vn -0.9010 0.0247 -0.4331
f 153/153/153 154/154/154 155/155/155
v -0.3630 0.3172 0.0577
vt 0.4162 0.6614
vn -0.4776 0.1483 -0.8660
v -0.3751 0.2732 0.0719
vt 0.4065 0.6598
vn -0.6157 -0.3550 -0.7035
v -0.4000 0.3064 0.0955
vt 0.4128 0.6682
vn -0.9010 0.0247 -0.4331
f 156/156/156 157/157/157 158/158/158
v -0.4000 0.3064 0.0955
vt 0.4128 0.6682
vn -0.9010 0.0247 -0.4331
v -0.4070 0.2948 0.1479
vt 0.4128 0.6682
vn -0.9803 -0.1083 0.1652
v -0.4015 0.3390 0.1305
vt 0.4217 0.6713
vn -0.9172 0.3970 -0.0333
f 159/159/159 160/160/160 161/161/161
v -0.4000 0.3064 0.0955
vt 0.4128 0.6682
vn -0.9010 0.0247 -0.4331
v -0.3915 0.2561 0.1134
vt 0.4039 0.6614
vn -0.8031 -0.5503 -0.2287
v -0.4070 0.2948 0.1479
vt 0.4128 0.6682
vn -0.9803 -0.1083 0.1652
f 162/162/162 163/163/163 164/164/164
v -0.3915 0.2561 0.1134
vt 0.4039 0.6614
vn -0.8031 -0.5503 -0.2287
v -0.3869 0.2534 0.1609
vt 0.4065 0.6598
vn -0.7506 -0.5812 0.3144
v -0.4070 0.2948 0.1479
vt 0.4128 0.6682
vn -0.9803 -0.1083 0.1652
f 165/165/165 166/166/166 167/167/167
v -0.4070 0.2948 0.1479
vt 0.4128 0.6682
vn -0.9803 -0.1083 0.1652
v -0.3897 0.3371 0.1768
vt 0.4251 0.6682
vn -0.7831 0.3751 0.4960
v -0.4015 0.3390 0.1305
vt 0.4217 0.6713
vn -0.9172 0.3970 -0.0333
f 168/168/168 169/169/169 170/170/170
v -0.4070 0.2948 0.1479
vt 0.4128 0.6682
vn -0.9803 -0.1083 0.1652
v -0.3812 0.2868 0.1947
vt 0.4162 0.6614
vn -0.6852 -0.1999 0.7004
v -0.3897 0.3371 0.1768
vt 0.4251 0.6682
vn -0.7831 0.3751 0.4960
f 171/171/171 172/172/172 173/173/173
v -0.3812 0.2868 0.1947
vt 0.4162 0.6614
vn -0.6852 -0.1999 0.7004
v -0.3575 0.3253 0.2102
vt 0.4275 0.6598
vn -0.4151 0.2411 0.8773
v -0.3897 0.3371 0.1768
vt 0.4251 0.6682
vn -0.7831 0.3751 0.4960
f 174/174/174 175/175/175 176/176/176
v -0.3897 0.3371 0.1768
vt 0.4251 0.6682
vn -0.7831 0.3751 0.4960
v -0.3721 0.3748 0.1424
vt 0.4327 0.6682
vn -0.5819 0.8068 0.1022
v -0.4015 0.3390 0.1305
vt 0.4217 0.6713
vn -0.9172 0.3970 -0.0333
f 177/177/177 178/178/178 179/179/179
v -0.3897 0.3371 0.1768
vt 0.4251 0.6682
vn -0.7831 0.3751 0.4960
v -0.3463 0.3668 0.1892
vt 0.4361 0.6614
vn -0.2868 0.7152 0.6374
v -0.3721 0.3748 0.1424
vt 0.4327 0.6682
vn -0.5819 0.8068 0.1022
f 180/180/180 181/181/181 182/182/182
v -0.3463 0.3668 0.1892
vt 0.4361 0.6614
vn -0.2868 0.7152 0.6374
v -0.3276 0.3896 0.1516
vt 0.4404 0.6598
vn -0.0728 0.9756 0.2072
v -0.3721 0.3748 0.1424
vt 0.4327 0.6682
vn -0.5819 0.8068 0.1022
f 183/183/183 184/184/184 185/185/185
v -0.2863 0.3843 0.1279
vt 0.4416 0.6504
vn 0.3984 0.9151 -0.0630
v -0.3351 0.3856 0.1045
vt 0.4361 0.6614
vn -0.1585 0.9303 -0.3307
v -0.3276 0.3896 0.1516
vt 0.4404 0.6598
vn -0.0728 0.9756 0.2072
f 186/186/186 187/187/187 188/188/188
v -0.2863 0.3843 0.1279
vt 0.4416 0.6504
vn 0.3984 0.9151 -0.0630
v -0.2927 0.3654 0.0777
vt 0.4340 0.6504
vn 0.3255 0.6985 -0.6373
v -0.3351 0.3856 0.1045
vt 0.4361 0.6614
vn -0.1585 0.9303 -0.3307
f 189/189/189 190/190/190 191/191/191
v -0.2927 0.3654 0.0777
vt 0.4340 0.6504
vn 0.3255 0.6985 -0.6373
v -0.3384 0.3574 0.0661
vt 0.4275 0.6598
vn -0.1968 0.6072 -0.7698
v -0.3351 0.3856 0.1045
vt 0.4361 0.6614
vn -0.1585 0.9303 -0.3307
f 192/192/192 193/193/193 194/194/194
v -0.3100 0.3231 0.0487
vt 0.4217 0.6504
vn 0.1283 0.2152 -0.9681
v -0.3630 0.3172 0.0577
vt 0.4162 0.6614
vn -0.4776 0.1483 -0.8660
v -0.3384 0.3574 0.0661
vt 0.4275 0.6598
vn -0.1968 0.6072 -0.7698
f 195/195/195 196/196/196 197/197/197
v -0.3100 0.3231 0.0487
vt 0.4217 0.6504
vn 0.1283 0.2152 -0.9681
v -0.3315 0.2736 0.0521
vt 0.4094 0.6504
vn -0.1179 -0.3504 -0.9292
v -0.3630 0.3172 0.0577
vt 0.4162 0.6614
vn -0.4776 0.1483 -0.8660
f 198/198/198 199/199/199 200/200/200
v -0.3315 0.2736 0.0521
vt 0.4094 0.6504
vn -0.1179 -0.3504 -0.9292
v -0.3751 0.2732 0.0719
vt 0.4065 0.6598
vn -0.6157 -0.3550 -0.7035
v -0.3630 0.3172 0.0577
vt 0.4162 0.6614
vn -0.4776 0.1483 -0.8660
f 201/201/201 202/202/202 203/203/203
v -0.3491 0.2358 0.0866
vt 0.4018 0.6504
vn -0.3191 -0.7821 -0.5353
v -0.3915 0.2561 0.1134
vt 0.4039 0.6614
vn -0.8031 -0.5503 -0.2287
v -0.3751 0.2732 0.0719
vt 0.4065 0.6598
vn -0.6157 -0.3550 -0.7035
f 204/204/204 205/205/205 206/206/206
v -0.3491 0.2358 0.0866
vt 0.4018 0.6504
vn -0.3191 -0.7821 -0.5353
v -0.3561 0.2242 0.1389
vt 0.4018 0.6504
vn -0.3984 -0.9151 0.0630
v -0.3915 0.2561 0.1134
vt 0.4039 0.6614
vn -0.8031 -0.5503 -0.2287
f 207/207/207 208/208/208 209/209/209
v -0.3561 0.2242 0.1389
vt 0.4018 0.6504
vn -0.3984 -0.9151 0.0630
v -0.3869 0.2534 0.1609
vt 0.4065 0.6598
vn -0.7506 -0.5812 0.3144
v -0.3915 0.2561 0.1134
vt 0.4039 0.6614
vn -0.8031 -0.5503 -0.2287
f 210/210/210 211/211/211 212/212/212
v -0.3497 0.2431 0.1892
vt 0.4094 0.6504
vn -0.3255 -0.6985 0.6373
v -0.3812 0.2868 0.1947
vt 0.4162 0.6614
vn -0.6852 -0.1999 0.7004
v -0.3869 0.2534 0.1609
vt 0.4065 0.6598
vn -0.7506 -0.5812 0.3144
f 213/213/213 214/214/214 215/215/215
v -0.3497 0.2431 0.1892
vt 0.4094 0.6504
vn -0.3255 -0.6985 0.6373
v -0.3324 0.2854 0.2181
vt 0.4217 0.6504
vn -0.1283 -0.2152 0.9681
v -0.3812 0.2868 0.1947
vt 0.4162 0.6614
vn -0.6852 -0.1999 0.7004
f 216/216/216 217/217/217 218/218/218
v -0.3324 0.2854 0.2181
vt 0.4217 0.6504
vn -0.1283 -0.2152 0.9681
v -0.3575 0.3253 0.2102
vt 0.4275 0.6598
vn -0.4151 0.2411 0.8773
v -0.3812 0.2868 0.1947
vt 0.4162 0.6614
vn -0.6852 -0.1999 0.7004
f 219/219/219 220/220/220 221/221/221
v -0.3109 0.3349 0.2147
vt 0.4340 0.6504
vn 0.1179 0.3504 0.9292
v -0.3463 0.3668 0.1892
vt 0.4361 0.6614
vn -0.2868 0.7152 0.6374
v -0.3575 0.3253 0.2102
vt 0.4275 0.6598
vn -0.4151 0.2411 0.8773
f 222/222/222 223/223/223 224/224/224
v -0.3109 0.3349 0.2147
vt 0.4340 0.6504
vn 0.1179 0.3504 0.9292
v -0.2933 0.3727 0.1803
vt 0.4416 0.6504
vn 0.3191 0.7821 0.5353
v -0.3463 0.3668 0.1892
vt 0.4361 0.6614
vn -0.2868 0.7152 0.6374
f 225/225/225 226/226/226 227/227/227
v -0.2933 0.3727 0.1803
vt 0.4416 0.6504
vn 0.3191 0.7821 0.5353
v -0.3276 0.3896 0.1516
vt 0.4404 0.6598
vn -0.0728 0.9756 0.2072
v -0.3463 0.3668 0.1892
vt 0.4361 0.6614
vn -0.2868 0.7152 0.6374
f 228/228/228 229/229/229 230/230/230
v -0.2927 0.3654 0.0777
vt 0.4340 0.6504
vn 0.3255 0.6985 -0.6373
v -0.3100 0.3231 0.0487
vt 0.4217 0.6504
vn 0.1283 0.2152 -0.9681
v -0.3384 0.3574 0.0661
vt 0.4275 0.6598
vn -0.1968 0.6072 -0.7698
f 231/231/231 232/232/232 233/233/233
v -0.2927 0.3654 0.0777
vt 0.4340 0.6504
vn 0.3255 0.6985 -0.6373
v -0.2613 0.3217 0.0721
vt 0.4272 0.6394
vn 0.6852 0.1999 -0.7004
v -0.3100 0.3231 0.0487
vt 0.4217 0.6504
vn 0.1283 0.2152 -0.9681
f 234/234/234 235/235/235 236/236/236
v -0.2613 0.3217 0.0721
vt 0.4272 0.6394
vn 0.6852 0.1999 -0.7004
v -0.2849 0.2831 0.0567
vt 0.4159 0.6411
vn 0.4151 -0.2411 -0.8773
v -0.3100 0.3231 0.0487
vt 0.4217 0.6504
vn 0.1283 0.2152 -0.9681
f 237/237/237 238/238/238 239/239/239
v -0.3315 0.2736 0.0521
vt 0.4094 0.6504
vn -0.1179 -0.3504 -0.9292
v -0.3491 0.2358 0.0866
vt 0.4018 0.6504
vn -0.3191 -0.7821 -0.5353
v -0.3751 0.2732 0.0719
vt 0.4065 0.6598
vn -0.6157 -0.3550 -0.7035
f 240/240/240 241/241/241 242/242/242
v -0.3315 0.2736 0.0521
vt 0.4094 0.6504
vn -0.1179 -0.3504 -0.9292
v -0.2961 0.2417 0.0777
vt 0.4073 0.6394
vn 0.2868 -0.7152 -0.6374
v -0.3491 0.2358 0.0866
vt 0.4018 0.6504
vn -0.3191 -0.7821 -0.5353
f 243/243/243 244/244/244 245/245/245
v -0.2961 0.2417 0.0777
vt 0.4073 0.6394
vn 0.2868 -0.7152 -0.6374
v -0.3148 0.2189 0.1153
vt 0.4030 0.6411
vn 0.0728 -0.9756 -0.2072
v -0.3491 0.2358 0.0866
vt 0.4018 0.6504
vn -0.3191 -0.7821 -0.5353
f 246/246/246 247/247/247 248/248/248
v -0.3561 0.2242 0.1389
vt 0.4018 0.6504
vn -0.3984 -0.9151 0.0630
v -0.3497 0.2431 0.1892
vt 0.4094 0.6504
vn -0.3255 -0.6985 0.6373
v -0.3869 0.2534 0.1609
vt 0.4065 0.6598
vn -0.7506 -0.5812 0.3144
f 249/249/249 250/250/250 251/251/251
v -0.3561 0.2242 0.1389
vt 0.4018 0.6504
vn -0.3984 -0.9151 0.0630
v -0.3073 0.2228 0.1624
vt 0.4073 0.6394
vn 0.1585 -0.9303 0.3307
v -0.3497 0.2431 0.1892
vt 0.4094 0.6504
vn -0.3255 -0.6985 0.6373
f 252/252/252 253/253/253 254/254/254
v -0.3073 0.2228 0.1624
vt 0.4073 0.6394
vn 0.1585 -0.9303 0.3307
v -0.3040 0.2511 0.2008
vt 0.4159 0.6411
vn 0.1968 -0.6072 0.7698
v -0.3497 0.2431 0.1892
vt 0.4094 0.6504
vn -0.3255 -0.6985 0.6373
f 255/255/255 256/256/256 257/257/257
v -0.3324 0.2854 0.2181
vt 0.4217 0.6504
vn -0.1283 -0.2152 0.9681
v -0.3109 0.3349 0.2147
vt 0.4340 0.6504
vn 0.1179 0.3504 0.9292
v -0.3575 0.3253 0.2102
vt 0.4275 0.6598
vn -0.4151 0.2411 0.8773
f 258/258/258 259/259/259 260/260/260
v -0.3324 0.2854 0.2181
vt 0.4217 0.6504
vn -0.1283 -0.2152 0.9681
v -0.2794 0.2913 0.2092
vt 0.4272 0.6394
vn 0.4776 -0.1483 0.8660
v -0.3109 0.3349 0.2147
vt 0.4340 0.6504
vn 0.1179 0.3504 0.9292
f 261/261/261 262/262/262 263/263/263
v -0.2794 0.2913 0.2092
vt 0.4272 0.6394
vn 0.4776 -0.1483 0.8660
v -0.2673 0.3353 0.1950
vt 0.4368 0.6411
vn 0.6157 0.3550 0.7035
v -0.3109 0.3349 0.2147
vt 0.4340 0.6504
vn 0.1179 0.3504 0.9292
f 264/264/264 265/265/265 266/266/266
v -0.2933 0.3727 0.1803
vt 0.4416 0.6504
vn 0.3191 0.7821 0.5353
v -0.2863 0.3843 0.1279
vt 0.4416 0.6504
vn 0.3984 0.9151 -0.0630
v -0.3276 0.3896 0.1516
vt 0.4404 0.6598
vn -0.0728 0.9756 0.2072
f 267/267/267 268/268/268 269/269/269
v -0.2933 0.3727 0.1803
vt 0.4416 0.6504
vn 0.3191 0.7821 0.5353
v -0.2509 0.3524 0.1534
vt 0.4395 0.6394
vn 0.8031 0.5503 0.2287
v -0.2863 0.3843 0.1279
vt 0.4416 0.6504
vn 0.3984 0.9151 -0.0630
f 270/270/270 271/271/271 272/272/272
v -0.2509 0.3524 0.1534
vt 0.4395 0.6394
vn 0.8031 0.5503 0.2287
v -0.2555 0.3551 0.1059
vt 0.4368 0.6411
vn 0.7506 0.5812 -0.3144
v -0.2863 0.3843 0.1279
vt 0.4416 0.6504
vn 0.3984 0.9151 -0.0630
f 273/273/273 274/274/274 275/275/275
v -0.2354 0.3137 0.1190
vt 0.4306 0.6326
vn 0.9803 0.1083 -0.1652
v -0.2613 0.3217 0.0721
vt 0.4272 0.6394
vn 0.6852 0.1999 -0.7004
v -0.2555 0.3551 0.1059
vt 0.4368 0.6411
vn 0.7506 0.5812 -0.3144
f 276/276/276 277/277/277 278/278/278
v -0.2354 0.3137 0.1190
vt 0.4306 0.6326
vn 0.9803 0.1083 -0.1652
v -0.2527 0.2714 0.0900
vt 0.4183 0.6326
vn 0.7831 -0.3751 -0.4960
v -0.2613 0.3217 0.0721
vt 0.4272 0.6394
vn 0.6852 0.1999 -0.7004
f 279/279/279 280/280/280 281/281/281
v -0.2527 0.2714 0.0900
vt 0.4183 0.6326
vn 0.7831 -0.3751 -0.4960
v -0.2849 0.2831 0.0567
vt 0.4159 0.6411
vn 0.4151 -0.2411 -0.8773
v -0.2613 0.3217 0.0721
vt 0.4272 0.6394
vn 0.6852 0.1999 -0.7004
f 282/282/282 283/283/283 284/284/284
v -0.2527 0.2714 0.0900
vt 0.4183 0.6326
vn 0.7831 -0.3751 -0.4960
v -0.2961 0.2417 0.0777
vt 0.4073 0.6394
vn 0.2868 -0.7152 -0.6374
v -0.2849 0.2831 0.0567
vt 0.4159 0.6411
vn 0.4151 -0.2411 -0.8773
f 285/285/285 286/286/286 287/287/287
v -0.2527 0.2714 0.0900
vt 0.4183 0.6326
vn 0.7831 -0.3751 -0.4960
v -0.2703 0.2336 0.1245
vt 0.4107 0.6326
vn 0.5819 -0.8068 -0.1022
v -0.2961 0.2417 0.0777
vt 0.4073 0.6394
vn 0.2868 -0.7152 -0.6374
f 288/288/288 289/289/289 290/290/290
v -0.2703 0.2336 0.1245
vt 0.4107 0.6326
vn 0.5819 -0.8068 -0.1022
v -0.3148 0.2189 0.1153
vt 0.4030 0.6411
vn 0.0728 -0.9756 -0.2072
v -0.2961 0.2417 0.0777
vt 0.4073 0.6394
vn 0.2868 -0.7152 -0.6374
f 291/291/291 292/292/292 293/293/293
v -0.2703 0.2336 0.1245
vt 0.4107 0.6326
vn 0.5819 -0.8068 -0.1022
v -0.3073 0.2228 0.1624
vt 0.4073 0.6394
vn 0.1585 -0.9303 0.3307
v -0.3148 0.2189 0.1153
vt 0.4030 0.6411
vn 0.0728 -0.9756 -0.2072
f 294/294/294 295/295/295 296/296/296
v -0.2703 0.2336 0.1245
vt 0.4107 0.6326
vn 0.5819 -0.8068 -0.1022
v -0.2639 0.2526 0.1747
vt 0.4183 0.6326
vn 0.6548 -0.5903 0.4721
v -0.3073 0.2228 0.1624
vt 0.4073 0.6394
vn 0.1585 -0.9303 0.3307
f 297/297/297 298/298/298 299/299/299
v -0.2639 0.2526 0.1747
vt 0.4183 0.6326
vn 0.6548 -0.5903 0.4721
v -0.3040 0.2511 0.2008
vt 0.4159 0.6411
vn 0.1968 -0.6072 0.7698
v -0.3073 0.2228 0.1624
vt 0.4073 0.6394
vn 0.1585 -0.9303 0.3307
f 300/300/300 301/301/301 302/302/302
v -0.2509 0.3524 0.1534
vt 0.4395 0.6394
vn 0.8031 0.5503 0.2287
v -0.2354 0.3137 0.1190
vt 0.4306 0.6326
vn 0.9803 0.1083 -0.1652
v -0.2555 0.3551 0.1059
vt 0.4368 0.6411
vn 0.7506 0.5812 -0.3144
f 303/303/303 304/304/304 305/305/305
v -0.2509 0.3524 0.1534
vt 0.4395 0.6394
vn 0.8031 0.5503 0.2287
v -0.2424 0.3021 0.1713
vt 0.4306 0.6326
vn 0.9010 -0.0247 0.4331
v -0.2354 0.3137 0.1190
vt 0.4306 0.6326
vn 0.9803 0.1083 -0.1652
f 306/306/306 307/307/307 308/308/308
v -0.2424 0.3021 0.1713
vt 0.4306 0.6326
vn 0.9010 -0.0247 0.4331
v -0.2410 0.2695 0.1363
vt 0.4217 0.6295
vn 0.9172 -0.3970 0.0333
v -0.2354 0.3137 0.1190
vt 0.4306 0.6326
vn 0.9803 0.1083 -0.1652
f 309/309/309 310/310/310 311/311/311
v -0.2639 0.2526 0.1747
vt 0.4183 0.6326
vn 0.6548 -0.5903 0.4721
v -0.2794 0.2913 0.2092
vt 0.4272 0.6394
vn 0.4776 -0.1483 0.8660
v -0.3040 0.2511 0.2008
vt 0.4159 0.6411
vn 0.1968 -0.6072 0.7698
f 312/312/312 313/313/313 314/314/314
v -0.2639 0.2526 0.1747
vt 0.4183 0.6326
vn 0.6548 -0.5903 0.4721
v -0.2424 0.3021 0.1713
vt 0.4306 0.6326
vn 0.9010 -0.0247 0.4331
v -0.2794 0.2913 0.2092
vt 0.4272 0.6394
vn 0.4776 -0.1483 0.8660
f 315/315/315 316/316/316 317/317/317
v -0.2424 0.3021 0.1713
vt 0.4306 0.6326
vn 0.9010 -0.0247 0.4331
v -0.2673 0.3353 0.1950
vt 0.4368 0.6411
vn 0.6157 0.3550 0.7035
v -0.2794 0.2913 0.2092
vt 0.4272 0.6394
vn 0.4776 -0.1483 0.8660
f 318/318/318 319/319/319 320/320/320
v -0.1254 0.3036 -0.0608
vt 0.4217 0.6295
vn 0.8920 -0.4273 0.1477
v -0.1258 0.3428 -0.0334
vt 0.4306 0.6326
vn 0.8876 0.0211 0.4602
v -0.1502 0.2963 -0.0205
vt 0.4183 0.6326
vn 0.6086 -0.5103 0.6076
f 321/321/321 322/322/322 323/323/323
v -0.1494 0.3815 -0.0181
vt 0.4368 0.6411
vn 0.6181 0.4632 0.6352
v -0.1258 0.3428 -0.0334
vt 0.4306 0.6326
vn 0.8876 0.0211 0.4602
v -0.1311 0.3886 -0.0617
vt 0.4395 0.6394
vn 0.8275 0.5445 0.1370
f 324/324/324 325/325/325 326/326/326
v -0.1254 0.3036 -0.0608
vt 0.4217 0.6295
vn 0.8920 -0.4273 0.1477
v -0.1502 0.2963 -0.0205
vt 0.4183 0.6326
vn 0.6086 -0.5103 0.6076
v -0.1565 0.2676 -0.0659
vt 0.4107 0.6326
vn 0.5372 -0.8388 0.0889
f 327/327/327 328/328/328 329/329/329
v -0.1254 0.3036 -0.0608
vt 0.4217 0.6295
vn 0.8920 -0.4273 0.1477
v -0.1565 0.2676 -0.0659
vt 0.4107 0.6326
vn 0.5372 -0.8388 0.0889
v -0.1359 0.2963 -0.1069
vt 0.4183 0.6326
vn 0.7720 -0.5103 -0.3790
f 330/330/330 331/331/331 332/332/332
v -0.1254 0.3036 -0.0608
vt 0.4217 0.6295
vn 0.8920 -0.4273 0.1477
v -0.1359 0.2963 -0.1069
vt 0.4183 0.6326
vn 0.7720 -0.5103 -0.3790
v -0.1170 0.3428 -0.0868
vt 0.4306 0.6326
vn 0.9885 0.0211 -0.1496
f 333/333/333 334/334/334 335/335/335
v -0.1494 0.3815 -0.0181
vt 0.4368 0.6411
vn 0.6181 0.4632 0.6352
v -0.1311 0.3886 -0.0617
vt 0.4395 0.6394
vn 0.8275 0.5445 0.1370
v -0.1728 0.4162 -0.0412
vt 0.4416 0.6504
vn 0.3504 0.8599 0.3712
f 336/336/336 337/337/337 338/338/338
v -0.1909 0.3024 0.0038
vt 0.4159 0.6411
vn 0.1435 -0.4410 0.8860
v -0.1643 0.3421 0.0045
vt 0.4272 0.6394
vn 0.4476 0.0130 0.8941
v -0.2178 0.3410 0.0126
vt 0.4217 0.6504
vn -0.1633 0.0000 0.9866
f 339/339/339 340/340/340 341/341/341
v -0.2016 0.2535 -0.0734
vt 0.4030 0.6411
vn 0.0219 -0.9998 0.0036
v -0.1950 0.2669 -0.0279
vt 0.4073 0.6394
vn 0.0972 -0.8468 0.5229
v -0.2430 0.2658 -0.0528
vt 0.4018 0.6504
vn -0.4514 -0.8599 0.2385
f 342/342/342 343/343/343 344/344/344
v -0.1666 0.3024 -0.1430
vt 0.4159 0.6411
vn 0.4213 -0.4410 -0.7925
v -0.1807 0.2669 -0.1143
vt 0.4073 0.6394
vn 0.2605 -0.8468 -0.4637
v -0.2136 0.2945 -0.1471
vt 0.4094 0.6504
vn -0.1156 -0.5314 -0.8392
f 345/345/345 346/346/346 347/347/347
v -0.1344 0.3815 -0.1089
vt 0.4368 0.6411
vn 0.7898 0.4632 -0.4021
v -0.1412 0.3421 -0.1351
vt 0.4272 0.6394
vn 0.7119 0.0130 -0.7022
v -0.1702 0.3875 -0.1399
vt 0.4340 0.6504
vn 0.3799 0.5314 -0.7571
f 348/348/348 349/349/349 350/350/350
v -0.1494 0.3815 -0.0181
vt 0.4368 0.6411
vn 0.6181 0.4632 0.6352
v -0.1728 0.4162 -0.0412
vt 0.4416 0.6504
vn 0.3504 0.8599 0.3712
v -0.1934 0.3875 -0.0003
vt 0.4340 0.6504
vn 0.1156 0.5314 0.8392
f 351/351/351 352/352/352 353/353/353
v -0.1909 0.3024 0.0038
vt 0.4159 0.6411
vn 0.1435 -0.4410 0.8860
v -0.2178 0.3410 0.0126
vt 0.4217 0.6504
vn -0.1633 0.0000 0.9866
v -0.2367 0.2945 -0.0074
vt 0.4094 0.6504
vn -0.3799 -0.5314 0.7571
f 354/354/354 355/355/355 356/356/356
v -0.2016 0.2535 -0.0734
vt 0.4030 0.6411
vn 0.0219 -0.9998 0.0036
v -0.2430 0.2658 -0.0528
vt 0.4018 0.6504
vn -0.4514 -0.8599 0.2385
v -0.2341 0.2658 -0.1062
vt 0.4018 0.6504
vn -0.3504 -0.8599 -0.3712
f 357/357/357 358/358/358 359/359/359
v -0.1666 0.3024 -0.1430
vt 0.4159 0.6411
vn 0.4213 -0.4410 -0.7925
v -0.2136 0.2945 -0.1471
vt 0.4094 0.6504
vn -0.1156 -0.5314 -0.8392
v -0.1892 0.3410 -0.1600
vt 0.4217 0.6504
vn 0.1633 -0.0000 -0.9866
f 360/360/360 361/361/361 362/362/362
v -0.1344 0.3815 -0.1089
vt 0.4368 0.6411
vn 0.7898 0.4632 -0.4021
v -0.1702 0.3875 -0.1399
vt 0.4340 0.6504
vn 0.3799 0.5314 -0.7571
v -0.1640 0.4162 -0.0946
vt 0.4416 0.6504
vn 0.4514 0.8599 -0.2385
f 363/363/363 364/364/364 365/365/365
v -0.2403 0.3796 -0.0044
vt 0.4275 0.6598
vn -0.4213 0.4410 0.7925
v -0.2263 0.4151 -0.0331
vt 0.4361 0.6614
vn -0.2605 0.8468 0.4637
v -0.2710 0.3856 -0.0405
vt 0.4251 0.6682
vn -0.7720 0.5103 0.3790
f 366/366/366 367/367/367 368/368/368
v -0.2726 0.3005 -0.0385
vt 0.4065 0.6598
vn -0.7898 -0.4632 0.4021
v -0.2658 0.3399 -0.0123
vt 0.4162 0.6614
vn -0.7119 -0.0130 0.7022
v -0.2900 0.3391 -0.0606
vt 0.4128 0.6682
vn -0.9885 -0.0211 0.1496
f 369/369/369 370/370/370 371/371/371
v -0.2576 0.3005 -0.1293
vt 0.4065 0.6598
vn -0.6181 -0.4632 -0.6352
v -0.2759 0.2933 -0.0857
vt 0.4039 0.6614
vn -0.8275 -0.5445 -0.1370
v -0.2811 0.3391 -0.1140
vt 0.4128 0.6682
vn -0.8876 -0.0211 -0.4602
f 372/372/372 373/373/373 374/374/374
v -0.2160 0.3796 -0.1512
vt 0.4275 0.6598
vn -0.1435 0.4410 -0.8860
v -0.2426 0.3399 -0.1519
vt 0.4162 0.6614
vn -0.4476 -0.0130 -0.8941
v -0.2567 0.3856 -0.1269
vt 0.4251 0.6682
vn -0.6086 0.5103 -0.6076
f 375/375/375 376/376/376 377/377/377
v -0.2054 0.4285 -0.0740
vt 0.4404 0.6598
vn -0.0219 0.9998 -0.0036
v -0.2120 0.4151 -0.1194
vt 0.4361 0.6614
vn -0.0972 0.8468 -0.5229
v -0.2505 0.4144 -0.0815
vt 0.4327 0.6682
vn -0.5372 0.8388 -0.0889
f 378/378/378 379/379/379 380/380/380
v -0.2505 0.4144 -0.0815
vt 0.4327 0.6682
vn -0.5372 0.8388 -0.0889
v -0.2567 0.3856 -0.1269
vt 0.4251 0.6682
vn -0.6086 0.5103 -0.6076
v -0.2815 0.3784 -0.0866
vt 0.4217 0.6713
vn -0.8920 0.4273 -0.1477
f 381/381/381 382/382/382 383/383/383
v -0.2505 0.4144 -0.0815
vt 0.4327 0.6682
vn -0.5372 0.8388 -0.0889
v -0.2120 0.4151 -0.1194
vt 0.4361 0.6614
vn -0.0972 0.8468 -0.5229
v -0.2567 0.3856 -0.1269
vt 0.4251 0.6682
vn -0.6086 0.5103 -0.6076
f 384/384/384 385/385/385 386/386/386
v -0.2120 0.4151 -0.1194
vt 0.4361 0.6614
vn -0.0972 0.8468 -0.5229
v -0.2160 0.3796 -0.1512
vt 0.4275 0.6598
vn -0.1435 0.4410 -0.8860
v -0.2567 0.3856 -0.1269
vt 0.4251 0.6682
vn -0.6086 0.5103 -0.6076
f 387/387/387 388/388/388 389/389/389
v -0.2567 0.3856 -0.1269
vt 0.4251 0.6682
vn -0.6086 0.5103 -0.6076
v -0.2811 0.3391 -0.1140
vt 0.4128 0.6682
vn -0.8876 -0.0211 -0.4602
v -0.2815 0.3784 -0.0866
vt 0.4217 0.6713
vn -0.8920 0.4273 -0.1477
f 390/390/390 391/391/391 392/392/392
v -0.2567 0.3856 -0.1269
vt 0.4251 0.6682
vn -0.6086 0.5103 -0.6076
v -0.2426 0.3399 -0.1519
vt 0.4162 0.6614
vn -0.4476 -0.0130 -0.8941
v -0.2811 0.3391 -0.1140
vt 0.4128 0.6682
vn -0.8876 -0.0211 -0.4602
f 393/393/393 394/394/394 395/395/395
v -0.2426 0.3399 -0.1519
vt 0.4162 0.6614
vn -0.4476 -0.0130 -0.8941
v -0.2576 0.3005 -0.1293
vt 0.4065 0.6598
vn -0.6181 -0.4632 -0.6352
v -0.2811 0.3391 -0.1140
vt 0.4128 0.6682
vn -0.8876 -0.0211 -0.4602
f 396/396/396 397/397/397 398/398/398
v -0.2811 0.3391 -0.1140
vt 0.4128 0.6682
vn -0.8876 -0.0211 -0.4602
v -0.2900 0.3391 -0.0606
vt 0.4128 0.6682
vn -0.9885 -0.0211 0.1496
v -0.2815 0.3784 -0.0866
vt 0.4217 0.6713
vn -0.8920 0.4273 -0.1477
f 399/399/399 400/400/400 401/401/401
v -0.2811 0.3391 -0.1140
vt 0.4128 0.6682
vn -0.8876 -0.0211 -0.4602
v -0.2759 0.2933 -0.0857
vt 0.4039 0.6614
vn -0.8275 -0.5445 -0.1370
v -0.2900 0.3391 -0.0606
vt 0.4128 0.6682
vn -0.9885 -0.0211 0.1496
f 402/402/402 403/403/403 404/404/404
v -0.2759 0.2933 -0.0857
vt 0.4039 0.6614
vn -0.8275 -0.5445 -0.1370
v -0.2726 0.3005 -0.0385
vt 0.4065 0.6598
vn -0.7898 -0.4632 0.4021
v -0.2900 0.3391 -0.0606
vt 0.4128 0.6682
vn -0.9885 -0.0211 0.1496
f 405/405/405 406/406/406 407/407/407
v -0.2900 0.3391 -0.0606
vt 0.4128 0.6682
vn -0.9885 -0.0211 0.1496
v -0.2710 0.3856 -0.0405
vt 0.4251 0.6682
vn -0.7720 0.5103 0.3790
v -0.2815 0.3784 -0.0866
vt 0.4217 0.6713
vn -0.8920 0.4273 -0.1477
f 408/408/408 409/409/409 410/410/410
v -0.2900 0.3391 -0.0606
vt 0.4128 0.6682
vn -0.9885 -0.0211 0.1496
v -0.2658 0.3399 -0.0123
vt 0.4162 0.6614
vn -0.7119 -0.0130 0.7022
v -0.2710 0.3856 -0.0405
vt 0.4251 0.6682
vn -0.7720 0.5103 0.3790
f 411/411/411 412/412/412 413/413/413
v -0.2658 0.3399 -0.0123
vt 0.4162 0.6614
vn -0.7119 -0.0130 0.7022
v -0.2403 0.3796 -0.0044
vt 0.4275 0.6598
vn -0.4213 0.4410 0.7925
v -0.2710 0.3856 -0.0405
vt 0.4251 0.6682
vn -0.7720 0.5103 0.3790
f 414/414/414 415/415/415 416/416/416
v -0.2710 0.3856 -0.0405
vt 0.4251 0.6682
vn -0.7720 0.5103 0.3790
v -0.2505 0.4144 -0.0815
vt 0.4327 0.6682
vn -0.5372 0.8388 -0.0889
v -0.2815 0.3784 -0.0866
vt 0.4217 0.6713
vn -0.8920 0.4273 -0.1477
f 417/417/417 418/418/418 419/419/419
v -0.2710 0.3856 -0.0405
vt 0.4251 0.6682
vn -0.7720 0.5103 0.3790
v -0.2263 0.4151 -0.0331
vt 0.4361 0.6614
vn -0.2605 0.8468 0.4637
v -0.2505 0.4144 -0.0815
vt 0.4327 0.6682
vn -0.5372 0.8388 -0.0889
f 420/420/420 421/421/421 422/422/422
v -0.2263 0.4151 -0.0331
vt 0.4361 0.6614
vn -0.2605 0.8468 0.4637
v -0.2054 0.4285 -0.0740
vt 0.4404 0.6598
vn -0.0219 0.9998 -0.0036
v -0.2505 0.4144 -0.0815
vt 0.4327 0.6682
vn -0.5372 0.8388 -0.0889
f 423/423/423 424/424/424 425/425/425
v -0.1640 0.4162 -0.0946
vt 0.4416 0.6504
vn 0.4514 0.8599 -0.2385
v -0.2120 0.4151 -0.1194
vt 0.4361 0.6614
vn -0.0972 0.8468 -0.5229
v -0.2054 0.4285 -0.0740
vt 0.4404 0.6598
vn -0.0219 0.9998 -0.0036
f 426/426/426 427/427/427 428/428/428
v -0.1640 0.4162 -0.0946
vt 0.4416 0.6504
vn 0.4514 0.8599 -0.2385
v -0.1702 0.3875 -0.1399
vt 0.4340 0.6504
vn 0.3799 0.5314 -0.7571
v -0.2120 0.4151 -0.1194
vt 0.4361 0.6614
vn -0.0972 0.8468 -0.5229
f 429/429/429 430/430/430 431/431/431
v -0.1702 0.3875 -0.1399
vt 0.4340 0.6504
vn 0.3799 0.5314 -0.7571
v -0.2160 0.3796 -0.1512
vt 0.4275 0.6598
vn -0.1435 0.4410 -0.8860
v -0.2120 0.4151 -0.1194
vt 0.4361 0.6614
vn -0.0972 0.8468 -0.5229
f 432/432/432 433/433/433 434/434/434
v -0.1892 0.3410 -0.1600
vt 0.4217 0.6504
vn 0.1633 -0.0000 -0.9866
v -0.2426 0.3399 -0.1519
vt 0.4162 0.6614
vn -0.4476 -0.0130 -0.8941
v -0.2160 0.3796 -0.1512
vt 0.4275 0.6598
vn -0.1435 0.4410 -0.8860
f 435/435/435 436/436/436 437/437/437
v -0.1892 0.3410 -0.1600
vt 0.4217 0.6504
vn 0.1633 -0.0000 -0.9866
v -0.2136 0.2945 -0.1471
vt 0.4094 0.6504
vn -0.1156 -0.5314 -0.8392
v -0.2426 0.3399 -0.1519
vt 0.4162 0.6614
vn -0.4476 -0.0130 -0.8941
f 438/438/438 439/439/439 440/440/440
v -0.2136 0.2945 -0.1471
vt 0.4094 0.6504
vn -0.1156 -0.5314 -0.8392
v -0.2576 0.3005 -0.1293
vt 0.4065 0.6598
vn -0.6181 -0.4632 -0.6352
v -0.2426 0.3399 -0.1519
vt 0.4162 0.6614
vn -0.4476 -0.0130 -0.8941
f 441/441/441 442/442/442 443/443/443
v -0.2341 0.2658 -0.1062
vt 0.4018 0.6504
vn -0.3504 -0.8599 -0.3712
v -0.2759 0.2933 -0.0857
vt 0.4039 0.6614
vn -0.8275 -0.5445 -0.1370
v -0.2576 0.3005 -0.1293
vt 0.4065 0.6598
vn -0.6181 -0.4632 -0.6352
f 444/444/444 445/445/445 446/446/446
v -0.2341 0.2658 -0.1062
vt 0.4018 0.6504
vn -0.3504 -0.8599 -0.3712
v -0.2430 0.2658 -0.0528
vt 0.4018 0.6504
vn -0.4514 -0.8599 0.2385
v -0.2759 0.2933 -0.0857
vt 0.4039 0.6614
vn -0.8275 -0.5445 -0.1370
f 447/447/447 448/448/448 449/449/449
v -0.2430 0.2658 -0.0528
vt 0.4018 0.6504
vn -0.4514 -0.8599 0.2385
v -0.2726 0.3005 -0.0385
vt 0.4065 0.6598
vn -0.7898 -0.4632 0.4021
v -0.2759 0.2933 -0.0857
vt 0.4039 0.6614
vn -0.8275 -0.5445 -0.1370
f 450/450/450 451/451/451 452/452/452
v -0.2367 0.2945 -0.0074
vt 0.4094 0.6504
vn -0.3799 -0.5314 0.7571
v -0.2658 0.3399 -0.0123
vt 0.4162 0.6614
vn -0.7119 -0.0130 0.7022
v -0.2726 0.3005 -0.0385
vt 0.4065 0.6598
vn -0.7898 -0.4632 0.4021
f 453/453/453 454/454/454 455/455/455
v -0.2367 0.2945 -0.0074
vt 0.4094 0.6504
vn -0.3799 -0.5314 0.7571
v -0.2178 0.3410 0.0126
vt 0.4217 0.6504
vn -0.1633 0.0000 0.9866
v -0.2658 0.3399 -0.0123
vt 0.4162 0.6614
vn -0.7119 -0.0130 0.7022
f 456/456/456 457/457/457 458/458/458
v -0.2178 0.3410 0.0126
vt 0.4217 0.6504
vn -0.1633 0.0000 0.9866
v -0.2403 0.3796 -0.0044
vt 0.4275 0.6598
vn -0.4213 0.4410 0.7925
v -0.2658 0.3399 -0.0123
vt 0.4162 0.6614
vn -0.7119 -0.0130 0.7022
f 459/459/459 460/460/460 461/461/461
v -0.1934 0.3875 -0.0003
vt 0.4340 0.6504
vn 0.1156 0.5314 0.8392
v -0.2263 0.4151 -0.0331
vt 0.4361 0.6614
vn -0.2605 0.8468 0.4637
v -0.2403 0.3796 -0.0044
vt 0.4275 0.6598
vn -0.4213 0.4410 0.7925
f 462/462/462 463/463/463 464/464/464
v -0.1934 0.3875 -0.0003
vt 0.4340 0.6504
vn 0.1156 0.5314 0.8392
v -0.1728 0.4162 -0.0412
vt 0.4416 0.6504
vn 0.3504 0.8599 0.3712
v -0.2263 0.4151 -0.0331
vt 0.4361 0.6614
vn -0.2605 0.8468 0.4637
f 465/465/465 466/466/466 467/467/467
v -0.1728 0.4162 -0.0412
vt 0.4416 0.6504
vn 0.3504 0.8599 0.3712
v -0.2054 0.4285 -0.0740
vt 0.4404 0.6598
vn -0.0219 0.9998 -0.0036
v -0.2263 0.4151 -0.0331
vt 0.4361 0.6614
vn -0.2605 0.8468 0.4637
f 468/468/468 469/469/469 470/470/470
v -0.1702 0.3875 -0.1399
vt 0.4340 0.6504
vn 0.3799 0.5314 -0.7571
v -0.1892 0.3410 -0.1600
vt 0.4217 0.6504
vn 0.1633 -0.0000 -0.9866
v -0.2160 0.3796 -0.1512
vt 0.4275 0.6598
vn -0.1435 0.4410 -0.8860
f 471/471/471 472/472/472 473/473/473
v -0.1702 0.3875 -0.1399
vt 0.4340 0.6504
vn 0.3799 0.5314 -0.7571
v -0.1412 0.3421 -0.1351
vt 0.4272 0.6394
vn 0.7119 0.0130 -0.7022
v -0.1892 0.3410 -0.1600
vt 0.4217 0.6504
vn 0.1633 -0.0000 -0.9866
f 474/474/474 475/475/475 476/476/476
v -0.1412 0.3421 -0.1351
vt 0.4272 0.6394
vn 0.7119 0.0130 -0.7022
v -0.1666 0.3024 -0.1430
vt 0.4159 0.6411
vn 0.4213 -0.4410 -0.7925
v -0.1892 0.3410 -0.1600
vt 0.4217 0.6504
vn 0.1633 -0.0000 -0.9866
f 477/477/477 478/478/478 479/479/479
v -0.2136 0.2945 -0.1471
vt 0.4094 0.6504
vn -0.1156 -0.5314 -0.8392
v -0.2341 0.2658 -0.1062
vt 0.4018 0.6504
vn -0.3504 -0.8599 -0.3712
v -0.2576 0.3005 -0.1293
vt 0.4065 0.6598
vn -0.6181 -0.4632 -0.6352
f 480/480/480 481/481/481 482/482/482
v -0.2136 0.2945 -0.1471
vt 0.4094 0.6504
vn -0.1156 -0.5314 -0.8392
v -0.1807 0.2669 -0.1143
vt 0.4073 0.6394
vn 0.2605 -0.8468 -0.4637
v -0.2341 0.2658 -0.1062
vt 0.4018 0.6504
vn -0.3504 -0.8599 -0.3712
f 483/483/483 484/484/484 485/485/485
v -0.1807 0.2669 -0.1143
vt 0.4073 0.6394
vn 0.2605 -0.8468 -0.4637
v -0.2016 0.2535 -0.0734
vt 0.4030 0.6411
vn 0.0219 -0.9998 0.0036
v -0.2341 0.2658 -0.1062
vt 0.4018 0.6504
vn -0.3504 -0.8599 -0.3712
f 486/486/486 487/487/487 488/488/488
v -0.2430 0.2658 -0.0528
vt 0.4018 0.6504
vn -0.4514 -0.8599 0.2385
v -0.2367 0.2945 -0.0074
vt 0.4094 0.6504
vn -0.3799 -0.5314 0.7571
v -0.2726 0.3005 -0.0385
vt 0.4065 0.6598
vn -0.7898 -0.4632 0.4021
f 489/489/489 490/490/490 491/491/491
v -0.2430 0.2658 -0.0528
vt 0.4018 0.6504
vn -0.4514 -0.8599 0.2385
v -0.1950 0.2669 -0.0279
vt 0.4073 0.6394
vn 0.0972 -0.8468 0.5229
v -0.2367 0.2945 -0.0074
vt 0.4094 0.6504
vn -0.3799 -0.5314 0.7571
f 492/492/492 493/493/493 494/494/494
v -0.1950 0.2669 -0.0279
vt 0.4073 0.6394
vn 0.0972 -0.8468 0.5229
v -0.1909 0.3024 0.0038
vt 0.4159 0.6411
vn 0.1435 -0.4410 0.8860
v -0.2367 0.2945 -0.0074
vt 0.4094 0.6504
vn -0.3799 -0.5314 0.7571
f 495/495/495 496/496/496 497/497/497
v -0.2178 0.3410 0.0126
vt 0.4217 0.6504
vn -0.1633 0.0000 0.9866
v -0.1934 0.3875 -0.0003
vt 0.4340 0.6504
vn 0.1156 0.5314 0.8392
v -0.2403 0.3796 -0.0044
vt 0.4275 0.6598
vn -0.4213 0.4410 0.7925
f 498/498/498 499/499/499 500/500/500
v -0.2178 0.3410 0.0126
vt 0.4217 0.6504
vn -0.1633 0.0000 0.9866
v -0.1643 0.3421 0.0045
vt 0.4272 0.6394
vn 0.4476 0.0130 0.8941
v -0.1934 0.3875 -0.0003
vt 0.4340 0.6504
vn 0.1156 0.5314 0.8392
f 501/501/501 502/502/502 503/503/503
v -0.1643 0.3421 0.0045
vt 0.4272 0.6394
vn 0.4476 0.0130 0.8941
v -0.1494 0.3815 -0.0181
vt 0.4368 0.6411
vn 0.6181 0.4632 0.6352
v -0.1934 0.3875 -0.0003
vt 0.4340 0.6504
vn 0.1156 0.5314 0.8392
f 504/504/504 505/505/505 506/506/506
v -0.1728 0.4162 -0.0412
vt 0.4416 0.6504
vn 0.3504 0.8599 0.3712
v -0.1640 0.4162 -0.0946
vt 0.4416 0.6504
vn 0.4514 0.8599 -0.2385
v -0.2054 0.4285 -0.0740
vt 0.4404 0.6598
vn -0.0219 0.9998 -0.0036
f 507/507/507 508/508/508 509/509/509
v -0.1728 0.4162 -0.0412
vt 0.4416 0.6504
vn 0.3504 0.8599 0.3712
v -0.1311 0.3886 -0.0617
vt 0.4395 0.6394
vn 0.8275 0.5445 0.1370
v -0.1640 0.4162 -0.0946
vt 0.4416 0.6504
vn 0.4514 0.8599 -0.2385
f 510/510/510 511/511/511 512/512/512
v -0.1311 0.3886 -0.0617
vt 0.4395 0.6394
vn 0.8275 0.5445 0.1370
v -0.1344 0.3815 -0.1089
vt 0.4368 0.6411
vn 0.7898 0.4632 -0.4021
v -0.1640 0.4162 -0.0946
vt 0.4416 0.6504
vn 0.4514 0.8599 -0.2385
f 513/513/513 514/514/514 515/515/515
v -0.1170 0.3428 -0.0868
vt 0.4306 0.6326
vn 0.9885 0.0211 -0.1496
v -0.1412 0.3421 -0.1351
vt 0.4272 0.6394
vn 0.7119 0.0130 -0.7022
v -0.1344 0.3815 -0.1089
vt 0.4368 0.6411
vn 0.7898 0.4632 -0.4021
f 516/516/516 517/517/517 518/518/518
v -0.1170 0.3428 -0.0868
vt 0.4306 0.6326
vn 0.9885 0.0211 -0.1496
v -0.1359 0.2963 -0.1069
vt 0.4183 0.6326
vn 0.7720 -0.5103 -0.3790
v -0.1412 0.3421 -0.1351
vt 0.4272 0.6394
vn 0.7119 0.0130 -0.7022
f 519/519/519 520/520/520 521/521/521
v -0.1359 0.2963 -0.1069
vt 0.4183 0.6326
vn 0.7720 -0.5103 -0.3790
v -0.1666 0.3024 -0.1430
vt 0.4159 0.6411
vn 0.4213 -0.4410 -0.7925
v -0.1412 0.3421 -0.1351
vt 0.4272 0.6394
vn 0.7119 0.0130 -0.7022
f 522/522/522 523/523/523 524/524/524
v -0.1359 0.2963 -0.1069
vt 0.4183 0.6326
vn 0.7720 -0.5103 -0.3790
v -0.1807 0.2669 -0.1143
vt 0.4073 0.6394
vn 0.2605 -0.8468 -0.4637
v -0.1666 0.3024 -0.1430
vt 0.4159 0.6411
vn 0.4213 -0.4410 -0.7925
f 525/525/525 526/526/526 527/527/527
v -0.1359 0.2963 -0.1069
vt 0.4183 0.6326
vn 0.7720 -0.5103 -0.3790
v -0.1565 0.2676 -0.0659
vt 0.4107 0.6326
vn 0.5372 -0.8388 0.0889
v -0.1807 0.2669 -0.1143
vt 0.4073 0.6394
vn 0.2605 -0.8468 -0.4637
f 528/528/528 529/529/529 530/530/530
v -0.1565 0.2676 -0.0659
vt 0.4107 0.6326
vn 0.5372 -0.8388 0.0889
v -0.2016 0.2535 -0.0734
vt 0.4030 0.6411
vn 0.0219 -0.9998 0.0036
v -0.1807 0.2669 -0.1143
vt 0.4073 0.6394
vn 0.2605 -0.8468 -0.4637
f 531/531/531 532/532/532 533/533/533
v -0.1565 0.2676 -0.0659
vt 0.4107 0.6326
vn 0.5372 -0.8388 0.0889
v -0.1950 0.2669 -0.0279
vt 0.4073 0.6394
vn 0.0972 -0.8468 0.5229
v -0.2016 0.2535 -0.0734
vt 0.4030 0.6411
vn 0.0219 -0.9998 0.0036
f 534/534/534 535/535/535 536/536/536
v -0.1565 0.2676 -0.0659
vt 0.4107 0.6326
vn 0.5372 -0.8388 0.0889
v -0.1502 0.2963 -0.0205
vt 0.4183 0.6326
vn 0.6086 -0.5103 0.6076
v -0.1950 0.2669 -0.0279
vt 0.4073 0.6394
vn 0.0972 -0.8468 0.5229
f 537/537/537 538/538/538 539/539/539
v -0.1502 0.2963 -0.0205
vt 0.4183 0.6326
vn 0.6086 -0.5103 0.6076
v -0.1909 0.3024 0.0038
vt 0.4159 0.6411
vn 0.1435 -0.4410 0.8860
v -0.1950 0.2669 -0.0279
vt 0.4073 0.6394
vn 0.0972 -0.8468 0.5229
f 540/540/540 541/541/541 542/542/542
v -0.1311 0.3886 -0.0617
vt 0.4395 0.6394
vn 0.8275 0.5445 0.1370
v -0.1170 0.3428 -0.0868
vt 0.4306 0.6326
vn 0.9885 0.0211 -0.1496
v -0.1344 0.3815 -0.1089
vt 0.4368 0.6411
vn 0.7898 0.4632 -0.4021
f 543/543/543 544/544/544 545/545/545
v -0.1311 0.3886 -0.0617
vt 0.4395 0.6394
vn 0.8275 0.5445 0.1370
v -0.1258 0.3428 -0.0334
vt 0.4306 0.6326
vn 0.8876 0.0211 0.4602
v -0.1170 0.3428 -0.0868
vt 0.4306 0.6326
vn 0.9885 0.0211 -0.1496
f 546/546/546 547/547/547 548/548/548
v -0.1258 0.3428 -0.0334
vt 0.4306 0.6326
vn 0.8876 0.0211 0.4602
v -0.1254 0.3036 -0.0608
vt 0.4217 0.6295
vn 0.8920 -0.4273 0.1477
v -0.1170 0.3428 -0.0868
vt 0.4306 0.6326
vn 0.9885 0.0211 -0.1496
f 549/549/549 550/550/550 551/551/551
v -0.1502 0.2963 -0.0205
vt 0.4183 0.6326
vn 0.6086 -0.5103 0.6076
v -0.1643 0.3421 0.0045
vt 0.4272 0.6394
vn 0.4476 0.0130 0.8941
v -0.1909 0.3024 0.0038
vt 0.4159 0.6411
vn 0.1435 -0.4410 0.8860
f 552/552/552 553/553/553 554/554/554
v -0.1502 0.2963 -0.0205
vt 0.4183 0.6326
vn 0.6086 -0.5103 0.6076
v -0.1258 0.3428 -0.0334
vt 0.4306 0.6326
vn 0.8876 0.0211 0.4602
v -0.1643 0.3421 0.0045
vt 0.4272 0.6394
vn 0.4476 0.0130 0.8941
f 555/555/555 556/556/556 557/557/557
v -0.1258 0.3428 -0.0334
vt 0.4306 0.6326
vn 0.8876 0.0211 0.4602
v -0.1494 0.3815 -0.0181
vt 0.4368 0.6411
vn 0.6181 0.4632 0.6352
v -0.1643 0.3421 0.0045
vt 0.4272 0.6394
vn 0.4476 0.0130 0.8941
f 558/558/558 559/559/559 560/560/560
v -0.3484 0.3048 -0.0863
vt 0.4217 0.6295
vn 0.8920 -0.4273 0.1477
v -0.3489 0.3550 -0.0514
vt 0.4306 0.6326
vn 0.8876 0.0211 0.4602
v -0.3801 0.2956 -0.0349
vt 0.4183 0.6326
vn 0.6086 -0.5103 0.6076
f 561/561/561 562/562/562 563/563/563
v -0.3791 0.4045 -0.0318
vt 0.4368 0.6411
vn 0.6181 0.4632 0.6352
v -0.3489 0.3550 -0.0514
vt 0.4306 0.6326
vn 0.8876 0.0211 0.4602
v -0.3557 0.4136 -0.0875
vt 0.4395 0.6394
vn 0.8275 0.5445 0.1370
f 564/564/564 565/565/565 566/566/566
v -0.3484 0.3048 -0.0863
vt 0.4217 0.6295
vn 0.8920 -0.4273 0.1477
v -0.3801 0.2956 -0.0349
vt 0.4183 0.6326
vn 0.6086 -0.5103 0.6076
v -0.3881 0.2588 -0.0929
vt 0.4107 0.6326
vn 0.5372 -0.8388 0.0889
f 567/567/567 568/568/568 569/569/569
v -0.3484 0.3048 -0.0863
vt 0.4217 0.6295
vn 0.8920 -0.4273 0.1477
v -0.3881 0.2588 -0.0929
vt 0.4107 0.6326
vn 0.5372 -0.8388 0.0889
v -0.3619 0.2956 -0.1453
vt 0.4183 0.6326
vn 0.7720 -0.5103 -0.3790
f 570/570/570 571/571/571 572/572/572
v -0.3484 0.3048 -0.0863
vt 0.4217 0.6295
vn 0.8920 -0.4273 0.1477
v -0.3619 0.2956 -0.1453
vt 0.4183 0.6326
vn 0.7720 -0.5103 -0.3790
v -0.3376 0.3550 -0.1196
vt 0.4306 0.6326
vn 0.9885 0.0211 -0.1496
f 573/573/573 574/574/574 575/575/575
v -0.3791 0.4045 -0.0318
vt 0.4368 0.6411
vn 0.6181 0.4632 0.6352
v -0.3557 0.4136 -0.0875
vt 0.4395 0.6394
vn 0.8275 0.5445 0.1370
v -0.4090 0.4488 -0.0613
vt 0.4416 0.6504
vn 0.3504 0.8599 0.3712
f 576/576/576 577/577/577 578/578/578
v -0.4322 0.3033 -0.0038
vt 0.4159 0.6411
vn 0.1435 -0.4410 0.8860
v -0.3982 0.3541 -0.0028
vt 0.4272 0.6394
vn 0.4476 0.0130 0.8941
v -0.4665 0.3526 0.0075
vt 0.4217 0.6504
vn -0.1633 0.0000 0.9866
f 579/579/579 580/580/580 581/581/581
v -0.4458 0.2408 -0.1025
vt 0.4030 0.6411
vn 0.0219 -0.9998 0.0036
v -0.4374 0.2579 -0.0444
vt 0.4073 0.6394
vn 0.0972 -0.8468 0.5229
v -0.4987 0.2565 -0.0762
vt 0.4018 0.6504
vn -0.4514 -0.8599 0.2385
f 582/582/582 583/583/583 584/584/584
v -0.4011 0.3033 -0.1915
vt 0.4159 0.6411
vn 0.4213 -0.4410 -0.7925
v -0.4191 0.2579 -0.1547
vt 0.4073 0.6394
vn 0.2605 -0.8468 -0.4637
v -0.4612 0.2932 -0.1967
vt 0.4094 0.6504
vn -0.1156 -0.5314 -0.8392
f 585/585/585 586/586/586 587/587/587
v -0.3599 0.4045 -0.1479
vt 0.4368 0.6411
vn 0.7898 0.4632 -0.4021
v -0.3686 0.3541 -0.1814
vt 0.4272 0.6394
vn 0.7119 0.0130 -0.7022
v -0.4057 0.4121 -0.1876
vt 0.4340 0.6504
vn 0.3799 0.5314 -0.7571
f 588/588/588 589/589/589 590/590/590
v -0.3791 0.4045 -0.0318
vt 0.4368 0.6411
vn 0.6181 0.4632 0.6352
v -0.4090 0.4488 -0.0613
vt 0.4416 0.6504
vn 0.3504 0.8599 0.3712
v -0.4353 0.4121 -0.0090
vt 0.4340 0.6504
vn 0.1156 0.5314 0.8392
f 591/591/591 592/592/592 593/593/593
v -0.4322 0.3033 -0.0038
vt 0.4159 0.6411
vn 0.1435 -0.4410 0.8860
v -0.4665 0.3526 0.0075
vt 0.4217 0.6504
vn -0.1633 0.0000 0.9866
v -0.4907 0.2932 -0.0182
vt 0.4094 0.6504
vn -0.3799 -0.5314 0.7571
f 594/594/594 595/595/595 596/596/596
v -0.4458 0.2408 -0.1025
vt 0.4030 0.6411
vn 0.0219 -0.9998 0.0036
v -0.4987 0.2565 -0.0762
vt 0.4018 0.6504
vn -0.4514 -0.8599 0.2385
v -0.4874 0.2565 -0.1444
vt 0.4018 0.6504
vn -0.3504 -0.8599 -0.3712
f 597/597/597 598/598/598 599/599/599
v -0.4011 0.3033 -0.1915
vt 0.4159 0.6411
vn 0.4213 -0.4410 -0.7925
v -0.4612 0.2932 -0.1967
vt 0.4094 0.6504
vn -0.1156 -0.5314 -0.8392
v -0.4300 0.3526 -0.2132
vt 0.4217 0.6504
vn 0.1633 -0.0000 -0.9866
f 600/600/600 601/601/601 602/602/602
v -0.3599 0.4045 -0.1479
vt 0.4368 0.6411
vn 0.7898 0.4632 -0.4021
v -0.4057 0.4121 -0.1876
vt 0.4340 0.6504
vn 0.3799 0.5314 -0.7571
v -0.3977 0.4488 -0.1295
vt 0.4416 0.6504
vn 0.4514 0.8599 -0.2385
f 603/603/603 604/604/604 605/605/605
v -0.4954 0.4020 -0.0142
vt 0.4275 0.6598
vn -0.4213 0.4410 0.7925
v -0.4774 0.4474 -0.0510
vt 0.4361 0.6614
vn -0.2605 0.8468 0.4637
v -0.5346 0.4097 -0.0605
vt 0.4251 0.6682
vn -0.7720 0.5103 0.3790
f 606/606/606 607/607/607 608/608/608
v -0.5366 0.3008 -0.0579
vt 0.4065 0.6598
vn -0.7898 -0.4632 0.4021
v -0.5279 0.3512 -0.0243
vt 0.4162 0.6614
vn -0.7119 -0.0130 0.7022
v -0.5588 0.3503 -0.0861
vt 0.4128 0.6682
vn -0.9885 -0.0211 0.1496
f 609/609/609 610/610/610 611/611/611
v -0.5174 0.3008 -0.1739
vt 0.4065 0.6598
vn -0.6181 -0.4632 -0.6352
v -0.5408 0.2917 -0.1182
vt 0.4039 0.6614
vn -0.8275 -0.5445 -0.1370
v -0.5475 0.3503 -0.1543
vt 0.4128 0.6682
vn -0.8876 -0.0211 -0.4602
f 612/612/612 613/613/613 614/614/614
v -0.4643 0.4020 -0.2020
vt 0.4275 0.6598
vn -0.1435 0.4410 -0.8860
v -0.4983 0.3512 -0.2029
vt 0.4162 0.6614
vn -0.4476 -0.0130 -0.8941
v -0.5163 0.4097 -0.1708
vt 0.4251 0.6682
vn -0.6086 0.5103 -0.6076
f 615/615/615 616/616/616 617/617/617
v -0.4507 0.4645 -0.1033
vt 0.4404 0.6598
vn -0.0219 0.9998 -0.0036
v -0.4591 0.4474 -0.1614
vt 0.4361 0.6614
vn -0.0972 0.8468 -0.5229
v -0.5083 0.4465 -0.1128
vt 0.4327 0.6682
vn -0.5372 0.8388 -0.0889
f 618/618/618 619/619/619 620/620/620
v -0.5083 0.4465 -0.1128
vt 0.4327 0.6682
vn -0.5372 0.8388 -0.0889
v -0.5163 0.4097 -0.1708
vt 0.4251 0.6682
vn -0.6086 0.5103 -0.6076
v -0.5480 0.4004 -0.1194
vt 0.4217 0.6713
vn -0.8920 0.4273 -0.1477
f 621/621/621 622/622/622 623/623/623
v -0.5083 0.4465 -0.1128
vt 0.4327 0.6682
vn -0.5372 0.8388 -0.0889
v -0.4591 0.4474 -0.1614
vt 0.4361 0.6614
vn -0.0972 0.8468 -0.5229
v -0.5163 0.4097 -0.1708
vt 0.4251 0.6682
vn -0.6086 0.5103 -0.6076
f 624/624/624 625/625/625 626/626/626
v -0.4591 0.4474 -0.1614
vt 0.4361 0.6614
vn -0.0972 0.8468 -0.5229
v -0.4643 0.4020 -0.2020
vt 0.4275 0.6598
vn -0.1435 0.4410 -0.8860
v -0.5163 0.4097 -0.1708
vt 0.4251 0.6682
vn -0.6086 0.5103 -0.6076
f 627/627/627 628/628/628 629/629/629
v -0.5163 0.4097 -0.1708
vt 0.4251 0.6682
vn -0.6086 0.5103 -0.6076
v -0.5475 0.3503 -0.1543
vt 0.4128 0.6682
vn -0.8876 -0.0211 -0.4602
v -0.5480 0.4004 -0.1194
vt 0.4217 0.6713
vn -0.8920 0.4273 -0.1477
f 630/630/630 631/631/631 632/632/632
v -0.5163 0.4097 -0.1708
vt 0.4251 0.6682
vn -0.6086 0.5103 -0.6076
v -0.4983 0.3512 -0.2029
vt 0.4162 0.6614
vn -0.4476 -0.0130 -0.8941
v -0.5475 0.3503 -0.1543
vt 0.4128 0.6682
vn -0.8876 -0.0211 -0.4602
f 633/633/633 634/634/634 635/635/635
v -0.4983 0.3512 -0.2029
vt 0.4162 0.6614
vn -0.4476 -0.0130 -0.8941
v -0.5174 0.3008 -0.1739
vt 0.4065 0.6598
vn -0.6181 -0.4632 -0.6352
v -0.5475 0.3503 -0.1543
vt 0.4128 0.6682
vn -0.8876 -0.0211 -0.4602
f 636/636/636 637/637/637 638/638/638
v -0.5475 0.3503 -0.1543
vt 0.4128 0.6682
vn -0.8876 -0.0211 -0.4602
v -0.5588 0.3503 -0.0861
vt 0.4128 0.6682
vn -0.9885 -0.0211 0.1496
v -0.5480 0.4004 -0.1194
vt 0.4217 0.6713
vn -0.8920 0.4273 -0.1477
f 639/639/639 640/640/640 641/641/641
v -0.5475 0.3503 -0.1543
vt 0.4128 0.6682
vn -0.8876 -0.0211 -0.4602
v -0.5408 0.2917 -0.1182
vt 0.4039 0.6614
vn -0.8275 -0.5445 -0.1370
v -0.5588 0.3503 -0.0861
vt 0.4128 0.6682
vn -0.9885 -0.0211 0.1496
f 642/642/642 643/643/643 644/644/644
v -0.5408 0.2917 -0.1182
vt 0.4039 0.6614
vn -0.8275 -0.5445 -0.1370
v -0.5366 0.3008 -0.0579
vt 0.4065 0.6598
vn -0.7898 -0.4632 0.4021
v -0.5588 0.3503 -0.0861
vt 0.4128 0.6682
vn -0.9885 -0.0211 0.1496
f 645/645/645 646/646/646 647/647/647
v -0.5588 0.3503 -0.0861
vt 0.4128 0.6682
vn -0.9885 -0.0211 0.1496
v -0.5346 0.4097 -0.0605
vt 0.4251 0.6682
vn -0.7720 0.5103 0.3790
v -0.5480 0.4004 -0.1194
vt 0.4217 0.6713
vn -0.8920 0.4273 -0.1477
f 648/648/648 649/649/649 650/650/650
v -0.5588 0.3503 -0.0861
vt 0.4128 0.6682
vn -0.9885 -0.0211 0.1496
v -0.5279 0.3512 -0.0243
vt 0.4162 0.6614
vn -0.7119 -0.0130 0.7022
v -0.5346 0.4097 -0.0605
vt 0.4251 0.6682
vn -0.7720 0.5103 0.3790
f 651/651/651 652/652/652 653/653/653
v -0.5279 0.3512 -0.0243
vt 0.4162 0.6614
vn -0.7119 -0.0130 0.7022
v -0.4954 0.4020 -0.0142
vt 0.4275 0.6598
vn -0.4213 0.4410 0.7925
v -0.5346 0.4097 -0.0605
vt 0.4251 0.6682
vn -0.7720 0.5103 0.3790
f 654/654/654 655/655/655 656/656/656
v -0.5346 0.4097 -0.0605
vt 0.4251 0.6682
vn -0.7720 0.5103 0.3790
v -0.5083 0.4465 -0.1128
vt 0.4327 0.6682
vn -0.5372 0.8388 -0.0889
v -0.5480 0.4004 -0.1194
vt 0.4217 0.6713
vn -0.8920 0.4273 -0.1477
f 657/657/657 658/658/658 659/659/659
v -0.5346 0.4097 -0.0605
vt 0.4251 0.6682
vn -0.7720 0.5103 0.3790
v -0.4774 0.4474 -0.0510
vt 0.4361 0.6614
vn -0.2605 0.8468 0.4637
v -0.5083 0.4465 -0.1128
vt 0.4327 0.6682
vn -0.5372 0.8388 -0.0889
f 660/660/660 661/661/661 662/662/662
v -0.4774 0.4474 -0.0510
vt 0.4361 0.6614
vn -0.2605 0.8468 0.4637
v -0.4507 0.4645 -0.1033
vt 0.4404 0.6598
vn -0.0219 0.9998 -0.0036
v -0.5083 0.4465 -0.1128
vt 0.4327 0.6682
vn -0.5372 0.8388 -0.0889
f 663/663/663 664/664/664 665/665/665
v -0.3977 0.4488 -0.1295
vt 0.4416 0.6504
vn 0.4514 0.8599 -0.2385
v -0.4591 0.4474 -0.1614
vt 0.4361 0.6614
vn -0.0972 0.8468 -0.5229
v -0.4507 0.4645 -0.1033
vt 0.4404 0.6598
vn -0.0219 0.9998 -0.0036
f 666/666/666 667/667/667 668/668/668
v -0.3977 0.4488 -0.1295
vt 0.4416 0.6504
vn 0.4514 0.8599 -0.2385
v -0.4057 0.4121 -0.1876
vt 0.4340 0.6504
vn 0.3799 0.5314 -0.7571
v -0.4591 0.4474 -0.1614
vt 0.4361 0.6614
vn -0.0972 0.8468 -0.5229
f 669/669/669 670/670/670 671/671/671
v -0.4057 0.4121 -0.1876
vt 0.4340 0.6504
vn 0.3799 0.5314 -0.7571
v -0.4643 0.4020 -0.2020
vt 0.4275 0.6598
vn -0.1435 0.4410 -0.8860
v -0.4591 0.4474 -0.1614
vt 0.4361 0.6614
vn -0.0972 0.8468 -0.5229
f 672/672/672 673/673/673 674/674/674
v -0.4300 0.3526 -0.2132
vt 0.4217 0.6504
vn 0.1633 -0.0000 -0.9866
v -0.4983 0.3512 -0.2029
vt 0.4162 0.6614
vn -0.4476 -0.0130 -0.8941
v -0.4643 0.4020 -0.2020
vt 0.4275 0.6598
vn -0.1435 0.4410 -0.8860
f 675/675/675 676/676/676 677/677/677
v -0.4300 0.3526 -0.2132
vt 0.4217 0.6504
vn 0.1633 -0.0000 -0.9866
v -0.4612 0.2932 -0.1967
vt 0.4094 0.6504
vn -0.1156 -0.5314 -0.8392
v -0.4983 0.3512 -0.2029
vt 0.4162 0.6614
vn -0.4476 -0.0130 -0.8941
f 678/678/678 679/679/679 680/680/680
v -0.4612 0.2932 -0.1967
vt 0.4094 0.6504
vn -0.1156 -0.5314 -0.8392
v -0.5174 0.3008 -0.1739
vt 0.4065 0.6598
vn -0.6181 -0.4632 -0.6352
v -0.4983 0.3512 -0.2029
vt 0.4162 0.6614
vn -0.4476 -0.0130 -0.8941
f 681/681/681 682/682/682 683/683/683
v -0.4874 0.2565 -0.1444
vt 0.4018 0.6504
vn -0.3504 -0.8599 -0.3712
v -0.5408 0.2917 -0.1182
vt 0.4039 0.6614
vn -0.8275 -0.5445 -0.1370
v -0.5174 0.3008 -0.1739
vt 0.4065 0.6598
vn -0.6181 -0.4632 -0.6352
f 684/684/684 685/685/685 686/686/686
v -0.4874 0.2565 -0.1444
vt 0.4018 0.6504
vn -0.3504 -0.8599 -0.3712
v -0.4987 0.2565 -0.0762
vt 0.4018 0.6504
vn -0.4514 -0.8599 0.2385
v -0.5408 0.2917 -0.1182
vt 0.4039 0.6614
vn -0.8275 -0.5445 -0.1370
f 687/687/687 688/688/688 689/689/689
v -0.4987 0.2565 -0.0762
vt 0.4018 0.6504
vn -0.4514 -0.8599 0.2385
v -0.5366 0.3008 -0.0579
vt 0.4065 0.6598
vn -0.7898 -0.4632 0.4021
v -0.5408 0.2917 -0.1182
vt 0.4039 0.6614
vn -0.8275 -0.5445 -0.1370
f 690/690/690 691/691/691 692/692/692
v -0.4907 0.2932 -0.0182
vt 0.4094 0.6504
vn -0.3799 -0.5314 0.7571
v -0.5279 0.3512 -0.0243
vt 0.4162 0.6614
vn -0.7119 -0.0130 0.7022
v -0.5366 0.3008 -0.0579
vt 0.4065 0.6598
vn -0.7898 -0.4632 0.4021
f 693/693/693 694/694/694 695/695/695
v -0.4907 0.2932 -0.0182
vt 0.4094 0.6504
vn -0.3799 -0.5314 0.7571
v -0.4665 0.3526 0.0075
vt 0.4217 0.6504
vn -0.1633 0.0000 0.9866
v -0.5279 0.3512 -0.0243
vt 0.4162 0.6614
vn -0.7119 -0.0130 0.7022
f 696/696/696 697/697/697 698/698/698
v -0.4665 0.3526 0.0075
vt 0.4217 0.6504
vn -0.1633 0.0000 0.9866
v -0.4954 0.4020 -0.0142
vt 0.4275 0.6598
vn -0.4213 0.4410 0.7925
v -0.5279 0.3512 -0.0243
vt 0.4162 0.6614
vn -0.7119 -0.0130 0.7022
f 699/699/699 700/700/700 701/701/701
v -0.4353 0.4121 -0.0090
vt 0.4340 0.6504
vn 0.1156 0.5314 0.8392
v -0.4774 0.4474 -0.0510
vt 0.4361 0.6614
vn -0.2605 0.8468 0.4637
v -0.4954 0.4020 -0.0142
vt 0.4275 0.6598
vn -0.4213 0.4410 0.7925
f 702/702/702 703/703/703 704/704/704
v -0.4353 0.4121 -0.0090
vt 0.4340 0.6504
vn 0.1156 0.5314 0.8392
v -0.4090 0.4488 -0.0613
vt 0.4416 0.6504
vn 0.3504 0.8599 0.3712
v -0.4774 0.4474 -0.0510
vt 0.4361 0.6614
vn -0.2605 0.8468 0.4637
f 705/705/705 706/706/706 707/707/707
v -0.4090 0.4488 -0.0613
vt 0.4416 0.6504
vn 0.3504 0.8599 0.3712
v -0.4507 0.4645 -0.1033
vt 0.4404 0.6598
vn -0.0219 0.9998 -0.0036
v -0.4774 0.4474 -0.0510
vt 0.4361 0.6614
vn -0.2605 0.8468 0.4637
f 708/708/708 709/709/709 710/710/710
v -0.4057 0.4121 -0.1876
vt 0.4340 0.6504
vn 0.3799 0.5314 -0.7571
v -0.4300 0.3526 -0.2132
vt 0.4217 0.6504
vn 0.1633 -0.0000 -0.9866
v -0.4643 0.4020 -0.2020
vt 0.4275 0.6598
vn -0.1435 0.4410 -0.8860
f 711/711/711 712/712/712 713/713/713
v -0.4057 0.4121 -0.1876
vt 0.4340 0.6504
vn 0.3799 0.5314 -0.7571
v -0.3686 0.3541 -0.1814
vt 0.4272 0.6394
vn 0.7119 0.0130 -0.7022
v -0.4300 0.3526 -0.2132
vt 0.4217 0.6504
vn 0.1633 -0.0000 -0.9866
f 714/714/714 715/715/715 716/716/716
v -0.3686 0.3541 -0.1814
vt 0.4272 0.6394
vn 0.7119 0.0130 -0.7022
v -0.4011 0.3033 -0.1915
vt 0.4159 0.6411
vn 0.4213 -0.4410 -0.7925
v -0.4300 0.3526 -0.2132
vt 0.4217 0.6504
vn 0.1633 -0.0000 -0.9866
f 717/717/717 718/718/718 719/719/719
v -0.4612 0.2932 -0.1967
vt 0.4094 0.6504
vn -0.1156 -0.5314 -0.8392
v -0.4874 0.2565 -0.1444
vt 0.4018 0.6504
vn -0.3504 -0.8599 -0.3712
v -0.5174 0.3008 -0.1739
vt 0.4065 0.6598
vn -0.6181 -0.4632 -0.6352
f 720/720/720 721/721/721 722/722/722
v -0.4612 0.2932 -0.1967
vt 0.4094 0.6504
vn -0.1156 -0.5314 -0.8392
v -0.4191 0.2579 -0.1547
vt 0.4073 0.6394
vn 0.2605 -0.8468 -0.4637
v -0.4874 0.2565 -0.1444
vt 0.4018 0.6504
vn -0.3504 -0.8599 -0.3712
f 723/723/723 724/724/724 725/725/725
v -0.4191 0.2579 -0.1547
vt 0.4073 0.6394
vn 0.2605 -0.8468 -0.4637
v -0.4458 0.2408 -0.1025
vt 0.4030 0.6411
vn 0.0219 -0.9998 0.0036
v -0.4874 0.2565 -0.1444
vt 0.4018 0.6504
vn -0.3504 -0.8599 -0.3712
f 726/726/726 727/727/727 728/728/728
v -0.4987 0.2565 -0.0762
vt 0.4018 0.6504
vn -0.4514 -0.8599 0.2385
v -0.4907 0.2932 -0.0182
vt 0.4094 0.6504
vn -0.3799 -0.5314 0.7571
v -0.5366 0.3008 -0.0579
vt 0.4065 0.6598
vn -0.7898 -0.4632 0.4021
f 729/729/729 730/730/730 731/731/731
v -0.4987 0.2565 -0.0762
vt 0.4018 0.6504
vn -0.4514 -0.8599 0.2385
v -0.4374 0.2579 -0.0444
vt 0.4073 0.6394
vn 0.0972 -0.8468 0.5229
v -0.4907 0.2932 -0.0182
vt 0.4094 0.6504
vn -0.3799 -0.5314 0.7571
f 732/732/732 733/733/733 734/734/734
v -0.4374 0.2579 -0.0444
vt 0.4073 0.6394
vn 0.0972 -0.8468 0.5229
v -0.4322 0.3033 -0.0038
vt 0.4159 0.6411
vn 0.1435 -0.4410 0.8860
v -0.4907 0.2932 -0.0182
vt 0.4094 0.6504
vn -0.3799 -0.5314 0.7571
f 735/735/735 736/736/736 737/737/737
v -0.4665 0.3526 0.0075
vt 0.4217 0.6504
vn -0.1633 0.0000 0.9866
v -0.4353 0.4121 -0.0090
vt 0.4340 0.6504
vn 0.1156 0.5314 0.8392
v -0.4954 0.4020 -0.0142
vt 0.4275 0.6598
vn -0.4213 0.4410 0.7925
f 738/738/738 739/739/739 740/740/740
v -0.4665 0.3526 0.0075
vt 0.4217 0.6504
vn -0.1633 0.0000 0.9866
v -0.3982 0.3541 -0.0028
vt 0.4272 0.6394
vn 0.4476 0.0130 0.8941
v -0.4353 0.4121 -0.0090
vt 0.4340 0.6504
vn 0.1156 0.5314 0.8392
f 741/741/741 742/742/742 743/743/743
v -0.3982 0.3541 -0.0028
vt 0.4272 0.6394
vn 0.4476 0.0130 0.8941
v -0.3791 0.4045 -0.0318
vt 0.4368 0.6411
vn 0.6181 0.4632 0.6352
v -0.4353 0.4121 -0.0090
vt 0.4340 0.6504
vn 0.1156 0.5314 0.8392
f 744/744/744 745/745/745 746/746/746
v -0.4090 0.4488 -0.0613
vt 0.4416 0.6504
vn 0.3504 0.8599 0.3712
v -0.3977 0.4488 -0.1295
vt 0.4416 0.6504
vn 0.4514 0.8599 -0.2385
v -0.4507 0.4645 -0.1033
vt 0.4404 0.6598
vn -0.0219 0.9998 -0.0036
f 747/747/747 748/748/748 749/749/749
v -0.4090 0.4488 -0.0613
vt 0.4416 0.6504
vn 0.3504 0.8599 0.3712
v -0.3557 0.4136 -0.0875
vt 0.4395 0.6394
vn 0.8275 0.5445 0.1370
v -0.3977 0.4488 -0.1295
vt 0.4416 0.6504
vn 0.4514 0.8599 -0.2385
f 750/750/750 751/751/751 752/752/752
v -0.3557 0.4136 -0.0875
vt 0.4395 0.6394
vn 0.8275 0.5445 0.1370
v -0.3599 0.4045 -0.1479
vt 0.4368 0.6411
vn 0.7898 0.4632 -0.4021
v -0.3977 0.4488 -0.1295
vt 0.4416 0.6504
vn 0.4514 0.8599 -0.2385
f 753/753/753 754/754/754 755/755/755
v -0.3376 0.3550 -0.1196
vt 0.4306 0.6326
vn 0.9885 0.0211 -0.1496
v -0.3686 0.3541 -0.1814
vt 0.4272 0.6394
vn 0.7119 0.0130 -0.7022
v -0.3599 0.4045 -0.1479
vt 0.4368 0.6411
vn 0.7898 0.4632 -0.4021
f 756/756/756 757/757/757 758/758/758
v -0.3376 0.3550 -0.1196
vt 0.4306 0.6326
vn 0.9885 0.0211 -0.1496
v -0.3619 0.2956 -0.1453
vt 0.4183 0.6326
vn 0.7720 -0.5103 -0.3790
v -0.3686 0.3541 -0.1814
vt 0.4272 0.6394
vn 0.7119 0.0130 -0.7022
f 759/759/759 760/760/760 761/761/761
v -0.3619 0.2956 -0.1453
vt 0.4183 0.6326
vn 0.7720 -0.5103 -0.3790
v -0.4011 0.3033 -0.1915
vt 0.4159 0.6411
vn 0.4213 -0.4410 -0.7925
v -0.3686 0.3541 -0.1814
vt 0.4272 0.6394
vn 0.7119 0.0130 -0.7022
f 762/762/762 763/763/763 764/764/764
v -0.3619 0.2956 -0.1453
vt 0.4183 0.6326
vn 0.7720 -0.5103 -0.3790
v -0.4191 0.2579 -0.1547
vt 0.4073 0.6394
vn 0.2605 -0.8468 -0.4637
v -0.4011 0.3033 -0.1915
vt 0.4159 0.6411
vn 0.4213 -0.4410 -0.7925
f 765/765/765 766/766/766 767/767/767
v -0.3619 0.2956 -0.1453
vt 0.4183 0.6326
vn 0.7720 -0.5103 -0.3790
v -0.3881 0.2588 -0.0929
vt 0.4107 0.6326
vn 0.5372 -0.8388 0.0889
v -0.4191 0.2579 -0.1547
vt 0.4073 0.6394
vn 0.2605 -0.8468 -0.4637
f 768/768/768 769/769/769 770/770/770
v -0.3881 0.2588 -0.0929
vt 0.4107 0.6326
vn 0.5372 -0.8388 0.0889
v -0.4458 0.2408 -0.1025
vt 0.4030 0.6411
vn 0.0219 -0.9998 0.0036
v -0.4191 0.2579 -0.1547
vt 0.4073 0.6394
vn 0.2605 -0.8468 -0.4637
f 771/771/771 772/772/772 773/773/773
v -0.3881 0.2588 -0.0929
vt 0.4107 0.6326
vn 0.5372 -0.8388 0.0889
v -0.4374 0.2579 -0.0444
vt 0.4073 0.6394
vn 0.0972 -0.8468 0.5229
v -0.4458 0.2408 -0.1025
vt 0.4030 0.6411
vn 0.0219 -0.9998 0.0036
f 774/774/774 775/775/775 776/776/776
v -0.3881 0.2588 -0.0929
vt 0.4107 0.6326
vn 0.5372 -0.8388 0.0889
v -0.3801 0.2956 -0.0349
vt 0.4183 0.6326
vn 0.6086 -0.5103 0.6076
v -0.4374 0.2579 -0.0444
vt 0.4073 0.6394
vn 0.0972 -0.8468 0.5229
f 777/777/777 778/778/778 779/779/779
v -0.3801 0.2956 -0.0349
vt 0.4183 0.6326
vn 0.6086 -0.5103 0.6076
v -0.4322 0.3033 -0.0038
vt 0.4159 0.6411
vn 0.1435 -0.4410 0.8860
v -0.4374 0.2579 -0.0444
vt 0.4073 0.6394
vn 0.0972 -0.8468 0.5229
f 780/780/780 781/781/781 782/782/782
v -0.3557 0.4136 -0.0875
vt 0.4395 0.6394
vn 0.8275 0.5445 0.1370
v -0.3376 0.3550 -0.1196
vt 0.4306 0.6326
vn 0.9885 0.0211 -0.1496
v -0.3599 0.4045 -0.1479
vt 0.4368 0.6411
vn 0.7898 0.4632 -0.4021
f 783/783/783 784/784/784 785/785/785
v -0.3557 0.4136 -0.0875
vt 0.4395 0.6394
vn 0.8275 0.5445 0.1370
v -0.3489 0.3550 -0.0514
vt 0.4306 0.6326
vn 0.8876 0.0211 0.4602
v -0.3376 0.3550 -0.1196
vt 0.4306 0.6326
vn 0.9885 0.0211 -0.1496
f 786/786/786 787/787/787 788/788/788
v -0.3489 0.3550 -0.0514
vt 0.4306 0.6326
vn 0.8876 0.0211 0.4602
v -0.3484 0.3048 -0.0863
vt 0.4217 0.6295
vn 0.8920 -0.4273 0.1477
v -0.3376 0.3550 -0.1196
vt 0.4306 0.6326
vn 0.9885 0.0211 -0.1496
f 789/789/789 790/790/790 791/791/791
v -0.3801 0.2956 -0.0349
vt 0.4183 0.6326
vn 0.6086 -0.5103 0.6076
v -0.3982 0.3541 -0.0028
vt 0.4272 0.6394
vn 0.4476 0.0130 0.8941
v -0.4322 0.3033 -0.0038
vt 0.4159 0.6411
vn 0.1435 -0.4410 0.8860
f 792/792/792 793/793/793 794/794/794
v -0.3801 0.2956 -0.0349
vt 0.4183 0.6326
vn 0.6086 -0.5103 0.6076
v -0.3489 0.3550 -0.0514
vt 0.4306 0.6326
vn 0.8876 0.0211 0.4602
v -0.3982 0.3541 -0.0028
vt 0.4272 0.6394
vn 0.4476 0.0130 0.8941
f 795/795/795 796/796/796 797/797/797
v -0.3489 0.3550 -0.0514
vt 0.4306 0.6326
vn 0.8876 0.0211 0.4602
v -0.3791 0.4045 -0.0318
vt 0.4368 0.6411
vn 0.6181 0.4632 0.6352
v -0.3982 0.3541 -0.0028
vt 0.4272 0.6394
vn 0.4476 0.0130 0.8941
f 798/798/798 799/799/799 800/800/800
v -0.7000 0.1750 0.3500
vt 0.7842 0.8581
vn -1.0000 0.0000 0.0000
v -0.7000 0.3500 0.3500
vt 0.7842 0.8919
vn -1.0000 0.0000 0.0000
v -0.7000 0.5250 -0.3500
vt 0.7842 0.9258
vn -1.0000 0.0000 0.0000
v -0.7000 0.2625 -0.3500
vt 0.7842 0.8750
vn -1.0000 0.0000 0.0000
f 801/801/801 802/802/802 803/803/803 804/804/804
v -0.7000 0.2625 -0.3500
vt 0.7842 0.8750
vn 0.0000 0.0000 -1.0000
v -0.7000 0.5250 -0.3500
vt 0.7842 0.9258
vn 0.0000 0.0000 -1.0000
v 0.7000 0.5250 -0.3500
vt 0.8408 0.9258
vn 0.0000 0.0000 -1.0000
v 0.7000 0.2625 -0.3500
vt 0.8408 0.8750
vn 0.0000 0.0000 -1.0000
f 805/805/805 806/806/806 807/807/807 808/808/808
v 0.7000 0.2625 -0.3500
vt 0.8408 0.8750
vn 1.0000 0.0000 0.0000
v 0.7000 0.5250 -0.3500
vt 0.8408 0.9258
vn 1.0000 0.0000 0.0000
v 0.7000 0.3500 0.3500
vt 0.8408 0.8919
vn 1.0000 0.0000 0.0000
v 0.7000 0.1750 0.3500
vt 0.8408 0.8581
vn 1.0000 0.0000 0.0000
f 809/809/809 810/810/810 811/811/811 812/812/812
v 0.7000 0.1750 0.3500
vt 0.8408 0.8581
vn 0.0000 0.0000 1.0000
v 0.7000 0.3500 0.3500
vt 0.8408 0.8919
vn 0.0000 0.0000 1.0000
v -0.7000 0.3500 0.3500
vt 0.7842 0.8919
vn 0.0000 0.0000 1.0000
v -0.7000 0.1750 0.3500
vt 0.7842 0.8581
vn 0.0000 0.0000 1.0000
f 813/813/813 814/814/814 815/815/815 816/816/816
v -0.7000 0.0000 -0.3500
vt 0.7842 0.8086
vn 0.0000 -1.0000 0.0000
v 0.7000 0.0000 -0.3500
vt 0.8408 0.8086
vn 0.0000 -1.0000 0.0000
v 0.7000 0.0000 0.3500
vt 0.8408 0.8086
vn 0.0000 -1.0000 0.0000
v -0.7000 0.0000 0.3500
vt 0.7842 0.8086
vn 0.0000 -1.0000 0.0000
f 817/817/817 818/818/818 819/819/819 820/820/820
v 0.5983 0.5003 -0.2513
vt 0.8367 0.9054
vn 0.0000 0.0000 1.0000
v -0.5983 0.5003 -0.2513
vt 0.7883 0.9054
vn 0.0000 0.0000 1.0000
v -0.5983 0.1225 -0.2513
vt 0.7883 0.8323
vn 0.0000 0.0000 1.0000
v 0.5983 0.1225 -0.2513
vt 0.8367 0.8323
vn 0.0000 0.0000 1.0000
f 821/821/821 822/822/822 823/823/823 824/824/824
v -0.5983 0.3747 0.2513
vt 0.7883 0.9280
vn 0.0000 0.9701 0.2425
v -0.5983 0.5003 -0.2513
vt 0.7883 0.9523
vn 0.0000 0.9701 0.2425
v -0.7000 0.5250 -0.3500
vt 0.7842 0.9570
vn 0.0000 0.9701 0.2425
v -0.7000 0.3500 0.3500
vt 0.7842 0.9232
vn 0.0000 0.9701 0.2425
f 825/825/825 826/826/826 827/827/827 828/828/828
v -0.5983 0.5003 -0.2513
vt 0.7883 0.9523
vn 0.0000 0.9701 0.2425
v 0.5983 0.5003 -0.2513
vt 0.8367 0.9523
vn 0.0000 0.9701 0.2425
v 0.7000 0.5250 -0.3500
vt 0.8408 0.9570
vn 0.0000 0.9701 0.2425
v -0.7000 0.5250 -0.3500
vt 0.7842 0.9570
vn 0.0000 0.9701 0.2425
f 829/829/829 830/830/830 831/831/831 832/832/832
v 0.5983 0.5003 -0.2513
vt 0.8367 0.9523
vn 0.0000 0.9701 0.2425
v 0.5983 0.3747 0.2513
vt 0.8367 0.9280
vn 0.0000 0.9701 0.2425
v 0.7000 0.3500 0.3500
vt 0.8408 0.9232
vn 0.0000 0.9701 0.2425
v 0.7000 0.5250 -0.3500
vt 0.8408 0.9570
vn 0.0000 0.9701 0.2425
f 833/833/833 834/834/834 835/835/835 836/836/836
v 0.5983 0.3747 0.2513
vt 0.8367 0.9280
vn 0.0000 0.9701 0.2425
v -0.5983 0.3747 0.2513
vt 0.7883 0.9280
vn 0.0000 0.9701 0.2425
v -0.7000 0.3500 0.3500
vt 0.7842 0.9232
vn 0.0000 0.9701 0.2425
v 0.7000 0.3500 0.3500
vt 0.8408 0.9232
vn 0.0000 0.9701 0.2425
f 837/837/837 838/838/838 839/839/839 840/840/840
v 0.5983 0.1225 -0.2513
vt 0.8367 0.8635
vn 0.0000 1.0000 0.0000
v -0.5983 0.1225 -0.2513
vt 0.7883 0.8635
vn 0.0000 1.0000 0.0000
v -0.5983 0.1225 0.2513
vt 0.7883 0.8635
vn 0.0000 1.0000 0.0000
v 0.5983 0.1225 0.2513
vt 0.8367 0.8635
vn 0.0000 1.0000 0.0000
f 841/841/841 842/842/842 843/843/843 844/844/844
v 0.5983 0.3747 0.2513
vt 0.8367 0.8811
vn -1.0000 0.0000 0.0000
v 0.5983 0.5003 -0.2513
vt 0.8367 0.9054
vn -1.0000 0.0000 0.0000
v 0.5983 0.1225 -0.2513
vt 0.8367 0.8323
vn -1.0000 0.0000 0.0000
v 0.5983 0.1225 0.2513
vt 0.8367 0.8323
vn -1.0000 0.0000 0.0000
f 845/845/845 846/846/846 847/847/847 848/848/848
v -0.5983 0.5003 -0.2513
vt 0.7883 0.9054
vn 1.0000 0.0000 0.0000
v -0.5983 0.3747 0.2513
vt 0.7883 0.8811
vn 1.0000 0.0000 0.0000
v -0.5983 0.1225 0.2513
vt 0.7883 0.8323
vn 1.0000 0.0000 0.0000
v -0.5983 0.1225 -0.2513
vt 0.7883 0.8323
vn 1.0000 0.0000 0.0000
f 849/849/849 850/850/850 851/851/851 852/852/852
v -0.5983 0.3747 0.2513
vt 0.7883 0.8811
vn 0.0000 0.0000 -1.0000
v 0.5983 0.3747 0.2513
vt 0.8367 0.8811
vn 0.0000 0.0000 -1.0000
v 0.5983 0.1225 0.2513
vt 0.8367 0.8323
vn 0.0000 0.0000 -1.0000
v -0.5983 0.1225 0.2513
vt 0.7883 0.8323
vn 0.0000 0.0000 -1.0000
f 853/853/853 854/854/854 855/855/855 856/856/856
v 0.0529 0.4443 -0.2513
vt 0.8367 0.8948
vn 0.0000 0.9684 0.2496
v -0.0529 0.4443 -0.2513
vt 0.7883 0.8948
vn 0.0000 0.9684 0.2496
v -0.0529 0.3147 0.2513
vt 0.7883 0.8948
vn 0.0000 0.9684 0.2496
v 0.0529 0.3147 0.2513
vt 0.8367 0.8948
vn 0.0000 0.9684 0.2496
f 857/857/857 858/858/858 859/859/859 860/860/860
v 0.0529 0.1225 0.2513
vt 0.8367 0.8479
vn 1.0000 0.0000 0.0000
v 0.0529 0.1225 -0.2513
vt 0.8367 0.8479
vn 1.0000 0.0000 0.0000
v 0.0529 0.4443 -0.2513
vt 0.8367 0.8479
vn 1.0000 0.0000 0.0000
v 0.0529 0.3147 0.2513
vt 0.8367 0.8479
vn 1.0000 0.0000 0.0000
f 861/861/861 862/862/862 863/863/863 864/864/864
v -0.0529 0.1225 -0.2513
vt 0.7883 0.8479
vn -1.0000 0.0000 0.0000
v -0.0529 0.1225 0.2513
vt 0.7883 0.8479
vn -1.0000 0.0000 0.0000
v -0.0529 0.3147 0.2513
vt 0.7883 0.8479
vn -1.0000 0.0000 0.0000
v -0.0529 0.4443 -0.2513
vt 0.7883 0.8479
vn -1.0000 0.0000 0.0000
f 865/865/865 866/866/866 867/867/867 868/868/868
v 0.7000 0.0000 0.3500
vt 0.8408 0.8242
vn 0.0000 0.0000 1.0000
v 0.7000 0.1750 0.3500
vt 0.8408 0.8424
vn 0.0000 0.0000 1.0000
v -0.7000 0.1750 0.3500
vt 0.7842 0.8424
vn 0.0000 0.0000 1.0000
v -0.7000 0.0000 0.3500
vt 0.7842 0.8242
vn 0.0000 0.0000 1.0000
f 869/869/869 870/870/870 871/871/871 872/872/872
v 0.7000 0.0000 -0.3500
vt 0.8408 0.8242
vn 1.0000 0.0000 0.0000
v 0.7000 0.2625 -0.3500
vt 0.8408 0.8594
vn 1.0000 0.0000 0.0000
v 0.7000 0.1750 0.3500
vt 0.8408 0.8424
vn 1.0000 0.0000 0.0000
v 0.7000 0.0000 0.3500
vt 0.8408 0.8242
vn 1.0000 0.0000 0.0000
f 873/873/873 874/874/874 875/875/875 876/876/876
v -0.7000 0.0000 -0.3500
vt 0.7842 0.8242
vn 0.0000 0.0000 -1.0000
v -0.7000 0.2625 -0.3500
vt 0.7842 0.8594
vn 0.0000 0.0000 -1.0000
v 0.7000 0.2625 -0.3500
vt 0.8408 0.8594
vn 0.0000 0.0000 -1.0000
v 0.7000 0.0000 -0.3500
vt 0.8408 0.8242
vn 0.0000 0.0000 -1.0000
f 877/877/877 878/878/878 879/879/879 880/880/880
v -0.7000 0.0000 0.3500
vt 0.7842 0.8242
vn -1.0000 0.0000 0.0000
v -0.7000 0.1750 0.3500
vt 0.7842 0.8424
vn -1.0000 0.0000 0.0000
v -0.7000 0.2625 -0.3500
vt 0.7842 0.8594
vn -1.0000 0.0000 0.0000
v -0.7000 0.0000 -0.3500
vt 0.7842 0.8242
vn -1.0000 0.0000 0.0000
f 881/881/881 882/882/882 883/883/883 884/884/884
v 0.1897 0.3798 -0.1950
vt 0.8367 0.3953
vn -0.1320 0.9912 -0.0025
v 0.1897 0.3784 -0.2817
vt 0.8554 0.3918
vn -0.0710 0.9974 0.0109
v 0.0407 0.3784 -0.2817
vt 0.8554 0.3918
vn -0.0855 0.9876 0.1313
v 0.0407 0.3551 -0.2037
vt 0.8374 0.3920
vn -0.1578 0.9834 0.0890
f 885/885/885 886/886/886 887/887/887 888/888/888
v 0.1897 0.2569 0.2972
vt 0.7656 0.3918
vn -0.0606 0.9581 0.2801
v 0.1897 0.2884 0.1730
vt 0.7836 0.3928
vn -0.0965 0.9323 0.3485
v 0.0407 0.2812 0.1719
vt 0.7836 0.3918
vn -0.0679 0.9489 0.3081
v 0.0407 0.2569 0.2972
vt 0.7656 0.3918
vn -0.0246 0.9755 0.2185
f 889/889/889 890/890/890 891/891/891 892/892/892
v 0.1897 0.2884 0.1730
vt 0.7836 0.3928
vn -0.0965 0.9323 0.3485
v 0.1897 0.3484 0.0584
vt 0.8008 0.3953
vn -0.1690 0.9249 0.3405
v 0.0407 0.3238 0.0497
vt 0.8015 0.3920
vn -0.1769 0.9382 0.2974
v 0.0407 0.2812 0.1719
vt 0.7836 0.3918
vn -0.0679 0.9489 0.3081
f 893/893/893 894/894/894 895/895/895 896/896/896
v 0.1897 0.3484 0.0584
vt 0.8008 0.3953
vn -0.1690 0.9249 0.3405
v 0.1897 0.3840 -0.0596
vt 0.8180 0.3992
vn -0.1983 0.9722 0.1243
v 0.0407 0.3388 -0.0756
vt 0.8192 0.3931
vn -0.2356 0.9646 0.1185
v 0.0407 0.3238 0.0497
vt 0.8015 0.3920
vn -0.1769 0.9382 0.2974
f 897/897/897 898/898/898 899/899/899 900/900/900
v 0.1897 0.3840 -0.0596
vt 0.8180 0.3992
vn -0.1983 0.9722 0.1243
v 0.1897 0.3798 -0.1950
vt 0.8367 0.3953
vn -0.1320 0.9912 -0.0025
v 0.0407 0.3551 -0.2037
vt 0.8374 0.3920
vn -0.1578 0.9834 0.0890
v 0.0407 0.3388 -0.0756
vt 0.8192 0.3931
vn -0.2356 0.9646 0.1185
f 901/901/901 902/902/902 903/903/903 904/904/904
v 0.6137 0.3388 -0.0756
vt 0.8192 0.3931
vn 0.2787 0.9432 0.1811
v 0.6137 0.3551 -0.2037
vt 0.8374 0.3920
vn 0.1850 0.9787 0.0889
v 0.4877 0.3798 -0.1950
vt 0.8367 0.3953
vn 0.1464 0.9892 -0.0028
v 0.4877 0.3840 -0.0596
vt 0.8180 0.3992
vn 0.2334 0.9569 0.1730
f 905/905/905 906/906/906 907/907/907 908/908/908
v 0.4877 0.3840 -0.0596
vt 0.8180 0.3992
vn 0.2334 0.9569 0.1730
v 0.4877 0.3798 -0.1950
vt 0.8367 0.3953
vn 0.1464 0.9892 -0.0028
v 0.3387 0.3970 -0.1889
vt 0.8363 0.3976
vn -0.0000 0.9959 -0.0908
v 0.3387 0.4129 -0.0493
vt 0.8172 0.4499
vn 0.0142 0.9882 0.1528
f 909/909/909 910/910/910 911/911/911 912/912/912
v 0.3387 0.4129 -0.0493
vt 0.8172 0.4499
vn 0.0142 0.9882 0.1528
v 0.3387 0.3970 -0.1889
vt 0.8363 0.3976
vn -0.0000 0.9959 -0.0908
v 0.1897 0.3798 -0.1950
vt 0.8367 0.3953
vn -0.1320 0.9912 -0.0025
v 0.1897 0.3840 -0.0596
vt 0.8180 0.3992
vn -0.1983 0.9722 0.1243
f 913/913/913 914/914/914 915/915/915 916/916/916
v 0.6137 0.3065 0.0469
vt 0.8015 0.3920
vn 0.2083 0.9318 0.2973
v 0.6137 0.3388 -0.0756
vt 0.8192 0.3931
vn 0.2787 0.9432 0.1811
v 0.4877 0.3840 -0.0596
vt 0.8180 0.3992
vn 0.2334 0.9569 0.1730
v 0.4877 0.3312 0.0557
vt 0.8008 0.3953
vn 0.2119 0.9172 0.3375
f 917/917/917 918/918/918 919/919/919 920/920/920
v 0.4877 0.3312 0.0557
vt 0.8008 0.3953
vn 0.2119 0.9172 0.3375
v 0.4877 0.3840 -0.0596
vt 0.8180 0.3992
vn 0.2334 0.9569 0.1730
v 0.3387 0.4129 -0.0493
vt 0.8172 0.4499
vn 0.0142 0.9882 0.1528
v 0.3387 0.3675 0.0648
vt 0.8004 0.3979
vn 0.0277 0.9220 0.3862
f 921/921/921 922/922/922 923/923/923 924/924/924
v 0.3387 0.3675 0.0648
vt 0.8004 0.3979
vn 0.0277 0.9220 0.3862
v 0.3387 0.4129 -0.0493
vt 0.8172 0.4499
vn 0.0142 0.9882 0.1528
v 0.1897 0.3840 -0.0596
vt 0.8180 0.3992
vn -0.1983 0.9722 0.1243
v 0.1897 0.3484 0.0584
vt 0.8008 0.3953
vn -0.1690 0.9249 0.3405
f 925/925/925 926/926/926 927/927/927 928/928/928
v 0.6137 0.2812 0.1719
vt 0.7836 0.3918
vn 0.0802 0.9665 0.2437
v 0.6137 0.3065 0.0469
vt 0.8015 0.3920
vn 0.2083 0.9318 0.2973
v 0.4877 0.3312 0.0557
vt 0.8008 0.3953
vn 0.2119 0.9172 0.3375
v 0.4877 0.2884 0.1730
vt 0.7836 0.3928
vn 0.1168 0.9466 0.3006
f 929/929/929 930/930/930 931/931/931 932/932/932
v 0.4877 0.2884 0.1730
vt 0.7836 0.3928
vn 0.1168 0.9466 0.3006
v 0.4877 0.3312 0.0557
vt 0.8008 0.3953
vn 0.2119 0.9172 0.3375
v 0.3387 0.3675 0.0648
vt 0.8004 0.3979
vn 0.0277 0.9220 0.3862
v 0.3387 0.3157 0.1774
vt 0.7836 0.3963
vn 0.0147 0.9259 0.3775
f 933/933/933 934/934/934 935/935/935 936/936/936
v 0.3387 0.3157 0.1774
vt 0.7836 0.3963
vn 0.0147 0.9259 0.3775
v 0.3387 0.3675 0.0648
vt 0.8004 0.3979
vn 0.0277 0.9220 0.3862
v 0.1897 0.3484 0.0584
vt 0.8008 0.3953
vn -0.1690 0.9249 0.3405
v 0.1897 0.2884 0.1730
vt 0.7836 0.3928
vn -0.0965 0.9323 0.3485
f 937/937/937 938/938/938 939/939/939 940/940/940
v 0.6137 0.2569 0.2972
vt 0.7656 0.3918
vn 0.0291 0.9754 0.2185
v 0.6137 0.2812 0.1719
vt 0.7836 0.3918
vn 0.0802 0.9665 0.2437
v 0.4877 0.2884 0.1730
vt 0.7836 0.3928
vn 0.1168 0.9466 0.3006
v 0.4877 0.2569 0.2972
vt 0.7656 0.3918
vn 0.0629 0.9579 0.2800
f 941/941/941 942/942/942 943/943/943 944/944/944
v 0.4877 0.2569 0.2972
vt 0.7656 0.3918
vn 0.0629 0.9579 0.2800
v 0.4877 0.2884 0.1730
vt 0.7836 0.3928
vn 0.1168 0.9466 0.3006
v 0.3387 0.3157 0.1774
vt 0.7836 0.3963
vn 0.0147 0.9259 0.3775
v 0.3387 0.2585 0.2974
vt 0.7656 0.3921
vn 0.0000 0.9398 0.3417
f 945/945/945 946/946/946 947/947/947 948/948/948
v 0.3387 0.2585 0.2974
vt 0.7656 0.3921
vn 0.0000 0.9398 0.3417
v 0.3387 0.3157 0.1774
vt 0.7836 0.3963
vn 0.0147 0.9259 0.3775
v 0.1897 0.2884 0.1730
vt 0.7836 0.3928
vn -0.0965 0.9323 0.3485
v 0.1897 0.2569 0.2972
vt 0.7656 0.3918
vn -0.0606 0.9581 0.2801
f 949/949/949 950/950/950 951/951/951 952/952/952
v 0.6137 0.3551 -0.2037
vt 0.8374 0.3920
vn 0.1850 0.9787 0.0889
v 0.6137 0.3784 -0.2817
vt 0.8554 0.3918
vn 0.1008 0.9862 0.1312
v 0.4877 0.3784 -0.2817
vt 0.8554 0.3918
vn 0.0788 0.9968 0.0108
v 0.4877 0.3798 -0.1950
vt 0.8367 0.3953
vn 0.1464 0.9892 -0.0028
f 953/953/953 954/954/954 955/955/955 956/956/956
v 0.4877 0.3798 -0.1950
vt 0.8367 0.3953
vn 0.1464 0.9892 -0.0028
v 0.4877 0.3784 -0.2817
vt 0.8554 0.3918
vn 0.0788 0.9968 0.0108
v 0.3387 0.3785 -0.2816
vt 0.8554 0.3919
vn -0.0000 0.9939 -0.1099
v 0.3387 0.3970 -0.1889
vt 0.8363 0.3976
vn -0.0000 0.9959 -0.0908
f 957/957/957 958/958/958 959/959/959 960/960/960
v 0.3387 0.3970 -0.1889
vt 0.8363 0.3976
vn -0.0000 0.9959 -0.0908
v 0.3387 0.3785 -0.2816
vt 0.8554 0.3919
vn -0.0000 0.9939 -0.1099
v 0.1897 0.3784 -0.2817
vt 0.8554 0.3918
vn -0.0710 0.9974 0.0109
v 0.1897 0.3798 -0.1950
vt 0.8367 0.3953
vn -0.1320 0.9912 -0.0025
f 961/961/961 962/962/962 963/963/963 964/964/964
v 0.2675 0.2901 0.0800
vt 0.7967 0.3795
vn 0.9177 -0.3970 -0.0140
v 0.2678 0.3227 0.1151
vt 0.8056 0.3826
vn 0.9221 -0.0247 0.3861
v 0.2465 0.2732 0.1196
vt 0.7933 0.3826
vn 0.6783 -0.5903 0.4377
f 965/965/965 966/966/966 967/967/967
v 0.2441 0.3559 0.1400
vt 0.8118 0.3911
vn 0.6511 0.3550 0.6708
v 0.2678 0.3227 0.1151
vt 0.8056 0.3826
vn 0.9221 -0.0247 0.3861
v 0.2584 0.3730 0.0976
vt 0.8145 0.3894
vn 0.8138 0.5503 0.1870
f 968/968/968 969/969/969 970/970/970
v 0.2675 0.2901 0.0800
vt 0.7967 0.3795
vn 0.9177 -0.3970 -0.0140
v 0.2465 0.2732 0.1196
vt 0.7933 0.3826
vn 0.6783 -0.5903 0.4377
v 0.2375 0.2543 0.0697
vt 0.7857 0.3826
vn 0.5759 -0.8068 -0.1321
f 971/971/971 972/972/972 973/973/973
v 0.2675 0.2901 0.0800
vt 0.7967 0.3795
vn 0.9177 -0.3970 -0.0140
v 0.2375 0.2543 0.0697
vt 0.7857 0.3826
vn 0.5759 -0.8068 -0.1321
v 0.2534 0.2920 0.0344
vt 0.7933 0.3826
vn 0.7565 -0.3751 -0.5358
f 974/974/974 975/975/975 976/976/976
v 0.2675 0.2901 0.0800
vt 0.7967 0.3795
vn 0.9177 -0.3970 -0.0140
v 0.2534 0.2920 0.0344
vt 0.7933 0.3826
vn 0.7565 -0.3751 -0.5358
v 0.2721 0.3343 0.0624
vt 0.8056 0.3826
vn 0.9705 0.1083 -0.2155
f 977/977/977 978/978/978 979/979/979
v 0.2441 0.3559 0.1400
vt 0.8118 0.3911
vn 0.6511 0.3550 0.6708
v 0.2584 0.3730 0.0976
vt 0.8145 0.3894
vn 0.8138 0.5503 0.1870
v 0.2175 0.3933 0.1266
vt 0.8166 0.4004
vn 0.3463 0.7821 0.5181
f 980/980/980 981/981/981 982/982/982
v 0.2078 0.2717 0.1477
vt 0.7909 0.3911
vn 0.2362 -0.6072 0.7586
v 0.2328 0.3119 0.1548
vt 0.8022 0.3894
vn 0.5216 -0.1483 0.8402
v 0.1803 0.3060 0.1664
vt 0.7967 0.4004
vn -0.0782 -0.2152 0.9734
f 983/983/983 984/984/984 985/985/985
v 0.1926 0.2395 0.0628
vt 0.7780 0.3911
vn 0.0620 -0.9756 -0.2107
v 0.2025 0.2434 0.1095
vt 0.7823 0.3894
vn 0.1753 -0.9303 0.3221
v 0.1526 0.2448 0.0886
vt 0.7768 0.4004
vn -0.3946 -0.9151 0.0835
f 986/986/986 987/987/987 988/988/988
v 0.2195 0.3038 0.0027
vt 0.7909 0.3911
vn 0.3693 -0.2411 -0.8975
v 0.2093 0.2623 0.0243
vt 0.7823 0.3894
vn 0.2535 -0.7152 -0.6514
v 0.1727 0.2942 0.0006
vt 0.7844 0.4004
vn -0.1657 -0.3504 -0.9218
f 989/989/989 990/990/990 991/991/991
v 0.2513 0.3757 0.0504
vt 0.8118 0.3911
vn 0.7334 0.5812 -0.3527
v 0.2439 0.3423 0.0170
vt 0.8022 0.3894
vn 0.6481 0.1999 -0.7348
v 0.2127 0.3860 0.0241
vt 0.8090 0.4004
vn 0.2922 0.6985 -0.6532
f 992/992/992 993/993/993 994/994/994
v 0.2441 0.3559 0.1400
vt 0.8118 0.3911
vn 0.6511 0.3550 0.6708
v 0.2175 0.3933 0.1266
vt 0.8166 0.4004
vn 0.3463 0.7821 0.5181
v 0.2017 0.3555 0.1619
vt 0.8090 0.4004
vn 0.1657 0.3504 0.9218
f 995/995/995 996/996/996 997/997/997
v 0.2078 0.2717 0.1477
vt 0.7909 0.3911
vn 0.2362 -0.6072 0.7586
v 0.1803 0.3060 0.1664
vt 0.7967 0.4004
vn -0.0782 -0.2152 0.9734
v 0.1616 0.2637 0.1384
vt 0.7844 0.4004
vn -0.2922 -0.6985 0.6532
f 998/998/998 999/999/999 1000/1000/1000
v 0.1926 0.2395 0.0628
vt 0.7780 0.3911
vn 0.0620 -0.9756 -0.2107
v 0.1526 0.2448 0.0886
vt 0.7768 0.4004
vn -0.3946 -0.9151 0.0835
v 0.1569 0.2564 0.0359
vt 0.7768 0.4004
vn -0.3463 -0.7821 -0.5181
f 1001/1001/1001 1002/1002/1002 1003/1003/1003
v 0.2195 0.3038 0.0027
vt 0.7909 0.3911
vn 0.3693 -0.2411 -0.8975
v 0.1727 0.2942 0.0006
vt 0.7844 0.4004
vn -0.1657 -0.3504 -0.9218
v 0.1940 0.3437 -0.0039
vt 0.7967 0.4004
vn 0.0782 0.2152 -0.9734
f 1004/1004/1004 1005/1005/1005 1006/1006/1006
v 0.2513 0.3757 0.0504
vt 0.8118 0.3911
vn 0.7334 0.5812 -0.3527
v 0.2127 0.3860 0.0241
vt 0.8090 0.4004
vn 0.2922 0.6985 -0.6532
v 0.2217 0.4049 0.0740
vt 0.8166 0.4004
vn 0.3946 0.9151 -0.0835
f 1007/1007/1007 1008/1008/1008 1009/1009/1009
v 0.1548 0.3460 0.1598
vt 0.8025 0.4098
vn -0.3693 0.2411 0.8975
v 0.1650 0.3874 0.1383
vt 0.8111 0.4114
vn -0.2535 0.7152 0.6514
v 0.1210 0.3577 0.1282
vt 0.8001 0.4182
vn -0.7565 0.3751 0.5358
f 1010/1010/1010 1011/1011/1011 1012/1012/1012
v 0.1230 0.2740 0.1121
vt 0.7815 0.4098
vn -0.7334 -0.5812 0.3527
v 0.1304 0.3074 0.1456
vt 0.7912 0.4114
vn -0.6481 -0.1999 0.7348
v 0.1022 0.3154 0.1001
vt 0.7878 0.4182
vn -0.9705 -0.1083 0.2155
f 1013/1013/1013 1014/1014/1014 1015/1015/1015
v 0.1302 0.2938 0.0226
vt 0.7815 0.4098
vn -0.6511 -0.3550 -0.6708
v 0.1160 0.2767 0.0649
vt 0.7789 0.4114
vn -0.8138 -0.5503 -0.1870
v 0.1065 0.3270 0.0475
vt 0.7878 0.4182
vn -0.9221 0.0247 -0.3861
f 1016/1016/1016 1017/1017/1017 1018/1018/1018
v 0.1665 0.3780 0.0149
vt 0.8025 0.4098
vn -0.2362 0.6072 -0.7586
v 0.1415 0.3378 0.0078
vt 0.7912 0.4114
vn -0.5216 0.1483 -0.8402
v 0.1278 0.3765 0.0430
vt 0.8001 0.4182
vn -0.6783 0.5903 -0.4377
f 1019/1019/1019 1020/1020/1020 1021/1021/1021
v 0.1817 0.4102 0.0997
vt 0.8154 0.4098
vn -0.0620 0.9756 0.2107
v 0.1718 0.4063 0.0531
vt 0.8111 0.4114
vn -0.1753 0.9303 -0.3221
v 0.1368 0.3954 0.0928
vt 0.8077 0.4182
vn -0.5759 0.8068 0.1321
f 1022/1022/1022 1023/1023/1023 1024/1024/1024
v 0.1368 0.3954 0.0928
vt 0.8077 0.4182
vn -0.5759 0.8068 0.1321
v 0.1278 0.3765 0.0430
vt 0.8001 0.4182
vn -0.6783 0.5903 -0.4377
v 0.1069 0.3596 0.0825
vt 0.7967 0.4213
vn -0.9177 0.3970 0.0140
f 1025/1025/1025 1026/1026/1026 1027/1027/1027
v 0.1368 0.3954 0.0928
vt 0.8077 0.4182
vn -0.5759 0.8068 0.1321
v 0.1718 0.4063 0.0531
vt 0.8111 0.4114
vn -0.1753 0.9303 -0.3221
v 0.1278 0.3765 0.0430
vt 0.8001 0.4182
vn -0.6783 0.5903 -0.4377
f 1028/1028/1028 1029/1029/1029 1030/1030/1030
v 0.1718 0.4063 0.0531
vt 0.8111 0.4114
vn -0.1753 0.9303 -0.3221
v 0.1665 0.3780 0.0149
vt 0.8025 0.4098
vn -0.2362 0.6072 -0.7586
v 0.1278 0.3765 0.0430
vt 0.8001 0.4182
vn -0.6783 0.5903 -0.4377
f 1031/1031/1031 1032/1032/1032 1033/1033/1033
v 0.1278 0.3765 0.0430
vt 0.8001 0.4182
vn -0.6783 0.5903 -0.4377
v 0.1065 0.3270 0.0475
vt 0.7878 0.4182
vn -0.9221 0.0247 -0.3861
v 0.1069 0.3596 0.0825
vt 0.7967 0.4213
vn -0.9177 0.3970 0.0140
f 1034/1034/1034 1035/1035/1035 1036/1036/1036
v 0.1278 0.3765 0.0430
vt 0.8001 0.4182
vn -0.6783 0.5903 -0.4377
v 0.1415 0.3378 0.0078
vt 0.7912 0.4114
vn -0.5216 0.1483 -0.8402
v 0.1065 0.3270 0.0475
vt 0.7878 0.4182
vn -0.9221 0.0247 -0.3861
f 1037/1037/1037 1038/1038/1038 1039/1039/1039
v 0.1415 0.3378 0.0078
vt 0.7912 0.4114
vn -0.5216 0.1483 -0.8402
v 0.1302 0.2938 0.0226
vt 0.7815 0.4098
vn -0.6511 -0.3550 -0.6708
v 0.1065 0.3270 0.0475
vt 0.7878 0.4182
vn -0.9221 0.0247 -0.3861
f 1040/1040/1040 1041/1041/1041 1042/1042/1042
v 0.1065 0.3270 0.0475
vt 0.7878 0.4182
vn -0.9221 0.0247 -0.3861
v 0.1022 0.3154 0.1001
vt 0.7878 0.4182
vn -0.9705 -0.1083 0.2155
v 0.1069 0.3596 0.0825
vt 0.7967 0.4213
vn -0.9177 0.3970 0.0140
f 1043/1043/1043 1044/1044/1044 1045/1045/1045
v 0.1065 0.3270 0.0475
vt 0.7878 0.4182
vn -0.9221 0.0247 -0.3861
v 0.1160 0.2767 0.0649
vt 0.7789 0.4114
vn -0.8138 -0.5503 -0.1870
v 0.1022 0.3154 0.1001
vt 0.7878 0.4182
vn -0.9705 -0.1083 0.2155
f 1046/1046/1046 1047/1047/1047 1048/1048/1048
v 0.1160 0.2767 0.0649
vt 0.7789 0.4114
vn -0.8138 -0.5503 -0.1870
v 0.1230 0.2740 0.1121
vt 0.7815 0.4098
vn -0.7334 -0.5812 0.3527
v 0.1022 0.3154 0.1001
vt 0.7878 0.4182
vn -0.9705 -0.1083 0.2155
f 1049/1049/1049 1050/1050/1050 1051/1051/1051
v 0.1022 0.3154 0.1001
vt 0.7878 0.4182
vn -0.9705 -0.1083 0.2155
v 0.1210 0.3577 0.1282
vt 0.8001 0.4182
vn -0.7565 0.3751 0.5358
v 0.1069 0.3596 0.0825
vt 0.7967 0.4213
vn -0.9177 0.3970 0.0140
f 1052/1052/1052 1053/1053/1053 1054/1054/1054
v 0.1022 0.3154 0.1001
vt 0.7878 0.4182
vn -0.9705 -0.1083 0.2155
v 0.1304 0.3074 0.1456
vt 0.7912 0.4114
vn -0.6481 -0.1999 0.7348
v 0.1210 0.3577 0.1282
vt 0.8001 0.4182
vn -0.7565 0.3751 0.5358
f 1055/1055/1055 1056/1056/1056 1057/1057/1057
v 0.1304 0.3074 0.1456
vt 0.7912 0.4114
vn -0.6481 -0.1999 0.7348
v 0.1548 0.3460 0.1598
vt 0.8025 0.4098
vn -0.3693 0.2411 0.8975
v 0.1210 0.3577 0.1282
vt 0.8001 0.4182
vn -0.7565 0.3751 0.5358
f 1058/1058/1058 1059/1059/1059 1060/1060/1060
v 0.1210 0.3577 0.1282
vt 0.8001 0.4182
vn -0.7565 0.3751 0.5358
v 0.1368 0.3954 0.0928
vt 0.8077 0.4182
vn -0.5759 0.8068 0.1321
v 0.1069 0.3596 0.0825
vt 0.7967 0.4213
vn -0.9177 0.3970 0.0140
f 1061/1061/1061 1062/1062/1062 1063/1063/1063
v 0.1210 0.3577 0.1282
vt 0.8001 0.4182
vn -0.7565 0.3751 0.5358
v 0.1650 0.3874 0.1383
vt 0.8111 0.4114
vn -0.2535 0.7152 0.6514
v 0.1368 0.3954 0.0928
vt 0.8077 0.4182
vn -0.5759 0.8068 0.1321
f 1064/1064/1064 1065/1065/1065 1066/1066/1066
v 0.1650 0.3874 0.1383
vt 0.8111 0.4114
vn -0.2535 0.7152 0.6514
v 0.1817 0.4102 0.0997
vt 0.8154 0.4098
vn -0.0620 0.9756 0.2107
v 0.1368 0.3954 0.0928
vt 0.8077 0.4182
vn -0.5759 0.8068 0.1321
f 1067/1067/1067 1068/1068/1068 1069/1069/1069
v 0.2217 0.4049 0.0740
vt 0.8166 0.4004
vn 0.3946 0.9151 -0.0835
v 0.1718 0.4063 0.0531
vt 0.8111 0.4114
vn -0.1753 0.9303 -0.3221
v 0.1817 0.4102 0.0997
vt 0.8154 0.4098
vn -0.0620 0.9756 0.2107
f 1070/1070/1070 1071/1071/1071 1072/1072/1072
v 0.2217 0.4049 0.0740
vt 0.8166 0.4004
vn 0.3946 0.9151 -0.0835
v 0.2127 0.3860 0.0241
vt 0.8090 0.4004
vn 0.2922 0.6985 -0.6532
v 0.1718 0.4063 0.0531
vt 0.8111 0.4114
vn -0.1753 0.9303 -0.3221
f 1073/1073/1073 1074/1074/1074 1075/1075/1075
v 0.2127 0.3860 0.0241
vt 0.8090 0.4004
vn 0.2922 0.6985 -0.6532
v 0.1665 0.3780 0.0149
vt 0.8025 0.4098
vn -0.2362 0.6072 -0.7586
v 0.1718 0.4063 0.0531
vt 0.8111 0.4114
vn -0.1753 0.9303 -0.3221
f 1076/1076/1076 1077/1077/1077 1078/1078/1078
v 0.1940 0.3437 -0.0039
vt 0.7967 0.4004
vn 0.0782 0.2152 -0.9734
v 0.1415 0.3378 0.0078
vt 0.7912 0.4114
vn -0.5216 0.1483 -0.8402
v 0.1665 0.3780 0.0149
vt 0.8025 0.4098
vn -0.2362 0.6072 -0.7586
f 1079/1079/1079 1080/1080/1080 1081/1081/1081
v 0.1940 0.3437 -0.0039
vt 0.7967 0.4004
vn 0.0782 0.2152 -0.9734
v 0.1727 0.2942 0.0006
vt 0.7844 0.4004
vn -0.1657 -0.3504 -0.9218
v 0.1415 0.3378 0.0078
vt 0.7912 0.4114
vn -0.5216 0.1483 -0.8402
f 1082/1082/1082 1083/1083/1083 1084/1084/1084
v 0.1727 0.2942 0.0006
vt 0.7844 0.4004
vn -0.1657 -0.3504 -0.9218
v 0.1302 0.2938 0.0226
vt 0.7815 0.4098
vn -0.6511 -0.3550 -0.6708
v 0.1415 0.3378 0.0078
vt 0.7912 0.4114
vn -0.5216 0.1483 -0.8402
f 1085/1085/1085 1086/1086/1086 1087/1087/1087
v 0.1569 0.2564 0.0359
vt 0.7768 0.4004
vn -0.3463 -0.7821 -0.5181
v 0.1160 0.2767 0.0649
vt 0.7789 0.4114
vn -0.8138 -0.5503 -0.1870
v 0.1302 0.2938 0.0226
vt 0.7815 0.4098
vn -0.6511 -0.3550 -0.6708
f 1088/1088/1088 1089/1089/1089 1090/1090/1090
v 0.1569 0.2564 0.0359
vt 0.7768 0.4004
vn -0.3463 -0.7821 -0.5181
v 0.1526 0.2448 0.0886
vt 0.7768 0.4004
vn -0.3946 -0.9151 0.0835
v 0.1160 0.2767 0.0649
vt 0.7789 0.4114
vn -0.8138 -0.5503 -0.1870
f 1091/1091/1091 1092/1092/1092 1093/1093/1093
v 0.1526 0.2448 0.0886
vt 0.7768 0.4004
vn -0.3946 -0.9151 0.0835
v 0.1230 0.2740 0.1121
vt 0.7815 0.4098
vn -0.7334 -0.5812 0.3527
v 0.1160 0.2767 0.0649
vt 0.7789 0.4114
vn -0.8138 -0.5503 -0.1870
f 1094/1094/1094 1095/1095/1095 1096/1096/1096
v 0.1616 0.2637 0.1384
vt 0.7844 0.4004
vn -0.2922 -0.6985 0.6532
v 0.1304 0.3074 0.1456
vt 0.7912 0.4114
vn -0.6481 -0.1999 0.7348
v 0.1230 0.2740 0.1121
vt 0.7815 0.4098
vn -0.7334 -0.5812 0.3527
f 1097/1097/1097 1098/1098/1098 1099/1099/1099
v 0.1616 0.2637 0.1384
vt 0.7844 0.4004
vn -0.2922 -0.6985 0.6532
v 0.1803 0.3060 0.1664
vt 0.7967 0.4004
vn -0.0782 -0.2152 0.9734
v 0.1304 0.3074 0.1456
vt 0.7912 0.4114
vn -0.6481 -0.1999 0.7348
f 1100/1100/1100 1101/1101/1101 1102/1102/1102
v 0.1803 0.3060 0.1664
vt 0.7967 0.4004
vn -0.0782 -0.2152 0.9734
v 0.1548 0.3460 0.1598
vt 0.8025 0.4098
vn -0.3693 0.2411 0.8975
v 0.1304 0.3074 0.1456
vt 0.7912 0.4114
vn -0.6481 -0.1999 0.7348
f 1103/1103/1103 1104/1104/1104 1105/1105/1105
v 0.2017 0.3555 0.1619
vt 0.8090 0.4004
vn 0.1657 0.3504 0.9218
v 0.1650 0.3874 0.1383
vt 0.8111 0.4114
vn -0.2535 0.7152 0.6514
v 0.1548 0.3460 0.1598
vt 0.8025 0.4098
vn -0.3693 0.2411 0.8975
f 1106/1106/1106 1107/1107/1107 1108/1108/1108
v 0.2017 0.3555 0.1619
vt 0.8090 0.4004
vn 0.1657 0.3504 0.9218
v 0.2175 0.3933 0.1266
vt 0.8166 0.4004
vn 0.3463 0.7821 0.5181
v 0.1650 0.3874 0.1383
vt 0.8111 0.4114
vn -0.2535 0.7152 0.6514
f 1109/1109/1109 1110/1110/1110 1111/1111/1111
v 0.2175 0.3933 0.1266
vt 0.8166 0.4004
vn 0.3463 0.7821 0.5181
v 0.1817 0.4102 0.0997
vt 0.8154 0.4098
vn -0.0620 0.9756 0.2107
v 0.1650 0.3874 0.1383
vt 0.8111 0.4114
vn -0.2535 0.7152 0.6514
f 1112/1112/1112 1113/1113/1113 1114/1114/1114
v 0.2127 0.3860 0.0241
vt 0.8090 0.4004
vn 0.2922 0.6985 -0.6532
v 0.1940 0.3437 -0.0039
vt 0.7967 0.4004
vn 0.0782 0.2152 -0.9734
v 0.1665 0.3780 0.0149
vt 0.8025 0.4098
vn -0.2362 0.6072 -0.7586
f 1115/1115/1115 1116/1116/1116 1117/1117/1117
v 0.2127 0.3860 0.0241
vt 0.8090 0.4004
vn 0.2922 0.6985 -0.6532
v 0.2439 0.3423 0.0170
vt 0.8022 0.3894
vn 0.6481 0.1999 -0.7348
v 0.1940 0.3437 -0.0039
vt 0.7967 0.4004
vn 0.0782 0.2152 -0.9734
f 1118/1118/1118 1119/1119/1119 1120/1120/1120
v 0.2439 0.3423 0.0170
vt 0.8022 0.3894
vn 0.6481 0.1999 -0.7348
v 0.2195 0.3038 0.0027
vt 0.7909 0.3911
vn 0.3693 -0.2411 -0.8975
v 0.1940 0.3437 -0.0039
vt 0.7967 0.4004
vn 0.0782 0.2152 -0.9734
f 1121/1121/1121 1122/1122/1122 1123/1123/1123
v 0.1727 0.2942 0.0006
vt 0.7844 0.4004
vn -0.1657 -0.3504 -0.9218
v 0.1569 0.2564 0.0359
vt 0.7768 0.4004
vn -0.3463 -0.7821 -0.5181
v 0.1302 0.2938 0.0226
vt 0.7815 0.4098
vn -0.6511 -0.3550 -0.6708
f 1124/1124/1124 1125/1125/1125 1126/1126/1126
v 0.1727 0.2942 0.0006
vt 0.7844 0.4004
vn -0.1657 -0.3504 -0.9218
v 0.2093 0.2623 0.0243
vt 0.7823 0.3894
vn 0.2535 -0.7152 -0.6514
v 0.1569 0.2564 0.0359
vt 0.7768 0.4004
vn -0.3463 -0.7821 -0.5181
f 1127/1127/1127 1128/1128/1128 1129/1129/1129
v 0.2093 0.2623 0.0243
vt 0.7823 0.3894
vn 0.2535 -0.7152 -0.6514
v 0.1926 0.2395 0.0628
vt 0.7780 0.3911
vn 0.0620 -0.9756 -0.2107
v 0.1569 0.2564 0.0359
vt 0.7768 0.4004
vn -0.3463 -0.7821 -0.5181
f 1130/1130/1130 1131/1131/1131 1132/1132/1132
v 0.1526 0.2448 0.0886
vt 0.7768 0.4004
vn -0.3946 -0.9151 0.0835
v 0.1616 0.2637 0.1384
vt 0.7844 0.4004
vn -0.2922 -0.6985 0.6532
v 0.1230 0.2740 0.1121
vt 0.7815 0.4098
vn -0.7334 -0.5812 0.3527
f 1133/1133/1133 1134/1134/1134 1135/1135/1135
v 0.1526 0.2448 0.0886
vt 0.7768 0.4004
vn -0.3946 -0.9151 0.0835
v 0.2025 0.2434 0.1095
vt 0.7823 0.3894
vn 0.1753 -0.9303 0.3221
v 0.1616 0.2637 0.1384
vt 0.7844 0.4004
vn -0.2922 -0.6985 0.6532
f 1136/1136/1136 1137/1137/1137 1138/1138/1138
v 0.2025 0.2434 0.1095
vt 0.7823 0.3894
vn 0.1753 -0.9303 0.3221
v 0.2078 0.2717 0.1477
vt 0.7909 0.3911
vn 0.2362 -0.6072 0.7586
v 0.1616 0.2637 0.1384
vt 0.7844 0.4004
vn -0.2922 -0.6985 0.6532
f 1139/1139/1139 1140/1140/1140 1141/1141/1141
v 0.1803 0.3060 0.1664
vt 0.7967 0.4004
vn -0.0782 -0.2152 0.9734
v 0.2017 0.3555 0.1619
vt 0.8090 0.4004
vn 0.1657 0.3504 0.9218
v 0.1548 0.3460 0.1598
vt 0.8025 0.4098
vn -0.3693 0.2411 0.8975
f 1142/1142/1142 1143/1143/1143 1144/1144/1144
v 0.1803 0.3060 0.1664
vt 0.7967 0.4004
vn -0.0782 -0.2152 0.9734
v 0.2328 0.3119 0.1548
vt 0.8022 0.3894
vn 0.5216 -0.1483 0.8402
v 0.2017 0.3555 0.1619
vt 0.8090 0.4004
vn 0.1657 0.3504 0.9218
f 1145/1145/1145 1146/1146/1146 1147/1147/1147
v 0.2328 0.3119 0.1548
vt 0.8022 0.3894
vn 0.5216 -0.1483 0.8402
v 0.2441 0.3559 0.1400
vt 0.8118 0.3911
vn 0.6511 0.3550 0.6708
v 0.2017 0.3555 0.1619
vt 0.8090 0.4004
vn 0.1657 0.3504 0.9218
f 1148/1148/1148 1149/1149/1149 1150/1150/1150
v 0.2175 0.3933 0.1266
vt 0.8166 0.4004
vn 0.3463 0.7821 0.5181
v 0.2217 0.4049 0.0740
vt 0.8166 0.4004
vn 0.3946 0.9151 -0.0835
v 0.1817 0.4102 0.0997
vt 0.8154 0.4098
vn -0.0620 0.9756 0.2107
f 1151/1151/1151 1152/1152/1152 1153/1153/1153
v 0.2175 0.3933 0.1266
vt 0.8166 0.4004
vn 0.3463 0.7821 0.5181
v 0.2584 0.3730 0.0976
vt 0.8145 0.3894
vn 0.8138 0.5503 0.1870
v 0.2217 0.4049 0.0740
vt 0.8166 0.4004
vn 0.3946 0.9151 -0.0835
f 1154/1154/1154 1155/1155/1155 1156/1156/1156
v 0.2584 0.3730 0.0976
vt 0.8145 0.3894
vn 0.8138 0.5503 0.1870
v 0.2513 0.3757 0.0504
vt 0.8118 0.3911
vn 0.7334 0.5812 -0.3527
v 0.2217 0.4049 0.0740
vt 0.8166 0.4004
vn 0.3946 0.9151 -0.0835
f 1157/1157/1157 1158/1158/1158 1159/1159/1159
v 0.2721 0.3343 0.0624
vt 0.8056 0.3826
vn 0.9705 0.1083 -0.2155
v 0.2439 0.3423 0.0170
vt 0.8022 0.3894
vn 0.6481 0.1999 -0.7348
v 0.2513 0.3757 0.0504
vt 0.8118 0.3911
vn 0.7334 0.5812 -0.3527
f 1160/1160/1160 1161/1161/1161 1162/1162/1162
v 0.2721 0.3343 0.0624
vt 0.8056 0.3826
vn 0.9705 0.1083 -0.2155
v 0.2534 0.2920 0.0344
vt 0.7933 0.3826
vn 0.7565 -0.3751 -0.5358
v 0.2439 0.3423 0.0170
vt 0.8022 0.3894
vn 0.6481 0.1999 -0.7348
f 1163/1163/1163 1164/1164/1164 1165/1165/1165
v 0.2534 0.2920 0.0344
vt 0.7933 0.3826
vn 0.7565 -0.3751 -0.5358
v 0.2195 0.3038 0.0027
vt 0.7909 0.3911
vn 0.3693 -0.2411 -0.8975
v 0.2439 0.3423 0.0170
vt 0.8022 0.3894
vn 0.6481 0.1999 -0.7348
f 1166/1166/1166 1167/1167/1167 1168/1168/1168
v 0.2534 0.2920 0.0344
vt 0.7933 0.3826
vn 0.7565 -0.3751 -0.5358
v 0.2093 0.2623 0.0243
vt 0.7823 0.3894
vn 0.2535 -0.7152 -0.6514
v 0.2195 0.3038 0.0027
vt 0.7909 0.3911
vn 0.3693 -0.2411 -0.8975
f 1169/1169/1169 1170/1170/1170 1171/1171/1171
v 0.2534 0.2920 0.0344
vt 0.7933 0.3826
vn 0.7565 -0.3751 -0.5358
v 0.2375 0.2543 0.0697
vt 0.7857 0.3826
vn 0.5759 -0.8068 -0.1321
v 0.2093 0.2623 0.0243
vt 0.7823 0.3894
vn 0.2535 -0.7152 -0.6514
f 1172/1172/1172 1173/1173/1173 1174/1174/1174
v 0.2375 0.2543 0.0697
vt 0.7857 0.3826
vn 0.5759 -0.8068 -0.1321
v 0.1926 0.2395 0.0628
vt 0.7780 0.3911
vn 0.0620 -0.9756 -0.2107
v 0.2093 0.2623 0.0243
vt 0.7823 0.3894
vn 0.2535 -0.7152 -0.6514
f 1175/1175/1175 1176/1176/1176 1177/1177/1177
v 0.2375 0.2543 0.0697
vt 0.7857 0.3826
vn 0.5759 -0.8068 -0.1321
v 0.2025 0.2434 0.1095
vt 0.7823 0.3894
vn 0.1753 -0.9303 0.3221
v 0.1926 0.2395 0.0628
vt 0.7780 0.3911
vn 0.0620 -0.9756 -0.2107
f 1178/1178/1178 1179/1179/1179 1180/1180/1180
v 0.2375 0.2543 0.0697
vt 0.7857 0.3826
vn 0.5759 -0.8068 -0.1321
v 0.2465 0.2732 0.1196
vt 0.7933 0.3826
vn 0.6783 -0.5903 0.4377
v 0.2025 0.2434 0.1095
vt 0.7823 0.3894
vn 0.1753 -0.9303 0.3221
f 1181/1181/1181 1182/1182/1182 1183/1183/1183
v 0.2465 0.2732 0.1196
vt 0.7933 0.3826
vn 0.6783 -0.5903 0.4377
v 0.2078 0.2717 0.1477
vt 0.7909 0.3911
vn 0.2362 -0.6072 0.7586
v 0.2025 0.2434 0.1095
vt 0.7823 0.3894
vn 0.1753 -0.9303 0.3221
f 1184/1184/1184 1185/1185/1185 1186/1186/1186
v 0.2584 0.3730 0.0976
vt 0.8145 0.3894
vn 0.8138 0.5503 0.1870
v 0.2721 0.3343 0.0624
vt 0.8056 0.3826
vn 0.9705 0.1083 -0.2155
v 0.2513 0.3757 0.0504
vt 0.8118 0.3911
vn 0.7334 0.5812 -0.3527
f 1187/1187/1187 1188/1188/1188 1189/1189/1189
v 0.2584 0.3730 0.0976
vt 0.8145 0.3894
vn 0.8138 0.5503 0.1870
v 0.2678 0.3227 0.1151
vt 0.8056 0.3826
vn 0.9221 -0.0247 0.3861
v 0.2721 0.3343 0.0624
vt 0.8056 0.3826
vn 0.9705 0.1083 -0.2155
f 1190/1190/1190 1191/1191/1191 1192/1192/1192
v 0.2678 0.3227 0.1151
vt 0.8056 0.3826
vn 0.9221 -0.0247 0.3861
v 0.2675 0.2901 0.0800
vt 0.7967 0.3795
vn 0.9177 -0.3970 -0.0140
v 0.2721 0.3343 0.0624
vt 0.8056 0.3826
vn 0.9705 0.1083 -0.2155
f 1193/1193/1193 1194/1194/1194 1195/1195/1195
v 0.2465 0.2732 0.1196
vt 0.7933 0.3826
vn 0.6783 -0.5903 0.4377
v 0.2328 0.3119 0.1548
vt 0.8022 0.3894
vn 0.5216 -0.1483 0.8402
v 0.2078 0.2717 0.1477
vt 0.7909 0.3911
vn 0.2362 -0.6072 0.7586
f 1196/1196/1196 1197/1197/1197 1198/1198/1198
v 0.2465 0.2732 0.1196
vt 0.7933 0.3826
vn 0.6783 -0.5903 0.4377
v 0.2678 0.3227 0.1151
vt 0.8056 0.3826
vn 0.9221 -0.0247 0.3861
v 0.2328 0.3119 0.1548
vt 0.8022 0.3894
vn 0.5216 -0.1483 0.8402
f 1199/1199/1199 1200/1200/1200 1201/1201/1201
v 0.2678 0.3227 0.1151
vt 0.8056 0.3826
vn 0.9221 -0.0247 0.3861
v 0.2441 0.3559 0.1400
vt 0.8118 0.3911
vn 0.6511 0.3550 0.6708
v 0.2328 0.3119 0.1548
vt 0.8022 0.3894
vn 0.5216 -0.1483 0.8402
f 1202/1202/1202 1203/1203/1203 1204/1204/1204
v 0.5232 0.3190 -0.0687
vt 0.7967 0.3795
vn 0.7514 -0.6544 0.0849
v 0.5345 0.3557 -0.0402
vt 0.8056 0.3826
vn 0.8811 -0.2350 0.4105
v 0.4992 0.3168 -0.0274
vt 0.7933 0.3826
vn 0.4774 -0.6795 0.5571
f 1205/1205/1205 1206/1206/1206 1207/1207/1207
v 0.5228 0.3985 -0.0225
vt 0.8118 0.3911
vn 0.7475 0.2545 0.6135
v 0.5345 0.3557 -0.0402
vt 0.8056 0.3826
vn 0.8811 -0.2350 0.4105
v 0.5404 0.4024 -0.0668
vt 0.8145 0.3894
vn 0.9482 0.2992 0.1071
f 1208/1208/1208 1209/1209/1209 1210/1210/1210
v 0.5232 0.3190 -0.0687
vt 0.7967 0.3795
vn 0.7514 -0.6544 0.0849
v 0.4992 0.3168 -0.0274
vt 0.7933 0.3826
vn 0.4774 -0.6795 0.5571
v 0.4834 0.2928 -0.0732
vt 0.7857 0.3826
vn 0.2973 -0.9542 0.0336
f 1211/1211/1211 1212/1212/1212 1213/1213/1213
v 0.5232 0.3190 -0.0687
vt 0.7967 0.3795
vn 0.7514 -0.6544 0.0849
v 0.4834 0.2928 -0.0732
vt 0.7857 0.3826
vn 0.2973 -0.9542 0.0336
v 0.5090 0.3168 -0.1143
vt 0.7933 0.3826
vn 0.5897 -0.6795 -0.4366
f 1214/1214/1214 1215/1215/1215 1216/1216/1216
v 0.5232 0.3190 -0.0687
vt 0.7967 0.3795
vn 0.7514 -0.6544 0.0849
v 0.5090 0.3168 -0.1143
vt 0.7933 0.3826
vn 0.5897 -0.6795 -0.4366
v 0.5406 0.3557 -0.0940
vt 0.8056 0.3826
vn 0.9504 -0.2350 -0.2036
f 1217/1217/1217 1218/1218/1218 1219/1219/1219
v 0.5228 0.3985 -0.0225
vt 0.8118 0.3911
vn 0.7475 0.2545 0.6135
v 0.5404 0.4024 -0.0668
vt 0.8145 0.3894
vn 0.9482 0.2992 0.1071
v 0.5085 0.4392 -0.0432
vt 0.8166 0.4004
vn 0.5837 0.7192 0.3769
f 1220/1220/1220 1221/1221/1221 1222/1222/1222
v 0.4628 0.3323 -0.0006
vt 0.7909 0.3911
vn 0.0608 -0.5016 0.8629
v 0.4990 0.3635 -0.0002
vt 0.8022 0.3894
vn 0.4752 -0.1453 0.8678
v 0.4476 0.3762 0.0108
vt 0.7967 0.4004
vn -0.1122 -0.0000 0.9937
f 1223/1223/1223 1224/1224/1224 1225/1225/1225
v 0.4359 0.2915 -0.0786
vt 0.7780 0.3911
vn -0.2456 -0.9690 -0.0277
v 0.4479 0.3006 -0.0332
vt 0.7823 0.3894
vn -0.1086 -0.8644 0.4909
v 0.4003 0.3133 -0.0554
vt 0.7768 0.4004
vn -0.6531 -0.7192 0.2372
f 1226/1226/1226 1227/1227/1227 1228/1228/1228
v 0.4795 0.3323 -0.1486
vt 0.7909 0.3911
vn 0.2518 -0.5016 -0.8276
v 0.4578 0.3006 -0.1201
vt 0.7823 0.3894
vn 0.0037 -0.8644 -0.5028
v 0.4319 0.3374 -0.1503
vt 0.7844 0.4004
vn -0.2914 -0.4445 -0.8471
f 1229/1229/1229 1230/1230/1230 1231/1231/1231
v 0.5332 0.3985 -0.1139
vt 0.8118 0.3911
vn 0.8656 0.2545 -0.4313
v 0.5149 0.3635 -0.1409
vt 0.8022 0.3894
vn 0.6568 -0.1453 -0.7400
v 0.4988 0.4151 -0.1427
vt 0.8090 0.4004
vn 0.4730 0.4445 -0.7607
f 1232/1232/1232 1233/1233/1233 1234/1234/1234
v 0.5228 0.3985 -0.0225
vt 0.8118 0.3911
vn 0.7475 0.2545 0.6135
v 0.5085 0.4392 -0.0432
vt 0.8166 0.4004
vn 0.5837 0.7192 0.3769
v 0.4829 0.4151 -0.0020
vt 0.8090 0.4004
vn 0.2914 0.4445 0.8471
f 1235/1235/1235 1236/1236/1236 1237/1237/1237
v 0.4628 0.3323 -0.0006
vt 0.7909 0.3911
vn 0.0608 -0.5016 0.8629
v 0.4476 0.3762 0.0108
vt 0.7967 0.4004
vn -0.1122 -0.0000 0.9937
v 0.4160 0.3374 -0.0096
vt 0.7844 0.4004
vn -0.4730 -0.4445 0.7607
f 1238/1238/1238 1239/1239/1239 1240/1240/1240
v 0.4359 0.2915 -0.0786
vt 0.7780 0.3911
vn -0.2456 -0.9690 -0.0277
v 0.4003 0.3133 -0.0554
vt 0.7768 0.4004
vn -0.6531 -0.7192 0.2372
v 0.4064 0.3133 -0.1091
vt 0.7768 0.4004
vn -0.5837 -0.7192 -0.3769
f 1241/1241/1241 1242/1242/1242 1243/1243/1243
v 0.4795 0.3323 -0.1486
vt 0.7909 0.3911
vn 0.2518 -0.5016 -0.8276
v 0.4319 0.3374 -0.1503
vt 0.7844 0.4004
vn -0.2914 -0.4445 -0.8471
v 0.4673 0.3762 -0.1631
vt 0.7967 0.4004
vn 0.1122 -0.0000 -0.9937
f 1244/1244/1244 1245/1245/1245 1246/1246/1246
v 0.5332 0.3985 -0.1139
vt 0.8118 0.3911
vn 0.8656 0.2545 -0.4313
v 0.4988 0.4151 -0.1427
vt 0.8090 0.4004
vn 0.4730 0.4445 -0.7607
v 0.5146 0.4392 -0.0969
vt 0.8166 0.4004
vn 0.6531 0.7192 -0.2372
f 1247/1247/1247 1248/1248/1248 1249/1249/1249
v 0.4354 0.4201 -0.0037
vt 0.8025 0.4098
vn -0.2518 0.5016 0.8276
v 0.4571 0.4519 -0.0322
vt 0.8111 0.4114
vn -0.0037 0.8644 0.5028
v 0.4058 0.4357 -0.0379
vt 0.8001 0.4182
vn -0.5897 0.6795 0.4366
f 1250/1250/1250 1251/1251/1251 1252/1252/1252
v 0.3817 0.3540 -0.0384
vt 0.7815 0.4098
vn -0.8656 -0.2545 0.4313
v 0.4000 0.3890 -0.0114
vt 0.7912 0.4114
vn -0.6568 0.1453 0.7400
v 0.3743 0.3968 -0.0583
vt 0.7878 0.4182
vn -0.9504 0.2350 0.2036
f 1253/1253/1253 1254/1254/1254 1255/1255/1255
v 0.3920 0.3540 -0.1298
vt 0.7815 0.4098
vn -0.7475 -0.2545 -0.6135
v 0.3745 0.3501 -0.0855
vt 0.7789 0.4114
vn -0.9482 -0.2992 -0.1071
v 0.3803 0.3968 -0.1121
vt 0.7878 0.4182
vn -0.8811 0.2350 -0.4105
f 1256/1256/1256 1257/1257/1257 1258/1258/1258
v 0.4521 0.4201 -0.1516
vt 0.8025 0.4098
vn -0.0608 0.5016 -0.8629
v 0.4159 0.3890 -0.1521
vt 0.7912 0.4114
vn -0.4752 0.1453 -0.8678
v 0.4157 0.4357 -0.1249
vt 0.8001 0.4182
vn -0.4774 0.6795 -0.5571
f 1259/1259/1259 1260/1260/1260 1261/1261/1261
v 0.4789 0.4610 -0.0737
vt 0.8154 0.4098
vn 0.2456 0.9690 0.0277
v 0.4669 0.4519 -0.1191
vt 0.8111 0.4114
vn 0.1086 0.8644 -0.4909
v 0.4314 0.4597 -0.0791
vt 0.8077 0.4182
vn -0.2973 0.9542 -0.0336
f 1262/1262/1262 1263/1263/1263 1264/1264/1264
v 0.4314 0.4597 -0.0791
vt 0.8077 0.4182
vn -0.2973 0.9542 -0.0336
v 0.4157 0.4357 -0.1249
vt 0.8001 0.4182
vn -0.4774 0.6795 -0.5571
v 0.3917 0.4335 -0.0836
vt 0.7967 0.4213
vn -0.7514 0.6544 -0.0849
f 1265/1265/1265 1266/1266/1266 1267/1267/1267
v 0.4314 0.4597 -0.0791
vt 0.8077 0.4182
vn -0.2973 0.9542 -0.0336
v 0.4669 0.4519 -0.1191
vt 0.8111 0.4114
vn 0.1086 0.8644 -0.4909
v 0.4157 0.4357 -0.1249
vt 0.8001 0.4182
vn -0.4774 0.6795 -0.5571
f 1268/1268/1268 1269/1269/1269 1270/1270/1270
v 0.4669 0.4519 -0.1191
vt 0.8111 0.4114
vn 0.1086 0.8644 -0.4909
v 0.4521 0.4201 -0.1516
vt 0.8025 0.4098
vn -0.0608 0.5016 -0.8629
v 0.4157 0.4357 -0.1249
vt 0.8001 0.4182
vn -0.4774 0.6795 -0.5571
f 1271/1271/1271 1272/1272/1272 1273/1273/1273
v 0.4157 0.4357 -0.1249
vt 0.8001 0.4182
vn -0.4774 0.6795 -0.5571
v 0.3803 0.3968 -0.1121
vt 0.7878 0.4182
vn -0.8811 0.2350 -0.4105
v 0.3917 0.4335 -0.0836
vt 0.7967 0.4213
vn -0.7514 0.6544 -0.0849
f 1274/1274/1274 1275/1275/1275 1276/1276/1276
v 0.4157 0.4357 -0.1249
vt 0.8001 0.4182
vn -0.4774 0.6795 -0.5571
v 0.4159 0.3890 -0.1521
vt 0.7912 0.4114
vn -0.4752 0.1453 -0.8678
v 0.3803 0.3968 -0.1121
vt 0.7878 0.4182
vn -0.8811 0.2350 -0.4105
f 1277/1277/1277 1278/1278/1278 1279/1279/1279
v 0.4159 0.3890 -0.1521
vt 0.7912 0.4114
vn -0.4752 0.1453 -0.8678
v 0.3920 0.3540 -0.1298
vt 0.7815 0.4098
vn -0.7475 -0.2545 -0.6135
v 0.3803 0.3968 -0.1121
vt 0.7878 0.4182
vn -0.8811 0.2350 -0.4105
f 1280/1280/1280 1281/1281/1281 1282/1282/1282
v 0.3803 0.3968 -0.1121
vt 0.7878 0.4182
vn -0.8811 0.2350 -0.4105
v 0.3743 0.3968 -0.0583
vt 0.7878 0.4182
vn -0.9504 0.2350 0.2036
v 0.3917 0.4335 -0.0836
vt 0.7967 0.4213
vn -0.7514 0.6544 -0.0849
f 1283/1283/1283 1284/1284/1284 1285/1285/1285
v 0.3803 0.3968 -0.1121
vt 0.7878 0.4182
vn -0.8811 0.2350 -0.4105
v 0.3745 0.3501 -0.0855
vt 0.7789 0.4114
vn -0.9482 -0.2992 -0.1071
v 0.3743 0.3968 -0.0583
vt 0.7878 0.4182
vn -0.9504 0.2350 0.2036
f 1286/1286/1286 1287/1287/1287 1288/1288/1288
v 0.3745 0.3501 -0.0855
vt 0.7789 0.4114
vn -0.9482 -0.2992 -0.1071
v 0.3817 0.3540 -0.0384
vt 0.7815 0.4098
vn -0.8656 -0.2545 0.4313
v 0.3743 0.3968 -0.0583
vt 0.7878 0.4182
vn -0.9504 0.2350 0.2036
f 1289/1289/1289 1290/1290/1290 1291/1291/1291
v 0.3743 0.3968 -0.0583
vt 0.7878 0.4182
vn -0.9504 0.2350 0.2036
v 0.4058 0.4357 -0.0379
vt 0.8001 0.4182
vn -0.5897 0.6795 0.4366
v 0.3917 0.4335 -0.0836
vt 0.7967 0.4213
vn -0.7514 0.6544 -0.0849
f 1292/1292/1292 1293/1293/1293 1294/1294/1294
v 0.3743 0.3968 -0.0583
vt 0.7878 0.4182
vn -0.9504 0.2350 0.2036
v 0.4000 0.3890 -0.0114
vt 0.7912 0.4114
vn -0.6568 0.1453 0.7400
v 0.4058 0.4357 -0.0379
vt 0.8001 0.4182
vn -0.5897 0.6795 0.4366
f 1295/1295/1295 1296/1296/1296 1297/1297/1297
v 0.4000 0.3890 -0.0114
vt 0.7912 0.4114
vn -0.6568 0.1453 0.7400
v 0.4354 0.4201 -0.0037
vt 0.8025 0.4098
vn -0.2518 0.5016 0.8276
v 0.4058 0.4357 -0.0379
vt 0.8001 0.4182
vn -0.5897 0.6795 0.4366
f 1298/1298/1298 1299/1299/1299 1300/1300/1300
v 0.4058 0.4357 -0.0379
vt 0.8001 0.4182
vn -0.5897 0.6795 0.4366
v 0.4314 0.4597 -0.0791
vt 0.8077 0.4182
vn -0.2973 0.9542 -0.0336
v 0.3917 0.4335 -0.0836
vt 0.7967 0.4213
vn -0.7514 0.6544 -0.0849
f 1301/1301/1301 1302/1302/1302 1303/1303/1303
v 0.4058 0.4357 -0.0379
vt 0.8001 0.4182
vn -0.5897 0.6795 0.4366
v 0.4571 0.4519 -0.0322
vt 0.8111 0.4114
vn -0.0037 0.8644 0.5028
v 0.4314 0.4597 -0.0791
vt 0.8077 0.4182
vn -0.2973 0.9542 -0.0336
f 1304/1304/1304 1305/1305/1305 1306/1306/1306
v 0.4571 0.4519 -0.0322
vt 0.8111 0.4114
vn -0.0037 0.8644 0.5028
v 0.4789 0.4610 -0.0737
vt 0.8154 0.4098
vn 0.2456 0.9690 0.0277
v 0.4314 0.4597 -0.0791
vt 0.8077 0.4182
vn -0.2973 0.9542 -0.0336
f 1307/1307/1307 1308/1308/1308 1309/1309/1309
v 0.5146 0.4392 -0.0969
vt 0.8166 0.4004
vn 0.6531 0.7192 -0.2372
v 0.4669 0.4519 -0.1191
vt 0.8111 0.4114
vn 0.1086 0.8644 -0.4909
v 0.4789 0.4610 -0.0737
vt 0.8154 0.4098
vn 0.2456 0.9690 0.0277
f 1310/1310/1310 1311/1311/1311 1312/1312/1312
v 0.5146 0.4392 -0.0969
vt 0.8166 0.4004
vn 0.6531 0.7192 -0.2372
v 0.4988 0.4151 -0.1427
vt 0.8090 0.4004
vn 0.4730 0.4445 -0.7607
v 0.4669 0.4519 -0.1191
vt 0.8111 0.4114
vn 0.1086 0.8644 -0.4909
f 1313/1313/1313 1314/1314/1314 1315/1315/1315
v 0.4988 0.4151 -0.1427
vt 0.8090 0.4004
vn 0.4730 0.4445 -0.7607
v 0.4521 0.4201 -0.1516
vt 0.8025 0.4098
vn -0.0608 0.5016 -0.8629
v 0.4669 0.4519 -0.1191
vt 0.8111 0.4114
vn 0.1086 0.8644 -0.4909
f 1316/1316/1316 1317/1317/1317 1318/1318/1318
v 0.4673 0.3762 -0.1631
vt 0.7967 0.4004
vn 0.1122 -0.0000 -0.9937
v 0.4159 0.3890 -0.1521
vt 0.7912 0.4114
vn -0.4752 0.1453 -0.8678
v 0.4521 0.4201 -0.1516
vt 0.8025 0.4098
vn -0.0608 0.5016 -0.8629
f 1319/1319/1319 1320/1320/1320 1321/1321/1321
v 0.4673 0.3762 -0.1631
vt 0.7967 0.4004
vn 0.1122 -0.0000 -0.9937
v 0.4319 0.3374 -0.1503
vt 0.7844 0.4004
vn -0.2914 -0.4445 -0.8471
v 0.4159 0.3890 -0.1521
vt 0.7912 0.4114
vn -0.4752 0.1453 -0.8678
f 1322/1322/1322 1323/1323/1323 1324/1324/1324
v 0.4319 0.3374 -0.1503
vt 0.7844 0.4004
vn -0.2914 -0.4445 -0.8471
v 0.3920 0.3540 -0.1298
vt 0.7815 0.4098
vn -0.7475 -0.2545 -0.6135
v 0.4159 0.3890 -0.1521
vt 0.7912 0.4114
vn -0.4752 0.1453 -0.8678
f 1325/1325/1325 1326/1326/1326 1327/1327/1327
v 0.4064 0.3133 -0.1091
vt 0.7768 0.4004
vn -0.5837 -0.7192 -0.3769
v 0.3745 0.3501 -0.0855
vt 0.7789 0.4114
vn -0.9482 -0.2992 -0.1071
v 0.3920 0.3540 -0.1298
vt 0.7815 0.4098
vn -0.7475 -0.2545 -0.6135
f 1328/1328/1328 1329/1329/1329 1330/1330/1330
v 0.4064 0.3133 -0.1091
vt 0.7768 0.4004
vn -0.5837 -0.7192 -0.3769
v 0.4003 0.3133 -0.0554
vt 0.7768 0.4004
vn -0.6531 -0.7192 0.2372
v 0.3745 0.3501 -0.0855
vt 0.7789 0.4114
vn -0.9482 -0.2992 -0.1071
f 1331/1331/1331 1332/1332/1332 1333/1333/1333
v 0.4003 0.3133 -0.0554
vt 0.7768 0.4004
vn -0.6531 -0.7192 0.2372
v 0.3817 0.3540 -0.0384
vt 0.7815 0.4098
vn -0.8656 -0.2545 0.4313
v 0.3745 0.3501 -0.0855
vt 0.7789 0.4114
vn -0.9482 -0.2992 -0.1071
f 1334/1334/1334 1335/1335/1335 1336/1336/1336
v 0.4160 0.3374 -0.0096
vt 0.7844 0.4004
vn -0.4730 -0.4445 0.7607
v 0.4000 0.3890 -0.0114
vt 0.7912 0.4114
vn -0.6568 0.1453 0.7400
v 0.3817 0.3540 -0.0384
vt 0.7815 0.4098
vn -0.8656 -0.2545 0.4313
f 1337/1337/1337 1338/1338/1338 1339/1339/1339
v 0.4160 0.3374 -0.0096
vt 0.7844 0.4004
vn -0.4730 -0.4445 0.7607
v 0.4476 0.3762 0.0108
vt 0.7967 0.4004
vn -0.1122 -0.0000 0.9937
v 0.4000 0.3890 -0.0114
vt 0.7912 0.4114
vn -0.6568 0.1453 0.7400
f 1340/1340/1340 1341/1341/1341 1342/1342/1342
v 0.4476 0.3762 0.0108
vt 0.7967 0.4004
vn -0.1122 -0.0000 0.9937
v 0.4354 0.4201 -0.0037
vt 0.8025 0.4098
vn -0.2518 0.5016 0.8276
v 0.4000 0.3890 -0.0114
vt 0.7912 0.4114
vn -0.6568 0.1453 0.7400
f 1343/1343/1343 1344/1344/1344 1345/1345/1345
v 0.4829 0.4151 -0.0020
vt 0.8090 0.4004
vn 0.2914 0.4445 0.8471
v 0.4571 0.4519 -0.0322
vt 0.8111 0.4114
vn -0.0037 0.8644 0.5028
v 0.4354 0.4201 -0.0037
vt 0.8025 0.4098
vn -0.2518 0.5016 0.8276
f 1346/1346/1346 1347/1347/1347 1348/1348/1348
v 0.4829 0.4151 -0.0020
vt 0.8090 0.4004
vn 0.2914 0.4445 0.8471
v 0.5085 0.4392 -0.0432
vt 0.8166 0.4004
vn 0.5837 0.7192 0.3769
v 0.4571 0.4519 -0.0322
vt 0.8111 0.4114
vn -0.0037 0.8644 0.5028
f 1349/1349/1349 1350/1350/1350 1351/1351/1351
v 0.5085 0.4392 -0.0432
vt 0.8166 0.4004
vn 0.5837 0.7192 0.3769
v 0.4789 0.4610 -0.0737
vt 0.8154 0.4098
vn 0.2456 0.9690 0.0277
v 0.4571 0.4519 -0.0322
vt 0.8111 0.4114
vn -0.0037 0.8644 0.5028
f 1352/1352/1352 1353/1353/1353 1354/1354/1354
v 0.4988 0.4151 -0.1427
vt 0.8090 0.4004
vn 0.4730 0.4445 -0.7607
v 0.4673 0.3762 -0.1631
vt 0.7967 0.4004
vn 0.1122 -0.0000 -0.9937
v 0.4521 0.4201 -0.1516
vt 0.8025 0.4098
vn -0.0608 0.5016 -0.8629
f 1355/1355/1355 1356/1356/1356 1357/1357/1357
v 0.4988 0.4151 -0.1427
vt 0.8090 0.4004
vn 0.4730 0.4445 -0.7607
v 0.5149 0.3635 -0.1409
vt 0.8022 0.3894
vn 0.6568 -0.1453 -0.7400
v 0.4673 0.3762 -0.1631
vt 0.7967 0.4004
vn 0.1122 -0.0000 -0.9937
f 1358/1358/1358 1359/1359/1359 1360/1360/1360
v 0.5149 0.3635 -0.1409
vt 0.8022 0.3894
vn 0.6568 -0.1453 -0.7400
v 0.4795 0.3323 -0.1486
vt 0.7909 0.3911
vn 0.2518 -0.5016 -0.8276
v 0.4673 0.3762 -0.1631
vt 0.7967 0.4004
vn 0.1122 -0.0000 -0.9937
f 1361/1361/1361 1362/1362/1362 1363/1363/1363
v 0.4319 0.3374 -0.1503
vt 0.7844 0.4004
vn -0.2914 -0.4445 -0.8471
v 0.4064 0.3133 -0.1091
vt 0.7768 0.4004
vn -0.5837 -0.7192 -0.3769
v 0.3920 0.3540 -0.1298
vt 0.7815 0.4098
vn -0.7475 -0.2545 -0.6135
f 1364/1364/1364 1365/1365/1365 1366/1366/1366
v 0.4319 0.3374 -0.1503
vt 0.7844 0.4004
vn -0.2914 -0.4445 -0.8471
v 0.4578 0.3006 -0.1201
vt 0.7823 0.3894
vn 0.0037 -0.8644 -0.5028
v 0.4064 0.3133 -0.1091
vt 0.7768 0.4004
vn -0.5837 -0.7192 -0.3769
f 1367/1367/1367 1368/1368/1368 1369/1369/1369
v 0.4578 0.3006 -0.1201
vt 0.7823 0.3894
vn 0.0037 -0.8644 -0.5028
v 0.4359 0.2915 -0.0786
vt 0.7780 0.3911
vn -0.2456 -0.9690 -0.0277
v 0.4064 0.3133 -0.1091
vt 0.7768 0.4004
vn -0.5837 -0.7192 -0.3769
f 1370/1370/1370 1371/1371/1371 1372/1372/1372
v 0.4003 0.3133 -0.0554
vt 0.7768 0.4004
vn -0.6531 -0.7192 0.2372
v 0.4160 0.3374 -0.0096
vt 0.7844 0.4004
vn -0.4730 -0.4445 0.7607
v 0.3817 0.3540 -0.0384
vt 0.7815 0.4098
vn -0.8656 -0.2545 0.4313
f 1373/1373/1373 1374/1374/1374 1375/1375/1375
v 0.4003 0.3133 -0.0554
vt 0.7768 0.4004
vn -0.6531 -0.7192 0.2372
v 0.4479 0.3006 -0.0332
vt 0.7823 0.3894
vn -0.1086 -0.8644 0.4909
v 0.4160 0.3374 -0.0096
vt 0.7844 0.4004
vn -0.4730 -0.4445 0.7607
f 1376/1376/1376 1377/1377/1377 1378/1378/1378
v 0.4479 0.3006 -0.0332
vt 0.7823 0.3894
vn -0.1086 -0.8644 0.4909
v 0.4628 0.3323 -0.0006
vt 0.7909 0.3911
vn 0.0608 -0.5016 0.8629
v 0.4160 0.3374 -0.0096
vt 0.7844 0.4004
vn -0.4730 -0.4445 0.7607
f 1379/1379/1379 1380/1380/1380 1381/1381/1381
v 0.4476 0.3762 0.0108
vt 0.7967 0.4004
vn -0.1122 -0.0000 0.9937
v 0.4829 0.4151 -0.0020
vt 0.8090 0.4004
vn 0.2914 0.4445 0.8471
v 0.4354 0.4201 -0.0037
vt 0.8025 0.4098
vn -0.2518 0.5016 0.8276
f 1382/1382/1382 1383/1383/1383 1384/1384/1384
v 0.4476 0.3762 0.0108
vt 0.7967 0.4004
vn -0.1122 -0.0000 0.9937
v 0.4990 0.3635 -0.0002
vt 0.8022 0.3894
vn 0.4752 -0.1453 0.8678
v 0.4829 0.4151 -0.0020
vt 0.8090 0.4004
vn 0.2914 0.4445 0.8471
f 1385/1385/1385 1386/1386/1386 1387/1387/1387
v 0.4990 0.3635 -0.0002
vt 0.8022 0.3894
vn 0.4752 -0.1453 0.8678
v 0.5228 0.3985 -0.0225
vt 0.8118 0.3911
vn 0.7475 0.2545 0.6135
v 0.4829 0.4151 -0.0020
vt 0.8090 0.4004
vn 0.2914 0.4445 0.8471
f 1388/1388/1388 1389/1389/1389 1390/1390/1390
v 0.5085 0.4392 -0.0432
vt 0.8166 0.4004
vn 0.5837 0.7192 0.3769
v 0.5146 0.4392 -0.0969
vt 0.8166 0.4004
vn 0.6531 0.7192 -0.2372
v 0.4789 0.4610 -0.0737
vt 0.8154 0.4098
vn 0.2456 0.9690 0.0277
f 1391/1391/1391 1392/1392/1392 1393/1393/1393
v 0.5085 0.4392 -0.0432
vt 0.8166 0.4004
vn 0.5837 0.7192 0.3769
v 0.5404 0.4024 -0.0668
vt 0.8145 0.3894
vn 0.9482 0.2992 0.1071
v 0.5146 0.4392 -0.0969
vt 0.8166 0.4004
vn 0.6531 0.7192 -0.2372
f 1394/1394/1394 1395/1395/1395 1396/1396/1396
v 0.5404 0.4024 -0.0668
vt 0.8145 0.3894
vn 0.9482 0.2992 0.1071
v 0.5332 0.3985 -0.1139
vt 0.8118 0.3911
vn 0.8656 0.2545 -0.4313
v 0.5146 0.4392 -0.0969
vt 0.8166 0.4004
vn 0.6531 0.7192 -0.2372
f 1397/1397/1397 1398/1398/1398 1399/1399/1399
v 0.5406 0.3557 -0.0940
vt 0.8056 0.3826
vn 0.9504 -0.2350 -0.2036
v 0.5149 0.3635 -0.1409
vt 0.8022 0.3894
vn 0.6568 -0.1453 -0.7400
v 0.5332 0.3985 -0.1139
vt 0.8118 0.3911
vn 0.8656 0.2545 -0.4313
f 1400/1400/1400 1401/1401/1401 1402/1402/1402
v 0.5406 0.3557 -0.0940
vt 0.8056 0.3826
vn 0.9504 -0.2350 -0.2036
v 0.5090 0.3168 -0.1143
vt 0.7933 0.3826
vn 0.5897 -0.6795 -0.4366
v 0.5149 0.3635 -0.1409
vt 0.8022 0.3894
vn 0.6568 -0.1453 -0.7400
f 1403/1403/1403 1404/1404/1404 1405/1405/1405
v 0.5090 0.3168 -0.1143
vt 0.7933 0.3826
vn 0.5897 -0.6795 -0.4366
v 0.4795 0.3323 -0.1486
vt 0.7909 0.3911
vn 0.2518 -0.5016 -0.8276
v 0.5149 0.3635 -0.1409
vt 0.8022 0.3894
vn 0.6568 -0.1453 -0.7400
f 1406/1406/1406 1407/1407/1407 1408/1408/1408
v 0.5090 0.3168 -0.1143
vt 0.7933 0.3826
vn 0.5897 -0.6795 -0.4366
v 0.4578 0.3006 -0.1201
vt 0.7823 0.3894
vn 0.0037 -0.8644 -0.5028
v 0.4795 0.3323 -0.1486
vt 0.7909 0.3911
vn 0.2518 -0.5016 -0.8276
f 1409/1409/1409 1410/1410/1410 1411/1411/1411
v 0.5090 0.3168 -0.1143
vt 0.7933 0.3826
vn 0.5897 -0.6795 -0.4366
v 0.4834 0.2928 -0.0732
vt 0.7857 0.3826
vn 0.2973 -0.9542 0.0336
v 0.4578 0.3006 -0.1201
vt 0.7823 0.3894
vn 0.0037 -0.8644 -0.5028
f 1412/1412/1412 1413/1413/1413 1414/1414/1414
v 0.4834 0.2928 -0.0732
vt 0.7857 0.3826
vn 0.2973 -0.9542 0.0336
v 0.4359 0.2915 -0.0786
vt 0.7780 0.3911
vn -0.2456 -0.9690 -0.0277
v 0.4578 0.3006 -0.1201
vt 0.7823 0.3894
vn 0.0037 -0.8644 -0.5028
f 1415/1415/1415 1416/1416/1416 1417/1417/1417
v 0.4834 0.2928 -0.0732
vt 0.7857 0.3826
vn 0.2973 -0.9542 0.0336
v 0.4479 0.3006 -0.0332
vt 0.7823 0.3894
vn -0.1086 -0.8644 0.4909
v 0.4359 0.2915 -0.0786
vt 0.7780 0.3911
vn -0.2456 -0.9690 -0.0277
f 1418/1418/1418 1419/1419/1419 1420/1420/1420
v 0.4834 0.2928 -0.0732
vt 0.7857 0.3826
vn 0.2973 -0.9542 0.0336
v 0.4992 0.3168 -0.0274
vt 0.7933 0.3826
vn 0.4774 -0.6795 0.5571
v 0.4479 0.3006 -0.0332
vt 0.7823 0.3894
vn -0.1086 -0.8644 0.4909
f 1421/1421/1421 1422/1422/1422 1423/1423/1423
v 0.4992 0.3168 -0.0274
vt 0.7933 0.3826
vn 0.4774 -0.6795 0.5571
v 0.4628 0.3323 -0.0006
vt 0.7909 0.3911
vn 0.0608 -0.5016 0.8629
v 0.4479 0.3006 -0.0332
vt 0.7823 0.3894
vn -0.1086 -0.8644 0.4909
f 1424/1424/1424 1425/1425/1425 1426/1426/1426
v 0.5404 0.4024 -0.0668
vt 0.8145 0.3894
vn 0.9482 0.2992 0.1071
v 0.5406 0.3557 -0.0940
vt 0.8056 0.3826
vn 0.9504 -0.2350 -0.2036
v 0.5332 0.3985 -0.1139
vt 0.8118 0.3911
vn 0.8656 0.2545 -0.4313
f 1427/1427/1427 1428/1428/1428 1429/1429/1429
v 0.5404 0.4024 -0.0668
vt 0.8145 0.3894
vn 0.9482 0.2992 0.1071
v 0.5345 0.3557 -0.0402
vt 0.8056 0.3826
vn 0.8811 -0.2350 0.4105
v 0.5406 0.3557 -0.0940
vt 0.8056 0.3826
vn 0.9504 -0.2350 -0.2036
f 1430/1430/1430 1431/1431/1431 1432/1432/1432
v 0.5345 0.3557 -0.0402
vt 0.8056 0.3826
vn 0.8811 -0.2350 0.4105
v 0.5232 0.3190 -0.0687
vt 0.7967 0.3795
vn 0.7514 -0.6544 0.0849
v 0.5406 0.3557 -0.0940
vt 0.8056 0.3826
vn 0.9504 -0.2350 -0.2036
f 1433/1433/1433 1434/1434/1434 1435/1435/1435
v 0.4992 0.3168 -0.0274
vt 0.7933 0.3826
vn 0.4774 -0.6795 0.5571
v 0.4990 0.3635 -0.0002
vt 0.8022 0.3894
vn 0.4752 -0.1453 0.8678
v 0.4628 0.3323 -0.0006
vt 0.7909 0.3911
vn 0.0608 -0.5016 0.8629
f 1436/1436/1436 1437/1437/1437 1438/1438/1438
v 0.4992 0.3168 -0.0274
vt 0.7933 0.3826
vn 0.4774 -0.6795 0.5571
v 0.5345 0.3557 -0.0402
vt 0.8056 0.3826
vn 0.8811 -0.2350 0.4105
v 0.4990 0.3635 -0.0002
vt 0.8022 0.3894
vn 0.4752 -0.1453 0.8678
f 1439/1439/1439 1440/1440/1440 1441/1441/1441
v 0.5345 0.3557 -0.0402
vt 0.8056 0.3826
vn 0.8811 -0.2350 0.4105
v 0.5228 0.3985 -0.0225
vt 0.8118 0.3911
vn 0.7475 0.2545 0.6135
v 0.4990 0.3635 -0.0002
vt 0.8022 0.3894
vn 0.4752 -0.1453 0.8678
f 1442/1442/1442 1443/1443/1443 1444/1444/1444
