# The Giants of Holst prop, from CC0 kits by KayKit (Kay Lousberg) and Kenney
v -0.3195 -0.0055 1.8237
vt 0.4317 0.8205
vn 0.9185 0.0315 -0.3943
v -0.5391 -0.0055 1.3122
vt 0.4355 0.8205
vn 0.9185 0.0315 -0.3943
v -0.5507 0.7006 1.3415
vt 0.4355 0.8559
vn 0.9185 0.0315 -0.3943
v -0.3488 0.7006 1.8120
vt 0.4317 0.8559
vn 0.9185 0.0315 -0.3943
f 1/1/1 2/2/2 3/3/3 4/4/4
v -0.5391 -0.0055 1.3122
vt 0.4355 0.8362
vn -0.3943 0.0315 -0.9185
v -1.0505 -0.0055 1.5318
vt 0.4496 0.8362
vn -0.3943 0.0315 -0.9185
v -1.0212 0.7006 1.5435
vt 0.4496 0.8715
vn -0.3943 0.0315 -0.9185
v -0.5507 0.7006 1.3415
vt 0.4355 0.8715
vn -0.3943 0.0315 -0.9185
f 5/5/5 6/6/6 7/7/7 8/8/8
v -1.0505 -0.0055 1.5318
vt 0.4496 0.8362
vn -0.9127 0.0417 0.4065
v -0.8309 -0.0055 2.0432
vt 0.4458 0.8362
vn -0.9127 0.0417 0.4065
v -0.8193 0.3551 2.0139
vt 0.4458 0.8529
vn -0.9127 0.0417 0.4065
v -1.0212 0.7006 1.5435
vt 0.4496 0.8715
vn -0.9127 0.0417 0.4065
f 9/9/9 10/10/10 11/11/11 12/12/12
v -0.8309 -0.0055 2.0432
vt 0.4458 0.8205
vn 0.3817 0.0417 0.9234
v -0.3195 -0.0055 1.8237
vt 0.4317 0.8205
vn 0.3817 0.0417 0.9234
v -0.3488 0.7006 1.8120
vt 0.4317 0.8559
vn 0.3817 0.0417 0.9234
v -0.8193 0.3551 2.0139
vt 0.4458 0.8373
vn 0.3817 0.0417 0.9234
f 13/13/13 14/14/14 15/15/15 16/16/16
v -0.5391 -0.0055 1.3122
vt 0.4355 0.7893
vn -0.0000 -1.0000 0.0000
v -0.3195 -0.0055 1.8237
vt 0.4317 0.7893
vn -0.0000 -1.0000 0.0000
v -0.8309 -0.0055 2.0432
vt 0.4458 0.7893
vn -0.0000 -1.0000 0.0000
v -1.0505 -0.0055 1.5318
vt 0.4496 0.7893
vn -0.0000 -1.0000 0.0000
f 17/17/17 18/18/18 19/19/19 20/20/20
v -1.0212 0.7006 1.5435
vt 0.4653 0.9340
vn 0.0000 1.0000 0.0000
v -0.3488 0.7006 1.8120
vt 0.4473 0.9340
vn 0.0000 1.0000 0.0000
v -0.5507 0.7006 1.3415
vt 0.4511 0.9340
vn 0.0000 1.0000 0.0000
f 21/21/21 22/22/22 23/23/23
v -0.8193 0.3551 2.0139
vt 0.4458 0.8842
vn -0.2560 0.7234 0.6412
v -0.3488 0.7006 1.8120
vt 0.4317 0.9028
vn -0.2560 0.7234 0.6412
v -1.0212 0.7006 1.5435
vt 0.4496 0.9028
vn -0.2560 0.7234 0.6412
f 24/24/24 25/25/25 26/26/26
v -0.6148 -0.0055 -2.0212
vt 0.4250 0.8205
vn -0.9675 0.0810 -0.2395
v -0.7279 -0.0055 -1.5647
vt 0.4297 0.8205
vn -0.9675 0.0810 -0.2395
v -0.6598 0.6857 -1.6057
vt 0.4297 0.8559
vn -0.9675 0.0810 -0.2395
v -0.5738 0.6857 -1.9532
vt 0.4250 0.8559
vn -0.9675 0.0810 -0.2395
f 27/27/27 28/28/28 29/29/29 30/30/30
v -0.7279 -0.0055 -1.5647
vt 0.4297 0.8205
vn -0.2395 0.0810 0.9675
v -0.2713 -0.0055 -1.4517
vt 0.4182 0.8205
vn -0.2395 0.0810 0.9675
v -0.3124 0.6857 -1.5197
vt 0.4182 0.8559
vn -0.2395 0.0810 0.9675
v -0.6598 0.6857 -1.6057
vt 0.4297 0.8559
vn -0.2395 0.0810 0.9675
f 31/31/31 32/32/32 33/33/33 34/34/34
v -0.2713 -0.0055 -1.4517
vt 0.4182 0.8362
vn 0.9735 0.1018 0.2048
v -0.1583 -0.0055 -1.9082
vt 0.4135 0.8362
vn 0.9735 0.1018 0.2048
v -0.2263 0.3998 -1.8672
vt 0.4135 0.8529
vn 0.9735 0.1018 0.2048
v -0.3124 0.6857 -1.5197
vt 0.4182 0.8715
vn 0.9735 0.1018 0.2048
f 35/35/35 36/36/36 37/37/37 38/38/38
v -0.1583 -0.0055 -1.9082
vt 0.4135 0.8362
vn 0.2730 0.1018 -0.9566
v -0.6148 -0.0055 -2.0212
vt 0.4250 0.8362
vn 0.2730 0.1018 -0.9566
v -0.5738 0.6857 -1.9532
vt 0.4250 0.8715
vn 0.2730 0.1018 -0.9566
v -0.2263 0.3998 -1.8672
vt 0.4135 0.8529
vn 0.2730 0.1018 -0.9566
f 39/39/39 40/40/40 41/41/41 42/42/42
v -0.7279 -0.0055 -1.5647
vt 0.4297 0.7893
vn -0.0000 -1.0000 0.0000
v -0.6148 -0.0055 -2.0212
vt 0.4250 0.7893
vn -0.0000 -1.0000 0.0000
v -0.1583 -0.0055 -1.9082
vt 0.4135 0.7893
vn -0.0000 -1.0000 0.0000
v -0.2713 -0.0055 -1.4517
vt 0.4182 0.7893
vn -0.0000 -1.0000 0.0000
f 43/43/43 44/44/44 45/45/45 46/46/46
v -0.3124 0.6857 -1.5197
vt 0.4338 0.9340
vn 0.0000 1.0000 0.0000
v -0.5738 0.6857 -1.9532
vt 0.4406 0.9340
vn 0.0000 1.0000 0.0000
v -0.6598 0.6857 -1.6057
vt 0.4453 0.9340
vn 0.0000 1.0000 0.0000
f 47/47/47 48/48/48 49/49/49
v -0.2263 0.3998 -1.8672
vt 0.4135 0.8842
vn 0.6411 0.6629 -0.3867
v -0.5738 0.6857 -1.9532
vt 0.4250 0.9028
vn 0.6411 0.6629 -0.3867
v -0.3124 0.6857 -1.5197
vt 0.4182 0.9028
vn 0.6411 0.6629 -0.3867
f 50/50/50 51/51/51 52/52/52
v -0.0470 -0.0055 -1.7918
vt 0.4111 0.8674
vn -0.9524 0.1072 0.2853
v 0.1463 -0.0055 -1.1466
vt 0.4084 0.8674
vn -0.9524 0.1072 0.2853
v 0.1850 0.5301 -1.2184
vt 0.4084 0.8946
vn -0.9524 0.1072 0.2853
v 0.0249 0.5301 -1.7531
vt 0.4111 0.8946
vn -0.9524 0.1072 0.2853
f 53/53/53 54/54/54 55/55/55 56/56/56
v 0.1463 -0.0055 -1.1466
vt 0.4084 0.8674
vn 0.2853 0.1072 0.9524
v 0.7915 -0.0055 -1.3398
vt 0.3909 0.8674
vn 0.2853 0.1072 0.9524
v 0.7197 0.5301 -1.3785
vt 0.3909 0.8946
vn 0.2853 0.1072 0.9524
v 0.1850 0.5301 -1.2184
vt 0.4084 0.8946
vn 0.2853 0.1072 0.9524
f 57/57/57 58/58/58 59/59/59 60/60/60
v 0.7915 -0.0055 -1.3398
vt 0.3909 0.8830
vn 0.9409 0.1374 -0.3096
v 0.5983 -0.0055 -1.9851
vt 0.3935 0.8830
vn 0.9409 0.1374 -0.3096
v 0.5595 0.2911 -1.9132
vt 0.3935 0.8959
vn 0.9409 0.1374 -0.3096
v 0.7197 0.5301 -1.3785
vt 0.3909 0.9102
vn 0.9409 0.1374 -0.3096
f 61/61/61 62/62/62 63/63/63 64/64/64
v 0.5983 -0.0055 -1.9851
vt 0.3935 0.8830
vn -0.2586 0.1374 -0.9562
v -0.0470 -0.0055 -1.7918
vt 0.4111 0.8830
vn -0.2586 0.1374 -0.9562
v 0.0249 0.5301 -1.7531
vt 0.4111 0.9102
vn -0.2586 0.1374 -0.9562
v 0.5595 0.2911 -1.9132
vt 0.3935 0.8959
vn -0.2586 0.1374 -0.9562
f 65/65/65 66/66/66 67/67/67 68/68/68
v 0.1463 -0.0055 -1.1466
vt 0.4084 0.8362
vn -0.0000 -1.0000 0.0000
v -0.0470 -0.0055 -1.7918
vt 0.4111 0.8362
vn -0.0000 -1.0000 0.0000
v 0.5983 -0.0055 -1.9851
vt 0.3935 0.8362
vn -0.0000 -1.0000 0.0000
v 0.7915 -0.0055 -1.3398
vt 0.3909 0.8362
vn -0.0000 -1.0000 0.0000
f 69/69/69 70/70/70 71/71/71 72/72/72
v 0.7197 0.5301 -1.3785
vt 0.4065 0.9727
vn 0.0000 1.0000 0.0000
v 0.0249 0.5301 -1.7531
vt 0.4267 0.9727
vn 0.0000 1.0000 0.0000
v 0.1850 0.5301 -1.2184
vt 0.4241 0.9727
vn 0.0000 1.0000 0.0000
f 73/73/73 74/74/74 75/75/75
v 0.5595 0.2911 -1.9132
vt 0.3935 0.9272
vn 0.2458 0.8554 -0.4559
v 0.0249 0.5301 -1.7531
vt 0.4111 0.9415
vn 0.2458 0.8554 -0.4559
v 0.7197 0.5301 -1.3785
vt 0.3909 0.9415
vn 0.2458 0.8554 -0.4559
f 76/76/76 77/77/77 78/78/78
v 0.8216 2.1674 -0.2891
vt 0.4135 0.8290
vn 0.5802 -0.0000 0.8145
v 1.2187 2.1674 -0.5720
vt 0.4021 0.8290
vn 0.5802 -0.0000 0.8145
v 1.2187 2.5640 -0.5720
vt 0.4021 0.8487
vn 0.5802 -0.0000 0.8145
v 0.8216 2.5640 -0.2891
vt 0.4135 0.8487
vn 0.5802 -0.0000 0.8145
f 79/79/79 80/80/80 81/81/81 82/82/82
v 1.2187 2.1674 -0.5720
vt 0.4021 0.8447
vn 0.8145 0.0000 -0.5802
v 0.9358 2.1674 -0.9691
vt 0.4079 0.8447
vn 0.8145 0.0000 -0.5802
v 0.9358 2.5640 -0.9691
vt 0.4079 0.8643
vn 0.8145 0.0000 -0.5802
v 1.2187 2.5640 -0.5720
vt 0.4021 0.8643
vn 0.8145 0.0000 -0.5802
f 83/83/83 84/84/84 85/85/85 86/86/86
v 0.9358 2.1674 -0.9691
vt 0.4079 0.8447
vn -0.5802 0.0000 -0.8145
v 0.5387 2.1674 -0.6862
vt 0.4193 0.8447
vn -0.5802 0.0000 -0.8145
v 0.5387 2.3553 -0.6862
vt 0.4193 0.8540
vn -0.5802 0.0000 -0.8145
v 0.9358 2.5640 -0.9691
vt 0.4079 0.8643
vn -0.5802 0.0000 -0.8145
f 87/87/87 88/88/88 89/89/89 90/90/90
v 0.5387 2.1674 -0.6862
vt 0.4193 0.8290
vn -0.8145 -0.0000 0.5802
v 0.8216 2.1674 -0.2891
vt 0.4135 0.8290
vn -0.8145 -0.0000 0.5802
v 0.8216 2.5640 -0.2891
vt 0.4135 0.8487
vn -0.8145 -0.0000 0.5802
v 0.5387 2.3553 -0.6862
vt 0.4193 0.8384
vn -0.8145 -0.0000 0.5802
f 91/91/91 92/92/92 93/93/93 94/94/94
v 1.2187 2.1674 -0.5720
vt 0.4021 0.7978
vn -0.0000 -1.0000 0.0000
v 0.8216 2.1674 -0.2891
vt 0.4135 0.7978
vn -0.0000 -1.0000 0.0000
v 0.5387 2.1674 -0.6862
vt 0.4193 0.7978
vn -0.0000 -1.0000 0.0000
v 0.9358 2.1674 -0.9691
vt 0.4079 0.7978
vn -0.0000 -1.0000 0.0000
f 95/95/95 96/96/96 97/97/97 98/98/98
v 0.9358 2.5640 -0.9691
vt 0.4236 0.9268
vn 0.0000 1.0000 0.0000
v 0.8216 2.5640 -0.2891
vt 0.4291 0.9268
vn 0.0000 1.0000 0.0000
v 1.2187 2.5640 -0.5720
vt 0.4177 0.9268
vn 0.0000 1.0000 0.0000
f 99/99/99 100/100/100 101/101/101
v 0.5387 2.3553 -0.6862
vt 0.4193 0.8852
vn -0.5108 0.8554 -0.0858
v 0.8216 2.5640 -0.2891
vt 0.4135 0.8956
vn -0.5108 0.8554 -0.0858
v 0.9358 2.5640 -0.9691
vt 0.4079 0.8956
vn -0.5108 0.8554 -0.0858
f 102/102/102 103/103/103 104/104/104
v 2.0261 -0.0055 -1.3294
vt 0.4250 0.8205
vn -0.9856 0.1481 -0.0816
v 1.9812 -0.0055 -0.7874
vt 0.4297 0.8205
vn -0.9856 0.1481 -0.0816
v 2.0509 0.4257 -0.8465
vt 0.4297 0.8559
vn -0.9856 0.1481 -0.0816
v 2.0851 0.4257 -1.2597
vt 0.4250 0.8559
vn -0.9856 0.1481 -0.0816
f 105/105/105 106/106/106 107/107/107 108/108/108
v 1.9812 -0.0055 -0.7874
vt 0.4297 0.8205
vn -0.0816 0.1481 0.9856
v 2.5232 -0.0055 -0.7426
vt 0.4182 0.8205
vn -0.0816 0.1481 0.9856
v 2.4642 0.4257 -0.8122
vt 0.4182 0.8559
vn -0.0816 0.1481 0.9856
v 2.0509 0.4257 -0.8465
vt 0.4297 0.8559
vn -0.0816 0.1481 0.9856
f 109/109/109 110/110/110 111/111/111 112/112/112
v 2.5232 -0.0055 -0.7426
vt 0.4182 0.8362
vn 0.9758 0.2183 0.0154
v 2.5681 -0.0055 -1.2845
vt 0.4135 0.8362
vn 0.9758 0.2183 0.0154
v 2.4984 0.1393 -1.2255
vt 0.4135 0.8529
vn 0.9758 0.2183 0.0154
v 2.4642 0.4257 -0.8122
vt 0.4182 0.8715
vn 0.9758 0.2183 0.0154
f 113/113/113 114/114/114 115/115/115 116/116/116
v 2.5681 -0.0055 -1.2845
vt 0.4135 0.8362
vn 0.1453 0.2183 -0.9650
v 2.0261 -0.0055 -1.3294
vt 0.4250 0.8362
vn 0.1453 0.2183 -0.9650
v 2.0851 0.4257 -1.2597
vt 0.4250 0.8715
vn 0.1453 0.2183 -0.9650
v 2.4984 0.1393 -1.2255
vt 0.4135 0.8529
vn 0.1453 0.2183 -0.9650
f 117/117/117 118/118/118 119/119/119 120/120/120
v 1.9812 -0.0055 -0.7874
vt 0.4297 0.7893
vn -0.0000 -1.0000 0.0000
v 2.0261 -0.0055 -1.3294
vt 0.4250 0.7893
vn -0.0000 -1.0000 0.0000
v 2.5681 -0.0055 -1.2845
vt 0.4135 0.7893
vn -0.0000 -1.0000 0.0000
v 2.5232 -0.0055 -0.7426
vt 0.4182 0.7893
vn -0.0000 -1.0000 0.0000
f 121/121/121 122/122/122 123/123/123 124/124/124
v 2.4642 0.4257 -0.8122
vt 0.4338 0.9340
vn 0.0000 1.0000 0.0000
v 2.0851 0.4257 -1.2597
vt 0.4406 0.9340
vn 0.0000 1.0000 0.0000
v 2.0509 0.4257 -0.8465
vt 0.4453 0.9340
vn 0.0000 1.0000 0.0000
f 125/125/125 126/126/126 127/127/127
v 2.4984 0.1393 -1.2255
vt 0.4135 0.8842
vn 0.5332 0.7154 -0.4516
v 2.0851 0.4257 -1.2597
vt 0.4250 0.9028
vn 0.5332 0.7154 -0.4516
v 2.4642 0.4257 -0.8122
vt 0.4182 0.9028
vn 0.5332 0.7154 -0.4516
f 128/128/128 129/129/129 130/130/130
v 1.9656 -0.0055 0.5271
vt 0.4250 0.8205
vn -0.6791 0.2255 -0.6986
v 1.3628 -0.0055 1.1130
vt 0.4297 0.8205
vn -0.6791 0.2255 -0.6986
v 1.5039 0.4257 1.1150
vt 0.4297 0.8559
vn -0.6791 0.2255 -0.6986
v 1.9635 0.4257 0.6682
vt 0.4250 0.8559
vn -0.6791 0.2255 -0.6986
f 131/131/131 132/132/132 133/133/133 134/134/134
v 1.3628 -0.0055 1.1130
vt 0.4297 0.8205
vn -0.6986 0.2255 0.6791
v 1.9487 -0.0055 1.7157
vt 0.4182 0.8205
vn -0.6986 0.2255 0.6791
v 1.9507 0.4257 1.5746
vt 0.4182 0.8559
vn -0.6986 0.2255 0.6791
v 1.5039 0.4257 1.1150
vt 0.4297 0.8559
vn -0.6986 0.2255 0.6791
f 135/135/135 136/136/136 137/137/137 138/138/138
v 1.9487 -0.0055 1.7157
vt 0.4182 0.8362
vn 0.7026 0.3267 0.6322
v 2.5515 -0.0055 1.1298
vt 0.4135 0.8362
vn 0.7026 0.3267 0.6322
v 2.4103 0.1393 1.1278
vt 0.4135 0.8529
vn 0.7026 0.3267 0.6322
v 1.9507 0.4257 1.5746
vt 0.4182 0.8715
vn 0.7026 0.3267 0.6322
f 139/139/139 140/140/140 141/141/141 142/142/142
v 2.5515 -0.0055 1.1298
vt 0.4135 0.8362
vn 0.7202 0.3267 -0.6120
v 1.9656 -0.0055 0.5271
vt 0.4250 0.8362
vn 0.7202 0.3267 -0.6120
v 1.9635 0.4257 0.6682
vt 0.4250 0.8715
vn 0.7202 0.3267 -0.6120
v 2.4103 0.1393 1.1278
vt 0.4135 0.8529
vn 0.7202 0.3267 -0.6120
f 143/143/143 144/144/144 145/145/145 146/146/146
v 1.3628 -0.0055 1.1130
vt 0.4297 0.7893
vn -0.0000 -1.0000 0.0000
v 1.9656 -0.0055 0.5271
vt 0.4250 0.7893
vn -0.0000 -1.0000 0.0000
v 2.5515 -0.0055 1.1298
vt 0.4135 0.7893
vn -0.0000 -1.0000 0.0000
v 1.9487 -0.0055 1.7157
vt 0.4182 0.7893
vn -0.0000 -1.0000 0.0000
f 147/147/147 148/148/148 149/149/149 150/150/150
v 1.9507 0.4257 1.5746
vt 0.4338 0.9340
vn 0.0000 1.0000 0.0000
v 1.9635 0.4257 0.6682
vt 0.4406 0.9340
vn 0.0000 1.0000 0.0000
v 1.5039 0.4257 1.1150
vt 0.4453 0.9340
vn 0.0000 1.0000 0.0000
f 151/151/151 152/152/152 153/153/153
v 2.4103 0.1393 1.1278
vt 0.4135 0.8842
vn 0.5341 0.8454 0.0076
v 1.9635 0.4257 0.6682
vt 0.4250 0.9028
vn 0.5341 0.8454 0.0076
v 1.9507 0.4257 1.5746
vt 0.4182 0.9028
vn 0.5341 0.8454 0.0076
f 154/154/154 155/155/155 156/156/156
v -1.3461 -0.0055 1.3785
vt 0.4250 0.8674
vn -0.9878 0.1481 -0.0474
v -1.3721 -0.0055 1.9217
vt 0.4297 0.8674
vn -0.9878 0.1481 -0.0474
v -1.3045 0.4257 1.8603
vt 0.4297 0.9028
vn -0.9878 0.1481 -0.0474
v -1.2847 0.4257 1.4460
vt 0.4250 0.9028
vn -0.9878 0.1481 -0.0474
f 157/157/157 158/158/158 159/159/159 160/160/160
v -1.3721 -0.0055 1.9217
vt 0.4297 0.8674
vn -0.0474 0.1481 0.9878
v -0.8289 -0.0055 1.9477
vt 0.4182 0.8674
vn -0.0474 0.1481 0.9878
v -0.8903 0.4257 1.8801
vt 0.4182 0.9028
vn -0.0474 0.1481 0.9878
v -1.3045 0.4257 1.8603
vt 0.4297 0.9028
vn -0.0474 0.1481 0.9878
f 161/161/161 162/162/162 163/163/163 164/164/164
v -0.8289 -0.0055 1.9477
vt 0.4182 0.8830
vn 0.9757 0.2183 -0.0185
v -0.8029 -0.0055 1.4045
vt 0.4135 0.8830
vn 0.9757 0.2183 -0.0185
v -0.8705 0.1393 1.4659
vt 0.4135 0.8998
vn 0.9757 0.2183 -0.0185
v -0.8903 0.4257 1.8801
vt 0.4182 0.9184
vn 0.9757 0.2183 -0.0185
f 165/165/165 166/166/166 167/167/167 168/168/168
v -0.8029 -0.0055 1.4045
vt 0.4135 0.8830
vn 0.1118 0.2183 -0.9695
v -1.3461 -0.0055 1.3785
vt 0.4250 0.8830
vn 0.1118 0.2183 -0.9695
v -1.2847 0.4257 1.4460
vt 0.4250 0.9184
vn 0.1118 0.2183 -0.9695
v -0.8705 0.1393 1.4659
vt 0.4135 0.8998
vn 0.1118 0.2183 -0.9695
f 169/169/169 170/170/170 171/171/171 172/172/172
v -1.3721 -0.0055 1.9217
vt 0.4297 0.8362
vn -0.0000 -1.0000 0.0000
v -1.3461 -0.0055 1.3785
vt 0.4250 0.8362
vn -0.0000 -1.0000 0.0000
v -0.8029 -0.0055 1.4045
vt 0.4135 0.8362
vn -0.0000 -1.0000 0.0000
v -0.8289 -0.0055 1.9477
vt 0.4182 0.8362
vn -0.0000 -1.0000 0.0000
f 173/173/173 174/174/174 175/175/175 176/176/176
v -0.8903 0.4257 1.8801
vt 0.4338 0.9809
vn 0.0000 1.0000 0.0000
v -1.2847 0.4257 1.4460
vt 0.4406 0.9809
vn 0.0000 1.0000 0.0000
v -1.3045 0.4257 1.8603
vt 0.4453 0.9809
vn 0.0000 1.0000 0.0000
f 177/177/177 178/178/178 179/179/179
v -0.8705 0.1393 1.4659
vt 0.4135 0.9311
vn 0.5172 0.7154 -0.4698
v -1.2847 0.4257 1.4460
vt 0.4250 0.9497
vn 0.5172 0.7154 -0.4698
v -0.8903 0.4257 1.8801
vt 0.4182 0.9497
vn 0.5172 0.7154 -0.4698
f 180/180/180 181/181/181 182/182/182
v -0.5903 0.7352 0.2627
vt 0.4250 0.8205
vn 0.1749 0.1481 0.9734
v -0.0551 0.7352 0.1666
vt 0.4297 0.8205
vn 0.1749 0.1481 0.9734
v -0.1300 1.1664 0.1144
vt 0.4297 0.8559
vn 0.1749 0.1481 0.9734
v -0.5382 1.1664 0.1877
vt 0.4250 0.8559
vn 0.1749 0.1481 0.9734
f 183/183/183 184/184/184 185/185/185 186/186/186
v -0.0551 0.7352 0.1666
vt 0.4297 0.8205
vn 0.9734 0.1481 -0.1749
v -0.1512 0.7352 -0.3687
vt 0.4182 0.8205
vn 0.9734 0.1481 -0.1749
v -0.2034 1.1664 -0.2937
vt 0.4182 0.8559
vn 0.9734 0.1481 -0.1749
v -0.1300 1.1664 0.1144
vt 0.4297 0.8559
vn 0.9734 0.1481 -0.1749
f 187/187/187 188/188/188 189/189/189 190/190/190
v -0.1512 0.7352 -0.3687
vt 0.4182 0.8362
vn -0.2363 0.2183 -0.9468
v -0.6865 0.7352 -0.2725
vt 0.4135 0.8362
vn -0.2363 0.2183 -0.9468
v -0.6115 0.8800 -0.2204
vt 0.4135 0.8529
vn -0.2363 0.2183 -0.9468
v -0.2034 1.1664 -0.2937
vt 0.4182 0.8715
vn -0.2363 0.2183 -0.9468
f 191/191/191 192/192/192 193/193/193 194/194/194
v -0.6865 0.7352 -0.2725
vt 0.4135 0.8362
vn -0.9699 0.2183 0.1080
v -0.5903 0.7352 0.2627
vt 0.4250 0.8362
vn -0.9699 0.2183 0.1080
v -0.5382 1.1664 0.1877
vt 0.4250 0.8715
vn -0.9699 0.2183 0.1080
v -0.6115 0.8800 -0.2204
vt 0.4135 0.8529
vn -0.9699 0.2183 0.1080
f 195/195/195 196/196/196 197/197/197 198/198/198
v -0.0551 0.7352 0.1666
vt 0.4297 0.7893
vn -0.0000 -1.0000 0.0000
v -0.5903 0.7352 0.2627
vt 0.4250 0.7893
vn -0.0000 -1.0000 0.0000
v -0.6865 0.7352 -0.2725
vt 0.4135 0.7893
vn -0.0000 -1.0000 0.0000
v -0.1512 0.7352 -0.3687
vt 0.4182 0.7893
vn -0.0000 -1.0000 0.0000
f 199/199/199 200/200/200 201/201/201 202/202/202
v -0.2034 1.1664 -0.2937
vt 0.4338 0.9340
vn 0.0000 1.0000 0.0000
v -0.5382 1.1664 0.1877
vt 0.4406 0.9340
vn 0.0000 1.0000 0.0000
v -0.1300 1.1664 0.1144
vt 0.4453 0.9340
vn 0.0000 1.0000 0.0000
f 203/203/203 204/204/204 205/205/205
v -0.6115 0.8800 -0.2204
vt 0.4135 0.8842
vn -0.5736 0.7154 -0.3989
v -0.5382 1.1664 0.1877
vt 0.4250 0.9028
vn -0.5736 0.7154 -0.3989
v -0.2034 1.1664 -0.2937
vt 0.4182 0.9028
vn -0.5736 0.7154 -0.3989
f 206/206/206 207/207/207 208/208/208
v -0.5882 0.6760 -0.2793
vt 0.4250 0.8205
vn 0.4952 0.1481 0.8561
v -0.2022 0.6760 -0.5026
vt 0.4297 0.8205
vn 0.4952 0.1481 0.8561
v -0.2745 1.0297 -0.5220
vt 0.4297 0.8559
vn 0.4952 0.1481 0.8561
v -0.5689 1.0297 -0.3517
vt 0.4250 0.8559
vn 0.4952 0.1481 0.8561
f 209/209/209 210/210/210 211/211/211 212/212/212
v -0.2022 0.6760 -0.5026
vt 0.4297 0.8205
vn 0.8561 0.1481 -0.4952
v -0.4255 0.6760 -0.8887
vt 0.4182 0.8205
vn 0.8561 0.1481 -0.4952
v -0.4448 1.0297 -0.8163
vt 0.4182 0.8559
vn 0.8561 0.1481 -0.4952
v -0.2745 1.0297 -0.5220
vt 0.4297 0.8559
vn 0.8561 0.1481 -0.4952
f 213/213/213 214/214/214 215/215/215 216/216/216
v -0.4255 0.6760 -0.8887
vt 0.4182 0.8362
vn -0.5440 0.2183 -0.8102
v -0.8115 0.6760 -0.6654
vt 0.4135 0.8362
vn -0.5440 0.2183 -0.8102
v -0.7392 0.7948 -0.6461
vt 0.4135 0.8529
vn -0.5440 0.2183 -0.8102
v -0.4448 1.0297 -0.8163
vt 0.4182 0.8715
vn -0.5440 0.2183 -0.8102
f 217/217/217 218/218/218 219/219/219 220/220/220
v -0.8115 0.6760 -0.6654
vt 0.4135 0.8362
vn -0.8755 0.2183 0.4311
v -0.5882 0.6760 -0.2793
vt 0.4250 0.8362
vn -0.8755 0.2183 0.4311
v -0.5689 1.0297 -0.3517
vt 0.4250 0.8715
vn -0.8755 0.2183 0.4311
v -0.7392 0.7948 -0.6461
vt 0.4135 0.8529
vn -0.8755 0.2183 0.4311
f 221/221/221 222/222/222 223/223/223 224/224/224
v -0.2022 0.6760 -0.5026
vt 0.4297 0.7893
vn -0.0000 -1.0000 0.0000
v -0.5882 0.6760 -0.2793
vt 0.4250 0.7893
vn -0.0000 -1.0000 0.0000
v -0.8115 0.6760 -0.6654
vt 0.4135 0.7893
vn -0.0000 -1.0000 0.0000
v -0.4255 0.6760 -0.8887
vt 0.4182 0.7893
vn -0.0000 -1.0000 0.0000
f 225/225/225 226/226/226 227/227/227 228/228/228
v -0.4448 1.0297 -0.8163
vt 0.4338 0.9340
vn 0.0000 1.0000 0.0000
v -0.5689 1.0297 -0.3517
vt 0.4406 0.9340
vn 0.0000 1.0000 0.0000
v -0.2745 1.0297 -0.5220
vt 0.4453 0.9340
vn 0.0000 1.0000 0.0000
f 229/229/229 230/230/230 231/231/231
v -0.7392 0.7948 -0.6461
vt 0.4135 0.8842
vn -0.6751 0.7154 -0.1803
v -0.5689 1.0297 -0.3517
vt 0.4250 0.9028
vn -0.6751 0.7154 -0.1803
v -0.4448 1.0297 -0.8163
vt 0.4182 0.9028
vn -0.6751 0.7154 -0.1803
f 232/232/232 233/233/233 234/234/234
v 1.3486 0.7120 1.1156
vt 0.4250 0.8674
vn 0.9844 0.1481 -0.0947
v 1.3176 0.7120 0.7934
vt 0.4297 0.8674
vn 0.9844 0.1481 -0.0947
v 1.2831 0.9687 0.8353
vt 0.4297 0.9028
vn 0.9844 0.1481 -0.0947
v 1.3067 0.9687 1.0810
vt 0.4250 0.9028
vn 0.9844 0.1481 -0.0947
f 235/235/235 236/236/236 237/237/237 238/238/238
v 1.3176 0.7120 0.7934
vt 0.4297 0.8674
vn -0.0947 0.1481 -0.9844
v 0.9955 0.7120 0.8244
vt 0.4182 0.8674
vn -0.0947 0.1481 -0.9844
v 1.0374 0.9687 0.8589
vt 0.4182 0.9028
vn -0.0947 0.1481 -0.9844
v 1.2831 0.9687 0.8353
vt 0.4297 0.9028
vn -0.0947 0.1481 -0.9844
f 239/239/239 240/240/240 241/241/241 242/242/242
v 0.9955 0.7120 0.8244
vt 0.4182 0.8830
vn -0.9630 0.2183 0.1582
v 1.0265 0.7120 1.1466
vt 0.4135 0.8830
vn -0.9630 0.2183 0.1582
v 1.0610 0.7982 1.1046
vt 0.4135 0.8998
vn -0.9630 0.2183 0.1582
v 1.0374 0.9687 0.8589
vt 0.4182 0.9184
vn -0.9630 0.2183 0.1582
f 243/243/243 244/244/244 245/245/245 246/246/246
v 1.0265 0.7120 1.1466
vt 0.4135 0.8830
vn 0.0283 0.2183 0.9755
v 1.3486 0.7120 1.1156
vt 0.4250 0.8830
vn 0.0283 0.2183 0.9755
v 1.3067 0.9687 1.0810
vt 0.4250 0.9184
vn 0.0283 0.2183 0.9755
v 1.0610 0.7982 1.1046
vt 0.4135 0.8998
vn 0.0283 0.2183 0.9755
f 247/247/247 248/248/248 249/249/249 250/250/250
v 1.3176 0.7120 0.7934
vt 0.4297 0.8362
vn -0.0000 -1.0000 0.0000
v 1.3486 0.7120 1.1156
vt 0.4250 0.8362
vn -0.0000 -1.0000 0.0000
v 1.0265 0.7120 1.1466
vt 0.4135 0.8362
vn -0.0000 -1.0000 0.0000
v 0.9955 0.7120 0.8244
vt 0.4182 0.8362
vn -0.0000 -1.0000 0.0000
f 251/251/251 252/252/252 253/253/253 254/254/254
v 1.0374 0.9687 0.8589
vt 0.4338 0.9809
vn 0.0000 1.0000 0.0000
v 1.3067 0.9687 1.0810
vt 0.4406 0.9809
vn 0.0000 1.0000 0.0000
v 1.2831 0.9687 0.8353
vt 0.4453 0.9809
vn 0.0000 1.0000 0.0000
f 255/255/255 256/256/256 257/257/257
v 1.0610 0.7982 1.1046
vt 0.4135 0.9311
vn -0.4445 0.7154 0.5391
v 1.3067 0.9687 1.0810
vt 0.4250 0.9497
vn -0.4445 0.7154 0.5391
v 1.0374 0.9687 0.8589
vt 0.4182 0.9497
vn -0.4445 0.7154 0.5391
f 258/258/258 259/259/259 260/260/260
v 1.1070 0.6916 0.9582
vt 0.4250 0.8205
vn 0.6062 0.1481 -0.7814
v 0.8025 0.6916 0.7219
vt 0.4297 0.8205
vn 0.6062 0.1481 -0.7814
v 0.8106 0.9972 0.7861
vt 0.4297 0.8559
vn 0.6062 0.1481 -0.7814
v 1.0428 0.9972 0.9663
vt 0.4250 0.8559
vn 0.6062 0.1481 -0.7814
f 261/261/261 262/262/262 263/263/263 264/264/264
v 0.8025 0.6916 0.7219
vt 0.4297 0.8205
vn -0.7814 0.1481 -0.6062
v 0.5663 0.6916 1.0265
vt 0.4182 0.8205
vn -0.7814 0.1481 -0.6062
v 0.6305 0.9972 1.0184
vt 0.4182 0.8559
vn -0.7814 0.1481 -0.6062
v 0.8106 0.9972 0.7861
vt 0.4297 0.8559
vn -0.7814 0.1481 -0.6062
f 265/265/265 266/266/266 267/267/267 268/268/268
v 0.5663 0.6916 1.0265
vt 0.4182 0.8362
vn -0.5453 0.2183 0.8093
v 0.8708 0.6916 1.2627
vt 0.4135 0.8362
vn -0.5453 0.2183 0.8093
v 0.8627 0.7942 1.1985
vt 0.4135 0.8529
vn -0.5453 0.2183 0.8093
v 0.6305 0.9972 1.0184
vt 0.4182 0.8715
vn -0.5453 0.2183 0.8093
f 269/269/269 270/270/270 271/271/271 272/272/272
v 0.8708 0.6916 1.2627
vt 0.4135 0.8362
vn 0.7294 0.2183 0.6483
v 1.1070 0.6916 0.9582
vt 0.4250 0.8362
vn 0.7294 0.2183 0.6483
v 1.0428 0.9972 0.9663
vt 0.4250 0.8715
vn 0.7294 0.2183 0.6483
v 0.8627 0.7942 1.1985
vt 0.4135 0.8529
vn 0.7294 0.2183 0.6483
f 273/273/273 274/274/274 275/275/275 276/276/276
v 0.8025 0.6916 0.7219
vt 0.4297 0.7893
vn -0.0000 -1.0000 0.0000
v 1.1070 0.6916 0.9582
vt 0.4250 0.7893
vn -0.0000 -1.0000 0.0000
v 0.8708 0.6916 1.2627
vt 0.4135 0.7893
vn -0.0000 -1.0000 0.0000
v 0.5663 0.6916 1.0265
vt 0.4182 0.7893
vn -0.0000 -1.0000 0.0000
f 277/277/277 278/278/278 279/279/279 280/280/280
v 0.6305 0.9972 1.0184
vt 0.4338 0.9340
vn 0.0000 1.0000 0.0000
v 1.0428 0.9972 0.9663
vt 0.4406 0.9340
vn 0.0000 1.0000 0.0000
v 0.8106 0.9972 0.7861
vt 0.4453 0.9340
vn 0.0000 1.0000 0.0000
f 281/281/281 282/282/282 283/283/283
v 0.8627 0.7942 1.1985
vt 0.4135 0.8842
vn 0.0876 0.7154 0.6932
v 1.0428 0.9972 0.9663
vt 0.4250 0.9028
vn 0.0876 0.7154 0.6932
v 0.6305 0.9972 1.0184
vt 0.4182 0.9028
vn 0.0876 0.7154 0.6932
f 284/284/284 285/285/285 286/286/286
v 1.3627 0.1838 -1.4567
vt 0.3193 0.7881
vn -0.1420 0.0000 -0.9899
v 1.3627 0.0000 -1.4567
vt 0.3193 0.7817
vn -0.1420 0.0000 -0.9899
v -1.6027 0.0000 -1.0313
vt 0.3193 0.7817
vn -0.5100 0.0000 -0.8602
v -1.6027 0.1838 -1.0313
vt 0.3193 0.7881
vn -0.5100 0.0000 -0.8602
f 287/287/287 288/288/288 289/289/289 290/290/290
v 1.3801 0.7350 -1.3354
vt 0.2682 0.8542
vn 0.3905 0.7588 -0.5213
v 1.5013 0.6125 -1.3528
vt 0.2682 0.8499
vn 0.6448 0.6861 -0.3368
v 1.3627 0.6125 -1.4567
vt 0.2682 0.8499
vn 0.1420 0.6861 -0.7135
f 291/291/291 292/292/292 293/293/293
v 1.5013 0.1838 -1.3528
vt 0.3193 0.7881
vn 0.8602 0.0000 -0.5100
v 1.8144 0.1838 0.8298
vt 0.3193 0.7881
vn 0.9689 0.0000 0.2476
v 1.8144 0.0000 0.8298
vt 0.3193 0.7817
vn 0.9899 0.0000 -0.1420
v 1.5013 0.0000 -1.3528
vt 0.3193 0.7817
vn 0.8602 0.0000 -0.5100
f 294/294/294 295/295/295 296/296/296 297/297/297
v 1.3627 0.0000 -1.4567
vt 0.3037 0.7661
vn -0.0000 -1.0000 0.0000
v 1.5013 0.0000 -1.3528
vt 0.3037 0.7661
vn -0.0000 -1.0000 0.0000
v 1.8144 0.0000 0.8298
vt 0.3037 0.7661
vn -0.0000 -1.0000 0.0000
v 1.7106 0.0000 0.9685
vt 0.3037 0.7661
vn -0.0000 -1.0000 0.0000
f 298/298/298 299/299/299 300/300/300 301/301/301
v -1.3935 0.1838 1.2900
vt 0.3193 0.7881
vn -0.8602 -0.0000 0.5100
v -1.7066 0.1838 -0.8926
vt 0.3193 0.7881
vn -0.9899 0.0000 0.1420
v -1.7066 0.0000 -0.8926
vt 0.3193 0.7817
vn -0.9899 0.0000 0.1420
v -1.3935 0.0000 1.2900
vt 0.3193 0.7817
vn -0.8602 -0.0000 0.5100
f 302/302/302 303/303/303 304/304/304 305/305/305
v 1.3627 0.1838 -1.4567
vt 0.2682 0.8038
vn 0.5995 0.0000 -0.8004
v 1.5013 0.1838 -1.3528
vt 0.2682 0.8038
vn 0.8602 0.0000 -0.5100
v 1.5013 0.0000 -1.3528
vt 0.2682 0.7974
vn 0.8602 0.0000 -0.5100
v 1.3627 0.0000 -1.4567
vt 0.2682 0.7974
vn 0.5995 0.0000 -0.8004
f 306/306/306 307/307/307 308/308/308 309/309/309
v -1.7066 0.1838 -0.8926
vt 0.2682 0.8038
vn -0.8004 0.0000 -0.5995
v -1.6027 0.1838 -1.0313
vt 0.2682 0.8038
vn -0.5100 0.0000 -0.8602
v -1.6027 0.0000 -1.0313
vt 0.2682 0.7974
vn -0.5100 0.0000 -0.8602
v -1.7066 0.0000 -0.8926
vt 0.2682 0.7974
vn -0.8004 0.0000 -0.5995
f 310/310/310 311/311/311 312/312/312 313/313/313
v -1.2548 0.1838 1.3939
vt 0.2682 0.8038
vn -0.2476 -0.0000 0.9689
v -1.3935 0.1838 1.2900
vt 0.2682 0.8038
vn -0.8602 -0.0000 0.5100
v -1.3935 0.0000 1.2900
vt 0.2682 0.7974
vn -0.8602 -0.0000 0.5100
v -1.2548 0.0000 1.3939
vt 0.2682 0.7974
vn -0.5995 0.0000 0.8004
f 314/314/314 315/315/315 316/316/316 317/317/317
v 1.7106 0.1838 0.9685
vt 0.2682 0.8194
vn 0.5100 -0.0000 0.8602
v 1.8144 0.1838 0.8298
vt 0.2682 0.8194
vn 0.9689 0.0000 0.2476
v 1.8144 0.6125 0.8298
vt 0.2682 0.8343
vn 0.9689 0.0000 0.2476
v 1.7106 0.6125 0.9685
vt 0.2682 0.8343
vn 0.5100 -0.0000 0.8602
f 318/318/318 319/319/319 320/320/320 321/321/321
v -1.2548 0.1838 1.3939
vt 0.3193 0.7881
vn -0.2476 -0.0000 0.9689
v -1.2548 0.0000 1.3939
vt 0.3193 0.7817
vn 0.1420 0.0000 0.9899
v 1.7106 0.0000 0.9685
vt 0.3193 0.7817
vn 0.5100 -0.0000 0.8602
v 1.7106 0.1838 0.9685
vt 0.3193 0.7881
vn 0.5100 -0.0000 0.8602
f 322/322/322 323/323/323 324/324/324 325/325/325
v -1.2722 0.7350 1.2726
vt 0.3037 0.8386
vn -0.3905 0.7588 0.5213
v -1.2548 0.6125 1.3939
vt 0.3037 0.8343
vn -0.1420 0.6861 0.7135
v 1.7106 0.6125 0.9685
vt 0.3037 0.8343
vn 0.3368 0.6861 0.6448
v 1.6932 0.7350 0.8472
vt 0.3037 0.8386
vn 0.5213 0.7588 0.3905
f 326/326/326 327/327/327 328/328/328 329/329/329
v -1.3935 0.6125 1.2900
vt 0.2682 0.8499
vn -0.6448 0.6861 0.3368
v -1.2548 0.6125 1.3939
vt 0.2682 0.8499
vn -0.1420 0.6861 0.7135
v -1.2722 0.7350 1.2726
vt 0.2682 0.8542
vn -0.3905 0.7588 0.5213
f 330/330/330 331/331/331 332/332/332
v -1.5853 0.7350 -0.9100
vt 0.2880 0.8698
vn 0.0000 1.0000 0.0000
v -1.2722 0.7350 1.2726
vt 0.2880 0.8698
vn 0.0000 1.0000 0.0000
v 1.6932 0.7350 0.8472
vt 0.2880 0.8698
vn 0.0000 1.0000 0.0000
v 1.3801 0.7350 -1.3354
vt 0.2880 0.8698
vn 0.0000 1.0000 0.0000
f 333/333/333 334/334/334 335/335/335 336/336/336
v -1.7066 0.6125 -0.8926
vt 0.2682 0.8499
vn -0.7135 0.6861 -0.1420
v -1.5853 0.7350 -0.9100
vt 0.2682 0.8542
vn -0.5213 0.7588 -0.3905
v -1.6027 0.6125 -1.0313
vt 0.2682 0.8499
vn -0.3368 0.6861 -0.6448
f 337/337/337 338/338/338 339/339/339
v 1.7106 0.6125 0.9685
vt 0.2682 0.8499
vn 0.3368 0.6861 0.6448
v 1.8144 0.6125 0.8298
vt 0.2682 0.8499
vn 0.7135 0.6861 0.1420
v 1.6932 0.7350 0.8472
vt 0.2682 0.8542
vn 0.5213 0.7588 0.3905
f 340/340/340 341/341/341 342/342/342
v -1.6027 0.6125 -1.0313
vt 0.3037 0.8343
vn -0.3368 0.6861 -0.6448
v -1.5853 0.7350 -0.9100
vt 0.3037 0.8386
vn -0.5213 0.7588 -0.3905
v 1.3801 0.7350 -1.3354
vt 0.3037 0.8386
vn 0.3905 0.7588 -0.5213
v 1.3627 0.6125 -1.4567
vt 0.3037 0.8343
vn 0.1420 0.6861 -0.7135
f 343/343/343 344/344/344 345/345/345 346/346/346
v -1.3935 0.6125 1.2900
vt 0.3037 0.8343
vn -0.6448 0.6861 0.3368
v -1.2722 0.7350 1.2726
vt 0.3037 0.8386
vn -0.3905 0.7588 0.5213
v -1.5853 0.7350 -0.9100
vt 0.3037 0.8386
vn -0.5213 0.7588 -0.3905
v -1.7066 0.6125 -0.8926
vt 0.3037 0.8343
vn -0.7135 0.6861 -0.1420
f 347/347/347 348/348/348 349/349/349 350/350/350
v 1.6932 0.7350 0.8472
vt 0.3037 0.8386
vn 0.5213 0.7588 0.3905
v 1.8144 0.6125 0.8298
vt 0.3037 0.8343
vn 0.7135 0.6861 0.1420
v 1.5013 0.6125 -1.3528
vt 0.3037 0.8343
vn 0.6448 0.6861 -0.3368
v 1.3801 0.7350 -1.3354
vt 0.3037 0.8386
vn 0.3905 0.7588 -0.5213
f 351/351/351 352/352/352 353/353/353 354/354/354
v -1.2548 0.0000 1.3939
vt 0.3037 0.7661
vn -0.0000 -1.0000 0.0000
v -1.6027 0.0000 -1.0313
vt 0.3037 0.7661
vn -0.0000 -1.0000 0.0000
v 1.3627 0.0000 -1.4567
vt 0.3037 0.7661
vn -0.0000 -1.0000 0.0000
v 1.7106 0.0000 0.9685
vt 0.3037 0.7661
vn -0.0000 -1.0000 0.0000
f 355/355/355 356/356/356 357/357/357 358/358/358
v -1.3935 0.0000 1.2900
vt 0.3037 0.7661
vn -0.0000 -1.0000 0.0000
v -1.7066 0.0000 -0.8926
vt 0.3037 0.7661
vn -0.0000 -1.0000 0.0000
v -1.6027 0.0000 -1.0313
vt 0.3037 0.7661
vn -0.0000 -1.0000 0.0000
v -1.2548 0.0000 1.3939
vt 0.3037 0.7661
vn -0.0000 -1.0000 0.0000
f 359/359/359 360/360/360 361/361/361 362/362/362
v -1.2548 0.6125 1.3939
vt 0.3193 0.8187
vn -0.2476 -0.0000 0.9689
v -1.2548 0.1838 1.3939
vt 0.3193 0.8038
vn -0.2476 -0.0000 0.9689
v 1.7106 0.1838 0.9685
vt 0.3193 0.8038
vn 0.5100 -0.0000 0.8602
v 1.7106 0.6125 0.9685
vt 0.3193 0.8187
vn 0.5100 -0.0000 0.8602
f 363/363/363 364/364/364 365/365/365 366/366/366
v 1.7106 0.0000 0.9685
vt 0.2682 0.7974
vn 0.5100 -0.0000 0.8602
v 1.8144 0.0000 0.8298
vt 0.2682 0.7974
vn 0.8004 0.0000 0.5995
v 1.8144 0.1838 0.8298
vt 0.2682 0.8038
vn 0.9689 0.0000 0.2476
v 1.7106 0.1838 0.9685
vt 0.2682 0.8038
vn 0.5100 -0.0000 0.8602
f 367/367/367 368/368/368 369/369/369 370/370/370
v -1.2548 0.6125 1.3939
vt 0.2682 0.8343
vn -0.2476 -0.0000 0.9689
v -1.3935 0.6125 1.2900
vt 0.2682 0.8343
vn -0.5995 0.0000 0.8004
v -1.3935 0.1838 1.2900
vt 0.2682 0.8194
vn -0.8602 -0.0000 0.5100
v -1.2548 0.1838 1.3939
vt 0.2682 0.8194
vn -0.2476 -0.0000 0.9689
f 371/371/371 372/372/372 373/373/373 374/374/374
v -1.7066 0.6125 -0.8926
vt 0.2682 0.8343
vn -0.8004 0.0000 -0.5995
v -1.6027 0.6125 -1.0313
vt 0.2682 0.8343
vn -0.5100 0.0000 -0.8602
v -1.6027 0.1838 -1.0313
vt 0.2682 0.8194
vn -0.5100 0.0000 -0.8602
v -1.7066 0.1838 -0.8926
vt 0.2682 0.8194
vn -0.8004 0.0000 -0.5995
f 375/375/375 376/376/376 377/377/377 378/378/378
v 1.3627 0.6125 -1.4567
vt 0.2682 0.8343
vn 0.5995 0.0000 -0.8004
v 1.5013 0.6125 -1.3528
vt 0.2682 0.8343
vn 0.8602 0.0000 -0.5100
v 1.5013 0.1838 -1.3528
vt 0.2682 0.8194
vn 0.8602 0.0000 -0.5100
v 1.3627 0.1838 -1.4567
vt 0.2682 0.8194
vn 0.5995 0.0000 -0.8004
f 379/379/379 380/380/380 381/381/381 382/382/382
v -1.3935 0.6125 1.2900
vt 0.3193 0.8187
vn -0.9899 0.0000 0.1420
v -1.7066 0.6125 -0.8926
vt 0.3193 0.8187
vn -0.9899 0.0000 0.1420
v -1.7066 0.1838 -0.8926
vt 0.3193 0.8038
vn -0.9899 0.0000 0.1420
v -1.3935 0.1838 1.2900
vt 0.3193 0.8038
vn -0.8602 -0.0000 0.5100
f 383/383/383 384/384/384 385/385/385 386/386/386
v 1.5013 0.6125 -1.3528
vt 0.3193 0.8187
vn 0.8602 0.0000 -0.5100
v 1.8144 0.6125 0.8298
vt 0.3193 0.8187
vn 0.9689 0.0000 0.2476
v 1.8144 0.1838 0.8298
vt 0.3193 0.8038
vn 0.9689 0.0000 0.2476
v 1.5013 0.1838 -1.3528
vt 0.3193 0.8038
vn 0.8602 0.0000 -0.5100
f 387/387/387 388/388/388 389/389/389 390/390/390
v 1.3627 0.6125 -1.4567
vt 0.3193 0.8187
vn -0.1420 0.0000 -0.9899
v 1.3627 0.1838 -1.4567
vt 0.3193 0.8038
vn -0.1420 0.0000 -0.9899
v -1.6027 0.1838 -1.0313
vt 0.3193 0.8038
vn -0.5100 0.0000 -0.8602
v -1.6027 0.6125 -1.0313
vt 0.3193 0.8187
vn -0.5100 0.0000 -0.8602
f 391/391/391 392/392/392 393/393/393 394/394/394
v 0.0646 0.9800 0.7096
vt 0.9547 0.5781
vn -0.9899 0.0000 0.1420
v 0.0994 0.9800 0.9521
vt 0.9547 0.5781
vn -0.9899 0.0000 0.1420
v 0.0994 1.9110 0.9521
vt 0.9547 0.5949
vn -0.9899 0.0000 0.1420
v 0.0646 1.9110 0.7096
vt 0.9547 0.5949
vn -0.9899 0.0000 0.1420
f 395/395/395 396/396/396 397/397/397 398/398/398
v 0.3419 1.9110 0.9173
vt 0.9278 0.5637
vn 0.0527 -0.9285 0.3676
v -0.0044 1.9600 1.0907
vt 0.9278 0.5646
vn -0.1632 -0.9623 0.2178
v 0.0994 1.9110 0.9521
vt 0.9278 0.5637
vn -0.1632 -0.9623 0.2178
f 399/399/399 400/400/400 401/401/401
v 0.3419 1.9110 0.9173
vt 0.9547 0.5949
vn 0.1420 0.0000 0.9899
v 0.0994 1.9110 0.9521
vt 0.9547 0.5949
vn 0.1420 0.0000 0.9899
v 0.0994 0.9800 0.9521
vt 0.9547 0.5781
vn 0.1420 0.0000 0.9899
v 0.3419 0.9800 0.9173
vt 0.9547 0.5781
vn 0.1420 0.0000 0.9899
f 402/402/402 403/403/403 404/404/404 405/405/405
v 0.0994 1.9110 0.9521
vt 0.9278 0.5637
vn -0.1632 -0.9623 0.2178
v -0.0044 1.9600 1.0907
vt 0.9278 0.5646
vn -0.1632 -0.9623 0.2178
v 0.0646 1.9110 0.7096
vt 0.9278 0.5637
vn -0.3676 -0.9285 0.0527
f 406/406/406 407/407/407 408/408/408
v -0.1784 1.9600 -0.1218
vt 0.9547 0.5958
vn -0.9899 0.0000 0.1420
v -0.1436 1.9600 0.1207
vt 0.9547 0.5958
vn -0.9899 0.0000 0.1420
v -0.0044 2.2050 1.0908
vt 0.9547 0.6003
vn -0.9899 0.0000 0.1420
v -0.3176 2.2050 -1.0919
vt 0.9547 0.6003
vn -0.9899 0.0000 0.1420
f 409/409/409 410/410/410 411/411/411 412/412/412
v -0.0044 2.2050 1.0908
vt 0.9547 0.6003
vn -0.9899 0.0000 0.1420
v -0.1436 1.9600 0.1207
vt 0.9547 0.5958
vn -0.9899 0.0000 0.1420
v -0.0044 1.9600 1.0907
vt 0.9547 0.5958
vn -0.9899 0.0000 0.1420
f 413/413/413 414/414/414 415/415/415
v -0.0223 0.9800 0.1033
vt 0.7857 0.5150
vn -0.9899 0.0000 0.1420
v 0.0646 0.9800 0.7096
vt 0.7857 0.5150
vn -0.9899 0.0000 0.1420
v 0.0646 1.9110 0.7096
vt 0.7857 0.6694
vn -0.9899 0.0000 0.1420
v -0.0223 1.9110 0.1033
vt 0.7857 0.6694
vn -0.9899 0.0000 0.1420
f 416/416/416 417/417/417 418/418/418 419/419/419
v -0.0571 0.9800 -0.1392
vt 0.9547 0.5781
vn -0.1420 0.0000 -0.9899
v -0.1784 1.0290 -0.1218
vt 0.9547 0.5790
vn -0.1420 0.0000 -0.9899
v -0.1784 1.9600 -0.1218
vt 0.9547 0.5958
vn -0.1420 0.0000 -0.9899
v -0.0571 1.9110 -0.1392
vt 0.9547 0.5949
vn -0.1420 0.0000 -0.9899
f 420/420/420 421/421/421 422/422/422 423/423/423
v -0.1784 1.0290 -0.1218
vt 0.9547 0.5790
vn -0.9899 0.0000 0.1420
v -0.1436 1.0290 0.1207
vt 0.9547 0.5790
vn -0.9899 0.0000 0.1420
v -0.1436 1.9600 0.1207
vt 0.9547 0.5958
vn -0.9899 0.0000 0.1420
v -0.1784 1.9600 -0.1218
vt 0.9547 0.5958
vn -0.9899 0.0000 0.1420
f 424/424/424 425/425/425 426/426/426 427/427/427
v -0.0223 0.9800 0.1033
vt 0.9278 0.5468
vn -0.3676 -0.9285 0.0527
v -0.1436 1.0290 0.1207
vt 0.9278 0.5477
vn -0.3676 -0.9285 0.0527
v -0.1784 1.0290 -0.1218
vt 0.9278 0.5477
vn -0.3676 -0.9285 0.0527
v -0.0571 0.9800 -0.1392
vt 0.9278 0.5468
vn -0.3676 -0.9285 0.0527
f 428/428/428 429/429/429 430/430/430 431/431/431
v -0.0223 1.9110 0.1033
vt 0.9547 0.5949
vn 0.1420 0.0000 0.9899
v -0.1436 1.9600 0.1207
vt 0.9547 0.5958
vn 0.1420 0.0000 0.9899
v -0.1436 1.0290 0.1207
vt 0.9547 0.5790
vn 0.1420 0.0000 0.9899
v -0.0223 0.9800 0.1033
vt 0.9547 0.5781
vn 0.1420 0.0000 0.9899
f 432/432/432 433/433/433 434/434/434 435/435/435
v 0.0646 1.9110 0.7096
vt 0.9278 0.5637
vn -0.3676 -0.9285 0.0527
v -0.0044 1.9600 1.0907
vt 0.9278 0.5646
vn -0.1632 -0.9623 0.2178
v -0.1436 1.9600 0.1207
vt 0.9278 0.5646
vn -0.3676 -0.9285 0.0527
v -0.0223 1.9110 0.1033
vt 0.9278 0.5637
vn -0.3676 -0.9285 0.0527
f 436/436/436 437/437/437 438/438/438 439/439/439
v 1.6932 1.9600 0.8472
vt 0.9278 0.5646
vn 0.2178 -0.9623 0.1632
v -0.0044 1.9600 1.0907
vt 0.9278 0.5646
vn -0.1632 -0.9623 0.2178
v 0.3419 1.9110 0.9173
vt 0.9278 0.5637
vn 0.0527 -0.9285 0.3676
v 1.3120 1.9110 0.7781
vt 0.9278 0.5637
vn 0.0527 -0.9285 0.3676
f 440/440/440 441/441/441 442/442/442 443/443/443
v -0.1441 0.9800 -0.7455
vt 0.9547 0.5781
vn -0.9899 0.0000 0.1420
v -0.1441 1.9110 -0.7455
vt 0.9547 0.5949
vn -0.9899 0.0000 0.1420
v -0.1789 1.9110 -0.9880
vt 0.9547 0.5949
vn -0.9899 0.0000 0.1420
v -0.1789 0.9800 -0.9880
vt 0.9547 0.5781
vn -0.9899 0.0000 0.1420
f 444/444/444 445/445/445 446/446/446 447/447/447
v 0.0636 1.9110 -1.0228
vt 0.9278 0.5637
vn -0.0527 -0.9285 -0.3676
v -0.1789 1.9110 -0.9880
vt 0.9278 0.5637
vn -0.2178 -0.9623 -0.1632
v -0.3176 1.9600 -1.0919
vt 0.9278 0.5646
vn -0.2178 -0.9623 -0.1632
f 448/448/448 449/449/449 450/450/450
v 0.0636 1.9110 -1.0228
vt 0.9547 0.5949
vn -0.1420 0.0000 -0.9899
v 0.0636 0.9800 -1.0228
vt 0.9547 0.5781
vn -0.1420 0.0000 -0.9899
v -0.1789 0.9800 -0.9880
vt 0.9547 0.5781
vn -0.1420 0.0000 -0.9899
v -0.1789 1.9110 -0.9880
vt 0.9547 0.5949
vn -0.1420 0.0000 -0.9899
f 451/451/451 452/452/452 453/453/453 454/454/454
v -0.1789 1.9110 -0.9880
vt 0.9278 0.5637
vn -0.2178 -0.9623 -0.1632
v -0.1441 1.9110 -0.7455
vt 0.9278 0.5637
vn -0.3676 -0.9285 0.0527
v -0.3176 1.9600 -1.0919
vt 0.9278 0.5646
vn -0.2178 -0.9623 -0.1632
f 455/455/455 456/456/456 457/457/457
v 1.3120 1.9110 0.7781
vt 0.8095 0.7007
vn 0.1420 0.0000 0.9899
v 0.3419 1.9110 0.9173
vt 0.8155 0.7007
vn 0.1420 0.0000 0.9899
v 0.3419 0.9800 0.9173
vt 0.8155 0.5462
vn 0.1420 0.0000 0.9899
v 1.3120 0.9800 0.7781
vt 0.8095 0.5462
vn 0.1420 0.0000 0.9899
f 458/458/458 459/459/459 460/460/460 461/461/461
v 0.3419 0.9800 0.9173
vt 0.3003 0.8027
vn 0.9899 0.0000 -0.1420
v 0.3593 0.9310 1.0386
vt 0.3003 0.8024
vn 0.9899 0.0000 -0.1420
v 0.3593 0.7350 1.0386
vt 0.3003 0.8010
vn 0.9899 0.0000 -0.1420
v 0.3419 0.7350 0.9173
vt 0.3003 0.8010
vn 0.9899 0.0000 -0.1420
f 462/462/462 463/463/463 464/464/464 465/465/465
v 0.0636 0.7350 -1.0228
vt 0.3003 0.8010
vn 0.9899 0.0000 -0.1420
v 0.0462 0.7350 -1.1441
vt 0.3003 0.8010
vn 0.9899 0.0000 -0.1420
v 0.0462 0.9310 -1.1441
vt 0.3003 0.8024
vn 0.9899 0.0000 -0.1420
v 0.0636 0.9800 -1.0228
vt 0.3003 0.8027
vn 0.9899 0.0000 -0.1420
f 466/466/466 467/467/467 468/468/468 469/469/469
v 1.0337 0.9800 -1.1620
vt 0.8095 0.5462
vn -0.1420 0.0000 -0.9899
v 0.0636 0.9800 -1.0228
vt 0.8155 0.5462
vn -0.1420 0.0000 -0.9899
v 0.0636 1.9110 -1.0228
vt 0.8155 0.7007
vn -0.1420 0.0000 -0.9899
v 1.0337 1.9110 -1.1620
vt 0.8095 0.7007
vn -0.1420 0.0000 -0.9899
f 470/470/470 471/471/471 472/472/472 473/473/473
v 0.0636 0.9800 -1.0228
vt 0.3159 0.8339
vn -0.0527 0.9285 -0.3676
v 0.0462 0.9310 -1.1441
vt 0.3159 0.8336
vn -0.0527 0.9285 -0.3676
v -0.3176 0.9310 -1.0919
vt 0.3159 0.8336
vn -0.2178 0.9623 -0.1631
v -0.1789 0.9800 -0.9880
vt 0.3159 0.8339
vn -0.2178 0.9623 -0.1631
f 474/474/474 475/475/475 476/476/476 477/477/477
v -0.0397 0.7350 -0.0180
vt 0.9547 0.5736
vn -0.9899 0.0000 0.1420
v 0.0646 0.7350 0.7096
vt 0.9547 0.5736
vn -0.9899 0.0000 0.1420
v 0.0646 0.9800 0.7096
vt 0.9547 0.5781
vn -0.9899 0.0000 0.1420
v -0.0223 0.9800 0.1033
vt 0.9547 0.5781
vn -0.9899 0.0000 0.1420
f 478/478/478 479/479/479 480/480/480 481/481/481
v 0.0462 0.9310 -1.1441
vt 0.3003 0.8024
vn -0.1420 0.0000 -0.9899
v 0.0462 0.7350 -1.1441
vt 0.3003 0.8010
vn -0.1420 0.0000 -0.9899
v -0.3176 0.7350 -1.0919
vt 0.3003 0.8010
vn -0.1420 0.0000 -0.9899
v -0.3176 0.9310 -1.0919
vt 0.3003 0.8024
vn -0.1420 0.0000 -0.9899
f 482/482/482 483/483/483 484/484/484 485/485/485
v -0.0566 0.7350 0.7270
vt 0.3003 0.8010
vn -0.9899 0.0000 0.1420
v -0.0044 0.7350 1.0907
vt 0.3003 0.8010
vn -0.9899 0.0000 0.1420
v -0.0044 0.9310 1.0907
vt 0.3003 0.8024
vn -0.9899 0.0000 0.1420
v -0.0566 0.9310 0.7270
vt 0.3003 0.8024
vn -0.9899 0.0000 0.1420
f 486/486/486 487/487/487 488/488/488 489/489/489
v -0.0044 0.9310 1.0907
vt 0.3003 0.8024
vn 0.1420 0.0000 0.9899
v -0.0044 0.7350 1.0907
vt 0.3003 0.8010
vn 0.1420 0.0000 0.9899
v 0.3593 0.7350 1.0386
vt 0.3003 0.8010
vn 0.1420 0.0000 0.9899
v 0.3593 0.9310 1.0386
vt 0.3003 0.8024
vn 0.1420 0.0000 0.9899
f 490/490/490 491/491/491 492/492/492 493/493/493
v -0.3176 0.7350 -1.0919
vt 0.3003 0.8010
vn -0.9899 0.0000 0.1420
v -0.2654 0.7350 -0.7281
vt 0.3003 0.8010
vn -0.9899 0.0000 0.1420
v -0.2654 0.9310 -0.7281
vt 0.3003 0.8024
vn -0.9899 0.0000 0.1420
v -0.3176 0.9310 -1.0919
vt 0.3003 0.8024
vn -0.9899 0.0000 0.1420
f 494/494/494 495/495/495 496/496/496 497/497/497
v -0.1789 0.9800 -0.9880
vt 0.3159 0.8339
vn -0.2178 0.9623 -0.1631
v -0.3176 0.9310 -1.0919
vt 0.3159 0.8336
vn -0.2178 0.9623 -0.1631
v -0.2654 0.9310 -0.7281
vt 0.3159 0.8336
vn -0.3676 0.9285 0.0527
v -0.1441 0.9800 -0.7455
vt 0.3159 0.8339
vn -0.3676 0.9285 0.0527
f 498/498/498 499/499/499 500/500/500 501/501/501
v -0.1441 0.9800 -0.7455
vt 0.3003 0.8027
vn 0.1420 0.0000 0.9899
v -0.2654 0.9310 -0.7281
vt 0.3003 0.8024
vn 0.1420 0.0000 0.9899
v -0.2654 0.7350 -0.7281
vt 0.3003 0.8010
vn 0.1420 0.0000 0.9899
v -0.1441 0.7350 -0.7455
vt 0.3003 0.8010
vn 0.1420 0.0000 0.9899
f 502/502/502 503/503/503 504/504/504 505/505/505
v 0.0646 0.7350 0.7096
vt 0.3003 0.8010
vn -0.1420 0.0000 -0.9899
v -0.0566 0.7350 0.7270
vt 0.3003 0.8010
vn -0.1420 0.0000 -0.9899
v -0.0566 0.9310 0.7270
vt 0.3003 0.8024
vn -0.1420 0.0000 -0.9899
v 0.0646 0.9800 0.7096
vt 0.3003 0.8027
vn -0.1420 0.0000 -0.9899
f 506/506/506 507/507/507 508/508/508 509/509/509
v 0.0646 0.9800 0.7096
vt 0.3159 0.8339
vn -0.3676 0.9285 0.0527
v -0.0566 0.9310 0.7270
vt 0.3159 0.8336
vn -0.3676 0.9285 0.0527
v -0.0044 0.9310 1.0907
vt 0.3159 0.8336
vn -0.1631 0.9623 0.2178
v 0.0994 0.9800 0.9521
vt 0.3159 0.8339
vn -0.1631 0.9623 0.2178
f 510/510/510 511/511/511 512/512/512 513/513/513
v 0.0994 0.9800 0.9521
vt 0.3159 0.8339
vn -0.1631 0.9623 0.2178
v -0.0044 0.9310 1.0907
vt 0.3159 0.8336
vn -0.1631 0.9623 0.2178
v 0.3593 0.9310 1.0386
vt 0.3159 0.8336
vn 0.0527 0.9285 0.3676
v 0.3419 0.9800 0.9173
vt 0.3159 0.8339
vn 0.0527 0.9285 0.3676
f 514/514/514 515/515/515 516/516/516 517/517/517
v -0.0397 0.7350 -0.0180
vt 0.9547 0.5736
vn -0.9899 0.0000 0.1420
v -0.0223 0.9800 0.1033
vt 0.9547 0.5781
vn -0.9899 0.0000 0.1420
v -0.0571 0.9800 -0.1392
vt 0.9547 0.5781
vn -0.9899 0.0000 0.1420
f 518/518/518 519/519/519 520/520/520
v 0.0636 0.7350 -1.0228
vt 0.9547 0.5736
vn -0.1420 0.0000 -0.9899
v 0.0636 0.9800 -1.0228
vt 0.9547 0.5781
vn -0.1420 0.0000 -0.9899
v 1.0337 0.9800 -1.1620
vt 0.9547 0.5781
vn -0.1420 0.0000 -0.9899
v 1.0337 0.7350 -1.1620
vt 0.9547 0.5736
vn -0.1420 0.0000 -0.9899
f 521/521/521 522/522/522 523/523/523 524/524/524
v 1.0337 1.9110 -1.1620
vt 0.9278 0.5637
vn -0.0527 -0.9285 -0.3676
v 0.0636 1.9110 -1.0228
vt 0.9278 0.5637
vn -0.0527 -0.9285 -0.3676
v -0.3176 1.9600 -1.0919
vt 0.9278 0.5646
vn -0.2178 -0.9623 -0.1632
v 1.3801 1.9600 -1.3354
vt 0.9278 0.5646
vn 0.1632 -0.9623 -0.2178
f 525/525/525 526/526/526 527/527/527 528/528/528
v -0.3176 1.9600 -1.0919
vt 0.9547 0.5958
vn -0.1420 0.0000 -0.9899
v -0.3176 2.2050 -1.0919
vt 0.9547 0.6003
vn -0.1420 0.0000 -0.9899
v 1.3801 2.2050 -1.3354
vt 0.9547 0.6003
vn -0.1420 0.0000 -0.9899
v 1.3801 1.9600 -1.3354
vt 0.9547 0.5958
vn -0.1420 0.0000 -0.9899
f 529/529/529 530/530/530 531/531/531 532/532/532
v -0.0044 2.2050 1.0908
vt 0.9547 0.6003
vn 0.1420 0.0000 0.9899
v -0.0044 1.9600 1.0907
vt 0.9547 0.5958
vn 0.1420 0.0000 0.9899
v 1.6932 1.9600 0.8472
vt 0.9547 0.5958
vn 0.1420 0.0000 0.9899
v 1.6932 2.2050 0.8472
vt 0.9547 0.6003
vn 0.1420 0.0000 0.9899
f 533/533/533 534/534/534 535/535/535 536/536/536
v 1.5197 0.9800 0.5008
vt 0.9547 0.5781
vn 0.9899 0.0000 -0.1420
v 1.5197 1.9110 0.5008
vt 0.9547 0.5949
vn 0.9899 0.0000 -0.1420
v 1.5545 1.9110 0.7434
vt 0.9547 0.5949
vn 0.9899 0.0000 -0.1420
v 1.5545 0.9800 0.7434
vt 0.9547 0.5781
vn 0.9899 0.0000 -0.1420
f 537/537/537 538/538/538 539/539/539 540/540/540
v 1.3120 1.9110 0.7781
vt 0.9278 0.5637
vn 0.0527 -0.9285 0.3676
v 1.5545 1.9110 0.7434
vt 0.9278 0.5637
vn 0.2178 -0.9623 0.1632
v 1.6932 1.9600 0.8472
vt 0.9278 0.5646
vn 0.2178 -0.9623 0.1632
f 541/541/541 542/542/542 543/543/543
v 1.3120 1.9110 0.7781
vt 0.9547 0.5949
vn 0.1420 0.0000 0.9899
v 1.3120 0.9800 0.7781
vt 0.9547 0.5781
vn 0.1420 0.0000 0.9899
v 1.5545 0.9800 0.7434
vt 0.9547 0.5781
vn 0.1420 0.0000 0.9899
v 1.5545 1.9110 0.7434
vt 0.9547 0.5949
vn 0.1420 0.0000 0.9899
f 544/544/544 545/545/545 546/546/546 547/547/547
v 1.5545 1.9110 0.7434
vt 0.9278 0.5637
vn 0.2178 -0.9623 0.1632
v 1.5197 1.9110 0.5008
vt 0.9278 0.5637
vn 0.3676 -0.9285 -0.0527
v 1.6932 1.9600 0.8472
vt 0.9278 0.5646
vn 0.2178 -0.9623 0.1632
f 548/548/548 549/549/549 550/550/550
v 1.6932 2.2050 0.8472
vt 0.9547 0.6003
vn 0.9899 0.0000 -0.1420
v 1.5540 1.9600 -0.1229
vt 0.9547 0.5958
vn 0.9899 0.0000 -0.1420
v 1.5192 1.9600 -0.3654
vt 0.9547 0.5958
vn 0.9899 0.0000 -0.1420
v 1.3801 2.2050 -1.3354
vt 0.9547 0.6003
vn 0.9899 0.0000 -0.1420
f 551/551/551 552/552/552 553/553/553 554/554/554
v 1.5540 1.9600 -0.1229
vt 0.9547 0.5958
vn 0.9899 0.0000 -0.1420
v 1.6932 2.2050 0.8472
vt 0.9547 0.6003
vn 0.9899 0.0000 -0.1420
v 1.6932 1.9600 0.8472
vt 0.9547 0.5958
vn 0.9899 0.0000 -0.1420
f 555/555/555 556/556/556 557/557/557
v 1.4328 0.9800 -0.1055
vt 0.7768 0.5150
vn 0.9899 0.0000 -0.1420
v 1.4328 1.9110 -0.1055
vt 0.7768 0.6694
vn 0.9899 0.0000 -0.1420
v 1.5197 1.9110 0.5008
vt 0.7768 0.6694
vn 0.9899 0.0000 -0.1420
v 1.5197 0.9800 0.5008
vt 0.7768 0.5150
vn 0.9899 0.0000 -0.1420
f 558/558/558 559/559/559 560/560/560 561/561/561
v 1.3980 0.9800 -0.3480
vt 0.9547 0.5781
vn -0.1420 0.0000 -0.9899
v 1.3980 1.9110 -0.3480
vt 0.9547 0.5949
vn -0.1420 0.0000 -0.9899
v 1.5192 1.9600 -0.3654
vt 0.9547 0.5958
vn -0.1420 0.0000 -0.9899
v 1.5192 1.0290 -0.3654
vt 0.9547 0.5790
vn -0.1420 0.0000 -0.9899
f 562/562/562 563/563/563 564/564/564 565/565/565
v 1.5192 1.0290 -0.3654
vt 0.9547 0.5790
vn 0.9899 0.0000 -0.1420
v 1.5192 1.9600 -0.3654
vt 0.9547 0.5958
vn 0.9899 0.0000 -0.1420
v 1.5540 1.9600 -0.1229
vt 0.9547 0.5958
vn 0.9899 0.0000 -0.1420
v 1.5540 1.0290 -0.1229
vt 0.9547 0.5790
vn 0.9899 0.0000 -0.1420
f 566/566/566 567/567/567 568/568/568 569/569/569
v 1.4328 0.9800 -0.1055
vt 0.9278 0.5468
vn 0.3676 -0.9285 -0.0527
v 1.3980 0.9800 -0.3480
vt 0.9278 0.5468
vn 0.3676 -0.9285 -0.0527
v 1.5192 1.0290 -0.3654
vt 0.9278 0.5477
vn 0.3676 -0.9285 -0.0527
v 1.5540 1.0290 -0.1229
vt 0.9278 0.5477
vn 0.3676 -0.9285 -0.0527
f 570/570/570 571/571/571 572/572/572 573/573/573
v 1.4328 1.9110 -0.1055
vt 0.9547 0.5949
vn 0.1420 0.0000 0.9899
v 1.4328 0.9800 -0.1055
vt 0.9547 0.5781
vn 0.1420 0.0000 0.9899
v 1.5540 1.0290 -0.1229
vt 0.9547 0.5790
vn 0.1420 0.0000 0.9899
v 1.5540 1.9600 -0.1229
vt 0.9547 0.5958
vn 0.1420 0.0000 0.9899
f 574/574/574 575/575/575 576/576/576 577/577/577
v 1.5197 1.9110 0.5008
vt 0.9278 0.5637
vn 0.3676 -0.9285 -0.0527
v 1.4328 1.9110 -0.1055
vt 0.9278 0.5637
vn 0.3676 -0.9285 -0.0527
v 1.5540 1.9600 -0.1229
vt 0.9278 0.5646
vn 0.3676 -0.9285 -0.0527
v 1.6932 1.9600 0.8472
vt 0.9278 0.5646
vn 0.2178 -0.9623 0.1632
f 578/578/578 579/579/579 580/580/580 581/581/581
v 1.3110 0.9800 -0.9543
vt 0.9547 0.5781
vn 0.9899 0.0000 -0.1420
v 1.2762 0.9800 -1.1968
vt 0.9547 0.5781
vn 0.9899 0.0000 -0.1420
v 1.2762 1.9110 -1.1968
vt 0.9547 0.5949
vn 0.9899 0.0000 -0.1420
v 1.3110 1.9110 -0.9543
vt 0.9547 0.5949
vn 0.9899 0.0000 -0.1420
f 582/582/582 583/583/583 584/584/584 585/585/585
v 1.0337 1.9110 -1.1620
vt 0.9278 0.5637
vn -0.0527 -0.9285 -0.3676
v 1.3801 1.9600 -1.3354
vt 0.9278 0.5646
vn 0.1632 -0.9623 -0.2178
v 1.2762 1.9110 -1.1968
vt 0.9278 0.5637
vn 0.1632 -0.9623 -0.2178
f 586/586/586 587/587/587 588/588/588
v 1.0337 1.9110 -1.1620
vt 0.9547 0.5949
vn -0.1420 0.0000 -0.9899
v 1.2762 1.9110 -1.1968
vt 0.9547 0.5949
vn -0.1420 0.0000 -0.9899
v 1.2762 0.9800 -1.1968
vt 0.9547 0.5781
vn -0.1420 0.0000 -0.9899
v 1.0337 0.9800 -1.1620
vt 0.9547 0.5781
vn -0.1420 0.0000 -0.9899
f 589/589/589 590/590/590 591/591/591 592/592/592
v 1.2762 1.9110 -1.1968
vt 0.9278 0.5637
vn 0.1632 -0.9623 -0.2178
v 1.3801 1.9600 -1.3354
vt 0.9278 0.5646
vn 0.1632 -0.9623 -0.2178
v 1.3110 1.9110 -0.9543
vt 0.9278 0.5637
vn 0.3676 -0.9285 -0.0527
f 593/593/593 594/594/594 595/595/595
v -0.1784 1.9600 -0.1218
vt 0.9547 0.5958
vn -0.9899 0.0000 0.1420
v -0.3176 2.2050 -1.0919
vt 0.9547 0.6003
vn -0.9899 0.0000 0.1420
v -0.3176 1.9600 -1.0919
vt 0.9547 0.5958
vn -0.9899 0.0000 0.1420
f 596/596/596 597/597/597 598/598/598
v -0.1784 1.9600 -0.1218
vt 0.9278 0.5646
vn -0.3676 -0.9285 0.0527
v -0.3176 1.9600 -1.0919
vt 0.9278 0.5646
vn -0.2178 -0.9623 -0.1632
v -0.1441 1.9110 -0.7455
vt 0.9278 0.5637
vn -0.3676 -0.9285 0.0527
v -0.0571 1.9110 -0.1392
vt 0.9278 0.5637
vn -0.3676 -0.9285 0.0527
f 599/599/599 600/600/600 601/601/601 602/602/602
v 1.5192 1.9600 -0.3654
vt 0.9278 0.5646
vn 0.3676 -0.9285 -0.0527
v 1.3980 1.9110 -0.3480
vt 0.9278 0.5637
vn 0.3676 -0.9285 -0.0527
v 1.3110 1.9110 -0.9543
vt 0.9278 0.5637
vn 0.3676 -0.9285 -0.0527
v 1.3801 1.9600 -1.3354
vt 0.9278 0.5646
vn 0.1632 -0.9623 -0.2178
f 603/603/603 604/604/604 605/605/605 606/606/606
v 1.3110 0.7350 -0.9543
vt 0.9547 0.5736
vn 0.9899 0.0000 -0.1420
v 1.3110 0.9800 -0.9543
vt 0.9547 0.5781
vn 0.9899 0.0000 -0.1420
v 1.3980 0.9800 -0.3480
vt 0.9547 0.5781
vn 0.9899 0.0000 -0.1420
v 1.4154 0.7350 -0.2267
vt 0.9547 0.5736
vn 0.9899 0.0000 -0.1420
f 607/607/607 608/608/608 609/609/609 610/610/610
v -0.0571 0.9800 -0.1392
vt 0.7857 0.5150
vn -0.9899 0.0000 0.1420
v -0.0571 1.9110 -0.1392
vt 0.7857 0.6694
vn -0.9899 0.0000 0.1420
v -0.1441 1.9110 -0.7455
vt 0.7857 0.6694
vn -0.9899 0.0000 0.1420
v -0.1441 0.9800 -0.7455
vt 0.7857 0.5150
vn -0.9899 0.0000 0.1420
f 611/611/611 612/612/612 613/613/613 614/614/614
v 1.3120 0.9800 0.7781
vt 0.3003 0.8027
vn -0.9899 0.0000 0.1420
v 1.3120 0.7350 0.7781
vt 0.3003 0.8010
vn -0.9899 0.0000 0.1420
v 1.3294 0.7350 0.8994
vt 0.3003 0.8010
vn -0.9899 0.0000 0.1420
v 1.3294 0.9310 0.8994
vt 0.3003 0.8024
vn -0.9899 0.0000 0.1420
f 615/615/615 616/616/616 617/617/617 618/618/618
v 1.0337 0.7350 -1.1620
vt 0.3003 0.8010
vn -0.9899 0.0000 0.1420
v 1.0337 0.9800 -1.1620
vt 0.3003 0.8027
vn -0.9899 0.0000 0.1420
v 1.0163 0.9310 -1.2833
vt 0.3003 0.8024
vn -0.9899 0.0000 0.1420
v 1.0163 0.7350 -1.2833
vt 0.3003 0.8010
vn -0.9899 0.0000 0.1420
f 619/619/619 620/620/620 621/621/621 622/622/622
v 1.0337 0.9800 -1.1620
vt 0.3159 0.8339
vn -0.0527 0.9285 -0.3676
v 1.2762 0.9800 -1.1968
vt 0.3159 0.8339
vn 0.1631 0.9623 -0.2178
v 1.3801 0.9310 -1.3354
vt 0.3159 0.8336
vn 0.1631 0.9623 -0.2178
v 1.0163 0.9310 -1.2833
vt 0.3159 0.8336
vn -0.0527 0.9285 -0.3676
f 623/623/623 624/624/624 625/625/625 626/626/626
v 1.4154 0.7350 -0.2267
vt 0.9547 0.5736
vn 0.9899 0.0000 -0.1420
v 1.4328 0.9800 -0.1055
vt 0.9547 0.5781
vn 0.9899 0.0000 -0.1420
v 1.5197 0.9800 0.5008
vt 0.9547 0.5781
vn 0.9899 0.0000 -0.1420
v 1.5197 0.7350 0.5008
vt 0.9547 0.5736
vn 0.9899 0.0000 -0.1420
f 627/627/627 628/628/628 629/629/629 630/630/630
v 1.0163 0.9310 -1.2833
vt 0.3003 0.8024
vn -0.1420 0.0000 -0.9899
v 1.3801 0.9310 -1.3354
vt 0.3003 0.8024
vn -0.1420 0.0000 -0.9899
v 1.3801 0.7350 -1.3354
vt 0.3003 0.8010
vn -0.1420 0.0000 -0.9899
v 1.0163 0.7350 -1.2833
vt 0.3003 0.8010
vn -0.1420 0.0000 -0.9899
f 631/631/631 632/632/632 633/633/633 634/634/634
v 1.6410 0.7350 0.4834
vt 0.3003 0.8010
vn 0.9899 0.0000 -0.1420
v 1.6410 0.9310 0.4834
vt 0.3003 0.8024
vn 0.9899 0.0000 -0.1420
v 1.6932 0.9310 0.8472
vt 0.3003 0.8024
vn 0.9899 0.0000 -0.1420
v 1.6932 0.7350 0.8472
vt 0.3003 0.8010
vn 0.9899 0.0000 -0.1420
f 635/635/635 636/636/636 637/637/637 638/638/638
v 1.6932 0.9310 0.8472
vt 0.3003 0.8024
vn 0.1420 0.0000 0.9899
v 1.3294 0.9310 0.8994
vt 0.3003 0.8024
vn 0.1420 0.0000 0.9899
v 1.3294 0.7350 0.8994
vt 0.3003 0.8010
vn 0.1420 0.0000 0.9899
v 1.6932 0.7350 0.8472
vt 0.3003 0.8010
vn 0.1420 0.0000 0.9899
f 639/639/639 640/640/640 641/641/641 642/642/642
v 1.3801 0.7350 -1.3354
vt 0.3003 0.8010
vn 0.9899 0.0000 -0.1420
v 1.3801 0.9310 -1.3354
vt 0.3003 0.8024
vn 0.9899 0.0000 -0.1420
v 1.4322 0.9310 -0.9717
vt 0.3003 0.8024
vn 0.9899 0.0000 -0.1420
v 1.4322 0.7350 -0.9717
vt 0.3003 0.8010
vn 0.9899 0.0000 -0.1420
f 643/643/643 644/644/644 645/645/645 646/646/646
v 1.2762 0.9800 -1.1968
vt 0.3159 0.8339
vn 0.1631 0.9623 -0.2178
v 1.3110 0.9800 -0.9543
vt 0.3159 0.8339
vn 0.3676 0.9285 -0.0527
v 1.4322 0.9310 -0.9717
vt 0.3159 0.8336
vn 0.3676 0.9285 -0.0527
v 1.3801 0.9310 -1.3354
vt 0.3159 0.8336
vn 0.1631 0.9623 -0.2178
f 647/647/647 648/648/648 649/649/649 650/650/650
v 1.3110 0.9800 -0.9543
vt 0.3003 0.8027
vn 0.1420 0.0000 0.9899
v 1.3110 0.7350 -0.9543
vt 0.3003 0.8010
vn 0.1420 0.0000 0.9899
v 1.4322 0.7350 -0.9717
vt 0.3003 0.8010
vn 0.1420 0.0000 0.9899
v 1.4322 0.9310 -0.9717
vt 0.3003 0.8024
vn 0.1420 0.0000 0.9899
f 651/651/651 652/652/652 653/653/653 654/654/654
v 1.5197 0.7350 0.5008
vt 0.3003 0.8010
vn -0.1420 0.0000 -0.9899
v 1.5197 0.9800 0.5008
vt 0.3003 0.8027
vn -0.1420 0.0000 -0.9899
v 1.6410 0.9310 0.4834
vt 0.3003 0.8024
vn -0.1420 0.0000 -0.9899
v 1.6410 0.7350 0.4834
vt 0.3003 0.8010
vn -0.1420 0.0000 -0.9899
f 655/655/655 656/656/656 657/657/657 658/658/658
v 1.5197 0.9800 0.5008
vt 0.3159 0.8339
vn 0.3676 0.9285 -0.0527
v 1.5545 0.9800 0.7434
vt 0.3159 0.8339
vn 0.2178 0.9623 0.1631
v 1.6932 0.9310 0.8472
vt 0.3159 0.8336
vn 0.2178 0.9623 0.1631
v 1.6410 0.9310 0.4834
vt 0.3159 0.8336
vn 0.3676 0.9285 -0.0527
f 659/659/659 660/660/660 661/661/661 662/662/662
v 1.5545 0.9800 0.7434
vt 0.3159 0.8339
vn 0.2178 0.9623 0.1631
v 1.3120 0.9800 0.7781
vt 0.3159 0.8339
vn 0.0527 0.9285 0.3676
v 1.3294 0.9310 0.8994
vt 0.3159 0.8336
vn 0.0527 0.9285 0.3676
v 1.6932 0.9310 0.8472
vt 0.3159 0.8336
vn 0.2178 0.9623 0.1631
f 663/663/663 664/664/664 665/665/665 666/666/666
v 1.4154 0.7350 -0.2267
vt 0.9547 0.5736
vn 0.9899 0.0000 -0.1420
v 1.3980 0.9800 -0.3480
vt 0.9547 0.5781
vn 0.9899 0.0000 -0.1420
v 1.4328 0.9800 -0.1055
vt 0.9547 0.5781
vn 0.9899 0.0000 -0.1420
f 667/667/667 668/668/668 669/669/669
v 1.3980 0.9800 -0.3480
vt 0.7768 0.5150
vn 0.9899 0.0000 -0.1420
v 1.3110 0.9800 -0.9543
vt 0.7768 0.5150
vn 0.9899 0.0000 -0.1420
v 1.3110 1.9110 -0.9543
vt 0.7768 0.6694
vn 0.9899 0.0000 -0.1420
v 1.3980 1.9110 -0.3480
vt 0.7768 0.6694
vn 0.9899 0.0000 -0.1420
f 670/670/670 671/671/671 672/672/672 673/673/673
v -0.1441 0.7350 -0.7455
vt 0.9547 0.5736
vn -0.9899 0.0000 0.1420
v -0.0397 0.7350 -0.0180
vt 0.9547 0.5736
vn -0.9899 0.0000 0.1420
v -0.0571 0.9800 -0.1392
vt 0.9547 0.5781
vn -0.9899 0.0000 0.1420
v -0.1441 0.9800 -0.7455
vt 0.9547 0.5781
vn -0.9899 0.0000 0.1420
f 674/674/674 675/675/675 676/676/676 677/677/677
v 1.3120 0.9800 0.7781
vt 0.9547 0.5781
vn 0.1420 0.0000 0.9899
v 0.3419 0.9800 0.9173
vt 0.9547 0.5781
vn 0.1420 0.0000 0.9899
v 0.3419 0.7350 0.9173
vt 0.9547 0.5736
vn 0.1420 0.0000 0.9899
v 1.3120 0.7350 0.7781
vt 0.9547 0.5736
vn 0.1420 0.0000 0.9899
f 678/678/678 679/679/679 680/680/680 681/681/681
v 0.7157 3.1850 0.9874
vt 0.8876 0.5712
vn -0.0000 -1.0000 0.0000
v 0.6809 3.1850 0.7449
vt 0.8876 0.5712
vn -0.0000 -1.0000 0.0000
v 0.9308 3.1850 0.7091
vt 0.8876 0.5712
vn -0.1292 -0.9914 0.0185
v 0.9656 3.1850 0.9516
vt 0.8876 0.5712
vn -0.1292 -0.9914 0.0185
f 682/682/682 683/683/683 684/684/684 685/685/685
v -0.1615 3.1850 -0.8668
vt 0.8876 0.5712
vn -0.0000 -1.0000 0.0000
v -0.1963 3.1850 -1.1093
vt 0.8876 0.5712
vn -0.0000 -1.0000 0.0000
v 0.6525 3.1850 -1.2311
vt 0.8876 0.5712
vn -0.1292 -0.9914 0.0185
v 0.6873 3.1850 -0.9886
vt 0.8876 0.5712
vn -0.1292 -0.9914 0.0185
f 686/686/686 687/687/687 688/688/688 689/689/689
v 0.6809 3.1850 0.7449
vt 0.9144 0.6024
vn -0.1420 0.0000 -0.9899
v 0.6809 3.4300 0.7449
vt 0.9144 0.6069
vn -0.1420 0.0000 -0.9899
v 1.4159 3.4299 0.6395
vt 0.9144 0.6069
vn -0.1420 0.0000 -0.9899
v 0.9308 3.1850 0.7091
vt 0.9144 0.6024
vn -0.1420 0.0000 -0.9899
f 690/690/690 691/691/691 692/692/692 693/693/693
v -0.1963 3.1850 -1.1093
vt 0.9547 0.6180
vn -0.1420 0.0000 -0.9899
v -0.1963 3.4300 -1.1093
vt 0.9547 0.6225
vn -0.1420 0.0000 -0.9899
v 1.3801 3.4300 -1.3354
vt 0.9547 0.6225
vn -0.1420 0.0000 -0.9899
v 0.6525 3.1850 -1.2311
vt 0.9547 0.6180
vn -0.1420 0.0000 -0.9899
f 694/694/694 695/695/695 696/696/696 697/697/697
v -0.1615 3.4300 -0.8668
vt 0.9144 0.6069
vn 0.1420 0.0000 0.9899
v -0.1615 3.1850 -0.8668
vt 0.9144 0.6024
vn 0.1420 0.0000 0.9899
v 0.6873 3.1850 -0.9886
vt 0.9144 0.6024
vn 0.1420 0.0000 0.9899
v 1.1724 3.4299 -1.0581
vt 0.9144 0.6069
vn 0.1420 0.0000 0.9899
f 698/698/698 699/699/699 700/700/700 701/701/701
v 1.4507 2.6950 0.8820
vt 0.9547 0.6092
vn 0.1420 0.0000 0.9899
v 1.4507 2.2050 0.8820
vt 0.9547 0.6003
vn 0.1420 0.0000 0.9899
v 1.6932 2.2050 0.8472
vt 0.9547 0.6003
vn 0.1420 0.0000 0.9899
v 1.6932 3.4300 0.8472
vt 0.9547 0.6225
vn 0.1420 0.0000 0.9899
f 702/702/702 703/703/703 704/704/704 705/705/705
v 0.6809 3.4300 0.7449
vt 0.9815 0.6694
vn 0.0000 1.0000 -0.0003
v 0.7157 3.4300 0.9874
vt 0.9815 0.6694
vn 0.0000 1.0000 -0.0003
v 1.6932 3.4300 0.8472
vt 0.9815 0.6694
vn -0.0002 1.0000 -0.0001
v 1.4159 3.4299 0.6395
vt 0.9815 0.6694
vn -0.0002 1.0000 -0.0001
f 706/706/706 707/707/707 708/708/708 709/709/709
v 0.9308 3.1850 0.7091
vt 0.9144 0.6024
vn -0.1420 0.0000 -0.9899
v 1.4159 3.1850 0.6395
vt 0.9144 0.6024
vn -0.1420 0.0000 -0.9899
v 1.1734 3.1194 0.6743
vt 0.9144 0.6012
vn -0.1420 0.0000 -0.9899
f 710/710/710 711/711/711 712/712/712
v 1.4159 3.1850 0.6395
vt 0.9144 0.6024
vn -0.9899 0.0000 0.1420
v 1.4159 3.4299 0.6395
vt 0.9144 0.6069
vn -0.9899 0.0000 0.1420
v 1.1724 3.4299 -1.0581
vt 0.9144 0.6069
vn -0.9899 0.0000 0.1420
v 1.1724 3.1850 -1.0581
vt 0.9144 0.6024
vn -0.9899 0.0000 0.1420
f 713/713/713 714/714/714 715/715/715 716/716/716
v 0.7157 3.4300 0.9874
vt 0.9547 0.6225
vn 0.1420 0.0000 0.9899
v 0.7157 3.1850 0.9874
vt 0.9547 0.6180
vn 0.1420 0.0000 0.9899
v 0.9656 3.1850 0.9516
vt 0.9547 0.6180
vn 0.1420 0.0000 0.9899
v 1.6932 3.4300 0.8472
vt 0.9547 0.6225
vn 0.1420 0.0000 0.9899
f 717/717/717 718/718/718 719/719/719 720/720/720
v 1.1734 3.1194 0.6743
vt 0.9144 0.6012
vn -0.1420 0.0000 -0.9899
v 1.4159 3.1850 0.6395
vt 0.9144 0.6024
vn -0.1420 0.0000 -0.9899
v 1.3509 2.9400 0.6488
vt 0.9144 0.5980
vn -0.1420 0.0000 -0.9899
f 721/721/721 722/722/722 723/723/723
v 1.1724 2.6950 -1.0581
vt 0.9144 0.5935
vn 0.1420 0.0000 0.9899
v 1.1724 2.2050 -1.0581
vt 0.9144 0.5847
vn 0.1420 0.0000 0.9899
v 1.4149 2.2050 -1.0929
vt 0.9144 0.5847
vn 0.1420 0.0000 0.9899
v 1.4149 3.1850 -1.0929
vt 0.9144 0.6024
vn 0.1420 0.0000 0.9899
f 724/724/724 725/725/725 726/726/726 727/727/727
v 1.1376 2.6950 -1.3007
vt 0.9144 0.5935
vn -0.9814 -0.1305 0.1408
v 1.1376 2.2050 -1.3007
vt 0.9144 0.5847
vn -0.9899 0.0000 0.1420
v 1.1724 2.2050 -1.0581
vt 0.9144 0.5847
vn -0.9899 0.0000 0.1420
v 1.1724 2.6950 -1.0581
vt 0.9144 0.5935
vn -0.9814 -0.1305 0.1408
f 728/728/728 729/729/729 730/730/730 731/731/731
v 1.3801 3.4300 -1.3354
vt 0.9547 0.6225
vn -0.1420 0.0000 -0.9899
v 1.3801 2.2050 -1.3354
vt 0.9547 0.6003
vn -0.1420 0.0000 -0.9899
v 1.1376 2.2050 -1.3007
vt 0.9547 0.6003
vn -0.1420 0.0000 -0.9899
v 1.1376 2.6950 -1.3007
vt 0.9547 0.6092
vn -0.1420 0.0000 -0.9899
f 732/732/732 733/733/733 734/734/734 735/735/735
v 1.6583 3.1850 0.6047
vt 0.9144 0.6024
vn -0.1420 0.0000 -0.9899
v 1.6584 2.2050 0.6047
vt 0.9144 0.5847
vn -0.1420 0.0000 -0.9899
v 1.4159 2.2050 0.6395
vt 0.9144 0.5847
vn -0.1420 0.0000 -0.9899
v 1.4159 2.6950 0.6395
vt 0.9144 0.5935
vn -0.1420 0.0000 -0.9899
f 736/736/736 737/737/737 738/738/738 739/739/739
v 1.4149 3.1850 -1.0929
vt 0.9547 0.6180
vn 0.9899 -0.0001 -0.1420
v 1.4149 2.2050 -1.0929
vt 0.9547 0.6003
vn 0.9899 0.0000 -0.1420
v 1.3801 2.2050 -1.3354
vt 0.9547 0.6003
vn 0.9899 0.0000 -0.1420
v 1.3801 3.4300 -1.3354
vt 0.9547 0.6225
vn 0.9899 -0.0001 -0.1420
f 740/740/740 741/741/741 742/742/742 743/743/743
v 1.3857 2.9400 0.8913
vt 0.9547 0.6136
vn 0.1420 0.0000 0.9899
v 1.6932 3.4300 0.8472
vt 0.9547 0.6225
vn 0.1420 0.0000 0.9899
v 1.2082 3.1194 0.9168
vt 0.9547 0.6169
vn 0.1420 0.0000 0.9899
f 744/744/744 745/745/745 746/746/746
v 1.4507 2.6950 0.8820
vt 0.9547 0.6092
vn 0.1420 0.0000 0.9899
v 1.6932 3.4300 0.8472
vt 0.9547 0.6225
vn 0.1420 0.0000 0.9899
v 1.3857 2.9400 0.8913
vt 0.9547 0.6136
vn 0.1420 0.0000 0.9899
f 747/747/747 748/748/748 749/749/749
v 1.6932 3.4300 0.8472
vt 0.9547 0.6225
vn 0.9898 -0.0001 -0.1421
v 1.6932 2.2050 0.8472
vt 0.9547 0.6003
vn 0.9898 0.0001 -0.1423
v 1.6584 2.2050 0.6047
vt 0.9547 0.6003
vn 0.9898 0.0001 -0.1423
v 1.6583 3.1850 0.6047
vt 0.9547 0.6180
vn 0.9898 -0.0001 -0.1421
f 750/750/750 751/751/751 752/752/752 753/753/753
v 1.6583 3.1850 0.6047
vt 0.9278 0.5868
vn -0.0000 -1.0000 0.0000
v 1.4159 3.1850 0.6395
vt 0.9278 0.5868
vn -0.0000 -1.0000 0.0000
v 1.1724 3.1850 -1.0581
vt 0.9278 0.5868
vn -0.0000 -1.0000 0.0000
v 1.4149 3.1850 -1.0929
vt 0.9278 0.5868
vn -0.0000 -1.0000 0.0000
f 754/754/754 755/755/755 756/756/756 757/757/757
v 1.4159 3.1850 0.6395
vt 0.9144 0.6024
vn -0.1420 0.0000 -0.9899
v 1.6583 3.1850 0.6047
vt 0.9144 0.6024
vn -0.1420 0.0000 -0.9899
v 1.4159 2.6950 0.6395
vt 0.9144 0.5935
vn -0.1420 0.0000 -0.9899
f 758/758/758 759/759/759 760/760/760
v 1.1724 3.1850 -1.0581
vt 0.9144 0.6024
vn 0.1420 0.0000 0.9899
v 1.1724 3.4299 -1.0581
vt 0.9144 0.6069
vn 0.1420 0.0000 0.9899
v 0.6873 3.1850 -0.9886
vt 0.9144 0.6024
vn 0.1420 0.0000 0.9899
f 761/761/761 762/762/762 763/763/763
v 1.4507 2.6950 0.8820
vt 0.9144 0.5935
vn -0.9814 -0.1305 0.1408
v 1.3857 2.9400 0.8913
vt 0.9144 0.5980
vn -0.8572 -0.5000 0.1230
v 1.3509 2.9400 0.6488
vt 0.9144 0.5980
vn -0.8572 -0.5000 0.1230
v 1.4159 2.6950 0.6395
vt 0.9144 0.5935
vn -0.9814 -0.1305 0.1408
f 764/764/764 765/765/765 766/766/766 767/767/767
v 1.3857 2.9400 0.8913
vt 0.9144 0.5980
vn -0.8572 -0.5000 0.1230
v 1.2082 3.1194 0.9168
vt 0.9144 0.5700
vn -0.4949 -0.8660 0.0710
v 1.1734 3.1194 0.6743
vt 0.9144 0.5700
vn -0.4949 -0.8660 0.0710
v 1.3509 2.9400 0.6488
vt 0.9144 0.5980
vn -0.8572 -0.5000 0.1230
f 768/768/768 769/769/769 770/770/770 771/771/771
v 1.2082 3.1194 0.9168
vt 0.8876 0.5700
vn -0.4949 -0.8660 0.0710
v 0.9656 3.1850 0.9516
vt 0.8876 0.5712
vn -0.1292 -0.9914 0.0185
v 0.9308 3.1850 0.7091
vt 0.8876 0.5712
vn -0.1292 -0.9914 0.0185
v 1.1734 3.1194 0.6743
vt 0.8876 0.5700
vn -0.4949 -0.8660 0.0710
f 772/772/772 773/773/773 774/774/774 775/775/775
v 1.1724 2.6950 -1.0581
vt 0.9144 0.5935
vn -0.9814 -0.1305 0.1408
v 1.1074 2.9400 -1.0488
vt 0.9144 0.5980
vn -0.8572 -0.5000 0.1230
v 1.0726 2.9400 -1.2913
vt 0.9144 0.5980
vn -0.8572 -0.5000 0.1230
v 1.1376 2.6950 -1.3007
vt 0.9144 0.5935
vn -0.9814 -0.1305 0.1408
f 776/776/776 777/777/777 778/778/778 779/779/779
v 1.1074 2.9400 -1.0488
vt 0.9144 0.5980
vn -0.8572 -0.5000 0.1230
v 0.9298 3.1194 -1.0233
vt 0.9144 0.5700
vn -0.4949 -0.8660 0.0710
v 0.8950 3.1194 -1.2659
vt 0.9144 0.5700
vn -0.4949 -0.8660 0.0710
v 1.0726 2.9400 -1.2913
vt 0.9144 0.5980
vn -0.8572 -0.5000 0.1230
f 780/780/780 781/781/781 782/782/782 783/783/783
v 0.9298 3.1194 -1.0233
vt 0.8876 0.5700
vn -0.4949 -0.8660 0.0710
v 0.6873 3.1850 -0.9886
vt 0.8876 0.5712
vn -0.1292 -0.9914 0.0185
v 0.6525 3.1850 -1.2311
vt 0.8876 0.5712
vn -0.1292 -0.9914 0.0185
v 0.8950 3.1194 -1.2659
vt 0.8876 0.5700
vn -0.4949 -0.8660 0.0710
f 784/784/784 785/785/785 786/786/786 787/787/787
v 1.4159 2.6950 0.6395
vt 0.9144 0.5935
vn -0.9814 -0.1305 0.1408
v 1.4159 2.2050 0.6395
vt 0.9144 0.5847
vn -0.9899 0.0000 0.1420
v 1.4507 2.2050 0.8820
vt 0.9144 0.5847
vn -0.9899 0.0000 0.1420
v 1.4507 2.6950 0.8820
vt 0.9144 0.5935
vn -0.9814 -0.1305 0.1408
f 788/788/788 789/789/789 790/790/790 791/791/791
v 1.0726 2.9400 -1.2913
vt 0.9547 0.6136
vn -0.1420 0.0000 -0.9899
v 1.3801 3.4300 -1.3354
vt 0.9547 0.6225
vn -0.1420 0.0000 -0.9899
v 1.1376 2.6950 -1.3007
vt 0.9547 0.6092
vn -0.1420 0.0000 -0.9899
f 792/792/792 793/793/793 794/794/794
v 1.4149 3.1850 -1.0929
vt 0.9144 0.6024
vn 0.1420 0.0000 0.9899
v 1.1724 3.1850 -1.0581
vt 0.9144 0.6024
vn 0.1420 0.0000 0.9899
v 1.1724 2.6950 -1.0581
vt 0.9144 0.5935
vn 0.1420 0.0000 0.9899
f 795/795/795 796/796/796 797/797/797
v 0.9298 3.1194 -1.0233
vt 0.9144 0.6012
vn 0.1420 0.0000 0.9899
v 1.1724 3.1850 -1.0581
vt 0.9144 0.6024
vn 0.1420 0.0000 0.9899
v 0.6873 3.1850 -0.9886
vt 0.9144 0.6024
vn 0.1420 0.0000 0.9899
f 798/798/798 799/799/799 800/800/800
v 1.2082 3.1194 0.9168
vt 0.9547 0.6169
vn 0.1420 0.0000 0.9899
v 1.6932 3.4300 0.8472
vt 0.9547 0.6225
vn 0.1420 0.0000 0.9899
v 0.9656 3.1850 0.9516
vt 0.9547 0.6180
vn 0.1420 0.0000 0.9899
f 801/801/801 802/802/802 803/803/803
v 1.3509 2.9400 0.6488
vt 0.9144 0.5980
vn -0.1420 0.0000 -0.9899
v 1.4159 3.1850 0.6395
vt 0.9144 0.6024
vn -0.1420 0.0000 -0.9899
v 1.4159 2.6950 0.6395
vt 0.9144 0.5935
vn -0.1420 0.0000 -0.9899
f 804/804/804 805/805/805 806/806/806
v 1.4159 3.4299 0.6395
vt 0.9144 0.6069
vn -0.1420 0.0000 -0.9899
v 1.4159 3.1850 0.6395
vt 0.9144 0.6024
vn -0.1420 0.0000 -0.9899
v 0.9308 3.1850 0.7091
vt 0.9144 0.6024
vn -0.1420 0.0000 -0.9899
f 807/807/807 808/808/808 809/809/809
v 0.6525 3.1850 -1.2311
vt 0.9547 0.6180
vn -0.1420 0.0000 -0.9899
v 1.3801 3.4300 -1.3354
vt 0.9547 0.6225
vn -0.1420 0.0000 -0.9899
v 0.8950 3.1194 -1.2659
vt 0.9547 0.6169
vn -0.1420 0.0000 -0.9899
f 810/810/810 811/811/811 812/812/812
v 0.8950 3.1194 -1.2659
vt 0.9547 0.6169
vn -0.1420 0.0000 -0.9899
v 1.3801 3.4300 -1.3354
vt 0.9547 0.6225
vn -0.1420 0.0000 -0.9899
v 1.0726 2.9400 -1.2913
vt 0.9547 0.6136
vn -0.1420 0.0000 -0.9899
f 813/813/813 814/814/814 815/815/815
v 1.1724 2.6950 -1.0581
vt 0.9144 0.5935
vn 0.1420 0.0000 0.9899
v 1.1724 3.1850 -1.0581
vt 0.9144 0.6024
vn 0.1420 0.0000 0.9899
v 1.1074 2.9400 -1.0488
vt 0.9144 0.5980
vn 0.1420 0.0000 0.9899
f 816/816/816 817/817/817 818/818/818
v 1.1074 2.9400 -1.0488
vt 0.9144 0.5980
vn 0.1420 0.0000 0.9899
v 1.1724 3.1850 -1.0581
vt 0.9144 0.6024
vn 0.1420 0.0000 0.9899
v 0.9298 3.1194 -1.0233
vt 0.9144 0.6012
vn 0.1420 0.0000 0.9899
f 819/819/819 820/820/820 821/821/821
v -0.1963 3.4300 -1.1093
vt 0.9815 0.6694
vn 0.0001 1.0000 0.0003
v -0.1615 3.4300 -0.8668
vt 0.9815 0.6694
vn 0.0001 1.0000 0.0003
v 1.1724 3.4299 -1.0581
vt 0.9815 0.6694
vn -0.0002 1.0000 0.0002
v 1.3801 3.4300 -1.3354
vt 0.9815 0.6694
vn -0.0002 1.0000 0.0002
f 822/822/822 823/823/823 824/824/824 825/825/825
v 1.4159 3.4299 0.6395
vt 0.9815 0.6694
vn -0.0002 1.0000 -0.0001
v 1.6932 3.4300 0.8472
vt 0.9815 0.6694
vn -0.0002 1.0000 -0.0001
v 1.3801 3.4300 -1.3354
vt 0.9815 0.6694
vn -0.0002 1.0000 0.0002
v 1.1724 3.4299 -1.0581
vt 0.9815 0.6694
vn -0.0002 1.0000 0.0002
f 826/826/826 827/827/827 828/828/828 829/829/829
v 1.6932 3.4300 0.8472
vt 0.9547 0.6225
vn 0.9898 -0.0001 -0.1421
v 1.6583 3.1850 0.6047
vt 0.9547 0.6180
vn 0.9898 -0.0001 -0.1421
v 1.4149 3.1850 -1.0929
vt 0.9547 0.6180
vn 0.9899 -0.0001 -0.1420
v 1.3801 3.4300 -1.3354
vt 0.9547 0.6225
vn 0.9899 -0.0001 -0.1420
f 830/830/830 831/831/831 832/832/832 833/833/833
v 0.6809 3.4300 0.7449
vt 0.9547 0.6225
vn -0.9899 0.0000 0.1420
v 0.6809 3.1850 0.7449
vt 0.9547 0.6180
vn -0.9899 0.0000 0.1420
v 0.7157 3.1850 0.9874
vt 0.9547 0.6180
vn -0.9899 0.0000 0.1420
v 0.7157 3.4300 0.9874
vt 0.9547 0.6225
vn -0.9899 0.0000 0.1420
f 834/834/834 835/835/835 836/836/836 837/837/837
v -0.1963 3.4300 -1.1093
vt 0.9547 0.6225
vn -0.9899 0.0000 0.1420
v -0.1963 3.1850 -1.1093
vt 0.9547 0.6180
vn -0.9899 0.0000 0.1420
v -0.1615 3.1850 -0.8668
vt 0.9547 0.6180
vn -0.9899 0.0000 0.1420
v -0.1615 3.4300 -0.8668
vt 0.9547 0.6225
vn -0.9899 0.0000 0.1420
f 838/838/838 839/839/839 840/840/840 841/841/841
v 1.2312 3.1850 -1.0790
vt 0.8297 0.6180
vn -0.9899 0.0000 0.1420
v 1.2312 2.2050 -1.0790
vt 0.8297 0.6003
vn -0.9899 0.0000 0.1420
v 1.3391 2.2050 -0.3272
vt 0.8297 0.6003
vn -0.9899 0.0000 0.1420
v 1.3391 3.1850 -0.3272
vt 0.8297 0.6180
vn -0.9899 0.0000 0.1420
f 842/842/842 843/843/843 844/844/844 845/845/845
v 1.4604 3.1850 -0.3446
vt 0.8297 0.6180
vn 0.9899 0.0000 -0.1420
v 1.4604 2.2050 -0.3446
vt 0.8297 0.6003
vn 0.9899 0.0000 -0.1420
v 1.3525 2.2050 -1.0964
vt 0.8297 0.6003
vn 0.9899 0.0000 -0.1420
v 1.3525 3.1850 -1.0964
vt 0.8297 0.6180
vn 0.9899 0.0000 -0.1420
f 846/846/846 847/847/847 848/848/848 849/849/849
v 1.3971 2.9278 0.0770
vt 0.7828 0.5509
vn 0.1420 0.0000 0.9899
v 1.3971 2.4657 0.0770
vt 0.7828 0.5425
vn 0.1420 0.0000 0.9899
v 1.5183 2.4657 0.0596
vt 0.7828 0.5425
vn 0.1420 0.0000 0.9899
v 1.5183 2.9278 0.0596
vt 0.7828 0.5509
vn 0.1420 0.0000 0.9899
f 850/850/850 851/851/851 852/852/852 853/853/853
v 1.3739 2.2050 -0.0846
vt 0.8297 0.6003
vn -0.9899 0.0000 0.1420
v 1.3971 2.2050 0.0770
vt 0.8297 0.6003
vn -0.9899 0.0000 0.1420
v 1.3971 2.4657 0.0770
vt 0.8297 0.6050
vn -0.9899 0.0000 0.1420
v 1.3971 2.9278 0.0770
vt 0.8297 0.6134
vn -0.9899 0.0000 0.1420
f 854/854/854 855/855/855 856/856/856 857/857/857
v 1.5183 2.9278 0.0596
vt 0.8297 0.6134
vn 0.9899 0.0000 -0.1420
v 1.5183 2.4657 0.0596
vt 0.8297 0.6050
vn 0.9899 0.0000 -0.1420
v 1.5183 2.2050 0.0596
vt 0.8297 0.6003
vn 0.9899 0.0000 -0.1420
v 1.4951 2.2050 -0.1020
vt 0.8297 0.6003
vn 0.9899 0.0000 -0.1420
f 858/858/858 859/859/859 860/860/860 861/861/861
v 1.3971 2.4657 0.0770
vt 0.8565 0.6831
vn 0.0190 0.9910 0.1326
v 1.4778 2.3888 0.6399
vt 0.8565 0.6817
vn 0.0190 0.9910 0.1326
v 1.5991 2.3888 0.6225
vt 0.8565 0.6817
vn 0.0190 0.9910 0.1326
v 1.5183 2.4657 0.0596
vt 0.8565 0.6831
vn 0.0190 0.9910 0.1326
f 862/862/862 863/863/863 864/864/864 865/865/865
v 1.3971 2.2050 0.0770
vt 0.8297 0.6003
vn -0.9899 0.0000 0.1420
v 1.4778 2.2050 0.6399
vt 0.8297 0.6003
vn -0.9899 0.0000 0.1420
v 1.4778 2.3888 0.6399
vt 0.8297 0.6036
vn -0.9899 0.0000 0.1420
v 1.3971 2.4657 0.0770
vt 0.8297 0.6050
vn -0.9899 0.0000 0.1420
f 866/866/866 867/867/867 868/868/868 869/869/869
v 1.5183 2.4657 0.0596
vt 0.8297 0.6050
vn 0.9899 0.0000 -0.1420
v 1.5991 2.3888 0.6225
vt 0.8297 0.6036
vn 0.9899 0.0000 -0.1420
v 1.5991 2.2050 0.6225
vt 0.8297 0.6003
vn 0.9899 0.0000 -0.1420
v 1.5183 2.2050 0.0596
vt 0.8297 0.6003
vn 0.9899 0.0000 -0.1420
f 870/870/870 871/871/871 872/872/872 873/873/873
v 1.4708 2.9278 -0.2720
vt 0.8297 0.6134
vn 0.9899 0.0000 -0.1420
v 1.5183 2.9278 0.0596
vt 0.8297 0.6134
vn 0.9899 0.0000 -0.1420
v 1.4951 2.2050 -0.1020
vt 0.8297 0.6003
vn 0.9899 0.0000 -0.1420
v 1.4777 2.2050 -0.2233
vt 0.8297 0.6003
vn 0.9899 0.0000 -0.1420
f 874/874/874 875/875/875 876/876/876 877/877/877
v 1.3565 2.2050 -0.2059
vt 0.8297 0.6003
vn -0.9899 0.0000 0.1420
v 1.3739 2.2050 -0.0846
vt 0.8297 0.6003
vn -0.9899 0.0000 0.1420
v 1.3971 2.9278 0.0770
vt 0.8297 0.6134
vn -0.9899 0.0000 0.1420
v 1.3495 2.9278 -0.2546
vt 0.8297 0.6134
vn -0.9899 0.0000 0.1420
f 878/878/878 879/879/879 880/880/880 881/881/881
v 1.3495 2.9278 -0.2546
vt 0.8565 0.6915
vn 0.0000 1.0000 0.0000
v 1.3971 2.9278 0.0770
vt 0.8565 0.6915
vn 0.0000 1.0000 0.0000
v 1.5183 2.9278 0.0596
vt 0.8565 0.6915
vn 0.0000 1.0000 0.0000
v 1.4708 2.9278 -0.2720
vt 0.8565 0.6915
vn 0.0000 1.0000 0.0000
f 882/882/882 883/883/883 884/884/884 885/885/885
v -0.0044 2.2050 1.0908
vt 0.9815 0.6472
vn 0.0000 1.0000 0.0000
v 1.6932 2.2050 0.8472
vt 0.9815 0.6472
vn 0.0000 1.0000 0.0000
v 1.3801 2.2050 -1.3354
vt 0.9815 0.6472
vn 0.0000 1.0000 0.0000
v -0.3176 2.2050 -1.0919
vt 0.9815 0.6472
vn 0.0000 1.0000 0.0000
f 886/886/886 887/887/887 888/888/888 889/889/889
v 1.3801 1.9600 -1.3354
vt 0.9547 0.5958
vn 0.9899 0.0000 -0.1420
v 1.3801 2.2050 -1.3354
vt 0.9547 0.6003
vn 0.9899 0.0000 -0.1420
v 1.5192 1.9600 -0.3654
vt 0.9547 0.5958
vn 0.9899 0.0000 -0.1420
f 890/890/890 891/891/891 892/892/892
v 1.3391 3.1850 -0.3272
vt 0.7828 0.5555
vn 0.1366 0.2739 0.9520
v 1.3495 2.9278 -0.2546
vt 0.7828 0.5509
vn 0.1366 0.2739 0.9520
v 1.4708 2.9278 -0.2720
vt 0.7828 0.5509
vn 0.1366 0.2739 0.9520
v 1.4604 3.1850 -0.3446
vt 0.7828 0.5555
vn 0.1366 0.2739 0.9520
f 893/893/893 894/894/894 895/895/895 896/896/896
v 1.3391 2.2050 -0.3272
vt 0.8297 0.6003
vn -0.9899 0.0000 0.1420
v 1.3565 2.2050 -0.2059
vt 0.8297 0.6003
vn -0.9899 0.0000 0.1420
v 1.3495 2.9278 -0.2546
vt 0.8297 0.6134
vn -0.9899 0.0000 0.1420
v 1.3391 3.1850 -0.3272
vt 0.8297 0.6180
vn -0.9899 0.0000 0.1420
f 897/897/897 898/898/898 899/899/899 900/900/900
v 1.4604 3.1850 -0.3446
vt 0.8297 0.6180
vn 0.9899 0.0000 -0.1420
v 1.4708 2.9278 -0.2720
vt 0.8297 0.6134
vn 0.9899 0.0000 -0.1420
v 1.4777 2.2050 -0.2233
vt 0.8297 0.6003
vn 0.9899 0.0000 -0.1420
v 1.4604 2.2050 -0.3446
vt 0.8297 0.6003
vn 0.9899 0.0000 -0.1420
f 901/901/901 902/902/902 903/903/903 904/904/904
v 0.4416 0.5513 1.3223
vt 0.3193 0.8165
vn -0.0168 0.0000 0.9999
v 1.4215 0.5513 1.3388
vt 0.3193 0.8165
vn -0.0168 0.0000 0.9999
v 1.4215 0.7350 1.3388
vt 0.3193 0.8229
vn -0.0168 0.0000 0.9999
v 0.4416 0.7350 1.3223
vt 0.3193 0.8229
vn -0.0168 0.0000 0.9999
f 905/905/905 906/906/906 907/907/907 908/908/908
v 0.4478 0.7350 0.9549
vt 0.2880 0.8698
vn 0.0000 1.0000 0.0000
v 0.4416 0.7350 1.3223
vt 0.2880 0.8698
vn 0.0000 1.0000 0.0000
v 1.4215 0.7350 1.3388
vt 0.2880 0.8698
vn 0.0000 1.0000 0.0000
v 1.4277 0.7350 0.9713
vt 0.2880 0.8698
vn 0.0000 1.0000 0.0000
f 909/909/909 910/910/910 911/911/911 912/912/912
v 0.4416 0.5513 1.3223
vt 0.2880 0.8634
vn 0.0000 1.0000 0.0000
v 0.4375 0.5513 1.5673
vt 0.2880 0.8634
vn 0.0000 1.0000 0.0000
v 1.4174 0.5513 1.5838
vt 0.2880 0.8634
vn 0.0000 1.0000 0.0000
v 1.4215 0.5513 1.3388
vt 0.2880 0.8634
vn 0.0000 1.0000 0.0000
f 913/913/913 914/914/914 915/915/915 916/916/916
v 1.4277 0.0000 0.9713
vt 0.3193 0.7974
vn 0.0168 0.0000 -0.9999
v 0.4478 0.0000 0.9549
vt 0.3193 0.7974
vn 0.0168 0.0000 -0.9999
v 0.4478 0.7350 0.9549
vt 0.3193 0.8229
vn 0.0168 0.0000 -0.9999
v 1.4277 0.7350 0.9713
vt 0.3193 0.8229
vn 0.0168 0.0000 -0.9999
f 917/917/917 918/918/918 919/919/919 920/920/920
v 0.4375 0.3675 1.5673
vt 0.2880 0.8570
vn 0.0000 1.0000 0.0000
v 0.4334 0.3675 1.8122
vt 0.2880 0.8570
vn 0.0000 1.0000 0.0000
v 1.4133 0.3675 1.8287
vt 0.2880 0.8570
vn 0.0000 1.0000 0.0000
v 1.4174 0.3675 1.5838
vt 0.2880 0.8570
vn 0.0000 1.0000 0.0000
f 921/921/921 922/922/922 923/923/923 924/924/924
v 0.4478 0.0000 0.9549
vt 0.3037 0.7661
vn -0.0000 -1.0000 0.0000
v 1.4277 0.0000 0.9713
vt 0.3037 0.7661
vn -0.0000 -1.0000 0.0000
v 1.4091 0.0000 2.0737
vt 0.3037 0.7661
vn -0.0000 -1.0000 0.0000
v 0.4293 0.0000 2.0572
vt 0.3037 0.7661
vn -0.0000 -1.0000 0.0000
f 925/925/925 926/926/926 927/927/927 928/928/928
v 0.4375 0.3675 1.5673
vt 0.3193 0.8102
vn -0.0168 0.0000 0.9999
v 1.4174 0.3675 1.5838
vt 0.3193 0.8102
vn -0.0168 0.0000 0.9999
v 1.4174 0.5513 1.5838
vt 0.3193 0.8165
vn -0.0168 0.0000 0.9999
v 0.4375 0.5513 1.5673
vt 0.3193 0.8165
vn -0.0168 0.0000 0.9999
f 929/929/929 930/930/930 931/931/931 932/932/932
v 0.4334 0.1838 1.8122
vt 0.2880 0.8506
vn 0.0000 1.0000 0.0000
v 0.4293 0.1838 2.0572
vt 0.2880 0.8506
vn 0.0000 1.0000 0.0000
v 1.4091 0.1838 2.0737
vt 0.2880 0.8506
vn 0.0000 1.0000 0.0000
v 1.4133 0.1838 1.8287
vt 0.2880 0.8506
vn 0.0000 1.0000 0.0000
f 933/933/933 934/934/934 935/935/935 936/936/936
v 0.4334 0.1838 1.8122
vt 0.3193 0.8038
vn -0.0168 0.0000 0.9999
v 1.4133 0.1838 1.8287
vt 0.3193 0.8038
vn -0.0168 0.0000 0.9999
v 1.4133 0.3675 1.8287
vt 0.3193 0.8102
vn -0.0168 0.0000 0.9999
v 0.4334 0.3675 1.8122
vt 0.3193 0.8102
vn -0.0168 0.0000 0.9999
f 937/937/937 938/938/938 939/939/939 940/940/940
v 0.4293 0.0000 2.0572
vt 0.3193 0.7974
vn -0.0168 0.0000 0.9999
v 1.4091 0.0000 2.0737
vt 0.3193 0.7974
vn -0.0168 0.0000 0.9999
v 1.4091 0.1838 2.0737
vt 0.3193 0.8038
vn -0.0168 0.0000 0.9999
v 0.4293 0.1838 2.0572
vt 0.3193 0.8038
vn -0.0168 0.0000 0.9999
f 941/941/941 942/942/942 943/943/943 944/944/944
v 0.4478 0.7350 0.9549
vt 0.3193 0.8229
vn -0.9999 0.0000 -0.0168
v 0.4416 0.5513 1.3223
vt 0.3193 0.8165
vn -0.9999 0.0000 -0.0168
v 0.4416 0.7350 1.3223
vt 0.3193 0.8229
vn -0.9999 0.0000 -0.0168
f 945/945/945 946/946/946 947/947/947
v 1.4091 0.0000 2.0737
vt 0.3193 0.7974
vn 0.9999 -0.0000 0.0168
v 1.4133 0.1838 1.8287
vt 0.3193 0.8038
vn 0.9999 -0.0000 0.0168
v 1.4091 0.1838 2.0737
vt 0.3193 0.8038
vn 0.9999 -0.0000 0.0168
f 948/948/948 949/949/949 950/950/950
v 1.4277 0.7350 0.9713
vt 0.3193 0.8229
vn 0.9999 -0.0000 0.0168
v 1.4215 0.5513 1.3388
vt 0.3193 0.8165
vn 0.9999 -0.0000 0.0168
v 1.4277 0.0000 0.9713
vt 0.3193 0.7974
vn 0.9999 -0.0000 0.0168
f 951/951/951 952/952/952 953/953/953
v 1.4215 0.5513 1.3388
vt 0.3193 0.8165
vn 0.9999 -0.0000 0.0168
v 1.4174 0.3675 1.5838
vt 0.3193 0.8102
vn 0.9999 -0.0000 0.0168
v 1.4277 0.0000 0.9713
vt 0.3193 0.7974
vn 0.9999 -0.0000 0.0168
f 954/954/954 955/955/955 956/956/956
v 1.4174 0.3675 1.5838
vt 0.3193 0.8102
vn 0.9999 -0.0000 0.0168
v 1.4133 0.1838 1.8287
vt 0.3193 0.8038
vn 0.9999 -0.0000 0.0168
v 1.4277 0.0000 0.9713
vt 0.3193 0.7974
vn 0.9999 -0.0000 0.0168
f 957/957/957 958/958/958 959/959/959
v 1.4215 0.7350 1.3388
vt 0.3193 0.8229
vn 0.9999 -0.0000 0.0168
v 1.4215 0.5513 1.3388
vt 0.3193 0.8165
vn 0.9999 -0.0000 0.0168
v 1.4277 0.7350 0.9713
vt 0.3193 0.8229
vn 0.9999 -0.0000 0.0168
f 960/960/960 961/961/961 962/962/962
v 1.4174 0.5513 1.5838
vt 0.3193 0.8165
vn 0.9999 -0.0000 0.0168
v 1.4174 0.3675 1.5838
vt 0.3193 0.8102
vn 0.9999 -0.0000 0.0168
v 1.4215 0.5513 1.3388
vt 0.3193 0.8165
vn 0.9999 -0.0000 0.0168
f 963/963/963 964/964/964 965/965/965
v 1.4133 0.3675 1.8287
vt 0.3193 0.8102
vn 0.9999 -0.0000 0.0168
v 1.4133 0.1838 1.8287
vt 0.3193 0.8038
vn 0.9999 -0.0000 0.0168
v 1.4174 0.3675 1.5838
vt 0.3193 0.8102
vn 0.9999 -0.0000 0.0168
f 966/966/966 967/967/967 968/968/968
v 1.4277 0.0000 0.9713
vt 0.3193 0.7974
vn 0.9999 -0.0000 0.0168
v 1.4133 0.1838 1.8287
vt 0.3193 0.8038
vn 0.9999 -0.0000 0.0168
v 1.4091 0.0000 2.0737
vt 0.3193 0.7974
vn 0.9999 -0.0000 0.0168
f 969/969/969 970/970/970 971/971/971
v 0.4416 0.5513 1.3223
vt 0.3193 0.8165
vn -0.9999 0.0000 -0.0168
v 0.4375 0.3675 1.5673
vt 0.3193 0.8102
vn -0.9999 0.0000 -0.0168
v 0.4375 0.5513 1.5673
vt 0.3193 0.8165
vn -0.9999 0.0000 -0.0168
f 972/972/972 973/973/973 974/974/974
v 0.4375 0.3675 1.5673
vt 0.3193 0.8102
vn -0.9999 0.0000 -0.0168
v 0.4334 0.1838 1.8122
vt 0.3193 0.8038
vn -0.9999 0.0000 -0.0168
v 0.4334 0.3675 1.8122
vt 0.3193 0.8102
vn -0.9999 0.0000 -0.0168
f 975/975/975 976/976/976 977/977/977
v 0.4293 0.0000 2.0572
vt 0.3193 0.7974
vn -0.9999 0.0000 -0.0168
v 0.4334 0.1838 1.8122
vt 0.3193 0.8038
vn -0.9999 0.0000 -0.0168
v 0.4478 0.0000 0.9549
vt 0.3193 0.7974
vn -0.9999 0.0000 -0.0168
f 978/978/978 979/979/979 980/980/980
v 0.4478 0.0000 0.9549
vt 0.3193 0.7974
vn -0.9999 0.0000 -0.0168
v 0.4416 0.5513 1.3223
vt 0.3193 0.8165
vn -0.9999 0.0000 -0.0168
v 0.4478 0.7350 0.9549
vt 0.3193 0.8229
vn -0.9999 0.0000 -0.0168
f 981/981/981 982/982/982 983/983/983
v 0.4478 0.0000 0.9549
vt 0.3193 0.7974
vn -0.9999 0.0000 -0.0168
v 0.4375 0.3675 1.5673
vt 0.3193 0.8102
vn -0.9999 0.0000 -0.0168
v 0.4416 0.5513 1.3223
vt 0.3193 0.8165
vn -0.9999 0.0000 -0.0168
f 984/984/984 985/985/985 986/986/986
v 0.4478 0.0000 0.9549
vt 0.3193 0.7974
vn -0.9999 0.0000 -0.0168
v 0.4334 0.1838 1.8122
vt 0.3193 0.8038
vn -0.9999 0.0000 -0.0168
v 0.4375 0.3675 1.5673
vt 0.3193 0.8102
vn -0.9999 0.0000 -0.0168
f 987/987/987 988/988/988 989/989/989
v 0.4293 0.1838 2.0572
vt 0.3193 0.8038
vn -0.9999 0.0000 -0.0168
v 0.4334 0.1838 1.8122
vt 0.3193 0.8038
vn -0.9999 0.0000 -0.0168
v 0.4293 0.0000 2.0572
vt 0.3193 0.7974
vn -0.9999 0.0000 -0.0168
f 990/990/990 991/991/991 992/992/992
v 0.8383 1.6799 0.9162
vt 0.7857 0.5890
vn 0.8835 0.0000 0.4684
v 0.8883 1.6379 0.8218
vt 0.7806 0.5857
vn 0.8835 0.0000 0.4684
v 0.8883 1.8322 0.8218
vt 0.7806 0.6199
vn 0.8835 0.0000 0.4684
v 0.8383 1.7903 0.9162
vt 0.7857 0.6165
vn 0.8835 0.0000 0.4684
f 993/993/993 994/994/994 995/995/995 996/996/996
v 0.5998 1.6379 0.8632
vt 0.8321 0.5857
vn -0.7162 0.0000 0.6979
v 0.6744 1.6799 0.9397
vt 0.8270 0.5890
vn -0.7162 0.0000 0.6979
v 0.6744 1.7903 0.9397
vt 0.8270 0.6165
vn -0.7162 0.0000 0.6979
v 0.5998 1.8322 0.8632
vt 0.8321 0.6199
vn -0.7162 0.0000 0.6979
f 997/997/997 998/998/998 999/999/999 1000/1000/1000
v 0.6744 1.6799 0.9397
vt 0.8270 0.6047
vn 0.1420 0.0000 0.9899
v 0.8383 1.6799 0.9162
vt 0.7857 0.6047
vn 0.1420 0.0000 0.9899
v 0.8383 1.7903 0.9162
vt 0.7857 0.6322
vn 0.1420 0.0000 0.9899
v 0.6744 1.7903 0.9397
vt 0.8270 0.6322
vn 0.1420 0.0000 0.9899
f 1001/1001/1001 1002/1002/1002 1003/1003/1003 1004/1004/1004
v 0.8883 1.6379 0.8218
vt 0.7806 0.5700
vn 0.0621 -0.8994 0.4327
v 0.8383 1.6799 0.9162
vt 0.7857 0.5734
vn 0.0621 -0.8994 0.4327
v 0.6744 1.6799 0.9397
vt 0.8270 0.5734
vn 0.0621 -0.8994 0.4327
v 0.5998 1.6379 0.8632
vt 0.8321 0.5700
vn 0.0621 -0.8994 0.4327
f 1005/1005/1005 1006/1006/1006 1007/1007/1007 1008/1008/1008
v 0.5998 1.8322 0.8632
vt 0.8321 0.6512
vn 0.0621 0.8994 0.4327
v 0.6744 1.7903 0.9397
vt 0.8270 0.6478
vn 0.0621 0.8994 0.4327
v 0.8383 1.7903 0.9162
vt 0.7857 0.6478
vn 0.0621 0.8994 0.4327
v 0.8883 1.8322 0.8218
vt 0.7806 0.6512
vn 0.0621 0.8994 0.4327
f 1009/1009/1009 1010/1010/1010 1011/1011/1011 1012/1012/1012
v 0.6304 1.6799 0.9460
vt 0.7857 0.5890
vn 0.8835 0.0000 0.4684
v 0.6805 1.6379 0.8516
vt 0.7806 0.5857
vn 0.8835 0.0000 0.4684
v 0.6805 1.8322 0.8516
vt 0.7806 0.6199
vn 0.8835 0.0000 0.4684
v 0.6304 1.7903 0.9460
vt 0.7857 0.6165
vn 0.8835 0.0000 0.4684
f 1013/1013/1013 1014/1014/1014 1015/1015/1015 1016/1016/1016
v 0.3920 1.6379 0.8930
vt 0.8321 0.5857
vn -0.7162 0.0000 0.6979
v 0.4665 1.6799 0.9695
vt 0.8270 0.5890
vn -0.7162 0.0000 0.6979
v 0.4665 1.7903 0.9695
vt 0.8270 0.6165
vn -0.7162 0.0000 0.6979
v 0.3920 1.8322 0.8930
vt 0.8321 0.6199
vn -0.7162 0.0000 0.6979
f 1017/1017/1017 1018/1018/1018 1019/1019/1019 1020/1020/1020
v 0.4665 1.6799 0.9695
vt 0.8270 0.6047
vn 0.1420 0.0000 0.9899
v 0.6304 1.6799 0.9460
vt 0.7857 0.6047
vn 0.1420 0.0000 0.9899
v 0.6304 1.7903 0.9460
vt 0.7857 0.6322
vn 0.1420 0.0000 0.9899
v 0.4665 1.7903 0.9695
vt 0.8270 0.6322
vn 0.1420 0.0000 0.9899
f 1021/1021/1021 1022/1022/1022 1023/1023/1023 1024/1024/1024
v 0.6805 1.6379 0.8516
vt 0.7806 0.5700
vn 0.0621 -0.8994 0.4327
v 0.6304 1.6799 0.9460
vt 0.7857 0.5734
vn 0.0621 -0.8994 0.4327
v 0.4665 1.6799 0.9695
vt 0.8270 0.5734
vn 0.0621 -0.8994 0.4327
v 0.3920 1.6379 0.8930
vt 0.8321 0.5700
vn 0.0621 -0.8994 0.4327
f 1025/1025/1025 1026/1026/1026 1027/1027/1027 1028/1028/1028
v 0.3920 1.8322 0.8930
vt 0.8321 0.6512
vn 0.0621 0.8994 0.4327
v 0.4665 1.7903 0.9695
vt 0.8270 0.6478
vn 0.0621 0.8994 0.4327
v 0.6304 1.7903 0.9460
vt 0.7857 0.6478
vn 0.0621 0.8994 0.4327
v 0.6805 1.8322 0.8516
vt 0.7806 0.6512
vn 0.0621 0.8994 0.4327
f 1029/1029/1029 1030/1030/1030 1031/1031/1031 1032/1032/1032
v 0.7344 1.5399 0.9311
vt 0.7857 0.5890
vn 0.8835 0.0000 0.4684
v 0.7844 1.4979 0.8367
vt 0.7806 0.5857
vn 0.8835 0.0000 0.4684
v 0.7844 1.6922 0.8367
vt 0.7806 0.6199
vn 0.8835 0.0000 0.4684
v 0.7344 1.6503 0.9311
vt 0.7857 0.6165
vn 0.8835 0.0000 0.4684
f 1033/1033/1033 1034/1034/1034 1035/1035/1035 1036/1036/1036
v 0.4959 1.4979 0.8781
vt 0.8321 0.5857
vn -0.7162 0.0000 0.6979
v 0.5704 1.5399 0.9546
vt 0.8270 0.5890
vn -0.7162 0.0000 0.6979
v 0.5704 1.6503 0.9546
vt 0.8270 0.6165
vn -0.7162 0.0000 0.6979
v 0.4959 1.6922 0.8781
vt 0.8321 0.6199
vn -0.7162 0.0000 0.6979
f 1037/1037/1037 1038/1038/1038 1039/1039/1039 1040/1040/1040
v 0.5704 1.5399 0.9546
vt 0.8270 0.6047
vn 0.1420 0.0000 0.9899
v 0.7344 1.5399 0.9311
vt 0.7857 0.6047
vn 0.1420 0.0000 0.9899
v 0.7344 1.6503 0.9311
vt 0.7857 0.6322
vn 0.1420 0.0000 0.9899
v 0.5704 1.6503 0.9546
vt 0.8270 0.6322
vn 0.1420 0.0000 0.9899
f 1041/1041/1041 1042/1042/1042 1043/1043/1043 1044/1044/1044
v 0.7844 1.4979 0.8367
vt 0.7806 0.5700
vn 0.0621 -0.8994 0.4327
v 0.7344 1.5399 0.9311
vt 0.7857 0.5734
vn 0.0621 -0.8994 0.4327
v 0.5704 1.5399 0.9546
vt 0.8270 0.5734
vn 0.0621 -0.8994 0.4327
v 0.4959 1.4979 0.8781
vt 0.8321 0.5700
vn 0.0621 -0.8994 0.4327
f 1045/1045/1045 1046/1046/1046 1047/1047/1047 1048/1048/1048
v 0.4959 1.6922 0.8781
vt 0.8321 0.6512
vn 0.0621 0.8994 0.4327
v 0.5704 1.6503 0.9546
vt 0.8270 0.6478
vn 0.0621 0.8994 0.4327
v 0.7344 1.6503 0.9311
vt 0.7857 0.6478
vn 0.0621 0.8994 0.4327
v 0.7844 1.6922 0.8367
vt 0.7806 0.6512
vn 0.0621 0.8994 0.4327
f 1049/1049/1049 1050/1050/1050 1051/1051/1051 1052/1052/1052
v 1.4792 2.4930 -0.6134
vt 0.7857 0.5890
vn 0.4684 0.0000 -0.8835
v 1.3848 2.4511 -0.6634
vt 0.7806 0.5857
vn 0.4684 0.0000 -0.8835
v 1.3848 2.6454 -0.6634
vt 0.7806 0.6199
vn 0.4684 0.0000 -0.8835
v 1.4792 2.6034 -0.6134
vt 0.7857 0.6165
vn 0.4684 0.0000 -0.8835
f 1053/1053/1053 1054/1054/1054 1055/1055/1055 1056/1056/1056
v 1.4262 2.4511 -0.3749
vt 0.8321 0.5857
vn 0.6979 0.0000 0.7162
v 1.5027 2.4930 -0.4495
vt 0.8270 0.5890
vn 0.6979 0.0000 0.7162
v 1.5027 2.6034 -0.4495
vt 0.8270 0.6165
vn 0.6979 0.0000 0.7162
v 1.4262 2.6454 -0.3749
vt 0.8321 0.6199
vn 0.6979 0.0000 0.7162
f 1057/1057/1057 1058/1058/1058 1059/1059/1059 1060/1060/1060
v 1.5027 2.4930 -0.4495
vt 0.8270 0.6047
vn 0.9899 0.0000 -0.1420
v 1.4792 2.4930 -0.6134
vt 0.7857 0.6047
vn 0.9899 0.0000 -0.1420
v 1.4792 2.6034 -0.6134
vt 0.7857 0.6322
vn 0.9899 0.0000 -0.1420
v 1.5027 2.6034 -0.4495
vt 0.8270 0.6322
vn 0.9899 0.0000 -0.1420
f 1061/1061/1061 1062/1062/1062 1063/1063/1063 1064/1064/1064
v 1.3848 2.4511 -0.6634
vt 0.7806 0.5700
vn 0.4327 -0.8994 -0.0621
v 1.4792 2.4930 -0.6134
vt 0.7857 0.5734
vn 0.4327 -0.8994 -0.0621
v 1.5027 2.4930 -0.4495
vt 0.8270 0.5734
vn 0.4327 -0.8994 -0.0621
v 1.4262 2.4511 -0.3749
vt 0.8321 0.5700
vn 0.4327 -0.8994 -0.0621
f 1065/1065/1065 1066/1066/1066 1067/1067/1067 1068/1068/1068
v 1.4262 2.6454 -0.3749
vt 0.8321 0.6512
vn 0.4327 0.8994 -0.0621
v 1.5027 2.6034 -0.4495
vt 0.8270 0.6478
vn 0.4327 0.8994 -0.0621
v 1.4792 2.6034 -0.6134
vt 0.7857 0.6478
vn 0.4327 0.8994 -0.0621
v 1.3848 2.6454 -0.6634
vt 0.7806 0.6512
vn 0.4327 0.8994 -0.0621
f 1069/1069/1069 1070/1070/1070 1071/1071/1071 1072/1072/1072
v 1.4941 2.6330 -0.5094
vt 0.7857 0.5890
vn 0.4684 0.0000 -0.8835
v 1.3997 2.5911 -0.5595
vt 0.7806 0.5857
vn 0.4684 0.0000 -0.8835
v 1.3997 2.7854 -0.5595
vt 0.7806 0.6199
vn 0.4684 0.0000 -0.8835
v 1.4941 2.7434 -0.5094
vt 0.7857 0.6165
vn 0.4684 0.0000 -0.8835
f 1073/1073/1073 1074/1074/1074 1075/1075/1075 1076/1076/1076
v 1.4411 2.5911 -0.2710
vt 0.8321 0.5857
vn 0.6979 0.0000 0.7162
v 1.5176 2.6330 -0.3455
vt 0.8270 0.5890
vn 0.6979 0.0000 0.7162
v 1.5176 2.7434 -0.3455
vt 0.8270 0.6165
vn 0.6979 0.0000 0.7162
v 1.4411 2.7854 -0.2710
vt 0.8321 0.6199
vn 0.6979 0.0000 0.7162
f 1077/1077/1077 1078/1078/1078 1079/1079/1079 1080/1080/1080
v 1.5176 2.6330 -0.3455
vt 0.8270 0.6047
vn 0.9899 0.0000 -0.1420
v 1.4941 2.6330 -0.5094
vt 0.7857 0.6047
vn 0.9899 0.0000 -0.1420
v 1.4941 2.7434 -0.5094
vt 0.7857 0.6322
vn 0.9899 0.0000 -0.1420
v 1.5176 2.7434 -0.3455
vt 0.8270 0.6322
vn 0.9899 0.0000 -0.1420
f 1081/1081/1081 1082/1082/1082 1083/1083/1083 1084/1084/1084
v 1.3997 2.5911 -0.5595
vt 0.7806 0.5700
vn 0.4327 -0.8994 -0.0621
v 1.4941 2.6330 -0.5094
vt 0.7857 0.5734
vn 0.4327 -0.8994 -0.0621
v 1.5176 2.6330 -0.3455
vt 0.8270 0.5734
vn 0.4327 -0.8994 -0.0621
v 1.4411 2.5911 -0.2710
vt 0.8321 0.5700
vn 0.4327 -0.8994 -0.0621
f 1085/1085/1085 1086/1086/1086 1087/1087/1087 1088/1088/1088
v 1.4411 2.7854 -0.2710
vt 0.8321 0.6512
vn 0.4327 0.8994 -0.0621
v 1.5176 2.7434 -0.3455
vt 0.8270 0.6478
vn 0.4327 0.8994 -0.0621
v 1.4941 2.7434 -0.5094
vt 0.7857 0.6478
vn 0.4327 0.8994 -0.0621
v 1.3997 2.7854 -0.5595
vt 0.7806 0.6512
vn 0.4327 0.8994 -0.0621
f 1089/1089/1089 1090/1090/1090 1091/1091/1091 1092/1092/1092
v 0.3039 1.1681 -1.1138
vt 0.7857 0.5890
vn -0.8835 0.0000 -0.4684
v 0.2538 1.1262 -1.0194
vt 0.7806 0.5857
vn -0.8835 0.0000 -0.4684
v 0.2538 1.3205 -1.0194
vt 0.7806 0.6199
vn -0.8835 0.0000 -0.4684
v 0.3039 1.2785 -1.1138
vt 0.7857 0.6165
vn -0.8835 0.0000 -0.4684
f 1093/1093/1093 1094/1094/1094 1095/1095/1095 1096/1096/1096
v 0.5423 1.1262 -1.0608
vt 0.8321 0.5857
vn 0.7162 0.0000 -0.6979
v 0.4678 1.1681 -1.1373
vt 0.8270 0.5890
vn 0.7162 0.0000 -0.6979
v 0.4678 1.2785 -1.1373
vt 0.8270 0.6165
vn 0.7162 0.0000 -0.6979
v 0.5423 1.3205 -1.0608
vt 0.8321 0.6199
vn 0.7162 0.0000 -0.6979
f 1097/1097/1097 1098/1098/1098 1099/1099/1099 1100/1100/1100
v 0.4678 1.1681 -1.1373
vt 0.8270 0.6047
vn -0.1420 0.0000 -0.9899
v 0.3039 1.1681 -1.1138
vt 0.7857 0.6047
vn -0.1420 0.0000 -0.9899
v 0.3039 1.2785 -1.1138
vt 0.7857 0.6322
vn -0.1420 0.0000 -0.9899
v 0.4678 1.2785 -1.1373
vt 0.8270 0.6322
vn -0.1420 0.0000 -0.9899
f 1101/1101/1101 1102/1102/1102 1103/1103/1103 1104/1104/1104
v 0.2538 1.1262 -1.0194
vt 0.7806 0.5700
vn -0.0621 -0.8994 -0.4327
v 0.3039 1.1681 -1.1138
vt 0.7857 0.5734
vn -0.0621 -0.8994 -0.4327
v 0.4678 1.1681 -1.1373
vt 0.8270 0.5734
vn -0.0621 -0.8994 -0.4327
v 0.5423 1.1262 -1.0608
vt 0.8321 0.5700
vn -0.0621 -0.8994 -0.4327
f 1105/1105/1105 1106/1106/1106 1107/1107/1107 1108/1108/1108
v 0.5423 1.3205 -1.0608
vt 0.8321 0.6512
vn -0.0621 0.8994 -0.4327
v 0.4678 1.2785 -1.1373
vt 0.8270 0.6478
vn -0.0621 0.8994 -0.4327
v 0.3039 1.2785 -1.1138
vt 0.7857 0.6478
vn -0.0621 0.8994 -0.4327
v 0.2538 1.3205 -1.0194
vt 0.7806 0.6512
vn -0.0621 0.8994 -0.4327
f 1109/1109/1109 1110/1110/1110 1111/1111/1111 1112/1112/1112
v 0.5117 1.1681 -1.1436
vt 0.7857 0.5890
vn -0.8835 0.0000 -0.4684
v 0.4617 1.1262 -1.0492
vt 0.7806 0.5857
vn -0.8835 0.0000 -0.4684
v 0.4617 1.3205 -1.0492
vt 0.7806 0.6199
vn -0.8835 0.0000 -0.4684
v 0.5117 1.2785 -1.1436
vt 0.7857 0.6165
vn -0.8835 0.0000 -0.4684
f 1113/1113/1113 1114/1114/1114 1115/1115/1115 1116/1116/1116
v 0.7502 1.1262 -1.0906
vt 0.8321 0.5857
vn 0.7162 0.0000 -0.6979
v 0.6756 1.1681 -1.1671
vt 0.8270 0.5890
vn 0.7162 0.0000 -0.6979
v 0.6756 1.2785 -1.1671
vt 0.8270 0.6165
vn 0.7162 0.0000 -0.6979
v 0.7502 1.3205 -1.0906
vt 0.8321 0.6199
vn 0.7162 0.0000 -0.6979
f 1117/1117/1117 1118/1118/1118 1119/1119/1119 1120/1120/1120
v 0.6756 1.1681 -1.1671
vt 0.8270 0.6047
vn -0.1420 0.0000 -0.9899
v 0.5117 1.1681 -1.1436
vt 0.7857 0.6047
vn -0.1420 0.0000 -0.9899
v 0.5117 1.2785 -1.1436
vt 0.7857 0.6322
vn -0.1420 0.0000 -0.9899
v 0.6756 1.2785 -1.1671
vt 0.8270 0.6322
vn -0.1420 0.0000 -0.9899
f 1121/1121/1121 1122/1122/1122 1123/1123/1123 1124/1124/1124
v 0.4617 1.1262 -1.0492
vt 0.7806 0.5700
vn -0.0621 -0.8994 -0.4327
v 0.5117 1.1681 -1.1436
vt 0.7857 0.5734
vn -0.0621 -0.8994 -0.4327
v 0.6756 1.1681 -1.1671
vt 0.8270 0.5734
vn -0.0621 -0.8994 -0.4327
v 0.7502 1.1262 -1.0906
vt 0.8321 0.5700
vn -0.0621 -0.8994 -0.4327
f 1125/1125/1125 1126/1126/1126 1127/1127/1127 1128/1128/1128
v 0.7502 1.3205 -1.0906
vt 0.8321 0.6512
vn -0.0621 0.8994 -0.4327
v 0.6756 1.2785 -1.1671
vt 0.8270 0.6478
vn -0.0621 0.8994 -0.4327
v 0.5117 1.2785 -1.1436
vt 0.7857 0.6478
vn -0.0621 0.8994 -0.4327
v 0.4617 1.3205 -1.0492
vt 0.7806 0.6512
vn -0.0621 0.8994 -0.4327
f 1129/1129/1129 1130/1130/1130 1131/1131/1131 1132/1132/1132
v 0.4078 1.3081 -1.1287
vt 0.7857 0.5890
vn -0.8835 0.0000 -0.4684
v 0.3578 1.2662 -1.0343
vt 0.7806 0.5857
vn -0.8835 0.0000 -0.4684
v 0.3578 1.4605 -1.0343
vt 0.7806 0.6199
vn -0.8835 0.0000 -0.4684
v 0.4078 1.4185 -1.1287
vt 0.7857 0.6165
vn -0.8835 0.0000 -0.4684
f 1133/1133/1133 1134/1134/1134 1135/1135/1135 1136/1136/1136
v 0.6463 1.2662 -1.0757
vt 0.8321 0.5857
vn 0.7162 0.0000 -0.6979
v 0.5717 1.3081 -1.1522
vt 0.8270 0.5890
vn 0.7162 0.0000 -0.6979
v 0.5717 1.4185 -1.1522
vt 0.8270 0.6165
vn 0.7162 0.0000 -0.6979
v 0.6463 1.4605 -1.0757
vt 0.8321 0.6199
vn 0.7162 0.0000 -0.6979
f 1137/1137/1137 1138/1138/1138 1139/1139/1139 1140/1140/1140
v 0.5717 1.3081 -1.1522
vt 0.8270 0.6047
vn -0.1420 0.0000 -0.9899
v 0.4078 1.3081 -1.1287
vt 0.7857 0.6047
vn -0.1420 0.0000 -0.9899
v 0.4078 1.4185 -1.1287
vt 0.7857 0.6322
vn -0.1420 0.0000 -0.9899
v 0.5717 1.4185 -1.1522
vt 0.8270 0.6322
vn -0.1420 0.0000 -0.9899
f 1141/1141/1141 1142/1142/1142 1143/1143/1143 1144/1144/1144
v 0.3578 1.2662 -1.0343
vt 0.7806 0.5700
vn -0.0621 -0.8994 -0.4327
v 0.4078 1.3081 -1.1287
vt 0.7857 0.5734
vn -0.0621 -0.8994 -0.4327
v 0.5717 1.3081 -1.1522
vt 0.8270 0.5734
vn -0.0621 -0.8994 -0.4327
v 0.6463 1.2662 -1.0757
vt 0.8321 0.5700
vn -0.0621 -0.8994 -0.4327
f 1145/1145/1145 1146/1146/1146 1147/1147/1147 1148/1148/1148
v 0.6463 1.4605 -1.0757
vt 0.8321 0.6512
vn -0.0621 0.8994 -0.4327
v 0.5717 1.4185 -1.1522
vt 0.8270 0.6478
vn -0.0621 0.8994 -0.4327
v 0.4078 1.4185 -1.1287
vt 0.7857 0.6478
vn -0.0621 0.8994 -0.4327
v 0.3578 1.4605 -1.0343
vt 0.7806 0.6512
vn -0.0621 0.8994 -0.4327
f 1149/1149/1149 1150/1150/1150 1151/1151/1151 1152/1152/1152
v 1.7882 0.2847 0.4548
vt 0.2857 0.7892
vn 0.4684 0.0000 -0.8835
v 1.6938 0.2427 0.4047
vt 0.2807 0.7858
vn 0.4684 0.0000 -0.8835
v 1.6938 0.4370 0.4047
vt 0.2807 0.8201
vn 0.4684 0.0000 -0.8835
v 1.7882 0.3951 0.4548
vt 0.2857 0.8167
vn 0.4684 0.0000 -0.8835
f 1153/1153/1153 1154/1154/1154 1155/1155/1155 1156/1156/1156
v 1.7352 0.2427 0.6932
vt 0.3321 0.7858
vn 0.6979 0.0000 0.7162
v 1.8117 0.2847 0.6187
vt 0.3270 0.7892
vn 0.6979 0.0000 0.7162
v 1.8117 0.3951 0.6187
vt 0.3270 0.8167
vn 0.6979 0.0000 0.7162
v 1.7352 0.4370 0.6932
vt 0.3321 0.8201
vn 0.6979 0.0000 0.7162
f 1157/1157/1157 1158/1158/1158 1159/1159/1159 1160/1160/1160
v 1.8117 0.2847 0.6187
vt 0.3270 0.8048
vn 0.9899 0.0000 -0.1420
v 1.7882 0.2847 0.4548
vt 0.2857 0.8048
vn 0.9899 0.0000 -0.1420
v 1.7882 0.3951 0.4548
vt 0.2857 0.8323
vn 0.9899 0.0000 -0.1420
v 1.8117 0.3951 0.6187
vt 0.3270 0.8323
vn 0.9899 0.0000 -0.1420
f 1161/1161/1161 1162/1162/1162 1163/1163/1163 1164/1164/1164
v 1.6938 0.2427 0.4047
vt 0.2807 0.7702
vn 0.4327 -0.8994 -0.0621
v 1.7882 0.2847 0.4548
vt 0.2857 0.7735
vn 0.4327 -0.8994 -0.0621
v 1.8117 0.2847 0.6187
vt 0.3270 0.7735
vn 0.4327 -0.8994 -0.0621
v 1.7352 0.2427 0.6932
vt 0.3321 0.7702
vn 0.4327 -0.8994 -0.0621
f 1165/1165/1165 1166/1166/1166 1167/1167/1167 1168/1168/1168
v 1.7352 0.4370 0.6932
vt 0.3321 0.8513
vn 0.4327 0.8994 -0.0621
v 1.8117 0.3951 0.6187
vt 0.3270 0.8479
vn 0.4327 0.8994 -0.0621
v 1.7882 0.3951 0.4548
vt 0.2857 0.8479
vn 0.4327 0.8994 -0.0621
v 1.6938 0.4370 0.4047
vt 0.2807 0.8513
vn 0.4327 0.8994 -0.0621
f 1169/1169/1169 1170/1170/1170 1171/1171/1171 1172/1172/1172
v 1.5687 0.2649 -1.1881
vt 0.2857 0.7892
vn 0.4684 0.0000 -0.8835
v 1.4743 0.2230 -1.2382
vt 0.2807 0.7858
vn 0.4684 0.0000 -0.8835
v 1.4743 0.4173 -1.2382
vt 0.2807 0.8201
vn 0.4684 0.0000 -0.8835
v 1.5687 0.3753 -1.1881
vt 0.2857 0.8167
vn 0.4684 0.0000 -0.8835
f 1173/1173/1173 1174/1174/1174 1175/1175/1175 1176/1176/1176
v 1.5157 0.2230 -0.9496
vt 0.3321 0.7858
vn 0.6979 0.0000 0.7162
v 1.5922 0.2649 -1.0242
vt 0.3270 0.7892
vn 0.6979 0.0000 0.7162
v 1.5922 0.3753 -1.0242
vt 0.3270 0.8167
vn 0.6979 0.0000 0.7162
v 1.5157 0.4173 -0.9496
vt 0.3321 0.8201
vn 0.6979 0.0000 0.7162
f 1177/1177/1177 1178/1178/1178 1179/1179/1179 1180/1180/1180
v 1.5922 0.2649 -1.0242
vt 0.3270 0.8048
vn 0.9899 0.0000 -0.1420
v 1.5687 0.2649 -1.1881
vt 0.2857 0.8048
vn 0.9899 0.0000 -0.1420
v 1.5687 0.3753 -1.1881
vt 0.2857 0.8323
vn 0.9899 0.0000 -0.1420
v 1.5922 0.3753 -1.0242
vt 0.3270 0.8323
vn 0.9899 0.0000 -0.1420
f 1181/1181/1181 1182/1182/1182 1183/1183/1183 1184/1184/1184
v 1.4743 0.2230 -1.2382
vt 0.2807 0.7702
vn 0.4327 -0.8994 -0.0621
v 1.5687 0.2649 -1.1881
vt 0.2857 0.7735
vn 0.4327 -0.8994 -0.0621
v 1.5922 0.2649 -1.0242
vt 0.3270 0.7735
vn 0.4327 -0.8994 -0.0621
v 1.5157 0.2230 -0.9496
vt 0.3321 0.7702
vn 0.4327 -0.8994 -0.0621
f 1185/1185/1185 1186/1186/1186 1187/1187/1187 1188/1188/1188
v 1.5157 0.4173 -0.9496
vt 0.3321 0.8513
vn 0.4327 0.8994 -0.0621
v 1.5922 0.3753 -1.0242
vt 0.3270 0.8479
vn 0.4327 0.8994 -0.0621
v 1.5687 0.3753 -1.1881
vt 0.2857 0.8479
vn 0.4327 0.8994 -0.0621
v 1.4743 0.4173 -1.2382
vt 0.2807 0.8513
vn 0.4327 0.8994 -0.0621
f 1189/1189/1189 1190/1190/1190 1191/1191/1191 1192/1192/1192
v 1.5985 0.2649 -0.9802
vt 0.2857 0.7892
vn 0.4684 0.0000 -0.8835
v 1.5041 0.2230 -1.0303
vt 0.2807 0.7858
vn 0.4684 0.0000 -0.8835
v 1.5041 0.4173 -1.0303
vt 0.2807 0.8201
vn 0.4684 0.0000 -0.8835
v 1.5985 0.3753 -0.9802
vt 0.2857 0.8167
vn 0.4684 0.0000 -0.8835
f 1193/1193/1193 1194/1194/1194 1195/1195/1195 1196/1196/1196
v 1.5455 0.2230 -0.7418
vt 0.3321 0.7858
vn 0.6979 0.0000 0.7162
v 1.6220 0.2649 -0.8163
vt 0.3270 0.7892
vn 0.6979 0.0000 0.7162
v 1.6220 0.3753 -0.8163
vt 0.3270 0.8167
vn 0.6979 0.0000 0.7162
v 1.5455 0.4173 -0.7418
vt 0.3321 0.8201
vn 0.6979 0.0000 0.7162
f 1197/1197/1197 1198/1198/1198 1199/1199/1199 1200/1200/1200
v 1.6220 0.2649 -0.8163
vt 0.3270 0.8048
vn 0.9899 0.0000 -0.1420
v 1.5985 0.2649 -0.9802
vt 0.2857 0.8048
vn 0.9899 0.0000 -0.1420
v 1.5985 0.3753 -0.9802
vt 0.2857 0.8323
vn 0.9899 0.0000 -0.1420
v 1.6220 0.3753 -0.8163
vt 0.3270 0.8323
vn 0.9899 0.0000 -0.1420
f 1201/1201/1201 1202/1202/1202 1203/1203/1203 1204/1204/1204
v 1.5041 0.2230 -1.0303
vt 0.2807 0.7702
vn 0.4327 -0.8994 -0.0621
v 1.5985 0.2649 -0.9802
vt 0.2857 0.7735
vn 0.4327 -0.8994 -0.0621
v 1.6220 0.2649 -0.8163
vt 0.3270 0.7735
vn 0.4327 -0.8994 -0.0621
v 1.5455 0.2230 -0.7418
vt 0.3321 0.7702
vn 0.4327 -0.8994 -0.0621
f 1205/1205/1205 1206/1206/1206 1207/1207/1207 1208/1208/1208
v 1.5455 0.4173 -0.7418
vt 0.3321 0.8513
vn 0.4327 0.8994 -0.0621
v 1.6220 0.3753 -0.8163
vt 0.3270 0.8479
vn 0.4327 0.8994 -0.0621
v 1.5985 0.3753 -0.9802
vt 0.2857 0.8479
vn 0.4327 0.8994 -0.0621
v 1.5041 0.4173 -1.0303
vt 0.2807 0.8513
vn 0.4327 0.8994 -0.0621
f 1209/1209/1209 1210/1210/1210 1211/1211/1211 1212/1212/1212
v 1.5836 0.4049 -1.0842
vt 0.2857 0.7892
vn 0.4684 0.0000 -0.8835
v 1.4892 0.3630 -1.1342
vt 0.2807 0.7858
vn 0.4684 0.0000 -0.8835
v 1.4892 0.5573 -1.1342
vt 0.2807 0.8201
vn 0.4684 0.0000 -0.8835
v 1.5836 0.5153 -1.0842
vt 0.2857 0.8167
vn 0.4684 0.0000 -0.8835
f 1213/1213/1213 1214/1214/1214 1215/1215/1215 1216/1216/1216
v 1.5306 0.3630 -0.8457
vt 0.3321 0.7858
vn 0.6979 0.0000 0.7162
v 1.6071 0.4049 -0.9203
vt 0.3270 0.7892
vn 0.6979 0.0000 0.7162
v 1.6071 0.5153 -0.9203
vt 0.3270 0.8167
vn 0.6979 0.0000 0.7162
v 1.5306 0.5573 -0.8457
vt 0.3321 0.8201
vn 0.6979 0.0000 0.7162
f 1217/1217/1217 1218/1218/1218 1219/1219/1219 1220/1220/1220
v 1.6071 0.4049 -0.9203
vt 0.3270 0.8048
vn 0.9899 0.0000 -0.1420
v 1.5836 0.4049 -1.0842
vt 0.2857 0.8048
vn 0.9899 0.0000 -0.1420
v 1.5836 0.5153 -1.0842
vt 0.2857 0.8323
vn 0.9899 0.0000 -0.1420
v 1.6071 0.5153 -0.9203
vt 0.3270 0.8323
vn 0.9899 0.0000 -0.1420
f 1221/1221/1221 1222/1222/1222 1223/1223/1223 1224/1224/1224
v 1.4892 0.3630 -1.1342
vt 0.2807 0.7702
vn 0.4327 -0.8994 -0.0621
v 1.5836 0.4049 -1.0842
vt 0.2857 0.7735
vn 0.4327 -0.8994 -0.0621
v 1.6071 0.4049 -0.9203
vt 0.3270 0.7735
vn 0.4327 -0.8994 -0.0621
v 1.5306 0.3630 -0.8457
vt 0.3321 0.7702
vn 0.4327 -0.8994 -0.0621
f 1225/1225/1225 1226/1226/1226 1227/1227/1227 1228/1228/1228
v 1.5306 0.5573 -0.8457
vt 0.3321 0.8513
vn 0.4327 0.8994 -0.0621
v 1.6071 0.5153 -0.9203
vt 0.3270 0.8479
vn 0.4327 0.8994 -0.0621
v 1.5836 0.5153 -1.0842
vt 0.2857 0.8479
vn 0.4327 0.8994 -0.0621
v 1.4892 0.5573 -1.1342
vt 0.2807 0.8513
vn 0.4327 0.8994 -0.0621
f 1229/1229/1229 1230/1230/1230 1231/1231/1231 1232/1232/1232
v -0.2036 0.4113 -1.2803
vt 0.2857 0.7892
vn -0.8835 0.0000 -0.4684
v -0.2536 0.3693 -1.1859
vt 0.2807 0.7858
vn -0.8835 0.0000 -0.4684
v -0.2536 0.5636 -1.1859
vt 0.2807 0.8201
vn -0.8835 0.0000 -0.4684
v -0.2036 0.5217 -1.2803
vt 0.2857 0.8167
vn -0.8835 0.0000 -0.4684
f 1233/1233/1233 1234/1234/1234 1235/1235/1235 1236/1236/1236
v 0.0349 0.3693 -1.2273
vt 0.3321 0.7858
vn 0.7162 0.0000 -0.6979
v -0.0396 0.4113 -1.3038
vt 0.3270 0.7892
vn 0.7162 0.0000 -0.6979
v -0.0396 0.5217 -1.3038
vt 0.3270 0.8167
vn 0.7162 0.0000 -0.6979
v 0.0349 0.5636 -1.2273
vt 0.3321 0.8201
vn 0.7162 0.0000 -0.6979
f 1237/1237/1237 1238/1238/1238 1239/1239/1239 1240/1240/1240
v -0.0396 0.4113 -1.3038
vt 0.3270 0.8048
vn -0.1420 0.0000 -0.9899
v -0.2036 0.4113 -1.2803
vt 0.2857 0.8048
vn -0.1420 0.0000 -0.9899
v -0.2036 0.5217 -1.2803
vt 0.2857 0.8323
vn -0.1420 0.0000 -0.9899
v -0.0396 0.5217 -1.3038
vt 0.3270 0.8323
vn -0.1420 0.0000 -0.9899
f 1241/1241/1241 1242/1242/1242 1243/1243/1243 1244/1244/1244
v -0.2536 0.3693 -1.1859
vt 0.2807 0.7702
vn -0.0621 -0.8994 -0.4327
v -0.2036 0.4113 -1.2803
vt 0.2857 0.7735
vn -0.0621 -0.8994 -0.4327
v -0.0396 0.4113 -1.3038
vt 0.3270 0.7735
vn -0.0621 -0.8994 -0.4327
v 0.0349 0.3693 -1.2273
vt 0.3321 0.7702
vn -0.0621 -0.8994 -0.4327
f 1245/1245/1245 1246/1246/1246 1247/1247/1247 1248/1248/1248
v 0.0349 0.5636 -1.2273
vt 0.3321 0.8513
vn -0.0621 0.8994 -0.4327
v -0.0396 0.5217 -1.3038
vt 0.3270 0.8479
vn -0.0621 0.8994 -0.4327
v -0.2036 0.5217 -1.2803
vt 0.2857 0.8479
vn -0.0621 0.8994 -0.4327
v -0.2536 0.5636 -1.1859
vt 0.2807 0.8513
vn -0.0621 0.8994 -0.4327
f 1249/1249/1249 1250/1250/1250 1251/1251/1251 1252/1252/1252
v 0.0043 0.4113 -1.3101
vt 0.2857 0.7892
vn -0.8835 0.0000 -0.4684
v -0.0457 0.3693 -1.2157
vt 0.2807 0.7858
vn -0.8835 0.0000 -0.4684
v -0.0457 0.5636 -1.2157
vt 0.2807 0.8201
vn -0.8835 0.0000 -0.4684
v 0.0043 0.5217 -1.3101
vt 0.2857 0.8167
vn -0.8835 0.0000 -0.4684
f 1253/1253/1253 1254/1254/1254 1255/1255/1255 1256/1256/1256
v 0.2428 0.3693 -1.2571
vt 0.3321 0.7858
vn 0.7162 0.0000 -0.6979
v 0.1682 0.4113 -1.3336
vt 0.3270 0.7892
vn 0.7162 0.0000 -0.6979
v 0.1682 0.5217 -1.3336
vt 0.3270 0.8167
vn 0.7162 0.0000 -0.6979
v 0.2428 0.5636 -1.2571
vt 0.3321 0.8201
vn 0.7162 0.0000 -0.6979
f 1257/1257/1257 1258/1258/1258 1259/1259/1259 1260/1260/1260
v 0.1682 0.4113 -1.3336
vt 0.3270 0.8048
vn -0.1420 0.0000 -0.9899
v 0.0043 0.4113 -1.3101
vt 0.2857 0.8048
vn -0.1420 0.0000 -0.9899
v 0.0043 0.5217 -1.3101
vt 0.2857 0.8323
vn -0.1420 0.0000 -0.9899
v 0.1682 0.5217 -1.3336
vt 0.3270 0.8323
vn -0.1420 0.0000 -0.9899
f 1261/1261/1261 1262/1262/1262 1263/1263/1263 1264/1264/1264
v -0.0457 0.3693 -1.2157
vt 0.2807 0.7702
vn -0.0621 -0.8994 -0.4327
v 0.0043 0.4113 -1.3101
vt 0.2857 0.7735
vn -0.0621 -0.8994 -0.4327
v 0.1682 0.4113 -1.3336
vt 0.3270 0.7735
vn -0.0621 -0.8994 -0.4327
v 0.2428 0.3693 -1.2571
vt 0.3321 0.7702
vn -0.0621 -0.8994 -0.4327
f 1265/1265/1265 1266/1266/1266 1267/1267/1267 1268/1268/1268
v 0.2428 0.5636 -1.2571
vt 0.3321 0.8513
vn -0.0621 0.8994 -0.4327
v 0.1682 0.5217 -1.3336
vt 0.3270 0.8479
vn -0.0621 0.8994 -0.4327
v 0.0043 0.5217 -1.3101
vt 0.2857 0.8479
vn -0.0621 0.8994 -0.4327
v -0.0457 0.5636 -1.2157
vt 0.2807 0.8513
vn -0.0621 0.8994 -0.4327
f 1269/1269/1269 1270/1270/1270 1271/1271/1271 1272/1272/1272
v -0.0996 0.2713 -1.2952
vt 0.2857 0.7892
vn -0.8835 0.0000 -0.4684
v -0.1497 0.2293 -1.2008
vt 0.2807 0.7858
vn -0.8835 0.0000 -0.4684
v -0.1497 0.4236 -1.2008
vt 0.2807 0.8201
vn -0.8835 0.0000 -0.4684
v -0.0996 0.3817 -1.2952
vt 0.2857 0.8167
vn -0.8835 0.0000 -0.4684
f 1273/1273/1273 1274/1274/1274 1275/1275/1275 1276/1276/1276
v 0.1388 0.2293 -1.2422
vt 0.3321 0.7858
vn 0.7162 0.0000 -0.6979
v 0.0643 0.2713 -1.3187
vt 0.3270 0.7892
vn 0.7162 0.0000 -0.6979
v 0.0643 0.3817 -1.3187
vt 0.3270 0.8167
vn 0.7162 0.0000 -0.6979
v 0.1388 0.4236 -1.2422
vt 0.3321 0.8201
vn 0.7162 0.0000 -0.6979
f 1277/1277/1277 1278/1278/1278 1279/1279/1279 1280/1280/1280
v 0.0643 0.2713 -1.3187
vt 0.3270 0.8048
vn -0.1420 0.0000 -0.9899
v -0.0996 0.2713 -1.2952
vt 0.2857 0.8048
vn -0.1420 0.0000 -0.9899
v -0.0996 0.3817 -1.2952
vt 0.2857 0.8323
vn -0.1420 0.0000 -0.9899
v 0.0643 0.3817 -1.3187
vt 0.3270 0.8323
vn -0.1420 0.0000 -0.9899
f 1281/1281/1281 1282/1282/1282 1283/1283/1283 1284/1284/1284
v -0.1497 0.2293 -1.2008
vt 0.2807 0.7702
vn -0.0621 -0.8994 -0.4327
v -0.0996 0.2713 -1.2952
vt 0.2857 0.7735
vn -0.0621 -0.8994 -0.4327
v 0.0643 0.2713 -1.3187
vt 0.3270 0.7735
vn -0.0621 -0.8994 -0.4327
v 0.1388 0.2293 -1.2422
vt 0.3321 0.7702
vn -0.0621 -0.8994 -0.4327
f 1285/1285/1285 1286/1286/1286 1287/1287/1287 1288/1288/1288
v 0.1388 0.4236 -1.2422
vt 0.3321 0.8513
vn -0.0621 0.8994 -0.4327
v 0.0643 0.3817 -1.3187
vt 0.3270 0.8479
vn -0.0621 0.8994 -0.4327
v -0.0996 0.3817 -1.2952
vt 0.2857 0.8479
vn -0.0621 0.8994 -0.4327
v -0.1497 0.4236 -1.2008
vt 0.2807 0.8513
vn -0.0621 0.8994 -0.4327
f 1289/1289/1289 1290/1290/1290 1291/1291/1291 1292/1292/1292
v -1.2473 0.7360 -0.9470
vt 0.8297 0.6140
vn -0.0000 -1.0000 0.0000
v -0.3297 0.7360 -0.6029
vt 0.8297 0.6044
vn -0.0000 -1.0000 0.0000
v -0.5964 0.7360 0.1082
vt 0.8297 0.6044
vn -0.0000 -1.0000 0.0000
v -1.5140 0.7360 -0.2359
vt 0.8297 0.6140
vn -0.0000 -1.0000 0.0000
f 1293/1293/1293 1294/1294/1294 1295/1295/1295 1296/1296/1296
v -1.5140 0.8585 -0.2359
vt 0.8297 0.6140
vn 0.0000 1.0000 0.0000
v -0.5964 0.8585 0.1082
vt 0.8297 0.6044
vn 0.0000 1.0000 0.0000
v -0.3297 0.8585 -0.6029
vt 0.8297 0.6044
vn 0.0000 1.0000 0.0000
v -1.2473 0.8585 -0.9470
vt 0.8297 0.6140
vn 0.0000 1.0000 0.0000
f 1297/1297/1297 1298/1298/1298 1299/1299/1299 1300/1300/1300
v -1.4165 0.7360 0.2368
vt 0.7828 0.5780
vn -0.3511 -0.0000 0.9363
v -0.9838 0.7360 0.3990
vt 0.7828 0.5735
vn -0.3511 -0.0000 0.9363
v -0.9838 0.8585 0.3990
vt 0.7828 0.5735
vn -0.3511 -0.0000 0.9363
v -1.4165 0.8585 0.2368
vt 0.7828 0.5780
vn -0.3511 -0.0000 0.9363
f 1301/1301/1301 1302/1302/1302 1303/1303/1303 1304/1304/1304
v -0.6824 0.7360 0.3376
vt 0.8297 0.6044
vn -0.0000 -1.0000 0.0000
v -0.7398 0.7360 0.4905
vt 0.8297 0.6044
vn -0.0000 -1.0000 0.0000
v -0.9838 0.7360 0.3990
vt 0.8297 0.6070
vn -0.0000 -1.0000 0.0000
v -1.4165 0.7360 0.2368
vt 0.8297 0.6115
vn -0.0000 -1.0000 0.0000
f 1305/1305/1305 1306/1306/1306 1307/1307/1307 1308/1308/1308
v -1.4165 0.8585 0.2368
vt 0.8297 0.6115
vn 0.0000 1.0000 0.0000
v -0.9838 0.8585 0.3990
vt 0.8297 0.6070
vn 0.0000 1.0000 0.0000
v -0.7398 0.8585 0.4905
vt 0.8297 0.6044
vn 0.0000 1.0000 0.0000
v -0.6824 0.8585 0.3376
vt 0.8297 0.6044
vn 0.0000 1.0000 0.0000
f 1309/1309/1309 1310/1310/1310 1311/1311/1311 1312/1312/1312
v -0.9838 0.7360 0.3990
vt 0.8565 0.6488
vn -0.9749 0.0000 -0.2225
v -1.1115 0.7360 0.9584
vt 0.8565 0.6481
vn -0.9749 0.0000 -0.2225
v -1.1115 0.8585 0.9584
vt 0.8565 0.6481
vn -0.9749 0.0000 -0.2225
v -0.9838 0.8585 0.3990
vt 0.8565 0.6488
vn -0.9749 0.0000 -0.2225
f 1313/1313/1313 1314/1314/1314 1315/1315/1315 1316/1316/1316
v -0.7398 0.7360 0.4905
vt 0.8297 0.6044
vn -0.0000 -1.0000 0.0000
v -0.9394 0.7360 1.0229
vt 0.8297 0.6044
vn -0.0000 -1.0000 0.0000
v -1.1115 0.7360 0.9584
vt 0.8297 0.6062
vn -0.0000 -1.0000 0.0000
v -0.9838 0.7360 0.3990
vt 0.8297 0.6070
vn -0.0000 -1.0000 0.0000
f 1317/1317/1317 1318/1318/1318 1319/1319/1319 1320/1320/1320
v -0.9838 0.8585 0.3990
vt 0.8297 0.6070
vn 0.0000 1.0000 0.0000
v -1.1115 0.8585 0.9584
vt 0.8297 0.6062
vn 0.0000 1.0000 0.0000
v -0.9394 0.8585 1.0229
vt 0.8297 0.6044
vn 0.0000 1.0000 0.0000
v -0.7398 0.8585 0.4905
vt 0.8297 0.6044
vn 0.0000 1.0000 0.0000
f 1321/1321/1321 1322/1322/1322 1323/1323/1323 1324/1324/1324
v -1.2988 0.8585 -0.0770
vt 0.8297 0.6115
vn 0.0000 1.0000 0.0000
v -1.4165 0.8585 0.2368
vt 0.8297 0.6115
vn 0.0000 1.0000 0.0000
v -0.6824 0.8585 0.3376
vt 0.8297 0.6044
vn 0.0000 1.0000 0.0000
v -0.6394 0.8585 0.2229
vt 0.8297 0.6044
vn 0.0000 1.0000 0.0000
f 1325/1325/1325 1326/1326/1326 1327/1327/1327 1328/1328/1328
v -0.6394 0.7360 0.2229
vt 0.8297 0.6044
vn -0.0000 -1.0000 0.0000
v -0.6824 0.7360 0.3376
vt 0.8297 0.6044
vn -0.0000 -1.0000 0.0000
v -1.4165 0.7360 0.2368
vt 0.8297 0.6115
vn -0.0000 -1.0000 0.0000
v -1.2988 0.7360 -0.0770
vt 0.8297 0.6115
vn -0.0000 -1.0000 0.0000
f 1329/1329/1329 1330/1330/1330 1331/1331/1331 1332/1332/1332
v -1.2988 0.7360 -0.0770
vt 0.8565 0.6533
vn -0.9363 0.0000 -0.3511
v -1.4165 0.7360 0.2368
vt 0.8565 0.6533
vn -0.9363 0.0000 -0.3511
v -1.4165 0.8585 0.2368
vt 0.8565 0.6533
vn -0.9363 0.0000 -0.3511
v -1.2988 0.8585 -0.0770
vt 0.8565 0.6533
vn -0.9363 0.0000 -0.3511
f 1333/1333/1333 1334/1334/1334 1335/1335/1335 1336/1336/1336
v -1.5140 0.7360 -0.2359
vt 0.7828 0.5805
vn -0.5941 -0.0000 0.8044
v -1.2988 0.7360 -0.0770
vt 0.7828 0.5780
vn -0.5941 -0.0000 0.8044
v -1.2988 0.8585 -0.0770
vt 0.7828 0.5780
vn -0.5941 -0.0000 0.8044
v -1.5140 0.8585 -0.2359
vt 0.7828 0.5805
vn -0.5941 -0.0000 0.8044
f 1337/1337/1337 1338/1338/1338 1339/1339/1339 1340/1340/1340
v -0.5964 0.7360 0.1082
vt 0.8297 0.6044
vn -0.0000 -1.0000 0.0000
v -0.6394 0.7360 0.2229
vt 0.8297 0.6044
vn -0.0000 -1.0000 0.0000
v -1.2988 0.7360 -0.0770
vt 0.8297 0.6115
vn -0.0000 -1.0000 0.0000
v -1.5140 0.7360 -0.2359
vt 0.8297 0.6140
vn -0.0000 -1.0000 0.0000
f 1341/1341/1341 1342/1342/1342 1343/1343/1343 1344/1344/1344
v -1.5140 0.8585 -0.2359
vt 0.8297 0.6140
vn 0.0000 1.0000 0.0000
v -1.2988 0.8585 -0.0770
vt 0.8297 0.6115
vn 0.0000 1.0000 0.0000
v -0.6394 0.8585 0.2229
vt 0.8297 0.6044
vn 0.0000 1.0000 0.0000
v -0.5964 0.8585 0.1082
vt 0.8297 0.6044
vn 0.0000 1.0000 0.0000
f 1345/1345/1345 1346/1346/1346 1347/1347/1347 1348/1348/1348
v -0.7735 0.9154 -0.2396
vt 0.7857 0.5984
vn 0.2837 0.5891 -0.7566
v -0.7122 0.8290 -0.2838
vt 0.7806 0.5966
vn 0.2837 0.5891 -0.7566
v -0.8941 0.8290 -0.3520
vt 0.7806 0.6150
vn 0.2837 0.5891 -0.7566
v -0.8769 0.9154 -0.2783
vt 0.7857 0.6132
vn 0.2837 0.5891 -0.7566
f 1349/1349/1349 1350/1350/1350 1351/1351/1351 1352/1352/1352
v -0.8145 0.8290 -0.0109
vt 0.8321 0.5966
vn -0.2837 0.5891 0.7566
v -0.8317 0.9154 -0.0845
vt 0.8270 0.5984
vn -0.2837 0.5891 0.7566
v -0.9351 0.9154 -0.1233
vt 0.8270 0.6132
vn -0.2837 0.5891 0.7566
v -0.9964 0.8290 -0.0791
vt 0.8321 0.6150
vn -0.2837 0.5891 0.7566
f 1353/1353/1353 1354/1354/1354 1355/1355/1355 1356/1356/1356
v -0.8317 0.9154 -0.0845
vt 0.8270 0.6068
vn 0.0000 1.0000 0.0000
v -0.7735 0.9154 -0.2396
vt 0.7857 0.6068
vn 0.0000 1.0000 0.0000
v -0.8769 0.9154 -0.2783
vt 0.7857 0.6215
vn 0.0000 1.0000 0.0000
v -0.9351 0.9154 -0.1233
vt 0.8270 0.6215
vn 0.0000 1.0000 0.0000
f 1357/1357/1357 1358/1358/1358 1359/1359/1359 1360/1360/1360
v -0.7122 0.8290 -0.2838
vt 0.7806 0.5882
vn 0.8421 0.4371 0.3158
v -0.7735 0.9154 -0.2396
vt 0.7857 0.5900
vn 0.8421 0.4371 0.3158
v -0.8317 0.9154 -0.0845
vt 0.8270 0.5900
vn 0.8421 0.4371 0.3158
v -0.8145 0.8290 -0.0109
vt 0.8321 0.5882
vn 0.8421 0.4371 0.3158
f 1361/1361/1361 1362/1362/1362 1363/1363/1363 1364/1364/1364
v -0.9964 0.8290 -0.0791
vt 0.8321 0.6317
vn -0.8421 0.4371 -0.3158
v -0.9351 0.9154 -0.1233
vt 0.8270 0.6299
vn -0.8421 0.4371 -0.3158
v -0.8769 0.9154 -0.2783
vt 0.7857 0.6299
vn -0.8421 0.4371 -0.3158
v -0.8941 0.8290 -0.3520
vt 0.7806 0.6317
vn -0.8421 0.4371 -0.3158
f 1365/1365/1365 1366/1366/1366 1367/1367/1367 1368/1368/1368
v -0.9415 0.9154 -0.1904
vt 0.7857 0.5984
vn 0.2837 0.5891 -0.7566
v -0.8801 0.8290 -0.2346
vt 0.7806 0.5966
vn 0.2837 0.5891 -0.7566
v -1.0620 0.8290 -0.3028
vt 0.7806 0.6150
vn 0.2837 0.5891 -0.7566
v -1.0449 0.9154 -0.2292
vt 0.7857 0.6132
vn 0.2837 0.5891 -0.7566
f 1369/1369/1369 1370/1370/1370 1371/1371/1371 1372/1372/1372
v -0.9825 0.8290 0.0383
vt 0.8321 0.5966
vn -0.2837 0.5891 0.7566
v -0.9996 0.9154 -0.0354
vt 0.8270 0.5984
vn -0.2837 0.5891 0.7566
v -1.1030 0.9154 -0.0741
vt 0.8270 0.6132
vn -0.2837 0.5891 0.7566
v -1.1644 0.8290 -0.0299
vt 0.8321 0.6150
vn -0.2837 0.5891 0.7566
f 1373/1373/1373 1374/1374/1374 1375/1375/1375 1376/1376/1376
v -0.9996 0.9154 -0.0354
vt 0.8270 0.6068
vn 0.0000 1.0000 0.0000
v -0.9415 0.9154 -0.1904
vt 0.7857 0.6068
vn 0.0000 1.0000 0.0000
v -1.0449 0.9154 -0.2292
vt 0.7857 0.6215
vn 0.0000 1.0000 0.0000
v -1.1030 0.9154 -0.0741
vt 0.8270 0.6215
vn 0.0000 1.0000 0.0000
f 1377/1377/1377 1378/1378/1378 1379/1379/1379 1380/1380/1380
v -0.8801 0.8290 -0.2346
vt 0.7806 0.5882
vn 0.8421 0.4371 0.3158
v -0.9415 0.9154 -0.1904
vt 0.7857 0.5900
vn 0.8421 0.4371 0.3158
v -0.9996 0.9154 -0.0354
vt 0.8270 0.5900
vn 0.8421 0.4371 0.3158
v -0.9825 0.8290 0.0383
vt 0.8321 0.5882
vn 0.8421 0.4371 0.3158
f 1381/1381/1381 1382/1382/1382 1383/1383/1383 1384/1384/1384
v -1.1644 0.8290 -0.0299
vt 0.8321 0.6317
vn -0.8421 0.4371 -0.3158
v -1.1030 0.9154 -0.0741
vt 0.8270 0.6299
vn -0.8421 0.4371 -0.3158
v -1.0449 0.9154 -0.2292
vt 0.7857 0.6299
vn -0.8421 0.4371 -0.3158
v -1.0620 0.8290 -0.3028
vt 0.7806 0.6317
vn -0.8421 0.4371 -0.3158
f 1385/1385/1385 1386/1386/1386 1387/1387/1387 1388/1388/1388
v -1.1115 0.8585 0.9584
vt 0.8565 0.6481
vn -0.3511 -0.0000 0.9363
v -1.1115 0.7360 0.9584
vt 0.8565 0.6481
vn -0.3511 -0.0000 0.9363
v -0.9394 0.7360 1.0229
vt 0.8297 0.6044
vn -0.3511 -0.0000 0.9363
v -0.9394 0.8585 1.0229
vt 0.8297 0.6044
vn -0.3511 -0.0000 0.9363
f 1389/1389/1389 1390/1390/1390 1391/1391/1391 1392/1392/1392
v -0.7398 0.7360 0.4905
vt 0.8297 0.6044
vn 0.9363 0.0000 0.3511
v -0.7398 0.8585 0.4905
vt 0.8297 0.6044
vn 0.9363 0.0000 0.3511
v -0.9394 0.8585 1.0229
vt 0.8297 0.6044
vn 0.9363 0.0000 0.3511
v -0.9394 0.7360 1.0229
vt 0.8297 0.6044
vn 0.9363 0.0000 0.3511
f 1393/1393/1393 1394/1394/1394 1395/1395/1395 1396/1396/1396
v -0.7398 0.8585 0.4905
vt 0.8297 0.6044
vn 0.9363 0.0000 0.3511
v -0.7398 0.7360 0.4905
vt 0.8297 0.6044
vn 0.9363 0.0000 0.3511
v -0.6824 0.7360 0.3376
vt 0.8297 0.6044
vn 0.9363 0.0000 0.3511
v -0.6824 0.8585 0.3376
vt 0.8297 0.6044
vn 0.9363 0.0000 0.3511
f 1397/1397/1397 1398/1398/1398 1399/1399/1399 1400/1400/1400
v -0.6824 0.8585 0.3376
vt 0.8297 0.6044
vn 0.9363 0.0000 0.3511
v -0.6824 0.7360 0.3376
vt 0.8297 0.6044
vn 0.9363 0.0000 0.3511
v -0.6394 0.7360 0.2229
vt 0.8297 0.6044
vn 0.9363 0.0000 0.3511
v -0.6394 0.8585 0.2229
vt 0.8297 0.6044
vn 0.9363 0.0000 0.3511
f 1401/1401/1401 1402/1402/1402 1403/1403/1403 1404/1404/1404
v -0.5964 0.7360 0.1082
vt 0.8297 0.6044
vn 0.9363 0.0000 0.3511
v -0.5964 0.8585 0.1082
vt 0.8297 0.6044
vn 0.9363 0.0000 0.3511
v -0.6394 0.8585 0.2229
vt 0.8297 0.6044
vn 0.9363 0.0000 0.3511
v -0.6394 0.7360 0.2229
vt 0.8297 0.6044
vn 0.9363 0.0000 0.3511
f 1405/1405/1405 1406/1406/1406 1407/1407/1407 1408/1408/1408
v -0.5964 0.8585 0.1082
vt 0.8297 0.6044
vn 0.9363 0.0000 0.3511
v -0.5964 0.7360 0.1082
vt 0.8297 0.6044
vn 0.9363 0.0000 0.3511
v -0.3297 0.7360 -0.6029
vt 0.8297 0.6044
vn 0.9363 0.0000 0.3511
v -0.3297 0.8585 -0.6029
vt 0.8297 0.6044
vn 0.9363 0.0000 0.3511
f 1409/1409/1409 1410/1410/1410 1411/1411/1411 1412/1412/1412
v -0.3297 0.8585 -0.6029
vt 0.8297 0.6044
vn 0.3511 0.0000 -0.9363
v -0.3297 0.7360 -0.6029
vt 0.8297 0.6044
vn 0.3511 0.0000 -0.9363
v -1.2473 0.7360 -0.9470
vt 0.8297 0.6140
vn 0.3511 0.0000 -0.9363
v -1.2473 0.8585 -0.9470
vt 0.8297 0.6140
vn 0.3511 0.0000 -0.9363
f 1413/1413/1413 1414/1414/1414 1415/1415/1415 1416/1416/1416
v -1.5140 0.7360 -0.2359
vt 0.8297 0.6140
vn -0.9363 0.0000 -0.3511
v -1.5140 0.8585 -0.2359
vt 0.8297 0.6140
vn -0.9363 0.0000 -0.3511
v -1.2473 0.8585 -0.9470
vt 0.8297 0.6140
vn -0.9363 0.0000 -0.3511
v -1.2473 0.7360 -0.9470
vt 0.8297 0.6140
vn -0.9363 0.0000 -0.3511
f 1417/1417/1417 1418/1418/1418 1419/1419/1419 1420/1420/1420
v -0.5340 0.6237 0.6038
vt 0.9255 0.6498
vn -0.4782 0.0000 -0.8782
v -0.6826 0.6934 0.6847
vt 0.9366 0.6498
vn -0.4782 0.0000 -0.8782
v -0.2175 1.9776 0.4315
vt 0.9366 0.7042
vn -0.4782 0.0000 -0.8782
v -0.0689 1.9078 0.3505
vt 0.9255 0.7042
vn -0.4782 0.0000 -0.8782
f 1421/1421/1421 1422/1422/1422 1423/1423/1423 1424/1424/1424
v -0.6826 0.6934 0.6847
vt 0.9366 0.6342
vn -0.8119 0.3812 0.4421
v -0.5951 0.6934 0.8454
vt 0.9366 0.6339
vn -0.8119 0.3812 0.4421
v -0.1300 1.9776 0.5922
vt 0.9366 0.6883
vn -0.8119 0.3812 0.4421
v -0.2175 1.9776 0.4315
vt 0.9366 0.6886
vn -0.8119 0.3812 0.4421
f 1425/1425/1425 1426/1426/1426 1427/1427/1427 1428/1428/1428
v -0.5951 0.6934 0.8454
vt 0.9366 0.6495
vn 0.4782 -0.0000 0.8782
v -0.4465 0.6237 0.7645
vt 0.9255 0.6495
vn 0.4782 -0.0000 0.8782
v 0.0186 1.9078 0.5113
vt 0.9255 0.7039
vn 0.4782 -0.0000 0.8782
v -0.1300 1.9776 0.5922
vt 0.9366 0.7039
vn 0.4782 -0.0000 0.8782
f 1429/1429/1429 1430/1430/1430 1431/1431/1431 1432/1432/1432
v -0.4465 0.6237 0.7645
vt 0.9255 0.6339
vn 0.8119 -0.3812 -0.4421
v -0.5340 0.6237 0.6038
vt 0.9255 0.6342
vn 0.8119 -0.3812 -0.4421
v -0.0689 1.9078 0.3505
vt 0.9255 0.6886
vn 0.8119 -0.3812 -0.4421
v 0.0186 1.9078 0.5113
vt 0.9255 0.6883
vn 0.8119 -0.3812 -0.4421
f 1433/1433/1433 1434/1434/1434 1435/1435/1435 1436/1436/1436
v -0.1300 1.9776 0.5922
vt 0.9366 0.7352
vn 0.3348 0.9245 -0.1823
v 0.0186 1.9078 0.5113
vt 0.9255 0.7352
vn 0.3348 0.9245 -0.1823
v -0.0689 1.9078 0.3505
vt 0.9255 0.7355
vn 0.3348 0.9245 -0.1823
v -0.2175 1.9776 0.4315
vt 0.9366 0.7355
vn 0.3348 0.9245 -0.1823
f 1437/1437/1437 1438/1438/1438 1439/1439/1439 1440/1440/1440
v -0.5340 0.6237 0.6038
vt 0.9255 0.6342
vn -0.3348 -0.9245 0.1823
v -0.4465 0.6237 0.7645
vt 0.9255 0.6339
vn -0.3348 -0.9245 0.1823
v -0.5951 0.6934 0.8454
vt 0.9366 0.6495
vn -0.3348 -0.9245 0.1823
v -0.6826 0.6934 0.6847
vt 0.9366 0.6342
vn -0.3348 -0.9245 0.1823
f 1441/1441/1441 1442/1442/1442 1443/1443/1443 1444/1444/1444
v 0.4132 2.0303 -0.1769
vt 0.9255 0.6498
vn 0.5021 -0.3251 -0.8014
v 0.3223 2.1493 -0.2821
vt 0.9366 0.6498
vn 0.5021 -0.3251 -0.8014
v 1.3057 3.1032 -0.0530
vt 0.9366 0.7042
vn 0.5021 -0.3251 -0.8014
v 1.3966 2.9842 0.0522
vt 0.9255 0.7042
vn 0.5021 -0.3251 -0.8014
f 1445/1445/1445 1446/1446/1446 1447/1447/1447 1448/1448/1448
v 0.3223 2.1493 -0.2821
vt 0.9366 0.6342
vn -0.4967 0.6501 -0.5749
v 0.2304 2.2088 -0.1355
vt 0.9366 0.6339
vn -0.4967 0.6501 -0.5749
v 1.2138 3.1627 0.0936
vt 0.9366 0.6883
vn -0.4967 0.6501 -0.5749
v 1.3057 3.1032 -0.0530
vt 0.9366 0.6886
vn -0.4967 0.6501 -0.5749
f 1449/1449/1449 1450/1450/1450 1451/1451/1451 1452/1452/1452
v 0.2304 2.2088 -0.1355
vt 0.9366 0.6495
vn -0.5021 0.3251 0.8014
v 0.3213 2.0898 -0.0303
vt 0.9255 0.6495
vn -0.5021 0.3251 0.8014
v 1.3047 3.0437 0.1988
vt 0.9255 0.7039
vn -0.5021 0.3251 0.8014
v 1.2138 3.1627 0.0936
vt 0.9366 0.7039
vn -0.5021 0.3251 0.8014
f 1453/1453/1453 1454/1454/1454 1455/1455/1455 1456/1456/1456
v 0.3213 2.0898 -0.0303
vt 0.9255 0.6339
vn 0.4967 -0.6501 0.5749
v 0.4132 2.0303 -0.1769
vt 0.9255 0.6342
vn 0.4967 -0.6501 0.5749
v 1.3966 2.9842 0.0522
vt 0.9255 0.6886
vn 0.4967 -0.6501 0.5749
v 1.3047 3.0437 0.1988
vt 0.9255 0.6883
vn 0.4967 -0.6501 0.5749
f 1457/1457/1457 1458/1458/1458 1459/1459/1459 1460/1460/1460
v 1.2138 3.1627 0.0936
vt 0.9366 0.7352
vn 0.7079 0.6867 0.1649
v 1.3047 3.0437 0.1988
vt 0.9255 0.7352
vn 0.7079 0.6867 0.1649
v 1.3966 2.9842 0.0522
vt 0.9255 0.7355
vn 0.7079 0.6867 0.1649
v 1.3057 3.1032 -0.0530
vt 0.9366 0.7355
vn 0.7079 0.6867 0.1649
f 1461/1461/1461 1462/1462/1462 1463/1463/1463 1464/1464/1464
v 0.4132 2.0303 -0.1769
vt 0.9255 0.6342
vn -0.7079 -0.6867 -0.1649
v 0.3213 2.0898 -0.0303
vt 0.9255 0.6339
vn -0.7079 -0.6867 -0.1649
v 0.2304 2.2088 -0.1355
vt 0.9366 0.6495
vn -0.7079 -0.6867 -0.1649
v 0.3223 2.1493 -0.2821
vt 0.9366 0.6342
vn -0.7079 -0.6867 -0.1649
f 1465/1465/1465 1466/1466/1466 1467/1467/1467 1468/1468/1468
v -2.1364 -0.0487 0.1640
vt 0.9099 0.6029
vn -0.1960 -0.2524 -0.9475
v -2.2811 0.0633 0.1641
vt 0.9210 0.6029
vn -0.1960 -0.2524 -0.9475
v -1.7574 0.7405 -0.1247
vt 0.9210 0.6573
vn -0.1812 -0.2333 -0.9554
v -1.6126 0.6286 -0.1248
vt 0.9099 0.6573
vn -0.1809 -0.2329 -0.9555
f 1469/1469/1469 1470/1470/1470 1471/1471/1471 1472/1472/1472
v -2.2811 0.0633 0.1641
vt 0.9210 0.5873
vn -0.7909 0.6119 0.0006
v -2.2452 0.1095 0.3375
vt 0.9210 0.5870
vn -0.7909 0.6119 0.0006
v -1.8242 0.6539 0.1054
vt 0.9210 0.6414
vn -0.7909 0.6119 0.0006
v -1.7574 0.7405 -0.1247
vt 0.9210 0.6417
vn -0.7909 0.6119 0.0006
f 1473/1473/1473 1474/1474/1474 1475/1475/1475 1476/1476/1476
v -2.2452 0.1095 0.3375
vt 0.9210 0.6026
vn 0.1960 0.2524 0.9475
v -2.1005 -0.0025 0.3374
vt 0.9099 0.6026
vn 0.1960 0.2524 0.9475
v -1.5768 0.6748 0.0486
vt 0.9099 0.6570
vn 0.1960 0.2524 0.9475
v -1.8242 0.6539 0.1054
vt 0.9210 0.6570
vn 0.1960 0.2524 0.9475
f 1477/1477/1477 1478/1478/1478 1479/1479/1479 1480/1480/1480
v -2.1005 -0.0025 0.3374
vt 0.9099 0.5870
vn 0.7909 -0.6119 -0.0006
v -2.1364 -0.0487 0.1640
vt 0.9099 0.5873
vn 0.7909 -0.6119 -0.0006
v -1.6126 0.6286 -0.1248
vt 0.9099 0.6417
vn 0.8057 -0.5923 -0.0089
v -1.5768 0.6748 0.0486
vt 0.9099 0.6414
vn 0.8054 -0.5926 -0.0087
f 1481/1481/1481 1482/1482/1482 1483/1483/1483 1484/1484/1484
v -1.5768 0.6748 0.0486
vt 0.9099 0.6570
vn -0.2424 0.7959 0.5548
v -1.3946 0.9408 -0.0992
vt 0.9099 0.6570
vn -0.3987 0.6387 0.6580
v -1.5201 0.9865 -0.2197
vt 0.9210 0.6573
vn -0.3987 0.6387 0.6580
v -1.7574 0.7405 -0.1247
vt 0.9210 0.6573
vn -0.2424 0.7959 0.5548
f 1485/1485/1485 1486/1486/1486 1487/1487/1487 1488/1488/1488
v -2.1364 -0.0487 0.1640
vt 0.9099 0.5873
vn -0.5797 -0.7496 0.3196
v -2.1005 -0.0025 0.3374
vt 0.9099 0.5870
vn -0.5797 -0.7496 0.3196
v -2.2452 0.1095 0.3375
vt 0.9210 0.6026
vn -0.5797 -0.7496 0.3196
v -2.2811 0.0633 0.1641
vt 0.9210 0.5873
vn -0.5797 -0.7496 0.3196
f 1489/1489/1489 1490/1490/1490 1491/1491/1491 1492/1492/1492
v -1.8242 0.6539 0.1054
vt 0.9210 0.6883
vn 0.0021 0.9356 0.3530
v -1.5768 0.6748 0.0486
vt 0.9099 0.6883
vn -0.2424 0.7959 0.5548
v -1.7574 0.7405 -0.1247
vt 0.9210 0.6886
vn -0.2424 0.7959 0.5548
f 1493/1493/1493 1494/1494/1494 1495/1495/1495
v -1.5201 0.9865 -0.2197
vt 0.9210 0.6886
vn 0.5797 0.7496 -0.3196
v -1.3946 0.9408 -0.0992
vt 0.9099 0.6883
vn 0.5797 0.7496 -0.3196
v -1.4195 0.9087 -0.2197
vt 0.9099 0.6886
vn 0.5797 0.7496 -0.3196
f 1496/1496/1496 1497/1497/1497 1498/1498/1498
v -1.6126 0.6286 -0.1248
vt 0.9099 0.6417
vn 0.8057 -0.5923 -0.0089
v -1.4195 0.9087 -0.2197
vt 0.9099 0.6417
vn 0.8204 -0.5715 -0.0175
v -1.3946 0.9408 -0.0992
vt 0.9099 0.6414
vn 0.8204 -0.5715 -0.0175
v -1.5768 0.6748 0.0486
vt 0.9099 0.6414
vn 0.8054 -0.5926 -0.0087
f 1499/1499/1499 1500/1500/1500 1501/1501/1501 1502/1502/1502
v -1.7574 0.7405 -0.1247
vt 0.9210 0.6573
vn -0.1812 -0.2333 -0.9554
v -1.5201 0.9865 -0.2197
vt 0.9210 0.6573
vn -0.1652 -0.2126 -0.9631
v -1.4195 0.9087 -0.2197
vt 0.9099 0.6573
vn -0.1652 -0.2126 -0.9631
v -1.6126 0.6286 -0.1248
vt 0.9099 0.6573
vn -0.1809 -0.2329 -0.9555
f 1503/1503/1503 1504/1504/1504 1505/1505/1505 1506/1506/1506
v -1.6400 0.1938 0.0070
vt 0.9099 0.6029
vn -0.7063 0.0076 -0.7079
v -1.6402 0.0108 0.0052
vt 0.9210 0.6029
vn -0.7063 0.0076 -0.7079
v -2.2798 0.0049 0.6433
vt 0.9210 0.6573
vn -0.7241 0.0074 -0.6897
v -2.2797 0.1879 0.6451
vt 0.9099 0.6573
vn -0.7244 0.0074 -0.6893
f 1507/1507/1507 1508/1508/1508 1509/1509/1509 1510/1510/1510
v -1.6402 0.0108 0.0052
vt 0.9210 0.5873
vn -0.0007 -1.0000 -0.0100
v -1.5109 0.0094 0.1347
vt 0.9210 0.5870
vn -0.0007 -1.0000 -0.0100
v -2.0251 0.0047 0.6477
vt 0.9210 0.6414
vn -0.0007 -1.0000 -0.0100
v -2.2798 0.0049 0.6433
vt 0.9210 0.6417
vn -0.0007 -1.0000 -0.0100
f 1511/1511/1511 1512/1512/1512 1513/1513/1513 1514/1514/1514
v -1.5109 0.0094 0.1347
vt 0.9210 0.6026
vn 0.7063 -0.0076 0.7079
v -1.5108 0.1924 0.1366
vt 0.9099 0.6026
vn 0.7063 -0.0076 0.7079
v -2.1504 0.1865 0.7747
vt 0.9099 0.6570
vn 0.7063 -0.0076 0.7079
v -2.0251 0.0047 0.6477
vt 0.9210 0.6570
vn 0.7063 -0.0076 0.7079
f 1515/1515/1515 1516/1516/1516 1517/1517/1517 1518/1518/1518
v -1.5108 0.1924 0.1366
vt 0.9099 0.5870
vn 0.0007 1.0000 0.0100
v -1.6400 0.1938 0.0070
vt 0.9099 0.5873
vn 0.0007 1.0000 0.0100
v -2.2797 0.1879 0.6451
vt 0.9099 0.6417
vn -0.0176 0.9994 0.0283
v -2.1504 0.1865 0.7747
vt 0.9099 0.6414
vn -0.0173 0.9995 0.0279
f 1519/1519/1519 1520/1520/1520 1521/1521/1521 1522/1522/1522
v -2.1504 0.1865 0.7747
vt 0.9099 0.6570
vn 0.2818 -0.6860 0.6708
v -2.4261 0.1659 0.9969
vt 0.9099 0.6570
vn 0.4721 -0.7122 0.5195
v -2.5160 0.0397 0.9056
vt 0.9210 0.6573
vn 0.4721 -0.7122 0.5195
v -2.2798 0.0049 0.6433
vt 0.9210 0.6573
vn 0.2818 -0.6860 0.6708
f 1523/1523/1523 1524/1524/1524 1525/1525/1525 1526/1526/1526
v -1.6400 0.1938 0.0070
vt 0.9099 0.5873
vn 0.7079 0.0065 -0.7062
v -1.5108 0.1924 0.1366
vt 0.9099 0.5870
vn 0.7079 0.0065 -0.7062
v -1.5109 0.0094 0.1347
vt 0.9210 0.6026
vn 0.7079 0.0065 -0.7062
v -1.6402 0.0108 0.0052
vt 0.9210 0.5873
vn 0.7079 0.0065 -0.7062
f 1527/1527/1527 1528/1528/1528 1529/1529/1529 1530/1530/1530
v -2.0251 0.0047 0.6477
vt 0.9210 0.6883
vn -0.0146 -0.5792 0.8151
v -2.1504 0.1865 0.7747
vt 0.9099 0.6883
vn 0.2818 -0.6860 0.6708
v -2.2798 0.0049 0.6433
vt 0.9210 0.6886
vn 0.2818 -0.6860 0.6708
f 1531/1531/1531 1532/1532/1532 1533/1533/1533
v -2.5160 0.0397 0.9056
vt 0.9210 0.6886
vn -0.7079 -0.0065 0.7062
v -2.4261 0.1659 0.9969
vt 0.9099 0.6883
vn -0.7079 -0.0065 0.7062
v -2.5159 0.1669 0.9069
vt 0.9099 0.6886
vn -0.7079 -0.0065 0.7062
f 1534/1534/1534 1535/1535/1535 1536/1536/1536
v -2.2797 0.1879 0.6451
vt 0.9099 0.6417
vn -0.0176 0.9994 0.0283
v -2.5159 0.1669 0.9069
vt 0.9099 0.6417
vn -0.0366 0.9982 0.0472
v -2.4261 0.1659 0.9969
vt 0.9099 0.6414
vn -0.0366 0.9982 0.0472
v -2.1504 0.1865 0.7747
vt 0.9099 0.6414
vn -0.0173 0.9995 0.0279
f 1537/1537/1537 1538/1538/1538 1539/1539/1539 1540/1540/1540
v -2.2798 0.0049 0.6433
vt 0.9210 0.6573
vn -0.7241 0.0074 -0.6897
v -2.5160 0.0397 0.9056
vt 0.9210 0.6573
vn -0.7426 0.0072 -0.6697
v -2.5159 0.1669 0.9069
vt 0.9099 0.6573
vn -0.7426 0.0072 -0.6697
v -2.2797 0.1879 0.6451
vt 0.9099 0.6573
vn -0.7244 0.0074 -0.6893
f 1541/1541/1541 1542/1542/1542 1543/1543/1543 1544/1544/1544
v -1.5852 0.0056 1.0843
vt 0.9255 0.6498
vn -0.6582 0.0478 0.7513
v -1.5423 0.1816 1.1107
vt 0.9366 0.6498
vn -0.6582 0.0478 0.7513
v -2.1886 0.4266 0.5289
vt 0.9366 0.7042
vn -0.6762 0.0547 0.7347
v -2.2315 0.2507 0.5025
vt 0.9255 0.7042
vn -0.6765 0.0548 0.7344
f 1545/1545/1545 1546/1546/1546 1547/1547/1547 1548/1548/1548
v -1.5423 0.1816 1.1107
vt 0.9366 0.6342
vn 0.2345 0.9613 0.1443
v -1.4218 0.1728 0.9733
vt 0.9366 0.6339
vn 0.2345 0.9613 0.1443
v -1.9414 0.3698 0.5055
vt 0.9366 0.6883
vn 0.2345 0.9613 0.1443
v -2.1886 0.4266 0.5289
vt 0.9366 0.6886
vn 0.2345 0.9613 0.1443
f 1549/1549/1549 1550/1550/1550 1551/1551/1551 1552/1552/1552
v -1.4218 0.1728 0.9733
vt 0.9366 0.6495
vn 0.6582 -0.0478 -0.7513
v -1.4647 -0.0031 0.9468
vt 0.9255 0.6495
vn 0.6582 -0.0478 -0.7513
v -2.1111 0.2419 0.3650
vt 0.9255 0.7039
vn 0.6582 -0.0478 -0.7513
v -1.9414 0.3698 0.5055
vt 0.9366 0.7039
vn 0.6582 -0.0478 -0.7513
f 1553/1553/1553 1554/1554/1554 1555/1555/1555 1556/1556/1556
v -1.4647 -0.0031 0.9468
vt 0.9255 0.6339
vn -0.2345 -0.9613 -0.1443
v -1.5852 0.0056 1.0843
vt 0.9255 0.6342
vn -0.2345 -0.9613 -0.1443
v -2.2315 0.2507 0.5025
vt 0.9255 0.6886
vn -0.2530 -0.9540 -0.1610
v -2.1111 0.2419 0.3650
vt 0.9255 0.6883
vn -0.2527 -0.9541 -0.1607
f 1557/1557/1557 1558/1558/1558 1559/1559/1559 1560/1560/1560
v -2.1111 0.2419 0.3650
vt 0.9255 0.7039
vn 0.4069 0.6960 -0.5917
v -2.3832 0.3571 0.1688
vt 0.9255 0.7039
vn 0.6041 0.6556 -0.4529
v -2.4371 0.4855 0.2827
vt 0.9366 0.7042
vn 0.6041 0.6556 -0.4529
v -2.1886 0.4266 0.5289
vt 0.9366 0.7042
vn 0.4069 0.6960 -0.5917
f 1561/1561/1561 1562/1562/1562 1563/1563/1563 1564/1564/1564
v -1.5852 0.0056 1.0843
vt 0.9255 0.6342
vn 0.7154 -0.2712 0.6440
v -1.4647 -0.0031 0.9468
vt 0.9255 0.6339
vn 0.7154 -0.2712 0.6440
v -1.4218 0.1728 0.9733
vt 0.9366 0.6495
vn 0.7154 -0.2712 0.6440
v -1.5423 0.1816 1.1107
vt 0.9366 0.6342
vn 0.7154 -0.2712 0.6440
f 1565/1565/1565 1566/1566/1566 1567/1567/1567 1568/1568/1568
v -1.9414 0.3698 0.5055
vt 0.9366 0.7352
vn 0.0879 0.6816 -0.7264
v -2.1111 0.2419 0.3650
vt 0.9255 0.7352
vn 0.4069 0.6960 -0.5917
v -2.1886 0.4266 0.5289
vt 0.9366 0.7355
vn 0.4069 0.6960 -0.5917
f 1569/1569/1569 1570/1570/1570 1571/1571/1571
v -2.4371 0.4855 0.2827
vt 0.9366 0.7355
vn -0.7154 0.2712 -0.6440
v -2.3832 0.3571 0.1688
vt 0.9255 0.7352
vn -0.7154 0.2712 -0.6440
v -2.4669 0.3632 0.2644
vt 0.9255 0.7355
vn -0.7154 0.2712 -0.6440
f 1572/1572/1572 1573/1573/1573 1574/1574/1574
v -2.2315 0.2507 0.5025
vt 0.9255 0.6886
vn -0.2530 -0.9540 -0.1610
v -2.4669 0.3632 0.2644
vt 0.9255 0.6886
vn -0.2720 -0.9457 -0.1781
v -2.3832 0.3571 0.1688
vt 0.9255 0.6883
vn -0.2720 -0.9457 -0.1781
v -2.1111 0.2419 0.3650
vt 0.9255 0.6883
vn -0.2527 -0.9541 -0.1607
f 1575/1575/1575 1576/1576/1576 1577/1577/1577 1578/1578/1578
v -2.1886 0.4266 0.5289
vt 0.9366 0.7042
vn -0.6762 0.0547 0.7347
v -2.4371 0.4855 0.2827
vt 0.9366 0.7042
vn -0.6950 0.0620 0.7163
v -2.4669 0.3632 0.2644
vt 0.9255 0.7042
vn -0.6950 0.0620 0.7163
v -2.2315 0.2507 0.5025
vt 0.9255 0.7042
vn -0.6765 0.0548 0.7344
f 1579/1579/1579 1580/1580/1580 1581/1581/1581 1582/1582/1582
v 1.7123 -0.0110 -0.3810
vt 0.8297 0.6044
vn -0.0000 -1.0000 0.0000
v 1.7320 -0.0110 -0.5019
vt 0.8297 0.6044
vn -0.0000 -1.0000 0.0000
v 2.4716 -0.0110 -0.5470
vt 0.8297 0.6115
vn -0.0000 -1.0000 0.0000
v 2.4178 -0.0110 -0.2162
vt 0.8297 0.6115
vn -0.0000 -1.0000 0.0000
f 1583/1583/1583 1584/1584/1584 1585/1585/1585 1586/1586/1586
v 1.6926 -0.0110 -0.2601
vt 0.8297 0.6044
vn -0.0000 -1.0000 0.0000
v 1.7123 -0.0110 -0.3810
vt 0.8297 0.6044
vn -0.0000 -1.0000 0.0000
v 2.4178 -0.0110 -0.2162
vt 0.8297 0.6115
vn -0.0000 -1.0000 0.0000
v 2.6599 -0.0110 -0.1026
vt 0.8297 0.6140
vn -0.0000 -1.0000 0.0000
f 1587/1587/1587 1588/1588/1588 1589/1589/1589 1590/1590/1590
v 2.0155 -0.0110 -0.6212
vt 0.8565 0.6488
vn 0.9996 0.0000 0.0270
v 2.0310 -0.0110 -1.1948
vt 0.8565 0.6481
vn 0.9996 0.0000 0.0270
v 2.0310 0.1115 -1.1948
vt 0.8565 0.6481
vn 0.9996 0.0000 0.0270
v 2.0155 0.1115 -0.6212
vt 0.8565 0.6488
vn 0.9996 0.0000 0.0270
f 1591/1591/1591 1592/1592/1592 1593/1593/1593 1594/1594/1594
v 1.7320 -0.0110 -0.5019
vt 0.8297 0.6044
vn -0.0000 -1.0000 0.0000
v 1.7583 -0.0110 -0.6631
vt 0.8297 0.6044
vn -0.0000 -1.0000 0.0000
v 2.0155 -0.0110 -0.6212
vt 0.8297 0.6070
vn -0.0000 -1.0000 0.0000
v 2.4716 -0.0110 -0.5470
vt 0.8297 0.6115
vn -0.0000 -1.0000 0.0000
f 1595/1595/1595 1596/1596/1596 1597/1597/1597 1598/1598/1598
v 2.0155 0.1115 -0.6212
vt 0.8297 0.6070
vn 0.0000 1.0000 0.0000
v 2.0310 0.1115 -1.1948
vt 0.8297 0.6062
vn 0.0000 1.0000 0.0000
v 1.8496 0.1115 -1.2243
vt 0.8297 0.6044
vn 0.0000 1.0000 0.0000
v 1.7583 0.1115 -0.6631
vt 0.8297 0.6044
vn 0.0000 1.0000 0.0000
f 1599/1599/1599 1600/1600/1600 1601/1601/1601 1602/1602/1602
v 1.7583 -0.0110 -0.6631
vt 0.8297 0.6044
vn -0.0000 -1.0000 0.0000
v 1.8496 -0.0110 -1.2243
vt 0.8297 0.6044
vn -0.0000 -1.0000 0.0000
v 2.0310 -0.0110 -1.1948
vt 0.8297 0.6062
vn -0.0000 -1.0000 0.0000
v 2.0155 -0.0110 -0.6212
vt 0.8297 0.6070
vn -0.0000 -1.0000 0.0000
f 1603/1603/1603 1604/1604/1604 1605/1605/1605 1606/1606/1606
v 2.4716 0.1115 -0.5470
vt 0.8297 0.6115
vn 0.0000 1.0000 0.0000
v 2.0155 0.1115 -0.6212
vt 0.8297 0.6070
vn 0.0000 1.0000 0.0000
v 1.7583 0.1115 -0.6631
vt 0.8297 0.6044
vn 0.0000 1.0000 0.0000
v 1.7320 0.1115 -0.5019
vt 0.8297 0.6044
vn 0.0000 1.0000 0.0000
f 1607/1607/1607 1608/1608/1608 1609/1609/1609 1610/1610/1610
v 2.4178 0.1115 -0.2162
vt 0.8297 0.6115
vn 0.0000 1.0000 0.0000
v 2.4716 0.1115 -0.5470
vt 0.8297 0.6115
vn 0.0000 1.0000 0.0000
v 1.7320 0.1115 -0.5019
vt 0.8297 0.6044
vn 0.0000 1.0000 0.0000
v 1.7123 0.1115 -0.3810
vt 0.8297 0.6044
vn 0.0000 1.0000 0.0000
f 1611/1611/1611 1612/1612/1612 1613/1613/1613 1614/1614/1614
v 2.5378 -0.0110 0.6470
vt 0.8297 0.6140
vn -0.0000 -1.0000 0.0000
v 1.5705 -0.0110 0.4895
vt 0.8297 0.6044
vn -0.0000 -1.0000 0.0000
v 1.6926 -0.0110 -0.2601
vt 0.8297 0.6044
vn -0.0000 -1.0000 0.0000
v 2.6599 -0.0110 -0.1026
vt 0.8297 0.6140
vn -0.0000 -1.0000 0.0000
f 1615/1615/1615 1616/1616/1616 1617/1617/1617 1618/1618/1618
v 2.4716 -0.0110 -0.5470
vt 0.7828 0.5780
vn 0.1607 0.0000 -0.9870
v 2.0155 -0.0110 -0.6212
vt 0.7828 0.5735
vn 0.1607 0.0000 -0.9870
v 2.0155 0.1115 -0.6212
vt 0.7828 0.5735
vn 0.1607 0.0000 -0.9870
v 2.4716 0.1115 -0.5470
vt 0.7828 0.5780
vn 0.1607 0.0000 -0.9870
f 1619/1619/1619 1620/1620/1620 1621/1621/1621 1622/1622/1622
v 2.6599 0.1115 -0.1026
vt 0.8297 0.6140
vn 0.0000 1.0000 0.0000
v 1.6926 0.1115 -0.2601
vt 0.8297 0.6044
vn 0.0000 1.0000 0.0000
v 1.5705 0.1115 0.4895
vt 0.8297 0.6044
vn 0.0000 1.0000 0.0000
v 2.5378 0.1115 0.6470
vt 0.8297 0.6140
vn 0.0000 1.0000 0.0000
f 1623/1623/1623 1624/1624/1624 1625/1625/1625 1626/1626/1626
v 2.6599 -0.0110 -0.1026
vt 0.7828 0.5805
vn 0.4249 0.0000 -0.9052
v 2.4178 -0.0110 -0.2162
vt 0.7828 0.5780
vn 0.4249 0.0000 -0.9052
v 2.4178 0.1115 -0.2162
vt 0.7828 0.5780
vn 0.4249 0.0000 -0.9052
v 2.6599 0.1115 -0.1026
vt 0.7828 0.5805
vn 0.4249 0.0000 -0.9052
f 1627/1627/1627 1628/1628/1628 1629/1629/1629 1630/1630/1630
v 2.4178 -0.0110 -0.2162
vt 0.8565 0.6533
vn 0.9870 0.0000 0.1607
v 2.4716 -0.0110 -0.5470
vt 0.8565 0.6533
vn 0.9870 0.0000 0.1607
v 2.4716 0.1115 -0.5470
vt 0.8565 0.6533
vn 0.9870 0.0000 0.1607
v 2.4178 0.1115 -0.2162
vt 0.8565 0.6533
vn 0.9870 0.0000 0.1607
f 1631/1631/1631 1632/1632/1632 1633/1633/1633 1634/1634/1634
v 2.6599 0.1115 -0.1026
vt 0.8297 0.6140
vn 0.0000 1.0000 0.0000
v 2.4178 0.1115 -0.2162
vt 0.8297 0.6115
vn 0.0000 1.0000 0.0000
v 1.7123 0.1115 -0.3810
vt 0.8297 0.6044
vn 0.0000 1.0000 0.0000
v 1.6926 0.1115 -0.2601
vt 0.8297 0.6044
vn 0.0000 1.0000 0.0000
f 1635/1635/1635 1636/1636/1636 1637/1637/1637 1638/1638/1638
v 2.0310 0.1115 -1.1948
vt 0.8565 0.6481
vn 0.1607 0.0000 -0.9870
v 2.0310 -0.0110 -1.1948
vt 0.8565 0.6481
vn 0.1607 0.0000 -0.9870
v 1.8496 -0.0110 -1.2243
vt 0.8297 0.6044
vn 0.1607 0.0000 -0.9870
v 1.8496 0.1115 -1.2243
vt 0.8297 0.6044
vn 0.1607 0.0000 -0.9870
f 1639/1639/1639 1640/1640/1640 1641/1641/1641 1642/1642/1642
v 1.7583 -0.0110 -0.6631
vt 0.8297 0.6044
vn -0.9870 0.0000 -0.1607
v 1.7583 0.1115 -0.6631
vt 0.8297 0.6044
vn -0.9870 0.0000 -0.1607
v 1.8496 0.1115 -1.2243
vt 0.8297 0.6044
vn -0.9870 0.0000 -0.1607
v 1.8496 -0.0110 -1.2243
vt 0.8297 0.6044
vn -0.9870 0.0000 -0.1607
f 1643/1643/1643 1644/1644/1644 1645/1645/1645 1646/1646/1646
v 1.7583 0.1115 -0.6631
vt 0.8297 0.6044
vn -0.9870 0.0000 -0.1607
v 1.7583 -0.0110 -0.6631
vt 0.8297 0.6044
vn -0.9870 0.0000 -0.1607
v 1.7320 -0.0110 -0.5019
vt 0.8297 0.6044
vn -0.9870 0.0000 -0.1607
v 1.7320 0.1115 -0.5019
vt 0.8297 0.6044
vn -0.9870 0.0000 -0.1607
f 1647/1647/1647 1648/1648/1648 1649/1649/1649 1650/1650/1650
v 1.7320 0.1115 -0.5019
vt 0.8297 0.6044
vn -0.9870 0.0000 -0.1607
v 1.7320 -0.0110 -0.5019
vt 0.8297 0.6044
vn -0.9870 0.0000 -0.1607
v 1.7123 -0.0110 -0.3810
vt 0.8297 0.6044
vn -0.9870 0.0000 -0.1607
v 1.7123 0.1115 -0.3810
vt 0.8297 0.6044
vn -0.9870 0.0000 -0.1607
f 1651/1651/1651 1652/1652/1652 1653/1653/1653 1654/1654/1654
v 1.6926 -0.0110 -0.2601
vt 0.8297 0.6044
vn -0.9870 0.0000 -0.1607
v 1.6926 0.1115 -0.2601
vt 0.8297 0.6044
vn -0.9870 0.0000 -0.1607
v 1.7123 0.1115 -0.3810
vt 0.8297 0.6044
vn -0.9870 0.0000 -0.1607
v 1.7123 -0.0110 -0.3810
vt 0.8297 0.6044
vn -0.9870 0.0000 -0.1607
f 1655/1655/1655 1656/1656/1656 1657/1657/1657 1658/1658/1658
v 1.6926 0.1115 -0.2601
vt 0.8297 0.6044
vn -0.9870 0.0000 -0.1607
v 1.6926 -0.0110 -0.2601
vt 0.8297 0.6044
vn -0.9870 0.0000 -0.1607
v 1.5705 -0.0110 0.4895
vt 0.8297 0.6044
vn -0.9870 0.0000 -0.1607
v 1.5705 0.1115 0.4895
vt 0.8297 0.6044
vn -0.9870 0.0000 -0.1607
f 1659/1659/1659 1660/1660/1660 1661/1661/1661 1662/1662/1662
v 1.5705 0.1115 0.4895
vt 0.8297 0.6044
vn -0.1607 0.0000 0.9870
v 1.5705 -0.0110 0.4895
vt 0.8297 0.6044
vn -0.1607 0.0000 0.9870
v 2.5378 -0.0110 0.6470
vt 0.8297 0.6140
vn -0.1607 0.0000 0.9870
v 2.5378 0.1115 0.6470
vt 0.8297 0.6140
vn -0.1607 0.0000 0.9870
f 1663/1663/1663 1664/1664/1664 1665/1665/1665 1666/1666/1666
v 2.6599 -0.0110 -0.1026
vt 0.8297 0.6140
vn 0.9870 0.0000 0.1607
v 2.6599 0.1115 -0.1026
vt 0.8297 0.6140
vn 0.9870 0.0000 0.1607
v 2.5378 0.1115 0.6470
vt 0.8297 0.6140
vn 0.9870 0.0000 0.1607
v 2.5378 -0.0110 0.6470
vt 0.8297 0.6140
vn 0.9870 0.0000 0.1607
f 1667/1667/1667 1668/1668/1668 1669/1669/1669 1670/1670/1670
v 1.9574 0.3418 -0.3031
vt 0.9099 0.6570
vn -0.7008 -0.6860 0.1958
v 1.7144 0.3148 -0.6966
vt 0.9099 0.6570
vn -0.5744 -0.7122 0.4036
v 1.8474 0.1500 -0.7982
vt 0.9210 0.6573
vn -0.5744 -0.7122 0.4036
v 2.1488 0.1045 -0.4493
vt 0.9210 0.6573
vn -0.7007 -0.6860 0.1958
f 1671/1671/1671 1672/1672/1672 1673/1673/1673 1674/1674/1674
v 2.8714 0.1123 0.4837
vt 0.9210 0.5873
vn 0.0100 -1.0000 0.0005
v 2.6825 0.1104 0.6301
vt 0.9210 0.5870
vn 0.0100 -1.0000 0.0005
v 2.1016 0.1043 -0.1199
vt 0.9210 0.6414
vn 0.0100 -1.0000 0.0005
v 2.1488 0.1045 -0.4493
vt 0.9210 0.6417
vn 0.0100 -1.0000 0.0005
f 1675/1675/1675 1676/1676/1676 1677/1677/1677 1678/1678/1678
v 2.8691 0.3513 0.4836
vt 0.9099 0.6029
vn 0.7905 0.0076 -0.6124
v 2.8714 0.1123 0.4837
vt 0.9210 0.6029
vn 0.7905 0.0076 -0.6124
v 2.1488 0.1045 -0.4493
vt 0.9210 0.6573
vn 0.7747 0.0074 -0.6323
v 2.1464 0.3436 -0.4494
vt 0.9099 0.6573
vn 0.7744 0.0074 -0.6327
f 1679/1679/1679 1680/1680/1680 1681/1681/1681 1682/1682/1682
v 2.6801 0.3495 0.6300
vt 0.9099 0.5870
vn -0.0100 0.9999 -0.0005
v 2.8691 0.3513 0.4836
vt 0.9099 0.5873
vn -0.0100 0.9999 -0.0005
v 2.1464 0.3436 -0.4494
vt 0.9099 0.6417
vn -0.0259 0.9994 -0.0210
v 1.9574 0.3418 -0.3031
vt 0.9099 0.6414
vn -0.0256 0.9995 -0.0207
f 1683/1683/1683 1684/1684/1684 1685/1685/1685 1686/1686/1686
v 2.6825 0.1104 0.6301
vt 0.9210 0.6026
vn -0.7905 -0.0076 0.6124
v 2.6801 0.3495 0.6300
vt 0.9099 0.6026
vn -0.7905 -0.0076 0.6124
v 1.9574 0.3418 -0.3031
vt 0.9099 0.6570
vn -0.7905 -0.0076 0.6124
v 2.1016 0.1043 -0.1199
vt 0.9210 0.6570
vn -0.7905 -0.0076 0.6124
f 1687/1687/1687 1688/1688/1688 1689/1689/1689 1690/1690/1690
v 2.8691 0.3513 0.4836
vt 0.9099 0.5873
vn 0.6123 0.0065 0.7906
v 2.6801 0.3495 0.6300
vt 0.9099 0.5870
vn 0.6123 0.0065 0.7906
v 2.6825 0.1104 0.6301
vt 0.9210 0.6026
vn 0.6123 0.0065 0.7906
v 2.8714 0.1123 0.4837
vt 0.9210 0.5873
vn 0.6123 0.0065 0.7906
f 1691/1691/1691 1692/1692/1692 1693/1693/1693 1694/1694/1694
v 2.1016 0.1043 -0.1199
vt 0.9210 0.6883
vn -0.8069 -0.5792 -0.1162
v 1.9574 0.3418 -0.3031
vt 0.9099 0.6883
vn -0.7008 -0.6860 0.1958
v 2.1488 0.1045 -0.4493
vt 0.9210 0.6886
vn -0.7007 -0.6860 0.1958
f 1695/1695/1695 1696/1696/1696 1697/1697/1697
v 1.8474 0.1500 -0.7982
vt 0.9210 0.6886
vn -0.6123 -0.0065 -0.7906
v 1.7144 0.3148 -0.6966
vt 0.9099 0.6883
vn -0.6123 -0.0065 -0.7906
v 1.8457 0.3161 -0.7983
vt 0.9099 0.6886
vn -0.6123 -0.0065 -0.7906
f 1698/1698/1698 1699/1699/1699 1700/1700/1700
v 2.1464 0.3436 -0.4494
vt 0.9099 0.6417
vn -0.0259 0.9994 -0.0210
v 1.8457 0.3161 -0.7983
vt 0.9099 0.6417
vn -0.0423 0.9982 -0.0422
v 1.7144 0.3148 -0.6966
vt 0.9099 0.6414
vn -0.0423 0.9982 -0.0422
v 1.9574 0.3418 -0.3031
vt 0.9099 0.6414
vn -0.0256 0.9995 -0.0207
f 1701/1701/1701 1702/1702/1702 1703/1703/1703 1704/1704/1704
v 2.1488 0.1045 -0.4493
vt 0.9210 0.6573
vn 0.7747 0.0074 -0.6323
v 1.8474 0.1500 -0.7982
vt 0.9210 0.6573
vn 0.7571 0.0072 -0.6532
v 1.8457 0.3161 -0.7983
vt 0.9099 0.6573
vn 0.7571 0.0072 -0.6532
v 2.1464 0.3436 -0.4494
vt 0.9099 0.6573
vn 0.7744 0.0074 -0.6327
f 1705/1705/1705 1706/1706/1706 1707/1707/1707 1708/1708/1708
v -0.4220 0.2316 -2.2770
vt 0.9099 0.6570
vn -0.1552 -0.6860 -0.7109
v -0.0152 0.2047 -2.4970
vt 0.9099 0.6570
vn -0.3699 -0.7122 -0.5967
v 0.0786 0.0398 -2.3584
vt 0.9210 0.6573
vn -0.3699 -0.7122 -0.5967
v -0.2870 -0.0056 -2.0775
vt 0.9210 0.6573
vn -0.1552 -0.6860 -0.7109
f 1709/1709/1709 1710/1710/1710 1711/1711/1711 1712/1712/1712
v -1.2600 0.0021 -1.4097
vt 0.9210 0.5873
vn -0.0011 -0.9999 0.0099
v -1.3953 0.0003 -1.6068
vt 0.9210 0.5870
vn -0.0011 -0.9999 0.0099
v -0.6131 -0.0059 -2.1436
vt 0.9210 0.6414
vn -0.0011 -0.9999 0.0099
v -0.2870 -0.0056 -2.0775
vt 0.9210 0.6417
vn -0.0011 -0.9999 0.0099
f 1713/1713/1713 1714/1714/1714 1715/1715/1715 1716/1716/1716
v -1.2598 0.2411 -1.4121
vt 0.9099 0.6029
vn 0.5659 0.0076 0.8244
v -1.2600 0.0021 -1.4097
vt 0.9210 0.6029
vn 0.5659 0.0076 0.8244
v -0.2870 -0.0056 -2.0775
vt 0.9210 0.6573
vn 0.5867 0.0074 0.8098
v -0.2868 0.2334 -2.0799
vt 0.9099 0.6573
vn 0.5871 0.0074 0.8095
f 1717/1717/1717 1718/1718/1718 1719/1719/1719 1720/1720/1720
v -1.3951 0.2393 -1.6092
vt 0.9099 0.5870
vn 0.0011 1.0000 -0.0099
v -1.2598 0.2411 -1.4121
vt 0.9099 0.5873
vn 0.0011 1.0000 -0.0099
v -0.2868 0.2334 -2.0799
vt 0.9099 0.6417
vn 0.0225 0.9994 -0.0246
v -0.4220 0.2316 -2.2770
vt 0.9099 0.6414
vn 0.0221 0.9995 -0.0243
f 1721/1721/1721 1722/1722/1722 1723/1723/1723 1724/1724/1724
v -1.3953 0.0003 -1.6068
vt 0.9210 0.6026
vn -0.5659 -0.0076 -0.8244
v -1.3951 0.2393 -1.6092
vt 0.9099 0.6026
vn -0.5659 -0.0076 -0.8244
v -0.4220 0.2316 -2.2770
vt 0.9099 0.6570
vn -0.5659 -0.0076 -0.8244
v -0.6131 -0.0059 -2.1436
vt 0.9210 0.6570
vn -0.5659 -0.0076 -0.8244
f 1725/1725/1725 1726/1726/1726 1727/1727/1727 1728/1728/1728
v -1.2598 0.2411 -1.4121
vt 0.9099 0.5873
vn -0.8245 0.0065 0.5659
v -1.3951 0.2393 -1.6092
vt 0.9099 0.5870
vn -0.8245 0.0065 0.5659
v -1.3953 0.0003 -1.6068
vt 0.9210 0.6026
vn -0.8245 0.0065 0.5659
v -1.2600 0.0021 -1.4097
vt 0.9210 0.5873
vn -0.8245 0.0065 0.5659
f 1729/1729/1729 1730/1730/1730 1731/1731/1731 1732/1732/1732
v -0.6131 -0.0059 -2.1436
vt 0.9210 0.6883
vn 0.1624 -0.5792 -0.7988
v -0.4220 0.2316 -2.2770
vt 0.9099 0.6883
vn -0.1552 -0.6860 -0.7109
v -0.2870 -0.0056 -2.0775
vt 0.9210 0.6886
vn -0.1552 -0.6860 -0.7109
f 1733/1733/1733 1734/1734/1734 1735/1735/1735
v 0.0786 0.0398 -2.3584
vt 0.9210 0.6886
vn 0.8245 -0.0065 -0.5659
v -0.0152 0.2047 -2.4970
vt 0.9099 0.6883
vn 0.8245 -0.0065 -0.5659
v 0.0788 0.2059 -2.3601
vt 0.9099 0.6886
vn 0.8245 -0.0065 -0.5659
f 1736/1736/1736 1737/1737/1737 1738/1738/1738
v -0.2868 0.2334 -2.0799
vt 0.9099 0.6417
vn 0.0225 0.9994 -0.0246
v 0.0788 0.2059 -2.3601
vt 0.9099 0.6417
vn 0.0446 0.9982 -0.0398
v -0.0152 0.2047 -2.4970
vt 0.9099 0.6414
vn 0.0446 0.9982 -0.0398
v -0.4220 0.2316 -2.2770
vt 0.9099 0.6414
vn 0.0221 0.9995 -0.0243
f 1739/1739/1739 1740/1740/1740 1741/1741/1741 1742/1742/1742
v -0.2870 -0.0056 -2.0775
vt 0.9210 0.6573
vn 0.5867 0.0074 0.8098
v 0.0786 0.0398 -2.3584
vt 0.9210 0.6573
vn 0.6086 0.0072 0.7934
v 0.0788 0.2059 -2.3601
vt 0.9099 0.6573
vn 0.6086 0.0072 0.7934
v -0.2868 0.2334 -2.0799
vt 0.9099 0.6573
vn 0.5871 0.0074 0.8095
f 1743/1743/1743 1744/1744/1744 1745/1745/1745 1746/1746/1746
v 0.7681 2.2831 0.2700
vt 0.7857 0.5984
vn -0.0784 0.5891 -0.8043
v 0.8038 2.1968 0.2033
vt 0.7806 0.5966
vn -0.0784 0.5891 -0.8043
v 0.6104 2.1968 0.2221
vt 0.7806 0.6150
vn -0.0784 0.5891 -0.8043
v 0.6582 2.2831 0.2807
vt 0.7857 0.6132
vn -0.0784 0.5891 -0.8043
f 1747/1747/1747 1748/1748/1748 1749/1749/1749 1750/1750/1750
v 0.8320 2.1968 0.4934
vt 0.8321 0.5966
vn 0.0784 0.5891 0.8043
v 0.7842 2.2831 0.4348
vt 0.8270 0.5984
vn 0.0784 0.5891 0.8043
v 0.6743 2.2831 0.4455
vt 0.8270 0.6132
vn 0.0784 0.5891 0.8043
v 0.6386 2.1968 0.5122
vt 0.8321 0.6150
vn 0.0784 0.5891 0.8043
f 1751/1751/1751 1752/1752/1752 1753/1753/1753 1754/1754/1754
v 0.7842 2.2831 0.4348
vt 0.8270 0.6068
vn 0.0000 1.0000 0.0000
v 0.7681 2.2831 0.2700
vt 0.7857 0.6068
vn 0.0000 1.0000 0.0000
v 0.6582 2.2831 0.2807
vt 0.7857 0.6215
vn 0.0000 1.0000 0.0000
v 0.6743 2.2831 0.4455
vt 0.8270 0.6215
vn 0.0000 1.0000 0.0000
f 1755/1755/1755 1756/1756/1756 1757/1757/1757 1758/1758/1758
v 0.8038 2.1968 0.2033
vt 0.7806 0.5882
vn 0.8952 0.4371 -0.0873
v 0.7681 2.2831 0.2700
vt 0.7857 0.5900
vn 0.8952 0.4371 -0.0873
v 0.7842 2.2831 0.4348
vt 0.8270 0.5900
vn 0.8952 0.4371 -0.0873
v 0.8320 2.1968 0.4934
vt 0.8321 0.5882
vn 0.8952 0.4371 -0.0873
f 1759/1759/1759 1760/1760/1760 1761/1761/1761 1762/1762/1762
v 0.6386 2.1968 0.5122
vt 0.8321 0.6317
vn -0.8952 0.4371 0.0873
v 0.6743 2.2831 0.4455
vt 0.8270 0.6299
vn -0.8952 0.4371 0.0873
v 0.6582 2.2831 0.2807
vt 0.7857 0.6299
vn -0.8952 0.4371 0.0873
v 0.6104 2.1968 0.2221
vt 0.7806 0.6317
vn -0.8952 0.4371 0.0873
f 1763/1763/1763 1764/1764/1764 1765/1765/1765 1766/1766/1766
v 0.4345 2.2831 0.3514
vt 0.7857 0.5984
vn 0.2837 0.5891 -0.7566
v 0.4959 2.1968 0.3073
vt 0.7806 0.5966
vn 0.2837 0.5891 -0.7566
v 0.3140 2.1968 0.2390
vt 0.7806 0.6150
vn 0.2837 0.5891 -0.7566
v 0.3311 2.2831 0.3127
vt 0.7857 0.6132
vn 0.2837 0.5891 -0.7566
f 1767/1767/1767 1768/1768/1768 1769/1769/1769 1770/1770/1770
v 0.3936 2.1968 0.5801
vt 0.8321 0.5966
vn -0.2837 0.5891 0.7566
v 0.3764 2.2831 0.5065
vt 0.8270 0.5984
vn -0.2837 0.5891 0.7566
v 0.2730 2.2831 0.4677
vt 0.8270 0.6132
vn -0.2837 0.5891 0.7566
v 0.2116 2.1968 0.5119
vt 0.8321 0.6150
vn -0.2837 0.5891 0.7566
f 1771/1771/1771 1772/1772/1772 1773/1773/1773 1774/1774/1774
v 0.3764 2.2831 0.5065
vt 0.8270 0.6068
vn 0.0000 1.0000 0.0000
v 0.4345 2.2831 0.3514
vt 0.7857 0.6068
vn 0.0000 1.0000 0.0000
v 0.3311 2.2831 0.3127
vt 0.7857 0.6215
vn 0.0000 1.0000 0.0000
v 0.2730 2.2831 0.4677
vt 0.8270 0.6215
vn 0.0000 1.0000 0.0000
f 1775/1775/1775 1776/1776/1776 1777/1777/1777 1778/1778/1778
v 0.4959 2.1968 0.3073
vt 0.7806 0.5882
vn 0.8421 0.4371 0.3158
v 0.4345 2.2831 0.3514
vt 0.7857 0.5900
vn 0.8421 0.4371 0.3158
v 0.3764 2.2831 0.5065
vt 0.8270 0.5900
vn 0.8421 0.4371 0.3158
v 0.3936 2.1968 0.5801
vt 0.8321 0.5882
vn 0.8421 0.4371 0.3158
f 1779/1779/1779 1780/1780/1780 1781/1781/1781 1782/1782/1782
v 0.2116 2.1968 0.5119
vt 0.8321 0.6317
vn -0.8421 0.4371 -0.3158
v 0.2730 2.2831 0.4677
vt 0.8270 0.6299
vn -0.8421 0.4371 -0.3158
v 0.3311 2.2831 0.3127
vt 0.7857 0.6299
vn -0.8421 0.4371 -0.3158
v 0.3140 2.1968 0.2390
vt 0.7806 0.6317
vn -0.8421 0.4371 -0.3158
f 1783/1783/1783 1784/1784/1784 1785/1785/1785 1786/1786/1786
v 0.3554 2.2831 -0.5492
vt 0.7857 0.5984
vn 0.7416 0.5891 -0.3210
v 0.4299 2.1968 -0.5357
vt 0.7806 0.5966
vn 0.7416 0.5891 -0.3210
v 0.3527 2.1968 -0.7140
vt 0.7806 0.6150
vn 0.7416 0.5891 -0.3210
v 0.3116 2.2831 -0.6505
vt 0.7857 0.6132
vn 0.7416 0.5891 -0.3210
f 1787/1787/1787 1788/1788/1788 1789/1789/1789 1790/1790/1790
v 0.1624 2.1968 -0.4199
vt 0.8321 0.5966
vn -0.7416 0.5891 0.3210
v 0.2035 2.2831 -0.4834
vt 0.8270 0.5984
vn -0.7416 0.5891 0.3210
v 0.1596 2.2831 -0.5847
vt 0.8270 0.6132
vn -0.7416 0.5891 0.3210
v 0.0852 2.1968 -0.5982
vt 0.8321 0.6150
vn -0.7416 0.5891 0.3210
f 1791/1791/1791 1792/1792/1792 1793/1793/1793 1794/1794/1794
v 0.2035 2.2831 -0.4834
vt 0.8270 0.6068
vn 0.0000 1.0000 0.0000
v 0.3554 2.2831 -0.5492
vt 0.7857 0.6068
vn 0.0000 1.0000 0.0000
v 0.3116 2.2831 -0.6505
vt 0.7857 0.6215
vn 0.0000 1.0000 0.0000
v 0.1596 2.2831 -0.5847
vt 0.8270 0.6215
vn 0.0000 1.0000 0.0000
f 1795/1795/1795 1796/1796/1796 1797/1797/1797 1798/1798/1798
v 0.4299 2.1968 -0.5357
vt 0.7806 0.5882
vn 0.3573 0.4371 0.8254
v 0.3554 2.2831 -0.5492
vt 0.7857 0.5900
vn 0.3573 0.4371 0.8254
v 0.2035 2.2831 -0.4834
vt 0.8270 0.5900
vn 0.3573 0.4371 0.8254
v 0.1624 2.1968 -0.4199
vt 0.8321 0.5882
vn 0.3573 0.4371 0.8254
f 1799/1799/1799 1800/1800/1800 1801/1801/1801 1802/1802/1802
v 0.0852 2.1968 -0.5982
vt 0.8321 0.6317
vn -0.3573 0.4371 -0.8254
v 0.1596 2.2831 -0.5847
vt 0.8270 0.6299
vn -0.3573 0.4371 -0.8254
v 0.3116 2.2831 -0.6505
vt 0.7857 0.6299
vn -0.3573 0.4371 -0.8254
v 0.3527 2.1968 -0.7140
vt 0.7806 0.6317
vn -0.3573 0.4371 -0.8254
f 1803/1803/1803 1804/1804/1804 1805/1805/1805 1806/1806/1806
v -0.1670 0.8097 0.8241
vt 0.7857 0.5984
vn 0.4880 0.5891 -0.6441
v -0.0955 0.7233 0.7993
vt 0.7806 0.5966
vn 0.4880 0.5891 -0.6441
v -0.2504 0.7233 0.6820
vt 0.7806 0.6150
vn 0.4880 0.5891 -0.6441
v -0.2550 0.8097 0.7575
vt 0.7857 0.6132
vn 0.4880 0.5891 -0.6441
f 1807/1807/1807 1808/1808/1808 1809/1809/1809 1810/1810/1810
v -0.2715 0.7233 1.0316
vt 0.8321 0.5966
vn -0.4880 0.5891 0.6441
v -0.2670 0.8097 0.9561
vt 0.8270 0.5984
vn -0.4880 0.5891 0.6441
v -0.3550 0.8097 0.8895
vt 0.8270 0.6132
vn -0.4880 0.5891 0.6441
v -0.4264 0.7233 0.9143
vt 0.8321 0.6150
vn -0.4880 0.5891 0.6441
f 1811/1811/1811 1812/1812/1812 1813/1813/1813 1814/1814/1814
v -0.2670 0.8097 0.9561
vt 0.8270 0.6068
vn 0.0000 1.0000 0.0000
v -0.1670 0.8097 0.8241
vt 0.7857 0.6068
vn 0.0000 1.0000 0.0000
v -0.2550 0.8097 0.7575
vt 0.7857 0.6215
vn 0.0000 1.0000 0.0000
v -0.3550 0.8097 0.8895
vt 0.8270 0.6215
vn 0.0000 1.0000 0.0000
f 1815/1815/1815 1816/1816/1816 1817/1817/1817 1818/1818/1818
v -0.0955 0.7233 0.7993
vt 0.7806 0.5882
vn 0.7169 0.4371 0.5431
v -0.1670 0.8097 0.8241
vt 0.7857 0.5900
vn 0.7169 0.4371 0.5431
v -0.2670 0.8097 0.9561
vt 0.8270 0.5900
vn 0.7169 0.4371 0.5431
v -0.2715 0.7233 1.0316
vt 0.8321 0.5882
vn 0.7169 0.4371 0.5431
f 1819/1819/1819 1820/1820/1820 1821/1821/1821 1822/1822/1822
v -0.4264 0.7233 0.9143
vt 0.8321 0.6317
vn -0.7169 0.4371 -0.5431
v -0.3550 0.8097 0.8895
vt 0.8270 0.6299
vn -0.7169 0.4371 -0.5431
v -0.2550 0.8097 0.7575
vt 0.7857 0.6299
vn -0.7169 0.4371 -0.5431
v -0.2504 0.7233 0.6820
vt 0.7806 0.6317
vn -0.7169 0.4371 -0.5431
f 1823/1823/1823 1824/1824/1824 1825/1825/1825 1826/1826/1826
v -0.7159 0.8097 -0.8285
vt 0.7857 0.5984
vn 0.6555 0.5891 -0.4726
v -0.6403 0.7233 -0.8313
vt 0.7806 0.5966
vn 0.6555 0.5891 -0.4726
v -0.7539 0.7233 -0.9889
vt 0.7806 0.6150
vn 0.6555 0.5891 -0.4726
v -0.7804 0.8097 -0.9181
vt 0.7857 0.6132
vn 0.6555 0.5891 -0.4726
f 1827/1827/1827 1828/1828/1828 1829/1829/1829 1830/1830/1830
v -0.8767 0.7233 -0.6608
vt 0.8321 0.5966
vn -0.6555 0.5891 0.4726
v -0.8502 0.8097 -0.7317
vt 0.8270 0.5984
vn -0.6555 0.5891 0.4726
v -0.9148 0.8097 -0.8212
vt 0.8270 0.6132
vn -0.6555 0.5891 0.4726
v -0.9903 0.7233 -0.8185
vt 0.8321 0.6150
vn -0.6555 0.5891 0.4726
f 1831/1831/1831 1832/1832/1832 1833/1833/1833 1834/1834/1834
v -0.8502 0.8097 -0.7317
vt 0.8270 0.6068
vn 0.0000 1.0000 0.0000
v -0.7159 0.8097 -0.8285
vt 0.7857 0.6068
vn 0.0000 1.0000 0.0000
v -0.7804 0.8097 -0.9181
vt 0.7857 0.6215
vn 0.0000 1.0000 0.0000
v -0.9148 0.8097 -0.8212
vt 0.8270 0.6215
vn 0.0000 1.0000 0.0000
f 1835/1835/1835 1836/1836/1836 1837/1837/1837 1838/1838/1838
v -0.6403 0.7233 -0.8313
vt 0.7806 0.5882
vn 0.5260 0.4371 0.7296
v -0.7159 0.8097 -0.8285
vt 0.7857 0.5900
vn 0.5260 0.4371 0.7296
v -0.8502 0.8097 -0.7317
vt 0.8270 0.5900
vn 0.5260 0.4371 0.7296
v -0.8767 0.7233 -0.6608
vt 0.8321 0.5882
vn 0.5260 0.4371 0.7296
f 1839/1839/1839 1840/1840/1840 1841/1841/1841 1842/1842/1842
v -0.9903 0.7233 -0.8185
vt 0.8321 0.6317
vn -0.5260 0.4371 -0.7296
v -0.9148 0.8097 -0.8212
vt 0.8270 0.6299
vn -0.5260 0.4371 -0.7296
v -0.7804 0.8097 -0.9181
vt 0.7857 0.6299
vn -0.5260 0.4371 -0.7296
v -0.7539 0.7233 -0.9889
vt 0.7806 0.6317
vn -0.5260 0.4371 -0.7296
f 1843/1843/1843 1844/1844/1844 1845/1845/1845 1846/1846/1846
