# Blender 4.5.13 LTS
# www.blender.org
o wicker
v -0.190000 0.000000 -0.200000
v -0.205845 0.000000 -0.269421
v -0.250242 0.000000 -0.325093
v -0.314397 0.000000 -0.355988
v -0.385603 0.000000 -0.355988
v -0.449758 0.000000 -0.325093
v -0.494155 0.000000 -0.269421
v -0.510000 0.000000 -0.200000
v -0.494155 0.000000 -0.130579
v -0.449758 0.000000 -0.074907
v -0.385603 0.000000 -0.044012
v -0.314397 0.000000 -0.044012
v -0.250242 0.000000 -0.074907
v -0.205845 0.000000 -0.130579
v -0.130000 0.050000 -0.200000
v -0.151787 0.050000 -0.295454
v -0.212832 0.050000 -0.372003
v -0.301045 0.050000 -0.414484
v -0.398955 0.050000 -0.414484
v -0.487168 0.050000 -0.372003
v -0.548213 0.050000 -0.295454
v -0.570000 0.050000 -0.200000
v -0.548213 0.050000 -0.104546
v -0.487168 0.050000 -0.027997
v -0.398955 0.050000 0.014484
v -0.301045 0.050000 0.014484
v -0.212832 0.050000 -0.027997
v -0.151787 0.050000 -0.104546
v -0.100000 0.220000 -0.200000
v -0.124758 0.220000 -0.308471
v -0.194128 0.220000 -0.395458
v -0.294370 0.220000 -0.443732
v -0.405630 0.220000 -0.443732
v -0.505872 0.220000 -0.395458
v -0.575242 0.220000 -0.308471
v -0.600000 0.220000 -0.200000
v -0.575242 0.220000 -0.091529
v -0.505872 0.220000 -0.004542
v -0.405630 0.220000 0.043732
v -0.294370 0.220000 0.043732
v -0.194128 0.220000 -0.004542
v -0.124758 0.220000 -0.091529
v -0.120000 0.220000 -0.200000
v -0.142777 0.220000 -0.299793
v -0.206597 0.220000 -0.379821
v -0.298820 0.220000 -0.424233
v -0.401180 0.220000 -0.424233
v -0.493403 0.220000 -0.379821
v -0.557223 0.220000 -0.299793
v -0.580000 0.220000 -0.200000
v -0.557223 0.220000 -0.100207
v -0.493403 0.220000 -0.020179
v -0.401180 0.220000 0.024233
v -0.298820 0.220000 0.024233
v -0.206597 0.220000 -0.020179
v -0.142777 0.220000 -0.100207
v -0.150000 0.050000 -0.200000
v -0.169806 0.050000 -0.286777
v -0.225302 0.050000 -0.356366
v -0.305496 0.050000 -0.394986
v -0.394504 0.050000 -0.394986
v -0.474698 0.050000 -0.356366
v -0.530194 0.050000 -0.286777
v -0.550000 0.050000 -0.200000
v -0.530194 0.050000 -0.113223
v -0.474698 0.050000 -0.043634
v -0.394504 0.050000 -0.005014
v -0.305496 0.050000 -0.005014
v -0.225302 0.050000 -0.043634
v -0.169806 0.050000 -0.113223
v -0.340000 0.040000 -0.200000
v -0.340990 0.040000 -0.204339
v -0.343765 0.040000 -0.207818
v -0.347775 0.040000 -0.209749
v -0.352225 0.040000 -0.209749
v -0.356235 0.040000 -0.207818
v -0.359010 0.040000 -0.204339
v -0.360000 0.040000 -0.200000
v -0.359010 0.040000 -0.195661
v -0.356235 0.040000 -0.192182
v -0.352225 0.040000 -0.190251
v -0.347775 0.040000 -0.190251
v -0.343765 0.040000 -0.192182
v -0.340990 0.040000 -0.195661
v 0.307977 0.250000 -0.049126
v 0.289381 0.318038 -0.039356
v 0.262985 0.372600 -0.001984
v 0.234017 0.402879 0.055587
v 0.208215 0.402879 0.121954
v 0.190689 0.372600 0.183973
v 0.184910 0.318038 0.229361
v 0.192023 0.250000 0.249126
v 0.210619 0.181962 0.239356
v 0.237015 0.127400 0.201984
v 0.265983 0.097121 0.144413
v 0.291785 0.097121 0.078046
v 0.309311 0.127400 0.016027
v 0.315090 0.181962 -0.029361
v 0.375392 0.259933 -0.087292
v 0.349822 0.353485 -0.073857
v 0.313527 0.428508 -0.022471
v 0.273697 0.470142 0.056689
v 0.238218 0.470142 0.147944
v 0.214120 0.428508 0.233220
v 0.206174 0.353485 0.295627
v 0.215954 0.259933 0.322805
v 0.241524 0.166382 0.309371
v 0.277819 0.091359 0.257985
v 0.317649 0.049725 0.178825
v 0.353128 0.049725 0.087570
v 0.377226 0.091359 0.002293
v 0.385172 0.166382 -0.060114
v 0.541551 0.293707 -0.054880
v 0.512494 0.400016 -0.039614
v 0.471250 0.485269 0.018780
v 0.425988 0.532581 0.108734
v 0.385672 0.532581 0.212433
v 0.358287 0.485269 0.309338
v 0.349258 0.400016 0.380255
v 0.360372 0.293707 0.411139
v 0.389428 0.187398 0.395873
v 0.430672 0.102145 0.337480
v 0.475934 0.054834 0.247525
v 0.516251 0.054834 0.143826
v 0.543635 0.102145 0.046921
v 0.552665 0.187398 -0.023996
v 0.534304 0.293707 -0.036239
v 0.507572 0.391511 -0.022194
v 0.469627 0.469944 0.031528
v 0.427986 0.513471 0.114286
v 0.390895 0.513471 0.209689
v 0.365701 0.469944 0.298841
v 0.357394 0.391511 0.364085
v 0.367619 0.293707 0.392499
v 0.394351 0.195903 0.378453
v 0.432295 0.117470 0.324732
v 0.473937 0.073944 0.241974
v 0.511027 0.073944 0.146570
v 0.536221 0.117470 0.057418
v 0.544529 0.195903 -0.007826
v 0.368145 0.259933 -0.068651
v 0.344899 0.344980 -0.056438
v 0.311904 0.413183 -0.009723
v 0.275694 0.451032 0.062240
v 0.243442 0.451032 0.145200
v 0.221534 0.413183 0.222723
v 0.214310 0.344980 0.279457
v 0.223201 0.259933 0.304165
v 0.246447 0.174886 0.291951
v 0.279442 0.106684 0.245237
v 0.315652 0.068835 0.173273
v 0.347904 0.068835 0.090314
v 0.369812 0.106684 0.012790
v 0.377036 0.174886 -0.043944
v 0.290162 0.257947 0.104885
v 0.289000 0.262199 0.105496
v 0.287350 0.265609 0.107831
v 0.285539 0.267502 0.111430
v 0.283927 0.267502 0.115578
v 0.282831 0.265609 0.119454
v 0.282470 0.262199 0.122290
v 0.282915 0.257947 0.123526
v 0.284077 0.253694 0.122915
v 0.285727 0.250284 0.120579
v 0.287537 0.248392 0.116981
v 0.289150 0.248392 0.112833
v 0.290245 0.250284 0.108957
v 0.290607 0.253694 0.106120
v -0.572823 -0.015839 0.433324
v -0.605371 0.028232 0.521488
v -0.660276 0.029459 0.436947
v -0.604784 0.042916 0.365149
v -0.508187 0.047002 0.381650
v -0.508408 0.043635 0.486074
v -0.652016 0.108576 0.486054
v -0.657404 0.114132 0.392106
v -0.564917 0.132399 0.352692
v -0.516392 0.126406 0.438202
v -0.565452 0.117648 0.511156
v -0.596931 0.169839 0.441610
v -0.625205 -0.008324 0.434669
v -0.588952 0.002090 0.478470
v -0.644750 0.017961 0.485379
v -0.554800 0.033887 0.506766
v -0.542108 0.015668 0.458901
v -0.590450 0.008910 0.392488
v -0.637948 0.030325 0.394321
v -0.540065 0.013306 0.407278
v -0.554846 0.035904 0.356285
v -0.499673 0.041404 0.434298
v -0.583248 0.075673 0.540445
v -0.526447 0.084130 0.516195
v -0.681451 0.066036 0.470659
v -0.642195 0.068950 0.519578
v -0.635441 0.076477 0.370557
v -0.663311 0.070951 0.413312
v -0.527993 0.091117 0.355127
v -0.587173 0.084087 0.340461
v -0.504123 0.089409 0.462855
v -0.508786 0.091103 0.411316
v -0.613269 0.120592 0.512456
v -0.675727 0.120791 0.441092
v -0.617245 0.128404 0.365000
v -0.529538 0.138121 0.392841
v -0.539345 0.123300 0.475328
v -0.633061 0.150522 0.469665
v -0.579485 0.159272 0.487906
v -0.634109 0.152804 0.413496
v -0.581254 0.164814 0.393110
v -0.554191 0.148722 0.439883
v -0.061322 -0.007607 -0.220625
v -0.140750 0.029608 -0.258283
v -0.060396 0.026959 -0.306269
v 0.005725 0.044475 -0.250903
v -0.023046 0.058311 -0.169821
v -0.116001 0.049785 -0.166613
v -0.111578 0.102614 -0.310955
v -0.020893 0.107707 -0.305215
v -0.000888 0.124387 -0.221854
v -0.072902 0.137666 -0.165687
v -0.140166 0.116345 -0.226649
v -0.071361 0.166008 -0.256870
v -0.060683 0.007940 -0.265112
v -0.100924 0.009998 -0.239224
v -0.104930 0.019252 -0.290747
v -0.134429 0.035750 -0.210123
v -0.090559 0.014162 -0.189220
v -0.021151 0.012203 -0.236205
v -0.013821 0.022089 -0.290067
v -0.037321 0.017061 -0.186766
v 0.008696 0.042797 -0.202939
v -0.067547 0.048430 -0.152335
v -0.155959 0.074123 -0.242255
v -0.147960 0.086384 -0.185742
v -0.090514 0.060420 -0.326021
v -0.139364 0.063924 -0.295708
v 0.013871 0.073719 -0.291232
v -0.034784 0.064770 -0.320623
v -0.004909 0.093543 -0.191068
v 0.030897 0.086383 -0.235286
v -0.101113 0.096735 -0.149136
v -0.041724 0.100017 -0.149864
v -0.145404 0.119151 -0.276774
v -0.065207 0.112183 -0.327175
v 0.000137 0.123264 -0.267065
v -0.026537 0.142811 -0.185322
v -0.113117 0.131479 -0.193442
v -0.095387 0.142792 -0.290941
v -0.112314 0.148830 -0.241666
v -0.042654 0.144647 -0.287710
v -0.029939 0.153882 -0.238588
v -0.072822 0.161272 -0.209367
v -0.310213 -0.001614 -0.228838
v -0.255589 0.033524 -0.302090
v -0.231204 0.037314 -0.202829
v -0.310105 0.035733 -0.140288
v -0.383718 0.042395 -0.205230
v -0.353897 0.042639 -0.290933
v -0.233039 0.117930 -0.252631
v -0.258223 0.121730 -0.159462
v -0.357692 0.122868 -0.161255
v -0.390168 0.124871 -0.256159
v -0.307423 0.120357 -0.309549
v -0.307242 0.158902 -0.228819
v -0.260729 -0.005379 -0.212379
v -0.281651 0.001753 -0.267520
v -0.227949 0.025488 -0.254803
v -0.309134 0.024877 -0.318039
v -0.338834 0.000919 -0.268842
v -0.310415 0.004147 -0.181951
v -0.265403 0.032308 -0.167182
v -0.357299 0.000879 -0.213869
v -0.355567 0.032932 -0.166410
v -0.384801 0.032425 -0.253820
v -0.277649 0.079437 -0.322316
v -0.339370 0.080579 -0.325393
v -0.209850 0.078171 -0.228177
v -0.229757 0.078546 -0.285404
v -0.276898 0.079399 -0.128684
v -0.235239 0.078634 -0.174701
v -0.385727 0.081419 -0.173629
v -0.341893 0.080602 -0.128907
v -0.382530 0.081373 -0.283223
v -0.396348 0.081622 -0.229406
v -0.264989 0.123903 -0.287050
v -0.230717 0.128755 -0.203217
v -0.308335 0.126852 -0.153005
v -0.385972 0.132160 -0.203975
v -0.347533 0.122770 -0.284112
v -0.262304 0.155542 -0.243111
v -0.307063 0.152609 -0.273701
v -0.283064 0.147288 -0.194781
v -0.337449 0.163150 -0.187713
v -0.353573 0.159857 -0.244214
v -0.003481 -0.002781 -0.449524
v -0.036587 0.041333 -0.384323
v -0.080255 0.037576 -0.457331
v -0.023640 0.037045 -0.533377
v 0.070985 0.042292 -0.492668
v 0.054717 0.042229 -0.392228
v -0.075671 0.110602 -0.412139
v -0.073488 0.117089 -0.503191
v 0.020828 0.124741 -0.522145
v 0.062856 0.123957 -0.438771
v 0.003755 0.123128 -0.362711
v -0.016927 0.168753 -0.446812
v -0.051309 -0.000801 -0.454962
v -0.022677 0.006764 -0.409237
v -0.071745 0.027872 -0.412007
v 0.006956 0.037608 -0.381434
v 0.029136 0.008846 -0.418604
v -0.013491 0.000309 -0.497909
v -0.059218 0.032408 -0.497533
v 0.035027 0.010464 -0.471551
v 0.027753 0.033593 -0.523107
v 0.077321 0.034596 -0.439327
v -0.020693 0.077682 -0.354748
v 0.030136 0.082016 -0.376888
v -0.090841 0.073403 -0.431906
v -0.064857 0.074751 -0.388341
v -0.050979 0.077938 -0.521150
v -0.095516 0.073916 -0.487536
v 0.054429 0.086159 -0.518467
v 0.000190 0.082197 -0.536783
v 0.067734 0.085526 -0.412500
v 0.080433 0.087375 -0.466447
v -0.047554 0.126236 -0.373599
v -0.085187 0.119123 -0.455875
v -0.027379 0.123603 -0.516905
v 0.049407 0.130104 -0.483019
v 0.038832 0.127162 -0.399344
v -0.061010 0.158875 -0.421746
v -0.006851 0.150588 -0.404198
v -0.051419 0.155416 -0.479601
v 0.001904 0.148437 -0.484640
v 0.030212 0.158539 -0.441658
v -0.090192 -0.011874 0.467714
v -0.011327 0.032502 0.428608
v -0.036369 0.040390 0.515504
v -0.113533 0.046106 0.532039
v -0.167181 0.047021 0.460000
v -0.097177 0.050803 0.404669
v 0.011345 0.115716 0.484547
v -0.062649 0.115008 0.552257
v -0.153259 0.128606 0.515968
v -0.139475 0.130931 0.415569
v -0.040400 0.123429 0.394580
v -0.072977 0.169577 0.475753
v -0.058036 0.010193 0.496668
v -0.052150 0.011900 0.449079
v -0.016413 0.030040 0.478296
v -0.058309 0.040969 0.412523
v -0.097797 0.005689 0.421300
v -0.106330 0.010539 0.507816
v -0.073207 0.036685 0.532868
v -0.139898 0.002636 0.461971
v -0.156823 0.035174 0.508912
v -0.138143 0.042757 0.420686
v -0.020772 0.077131 0.406555
v -0.070816 0.082767 0.386512
v -0.009287 0.071657 0.505498
v -0.000311 0.073006 0.455839
v -0.092830 0.077053 0.562613
v -0.044818 0.073570 0.538416
v -0.175532 0.088105 0.490263
v -0.146340 0.083066 0.541485
v -0.123720 0.087410 0.394999
v -0.160154 0.089093 0.435040
v -0.001263 0.127720 0.432260
v -0.017715 0.121904 0.529279
v -0.108882 0.126176 0.541895
v -0.161324 0.141314 0.463793
v -0.091438 0.132193 0.398182
v -0.026797 0.152406 0.480969
v -0.054857 0.154389 0.433197
v -0.065719 0.151738 0.520521
v -0.121240 0.172344 0.502573
v -0.111786 0.170271 0.439607
v -0.512753 -0.002706 0.135953
v -0.457290 0.036098 0.068726
v -0.445817 0.043713 0.161994
v -0.517004 0.040618 0.214605
v -0.589813 0.040620 0.156206
v -0.557146 0.038940 0.066152
v -0.437659 0.117697 0.116644
v -0.471991 0.116515 0.198104
v -0.563431 0.121155 0.199051
v -0.579165 0.116743 0.109665
v -0.506357 0.125672 0.044825
v -0.511306 0.173587 0.136038
v -0.469511 0.004622 0.152838
v -0.481106 -0.000955 0.097380
v -0.438012 0.031838 0.116510
v -0.507545 0.027598 0.051323
v -0.537791 0.004942 0.096779
v -0.515170 0.010201 0.179025
v -0.471815 0.033075 0.199407
v -0.556669 0.006786 0.147455
v -0.563140 0.031008 0.197750
v -0.583196 0.033653 0.108315
v -0.477292 0.079757 0.047020
v -0.537311 0.080254 0.039427
v -0.421240 0.079252 0.141315
v -0.431465 0.079363 0.084346
v -0.490761 0.079786 0.217546
v -0.440308 0.079383 0.194846
v -0.578901 0.080528 0.178810
v -0.543566 0.080220 0.216548
v -0.578672 0.080573 0.081379
v -0.600661 0.080730 0.130803
v -0.457855 0.132018 0.070422
v -0.444300 0.124165 0.162368
v -0.515513 0.119787 0.200280
v -0.584177 0.126888 0.154960
v -0.556300 0.131549 0.066331
v -0.463411 0.159894 0.123485
v -0.508290 0.165311 0.083398
v -0.488039 0.150150 0.172643
v -0.540373 0.153975 0.171277
v -0.557881 0.161122 0.117865
v 0.224044 -0.014946 -0.421339
v 0.159004 0.029073 -0.492547
v 0.266462 0.030001 -0.502872
v 0.295774 0.044006 -0.412588
v 0.234662 0.048670 -0.354056
v 0.144969 0.039305 -0.386133
v 0.214566 0.114980 -0.509787
v 0.296872 0.116386 -0.464743
v 0.278583 0.121115 -0.375230
v 0.189188 0.123562 -0.362086
v 0.155528 0.115501 -0.442477
v 0.226070 0.156440 -0.432705
v 0.247003 -0.001145 -0.465004
v 0.189053 -0.003811 -0.458661
v 0.213564 0.025548 -0.503445
v 0.142867 0.028829 -0.438803
v 0.183021 0.007733 -0.402744
v 0.273105 -0.000164 -0.413606
v 0.294402 0.029075 -0.458253
v 0.230638 0.008487 -0.377109
v 0.279307 0.034470 -0.367663
v 0.193979 0.043938 -0.367556
v 0.143326 0.078073 -0.471275
v 0.140226 0.081781 -0.415916
v 0.240877 0.073968 -0.515781
v 0.183660 0.074835 -0.512904
v 0.301672 0.078396 -0.438191
v 0.286722 0.075353 -0.486732
v 0.256947 0.083954 -0.362348
v 0.292730 0.081591 -0.391610
v 0.155186 0.085283 -0.360451
v 0.210988 0.085443 -0.348086
v 0.181506 0.116718 -0.476001
v 0.264901 0.125944 -0.504180
v 0.298747 0.125749 -0.417652
v 0.236983 0.135454 -0.350431
v 0.162006 0.126457 -0.399704
v 0.220485 0.141197 -0.470874
v 0.184358 0.148241 -0.439579
v 0.271476 0.159407 -0.454987
v 0.257992 0.156181 -0.399435
v 0.201778 0.166915 -0.387610
v 0.548802 -0.002535 0.477831
v 0.553605 0.012968 0.439780
v 0.585175 0.011237 0.466621
v 0.571263 0.018380 0.503739
v 0.531570 0.025003 0.501980
v 0.518376 0.021588 0.462354
v 0.579381 0.044959 0.444927
v 0.590425 0.047604 0.483781
v 0.557476 0.057507 0.507744
v 0.524244 0.060063 0.480550
v 0.538387 0.053087 0.440381
v 0.562732 0.075293 0.468643
v 0.695050 -0.005202 0.448263
v 0.694063 0.012204 0.409070
v 0.731127 0.008272 0.428679
v 0.724963 0.017568 0.469709
v 0.683371 0.026812 0.475580
v 0.664783 0.023450 0.437088
v 0.721875 0.042704 0.407126
v 0.741167 0.046409 0.443494
v 0.712473 0.058088 0.471952
v 0.676725 0.060356 0.451345
v 0.681024 0.052777 0.410330
v 0.710870 0.072743 0.432845
v 0.845201 -0.003364 -0.021365
v 0.847864 0.016230 -0.057919
v 0.880078 0.016256 -0.030620
v 0.864703 0.017372 0.008031
v 0.822577 0.017810 0.006445
v 0.813893 0.018493 -0.034202
v 0.868794 0.051513 -0.049268
v 0.881044 0.052856 -0.008739
v 0.844396 0.054197 0.014795
v 0.811185 0.054317 -0.013057
v 0.826639 0.053538 -0.053521
v 0.847145 0.075292 -0.022607
v 0.410519 -0.002363 -0.152103
v 0.441764 0.014007 -0.132383
v 0.404827 0.010114 -0.112700
v 0.375777 0.017497 -0.142981
v 0.396044 0.024626 -0.178003
v 0.436718 0.021592 -0.172773
v 0.428677 0.046380 -0.108184
v 0.385757 0.048801 -0.115820
v 0.381101 0.056235 -0.157175
v 0.418192 0.059176 -0.175803
v 0.447035 0.052308 -0.146416
v 0.412716 0.073169 -0.137153
v 0.320138 -0.003738 -0.227185
v 0.311759 0.017042 -0.261639
v 0.350876 0.016437 -0.246589
v 0.348630 0.016569 -0.203787
v 0.307624 0.018440 -0.195760
v 0.283782 0.017019 -0.229926
v 0.333527 0.051669 -0.259765
v 0.357172 0.052926 -0.225396
v 0.329000 0.052329 -0.194867
v 0.290845 0.053163 -0.209134
v 0.292101 0.053651 -0.251813
v 0.320956 0.076493 -0.228163
v 0.808223 -0.005470 0.513302
v 0.829545 0.012307 0.546426
v 0.786905 0.008853 0.548354
v 0.772350 0.017710 0.509439
v 0.804792 0.026147 0.485482
v 0.839138 0.023000 0.507172
v 0.806444 0.044643 0.563782
v 0.771662 0.047131 0.538919
v 0.783077 0.056314 0.500919
v 0.824448 0.061410 0.497310
v 0.839260 0.052521 0.536660
v 0.803104 0.072991 0.532026
v 0.235572 -0.003773 0.644679
v 0.254893 0.014630 0.675578
v 0.213237 0.010646 0.677776
v 0.200165 0.017316 0.637525
v 0.233927 0.022898 0.611478
v 0.268323 0.021054 0.637153
v 0.233083 0.047055 0.690923
v 0.198375 0.049070 0.665529
v 0.211146 0.056294 0.625877
v 0.253993 0.059621 0.624490
v 0.266244 0.052366 0.664784
v 0.231304 0.076258 0.658300
v -0.100626 -0.004319 0.162967
v -0.099283 0.014856 0.125642
v -0.064488 0.013286 0.150153
v -0.076562 0.016377 0.191745
v -0.119397 0.020760 0.190667
v -0.133779 0.018999 0.150592
v -0.074454 0.049739 0.129292
v -0.062648 0.050210 0.169934
v -0.095314 0.055422 0.195855
v -0.128071 0.055348 0.170211
v -0.116224 0.051973 0.132038
v -0.093973 0.074622 0.158030
v 0.804646 -0.006151 -0.136373
v 0.781364 0.012837 -0.167915
v 0.824094 0.010170 -0.171809
v 0.840197 0.017677 -0.133416
v 0.809303 0.023991 -0.105316
v 0.773818 0.021974 -0.127624
v 0.803559 0.046135 -0.184115
v 0.840188 0.048469 -0.161932
v 0.830346 0.056116 -0.122173
v 0.789696 0.058571 -0.118558
v 0.772668 0.052339 -0.155576
v 0.808138 0.073602 -0.152106
v -0.162701 -0.004401 0.374305
v -0.128087 0.016587 0.361824
v -0.140229 0.016670 0.403210
v -0.182158 0.017654 0.403028
v -0.196143 0.017614 0.364628
v -0.163835 0.017216 0.338728
v -0.128523 0.052737 0.384218
v -0.161476 0.053237 0.410830
v -0.196920 0.053235 0.386706
v -0.184911 0.053166 0.345699
v -0.143212 0.052320 0.345666
v -0.162638 0.076988 0.374347
v 0.745376 -0.003760 0.037288
v 0.722055 0.017681 0.011815
v 0.763576 0.016362 0.004969
v 0.781004 0.016834 0.044409
v 0.749547 0.016988 0.073250
v 0.713085 0.017313 0.051990
v 0.741418 0.052330 0.002419
v 0.776529 0.052034 0.022859
v 0.770711 0.053771 0.064610
v 0.727328 0.053539 0.069161
v 0.709461 0.053341 0.029822
v 0.745431 0.073313 0.037015
v -0.085076 -0.002187 0.077713
v -0.068574 0.011412 0.113964
v -0.110821 0.008833 0.108012
v -0.119683 0.017888 0.068148
v -0.083769 0.026501 0.047159
v -0.051587 0.022975 0.075785
v -0.094521 0.043150 0.125196
v -0.124229 0.046163 0.097399
v -0.108297 0.056714 0.062165
v -0.067275 0.061675 0.065567
v -0.058977 0.052030 0.105749
v -0.093585 0.073487 0.096598
v 0.437254 -0.004055 0.061944
v 0.403052 0.012287 0.082067
v 0.405318 0.010754 0.039337
v 0.445052 0.017052 0.025854
v 0.466753 0.024783 0.060831
v 0.442578 0.022236 0.093301
v 0.389688 0.045966 0.057658
v 0.415674 0.048662 0.022911
v 0.454386 0.056235 0.038017
v 0.453844 0.059244 0.079262
v 0.414090 0.052975 0.092798
v 0.422211 0.072530 0.056760
v 0.845008 -0.004928 -0.298473
v 0.878736 0.017300 -0.291258
v 0.849480 0.016857 -0.263975
v 0.811587 0.016401 -0.282074
v 0.819837 0.017560 -0.325130
v 0.863063 0.017484 -0.329743
v 0.870710 0.052000 -0.269987
v 0.828669 0.051978 -0.265669
v 0.811435 0.053247 -0.303338
v 0.841425 0.054504 -0.332930
v 0.879239 0.053397 -0.312175
v 0.846164 0.073307 -0.295991
v -0.490795 0.021943 0.414910
v -0.688157 0.037391 0.435052
v -0.504070 0.023685 0.258799
v -0.310027 0.055859 0.294353
v -0.346376 0.081022 0.496076
v -0.617434 0.069707 0.589639
v -0.652235 0.118806 0.304793
v -0.397447 0.126454 0.234392
v -0.314226 0.161816 0.365392
v -0.495672 0.181153 0.550154
v -0.726259 0.152572 0.525826
v -0.512411 0.205238 0.379899
v -0.496374 0.004548 0.327285
v -0.609975 0.011004 0.431226
v -0.608815 0.022846 0.342730
v -0.673459 0.046930 0.521097
v -0.555320 0.032325 0.509104
v -0.381096 0.021943 0.347180
v -0.369784 0.018452 0.232342
v -0.409623 0.040561 0.462266
v -0.282965 0.059099 0.382752
v -0.484212 0.073221 0.555675
v -0.741426 0.088755 0.490190
v -0.682483 0.110869 0.569569
v -0.583972 0.064119 0.263994
v -0.712094 0.069065 0.368996
v -0.305763 0.088431 0.219509
v -0.440779 0.072780 0.220930
v -0.308958 0.127864 0.427926
v -0.252840 0.111512 0.307668
v -0.563717 0.129287 0.592664
v -0.414783 0.136414 0.538023
v -0.685050 0.134873 0.414706
v -0.515345 0.126028 0.248689
v -0.317780 0.155750 0.272787
v -0.369490 0.192536 0.468689
v -0.630221 0.181551 0.567665
v -0.582160 0.167188 0.341830
v -0.626977 0.189963 0.454663
v -0.445022 0.175129 0.288657
v -0.390994 0.200708 0.366488
v -0.505070 0.211533 0.475041
v 0.048401 0.005000 -0.017914
v 0.048401 0.015000 -0.017914
v -0.185250 0.005000 -0.570551
v -0.185250 0.015000 -0.570551
v 0.785250 0.005000 -0.329449
v 0.785250 0.015000 -0.329449
v 0.551599 0.005000 -0.882086
v 0.551599 0.015000 -0.882086
vn 0.6335 -0.7601 -0.1446
vn 0.5080 -0.7601 -0.4051
vn 0.2819 -0.7601 -0.5854
vn -0.0000 -0.7601 -0.6497
vn -0.2819 -0.7601 -0.5854
vn -0.5080 -0.7601 -0.4051
vn -0.6335 -0.7601 -0.1446
vn -0.6335 -0.7601 0.1446
vn -0.5080 -0.7601 0.4051
vn -0.2819 -0.7601 0.5854
vn -0.0000 -0.7601 0.6497
vn 0.2819 -0.7601 0.5854
vn 0.5080 -0.7601 0.4051
vn 0.6335 -0.7601 0.1446
vn 0.9608 -0.1696 -0.2193
vn 0.7705 -0.1696 -0.6145
vn 0.4276 -0.1696 -0.8879
vn -0.0000 -0.1696 -0.9855
vn -0.4276 -0.1696 -0.8879
vn -0.7705 -0.1696 -0.6145
vn -0.9608 -0.1696 -0.2193
vn -0.9608 -0.1696 0.2193
vn -0.7705 -0.1696 0.6145
vn -0.4276 -0.1696 0.8879
vn -0.0000 -0.1696 0.9855
vn 0.4276 -0.1696 0.8879
vn 0.7705 -0.1696 0.6145
vn 0.9608 -0.1696 0.2193
vn -0.0000 1.0000 -0.0000
vn -0.9608 0.1696 0.2193
vn -0.7705 0.1696 0.6145
vn -0.4276 0.1696 0.8879
vn -0.0000 0.1696 0.9855
vn 0.4276 0.1696 0.8879
vn 0.7705 0.1696 0.6145
vn 0.9608 0.1696 0.2193
vn 0.9608 0.1696 -0.2193
vn 0.7705 0.1696 -0.6145
vn 0.4276 0.1696 -0.8879
vn -0.0000 0.1696 -0.9855
vn -0.4276 0.1696 -0.8879
vn -0.7705 0.1696 -0.6145
vn -0.9608 0.1696 -0.2193
vn -0.0526 0.9985 0.0120
vn -0.0421 0.9985 0.0336
vn -0.0234 0.9985 0.0486
vn -0.0000 0.9985 0.0539
vn 0.0234 0.9985 0.0486
vn 0.0421 0.9985 0.0336
vn 0.0526 0.9985 0.0120
vn 0.0526 0.9985 -0.0120
vn 0.0421 0.9985 -0.0336
vn 0.0234 0.9985 -0.0486
vn -0.0000 0.9985 -0.0539
vn -0.0234 0.9985 -0.0486
vn -0.0421 0.9985 -0.0336
vn -0.0526 0.9985 -0.0120
vn -0.0000 -1.0000 -0.0000
vn -0.4916 -0.0093 -0.8708
vn -0.5853 0.2460 -0.7726
vn -0.7006 0.4227 -0.5749
vn -0.8147 0.4858 -0.3167
vn -0.9049 0.4227 -0.0493
vn -0.9535 0.2460 0.1744
vn -0.9507 -0.0093 0.3100
vn -0.8971 -0.2927 0.3309
vn -0.8034 -0.5481 0.2327
vn -0.6881 -0.7248 0.0349
vn -0.5741 -0.7878 -0.2232
vn -0.4838 -0.7248 -0.4906
vn -0.4353 -0.5481 -0.7143
vn -0.4381 -0.2927 -0.8500
vn 0.1527 0.1812 -0.9715
vn 0.0105 0.5685 -0.8226
vn -0.1644 0.8365 -0.5227
vn -0.3374 0.9322 -0.1312
vn -0.4742 0.8365 0.2744
vn -0.5479 0.5685 0.6137
vn -0.5436 0.1812 0.8195
vn -0.4624 -0.2486 0.8511
vn -0.3203 -0.6359 0.7022
vn -0.1454 -0.9039 0.4022
vn 0.0276 -0.9996 0.0107
vn 0.1645 -0.9039 -0.3948
vn 0.2381 -0.6359 -0.7341
vn 0.2339 -0.2486 -0.9399
vn 0.9135 0.1987 0.3551
vn -0.1527 -0.1812 0.9715
vn -0.0105 -0.5685 0.8226
vn 0.1644 -0.8365 0.5227
vn 0.3374 -0.9322 0.1312
vn 0.4742 -0.8365 -0.2744
vn 0.5479 -0.5685 -0.6137
vn 0.5436 -0.1812 -0.8195
vn 0.4624 0.2486 -0.8511
vn 0.3203 0.6359 -0.7022
vn 0.1454 0.9039 -0.4022
vn -0.0276 0.9996 -0.0107
vn -0.1645 0.9039 0.3948
vn -0.2381 0.6359 0.7341
vn -0.2339 0.2486 0.9399
vn 0.8953 0.1866 0.4045
vn 0.9031 0.1654 0.3963
vn 0.9126 0.1508 0.3799
vn 0.9221 0.1455 0.3585
vn 0.9296 0.1508 0.3363
vn 0.9336 0.1654 0.3178
vn 0.9334 0.1866 0.3065
vn 0.9290 0.2101 0.3048
vn 0.9212 0.2313 0.3129
vn 0.9116 0.2460 0.3293
vn 0.9022 0.2512 0.3507
vn 0.8947 0.2460 0.3729
vn 0.8906 0.2313 0.3915
vn 0.8909 0.2101 0.4027
vn -0.9135 -0.1987 -0.3551
vn 0.2404 -0.9695 -0.0482
vn 0.0951 -0.8850 0.4557
vn -0.4195 -0.9009 -0.1114
vn -0.1144 -0.6135 0.7814
vn 0.3771 -0.6376 0.6717
vn -0.0993 -0.7969 -0.5959
vn 0.4828 -0.8325 -0.2717
vn 0.5097 -0.8193 0.2625
vn 0.0733 0.0345 0.9967
vn -0.8362 -0.5139 -0.1914
vn -0.5770 -0.6939 0.4308
vn -0.9629 -0.1180 0.2428
vn -0.3611 -0.4975 -0.7888
vn -0.6191 -0.5170 -0.5911
vn -0.6464 -0.1414 -0.7498
vn 0.8194 -0.3379 -0.4631
vn 0.1928 -0.5728 -0.7967
vn 0.6412 0.1372 -0.7550
vn 0.7726 -0.4458 0.4521
vn 0.9099 -0.4146 -0.0123
vn 0.9302 0.2963 0.2169
vn -0.5940 -0.0077 0.8044
vn -0.8882 -0.1788 -0.4232
vn -0.1675 -0.0454 -0.9848
vn 0.9553 0.2277 -0.1887
vn 0.6436 0.1854 0.7426
vn -0.6887 0.4262 0.5865
vn -0.3069 0.5255 0.7935
vn -0.5135 0.7686 0.3814
vn -0.7886 0.2620 -0.5562
vn -0.9072 0.4207 0.0083
vn -0.5201 0.8138 -0.2593
vn 0.1780 0.5563 -0.8117
vn -0.4465 0.4787 -0.7560
vn 0.0770 0.9383 -0.3371
vn 0.7832 0.6070 0.1350
vn 0.6954 0.6647 -0.2733
vn 0.5150 0.8470 0.1317
vn 0.3305 0.5739 0.7493
vn 0.6367 0.6528 0.4105
vn 0.2190 0.8293 0.5140
vn -0.0229 0.9983 0.0542
vn 0.0318 -0.9947 0.0978
vn -0.3869 -0.9220 -0.0179
vn 0.0321 -0.9532 -0.3006
vn -0.7563 -0.6405 -0.1333
vn -0.7326 -0.6170 0.2873
vn 0.5373 -0.8434 -0.0060
vn 0.3530 -0.7354 0.5784
vn -0.3045 -0.8126 0.4970
vn -0.9983 -0.0583 -0.0008
vn 0.0550 -0.7013 -0.7108
vn -0.3387 -0.7927 -0.5068
vn -0.2393 -0.2463 -0.9392
vn 0.8302 -0.5491 -0.0966
vn 0.5185 -0.7145 -0.4697
vn 0.8298 -0.0449 -0.5562
vn 0.5839 -0.2347 0.7772
vn 0.7997 -0.4386 0.4100
vn 0.7756 0.1893 0.6021
vn -0.5229 -0.4466 0.7260
vn 0.0527 -0.4249 0.9037
vn -0.3670 0.2093 0.9064
vn -0.7659 -0.1873 -0.6150
vn 0.3414 -0.1697 -0.9245
vn 0.9885 0.1094 0.1041
vn 0.3889 0.1694 0.9056
vn -0.8719 0.1127 0.4765
vn -0.4880 0.2969 -0.8208
vn -0.8078 0.4771 -0.3460
vn -0.3056 0.7684 -0.5623
vn 0.5386 0.4037 -0.7395
vn 0.0430 0.3919 -0.9190
vn 0.3306 0.7806 -0.5304
vn 0.7786 0.5862 0.2241
vn 0.7177 0.6246 -0.3079
vn 0.4867 0.8731 -0.0282
vn -0.1208 0.6954 0.7084
vn 0.5371 0.6853 0.4918
vn -0.1140 0.9535 0.2791
vn -0.8258 0.5370 0.1722
vn -0.5814 0.6944 0.4239
vn -0.5504 0.8343 0.0309
vn -0.0438 0.9790 -0.1990
vn -0.0423 -0.9991 0.0067
vn 0.2070 -0.9251 -0.3183
vn 0.3888 -0.8987 0.2030
vn 0.5399 -0.4790 -0.6921
vn -0.0837 -0.5771 -0.8124
vn -0.0328 -0.8861 0.4623
vn -0.4757 -0.8613 0.1785
vn -0.3274 -0.8717 -0.3645
vn 0.3484 0.1414 -0.9266
vn 0.8123 -0.4328 0.3909
vn 0.7963 -0.5613 -0.2256
vn 0.9988 0.0294 0.0381
vn -0.0020 -0.5974 0.8019
vn 0.5125 -0.5643 0.6473
vn 0.3796 0.0100 0.9251
vn -0.8762 -0.4071 0.2578
vn -0.5560 -0.5778 0.5975
vn -0.8667 -0.0402 0.4972
vn -0.6151 -0.4412 -0.6535
vn -0.8352 -0.4756 -0.2759
vn -0.8041 0.0211 -0.5942
vn 0.8075 0.1274 -0.5760
vn 0.8172 -0.0611 0.5731
vn -0.3730 0.0397 0.9270
vn -0.9988 -0.0484 -0.0006
vn -0.4071 0.0982 -0.9081
vn 0.7896 0.5144 -0.3346
vn 0.4874 0.5972 -0.6371
vn 0.4250 0.8921 -0.1532
vn 0.4965 0.5741 0.6510
vn 0.7639 0.5930 0.2546
vn 0.2752 0.8933 0.3554
vn -0.4992 0.5011 0.7069
vn 0.0472 0.6509 0.7577
vn -0.1507 0.9081 0.3908
vn -0.8135 0.4438 -0.3759
vn -0.8226 0.5104 0.2508
vn -0.3556 0.8952 -0.2685
vn -0.0106 0.6079 -0.7939
vn -0.4342 0.5894 -0.6812
vn 0.0062 0.8628 -0.5055
vn 0.1180 0.9930 -0.0005
vn 0.1187 -0.9910 0.0615
vn -0.1128 -0.8421 0.5274
vn -0.4720 -0.8804 -0.0471
vn -0.3236 -0.5228 0.7886
vn 0.1452 -0.5489 0.8232
vn -0.0503 -0.8941 -0.4451
vn 0.4316 -0.8816 -0.1909
vn 0.3272 -0.8746 0.3578
vn -0.1197 -0.1900 0.9745
vn -0.8592 -0.5037 -0.0904
vn -0.7018 -0.5413 0.4631
vn -0.9622 -0.0554 0.2666
vn -0.2525 -0.3867 -0.8870
vn -0.6416 -0.5364 -0.5483
vn -0.4765 0.0058 -0.8791
vn 0.7939 -0.4176 -0.4419
vn 0.3765 -0.5045 -0.7770
vn 0.6522 0.1554 -0.7419
vn 0.5997 -0.3649 0.7122
vn 0.8635 -0.4837 0.1426
vn 0.8571 0.1784 0.4833
vn -0.7246 -0.1139 0.6797
vn -0.9147 -0.1183 -0.3865
vn 0.0217 0.1057 -0.9942
vn 0.9678 0.2157 -0.1299
vn 0.5339 -0.0017 0.8455
vn -0.8818 0.2271 0.4133
vn -0.4781 0.4579 0.7495
vn -0.5493 0.7879 0.2784
vn -0.6490 0.4099 -0.6409
vn -0.9154 0.4025 -0.0074
vn -0.3844 0.8227 -0.4189
vn 0.2571 0.6047 -0.7538
vn -0.1847 0.5403 -0.8210
vn 0.1627 0.8640 -0.4764
vn 0.8309 0.5356 0.1511
vn 0.6459 0.6718 -0.3626
vn 0.4564 0.8880 0.0566
vn 0.2682 0.4771 0.8369
vn 0.6198 0.5485 0.5613
vn 0.1304 0.8648 0.4848
vn 0.0421 0.9986 -0.0327
vn 0.0879 -0.9951 0.0451
vn 0.4085 -0.8692 -0.2786
vn 0.3760 -0.8342 0.4033
vn 0.6760 -0.5780 -0.4571
vn 0.2102 -0.5409 -0.8144
vn -0.1523 -0.7815 0.6051
vn -0.5829 -0.8059 -0.1034
vn -0.0452 -0.7184 -0.6942
vn 0.6282 -0.1757 -0.7579
vn 0.5525 -0.5303 0.6431
vn 0.7376 -0.6388 0.2187
vn 0.8205 -0.3037 0.4842
vn -0.2528 -0.5628 0.7870
vn 0.1738 -0.6108 0.7725
vn -0.0387 -0.1818 0.9826
vn -0.9175 -0.3188 -0.2378
vn -0.6924 -0.5270 0.4928
vn -0.9885 0.0381 0.1464
vn -0.1173 -0.4020 -0.9081
vn -0.5904 -0.3791 -0.7126
vn -0.4348 -0.0621 -0.8984
vn 0.9726 -0.2054 -0.1091
vn 0.5092 -0.2742 0.8158
vn -0.6006 -0.0536 0.7977
vn -0.8704 0.0107 -0.4922
vn 0.0635 -0.1706 -0.9833
vn 0.9584 0.2232 0.1779
vn 0.7995 0.4435 -0.4051
vn 0.4995 0.8586 0.1153
vn 0.2293 0.3195 0.9194
vn 0.6371 0.3402 0.6916
vn 0.2087 0.7913 0.5747
vn -0.7180 0.4379 0.5411
vn -0.2269 0.4881 0.8428
vn -0.2895 0.8826 0.3704
vn -0.6087 0.4158 -0.6757
vn -0.8397 0.5264 -0.1333
vn -0.1964 0.8993 -0.3907
vn 0.3464 0.4170 -0.8403
vn -0.0935 0.5160 -0.8515
vn 0.2825 0.8698 -0.4044
vn 0.2414 0.9695 0.0424
vn -0.0543 -0.9942 0.0928
vn 0.2906 -0.9109 -0.2931
vn 0.4641 -0.8456 0.2638
vn 0.6078 -0.4580 -0.6487
vn 0.0115 -0.5705 -0.8212
vn -0.0180 -0.8792 0.4762
vn -0.4456 -0.8864 0.1252
vn -0.3258 -0.8855 -0.3314
vn 0.3968 -0.0260 -0.9176
vn 0.8103 -0.4881 0.3244
vn 0.8367 -0.5423 -0.0764
vn 0.9939 -0.0120 0.1100
vn -0.0070 -0.4468 0.8946
vn 0.4539 -0.5585 0.6942
vn 0.1998 0.0991 0.9748
vn -0.8885 -0.3893 0.2431
vn -0.5474 -0.5101 0.6634
vn -0.8456 0.0257 0.5332
vn -0.5865 -0.4605 -0.6663
vn -0.8035 -0.5183 -0.2929
vn -0.8435 0.0315 -0.5362
vn 0.8846 0.0082 -0.4663
vn 0.7606 -0.0049 0.6492
vn -0.3353 0.0821 0.9385
vn -0.9970 0.0639 -0.0431
vn -0.3328 -0.0308 -0.9425
vn 0.8943 0.4350 -0.1054
vn 0.6307 0.5041 -0.5900
vn 0.5833 0.8122 0.0071
vn 0.3649 0.5173 0.7741
vn 0.7604 0.5482 0.3483
vn 0.2730 0.7684 0.5788
vn -0.5234 0.4267 0.7376
vn 0.0268 0.5298 0.8477
vn -0.2585 0.8146 0.5193
vn -0.8774 0.3824 -0.2898
vn -0.8559 0.4732 0.2087
vn -0.5829 0.8045 -0.1138
vn 0.0577 0.4276 -0.9021
vn -0.6061 0.4864 -0.6294
vn 0.0260 0.8849 -0.4651
vn 0.0201 0.9868 0.1609
vn -0.0341 -0.9907 0.1315
vn -0.3221 -0.9116 -0.2552
vn 0.2535 -0.8858 -0.3888
vn -0.6230 -0.4602 -0.6324
vn -0.8671 -0.4970 -0.0348
vn 0.5690 -0.8044 0.1709
vn -0.0370 -0.7262 0.6865
vn -0.4209 -0.8063 0.4156
vn -0.8853 0.2264 -0.4061
vn 0.4593 -0.4557 -0.7625
vn -0.0622 -0.5651 -0.8227
vn 0.1911 -0.0349 -0.9810
vn 0.9523 -0.2465 0.1797
vn 0.8601 -0.4474 -0.2452
vn 0.9984 -0.0371 -0.0425
vn 0.0458 -0.2605 0.9644
vn 0.6147 -0.3409 0.7113
vn 0.4534 0.0130 0.8912
vn -0.7478 -0.4432 0.4943
vn -0.2663 -0.4700 0.8415
vn -0.6598 0.0892 0.7461
vn -0.4130 0.1189 -0.9030
vn 0.8010 -0.0275 -0.5981
vn 0.8816 0.0189 0.4716
vn -0.0623 -0.0616 0.9962
vn -0.9792 0.1886 0.0751
vn -0.2433 0.5306 -0.8120
vn -0.5537 0.6267 -0.5483
vn -0.2375 0.8446 -0.4799
vn 0.9068 0.2599 -0.3320
vn 0.3678 0.4885 -0.7912
vn 0.3741 0.8938 -0.2472
vn 0.6998 0.3063 0.6453
vn 0.9012 0.3938 0.1812
vn 0.3961 0.8793 0.2642
vn -0.4493 0.4351 0.7803
vn 0.1910 0.4444 0.8752
vn -0.2833 0.9140 0.2903
vn -0.8061 0.5490 -0.2210
vn -0.7972 0.5654 0.2116
vn -0.4908 0.8140 -0.3108
vn -0.0764 0.9726 -0.2194
vn -0.1561 -0.9781 0.1380
vn -0.0203 -0.5619 -0.8269
vn 0.7736 -0.6129 -0.1609
vn -0.9033 -0.3496 -0.2488
vn 0.4168 -0.4539 0.7875
vn -0.6018 -0.2846 0.7462
vn -0.3983 0.4337 -0.8083
vn 0.6431 0.2419 -0.7265
vn 0.9182 0.2974 0.2618
vn 0.0606 0.5215 0.8511
vn -0.7745 0.6030 0.1910
vn 0.2026 0.9717 -0.1213
vn -0.1946 -0.9644 0.1792
vn -0.2191 -0.5649 -0.7955
vn 0.6996 -0.6465 -0.3043
vn -0.9595 -0.2695 -0.0823
vn 0.5508 -0.4182 0.7223
vn -0.4899 -0.1744 0.8541
vn -0.5322 0.4413 -0.7225
vn 0.4875 0.2015 -0.8495
vn 0.9526 0.2967 0.0664
vn 0.2252 0.5916 0.7741
vn -0.6839 0.6709 0.2867
vn 0.1958 0.9626 -0.1870
vn -0.0297 -0.9995 0.0141
vn 0.0409 -0.4802 -0.8762
vn 0.8470 -0.4851 -0.2175
vn -0.8344 -0.4527 -0.3143
vn 0.4693 -0.4724 0.7461
vn -0.5786 -0.4507 0.6798
vn -0.4710 0.4384 -0.7655
vn 0.5841 0.4158 -0.6971
vn 0.8524 0.4233 0.3070
vn -0.0400 0.4566 0.8888
vn -0.8639 0.4583 0.2088
vn 0.0326 0.9991 -0.0282
vn -0.0253 -0.9774 -0.2099
vn 0.7781 -0.5550 0.2943
vn -0.1581 -0.6332 0.7577
vn 0.6205 -0.3516 -0.7010
vn -0.8938 -0.4484 0.0106
vn -0.4092 -0.2810 -0.8681
vn 0.8980 0.4368 -0.0520
vn 0.4260 0.2784 0.8608
vn -0.6405 0.3498 0.6836
vn -0.7729 0.5393 -0.3343
vn 0.1552 0.6059 -0.7803
vn 0.0272 0.9847 0.1723
vn -0.0180 -0.9997 0.0168
vn -0.2032 -0.4620 -0.8633
vn 0.7391 -0.4639 -0.4885
vn -0.8884 -0.4577 -0.0359
vn 0.6618 -0.4520 0.5981
vn -0.3354 -0.4238 0.8414
vn -0.6741 0.4437 -0.5905
vn 0.3428 0.4168 -0.8419
vn 0.8941 0.4446 0.0541
vn 0.2013 0.4418 0.8742
vn -0.7381 0.4467 0.5057
vn 0.0180 0.9998 0.0008
vn 0.0700 -0.9648 -0.2536
vn 0.6072 -0.5575 0.5661
vn -0.4705 -0.6333 0.6145
vn 0.8572 -0.3062 -0.4141
vn -0.8410 -0.4050 -0.3588
vn -0.0300 -0.2172 -0.9757
vn 0.8392 0.4331 0.3290
vn 0.0146 0.2445 0.9696
vn -0.8681 0.3245 0.3757
vn -0.5991 0.5545 -0.5777
vn 0.4419 0.6359 -0.6328
vn -0.0855 0.9728 0.2152
vn 0.0666 -0.9861 -0.1525
vn 0.5715 -0.5356 0.6217
vn -0.4771 -0.6055 0.6370
vn 0.8745 -0.3637 -0.3209
vn -0.8297 -0.4408 -0.3424
vn 0.0040 -0.3047 -0.9524
vn 0.8414 0.4106 0.3514
vn 0.0108 0.2762 0.9610
vn -0.8766 0.3423 0.3383
vn -0.5732 0.5233 -0.6306
vn 0.4997 0.5870 -0.6370
vn -0.0530 0.9844 0.1676
vn -0.0895 -0.9943 0.0575
vn -0.0605 -0.4956 -0.8664
vn 0.8061 -0.5342 -0.2545
vn -0.8960 -0.3716 -0.2431
vn 0.4978 -0.4460 0.7438
vn -0.5682 -0.3467 0.7463
vn -0.5080 0.4560 -0.7307
vn 0.5432 0.3690 -0.7541
vn 0.8850 0.4001 0.2382
vn 0.0360 0.5170 0.8552
vn -0.8064 0.5412 0.2383
vn 0.0635 0.9959 -0.0647
vn -0.0462 -0.9784 0.2017
vn -0.6318 -0.5314 -0.5643
vn 0.4444 -0.6012 -0.6641
vn -0.8458 -0.3075 0.4359
vn 0.8633 -0.4166 0.2850
vn 0.0678 -0.2461 0.9669
vn -0.8575 0.4461 -0.2562
vn -0.0742 0.2849 -0.9557
vn 0.8435 0.3440 -0.4124
vn 0.6081 0.5502 0.5722
vn -0.4325 0.6119 0.6623
vn 0.0395 0.9845 -0.1708
vn -0.0255 -0.9997 0.0009
vn 0.8394 -0.4419 -0.3163
vn 0.5371 -0.4550 0.7103
vn -0.0366 -0.4465 -0.8940
vn -0.5107 -0.4598 0.7265
vn -0.8546 -0.4602 -0.2407
vn 0.5049 0.4386 -0.7434
vn 0.8638 0.4453 0.2357
vn 0.0273 0.4311 0.9019
vn -0.8541 0.4196 0.3074
vn -0.5458 0.4294 -0.7195
vn 0.0152 0.9998 -0.0114
vn -0.0200 -0.9998 0.0003
vn -0.6055 -0.4552 -0.6528
vn 0.4305 -0.4455 -0.7850
vn -0.8097 -0.4670 0.3555
vn 0.8762 -0.4515 0.1686
vn 0.0919 -0.4672 0.8793
vn -0.8714 0.4488 -0.1983
vn -0.0943 0.4565 -0.8847
vn 0.7973 0.4657 -0.3840
vn 0.6138 0.4675 0.6362
vn -0.4451 0.4574 0.7698
vn 0.0146 0.9994 -0.0321
vn 0.0919 -0.9663 -0.2404
vn 0.4923 -0.5735 0.6548
vn -0.5559 -0.6498 0.5184
vn 0.9152 -0.2990 -0.2703
vn -0.7773 -0.4211 -0.4674
vn 0.1124 -0.2099 -0.9712
vn 0.7561 0.4424 0.4822
vn -0.1500 0.2189 0.9641
vn -0.9174 0.2985 0.2630
vn -0.5195 0.5712 -0.6355
vn 0.5253 0.6712 -0.5230
vn -0.1293 0.9621 0.2402
vn 0.2115 -0.9745 0.0749
vn -0.6207 -0.5590 0.5498
vn -0.6026 -0.6190 -0.5038
vn 0.3633 -0.3305 0.8711
vn 0.3940 -0.4396 -0.8071
vn 0.9647 -0.2578 0.0534
vn -0.3539 0.4529 0.8183
vn -0.9591 0.2790 -0.0476
vn -0.3270 0.3472 -0.8789
vn 0.6443 0.5546 -0.5265
vn 0.6225 0.6080 0.4928
vn -0.1689 0.9833 -0.0675
vn 0.0181 -0.9998 -0.0041
vn 0.8602 -0.4785 0.1763
vn 0.1222 -0.4798 0.8688
vn 0.4464 -0.4409 -0.7787
vn -0.8092 -0.4420 0.3870
vn -0.6193 -0.4131 -0.6677
vn 0.8222 0.4482 -0.3507
vn 0.6121 0.4054 0.6790
vn -0.4207 0.4376 0.7947
vn -0.8583 0.4928 -0.1430
vn -0.1096 0.5007 -0.8587
vn -0.0032 0.9992 0.0393
vn 0.1151 -0.9757 0.1864
vn -0.1388 -0.9866 0.0857
vn -0.0204 -0.9987 -0.0465
vn -0.5110 -0.8594 -0.0145
vn -0.4106 -0.8120 0.4148
vn 0.2519 -0.9620 0.1057
vn 0.2264 -0.9147 0.3348
vn 0.0768 -0.9305 0.3581
vn -0.9696 -0.2198 0.1074
vn -0.2289 -0.7476 -0.6234
vn -0.3438 -0.8811 -0.3247
vn -0.4503 -0.3190 -0.8339
vn 0.6032 -0.7848 -0.1422
vn 0.2393 -0.7781 -0.5808
vn 0.5728 -0.0477 -0.8183
vn 0.6458 -0.3291 0.6890
vn 0.7714 -0.5810 0.2596
vn 0.8386 0.3172 0.4430
vn -0.1447 -0.5042 0.8514
vn 0.2958 -0.5526 0.7792
vn 0.1194 0.1440 0.9823
vn -0.8704 -0.2393 -0.4303
vn -0.1511 -0.0573 -0.9869
vn 0.9826 0.1089 -0.1507
vn 0.4831 0.2008 0.8522
vn -0.5366 -0.1012 0.8378
vn -0.6161 0.4204 -0.6661
vn -0.6662 0.6722 -0.3230
vn -0.3322 0.8478 -0.4133
vn -0.0137 0.5429 -0.8397
vn -0.2640 0.4947 -0.8280
vn -0.0628 0.8519 -0.5200
vn 0.6268 0.7748 0.0821
vn 0.3924 0.7953 -0.4621
vn 0.2115 0.9663 -0.1470
vn 0.2198 0.6946 0.6850
vn 0.5258 0.7467 0.4073
vn 0.0043 0.9899 0.1417
vn -0.8049 0.5215 0.2831
vn -0.2321 0.7340 0.6383
vn -0.3553 0.9223 -0.1519
vn -0.1377 0.9599 -0.2441
vn -0.9211 -0.0000 0.3894
vn -0.3894 -0.0000 -0.9211
vn 0.9211 -0.0000 -0.3894
vn 0.3894 -0.0000 0.9211
vt 0.574114 0.142167
vt 0.598319 0.161456
vt 0.586390 0.184452
vt 0.553109 0.157930
vt 0.628502 0.168326
vt 0.627892 0.193898
vt 0.658686 0.161416
vt 0.669394 0.184397
vt 0.682891 0.142095
vt 0.702676 0.157830
vt 0.696323 0.114189
vt 0.721146 0.119460
vt 0.696323 0.083226
vt 0.721146 0.076887
vt 0.682891 0.055339
vt 0.702676 0.038541
vt 0.658686 0.036050
vt 0.669394 0.012019
vt 0.628503 0.029181
vt 0.627892 0.002573
vt 0.598319 0.036091
vt 0.586390 0.012075
vt 0.574115 0.055412
vt 0.553109 0.038641
vt 0.560682 0.083317
vt 0.534639 0.077011
vt 0.560682 0.114280
vt 0.534639 0.119585
vt 0.726487 0.122442
vt 0.726293 0.079857
vt 0.799952 0.076703
vt 0.800172 0.125095
vt 0.726487 0.041377
vt 0.800172 0.032976
vt 0.727031 0.014623
vt 0.800791 0.002573
vt 0.452936 0.588049
vt 0.451326 0.623131
vt 0.376807 0.617994
vt 0.378636 0.578129
vt 0.450751 0.665212
vt 0.376154 0.665815
vt 0.451326 0.705960
vt 0.376807 0.712119
vt 0.452936 0.737303
vt 0.378636 0.747736
vt 0.689564 0.207523
vt 0.690573 0.245433
vt 0.617436 0.242126
vt 0.616289 0.199045
vt 0.690573 0.288007
vt 0.617436 0.290505
vt 0.689564 0.326810
vt 0.616289 0.334600
vt 0.534639 0.326326
vt 0.536343 0.288580
vt 0.611143 0.291673
vt 0.609206 0.334567
vt 0.536343 0.246017
vt 0.611143 0.243306
vt 0.534639 0.207067
vt 0.609206 0.199045
vt 0.727031 0.160697
vt 0.800791 0.168566
vt 0.480415 0.440040
vt 0.480415 0.488433
vt 0.471940 0.486498
vt 0.471940 0.441977
vt 0.459431 0.532035
vt 0.452634 0.526612
vt 0.421619 0.562210
vt 0.417847 0.554373
vt 0.374469 0.572982
vt 0.374469 0.564283
vt 0.327318 0.562217
vt 0.331090 0.554380
vt 0.289506 0.532048
vt 0.296303 0.526623
vt 0.268522 0.488449
vt 0.276998 0.486512
vt 0.268522 0.440056
vt 0.276998 0.441991
vt 0.289506 0.396454
vt 0.296303 0.401877
vt 0.327318 0.366279
vt 0.331090 0.374116
vt 0.374469 0.355507
vt 0.374469 0.364206
vt 0.421619 0.366272
vt 0.417847 0.374109
vt 0.459431 0.396441
vt 0.452634 0.401866
vt 0.565664 0.865403
vt 0.564609 0.825769
vt 0.639135 0.822656
vt 0.640052 0.857121
vt 0.564609 0.781260
vt 0.639135 0.783953
vt 0.565664 0.740693
vt 0.640052 0.748677
vt 0.342757 0.747395
vt 0.340976 0.786857
vt 0.268522 0.790396
vt 0.270072 0.756081
vt 0.340976 0.831354
vt 0.268522 0.829090
vt 0.342757 0.872075
vt 0.270072 0.864499
vt 0.838006 0.355507
vt 0.838575 0.395500
vt 0.764407 0.398810
vt 0.763913 0.364033
vt 0.838778 0.440021
vt 0.764584 0.437523
vt 0.838575 0.480250
vt 0.764407 0.472505
vt 0.838006 0.508220
vt 0.763913 0.496827
vt 0.726293 0.329751
vt 0.727976 0.293075
vt 0.801069 0.288571
vt 0.799605 0.320463
vt 0.728577 0.249080
vt 0.801591 0.250315
vt 0.727976 0.206480
vt 0.801069 0.213272
vt 0.726293 0.173713
vt 0.799605 0.184778
vt 0.532615 0.726911
vt 0.502355 0.702762
vt 0.566846 0.651407
vt 0.568359 0.652615
vt 0.485562 0.667883
vt 0.566006 0.649663
vt 0.485562 0.629182
vt 0.566006 0.647728
vt 0.502355 0.594324
vt 0.566846 0.645985
vt 0.532615 0.570213
vt 0.568359 0.644780
vt 0.570348 0.561624
vt 0.570246 0.644351
vt 0.608081 0.570259
vt 0.572132 0.644782
vt 0.638341 0.594408
vt 0.573645 0.645990
vt 0.655134 0.629287
vt 0.574485 0.647734
vt 0.655134 0.667988
vt 0.574485 0.649669
vt 0.638341 0.702846
vt 0.573645 0.651412
vt 0.608081 0.726957
vt 0.572132 0.652617
vt 0.570348 0.735546
vt 0.570246 0.653047
vt 0.581540 0.441317
vt 0.551511 0.448868
vt 0.537833 0.417965
vt 0.579123 0.407583
vt 0.527317 0.466327
vt 0.504566 0.441972
vt 0.513749 0.490237
vt 0.485911 0.474848
vt 0.513496 0.515863
vt 0.485562 0.510083
vt 0.261288 0.589187
vt 0.250123 0.607412
vt 0.221418 0.590762
vt 0.236770 0.565702
vt 0.243927 0.634694
vt 0.212898 0.628274
vt 0.243927 0.665627
vt 0.212898 0.670807
vt 0.250123 0.694087
vt 0.221418 0.709939
vt 0.261288 0.714435
vt 0.236770 0.737918
vt 0.371007 0.598054
vt 0.369749 0.626430
vt 0.343604 0.622342
vt 0.345333 0.583324
vt 0.371007 0.657361
vt 0.345333 0.664872
vt 0.648443 0.481932
vt 0.635333 0.459667
vt 0.653089 0.432814
vt 0.671115 0.463429
vt 0.611455 0.445171
vt 0.620257 0.412883
vt 0.523365 0.367304
vt 0.570285 0.355507
vt 0.485562 0.394584
vt 0.489737 0.868693
vt 0.485562 0.829947
vt 0.554718 0.832227
vt 0.559462 0.876256
vt 0.485562 0.787371
vt 0.554718 0.783845
vt 0.489737 0.749397
vt 0.559462 0.740692
vt 0.141420 0.626500
vt 0.151101 0.583873
vt 0.141420 0.674834
vt 0.151101 0.719302
vt 0.168547 0.751096
vt 0.268522 0.622467
vt 0.270488 0.578129
vt 0.270488 0.670797
vt 0.350179 0.702491
vt 0.275994 0.713546
vt 0.357181 0.727749
vt 0.283951 0.742248
vt 0.617029 0.361529
vt 0.031810 0.496257
vt 0.012548 0.453777
vt 0.020328 0.453634
vt 0.038050 0.492716
vt 0.012548 0.410942
vt 0.020328 0.414226
vt 0.031810 0.376238
vt 0.038050 0.382298
vt 0.066521 0.356538
vt 0.069983 0.364174
vt 0.109803 0.355743
vt 0.109803 0.363443
vt 0.153086 0.374011
vt 0.149624 0.380250
vt 0.187797 0.407724
vt 0.181557 0.411266
vt 0.207059 0.450205
vt 0.199279 0.450348
vt 0.207059 0.493039
vt 0.199279 0.489756
vt 0.187797 0.527744
vt 0.181557 0.521683
vt 0.153086 0.547444
vt 0.149624 0.539808
vt 0.109803 0.548239
vt 0.109803 0.540539
vt 0.066520 0.529971
vt 0.069983 0.523732
vt 0.148534 0.842848
vt 0.141420 0.799071
vt 0.202247 0.796045
vt 0.208433 0.834111
vt 0.148534 0.756243
vt 0.208433 0.758802
vt 0.376154 0.877569
vt 0.379618 0.836885
vt 0.450080 0.834784
vt 0.447068 0.870161
vt 0.379618 0.792385
vt 0.450080 0.796088
vt 0.376154 0.752882
vt 0.447068 0.761738
vt 0.115005 0.421173
vt 0.080378 0.406558
vt 0.142773 0.448143
vt 0.158183 0.482128
vt 0.750090 0.355507
vt 0.756484 0.384351
vt 0.681822 0.388808
vt 0.676262 0.363726
vt 0.758766 0.425029
vt 0.683807 0.424180
vt 0.756484 0.469481
vt 0.681822 0.462834
vt 0.750090 0.508905
vt 0.676262 0.497116
vt 0.002573 0.859427
vt 0.011048 0.820115
vt 0.070734 0.814315
vt 0.063365 0.848500
vt 0.010558 0.775650
vt 0.070308 0.775650
vt 0.017984 0.518970
vt 0.002573 0.484985
vt 0.074757 0.485485
vt 0.075528 0.487184
vt 0.002573 0.450718
vt 0.074757 0.483772
vt 0.017984 0.422955
vt 0.075528 0.482383
vt 0.045752 0.407194
vt 0.076916 0.481595
vt 0.078647 0.481564
vt 0.080379 0.482294
vt 0.081767 0.483643
vt 0.082538 0.485342
vt 0.158183 0.516396
vt 0.082538 0.487055
vt 0.142773 0.544159
vt 0.081767 0.488444
vt 0.115005 0.559919
vt 0.080379 0.489232
vt 0.080378 0.560555
vt 0.078647 0.489263
vt 0.045752 0.545940
vt 0.076916 0.488533
vt 0.648190 0.507557
vt 0.634622 0.531468
vt 0.610428 0.548927
vt 0.580399 0.556477
vt 0.550483 0.552623
vt 0.526606 0.538128
vt 0.111949 0.814490
vt 0.100337 0.796887
vt 0.125184 0.795960
vt 0.089419 0.779686
vt 0.081097 0.801021
vt 0.130356 0.818978
vt 0.111900 0.832481
vt 0.094559 0.818154
vt 0.781470 0.845521
vt 0.758880 0.847055
vt 0.772666 0.825210
vt 0.385530 0.941559
vt 0.376154 0.922549
vt 0.399174 0.933388
vt 0.841667 0.830133
vt 0.836119 0.849225
vt 0.822469 0.832486
vt 0.253209 0.812216
vt 0.256855 0.827811
vt 0.233227 0.824355
vt 0.256845 0.768151
vt 0.256855 0.789239
vt 0.236543 0.776475
vt 0.376154 0.899050
vt 0.394004 0.882716
vt 0.395014 0.906404
vt 0.826968 0.865342
vt 0.805376 0.870412
vt 0.813870 0.851350
vt 0.833049 0.809916
vt 0.234669 0.798694
vt 0.239639 0.756243
vt 0.414953 0.916598
vt 0.416502 0.896269
vt 0.433430 0.913059
vt 0.801713 0.834867
vt 0.789904 0.849443
vt 0.789904 0.823672
vt 0.923567 0.693010
vt 0.908793 0.674985
vt 0.928321 0.674337
vt 0.962984 0.676375
vt 0.946345 0.688422
vt 0.950178 0.665534
vt 0.756766 0.810539
vt 0.739489 0.812254
vt 0.754200 0.793778
vt 0.954049 0.642139
vt 0.935688 0.653386
vt 0.964906 0.657530
vt 0.915574 0.653483
vt 0.807847 0.813780
vt 0.930809 0.634392
vt 0.908793 0.633354
vt 0.424659 0.936694
vt 0.433695 0.891538
vt 0.775023 0.806498
vt 0.364805 0.787044
vt 0.352341 0.800934
vt 0.347904 0.782247
vt 0.364805 0.812138
vt 0.878565 0.166280
vt 0.863643 0.166280
vt 0.864356 0.149962
vt 0.213580 0.807455
vt 0.219794 0.787246
vt 0.214740 0.828063
vt 0.818549 0.794763
vt 0.840962 0.794093
vt 0.855510 0.815148
vt 0.745645 0.826607
vt 0.736404 0.847055
vt 0.091509 0.839137
vt 0.075881 0.822455
vt 0.111872 0.850025
vt 0.133099 0.840645
vt 0.853925 0.839867
vt 0.848260 0.863365
vt 0.112429 0.775650
vt 0.133099 0.782960
vt 0.593861 0.898650
vt 0.607583 0.911589
vt 0.587375 0.916611
vt 0.621337 0.924717
vt 0.625521 0.903923
vt 0.575179 0.899095
vt 0.588797 0.880958
vt 0.610358 0.889499
vt 0.212894 0.559043
vt 0.212206 0.541117
vt 0.231320 0.555098
vt 0.911380 0.759682
vt 0.908276 0.739909
vt 0.926759 0.753689
vt 0.944925 0.609379
vt 0.924493 0.613715
vt 0.932615 0.592915
vt 0.957340 0.906356
vt 0.950873 0.925568
vt 0.938721 0.905540
vt 0.214916 0.520815
vt 0.212206 0.502721
vt 0.233553 0.507842
vt 0.912511 0.719052
vt 0.931676 0.709567
vt 0.928242 0.728705
vt 0.927781 0.772327
vt 0.958536 0.594435
vt 0.950341 0.885950
vt 0.232668 0.533567
vt 0.945016 0.742347
vt 0.951869 0.721770
vt 0.961788 0.743144
vt 0.789904 0.893087
vt 0.802449 0.875559
vt 0.802388 0.895219
vt 0.799589 0.929108
vt 0.789904 0.911983
vt 0.807731 0.916637
vt 0.838909 0.935832
vt 0.817189 0.937798
vt 0.830271 0.919022
vt 0.248029 0.542798
vt 0.251677 0.523390
vt 0.262279 0.537797
vt 0.838594 0.898572
vt 0.820037 0.901090
vt 0.848534 0.916956
vt 0.946972 0.574371
vt 0.927610 0.575907
vt 0.937029 0.561624
vt 0.821907 0.883167
vt 0.948920 0.762947
vt 0.843628 0.878412
vt 0.252661 0.560473
vt 0.251520 0.502685
vt 0.928531 0.884725
vt 0.944322 0.869466
vt 0.924276 0.903615
vt 0.965477 0.578904
vt 0.915019 0.591698
vt 0.915019 0.570045
vt 0.966988 0.869828
vt 0.974004 0.893320
vt 0.927286 0.925568
vt 0.964602 0.615530
vt 0.908276 0.772393
vt 0.606148 0.870550
vt 0.624086 0.883214
vt 0.973081 0.916723
vt 0.567639 0.880731
vt 0.944662 0.623605
vt 0.564609 0.920061
vt 0.581510 0.933196
vt 0.602006 0.933196
vt 0.877432 0.464248
vt 0.882122 0.484585
vt 0.858081 0.476016
vt 0.885761 0.502713
vt 0.906262 0.489553
vt 0.861901 0.450912
vt 0.885730 0.444419
vt 0.898703 0.466035
vt 0.896747 0.780628
vt 0.881874 0.776335
vt 0.903129 0.760720
vt 0.882251 0.933059
vt 0.867728 0.916114
vt 0.893985 0.917438
vt 0.542001 0.903928
vt 0.531384 0.924001
vt 0.519544 0.902258
vt 0.887242 0.223168
vt 0.875711 0.205350
vt 0.898867 0.207862
vt 0.864809 0.759429
vt 0.844523 0.754927
vt 0.861295 0.738761
vt 0.860657 0.894167
vt 0.873717 0.875468
vt 0.882309 0.893971
vt 0.519307 0.940470
vt 0.497663 0.942695
vt 0.507157 0.924385
vt 0.533362 0.881402
vt 0.907471 0.227647
vt 0.884544 0.750086
vt 0.903799 0.898255
vt 0.898257 0.881163
vt 0.919129 0.891729
vt 0.889307 0.704421
vt 0.866921 0.703928
vt 0.882668 0.686715
vt 0.911525 0.190016
vt 0.907786 0.173713
vt 0.929680 0.186260
vt 0.885574 0.633354
vt 0.903646 0.647244
vt 0.881615 0.649164
vt 0.846398 0.650771
vt 0.865230 0.642221
vt 0.859730 0.659125
vt 0.876175 0.669693
vt 0.896414 0.722869
vt 0.880388 0.728589
vt 0.876258 0.709567
vt 0.860840 0.718090
vt 0.898372 0.668460
vt 0.923530 0.209083
vt 0.903646 0.687682
vt 0.860238 0.682666
vt 0.917647 0.914949
vt 0.844523 0.671532
vt 0.898497 0.738561
vt 0.928068 0.227256
vt 0.888682 0.182688
vt 0.507150 0.886027
vt 0.497531 0.904326
vt 0.485562 0.919749
vt 0.903565 0.935142
vt 0.890939 0.869466
vt 0.844523 0.731598
vt 0.889939 0.239843
vt 0.869388 0.184831
vt 0.856575 0.776348
vt 0.906262 0.446335
vt 0.869388 0.225372
vt 0.869096 0.431357
vt 0.847592 0.439017
vt 0.843924 0.461427
vt 0.540754 0.942695
vt 0.862745 0.935142
vt 0.862434 0.498590
vt 0.897892 0.037229
vt 0.917374 0.038527
vt 0.903317 0.057440
vt 0.927695 0.551167
vt 0.911409 0.541901
vt 0.925863 0.535054
vt 0.879944 0.048932
vt 0.883039 0.025019
vt 0.905379 0.019017
vt 0.944730 0.549806
vt 0.966637 0.450650
vt 0.964447 0.468638
vt 0.950682 0.450117
vt 0.878704 0.616774
vt 0.859322 0.607008
vt 0.877599 0.594793
vt 0.158628 0.972568
vt 0.141420 0.975923
vt 0.146194 0.953315
vt 0.926923 0.514344
vt 0.921103 0.496504
vt 0.944516 0.503987
vt 0.951651 0.484000
vt 0.931789 0.491357
vt 0.942108 0.470145
vt 0.957250 0.431357
vt 0.897039 0.605589
vt 0.170808 0.953077
vt 0.945079 0.525669
vt 0.931660 0.454068
vt 0.917639 0.470714
vt 0.911522 0.446838
vt 0.876247 0.573785
vt 0.862926 0.565187
vt 0.886550 0.561624
vt 0.220554 0.915265
vt 0.206974 0.899166
vt 0.225685 0.897474
vt 0.180895 0.937035
vt 0.160842 0.934194
vt 0.176538 0.921695
vt 0.263079 0.860007
vt 0.263079 0.882003
vt 0.247073 0.869512
vt 0.247419 0.892313
vt 0.230967 0.879654
vt 0.258819 0.901658
vt 0.241253 0.911461
vt 0.210373 0.879796
vt 0.894311 0.582493
vt 0.224705 0.858672
vt 0.207155 0.862680
vt 0.934272 0.436519
vt 0.243647 0.847995
vt 0.963399 0.516489
vt 0.963765 0.537417
vt 0.959860 0.499491
vt 0.141420 0.936225
vt 0.909872 0.592623
vt 0.856222 0.583210
vt 0.911409 0.487572
vt 0.192386 0.953818
vt 0.181821 0.976026
vt 0.909872 0.613223
vt 0.890725 0.627455
vt 0.845554 0.596158
vt 0.889686 0.002573
vt 0.912440 0.004187
vt 0.869210 0.013536
vt 0.863643 0.035945
vt 0.867699 0.058353
vt 0.865290 0.628207
vt 0.844523 0.615874
vt 0.911409 0.519988
vt 0.924333 0.021852
vt 0.924333 0.058652
vt 0.907475 0.069205
vt 0.966637 0.485324
vt 0.233399 0.952626
vt 0.220780 0.939332
vt 0.241181 0.935188
vt 0.206974 0.925171
vt 0.206974 0.946700
vt 0.252471 0.953553
vt 0.238122 0.973798
vt 0.215572 0.962045
vt 0.714274 0.865829
vt 0.705042 0.855689
vt 0.725333 0.849044
vt 0.953930 0.400374
vt 0.953085 0.416484
vt 0.936496 0.406586
vt 0.898207 0.166470
vt 0.883712 0.156643
vt 0.898207 0.149962
vt 0.323072 0.912692
vt 0.308815 0.926759
vt 0.308120 0.901140
vt 0.696726 0.845696
vt 0.678713 0.839951
vt 0.698029 0.827770
vt 0.932829 0.045767
vt 0.929480 0.024031
vt 0.950510 0.033290
vt 0.943102 0.387314
vt 0.288902 0.931506
vt 0.268522 0.927244
vt 0.287005 0.915166
vt 0.661553 0.829394
vt 0.660281 0.809218
vt 0.677884 0.816816
vt 0.715486 0.839823
vt 0.851988 0.417240
vt 0.843924 0.395288
vt 0.865364 0.406463
vt 0.930122 0.371415
vt 0.918883 0.390508
vt 0.914528 0.370545
vt 0.286785 0.892569
vt 0.268522 0.903038
vt 0.273523 0.877221
vt 0.889594 0.355507
vt 0.909381 0.367475
vt 0.886081 0.370735
vt 0.848731 0.372189
vt 0.868091 0.360977
vt 0.863814 0.382409
vt 0.880945 0.393226
vt 0.716323 0.816000
vt 0.697159 0.806249
vt 0.708166 0.793778
vt 0.904892 0.391075
vt 0.301218 0.877881
vt 0.889011 0.411193
vt 0.909381 0.408461
vt 0.895124 0.423535
vt 0.873454 0.426210
vt 0.731257 0.828842
vt 0.681425 0.793778
vt 0.950758 0.365171
vt 0.932860 0.355507
vt 0.914528 0.410598
vt 0.948758 0.007546
vt 0.969155 0.020135
vt 0.929480 0.002573
vt 0.962299 0.384690
vt 0.969404 0.040268
vt 0.951930 0.053364
vt 0.683680 0.861380
vt 0.660680 0.851176
vt 0.324620 0.933185
vt 0.260262 0.974023
vt 0.301286 0.941840
vt 0.726293 0.349871
vt 0.726293 0.334898
vt 0.741171 0.339997
vt 0.258568 0.936223
vt 0.968743 0.401627
vt 0.228119 0.920412
vt 0.169230 0.881275
vt 0.162159 0.901766
vt 0.148984 0.880855
vt 0.156481 0.916548
vt 0.179674 0.916131
vt 0.163583 0.863184
vt 0.185310 0.869798
vt 0.185307 0.893332
vt 0.911902 0.864320
vt 0.898434 0.860653
vt 0.918854 0.845772
vt 0.900435 0.133444
vt 0.881793 0.128705
vt 0.902661 0.117131
vt 0.262394 0.462447
vt 0.255130 0.481825
vt 0.242423 0.462337
vt 0.963023 0.112653
vt 0.945195 0.125087
vt 0.946479 0.101091
vt 0.881468 0.846512
vt 0.862480 0.840461
vt 0.879012 0.825255
vt 0.863643 0.115864
vt 0.863643 0.093723
vt 0.880971 0.104420
vt 0.920757 0.127339
vt 0.252856 0.445074
vt 0.966575 0.091924
vt 0.901731 0.836073
vt 0.900721 0.096524
vt 0.885278 0.080185
vt 0.910395 0.080655
vt 0.121472 0.855172
vt 0.135570 0.868733
vt 0.115710 0.867093
vt 0.082035 0.860678
vt 0.102574 0.857049
vt 0.093245 0.871062
vt 0.879150 0.808551
vt 0.869006 0.799759
vt 0.892372 0.794094
vt 0.116472 0.923304
vt 0.093524 0.917277
vt 0.112546 0.906758
vt 0.089064 0.895154
vt 0.107720 0.884296
vt 0.899202 0.810445
vt 0.075881 0.880973
vt 0.947018 0.078623
vt 0.929319 0.089325
vt 0.925903 0.074352
vt 0.231101 0.449197
vt 0.223410 0.464613
vt 0.212206 0.457251
vt 0.129327 0.886621
vt 0.918360 0.103411
vt 0.135570 0.909140
vt 0.918854 0.823094
vt 0.860657 0.817127
vt 0.240177 0.433391
vt 0.230891 0.483410
vt 0.212559 0.479045
vt 0.870552 0.074352
vt 0.976842 0.109037
vt 0.925903 0.110076
vt 0.926322 0.128080
vt 0.243376 0.495402
vt 0.874074 0.860390
vt 0.201827 0.881354
vt 0.197212 0.860743
vt 0.180126 0.847995
vt 0.158686 0.847995
vt 0.142631 0.861144
vt 0.262394 0.497538
vt 0.886567 0.144815
vt 0.141420 0.900062
vt 0.864071 0.134481
vt 0.904464 0.275812
vt 0.888336 0.290908
vt 0.885754 0.265680
vt 0.874056 0.303797
vt 0.897375 0.310946
vt 0.908170 0.254448
vt 0.924073 0.272980
vt 0.912809 0.293631
vt 0.925527 0.813090
vt 0.924000 0.794093
vt 0.946283 0.801683
vt 0.925623 0.854156
vt 0.924000 0.835377
vt 0.945210 0.847656
vt 0.763549 0.924033
vt 0.743748 0.918527
vt 0.763412 0.905983
vt 0.350798 0.922517
vt 0.330288 0.919189
vt 0.348147 0.904202
vt 0.221646 0.411284
vt 0.212206 0.393588
vt 0.231074 0.390499
vt 0.945823 0.826419
vt 0.726132 0.905895
vt 0.730359 0.885421
vt 0.744454 0.894668
vt 0.779869 0.915279
vt 0.366868 0.912776
vt 0.243497 0.409487
vt 0.665538 0.923640
vt 0.661642 0.903438
vt 0.676765 0.910639
vt 0.762994 0.885741
vt 0.748996 0.870975
vt 0.774969 0.870975
vt 0.720986 0.890112
vt 0.718070 0.910280
vt 0.707363 0.893545
vt 0.239908 0.373169
vt 0.234640 0.355743
vt 0.258628 0.365913
vt 0.660281 0.885064
vt 0.672788 0.870976
vt 0.671107 0.890543
vt 0.689712 0.875652
vt 0.687801 0.897956
vt 0.252711 0.388766
vt 0.711712 0.870976
vt 0.698888 0.916890
vt 0.781975 0.893619
vt 0.685027 0.933547
vt 0.962976 0.816099
vt 0.961650 0.798555
vt 0.975618 0.807812
vt 0.258628 0.404292
vt 0.220334 0.373948
vt 0.366868 0.888349
vt 0.345161 0.885021
vt 0.329766 0.897008
vt 0.330798 0.877221
vt 0.962987 0.836282
vt 0.967309 0.852831
vt 0.366612 0.871210
vt 0.347904 0.856291
vt 0.366612 0.852129
vt 0.710248 0.220184
vt 0.699323 0.208393
vt 0.712463 0.199045
vt 0.775731 0.937045
vt 0.253156 0.424205
vt 0.229128 0.428244
vt 0.928698 0.288841
vt 0.920438 0.310126
vt 0.712463 0.241413
vt 0.695720 0.227354
vt 0.340145 0.937711
vt 0.928698 0.251757
vt 0.750643 0.938257
vt 0.889272 0.244990
vt 0.869828 0.257032
vt 0.869388 0.280051
vt 0.875732 0.952461
vt 0.888227 0.963139
vt 0.870989 0.968299
vt 0.888227 0.944891
vt 0.860657 0.954385
vt 0.870611 0.940289
vt 0.528554 0.972052
vt 0.528554 0.953474
vt 0.544678 0.962981
vt 0.994392 0.894020
vt 0.980956 0.899563
vt 0.979151 0.885176
vt 0.974614 0.148263
vt 0.975862 0.161702
vt 0.960115 0.156706
vt 0.975862 0.133226
vt 0.959527 0.138611
vt 0.064875 0.968376
vt 0.062911 0.985196
vt 0.047971 0.975244
vt 0.543288 0.977130
vt 0.994392 0.876401
vt 0.047971 0.993617
vt 0.543952 0.947842
vt 0.952376 0.202755
vt 0.934827 0.198555
vt 0.948654 0.190336
vt 0.980762 0.869466
vt 0.952443 0.173713
vt 0.962549 0.188430
vt 0.934827 0.179974
vt 0.362674 0.763499
vt 0.348092 0.771775
vt 0.347904 0.753582
vt 0.364994 0.777100
vt 0.364994 0.747395
vt 0.347904 0.846982
vt 0.349365 0.833760
vt 0.364891 0.841953
vt 0.789904 0.973212
vt 0.790203 0.958711
vt 0.806036 0.967411
vt 0.002573 0.989334
vt 0.002573 0.971308
vt 0.018435 0.979876
vt 0.704357 0.269737
vt 0.695720 0.261194
vt 0.704826 0.251682
vt 0.720453 0.276010
vt 0.719839 0.260444
vt 0.364427 0.823586
vt 0.805462 0.949467
vt 0.017726 0.996053
vt 0.347904 0.817285
vt 0.789904 0.942945
vt 0.017769 0.967986
vt 0.582248 0.966906
vt 0.564609 0.963512
vt 0.578300 0.955086
vt 0.720453 0.246560
vt 0.581074 0.938343
vt 0.592273 0.952084
vt 0.564609 0.945532
vt 0.938583 0.148214
vt 0.925903 0.157352
vt 0.925903 0.138994
vt 0.943344 0.161937
vt 0.943059 0.133226
vt 0.954380 0.147647
vt 0.966935 0.734605
vt 0.966935 0.716558
vt 0.982860 0.725040
vt 0.124762 0.979144
vt 0.124105 0.993891
vt 0.109104 0.987688
vt 0.124523 0.964290
vt 0.109104 0.969301
vt 0.042824 0.968376
vt 0.041555 0.984257
vt 0.026113 0.974458
vt 0.676757 0.972918
vt 0.676757 0.988914
vt 0.661289 0.978484
vt 0.982022 0.739165
vt 0.026113 0.993340
vt 0.660281 0.997020
vt 0.981714 0.709567
vt 0.676262 0.529299
vt 0.686647 0.514052
vt 0.691494 0.529341
vt 0.686360 0.544699
vt 0.704454 0.539062
vt 0.704454 0.520212
vt 0.613246 0.952138
vt 0.597420 0.955809
vt 0.602486 0.938343
vt 0.611464 0.966368
vt 0.620630 0.938343
vt 0.719730 0.955835
vt 0.706398 0.966711
vt 0.708349 0.950541
vt 0.625352 0.955202
vt 0.981279 0.574324
vt 0.981279 0.556420
vt 0.996598 0.565975
vt 0.630668 0.963332
vt 0.631380 0.945065
vt 0.646520 0.954201
vt 0.580945 0.978162
vt 0.580945 0.996641
vt 0.565765 0.987563
vt 0.692129 0.955930
vt 0.714700 0.938694
vt 0.697030 0.938694
vt 0.647290 0.939361
vt 0.647290 0.969188
vt 0.564609 0.972053
vt 0.996929 0.550344
vt 0.103957 0.952673
vt 0.086233 0.957545
vt 0.092943 0.943273
vt 0.103957 0.933688
vt 0.086650 0.928451
vt 0.075881 0.942872
vt 0.883829 0.329080
vt 0.869388 0.333423
vt 0.875015 0.316092
vt 0.883794 0.344852
vt 0.893648 0.316092
vt 0.898101 0.333713
vt 0.937008 0.982408
vt 0.936162 0.964583
vt 0.952674 0.972440
vt 0.936162 0.992749
vt 0.951901 0.989279
vt 0.997173 0.431357
vt 0.996896 0.449257
vt 0.981279 0.439271
vt 0.996560 0.491266
vt 0.996560 0.508693
vt 0.981302 0.499035
vt 0.501820 0.953245
vt 0.500816 0.971276
vt 0.486082 0.961738
vt 0.981279 0.456179
vt 0.981279 0.516049
vt 0.485562 0.977145
vt 0.485562 0.947842
vt 0.002573 0.952149
vt 0.006557 0.934220
vt 0.016586 0.946725
vt 0.017226 0.962839
vt 0.030847 0.950992
vt 0.025124 0.934220
vt 0.671925 0.952310
vt 0.686983 0.943613
vt 0.686983 0.962186
vt 0.670280 0.938694
vt 0.669956 0.967771
vt 0.133952 0.959143
vt 0.119610 0.952062
vt 0.135497 0.943778
vt 0.660281 0.953211
vt 0.966935 0.773229
vt 0.968015 0.756965
vt 0.983259 0.766459
vt 0.692129 0.996748
vt 0.692129 0.979778
vt 0.707822 0.990217
vt 0.974467 0.959813
vt 0.957968 0.953848
vt 0.973268 0.944222
vt 0.120813 0.934297
vt 0.966935 0.744312
vt 0.983254 0.747907
vt 0.708484 0.971858
vt 0.957821 0.934934
vt 0.109104 0.942391
vt 0.135497 0.928451
vt 0.064875 0.938970
vt 0.064875 0.957367
vt 0.053151 0.946283
vt 0.974467 0.930715
vt 0.037281 0.948470
vt 0.046876 0.934220
vt 0.047541 0.963229
vt 0.919284 0.332651
vt 0.903247 0.331041
vt 0.913545 0.316092
vt 0.912879 0.345781
vt 0.930801 0.322152
vt 0.930801 0.340657
vt 0.893374 0.969742
vt 0.894109 0.954597
vt 0.909115 0.964308
vt 0.981009 0.158173
vt 0.981609 0.141507
vt 0.996966 0.151385
vt 0.474617 0.960325
vt 0.458315 0.954295
vt 0.473952 0.944345
vt 0.848852 0.948937
vt 0.848852 0.967622
vt 0.832897 0.958614
vt 0.893374 0.940289
vt 0.910007 0.945776
vt 0.996966 0.133226
vt 0.458083 0.935490
vt 0.834760 0.973343
vt 0.834156 0.942946
vt 0.772142 0.538527
vt 0.754528 0.543416
vt 0.761494 0.529261
vt 0.474617 0.930121
vt 0.755030 0.514052
vt 0.772142 0.519807
vt 0.743603 0.528711
vt 0.723281 0.528245
vt 0.727086 0.543721
vt 0.709601 0.537715
vt 0.738456 0.529072
vt 0.709601 0.518844
vt 0.727595 0.514052
vt 0.979614 0.953250
vt 0.979614 0.934654
vt 0.995040 0.944091
vt 0.781975 0.959832
vt 0.780906 0.973658
vt 0.765981 0.969495
vt 0.780611 0.943404
vt 0.765981 0.951111
vt 0.602752 0.972053
vt 0.601478 0.988332
vt 0.586092 0.977971
vt 0.980765 0.850780
vt 0.980947 0.833398
vt 0.996245 0.842436
vt 0.995004 0.959813
vt 0.586092 0.995971
vt 0.996245 0.824735
vt 0.994549 0.930421
vt 0.962251 0.233180
vt 0.944446 0.237094
vt 0.950242 0.223540
vt 0.962251 0.214772
vt 0.945395 0.207902
vt 0.934827 0.222583
vt 0.644994 0.920565
vt 0.630738 0.929393
vt 0.630668 0.910735
vt 0.648033 0.934214
vt 0.648033 0.905240
vt 0.305706 0.976874
vt 0.289788 0.970448
vt 0.305487 0.961949
vt 0.827750 0.972371
vt 0.811183 0.967604
vt 0.826607 0.959571
vt 0.974551 0.049928
vt 0.975973 0.036970
vt 0.990545 0.041470
vt 0.975114 0.066280
vt 0.990545 0.059752
vt 0.742227 0.949587
vt 0.742807 0.967720
vt 0.727282 0.959601
vt 0.290268 0.952533
vt 0.811879 0.949764
vt 0.726132 0.972604
vt 0.726132 0.943404
vt 0.305706 0.946987
vt 0.827750 0.942945
vt 0.935948 0.321182
vt 0.953597 0.316092
vt 0.947119 0.329833
vt 0.935948 0.339778
vt 0.953030 0.345029
vt 0.963579 0.330720
vt 0.946917 0.259668
vt 0.933845 0.268819
vt 0.933845 0.250068
vt 0.951586 0.274060
vt 0.951357 0.244990
vt 0.961894 0.259291
vt 0.103957 0.979013
vt 0.103327 0.992339
vt 0.088260 0.987240
vt 0.103858 0.962692
vt 0.088260 0.969455
vt 0.876917 0.973446
vt 0.876067 0.989553
vt 0.860657 0.979354
vt 0.997145 0.461326
vt 0.997145 0.478037
vt 0.981894 0.468184
vt 0.915293 0.988343
vt 0.915293 0.970381
vt 0.931015 0.978991
vt 0.860657 0.997427
vt 0.981279 0.486119
vt 0.930261 0.964583
vt 0.930105 0.993947
vt 0.820990 0.543751
vt 0.810722 0.529036
vt 0.826074 0.528840
vt 0.838623 0.538422
vt 0.838623 0.519778
vt 0.820944 0.514052
vt 0.818788 0.138120
vt 0.823664 0.152011
vt 0.805937 0.147455
vt 0.834293 0.137622
vt 0.805937 0.128705
vt 0.823522 0.122767
vt 0.377116 0.959818
vt 0.376154 0.946706
vt 0.392350 0.950791
vt 0.376154 0.976390
vt 0.392119 0.968999
vt 0.990609 0.010382
vt 0.990429 0.028814
vt 0.975145 0.019688
vt 0.625072 0.988635
vt 0.609164 0.996938
vt 0.609164 0.978562
vt 0.980765 0.811368
vt 0.980765 0.794093
vt 0.996383 0.801485
vt 0.974551 0.031823
vt 0.974551 0.002573
vt 0.625352 0.971515
vt 0.996779 0.819588
vt 0.843770 0.529123
vt 0.854176 0.514052
vt 0.858974 0.528977
vt 0.854203 0.543383
vt 0.872004 0.538952
vt 0.872004 0.519994
vt 0.937434 0.947475
vt 0.924275 0.935900
vt 0.942106 0.930715
vt 0.924275 0.953916
vt 0.952674 0.944795
vt 0.332096 0.971115
vt 0.329766 0.957529
vt 0.346372 0.965480
vt 0.942122 0.959436
vt 0.695720 0.311668
vt 0.697304 0.296493
vt 0.712332 0.305426
vt 0.472693 0.994784
vt 0.458888 0.988344
vt 0.474617 0.978873
vt 0.994819 0.994395
vt 0.979368 0.989009
vt 0.994546 0.979905
vt 0.344331 0.947454
vt 0.695720 0.281156
vt 0.712585 0.287104
vt 0.458888 0.970064
vt 0.979432 0.970874
vt 0.329766 0.942858
vt 0.356281 0.954634
vt 0.472319 0.965472
vt 0.994819 0.964960
vt 0.420035 0.951456
vt 0.436055 0.946706
vt 0.434169 0.959489
vt 0.419246 0.969262
vt 0.436055 0.975221
vt 0.698621 0.330761
vt 0.713113 0.321226
vt 0.712802 0.339847
vt 0.695720 0.316815
vt 0.695720 0.346233
vt 0.414099 0.975559
vt 0.397497 0.971484
vt 0.412611 0.963116
vt 0.647690 0.900093
vt 0.631071 0.894878
vt 0.644894 0.887089
vt 0.506967 0.963211
vt 0.509449 0.947842
vt 0.523407 0.953847
vt 0.509135 0.976650
vt 0.523407 0.972613
vt 0.974221 0.967603
vt 0.974200 0.985334
vt 0.958775 0.975342
vt 0.397987 0.953451
vt 0.630668 0.877252
vt 0.957821 0.993260
vt 0.957821 0.964960
vt 0.414099 0.946706
vt 0.647690 0.870550
vt 0.877151 0.520053
vt 0.894728 0.514052
vt 0.888010 0.528488
vt 0.877151 0.538885
vt 0.894503 0.543580
vt 0.905009 0.529021
vt 0.948976 0.296447
vt 0.933845 0.295808
vt 0.944107 0.281765
vt 0.943694 0.310945
vt 0.961778 0.286384
vt 0.961778 0.305424
vt 0.269117 0.968994
vt 0.268522 0.951150
vt 0.284395 0.959553
vt 0.996349 0.537825
vt 0.981279 0.545197
vt 0.981279 0.527908
vt 0.996798 0.597284
vt 0.981279 0.603262
vt 0.981279 0.587054
vt 0.855086 0.139376
vt 0.856069 0.152973
vt 0.839740 0.147386
vt 0.856069 0.122767
vt 0.839440 0.129332
vt 0.284641 0.976575
vt 0.996993 0.521195
vt 0.996931 0.579471
vt 0.284641 0.946987
vt 0.795143 0.543637
vt 0.777289 0.538047
vt 0.790587 0.528610
vt 0.805575 0.528516
vt 0.794826 0.514052
vt 0.777289 0.519279
vt 0.063399 0.679478
vt 0.069451 0.627497
vt 0.101189 0.686519
vt 0.075782 0.594105
vt 0.037807 0.591084
vt 0.080197 0.732973
vt 0.034467 0.708614
vt 0.030454 0.642185
vt 0.057431 0.565702
vt 0.130559 0.690588
vt 0.106420 0.637447
vt 0.136273 0.656311
vt 0.850511 0.082619
vt 0.858497 0.117620
vt 0.829662 0.109795
vt 0.853492 0.298851
vt 0.864241 0.346516
vt 0.833996 0.326367
vt 0.864241 0.175807
vt 0.859499 0.233876
vt 0.836672 0.194988
vt 0.105665 0.591056
vt 0.793567 0.709664
vt 0.810612 0.678816
vt 0.816404 0.740529
vt 0.830040 0.066103
vt 0.830465 0.263237
vt 0.002573 0.900773
vt 0.002573 0.869547
vt 0.032635 0.898931
vt 0.660281 0.628372
vt 0.699072 0.596798
vt 0.686672 0.649707
vt 0.673982 0.742336
vt 0.660281 0.692570
vt 0.687891 0.713511
vt 0.740377 0.753656
vt 0.702533 0.767596
vt 0.728087 0.722010
vt 0.784757 0.649910
vt 0.772778 0.713922
vt 0.752930 0.658060
vt 0.736962 0.561624
vt 0.769601 0.592904
vt 0.724647 0.612723
vt 0.713441 0.670899
vt 0.036893 0.864574
vt 0.064875 0.897244
vt 0.813299 0.229017
vt 0.816863 0.173713
vt 0.806738 0.293887
vt 0.832944 0.020174
vt 0.812397 0.043037
vt 0.807618 0.002573
vt 0.727357 0.788631
vt 0.805938 0.082173
vt 0.683183 0.782243
vt 0.838245 0.705775
vt 0.839376 0.751554
vt 0.832652 0.643096
vt 0.808640 0.607024
vt 0.835697 0.604031
vt 0.812880 0.566364
vt 0.839376 0.561624
vt 0.858497 0.043277
vt 0.823756 0.788947
vt 0.792727 0.764428
vt 0.789904 0.651551
vt 0.064635 0.929073
vt 0.030566 0.928989
vt 0.002573 0.667143
vt 0.002573 0.607347
vt 0.012811 0.731623
vt 0.054119 0.770503
vt 0.094307 0.768559
vt 0.127423 0.750036
vt 0.978232 0.416484
vt 0.973890 0.416411
vt 0.973890 0.166864
vt 0.978232 0.166936
vt 0.467560 0.578183
vt 0.471902 0.578129
vt 0.471902 0.919009
vt 0.467560 0.919063
vt 0.971784 0.431371
vt 0.976132 0.431357
vt 0.976132 0.688586
vt 0.971784 0.688600
vt 0.458083 0.578162
vt 0.462413 0.578129
vt 0.462413 0.924942
vt 0.458082 0.924974
vt 0.263376 0.002573
vt 0.263376 0.350525
vt 0.002573 0.350596
vt 0.002573 0.002644
vt 0.268522 0.350360
vt 0.268522 0.002610
vt 0.529492 0.002573
vt 0.529492 0.350323
s 0
f 1/1/1 2/2/1 16/3/1 15/4/1
f 2/2/2 3/5/2 17/6/2 16/3/2
f 3/5/3 4/7/3 18/8/3 17/6/3
f 4/7/4 5/9/4 19/10/4 18/8/4
f 5/9/5 6/11/5 20/12/5 19/10/5
f 6/11/6 7/13/6 21/14/6 20/12/6
f 7/13/7 8/15/7 22/16/7 21/14/7
f 8/15/8 9/17/8 23/18/8 22/16/8
f 9/17/9 10/19/9 24/20/9 23/18/9
f 10/19/10 11/21/10 25/22/10 24/20/10
f 11/21/11 12/23/11 26/24/11 25/22/11
f 12/23/12 13/25/12 27/26/12 26/24/12
f 13/25/13 14/27/13 28/28/13 27/26/13
f 14/27/14 1/1/14 15/4/14 28/28/14
f 15/29/15 16/30/15 30/31/15 29/32/15
f 16/30/16 17/33/16 31/34/16 30/31/16
f 17/33/17 18/35/17 32/36/17 31/34/17
f 18/37/18 19/38/18 33/39/18 32/40/18
f 19/38/19 20/41/19 34/42/19 33/39/19
f 20/41/20 21/43/20 35/44/20 34/42/20
f 21/43/21 22/45/21 36/46/21 35/44/21
f 22/47/22 23/48/22 37/49/22 36/50/22
f 23/48/23 24/51/23 38/52/23 37/49/23
f 24/51/24 25/53/24 39/54/24 38/52/24
f 25/55/25 26/56/25 40/57/25 39/58/25
f 26/56/26 27/59/26 41/60/26 40/57/26
f 27/59/27 28/61/27 42/62/27 41/60/27
f 28/63/28 15/29/28 29/32/28 42/64/28
f 29/65/29 30/66/29 44/67/29 43/68/29
f 30/66/29 31/69/29 45/70/29 44/67/29
f 31/69/29 32/71/29 46/72/29 45/70/29
f 32/71/29 33/73/29 47/74/29 46/72/29
f 33/73/29 34/75/29 48/76/29 47/74/29
f 34/75/29 35/77/29 49/78/29 48/76/29
f 35/77/29 36/79/29 50/80/29 49/78/29
f 36/79/29 37/81/29 51/82/29 50/80/29
f 37/81/29 38/83/29 52/84/29 51/82/29
f 38/83/29 39/85/29 53/86/29 52/84/29
f 39/85/29 40/87/29 54/88/29 53/86/29
f 40/87/29 41/89/29 55/90/29 54/88/29
f 41/89/29 42/91/29 56/92/29 55/90/29
f 42/91/29 29/65/29 43/68/29 56/92/29
f 43/93/30 44/94/30 58/95/30 57/96/30
f 44/94/31 45/97/31 59/98/31 58/95/31
f 45/97/32 46/99/32 60/100/32 59/98/32
f 46/101/33 47/102/33 61/103/33 60/104/33
f 47/102/34 48/105/34 62/106/34 61/103/34
f 48/105/35 49/107/35 63/108/35 62/106/35
f 49/109/36 50/110/36 64/111/36 63/112/36
f 50/110/37 51/113/37 65/114/37 64/111/37
f 51/113/38 52/115/38 66/116/38 65/114/38
f 52/115/39 53/117/39 67/118/39 66/116/39
f 53/119/40 54/120/40 68/121/40 67/122/40
f 54/120/41 55/123/41 69/124/41 68/121/41
f 55/123/42 56/125/42 70/126/42 69/124/42
f 56/125/43 43/127/43 57/128/43 70/126/43
f 57/129/44 58/130/44 72/131/44 71/132/44
f 58/130/45 59/133/45 73/134/45 72/131/45
f 59/133/46 60/135/46 74/136/46 73/134/46
f 60/135/47 61/137/47 75/138/47 74/136/47
f 61/137/48 62/139/48 76/140/48 75/138/48
f 62/139/49 63/141/49 77/142/49 76/140/49
f 63/141/50 64/143/50 78/144/50 77/142/50
f 64/143/51 65/145/51 79/146/51 78/144/51
f 65/145/52 66/147/52 80/148/52 79/146/52
f 66/147/53 67/149/53 81/150/53 80/148/53
f 67/149/54 68/151/54 82/152/54 81/150/54
f 68/151/55 69/153/55 83/154/55 82/152/55
f 69/153/56 70/155/56 84/156/56 83/154/56
f 70/155/57 57/129/57 71/132/57 84/156/57
f 14/27/58 13/25/58 12/23/58 11/21/58 10/19/58 9/17/58 8/15/58 7/13/58 6/11/58 5/9/58 4/7/58 3/5/58 2/2/58 1/1/58
f 85/157/59 86/158/59 100/159/59 99/160/59
f 86/158/60 87/161/60 101/162/60 100/159/60
f 87/161/61 88/163/61 102/164/61 101/162/61
f 88/163/62 89/165/62 103/166/62 102/164/62
f 89/167/63 90/168/63 104/169/63 103/170/63
f 90/168/64 91/171/64 105/172/64 104/169/64
f 91/171/65 92/173/65 106/174/65 105/172/65
f 92/173/66 93/175/66 107/176/66 106/174/66
f 93/175/67 94/177/67 108/178/67 107/176/67
f 94/179/68 95/180/68 109/181/68 108/182/68
f 95/180/69 96/183/69 110/184/69 109/181/69
f 96/185/70 97/186/70 111/187/70 110/188/70
f 97/186/71 98/189/71 112/190/71 111/187/71
f 98/189/72 85/157/72 99/160/72 112/190/72
f 99/160/73 100/159/73 114/191/73 113/192/73
f 100/159/74 101/162/74 115/193/74 114/191/74
f 101/194/75 102/195/75 116/196/75 115/197/75
f 102/195/76 103/198/76 117/199/76 116/196/76
f 103/198/77 104/200/77 118/201/77 117/199/77
f 104/169/78 105/172/78 119/202/78 118/203/78
f 105/172/79 106/174/79 120/204/79 119/202/79
f 106/174/80 107/176/80 121/205/80 120/204/80
f 107/176/81 108/178/81 122/206/81 121/205/81
f 108/182/82 109/181/82 123/207/82 122/208/82
f 109/181/83 110/184/83 124/209/83 123/207/83
f 110/184/84 111/210/84 125/211/84 124/209/84
f 111/210/85 112/212/85 126/213/85 125/211/85
f 112/190/86 99/160/86 113/192/86 126/214/86
f 113/215/87 114/216/87 128/217/87 127/218/87
f 114/216/87 115/219/87 129/220/87 128/217/87
f 115/219/87 116/221/87 130/222/87 129/220/87
f 116/221/87 117/223/87 131/224/87 130/222/87
f 117/223/87 118/225/87 132/226/87 131/224/87
f 118/225/87 119/227/87 133/228/87 132/226/87
f 119/227/87 120/229/87 134/230/87 133/228/87
f 120/229/87 121/231/87 135/232/87 134/230/87
f 121/231/87 122/233/87 136/234/87 135/232/87
f 122/233/87 123/235/87 137/236/87 136/234/87
f 123/235/87 124/237/87 138/238/87 137/236/87
f 124/237/87 125/239/87 139/240/87 138/238/87
f 125/239/87 126/241/87 140/242/87 139/240/87
f 126/241/87 113/215/87 127/218/87 140/242/87
f 127/243/88 128/244/88 142/245/88 141/246/88
f 128/244/89 129/247/89 143/248/89 142/245/89
f 129/249/90 130/250/90 144/251/90 143/252/90
f 130/250/91 131/253/91 145/254/91 144/251/91
f 131/253/92 132/255/92 146/256/92 145/254/92
f 132/226/93 133/228/93 147/257/93 146/258/93
f 133/228/94 134/230/94 148/259/94 147/257/94
f 134/230/95 135/232/95 149/260/95 148/259/95
f 135/261/96 136/262/96 150/263/96 149/264/96
f 136/262/97 137/265/97 151/266/97 150/263/97
f 137/265/98 138/267/98 152/268/98 151/266/98
f 138/267/99 139/269/99 153/270/99 152/268/99
f 139/271/100 140/272/100 154/273/100 153/274/100
f 140/272/101 127/275/101 141/276/101 154/273/101
f 141/277/102 142/278/102 156/279/102 155/280/102
f 142/278/103 143/281/103 157/282/103 156/279/103
f 143/281/104 144/283/104 158/284/104 157/282/104
f 144/283/105 145/285/105 159/286/105 158/284/105
f 145/285/106 146/258/106 160/287/106 159/286/106
f 146/258/107 147/257/107 161/288/107 160/287/107
f 147/257/108 148/259/108 162/289/108 161/288/108
f 148/259/109 149/260/109 163/290/109 162/289/109
f 149/260/110 150/291/110 164/292/110 163/290/110
f 150/291/111 151/293/111 165/294/111 164/292/111
f 151/293/112 152/295/112 166/296/112 165/294/112
f 152/295/113 153/297/113 167/298/113 166/296/113
f 153/297/114 154/299/114 168/300/114 167/298/114
f 154/299/115 141/277/115 155/280/115 168/300/115
f 98/189/116 97/186/116 96/185/116 95/301/116 94/302/116 93/303/116 92/304/116 91/305/116 90/306/116 89/165/116 88/163/116 87/161/116 86/158/116 85/157/116
s 1
f 169/307/117 182/308/118 181/309/119
f 170/310/120 182/308/118 184/311/121
f 169/307/117 181/309/119 186/312/122
f 169/307/117 186/312/122 188/313/123
f 169/307/117 188/313/123 185/314/124
f 170/315/120 184/316/121 191/317/125
f 171/318/126 183/319/127 193/320/128
f 172/321/129 187/322/130 195/323/131
f 173/324/132 189/325/133 197/326/134
f 174/327/135 190/328/136 199/329/137
f 170/330/120 191/331/125 194/332/138
f 171/333/126 193/334/128 196/335/139
f 172/321/129 195/323/131 198/336/140
f 173/324/132 197/326/134 200/337/141
f 174/327/135 199/329/137 192/338/142
f 175/339/143 201/340/144 206/341/145
f 176/342/146 202/343/147 208/344/148
f 177/345/149 203/346/150 209/347/151
f 178/348/152 204/349/153 210/350/154
f 179/351/155 205/352/156 207/353/157
f 207/354/157 210/350/154 180/355/158
f 207/354/157 205/356/156 210/350/154
f 205/356/156 178/348/152 210/350/154
f 210/350/154 209/347/151 180/355/158
f 210/350/154 204/349/153 209/347/151
f 204/349/153 177/345/149 209/347/151
f 209/347/151 208/357/148 180/355/158
f 209/347/151 203/346/150 208/357/148
f 203/358/150 176/342/146 208/344/148
f 208/357/148 206/359/145 180/355/158
f 208/357/148 202/360/147 206/359/145
f 202/361/147 175/339/143 206/341/145
f 206/359/145 207/354/157 180/355/158
f 206/341/145 201/340/144 207/362/157
f 201/363/144 179/351/155 207/353/157
f 192/364/142 205/365/156 179/366/155
f 192/364/142 199/367/137 205/365/156
f 199/368/137 178/369/152 205/370/156
f 200/337/141 204/371/153 178/372/152
f 200/337/141 197/326/134 204/371/153
f 197/326/134 177/373/149 204/371/153
f 198/336/140 203/358/150 177/374/149
f 198/336/140 195/323/131 203/358/150
f 195/323/131 176/342/146 203/358/150
f 196/335/139 202/343/147 176/342/146
f 196/335/139 193/334/128 202/343/147
f 193/320/128 175/339/143 202/361/147
f 194/332/138 201/340/144 175/339/143
f 194/332/138 191/331/125 201/340/144
f 191/317/125 179/351/155 201/363/144
f 199/329/137 200/337/141 178/372/152
f 199/329/137 190/328/136 200/337/141
f 190/328/136 173/324/132 200/337/141
f 197/375/134 198/336/140 177/374/149
f 197/375/134 189/376/133 198/336/140
f 189/376/133 172/321/129 198/336/140
f 195/323/131 196/335/139 176/342/146
f 195/323/131 187/322/130 196/335/139
f 187/322/130 171/333/126 196/335/139
f 193/320/128 194/332/138 175/339/143
f 193/320/128 183/319/127 194/332/138
f 183/319/127 170/330/120 194/332/138
f 191/317/125 192/377/142 179/351/155
f 191/317/125 184/316/121 192/377/142
f 184/316/121 174/378/135 192/377/142
f 185/314/124 190/379/136 174/380/135
f 185/314/124 188/313/123 190/379/136
f 188/313/123 173/381/132 190/379/136
f 188/313/123 189/382/133 173/381/132
f 188/313/123 186/312/122 189/382/133
f 186/383/122 172/321/129 189/376/133
f 186/383/122 187/322/130 172/321/129
f 186/383/122 181/384/119 187/322/130
f 181/384/119 171/333/126 187/322/130
f 184/311/121 185/314/124 174/380/135
f 184/311/121 182/308/118 185/314/124
f 182/308/118 169/307/117 185/314/124
f 181/309/119 183/385/127 171/386/126
f 181/309/119 182/308/118 183/385/127
f 182/308/118 170/310/120 183/385/127
f 211/387/159 224/388/160 223/389/161
f 212/390/162 224/388/160 226/391/163
f 211/387/159 223/389/161 228/392/164
f 211/387/159 228/392/164 230/393/165
f 211/387/159 230/393/165 227/394/166
f 212/395/162 226/396/163 233/397/167
f 213/398/168 225/399/169 235/400/170
f 214/401/171 229/402/172 237/403/173
f 215/404/174 231/405/175 239/406/176
f 216/407/177 232/408/178 241/409/179
f 212/410/162 233/411/167 236/412/180
f 213/398/168 235/400/170 238/413/181
f 214/401/171 237/403/173 240/414/182
f 215/404/174 239/406/176 242/415/183
f 216/407/177 241/409/179 234/416/184
f 217/417/185 243/418/186 248/419/187
f 218/420/188 244/421/189 250/422/190
f 219/423/191 245/424/192 251/425/193
f 220/426/194 246/427/195 252/428/196
f 221/429/197 247/430/198 249/431/199
f 249/432/199 252/428/196 222/433/200
f 249/432/199 247/434/198 252/428/196
f 247/434/198 220/426/194 252/428/196
f 252/428/196 251/425/193 222/433/200
f 252/428/196 246/427/195 251/425/193
f 246/427/195 219/423/191 251/425/193
f 251/425/193 250/422/190 222/433/200
f 251/425/193 245/424/192 250/422/190
f 245/435/192 218/436/188 250/437/190
f 250/422/190 248/438/187 222/433/200
f 250/422/190 244/421/189 248/438/187
f 244/439/189 217/417/185 248/419/187
f 248/438/187 249/432/199 222/433/200
f 248/438/187 243/440/186 249/432/199
f 243/441/186 221/429/197 249/431/199
f 234/416/184 247/430/198 221/429/197
f 234/416/184 241/409/179 247/430/198
f 241/409/179 220/442/194 247/430/198
f 242/415/183 246/443/195 220/444/194
f 242/415/183 239/406/176 246/443/195
f 239/406/176 219/445/191 246/443/195
f 240/414/182 245/435/192 219/446/191
f 240/414/182 237/403/173 245/435/192
f 237/403/173 218/436/188 245/435/192
f 238/447/181 244/448/189 218/436/188
f 238/413/181 235/400/170 244/439/189
f 235/400/170 217/417/185 244/439/189
f 236/412/180 243/418/186 217/417/185
f 236/412/180 233/411/167 243/418/186
f 233/397/167 221/429/197 243/441/186
f 241/449/179 242/415/183 220/444/194
f 241/449/179 232/450/178 242/415/183
f 232/450/178 215/404/174 242/415/183
f 239/406/176 240/451/182 219/445/191
f 239/406/176 231/405/175 240/451/182
f 231/452/175 214/401/171 240/414/182
f 237/403/173 238/447/181 218/436/188
f 237/403/173 229/402/172 238/447/181
f 229/453/172 213/398/168 238/413/181
f 235/400/170 236/412/180 217/417/185
f 235/400/170 225/399/169 236/412/180
f 225/399/169 212/410/162 236/412/180
f 233/397/167 234/416/184 221/429/197
f 233/397/167 226/396/163 234/416/184
f 226/396/163 216/407/177 234/416/184
f 227/394/166 232/454/178 216/455/177
f 227/394/166 230/393/165 232/454/178
f 230/456/165 215/404/174 232/450/178
f 230/456/165 231/405/175 215/404/174
f 230/393/165 228/392/164 231/457/175
f 228/458/164 214/401/171 231/452/175
f 228/458/164 229/402/172 214/401/171
f 228/392/164 223/389/161 229/459/172
f 223/389/161 213/460/168 229/459/172
f 226/391/163 227/394/166 216/455/177
f 226/391/163 224/388/160 227/394/166
f 224/388/160 211/387/159 227/394/166
f 223/389/161 225/461/169 213/460/168
f 223/389/161 224/388/160 225/461/169
f 224/388/160 212/390/162 225/461/169
f 253/462/201 266/463/202 265/464/203
f 254/465/204 266/463/202 268/466/205
f 253/462/201 265/464/203 270/467/206
f 253/462/201 270/467/206 272/468/207
f 253/462/201 272/468/207 269/469/208
f 254/470/204 268/471/205 275/472/209
f 255/473/210 267/474/211 277/475/212
f 256/476/213 271/477/214 279/478/215
f 257/479/216 273/480/217 281/481/218
f 258/482/219 274/483/220 283/484/221
f 254/485/204 275/486/209 278/487/222
f 255/488/210 277/489/212 280/490/223
f 256/476/213 279/478/215 282/491/224
f 257/479/216 281/481/218 284/492/225
f 258/482/219 283/484/221 276/493/226
f 259/494/227 285/495/228 290/496/229
f 260/497/230 286/498/231 292/499/232
f 261/500/233 287/501/234 293/502/235
f 262/503/236 288/504/237 294/505/238
f 263/506/239 289/507/240 291/508/241
f 291/508/241 294/505/238 264/509/242
f 291/510/241 289/511/240 294/512/238
f 289/511/240 262/513/236 294/512/238
f 294/505/238 293/514/235 264/509/242
f 294/505/238 288/504/237 293/514/235
f 288/515/237 261/500/233 293/502/235
f 293/514/235 292/499/232 264/509/242
f 293/514/235 287/516/234 292/499/232
f 287/516/234 260/497/230 292/499/232
f 292/499/232 290/517/229 264/509/242
f 292/499/232 286/498/231 290/517/229
f 286/518/231 259/494/227 290/496/229
f 290/517/229 291/508/241 264/509/242
f 290/517/229 285/519/228 291/508/241
f 285/519/228 263/506/239 291/508/241
f 276/493/226 289/511/240 263/520/239
f 276/493/226 283/484/221 289/511/240
f 283/484/221 262/513/236 289/511/240
f 284/492/225 288/515/237 262/521/236
f 284/492/225 281/481/218 288/515/237
f 281/481/218 261/500/233 288/515/237
f 282/522/224 287/501/234 261/500/233
f 282/491/224 279/478/215 287/523/234
f 279/478/215 260/524/230 287/523/234
f 280/490/223 286/525/231 260/524/230
f 280/526/223 277/475/212 286/518/231
f 277/475/212 259/494/227 286/518/231
f 278/487/222 285/495/228 259/494/227
f 278/487/222 275/486/209 285/495/228
f 275/486/209 263/527/239 285/495/228
f 283/484/221 284/528/225 262/513/236
f 283/484/221 274/483/220 284/528/225
f 274/529/220 257/479/216 284/492/225
f 281/481/218 282/522/224 261/500/233
f 281/481/218 273/480/217 282/522/224
f 273/480/217 256/530/213 282/522/224
f 279/478/215 280/490/223 260/524/230
f 279/478/215 271/477/214 280/490/223
f 271/477/214 255/488/210 280/490/223
f 277/475/212 278/487/222 259/494/227
f 277/475/212 267/474/211 278/487/222
f 267/474/211 254/485/204 278/487/222
f 275/472/209 276/493/226 263/520/239
f 275/472/209 268/471/205 276/493/226
f 268/471/205 258/482/219 276/493/226
f 269/531/208 274/483/220 258/482/219
f 269/469/208 272/468/207 274/532/220
f 272/533/207 257/479/216 274/529/220
f 272/533/207 273/480/217 257/479/216
f 272/468/207 270/467/206 273/534/217
f 270/467/206 256/535/213 273/534/217
f 270/467/206 271/536/214 256/535/213
f 270/467/206 265/464/203 271/536/214
f 265/537/203 255/488/210 271/477/214
f 268/471/205 269/531/208 258/482/219
f 268/466/205 266/463/202 269/469/208
f 266/463/202 253/462/201 269/469/208
f 265/538/203 267/474/211 255/473/210
f 265/464/203 266/463/202 267/539/211
f 266/463/202 254/465/204 267/539/211
f 295/540/243 308/541/244 307/542/245
f 296/543/246 308/544/244 310/545/247
f 295/540/243 307/542/245 312/546/248
f 295/540/243 312/546/248 314/547/249
f 295/540/243 314/547/249 311/548/250
f 296/543/246 310/545/247 317/549/251
f 297/550/252 309/551/253 319/552/254
f 298/553/255 313/554/256 321/555/257
f 299/556/258 315/557/259 323/558/260
f 300/559/261 316/560/262 325/561/263
f 296/562/246 317/563/251 320/564/264
f 297/550/252 319/552/254 322/565/265
f 298/553/255 321/555/257 324/566/266
f 299/556/258 323/558/260 326/567/267
f 300/559/261 325/561/263 318/568/268
f 301/569/269 327/570/270 332/571/271
f 302/572/272 328/573/273 334/574/274
f 303/575/275 329/576/276 335/577/277
f 304/578/278 330/579/279 336/580/280
f 305/581/281 331/582/282 333/583/283
f 333/583/283 336/584/280 306/585/284
f 333/583/283 331/582/282 336/584/280
f 331/582/282 304/586/278 336/584/280
f 336/584/280 335/577/277 306/585/284
f 336/584/280 330/587/279 335/577/277
f 330/587/279 303/575/275 335/577/277
f 335/577/277 334/588/274 306/585/284
f 335/577/277 329/576/276 334/588/274
f 329/589/276 302/572/272 334/574/274
f 334/588/274 332/590/271 306/585/284
f 334/588/274 328/591/273 332/590/271
f 328/592/273 301/569/269 332/571/271
f 332/590/271 333/583/283 306/585/284
f 332/590/271 327/593/270 333/583/283
f 327/593/270 305/581/281 333/583/283
f 318/568/268 331/594/282 305/595/281
f 318/568/268 325/561/263 331/594/282
f 325/561/263 304/596/278 331/594/282
f 326/567/267 330/579/279 304/578/278
f 326/567/267 323/558/260 330/579/279
f 323/558/260 303/597/275 330/579/279
f 324/566/266 329/589/276 303/598/275
f 324/566/266 321/555/257 329/589/276
f 321/555/257 302/572/272 329/589/276
f 322/599/265 328/573/273 302/572/272
f 322/565/265 319/552/254 328/592/273
f 319/552/254 301/569/269 328/592/273
f 320/564/264 327/570/270 301/569/269
f 320/564/264 317/563/251 327/570/270
f 317/563/251 305/600/281 327/570/270
f 325/601/263 326/567/267 304/578/278
f 325/601/263 316/602/262 326/567/267
f 316/602/262 299/556/258 326/567/267
f 323/603/260 324/566/266 303/598/275
f 323/603/260 315/604/259 324/566/266
f 315/604/259 298/553/255 324/566/266
f 321/555/257 322/599/265 302/572/272
f 321/555/257 313/554/256 322/599/265
f 313/554/256 297/605/252 322/599/265
f 319/552/254 320/564/264 301/569/269
f 319/552/254 309/551/253 320/564/264
f 309/551/253 296/562/246 320/564/264
f 317/549/251 318/568/268 305/595/281
f 317/549/251 310/545/247 318/568/268
f 310/545/247 300/559/261 318/568/268
f 311/548/250 316/606/262 300/607/261
f 311/548/250 314/547/249 316/606/262
f 314/547/249 299/608/258 316/606/262
f 314/547/249 315/609/259 299/608/258
f 314/547/249 312/546/248 315/609/259
f 312/546/248 298/610/255 315/609/259
f 312/611/248 313/554/256 298/553/255
f 312/611/248 307/612/245 313/554/256
f 307/612/245 297/605/252 313/554/256
f 310/545/247 311/613/250 300/559/261
f 310/614/247 308/541/244 311/548/250
f 308/541/244 295/540/243 311/548/250
f 307/542/245 309/615/253 297/616/252
f 307/542/245 308/541/244 309/615/253
f 308/617/244 296/562/246 309/551/253
f 337/618/285 350/619/286 349/620/287
f 338/621/288 350/619/286 352/622/289
f 337/618/285 349/620/287 354/623/290
f 337/618/285 354/623/290 356/624/291
f 337/618/285 356/624/291 353/625/292
f 338/626/288 352/627/289 359/628/293
f 339/629/294 351/630/295 361/631/296
f 340/632/297 355/633/298 363/634/299
f 341/635/300 357/636/301 365/637/302
f 342/638/303 358/639/304 367/640/305
f 338/641/288 359/642/293 362/643/306
f 339/629/294 361/631/296 364/644/307
f 340/645/297 363/646/299 366/647/308
f 341/648/300 365/649/302 368/650/309
f 342/638/303 367/640/305 360/651/310
f 343/652/311 369/653/312 374/654/313
f 344/655/314 370/656/315 376/657/316
f 345/658/317 371/659/318 377/660/319
f 346/661/320 372/662/321 378/663/322
f 347/664/323 373/665/324 375/666/325
f 375/666/325 378/663/322 348/667/326
f 375/666/325 373/665/324 378/663/322
f 373/668/324 346/669/320 378/670/322
f 378/663/322 377/671/319 348/667/326
f 378/663/322 372/662/321 377/671/319
f 372/672/321 345/658/317 377/660/319
f 377/671/319 376/673/316 348/667/326
f 377/671/319 371/674/318 376/673/316
f 371/674/318 344/675/314 376/673/316
f 376/673/316 374/654/313 348/667/326
f 376/673/316 370/676/315 374/654/313
f 370/676/315 343/652/311 374/654/313
f 374/654/313 375/666/325 348/667/326
f 374/654/313 369/653/312 375/666/325
f 369/653/312 347/664/323 375/666/325
f 360/651/310 373/668/324 347/677/323
f 360/651/310 367/640/305 373/668/324
f 367/640/305 346/669/320 373/668/324
f 368/650/309 372/678/321 346/669/320
f 368/650/309 365/649/302 372/678/321
f 365/637/302 345/658/317 372/672/321
f 366/647/308 371/659/318 345/658/317
f 366/647/308 363/646/299 371/659/318
f 363/679/299 344/655/314 371/680/318
f 364/644/307 370/656/315 344/655/314
f 364/644/307 361/631/296 370/656/315
f 361/631/296 343/681/311 370/656/315
f 362/643/306 369/682/312 343/683/311
f 362/643/306 359/642/293 369/682/312
f 359/642/293 347/684/323 369/682/312
f 367/640/305 368/650/309 346/669/320
f 367/640/305 358/639/304 368/650/309
f 358/639/304 341/648/300 368/650/309
f 365/637/302 366/647/308 345/658/317
f 365/637/302 357/636/301 366/647/308
f 357/636/301 340/645/297 366/647/308
f 363/679/299 364/644/307 344/655/314
f 363/679/299 355/685/298 364/644/307
f 355/685/298 339/629/294 364/644/307
f 361/686/296 362/643/306 343/683/311
f 361/686/296 351/687/295 362/643/306
f 351/687/295 338/641/288 362/643/306
f 359/628/293 360/651/310 347/677/323
f 359/628/293 352/627/289 360/651/310
f 352/627/289 342/638/303 360/651/310
f 353/688/292 358/639/304 342/638/303
f 353/688/292 356/689/291 358/639/304
f 356/689/291 341/648/300 358/639/304
f 356/690/291 357/636/301 341/635/300
f 356/624/291 354/623/290 357/691/301
f 354/692/290 340/645/297 357/636/301
f 354/693/290 355/694/298 340/695/297
f 354/623/290 349/620/287 355/696/298
f 349/697/287 339/629/294 355/685/298
f 352/627/289 353/688/292 342/638/303
f 352/622/289 350/619/286 353/625/292
f 350/619/286 337/618/285 353/625/292
f 349/697/287 351/630/295 339/629/294
f 349/620/287 350/619/286 351/698/295
f 350/619/286 338/621/288 351/698/295
f 379/699/327 392/700/328 391/701/329
f 380/702/330 392/700/328 394/703/331
f 379/699/327 391/701/329 396/704/332
f 379/699/327 396/704/332 398/705/333
f 379/699/327 398/705/333 395/706/334
f 380/707/330 394/708/331 401/709/335
f 381/710/336 393/711/337 403/712/338
f 382/713/339 397/714/340 405/715/341
f 383/716/342 399/717/343 407/718/344
f 384/719/345 400/720/346 409/721/347
f 380/722/330 401/723/335 404/724/348
f 381/710/336 403/712/338 406/725/349
f 382/713/339 405/715/341 408/726/350
f 383/716/342 407/718/344 410/727/351
f 384/719/345 409/721/347 402/728/352
f 385/729/353 411/730/354 416/731/355
f 386/732/356 412/733/357 418/734/358
f 387/735/359 413/736/360 419/737/361
f 388/738/362 414/739/363 420/740/364
f 389/741/365 415/742/366 417/743/367
f 417/743/367 420/744/364 390/745/368
f 417/743/367 415/742/366 420/744/364
f 415/746/366 388/738/362 420/740/364
f 420/744/364 419/737/361 390/745/368
f 420/744/364 414/747/363 419/737/361
f 414/748/363 387/749/359 419/750/361
f 419/737/361 418/734/358 390/745/368
f 419/737/361 413/736/360 418/734/358
f 413/751/360 386/752/356 418/753/358
f 418/734/358 416/754/355 390/745/368
f 418/734/358 412/733/357 416/754/355
f 412/755/357 385/729/353 416/731/355
f 416/754/355 417/743/367 390/745/368
f 416/754/355 411/756/354 417/743/367
f 411/756/354 389/741/365 417/743/367
f 402/728/352 415/746/366 389/757/365
f 402/728/352 409/721/347 415/746/366
f 409/721/347 388/738/362 415/746/366
f 410/758/351 414/739/363 388/738/362
f 410/727/351 407/718/344 414/748/363
f 407/718/344 387/749/359 414/748/363
f 408/726/350 413/751/360 387/759/359
f 408/726/350 405/715/341 413/751/360
f 405/715/341 386/752/356 413/751/360
f 406/760/349 412/761/357 386/752/356
f 406/725/349 403/712/338 412/755/357
f 403/712/338 385/729/353 412/755/357
f 404/724/348 411/730/354 385/729/353
f 404/724/348 401/723/335 411/730/354
f 401/723/335 389/762/365 411/730/354
f 409/721/347 410/758/351 388/738/362
f 409/721/347 400/720/346 410/758/351
f 400/763/346 383/716/342 410/727/351
f 407/718/344 408/764/350 387/749/359
f 407/718/344 399/717/343 408/764/350
f 399/717/343 382/765/339 408/764/350
f 405/715/341 406/760/349 386/752/356
f 405/715/341 397/714/340 406/760/349
f 397/714/340 381/766/336 406/760/349
f 403/712/338 404/724/348 385/729/353
f 403/712/338 393/711/337 404/724/348
f 393/711/337 380/722/330 404/724/348
f 401/709/335 402/728/352 389/757/365
f 401/709/335 394/708/331 402/728/352
f 394/708/331 384/719/345 402/728/352
f 395/767/334 400/720/346 384/719/345
f 395/706/334 398/705/333 400/768/346
f 398/705/333 383/769/342 400/768/346
f 398/705/333 399/770/343 383/769/342
f 398/705/333 396/704/332 399/770/343
f 396/704/332 382/771/339 399/770/343
f 396/704/332 397/772/340 382/771/339
f 396/704/332 391/701/329 397/772/340
f 391/773/329 381/766/336 397/714/340
f 394/708/331 395/767/334 384/719/345
f 394/703/331 392/700/328 395/706/334
f 392/700/328 379/699/327 395/706/334
f 391/774/329 393/711/337 381/710/336
f 391/701/329 392/700/328 393/775/337
f 392/776/328 380/722/330 393/711/337
f 421/777/369 434/778/370 433/779/371
f 422/780/372 434/778/370 436/781/373
f 421/777/369 433/779/371 438/782/374
f 421/777/369 438/782/374 440/783/375
f 421/777/369 440/783/375 437/784/376
f 422/785/372 436/786/373 443/787/377
f 423/788/378 435/789/379 445/790/380
f 424/791/381 439/792/382 447/793/383
f 425/794/384 441/795/385 449/796/386
f 426/797/387 442/798/388 451/799/389
f 422/785/372 443/787/377 446/800/390
f 423/801/378 445/802/380 448/803/391
f 424/791/381 447/793/383 450/804/392
f 425/794/384 449/796/386 452/805/393
f 426/797/387 451/799/389 444/806/394
f 427/807/395 453/808/396 458/809/397
f 428/810/398 454/811/399 460/812/400
f 429/813/401 455/814/402 461/815/403
f 430/816/404 456/817/405 462/818/406
f 431/819/407 457/820/408 459/821/409
f 459/821/409 462/822/406 432/823/410
f 459/821/409 457/820/408 462/822/406
f 457/824/408 430/816/404 462/818/406
f 462/822/406 461/815/403 432/823/410
f 462/822/406 456/825/405 461/815/403
f 456/825/405 429/813/401 461/815/403
f 461/815/403 460/826/400 432/823/410
f 461/815/403 455/814/402 460/826/400
f 455/827/402 428/810/398 460/812/400
f 460/826/400 458/809/397 432/823/410
f 460/826/400 454/828/399 458/809/397
f 454/828/399 427/807/395 458/809/397
f 458/809/397 459/821/409 432/823/410
f 458/809/397 453/808/396 459/821/409
f 453/829/396 431/830/407 459/831/409
f 444/806/394 457/824/408 431/832/407
f 444/806/394 451/799/389 457/824/408
f 451/799/389 430/816/404 457/824/408
f 452/833/393 456/817/405 430/816/404
f 452/805/393 449/796/386 456/834/405
f 449/796/386 429/835/401 456/834/405
f 450/836/392 455/837/402 429/835/401
f 450/804/392 447/793/383 455/827/402
f 447/793/383 428/810/398 455/827/402
f 448/803/391 454/811/399 428/810/398
f 448/803/391 445/802/380 454/811/399
f 445/790/380 427/838/395 454/839/399
f 446/800/390 453/829/396 427/838/395
f 446/800/390 443/787/377 453/829/396
f 443/787/377 431/830/407 453/829/396
f 451/799/389 452/833/393 430/816/404
f 451/840/389 442/841/388 452/842/393
f 442/843/388 425/844/384 452/845/393
f 449/796/386 450/836/392 429/835/401
f 449/796/386 441/795/385 450/836/392
f 441/846/385 424/791/381 450/804/392
f 447/793/383 448/803/391 428/810/398
f 447/793/383 439/792/382 448/803/391
f 439/792/382 423/801/378 448/803/391
f 445/790/380 446/800/390 427/838/395
f 445/790/380 435/789/379 446/800/390
f 435/789/379 422/785/372 446/800/390
f 443/847/377 444/806/394 431/832/407
f 443/847/377 436/848/373 444/806/394
f 436/848/373 426/797/387 444/806/394
f 437/784/376 442/849/388 426/850/387
f 437/851/376 440/852/375 442/843/388
f 440/852/375 425/844/384 442/843/388
f 440/853/375 441/795/385 425/794/384
f 440/783/375 438/782/374 441/854/385
f 438/855/374 424/791/381 441/846/385
f 438/855/374 439/792/382 424/791/381
f 438/782/374 433/779/371 439/856/382
f 433/779/371 423/857/378 439/856/382
f 436/781/373 437/784/376 426/850/387
f 436/781/373 434/778/370 437/784/376
f 434/778/370 421/777/369 437/784/376
f 433/779/371 435/858/379 423/857/378
f 433/779/371 434/778/370 435/858/379
f 434/778/370 422/780/372 435/858/379
f 463/859/411 464/860/412 465/861/413
f 464/860/412 463/859/411 468/862/414
f 463/859/411 465/861/413 466/863/415
f 463/859/411 466/863/415 467/864/416
f 463/859/411 467/864/416 468/862/414
f 464/865/412 468/866/414 473/867/417
f 465/868/413 464/869/412 469/870/418
f 466/871/415 465/872/413 470/873/419
f 467/874/416 466/871/415 471/875/420
f 468/876/414 467/877/416 472/878/421
f 464/865/412 473/867/417 469/879/418
f 465/868/413 469/870/418 470/880/419
f 466/871/415 470/873/419 471/875/420
f 467/877/416 471/881/420 472/878/421
f 468/866/414 472/882/421 473/867/417
f 469/883/418 473/884/417 474/885/422
f 470/880/419 469/870/418 474/886/422
f 471/887/420 470/888/419 474/885/422
f 472/889/421 471/887/420 474/885/422
f 473/884/417 472/889/421 474/885/422
f 475/890/423 476/891/424 477/892/425
f 476/891/424 475/890/423 480/893/426
f 475/890/423 477/892/425 478/894/427
f 475/895/423 478/896/427 479/897/428
f 475/898/423 479/899/428 480/900/426
f 476/901/424 480/902/426 485/903/429
f 477/904/425 476/905/424 481/906/430
f 478/907/427 477/904/425 482/908/431
f 479/897/428 478/896/427 483/909/432
f 480/900/426 479/899/428 484/910/433
f 476/901/424 485/903/429 481/911/430
f 477/904/425 481/906/430 482/908/431
f 478/896/427 482/912/431 483/909/432
f 479/899/428 483/913/432 484/910/433
f 480/902/426 484/914/433 485/903/429
f 481/915/430 485/916/429 486/917/434
f 482/908/431 481/906/430 486/918/434
f 483/919/432 482/920/431 486/917/434
f 484/921/433 483/919/432 486/917/434
f 485/916/429 484/921/433 486/917/434
f 487/922/435 488/923/436 489/924/437
f 488/923/436 487/922/435 492/925/438
f 487/922/435 489/924/437 490/926/439
f 487/922/435 490/926/439 491/927/440
f 487/922/435 491/927/440 492/925/438
f 488/928/436 492/929/438 497/930/441
f 489/931/437 488/932/436 493/933/442
f 490/934/439 489/931/437 494/935/443
f 491/936/440 490/937/439 495/938/444
f 492/939/438 491/940/440 496/941/445
f 488/928/436 497/930/441 493/942/442
f 489/931/437 493/933/442 494/935/443
f 490/937/439 494/943/443 495/938/444
f 491/940/440 495/944/444 496/941/445
f 492/929/438 496/945/445 497/930/441
f 493/946/442 497/947/441 498/948/446
f 494/949/443 493/946/442 498/948/446
f 495/950/444 494/949/443 498/948/446
f 496/951/445 495/950/444 498/948/446
f 497/947/441 496/951/445 498/948/446
f 499/952/447 500/953/448 501/954/449
f 500/953/448 499/952/447 504/955/450
f 499/952/447 501/954/449 502/956/451
f 499/957/447 502/958/451 503/959/452
f 499/952/447 503/960/452 504/955/450
f 500/961/448 504/962/450 509/963/453
f 501/964/449 500/965/448 505/966/454
f 502/967/451 501/968/449 506/969/455
f 503/959/452 502/958/451 507/970/456
f 504/971/450 503/959/452 508/972/457
f 500/965/448 509/973/453 505/966/454
f 501/964/449 505/966/454 506/974/455
f 502/967/451 506/969/455 507/975/456
f 503/959/452 507/970/456 508/972/457
f 504/962/450 508/976/457 509/963/453
f 505/977/454 509/978/453 510/979/458
f 506/980/455 505/977/454 510/979/458
f 507/981/456 506/980/455 510/979/458
f 508/982/457 507/981/456 510/979/458
f 509/978/453 508/982/457 510/979/458
f 511/983/459 512/984/460 513/985/461
f 512/984/460 511/983/459 516/986/462
f 511/983/459 513/985/461 514/987/463
f 511/983/459 514/987/463 515/988/464
f 511/983/459 515/988/464 516/986/462
f 512/989/460 516/990/462 521/991/465
f 513/992/461 512/989/460 517/993/466
f 514/994/463 513/995/461 518/996/467
f 515/997/464 514/998/463 519/999/468
f 516/1000/462 515/1001/464 520/1002/469
f 512/989/460 521/991/465 517/993/466
f 513/995/461 517/1003/466 518/996/467
f 514/998/463 518/1004/467 519/999/468
f 515/1001/464 519/1005/468 520/1002/469
f 516/1000/462 520/1002/469 521/1006/465
f 517/1007/466 521/1008/465 522/1009/470
f 518/1010/467 517/1007/466 522/1009/470
f 519/1011/468 518/1010/467 522/1009/470
f 520/1012/469 519/1011/468 522/1009/470
f 521/1008/465 520/1012/469 522/1009/470
f 523/1013/471 524/1014/472 525/1015/473
f 524/1014/472 523/1013/471 528/1016/474
f 523/1013/471 525/1015/473 526/1017/475
f 523/1018/471 526/1019/475 527/1020/476
f 523/1013/471 527/1021/476 528/1016/474
f 524/1022/472 528/1023/474 533/1024/477
f 525/1025/473 524/1026/472 529/1027/478
f 526/1028/475 525/1029/473 530/1030/479
f 527/1020/476 526/1019/475 531/1031/480
f 528/1023/474 527/1032/476 532/1033/481
f 524/1026/472 533/1034/477 529/1027/478
f 525/1029/473 529/1035/478 530/1030/479
f 526/1019/475 530/1036/479 531/1031/480
f 527/1020/476 531/1031/480 532/1037/481
f 528/1023/474 532/1033/481 533/1024/477
f 529/1038/478 533/1039/477 534/1040/482
f 530/1030/479 529/1035/478 534/1041/482
f 531/1042/480 530/1043/479 534/1040/482
f 532/1044/481 531/1042/480 534/1040/482
f 533/1039/477 532/1044/481 534/1040/482
f 535/1045/483 536/1046/484 537/1047/485
f 536/1046/484 535/1045/483 540/1048/486
f 535/1045/483 537/1047/485 538/1049/487
f 535/1045/483 538/1049/487 539/1050/488
f 535/1045/483 539/1050/488 540/1048/486
f 536/1051/484 540/1052/486 545/1053/489
f 537/1054/485 536/1055/484 541/1056/490
f 538/1057/487 537/1058/485 542/1059/491
f 539/1060/488 538/1061/487 543/1062/492
f 540/1052/486 539/1063/488 544/1064/493
f 536/1055/484 545/1065/489 541/1056/490
f 537/1058/485 541/1066/490 542/1059/491
f 538/1061/487 542/1067/491 543/1062/492
f 539/1060/488 543/1062/492 544/1068/493
f 540/1052/486 544/1064/493 545/1053/489
f 541/1069/490 545/1070/489 546/1071/494
f 542/1059/491 541/1066/490 546/1072/494
f 543/1073/492 542/1074/491 546/1071/494
f 544/1075/493 543/1073/492 546/1071/494
f 545/1070/489 544/1075/493 546/1071/494
f 547/1076/495 548/1077/496 549/1078/497
f 548/1077/496 547/1076/495 552/1079/498
f 547/1076/495 549/1078/497 550/1080/499
f 547/1076/495 550/1080/499 551/1081/500
f 547/1076/495 551/1081/500 552/1079/498
f 548/1082/496 552/1083/498 557/1084/501
f 549/1085/497 548/1086/496 553/1087/502
f 550/1088/499 549/1085/497 554/1089/503
f 551/1090/500 550/1091/499 555/1092/504
f 552/1093/498 551/1094/500 556/1095/505
f 548/1082/496 557/1084/501 553/1096/502
f 549/1085/497 553/1087/502 554/1089/503
f 550/1091/499 554/1097/503 555/1092/504
f 551/1094/500 555/1098/504 556/1095/505
f 552/1083/498 556/1099/505 557/1084/501
f 553/1100/502 557/1101/501 558/1102/506
f 554/1103/503 553/1100/502 558/1102/506
f 555/1104/504 554/1103/503 558/1102/506
f 556/1105/505 555/1104/504 558/1102/506
f 557/1101/501 556/1105/505 558/1102/506
f 559/1106/507 560/1107/508 561/1108/509
f 560/1107/508 559/1106/507 564/1109/510
f 559/1106/507 561/1108/509 562/1110/511
f 559/1111/507 562/1112/511 563/1113/512
f 559/1114/507 563/1115/512 564/1116/510
f 560/1117/508 564/1118/510 569/1119/513
f 561/1120/509 560/1117/508 565/1121/514
f 562/1122/511 561/1123/509 566/1124/515
f 563/1113/512 562/1112/511 567/1125/516
f 564/1116/510 563/1115/512 568/1126/517
f 560/1117/508 569/1119/513 565/1121/514
f 561/1123/509 565/1127/514 566/1124/515
f 562/1122/511 566/1124/515 567/1128/516
f 563/1113/512 567/1125/516 568/1129/517
f 564/1116/510 568/1126/517 569/1130/513
f 565/1131/514 569/1132/513 570/1133/518
f 566/1134/515 565/1131/514 570/1133/518
f 567/1135/516 566/1134/515 570/1133/518
f 568/1136/517 567/1135/516 570/1133/518
f 569/1132/513 568/1136/517 570/1133/518
f 571/1137/519 572/1138/520 573/1139/521
f 572/1138/520 571/1137/519 576/1140/522
f 571/1137/519 573/1139/521 574/1141/523
f 571/1137/519 574/1141/523 575/1142/524
f 571/1137/519 575/1142/524 576/1140/522
f 572/1143/520 576/1144/522 581/1145/525
f 573/1146/521 572/1143/520 577/1147/526
f 574/1148/523 573/1149/521 578/1150/527
f 575/1151/524 574/1152/523 579/1153/528
f 576/1154/522 575/1155/524 580/1156/529
f 572/1143/520 581/1145/525 577/1147/526
f 573/1149/521 577/1157/526 578/1150/527
f 574/1152/523 578/1158/527 579/1153/528
f 575/1155/524 579/1159/528 580/1156/529
f 576/1154/522 580/1156/529 581/1160/525
f 577/1161/526 581/1162/525 582/1163/530
f 578/1164/527 577/1161/526 582/1163/530
f 579/1165/528 578/1164/527 582/1163/530
f 580/1166/529 579/1165/528 582/1163/530
f 581/1162/525 580/1166/529 582/1163/530
f 583/1167/531 584/1168/532 585/1169/533
f 584/1168/532 583/1167/531 588/1170/534
f 583/1167/531 585/1169/533 586/1171/535
f 583/1167/531 586/1171/535 587/1172/536
f 583/1167/531 587/1172/536 588/1170/534
f 584/1173/532 588/1174/534 593/1175/537
f 585/1176/533 584/1173/532 589/1177/538
f 586/1178/535 585/1179/533 590/1180/539
f 587/1181/536 586/1182/535 591/1183/540
f 588/1184/534 587/1185/536 592/1186/541
f 584/1173/532 593/1175/537 589/1177/538
f 585/1179/533 589/1187/538 590/1180/539
f 586/1178/535 590/1180/539 591/1188/540
f 587/1181/536 591/1183/540 592/1189/541
f 588/1184/534 592/1186/541 593/1190/537
f 589/1191/538 593/1192/537 594/1193/542
f 590/1194/539 589/1191/538 594/1193/542
f 591/1195/540 590/1194/539 594/1193/542
f 592/1196/541 591/1195/540 594/1193/542
f 593/1192/537 592/1196/541 594/1193/542
f 595/1197/543 596/1198/544 597/1199/545
f 596/1198/544 595/1197/543 600/1200/546
f 595/1197/543 597/1199/545 598/1201/547
f 595/1202/543 598/1203/547 599/1204/548
f 595/1197/543 599/1205/548 600/1200/546
f 596/1206/544 600/1207/546 605/1208/549
f 597/1209/545 596/1210/544 601/1211/550
f 598/1212/547 597/1213/545 602/1214/551
f 599/1204/548 598/1203/547 603/1215/552
f 600/1207/546 599/1216/548 604/1217/553
f 596/1210/544 605/1218/549 601/1211/550
f 597/1213/545 601/1219/550 602/1214/551
f 598/1203/547 602/1220/551 603/1215/552
f 599/1204/548 603/1215/552 604/1221/553
f 600/1207/546 604/1217/553 605/1208/549
f 601/1211/550 605/1218/549 606/1222/554
f 602/1214/551 601/1219/550 606/1223/554
f 603/1224/552 602/1225/551 606/1226/554
f 604/1227/553 603/1224/552 606/1226/554
f 605/1228/549 604/1227/553 606/1226/554
f 607/1229/555 608/1230/556 609/1231/557
f 608/1230/556 607/1229/555 612/1232/558
f 607/1229/555 609/1231/557 610/1233/559
f 607/1234/555 610/1235/559 611/1236/560
f 607/1237/555 611/1238/560 612/1239/558
f 608/1240/556 612/1241/558 617/1242/561
f 609/1243/557 608/1240/556 613/1244/562
f 610/1245/559 609/1246/557 614/1247/563
f 611/1236/560 610/1235/559 615/1248/564
f 612/1239/558 611/1238/560 616/1249/565
f 608/1240/556 617/1242/561 613/1244/562
f 609/1246/557 613/1250/562 614/1247/563
f 610/1245/559 614/1247/563 615/1251/564
f 611/1236/560 615/1248/564 616/1252/565
f 612/1239/558 616/1249/565 617/1253/561
f 613/1254/562 617/1255/561 618/1256/566
f 614/1257/563 613/1254/562 618/1256/566
f 615/1258/564 614/1257/563 618/1256/566
f 616/1259/565 615/1258/564 618/1256/566
f 617/1255/561 616/1259/565 618/1256/566
f 619/1260/567 620/1261/568 621/1262/569
f 620/1261/568 619/1260/567 624/1263/570
f 619/1260/567 621/1262/569 622/1264/571
f 619/1260/567 622/1264/571 623/1265/572
f 619/1260/567 623/1265/572 624/1263/570
f 620/1266/568 624/1267/570 629/1268/573
f 621/1269/569 620/1270/568 625/1271/574
f 622/1272/571 621/1273/569 626/1274/575
f 623/1275/572 622/1276/571 627/1277/576
f 624/1278/570 623/1275/572 628/1279/577
f 620/1266/568 629/1268/573 625/1280/574
f 621/1269/569 625/1271/574 626/1281/575
f 622/1272/571 626/1274/575 627/1282/576
f 623/1275/572 627/1277/576 628/1279/577
f 624/1267/570 628/1283/577 629/1268/573
f 625/1284/574 629/1285/573 630/1286/578
f 626/1287/575 625/1284/574 630/1286/578
f 627/1288/576 626/1287/575 630/1286/578
f 628/1289/577 627/1288/576 630/1286/578
f 629/1285/573 628/1289/577 630/1286/578
f 631/1290/579 644/1291/580 643/1292/581
f 632/1293/582 644/1291/580 646/1294/583
f 631/1290/579 643/1292/581 648/1295/584
f 631/1290/579 648/1295/584 650/1296/585
f 631/1290/579 650/1296/585 647/1297/586
f 632/1293/582 646/1294/583 653/1298/587
f 633/1299/588 645/1300/589 655/1301/590
f 634/1302/591 649/1303/592 657/1304/593
f 635/1305/594 651/1306/595 659/1307/596
f 636/1308/597 652/1309/598 661/1310/599
f 632/1293/582 653/1298/587 656/1311/600
f 633/1312/588 655/1313/590 658/1314/601
f 634/1302/591 657/1304/593 660/1315/602
f 635/1305/594 659/1307/596 662/1316/603
f 636/1317/597 661/1318/599 654/1319/604
f 637/1320/605 663/1321/606 668/1322/607
f 638/1323/608 664/1324/609 670/1325/610
f 639/1326/611 665/1327/612 671/1328/613
f 640/1329/614 666/1330/615 672/1331/616
f 641/1332/617 667/1333/618 669/1334/619
f 669/1334/619 672/1331/616 642/1335/620
f 669/1334/619 667/1333/618 672/1331/616
f 667/1333/618 640/1329/614 672/1331/616
f 672/1331/616 671/1328/613 642/1335/620
f 672/1331/616 666/1330/615 671/1328/613
f 666/1330/615 639/1326/611 671/1328/613
f 671/1328/613 670/1325/610 642/1335/620
f 671/1328/613 665/1327/612 670/1325/610
f 665/1327/612 638/1323/608 670/1325/610
f 670/1325/610 668/1322/607 642/1335/620
f 670/1325/610 664/1324/609 668/1322/607
f 664/1324/609 637/1320/605 668/1322/607
f 668/1322/607 669/1334/619 642/1335/620
f 668/1322/607 663/1321/606 669/1334/619
f 663/1321/606 641/1332/617 669/1334/619
f 654/1319/604 667/1336/618 641/1337/617
f 654/1319/604 661/1318/599 667/1336/618
f 661/1310/599 640/1338/614 667/1339/618
f 662/1316/603 666/1340/615 640/1338/614
f 662/1316/603 659/1307/596 666/1340/615
f 659/1341/596 639/1342/611 666/1343/615
f 660/1344/602 665/1327/612 639/1326/611
f 660/1315/602 657/1304/593 665/1345/612
f 657/1346/593 638/1323/608 665/1327/612
f 658/1314/601 664/1347/609 638/1348/608
f 658/1314/601 655/1313/590 664/1347/609
f 655/1313/590 637/1349/605 664/1347/609
f 656/1350/600 663/1351/606 637/1349/605
f 656/1350/600 653/1352/587 663/1351/606
f 653/1352/587 641/1353/617 663/1351/606
f 661/1310/599 662/1316/603 640/1338/614
f 661/1310/599 652/1309/598 662/1316/603
f 652/1309/598 635/1305/594 662/1316/603
f 659/1341/596 660/1315/602 639/1342/611
f 659/1341/596 651/1354/595 660/1315/602
f 651/1354/595 634/1302/591 660/1315/602
f 657/1355/593 658/1314/601 638/1348/608
f 657/1355/593 649/1356/592 658/1314/601
f 649/1356/592 633/1312/588 658/1314/601
f 655/1313/590 656/1350/600 637/1349/605
f 655/1313/590 645/1357/589 656/1350/600
f 645/1300/589 632/1293/582 656/1311/600
f 653/1358/587 654/1319/604 641/1337/617
f 653/1358/587 646/1359/583 654/1319/604
f 646/1359/583 636/1317/597 654/1319/604
f 647/1297/586 652/1360/598 636/1361/597
f 647/1297/586 650/1296/585 652/1360/598
f 650/1296/585 635/1362/594 652/1360/598
f 650/1296/585 651/1363/595 635/1362/594
f 650/1296/585 648/1295/584 651/1363/595
f 648/1295/584 634/1364/591 651/1363/595
f 648/1295/584 649/1365/592 634/1364/591
f 648/1295/584 643/1292/581 649/1365/592
f 643/1292/581 633/1299/588 649/1365/592
f 646/1294/583 647/1297/586 636/1361/597
f 646/1294/583 644/1291/580 647/1297/586
f 644/1291/580 631/1290/579 647/1297/586
f 643/1292/581 645/1300/589 633/1299/588
f 643/1292/581 644/1291/580 645/1300/589
f 644/1291/580 632/1293/582 645/1300/589
s 0
f 673/1366/621 674/1367/621 676/1368/621 675/1369/621
f 675/1370/622 676/1371/622 680/1372/622 679/1373/622
f 679/1374/623 680/1375/623 678/1376/623 677/1377/623
f 677/1378/624 678/1379/624 674/1380/624 673/1381/624
f 675/1382/58 679/1383/58 677/1384/58 673/1385/58
f 680/1386/29 676/1387/29 674/1388/29 678/1389/29
