# Blender 4.5.13 LTS
# www.blender.org
o stone
v -1.600000 0.000000 1.200000
v -1.600000 0.140000 1.200000
v -1.600000 0.000000 -1.200000
v -1.600000 0.140000 -1.200000
v 1.600000 0.000000 1.200000
v 1.600000 0.140000 1.200000
v 1.600000 0.000000 -1.200000
v 1.600000 0.140000 -1.200000
v -1.500000 0.140000 1.170000
v -1.500000 1.590000 1.170000
v -1.500000 0.140000 1.030000
v -1.500000 1.590000 1.030000
v 1.500000 0.140000 1.170000
v 1.500000 1.590000 1.170000
v 1.500000 0.140000 1.030000
v 1.500000 1.590000 1.030000
v -1.500000 0.140000 -1.030000
v -1.500000 1.590000 -1.030000
v -1.500000 0.140000 -1.170000
v -1.500000 1.590000 -1.170000
v 1.500000 0.140000 -1.030000
v 1.500000 1.590000 -1.030000
v 1.500000 0.140000 -1.170000
v 1.500000 1.590000 -1.170000
v -1.570000 0.140000 1.030000
v -1.570000 1.590000 1.030000
v -1.570000 0.140000 -1.030000
v -1.570000 1.590000 -1.030000
v -1.430000 0.140000 1.030000
v -1.430000 1.590000 1.030000
v -1.430000 0.140000 -1.030000
v -1.430000 1.590000 -1.030000
v 1.430000 0.140000 1.030000
v 1.430000 1.590000 1.030000
v 1.430000 0.140000 -1.030000
v 1.430000 1.590000 -1.030000
v 1.570000 0.140000 1.030000
v 1.570000 1.590000 1.030000
v 1.570000 0.140000 -1.030000
v 1.570000 1.590000 -1.030000
v -1.550000 0.145000 1.210000
v -1.550000 0.215000 1.210000
v -1.550000 0.145000 1.140000
v -1.550000 0.215000 1.140000
v 1.550000 0.145000 1.210000
v 1.550000 0.215000 1.210000
v 1.550000 0.145000 1.140000
v 1.550000 0.215000 1.140000
v -1.550000 1.515000 1.210000
v -1.550000 1.585000 1.210000
v -1.550000 1.515000 1.140000
v -1.550000 1.585000 1.140000
v 1.550000 1.515000 1.210000
v 1.550000 1.585000 1.210000
v 1.550000 1.515000 1.140000
v 1.550000 1.585000 1.140000
v -1.535000 0.140000 1.210000
v -1.535000 1.590000 1.210000
v -1.535000 0.140000 1.140000
v -1.535000 1.590000 1.140000
v -1.465000 0.140000 1.210000
v -1.465000 1.590000 1.210000
v -1.465000 0.140000 1.140000
v -1.465000 1.590000 1.140000
v -0.785000 0.140000 1.210000
v -0.785000 1.590000 1.210000
v -0.785000 0.140000 1.140000
v -0.785000 1.590000 1.140000
v -0.715000 0.140000 1.210000
v -0.715000 1.590000 1.210000
v -0.715000 0.140000 1.140000
v -0.715000 1.590000 1.140000
v -0.035000 0.140000 1.210000
v -0.035000 1.590000 1.210000
v -0.035000 0.140000 1.140000
v -0.035000 1.590000 1.140000
v 0.035000 0.140000 1.210000
v 0.035000 1.590000 1.210000
v 0.035000 0.140000 1.140000
v 0.035000 1.590000 1.140000
v 0.715000 0.140000 1.210000
v 0.715000 1.590000 1.210000
v 0.715000 0.140000 1.140000
v 0.715000 1.590000 1.140000
v 0.785000 0.140000 1.210000
v 0.785000 1.590000 1.210000
v 0.785000 0.140000 1.140000
v 0.785000 1.590000 1.140000
v 1.465000 0.140000 1.210000
v 1.465000 1.590000 1.210000
v 1.465000 0.140000 1.140000
v 1.465000 1.590000 1.140000
v 1.535000 0.140000 1.210000
v 1.535000 1.590000 1.210000
v 1.535000 0.140000 1.140000
v 1.535000 1.590000 1.140000
v -1.335000 0.731000 1.190000
v -1.335000 1.231000 1.190000
v -1.335000 0.731000 1.160000
v -1.335000 1.231000 1.160000
v -0.915000 0.731000 1.190000
v -0.915000 1.231000 1.190000
v -0.915000 0.731000 1.160000
v -0.915000 1.231000 1.160000
v -1.395000 0.676000 1.265000
v -1.395000 0.726000 1.265000
v -1.395000 0.676000 1.145000
v -1.395000 0.726000 1.145000
v -0.855000 0.676000 1.265000
v -0.855000 0.726000 1.265000
v -0.855000 0.676000 1.145000
v -0.855000 0.726000 1.145000
v -0.585000 0.731000 1.190000
v -0.585000 1.231000 1.190000
v -0.585000 0.731000 1.160000
v -0.585000 1.231000 1.160000
v -0.165000 0.731000 1.190000
v -0.165000 1.231000 1.190000
v -0.165000 0.731000 1.160000
v -0.165000 1.231000 1.160000
v -0.645000 0.676000 1.265000
v -0.645000 0.726000 1.265000
v -0.645000 0.676000 1.145000
v -0.645000 0.726000 1.145000
v -0.105000 0.676000 1.265000
v -0.105000 0.726000 1.265000
v -0.105000 0.676000 1.145000
v -0.105000 0.726000 1.145000
v 0.085000 0.140000 1.190000
v 0.085000 1.280000 1.190000
v 0.085000 0.140000 1.160000
v 0.085000 1.280000 1.160000
v 0.665000 0.140000 1.190000
v 0.665000 1.280000 1.190000
v 0.665000 0.140000 1.160000
v 0.665000 1.280000 1.160000
v 0.005000 0.140000 1.245000
v 0.005000 1.340000 1.245000
v 0.005000 0.140000 1.145000
v 0.005000 1.340000 1.145000
v 0.085000 0.140000 1.245000
v 0.085000 1.340000 1.245000
v 0.085000 0.140000 1.145000
v 0.085000 1.340000 1.145000
v 0.665000 0.140000 1.245000
v 0.665000 1.340000 1.245000
v 0.665000 0.140000 1.145000
v 0.665000 1.340000 1.145000
v 0.745000 0.140000 1.245000
v 0.745000 1.340000 1.245000
v 0.745000 0.140000 1.145000
v 0.745000 1.340000 1.145000
v -0.015000 1.310000 1.255000
v -0.015000 1.410000 1.255000
v -0.015000 1.310000 1.135000
v -0.015000 1.410000 1.135000
v 0.765000 1.310000 1.255000
v 0.765000 1.410000 1.255000
v 0.765000 1.310000 1.135000
v 0.765000 1.410000 1.135000
v -0.025000 0.010000 1.475000
v -0.025000 0.110000 1.475000
v -0.025000 0.010000 1.175000
v -0.025000 0.110000 1.175000
v 0.775000 0.010000 1.475000
v 0.775000 0.110000 1.475000
v 0.775000 0.010000 1.175000
v 0.775000 0.110000 1.175000
v 0.915000 0.731000 1.190000
v 0.915000 1.231000 1.190000
v 0.915000 0.731000 1.160000
v 0.915000 1.231000 1.160000
v 1.335000 0.731000 1.190000
v 1.335000 1.231000 1.190000
v 1.335000 0.731000 1.160000
v 1.335000 1.231000 1.160000
v 0.855000 0.676000 1.265000
v 0.855000 0.726000 1.265000
v 0.855000 0.676000 1.145000
v 0.855000 0.726000 1.145000
v 1.395000 0.676000 1.265000
v 1.395000 0.726000 1.265000
v 1.395000 0.676000 1.145000
v 1.395000 0.726000 1.145000
v -1.500000 0.503500 1.206500
v -1.500000 0.559500 1.206500
v -1.500000 0.503500 1.143500
v -1.500000 0.559500 1.143500
v -0.750000 0.503500 1.206500
v -0.750000 0.559500 1.206500
v -0.750000 0.503500 1.143500
v -0.750000 0.559500 1.143500
v -0.750000 0.503500 1.206500
v -0.750000 0.559500 1.206500
v -0.750000 0.503500 1.143500
v -0.750000 0.559500 1.143500
v 0.000000 0.503500 1.206500
v 0.000000 0.559500 1.206500
v 0.000000 0.503500 1.143500
v 0.000000 0.559500 1.143500
v 0.000000 0.503500 1.206500
v 0.000000 0.559500 1.206500
v 0.000000 0.503500 1.143500
v 0.000000 0.559500 1.143500
v 0.750000 0.503500 1.206500
v 0.750000 0.559500 1.206500
v 0.750000 0.503500 1.143500
v 0.750000 0.559500 1.143500
v 0.750000 0.503500 1.206500
v 0.750000 0.559500 1.206500
v 0.750000 0.503500 1.143500
v 0.750000 0.559500 1.143500
v 1.500000 0.503500 1.206500
v 1.500000 0.559500 1.206500
v 1.500000 0.503500 1.143500
v 1.500000 0.559500 1.143500
v -1.550000 0.145000 -1.140000
v -1.550000 0.215000 -1.140000
v -1.550000 0.145000 -1.210000
v -1.550000 0.215000 -1.210000
v 1.550000 0.145000 -1.140000
v 1.550000 0.215000 -1.140000
v 1.550000 0.145000 -1.210000
v 1.550000 0.215000 -1.210000
v -1.550000 1.515000 -1.140000
v -1.550000 1.585000 -1.140000
v -1.550000 1.515000 -1.210000
v -1.550000 1.585000 -1.210000
v 1.550000 1.515000 -1.140000
v 1.550000 1.585000 -1.140000
v 1.550000 1.515000 -1.210000
v 1.550000 1.585000 -1.210000
v -1.535000 0.140000 -1.140000
v -1.535000 1.590000 -1.140000
v -1.535000 0.140000 -1.210000
v -1.535000 1.590000 -1.210000
v -1.465000 0.140000 -1.140000
v -1.465000 1.590000 -1.140000
v -1.465000 0.140000 -1.210000
v -1.465000 1.590000 -1.210000
v -0.785000 0.140000 -1.140000
v -0.785000 1.590000 -1.140000
v -0.785000 0.140000 -1.210000
v -0.785000 1.590000 -1.210000
v -0.715000 0.140000 -1.140000
v -0.715000 1.590000 -1.140000
v -0.715000 0.140000 -1.210000
v -0.715000 1.590000 -1.210000
v -0.035000 0.140000 -1.140000
v -0.035000 1.590000 -1.140000
v -0.035000 0.140000 -1.210000
v -0.035000 1.590000 -1.210000
v 0.035000 0.140000 -1.140000
v 0.035000 1.590000 -1.140000
v 0.035000 0.140000 -1.210000
v 0.035000 1.590000 -1.210000
v 0.715000 0.140000 -1.140000
v 0.715000 1.590000 -1.140000
v 0.715000 0.140000 -1.210000
v 0.715000 1.590000 -1.210000
v 0.785000 0.140000 -1.140000
v 0.785000 1.590000 -1.140000
v 0.785000 0.140000 -1.210000
v 0.785000 1.590000 -1.210000
v 1.465000 0.140000 -1.140000
v 1.465000 1.590000 -1.140000
v 1.465000 0.140000 -1.210000
v 1.465000 1.590000 -1.210000
v 1.535000 0.140000 -1.140000
v 1.535000 1.590000 -1.140000
v 1.535000 0.140000 -1.210000
v 1.535000 1.590000 -1.210000
v -1.335000 0.731000 -1.160000
v -1.335000 1.231000 -1.160000
v -1.335000 0.731000 -1.190000
v -1.335000 1.231000 -1.190000
v -0.915000 0.731000 -1.160000
v -0.915000 1.231000 -1.160000
v -0.915000 0.731000 -1.190000
v -0.915000 1.231000 -1.190000
v -1.395000 0.676000 -1.145000
v -1.395000 0.726000 -1.145000
v -1.395000 0.676000 -1.265000
v -1.395000 0.726000 -1.265000
v -0.855000 0.676000 -1.145000
v -0.855000 0.726000 -1.145000
v -0.855000 0.676000 -1.265000
v -0.855000 0.726000 -1.265000
v -0.585000 0.731000 -1.160000
v -0.585000 1.231000 -1.160000
v -0.585000 0.731000 -1.190000
v -0.585000 1.231000 -1.190000
v -0.165000 0.731000 -1.160000
v -0.165000 1.231000 -1.160000
v -0.165000 0.731000 -1.190000
v -0.165000 1.231000 -1.190000
v -0.645000 0.676000 -1.145000
v -0.645000 0.726000 -1.145000
v -0.645000 0.676000 -1.265000
v -0.645000 0.726000 -1.265000
v -0.105000 0.676000 -1.145000
v -0.105000 0.726000 -1.145000
v -0.105000 0.676000 -1.265000
v -0.105000 0.726000 -1.265000
v -0.625000 0.561000 -1.185000
v -0.625000 0.681000 -1.185000
v -0.625000 0.561000 -1.325000
v -0.625000 0.681000 -1.325000
v -0.125000 0.561000 -1.185000
v -0.125000 0.681000 -1.185000
v -0.125000 0.561000 -1.325000
v -0.125000 0.681000 -1.325000
v -0.557718 0.633998 -1.315794
v -0.624578 0.670701 -1.292724
v -0.612021 0.663424 -1.367890
v -0.543308 0.684472 -1.370144
v -0.494994 0.692249 -1.308621
v -0.558444 0.686667 -1.250527
v -0.631702 0.724289 -1.336609
v -0.588504 0.730847 -1.385743
v -0.522222 0.753900 -1.359360
v -0.537014 0.759817 -1.280992
v -0.617573 0.746636 -1.264355
v -0.589751 0.776727 -1.332858
v -0.572970 0.724598 -1.328298
v -0.561753 0.742941 -1.296695
v -0.599235 0.741184 -1.305166
v -0.597373 0.747499 -1.340457
v -0.567742 0.749941 -1.353231
v -0.549221 0.750038 -1.327992
v -0.582168 0.771923 -1.297116
v -0.612408 0.776907 -1.320658
v -0.588094 0.778850 -1.352978
v -0.552987 0.778999 -1.343016
v -0.550819 0.775592 -1.308294
v -0.577210 0.800641 -1.321409
v -0.480973 0.639833 -1.324270
v -0.450895 0.681084 -1.372460
v -0.425953 0.680705 -1.314689
v -0.469919 0.679170 -1.261258
v -0.542478 0.681145 -1.294521
v -0.527948 0.678064 -1.378353
v -0.426900 0.732281 -1.346726
v -0.421824 0.744077 -1.271418
v -0.497886 0.739402 -1.279941
v -0.542255 0.752542 -1.339139
v -0.479886 0.741607 -1.386293
v -0.468550 0.787842 -1.325788
v -0.466596 0.720759 -1.319784
v -0.499812 0.741834 -1.311241
v -0.491330 0.738637 -1.346550
v -0.455894 0.746246 -1.348905
v -0.437795 0.751831 -1.314806
v -0.469046 0.748130 -1.285810
v -0.509558 0.769517 -1.334469
v -0.480390 0.772651 -1.360479
v -0.450135 0.780207 -1.338789
v -0.458555 0.783520 -1.303299
v -0.490988 0.773347 -1.304996
v -0.482595 0.797366 -1.329714
v -0.367256 0.632286 -1.307058
v -0.434778 0.670315 -1.331007
v -0.377142 0.666407 -1.378636
v -0.303933 0.675295 -1.346018
v -0.333267 0.695670 -1.274983
v -0.404411 0.689449 -1.265112
v -0.410223 0.723939 -1.367214
v -0.344320 0.733481 -1.387471
v -0.319584 0.748716 -1.319432
v -0.373039 0.751818 -1.275905
v -0.427175 0.737214 -1.309569
v -0.382639 0.788654 -1.342700
v -0.381622 0.720772 -1.318032
v -0.384858 0.738479 -1.357086
v -0.354113 0.742086 -1.334984
v -0.354401 0.745465 -1.300302
v -0.387998 0.754010 -1.299504
v -0.402074 0.752071 -1.326498
v -0.362194 0.767886 -1.350120
v -0.336946 0.773551 -1.322894
v -0.365480 0.782748 -1.294016
v -0.402667 0.786054 -1.311775
v -0.393901 0.775255 -1.347662
v -0.369138 0.796610 -1.331169
v -0.278589 0.645472 -1.313702
v -0.321335 0.666617 -1.377914
v -0.234863 0.662817 -1.376988
v -0.221793 0.682733 -1.302733
v -0.275890 0.692788 -1.264597
v -0.335365 0.686969 -1.300735
v -0.274171 0.727973 -1.381294
v -0.210369 0.736729 -1.350979
v -0.243183 0.741477 -1.288665
v -0.302738 0.744298 -1.289072
v -0.344177 0.747751 -1.353950
v -0.271536 0.774249 -1.335905
v -0.278412 0.732633 -1.324596
v -0.263376 0.745472 -1.348687
v -0.243028 0.739643 -1.317909
v -0.273126 0.744970 -1.292702
v -0.310151 0.747025 -1.309450
v -0.295653 0.749028 -1.345462
v -0.249721 0.771050 -1.336183
v -0.250985 0.774920 -1.301207
v -0.289924 0.780935 -1.294590
v -0.298950 0.776999 -1.330312
v -0.276613 0.774800 -1.352804
v -0.270306 0.800030 -1.325557
v -0.158289 0.634152 -1.317631
v -0.223875 0.670109 -1.288459
v -0.216235 0.663729 -1.365784
v -0.142440 0.679898 -1.380518
v -0.095602 0.691351 -1.314884
v -0.152364 0.684777 -1.248878
v -0.234490 0.725722 -1.332580
v -0.192422 0.731182 -1.383588
v -0.127728 0.750550 -1.360343
v -0.143389 0.747239 -1.293734
v -0.211503 0.745868 -1.262759
v -0.188313 0.772219 -1.330870
v -0.184392 0.727306 -1.323454
v -0.165294 0.739740 -1.353792
v -0.149989 0.738415 -1.319555
v -0.174049 0.744813 -1.291064
v -0.208759 0.753385 -1.308733
v -0.198085 0.751992 -1.344181
v -0.144162 0.767956 -1.339860
v -0.149435 0.770976 -1.303758
v -0.183153 0.778858 -1.300814
v -0.199743 0.783344 -1.330387
v -0.175907 0.776427 -1.357343
v -0.164083 0.800165 -1.326797
v 0.165000 0.731000 -1.160000
v 0.165000 1.231000 -1.160000
v 0.165000 0.731000 -1.190000
v 0.165000 1.231000 -1.190000
v 0.585000 0.731000 -1.160000
v 0.585000 1.231000 -1.160000
v 0.585000 0.731000 -1.190000
v 0.585000 1.231000 -1.190000
v 0.105000 0.676000 -1.145000
v 0.105000 0.726000 -1.145000
v 0.105000 0.676000 -1.265000
v 0.105000 0.726000 -1.265000
v 0.645000 0.676000 -1.145000
v 0.645000 0.726000 -1.145000
v 0.645000 0.676000 -1.265000
v 0.645000 0.726000 -1.265000
v 0.125000 0.561000 -1.185000
v 0.125000 0.681000 -1.185000
v 0.125000 0.561000 -1.325000
v 0.125000 0.681000 -1.325000
v 0.625000 0.561000 -1.185000
v 0.625000 0.681000 -1.185000
v 0.625000 0.561000 -1.325000
v 0.625000 0.681000 -1.325000
v 0.189946 0.642813 -1.315709
v 0.131393 0.676789 -1.300463
v 0.139940 0.661652 -1.371670
v 0.207405 0.686257 -1.365033
v 0.253494 0.692598 -1.303371
v 0.186418 0.687284 -1.250915
v 0.105794 0.727224 -1.344069
v 0.165780 0.730152 -1.384826
v 0.233676 0.757033 -1.358016
v 0.213008 0.764497 -1.274406
v 0.141032 0.736936 -1.283036
v 0.158505 0.786255 -1.335254
v 0.173404 0.729788 -1.322049
v 0.162008 0.745151 -1.349113
v 0.193943 0.744708 -1.342351
v 0.197979 0.747626 -1.310937
v 0.169393 0.750103 -1.296737
v 0.145625 0.748431 -1.319902
v 0.182026 0.774656 -1.360417
v 0.211000 0.776404 -1.331248
v 0.189061 0.778154 -1.298903
v 0.150055 0.782454 -1.302152
v 0.144463 0.778773 -1.343689
v 0.176543 0.791178 -1.327853
v 0.276481 0.640167 -1.312178
v 0.229504 0.679392 -1.345776
v 0.290340 0.662596 -1.389002
v 0.334884 0.681651 -1.326531
v 0.302187 0.690419 -1.262050
v 0.220469 0.682010 -1.268278
v 0.246977 0.732214 -1.389886
v 0.324569 0.737352 -1.376561
v 0.333963 0.751964 -1.298074
v 0.260656 0.756261 -1.265153
v 0.219729 0.738088 -1.323587
v 0.273317 0.791527 -1.339577
v 0.272713 0.727539 -1.326256
v 0.299704 0.745530 -1.337672
v 0.292682 0.745388 -1.305675
v 0.261619 0.748058 -1.302728
v 0.239755 0.746241 -1.332100
v 0.271015 0.749603 -1.350420
v 0.311979 0.776485 -1.317551
v 0.280547 0.776866 -1.289613
v 0.248763 0.777430 -1.311541
v 0.253203 0.780246 -1.348822
v 0.289867 0.775380 -1.349745
v 0.277348 0.795365 -1.323710
v 0.380239 0.627327 -1.321795
v 0.317957 0.676322 -1.299185
v 0.338623 0.677472 -1.368631
v 0.412954 0.676784 -1.382219
v 0.435013 0.685292 -1.309987
v 0.381551 0.683617 -1.263992
v 0.312703 0.737686 -1.340585
v 0.368831 0.736783 -1.382444
v 0.433251 0.746413 -1.351362
v 0.416939 0.749655 -1.274698
v 0.343710 0.739208 -1.277828
v 0.370437 0.783883 -1.327792
v 0.372147 0.730911 -1.317309
v 0.357354 0.742484 -1.345049
v 0.395649 0.734136 -1.348086
v 0.408004 0.743148 -1.307568
v 0.373077 0.755053 -1.297061
v 0.339769 0.749468 -1.311855
v 0.376903 0.766884 -1.352642
v 0.409516 0.772298 -1.337878
v 0.395397 0.782403 -1.301825
v 0.357412 0.783881 -1.305336
v 0.346762 0.776274 -1.339915
v 0.378488 0.797793 -1.334404
v 0.474501 0.650769 -1.330475
v 0.535454 0.672003 -1.292170
v 0.460036 0.672275 -1.263636
v 0.405035 0.676162 -1.321810
v 0.454766 0.690076 -1.373836
v 0.519742 0.684424 -1.366951
v 0.503663 0.740641 -1.255820
v 0.427348 0.739304 -1.280320
v 0.420100 0.746414 -1.354813
v 0.487748 0.743990 -1.377276
v 0.527079 0.736932 -1.327375
v 0.475613 0.784953 -1.318278
v 0.468217 0.733378 -1.329837
v 0.498878 0.741893 -1.337253
v 0.488426 0.738241 -1.303961
v 0.455773 0.747816 -1.304885
v 0.437553 0.753640 -1.338014
v 0.471781 0.751621 -1.357456
v 0.509616 0.767804 -1.312970
v 0.478603 0.771499 -1.288669
v 0.447164 0.783274 -1.310716
v 0.459857 0.786668 -1.348729
v 0.499060 0.777498 -1.350171
v 0.482411 0.791179 -1.319716
v 0.577026 0.632791 -1.323610
v 0.509687 0.674572 -1.300834
v 0.532359 0.673121 -1.381045
v 0.608379 0.682167 -1.372067
v 0.634005 0.682465 -1.307286
v 0.577241 0.683935 -1.268298
v 0.512774 0.741093 -1.343681
v 0.572674 0.739086 -1.383842
v 0.629418 0.741351 -1.345134
v 0.616562 0.747921 -1.270373
v 0.532166 0.748001 -1.264601
v 0.573126 0.783320 -1.326285
v 0.575338 0.731302 -1.324391
v 0.546370 0.746097 -1.328241
v 0.568691 0.743171 -1.358161
v 0.605700 0.743570 -1.341540
v 0.598738 0.745613 -1.302697
v 0.562190 0.746077 -1.296868
v 0.553970 0.774632 -1.344759
v 0.587822 0.775938 -1.353159
v 0.604212 0.776206 -1.321693
v 0.581343 0.778926 -1.291659
v 0.548756 0.775900 -1.310861
v 0.574540 0.801443 -1.325830
v 0.915000 0.731000 -1.160000
v 0.915000 1.231000 -1.160000
v 0.915000 0.731000 -1.190000
v 0.915000 1.231000 -1.190000
v 1.335000 0.731000 -1.160000
v 1.335000 1.231000 -1.160000
v 1.335000 0.731000 -1.190000
v 1.335000 1.231000 -1.190000
v 0.855000 0.676000 -1.145000
v 0.855000 0.726000 -1.145000
v 0.855000 0.676000 -1.265000
v 0.855000 0.726000 -1.265000
v 1.395000 0.676000 -1.145000
v 1.395000 0.726000 -1.145000
v 1.395000 0.676000 -1.265000
v 1.395000 0.726000 -1.265000
v 0.875000 0.561000 -1.185000
v 0.875000 0.681000 -1.185000
v 0.875000 0.561000 -1.325000
v 0.875000 0.681000 -1.325000
v 1.375000 0.561000 -1.185000
v 1.375000 0.681000 -1.185000
v 1.375000 0.561000 -1.325000
v 1.375000 0.681000 -1.325000
v 0.911356 0.654820 -1.327556
v 0.963117 0.670664 -1.370860
v 0.973462 0.663806 -1.295127
v 0.903403 0.676292 -1.256298
v 0.849264 0.692997 -1.317189
v 0.895581 0.691874 -1.376219
v 1.001930 0.729287 -1.332934
v 0.958321 0.732663 -1.266987
v 0.888945 0.749153 -1.281622
v 0.877468 0.757289 -1.354300
v 0.946936 0.746254 -1.394782
v 0.941416 0.778594 -1.321924
v 0.926299 0.730724 -1.320364
v 0.898670 0.744125 -1.332630
v 0.927199 0.739325 -1.355741
v 0.949713 0.748599 -1.329879
v 0.940191 0.751856 -1.301198
v 0.907667 0.749423 -1.300408
v 0.904313 0.773453 -1.357415
v 0.945677 0.774810 -1.354336
v 0.959018 0.782803 -1.315142
v 0.922922 0.781480 -1.295953
v 0.893306 0.776903 -1.318743
v 0.923486 0.796276 -1.330401
v 1.013641 0.645603 -1.322242
v 1.044683 0.669989 -1.387103
v 1.080756 0.670013 -1.318778
v 1.033805 0.682198 -1.266922
v 0.968265 0.691017 -1.291663
v 0.980546 0.690392 -1.358334
v 1.079387 0.730156 -1.356957
v 1.075727 0.734516 -1.286962
v 1.010551 0.741104 -1.279414
v 0.976195 0.746877 -1.330447
v 1.016482 0.738861 -1.381182
v 1.038682 0.789772 -1.328322
v 1.024583 0.719206 -1.321522
v 1.001424 0.743525 -1.345319
v 1.038162 0.742666 -1.352379
v 1.054030 0.746359 -1.320281
v 1.031970 0.745549 -1.287399
v 0.992352 0.744298 -1.305416
v 1.020024 0.772030 -1.351843
v 1.053066 0.775358 -1.341835
v 1.047374 0.777584 -1.305717
v 1.011126 0.780326 -1.296139
v 0.998791 0.774219 -1.329260
v 1.025316 0.792604 -1.327630
v 1.120573 0.645715 -1.324290
v 1.150969 0.677437 -1.380174
v 1.172885 0.682630 -1.316934
v 1.134317 0.673660 -1.250682
v 1.063658 0.682140 -1.294339
v 1.070712 0.677400 -1.376333
v 1.193531 0.743242 -1.359254
v 1.167073 0.737041 -1.285216
v 1.098461 0.745300 -1.268615
v 1.066824 0.745467 -1.334799
v 1.116397 0.745478 -1.393621
v 1.130384 0.790400 -1.325863
v 1.122299 0.726690 -1.333284
v 1.149265 0.744176 -1.320353
v 1.123403 0.736148 -1.295430
v 1.087989 0.742862 -1.317777
v 1.107882 0.754057 -1.349875
v 1.143206 0.749837 -1.354865
v 1.144185 0.768781 -1.297121
v 1.110294 0.770017 -1.300876
v 1.092186 0.783752 -1.331284
v 1.126560 0.785285 -1.353894
v 1.152552 0.774502 -1.330377
v 1.127815 0.796759 -1.316366
v 1.225127 0.627034 -1.325155
v 1.239568 0.682119 -1.269315
v 1.177597 0.682711 -1.294703
v 1.176091 0.679324 -1.365266
v 1.246622 0.681561 -1.380125
v 1.276997 0.685048 -1.321965
v 1.198215 0.747470 -1.256711
v 1.165654 0.740619 -1.328464
v 1.207771 0.745156 -1.390856
v 1.281727 0.744854 -1.361256
v 1.265484 0.737219 -1.291671
v 1.224901 0.776207 -1.324880
v 1.227995 0.725729 -1.323687
v 1.199649 0.743901 -1.308758
v 1.203906 0.743375 -1.344402
v 1.236691 0.747885 -1.348638
v 1.255720 0.748812 -1.321559
v 1.233424 0.746255 -1.291945
v 1.192070 0.774064 -1.328689
v 1.216924 0.775136 -1.356689
v 1.254150 0.780661 -1.343676
v 1.248902 0.780971 -1.303016
v 1.210081 0.777737 -1.294836
v 1.222597 0.789304 -1.326054
v 1.324440 0.642139 -1.325665
v 1.394138 0.675685 -1.330330
v 1.349229 0.677682 -1.265027
v 1.278359 0.680671 -1.286208
v 1.262326 0.675151 -1.364160
v 1.339234 0.681291 -1.383842
v 1.380672 0.742844 -1.290216
v 1.312865 0.736328 -1.274836
v 1.263536 0.742395 -1.320262
v 1.306003 0.737123 -1.372022
v 1.377068 0.744859 -1.368306
v 1.325456 0.767012 -1.324459
v 1.328811 0.727785 -1.330031
v 1.335412 0.743251 -1.299173
v 1.298993 0.737939 -1.308319
v 1.303285 0.746599 -1.344885
v 1.338115 0.750009 -1.360240
v 1.354424 0.750309 -1.326293
v 1.312769 0.771250 -1.292135
v 1.296808 0.771244 -1.323762
v 1.314665 0.778619 -1.350638
v 1.344959 0.778699 -1.337802
v 1.348309 0.776458 -1.303656
v 1.320987 0.795977 -1.319703
v -1.500000 0.503500 -1.143500
v -1.500000 0.559500 -1.143500
v -1.500000 0.503500 -1.206500
v -1.500000 0.559500 -1.206500
v -0.750000 0.503500 -1.143500
v -0.750000 0.559500 -1.143500
v -0.750000 0.503500 -1.206500
v -0.750000 0.559500 -1.206500
v -0.750000 0.503500 -1.143500
v -0.750000 0.559500 -1.143500
v -0.750000 0.503500 -1.206500
v -0.750000 0.559500 -1.206500
v 0.000000 0.503500 -1.143500
v 0.000000 0.559500 -1.143500
v 0.000000 0.503500 -1.206500
v 0.000000 0.559500 -1.206500
v 0.000000 0.503500 -1.143500
v 0.000000 0.559500 -1.143500
v 0.000000 0.503500 -1.206500
v 0.000000 0.559500 -1.206500
v 0.750000 0.503500 -1.143500
v 0.750000 0.559500 -1.143500
v 0.750000 0.503500 -1.206500
v 0.750000 0.559500 -1.206500
v 0.750000 0.503500 -1.143500
v 0.750000 0.559500 -1.143500
v 0.750000 0.503500 -1.206500
v 0.750000 0.559500 -1.206500
v 1.500000 0.503500 -1.143500
v 1.500000 0.559500 -1.143500
v 1.500000 0.503500 -1.206500
v 1.500000 0.559500 -1.206500
v -1.610000 0.145000 1.150000
v -1.610000 0.215000 1.150000
v -1.610000 0.145000 -1.150000
v -1.610000 0.215000 -1.150000
v -1.540000 0.145000 1.150000
v -1.540000 0.215000 1.150000
v -1.540000 0.145000 -1.150000
v -1.540000 0.215000 -1.150000
v -1.610000 1.515000 1.150000
v -1.610000 1.585000 1.150000
v -1.610000 1.515000 -1.150000
v -1.610000 1.585000 -1.150000
v -1.540000 1.515000 1.150000
v -1.540000 1.585000 1.150000
v -1.540000 1.515000 -1.150000
v -1.540000 1.585000 -1.150000
v -1.610000 0.140000 1.135000
v -1.610000 1.590000 1.135000
v -1.610000 0.140000 1.065000
v -1.610000 1.590000 1.065000
v -1.540000 0.140000 1.135000
v -1.540000 1.590000 1.135000
v -1.540000 0.140000 1.065000
v -1.540000 1.590000 1.065000
v -1.610000 0.140000 0.401667
v -1.610000 1.590000 0.401667
v -1.610000 0.140000 0.331667
v -1.610000 1.590000 0.331667
v -1.540000 0.140000 0.401667
v -1.540000 1.590000 0.401667
v -1.540000 0.140000 0.331667
v -1.540000 1.590000 0.331667
v -1.610000 0.140000 -0.331667
v -1.610000 1.590000 -0.331667
v -1.610000 0.140000 -0.401667
v -1.610000 1.590000 -0.401667
v -1.540000 0.140000 -0.331667
v -1.540000 1.590000 -0.331667
v -1.540000 0.140000 -0.401667
v -1.540000 1.590000 -0.401667
v -1.610000 0.140000 -1.065000
v -1.610000 1.590000 -1.065000
v -1.610000 0.140000 -1.135000
v -1.610000 1.590000 -1.135000
v -1.540000 0.140000 -1.065000
v -1.540000 1.590000 -1.065000
v -1.540000 0.140000 -1.135000
v -1.540000 1.590000 -1.135000
v -1.590000 0.731000 0.943333
v -1.590000 1.231000 0.943333
v -1.590000 0.731000 0.523333
v -1.590000 1.231000 0.523333
v -1.560000 0.731000 0.943333
v -1.560000 1.231000 0.943333
v -1.560000 0.731000 0.523333
v -1.560000 1.231000 0.523333
v -1.665000 0.676000 1.003333
v -1.665000 0.726000 1.003333
v -1.665000 0.676000 0.463333
v -1.665000 0.726000 0.463333
v -1.545000 0.676000 1.003333
v -1.545000 0.726000 1.003333
v -1.545000 0.676000 0.463333
v -1.545000 0.726000 0.463333
v -1.590000 0.731000 0.210000
v -1.590000 1.231000 0.210000
v -1.590000 0.731000 -0.210000
v -1.590000 1.231000 -0.210000
v -1.560000 0.731000 0.210000
v -1.560000 1.231000 0.210000
v -1.560000 0.731000 -0.210000
v -1.560000 1.231000 -0.210000
v -1.665000 0.676000 0.270000
v -1.665000 0.726000 0.270000
v -1.665000 0.676000 -0.270000
v -1.665000 0.726000 -0.270000
v -1.545000 0.676000 0.270000
v -1.545000 0.726000 0.270000
v -1.545000 0.676000 -0.270000
v -1.545000 0.726000 -0.270000
v -1.590000 0.731000 -0.523333
v -1.590000 1.231000 -0.523333
v -1.590000 0.731000 -0.943333
v -1.590000 1.231000 -0.943333
v -1.560000 0.731000 -0.523333
v -1.560000 1.231000 -0.523333
v -1.560000 0.731000 -0.943333
v -1.560000 1.231000 -0.943333
v -1.665000 0.676000 -0.463333
v -1.665000 0.726000 -0.463333
v -1.665000 0.676000 -1.003333
v -1.665000 0.726000 -1.003333
v -1.545000 0.676000 -0.463333
v -1.545000 0.726000 -0.463333
v -1.545000 0.676000 -1.003333
v -1.545000 0.726000 -1.003333
v -1.606500 0.503500 1.100000
v -1.606500 0.559500 1.100000
v -1.606500 0.503500 0.366667
v -1.606500 0.559500 0.366667
v -1.543500 0.503500 1.100000
v -1.543500 0.559500 1.100000
v -1.543500 0.503500 0.366667
v -1.543500 0.559500 0.366667
v -1.606500 0.503500 0.366667
v -1.606500 0.559500 0.366667
v -1.606500 0.503500 -0.366667
v -1.606500 0.559500 -0.366667
v -1.543500 0.503500 0.366667
v -1.543500 0.559500 0.366667
v -1.543500 0.503500 -0.366667
v -1.543500 0.559500 -0.366667
v -1.606500 0.503500 -0.366667
v -1.606500 0.559500 -0.366667
v -1.606500 0.503500 -1.100000
v -1.606500 0.559500 -1.100000
v -1.543500 0.503500 -0.366667
v -1.543500 0.559500 -0.366667
v -1.543500 0.503500 -1.100000
v -1.543500 0.559500 -1.100000
v 1.540000 0.145000 1.150000
v 1.540000 0.215000 1.150000
v 1.540000 0.145000 -1.150000
v 1.540000 0.215000 -1.150000
v 1.610000 0.145000 1.150000
v 1.610000 0.215000 1.150000
v 1.610000 0.145000 -1.150000
v 1.610000 0.215000 -1.150000
v 1.540000 1.515000 1.150000
v 1.540000 1.585000 1.150000
v 1.540000 1.515000 -1.150000
v 1.540000 1.585000 -1.150000
v 1.610000 1.515000 1.150000
v 1.610000 1.585000 1.150000
v 1.610000 1.515000 -1.150000
v 1.610000 1.585000 -1.150000
v 1.540000 0.140000 1.135000
v 1.540000 1.590000 1.135000
v 1.540000 0.140000 1.065000
v 1.540000 1.590000 1.065000
v 1.610000 0.140000 1.135000
v 1.610000 1.590000 1.135000
v 1.610000 0.140000 1.065000
v 1.610000 1.590000 1.065000
v 1.540000 0.140000 0.401667
v 1.540000 1.590000 0.401667
v 1.540000 0.140000 0.331667
v 1.540000 1.590000 0.331667
v 1.610000 0.140000 0.401667
v 1.610000 1.590000 0.401667
v 1.610000 0.140000 0.331667
v 1.610000 1.590000 0.331667
v 1.540000 0.140000 -0.331667
v 1.540000 1.590000 -0.331667
v 1.540000 0.140000 -0.401667
v 1.540000 1.590000 -0.401667
v 1.610000 0.140000 -0.331667
v 1.610000 1.590000 -0.331667
v 1.610000 0.140000 -0.401667
v 1.610000 1.590000 -0.401667
v 1.540000 0.140000 -1.065000
v 1.540000 1.590000 -1.065000
v 1.540000 0.140000 -1.135000
v 1.540000 1.590000 -1.135000
v 1.610000 0.140000 -1.065000
v 1.610000 1.590000 -1.065000
v 1.610000 0.140000 -1.135000
v 1.610000 1.590000 -1.135000
v 1.560000 0.731000 0.210000
v 1.560000 1.231000 0.210000
v 1.560000 0.731000 -0.210000
v 1.560000 1.231000 -0.210000
v 1.590000 0.731000 0.210000
v 1.590000 1.231000 0.210000
v 1.590000 0.731000 -0.210000
v 1.590000 1.231000 -0.210000
v 1.545000 0.676000 0.270000
v 1.545000 0.726000 0.270000
v 1.545000 0.676000 -0.270000
v 1.545000 0.726000 -0.270000
v 1.665000 0.676000 0.270000
v 1.665000 0.726000 0.270000
v 1.665000 0.676000 -0.270000
v 1.665000 0.726000 -0.270000
v 1.560000 0.731000 -0.523333
v 1.560000 1.231000 -0.523333
v 1.560000 0.731000 -0.943333
v 1.560000 1.231000 -0.943333
v 1.590000 0.731000 -0.523333
v 1.590000 1.231000 -0.523333
v 1.590000 0.731000 -0.943333
v 1.590000 1.231000 -0.943333
v 1.545000 0.676000 -0.463333
v 1.545000 0.726000 -0.463333
v 1.545000 0.676000 -1.003333
v 1.545000 0.726000 -1.003333
v 1.665000 0.676000 -0.463333
v 1.665000 0.726000 -0.463333
v 1.665000 0.676000 -1.003333
v 1.665000 0.726000 -1.003333
v 1.543500 0.503500 1.100000
v 1.543500 0.559500 1.100000
v 1.543500 0.503500 0.366667
v 1.543500 0.559500 0.366667
v 1.606500 0.503500 1.100000
v 1.606500 0.559500 1.100000
v 1.606500 0.503500 0.366667
v 1.606500 0.559500 0.366667
v 1.543500 0.503500 0.366667
v 1.543500 0.559500 0.366667
v 1.543500 0.503500 -0.366667
v 1.543500 0.559500 -0.366667
v 1.606500 0.503500 0.366667
v 1.606500 0.559500 0.366667
v 1.606500 0.503500 -0.366667
v 1.606500 0.559500 -0.366667
v 1.543500 0.503500 -0.366667
v 1.543500 0.559500 -0.366667
v 1.543500 0.503500 -1.100000
v 1.543500 0.559500 -1.100000
v 1.606500 0.503500 -0.366667
v 1.606500 0.559500 -0.366667
v 1.606500 0.503500 -1.100000
v 1.606500 0.559500 -1.100000
v -1.480000 1.505000 1.370000
v -1.480000 1.595000 1.370000
v -1.480000 1.505000 1.030000
v -1.480000 1.595000 1.030000
v -1.400000 1.505000 1.370000
v -1.400000 1.595000 1.370000
v -1.400000 1.505000 1.030000
v -1.400000 1.595000 1.030000
v -1.480000 1.505000 -1.030000
v -1.480000 1.595000 -1.030000
v -1.480000 1.505000 -1.370000
v -1.480000 1.595000 -1.370000
v -1.400000 1.505000 -1.030000
v -1.400000 1.595000 -1.030000
v -1.400000 1.505000 -1.370000
v -1.400000 1.595000 -1.370000
v -1.160000 1.505000 1.370000
v -1.160000 1.595000 1.370000
v -1.160000 1.505000 1.030000
v -1.160000 1.595000 1.030000
v -1.080000 1.505000 1.370000
v -1.080000 1.595000 1.370000
v -1.080000 1.505000 1.030000
v -1.080000 1.595000 1.030000
v -1.160000 1.505000 -1.030000
v -1.160000 1.595000 -1.030000
v -1.160000 1.505000 -1.370000
v -1.160000 1.595000 -1.370000
v -1.080000 1.505000 -1.030000
v -1.080000 1.595000 -1.030000
v -1.080000 1.505000 -1.370000
v -1.080000 1.595000 -1.370000
v -0.840000 1.505000 1.370000
v -0.840000 1.595000 1.370000
v -0.840000 1.505000 1.030000
v -0.840000 1.595000 1.030000
v -0.760000 1.505000 1.370000
v -0.760000 1.595000 1.370000
v -0.760000 1.505000 1.030000
v -0.760000 1.595000 1.030000
v -0.840000 1.505000 -1.030000
v -0.840000 1.595000 -1.030000
v -0.840000 1.505000 -1.370000
v -0.840000 1.595000 -1.370000
v -0.760000 1.505000 -1.030000
v -0.760000 1.595000 -1.030000
v -0.760000 1.505000 -1.370000
v -0.760000 1.595000 -1.370000
v -0.520000 1.505000 1.370000
v -0.520000 1.595000 1.370000
v -0.520000 1.505000 1.030000
v -0.520000 1.595000 1.030000
v -0.440000 1.505000 1.370000
v -0.440000 1.595000 1.370000
v -0.440000 1.505000 1.030000
v -0.440000 1.595000 1.030000
v -0.520000 1.505000 -1.030000
v -0.520000 1.595000 -1.030000
v -0.520000 1.505000 -1.370000
v -0.520000 1.595000 -1.370000
v -0.440000 1.505000 -1.030000
v -0.440000 1.595000 -1.030000
v -0.440000 1.505000 -1.370000
v -0.440000 1.595000 -1.370000
v -0.200000 1.505000 1.370000
v -0.200000 1.595000 1.370000
v -0.200000 1.505000 1.030000
v -0.200000 1.595000 1.030000
v -0.120000 1.505000 1.370000
v -0.120000 1.595000 1.370000
v -0.120000 1.505000 1.030000
v -0.120000 1.595000 1.030000
v -0.200000 1.505000 -1.030000
v -0.200000 1.595000 -1.030000
v -0.200000 1.505000 -1.370000
v -0.200000 1.595000 -1.370000
v -0.120000 1.505000 -1.030000
v -0.120000 1.595000 -1.030000
v -0.120000 1.505000 -1.370000
v -0.120000 1.595000 -1.370000
v 0.120000 1.505000 1.370000
v 0.120000 1.595000 1.370000
v 0.120000 1.505000 1.030000
v 0.120000 1.595000 1.030000
v 0.200000 1.505000 1.370000
v 0.200000 1.595000 1.370000
v 0.200000 1.505000 1.030000
v 0.200000 1.595000 1.030000
v 0.120000 1.505000 -1.030000
v 0.120000 1.595000 -1.030000
v 0.120000 1.505000 -1.370000
v 0.120000 1.595000 -1.370000
v 0.200000 1.505000 -1.030000
v 0.200000 1.595000 -1.030000
v 0.200000 1.505000 -1.370000
v 0.200000 1.595000 -1.370000
v 0.440000 1.505000 1.370000
v 0.440000 1.595000 1.370000
v 0.440000 1.505000 1.030000
v 0.440000 1.595000 1.030000
v 0.520000 1.505000 1.370000
v 0.520000 1.595000 1.370000
v 0.520000 1.505000 1.030000
v 0.520000 1.595000 1.030000
v 0.440000 1.505000 -1.030000
v 0.440000 1.595000 -1.030000
v 0.440000 1.505000 -1.370000
v 0.440000 1.595000 -1.370000
v 0.520000 1.505000 -1.030000
v 0.520000 1.595000 -1.030000
v 0.520000 1.505000 -1.370000
v 0.520000 1.595000 -1.370000
v 0.760000 1.505000 1.370000
v 0.760000 1.595000 1.370000
v 0.760000 1.505000 1.030000
v 0.760000 1.595000 1.030000
v 0.840000 1.505000 1.370000
v 0.840000 1.595000 1.370000
v 0.840000 1.505000 1.030000
v 0.840000 1.595000 1.030000
v 0.760000 1.505000 -1.030000
v 0.760000 1.595000 -1.030000
v 0.760000 1.505000 -1.370000
v 0.760000 1.595000 -1.370000
v 0.840000 1.505000 -1.030000
v 0.840000 1.595000 -1.030000
v 0.840000 1.505000 -1.370000
v 0.840000 1.595000 -1.370000
v 1.080000 1.505000 1.370000
v 1.080000 1.595000 1.370000
v 1.080000 1.505000 1.030000
v 1.080000 1.595000 1.030000
v 1.160000 1.505000 1.370000
v 1.160000 1.595000 1.370000
v 1.160000 1.505000 1.030000
v 1.160000 1.595000 1.030000
v 1.080000 1.505000 -1.030000
v 1.080000 1.595000 -1.030000
v 1.080000 1.505000 -1.370000
v 1.080000 1.595000 -1.370000
v 1.160000 1.505000 -1.030000
v 1.160000 1.595000 -1.030000
v 1.160000 1.505000 -1.370000
v 1.160000 1.595000 -1.370000
v 1.400000 1.505000 1.370000
v 1.400000 1.595000 1.370000
v 1.400000 1.505000 1.030000
v 1.400000 1.595000 1.030000
v 1.480000 1.505000 1.370000
v 1.480000 1.595000 1.370000
v 1.480000 1.505000 1.030000
v 1.480000 1.595000 1.030000
v 1.400000 1.505000 -1.030000
v 1.400000 1.595000 -1.030000
v 1.400000 1.505000 -1.370000
v 1.400000 1.595000 -1.370000
v 1.480000 1.505000 -1.030000
v 1.480000 1.595000 -1.030000
v 1.480000 1.505000 -1.370000
v 1.480000 1.595000 -1.370000
v -1.500000 1.590000 1.370000
v -1.500000 2.840000 1.370000
v -1.500000 1.590000 1.230000
v -1.500000 2.840000 1.230000
v 1.500000 1.590000 1.370000
v 1.500000 2.840000 1.370000
v 1.500000 1.590000 1.230000
v 1.500000 2.840000 1.230000
v -1.500000 1.590000 -1.230000
v -1.500000 2.840000 -1.230000
v -1.500000 1.590000 -1.370000
v -1.500000 2.840000 -1.370000
v 1.500000 1.590000 -1.230000
v 1.500000 2.840000 -1.230000
v 1.500000 1.590000 -1.370000
v 1.500000 2.840000 -1.370000
v -1.570000 1.590000 1.230000
v -1.570000 2.840000 1.230000
v -1.570000 1.590000 -1.230000
v -1.570000 2.840000 -1.230000
v -1.430000 1.590000 1.230000
v -1.430000 2.840000 1.230000
v -1.430000 1.590000 -1.230000
v -1.430000 2.840000 -1.230000
v 1.430000 1.590000 1.230000
v 1.430000 2.840000 1.230000
v 1.430000 1.590000 -1.230000
v 1.430000 2.840000 -1.230000
v 1.570000 1.590000 1.230000
v 1.570000 2.840000 1.230000
v 1.570000 1.590000 -1.230000
v 1.570000 2.840000 -1.230000
v -1.550000 1.595000 1.410000
v -1.550000 1.665000 1.410000
v -1.550000 1.595000 1.340000
v -1.550000 1.665000 1.340000
v 1.550000 1.595000 1.410000
v 1.550000 1.665000 1.410000
v 1.550000 1.595000 1.340000
v 1.550000 1.665000 1.340000
v -1.550000 2.765000 1.410000
v -1.550000 2.835000 1.410000
v -1.550000 2.765000 1.340000
v -1.550000 2.835000 1.340000
v 1.550000 2.765000 1.410000
v 1.550000 2.835000 1.410000
v 1.550000 2.765000 1.340000
v 1.550000 2.835000 1.340000
v -1.535000 1.590000 1.410000
v -1.535000 2.840000 1.410000
v -1.535000 1.590000 1.340000
v -1.535000 2.840000 1.340000
v -1.465000 1.590000 1.410000
v -1.465000 2.840000 1.410000
v -1.465000 1.590000 1.340000
v -1.465000 2.840000 1.340000
v -0.785000 1.590000 1.410000
v -0.785000 2.840000 1.410000
v -0.785000 1.590000 1.340000
v -0.785000 2.840000 1.340000
v -0.715000 1.590000 1.410000
v -0.715000 2.840000 1.410000
v -0.715000 1.590000 1.340000
v -0.715000 2.840000 1.340000
v -0.035000 1.590000 1.410000
v -0.035000 2.840000 1.410000
v -0.035000 1.590000 1.340000
v -0.035000 2.840000 1.340000
v 0.035000 1.590000 1.410000
v 0.035000 2.840000 1.410000
v 0.035000 1.590000 1.340000
v 0.035000 2.840000 1.340000
v 0.715000 1.590000 1.410000
v 0.715000 2.840000 1.410000
v 0.715000 1.590000 1.340000
v 0.715000 2.840000 1.340000
v 0.785000 1.590000 1.410000
v 0.785000 2.840000 1.410000
v 0.785000 1.590000 1.340000
v 0.785000 2.840000 1.340000
v 1.465000 1.590000 1.410000
v 1.465000 2.840000 1.410000
v 1.465000 1.590000 1.340000
v 1.465000 2.840000 1.340000
v 1.535000 1.590000 1.410000
v 1.535000 2.840000 1.410000
v 1.535000 1.590000 1.340000
v 1.535000 2.840000 1.340000
v -1.335000 2.065000 1.390000
v -1.335000 2.565000 1.390000
v -1.335000 2.065000 1.360000
v -1.335000 2.565000 1.360000
v -0.915000 2.065000 1.390000
v -0.915000 2.565000 1.390000
v -0.915000 2.065000 1.360000
v -0.915000 2.565000 1.360000
v -1.395000 2.010000 1.465000
v -1.395000 2.060000 1.465000
v -1.395000 2.010000 1.345000
v -1.395000 2.060000 1.345000
v -0.855000 2.010000 1.465000
v -0.855000 2.060000 1.465000
v -0.855000 2.010000 1.345000
v -0.855000 2.060000 1.345000
v -0.721406 1.663566 1.403000
v -0.778594 1.703934 1.403000
v -0.721406 1.663566 1.347000
v -0.778594 1.703934 1.347000
v 0.028594 2.726066 1.403000
v -0.028594 2.766434 1.403000
v 0.028594 2.726066 1.347000
v -0.028594 2.766434 1.347000
v 0.165000 2.065000 1.390000
v 0.165000 2.565000 1.390000
v 0.165000 2.065000 1.360000
v 0.165000 2.565000 1.360000
v 0.585000 2.065000 1.390000
v 0.585000 2.565000 1.390000
v 0.585000 2.065000 1.360000
v 0.585000 2.565000 1.360000
v 0.105000 2.010000 1.465000
v 0.105000 2.060000 1.465000
v 0.105000 2.010000 1.345000
v 0.105000 2.060000 1.345000
v 0.645000 2.010000 1.465000
v 0.645000 2.060000 1.465000
v 0.645000 2.010000 1.345000
v 0.645000 2.060000 1.345000
v -1.500000 1.899500 1.406500
v -1.500000 1.955500 1.406500
v -1.500000 1.899500 1.343500
v -1.500000 1.955500 1.343500
v -0.750000 1.899500 1.406500
v -0.750000 1.955500 1.406500
v -0.750000 1.899500 1.343500
v -0.750000 1.955500 1.343500
v -0.750000 1.899500 1.406500
v -0.750000 1.955500 1.406500
v -0.750000 1.899500 1.343500
v -0.750000 1.955500 1.343500
v 0.000000 1.899500 1.406500
v 0.000000 1.955500 1.406500
v 0.000000 1.899500 1.343500
v 0.000000 1.955500 1.343500
v 0.000000 1.899500 1.406500
v 0.000000 1.955500 1.406500
v 0.000000 1.899500 1.343500
v 0.000000 1.955500 1.343500
v 0.750000 1.899500 1.406500
v 0.750000 1.955500 1.406500
v 0.750000 1.899500 1.343500
v 0.750000 1.955500 1.343500
v 0.750000 1.899500 1.406500
v 0.750000 1.955500 1.406500
v 0.750000 1.899500 1.343500
v 0.750000 1.955500 1.343500
v 1.500000 1.899500 1.406500
v 1.500000 1.955500 1.406500
v 1.500000 1.899500 1.343500
v 1.500000 1.955500 1.343500
v -1.550000 1.595000 -1.340000
v -1.550000 1.665000 -1.340000
v -1.550000 1.595000 -1.410000
v -1.550000 1.665000 -1.410000
v 1.550000 1.595000 -1.340000
v 1.550000 1.665000 -1.340000
v 1.550000 1.595000 -1.410000
v 1.550000 1.665000 -1.410000
v -1.550000 2.765000 -1.340000
v -1.550000 2.835000 -1.340000
v -1.550000 2.765000 -1.410000
v -1.550000 2.835000 -1.410000
v 1.550000 2.765000 -1.340000
v 1.550000 2.835000 -1.340000
v 1.550000 2.765000 -1.410000
v 1.550000 2.835000 -1.410000
v -1.535000 1.590000 -1.340000
v -1.535000 2.840000 -1.340000
v -1.535000 1.590000 -1.410000
v -1.535000 2.840000 -1.410000
v -1.465000 1.590000 -1.340000
v -1.465000 2.840000 -1.340000
v -1.465000 1.590000 -1.410000
v -1.465000 2.840000 -1.410000
v -0.785000 1.590000 -1.340000
v -0.785000 2.840000 -1.340000
v -0.785000 1.590000 -1.410000
v -0.785000 2.840000 -1.410000
v -0.715000 1.590000 -1.340000
v -0.715000 2.840000 -1.340000
v -0.715000 1.590000 -1.410000
v -0.715000 2.840000 -1.410000
v -0.035000 1.590000 -1.340000
v -0.035000 2.840000 -1.340000
v -0.035000 1.590000 -1.410000
v -0.035000 2.840000 -1.410000
v 0.035000 1.590000 -1.340000
v 0.035000 2.840000 -1.340000
v 0.035000 1.590000 -1.410000
v 0.035000 2.840000 -1.410000
v 0.715000 1.590000 -1.340000
v 0.715000 2.840000 -1.340000
v 0.715000 1.590000 -1.410000
v 0.715000 2.840000 -1.410000
v 0.785000 1.590000 -1.340000
v 0.785000 2.840000 -1.340000
v 0.785000 1.590000 -1.410000
v 0.785000 2.840000 -1.410000
v 1.465000 1.590000 -1.340000
v 1.465000 2.840000 -1.340000
v 1.465000 1.590000 -1.410000
v 1.465000 2.840000 -1.410000
v 1.535000 1.590000 -1.340000
v 1.535000 2.840000 -1.340000
v 1.535000 1.590000 -1.410000
v 1.535000 2.840000 -1.410000
v -1.335000 2.065000 -1.360000
v -1.335000 2.565000 -1.360000
v -1.335000 2.065000 -1.390000
v -1.335000 2.565000 -1.390000
v -0.915000 2.065000 -1.360000
v -0.915000 2.565000 -1.360000
v -0.915000 2.065000 -1.390000
v -0.915000 2.565000 -1.390000
v -1.395000 2.010000 -1.345000
v -1.395000 2.060000 -1.345000
v -1.395000 2.010000 -1.465000
v -1.395000 2.060000 -1.465000
v -0.855000 2.010000 -1.345000
v -0.855000 2.060000 -1.345000
v -0.855000 2.010000 -1.465000
v -0.855000 2.060000 -1.465000
v -0.585000 2.065000 -1.360000
v -0.585000 2.565000 -1.360000
v -0.585000 2.065000 -1.390000
v -0.585000 2.565000 -1.390000
v -0.165000 2.065000 -1.360000
v -0.165000 2.565000 -1.360000
v -0.165000 2.065000 -1.390000
v -0.165000 2.565000 -1.390000
v -0.645000 2.010000 -1.345000
v -0.645000 2.060000 -1.345000
v -0.645000 2.010000 -1.465000
v -0.645000 2.060000 -1.465000
v -0.105000 2.010000 -1.345000
v -0.105000 2.060000 -1.345000
v -0.105000 2.010000 -1.465000
v -0.105000 2.060000 -1.465000
v -0.625000 1.895000 -1.385000
v -0.625000 2.015000 -1.385000
v -0.625000 1.895000 -1.525000
v -0.625000 2.015000 -1.525000
v -0.125000 1.895000 -1.385000
v -0.125000 2.015000 -1.385000
v -0.125000 1.895000 -1.525000
v -0.125000 2.015000 -1.525000
v -0.568962 1.962340 -1.526213
v -0.595642 2.015453 -1.475891
v -0.636787 2.008140 -1.532991
v -0.585107 2.013618 -1.587165
v -0.519960 2.018984 -1.555221
v -0.521080 2.013162 -1.478087
v -0.641566 2.076465 -1.488449
v -0.627574 2.076043 -1.570742
v -0.549380 2.081673 -1.585953
v -0.510697 2.083361 -1.516684
v -0.564328 2.078136 -1.459361
v -0.580174 2.115833 -1.523960
v -0.573358 2.060296 -1.521332
v -0.602203 2.078901 -1.529277
v -0.577949 2.072777 -1.559322
v -0.548511 2.080947 -1.535074
v -0.555262 2.083945 -1.502492
v -0.587975 2.083313 -1.500052
v -0.598561 2.108196 -1.551867
v -0.562570 2.106195 -1.548898
v -0.546817 2.111680 -1.520569
v -0.572051 2.117224 -1.490676
v -0.601477 2.109046 -1.514931
v -0.576482 2.126323 -1.528310
v -0.476731 1.986432 -1.537462
v -0.427239 2.011227 -1.505480
v -0.488116 1.998111 -1.466477
v -0.535331 2.015652 -1.522987
v -0.505872 2.025097 -1.592643
v -0.436385 2.025067 -1.567797
v -0.449195 2.061636 -1.468459
v -0.513003 2.064618 -1.482881
v -0.529044 2.083215 -1.547088
v -0.463944 2.084522 -1.574329
v -0.411721 2.075782 -1.527111
v -0.473140 2.107934 -1.511608
v -0.471299 2.063794 -1.527968
v -0.472205 2.080381 -1.501224
v -0.498058 2.078076 -1.517029
v -0.490630 2.081373 -1.547802
v -0.454279 2.082841 -1.555322
v -0.444684 2.082911 -1.518431
v -0.493611 2.105921 -1.497764
v -0.508319 2.108287 -1.532219
v -0.478164 2.111545 -1.551910
v -0.446316 2.116054 -1.534916
v -0.456032 2.111537 -1.497329
v -0.479795 2.135435 -1.521155
v -0.374987 1.978933 -1.524147
v -0.433923 2.008424 -1.566008
v -0.352988 2.006752 -1.595863
v -0.305458 2.010231 -1.525595
v -0.358282 2.019786 -1.475743
v -0.433220 2.009168 -1.480880
v -0.394908 2.075026 -1.583656
v -0.318219 2.079946 -1.568030
v -0.330426 2.072669 -1.493978
v -0.390856 2.072552 -1.473954
v -0.447793 2.081394 -1.524377
v -0.375012 2.108989 -1.525826
v -0.369005 2.056633 -1.529322
v -0.372367 2.075579 -1.494732
v -0.397801 2.077245 -1.518645
v -0.391374 2.079176 -1.552927
v -0.358514 2.087153 -1.546493
v -0.338004 2.081198 -1.515426
v -0.394124 2.104102 -1.500068
v -0.405190 2.106263 -1.532813
v -0.377607 2.114234 -1.554977
v -0.346547 2.117157 -1.532931
v -0.358569 2.110878 -1.496977
v -0.380338 2.129161 -1.521152
v -0.272879 1.986304 -1.540600
v -0.220393 1.998291 -1.485059
v -0.298422 2.003588 -1.482969
v -0.325788 2.019804 -1.538725
v -0.284431 2.031479 -1.586744
v -0.213857 2.022425 -1.564728
v -0.265650 2.058405 -1.463786
v -0.324580 2.063306 -1.492785
v -0.317350 2.081225 -1.555976
v -0.249376 2.090305 -1.570982
v -0.208262 2.078110 -1.506964
v -0.277249 2.107237 -1.508459
v -0.275293 2.064672 -1.530060
v -0.253474 2.079814 -1.513425
v -0.284609 2.070891 -1.492651
v -0.304328 2.080581 -1.525716
v -0.288638 2.082515 -1.562148
v -0.248763 2.081487 -1.549136
v -0.264786 2.104351 -1.497179
v -0.303253 2.109552 -1.499009
v -0.296045 2.109846 -1.536316
v -0.265328 2.119266 -1.557559
v -0.249473 2.107550 -1.524377
v -0.274700 2.126115 -1.519809
v -0.166286 1.980356 -1.532159
v -0.168116 2.014168 -1.476271
v -0.226743 2.005239 -1.506731
v -0.213457 2.011674 -1.580970
v -0.133272 2.021886 -1.587366
v -0.099049 2.016053 -1.509992
v -0.217144 2.068344 -1.462012
v -0.240959 2.070139 -1.538034
v -0.183465 2.082912 -1.584919
v -0.121527 2.086090 -1.543880
v -0.139732 2.075563 -1.473671
v -0.184966 2.118937 -1.516812
v -0.167682 2.055008 -1.528625
v -0.176902 2.077840 -1.498556
v -0.203081 2.073357 -1.522064
v -0.184110 2.082400 -1.549190
v -0.151543 2.086076 -1.546890
v -0.146918 2.084164 -1.512631
v -0.197767 2.103662 -1.503753
v -0.209769 2.108416 -1.540314
v -0.172619 2.116482 -1.558105
v -0.152349 2.112458 -1.527369
v -0.162951 2.111665 -1.493007
v -0.180845 2.126942 -1.522105
v 0.165000 2.065000 -1.360000
v 0.165000 2.565000 -1.360000
v 0.165000 2.065000 -1.390000
v 0.165000 2.565000 -1.390000
v 0.585000 2.065000 -1.360000
v 0.585000 2.565000 -1.360000
v 0.585000 2.065000 -1.390000
v 0.585000 2.565000 -1.390000
v 0.105000 2.010000 -1.345000
v 0.105000 2.060000 -1.345000
v 0.105000 2.010000 -1.465000
v 0.105000 2.060000 -1.465000
v 0.645000 2.010000 -1.345000
v 0.645000 2.060000 -1.345000
v 0.645000 2.010000 -1.465000
v 0.645000 2.060000 -1.465000
v 0.915000 2.065000 -1.360000
v 0.915000 2.565000 -1.360000
v 0.915000 2.065000 -1.390000
v 0.915000 2.565000 -1.390000
v 1.335000 2.065000 -1.360000
v 1.335000 2.565000 -1.360000
v 1.335000 2.065000 -1.390000
v 1.335000 2.565000 -1.390000
v 0.855000 2.010000 -1.345000
v 0.855000 2.060000 -1.345000
v 0.855000 2.010000 -1.465000
v 0.855000 2.060000 -1.465000
v 1.395000 2.010000 -1.345000
v 1.395000 2.060000 -1.345000
v 1.395000 2.010000 -1.465000
v 1.395000 2.060000 -1.465000
v -1.500000 1.899500 -1.343500
v -1.500000 1.955500 -1.343500
v -1.500000 1.899500 -1.406500
v -1.500000 1.955500 -1.406500
v -0.750000 1.899500 -1.343500
v -0.750000 1.955500 -1.343500
v -0.750000 1.899500 -1.406500
v -0.750000 1.955500 -1.406500
v -0.750000 1.899500 -1.343500
v -0.750000 1.955500 -1.343500
v -0.750000 1.899500 -1.406500
v -0.750000 1.955500 -1.406500
v 0.000000 1.899500 -1.343500
v 0.000000 1.955500 -1.343500
v 0.000000 1.899500 -1.406500
v 0.000000 1.955500 -1.406500
v 0.000000 1.899500 -1.343500
v 0.000000 1.955500 -1.343500
v 0.000000 1.899500 -1.406500
v 0.000000 1.955500 -1.406500
v 0.750000 1.899500 -1.343500
v 0.750000 1.955500 -1.343500
v 0.750000 1.899500 -1.406500
v 0.750000 1.955500 -1.406500
v 0.750000 1.899500 -1.343500
v 0.750000 1.955500 -1.343500
v 0.750000 1.899500 -1.406500
v 0.750000 1.955500 -1.406500
v 1.500000 1.899500 -1.343500
v 1.500000 1.955500 -1.343500
v 1.500000 1.899500 -1.406500
v 1.500000 1.955500 -1.406500
v -1.610000 1.595000 1.350000
v -1.610000 1.665000 1.350000
v -1.610000 1.595000 -1.350000
v -1.610000 1.665000 -1.350000
v -1.540000 1.595000 1.350000
v -1.540000 1.665000 1.350000
v -1.540000 1.595000 -1.350000
v -1.540000 1.665000 -1.350000
v -1.610000 2.765000 1.350000
v -1.610000 2.835000 1.350000
v -1.610000 2.765000 -1.350000
v -1.610000 2.835000 -1.350000
v -1.540000 2.765000 1.350000
v -1.540000 2.835000 1.350000
v -1.540000 2.765000 -1.350000
v -1.540000 2.835000 -1.350000
v -1.610000 1.590000 1.335000
v -1.610000 2.840000 1.335000
v -1.610000 1.590000 1.265000
v -1.610000 2.840000 1.265000
v -1.540000 1.590000 1.335000
v -1.540000 2.840000 1.335000
v -1.540000 1.590000 1.265000
v -1.540000 2.840000 1.265000
v -1.610000 1.590000 0.468333
v -1.610000 2.840000 0.468333
v -1.610000 1.590000 0.398333
v -1.610000 2.840000 0.398333
v -1.540000 1.590000 0.468333
v -1.540000 2.840000 0.468333
v -1.540000 1.590000 0.398333
v -1.540000 2.840000 0.398333
v -1.610000 1.590000 -0.398333
v -1.610000 2.840000 -0.398333
v -1.610000 1.590000 -0.468333
v -1.610000 2.840000 -0.468333
v -1.540000 1.590000 -0.398333
v -1.540000 2.840000 -0.398333
v -1.540000 1.590000 -0.468333
v -1.540000 2.840000 -0.468333
v -1.610000 1.590000 -1.265000
v -1.610000 2.840000 -1.265000
v -1.610000 1.590000 -1.335000
v -1.610000 2.840000 -1.335000
v -1.540000 1.590000 -1.265000
v -1.540000 2.840000 -1.265000
v -1.540000 1.590000 -1.335000
v -1.540000 2.840000 -1.335000
v -1.590000 2.065000 -0.656667
v -1.590000 2.565000 -0.656667
v -1.590000 2.065000 -1.076667
v -1.590000 2.565000 -1.076667
v -1.560000 2.065000 -0.656667
v -1.560000 2.565000 -0.656667
v -1.560000 2.065000 -1.076667
v -1.560000 2.565000 -1.076667
v -1.665000 2.010000 -0.596667
v -1.665000 2.060000 -0.596667
v -1.665000 2.010000 -1.136667
v -1.665000 2.060000 -1.136667
v -1.545000 2.010000 -0.596667
v -1.545000 2.060000 -0.596667
v -1.545000 2.010000 -1.136667
v -1.545000 2.060000 -1.136667
v -1.606500 1.899500 1.300000
v -1.606500 1.955500 1.300000
v -1.606500 1.899500 0.433333
v -1.606500 1.955500 0.433333
v -1.543500 1.899500 1.300000
v -1.543500 1.955500 1.300000
v -1.543500 1.899500 0.433333
v -1.543500 1.955500 0.433333
v -1.606500 1.899500 0.433333
v -1.606500 1.955500 0.433333
v -1.606500 1.899500 -0.433333
v -1.606500 1.955500 -0.433333
v -1.543500 1.899500 0.433333
v -1.543500 1.955500 0.433333
v -1.543500 1.899500 -0.433333
v -1.543500 1.955500 -0.433333
v -1.606500 1.899500 -0.433333
v -1.606500 1.955500 -0.433333
v -1.606500 1.899500 -1.300000
v -1.606500 1.955500 -1.300000
v -1.543500 1.899500 -0.433333
v -1.543500 1.955500 -0.433333
v -1.543500 1.899500 -1.300000
v -1.543500 1.955500 -1.300000
v 1.540000 1.595000 1.350000
v 1.540000 1.665000 1.350000
v 1.540000 1.595000 -1.350000
v 1.540000 1.665000 -1.350000
v 1.610000 1.595000 1.350000
v 1.610000 1.665000 1.350000
v 1.610000 1.595000 -1.350000
v 1.610000 1.665000 -1.350000
v 1.540000 2.765000 1.350000
v 1.540000 2.835000 1.350000
v 1.540000 2.765000 -1.350000
v 1.540000 2.835000 -1.350000
v 1.610000 2.765000 1.350000
v 1.610000 2.835000 1.350000
v 1.610000 2.765000 -1.350000
v 1.610000 2.835000 -1.350000
v 1.540000 1.590000 1.335000
v 1.540000 2.840000 1.335000
v 1.540000 1.590000 1.265000
v 1.540000 2.840000 1.265000
v 1.610000 1.590000 1.335000
v 1.610000 2.840000 1.335000
v 1.610000 1.590000 1.265000
v 1.610000 2.840000 1.265000
v 1.540000 1.590000 0.468333
v 1.540000 2.840000 0.468333
v 1.540000 1.590000 0.398333
v 1.540000 2.840000 0.398333
v 1.610000 1.590000 0.468333
v 1.610000 2.840000 0.468333
v 1.610000 1.590000 0.398333
v 1.610000 2.840000 0.398333
v 1.540000 1.590000 -0.398333
v 1.540000 2.840000 -0.398333
v 1.540000 1.590000 -0.468333
v 1.540000 2.840000 -0.468333
v 1.610000 1.590000 -0.398333
v 1.610000 2.840000 -0.398333
v 1.610000 1.590000 -0.468333
v 1.610000 2.840000 -0.468333
v 1.540000 1.590000 -1.265000
v 1.540000 2.840000 -1.265000
v 1.540000 1.590000 -1.335000
v 1.540000 2.840000 -1.335000
v 1.610000 1.590000 -1.265000
v 1.610000 2.840000 -1.265000
v 1.610000 1.590000 -1.335000
v 1.610000 2.840000 -1.335000
v 1.560000 2.065000 1.076667
v 1.560000 2.565000 1.076667
v 1.560000 2.065000 0.656667
v 1.560000 2.565000 0.656667
v 1.590000 2.065000 1.076667
v 1.590000 2.565000 1.076667
v 1.590000 2.065000 0.656667
v 1.590000 2.565000 0.656667
v 1.545000 2.010000 1.136667
v 1.545000 2.060000 1.136667
v 1.545000 2.010000 0.596667
v 1.545000 2.060000 0.596667
v 1.665000 2.010000 1.136667
v 1.665000 2.060000 1.136667
v 1.665000 2.010000 0.596667
v 1.665000 2.060000 0.596667
v 1.543500 1.899500 1.300000
v 1.543500 1.955500 1.300000
v 1.543500 1.899500 0.433333
v 1.543500 1.955500 0.433333
v 1.606500 1.899500 1.300000
v 1.606500 1.955500 1.300000
v 1.606500 1.899500 0.433333
v 1.606500 1.955500 0.433333
v 1.543500 1.899500 0.433333
v 1.543500 1.955500 0.433333
v 1.543500 1.899500 -0.433333
v 1.543500 1.955500 -0.433333
v 1.606500 1.899500 0.433333
v 1.606500 1.955500 0.433333
v 1.606500 1.899500 -0.433333
v 1.606500 1.955500 -0.433333
v 1.543500 1.899500 -0.433333
v 1.543500 1.955500 -0.433333
v 1.543500 1.899500 -1.300000
v 1.543500 1.955500 -1.300000
v 1.606500 1.899500 -0.433333
v 1.606500 1.955500 -0.433333
v 1.606500 1.899500 -1.300000
v 1.606500 1.955500 -1.300000
v -1.720000 2.560000 1.580000
v -1.720000 2.616569 1.636568
v -1.720000 4.168284 -0.028284
v -1.720000 4.224853 0.028284
v 1.720000 2.560000 1.580000
v 1.720000 2.616569 1.636568
v 1.720000 4.168284 -0.028284
v 1.720000 4.224853 0.028284
v -1.720000 4.168284 0.028284
v -1.720000 4.224853 -0.028284
v -1.720000 2.560000 -1.580000
v -1.720000 2.616569 -1.636568
v 1.720000 4.168284 0.028284
v 1.720000 4.224853 -0.028284
v 1.720000 2.560000 -1.580000
v 1.720000 2.616569 -1.636568
v -1.380000 2.840000 1.300000
v -1.380000 2.840000 -1.300000
v -1.380000 4.140000 0.000000
v -1.500000 2.840000 1.300000
v -1.500000 2.840000 -1.300000
v -1.500000 4.140000 -0.000000
v -1.545000 2.840000 0.035000
v -1.545000 4.010000 0.035000
v -1.545000 2.840000 -0.035000
v -1.545000 4.010000 -0.035000
v -1.475000 2.840000 0.035000
v -1.475000 4.010000 0.035000
v -1.475000 2.840000 -0.035000
v -1.475000 4.010000 -0.035000
v -1.545000 3.429000 0.650000
v -1.545000 3.499000 0.650000
v -1.545000 3.429000 -0.650000
v -1.545000 3.499000 -0.650000
v -1.475000 3.429000 0.650000
v -1.475000 3.499000 0.650000
v -1.475000 3.429000 -0.650000
v -1.475000 3.499000 -0.650000
v 1.500000 2.840000 1.300000
v 1.500000 2.840000 -1.300000
v 1.500000 4.140000 0.000000
v 1.380000 2.840000 1.300000
v 1.380000 2.840000 -1.300000
v 1.380000 4.140000 -0.000000
v 1.475000 2.840000 0.035000
v 1.475000 4.010000 0.035000
v 1.475000 2.840000 -0.035000
v 1.475000 4.010000 -0.035000
v 1.545000 2.840000 0.035000
v 1.545000 4.010000 0.035000
v 1.545000 2.840000 -0.035000
v 1.545000 4.010000 -0.035000
v 1.475000 3.429000 0.650000
v 1.475000 3.499000 0.650000
v 1.475000 3.429000 -0.650000
v 1.475000 3.499000 -0.650000
v 1.545000 3.429000 0.650000
v 1.545000 3.499000 0.650000
v 1.545000 3.429000 -0.650000
v 1.545000 3.499000 -0.650000
v -1.730000 4.140000 0.070000
v -1.730000 4.260000 0.070000
v -1.730000 4.140000 -0.070000
v -1.730000 4.260000 -0.070000
v 1.730000 4.140000 0.070000
v 1.730000 4.260000 0.070000
v 1.730000 4.140000 -0.070000
v 1.730000 4.260000 -0.070000
v 1.425000 0.000000 -0.023401
v 1.425000 1.590000 -0.023401
v 1.425000 0.000000 -0.523401
v 1.425000 1.590000 -0.523401
v 1.975000 0.000000 -0.023401
v 1.975000 1.590000 -0.023401
v 1.975000 0.000000 -0.523401
v 1.975000 1.590000 -0.523401
v 1.460000 0.000000 -0.073401
v 1.460000 4.590000 -0.073401
v 1.460000 0.000000 -0.473401
v 1.460000 4.590000 -0.473401
v 1.880000 0.000000 -0.073401
v 1.880000 4.590000 -0.073401
v 1.880000 0.000000 -0.473401
v 1.880000 4.590000 -0.473401
v 1.410000 4.550000 -0.023401
v 1.410000 4.630000 -0.023401
v 1.410000 4.550000 -0.523401
v 1.410000 4.630000 -0.523401
v 1.930000 4.550000 -0.023401
v 1.930000 4.630000 -0.023401
v 1.930000 4.550000 -0.523401
v 1.930000 4.630000 -0.523401
v 1.670000 4.630000 -0.238401
v 1.670000 4.790000 -0.228401
v 1.708891 4.630000 -0.222292
v 1.701820 4.790000 -0.215221
v 1.725000 4.630000 -0.183401
v 1.715000 4.790000 -0.183401
v 1.708891 4.630000 -0.144510
v 1.701820 4.790000 -0.151581
v 1.670000 4.630000 -0.128401
v 1.670000 4.790000 -0.138401
v 1.631109 4.630000 -0.144510
v 1.638180 4.790000 -0.151581
v 1.615000 4.630000 -0.183401
v 1.625000 4.790000 -0.183401
v 1.631109 4.630000 -0.222292
v 1.638180 4.790000 -0.215221
v 1.670000 4.630000 -0.418401
v 1.670000 4.790000 -0.408401
v 1.708891 4.630000 -0.402292
v 1.701820 4.790000 -0.395221
v 1.725000 4.630000 -0.363401
v 1.715000 4.790000 -0.363401
v 1.708891 4.630000 -0.324510
v 1.701820 4.790000 -0.331581
v 1.670000 4.630000 -0.308401
v 1.670000 4.790000 -0.318401
v 1.631109 4.630000 -0.324510
v 1.638180 4.790000 -0.331581
v 1.615000 4.630000 -0.363401
v 1.625000 4.790000 -0.363401
v 1.631109 4.630000 -0.402292
v 1.638180 4.790000 -0.395221
vn -1.0000 -0.0000 -0.0000
vn -0.0000 -0.0000 -1.0000
vn 1.0000 -0.0000 -0.0000
vn -0.0000 -0.0000 1.0000
vn -0.0000 -1.0000 -0.0000
vn -0.0000 1.0000 -0.0000
vn -0.4799 -0.8773 0.0048
vn -0.2070 -0.7625 0.6130
vn 0.2069 -0.7436 -0.6357
vn 0.6420 -0.6392 -0.4234
vn 0.5433 -0.6504 0.5309
vn -0.4706 -0.2704 0.8399
vn -0.9610 -0.2402 -0.1373
vn 0.0520 -0.2725 -0.9607
vn 0.7869 -0.1459 -0.5995
vn 0.6656 0.1123 0.7378
vn -0.9824 0.0213 0.1855
vn -0.7539 0.0906 -0.6507
vn 0.3588 0.0359 -0.9327
vn 0.8647 0.4860 0.1265
vn 0.1349 0.3470 0.9281
vn -0.7788 0.6260 -0.0413
vn -0.6571 0.5617 -0.5028
vn -0.0019 0.7553 -0.6553
vn 0.3160 0.9487 -0.0120
vn -0.0735 0.9237 0.3759
vn -0.0779 -0.8500 0.5210
vn 0.7234 -0.6769 0.1361
vn -0.6284 -0.7593 -0.1690
vn -0.2546 -0.6510 -0.7151
vn 0.6471 -0.5984 -0.4725
vn 0.9251 -0.1938 0.3265
vn -0.2123 -0.1355 0.9678
vn -0.9141 -0.3881 -0.1177
vn -0.3659 -0.2497 -0.8965
vn 0.7907 -0.1978 -0.5794
vn 0.3034 0.2272 0.9254
vn -0.5968 0.1238 0.7928
vn -0.7990 -0.0037 -0.6013
vn 0.2669 0.1962 -0.9435
vn 0.9934 0.1022 -0.0520
vn 0.2010 0.6122 0.7647
vn -0.4102 0.6292 0.6601
vn -0.5286 0.7728 -0.3512
vn 0.1665 0.7837 -0.5984
vn 0.6804 0.7323 0.0294
vn 0.6043 -0.7511 -0.2658
vn 0.0780 -0.7809 -0.6198
vn 0.5035 -0.7698 0.3922
vn -0.2708 -0.7945 0.5435
vn -0.5795 -0.8119 -0.0706
vn 0.0821 -0.1845 -0.9794
vn 0.8942 -0.2243 -0.3875
vn 0.7025 -0.4320 0.5656
vn -0.4130 0.0893 0.9063
vn -0.9809 -0.1009 -0.1663
vn 0.6071 0.1110 -0.7868
vn 0.9977 -0.0214 -0.0639
vn -0.1227 0.2416 0.9626
vn -0.6970 0.3816 0.6071
vn -0.5384 0.3093 -0.7839
vn 0.5371 0.6187 -0.5734
vn 0.7632 0.6286 -0.1499
vn -0.1208 0.7200 0.6834
vn -0.4462 0.7427 0.4993
vn -0.2777 0.7877 -0.5499
vn -0.5450 -0.8366 -0.0552
vn -0.3255 -0.7477 0.5789
vn 0.1234 -0.7688 -0.6275
vn 0.7257 -0.6274 -0.2824
vn 0.5730 -0.6175 0.5388
vn -0.6402 0.0271 0.7678
vn -0.8763 -0.4509 -0.1697
vn 0.0213 -0.3847 -0.9228
vn 0.8840 -0.0106 -0.4674
vn 0.6600 0.1664 0.7326
vn -0.8462 0.1347 0.5156
vn -0.6568 -0.0951 -0.7480
vn 0.5508 0.1511 -0.8209
vn 0.8512 0.5013 0.1552
vn -0.1954 0.4805 0.8550
vn -0.7000 0.6161 0.3610
vn -0.5538 0.6293 -0.5452
vn 0.2375 0.7655 -0.5980
vn 0.4737 0.8801 0.0302
vn -0.2632 0.7350 0.6249
vn -0.3570 -0.8614 -0.3613
vn -0.5540 -0.6957 0.4573
vn 0.3003 -0.8443 -0.4439
vn 0.6743 -0.5878 0.4470
vn 0.1618 -0.5133 0.8428
vn -0.9039 -0.0339 0.4264
vn -0.6308 -0.2147 -0.7457
vn 0.4178 -0.3166 -0.8516
vn 0.9288 0.0659 0.3646
vn 0.1275 0.1065 0.9861
vn -0.9245 0.2075 -0.3197
vn -0.2963 0.0192 -0.9549
vn 0.8635 0.3240 -0.3865
vn 0.5859 0.4263 0.6892
vn -0.5591 0.4063 0.7228
vn -0.8080 0.4759 -0.3472
vn -0.3212 0.4521 -0.8321
vn 0.5908 0.7145 -0.3748
vn 0.3780 0.8326 0.4048
vn -0.4916 0.7307 0.4736
vn 0.3895 -0.8263 -0.4069
vn -0.7965 -0.5728 -0.1937
vn 0.6407 -0.7636 0.0797
vn -0.1067 -0.4996 0.8596
vn -0.7997 -0.4020 0.4459
vn -0.8856 -0.1016 -0.4533
vn 0.5829 -0.2675 -0.7672
vn 0.8674 -0.4945 0.0554
vn -0.0204 -0.1721 0.9849
vn -0.8593 -0.2159 0.4636
vn -0.0185 0.2439 -0.9696
vn 0.7403 -0.1523 -0.6548
vn 0.7235 0.0998 0.6831
vn -0.4147 0.1537 0.8969
vn -0.9597 0.0975 -0.2637
vn 0.0663 0.5606 -0.8254
vn 0.5536 0.5477 -0.6273
vn 0.5194 0.8161 0.2534
vn -0.0872 0.9305 0.3558
vn -0.4621 0.8117 -0.3571
vn -0.0389 -0.9565 -0.2891
vn -0.5698 -0.8143 0.1111
vn 0.5256 -0.8403 0.1328
vn 0.3274 -0.6893 0.6462
vn -0.3373 -0.6686 0.6628
vn -0.9646 -0.2384 -0.1125
vn 0.0080 -0.0611 -0.9981
vn 0.9544 -0.2840 -0.0918
vn 0.5780 0.0151 0.8159
vn -0.5241 0.1270 0.8421
vn -0.3109 0.1877 -0.9317
vn 0.4013 0.1828 -0.8975
vn 0.8714 0.2113 0.4428
vn 0.0145 0.4353 0.9002
vn -0.7840 0.3406 0.5189
vn -0.0792 0.7003 -0.7094
vn 0.2402 0.6727 -0.6998
vn 0.5493 0.8039 0.2280
vn 0.0356 0.8310 0.5551
vn -0.3914 0.8712 0.2964
vn 0.2435 -0.9108 -0.3335
vn -0.1451 -0.8327 -0.5344
vn 0.1203 -0.9324 0.3407
vn -0.2233 -0.8961 0.3836
vn -0.4951 -0.8334 -0.2457
vn -0.1183 -0.1902 -0.9746
vn 0.8101 -0.1562 -0.5651
vn 0.6014 -0.2270 0.7660
vn -0.4144 -0.1464 0.8982
vn -0.9256 0.0900 -0.3676
vn 0.5341 0.1237 -0.8363
vn 0.9766 0.2148 0.0115
vn 0.1867 0.1382 0.9727
vn -0.8774 0.4478 0.1723
vn -0.6636 0.2943 -0.6878
vn 0.4844 0.5832 -0.6521
vn 0.8085 0.5874 -0.0358
vn 0.2212 0.7613 0.6095
vn -0.6324 0.7710 0.0748
vn -0.4724 0.6985 -0.5375
vn -0.4716 -0.8814 0.0261
vn -0.1673 -0.7870 0.5939
vn 0.0634 -0.8146 -0.5766
vn 0.6423 -0.6877 -0.3384
vn 0.5935 -0.6717 0.4435
vn -0.4363 -0.2244 0.8714
vn -0.9668 -0.2443 -0.0754
vn -0.1488 -0.2029 -0.9678
vn 0.8143 -0.0038 -0.5804
vn 0.6917 0.3530 0.6300
vn -0.9530 0.0545 0.2980
vn -0.7726 0.1076 -0.6257
vn 0.2740 0.2109 -0.9383
vn 0.7810 0.5872 0.2128
vn 0.3466 0.5138 0.7848
vn -0.7098 0.7038 0.0306
vn -0.6261 0.6382 -0.4480
vn -0.0160 0.7896 -0.6134
vn 0.3922 0.9096 0.1374
vn 0.1658 0.8994 0.4044
vn 0.3207 -0.9301 -0.1793
vn -0.4290 -0.7085 -0.5604
vn 0.2400 -0.8840 0.4012
vn -0.4481 -0.7188 0.5316
vn -0.7706 -0.6024 -0.2083
vn -0.3402 -0.1876 -0.9215
vn 0.8201 -0.4251 -0.3831
vn 0.6843 -0.3277 0.6514
vn -0.4204 0.1441 0.8958
vn -0.9538 0.0773 -0.2902
vn 0.4936 0.0588 -0.8677
vn 0.9844 -0.0902 0.1513
vn 0.1544 0.3100 0.9381
vn -0.6911 0.5483 0.4709
vn -0.6889 0.2611 -0.6762
vn 0.5072 0.5743 -0.6426
vn 0.8624 0.4992 0.0842
vn 0.2186 0.6698 0.7097
vn -0.4270 0.8273 0.3650
vn -0.3288 0.8031 -0.4968
vn -0.4724 -0.8719 0.1286
vn -0.3213 -0.7888 0.5239
vn 0.3328 -0.7630 -0.5542
vn 0.6139 -0.6874 -0.3882
vn 0.4626 -0.7190 0.5187
vn -0.6530 -0.1124 0.7490
vn -0.8885 -0.4588 -0.0091
vn 0.1855 -0.2524 -0.9497
vn 0.7897 -0.2370 -0.5659
vn 0.6144 0.0283 0.7885
vn -0.8656 -0.0064 0.5008
vn -0.5630 0.0540 -0.8247
vn 0.3843 -0.0512 -0.9218
vn 0.8863 0.4262 0.1810
vn -0.2453 0.3585 0.9007
vn -0.7290 0.6024 0.3250
vn -0.4908 0.5403 -0.6835
vn 0.0320 0.6641 -0.7469
vn 0.3641 0.9313 0.0069
vn -0.3513 0.7365 0.5781
vn 0.0989 -0.8470 -0.5224
vn -0.5552 -0.8018 -0.2213
vn 0.5875 -0.8092 -0.0003
vn 0.2492 -0.7357 0.6299
vn -0.4501 -0.7299 0.5145
vn -0.8291 -0.3643 -0.4241
vn 0.1784 -0.4552 -0.8723
vn 0.8886 -0.4530 -0.0721
vn 0.4178 -0.2249 0.8803
vn -0.6604 -0.2780 0.6976
vn -0.4121 -0.0685 -0.9085
vn 0.7069 -0.1373 -0.6939
vn 0.8279 0.0209 0.5604
vn -0.0687 0.1246 0.9898
vn -0.9899 0.0622 0.1278
vn -0.1105 0.8787 -0.4644
vn 0.3322 0.8625 -0.3817
vn 0.4026 0.8873 0.2251
vn 0.0695 0.9207 0.3841
vn -0.3446 0.9380 -0.0367
vn -0.4588 -0.8272 -0.3243
vn -0.6207 -0.7827 -0.0459
vn 0.5500 -0.8232 -0.1411
vn 0.5944 -0.6996 0.3965
vn 0.0196 -0.7111 0.7028
vn -0.9863 -0.1223 -0.1109
vn -0.6029 -0.3844 -0.6991
vn 0.8185 -0.2925 -0.4944
vn 0.8680 -0.1765 0.4641
vn -0.0759 -0.0009 0.9971
vn -0.9252 -0.0107 -0.3793
vn 0.1629 0.0890 -0.9826
vn 0.9892 0.0658 -0.1307
vn 0.4057 0.2966 0.8646
vn -0.8008 0.4152 0.4317
vn -0.7122 0.6104 -0.3468
vn 0.0928 0.6198 -0.7793
vn 0.6323 0.7445 -0.2143
vn 0.2519 0.8573 0.4491
vn -0.6514 0.7225 0.2315
vn 0.5864 -0.8003 0.1251
vn 0.1953 -0.7174 -0.6687
vn -0.0025 -0.7543 0.6566
vn -0.5030 -0.7548 0.4211
vn -0.2940 -0.7160 -0.6331
vn 0.3648 -0.2433 -0.8987
vn 0.8651 -0.4651 0.1878
vn 0.0473 -0.4395 0.8970
vn -0.7862 -0.1654 0.5955
vn -0.4734 -0.2308 -0.8501
vn 0.8229 0.0420 -0.5666
vn 0.6583 -0.1250 0.7423
vn -0.5679 -0.0016 0.8231
vn -0.9403 0.3290 -0.0871
vn -0.0198 0.0406 -0.9990
vn 0.4947 0.7878 -0.3668
vn 0.3779 0.8282 0.4139
vn -0.3134 0.8221 0.4754
vn -0.5313 0.8472 0.0007
vn 0.0931 0.8109 -0.5777
vn -0.6501 -0.7315 -0.2056
vn -0.2929 -0.6817 0.6705
vn -0.1291 -0.7320 -0.6690
vn 0.7337 -0.6636 -0.1459
vn 0.5249 -0.6157 0.5877
vn -0.4724 -0.1038 0.8752
vn -0.9224 -0.2671 -0.2789
vn -0.1794 -0.1356 -0.9744
vn 0.9496 -0.1565 -0.2716
vn 0.6397 -0.2236 0.7354
vn -0.8778 0.2139 0.4285
vn -0.5926 0.1162 -0.7971
vn 0.3833 0.2785 -0.8806
vn 0.9665 0.1624 0.1988
vn -0.0698 0.1960 0.9781
vn -0.6358 0.7124 0.2969
vn -0.4244 0.6920 -0.5839
vn 0.1997 0.7393 -0.6430
vn 0.5321 0.8432 0.0776
vn -0.1368 0.7737 0.6186
vn -0.2255 -0.9360 -0.2703
vn -0.5064 -0.8578 -0.0878
vn 0.2906 -0.9490 0.1225
vn 0.0113 -0.6428 0.7659
vn -0.2292 -0.6203 0.7501
vn -0.8813 -0.2121 -0.4223
vn -0.1217 -0.2048 -0.9712
vn 0.9339 -0.2798 -0.2225
vn 0.2708 -0.0536 0.9611
vn -0.4110 0.0382 0.9109
vn -0.3836 0.0200 -0.9233
vn 0.3965 0.1000 -0.9126
vn 0.9227 0.2539 0.2902
vn -0.0804 0.2344 0.9688
vn -0.8887 0.4213 0.1810
vn -0.1971 0.5057 -0.8399
vn 0.2966 0.4740 -0.8291
vn 0.6367 0.7704 0.0334
vn -0.0045 0.9033 0.4290
vn -0.5601 0.8283 -0.0097
vn 0.1206 -0.9371 0.3276
vn 0.4493 -0.8613 -0.2375
vn -0.3087 -0.9229 0.2302
vn -0.3478 -0.7679 -0.5379
vn 0.0070 -0.7393 -0.6734
vn 0.9790 0.0162 -0.2030
vn 0.3348 -0.3152 0.8880
vn -0.7203 -0.1848 0.6686
vn -0.6855 -0.1839 -0.7045
vn 0.0942 -0.1207 -0.9882
vn 0.9182 0.2737 0.2863
vn -0.3059 0.0868 0.9481
vn -0.9581 0.2610 0.1181
vn -0.3084 0.1285 -0.9425
vn 0.7666 0.3147 -0.5597
vn 0.6876 0.7012 0.1887
vn -0.2145 0.7485 0.6274
vn -0.6232 0.7705 0.1342
vn -0.1659 0.7937 -0.5852
vn 0.5978 0.7109 -0.3706
vn 0.2622 -0.9647 -0.0235
vn 0.1018 -0.8361 -0.5391
vn -0.2704 -0.8856 0.3776
vn -0.5749 -0.7991 0.1757
vn -0.3552 -0.7583 -0.5467
vn 0.4996 -0.2977 -0.8135
vn 0.8242 -0.5296 0.2007
vn -0.1570 -0.4505 0.8789
vn -0.8779 -0.1377 0.4586
vn -0.4911 0.0495 -0.8697
vn 0.9477 -0.1131 -0.2984
vn 0.5923 -0.1856 0.7841
vn -0.5755 -0.0052 0.8178
vn -0.8391 0.4899 -0.2364
vn 0.0226 0.2488 -0.9683
vn 0.6497 0.7601 0.0137
vn 0.4843 0.7109 0.5100
vn -0.0545 0.8464 0.5298
vn -0.2151 0.9765 0.0154
vn 0.2063 0.9298 -0.3049
vn -0.5562 -0.8188 -0.1424
vn -0.2200 -0.7158 0.6627
vn 0.1650 -0.7422 -0.6495
vn 0.6757 -0.6883 -0.2641
vn 0.4078 -0.6712 0.6190
vn -0.3761 -0.3149 0.8714
vn -0.9550 -0.1280 -0.2676
vn 0.1307 -0.1216 -0.9839
vn 0.9180 -0.1614 -0.3624
vn 0.5343 -0.3027 0.7893
vn -0.9580 0.1853 0.2187
vn -0.5266 0.2879 -0.7999
vn 0.5499 0.1761 -0.8165
vn 0.9730 0.1735 0.1521
vn 0.0682 -0.0096 0.9976
vn -0.5858 0.8071 0.0731
vn -0.3558 0.7424 -0.5677
vn 0.3596 0.7385 -0.5704
vn 0.6047 0.7957 0.0340
vn 0.0360 0.8568 0.5145
vn -0.4190 -0.8793 -0.2266
vn -0.4667 -0.8527 0.2348
vn 0.1699 -0.9188 -0.3564
vn 0.4313 -0.8936 0.1243
vn 0.0683 -0.8651 0.4970
vn -0.8771 -0.1876 0.4422
vn -0.8010 -0.1255 -0.5853
vn 0.4085 -0.1000 -0.9073
vn 0.9817 -0.0643 0.1793
vn 0.1500 -0.2395 0.9592
vn -0.9732 0.1689 -0.1560
vn -0.2413 0.2826 -0.9284
vn 0.8430 0.3071 -0.4417
vn 0.7858 0.2186 0.5785
vn -0.5120 0.1649 0.8430
vn -0.7363 0.6624 -0.1380
vn -0.2040 0.6643 -0.7191
vn 0.6367 0.6933 -0.3376
vn 0.5718 0.7327 0.3690
vn -0.3969 0.7281 0.5588
vn 0.2011 -0.9727 -0.1156
vn -0.2107 -0.8095 -0.5481
vn -0.0115 -0.9578 0.2873
vn -0.4884 -0.8491 0.2013
vn -0.5276 -0.7496 -0.3997
vn -0.0204 -0.3056 -0.9519
vn 0.8677 -0.4702 -0.1611
vn 0.4328 -0.2578 0.8638
vn -0.7320 0.0895 0.6754
vn -0.7868 -0.0111 -0.6171
vn 0.7387 -0.0545 -0.6718
vn 0.8323 -0.0428 0.5526
vn -0.1272 0.3030 0.9445
vn -0.8544 0.4840 0.1891
vn -0.4785 0.1570 -0.8639
vn 0.5702 0.7660 -0.2968
vn 0.6251 0.6827 0.3784
vn 0.0508 0.7738 0.6314
vn -0.3850 0.9085 0.1625
vn -0.0947 0.9072 -0.4099
vn -0.3400 -0.9118 -0.2303
vn -0.5162 -0.8103 0.2774
vn 0.5480 -0.8159 -0.1844
vn 0.6527 -0.6974 0.2959
vn 0.0693 -0.6948 0.7158
vn -0.9128 -0.2766 0.3003
vn -0.6087 -0.4406 -0.6599
vn 0.7615 -0.3756 -0.5282
vn 0.8651 -0.3776 0.3301
vn 0.0355 -0.1541 0.9874
vn -0.9619 -0.0431 -0.2699
vn 0.0742 0.0009 -0.9972
vn 0.9464 -0.1301 -0.2956
vn 0.4631 0.1143 0.8789
vn -0.6171 0.1874 0.7642
vn -0.5879 0.7736 -0.2363
vn 0.0240 0.7552 -0.6551
vn 0.4538 0.8302 -0.3238
vn 0.1747 0.9037 0.3910
vn -0.4038 0.8430 0.3554
vn 0.3444 -0.9211 -0.1815
vn -0.4574 -0.7379 -0.4963
vn 0.2835 -0.8441 0.4551
vn -0.3252 -0.7298 0.6013
vn -0.7440 -0.6552 -0.1309
vn -0.4337 -0.1006 -0.8954
vn 0.8524 -0.2662 -0.4500
vn 0.6772 -0.2824 0.6795
vn -0.3451 0.0623 0.9365
vn -0.9833 0.0137 -0.1813
vn 0.3774 0.2316 -0.8966
vn 0.9974 0.0537 0.0488
vn 0.1368 0.2569 0.9567
vn -0.7077 0.4680 0.5293
vn -0.7380 0.2522 -0.6259
vn 0.3597 0.5920 -0.7212
vn 0.8277 0.5611 0.0083
vn 0.1519 0.6555 0.7397
vn -0.5200 0.7361 0.4333
vn -0.4801 0.7239 -0.4956
vn -0.1403 -0.7575 -0.6376
vn -0.6494 -0.7487 -0.1332
vn 0.6626 -0.7073 -0.2462
vn 0.6137 -0.6836 0.3949
vn -0.2608 -0.7360 0.6247
vn -0.9745 0.0327 -0.2222
vn -0.1900 -0.0995 -0.9767
vn 0.8752 -0.2695 -0.4017
vn 0.8286 -0.0817 0.5539
vn -0.4134 -0.0190 0.9103
vn -0.6825 0.2920 -0.6700
vn 0.2681 0.1829 -0.9459
vn 0.9793 0.1408 0.1457
vn 0.2630 0.3805 0.8866
vn -0.8827 0.3940 0.2561
vn -0.4685 0.7211 -0.5104
vn 0.1245 0.7425 -0.6582
vn 0.5397 0.8412 0.0332
vn 0.1798 0.8864 0.4266
vn -0.5712 0.8185 0.0618
vn 0.5839 -0.8002 -0.1366
vn -0.0237 -0.8638 -0.5032
vn 0.5445 -0.8128 0.2069
vn -0.3428 -0.8552 0.3887
vn -0.5381 -0.8429 0.0024
vn -0.0466 -0.2164 -0.9752
vn 0.8469 -0.4666 -0.2552
vn 0.8600 -0.1854 0.4755
vn -0.5295 -0.0531 0.8467
vn -0.9963 -0.0048 -0.0854
vn 0.4075 0.0266 -0.9128
vn 0.9402 -0.0910 0.3283
vn 0.2600 0.3549 0.8980
vn -0.8587 0.3057 0.4113
vn -0.7219 0.3299 -0.6083
vn 0.2764 0.7737 -0.5700
vn 0.6670 0.6839 0.2956
vn 0.2477 0.6891 0.6810
vn -0.5802 0.7651 0.2793
vn -0.4872 0.7708 -0.4105
vn 0.4627 -0.8631 0.2022
vn 0.6049 -0.7620 -0.2312
vn -0.3239 -0.9156 0.2382
vn -0.5465 -0.6255 -0.5569
vn -0.1815 -0.5779 -0.7956
vn 0.9655 -0.1699 -0.1974
vn 0.6953 -0.4123 0.5887
vn -0.5423 -0.0754 0.8368
vn -0.8308 -0.0958 -0.5483
vn -0.1445 -0.0408 -0.9887
vn 0.9705 -0.0260 0.2397
vn -0.1051 0.1181 0.9874
vn -0.7686 0.2704 0.5798
vn -0.5429 0.2204 -0.8104
vn 0.7043 0.3477 -0.6190
vn 0.7256 0.6240 0.2899
vn -0.0737 0.5356 0.8413
vn -0.4827 0.6538 0.5827
vn -0.2245 0.9340 -0.2780
vn 0.5607 0.7864 -0.2592
vn -0.2964 -0.6405 0.7085
vn 0.6594 -0.6134 0.4346
vn -0.7466 -0.6635 0.0478
vn -0.1309 -0.6778 -0.7235
vn 0.7116 -0.6178 -0.3346
vn 0.8097 -0.1507 0.5672
vn -0.3527 -0.3874 0.8518
vn -0.9823 -0.1852 0.0299
vn -0.1898 -0.2750 -0.9425
vn 0.8413 -0.3417 -0.4189
vn 0.4728 0.1311 0.8713
vn -0.9113 0.0503 0.4087
vn -0.8207 0.1848 -0.5406
vn 0.3709 0.0703 -0.9260
vn 0.9690 0.0775 0.2347
vn 0.3707 0.7949 0.4802
vn -0.5156 0.8430 0.1535
vn -0.4844 0.8333 -0.2664
vn 0.1867 0.8693 -0.4576
vn 0.5757 0.7873 0.2208
vn -0.5591 -0.8273 -0.0546
vn -0.2209 -0.8013 0.5560
vn 0.0179 -0.7507 -0.6604
vn 0.6041 -0.6887 -0.4009
vn 0.5770 -0.7273 0.3716
vn -0.4206 -0.2313 0.8773
vn -0.9449 -0.3090 -0.1083
vn -0.0757 -0.3326 -0.9400
vn 0.7768 -0.3329 -0.5345
vn 0.7944 -0.1681 0.5836
vn -0.8835 0.0827 0.4611
vn -0.7479 0.0505 -0.6619
vn 0.3345 -0.0356 -0.9417
vn 0.9827 0.1358 0.1258
vn 0.1831 0.2236 0.9573
vn -0.4519 0.8802 0.1450
vn -0.4004 0.8577 -0.3226
vn 0.0128 0.9066 -0.4217
vn 0.2790 0.9599 0.0287
vn -0.0054 0.9384 0.3456
vn 0.4282 -0.8450 0.3203
vn 0.3611 -0.8136 -0.4557
vn -0.1999 -0.8074 0.5550
vn -0.5425 -0.8227 0.1698
vn -0.0808 -0.8173 -0.5706
vn 0.6683 -0.2244 -0.7092
vn 0.8090 -0.1733 0.5617
vn -0.2870 -0.0178 0.9578
vn -0.9709 -0.1184 0.2081
vn -0.2517 0.0548 -0.9663
vn 0.9749 0.2190 -0.0393
vn 0.1876 0.2741 0.9432
vn -0.6396 0.2478 0.7277
vn -0.6856 0.4066 -0.6039
vn 0.0268 0.2223 -0.9746
vn 0.3982 0.9173 0.0053
vn 0.0396 0.8453 0.5328
vn -0.3049 0.8427 0.4437
vn -0.3634 0.8485 -0.3846
vn -0.0665 0.8569 -0.5112
vn 0.0189 -0.8955 0.4447
vn 0.6208 -0.7460 0.2411
vn -0.4730 -0.8433 -0.2552
vn -0.1989 -0.7592 -0.6197
vn 0.6533 -0.6918 -0.3077
vn 0.8222 -0.2503 0.5112
vn -0.1750 -0.3708 0.9121
vn -0.9804 -0.1322 -0.1464
vn -0.4015 -0.0218 -0.9156
vn 0.8940 0.1235 -0.4306
vn 0.3071 0.0092 0.9516
vn -0.8828 0.1487 0.4455
vn -0.8400 0.2085 -0.5009
vn 0.3292 0.5317 -0.7803
vn 0.9547 0.2880 -0.0748
vn 0.1153 0.7221 0.6821
vn -0.6976 0.6242 0.3519
vn -0.6704 0.6971 -0.2541
vn 0.2143 0.8325 -0.5109
vn 0.5828 0.8126 -0.0038
vn -0.5767 -0.8170 -0.0000
vn 0.5767 0.8170 -0.0000
vn 0.8170 -0.5767 -0.0000
vn -0.8170 0.5767 -0.0000
vn -0.5258 -0.7092 0.4697
vn 0.0003 -0.6877 0.7260
vn -0.4487 -0.7389 -0.5027
vn 0.3744 -0.6583 -0.6530
vn 0.7456 -0.6652 -0.0394
vn 0.0203 -0.2644 0.9642
vn -0.7106 -0.4185 0.5656
vn -0.6793 -0.2840 -0.6767
vn 0.4441 -0.2177 -0.8691
vn 0.9895 -0.1445 0.0035
vn -0.3502 -0.0714 0.9340
vn -0.9850 0.0404 -0.1677
vn -0.1979 0.1212 -0.9727
vn 0.8592 0.1660 -0.4839
vn 0.6915 0.2668 0.6713
vn -0.2178 0.8188 0.5312
vn -0.5783 0.8094 -0.1025
vn -0.1641 0.8272 -0.5373
vn 0.4310 0.8636 -0.2617
vn 0.3517 0.8435 0.4059
vn -0.4854 -0.8463 -0.2194
vn -0.5727 -0.7222 0.3878
vn 0.4918 -0.8079 -0.3248
vn 0.6905 -0.6931 0.2068
vn 0.0688 -0.6533 0.7539
vn -0.8700 -0.1946 0.4529
vn -0.7663 -0.3299 -0.5513
vn 0.6443 -0.0587 -0.7625
vn 0.9646 -0.1542 0.2140
vn 0.0767 -0.2990 0.9512
vn -0.9949 0.0620 -0.0800
vn 0.0936 0.2569 -0.9619
vn 0.8414 0.1920 -0.5051
vn 0.7684 0.1685 0.6174
vn -0.6488 0.0960 0.7548
vn -0.5907 0.8042 -0.0652
vn 0.0959 0.7434 -0.6619
vn 0.4875 0.7659 -0.4193
vn 0.4000 0.9005 0.1706
vn -0.4512 0.8538 0.2595
vn 0.3296 -0.9217 0.2045
vn 0.5605 -0.7872 -0.2571
vn -0.4291 -0.8998 0.0792
vn -0.4847 -0.8158 -0.3156
vn 0.2273 -0.7371 -0.6365
vn 0.9347 -0.2924 -0.2021
vn 0.5591 -0.3186 0.7655
vn -0.7809 -0.1422 0.6083
vn -0.9169 -0.0557 -0.3953
vn 0.3363 0.0525 -0.9403
vn 0.8451 -0.0242 0.5341
vn -0.2106 0.1591 0.9645
vn -0.9380 0.1906 0.2895
vn -0.3448 0.4900 -0.8006
vn 0.6732 0.2350 -0.7011
vn 0.4981 0.7149 0.4907
vn -0.1421 0.6346 0.7597
vn -0.5577 0.7496 0.3565
vn -0.1717 0.9144 -0.3665
vn 0.3920 0.8792 -0.2707
vn -0.2357 -0.8294 0.5065
vn 0.3820 -0.7795 0.4964
vn -0.5269 -0.8222 -0.2152
vn -0.0938 -0.7887 -0.6076
vn 0.6127 -0.7743 -0.1579
vn 0.5174 -0.3653 0.7738
vn -0.4309 -0.4659 0.7728
vn -0.8692 -0.4235 -0.2552
vn -0.2004 -0.0504 -0.9784
vn 0.9649 -0.0773 -0.2508
vn 0.0076 -0.1279 0.9918
vn -0.9161 -0.1186 0.3829
vn -0.5518 0.1156 -0.8259
vn 0.3816 0.4157 -0.8256
vn 0.9471 0.1791 0.2664
vn -0.1055 0.6475 0.7547
vn -0.7137 0.6087 0.3465
vn -0.4437 0.6962 -0.5643
vn 0.2065 0.7780 -0.5934
vn 0.5583 0.7942 0.2398
vn -0.1664 -0.9010 -0.4006
vn -0.4540 -0.8909 0.0115
vn 0.3962 -0.8905 -0.2239
vn 0.3579 -0.7708 0.5270
vn 0.0664 -0.7737 0.6301
vn -0.9813 -0.1921 0.0098
vn -0.3465 -0.0453 -0.9369
vn 0.8187 -0.1817 -0.5448
vn 0.6730 -0.1019 0.7326
vn -0.0584 -0.0698 0.9959
vn -0.7111 0.2416 -0.6603
vn 0.1748 0.2763 -0.9450
vn 0.9413 0.2837 0.1830
vn 0.3102 0.1597 0.9372
vn -0.5996 0.3206 0.7333
vn -0.3333 0.8586 -0.3896
vn 0.0509 0.8534 -0.5187
vn 0.5462 0.8201 0.1706
vn 0.1984 0.7725 0.6032
vn -0.3017 0.8211 0.4846
vn -0.4301 -0.8087 0.4012
vn 0.4101 -0.7825 0.4685
vn -0.6129 -0.7741 -0.1585
vn 0.2863 -0.5427 -0.7896
vn 0.6587 -0.5280 -0.5361
vn 0.5281 -0.1533 0.8353
vn -0.6490 -0.3707 0.6644
vn -0.9246 -0.3291 -0.1919
vn 0.2237 -0.1442 -0.9639
vn 0.8253 -0.0763 -0.5595
vn -0.1059 0.1043 0.9889
vn -0.9455 -0.0876 0.3138
vn -0.6486 0.2120 -0.7310
vn 0.5639 0.1428 -0.8134
vn 0.8574 0.3752 0.3522
vn -0.1923 0.6916 0.6962
vn -0.7184 0.6347 0.2847
vn -0.5247 0.7624 -0.3788
vn 0.1874 0.9042 -0.3839
vn 0.4081 0.8664 0.2877
vn -0.0583 -0.9630 0.2630
vn 0.4390 -0.8692 -0.2273
vn -0.5345 -0.8450 0.0166
vn -0.4569 -0.6901 -0.5613
vn 0.1328 -0.6914 -0.7101
vn 0.9894 -0.1397 0.0389
vn 0.0028 -0.3318 0.9434
vn -0.8816 -0.3309 0.3365
vn -0.7449 -0.0836 -0.6619
vn 0.3055 0.0724 -0.9494
vn 0.5650 0.1374 0.8136
vn -0.4442 -0.0475 0.8947
vn -0.9902 0.1132 -0.0812
vn -0.2477 0.3858 -0.8887
vn 0.8089 0.3821 -0.4467
vn 0.2741 0.6838 0.6763
vn -0.3126 0.5997 0.7367
vn -0.6489 0.7483 0.1379
vn -0.1974 0.9205 -0.3373
vn 0.3893 0.9181 -0.0751
vn 0.4168 -0.8742 0.2491
vn 0.5523 -0.8330 0.0338
vn -0.4772 -0.8784 0.0272
vn -0.4937 -0.8309 -0.2567
vn 0.1506 -0.8361 -0.5275
vn 0.9877 -0.0927 0.1259
vn 0.5856 -0.2422 0.7736
vn -0.8477 -0.3422 0.4053
vn -0.9143 0.1185 -0.3874
vn 0.3075 -0.0766 -0.9484
vn 0.8656 0.0709 0.4957
vn -0.0268 0.1496 0.9884
vn -0.9612 0.2054 -0.1841
vn -0.5961 0.4603 -0.6579
vn 0.8935 0.3219 -0.3132
vn 0.5872 0.6964 0.4125
vn 0.0670 0.7336 0.6762
vn -0.5529 0.8272 -0.1003
vn -0.4459 0.8547 -0.2658
vn 0.5929 0.8053 0.0011
vn -0.1354 -0.8497 0.5096
vn 0.2689 -0.8201 0.5050
vn -0.4308 -0.8892 -0.1542
vn 0.0576 -0.8140 -0.5779
vn 0.5217 -0.8019 -0.2912
vn 0.4315 -0.2364 0.8706
vn -0.3339 -0.5107 0.7923
vn -0.9348 -0.2979 -0.1931
vn -0.0766 -0.0230 -0.9968
vn 0.9126 0.1013 -0.3960
vn 0.1584 -0.1148 0.9807
vn -0.9527 -0.0655 0.2969
vn -0.6452 0.2313 -0.7282
vn 0.4837 0.4284 -0.7632
vn 0.8634 0.4156 0.2862
vn 0.0363 0.7235 0.6893
vn -0.6876 0.6882 0.2316
vn -0.5047 0.7584 -0.4123
vn 0.2529 0.8575 -0.4480
vn 0.5288 0.8085 0.2583
vn -0.3200 -0.7992 0.5088
vn 0.4309 -0.6502 0.6258
vn -0.4618 -0.6928 -0.5539
vn 0.1204 -0.5488 -0.8272
vn 0.8415 -0.5210 -0.1427
vn 0.4571 -0.3244 0.8281
vn -0.5969 -0.3356 0.7287
vn -0.6590 -0.4424 -0.6083
vn 0.0993 -0.2830 -0.9540
vn 0.9843 0.1233 -0.1260
vn -0.2865 -0.0389 0.9573
vn -0.9507 -0.0203 0.3094
vn -0.4125 -0.0978 -0.9057
vn 0.7954 0.3760 -0.4753
vn 0.9025 0.3221 0.2859
vn -0.3500 0.7235 0.5951
vn -0.6418 0.7048 0.3023
vn -0.3501 0.8751 -0.3342
vn 0.4231 0.8914 -0.1623
vn 0.4710 0.8665 0.1653
vn -0.0000 0.7071 -0.7071
vn -0.0000 -0.7071 0.7071
vn -0.0000 -0.7071 -0.7071
vn -0.0000 0.7071 0.7071
vn 0.3820 0.0576 -0.9223
vn 0.9223 0.0576 -0.3820
vn 0.9223 0.0576 0.3820
vn 0.3820 0.0576 0.9223
vn -0.3820 0.0576 0.9223
vn -0.9223 0.0576 0.3820
vn -0.9223 0.0576 -0.3820
vn -0.3820 0.0576 -0.9223
vt 0.081490 0.540489
vt 0.088404 0.540459
vt 0.088404 0.658674
vt 0.081490 0.658704
vt 0.653793 0.273478
vt 0.648051 0.272058
vt 0.648051 0.124887
vt 0.653793 0.126308
vt 0.625780 0.110115
vt 0.619291 0.108985
vt 0.619291 0.004160
vt 0.625780 0.005290
vt 0.636538 0.340208
vt 0.641521 0.340010
vt 0.641521 0.498106
vt 0.636538 0.498304
vt 0.333404 0.173499
vt 0.333404 0.331689
vt 0.245586 0.329869
vt 0.245586 0.171679
vt 0.245586 0.163358
vt 0.245586 0.005140
vt 0.334345 0.004160
vt 0.334345 0.162379
vt 0.589456 0.162646
vt 0.589456 0.091037
vt 0.596351 0.091067
vt 0.596351 0.162677
vt 0.401191 0.324364
vt 0.341724 0.309651
vt 0.341724 0.171679
vt 0.401191 0.186391
vt 0.156957 0.742050
vt 0.156957 0.673828
vt 0.162981 0.672778
vt 0.162981 0.741001
vt 0.409512 0.173736
vt 0.461122 0.171679
vt 0.461122 0.319894
vt 0.409512 0.321950
vt 0.679512 0.303402
vt 0.679512 0.451705
vt 0.674389 0.451599
vt 0.674389 0.303296
vt 0.157803 0.664458
vt 0.157803 0.516128
vt 0.162981 0.516071
vt 0.162981 0.664401
vt 0.081490 0.738634
vt 0.081490 0.667024
vt 0.088386 0.667055
vt 0.088386 0.738664
vt 0.402132 0.156845
vt 0.342666 0.142133
vt 0.342666 0.004160
vt 0.402132 0.018872
vt 0.217461 0.741382
vt 0.217461 0.673160
vt 0.223485 0.672111
vt 0.223485 0.740333
vt 0.410453 0.006217
vt 0.462063 0.004160
vt 0.462063 0.152375
vt 0.410453 0.154432
vt 0.629069 0.519548
vt 0.629069 0.667851
vt 0.623946 0.667745
vt 0.623946 0.519442
vt 0.217461 0.663790
vt 0.217461 0.515460
vt 0.222639 0.515403
vt 0.222639 0.663733
vt 0.245586 0.439520
vt 0.317195 0.439205
vt 0.317195 0.540673
vt 0.245586 0.540988
vt 0.281058 0.759590
vt 0.281058 0.698330
vt 0.287308 0.696784
vt 0.287308 0.758044
vt 0.071371 0.592449
vt 0.004160 0.580744
vt 0.004160 0.490769
vt 0.071371 0.502474
vt 0.777131 0.678258
vt 0.777131 0.626607
vt 0.784042 0.626883
vt 0.784042 0.678533
vt 0.245586 0.615492
vt 0.252505 0.615349
vt 0.252505 0.690742
vt 0.245586 0.690885
vt 0.281058 0.612198
vt 0.287979 0.612274
vt 0.287979 0.688463
vt 0.281058 0.688387
vt 0.325515 0.439520
vt 0.397124 0.439205
vt 0.397124 0.540673
vt 0.325515 0.540988
vt 0.296300 0.759590
vt 0.296300 0.698330
vt 0.302550 0.696784
vt 0.302550 0.758044
vt 0.494444 0.600666
vt 0.427233 0.588960
vt 0.427233 0.498986
vt 0.494444 0.510691
vt 0.777131 0.738505
vt 0.777131 0.686854
vt 0.784042 0.687129
vt 0.784042 0.738780
vt 0.260826 0.615492
vt 0.267745 0.615348
vt 0.267745 0.690742
vt 0.260826 0.690885
vt 0.296300 0.612198
vt 0.303222 0.612274
vt 0.303222 0.688463
vt 0.296300 0.688387
vt 0.296290 0.971831
vt 0.296290 0.968374
vt 0.299737 0.968389
vt 0.299737 0.971846
vt 0.550401 0.727053
vt 0.547530 0.726343
vt 0.547530 0.583771
vt 0.550401 0.584481
vt 0.970363 0.107302
vt 0.970363 0.104008
vt 0.973375 0.103484
vt 0.973375 0.106777
vt 0.720499 0.124986
vt 0.722990 0.124887
vt 0.722990 0.278042
vt 0.720499 0.278142
vt 0.365668 0.549361
vt 0.365668 0.702608
vt 0.363107 0.702555
vt 0.363107 0.549308
vt 0.607784 0.700191
vt 0.607784 0.546917
vt 0.610373 0.546888
vt 0.610373 0.700162
vt 0.950339 0.972169
vt 0.950339 0.968712
vt 0.953787 0.968727
vt 0.953787 0.972184
vt 0.505635 0.727053
vt 0.502764 0.726343
vt 0.502764 0.583771
vt 0.505635 0.584481
vt 0.970419 0.749393
vt 0.970419 0.746099
vt 0.973431 0.745575
vt 0.973431 0.748868
vt 0.709623 0.303395
vt 0.712115 0.303296
vt 0.712115 0.456451
vt 0.709623 0.456550
vt 0.354786 0.549361
vt 0.354786 0.702608
vt 0.352225 0.702554
vt 0.352225 0.549308
vt 0.687832 0.456599
vt 0.687832 0.303324
vt 0.690421 0.303296
vt 0.690421 0.456570
vt 0.765578 0.589998
vt 0.765578 0.518389
vt 0.769026 0.518404
vt 0.769026 0.590013
vt 0.827232 0.688640
vt 0.827232 0.627380
vt 0.830357 0.626607
vt 0.830357 0.687867
vt 0.491055 0.775902
vt 0.491055 0.707680
vt 0.494067 0.707156
vt 0.494067 0.775378
vt 0.850010 0.863969
vt 0.850010 0.812319
vt 0.853466 0.812456
vt 0.853466 0.864107
vt 0.984778 0.571649
vt 0.984778 0.575110
vt 0.982216 0.575057
vt 0.982216 0.571596
vt 0.982217 0.220232
vt 0.982217 0.216771
vt 0.984805 0.216743
vt 0.984805 0.220204
vt 0.765866 0.075770
vt 0.765866 0.004160
vt 0.769314 0.004175
vt 0.769314 0.075785
vt 0.825759 0.066193
vt 0.825759 0.004933
vt 0.828885 0.004160
vt 0.828885 0.065420
vt 0.778075 0.193634
vt 0.778075 0.125412
vt 0.781087 0.124887
vt 0.781087 0.193109
vt 0.081411 0.862499
vt 0.081411 0.810848
vt 0.084866 0.810986
vt 0.084866 0.862637
vt 0.984778 0.405973
vt 0.984778 0.409433
vt 0.982216 0.409380
vt 0.982216 0.405920
vt 0.515444 0.973684
vt 0.515444 0.970223
vt 0.518032 0.970194
vt 0.518032 0.973655
vt 0.766307 0.196497
vt 0.766307 0.124887
vt 0.769755 0.124902
vt 0.769755 0.196512
vt 0.296290 0.829943
vt 0.296290 0.768683
vt 0.299415 0.767910
vt 0.299415 0.829170
vt 0.778075 0.270701
vt 0.778075 0.202479
vt 0.781087 0.201954
vt 0.781087 0.270176
vt 0.753582 0.862534
vt 0.753582 0.810883
vt 0.757038 0.811021
vt 0.757038 0.862671
vt 0.984778 0.417807
vt 0.984778 0.421268
vt 0.982217 0.421214
vt 0.982217 0.417754
vt 0.982216 0.066701
vt 0.982216 0.063239
vt 0.984805 0.063211
vt 0.984805 0.066672
vt 0.766307 0.276442
vt 0.766307 0.204832
vt 0.769755 0.204847
vt 0.769755 0.276457
vt 0.637638 0.828889
vt 0.637638 0.767630
vt 0.640763 0.766856
vt 0.640763 0.828116
vt 0.789408 0.193634
vt 0.789408 0.125412
vt 0.792420 0.124887
vt 0.792420 0.193109
vt 0.096724 0.863212
vt 0.096724 0.811561
vt 0.100180 0.811699
vt 0.100180 0.863349
vt 0.984778 0.370471
vt 0.984778 0.373931
vt 0.982217 0.373878
vt 0.982217 0.370418
vt 0.661690 0.973733
vt 0.661690 0.970272
vt 0.664279 0.970243
vt 0.664279 0.973704
vt 0.259931 0.770815
vt 0.259931 0.699206
vt 0.263379 0.699221
vt 0.263379 0.770830
vt 0.502764 0.832399
vt 0.502764 0.771140
vt 0.505889 0.770366
vt 0.505889 0.831626
vt 0.789408 0.270701
vt 0.789408 0.202479
vt 0.792420 0.201954
vt 0.792420 0.270176
vt 0.688559 0.865610
vt 0.688559 0.813959
vt 0.692015 0.814097
vt 0.692015 0.865747
vt 0.984778 0.429641
vt 0.984778 0.433101
vt 0.982217 0.433048
vt 0.982217 0.429588
vt 0.982217 0.137561
vt 0.982217 0.134100
vt 0.984805 0.134072
vt 0.984805 0.137533
vt 0.417226 0.707994
vt 0.417226 0.683301
vt 0.418704 0.683308
vt 0.418704 0.708001
vt 0.676783 0.775858
vt 0.676783 0.754734
vt 0.695534 0.750095
vt 0.695534 0.771219
vt 0.934793 0.148637
vt 0.934793 0.125112
vt 0.936084 0.124887
vt 0.936084 0.148412
vt 0.069635 0.781778
vt 0.087431 0.781068
vt 0.087431 0.801818
vt 0.069635 0.802528
vt 0.945502 0.124910
vt 0.945502 0.145672
vt 0.944404 0.145650
vt 0.944404 0.124887
vt 0.942360 0.494993
vt 0.942360 0.474226
vt 0.943469 0.474214
vt 0.943469 0.494980
vt 0.961544 0.724739
vt 0.964014 0.724729
vt 0.964014 0.730639
vt 0.961544 0.730650
vt 0.469569 0.933731
vt 0.467518 0.933224
vt 0.467518 0.908389
vt 0.469569 0.908896
vt 0.966516 0.945888
vt 0.964199 0.945484
vt 0.964199 0.940243
vt 0.966516 0.940647
vt 0.929955 0.676813
vt 0.931735 0.676742
vt 0.931735 0.703421
vt 0.929955 0.703492
vt 0.910185 0.303387
vt 0.910185 0.330081
vt 0.905795 0.329990
vt 0.905795 0.303296
vt 0.184513 0.902570
vt 0.184513 0.875870
vt 0.188951 0.875821
vt 0.188951 0.902521
vt 0.932638 0.395646
vt 0.932638 0.370953
vt 0.934115 0.370959
vt 0.934115 0.395652
vt 0.032663 0.788339
vt 0.032663 0.767215
vt 0.051414 0.762576
vt 0.051414 0.783700
vt 0.934737 0.272444
vt 0.934737 0.248919
vt 0.936028 0.248695
vt 0.936028 0.272220
vt 0.596875 0.789166
vt 0.614671 0.788457
vt 0.614671 0.809207
vt 0.596875 0.809916
vt 0.945446 0.248717
vt 0.945446 0.269480
vt 0.944349 0.269457
vt 0.944349 0.248695
vt 0.941002 0.913632
vt 0.941002 0.892866
vt 0.942112 0.892853
vt 0.942112 0.913620
vt 0.961593 0.474225
vt 0.964062 0.474214
vt 0.964062 0.480125
vt 0.961593 0.480136
vt 0.742642 0.933537
vt 0.740591 0.933030
vt 0.740591 0.908195
vt 0.742642 0.908702
vt 0.599192 0.966181
vt 0.596875 0.965778
vt 0.596875 0.960536
vt 0.599192 0.960940
vt 0.926420 0.039455
vt 0.928199 0.039384
vt 0.928199 0.066063
vt 0.926420 0.066134
vt 0.910066 0.371044
vt 0.910066 0.397738
vt 0.905675 0.397647
vt 0.905675 0.370953
vt 0.156957 0.900171
vt 0.156957 0.873472
vt 0.161394 0.873423
vt 0.161394 0.900122
vt 0.417226 0.674974
vt 0.417226 0.618675
vt 0.418704 0.618681
vt 0.418704 0.674981
vt 0.281058 0.603877
vt 0.281058 0.555714
vt 0.306952 0.549308
vt 0.306952 0.597471
vt 0.395753 0.603170
vt 0.395753 0.549533
vt 0.397043 0.549308
vt 0.397043 0.602945
vt 0.315272 0.589916
vt 0.315272 0.549308
vt 0.343904 0.550449
vt 0.343904 0.591057
vt 0.396850 0.648523
vt 0.396850 0.677195
vt 0.395753 0.677172
vt 0.395753 0.648500
vt 0.395753 0.640180
vt 0.395753 0.611502
vt 0.396862 0.611490
vt 0.396862 0.640167
vt 0.777347 0.577652
vt 0.777347 0.518389
vt 0.782272 0.518410
vt 0.782272 0.577673
vt 0.228667 0.851352
vt 0.228667 0.800654
vt 0.232239 0.799771
vt 0.232239 0.850468
vt 0.777131 0.804310
vt 0.777131 0.747850
vt 0.781434 0.747101
vt 0.781434 0.803560
vt 0.450791 0.860528
vt 0.450791 0.817783
vt 0.454740 0.817940
vt 0.454740 0.860685
vt 0.780209 0.961319
vt 0.780209 0.965273
vt 0.776550 0.965198
vt 0.776550 0.961243
vt 0.363671 0.964999
vt 0.363671 0.961044
vt 0.367369 0.961003
vt 0.367369 0.964959
vt 0.777635 0.063423
vt 0.777635 0.004160
vt 0.782560 0.004182
vt 0.782560 0.063445
vt 0.216775 0.851352
vt 0.216775 0.800654
vt 0.220347 0.799771
vt 0.220347 0.850468
vt 0.803077 0.432874
vt 0.803077 0.376414
vt 0.807380 0.375665
vt 0.807380 0.432124
vt 0.837205 0.114563
vt 0.837205 0.071818
vt 0.841154 0.071975
vt 0.841154 0.114720
vt 0.380095 0.961079
vt 0.380095 0.965034
vt 0.376436 0.964958
vt 0.376436 0.961003
vt 0.777635 0.075762
vt 0.777635 0.071806
vt 0.781333 0.071765
vt 0.781333 0.075721
vt 0.951854 0.413985
vt 0.956793 0.413964
vt 0.956793 0.419874
vt 0.951854 0.419896
vt 0.653942 0.875762
vt 0.649841 0.874747
vt 0.649841 0.838874
vt 0.653942 0.839889
vt 0.957567 0.661755
vt 0.952932 0.660947
vt 0.952932 0.655706
vt 0.957567 0.656513
vt 0.623946 0.839236
vt 0.627505 0.839094
vt 0.627505 0.877630
vt 0.623946 0.877771
vt 0.808086 0.836902
vt 0.808086 0.875461
vt 0.803695 0.875370
vt 0.803695 0.836811
vt 0.823842 0.116567
vt 0.823842 0.078001
vt 0.828280 0.077952
vt 0.828280 0.116518
vt 0.778075 0.279043
vt 0.783014 0.279022
vt 0.783014 0.293798
vt 0.778075 0.293820
vt 0.640763 0.875017
vt 0.636662 0.874002
vt 0.636662 0.837210
vt 0.640763 0.838224
vt 0.264566 0.938138
vt 0.259931 0.937331
vt 0.259931 0.924228
vt 0.264566 0.925035
vt 0.873232 0.676884
vt 0.876791 0.676742
vt 0.876791 0.716266
vt 0.873232 0.716408
vt 0.699706 0.469593
vt 0.699706 0.509140
vt 0.688729 0.508913
vt 0.688729 0.469365
vt 0.423764 0.478882
vt 0.423764 0.439327
vt 0.434859 0.439205
vt 0.434859 0.478759
vt 0.932638 0.428666
vt 0.932638 0.403973
vt 0.934115 0.403979
vt 0.934115 0.428672
vt 0.352225 0.771684
vt 0.352225 0.750560
vt 0.370976 0.745921
vt 0.370976 0.767045
vt 0.862775 0.936281
vt 0.862775 0.912756
vt 0.864066 0.912531
vt 0.864066 0.936056
vt 0.004160 0.785024
vt 0.021957 0.784314
vt 0.021957 0.805064
vt 0.004160 0.805774
vt 0.297387 0.924785
vt 0.297387 0.945548
vt 0.296290 0.945525
vt 0.296290 0.924763
vt 0.941002 0.942731
vt 0.941002 0.921965
vt 0.942112 0.921952
vt 0.942112 0.942719
vt 0.961602 0.299443
vt 0.964071 0.299432
vt 0.964071 0.305343
vt 0.961602 0.305354
vt 0.479940 0.933731
vt 0.477889 0.933224
vt 0.477889 0.908389
vt 0.479940 0.908896
vt 0.753751 0.965952
vt 0.751434 0.965548
vt 0.751434 0.960307
vt 0.753751 0.960711
vt 0.929905 0.770244
vt 0.931685 0.770173
vt 0.931685 0.796851
vt 0.929905 0.796922
vt 0.910066 0.406150
vt 0.910066 0.432845
vt 0.905675 0.432754
vt 0.905675 0.406059
vt 0.689541 0.900816
vt 0.689541 0.874117
vt 0.693979 0.874068
vt 0.693979 0.900767
vt 0.982217 0.925375
vt 0.984982 0.925363
vt 0.984982 0.928466
vt 0.982217 0.928478
vt 0.354522 0.906749
vt 0.352225 0.906181
vt 0.352225 0.871688
vt 0.354522 0.872256
vt 0.304706 0.985535
vt 0.302110 0.985083
vt 0.302110 0.982331
vt 0.304706 0.982783
vt 0.827469 0.375156
vt 0.829462 0.375077
vt 0.829462 0.412131
vt 0.827469 0.412210
vt 0.895638 0.518437
vt 0.895638 0.555512
vt 0.893332 0.555464
vt 0.893332 0.518389
vt 0.884399 0.408061
vt 0.884399 0.370979
vt 0.886729 0.370953
vt 0.886729 0.408036
vt 0.982217 0.948246
vt 0.984982 0.948234
vt 0.984982 0.951337
vt 0.982217 0.951350
vt 0.905400 0.283756
vt 0.903103 0.283188
vt 0.903103 0.248695
vt 0.905400 0.249263
vt 0.348371 0.985535
vt 0.345775 0.985083
vt 0.345775 0.982331
vt 0.348371 0.982783
vt 0.849475 0.071897
vt 0.851468 0.071818
vt 0.851468 0.108871
vt 0.849475 0.108951
vt 0.895637 0.563881
vt 0.895637 0.600956
vt 0.893332 0.600909
vt 0.893332 0.563833
vt 0.883092 0.086697
vt 0.883092 0.049615
vt 0.885422 0.049589
vt 0.885422 0.086672
vt 0.982217 0.959682
vt 0.984982 0.959670
vt 0.984982 0.962773
vt 0.982217 0.962785
vt 0.083708 0.906019
vt 0.081411 0.905450
vt 0.081411 0.870957
vt 0.083708 0.871526
vt 0.326538 0.985535
vt 0.323942 0.985083
vt 0.323942 0.982331
vt 0.326538 0.982783
vt 0.335900 0.866552
vt 0.337893 0.866473
vt 0.337893 0.903526
vt 0.335900 0.903606
vt 0.767667 0.854202
vt 0.767667 0.891278
vt 0.765362 0.891230
vt 0.765362 0.854155
vt 0.884509 0.478302
vt 0.884509 0.441220
vt 0.886839 0.441194
vt 0.886839 0.478277
vt 0.982217 0.936811
vt 0.984982 0.936799
vt 0.984982 0.939902
vt 0.982217 0.939914
vt 0.099021 0.906731
vt 0.096724 0.906163
vt 0.096724 0.871670
vt 0.099021 0.872238
vt 0.337454 0.985535
vt 0.334859 0.985083
vt 0.334859 0.982331
vt 0.337454 0.982783
vt 0.902773 0.124967
vt 0.904766 0.124887
vt 0.904766 0.161941
vt 0.902773 0.162020
vt 0.894452 0.124935
vt 0.894452 0.162011
vt 0.892147 0.161963
vt 0.892147 0.124887
vt 0.792362 0.885507
vt 0.792362 0.848424
vt 0.794692 0.848399
vt 0.794692 0.885481
vt 0.043540 0.971820
vt 0.043540 0.968363
vt 0.046988 0.968378
vt 0.046988 0.971835
vt 0.539209 0.727053
vt 0.536338 0.726343
vt 0.536338 0.583771
vt 0.539209 0.584481
vt 0.970419 0.761531
vt 0.970419 0.758238
vt 0.973431 0.757713
vt 0.973431 0.761007
vt 0.731205 0.518488
vt 0.733696 0.518389
vt 0.733696 0.671544
vt 0.731205 0.671643
vt 0.701303 0.303349
vt 0.701303 0.456595
vt 0.698741 0.456542
vt 0.698741 0.303296
vt 0.596875 0.700191
vt 0.596875 0.546916
vt 0.599464 0.546888
vt 0.599464 0.700162
vt 0.969121 0.229229
vt 0.969121 0.225772
vt 0.972569 0.225787
vt 0.972569 0.229244
vt 0.561592 0.727053
vt 0.558721 0.726343
vt 0.558721 0.583771
vt 0.561592 0.584481
vt 0.970652 0.708793
vt 0.970652 0.705499
vt 0.973664 0.704975
vt 0.973664 0.708268
vt 0.720435 0.303395
vt 0.722927 0.303296
vt 0.722927 0.456451
vt 0.720435 0.456550
vt 0.701296 0.124940
vt 0.701296 0.278187
vt 0.698735 0.278134
vt 0.698735 0.124887
vt 0.698601 0.671692
vt 0.698601 0.518417
vt 0.701190 0.518389
vt 0.701190 0.671663
vt 0.004160 0.775979
vt 0.004160 0.704369
vt 0.007608 0.704384
vt 0.007608 0.775994
vt 0.827232 0.758993
vt 0.827232 0.697734
vt 0.830357 0.696961
vt 0.830357 0.758220
vt 0.791744 0.449110
vt 0.791744 0.380888
vt 0.794756 0.380363
vt 0.794756 0.448585
vt 0.583300 0.864092
vt 0.583300 0.812441
vt 0.586756 0.812579
vt 0.586756 0.864229
vt 0.984778 0.583483
vt 0.984778 0.586944
vt 0.982216 0.586891
vt 0.982216 0.583430
vt 0.736713 0.973762
vt 0.736713 0.970301
vt 0.739302 0.970273
vt 0.739302 0.973734
vt 0.018412 0.775979
vt 0.018412 0.704369
vt 0.021860 0.704384
vt 0.021860 0.775994
vt 0.663339 0.829720
vt 0.663339 0.768461
vt 0.666465 0.767687
vt 0.666465 0.828947
vt 0.792362 0.695354
vt 0.792362 0.627132
vt 0.795374 0.626607
vt 0.795374 0.694829
vt 0.860846 0.422604
vt 0.860846 0.370953
vt 0.864302 0.371091
vt 0.864302 0.422742
vt 0.984778 0.441475
vt 0.984778 0.444936
vt 0.982216 0.444882
vt 0.982216 0.441422
vt 0.184513 0.973712
vt 0.184513 0.970251
vt 0.187102 0.970222
vt 0.187102 0.973683
vt 0.765362 0.778162
vt 0.765362 0.706552
vt 0.768810 0.706568
vt 0.768810 0.778177
vt 0.826614 0.503227
vt 0.826614 0.441967
vt 0.829739 0.441194
vt 0.829739 0.502454
vt 0.792362 0.772421
vt 0.792362 0.704199
vt 0.795374 0.703674
vt 0.795374 0.771896
vt 0.108500 0.863212
vt 0.108500 0.811561
vt 0.111956 0.811699
vt 0.111956 0.863349
vt 0.984778 0.536147
vt 0.984778 0.539608
vt 0.982217 0.539555
vt 0.982217 0.536094
vt 0.489394 0.973720
vt 0.489394 0.970259
vt 0.491983 0.970230
vt 0.491983 0.973691
vt 0.467518 0.778765
vt 0.467518 0.707156
vt 0.470966 0.707171
vt 0.470966 0.778780
vt 0.826623 0.365329
vt 0.826623 0.304069
vt 0.829748 0.303296
vt 0.829748 0.364555
vt 0.753582 0.802562
vt 0.753582 0.734340
vt 0.756594 0.733816
vt 0.756594 0.802038
vt 0.069635 0.862499
vt 0.069635 0.810848
vt 0.073090 0.810986
vt 0.073090 0.862637
vt 0.984778 0.311301
vt 0.984778 0.314761
vt 0.982217 0.314708
vt 0.982217 0.311248
vt 0.649841 0.973608
vt 0.649841 0.970146
vt 0.652430 0.970118
vt 0.652430 0.973579
vt 0.479287 0.778765
vt 0.479287 0.707156
vt 0.482735 0.707171
vt 0.482735 0.778780
vt 0.827232 0.829347
vt 0.827232 0.768087
vt 0.830357 0.767314
vt 0.830357 0.828574
vt 0.800741 0.193634
vt 0.800741 0.125412
vt 0.803753 0.124887
vt 0.803753 0.193109
vt 0.860957 0.492845
vt 0.860957 0.441194
vt 0.864413 0.441332
vt 0.864413 0.492983
vt 0.984778 0.323135
vt 0.984778 0.326595
vt 0.982217 0.326542
vt 0.982217 0.323082
vt 0.982217 0.232042
vt 0.982217 0.228581
vt 0.984805 0.228553
vt 0.984805 0.232014
vt 0.732173 0.704657
vt 0.732173 0.679964
vt 0.733651 0.679970
vt 0.733651 0.704663
vt 0.379296 0.771684
vt 0.379296 0.750560
vt 0.398047 0.745921
vt 0.398047 0.767045
vt 0.935096 0.194090
vt 0.935096 0.170566
vt 0.936387 0.170341
vt 0.936387 0.193866
vt 0.790593 0.596165
vt 0.808389 0.595456
vt 0.808389 0.616206
vt 0.790593 0.616915
vt 0.946301 0.518412
vt 0.946301 0.539174
vt 0.945203 0.539151
vt 0.945203 0.518389
vt 0.840164 0.942181
vt 0.840164 0.921415
vt 0.841273 0.921403
vt 0.841273 0.942169
vt 0.961602 0.313685
vt 0.964071 0.313674
vt 0.964071 0.319585
vt 0.961602 0.319596
vt 0.932682 0.918196
vt 0.930631 0.917688
vt 0.930631 0.892853
vt 0.932682 0.893361
vt 0.099042 0.966630
vt 0.096724 0.966226
vt 0.096724 0.960985
vt 0.099042 0.961389
vt 0.929734 0.857700
vt 0.931513 0.857629
vt 0.931513 0.884308
vt 0.929734 0.884379
vt 0.910363 0.626698
vt 0.910363 0.653393
vt 0.905972 0.653302
vt 0.905972 0.626607
vt 0.281058 0.900766
vt 0.281058 0.874067
vt 0.285496 0.874018
vt 0.285496 0.900717
vt 0.732173 0.737677
vt 0.732173 0.712984
vt 0.733650 0.712990
vt 0.733650 0.737683
vt 0.765405 0.488949
vt 0.765405 0.467825
vt 0.784156 0.463186
vt 0.784156 0.484310
vt 0.004160 0.936472
vt 0.004160 0.912947
vt 0.005451 0.912722
vt 0.005451 0.936247
vt 0.792938 0.084815
vt 0.810734 0.084105
vt 0.810734 0.104855
vt 0.792938 0.105565
vt 0.943644 0.441217
vt 0.943644 0.461979
vt 0.942547 0.461957
vt 0.942547 0.441194
vt 0.942369 0.320211
vt 0.942369 0.299445
vt 0.943478 0.299432
vt 0.943478 0.320199
vt 0.961595 0.812305
vt 0.964064 0.812294
vt 0.964064 0.818204
vt 0.961595 0.818215
vt 0.414446 0.932709
vt 0.412395 0.932202
vt 0.412395 0.907367
vt 0.414446 0.907874
vt 0.173619 0.966620
vt 0.171301 0.966216
vt 0.171301 0.960975
vt 0.173619 0.961378
vt 0.929246 0.088915
vt 0.931025 0.088844
vt 0.931025 0.115522
vt 0.929246 0.115593
vt 0.641053 0.883429
vt 0.641053 0.910123
vt 0.636662 0.910032
vt 0.636662 0.883338
vt 0.839667 0.616522
vt 0.839667 0.589822
vt 0.844105 0.589773
vt 0.844105 0.616473
vt 0.714449 0.286537
vt 0.720375 0.286511
vt 0.720375 0.293406
vt 0.714449 0.293433
vt 0.127524 0.910008
vt 0.122602 0.908790
vt 0.122602 0.885795
vt 0.127524 0.887012
vt 0.947936 0.848483
vt 0.942374 0.847514
vt 0.942374 0.841399
vt 0.947936 0.842368
vt 0.542399 0.886607
vt 0.546670 0.886437
vt 0.546670 0.911139
vt 0.542399 0.911309
vt 0.909491 0.091030
vt 0.909491 0.115747
vt 0.904368 0.115641
vt 0.904368 0.090924
vt 0.604672 0.115816
vt 0.604672 0.091094
vt 0.609850 0.091037
vt 0.609850 0.115758
vt 0.530800 0.948534
vt 0.528847 0.945782
vt 0.531173 0.944621
vt 0.957163 0.263775
vt 0.957354 0.267669
vt 0.953810 0.265577
vt 0.534009 0.946621
vt 0.534078 0.949690
vt 0.953767 0.269270
vt 0.953767 0.262309
vt 0.653370 0.961797
vt 0.650031 0.960273
vt 0.652943 0.958435
vt 0.534078 0.943527
vt 0.959329 0.019939
vt 0.958568 0.023691
vt 0.955835 0.021987
vt 0.942360 0.508466
vt 0.942360 0.504540
vt 0.944581 0.505535
vt 0.649841 0.956275
vt 0.959906 0.160299
vt 0.956810 0.158789
vt 0.959407 0.157291
vt 0.955549 0.024752
vt 0.955549 0.018806
vt 0.946104 0.509363
vt 0.653370 0.955957
vt 0.956556 0.155502
vt 0.959906 0.153993
vt 0.946301 0.503313
vt 0.948111 0.506154
vt 0.994905 0.691651
vt 0.993324 0.690755
vt 0.994905 0.689747
vt 0.993397 0.691816
vt 0.886281 0.984811
vt 0.885123 0.984094
vt 0.886252 0.983098
vt 0.887689 0.983732
vt 0.887689 0.985017
vt 0.823870 0.984306
vt 0.822933 0.984766
vt 0.823156 0.983190
vt 0.993328 0.689352
vt 0.994991 0.805135
vt 0.994871 0.806887
vt 0.993324 0.805664
vt 0.887615 0.982331
vt 0.821493 0.985307
vt 0.821754 0.983848
vt 0.995033 0.121993
vt 0.993529 0.121473
vt 0.994914 0.120591
vt 0.993324 0.806993
vt 0.723667 0.984207
vt 0.723846 0.982331
vt 0.724925 0.983793
vt 0.724960 0.985149
vt 0.726359 0.984208
vt 0.993324 0.119633
vt 0.995033 0.118783
vt 0.725945 0.982331
vt 0.821493 0.982331
vt 0.956892 0.444024
vt 0.954882 0.441194
vt 0.957319 0.441194
vt 0.952926 0.444456
vt 0.954126 0.175500
vt 0.954475 0.172230
vt 0.957078 0.173441
vt 0.957712 0.177078
vt 0.955130 0.446588
vt 0.951965 0.441250
vt 0.957198 0.374748
vt 0.954654 0.376510
vt 0.954822 0.373673
vt 0.957712 0.170341
vt 0.742641 0.946513
vt 0.739068 0.947811
vt 0.740468 0.945142
vt 0.909874 0.716232
vt 0.906076 0.714765
vt 0.909262 0.712113
vt 0.951854 0.374603
vt 0.957064 0.370953
vt 0.736713 0.945307
vt 0.906076 0.711848
vt 0.673446 0.961580
vt 0.673446 0.957413
vt 0.676682 0.959562
vt 0.952911 0.370953
vt 0.739018 0.941858
vt 0.742641 0.942520
vt 0.677183 0.956029
vt 0.561541 0.985146
vt 0.559839 0.985320
vt 0.559878 0.984053
vt 0.995178 0.516408
vt 0.993324 0.515873
vt 0.995022 0.514563
vt 0.561420 0.983164
vt 0.562582 0.983888
vt 0.993324 0.513934
vt 0.138333 0.984672
vt 0.137075 0.984042
vt 0.138445 0.983102
vt 0.139910 0.985341
vt 0.139869 0.983687
vt 0.559839 0.982331
vt 0.995136 0.141551
vt 0.995003 0.143475
vt 0.993564 0.142573
vt 0.693440 0.985365
vt 0.691481 0.985290
vt 0.691979 0.984184
vt 0.995000 0.370974
vt 0.993330 0.370455
vt 0.994935 0.369513
vt 0.993324 0.144231
vt 0.993324 0.141168
vt 0.693440 0.983481
vt 0.139910 0.982331
vt 0.993324 0.368524
vt 0.995000 0.368055
vt 0.690931 0.983451
vt 0.692119 0.982331
vt 0.958993 0.578804
vt 0.955141 0.579792
vt 0.955933 0.576580
vt 0.861381 0.507804
vt 0.860957 0.504542
vt 0.864369 0.506472
vt 0.959038 0.574572
vt 0.861258 0.501303
vt 0.864369 0.502932
vt 0.919841 0.966253
vt 0.919841 0.962762
vt 0.922748 0.964366
vt 0.920622 0.432847
vt 0.918386 0.429973
vt 0.920908 0.429965
vt 0.955141 0.573687
vt 0.415389 0.962185
vt 0.412395 0.961959
vt 0.415588 0.959659
vt 0.939352 0.956689
vt 0.936786 0.954214
vt 0.939493 0.953808
vt 0.922762 0.967221
vt 0.923854 0.431736
vt 0.412395 0.957905
vt 0.938167 0.951051
vt 0.942112 0.954695
vt 0.920585 0.427366
vt 0.923854 0.427765
vt 0.415468 0.956071
vt 0.941973 0.951051
vt 0.994866 0.837660
vt 0.993324 0.836350
vt 0.994866 0.835762
vt 0.606217 0.985407
vt 0.604091 0.985407
vt 0.605208 0.984162
vt 0.994899 0.494433
vt 0.993474 0.494485
vt 0.993324 0.493181
vt 0.994899 0.492590
vt 0.603968 0.983529
vt 0.606586 0.983555
vt 0.572427 0.984680
vt 0.570903 0.985438
vt 0.571101 0.984032
vt 0.573524 0.983594
vt 0.572601 0.983051
vt 0.993574 0.491578
vt 0.605241 0.982331
vt 0.993324 0.065084
vt 0.993684 0.063342
vt 0.994926 0.064126
vt 0.649930 0.985302
vt 0.647991 0.985045
vt 0.649419 0.984281
vt 0.650643 0.983777
vt 0.649796 0.982331
vt 0.995143 0.062409
vt 0.570903 0.982331
vt 0.647991 0.983125
vt 0.993324 0.061723
vt 0.968022 0.038425
vt 0.970995 0.036230
vt 0.970995 0.040511
vt 0.265346 0.951178
vt 0.263083 0.950211
vt 0.265346 0.947716
vt 0.261213 0.952238
vt 0.259931 0.949190
vt 0.262201 0.946956
vt 0.908942 0.964186
vt 0.905588 0.962222
vt 0.908920 0.959977
vt 0.142359 0.943563
vt 0.142359 0.947490
vt 0.139843 0.944729
vt 0.219607 0.957543
vt 0.220234 0.961244
vt 0.217274 0.958922
vt 0.260321 0.946459
vt 0.694284 0.943444
vt 0.694772 0.946545
vt 0.692527 0.944676
vt 0.138391 0.948210
vt 0.216528 0.961689
vt 0.216528 0.956860
vt 0.691996 0.947575
vt 0.905588 0.959377
vt 0.136696 0.944927
vt 0.138562 0.942204
vt 0.689541 0.948722
vt 0.689541 0.945601
vt 0.690510 0.942157
vt 0.214943 0.983925
vt 0.216237 0.984701
vt 0.214898 0.985662
vt 0.216268 0.983100
vt 0.173235 0.984208
vt 0.171928 0.985463
vt 0.171800 0.983621
vt 0.173154 0.982331
vt 0.214898 0.982331
vt 0.217375 0.984047
vt 0.626825 0.985290
vt 0.625907 0.983687
vt 0.627322 0.983647
vt 0.170546 0.984210
vt 0.171154 0.982331
vt 0.994877 0.648367
vt 0.993324 0.647648
vt 0.994850 0.646794
vt 0.626764 0.982331
vt 0.628616 0.984490
vt 0.994902 0.483257
vt 0.993324 0.482649
vt 0.995035 0.481753
vt 0.993324 0.645824
vt 0.994647 0.702809
vt 0.993324 0.701966
vt 0.994690 0.701297
vt 0.628616 0.982520
vt 0.993324 0.480676
vt 0.994833 0.480503
vt 0.993324 0.700136
vt 0.804305 0.947484
vt 0.802477 0.944741
vt 0.804856 0.943564
vt 0.876165 0.425428
vt 0.876186 0.429384
vt 0.872623 0.427218
vt 0.807867 0.945885
vt 0.807553 0.948898
vt 0.872623 0.430767
vt 0.872841 0.423938
vt 0.467284 0.962050
vt 0.463833 0.960480
vt 0.466836 0.958599
vt 0.807867 0.942785
vt 0.723821 0.962159
vt 0.723821 0.966145
vt 0.720684 0.964587
vt 0.721900 0.509556
vt 0.721900 0.505674
vt 0.724308 0.506702
vt 0.463807 0.956536
vt 0.957130 0.405168
vt 0.953630 0.405643
vt 0.954999 0.402971
vt 0.957130 0.401379
vt 0.953757 0.400059
vt 0.720393 0.962059
vt 0.725753 0.509981
vt 0.467284 0.956443
vt 0.951854 0.402947
vt 0.725636 0.504358
vt 0.727425 0.506817
vt 0.993324 0.404368
vt 0.994850 0.403414
vt 0.994942 0.404901
vt 0.993400 0.402649
vt 0.993324 0.245878
vt 0.993389 0.244090
vt 0.994871 0.244955
vt 0.995018 0.246652
vt 0.994850 0.724164
vt 0.993498 0.723548
vt 0.994850 0.722513
vt 0.994942 0.401959
vt 0.151060 0.983867
vt 0.149953 0.985344
vt 0.149692 0.983763
vt 0.995018 0.243597
vt 0.161758 0.985317
vt 0.159806 0.985317
vt 0.160920 0.984241
vt 0.993324 0.721777
vt 0.148230 0.984578
vt 0.150154 0.982331
vt 0.159380 0.983571
vt 0.162226 0.983539
vt 0.994830 0.615641
vt 0.993324 0.614927
vt 0.994849 0.614042
vt 0.148230 0.982583
vt 0.160887 0.982331
vt 0.993324 0.613002
vt 0.342344 0.765398
vt 0.342344 0.740705
vt 0.343821 0.740712
vt 0.343821 0.765405
vt 0.765866 0.109868
vt 0.765866 0.088744
vt 0.784617 0.084105
vt 0.784617 0.105229
vt 0.777131 0.936593
vt 0.777131 0.913068
vt 0.778421 0.912843
vt 0.778421 0.936368
vt 0.184513 0.793766
vt 0.202309 0.793057
vt 0.202309 0.813807
vt 0.184513 0.814516
vt 0.664437 0.924562
vt 0.664437 0.945325
vt 0.663340 0.945302
vt 0.663340 0.924540
vt 0.940005 0.790951
vt 0.940005 0.770185
vt 0.941114 0.770173
vt 0.941114 0.790939
vt 0.961593 0.488467
vt 0.964062 0.488456
vt 0.964062 0.494367
vt 0.961593 0.494378
vt 0.932888 0.357172
vt 0.930838 0.356665
vt 0.930838 0.331830
vt 0.932888 0.332337
vt 0.109680 0.966630
vt 0.107362 0.966226
vt 0.107362 0.960985
vt 0.109680 0.961389
vt 0.927705 0.211669
vt 0.929485 0.211598
vt 0.929485 0.238277
vt 0.927705 0.238348
vt 0.910176 0.441285
vt 0.910176 0.467980
vt 0.905786 0.467889
vt 0.905786 0.441194
vt 0.244699 0.900243
vt 0.244699 0.873544
vt 0.249137 0.873495
vt 0.249137 0.900194
vt 0.217461 0.749729
vt 0.223388 0.749703
vt 0.223388 0.756599
vt 0.217461 0.756625
vt 0.627505 0.910305
vt 0.622584 0.909087
vt 0.622584 0.886092
vt 0.627505 0.887309
vt 0.930199 0.290848
vt 0.924637 0.289880
vt 0.924637 0.283765
vt 0.930199 0.284733
vt 0.554991 0.886607
vt 0.559262 0.886437
vt 0.559262 0.911139
vt 0.554991 0.911309
vt 0.654964 0.884189
vt 0.654964 0.908906
vt 0.649841 0.908800
vt 0.649841 0.884082
vt 0.777173 0.453428
vt 0.777173 0.428707
vt 0.782351 0.428650
vt 0.782351 0.453371
vt 0.622584 0.946811
vt 0.625636 0.948192
vt 0.622892 0.949466
vt 0.625838 0.944824
vt 0.959074 0.750249
vt 0.959268 0.746631
vt 0.961998 0.748589
vt 0.962099 0.751610
vt 0.622584 0.942937
vt 0.673563 0.944153
vt 0.673446 0.941447
vt 0.676292 0.942713
vt 0.673446 0.947708
vt 0.676487 0.945893
vt 0.962099 0.745575
vt 0.959016 0.560657
vt 0.958048 0.564310
vt 0.955425 0.562517
vt 0.626611 0.942523
vt 0.957784 0.192042
vt 0.954295 0.190822
vt 0.957260 0.188873
vt 0.955140 0.565367
vt 0.955140 0.559191
vt 0.954642 0.525065
vt 0.954621 0.521427
vt 0.957737 0.523211
vt 0.679100 0.944717
vt 0.954126 0.186895
vt 0.957784 0.185399
vt 0.954621 0.518389
vt 0.958167 0.519583
vt 0.897442 0.984883
vt 0.896087 0.984030
vt 0.897495 0.983280
vt 0.896010 0.985300
vt 0.898274 0.984009
vt 0.993324 0.604109
vt 0.993330 0.602519
vt 0.994684 0.603256
vt 0.994751 0.604681
vt 0.993324 0.571715
vt 0.993408 0.570334
vt 0.995004 0.571370
vt 0.896010 0.982331
vt 0.995840 0.074628
vt 0.995229 0.075982
vt 0.994682 0.074459
vt 0.994751 0.601885
vt 0.993324 0.569092
vt 0.994993 0.569292
vt 0.993324 0.776323
vt 0.993333 0.774700
vt 0.994938 0.775956
vt 0.993443 0.075982
vt 0.994701 0.073404
vt 0.592907 0.985301
vt 0.592909 0.983914
vt 0.594480 0.985063
vt 0.994938 0.774277
vt 0.993324 0.074311
vt 0.592907 0.982331
vt 0.594389 0.983259
vt 0.595647 0.984222
vt 0.156956 0.961293
vt 0.157241 0.957863
vt 0.160063 0.959415
vt 0.504033 0.946948
vt 0.501676 0.945504
vt 0.503491 0.943205
vt 0.160298 0.962108
vt 0.831403 0.952083
vt 0.828827 0.953851
vt 0.827842 0.950972
vt 0.830692 0.948063
vt 0.506712 0.945368
vt 0.160298 0.956206
vt 0.873182 0.236045
vt 0.869721 0.237735
vt 0.870261 0.234336
vt 0.826048 0.951758
vt 0.827240 0.948063
vt 0.506936 0.948529
vt 0.955981 0.042235
vt 0.956575 0.039188
vt 0.959701 0.040690
vt 0.873467 0.232323
vt 0.248211 0.961876
vt 0.244703 0.960710
vt 0.247983 0.958800
vt 0.506936 0.942215
vt 0.955981 0.036230
vt 0.959643 0.036677
vt 0.869721 0.230857
vt 0.244699 0.956583
vt 0.248211 0.956277
vt 0.127152 0.985113
vt 0.126108 0.984185
vt 0.127014 0.983457
vt 0.854486 0.985050
vt 0.853070 0.984160
vt 0.854557 0.983517
vt 0.128426 0.984089
vt 0.128755 0.985546
vt 0.853281 0.982331
vt 0.855655 0.984079
vt 0.126511 0.982331
vt 0.128378 0.982331
vt 0.994913 0.312419
vt 0.994769 0.313955
vt 0.993324 0.313368
vt 0.855141 0.982331
vt 0.995003 0.734657
vt 0.993506 0.734009
vt 0.995003 0.732801
vt 0.993344 0.314590
vt 0.993324 0.311547
vt 0.993324 0.582617
vt 0.993536 0.581228
vt 0.994836 0.582269
vt 0.993324 0.732485
vt 0.994960 0.559867
vt 0.993324 0.560771
vt 0.993381 0.558856
vt 0.994960 0.558098
vt 0.993324 0.580035
vt 0.994970 0.580556
vt 0.955456 0.459654
vt 0.952345 0.460550
vt 0.951965 0.457782
vt 0.793267 0.951903
vt 0.789318 0.951903
vt 0.791816 0.948795
vt 0.954903 0.455508
vt 0.956985 0.457022
vt 0.788759 0.948235
vt 0.794139 0.948767
vt 0.826048 0.966674
vt 0.826048 0.963344
vt 0.829088 0.965397
vt 0.951965 0.454909
vt 0.284416 0.957437
vt 0.284577 0.961136
vt 0.281608 0.958901
vt 0.791651 0.946083
vt 0.829092 0.962171
vt 0.740140 0.961952
vt 0.736900 0.960937
vt 0.739700 0.958978
vt 0.281058 0.961760
vt 0.281058 0.955900
vt 0.925163 0.954441
vt 0.922210 0.953533
vt 0.925163 0.951436
vt 0.924905 0.948722
vt 0.922051 0.949691
vt 0.736713 0.957247
vt 0.740140 0.956132
vt 0.919841 0.951940
vt 0.994810 0.549009
vt 0.993340 0.548445
vt 0.994870 0.547301
vt 0.993324 0.549777
vt 0.425170 0.489387
vt 0.423764 0.488775
vt 0.424997 0.487460
vt 0.426511 0.488598
vt 0.426672 0.490369
vt 0.993324 0.713457
vt 0.993400 0.711851
vt 0.994944 0.712915
vt 0.993324 0.546998
vt 0.984500 0.894118
vt 0.982379 0.894118
vt 0.983577 0.892698
vt 0.426672 0.487202
vt 0.995033 0.201318
vt 0.993520 0.200592
vt 0.994910 0.200092
vt 0.993675 0.538678
vt 0.993358 0.537167
vt 0.994884 0.537809
vt 0.982216 0.892253
vt 0.984989 0.892120
vt 0.993324 0.199073
vt 0.994944 0.711129
vt 0.994884 0.536034
vt 0.983428 0.890959
vt 0.995033 0.198241
vt 0.993324 0.535900
vt 0.906502 0.666717
vt 0.905972 0.663123
vt 0.909270 0.665196
vt 0.547900 0.945897
vt 0.545271 0.947437
vt 0.545201 0.944118
vt 0.909709 0.668383
vt 0.542399 0.949440
vt 0.542570 0.946012
vt 0.725789 0.953256
vt 0.722214 0.953739
vt 0.723531 0.950750
vt 0.909709 0.661713
vt 0.817632 0.959096
vt 0.817650 0.962216
vt 0.814370 0.960936
vt 0.007092 0.949485
vt 0.004160 0.951057
vt 0.004194 0.948319
vt 0.542399 0.943527
vt 0.725789 0.949254
vt 0.961473 0.109613
vt 0.958807 0.108509
vt 0.962042 0.106403
vt 0.814370 0.957218
vt 0.007181 0.946494
vt 0.720393 0.950893
vt 0.722092 0.947971
vt 0.958807 0.104499
vt 0.961324 0.103484
vt 0.004160 0.944793
vt 0.181638 0.984140
vt 0.182962 0.985060
vt 0.181556 0.985389
vt 0.183065 0.983359
vt 0.401639 0.984954
vt 0.401374 0.983543
vt 0.402896 0.984120
vt 0.403124 0.985354
vt 0.181556 0.982331
vt 0.184311 0.984098
vt 0.400356 0.984104
vt 0.400827 0.982331
vt 0.402664 0.982331
vt 0.995003 0.176090
vt 0.995003 0.177832
vt 0.993324 0.177183
vt 0.995042 0.234359
vt 0.993324 0.235277
vt 0.993598 0.233443
vt 0.995000 0.755538
vt 0.993483 0.754841
vt 0.995000 0.753723
vt 0.993738 0.178506
vt 0.993537 0.175373
vt 0.995089 0.232469
vt 0.993324 0.753431
vt 0.994892 0.279972
vt 0.993324 0.280702
vt 0.993366 0.279010
vt 0.994912 0.278010
vt 0.993324 0.277572
vt 0.993324 0.232296
vt 0.712719 0.507673
vt 0.710207 0.510003
vt 0.708651 0.507299
vt 0.711377 0.946237
vt 0.707562 0.947458
vt 0.708633 0.943896
vt 0.710969 0.504358
vt 0.713580 0.504844
vt 0.705494 0.944403
vt 0.711377 0.942209
vt 0.665033 0.961922
vt 0.661690 0.960001
vt 0.665068 0.958085
vt 0.708027 0.504358
vt 0.952162 0.945888
vt 0.950432 0.942943
vt 0.953607 0.943162
vt 0.707319 0.941197
vt 0.661690 0.955957
vt 0.501676 0.962332
vt 0.501676 0.958434
vt 0.504712 0.960265
vt 0.952502 0.940299
vt 0.955878 0.945248
vt 0.921848 0.716188
vt 0.919007 0.715949
vt 0.921848 0.713138
vt 0.504999 0.956850
vt 0.955878 0.941334
vt 0.918194 0.711848
vt 0.993324 0.636397
vt 0.993477 0.634830
vt 0.994776 0.635592
vt 0.584586 0.985303
vt 0.583204 0.984837
vt 0.584586 0.984000
vt 0.994776 0.637504
vt 0.581845 0.984092
vt 0.582967 0.983156
vt 0.993450 0.437253
vt 0.993324 0.435644
vt 0.994867 0.436303
vt 0.993324 0.438639
vt 0.994880 0.437953
vt 0.983440 0.882298
vt 0.982216 0.881185
vt 0.983472 0.880382
vt 0.984979 0.882638
vt 0.985003 0.881236
vt 0.584533 0.982331
vt 0.993324 0.257922
vt 0.993552 0.256184
vt 0.994997 0.257091
vt 0.701761 0.983770
vt 0.702716 0.982331
vt 0.702873 0.983857
vt 0.702963 0.985138
vt 0.704468 0.984485
vt 0.993324 0.254972
vt 0.995103 0.255138
vt 0.985003 0.879444
vt 0.704468 0.982601
vt 0.932748 0.465887
vt 0.932748 0.441194
vt 0.934226 0.441201
vt 0.934226 0.465894
vt 0.184513 0.784736
vt 0.184513 0.763612
vt 0.203264 0.758973
vt 0.203264 0.780097
vt 0.935592 0.542138
vt 0.935592 0.518614
vt 0.936882 0.518389
vt 0.936882 0.541914
vt 0.467518 0.787810
vt 0.485315 0.787101
vt 0.485315 0.807851
vt 0.467518 0.808560
vt 0.947229 0.004183
vt 0.947229 0.024945
vt 0.946131 0.024923
vt 0.946131 0.004160
vt 0.940656 0.647386
vt 0.940656 0.626619
vt 0.941766 0.626607
vt 0.941766 0.647373
vt 0.961595 0.826547
vt 0.964064 0.826536
vt 0.964064 0.832447
vt 0.961595 0.832457
vt 0.425891 0.932709
vt 0.423841 0.932202
vt 0.423841 0.907367
vt 0.425891 0.907874
vt 0.352395 0.966648
vt 0.350077 0.966244
vt 0.350077 0.961003
vt 0.352395 0.961407
vt 0.929740 0.724800
vt 0.931519 0.724729
vt 0.931519 0.751407
vt 0.929740 0.751478
vt 0.910467 0.676833
vt 0.910467 0.703528
vt 0.906076 0.703437
vt 0.906076 0.676742
vt 0.438033 0.900501
vt 0.438033 0.873802
vt 0.442471 0.873753
vt 0.442471 0.900452
vt 0.897772 0.609374
vt 0.903698 0.609348
vt 0.903698 0.616244
vt 0.897772 0.616270
vt 0.886749 0.240374
vt 0.881827 0.239157
vt 0.881827 0.216161
vt 0.886749 0.217379
vt 0.162519 0.947885
vt 0.156957 0.946916
vt 0.156957 0.940802
vt 0.162519 0.941770
vt 0.567582 0.886607
vt 0.571854 0.886437
vt 0.571854 0.911139
vt 0.567582 0.911309
vt 0.141819 0.885269
vt 0.141819 0.909986
vt 0.136696 0.909880
vt 0.136696 0.885163
vt 0.902773 0.238501
vt 0.902773 0.213780
vt 0.907951 0.213723
vt 0.907951 0.238444
vt 0.873571 0.944338
vt 0.876316 0.946228
vt 0.873562 0.947503
vt 0.876250 0.942757
vt 0.683495 0.108746
vt 0.683204 0.105404
vt 0.686503 0.107532
vt 0.686503 0.110498
vt 0.873562 0.941103
vt 0.879337 0.944474
vt 0.960801 0.231719
vt 0.957445 0.230679
vt 0.960705 0.229126
vt 0.686503 0.104279
vt 0.962269 0.680279
vt 0.959891 0.682666
vt 0.959289 0.678856
vt 0.953480 0.958789
vt 0.950432 0.960391
vt 0.950454 0.957410
vt 0.957267 0.226820
vt 0.683312 0.103541
vt 0.440224 0.947542
vt 0.437170 0.945819
vt 0.440350 0.944136
vt 0.962269 0.676742
vt 0.953787 0.955176
vt 0.960801 0.225771
vt 0.434601 0.943923
vt 0.437353 0.942187
vt 0.440350 0.941132
vt 0.950432 0.954208
vt 0.993497 0.449565
vt 0.993324 0.447940
vt 0.994761 0.448614
vt 0.908927 0.985159
vt 0.907643 0.984816
vt 0.908927 0.983803
vt 0.994954 0.449858
vt 0.906594 0.984164
vt 0.907407 0.983265
vt 0.993324 0.302205
vt 0.993380 0.300561
vt 0.994871 0.301358
vt 0.994954 0.446960
vt 0.994788 0.154783
vt 0.993324 0.155636
vt 0.993342 0.154113
vt 0.906644 0.982374
vt 0.908557 0.982331
vt 0.994883 0.303227
vt 0.993324 0.110463
vt 0.993519 0.108960
vt 0.995146 0.109892
vt 0.995085 0.152994
vt 0.995111 0.415970
vt 0.993324 0.415930
vt 0.994919 0.414819
vt 0.994883 0.300097
vt 0.993324 0.107368
vt 0.995046 0.107963
vt 0.993324 0.152551
vt 0.993414 0.413907
vt 0.995111 0.413221
vt 0.840499 0.965537
vt 0.837700 0.963358
vt 0.840499 0.962172
vt 0.837412 0.966576
vt 0.635350 0.960973
vt 0.635275 0.957485
vt 0.638107 0.959079
vt 0.638565 0.962280
vt 0.962260 0.959382
vt 0.962108 0.956687
vt 0.964984 0.958159
vt 0.959243 0.057092
vt 0.956054 0.055487
vt 0.958531 0.054110
vt 0.640834 0.945557
vt 0.638208 0.948330
vt 0.637827 0.944985
vt 0.638565 0.956651
vt 0.959007 0.251373
vt 0.956754 0.253988
vt 0.956626 0.251324
vt 0.964984 0.955043
vt 0.635275 0.946101
vt 0.639296 0.942341
vt 0.953767 0.252826
vt 0.962430 0.954208
vt 0.955981 0.052401
vt 0.635433 0.942341
vt 0.953767 0.249010
vt 0.957097 0.248695
vt 0.959243 0.050556
vt 0.993324 0.745012
vt 0.993324 0.742978
vt 0.994958 0.743816
vt 0.995020 0.098488
vt 0.993324 0.099047
vt 0.993324 0.097573
vt 0.994990 0.745111
vt 0.639671 0.984842
vt 0.637919 0.985261
vt 0.637877 0.983678
vt 0.639671 0.982700
vt 0.994997 0.096775
vt 0.813173 0.984536
vt 0.811484 0.985164
vt 0.812123 0.983711
vt 0.994972 0.504943
vt 0.993324 0.505613
vt 0.993731 0.504026
vt 0.636937 0.983948
vt 0.637838 0.982331
vt 0.810646 0.983681
vt 0.813173 0.982692
vt 0.994974 0.503213
vt 0.994941 0.382272
vt 0.993324 0.381301
vt 0.994941 0.380474
vt 0.993610 0.095778
vt 0.811497 0.982331
vt 0.993324 0.502805
vt 0.993455 0.379608
vt 0.994831 0.379295
vt 0.954387 0.390209
vt 0.957100 0.388075
vt 0.957100 0.390451
vt 0.953461 0.386480
vt 0.955337 0.130050
vt 0.953823 0.127394
vt 0.956540 0.126685
vt 0.958922 0.129408
vt 0.951854 0.388861
vt 0.956713 0.384831
vt 0.435170 0.960670
vt 0.434601 0.957436
vt 0.437372 0.959255
vt 0.955536 0.124887
vt 0.958922 0.125811
vt 0.959239 0.775809
vt 0.959239 0.771792
vt 0.962475 0.773558
vt 0.438095 0.955863
vt 0.438095 0.961768
vt 0.877106 0.116535
vt 0.873988 0.114504
vt 0.877072 0.113025
vt 0.962176 0.770173
vt 0.780439 0.952922
vt 0.776896 0.951196
vt 0.779804 0.949145
vt 0.780439 0.946083
vt 0.776550 0.947353
vt 0.871316 0.112689
vt 0.873848 0.110777
vt 0.877106 0.110130
vt 0.789483 0.985189
vt 0.789022 0.983542
vt 0.790430 0.983855
vt 0.993401 0.427323
vt 0.993324 0.426012
vt 0.994858 0.427080
vt 0.791506 0.985282
vt 0.993336 0.424291
vt 0.994858 0.425326
vt 0.748313 0.983733
vt 0.747517 0.985161
vt 0.746984 0.983473
vt 0.790204 0.982331
vt 0.791506 0.983375
vt 0.995048 0.794935
vt 0.994883 0.796501
vt 0.993324 0.795083
vt 0.995064 0.167053
vt 0.993546 0.166318
vt 0.995046 0.165514
vt 0.747441 0.982331
vt 0.424112 0.985610
vt 0.422683 0.985090
vt 0.424074 0.984140
vt 0.993324 0.796814
vt 0.993324 0.164464
vt 0.745655 0.984655
vt 0.421638 0.984042
vt 0.422630 0.983269
vt 0.424112 0.982331
vt 0.995064 0.163957
vt 0.745655 0.982823
vt 0.176050 0.952654
vt 0.173132 0.950005
vt 0.176050 0.948844
vt 0.172632 0.952530
vt 0.766307 0.291628
vt 0.766533 0.288486
vt 0.769513 0.290297
vt 0.959289 0.696577
vt 0.959289 0.692549
vt 0.962447 0.694172
vt 0.962387 0.696654
vt 0.171301 0.949901
vt 0.173020 0.946617
vt 0.769411 0.286765
vt 0.962399 0.690986
vt 0.123024 0.961447
vt 0.122602 0.958226
vt 0.125366 0.959705
vt 0.569895 0.949355
vt 0.569895 0.946431
vt 0.572497 0.948741
vt 0.766307 0.284777
vt 0.876897 0.961961
vt 0.873567 0.960719
vt 0.876268 0.958818
vt 0.125922 0.956584
vt 0.125922 0.962271
vt 0.572794 0.945041
vt 0.574970 0.947235
vt 0.873562 0.957310
vt 0.876897 0.955823
vt 0.570371 0.943527
vt 0.800857 0.984839
vt 0.799827 0.983849
vt 0.800858 0.983043
vt 0.660686 0.982331
vt 0.661722 0.983821
vt 0.659887 0.983916
vt 0.802273 0.983889
vt 0.802325 0.985217
vt 0.660711 0.985139
vt 0.658964 0.982728
vt 0.994894 0.626510
vt 0.993324 0.625765
vt 0.994861 0.624802
vt 0.802325 0.982331
vt 0.995009 0.210411
vt 0.994870 0.212034
vt 0.993579 0.211287
vt 0.658964 0.984670
vt 0.993324 0.623962
vt 0.995024 0.189920
vt 0.993324 0.189479
vt 0.994744 0.188481
vt 0.993324 0.212738
vt 0.993324 0.209639
vt 0.982217 0.904222
vt 0.983517 0.903093
vt 0.983620 0.905054
vt 0.984940 0.905606
vt 0.984940 0.904052
vt 0.993480 0.187815
vt 0.995024 0.186826
vt 0.984888 0.902439
vt 0.649841 0.944668
vt 0.650702 0.941123
vt 0.653125 0.943319
vt 0.481032 0.948122
vt 0.477890 0.946256
vt 0.481032 0.944691
vt 0.652676 0.946811
vt 0.649841 0.947637
vt 0.477928 0.942294
vt 0.955464 0.432115
vt 0.951854 0.432870
vt 0.952404 0.429867
vt 0.654495 0.941566
vt 0.654958 0.944929
vt 0.722597 0.112379
vt 0.721704 0.116193
vt 0.718957 0.113967
vt 0.954527 0.795961
vt 0.954527 0.799868
vt 0.952003 0.797294
vt 0.955464 0.428217
vt 0.910859 0.951056
vt 0.907593 0.950001
vt 0.910502 0.948154
vt 0.718957 0.116453
vt 0.950562 0.800088
vt 0.951339 0.794043
vt 0.905588 0.947826
vt 0.908034 0.946612
vt 0.910859 0.945109
vt 0.949435 0.797003
vt 0.757483 0.985149
vt 0.757806 0.983543
vt 0.759280 0.984682
vt 0.756634 0.983803
vt 0.994874 0.470620
vt 0.994754 0.472182
vt 0.993324 0.471374
vt 0.993324 0.469517
vt 0.994756 0.469238
vt 0.757551 0.982331
vt 0.759280 0.982804
vt 0.995083 0.460917
vt 0.993324 0.460419
vt 0.994791 0.459345
vt 0.844750 0.985166
vt 0.842861 0.985160
vt 0.843615 0.983881
vt 0.737334 0.983198
vt 0.737334 0.985057
vt 0.735940 0.983884
vt 0.993349 0.458591
vt 0.842263 0.983637
vt 0.735602 0.985166
vt 0.735877 0.982331
vt 0.994951 0.826543
vt 0.993324 0.827441
vt 0.993324 0.825610
vt 0.995083 0.458179
vt 0.843385 0.982331
vt 0.844750 0.983350
vt 0.734680 0.983654
vt 0.037419 0.982343
vt 0.040184 0.982331
vt 0.040184 0.985434
vt 0.037419 0.985446
vt 0.377413 0.906749
vt 0.375116 0.906181
vt 0.375116 0.871688
vt 0.377413 0.872256
vt 0.359287 0.985535
vt 0.356691 0.985083
vt 0.356691 0.982331
vt 0.359287 0.982783
vt 0.315272 0.866552
vt 0.317266 0.866473
vt 0.317266 0.903526
vt 0.315272 0.903606
vt 0.896048 0.004208
vt 0.896048 0.041284
vt 0.893742 0.041236
vt 0.893742 0.004160
vt 0.882682 0.600926
vt 0.882682 0.563843
vt 0.885012 0.563818
vt 0.885012 0.600900
vt 0.004160 0.982343
vt 0.006926 0.982331
vt 0.006926 0.985434
vt 0.004160 0.985446
vt 0.365967 0.906749
vt 0.363671 0.906181
vt 0.363671 0.871688
vt 0.365967 0.872256
vt 0.261041 0.985535
vt 0.258445 0.985083
vt 0.258445 0.982331
vt 0.261041 0.982783
vt 0.423841 0.861993
vt 0.425834 0.861913
vt 0.425834 0.898967
vt 0.423841 0.899046
vt 0.896048 0.049652
vt 0.896048 0.086728
vt 0.893742 0.086680
vt 0.893742 0.049604
vt 0.884518 0.340404
vt 0.884518 0.303321
vt 0.886848 0.303296
vt 0.886848 0.340378
vt 0.015246 0.982343
vt 0.018012 0.982331
vt 0.018012 0.985434
vt 0.015246 0.985446
vt 0.110797 0.906731
vt 0.108500 0.906163
vt 0.108500 0.871670
vt 0.110797 0.872238
vt 0.315622 0.985535
vt 0.313026 0.985083
vt 0.313026 0.982331
vt 0.315622 0.982783
vt 0.325586 0.866552
vt 0.327579 0.866473
vt 0.327579 0.903526
vt 0.325586 0.903606
vt 0.897273 0.724776
vt 0.897273 0.761852
vt 0.894968 0.761804
vt 0.894968 0.724729
vt 0.882682 0.555497
vt 0.882682 0.518414
vt 0.885012 0.518389
vt 0.885012 0.555471
vt 0.026333 0.982343
vt 0.029098 0.982331
vt 0.029098 0.985434
vt 0.026333 0.985446
vt 0.388859 0.906749
vt 0.386562 0.906181
vt 0.386562 0.871688
vt 0.388859 0.872256
vt 0.293789 0.985535
vt 0.291194 0.985083
vt 0.291194 0.982331
vt 0.293789 0.982783
vt 0.873562 0.863419
vt 0.875555 0.863340
vt 0.875555 0.900394
vt 0.873562 0.900473
vt 0.897465 0.441242
vt 0.897465 0.478318
vt 0.895160 0.478270
vt 0.895160 0.441194
vt 0.884318 0.761837
vt 0.884318 0.724754
vt 0.886648 0.724729
vt 0.886648 0.761811
vt 0.067359 0.600785
vt 0.070816 0.600769
vt 0.070816 0.714059
vt 0.067359 0.714074
vt 0.973896 0.896783
vt 0.971025 0.896073
vt 0.971025 0.892853
vt 0.973896 0.893564
vt 0.745261 0.727629
vt 0.742017 0.727064
vt 0.742017 0.626607
vt 0.745261 0.627172
vt 0.982217 0.844231
vt 0.984708 0.844132
vt 0.984708 0.847590
vt 0.982217 0.847689
vt 0.720393 0.680036
vt 0.723852 0.679964
vt 0.723852 0.764141
vt 0.720393 0.764212
vt 0.754085 0.004160
vt 0.757546 0.004198
vt 0.757546 0.089264
vt 0.754085 0.089226
vt 0.184513 0.602371
vt 0.187970 0.602355
vt 0.187970 0.715645
vt 0.184513 0.715660
vt 0.973896 0.911025
vt 0.971025 0.910315
vt 0.971025 0.907096
vt 0.973896 0.907806
vt 0.745304 0.404318
vt 0.742060 0.403753
vt 0.742060 0.303296
vt 0.745304 0.303861
vt 0.982217 0.856109
vt 0.984708 0.856010
vt 0.984708 0.859468
vt 0.982217 0.859568
vt 0.663340 0.675190
vt 0.666799 0.675118
vt 0.666799 0.759295
vt 0.663340 0.759367
vt 0.231806 0.672111
vt 0.235267 0.672149
vt 0.235267 0.757215
vt 0.231806 0.757177
vt 0.439011 0.779667
vt 0.439011 0.708058
vt 0.442459 0.708073
vt 0.442459 0.779682
vt 0.649841 0.830554
vt 0.649841 0.769294
vt 0.652966 0.768521
vt 0.652966 0.829781
vt 0.800741 0.270701
vt 0.800741 0.202479
vt 0.803753 0.201954
vt 0.803753 0.270176
vt 0.860966 0.354946
vt 0.860966 0.303296
vt 0.864422 0.303433
vt 0.864422 0.355084
vt 0.984778 0.595317
vt 0.984778 0.598778
vt 0.982216 0.598725
vt 0.982217 0.595264
vt 0.982217 0.125751
vt 0.982217 0.122290
vt 0.984805 0.122262
vt 0.984805 0.125723
vt 0.707215 0.751622
vt 0.707215 0.680012
vt 0.710663 0.680027
vt 0.710663 0.751637
vt 0.623946 0.830773
vt 0.623946 0.769514
vt 0.627071 0.768740
vt 0.627071 0.830000
vt 0.790593 0.587135
vt 0.790593 0.518913
vt 0.793605 0.518389
vt 0.793605 0.586611
vt 0.777131 0.864281
vt 0.777131 0.812630
vt 0.780586 0.812768
vt 0.780586 0.864419
vt 0.984778 0.607151
vt 0.984778 0.610612
vt 0.982216 0.610559
vt 0.982216 0.607098
vt 0.982217 0.196612
vt 0.982217 0.193151
vt 0.984805 0.193122
vt 0.984805 0.196583
vt 0.765362 0.698217
vt 0.765362 0.626607
vt 0.768810 0.626622
vt 0.768810 0.698232
vt 0.529157 0.831490
vt 0.529157 0.770230
vt 0.532282 0.769457
vt 0.532282 0.830717
vt 0.742059 0.481385
vt 0.742059 0.413163
vt 0.745071 0.412638
vt 0.745071 0.480861
vt 0.741573 0.864668
vt 0.741573 0.813017
vt 0.745029 0.813155
vt 0.745029 0.864806
vt 0.984778 0.618985
vt 0.984778 0.622446
vt 0.982216 0.622393
vt 0.982216 0.618932
vt 0.196327 0.973779
vt 0.196327 0.970318
vt 0.198916 0.970290
vt 0.198916 0.973751
vt 0.450779 0.779667
vt 0.450779 0.708057
vt 0.454227 0.708073
vt 0.454227 0.779682
vt 0.540603 0.831490
vt 0.540603 0.770230
vt 0.543728 0.769457
vt 0.543728 0.830717
vt 0.790881 0.072907
vt 0.790881 0.004685
vt 0.793893 0.004160
vt 0.793893 0.072382
vt 0.861456 0.678258
vt 0.861456 0.626607
vt 0.864911 0.626745
vt 0.864911 0.678396
vt 0.984778 0.630819
vt 0.984778 0.634280
vt 0.982217 0.634227
vt 0.982217 0.630766
vt 0.982217 0.184802
vt 0.982217 0.181341
vt 0.984805 0.181312
vt 0.984805 0.184773
vt 0.556466 0.326134
vt 0.556466 0.301441
vt 0.577153 0.301532
vt 0.577153 0.326225
vt 0.342344 0.795181
vt 0.342344 0.774057
vt 0.343683 0.773725
vt 0.343683 0.794849
vt 0.412618 0.757283
vt 0.412618 0.733758
vt 0.430690 0.730611
vt 0.430690 0.754136
vt 0.754085 0.115395
vt 0.754085 0.097585
vt 0.755566 0.097644
vt 0.755566 0.115454
vt 0.950432 0.916607
vt 0.951915 0.916576
vt 0.951915 0.931948
vt 0.950432 0.931978
vt 0.949435 0.770173
vt 0.950918 0.770189
vt 0.950918 0.785723
vt 0.949435 0.785706
vt 0.765362 0.899610
vt 0.767831 0.899599
vt 0.767831 0.926197
vt 0.765362 0.926208
vt 0.341489 0.963886
vt 0.339439 0.963378
vt 0.339439 0.957859
vt 0.341489 0.958367
vt 0.875880 0.932783
vt 0.873562 0.932379
vt 0.873562 0.908794
vt 0.875880 0.909197
vt 0.965450 0.399714
vt 0.967230 0.399644
vt 0.967230 0.405572
vt 0.965450 0.405643
vt 0.918497 0.469524
vt 0.924428 0.469401
vt 0.924428 0.489164
vt 0.918497 0.489287
vt 0.889705 0.490031
vt 0.895638 0.490096
vt 0.895638 0.510068
vt 0.889705 0.510003
vt 0.527458 0.326134
vt 0.527458 0.301441
vt 0.548146 0.301532
vt 0.548146 0.326225
vt 0.816406 0.938625
vt 0.816406 0.917501
vt 0.817746 0.917170
vt 0.817746 0.938294
vt 0.708027 0.496038
vt 0.708027 0.472513
vt 0.726099 0.469365
vt 0.726099 0.492890
vt 0.946180 0.054041
vt 0.946180 0.036230
vt 0.947661 0.036289
vt 0.947661 0.054100
vt 0.951790 0.474245
vt 0.953272 0.474214
vt 0.953272 0.489585
vt 0.951790 0.489616
vt 0.949494 0.857629
vt 0.950977 0.857646
vt 0.950977 0.873179
vt 0.949494 0.873163
vt 0.919841 0.892864
vt 0.922311 0.892853
vt 0.922311 0.919452
vt 0.919841 0.919463
vt 0.864826 0.965943
vt 0.862775 0.965436
vt 0.862775 0.959917
vt 0.864826 0.960424
vt 0.247017 0.932553
vt 0.244699 0.932149
vt 0.244699 0.908564
vt 0.247017 0.908967
vt 0.965305 0.454980
vt 0.967085 0.454909
vt 0.967085 0.460837
vt 0.965305 0.460908
vt 0.918324 0.812417
vt 0.924255 0.812294
vt 0.924255 0.832057
vt 0.918324 0.832180
vt 0.739139 0.489706
vt 0.745071 0.489771
vt 0.745071 0.509743
vt 0.739139 0.509678
vt 0.523195 0.154710
vt 0.523195 0.130017
vt 0.543882 0.130108
vt 0.543882 0.154801
vt 0.939834 0.879085
vt 0.939834 0.857961
vt 0.941173 0.857629
vt 0.941173 0.878753
vt 0.352225 0.737600
vt 0.352225 0.714076
vt 0.370297 0.710928
vt 0.370297 0.734453
vt 0.947466 0.229409
vt 0.947466 0.211598
vt 0.948947 0.211657
vt 0.948947 0.229468
vt 0.951799 0.299463
vt 0.953281 0.299432
vt 0.953281 0.314804
vt 0.951799 0.314834
vt 0.069635 0.723114
vt 0.071118 0.723130
vt 0.071118 0.738664
vt 0.069635 0.738648
vt 0.924003 0.124898
vt 0.926472 0.124887
vt 0.926472 0.151485
vt 0.924003 0.151496
vt 0.425959 0.962097
vt 0.423909 0.961590
vt 0.423909 0.956071
vt 0.425959 0.956578
vt 0.679100 0.933126
vt 0.676783 0.932722
vt 0.676783 0.909137
vt 0.679100 0.909540
vt 0.965420 0.384902
vt 0.967200 0.384831
vt 0.967200 0.390759
vt 0.965420 0.390830
vt 0.891337 0.903324
vt 0.897267 0.903201
vt 0.897267 0.922964
vt 0.891337 0.923087
vt 0.914575 0.594668
vt 0.920508 0.594734
vt 0.920508 0.614706
vt 0.914575 0.614640
vt 0.859460 0.580305
vt 0.862226 0.580293
vt 0.862226 0.616414
vt 0.859460 0.616426
vt 0.519667 0.985797
vt 0.517370 0.985228
vt 0.517370 0.982331
vt 0.519667 0.982899
vt 0.915986 0.202823
vt 0.913390 0.202371
vt 0.913390 0.170341
vt 0.915986 0.170793
vt 0.993324 0.015752
vt 0.995317 0.015673
vt 0.995317 0.018785
vt 0.993324 0.018865
vt 0.914985 0.039449
vt 0.918099 0.039384
vt 0.918099 0.066223
vt 0.914985 0.066288
vt 0.914575 0.559191
vt 0.917690 0.559225
vt 0.917690 0.586348
vt 0.914575 0.586314
vt 0.136696 0.840721
vt 0.139462 0.840709
vt 0.139462 0.876830
vt 0.136696 0.876842
vt 0.530284 0.985797
vt 0.527987 0.985228
vt 0.527987 0.982331
vt 0.530284 0.982899
vt 0.915683 0.157369
vt 0.913087 0.156917
vt 0.913087 0.124887
vt 0.915683 0.125339
vt 0.979131 0.982410
vt 0.981124 0.982331
vt 0.981124 0.985444
vt 0.979131 0.985523
vt 0.916271 0.211662
vt 0.919385 0.211598
vt 0.919385 0.238437
vt 0.916271 0.238501
vt 0.720393 0.888596
vt 0.723507 0.888630
vt 0.723507 0.915753
vt 0.720393 0.915718
vt 0.502764 0.840732
vt 0.505530 0.840720
vt 0.505530 0.876841
vt 0.502764 0.876853
vt 0.509050 0.985797
vt 0.506753 0.985229
vt 0.506753 0.982331
vt 0.509050 0.982899
vt 0.917171 0.550871
vt 0.914575 0.550418
vt 0.914575 0.518389
vt 0.917171 0.518841
vt 0.958503 0.982410
vt 0.960496 0.982331
vt 0.960496 0.985443
vt 0.958503 0.985523
vt 0.917812 0.088908
vt 0.920925 0.088844
vt 0.920925 0.115683
vt 0.917812 0.115747
vt 0.827232 0.888689
vt 0.830347 0.888723
vt 0.830347 0.915846
vt 0.827232 0.915811
vt 0.196290 0.602371
vt 0.199747 0.602355
vt 0.199747 0.715645
vt 0.196290 0.715660
vt 0.973896 0.925267
vt 0.971025 0.924557
vt 0.971025 0.921338
vt 0.973896 0.922048
vt 0.745747 0.225909
vt 0.742502 0.225344
vt 0.742502 0.124887
vt 0.745747 0.125452
vt 0.982216 0.772962
vt 0.984708 0.772863
vt 0.984708 0.776321
vt 0.982216 0.776421
vt 0.623946 0.676243
vt 0.627406 0.676171
vt 0.627406 0.760348
vt 0.623946 0.760420
vt 0.637638 0.673432
vt 0.641099 0.673470
vt 0.641099 0.758536
vt 0.637638 0.758498
vt 0.427233 0.609001
vt 0.430690 0.608986
vt 0.430690 0.722275
vt 0.427233 0.722291
vt 0.219399 0.973940
vt 0.216528 0.973229
vt 0.216528 0.970010
vt 0.219399 0.970720
vt 0.745764 0.105182
vt 0.742520 0.104617
vt 0.742520 0.004160
vt 0.745764 0.004725
vt 0.982217 0.784840
vt 0.984708 0.784741
vt 0.984708 0.788199
vt 0.982217 0.788299
vt 0.171301 0.677766
vt 0.174761 0.677694
vt 0.174761 0.761871
vt 0.171301 0.761943
vt 0.649841 0.675096
vt 0.653302 0.675135
vt 0.653302 0.760200
vt 0.649841 0.760162
vt 0.596875 0.780121
vt 0.596875 0.708511
vt 0.600323 0.708527
vt 0.600323 0.780136
vt 0.552049 0.831490
vt 0.552049 0.770230
vt 0.555174 0.769457
vt 0.555174 0.830717
vt 0.583300 0.804120
vt 0.583300 0.735898
vt 0.586312 0.735374
vt 0.586312 0.803596
vt 0.861456 0.738367
vt 0.861456 0.686716
vt 0.864911 0.686854
vt 0.864911 0.738505
vt 0.984778 0.642653
vt 0.984778 0.646114
vt 0.982217 0.646061
vt 0.982217 0.642600
vt 0.982217 0.031270
vt 0.982217 0.027809
vt 0.984805 0.027781
vt 0.984805 0.031242
vt 0.765405 0.374905
vt 0.765405 0.303296
vt 0.768853 0.303311
vt 0.768853 0.374920
vt 0.514210 0.832399
vt 0.514210 0.771140
vt 0.517335 0.770366
vt 0.517335 0.831626
vt 0.742017 0.804697
vt 0.742017 0.736474
vt 0.745029 0.735950
vt 0.745029 0.804172
vt 0.861456 0.802066
vt 0.861456 0.750415
vt 0.864911 0.750553
vt 0.864911 0.802203
vt 0.984778 0.654487
vt 0.984778 0.657948
vt 0.982217 0.657895
vt 0.982217 0.654434
vt 0.982217 0.208422
vt 0.982217 0.204961
vt 0.984805 0.204933
vt 0.984805 0.208394
vt 0.765405 0.454850
vt 0.765405 0.383241
vt 0.768853 0.383256
vt 0.768853 0.454866
vt 0.563494 0.831490
vt 0.563494 0.770230
vt 0.566619 0.769457
vt 0.566619 0.830717
vt 0.791744 0.372042
vt 0.791744 0.303820
vt 0.794756 0.303296
vt 0.794756 0.371518
vt 0.861786 0.863969
vt 0.861786 0.812319
vt 0.865242 0.812456
vt 0.865242 0.864107
vt 0.984778 0.382305
vt 0.984778 0.385765
vt 0.982216 0.385712
vt 0.982216 0.382252
vt 0.982217 0.243853
vt 0.982217 0.240391
vt 0.984805 0.240363
vt 0.984805 0.243824
vt 0.608643 0.780121
vt 0.608643 0.708511
vt 0.612091 0.708527
vt 0.612091 0.780136
vt 0.171301 0.832296
vt 0.171301 0.771037
vt 0.174426 0.770263
vt 0.174426 0.831523
vt 0.801925 0.587135
vt 0.801925 0.518913
vt 0.804938 0.518389
vt 0.804938 0.586611
vt 0.676783 0.865610
vt 0.676783 0.813959
vt 0.680238 0.814097
vt 0.680238 0.865747
vt 0.984778 0.666322
vt 0.984778 0.669782
vt 0.982217 0.669729
vt 0.982217 0.666268
vt 0.244699 0.973686
vt 0.244699 0.970225
vt 0.247288 0.970196
vt 0.247288 0.973657
vt 0.552203 0.154710
vt 0.552203 0.130017
vt 0.572890 0.130108
vt 0.572890 0.154801
vt 0.939346 0.110299
vt 0.939346 0.089175
vt 0.940685 0.088844
vt 0.940685 0.109968
vt 0.378618 0.737600
vt 0.378618 0.714076
vt 0.396690 0.710928
vt 0.396690 0.734453
vt 0.732173 0.763814
vt 0.732173 0.746004
vt 0.733654 0.746063
vt 0.733654 0.763873
vt 0.950639 0.331861
vt 0.952122 0.331830
vt 0.952122 0.347201
vt 0.950639 0.347232
vt 0.949270 0.745575
vt 0.950753 0.745591
vt 0.950753 0.761125
vt 0.949270 0.761108
vt 0.924307 0.170352
vt 0.926776 0.170341
vt 0.926776 0.196939
vt 0.924307 0.196950
vt 0.964898 0.800069
vt 0.962848 0.799562
vt 0.962848 0.794043
vt 0.964898 0.794551
vt 0.932603 0.618287
vt 0.930285 0.617883
vt 0.930285 0.594297
vt 0.932603 0.594701
vt 0.965518 0.370582
vt 0.967298 0.370511
vt 0.967298 0.376439
vt 0.965518 0.376510
vt 0.918497 0.441317
vt 0.924428 0.441194
vt 0.924428 0.460957
vt 0.918497 0.461080
vt 0.888520 0.096529
vt 0.894453 0.096595
vt 0.894453 0.116567
vt 0.888520 0.116501
vt 0.585474 0.326134
vt 0.585474 0.301441
vt 0.606161 0.301532
vt 0.606161 0.326225
vt 0.731886 0.864128
vt 0.731886 0.843004
vt 0.733226 0.842673
vt 0.733226 0.863797
vt 0.502764 0.762046
vt 0.502764 0.738521
vt 0.520837 0.735374
vt 0.520837 0.758898
vt 0.949006 0.106654
vt 0.949006 0.088844
vt 0.950487 0.088903
vt 0.950487 0.106713
vt 0.951792 0.812324
vt 0.953275 0.812294
vt 0.953275 0.827665
vt 0.951792 0.827696
vt 0.950086 0.626607
vt 0.951569 0.626624
vt 0.951569 0.642157
vt 0.950086 0.642141
vt 0.920048 0.331841
vt 0.922517 0.331830
vt 0.922517 0.358428
vt 0.920048 0.358439
vt 0.966149 0.361579
vt 0.964099 0.361072
vt 0.964099 0.355553
vt 0.966149 0.356060
vt 0.440350 0.932811
vt 0.438033 0.932408
vt 0.438033 0.908822
vt 0.440350 0.909226
vt 0.965639 0.440660
vt 0.967419 0.440589
vt 0.967419 0.446517
vt 0.965639 0.446588
vt 0.918506 0.303419
vt 0.924437 0.303296
vt 0.924437 0.323059
vt 0.918506 0.323182
vt 0.905795 0.338402
vt 0.911727 0.338467
vt 0.911727 0.358439
vt 0.905795 0.358374
vt 0.259931 0.846820
vt 0.262696 0.846808
vt 0.262696 0.882929
vt 0.259931 0.882941
vt 0.551518 0.985797
vt 0.549222 0.985228
vt 0.549222 0.982331
vt 0.551518 0.982899
vt 0.916317 0.281177
vt 0.913721 0.280724
vt 0.913721 0.248695
vt 0.916317 0.249147
vt 0.917248 0.982411
vt 0.919241 0.982331
vt 0.919241 0.985444
vt 0.917248 0.985523
vt 0.918299 0.857694
vt 0.921413 0.857629
vt 0.921413 0.884468
vt 0.918299 0.884533
vt 0.296290 0.889285
vt 0.299404 0.889320
vt 0.299404 0.916442
vt 0.296290 0.916408
vt 0.514210 0.840732
vt 0.516976 0.840720
vt 0.516976 0.876841
vt 0.514210 0.876853
vt 0.487815 0.985797
vt 0.485519 0.985229
vt 0.485519 0.982331
vt 0.487815 0.982899
vt 0.849641 0.294700
vt 0.847045 0.294248
vt 0.847045 0.262219
vt 0.849641 0.262671
vt 0.993324 0.027265
vt 0.995317 0.027185
vt 0.995317 0.030298
vt 0.993324 0.030377
vt 0.918306 0.724793
vt 0.921419 0.724729
vt 0.921419 0.751568
vt 0.918306 0.751632
vt 0.663339 0.889062
vt 0.666454 0.889097
vt 0.666454 0.916219
vt 0.663339 0.916185
vt 0.720393 0.844154
vt 0.723158 0.844142
vt 0.723158 0.880263
vt 0.720393 0.880275
vt 0.540901 0.985797
vt 0.538605 0.985229
vt 0.538605 0.982331
vt 0.540901 0.982899
vt 0.841273 0.913082
vt 0.838677 0.912630
vt 0.838677 0.880600
vt 0.841273 0.881052
vt 0.993324 0.004240
vt 0.995317 0.004160
vt 0.995317 0.007273
vt 0.993324 0.007352
vt 0.914985 0.004225
vt 0.918099 0.004160
vt 0.918099 0.030999
vt 0.914985 0.031064
vt 0.171301 0.887243
vt 0.174416 0.887277
vt 0.174416 0.914399
vt 0.171301 0.914365
vt 0.850010 0.912551
vt 0.854455 0.912531
vt 0.854455 0.929278
vt 0.850010 0.929298
vt 0.802477 0.961904
vt 0.802477 0.958102
vt 0.806049 0.957218
vt 0.806049 0.961020
vt 0.654013 0.932803
vt 0.649841 0.932076
vt 0.649841 0.917226
vt 0.654013 0.917953
vt 0.966104 0.185526
vt 0.969307 0.185399
vt 0.969307 0.189351
vt 0.966104 0.189479
vt 0.376436 0.940239
vt 0.380390 0.940157
vt 0.380390 0.952601
vt 0.376436 0.952683
vt 0.489394 0.936284
vt 0.493349 0.936328
vt 0.493349 0.948903
vt 0.489394 0.948859
vt 0.397179 0.911811
vt 0.401624 0.911792
vt 0.401624 0.928539
vt 0.397179 0.928559
vt 0.450791 0.963358
vt 0.450791 0.959556
vt 0.454363 0.958672
vt 0.454363 0.962474
vt 0.640834 0.934021
vt 0.636662 0.933294
vt 0.636662 0.918444
vt 0.640834 0.919170
vt 0.967366 0.004288
vt 0.970570 0.004160
vt 0.970570 0.008113
vt 0.967366 0.008240
vt 0.081411 0.939509
vt 0.085365 0.939427
vt 0.085365 0.951870
vt 0.081411 0.951952
vt 0.068305 0.936453
vt 0.072260 0.936497
vt 0.072260 0.949072
vt 0.068305 0.949028
vt 0.315272 0.911946
vt 0.319717 0.911926
vt 0.319717 0.928674
vt 0.315272 0.928693
vt 0.068305 0.962078
vt 0.068305 0.958276
vt 0.071876 0.957392
vt 0.071876 0.961195
vt 0.795506 0.294598
vt 0.791334 0.293872
vt 0.791334 0.279022
vt 0.795506 0.279748
vt 0.967328 0.248822
vt 0.970531 0.248695
vt 0.970531 0.252647
vt 0.967328 0.252775
vt 0.397179 0.936961
vt 0.401133 0.936879
vt 0.401133 0.949323
vt 0.397179 0.949405
vt 0.919841 0.927783
vt 0.923797 0.927827
vt 0.923797 0.940402
vt 0.919841 0.940358
vt 0.583300 0.912673
vt 0.587745 0.912654
vt 0.587745 0.929401
vt 0.583300 0.929420
vt 0.583300 0.963273
vt 0.583300 0.959471
vt 0.586872 0.958587
vt 0.586872 0.962389
vt 0.626756 0.934202
vt 0.622584 0.933476
vt 0.622584 0.918625
vt 0.626756 0.919352
vt 0.967337 0.559319
vt 0.970540 0.559191
vt 0.970540 0.563143
vt 0.967337 0.563271
vt 0.764199 0.939543
vt 0.768153 0.939461
vt 0.768153 0.951905
vt 0.764199 0.951987
vt 0.634101 0.103541
vt 0.638056 0.103584
vt 0.638056 0.116159
vt 0.634101 0.116115
vt 0.081411 0.914359
vt 0.085856 0.914339
vt 0.085856 0.931086
vt 0.081411 0.931106
vt 0.569895 0.962361
vt 0.569895 0.958559
vt 0.573467 0.957675
vt 0.573467 0.961477
vt 0.792931 0.937762
vt 0.788759 0.937036
vt 0.788759 0.922186
vt 0.792931 0.922912
vt 0.730918 0.112506
vt 0.734121 0.112379
vt 0.734121 0.116331
vt 0.730918 0.116459
vt 0.850010 0.937701
vt 0.853964 0.937618
vt 0.853964 0.950062
vt 0.850010 0.950144
vt 0.674389 0.460025
vt 0.678344 0.460069
vt 0.678344 0.472644
vt 0.674389 0.472600
vt 0.751434 0.914394
vt 0.755879 0.914374
vt 0.755879 0.931121
vt 0.751434 0.931141
vt 0.489394 0.961909
vt 0.489394 0.958107
vt 0.492965 0.957224
vt 0.492965 0.961026
vt 0.175473 0.938297
vt 0.171301 0.937570
vt 0.171301 0.922720
vt 0.175473 0.923446
vt 0.966582 0.533514
vt 0.969785 0.533386
vt 0.969785 0.537338
vt 0.966582 0.537466
vt 0.315272 0.937096
vt 0.319226 0.937014
vt 0.319226 0.949457
vt 0.315272 0.949539
vt 0.777681 0.497270
vt 0.781636 0.497313
vt 0.781636 0.509888
vt 0.777681 0.509845
vt 0.109489 0.915072
vt 0.113934 0.915052
vt 0.113934 0.931799
vt 0.109489 0.931819
vt 0.959297 0.875322
vt 0.959297 0.871520
vt 0.962869 0.870636
vt 0.962869 0.874438
vt 0.876905 0.509756
vt 0.872733 0.509029
vt 0.872733 0.494179
vt 0.876905 0.494905
vt 0.965675 0.262436
vt 0.968878 0.262309
vt 0.968878 0.266261
vt 0.965675 0.266389
vt 0.609640 0.939772
vt 0.613594 0.939690
vt 0.613594 0.952134
vt 0.609640 0.952216
vt 0.216528 0.935921
vt 0.220483 0.935965
vt 0.220483 0.948540
vt 0.216528 0.948496
vt 0.376436 0.915090
vt 0.380881 0.915070
vt 0.380881 0.931817
vt 0.376436 0.931837
vt 0.528847 0.962697
vt 0.528847 0.958894
vt 0.532418 0.958011
vt 0.532418 0.961813
vt 0.140868 0.933883
vt 0.136696 0.933157
vt 0.136696 0.918307
vt 0.140868 0.919033
vt 0.967358 0.573815
vt 0.970562 0.573687
vt 0.970562 0.577640
vt 0.967358 0.577767
vt 0.363671 0.940239
vt 0.367625 0.940157
vt 0.367625 0.952601
vt 0.363671 0.952683
vt 0.891337 0.931408
vt 0.895292 0.931451
vt 0.895292 0.944026
vt 0.891337 0.943983
vt 0.596875 0.914623
vt 0.601319 0.914603
vt 0.601319 0.931350
vt 0.596875 0.931370
vt 0.397179 0.962411
vt 0.397179 0.958609
vt 0.400751 0.957725
vt 0.400751 0.961527
vt 0.506936 0.933894
vt 0.502764 0.933168
vt 0.502764 0.918317
vt 0.506936 0.919044
vt 0.965888 0.655834
vt 0.969091 0.655706
vt 0.969091 0.659659
vt 0.965888 0.659786
vt 0.751434 0.939543
vt 0.755388 0.939461
vt 0.755388 0.951905
vt 0.751434 0.951987
vt 0.184513 0.935978
vt 0.188468 0.936021
vt 0.188468 0.948596
vt 0.184513 0.948553
vt 0.197278 0.910910
vt 0.201723 0.910890
vt 0.201723 0.927638
vt 0.197278 0.927657
vt 0.556221 0.962412
vt 0.556221 0.958610
vt 0.559793 0.957726
vt 0.559793 0.961529
vt 0.807866 0.934464
vt 0.803695 0.933738
vt 0.803695 0.918888
vt 0.807866 0.919614
vt 0.966918 0.138499
vt 0.970122 0.138371
vt 0.970122 0.142323
vt 0.966918 0.142451
vt 0.032663 0.939751
vt 0.036617 0.939669
vt 0.036617 0.952113
vt 0.032663 0.952195
vt 0.893399 0.350014
vt 0.897354 0.350058
vt 0.897354 0.362632
vt 0.893399 0.362589
vt 0.609640 0.914623
vt 0.614085 0.914603
vt 0.614085 0.931350
vt 0.609640 0.931370
vt 0.542399 0.962447
vt 0.542399 0.958644
vt 0.545971 0.957761
vt 0.545971 0.961563
vt 0.888681 0.432874
vt 0.884509 0.432147
vt 0.884509 0.417297
vt 0.888681 0.418023
vt 0.966104 0.197927
vt 0.969307 0.197799
vt 0.969307 0.201752
vt 0.966104 0.201879
vt 0.055328 0.939149
vt 0.059282 0.939067
vt 0.059282 0.951511
vt 0.055328 0.951593
vt 0.196789 0.935977
vt 0.200744 0.936021
vt 0.200744 0.948596
vt 0.196789 0.948552
vt 0.015606 0.910962
vt 0.020051 0.910942
vt 0.020051 0.927690
vt 0.015606 0.927709
vt 0.622584 0.962472
vt 0.622584 0.958670
vt 0.626156 0.957786
vt 0.626156 0.961589
vt 0.520379 0.933944
vt 0.516208 0.933217
vt 0.516208 0.918367
vt 0.520379 0.919094
vt 0.967243 0.125015
vt 0.970446 0.124887
vt 0.970446 0.128840
vt 0.967243 0.128967
vt 0.350077 0.940239
vt 0.354031 0.940157
vt 0.354031 0.952601
vt 0.350077 0.952683
vt 0.658652 0.103541
vt 0.662607 0.103584
vt 0.662607 0.116159
vt 0.658652 0.116116
vt 0.705494 0.916129
vt 0.709938 0.916109
vt 0.709938 0.932857
vt 0.705494 0.932876
vt 0.959297 0.862315
vt 0.959297 0.858513
vt 0.962869 0.857629
vt 0.962869 0.861432
vt 0.533329 0.934547
vt 0.529157 0.933820
vt 0.529157 0.918970
vt 0.533329 0.919697
vt 0.967898 0.841527
vt 0.971101 0.841399
vt 0.971101 0.845352
vt 0.967898 0.845479
vt 0.109489 0.940221
vt 0.113443 0.940139
vt 0.113443 0.952583
vt 0.109489 0.952664
vt 0.940656 0.655706
vt 0.944611 0.655750
vt 0.944611 0.668325
vt 0.940656 0.668281
vt 0.489394 0.911217
vt 0.493839 0.911197
vt 0.493839 0.927944
vt 0.489394 0.927964
vt 0.315272 0.962546
vt 0.315272 0.958743
vt 0.318844 0.957860
vt 0.318844 0.961662
vt 0.831403 0.939743
vt 0.827232 0.939016
vt 0.827232 0.924166
vt 0.831403 0.924893
vt 0.967564 0.050684
vt 0.970767 0.050556
vt 0.970767 0.054508
vt 0.967564 0.054636
vt 0.096724 0.940221
vt 0.100678 0.940139
vt 0.100678 0.952583
vt 0.096724 0.952665
vt 0.936520 0.066006
vt 0.940475 0.066050
vt 0.940475 0.078625
vt 0.936520 0.078581
vt 0.096724 0.915071
vt 0.101169 0.915052
vt 0.101169 0.931799
vt 0.096724 0.931819
vt 0.515444 0.961874
vt 0.515444 0.958071
vt 0.519015 0.957188
vt 0.519015 0.960990
vt 0.724564 0.939650
vt 0.720393 0.938923
vt 0.720393 0.924073
vt 0.724564 0.924800
vt 0.891337 0.966590
vt 0.894540 0.966462
vt 0.894540 0.970415
vt 0.891336 0.970542
vt 0.596875 0.939772
vt 0.600829 0.939690
vt 0.600829 0.952134
vt 0.596875 0.952216
vt 0.670928 0.103541
vt 0.674883 0.103584
vt 0.674883 0.116159
vt 0.670928 0.116116
vt 0.328038 0.911946
vt 0.332482 0.911926
vt 0.332482 0.928674
vt 0.328038 0.928693
vt 0.327547 0.962546
vt 0.327547 0.958743
vt 0.331118 0.957860
vt 0.331118 0.961662
vt 0.571754 0.935206
vt 0.567582 0.934480
vt 0.567582 0.919630
vt 0.571754 0.920356
vt 0.936786 0.965137
vt 0.939990 0.965009
vt 0.939990 0.968962
vt 0.936786 0.969089
vt 0.328038 0.937096
vt 0.331991 0.937014
vt 0.331991 0.949457
vt 0.328038 0.949539
vt 0.646376 0.103541
vt 0.650332 0.103584
vt 0.650332 0.116159
vt 0.646376 0.116116
vt 0.184513 0.910910
vt 0.188958 0.910890
vt 0.188958 0.927638
vt 0.184513 0.927657
vt 0.959890 0.644300
vt 0.959890 0.640497
vt 0.963461 0.639614
vt 0.963461 0.643416
vt 0.126774 0.933905
vt 0.122602 0.933179
vt 0.122602 0.918328
vt 0.126774 0.919055
vt 0.966488 0.518516
vt 0.969691 0.518389
vt 0.969691 0.522341
vt 0.966488 0.522469
vt 0.228804 0.938861
vt 0.232758 0.938780
vt 0.232758 0.951223
vt 0.228804 0.951305
vt 0.674383 0.281617
vt 0.678338 0.281660
vt 0.678338 0.294235
vt 0.674383 0.294192
vt 0.068305 0.911386
vt 0.072749 0.911366
vt 0.072749 0.928113
vt 0.068305 0.928133
vt 0.850010 0.963151
vt 0.850010 0.959348
vt 0.853582 0.958465
vt 0.853582 0.962267
vt 0.546571 0.935206
vt 0.542399 0.934480
vt 0.542399 0.919630
vt 0.546571 0.920356
vt 0.966582 0.545914
vt 0.969785 0.545787
vt 0.969785 0.549739
vt 0.966582 0.549867
vt 0.583300 0.937823
vt 0.587254 0.937741
vt 0.587254 0.950184
vt 0.583300 0.950266
vt 0.944349 0.277800
vt 0.948304 0.277844
vt 0.948304 0.290419
vt 0.944349 0.290375
vt 0.363671 0.915090
vt 0.368115 0.915070
vt 0.368115 0.931817
vt 0.363671 0.931837
vt 0.960156 0.598983
vt 0.960156 0.595181
vt 0.963728 0.594297
vt 0.963728 0.598100
vt 0.559162 0.935206
vt 0.554991 0.934480
vt 0.554991 0.919630
vt 0.559162 0.920356
vt 0.966033 0.170468
vt 0.969236 0.170341
vt 0.969236 0.174293
vt 0.966033 0.174421
vt 0.948796 0.066088
vt 0.952750 0.066006
vt 0.952750 0.078450
vt 0.948796 0.078532
vt 0.015606 0.936030
vt 0.019561 0.936073
vt 0.019561 0.948648
vt 0.015606 0.948605
vt 0.350077 0.915089
vt 0.354522 0.915070
vt 0.354522 0.931817
vt 0.350077 0.931836
vt 0.959890 0.631293
vt 0.959890 0.627491
vt 0.963461 0.626607
vt 0.963461 0.630410
vt 0.909759 0.936788
vt 0.905588 0.936061
vt 0.905588 0.921211
vt 0.909759 0.921938
vt 0.967650 0.018934
vt 0.970853 0.018806
vt 0.970853 0.022759
vt 0.967650 0.022886
vt 0.949270 0.724811
vt 0.953224 0.724729
vt 0.953224 0.737172
vt 0.949270 0.737254
vt 0.765405 0.497270
vt 0.769360 0.497313
vt 0.769360 0.509888
vt 0.765405 0.509844
vt 0.691999 0.741744
vt 0.691999 0.680012
vt 0.698895 0.680042
vt 0.698895 0.741775
vt 0.494444 0.490665
vt 0.443179 0.477982
vt 0.443179 0.340010
vt 0.494444 0.352693
vt 0.742502 0.294091
vt 0.742502 0.235279
vt 0.748526 0.234230
vt 0.748526 0.293042
vt 0.470383 0.005933
vt 0.514874 0.004160
vt 0.514874 0.152375
vt 0.470383 0.154148
vt 0.668462 0.518495
vt 0.668462 0.666798
vt 0.663340 0.666692
vt 0.663340 0.518389
vt 0.649841 0.666776
vt 0.649841 0.518446
vt 0.655019 0.518389
vt 0.655019 0.666719
vt 0.676783 0.741744
vt 0.676783 0.680012
vt 0.683679 0.680043
vt 0.683679 0.741775
vt 0.176192 0.507750
vt 0.124928 0.495067
vt 0.124928 0.357095
vt 0.176192 0.369778
vt 0.245586 0.759067
vt 0.245586 0.700255
vt 0.251610 0.699206
vt 0.251610 0.758018
vt 0.184513 0.358868
vt 0.229004 0.357095
vt 0.229004 0.505310
vt 0.184513 0.507083
vt 0.679505 0.124993
vt 0.679505 0.273296
vt 0.674383 0.273190
vt 0.674383 0.124887
vt 0.230959 0.663790
vt 0.230959 0.515460
vt 0.236137 0.515403
vt 0.236137 0.663733
vt 0.004160 0.361278
vt 0.065892 0.361007
vt 0.065892 0.482177
vt 0.004160 0.482449
vt 0.777173 0.357652
vt 0.777173 0.304842
vt 0.783423 0.303296
vt 0.783423 0.356106
vt 0.581135 0.121696
vt 0.523195 0.111606
vt 0.523195 0.004160
vt 0.581135 0.014251
vt 0.281058 0.812437
vt 0.281058 0.767910
vt 0.287969 0.768186
vt 0.287969 0.812712
vt 0.664585 0.004304
vt 0.671504 0.004160
vt 0.671504 0.094193
vt 0.664585 0.094336
vt 0.634101 0.004160
vt 0.641022 0.004237
vt 0.641022 0.095220
vt 0.634101 0.095144
vt 0.469442 0.171950
vt 0.531174 0.171679
vt 0.531174 0.292849
vt 0.469442 0.293120
vt 0.777173 0.420329
vt 0.777173 0.367519
vt 0.783424 0.365973
vt 0.783424 0.418783
vt 0.597434 0.289215
vt 0.539494 0.279124
vt 0.539494 0.171679
vt 0.597434 0.181769
vt 0.244699 0.811914
vt 0.244699 0.767387
vt 0.251610 0.767663
vt 0.251610 0.812189
vt 0.679825 0.004304
vt 0.686744 0.004160
vt 0.686744 0.094193
vt 0.679825 0.094336
vt 0.649343 0.004160
vt 0.656264 0.004237
vt 0.656264 0.095220
vt 0.649343 0.095144
vt 0.968226 0.157450
vt 0.968226 0.153993
vt 0.971674 0.154008
vt 0.971674 0.157465
vt 0.099595 0.739377
vt 0.096724 0.738667
vt 0.096724 0.596095
vt 0.099595 0.596805
vt 0.673446 0.973718
vt 0.673446 0.970425
vt 0.676458 0.969900
vt 0.676458 0.973194
vt 0.731247 0.303395
vt 0.733739 0.303296
vt 0.733739 0.456451
vt 0.731247 0.456550
vt 0.712178 0.124940
vt 0.712178 0.278187
vt 0.709617 0.278134
vt 0.709617 0.124887
vt 0.687692 0.671692
vt 0.687692 0.518417
vt 0.690281 0.518389
vt 0.690281 0.671663
vt 0.965113 0.431741
vt 0.965113 0.428284
vt 0.968561 0.428299
vt 0.968561 0.431756
vt 0.528018 0.727053
vt 0.525147 0.726343
vt 0.525147 0.583771
vt 0.528018 0.584481
vt 0.969207 0.215416
vt 0.969207 0.212122
vt 0.972219 0.211598
vt 0.972219 0.214891
vt 0.582155 0.567385
vt 0.584646 0.567286
vt 0.584646 0.720441
vt 0.582155 0.720541
vt 0.376550 0.549361
vt 0.376550 0.702608
vt 0.373989 0.702554
vt 0.373989 0.549308
vt 0.687826 0.278190
vt 0.687826 0.124916
vt 0.690415 0.124887
vt 0.690415 0.278162
vt 0.156957 0.812102
vt 0.156957 0.750370
vt 0.160404 0.750385
vt 0.160404 0.812118
vt 0.363671 0.863368
vt 0.363671 0.810557
vt 0.366796 0.809784
vt 0.366796 0.862594
vt 0.835610 0.184224
vt 0.835610 0.125412
vt 0.838622 0.124887
vt 0.838622 0.183699
vt 0.196289 0.867363
vt 0.196289 0.822837
vt 0.199745 0.822974
vt 0.199745 0.867501
vt 0.984778 0.737326
vt 0.984778 0.740786
vt 0.982217 0.740733
vt 0.982217 0.737273
vt 0.982217 0.078511
vt 0.982217 0.075050
vt 0.984805 0.075021
vt 0.984805 0.078482
vt 0.815463 0.758407
vt 0.815463 0.696675
vt 0.818911 0.696690
vt 0.818911 0.758423
vt 0.849401 0.424536
vt 0.849401 0.371726
vt 0.852526 0.370953
vt 0.852526 0.423763
vt 0.835610 0.254292
vt 0.835610 0.195480
vt 0.838622 0.194955
vt 0.838622 0.253767
vt 0.858275 0.293221
vt 0.858275 0.248695
vt 0.861731 0.248832
vt 0.861731 0.293359
vt 0.984778 0.358637
vt 0.984778 0.362097
vt 0.982217 0.362044
vt 0.982217 0.358584
vt 0.689541 0.973721
vt 0.689541 0.970260
vt 0.692130 0.970231
vt 0.692130 0.973692
vt 0.812073 0.186619
vt 0.812073 0.124887
vt 0.815521 0.124902
vt 0.815521 0.186635
vt 0.423841 0.853593
vt 0.423841 0.800783
vt 0.426966 0.800010
vt 0.426966 0.852820
vt 0.838677 0.753601
vt 0.838677 0.694789
vt 0.841690 0.694264
vt 0.841690 0.753077
vt 0.596875 0.862763
vt 0.596875 0.818237
vt 0.600330 0.818374
vt 0.600330 0.862901
vt 0.984778 0.500645
vt 0.984778 0.504106
vt 0.982217 0.504053
vt 0.982217 0.500592
vt 0.982217 0.090321
vt 0.982217 0.086860
vt 0.984805 0.086831
vt 0.984805 0.090292
vt 0.707215 0.821690
vt 0.707215 0.759957
vt 0.710663 0.759973
vt 0.710663 0.821705
vt 0.850010 0.680190
vt 0.850010 0.627380
vt 0.853135 0.626607
vt 0.853135 0.679417
vt 0.838677 0.821258
vt 0.838677 0.762446
vt 0.841689 0.761922
vt 0.841689 0.820734
vt 0.608651 0.862763
vt 0.608651 0.818237
vt 0.612107 0.818374
vt 0.612107 0.862901
vt 0.984778 0.488811
vt 0.984778 0.492272
vt 0.982217 0.492218
vt 0.982217 0.488758
vt 0.982217 0.043080
vt 0.982217 0.039619
vt 0.984805 0.039591
vt 0.984805 0.043052
vt 0.812073 0.256687
vt 0.812073 0.194955
vt 0.815521 0.194970
vt 0.815521 0.256703
vt 0.375116 0.863367
vt 0.375116 0.810557
vt 0.378241 0.809784
vt 0.378241 0.862594
vt 0.765362 0.845834
vt 0.765362 0.787022
vt 0.768374 0.786498
vt 0.768374 0.845310
vt 0.869721 0.169414
vt 0.869721 0.124887
vt 0.873176 0.125025
vt 0.873176 0.169551
vt 0.984778 0.701824
vt 0.984778 0.705284
vt 0.982217 0.705231
vt 0.982217 0.701770
vt 0.982217 0.149371
vt 0.982217 0.145910
vt 0.984805 0.145882
vt 0.984805 0.149343
vt 0.059734 0.787269
vt 0.059734 0.762576
vt 0.061212 0.762582
vt 0.061212 0.787275
vt 0.529157 0.761137
vt 0.529157 0.740013
vt 0.547908 0.735374
vt 0.547908 0.756498
vt 0.271263 0.802900
vt 0.271263 0.779376
vt 0.272554 0.779151
vt 0.272554 0.802676
vt 0.315272 0.775498
vt 0.333069 0.774789
vt 0.333069 0.795539
vt 0.315272 0.796248
vt 0.306806 0.924785
vt 0.306806 0.945548
vt 0.305708 0.945525
vt 0.305708 0.924763
vt 0.940055 0.697521
vt 0.940055 0.676754
vt 0.941165 0.676742
vt 0.941165 0.697508
vt 0.960235 0.892864
vt 0.962705 0.892854
vt 0.962705 0.898764
vt 0.960235 0.898775
vt 0.045085 0.931349
vt 0.043034 0.930841
vt 0.043034 0.906006
vt 0.045085 0.906514
vt 0.083728 0.965917
vt 0.081411 0.965514
vt 0.081411 0.960272
vt 0.083728 0.960676
vt 0.731446 0.772604
vt 0.733226 0.772533
vt 0.733226 0.799212
vt 0.731446 0.799282
vt 0.910003 0.812385
vt 0.910003 0.839079
vt 0.905613 0.838988
vt 0.905613 0.812294
vt 0.676783 0.900816
vt 0.676783 0.874117
vt 0.681221 0.874068
vt 0.681221 0.900767
vt 0.411445 0.986323
vt 0.411445 0.983163
vt 0.413318 0.982331
vt 0.413318 0.985491
vt 0.723125 0.835370
vt 0.720393 0.835822
vt 0.720393 0.772985
vt 0.723125 0.772533
vt 0.650323 0.285033
vt 0.648051 0.283075
vt 0.650138 0.281799
vt 0.652410 0.283757
vt 0.055328 0.796659
vt 0.058292 0.797629
vt 0.058292 0.851640
vt 0.055328 0.850670
vt 0.648051 0.329008
vt 0.650138 0.327732
vt 0.493832 0.817070
vt 0.493832 0.867808
vt 0.491080 0.867619
vt 0.491080 0.816881
vt 0.573352 0.864504
vt 0.573352 0.839811
vt 0.574829 0.839817
vt 0.574829 0.864510
vt 0.556229 0.761137
vt 0.556229 0.740013
vt 0.574979 0.735374
vt 0.574979 0.756498
vt 0.271263 0.834971
vt 0.271263 0.811446
vt 0.272554 0.811221
vt 0.272554 0.834746
vt 0.096724 0.782490
vt 0.114521 0.781781
vt 0.114521 0.802531
vt 0.096724 0.803240
vt 0.945805 0.170364
vt 0.945805 0.191126
vt 0.944708 0.191103
vt 0.944708 0.170341
vt 0.940923 0.615076
vt 0.940923 0.594310
vt 0.942033 0.594297
vt 0.942033 0.615064
vt 0.960235 0.921349
vt 0.962705 0.921338
vt 0.962705 0.927248
vt 0.960235 0.927259
vt 0.230855 0.930459
vt 0.228804 0.929951
vt 0.228804 0.905116
vt 0.230855 0.905624
vt 0.262248 0.966203
vt 0.259931 0.965799
vt 0.259931 0.960558
vt 0.262248 0.960962
vt 0.731446 0.807674
vt 0.733226 0.807603
vt 0.733226 0.834282
vt 0.731446 0.834353
vt 0.910176 0.476391
vt 0.910176 0.503086
vt 0.905786 0.502995
vt 0.905786 0.476300
vt 0.197271 0.902570
vt 0.197271 0.875871
vt 0.201709 0.875822
vt 0.201709 0.902521
vt 0.982216 0.913939
vt 0.984982 0.913927
vt 0.984982 0.917030
vt 0.982216 0.917042
vt 0.599171 0.906283
vt 0.596875 0.905714
vt 0.596875 0.871221
vt 0.599171 0.871789
vt 0.381119 0.985535
vt 0.378524 0.985083
vt 0.378524 0.982331
vt 0.381119 0.982783
vt 0.895274 0.857827
vt 0.897267 0.857747
vt 0.897267 0.894801
vt 0.895274 0.894880
vt 0.219081 0.859720
vt 0.219081 0.896796
vt 0.216775 0.896748
vt 0.216775 0.859672
vt 0.884648 0.849427
vt 0.884648 0.812344
vt 0.886978 0.812319
vt 0.886978 0.849401
vt 0.048505 0.982343
vt 0.051270 0.982331
vt 0.051270 0.985434
vt 0.048505 0.985446
vt 0.906665 0.082603
vt 0.904368 0.082035
vt 0.904368 0.047542
vt 0.906665 0.048110
vt 0.392036 0.985535
vt 0.389440 0.985083
vt 0.389440 0.982331
vt 0.392036 0.982783
vt 0.895299 0.812373
vt 0.897292 0.812293
vt 0.897292 0.849347
vt 0.895299 0.849427
vt 0.230973 0.859720
vt 0.230973 0.896796
vt 0.228667 0.896748
vt 0.228667 0.859672
vt 0.885008 0.663715
vt 0.885008 0.626633
vt 0.887338 0.626607
vt 0.887338 0.663690
vt 0.092849 0.982343
vt 0.095615 0.982331
vt 0.095615 0.985434
vt 0.092849 0.985446
vt 0.905070 0.205402
vt 0.902773 0.204834
vt 0.902773 0.170341
vt 0.905070 0.170909
vt 0.370203 0.985535
vt 0.367607 0.985083
vt 0.367607 0.982331
vt 0.370203 0.982783
vt 0.895658 0.626687
vt 0.897651 0.626607
vt 0.897651 0.663661
vt 0.895658 0.663740
vt 0.057633 0.860008
vt 0.057633 0.897084
vt 0.055328 0.897036
vt 0.055328 0.859960
vt 0.883092 0.041268
vt 0.883092 0.004186
vt 0.885422 0.004160
vt 0.885422 0.041243
vt 0.103935 0.982343
vt 0.106701 0.982331
vt 0.106701 0.985434
vt 0.103935 0.985446
vt 0.610947 0.906283
vt 0.608651 0.905714
vt 0.608651 0.871221
vt 0.610947 0.871790
vt 0.239208 0.985535
vt 0.236612 0.985083
vt 0.236612 0.982331
vt 0.239208 0.982783
vt 0.032663 0.860632
vt 0.034656 0.860552
vt 0.034656 0.897606
vt 0.032663 0.897686
vt 0.897354 0.371001
vt 0.897354 0.408076
vt 0.895049 0.408029
vt 0.895049 0.370953
vt 0.885112 0.713850
vt 0.885112 0.676768
vt 0.887441 0.676742
vt 0.887441 0.713825
vt 0.968273 0.281257
vt 0.968273 0.277800
vt 0.971721 0.277816
vt 0.971721 0.281273
vt 0.734182 0.268169
vt 0.731311 0.267459
vt 0.731311 0.124887
vt 0.734182 0.125597
vt 0.970590 0.680560
vt 0.970590 0.677267
vt 0.973602 0.676742
vt 0.973602 0.680036
vt 0.720393 0.518488
vt 0.722884 0.518389
vt 0.722884 0.671544
vt 0.720393 0.671643
vt 0.387432 0.549361
vt 0.387432 0.702608
vt 0.384871 0.702555
vt 0.384871 0.549308
vt 0.171301 0.669374
vt 0.171301 0.516099
vt 0.173890 0.516071
vt 0.173890 0.669345
vt 0.962108 0.971160
vt 0.962108 0.967703
vt 0.965556 0.967718
vt 0.965556 0.971175
vt 0.516827 0.727053
vt 0.513956 0.726343
vt 0.513956 0.583771
vt 0.516827 0.584481
vt 0.970320 0.092662
vt 0.970320 0.089368
vt 0.973332 0.088844
vt 0.973332 0.092137
vt 0.571342 0.567385
vt 0.573834 0.567286
vt 0.573834 0.720441
vt 0.571342 0.720541
vt 0.712072 0.518442
vt 0.712072 0.671688
vt 0.709511 0.671635
vt 0.709511 0.518389
vt 0.676783 0.671692
vt 0.676783 0.518417
vt 0.679372 0.518389
vt 0.679372 0.671663
vt 0.823841 0.186619
vt 0.823841 0.124887
vt 0.827289 0.124902
vt 0.827289 0.186635
vt 0.326718 0.858152
vt 0.326718 0.805342
vt 0.329843 0.804569
vt 0.329843 0.857379
vt 0.836795 0.577725
vt 0.836795 0.518913
vt 0.839807 0.518389
vt 0.839807 0.577201
vt 0.869721 0.222398
vt 0.869721 0.177872
vt 0.873176 0.178010
vt 0.873176 0.222536
vt 0.984778 0.453309
vt 0.984778 0.456770
vt 0.982217 0.456716
vt 0.982217 0.453256
vt 0.982217 0.054890
vt 0.982217 0.051429
vt 0.984805 0.051401
vt 0.984805 0.054862
vt 0.813258 0.580121
vt 0.813258 0.518389
vt 0.816706 0.518404
vt 0.816706 0.580136
vt 0.850010 0.742094
vt 0.850010 0.689284
vt 0.853135 0.688511
vt 0.853135 0.741321
vt 0.792362 0.840078
vt 0.792362 0.781266
vt 0.795374 0.780742
vt 0.795374 0.839554
vt 0.156957 0.864965
vt 0.156957 0.820438
vt 0.160412 0.820576
vt 0.160412 0.865103
vt 0.984778 0.547981
vt 0.984778 0.551442
vt 0.982217 0.551389
vt 0.982217 0.547928
vt 0.802477 0.973714
vt 0.802477 0.970253
vt 0.805066 0.970225
vt 0.805066 0.973686
vt 0.823842 0.256687
vt 0.823842 0.194955
vt 0.827289 0.194970
vt 0.827289 0.256703
vt 0.850010 0.803998
vt 0.850010 0.751188
vt 0.853135 0.750415
vt 0.853135 0.803225
vt 0.837205 0.063497
vt 0.837205 0.004685
vt 0.840217 0.004160
vt 0.840217 0.062972
vt 0.184513 0.867363
vt 0.184513 0.822837
vt 0.187968 0.822974
vt 0.187968 0.867501
vt 0.984778 0.559815
vt 0.984778 0.563276
vt 0.982216 0.563223
vt 0.982216 0.559762
vt 0.982217 0.102131
vt 0.982217 0.098670
vt 0.984805 0.098641
vt 0.984805 0.102102
vt 0.813991 0.065893
vt 0.813991 0.004160
vt 0.817439 0.004175
vt 0.817439 0.065908
vt 0.412395 0.853593
vt 0.412395 0.800783
vt 0.415520 0.800010
vt 0.415520 0.852820
vt 0.838059 0.500531
vt 0.838059 0.441719
vt 0.841071 0.441194
vt 0.841071 0.500006
vt 0.244699 0.865036
vt 0.244699 0.820510
vt 0.248155 0.820648
vt 0.248155 0.865174
vt 0.984778 0.334969
vt 0.984778 0.338429
vt 0.982217 0.338376
vt 0.982217 0.334916
vt 0.913721 0.292987
vt 0.913721 0.289526
vt 0.916310 0.289497
vt 0.916310 0.292958
vt 0.825026 0.580121
vt 0.825026 0.518389
vt 0.828474 0.518404
vt 0.828474 0.580136
vt 0.338164 0.858152
vt 0.338164 0.805342
vt 0.341289 0.804569
vt 0.341289 0.857379
vt 0.838068 0.362632
vt 0.838068 0.303820
vt 0.841080 0.303296
vt 0.841080 0.362108
vt 0.871316 0.101672
vt 0.871316 0.057145
vt 0.874771 0.057283
vt 0.874771 0.101809
vt 0.984778 0.346803
vt 0.984778 0.350263
vt 0.982216 0.350210
vt 0.982216 0.346750
vt 0.982216 0.007650
vt 0.982216 0.004189
vt 0.984805 0.004160
vt 0.984805 0.007621
vt 0.271017 0.871501
vt 0.271017 0.846808
vt 0.272495 0.846814
vt 0.272495 0.871507
vt 0.315272 0.766468
vt 0.315272 0.745344
vt 0.334023 0.740705
vt 0.334023 0.761829
vt 0.932748 0.497964
vt 0.932748 0.474439
vt 0.934039 0.474214
vt 0.934039 0.497739
vt 0.352225 0.780714
vt 0.370021 0.780004
vt 0.370021 0.800754
vt 0.352225 0.801464
vt 0.943471 0.812316
vt 0.943471 0.833079
vt 0.942374 0.833056
vt 0.942374 0.812294
vt 0.939840 0.745507
vt 0.939840 0.724741
vt 0.940949 0.724729
vt 0.940949 0.745495
vt 0.960235 0.907106
vt 0.962705 0.907096
vt 0.962705 0.913006
vt 0.960235 0.913017
vt 0.057379 0.930746
vt 0.055328 0.930239
vt 0.055328 0.905404
vt 0.057379 0.905911
vt 0.791077 0.965869
vt 0.788759 0.965465
vt 0.788759 0.960224
vt 0.791077 0.960628
vt 0.926010 0.559262
vt 0.927790 0.559191
vt 0.927790 0.585870
vt 0.926010 0.585941
vt 0.909979 0.857838
vt 0.909979 0.884533
vt 0.905588 0.884442
vt 0.905588 0.857747
vt 0.873232 0.802498
vt 0.873232 0.775799
vt 0.877670 0.775750
vt 0.877670 0.802449
vt 0.689541 0.933830
vt 0.689541 0.909137
vt 0.691019 0.909143
vt 0.691019 0.933836
vt 0.069635 0.772748
vt 0.069635 0.751624
vt 0.088386 0.746985
vt 0.088386 0.768109
vt 0.932757 0.323182
vt 0.932757 0.299657
vt 0.934048 0.299432
vt 0.934048 0.322957
vt 0.379296 0.780714
vt 0.397093 0.780004
vt 0.397093 0.800754
vt 0.379296 0.801464
vt 0.946820 0.559214
vt 0.946820 0.579976
vt 0.945722 0.579953
vt 0.945722 0.559191
vt 0.756847 0.255008
vt 0.756847 0.234242
vt 0.757956 0.234230
vt 0.757956 0.254996
vt 0.960442 0.331841
vt 0.962911 0.331830
vt 0.962911 0.337741
vt 0.960442 0.337752
vt 0.932336 0.651950
vt 0.930285 0.651442
vt 0.930285 0.626607
vt 0.932336 0.627115
vt 0.611467 0.966181
vt 0.609149 0.965778
vt 0.609149 0.960536
vt 0.611467 0.960940
vt 0.924637 0.248766
vt 0.926417 0.248695
vt 0.926417 0.275373
vt 0.924637 0.275444
vt 0.808086 0.883872
vt 0.808086 0.910567
vt 0.803695 0.910476
vt 0.803695 0.883781
vt 0.740591 0.899875
vt 0.740591 0.873175
vt 0.745029 0.873126
vt 0.745029 0.899826
vt 0.918324 0.840526
vt 0.924250 0.840500
vt 0.924250 0.847396
vt 0.918324 0.847422
vt 0.534079 0.910650
vt 0.529157 0.909432
vt 0.529157 0.886437
vt 0.534079 0.887654
vt 0.924350 0.668422
vt 0.918787 0.667453
vt 0.918787 0.661338
vt 0.924350 0.662307
vt 0.516208 0.885344
vt 0.520479 0.885174
vt 0.520479 0.909876
vt 0.516208 0.910046
vt 0.507887 0.885280
vt 0.507887 0.909997
vt 0.502764 0.909891
vt 0.502764 0.885174
vt 0.705494 0.907789
vt 0.705494 0.883067
vt 0.710671 0.883010
vt 0.710671 0.907732
vt 0.336654 0.731654
vt 0.339783 0.729411
vt 0.340147 0.732350
vt 0.336654 0.727461
vt 0.284506 0.947580
vt 0.281058 0.945932
vt 0.283569 0.943676
vt 0.286795 0.944550
vt 0.286795 0.947568
vt 0.340033 0.726191
vt 0.930169 0.714852
vt 0.930169 0.711848
vt 0.933353 0.712380
vt 0.281354 0.942279
vt 0.285196 0.941396
vt 0.959552 0.284078
vt 0.956624 0.282540
vt 0.959952 0.280901
vt 0.342552 0.729196
vt 0.933643 0.716362
vt 0.955550 0.010486
vt 0.955877 0.007105
vt 0.959030 0.009378
vt 0.956624 0.278822
vt 0.958261 0.539855
vt 0.954621 0.538894
vt 0.957757 0.537294
vt 0.958261 0.533386
vt 0.954698 0.535199
vt 0.955550 0.004160
vt 0.959046 0.005676
vt 0.959587 0.277800
vt 0.994977 0.765563
vt 0.993324 0.765957
vt 0.993538 0.764453
vt 0.769993 0.985404
vt 0.768590 0.985073
vt 0.769971 0.984066
vt 0.994977 0.763858
vt 0.767600 0.984225
vt 0.768523 0.983335
vt 0.832384 0.984576
vt 0.832384 0.983063
vt 0.833774 0.983685
vt 0.832190 0.985985
vt 0.833943 0.985485
vt 0.779808 0.984441
vt 0.778313 0.985388
vt 0.778400 0.983725
vt 0.780701 0.983462
vt 0.779716 0.982773
vt 0.769993 0.982331
vt 0.993324 0.393638
vt 0.993453 0.391842
vt 0.994869 0.392564
vt 0.994903 0.593565
vt 0.993324 0.593152
vt 0.994747 0.592503
vt 0.833943 0.982331
vt 0.993324 0.390592
vt 0.994838 0.390983
vt 0.778313 0.982331
vt 0.993374 0.591495
vt 0.994903 0.590938
vt 0.959314 0.709243
vt 0.959289 0.706106
vt 0.961927 0.707926
vt 0.015622 0.962361
vt 0.015606 0.959934
vt 0.018270 0.961540
vt 0.962331 0.710479
vt 0.015606 0.956969
vt 0.018661 0.958026
vt 0.955778 0.358784
vt 0.953282 0.360300
vt 0.953722 0.356994
vt 0.962331 0.704975
vt 0.959256 0.844708
vt 0.959577 0.847834
vt 0.956502 0.846237
vt 0.959577 0.841399
vt 0.956256 0.842879
vt 0.950639 0.361387
vt 0.950639 0.358399
vt 0.954840 0.355804
vt 0.561575 0.946494
vt 0.559130 0.948002
vt 0.559034 0.944791
vt 0.228804 0.964652
vt 0.228804 0.960829
vt 0.231847 0.962534
vt 0.556221 0.949406
vt 0.556257 0.946311
vt 0.556221 0.943527
vt 0.231589 0.959625
vt 0.951583 0.355553
vt 0.875594 0.984975
vt 0.875482 0.983470
vt 0.876802 0.983946
vt 0.874159 0.984126
vt 0.994783 0.658011
vt 0.994472 0.659319
vt 0.993324 0.658719
vt 0.993324 0.656888
vt 0.994729 0.656688
vt 0.874507 0.982331
vt 0.876384 0.982331
vt 0.994922 0.348473
vt 0.993545 0.347905
vt 0.994951 0.346934
vt 0.193601 0.985399
vt 0.192632 0.983876
vt 0.194096 0.983947
vt 0.994953 0.334983
vt 0.995032 0.336808
vt 0.993466 0.335673
vt 0.993324 0.346244
vt 0.193386 0.982331
vt 0.993324 0.337175
vt 0.993324 0.334285
vt 0.995039 0.681031
vt 0.993324 0.680304
vt 0.994953 0.679078
vt 0.994951 0.345496
vt 0.195375 0.982606
vt 0.195375 0.984552
vt 0.993324 0.678688
vt 0.959590 0.506890
vt 0.956432 0.509078
vt 0.956432 0.504922
vt 0.959417 0.509878
vt 0.959382 0.503313
vt 0.896129 0.956238
vt 0.893026 0.958142
vt 0.893257 0.954783
vt 0.896129 0.952371
vt 0.058932 0.961980
vt 0.055328 0.964130
vt 0.055328 0.959913
vt 0.418169 0.942117
vt 0.418169 0.946367
vt 0.415400 0.944164
vt 0.188007 0.957720
vt 0.188007 0.961902
vt 0.184845 0.959811
vt 0.891337 0.955058
vt 0.892821 0.952347
vt 0.414229 0.947751
vt 0.414079 0.941030
vt 0.184513 0.956917
vt 0.515444 0.945202
vt 0.517566 0.943426
vt 0.517379 0.946507
vt 0.515960 0.948867
vt 0.520007 0.948867
vt 0.412395 0.944412
vt 0.520379 0.942264
vt 0.520298 0.945166
vt 0.993455 0.291552
vt 0.994909 0.290375
vt 0.995228 0.291777
vt 0.993324 0.289503
vt 0.681193 0.984850
vt 0.680241 0.983719
vt 0.681328 0.982898
vt 0.682610 0.983877
vt 0.682561 0.985541
vt 0.995228 0.289022
vt 0.715299 0.983993
vt 0.715346 0.985288
vt 0.713915 0.984827
vt 0.715346 0.982331
vt 0.713907 0.983161
vt 0.682610 0.982331
vt 0.993324 0.223976
vt 0.993345 0.222112
vt 0.994822 0.222759
vt 0.993454 0.325965
vt 0.993324 0.324561
vt 0.994897 0.325345
vt 0.995036 0.269252
vt 0.993382 0.268556
vt 0.994766 0.267556
vt 0.994657 0.221058
vt 0.995155 0.223976
vt 0.994897 0.323605
vt 0.712789 0.983765
vt 0.993324 0.266817
vt 0.995036 0.266242
vt 0.993365 0.322911
vt 0.199681 0.961969
vt 0.196327 0.961205
vt 0.199537 0.959062
vt 0.954099 0.143794
vt 0.955478 0.141105
vt 0.957835 0.143794
vt 0.953823 0.139940
vt 0.956261 0.138371
vt 0.958598 0.140223
vt 0.705596 0.961906
vt 0.705494 0.958608
vt 0.708869 0.960693
vt 0.196791 0.957630
vt 0.970593 0.504900
vt 0.970653 0.507890
vt 0.967911 0.506510
vt 0.006948 0.963850
vt 0.004160 0.964540
vt 0.004195 0.962134
vt 0.706225 0.955778
vt 0.708869 0.956883
vt 0.914985 0.080485
vt 0.914985 0.077008
vt 0.917424 0.079689
vt 0.199681 0.956917
vt 0.967911 0.503313
vt 0.007167 0.960393
vt 0.918529 0.076573
vt 0.920491 0.078950
vt 0.920602 0.076003
vt 0.004160 0.959378
vt 0.917426 0.074608
vt 0.994697 0.669880
vt 0.993324 0.669171
vt 0.994697 0.668292
vt 0.993423 0.670368
vt 0.671621 0.984872
vt 0.671920 0.986099
vt 0.670236 0.985444
vt 0.670042 0.983845
vt 0.671920 0.983080
vt 0.994738 0.132848
vt 0.993324 0.132558
vt 0.994822 0.131622
vt 0.993387 0.667640
vt 0.865606 0.984042
vt 0.865839 0.985819
vt 0.863976 0.985111
vt 0.865839 0.982331
vt 0.864281 0.983331
vt 0.670308 0.982331
vt 0.995657 0.131678
vt 0.993324 0.359735
vt 0.993324 0.358142
vt 0.994982 0.359108
vt 0.993324 0.087458
vt 0.993699 0.085606
vt 0.995266 0.086569
vt 0.993324 0.130478
vt 0.993389 0.356794
vt 0.994656 0.357207
vt 0.993324 0.084302
vt 0.994991 0.084975
vt 0.994890 0.130314
vt 0.126511 0.948263
vt 0.125036 0.945509
vt 0.128196 0.945232
vt 0.122602 0.948205
vt 0.962000 0.092143
vt 0.961756 0.095163
vt 0.958926 0.094126
vt 0.958807 0.090126
vt 0.962000 0.088844
vt 0.122602 0.944302
vt 0.125850 0.942225
vt 0.299737 0.960053
vt 0.296544 0.958371
vt 0.299620 0.956482
vt 0.468795 0.948122
vt 0.464900 0.948122
vt 0.467232 0.945449
vt 0.957267 0.216935
vt 0.957350 0.212771
vt 0.960574 0.214878
vt 0.296290 0.954550
vt 0.463807 0.944463
vt 0.960886 0.211598
vt 0.960886 0.217451
vt 0.692994 0.961911
vt 0.689541 0.960126
vt 0.692582 0.957917
vt 0.299737 0.953868
vt 0.466713 0.942052
vt 0.469569 0.944329
vt 0.689541 0.957043
vt 0.615120 0.985339
vt 0.616371 0.983905
vt 0.617063 0.985339
vt 0.614907 0.983451
vt 0.205115 0.985248
vt 0.203696 0.984127
vt 0.205124 0.983394
vt 0.206577 0.984076
vt 0.982217 0.871123
vt 0.982369 0.869955
vt 0.983832 0.870579
vt 0.616352 0.982331
vt 0.617586 0.983690
vt 0.204205 0.982331
vt 0.206264 0.982331
vt 0.983733 0.869079
vt 0.994839 0.817289
vt 0.993324 0.816410
vt 0.994839 0.815314
vt 0.994993 0.786615
vt 0.993324 0.786416
vt 0.994903 0.785086
vt 0.982217 0.868054
vt 0.984985 0.869310
vt 0.994828 0.525426
vt 0.994828 0.527144
vt 0.993324 0.526143
vt 0.993370 0.524729
vt 0.993324 0.784644
vt 0.983813 0.867888
vt 0.993493 0.527579
vt 0.932575 0.836987
vt 0.932575 0.812294
vt 0.934053 0.812300
vt 0.934053 0.836993
vt 0.096724 0.773461
vt 0.096724 0.752337
vt 0.115475 0.747698
vt 0.115475 0.768822
vt 0.936111 0.582941
vt 0.936111 0.559416
vt 0.937402 0.559191
vt 0.937402 0.582716
vt 0.439011 0.788712
vt 0.456807 0.788003
vt 0.456807 0.808753
vt 0.439011 0.809462
vt 0.943534 0.370976
vt 0.943534 0.391738
vt 0.942436 0.391715
vt 0.942436 0.370953
vt 0.756847 0.284107
vt 0.756847 0.263341
vt 0.757956 0.263329
vt 0.757956 0.284095
vt 0.960156 0.607315
vt 0.962626 0.607304
vt 0.962626 0.613215
vt 0.960156 0.613225
vt 0.061106 0.752925
vt 0.059056 0.752418
vt 0.059056 0.727583
vt 0.061106 0.728090
vt 0.764390 0.965952
vt 0.762072 0.965548
vt 0.762072 0.960307
vt 0.764390 0.960711
vt 0.926420 0.004231
vt 0.928199 0.004160
vt 0.928199 0.030839
vt 0.926420 0.030910
vt 0.910794 0.770264
vt 0.910794 0.796958
vt 0.906404 0.796867
vt 0.906404 0.770173
vt 0.489394 0.902877
vt 0.489394 0.876177
vt 0.493832 0.876128
vt 0.493832 0.902828
vt 0.450791 0.934108
vt 0.450791 0.909415
vt 0.452269 0.909421
vt 0.452269 0.934114
vt 0.124928 0.764731
vt 0.124928 0.743607
vt 0.143679 0.738968
vt 0.143679 0.760092
vt 0.936520 0.027910
vt 0.936520 0.004385
vt 0.937811 0.004160
vt 0.937811 0.027685
vt 0.676783 0.784888
vt 0.694579 0.784179
vt 0.694579 0.804929
vt 0.676783 0.805638
vt 0.943534 0.403996
vt 0.943534 0.424758
vt 0.942436 0.424735
vt 0.942436 0.403973
vt 0.941209 0.352609
vt 0.941209 0.331842
vt 0.942318 0.331830
vt 0.942318 0.352596
vt 0.961070 0.066017
vt 0.963539 0.066006
vt 0.963539 0.071917
vt 0.961070 0.071928
vt 0.034714 0.931349
vt 0.032663 0.930841
vt 0.032663 0.906006
vt 0.034714 0.906514
vt 0.034981 0.966160
vt 0.032663 0.965756
vt 0.032663 0.960515
vt 0.034981 0.960919
vt 0.925492 0.518460
vt 0.927271 0.518389
vt 0.927271 0.545067
vt 0.925492 0.545138
vt 0.909985 0.724820
vt 0.909985 0.751514
vt 0.905594 0.751423
vt 0.905594 0.724729
vt 0.467518 0.900068
vt 0.467518 0.873369
vt 0.471956 0.873320
vt 0.471956 0.900020
vt 0.115021 0.982343
vt 0.117787 0.982331
vt 0.117787 0.985434
vt 0.115021 0.985446
vt 0.906255 0.553450
vt 0.903958 0.552882
vt 0.903958 0.518389
vt 0.906255 0.518957
vt 0.271957 0.985535
vt 0.269361 0.985083
vt 0.269361 0.982331
vt 0.271957 0.982783
vt 0.412395 0.861993
vt 0.414388 0.861913
vt 0.414388 0.898967
vt 0.412395 0.899046
vt 0.897474 0.303344
vt 0.897474 0.340419
vt 0.895169 0.340371
vt 0.895169 0.303296
vt 0.881497 0.207424
vt 0.881497 0.170342
vt 0.883827 0.170316
vt 0.883827 0.207398
vt 0.059591 0.982343
vt 0.062356 0.982331
vt 0.062356 0.985434
vt 0.059591 0.985446
vt 0.906665 0.039222
vt 0.904368 0.038653
vt 0.904368 0.004160
vt 0.906665 0.004728
vt 0.282873 0.985535
vt 0.280277 0.985083
vt 0.280277 0.982331
vt 0.282873 0.982783
vt 0.895762 0.676822
vt 0.897755 0.676742
vt 0.897755 0.713796
vt 0.895762 0.713875
vt 0.894453 0.170379
vt 0.894453 0.207455
vt 0.892147 0.207407
vt 0.892147 0.170331
vt 0.816406 0.873919
vt 0.816406 0.836837
vt 0.818736 0.836811
vt 0.818736 0.873894
vt 0.070677 0.982343
vt 0.073443 0.982331
vt 0.073443 0.985434
vt 0.070677 0.985446
vt 0.906255 0.598894
vt 0.903958 0.598326
vt 0.903958 0.563833
vt 0.906255 0.564401
vt 0.228292 0.985535
vt 0.225696 0.985083
vt 0.225696 0.982331
vt 0.228292 0.982783
vt 0.042977 0.860632
vt 0.044970 0.860552
vt 0.044970 0.897606
vt 0.042977 0.897686
vt 0.894783 0.248742
vt 0.894783 0.285818
vt 0.892478 0.285770
vt 0.892478 0.248695
vt 0.881827 0.285803
vt 0.881827 0.248720
vt 0.884157 0.248695
vt 0.884157 0.285777
vt 0.081763 0.982343
vt 0.084529 0.982331
vt 0.084529 0.985434
vt 0.081763 0.985446
vt 0.755879 0.906053
vt 0.753582 0.905485
vt 0.753582 0.870992
vt 0.755879 0.871560
vt 0.250124 0.985535
vt 0.247529 0.985083
vt 0.247529 0.982331
vt 0.250124 0.982783
vt 0.792476 0.463265
vt 0.794469 0.463186
vt 0.794469 0.500240
vt 0.792476 0.500319
vt 0.886954 0.857795
vt 0.886954 0.894871
vt 0.884648 0.894823
vt 0.884648 0.857747
vt 0.881497 0.161995
vt 0.881497 0.124913
vt 0.883827 0.124887
vt 0.883827 0.161970
vt 0.136705 0.597656
vt 0.140162 0.597641
vt 0.140162 0.730632
vt 0.136705 0.730648
vt 0.139567 0.973983
vt 0.136696 0.973272
vt 0.136696 0.970053
vt 0.139567 0.970763
vt 0.059038 0.719262
vt 0.055793 0.718697
vt 0.055793 0.600769
vt 0.059038 0.601334
vt 0.982217 0.749206
vt 0.984708 0.749107
vt 0.984708 0.752565
vt 0.982217 0.752664
vt 0.753582 0.626679
vt 0.757042 0.626607
vt 0.757042 0.725424
vt 0.753582 0.725495
vt 0.405445 0.618675
vt 0.408906 0.618713
vt 0.408906 0.718573
vt 0.405445 0.718534
vt 0.107916 0.596110
vt 0.111373 0.596095
vt 0.111373 0.729087
vt 0.107916 0.729102
vt 0.973667 0.774102
vt 0.970796 0.773392
vt 0.970796 0.770173
vt 0.973667 0.770883
vt 0.342552 0.717871
vt 0.339307 0.717306
vt 0.339307 0.599378
vt 0.342552 0.599943
vt 0.982217 0.796719
vt 0.984708 0.796619
vt 0.984708 0.800078
vt 0.982217 0.800177
vt 0.753625 0.303367
vt 0.757084 0.303296
vt 0.757084 0.402112
vt 0.753625 0.402184
vt 0.718957 0.004160
vt 0.722418 0.004198
vt 0.722418 0.104058
vt 0.718957 0.104020
vt 0.814845 0.502926
vt 0.814845 0.441194
vt 0.818293 0.441209
vt 0.818293 0.502942
vt 0.386562 0.863368
vt 0.386562 0.810557
vt 0.389687 0.809784
vt 0.389687 0.862594
vt 0.838068 0.430290
vt 0.838068 0.371478
vt 0.841080 0.370953
vt 0.841080 0.429765
vt 0.281058 0.865559
vt 0.281058 0.821033
vt 0.284513 0.821171
vt 0.284513 0.865697
vt 0.984778 0.713658
vt 0.984778 0.717118
vt 0.982217 0.717065
vt 0.982217 0.713604
vt 0.982217 0.113941
vt 0.982217 0.110480
vt 0.984805 0.110451
vt 0.984805 0.113913
vt 0.803695 0.688339
vt 0.803695 0.626607
vt 0.807143 0.626622
vt 0.807143 0.688355
vt 0.858275 0.178470
vt 0.858275 0.125660
vt 0.861400 0.124887
vt 0.861400 0.177697
vt 0.136696 0.832388
vt 0.136696 0.773576
vt 0.139708 0.773052
vt 0.139708 0.831864
vt 0.872623 0.415480
vt 0.872623 0.370953
vt 0.876078 0.371091
vt 0.876078 0.415617
vt 0.984778 0.512479
vt 0.984778 0.515940
vt 0.982217 0.515887
vt 0.982217 0.512426
vt 0.982217 0.255663
vt 0.982217 0.252202
vt 0.984805 0.252173
vt 0.984805 0.255634
vt 0.814854 0.365028
vt 0.814854 0.303296
vt 0.818302 0.303311
vt 0.818302 0.365043
vt 0.858275 0.240374
vt 0.858275 0.187564
vt 0.861400 0.186791
vt 0.861400 0.239601
vt 0.846943 0.184224
vt 0.846943 0.125412
vt 0.849955 0.124887
vt 0.849955 0.183699
vt 0.870051 0.293221
vt 0.870051 0.248695
vt 0.873507 0.248832
vt 0.873507 0.293359
vt 0.984778 0.465143
vt 0.984778 0.468604
vt 0.982217 0.468550
vt 0.982217 0.465090
vt 0.982217 0.161182
vt 0.982217 0.157721
vt 0.984805 0.157692
vt 0.984805 0.161153
vt 0.803695 0.828475
vt 0.803695 0.766743
vt 0.807143 0.766758
vt 0.807143 0.828491
vt 0.859460 0.571972
vt 0.859460 0.519162
vt 0.862585 0.518389
vt 0.862585 0.571199
vt 0.846943 0.251881
vt 0.846943 0.193069
vt 0.849955 0.192544
vt 0.849955 0.251357
vt 0.870906 0.562915
vt 0.870906 0.518389
vt 0.874361 0.518526
vt 0.874361 0.563053
vt 0.984778 0.394139
vt 0.984778 0.397599
vt 0.982217 0.397546
vt 0.982217 0.394086
vt 0.982217 0.172992
vt 0.982217 0.169531
vt 0.984805 0.169502
vt 0.984805 0.172963
vt 0.469442 0.326134
vt 0.469442 0.301441
vt 0.490130 0.301532
vt 0.490130 0.326225
vt 0.936520 0.057686
vt 0.936520 0.036562
vt 0.937859 0.036230
vt 0.937859 0.057355
vt 0.184513 0.750653
vt 0.184513 0.727128
vt 0.202585 0.723980
vt 0.202585 0.747505
vt 0.765578 0.616144
vt 0.765578 0.598334
vt 0.767059 0.598393
vt 0.767059 0.616203
vt 0.950353 0.594328
vt 0.951836 0.594298
vt 0.951836 0.609669
vt 0.950353 0.609700
vt 0.949485 0.700613
vt 0.950969 0.700629
vt 0.950969 0.716163
vt 0.949485 0.716147
vt 0.816406 0.882251
vt 0.818876 0.882240
vt 0.818876 0.908838
vt 0.816406 0.908849
vt 0.046988 0.960042
vt 0.044937 0.959535
vt 0.044937 0.954016
vt 0.046988 0.954523
vt 0.283375 0.933076
vt 0.281058 0.932672
vt 0.281058 0.909087
vt 0.283375 0.909490
vt 0.965113 0.414035
vt 0.966893 0.413964
vt 0.966893 0.419892
vt 0.965113 0.419963
vt 0.918387 0.371076
vt 0.924317 0.370953
vt 0.924317 0.390716
vt 0.918387 0.390839
vt 0.905588 0.892854
vt 0.911521 0.892919
vt 0.911521 0.912891
vt 0.905588 0.912825
vt 0.873232 0.724741
vt 0.875997 0.724729
vt 0.875997 0.767417
vt 0.873232 0.767430
vt 0.498432 0.985797
vt 0.496136 0.985229
vt 0.496136 0.982331
vt 0.498432 0.982899
vt 0.565031 0.878116
vt 0.562435 0.877664
vt 0.562435 0.839811
vt 0.565031 0.840263
vt 0.927562 0.982411
vt 0.929555 0.982331
vt 0.929555 0.985444
vt 0.927562 0.985523
vt 0.583300 0.872615
vt 0.586414 0.872550
vt 0.586414 0.904269
vt 0.583300 0.904333
vt 0.069635 0.870957
vt 0.072749 0.870992
vt 0.072749 0.903045
vt 0.069635 0.903011
vt 0.873562 0.812331
vt 0.876328 0.812319
vt 0.876328 0.855007
vt 0.873562 0.855019
vt 0.445347 0.985797
vt 0.443050 0.985229
vt 0.443050 0.982331
vt 0.445347 0.982899
vt 0.531753 0.878116
vt 0.529157 0.877664
vt 0.529157 0.839811
vt 0.531753 0.840263
vt 0.937876 0.982411
vt 0.939869 0.982331
vt 0.939869 0.985444
vt 0.937876 0.985523
vt 0.004160 0.872683
vt 0.007274 0.872618
vt 0.007274 0.904337
vt 0.004160 0.904402
vt 0.894968 0.770173
vt 0.898083 0.770207
vt 0.898083 0.802261
vt 0.894968 0.802226
vt 0.838677 0.829591
vt 0.841443 0.829579
vt 0.841443 0.872268
vt 0.838677 0.872280
vt 0.455964 0.985797
vt 0.453667 0.985228
vt 0.453667 0.982331
vt 0.455964 0.982899
vt 0.543199 0.878116
vt 0.540603 0.877664
vt 0.540603 0.839811
vt 0.543199 0.840263
vt 0.993324 0.038777
vt 0.995317 0.038698
vt 0.995317 0.041810
vt 0.993324 0.041890
vt 0.777130 0.872804
vt 0.780244 0.872739
vt 0.780244 0.904458
vt 0.777130 0.904523
vt 0.777347 0.585994
vt 0.780461 0.586028
vt 0.780461 0.618082
vt 0.777347 0.618048
vt 0.315272 0.599393
vt 0.318729 0.599378
vt 0.318729 0.732370
vt 0.315272 0.732385
vt 0.283929 0.974011
vt 0.281058 0.973300
vt 0.281058 0.970081
vt 0.283929 0.970791
vt 0.047473 0.719262
vt 0.044228 0.718697
vt 0.044228 0.600769
vt 0.047473 0.601334
vt 0.982216 0.808597
vt 0.984708 0.808497
vt 0.984708 0.811956
vt 0.982216 0.812055
vt 0.753625 0.410576
vt 0.757084 0.410504
vt 0.757084 0.509321
vt 0.753625 0.509392
vt 0.730738 0.004160
vt 0.734199 0.004198
vt 0.734199 0.104058
vt 0.730738 0.104020
vt 0.124928 0.597656
vt 0.128385 0.597641
vt 0.128385 0.730632
vt 0.124928 0.730648
vt 0.973638 0.694916
vt 0.970767 0.694206
vt 0.970767 0.690986
vt 0.973638 0.691697
vt 0.035908 0.719262
vt 0.032663 0.718697
vt 0.032663 0.600769
vt 0.035908 0.601334
vt 0.982217 0.820475
vt 0.984708 0.820376
vt 0.984708 0.823834
vt 0.982217 0.823933
vt 0.753798 0.518460
vt 0.757258 0.518389
vt 0.757258 0.617205
vt 0.753798 0.617277
vt 0.742017 0.518389
vt 0.745478 0.518427
vt 0.745478 0.618287
vt 0.742017 0.618248
vt 0.815463 0.828476
vt 0.815463 0.766743
vt 0.818911 0.766758
vt 0.818911 0.828491
vt 0.315272 0.858152
vt 0.315272 0.805342
vt 0.318397 0.804569
vt 0.318397 0.857379
vt 0.848127 0.577725
vt 0.848127 0.518913
vt 0.851140 0.518389
vt 0.851140 0.577201
vt 0.870906 0.615900
vt 0.870906 0.571373
vt 0.874361 0.571511
vt 0.874361 0.616038
vt 0.984778 0.725492
vt 0.984778 0.728952
vt 0.982217 0.728899
vt 0.982217 0.725438
vt 0.705494 0.973716
vt 0.705494 0.970255
vt 0.708082 0.970226
vt 0.708082 0.973687
vt 0.803695 0.758407
vt 0.803695 0.696675
vt 0.807143 0.696690
vt 0.807143 0.758423
vt 0.398008 0.863368
vt 0.398008 0.810557
vt 0.401133 0.809784
vt 0.401133 0.862594
vt 0.838677 0.685944
vt 0.838677 0.627132
vt 0.841690 0.626607
vt 0.841690 0.685419
vt 0.707215 0.874552
vt 0.707215 0.830025
vt 0.710671 0.830163
vt 0.710671 0.874690
vt 0.984778 0.524313
vt 0.984778 0.527774
vt 0.982216 0.527721
vt 0.982216 0.524260
vt 0.982217 0.267473
vt 0.982217 0.264012
vt 0.984805 0.263983
vt 0.984805 0.267444
vt 0.815463 0.688340
vt 0.815463 0.626607
vt 0.818911 0.626622
vt 0.818911 0.688355
vt 0.859870 0.057744
vt 0.859870 0.004933
vt 0.862995 0.004160
vt 0.862995 0.056970
vt 0.259931 0.838488
vt 0.259931 0.779675
vt 0.262943 0.779151
vt 0.262943 0.837963
vt 0.872733 0.485721
vt 0.872733 0.441194
vt 0.876189 0.441332
vt 0.876189 0.485858
vt 0.984778 0.678155
vt 0.984778 0.681616
vt 0.982217 0.681563
vt 0.982217 0.678102
vt 0.982217 0.019460
vt 0.982217 0.015999
vt 0.984805 0.015970
vt 0.984805 0.019431
vt 0.803077 0.502926
vt 0.803077 0.441194
vt 0.806525 0.441209
vt 0.806525 0.502942
vt 0.352225 0.863368
vt 0.352225 0.810557
vt 0.355350 0.809784
vt 0.355350 0.862594
vt 0.848538 0.063497
vt 0.848538 0.004685
vt 0.851550 0.004160
vt 0.851550 0.062972
vt 0.871316 0.048687
vt 0.871316 0.004160
vt 0.874771 0.004298
vt 0.874771 0.048825
vt 0.984778 0.299467
vt 0.984778 0.302927
vt 0.982216 0.302874
vt 0.982216 0.299414
vt 0.434601 0.973578
vt 0.434601 0.970117
vt 0.437190 0.970088
vt 0.437190 0.973549
vt 0.498450 0.326134
vt 0.498450 0.301441
vt 0.519138 0.301532
vt 0.519138 0.326225
vt 0.937806 0.233053
vt 0.937806 0.211929
vt 0.939145 0.211598
vt 0.939145 0.232722
vt 0.032663 0.754255
vt 0.032663 0.730730
vt 0.050735 0.727583
vt 0.050735 0.751108
vt 0.731311 0.294300
vt 0.731311 0.276490
vt 0.732792 0.276549
vt 0.732792 0.294359
vt 0.950432 0.892884
vt 0.951915 0.892853
vt 0.951915 0.908225
vt 0.950432 0.908256
vt 0.949485 0.676742
vt 0.950969 0.676759
vt 0.950969 0.692292
vt 0.949485 0.692276
vt 0.919115 0.770184
vt 0.921584 0.770173
vt 0.921584 0.796771
vt 0.919115 0.796782
vt 0.046988 0.945695
vt 0.044937 0.945188
vt 0.044937 0.939669
vt 0.046988 0.940176
vt 0.159274 0.932481
vt 0.156957 0.932077
vt 0.156957 0.908492
vt 0.159274 0.908895
vt 0.270569 0.960629
vt 0.272349 0.960558
vt 0.272349 0.966487
vt 0.270569 0.966558
vt 0.918386 0.399283
vt 0.924317 0.399160
vt 0.924317 0.418923
vt 0.918386 0.419046
vt 0.788759 0.893828
vt 0.794692 0.893893
vt 0.794692 0.913865
vt 0.788759 0.913800
vt 0.827232 0.837680
vt 0.829997 0.837667
vt 0.829997 0.880356
vt 0.827232 0.880368
vt 0.466581 0.985797
vt 0.464284 0.985229
vt 0.464284 0.982331
vt 0.466581 0.982899
vt 0.554115 0.878116
vt 0.551519 0.877664
vt 0.551519 0.839811
vt 0.554115 0.840263
vt 0.968817 0.982411
vt 0.970810 0.982331
vt 0.970810 0.985444
vt 0.968817 0.985523
vt 0.397179 0.871753
vt 0.400293 0.871688
vt 0.400293 0.903407
vt 0.397179 0.903471
vt 0.450791 0.869006
vt 0.453906 0.869040
vt 0.453906 0.901094
vt 0.450791 0.901060
vt 0.663340 0.838053
vt 0.666105 0.838041
vt 0.666105 0.880730
vt 0.663340 0.880742
vt 0.434729 0.985797
vt 0.432433 0.985229
vt 0.432433 0.982331
vt 0.434729 0.982899
vt 0.127524 0.877474
vt 0.124928 0.877022
vt 0.124928 0.839169
vt 0.127524 0.839621
vt 0.993324 0.050290
vt 0.995317 0.050210
vt 0.995317 0.053323
vt 0.993324 0.053402
vt 0.861786 0.872492
vt 0.864900 0.872428
vt 0.864900 0.904146
vt 0.861786 0.904211
vt 0.835610 0.262612
vt 0.838725 0.262647
vt 0.838725 0.294701
vt 0.835610 0.294666
vt 0.296290 0.838276
vt 0.299055 0.838264
vt 0.299055 0.880953
vt 0.296290 0.880965
vt 0.477198 0.985797
vt 0.474901 0.985229
vt 0.474901 0.982331
vt 0.477198 0.982899
vt 0.173897 0.878922
vt 0.171301 0.878470
vt 0.171301 0.840617
vt 0.173897 0.841069
vt 0.948189 0.982411
vt 0.950183 0.982331
vt 0.950183 0.985444
vt 0.948189 0.985523
vt 0.850010 0.872492
vt 0.853124 0.872428
vt 0.853124 0.904146
vt 0.850010 0.904211
vt 0.015606 0.870534
vt 0.018721 0.870568
vt 0.018721 0.902622
vt 0.015606 0.902587
vt 0.699019 0.116103
vt 0.695065 0.116092
vt 0.695065 0.004160
vt 0.699019 0.004171
vt 0.641521 0.664833
vt 0.637638 0.665111
vt 0.637638 0.506903
vt 0.641521 0.506625
vt 0.754067 0.125183
vt 0.757986 0.124887
vt 0.757986 0.218888
vt 0.754067 0.219185
vt 0.662113 0.303296
vt 0.666068 0.303299
vt 0.666068 0.473252
vt 0.662113 0.473249
vt 0.237266 0.004160
vt 0.237266 0.174214
vt 0.124928 0.174337
vt 0.124928 0.004282
vt 0.004160 0.352603
vt 0.004160 0.182518
vt 0.116427 0.182601
vt 0.116427 0.352686
vt 0.327050 0.599388
vt 0.330987 0.599378
vt 0.330987 0.711803
vt 0.327050 0.711813
vt 0.649841 0.340014
vt 0.653793 0.340010
vt 0.653793 0.510064
vt 0.649841 0.510068
vt 0.710637 0.116142
vt 0.707340 0.115893
vt 0.707340 0.004160
vt 0.710637 0.004409
vt 0.666062 0.294975
vt 0.662113 0.294972
vt 0.662113 0.124887
vt 0.666062 0.124890
vt 0.004160 0.174113
vt 0.004160 0.004160
vt 0.116607 0.004245
vt 0.116607 0.174198
vt 0.235313 0.182657
vt 0.235313 0.340866
vt 0.124928 0.348774
vt 0.124928 0.190566
vt 0.563022 0.340010
vt 0.563022 0.453570
vt 0.502764 0.386296
vt 0.434859 0.340010
vt 0.434620 0.430884
vt 0.344383 0.340010
vt 0.010091 0.600769
vt 0.010091 0.695926
vt 0.004160 0.696049
vt 0.004160 0.600892
vt 0.473023 0.609380
vt 0.473023 0.698835
vt 0.467518 0.698441
vt 0.467518 0.608986
vt 0.453265 0.699737
vt 0.453265 0.608990
vt 0.459198 0.608986
vt 0.459198 0.699733
vt 0.815700 0.432858
vt 0.815700 0.375077
vt 0.819148 0.375092
vt 0.819148 0.432874
vt 0.004160 0.864298
vt 0.004160 0.814867
vt 0.007285 0.814094
vt 0.007285 0.863525
vt 0.043996 0.852232
vt 0.043996 0.797184
vt 0.047008 0.796659
vt 0.047008 0.851707
vt 0.873232 0.668284
vt 0.873232 0.626607
vt 0.876687 0.626745
vt 0.876687 0.668422
vt 0.984778 0.476977
vt 0.984778 0.480438
vt 0.982216 0.480384
vt 0.982216 0.476924
vt 0.982217 0.279283
vt 0.982217 0.275822
vt 0.984805 0.275793
vt 0.984805 0.279254
vt 0.803077 0.303311
vt 0.806534 0.303296
vt 0.806534 0.367329
vt 0.803077 0.367344
vt 0.973817 0.611233
vt 0.970946 0.610523
vt 0.970946 0.607304
vt 0.973817 0.608014
vt 0.852636 0.498539
vt 0.849392 0.497974
vt 0.849392 0.441194
vt 0.852636 0.441759
vt 0.982216 0.761084
vt 0.984708 0.760985
vt 0.984708 0.764443
vt 0.982216 0.764542
vt 0.439011 0.817854
vt 0.442471 0.817783
vt 0.442471 0.865361
vt 0.439011 0.865433
vt 0.015606 0.814094
vt 0.019067 0.814133
vt 0.019067 0.862213
vt 0.015606 0.862175
vt 0.563022 0.461890
vt 0.563022 0.575451
vt 0.502764 0.508176
vt 0.336062 0.340010
vt 0.336062 0.430885
vt 0.245586 0.340248
vt 0.024342 0.600769
vt 0.024342 0.695926
vt 0.018412 0.696049
vt 0.018412 0.600892
vt 0.486848 0.609380
vt 0.486848 0.698835
vt 0.481344 0.698441
vt 0.481344 0.608986
vt 0.439011 0.699737
vt 0.439011 0.608990
vt 0.444944 0.608986
vt 0.444944 0.699733
vt 0.124928 0.830833
vt 0.124928 0.773052
vt 0.128376 0.773067
vt 0.128376 0.830848
vt 0.859870 0.116267
vt 0.859870 0.066837
vt 0.862995 0.066064
vt 0.862995 0.115494
vt 0.032663 0.852232
vt 0.032663 0.797184
vt 0.035675 0.796659
vt 0.035675 0.851707
vt 0.872742 0.344973
vt 0.872742 0.303296
vt 0.876198 0.303433
vt 0.876198 0.345110
vt 0.984778 0.689990
vt 0.984778 0.693450
vt 0.982216 0.693397
vt 0.982216 0.689936
vt 0.982216 0.291093
vt 0.982216 0.287632
vt 0.984805 0.287603
vt 0.984805 0.291064
vt 0.802214 0.004175
vt 0.805671 0.004160
vt 0.805671 0.068193
vt 0.802214 0.068209
vt 0.478476 0.973895
vt 0.475605 0.973184
vt 0.475605 0.969965
vt 0.478476 0.970675
vt 0.852645 0.360641
vt 0.849401 0.360076
vt 0.849401 0.303296
vt 0.852645 0.303861
vt 0.982216 0.832353
vt 0.984708 0.832254
vt 0.984708 0.835712
vt 0.982216 0.835811
vt 0.479300 0.816952
vt 0.482759 0.816881
vt 0.482759 0.864459
vt 0.479300 0.864531
vt 0.467518 0.816881
vt 0.470979 0.816919
vt 0.470979 0.865000
vt 0.467518 0.864961
vt 0.918497 0.497634
vt 0.924423 0.497608
vt 0.924423 0.504504
vt 0.918497 0.504530
vt 0.639730 0.285233
vt 0.634809 0.284015
vt 0.634809 0.124887
vt 0.639730 0.126105
vt 0.250261 0.947957
vt 0.244699 0.946988
vt 0.244699 0.940873
vt 0.250261 0.941842
vt 0.623946 0.340180
vt 0.628217 0.340010
vt 0.628217 0.510951
vt 0.623946 0.511121
vt 0.410567 0.439311
vt 0.410568 0.610354
vt 0.405445 0.610248
vt 0.405445 0.439205
vt 0.083226 0.532138
vt 0.083226 0.361064
vt 0.088404 0.361007
vt 0.088404 0.532081
vt 0.184513 0.593927
vt 0.184513 0.515403
vt 0.209141 0.515511
vt 0.209141 0.594035
vt 0.124928 0.589320
vt 0.124928 0.522146
vt 0.149482 0.516071
vt 0.149482 0.583245
vt 0.589456 0.082716
vt 0.589456 0.007907
vt 0.610970 0.004160
vt 0.610970 0.078969
vt 0.245586 0.605946
vt 0.245586 0.549308
vt 0.272737 0.550390
vt 0.272737 0.607028
vt 0.680409 0.481952
vt 0.680409 0.509140
vt 0.662113 0.508761
vt 0.662113 0.481572
vt 0.614482 0.328839
vt 0.614482 0.301645
vt 0.632973 0.301441
vt 0.632973 0.328635
vt 0.096724 0.587688
vt 0.096724 0.361007
vt 0.116427 0.361094
vt 0.116427 0.587775
vt 0.596875 0.538567
vt 0.596875 0.344649
vt 0.615626 0.340010
vt 0.615626 0.533928
vt 0.571342 0.558965
vt 0.571342 0.343007
vt 0.588554 0.340010
vt 0.588554 0.555968
vt 0.605755 0.288388
vt 0.605755 0.124887
vt 0.626489 0.125713
vt 0.626489 0.289215
vt 0.831346 0.595759
vt 0.831346 0.616522
vt 0.816710 0.616218
vt 0.816710 0.595456
vt 0.812073 0.285953
vt 0.812073 0.265186
vt 0.826866 0.265023
vt 0.826866 0.285789
vt 0.259931 0.891279
vt 0.263882 0.891262
vt 0.263882 0.915890
vt 0.259931 0.915907
vt 0.921964 0.651334
vt 0.918684 0.650522
vt 0.918684 0.626607
vt 0.921964 0.627419
vt 0.220483 0.927601
vt 0.216775 0.926955
vt 0.216775 0.905116
vt 0.220483 0.905762
vt 0.918787 0.676856
vt 0.921635 0.676742
vt 0.921635 0.702433
vt 0.918787 0.702546
vt 0.430690 0.765983
vt 0.430690 0.791689
vt 0.412395 0.791310
vt 0.412395 0.765604
vt 0.216775 0.791450
vt 0.216775 0.765740
vt 0.235267 0.765536
vt 0.235267 0.791246
vt 0.701137 0.294092
vt 0.701855 0.286511
vt 0.703184 0.286884
vt 0.702762 0.294548
vt 0.704876 0.286884
vt 0.704829 0.294548
vt 0.705939 0.286511
vt 0.706129 0.294092
vt 0.873345 0.361878
vt 0.873469 0.356351
vt 0.875072 0.356753
vt 0.875304 0.362370
vt 0.876611 0.356182
vt 0.877186 0.361672
vt 0.944404 0.161910
vt 0.944687 0.154025
vt 0.946312 0.153993
vt 0.946390 0.161870
vt 0.873317 0.354002
vt 0.874856 0.353431
vt 0.876459 0.353833
vt 0.877186 0.354972
vt 0.872742 0.355211
vt 0.947822 0.154025
vt 0.948236 0.161910
vt 0.827469 0.427526
vt 0.827822 0.420531
vt 0.829523 0.420531
vt 0.829548 0.427526
vt 0.475605 0.958417
vt 0.476725 0.956761
vt 0.478310 0.956443
vt 0.479431 0.957647
vt 0.479431 0.959670
vt 0.478310 0.961326
vt 0.476725 0.961644
vt 0.475605 0.960440
vt 0.687826 0.294092
vt 0.688543 0.286511
vt 0.689873 0.286884
vt 0.689450 0.294548
vt 0.691564 0.286884
vt 0.691518 0.294548
vt 0.692627 0.286511
vt 0.692817 0.294092
vt 0.885611 0.617795
vt 0.885735 0.612268
vt 0.887337 0.612670
vt 0.887570 0.618287
vt 0.888877 0.612099
vt 0.889451 0.617589
vt 0.450791 0.950351
vt 0.451074 0.942467
vt 0.452698 0.942435
vt 0.452776 0.950312
vt 0.885582 0.609919
vt 0.887122 0.609348
vt 0.888724 0.609750
vt 0.889451 0.610889
vt 0.885008 0.611128
vt 0.454209 0.942467
vt 0.454622 0.950351
vt 0.862775 0.951596
vt 0.863129 0.944602
vt 0.864830 0.944602
vt 0.864855 0.951596
vt 0.136696 0.958505
vt 0.137817 0.956850
vt 0.139402 0.956531
vt 0.140522 0.957735
vt 0.140522 0.959758
vt 0.139402 0.961414
vt 0.137817 0.961733
vt 0.136696 0.960528
s 0
f 1/1/1 2/2/1 4/3/1 3/4/1
f 3/5/2 4/6/2 8/7/2 7/8/2
f 7/9/3 8/10/3 6/11/3 5/12/3
f 5/13/4 6/14/4 2/15/4 1/16/4
f 3/17/5 7/18/5 5/19/5 1/20/5
f 8/21/6 4/22/6 2/23/6 6/24/6
f 9/25/1 10/26/1 12/27/1 11/28/1
f 11/29/2 12/30/2 16/31/2 15/32/2
f 15/33/3 16/34/3 14/35/3 13/36/3
f 13/37/4 14/38/4 10/39/4 9/40/4
f 11/41/5 15/42/5 13/43/5 9/44/5
f 16/45/6 12/46/6 10/47/6 14/48/6
f 17/49/1 18/50/1 20/51/1 19/52/1
f 19/53/2 20/54/2 24/55/2 23/56/2
f 23/57/3 24/58/3 22/59/3 21/60/3
f 21/61/4 22/62/4 18/63/4 17/64/4
f 19/65/5 23/66/5 21/67/5 17/68/5
f 24/69/6 20/70/6 18/71/6 22/72/6
f 25/73/1 26/74/1 28/75/1 27/76/1
f 27/77/2 28/78/2 32/79/2 31/80/2
f 31/81/3 32/82/3 30/83/3 29/84/3
f 29/85/4 30/86/4 26/87/4 25/88/4
f 27/89/5 31/90/5 29/91/5 25/92/5
f 32/93/6 28/94/6 26/95/6 30/96/6
f 33/97/1 34/98/1 36/99/1 35/100/1
f 35/101/2 36/102/2 40/103/2 39/104/2
f 39/105/3 40/106/3 38/107/3 37/108/3
f 37/109/4 38/110/4 34/111/4 33/112/4
f 35/113/5 39/114/5 37/115/5 33/116/5
f 40/117/6 36/118/6 34/119/6 38/120/6
f 41/121/1 42/122/1 44/123/1 43/124/1
f 43/125/2 44/126/2 48/127/2 47/128/2
f 47/129/3 48/130/3 46/131/3 45/132/3
f 45/133/4 46/134/4 42/135/4 41/136/4
f 43/137/5 47/138/5 45/139/5 41/140/5
f 48/141/6 44/142/6 42/143/6 46/144/6
f 49/145/1 50/146/1 52/147/1 51/148/1
f 51/149/2 52/150/2 56/151/2 55/152/2
f 55/153/3 56/154/3 54/155/3 53/156/3
f 53/157/4 54/158/4 50/159/4 49/160/4
f 51/161/5 55/162/5 53/163/5 49/164/5
f 56/165/6 52/166/6 50/167/6 54/168/6
f 57/169/1 58/170/1 60/171/1 59/172/1
f 59/173/2 60/174/2 64/175/2 63/176/2
f 63/177/3 64/178/3 62/179/3 61/180/3
f 61/181/4 62/182/4 58/183/4 57/184/4
f 59/185/5 63/186/5 61/187/5 57/188/5
f 64/189/6 60/190/6 58/191/6 62/192/6
f 65/193/1 66/194/1 68/195/1 67/196/1
f 67/197/2 68/198/2 72/199/2 71/200/2
f 71/201/3 72/202/3 70/203/3 69/204/3
f 69/205/4 70/206/4 66/207/4 65/208/4
f 67/209/5 71/210/5 69/211/5 65/212/5
f 72/213/6 68/214/6 66/215/6 70/216/6
f 73/217/1 74/218/1 76/219/1 75/220/1
f 75/221/2 76/222/2 80/223/2 79/224/2
f 79/225/3 80/226/3 78/227/3 77/228/3
f 77/229/4 78/230/4 74/231/4 73/232/4
f 75/233/5 79/234/5 77/235/5 73/236/5
f 80/237/6 76/238/6 74/239/6 78/240/6
f 81/241/1 82/242/1 84/243/1 83/244/1
f 83/245/2 84/246/2 88/247/2 87/248/2
f 87/249/3 88/250/3 86/251/3 85/252/3
f 85/253/4 86/254/4 82/255/4 81/256/4
f 83/257/5 87/258/5 85/259/5 81/260/5
f 88/261/6 84/262/6 82/263/6 86/264/6
f 89/265/1 90/266/1 92/267/1 91/268/1
f 91/269/2 92/270/2 96/271/2 95/272/2
f 95/273/3 96/274/3 94/275/3 93/276/3
f 93/277/4 94/278/4 90/279/4 89/280/4
f 91/281/5 95/282/5 93/283/5 89/284/5
f 96/285/6 92/286/6 90/287/6 94/288/6
f 97/289/1 98/290/1 100/291/1 99/292/1
f 99/293/2 100/294/2 104/295/2 103/296/2
f 103/297/3 104/298/3 102/299/3 101/300/3
f 101/301/4 102/302/4 98/303/4 97/304/4
f 99/305/5 103/306/5 101/307/5 97/308/5
f 104/309/6 100/310/6 98/311/6 102/312/6
f 105/313/1 106/314/1 108/315/1 107/316/1
f 107/317/2 108/318/2 112/319/2 111/320/2
f 111/321/3 112/322/3 110/323/3 109/324/3
f 109/325/4 110/326/4 106/327/4 105/328/4
f 107/329/5 111/330/5 109/331/5 105/332/5
f 112/333/6 108/334/6 106/335/6 110/336/6
f 113/337/1 114/338/1 116/339/1 115/340/1
f 115/341/2 116/342/2 120/343/2 119/344/2
f 119/345/3 120/346/3 118/347/3 117/348/3
f 117/349/4 118/350/4 114/351/4 113/352/4
f 115/353/5 119/354/5 117/355/5 113/356/5
f 120/357/6 116/358/6 114/359/6 118/360/6
f 121/361/1 122/362/1 124/363/1 123/364/1
f 123/365/2 124/366/2 128/367/2 127/368/2
f 127/369/3 128/370/3 126/371/3 125/372/3
f 125/373/4 126/374/4 122/375/4 121/376/4
f 123/377/5 127/378/5 125/379/5 121/380/5
f 128/381/6 124/382/6 122/383/6 126/384/6
f 129/385/1 130/386/1 132/387/1 131/388/1
f 131/389/2 132/390/2 136/391/2 135/392/2
f 135/393/3 136/394/3 134/395/3 133/396/3
f 133/397/4 134/398/4 130/399/4 129/400/4
f 131/401/5 135/402/5 133/403/5 129/404/5
f 136/405/6 132/406/6 130/407/6 134/408/6
f 137/409/1 138/410/1 140/411/1 139/412/1
f 139/413/2 140/414/2 144/415/2 143/416/2
f 143/417/3 144/418/3 142/419/3 141/420/3
f 141/421/4 142/422/4 138/423/4 137/424/4
f 139/425/5 143/426/5 141/427/5 137/428/5
f 144/429/6 140/430/6 138/431/6 142/432/6
f 145/433/1 146/434/1 148/435/1 147/436/1
f 147/437/2 148/438/2 152/439/2 151/440/2
f 151/441/3 152/442/3 150/443/3 149/444/3
f 149/445/4 150/446/4 146/447/4 145/448/4
f 147/449/5 151/450/5 149/451/5 145/452/5
f 152/453/6 148/454/6 146/455/6 150/456/6
f 153/457/1 154/458/1 156/459/1 155/460/1
f 155/461/2 156/462/2 160/463/2 159/464/2
f 159/465/3 160/466/3 158/467/3 157/468/3
f 157/469/4 158/470/4 154/471/4 153/472/4
f 155/473/5 159/474/5 157/475/5 153/476/5
f 160/477/6 156/478/6 154/479/6 158/480/6
f 161/481/1 162/482/1 164/483/1 163/484/1
f 163/485/2 164/486/2 168/487/2 167/488/2
f 167/489/3 168/490/3 166/491/3 165/492/3
f 165/493/4 166/494/4 162/495/4 161/496/4
f 163/497/5 167/498/5 165/499/5 161/500/5
f 168/501/6 164/502/6 162/503/6 166/504/6
f 169/505/1 170/506/1 172/507/1 171/508/1
f 171/509/2 172/510/2 176/511/2 175/512/2
f 175/513/3 176/514/3 174/515/3 173/516/3
f 173/517/4 174/518/4 170/519/4 169/520/4
f 171/521/5 175/522/5 173/523/5 169/524/5
f 176/525/6 172/526/6 170/527/6 174/528/6
f 177/529/1 178/530/1 180/531/1 179/532/1
f 179/533/2 180/534/2 184/535/2 183/536/2
f 183/537/3 184/538/3 182/539/3 181/540/3
f 181/541/4 182/542/4 178/543/4 177/544/4
f 179/545/5 183/546/5 181/547/5 177/548/5
f 184/549/6 180/550/6 178/551/6 182/552/6
f 185/553/1 186/554/1 188/555/1 187/556/1
f 187/557/2 188/558/2 192/559/2 191/560/2
f 191/561/3 192/562/3 190/563/3 189/564/3
f 189/565/4 190/566/4 186/567/4 185/568/4
f 187/569/5 191/570/5 189/571/5 185/572/5
f 192/573/6 188/574/6 186/575/6 190/576/6
f 193/577/1 194/578/1 196/579/1 195/580/1
f 195/581/2 196/582/2 200/583/2 199/584/2
f 199/585/3 200/586/3 198/587/3 197/588/3
f 197/589/4 198/590/4 194/591/4 193/592/4
f 195/593/5 199/594/5 197/595/5 193/596/5
f 200/597/6 196/598/6 194/599/6 198/600/6
f 201/601/1 202/602/1 204/603/1 203/604/1
f 203/605/2 204/606/2 208/607/2 207/608/2
f 207/609/3 208/610/3 206/611/3 205/612/3
f 205/613/4 206/614/4 202/615/4 201/616/4
f 203/617/5 207/618/5 205/619/5 201/620/5
f 208/621/6 204/622/6 202/623/6 206/624/6
f 209/625/1 210/626/1 212/627/1 211/628/1
f 211/629/2 212/630/2 216/631/2 215/632/2
f 215/633/3 216/634/3 214/635/3 213/636/3
f 213/637/4 214/638/4 210/639/4 209/640/4
f 211/641/5 215/642/5 213/643/5 209/644/5
f 216/645/6 212/646/6 210/647/6 214/648/6
f 217/649/1 218/650/1 220/651/1 219/652/1
f 219/653/2 220/654/2 224/655/2 223/656/2
f 223/657/3 224/658/3 222/659/3 221/660/3
f 221/661/4 222/662/4 218/663/4 217/664/4
f 219/665/5 223/666/5 221/667/5 217/668/5
f 224/669/6 220/670/6 218/671/6 222/672/6
f 225/673/1 226/674/1 228/675/1 227/676/1
f 227/677/2 228/678/2 232/679/2 231/680/2
f 231/681/3 232/682/3 230/683/3 229/684/3
f 229/685/4 230/686/4 226/687/4 225/688/4
f 227/689/5 231/690/5 229/691/5 225/692/5
f 232/693/6 228/694/6 226/695/6 230/696/6
f 233/697/1 234/698/1 236/699/1 235/700/1
f 235/701/2 236/702/2 240/703/2 239/704/2
f 239/705/3 240/706/3 238/707/3 237/708/3
f 237/709/4 238/710/4 234/711/4 233/712/4
f 235/713/5 239/714/5 237/715/5 233/716/5
f 240/717/6 236/718/6 234/719/6 238/720/6
f 241/721/1 242/722/1 244/723/1 243/724/1
f 243/725/2 244/726/2 248/727/2 247/728/2
f 247/729/3 248/730/3 246/731/3 245/732/3
f 245/733/4 246/734/4 242/735/4 241/736/4
f 243/737/5 247/738/5 245/739/5 241/740/5
f 248/741/6 244/742/6 242/743/6 246/744/6
f 249/745/1 250/746/1 252/747/1 251/748/1
f 251/749/2 252/750/2 256/751/2 255/752/2
f 255/753/3 256/754/3 254/755/3 253/756/3
f 253/757/4 254/758/4 250/759/4 249/760/4
f 251/761/5 255/762/5 253/763/5 249/764/5
f 256/765/6 252/766/6 250/767/6 254/768/6
f 257/769/1 258/770/1 260/771/1 259/772/1
f 259/773/2 260/774/2 264/775/2 263/776/2
f 263/777/3 264/778/3 262/779/3 261/780/3
f 261/781/4 262/782/4 258/783/4 257/784/4
f 259/785/5 263/786/5 261/787/5 257/788/5
f 264/789/6 260/790/6 258/791/6 262/792/6
f 265/793/1 266/794/1 268/795/1 267/796/1
f 267/797/2 268/798/2 272/799/2 271/800/2
f 271/801/3 272/802/3 270/803/3 269/804/3
f 269/805/4 270/806/4 266/807/4 265/808/4
f 267/809/5 271/810/5 269/811/5 265/812/5
f 272/813/6 268/814/6 266/815/6 270/816/6
f 273/817/1 274/818/1 276/819/1 275/820/1
f 275/821/2 276/822/2 280/823/2 279/824/2
f 279/825/3 280/826/3 278/827/3 277/828/3
f 277/829/4 278/830/4 274/831/4 273/832/4
f 275/833/5 279/834/5 277/835/5 273/836/5
f 280/837/6 276/838/6 274/839/6 278/840/6
f 281/841/1 282/842/1 284/843/1 283/844/1
f 283/845/2 284/846/2 288/847/2 287/848/2
f 287/849/3 288/850/3 286/851/3 285/852/3
f 285/853/4 286/854/4 282/855/4 281/856/4
f 283/857/5 287/858/5 285/859/5 281/860/5
f 288/861/6 284/862/6 282/863/6 286/864/6
f 289/865/1 290/866/1 292/867/1 291/868/1
f 291/869/2 292/870/2 296/871/2 295/872/2
f 295/873/3 296/874/3 294/875/3 293/876/3
f 293/877/4 294/878/4 290/879/4 289/880/4
f 291/881/5 295/882/5 293/883/5 289/884/5
f 296/885/6 292/886/6 290/887/6 294/888/6
f 297/889/1 298/890/1 300/891/1 299/892/1
f 299/893/2 300/894/2 304/895/2 303/896/2
f 303/897/3 304/898/3 302/899/3 301/900/3
f 301/901/4 302/902/4 298/903/4 297/904/4
f 299/905/5 303/906/5 301/907/5 297/908/5
f 304/909/6 300/910/6 298/911/6 302/912/6
f 305/913/1 306/914/1 308/915/1 307/916/1
f 307/917/2 308/918/2 312/919/2 311/920/2
f 311/921/3 312/922/3 310/923/3 309/924/3
f 309/925/4 310/926/4 306/927/4 305/928/4
f 307/929/5 311/930/5 309/931/5 305/932/5
f 312/933/6 308/934/6 306/935/6 310/936/6
f 313/937/7 314/938/7 315/939/7
f 314/940/8 313/941/8 318/942/8
f 313/937/9 315/939/9 316/943/9
f 313/937/10 316/943/10 317/944/10
f 313/941/11 317/945/11 318/942/11
f 314/940/12 318/942/12 323/946/12
f 315/947/13 314/948/13 319/949/13
f 316/943/14 315/939/14 320/950/14
f 317/951/15 316/952/15 321/953/15
f 318/954/16 317/955/16 322/956/16
f 314/948/17 323/957/17 319/949/17
f 315/958/18 319/959/18 320/960/18
f 316/952/19 320/961/19 321/953/19
f 317/951/20 321/953/20 322/962/20
f 318/954/21 322/956/21 323/963/21
f 319/949/22 323/957/22 324/964/22
f 320/960/23 319/959/23 324/965/23
f 321/966/24 320/960/24 324/965/24
f 322/956/25 321/967/25 324/968/25
f 323/963/26 322/956/26 324/968/26
f 325/969/27 326/970/27 327/971/27
f 326/970/28 325/969/28 330/972/28
f 325/973/29 327/974/29 328/975/29
f 325/973/30 328/975/30 329/976/30
f 325/973/31 329/976/31 330/977/31
f 326/978/32 330/979/32 335/980/32
f 327/971/33 326/970/33 331/981/33
f 328/982/34 327/983/34 332/984/34
f 329/976/35 328/975/35 333/985/35
f 330/979/36 329/986/36 334/987/36
f 326/988/37 335/989/37 331/990/37
f 327/983/38 331/991/38 332/984/38
f 328/992/39 332/993/39 333/994/39
f 329/995/40 333/994/40 334/996/40
f 330/979/41 334/987/41 335/980/41
f 331/990/42 335/989/42 336/997/42
f 332/998/43 331/990/43 336/997/43
f 333/994/44 332/993/44 336/999/44
f 334/996/45 333/994/45 336/999/45
f 335/980/46 334/987/46 336/1000/46
f 337/1001/47 338/1002/47 339/1003/47
f 338/1002/48 337/1001/48 342/1004/48
f 337/1005/49 339/1006/49 340/1007/49
f 337/1005/50 340/1007/50 341/1008/50
f 337/1001/51 341/1009/51 342/1004/51
f 338/1002/52 342/1004/52 347/1010/52
f 339/1011/53 338/1012/53 343/1013/53
f 340/1007/54 339/1006/54 344/1014/54
f 341/1015/55 340/1016/55 345/1017/55
f 342/1018/56 341/1019/56 346/1020/56
f 338/1012/57 347/1021/57 343/1013/57
f 339/1011/58 343/1013/58 344/1022/58
f 340/1016/59 344/1023/59 345/1017/59
f 341/1019/60 345/1024/60 346/1020/60
f 342/1025/61 346/1026/61 347/1027/61
f 343/1013/62 347/1021/62 348/1028/62
f 344/1022/63 343/1013/63 348/1028/63
f 345/1017/64 344/1023/64 348/1029/64
f 346/1030/65 345/1017/65 348/1029/65
f 347/1027/66 346/1026/66 348/1031/66
f 349/1032/67 350/1033/67 351/1034/67
f 350/1035/68 349/1036/68 354/1037/68
f 349/1032/69 351/1034/69 352/1038/69
f 349/1032/70 352/1038/70 353/1039/70
f 349/1036/71 353/1040/71 354/1037/71
f 350/1041/72 354/1042/72 359/1043/72
f 351/1044/73 350/1041/73 355/1045/73
f 352/1038/74 351/1034/74 356/1046/74
f 353/1047/75 352/1048/75 357/1049/75
f 354/1050/76 353/1051/76 358/1052/76
f 350/1041/77 359/1043/77 355/1045/77
f 351/1053/78 355/1054/78 356/1055/78
f 352/1048/79 356/1056/79 357/1049/79
f 353/1047/80 357/1049/80 358/1057/80
f 354/1050/81 358/1052/81 359/1058/81
f 355/1045/82 359/1043/82 360/1059/82
f 356/1055/83 355/1054/83 360/1060/83
f 357/1061/84 356/1055/84 360/1060/84
f 358/1052/85 357/1062/85 360/1063/85
f 359/1058/86 358/1052/86 360/1063/86
f 361/1064/87 362/1065/87 363/1066/87
f 362/1067/88 361/1068/88 366/1069/88
f 361/1064/89 363/1066/89 364/1070/89
f 361/1068/90 364/1071/90 365/1072/90
f 361/1068/91 365/1072/91 366/1069/91
f 362/1073/92 366/1074/92 371/1075/92
f 363/1076/93 362/1077/93 367/1078/93
f 364/1070/94 363/1066/94 368/1079/94
f 365/1080/95 364/1081/95 369/1082/95
f 366/1083/96 365/1084/96 370/1085/96
f 362/1073/97 371/1075/97 367/1086/97
f 363/1076/98 367/1078/98 368/1087/98
f 364/1081/99 368/1088/99 369/1082/99
f 365/1084/100 369/1089/100 370/1085/100
f 366/1083/101 370/1085/101 371/1090/101
f 367/1078/102 371/1091/102 372/1092/102
f 368/1087/103 367/1078/103 372/1092/103
f 369/1082/104 368/1088/104 372/1093/104
f 370/1085/105 369/1089/105 372/1094/105
f 371/1090/106 370/1085/106 372/1094/106
f 373/1095/107 374/1096/107 375/1097/107
f 374/1098/108 373/1099/108 378/1100/108
f 373/1101/109 375/1102/109 376/1103/109
f 373/1101/110 376/1103/110 377/1104/110
f 373/1099/111 377/1105/111 378/1100/111
f 374/1098/112 378/1100/112 383/1106/112
f 375/1107/113 374/1108/113 379/1109/113
f 376/1110/114 375/1107/114 380/1111/114
f 377/1104/115 376/1103/115 381/1112/115
f 378/1100/116 377/1105/116 382/1113/116
f 374/1114/117 383/1115/117 379/1116/117
f 375/1107/118 379/1109/118 380/1111/118
f 376/1117/119 380/1118/119 381/1119/119
f 377/1120/120 381/1119/120 382/1121/120
f 378/1100/121 382/1113/121 383/1106/121
f 379/1116/122 383/1115/122 384/1122/122
f 380/1111/123 379/1109/123 384/1123/123
f 381/1119/124 380/1118/124 384/1124/124
f 382/1121/125 381/1119/125 384/1124/125
f 383/1115/126 382/1125/126 384/1122/126
f 385/1126/127 386/1127/127 387/1128/127
f 386/1129/128 385/1130/128 390/1131/128
f 385/1130/129 387/1132/129 388/1133/129
f 385/1130/130 388/1133/130 389/1134/130
f 385/1130/131 389/1134/131 390/1131/131
f 386/1135/132 390/1136/132 395/1137/132
f 387/1138/133 386/1139/133 391/1140/133
f 388/1141/134 387/1142/134 392/1143/134
f 389/1134/135 388/1133/135 393/1144/135
f 390/1145/136 389/1146/136 394/1147/136
f 386/1139/137 395/1148/137 391/1140/137
f 387/1142/138 391/1149/138 392/1143/138
f 388/1141/139 392/1143/139 393/1150/139
f 389/1146/140 393/1151/140 394/1147/140
f 390/1136/141 394/1152/141 395/1137/141
f 391/1140/142 395/1148/142 396/1153/142
f 392/1154/143 391/1140/143 396/1153/143
f 393/1151/144 392/1155/144 396/1156/144
f 394/1147/145 393/1151/145 396/1156/145
f 395/1157/146 394/1147/146 396/1156/146
f 397/1158/147 398/1159/147 399/1160/147
f 398/1159/148 397/1158/148 402/1161/148
f 397/1162/149 399/1163/149 400/1164/149
f 397/1162/150 400/1164/150 401/1165/150
f 397/1158/151 401/1166/151 402/1161/151
f 398/1159/152 402/1161/152 407/1167/152
f 399/1168/153 398/1169/153 403/1170/153
f 400/1164/154 399/1163/154 404/1171/154
f 401/1165/155 400/1164/155 405/1172/155
f 402/1173/156 401/1174/156 406/1175/156
f 398/1169/157 407/1176/157 403/1170/157
f 399/1168/158 403/1170/158 404/1177/158
f 400/1178/159 404/1179/159 405/1180/159
f 401/1174/160 405/1181/160 406/1175/160
f 402/1182/161 406/1183/161 407/1184/161
f 403/1170/162 407/1176/162 408/1185/162
f 404/1177/163 403/1170/163 408/1185/163
f 405/1180/164 404/1179/164 408/1186/164
f 406/1187/165 405/1180/165 408/1186/165
f 407/1184/166 406/1183/166 408/1188/166
f 409/1189/167 410/1190/167 411/1191/167
f 410/1192/168 409/1193/168 414/1194/168
f 409/1189/169 411/1191/169 412/1195/169
f 409/1189/170 412/1195/170 413/1196/170
f 409/1193/171 413/1197/171 414/1194/171
f 410/1192/172 414/1194/172 419/1198/172
f 411/1199/173 410/1200/173 415/1201/173
f 412/1195/174 411/1191/174 416/1202/174
f 413/1203/175 412/1204/175 417/1205/175
f 414/1206/176 413/1207/176 418/1208/176
f 410/1200/177 419/1209/177 415/1201/177
f 411/1210/178 415/1211/178 416/1212/178
f 412/1213/179 416/1212/179 417/1214/179
f 413/1203/180 417/1205/180 418/1215/180
f 414/1206/181 418/1208/181 419/1216/181
f 415/1201/182 419/1209/182 420/1217/182
f 416/1212/183 415/1211/183 420/1218/183
f 417/1214/184 416/1212/184 420/1218/184
f 418/1208/185 417/1219/185 420/1220/185
f 419/1216/186 418/1208/186 420/1220/186
f 421/1221/187 422/1222/187 423/1223/187
f 422/1222/188 421/1221/188 426/1224/188
f 421/1225/189 423/1226/189 424/1227/189
f 421/1225/190 424/1227/190 425/1228/190
f 421/1229/191 425/1230/191 426/1231/191
f 422/1222/192 426/1224/192 431/1232/192
f 423/1233/193 422/1234/193 427/1235/193
f 424/1227/194 423/1226/194 428/1236/194
f 425/1237/195 424/1238/195 429/1239/195
f 426/1231/196 425/1230/196 430/1240/196
f 422/1234/197 431/1241/197 427/1235/197
f 423/1233/198 427/1235/198 428/1242/198
f 424/1238/199 428/1243/199 429/1239/199
f 425/1237/200 429/1239/200 430/1244/200
f 426/1245/201 430/1246/201 431/1247/201
f 427/1235/202 431/1241/202 432/1248/202
f 428/1242/203 427/1235/203 432/1248/203
f 429/1239/204 428/1243/204 432/1249/204
f 430/1244/205 429/1239/205 432/1249/205
f 431/1247/206 430/1246/206 432/1250/206
f 433/1251/1 434/1252/1 436/1253/1 435/1254/1
f 435/1255/2 436/1256/2 440/1257/2 439/1258/2
f 439/1259/3 440/1260/3 438/1261/3 437/1262/3
f 437/1263/4 438/1264/4 434/1265/4 433/1266/4
f 435/1267/5 439/1268/5 437/1269/5 433/1270/5
f 440/1271/6 436/1272/6 434/1273/6 438/1274/6
f 441/1275/1 442/1276/1 444/1277/1 443/1278/1
f 443/1279/2 444/1280/2 448/1281/2 447/1282/2
f 447/1283/3 448/1284/3 446/1285/3 445/1286/3
f 445/1287/4 446/1288/4 442/1289/4 441/1290/4
f 443/1291/5 447/1292/5 445/1293/5 441/1294/5
f 448/1295/6 444/1296/6 442/1297/6 446/1298/6
f 449/1299/1 450/1300/1 452/1301/1 451/1302/1
f 451/1303/2 452/1304/2 456/1305/2 455/1306/2
f 455/1307/3 456/1308/3 454/1309/3 453/1310/3
f 453/1311/4 454/1312/4 450/1313/4 449/1314/4
f 451/1315/5 455/1316/5 453/1317/5 449/1318/5
f 456/1319/6 452/1320/6 450/1321/6 454/1322/6
f 457/1323/207 458/1324/207 459/1325/207
f 458/1324/208 457/1323/208 462/1326/208
f 457/1327/209 459/1328/209 460/1329/209
f 457/1327/210 460/1329/210 461/1330/210
f 457/1323/211 461/1331/211 462/1326/211
f 458/1332/212 462/1333/212 467/1334/212
f 459/1335/213 458/1332/213 463/1336/213
f 460/1329/214 459/1328/214 464/1337/214
f 461/1338/215 460/1339/215 465/1340/215
f 462/1326/216 461/1331/216 466/1341/216
f 458/1332/217 467/1334/217 463/1336/217
f 459/1342/218 463/1343/218 464/1344/218
f 460/1339/219 464/1345/219 465/1340/219
f 461/1338/220 465/1340/220 466/1346/220
f 462/1347/221 466/1348/221 467/1349/221
f 463/1336/222 467/1334/222 468/1350/222
f 464/1344/223 463/1343/223 468/1351/223
f 465/1352/224 464/1344/224 468/1351/224
f 466/1348/225 465/1353/225 468/1354/225
f 467/1349/226 466/1348/226 468/1354/226
f 469/1355/227 470/1356/227 471/1357/227
f 470/1356/228 469/1355/228 474/1358/228
f 469/1355/229 471/1357/229 472/1359/229
f 469/1360/230 472/1361/230 473/1362/230
f 469/1360/231 473/1362/231 474/1363/231
f 470/1364/232 474/1365/232 479/1366/232
f 471/1357/233 470/1356/233 475/1367/233
f 472/1368/234 471/1369/234 476/1370/234
f 473/1362/235 472/1361/235 477/1371/235
f 474/1365/236 473/1372/236 478/1373/236
f 470/1374/237 479/1375/237 475/1376/237
f 471/1369/238 475/1377/238 476/1370/238
f 472/1368/239 476/1370/239 477/1378/239
f 473/1379/240 477/1380/240 478/1381/240
f 474/1365/241 478/1373/241 479/1366/241
f 475/1376/242 479/1375/242 480/1382/242
f 476/1370/243 475/1377/243 480/1383/243
f 477/1380/244 476/1384/244 480/1385/244
f 478/1381/245 477/1380/245 480/1385/245
f 479/1386/246 478/1381/246 480/1385/246
f 481/1387/247 482/1388/247 483/1389/247
f 482/1390/248 481/1391/248 486/1392/248
f 481/1387/249 483/1389/249 484/1393/249
f 481/1394/250 484/1395/250 485/1396/250
f 481/1394/251 485/1396/251 486/1397/251
f 482/1390/252 486/1392/252 491/1398/252
f 483/1389/253 482/1388/253 487/1399/253
f 484/1400/254 483/1401/254 488/1402/254
f 485/1396/255 484/1395/255 489/1403/255
f 486/1397/256 485/1396/256 490/1404/256
f 482/1390/257 491/1398/257 487/1405/257
f 483/1406/258 487/1407/258 488/1408/258
f 484/1400/259 488/1402/259 489/1409/259
f 485/1410/260 489/1411/260 490/1412/260
f 486/1392/261 490/1413/261 491/1398/261
f 487/1407/262 491/1414/262 492/1415/262
f 488/1408/263 487/1407/263 492/1415/263
f 489/1409/264 488/1402/264 492/1416/264
f 490/1412/265 489/1411/265 492/1417/265
f 491/1418/266 490/1412/266 492/1417/266
f 493/1419/267 494/1420/267 495/1421/267
f 494/1422/268 493/1423/268 498/1424/268
f 493/1419/269 495/1421/269 496/1425/269
f 493/1419/270 496/1425/270 497/1426/270
f 493/1423/271 497/1427/271 498/1424/271
f 494/1422/272 498/1424/272 503/1428/272
f 495/1421/273 494/1420/273 499/1429/273
f 496/1425/274 495/1421/274 500/1430/274
f 497/1431/275 496/1432/275 501/1433/275
f 498/1424/276 497/1427/276 502/1434/276
f 494/1435/277 503/1436/277 499/1437/277
f 495/1421/278 499/1429/278 500/1430/278
f 496/1432/279 500/1438/279 501/1433/279
f 497/1431/280 501/1433/280 502/1439/280
f 498/1440/281 502/1441/281 503/1442/281
f 499/1437/282 503/1436/282 504/1443/282
f 500/1444/283 499/1445/283 504/1446/283
f 501/1447/284 500/1444/284 504/1446/284
f 502/1441/285 501/1448/285 504/1449/285
f 503/1442/286 502/1441/286 504/1449/286
f 505/1450/287 506/1451/287 507/1452/287
f 506/1453/288 505/1454/288 510/1455/288
f 505/1450/289 507/1452/289 508/1456/289
f 505/1450/290 508/1456/290 509/1457/290
f 505/1454/291 509/1458/291 510/1455/291
f 506/1453/292 510/1455/292 515/1459/292
f 507/1460/293 506/1461/293 511/1462/293
f 508/1456/294 507/1452/294 512/1463/294
f 509/1464/295 508/1465/295 513/1466/295
f 510/1455/296 509/1458/296 514/1467/296
f 506/1461/297 515/1468/297 511/1462/297
f 507/1469/298 511/1470/298 512/1471/298
f 508/1465/299 512/1472/299 513/1466/299
f 509/1464/300 513/1466/300 514/1473/300
f 510/1474/301 514/1475/301 515/1476/301
f 511/1477/302 515/1476/302 516/1478/302
f 512/1471/303 511/1470/303 516/1479/303
f 513/1480/304 512/1471/304 516/1479/304
f 514/1475/305 513/1481/305 516/1478/305
f 515/1476/306 514/1475/306 516/1478/306
f 517/1482/307 518/1483/307 519/1484/307
f 518/1483/308 517/1482/308 522/1485/308
f 517/1486/309 519/1487/309 520/1488/309
f 517/1486/310 520/1488/310 521/1489/310
f 517/1486/311 521/1489/311 522/1490/311
f 518/1491/312 522/1492/312 527/1493/312
f 519/1484/313 518/1483/313 523/1494/313
f 520/1495/314 519/1496/314 524/1497/314
f 521/1489/315 520/1488/315 525/1498/315
f 522/1499/316 521/1500/316 526/1501/316
f 518/1502/317 527/1503/317 523/1504/317
f 519/1496/318 523/1505/318 524/1497/318
f 520/1495/319 524/1497/319 525/1506/319
f 521/1500/320 525/1507/320 526/1501/320
f 522/1492/321 526/1508/321 527/1493/321
f 523/1504/322 527/1503/322 528/1509/322
f 524/1497/323 523/1505/323 528/1510/323
f 525/1506/324 524/1497/324 528/1510/324
f 526/1501/325 525/1507/325 528/1511/325
f 527/1503/326 526/1512/326 528/1509/326
f 529/1513/327 530/1514/327 531/1515/327
f 530/1516/328 529/1517/328 534/1518/328
f 529/1513/329 531/1515/329 532/1519/329
f 529/1517/330 532/1520/330 533/1521/330
f 529/1517/331 533/1521/331 534/1518/331
f 530/1522/332 534/1523/332 539/1524/332
f 531/1515/333 530/1514/333 535/1525/333
f 532/1526/334 531/1527/334 536/1528/334
f 533/1529/335 532/1530/335 537/1531/335
f 534/1518/336 533/1521/336 538/1532/336
f 530/1522/337 539/1524/337 535/1533/337
f 531/1534/338 535/1535/338 536/1536/338
f 532/1526/339 536/1528/339 537/1537/339
f 533/1529/340 537/1531/340 538/1538/340
f 534/1523/341 538/1539/341 539/1524/341
f 535/1533/342 539/1524/342 540/1540/342
f 536/1536/343 535/1535/343 540/1541/343
f 537/1542/344 536/1536/344 540/1541/344
f 538/1538/345 537/1531/345 540/1543/345
f 539/1524/346 538/1539/346 540/1540/346
f 541/1544/347 542/1545/347 543/1546/347
f 542/1545/348 541/1544/348 546/1547/348
f 541/1548/349 543/1549/349 544/1550/349
f 541/1548/350 544/1550/350 545/1551/350
f 541/1544/351 545/1552/351 546/1547/351
f 542/1545/352 546/1547/352 551/1553/352
f 543/1549/353 542/1554/353 547/1555/353
f 544/1550/354 543/1549/354 548/1556/354
f 545/1557/355 544/1558/355 549/1559/355
f 546/1560/356 545/1561/356 550/1562/356
f 542/1563/357 551/1564/357 547/1565/357
f 543/1549/358 547/1555/358 548/1556/358
f 544/1558/359 548/1566/359 549/1559/359
f 545/1557/360 549/1559/360 550/1567/360
f 546/1560/361 550/1562/361 551/1568/361
f 547/1565/362 551/1564/362 552/1569/362
f 548/1570/363 547/1571/363 552/1572/363
f 549/1573/364 548/1570/364 552/1572/364
f 550/1574/365 549/1573/365 552/1572/365
f 551/1568/366 550/1562/366 552/1575/366
f 553/1576/367 554/1577/367 555/1578/367
f 554/1579/368 553/1580/368 558/1581/368
f 553/1576/369 555/1578/369 556/1582/369
f 553/1576/370 556/1582/370 557/1583/370
f 553/1580/371 557/1584/371 558/1581/371
f 554/1579/372 558/1581/372 563/1585/372
f 555/1586/373 554/1587/373 559/1588/373
f 556/1582/374 555/1578/374 560/1589/374
f 557/1590/375 556/1591/375 561/1592/375
f 558/1581/376 557/1584/376 562/1593/376
f 554/1587/377 563/1594/377 559/1588/377
f 555/1595/378 559/1596/378 560/1597/378
f 556/1591/379 560/1598/379 561/1592/379
f 557/1590/380 561/1592/380 562/1599/380
f 558/1581/381 562/1593/381 563/1585/381
f 559/1600/382 563/1601/382 564/1602/382
f 560/1597/383 559/1596/383 564/1603/383
f 561/1592/384 560/1598/384 564/1604/384
f 562/1599/385 561/1592/385 564/1604/385
f 563/1601/386 562/1605/386 564/1602/386
f 565/1606/387 566/1607/387 567/1608/387
f 566/1609/388 565/1610/388 570/1611/388
f 565/1606/389 567/1608/389 568/1612/389
f 565/1610/390 568/1613/390 569/1614/390
f 565/1610/391 569/1614/391 570/1611/391
f 566/1615/392 570/1616/392 575/1617/392
f 567/1618/393 566/1615/393 571/1619/393
f 568/1620/394 567/1621/394 572/1622/394
f 569/1623/395 568/1620/395 573/1624/395
f 570/1611/396 569/1614/396 574/1625/396
f 566/1615/397 575/1617/397 571/1619/397
f 567/1626/398 571/1627/398 572/1628/398
f 568/1620/399 572/1622/399 573/1624/399
f 569/1629/400 573/1630/400 574/1631/400
f 570/1632/401 574/1631/401 575/1633/401
f 571/1627/402 575/1634/402 576/1635/402
f 572/1628/403 571/1627/403 576/1635/403
f 573/1624/404 572/1622/404 576/1636/404
f 574/1631/405 573/1630/405 576/1637/405
f 575/1633/406 574/1631/406 576/1637/406
f 577/1638/1 578/1639/1 580/1640/1 579/1641/1
f 579/1642/2 580/1643/2 584/1644/2 583/1645/2
f 583/1646/3 584/1647/3 582/1648/3 581/1649/3
f 581/1650/4 582/1651/4 578/1652/4 577/1653/4
f 579/1654/5 583/1655/5 581/1656/5 577/1657/5
f 584/1658/6 580/1659/6 578/1660/6 582/1661/6
f 585/1662/1 586/1663/1 588/1664/1 587/1665/1
f 587/1666/2 588/1667/2 592/1668/2 591/1669/2
f 591/1670/3 592/1671/3 590/1672/3 589/1673/3
f 589/1674/4 590/1675/4 586/1676/4 585/1677/4
f 587/1678/5 591/1679/5 589/1680/5 585/1681/5
f 592/1682/6 588/1683/6 586/1684/6 590/1685/6
f 593/1686/1 594/1687/1 596/1688/1 595/1689/1
f 595/1690/2 596/1691/2 600/1692/2 599/1693/2
f 599/1694/3 600/1695/3 598/1696/3 597/1697/3
f 597/1698/4 598/1699/4 594/1700/4 593/1701/4
f 595/1702/5 599/1703/5 597/1704/5 593/1705/5
f 600/1706/6 596/1707/6 594/1708/6 598/1709/6
f 601/1710/407 602/1711/407 603/1712/407
f 602/1711/408 601/1710/408 606/1713/408
f 601/1714/409 603/1715/409 604/1716/409
f 601/1714/410 604/1716/410 605/1717/410
f 601/1710/411 605/1718/411 606/1713/411
f 602/1711/412 606/1713/412 611/1719/412
f 603/1720/413 602/1721/413 607/1722/413
f 604/1716/414 603/1715/414 608/1723/414
f 605/1724/415 604/1725/415 609/1726/415
f 606/1727/416 605/1728/416 610/1729/416
f 602/1721/417 611/1730/417 607/1722/417
f 603/1715/418 607/1731/418 608/1723/418
f 604/1732/419 608/1733/419 609/1734/419
f 605/1724/420 609/1726/420 610/1735/420
f 606/1727/421 610/1729/421 611/1736/421
f 607/1722/422 611/1730/422 612/1737/422
f 608/1733/423 607/1738/423 612/1739/423
f 609/1734/424 608/1733/424 612/1739/424
f 610/1740/425 609/1734/425 612/1739/425
f 611/1736/426 610/1729/426 612/1741/426
f 613/1742/427 614/1743/427 615/1744/427
f 614/1745/428 613/1746/428 618/1747/428
f 613/1742/429 615/1744/429 616/1748/429
f 613/1746/430 616/1749/430 617/1750/430
f 613/1746/431 617/1750/431 618/1747/431
f 614/1751/432 618/1752/432 623/1753/432
f 615/1744/433 614/1743/433 619/1754/433
f 616/1755/434 615/1756/434 620/1757/434
f 617/1750/435 616/1749/435 621/1758/435
f 618/1747/436 617/1750/436 622/1759/436
f 614/1751/437 623/1753/437 619/1760/437
f 615/1761/438 619/1762/438 620/1763/438
f 616/1755/439 620/1757/439 621/1764/439
f 617/1765/440 621/1766/440 622/1767/440
f 618/1752/441 622/1768/441 623/1753/441
f 619/1762/442 623/1769/442 624/1770/442
f 620/1763/443 619/1762/443 624/1770/443
f 621/1764/444 620/1757/444 624/1771/444
f 622/1767/445 621/1766/445 624/1772/445
f 623/1773/446 622/1767/446 624/1772/446
f 625/1774/447 626/1775/447 627/1776/447
f 626/1775/448 625/1774/448 630/1777/448
f 625/1778/449 627/1779/449 628/1780/449
f 625/1778/450 628/1780/450 629/1781/450
f 625/1782/451 629/1783/451 630/1784/451
f 626/1785/452 630/1786/452 635/1787/452
f 627/1788/453 626/1789/453 631/1790/453
f 628/1780/454 627/1779/454 632/1791/454
f 629/1792/455 628/1793/455 633/1794/455
f 630/1784/456 629/1783/456 634/1795/456
f 626/1789/457 635/1796/457 631/1790/457
f 627/1788/458 631/1790/458 632/1797/458
f 628/1793/459 632/1798/459 633/1794/459
f 629/1783/460 633/1799/460 634/1795/460
f 630/1786/461 634/1800/461 635/1787/461
f 631/1790/462 635/1796/462 636/1801/462
f 632/1797/463 631/1790/463 636/1801/463
f 633/1794/464 632/1798/464 636/1802/464
f 634/1803/465 633/1794/465 636/1802/465
f 635/1787/466 634/1800/466 636/1804/466
f 637/1805/467 638/1806/467 639/1807/467
f 638/1808/468 637/1809/468 642/1810/468
f 637/1805/469 639/1807/469 640/1811/469
f 637/1812/470 640/1813/470 641/1814/470
f 637/1812/471 641/1814/471 642/1815/471
f 638/1808/472 642/1810/472 647/1816/472
f 639/1817/473 638/1818/473 643/1819/473
f 640/1820/474 639/1821/474 644/1822/474
f 641/1814/475 640/1813/475 645/1823/475
f 642/1815/476 641/1814/476 646/1824/476
f 638/1818/477 647/1825/477 643/1819/477
f 639/1817/478 643/1819/478 644/1826/478
f 640/1820/479 644/1822/479 645/1827/479
f 641/1828/480 645/1829/480 646/1830/480
f 642/1810/481 646/1831/481 647/1816/481
f 643/1819/482 647/1825/482 648/1832/482
f 644/1826/483 643/1819/483 648/1832/483
f 645/1827/484 644/1822/484 648/1833/484
f 646/1830/485 645/1829/485 648/1834/485
f 647/1835/486 646/1830/486 648/1834/486
f 649/1836/487 650/1837/487 651/1838/487
f 650/1837/488 649/1836/488 654/1839/488
f 649/1840/489 651/1841/489 652/1842/489
f 649/1840/490 652/1842/490 653/1843/490
f 649/1836/491 653/1844/491 654/1839/491
f 650/1837/492 654/1839/492 659/1845/492
f 651/1846/493 650/1847/493 655/1848/493
f 652/1842/494 651/1841/494 656/1849/494
f 653/1843/495 652/1842/495 657/1850/495
f 654/1851/496 653/1852/496 658/1853/496
f 650/1847/497 659/1854/497 655/1848/497
f 651/1846/498 655/1848/498 656/1855/498
f 652/1856/499 656/1857/499 657/1858/499
f 653/1852/500 657/1859/500 658/1853/500
f 654/1860/501 658/1861/501 659/1862/501
f 655/1863/502 659/1862/502 660/1864/502
f 656/1857/503 655/1865/503 660/1866/503
f 657/1858/504 656/1857/504 660/1866/504
f 658/1867/505 657/1858/505 660/1866/505
f 659/1862/506 658/1861/506 660/1864/506
f 661/1868/507 662/1869/507 663/1870/507
f 662/1871/508 661/1872/508 666/1873/508
f 661/1868/509 663/1870/509 664/1874/509
f 661/1872/510 664/1875/510 665/1876/510
f 661/1872/511 665/1876/511 666/1873/511
f 662/1877/512 666/1878/512 671/1879/512
f 663/1870/513 662/1869/513 667/1880/513
f 664/1874/514 663/1870/514 668/1881/514
f 665/1882/515 664/1883/515 669/1884/515
f 666/1885/516 665/1886/516 670/1887/516
f 662/1877/517 671/1879/517 667/1888/517
f 663/1889/518 667/1890/518 668/1891/518
f 664/1883/519 668/1892/519 669/1884/519
f 665/1886/520 669/1893/520 670/1887/520
f 666/1878/521 670/1894/521 671/1879/521
f 667/1890/522 671/1895/522 672/1896/522
f 668/1891/523 667/1890/523 672/1896/523
f 669/1897/524 668/1891/524 672/1896/524
f 670/1887/525 669/1893/525 672/1898/525
f 671/1879/526 670/1894/526 672/1899/526
f 673/1900/527 674/1901/527 675/1902/527
f 674/1901/528 673/1900/528 678/1903/528
f 673/1904/529 675/1905/529 676/1906/529
f 673/1907/530 676/1908/530 677/1909/530
f 673/1907/531 677/1909/531 678/1910/531
f 674/1901/532 678/1903/532 683/1911/532
f 675/1902/533 674/1901/533 679/1912/533
f 676/1906/534 675/1905/534 680/1913/534
f 677/1909/535 676/1908/535 681/1914/535
f 678/1915/536 677/1916/536 682/1917/536
f 674/1918/537 683/1919/537 679/1920/537
f 675/1905/538 679/1921/538 680/1913/538
f 676/1922/539 680/1923/539 681/1924/539
f 677/1916/540 681/1925/540 682/1917/540
f 678/1915/541 682/1917/541 683/1926/541
f 679/1920/542 683/1919/542 684/1927/542
f 680/1928/543 679/1920/543 684/1927/543
f 681/1924/544 680/1923/544 684/1929/544
f 682/1930/545 681/1924/545 684/1929/545
f 683/1919/546 682/1931/546 684/1927/546
f 685/1932/547 686/1933/547 687/1934/547
f 686/1935/548 685/1936/548 690/1937/548
f 685/1932/549 687/1934/549 688/1938/549
f 685/1932/550 688/1938/550 689/1939/550
f 685/1936/551 689/1940/551 690/1937/551
f 686/1935/552 690/1937/552 695/1941/552
f 687/1942/553 686/1943/553 691/1944/553
f 688/1938/554 687/1934/554 692/1945/554
f 689/1946/555 688/1947/555 693/1948/555
f 690/1937/556 689/1940/556 694/1949/556
f 686/1943/557 695/1950/557 691/1944/557
f 687/1951/558 691/1952/558 692/1953/558
f 688/1947/559 692/1954/559 693/1948/559
f 689/1946/560 693/1948/560 694/1955/560
f 690/1956/561 694/1957/561 695/1958/561
f 691/1959/562 695/1958/562 696/1960/562
f 692/1953/563 691/1952/563 696/1961/563
f 693/1962/564 692/1953/564 696/1961/564
f 694/1957/565 693/1963/565 696/1960/565
f 695/1958/566 694/1957/566 696/1960/566
f 697/1964/567 698/1965/567 699/1966/567
f 698/1967/568 697/1968/568 702/1969/568
f 697/1964/569 699/1966/569 700/1970/569
f 697/1964/570 700/1970/570 701/1971/570
f 697/1968/571 701/1972/571 702/1969/571
f 698/1973/572 702/1974/572 707/1975/572
f 699/1966/573 698/1965/573 703/1976/573
f 700/1970/574 699/1966/574 704/1977/574
f 701/1978/575 700/1979/575 705/1980/575
f 702/1981/576 701/1982/576 706/1983/576
f 698/1973/577 707/1975/577 703/1984/577
f 699/1985/578 703/1986/578 704/1987/578
f 700/1979/579 704/1988/579 705/1980/579
f 701/1982/580 705/1989/580 706/1983/580
f 702/1981/581 706/1983/581 707/1990/581
f 703/1986/582 707/1991/582 708/1992/582
f 704/1987/583 703/1986/583 708/1992/583
f 705/1993/584 704/1987/584 708/1992/584
f 706/1983/585 705/1989/585 708/1994/585
f 707/1990/586 706/1983/586 708/1994/586
f 709/1995/587 710/1996/587 711/1997/587
f 710/1996/588 709/1995/588 714/1998/588
f 709/1999/589 711/2000/589 712/2001/589
f 709/1999/590 712/2001/590 713/2002/590
f 709/1999/591 713/2002/591 714/2003/591
f 710/1996/592 714/1998/592 719/2004/592
f 711/1997/593 710/1996/593 715/2005/593
f 712/2006/594 711/2007/594 716/2008/594
f 713/2009/595 712/2010/595 717/2011/595
f 714/2012/596 713/2013/596 718/2014/596
f 710/1996/597 719/2004/597 715/2005/597
f 711/2007/598 715/2015/598 716/2008/598
f 712/2010/599 716/2016/599 717/2011/599
f 713/2013/600 717/2017/600 718/2014/600
f 714/2012/601 718/2014/601 719/2018/601
f 715/2019/602 719/2020/602 720/2021/602
f 716/2008/603 715/2015/603 720/2022/603
f 717/2011/604 716/2016/604 720/2023/604
f 718/2024/605 717/2011/605 720/2023/605
f 719/2018/606 718/2014/606 720/2025/606
f 721/2026/1 722/2027/1 724/2028/1 723/2029/1
f 723/2030/2 724/2031/2 728/2032/2 727/2033/2
f 727/2034/3 728/2035/3 726/2036/3 725/2037/3
f 725/2038/4 726/2039/4 722/2040/4 721/2041/4
f 723/2042/5 727/2043/5 725/2044/5 721/2045/5
f 728/2046/6 724/2047/6 722/2048/6 726/2049/6
f 729/2050/1 730/2051/1 732/2052/1 731/2053/1
f 731/2054/2 732/2055/2 736/2056/2 735/2057/2
f 735/2058/3 736/2059/3 734/2060/3 733/2061/3
f 733/2062/4 734/2063/4 730/2064/4 729/2065/4
f 731/2066/5 735/2067/5 733/2068/5 729/2069/5
f 736/2070/6 732/2071/6 730/2072/6 734/2073/6
f 737/2074/1 738/2075/1 740/2076/1 739/2077/1
f 739/2078/2 740/2079/2 744/2080/2 743/2081/2
f 743/2082/3 744/2083/3 742/2084/3 741/2085/3
f 741/2086/4 742/2087/4 738/2088/4 737/2089/4
f 739/2090/5 743/2091/5 741/2092/5 737/2093/5
f 744/2094/6 740/2095/6 738/2096/6 742/2097/6
f 745/2098/1 746/2099/1 748/2100/1 747/2101/1
f 747/2102/2 748/2103/2 752/2104/2 751/2105/2
f 751/2106/3 752/2107/3 750/2108/3 749/2109/3
f 749/2110/4 750/2111/4 746/2112/4 745/2113/4
f 747/2114/5 751/2115/5 749/2116/5 745/2117/5
f 752/2118/6 748/2119/6 746/2120/6 750/2121/6
f 753/2122/1 754/2123/1 756/2124/1 755/2125/1
f 755/2126/2 756/2127/2 760/2128/2 759/2129/2
f 759/2130/3 760/2131/3 758/2132/3 757/2133/3
f 757/2134/4 758/2135/4 754/2136/4 753/2137/4
f 755/2138/5 759/2139/5 757/2140/5 753/2141/5
f 760/2142/6 756/2143/6 754/2144/6 758/2145/6
f 761/2146/1 762/2147/1 764/2148/1 763/2149/1
f 763/2150/2 764/2151/2 768/2152/2 767/2153/2
f 767/2154/3 768/2155/3 766/2156/3 765/2157/3
f 765/2158/4 766/2159/4 762/2160/4 761/2161/4
f 763/2162/5 767/2163/5 765/2164/5 761/2165/5
f 768/2166/6 764/2167/6 762/2168/6 766/2169/6
f 769/2170/1 770/2171/1 772/2172/1 771/2173/1
f 771/2174/2 772/2175/2 776/2176/2 775/2177/2
f 775/2178/3 776/2179/3 774/2180/3 773/2181/3
f 773/2182/4 774/2183/4 770/2184/4 769/2185/4
f 771/2186/5 775/2187/5 773/2188/5 769/2189/5
f 776/2190/6 772/2191/6 770/2192/6 774/2193/6
f 777/2194/1 778/2195/1 780/2196/1 779/2197/1
f 779/2198/2 780/2199/2 784/2200/2 783/2201/2
f 783/2202/3 784/2203/3 782/2204/3 781/2205/3
f 781/2206/4 782/2207/4 778/2208/4 777/2209/4
f 779/2210/5 783/2211/5 781/2212/5 777/2213/5
f 784/2214/6 780/2215/6 778/2216/6 782/2217/6
f 785/2218/1 786/2219/1 788/2220/1 787/2221/1
f 787/2222/2 788/2223/2 792/2224/2 791/2225/2
f 791/2226/3 792/2227/3 790/2228/3 789/2229/3
f 789/2230/4 790/2231/4 786/2232/4 785/2233/4
f 787/2234/5 791/2235/5 789/2236/5 785/2237/5
f 792/2238/6 788/2239/6 786/2240/6 790/2241/6
f 793/2242/1 794/2243/1 796/2244/1 795/2245/1
f 795/2246/2 796/2247/2 800/2248/2 799/2249/2
f 799/2250/3 800/2251/3 798/2252/3 797/2253/3
f 797/2254/4 798/2255/4 794/2256/4 793/2257/4
f 795/2258/5 799/2259/5 797/2260/5 793/2261/5
f 800/2262/6 796/2263/6 794/2264/6 798/2265/6
f 801/2266/1 802/2267/1 804/2268/1 803/2269/1
f 803/2270/2 804/2271/2 808/2272/2 807/2273/2
f 807/2274/3 808/2275/3 806/2276/3 805/2277/3
f 805/2278/4 806/2279/4 802/2280/4 801/2281/4
f 803/2282/5 807/2283/5 805/2284/5 801/2285/5
f 808/2286/6 804/2287/6 802/2288/6 806/2289/6
f 809/2290/1 810/2291/1 812/2292/1 811/2293/1
f 811/2294/2 812/2295/2 816/2296/2 815/2297/2
f 815/2298/3 816/2299/3 814/2300/3 813/2301/3
f 813/2302/4 814/2303/4 810/2304/4 809/2305/4
f 811/2306/5 815/2307/5 813/2308/5 809/2309/5
f 816/2310/6 812/2311/6 810/2312/6 814/2313/6
f 817/2314/1 818/2315/1 820/2316/1 819/2317/1
f 819/2318/2 820/2319/2 824/2320/2 823/2321/2
f 823/2322/3 824/2323/3 822/2324/3 821/2325/3
f 821/2326/4 822/2327/4 818/2328/4 817/2329/4
f 819/2330/5 823/2331/5 821/2332/5 817/2333/5
f 824/2334/6 820/2335/6 818/2336/6 822/2337/6
f 825/2338/1 826/2339/1 828/2340/1 827/2341/1
f 827/2342/2 828/2343/2 832/2344/2 831/2345/2
f 831/2346/3 832/2347/3 830/2348/3 829/2349/3
f 829/2350/4 830/2351/4 826/2352/4 825/2353/4
f 827/2354/5 831/2355/5 829/2356/5 825/2357/5
f 832/2358/6 828/2359/6 826/2360/6 830/2361/6
f 833/2362/1 834/2363/1 836/2364/1 835/2365/1
f 835/2366/2 836/2367/2 840/2368/2 839/2369/2
f 839/2370/3 840/2371/3 838/2372/3 837/2373/3
f 837/2374/4 838/2375/4 834/2376/4 833/2377/4
f 835/2378/5 839/2379/5 837/2380/5 833/2381/5
f 840/2382/6 836/2383/6 834/2384/6 838/2385/6
f 841/2386/1 842/2387/1 844/2388/1 843/2389/1
f 843/2390/2 844/2391/2 848/2392/2 847/2393/2
f 847/2394/3 848/2395/3 846/2396/3 845/2397/3
f 845/2398/4 846/2399/4 842/2400/4 841/2401/4
f 843/2402/5 847/2403/5 845/2404/5 841/2405/5
f 848/2406/6 844/2407/6 842/2408/6 846/2409/6
f 849/2410/1 850/2411/1 852/2412/1 851/2413/1
f 851/2414/2 852/2415/2 856/2416/2 855/2417/2
f 855/2418/3 856/2419/3 854/2420/3 853/2421/3
f 853/2422/4 854/2423/4 850/2424/4 849/2425/4
f 851/2426/5 855/2427/5 853/2428/5 849/2429/5
f 856/2430/6 852/2431/6 850/2432/6 854/2433/6
f 857/2434/1 858/2435/1 860/2436/1 859/2437/1
f 859/2438/2 860/2439/2 864/2440/2 863/2441/2
f 863/2442/3 864/2443/3 862/2444/3 861/2445/3
f 861/2446/4 862/2447/4 858/2448/4 857/2449/4
f 859/2450/5 863/2451/5 861/2452/5 857/2453/5
f 864/2454/6 860/2455/6 858/2456/6 862/2457/6
f 865/2458/1 866/2459/1 868/2460/1 867/2461/1
f 867/2462/2 868/2463/2 872/2464/2 871/2465/2
f 871/2466/3 872/2467/3 870/2468/3 869/2469/3
f 869/2470/4 870/2471/4 866/2472/4 865/2473/4
f 867/2474/5 871/2475/5 869/2476/5 865/2477/5
f 872/2478/6 868/2479/6 866/2480/6 870/2481/6
f 873/2482/1 874/2483/1 876/2484/1 875/2485/1
f 875/2486/2 876/2487/2 880/2488/2 879/2489/2
f 879/2490/3 880/2491/3 878/2492/3 877/2493/3
f 877/2494/4 878/2495/4 874/2496/4 873/2497/4
f 875/2498/5 879/2499/5 877/2500/5 873/2501/5
f 880/2502/6 876/2503/6 874/2504/6 878/2505/6
f 881/2506/1 882/2507/1 884/2508/1 883/2509/1
f 883/2510/2 884/2511/2 888/2512/2 887/2513/2
f 887/2514/3 888/2515/3 886/2516/3 885/2517/3
f 885/2518/4 886/2519/4 882/2520/4 881/2521/4
f 883/2522/5 887/2523/5 885/2524/5 881/2525/5
f 888/2526/6 884/2527/6 882/2528/6 886/2529/6
f 889/2530/1 890/2531/1 892/2532/1 891/2533/1
f 891/2534/2 892/2535/2 896/2536/2 895/2537/2
f 895/2538/3 896/2539/3 894/2540/3 893/2541/3
f 893/2542/4 894/2543/4 890/2544/4 889/2545/4
f 891/2546/5 895/2547/5 893/2548/5 889/2549/5
f 896/2550/6 892/2551/6 890/2552/6 894/2553/6
f 897/2554/1 898/2555/1 900/2556/1 899/2557/1
f 899/2558/2 900/2559/2 904/2560/2 903/2561/2
f 903/2562/3 904/2563/3 902/2564/3 901/2565/3
f 901/2566/4 902/2567/4 898/2568/4 897/2569/4
f 899/2570/5 903/2571/5 901/2572/5 897/2573/5
f 904/2574/6 900/2575/6 898/2576/6 902/2577/6
f 905/2578/1 906/2579/1 908/2580/1 907/2581/1
f 907/2582/2 908/2583/2 912/2584/2 911/2585/2
f 911/2586/3 912/2587/3 910/2588/3 909/2589/3
f 909/2590/4 910/2591/4 906/2592/4 905/2593/4
f 907/2594/5 911/2595/5 909/2596/5 905/2597/5
f 912/2598/6 908/2599/6 906/2600/6 910/2601/6
f 913/2602/1 914/2603/1 916/2604/1 915/2605/1
f 915/2606/2 916/2607/2 920/2608/2 919/2609/2
f 919/2610/3 920/2611/3 918/2612/3 917/2613/3
f 917/2614/4 918/2615/4 914/2616/4 913/2617/4
f 915/2618/5 919/2619/5 917/2620/5 913/2621/5
f 920/2622/6 916/2623/6 914/2624/6 918/2625/6
f 921/2626/1 922/2627/1 924/2628/1 923/2629/1
f 923/2630/2 924/2631/2 928/2632/2 927/2633/2
f 927/2634/3 928/2635/3 926/2636/3 925/2637/3
f 925/2638/4 926/2639/4 922/2640/4 921/2641/4
f 923/2642/5 927/2643/5 925/2644/5 921/2645/5
f 928/2646/6 924/2647/6 922/2648/6 926/2649/6
f 929/2650/1 930/2651/1 932/2652/1 931/2653/1
f 931/2654/2 932/2655/2 936/2656/2 935/2657/2
f 935/2658/3 936/2659/3 934/2660/3 933/2661/3
f 933/2662/4 934/2663/4 930/2664/4 929/2665/4
f 931/2666/5 935/2667/5 933/2668/5 929/2669/5
f 936/2670/6 932/2671/6 930/2672/6 934/2673/6
f 937/2674/1 938/2675/1 940/2676/1 939/2677/1
f 939/2678/2 940/2679/2 944/2680/2 943/2681/2
f 943/2682/3 944/2683/3 942/2684/3 941/2685/3
f 941/2686/4 942/2687/4 938/2688/4 937/2689/4
f 939/2690/5 943/2691/5 941/2692/5 937/2693/5
f 944/2694/6 940/2695/6 938/2696/6 942/2697/6
f 945/2698/1 946/2699/1 948/2700/1 947/2701/1
f 947/2702/2 948/2703/2 952/2704/2 951/2705/2
f 951/2706/3 952/2707/3 950/2708/3 949/2709/3
f 949/2710/4 950/2711/4 946/2712/4 945/2713/4
f 947/2714/5 951/2715/5 949/2716/5 945/2717/5
f 952/2718/6 948/2719/6 946/2720/6 950/2721/6
f 953/2722/1 954/2723/1 956/2724/1 955/2725/1
f 955/2726/2 956/2727/2 960/2728/2 959/2729/2
f 959/2730/3 960/2731/3 958/2732/3 957/2733/3
f 957/2734/4 958/2735/4 954/2736/4 953/2737/4
f 955/2738/5 959/2739/5 957/2740/5 953/2741/5
f 960/2742/6 956/2743/6 954/2744/6 958/2745/6
f 961/2746/1 962/2747/1 964/2748/1 963/2749/1
f 963/2750/2 964/2751/2 968/2752/2 967/2753/2
f 967/2754/3 968/2755/3 966/2756/3 965/2757/3
f 965/2758/4 966/2759/4 962/2760/4 961/2761/4
f 963/2762/5 967/2763/5 965/2764/5 961/2765/5
f 968/2766/6 964/2767/6 962/2768/6 966/2769/6
f 969/2770/1 970/2771/1 972/2772/1 971/2773/1
f 971/2774/2 972/2775/2 976/2776/2 975/2777/2
f 975/2778/3 976/2779/3 974/2780/3 973/2781/3
f 973/2782/4 974/2783/4 970/2784/4 969/2785/4
f 971/2786/5 975/2787/5 973/2788/5 969/2789/5
f 976/2790/6 972/2791/6 970/2792/6 974/2793/6
f 977/2794/1 978/2795/1 980/2796/1 979/2797/1
f 979/2798/2 980/2799/2 984/2800/2 983/2801/2
f 983/2802/3 984/2803/3 982/2804/3 981/2805/3
f 981/2806/4 982/2807/4 978/2808/4 977/2809/4
f 979/2810/5 983/2811/5 981/2812/5 977/2813/5
f 984/2814/6 980/2815/6 978/2816/6 982/2817/6
f 985/2818/1 986/2819/1 988/2820/1 987/2821/1
f 987/2822/2 988/2823/2 992/2824/2 991/2825/2
f 991/2826/3 992/2827/3 990/2828/3 989/2829/3
f 989/2830/4 990/2831/4 986/2832/4 985/2833/4
f 987/2834/5 991/2835/5 989/2836/5 985/2837/5
f 992/2838/6 988/2839/6 986/2840/6 990/2841/6
f 993/2842/1 994/2843/1 996/2844/1 995/2845/1
f 995/2846/2 996/2847/2 1000/2848/2 999/2849/2
f 999/2850/3 1000/2851/3 998/2852/3 997/2853/3
f 997/2854/4 998/2855/4 994/2856/4 993/2857/4
f 995/2858/5 999/2859/5 997/2860/5 993/2861/5
f 1000/2862/6 996/2863/6 994/2864/6 998/2865/6
f 1001/2866/1 1002/2867/1 1004/2868/1 1003/2869/1
f 1003/2870/2 1004/2871/2 1008/2872/2 1007/2873/2
f 1007/2874/3 1008/2875/3 1006/2876/3 1005/2877/3
f 1005/2878/4 1006/2879/4 1002/2880/4 1001/2881/4
f 1003/2882/5 1007/2883/5 1005/2884/5 1001/2885/5
f 1008/2886/6 1004/2887/6 1002/2888/6 1006/2889/6
f 1009/2890/1 1010/2891/1 1012/2892/1 1011/2893/1
f 1011/2894/2 1012/2895/2 1016/2896/2 1015/2897/2
f 1015/2898/3 1016/2899/3 1014/2900/3 1013/2901/3
f 1013/2902/4 1014/2903/4 1010/2904/4 1009/2905/4
f 1011/2906/5 1015/2907/5 1013/2908/5 1009/2909/5
f 1016/2910/6 1012/2911/6 1010/2912/6 1014/2913/6
f 1017/2914/1 1018/2915/1 1020/2916/1 1019/2917/1
f 1019/2918/2 1020/2919/2 1024/2920/2 1023/2921/2
f 1023/2922/3 1024/2923/3 1022/2924/3 1021/2925/3
f 1021/2926/4 1022/2927/4 1018/2928/4 1017/2929/4
f 1019/2930/5 1023/2931/5 1021/2932/5 1017/2933/5
f 1024/2934/6 1020/2935/6 1018/2936/6 1022/2937/6
f 1025/2938/1 1026/2939/1 1028/2940/1 1027/2941/1
f 1027/2942/2 1028/2943/2 1032/2944/2 1031/2945/2
f 1031/2946/3 1032/2947/3 1030/2948/3 1029/2949/3
f 1029/2950/4 1030/2951/4 1026/2952/4 1025/2953/4
f 1027/2954/5 1031/2955/5 1029/2956/5 1025/2957/5
f 1032/2958/6 1028/2959/6 1026/2960/6 1030/2961/6
f 1033/2962/1 1034/2963/1 1036/2964/1 1035/2965/1
f 1035/2966/2 1036/2967/2 1040/2968/2 1039/2969/2
f 1039/2970/3 1040/2971/3 1038/2972/3 1037/2973/3
f 1037/2974/4 1038/2975/4 1034/2976/4 1033/2977/4
f 1035/2978/5 1039/2979/5 1037/2980/5 1033/2981/5
f 1040/2982/6 1036/2983/6 1034/2984/6 1038/2985/6
f 1041/2986/1 1042/2987/1 1044/2988/1 1043/2989/1
f 1043/2990/2 1044/2991/2 1048/2992/2 1047/2993/2
f 1047/2994/3 1048/2995/3 1046/2996/3 1045/2997/3
f 1045/2998/4 1046/2999/4 1042/3000/4 1041/3001/4
f 1043/3002/5 1047/3003/5 1045/3004/5 1041/3005/5
f 1048/3006/6 1044/3007/6 1042/3008/6 1046/3009/6
f 1049/3010/1 1050/3011/1 1052/3012/1 1051/3013/1
f 1051/3014/2 1052/3015/2 1056/3016/2 1055/3017/2
f 1055/3018/3 1056/3019/3 1054/3020/3 1053/3021/3
f 1053/3022/4 1054/3023/4 1050/3024/4 1049/3025/4
f 1051/3026/5 1055/3027/5 1053/3028/5 1049/3029/5
f 1056/3030/6 1052/3031/6 1050/3032/6 1054/3033/6
f 1057/3034/1 1058/3035/1 1060/3036/1 1059/3037/1
f 1059/3038/2 1060/3039/2 1064/3040/2 1063/3041/2
f 1063/3042/3 1064/3043/3 1062/3044/3 1061/3045/3
f 1061/3046/4 1062/3047/4 1058/3048/4 1057/3049/4
f 1059/3050/5 1063/3051/5 1061/3052/5 1057/3053/5
f 1064/3054/6 1060/3055/6 1058/3056/6 1062/3057/6
f 1065/3058/1 1066/3059/1 1068/3060/1 1067/3061/1
f 1067/3062/2 1068/3063/2 1072/3064/2 1071/3065/2
f 1071/3066/3 1072/3067/3 1070/3068/3 1069/3069/3
f 1069/3070/4 1070/3071/4 1066/3072/4 1065/3073/4
f 1067/3074/5 1071/3075/5 1069/3076/5 1065/3077/5
f 1072/3078/6 1068/3079/6 1066/3080/6 1070/3081/6
f 1073/3082/1 1074/3083/1 1076/3084/1 1075/3085/1
f 1075/3086/2 1076/3087/2 1080/3088/2 1079/3089/2
f 1079/3090/3 1080/3091/3 1078/3092/3 1077/3093/3
f 1077/3094/4 1078/3095/4 1074/3096/4 1073/3097/4
f 1075/3098/5 1079/3099/5 1077/3100/5 1073/3101/5
f 1080/3102/6 1076/3103/6 1074/3104/6 1078/3105/6
f 1081/3106/1 1082/3107/1 1084/3108/1 1083/3109/1
f 1083/3110/2 1084/3111/2 1088/3112/2 1087/3113/2
f 1087/3114/3 1088/3115/3 1086/3116/3 1085/3117/3
f 1085/3118/4 1086/3119/4 1082/3120/4 1081/3121/4
f 1083/3122/5 1087/3123/5 1085/3124/5 1081/3125/5
f 1088/3126/6 1084/3127/6 1082/3128/6 1086/3129/6
f 1089/3130/1 1090/3131/1 1092/3132/1 1091/3133/1
f 1091/3134/2 1092/3135/2 1096/3136/2 1095/3137/2
f 1095/3138/3 1096/3139/3 1094/3140/3 1093/3141/3
f 1093/3142/4 1094/3143/4 1090/3144/4 1089/3145/4
f 1091/3146/5 1095/3147/5 1093/3148/5 1089/3149/5
f 1096/3150/6 1092/3151/6 1090/3152/6 1094/3153/6
f 1097/3154/1 1098/3155/1 1100/3156/1 1099/3157/1
f 1099/3158/2 1100/3159/2 1104/3160/2 1103/3161/2
f 1103/3162/3 1104/3163/3 1102/3164/3 1101/3165/3
f 1101/3166/4 1102/3167/4 1098/3168/4 1097/3169/4
f 1099/3170/5 1103/3171/5 1101/3172/5 1097/3173/5
f 1104/3174/6 1100/3175/6 1098/3176/6 1102/3177/6
f 1105/3178/1 1106/3179/1 1108/3180/1 1107/3181/1
f 1107/3182/2 1108/3183/2 1112/3184/2 1111/3185/2
f 1111/3186/3 1112/3187/3 1110/3188/3 1109/3189/3
f 1109/3190/4 1110/3191/4 1106/3192/4 1105/3193/4
f 1107/3194/5 1111/3195/5 1109/3196/5 1105/3197/5
f 1112/3198/6 1108/3199/6 1106/3200/6 1110/3201/6
f 1113/3202/1 1114/3203/1 1116/3204/1 1115/3205/1
f 1115/3206/2 1116/3207/2 1120/3208/2 1119/3209/2
f 1119/3210/3 1120/3211/3 1118/3212/3 1117/3213/3
f 1117/3214/4 1118/3215/4 1114/3216/4 1113/3217/4
f 1115/3218/5 1119/3219/5 1117/3220/5 1113/3221/5
f 1120/3222/6 1116/3223/6 1114/3224/6 1118/3225/6
f 1121/3226/1 1122/3227/1 1124/3228/1 1123/3229/1
f 1123/3230/2 1124/3231/2 1128/3232/2 1127/3233/2
f 1127/3234/3 1128/3235/3 1126/3236/3 1125/3237/3
f 1125/3238/4 1126/3239/4 1122/3240/4 1121/3241/4
f 1123/3242/5 1127/3243/5 1125/3244/5 1121/3245/5
f 1128/3246/6 1124/3247/6 1122/3248/6 1126/3249/6
f 1129/3250/1 1130/3251/1 1132/3252/1 1131/3253/1
f 1131/3254/2 1132/3255/2 1136/3256/2 1135/3257/2
f 1135/3258/3 1136/3259/3 1134/3260/3 1133/3261/3
f 1133/3262/4 1134/3263/4 1130/3264/4 1129/3265/4
f 1131/3266/5 1135/3267/5 1133/3268/5 1129/3269/5
f 1136/3270/6 1132/3271/6 1130/3272/6 1134/3273/6
f 1137/3274/1 1138/3275/1 1140/3276/1 1139/3277/1
f 1139/3278/2 1140/3279/2 1144/3280/2 1143/3281/2
f 1143/3282/3 1144/3283/3 1142/3284/3 1141/3285/3
f 1141/3286/4 1142/3287/4 1138/3288/4 1137/3289/4
f 1139/3290/5 1143/3291/5 1141/3292/5 1137/3293/5
f 1144/3294/6 1140/3295/6 1138/3296/6 1142/3297/6
f 1145/3298/1 1146/3299/1 1148/3300/1 1147/3301/1
f 1147/3302/2 1148/3303/2 1152/3304/2 1151/3305/2
f 1151/3306/3 1152/3307/3 1150/3308/3 1149/3309/3
f 1149/3310/4 1150/3311/4 1146/3312/4 1145/3313/4
f 1147/3314/5 1151/3315/5 1149/3316/5 1145/3317/5
f 1152/3318/6 1148/3319/6 1146/3320/6 1150/3321/6
f 1153/3322/1 1154/3323/1 1156/3324/1 1155/3325/1
f 1155/3326/2 1156/3327/2 1160/3328/2 1159/3329/2
f 1159/3330/3 1160/3331/3 1158/3332/3 1157/3333/3
f 1157/3334/4 1158/3335/4 1154/3336/4 1153/3337/4
f 1155/3338/5 1159/3339/5 1157/3340/5 1153/3341/5
f 1160/3342/6 1156/3343/6 1154/3344/6 1158/3345/6
f 1161/3346/1 1162/3347/1 1164/3348/1 1163/3349/1
f 1163/3350/2 1164/3351/2 1168/3352/2 1167/3353/2
f 1167/3354/3 1168/3355/3 1166/3356/3 1165/3357/3
f 1165/3358/4 1166/3359/4 1162/3360/4 1161/3361/4
f 1163/3362/5 1167/3363/5 1165/3364/5 1161/3365/5
f 1168/3366/6 1164/3367/6 1162/3368/6 1166/3369/6
f 1169/3370/1 1170/3371/1 1172/3372/1 1171/3373/1
f 1171/3374/2 1172/3375/2 1176/3376/2 1175/3377/2
f 1175/3378/3 1176/3379/3 1174/3380/3 1173/3381/3
f 1173/3382/4 1174/3383/4 1170/3384/4 1169/3385/4
f 1171/3386/5 1175/3387/5 1173/3388/5 1169/3389/5
f 1176/3390/6 1172/3391/6 1170/3392/6 1174/3393/6
f 1177/3394/1 1178/3395/1 1180/3396/1 1179/3397/1
f 1179/3398/2 1180/3399/2 1184/3400/2 1183/3401/2
f 1183/3402/3 1184/3403/3 1182/3404/3 1181/3405/3
f 1181/3406/4 1182/3407/4 1178/3408/4 1177/3409/4
f 1179/3410/5 1183/3411/5 1181/3412/5 1177/3413/5
f 1184/3414/6 1180/3415/6 1178/3416/6 1182/3417/6
f 1185/3418/1 1186/3419/1 1188/3420/1 1187/3421/1
f 1187/3422/2 1188/3423/2 1192/3424/2 1191/3425/2
f 1191/3426/3 1192/3427/3 1190/3428/3 1189/3429/3
f 1189/3430/4 1190/3431/4 1186/3432/4 1185/3433/4
f 1187/3434/5 1191/3435/5 1189/3436/5 1185/3437/5
f 1192/3438/6 1188/3439/6 1186/3440/6 1190/3441/6
f 1193/3442/1 1194/3443/1 1196/3444/1 1195/3445/1
f 1195/3446/2 1196/3447/2 1200/3448/2 1199/3449/2
f 1199/3450/3 1200/3451/3 1198/3452/3 1197/3453/3
f 1197/3454/4 1198/3455/4 1194/3456/4 1193/3457/4
f 1195/3458/5 1199/3459/5 1197/3460/5 1193/3461/5
f 1200/3462/6 1196/3463/6 1194/3464/6 1198/3465/6
f 1201/3466/1 1202/3467/1 1204/3468/1 1203/3469/1
f 1203/3470/2 1204/3471/2 1208/3472/2 1207/3473/2
f 1207/3474/3 1208/3475/3 1206/3476/3 1205/3477/3
f 1205/3478/4 1206/3479/4 1202/3480/4 1201/3481/4
f 1203/3482/5 1207/3483/5 1205/3484/5 1201/3485/5
f 1208/3486/6 1204/3487/6 1202/3488/6 1206/3489/6
f 1209/3490/1 1210/3491/1 1212/3492/1 1211/3493/1
f 1211/3494/2 1212/3495/2 1216/3496/2 1215/3497/2
f 1215/3498/3 1216/3499/3 1214/3500/3 1213/3501/3
f 1213/3502/4 1214/3503/4 1210/3504/4 1209/3505/4
f 1211/3506/5 1215/3507/5 1213/3508/5 1209/3509/5
f 1216/3510/6 1212/3511/6 1210/3512/6 1214/3513/6
f 1217/3514/1 1218/3515/1 1220/3516/1 1219/3517/1
f 1219/3518/2 1220/3519/2 1224/3520/2 1223/3521/2
f 1223/3522/3 1224/3523/3 1222/3524/3 1221/3525/3
f 1221/3526/4 1222/3527/4 1218/3528/4 1217/3529/4
f 1219/3530/5 1223/3531/5 1221/3532/5 1217/3533/5
f 1224/3534/6 1220/3535/6 1218/3536/6 1222/3537/6
f 1225/3538/1 1226/3539/1 1228/3540/1 1227/3541/1
f 1227/3542/2 1228/3543/2 1232/3544/2 1231/3545/2
f 1231/3546/3 1232/3547/3 1230/3548/3 1229/3549/3
f 1229/3550/4 1230/3551/4 1226/3552/4 1225/3553/4
f 1227/3554/5 1231/3555/5 1229/3556/5 1225/3557/5
f 1232/3558/6 1228/3559/6 1226/3560/6 1230/3561/6
f 1233/3562/1 1234/3563/1 1236/3564/1 1235/3565/1
f 1235/3566/2 1236/3567/2 1240/3568/2 1239/3569/2
f 1239/3570/3 1240/3571/3 1238/3572/3 1237/3573/3
f 1237/3574/4 1238/3575/4 1234/3576/4 1233/3577/4
f 1235/3578/5 1239/3579/5 1237/3580/5 1233/3581/5
f 1240/3582/6 1236/3583/6 1234/3584/6 1238/3585/6
f 1241/3586/607 1242/3587/607 1244/3588/607 1243/3589/607
f 1243/3590/2 1244/3591/2 1248/3592/2 1247/3593/2
f 1247/3594/608 1248/3595/608 1246/3596/608 1245/3597/608
f 1245/3598/4 1246/3599/4 1242/3600/4 1241/3601/4
f 1243/3602/609 1247/3594/609 1245/3597/609 1241/3603/609
f 1248/3604/610 1244/3605/610 1242/3606/610 1246/3607/610
f 1249/3608/1 1250/3609/1 1252/3610/1 1251/3611/1
f 1251/3612/2 1252/3613/2 1256/3614/2 1255/3615/2
f 1255/3616/3 1256/3617/3 1254/3618/3 1253/3619/3
f 1253/3620/4 1254/3621/4 1250/3622/4 1249/3623/4
f 1251/3624/5 1255/3625/5 1253/3626/5 1249/3627/5
f 1256/3628/6 1252/3629/6 1250/3630/6 1254/3631/6
f 1257/3632/1 1258/3633/1 1260/3634/1 1259/3635/1
f 1259/3636/2 1260/3637/2 1264/3638/2 1263/3639/2
f 1263/3640/3 1264/3641/3 1262/3642/3 1261/3643/3
f 1261/3644/4 1262/3645/4 1258/3646/4 1257/3647/4
f 1259/3648/5 1263/3649/5 1261/3650/5 1257/3651/5
f 1264/3652/6 1260/3653/6 1258/3654/6 1262/3655/6
f 1265/3656/1 1266/3657/1 1268/3658/1 1267/3659/1
f 1267/3660/2 1268/3661/2 1272/3662/2 1271/3663/2
f 1271/3664/3 1272/3665/3 1270/3666/3 1269/3667/3
f 1269/3668/4 1270/3669/4 1266/3670/4 1265/3671/4
f 1267/3672/5 1271/3673/5 1269/3674/5 1265/3675/5
f 1272/3676/6 1268/3677/6 1266/3678/6 1270/3679/6
f 1273/3680/1 1274/3681/1 1276/3682/1 1275/3683/1
f 1275/3684/2 1276/3685/2 1280/3686/2 1279/3687/2
f 1279/3688/3 1280/3689/3 1278/3690/3 1277/3691/3
f 1277/3692/4 1278/3693/4 1274/3694/4 1273/3695/4
f 1275/3696/5 1279/3697/5 1277/3698/5 1273/3699/5
f 1280/3700/6 1276/3701/6 1274/3702/6 1278/3703/6
f 1281/3704/1 1282/3705/1 1284/3706/1 1283/3707/1
f 1283/3708/2 1284/3709/2 1288/3710/2 1287/3711/2
f 1287/3712/3 1288/3713/3 1286/3714/3 1285/3715/3
f 1285/3716/4 1286/3717/4 1282/3718/4 1281/3719/4
f 1283/3720/5 1287/3721/5 1285/3722/5 1281/3723/5
f 1288/3724/6 1284/3725/6 1282/3726/6 1286/3727/6
f 1289/3728/1 1290/3729/1 1292/3730/1 1291/3731/1
f 1291/3732/2 1292/3733/2 1296/3734/2 1295/3735/2
f 1295/3736/3 1296/3737/3 1294/3738/3 1293/3739/3
f 1293/3740/4 1294/3741/4 1290/3742/4 1289/3743/4
f 1291/3744/5 1295/3745/5 1293/3746/5 1289/3747/5
f 1296/3748/6 1292/3749/6 1290/3750/6 1294/3751/6
f 1297/3752/1 1298/3753/1 1300/3754/1 1299/3755/1
f 1299/3756/2 1300/3757/2 1304/3758/2 1303/3759/2
f 1303/3760/3 1304/3761/3 1302/3762/3 1301/3763/3
f 1301/3764/4 1302/3765/4 1298/3766/4 1297/3767/4
f 1299/3768/5 1303/3769/5 1301/3770/5 1297/3771/5
f 1304/3772/6 1300/3773/6 1298/3774/6 1302/3775/6
f 1305/3776/1 1306/3777/1 1308/3778/1 1307/3779/1
f 1307/3780/2 1308/3781/2 1312/3782/2 1311/3783/2
f 1311/3784/3 1312/3785/3 1310/3786/3 1309/3787/3
f 1309/3788/4 1310/3789/4 1306/3790/4 1305/3791/4
f 1307/3792/5 1311/3793/5 1309/3794/5 1305/3795/5
f 1312/3796/6 1308/3797/6 1306/3798/6 1310/3799/6
f 1313/3800/1 1314/3801/1 1316/3802/1 1315/3803/1
f 1315/3804/2 1316/3805/2 1320/3806/2 1319/3807/2
f 1319/3808/3 1320/3809/3 1318/3810/3 1317/3811/3
f 1317/3812/4 1318/3813/4 1314/3814/4 1313/3815/4
f 1315/3816/5 1319/3817/5 1317/3818/5 1313/3819/5
f 1320/3820/6 1316/3821/6 1314/3822/6 1318/3823/6
f 1321/3824/1 1322/3825/1 1324/3826/1 1323/3827/1
f 1323/3828/2 1324/3829/2 1328/3830/2 1327/3831/2
f 1327/3832/3 1328/3833/3 1326/3834/3 1325/3835/3
f 1325/3836/4 1326/3837/4 1322/3838/4 1321/3839/4
f 1323/3840/5 1327/3841/5 1325/3842/5 1321/3843/5
f 1328/3844/6 1324/3845/6 1322/3846/6 1326/3847/6
f 1329/3848/1 1330/3849/1 1332/3850/1 1331/3851/1
f 1331/3852/2 1332/3853/2 1336/3854/2 1335/3855/2
f 1335/3856/3 1336/3857/3 1334/3858/3 1333/3859/3
f 1333/3860/4 1334/3861/4 1330/3862/4 1329/3863/4
f 1331/3864/5 1335/3865/5 1333/3866/5 1329/3867/5
f 1336/3868/6 1332/3869/6 1330/3870/6 1334/3871/6
f 1337/3872/1 1338/3873/1 1340/3874/1 1339/3875/1
f 1339/3876/2 1340/3877/2 1344/3878/2 1343/3879/2
f 1343/3880/3 1344/3881/3 1342/3882/3 1341/3883/3
f 1341/3884/4 1342/3885/4 1338/3886/4 1337/3887/4
f 1339/3888/5 1343/3889/5 1341/3890/5 1337/3891/5
f 1344/3892/6 1340/3893/6 1338/3894/6 1342/3895/6
f 1345/3896/1 1346/3897/1 1348/3898/1 1347/3899/1
f 1347/3900/2 1348/3901/2 1352/3902/2 1351/3903/2
f 1351/3904/3 1352/3905/3 1350/3906/3 1349/3907/3
f 1349/3908/4 1350/3909/4 1346/3910/4 1345/3911/4
f 1347/3912/5 1351/3913/5 1349/3914/5 1345/3915/5
f 1352/3916/6 1348/3917/6 1346/3918/6 1350/3919/6
f 1353/3920/1 1354/3921/1 1356/3922/1 1355/3923/1
f 1355/3924/2 1356/3925/2 1360/3926/2 1359/3927/2
f 1359/3928/3 1360/3929/3 1358/3930/3 1357/3931/3
f 1357/3932/4 1358/3933/4 1354/3934/4 1353/3935/4
f 1355/3936/5 1359/3937/5 1357/3938/5 1353/3939/5
f 1360/3940/6 1356/3941/6 1354/3942/6 1358/3943/6
f 1361/3944/1 1362/3945/1 1364/3946/1 1363/3947/1
f 1363/3948/2 1364/3949/2 1368/3950/2 1367/3951/2
f 1367/3952/3 1368/3953/3 1366/3954/3 1365/3955/3
f 1365/3956/4 1366/3957/4 1362/3958/4 1361/3959/4
f 1363/3960/5 1367/3961/5 1365/3962/5 1361/3963/5
f 1368/3964/6 1364/3965/6 1362/3966/6 1366/3967/6
f 1369/3968/1 1370/3969/1 1372/3970/1 1371/3971/1
f 1371/3972/2 1372/3973/2 1376/3974/2 1375/3975/2
f 1375/3976/3 1376/3977/3 1374/3978/3 1373/3979/3
f 1373/3980/4 1374/3981/4 1370/3982/4 1369/3983/4
f 1371/3984/5 1375/3985/5 1373/3986/5 1369/3987/5
f 1376/3988/6 1372/3989/6 1370/3990/6 1374/3991/6
f 1377/3992/1 1378/3993/1 1380/3994/1 1379/3995/1
f 1379/3996/2 1380/3997/2 1384/3998/2 1383/3999/2
f 1383/4000/3 1384/4001/3 1382/4002/3 1381/4003/3
f 1381/4004/4 1382/4005/4 1378/4006/4 1377/4007/4
f 1379/4008/5 1383/4009/5 1381/4010/5 1377/4011/5
f 1384/4012/6 1380/4013/6 1378/4014/6 1382/4015/6
f 1385/4016/1 1386/4017/1 1388/4018/1 1387/4019/1
f 1387/4020/2 1388/4021/2 1392/4022/2 1391/4023/2
f 1391/4024/3 1392/4025/3 1390/4026/3 1389/4027/3
f 1389/4028/4 1390/4029/4 1386/4030/4 1385/4031/4
f 1387/4032/5 1391/4033/5 1389/4034/5 1385/4035/5
f 1392/4036/6 1388/4037/6 1386/4038/6 1390/4039/6
f 1393/4040/611 1394/4041/611 1395/4042/611
f 1394/4041/612 1393/4040/612 1398/4043/612
f 1393/4044/613 1395/4045/613 1396/4046/613
f 1393/4044/614 1396/4046/614 1397/4047/614
f 1393/4044/615 1397/4047/615 1398/4048/615
f 1394/4041/616 1398/4043/616 1403/4049/616
f 1395/4050/617 1394/4051/617 1399/4052/617
f 1396/4046/618 1395/4045/618 1400/4053/618
f 1397/4047/619 1396/4046/619 1401/4054/619
f 1398/4055/620 1397/4056/620 1402/4057/620
f 1394/4041/621 1403/4049/621 1399/4058/621
f 1395/4050/622 1399/4052/622 1400/4059/622
f 1396/4060/623 1400/4061/623 1401/4062/623
f 1397/4056/624 1401/4063/624 1402/4057/624
f 1398/4064/625 1402/4065/625 1403/4066/625
f 1399/4067/626 1403/4066/626 1404/4068/626
f 1400/4061/627 1399/4069/627 1404/4070/627
f 1401/4062/628 1400/4061/628 1404/4070/628
f 1402/4057/629 1401/4063/629 1404/4071/629
f 1403/4066/630 1402/4065/630 1404/4068/630
f 1405/4072/631 1406/4073/631 1407/4074/631
f 1406/4075/632 1405/4076/632 1410/4077/632
f 1405/4072/633 1407/4074/633 1408/4078/633
f 1405/4076/634 1408/4079/634 1409/4080/634
f 1405/4076/635 1409/4080/635 1410/4077/635
f 1406/4081/636 1410/4082/636 1415/4083/636
f 1407/4084/637 1406/4081/637 1411/4085/637
f 1408/4086/638 1407/4087/638 1412/4088/638
f 1409/4089/639 1408/4086/639 1413/4090/639
f 1410/4077/640 1409/4080/640 1414/4091/640
f 1406/4081/641 1415/4083/641 1411/4085/641
f 1407/4092/642 1411/4093/642 1412/4094/642
f 1408/4086/643 1412/4088/643 1413/4090/643
f 1409/4095/644 1413/4096/644 1414/4097/644
f 1410/4082/645 1414/4098/645 1415/4083/645
f 1411/4093/646 1415/4099/646 1416/4100/646
f 1412/4094/647 1411/4093/647 1416/4100/647
f 1413/4090/648 1412/4088/648 1416/4101/648
f 1414/4097/649 1413/4096/649 1416/4102/649
f 1415/4103/650 1414/4097/650 1416/4102/650
f 1417/4104/651 1418/4105/651 1419/4106/651
f 1418/4107/652 1417/4108/652 1422/4109/652
f 1417/4104/653 1419/4106/653 1420/4110/653
f 1417/4108/654 1420/4111/654 1421/4112/654
f 1417/4108/655 1421/4112/655 1422/4109/655
f 1418/4113/656 1422/4114/656 1427/4115/656
f 1419/4106/657 1418/4105/657 1423/4116/657
f 1420/4117/658 1419/4118/658 1424/4119/658
f 1421/4120/659 1420/4117/659 1425/4121/659
f 1422/4114/660 1421/4122/660 1426/4123/660
f 1418/4113/661 1427/4115/661 1423/4124/661
f 1419/4125/662 1423/4126/662 1424/4127/662
f 1420/4117/663 1424/4119/663 1425/4121/663
f 1421/4128/664 1425/4129/664 1426/4130/664
f 1422/4114/665 1426/4123/665 1427/4115/665
f 1423/4126/666 1427/4131/666 1428/4132/666
f 1424/4127/667 1423/4126/667 1428/4132/667
f 1425/4133/668 1424/4127/668 1428/4132/668
f 1426/4130/669 1425/4129/669 1428/4134/669
f 1427/4115/670 1426/4123/670 1428/4135/670
f 1429/4136/671 1430/4137/671 1431/4138/671
f 1430/4137/672 1429/4136/672 1434/4139/672
f 1429/4140/673 1431/4141/673 1432/4142/673
f 1429/4140/674 1432/4142/674 1433/4143/674
f 1429/4140/675 1433/4143/675 1434/4144/675
f 1430/4137/676 1434/4139/676 1439/4145/676
f 1431/4138/677 1430/4137/677 1435/4146/677
f 1432/4147/678 1431/4148/678 1436/4149/678
f 1433/4150/679 1432/4151/679 1437/4152/679
f 1434/4153/680 1433/4154/680 1438/4155/680
f 1430/4137/681 1439/4145/681 1435/4146/681
f 1431/4148/682 1435/4156/682 1436/4149/682
f 1432/4151/683 1436/4157/683 1437/4152/683
f 1433/4154/684 1437/4158/684 1438/4155/684
f 1434/4153/685 1438/4155/685 1439/4159/685
f 1435/4160/686 1439/4161/686 1440/4162/686
f 1436/4149/687 1435/4156/687 1440/4163/687
f 1437/4152/688 1436/4157/688 1440/4164/688
f 1438/4165/689 1437/4152/689 1440/4164/689
f 1439/4161/690 1438/4166/690 1440/4162/690
f 1441/4167/691 1442/4168/691 1443/4169/691
f 1442/4168/692 1441/4167/692 1446/4170/692
f 1441/4167/693 1443/4169/693 1444/4171/693
f 1441/4172/694 1444/4173/694 1445/4174/694
f 1441/4172/695 1445/4174/695 1446/4175/695
f 1442/4176/696 1446/4177/696 1451/4178/696
f 1443/4179/697 1442/4180/697 1447/4181/697
f 1444/4182/698 1443/4183/698 1448/4184/698
f 1445/4174/699 1444/4173/699 1449/4185/699
f 1446/4175/700 1445/4174/700 1450/4186/700
f 1442/4180/701 1451/4187/701 1447/4181/701
f 1443/4179/702 1447/4181/702 1448/4188/702
f 1444/4182/703 1448/4184/703 1449/4189/703
f 1445/4190/704 1449/4191/704 1450/4192/704
f 1446/4193/705 1450/4192/705 1451/4194/705
f 1447/4181/706 1451/4187/706 1452/4195/706
f 1448/4188/707 1447/4181/707 1452/4195/707
f 1449/4191/708 1448/4196/708 1452/4197/708
f 1450/4192/709 1449/4191/709 1452/4197/709
f 1451/4194/710 1450/4192/710 1452/4197/710
f 1453/4198/711 1454/4199/711 1455/4200/711
f 1454/4199/712 1453/4198/712 1458/4201/712
f 1453/4202/713 1455/4203/713 1456/4204/713
f 1453/4202/714 1456/4204/714 1457/4205/714
f 1453/4202/715 1457/4205/715 1458/4206/715
f 1454/4199/716 1458/4201/716 1463/4207/716
f 1455/4208/717 1454/4209/717 1459/4210/717
f 1456/4211/718 1455/4208/718 1460/4212/718
f 1457/4205/719 1456/4204/719 1461/4213/719
f 1458/4214/720 1457/4215/720 1462/4216/720
f 1454/4217/721 1463/4218/721 1459/4219/721
f 1455/4208/722 1459/4210/722 1460/4212/722
f 1456/4220/723 1460/4221/723 1461/4222/723
f 1457/4215/724 1461/4223/724 1462/4216/724
f 1458/4214/725 1462/4216/725 1463/4224/725
f 1459/4219/726 1463/4218/726 1464/4225/726
f 1460/4212/727 1459/4210/727 1464/4226/727
f 1461/4222/728 1460/4221/728 1464/4227/728
f 1462/4228/729 1461/4222/729 1464/4227/729
f 1463/4218/730 1462/4229/730 1464/4225/730
f 1465/4230/731 1466/4231/731 1467/4232/731
f 1466/4233/732 1465/4234/732 1470/4235/732
f 1465/4234/733 1467/4236/733 1468/4237/733
f 1465/4234/734 1468/4237/734 1469/4238/734
f 1465/4234/735 1469/4238/735 1470/4235/735
f 1466/4239/736 1470/4240/736 1475/4241/736
f 1467/4232/737 1466/4231/737 1471/4242/737
f 1468/4243/738 1467/4244/738 1472/4245/738
f 1469/4246/739 1468/4247/739 1473/4248/739
f 1470/4240/740 1469/4249/740 1474/4250/740
f 1466/4251/741 1475/4252/741 1471/4253/741
f 1467/4232/742 1471/4242/742 1472/4254/742
f 1468/4243/743 1472/4245/743 1473/4255/743
f 1469/4246/744 1473/4248/744 1474/4256/744
f 1470/4240/745 1474/4250/745 1475/4241/745
f 1471/4253/746 1475/4252/746 1476/4257/746
f 1472/4258/747 1471/4253/747 1476/4257/747
f 1473/4259/748 1472/4258/748 1476/4257/748
f 1474/4256/749 1473/4248/749 1476/4260/749
f 1475/4252/750 1474/4261/750 1476/4257/750
f 1477/4262/751 1478/4263/751 1479/4264/751
f 1478/4263/752 1477/4262/752 1482/4265/752
f 1477/4266/753 1479/4267/753 1480/4268/753
f 1477/4266/754 1480/4268/754 1481/4269/754
f 1477/4266/755 1481/4269/755 1482/4270/755
f 1478/4271/756 1482/4272/756 1487/4273/756
f 1479/4264/757 1478/4263/757 1483/4274/757
f 1480/4275/758 1479/4276/758 1484/4277/758
f 1481/4278/759 1480/4275/759 1485/4279/759
f 1482/4270/760 1481/4269/760 1486/4280/760
f 1478/4271/761 1487/4273/761 1483/4281/761
f 1479/4282/762 1483/4283/762 1484/4284/762
f 1480/4275/763 1484/4277/763 1485/4279/763
f 1481/4285/764 1485/4286/764 1486/4287/764
f 1482/4272/765 1486/4288/765 1487/4273/765
f 1483/4283/766 1487/4289/766 1488/4290/766
f 1484/4284/767 1483/4283/767 1488/4290/767
f 1485/4286/768 1484/4291/768 1488/4292/768
f 1486/4287/769 1485/4286/769 1488/4292/769
f 1487/4273/770 1486/4288/770 1488/4293/770
f 1489/4294/771 1490/4295/771 1491/4296/771
f 1490/4295/772 1489/4294/772 1494/4297/772
f 1489/4298/773 1491/4299/773 1492/4300/773
f 1489/4298/774 1492/4300/774 1493/4301/774
f 1489/4298/775 1493/4301/775 1494/4302/775
f 1490/4295/776 1494/4297/776 1499/4303/776
f 1491/4296/777 1490/4295/777 1495/4304/777
f 1492/4305/778 1491/4306/778 1496/4307/778
f 1493/4308/779 1492/4309/779 1497/4310/779
f 1494/4311/780 1493/4312/780 1498/4313/780
f 1490/4295/781 1499/4303/781 1495/4304/781
f 1491/4306/782 1495/4314/782 1496/4307/782
f 1492/4309/783 1496/4315/783 1497/4310/783
f 1493/4312/784 1497/4316/784 1498/4313/784
f 1494/4311/785 1498/4313/785 1499/4317/785
f 1495/4318/786 1499/4319/786 1500/4320/786
f 1496/4307/787 1495/4314/787 1500/4321/787
f 1497/4310/788 1496/4315/788 1500/4322/788
f 1498/4323/789 1497/4310/789 1500/4322/789
f 1499/4319/790 1498/4324/790 1500/4320/790
f 1501/4325/791 1502/4326/791 1503/4327/791
f 1502/4326/792 1501/4325/792 1506/4328/792
f 1501/4329/793 1503/4330/793 1504/4331/793
f 1501/4329/794 1504/4331/794 1505/4332/794
f 1501/4333/795 1505/4334/795 1506/4335/795
f 1502/4326/796 1506/4328/796 1511/4336/796
f 1503/4327/797 1502/4326/797 1507/4337/797
f 1504/4331/798 1503/4330/798 1508/4338/798
f 1505/4332/799 1504/4331/799 1509/4339/799
f 1506/4335/800 1505/4334/800 1510/4340/800
f 1502/4326/801 1511/4336/801 1507/4337/801
f 1503/4341/802 1507/4342/802 1508/4343/802
f 1504/4344/803 1508/4345/803 1509/4346/803
f 1505/4334/804 1509/4347/804 1510/4340/804
f 1506/4335/805 1510/4340/805 1511/4348/805
f 1507/4349/806 1511/4350/806 1512/4351/806
f 1508/4352/807 1507/4349/807 1512/4351/807
f 1509/4346/808 1508/4345/808 1512/4353/808
f 1510/4340/809 1509/4347/809 1512/4354/809
f 1511/4350/810 1510/4355/810 1512/4351/810
f 1513/4356/1 1514/4357/1 1516/4358/1 1515/4359/1
f 1515/4360/2 1516/4361/2 1520/4362/2 1519/4363/2
f 1519/4364/3 1520/4365/3 1518/4366/3 1517/4367/3
f 1517/4368/4 1518/4369/4 1514/4370/4 1513/4371/4
f 1515/4372/5 1519/4373/5 1517/4374/5 1513/4375/5
f 1520/4376/6 1516/4377/6 1514/4378/6 1518/4379/6
f 1521/4380/1 1522/4381/1 1524/4382/1 1523/4383/1
f 1523/4384/2 1524/4385/2 1528/4386/2 1527/4387/2
f 1527/4388/3 1528/4389/3 1526/4390/3 1525/4391/3
f 1525/4392/4 1526/4393/4 1522/4394/4 1521/4395/4
f 1523/4396/5 1527/4397/5 1525/4398/5 1521/4399/5
f 1528/4400/6 1524/4401/6 1522/4402/6 1526/4403/6
f 1529/4404/1 1530/4405/1 1532/4406/1 1531/4407/1
f 1531/4408/2 1532/4409/2 1536/4410/2 1535/4411/2
f 1535/4412/3 1536/4413/3 1534/4414/3 1533/4415/3
f 1533/4416/4 1534/4417/4 1530/4418/4 1529/4419/4
f 1531/4420/5 1535/4421/5 1533/4422/5 1529/4423/5
f 1536/4424/6 1532/4425/6 1530/4426/6 1534/4427/6
f 1537/4428/1 1538/4429/1 1540/4430/1 1539/4431/1
f 1539/4432/2 1540/4433/2 1544/4434/2 1543/4435/2
f 1543/4436/3 1544/4437/3 1542/4438/3 1541/4439/3
f 1541/4440/4 1542/4441/4 1538/4442/4 1537/4443/4
f 1539/4444/5 1543/4445/5 1541/4446/5 1537/4447/5
f 1544/4448/6 1540/4449/6 1538/4450/6 1542/4451/6
f 1545/4452/1 1546/4453/1 1548/4454/1 1547/4455/1
f 1547/4456/2 1548/4457/2 1552/4458/2 1551/4459/2
f 1551/4460/3 1552/4461/3 1550/4462/3 1549/4463/3
f 1549/4464/4 1550/4465/4 1546/4466/4 1545/4467/4
f 1547/4468/5 1551/4469/5 1549/4470/5 1545/4471/5
f 1552/4472/6 1548/4473/6 1546/4474/6 1550/4475/6
f 1553/4476/1 1554/4477/1 1556/4478/1 1555/4479/1
f 1555/4480/2 1556/4481/2 1560/4482/2 1559/4483/2
f 1559/4484/3 1560/4485/3 1558/4486/3 1557/4487/3
f 1557/4488/4 1558/4489/4 1554/4490/4 1553/4491/4
f 1555/4492/5 1559/4493/5 1557/4494/5 1553/4495/5
f 1560/4496/6 1556/4497/6 1554/4498/6 1558/4499/6
f 1561/4500/1 1562/4501/1 1564/4502/1 1563/4503/1
f 1563/4504/2 1564/4505/2 1568/4506/2 1567/4507/2
f 1567/4508/3 1568/4509/3 1566/4510/3 1565/4511/3
f 1565/4512/4 1566/4513/4 1562/4514/4 1561/4515/4
f 1563/4516/5 1567/4517/5 1565/4518/5 1561/4519/5
f 1568/4520/6 1564/4521/6 1562/4522/6 1566/4523/6
f 1569/4524/1 1570/4525/1 1572/4526/1 1571/4527/1
f 1571/4528/2 1572/4529/2 1576/4530/2 1575/4531/2
f 1575/4532/3 1576/4533/3 1574/4534/3 1573/4535/3
f 1573/4536/4 1574/4537/4 1570/4538/4 1569/4539/4
f 1571/4540/5 1575/4541/5 1573/4542/5 1569/4543/5
f 1576/4544/6 1572/4545/6 1570/4546/6 1574/4547/6
f 1577/4548/1 1578/4549/1 1580/4550/1 1579/4551/1
f 1579/4552/2 1580/4553/2 1584/4554/2 1583/4555/2
f 1583/4556/3 1584/4557/3 1582/4558/3 1581/4559/3
f 1581/4560/4 1582/4561/4 1578/4562/4 1577/4563/4
f 1579/4564/5 1583/4565/5 1581/4566/5 1577/4567/5
f 1584/4568/6 1580/4569/6 1578/4570/6 1582/4571/6
f 1585/4572/1 1586/4573/1 1588/4574/1 1587/4575/1
f 1587/4576/2 1588/4577/2 1592/4578/2 1591/4579/2
f 1591/4580/3 1592/4581/3 1590/4582/3 1589/4583/3
f 1589/4584/4 1590/4585/4 1586/4586/4 1585/4587/4
f 1587/4588/5 1591/4589/5 1589/4590/5 1585/4591/5
f 1592/4592/6 1588/4593/6 1586/4594/6 1590/4595/6
f 1593/4596/1 1594/4597/1 1596/4598/1 1595/4599/1
f 1595/4600/2 1596/4601/2 1600/4602/2 1599/4603/2
f 1599/4604/3 1600/4605/3 1598/4606/3 1597/4607/3
f 1597/4608/4 1598/4609/4 1594/4610/4 1593/4611/4
f 1595/4612/5 1599/4613/5 1597/4614/5 1593/4615/5
f 1600/4616/6 1596/4617/6 1594/4618/6 1598/4619/6
f 1601/4620/1 1602/4621/1 1604/4622/1 1603/4623/1
f 1603/4624/2 1604/4625/2 1608/4626/2 1607/4627/2
f 1607/4628/3 1608/4629/3 1606/4630/3 1605/4631/3
f 1605/4632/4 1606/4633/4 1602/4634/4 1601/4635/4
f 1603/4636/5 1607/4637/5 1605/4638/5 1601/4639/5
f 1608/4640/6 1604/4641/6 1602/4642/6 1606/4643/6
f 1609/4644/1 1610/4645/1 1612/4646/1 1611/4647/1
f 1611/4648/2 1612/4649/2 1616/4650/2 1615/4651/2
f 1615/4652/3 1616/4653/3 1614/4654/3 1613/4655/3
f 1613/4656/4 1614/4657/4 1610/4658/4 1609/4659/4
f 1611/4660/5 1615/4661/5 1613/4662/5 1609/4663/5
f 1616/4664/6 1612/4665/6 1610/4666/6 1614/4667/6
f 1617/4668/1 1618/4669/1 1620/4670/1 1619/4671/1
f 1619/4672/2 1620/4673/2 1624/4674/2 1623/4675/2
f 1623/4676/3 1624/4677/3 1622/4678/3 1621/4679/3
f 1621/4680/4 1622/4681/4 1618/4682/4 1617/4683/4
f 1619/4684/5 1623/4685/5 1621/4686/5 1617/4687/5
f 1624/4688/6 1620/4689/6 1618/4690/6 1622/4691/6
f 1625/4692/1 1626/4693/1 1628/4694/1 1627/4695/1
f 1627/4696/2 1628/4697/2 1632/4698/2 1631/4699/2
f 1631/4700/3 1632/4701/3 1630/4702/3 1629/4703/3
f 1629/4704/4 1630/4705/4 1626/4706/4 1625/4707/4
f 1627/4708/5 1631/4709/5 1629/4710/5 1625/4711/5
f 1632/4712/6 1628/4713/6 1626/4714/6 1630/4715/6
f 1633/4716/1 1634/4717/1 1636/4718/1 1635/4719/1
f 1635/4720/2 1636/4721/2 1640/4722/2 1639/4723/2
f 1639/4724/3 1640/4725/3 1638/4726/3 1637/4727/3
f 1637/4728/4 1638/4729/4 1634/4730/4 1633/4731/4
f 1635/4732/5 1639/4733/5 1637/4734/5 1633/4735/5
f 1640/4736/6 1636/4737/6 1634/4738/6 1638/4739/6
f 1641/4740/1 1642/4741/1 1644/4742/1 1643/4743/1
f 1643/4744/2 1644/4745/2 1648/4746/2 1647/4747/2
f 1647/4748/3 1648/4749/3 1646/4750/3 1645/4751/3
f 1645/4752/4 1646/4753/4 1642/4754/4 1641/4755/4
f 1643/4756/5 1647/4757/5 1645/4758/5 1641/4759/5
f 1648/4760/6 1644/4761/6 1642/4762/6 1646/4763/6
f 1649/4764/1 1650/4765/1 1652/4766/1 1651/4767/1
f 1651/4768/2 1652/4769/2 1656/4770/2 1655/4771/2
f 1655/4772/3 1656/4773/3 1654/4774/3 1653/4775/3
f 1653/4776/4 1654/4777/4 1650/4778/4 1649/4779/4
f 1651/4780/5 1655/4781/5 1653/4782/5 1649/4783/5
f 1656/4784/6 1652/4785/6 1650/4786/6 1654/4787/6
f 1657/4788/1 1658/4789/1 1660/4790/1 1659/4791/1
f 1659/4792/2 1660/4793/2 1664/4794/2 1663/4795/2
f 1663/4796/3 1664/4797/3 1662/4798/3 1661/4799/3
f 1661/4800/4 1662/4801/4 1658/4802/4 1657/4803/4
f 1659/4804/5 1663/4805/5 1661/4806/5 1657/4807/5
f 1664/4808/6 1660/4809/6 1658/4810/6 1662/4811/6
f 1665/4812/1 1666/4813/1 1668/4814/1 1667/4815/1
f 1667/4816/2 1668/4817/2 1672/4818/2 1671/4819/2
f 1671/4820/3 1672/4821/3 1670/4822/3 1669/4823/3
f 1669/4824/4 1670/4825/4 1666/4826/4 1665/4827/4
f 1667/4828/5 1671/4829/5 1669/4830/5 1665/4831/5
f 1672/4832/6 1668/4833/6 1666/4834/6 1670/4835/6
f 1673/4836/1 1674/4837/1 1676/4838/1 1675/4839/1
f 1675/4840/2 1676/4841/2 1680/4842/2 1679/4843/2
f 1679/4844/3 1680/4845/3 1678/4846/3 1677/4847/3
f 1677/4848/4 1678/4849/4 1674/4850/4 1673/4851/4
f 1675/4852/5 1679/4853/5 1677/4854/5 1673/4855/5
f 1680/4856/6 1676/4857/6 1674/4858/6 1678/4859/6
f 1681/4860/1 1682/4861/1 1684/4862/1 1683/4863/1
f 1683/4864/2 1684/4865/2 1688/4866/2 1687/4867/2
f 1687/4868/3 1688/4869/3 1686/4870/3 1685/4871/3
f 1685/4872/4 1686/4873/4 1682/4874/4 1681/4875/4
f 1683/4876/5 1687/4877/5 1685/4878/5 1681/4879/5
f 1688/4880/6 1684/4881/6 1682/4882/6 1686/4883/6
f 1689/4884/1 1690/4885/1 1692/4886/1 1691/4887/1
f 1691/4888/2 1692/4889/2 1696/4890/2 1695/4891/2
f 1695/4892/3 1696/4893/3 1694/4894/3 1693/4895/3
f 1693/4896/4 1694/4897/4 1690/4898/4 1689/4899/4
f 1691/4900/5 1695/4901/5 1693/4902/5 1689/4903/5
f 1696/4904/6 1692/4905/6 1690/4906/6 1694/4907/6
f 1697/4908/1 1698/4909/1 1700/4910/1 1699/4911/1
f 1699/4912/2 1700/4913/2 1704/4914/2 1703/4915/2
f 1703/4916/3 1704/4917/3 1702/4918/3 1701/4919/3
f 1701/4920/4 1702/4921/4 1698/4922/4 1697/4923/4
f 1699/4924/5 1703/4925/5 1701/4926/5 1697/4927/5
f 1704/4928/6 1700/4929/6 1698/4930/6 1702/4931/6
f 1705/4932/1 1706/4933/1 1708/4934/1 1707/4935/1
f 1707/4936/2 1708/4937/2 1712/4938/2 1711/4939/2
f 1711/4940/3 1712/4941/3 1710/4942/3 1709/4943/3
f 1709/4944/4 1710/4945/4 1706/4946/4 1705/4947/4
f 1707/4948/5 1711/4949/5 1709/4950/5 1705/4951/5
f 1712/4952/6 1708/4953/6 1706/4954/6 1710/4955/6
f 1713/4956/1 1714/4957/1 1716/4958/1 1715/4959/1
f 1715/4960/2 1716/4961/2 1720/4962/2 1719/4963/2
f 1719/4964/3 1720/4965/3 1718/4966/3 1717/4967/3
f 1717/4968/4 1718/4969/4 1714/4970/4 1713/4971/4
f 1715/4972/5 1719/4973/5 1717/4974/5 1713/4975/5
f 1720/4976/6 1716/4977/6 1714/4978/6 1718/4979/6
f 1721/4980/1 1722/4981/1 1724/4982/1 1723/4983/1
f 1723/4984/2 1724/4985/2 1728/4986/2 1727/4987/2
f 1727/4988/3 1728/4989/3 1726/4990/3 1725/4991/3
f 1725/4992/4 1726/4993/4 1722/4994/4 1721/4995/4
f 1723/4996/5 1727/4997/5 1725/4998/5 1721/4999/5
f 1728/5000/6 1724/5001/6 1722/5002/6 1726/5003/6
f 1729/5004/1 1730/5005/1 1732/5006/1 1731/5007/1
f 1731/5008/2 1732/5009/2 1736/5010/2 1735/5011/2
f 1735/5012/3 1736/5013/3 1734/5014/3 1733/5015/3
f 1733/5016/4 1734/5017/4 1730/5018/4 1729/5019/4
f 1731/5020/5 1735/5021/5 1733/5022/5 1729/5023/5
f 1736/5024/6 1732/5025/6 1730/5026/6 1734/5027/6
f 1737/5028/1 1738/5029/1 1740/5030/1 1739/5031/1
f 1739/5032/2 1740/5033/2 1744/5034/2 1743/5035/2
f 1743/5036/3 1744/5037/3 1742/5038/3 1741/5039/3
f 1741/5040/4 1742/5041/4 1738/5042/4 1737/5043/4
f 1739/5044/5 1743/5045/5 1741/5046/5 1737/5047/5
f 1744/5048/6 1740/5049/6 1738/5050/6 1742/5051/6
f 1745/5052/1 1746/5053/1 1748/5054/1 1747/5055/1
f 1747/5056/2 1748/5057/2 1752/5058/2 1751/5059/2
f 1751/5060/3 1752/5061/3 1750/5062/3 1749/5063/3
f 1749/5064/4 1750/5065/4 1746/5066/4 1745/5067/4
f 1747/5068/5 1751/5069/5 1749/5070/5 1745/5071/5
f 1752/5072/6 1748/5073/6 1746/5074/6 1750/5075/6
f 1753/5076/1 1754/5077/1 1756/5078/1 1755/5079/1
f 1755/5080/811 1756/5081/811 1760/5082/811 1759/5083/811
f 1759/5084/3 1760/5085/3 1758/5086/3 1757/5087/3
f 1757/5088/812 1758/5089/812 1754/5090/812 1753/5091/812
f 1755/5092/813 1759/5093/813 1757/5094/813 1753/5095/813
f 1760/5096/814 1756/5097/814 1754/5098/814 1758/5099/814
f 1761/5100/1 1762/5101/1 1764/5102/1 1763/5103/1
f 1763/5104/813 1764/5105/813 1768/5106/813 1767/5107/813
f 1767/5108/3 1768/5109/3 1766/5110/3 1765/5111/3
f 1765/5112/814 1766/5113/814 1762/5114/814 1761/5115/814
f 1763/5116/812 1767/5117/812 1765/5118/812 1761/5119/812
f 1768/5120/811 1764/5121/811 1762/5122/811 1766/5123/811
f 1769/5124/3 1770/5125/3 1771/5126/3
f 1774/5127/1 1773/5128/1 1772/5129/1
f 1770/5130/5 1769/5131/5 1772/5132/5 1773/5133/5
f 1771/5134/811 1770/5135/811 1773/5136/811 1774/5137/811
f 1769/5138/814 1771/5139/814 1774/5140/814 1772/5141/814
f 1775/5142/1 1776/5143/1 1778/5144/1 1777/5145/1
f 1777/5146/2 1778/5147/2 1782/5148/2 1781/5149/2
f 1781/5150/3 1782/5151/3 1780/5152/3 1779/5153/3
f 1779/5154/4 1780/5155/4 1776/5156/4 1775/5157/4
f 1777/5158/5 1781/5159/5 1779/5160/5 1775/5161/5
f 1782/5162/6 1778/5163/6 1776/5164/6 1780/5165/6
f 1783/5166/1 1784/5167/1 1786/5168/1 1785/5169/1
f 1785/5170/2 1786/5171/2 1790/5172/2 1789/5173/2
f 1789/5174/3 1790/5175/3 1788/5176/3 1787/5177/3
f 1787/5178/4 1788/5179/4 1784/5180/4 1783/5181/4
f 1785/5182/5 1789/5183/5 1787/5184/5 1783/5185/5
f 1790/5186/6 1786/5187/6 1784/5188/6 1788/5189/6
f 1791/5190/3 1792/5191/3 1793/5192/3
f 1796/5193/1 1795/5194/1 1794/5195/1
f 1792/5196/5 1791/5197/5 1794/5198/5 1795/5199/5
f 1793/5200/811 1792/5201/811 1795/5202/811 1796/5203/811
f 1791/5204/814 1793/5205/814 1796/5206/814 1794/5207/814
f 1797/5208/1 1798/5209/1 1800/5210/1 1799/5211/1
f 1799/5212/2 1800/5213/2 1804/5214/2 1803/5215/2
f 1803/5216/3 1804/5217/3 1802/5218/3 1801/5219/3
f 1801/5220/4 1802/5221/4 1798/5222/4 1797/5223/4
f 1799/5224/5 1803/5225/5 1801/5226/5 1797/5227/5
f 1804/5228/6 1800/5229/6 1798/5230/6 1802/5231/6
f 1805/5232/1 1806/5233/1 1808/5234/1 1807/5235/1
f 1807/5236/2 1808/5237/2 1812/5238/2 1811/5239/2
f 1811/5240/3 1812/5241/3 1810/5242/3 1809/5243/3
f 1809/5244/4 1810/5245/4 1806/5246/4 1805/5247/4
f 1807/5248/5 1811/5249/5 1809/5250/5 1805/5251/5
f 1812/5252/6 1808/5253/6 1806/5254/6 1810/5255/6
f 1813/5256/1 1814/5257/1 1816/5258/1 1815/5259/1
f 1815/5260/2 1816/5261/2 1820/5262/2 1819/5263/2
f 1819/5264/3 1820/5265/3 1818/5266/3 1817/5267/3
f 1817/5268/4 1818/5269/4 1814/5270/4 1813/5271/4
f 1815/5272/5 1819/5273/5 1817/5274/5 1813/5275/5
f 1820/5276/6 1816/5277/6 1814/5278/6 1818/5279/6
f 1821/5280/1 1822/5281/1 1824/5282/1 1823/5283/1
f 1823/5284/2 1824/5285/2 1828/5286/2 1827/5287/2
f 1827/5288/3 1828/5289/3 1826/5290/3 1825/5291/3
f 1825/5292/4 1826/5293/4 1822/5294/4 1821/5295/4
f 1823/5296/5 1827/5297/5 1825/5298/5 1821/5299/5
f 1828/5300/6 1824/5301/6 1822/5302/6 1826/5303/6
f 1829/5304/1 1830/5305/1 1832/5306/1 1831/5307/1
f 1831/5308/2 1832/5309/2 1836/5310/2 1835/5311/2
f 1835/5312/3 1836/5313/3 1834/5314/3 1833/5315/3
f 1833/5316/4 1834/5317/4 1830/5318/4 1829/5319/4
f 1831/5320/5 1835/5321/5 1833/5322/5 1829/5323/5
f 1836/5324/6 1832/5325/6 1830/5326/6 1834/5327/6
f 1837/5328/1 1838/5329/1 1840/5330/1 1839/5331/1
f 1839/5332/2 1840/5333/2 1844/5334/2 1843/5335/2
f 1843/5336/3 1844/5337/3 1842/5338/3 1841/5339/3
f 1841/5340/4 1842/5341/4 1838/5342/4 1837/5343/4
f 1839/5344/5 1843/5345/5 1841/5346/5 1837/5347/5
f 1844/5348/6 1840/5349/6 1838/5350/6 1842/5351/6
f 1845/5352/815 1846/5353/815 1848/5354/815 1847/5355/815
f 1847/5355/816 1848/5354/816 1850/5356/816 1849/5357/816
f 1849/5357/817 1850/5356/817 1852/5358/817 1851/5359/817
f 1851/5360/818 1852/5361/818 1854/5362/818 1853/5363/818
f 1853/5363/819 1854/5362/819 1856/5364/819 1855/5365/819
f 1855/5366/820 1856/5367/820 1858/5368/820 1857/5369/820
f 1848/5370/6 1846/5371/6 1860/5372/6 1858/5373/6 1856/5364/6 1854/5362/6 1852/5361/6 1850/5374/6
f 1857/5369/821 1858/5368/821 1860/5375/821 1859/5376/821
f 1859/5377/822 1860/5378/822 1846/5379/822 1845/5380/822
f 1845/5381/5 1847/5382/5 1849/5383/5 1851/5384/5 1853/5385/5 1855/5386/5 1857/5387/5 1859/5388/5
f 1861/5389/815 1862/5390/815 1864/5391/815 1863/5392/815
f 1863/5392/816 1864/5391/816 1866/5393/816 1865/5394/816
f 1865/5394/817 1866/5393/817 1868/5395/817 1867/5396/817
f 1867/5397/818 1868/5398/818 1870/5399/818 1869/5400/818
f 1869/5400/819 1870/5399/819 1872/5401/819 1871/5402/819
f 1871/5403/820 1872/5404/820 1874/5405/820 1873/5406/820
f 1864/5407/6 1862/5408/6 1876/5409/6 1874/5410/6 1872/5401/6 1870/5399/6 1868/5398/6 1866/5411/6
f 1873/5406/821 1874/5405/821 1876/5412/821 1875/5413/821
f 1875/5414/822 1876/5415/822 1862/5416/822 1861/5417/822
f 1861/5418/5 1863/5419/5 1865/5420/5 1867/5421/5 1869/5422/5 1871/5423/5 1873/5424/5 1875/5425/5
