# Blender 4.5.13 LTS
# www.blender.org
o stone
v -1.200000 0.000000 1.400000
v -1.200000 0.140000 1.400000
v -1.200000 0.000000 -1.400000
v -1.200000 0.140000 -1.400000
v 1.200000 0.000000 1.400000
v 1.200000 0.140000 1.400000
v 1.200000 0.000000 -1.400000
v 1.200000 0.140000 -1.400000
v -1.100000 0.140000 1.370000
v -1.100000 1.590000 1.370000
v -1.100000 0.140000 1.230000
v -1.100000 1.590000 1.230000
v 1.100000 0.140000 1.370000
v 1.100000 1.590000 1.370000
v 1.100000 0.140000 1.230000
v 1.100000 1.590000 1.230000
v -1.100000 0.140000 -1.230000
v -1.100000 1.590000 -1.230000
v -1.100000 0.140000 -1.370000
v -1.100000 1.590000 -1.370000
v 1.100000 0.140000 -1.230000
v 1.100000 1.590000 -1.230000
v 1.100000 0.140000 -1.370000
v 1.100000 1.590000 -1.370000
v -1.170000 0.140000 1.230000
v -1.170000 1.590000 1.230000
v -1.170000 0.140000 -1.230000
v -1.170000 1.590000 -1.230000
v -1.030000 0.140000 1.230000
v -1.030000 1.590000 1.230000
v -1.030000 0.140000 -1.230000
v -1.030000 1.590000 -1.230000
v 1.030000 0.140000 1.230000
v 1.030000 1.590000 1.230000
v 1.030000 0.140000 -1.230000
v 1.030000 1.590000 -1.230000
v 1.170000 0.140000 1.230000
v 1.170000 1.590000 1.230000
v 1.170000 0.140000 -1.230000
v 1.170000 1.590000 -1.230000
v -1.150000 0.145000 1.410000
v -1.150000 0.215000 1.410000
v -1.150000 0.145000 1.340000
v -1.150000 0.215000 1.340000
v 1.150000 0.145000 1.410000
v 1.150000 0.215000 1.410000
v 1.150000 0.145000 1.340000
v 1.150000 0.215000 1.340000
v -1.150000 1.515000 1.410000
v -1.150000 1.585000 1.410000
v -1.150000 1.515000 1.340000
v -1.150000 1.585000 1.340000
v 1.150000 1.515000 1.410000
v 1.150000 1.585000 1.410000
v 1.150000 1.515000 1.340000
v 1.150000 1.585000 1.340000
v -1.135000 0.140000 1.410000
v -1.135000 1.590000 1.410000
v -1.135000 0.140000 1.340000
v -1.135000 1.590000 1.340000
v -1.065000 0.140000 1.410000
v -1.065000 1.590000 1.410000
v -1.065000 0.140000 1.340000
v -1.065000 1.590000 1.340000
v -0.401667 0.140000 1.410000
v -0.401667 1.590000 1.410000
v -0.401667 0.140000 1.340000
v -0.401667 1.590000 1.340000
v -0.331667 0.140000 1.410000
v -0.331667 1.590000 1.410000
v -0.331667 0.140000 1.340000
v -0.331667 1.590000 1.340000
v 0.331667 0.140000 1.410000
v 0.331667 1.590000 1.410000
v 0.331667 0.140000 1.340000
v 0.331667 1.590000 1.340000
v 0.401667 0.140000 1.410000
v 0.401667 1.590000 1.410000
v 0.401667 0.140000 1.340000
v 0.401667 1.590000 1.340000
v 1.065000 0.140000 1.410000
v 1.065000 1.590000 1.410000
v 1.065000 0.140000 1.340000
v 1.065000 1.590000 1.340000
v 1.135000 0.140000 1.410000
v 1.135000 1.590000 1.410000
v 1.135000 0.140000 1.340000
v 1.135000 1.590000 1.340000
v -0.943333 0.731000 1.390000
v -0.943333 1.231000 1.390000
v -0.943333 0.731000 1.360000
v -0.943333 1.231000 1.360000
v -0.523333 0.731000 1.390000
v -0.523333 1.231000 1.390000
v -0.523333 0.731000 1.360000
v -0.523333 1.231000 1.360000
v -1.003333 0.676000 1.465000
v -1.003333 0.726000 1.465000
v -1.003333 0.676000 1.345000
v -1.003333 0.726000 1.345000
v -0.463333 0.676000 1.465000
v -0.463333 0.726000 1.465000
v -0.463333 0.676000 1.345000
v -0.463333 0.726000 1.345000
v -0.290000 0.140000 1.390000
v -0.290000 1.280000 1.390000
v -0.290000 0.140000 1.360000
v -0.290000 1.280000 1.360000
v 0.290000 0.140000 1.390000
v 0.290000 1.280000 1.390000
v 0.290000 0.140000 1.360000
v 0.290000 1.280000 1.360000
v -0.370000 0.140000 1.445000
v -0.370000 1.340000 1.445000
v -0.370000 0.140000 1.345000
v -0.370000 1.340000 1.345000
v -0.290000 0.140000 1.445000
v -0.290000 1.340000 1.445000
v -0.290000 0.140000 1.345000
v -0.290000 1.340000 1.345000
v 0.290000 0.140000 1.445000
v 0.290000 1.340000 1.445000
v 0.290000 0.140000 1.345000
v 0.290000 1.340000 1.345000
v 0.370000 0.140000 1.445000
v 0.370000 1.340000 1.445000
v 0.370000 0.140000 1.345000
v 0.370000 1.340000 1.345000
v -0.390000 1.310000 1.455000
v -0.390000 1.410000 1.455000
v -0.390000 1.310000 1.335000
v -0.390000 1.410000 1.335000
v 0.390000 1.310000 1.455000
v 0.390000 1.410000 1.455000
v 0.390000 1.310000 1.335000
v 0.390000 1.410000 1.335000
v -0.400000 0.010000 1.675000
v -0.400000 0.110000 1.675000
v -0.400000 0.010000 1.375000
v -0.400000 0.110000 1.375000
v 0.400000 0.010000 1.675000
v 0.400000 0.110000 1.675000
v 0.400000 0.010000 1.375000
v 0.400000 0.110000 1.375000
v 0.523333 0.731000 1.390000
v 0.523333 1.231000 1.390000
v 0.523333 0.731000 1.360000
v 0.523333 1.231000 1.360000
v 0.943333 0.731000 1.390000
v 0.943333 1.231000 1.390000
v 0.943333 0.731000 1.360000
v 0.943333 1.231000 1.360000
v 0.463333 0.676000 1.465000
v 0.463333 0.726000 1.465000
v 0.463333 0.676000 1.345000
v 0.463333 0.726000 1.345000
v 1.003333 0.676000 1.465000
v 1.003333 0.726000 1.465000
v 1.003333 0.676000 1.345000
v 1.003333 0.726000 1.345000
v -1.100000 0.503500 1.406500
v -1.100000 0.559500 1.406500
v -1.100000 0.503500 1.343500
v -1.100000 0.559500 1.343500
v -0.366667 0.503500 1.406500
v -0.366667 0.559500 1.406500
v -0.366667 0.503500 1.343500
v -0.366667 0.559500 1.343500
v -0.366667 0.503500 1.406500
v -0.366667 0.559500 1.406500
v -0.366667 0.503500 1.343500
v -0.366667 0.559500 1.343500
v 0.366667 0.503500 1.406500
v 0.366667 0.559500 1.406500
v 0.366667 0.503500 1.343500
v 0.366667 0.559500 1.343500
v 0.366667 0.503500 1.406500
v 0.366667 0.559500 1.406500
v 0.366667 0.503500 1.343500
v 0.366667 0.559500 1.343500
v 1.100000 0.503500 1.406500
v 1.100000 0.559500 1.406500
v 1.100000 0.503500 1.343500
v 1.100000 0.559500 1.343500
v -1.150000 0.145000 -1.340000
v -1.150000 0.215000 -1.340000
v -1.150000 0.145000 -1.410000
v -1.150000 0.215000 -1.410000
v 1.150000 0.145000 -1.340000
v 1.150000 0.215000 -1.340000
v 1.150000 0.145000 -1.410000
v 1.150000 0.215000 -1.410000
v -1.150000 1.515000 -1.340000
v -1.150000 1.585000 -1.340000
v -1.150000 1.515000 -1.410000
v -1.150000 1.585000 -1.410000
v 1.150000 1.515000 -1.340000
v 1.150000 1.585000 -1.340000
v 1.150000 1.515000 -1.410000
v 1.150000 1.585000 -1.410000
v -1.135000 0.140000 -1.340000
v -1.135000 1.590000 -1.340000
v -1.135000 0.140000 -1.410000
v -1.135000 1.590000 -1.410000
v -1.065000 0.140000 -1.340000
v -1.065000 1.590000 -1.340000
v -1.065000 0.140000 -1.410000
v -1.065000 1.590000 -1.410000
v -0.401667 0.140000 -1.340000
v -0.401667 1.590000 -1.340000
v -0.401667 0.140000 -1.410000
v -0.401667 1.590000 -1.410000
v -0.331667 0.140000 -1.340000
v -0.331667 1.590000 -1.340000
v -0.331667 0.140000 -1.410000
v -0.331667 1.590000 -1.410000
v 0.331667 0.140000 -1.340000
v 0.331667 1.590000 -1.340000
v 0.331667 0.140000 -1.410000
v 0.331667 1.590000 -1.410000
v 0.401667 0.140000 -1.340000
v 0.401667 1.590000 -1.340000
v 0.401667 0.140000 -1.410000
v 0.401667 1.590000 -1.410000
v 1.065000 0.140000 -1.340000
v 1.065000 1.590000 -1.340000
v 1.065000 0.140000 -1.410000
v 1.065000 1.590000 -1.410000
v 1.135000 0.140000 -1.340000
v 1.135000 1.590000 -1.340000
v 1.135000 0.140000 -1.410000
v 1.135000 1.590000 -1.410000
v -0.943333 0.731000 -1.360000
v -0.943333 1.231000 -1.360000
v -0.943333 0.731000 -1.390000
v -0.943333 1.231000 -1.390000
v -0.523333 0.731000 -1.360000
v -0.523333 1.231000 -1.360000
v -0.523333 0.731000 -1.390000
v -0.523333 1.231000 -1.390000
v -1.003333 0.676000 -1.345000
v -1.003333 0.726000 -1.345000
v -1.003333 0.676000 -1.465000
v -1.003333 0.726000 -1.465000
v -0.463333 0.676000 -1.345000
v -0.463333 0.726000 -1.345000
v -0.463333 0.676000 -1.465000
v -0.463333 0.726000 -1.465000
v -0.210000 0.731000 -1.360000
v -0.210000 1.231000 -1.360000
v -0.210000 0.731000 -1.390000
v -0.210000 1.231000 -1.390000
v 0.210000 0.731000 -1.360000
v 0.210000 1.231000 -1.360000
v 0.210000 0.731000 -1.390000
v 0.210000 1.231000 -1.390000
v -0.270000 0.676000 -1.345000
v -0.270000 0.726000 -1.345000
v -0.270000 0.676000 -1.465000
v -0.270000 0.726000 -1.465000
v 0.270000 0.676000 -1.345000
v 0.270000 0.726000 -1.345000
v 0.270000 0.676000 -1.465000
v 0.270000 0.726000 -1.465000
v 0.523333 0.731000 -1.360000
v 0.523333 1.231000 -1.360000
v 0.523333 0.731000 -1.390000
v 0.523333 1.231000 -1.390000
v 0.943333 0.731000 -1.360000
v 0.943333 1.231000 -1.360000
v 0.943333 0.731000 -1.390000
v 0.943333 1.231000 -1.390000
v 0.463333 0.676000 -1.345000
v 0.463333 0.726000 -1.345000
v 0.463333 0.676000 -1.465000
v 0.463333 0.726000 -1.465000
v 1.003333 0.676000 -1.345000
v 1.003333 0.726000 -1.345000
v 1.003333 0.676000 -1.465000
v 1.003333 0.726000 -1.465000
v -1.100000 0.503500 -1.343500
v -1.100000 0.559500 -1.343500
v -1.100000 0.503500 -1.406500
v -1.100000 0.559500 -1.406500
v -0.366667 0.503500 -1.343500
v -0.366667 0.559500 -1.343500
v -0.366667 0.503500 -1.406500
v -0.366667 0.559500 -1.406500
v -0.366667 0.503500 -1.343500
v -0.366667 0.559500 -1.343500
v -0.366667 0.503500 -1.406500
v -0.366667 0.559500 -1.406500
v 0.366667 0.503500 -1.343500
v 0.366667 0.559500 -1.343500
v 0.366667 0.503500 -1.406500
v 0.366667 0.559500 -1.406500
v 0.366667 0.503500 -1.343500
v 0.366667 0.559500 -1.343500
v 0.366667 0.503500 -1.406500
v 0.366667 0.559500 -1.406500
v 1.100000 0.503500 -1.343500
v 1.100000 0.559500 -1.343500
v 1.100000 0.503500 -1.406500
v 1.100000 0.559500 -1.406500
v -1.210000 0.145000 1.350000
v -1.210000 0.215000 1.350000
v -1.210000 0.145000 -1.350000
v -1.210000 0.215000 -1.350000
v -1.140000 0.145000 1.350000
v -1.140000 0.215000 1.350000
v -1.140000 0.145000 -1.350000
v -1.140000 0.215000 -1.350000
v -1.210000 1.515000 1.350000
v -1.210000 1.585000 1.350000
v -1.210000 1.515000 -1.350000
v -1.210000 1.585000 -1.350000
v -1.140000 1.515000 1.350000
v -1.140000 1.585000 1.350000
v -1.140000 1.515000 -1.350000
v -1.140000 1.585000 -1.350000
v -1.210000 0.140000 1.335000
v -1.210000 1.590000 1.335000
v -1.210000 0.140000 1.265000
v -1.210000 1.590000 1.265000
v -1.140000 0.140000 1.335000
v -1.140000 1.590000 1.335000
v -1.140000 0.140000 1.265000
v -1.140000 1.590000 1.265000
v -1.210000 0.140000 0.468333
v -1.210000 1.590000 0.468333
v -1.210000 0.140000 0.398333
v -1.210000 1.590000 0.398333
v -1.140000 0.140000 0.468333
v -1.140000 1.590000 0.468333
v -1.140000 0.140000 0.398333
v -1.140000 1.590000 0.398333
v -1.210000 0.140000 -0.398333
v -1.210000 1.590000 -0.398333
v -1.210000 0.140000 -0.468333
v -1.210000 1.590000 -0.468333
v -1.140000 0.140000 -0.398333
v -1.140000 1.590000 -0.398333
v -1.140000 0.140000 -0.468333
v -1.140000 1.590000 -0.468333
v -1.210000 0.140000 -1.265000
v -1.210000 1.590000 -1.265000
v -1.210000 0.140000 -1.335000
v -1.210000 1.590000 -1.335000
v -1.140000 0.140000 -1.265000
v -1.140000 1.590000 -1.265000
v -1.140000 0.140000 -1.335000
v -1.140000 1.590000 -1.335000
v -1.190000 0.731000 1.076667
v -1.190000 1.231000 1.076667
v -1.190000 0.731000 0.656667
v -1.190000 1.231000 0.656667
v -1.160000 0.731000 1.076667
v -1.160000 1.231000 1.076667
v -1.160000 0.731000 0.656667
v -1.160000 1.231000 0.656667
v -1.265000 0.676000 1.136667
v -1.265000 0.726000 1.136667
v -1.265000 0.676000 0.596667
v -1.265000 0.726000 0.596667
v -1.145000 0.676000 1.136667
v -1.145000 0.726000 1.136667
v -1.145000 0.676000 0.596667
v -1.145000 0.726000 0.596667
v -1.206500 0.503500 1.300000
v -1.206500 0.559500 1.300000
v -1.206500 0.503500 0.433333
v -1.206500 0.559500 0.433333
v -1.143500 0.503500 1.300000
v -1.143500 0.559500 1.300000
v -1.143500 0.503500 0.433333
v -1.143500 0.559500 0.433333
v -1.206500 0.503500 0.433333
v -1.206500 0.559500 0.433333
v -1.206500 0.503500 -0.433333
v -1.206500 0.559500 -0.433333
v -1.143500 0.503500 0.433333
v -1.143500 0.559500 0.433333
v -1.143500 0.503500 -0.433333
v -1.143500 0.559500 -0.433333
v -1.206500 0.503500 -0.433333
v -1.206500 0.559500 -0.433333
v -1.206500 0.503500 -1.300000
v -1.206500 0.559500 -1.300000
v -1.143500 0.503500 -0.433333
v -1.143500 0.559500 -0.433333
v -1.143500 0.503500 -1.300000
v -1.143500 0.559500 -1.300000
v 1.140000 0.145000 1.350000
v 1.140000 0.215000 1.350000
v 1.140000 0.145000 -1.350000
v 1.140000 0.215000 -1.350000
v 1.210000 0.145000 1.350000
v 1.210000 0.215000 1.350000
v 1.210000 0.145000 -1.350000
v 1.210000 0.215000 -1.350000
v 1.140000 1.515000 1.350000
v 1.140000 1.585000 1.350000
v 1.140000 1.515000 -1.350000
v 1.140000 1.585000 -1.350000
v 1.210000 1.515000 1.350000
v 1.210000 1.585000 1.350000
v 1.210000 1.515000 -1.350000
v 1.210000 1.585000 -1.350000
v 1.140000 0.140000 1.335000
v 1.140000 1.590000 1.335000
v 1.140000 0.140000 1.265000
v 1.140000 1.590000 1.265000
v 1.210000 0.140000 1.335000
v 1.210000 1.590000 1.335000
v 1.210000 0.140000 1.265000
v 1.210000 1.590000 1.265000
v 1.140000 0.140000 0.468333
v 1.140000 1.590000 0.468333
v 1.140000 0.140000 0.398333
v 1.140000 1.590000 0.398333
v 1.210000 0.140000 0.468333
v 1.210000 1.590000 0.468333
v 1.210000 0.140000 0.398333
v 1.210000 1.590000 0.398333
v 1.140000 0.140000 -0.398333
v 1.140000 1.590000 -0.398333
v 1.140000 0.140000 -0.468333
v 1.140000 1.590000 -0.468333
v 1.210000 0.140000 -0.398333
v 1.210000 1.590000 -0.398333
v 1.210000 0.140000 -0.468333
v 1.210000 1.590000 -0.468333
v 1.140000 0.140000 -1.265000
v 1.140000 1.590000 -1.265000
v 1.140000 0.140000 -1.335000
v 1.140000 1.590000 -1.335000
v 1.210000 0.140000 -1.265000
v 1.210000 1.590000 -1.265000
v 1.210000 0.140000 -1.335000
v 1.210000 1.590000 -1.335000
v 1.143500 0.503500 1.300000
v 1.143500 0.559500 1.300000
v 1.143500 0.503500 0.433333
v 1.143500 0.559500 0.433333
v 1.206500 0.503500 1.300000
v 1.206500 0.559500 1.300000
v 1.206500 0.503500 0.433333
v 1.206500 0.559500 0.433333
v 1.143500 0.503500 0.433333
v 1.143500 0.559500 0.433333
v 1.143500 0.503500 -0.433333
v 1.143500 0.559500 -0.433333
v 1.206500 0.503500 0.433333
v 1.206500 0.559500 0.433333
v 1.206500 0.503500 -0.433333
v 1.206500 0.559500 -0.433333
v 1.143500 0.503500 -0.433333
v 1.143500 0.559500 -0.433333
v 1.143500 0.503500 -1.300000
v 1.143500 0.559500 -1.300000
v 1.206500 0.503500 -0.433333
v 1.206500 0.559500 -0.433333
v 1.206500 0.503500 -1.300000
v 1.206500 0.559500 -1.300000
v -1.080000 1.505000 1.570000
v -1.080000 1.595000 1.570000
v -1.080000 1.505000 1.230000
v -1.080000 1.595000 1.230000
v -1.000000 1.505000 1.570000
v -1.000000 1.595000 1.570000
v -1.000000 1.505000 1.230000
v -1.000000 1.595000 1.230000
v -1.080000 1.505000 -1.230000
v -1.080000 1.595000 -1.230000
v -1.080000 1.505000 -1.570000
v -1.080000 1.595000 -1.570000
v -1.000000 1.505000 -1.230000
v -1.000000 1.595000 -1.230000
v -1.000000 1.505000 -1.570000
v -1.000000 1.595000 -1.570000
v -0.782857 1.505000 1.570000
v -0.782857 1.595000 1.570000
v -0.782857 1.505000 1.230000
v -0.782857 1.595000 1.230000
v -0.702857 1.505000 1.570000
v -0.702857 1.595000 1.570000
v -0.702857 1.505000 1.230000
v -0.702857 1.595000 1.230000
v -0.782857 1.505000 -1.230000
v -0.782857 1.595000 -1.230000
v -0.782857 1.505000 -1.570000
v -0.782857 1.595000 -1.570000
v -0.702857 1.505000 -1.230000
v -0.702857 1.595000 -1.230000
v -0.702857 1.505000 -1.570000
v -0.702857 1.595000 -1.570000
v -0.485714 1.505000 1.570000
v -0.485714 1.595000 1.570000
v -0.485714 1.505000 1.230000
v -0.485714 1.595000 1.230000
v -0.405714 1.505000 1.570000
v -0.405714 1.595000 1.570000
v -0.405714 1.505000 1.230000
v -0.405714 1.595000 1.230000
v -0.485714 1.505000 -1.230000
v -0.485714 1.595000 -1.230000
v -0.485714 1.505000 -1.570000
v -0.485714 1.595000 -1.570000
v -0.405714 1.505000 -1.230000
v -0.405714 1.595000 -1.230000
v -0.405714 1.505000 -1.570000
v -0.405714 1.595000 -1.570000
v -0.188571 1.505000 1.570000
v -0.188571 1.595000 1.570000
v -0.188571 1.505000 1.230000
v -0.188571 1.595000 1.230000
v -0.108571 1.505000 1.570000
v -0.108571 1.595000 1.570000
v -0.108571 1.505000 1.230000
v -0.108571 1.595000 1.230000
v -0.188571 1.505000 -1.230000
v -0.188571 1.595000 -1.230000
v -0.188571 1.505000 -1.570000
v -0.188571 1.595000 -1.570000
v -0.108571 1.505000 -1.230000
v -0.108571 1.595000 -1.230000
v -0.108571 1.505000 -1.570000
v -0.108571 1.595000 -1.570000
v 0.108571 1.505000 1.570000
v 0.108571 1.595000 1.570000
v 0.108571 1.505000 1.230000
v 0.108571 1.595000 1.230000
v 0.188571 1.505000 1.570000
v 0.188571 1.595000 1.570000
v 0.188571 1.505000 1.230000
v 0.188571 1.595000 1.230000
v 0.108571 1.505000 -1.230000
v 0.108571 1.595000 -1.230000
v 0.108571 1.505000 -1.570000
v 0.108571 1.595000 -1.570000
v 0.188571 1.505000 -1.230000
v 0.188571 1.595000 -1.230000
v 0.188571 1.505000 -1.570000
v 0.188571 1.595000 -1.570000
v 0.405714 1.505000 1.570000
v 0.405714 1.595000 1.570000
v 0.405714 1.505000 1.230000
v 0.405714 1.595000 1.230000
v 0.485714 1.505000 1.570000
v 0.485714 1.595000 1.570000
v 0.485714 1.505000 1.230000
v 0.485714 1.595000 1.230000
v 0.405714 1.505000 -1.230000
v 0.405714 1.595000 -1.230000
v 0.405714 1.505000 -1.570000
v 0.405714 1.595000 -1.570000
v 0.485714 1.505000 -1.230000
v 0.485714 1.595000 -1.230000
v 0.485714 1.505000 -1.570000
v 0.485714 1.595000 -1.570000
v 0.702857 1.505000 1.570000
v 0.702857 1.595000 1.570000
v 0.702857 1.505000 1.230000
v 0.702857 1.595000 1.230000
v 0.782857 1.505000 1.570000
v 0.782857 1.595000 1.570000
v 0.782857 1.505000 1.230000
v 0.782857 1.595000 1.230000
v 0.702857 1.505000 -1.230000
v 0.702857 1.595000 -1.230000
v 0.702857 1.505000 -1.570000
v 0.702857 1.595000 -1.570000
v 0.782857 1.505000 -1.230000
v 0.782857 1.595000 -1.230000
v 0.782857 1.505000 -1.570000
v 0.782857 1.595000 -1.570000
v 1.000000 1.505000 1.570000
v 1.000000 1.595000 1.570000
v 1.000000 1.505000 1.230000
v 1.000000 1.595000 1.230000
v 1.080000 1.505000 1.570000
v 1.080000 1.595000 1.570000
v 1.080000 1.505000 1.230000
v 1.080000 1.595000 1.230000
v 1.000000 1.505000 -1.230000
v 1.000000 1.595000 -1.230000
v 1.000000 1.505000 -1.570000
v 1.000000 1.595000 -1.570000
v 1.080000 1.505000 -1.230000
v 1.080000 1.595000 -1.230000
v 1.080000 1.505000 -1.570000
v 1.080000 1.595000 -1.570000
v -1.100000 1.590000 1.570000
v -1.100000 2.840000 1.570000
v -1.100000 1.590000 1.430000
v -1.100000 2.840000 1.430000
v 1.100000 1.590000 1.570000
v 1.100000 2.840000 1.570000
v 1.100000 1.590000 1.430000
v 1.100000 2.840000 1.430000
v -1.100000 1.590000 -1.430000
v -1.100000 2.840000 -1.430000
v -1.100000 1.590000 -1.570000
v -1.100000 2.840000 -1.570000
v 1.100000 1.590000 -1.430000
v 1.100000 2.840000 -1.430000
v 1.100000 1.590000 -1.570000
v 1.100000 2.840000 -1.570000
v -1.170000 1.590000 1.430000
v -1.170000 2.840000 1.430000
v -1.170000 1.590000 -1.430000
v -1.170000 2.840000 -1.430000
v -1.030000 1.590000 1.430000
v -1.030000 2.840000 1.430000
v -1.030000 1.590000 -1.430000
v -1.030000 2.840000 -1.430000
v 1.030000 1.590000 1.430000
v 1.030000 2.840000 1.430000
v 1.030000 1.590000 -1.430000
v 1.030000 2.840000 -1.430000
v 1.170000 1.590000 1.430000
v 1.170000 2.840000 1.430000
v 1.170000 1.590000 -1.430000
v 1.170000 2.840000 -1.430000
v -1.150000 1.595000 1.610000
v -1.150000 1.665000 1.610000
v -1.150000 1.595000 1.540000
v -1.150000 1.665000 1.540000
v 1.150000 1.595000 1.610000
v 1.150000 1.665000 1.610000
v 1.150000 1.595000 1.540000
v 1.150000 1.665000 1.540000
v -1.150000 2.765000 1.610000
v -1.150000 2.835000 1.610000
v -1.150000 2.765000 1.540000
v -1.150000 2.835000 1.540000
v 1.150000 2.765000 1.610000
v 1.150000 2.835000 1.610000
v 1.150000 2.765000 1.540000
v 1.150000 2.835000 1.540000
v -1.135000 1.590000 1.610000
v -1.135000 2.840000 1.610000
v -1.135000 1.590000 1.540000
v -1.135000 2.840000 1.540000
v -1.065000 1.590000 1.610000
v -1.065000 2.840000 1.610000
v -1.065000 1.590000 1.540000
v -1.065000 2.840000 1.540000
v -0.401667 1.590000 1.610000
v -0.401667 2.840000 1.610000
v -0.401667 1.590000 1.540000
v -0.401667 2.840000 1.540000
v -0.331667 1.590000 1.610000
v -0.331667 2.840000 1.610000
v -0.331667 1.590000 1.540000
v -0.331667 2.840000 1.540000
v 0.331667 1.590000 1.610000
v 0.331667 2.840000 1.610000
v 0.331667 1.590000 1.540000
v 0.331667 2.840000 1.540000
v 0.401667 1.590000 1.610000
v 0.401667 2.840000 1.610000
v 0.401667 1.590000 1.540000
v 0.401667 2.840000 1.540000
v 1.065000 1.590000 1.610000
v 1.065000 2.840000 1.610000
v 1.065000 1.590000 1.540000
v 1.065000 2.840000 1.540000
v 1.135000 1.590000 1.610000
v 1.135000 2.840000 1.610000
v 1.135000 1.590000 1.540000
v 1.135000 2.840000 1.540000
v 0.523333 2.065000 1.590000
v 0.523333 2.565000 1.590000
v 0.523333 2.065000 1.560000
v 0.523333 2.565000 1.560000
v 0.943333 2.065000 1.590000
v 0.943333 2.565000 1.590000
v 0.943333 2.065000 1.560000
v 0.943333 2.565000 1.560000
v 0.463333 2.010000 1.665000
v 0.463333 2.060000 1.665000
v 0.463333 2.010000 1.545000
v 0.463333 2.060000 1.545000
v 1.003333 2.010000 1.665000
v 1.003333 2.060000 1.665000
v 1.003333 2.010000 1.545000
v 1.003333 2.060000 1.545000
v -1.100000 1.899500 1.606500
v -1.100000 1.955500 1.606500
v -1.100000 1.899500 1.543500
v -1.100000 1.955500 1.543500
v -0.366667 1.899500 1.606500
v -0.366667 1.955500 1.606500
v -0.366667 1.899500 1.543500
v -0.366667 1.955500 1.543500
v -0.366667 1.899500 1.606500
v -0.366667 1.955500 1.606500
v -0.366667 1.899500 1.543500
v -0.366667 1.955500 1.543500
v 0.366667 1.899500 1.606500
v 0.366667 1.955500 1.606500
v 0.366667 1.899500 1.543500
v 0.366667 1.955500 1.543500
v 0.366667 1.899500 1.606500
v 0.366667 1.955500 1.606500
v 0.366667 1.899500 1.543500
v 0.366667 1.955500 1.543500
v 1.100000 1.899500 1.606500
v 1.100000 1.955500 1.606500
v 1.100000 1.899500 1.543500
v 1.100000 1.955500 1.543500
v -1.150000 1.595000 -1.540000
v -1.150000 1.665000 -1.540000
v -1.150000 1.595000 -1.610000
v -1.150000 1.665000 -1.610000
v 1.150000 1.595000 -1.540000
v 1.150000 1.665000 -1.540000
v 1.150000 1.595000 -1.610000
v 1.150000 1.665000 -1.610000
v -1.150000 2.765000 -1.540000
v -1.150000 2.835000 -1.540000
v -1.150000 2.765000 -1.610000
v -1.150000 2.835000 -1.610000
v 1.150000 2.765000 -1.540000
v 1.150000 2.835000 -1.540000
v 1.150000 2.765000 -1.610000
v 1.150000 2.835000 -1.610000
v -1.135000 1.590000 -1.540000
v -1.135000 2.840000 -1.540000
v -1.135000 1.590000 -1.610000
v -1.135000 2.840000 -1.610000
v -1.065000 1.590000 -1.540000
v -1.065000 2.840000 -1.540000
v -1.065000 1.590000 -1.610000
v -1.065000 2.840000 -1.610000
v -0.401667 1.590000 -1.540000
v -0.401667 2.840000 -1.540000
v -0.401667 1.590000 -1.610000
v -0.401667 2.840000 -1.610000
v -0.331667 1.590000 -1.540000
v -0.331667 2.840000 -1.540000
v -0.331667 1.590000 -1.610000
v -0.331667 2.840000 -1.610000
v 0.331667 1.590000 -1.540000
v 0.331667 2.840000 -1.540000
v 0.331667 1.590000 -1.610000
v 0.331667 2.840000 -1.610000
v 0.401667 1.590000 -1.540000
v 0.401667 2.840000 -1.540000
v 0.401667 1.590000 -1.610000
v 0.401667 2.840000 -1.610000
v 1.065000 1.590000 -1.540000
v 1.065000 2.840000 -1.540000
v 1.065000 1.590000 -1.610000
v 1.065000 2.840000 -1.610000
v 1.135000 1.590000 -1.540000
v 1.135000 2.840000 -1.540000
v 1.135000 1.590000 -1.610000
v 1.135000 2.840000 -1.610000
v -0.943333 2.065000 -1.560000
v -0.943333 2.565000 -1.560000
v -0.943333 2.065000 -1.590000
v -0.943333 2.565000 -1.590000
v -0.523333 2.065000 -1.560000
v -0.523333 2.565000 -1.560000
v -0.523333 2.065000 -1.590000
v -0.523333 2.565000 -1.590000
v -1.003333 2.010000 -1.545000
v -1.003333 2.060000 -1.545000
v -1.003333 2.010000 -1.665000
v -1.003333 2.060000 -1.665000
v -0.463333 2.010000 -1.545000
v -0.463333 2.060000 -1.545000
v -0.463333 2.010000 -1.665000
v -0.463333 2.060000 -1.665000
v -0.210000 2.065000 -1.560000
v -0.210000 2.565000 -1.560000
v -0.210000 2.065000 -1.590000
v -0.210000 2.565000 -1.590000
v 0.210000 2.065000 -1.560000
v 0.210000 2.565000 -1.560000
v 0.210000 2.065000 -1.590000
v 0.210000 2.565000 -1.590000
v -0.270000 2.010000 -1.545000
v -0.270000 2.060000 -1.545000
v -0.270000 2.010000 -1.665000
v -0.270000 2.060000 -1.665000
v 0.270000 2.010000 -1.545000
v 0.270000 2.060000 -1.545000
v 0.270000 2.010000 -1.665000
v 0.270000 2.060000 -1.665000
v 0.523333 2.065000 -1.560000
v 0.523333 2.565000 -1.560000
v 0.523333 2.065000 -1.590000
v 0.523333 2.565000 -1.590000
v 0.943333 2.065000 -1.560000
v 0.943333 2.565000 -1.560000
v 0.943333 2.065000 -1.590000
v 0.943333 2.565000 -1.590000
v 0.463333 2.010000 -1.545000
v 0.463333 2.060000 -1.545000
v 0.463333 2.010000 -1.665000
v 0.463333 2.060000 -1.665000
v 1.003333 2.010000 -1.545000
v 1.003333 2.060000 -1.545000
v 1.003333 2.010000 -1.665000
v 1.003333 2.060000 -1.665000
v -1.100000 1.899500 -1.543500
v -1.100000 1.955500 -1.543500
v -1.100000 1.899500 -1.606500
v -1.100000 1.955500 -1.606500
v -0.366667 1.899500 -1.543500
v -0.366667 1.955500 -1.543500
v -0.366667 1.899500 -1.606500
v -0.366667 1.955500 -1.606500
v -0.366667 1.899500 -1.543500
v -0.366667 1.955500 -1.543500
v -0.366667 1.899500 -1.606500
v -0.366667 1.955500 -1.606500
v 0.366667 1.899500 -1.543500
v 0.366667 1.955500 -1.543500
v 0.366667 1.899500 -1.606500
v 0.366667 1.955500 -1.606500
v 0.366667 1.899500 -1.543500
v 0.366667 1.955500 -1.543500
v 0.366667 1.899500 -1.606500
v 0.366667 1.955500 -1.606500
v 1.100000 1.899500 -1.543500
v 1.100000 1.955500 -1.543500
v 1.100000 1.899500 -1.606500
v 1.100000 1.955500 -1.606500
v -1.210000 1.595000 1.550000
v -1.210000 1.665000 1.550000
v -1.210000 1.595000 -1.550000
v -1.210000 1.665000 -1.550000
v -1.140000 1.595000 1.550000
v -1.140000 1.665000 1.550000
v -1.140000 1.595000 -1.550000
v -1.140000 1.665000 -1.550000
v -1.210000 2.765000 1.550000
v -1.210000 2.835000 1.550000
v -1.210000 2.765000 -1.550000
v -1.210000 2.835000 -1.550000
v -1.140000 2.765000 1.550000
v -1.140000 2.835000 1.550000
v -1.140000 2.765000 -1.550000
v -1.140000 2.835000 -1.550000
v -1.210000 1.590000 1.535000
v -1.210000 2.840000 1.535000
v -1.210000 1.590000 1.465000
v -1.210000 2.840000 1.465000
v -1.140000 1.590000 1.535000
v -1.140000 2.840000 1.535000
v -1.140000 1.590000 1.465000
v -1.140000 2.840000 1.465000
v -1.210000 1.590000 0.785000
v -1.210000 2.840000 0.785000
v -1.210000 1.590000 0.715000
v -1.210000 2.840000 0.715000
v -1.140000 1.590000 0.785000
v -1.140000 2.840000 0.785000
v -1.140000 1.590000 0.715000
v -1.140000 2.840000 0.715000
v -1.210000 1.590000 0.035000
v -1.210000 2.840000 0.035000
v -1.210000 1.590000 -0.035000
v -1.210000 2.840000 -0.035000
v -1.140000 1.590000 0.035000
v -1.140000 2.840000 0.035000
v -1.140000 1.590000 -0.035000
v -1.140000 2.840000 -0.035000
v -1.210000 1.590000 -0.715000
v -1.210000 2.840000 -0.715000
v -1.210000 1.590000 -0.785000
v -1.210000 2.840000 -0.785000
v -1.140000 1.590000 -0.715000
v -1.140000 2.840000 -0.715000
v -1.140000 1.590000 -0.785000
v -1.140000 2.840000 -0.785000
v -1.210000 1.590000 -1.465000
v -1.210000 2.840000 -1.465000
v -1.210000 1.590000 -1.535000
v -1.210000 2.840000 -1.535000
v -1.140000 1.590000 -1.465000
v -1.140000 2.840000 -1.465000
v -1.140000 1.590000 -1.535000
v -1.140000 2.840000 -1.535000
v -1.190000 2.065000 -0.165000
v -1.190000 2.565000 -0.165000
v -1.190000 2.065000 -0.585000
v -1.190000 2.565000 -0.585000
v -1.160000 2.065000 -0.165000
v -1.160000 2.565000 -0.165000
v -1.160000 2.065000 -0.585000
v -1.160000 2.565000 -0.585000
v -1.265000 2.010000 -0.105000
v -1.265000 2.060000 -0.105000
v -1.265000 2.010000 -0.645000
v -1.265000 2.060000 -0.645000
v -1.145000 2.010000 -0.105000
v -1.145000 2.060000 -0.105000
v -1.145000 2.010000 -0.645000
v -1.145000 2.060000 -0.645000
v -1.190000 2.065000 -0.915000
v -1.190000 2.565000 -0.915000
v -1.190000 2.065000 -1.335000
v -1.190000 2.565000 -1.335000
v -1.160000 2.065000 -0.915000
v -1.160000 2.565000 -0.915000
v -1.160000 2.065000 -1.335000
v -1.160000 2.565000 -1.335000
v -1.265000 2.010000 -0.855000
v -1.265000 2.060000 -0.855000
v -1.265000 2.010000 -1.395000
v -1.265000 2.060000 -1.395000
v -1.145000 2.010000 -0.855000
v -1.145000 2.060000 -0.855000
v -1.145000 2.010000 -1.395000
v -1.145000 2.060000 -1.395000
v -1.206500 1.899500 1.500000
v -1.206500 1.955500 1.500000
v -1.206500 1.899500 0.750000
v -1.206500 1.955500 0.750000
v -1.143500 1.899500 1.500000
v -1.143500 1.955500 1.500000
v -1.143500 1.899500 0.750000
v -1.143500 1.955500 0.750000
v -1.206500 1.899500 0.750000
v -1.206500 1.955500 0.750000
v -1.206500 1.899500 0.000000
v -1.206500 1.955500 0.000000
v -1.143500 1.899500 0.750000
v -1.143500 1.955500 0.750000
v -1.143500 1.899500 0.000000
v -1.143500 1.955500 0.000000
v -1.206500 1.899500 0.000000
v -1.206500 1.955500 0.000000
v -1.206500 1.899500 -0.750000
v -1.206500 1.955500 -0.750000
v -1.143500 1.899500 0.000000
v -1.143500 1.955500 0.000000
v -1.143500 1.899500 -0.750000
v -1.143500 1.955500 -0.750000
v -1.206500 1.899500 -0.750000
v -1.206500 1.955500 -0.750000
v -1.206500 1.899500 -1.500000
v -1.206500 1.955500 -1.500000
v -1.143500 1.899500 -0.750000
v -1.143500 1.955500 -0.750000
v -1.143500 1.899500 -1.500000
v -1.143500 1.955500 -1.500000
v 1.140000 1.595000 1.550000
v 1.140000 1.665000 1.550000
v 1.140000 1.595000 -1.550000
v 1.140000 1.665000 -1.550000
v 1.210000 1.595000 1.550000
v 1.210000 1.665000 1.550000
v 1.210000 1.595000 -1.550000
v 1.210000 1.665000 -1.550000
v 1.140000 2.765000 1.550000
v 1.140000 2.835000 1.550000
v 1.140000 2.765000 -1.550000
v 1.140000 2.835000 -1.550000
v 1.210000 2.765000 1.550000
v 1.210000 2.835000 1.550000
v 1.210000 2.765000 -1.550000
v 1.210000 2.835000 -1.550000
v 1.140000 1.590000 1.535000
v 1.140000 2.840000 1.535000
v 1.140000 1.590000 1.465000
v 1.140000 2.840000 1.465000
v 1.210000 1.590000 1.535000
v 1.210000 2.840000 1.535000
v 1.210000 1.590000 1.465000
v 1.210000 2.840000 1.465000
v 1.140000 1.590000 0.785000
v 1.140000 2.840000 0.785000
v 1.140000 1.590000 0.715000
v 1.140000 2.840000 0.715000
v 1.210000 1.590000 0.785000
v 1.210000 2.840000 0.785000
v 1.210000 1.590000 0.715000
v 1.210000 2.840000 0.715000
v 1.140000 1.590000 0.035000
v 1.140000 2.840000 0.035000
v 1.140000 1.590000 -0.035000
v 1.140000 2.840000 -0.035000
v 1.210000 1.590000 0.035000
v 1.210000 2.840000 0.035000
v 1.210000 1.590000 -0.035000
v 1.210000 2.840000 -0.035000
v 1.140000 1.590000 -0.715000
v 1.140000 2.840000 -0.715000
v 1.140000 1.590000 -0.785000
v 1.140000 2.840000 -0.785000
v 1.210000 1.590000 -0.715000
v 1.210000 2.840000 -0.715000
v 1.210000 1.590000 -0.785000
v 1.210000 2.840000 -0.785000
v 1.140000 1.590000 -1.465000
v 1.140000 2.840000 -1.465000
v 1.140000 1.590000 -1.535000
v 1.140000 2.840000 -1.535000
v 1.210000 1.590000 -1.465000
v 1.210000 2.840000 -1.465000
v 1.210000 1.590000 -1.535000
v 1.210000 2.840000 -1.535000
v 1.160000 2.065000 0.585000
v 1.160000 2.565000 0.585000
v 1.160000 2.065000 0.165000
v 1.160000 2.565000 0.165000
v 1.190000 2.065000 0.585000
v 1.190000 2.565000 0.585000
v 1.190000 2.065000 0.165000
v 1.190000 2.565000 0.165000
v 1.145000 2.010000 0.645000
v 1.145000 2.060000 0.645000
v 1.145000 2.010000 0.105000
v 1.145000 2.060000 0.105000
v 1.265000 2.010000 0.645000
v 1.265000 2.060000 0.645000
v 1.265000 2.010000 0.105000
v 1.265000 2.060000 0.105000
v 1.185000 1.895000 0.625000
v 1.185000 2.015000 0.625000
v 1.185000 1.895000 0.125000
v 1.185000 2.015000 0.125000
v 1.325000 1.895000 0.625000
v 1.325000 2.015000 0.625000
v 1.325000 1.895000 0.125000
v 1.325000 2.015000 0.125000
v 1.332715 1.965411 0.586696
v 1.258565 2.003276 0.577431
v 1.313410 2.008734 0.526467
v 1.388068 2.009808 0.540820
v 1.373853 2.025521 0.615684
v 1.303989 2.018432 0.643103
v 1.281038 2.062530 0.538389
v 1.347982 2.074060 0.500509
v 1.386703 2.083752 0.572742
v 1.339324 2.089821 0.634981
v 1.276119 2.072276 0.601491
v 1.318004 2.117173 0.564394
v 1.323501 2.055121 0.573864
v 1.348908 2.081562 0.567245
v 1.341022 2.079191 0.598410
v 1.308190 2.081522 0.596120
v 1.294149 2.080427 0.564041
v 1.325067 2.080038 0.542853
v 1.359039 2.111079 0.587092
v 1.324941 2.108132 0.603216
v 1.299079 2.109569 0.583408
v 1.305669 2.114074 0.546755
v 1.343534 2.109861 0.551713
v 1.326427 2.132957 0.576081
v 1.319732 1.987151 0.458542
v 1.376937 2.007585 0.483869
v 1.321080 1.996019 0.528837
v 1.267854 2.017513 0.484671
v 1.288799 2.032837 0.421500
v 1.354193 2.028654 0.426659
v 1.363411 2.057905 0.531766
v 1.289055 2.065126 0.534520
v 1.266867 2.086879 0.465073
v 1.328665 2.090801 0.424657
v 1.383645 2.073208 0.465075
v 1.330608 2.106585 0.492521
v 1.324868 2.060718 0.465885
v 1.353712 2.072663 0.490065
v 1.315560 2.071916 0.500222
v 1.296155 2.081086 0.471717
v 1.312979 2.086143 0.436316
v 1.347986 2.085443 0.454624
v 1.333470 2.101240 0.502256
v 1.304473 2.103535 0.493197
v 1.304272 2.111126 0.464124
v 1.335160 2.119846 0.447854
v 1.351432 2.107750 0.478008
v 1.325141 2.131749 0.484771
v 1.326052 1.981709 0.376647
v 1.263998 2.013079 0.372119
v 1.307350 2.006545 0.305629
v 1.379071 2.013251 0.341636
v 1.367875 2.019154 0.410597
v 1.303739 2.016346 0.431136
v 1.276610 2.074171 0.334824
v 1.344607 2.071424 0.323232
v 1.388775 2.078372 0.378012
v 1.337372 2.071955 0.423625
v 1.264864 2.080311 0.412107
v 1.323987 2.105975 0.373413
v 1.321818 2.054738 0.372147
v 1.359070 2.074643 0.365993
v 1.340235 2.075148 0.402445
v 1.301916 2.078762 0.398166
v 1.294976 2.082455 0.361202
v 1.327457 2.078693 0.336487
v 1.351585 2.106108 0.387217
v 1.322940 2.108678 0.407303
v 1.301411 2.109095 0.381236
v 1.311396 2.112727 0.350492
v 1.344015 2.108376 0.355917
v 1.327714 2.129342 0.377433
v 1.325015 1.972761 0.275068
v 1.261647 2.010328 0.247049
v 1.332465 2.008222 0.201995
v 1.381316 2.016198 0.262883
v 1.361861 2.008402 0.338431
v 1.291163 2.019656 0.312835
v 1.290846 2.078911 0.216227
v 1.364904 2.074888 0.230381
v 1.381841 2.076108 0.300078
v 1.317630 2.081311 0.347078
v 1.274541 2.070807 0.285857
v 1.324987 2.108012 0.274940
v 1.333248 2.060838 0.276722
v 1.308957 2.078444 0.293500
v 1.303722 2.074025 0.261272
v 1.333264 2.082527 0.250479
v 1.363290 2.085898 0.271848
v 1.342760 2.083006 0.307465
v 1.287665 2.103875 0.278073
v 1.311632 2.104028 0.250563
v 1.346089 2.116763 0.250682
v 1.345881 2.115583 0.288472
v 1.315747 2.108966 0.302457
v 1.317576 2.125750 0.273450
v 1.318826 1.967834 0.179480
v 1.322027 2.005280 0.105670
v 1.376574 2.011411 0.159267
v 1.352634 2.019887 0.217307
v 1.279340 2.015452 0.236058
v 1.258015 2.015197 0.155865
v 1.366153 2.071632 0.119968
v 1.377978 2.068571 0.190133
v 1.327444 2.077657 0.232001
v 1.269795 2.080954 0.191841
v 1.291593 2.075359 0.123856
v 1.330254 2.110673 0.171187
v 1.322584 2.062069 0.166220
v 1.353425 2.074718 0.181450
v 1.321897 2.069674 0.203836
v 1.290925 2.078571 0.179664
v 1.305194 2.087152 0.143039
v 1.346516 2.083226 0.142806
v 1.343466 2.102317 0.204799
v 1.305983 2.105407 0.203455
v 1.300475 2.112499 0.169435
v 1.327528 2.115638 0.151502
v 1.355470 2.109691 0.170829
v 1.327474 2.128718 0.183990
v 1.160000 2.065000 -0.915000
v 1.160000 2.565000 -0.915000
v 1.160000 2.065000 -1.335000
v 1.160000 2.565000 -1.335000
v 1.190000 2.065000 -0.915000
v 1.190000 2.565000 -0.915000
v 1.190000 2.065000 -1.335000
v 1.190000 2.565000 -1.335000
v 1.145000 2.010000 -0.855000
v 1.145000 2.060000 -0.855000
v 1.145000 2.010000 -1.395000
v 1.145000 2.060000 -1.395000
v 1.265000 2.010000 -0.855000
v 1.265000 2.060000 -0.855000
v 1.265000 2.010000 -1.395000
v 1.265000 2.060000 -1.395000
v 1.143500 1.899500 1.500000
v 1.143500 1.955500 1.500000
v 1.143500 1.899500 0.750000
v 1.143500 1.955500 0.750000
v 1.206500 1.899500 1.500000
v 1.206500 1.955500 1.500000
v 1.206500 1.899500 0.750000
v 1.206500 1.955500 0.750000
v 1.143500 1.899500 0.750000
v 1.143500 1.955500 0.750000
v 1.143500 1.899500 0.000000
v 1.143500 1.955500 0.000000
v 1.206500 1.899500 0.750000
v 1.206500 1.955500 0.750000
v 1.206500 1.899500 0.000000
v 1.206500 1.955500 0.000000
v 1.143500 1.899500 0.000000
v 1.143500 1.955500 0.000000
v 1.143500 1.899500 -0.750000
v 1.143500 1.955500 -0.750000
v 1.206500 1.899500 0.000000
v 1.206500 1.955500 0.000000
v 1.206500 1.899500 -0.750000
v 1.206500 1.955500 -0.750000
v 1.143500 1.899500 -0.750000
v 1.143500 1.955500 -0.750000
v 1.143500 1.899500 -1.500000
v 1.143500 1.955500 -1.500000
v 1.206500 1.899500 -0.750000
v 1.206500 1.955500 -0.750000
v 1.206500 1.899500 -1.500000
v 1.206500 1.955500 -1.500000
v -1.080000 2.755000 1.770000
v -1.080000 2.845000 1.770000
v -1.080000 2.755000 1.430000
v -1.080000 2.845000 1.430000
v -1.000000 2.755000 1.770000
v -1.000000 2.845000 1.770000
v -1.000000 2.755000 1.430000
v -1.000000 2.845000 1.430000
v -1.080000 2.755000 -1.430000
v -1.080000 2.845000 -1.430000
v -1.080000 2.755000 -1.770000
v -1.080000 2.845000 -1.770000
v -1.000000 2.755000 -1.430000
v -1.000000 2.845000 -1.430000
v -1.000000 2.755000 -1.770000
v -1.000000 2.845000 -1.770000
v -0.782857 2.755000 1.770000
v -0.782857 2.845000 1.770000
v -0.782857 2.755000 1.430000
v -0.782857 2.845000 1.430000
v -0.702857 2.755000 1.770000
v -0.702857 2.845000 1.770000
v -0.702857 2.755000 1.430000
v -0.702857 2.845000 1.430000
v -0.782857 2.755000 -1.430000
v -0.782857 2.845000 -1.430000
v -0.782857 2.755000 -1.770000
v -0.782857 2.845000 -1.770000
v -0.702857 2.755000 -1.430000
v -0.702857 2.845000 -1.430000
v -0.702857 2.755000 -1.770000
v -0.702857 2.845000 -1.770000
v -0.485714 2.755000 1.770000
v -0.485714 2.845000 1.770000
v -0.485714 2.755000 1.430000
v -0.485714 2.845000 1.430000
v -0.405714 2.755000 1.770000
v -0.405714 2.845000 1.770000
v -0.405714 2.755000 1.430000
v -0.405714 2.845000 1.430000
v -0.485714 2.755000 -1.430000
v -0.485714 2.845000 -1.430000
v -0.485714 2.755000 -1.770000
v -0.485714 2.845000 -1.770000
v -0.405714 2.755000 -1.430000
v -0.405714 2.845000 -1.430000
v -0.405714 2.755000 -1.770000
v -0.405714 2.845000 -1.770000
v -0.188571 2.755000 1.770000
v -0.188571 2.845000 1.770000
v -0.188571 2.755000 1.430000
v -0.188571 2.845000 1.430000
v -0.108571 2.755000 1.770000
v -0.108571 2.845000 1.770000
v -0.108571 2.755000 1.430000
v -0.108571 2.845000 1.430000
v -0.188571 2.755000 -1.430000
v -0.188571 2.845000 -1.430000
v -0.188571 2.755000 -1.770000
v -0.188571 2.845000 -1.770000
v -0.108571 2.755000 -1.430000
v -0.108571 2.845000 -1.430000
v -0.108571 2.755000 -1.770000
v -0.108571 2.845000 -1.770000
v 0.108571 2.755000 1.770000
v 0.108571 2.845000 1.770000
v 0.108571 2.755000 1.430000
v 0.108571 2.845000 1.430000
v 0.188571 2.755000 1.770000
v 0.188571 2.845000 1.770000
v 0.188571 2.755000 1.430000
v 0.188571 2.845000 1.430000
v 0.108571 2.755000 -1.430000
v 0.108571 2.845000 -1.430000
v 0.108571 2.755000 -1.770000
v 0.108571 2.845000 -1.770000
v 0.188571 2.755000 -1.430000
v 0.188571 2.845000 -1.430000
v 0.188571 2.755000 -1.770000
v 0.188571 2.845000 -1.770000
v 0.405714 2.755000 1.770000
v 0.405714 2.845000 1.770000
v 0.405714 2.755000 1.430000
v 0.405714 2.845000 1.430000
v 0.485714 2.755000 1.770000
v 0.485714 2.845000 1.770000
v 0.485714 2.755000 1.430000
v 0.485714 2.845000 1.430000
v 0.405714 2.755000 -1.430000
v 0.405714 2.845000 -1.430000
v 0.405714 2.755000 -1.770000
v 0.405714 2.845000 -1.770000
v 0.485714 2.755000 -1.430000
v 0.485714 2.845000 -1.430000
v 0.485714 2.755000 -1.770000
v 0.485714 2.845000 -1.770000
v 0.702857 2.755000 1.770000
v 0.702857 2.845000 1.770000
v 0.702857 2.755000 1.430000
v 0.702857 2.845000 1.430000
v 0.782857 2.755000 1.770000
v 0.782857 2.845000 1.770000
v 0.782857 2.755000 1.430000
v 0.782857 2.845000 1.430000
v 0.702857 2.755000 -1.430000
v 0.702857 2.845000 -1.430000
v 0.702857 2.755000 -1.770000
v 0.702857 2.845000 -1.770000
v 0.782857 2.755000 -1.430000
v 0.782857 2.845000 -1.430000
v 0.782857 2.755000 -1.770000
v 0.782857 2.845000 -1.770000
v 1.000000 2.755000 1.770000
v 1.000000 2.845000 1.770000
v 1.000000 2.755000 1.430000
v 1.000000 2.845000 1.430000
v 1.080000 2.755000 1.770000
v 1.080000 2.845000 1.770000
v 1.080000 2.755000 1.430000
v 1.080000 2.845000 1.430000
v 1.000000 2.755000 -1.430000
v 1.000000 2.845000 -1.430000
v 1.000000 2.755000 -1.770000
v 1.000000 2.845000 -1.770000
v 1.080000 2.755000 -1.430000
v 1.080000 2.845000 -1.430000
v 1.080000 2.755000 -1.770000
v 1.080000 2.845000 -1.770000
v -1.100000 2.840000 1.770000
v -1.100000 4.090000 1.770000
v -1.100000 2.840000 1.630000
v -1.100000 4.090000 1.630000
v 1.100000 2.840000 1.770000
v 1.100000 4.090000 1.770000
v 1.100000 2.840000 1.630000
v 1.100000 4.090000 1.630000
v -1.100000 2.840000 -1.630000
v -1.100000 4.090000 -1.630000
v -1.100000 2.840000 -1.770000
v -1.100000 4.090000 -1.770000
v 1.100000 2.840000 -1.630000
v 1.100000 4.090000 -1.630000
v 1.100000 2.840000 -1.770000
v 1.100000 4.090000 -1.770000
v -1.170000 2.840000 1.630000
v -1.170000 4.090000 1.630000
v -1.170000 2.840000 -1.630000
v -1.170000 4.090000 -1.630000
v -1.030000 2.840000 1.630000
v -1.030000 4.090000 1.630000
v -1.030000 2.840000 -1.630000
v -1.030000 4.090000 -1.630000
v 1.030000 2.840000 1.630000
v 1.030000 4.090000 1.630000
v 1.030000 2.840000 -1.630000
v 1.030000 4.090000 -1.630000
v 1.170000 2.840000 1.630000
v 1.170000 4.090000 1.630000
v 1.170000 2.840000 -1.630000
v 1.170000 4.090000 -1.630000
v -1.150000 2.845000 1.810000
v -1.150000 2.915000 1.810000
v -1.150000 2.845000 1.740000
v -1.150000 2.915000 1.740000
v 1.150000 2.845000 1.810000
v 1.150000 2.915000 1.810000
v 1.150000 2.845000 1.740000
v 1.150000 2.915000 1.740000
v -1.150000 4.015000 1.810000
v -1.150000 4.085000 1.810000
v -1.150000 4.015000 1.740000
v -1.150000 4.085000 1.740000
v 1.150000 4.015000 1.810000
v 1.150000 4.085000 1.810000
v 1.150000 4.015000 1.740000
v 1.150000 4.085000 1.740000
v -1.135000 2.840000 1.810000
v -1.135000 4.090000 1.810000
v -1.135000 2.840000 1.740000
v -1.135000 4.090000 1.740000
v -1.065000 2.840000 1.810000
v -1.065000 4.090000 1.810000
v -1.065000 2.840000 1.740000
v -1.065000 4.090000 1.740000
v -0.401667 2.840000 1.810000
v -0.401667 4.090000 1.810000
v -0.401667 2.840000 1.740000
v -0.401667 4.090000 1.740000
v -0.331667 2.840000 1.810000
v -0.331667 4.090000 1.810000
v -0.331667 2.840000 1.740000
v -0.331667 4.090000 1.740000
v 0.331667 2.840000 1.810000
v 0.331667 4.090000 1.810000
v 0.331667 2.840000 1.740000
v 0.331667 4.090000 1.740000
v 0.401667 2.840000 1.810000
v 0.401667 4.090000 1.810000
v 0.401667 2.840000 1.740000
v 0.401667 4.090000 1.740000
v 1.065000 2.840000 1.810000
v 1.065000 4.090000 1.810000
v 1.065000 2.840000 1.740000
v 1.065000 4.090000 1.740000
v 1.135000 2.840000 1.810000
v 1.135000 4.090000 1.810000
v 1.135000 2.840000 1.740000
v 1.135000 4.090000 1.740000
v -0.943333 3.315000 1.790000
v -0.943333 3.815000 1.790000
v -0.943333 3.315000 1.760000
v -0.943333 3.815000 1.760000
v -0.523333 3.315000 1.790000
v -0.523333 3.815000 1.790000
v -0.523333 3.315000 1.760000
v -0.523333 3.815000 1.760000
v -1.003333 3.260000 1.865000
v -1.003333 3.310000 1.865000
v -1.003333 3.260000 1.745000
v -1.003333 3.310000 1.745000
v -0.463333 3.260000 1.865000
v -0.463333 3.310000 1.865000
v -0.463333 3.260000 1.745000
v -0.463333 3.310000 1.745000
v -0.210000 3.315000 1.790000
v -0.210000 3.815000 1.790000
v -0.210000 3.315000 1.760000
v -0.210000 3.815000 1.760000
v 0.210000 3.315000 1.790000
v 0.210000 3.815000 1.790000
v 0.210000 3.315000 1.760000
v 0.210000 3.815000 1.760000
v -0.270000 3.260000 1.865000
v -0.270000 3.310000 1.865000
v -0.270000 3.260000 1.745000
v -0.270000 3.310000 1.745000
v 0.270000 3.260000 1.865000
v 0.270000 3.310000 1.865000
v 0.270000 3.260000 1.745000
v 0.270000 3.310000 1.745000
v 0.523333 3.315000 1.790000
v 0.523333 3.815000 1.790000
v 0.523333 3.315000 1.760000
v 0.523333 3.815000 1.760000
v 0.943333 3.315000 1.790000
v 0.943333 3.815000 1.790000
v 0.943333 3.315000 1.760000
v 0.943333 3.815000 1.760000
v 0.463333 3.260000 1.865000
v 0.463333 3.310000 1.865000
v 0.463333 3.260000 1.745000
v 0.463333 3.310000 1.745000
v 1.003333 3.260000 1.865000
v 1.003333 3.310000 1.865000
v 1.003333 3.260000 1.745000
v 1.003333 3.310000 1.745000
v -1.100000 3.149500 1.806500
v -1.100000 3.205500 1.806500
v -1.100000 3.149500 1.743500
v -1.100000 3.205500 1.743500
v -0.366667 3.149500 1.806500
v -0.366667 3.205500 1.806500
v -0.366667 3.149500 1.743500
v -0.366667 3.205500 1.743500
v -0.366667 3.149500 1.806500
v -0.366667 3.205500 1.806500
v -0.366667 3.149500 1.743500
v -0.366667 3.205500 1.743500
v 0.366667 3.149500 1.806500
v 0.366667 3.205500 1.806500
v 0.366667 3.149500 1.743500
v 0.366667 3.205500 1.743500
v 0.366667 3.149500 1.806500
v 0.366667 3.205500 1.806500
v 0.366667 3.149500 1.743500
v 0.366667 3.205500 1.743500
v 1.100000 3.149500 1.806500
v 1.100000 3.205500 1.806500
v 1.100000 3.149500 1.743500
v 1.100000 3.205500 1.743500
v -1.150000 2.845000 -1.740000
v -1.150000 2.915000 -1.740000
v -1.150000 2.845000 -1.810000
v -1.150000 2.915000 -1.810000
v 1.150000 2.845000 -1.740000
v 1.150000 2.915000 -1.740000
v 1.150000 2.845000 -1.810000
v 1.150000 2.915000 -1.810000
v -1.150000 4.015000 -1.740000
v -1.150000 4.085000 -1.740000
v -1.150000 4.015000 -1.810000
v -1.150000 4.085000 -1.810000
v 1.150000 4.015000 -1.740000
v 1.150000 4.085000 -1.740000
v 1.150000 4.015000 -1.810000
v 1.150000 4.085000 -1.810000
v -1.135000 2.840000 -1.740000
v -1.135000 4.090000 -1.740000
v -1.135000 2.840000 -1.810000
v -1.135000 4.090000 -1.810000
v -1.065000 2.840000 -1.740000
v -1.065000 4.090000 -1.740000
v -1.065000 2.840000 -1.810000
v -1.065000 4.090000 -1.810000
v -0.401667 2.840000 -1.740000
v -0.401667 4.090000 -1.740000
v -0.401667 2.840000 -1.810000
v -0.401667 4.090000 -1.810000
v -0.331667 2.840000 -1.740000
v -0.331667 4.090000 -1.740000
v -0.331667 2.840000 -1.810000
v -0.331667 4.090000 -1.810000
v 0.331667 2.840000 -1.740000
v 0.331667 4.090000 -1.740000
v 0.331667 2.840000 -1.810000
v 0.331667 4.090000 -1.810000
v 0.401667 2.840000 -1.740000
v 0.401667 4.090000 -1.740000
v 0.401667 2.840000 -1.810000
v 0.401667 4.090000 -1.810000
v 1.065000 2.840000 -1.740000
v 1.065000 4.090000 -1.740000
v 1.065000 2.840000 -1.810000
v 1.065000 4.090000 -1.810000
v 1.135000 2.840000 -1.740000
v 1.135000 4.090000 -1.740000
v 1.135000 2.840000 -1.810000
v 1.135000 4.090000 -1.810000
v -0.210000 3.315000 -1.760000
v -0.210000 3.815000 -1.760000
v -0.210000 3.315000 -1.790000
v -0.210000 3.815000 -1.790000
v 0.210000 3.315000 -1.760000
v 0.210000 3.815000 -1.760000
v 0.210000 3.315000 -1.790000
v 0.210000 3.815000 -1.790000
v -0.270000 3.260000 -1.745000
v -0.270000 3.310000 -1.745000
v -0.270000 3.260000 -1.865000
v -0.270000 3.310000 -1.865000
v 0.270000 3.260000 -1.745000
v 0.270000 3.310000 -1.745000
v 0.270000 3.260000 -1.865000
v 0.270000 3.310000 -1.865000
v 0.523333 3.315000 -1.760000
v 0.523333 3.815000 -1.760000
v 0.523333 3.315000 -1.790000
v 0.523333 3.815000 -1.790000
v 0.943333 3.315000 -1.760000
v 0.943333 3.815000 -1.760000
v 0.943333 3.315000 -1.790000
v 0.943333 3.815000 -1.790000
v 0.463333 3.260000 -1.745000
v 0.463333 3.310000 -1.745000
v 0.463333 3.260000 -1.865000
v 0.463333 3.310000 -1.865000
v 1.003333 3.260000 -1.745000
v 1.003333 3.310000 -1.745000
v 1.003333 3.260000 -1.865000
v 1.003333 3.310000 -1.865000
v -1.100000 3.149500 -1.743500
v -1.100000 3.205500 -1.743500
v -1.100000 3.149500 -1.806500
v -1.100000 3.205500 -1.806500
v -0.366667 3.149500 -1.743500
v -0.366667 3.205500 -1.743500
v -0.366667 3.149500 -1.806500
v -0.366667 3.205500 -1.806500
v -0.366667 3.149500 -1.743500
v -0.366667 3.205500 -1.743500
v -0.366667 3.149500 -1.806500
v -0.366667 3.205500 -1.806500
v 0.366667 3.149500 -1.743500
v 0.366667 3.205500 -1.743500
v 0.366667 3.149500 -1.806500
v 0.366667 3.205500 -1.806500
v 0.366667 3.149500 -1.743500
v 0.366667 3.205500 -1.743500
v 0.366667 3.149500 -1.806500
v 0.366667 3.205500 -1.806500
v 1.100000 3.149500 -1.743500
v 1.100000 3.205500 -1.743500
v 1.100000 3.149500 -1.806500
v 1.100000 3.205500 -1.806500
v -1.210000 2.845000 1.750000
v -1.210000 2.915000 1.750000
v -1.210000 2.845000 -1.750000
v -1.210000 2.915000 -1.750000
v -1.140000 2.845000 1.750000
v -1.140000 2.915000 1.750000
v -1.140000 2.845000 -1.750000
v -1.140000 2.915000 -1.750000
v -1.210000 4.015000 1.750000
v -1.210000 4.085000 1.750000
v -1.210000 4.015000 -1.750000
v -1.210000 4.085000 -1.750000
v -1.140000 4.015000 1.750000
v -1.140000 4.085000 1.750000
v -1.140000 4.015000 -1.750000
v -1.140000 4.085000 -1.750000
v -1.210000 2.840000 1.735000
v -1.210000 4.090000 1.735000
v -1.210000 2.840000 1.665000
v -1.210000 4.090000 1.665000
v -1.140000 2.840000 1.735000
v -1.140000 4.090000 1.735000
v -1.140000 2.840000 1.665000
v -1.140000 4.090000 1.665000
v -1.210000 2.840000 1.055000
v -1.210000 4.090000 1.055000
v -1.210000 2.840000 0.985000
v -1.210000 4.090000 0.985000
v -1.140000 2.840000 1.055000
v -1.140000 4.090000 1.055000
v -1.140000 2.840000 0.985000
v -1.140000 4.090000 0.985000
v -1.210000 2.840000 0.375000
v -1.210000 4.090000 0.375000
v -1.210000 2.840000 0.305000
v -1.210000 4.090000 0.305000
v -1.140000 2.840000 0.375000
v -1.140000 4.090000 0.375000
v -1.140000 2.840000 0.305000
v -1.140000 4.090000 0.305000
v -1.210000 2.840000 -0.305000
v -1.210000 4.090000 -0.305000
v -1.210000 2.840000 -0.375000
v -1.210000 4.090000 -0.375000
v -1.140000 2.840000 -0.305000
v -1.140000 4.090000 -0.305000
v -1.140000 2.840000 -0.375000
v -1.140000 4.090000 -0.375000
v -1.210000 2.840000 -0.985000
v -1.210000 4.090000 -0.985000
v -1.210000 2.840000 -1.055000
v -1.210000 4.090000 -1.055000
v -1.140000 2.840000 -0.985000
v -1.140000 4.090000 -0.985000
v -1.140000 2.840000 -1.055000
v -1.140000 4.090000 -1.055000
v -1.210000 2.840000 -1.665000
v -1.210000 4.090000 -1.665000
v -1.210000 2.840000 -1.735000
v -1.210000 4.090000 -1.735000
v -1.140000 2.840000 -1.665000
v -1.140000 4.090000 -1.665000
v -1.140000 2.840000 -1.735000
v -1.140000 4.090000 -1.735000
v -1.190000 3.315000 1.570000
v -1.190000 3.815000 1.570000
v -1.190000 3.315000 1.150000
v -1.190000 3.815000 1.150000
v -1.160000 3.315000 1.570000
v -1.160000 3.815000 1.570000
v -1.160000 3.315000 1.150000
v -1.160000 3.815000 1.150000
v -1.265000 3.260000 1.630000
v -1.265000 3.310000 1.630000
v -1.265000 3.260000 1.090000
v -1.265000 3.310000 1.090000
v -1.145000 3.260000 1.630000
v -1.145000 3.310000 1.630000
v -1.145000 3.260000 1.090000
v -1.145000 3.310000 1.090000
v -1.203000 2.914883 0.990520
v -1.203000 2.952617 1.049479
v -1.203000 3.977383 0.310521
v -1.203000 4.015117 0.369480
v -1.147000 2.914883 0.990520
v -1.147000 2.952617 1.049479
v -1.147000 3.977383 0.310521
v -1.147000 4.015117 0.369480
v -1.190000 3.315000 -0.470000
v -1.190000 3.815000 -0.470000
v -1.190000 3.315000 -0.890000
v -1.190000 3.815000 -0.890000
v -1.160000 3.315000 -0.470000
v -1.160000 3.815000 -0.470000
v -1.160000 3.315000 -0.890000
v -1.160000 3.815000 -0.890000
v -1.265000 3.260000 -0.410000
v -1.265000 3.310000 -0.410000
v -1.265000 3.260000 -0.950000
v -1.265000 3.310000 -0.950000
v -1.145000 3.260000 -0.410000
v -1.145000 3.310000 -0.410000
v -1.145000 3.260000 -0.950000
v -1.145000 3.310000 -0.950000
v -1.190000 3.315000 -1.150000
v -1.190000 3.815000 -1.150000
v -1.190000 3.315000 -1.570000
v -1.190000 3.815000 -1.570000
v -1.160000 3.315000 -1.150000
v -1.160000 3.815000 -1.150000
v -1.160000 3.315000 -1.570000
v -1.160000 3.815000 -1.570000
v -1.265000 3.260000 -1.090000
v -1.265000 3.310000 -1.090000
v -1.265000 3.260000 -1.630000
v -1.265000 3.310000 -1.630000
v -1.145000 3.260000 -1.090000
v -1.145000 3.310000 -1.090000
v -1.145000 3.260000 -1.630000
v -1.145000 3.310000 -1.630000
v -1.206500 3.149500 1.700000
v -1.206500 3.205500 1.700000
v -1.206500 3.149500 1.020000
v -1.206500 3.205500 1.020000
v -1.143500 3.149500 1.700000
v -1.143500 3.205500 1.700000
v -1.143500 3.149500 1.020000
v -1.143500 3.205500 1.020000
v -1.206500 3.149500 1.020000
v -1.206500 3.205500 1.020000
v -1.206500 3.149500 0.340000
v -1.206500 3.205500 0.340000
v -1.143500 3.149500 1.020000
v -1.143500 3.205500 1.020000
v -1.143500 3.149500 0.340000
v -1.143500 3.205500 0.340000
v -1.206500 3.149500 0.340000
v -1.206500 3.205500 0.340000
v -1.206500 3.149500 -0.340000
v -1.206500 3.205500 -0.340000
v -1.143500 3.149500 0.340000
v -1.143500 3.205500 0.340000
v -1.143500 3.149500 -0.340000
v -1.143500 3.205500 -0.340000
v -1.206500 3.149500 -0.340000
v -1.206500 3.205500 -0.340000
v -1.206500 3.149500 -1.020000
v -1.206500 3.205500 -1.020000
v -1.143500 3.149500 -0.340000
v -1.143500 3.205500 -0.340000
v -1.143500 3.149500 -1.020000
v -1.143500 3.205500 -1.020000
v -1.206500 3.149500 -1.020000
v -1.206500 3.205500 -1.020000
v -1.206500 3.149500 -1.700000
v -1.206500 3.205500 -1.700000
v -1.143500 3.149500 -1.020000
v -1.143500 3.205500 -1.020000
v -1.143500 3.149500 -1.700000
v -1.143500 3.205500 -1.700000
v 1.140000 2.845000 1.750000
v 1.140000 2.915000 1.750000
v 1.140000 2.845000 -1.750000
v 1.140000 2.915000 -1.750000
v 1.210000 2.845000 1.750000
v 1.210000 2.915000 1.750000
v 1.210000 2.845000 -1.750000
v 1.210000 2.915000 -1.750000
v 1.140000 4.015000 1.750000
v 1.140000 4.085000 1.750000
v 1.140000 4.015000 -1.750000
v 1.140000 4.085000 -1.750000
v 1.210000 4.015000 1.750000
v 1.210000 4.085000 1.750000
v 1.210000 4.015000 -1.750000
v 1.210000 4.085000 -1.750000
v 1.140000 2.840000 1.735000
v 1.140000 4.090000 1.735000
v 1.140000 2.840000 1.665000
v 1.140000 4.090000 1.665000
v 1.210000 2.840000 1.735000
v 1.210000 4.090000 1.735000
v 1.210000 2.840000 1.665000
v 1.210000 4.090000 1.665000
v 1.140000 2.840000 1.055000
v 1.140000 4.090000 1.055000
v 1.140000 2.840000 0.985000
v 1.140000 4.090000 0.985000
v 1.210000 2.840000 1.055000
v 1.210000 4.090000 1.055000
v 1.210000 2.840000 0.985000
v 1.210000 4.090000 0.985000
v 1.140000 2.840000 0.375000
v 1.140000 4.090000 0.375000
v 1.140000 2.840000 0.305000
v 1.140000 4.090000 0.305000
v 1.210000 2.840000 0.375000
v 1.210000 4.090000 0.375000
v 1.210000 2.840000 0.305000
v 1.210000 4.090000 0.305000
v 1.140000 2.840000 -0.305000
v 1.140000 4.090000 -0.305000
v 1.140000 2.840000 -0.375000
v 1.140000 4.090000 -0.375000
v 1.210000 2.840000 -0.305000
v 1.210000 4.090000 -0.305000
v 1.210000 2.840000 -0.375000
v 1.210000 4.090000 -0.375000
v 1.140000 2.840000 -0.985000
v 1.140000 4.090000 -0.985000
v 1.140000 2.840000 -1.055000
v 1.140000 4.090000 -1.055000
v 1.210000 2.840000 -0.985000
v 1.210000 4.090000 -0.985000
v 1.210000 2.840000 -1.055000
v 1.210000 4.090000 -1.055000
v 1.140000 2.840000 -1.665000
v 1.140000 4.090000 -1.665000
v 1.140000 2.840000 -1.735000
v 1.140000 4.090000 -1.735000
v 1.210000 2.840000 -1.665000
v 1.210000 4.090000 -1.665000
v 1.210000 2.840000 -1.735000
v 1.210000 4.090000 -1.735000
v 1.160000 3.315000 0.890000
v 1.160000 3.815000 0.890000
v 1.160000 3.315000 0.470000
v 1.160000 3.815000 0.470000
v 1.190000 3.315000 0.890000
v 1.190000 3.815000 0.890000
v 1.190000 3.315000 0.470000
v 1.190000 3.815000 0.470000
v 1.145000 3.260000 0.950000
v 1.145000 3.310000 0.950000
v 1.145000 3.260000 0.410000
v 1.145000 3.310000 0.410000
v 1.265000 3.260000 0.950000
v 1.265000 3.310000 0.950000
v 1.265000 3.260000 0.410000
v 1.265000 3.310000 0.410000
v 1.185000 3.145000 0.930000
v 1.185000 3.265000 0.930000
v 1.185000 3.145000 0.430000
v 1.185000 3.265000 0.430000
v 1.325000 3.145000 0.930000
v 1.325000 3.265000 0.930000
v 1.325000 3.145000 0.430000
v 1.325000 3.265000 0.430000
v 1.333271 3.238185 0.887019
v 1.268538 3.256943 0.899235
v 1.300938 3.258457 0.837458
v 1.371125 3.263473 0.834952
v 1.375665 3.278891 0.902123
v 1.324402 3.275660 0.933369
v 1.260334 3.315561 0.851764
v 1.325802 3.320942 0.808415
v 1.389534 3.338499 0.858016
v 1.354557 3.339889 0.932257
v 1.271093 3.331846 0.932649
v 1.316422 3.353931 0.872720
v 1.324760 3.309175 0.878948
v 1.354884 3.328116 0.892350
v 1.321589 3.325736 0.915757
v 1.291857 3.328070 0.887024
v 1.306285 3.327902 0.848321
v 1.346836 3.328930 0.854427
v 1.343860 3.362230 0.911925
v 1.307548 3.357844 0.900440
v 1.298276 3.360099 0.868955
v 1.328495 3.364741 0.843358
v 1.349723 3.357629 0.874760
v 1.325225 3.378581 0.880986
v 1.324593 3.235695 0.781322
v 1.292442 3.267289 0.737441
v 1.359210 3.263778 0.731770
v 1.379662 3.266304 0.797554
v 1.325733 3.265140 0.843181
v 1.259728 3.261585 0.802977
v 1.324217 3.326924 0.712452
v 1.391970 3.329284 0.756425
v 1.362731 3.327114 0.829322
v 1.294868 3.322500 0.822479
v 1.264520 3.326750 0.760578
v 1.325443 3.359437 0.778564
v 1.332946 3.307421 0.774678
v 1.327658 3.323928 0.810812
v 1.301482 3.324752 0.785280
v 1.308701 3.327606 0.747711
v 1.346928 3.337127 0.753600
v 1.353344 3.335618 0.787916
v 1.306722 3.351562 0.802006
v 1.286601 3.357710 0.769275
v 1.322956 3.361206 0.756303
v 1.348217 3.364989 0.774787
v 1.338397 3.359297 0.806540
v 1.316699 3.384255 0.785560
v 1.330575 3.228099 0.682110
v 1.281546 3.264828 0.710991
v 1.278705 3.258320 0.641672
v 1.346034 3.268509 0.631088
v 1.394624 3.267225 0.684163
v 1.347472 3.261901 0.752718
v 1.260938 3.320557 0.676170
v 1.306641 3.322041 0.620591
v 1.372601 3.328051 0.646052
v 1.368568 3.329520 0.716070
v 1.301098 3.325103 0.735582
v 1.319937 3.355754 0.678084
v 1.332505 3.308362 0.681207
v 1.303594 3.323140 0.705972
v 1.301827 3.324454 0.666857
v 1.331721 3.332296 0.654799
v 1.355384 3.336574 0.675987
v 1.343230 3.332505 0.710588
v 1.298138 3.352449 0.683548
v 1.305891 3.358098 0.647936
v 1.346087 3.366534 0.654416
v 1.349086 3.366355 0.693661
v 1.317622 3.358946 0.707665
v 1.318875 3.374904 0.679015
v 1.319825 3.234272 0.565425
v 1.393397 3.247765 0.591238
v 1.323517 3.250799 0.632580
v 1.257459 3.261730 0.594988
v 1.289897 3.281317 0.531720
v 1.360915 3.272019 0.517466
v 1.358814 3.308181 0.626508
v 1.287913 3.318731 0.644576
v 1.267345 3.334817 0.570527
v 1.326281 3.333187 0.534575
v 1.388627 3.326342 0.565880
v 1.331700 3.373630 0.598872
v 1.329346 3.306870 0.589467
v 1.292645 3.322512 0.577954
v 1.323507 3.321708 0.553213
v 1.359055 3.327957 0.569488
v 1.350475 3.336786 0.609232
v 1.311971 3.335385 0.608560
v 1.301474 3.352586 0.553004
v 1.337242 3.354035 0.553164
v 1.354479 3.365489 0.581864
v 1.326700 3.371514 0.610492
v 1.291672 3.361679 0.590287
v 1.321295 3.377506 0.571929
v 1.323099 3.227468 0.469013
v 1.375732 3.261122 0.500316
v 1.316142 3.258750 0.530161
v 1.274046 3.269845 0.484600
v 1.300894 3.277946 0.432013
v 1.363986 3.272354 0.435023
v 1.356549 3.317319 0.542802
v 1.282540 3.319664 0.528985
v 1.276747 3.327222 0.460677
v 1.333665 3.330457 0.430936
v 1.375816 3.320087 0.475413
v 1.327276 3.375875 0.493158
v 1.322158 3.308323 0.484274
v 1.311808 3.325478 0.450378
v 1.352274 3.321907 0.459542
v 1.347385 3.331045 0.497232
v 1.313892 3.331664 0.517184
v 1.298763 3.334506 0.482395
v 1.334811 3.356780 0.447156
v 1.355154 3.357060 0.477248
v 1.337291 3.363188 0.507597
v 1.304840 3.362070 0.495122
v 1.301282 3.359786 0.461741
v 1.327524 3.377567 0.476205
v 1.143500 3.149500 1.700000
v 1.143500 3.205500 1.700000
v 1.143500 3.149500 1.020000
v 1.143500 3.205500 1.020000
v 1.206500 3.149500 1.700000
v 1.206500 3.205500 1.700000
v 1.206500 3.149500 1.020000
v 1.206500 3.205500 1.020000
v 1.143500 3.149500 1.020000
v 1.143500 3.205500 1.020000
v 1.143500 3.149500 0.340000
v 1.143500 3.205500 0.340000
v 1.206500 3.149500 1.020000
v 1.206500 3.205500 1.020000
v 1.206500 3.149500 0.340000
v 1.206500 3.205500 0.340000
v 1.143500 3.149500 0.340000
v 1.143500 3.205500 0.340000
v 1.143500 3.149500 -0.340000
v 1.143500 3.205500 -0.340000
v 1.206500 3.149500 0.340000
v 1.206500 3.205500 0.340000
v 1.206500 3.149500 -0.340000
v 1.206500 3.205500 -0.340000
v 1.143500 3.149500 -0.340000
v 1.143500 3.205500 -0.340000
v 1.143500 3.149500 -1.020000
v 1.143500 3.205500 -1.020000
v 1.206500 3.149500 -0.340000
v 1.206500 3.205500 -0.340000
v 1.206500 3.149500 -1.020000
v 1.206500 3.205500 -1.020000
v 1.143500 3.149500 -1.020000
v 1.143500 3.205500 -1.020000
v 1.143500 3.149500 -1.700000
v 1.143500 3.205500 -1.700000
v 1.206500 3.149500 -1.020000
v 1.206500 3.205500 -1.020000
v 1.206500 3.149500 -1.700000
v 1.206500 3.205500 -1.700000
v 1.380000 3.810000 1.920000
v 1.436569 3.866569 1.920000
v -0.028284 5.218285 1.920000
v 0.028284 5.274853 1.920000
v 1.380000 3.810000 -1.920000
v 1.436568 3.866569 -1.920000
v -0.028284 5.218285 -1.920000
v 0.028284 5.274853 -1.920000
v 0.028284 5.218285 1.920000
v -0.028284 5.274853 1.920000
v -1.380000 3.810000 1.920000
v -1.436568 3.866569 1.920000
v 0.028284 5.218285 -1.920000
v -0.028284 5.274853 -1.920000
v -1.380000 3.810000 -1.920000
v -1.436569 3.866569 -1.920000
v 1.100000 4.090000 1.580000
v -1.100000 4.090000 1.580000
v 0.000000 5.190000 1.580000
v 1.100000 4.090000 1.700000
v -1.100000 4.090000 1.700000
v 0.000000 5.190000 1.700000
v 1.100000 4.090000 -1.700000
v -1.100000 4.090000 -1.700000
v -0.000000 5.190000 -1.700000
v 1.100000 4.090000 -1.580000
v -1.100000 4.090000 -1.580000
v -0.000000 5.190000 -1.580000
v 0.070000 5.190000 1.930000
v 0.070000 5.310000 1.930000
v -0.070000 5.190000 1.930000
v -0.070000 5.310000 1.930000
v 0.070000 5.190000 -1.930000
v 0.070000 5.310000 -1.930000
v -0.070000 5.190000 -1.930000
v -0.070000 5.310000 -1.930000
v -1.575000 0.000000 -0.104630
v -1.575000 1.590000 -0.104630
v -1.575000 0.000000 -0.604630
v -1.575000 1.590000 -0.604630
v -1.025000 0.000000 -0.104630
v -1.025000 1.590000 -0.104630
v -1.025000 0.000000 -0.604630
v -1.025000 1.590000 -0.604630
v -1.480000 0.000000 -0.154630
v -1.480000 4.980000 -0.154630
v -1.480000 0.000000 -0.554630
v -1.480000 4.980000 -0.554630
v -1.060000 0.000000 -0.154630
v -1.060000 4.980000 -0.154630
v -1.060000 0.000000 -0.554630
v -1.060000 4.980000 -0.554630
v -1.530000 4.940000 -0.104630
v -1.530000 5.020000 -0.104630
v -1.530000 4.940000 -0.604630
v -1.530000 5.020000 -0.604630
v -1.010000 4.940000 -0.104630
v -1.010000 5.020000 -0.104630
v -1.010000 4.940000 -0.604630
v -1.010000 5.020000 -0.604630
v -1.270000 5.020000 -0.319630
v -1.270000 5.180000 -0.309630
v -1.231109 5.020000 -0.303521
v -1.238180 5.180000 -0.296449
v -1.215000 5.020000 -0.264630
v -1.225000 5.180000 -0.264630
v -1.231109 5.020000 -0.225739
v -1.238180 5.180000 -0.232810
v -1.270000 5.020000 -0.209630
v -1.270000 5.180000 -0.219630
v -1.308891 5.020000 -0.225739
v -1.301820 5.180000 -0.232810
v -1.325000 5.020000 -0.264630
v -1.315000 5.180000 -0.264630
v -1.308891 5.020000 -0.303521
v -1.301820 5.180000 -0.296449
v -1.270000 5.020000 -0.499630
v -1.270000 5.180000 -0.489630
v -1.231109 5.020000 -0.483521
v -1.238180 5.180000 -0.476449
v -1.215000 5.020000 -0.444630
v -1.225000 5.180000 -0.444630
v -1.231109 5.020000 -0.405739
v -1.238180 5.180000 -0.412810
v -1.270000 5.020000 -0.389630
v -1.270000 5.180000 -0.399630
v -1.308891 5.020000 -0.405739
v -1.301820 5.180000 -0.412810
v -1.325000 5.020000 -0.444630
v -1.315000 5.180000 -0.444630
v -1.308891 5.020000 -0.483521
v -1.301820 5.180000 -0.476449
vn -1.0000 -0.0000 -0.0000
vn -0.0000 -0.0000 -1.0000
vn 1.0000 -0.0000 -0.0000
vn -0.0000 -0.0000 1.0000
vn -0.0000 -1.0000 -0.0000
vn -0.0000 1.0000 -0.0000
vn -0.3547 -0.8092 -0.4684
vn -0.4455 -0.7543 0.4822
vn 0.1278 -0.7853 -0.6058
vn 0.7287 -0.6291 0.2704
vn 0.3463 -0.5891 0.7301
vn -0.8237 0.0118 0.5670
vn -0.6499 -0.2306 -0.7241
vn 0.1754 -0.4423 -0.8795
vn 0.9774 -0.0683 0.1999
vn 0.3711 -0.0784 0.9253
vn -0.9518 0.2833 -0.1179
vn -0.4780 -0.0941 -0.8733
vn 0.8460 0.2244 -0.4836
vn 0.7822 0.2486 0.5712
vn -0.5124 0.3432 0.7872
vn -0.7828 0.6029 -0.1541
vn -0.4654 0.6169 -0.6347
vn 0.4439 0.8254 -0.3487
vn 0.4047 0.8872 0.2215
vn -0.4482 0.7796 0.4375
vn 0.7311 -0.6689 0.1341
vn 0.5569 -0.6610 -0.5030
vn -0.0989 -0.6743 0.7318
vn -0.6778 -0.6623 0.3193
vn -0.4090 -0.7012 -0.5840
vn 0.7024 -0.2354 -0.6718
vn 0.8821 -0.4308 0.1904
vn -0.0827 -0.2078 0.9747
vn -0.9088 -0.1132 0.4016
vn -0.5529 -0.2231 -0.8028
vn 0.9155 -0.0455 -0.3997
vn 0.4201 0.0834 0.9036
vn -0.5941 0.1640 0.7875
vn -0.9566 0.2553 -0.1406
vn 0.1487 0.1959 -0.9693
vn 0.5987 0.7474 -0.2881
vn 0.2513 0.7072 0.6608
vn -0.4213 0.6805 0.5995
vn -0.6535 0.7565 -0.0245
vn 0.1663 0.7713 -0.6143
vn 0.2889 -0.9505 0.1144
vn 0.4730 -0.7491 -0.4639
vn -0.4557 -0.8820 0.1200
vn -0.6011 -0.7078 -0.3710
vn 0.0222 -0.6205 -0.7839
vn 0.8787 -0.2123 -0.4275
vn 0.6145 -0.4510 0.6473
vn -0.6773 -0.3663 0.6380
vn -0.9354 -0.1084 -0.3364
vn 0.0787 0.0002 -0.9969
vn 0.9578 -0.0157 0.2870
vn 0.0303 -0.0679 0.9972
vn -0.9422 0.0786 0.3257
vn -0.5196 0.3985 -0.7558
vn 0.6232 0.2320 -0.7468
vn 0.6219 0.7008 0.3495
vn 0.0918 0.6618 0.7441
vn -0.4213 0.8183 0.3909
vn -0.2021 0.9552 -0.2164
vn 0.4378 0.8729 -0.2155
vn 0.1074 -0.9363 0.3345
vn 0.5963 -0.7196 -0.3558
vn -0.5588 -0.8211 0.1163
vn -0.5852 -0.7161 -0.3804
vn 0.3469 -0.6376 -0.6878
vn 0.9877 0.0107 -0.1557
vn 0.2549 -0.2210 0.9414
vn -0.8391 -0.1802 0.5133
vn -0.9019 0.1404 -0.4085
vn 0.4634 -0.0016 -0.8862
vn 0.7409 0.2608 0.6189
vn -0.2884 0.1102 0.9511
vn -0.9571 0.2787 0.0794
vn -0.5046 0.5577 -0.6591
vn 0.8898 0.2576 -0.3768
vn 0.6196 0.5107 0.5960
vn -0.2373 0.4335 0.8694
vn -0.7713 0.6145 0.1658
vn -0.4314 0.8178 -0.3808
vn 0.6645 0.7449 -0.0598
vn -0.4312 -0.8810 -0.1946
vn -0.4434 -0.8275 0.3444
vn 0.2738 -0.8831 -0.3809
vn 0.5816 -0.7971 0.1626
vn 0.2218 -0.7792 0.5862
vn -0.7798 -0.3126 0.5424
vn -0.8348 -0.1509 -0.5295
vn 0.4498 -0.0160 -0.8930
vn 0.9547 -0.2403 0.1756
vn 0.3067 -0.0572 0.9501
vn -0.9817 0.1064 -0.1577
vn -0.1451 0.3358 -0.9307
vn 0.7406 0.2402 -0.6276
vn 0.6392 0.1851 0.7464
vn -0.1298 0.2094 0.9692
vn -0.4703 0.8712 -0.1407
vn -0.0669 0.8087 -0.5843
vn 0.3817 0.8271 -0.4126
vn 0.3168 0.8223 0.4727
vn 0.0066 0.8287 0.5597
vn 0.4881 -0.8320 0.2638
vn 0.3489 -0.8025 -0.4839
vn -0.1417 -0.7790 0.6109
vn -0.7301 -0.6798 0.0692
vn -0.4891 -0.6863 -0.5383
vn 0.6857 0.0903 -0.7223
vn 0.8835 -0.0987 0.4579
vn -0.1278 -0.2065 0.9701
vn -0.9770 0.0912 0.1925
vn -0.6017 0.0442 -0.7975
vn 0.9159 0.3502 -0.1961
vn 0.5755 0.1813 0.7975
vn -0.7264 0.3257 0.6052
vn -0.8863 0.3954 -0.2411
vn 0.2048 0.4536 -0.8674
vn 0.7177 0.6852 -0.1239
vn 0.4520 0.6982 0.5552
vn -0.5097 0.7435 0.4329
vn -0.6162 0.7802 -0.1079
vn 0.2030 0.7737 -0.6001
vn -0.3055 -0.8440 -0.4407
vn -0.5890 -0.7203 0.3664
vn 0.5326 -0.7815 -0.3249
vn 0.6196 -0.7809 0.0790
vn -0.3334 -0.7255 0.6020
vn -0.9059 -0.0744 0.4170
vn -0.5341 -0.1468 -0.8326
vn 0.7820 -0.1201 -0.6116
vn 0.9608 -0.1523 0.2317
vn -0.3673 -0.3261 0.8711
vn -0.9316 0.3150 -0.1815
vn 0.1948 0.3025 -0.9330
vn 0.9618 0.1382 -0.2361
vn 0.5836 0.2630 0.7683
vn -0.8201 0.0348 0.5712
vn -0.5995 0.7990 -0.0474
vn 0.1427 0.8513 -0.5049
vn 0.5319 0.8345 -0.1439
vn 0.3321 0.8731 0.3570
vn -0.5412 0.8051 0.2428
vn -0.4834 -0.8533 0.1955
vn -0.1458 -0.7805 0.6079
vn -0.0109 -0.7708 -0.6370
vn 0.4750 -0.6784 -0.5604
vn 0.6381 -0.7045 0.3106
vn -0.3528 -0.1904 0.9161
vn -0.8083 -0.5513 0.2069
vn -0.2638 -0.2618 -0.9284
vn 0.5823 -0.2135 -0.7845
vn 0.8392 0.2116 0.5009
vn -0.6453 -0.0794 0.7598
vn -0.7534 -0.0357 -0.6566
vn 0.0015 0.0054 -1.0000
vn 0.8673 0.4973 0.0203
vn 0.2880 0.4616 0.8390
vn -0.4958 0.7649 0.4113
vn -0.5633 0.6674 -0.4871
vn -0.2686 0.7325 -0.6255
vn 0.3231 0.9458 0.0313
vn 0.0435 0.8635 0.5024
vn 0.4668 -0.7967 -0.3839
vn -0.4509 -0.7880 -0.4193
vn 0.6389 -0.6785 0.3626
vn 0.2228 -0.6637 0.7141
vn -0.6463 -0.7429 0.1742
vn -0.6221 -0.0678 -0.7800
vn 0.6834 -0.3123 -0.6598
vn 0.8852 -0.2377 0.3998
vn 0.2532 -0.1333 0.9582
vn -0.9659 0.0326 0.2568
vn -0.0389 0.2351 -0.9712
vn 0.9845 0.0639 -0.1631
vn 0.6449 0.0881 0.7592
vn -0.4981 0.4341 0.7506
vn -0.8905 0.3306 -0.3127
vn 0.0085 0.7981 -0.6024
vn 0.6775 0.7309 -0.0823
vn 0.4939 0.7544 0.4324
vn -0.2651 0.8525 0.4505
vn -0.4909 0.8412 -0.2266
vn 0.2883 -0.9375 0.1948
vn 0.4763 -0.8370 -0.2694
vn -0.3956 -0.9016 0.1750
vn -0.5501 -0.7397 -0.3876
vn -0.0708 -0.7031 -0.7076
vn 0.9728 -0.1176 -0.1998
vn 0.5724 -0.3993 0.7162
vn -0.6394 -0.2771 0.7172
vn -0.9315 0.1644 -0.3244
vn 0.0202 0.2701 -0.9626
vn 0.9383 0.0491 0.3422
vn -0.0363 -0.0055 0.9993
vn -0.9207 0.3245 0.2167
vn -0.4956 0.5805 -0.6461
vn 0.5612 0.5047 -0.6560
vn 0.6350 0.6774 0.3714
vn 0.0239 0.6277 0.7781
vn -0.5953 0.7619 0.2552
vn -0.3350 0.8738 -0.3524
vn 0.4144 0.8445 -0.3393
vn -0.0000 0.8423 -0.5391
vn -0.0000 -0.8423 0.5391
vn -0.0000 -0.5391 -0.8423
vn -0.0000 0.5391 0.8423
vn -0.3053 -0.9345 -0.1830
vn -0.1115 -0.7831 0.6118
vn 0.0507 -0.9124 -0.4062
vn 0.6638 -0.7375 0.1244
vn 0.4187 -0.6654 0.6181
vn -0.3942 -0.3632 0.8442
vn -0.7852 -0.4524 -0.4229
vn -0.0023 -0.4207 -0.9072
vn 0.9720 -0.2349 -0.0118
vn 0.5171 -0.2285 0.8248
vn -0.9902 -0.0275 0.1372
vn -0.5339 -0.1723 -0.8278
vn 0.5939 0.0997 -0.7984
vn 0.9006 0.1030 0.4223
vn 0.0032 0.0158 0.9999
vn -0.5369 0.8380 -0.0973
vn -0.3744 0.8017 -0.4659
vn 0.0991 0.8912 -0.4427
vn 0.2224 0.9711 0.0866
vn -0.0907 0.9547 0.2833
vn 0.3481 -0.8433 0.4094
vn 0.5706 -0.8095 -0.1385
vn -0.4016 -0.8476 0.3468
vn -0.5237 -0.8301 -0.1916
vn 0.1057 -0.8187 -0.5644
vn 0.9773 0.0479 -0.2064
vn 0.5672 -0.2642 0.7800
vn -0.6927 0.0406 0.7201
vn -0.9370 -0.0093 -0.3492
vn 0.1507 -0.2207 -0.9636
vn 0.9628 0.2411 0.1220
vn -0.3203 0.2902 0.9018
vn -0.8946 0.3417 0.2879
vn -0.6438 0.2929 -0.7069
vn 0.8251 0.2690 -0.4968
vn 0.6512 0.7588 0.0088
vn -0.2746 0.7719 0.5733
vn -0.6191 0.7491 0.2359
vn -0.4212 0.8388 -0.3451
vn 0.5980 0.7677 -0.2304
vn -0.0898 -0.8383 -0.5378
vn -0.4371 -0.8506 -0.2922
vn 0.5100 -0.8509 -0.1259
vn 0.3539 -0.8470 0.3967
vn -0.2104 -0.8812 0.4233
vn -0.8627 -0.2298 -0.4506
vn -0.0973 -0.3401 -0.9353
vn 0.8985 -0.3493 -0.2659
vn 0.6339 -0.2121 0.7438
vn -0.5211 0.0275 0.8531
vn -0.6276 0.0082 -0.7785
vn 0.5428 0.0442 -0.8387
vn 0.9256 0.0628 0.3731
vn -0.1152 0.2818 0.9525
vn -0.8340 0.3427 0.4324
vn -0.3338 0.8483 -0.4110
vn 0.2496 0.8671 -0.4311
vn 0.4608 0.8622 0.2105
vn -0.1139 0.7980 0.5918
vn -0.5189 0.7970 0.3091
vn -0.3619 -0.8668 0.3430
vn 0.6475 -0.6529 0.3930
vn -0.5176 -0.8399 -0.1633
vn 0.2700 -0.6385 -0.7207
vn 0.8351 -0.5201 -0.1790
vn 0.6911 -0.1238 0.7121
vn -0.6724 -0.2927 0.6799
vn -0.8527 -0.4824 -0.2005
vn 0.0983 0.2072 -0.9733
vn 0.9796 0.0909 -0.1791
vn -0.1806 0.1718 0.9684
vn -0.8549 -0.1439 0.4985
vn -0.3437 0.3669 -0.8644
vn 0.4487 0.5277 -0.7212
vn 0.8935 0.3038 0.3308
vn -0.2402 0.4937 0.8358
vn -0.7051 0.4785 0.5233
vn -0.2938 0.7193 -0.6295
vn 0.2882 0.7812 -0.5538
vn 0.5709 0.7591 0.3126
vn -0.5580 -0.8237 0.1002
vn -0.3343 -0.8164 0.4708
vn 0.0222 -0.7870 -0.6166
vn 0.4752 -0.7541 -0.4533
vn 0.4946 -0.8241 0.2762
vn -0.5327 -0.1658 0.8299
vn -0.9488 -0.3085 0.0678
vn -0.1098 -0.2685 -0.9570
vn 0.7267 -0.1561 -0.6690
vn 0.8209 0.0521 0.5687
vn -0.8292 0.0416 0.5574
vn -0.7676 0.1288 -0.6278
vn 0.3529 0.0769 -0.9325
vn 0.9297 0.3654 0.0459
vn 0.2289 0.4077 0.8840
vn -0.4992 0.8218 0.2746
vn -0.4685 0.8051 -0.3638
vn 0.1252 0.8429 -0.5232
vn 0.4696 0.8828 0.0085
vn 0.0850 0.8674 0.4903
vn -0.4612 -0.8872 -0.0090
vn 0.1157 -0.7877 0.6051
vn -0.0755 -0.7400 -0.6684
vn 0.5969 -0.5856 -0.5484
vn 0.7785 -0.5937 0.2037
vn -0.1153 -0.0018 0.9933
vn -0.9873 -0.1536 0.0394
vn -0.2273 -0.4564 -0.8603
vn 0.6672 -0.2877 -0.6871
vn 0.9434 0.0026 0.3317
vn -0.7822 0.2801 0.5565
vn -0.9771 -0.0018 -0.2130
vn 0.1759 -0.0848 -0.9808
vn 0.9662 0.2475 -0.0727
vn 0.2980 0.3852 0.8734
vn -0.6533 0.6732 0.3464
vn -0.7390 0.6715 -0.0544
vn -0.1175 0.8932 -0.4339
vn 0.2799 0.9599 -0.0170
vn 0.0111 0.8734 0.4869
vn 0.0958 -0.9678 0.2329
vn 0.3030 -0.8577 -0.4154
vn -0.2917 -0.9249 0.2437
vn -0.5349 -0.6898 -0.4878
vn -0.2300 -0.6592 -0.7159
vn 0.9019 -0.0821 -0.4241
vn 0.4907 -0.2124 0.8450
vn -0.5025 -0.3988 0.7671
vn -0.8847 -0.0359 -0.4647
vn -0.1719 0.1739 -0.9696
vn 0.8520 0.2069 0.4809
vn 0.2404 -0.0453 0.9696
vn -0.9244 0.2275 0.3062
vn -0.4748 0.3768 -0.7954
vn 0.4378 0.4634 -0.7705
vn 0.7064 0.5029 0.4980
vn 0.2830 0.4702 0.8360
vn -0.5892 0.7400 0.3244
vn -0.2788 0.8233 -0.4944
vn 0.3469 0.7805 -0.5202
vn -0.2831 -0.9027 -0.3239
vn -0.4667 -0.6705 0.5767
vn 0.3341 -0.8522 -0.4026
vn 0.6772 -0.6737 0.2959
vn 0.0056 -0.5540 0.8325
vn -0.7871 -0.2029 0.5824
vn -0.5755 -0.4154 -0.7044
vn 0.4359 -0.1866 -0.8805
vn 0.9785 0.0536 0.1993
vn -0.0157 -0.0470 0.9988
vn -0.9617 0.0604 -0.2675
vn 0.0046 -0.0035 -1.0000
vn 0.7682 0.2830 -0.5743
vn 0.6866 0.4493 0.5716
vn -0.5279 0.1707 0.8320
vn -0.5970 0.7291 -0.3348
vn -0.0214 0.6154 -0.7879
vn 0.4249 0.7236 -0.5440
vn 0.3112 0.9447 0.1032
vn -0.3668 0.9101 0.1928
vn 0.2655 -0.8457 0.4629
vn 0.6203 -0.7468 -0.2400
vn -0.5559 -0.7640 0.3276
vn -0.6641 -0.6095 -0.4330
vn -0.0144 -0.5952 -0.8034
vn 0.9784 -0.0817 -0.1901
vn 0.4131 -0.4553 0.7887
vn -0.7223 -0.3873 0.5730
vn -0.8702 -0.1542 -0.4680
vn 0.0434 -0.0475 -0.9979
vn 0.9537 0.1158 0.2774
vn -0.1854 -0.0834 0.9791
vn -0.9919 0.0857 0.0936
vn -0.4580 0.2685 -0.8474
vn 0.7218 0.3340 -0.6062
vn 0.7687 0.5912 0.2441
vn -0.1278 0.6034 0.7871
vn -0.7311 0.6685 0.1360
vn -0.3434 0.7415 -0.5765
vn 0.6120 0.6674 -0.4243
vn 0.0251 -0.8888 -0.4575
vn -0.7370 -0.6665 -0.1123
vn 0.5677 -0.7801 0.2628
vn 0.3436 -0.7231 0.5992
vn -0.7284 -0.6318 0.2651
vn -0.9280 -0.1759 -0.3285
vn 0.1941 -0.2406 -0.9510
vn 0.9726 -0.1632 0.1657
vn 0.5067 -0.1163 0.8542
vn -0.9164 0.0174 0.3999
vn -0.3781 0.1845 -0.9072
vn 0.8090 0.2102 -0.5489
vn 0.8661 0.1151 0.4865
vn -0.3276 0.4890 0.8084
vn -0.9805 0.1734 0.0926
vn -0.1927 0.7745 -0.6025
vn 0.5594 0.7341 -0.3850
vn 0.5815 0.7928 0.1822
vn -0.2065 0.8637 0.4598
vn -0.5622 0.8270 0.0033
vn -0.7071 0.7071 -0.0000
vn 0.7071 -0.7071 -0.0000
vn -0.7071 -0.7071 -0.0000
vn 0.7071 0.7071 -0.0000
vn 0.3820 0.0576 -0.9223
vn 0.9223 0.0576 -0.3820
vn 0.9223 0.0576 0.3820
vn 0.3820 0.0576 0.9223
vn -0.3820 0.0576 0.9223
vn -0.9223 0.0576 0.3820
vn -0.9223 0.0576 -0.3820
vn -0.3820 0.0576 -0.9223
vt 0.617512 0.118594
vt 0.621853 0.004882
vt 0.621853 0.119188
vt 0.088215 0.626308
vt 0.094000 0.527127
vt 0.094000 0.626308
vt 0.630428 0.119986
vt 0.634188 0.004356
vt 0.634188 0.120054
vt 0.108360 0.527127
vt 0.102575 0.626251
vt 0.102575 0.527131
vt 0.004288 0.287345
vt 0.083060 0.171661
vt 0.083060 0.287373
vt 0.170624 0.172728
vt 0.094918 0.287341
vt 0.094918 0.171646
vt 0.730227 0.096435
vt 0.735889 0.141035
vt 0.730227 0.141810
vt 0.323005 0.095203
vt 0.382927 0.004288
vt 0.382927 0.095204
vt 0.700896 0.108016
vt 0.706680 0.146861
vt 0.700896 0.146965
vt 0.383472 0.271049
vt 0.323561 0.361951
vt 0.323561 0.271091
vt 0.397832 0.684674
vt 0.392047 0.612468
vt 0.397832 0.612466
vt 0.429260 0.639007
vt 0.435044 0.708329
vt 0.429260 0.708411
vt 0.742109 0.328788
vt 0.747771 0.373388
vt 0.742109 0.374163
vt 0.323561 0.262474
vt 0.383483 0.171558
vt 0.383483 0.262474
vt 0.733099 0.774852
vt 0.738883 0.813697
vt 0.733099 0.813802
vt 0.064198 0.295948
vt 0.004288 0.386850
vt 0.004288 0.295990
vt 0.710287 0.562038
vt 0.704501 0.489833
vt 0.710287 0.489831
vt 0.704501 0.570698
vt 0.710286 0.640020
vt 0.704501 0.640103
vt 0.392058 0.256318
vt 0.437014 0.162048
vt 0.437014 0.262474
vt 0.615975 0.309108
vt 0.621761 0.369030
vt 0.615975 0.369030
vt 0.531744 0.257541
vt 0.570687 0.156596
vt 0.570687 0.258245
vt 0.275044 0.646935
vt 0.280826 0.706849
vt 0.275044 0.706845
vt 0.228534 0.638289
vt 0.233129 0.536630
vt 0.233129 0.638291
vt 0.631658 0.539486
vt 0.627242 0.641069
vt 0.627242 0.539423
vt 0.392047 0.371476
vt 0.437003 0.277206
vt 0.437003 0.377632
vt 0.228534 0.646866
vt 0.234319 0.706788
vt 0.228534 0.706788
vt 0.531743 0.368469
vt 0.570687 0.267524
vt 0.570687 0.369173
vt 0.289401 0.646981
vt 0.295183 0.706896
vt 0.289401 0.706892
vt 0.276231 0.638358
vt 0.280826 0.536698
vt 0.280826 0.638359
vt 0.293817 0.536760
vt 0.289401 0.638343
vt 0.289401 0.536697
vt 0.978697 0.462792
vt 0.980868 0.460232
vt 0.980868 0.463090
vt 0.669995 0.250940
vt 0.672888 0.155892
vt 0.672888 0.250940
vt 0.990165 0.570073
vt 0.992045 0.567215
vt 0.992045 0.570107
vt 0.695823 0.259515
vt 0.692931 0.354507
vt 0.692931 0.259517
vt 0.721754 0.736925
vt 0.718861 0.661436
vt 0.721754 0.661435
vt 0.375332 0.663091
vt 0.378224 0.735609
vt 0.375332 0.735651
vt 0.978697 0.497983
vt 0.980868 0.495422
vt 0.980868 0.498280
vt 0.670098 0.584879
vt 0.672991 0.489831
vt 0.672991 0.584879
vt 0.990165 0.512565
vt 0.992045 0.509707
vt 0.992045 0.512599
vt 0.672991 0.593454
vt 0.670098 0.688446
vt 0.670098 0.593456
vt 0.737262 0.079778
vt 0.734369 0.004289
vt 0.737262 0.004288
vt 0.462734 0.663629
vt 0.465626 0.736147
vt 0.462734 0.736188
vt 0.451266 0.778270
vt 0.454097 0.823258
vt 0.451266 0.823646
vt 0.579402 0.673046
vt 0.582295 0.732968
vt 0.579402 0.732968
vt 0.858296 0.478603
vt 0.861188 0.517500
vt 0.858296 0.517552
vt 0.753678 0.570616
vt 0.756569 0.630529
vt 0.753678 0.630526
vt 0.047779 0.983939
vt 0.050076 0.981047
vt 0.050076 0.983940
vt 0.277599 0.981077
vt 0.275390 0.983938
vt 0.275390 0.981046
vt 0.462673 0.778270
vt 0.465504 0.823258
vt 0.462673 0.823646
vt 0.591698 0.673633
vt 0.594590 0.733555
vt 0.591698 0.733555
vt 0.733099 0.822429
vt 0.735991 0.861327
vt 0.733099 0.861379
vt 0.392047 0.693251
vt 0.394938 0.753164
vt 0.392047 0.753162
vt 0.978697 0.797513
vt 0.980995 0.794621
vt 0.980995 0.797514
vt 0.665797 0.981077
vt 0.663589 0.983938
vt 0.663589 0.981046
vt 0.824076 0.478938
vt 0.826907 0.523926
vt 0.824076 0.524314
vt 0.603569 0.674514
vt 0.606462 0.734436
vt 0.603569 0.734436
vt 0.858643 0.228805
vt 0.861535 0.267702
vt 0.858643 0.267754
vt 0.750683 0.155892
vt 0.753574 0.215804
vt 0.750683 0.215802
vt 0.091269 0.983939
vt 0.093567 0.981047
vt 0.093567 0.983940
vt 0.288382 0.981078
vt 0.286174 0.983938
vt 0.286174 0.981046
vt 0.233695 0.774930
vt 0.236527 0.819917
vt 0.233695 0.820305
vt 0.615367 0.671748
vt 0.618260 0.731670
vt 0.615367 0.731670
vt 0.862355 0.297079
vt 0.865247 0.335976
vt 0.862355 0.336028
vt 0.753678 0.639113
vt 0.756569 0.699026
vt 0.753678 0.699024
vt 0.058651 0.983939
vt 0.060949 0.981047
vt 0.060949 0.983940
vt 0.223682 0.981077
vt 0.221474 0.983938
vt 0.221474 0.981046
vt 0.569005 0.716295
vt 0.570219 0.731775
vt 0.569005 0.731942
vt 0.704502 0.356969
vt 0.721859 0.377632
vt 0.704502 0.377632
vt 0.955263 0.942450
vt 0.956502 0.955859
vt 0.955263 0.955881
vt 0.451266 0.748637
vt 0.468612 0.769307
vt 0.451266 0.769295
vt 0.695320 0.954525
vt 0.694080 0.940740
vt 0.695320 0.940740
vt 0.784773 0.943497
vt 0.786013 0.956729
vt 0.784773 0.956747
vt 0.966818 0.853708
vt 0.968368 0.849021
vt 0.968368 0.853920
vt 0.924590 0.456602
vt 0.926657 0.434287
vt 0.926657 0.456602
vt 0.978697 0.090594
vt 0.980040 0.085660
vt 0.980040 0.090618
vt 0.720927 0.907469
vt 0.718861 0.929773
vt 0.718861 0.907471
vt 0.915593 0.800816
vt 0.910634 0.783094
vt 0.915593 0.783093
vt 0.651857 0.904212
vt 0.656815 0.921177
vt 0.651857 0.921248
vt 0.301049 0.818535
vt 0.302263 0.854044
vt 0.301049 0.854210
vt 0.323005 0.103779
vt 0.346973 0.150890
vt 0.323005 0.150890
vt 0.301049 0.862808
vt 0.302289 0.893407
vt 0.301049 0.893430
vt 0.355549 0.103779
vt 0.379503 0.150897
vt 0.355549 0.150881
vt 0.256800 0.931784
vt 0.255560 0.912747
vt 0.256800 0.912747
vt 0.182539 0.912857
vt 0.183778 0.931137
vt 0.182539 0.931155
vt 0.830952 0.156446
vt 0.834996 0.193444
vt 0.830952 0.193998
vt 0.405806 0.716987
vt 0.409112 0.766577
vt 0.405806 0.766577
vt 0.835483 0.526705
vt 0.839614 0.558864
vt 0.835483 0.558939
vt 0.765144 0.628775
vt 0.768448 0.678358
vt 0.765144 0.678356
vt 0.966818 0.600208
vt 0.969444 0.596076
vt 0.969444 0.600209
vt 0.969342 0.621508
vt 0.966818 0.625604
vt 0.966818 0.621472
vt 0.182539 0.791131
vt 0.186584 0.828130
vt 0.182539 0.828683
vt 0.765144 0.386207
vt 0.768450 0.435798
vt 0.765144 0.435798
vt 0.839543 0.345181
vt 0.843674 0.377340
vt 0.839543 0.377415
vt 0.765144 0.570616
vt 0.768448 0.620199
vt 0.765144 0.620197
vt 0.966818 0.587499
vt 0.969444 0.583368
vt 0.969444 0.587500
vt 0.969342 0.634251
vt 0.966818 0.638347
vt 0.966818 0.634215
vt 0.091438 0.971655
vt 0.094538 0.967181
vt 0.094538 0.972079
vt 0.847068 0.466520
vt 0.851201 0.434287
vt 0.851201 0.466520
vt 0.321144 0.971714
vt 0.323830 0.966805
vt 0.323830 0.971763
vt 0.852321 0.526630
vt 0.848189 0.558847
vt 0.848189 0.526633
vt 0.770002 0.314586
vt 0.765043 0.288986
vt 0.770002 0.288985
vt 0.852249 0.345177
vt 0.857207 0.369713
vt 0.852249 0.369784
vt 0.910967 0.424755
vt 0.914067 0.412932
vt 0.914067 0.425180
vt 0.777313 0.250940
vt 0.781446 0.217880
vt 0.781446 0.250940
vt 0.739215 0.249464
vt 0.741901 0.237116
vt 0.741901 0.249513
vt 0.838493 0.434287
vt 0.834361 0.467330
vt 0.834361 0.434290
vt 0.016685 0.747048
vt 0.004288 0.720795
vt 0.016685 0.720790
vt 0.222229 0.740729
vt 0.234624 0.765790
vt 0.222229 0.765967
vt 0.833948 0.939354
vt 0.835162 0.954835
vt 0.833948 0.955001
vt 0.277826 0.715472
vt 0.295183 0.736134
vt 0.277826 0.736134
vt 0.811016 0.943494
vt 0.812255 0.956902
vt 0.811016 0.956924
vt 0.756347 0.328013
vt 0.773693 0.348683
vt 0.756347 0.348671
vt 0.734338 0.954245
vt 0.733099 0.940460
vt 0.734338 0.940460
vt 0.439692 0.944650
vt 0.440931 0.957882
vt 0.439692 0.957900
vt 0.966818 0.867394
vt 0.968368 0.862708
vt 0.968368 0.867606
vt 0.924169 0.849800
vt 0.926235 0.827484
vt 0.926235 0.849800
vt 0.978697 0.077036
vt 0.980040 0.072102
vt 0.980040 0.077060
vt 0.930089 0.297026
vt 0.928023 0.319330
vt 0.928023 0.297028
vt 0.915533 0.757259
vt 0.910574 0.739537
vt 0.915533 0.739535
vt 0.669052 0.904274
vt 0.674010 0.921239
vt 0.669052 0.921309
vt 0.990165 0.782274
vt 0.991902 0.779940
vt 0.991902 0.782512
vt 0.871243 0.464592
vt 0.873557 0.434287
vt 0.873557 0.464592
vt 0.145095 0.995505
vt 0.146599 0.992929
vt 0.146599 0.995532
vt 0.883313 0.228752
vt 0.880999 0.259041
vt 0.880999 0.228754
vt 0.707105 0.904381
vt 0.704501 0.880312
vt 0.707105 0.880311
vt 0.912530 0.228790
vt 0.915133 0.251887
vt 0.912530 0.251925
vt 0.990165 0.793659
vt 0.991902 0.791325
vt 0.991902 0.793897
vt 0.871796 0.034593
vt 0.874110 0.004288
vt 0.874110 0.034593
vt 0.114857 0.995505
vt 0.116361 0.992929
vt 0.116361 0.995532
vt 0.884446 0.434287
vt 0.882132 0.464575
vt 0.882132 0.434288
vt 0.908270 0.321096
vt 0.905666 0.297027
vt 0.908270 0.297026
vt 0.913412 0.434324
vt 0.916015 0.457422
vt 0.913412 0.457459
vt 0.990165 0.770889
vt 0.991902 0.768555
vt 0.991902 0.771127
vt 0.871796 0.073473
vt 0.874110 0.043168
vt 0.874110 0.073473
vt 0.185412 0.995505
vt 0.186916 0.992929
vt 0.186916 0.995532
vt 0.885567 0.526630
vt 0.883253 0.556918
vt 0.883253 0.526632
vt 0.903435 0.147316
vt 0.900832 0.123247
vt 0.903435 0.123246
vt 0.914747 0.263239
vt 0.917350 0.286337
vt 0.914747 0.286374
vt 0.978697 0.474523
vt 0.980868 0.471962
vt 0.980868 0.474820
vt 0.669995 0.354563
vt 0.672888 0.259515
vt 0.672888 0.354563
vt 0.990165 0.501064
vt 0.992045 0.498205
vt 0.992045 0.501098
vt 0.689324 0.004288
vt 0.686432 0.099280
vt 0.686432 0.004290
vt 0.346202 0.738525
vt 0.343309 0.663036
vt 0.346202 0.663035
vt 0.116935 0.663854
vt 0.119827 0.736372
vt 0.116935 0.736413
vt 0.978697 0.509713
vt 0.980868 0.507152
vt 0.980868 0.510010
vt 0.670098 0.481255
vt 0.672991 0.386207
vt 0.672991 0.481255
vt 0.990165 0.524067
vt 0.992045 0.521208
vt 0.992045 0.524101
vt 0.695824 0.155892
vt 0.692931 0.250884
vt 0.692931 0.155894
vt 0.334734 0.738525
vt 0.331841 0.663036
vt 0.334734 0.663035
vt 0.523969 0.666840
vt 0.526861 0.739358
vt 0.523969 0.739399
vt 0.824423 0.229140
vt 0.827255 0.274128
vt 0.824423 0.274516
vt 0.648860 0.676142
vt 0.651753 0.736064
vt 0.648860 0.736064
vt 0.718861 0.823267
vt 0.721753 0.862165
vt 0.718861 0.862217
vt 0.681566 0.696965
vt 0.684457 0.756878
vt 0.681566 0.756876
vt 0.123888 0.983939
vt 0.126185 0.981047
vt 0.126185 0.983940
vt 0.504048 0.981077
vt 0.501840 0.983938
vt 0.501840 0.981046
vt 0.405806 0.775540
vt 0.408638 0.820528
vt 0.405806 0.820916
vt 0.310931 0.679583
vt 0.313824 0.739505
vt 0.310931 0.739505
vt 0.860329 0.004340
vt 0.863221 0.043237
vt 0.860329 0.043289
vt 0.753577 0.259515
vt 0.756468 0.319428
vt 0.753577 0.319426
vt 0.978697 0.808982
vt 0.980995 0.806090
vt 0.980995 0.808983
vt 0.202115 0.981078
vt 0.199907 0.983938
vt 0.199907 0.981046
vt 0.704501 0.781947
vt 0.707333 0.826934
vt 0.704501 0.827322
vt 0.196297 0.672054
vt 0.199190 0.731976
vt 0.196297 0.731976
vt 0.860329 0.052420
vt 0.863221 0.091317
vt 0.860329 0.091369
vt 0.753677 0.386207
vt 0.756568 0.446120
vt 0.753677 0.446118
vt 0.978698 0.820451
vt 0.980995 0.817559
vt 0.980995 0.820452
vt 0.622664 0.981078
vt 0.620456 0.983938
vt 0.620456 0.981046
vt 0.245746 0.781957
vt 0.248578 0.826945
vt 0.245746 0.827333
vt 0.451266 0.680139
vt 0.454159 0.740061
vt 0.451266 0.740061
vt 0.860329 0.100499
vt 0.863221 0.139396
vt 0.860329 0.139449
vt 0.693034 0.696965
vt 0.695925 0.756878
vt 0.693034 0.756876
vt 0.134760 0.983939
vt 0.137058 0.981047
vt 0.137058 0.983940
vt 0.460915 0.981078
vt 0.458707 0.983938
vt 0.458707 0.981046
vt 0.417688 0.939414
vt 0.418901 0.954895
vt 0.417688 0.955061
vt 0.088215 0.715668
vt 0.105571 0.736331
vt 0.088215 0.736331
vt 0.820831 0.943494
vt 0.822070 0.956902
vt 0.820831 0.956924
vt 0.088215 0.744906
vt 0.105561 0.765577
vt 0.088215 0.765565
vt 0.041455 0.954590
vt 0.040215 0.940805
vt 0.041455 0.940805
vt 0.796657 0.944203
vt 0.797896 0.957436
vt 0.796657 0.957453
vt 0.966818 0.812649
vt 0.968368 0.807962
vt 0.968368 0.812861
vt 0.924501 0.408523
vt 0.926567 0.386207
vt 0.926567 0.408523
vt 0.978697 0.104152
vt 0.980040 0.099218
vt 0.980040 0.104176
vt 0.930296 0.196107
vt 0.928230 0.218410
vt 0.928230 0.196108
vt 0.915594 0.845208
vt 0.910635 0.827486
vt 0.915594 0.827484
vt 0.025854 0.904394
vt 0.030812 0.921359
vt 0.025854 0.921430
vt 0.626834 0.939588
vt 0.628047 0.955069
vt 0.626834 0.955235
vt 0.417688 0.716987
vt 0.435044 0.737649
vt 0.417688 0.737650
vt 0.765144 0.943501
vt 0.766383 0.956910
vt 0.765144 0.956932
vt 0.245746 0.752324
vt 0.263092 0.772995
vt 0.245746 0.772983
vt 0.256800 0.954144
vt 0.255560 0.940360
vt 0.256800 0.940359
vt 0.956943 0.754931
vt 0.958182 0.768163
vt 0.956943 0.768181
vt 0.966818 0.840021
vt 0.968368 0.835335
vt 0.968368 0.840234
vt 0.683439 0.926462
vt 0.685505 0.904147
vt 0.685505 0.926462
vt 0.978697 0.049920
vt 0.980040 0.044986
vt 0.980040 0.049944
vt 0.235761 0.907762
vt 0.233695 0.930066
vt 0.233695 0.907764
vt 0.543382 0.913580
vt 0.538423 0.895858
vt 0.543382 0.895856
vt 0.141048 0.904410
vt 0.146006 0.921375
vt 0.141048 0.921446
vt 0.868228 0.939598
vt 0.869442 0.955078
vt 0.868228 0.955244
vt 0.051837 0.727456
vt 0.069194 0.748119
vt 0.051837 0.748119
vt 0.774959 0.943501
vt 0.776198 0.956910
vt 0.774959 0.956932
vt 0.718861 0.745502
vt 0.736207 0.766173
vt 0.718861 0.766161
vt 0.554710 0.954610
vt 0.553470 0.940825
vt 0.554710 0.940824
vt 0.956130 0.123264
vt 0.957370 0.136496
vt 0.956130 0.136514
vt 0.966818 0.785276
vt 0.968368 0.780590
vt 0.968368 0.785488
vt 0.602638 0.927936
vt 0.604704 0.905620
vt 0.604704 0.927936
vt 0.966818 0.959506
vt 0.968161 0.954572
vt 0.968161 0.959531
vt 0.419754 0.908369
vt 0.417688 0.930673
vt 0.417688 0.908371
vt 0.323078 0.913709
vt 0.318119 0.895987
vt 0.323078 0.895985
vt 0.154581 0.904410
vt 0.159539 0.921375
vt 0.154581 0.921446
vt 0.990165 0.748119
vt 0.991902 0.745785
vt 0.991902 0.748357
vt 0.870110 0.259058
vt 0.872424 0.228752
vt 0.872424 0.259058
vt 0.175332 0.995505
vt 0.176836 0.992929
vt 0.176836 0.995532
vt 0.884999 0.004288
vt 0.882685 0.034576
vt 0.882685 0.004289
vt 0.908477 0.220176
vt 0.905874 0.196108
vt 0.908477 0.196107
vt 0.919101 0.630885
vt 0.921704 0.653983
vt 0.919101 0.654020
vt 0.990165 0.805044
vt 0.991902 0.802710
vt 0.991902 0.805282
vt 0.074650 0.871672
vt 0.076964 0.841367
vt 0.076964 0.871672
vt 0.155174 0.995504
vt 0.156678 0.992929
vt 0.156678 0.995532
vt 0.884999 0.043168
vt 0.882685 0.073456
vt 0.882685 0.043170
vt 0.910526 0.654917
vt 0.907922 0.630849
vt 0.910526 0.630848
vt 0.915065 0.004325
vt 0.917667 0.027423
vt 0.915065 0.027460
vt 0.990165 0.816429
vt 0.991902 0.814095
vt 0.991902 0.816666
vt 0.871796 0.112354
vt 0.874110 0.082049
vt 0.874110 0.112354
vt 0.084619 0.995505
vt 0.086123 0.992929
vt 0.086123 0.995532
vt 0.884999 0.082048
vt 0.882685 0.112337
vt 0.882685 0.082050
vt 0.906489 0.061002
vt 0.903886 0.036934
vt 0.906489 0.036933
vt 0.812820 0.538820
vt 0.815422 0.561918
vt 0.812820 0.561955
vt 0.554648 0.663063
vt 0.556819 0.553136
vt 0.556819 0.663360
vt 0.978698 0.206585
vt 0.981590 0.209478
vt 0.978698 0.209478
vt 0.591698 0.665024
vt 0.593578 0.553492
vt 0.593578 0.665058
vt 0.981590 0.355680
vt 0.978697 0.358573
vt 0.978697 0.355682
vt 0.353587 0.654459
vt 0.355884 0.542881
vt 0.355884 0.654460
vt 0.377540 0.542911
vt 0.375332 0.654443
vt 0.375332 0.542880
vt 0.565394 0.663063
vt 0.567564 0.553136
vt 0.567564 0.663360
vt 0.978697 0.172181
vt 0.981590 0.175074
vt 0.978697 0.175074
vt 0.603569 0.665904
vt 0.605449 0.554372
vt 0.605449 0.665938
vt 0.978697 0.286864
vt 0.981588 0.289759
vt 0.978697 0.289757
vt 0.331841 0.654459
vt 0.334139 0.542881
vt 0.334139 0.654460
vt 0.496561 0.546811
vt 0.494353 0.658342
vt 0.494353 0.546779
vt 0.257153 0.781957
vt 0.259984 0.826945
vt 0.257153 0.827333
vt 0.742109 0.259515
vt 0.745002 0.319437
vt 0.742109 0.319437
vt 0.681567 0.825730
vt 0.684458 0.864627
vt 0.681567 0.864679
vt 0.670098 0.697021
vt 0.672989 0.756934
vt 0.670098 0.756932
vt 0.978697 0.843389
vt 0.980995 0.840497
vt 0.980995 0.843389
vt 0.212899 0.981077
vt 0.210691 0.983938
vt 0.210691 0.981046
vt 0.826109 0.004675
vt 0.828940 0.049663
vt 0.826109 0.050051
vt 0.742210 0.386207
vt 0.745102 0.446129
vt 0.742210 0.446129
vt 0.856761 0.783145
vt 0.859653 0.822042
vt 0.856761 0.822095
vt 0.755272 0.478550
vt 0.758163 0.538463
vt 0.755272 0.538461
vt 0.978698 0.854857
vt 0.980995 0.851965
vt 0.980995 0.854858
vt 0.471698 0.981077
vt 0.469490 0.983938
vt 0.469490 0.981046
vt 0.051837 0.786328
vt 0.054668 0.831316
vt 0.051837 0.831703
vt 0.742210 0.570616
vt 0.745103 0.630538
vt 0.742210 0.630538
vt 0.857174 0.386259
vt 0.860066 0.425157
vt 0.857174 0.425209
vt 0.757305 0.004288
vt 0.760196 0.064200
vt 0.757305 0.064198
vt 0.978697 0.682825
vt 0.980995 0.679933
vt 0.980995 0.682826
vt 0.633448 0.981077
vt 0.631239 0.983938
vt 0.631239 0.981046
vt 0.826109 0.059014
vt 0.828940 0.104001
vt 0.826109 0.104389
vt 0.742210 0.639113
vt 0.745103 0.699035
vt 0.742210 0.699035
vt 0.693034 0.825730
vt 0.695926 0.864627
vt 0.693034 0.864679
vt 0.757305 0.072785
vt 0.760196 0.132698
vt 0.757305 0.132696
vt 0.978698 0.740169
vt 0.980995 0.737277
vt 0.980995 0.740170
vt 0.299165 0.981077
vt 0.296957 0.983938
vt 0.296957 0.981046
vt 0.756347 0.374405
vt 0.771849 0.359381
vt 0.771849 0.376527
vt 0.088215 0.911414
vt 0.089454 0.932076
vt 0.088215 0.932077
vt 0.792848 0.142107
vt 0.806277 0.124995
vt 0.806277 0.142350
vt 0.222229 0.911826
vt 0.223468 0.932486
vt 0.222229 0.932485
vt 0.660539 0.702892
vt 0.661523 0.685536
vt 0.661523 0.702892
vt 0.953959 0.155905
vt 0.953012 0.173246
vt 0.953012 0.155892
vt 0.753617 0.931378
vt 0.755167 0.909545
vt 0.755167 0.931590
vt 0.966818 0.427465
vt 0.968885 0.422506
vt 0.968885 0.427465
vt 0.483569 0.931726
vt 0.484912 0.909437
vt 0.484912 0.931751
vt 0.968884 0.544301
vt 0.966818 0.549258
vt 0.966818 0.544302
vt 0.650838 0.895565
vt 0.654776 0.873250
vt 0.654776 0.895566
vt 0.132473 0.875095
vt 0.128687 0.897354
vt 0.128687 0.875041
vt 0.429155 0.864868
vt 0.430891 0.829725
vt 0.430891 0.865106
vt 0.934043 0.983649
vt 0.936357 0.981046
vt 0.936357 0.983649
vt 0.015756 0.835852
vt 0.017260 0.800068
vt 0.017260 0.835880
vt 0.992479 0.350827
vt 0.990165 0.353431
vt 0.990165 0.350829
vt 0.845415 0.866988
vt 0.847483 0.831173
vt 0.847483 0.866989
vt 0.870629 0.386235
vt 0.868641 0.422018
vt 0.868641 0.386207
vt 0.869763 0.513931
vt 0.871499 0.478788
vt 0.871499 0.514169
vt 0.944932 0.983649
vt 0.947246 0.981046
vt 0.947246 0.983649
vt 0.015756 0.791439
vt 0.017260 0.755655
vt 0.017260 0.791466
vt 0.992479 0.283755
vt 0.990165 0.286359
vt 0.990165 0.283757
vt 0.868168 0.722749
vt 0.870235 0.686934
vt 0.870235 0.722750
vt 0.870627 0.570644
vt 0.868640 0.606426
vt 0.868640 0.570616
vt 0.245746 0.871289
vt 0.247483 0.836146
vt 0.247483 0.871526
vt 0.955822 0.983650
vt 0.958136 0.981046
vt 0.958136 0.983650
vt 0.300759 0.809767
vt 0.302263 0.773983
vt 0.302263 0.809794
vt 0.992479 0.261398
vt 0.990165 0.264001
vt 0.990165 0.261399
vt 0.868168 0.767140
vt 0.870235 0.731326
vt 0.870235 0.767141
vt 0.706489 0.835926
vt 0.704502 0.871708
vt 0.704502 0.835897
vt 0.245746 0.662275
vt 0.247917 0.552349
vt 0.247917 0.662573
vt 0.978697 0.195117
vt 0.981590 0.198010
vt 0.978697 0.198010
vt 0.579402 0.664437
vt 0.581282 0.552905
vt 0.581282 0.664471
vt 0.978697 0.309802
vt 0.981588 0.312696
vt 0.978697 0.312694
vt 0.364459 0.654459
vt 0.366757 0.542881
vt 0.366757 0.654460
vt 0.485777 0.546811
vt 0.483569 0.658342
vt 0.483569 0.546779
vt 0.256492 0.662275
vt 0.258662 0.552349
vt 0.258662 0.662573
vt 0.978697 0.218053
vt 0.981590 0.220946
vt 0.978697 0.220946
vt 0.452279 0.671530
vt 0.454159 0.559998
vt 0.454159 0.671564
vt 0.978697 0.321271
vt 0.981588 0.324166
vt 0.978697 0.324164
vt 0.342714 0.654459
vt 0.345011 0.542881
vt 0.345011 0.654460
vt 0.617575 0.551609
vt 0.615367 0.663141
vt 0.615367 0.551578
vt 0.753678 0.776477
vt 0.756509 0.821464
vt 0.753678 0.821852
vt 0.743804 0.478550
vt 0.746697 0.538473
vt 0.743804 0.538473
vt 0.864843 0.630900
vt 0.867735 0.669798
vt 0.864843 0.669850
vt 0.025854 0.702514
vt 0.028745 0.762427
vt 0.025854 0.762425
vt 0.978697 0.866326
vt 0.980995 0.863434
vt 0.980995 0.866327
vt 0.482481 0.981078
vt 0.480273 0.983938
vt 0.480273 0.981046
vt 0.063244 0.786328
vt 0.066075 0.831316
vt 0.063244 0.831703
vt 0.207765 0.672054
vt 0.210658 0.731976
vt 0.207765 0.731976
vt 0.857172 0.570668
vt 0.860065 0.609565
vt 0.857172 0.609618
vt 0.762149 0.155892
vt 0.765040 0.215804
vt 0.762149 0.215802
vt 0.015160 0.983939
vt 0.017458 0.981047
vt 0.017458 0.983940
vt 0.514831 0.981077
vt 0.512623 0.983938
vt 0.512623 0.981046
vt 0.828136 0.297414
vt 0.830967 0.342402
vt 0.828136 0.342790
vt 0.745837 0.004288
vt 0.748730 0.064210
vt 0.745837 0.064210
vt 0.392047 0.822016
vt 0.394939 0.860913
vt 0.392047 0.860966
vt 0.040215 0.705795
vt 0.043106 0.765708
vt 0.040215 0.765706
vt 0.978697 0.877795
vt 0.980995 0.874903
vt 0.980995 0.877796
vt 0.644231 0.981078
vt 0.642023 0.983938
vt 0.642023 0.981046
vt 0.819736 0.631236
vt 0.822568 0.676223
vt 0.819736 0.676611
vt 0.745837 0.072785
vt 0.748730 0.132707
vt 0.745837 0.132707
vt 0.670099 0.825786
vt 0.672991 0.864683
vt 0.670099 0.864735
vt 0.753678 0.707601
vt 0.756569 0.767514
vt 0.753678 0.767512
vt 0.978698 0.889264
vt 0.980995 0.886372
vt 0.980995 0.889265
vt 0.234465 0.981078
vt 0.232257 0.983938
vt 0.232257 0.981046
vt 0.569005 0.707316
vt 0.570742 0.672173
vt 0.570742 0.707554
vt 0.966711 0.983649
vt 0.969025 0.981046
vt 0.969025 0.983650
vt 0.062583 0.530727
vt 0.064087 0.494943
vt 0.064087 0.530754
vt 0.992479 0.227862
vt 0.990165 0.230465
vt 0.990165 0.227863
vt 0.099681 0.870192
vt 0.101749 0.834377
vt 0.101749 0.870193
vt 0.042202 0.834536
vt 0.040215 0.870318
vt 0.040215 0.834507
vt 0.256058 0.871289
vt 0.257794 0.836146
vt 0.257794 0.871526
vt 0.977601 0.983649
vt 0.979915 0.981046
vt 0.979915 0.983649
vt 0.062583 0.575141
vt 0.064087 0.539357
vt 0.064087 0.575168
vt 0.992479 0.294934
vt 0.990165 0.297537
vt 0.990165 0.294935
vt 0.868228 0.818908
vt 0.870296 0.783093
vt 0.870296 0.818909
vt 0.870216 0.827513
vt 0.868228 0.863295
vt 0.868228 0.827484
vt 0.077903 0.751049
vt 0.079639 0.715906
vt 0.079639 0.751287
vt 0.990165 0.006891
vt 0.992480 0.004288
vt 0.992480 0.006891
vt 0.062583 0.619555
vt 0.064087 0.583771
vt 0.064087 0.619582
vt 0.992479 0.272576
vt 0.990165 0.275180
vt 0.990165 0.272578
vt 0.088215 0.870192
vt 0.090282 0.834377
vt 0.090282 0.870193
vt 0.224217 0.834795
vt 0.222229 0.870577
vt 0.222229 0.834766
vt 0.277826 0.926965
vt 0.280617 0.913467
vt 0.280617 0.927347
vt 0.813473 0.966756
vt 0.816779 0.970475
vt 0.813473 0.970475
vt 0.574381 0.953199
vt 0.576798 0.939193
vt 0.576798 0.953243
vt 0.860992 0.966756
vt 0.864296 0.970477
vt 0.860992 0.970475
vt 0.933425 0.492601
vt 0.936051 0.478551
vt 0.936051 0.492602
vt 0.942720 0.599971
vt 0.940197 0.613984
vt 0.940197 0.599935
vt 0.289192 0.926965
vt 0.291982 0.913467
vt 0.291982 0.927347
vt 0.754067 0.966756
vt 0.757373 0.970475
vt 0.754067 0.970475
vt 0.116327 0.950911
vt 0.118744 0.936905
vt 0.118744 0.950954
vt 0.966818 0.213321
vt 0.970122 0.217042
vt 0.966818 0.217039
vt 0.935232 0.448337
vt 0.937858 0.434288
vt 0.937858 0.448338
vt 0.947971 0.897144
vt 0.945448 0.911157
vt 0.945448 0.897108
vt 0.926243 0.113439
vt 0.929033 0.099941
vt 0.929033 0.113821
vt 0.635255 0.966756
vt 0.638561 0.970475
vt 0.635255 0.970475
vt 0.950073 0.210156
vt 0.952490 0.196151
vt 0.952490 0.210200
vt 0.966818 0.016584
vt 0.970122 0.020305
vt 0.966818 0.020302
vt 0.538423 0.936208
vt 0.541048 0.922158
vt 0.541048 0.936209
vt 0.143571 0.930057
vt 0.141048 0.944070
vt 0.141048 0.930021
vt 0.930653 0.677374
vt 0.933443 0.663876
vt 0.933443 0.677756
vt 0.647136 0.966756
vt 0.650442 0.970475
vt 0.647136 0.970475
vt 0.127319 0.950911
vt 0.129736 0.936905
vt 0.129736 0.950954
vt 0.966818 0.028880
vt 0.970122 0.032601
vt 0.966818 0.032598
vt 0.494692 0.147292
vt 0.497317 0.133242
vt 0.497317 0.147293
vt 0.671575 0.929921
vt 0.669052 0.943933
vt 0.669052 0.929885
vt 0.854937 0.217852
vt 0.857727 0.204354
vt 0.857727 0.218234
vt 0.777830 0.966756
vt 0.781136 0.970475
vt 0.777830 0.970475
vt 0.948652 0.540679
vt 0.951070 0.526674
vt 0.951070 0.540723
vt 0.966818 0.225617
vt 0.970122 0.229338
vt 0.966818 0.229336
vt 0.934750 0.746238
vt 0.937375 0.732188
vt 0.937375 0.746239
vt 0.947972 0.919804
vt 0.945448 0.933817
vt 0.945448 0.919768
vt 0.811016 0.934514
vt 0.813806 0.921016
vt 0.813806 0.934896
vt 0.682780 0.966756
vt 0.686086 0.970475
vt 0.682780 0.970475
vt 0.948809 0.113608
vt 0.951226 0.099603
vt 0.951226 0.113652
vt 0.966818 0.004288
vt 0.970122 0.008008
vt 0.966818 0.008006
vt 0.318119 0.936337
vt 0.320744 0.922287
vt 0.320744 0.936338
vt 0.948074 0.228788
vt 0.945551 0.242801
vt 0.945551 0.228752
vt 0.074650 0.926773
vt 0.077440 0.913275
vt 0.077440 0.927155
vt 0.694661 0.966756
vt 0.697967 0.970475
vt 0.694661 0.970475
vt 0.889680 0.951575
vt 0.892098 0.937570
vt 0.892098 0.951619
vt 0.896630 0.966756
vt 0.899934 0.970477
vt 0.896630 0.970475
vt 0.936566 0.277253
vt 0.939192 0.263203
vt 0.939192 0.277254
vt 0.942720 0.622631
vt 0.940197 0.636644
vt 0.940197 0.622595
vt 0.822381 0.934514
vt 0.825172 0.921016
vt 0.825172 0.934896
vt 0.706542 0.966756
vt 0.709848 0.970475
vt 0.706542 0.970475
vt 0.233695 0.952690
vt 0.236113 0.938685
vt 0.236113 0.952734
vt 0.908509 0.966756
vt 0.911813 0.970477
vt 0.908509 0.970475
vt 0.938664 0.311077
vt 0.941290 0.297027
vt 0.941290 0.311078
vt 0.154670 0.930057
vt 0.152147 0.944070
vt 0.152147 0.930021
vt 0.765144 0.934522
vt 0.767934 0.921024
vt 0.767934 0.934904
vt 0.718424 0.966756
vt 0.721730 0.970475
vt 0.718424 0.970475
vt 0.405806 0.951749
vt 0.408224 0.937743
vt 0.408224 0.951792
vt 0.920388 0.966756
vt 0.923692 0.970477
vt 0.920388 0.970475
vt 0.933830 0.137297
vt 0.936456 0.123247
vt 0.936456 0.137298
vt 0.514006 0.930052
vt 0.511482 0.944065
vt 0.511482 0.930016
vt 0.866384 0.219011
vt 0.869175 0.205513
vt 0.869175 0.219393
vt 0.730305 0.966756
vt 0.733611 0.970475
vt 0.730305 0.970475
vt 0.615367 0.951913
vt 0.617784 0.937908
vt 0.617784 0.951957
vt 0.932267 0.966756
vt 0.935571 0.970477
vt 0.932267 0.970475
vt 0.934749 0.768864
vt 0.937375 0.754815
vt 0.937375 0.768865
vt 0.591629 0.931338
vt 0.589105 0.945350
vt 0.589105 0.931302
vt 0.907922 0.677373
vt 0.910712 0.663876
vt 0.910712 0.677756
vt 0.742186 0.966756
vt 0.745492 0.970475
vt 0.742186 0.970475
vt 0.947767 0.277251
vt 0.950184 0.263246
vt 0.950184 0.277295
vt 0.944146 0.966756
vt 0.947450 0.970477
vt 0.944146 0.970475
vt 0.934810 0.797143
vt 0.937436 0.783094
vt 0.937436 0.797144
vt 0.170703 0.931699
vt 0.168180 0.945712
vt 0.168180 0.931663
vt 0.796657 0.935228
vt 0.799447 0.921730
vt 0.799447 0.935611
vt 0.789711 0.966756
vt 0.793017 0.970475
vt 0.789711 0.970475
vt 0.948085 0.018337
vt 0.950502 0.004331
vt 0.950502 0.018380
vt 0.966818 0.164137
vt 0.970122 0.167857
vt 0.966818 0.167855
vt 0.936884 0.018338
vt 0.939509 0.004289
vt 0.939509 0.018339
vt 0.948474 0.732289
vt 0.945951 0.746302
vt 0.945951 0.732253
vt 0.704501 0.926837
vt 0.707292 0.913339
vt 0.707292 0.927219
vt 0.659017 0.966756
vt 0.662323 0.970475
vt 0.659017 0.970475
vt 0.949865 0.311075
vt 0.952282 0.297070
vt 0.952282 0.311119
vt 0.966818 0.041176
vt 0.970122 0.044897
vt 0.966818 0.044894
vt 0.933425 0.515228
vt 0.936051 0.501178
vt 0.936051 0.515229
vt 0.947019 0.865397
vt 0.944495 0.879409
vt 0.944495 0.865361
vt 0.919287 0.677374
vt 0.922078 0.663876
vt 0.922078 0.677756
vt 0.670899 0.966756
vt 0.674205 0.970475
vt 0.670899 0.970475
vt 0.949865 0.333743
vt 0.952282 0.319738
vt 0.952282 0.333787
vt 0.966818 0.053472
vt 0.970122 0.057193
vt 0.966818 0.057191
vt 0.933941 0.584666
vt 0.936567 0.570617
vt 0.936567 0.584667
vt 0.464889 0.931085
vt 0.462365 0.945098
vt 0.462365 0.931049
vt 0.776510 0.934522
vt 0.779300 0.921024
vt 0.779300 0.934904
vt 0.801592 0.966756
vt 0.804898 0.970475
vt 0.801592 0.970475
vt 0.948085 0.086340
vt 0.950502 0.072335
vt 0.950502 0.086384
vt 0.966818 0.237913
vt 0.970122 0.241634
vt 0.966818 0.241632
vt 0.935143 0.400258
vt 0.937768 0.386208
vt 0.937768 0.400259
vt 0.527539 0.933714
vt 0.525015 0.947726
vt 0.525015 0.933677
vt 0.933130 0.879241
vt 0.935920 0.865743
vt 0.935920 0.879623
vt 0.765948 0.966756
vt 0.769254 0.970475
vt 0.765948 0.970475
vt 0.718861 0.952397
vt 0.721278 0.938392
vt 0.721278 0.952441
vt 0.872871 0.966756
vt 0.876175 0.970477
vt 0.872871 0.970475
vt 0.935143 0.422885
vt 0.937768 0.408835
vt 0.937768 0.422886
vt 0.947149 0.478587
vt 0.944626 0.492599
vt 0.944626 0.478550
vt 0.777023 0.631623
vt 0.782686 0.669965
vt 0.777023 0.670740
vt 0.392047 0.477123
vt 0.443704 0.386207
vt 0.443704 0.477123
vt 0.168180 0.790682
vt 0.173964 0.824155
vt 0.168180 0.824259
vt 0.497237 0.155892
vt 0.445589 0.246787
vt 0.445589 0.155927
vt 0.031640 0.693937
vt 0.025854 0.621731
vt 0.031640 0.621729
vt 0.652080 0.307730
vt 0.657865 0.377052
vt 0.652080 0.377134
vt 0.791261 0.631623
vt 0.796923 0.669965
vt 0.791261 0.670740
vt 0.004288 0.486341
vt 0.055945 0.395425
vt 0.055945 0.486341
vt 0.116327 0.790684
vt 0.122111 0.824157
vt 0.116327 0.824261
vt 0.503926 0.386207
vt 0.452279 0.477103
vt 0.452279 0.386243
vt 0.094000 0.707091
vt 0.088215 0.634885
vt 0.094000 0.634883
vt 0.637721 0.307730
vt 0.643505 0.377052
vt 0.637721 0.377134
vt 0.094918 0.413754
vt 0.133673 0.302305
vt 0.133673 0.419061
vt 0.579262 0.324024
vt 0.585047 0.375681
vt 0.579262 0.375681
vt 0.512501 0.504384
vt 0.546073 0.386814
vt 0.546073 0.504991
vt 0.554648 0.671935
vt 0.560430 0.723586
vt 0.554648 0.723582
vt 0.392047 0.603890
vt 0.396642 0.485700
vt 0.396642 0.603891
vt 0.030270 0.494979
vt 0.025854 0.613091
vt 0.025854 0.494916
vt 0.391502 0.121043
vt 0.430257 0.009595
vt 0.430257 0.126350
vt 0.257214 0.671148
vt 0.262999 0.722805
vt 0.257214 0.722805
vt 0.142248 0.559063
vt 0.175820 0.441493
vt 0.175820 0.559670
vt 0.170962 0.671869
vt 0.176744 0.723520
vt 0.170962 0.723516
vt 0.405217 0.603890
vt 0.409812 0.485700
vt 0.409812 0.603891
vt 0.043262 0.494979
vt 0.038846 0.613090
vt 0.038846 0.494916
vt 0.978697 0.486253
vt 0.980868 0.483692
vt 0.980868 0.486550
vt 0.674964 0.099336
vt 0.677857 0.004288
vt 0.677857 0.099336
vt 0.990165 0.535568
vt 0.992045 0.532710
vt 0.992045 0.535603
vt 0.695927 0.386207
vt 0.693034 0.481199
vt 0.693034 0.386209
vt 0.730640 0.231382
vt 0.727747 0.155893
vt 0.730640 0.155892
vt 0.535436 0.666840
vt 0.538328 0.739358
vt 0.535436 0.739399
vt 0.978698 0.415872
vt 0.980868 0.413312
vt 0.980868 0.416169
vt 0.153716 0.663294
vt 0.156609 0.568246
vt 0.156609 0.663294
vt 0.990165 0.443555
vt 0.992045 0.440697
vt 0.992045 0.443589
vt 0.695926 0.489831
vt 0.693034 0.584823
vt 0.693034 0.489833
vt 0.043108 0.697219
vt 0.040215 0.621730
vt 0.043108 0.621729
vt 0.354777 0.663077
vt 0.357669 0.735595
vt 0.354777 0.735636
vt 0.845355 0.687321
vt 0.848186 0.726050
vt 0.845355 0.726438
vt 0.648860 0.744640
vt 0.651753 0.796297
vt 0.648860 0.796297
vt 0.150728 0.832889
vt 0.153620 0.866414
vt 0.150728 0.866466
vt 0.822482 0.686933
vt 0.825373 0.738582
vt 0.822482 0.738580
vt 0.978697 0.648419
vt 0.980995 0.645527
vt 0.980995 0.648420
vt 0.525615 0.981077
vt 0.523406 0.983938
vt 0.523406 0.981046
vt 0.845355 0.735401
vt 0.848186 0.774130
vt 0.845355 0.774517
vt 0.788491 0.570616
vt 0.791384 0.622273
vt 0.788491 0.622273
vt 0.025854 0.831279
vt 0.028746 0.864803
vt 0.025854 0.864856
vt 0.553470 0.770782
vt 0.556361 0.822431
vt 0.553470 0.822429
vt 0.978697 0.556668
vt 0.980995 0.553776
vt 0.980995 0.556669
vt 0.741281 0.981078
vt 0.739072 0.983938
vt 0.739072 0.981046
vt 0.837516 0.100835
vt 0.840347 0.139564
vt 0.837516 0.139951
vt 0.789674 0.478550
vt 0.792567 0.530207
vt 0.789674 0.530207
vt 0.512501 0.831289
vt 0.515393 0.864814
vt 0.512501 0.864866
vt 0.564936 0.770782
vt 0.567827 0.822431
vt 0.564936 0.822429
vt 0.978698 0.579606
vt 0.980995 0.576714
vt 0.980995 0.579607
vt 0.536398 0.981078
vt 0.534190 0.983938
vt 0.534190 0.981046
vt 0.839543 0.297414
vt 0.842374 0.336143
vt 0.839543 0.336531
vt 0.790021 0.228752
vt 0.792914 0.280409
vt 0.790021 0.280409
vt 0.360868 0.833741
vt 0.363760 0.867265
vt 0.360868 0.867318
vt 0.576403 0.770782
vt 0.579294 0.822431
vt 0.576403 0.822429
vt 0.026033 0.983939
vt 0.028331 0.981047
vt 0.028331 0.983940
vt 0.547181 0.981078
vt 0.544973 0.983938
vt 0.544973 0.981046
vt 0.429155 0.939658
vt 0.430368 0.955139
vt 0.429155 0.955305
vt 0.520616 0.103759
vt 0.537973 0.124421
vt 0.520616 0.124421
vt 0.051837 0.941065
vt 0.053076 0.954473
vt 0.051837 0.954496
vt 0.051837 0.756694
vt 0.069183 0.777365
vt 0.051837 0.777353
vt 0.744153 0.954245
vt 0.742913 0.940460
vt 0.744153 0.940460
vt 0.955724 0.478568
vt 0.956964 0.491800
vt 0.955724 0.491818
vt 0.966818 0.730531
vt 0.968368 0.725844
vt 0.968368 0.730743
vt 0.923708 0.251068
vt 0.925775 0.228752
vt 0.925775 0.251068
vt 0.978697 0.009246
vt 0.980040 0.004312
vt 0.980040 0.009270
vt 0.928308 0.004288
vt 0.926242 0.026591
vt 0.926242 0.004289
vt 0.915030 0.914832
vt 0.910071 0.897110
vt 0.915030 0.897108
vt 0.451266 0.905438
vt 0.456224 0.922403
vt 0.451266 0.922474
vt 0.990165 0.827814
vt 0.991902 0.825479
vt 0.991902 0.828051
vt 0.872364 0.556935
vt 0.874678 0.526630
vt 0.874678 0.556935
vt 0.165253 0.995505
vt 0.166757 0.992929
vt 0.166757 0.995532
vt 0.813330 0.855469
vt 0.811016 0.885758
vt 0.811016 0.855471
vt 0.042819 0.902991
vt 0.040215 0.878922
vt 0.042819 0.878921
vt 0.915065 0.036970
vt 0.917667 0.060068
vt 0.915065 0.060105
vt 0.990165 0.839198
vt 0.991902 0.836864
vt 0.991902 0.839436
vt 0.873823 0.327332
vt 0.876137 0.297026
vt 0.876137 0.327332
vt 0.124936 0.995505
vt 0.126440 0.992929
vt 0.126440 0.995532
vt 0.824736 0.855469
vt 0.822422 0.885758
vt 0.822422 0.855471
vt 0.090818 0.902837
vt 0.088215 0.878769
vt 0.090818 0.878768
vt 0.910965 0.570653
vt 0.913568 0.593751
vt 0.910965 0.593788
vt 0.990165 0.873353
vt 0.991902 0.871019
vt 0.991902 0.873591
vt 0.876310 0.661153
vt 0.878624 0.630848
vt 0.878624 0.661153
vt 0.195491 0.995505
vt 0.196995 0.992929
vt 0.196995 0.995532
vt 0.767458 0.855477
vt 0.765144 0.885766
vt 0.765144 0.855479
vt 0.102284 0.902837
vt 0.099681 0.878769
vt 0.102284 0.878768
vt 0.439692 0.890295
vt 0.442294 0.913393
vt 0.439692 0.913430
vt 0.978697 0.533173
vt 0.980868 0.530612
vt 0.980868 0.533470
vt 0.681463 0.250940
vt 0.684356 0.155892
vt 0.684356 0.250940
vt 0.990165 0.558572
vt 0.992045 0.555713
vt 0.992045 0.558606
vt 0.695926 0.593398
vt 0.693034 0.688390
vt 0.693034 0.593400
vt 0.733534 0.335005
vt 0.730641 0.259516
vt 0.733534 0.259515
vt 0.483569 0.666991
vt 0.486461 0.739509
vt 0.483569 0.739550
vt 0.978697 0.439332
vt 0.980868 0.436772
vt 0.980868 0.439630
vt 0.165184 0.663294
vt 0.168077 0.568246
vt 0.168077 0.663294
vt 0.990165 0.455057
vt 0.992045 0.452199
vt 0.992045 0.455091
vt 0.700791 0.004288
vt 0.697899 0.099280
vt 0.697899 0.004290
vt 0.733634 0.461697
vt 0.730742 0.386208
vt 0.733634 0.386207
vt 0.512501 0.666840
vt 0.515393 0.739358
vt 0.512501 0.739399
vt 0.439692 0.803702
vt 0.442523 0.842431
vt 0.439692 0.842819
vt 0.791707 0.004288
vt 0.794600 0.055945
vt 0.791707 0.055945
vt 0.523969 0.831289
vt 0.526860 0.864814
vt 0.523969 0.864866
vt 0.822482 0.747166
vt 0.825373 0.798815
vt 0.822482 0.798813
vt 0.978698 0.900733
vt 0.980995 0.897841
vt 0.980995 0.900733
vt 0.687364 0.981078
vt 0.685156 0.983938
vt 0.685156 0.981046
vt 0.842030 0.631236
vt 0.844861 0.669965
vt 0.842030 0.670353
vt 0.791707 0.064520
vt 0.794600 0.116177
vt 0.791707 0.116177
vt 0.451266 0.832273
vt 0.454158 0.865798
vt 0.451266 0.865850
vt 0.819485 0.155892
vt 0.822376 0.207541
vt 0.819485 0.207539
vt 0.978697 0.912202
vt 0.980995 0.909310
vt 0.980995 0.912202
vt 0.309949 0.981077
vt 0.307740 0.983938
vt 0.307740 0.981046
vt 0.845355 0.783480
vt 0.848186 0.822209
vt 0.845355 0.822597
vt 0.793736 0.297026
vt 0.796628 0.348683
vt 0.793736 0.348683
vt 0.372335 0.833741
vt 0.375227 0.867265
vt 0.372335 0.867318
vt 0.025854 0.771002
vt 0.028745 0.822651
vt 0.025854 0.822649
vt 0.978698 0.591075
vt 0.980995 0.588183
vt 0.980995 0.591076
vt 0.557964 0.981078
vt 0.555756 0.983938
vt 0.555756 0.981046
vt 0.846889 0.478938
vt 0.849720 0.517667
vt 0.846889 0.518055
vt 0.765144 0.747166
vt 0.768037 0.798823
vt 0.765144 0.798823
vt 0.462733 0.832273
vt 0.465625 0.865798
vt 0.462733 0.865850
vt 0.589105 0.772249
vt 0.591996 0.823898
vt 0.589105 0.823896
vt 0.978698 0.694294
vt 0.980995 0.691402
vt 0.980995 0.694295
vt 0.396215 0.981077
vt 0.394007 0.983938
vt 0.394007 0.981046
vt 0.196297 0.939894
vt 0.197511 0.955375
vt 0.196297 0.955541
vt 0.674964 0.107911
vt 0.692320 0.128574
vt 0.674964 0.128574
vt 0.222229 0.941083
vt 0.223469 0.954492
vt 0.222229 0.954514
vt 0.142248 0.761333
vt 0.159594 0.782004
vt 0.142248 0.781992
vt 0.858001 0.954273
vt 0.856761 0.940488
vt 0.858001 0.940488
vt 0.318119 0.944931
vt 0.319358 0.958163
vt 0.318119 0.958181
vt 0.966818 0.798962
vt 0.968368 0.794276
vt 0.968368 0.799175
vt 0.924108 0.709249
vt 0.926174 0.686933
vt 0.926174 0.709249
vt 0.978697 0.036362
vt 0.980040 0.031428
vt 0.980040 0.036386
vt 0.927991 0.263202
vt 0.925925 0.285506
vt 0.925925 0.263204
vt 0.815975 0.912057
vt 0.811016 0.894335
vt 0.815975 0.894333
vt 0.168180 0.906052
vt 0.173138 0.923017
vt 0.168180 0.923088
vt 0.207765 0.939894
vt 0.208978 0.955375
vt 0.207765 0.955541
vt 0.142248 0.732095
vt 0.159605 0.752758
vt 0.142248 0.752758
vt 0.845415 0.941522
vt 0.846655 0.954930
vt 0.845415 0.954953
vt 0.417688 0.746225
vt 0.435034 0.766895
vt 0.417688 0.766883
vt 0.089454 0.954437
vt 0.088215 0.940652
vt 0.089454 0.940652
vt 0.955724 0.501228
vt 0.956964 0.514460
vt 0.955724 0.514478
vt 0.966818 0.744217
vt 0.968368 0.739531
vt 0.968368 0.744430
vt 0.814852 0.147068
vt 0.816919 0.124752
vt 0.816919 0.147068
vt 0.966818 0.945948
vt 0.968161 0.941014
vt 0.968161 0.945973
vt 0.928308 0.036035
vt 0.926243 0.058338
vt 0.926243 0.036036
vt 0.801616 0.912771
vt 0.796657 0.895049
vt 0.801616 0.895047
vt 0.511482 0.904405
vt 0.516440 0.921370
vt 0.511482 0.921441
vt 0.182539 0.939896
vt 0.183752 0.955377
vt 0.182539 0.955543
vt 0.168180 0.732095
vt 0.185536 0.752758
vt 0.168180 0.752758
vt 0.360868 0.941851
vt 0.362107 0.955259
vt 0.360868 0.955282
vt 0.116327 0.761333
vt 0.133673 0.782004
vt 0.116327 0.781992
vt 0.901502 0.773865
vt 0.900262 0.760080
vt 0.901502 0.760079
vt 0.538423 0.944802
vt 0.539662 0.958034
vt 0.538423 0.958052
vt 0.966818 0.716845
vt 0.968368 0.712158
vt 0.968368 0.717057
vt 0.924108 0.740140
vt 0.926174 0.717824
vt 0.926174 0.740140
vt 0.978697 0.063478
vt 0.980040 0.058544
vt 0.980040 0.063502
vt 0.880857 0.905795
vt 0.878791 0.928099
vt 0.878791 0.905797
vt 0.783638 0.912065
vt 0.778678 0.894343
vt 0.783638 0.894341
vt 0.464799 0.905438
vt 0.469757 0.922403
vt 0.464799 0.922474
vt 0.990165 0.850583
vt 0.991902 0.848249
vt 0.991902 0.850821
vt 0.876672 0.375411
vt 0.878986 0.345106
vt 0.878986 0.375411
vt 0.205570 0.995505
vt 0.207074 0.992929
vt 0.207074 0.995532
vt 0.778926 0.855477
vt 0.776612 0.885766
vt 0.776612 0.855479
vt 0.830740 0.375434
vt 0.828136 0.351366
vt 0.830740 0.351365
vt 0.915065 0.068718
vt 0.917667 0.091815
vt 0.915065 0.091852
vt 0.990165 0.884738
vt 0.991902 0.882404
vt 0.991902 0.884976
vt 0.877429 0.186197
vt 0.879743 0.155892
vt 0.879743 0.186197
vt 0.094699 0.995505
vt 0.096203 0.992929
vt 0.096203 0.995532
vt 0.790332 0.855477
vt 0.788019 0.885766
vt 0.788019 0.855479
vt 0.054441 0.903228
vt 0.051837 0.879160
vt 0.054441 0.879159
vt 0.911605 0.478588
vt 0.914208 0.501685
vt 0.911605 0.501723
vt 0.990165 0.861968
vt 0.991902 0.859634
vt 0.991902 0.862206
vt 0.878791 0.857789
vt 0.881105 0.827484
vt 0.881105 0.857789
vt 0.135015 0.995505
vt 0.136519 0.992929
vt 0.136519 0.995532
vt 0.882388 0.478550
vt 0.880074 0.508839
vt 0.880074 0.478552
vt 0.065847 0.903228
vt 0.063244 0.879160
vt 0.065847 0.879159
vt 0.915632 0.526667
vt 0.918235 0.549765
vt 0.915632 0.549802
vt 0.207043 0.663182
vt 0.209213 0.536926
vt 0.209213 0.663479
vt 0.978698 0.229521
vt 0.981590 0.232414
vt 0.978698 0.232414
vt 0.321386 0.670974
vt 0.323266 0.542914
vt 0.323266 0.671008
vt 0.981590 0.367148
vt 0.978697 0.370041
vt 0.978697 0.367150
vt 0.116935 0.655236
vt 0.119233 0.527128
vt 0.119233 0.655237
vt 0.661420 0.155923
vt 0.659212 0.283983
vt 0.659212 0.155892
vt 0.196297 0.663182
vt 0.198468 0.536926
vt 0.198468 0.663479
vt 0.978698 0.126309
vt 0.981590 0.129202
vt 0.978698 0.129202
vt 0.664509 0.132382
vt 0.666389 0.004322
vt 0.666389 0.132416
vt 0.978697 0.275395
vt 0.981588 0.278289
vt 0.978697 0.278287
vt 0.642763 0.132397
vt 0.645061 0.004288
vt 0.645061 0.132398
vt 0.661523 0.386239
vt 0.659315 0.514298
vt 0.659315 0.386207
vt 0.848922 0.100835
vt 0.851753 0.139564
vt 0.848922 0.139951
vt 0.776612 0.747166
vt 0.779505 0.798823
vt 0.776612 0.798823
vt 0.589105 0.832526
vt 0.591997 0.866051
vt 0.589105 0.866103
vt 0.277826 0.773955
vt 0.280717 0.825605
vt 0.277826 0.825603
vt 0.978697 0.659887
vt 0.980995 0.656996
vt 0.980995 0.659888
vt 0.698147 0.981077
vt 0.695939 0.983938
vt 0.695939 0.981046
vt 0.833948 0.735401
vt 0.836780 0.774130
vt 0.833948 0.774517
vt 0.788080 0.747166
vt 0.790973 0.798823
vt 0.788080 0.798823
vt 0.859776 0.434339
vt 0.862668 0.467864
vt 0.859776 0.467916
vt 0.600571 0.772249
vt 0.603462 0.823898
vt 0.600571 0.823896
vt 0.978698 0.751638
vt 0.980995 0.748746
vt 0.980995 0.751639
vt 0.245249 0.981077
vt 0.243041 0.983938
vt 0.243041 0.981046
vt 0.845768 0.386595
vt 0.848599 0.425324
vt 0.845768 0.425712
vt 0.796551 0.155892
vt 0.799444 0.207549
vt 0.796551 0.207549
vt 0.833948 0.831225
vt 0.836840 0.864750
vt 0.833948 0.864802
vt 0.360868 0.773464
vt 0.363759 0.825113
vt 0.360868 0.825111
vt 0.978697 0.568137
vt 0.980995 0.565245
vt 0.980995 0.568138
vt 0.493265 0.981077
vt 0.491057 0.983938
vt 0.491057 0.981046
vt 0.845766 0.571003
vt 0.848597 0.609733
vt 0.845766 0.610120
vt 0.538423 0.747974
vt 0.541315 0.799631
vt 0.538423 0.799631
vt 0.417688 0.829540
vt 0.420580 0.863065
vt 0.417688 0.863117
vt 0.040215 0.774283
vt 0.043106 0.825932
vt 0.040215 0.825930
vt 0.978697 0.602543
vt 0.980995 0.599651
vt 0.980995 0.602544
vt 0.256032 0.981078
vt 0.253824 0.983938
vt 0.253824 0.981046
vt 0.850949 0.297414
vt 0.853780 0.336143
vt 0.850949 0.336531
vt 0.310931 0.748081
vt 0.313823 0.799738
vt 0.310931 0.799738
vt 0.600572 0.832526
vt 0.603464 0.866050
vt 0.600572 0.866103
vt 0.222229 0.774542
vt 0.225120 0.826191
vt 0.222229 0.826189
vt 0.978697 0.923670
vt 0.980995 0.920778
vt 0.980995 0.923671
vt 0.320732 0.981078
vt 0.318524 0.983938
vt 0.318524 0.981046
vt 0.766738 0.467852
vt 0.782240 0.452829
vt 0.782240 0.469975
vt 0.563388 0.909912
vt 0.564628 0.930575
vt 0.563388 0.930575
vt 0.790816 0.468061
vt 0.804244 0.450949
vt 0.804244 0.468304
vt 0.245746 0.912747
vt 0.246985 0.933407
vt 0.245746 0.933406
vt 0.660539 0.676960
vt 0.661523 0.659603
vt 0.661523 0.676960
vt 0.952242 0.625892
vt 0.951296 0.643233
vt 0.951296 0.625878
vt 0.342404 0.931315
vt 0.343954 0.909482
vt 0.343954 0.931527
vt 0.966818 0.332725
vt 0.968885 0.327766
vt 0.968885 0.332725
vt 0.930279 0.653161
vt 0.931622 0.630872
vt 0.931622 0.653185
vt 0.968884 0.490170
vt 0.966818 0.495128
vt 0.966818 0.490172
vt 0.512501 0.895757
vt 0.516440 0.873443
vt 0.516440 0.895759
vt 0.467412 0.874480
vt 0.463627 0.896738
vt 0.463627 0.874426
vt 0.766738 0.555929
vt 0.782240 0.540905
vt 0.782240 0.558051
vt 0.573203 0.909912
vt 0.574443 0.930575
vt 0.573203 0.930575
vt 0.804501 0.374613
vt 0.817930 0.357501
vt 0.817930 0.374856
vt 0.845415 0.912264
vt 0.846654 0.932924
vt 0.845415 0.932923
vt 0.077903 0.777218
vt 0.078888 0.759862
vt 0.078888 0.777219
vt 0.016333 0.929228
vt 0.015386 0.946569
vt 0.015386 0.929214
vt 0.392047 0.931179
vt 0.393597 0.909346
vt 0.393597 0.931391
vt 0.966818 0.346259
vt 0.968885 0.341300
vt 0.968885 0.346259
vt 0.930279 0.622249
vt 0.931622 0.599960
vt 0.931622 0.622273
vt 0.968884 0.436040
vt 0.966818 0.440997
vt 0.966818 0.436041
vt 0.871796 0.143245
vt 0.875734 0.120930
vt 0.875734 0.143246
vt 0.897299 0.197865
vt 0.893513 0.220123
vt 0.893513 0.197811
vt 0.895355 0.327644
vt 0.897091 0.297264
vt 0.897091 0.327882
vt 0.990165 0.018070
vt 0.992480 0.015466
vt 0.992480 0.018070
vt 0.743178 0.900945
vt 0.744682 0.869981
vt 0.744682 0.900972
vt 0.992479 0.362006
vt 0.990165 0.364609
vt 0.990165 0.362008
vt 0.799548 0.886472
vt 0.801616 0.855478
vt 0.801616 0.886472
vt 0.891687 0.686962
vt 0.889700 0.717923
vt 0.889700 0.686933
vt 0.893574 0.113767
vt 0.895310 0.083387
vt 0.895310 0.114005
vt 0.990165 0.029249
vt 0.992480 0.026645
vt 0.992480 0.029249
vt 0.898204 0.376097
vt 0.899708 0.345133
vt 0.899708 0.376124
vt 0.992479 0.306113
vt 0.990165 0.308716
vt 0.990165 0.306114
vt 0.884712 0.328021
vt 0.886780 0.297027
vt 0.886780 0.328021
vt 0.891687 0.726555
vt 0.889700 0.757517
vt 0.889700 0.726527
vt 0.894142 0.557248
vt 0.895878 0.526868
vt 0.895878 0.557486
vt 0.990166 0.040427
vt 0.992480 0.037824
vt 0.992480 0.040427
vt 0.392047 0.900531
vt 0.393551 0.869568
vt 0.393551 0.900558
vt 0.992479 0.104896
vt 0.990165 0.107499
vt 0.990165 0.104898
vt 0.538423 0.887280
vt 0.540490 0.856287
vt 0.540490 0.887281
vt 0.891748 0.783121
vt 0.889761 0.814082
vt 0.889761 0.783093
vt 0.893574 0.034905
vt 0.895310 0.004525
vt 0.895310 0.035143
vt 0.990165 0.051606
vt 0.992480 0.049002
vt 0.992480 0.051606
vt 0.898961 0.186882
vt 0.900465 0.155919
vt 0.900465 0.186909
vt 0.992479 0.317291
vt 0.990165 0.319895
vt 0.990165 0.317293
vt 0.310931 0.887387
vt 0.312999 0.856393
vt 0.312999 0.887387
vt 0.006275 0.863968
vt 0.004288 0.894929
vt 0.004288 0.863939
vt 0.217788 0.663182
vt 0.219959 0.536926
vt 0.219959 0.663479
vt 0.978698 0.183649
vt 0.981590 0.186542
vt 0.978698 0.186542
vt 0.648860 0.667533
vt 0.650740 0.539473
vt 0.650740 0.667567
vt 0.978697 0.332741
vt 0.981588 0.335635
vt 0.978697 0.335633
vt 0.653636 0.132397
vt 0.655933 0.004288
vt 0.655933 0.132398
vt 0.661523 0.522937
vt 0.659315 0.650996
vt 0.659315 0.522905
vt 0.543867 0.640120
vt 0.546037 0.513864
vt 0.546037 0.640417
vt 0.978698 0.149245
vt 0.981590 0.152138
vt 0.978698 0.152138
vt 0.310931 0.670974
vt 0.312811 0.542914
vt 0.312811 0.671008
vt 0.978697 0.344210
vt 0.981588 0.347105
vt 0.978697 0.347103
vt 0.127808 0.655236
vt 0.130105 0.527128
vt 0.130105 0.655237
vt 0.187722 0.536660
vt 0.185514 0.664720
vt 0.185514 0.536628
vt 0.004288 0.816247
vt 0.007119 0.854976
vt 0.004288 0.855364
vt 0.799548 0.686933
vt 0.802441 0.738590
vt 0.799548 0.738590
vt 0.753617 0.830480
vt 0.756509 0.864004
vt 0.753617 0.864057
vt 0.289292 0.773955
vt 0.292183 0.825605
vt 0.289292 0.825603
vt 0.978698 0.705763
vt 0.980995 0.702871
vt 0.980995 0.705764
vt 0.655014 0.981078
vt 0.652806 0.983938
vt 0.652806 0.981046
vt 0.843571 0.156279
vt 0.846402 0.195009
vt 0.843571 0.195396
vt 0.799548 0.747166
vt 0.802441 0.798823
vt 0.799548 0.798823
vt 0.196297 0.830066
vt 0.199189 0.863591
vt 0.196297 0.863643
vt 0.822895 0.386207
vt 0.825786 0.437856
vt 0.822895 0.437854
vt 0.978698 0.614012
vt 0.980995 0.611120
vt 0.980995 0.614013
vt 0.406998 0.981078
vt 0.404790 0.983938
vt 0.404790 0.981046
vt 0.811016 0.807778
vt 0.813847 0.846507
vt 0.811016 0.846894
vt 0.799961 0.386207
vt 0.802854 0.437864
vt 0.799961 0.437864
vt 0.207765 0.830066
vt 0.210657 0.863591
vt 0.207765 0.863643
vt 0.822893 0.570616
vt 0.825784 0.622265
vt 0.822893 0.622263
vt 0.978697 0.763107
vt 0.980995 0.760215
vt 0.980995 0.763108
vt 0.611881 0.981078
vt 0.609673 0.983938
vt 0.609673 0.981046
vt 0.833948 0.687321
vt 0.836780 0.726050
vt 0.833948 0.726438
vt 0.799959 0.570616
vt 0.802852 0.622273
vt 0.799959 0.622273
vt 0.860896 0.526682
vt 0.863788 0.560207
vt 0.860896 0.560260
vt 0.088215 0.774152
vt 0.091106 0.825801
vt 0.088215 0.825800
vt 0.978698 0.625481
vt 0.980995 0.622589
vt 0.980995 0.625482
vt 0.417782 0.981077
vt 0.415573 0.983938
vt 0.415573 0.981046
vt 0.853437 0.631236
vt 0.856268 0.669965
vt 0.853437 0.670353
vt 0.801142 0.478550
vt 0.804035 0.530207
vt 0.801142 0.530207
vt 0.168180 0.832887
vt 0.171072 0.866412
vt 0.168180 0.866464
vt 0.099681 0.774152
vt 0.102572 0.825801
vt 0.099681 0.825799
vt 0.036906 0.983939
vt 0.039203 0.981047
vt 0.039203 0.983940
vt 0.428565 0.981078
vt 0.426357 0.983938
vt 0.426357 0.981046
vt 0.768771 0.141898
vt 0.784273 0.126875
vt 0.784273 0.144021
vt 0.833948 0.909950
vt 0.835188 0.930613
vt 0.833948 0.930613
vt 0.417688 0.820669
vt 0.431116 0.803557
vt 0.431116 0.820912
vt 0.931757 0.345106
vt 0.932996 0.365766
vt 0.931757 0.365765
vt 0.579402 0.758900
vt 0.580387 0.741544
vt 0.580387 0.758901
vt 0.954064 0.660224
vt 0.953117 0.677565
vt 0.953117 0.660210
vt 0.196297 0.930941
vt 0.197848 0.909108
vt 0.197848 0.931153
vt 0.966818 0.359793
vt 0.968885 0.354834
vt 0.968885 0.359793
vt 0.495036 0.931726
vt 0.496379 0.909437
vt 0.496379 0.931751
vt 0.968884 0.503703
vt 0.966818 0.508660
vt 0.966818 0.503704
vt 0.669052 0.895626
vt 0.672990 0.873312
vt 0.672990 0.895628
vt 0.592890 0.874732
vt 0.589105 0.896991
vt 0.589105 0.874678
vt 0.902451 0.285865
vt 0.906171 0.265962
vt 0.906171 0.286374
vt 0.300250 0.157041
vt 0.305209 0.151255
vt 0.305209 0.157041
vt 0.525015 0.925044
vt 0.528238 0.904442
vt 0.528238 0.925102
vt 0.450536 0.370520
vt 0.445578 0.376306
vt 0.445578 0.370524
vt 0.812819 0.468302
vt 0.817415 0.447641
vt 0.817415 0.468304
vt 0.145464 0.875104
vt 0.141048 0.895701
vt 0.141048 0.875041
vt 0.966818 0.561090
vt 0.969509 0.559001
vt 0.969788 0.561670
vt 0.966818 0.557833
vt 0.335283 0.971048
vt 0.332798 0.971478
vt 0.332405 0.969071
vt 0.335283 0.967899
vt 0.312524 0.971771
vt 0.309870 0.970360
vt 0.312569 0.969201
vt 0.463632 0.260885
vt 0.460321 0.260833
vt 0.461646 0.259011
vt 0.163727 0.969842
vt 0.163840 0.972109
vt 0.161440 0.971063
vt 0.163840 0.966756
vt 0.161102 0.968282
vt 0.332910 0.966756
vt 0.309870 0.967319
vt 0.463900 0.257893
vt 0.476430 0.260539
vt 0.473008 0.260539
vt 0.475303 0.258432
vt 0.477194 0.257420
vt 0.475133 0.255363
vt 0.312480 0.966756
vt 0.461669 0.256063
vt 0.463900 0.255363
vt 0.472475 0.257218
vt 0.459123 0.257852
vt 0.992444 0.613351
vt 0.990933 0.613099
vt 0.991660 0.611989
vt 0.991341 0.614305
vt 0.990165 0.591434
vt 0.991161 0.590719
vt 0.991291 0.592068
vt 0.435037 0.994386
vt 0.435037 0.992901
vt 0.436346 0.993383
vt 0.436398 0.994729
vt 0.365230 0.995164
vt 0.365156 0.994176
vt 0.366397 0.994926
vt 0.990166 0.611944
vt 0.992378 0.591357
vt 0.990806 0.680048
vt 0.990165 0.678764
vt 0.991085 0.678833
vt 0.365156 0.992902
vt 0.366553 0.993358
vt 0.990166 0.613490
vt 0.992449 0.589923
vt 0.992449 0.592395
vt 0.992337 0.679690
vt 0.305683 0.994998
vt 0.305683 0.993474
vt 0.307086 0.994084
vt 0.306839 0.995352
vt 0.990920 0.677695
vt 0.992337 0.678014
vt 0.306873 0.992901
vt 0.054509 0.971083
vt 0.055436 0.968694
vt 0.057402 0.970673
vt 0.053101 0.968947
vt 0.841316 0.285367
vt 0.839974 0.287950
vt 0.838625 0.285353
vt 0.839961 0.283091
vt 0.032082 0.971180
vt 0.029888 0.970542
vt 0.032082 0.968953
vt 0.054601 0.966756
vt 0.057402 0.967679
vt 0.837331 0.287034
vt 0.837331 0.283894
vt 0.029632 0.967646
vt 0.969681 0.675998
vt 0.966818 0.674813
vt 0.969226 0.672877
vt 0.391936 0.971400
vt 0.389204 0.970687
vt 0.391738 0.969017
vt 0.027774 0.969395
vt 0.031853 0.966756
vt 0.969315 0.663872
vt 0.966911 0.662471
vt 0.969315 0.661023
vt 0.966818 0.672447
vt 0.389349 0.967738
vt 0.391936 0.966756
vt 0.966818 0.659716
vt 0.275928 0.994133
vt 0.277258 0.994983
vt 0.276095 0.995551
vt 0.277258 0.993518
vt 0.335474 0.994490
vt 0.335622 0.992961
vt 0.336795 0.993836
vt 0.336814 0.995359
vt 0.276101 0.992901
vt 0.991321 0.669120
vt 0.990165 0.668074
vt 0.991232 0.667991
vt 0.025648 0.994937
vt 0.024205 0.995605
vt 0.024458 0.994162
vt 0.336814 0.992901
vt 0.992222 0.906555
vt 0.990725 0.906798
vt 0.991404 0.905784
vt 0.495831 0.994492
vt 0.494470 0.993992
vt 0.495792 0.992975
vt 0.992319 0.668017
vt 0.025488 0.993571
vt 0.990165 0.905696
vt 0.494470 0.992901
vt 0.990404 0.666740
vt 0.992054 0.666740
vt 0.024205 0.992901
vt 0.990884 0.904397
vt 0.992222 0.904847
vt 0.704399 0.342788
vt 0.707215 0.342502
vt 0.706108 0.345475
vt 0.705603 0.340300
vt 0.488205 0.374228
vt 0.485821 0.375906
vt 0.485538 0.373082
vt 0.487945 0.371529
vt 0.489894 0.372683
vt 0.708576 0.340595
vt 0.708576 0.343834
vt 0.436580 0.971209
vt 0.433885 0.969932
vt 0.436579 0.968413
vt 0.485538 0.370520
vt 0.301294 0.968386
vt 0.301139 0.971062
vt 0.298974 0.969740
vt 0.966818 0.879798
vt 0.966973 0.877299
vt 0.969529 0.879008
vt 0.434221 0.966883
vt 0.152527 0.972353
vt 0.149957 0.971370
vt 0.152275 0.970320
vt 0.298700 0.971924
vt 0.298700 0.966756
vt 0.969529 0.876182
vt 0.436580 0.966756
vt 0.149957 0.968775
vt 0.152280 0.967921
vt 0.150012 0.966756
vt 0.217177 0.994783
vt 0.215649 0.993984
vt 0.217011 0.993106
vt 0.215649 0.995478
vt 0.991616 0.971834
vt 0.991449 0.973079
vt 0.990165 0.972629
vt 0.990165 0.971068
vt 0.991511 0.970307
vt 0.266028 0.995571
vt 0.266037 0.994249
vt 0.267337 0.994783
vt 0.215688 0.992901
vt 0.426462 0.992901
vt 0.426448 0.994484
vt 0.425139 0.993628
vt 0.992481 0.601389
vt 0.992481 0.602949
vt 0.991516 0.602172
vt 0.266028 0.992901
vt 0.267353 0.993422
vt 0.992269 0.581348
vt 0.991061 0.580564
vt 0.992245 0.579968
vt 0.425139 0.994846
vt 0.990997 0.603369
vt 0.991072 0.600970
vt 0.991054 0.579172
vt 0.992269 0.578683
vt 0.990165 0.602123
vt 0.990165 0.579820
vt 0.105827 0.969843
vt 0.103113 0.968079
vt 0.105827 0.966756
vt 0.103263 0.970891
vt 0.141335 0.970484
vt 0.138503 0.972039
vt 0.138754 0.968999
vt 0.141381 0.967117
vt 0.105587 0.972471
vt 0.627465 0.727764
vt 0.627242 0.724776
vt 0.628868 0.725545
vt 0.230468 0.969676
vt 0.230468 0.966756
vt 0.233337 0.967874
vt 0.230854 0.971695
vt 0.233260 0.970941
vt 0.138503 0.966756
vt 0.969687 0.888373
vt 0.969687 0.891290
vt 0.966983 0.889014
vt 0.630711 0.727764
vt 0.490281 0.260471
vt 0.487854 0.259902
vt 0.490281 0.258287
vt 0.966818 0.891741
vt 0.629067 0.722494
vt 0.631306 0.724771
vt 0.485769 0.258513
vt 0.487712 0.257080
vt 0.490216 0.255363
vt 0.316902 0.995161
vt 0.315714 0.994382
vt 0.316867 0.993713
vt 0.315661 0.995531
vt 0.793520 0.983594
vt 0.792856 0.982431
vt 0.794048 0.982867
vt 0.415168 0.994123
vt 0.415168 0.992901
vt 0.416493 0.993175
vt 0.416563 0.994819
vt 0.345471 0.994712
vt 0.345389 0.993324
vt 0.346659 0.994193
vt 0.315661 0.992901
vt 0.793851 0.981622
vt 0.795133 0.983491
vt 0.795311 0.982039
vt 0.992087 0.636158
vt 0.990499 0.636158
vt 0.991614 0.635150
vt 0.346661 0.995341
vt 0.793051 0.981046
vt 0.990165 0.634565
vt 0.346661 0.992902
vt 0.484721 0.994342
vt 0.484620 0.992901
vt 0.485895 0.993406
vt 0.485895 0.994613
vt 0.794582 0.981046
vt 0.991460 0.633843
vt 0.992448 0.634641
vt 0.853637 0.287537
vt 0.850408 0.287537
vt 0.851827 0.285021
vt 0.278800 0.971563
vt 0.275961 0.970172
vt 0.278800 0.968429
vt 0.854273 0.284687
vt 0.411714 0.971582
vt 0.411714 0.969020
vt 0.414227 0.970765
vt 0.275856 0.966756
vt 0.969321 0.291620
vt 0.966818 0.292544
vt 0.966818 0.289698
vt 0.849891 0.284354
vt 0.852510 0.283091
vt 0.413874 0.967533
vt 0.659427 0.146242
vt 0.656001 0.146242
vt 0.657793 0.144131
vt 0.969586 0.288336
vt 0.082862 0.971224
vt 0.080339 0.970892
vt 0.082794 0.969291
vt 0.411830 0.966756
vt 0.655637 0.143013
vt 0.660327 0.143259
vt 0.078840 0.968943
vt 0.080451 0.967863
vt 0.082862 0.966756
vt 0.658017 0.141480
vt 0.235971 0.994743
vt 0.237199 0.993975
vt 0.237383 0.995427
vt 0.235865 0.993110
vt 0.356581 0.994437
vt 0.355236 0.995246
vt 0.355236 0.993654
vt 0.356573 0.992902
vt 0.454910 0.994603
vt 0.454910 0.993339
vt 0.456218 0.994448
vt 0.237383 0.992901
vt 0.991616 0.431577
vt 0.990368 0.432088
vt 0.990165 0.430863
vt 0.992513 0.430648
vt 0.991435 0.429972
vt 0.992108 0.625268
vt 0.990505 0.625268
vt 0.991513 0.624281
vt 0.456341 0.992901
vt 0.990165 0.646447
vt 0.990880 0.645773
vt 0.991434 0.647085
vt 0.990165 0.623752
vt 0.992416 0.623769
vt 0.990165 0.644788
vt 0.991670 0.644733
vt 0.992366 0.645926
vt 0.990165 0.429618
vt 0.991422 0.622880
vt 0.483569 0.794517
vt 0.499071 0.779494
vt 0.499071 0.796640
vt 0.429155 0.910254
vt 0.430395 0.930917
vt 0.429155 0.930917
vt 0.790816 0.556137
vt 0.804244 0.539026
vt 0.804244 0.556380
vt 0.360868 0.912593
vt 0.362107 0.933253
vt 0.360868 0.933252
vt 0.660539 0.728824
vt 0.661523 0.711468
vt 0.661523 0.728825
vt 0.956540 0.865374
vt 0.955594 0.882715
vt 0.955594 0.865360
vt 0.638299 0.791528
vt 0.639850 0.769695
vt 0.639850 0.791740
vt 0.966818 0.373328
vt 0.968884 0.368369
vt 0.968884 0.373328
vt 0.733099 0.931860
vt 0.734441 0.909571
vt 0.734441 0.931884
vt 0.968884 0.530768
vt 0.966818 0.535726
vt 0.966818 0.530770
vt 0.681566 0.895570
vt 0.685505 0.873256
vt 0.685505 0.895571
vt 0.605251 0.874732
vt 0.601466 0.896991
vt 0.601466 0.874678
vt 0.893574 0.074336
vt 0.895310 0.043956
vt 0.895310 0.074574
vt 0.990165 0.062785
vt 0.992480 0.060181
vt 0.992480 0.062785
vt 0.321574 0.887383
vt 0.323078 0.856420
vt 0.323078 0.887410
vt 0.992479 0.328470
vt 0.990165 0.331073
vt 0.990165 0.328472
vt 0.888318 0.186886
vt 0.890386 0.155892
vt 0.890386 0.186887
vt 0.893876 0.228781
vt 0.891888 0.259742
vt 0.891888 0.228752
vt 0.893022 0.464905
vt 0.894758 0.434525
vt 0.894758 0.465142
vt 0.990165 0.073963
vt 0.992480 0.071360
vt 0.992480 0.073963
vt 0.889680 0.898045
vt 0.891184 0.867082
vt 0.891184 0.898072
vt 0.992479 0.239040
vt 0.990165 0.241644
vt 0.990165 0.239042
vt 0.889680 0.858478
vt 0.891748 0.827485
vt 0.891748 0.858479
vt 0.892080 0.386236
vt 0.890093 0.417197
vt 0.890093 0.386207
vt 0.014850 0.894557
vt 0.016586 0.864177
vt 0.016586 0.894795
vt 0.990165 0.085142
vt 0.992480 0.082539
vt 0.992480 0.085142
vt 0.733099 0.900945
vt 0.734603 0.869981
vt 0.734603 0.900972
vt 0.992479 0.116075
vt 0.990165 0.118678
vt 0.990165 0.116076
vt 0.887200 0.661842
vt 0.889267 0.630849
vt 0.889267 0.661843
vt 0.892078 0.570644
vt 0.890091 0.601606
vt 0.890091 0.570616
vt 0.878791 0.896982
vt 0.880527 0.866602
vt 0.880527 0.897220
vt 0.990165 0.096321
vt 0.992480 0.093717
vt 0.992480 0.096321
vt 0.897843 0.661839
vt 0.899347 0.630875
vt 0.899347 0.661866
vt 0.992479 0.339649
vt 0.990165 0.342252
vt 0.990165 0.339650
vt 0.887561 0.376100
vt 0.889629 0.345107
vt 0.889629 0.376101
vt 0.892951 0.478579
vt 0.890963 0.509540
vt 0.890963 0.478550
vt 0.681361 0.377019
vt 0.684151 0.363521
vt 0.684151 0.377401
vt 0.445156 0.966756
vt 0.448462 0.970475
vt 0.445156 0.970475
vt 0.946012 0.841533
vt 0.948429 0.827528
vt 0.948429 0.841577
vt 0.966818 0.065768
vt 0.970122 0.069489
vt 0.966818 0.069487
vt 0.934811 0.841535
vt 0.937436 0.827485
vt 0.937436 0.841536
vt 0.947149 0.501246
vt 0.944626 0.515259
vt 0.944626 0.501210
vt 0.742210 0.468584
vt 0.745000 0.455086
vt 0.745000 0.468967
vt 0.516443 0.966756
vt 0.519749 0.970475
vt 0.516443 0.970475
vt 0.602638 0.950560
vt 0.605055 0.936554
vt 0.605055 0.950604
vt 0.884751 0.966756
vt 0.888055 0.970477
vt 0.884751 0.970475
vt 0.938872 0.210158
vt 0.941498 0.196108
vt 0.941498 0.210159
vt 0.303573 0.927723
vt 0.301049 0.941736
vt 0.301049 0.927687
vt 0.743804 0.560928
vt 0.746594 0.547430
vt 0.746594 0.561310
vt 0.457037 0.966756
vt 0.460343 0.970475
vt 0.457037 0.970475
vt 0.946344 0.400256
vt 0.948761 0.386251
vt 0.948761 0.400300
vt 0.966818 0.078064
vt 0.970122 0.081785
vt 0.966818 0.081783
vt 0.936884 0.040965
vt 0.939510 0.026915
vt 0.939510 0.040966
vt 0.917588 0.100464
vt 0.915065 0.114476
vt 0.915065 0.100428
vt 0.692726 0.377019
vt 0.695517 0.363521
vt 0.695517 0.377401
vt 0.528324 0.966756
vt 0.531630 0.970475
vt 0.528324 0.970475
vt 0.946344 0.422924
vt 0.948761 0.408919
vt 0.948761 0.422968
vt 0.825354 0.966756
vt 0.828658 0.970477
vt 0.825354 0.970475
vt 0.505893 0.147292
vt 0.508518 0.133242
vt 0.508518 0.147293
vt 0.006811 0.929251
vt 0.004288 0.943263
vt 0.004288 0.929214
vt 0.704502 0.480872
vt 0.707292 0.467374
vt 0.707292 0.481255
vt 0.552087 0.966756
vt 0.555393 0.970475
vt 0.552087 0.970475
vt 0.946433 0.448336
vt 0.948850 0.434330
vt 0.948850 0.448380
vt 0.837234 0.966756
vt 0.840538 0.970477
vt 0.837234 0.970475
vt 0.439692 0.936056
vt 0.442317 0.922006
vt 0.442317 0.936057
vt 0.947555 0.123282
vt 0.945031 0.137295
vt 0.945031 0.123246
vt 0.406408 0.626346
vt 0.409198 0.612848
vt 0.409198 0.626728
vt 0.563968 0.966756
vt 0.567274 0.970475
vt 0.563968 0.970475
vt 0.878440 0.950723
vt 0.880857 0.936718
vt 0.880857 0.950767
vt 0.966818 0.176433
vt 0.970122 0.180154
vt 0.966818 0.180151
vt 0.938664 0.333704
vt 0.941290 0.319654
vt 0.941290 0.333705
vt 0.640848 0.929859
vt 0.638324 0.943872
vt 0.638324 0.929823
vt 0.520616 0.146877
vt 0.523407 0.133379
vt 0.523407 0.147259
vt 0.575849 0.966756
vt 0.579155 0.970475
vt 0.575849 0.970475
vt 0.948085 0.041005
vt 0.950502 0.026999
vt 0.950502 0.041048
vt 0.849113 0.966756
vt 0.852417 0.970477
vt 0.849113 0.970475
vt 0.934247 0.911159
vt 0.936873 0.897109
vt 0.936873 0.911160
vt 0.028378 0.930041
vt 0.025854 0.944054
vt 0.025854 0.930005
vt 0.669995 0.377019
vt 0.672786 0.363521
vt 0.672786 0.377401
vt 0.587730 0.966756
vt 0.591036 0.970475
vt 0.587730 0.970475
vt 0.948085 0.063673
vt 0.950502 0.049667
vt 0.950502 0.063716
vt 0.966818 0.127248
vt 0.970122 0.130969
vt 0.966818 0.130967
vt 0.936884 0.063592
vt 0.939509 0.049542
vt 0.939509 0.063593
vt 0.944437 0.155928
vt 0.941914 0.169941
vt 0.941914 0.155892
vt 0.468064 0.146883
vt 0.470855 0.133385
vt 0.470855 0.147265
vt 0.599611 0.966756
vt 0.602917 0.970475
vt 0.599611 0.970475
vt 0.277826 0.949971
vt 0.280243 0.935966
vt 0.280243 0.950015
vt 0.966818 0.139544
vt 0.970122 0.143265
vt 0.966818 0.143263
vt 0.910071 0.937459
vt 0.912697 0.923410
vt 0.912697 0.937460
vt 0.948474 0.686969
vt 0.945951 0.700982
vt 0.945951 0.686933
vt 0.830952 0.216453
vt 0.833742 0.202955
vt 0.833742 0.216835
vt 0.480799 0.966756
vt 0.484105 0.970475
vt 0.480799 0.970475
vt 0.289192 0.949971
vt 0.291609 0.935966
vt 0.291609 0.950015
vt 0.966818 0.151841
vt 0.970122 0.155561
vt 0.966818 0.155559
vt 0.934247 0.933785
vt 0.936873 0.919736
vt 0.936873 0.933786
vt 0.947666 0.570652
vt 0.945142 0.584664
vt 0.945142 0.570616
vt 0.531982 0.146877
vt 0.534772 0.133379
vt 0.534772 0.147259
vt 0.492680 0.966756
vt 0.495986 0.970475
vt 0.492680 0.970475
vt 0.945950 0.768962
vt 0.948368 0.754957
vt 0.948368 0.769006
vt 0.966818 0.188729
vt 0.970122 0.192450
vt 0.966818 0.192447
vt 0.936884 0.086219
vt 0.939509 0.072169
vt 0.939509 0.086220
vt 0.948474 0.709629
vt 0.945951 0.723642
vt 0.945951 0.709593
vt 0.843571 0.217851
vt 0.846362 0.204354
vt 0.846362 0.218234
vt 0.504562 0.966756
vt 0.507868 0.970475
vt 0.504562 0.970475
vt 0.683088 0.949087
vt 0.685505 0.935081
vt 0.685505 0.949130
vt 0.966818 0.201025
vt 0.970122 0.204746
vt 0.966818 0.204743
vt 0.934350 0.242803
vt 0.936976 0.228753
vt 0.936976 0.242804
vt 0.944095 0.345142
vt 0.941571 0.359155
vt 0.941571 0.345106
vt 0.753575 0.468584
vt 0.756365 0.455087
vt 0.756365 0.468967
vt 0.468918 0.966756
vt 0.472224 0.970475
vt 0.468918 0.970475
vt 0.946011 0.797142
vt 0.948428 0.783136
vt 0.948428 0.797185
vt 0.966818 0.090360
vt 0.970122 0.094081
vt 0.966818 0.094079
vt 0.934750 0.700984
vt 0.937375 0.686934
vt 0.937375 0.700985
vt 0.944542 0.663530
vt 0.942019 0.677542
vt 0.942019 0.663494
vt 0.755170 0.560928
vt 0.757960 0.547430
vt 0.757960 0.561310
vt 0.540205 0.966756
vt 0.543511 0.970475
vt 0.540205 0.970475
vt 0.074650 0.949779
vt 0.077067 0.935774
vt 0.077067 0.949823
vt 0.966818 0.102656
vt 0.970122 0.106377
vt 0.966818 0.106375
vt 0.934750 0.723611
vt 0.937375 0.709561
vt 0.937375 0.723612
vt 0.925672 0.928035
vt 0.923148 0.942048
vt 0.923148 0.927999
vt 0.403513 0.707132
vt 0.406303 0.693634
vt 0.406303 0.707514
vt 0.611493 0.966756
vt 0.614799 0.970475
vt 0.611493 0.970475
vt 0.563388 0.953199
vt 0.565805 0.939193
vt 0.565805 0.953242
vt 0.966818 0.250209
vt 0.970122 0.253930
vt 0.966818 0.253928
vt 0.937451 0.540681
vt 0.940077 0.526631
vt 0.940077 0.540682
vt 0.453790 0.931086
vt 0.451266 0.945098
vt 0.451266 0.931049
vt 0.479430 0.146883
vt 0.482220 0.133385
vt 0.482220 0.147265
vt 0.623374 0.966756
vt 0.626680 0.970475
vt 0.623374 0.970475
vt 0.704501 0.949843
vt 0.706919 0.935838
vt 0.706919 0.949887
vt 0.966818 0.114952
vt 0.970122 0.118673
vt 0.966818 0.118671
vt 0.937608 0.113610
vt 0.940234 0.099560
vt 0.940234 0.113611
vt 0.651946 0.929859
vt 0.649423 0.943872
vt 0.649423 0.929823
vt 0.805499 0.631623
vt 0.811161 0.669965
vt 0.805499 0.670740
vt 0.323561 0.461442
vt 0.375218 0.370526
vt 0.375218 0.461442
vt 0.130686 0.790684
vt 0.136470 0.824157
vt 0.130686 0.824261
vt 0.490479 0.004288
vt 0.438832 0.095183
vt 0.438832 0.004323
vt 0.710287 0.458415
vt 0.704502 0.386209
vt 0.710287 0.386207
vt 0.102575 0.634909
vt 0.108360 0.704231
vt 0.102575 0.704314
vt 0.718861 0.775523
vt 0.724523 0.813865
vt 0.718861 0.814640
vt 0.185514 0.428618
vt 0.237171 0.337702
vt 0.237171 0.428618
vt 0.145045 0.790684
vt 0.150829 0.824157
vt 0.145045 0.824261
vt 0.497225 0.271049
vt 0.445578 0.361945
vt 0.445578 0.271085
vt 0.710184 0.331723
vt 0.704399 0.259517
vt 0.710184 0.259515
vt 0.414901 0.638996
vt 0.420685 0.708319
vt 0.414901 0.708401
vt 0.275674 0.137373
vt 0.314430 0.009595
vt 0.314430 0.142680
vt 0.593623 0.324024
vt 0.599408 0.375681
vt 0.593623 0.375681
vt 0.276231 0.453231
vt 0.309802 0.319133
vt 0.309802 0.453838
vt 0.156605 0.671869
vt 0.162387 0.723520
vt 0.156605 0.723516
vt 0.578180 0.139009
vt 0.582775 0.004289
vt 0.582775 0.139011
vt 0.608937 0.004351
vt 0.604521 0.138990
vt 0.604521 0.004288
vt 0.276231 0.304644
vt 0.314986 0.176865
vt 0.314986 0.309951
vt 0.715866 0.095660
vt 0.721652 0.147317
vt 0.715866 0.147317
vt 0.142248 0.431704
vt 0.175820 0.297605
vt 0.175820 0.432311
vt 0.142248 0.671869
vt 0.148030 0.723520
vt 0.142248 0.723516
vt 0.591350 0.139009
vt 0.595946 0.004289
vt 0.595946 0.139011
vt 0.077190 0.464105
vt 0.072773 0.598745
vt 0.072773 0.464042
vt 0.978697 0.451062
vt 0.980868 0.448502
vt 0.980868 0.451360
vt 0.462734 0.655012
vt 0.465627 0.559964
vt 0.465627 0.655012
vt 0.990165 0.466559
vt 0.992045 0.463700
vt 0.992045 0.466593
vt 0.684459 0.489831
vt 0.681566 0.584823
vt 0.681566 0.489833
vt 0.733635 0.730172
vt 0.730742 0.654683
vt 0.733635 0.654682
vt 0.128402 0.663854
vt 0.131294 0.736372
vt 0.128402 0.736413
vt 0.978698 0.544903
vt 0.980868 0.542342
vt 0.980868 0.545200
vt 0.681566 0.481255
vt 0.684459 0.386207
vt 0.684459 0.481255
vt 0.990165 0.547070
vt 0.992046 0.544212
vt 0.992046 0.547104
vt 0.707291 0.155892
vt 0.704399 0.250884
vt 0.704399 0.155894
vt 0.735229 0.554041
vt 0.732336 0.478552
vt 0.735229 0.478550
vt 0.495037 0.666990
vt 0.497929 0.739509
vt 0.495037 0.739550
vt 0.835483 0.478938
vt 0.838314 0.517667
vt 0.835483 0.518055
vt 0.776612 0.686933
vt 0.779505 0.738590
vt 0.776612 0.738590
vt 0.116327 0.832889
vt 0.119219 0.866414
vt 0.116327 0.866466
vt 0.811016 0.747166
vt 0.813907 0.798815
vt 0.811016 0.798813
vt 0.102142 0.983939
vt 0.104440 0.981047
vt 0.104440 0.983940
vt 0.331515 0.981078
vt 0.329307 0.983938
vt 0.329307 0.981046
vt 0.835830 0.229140
vt 0.838661 0.267869
vt 0.835830 0.268257
vt 0.801489 0.228752
vt 0.804382 0.280409
vt 0.801489 0.280409
vt 0.483569 0.830560
vt 0.486461 0.864085
vt 0.483569 0.864137
vt 0.805204 0.297026
vt 0.808095 0.348675
vt 0.805204 0.348673
vt 0.145633 0.983939
vt 0.147931 0.981047
vt 0.147931 0.983940
vt 0.708931 0.981077
vt 0.706723 0.983938
vt 0.706723 0.981046
vt 0.822482 0.807777
vt 0.825313 0.846507
vt 0.822482 0.846894
vt 0.765144 0.686933
vt 0.768037 0.738590
vt 0.765144 0.738590
vt 0.495036 0.830560
vt 0.497928 0.864085
vt 0.495036 0.864137
vt 0.808019 0.155892
vt 0.810910 0.207541
vt 0.808019 0.207539
vt 0.978697 0.935139
vt 0.980995 0.932247
vt 0.980995 0.935140
vt 0.752064 0.981077
vt 0.749856 0.983938
vt 0.749856 0.981046
vt 0.833948 0.783480
vt 0.836780 0.822209
vt 0.833948 0.822597
vt 0.777025 0.386207
vt 0.779918 0.437864
vt 0.777025 0.437864
vt 0.856761 0.830722
vt 0.859653 0.864247
vt 0.856761 0.864299
vt 0.670098 0.765509
vt 0.672989 0.817158
vt 0.670098 0.817156
vt 0.156506 0.983939
vt 0.158803 0.981047
vt 0.158803 0.983940
vt 0.568748 0.981078
vt 0.566540 0.983938
vt 0.566540 0.981046
vt 0.483569 0.940492
vt 0.484783 0.955972
vt 0.483569 0.956139
vt 0.615367 0.740245
vt 0.632724 0.760908
vt 0.615367 0.760908
vt 0.370682 0.941851
vt 0.371922 0.955259
vt 0.370682 0.955282
vt 0.331841 0.747101
vt 0.349187 0.767772
vt 0.331841 0.767760
vt 0.064256 0.954825
vt 0.063016 0.941040
vt 0.064256 0.941040
vt 0.956241 0.570633
vt 0.957480 0.583866
vt 0.956241 0.583883
vt 0.966818 0.703158
vt 0.968368 0.698472
vt 0.968368 0.703371
vt 0.924108 0.771031
vt 0.926174 0.748715
vt 0.926174 0.771031
vt 0.966818 0.918832
vt 0.968161 0.913898
vt 0.968161 0.918857
vt 0.118393 0.905983
vt 0.116327 0.928286
vt 0.116327 0.905984
vt 0.915926 0.403931
vt 0.910967 0.386209
vt 0.915926 0.386207
vt 0.910965 0.602434
vt 0.915923 0.619399
vt 0.910965 0.619470
vt 0.392047 0.940132
vt 0.393260 0.955613
vt 0.392047 0.955779
vt 0.196297 0.740552
vt 0.213654 0.761214
vt 0.196297 0.761214
vt 0.380761 0.941851
vt 0.382000 0.955259
vt 0.380761 0.955282
vt 0.750683 0.224380
vt 0.768029 0.245050
vt 0.750683 0.245039
vt 0.267609 0.954512
vt 0.266369 0.940728
vt 0.267609 0.940727
vt 0.956547 0.897126
vt 0.957786 0.910358
vt 0.956547 0.910376
vt 0.966818 0.757904
vt 0.968368 0.753217
vt 0.968368 0.758116
vt 0.922783 0.500866
vt 0.924850 0.478550
vt 0.924850 0.500866
vt 0.978698 0.022804
vt 0.980040 0.017870
vt 0.980040 0.022828
vt 0.130753 0.905983
vt 0.128687 0.928286
vt 0.128687 0.905984
vt 0.915533 0.704657
vt 0.910574 0.686935
vt 0.915533 0.686933
vt 0.301049 0.902076
vt 0.306007 0.919041
vt 0.301049 0.919112
vt 0.331841 0.940268
vt 0.333055 0.955749
vt 0.331841 0.955915
vt 0.553470 0.741544
vt 0.570827 0.762207
vt 0.553470 0.762207
vt 0.245746 0.942004
vt 0.246985 0.955413
vt 0.245746 0.955435
vt 0.512501 0.747974
vt 0.529847 0.768645
vt 0.512501 0.768633
vt 0.901893 0.620974
vt 0.900654 0.607189
vt 0.901893 0.607189
vt 0.957004 0.783110
vt 0.958243 0.796343
vt 0.957004 0.796360
vt 0.966818 0.689472
vt 0.968369 0.684785
vt 0.968369 0.689684
vt 0.923189 0.145562
vt 0.925255 0.123246
vt 0.925255 0.145562
vt 0.978697 0.117710
vt 0.980040 0.112776
vt 0.980040 0.117734
vt 0.928308 0.068680
vt 0.926243 0.090984
vt 0.926243 0.068682
vt 0.915533 0.730958
vt 0.910574 0.713236
vt 0.915533 0.713234
vt 0.589105 0.905691
vt 0.594063 0.922656
vt 0.589105 0.922727
vt 0.990165 0.691195
vt 0.991902 0.688861
vt 0.991902 0.691433
vt 0.266369 0.866213
vt 0.268683 0.835908
vt 0.268683 0.866213
vt 0.034223 0.995504
vt 0.035727 0.992929
vt 0.035727 0.995532
vt 0.881125 0.725797
vt 0.878811 0.756085
vt 0.878811 0.725798
vt 0.906489 0.093648
vt 0.903886 0.069579
vt 0.906489 0.069578
vt 0.916845 0.297064
vt 0.919448 0.320161
vt 0.916845 0.320198
vt 0.990165 0.759504
vt 0.991902 0.757170
vt 0.991902 0.759742
vt 0.182539 0.867564
vt 0.184853 0.837259
vt 0.184853 0.867564
vt 0.044302 0.995505
vt 0.045806 0.992929
vt 0.045806 0.995532
vt 0.881185 0.783093
vt 0.878871 0.813381
vt 0.878871 0.783094
vt 0.248350 0.904171
vt 0.245746 0.880103
vt 0.248350 0.880102
vt 0.912011 0.123284
vt 0.914614 0.146381
vt 0.912011 0.146418
vt 0.990165 0.702580
vt 0.991902 0.700246
vt 0.991902 0.702818
vt 0.826109 0.143270
vt 0.828424 0.112964
vt 0.828424 0.143270
vt 0.054382 0.995505
vt 0.055886 0.992929
vt 0.055886 0.995532
vt 0.881518 0.386207
vt 0.879204 0.416495
vt 0.879204 0.386209
vt 0.906489 0.028357
vt 0.903886 0.004289
vt 0.906489 0.004288
vt 0.920579 0.345143
vt 0.923182 0.368241
vt 0.920579 0.368278
vt 0.978697 0.427602
vt 0.980868 0.425042
vt 0.980868 0.427899
vt 0.142248 0.663294
vt 0.145141 0.568246
vt 0.145141 0.663294
vt 0.990165 0.478060
vt 0.992045 0.475202
vt 0.992045 0.478094
vt 0.684459 0.593398
vt 0.681566 0.688390
vt 0.681566 0.593400
vt 0.725794 0.079778
vt 0.722901 0.004289
vt 0.725794 0.004288
vt 0.245746 0.671189
vt 0.248638 0.743707
vt 0.245746 0.743749
vt 0.978698 0.521443
vt 0.980868 0.518882
vt 0.980868 0.521740
vt 0.681463 0.354563
vt 0.684356 0.259515
vt 0.684356 0.354563
vt 0.990165 0.489562
vt 0.992045 0.486703
vt 0.992045 0.489596
vt 0.075666 0.607383
vt 0.072773 0.702375
vt 0.072773 0.607385
vt 0.733635 0.646106
vt 0.730742 0.570617
vt 0.733635 0.570616
vt 0.739215 0.155933
vt 0.742108 0.228451
vt 0.739215 0.228493
vt 0.837516 0.004675
vt 0.840347 0.043404
vt 0.837516 0.043792
vt 0.803175 0.004288
vt 0.806068 0.055945
vt 0.803175 0.055945
vt 0.127794 0.832889
vt 0.130686 0.866414
vt 0.127794 0.866466
vt 0.811429 0.386207
vt 0.814320 0.437856
vt 0.811429 0.437854
vt 0.178251 0.983939
vt 0.180549 0.981047
vt 0.180549 0.983940
vt 0.579531 0.981077
vt 0.577323 0.983938
vt 0.577323 0.981046
vt 0.765144 0.807785
vt 0.767975 0.846515
vt 0.765144 0.846902
vt 0.766738 0.478550
vt 0.769631 0.530207
vt 0.766738 0.530207
vt 0.139261 0.832889
vt 0.142153 0.866414
vt 0.139261 0.866466
vt 0.392047 0.761739
vt 0.394938 0.813389
vt 0.392047 0.813387
vt 0.167379 0.983939
vt 0.169676 0.981047
vt 0.169676 0.983940
vt 0.762847 0.981077
vt 0.760639 0.983938
vt 0.760639 0.981046
vt 0.776612 0.807785
vt 0.779443 0.846514
vt 0.776612 0.846902
vt 0.777023 0.570616
vt 0.779916 0.622273
vt 0.777023 0.622273
vt 0.553470 0.831058
vt 0.556362 0.864583
vt 0.553470 0.864636
vt 0.811016 0.686933
vt 0.813907 0.738582
vt 0.811016 0.738580
vt 0.978697 0.946608
vt 0.980995 0.943716
vt 0.980995 0.946609
vt 0.342298 0.981078
vt 0.340090 0.983938
vt 0.340090 0.981046
vt 0.788080 0.807785
vt 0.790911 0.846514
vt 0.788080 0.846902
vt 0.768771 0.004288
vt 0.771664 0.055945
vt 0.768771 0.055945
vt 0.277826 0.834232
vt 0.280718 0.867757
vt 0.277826 0.867809
vt 0.814643 0.004288
vt 0.817534 0.055937
vt 0.814643 0.055935
vt 0.113015 0.983939
vt 0.115312 0.981047
vt 0.115312 0.983940
vt 0.353082 0.981078
vt 0.350874 0.983938
vt 0.350874 0.981046
vt 0.342404 0.940268
vt 0.343617 0.955749
vt 0.342404 0.955915
vt 0.589105 0.743011
vt 0.606462 0.763674
vt 0.589105 0.763674
vt 0.934247 0.942384
vt 0.935486 0.955792
vt 0.934247 0.955815
vt 0.483569 0.748125
vt 0.500915 0.768796
vt 0.483569 0.768784
vt 0.100633 0.954437
vt 0.099393 0.940652
vt 0.100633 0.940652
vt 0.956547 0.918969
vt 0.957786 0.932201
vt 0.956547 0.932219
vt 0.966818 0.771590
vt 0.968368 0.766903
vt 0.968368 0.771802
vt 0.923605 0.919423
vt 0.925672 0.897108
vt 0.925672 0.919423
vt 0.966818 0.932390
vt 0.968161 0.927456
vt 0.968161 0.932415
vt 0.928876 0.526630
vt 0.926810 0.548934
vt 0.926810 0.526632
vt 0.888239 0.288296
vt 0.883280 0.270574
vt 0.888239 0.270572
vt 0.004288 0.903604
vt 0.009245 0.920568
vt 0.004288 0.920639
vt 0.753617 0.940332
vt 0.754831 0.955812
vt 0.753617 0.955978
vt 0.360868 0.744226
vt 0.378224 0.764889
vt 0.360868 0.764889
vt 0.945448 0.942450
vt 0.946687 0.955859
vt 0.945448 0.955881
vt 0.277826 0.744709
vt 0.295172 0.765380
vt 0.277826 0.765368
vt 0.494598 0.954111
vt 0.493358 0.940326
vt 0.494598 0.940326
vt 0.956650 0.228770
vt 0.957889 0.242002
vt 0.956650 0.242020
vt 0.966818 0.826335
vt 0.968368 0.821649
vt 0.968368 0.826547
vt 0.924169 0.805408
vt 0.926235 0.783093
vt 0.926235 0.805408
vt 0.966818 0.905274
vt 0.968161 0.900340
vt 0.968161 0.905299
vt 0.891746 0.906647
vt 0.889680 0.928951
vt 0.889680 0.906649
vt 0.770103 0.912065
vt 0.765144 0.894343
vt 0.770103 0.894341
vt 0.638324 0.904212
vt 0.643282 0.921177
vt 0.638324 0.921248
vt 0.990165 0.713965
vt 0.991902 0.711631
vt 0.991902 0.714203
vt 0.865782 0.375411
vt 0.868096 0.345106
vt 0.868096 0.375411
vt 0.104778 0.995505
vt 0.106282 0.992929
vt 0.106282 0.995532
vt 0.881125 0.686933
vt 0.878811 0.717222
vt 0.878811 0.686935
vt 0.907057 0.550699
vt 0.904453 0.526631
vt 0.907057 0.526630
vt 0.920922 0.155929
vt 0.923524 0.179027
vt 0.920922 0.179064
vt 0.990165 0.725350
vt 0.991902 0.723015
vt 0.991902 0.725587
vt 0.051837 0.870584
vt 0.054151 0.840279
vt 0.054151 0.870584
vt 0.064461 0.995505
vt 0.065965 0.992929
vt 0.065965 0.995532
vt 0.881516 0.570616
vt 0.879202 0.600904
vt 0.879202 0.570617
vt 0.224833 0.903250
vt 0.222229 0.879181
vt 0.224833 0.879180
vt 0.921952 0.865398
vt 0.924555 0.888496
vt 0.921952 0.888533
vt 0.990165 0.736735
vt 0.991902 0.734400
vt 0.991902 0.736972
vt 0.063244 0.870584
vt 0.065558 0.840279
vt 0.065558 0.870584
vt 0.074540 0.995505
vt 0.076044 0.992929
vt 0.076044 0.995532
vt 0.442005 0.851394
vt 0.439692 0.881683
vt 0.439692 0.851396
vt 0.077253 0.904317
vt 0.074650 0.880248
vt 0.077253 0.880247
vt 0.917053 0.196144
vt 0.919655 0.219242
vt 0.917053 0.219279
vt 0.051837 0.637799
vt 0.054007 0.495213
vt 0.054007 0.638096
vt 0.978697 0.137777
vt 0.981590 0.140670
vt 0.978697 0.140670
vt 0.512501 0.658189
vt 0.514381 0.513601
vt 0.514381 0.658223
vt 0.981590 0.298334
vt 0.978697 0.301227
vt 0.978697 0.298336
vt 0.418387 0.630338
vt 0.420685 0.485699
vt 0.420685 0.630339
vt 0.431468 0.485730
vt 0.429260 0.630317
vt 0.429260 0.485698
vt 0.638114 0.529090
vt 0.640285 0.386504
vt 0.640285 0.529387
vt 0.978697 0.240990
vt 0.981590 0.243882
vt 0.978697 0.243882
vt 0.522957 0.658189
vt 0.524837 0.513601
vt 0.524837 0.658223
vt 0.978697 0.378616
vt 0.981588 0.381510
vt 0.978697 0.381508
vt 0.615976 0.300532
vt 0.618273 0.155893
vt 0.618273 0.300532
vt 0.442252 0.485730
vt 0.440043 0.630317
vt 0.440043 0.485698
vt 0.848922 0.052755
vt 0.851753 0.091484
vt 0.848922 0.091872
vt 0.803175 0.064520
vt 0.806068 0.116177
vt 0.803175 0.116177
vt 0.564937 0.831058
vt 0.567829 0.864583
vt 0.564937 0.864636
vt 0.811427 0.570616
vt 0.814318 0.622265
vt 0.811427 0.622263
vt 0.978698 0.636950
vt 0.980995 0.634058
vt 0.980995 0.636951
vt 0.191332 0.981078
vt 0.189124 0.983938
vt 0.189124 0.981046
vt 0.854978 0.156279
vt 0.857809 0.195009
vt 0.854978 0.195396
vt 0.778206 0.478550
vt 0.781099 0.530207
vt 0.778206 0.530208
vt 0.730641 0.343634
vt 0.733533 0.377159
vt 0.730641 0.377211
vt 0.814643 0.064520
vt 0.817534 0.116169
vt 0.814643 0.116167
vt 0.069524 0.983939
vt 0.071821 0.981047
vt 0.071821 0.983940
vt 0.266815 0.981077
vt 0.264607 0.983938
vt 0.264607 0.981046
vt 0.834361 0.386595
vt 0.837192 0.425324
vt 0.834361 0.425712
vt 0.780239 0.004288
vt 0.783132 0.055945
vt 0.780239 0.055945
vt 0.405806 0.829543
vt 0.408698 0.863068
vt 0.405806 0.863120
vt 0.812610 0.478550
vt 0.815501 0.530200
vt 0.812610 0.530198
vt 0.978697 0.717232
vt 0.980995 0.714340
vt 0.980995 0.717232
vt 0.730497 0.981077
vt 0.728289 0.983938
vt 0.728289 0.981046
vt 0.837516 0.052755
vt 0.840347 0.091484
vt 0.837516 0.091872
vt 0.768771 0.064520
vt 0.771664 0.116177
vt 0.768771 0.116177
vt 0.615367 0.829760
vt 0.618259 0.863285
vt 0.615367 0.863337
vt 0.816670 0.297026
vt 0.819561 0.348675
vt 0.816670 0.348673
vt 0.978697 0.728700
vt 0.980995 0.725808
vt 0.980995 0.728701
vt 0.385432 0.981077
vt 0.383224 0.983938
vt 0.383224 0.981046
vt 0.799548 0.807785
vt 0.802379 0.846514
vt 0.799548 0.846902
vt 0.780239 0.064520
vt 0.783132 0.116177
vt 0.780239 0.116177
vt 0.626834 0.829760
vt 0.629726 0.863285
vt 0.626834 0.863337
vt 0.372334 0.773464
vt 0.375225 0.825113
vt 0.372334 0.825111
vt 0.978698 0.774576
vt 0.980995 0.771684
vt 0.980995 0.774576
vt 0.590314 0.981077
vt 0.588106 0.983938
vt 0.588106 0.981046
vt 0.847236 0.229140
vt 0.850067 0.267869
vt 0.847236 0.268257
vt 0.704501 0.721327
vt 0.707394 0.772984
vt 0.704501 0.772984
vt 0.576404 0.831058
vt 0.579296 0.864583
vt 0.576404 0.864636
vt 0.615367 0.769483
vt 0.618258 0.821132
vt 0.615367 0.821130
vt 0.978698 0.958077
vt 0.980995 0.955185
vt 0.980995 0.958078
vt 0.719714 0.981077
vt 0.717506 0.983938
vt 0.717506 0.981046
vt 0.331841 0.793494
vt 0.347343 0.778470
vt 0.347343 0.795616
vt 0.040215 0.911567
vt 0.041455 0.932230
vt 0.040215 0.932230
vt 0.620759 0.145983
vt 0.634188 0.128872
vt 0.634188 0.146226
vt 0.370947 0.912593
vt 0.372186 0.933253
vt 0.370947 0.933252
vt 0.660539 0.780689
vt 0.661523 0.763333
vt 0.661523 0.780689
vt 0.474410 0.931063
vt 0.473464 0.948404
vt 0.473464 0.931049
vt 0.207765 0.930941
vt 0.209315 0.909108
vt 0.209315 0.931153
vt 0.966818 0.386862
vt 0.968885 0.381903
vt 0.968885 0.386862
vt 0.743178 0.931860
vt 0.744521 0.909571
vt 0.744521 0.931884
vt 0.968884 0.517235
vt 0.966818 0.522193
vt 0.966818 0.517237
vt 0.888318 0.147315
vt 0.892257 0.125001
vt 0.892257 0.147317
vt 0.171965 0.875093
vt 0.168180 0.897352
vt 0.168180 0.875039
vt 0.074650 0.832792
vt 0.077074 0.785940
vt 0.077074 0.832055
vt 0.990165 0.384334
vt 0.991786 0.387655
vt 0.990165 0.386952
vt 0.866384 0.155892
vt 0.868853 0.196556
vt 0.866384 0.195579
vt 0.814859 0.981711
vt 0.816573 0.983661
vt 0.814859 0.984326
vt 0.187722 0.673332
vt 0.185408 0.717265
vt 0.185408 0.673326
vt 0.833455 0.630902
vt 0.831143 0.674209
vt 0.831143 0.630848
vt 0.417688 0.792617
vt 0.433190 0.777593
vt 0.433190 0.794739
vt 0.099393 0.911414
vt 0.100633 0.932076
vt 0.099393 0.932077
vt 0.638324 0.822226
vt 0.651753 0.805115
vt 0.651753 0.822469
vt 0.380761 0.912593
vt 0.382000 0.933253
vt 0.380761 0.933252
vt 0.382414 0.893250
vt 0.383399 0.875893
vt 0.383399 0.893250
vt 0.901496 0.903641
vt 0.900550 0.920982
vt 0.900550 0.903627
vt 0.331841 0.931315
vt 0.333391 0.909482
vt 0.333391 0.931527
vt 0.966818 0.400396
vt 0.968885 0.395437
vt 0.968885 0.400396
vt 0.856761 0.931889
vt 0.858104 0.909600
vt 0.858104 0.931913
vt 0.968884 0.449572
vt 0.966818 0.454530
vt 0.966818 0.449574
vt 0.638324 0.895565
vt 0.642263 0.873250
vt 0.642263 0.895566
vt 0.120112 0.875095
vt 0.116327 0.897354
vt 0.116327 0.875041
vt 0.512501 0.794366
vt 0.528003 0.779343
vt 0.528003 0.796489
vt 0.266369 0.911489
vt 0.267609 0.932152
vt 0.266369 0.932152
vt 0.331841 0.821546
vt 0.345270 0.804434
vt 0.345270 0.821789
vt 0.932100 0.155892
vt 0.933339 0.176551
vt 0.932100 0.176551
vt 0.660539 0.806621
vt 0.661523 0.789265
vt 0.661523 0.806622
vt 0.952242 0.599949
vt 0.951296 0.617290
vt 0.951296 0.599935
vt 0.626834 0.930634
vt 0.628384 0.908802
vt 0.628384 0.930847
vt 0.966818 0.413930
vt 0.968885 0.408971
vt 0.968885 0.413930
vt 0.553470 0.932225
vt 0.554813 0.909936
vt 0.554813 0.932249
vt 0.968884 0.463105
vt 0.966818 0.468062
vt 0.966818 0.463106
vt 0.880999 0.220176
vt 0.884938 0.197861
vt 0.884938 0.220177
vt 0.528800 0.873496
vt 0.525015 0.895754
vt 0.525015 0.873442
vt 0.900323 0.855244
vt 0.902060 0.827722
vt 0.902060 0.855482
vt 0.846927 0.983649
vt 0.849241 0.981046
vt 0.849241 0.983649
vt 0.845415 0.903662
vt 0.846919 0.875591
vt 0.846919 0.903689
vt 0.992479 0.250219
vt 0.990165 0.252823
vt 0.990165 0.250221
vt 0.405806 0.899797
vt 0.407874 0.871696
vt 0.407874 0.899798
vt 0.576582 0.873239
vt 0.574595 0.901308
vt 0.574595 0.873211
vt 0.900655 0.413967
vt 0.902392 0.386445
vt 0.902392 0.414205
vt 0.825148 0.983650
vt 0.827462 0.981046
vt 0.827462 0.983650
vt 0.902451 0.256851
vt 0.903955 0.228780
vt 0.903955 0.256878
vt 0.992479 0.127253
vt 0.990165 0.129857
vt 0.990165 0.127255
vt 0.196297 0.900320
vt 0.198365 0.872219
vt 0.198365 0.900321
vt 0.497024 0.872741
vt 0.495036 0.900810
vt 0.495036 0.872712
vt 0.694080 0.901014
vt 0.695817 0.873492
vt 0.695817 0.901252
vt 0.857816 0.983650
vt 0.860131 0.981046
vt 0.860131 0.983650
vt 0.372335 0.903991
vt 0.373839 0.875920
vt 0.373839 0.904018
vt 0.992479 0.138432
vt 0.990165 0.141036
vt 0.990165 0.138434
vt 0.626834 0.900014
vt 0.628902 0.871913
vt 0.628902 0.900014
vt 0.870216 0.871927
vt 0.868228 0.899996
vt 0.868228 0.871898
vt 0.900654 0.598376
vt 0.902390 0.570854
vt 0.902390 0.598614
vt 0.868706 0.983649
vt 0.871020 0.981046
vt 0.871020 0.983649
vt 0.289293 0.904483
vt 0.290797 0.876412
vt 0.290797 0.904510
vt 0.992479 0.149611
vt 0.990165 0.152214
vt 0.990165 0.149612
vt 0.207765 0.900320
vt 0.209832 0.872219
vt 0.209832 0.900321
vt 0.555457 0.873239
vt 0.553470 0.901308
vt 0.553470 0.873211
vt 0.900323 0.810853
vt 0.902059 0.783330
vt 0.902059 0.811091
vt 0.879595 0.983650
vt 0.881909 0.981046
vt 0.881909 0.983650
vt 0.360868 0.903991
vt 0.362372 0.875920
vt 0.362372 0.904018
vt 0.992479 0.160789
vt 0.990165 0.163393
vt 0.990165 0.160791
vt 0.742210 0.735712
vt 0.744278 0.707611
vt 0.744278 0.735713
vt 0.333828 0.872597
vt 0.331841 0.900666
vt 0.331841 0.872569
vt 0.637721 0.298775
vt 0.639891 0.156189
vt 0.639891 0.299072
vt 0.978697 0.160713
vt 0.981590 0.163606
vt 0.978697 0.163606
vt 0.648860 0.530830
vt 0.650740 0.386241
vt 0.650740 0.530864
vt 0.978697 0.263925
vt 0.981588 0.266820
vt 0.978697 0.266818
vt 0.627242 0.530847
vt 0.629539 0.386208
vt 0.629539 0.530848
vt 0.017279 0.494948
vt 0.015071 0.639535
vt 0.015071 0.494916
vt 0.648467 0.298775
vt 0.650637 0.156189
vt 0.650637 0.299072
vt 0.978697 0.252457
vt 0.981590 0.255350
vt 0.978697 0.255350
vt 0.533412 0.658189
vt 0.535292 0.513601
vt 0.535292 0.658223
vt 0.978697 0.390086
vt 0.981588 0.392980
vt 0.978697 0.392978
vt 0.626848 0.300532
vt 0.629146 0.155893
vt 0.629146 0.300532
vt 0.006496 0.494948
vt 0.004288 0.639535
vt 0.004288 0.494916
vt 0.856761 0.687321
vt 0.859592 0.726050
vt 0.856761 0.726438
vt 0.782268 0.297026
vt 0.785161 0.348683
vt 0.782268 0.348683
vt 0.638324 0.831097
vt 0.641216 0.864622
vt 0.638324 0.864674
vt 0.812957 0.228752
vt 0.815848 0.280402
vt 0.812957 0.280400
vt 0.080397 0.983939
vt 0.082694 0.981047
vt 0.082694 0.983940
vt 0.601098 0.981077
vt 0.598889 0.983938
vt 0.598889 0.981046
vt 0.834359 0.571003
vt 0.837191 0.609733
vt 0.834359 0.610120
vt 0.004288 0.755627
vt 0.007180 0.807284
vt 0.004288 0.807284
vt 0.233695 0.828933
vt 0.236587 0.862457
vt 0.233695 0.862510
vt 0.626833 0.769483
vt 0.629724 0.821132
vt 0.626833 0.821130
vt 0.978697 0.671356
vt 0.980995 0.668464
vt 0.980995 0.671357
vt 0.676581 0.981077
vt 0.674373 0.983938
vt 0.674373 0.981046
vt 0.538423 0.808594
vt 0.541254 0.847323
vt 0.538423 0.847711
vt 0.785083 0.155892
vt 0.787976 0.207549
vt 0.785083 0.207549
vt 0.331841 0.830417
vt 0.334733 0.863941
vt 0.331841 0.863994
vt 0.681566 0.765453
vt 0.684457 0.817102
vt 0.681566 0.817100
vt 0.978697 0.786045
vt 0.980995 0.783153
vt 0.980995 0.786045
vt 0.439348 0.981077
vt 0.437140 0.983938
vt 0.437140 0.981046
vt 0.310931 0.808701
vt 0.313762 0.847430
vt 0.310931 0.847817
vt 0.788080 0.686933
vt 0.790973 0.738590
vt 0.788080 0.738590
vt 0.343308 0.830417
vt 0.346200 0.863941
vt 0.343308 0.863994
vt 0.196297 0.769790
vt 0.199188 0.821439
vt 0.196297 0.821437
vt 0.978697 0.831920
vt 0.980995 0.829028
vt 0.980995 0.831921
vt 0.450131 0.981077
vt 0.447923 0.983938
vt 0.447923 0.981046
vt 0.848922 0.004675
vt 0.851753 0.043404
vt 0.848922 0.043792
vt 0.773615 0.155892
vt 0.776508 0.207549
vt 0.773615 0.207549
vt 0.649791 0.831097
vt 0.652683 0.864622
vt 0.649791 0.864674
vt 0.693033 0.765453
vt 0.695924 0.817102
vt 0.693033 0.817100
vt 0.978698 0.969546
vt 0.980995 0.966654
vt 0.980995 0.969546
vt 0.363865 0.981077
vt 0.361657 0.983938
vt 0.361657 0.981046
vt 0.856761 0.735401
vt 0.859592 0.774130
vt 0.856761 0.774517
vt 0.788493 0.386207
vt 0.791386 0.437864
vt 0.788493 0.437864
vt 0.289293 0.834232
vt 0.292185 0.867757
vt 0.289293 0.867809
vt 0.207764 0.769790
vt 0.210655 0.821439
vt 0.207764 0.821437
vt 0.004288 0.983939
vt 0.006585 0.981047
vt 0.006585 0.983940
vt 0.374648 0.981078
vt 0.372440 0.983938
vt 0.372440 0.981046
vt 0.780424 0.374405
vt 0.795926 0.359381
vt 0.795926 0.376527
vt 0.051837 0.911805
vt 0.053077 0.932467
vt 0.051837 0.932467
vt 0.512501 0.822419
vt 0.525930 0.805307
vt 0.525930 0.822662
vt 0.063016 0.911805
vt 0.064255 0.932464
vt 0.063016 0.932464
vt 0.660539 0.754757
vt 0.661523 0.737400
vt 0.661523 0.754757
vt 0.953616 0.345120
vt 0.952670 0.362460
vt 0.952670 0.345106
vt 0.868228 0.930644
vt 0.869779 0.908812
vt 0.869779 0.930856
vt 0.966818 0.319191
vt 0.968885 0.314232
vt 0.968885 0.319191
vt 0.694080 0.932141
vt 0.695423 0.909852
vt 0.695423 0.932165
vt 0.968884 0.476638
vt 0.966818 0.481595
vt 0.966818 0.476639
vt 0.025854 0.895747
vt 0.029793 0.873432
vt 0.029793 0.895748
vt 0.455052 0.874480
vt 0.451266 0.896738
vt 0.451266 0.874426
vt 0.908283 0.365518
vt 0.912004 0.345615
vt 0.912004 0.366027
vt 0.391502 0.140711
vt 0.396461 0.134926
vt 0.396461 0.140711
vt 0.922143 0.591276
vt 0.925366 0.570674
vt 0.925366 0.591334
vt 0.450547 0.255363
vt 0.445589 0.261148
vt 0.445589 0.255366
vt 0.870110 0.288296
vt 0.874705 0.267635
vt 0.874705 0.288297
vt 0.158455 0.875104
vt 0.154039 0.895701
vt 0.154039 0.875041
vt 0.969094 0.279147
vt 0.966818 0.277800
vt 0.969280 0.276572
vt 0.966901 0.279761
vt 0.042548 0.971004
vt 0.040657 0.970139
vt 0.041984 0.968208
vt 0.044526 0.969467
vt 0.044526 0.971612
vt 0.343858 0.971269
vt 0.344188 0.968896
vt 0.346904 0.970582
vt 0.966818 0.275178
vt 0.117321 0.968050
vt 0.117018 0.970942
vt 0.114653 0.969483
vt 0.044347 0.966756
vt 0.343858 0.966756
vt 0.346535 0.967138
vt 0.472475 0.372985
vt 0.474574 0.371423
vt 0.474522 0.374803
vt 0.114402 0.972180
vt 0.114402 0.966756
vt 0.400548 0.971471
vt 0.400511 0.969282
vt 0.403139 0.971256
vt 0.476963 0.373262
vt 0.476756 0.375811
vt 0.400718 0.966756
vt 0.403139 0.968342
vt 0.476963 0.370520
vt 0.005646 0.994466
vt 0.004288 0.993709
vt 0.005529 0.992901
vt 0.004288 0.995289
vt 0.287233 0.994563
vt 0.285851 0.995385
vt 0.285833 0.993810
vt 0.287233 0.992901
vt 0.005540 0.995712
vt 0.992490 0.408537
vt 0.991770 0.409952
vt 0.991365 0.408967
vt 0.245958 0.994313
vt 0.245958 0.992901
vt 0.247408 0.993303
vt 0.246098 0.995493
vt 0.247301 0.994795
vt 0.980784 0.401804
vt 0.981176 0.403313
vt 0.980006 0.402472
vt 0.406593 0.992901
vt 0.406378 0.994565
vt 0.405014 0.993425
vt 0.991518 0.407409
vt 0.979825 0.403812
vt 0.405014 0.994685
vt 0.990166 0.409952
vt 0.990165 0.408333
vt 0.978697 0.404439
vt 0.978697 0.403017
vt 0.979035 0.401555
vt 0.824423 0.285742
vt 0.826686 0.287001
vt 0.824549 0.287830
vt 0.826866 0.284144
vt 0.195446 0.970820
vt 0.195217 0.968075
vt 0.197678 0.969416
vt 0.197884 0.971980
vt 0.824423 0.283091
vt 0.828756 0.285441
vt 0.175094 0.968167
vt 0.174894 0.970922
vt 0.172455 0.969564
vt 0.197884 0.966756
vt 0.366861 0.969048
vt 0.366784 0.966756
vt 0.369349 0.967402
vt 0.366784 0.971721
vt 0.369260 0.970200
vt 0.172415 0.972023
vt 0.172415 0.966756
vt 0.355764 0.971630
vt 0.355480 0.969482
vt 0.358209 0.971049
vt 0.647062 0.146242
vt 0.644573 0.144685
vt 0.646993 0.143316
vt 0.647062 0.140973
vt 0.644492 0.142008
vt 0.355723 0.966756
vt 0.358209 0.968124
vt 0.642763 0.143657
vt 0.992435 0.397857
vt 0.991161 0.398833
vt 0.990952 0.397475
vt 0.396439 0.992901
vt 0.396439 0.994430
vt 0.395164 0.993633
vt 0.991894 0.396231
vt 0.771422 0.983848
vt 0.771422 0.982540
vt 0.772734 0.983505
vt 0.395066 0.995054
vt 0.991336 0.657960
vt 0.990165 0.658165
vt 0.990165 0.656981
vt 0.992205 0.657381
vt 0.991434 0.656545
vt 0.990165 0.396230
vt 0.772868 0.982108
vt 0.992257 0.938502
vt 0.991262 0.939538
vt 0.991162 0.938432
vt 0.990165 0.397809
vt 0.771798 0.981046
vt 0.773656 0.982814
vt 0.991772 0.937251
vt 0.990340 0.655660
vt 0.476045 0.994688
vt 0.474842 0.993788
vt 0.476045 0.992902
vt 0.773437 0.981305
vt 0.990165 0.938662
vt 0.990165 0.937214
vt 0.244440 0.970616
vt 0.241980 0.969280
vt 0.244332 0.967643
vt 0.241912 0.972105
vt 0.121396 0.747976
vt 0.119607 0.749704
vt 0.119959 0.746914
vt 0.966818 0.265124
vt 0.966818 0.262505
vt 0.969315 0.263348
vt 0.969725 0.266603
vt 0.378169 0.971462
vt 0.377924 0.968809
vt 0.380629 0.970541
vt 0.241912 0.966756
vt 0.117386 0.747878
vt 0.120563 0.744988
vt 0.117893 0.745184
vt 0.377967 0.966756
vt 0.380629 0.967721
vt 0.969294 0.305656
vt 0.966818 0.305061
vt 0.969268 0.303548
vt 0.116935 0.749704
vt 0.261494 0.736354
vt 0.259006 0.735037
vt 0.261494 0.733550
vt 0.966881 0.302262
vt 0.969294 0.301119
vt 0.257214 0.733806
vt 0.259076 0.732292
vt 0.261308 0.731380
vt 0.444974 0.994677
vt 0.445037 0.993008
vt 0.446334 0.993976
vt 0.325477 0.995304
vt 0.325477 0.994143
vt 0.326899 0.994805
vt 0.992405 0.894715
vt 0.991493 0.895821
vt 0.991429 0.894548
vt 0.325557 0.992901
vt 0.326709 0.993303
vt 0.385185 0.995161
vt 0.385185 0.993484
vt 0.386490 0.994254
vt 0.446334 0.992901
vt 0.990166 0.895375
vt 0.991458 0.893551
vt 0.990166 0.893676
vt 0.992279 0.926493
vt 0.992279 0.927957
vt 0.991438 0.927066
vt 0.783566 0.984020
vt 0.782231 0.983350
vt 0.783352 0.982728
vt 0.784281 0.982577
vt 0.783638 0.981265
vt 0.991036 0.928638
vt 0.386470 0.992901
vt 0.782298 0.982011
vt 0.782231 0.981046
vt 0.990165 0.927429
vt 0.990769 0.926330
vt 0.184023 0.970578
vt 0.186382 0.968945
vt 0.186642 0.971669
vt 0.183669 0.967561
vt 0.425310 0.970213
vt 0.422817 0.971468
vt 0.422802 0.968573
vt 0.425310 0.967640
vt 0.745837 0.143892
vt 0.747635 0.142444
vt 0.747575 0.145401
vt 0.186642 0.966756
vt 0.461686 0.374880
vt 0.459111 0.376320
vt 0.459325 0.373403
vt 0.463900 0.373324
vt 0.461779 0.371697
vt 0.422833 0.966756
vt 0.749930 0.143705
vt 0.287375 0.971745
vt 0.287479 0.969250
vt 0.289922 0.970042
vt 0.267281 0.971523
vt 0.264294 0.970276
vt 0.267068 0.968698
vt 0.749730 0.141282
vt 0.749930 0.146302
vt 0.290125 0.967198
vt 0.459111 0.370520
vt 0.264434 0.966819
vt 0.267281 0.966756
vt 0.287375 0.966756
vt 0.225752 0.995014
vt 0.227090 0.994020
vt 0.227290 0.995460
vt 0.225891 0.993511
vt 0.376550 0.994582
vt 0.375128 0.995072
vt 0.375128 0.993627
vt 0.376610 0.992901
vt 0.015629 0.995649
vt 0.014224 0.995095
vt 0.015567 0.994244
vt 0.227290 0.992901
vt 0.991157 0.375072
vt 0.990166 0.374276
vt 0.991206 0.373505
vt 0.992484 0.375759
vt 0.992418 0.374353
vt 0.992508 0.420493
vt 0.990880 0.421043
vt 0.991343 0.419884
vt 0.014222 0.993355
vt 0.990166 0.961732
vt 0.990423 0.960525
vt 0.991688 0.961205
vt 0.990165 0.419677
vt 0.992508 0.418816
vt 0.015629 0.992901
vt 0.991623 0.959687
vt 0.992484 0.373185
vt 0.990905 0.418527
vt 0.990166 0.958966
vt 0.966818 0.650291
vt 0.969282 0.648833
vt 0.969296 0.651141
vt 0.966983 0.647440
vt 0.125896 0.969302
vt 0.126863 0.966756
vt 0.128558 0.968609
vt 0.127920 0.970793
vt 0.966818 0.574792
vt 0.966861 0.572509
vt 0.969128 0.573818
vt 0.969296 0.646958
vt 0.255553 0.970874
vt 0.253260 0.971886
vt 0.253015 0.969392
vt 0.129496 0.966756
vt 0.129928 0.969571
vt 0.969004 0.571112
vt 0.070265 0.969436
vt 0.068379 0.969246
vt 0.069756 0.966756
vt 0.255719 0.968007
vt 0.969184 0.612896
vt 0.966901 0.612100
vt 0.969379 0.610694
vt 0.966818 0.570245
vt 0.068024 0.971081
vt 0.065977 0.969620
vt 0.066521 0.966756
vt 0.253015 0.966756
vt 0.966818 0.608784
vt 0.969443 0.608784
vt 0.805254 0.982751
vt 0.805177 0.981154
vt 0.806284 0.982117
vt 0.804007 0.982055
vt 0.295808 0.994900
vt 0.295835 0.993235
vt 0.297108 0.994148
vt 0.297108 0.995480
vt 0.803886 0.983596
vt 0.803886 0.981046
vt 0.257453 0.995417
vt 0.255983 0.994603
vt 0.257376 0.993806
vt 0.297067 0.992901
vt 0.466266 0.994186
vt 0.464916 0.994601
vt 0.464977 0.993198
vt 0.990165 0.949653
vt 0.990165 0.948113
vt 0.991072 0.949015
vt 0.256162 0.993132
vt 0.992080 0.917755
vt 0.990509 0.917755
vt 0.991518 0.916802
vt 0.992222 0.916156
vt 0.991250 0.915373
vt 0.466266 0.992901
vt 0.991197 0.950390
vt 0.257453 0.992902
vt 0.990165 0.916369
vt 0.991833 0.948175
vt 0.992301 0.949495
vt 0.833948 0.901137
vt 0.835685 0.873615
vt 0.835685 0.901375
vt 0.890485 0.983649
vt 0.892799 0.981046
vt 0.892799 0.983649
vt 0.901526 0.506649
vt 0.903030 0.478578
vt 0.903030 0.506676
vt 0.992479 0.171968
vt 0.990165 0.174572
vt 0.990165 0.171970
vt 0.718861 0.898893
vt 0.720929 0.870793
vt 0.720929 0.898894
vt 0.566020 0.873239
vt 0.564033 0.901308
vt 0.564033 0.873211
vt 0.899760 0.894815
vt 0.901496 0.867292
vt 0.901496 0.895052
vt 0.901374 0.983650
vt 0.903688 0.981046
vt 0.903688 0.983650
vt 0.182539 0.904237
vt 0.184043 0.876166
vt 0.184043 0.904264
vt 0.992479 0.183147
vt 0.990165 0.185750
vt 0.990165 0.183148
vt 0.615367 0.900014
vt 0.617435 0.871913
vt 0.617435 0.900014
vt 0.345296 0.872597
vt 0.343308 0.900666
vt 0.343308 0.872569
vt 0.429155 0.901441
vt 0.430891 0.873919
vt 0.430891 0.901679
vt 0.836037 0.983649
vt 0.838352 0.981046
vt 0.838352 0.983649
vt 0.277826 0.904483
vt 0.279330 0.876412
vt 0.279330 0.904510
vt 0.992479 0.194326
vt 0.990165 0.196929
vt 0.990165 0.194327
vt 0.824076 0.560990
vt 0.826144 0.532890
vt 0.826144 0.560991
vt 0.755605 0.872660
vt 0.753617 0.900729
vt 0.753617 0.872632
vt 0.900262 0.751266
vt 0.901998 0.723744
vt 0.901998 0.751504
vt 0.912264 0.983649
vt 0.914578 0.981046
vt 0.914578 0.983649
vt 0.903333 0.462385
vt 0.904837 0.434314
vt 0.904837 0.462412
vt 0.992479 0.205504
vt 0.990165 0.208108
vt 0.990165 0.205506
vt 0.417688 0.899793
vt 0.419755 0.871693
vt 0.419755 0.899794
vt 0.858749 0.872903
vt 0.856761 0.900972
vt 0.856761 0.872874
vt 0.900262 0.714693
vt 0.901998 0.687171
vt 0.901998 0.714931
vt 0.923153 0.983649
vt 0.925467 0.981046
vt 0.925467 0.983649
vt 0.266369 0.902887
vt 0.267873 0.874816
vt 0.267873 0.902914
vt 0.992479 0.216683
vt 0.990165 0.219286
vt 0.990165 0.216685
vt 0.233695 0.899186
vt 0.235763 0.871086
vt 0.235763 0.899187
vt 0.485557 0.872740
vt 0.483569 0.900810
vt 0.483569 0.872712
vt 0.718861 0.652859
vt 0.722167 0.570617
vt 0.722167 0.652860
vt 0.615367 0.543002
vt 0.618666 0.386207
vt 0.618666 0.542970
vt 0.718760 0.259515
vt 0.722066 0.341819
vt 0.718760 0.341819
vt 0.591698 0.544879
vt 0.594994 0.386211
vt 0.594994 0.544883
vt 0.267099 0.162978
vt 0.185514 0.004293
vt 0.267099 0.004288
vt 0.176939 0.162955
vt 0.094918 0.004403
vt 0.176939 0.004288
vt 0.718863 0.386208
vt 0.722166 0.468507
vt 0.718863 0.468508
vt 0.607400 0.155892
vt 0.604123 0.314582
vt 0.604123 0.155892
vt 0.715866 0.238196
vt 0.719172 0.155892
vt 0.719172 0.238196
vt 0.595548 0.155892
vt 0.592253 0.314564
vt 0.592253 0.155896
vt 0.086342 0.163058
vt 0.004288 0.004288
vt 0.086342 0.004387
vt 0.267655 0.328321
vt 0.185514 0.172364
vt 0.267655 0.171558
vt 0.375218 0.470017
vt 0.310931 0.534305
vt 0.310931 0.470017
vt 0.544504 0.049686
vt 0.499055 0.095148
vt 0.499055 0.004288
vt 0.714326 0.076496
vt 0.709367 0.004289
vt 0.714326 0.004288
vt 0.723761 0.554042
vt 0.718862 0.489831
vt 0.723761 0.489879
vt 0.004288 0.648142
vt 0.009246 0.712215
vt 0.004288 0.712208
vt 0.133673 0.427636
vt 0.133673 0.518552
vt 0.088215 0.473094
vt 0.230964 0.482592
vt 0.185514 0.528053
vt 0.185514 0.437193
vt 0.056796 0.718879
vt 0.051837 0.646673
vt 0.056796 0.646671
vt 0.632140 0.713919
vt 0.627242 0.649708
vt 0.632140 0.649756
vt 0.704501 0.648678
vt 0.709460 0.712752
vt 0.704501 0.712745
vt 0.423529 0.134926
vt 0.418571 0.140711
vt 0.418571 0.134929
vt 0.579402 0.543787
vt 0.583122 0.386717
vt 0.583122 0.544296
vt 0.405036 0.140711
vt 0.409995 0.134926
vt 0.409995 0.140711
vt 0.603569 0.545705
vt 0.606792 0.386265
vt 0.606792 0.545763
vt 0.077369 0.295950
vt 0.072773 0.455465
vt 0.072773 0.295948
vt 0.583678 0.315449
vt 0.579262 0.155892
vt 0.583678 0.155955
vt 0.483569 0.488447
vt 0.503792 0.535435
vt 0.483569 0.538204
vt 0.276231 0.462414
vt 0.298960 0.528121
vt 0.276231 0.528121
vt 0.438832 0.104132
vt 0.459489 0.146469
vt 0.438832 0.146842
vt 0.452279 0.485678
vt 0.474994 0.551389
vt 0.452279 0.551373
vt 0.468065 0.124421
vt 0.486116 0.103765
vt 0.486116 0.124428
vt 0.512041 0.104006
vt 0.494692 0.124418
vt 0.494692 0.103758
vt 0.554648 0.388423
vt 0.570827 0.542048
vt 0.554648 0.544264
vt 0.505812 0.155892
vt 0.523168 0.361693
vt 0.505812 0.361693
vt 0.553079 0.004586
vt 0.569605 0.138059
vt 0.553079 0.138358
vt 0.245746 0.337702
vt 0.263092 0.543476
vt 0.245746 0.543464
vt 0.220534 0.731894
vt 0.234319 0.715368
vt 0.234319 0.731899
vt 0.496818 0.805404
vt 0.483569 0.821743
vt 0.483569 0.805215
vt 0.405806 0.928785
vt 0.408287 0.908713
vt 0.408287 0.929124
vt 0.909040 0.177381
vt 0.912346 0.155892
vt 0.912346 0.177381
vt 0.615367 0.929250
vt 0.617516 0.908628
vt 0.617516 0.929289
vt 0.913377 0.867054
vt 0.910071 0.888533
vt 0.910071 0.867057
vt 0.168180 0.781996
vt 0.185247 0.761339
vt 0.185247 0.782002
vt 0.781446 0.259750
vt 0.765043 0.280175
vt 0.765043 0.259515
vt 0.688360 0.137149
vt 0.689968 0.143762
vt 0.688358 0.143761
vt 0.288433 0.153596
vt 0.289530 0.158671
vt 0.287962 0.158071
vt 0.289716 0.154087
vt 0.291171 0.158257
vt 0.498747 0.370531
vt 0.500099 0.377123
vt 0.498469 0.377136
vt 0.501375 0.370531
vt 0.501682 0.377136
vt 0.016607 0.966935
vt 0.017722 0.972465
vt 0.016031 0.972141
vt 0.289921 0.151255
vt 0.291675 0.152779
vt 0.017991 0.967200
vt 0.019198 0.971922
vt 0.687047 0.137150
vt 0.686753 0.143762
vt 0.220888 0.970841
vt 0.218463 0.970042
vt 0.219468 0.966989
vt 0.676570 0.137149
vt 0.678178 0.143762
vt 0.676568 0.143761
vt 0.276145 0.153596
vt 0.277242 0.158671
vt 0.275674 0.158071
vt 0.277428 0.154087
vt 0.278883 0.158257
vt 0.510534 0.370531
vt 0.511887 0.377123
vt 0.510257 0.377136
vt 0.513162 0.370531
vt 0.513469 0.377136
vt 0.004864 0.966935
vt 0.005979 0.972465
vt 0.004288 0.972141
vt 0.277633 0.151255
vt 0.279387 0.152779
vt 0.006248 0.967200
vt 0.007455 0.971922
vt 0.675257 0.137150
vt 0.674964 0.143762
vt 0.208884 0.970841
vt 0.206459 0.970042
vt 0.207463 0.966989
vt 0.617512 0.004288
vt 0.088215 0.527127
vt 0.630428 0.004288
vt 0.108360 0.626247
vt 0.004288 0.171633
vt 0.170624 0.288423
vt 0.735889 0.095660
vt 0.323005 0.004288
vt 0.706680 0.107911
vt 0.383472 0.361909
vt 0.392047 0.684676
vt 0.435044 0.638924
vt 0.747771 0.328013
vt 0.323561 0.171558
vt 0.738883 0.774748
vt 0.064198 0.386808
vt 0.704501 0.562041
vt 0.710286 0.570616
vt 0.392058 0.155892
vt 0.621761 0.309108
vt 0.531744 0.155892
vt 0.280826 0.646939
vt 0.228534 0.536628
vt 0.631658 0.641133
vt 0.392047 0.271049
vt 0.234319 0.646866
vt 0.531743 0.266820
vt 0.295183 0.646985
vt 0.276231 0.536697
vt 0.293817 0.638406
vt 0.978697 0.459935
vt 0.669995 0.155892
vt 0.990165 0.567181
vt 0.695823 0.354505
vt 0.718861 0.736926
vt 0.378224 0.663050
vt 0.978697 0.495125
vt 0.670098 0.489831
vt 0.990165 0.509673
vt 0.672991 0.688444
vt 0.734369 0.079779
vt 0.465626 0.663588
vt 0.454097 0.777883
vt 0.582295 0.673046
vt 0.861188 0.478550
vt 0.756569 0.570618
vt 0.047779 0.981046
vt 0.277599 0.983970
vt 0.465504 0.777883
vt 0.594590 0.673633
vt 0.735991 0.822377
vt 0.394938 0.693254
vt 0.978697 0.794621
vt 0.665797 0.983970
vt 0.826907 0.478550
vt 0.606462 0.674514
vt 0.861535 0.228752
vt 0.753574 0.155894
vt 0.091269 0.981046
vt 0.288382 0.983970
vt 0.236527 0.774542
vt 0.618260 0.671748
vt 0.865247 0.297026
vt 0.756569 0.639115
vt 0.058651 0.981046
vt 0.223682 0.983970
vt 0.570219 0.716129
vt 0.721859 0.356969
vt 0.956502 0.942428
vt 0.468612 0.748649
vt 0.694080 0.954526
vt 0.786013 0.943479
vt 0.966818 0.848809
vt 0.924590 0.434287
vt 0.978697 0.085635
vt 0.720927 0.929771
vt 0.910634 0.800818
vt 0.656815 0.904142
vt 0.302263 0.818369
vt 0.346973 0.103779
vt 0.302289 0.862785
vt 0.379503 0.103795
vt 0.255560 0.931784
vt 0.183778 0.912840
vt 0.834996 0.155892
vt 0.409112 0.716987
vt 0.839614 0.526630
vt 0.768448 0.628777
vt 0.966818 0.596075
vt 0.969342 0.625640
vt 0.186584 0.790577
vt 0.768450 0.386207
vt 0.843674 0.345106
vt 0.768448 0.570618
vt 0.966818 0.583367
vt 0.969342 0.638383
vt 0.091438 0.966756
vt 0.847068 0.434287
vt 0.321144 0.966756
vt 0.852321 0.558844
vt 0.765043 0.314587
vt 0.857207 0.345106
vt 0.910967 0.412508
vt 0.777313 0.217880
vt 0.739215 0.237068
vt 0.838493 0.467327
vt 0.004288 0.747052
vt 0.234624 0.740552
vt 0.835162 0.939188
vt 0.295183 0.715471
vt 0.812255 0.943471
vt 0.773693 0.328025
vt 0.733099 0.954245
vt 0.440931 0.944632
vt 0.966818 0.862495
vt 0.924169 0.827484
vt 0.978697 0.072077
vt 0.930089 0.319328
vt 0.910574 0.757260
vt 0.674010 0.904203
vt 0.990165 0.779702
vt 0.871243 0.434287
vt 0.145095 0.992901
vt 0.883313 0.259039
vt 0.704501 0.904382
vt 0.915133 0.228752
vt 0.990165 0.791087
vt 0.871796 0.004288
vt 0.114857 0.992901
vt 0.884446 0.464573
vt 0.905666 0.321097
vt 0.916015 0.434287
vt 0.990165 0.768317
vt 0.871796 0.043168
vt 0.185412 0.992901
vt 0.885567 0.556917
vt 0.900832 0.147317
vt 0.917350 0.263202
vt 0.978697 0.471665
vt 0.669995 0.259515
vt 0.990165 0.498171
vt 0.689324 0.099278
vt 0.343309 0.738526
vt 0.119827 0.663813
vt 0.978697 0.506855
vt 0.670098 0.386207
vt 0.990165 0.521174
vt 0.695824 0.250882
vt 0.331841 0.738526
vt 0.526861 0.666798
vt 0.827255 0.228752
vt 0.651753 0.676142
vt 0.721753 0.823215
vt 0.684457 0.696967
vt 0.123888 0.981046
vt 0.504048 0.983970
vt 0.408638 0.775153
vt 0.313824 0.679583
vt 0.863221 0.004288
vt 0.756468 0.259517
vt 0.978697 0.806089
vt 0.202115 0.983970
vt 0.707333 0.781559
vt 0.199190 0.672054
vt 0.863221 0.052367
vt 0.756568 0.386209
vt 0.978698 0.817558
vt 0.622664 0.983970
vt 0.248578 0.781570
vt 0.454159 0.680139
vt 0.863221 0.100447
vt 0.695925 0.696967
vt 0.134760 0.981046
vt 0.460915 0.983970
vt 0.418901 0.939248
vt 0.105571 0.715668
vt 0.822070 0.943471
vt 0.105561 0.744918
vt 0.040215 0.954590
vt 0.797896 0.944186
vt 0.966818 0.807750
vt 0.924501 0.386207
vt 0.978697 0.099193
vt 0.930296 0.218409
vt 0.910635 0.845210
vt 0.030812 0.904323
vt 0.628047 0.939422
vt 0.435044 0.716987
vt 0.766383 0.943479
vt 0.263092 0.752336
vt 0.255560 0.954145
vt 0.958182 0.754913
vt 0.966818 0.835123
vt 0.683439 0.904147
vt 0.978697 0.044962
vt 0.235761 0.930064
vt 0.538423 0.913582
vt 0.146006 0.904339
vt 0.869442 0.939432
vt 0.069194 0.727456
vt 0.776198 0.943479
vt 0.736207 0.745514
vt 0.553470 0.954610
vt 0.957370 0.123246
vt 0.966818 0.780377
vt 0.602638 0.905620
vt 0.966818 0.954548
vt 0.419754 0.930671
vt 0.318119 0.913711
vt 0.159539 0.904339
vt 0.990165 0.745548
vt 0.870110 0.228752
vt 0.175332 0.992901
vt 0.884999 0.034574
vt 0.905874 0.220177
vt 0.921704 0.630848
vt 0.990165 0.802472
vt 0.074650 0.841367
vt 0.155174 0.992901
vt 0.884999 0.073455
vt 0.907922 0.654918
vt 0.917667 0.004288
vt 0.990165 0.813857
vt 0.871796 0.082048
vt 0.084619 0.992901
vt 0.884999 0.112335
vt 0.903886 0.061003
vt 0.815422 0.538783
vt 0.554648 0.552839
vt 0.981590 0.206585
vt 0.591698 0.553458
vt 0.981590 0.358571
vt 0.353587 0.542880
vt 0.377540 0.654475
vt 0.565394 0.552839
vt 0.981590 0.172181
vt 0.603569 0.554338
vt 0.981588 0.286866
vt 0.331841 0.542880
vt 0.496561 0.658374
vt 0.259984 0.781570
vt 0.745002 0.259515
vt 0.684458 0.825677
vt 0.672989 0.697023
vt 0.978697 0.840496
vt 0.212899 0.983970
vt 0.828940 0.004288
vt 0.745102 0.386207
vt 0.859653 0.783093
vt 0.758163 0.478552
vt 0.978698 0.851965
vt 0.471698 0.983970
vt 0.054668 0.785940
vt 0.745103 0.570616
vt 0.860066 0.386207
vt 0.760196 0.004290
vt 0.978697 0.679932
vt 0.633448 0.983970
vt 0.828940 0.058626
vt 0.745103 0.639113
vt 0.695926 0.825677
vt 0.760196 0.072787
vt 0.978698 0.737276
vt 0.299165 0.983970
vt 0.756347 0.357259
vt 0.089454 0.911414
vt 0.792848 0.124752
vt 0.223468 0.911827
vt 0.660539 0.685535
vt 0.953959 0.173260
vt 0.753617 0.909333
vt 0.966818 0.422506
vt 0.483569 0.909413
vt 0.968884 0.549257
vt 0.650838 0.873249
vt 0.132473 0.897408
vt 0.429155 0.829487
vt 0.934043 0.981046
vt 0.015756 0.800041
vt 0.992479 0.353429
vt 0.845415 0.831172
vt 0.870629 0.422046
vt 0.869763 0.478550
vt 0.944932 0.981046
vt 0.015756 0.755627
vt 0.992479 0.286357
vt 0.868168 0.686933
vt 0.870627 0.606455
vt 0.245746 0.835908
vt 0.955822 0.981046
vt 0.300759 0.773956
vt 0.992479 0.264000
vt 0.868168 0.731325
vt 0.706489 0.871736
vt 0.245746 0.552051
vt 0.981590 0.195117
vt 0.579402 0.552871
vt 0.981588 0.309804
vt 0.364459 0.542880
vt 0.485777 0.658374
vt 0.256492 0.552051
vt 0.981590 0.218053
vt 0.452279 0.559964
vt 0.981588 0.321273
vt 0.342714 0.542880
vt 0.617575 0.663173
vt 0.756509 0.776089
vt 0.746697 0.478550
vt 0.867735 0.630848
vt 0.028745 0.702516
vt 0.978697 0.863433
vt 0.482481 0.983970
vt 0.066075 0.785940
vt 0.210658 0.672054
vt 0.860065 0.570616
vt 0.765040 0.155894
vt 0.015160 0.981046
vt 0.514831 0.983970
vt 0.830967 0.297026
vt 0.748730 0.004288
vt 0.394939 0.821964
vt 0.043106 0.705797
vt 0.978697 0.874902
vt 0.644231 0.983970
vt 0.822568 0.630848
vt 0.748730 0.072785
vt 0.672991 0.825733
vt 0.756569 0.707603
vt 0.978698 0.886371
vt 0.234465 0.983970
vt 0.569005 0.671935
vt 0.966711 0.981046
vt 0.062583 0.494916
vt 0.992479 0.230464
vt 0.099681 0.834377
vt 0.042202 0.870346
vt 0.256058 0.835908
vt 0.977601 0.981046
vt 0.062583 0.539330
vt 0.992479 0.297536
vt 0.868228 0.783093
vt 0.870216 0.863323
vt 0.077903 0.715668
vt 0.990165 0.004288
vt 0.062583 0.583743
vt 0.992479 0.275178
vt 0.088215 0.834377
vt 0.224217 0.870605
vt 0.277826 0.913085
vt 0.816779 0.966756
vt 0.574381 0.939150
vt 0.864296 0.966758
vt 0.933425 0.478550
vt 0.942720 0.614020
vt 0.289192 0.913085
vt 0.757373 0.966756
vt 0.116327 0.936862
vt 0.970122 0.213323
vt 0.935232 0.434287
vt 0.947971 0.911193
vt 0.926243 0.099559
vt 0.638561 0.966756
vt 0.950073 0.196107
vt 0.970122 0.016586
vt 0.538423 0.922157
vt 0.143571 0.944106
vt 0.930653 0.663494
vt 0.650442 0.966756
vt 0.127319 0.936862
vt 0.970122 0.028882
vt 0.494692 0.133241
vt 0.671575 0.943969
vt 0.854937 0.203971
vt 0.781136 0.966756
vt 0.948652 0.526630
vt 0.970122 0.225619
vt 0.934750 0.732187
vt 0.947972 0.933853
vt 0.811016 0.920634
vt 0.686086 0.966756
vt 0.948809 0.099559
vt 0.970122 0.004290
vt 0.318119 0.922286
vt 0.948074 0.242837
vt 0.074650 0.912893
vt 0.697967 0.966756
vt 0.889680 0.937526
vt 0.899934 0.966758
vt 0.936566 0.263202
vt 0.942720 0.636680
vt 0.822381 0.920634
vt 0.709848 0.966756
vt 0.233695 0.938641
vt 0.911813 0.966758
vt 0.938664 0.297026
vt 0.154670 0.944106
vt 0.765144 0.920642
vt 0.721730 0.966756
vt 0.405806 0.937700
vt 0.923692 0.966758
vt 0.933830 0.123246
vt 0.514006 0.944101
vt 0.866384 0.205131
vt 0.733611 0.966756
vt 0.615367 0.937864
vt 0.935571 0.966758
vt 0.934749 0.754814
vt 0.591629 0.945387
vt 0.907922 0.663493
vt 0.745492 0.966756
vt 0.947767 0.263202
vt 0.947450 0.966758
vt 0.934810 0.783093
vt 0.170703 0.945748
vt 0.796657 0.921348
vt 0.793017 0.966756
vt 0.948085 0.004288
vt 0.970122 0.164139
vt 0.936884 0.004288
vt 0.948474 0.746338
vt 0.704501 0.912957
vt 0.662323 0.966756
vt 0.949865 0.297026
vt 0.970122 0.041178
vt 0.933425 0.501177
vt 0.947019 0.879445
vt 0.919287 0.663494
vt 0.674205 0.966756
vt 0.949865 0.319694
vt 0.970122 0.053474
vt 0.933941 0.570616
vt 0.464889 0.945134
vt 0.776510 0.920642
vt 0.804898 0.966756
vt 0.948085 0.072291
vt 0.970122 0.237915
vt 0.935143 0.386207
vt 0.527539 0.947762
vt 0.933130 0.865360
vt 0.769254 0.966756
vt 0.718861 0.938348
vt 0.876175 0.966758
vt 0.935143 0.408834
vt 0.947149 0.492635
vt 0.782686 0.630848
vt 0.392047 0.386207
vt 0.173964 0.790578
vt 0.497237 0.246752
vt 0.025854 0.693939
vt 0.657865 0.307647
vt 0.796923 0.630848
vt 0.004288 0.395425
vt 0.122111 0.790579
vt 0.503926 0.477067
vt 0.088215 0.707093
vt 0.643505 0.307647
vt 0.094918 0.296998
vt 0.585047 0.324024
vt 0.512501 0.386207
vt 0.560430 0.671939
vt 0.392047 0.485698
vt 0.030270 0.613154
vt 0.391502 0.004288
vt 0.262999 0.671148
vt 0.142248 0.440886
vt 0.176744 0.671873
vt 0.405217 0.485698
vt 0.043262 0.613154
vt 0.978697 0.483395
vt 0.674964 0.004288
vt 0.990165 0.532676
vt 0.695927 0.481197
vt 0.727747 0.231383
vt 0.538328 0.666798
vt 0.978698 0.413015
vt 0.153716 0.568246
vt 0.990165 0.440663
vt 0.695926 0.584821
vt 0.040215 0.697220
vt 0.357669 0.663035
vt 0.848186 0.686933
vt 0.651753 0.744640
vt 0.153620 0.832836
vt 0.825373 0.686935
vt 0.978697 0.645526
vt 0.525615 0.983970
vt 0.848186 0.735013
vt 0.791384 0.570616
vt 0.028746 0.831226
vt 0.556361 0.770784
vt 0.978697 0.553775
vt 0.741281 0.983970
vt 0.840347 0.100447
vt 0.792567 0.478550
vt 0.515393 0.831237
vt 0.567827 0.770784
vt 0.978698 0.576713
vt 0.536398 0.983970
vt 0.842374 0.297026
vt 0.792914 0.228752
vt 0.363760 0.833688
vt 0.579294 0.770784
vt 0.026033 0.981046
vt 0.547181 0.983970
vt 0.430368 0.939492
vt 0.537973 0.103758
vt 0.053076 0.941043
vt 0.069183 0.756706
vt 0.742913 0.954245
vt 0.956964 0.478550
vt 0.966818 0.725632
vt 0.923708 0.228752
vt 0.978697 0.004288
vt 0.928308 0.026590
vt 0.910071 0.914833
vt 0.456224 0.905368
vt 0.990165 0.825242
vt 0.872364 0.526630
vt 0.165253 0.992901
vt 0.813330 0.885756
vt 0.040215 0.902992
vt 0.917667 0.036933
vt 0.990165 0.836627
vt 0.873823 0.297026
vt 0.124936 0.992901
vt 0.824736 0.885756
vt 0.088215 0.902838
vt 0.913568 0.570616
vt 0.990165 0.870781
vt 0.876310 0.630848
vt 0.195491 0.992902
vt 0.767458 0.885764
vt 0.099681 0.902838
vt 0.442294 0.890258
vt 0.978697 0.530315
vt 0.681463 0.155892
vt 0.990165 0.555679
vt 0.695926 0.688388
vt 0.730641 0.335006
vt 0.486461 0.666949
vt 0.978697 0.436475
vt 0.165184 0.568246
vt 0.990165 0.452165
vt 0.700791 0.099278
vt 0.730742 0.461698
vt 0.515393 0.666798
vt 0.442523 0.803315
vt 0.794600 0.004288
vt 0.526860 0.831237
vt 0.825373 0.747167
vt 0.978698 0.897840
vt 0.687364 0.983970
vt 0.844861 0.630848
vt 0.794600 0.064520
vt 0.454158 0.832221
vt 0.822376 0.155894
vt 0.978697 0.909309
vt 0.309949 0.983970
vt 0.848186 0.783093
vt 0.796628 0.297026
vt 0.375227 0.833688
vt 0.028745 0.771004
vt 0.978698 0.588182
vt 0.557964 0.983970
vt 0.849720 0.478550
vt 0.768037 0.747166
vt 0.465625 0.832221
vt 0.591996 0.772251
vt 0.978698 0.691401
vt 0.396215 0.983970
vt 0.197511 0.939728
vt 0.692320 0.107911
vt 0.223469 0.941061
vt 0.159594 0.761345
vt 0.856761 0.954274
vt 0.319358 0.944913
vt 0.966818 0.794064
vt 0.924108 0.686933
vt 0.978697 0.031404
vt 0.927991 0.285504
vt 0.811016 0.912059
vt 0.173138 0.905981
vt 0.208978 0.939728
vt 0.159605 0.732095
vt 0.846655 0.941499
vt 0.435034 0.746237
vt 0.088215 0.954437
vt 0.956964 0.501210
vt 0.966818 0.739318
vt 0.814852 0.124752
vt 0.966818 0.940990
vt 0.928308 0.058337
vt 0.796657 0.912773
vt 0.516440 0.904334
vt 0.183752 0.939730
vt 0.185536 0.732095
vt 0.362107 0.941828
vt 0.133673 0.761345
vt 0.900262 0.773865
vt 0.539662 0.944784
vt 0.966818 0.711946
vt 0.924108 0.717824
vt 0.978697 0.058519
vt 0.880857 0.928097
vt 0.778678 0.912066
vt 0.469757 0.905368
vt 0.990165 0.848011
vt 0.876672 0.345106
vt 0.205570 0.992901
vt 0.778926 0.885764
vt 0.828136 0.375435
vt 0.917667 0.068680
vt 0.990165 0.882166
vt 0.877429 0.155892
vt 0.094699 0.992901
vt 0.790332 0.885764
vt 0.051837 0.903229
vt 0.914208 0.478550
vt 0.990165 0.859396
vt 0.878791 0.827484
vt 0.135015 0.992901
vt 0.882388 0.508837
vt 0.063244 0.903229
vt 0.918235 0.526630
vt 0.207043 0.536628
vt 0.981590 0.229521
vt 0.321386 0.542880
vt 0.981590 0.370039
vt 0.116935 0.527127
vt 0.661420 0.284015
vt 0.196297 0.536628
vt 0.981590 0.126309
vt 0.664509 0.004288
vt 0.981588 0.275397
vt 0.642763 0.004288
vt 0.661523 0.514330
vt 0.851753 0.100447
vt 0.779505 0.747166
vt 0.591997 0.832473
vt 0.280717 0.773957
vt 0.978697 0.656995
vt 0.698147 0.983970
vt 0.836780 0.735013
vt 0.790973 0.747166
vt 0.862668 0.434287
vt 0.603462 0.772251
vt 0.978698 0.748745
vt 0.245249 0.983970
vt 0.848599 0.386207
vt 0.799444 0.155892
vt 0.836840 0.831172
vt 0.363759 0.773466
vt 0.978697 0.565244
vt 0.493265 0.983970
vt 0.848597 0.570616
vt 0.541315 0.747974
vt 0.420580 0.829487
vt 0.043106 0.774285
vt 0.978697 0.599651
vt 0.256032 0.983970
vt 0.853780 0.297026
vt 0.313823 0.748081
vt 0.603464 0.832473
vt 0.225120 0.774544
vt 0.978697 0.920778
vt 0.320732 0.983970
vt 0.766738 0.450706
vt 0.564628 0.909912
vt 0.790816 0.450706
vt 0.246985 0.912748
vt 0.660539 0.659603
vt 0.952242 0.643246
vt 0.342404 0.909270
vt 0.966818 0.327766
vt 0.930279 0.630848
vt 0.968884 0.495126
vt 0.512501 0.873442
vt 0.467412 0.896792
vt 0.766738 0.538783
vt 0.574443 0.909912
vt 0.804501 0.357259
vt 0.846654 0.912265
vt 0.077903 0.759862
vt 0.016333 0.946582
vt 0.392047 0.909134
vt 0.966818 0.341300
vt 0.930279 0.599935
vt 0.968884 0.440996
vt 0.871796 0.120929
vt 0.897299 0.220177
vt 0.895355 0.297026
vt 0.990165 0.015466
vt 0.743178 0.869954
vt 0.992479 0.364608
vt 0.799548 0.855477
vt 0.891687 0.717951
vt 0.893574 0.083149
vt 0.990165 0.026645
vt 0.898204 0.345106
vt 0.992479 0.308714
vt 0.884712 0.297026
vt 0.891687 0.757545
vt 0.894142 0.526630
vt 0.990166 0.037824
vt 0.392047 0.869541
vt 0.992479 0.107498
vt 0.538423 0.856286
vt 0.891748 0.814111
vt 0.893574 0.004288
vt 0.990165 0.049002
vt 0.898961 0.155892
vt 0.992479 0.319893
vt 0.310931 0.856393
vt 0.006275 0.894957
vt 0.217788 0.536628
vt 0.981590 0.183649
vt 0.648860 0.539439
vt 0.981588 0.332743
vt 0.653636 0.004288
vt 0.661523 0.651028
vt 0.543867 0.513567
vt 0.981590 0.149245
vt 0.310931 0.542880
vt 0.981588 0.344212
vt 0.127808 0.527127
vt 0.187722 0.664751
vt 0.007119 0.815859
vt 0.802441 0.686933
vt 0.756509 0.830427
vt 0.292183 0.773957
vt 0.978698 0.702870
vt 0.655014 0.983970
vt 0.846402 0.155892
vt 0.802441 0.747166
vt 0.199189 0.830014
vt 0.825786 0.386209
vt 0.978698 0.611120
vt 0.406998 0.983970
vt 0.813847 0.807390
vt 0.802854 0.386207
vt 0.210657 0.830014
vt 0.825784 0.570618
vt 0.978697 0.760214
vt 0.611881 0.983970
vt 0.836780 0.686933
vt 0.802852 0.570616
vt 0.863788 0.526630
vt 0.091106 0.774154
vt 0.978698 0.622588
vt 0.417782 0.983970
vt 0.856268 0.630848
vt 0.804035 0.478550
vt 0.171072 0.832834
vt 0.102572 0.774154
vt 0.036906 0.981046
vt 0.428565 0.983970
vt 0.768771 0.124752
vt 0.835188 0.909950
vt 0.417688 0.803315
vt 0.932996 0.345107
vt 0.579402 0.741544
vt 0.954064 0.677578
vt 0.196297 0.908896
vt 0.966818 0.354834
vt 0.495036 0.909413
vt 0.968884 0.508659
vt 0.669052 0.873310
vt 0.592890 0.897045
vt 0.902451 0.265453
vt 0.300250 0.151255
vt 0.525015 0.904384
vt 0.450536 0.376302
vt 0.812819 0.447640
vt 0.145464 0.895764
vt 0.483569 0.777371
vt 0.430395 0.910254
vt 0.790816 0.538783
vt 0.362107 0.912594
vt 0.660539 0.711468
vt 0.956540 0.882728
vt 0.638299 0.769483
vt 0.966818 0.368369
vt 0.733099 0.909547
vt 0.968884 0.535724
vt 0.681566 0.873254
vt 0.605251 0.897045
vt 0.893574 0.043718
vt 0.990165 0.060181
vt 0.321574 0.856393
vt 0.992479 0.331072
vt 0.888318 0.155892
vt 0.893876 0.259771
vt 0.893022 0.434287
vt 0.990165 0.071360
vt 0.889680 0.867054
vt 0.992479 0.241642
vt 0.889680 0.827484
vt 0.892080 0.417225
vt 0.014850 0.863939
vt 0.990165 0.082539
vt 0.733099 0.869954
vt 0.992479 0.118677
vt 0.887200 0.630848
vt 0.892078 0.601634
vt 0.878791 0.866365
vt 0.990165 0.093717
vt 0.897843 0.630848
vt 0.992479 0.342250
vt 0.887561 0.345106
vt 0.892951 0.509569
vt 0.681361 0.363139
vt 0.448462 0.966756
vt 0.946012 0.827484
vt 0.970122 0.065770
vt 0.934811 0.827484
vt 0.947149 0.515295
vt 0.742210 0.454704
vt 0.519749 0.966756
vt 0.602638 0.936511
vt 0.888055 0.966758
vt 0.938872 0.196107
vt 0.303573 0.941772
vt 0.743804 0.547048
vt 0.460343 0.966756
vt 0.946344 0.386207
vt 0.970122 0.078066
vt 0.936884 0.026914
vt 0.917588 0.114512
vt 0.692726 0.363139
vt 0.531630 0.966756
vt 0.946344 0.408875
vt 0.828658 0.966758
vt 0.505893 0.133241
vt 0.006811 0.943299
vt 0.704502 0.466992
vt 0.555393 0.966756
vt 0.946433 0.434287
vt 0.840538 0.966758
vt 0.439692 0.922005
vt 0.947555 0.137331
vt 0.406408 0.612466
vt 0.567274 0.966756
vt 0.878440 0.936674
vt 0.970122 0.176435
vt 0.938664 0.319653
vt 0.640848 0.943908
vt 0.520616 0.132997
vt 0.579155 0.966756
vt 0.948085 0.026956
vt 0.852417 0.966758
vt 0.934247 0.897108
vt 0.028378 0.944090
vt 0.669995 0.363139
vt 0.591036 0.966756
vt 0.948085 0.049624
vt 0.970122 0.127251
vt 0.936884 0.049541
vt 0.944437 0.169977
vt 0.468064 0.133003
vt 0.602917 0.966756
vt 0.277826 0.935922
vt 0.970122 0.139547
vt 0.910071 0.923409
vt 0.948474 0.701018
vt 0.830952 0.202573
vt 0.484105 0.966756
vt 0.289192 0.935922
vt 0.970122 0.151843
vt 0.934247 0.919735
vt 0.947666 0.584701
vt 0.531982 0.132997
vt 0.495986 0.966756
vt 0.945950 0.754913
vt 0.970122 0.188731
vt 0.936884 0.072168
vt 0.948474 0.723678
vt 0.843571 0.203971
vt 0.507868 0.966756
vt 0.683088 0.935038
vt 0.970122 0.201027
vt 0.934350 0.228752
vt 0.944095 0.359191
vt 0.753575 0.454704
vt 0.472224 0.966756
vt 0.946011 0.783093
vt 0.970122 0.090362
vt 0.934750 0.686933
vt 0.944542 0.677578
vt 0.755170 0.547048
vt 0.543511 0.966756
vt 0.074650 0.935730
vt 0.970122 0.102658
vt 0.934750 0.709560
vt 0.925672 0.942084
vt 0.403513 0.693251
vt 0.614799 0.966756
vt 0.563388 0.939150
vt 0.970122 0.250211
vt 0.937451 0.526630
vt 0.453790 0.945134
vt 0.479430 0.133003
vt 0.626680 0.966756
vt 0.704501 0.935794
vt 0.970122 0.114955
vt 0.937608 0.099559
vt 0.651946 0.943908
vt 0.811161 0.630848
vt 0.323561 0.370526
vt 0.136470 0.790579
vt 0.490479 0.095148
vt 0.704502 0.458417
vt 0.108360 0.634826
vt 0.724523 0.774748
vt 0.185514 0.337702
vt 0.150829 0.790579
vt 0.497225 0.361910
vt 0.704399 0.331725
vt 0.420685 0.638914
vt 0.275674 0.004288
vt 0.599408 0.324024
vt 0.276231 0.318526
vt 0.162387 0.671873
vt 0.578180 0.004288
vt 0.608937 0.139053
vt 0.276231 0.171558
vt 0.721652 0.095660
vt 0.142248 0.296998
vt 0.148030 0.671873
vt 0.591350 0.004288
vt 0.077190 0.598808
vt 0.978697 0.448205
vt 0.462734 0.559964
vt 0.990165 0.463666
vt 0.684459 0.584821
vt 0.730742 0.730173
vt 0.131294 0.663813
vt 0.978698 0.542045
vt 0.681566 0.386207
vt 0.990165 0.544178
vt 0.707291 0.250882
vt 0.732336 0.554042
vt 0.497929 0.666949
vt 0.838314 0.478550
vt 0.779505 0.686933
vt 0.119219 0.832836
vt 0.813907 0.747168
vt 0.102142 0.981046
vt 0.331515 0.983970
vt 0.838661 0.228752
vt 0.804382 0.228752
vt 0.486461 0.830507
vt 0.808095 0.297028
vt 0.145633 0.981046
vt 0.708931 0.983970
vt 0.825313 0.807390
vt 0.768037 0.686933
vt 0.497928 0.830507
vt 0.810910 0.155894
vt 0.978697 0.932246
vt 0.752064 0.983970
vt 0.836780 0.783093
vt 0.779918 0.386207
vt 0.859653 0.830670
vt 0.672989 0.765511
vt 0.156506 0.981046
vt 0.568748 0.983970
vt 0.484783 0.940326
vt 0.632724 0.740245
vt 0.371922 0.941828
vt 0.349187 0.747113
vt 0.063016 0.954825
vt 0.957480 0.570616
vt 0.966818 0.698259
vt 0.924108 0.748715
vt 0.966818 0.913874
vt 0.118393 0.928285
vt 0.910967 0.403933
vt 0.915923 0.602363
vt 0.393260 0.939966
vt 0.213654 0.740552
vt 0.382000 0.941828
vt 0.768029 0.224392
vt 0.266369 0.954513
vt 0.957786 0.897108
vt 0.966818 0.753005
vt 0.922783 0.478550
vt 0.978698 0.017846
vt 0.130753 0.928285
vt 0.910574 0.704659
vt 0.306007 0.902005
vt 0.333055 0.940102
vt 0.570827 0.741544
vt 0.246985 0.941982
vt 0.529847 0.747986
vt 0.900654 0.620974
vt 0.958243 0.783093
vt 0.966818 0.684573
vt 0.923189 0.123246
vt 0.978697 0.112751
vt 0.928308 0.090982
vt 0.910574 0.730959
vt 0.594063 0.905620
vt 0.990165 0.688623
vt 0.266369 0.835908
vt 0.034223 0.992901
vt 0.881125 0.756083
vt 0.903886 0.093649
vt 0.919448 0.297026
vt 0.990165 0.756932
vt 0.182539 0.837259
vt 0.044302 0.992901
vt 0.881185 0.813379
vt 0.245746 0.904172
vt 0.914614 0.123246
vt 0.990165 0.700008
vt 0.826109 0.112964
vt 0.054382 0.992901
vt 0.881518 0.416494
vt 0.903886 0.028358
vt 0.923182 0.345106
vt 0.978697 0.424745
vt 0.142248 0.568246
vt 0.990165 0.475168
vt 0.684459 0.688388
vt 0.722901 0.079779
vt 0.248638 0.671148
vt 0.978698 0.518585
vt 0.681463 0.259515
vt 0.990165 0.486669
vt 0.075666 0.702373
vt 0.730742 0.646107
vt 0.742108 0.155892
vt 0.840347 0.004288
vt 0.806068 0.004288
vt 0.130686 0.832836
vt 0.814320 0.386209
vt 0.178251 0.981046
vt 0.579531 0.983970
vt 0.767975 0.807398
vt 0.769631 0.478550
vt 0.142153 0.832836
vt 0.394938 0.761741
vt 0.167379 0.981046
vt 0.762847 0.983970
vt 0.779443 0.807398
vt 0.779916 0.570616
vt 0.556362 0.831006
vt 0.813907 0.686935
vt 0.978697 0.943715
vt 0.342298 0.983970
vt 0.790911 0.807398
vt 0.771664 0.004288
vt 0.280718 0.834180
vt 0.817534 0.004290
vt 0.113015 0.981046
vt 0.353082 0.983970
vt 0.343617 0.940102
vt 0.606462 0.743011
vt 0.935486 0.942362
vt 0.500915 0.748137
vt 0.099393 0.954437
vt 0.957786 0.918951
vt 0.966818 0.766691
vt 0.923605 0.897108
vt 0.966818 0.927432
vt 0.928876 0.548932
vt 0.883280 0.288297
vt 0.009245 0.903533
vt 0.754831 0.940165
vt 0.378224 0.744226
vt 0.946687 0.942428
vt 0.295172 0.744721
vt 0.493358 0.954111
vt 0.957889 0.228752
vt 0.966818 0.821436
vt 0.924169 0.783093
vt 0.966818 0.900316
vt 0.891746 0.928949
vt 0.765144 0.912066
vt 0.643282 0.904142
vt 0.990165 0.711393
vt 0.865782 0.345106
vt 0.104778 0.992901
vt 0.881125 0.717220
vt 0.904453 0.550700
vt 0.923524 0.155892
vt 0.990165 0.722778
vt 0.051837 0.840279
vt 0.064461 0.992902
vt 0.881516 0.600902
vt 0.222229 0.903251
vt 0.924555 0.865361
vt 0.990165 0.734163
vt 0.063244 0.840279
vt 0.074540 0.992901
vt 0.442005 0.881681
vt 0.074650 0.904318
vt 0.919655 0.196107
vt 0.051837 0.494916
vt 0.981590 0.137777
vt 0.512501 0.513567
vt 0.981590 0.301225
vt 0.418387 0.485698
vt 0.431468 0.630349
vt 0.638114 0.386207
vt 0.981590 0.240989
vt 0.522957 0.513567
vt 0.981588 0.378618
vt 0.615976 0.155892
vt 0.442252 0.630349
vt 0.851753 0.052367
vt 0.806068 0.064520
vt 0.567829 0.831006
vt 0.814318 0.570618
vt 0.978698 0.634057
vt 0.191332 0.983970
vt 0.857809 0.155892
vt 0.781099 0.478550
vt 0.733533 0.343582
vt 0.817534 0.064522
vt 0.069524 0.981046
vt 0.266815 0.983970
vt 0.837192 0.386207
vt 0.783132 0.004288
vt 0.408698 0.829491
vt 0.815501 0.478552
vt 0.978697 0.714339
vt 0.730497 0.983970
vt 0.840347 0.052367
vt 0.771664 0.064520
vt 0.618259 0.829708
vt 0.819561 0.297028
vt 0.978697 0.725808
vt 0.385432 0.983970
vt 0.802379 0.807398
vt 0.783132 0.064520
vt 0.629726 0.829708
vt 0.375225 0.773466
vt 0.978698 0.771683
vt 0.590314 0.983970
vt 0.850067 0.228752
vt 0.707394 0.721327
vt 0.579296 0.831006
vt 0.618258 0.769485
vt 0.978698 0.955184
vt 0.719714 0.983970
vt 0.331841 0.776348
vt 0.041455 0.911567
vt 0.620759 0.128629
vt 0.372186 0.912594
vt 0.660539 0.763332
vt 0.474410 0.948417
vt 0.207765 0.908896
vt 0.966818 0.381903
vt 0.743178 0.909547
vt 0.968884 0.522191
vt 0.888318 0.124999
vt 0.171965 0.897406
vt 0.074650 0.786677
vt 0.991786 0.385037
vt 0.868853 0.156869
vt 0.816573 0.981046
vt 0.187722 0.717270
vt 0.833455 0.674264
vt 0.417688 0.775471
vt 0.100633 0.911414
vt 0.638324 0.804872
vt 0.382000 0.912594
vt 0.382414 0.875893
vt 0.901496 0.920995
vt 0.331841 0.909270
vt 0.966818 0.395437
vt 0.856761 0.909575
vt 0.968884 0.454528
vt 0.638324 0.873249
vt 0.120112 0.897408
vt 0.512501 0.777220
vt 0.267609 0.911489
vt 0.331841 0.804191
vt 0.933339 0.155893
vt 0.660539 0.789265
vt 0.952242 0.617303
vt 0.626834 0.908590
vt 0.966818 0.408971
vt 0.553470 0.909912
vt 0.968884 0.468061
vt 0.880999 0.197860
vt 0.528800 0.895808
vt 0.900323 0.827484
vt 0.846927 0.981046
vt 0.845415 0.875564
vt 0.992479 0.252821
vt 0.405806 0.871696
vt 0.576582 0.901337
vt 0.900655 0.386207
vt 0.825148 0.981046
vt 0.902451 0.228752
vt 0.992479 0.129855
vt 0.196297 0.872219
vt 0.497024 0.900838
vt 0.694080 0.873254
vt 0.857816 0.981046
vt 0.372335 0.875893
vt 0.992479 0.141034
vt 0.626834 0.871912
vt 0.870216 0.900024
vt 0.900654 0.570616
vt 0.868706 0.981046
vt 0.289293 0.876384
vt 0.992479 0.152213
vt 0.207765 0.872219
vt 0.555457 0.901337
vt 0.900323 0.783093
vt 0.879595 0.981046
vt 0.360868 0.875893
vt 0.992479 0.163391
vt 0.742210 0.707610
vt 0.333828 0.900695
vt 0.637721 0.155892
vt 0.981590 0.160713
vt 0.648860 0.386207
vt 0.981588 0.263927
vt 0.627242 0.386207
vt 0.017279 0.639567
vt 0.648467 0.155892
vt 0.981590 0.252457
vt 0.533412 0.513567
vt 0.981588 0.390087
vt 0.626848 0.155892
vt 0.006496 0.639567
vt 0.859592 0.686933
vt 0.785161 0.297026
vt 0.641216 0.831044
vt 0.815848 0.228754
vt 0.080397 0.981046
vt 0.601098 0.983970
vt 0.837191 0.570616
vt 0.007180 0.755627
vt 0.236587 0.828880
vt 0.629724 0.769485
vt 0.978697 0.668463
vt 0.676581 0.983970
vt 0.541254 0.808206
vt 0.787976 0.155892
vt 0.334733 0.830364
vt 0.684457 0.765455
vt 0.978697 0.783152
vt 0.439348 0.983970
vt 0.313762 0.808313
vt 0.790973 0.686933
vt 0.346200 0.830364
vt 0.199188 0.769792
vt 0.978697 0.829027
vt 0.450131 0.983970
vt 0.851753 0.004288
vt 0.776508 0.155892
vt 0.652683 0.831044
vt 0.695924 0.765455
vt 0.978698 0.966653
vt 0.363865 0.983970
vt 0.859592 0.735013
vt 0.791386 0.386207
vt 0.292185 0.834180
vt 0.210655 0.769792
vt 0.004288 0.981046
vt 0.374648 0.983970
vt 0.780424 0.357259
vt 0.053077 0.911805
vt 0.512501 0.805064
vt 0.064255 0.911806
vt 0.660539 0.737400
vt 0.953616 0.362474
vt 0.868228 0.908599
vt 0.966818 0.314232
vt 0.694080 0.909827
vt 0.968884 0.481594
vt 0.025854 0.873431
vt 0.455052 0.896792
vt 0.908283 0.345106
vt 0.391502 0.134926
vt 0.922143 0.570616
vt 0.450547 0.261145
vt 0.870110 0.267633
vt 0.158455 0.895764
vt 0.833948 0.873377
vt 0.890485 0.981046
vt 0.901526 0.478550
vt 0.992479 0.174570
vt 0.718861 0.870792
vt 0.566020 0.901337
vt 0.899760 0.867054
vt 0.901374 0.981046
vt 0.182539 0.876139
vt 0.992479 0.185749
vt 0.615367 0.871912
vt 0.345296 0.900695
vt 0.429155 0.873681
vt 0.836037 0.981046
vt 0.277826 0.876384
vt 0.992479 0.196927
vt 0.824076 0.532889
vt 0.755605 0.900758
vt 0.900262 0.723506
vt 0.912264 0.981046
vt 0.903333 0.434287
vt 0.992479 0.208106
vt 0.417688 0.871692
vt 0.858749 0.901000
vt 0.900262 0.686933
vt 0.923153 0.981046
vt 0.266369 0.874789
vt 0.992479 0.219285
vt 0.233695 0.871085
vt 0.485557 0.900838
vt 0.718861 0.570616
vt 0.615367 0.386239
vt 0.722066 0.259515
vt 0.591698 0.386207
vt 0.185514 0.162983
vt 0.094918 0.163071
vt 0.722166 0.386207
vt 0.607400 0.314582
vt 0.715866 0.155892
vt 0.595548 0.314560
vt 0.004288 0.162959
vt 0.185514 0.329127
vt 0.709367 0.076497
vt 0.718862 0.553994
vt 0.009246 0.648149
vt 0.051837 0.718881
vt 0.627242 0.713871
vt 0.709460 0.648685
vt 0.423529 0.140708
vt 0.579402 0.386207
vt 0.405036 0.134926
vt 0.603569 0.386207
vt 0.077369 0.455467
vt 0.579262 0.315386
vt 0.503792 0.485678
vt 0.298960 0.462414
vt 0.459489 0.103758
vt 0.474994 0.485694
vt 0.468065 0.103758
vt 0.512041 0.124666
vt 0.570827 0.386207
vt 0.523168 0.155892
vt 0.569605 0.004288
vt 0.263092 0.337714
vt 0.220534 0.715364
vt 0.496818 0.821932
vt 0.405806 0.908373
vt 0.909040 0.155892
vt 0.615367 0.908590
vt 0.913377 0.888530
vt 0.168180 0.761333
vt 0.781446 0.280409
vt 0.689677 0.137150
vt 0.291058 0.153749
vt 0.500080 0.370520
vt 0.287962 0.152563
vt 0.288578 0.151593
vt 0.291204 0.151746
vt 0.019198 0.966756
vt 0.220888 0.966756
vt 0.221893 0.967788
vt 0.221893 0.969480
vt 0.219468 0.971074
vt 0.218463 0.968350
vt 0.677887 0.137150
vt 0.278771 0.153749
vt 0.511867 0.370520
vt 0.275674 0.152563
vt 0.276291 0.151593
vt 0.278916 0.151746
vt 0.007455 0.966756
vt 0.208884 0.966756
vt 0.209888 0.967788
vt 0.209888 0.969480
vt 0.207463 0.971074
vt 0.206459 0.968350
s 0
f 2/1/1 3/2/1 1/3/1
f 4/4/2 7/5/2 3/6/2
f 8/7/3 5/8/3 7/9/3
f 6/10/4 1/11/4 5/12/4
f 7/13/5 1/14/5 3/15/5
f 4/16/6 6/17/6 8/18/6
f 10/19/1 11/20/1 9/21/1
f 12/22/2 15/23/2 11/24/2
f 16/25/3 13/26/3 15/27/3
f 14/28/4 9/29/4 13/30/4
f 15/31/5 9/32/5 11/33/5
f 12/34/6 14/35/6 16/36/6
f 18/37/1 19/38/1 17/39/1
f 20/40/2 23/41/2 19/42/2
f 24/43/3 21/44/3 23/45/3
f 22/46/4 17/47/4 21/48/4
f 23/49/5 17/50/5 19/51/5
f 20/52/6 22/53/6 24/54/6
f 26/55/1 27/56/1 25/57/1
f 28/58/2 31/59/2 27/60/2
f 32/61/3 29/62/3 31/63/3
f 30/64/4 25/65/4 29/66/4
f 31/67/5 25/68/5 27/69/5
f 28/70/6 30/71/6 32/72/6
f 34/73/1 35/74/1 33/75/1
f 36/76/2 39/77/2 35/78/2
f 40/79/3 37/80/3 39/81/3
f 38/82/4 33/83/4 37/84/4
f 39/85/5 33/86/5 35/87/5
f 36/88/6 38/89/6 40/90/6
f 42/91/1 43/92/1 41/93/1
f 44/94/2 47/95/2 43/96/2
f 48/97/3 45/98/3 47/99/3
f 46/100/4 41/101/4 45/102/4
f 47/103/5 41/104/5 43/105/5
f 44/106/6 46/107/6 48/108/6
f 50/109/1 51/110/1 49/111/1
f 52/112/2 55/113/2 51/114/2
f 56/115/3 53/116/3 55/117/3
f 54/118/4 49/119/4 53/120/4
f 55/121/5 49/122/5 51/123/5
f 52/124/6 54/125/6 56/126/6
f 58/127/1 59/128/1 57/129/1
f 60/130/2 63/131/2 59/132/2
f 64/133/3 61/134/3 63/135/3
f 62/136/4 57/137/4 61/138/4
f 63/139/5 57/140/5 59/141/5
f 60/142/6 62/143/6 64/144/6
f 66/145/1 67/146/1 65/147/1
f 68/148/2 71/149/2 67/150/2
f 72/151/3 69/152/3 71/153/3
f 70/154/4 65/155/4 69/156/4
f 71/157/5 65/158/5 67/159/5
f 68/160/6 70/161/6 72/162/6
f 74/163/1 75/164/1 73/165/1
f 76/166/2 79/167/2 75/168/2
f 80/169/3 77/170/3 79/171/3
f 78/172/4 73/173/4 77/174/4
f 79/175/5 73/176/5 75/177/5
f 76/178/6 78/179/6 80/180/6
f 82/181/1 83/182/1 81/183/1
f 84/184/2 87/185/2 83/186/2
f 88/187/3 85/188/3 87/189/3
f 86/190/4 81/191/4 85/192/4
f 87/193/5 81/194/5 83/195/5
f 84/196/6 86/197/6 88/198/6
f 90/199/1 91/200/1 89/201/1
f 92/202/2 95/203/2 91/204/2
f 96/205/3 93/206/3 95/207/3
f 94/208/4 89/209/4 93/210/4
f 95/211/5 89/212/5 91/213/5
f 92/214/6 94/215/6 96/216/6
f 98/217/1 99/218/1 97/219/1
f 100/220/2 103/221/2 99/222/2
f 104/223/3 101/224/3 103/225/3
f 102/226/4 97/227/4 101/228/4
f 103/229/5 97/230/5 99/231/5
f 100/232/6 102/233/6 104/234/6
f 106/235/1 107/236/1 105/237/1
f 108/238/2 111/239/2 107/240/2
f 112/241/3 109/242/3 111/243/3
f 110/244/4 105/245/4 109/246/4
f 111/247/5 105/248/5 107/249/5
f 108/250/6 110/251/6 112/252/6
f 114/253/1 115/254/1 113/255/1
f 116/256/2 119/257/2 115/258/2
f 120/259/3 117/260/3 119/261/3
f 118/262/4 113/263/4 117/264/4
f 119/265/5 113/266/5 115/267/5
f 116/268/6 118/269/6 120/270/6
f 122/271/1 123/272/1 121/273/1
f 124/274/2 127/275/2 123/276/2
f 128/277/3 125/278/3 127/279/3
f 126/280/4 121/281/4 125/282/4
f 127/283/5 121/284/5 123/285/5
f 124/286/6 126/287/6 128/288/6
f 130/289/1 131/290/1 129/291/1
f 132/292/2 135/293/2 131/294/2
f 136/295/3 133/296/3 135/297/3
f 134/298/4 129/299/4 133/300/4
f 135/301/5 129/302/5 131/303/5
f 132/304/6 134/305/6 136/306/6
f 138/307/1 139/308/1 137/309/1
f 140/310/2 143/311/2 139/312/2
f 144/313/3 141/314/3 143/315/3
f 142/316/4 137/317/4 141/318/4
f 143/319/5 137/320/5 139/321/5
f 140/322/6 142/323/6 144/324/6
f 146/325/1 147/326/1 145/327/1
f 148/328/2 151/329/2 147/330/2
f 152/331/3 149/332/3 151/333/3
f 150/334/4 145/335/4 149/336/4
f 151/337/5 145/338/5 147/339/5
f 148/340/6 150/341/6 152/342/6
f 154/343/1 155/344/1 153/345/1
f 156/346/2 159/347/2 155/348/2
f 160/349/3 157/350/3 159/351/3
f 158/352/4 153/353/4 157/354/4
f 159/355/5 153/356/5 155/357/5
f 156/358/6 158/359/6 160/360/6
f 162/361/1 163/362/1 161/363/1
f 164/364/2 167/365/2 163/366/2
f 168/367/3 165/368/3 167/369/3
f 166/370/4 161/371/4 165/372/4
f 167/373/5 161/374/5 163/375/5
f 164/376/6 166/377/6 168/378/6
f 170/379/1 171/380/1 169/381/1
f 172/382/2 175/383/2 171/384/2
f 176/385/3 173/386/3 175/387/3
f 174/388/4 169/389/4 173/390/4
f 175/391/5 169/392/5 171/393/5
f 172/394/6 174/395/6 176/396/6
f 178/397/1 179/398/1 177/399/1
f 180/400/2 183/401/2 179/402/2
f 184/403/3 181/404/3 183/405/3
f 182/406/4 177/407/4 181/408/4
f 183/409/5 177/410/5 179/411/5
f 180/412/6 182/413/6 184/414/6
f 186/415/1 187/416/1 185/417/1
f 188/418/2 191/419/2 187/420/2
f 192/421/3 189/422/3 191/423/3
f 190/424/4 185/425/4 189/426/4
f 191/427/5 185/428/5 187/429/5
f 188/430/6 190/431/6 192/432/6
f 194/433/1 195/434/1 193/435/1
f 196/436/2 199/437/2 195/438/2
f 200/439/3 197/440/3 199/441/3
f 198/442/4 193/443/4 197/444/4
f 199/445/5 193/446/5 195/447/5
f 196/448/6 198/449/6 200/450/6
f 202/451/1 203/452/1 201/453/1
f 204/454/2 207/455/2 203/456/2
f 208/457/3 205/458/3 207/459/3
f 206/460/4 201/461/4 205/462/4
f 207/463/5 201/464/5 203/465/5
f 204/466/6 206/467/6 208/468/6
f 210/469/1 211/470/1 209/471/1
f 212/472/2 215/473/2 211/474/2
f 216/475/3 213/476/3 215/477/3
f 214/478/4 209/479/4 213/480/4
f 215/481/5 209/482/5 211/483/5
f 212/484/6 214/485/6 216/486/6
f 218/487/1 219/488/1 217/489/1
f 220/490/2 223/491/2 219/492/2
f 224/493/3 221/494/3 223/495/3
f 222/496/4 217/497/4 221/498/4
f 223/499/5 217/500/5 219/501/5
f 220/502/6 222/503/6 224/504/6
f 226/505/1 227/506/1 225/507/1
f 228/508/2 231/509/2 227/510/2
f 232/511/3 229/512/3 231/513/3
f 230/514/4 225/515/4 229/516/4
f 231/517/5 225/518/5 227/519/5
f 228/520/6 230/521/6 232/522/6
f 234/523/1 235/524/1 233/525/1
f 236/526/2 239/527/2 235/528/2
f 240/529/3 237/530/3 239/531/3
f 238/532/4 233/533/4 237/534/4
f 239/535/5 233/536/5 235/537/5
f 236/538/6 238/539/6 240/540/6
f 242/541/1 243/542/1 241/543/1
f 244/544/2 247/545/2 243/546/2
f 248/547/3 245/548/3 247/549/3
f 246/550/4 241/551/4 245/552/4
f 247/553/5 241/554/5 243/555/5
f 244/556/6 246/557/6 248/558/6
f 250/559/1 251/560/1 249/561/1
f 252/562/2 255/563/2 251/564/2
f 256/565/3 253/566/3 255/567/3
f 254/568/4 249/569/4 253/570/4
f 255/571/5 249/572/5 251/573/5
f 252/574/6 254/575/6 256/576/6
f 258/577/1 259/578/1 257/579/1
f 260/580/2 263/581/2 259/582/2
f 264/583/3 261/584/3 263/585/3
f 262/586/4 257/587/4 261/588/4
f 263/589/5 257/590/5 259/591/5
f 260/592/6 262/593/6 264/594/6
f 266/595/1 267/596/1 265/597/1
f 268/598/2 271/599/2 267/600/2
f 272/601/3 269/602/3 271/603/3
f 270/604/4 265/605/4 269/606/4
f 271/607/5 265/608/5 267/609/5
f 268/610/6 270/611/6 272/612/6
f 274/613/1 275/614/1 273/615/1
f 276/616/2 279/617/2 275/618/2
f 280/619/3 277/620/3 279/621/3
f 278/622/4 273/623/4 277/624/4
f 279/625/5 273/626/5 275/627/5
f 276/628/6 278/629/6 280/630/6
f 282/631/1 283/632/1 281/633/1
f 284/634/2 287/635/2 283/636/2
f 288/637/3 285/638/3 287/639/3
f 286/640/4 281/641/4 285/642/4
f 287/643/5 281/644/5 283/645/5
f 284/646/6 286/647/6 288/648/6
f 290/649/1 291/650/1 289/651/1
f 292/652/2 295/653/2 291/654/2
f 296/655/3 293/656/3 295/657/3
f 294/658/4 289/659/4 293/660/4
f 295/661/5 289/662/5 291/663/5
f 292/664/6 294/665/6 296/666/6
f 298/667/1 299/668/1 297/669/1
f 300/670/2 303/671/2 299/672/2
f 304/673/3 301/674/3 303/675/3
f 302/676/4 297/677/4 301/678/4
f 303/679/5 297/680/5 299/681/5
f 300/682/6 302/683/6 304/684/6
f 306/685/1 307/686/1 305/687/1
f 308/688/2 311/689/2 307/690/2
f 312/691/3 309/692/3 311/693/3
f 310/694/4 305/695/4 309/696/4
f 311/697/5 305/698/5 307/699/5
f 308/700/6 310/701/6 312/702/6
f 314/703/1 315/704/1 313/705/1
f 316/706/2 319/707/2 315/708/2
f 320/709/3 317/710/3 319/711/3
f 318/712/4 313/713/4 317/714/4
f 319/715/5 313/716/5 315/717/5
f 316/718/6 318/719/6 320/720/6
f 322/721/1 323/722/1 321/723/1
f 324/724/2 327/725/2 323/726/2
f 328/727/3 325/728/3 327/729/3
f 326/730/4 321/731/4 325/732/4
f 327/733/5 321/734/5 323/735/5
f 324/736/6 326/737/6 328/738/6
f 330/739/1 331/740/1 329/741/1
f 332/742/2 335/743/2 331/744/2
f 336/745/3 333/746/3 335/747/3
f 334/748/4 329/749/4 333/750/4
f 335/751/5 329/752/5 331/753/5
f 332/754/6 334/755/6 336/756/6
f 338/757/1 339/758/1 337/759/1
f 340/760/2 343/761/2 339/762/2
f 344/763/3 341/764/3 343/765/3
f 342/766/4 337/767/4 341/768/4
f 343/769/5 337/770/5 339/771/5
f 340/772/6 342/773/6 344/774/6
f 346/775/1 347/776/1 345/777/1
f 348/778/2 351/779/2 347/780/2
f 352/781/3 349/782/3 351/783/3
f 350/784/4 345/785/4 349/786/4
f 351/787/5 345/788/5 347/789/5
f 348/790/6 350/791/6 352/792/6
f 354/793/1 355/794/1 353/795/1
f 356/796/2 359/797/2 355/798/2
f 360/799/3 357/800/3 359/801/3
f 358/802/4 353/803/4 357/804/4
f 359/805/5 353/806/5 355/807/5
f 356/808/6 358/809/6 360/810/6
f 362/811/1 363/812/1 361/813/1
f 364/814/2 367/815/2 363/816/2
f 368/817/3 365/818/3 367/819/3
f 366/820/4 361/821/4 365/822/4
f 367/823/5 361/824/5 363/825/5
f 364/826/6 366/827/6 368/828/6
f 370/829/1 371/830/1 369/831/1
f 372/832/2 375/833/2 371/834/2
f 376/835/3 373/836/3 375/837/3
f 374/838/4 369/839/4 373/840/4
f 375/841/5 369/842/5 371/843/5
f 372/844/6 374/845/6 376/846/6
f 378/847/1 379/848/1 377/849/1
f 380/850/2 383/851/2 379/852/2
f 384/853/3 381/854/3 383/855/3
f 382/856/4 377/857/4 381/858/4
f 383/859/5 377/860/5 379/861/5
f 380/862/6 382/863/6 384/864/6
f 386/865/1 387/866/1 385/867/1
f 388/868/2 391/869/2 387/870/2
f 392/871/3 389/872/3 391/873/3
f 390/874/4 385/875/4 389/876/4
f 391/877/5 385/878/5 387/879/5
f 388/880/6 390/881/6 392/882/6
f 394/883/1 395/884/1 393/885/1
f 396/886/2 399/887/2 395/888/2
f 400/889/3 397/890/3 399/891/3
f 398/892/4 393/893/4 397/894/4
f 399/895/5 393/896/5 395/897/5
f 396/898/6 398/899/6 400/900/6
f 402/901/1 403/902/1 401/903/1
f 404/904/2 407/905/2 403/906/2
f 408/907/3 405/908/3 407/909/3
f 406/910/4 401/911/4 405/912/4
f 407/913/5 401/914/5 403/915/5
f 404/916/6 406/917/6 408/918/6
f 410/919/1 411/920/1 409/921/1
f 412/922/2 415/923/2 411/924/2
f 416/925/3 413/926/3 415/927/3
f 414/928/4 409/929/4 413/930/4
f 415/931/5 409/932/5 411/933/5
f 412/934/6 414/935/6 416/936/6
f 418/937/1 419/938/1 417/939/1
f 420/940/2 423/941/2 419/942/2
f 424/943/3 421/944/3 423/945/3
f 422/946/4 417/947/4 421/948/4
f 423/949/5 417/950/5 419/951/5
f 420/952/6 422/953/6 424/954/6
f 426/955/1 427/956/1 425/957/1
f 428/958/2 431/959/2 427/960/2
f 432/961/3 429/962/3 431/963/3
f 430/964/4 425/965/4 429/966/4
f 431/967/5 425/968/5 427/969/5
f 428/970/6 430/971/6 432/972/6
f 434/973/1 435/974/1 433/975/1
f 436/976/2 439/977/2 435/978/2
f 440/979/3 437/980/3 439/981/3
f 438/982/4 433/983/4 437/984/4
f 439/985/5 433/986/5 435/987/5
f 436/988/6 438/989/6 440/990/6
f 442/991/1 443/992/1 441/993/1
f 444/994/2 447/995/2 443/996/2
f 448/997/3 445/998/3 447/999/3
f 446/1000/4 441/1001/4 445/1002/4
f 447/1003/5 441/1004/5 443/1005/5
f 444/1006/6 446/1007/6 448/1008/6
f 450/1009/1 451/1010/1 449/1011/1
f 452/1012/2 455/1013/2 451/1014/2
f 456/1015/3 453/1016/3 455/1017/3
f 454/1018/4 449/1019/4 453/1020/4
f 455/1021/5 449/1022/5 451/1023/5
f 452/1024/6 454/1025/6 456/1026/6
f 458/1027/1 459/1028/1 457/1029/1
f 460/1030/2 463/1031/2 459/1032/2
f 464/1033/3 461/1034/3 463/1035/3
f 462/1036/4 457/1037/4 461/1038/4
f 463/1039/5 457/1040/5 459/1041/5
f 460/1042/6 462/1043/6 464/1044/6
f 466/1045/1 467/1046/1 465/1047/1
f 468/1048/2 471/1049/2 467/1050/2
f 472/1051/3 469/1052/3 471/1053/3
f 470/1054/4 465/1055/4 469/1056/4
f 471/1057/5 465/1058/5 467/1059/5
f 468/1060/6 470/1061/6 472/1062/6
f 474/1063/1 475/1064/1 473/1065/1
f 476/1066/2 479/1067/2 475/1068/2
f 480/1069/3 477/1070/3 479/1071/3
f 478/1072/4 473/1073/4 477/1074/4
f 479/1075/5 473/1076/5 475/1077/5
f 476/1078/6 478/1079/6 480/1080/6
f 482/1081/1 483/1082/1 481/1083/1
f 484/1084/2 487/1085/2 483/1086/2
f 488/1087/3 485/1088/3 487/1089/3
f 486/1090/4 481/1091/4 485/1092/4
f 487/1093/5 481/1094/5 483/1095/5
f 484/1096/6 486/1097/6 488/1098/6
f 490/1099/1 491/1100/1 489/1101/1
f 492/1102/2 495/1103/2 491/1104/2
f 496/1105/3 493/1106/3 495/1107/3
f 494/1108/4 489/1109/4 493/1110/4
f 495/1111/5 489/1112/5 491/1113/5
f 492/1114/6 494/1115/6 496/1116/6
f 498/1117/1 499/1118/1 497/1119/1
f 500/1120/2 503/1121/2 499/1122/2
f 504/1123/3 501/1124/3 503/1125/3
f 502/1126/4 497/1127/4 501/1128/4
f 503/1129/5 497/1130/5 499/1131/5
f 500/1132/6 502/1133/6 504/1134/6
f 506/1135/1 507/1136/1 505/1137/1
f 508/1138/2 511/1139/2 507/1140/2
f 512/1141/3 509/1142/3 511/1143/3
f 510/1144/4 505/1145/4 509/1146/4
f 511/1147/5 505/1148/5 507/1149/5
f 508/1150/6 510/1151/6 512/1152/6
f 514/1153/1 515/1154/1 513/1155/1
f 516/1156/2 519/1157/2 515/1158/2
f 520/1159/3 517/1160/3 519/1161/3
f 518/1162/4 513/1163/4 517/1164/4
f 519/1165/5 513/1166/5 515/1167/5
f 516/1168/6 518/1169/6 520/1170/6
f 522/1171/1 523/1172/1 521/1173/1
f 524/1174/2 527/1175/2 523/1176/2
f 528/1177/3 525/1178/3 527/1179/3
f 526/1180/4 521/1181/4 525/1182/4
f 527/1183/5 521/1184/5 523/1185/5
f 524/1186/6 526/1187/6 528/1188/6
f 530/1189/1 531/1190/1 529/1191/1
f 532/1192/2 535/1193/2 531/1194/2
f 536/1195/3 533/1196/3 535/1197/3
f 534/1198/4 529/1199/4 533/1200/4
f 535/1201/5 529/1202/5 531/1203/5
f 532/1204/6 534/1205/6 536/1206/6
f 538/1207/1 539/1208/1 537/1209/1
f 540/1210/2 543/1211/2 539/1212/2
f 544/1213/3 541/1214/3 543/1215/3
f 542/1216/4 537/1217/4 541/1218/4
f 543/1219/5 537/1220/5 539/1221/5
f 540/1222/6 542/1223/6 544/1224/6
f 546/1225/1 547/1226/1 545/1227/1
f 548/1228/2 551/1229/2 547/1230/2
f 552/1231/3 549/1232/3 551/1233/3
f 550/1234/4 545/1235/4 549/1236/4
f 551/1237/5 545/1238/5 547/1239/5
f 548/1240/6 550/1241/6 552/1242/6
f 554/1243/1 555/1244/1 553/1245/1
f 556/1246/2 559/1247/2 555/1248/2
f 560/1249/3 557/1250/3 559/1251/3
f 558/1252/4 553/1253/4 557/1254/4
f 559/1255/5 553/1256/5 555/1257/5
f 556/1258/6 558/1259/6 560/1260/6
f 562/1261/1 563/1262/1 561/1263/1
f 564/1264/2 567/1265/2 563/1266/2
f 568/1267/3 565/1268/3 567/1269/3
f 566/1270/4 561/1271/4 565/1272/4
f 567/1273/5 561/1274/5 563/1275/5
f 564/1276/6 566/1277/6 568/1278/6
f 570/1279/1 571/1280/1 569/1281/1
f 572/1282/2 575/1283/2 571/1284/2
f 576/1285/3 573/1286/3 575/1287/3
f 574/1288/4 569/1289/4 573/1290/4
f 575/1291/5 569/1292/5 571/1293/5
f 572/1294/6 574/1295/6 576/1296/6
f 578/1297/1 579/1298/1 577/1299/1
f 580/1300/2 583/1301/2 579/1302/2
f 584/1303/3 581/1304/3 583/1305/3
f 582/1306/4 577/1307/4 581/1308/4
f 583/1309/5 577/1310/5 579/1311/5
f 580/1312/6 582/1313/6 584/1314/6
f 586/1315/1 587/1316/1 585/1317/1
f 588/1318/2 591/1319/2 587/1320/2
f 592/1321/3 589/1322/3 591/1323/3
f 590/1324/4 585/1325/4 589/1326/4
f 591/1327/5 585/1328/5 587/1329/5
f 588/1330/6 590/1331/6 592/1332/6
f 594/1333/1 595/1334/1 593/1335/1
f 596/1336/2 599/1337/2 595/1338/2
f 600/1339/3 597/1340/3 599/1341/3
f 598/1342/4 593/1343/4 597/1344/4
f 599/1345/5 593/1346/5 595/1347/5
f 596/1348/6 598/1349/6 600/1350/6
f 602/1351/1 603/1352/1 601/1353/1
f 604/1354/2 607/1355/2 603/1356/2
f 608/1357/3 605/1358/3 607/1359/3
f 606/1360/4 601/1361/4 605/1362/4
f 607/1363/5 601/1364/5 603/1365/5
f 604/1366/6 606/1367/6 608/1368/6
f 610/1369/1 611/1370/1 609/1371/1
f 612/1372/2 615/1373/2 611/1374/2
f 616/1375/3 613/1376/3 615/1377/3
f 614/1378/4 609/1379/4 613/1380/4
f 615/1381/5 609/1382/5 611/1383/5
f 612/1384/6 614/1385/6 616/1386/6
f 618/1387/1 619/1388/1 617/1389/1
f 620/1390/2 623/1391/2 619/1392/2
f 624/1393/3 621/1394/3 623/1395/3
f 622/1396/4 617/1397/4 621/1398/4
f 623/1399/5 617/1400/5 619/1401/5
f 620/1402/6 622/1403/6 624/1404/6
f 626/1405/1 627/1406/1 625/1407/1
f 628/1408/2 631/1409/2 627/1410/2
f 632/1411/3 629/1412/3 631/1413/3
f 630/1414/4 625/1415/4 629/1416/4
f 631/1417/5 625/1418/5 627/1419/5
f 628/1420/6 630/1421/6 632/1422/6
f 634/1423/1 635/1424/1 633/1425/1
f 636/1426/2 639/1427/2 635/1428/2
f 640/1429/3 637/1430/3 639/1431/3
f 638/1432/4 633/1433/4 637/1434/4
f 639/1435/5 633/1436/5 635/1437/5
f 636/1438/6 638/1439/6 640/1440/6
f 642/1441/1 643/1442/1 641/1443/1
f 644/1444/2 647/1445/2 643/1446/2
f 648/1447/3 645/1448/3 647/1449/3
f 646/1450/4 641/1451/4 645/1452/4
f 647/1453/5 641/1454/5 643/1455/5
f 644/1456/6 646/1457/6 648/1458/6
f 650/1459/1 651/1460/1 649/1461/1
f 652/1462/2 655/1463/2 651/1464/2
f 656/1465/3 653/1466/3 655/1467/3
f 654/1468/4 649/1469/4 653/1470/4
f 655/1471/5 649/1472/5 651/1473/5
f 652/1474/6 654/1475/6 656/1476/6
f 658/1477/1 659/1478/1 657/1479/1
f 660/1480/2 663/1481/2 659/1482/2
f 664/1483/3 661/1484/3 663/1485/3
f 662/1486/4 657/1487/4 661/1488/4
f 663/1489/5 657/1490/5 659/1491/5
f 660/1492/6 662/1493/6 664/1494/6
f 666/1495/1 667/1496/1 665/1497/1
f 668/1498/2 671/1499/2 667/1500/2
f 672/1501/3 669/1502/3 671/1503/3
f 670/1504/4 665/1505/4 669/1506/4
f 671/1507/5 665/1508/5 667/1509/5
f 668/1510/6 670/1511/6 672/1512/6
f 674/1513/1 675/1514/1 673/1515/1
f 676/1516/2 679/1517/2 675/1518/2
f 680/1519/3 677/1520/3 679/1521/3
f 678/1522/4 673/1523/4 677/1524/4
f 679/1525/5 673/1526/5 675/1527/5
f 676/1528/6 678/1529/6 680/1530/6
f 682/1531/1 683/1532/1 681/1533/1
f 684/1534/2 687/1535/2 683/1536/2
f 688/1537/3 685/1538/3 687/1539/3
f 686/1540/4 681/1541/4 685/1542/4
f 687/1543/5 681/1544/5 683/1545/5
f 684/1546/6 686/1547/6 688/1548/6
f 690/1549/1 691/1550/1 689/1551/1
f 692/1552/2 695/1553/2 691/1554/2
f 696/1555/3 693/1556/3 695/1557/3
f 694/1558/4 689/1559/4 693/1560/4
f 695/1561/5 689/1562/5 691/1563/5
f 692/1564/6 694/1565/6 696/1566/6
f 698/1567/1 699/1568/1 697/1569/1
f 700/1570/2 703/1571/2 699/1572/2
f 704/1573/3 701/1574/3 703/1575/3
f 702/1576/4 697/1577/4 701/1578/4
f 703/1579/5 697/1580/5 699/1581/5
f 700/1582/6 702/1583/6 704/1584/6
f 706/1585/1 707/1586/1 705/1587/1
f 708/1588/2 711/1589/2 707/1590/2
f 712/1591/3 709/1592/3 711/1593/3
f 710/1594/4 705/1595/4 709/1596/4
f 711/1597/5 705/1598/5 707/1599/5
f 708/1600/6 710/1601/6 712/1602/6
f 714/1603/1 715/1604/1 713/1605/1
f 716/1606/2 719/1607/2 715/1608/2
f 720/1609/3 717/1610/3 719/1611/3
f 718/1612/4 713/1613/4 717/1614/4
f 719/1615/5 713/1616/5 715/1617/5
f 716/1618/6 718/1619/6 720/1620/6
f 722/1621/1 723/1622/1 721/1623/1
f 724/1624/2 727/1625/2 723/1626/2
f 728/1627/3 725/1628/3 727/1629/3
f 726/1630/4 721/1631/4 725/1632/4
f 727/1633/5 721/1634/5 723/1635/5
f 724/1636/6 726/1637/6 728/1638/6
f 730/1639/1 731/1640/1 729/1641/1
f 732/1642/2 735/1643/2 731/1644/2
f 736/1645/3 733/1646/3 735/1647/3
f 734/1648/4 729/1649/4 733/1650/4
f 735/1651/5 729/1652/5 731/1653/5
f 732/1654/6 734/1655/6 736/1656/6
f 738/1657/1 739/1658/1 737/1659/1
f 740/1660/2 743/1661/2 739/1662/2
f 744/1663/3 741/1664/3 743/1665/3
f 742/1666/4 737/1667/4 741/1668/4
f 743/1669/5 737/1670/5 739/1671/5
f 740/1672/6 742/1673/6 744/1674/6
f 746/1675/1 747/1676/1 745/1677/1
f 748/1678/2 751/1679/2 747/1680/2
f 752/1681/3 749/1682/3 751/1683/3
f 750/1684/4 745/1685/4 749/1686/4
f 751/1687/5 745/1688/5 747/1689/5
f 748/1690/6 750/1691/6 752/1692/6
f 754/1693/1 755/1694/1 753/1695/1
f 756/1696/2 759/1697/2 755/1698/2
f 760/1699/3 757/1700/3 759/1701/3
f 758/1702/4 753/1703/4 757/1704/4
f 759/1705/5 753/1706/5 755/1707/5
f 756/1708/6 758/1709/6 760/1710/6
f 762/1711/1 763/1712/1 761/1713/1
f 764/1714/2 767/1715/2 763/1716/2
f 768/1717/3 765/1718/3 767/1719/3
f 766/1720/4 761/1721/4 765/1722/4
f 767/1723/5 761/1724/5 763/1725/5
f 764/1726/6 766/1727/6 768/1728/6
f 770/1729/1 771/1730/1 769/1731/1
f 772/1732/2 775/1733/2 771/1734/2
f 776/1735/3 773/1736/3 775/1737/3
f 774/1738/4 769/1739/4 773/1740/4
f 775/1741/5 769/1742/5 771/1743/5
f 772/1744/6 774/1745/6 776/1746/6
f 778/1747/1 779/1748/1 777/1749/1
f 780/1750/2 783/1751/2 779/1752/2
f 784/1753/3 781/1754/3 783/1755/3
f 782/1756/4 777/1757/4 781/1758/4
f 783/1759/5 777/1760/5 779/1761/5
f 780/1762/6 782/1763/6 784/1764/6
f 786/1765/1 787/1766/1 785/1767/1
f 788/1768/2 791/1769/2 787/1770/2
f 792/1771/3 789/1772/3 791/1773/3
f 790/1774/4 785/1775/4 789/1776/4
f 791/1777/5 785/1778/5 787/1779/5
f 788/1780/6 790/1781/6 792/1782/6
f 794/1783/1 795/1784/1 793/1785/1
f 796/1786/2 799/1787/2 795/1788/2
f 800/1789/3 797/1790/3 799/1791/3
f 798/1792/4 793/1793/4 797/1794/4
f 799/1795/5 793/1796/5 795/1797/5
f 796/1798/6 798/1799/6 800/1800/6
f 802/1801/1 803/1802/1 801/1803/1
f 804/1804/2 807/1805/2 803/1806/2
f 808/1807/3 805/1808/3 807/1809/3
f 806/1810/4 801/1811/4 805/1812/4
f 807/1813/5 801/1814/5 803/1815/5
f 804/1816/6 806/1817/6 808/1818/6
f 810/1819/1 811/1820/1 809/1821/1
f 812/1822/2 815/1823/2 811/1824/2
f 816/1825/3 813/1826/3 815/1827/3
f 814/1828/4 809/1829/4 813/1830/4
f 815/1831/5 809/1832/5 811/1833/5
f 812/1834/6 814/1835/6 816/1836/6
f 818/1837/1 819/1838/1 817/1839/1
f 820/1840/2 823/1841/2 819/1842/2
f 824/1843/3 821/1844/3 823/1845/3
f 822/1846/4 817/1847/4 821/1848/4
f 823/1849/5 817/1850/5 819/1851/5
f 820/1852/6 822/1853/6 824/1854/6
f 826/1855/1 827/1856/1 825/1857/1
f 828/1858/2 831/1859/2 827/1860/2
f 832/1861/3 829/1862/3 831/1863/3
f 830/1864/4 825/1865/4 829/1866/4
f 831/1867/5 825/1868/5 827/1869/5
f 828/1870/6 830/1871/6 832/1872/6
f 834/1873/1 835/1874/1 833/1875/1
f 836/1876/2 839/1877/2 835/1878/2
f 840/1879/3 837/1880/3 839/1881/3
f 838/1882/4 833/1883/4 837/1884/4
f 839/1885/5 833/1886/5 835/1887/5
f 836/1888/6 838/1889/6 840/1890/6
f 842/1891/1 843/1892/1 841/1893/1
f 844/1894/2 847/1895/2 843/1896/2
f 848/1897/3 845/1898/3 847/1899/3
f 846/1900/4 841/1901/4 845/1902/4
f 847/1903/5 841/1904/5 843/1905/5
f 844/1906/6 846/1907/6 848/1908/6
f 850/1909/1 851/1910/1 849/1911/1
f 852/1912/2 855/1913/2 851/1914/2
f 856/1915/3 853/1916/3 855/1917/3
f 854/1918/4 849/1919/4 853/1920/4
f 855/1921/5 849/1922/5 851/1923/5
f 852/1924/6 854/1925/6 856/1926/6
f 858/1927/1 859/1928/1 857/1929/1
f 860/1930/2 863/1931/2 859/1932/2
f 864/1933/3 861/1934/3 863/1935/3
f 862/1936/4 857/1937/4 861/1938/4
f 863/1939/5 857/1940/5 859/1941/5
f 860/1942/6 862/1943/6 864/1944/6
f 866/1945/1 867/1946/1 865/1947/1
f 868/1948/2 871/1949/2 867/1950/2
f 872/1951/3 869/1952/3 871/1953/3
f 870/1954/4 865/1955/4 869/1956/4
f 871/1957/5 865/1958/5 867/1959/5
f 868/1960/6 870/1961/6 872/1962/6
f 874/1963/1 875/1964/1 873/1965/1
f 876/1966/2 879/1967/2 875/1968/2
f 880/1969/3 877/1970/3 879/1971/3
f 878/1972/4 873/1973/4 877/1974/4
f 879/1975/5 873/1976/5 875/1977/5
f 876/1978/6 878/1979/6 880/1980/6
f 882/1981/1 883/1982/1 881/1983/1
f 884/1984/2 887/1985/2 883/1986/2
f 888/1987/3 885/1988/3 887/1989/3
f 886/1990/4 881/1991/4 885/1992/4
f 887/1993/5 881/1994/5 883/1995/5
f 884/1996/6 886/1997/6 888/1998/6
f 890/1999/1 891/2000/1 889/2001/1
f 892/2002/2 895/2003/2 891/2004/2
f 896/2005/3 893/2006/3 895/2007/3
f 894/2008/4 889/2009/4 893/2010/4
f 895/2011/5 889/2012/5 891/2013/5
f 892/2014/6 894/2015/6 896/2016/6
f 898/2017/1 899/2018/1 897/2019/1
f 900/2020/2 903/2021/2 899/2022/2
f 904/2023/3 901/2024/3 903/2025/3
f 902/2026/4 897/2027/4 901/2028/4
f 903/2029/5 897/2030/5 899/2031/5
f 900/2032/6 902/2033/6 904/2034/6
f 906/2035/1 907/2036/1 905/2037/1
f 908/2038/2 911/2039/2 907/2040/2
f 912/2041/3 909/2042/3 911/2043/3
f 910/2044/4 905/2045/4 909/2046/4
f 911/2047/5 905/2048/5 907/2049/5
f 908/2050/6 910/2051/6 912/2052/6
f 914/2053/1 915/2054/1 913/2055/1
f 916/2056/2 919/2057/2 915/2058/2
f 920/2059/3 917/2060/3 919/2061/3
f 918/2062/4 913/2063/4 917/2064/4
f 919/2065/5 913/2066/5 915/2067/5
f 916/2068/6 918/2069/6 920/2070/6
f 922/2071/1 923/2072/1 921/2073/1
f 924/2074/2 927/2075/2 923/2076/2
f 928/2077/3 925/2078/3 927/2079/3
f 926/2080/4 921/2081/4 925/2082/4
f 927/2083/5 921/2084/5 923/2085/5
f 924/2086/6 926/2087/6 928/2088/6
f 930/2089/1 931/2090/1 929/2091/1
f 932/2092/2 935/2093/2 931/2094/2
f 936/2095/3 933/2096/3 935/2097/3
f 934/2098/4 929/2099/4 933/2100/4
f 935/2101/5 929/2102/5 931/2103/5
f 932/2104/6 934/2105/6 936/2106/6
f 938/2107/1 939/2108/1 937/2109/1
f 940/2110/2 943/2111/2 939/2112/2
f 944/2113/3 941/2114/3 943/2115/3
f 942/2116/4 937/2117/4 941/2118/4
f 943/2119/5 937/2120/5 939/2121/5
f 940/2122/6 942/2123/6 944/2124/6
f 946/2125/1 947/2126/1 945/2127/1
f 948/2128/2 951/2129/2 947/2130/2
f 952/2131/3 949/2132/3 951/2133/3
f 950/2134/4 945/2135/4 949/2136/4
f 951/2137/5 945/2138/5 947/2139/5
f 948/2140/6 950/2141/6 952/2142/6
f 954/2143/1 955/2144/1 953/2145/1
f 956/2146/2 959/2147/2 955/2148/2
f 960/2149/3 957/2150/3 959/2151/3
f 958/2152/4 953/2153/4 957/2154/4
f 959/2155/5 953/2156/5 955/2157/5
f 956/2158/6 958/2159/6 960/2160/6
f 962/2161/1 963/2162/1 961/2163/1
f 964/2164/2 967/2165/2 963/2166/2
f 968/2167/3 965/2168/3 967/2169/3
f 966/2170/4 961/2171/4 965/2172/4
f 967/2173/5 961/2174/5 963/2175/5
f 964/2176/6 966/2177/6 968/2178/6
f 970/2179/1 971/2180/1 969/2181/1
f 972/2182/2 975/2183/2 971/2184/2
f 976/2185/3 973/2186/3 975/2187/3
f 974/2188/4 969/2189/4 973/2190/4
f 975/2191/5 969/2192/5 971/2193/5
f 972/2194/6 974/2195/6 976/2196/6
f 978/2197/1 979/2198/1 977/2199/1
f 980/2200/2 983/2201/2 979/2202/2
f 984/2203/3 981/2204/3 983/2205/3
f 982/2206/4 977/2207/4 981/2208/4
f 983/2209/5 977/2210/5 979/2211/5
f 980/2212/6 982/2213/6 984/2214/6
f 986/2215/1 987/2216/1 985/2217/1
f 988/2218/2 991/2219/2 987/2220/2
f 992/2221/3 989/2222/3 991/2223/3
f 990/2224/4 985/2225/4 989/2226/4
f 991/2227/5 985/2228/5 987/2229/5
f 988/2230/6 990/2231/6 992/2232/6
f 994/2233/1 995/2234/1 993/2235/1
f 996/2236/2 999/2237/2 995/2238/2
f 1000/2239/3 997/2240/3 999/2241/3
f 998/2242/4 993/2243/4 997/2244/4
f 999/2245/5 993/2246/5 995/2247/5
f 996/2248/6 998/2249/6 1000/2250/6
f 1002/2251/1 1003/2252/1 1001/2253/1
f 1004/2254/2 1007/2255/2 1003/2256/2
f 1008/2257/3 1005/2258/3 1007/2259/3
f 1006/2260/4 1001/2261/4 1005/2262/4
f 1007/2263/5 1001/2264/5 1003/2265/5
f 1004/2266/6 1006/2267/6 1008/2268/6
f 1010/2269/1 1011/2270/1 1009/2271/1
f 1012/2272/2 1015/2273/2 1011/2274/2
f 1016/2275/3 1013/2276/3 1015/2277/3
f 1014/2278/4 1009/2279/4 1013/2280/4
f 1015/2281/5 1009/2282/5 1011/2283/5
f 1012/2284/6 1014/2285/6 1016/2286/6
f 1018/2287/1 1019/2288/1 1017/2289/1
f 1020/2290/2 1023/2291/2 1019/2292/2
f 1024/2293/3 1021/2294/3 1023/2295/3
f 1022/2296/4 1017/2297/4 1021/2298/4
f 1023/2299/5 1017/2300/5 1019/2301/5
f 1020/2302/6 1022/2303/6 1024/2304/6
f 1026/2305/1 1027/2306/1 1025/2307/1
f 1028/2308/2 1031/2309/2 1027/2310/2
f 1032/2311/3 1029/2312/3 1031/2313/3
f 1030/2314/4 1025/2315/4 1029/2316/4
f 1031/2317/5 1025/2318/5 1027/2319/5
f 1028/2320/6 1030/2321/6 1032/2322/6
f 1033/2323/7 1034/2324/7 1035/2325/7
f 1034/2324/8 1033/2323/8 1038/2326/8
f 1033/2327/9 1035/2328/9 1036/2329/9
f 1033/2327/10 1036/2329/10 1037/2330/10
f 1033/2331/11 1037/2332/11 1038/2333/11
f 1034/2334/12 1038/2335/12 1043/2336/12
f 1035/2337/13 1034/2338/13 1039/2339/13
f 1036/2340/14 1035/2337/14 1040/2341/14
f 1037/2330/15 1036/2329/15 1041/2342/15
f 1038/2333/16 1037/2332/16 1042/2343/16
f 1034/2334/17 1043/2336/17 1039/2344/17
f 1035/2337/18 1039/2339/18 1040/2341/18
f 1036/2345/19 1040/2346/19 1041/2347/19
f 1037/2348/20 1041/2347/20 1042/2349/20
f 1038/2333/21 1042/2343/21 1043/2350/21
f 1039/2344/22 1043/2336/22 1044/2351/22
f 1040/2352/23 1039/2344/23 1044/2351/23
f 1041/2347/24 1040/2346/24 1044/2353/24
f 1042/2349/25 1041/2347/25 1044/2353/25
f 1043/2336/26 1042/2354/26 1044/2351/26
f 1045/2355/27 1046/2356/27 1047/2357/27
f 1046/2356/28 1045/2355/28 1050/2358/28
f 1045/2359/29 1047/2360/29 1048/2361/29
f 1045/2362/30 1048/2363/30 1049/2364/30
f 1045/2362/31 1049/2364/31 1050/2365/31
f 1046/2366/32 1050/2367/32 1055/2368/32
f 1047/2357/33 1046/2356/33 1051/2369/33
f 1048/2361/34 1047/2360/34 1052/2370/34
f 1049/2371/35 1048/2372/35 1053/2373/35
f 1050/2367/36 1049/2374/36 1054/2375/36
f 1046/2356/37 1055/2376/37 1051/2369/37
f 1047/2360/38 1051/2377/38 1052/2370/38
f 1048/2361/39 1052/2370/39 1053/2378/39
f 1049/2371/40 1053/2373/40 1054/2379/40
f 1050/2367/41 1054/2375/41 1055/2368/41
f 1051/2380/42 1055/2381/42 1056/2382/42
f 1052/2383/43 1051/2380/43 1056/2382/43
f 1053/2373/44 1052/2384/44 1056/2385/44
f 1054/2379/45 1053/2373/45 1056/2385/45
f 1055/2381/46 1054/2386/46 1056/2382/46
f 1057/2387/47 1058/2388/47 1059/2389/47
f 1058/2388/48 1057/2387/48 1062/2390/48
f 1057/2391/49 1059/2392/49 1060/2393/49
f 1057/2391/50 1060/2393/50 1061/2394/50
f 1057/2395/51 1061/2396/51 1062/2397/51
f 1058/2388/52 1062/2390/52 1067/2398/52
f 1059/2389/53 1058/2388/53 1063/2399/53
f 1060/2393/54 1059/2392/54 1064/2400/54
f 1061/2394/55 1060/2393/55 1065/2401/55
f 1062/2397/56 1061/2396/56 1066/2402/56
f 1058/2388/57 1067/2398/57 1063/2399/57
f 1059/2403/58 1063/2404/58 1064/2405/58
f 1060/2406/59 1064/2407/59 1065/2408/59
f 1061/2396/60 1065/2409/60 1066/2402/60
f 1062/2397/61 1066/2402/61 1067/2410/61
f 1063/2411/62 1067/2412/62 1068/2413/62
f 1064/2405/63 1063/2404/63 1068/2414/63
f 1065/2408/64 1064/2407/64 1068/2415/64
f 1066/2416/65 1065/2408/65 1068/2415/65
f 1067/2412/66 1066/2417/66 1068/2413/66
f 1069/2418/67 1070/2419/67 1071/2420/67
f 1070/2419/68 1069/2418/68 1074/2421/68
f 1069/2422/69 1071/2423/69 1072/2424/69
f 1069/2422/70 1072/2424/70 1073/2425/70
f 1069/2418/71 1073/2426/71 1074/2421/71
f 1070/2427/72 1074/2428/72 1079/2429/72
f 1071/2430/73 1070/2431/73 1075/2432/73
f 1072/2424/74 1071/2423/74 1076/2433/74
f 1073/2434/75 1072/2435/75 1077/2436/75
f 1074/2437/76 1073/2438/76 1078/2439/76
f 1070/2427/77 1079/2429/77 1075/2440/77
f 1071/2430/78 1075/2432/78 1076/2441/78
f 1072/2435/79 1076/2442/79 1077/2436/79
f 1073/2438/80 1077/2443/80 1078/2439/80
f 1074/2428/81 1078/2444/81 1079/2429/81
f 1075/2440/82 1079/2429/82 1080/2445/82
f 1076/2441/83 1075/2432/83 1080/2446/83
f 1077/2436/84 1076/2442/84 1080/2447/84
f 1078/2448/85 1077/2436/85 1080/2447/85
f 1079/2429/86 1078/2444/86 1080/2445/86
f 1081/2449/87 1082/2450/87 1083/2451/87
f 1082/2450/88 1081/2449/88 1086/2452/88
f 1081/2453/89 1083/2454/89 1084/2455/89
f 1081/2453/90 1084/2455/90 1085/2456/90
f 1081/2453/91 1085/2456/91 1086/2457/91
f 1082/2450/92 1086/2452/92 1091/2458/92
f 1083/2451/93 1082/2450/93 1087/2459/93
f 1084/2460/94 1083/2461/94 1088/2462/94
f 1085/2456/95 1084/2455/95 1089/2463/95
f 1086/2464/96 1085/2465/96 1090/2466/96
f 1082/2467/97 1091/2468/97 1087/2469/97
f 1083/2461/98 1087/2470/98 1088/2462/98
f 1084/2471/99 1088/2472/99 1089/2473/99
f 1085/2465/100 1089/2474/100 1090/2466/100
f 1086/2464/101 1090/2466/101 1091/2475/101
f 1087/2469/102 1091/2468/102 1092/2476/102
f 1088/2462/103 1087/2470/103 1092/2477/103
f 1089/2473/104 1088/2472/104 1092/2478/104
f 1090/2479/105 1089/2473/105 1092/2478/105
f 1091/2480/106 1090/2479/106 1092/2478/106
f 1093/2481/107 1094/2482/107 1095/2483/107
f 1094/2482/108 1093/2481/108 1098/2484/108
f 1093/2485/109 1095/2486/109 1096/2487/109
f 1093/2485/110 1096/2487/110 1097/2488/110
f 1093/2485/111 1097/2488/111 1098/2489/111
f 1094/2490/112 1098/2491/112 1103/2492/112
f 1095/2483/113 1094/2482/113 1099/2493/113
f 1096/2494/114 1095/2495/114 1100/2496/114
f 1097/2497/115 1096/2498/115 1101/2499/115
f 1098/2491/116 1097/2500/116 1102/2501/116
f 1094/2502/117 1103/2503/117 1099/2504/117
f 1095/2495/118 1099/2505/118 1100/2496/118
f 1096/2498/119 1100/2506/119 1101/2499/119
f 1097/2497/120 1101/2499/120 1102/2507/120
f 1098/2491/121 1102/2501/121 1103/2492/121
f 1099/2504/122 1103/2503/122 1104/2508/122
f 1100/2509/123 1099/2504/123 1104/2508/123
f 1101/2499/124 1100/2506/124 1104/2510/124
f 1102/2507/125 1101/2499/125 1104/2510/125
f 1103/2503/126 1102/2511/126 1104/2508/126
f 1105/2512/127 1106/2513/127 1107/2514/127
f 1106/2513/128 1105/2512/128 1110/2515/128
f 1105/2516/129 1107/2517/129 1108/2518/129
f 1105/2516/130 1108/2518/130 1109/2519/130
f 1105/2512/131 1109/2520/131 1110/2515/131
f 1106/2521/132 1110/2522/132 1115/2523/132
f 1107/2524/133 1106/2525/133 1111/2526/133
f 1108/2527/134 1107/2524/134 1112/2528/134
f 1109/2519/135 1108/2518/135 1113/2529/135
f 1110/2530/136 1109/2531/136 1114/2532/136
f 1106/2521/137 1115/2523/137 1111/2533/137
f 1107/2524/138 1111/2526/138 1112/2528/138
f 1108/2534/139 1112/2535/139 1113/2536/139
f 1109/2531/140 1113/2537/140 1114/2532/140
f 1110/2522/141 1114/2538/141 1115/2523/141
f 1111/2533/142 1115/2523/142 1116/2539/142
f 1112/2535/143 1111/2540/143 1116/2541/143
f 1113/2536/144 1112/2535/144 1116/2541/144
f 1114/2542/145 1113/2536/145 1116/2541/145
f 1115/2523/146 1114/2538/146 1116/2539/146
f 1117/2543/147 1118/2544/147 1119/2545/147
f 1118/2544/148 1117/2543/148 1122/2546/148
f 1117/2547/149 1119/2548/149 1120/2549/149
f 1117/2550/150 1120/2551/150 1121/2552/150
f 1117/2550/151 1121/2552/151 1122/2553/151
f 1118/2554/152 1122/2555/152 1127/2556/152
f 1119/2545/153 1118/2544/153 1123/2557/153
f 1120/2549/154 1119/2548/154 1124/2558/154
f 1121/2559/155 1120/2549/155 1125/2560/155
f 1122/2561/156 1121/2562/156 1126/2563/156
f 1118/2554/157 1127/2556/157 1123/2564/157
f 1119/2548/158 1123/2565/158 1124/2558/158
f 1120/2549/159 1124/2558/159 1125/2560/159
f 1121/2562/160 1125/2566/160 1126/2563/160
f 1122/2555/161 1126/2567/161 1127/2556/161
f 1123/2568/162 1127/2569/162 1128/2570/162
f 1124/2571/163 1123/2568/163 1128/2570/163
f 1125/2560/164 1124/2558/164 1128/2572/164
f 1126/2563/165 1125/2566/165 1128/2573/165
f 1127/2574/166 1126/2563/166 1128/2573/166
f 1129/2575/167 1130/2576/167 1131/2577/167
f 1130/2578/168 1129/2579/168 1134/2580/168
f 1129/2575/169 1131/2577/169 1132/2581/169
f 1129/2582/170 1132/2583/170 1133/2584/170
f 1129/2579/171 1133/2585/171 1134/2580/171
f 1130/2586/172 1134/2587/172 1139/2588/172
f 1131/2577/173 1130/2576/173 1135/2589/173
f 1132/2581/174 1131/2577/174 1136/2590/174
f 1133/2584/175 1132/2583/175 1137/2591/175
f 1134/2592/176 1133/2593/176 1138/2594/176
f 1130/2586/177 1139/2588/177 1135/2595/177
f 1131/2596/178 1135/2597/178 1136/2598/178
f 1132/2583/179 1136/2599/179 1137/2591/179
f 1133/2593/180 1137/2600/180 1138/2594/180
f 1134/2592/181 1138/2594/181 1139/2601/181
f 1135/2597/182 1139/2602/182 1140/2603/182
f 1136/2598/183 1135/2597/183 1140/2603/183
f 1137/2604/184 1136/2598/184 1140/2603/184
f 1138/2594/185 1137/2600/185 1140/2605/185
f 1139/2601/186 1138/2594/186 1140/2605/186
f 1141/2606/187 1142/2607/187 1143/2608/187
f 1142/2607/188 1141/2606/188 1146/2609/188
f 1141/2610/189 1143/2611/189 1144/2612/189
f 1141/2610/190 1144/2612/190 1145/2613/190
f 1141/2614/191 1145/2615/191 1146/2616/191
f 1142/2607/192 1146/2609/192 1151/2617/192
f 1143/2618/193 1142/2619/193 1147/2620/193
f 1144/2621/194 1143/2618/194 1148/2622/194
f 1145/2623/195 1144/2624/195 1149/2625/195
f 1146/2616/196 1145/2615/196 1150/2626/196
f 1142/2627/197 1151/2628/197 1147/2629/197
f 1143/2618/198 1147/2620/198 1148/2622/198
f 1144/2624/199 1148/2630/199 1149/2625/199
f 1145/2623/200 1149/2625/200 1150/2631/200
f 1146/2632/201 1150/2633/201 1151/2628/201
f 1147/2629/202 1151/2628/202 1152/2634/202
f 1148/2622/203 1147/2620/203 1152/2635/203
f 1149/2625/204 1148/2630/204 1152/2636/204
f 1150/2631/205 1149/2625/205 1152/2636/205
f 1151/2628/206 1150/2633/206 1152/2634/206
f 1154/2637/1 1155/2638/1 1153/2639/1
f 1156/2640/2 1159/2641/2 1155/2642/2
f 1160/2643/3 1157/2644/3 1159/2645/3
f 1158/2646/4 1153/2647/4 1157/2648/4
f 1159/2649/5 1153/2650/5 1155/2651/5
f 1156/2652/6 1158/2653/6 1160/2654/6
f 1162/2655/1 1163/2656/1 1161/2657/1
f 1164/2658/2 1167/2659/2 1163/2660/2
f 1168/2661/3 1165/2662/3 1167/2663/3
f 1166/2664/4 1161/2665/4 1165/2666/4
f 1167/2667/5 1161/2668/5 1163/2669/5
f 1164/2670/6 1166/2671/6 1168/2672/6
f 1170/2673/1 1171/2674/1 1169/2675/1
f 1172/2676/2 1175/2677/2 1171/2678/2
f 1176/2679/3 1173/2680/3 1175/2681/3
f 1174/2682/4 1169/2683/4 1173/2684/4
f 1175/2685/5 1169/2686/5 1171/2687/5
f 1172/2688/6 1174/2689/6 1176/2690/6
f 1178/2691/1 1179/2692/1 1177/2693/1
f 1180/2694/2 1183/2695/2 1179/2696/2
f 1184/2697/3 1181/2698/3 1183/2699/3
f 1182/2700/4 1177/2701/4 1181/2702/4
f 1183/2703/5 1177/2704/5 1179/2705/5
f 1180/2706/6 1182/2707/6 1184/2708/6
f 1186/2709/1 1187/2710/1 1185/2711/1
f 1188/2712/2 1191/2713/2 1187/2714/2
f 1192/2715/3 1189/2716/3 1191/2717/3
f 1190/2718/4 1185/2719/4 1189/2720/4
f 1191/2721/5 1185/2722/5 1187/2723/5
f 1188/2724/6 1190/2725/6 1192/2726/6
f 1194/2727/1 1195/2728/1 1193/2729/1
f 1196/2730/2 1199/2731/2 1195/2732/2
f 1200/2733/3 1197/2734/3 1199/2735/3
f 1198/2736/4 1193/2737/4 1197/2738/4
f 1199/2739/5 1193/2740/5 1195/2741/5
f 1196/2742/6 1198/2743/6 1200/2744/6
f 1202/2745/1 1203/2746/1 1201/2747/1
f 1204/2748/2 1207/2749/2 1203/2750/2
f 1208/2751/3 1205/2752/3 1207/2753/3
f 1206/2754/4 1201/2755/4 1205/2756/4
f 1207/2757/5 1201/2758/5 1203/2759/5
f 1204/2760/6 1206/2761/6 1208/2762/6
f 1210/2763/1 1211/2764/1 1209/2765/1
f 1212/2766/2 1215/2767/2 1211/2768/2
f 1216/2769/3 1213/2770/3 1215/2771/3
f 1214/2772/4 1209/2773/4 1213/2774/4
f 1215/2775/5 1209/2776/5 1211/2777/5
f 1212/2778/6 1214/2779/6 1216/2780/6
f 1218/2781/1 1219/2782/1 1217/2783/1
f 1220/2784/2 1223/2785/2 1219/2786/2
f 1224/2787/3 1221/2788/3 1223/2789/3
f 1222/2790/4 1217/2791/4 1221/2792/4
f 1223/2793/5 1217/2794/5 1219/2795/5
f 1220/2796/6 1222/2797/6 1224/2798/6
f 1226/2799/1 1227/2800/1 1225/2801/1
f 1228/2802/2 1231/2803/2 1227/2804/2
f 1232/2805/3 1229/2806/3 1231/2807/3
f 1230/2808/4 1225/2809/4 1229/2810/4
f 1231/2811/5 1225/2812/5 1227/2813/5
f 1228/2814/6 1230/2815/6 1232/2816/6
f 1234/2817/1 1235/2818/1 1233/2819/1
f 1236/2820/2 1239/2821/2 1235/2822/2
f 1240/2823/3 1237/2824/3 1239/2825/3
f 1238/2826/4 1233/2827/4 1237/2828/4
f 1239/2829/5 1233/2830/5 1235/2831/5
f 1236/2832/6 1238/2833/6 1240/2834/6
f 1242/2835/1 1243/2836/1 1241/2837/1
f 1244/2838/2 1247/2839/2 1243/2840/2
f 1248/2841/3 1245/2842/3 1247/2843/3
f 1246/2844/4 1241/2845/4 1245/2846/4
f 1247/2847/5 1241/2848/5 1243/2849/5
f 1244/2850/6 1246/2851/6 1248/2852/6
f 1250/2853/1 1251/2854/1 1249/2855/1
f 1252/2856/2 1255/2857/2 1251/2858/2
f 1256/2859/3 1253/2860/3 1255/2861/3
f 1254/2862/4 1249/2863/4 1253/2864/4
f 1255/2865/5 1249/2866/5 1251/2867/5
f 1252/2868/6 1254/2869/6 1256/2870/6
f 1258/2871/1 1259/2872/1 1257/2873/1
f 1260/2874/2 1263/2875/2 1259/2876/2
f 1264/2877/3 1261/2878/3 1263/2879/3
f 1262/2880/4 1257/2881/4 1261/2882/4
f 1263/2883/5 1257/2884/5 1259/2885/5
f 1260/2886/6 1262/2887/6 1264/2888/6
f 1266/2889/1 1267/2890/1 1265/2891/1
f 1268/2892/2 1271/2893/2 1267/2894/2
f 1272/2895/3 1269/2896/3 1271/2897/3
f 1270/2898/4 1265/2899/4 1269/2900/4
f 1271/2901/5 1265/2902/5 1267/2903/5
f 1268/2904/6 1270/2905/6 1272/2906/6
f 1274/2907/1 1275/2908/1 1273/2909/1
f 1276/2910/2 1279/2911/2 1275/2912/2
f 1280/2913/3 1277/2914/3 1279/2915/3
f 1278/2916/4 1273/2917/4 1277/2918/4
f 1279/2919/5 1273/2920/5 1275/2921/5
f 1276/2922/6 1278/2923/6 1280/2924/6
f 1282/2925/1 1283/2926/1 1281/2927/1
f 1284/2928/2 1287/2929/2 1283/2930/2
f 1288/2931/3 1285/2932/3 1287/2933/3
f 1286/2934/4 1281/2935/4 1285/2936/4
f 1287/2937/5 1281/2938/5 1283/2939/5
f 1284/2940/6 1286/2941/6 1288/2942/6
f 1290/2943/1 1291/2944/1 1289/2945/1
f 1292/2946/2 1295/2947/2 1291/2948/2
f 1296/2949/3 1293/2950/3 1295/2951/3
f 1294/2952/4 1289/2953/4 1293/2954/4
f 1295/2955/5 1289/2956/5 1291/2957/5
f 1292/2958/6 1294/2959/6 1296/2960/6
f 1298/2961/1 1299/2962/1 1297/2963/1
f 1300/2964/2 1303/2965/2 1299/2966/2
f 1304/2967/3 1301/2968/3 1303/2969/3
f 1302/2970/4 1297/2971/4 1301/2972/4
f 1303/2973/5 1297/2974/5 1299/2975/5
f 1300/2976/6 1302/2977/6 1304/2978/6
f 1306/2979/1 1307/2980/1 1305/2981/1
f 1308/2982/2 1311/2983/2 1307/2984/2
f 1312/2985/3 1309/2986/3 1311/2987/3
f 1310/2988/4 1305/2989/4 1309/2990/4
f 1311/2991/5 1305/2992/5 1307/2993/5
f 1308/2994/6 1310/2995/6 1312/2996/6
f 1314/2997/1 1315/2998/1 1313/2999/1
f 1316/3000/2 1319/3001/2 1315/3002/2
f 1320/3003/3 1317/3004/3 1319/3005/3
f 1318/3006/4 1313/3007/4 1317/3008/4
f 1319/3009/5 1313/3010/5 1315/3011/5
f 1316/3012/6 1318/3013/6 1320/3014/6
f 1322/3015/1 1323/3016/1 1321/3017/1
f 1324/3018/2 1327/3019/2 1323/3020/2
f 1328/3021/3 1325/3022/3 1327/3023/3
f 1326/3024/4 1321/3025/4 1325/3026/4
f 1327/3027/5 1321/3028/5 1323/3029/5
f 1324/3030/6 1326/3031/6 1328/3032/6
f 1330/3033/1 1331/3034/1 1329/3035/1
f 1332/3036/2 1335/3037/2 1331/3038/2
f 1336/3039/3 1333/3040/3 1335/3041/3
f 1334/3042/4 1329/3043/4 1333/3044/4
f 1335/3045/5 1329/3046/5 1331/3047/5
f 1332/3048/6 1334/3049/6 1336/3050/6
f 1338/3051/1 1339/3052/1 1337/3053/1
f 1340/3054/2 1343/3055/2 1339/3056/2
f 1344/3057/3 1341/3058/3 1343/3059/3
f 1342/3060/4 1337/3061/4 1341/3062/4
f 1343/3063/5 1337/3064/5 1339/3065/5
f 1340/3066/6 1342/3067/6 1344/3068/6
f 1346/3069/1 1347/3070/1 1345/3071/1
f 1348/3072/2 1351/3073/2 1347/3074/2
f 1352/3075/3 1349/3076/3 1351/3077/3
f 1350/3078/4 1345/3079/4 1349/3080/4
f 1351/3081/5 1345/3082/5 1347/3083/5
f 1348/3084/6 1350/3085/6 1352/3086/6
f 1354/3087/1 1355/3088/1 1353/3089/1
f 1356/3090/2 1359/3091/2 1355/3092/2
f 1360/3093/3 1357/3094/3 1359/3095/3
f 1358/3096/4 1353/3097/4 1357/3098/4
f 1359/3099/5 1353/3100/5 1355/3101/5
f 1356/3102/6 1358/3103/6 1360/3104/6
f 1362/3105/1 1363/3106/1 1361/3107/1
f 1364/3108/2 1367/3109/2 1363/3110/2
f 1368/3111/3 1365/3112/3 1367/3113/3
f 1366/3114/4 1361/3115/4 1365/3116/4
f 1367/3117/5 1361/3118/5 1363/3119/5
f 1364/3120/6 1366/3121/6 1368/3122/6
f 1370/3123/1 1371/3124/1 1369/3125/1
f 1372/3126/2 1375/3127/2 1371/3128/2
f 1376/3129/3 1373/3130/3 1375/3131/3
f 1374/3132/4 1369/3133/4 1373/3134/4
f 1375/3135/5 1369/3136/5 1371/3137/5
f 1372/3138/6 1374/3139/6 1376/3140/6
f 1378/3141/1 1379/3142/1 1377/3143/1
f 1380/3144/2 1383/3145/2 1379/3146/2
f 1384/3147/3 1381/3148/3 1383/3149/3
f 1382/3150/4 1377/3151/4 1381/3152/4
f 1383/3153/5 1377/3154/5 1379/3155/5
f 1380/3156/6 1382/3157/6 1384/3158/6
f 1386/3159/1 1387/3160/1 1385/3161/1
f 1388/3162/2 1391/3163/2 1387/3164/2
f 1392/3165/3 1389/3166/3 1391/3167/3
f 1390/3168/4 1385/3169/4 1389/3170/4
f 1391/3171/5 1385/3172/5 1387/3173/5
f 1388/3174/6 1390/3175/6 1392/3176/6
f 1394/3177/1 1395/3178/1 1393/3179/1
f 1396/3180/2 1399/3181/2 1395/3182/2
f 1400/3183/3 1397/3184/3 1399/3185/3
f 1398/3186/4 1393/3187/4 1397/3188/4
f 1399/3189/5 1393/3190/5 1395/3191/5
f 1396/3192/6 1398/3193/6 1400/3194/6
f 1402/3195/1 1403/3196/1 1401/3197/1
f 1404/3198/2 1407/3199/2 1403/3200/2
f 1408/3201/3 1405/3202/3 1407/3203/3
f 1406/3204/4 1401/3205/4 1405/3206/4
f 1407/3207/5 1401/3208/5 1403/3209/5
f 1404/3210/6 1406/3211/6 1408/3212/6
f 1410/3213/1 1411/3214/1 1409/3215/1
f 1412/3216/2 1415/3217/2 1411/3218/2
f 1416/3219/3 1413/3220/3 1415/3221/3
f 1414/3222/4 1409/3223/4 1413/3224/4
f 1415/3225/5 1409/3226/5 1411/3227/5
f 1412/3228/6 1414/3229/6 1416/3230/6
f 1418/3231/1 1419/3232/1 1417/3233/1
f 1420/3234/2 1423/3235/2 1419/3236/2
f 1424/3237/3 1421/3238/3 1423/3239/3
f 1422/3240/4 1417/3241/4 1421/3242/4
f 1423/3243/5 1417/3244/5 1419/3245/5
f 1420/3246/6 1422/3247/6 1424/3248/6
f 1426/3249/1 1427/3250/1 1425/3251/1
f 1428/3252/2 1431/3253/2 1427/3254/2
f 1432/3255/3 1429/3256/3 1431/3257/3
f 1430/3258/4 1425/3259/4 1429/3260/4
f 1431/3261/5 1425/3262/5 1427/3263/5
f 1428/3264/6 1430/3265/6 1432/3266/6
f 1434/3267/1 1435/3268/1 1433/3269/1
f 1436/3270/2 1439/3271/2 1435/3272/2
f 1440/3273/3 1437/3274/3 1439/3275/3
f 1438/3276/4 1433/3277/4 1437/3278/4
f 1439/3279/5 1433/3280/5 1435/3281/5
f 1436/3282/6 1438/3283/6 1440/3284/6
f 1442/3285/1 1443/3286/1 1441/3287/1
f 1444/3288/2 1447/3289/2 1443/3290/2
f 1448/3291/3 1445/3292/3 1447/3293/3
f 1446/3294/4 1441/3295/4 1445/3296/4
f 1447/3297/5 1441/3298/5 1443/3299/5
f 1444/3300/6 1446/3301/6 1448/3302/6
f 1450/3303/1 1451/3304/1 1449/3305/1
f 1452/3306/2 1455/3307/2 1451/3308/2
f 1456/3309/3 1453/3310/3 1455/3311/3
f 1454/3312/4 1449/3313/4 1453/3314/4
f 1455/3315/5 1449/3316/5 1451/3317/5
f 1452/3318/6 1454/3319/6 1456/3320/6
f 1458/3321/1 1459/3322/1 1457/3323/1
f 1460/3324/2 1463/3325/2 1459/3326/2
f 1464/3327/3 1461/3328/3 1463/3329/3
f 1462/3330/4 1457/3331/4 1461/3332/4
f 1463/3333/5 1457/3334/5 1459/3335/5
f 1460/3336/6 1462/3337/6 1464/3338/6
f 1466/3339/1 1467/3340/1 1465/3341/1
f 1468/3342/2 1471/3343/2 1467/3344/2
f 1472/3345/3 1469/3346/3 1471/3347/3
f 1470/3348/4 1465/3349/4 1469/3350/4
f 1471/3351/5 1465/3352/5 1467/3353/5
f 1468/3354/6 1470/3355/6 1472/3356/6
f 1474/3357/1 1475/3358/1 1473/3359/1
f 1476/3360/2 1479/3361/2 1475/3362/2
f 1480/3363/3 1477/3364/3 1479/3365/3
f 1478/3366/4 1473/3367/4 1477/3368/4
f 1479/3369/5 1473/3370/5 1475/3371/5
f 1476/3372/6 1478/3373/6 1480/3374/6
f 1482/3375/1 1483/3376/1 1481/3377/1
f 1484/3378/2 1487/3379/2 1483/3380/2
f 1488/3381/3 1485/3382/3 1487/3383/3
f 1486/3384/4 1481/3385/4 1485/3386/4
f 1487/3387/5 1481/3388/5 1483/3389/5
f 1484/3390/6 1486/3391/6 1488/3392/6
f 1490/3393/1 1491/3394/1 1489/3395/1
f 1492/3396/2 1495/3397/2 1491/3398/2
f 1496/3399/3 1493/3400/3 1495/3401/3
f 1494/3402/4 1489/3403/4 1493/3404/4
f 1495/3405/5 1489/3406/5 1491/3407/5
f 1492/3408/6 1494/3409/6 1496/3410/6
f 1498/3411/1 1499/3412/1 1497/3413/1
f 1500/3414/2 1503/3415/2 1499/3416/2
f 1504/3417/3 1501/3418/3 1503/3419/3
f 1502/3420/4 1497/3421/4 1501/3422/4
f 1503/3423/5 1497/3424/5 1499/3425/5
f 1500/3426/6 1502/3427/6 1504/3428/6
f 1506/3429/1 1507/3430/1 1505/3431/1
f 1508/3432/2 1511/3433/2 1507/3434/2
f 1512/3435/3 1509/3436/3 1511/3437/3
f 1510/3438/4 1505/3439/4 1509/3440/4
f 1511/3441/5 1505/3442/5 1507/3443/5
f 1508/3444/6 1510/3445/6 1512/3446/6
f 1514/3447/1 1515/3448/1 1513/3449/1
f 1516/3450/2 1519/3451/2 1515/3452/2
f 1520/3453/3 1517/3454/3 1519/3455/3
f 1518/3456/4 1513/3457/4 1517/3458/4
f 1519/3459/5 1513/3460/5 1515/3461/5
f 1516/3462/6 1518/3463/6 1520/3464/6
f 1522/3465/1 1523/3466/1 1521/3467/1
f 1524/3468/2 1527/3469/2 1523/3470/2
f 1528/3471/3 1525/3472/3 1527/3473/3
f 1526/3474/4 1521/3475/4 1525/3476/4
f 1527/3477/5 1521/3478/5 1523/3479/5
f 1524/3480/6 1526/3481/6 1528/3482/6
f 1530/3483/1 1531/3484/1 1529/3485/1
f 1532/3486/2 1535/3487/2 1531/3488/2
f 1536/3489/3 1533/3490/3 1535/3491/3
f 1534/3492/4 1529/3493/4 1533/3494/4
f 1535/3495/5 1529/3496/5 1531/3497/5
f 1532/3498/6 1534/3499/6 1536/3500/6
f 1538/3501/1 1539/3502/1 1537/3503/1
f 1540/3504/2 1543/3505/2 1539/3506/2
f 1544/3507/3 1541/3508/3 1543/3509/3
f 1542/3510/4 1537/3511/4 1541/3512/4
f 1543/3513/5 1537/3514/5 1539/3515/5
f 1540/3516/6 1542/3517/6 1544/3518/6
f 1546/3519/1 1547/3520/1 1545/3521/1
f 1548/3522/2 1551/3523/2 1547/3524/2
f 1552/3525/3 1549/3526/3 1551/3527/3
f 1550/3528/4 1545/3529/4 1549/3530/4
f 1551/3531/5 1545/3532/5 1547/3533/5
f 1548/3534/6 1550/3535/6 1552/3536/6
f 1554/3537/1 1555/3538/1 1553/3539/1
f 1556/3540/2 1559/3541/2 1555/3542/2
f 1560/3543/3 1557/3544/3 1559/3545/3
f 1558/3546/4 1553/3547/4 1557/3548/4
f 1559/3549/5 1553/3550/5 1555/3551/5
f 1556/3552/6 1558/3553/6 1560/3554/6
f 1562/3555/1 1563/3556/1 1561/3557/1
f 1564/3558/2 1567/3559/2 1563/3560/2
f 1568/3561/3 1565/3562/3 1567/3563/3
f 1566/3564/4 1561/3565/4 1565/3566/4
f 1567/3567/5 1561/3568/5 1563/3569/5
f 1564/3570/6 1566/3571/6 1568/3572/6
f 1570/3573/1 1571/3574/1 1569/3575/1
f 1572/3576/2 1575/3577/2 1571/3578/2
f 1576/3579/3 1573/3580/3 1575/3581/3
f 1574/3582/4 1569/3583/4 1573/3584/4
f 1575/3585/5 1569/3586/5 1571/3587/5
f 1572/3588/6 1574/3589/6 1576/3590/6
f 1578/3591/1 1579/3592/1 1577/3593/1
f 1580/3594/2 1583/3595/2 1579/3596/2
f 1584/3597/3 1581/3598/3 1583/3599/3
f 1582/3600/4 1577/3601/4 1581/3602/4
f 1583/3603/5 1577/3604/5 1579/3605/5
f 1580/3606/6 1582/3607/6 1584/3608/6
f 1586/3609/1 1587/3610/1 1585/3611/1
f 1588/3612/2 1591/3613/2 1587/3614/2
f 1592/3615/3 1589/3616/3 1591/3617/3
f 1590/3618/4 1585/3619/4 1589/3620/4
f 1591/3621/5 1585/3622/5 1587/3623/5
f 1588/3624/6 1590/3625/6 1592/3626/6
f 1594/3627/1 1595/3628/1 1593/3629/1
f 1596/3630/2 1599/3631/2 1595/3632/2
f 1600/3633/3 1597/3634/3 1599/3635/3
f 1598/3636/4 1593/3637/4 1597/3638/4
f 1599/3639/5 1593/3640/5 1595/3641/5
f 1596/3642/6 1598/3643/6 1600/3644/6
f 1602/3645/1 1603/3646/1 1601/3647/1
f 1604/3648/2 1607/3649/2 1603/3650/2
f 1608/3651/3 1605/3652/3 1607/3653/3
f 1606/3654/4 1601/3655/4 1605/3656/4
f 1607/3657/5 1601/3658/5 1603/3659/5
f 1604/3660/6 1606/3661/6 1608/3662/6
f 1610/3663/1 1611/3664/1 1609/3665/1
f 1612/3666/2 1615/3667/2 1611/3668/2
f 1616/3669/3 1613/3670/3 1615/3671/3
f 1614/3672/4 1609/3673/4 1613/3674/4
f 1615/3675/5 1609/3676/5 1611/3677/5
f 1612/3678/6 1614/3679/6 1616/3680/6
f 1618/3681/1 1619/3682/1 1617/3683/1
f 1620/3684/2 1623/3685/2 1619/3686/2
f 1624/3687/3 1621/3688/3 1623/3689/3
f 1622/3690/4 1617/3691/4 1621/3692/4
f 1623/3693/5 1617/3694/5 1619/3695/5
f 1620/3696/6 1622/3697/6 1624/3698/6
f 1626/3699/1 1627/3700/1 1625/3701/1
f 1628/3702/2 1631/3703/2 1627/3704/2
f 1632/3705/3 1629/3706/3 1631/3707/3
f 1630/3708/4 1625/3709/4 1629/3710/4
f 1631/3711/5 1625/3712/5 1627/3713/5
f 1628/3714/6 1630/3715/6 1632/3716/6
f 1634/3717/1 1635/3718/1 1633/3719/1
f 1636/3720/2 1639/3721/2 1635/3722/2
f 1640/3723/3 1637/3724/3 1639/3725/3
f 1638/3726/4 1633/3727/4 1637/3728/4
f 1639/3729/5 1633/3730/5 1635/3731/5
f 1636/3732/6 1638/3733/6 1640/3734/6
f 1642/3735/1 1643/3736/1 1641/3737/1
f 1644/3738/2 1647/3739/2 1643/3740/2
f 1648/3741/3 1645/3742/3 1647/3743/3
f 1646/3744/4 1641/3745/4 1645/3746/4
f 1647/3747/5 1641/3748/5 1643/3749/5
f 1644/3750/6 1646/3751/6 1648/3752/6
f 1650/3753/1 1651/3754/1 1649/3755/1
f 1652/3756/2 1655/3757/2 1651/3758/2
f 1656/3759/3 1653/3760/3 1655/3761/3
f 1654/3762/4 1649/3763/4 1653/3764/4
f 1655/3765/5 1649/3766/5 1651/3767/5
f 1652/3768/6 1654/3769/6 1656/3770/6
f 1658/3771/1 1659/3772/1 1657/3773/1
f 1660/3774/2 1663/3775/2 1659/3776/2
f 1664/3777/3 1661/3778/3 1663/3779/3
f 1662/3780/4 1657/3781/4 1661/3782/4
f 1663/3783/5 1657/3784/5 1659/3785/5
f 1660/3786/6 1662/3787/6 1664/3788/6
f 1666/3789/1 1667/3790/1 1665/3791/1
f 1668/3792/207 1671/3793/207 1667/3794/207
f 1671/3795/3 1670/3796/3 1669/3797/3
f 1670/3798/208 1665/3799/208 1669/3800/208
f 1671/3801/209 1665/3802/209 1667/3803/209
f 1668/3804/210 1670/3805/210 1672/3806/210
f 1674/3807/1 1675/3808/1 1673/3809/1
f 1676/3810/2 1679/3811/2 1675/3812/2
f 1680/3813/3 1677/3814/3 1679/3815/3
f 1678/3816/4 1673/3817/4 1677/3818/4
f 1679/3819/5 1673/3820/5 1675/3821/5
f 1676/3822/6 1678/3823/6 1680/3824/6
f 1682/3825/1 1683/3826/1 1681/3827/1
f 1684/3828/2 1687/3829/2 1683/3830/2
f 1688/3831/3 1685/3832/3 1687/3833/3
f 1686/3834/4 1681/3835/4 1685/3836/4
f 1687/3837/5 1681/3838/5 1683/3839/5
f 1684/3840/6 1686/3841/6 1688/3842/6
f 1690/3843/1 1691/3844/1 1689/3845/1
f 1692/3846/2 1695/3847/2 1691/3848/2
f 1696/3849/3 1693/3850/3 1695/3851/3
f 1694/3852/4 1689/3853/4 1693/3854/4
f 1695/3855/5 1689/3856/5 1691/3857/5
f 1692/3858/6 1694/3859/6 1696/3860/6
f 1698/3861/1 1699/3862/1 1697/3863/1
f 1700/3864/2 1703/3865/2 1699/3866/2
f 1704/3867/3 1701/3868/3 1703/3869/3
f 1702/3870/4 1697/3871/4 1701/3872/4
f 1703/3873/5 1697/3874/5 1699/3875/5
f 1700/3876/6 1702/3877/6 1704/3878/6
f 1706/3879/1 1707/3880/1 1705/3881/1
f 1708/3882/2 1711/3883/2 1707/3884/2
f 1712/3885/3 1709/3886/3 1711/3887/3
f 1710/3888/4 1705/3889/4 1709/3890/4
f 1711/3891/5 1705/3892/5 1707/3893/5
f 1708/3894/6 1710/3895/6 1712/3896/6
f 1714/3897/1 1715/3898/1 1713/3899/1
f 1716/3900/2 1719/3901/2 1715/3902/2
f 1720/3903/3 1717/3904/3 1719/3905/3
f 1718/3906/4 1713/3907/4 1717/3908/4
f 1719/3909/5 1713/3910/5 1715/3911/5
f 1716/3912/6 1718/3913/6 1720/3914/6
f 1722/3915/1 1723/3916/1 1721/3917/1
f 1724/3918/2 1727/3919/2 1723/3920/2
f 1728/3921/3 1725/3922/3 1727/3923/3
f 1726/3924/4 1721/3925/4 1725/3926/4
f 1727/3927/5 1721/3928/5 1723/3929/5
f 1724/3930/6 1726/3931/6 1728/3932/6
f 1730/3933/1 1731/3934/1 1729/3935/1
f 1732/3936/2 1735/3937/2 1731/3938/2
f 1736/3939/3 1733/3940/3 1735/3941/3
f 1734/3942/4 1729/3943/4 1733/3944/4
f 1735/3945/5 1729/3946/5 1731/3947/5
f 1732/3948/6 1734/3949/6 1736/3950/6
f 1738/3951/1 1739/3952/1 1737/3953/1
f 1740/3954/2 1743/3955/2 1739/3956/2
f 1744/3957/3 1741/3958/3 1743/3959/3
f 1742/3960/4 1737/3961/4 1741/3962/4
f 1743/3963/5 1737/3964/5 1739/3965/5
f 1740/3966/6 1742/3967/6 1744/3968/6
f 1746/3969/1 1747/3970/1 1745/3971/1
f 1748/3972/2 1751/3973/2 1747/3974/2
f 1752/3975/3 1749/3976/3 1751/3977/3
f 1750/3978/4 1745/3979/4 1749/3980/4
f 1751/3981/5 1745/3982/5 1747/3983/5
f 1748/3984/6 1750/3985/6 1752/3986/6
f 1754/3987/1 1755/3988/1 1753/3989/1
f 1756/3990/2 1759/3991/2 1755/3992/2
f 1760/3993/3 1757/3994/3 1759/3995/3
f 1758/3996/4 1753/3997/4 1757/3998/4
f 1759/3999/5 1753/4000/5 1755/4001/5
f 1756/4002/6 1758/4003/6 1760/4004/6
f 1762/4005/1 1763/4006/1 1761/4007/1
f 1764/4008/2 1767/4009/2 1763/4010/2
f 1768/4011/3 1765/4012/3 1767/4013/3
f 1766/4014/4 1761/4015/4 1765/4016/4
f 1767/4017/5 1761/4018/5 1763/4019/5
f 1764/4020/6 1766/4021/6 1768/4022/6
f 1770/4023/1 1771/4024/1 1769/4025/1
f 1772/4026/2 1775/4027/2 1771/4028/2
f 1776/4029/3 1773/4030/3 1775/4031/3
f 1774/4032/4 1769/4033/4 1773/4034/4
f 1775/4035/5 1769/4036/5 1771/4037/5
f 1772/4038/6 1774/4039/6 1776/4040/6
f 1778/4041/1 1779/4042/1 1777/4043/1
f 1780/4044/2 1783/4045/2 1779/4046/2
f 1784/4047/3 1781/4048/3 1783/4049/3
f 1782/4050/4 1777/4051/4 1781/4052/4
f 1783/4053/5 1777/4054/5 1779/4055/5
f 1780/4056/6 1782/4057/6 1784/4058/6
f 1786/4059/1 1787/4060/1 1785/4061/1
f 1788/4062/2 1791/4063/2 1787/4064/2
f 1792/4065/3 1789/4066/3 1791/4067/3
f 1790/4068/4 1785/4069/4 1789/4070/4
f 1791/4071/5 1785/4072/5 1787/4073/5
f 1788/4074/6 1790/4075/6 1792/4076/6
f 1794/4077/1 1795/4078/1 1793/4079/1
f 1796/4080/2 1799/4081/2 1795/4082/2
f 1800/4083/3 1797/4084/3 1799/4085/3
f 1798/4086/4 1793/4087/4 1797/4088/4
f 1799/4089/5 1793/4090/5 1795/4091/5
f 1796/4092/6 1798/4093/6 1800/4094/6
f 1802/4095/1 1803/4096/1 1801/4097/1
f 1804/4098/2 1807/4099/2 1803/4100/2
f 1808/4101/3 1805/4102/3 1807/4103/3
f 1806/4104/4 1801/4105/4 1805/4106/4
f 1807/4107/5 1801/4108/5 1803/4109/5
f 1804/4110/6 1806/4111/6 1808/4112/6
f 1810/4113/1 1811/4114/1 1809/4115/1
f 1812/4116/2 1815/4117/2 1811/4118/2
f 1816/4119/3 1813/4120/3 1815/4121/3
f 1814/4122/4 1809/4123/4 1813/4124/4
f 1815/4125/5 1809/4126/5 1811/4127/5
f 1812/4128/6 1814/4129/6 1816/4130/6
f 1818/4131/1 1819/4132/1 1817/4133/1
f 1820/4134/2 1823/4135/2 1819/4136/2
f 1824/4137/3 1821/4138/3 1823/4139/3
f 1822/4140/4 1817/4141/4 1821/4142/4
f 1823/4143/5 1817/4144/5 1819/4145/5
f 1820/4146/6 1822/4147/6 1824/4148/6
f 1826/4149/1 1827/4150/1 1825/4151/1
f 1828/4152/2 1831/4153/2 1827/4154/2
f 1832/4155/3 1829/4156/3 1831/4157/3
f 1830/4158/4 1825/4159/4 1829/4160/4
f 1831/4161/5 1825/4162/5 1827/4163/5
f 1828/4164/6 1830/4165/6 1832/4166/6
f 1833/4167/211 1834/4168/211 1835/4169/211
f 1834/4168/212 1833/4167/212 1838/4170/212
f 1833/4171/213 1835/4172/213 1836/4173/213
f 1833/4171/214 1836/4173/214 1837/4174/214
f 1833/4171/215 1837/4174/215 1838/4175/215
f 1834/4176/216 1838/4177/216 1843/4178/216
f 1835/4169/217 1834/4168/217 1839/4179/217
f 1836/4180/218 1835/4181/218 1840/4182/218
f 1837/4174/219 1836/4173/219 1841/4183/219
f 1838/4177/220 1837/4184/220 1842/4185/220
f 1834/4186/221 1843/4187/221 1839/4188/221
f 1835/4181/222 1839/4189/222 1840/4182/222
f 1836/4180/223 1840/4182/223 1841/4190/223
f 1837/4191/224 1841/4192/224 1842/4193/224
f 1838/4177/225 1842/4185/225 1843/4178/225
f 1839/4188/226 1843/4187/226 1844/4194/226
f 1840/4195/227 1839/4188/227 1844/4194/227
f 1841/4192/228 1840/4196/228 1844/4197/228
f 1842/4193/229 1841/4192/229 1844/4197/229
f 1843/4187/230 1842/4198/230 1844/4194/230
f 1845/4199/231 1846/4200/231 1847/4201/231
f 1846/4200/232 1845/4199/232 1850/4202/232
f 1845/4203/233 1847/4204/233 1848/4205/233
f 1845/4203/234 1848/4205/234 1849/4206/234
f 1845/4199/235 1849/4207/235 1850/4202/235
f 1846/4208/236 1850/4209/236 1855/4210/236
f 1847/4211/237 1846/4212/237 1851/4213/237
f 1848/4214/238 1847/4211/238 1852/4215/238
f 1849/4216/239 1848/4217/239 1853/4218/239
f 1850/4219/240 1849/4220/240 1854/4221/240
f 1846/4208/241 1855/4210/241 1851/4222/241
f 1847/4211/242 1851/4213/242 1852/4215/242
f 1848/4217/243 1852/4223/243 1853/4218/243
f 1849/4220/244 1853/4224/244 1854/4221/244
f 1850/4209/245 1854/4225/245 1855/4210/245
f 1851/4222/246 1855/4210/246 1856/4226/246
f 1852/4223/247 1851/4227/247 1856/4228/247
f 1853/4218/248 1852/4223/248 1856/4228/248
f 1854/4229/249 1853/4218/249 1856/4228/249
f 1855/4210/250 1854/4225/250 1856/4226/250
f 1857/4230/251 1858/4231/251 1859/4232/251
f 1858/4231/252 1857/4230/252 1862/4233/252
f 1857/4234/253 1859/4235/253 1860/4236/253
f 1857/4234/254 1860/4236/254 1861/4237/254
f 1857/4230/255 1861/4238/255 1862/4233/255
f 1858/4231/256 1862/4233/256 1867/4239/256
f 1859/4240/257 1858/4241/257 1863/4242/257
f 1860/4236/258 1859/4235/258 1864/4243/258
f 1861/4244/259 1860/4245/259 1865/4246/259
f 1862/4247/260 1861/4244/260 1866/4248/260
f 1858/4241/261 1867/4249/261 1863/4242/261
f 1859/4240/262 1863/4242/262 1864/4250/262
f 1860/4251/263 1864/4252/263 1865/4253/263
f 1861/4244/264 1865/4246/264 1866/4248/264
f 1862/4254/265 1866/4255/265 1867/4256/265
f 1863/4257/266 1867/4256/266 1868/4258/266
f 1864/4252/267 1863/4259/267 1868/4260/267
f 1865/4253/268 1864/4252/268 1868/4260/268
f 1866/4255/269 1865/4261/269 1868/4258/269
f 1867/4256/270 1866/4255/270 1868/4258/270
f 1869/4262/271 1870/4263/271 1871/4264/271
f 1870/4265/272 1869/4266/272 1874/4267/272
f 1869/4262/273 1871/4264/273 1872/4268/273
f 1869/4269/274 1872/4270/274 1873/4271/274
f 1869/4266/275 1873/4272/275 1874/4267/275
f 1870/4273/276 1874/4274/276 1879/4275/276
f 1871/4276/277 1870/4273/277 1875/4277/277
f 1872/4268/278 1871/4264/278 1876/4278/278
f 1873/4271/279 1872/4270/279 1877/4279/279
f 1874/4280/280 1873/4281/280 1878/4282/280
f 1870/4273/281 1879/4275/281 1875/4277/281
f 1871/4264/282 1875/4283/282 1876/4278/282
f 1872/4270/283 1876/4284/283 1877/4279/283
f 1873/4271/284 1877/4279/284 1878/4285/284
f 1874/4280/285 1878/4282/285 1879/4286/285
f 1875/4277/286 1879/4275/286 1880/4287/286
f 1876/4288/287 1875/4289/287 1880/4290/287
f 1877/4279/288 1876/4284/288 1880/4291/288
f 1878/4282/289 1877/4292/289 1880/4293/289
f 1879/4286/290 1878/4282/290 1880/4293/290
f 1881/4294/291 1882/4295/291 1883/4296/291
f 1882/4295/292 1881/4294/292 1886/4297/292
f 1881/4298/293 1883/4299/293 1884/4300/293
f 1881/4301/294 1884/4302/294 1885/4303/294
f 1881/4301/295 1885/4303/295 1886/4304/295
f 1882/4305/296 1886/4306/296 1891/4307/296
f 1883/4296/297 1882/4295/297 1887/4308/297
f 1884/4300/298 1883/4299/298 1888/4309/298
f 1885/4310/299 1884/4300/299 1889/4311/299
f 1886/4306/300 1885/4312/300 1890/4313/300
f 1882/4314/301 1891/4315/301 1887/4316/301
f 1883/4299/302 1887/4317/302 1888/4309/302
f 1884/4300/303 1888/4309/303 1889/4311/303
f 1885/4318/304 1889/4319/304 1890/4320/304
f 1886/4306/305 1890/4313/305 1891/4307/305
f 1887/4316/306 1891/4315/306 1892/4321/306
f 1888/4322/307 1887/4316/307 1892/4321/307
f 1889/4319/308 1888/4323/308 1892/4324/308
f 1890/4320/309 1889/4319/309 1892/4324/309
f 1891/4325/310 1890/4320/310 1892/4324/310
f 1893/4326/311 1894/4327/311 1895/4328/311
f 1894/4329/312 1893/4330/312 1898/4331/312
f 1893/4332/313 1895/4333/313 1896/4334/313
f 1893/4330/314 1896/4335/314 1897/4336/314
f 1893/4330/315 1897/4336/315 1898/4331/315
f 1894/4337/316 1898/4338/316 1903/4339/316
f 1895/4328/317 1894/4327/317 1899/4340/317
f 1896/4334/318 1895/4333/318 1900/4341/318
f 1897/4342/319 1896/4334/319 1901/4343/319
f 1898/4344/320 1897/4345/320 1902/4346/320
f 1894/4347/321 1903/4348/321 1899/4349/321
f 1895/4350/322 1899/4349/322 1900/4351/322
f 1896/4334/323 1900/4341/323 1901/4343/323
f 1897/4345/324 1901/4352/324 1902/4346/324
f 1898/4338/325 1902/4353/325 1903/4339/325
f 1899/4349/326 1903/4348/326 1904/4354/326
f 1900/4351/327 1899/4349/327 1904/4354/327
f 1901/4355/328 1900/4351/328 1904/4354/328
f 1902/4346/329 1901/4352/329 1904/4356/329
f 1903/4357/330 1902/4346/330 1904/4356/330
f 1905/4358/331 1906/4359/331 1907/4360/331
f 1906/4359/332 1905/4358/332 1910/4361/332
f 1905/4362/333 1907/4363/333 1908/4364/333
f 1905/4362/334 1908/4364/334 1909/4365/334
f 1905/4366/335 1909/4367/335 1910/4368/335
f 1906/4359/336 1910/4361/336 1915/4369/336
f 1907/4370/337 1906/4371/337 1911/4372/337
f 1908/4373/338 1907/4370/338 1912/4374/338
f 1909/4365/339 1908/4364/339 1913/4375/339
f 1910/4368/340 1909/4367/340 1914/4376/340
f 1906/4377/341 1915/4378/341 1911/4379/341
f 1907/4370/342 1911/4372/342 1912/4374/342
f 1908/4380/343 1912/4381/343 1913/4382/343
f 1909/4367/344 1913/4383/344 1914/4376/344
f 1910/4368/345 1914/4376/345 1915/4384/345
f 1911/4379/346 1915/4378/346 1916/4385/346
f 1912/4374/347 1911/4372/347 1916/4386/347
f 1913/4382/348 1912/4381/348 1916/4387/348
f 1914/4388/349 1913/4382/349 1916/4387/349
f 1915/4378/350 1914/4389/350 1916/4385/350
f 1917/4390/351 1918/4391/351 1919/4392/351
f 1918/4391/352 1917/4390/352 1922/4393/352
f 1917/4394/353 1919/4395/353 1920/4396/353
f 1917/4394/354 1920/4396/354 1921/4397/354
f 1917/4398/355 1921/4399/355 1922/4400/355
f 1918/4391/356 1922/4393/356 1927/4401/356
f 1919/4402/357 1918/4403/357 1923/4404/357
f 1920/4405/358 1919/4402/358 1924/4406/358
f 1921/4407/359 1920/4408/359 1925/4409/359
f 1922/4400/360 1921/4399/360 1926/4410/360
f 1918/4411/361 1927/4412/361 1923/4413/361
f 1919/4402/362 1923/4404/362 1924/4406/362
f 1920/4408/363 1924/4414/363 1925/4409/363
f 1921/4407/364 1925/4409/364 1926/4415/364
f 1922/4400/365 1926/4410/365 1927/4416/365
f 1923/4413/366 1927/4412/366 1928/4417/366
f 1924/4406/367 1923/4404/367 1928/4418/367
f 1925/4409/368 1924/4414/368 1928/4419/368
f 1926/4415/369 1925/4409/369 1928/4419/369
f 1927/4412/370 1926/4420/370 1928/4417/370
f 1929/4421/371 1930/4422/371 1931/4423/371
f 1930/4422/372 1929/4421/372 1934/4424/372
f 1929/4425/373 1931/4426/373 1932/4427/373
f 1929/4425/374 1932/4427/374 1933/4428/374
f 1929/4429/375 1933/4430/375 1934/4431/375
f 1930/4422/376 1934/4424/376 1939/4432/376
f 1931/4433/377 1930/4434/377 1935/4435/377
f 1932/4427/378 1931/4426/378 1936/4436/378
f 1933/4428/379 1932/4427/379 1937/4437/379
f 1934/4431/380 1933/4430/380 1938/4438/380
f 1930/4439/381 1939/4440/381 1935/4441/381
f 1931/4433/382 1935/4435/382 1936/4442/382
f 1932/4443/383 1936/4444/383 1937/4445/383
f 1933/4430/384 1937/4446/384 1938/4438/384
f 1934/4447/385 1938/4448/385 1939/4440/385
f 1935/4441/386 1939/4440/386 1940/4449/386
f 1936/4442/387 1935/4435/387 1940/4450/387
f 1937/4445/388 1936/4444/388 1940/4451/388
f 1938/4452/389 1937/4445/389 1940/4451/389
f 1939/4440/390 1938/4448/390 1940/4449/390
f 1941/4453/391 1942/4454/391 1943/4455/391
f 1942/4454/392 1941/4453/392 1946/4456/392
f 1941/4457/393 1943/4458/393 1944/4459/393
f 1941/4457/394 1944/4459/394 1945/4460/394
f 1941/4453/395 1945/4461/395 1946/4456/395
f 1942/4454/396 1946/4456/396 1951/4462/396
f 1943/4463/397 1942/4464/397 1947/4465/397
f 1944/4459/398 1943/4458/398 1948/4466/398
f 1945/4467/399 1944/4468/399 1949/4469/399
f 1946/4470/400 1945/4471/400 1950/4472/400
f 1942/4464/401 1951/4473/401 1947/4465/401
f 1943/4474/402 1947/4475/402 1948/4476/402
f 1944/4477/403 1948/4476/403 1949/4478/403
f 1945/4467/404 1949/4469/404 1950/4479/404
f 1946/4470/405 1950/4472/405 1951/4480/405
f 1947/4465/406 1951/4473/406 1952/4481/406
f 1948/4476/407 1947/4475/407 1952/4482/407
f 1949/4478/408 1948/4476/408 1952/4482/408
f 1950/4472/409 1949/4483/409 1952/4484/409
f 1951/4480/410 1950/4472/410 1952/4484/410
f 1954/4485/1 1955/4486/1 1953/4487/1
f 1956/4488/2 1959/4489/2 1955/4490/2
f 1960/4491/3 1957/4492/3 1959/4493/3
f 1958/4494/4 1953/4495/4 1957/4496/4
f 1959/4497/5 1953/4498/5 1955/4499/5
f 1956/4500/6 1958/4501/6 1960/4502/6
f 1962/4503/1 1963/4504/1 1961/4505/1
f 1964/4506/2 1967/4507/2 1963/4508/2
f 1968/4509/3 1965/4510/3 1967/4511/3
f 1966/4512/4 1961/4513/4 1965/4514/4
f 1967/4515/5 1961/4516/5 1963/4517/5
f 1964/4518/6 1966/4519/6 1968/4520/6
f 1970/4521/1 1971/4522/1 1969/4523/1
f 1972/4524/2 1975/4525/2 1971/4526/2
f 1976/4527/3 1973/4528/3 1975/4529/3
f 1974/4530/4 1969/4531/4 1973/4532/4
f 1975/4533/5 1969/4534/5 1971/4535/5
f 1972/4536/6 1974/4537/6 1976/4538/6
f 1978/4539/1 1979/4540/1 1977/4541/1
f 1980/4542/2 1983/4543/2 1979/4544/2
f 1984/4545/3 1981/4546/3 1983/4547/3
f 1982/4548/4 1977/4549/4 1981/4550/4
f 1983/4551/5 1977/4552/5 1979/4553/5
f 1980/4554/6 1982/4555/6 1984/4556/6
f 1986/4557/1 1987/4558/1 1985/4559/1
f 1988/4560/2 1991/4561/2 1987/4562/2
f 1992/4563/3 1989/4564/3 1991/4565/3
f 1990/4566/4 1985/4567/4 1989/4568/4
f 1991/4569/5 1985/4570/5 1987/4571/5
f 1988/4572/6 1990/4573/6 1992/4574/6
f 1994/4575/4 1995/4576/4 1993/4577/4
f 1996/4578/411 1999/4579/411 1995/4580/411
f 1999/4581/2 1998/4582/2 1997/4583/2
f 1998/4584/412 1993/4585/412 1997/4586/412
f 1999/4587/413 1993/4588/413 1995/4589/413
f 1996/4590/414 1998/4591/414 2000/4592/414
f 2001/4593/4 2004/4594/4 2003/4595/4
f 2004/4596/413 2007/4597/413 2003/4598/413
f 2008/4599/2 2005/4600/2 2007/4601/2
f 2006/4602/414 2001/4603/414 2005/4604/414
f 2007/4605/412 2001/4606/412 2003/4607/412
f 2004/4608/411 2006/4609/411 2008/4610/411
f 2009/4611/2 2010/4612/2 2011/4613/2
f 2014/4614/4 2013/4615/4 2012/4616/4
f 2009/4617/5 2013/4618/5 2010/4619/5
f 2010/4620/411 2014/4621/411 2011/4622/411
f 2011/4623/414 2012/4624/414 2009/4625/414
f 2015/4626/2 2016/4627/2 2017/4628/2
f 2020/4629/4 2019/4630/4 2018/4631/4
f 2015/4632/5 2019/4633/5 2016/4634/5
f 2016/4635/411 2020/4636/411 2017/4637/411
f 2017/4638/414 2018/4639/414 2015/4640/414
f 2022/4641/4 2023/4642/4 2021/4643/4
f 2024/4644/1 2027/4645/1 2023/4646/1
f 2028/4647/2 2025/4648/2 2027/4649/2
f 2026/4650/3 2021/4651/3 2025/4652/3
f 2023/4653/5 2025/4654/5 2021/4655/5
f 2024/4656/6 2026/4657/6 2028/4658/6
f 2030/4659/1 2031/4660/1 2029/4661/1
f 2032/4662/2 2035/4663/2 2031/4664/2
f 2036/4665/3 2033/4666/3 2035/4667/3
f 2034/4668/4 2029/4669/4 2033/4670/4
f 2035/4671/5 2029/4672/5 2031/4673/5
f 2032/4674/6 2034/4675/6 2036/4676/6
f 2038/4677/1 2039/4678/1 2037/4679/1
f 2040/4680/2 2043/4681/2 2039/4682/2
f 2044/4683/3 2041/4684/3 2043/4685/3
f 2042/4686/4 2037/4687/4 2041/4688/4
f 2043/4689/5 2037/4690/5 2039/4691/5
f 2040/4692/6 2042/4693/6 2044/4694/6
f 2046/4695/1 2047/4696/1 2045/4697/1
f 2048/4698/2 2051/4699/2 2047/4700/2
f 2052/4701/3 2049/4702/3 2051/4703/3
f 2050/4704/4 2045/4705/4 2049/4706/4
f 2051/4707/5 2045/4708/5 2047/4709/5
f 2048/4710/6 2050/4711/6 2052/4712/6
f 2054/4713/415 2055/4714/415 2053/4715/415
f 2056/4716/416 2057/4717/416 2055/4718/416
f 2058/4719/417 2059/4720/417 2057/4717/417
f 2060/4721/418 2061/4722/418 2059/4723/418
f 2061/4722/419 2064/4724/419 2063/4725/419
f 2064/4726/420 2065/4727/420 2063/4728/420
f 2066/4729/6 2062/4730/6 2058/4719/6
f 2066/4731/421 2067/4732/421 2065/4727/421
f 2068/4733/422 2053/4715/422 2067/4734/422
f 2059/4735/5 2063/4736/5 2067/4737/5
f 2070/4738/415 2071/4739/415 2069/4740/415
f 2072/4741/416 2073/4742/416 2071/4743/416
f 2074/4744/417 2075/4745/417 2073/4742/417
f 2076/4746/418 2077/4747/418 2075/4748/418
f 2077/4747/419 2080/4749/419 2079/4750/419
f 2080/4751/420 2081/4752/420 2079/4753/420
f 2082/4754/6 2078/4755/6 2074/4744/6
f 2082/4756/421 2083/4757/421 2081/4752/421
f 2084/4758/422 2069/4740/422 2083/4759/422
f 2075/4760/5 2079/4761/5 2083/4762/5
f 2/1/1 4/4763/1 3/2/1
f 4/4/2 8/4764/2 7/5/2
f 8/7/3 6/4765/3 5/8/3
f 6/10/4 2/4766/4 1/11/4
f 7/13/5 5/4767/5 1/14/5
f 4/16/6 2/4768/6 6/17/6
f 10/19/1 12/4769/1 11/20/1
f 12/22/2 16/4770/2 15/23/2
f 16/25/3 14/4771/3 13/26/3
f 14/28/4 10/4772/4 9/29/4
f 15/31/5 13/4773/5 9/32/5
f 12/34/6 10/4774/6 14/35/6
f 18/37/1 20/4775/1 19/38/1
f 20/40/2 24/4776/2 23/41/2
f 24/43/3 22/4777/3 21/44/3
f 22/46/4 18/4778/4 17/47/4
f 23/49/5 21/4779/5 17/50/5
f 20/52/6 18/4780/6 22/53/6
f 26/55/1 28/4781/1 27/56/1
f 28/58/2 32/4782/2 31/59/2
f 32/61/3 30/4783/3 29/62/3
f 30/64/4 26/4784/4 25/65/4
f 31/67/5 29/4785/5 25/68/5
f 28/70/6 26/4786/6 30/71/6
f 34/73/1 36/4787/1 35/74/1
f 36/76/2 40/4788/2 39/77/2
f 40/79/3 38/4789/3 37/80/3
f 38/82/4 34/4790/4 33/83/4
f 39/85/5 37/4791/5 33/86/5
f 36/88/6 34/4792/6 38/89/6
f 42/91/1 44/4793/1 43/92/1
f 44/94/2 48/4794/2 47/95/2
f 48/97/3 46/4795/3 45/98/3
f 46/100/4 42/4796/4 41/101/4
f 47/103/5 45/4797/5 41/104/5
f 44/106/6 42/4798/6 46/107/6
f 50/109/1 52/4799/1 51/110/1
f 52/112/2 56/4800/2 55/113/2
f 56/115/3 54/4801/3 53/116/3
f 54/118/4 50/4802/4 49/119/4
f 55/121/5 53/4803/5 49/122/5
f 52/124/6 50/4804/6 54/125/6
f 58/127/1 60/4805/1 59/128/1
f 60/130/2 64/4806/2 63/131/2
f 64/133/3 62/4807/3 61/134/3
f 62/136/4 58/4808/4 57/137/4
f 63/139/5 61/4809/5 57/140/5
f 60/142/6 58/4810/6 62/143/6
f 66/145/1 68/4811/1 67/146/1
f 68/148/2 72/4812/2 71/149/2
f 72/151/3 70/4813/3 69/152/3
f 70/154/4 66/4814/4 65/155/4
f 71/157/5 69/4815/5 65/158/5
f 68/160/6 66/4816/6 70/161/6
f 74/163/1 76/4817/1 75/164/1
f 76/166/2 80/4818/2 79/167/2
f 80/169/3 78/4819/3 77/170/3
f 78/172/4 74/4820/4 73/173/4
f 79/175/5 77/4821/5 73/176/5
f 76/178/6 74/4822/6 78/179/6
f 82/181/1 84/4823/1 83/182/1
f 84/184/2 88/4824/2 87/185/2
f 88/187/3 86/4825/3 85/188/3
f 86/190/4 82/4826/4 81/191/4
f 87/193/5 85/4827/5 81/194/5
f 84/196/6 82/4828/6 86/197/6
f 90/199/1 92/4829/1 91/200/1
f 92/202/2 96/4830/2 95/203/2
f 96/205/3 94/4831/3 93/206/3
f 94/208/4 90/4832/4 89/209/4
f 95/211/5 93/4833/5 89/212/5
f 92/214/6 90/4834/6 94/215/6
f 98/217/1 100/4835/1 99/218/1
f 100/220/2 104/4836/2 103/221/2
f 104/223/3 102/4837/3 101/224/3
f 102/226/4 98/4838/4 97/227/4
f 103/229/5 101/4839/5 97/230/5
f 100/232/6 98/4840/6 102/233/6
f 106/235/1 108/4841/1 107/236/1
f 108/238/2 112/4842/2 111/239/2
f 112/241/3 110/4843/3 109/242/3
f 110/244/4 106/4844/4 105/245/4
f 111/247/5 109/4845/5 105/248/5
f 108/250/6 106/4846/6 110/251/6
f 114/253/1 116/4847/1 115/254/1
f 116/256/2 120/4848/2 119/257/2
f 120/259/3 118/4849/3 117/260/3
f 118/262/4 114/4850/4 113/263/4
f 119/265/5 117/4851/5 113/266/5
f 116/268/6 114/4852/6 118/269/6
f 122/271/1 124/4853/1 123/272/1
f 124/274/2 128/4854/2 127/275/2
f 128/277/3 126/4855/3 125/278/3
f 126/280/4 122/4856/4 121/281/4
f 127/283/5 125/4857/5 121/284/5
f 124/286/6 122/4858/6 126/287/6
f 130/289/1 132/4859/1 131/290/1
f 132/292/2 136/4860/2 135/293/2
f 136/295/3 134/4861/3 133/296/3
f 134/298/4 130/4862/4 129/299/4
f 135/301/5 133/4863/5 129/302/5
f 132/304/6 130/4864/6 134/305/6
f 138/307/1 140/4865/1 139/308/1
f 140/310/2 144/4866/2 143/311/2
f 144/313/3 142/4867/3 141/314/3
f 142/316/4 138/4868/4 137/317/4
f 143/319/5 141/4869/5 137/320/5
f 140/322/6 138/4870/6 142/323/6
f 146/325/1 148/4871/1 147/326/1
f 148/328/2 152/4872/2 151/329/2
f 152/331/3 150/4873/3 149/332/3
f 150/334/4 146/4874/4 145/335/4
f 151/337/5 149/4875/5 145/338/5
f 148/340/6 146/4876/6 150/341/6
f 154/343/1 156/4877/1 155/344/1
f 156/346/2 160/4878/2 159/347/2
f 160/349/3 158/4879/3 157/350/3
f 158/352/4 154/4880/4 153/353/4
f 159/355/5 157/4881/5 153/356/5
f 156/358/6 154/4882/6 158/359/6
f 162/361/1 164/4883/1 163/362/1
f 164/364/2 168/4884/2 167/365/2
f 168/367/3 166/4885/3 165/368/3
f 166/370/4 162/4886/4 161/371/4
f 167/373/5 165/4887/5 161/374/5
f 164/376/6 162/4888/6 166/377/6
f 170/379/1 172/4889/1 171/380/1
f 172/382/2 176/4890/2 175/383/2
f 176/385/3 174/4891/3 173/386/3
f 174/388/4 170/4892/4 169/389/4
f 175/391/5 173/4893/5 169/392/5
f 172/394/6 170/4894/6 174/395/6
f 178/397/1 180/4895/1 179/398/1
f 180/400/2 184/4896/2 183/401/2
f 184/403/3 182/4897/3 181/404/3
f 182/406/4 178/4898/4 177/407/4
f 183/409/5 181/4899/5 177/410/5
f 180/412/6 178/4900/6 182/413/6
f 186/415/1 188/4901/1 187/416/1
f 188/418/2 192/4902/2 191/419/2
f 192/421/3 190/4903/3 189/422/3
f 190/424/4 186/4904/4 185/425/4
f 191/427/5 189/4905/5 185/428/5
f 188/430/6 186/4906/6 190/431/6
f 194/433/1 196/4907/1 195/434/1
f 196/436/2 200/4908/2 199/437/2
f 200/439/3 198/4909/3 197/440/3
f 198/442/4 194/4910/4 193/443/4
f 199/445/5 197/4911/5 193/446/5
f 196/448/6 194/4912/6 198/449/6
f 202/451/1 204/4913/1 203/452/1
f 204/454/2 208/4914/2 207/455/2
f 208/457/3 206/4915/3 205/458/3
f 206/460/4 202/4916/4 201/461/4
f 207/463/5 205/4917/5 201/464/5
f 204/466/6 202/4918/6 206/467/6
f 210/469/1 212/4919/1 211/470/1
f 212/472/2 216/4920/2 215/473/2
f 216/475/3 214/4921/3 213/476/3
f 214/478/4 210/4922/4 209/479/4
f 215/481/5 213/4923/5 209/482/5
f 212/484/6 210/4924/6 214/485/6
f 218/487/1 220/4925/1 219/488/1
f 220/490/2 224/4926/2 223/491/2
f 224/493/3 222/4927/3 221/494/3
f 222/496/4 218/4928/4 217/497/4
f 223/499/5 221/4929/5 217/500/5
f 220/502/6 218/4930/6 222/503/6
f 226/505/1 228/4931/1 227/506/1
f 228/508/2 232/4932/2 231/509/2
f 232/511/3 230/4933/3 229/512/3
f 230/514/4 226/4934/4 225/515/4
f 231/517/5 229/4935/5 225/518/5
f 228/520/6 226/4936/6 230/521/6
f 234/523/1 236/4937/1 235/524/1
f 236/526/2 240/4938/2 239/527/2
f 240/529/3 238/4939/3 237/530/3
f 238/532/4 234/4940/4 233/533/4
f 239/535/5 237/4941/5 233/536/5
f 236/538/6 234/4942/6 238/539/6
f 242/541/1 244/4943/1 243/542/1
f 244/544/2 248/4944/2 247/545/2
f 248/547/3 246/4945/3 245/548/3
f 246/550/4 242/4946/4 241/551/4
f 247/553/5 245/4947/5 241/554/5
f 244/556/6 242/4948/6 246/557/6
f 250/559/1 252/4949/1 251/560/1
f 252/562/2 256/4950/2 255/563/2
f 256/565/3 254/4951/3 253/566/3
f 254/568/4 250/4952/4 249/569/4
f 255/571/5 253/4953/5 249/572/5
f 252/574/6 250/4954/6 254/575/6
f 258/577/1 260/4955/1 259/578/1
f 260/580/2 264/4956/2 263/581/2
f 264/583/3 262/4957/3 261/584/3
f 262/586/4 258/4958/4 257/587/4
f 263/589/5 261/4959/5 257/590/5
f 260/592/6 258/4960/6 262/593/6
f 266/595/1 268/4961/1 267/596/1
f 268/598/2 272/4962/2 271/599/2
f 272/601/3 270/4963/3 269/602/3
f 270/604/4 266/4964/4 265/605/4
f 271/607/5 269/4965/5 265/608/5
f 268/610/6 266/4966/6 270/611/6
f 274/613/1 276/4967/1 275/614/1
f 276/616/2 280/4968/2 279/617/2
f 280/619/3 278/4969/3 277/620/3
f 278/622/4 274/4970/4 273/623/4
f 279/625/5 277/4971/5 273/626/5
f 276/628/6 274/4972/6 278/629/6
f 282/631/1 284/4973/1 283/632/1
f 284/634/2 288/4974/2 287/635/2
f 288/637/3 286/4975/3 285/638/3
f 286/640/4 282/4976/4 281/641/4
f 287/643/5 285/4977/5 281/644/5
f 284/646/6 282/4978/6 286/647/6
f 290/649/1 292/4979/1 291/650/1
f 292/652/2 296/4980/2 295/653/2
f 296/655/3 294/4981/3 293/656/3
f 294/658/4 290/4982/4 289/659/4
f 295/661/5 293/4983/5 289/662/5
f 292/664/6 290/4984/6 294/665/6
f 298/667/1 300/4985/1 299/668/1
f 300/670/2 304/4986/2 303/671/2
f 304/673/3 302/4987/3 301/674/3
f 302/676/4 298/4988/4 297/677/4
f 303/679/5 301/4989/5 297/680/5
f 300/682/6 298/4990/6 302/683/6
f 306/685/1 308/4991/1 307/686/1
f 308/688/2 312/4992/2 311/689/2
f 312/691/3 310/4993/3 309/692/3
f 310/694/4 306/4994/4 305/695/4
f 311/697/5 309/4995/5 305/698/5
f 308/700/6 306/4996/6 310/701/6
f 314/703/1 316/4997/1 315/704/1
f 316/706/2 320/4998/2 319/707/2
f 320/709/3 318/4999/3 317/710/3
f 318/712/4 314/5000/4 313/713/4
f 319/715/5 317/5001/5 313/716/5
f 316/718/6 314/5002/6 318/719/6
f 322/721/1 324/5003/1 323/722/1
f 324/724/2 328/5004/2 327/725/2
f 328/727/3 326/5005/3 325/728/3
f 326/730/4 322/5006/4 321/731/4
f 327/733/5 325/5007/5 321/734/5
f 324/736/6 322/5008/6 326/737/6
f 330/739/1 332/5009/1 331/740/1
f 332/742/2 336/5010/2 335/743/2
f 336/745/3 334/5011/3 333/746/3
f 334/748/4 330/5012/4 329/749/4
f 335/751/5 333/5013/5 329/752/5
f 332/754/6 330/5014/6 334/755/6
f 338/757/1 340/5015/1 339/758/1
f 340/760/2 344/5016/2 343/761/2
f 344/763/3 342/5017/3 341/764/3
f 342/766/4 338/5018/4 337/767/4
f 343/769/5 341/5019/5 337/770/5
f 340/772/6 338/5020/6 342/773/6
f 346/775/1 348/5021/1 347/776/1
f 348/778/2 352/5022/2 351/779/2
f 352/781/3 350/5023/3 349/782/3
f 350/784/4 346/5024/4 345/785/4
f 351/787/5 349/5025/5 345/788/5
f 348/790/6 346/5026/6 350/791/6
f 354/793/1 356/5027/1 355/794/1
f 356/796/2 360/5028/2 359/797/2
f 360/799/3 358/5029/3 357/800/3
f 358/802/4 354/5030/4 353/803/4
f 359/805/5 357/5031/5 353/806/5
f 356/808/6 354/5032/6 358/809/6
f 362/811/1 364/5033/1 363/812/1
f 364/814/2 368/5034/2 367/815/2
f 368/817/3 366/5035/3 365/818/3
f 366/820/4 362/5036/4 361/821/4
f 367/823/5 365/5037/5 361/824/5
f 364/826/6 362/5038/6 366/827/6
f 370/829/1 372/5039/1 371/830/1
f 372/832/2 376/5040/2 375/833/2
f 376/835/3 374/5041/3 373/836/3
f 374/838/4 370/5042/4 369/839/4
f 375/841/5 373/5043/5 369/842/5
f 372/844/6 370/5044/6 374/845/6
f 378/847/1 380/5045/1 379/848/1
f 380/850/2 384/5046/2 383/851/2
f 384/853/3 382/5047/3 381/854/3
f 382/856/4 378/5048/4 377/857/4
f 383/859/5 381/5049/5 377/860/5
f 380/862/6 378/5050/6 382/863/6
f 386/865/1 388/5051/1 387/866/1
f 388/868/2 392/5052/2 391/869/2
f 392/871/3 390/5053/3 389/872/3
f 390/874/4 386/5054/4 385/875/4
f 391/877/5 389/5055/5 385/878/5
f 388/880/6 386/5056/6 390/881/6
f 394/883/1 396/5057/1 395/884/1
f 396/886/2 400/5058/2 399/887/2
f 400/889/3 398/5059/3 397/890/3
f 398/892/4 394/5060/4 393/893/4
f 399/895/5 397/5061/5 393/896/5
f 396/898/6 394/5062/6 398/899/6
f 402/901/1 404/5063/1 403/902/1
f 404/904/2 408/5064/2 407/905/2
f 408/907/3 406/5065/3 405/908/3
f 406/910/4 402/5066/4 401/911/4
f 407/913/5 405/5067/5 401/914/5
f 404/916/6 402/5068/6 406/917/6
f 410/919/1 412/5069/1 411/920/1
f 412/922/2 416/5070/2 415/923/2
f 416/925/3 414/5071/3 413/926/3
f 414/928/4 410/5072/4 409/929/4
f 415/931/5 413/5073/5 409/932/5
f 412/934/6 410/5074/6 414/935/6
f 418/937/1 420/5075/1 419/938/1
f 420/940/2 424/5076/2 423/941/2
f 424/943/3 422/5077/3 421/944/3
f 422/946/4 418/5078/4 417/947/4
f 423/949/5 421/5079/5 417/950/5
f 420/952/6 418/5080/6 422/953/6
f 426/955/1 428/5081/1 427/956/1
f 428/958/2 432/5082/2 431/959/2
f 432/961/3 430/5083/3 429/962/3
f 430/964/4 426/5084/4 425/965/4
f 431/967/5 429/5085/5 425/968/5
f 428/970/6 426/5086/6 430/971/6
f 434/973/1 436/5087/1 435/974/1
f 436/976/2 440/5088/2 439/977/2
f 440/979/3 438/5089/3 437/980/3
f 438/982/4 434/5090/4 433/983/4
f 439/985/5 437/5091/5 433/986/5
f 436/988/6 434/5092/6 438/989/6
f 442/991/1 444/5093/1 443/992/1
f 444/994/2 448/5094/2 447/995/2
f 448/997/3 446/5095/3 445/998/3
f 446/1000/4 442/5096/4 441/1001/4
f 447/1003/5 445/5097/5 441/1004/5
f 444/1006/6 442/5098/6 446/1007/6
f 450/1009/1 452/5099/1 451/1010/1
f 452/1012/2 456/5100/2 455/1013/2
f 456/1015/3 454/5101/3 453/1016/3
f 454/1018/4 450/5102/4 449/1019/4
f 455/1021/5 453/5103/5 449/1022/5
f 452/1024/6 450/5104/6 454/1025/6
f 458/1027/1 460/5105/1 459/1028/1
f 460/1030/2 464/5106/2 463/1031/2
f 464/1033/3 462/5107/3 461/1034/3
f 462/1036/4 458/5108/4 457/1037/4
f 463/1039/5 461/5109/5 457/1040/5
f 460/1042/6 458/5110/6 462/1043/6
f 466/1045/1 468/5111/1 467/1046/1
f 468/1048/2 472/5112/2 471/1049/2
f 472/1051/3 470/5113/3 469/1052/3
f 470/1054/4 466/5114/4 465/1055/4
f 471/1057/5 469/5115/5 465/1058/5
f 468/1060/6 466/5116/6 470/1061/6
f 474/1063/1 476/5117/1 475/1064/1
f 476/1066/2 480/5118/2 479/1067/2
f 480/1069/3 478/5119/3 477/1070/3
f 478/1072/4 474/5120/4 473/1073/4
f 479/1075/5 477/5121/5 473/1076/5
f 476/1078/6 474/5122/6 478/1079/6
f 482/1081/1 484/5123/1 483/1082/1
f 484/1084/2 488/5124/2 487/1085/2
f 488/1087/3 486/5125/3 485/1088/3
f 486/1090/4 482/5126/4 481/1091/4
f 487/1093/5 485/5127/5 481/1094/5
f 484/1096/6 482/5128/6 486/1097/6
f 490/1099/1 492/5129/1 491/1100/1
f 492/1102/2 496/5130/2 495/1103/2
f 496/1105/3 494/5131/3 493/1106/3
f 494/1108/4 490/5132/4 489/1109/4
f 495/1111/5 493/5133/5 489/1112/5
f 492/1114/6 490/5134/6 494/1115/6
f 498/1117/1 500/5135/1 499/1118/1
f 500/1120/2 504/5136/2 503/1121/2
f 504/1123/3 502/5137/3 501/1124/3
f 502/1126/4 498/5138/4 497/1127/4
f 503/1129/5 501/5139/5 497/1130/5
f 500/1132/6 498/5140/6 502/1133/6
f 506/1135/1 508/5141/1 507/1136/1
f 508/1138/2 512/5142/2 511/1139/2
f 512/1141/3 510/5143/3 509/1142/3
f 510/1144/4 506/5144/4 505/1145/4
f 511/1147/5 509/5145/5 505/1148/5
f 508/1150/6 506/5146/6 510/1151/6
f 514/1153/1 516/5147/1 515/1154/1
f 516/1156/2 520/5148/2 519/1157/2
f 520/1159/3 518/5149/3 517/1160/3
f 518/1162/4 514/5150/4 513/1163/4
f 519/1165/5 517/5151/5 513/1166/5
f 516/1168/6 514/5152/6 518/1169/6
f 522/1171/1 524/5153/1 523/1172/1
f 524/1174/2 528/5154/2 527/1175/2
f 528/1177/3 526/5155/3 525/1178/3
f 526/1180/4 522/5156/4 521/1181/4
f 527/1183/5 525/5157/5 521/1184/5
f 524/1186/6 522/5158/6 526/1187/6
f 530/1189/1 532/5159/1 531/1190/1
f 532/1192/2 536/5160/2 535/1193/2
f 536/1195/3 534/5161/3 533/1196/3
f 534/1198/4 530/5162/4 529/1199/4
f 535/1201/5 533/5163/5 529/1202/5
f 532/1204/6 530/5164/6 534/1205/6
f 538/1207/1 540/5165/1 539/1208/1
f 540/1210/2 544/5166/2 543/1211/2
f 544/1213/3 542/5167/3 541/1214/3
f 542/1216/4 538/5168/4 537/1217/4
f 543/1219/5 541/5169/5 537/1220/5
f 540/1222/6 538/5170/6 542/1223/6
f 546/1225/1 548/5171/1 547/1226/1
f 548/1228/2 552/5172/2 551/1229/2
f 552/1231/3 550/5173/3 549/1232/3
f 550/1234/4 546/5174/4 545/1235/4
f 551/1237/5 549/5175/5 545/1238/5
f 548/1240/6 546/5176/6 550/1241/6
f 554/1243/1 556/5177/1 555/1244/1
f 556/1246/2 560/5178/2 559/1247/2
f 560/1249/3 558/5179/3 557/1250/3
f 558/1252/4 554/5180/4 553/1253/4
f 559/1255/5 557/5181/5 553/1256/5
f 556/1258/6 554/5182/6 558/1259/6
f 562/1261/1 564/5183/1 563/1262/1
f 564/1264/2 568/5184/2 567/1265/2
f 568/1267/3 566/5185/3 565/1268/3
f 566/1270/4 562/5186/4 561/1271/4
f 567/1273/5 565/5187/5 561/1274/5
f 564/1276/6 562/5188/6 566/1277/6
f 570/1279/1 572/5189/1 571/1280/1
f 572/1282/2 576/5190/2 575/1283/2
f 576/1285/3 574/5191/3 573/1286/3
f 574/1288/4 570/5192/4 569/1289/4
f 575/1291/5 573/5193/5 569/1292/5
f 572/1294/6 570/5194/6 574/1295/6
f 578/1297/1 580/5195/1 579/1298/1
f 580/1300/2 584/5196/2 583/1301/2
f 584/1303/3 582/5197/3 581/1304/3
f 582/1306/4 578/5198/4 577/1307/4
f 583/1309/5 581/5199/5 577/1310/5
f 580/1312/6 578/5200/6 582/1313/6
f 586/1315/1 588/5201/1 587/1316/1
f 588/1318/2 592/5202/2 591/1319/2
f 592/1321/3 590/5203/3 589/1322/3
f 590/1324/4 586/5204/4 585/1325/4
f 591/1327/5 589/5205/5 585/1328/5
f 588/1330/6 586/5206/6 590/1331/6
f 594/1333/1 596/5207/1 595/1334/1
f 596/1336/2 600/5208/2 599/1337/2
f 600/1339/3 598/5209/3 597/1340/3
f 598/1342/4 594/5210/4 593/1343/4
f 599/1345/5 597/5211/5 593/1346/5
f 596/1348/6 594/5212/6 598/1349/6
f 602/1351/1 604/5213/1 603/1352/1
f 604/1354/2 608/5214/2 607/1355/2
f 608/1357/3 606/5215/3 605/1358/3
f 606/1360/4 602/5216/4 601/1361/4
f 607/1363/5 605/5217/5 601/1364/5
f 604/1366/6 602/5218/6 606/1367/6
f 610/1369/1 612/5219/1 611/1370/1
f 612/1372/2 616/5220/2 615/1373/2
f 616/1375/3 614/5221/3 613/1376/3
f 614/1378/4 610/5222/4 609/1379/4
f 615/1381/5 613/5223/5 609/1382/5
f 612/1384/6 610/5224/6 614/1385/6
f 618/1387/1 620/5225/1 619/1388/1
f 620/1390/2 624/5226/2 623/1391/2
f 624/1393/3 622/5227/3 621/1394/3
f 622/1396/4 618/5228/4 617/1397/4
f 623/1399/5 621/5229/5 617/1400/5
f 620/1402/6 618/5230/6 622/1403/6
f 626/1405/1 628/5231/1 627/1406/1
f 628/1408/2 632/5232/2 631/1409/2
f 632/1411/3 630/5233/3 629/1412/3
f 630/1414/4 626/5234/4 625/1415/4
f 631/1417/5 629/5235/5 625/1418/5
f 628/1420/6 626/5236/6 630/1421/6
f 634/1423/1 636/5237/1 635/1424/1
f 636/1426/2 640/5238/2 639/1427/2
f 640/1429/3 638/5239/3 637/1430/3
f 638/1432/4 634/5240/4 633/1433/4
f 639/1435/5 637/5241/5 633/1436/5
f 636/1438/6 634/5242/6 638/1439/6
f 642/1441/1 644/5243/1 643/1442/1
f 644/1444/2 648/5244/2 647/1445/2
f 648/1447/3 646/5245/3 645/1448/3
f 646/1450/4 642/5246/4 641/1451/4
f 647/1453/5 645/5247/5 641/1454/5
f 644/1456/6 642/5248/6 646/1457/6
f 650/1459/1 652/5249/1 651/1460/1
f 652/1462/2 656/5250/2 655/1463/2
f 656/1465/3 654/5251/3 653/1466/3
f 654/1468/4 650/5252/4 649/1469/4
f 655/1471/5 653/5253/5 649/1472/5
f 652/1474/6 650/5254/6 654/1475/6
f 658/1477/1 660/5255/1 659/1478/1
f 660/1480/2 664/5256/2 663/1481/2
f 664/1483/3 662/5257/3 661/1484/3
f 662/1486/4 658/5258/4 657/1487/4
f 663/1489/5 661/5259/5 657/1490/5
f 660/1492/6 658/5260/6 662/1493/6
f 666/1495/1 668/5261/1 667/1496/1
f 668/1498/2 672/5262/2 671/1499/2
f 672/1501/3 670/5263/3 669/1502/3
f 670/1504/4 666/5264/4 665/1505/4
f 671/1507/5 669/5265/5 665/1508/5
f 668/1510/6 666/5266/6 670/1511/6
f 674/1513/1 676/5267/1 675/1514/1
f 676/1516/2 680/5268/2 679/1517/2
f 680/1519/3 678/5269/3 677/1520/3
f 678/1522/4 674/5270/4 673/1523/4
f 679/1525/5 677/5271/5 673/1526/5
f 676/1528/6 674/5272/6 678/1529/6
f 682/1531/1 684/5273/1 683/1532/1
f 684/1534/2 688/5274/2 687/1535/2
f 688/1537/3 686/5275/3 685/1538/3
f 686/1540/4 682/5276/4 681/1541/4
f 687/1543/5 685/5277/5 681/1544/5
f 684/1546/6 682/5278/6 686/1547/6
f 690/1549/1 692/5279/1 691/1550/1
f 692/1552/2 696/5280/2 695/1553/2
f 696/1555/3 694/5281/3 693/1556/3
f 694/1558/4 690/5282/4 689/1559/4
f 695/1561/5 693/5283/5 689/1562/5
f 692/1564/6 690/5284/6 694/1565/6
f 698/1567/1 700/5285/1 699/1568/1
f 700/1570/2 704/5286/2 703/1571/2
f 704/1573/3 702/5287/3 701/1574/3
f 702/1576/4 698/5288/4 697/1577/4
f 703/1579/5 701/5289/5 697/1580/5
f 700/1582/6 698/5290/6 702/1583/6
f 706/1585/1 708/5291/1 707/1586/1
f 708/1588/2 712/5292/2 711/1589/2
f 712/1591/3 710/5293/3 709/1592/3
f 710/1594/4 706/5294/4 705/1595/4
f 711/1597/5 709/5295/5 705/1598/5
f 708/1600/6 706/5296/6 710/1601/6
f 714/1603/1 716/5297/1 715/1604/1
f 716/1606/2 720/5298/2 719/1607/2
f 720/1609/3 718/5299/3 717/1610/3
f 718/1612/4 714/5300/4 713/1613/4
f 719/1615/5 717/5301/5 713/1616/5
f 716/1618/6 714/5302/6 718/1619/6
f 722/1621/1 724/5303/1 723/1622/1
f 724/1624/2 728/5304/2 727/1625/2
f 728/1627/3 726/5305/3 725/1628/3
f 726/1630/4 722/5306/4 721/1631/4
f 727/1633/5 725/5307/5 721/1634/5
f 724/1636/6 722/5308/6 726/1637/6
f 730/1639/1 732/5309/1 731/1640/1
f 732/1642/2 736/5310/2 735/1643/2
f 736/1645/3 734/5311/3 733/1646/3
f 734/1648/4 730/5312/4 729/1649/4
f 735/1651/5 733/5313/5 729/1652/5
f 732/1654/6 730/5314/6 734/1655/6
f 738/1657/1 740/5315/1 739/1658/1
f 740/1660/2 744/5316/2 743/1661/2
f 744/1663/3 742/5317/3 741/1664/3
f 742/1666/4 738/5318/4 737/1667/4
f 743/1669/5 741/5319/5 737/1670/5
f 740/1672/6 738/5320/6 742/1673/6
f 746/1675/1 748/5321/1 747/1676/1
f 748/1678/2 752/5322/2 751/1679/2
f 752/1681/3 750/5323/3 749/1682/3
f 750/1684/4 746/5324/4 745/1685/4
f 751/1687/5 749/5325/5 745/1688/5
f 748/1690/6 746/5326/6 750/1691/6
f 754/1693/1 756/5327/1 755/1694/1
f 756/1696/2 760/5328/2 759/1697/2
f 760/1699/3 758/5329/3 757/1700/3
f 758/1702/4 754/5330/4 753/1703/4
f 759/1705/5 757/5331/5 753/1706/5
f 756/1708/6 754/5332/6 758/1709/6
f 762/1711/1 764/5333/1 763/1712/1
f 764/1714/2 768/5334/2 767/1715/2
f 768/1717/3 766/5335/3 765/1718/3
f 766/1720/4 762/5336/4 761/1721/4
f 767/1723/5 765/5337/5 761/1724/5
f 764/1726/6 762/5338/6 766/1727/6
f 770/1729/1 772/5339/1 771/1730/1
f 772/1732/2 776/5340/2 775/1733/2
f 776/1735/3 774/5341/3 773/1736/3
f 774/1738/4 770/5342/4 769/1739/4
f 775/1741/5 773/5343/5 769/1742/5
f 772/1744/6 770/5344/6 774/1745/6
f 778/1747/1 780/5345/1 779/1748/1
f 780/1750/2 784/5346/2 783/1751/2
f 784/1753/3 782/5347/3 781/1754/3
f 782/1756/4 778/5348/4 777/1757/4
f 783/1759/5 781/5349/5 777/1760/5
f 780/1762/6 778/5350/6 782/1763/6
f 786/1765/1 788/5351/1 787/1766/1
f 788/1768/2 792/5352/2 791/1769/2
f 792/1771/3 790/5353/3 789/1772/3
f 790/1774/4 786/5354/4 785/1775/4
f 791/1777/5 789/5355/5 785/1778/5
f 788/1780/6 786/5356/6 790/1781/6
f 794/1783/1 796/5357/1 795/1784/1
f 796/1786/2 800/5358/2 799/1787/2
f 800/1789/3 798/5359/3 797/1790/3
f 798/1792/4 794/5360/4 793/1793/4
f 799/1795/5 797/5361/5 793/1796/5
f 796/1798/6 794/5362/6 798/1799/6
f 802/1801/1 804/5363/1 803/1802/1
f 804/1804/2 808/5364/2 807/1805/2
f 808/1807/3 806/5365/3 805/1808/3
f 806/1810/4 802/5366/4 801/1811/4
f 807/1813/5 805/5367/5 801/1814/5
f 804/1816/6 802/5368/6 806/1817/6
f 810/1819/1 812/5369/1 811/1820/1
f 812/1822/2 816/5370/2 815/1823/2
f 816/1825/3 814/5371/3 813/1826/3
f 814/1828/4 810/5372/4 809/1829/4
f 815/1831/5 813/5373/5 809/1832/5
f 812/1834/6 810/5374/6 814/1835/6
f 818/1837/1 820/5375/1 819/1838/1
f 820/1840/2 824/5376/2 823/1841/2
f 824/1843/3 822/5377/3 821/1844/3
f 822/1846/4 818/5378/4 817/1847/4
f 823/1849/5 821/5379/5 817/1850/5
f 820/1852/6 818/5380/6 822/1853/6
f 826/1855/1 828/5381/1 827/1856/1
f 828/1858/2 832/5382/2 831/1859/2
f 832/1861/3 830/5383/3 829/1862/3
f 830/1864/4 826/5384/4 825/1865/4
f 831/1867/5 829/5385/5 825/1868/5
f 828/1870/6 826/5386/6 830/1871/6
f 834/1873/1 836/5387/1 835/1874/1
f 836/1876/2 840/5388/2 839/1877/2
f 840/1879/3 838/5389/3 837/1880/3
f 838/1882/4 834/5390/4 833/1883/4
f 839/1885/5 837/5391/5 833/1886/5
f 836/1888/6 834/5392/6 838/1889/6
f 842/1891/1 844/5393/1 843/1892/1
f 844/1894/2 848/5394/2 847/1895/2
f 848/1897/3 846/5395/3 845/1898/3
f 846/1900/4 842/5396/4 841/1901/4
f 847/1903/5 845/5397/5 841/1904/5
f 844/1906/6 842/5398/6 846/1907/6
f 850/1909/1 852/5399/1 851/1910/1
f 852/1912/2 856/5400/2 855/1913/2
f 856/1915/3 854/5401/3 853/1916/3
f 854/1918/4 850/5402/4 849/1919/4
f 855/1921/5 853/5403/5 849/1922/5
f 852/1924/6 850/5404/6 854/1925/6
f 858/1927/1 860/5405/1 859/1928/1
f 860/1930/2 864/5406/2 863/1931/2
f 864/1933/3 862/5407/3 861/1934/3
f 862/1936/4 858/5408/4 857/1937/4
f 863/1939/5 861/5409/5 857/1940/5
f 860/1942/6 858/5410/6 862/1943/6
f 866/1945/1 868/5411/1 867/1946/1
f 868/1948/2 872/5412/2 871/1949/2
f 872/1951/3 870/5413/3 869/1952/3
f 870/1954/4 866/5414/4 865/1955/4
f 871/1957/5 869/5415/5 865/1958/5
f 868/1960/6 866/5416/6 870/1961/6
f 874/1963/1 876/5417/1 875/1964/1
f 876/1966/2 880/5418/2 879/1967/2
f 880/1969/3 878/5419/3 877/1970/3
f 878/1972/4 874/5420/4 873/1973/4
f 879/1975/5 877/5421/5 873/1976/5
f 876/1978/6 874/5422/6 878/1979/6
f 882/1981/1 884/5423/1 883/1982/1
f 884/1984/2 888/5424/2 887/1985/2
f 888/1987/3 886/5425/3 885/1988/3
f 886/1990/4 882/5426/4 881/1991/4
f 887/1993/5 885/5427/5 881/1994/5
f 884/1996/6 882/5428/6 886/1997/6
f 890/1999/1 892/5429/1 891/2000/1
f 892/2002/2 896/5430/2 895/2003/2
f 896/2005/3 894/5431/3 893/2006/3
f 894/2008/4 890/5432/4 889/2009/4
f 895/2011/5 893/5433/5 889/2012/5
f 892/2014/6 890/5434/6 894/2015/6
f 898/2017/1 900/5435/1 899/2018/1
f 900/2020/2 904/5436/2 903/2021/2
f 904/2023/3 902/5437/3 901/2024/3
f 902/2026/4 898/5438/4 897/2027/4
f 903/2029/5 901/5439/5 897/2030/5
f 900/2032/6 898/5440/6 902/2033/6
f 906/2035/1 908/5441/1 907/2036/1
f 908/2038/2 912/5442/2 911/2039/2
f 912/2041/3 910/5443/3 909/2042/3
f 910/2044/4 906/5444/4 905/2045/4
f 911/2047/5 909/5445/5 905/2048/5
f 908/2050/6 906/5446/6 910/2051/6
f 914/2053/1 916/5447/1 915/2054/1
f 916/2056/2 920/5448/2 919/2057/2
f 920/2059/3 918/5449/3 917/2060/3
f 918/2062/4 914/5450/4 913/2063/4
f 919/2065/5 917/5451/5 913/2066/5
f 916/2068/6 914/5452/6 918/2069/6
f 922/2071/1 924/5453/1 923/2072/1
f 924/2074/2 928/5454/2 927/2075/2
f 928/2077/3 926/5455/3 925/2078/3
f 926/2080/4 922/5456/4 921/2081/4
f 927/2083/5 925/5457/5 921/2084/5
f 924/2086/6 922/5458/6 926/2087/6
f 930/2089/1 932/5459/1 931/2090/1
f 932/2092/2 936/5460/2 935/2093/2
f 936/2095/3 934/5461/3 933/2096/3
f 934/2098/4 930/5462/4 929/2099/4
f 935/2101/5 933/5463/5 929/2102/5
f 932/2104/6 930/5464/6 934/2105/6
f 938/2107/1 940/5465/1 939/2108/1
f 940/2110/2 944/5466/2 943/2111/2
f 944/2113/3 942/5467/3 941/2114/3
f 942/2116/4 938/5468/4 937/2117/4
f 943/2119/5 941/5469/5 937/2120/5
f 940/2122/6 938/5470/6 942/2123/6
f 946/2125/1 948/5471/1 947/2126/1
f 948/2128/2 952/5472/2 951/2129/2
f 952/2131/3 950/5473/3 949/2132/3
f 950/2134/4 946/5474/4 945/2135/4
f 951/2137/5 949/5475/5 945/2138/5
f 948/2140/6 946/5476/6 950/2141/6
f 954/2143/1 956/5477/1 955/2144/1
f 956/2146/2 960/5478/2 959/2147/2
f 960/2149/3 958/5479/3 957/2150/3
f 958/2152/4 954/5480/4 953/2153/4
f 959/2155/5 957/5481/5 953/2156/5
f 956/2158/6 954/5482/6 958/2159/6
f 962/2161/1 964/5483/1 963/2162/1
f 964/2164/2 968/5484/2 967/2165/2
f 968/2167/3 966/5485/3 965/2168/3
f 966/2170/4 962/5486/4 961/2171/4
f 967/2173/5 965/5487/5 961/2174/5
f 964/2176/6 962/5488/6 966/2177/6
f 970/2179/1 972/5489/1 971/2180/1
f 972/2182/2 976/5490/2 975/2183/2
f 976/2185/3 974/5491/3 973/2186/3
f 974/2188/4 970/5492/4 969/2189/4
f 975/2191/5 973/5493/5 969/2192/5
f 972/2194/6 970/5494/6 974/2195/6
f 978/2197/1 980/5495/1 979/2198/1
f 980/2200/2 984/5496/2 983/2201/2
f 984/2203/3 982/5497/3 981/2204/3
f 982/2206/4 978/5498/4 977/2207/4
f 983/2209/5 981/5499/5 977/2210/5
f 980/2212/6 978/5500/6 982/2213/6
f 986/2215/1 988/5501/1 987/2216/1
f 988/2218/2 992/5502/2 991/2219/2
f 992/2221/3 990/5503/3 989/2222/3
f 990/2224/4 986/5504/4 985/2225/4
f 991/2227/5 989/5505/5 985/2228/5
f 988/2230/6 986/5506/6 990/2231/6
f 994/2233/1 996/5507/1 995/2234/1
f 996/2236/2 1000/5508/2 999/2237/2
f 1000/2239/3 998/5509/3 997/2240/3
f 998/2242/4 994/5510/4 993/2243/4
f 999/2245/5 997/5511/5 993/2246/5
f 996/2248/6 994/5512/6 998/2249/6
f 1002/2251/1 1004/5513/1 1003/2252/1
f 1004/2254/2 1008/5514/2 1007/2255/2
f 1008/2257/3 1006/5515/3 1005/2258/3
f 1006/2260/4 1002/5516/4 1001/2261/4
f 1007/2263/5 1005/5517/5 1001/2264/5
f 1004/2266/6 1002/5518/6 1006/2267/6
f 1010/2269/1 1012/5519/1 1011/2270/1
f 1012/2272/2 1016/5520/2 1015/2273/2
f 1016/2275/3 1014/5521/3 1013/2276/3
f 1014/2278/4 1010/5522/4 1009/2279/4
f 1015/2281/5 1013/5523/5 1009/2282/5
f 1012/2284/6 1010/5524/6 1014/2285/6
f 1018/2287/1 1020/5525/1 1019/2288/1
f 1020/2290/2 1024/5526/2 1023/2291/2
f 1024/2293/3 1022/5527/3 1021/2294/3
f 1022/2296/4 1018/5528/4 1017/2297/4
f 1023/2299/5 1021/5529/5 1017/2300/5
f 1020/2302/6 1018/5530/6 1022/2303/6
f 1026/2305/1 1028/5531/1 1027/2306/1
f 1028/2308/2 1032/5532/2 1031/2309/2
f 1032/2311/3 1030/5533/3 1029/2312/3
f 1030/2314/4 1026/5534/4 1025/2315/4
f 1031/2317/5 1029/5535/5 1025/2318/5
f 1028/2320/6 1026/5536/6 1030/2321/6
f 1154/2637/1 1156/5537/1 1155/2638/1
f 1156/2640/2 1160/5538/2 1159/2641/2
f 1160/2643/3 1158/5539/3 1157/2644/3
f 1158/2646/4 1154/5540/4 1153/2647/4
f 1159/2649/5 1157/5541/5 1153/2650/5
f 1156/2652/6 1154/5542/6 1158/2653/6
f 1162/2655/1 1164/5543/1 1163/2656/1
f 1164/2658/2 1168/5544/2 1167/2659/2
f 1168/2661/3 1166/5545/3 1165/2662/3
f 1166/2664/4 1162/5546/4 1161/2665/4
f 1167/2667/5 1165/5547/5 1161/2668/5
f 1164/2670/6 1162/5548/6 1166/2671/6
f 1170/2673/1 1172/5549/1 1171/2674/1
f 1172/2676/2 1176/5550/2 1175/2677/2
f 1176/2679/3 1174/5551/3 1173/2680/3
f 1174/2682/4 1170/5552/4 1169/2683/4
f 1175/2685/5 1173/5553/5 1169/2686/5
f 1172/2688/6 1170/5554/6 1174/2689/6
f 1178/2691/1 1180/5555/1 1179/2692/1
f 1180/2694/2 1184/5556/2 1183/2695/2
f 1184/2697/3 1182/5557/3 1181/2698/3
f 1182/2700/4 1178/5558/4 1177/2701/4
f 1183/2703/5 1181/5559/5 1177/2704/5
f 1180/2706/6 1178/5560/6 1182/2707/6
f 1186/2709/1 1188/5561/1 1187/2710/1
f 1188/2712/2 1192/5562/2 1191/2713/2
f 1192/2715/3 1190/5563/3 1189/2716/3
f 1190/2718/4 1186/5564/4 1185/2719/4
f 1191/2721/5 1189/5565/5 1185/2722/5
f 1188/2724/6 1186/5566/6 1190/2725/6
f 1194/2727/1 1196/5567/1 1195/2728/1
f 1196/2730/2 1200/5568/2 1199/2731/2
f 1200/2733/3 1198/5569/3 1197/2734/3
f 1198/2736/4 1194/5570/4 1193/2737/4
f 1199/2739/5 1197/5571/5 1193/2740/5
f 1196/2742/6 1194/5572/6 1198/2743/6
f 1202/2745/1 1204/5573/1 1203/2746/1
f 1204/2748/2 1208/5574/2 1207/2749/2
f 1208/2751/3 1206/5575/3 1205/2752/3
f 1206/2754/4 1202/5576/4 1201/2755/4
f 1207/2757/5 1205/5577/5 1201/2758/5
f 1204/2760/6 1202/5578/6 1206/2761/6
f 1210/2763/1 1212/5579/1 1211/2764/1
f 1212/2766/2 1216/5580/2 1215/2767/2
f 1216/2769/3 1214/5581/3 1213/2770/3
f 1214/2772/4 1210/5582/4 1209/2773/4
f 1215/2775/5 1213/5583/5 1209/2776/5
f 1212/2778/6 1210/5584/6 1214/2779/6
f 1218/2781/1 1220/5585/1 1219/2782/1
f 1220/2784/2 1224/5586/2 1223/2785/2
f 1224/2787/3 1222/5587/3 1221/2788/3
f 1222/2790/4 1218/5588/4 1217/2791/4
f 1223/2793/5 1221/5589/5 1217/2794/5
f 1220/2796/6 1218/5590/6 1222/2797/6
f 1226/2799/1 1228/5591/1 1227/2800/1
f 1228/2802/2 1232/5592/2 1231/2803/2
f 1232/2805/3 1230/5593/3 1229/2806/3
f 1230/2808/4 1226/5594/4 1225/2809/4
f 1231/2811/5 1229/5595/5 1225/2812/5
f 1228/2814/6 1226/5596/6 1230/2815/6
f 1234/2817/1 1236/5597/1 1235/2818/1
f 1236/2820/2 1240/5598/2 1239/2821/2
f 1240/2823/3 1238/5599/3 1237/2824/3
f 1238/2826/4 1234/5600/4 1233/2827/4
f 1239/2829/5 1237/5601/5 1233/2830/5
f 1236/2832/6 1234/5602/6 1238/2833/6
f 1242/2835/1 1244/5603/1 1243/2836/1
f 1244/2838/2 1248/5604/2 1247/2839/2
f 1248/2841/3 1246/5605/3 1245/2842/3
f 1246/2844/4 1242/5606/4 1241/2845/4
f 1247/2847/5 1245/5607/5 1241/2848/5
f 1244/2850/6 1242/5608/6 1246/2851/6
f 1250/2853/1 1252/5609/1 1251/2854/1
f 1252/2856/2 1256/5610/2 1255/2857/2
f 1256/2859/3 1254/5611/3 1253/2860/3
f 1254/2862/4 1250/5612/4 1249/2863/4
f 1255/2865/5 1253/5613/5 1249/2866/5
f 1252/2868/6 1250/5614/6 1254/2869/6
f 1258/2871/1 1260/5615/1 1259/2872/1
f 1260/2874/2 1264/5616/2 1263/2875/2
f 1264/2877/3 1262/5617/3 1261/2878/3
f 1262/2880/4 1258/5618/4 1257/2881/4
f 1263/2883/5 1261/5619/5 1257/2884/5
f 1260/2886/6 1258/5620/6 1262/2887/6
f 1266/2889/1 1268/5621/1 1267/2890/1
f 1268/2892/2 1272/5622/2 1271/2893/2
f 1272/2895/3 1270/5623/3 1269/2896/3
f 1270/2898/4 1266/5624/4 1265/2899/4
f 1271/2901/5 1269/5625/5 1265/2902/5
f 1268/2904/6 1266/5626/6 1270/2905/6
f 1274/2907/1 1276/5627/1 1275/2908/1
f 1276/2910/2 1280/5628/2 1279/2911/2
f 1280/2913/3 1278/5629/3 1277/2914/3
f 1278/2916/4 1274/5630/4 1273/2917/4
f 1279/2919/5 1277/5631/5 1273/2920/5
f 1276/2922/6 1274/5632/6 1278/2923/6
f 1282/2925/1 1284/5633/1 1283/2926/1
f 1284/2928/2 1288/5634/2 1287/2929/2
f 1288/2931/3 1286/5635/3 1285/2932/3
f 1286/2934/4 1282/5636/4 1281/2935/4
f 1287/2937/5 1285/5637/5 1281/2938/5
f 1284/2940/6 1282/5638/6 1286/2941/6
f 1290/2943/1 1292/5639/1 1291/2944/1
f 1292/2946/2 1296/5640/2 1295/2947/2
f 1296/2949/3 1294/5641/3 1293/2950/3
f 1294/2952/4 1290/5642/4 1289/2953/4
f 1295/2955/5 1293/5643/5 1289/2956/5
f 1292/2958/6 1290/5644/6 1294/2959/6
f 1298/2961/1 1300/5645/1 1299/2962/1
f 1300/2964/2 1304/5646/2 1303/2965/2
f 1304/2967/3 1302/5647/3 1301/2968/3
f 1302/2970/4 1298/5648/4 1297/2971/4
f 1303/2973/5 1301/5649/5 1297/2974/5
f 1300/2976/6 1298/5650/6 1302/2977/6
f 1306/2979/1 1308/5651/1 1307/2980/1
f 1308/2982/2 1312/5652/2 1311/2983/2
f 1312/2985/3 1310/5653/3 1309/2986/3
f 1310/2988/4 1306/5654/4 1305/2989/4
f 1311/2991/5 1309/5655/5 1305/2992/5
f 1308/2994/6 1306/5656/6 1310/2995/6
f 1314/2997/1 1316/5657/1 1315/2998/1
f 1316/3000/2 1320/5658/2 1319/3001/2
f 1320/3003/3 1318/5659/3 1317/3004/3
f 1318/3006/4 1314/5660/4 1313/3007/4
f 1319/3009/5 1317/5661/5 1313/3010/5
f 1316/3012/6 1314/5662/6 1318/3013/6
f 1322/3015/1 1324/5663/1 1323/3016/1
f 1324/3018/2 1328/5664/2 1327/3019/2
f 1328/3021/3 1326/5665/3 1325/3022/3
f 1326/3024/4 1322/5666/4 1321/3025/4
f 1327/3027/5 1325/5667/5 1321/3028/5
f 1324/3030/6 1322/5668/6 1326/3031/6
f 1330/3033/1 1332/5669/1 1331/3034/1
f 1332/3036/2 1336/5670/2 1335/3037/2
f 1336/3039/3 1334/5671/3 1333/3040/3
f 1334/3042/4 1330/5672/4 1329/3043/4
f 1335/3045/5 1333/5673/5 1329/3046/5
f 1332/3048/6 1330/5674/6 1334/3049/6
f 1338/3051/1 1340/5675/1 1339/3052/1
f 1340/3054/2 1344/5676/2 1343/3055/2
f 1344/3057/3 1342/5677/3 1341/3058/3
f 1342/3060/4 1338/5678/4 1337/3061/4
f 1343/3063/5 1341/5679/5 1337/3064/5
f 1340/3066/6 1338/5680/6 1342/3067/6
f 1346/3069/1 1348/5681/1 1347/3070/1
f 1348/3072/2 1352/5682/2 1351/3073/2
f 1352/3075/3 1350/5683/3 1349/3076/3
f 1350/3078/4 1346/5684/4 1345/3079/4
f 1351/3081/5 1349/5685/5 1345/3082/5
f 1348/3084/6 1346/5686/6 1350/3085/6
f 1354/3087/1 1356/5687/1 1355/3088/1
f 1356/3090/2 1360/5688/2 1359/3091/2
f 1360/3093/3 1358/5689/3 1357/3094/3
f 1358/3096/4 1354/5690/4 1353/3097/4
f 1359/3099/5 1357/5691/5 1353/3100/5
f 1356/3102/6 1354/5692/6 1358/3103/6
f 1362/3105/1 1364/5693/1 1363/3106/1
f 1364/3108/2 1368/5694/2 1367/3109/2
f 1368/3111/3 1366/5695/3 1365/3112/3
f 1366/3114/4 1362/5696/4 1361/3115/4
f 1367/3117/5 1365/5697/5 1361/3118/5
f 1364/3120/6 1362/5698/6 1366/3121/6
f 1370/3123/1 1372/5699/1 1371/3124/1
f 1372/3126/2 1376/5700/2 1375/3127/2
f 1376/3129/3 1374/5701/3 1373/3130/3
f 1374/3132/4 1370/5702/4 1369/3133/4
f 1375/3135/5 1373/5703/5 1369/3136/5
f 1372/3138/6 1370/5704/6 1374/3139/6
f 1378/3141/1 1380/5705/1 1379/3142/1
f 1380/3144/2 1384/5706/2 1383/3145/2
f 1384/3147/3 1382/5707/3 1381/3148/3
f 1382/3150/4 1378/5708/4 1377/3151/4
f 1383/3153/5 1381/5709/5 1377/3154/5
f 1380/3156/6 1378/5710/6 1382/3157/6
f 1386/3159/1 1388/5711/1 1387/3160/1
f 1388/3162/2 1392/5712/2 1391/3163/2
f 1392/3165/3 1390/5713/3 1389/3166/3
f 1390/3168/4 1386/5714/4 1385/3169/4
f 1391/3171/5 1389/5715/5 1385/3172/5
f 1388/3174/6 1386/5716/6 1390/3175/6
f 1394/3177/1 1396/5717/1 1395/3178/1
f 1396/3180/2 1400/5718/2 1399/3181/2
f 1400/3183/3 1398/5719/3 1397/3184/3
f 1398/3186/4 1394/5720/4 1393/3187/4
f 1399/3189/5 1397/5721/5 1393/3190/5
f 1396/3192/6 1394/5722/6 1398/3193/6
f 1402/3195/1 1404/5723/1 1403/3196/1
f 1404/3198/2 1408/5724/2 1407/3199/2
f 1408/3201/3 1406/5725/3 1405/3202/3
f 1406/3204/4 1402/5726/4 1401/3205/4
f 1407/3207/5 1405/5727/5 1401/3208/5
f 1404/3210/6 1402/5728/6 1406/3211/6
f 1410/3213/1 1412/5729/1 1411/3214/1
f 1412/3216/2 1416/5730/2 1415/3217/2
f 1416/3219/3 1414/5731/3 1413/3220/3
f 1414/3222/4 1410/5732/4 1409/3223/4
f 1415/3225/5 1413/5733/5 1409/3226/5
f 1412/3228/6 1410/5734/6 1414/3229/6
f 1418/3231/1 1420/5735/1 1419/3232/1
f 1420/3234/2 1424/5736/2 1423/3235/2
f 1424/3237/3 1422/5737/3 1421/3238/3
f 1422/3240/4 1418/5738/4 1417/3241/4
f 1423/3243/5 1421/5739/5 1417/3244/5
f 1420/3246/6 1418/5740/6 1422/3247/6
f 1426/3249/1 1428/5741/1 1427/3250/1
f 1428/3252/2 1432/5742/2 1431/3253/2
f 1432/3255/3 1430/5743/3 1429/3256/3
f 1430/3258/4 1426/5744/4 1425/3259/4
f 1431/3261/5 1429/5745/5 1425/3262/5
f 1428/3264/6 1426/5746/6 1430/3265/6
f 1434/3267/1 1436/5747/1 1435/3268/1
f 1436/3270/2 1440/5748/2 1439/3271/2
f 1440/3273/3 1438/5749/3 1437/3274/3
f 1438/3276/4 1434/5750/4 1433/3277/4
f 1439/3279/5 1437/5751/5 1433/3280/5
f 1436/3282/6 1434/5752/6 1438/3283/6
f 1442/3285/1 1444/5753/1 1443/3286/1
f 1444/3288/2 1448/5754/2 1447/3289/2
f 1448/3291/3 1446/5755/3 1445/3292/3
f 1446/3294/4 1442/5756/4 1441/3295/4
f 1447/3297/5 1445/5757/5 1441/3298/5
f 1444/3300/6 1442/5758/6 1446/3301/6
f 1450/3303/1 1452/5759/1 1451/3304/1
f 1452/3306/2 1456/5760/2 1455/3307/2
f 1456/3309/3 1454/5761/3 1453/3310/3
f 1454/3312/4 1450/5762/4 1449/3313/4
f 1455/3315/5 1453/5763/5 1449/3316/5
f 1452/3318/6 1450/5764/6 1454/3319/6
f 1458/3321/1 1460/5765/1 1459/3322/1
f 1460/3324/2 1464/5766/2 1463/3325/2
f 1464/3327/3 1462/5767/3 1461/3328/3
f 1462/3330/4 1458/5768/4 1457/3331/4
f 1463/3333/5 1461/5769/5 1457/3334/5
f 1460/3336/6 1458/5770/6 1462/3337/6
f 1466/3339/1 1468/5771/1 1467/3340/1
f 1468/3342/2 1472/5772/2 1471/3343/2
f 1472/3345/3 1470/5773/3 1469/3346/3
f 1470/3348/4 1466/5774/4 1465/3349/4
f 1471/3351/5 1469/5775/5 1465/3352/5
f 1468/3354/6 1466/5776/6 1470/3355/6
f 1474/3357/1 1476/5777/1 1475/3358/1
f 1476/3360/2 1480/5778/2 1479/3361/2
f 1480/3363/3 1478/5779/3 1477/3364/3
f 1478/3366/4 1474/5780/4 1473/3367/4
f 1479/3369/5 1477/5781/5 1473/3370/5
f 1476/3372/6 1474/5782/6 1478/3373/6
f 1482/3375/1 1484/5783/1 1483/3376/1
f 1484/3378/2 1488/5784/2 1487/3379/2
f 1488/3381/3 1486/5785/3 1485/3382/3
f 1486/3384/4 1482/5786/4 1481/3385/4
f 1487/3387/5 1485/5787/5 1481/3388/5
f 1484/3390/6 1482/5788/6 1486/3391/6
f 1490/3393/1 1492/5789/1 1491/3394/1
f 1492/3396/2 1496/5790/2 1495/3397/2
f 1496/3399/3 1494/5791/3 1493/3400/3
f 1494/3402/4 1490/5792/4 1489/3403/4
f 1495/3405/5 1493/5793/5 1489/3406/5
f 1492/3408/6 1490/5794/6 1494/3409/6
f 1498/3411/1 1500/5795/1 1499/3412/1
f 1500/3414/2 1504/5796/2 1503/3415/2
f 1504/3417/3 1502/5797/3 1501/3418/3
f 1502/3420/4 1498/5798/4 1497/3421/4
f 1503/3423/5 1501/5799/5 1497/3424/5
f 1500/3426/6 1498/5800/6 1502/3427/6
f 1506/3429/1 1508/5801/1 1507/3430/1
f 1508/3432/2 1512/5802/2 1511/3433/2
f 1512/3435/3 1510/5803/3 1509/3436/3
f 1510/3438/4 1506/5804/4 1505/3439/4
f 1511/3441/5 1509/5805/5 1505/3442/5
f 1508/3444/6 1506/5806/6 1510/3445/6
f 1514/3447/1 1516/5807/1 1515/3448/1
f 1516/3450/2 1520/5808/2 1519/3451/2
f 1520/3453/3 1518/5809/3 1517/3454/3
f 1518/3456/4 1514/5810/4 1513/3457/4
f 1519/3459/5 1517/5811/5 1513/3460/5
f 1516/3462/6 1514/5812/6 1518/3463/6
f 1522/3465/1 1524/5813/1 1523/3466/1
f 1524/3468/2 1528/5814/2 1527/3469/2
f 1528/3471/3 1526/5815/3 1525/3472/3
f 1526/3474/4 1522/5816/4 1521/3475/4
f 1527/3477/5 1525/5817/5 1521/3478/5
f 1524/3480/6 1522/5818/6 1526/3481/6
f 1530/3483/1 1532/5819/1 1531/3484/1
f 1532/3486/2 1536/5820/2 1535/3487/2
f 1536/3489/3 1534/5821/3 1533/3490/3
f 1534/3492/4 1530/5822/4 1529/3493/4
f 1535/3495/5 1533/5823/5 1529/3496/5
f 1532/3498/6 1530/5824/6 1534/3499/6
f 1538/3501/1 1540/5825/1 1539/3502/1
f 1540/3504/2 1544/5826/2 1543/3505/2
f 1544/3507/3 1542/5827/3 1541/3508/3
f 1542/3510/4 1538/5828/4 1537/3511/4
f 1543/3513/5 1541/5829/5 1537/3514/5
f 1540/3516/6 1538/5830/6 1542/3517/6
f 1546/3519/1 1548/5831/1 1547/3520/1
f 1548/3522/2 1552/5832/2 1551/3523/2
f 1552/3525/3 1550/5833/3 1549/3526/3
f 1550/3528/4 1546/5834/4 1545/3529/4
f 1551/3531/5 1549/5835/5 1545/3532/5
f 1548/3534/6 1546/5836/6 1550/3535/6
f 1554/3537/1 1556/5837/1 1555/3538/1
f 1556/3540/2 1560/5838/2 1559/3541/2
f 1560/3543/3 1558/5839/3 1557/3544/3
f 1558/3546/4 1554/5840/4 1553/3547/4
f 1559/3549/5 1557/5841/5 1553/3550/5
f 1556/3552/6 1554/5842/6 1558/3553/6
f 1562/3555/1 1564/5843/1 1563/3556/1
f 1564/3558/2 1568/5844/2 1567/3559/2
f 1568/3561/3 1566/5845/3 1565/3562/3
f 1566/3564/4 1562/5846/4 1561/3565/4
f 1567/3567/5 1565/5847/5 1561/3568/5
f 1564/3570/6 1562/5848/6 1566/3571/6
f 1570/3573/1 1572/5849/1 1571/3574/1
f 1572/3576/2 1576/5850/2 1575/3577/2
f 1576/3579/3 1574/5851/3 1573/3580/3
f 1574/3582/4 1570/5852/4 1569/3583/4
f 1575/3585/5 1573/5853/5 1569/3586/5
f 1572/3588/6 1570/5854/6 1574/3589/6
f 1578/3591/1 1580/5855/1 1579/3592/1
f 1580/3594/2 1584/5856/2 1583/3595/2
f 1584/3597/3 1582/5857/3 1581/3598/3
f 1582/3600/4 1578/5858/4 1577/3601/4
f 1583/3603/5 1581/5859/5 1577/3604/5
f 1580/3606/6 1578/5860/6 1582/3607/6
f 1586/3609/1 1588/5861/1 1587/3610/1
f 1588/3612/2 1592/5862/2 1591/3613/2
f 1592/3615/3 1590/5863/3 1589/3616/3
f 1590/3618/4 1586/5864/4 1585/3619/4
f 1591/3621/5 1589/5865/5 1585/3622/5
f 1588/3624/6 1586/5866/6 1590/3625/6
f 1594/3627/1 1596/5867/1 1595/3628/1
f 1596/3630/2 1600/5868/2 1599/3631/2
f 1600/3633/3 1598/5869/3 1597/3634/3
f 1598/3636/4 1594/5870/4 1593/3637/4
f 1599/3639/5 1597/5871/5 1593/3640/5
f 1596/3642/6 1594/5872/6 1598/3643/6
f 1602/3645/1 1604/5873/1 1603/3646/1
f 1604/3648/2 1608/5874/2 1607/3649/2
f 1608/3651/3 1606/5875/3 1605/3652/3
f 1606/3654/4 1602/5876/4 1601/3655/4
f 1607/3657/5 1605/5877/5 1601/3658/5
f 1604/3660/6 1602/5878/6 1606/3661/6
f 1610/3663/1 1612/5879/1 1611/3664/1
f 1612/3666/2 1616/5880/2 1615/3667/2
f 1616/3669/3 1614/5881/3 1613/3670/3
f 1614/3672/4 1610/5882/4 1609/3673/4
f 1615/3675/5 1613/5883/5 1609/3676/5
f 1612/3678/6 1610/5884/6 1614/3679/6
f 1618/3681/1 1620/5885/1 1619/3682/1
f 1620/3684/2 1624/5886/2 1623/3685/2
f 1624/3687/3 1622/5887/3 1621/3688/3
f 1622/3690/4 1618/5888/4 1617/3691/4
f 1623/3693/5 1621/5889/5 1617/3694/5
f 1620/3696/6 1618/5890/6 1622/3697/6
f 1626/3699/1 1628/5891/1 1627/3700/1
f 1628/3702/2 1632/5892/2 1631/3703/2
f 1632/3705/3 1630/5893/3 1629/3706/3
f 1630/3708/4 1626/5894/4 1625/3709/4
f 1631/3711/5 1629/5895/5 1625/3712/5
f 1628/3714/6 1626/5896/6 1630/3715/6
f 1634/3717/1 1636/5897/1 1635/3718/1
f 1636/3720/2 1640/5898/2 1639/3721/2
f 1640/3723/3 1638/5899/3 1637/3724/3
f 1638/3726/4 1634/5900/4 1633/3727/4
f 1639/3729/5 1637/5901/5 1633/3730/5
f 1636/3732/6 1634/5902/6 1638/3733/6
f 1642/3735/1 1644/5903/1 1643/3736/1
f 1644/3738/2 1648/5904/2 1647/3739/2
f 1648/3741/3 1646/5905/3 1645/3742/3
f 1646/3744/4 1642/5906/4 1641/3745/4
f 1647/3747/5 1645/5907/5 1641/3748/5
f 1644/3750/6 1642/5908/6 1646/3751/6
f 1650/3753/1 1652/5909/1 1651/3754/1
f 1652/3756/2 1656/5910/2 1655/3757/2
f 1656/3759/3 1654/5911/3 1653/3760/3
f 1654/3762/4 1650/5912/4 1649/3763/4
f 1655/3765/5 1653/5913/5 1649/3766/5
f 1652/3768/6 1650/5914/6 1654/3769/6
f 1658/3771/1 1660/5915/1 1659/3772/1
f 1660/3774/2 1664/5916/2 1663/3775/2
f 1664/3777/3 1662/5917/3 1661/3778/3
f 1662/3780/4 1658/5918/4 1657/3781/4
f 1663/3783/5 1661/5919/5 1657/3784/5
f 1660/3786/6 1658/5920/6 1662/3787/6
f 1666/3789/1 1668/5921/1 1667/3790/1
f 1668/3792/207 1672/5922/207 1671/3793/207
f 1671/3795/3 1672/5923/3 1670/3796/3
f 1670/3798/208 1666/5924/208 1665/3799/208
f 1671/3801/209 1669/5925/209 1665/3802/209
f 1668/3804/210 1666/5926/210 1670/3805/210
f 1674/3807/1 1676/5927/1 1675/3808/1
f 1676/3810/2 1680/5928/2 1679/3811/2
f 1680/3813/3 1678/5929/3 1677/3814/3
f 1678/3816/4 1674/5930/4 1673/3817/4
f 1679/3819/5 1677/5931/5 1673/3820/5
f 1676/3822/6 1674/5932/6 1678/3823/6
f 1682/3825/1 1684/5933/1 1683/3826/1
f 1684/3828/2 1688/5934/2 1687/3829/2
f 1688/3831/3 1686/5935/3 1685/3832/3
f 1686/3834/4 1682/5936/4 1681/3835/4
f 1687/3837/5 1685/5937/5 1681/3838/5
f 1684/3840/6 1682/5938/6 1686/3841/6
f 1690/3843/1 1692/5939/1 1691/3844/1
f 1692/3846/2 1696/5940/2 1695/3847/2
f 1696/3849/3 1694/5941/3 1693/3850/3
f 1694/3852/4 1690/5942/4 1689/3853/4
f 1695/3855/5 1693/5943/5 1689/3856/5
f 1692/3858/6 1690/5944/6 1694/3859/6
f 1698/3861/1 1700/5945/1 1699/3862/1
f 1700/3864/2 1704/5946/2 1703/3865/2
f 1704/3867/3 1702/5947/3 1701/3868/3
f 1702/3870/4 1698/5948/4 1697/3871/4
f 1703/3873/5 1701/5949/5 1697/3874/5
f 1700/3876/6 1698/5950/6 1702/3877/6
f 1706/3879/1 1708/5951/1 1707/3880/1
f 1708/3882/2 1712/5952/2 1711/3883/2
f 1712/3885/3 1710/5953/3 1709/3886/3
f 1710/3888/4 1706/5954/4 1705/3889/4
f 1711/3891/5 1709/5955/5 1705/3892/5
f 1708/3894/6 1706/5956/6 1710/3895/6
f 1714/3897/1 1716/5957/1 1715/3898/1
f 1716/3900/2 1720/5958/2 1719/3901/2
f 1720/3903/3 1718/5959/3 1717/3904/3
f 1718/3906/4 1714/5960/4 1713/3907/4
f 1719/3909/5 1717/5961/5 1713/3910/5
f 1716/3912/6 1714/5962/6 1718/3913/6
f 1722/3915/1 1724/5963/1 1723/3916/1
f 1724/3918/2 1728/5964/2 1727/3919/2
f 1728/3921/3 1726/5965/3 1725/3922/3
f 1726/3924/4 1722/5966/4 1721/3925/4
f 1727/3927/5 1725/5967/5 1721/3928/5
f 1724/3930/6 1722/5968/6 1726/3931/6
f 1730/3933/1 1732/5969/1 1731/3934/1
f 1732/3936/2 1736/5970/2 1735/3937/2
f 1736/3939/3 1734/5971/3 1733/3940/3
f 1734/3942/4 1730/5972/4 1729/3943/4
f 1735/3945/5 1733/5973/5 1729/3946/5
f 1732/3948/6 1730/5974/6 1734/3949/6
f 1738/3951/1 1740/5975/1 1739/3952/1
f 1740/3954/2 1744/5976/2 1743/3955/2
f 1744/3957/3 1742/5977/3 1741/3958/3
f 1742/3960/4 1738/5978/4 1737/3961/4
f 1743/3963/5 1741/5979/5 1737/3964/5
f 1740/3966/6 1738/5980/6 1742/3967/6
f 1746/3969/1 1748/5981/1 1747/3970/1
f 1748/3972/2 1752/5982/2 1751/3973/2
f 1752/3975/3 1750/5983/3 1749/3976/3
f 1750/3978/4 1746/5984/4 1745/3979/4
f 1751/3981/5 1749/5985/5 1745/3982/5
f 1748/3984/6 1746/5986/6 1750/3985/6
f 1754/3987/1 1756/5987/1 1755/3988/1
f 1756/3990/2 1760/5988/2 1759/3991/2
f 1760/3993/3 1758/5989/3 1757/3994/3
f 1758/3996/4 1754/5990/4 1753/3997/4
f 1759/3999/5 1757/5991/5 1753/4000/5
f 1756/4002/6 1754/5992/6 1758/4003/6
f 1762/4005/1 1764/5993/1 1763/4006/1
f 1764/4008/2 1768/5994/2 1767/4009/2
f 1768/4011/3 1766/5995/3 1765/4012/3
f 1766/4014/4 1762/5996/4 1761/4015/4
f 1767/4017/5 1765/5997/5 1761/4018/5
f 1764/4020/6 1762/5998/6 1766/4021/6
f 1770/4023/1 1772/5999/1 1771/4024/1
f 1772/4026/2 1776/6000/2 1775/4027/2
f 1776/4029/3 1774/6001/3 1773/4030/3
f 1774/4032/4 1770/6002/4 1769/4033/4
f 1775/4035/5 1773/6003/5 1769/4036/5
f 1772/4038/6 1770/6004/6 1774/4039/6
f 1778/4041/1 1780/6005/1 1779/4042/1
f 1780/4044/2 1784/6006/2 1783/4045/2
f 1784/4047/3 1782/6007/3 1781/4048/3
f 1782/4050/4 1778/6008/4 1777/4051/4
f 1783/4053/5 1781/6009/5 1777/4054/5
f 1780/4056/6 1778/6010/6 1782/4057/6
f 1786/4059/1 1788/6011/1 1787/4060/1
f 1788/4062/2 1792/6012/2 1791/4063/2
f 1792/4065/3 1790/6013/3 1789/4066/3
f 1790/4068/4 1786/6014/4 1785/4069/4
f 1791/4071/5 1789/6015/5 1785/4072/5
f 1788/4074/6 1786/6016/6 1790/4075/6
f 1794/4077/1 1796/6017/1 1795/4078/1
f 1796/4080/2 1800/6018/2 1799/4081/2
f 1800/4083/3 1798/6019/3 1797/4084/3
f 1798/4086/4 1794/6020/4 1793/4087/4
f 1799/4089/5 1797/6021/5 1793/4090/5
f 1796/4092/6 1794/6022/6 1798/4093/6
f 1802/4095/1 1804/6023/1 1803/4096/1
f 1804/4098/2 1808/6024/2 1807/4099/2
f 1808/4101/3 1806/6025/3 1805/4102/3
f 1806/4104/4 1802/6026/4 1801/4105/4
f 1807/4107/5 1805/6027/5 1801/4108/5
f 1804/4110/6 1802/6028/6 1806/4111/6
f 1810/4113/1 1812/6029/1 1811/4114/1
f 1812/4116/2 1816/6030/2 1815/4117/2
f 1816/4119/3 1814/6031/3 1813/4120/3
f 1814/4122/4 1810/6032/4 1809/4123/4
f 1815/4125/5 1813/6033/5 1809/4126/5
f 1812/4128/6 1810/6034/6 1814/4129/6
f 1818/4131/1 1820/6035/1 1819/4132/1
f 1820/4134/2 1824/6036/2 1823/4135/2
f 1824/4137/3 1822/6037/3 1821/4138/3
f 1822/4140/4 1818/6038/4 1817/4141/4
f 1823/4143/5 1821/6039/5 1817/4144/5
f 1820/4146/6 1818/6040/6 1822/4147/6
f 1826/4149/1 1828/6041/1 1827/4150/1
f 1828/4152/2 1832/6042/2 1831/4153/2
f 1832/4155/3 1830/6043/3 1829/4156/3
f 1830/4158/4 1826/6044/4 1825/4159/4
f 1831/4161/5 1829/6045/5 1825/4162/5
f 1828/4164/6 1826/6046/6 1830/4165/6
f 1954/4485/1 1956/6047/1 1955/4486/1
f 1956/4488/2 1960/6048/2 1959/4489/2
f 1960/4491/3 1958/6049/3 1957/4492/3
f 1958/4494/4 1954/6050/4 1953/4495/4
f 1959/4497/5 1957/6051/5 1953/4498/5
f 1956/4500/6 1954/6052/6 1958/4501/6
f 1962/4503/1 1964/6053/1 1963/4504/1
f 1964/4506/2 1968/6054/2 1967/4507/2
f 1968/4509/3 1966/6055/3 1965/4510/3
f 1966/4512/4 1962/6056/4 1961/4513/4
f 1967/4515/5 1965/6057/5 1961/4516/5
f 1964/4518/6 1962/6058/6 1966/4519/6
f 1970/4521/1 1972/6059/1 1971/4522/1
f 1972/4524/2 1976/6060/2 1975/4525/2
f 1976/4527/3 1974/6061/3 1973/4528/3
f 1974/4530/4 1970/6062/4 1969/4531/4
f 1975/4533/5 1973/6063/5 1969/4534/5
f 1972/4536/6 1970/6064/6 1974/4537/6
f 1978/4539/1 1980/6065/1 1979/4540/1
f 1980/4542/2 1984/6066/2 1983/4543/2
f 1984/4545/3 1982/6067/3 1981/4546/3
f 1982/4548/4 1978/6068/4 1977/4549/4
f 1983/4551/5 1981/6069/5 1977/4552/5
f 1980/4554/6 1978/6070/6 1982/4555/6
f 1986/4557/1 1988/6071/1 1987/4558/1
f 1988/4560/2 1992/6072/2 1991/4561/2
f 1992/4563/3 1990/6073/3 1989/4564/3
f 1990/4566/4 1986/6074/4 1985/4567/4
f 1991/4569/5 1989/6075/5 1985/4570/5
f 1988/4572/6 1986/6076/6 1990/4573/6
f 1994/4575/4 1996/6077/4 1995/4576/4
f 1996/4578/411 2000/6078/411 1999/4579/411
f 1999/4581/2 2000/6079/2 1998/4582/2
f 1998/4584/412 1994/6080/412 1993/4585/412
f 1999/4587/413 1997/6081/413 1993/4588/413
f 1996/4590/414 1994/6082/414 1998/4591/414
f 2001/4593/4 2002/6083/4 2004/4594/4
f 2004/4596/413 2008/6084/413 2007/4597/413
f 2008/4599/2 2006/6085/2 2005/4600/2
f 2006/4602/414 2002/6086/414 2001/4603/414
f 2007/4605/412 2005/6087/412 2001/4606/412
f 2004/4608/411 2002/6088/411 2006/4609/411
f 2009/4617/5 2012/6089/5 2013/4618/5
f 2010/4620/411 2013/6090/411 2014/4621/411
f 2011/4623/414 2014/6091/414 2012/4624/414
f 2015/4632/5 2018/6092/5 2019/4633/5
f 2016/4635/411 2019/6093/411 2020/4636/411
f 2017/4638/414 2020/6094/414 2018/4639/414
f 2022/4641/4 2024/6095/4 2023/4642/4
f 2024/4644/1 2028/6096/1 2027/4645/1
f 2028/4647/2 2026/6097/2 2025/4648/2
f 2026/4650/3 2022/6098/3 2021/4651/3
f 2023/4653/5 2027/6099/5 2025/4654/5
f 2024/4656/6 2022/6100/6 2026/4657/6
f 2030/4659/1 2032/6101/1 2031/4660/1
f 2032/4662/2 2036/6102/2 2035/4663/2
f 2036/4665/3 2034/6103/3 2033/4666/3
f 2034/4668/4 2030/6104/4 2029/4669/4
f 2035/4671/5 2033/6105/5 2029/4672/5
f 2032/4674/6 2030/6106/6 2034/4675/6
f 2038/4677/1 2040/6107/1 2039/4678/1
f 2040/4680/2 2044/6108/2 2043/4681/2
f 2044/4683/3 2042/6109/3 2041/4684/3
f 2042/4686/4 2038/6110/4 2037/4687/4
f 2043/4689/5 2041/6111/5 2037/4690/5
f 2040/4692/6 2038/6112/6 2042/4693/6
f 2046/4695/1 2048/6113/1 2047/4696/1
f 2048/4698/2 2052/6114/2 2051/4699/2
f 2052/4701/3 2050/6115/3 2049/4702/3
f 2050/4704/4 2046/6116/4 2045/4705/4
f 2051/4707/5 2049/6117/5 2045/4708/5
f 2048/4710/6 2046/6118/6 2050/4711/6
f 2054/4713/415 2056/6119/415 2055/4714/415
f 2056/4716/416 2058/4719/416 2057/4717/416
f 2058/4719/417 2060/6120/417 2059/4720/417
f 2060/4721/418 2062/6121/418 2061/4722/418
f 2061/4722/419 2062/6121/419 2064/4724/419
f 2064/4726/420 2066/4731/420 2065/4727/420
f 2058/4719/6 2056/4716/6 2054/6122/6
f 2054/6122/6 2068/6123/6 2066/4729/6
f 2066/4729/6 2064/6124/6 2062/4730/6
f 2062/4730/6 2060/6120/6 2058/4719/6
f 2058/4719/6 2054/6122/6 2066/4729/6
f 2066/4731/421 2068/6125/421 2067/4732/421
f 2068/4733/422 2054/4713/422 2053/4715/422
f 2067/4737/5 2053/6126/5 2055/6127/5
f 2055/6127/5 2057/6128/5 2059/4735/5
f 2059/4735/5 2061/6129/5 2063/4736/5
f 2063/4736/5 2065/6130/5 2067/4737/5
f 2067/4737/5 2055/6127/5 2059/4735/5
f 2070/4738/415 2072/6131/415 2071/4739/415
f 2072/4741/416 2074/4744/416 2073/4742/416
f 2074/4744/417 2076/6132/417 2075/4745/417
f 2076/4746/418 2078/6133/418 2077/4747/418
f 2077/4747/419 2078/6133/419 2080/4749/419
f 2080/4751/420 2082/4756/420 2081/4752/420
f 2074/4744/6 2072/4741/6 2070/6134/6
f 2070/6134/6 2084/6135/6 2082/4754/6
f 2082/4754/6 2080/6136/6 2078/4755/6
f 2078/4755/6 2076/6132/6 2074/4744/6
f 2074/4744/6 2070/6134/6 2082/4754/6
f 2082/4756/421 2084/6137/421 2083/4757/421
f 2084/4758/422 2070/4738/422 2069/4740/422
f 2083/4762/5 2069/6138/5 2071/6139/5
f 2071/6139/5 2073/6140/5 2075/4760/5
f 2075/4760/5 2077/6141/5 2079/4761/5
f 2079/4761/5 2081/6142/5 2083/4762/5
f 2083/4762/5 2071/6139/5 2075/4760/5
