# The Giants of Holst prop, from CC0 kits by KayKit (Kay Lousberg) and Kenney
v 0.9800 0.5513 1.2250
vt 0.3193 0.8453
vn 0.0000 0.0000 1.0000
v 0.9800 0.7350 1.2250
vt 0.3193 0.8517
vn 0.0000 0.0000 1.0000
v 0.0000 0.7350 1.2250
vt 0.3193 0.8517
vn 0.0000 0.0000 1.0000
v 0.0000 0.5513 1.2250
vt 0.3193 0.8453
vn 0.0000 0.0000 1.0000
f 1/1/1 2/2/2 3/3/3 4/4/4
v 0.9800 0.7350 0.8575
vt 0.2880 0.8985
vn 0.0000 1.0000 0.0000
v 0.0000 0.7350 0.8575
vt 0.2880 0.8985
vn 0.0000 1.0000 0.0000
v 0.0000 0.7350 1.2250
vt 0.2880 0.8985
vn 0.0000 1.0000 0.0000
v 0.9800 0.7350 1.2250
vt 0.2880 0.8985
vn 0.0000 1.0000 0.0000
f 5/5/5 6/6/6 7/7/7 8/8/8
v 0.9800 0.5513 1.2250
vt 0.2880 0.8922
vn 0.0000 1.0000 0.0000
v 0.0000 0.5513 1.2250
vt 0.2880 0.8922
vn 0.0000 1.0000 0.0000
v 0.0000 0.5513 1.4700
vt 0.2880 0.8922
vn 0.0000 1.0000 0.0000
v 0.9800 0.5513 1.4700
vt 0.2880 0.8922
vn 0.0000 1.0000 0.0000
f 9/9/9 10/10/10 11/11/11 12/12/12
v 0.0000 0.0000 0.8575
vt 0.3193 0.8261
vn 0.0000 0.0000 -1.0000
v 0.0000 0.7350 0.8575
vt 0.3193 0.8517
vn 0.0000 0.0000 -1.0000
v 0.9800 0.7350 0.8575
vt 0.3193 0.8517
vn 0.0000 0.0000 -1.0000
v 0.9800 0.0000 0.8575
vt 0.3193 0.8261
vn 0.0000 0.0000 -1.0000
f 13/13/13 14/14/14 15/15/15 16/16/16
v 0.9800 0.3675 1.4700
vt 0.2880 0.8858
vn 0.0000 1.0000 0.0000
v 0.0000 0.3675 1.4700
vt 0.2880 0.8858
vn 0.0000 1.0000 0.0000
v 0.0000 0.3675 1.7150
vt 0.2880 0.8858
vn 0.0000 1.0000 0.0000
v 0.9800 0.3675 1.7150
vt 0.2880 0.8858
vn 0.0000 1.0000 0.0000
f 17/17/17 18/18/18 19/19/19 20/20/20
v 0.9800 0.0000 0.8575
vt 0.3037 0.7949
vn 0.0000 -1.0000 -0.0000
v 0.9800 0.0000 1.9600
vt 0.3037 0.7949
vn 0.0000 -1.0000 -0.0000
v 0.0000 0.0000 1.9600
vt 0.3037 0.7949
vn 0.0000 -1.0000 -0.0000
v 0.0000 0.0000 0.8575
vt 0.3037 0.7949
vn 0.0000 -1.0000 -0.0000
f 21/21/21 22/22/22 23/23/23 24/24/24
v 0.9800 0.3675 1.4700
vt 0.3193 0.8389
vn 0.0000 0.0000 1.0000
v 0.9800 0.5513 1.4700
vt 0.3193 0.8453
vn 0.0000 0.0000 1.0000
v 0.0000 0.5513 1.4700
vt 0.3193 0.8453
vn 0.0000 0.0000 1.0000
v 0.0000 0.3675 1.4700
vt 0.3193 0.8389
vn 0.0000 0.0000 1.0000
f 25/25/25 26/26/26 27/27/27 28/28/28
v 0.9800 0.1838 1.7150
vt 0.2880 0.8794
vn 0.0000 1.0000 0.0000
v 0.0000 0.1838 1.7150
vt 0.2880 0.8794
vn 0.0000 1.0000 0.0000
v 0.0000 0.1838 1.9600
vt 0.2880 0.8794
vn 0.0000 1.0000 0.0000
v 0.9800 0.1838 1.9600
vt 0.2880 0.8794
vn 0.0000 1.0000 0.0000
f 29/29/29 30/30/30 31/31/31 32/32/32
v 0.9800 0.1838 1.7150
vt 0.3193 0.8325
vn 0.0000 0.0000 1.0000
v 0.9800 0.3675 1.7150
vt 0.3193 0.8389
vn 0.0000 0.0000 1.0000
v 0.0000 0.3675 1.7150
vt 0.3193 0.8389
vn 0.0000 0.0000 1.0000
v 0.0000 0.1838 1.7150
vt 0.3193 0.8325
vn 0.0000 0.0000 1.0000
f 33/33/33 34/34/34 35/35/35 36/36/36
v 0.9800 0.0000 1.9600
vt 0.3193 0.8261
vn 0.0000 0.0000 1.0000
v 0.9800 0.1838 1.9600
vt 0.3193 0.8325
vn 0.0000 0.0000 1.0000
v 0.0000 0.1838 1.9600
vt 0.3193 0.8325
vn 0.0000 0.0000 1.0000
v 0.0000 0.0000 1.9600
vt 0.3193 0.8261
vn 0.0000 0.0000 1.0000
f 37/37/37 38/38/38 39/39/39 40/40/40
v 0.9800 0.7350 0.8575
vt 0.3193 0.8517
vn 1.0000 0.0000 0.0000
v 0.9800 0.7350 1.2250
vt 0.3193 0.8517
vn 1.0000 0.0000 0.0000
v 0.9800 0.5513 1.2250
vt 0.3193 0.8453
vn 1.0000 0.0000 0.0000
f 41/41/41 42/42/42 43/43/43
v 0.0000 0.0000 1.9600
vt 0.3193 0.8261
vn -1.0000 0.0000 0.0000
v 0.0000 0.1838 1.9600
vt 0.3193 0.8325
vn -1.0000 0.0000 0.0000
v 0.0000 0.1838 1.7150
vt 0.3193 0.8325
vn -1.0000 0.0000 0.0000
f 44/44/44 45/45/45 46/46/46
v 0.0000 0.7350 0.8575
vt 0.3193 0.8517
vn -1.0000 0.0000 0.0000
v 0.0000 0.0000 0.8575
vt 0.3193 0.8261
vn -1.0000 0.0000 0.0000
v 0.0000 0.5513 1.2250
vt 0.3193 0.8453
vn -1.0000 0.0000 0.0000
f 47/47/47 48/48/48 49/49/49
v 0.0000 0.5513 1.2250
vt 0.3193 0.8453
vn -1.0000 0.0000 0.0000
v 0.0000 0.0000 0.8575
vt 0.3193 0.8261
vn -1.0000 0.0000 0.0000
v 0.0000 0.3675 1.4700
vt 0.3193 0.8389
vn -1.0000 0.0000 0.0000
f 50/50/50 51/51/51 52/52/52
v 0.0000 0.3675 1.4700
vt 0.3193 0.8389
vn -1.0000 0.0000 0.0000
v 0.0000 0.0000 0.8575
vt 0.3193 0.8261
vn -1.0000 0.0000 0.0000
v 0.0000 0.1838 1.7150
vt 0.3193 0.8325
vn -1.0000 0.0000 0.0000
f 53/53/53 54/54/54 55/55/55
v 0.0000 0.7350 1.2250
vt 0.3193 0.8517
vn -1.0000 0.0000 0.0000
v 0.0000 0.7350 0.8575
vt 0.3193 0.8517
vn -1.0000 0.0000 0.0000
v 0.0000 0.5513 1.2250
vt 0.3193 0.8453
vn -1.0000 0.0000 0.0000
f 56/56/56 57/57/57 58/58/58
v 0.0000 0.5513 1.4700
vt 0.3193 0.8453
vn -1.0000 0.0000 0.0000
v 0.0000 0.5513 1.2250
vt 0.3193 0.8453
vn -1.0000 0.0000 0.0000
v 0.0000 0.3675 1.4700
vt 0.3193 0.8389
vn -1.0000 0.0000 0.0000
f 59/59/59 60/60/60 61/61/61
v 0.0000 0.3675 1.7150
vt 0.3193 0.8389
vn -1.0000 0.0000 0.0000
v 0.0000 0.3675 1.4700
vt 0.3193 0.8389
vn -1.0000 0.0000 0.0000
v 0.0000 0.1838 1.7150
vt 0.3193 0.8325
vn -1.0000 0.0000 0.0000
f 62/62/62 63/63/63 64/64/64
v 0.0000 0.0000 0.8575
vt 0.3193 0.8261
vn -1.0000 0.0000 0.0000
v 0.0000 0.0000 1.9600
vt 0.3193 0.8261
vn -1.0000 0.0000 0.0000
v 0.0000 0.1838 1.7150
vt 0.3193 0.8325
vn -1.0000 0.0000 0.0000
f 65/65/65 66/66/66 67/67/67
v 0.9800 0.5513 1.2250
vt 0.3193 0.8453
vn 1.0000 0.0000 0.0000
v 0.9800 0.5513 1.4700
vt 0.3193 0.8453
vn 1.0000 0.0000 0.0000
v 0.9800 0.3675 1.4700
vt 0.3193 0.8389
vn 1.0000 0.0000 0.0000
f 68/68/68 69/69/69 70/70/70
v 0.9800 0.3675 1.4700
vt 0.3193 0.8389
vn 1.0000 0.0000 0.0000
v 0.9800 0.3675 1.7150
vt 0.3193 0.8389
vn 1.0000 0.0000 0.0000
v 0.9800 0.1838 1.7150
vt 0.3193 0.8325
vn 1.0000 0.0000 0.0000
f 71/71/71 72/72/72 73/73/73
v 0.9800 0.0000 1.9600
vt 0.3193 0.8261
vn 1.0000 0.0000 0.0000
v 0.9800 0.0000 0.8575
vt 0.3193 0.8261
vn 1.0000 0.0000 0.0000
v 0.9800 0.1838 1.7150
vt 0.3193 0.8325
vn 1.0000 0.0000 0.0000
f 74/74/74 75/75/75 76/76/76
v 0.9800 0.0000 0.8575
vt 0.3193 0.8261
vn 1.0000 0.0000 0.0000
v 0.9800 0.7350 0.8575
vt 0.3193 0.8517
vn 1.0000 0.0000 0.0000
v 0.9800 0.5513 1.2250
vt 0.3193 0.8453
vn 1.0000 0.0000 0.0000
f 77/77/77 78/78/78 79/79/79
v 0.9800 0.0000 0.8575
vt 0.3193 0.8261
vn 1.0000 0.0000 0.0000
v 0.9800 0.5513 1.2250
vt 0.3193 0.8453
vn 1.0000 0.0000 0.0000
v 0.9800 0.3675 1.4700
vt 0.3193 0.8389
vn 1.0000 0.0000 0.0000
f 80/80/80 81/81/81 82/82/82
v 0.9800 0.0000 0.8575
vt 0.3193 0.8261
vn 1.0000 0.0000 0.0000
v 0.9800 0.3675 1.4700
vt 0.3193 0.8389
vn 1.0000 0.0000 0.0000
v 0.9800 0.1838 1.7150
vt 0.3193 0.8325
vn 1.0000 0.0000 0.0000
f 83/83/83 84/84/84 85/85/85
v 0.9800 0.1838 1.9600
vt 0.3193 0.8325
vn 1.0000 0.0000 0.0000
v 0.9800 0.0000 1.9600
vt 0.3193 0.8261
vn 1.0000 0.0000 0.0000
v 0.9800 0.1838 1.7150
vt 0.3193 0.8325
vn 1.0000 0.0000 0.0000
f 86/86/86 87/87/87 88/88/88
v -1.3475 0.1838 -1.4700
vt 0.3193 0.8169
vn -0.3827 0.0000 -0.9239
v 1.3475 0.1838 -1.4700
vt 0.3193 0.8169
vn 0.3827 0.0000 -0.9239
v 1.3475 0.0000 -1.4700
vt 0.3193 0.8105
vn 0.0000 0.0000 -1.0000
v -1.3475 0.0000 -1.4700
vt 0.3193 0.8105
vn 0.0000 0.0000 -1.0000
f 89/89/89 90/90/90 91/91/91 92/92/92
v -1.3475 0.7350 -1.3475
vt 0.2682 0.8829
vn -0.4606 0.7588 -0.4606
v -1.3475 0.6125 -1.4700
vt 0.2682 0.8787
vn -0.2418 0.6861 -0.6861
v -1.4700 0.6125 -1.3475
vt 0.2682 0.8787
vn -0.6861 0.6861 -0.2418
f 93/93/93 94/94/94 95/95/95
v -1.4700 0.1838 -1.3475
vt 0.3193 0.8169
vn -0.9239 0.0000 -0.3827
v -1.4700 0.0000 -1.3475
vt 0.3193 0.8105
vn -0.9239 0.0000 -0.3827
v -1.4700 0.0000 0.8575
vt 0.3193 0.8105
vn -0.9239 0.0000 0.3827
v -1.4700 0.1838 0.8575
vt 0.3193 0.8169
vn -0.9239 0.0000 0.3827
f 96/96/96 97/97/97 98/98/98 99/99/99
v -1.3475 0.0000 -1.4700
vt 0.3037 0.7949
vn 0.0000 -1.0000 -0.0000
v -1.3475 0.0000 0.9800
vt 0.3037 0.7949
vn 0.0000 -1.0000 -0.0000
v -1.4700 0.0000 0.8575
vt 0.3037 0.7949
vn 0.0000 -1.0000 -0.0000
v -1.4700 0.0000 -1.3475
vt 0.3037 0.7949
vn 0.0000 -1.0000 -0.0000
f 100/100/100 101/101/101 102/102/102 103/103/103
v 1.4700 0.1838 0.8575
vt 0.3193 0.8169
vn 0.9239 -0.0000 0.3827
v 1.4700 0.0000 0.8575
vt 0.3193 0.8105
vn 0.9239 -0.0000 0.3827
v 1.4700 0.0000 -1.3475
vt 0.3193 0.8105
vn 0.9239 0.0000 -0.3827
v 1.4700 0.1838 -1.3475
vt 0.3193 0.8169
vn 0.9239 0.0000 -0.3827
f 104/104/104 105/105/105 106/106/106 107/107/107
v -1.3475 0.1838 -1.4700
vt 0.2682 0.8325
vn -0.3827 0.0000 -0.9239
v -1.3475 0.0000 -1.4700
vt 0.2682 0.8261
vn -0.7071 0.0000 -0.7071
v -1.4700 0.0000 -1.3475
vt 0.2682 0.8261
vn -0.9239 0.0000 -0.3827
v -1.4700 0.1838 -1.3475
vt 0.2682 0.8325
vn -0.9239 0.0000 -0.3827
f 108/108/108 109/109/109 110/110/110 111/111/111
v 1.4700 0.1838 -1.3475
vt 0.2682 0.8325
vn 0.9239 0.0000 -0.3827
v 1.4700 0.0000 -1.3475
vt 0.2682 0.8261
vn 0.9239 0.0000 -0.3827
v 1.3475 0.0000 -1.4700
vt 0.2682 0.8261
vn 0.7071 0.0000 -0.7071
v 1.3475 0.1838 -1.4700
vt 0.2682 0.8325
vn 0.3827 0.0000 -0.9239
f 112/112/112 113/113/113 114/114/114 115/115/115
v 1.3475 0.1838 0.9800
vt 0.2682 0.8325
vn 0.7071 -0.0000 0.7071
v 1.3475 0.0000 0.9800
vt 0.2682 0.8261
vn 0.7071 -0.0000 0.7071
v 1.4700 0.0000 0.8575
vt 0.2682 0.8261
vn 0.9239 -0.0000 0.3827
v 1.4700 0.1838 0.8575
vt 0.2682 0.8325
vn 0.9239 -0.0000 0.3827
f 116/116/116 117/117/117 118/118/118 119/119/119
v -1.3475 0.1838 0.9800
vt 0.2682 0.8481
vn -0.7071 -0.0000 0.7071
v -1.3475 0.6125 0.9800
vt 0.2682 0.8630
vn -0.7071 -0.0000 0.7071
v -1.4700 0.6125 0.8575
vt 0.2682 0.8630
vn -0.9239 0.0000 0.3827
v -1.4700 0.1838 0.8575
vt 0.2682 0.8481
vn -0.9239 0.0000 0.3827
f 120/120/120 121/121/121 122/122/122 123/123/123
v 1.3475 0.1838 0.9800
vt 0.3193 0.8169
vn 0.0000 0.0000 1.0000
v -1.3475 0.1838 0.9800
vt 0.3193 0.8169
vn 0.0000 0.0000 1.0000
v -1.3475 0.0000 0.9800
vt 0.3193 0.8105
vn 0.0000 0.0000 1.0000
v 1.3475 0.0000 0.9800
vt 0.3193 0.8105
vn 0.0000 0.0000 1.0000
f 124/124/124 125/125/125 126/126/126 127/127/127
v 1.3475 0.7350 0.8575
vt 0.3037 0.8673
vn 0.4606 0.7588 0.4606
v -1.3475 0.7350 0.8575
vt 0.3037 0.8673
vn -0.4606 0.7588 0.4606
v -1.3475 0.6125 0.9800
vt 0.3037 0.8630
vn -0.2418 0.6861 0.6861
v 1.3475 0.6125 0.9800
vt 0.3037 0.8630
vn 0.2418 0.6861 0.6861
f 128/128/128 129/129/129 130/130/130 131/131/131
v 1.4700 0.6125 0.8575
vt 0.2682 0.8787
vn 0.6861 0.6861 0.2418
v 1.3475 0.7350 0.8575
vt 0.2682 0.8829
vn 0.4606 0.7588 0.4606
v 1.3475 0.6125 0.9800
vt 0.2682 0.8787
vn 0.2418 0.6861 0.6861
f 132/132/132 133/133/133 134/134/134
v 1.3475 0.7350 -1.3475
vt 0.2880 0.8985
vn 0.0000 1.0000 0.0000
v -1.3475 0.7350 -1.3475
vt 0.2880 0.8985
vn 0.0000 1.0000 0.0000
v -1.3475 0.7350 0.8575
vt 0.2880 0.8985
vn 0.0000 1.0000 0.0000
v 1.3475 0.7350 0.8575
vt 0.2880 0.8985
vn 0.0000 1.0000 0.0000
f 135/135/135 136/136/136 137/137/137 138/138/138
v 1.4700 0.6125 -1.3475
vt 0.2682 0.8787
vn 0.6861 0.6861 -0.2418
v 1.3475 0.6125 -1.4700
vt 0.2682 0.8787
vn 0.2418 0.6861 -0.6861
v 1.3475 0.7350 -1.3475
vt 0.2682 0.8829
vn 0.4606 0.7588 -0.4606
f 139/139/139 140/140/140 141/141/141
v -1.3475 0.6125 0.9800
vt 0.2682 0.8787
vn -0.2418 0.6861 0.6861
v -1.3475 0.7350 0.8575
vt 0.2682 0.8829
vn -0.4606 0.7588 0.4606
v -1.4700 0.6125 0.8575
vt 0.2682 0.8787
vn -0.6861 0.6861 0.2418
f 142/142/142 143/143/143 144/144/144
v 1.3475 0.6125 -1.4700
vt 0.3037 0.8630
vn 0.2418 0.6861 -0.6861
v -1.3475 0.6125 -1.4700
vt 0.3037 0.8630
vn -0.2418 0.6861 -0.6861
v -1.3475 0.7350 -1.3475
vt 0.3037 0.8673
vn -0.4606 0.7588 -0.4606
v 1.3475 0.7350 -1.3475
vt 0.3037 0.8673
vn 0.4606 0.7588 -0.4606
f 145/145/145 146/146/146 147/147/147 148/148/148
v 1.4700 0.6125 0.8575
vt 0.3037 0.8630
vn 0.6861 0.6861 0.2418
v 1.4700 0.6125 -1.3475
vt 0.3037 0.8630
vn 0.6861 0.6861 -0.2418
v 1.3475 0.7350 -1.3475
vt 0.3037 0.8673
vn 0.4606 0.7588 -0.4606
v 1.3475 0.7350 0.8575
vt 0.3037 0.8673
vn 0.4606 0.7588 0.4606
f 149/149/149 150/150/150 151/151/151 152/152/152
v -1.3475 0.7350 0.8575
vt 0.3037 0.8673
vn -0.4606 0.7588 0.4606
v -1.3475 0.7350 -1.3475
vt 0.3037 0.8673
vn -0.4606 0.7588 -0.4606
v -1.4700 0.6125 -1.3475
vt 0.3037 0.8630
vn -0.6861 0.6861 -0.2418
v -1.4700 0.6125 0.8575
vt 0.3037 0.8630
vn -0.6861 0.6861 0.2418
f 153/153/153 154/154/154 155/155/155 156/156/156
v 1.3475 0.0000 0.9800
vt 0.3037 0.7949
vn 0.0000 -1.0000 -0.0000
v -1.3475 0.0000 0.9800
vt 0.3037 0.7949
vn 0.0000 -1.0000 -0.0000
v -1.3475 0.0000 -1.4700
vt 0.3037 0.7949
vn 0.0000 -1.0000 -0.0000
v 1.3475 0.0000 -1.4700
vt 0.3037 0.7949
vn 0.0000 -1.0000 -0.0000
f 157/157/157 158/158/158 159/159/159 160/160/160
v 1.4700 0.0000 0.8575
vt 0.3037 0.7949
vn 0.0000 -1.0000 -0.0000
v 1.3475 0.0000 0.9800
vt 0.3037 0.7949
vn 0.0000 -1.0000 -0.0000
v 1.3475 0.0000 -1.4700
vt 0.3037 0.7949
vn 0.0000 -1.0000 -0.0000
v 1.4700 0.0000 -1.3475
vt 0.3037 0.7949
vn 0.0000 -1.0000 -0.0000
f 161/161/161 162/162/162 163/163/163 164/164/164
v 1.3475 0.6125 0.9800
vt 0.3193 0.8474
vn 0.0000 0.0000 1.0000
v -1.3475 0.6125 0.9800
vt 0.3193 0.8474
vn 0.0000 0.0000 1.0000
v -1.3475 0.1838 0.9800
vt 0.3193 0.8325
vn 0.0000 0.0000 1.0000
v 1.3475 0.1838 0.9800
vt 0.3193 0.8325
vn 0.0000 0.0000 1.0000
f 165/165/165 166/166/166 167/167/167 168/168/168
v -1.3475 0.0000 0.9800
vt 0.2682 0.8261
vn -0.7071 -0.0000 0.7071
v -1.3475 0.1838 0.9800
vt 0.2682 0.8325
vn -0.7071 -0.0000 0.7071
v -1.4700 0.1838 0.8575
vt 0.2682 0.8325
vn -0.9239 0.0000 0.3827
v -1.4700 0.0000 0.8575
vt 0.2682 0.8261
vn -0.9239 0.0000 0.3827
f 169/169/169 170/170/170 171/171/171 172/172/172
v 1.3475 0.6125 0.9800
vt 0.2682 0.8630
vn 0.7071 -0.0000 0.7071
v 1.3475 0.1838 0.9800
vt 0.2682 0.8481
vn 0.7071 -0.0000 0.7071
v 1.4700 0.1838 0.8575
vt 0.2682 0.8481
vn 0.9239 -0.0000 0.3827
v 1.4700 0.6125 0.8575
vt 0.2682 0.8630
vn 0.9239 -0.0000 0.3827
f 173/173/173 174/174/174 175/175/175 176/176/176
v 1.4700 0.6125 -1.3475
vt 0.2682 0.8630
vn 0.7071 0.0000 -0.7071
v 1.4700 0.1838 -1.3475
vt 0.2682 0.8481
vn 0.9239 0.0000 -0.3827
v 1.3475 0.1838 -1.4700
vt 0.2682 0.8481
vn 0.3827 0.0000 -0.9239
v 1.3475 0.6125 -1.4700
vt 0.2682 0.8630
vn 0.3827 0.0000 -0.9239
f 177/177/177 178/178/178 179/179/179 180/180/180
v -1.3475 0.6125 -1.4700
vt 0.2682 0.8630
vn -0.3827 0.0000 -0.9239
v -1.3475 0.1838 -1.4700
vt 0.2682 0.8481
vn -0.3827 0.0000 -0.9239
v -1.4700 0.1838 -1.3475
vt 0.2682 0.8481
vn -0.9239 0.0000 -0.3827
v -1.4700 0.6125 -1.3475
vt 0.2682 0.8630
vn -0.7071 0.0000 -0.7071
f 181/181/181 182/182/182 183/183/183 184/184/184
v 1.4700 0.6125 0.8575
vt 0.3193 0.8474
vn 0.9239 -0.0000 0.3827
v 1.4700 0.1838 0.8575
vt 0.3193 0.8325
vn 0.9239 -0.0000 0.3827
v 1.4700 0.1838 -1.3475
vt 0.3193 0.8325
vn 0.9239 0.0000 -0.3827
v 1.4700 0.6125 -1.3475
vt 0.3193 0.8474
vn 1.0000 0.0000 0.0000
f 185/185/185 186/186/186 187/187/187 188/188/188
v -1.4700 0.6125 -1.3475
vt 0.3193 0.8474
vn -1.0000 0.0000 0.0000
v -1.4700 0.1838 -1.3475
vt 0.3193 0.8325
vn -0.9239 0.0000 -0.3827
v -1.4700 0.1838 0.8575
vt 0.3193 0.8325
vn -0.9239 0.0000 0.3827
v -1.4700 0.6125 0.8575
vt 0.3193 0.8474
vn -0.9239 0.0000 0.3827
f 189/189/189 190/190/190 191/191/191 192/192/192
v -1.3475 0.6125 -1.4700
vt 0.3193 0.8474
vn -0.3827 0.0000 -0.9239
v 1.3475 0.6125 -1.4700
vt 0.3193 0.8474
vn 0.3827 0.0000 -0.9239
v 1.3475 0.1838 -1.4700
vt 0.3193 0.8325
vn 0.3827 0.0000 -0.9239
v -1.3475 0.1838 -1.4700
vt 0.3193 0.8325
vn -0.3827 0.0000 -0.9239
f 193/193/193 194/194/194 195/195/195 196/196/196
v -1.2250 1.9110 -1.2250
vt 0.8028 0.8137
vn -0.1924 -0.9623 -0.1925
v -1.2250 1.9110 -0.9800
vt 0.8028 0.8137
vn -0.3714 -0.9285 0.0000
v -1.3475 1.9600 -1.3475
vt 0.8028 0.8146
vn -0.1925 -0.9623 -0.1925
f 197/197/197 198/198/198 199/199/199
v -1.2250 0.9800 0.4900
vt 0.3003 0.8314
vn 0.0000 0.0000 -1.0000
v -1.2250 0.7350 0.4900
vt 0.3003 0.8298
vn 0.0000 0.0000 -1.0000
v -1.3475 0.7350 0.4900
vt 0.3003 0.8298
vn 0.0000 0.0000 -1.0000
v -1.3475 0.9310 0.4900
vt 0.3003 0.8311
vn 0.0000 0.0000 -1.0000
f 200/200/200 201/201/201 202/202/202 203/203/203
v 1.2250 1.9110 -0.9800
vt 0.8028 0.8137
vn 0.3714 -0.9285 -0.0000
v 1.2250 1.9110 -1.2250
vt 0.8028 0.8137
vn 0.1924 -0.9623 -0.1925
v 1.3475 1.9600 -1.3475
vt 0.8028 0.8146
vn 0.1924 -0.9623 -0.1925
f 204/204/204 205/205/205 206/206/206
v 1.2250 0.7350 0.4900
vt 0.3003 0.8298
vn 0.0000 0.0000 -1.0000
v 1.2250 0.9800 0.4900
vt 0.3003 0.8314
vn 0.0000 0.0000 -1.0000
v 1.3475 0.9310 0.4900
vt 0.3003 0.8311
vn 0.0000 0.0000 -1.0000
v 1.3475 0.7350 0.4900
vt 0.3003 0.8298
vn 0.0000 0.0000 -1.0000
f 207/207/207 208/208/208 209/209/209 210/210/210
v 1.2250 1.9110 0.7350
vt 0.8028 0.8137
vn 0.1925 -0.9623 0.1924
v 1.2250 1.9110 0.4900
vt 0.8028 0.8137
vn 0.3714 -0.9285 -0.0000
v 1.3475 1.9600 0.8575
vt 0.8028 0.8146
vn 0.1925 -0.9623 0.1924
f 211/211/211 212/212/212 213/213/213
v -0.9800 0.9800 0.7350
vt 0.8297 0.8281
vn 0.0000 0.0000 1.0000
v -0.9800 1.9110 0.7350
vt 0.8297 0.8449
vn 0.0000 0.0000 1.0000
v -1.2250 1.9110 0.7350
vt 0.8297 0.8449
vn 0.0000 0.0000 1.0000
v -1.2250 0.9800 0.7350
vt 0.8297 0.8281
vn 0.0000 0.0000 1.0000
f 214/214/214 215/215/215 216/216/216 217/217/217
v -1.2250 1.9110 0.4900
vt 0.8028 0.8137
vn -0.3714 -0.9285 0.0000
v -1.2250 1.9110 0.7350
vt 0.8028 0.8137
vn -0.1924 -0.9623 0.1924
v -1.3475 1.9600 0.8575
vt 0.8028 0.8146
vn -0.1924 -0.9623 0.1924
f 218/218/218 219/219/219 220/220/220
v -1.2250 1.9110 -1.2250
vt 0.8297 0.8449
vn -1.0000 0.0000 0.0000
v -1.2250 0.9800 -1.2250
vt 0.8297 0.8281
vn -1.0000 0.0000 0.0000
v -1.2250 0.9800 -0.9800
vt 0.8297 0.8281
vn -1.0000 0.0000 0.0000
v -1.2250 1.9110 -0.9800
vt 0.8297 0.8449
vn -1.0000 0.0000 0.0000
f 221/221/221 222/222/222 223/223/223 224/224/224
v 1.2250 0.9800 0.7350
vt 0.8297 0.8281
vn 1.0000 0.0000 0.0000
v 1.2250 0.9800 0.4900
vt 0.8297 0.8281
vn 1.0000 0.0000 0.0000
v 1.2250 1.9110 0.4900
vt 0.8297 0.8449
vn 1.0000 0.0000 0.0000
v 1.2250 1.9110 0.7350
vt 0.8297 0.8449
vn 1.0000 0.0000 0.0000
f 225/225/225 226/226/226 227/227/227 228/228/228
v 1.2250 1.9110 -0.9800
vt 0.8297 0.8449
vn 1.0000 0.0000 0.0000
v 1.2250 0.9800 -0.9800
vt 0.8297 0.8281
vn 1.0000 0.0000 0.0000
v 1.2250 0.9800 -1.2250
vt 0.8297 0.8281
vn 1.0000 0.0000 0.0000
v 1.2250 1.9110 -1.2250
vt 0.8297 0.8449
vn 1.0000 0.0000 0.0000
f 229/229/229 230/230/230 231/231/231 232/232/232
v 1.2250 1.9110 0.4900
vt 0.1607 0.9194
vn 1.0000 0.0000 0.0000
v 1.2250 0.9800 0.4900
vt 0.1607 0.7650
vn 1.0000 0.0000 0.0000
v 1.2250 0.9800 -0.9800
vt 0.1607 0.7650
vn 1.0000 0.0000 0.0000
v 1.2250 1.9110 -0.9800
vt 0.1607 0.9194
vn 1.0000 0.0000 0.0000
f 233/233/233 234/234/234 235/235/235 236/236/236
v 1.2250 0.9800 -0.9800
vt 0.8297 0.8281
vn 1.0000 0.0000 0.0000
v 1.2250 0.9800 0.4900
vt 0.8297 0.8281
vn 1.0000 0.0000 0.0000
v 1.2250 0.7350 0.4900
vt 0.8297 0.8236
vn 1.0000 0.0000 0.0000
v 1.2250 0.7350 -0.9800
vt 0.8297 0.8236
vn 1.0000 0.0000 0.0000
f 237/237/237 238/238/238 239/239/239 240/240/240
v 1.2250 0.9800 0.4900
vt 0.3159 0.8627
vn 0.3714 0.9285 0.0000
v 1.2250 0.9800 0.7350
vt 0.3159 0.8627
vn 0.1925 0.9623 0.1924
v 1.3475 0.9310 0.8575
vt 0.3159 0.8623
vn 0.1924 0.9623 0.1924
v 1.3475 0.9310 0.4900
vt 0.3159 0.8623
vn 0.3714 0.9285 0.0000
f 241/241/241 242/242/242 243/243/243 244/244/244
v -1.2250 1.9110 0.4900
vt 0.8297 0.8449
vn -1.0000 0.0000 0.0000
v -1.2250 0.9800 0.4900
vt 0.8297 0.8281
vn -1.0000 0.0000 0.0000
v -1.2250 0.9800 0.7350
vt 0.8297 0.8281
vn -1.0000 0.0000 0.0000
v -1.2250 1.9110 0.7350
vt 0.8297 0.8449
vn -1.0000 0.0000 0.0000
f 245/245/245 246/246/246 247/247/247 248/248/248
v -1.2250 1.9110 -0.9800
vt 0.1518 0.9194
vn -1.0000 0.0000 0.0000
v -1.2250 0.9800 -0.9800
vt 0.1518 0.7650
vn -1.0000 0.0000 0.0000
v -1.2250 0.9800 0.4900
vt 0.1518 0.7650
vn -1.0000 0.0000 0.0000
v -1.2250 1.9110 0.4900
vt 0.1518 0.9194
vn -1.0000 0.0000 0.0000
f 249/249/249 250/250/250 251/251/251 252/252/252
v -1.2250 0.9800 0.4900
vt 0.8297 0.8281
vn -1.0000 0.0000 0.0000
v -1.2250 0.9800 -0.9800
vt 0.8297 0.8281
vn -1.0000 0.0000 0.0000
v -1.2250 0.7350 -0.9800
vt 0.8297 0.8236
vn -1.0000 0.0000 0.0000
v -1.2250 0.7350 0.4900
vt 0.8297 0.8236
vn -1.0000 0.0000 0.0000
f 253/253/253 254/254/254 255/255/255 256/256/256
v 0.9800 0.9800 -1.2250
vt 0.8297 0.8281
vn 0.0000 0.0000 -1.0000
v 0.9800 1.9110 -1.2250
vt 0.8297 0.8449
vn 0.0000 0.0000 -1.0000
v 1.2250 1.9110 -1.2250
vt 0.8297 0.8449
vn 0.0000 0.0000 -1.0000
v 1.2250 0.9800 -1.2250
vt 0.8297 0.8281
vn 0.0000 0.0000 -1.0000
f 257/257/257 258/258/258 259/259/259 260/260/260
v -0.9800 0.9800 -1.2250
vt 0.1839 0.7962
vn 0.0000 0.0000 -1.0000
v -0.9800 1.9110 -1.2250
vt 0.1839 0.9507
vn 0.0000 0.0000 -1.0000
v 0.9800 1.9110 -1.2250
vt 0.1911 0.9507
vn 0.0000 0.0000 -1.0000
v 0.9800 0.9800 -1.2250
vt 0.1911 0.7962
vn 0.0000 0.0000 -1.0000
f 261/261/261 262/262/262 263/263/263 264/264/264
v -1.3475 2.2050 -1.3475
vt 0.8565 0.8972
vn 0.0000 1.0000 0.0000
v -1.3475 2.2050 0.8575
vt 0.8565 0.8972
vn 0.0000 1.0000 0.0000
v 1.3475 2.2050 0.8575
vt 0.8565 0.8972
vn 0.0000 1.0000 0.0000
v 1.3475 2.2050 -1.3475
vt 0.8565 0.8972
vn 0.0000 1.0000 0.0000
f 265/265/265 266/266/266 267/267/267 268/268/268
v -0.9800 0.7350 -1.2250
vt 0.8297 0.8236
vn 0.0000 0.0000 -1.0000
v -0.9800 0.9800 -1.2250
vt 0.8297 0.8281
vn 0.0000 0.0000 -1.0000
v 0.9800 0.9800 -1.2250
vt 0.8297 0.8281
vn 0.0000 0.0000 -1.0000
v 0.9800 0.7350 -1.2250
vt 0.8297 0.8236
vn 0.0000 0.0000 -1.0000
f 269/269/269 270/270/270 271/271/271 272/272/272
v 1.2250 0.9800 0.7350
vt 0.8297 0.8281
vn 0.0000 0.0000 1.0000
v 1.2250 1.9110 0.7350
vt 0.8297 0.8449
vn 0.0000 0.0000 1.0000
v 0.9800 1.9110 0.7350
vt 0.8297 0.8449
vn 0.0000 0.0000 1.0000
v 0.9800 0.9800 0.7350
vt 0.8297 0.8281
vn 0.0000 0.0000 1.0000
f 273/273/273 274/274/274 275/275/275 276/276/276
v -0.9800 0.9800 -1.2250
vt 0.3003 0.8314
vn 1.0000 0.0000 0.0000
v -0.9800 0.7350 -1.2250
vt 0.3003 0.8298
vn 1.0000 0.0000 0.0000
v -0.9800 0.7350 -1.3475
vt 0.3003 0.8298
vn 1.0000 0.0000 0.0000
v -0.9800 0.9310 -1.3475
vt 0.3003 0.8311
vn 1.0000 0.0000 0.0000
f 277/277/277 278/278/278 279/279/279 280/280/280
v 1.2250 1.9110 -1.2250
vt 0.8028 0.8137
vn 0.1924 -0.9623 -0.1925
v 0.9800 1.9110 -1.2250
vt 0.8028 0.8137
vn -0.0000 -0.9285 -0.3714
v 1.3475 1.9600 -1.3475
vt 0.8028 0.8146
vn 0.1924 -0.9623 -0.1925
f 281/281/281 282/282/282 283/283/283
v -1.2250 1.9110 0.7350
vt 0.8028 0.8137
vn -0.1924 -0.9623 0.1924
v -0.9800 1.9110 0.7350
vt 0.8028 0.8137
vn 0.0000 -0.9285 0.3714
v -1.3475 1.9600 0.8575
vt 0.8028 0.8146
vn -0.1924 -0.9623 0.1924
f 284/284/284 285/285/285 286/286/286
v -1.2250 0.9800 -1.2250
vt 0.8297 0.8281
vn 0.0000 0.0000 -1.0000
v -1.2250 1.9110 -1.2250
vt 0.8297 0.8449
vn 0.0000 0.0000 -1.0000
v -0.9800 1.9110 -1.2250
vt 0.8297 0.8449
vn 0.0000 0.0000 -1.0000
v -0.9800 0.9800 -1.2250
vt 0.8297 0.8281
vn 0.0000 0.0000 -1.0000
f 287/287/287 288/288/288 289/289/289 290/290/290
v 0.9800 0.9800 0.7350
vt 0.1911 0.7962
vn 0.0000 0.0000 1.0000
v 0.9800 1.9110 0.7350
vt 0.1911 0.9507
vn 0.0000 0.0000 1.0000
v -0.9800 1.9110 0.7350
vt 0.1839 0.9507
vn 0.0000 0.0000 1.0000
v -0.9800 0.9800 0.7350
vt 0.1839 0.7962
vn 0.0000 0.0000 1.0000
f 291/291/291 292/292/292 293/293/293 294/294/294
v 0.9800 0.7350 0.7350
vt 0.8297 0.8236
vn 0.0000 0.0000 1.0000
v 0.9800 0.9800 0.7350
vt 0.8297 0.8281
vn 0.0000 0.0000 1.0000
v -0.9800 0.9800 0.7350
vt 0.8297 0.8281
vn 0.0000 0.0000 1.0000
v -0.9800 0.7350 0.7350
vt 0.8297 0.8236
vn 0.0000 0.0000 1.0000
f 295/295/295 296/296/296 297/297/297 298/298/298
v -1.3475 1.9600 -1.3475
vt 0.8297 0.8458
vn 0.0000 0.0000 -1.0000
v -1.3475 2.2050 -1.3475
vt 0.8297 0.8503
vn 0.0000 0.0000 -1.0000
v 1.3475 2.2050 -1.3475
vt 0.8297 0.8503
vn 0.0000 0.0000 -1.0000
v 1.3475 1.9600 -1.3475
vt 0.8297 0.8458
vn 0.0000 0.0000 -1.0000
f 299/299/299 300/300/300 301/301/301 302/302/302
v -0.9800 1.9110 -1.2250
vt 0.8028 0.8137
vn -0.0000 -0.9285 -0.3714
v -1.2250 1.9110 -1.2250
vt 0.8028 0.8137
vn -0.1924 -0.9623 -0.1925
v -1.3475 1.9600 -1.3475
vt 0.8028 0.8146
vn -0.1925 -0.9623 -0.1925
f 303/303/303 304/304/304 305/305/305
v 0.9800 1.9110 -1.2250
vt 0.8028 0.8137
vn -0.0000 -0.9285 -0.3714
v -0.9800 1.9110 -1.2250
vt 0.8028 0.8137
vn -0.0000 -0.9285 -0.3714
v -1.3475 1.9600 -1.3475
vt 0.8028 0.8146
vn -0.1925 -0.9623 -0.1925
v 1.3475 1.9600 -1.3475
vt 0.8028 0.8146
vn 0.1924 -0.9623 -0.1925
f 306/306/306 307/307/307 308/308/308 309/309/309
v 1.3475 1.9600 0.8575
vt 0.8297 0.8458
vn 0.0000 0.0000 1.0000
v 1.3475 2.2050 0.8575
vt 0.8297 0.8503
vn 0.0000 0.0000 1.0000
v -1.3475 2.2050 0.8575
vt 0.8297 0.8503
vn 0.0000 0.0000 1.0000
v -1.3475 1.9600 0.8575
vt 0.8297 0.8458
vn 0.0000 0.0000 1.0000
f 310/310/310 311/311/311 312/312/312 313/313/313
v 0.9800 1.9110 0.7350
vt 0.8028 0.8137
vn 0.0000 -0.9285 0.3714
v 1.2250 1.9110 0.7350
vt 0.8028 0.8137
vn 0.1925 -0.9623 0.1924
v 1.3475 1.9600 0.8575
vt 0.8028 0.8146
vn 0.1925 -0.9623 0.1924
f 314/314/314 315/315/315 316/316/316
v -0.9800 1.9110 0.7350
vt 0.8028 0.8137
vn 0.0000 -0.9285 0.3714
v 0.9800 1.9110 0.7350
vt 0.8028 0.8137
vn 0.0000 -0.9285 0.3714
v 1.3475 1.9600 0.8575
vt 0.8028 0.8146
vn 0.1925 -0.9623 0.1924
v -1.3475 1.9600 0.8575
vt 0.8028 0.8146
vn -0.1924 -0.9623 0.1924
f 317/317/317 318/318/318 319/319/319 320/320/320
v 1.3475 2.2050 -1.3475
vt 0.8297 0.8503
vn 1.0000 0.0000 0.0000
v 1.3475 2.2050 0.8575
vt 0.8297 0.8503
vn 1.0000 0.0000 0.0000
v 1.3475 1.9600 0.8575
vt 0.8297 0.8458
vn 1.0000 0.0000 0.0000
v 1.3475 1.9600 -1.3475
vt 0.8297 0.8458
vn 1.0000 0.0000 0.0000
f 321/321/321 322/322/322 323/323/323 324/324/324
v 1.2250 1.9110 0.4900
vt 0.8028 0.8137
vn 0.3714 -0.9285 -0.0000
v 1.2250 1.9110 -0.9800
vt 0.8028 0.8137
vn 0.3714 -0.9285 -0.0000
v 1.3475 1.9600 -1.3475
vt 0.8028 0.8146
vn 0.1924 -0.9623 -0.1925
v 1.3475 1.9600 0.8575
vt 0.8028 0.8146
vn 0.1925 -0.9623 0.1924
f 325/325/325 326/326/326 327/327/327 328/328/328
v -1.3475 2.2050 0.8575
vt 0.8297 0.8503
vn -1.0000 0.0000 0.0000
v -1.3475 2.2050 -1.3475
vt 0.8297 0.8503
vn -1.0000 0.0000 0.0000
v -1.3475 1.9600 -1.3475
vt 0.8297 0.8458
vn -1.0000 0.0000 0.0000
v -1.3475 1.9600 0.8575
vt 0.8297 0.8458
vn -1.0000 0.0000 0.0000
f 329/329/329 330/330/330 331/331/331 332/332/332
v -1.2250 1.9110 -0.9800
vt 0.8028 0.8137
vn -0.3714 -0.9285 0.0000
v -1.2250 1.9110 0.4900
vt 0.8028 0.8137
vn -0.3714 -0.9285 0.0000
v -1.3475 1.9600 0.8575
vt 0.8028 0.8146
vn -0.1924 -0.9623 0.1924
v -1.3475 1.9600 -1.3475
vt 0.8028 0.8146
vn -0.1925 -0.9623 -0.1925
f 333/333/333 334/334/334 335/335/335 336/336/336
v -1.3475 0.9310 -0.9800
vt 0.3003 0.8311
vn -1.0000 0.0000 0.0000
v -1.3475 0.9310 -1.3475
vt 0.3003 0.8311
vn -1.0000 0.0000 0.0000
v -1.3475 0.7350 -1.3475
vt 0.3003 0.8298
vn -1.0000 0.0000 0.0000
v -1.3475 0.7350 -0.9800
vt 0.3003 0.8298
vn -1.0000 0.0000 0.0000
f 337/337/337 338/338/338 339/339/339 340/340/340
v 1.3475 0.9310 0.4900
vt 0.3003 0.8311
vn 1.0000 0.0000 0.0000
v 1.3475 0.9310 0.8575
vt 0.3003 0.8311
vn 1.0000 0.0000 0.0000
v 1.3475 0.7350 0.8575
vt 0.3003 0.8298
vn 1.0000 0.0000 0.0000
v 1.3475 0.7350 0.4900
vt 0.3003 0.8298
vn 1.0000 0.0000 0.0000
f 341/341/341 342/342/342 343/343/343 344/344/344
v -0.9800 0.7350 0.8575
vt 0.3003 0.8298
vn 0.0000 0.0000 1.0000
v -0.9800 0.9310 0.8575
vt 0.3003 0.8311
vn 0.0000 0.0000 1.0000
v -1.3475 0.9310 0.8575
vt 0.3003 0.8311
vn 0.0000 0.0000 1.0000
v -1.3475 0.7350 0.8575
vt 0.3003 0.8298
vn 0.0000 0.0000 1.0000
f 345/345/345 346/346/346 347/347/347 348/348/348
v 0.9800 0.7350 -1.3475
vt 0.3003 0.8298
vn 0.0000 0.0000 -1.0000
v 0.9800 0.9310 -1.3475
vt 0.3003 0.8311
vn 0.0000 0.0000 -1.0000
v 1.3475 0.9310 -1.3475
vt 0.3003 0.8311
vn 0.0000 0.0000 -1.0000
v 1.3475 0.7350 -1.3475
vt 0.3003 0.8298
vn 0.0000 0.0000 -1.0000
f 349/349/349 350/350/350 351/351/351 352/352/352
v 1.3475 0.9310 -1.3475
vt 0.3003 0.8311
vn 1.0000 0.0000 0.0000
v 1.3475 0.9310 -0.9800
vt 0.3003 0.8311
vn 1.0000 0.0000 0.0000
v 1.3475 0.7350 -0.9800
vt 0.3003 0.8298
vn 1.0000 0.0000 0.0000
v 1.3475 0.7350 -1.3475
vt 0.3003 0.8298
vn 1.0000 0.0000 0.0000
f 353/353/353 354/354/354 355/355/355 356/356/356
v -1.3475 0.9310 0.8575
vt 0.3003 0.8311
vn -1.0000 0.0000 0.0000
v -1.3475 0.9310 0.4900
vt 0.3003 0.8311
vn -1.0000 0.0000 0.0000
v -1.3475 0.7350 0.4900
vt 0.3003 0.8298
vn -1.0000 0.0000 0.0000
v -1.3475 0.7350 0.8575
vt 0.3003 0.8298
vn -1.0000 0.0000 0.0000
f 357/357/357 358/358/358 359/359/359 360/360/360
v 1.3475 0.7350 0.8575
vt 0.3003 0.8298
vn 0.0000 0.0000 1.0000
v 1.3475 0.9310 0.8575
vt 0.3003 0.8311
vn 0.0000 0.0000 1.0000
v 0.9800 0.9310 0.8575
vt 0.3003 0.8311
vn 0.0000 0.0000 1.0000
v 0.9800 0.7350 0.8575
vt 0.3003 0.8298
vn 0.0000 0.0000 1.0000
f 361/361/361 362/362/362 363/363/363 364/364/364
v -1.3475 0.7350 -1.3475
vt 0.3003 0.8298
vn 0.0000 0.0000 -1.0000
v -1.3475 0.9310 -1.3475
vt 0.3003 0.8311
vn 0.0000 0.0000 -1.0000
v -0.9800 0.9310 -1.3475
vt 0.3003 0.8311
vn 0.0000 0.0000 -1.0000
v -0.9800 0.7350 -1.3475
vt 0.3003 0.8298
vn 0.0000 0.0000 -1.0000
f 365/365/365 366/366/366 367/367/367 368/368/368
v 0.9800 0.7350 -1.2250
vt 0.3003 0.8298
vn -1.0000 0.0000 0.0000
v 0.9800 0.9800 -1.2250
vt 0.3003 0.8314
vn -1.0000 0.0000 0.0000
v 0.9800 0.9310 -1.3475
vt 0.3003 0.8311
vn -1.0000 0.0000 0.0000
v 0.9800 0.7350 -1.3475
vt 0.3003 0.8298
vn -1.0000 0.0000 0.0000
f 369/369/369 370/370/370 371/371/371 372/372/372
v 1.2250 0.9800 -1.2250
vt 0.3159 0.8627
vn 0.1924 0.9623 -0.1924
v 1.2250 0.9800 -0.9800
vt 0.3159 0.8627
vn 0.3714 0.9285 0.0000
v 1.3475 0.9310 -0.9800
vt 0.3159 0.8623
vn 0.3714 0.9285 0.0000
v 1.3475 0.9310 -1.3475
vt 0.3159 0.8623
vn 0.1924 0.9623 -0.1924
f 373/373/373 374/374/374 375/375/375 376/376/376
v 1.2250 0.9800 0.7350
vt 0.3159 0.8627
vn 0.1925 0.9623 0.1924
v 0.9800 0.9800 0.7350
vt 0.3159 0.8627
vn 0.0000 0.9285 0.3714
v 0.9800 0.9310 0.8575
vt 0.3159 0.8623
vn 0.0000 0.9285 0.3714
v 1.3475 0.9310 0.8575
vt 0.3159 0.8623
vn 0.1924 0.9623 0.1924
f 377/377/377 378/378/378 379/379/379 380/380/380
v -1.2250 0.7350 -0.9800
vt 0.3003 0.8298
vn 0.0000 0.0000 1.0000
v -1.2250 0.9800 -0.9800
vt 0.3003 0.8314
vn 0.0000 0.0000 1.0000
v -1.3475 0.9310 -0.9800
vt 0.3003 0.8311
vn 0.0000 0.0000 1.0000
v -1.3475 0.7350 -0.9800
vt 0.3003 0.8298
vn 0.0000 0.0000 1.0000
f 381/381/381 382/382/382 383/383/383 384/384/384
v 0.9800 0.9800 0.7350
vt 0.3003 0.8314
vn -1.0000 0.0000 0.0000
v 0.9800 0.7350 0.7350
vt 0.3003 0.8298
vn -1.0000 0.0000 0.0000
v 0.9800 0.7350 0.8575
vt 0.3003 0.8298
vn -1.0000 0.0000 0.0000
v 0.9800 0.9310 0.8575
vt 0.3003 0.8311
vn -1.0000 0.0000 0.0000
f 385/385/385 386/386/386 387/387/387 388/388/388
v 0.9800 0.9800 -1.2250
vt 0.3159 0.8627
vn 0.0000 0.9285 -0.3714
v 1.2250 0.9800 -1.2250
vt 0.3159 0.8627
vn 0.1924 0.9623 -0.1924
v 1.3475 0.9310 -1.3475
vt 0.3159 0.8623
vn 0.1924 0.9623 -0.1924
v 0.9800 0.9310 -1.3475
vt 0.3159 0.8623
vn 0.0000 0.9285 -0.3714
f 389/389/389 390/390/390 391/391/391 392/392/392
v -0.9800 0.7350 0.7350
vt 0.3003 0.8298
vn 1.0000 0.0000 0.0000
v -0.9800 0.9800 0.7350
vt 0.3003 0.8314
vn 1.0000 0.0000 0.0000
v -0.9800 0.9310 0.8575
vt 0.3003 0.8311
vn 1.0000 0.0000 0.0000
v -0.9800 0.7350 0.8575
vt 0.3003 0.8298
vn 1.0000 0.0000 0.0000
f 393/393/393 394/394/394 395/395/395 396/396/396
v 1.2250 0.9800 -0.9800
vt 0.3003 0.8314
vn 0.0000 0.0000 1.0000
v 1.2250 0.7350 -0.9800
vt 0.3003 0.8298
vn 0.0000 0.0000 1.0000
v 1.3475 0.7350 -0.9800
vt 0.3003 0.8298
vn 0.0000 0.0000 1.0000
v 1.3475 0.9310 -0.9800
vt 0.3003 0.8311
vn 0.0000 0.0000 1.0000
f 397/397/397 398/398/398 399/399/399 400/400/400
v -1.2250 0.9800 -1.2250
vt 0.3159 0.8627
vn -0.1924 0.9623 -0.1924
v -0.9800 0.9800 -1.2250
vt 0.3159 0.8627
vn 0.0000 0.9285 -0.3714
v -0.9800 0.9310 -1.3475
vt 0.3159 0.8623
vn 0.0000 0.9285 -0.3714
v -1.3475 0.9310 -1.3475
vt 0.3159 0.8623
vn -0.1924 0.9623 -0.1924
f 401/401/401 402/402/402 403/403/403 404/404/404
v -0.9800 0.9800 0.7350
vt 0.3159 0.8627
vn 0.0000 0.9285 0.3714
v -1.2250 0.9800 0.7350
vt 0.3159 0.8627
vn -0.1924 0.9623 0.1924
v -1.3475 0.9310 0.8575
vt 0.3159 0.8623
vn -0.1924 0.9623 0.1924
v -0.9800 0.9310 0.8575
vt 0.3159 0.8623
vn 0.0000 0.9285 0.3714
f 405/405/405 406/406/406 407/407/407 408/408/408
v -1.2250 0.9800 0.7350
vt 0.3159 0.8627
vn -0.1924 0.9623 0.1924
v -1.2250 0.9800 0.4900
vt 0.3159 0.8627
vn -0.3714 0.9285 0.0000
v -1.3475 0.9310 0.4900
vt 0.3159 0.8623
vn -0.3714 0.9285 0.0000
v -1.3475 0.9310 0.8575
vt 0.3159 0.8623
vn -0.1924 0.9623 0.1924
f 409/409/409 410/410/410 411/411/411 412/412/412
v -1.2250 0.9800 -0.9800
vt 0.3159 0.8627
vn -0.3714 0.9285 0.0000
v -1.2250 0.9800 -1.2250
vt 0.3159 0.8627
vn -0.1924 0.9623 -0.1924
v -1.3475 0.9310 -1.3475
vt 0.3159 0.8623
vn -0.1924 0.9623 -0.1924
v -1.3475 0.9310 -0.9800
vt 0.3159 0.8623
vn -0.3714 0.9285 0.0000
f 413/413/413 414/414/414 415/415/415 416/416/416
v -1.2250 2.9016 -1.6309
vt 0.8297 0.8629
vn 1.0000 0.0000 0.0000
v -1.2250 4.2875 -0.2450
vt 0.8297 0.8880
vn 1.0000 0.0000 0.0000
v -1.2250 3.9414 -0.2450
vt 0.8297 0.8818
vn 1.0000 0.0000 0.0000
v -1.2250 2.7283 -1.4577
vt 0.8297 0.8598
vn 1.0000 0.0000 0.0000
f 417/417/417 418/418/418 419/419/419 420/420/420
v -1.2250 2.7283 -1.4577
vt 0.8028 0.8285
vn 0.0000 -0.7070 0.7072
v -1.2250 3.9414 -0.2450
vt 0.8028 0.8505
vn 0.0000 -0.7070 0.7072
v -1.4700 3.9414 -0.2450
vt 0.8028 0.8505
vn 0.0000 -0.7070 0.7072
v -1.4700 2.7283 -1.4577
vt 0.8028 0.8285
vn 0.0000 -0.7070 0.7072
f 421/421/421 422/422/422 423/423/423 424/424/424
v -1.4700 2.7283 -1.4577
vt 0.8297 0.8598
vn -1.0000 0.0000 0.0000
v -1.4700 3.9414 -0.2450
vt 0.8297 0.8818
vn -1.0000 0.0000 0.0000
v -1.4700 4.2875 -0.2450
vt 0.8297 0.8880
vn -1.0000 0.0000 0.0000
v -1.4700 2.9016 -1.6309
vt 0.8297 0.8629
vn -1.0000 0.0000 0.0000
f 425/425/425 426/426/426 427/427/427 428/428/428
v -1.4700 2.9016 -1.6309
vt 0.8565 0.9098
vn 0.0000 0.7071 -0.7071
v -1.4700 4.2875 -0.2450
vt 0.8565 0.9349
vn 0.0000 0.7071 -0.7071
v -1.2250 4.2875 -0.2450
vt 0.8565 0.9349
vn 0.0000 0.7071 -0.7071
v -1.2250 2.9016 -1.6309
vt 0.8565 0.9098
vn 0.0000 0.7071 -0.7071
f 429/429/429 430/430/430 431/431/431 432/432/432
v -1.2250 2.7283 -1.4577
vt 0.8163 0.8441
vn 0.0000 -0.7071 -0.7071
v -1.4700 2.7283 -1.4577
vt 0.8163 0.8441
vn 0.0000 -0.7071 -0.7071
v -1.4700 2.9016 -1.6309
vt 0.8163 0.8473
vn 0.0000 -0.7071 -0.7071
v -1.2250 2.9016 -1.6309
vt 0.8163 0.8473
vn 0.0000 -0.7071 -0.7071
f 433/433/433 434/434/434 435/435/435 436/436/436
v -1.4700 2.9016 1.1409
vt 0.8297 0.8629
vn -1.0000 0.0000 0.0000
v -1.4700 4.2875 -0.2450
vt 0.8297 0.8880
vn -1.0000 0.0000 0.0000
v -1.4700 3.9414 -0.2450
vt 0.8297 0.8818
vn -1.0000 0.0000 0.0000
v -1.4700 2.7283 0.9677
vt 0.8297 0.8598
vn -1.0000 0.0000 0.0000
f 437/437/437 438/438/438 439/439/439 440/440/440
v -1.4700 2.7283 0.9677
vt 0.8028 0.8285
vn 0.0000 -0.7070 -0.7072
v -1.4700 3.9414 -0.2450
vt 0.8028 0.8505
vn 0.0000 -0.7070 -0.7072
v -1.2250 3.9414 -0.2450
vt 0.8028 0.8505
vn 0.0000 -0.7070 -0.7072
v -1.2250 2.7283 0.9677
vt 0.8028 0.8285
vn 0.0000 -0.7070 -0.7072
f 441/441/441 442/442/442 443/443/443 444/444/444
v -1.2250 2.7283 0.9677
vt 0.8297 0.8598
vn 1.0000 0.0000 0.0000
v -1.2250 3.9414 -0.2450
vt 0.8297 0.8818
vn 1.0000 0.0000 0.0000
v -1.2250 4.2875 -0.2450
vt 0.8297 0.8880
vn 1.0000 0.0000 0.0000
v -1.2250 2.9016 1.1409
vt 0.8297 0.8629
vn 1.0000 0.0000 0.0000
f 445/445/445 446/446/446 447/447/447 448/448/448
v -1.2250 2.9016 1.1409
vt 0.8565 0.9098
vn 0.0000 0.7071 0.7071
v -1.2250 4.2875 -0.2450
vt 0.8565 0.9349
vn 0.0000 0.7071 0.7071
v -1.4700 4.2875 -0.2450
vt 0.8565 0.9349
vn 0.0000 0.7071 0.7071
v -1.4700 2.9016 1.1409
vt 0.8565 0.9098
vn 0.0000 0.7071 0.7071
f 449/449/449 450/450/450 451/451/451 452/452/452
v -1.4700 2.7283 0.9677
vt 0.8163 0.8441
vn 0.0000 -0.7071 0.7071
v -1.2250 2.7283 0.9677
vt 0.8163 0.8441
vn 0.0000 -0.7071 0.7071
v -1.2250 2.9016 1.1409
vt 0.8163 0.8473
vn 0.0000 -0.7071 0.7071
v -1.4700 2.9016 1.1409
vt 0.8163 0.8473
vn 0.0000 -0.7071 0.7071
f 453/453/453 454/454/454 455/455/455 456/456/456
v 1.4700 2.9016 -1.6309
vt 0.8297 0.8629
vn 1.0000 0.0000 0.0000
v 1.4700 4.2875 -0.2450
vt 0.8297 0.8880
vn 1.0000 0.0000 0.0000
v 1.4700 3.9414 -0.2450
vt 0.8297 0.8818
vn 1.0000 0.0000 0.0000
v 1.4700 2.7283 -1.4577
vt 0.8297 0.8598
vn 1.0000 0.0000 0.0000
f 457/457/457 458/458/458 459/459/459 460/460/460
v 1.4700 2.7283 -1.4577
vt 0.8028 0.8285
vn 0.0000 -0.7070 0.7072
v 1.4700 3.9414 -0.2450
vt 0.8028 0.8505
vn 0.0000 -0.7070 0.7072
v 1.2250 3.9414 -0.2450
vt 0.8028 0.8505
vn 0.0000 -0.7070 0.7072
v 1.2250 2.7283 -1.4577
vt 0.8028 0.8285
vn 0.0000 -0.7070 0.7072
f 461/461/461 462/462/462 463/463/463 464/464/464
v 1.2250 2.7283 -1.4577
vt 0.8297 0.8598
vn -1.0000 0.0000 0.0000
v 1.2250 3.9414 -0.2450
vt 0.8297 0.8818
vn -1.0000 0.0000 0.0000
v 1.2250 4.2875 -0.2450
vt 0.8297 0.8880
vn -1.0000 0.0000 0.0000
v 1.2250 2.9016 -1.6309
vt 0.8297 0.8629
vn -1.0000 0.0000 0.0000
f 465/465/465 466/466/466 467/467/467 468/468/468
v 1.2250 2.9016 -1.6309
vt 0.8565 0.9098
vn 0.0000 0.7071 -0.7071
v 1.2250 4.2875 -0.2450
vt 0.8565 0.9349
vn 0.0000 0.7071 -0.7071
v 1.4700 4.2875 -0.2450
vt 0.8565 0.9349
vn 0.0000 0.7071 -0.7071
v 1.4700 2.9016 -1.6309
vt 0.8565 0.9098
vn 0.0000 0.7071 -0.7071
f 469/469/469 470/470/470 471/471/471 472/472/472
v 1.4700 2.7283 -1.4577
vt 0.8163 0.8441
vn 0.0000 -0.7071 -0.7071
v 1.2250 2.7283 -1.4577
vt 0.8163 0.8441
vn 0.0000 -0.7071 -0.7071
v 1.2250 2.9016 -1.6309
vt 0.8163 0.8473
vn 0.0000 -0.7071 -0.7071
v 1.4700 2.9016 -1.6309
vt 0.8163 0.8473
vn 0.0000 -0.7071 -0.7071
f 473/473/473 474/474/474 475/475/475 476/476/476
v 1.2250 2.9016 1.1409
vt 0.8297 0.8629
vn -1.0000 0.0000 0.0000
v 1.2250 4.2875 -0.2450
vt 0.8297 0.8880
vn -1.0000 0.0000 0.0000
v 1.2250 3.9414 -0.2450
vt 0.8297 0.8818
vn -1.0000 0.0000 0.0000
v 1.2250 2.7283 0.9677
vt 0.8297 0.8598
vn -1.0000 0.0000 0.0000
f 477/477/477 478/478/478 479/479/479 480/480/480
v 1.2250 2.7283 0.9677
vt 0.8028 0.8285
vn 0.0000 -0.7070 -0.7072
v 1.2250 3.9414 -0.2450
vt 0.8028 0.8505
vn 0.0000 -0.7070 -0.7072
v 1.4700 3.9414 -0.2450
vt 0.8028 0.8505
vn 0.0000 -0.7070 -0.7072
v 1.4700 2.7283 0.9677
vt 0.8028 0.8285
vn 0.0000 -0.7070 -0.7072
f 481/481/481 482/482/482 483/483/483 484/484/484
v 1.4700 2.7283 0.9677
vt 0.8297 0.8598
vn 1.0000 0.0000 0.0000
v 1.4700 3.9414 -0.2450
vt 0.8297 0.8818
vn 1.0000 0.0000 0.0000
v 1.4700 4.2875 -0.2450
vt 0.8297 0.8880
vn 1.0000 0.0000 0.0000
v 1.4700 2.9016 1.1409
vt 0.8297 0.8629
vn 1.0000 0.0000 0.0000
f 485/485/485 486/486/486 487/487/487 488/488/488
v 1.4700 2.9016 1.1409
vt 0.8565 0.9098
vn 0.0000 0.7071 0.7071
v 1.4700 4.2875 -0.2450
vt 0.8565 0.9349
vn 0.0000 0.7071 0.7071
v 1.2250 4.2875 -0.2450
vt 0.8565 0.9349
vn 0.0000 0.7071 0.7071
v 1.2250 2.9016 1.1409
vt 0.8565 0.9098
vn 0.0000 0.7071 0.7071
f 489/489/489 490/490/490 491/491/491 492/492/492
v 1.2250 2.7283 0.9677
vt 0.8163 0.8441
vn 0.0000 -0.7071 0.7071
v 1.4700 2.7283 0.9677
vt 0.8163 0.8441
vn 0.0000 -0.7071 0.7071
v 1.4700 2.9016 1.1409
vt 0.8163 0.8473
vn 0.0000 -0.7071 0.7071
v 1.2250 2.9016 1.1409
vt 0.8163 0.8473
vn 0.0000 -0.7071 0.7071
f 493/493/493 494/494/494 495/495/495 496/496/496
v -1.2250 2.9155 -1.3475
vt 0.1518 0.7650
vn -1.0000 0.0048 0.0000
v -1.2250 2.9155 0.8575
vt 0.1518 0.7650
vn -1.0000 0.0048 0.0000
v -1.2196 4.0425 -0.2450
vt 0.1518 0.9194
vn -1.0000 0.0048 0.0000
f 497/497/497 498/498/498 499/499/499
v 1.2250 2.9155 0.8575
vt 0.1607 0.7650
vn 1.0000 0.0048 0.0000
v 1.2250 2.9155 -1.3475
vt 0.1607 0.7650
vn 1.0000 0.0048 0.0000
v 1.2196 4.0425 -0.2450
vt 0.1607 0.9194
vn 1.0000 0.0048 0.0000
f 500/500/500 501/501/501 502/502/502
v -0.6497 3.5398 0.7350
vt 0.8297 0.8745
vn 0.0000 0.0000 -1.0000
v 0.0000 4.1895 0.7350
vt 0.8297 0.8862
vn 0.0000 0.0000 -1.0000
v 0.0000 3.9299 0.7350
vt 0.8297 0.8815
vn 0.0000 0.0000 -1.0000
v -0.5197 3.4099 0.7350
vt 0.8297 0.8721
vn 0.0000 0.0000 -1.0000
f 503/503/503 504/504/504 505/505/505 506/506/506
v -0.5197 3.4099 0.7350
vt 0.8028 0.8409
vn 0.7073 -0.7069 -0.0000
v 0.0000 3.9299 0.7350
vt 0.8028 0.8503
vn 0.7073 -0.7069 -0.0000
v 0.0000 3.9299 0.9188
vt 0.8028 0.8503
vn 0.7073 -0.7069 -0.0000
v -0.5197 3.4099 0.9188
vt 0.8028 0.8409
vn 0.7073 -0.7069 -0.0000
f 507/507/507 508/508/508 509/509/509 510/510/510
v -0.5197 3.4099 0.9188
vt 0.8297 0.8721
vn 0.0000 0.0000 1.0000
v 0.0000 3.9299 0.9188
vt 0.8297 0.8815
vn 0.0000 0.0000 1.0000
v 0.0000 4.1895 0.9188
vt 0.8297 0.8862
vn 0.0000 0.0000 1.0000
v -0.6497 3.5398 0.9188
vt 0.8297 0.8745
vn 0.0000 0.0000 1.0000
f 511/511/511 512/512/512 513/513/513 514/514/514
v -0.6497 3.5398 0.9188
vt 0.8565 0.9213
vn -0.7071 0.7071 0.0000
v 0.0000 4.1895 0.9188
vt 0.8565 0.9331
vn -0.7071 0.7071 0.0000
v 0.0000 4.1895 0.7350
vt 0.8565 0.9331
vn -0.7071 0.7071 0.0000
v -0.6497 3.5398 0.7350
vt 0.8565 0.9213
vn -0.7071 0.7071 0.0000
f 515/515/515 516/516/516 517/517/517 518/518/518
v -0.5197 3.4099 0.7350
vt 0.8163 0.8565
vn -0.7071 -0.7071 0.0000
v -0.5197 3.4099 0.9188
vt 0.8163 0.8565
vn -0.7071 -0.7071 0.0000
v -0.6497 3.5398 0.9188
vt 0.8163 0.8588
vn -0.7071 -0.7071 0.0000
v -0.6497 3.5398 0.7350
vt 0.8163 0.8588
vn -0.7071 -0.7071 0.0000
f 519/519/519 520/520/520 521/521/521 522/522/522
v 0.6497 3.5398 0.9188
vt 0.8297 0.8745
vn 0.0000 0.0000 1.0000
v 0.0000 4.1895 0.9188
vt 0.8297 0.8862
vn 0.0000 0.0000 1.0000
v 0.0000 3.9299 0.9188
vt 0.8297 0.8815
vn 0.0000 0.0000 1.0000
v 0.5197 3.4099 0.9188
vt 0.8297 0.8721
vn 0.0000 0.0000 1.0000
f 523/523/523 524/524/524 525/525/525 526/526/526
v 0.5197 3.4099 0.9188
vt 0.8028 0.8409
vn -0.7073 -0.7069 0.0000
v 0.0000 3.9299 0.9188
vt 0.8028 0.8503
vn -0.7073 -0.7069 0.0000
v 0.0000 3.9299 0.7350
vt 0.8028 0.8503
vn -0.7073 -0.7069 0.0000
v 0.5197 3.4099 0.7350
vt 0.8028 0.8409
vn -0.7073 -0.7069 0.0000
f 527/527/527 528/528/528 529/529/529 530/530/530
v 0.5197 3.4099 0.7350
vt 0.8297 0.8721
vn 0.0000 0.0000 -1.0000
v 0.0000 3.9299 0.7350
vt 0.8297 0.8815
vn 0.0000 0.0000 -1.0000
v 0.0000 4.1895 0.7350
vt 0.8297 0.8862
vn 0.0000 0.0000 -1.0000
v 0.6497 3.5398 0.7350
vt 0.8297 0.8745
vn 0.0000 0.0000 -1.0000
f 531/531/531 532/532/532 533/533/533 534/534/534
v 0.6497 3.5398 0.7350
vt 0.8565 0.9213
vn 0.7071 0.7071 0.0000
v 0.0000 4.1895 0.7350
vt 0.8565 0.9331
vn 0.7071 0.7071 0.0000
v 0.0000 4.1895 0.9188
vt 0.8565 0.9331
vn 0.7071 0.7071 0.0000
v 0.6497 3.5398 0.9188
vt 0.8565 0.9213
vn 0.7071 0.7071 0.0000
f 535/535/535 536/536/536 537/537/537 538/538/538
v 0.5197 3.4099 0.9188
vt 0.8163 0.8565
vn 0.7071 -0.7071 -0.0000
v 0.5197 3.4099 0.7350
vt 0.8163 0.8565
vn 0.7071 -0.7071 -0.0000
v 0.6497 3.5398 0.7350
vt 0.8163 0.8588
vn 0.7071 -0.7071 -0.0000
v 0.6497 3.5398 0.9188
vt 0.8163 0.8588
vn 0.7071 -0.7071 -0.0000
f 539/539/539 540/540/540 541/541/541 542/542/542
v 0.3960 3.0637 0.8036
vt 0.1890 0.8165
vn 0.0000 0.0000 1.0000
v 0.3960 3.6415 0.8036
vt 0.1890 0.8957
vn 0.0000 0.0000 1.0000
v -0.3960 3.6415 0.8036
vt 0.1860 0.8957
vn 0.0000 0.0000 1.0000
v -0.3960 3.0637 0.8036
vt 0.1860 0.8165
vn 0.0000 0.0000 1.0000
f 543/543/543 544/544/544 545/545/545 546/546/546
v 0.3960 3.6415 -0.1470
vt 0.1577 0.8645
vn 1.0000 0.0000 0.0000
v 0.3960 3.6415 0.8036
vt 0.1577 0.8645
vn 1.0000 0.0000 0.0000
v 0.3960 3.0637 0.8036
vt 0.1577 0.7853
vn 1.0000 0.0000 0.0000
v 0.3960 3.0637 -0.1470
vt 0.1577 0.7853
vn 1.0000 0.0000 0.0000
f 547/547/547 548/548/548 549/549/549 550/550/550
v -0.3960 3.6415 0.8036
vt 0.1548 0.8645
vn -1.0000 0.0000 0.0000
v -0.3960 3.6415 -0.1470
vt 0.1548 0.8645
vn -1.0000 0.0000 0.0000
v -0.3960 3.0637 -0.1470
vt 0.1548 0.7853
vn -1.0000 0.0000 0.0000
v -0.3960 3.0637 0.8036
vt 0.1548 0.7853
vn -1.0000 0.0000 0.0000
f 551/551/551 552/552/552 553/553/553 554/554/554
v 0.3960 3.6415 0.8036
vt 0.1890 0.8957
vn 0.0000 0.0000 1.0000
v 0.0000 3.9950 0.8036
vt 0.1875 0.9442
vn 0.0000 0.0000 1.0000
v -0.3960 3.6415 0.8036
vt 0.1860 0.8957
vn 0.0000 0.0000 1.0000
f 555/555/555 556/556/556 557/557/557
v 1.2250 2.6460 0.7350
vt 0.8028 0.8270
vn 0.1925 -0.9623 0.1924
v 1.2250 2.6460 0.4900
vt 0.8028 0.8270
vn 0.3714 -0.9285 -0.0000
v 1.3475 2.6950 0.8575
vt 0.8028 0.8279
vn 0.1925 -0.9623 0.1924
f 558/558/558 559/559/559 560/560/560
v -0.9800 2.2050 0.7350
vt 0.8297 0.8503
vn 0.0000 0.0000 1.0000
v -0.9800 2.6460 0.7350
vt 0.8297 0.8583
vn 0.0000 0.0000 1.0000
v -1.2250 2.6460 0.7350
vt 0.8297 0.8583
vn 0.0000 0.0000 1.0000
v -1.2250 2.2050 0.7350
vt 0.8297 0.8503
vn 0.0000 0.0000 1.0000
f 561/561/561 562/562/562 563/563/563 564/564/564
v -1.2250 2.6460 0.4900
vt 0.8028 0.8270
vn -0.3714 -0.9285 0.0000
v -1.2250 2.6460 0.7350
vt 0.8028 0.8270
vn -0.1925 -0.9623 0.1925
v -1.3475 2.6950 0.8575
vt 0.8028 0.8279
vn -0.1925 -0.9623 0.1925
f 565/565/565 566/566/566 567/567/567
v 1.2250 2.2050 0.7350
vt 0.8297 0.8503
vn 1.0000 0.0000 0.0000
v 1.2250 2.2050 0.4900
vt 0.8297 0.8503
vn 1.0000 0.0000 0.0000
v 1.2250 2.6460 0.4900
vt 0.8297 0.8583
vn 1.0000 0.0000 0.0000
v 1.2250 2.6460 0.7350
vt 0.8297 0.8583
vn 1.0000 0.0000 0.0000
f 568/568/568 569/569/569 570/570/570 571/571/571
v -1.2250 2.6460 0.4900
vt 0.8297 0.8583
vn -1.0000 0.0000 0.0000
v -1.2250 2.2050 0.4900
vt 0.8297 0.8503
vn -1.0000 0.0000 0.0000
v -1.2250 2.2050 0.7350
vt 0.8297 0.8503
vn -1.0000 0.0000 0.0000
v -1.2250 2.6460 0.7350
vt 0.8297 0.8583
vn -1.0000 0.0000 0.0000
f 572/572/572 573/573/573 574/574/574 575/575/575
v 1.2250 2.6460 -0.9800
vt 0.1607 0.9194
vn 1.0000 0.0000 0.0000
v 1.2250 2.6460 0.4900
vt 0.1607 0.9194
vn 1.0000 0.0000 0.0000
v 1.2250 2.2050 0.4900
vt 0.1607 0.7650
vn 1.0000 0.0000 0.0000
v 1.2250 2.2050 -0.9800
vt 0.1607 0.7650
vn 1.0000 0.0000 0.0000
f 576/576/576 577/577/577 578/578/578 579/579/579
v 1.2250 2.2050 0.7350
vt 0.8297 0.8503
vn 0.0000 0.0000 1.0000
v 1.2250 2.6460 0.7350
vt 0.8297 0.8583
vn 0.0000 0.0000 1.0000
v 0.9800 2.6460 0.7350
vt 0.8297 0.8583
vn 0.0000 0.0000 1.0000
v 0.9800 2.2050 0.7350
vt 0.8297 0.8503
vn 0.0000 0.0000 1.0000
f 580/580/580 581/581/581 582/582/582 583/583/583
v -1.2250 2.6460 0.7350
vt 0.8028 0.8270
vn -0.1925 -0.9623 0.1925
v -0.9800 2.6460 0.7350
vt 0.8028 0.8270
vn 0.0000 -0.9285 0.3714
v -1.3475 2.6950 0.8575
vt 0.8028 0.8279
vn -0.1925 -0.9623 0.1925
f 584/584/584 585/585/585 586/586/586
v 0.7350 2.6460 0.7350
vt 0.1902 0.9507
vn 0.0000 0.0000 1.0000
v 0.7350 2.2050 0.7350
vt 0.1902 0.7962
vn 0.0000 0.0000 1.0000
v 0.9800 2.2050 0.7350
vt 0.1911 0.7962
vn 0.0000 0.0000 1.0000
v 0.9800 2.6460 0.7350
vt 0.1911 0.9507
vn 0.0000 0.0000 1.0000
f 587/587/587 588/588/588 589/589/589 590/590/590
v 0.9800 2.6460 0.7350
vt 0.8028 0.8270
vn 0.0000 -0.9285 0.3714
v 1.2250 2.6460 0.7350
vt 0.8028 0.8270
vn 0.1925 -0.9623 0.1924
v 1.3475 2.6950 0.8575
vt 0.8028 0.8279
vn 0.1925 -0.9623 0.1924
f 591/591/591 592/592/592 593/593/593
v 1.3475 2.9400 0.8575
vt 0.8297 0.8636
vn 0.0000 0.0000 1.0000
v 0.0000 2.9400 0.8575
vt 0.8297 0.8636
vn 0.0000 0.0000 1.0000
v 0.6125 2.6950 0.8575
vt 0.8297 0.8592
vn 0.0000 0.0000 1.0000
f 594/594/594 595/595/595 596/596/596
v -1.3475 2.9400 -1.3475
vt 0.8297 0.8636
vn -1.0000 0.0000 0.0000
v -1.3475 2.6950 -1.3475
vt 0.8297 0.8592
vn -1.0000 0.0000 0.0000
v -1.3475 2.6950 0.8575
vt 0.8297 0.8592
vn -1.0000 0.0000 0.0000
v -1.3475 2.9400 0.8575
vt 0.8297 0.8636
vn -1.0000 0.0000 0.0000
f 597/597/597 598/598/598 599/599/599 600/600/600
v -0.9800 2.6460 0.7350
vt 0.8028 0.8270
vn 0.0000 -0.9285 0.3714
v -0.7350 2.6460 0.7350
vt 0.8028 0.8270
vn 0.0000 -0.9285 0.3714
v -0.6125 2.6950 0.8575
vt 0.8028 0.8279
vn 0.0000 -0.9285 0.3714
v -1.3475 2.6950 0.8575
vt 0.8028 0.8279
vn -0.1925 -0.9623 0.1925
f 601/601/601 602/602/602 603/603/603 604/604/604
v 0.7350 2.6460 0.7350
vt 0.8028 0.8270
vn 0.0000 -0.9285 0.3714
v 0.9800 2.6460 0.7350
vt 0.8028 0.8270
vn 0.0000 -0.9285 0.3714
v 1.3475 2.6950 0.8575
vt 0.8028 0.8279
vn 0.1925 -0.9623 0.1924
v 0.6125 2.6950 0.8575
vt 0.8028 0.8279
vn 0.0000 -0.9285 0.3714
f 605/605/605 606/606/606 607/607/607 608/608/608
v -0.7350 2.6460 0.7350
vt 0.8028 0.8270
vn 0.0000 -0.9285 0.3714
v -0.4900 2.6460 0.7350
vt 0.8028 0.8270
vn 0.0000 -0.9285 0.3714
v -0.6125 2.6950 0.8575
vt 0.8028 0.8279
vn 0.0000 -0.9285 0.3714
f 609/609/609 610/610/610 611/611/611
v -0.1225 2.6460 0.7350
vt 0.8028 0.8270
vn 0.0000 -0.9285 0.3714
v 0.0000 2.6950 0.8575
vt 0.8028 0.8279
vn 0.0000 -0.9285 0.3714
v -0.6125 2.6950 0.8575
vt 0.8028 0.8279
vn 0.0000 -0.9285 0.3714
v -0.4900 2.6460 0.7350
vt 0.8028 0.8270
vn 0.0000 -0.9285 0.3714
f 612/612/612 613/613/613 614/614/614 615/615/615
v 0.4900 2.6460 0.7350
vt 0.8028 0.8270
vn 0.0000 -0.9285 0.3714
v 0.7350 2.6460 0.7350
vt 0.8028 0.8270
vn 0.0000 -0.9285 0.3714
v 0.6125 2.6950 0.8575
vt 0.8028 0.8279
vn 0.0000 -0.9285 0.3714
f 616/616/616 617/617/617 618/618/618
v -0.6125 2.6950 0.8575
vt 0.8297 0.8592
vn 0.0000 0.0000 1.0000
v 0.0000 2.9400 0.8575
vt 0.8297 0.8636
vn 0.0000 0.0000 1.0000
v -1.3475 2.9400 0.8575
vt 0.8297 0.8636
vn 0.0000 0.0000 1.0000
f 619/619/619 620/620/620 621/621/621
v 0.0000 2.9400 0.8575
vt 0.8297 0.8636
vn 0.0000 0.0000 1.0000
v -0.6125 2.6950 0.8575
vt 0.8297 0.8592
vn 0.0000 0.0000 1.0000
v 0.0000 2.6950 0.8575
vt 0.8297 0.8592
vn 0.0000 0.0000 1.0000
f 622/622/622 623/623/623 624/624/624
v -0.7350 2.2050 0.7350
vt 0.1848 0.7962
vn 0.0000 0.0000 1.0000
v -0.7350 2.6460 0.7350
vt 0.1848 0.9507
vn 0.0000 0.0000 1.0000
v -0.9800 2.6460 0.7350
vt 0.1839 0.9507
vn 0.0000 0.0000 1.0000
v -0.9800 2.2050 0.7350
vt 0.1839 0.7962
vn 0.0000 0.0000 1.0000
f 625/625/625 626/626/626 627/627/627 628/628/628
v 0.7350 2.6460 0.7350
vt 0.8297 0.8583
vn 0.0000 0.0000 1.0000
v 0.4900 2.6460 0.7350
vt 0.8297 0.8583
vn 0.0000 0.0000 1.0000
v 0.4900 2.4255 0.7350
vt 0.8297 0.8543
vn 0.0000 0.0000 1.0000
f 629/629/629 630/630/630 631/631/631
v -0.4900 2.4255 0.7350
vt 0.1857 0.8734
vn 0.0000 0.0000 1.0000
v -0.4900 2.2050 0.7350
vt 0.1857 0.7962
vn 0.0000 0.0000 1.0000
v -0.1225 2.2050 0.7350
vt 0.1871 0.7962
vn 0.0000 0.0000 1.0000
f 632/632/632 633/633/633 634/634/634
v -0.4900 2.4255 0.7350
vt 0.8297 0.8543
vn 0.0000 0.0000 1.0000
v -0.4900 2.6460 0.7350
vt 0.8297 0.8583
vn 0.0000 0.0000 1.0000
v -0.7350 2.6460 0.7350
vt 0.8297 0.8583
vn 0.0000 0.0000 1.0000
f 635/635/635 636/636/636 637/637/637
v 0.0000 2.9400 -1.3475
vt 0.8297 0.8636
vn 0.0000 0.0000 -1.0000
v -0.6125 2.6950 -1.3475
vt 0.8297 0.8592
vn 0.0000 0.0000 -1.0000
v -1.3475 2.9400 -1.3475
vt 0.8297 0.8636
vn 0.0000 0.0000 -1.0000
f 638/638/638 639/639/639 640/640/640
v 0.4900 2.6460 0.7350
vt 0.1893 0.9507
vn 0.0000 0.0000 1.0000
v 0.1225 2.6460 0.7350
vt 0.1879 0.9507
vn 0.0000 0.0000 1.0000
v 0.1225 2.4255 0.7350
vt 0.1879 0.8734
vn 0.0000 0.0000 1.0000
f 641/641/641 642/642/642 643/643/643
v 0.1225 2.4255 0.7350
vt 0.8297 0.8543
vn 0.0000 0.0000 1.0000
v -0.1225 2.4255 0.7350
vt 0.8297 0.8543
vn 0.0000 0.0000 1.0000
v -0.1225 2.2050 0.7350
vt 0.8297 0.8503
vn 0.0000 0.0000 1.0000
v 0.1225 2.2050 0.7350
vt 0.8297 0.8503
vn 0.0000 0.0000 1.0000
f 644/644/644 645/645/645 646/646/646 647/647/647
v 0.0000 2.9400 0.8575
vt 0.8297 0.8636
vn 0.0000 0.0000 1.0000
v 0.0000 2.6950 0.8575
vt 0.8297 0.8592
vn 0.0000 0.0000 1.0000
v 0.6125 2.6950 0.8575
vt 0.8297 0.8592
vn 0.0000 0.0000 1.0000
f 648/648/648 649/649/649 650/650/650
v 0.4900 2.6460 0.7350
vt 0.8028 0.8270
vn 0.0000 -0.9285 0.3714
v 0.6125 2.6950 0.8575
vt 0.8028 0.8279
vn 0.0000 -0.9285 0.3714
v 0.0000 2.6950 0.8575
vt 0.8028 0.8279
vn 0.0000 -0.9285 0.3714
v 0.1225 2.6460 0.7350
vt 0.8028 0.8270
vn 0.0000 -0.9285 0.3714
f 651/651/651 652/652/652 653/653/653 654/654/654
v 0.1225 2.6460 0.7350
vt 0.8028 0.8270
vn 0.0000 -0.9285 0.3714
v 0.0000 2.6950 0.8575
vt 0.8028 0.8279
vn 0.0000 -0.9285 0.3714
v -0.1225 2.6460 0.7350
vt 0.8028 0.8270
vn 0.0000 -0.9285 0.3714
f 655/655/655 656/656/656 657/657/657
v 0.0000 2.9400 -1.3475
vt 0.8297 0.8636
vn 0.0000 0.0000 -1.0000
v 1.3475 2.9400 -1.3475
vt 0.8297 0.8636
vn 0.0000 0.0000 -1.0000
v 0.6125 2.6950 -1.3475
vt 0.8297 0.8592
vn 0.0000 0.0000 -1.0000
f 658/658/658 659/659/659 660/660/660
v 0.4900 2.2050 0.7350
vt 0.1893 0.7962
vn 0.0000 0.0000 1.0000
v 0.4900 2.4255 0.7350
vt 0.1893 0.8734
vn 0.0000 0.0000 1.0000
v 0.1225 2.2050 0.7350
vt 0.1879 0.7962
vn 0.0000 0.0000 1.0000
f 661/661/661 662/662/662 663/663/663
v 0.4900 2.4255 0.7350
vt 0.8297 0.8543
vn 0.0000 0.0000 1.0000
v 0.4900 2.6460 0.7350
vt 0.8297 0.8583
vn 0.0000 0.0000 1.0000
v 0.1225 2.4255 0.7350
vt 0.8297 0.8543
vn 0.0000 0.0000 1.0000
v 0.1225 2.2050 0.7350
vt 0.8297 0.8503
vn 0.0000 0.0000 1.0000
f 664/664/664 665/665/665 666/666/666 667/667/667
v -0.1225 2.6460 0.7350
vt 0.1871 0.9507
vn 0.0000 0.0000 1.0000
v -0.4900 2.6460 0.7350
vt 0.1857 0.9507
vn 0.0000 0.0000 1.0000
v -0.1225 2.4255 0.7350
vt 0.1871 0.8734
vn 0.0000 0.0000 1.0000
f 668/668/668 669/669/669 670/670/670
v -0.1225 2.2050 0.7350
vt 0.8297 0.8503
vn 0.0000 0.0000 1.0000
v -0.1225 2.4255 0.7350
vt 0.8297 0.8543
vn 0.0000 0.0000 1.0000
v -0.4900 2.6460 0.7350
vt 0.8297 0.8583
vn 0.0000 0.0000 1.0000
v -0.4900 2.4255 0.7350
vt 0.8297 0.8543
vn 0.0000 0.0000 1.0000
f 671/671/671 672/672/672 673/673/673 674/674/674
v -1.3475 2.6950 0.8575
vt 0.8028 0.8279
vn -0.1925 -0.9623 0.1925
v -1.3475 2.6950 -1.3475
vt 0.8028 0.8279
vn -0.1925 -0.9623 -0.1925
v -1.2250 2.6460 -0.9800
vt 0.8028 0.8270
vn -0.3714 -0.9285 0.0000
v -1.2250 2.6460 0.4900
vt 0.8028 0.8270
vn -0.3714 -0.9285 0.0000
f 675/675/675 676/676/676 677/677/677 678/678/678
v 1.2250 2.6460 -0.9800
vt 0.8028 0.8270
vn 0.3714 -0.9285 -0.0000
v 1.3475 2.6950 -1.3475
vt 0.8028 0.8279
vn 0.1925 -0.9623 -0.1925
v 1.3475 2.6950 0.8575
vt 0.8028 0.8279
vn 0.1925 -0.9623 0.1924
v 1.2250 2.6460 0.4900
vt 0.8028 0.8270
vn 0.3714 -0.9285 -0.0000
f 679/679/679 680/680/680 681/681/681 682/682/682
v 1.3475 2.6950 0.8575
vt 0.8297 0.8592
vn 1.0000 0.0000 0.0000
v 1.3475 2.6950 -1.3475
vt 0.8297 0.8592
vn 1.0000 0.0000 0.0000
v 1.3475 2.9400 -1.3475
vt 0.8297 0.8636
vn 1.0000 0.0000 0.0000
v 1.3475 2.9400 0.8575
vt 0.8297 0.8636
vn 1.0000 0.0000 0.0000
f 683/683/683 684/684/684 685/685/685 686/686/686
v -1.2250 2.6460 0.4900
vt 0.1518 0.9194
vn -1.0000 0.0000 0.0000
v -1.2250 2.6460 -0.9800
vt 0.1518 0.9194
vn -1.0000 0.0000 0.0000
v -1.2250 2.2050 -0.9800
vt 0.1518 0.7650
vn -1.0000 0.0000 0.0000
v -1.2250 2.2050 0.4900
vt 0.1518 0.7650
vn -1.0000 0.0000 0.0000
f 687/687/687 688/688/688 689/689/689 690/690/690
v 1.2250 2.6460 -1.2250
vt 0.8028 0.8270
vn 0.1924 -0.9623 -0.1925
v 1.3475 2.6950 -1.3475
vt 0.8028 0.8279
vn 0.1925 -0.9623 -0.1925
v 1.2250 2.6460 -0.9800
vt 0.8028 0.8270
vn 0.3714 -0.9285 -0.0000
f 691/691/691 692/692/692 693/693/693
v -0.9800 2.2050 -1.2250
vt 0.8297 0.8503
vn 0.0000 0.0000 -1.0000
v -1.2250 2.2050 -1.2250
vt 0.8297 0.8503
vn 0.0000 0.0000 -1.0000
v -1.2250 2.6460 -1.2250
vt 0.8297 0.8583
vn 0.0000 0.0000 -1.0000
v -0.9800 2.6460 -1.2250
vt 0.8297 0.8583
vn 0.0000 0.0000 -1.0000
f 694/694/694 695/695/695 696/696/696 697/697/697
v -1.2250 2.6460 -0.9800
vt 0.8028 0.8270
vn -0.3714 -0.9285 0.0000
v -1.3475 2.6950 -1.3475
vt 0.8028 0.8279
vn -0.1925 -0.9623 -0.1925
v -1.2250 2.6460 -1.2250
vt 0.8028 0.8270
vn -0.1925 -0.9623 -0.1925
f 698/698/698 699/699/699 700/700/700
v 1.2250 2.2050 -1.2250
vt 0.8297 0.8503
vn 1.0000 0.0000 0.0000
v 1.2250 2.6460 -1.2250
vt 0.8297 0.8583
vn 1.0000 0.0000 0.0000
v 1.2250 2.6460 -0.9800
vt 0.8297 0.8583
vn 1.0000 0.0000 0.0000
v 1.2250 2.2050 -0.9800
vt 0.8297 0.8503
vn 1.0000 0.0000 0.0000
f 701/701/701 702/702/702 703/703/703 704/704/704
v -1.2250 2.6460 -0.9800
vt 0.8297 0.8583
vn -1.0000 0.0000 0.0000
v -1.2250 2.6460 -1.2250
vt 0.8297 0.8583
vn -1.0000 0.0000 0.0000
v -1.2250 2.2050 -1.2250
vt 0.8297 0.8503
vn -1.0000 0.0000 0.0000
v -1.2250 2.2050 -0.9800
vt 0.8297 0.8503
vn -1.0000 0.0000 0.0000
f 705/705/705 706/706/706 707/707/707 708/708/708
v 1.2250 2.2050 -1.2250
vt 0.8297 0.8503
vn 0.0000 0.0000 -1.0000
v 0.9800 2.2050 -1.2250
vt 0.8297 0.8503
vn 0.0000 0.0000 -1.0000
v 0.9800 2.6460 -1.2250
vt 0.8297 0.8583
vn 0.0000 0.0000 -1.0000
v 1.2250 2.6460 -1.2250
vt 0.8297 0.8583
vn 0.0000 0.0000 -1.0000
f 709/709/709 710/710/710 711/711/711 712/712/712
v -1.2250 2.6460 -1.2250
vt 0.8028 0.8270
vn -0.1925 -0.9623 -0.1925
v -1.3475 2.6950 -1.3475
vt 0.8028 0.8279
vn -0.1925 -0.9623 -0.1925
v -0.9800 2.6460 -1.2250
vt 0.8028 0.8270
vn -0.0000 -0.9285 -0.3714
f 713/713/713 714/714/714 715/715/715
v 0.7350 2.6460 -1.2250
vt 0.1902 0.9507
vn 0.0000 0.0000 -1.0000
v 0.9800 2.6460 -1.2250
vt 0.1911 0.9507
vn 0.0000 0.0000 -1.0000
v 0.9800 2.2050 -1.2250
vt 0.1911 0.7962
vn 0.0000 0.0000 -1.0000
v 0.7350 2.2050 -1.2250
vt 0.1902 0.7962
vn 0.0000 0.0000 -1.0000
f 716/716/716 717/717/717 718/718/718 719/719/719
v 0.9800 2.6460 -1.2250
vt 0.8028 0.8270
vn -0.0000 -0.9285 -0.3714
v 1.3475 2.6950 -1.3475
vt 0.8028 0.8279
vn 0.1925 -0.9623 -0.1925
v 1.2250 2.6460 -1.2250
vt 0.8028 0.8270
vn 0.1924 -0.9623 -0.1925
f 720/720/720 721/721/721 722/722/722
v 1.3475 2.9400 -1.3475
vt 0.8297 0.8636
vn 0.0000 0.0000 -1.0000
v 1.3475 2.6950 -1.3475
vt 0.8297 0.8592
vn 0.0000 0.0000 -1.0000
v 0.6125 2.6950 -1.3475
vt 0.8297 0.8592
vn 0.0000 0.0000 -1.0000
f 723/723/723 724/724/724 725/725/725
v -0.9800 2.6460 -1.2250
vt 0.8028 0.8270
vn -0.0000 -0.9285 -0.3714
v -1.3475 2.6950 -1.3475
vt 0.8028 0.8279
vn -0.1925 -0.9623 -0.1925
v -0.6125 2.6950 -1.3475
vt 0.8028 0.8279
vn -0.0000 -0.9285 -0.3714
v -0.7350 2.6460 -1.2250
vt 0.8028 0.8270
vn -0.0000 -0.9285 -0.3714
f 726/726/726 727/727/727 728/728/728 729/729/729
v 0.7350 2.6460 -1.2250
vt 0.8028 0.8270
vn -0.0000 -0.9285 -0.3714
v 0.6125 2.6950 -1.3475
vt 0.8028 0.8279
vn -0.0000 -0.9285 -0.3714
v 1.3475 2.6950 -1.3475
vt 0.8028 0.8279
vn 0.1925 -0.9623 -0.1925
v 0.9800 2.6460 -1.2250
vt 0.8028 0.8270
vn -0.0000 -0.9285 -0.3714
f 730/730/730 731/731/731 732/732/732 733/733/733
v -0.7350 2.6460 -1.2250
vt 0.8028 0.8270
vn -0.0000 -0.9285 -0.3714
v -0.6125 2.6950 -1.3475
vt 0.8028 0.8279
vn -0.0000 -0.9285 -0.3714
v -0.4900 2.6460 -1.2250
vt 0.8028 0.8270
vn -0.0000 -0.9285 -0.3714
f 734/734/734 735/735/735 736/736/736
v -0.1225 2.6460 -1.2250
vt 0.8028 0.8270
vn -0.0000 -0.9285 -0.3714
v -0.4900 2.6460 -1.2250
vt 0.8028 0.8270
vn -0.0000 -0.9285 -0.3714
v -0.6125 2.6950 -1.3475
vt 0.8028 0.8279
vn -0.0000 -0.9285 -0.3714
v 0.0000 2.6950 -1.3475
vt 0.8028 0.8279
vn -0.0000 -0.9285 -0.3714
f 737/737/737 738/738/738 739/739/739 740/740/740
v 0.4900 2.6460 -1.2250
vt 0.8028 0.8270
vn -0.0000 -0.9285 -0.3714
v 0.6125 2.6950 -1.3475
vt 0.8028 0.8279
vn -0.0000 -0.9285 -0.3714
v 0.7350 2.6460 -1.2250
vt 0.8028 0.8270
vn -0.0000 -0.9285 -0.3714
f 741/741/741 742/742/742 743/743/743
v -0.6125 2.6950 -1.3475
vt 0.8297 0.8592
vn 0.0000 0.0000 -1.0000
v -1.3475 2.6950 -1.3475
vt 0.8297 0.8592
vn 0.0000 0.0000 -1.0000
v -1.3475 2.9400 -1.3475
vt 0.8297 0.8636
vn 0.0000 0.0000 -1.0000
f 744/744/744 745/745/745 746/746/746
v 0.0000 2.9400 -1.3475
vt 0.8297 0.8636
vn 0.0000 0.0000 -1.0000
v 0.0000 2.6950 -1.3475
vt 0.8297 0.8592
vn 0.0000 0.0000 -1.0000
v -0.6125 2.6950 -1.3475
vt 0.8297 0.8592
vn 0.0000 0.0000 -1.0000
f 747/747/747 748/748/748 749/749/749
v -0.7350 2.2050 -1.2250
vt 0.1848 0.7962
vn 0.0000 0.0000 -1.0000
v -0.9800 2.2050 -1.2250
vt 0.1839 0.7962
vn 0.0000 0.0000 -1.0000
v -0.9800 2.6460 -1.2250
vt 0.1839 0.9507
vn 0.0000 0.0000 -1.0000
v -0.7350 2.6460 -1.2250
vt 0.1848 0.9507
vn 0.0000 0.0000 -1.0000
f 750/750/750 751/751/751 752/752/752 753/753/753
v 0.7350 2.6460 -1.2250
vt 0.8297 0.8583
vn 0.0000 0.0000 -1.0000
v 0.4900 2.4255 -1.2250
vt 0.8297 0.8543
vn 0.0000 0.0000 -1.0000
v 0.4900 2.6460 -1.2250
vt 0.8297 0.8583
vn 0.0000 0.0000 -1.0000
f 754/754/754 755/755/755 756/756/756
v -0.4900 2.4255 -1.2250
vt 0.1857 0.8734
vn 0.0000 0.0000 -1.0000
v -0.1225 2.2050 -1.2250
vt 0.1871 0.7962
vn 0.0000 0.0000 -1.0000
v -0.4900 2.2050 -1.2250
vt 0.1857 0.7962
vn 0.0000 0.0000 -1.0000
f 757/757/757 758/758/758 759/759/759
v -0.4900 2.4255 -1.2250
vt 0.8297 0.8543
vn 0.0000 0.0000 -1.0000
v -0.7350 2.6460 -1.2250
vt 0.8297 0.8583
vn 0.0000 0.0000 -1.0000
v -0.4900 2.6460 -1.2250
vt 0.8297 0.8583
vn 0.0000 0.0000 -1.0000
f 760/760/760 761/761/761 762/762/762
v 0.4900 2.6460 -1.2250
vt 0.1893 0.9507
vn 0.0000 0.0000 -1.0000
v 0.1225 2.4255 -1.2250
vt 0.1879 0.8734
vn 0.0000 0.0000 -1.0000
v 0.1225 2.6460 -1.2250
vt 0.1879 0.9507
vn 0.0000 0.0000 -1.0000
f 763/763/763 764/764/764 765/765/765
v 0.1225 2.4255 -1.2250
vt 0.8297 0.8543
vn 0.0000 0.0000 -1.0000
v 0.1225 2.2050 -1.2250
vt 0.8297 0.8503
vn 0.0000 0.0000 -1.0000
v -0.1225 2.2050 -1.2250
vt 0.8297 0.8503
vn 0.0000 0.0000 -1.0000
v -0.1225 2.4255 -1.2250
vt 0.8297 0.8543
vn 0.0000 0.0000 -1.0000
f 766/766/766 767/767/767 768/768/768 769/769/769
v 0.0000 2.9400 -1.3475
vt 0.8297 0.8636
vn 0.0000 0.0000 -1.0000
v 0.6125 2.6950 -1.3475
vt 0.8297 0.8592
vn 0.0000 0.0000 -1.0000
v 0.0000 2.6950 -1.3475
vt 0.8297 0.8592
vn 0.0000 0.0000 -1.0000
f 770/770/770 771/771/771 772/772/772
v 0.4900 2.6460 -1.2250
vt 0.8028 0.8270
vn -0.0000 -0.9285 -0.3714
v 0.1225 2.6460 -1.2250
vt 0.8028 0.8270
vn -0.0000 -0.9285 -0.3714
v 0.0000 2.6950 -1.3475
vt 0.8028 0.8279
vn -0.0000 -0.9285 -0.3714
v 0.6125 2.6950 -1.3475
vt 0.8028 0.8279
vn -0.0000 -0.9285 -0.3714
f 773/773/773 774/774/774 775/775/775 776/776/776
v 0.1225 2.6460 -1.2250
vt 0.8028 0.8270
vn -0.0000 -0.9285 -0.3714
v -0.1225 2.6460 -1.2250
vt 0.8028 0.8270
vn -0.0000 -0.9285 -0.3714
v 0.0000 2.6950 -1.3475
vt 0.8028 0.8279
vn -0.0000 -0.9285 -0.3714
f 777/777/777 778/778/778 779/779/779
v 0.4900 2.2050 -1.2250
vt 0.1893 0.7962
vn 0.0000 0.0000 -1.0000
v 0.1225 2.2050 -1.2250
vt 0.1879 0.7962
vn 0.0000 0.0000 -1.0000
v 0.4900 2.4255 -1.2250
vt 0.1893 0.8734
vn 0.0000 0.0000 -1.0000
f 780/780/780 781/781/781 782/782/782
v 0.4900 2.4255 -1.2250
vt 0.8297 0.8543
vn 0.0000 0.0000 -1.0000
v 0.1225 2.2050 -1.2250
vt 0.8297 0.8503
vn 0.0000 0.0000 -1.0000
v 0.1225 2.4255 -1.2250
vt 0.8297 0.8543
vn 0.0000 0.0000 -1.0000
v 0.4900 2.6460 -1.2250
vt 0.8297 0.8583
vn 0.0000 0.0000 -1.0000
f 783/783/783 784/784/784 785/785/785 786/786/786
v -0.1225 2.6460 -1.2250
vt 0.1871 0.9507
vn 0.0000 0.0000 -1.0000
v -0.1225 2.4255 -1.2250
vt 0.1871 0.8734
vn 0.0000 0.0000 -1.0000
v -0.4900 2.6460 -1.2250
vt 0.1857 0.9507
vn 0.0000 0.0000 -1.0000
f 787/787/787 788/788/788 789/789/789
v -0.1225 2.2050 -1.2250
vt 0.8297 0.8503
vn 0.0000 0.0000 -1.0000
v -0.4900 2.4255 -1.2250
vt 0.8297 0.8543
vn 0.0000 0.0000 -1.0000
v -0.4900 2.6460 -1.2250
vt 0.8297 0.8583
vn 0.0000 0.0000 -1.0000
v -0.1225 2.4255 -1.2250
vt 0.8297 0.8543
vn 0.0000 0.0000 -1.0000
f 790/790/790 791/791/791 792/792/792 793/793/793
v 0.1225 2.6460 0.7350
vt 0.8297 0.8583
vn 0.0000 0.0000 1.0000
v -0.1225 2.6460 0.7350
vt 0.8297 0.8583
vn 0.0000 0.0000 1.0000
v -0.1225 2.4255 0.7350
vt 0.8297 0.8543
vn 0.0000 0.0000 1.0000
v 0.1225 2.4255 0.7350
vt 0.8297 0.8543
vn 0.0000 0.0000 1.0000
f 794/794/794 795/795/795 796/796/796 797/797/797
v -0.4900 2.2050 0.7350
vt 0.8297 0.8503
vn 0.0000 0.0000 1.0000
v -0.4900 2.4255 0.7350
vt 0.8297 0.8543
vn 0.0000 0.0000 1.0000
v -0.7350 2.6460 0.7350
vt 0.8297 0.8583
vn 0.0000 0.0000 1.0000
v -0.7350 2.2050 0.7350
vt 0.8297 0.8503
vn 0.0000 0.0000 1.0000
f 798/798/798 799/799/799 800/800/800 801/801/801
v 0.7350 2.2050 0.7350
vt 0.8297 0.8503
vn 0.0000 0.0000 1.0000
v 0.7350 2.6460 0.7350
vt 0.8297 0.8583
vn 0.0000 0.0000 1.0000
v 0.4900 2.4255 0.7350
vt 0.8297 0.8543
vn 0.0000 0.0000 1.0000
v 0.4900 2.2050 0.7350
vt 0.8297 0.8503
vn 0.0000 0.0000 1.0000
f 802/802/802 803/803/803 804/804/804 805/805/805
v 0.7350 2.2050 -1.2250
vt 0.8297 0.8503
vn 0.0000 0.0000 -1.0000
v 0.4900 2.2050 -1.2250
vt 0.8297 0.8503
vn 0.0000 0.0000 -1.0000
v 0.4900 2.4255 -1.2250
vt 0.8297 0.8543
vn 0.0000 0.0000 -1.0000
v 0.7350 2.6460 -1.2250
vt 0.8297 0.8583
vn 0.0000 0.0000 -1.0000
f 806/806/806 807/807/807 808/808/808 809/809/809
v 0.1225 2.6460 -1.2250
vt 0.8297 0.8583
vn 0.0000 0.0000 -1.0000
v 0.1225 2.4255 -1.2250
vt 0.8297 0.8543
vn 0.0000 0.0000 -1.0000
v -0.1225 2.4255 -1.2250
vt 0.8297 0.8543
vn 0.0000 0.0000 -1.0000
v -0.1225 2.6460 -1.2250
vt 0.8297 0.8583
vn 0.0000 0.0000 -1.0000
f 810/810/810 811/811/811 812/812/812 813/813/813
v -0.4900 2.2050 -1.2250
vt 0.8297 0.8503
vn 0.0000 0.0000 -1.0000
v -0.7350 2.2050 -1.2250
vt 0.8297 0.8503
vn 0.0000 0.0000 -1.0000
v -0.7350 2.6460 -1.2250
vt 0.8297 0.8583
vn 0.0000 0.0000 -1.0000
v -0.4900 2.4255 -1.2250
vt 0.8297 0.8543
vn 0.0000 0.0000 -1.0000
f 814/814/814 815/815/815 816/816/816 817/817/817
v 1.3475 2.6950 0.8575
vt 0.8297 0.8592
vn 0.0000 0.0000 1.0000
v 1.3475 2.9400 0.8575
vt 0.8297 0.8636
vn 0.0000 0.0000 1.0000
v 0.6125 2.6950 0.8575
vt 0.8297 0.8592
vn 0.0000 0.0000 1.0000
f 818/818/818 819/819/819 820/820/820
v -1.3475 2.6950 0.8575
vt 0.8297 0.8592
vn 0.0000 0.0000 1.0000
v -0.6125 2.6950 0.8575
vt 0.8297 0.8592
vn 0.0000 0.0000 1.0000
v -1.3475 2.9400 0.8575
vt 0.8297 0.8636
vn 0.0000 0.0000 1.0000
f 821/821/821 822/822/822 823/823/823
v -1.3475 2.9400 -1.3475
vt 0.8565 0.9105
vn 0.0000 1.0000 0.0000
v -1.3475 2.9400 0.8575
vt 0.8565 0.9105
vn 0.0000 1.0000 0.0000
v 0.0000 2.9400 0.8575
vt 0.8565 0.9105
vn 0.0000 1.0000 0.0000
v 0.0000 2.9400 -1.3475
vt 0.8565 0.9105
vn 0.0000 1.0000 0.0000
f 824/824/824 825/825/825 826/826/826 827/827/827
v 0.0000 2.9400 0.8575
vt 0.8565 0.9105
vn 0.0000 1.0000 0.0000
v 1.3475 2.9400 0.8575
vt 0.8565 0.9105
vn 0.0000 1.0000 0.0000
v 1.3475 2.9400 -1.3475
vt 0.8565 0.9105
vn 0.0000 1.0000 0.0000
v 0.0000 2.9400 -1.3475
vt 0.8565 0.9105
vn 0.0000 1.0000 0.0000
f 828/828/828 829/829/829 830/830/830 831/831/831
v 0.7595 0.9065 0.7840
vt 0.8442 0.8274
vn 0.0000 0.0000 1.0000
v 0.7595 1.0290 0.7840
vt 0.8442 0.8413
vn 0.0000 0.0000 1.0000
v 0.2205 1.0290 0.7840
vt 0.7830 0.8413
vn 0.0000 0.0000 1.0000
v 0.2205 0.9065 0.7840
vt 0.7830 0.8274
vn 0.0000 0.0000 1.0000
f 832/832/832 833/833/833 834/834/834 835/835/835
v 0.2205 0.8820 0.7350
vt 0.7830 0.7933
vn 0.0000 -0.8944 0.4472
v 0.7595 0.8820 0.7350
vt 0.8442 0.7933
vn 0.0000 -0.8944 0.4472
v 0.7595 0.9065 0.7840
vt 0.8442 0.7961
vn 0.0000 -0.8944 0.4472
v 0.2205 0.9065 0.7840
vt 0.7830 0.7961
vn 0.0000 -0.8944 0.4472
f 836/836/836 837/837/837 838/838/838 839/839/839
v 0.7595 1.0535 0.7350
vt 0.8442 0.8753
vn 0.0000 0.8944 0.4472
v 0.2205 1.0535 0.7350
vt 0.7830 0.8753
vn 0.0000 0.8944 0.4472
v 0.2205 1.0290 0.7840
vt 0.7830 0.8725
vn 0.0000 0.8944 0.4472
v 0.7595 1.0290 0.7840
vt 0.8442 0.8725
vn 0.0000 0.8944 0.4472
f 840/840/840 841/841/841 842/842/842 843/843/843
v 0.7595 1.3965 0.7840
vt 0.8442 0.8831
vn 0.0000 0.0000 1.0000
v 0.7595 1.5190 0.7840
vt 0.8442 0.8970
vn 0.0000 0.0000 1.0000
v 0.2205 1.5190 0.7840
vt 0.7830 0.8970
vn 0.0000 0.0000 1.0000
v 0.2205 1.3965 0.7840
vt 0.7830 0.8831
vn 0.0000 0.0000 1.0000
f 844/844/844 845/845/845 846/846/846 847/847/847
v 0.2205 1.3720 0.7350
vt 0.7830 0.8490
vn 0.0000 -0.8944 0.4472
v 0.7595 1.3720 0.7350
vt 0.8442 0.8490
vn 0.0000 -0.8944 0.4472
v 0.7595 1.3965 0.7840
vt 0.8442 0.8518
vn 0.0000 -0.8944 0.4472
v 0.2205 1.3965 0.7840
vt 0.7830 0.8518
vn 0.0000 -0.8944 0.4472
f 848/848/848 849/849/849 850/850/850 851/851/851
v 0.7595 1.5435 0.7350
vt 0.8442 0.9310
vn 0.0000 0.8944 0.4472
v 0.2205 1.5435 0.7350
vt 0.7830 0.9310
vn 0.0000 0.8944 0.4472
v 0.2205 1.5190 0.7840
vt 0.7830 0.9282
vn 0.0000 0.8944 0.4472
v 0.7595 1.5190 0.7840
vt 0.8442 0.9282
vn 0.0000 0.8944 0.4472
f 852/852/852 853/853/853 854/854/854 855/855/855
v 0.3963 1.6905 0.7595
vt 0.8030 0.8852
vn 0.3801 -0.8929 0.2415
v 0.4900 1.7150 0.7595
vt 0.8136 0.8880
vn 0.0000 -0.9695 0.2449
v 0.4900 1.7395 0.8575
vt 0.8136 0.8908
vn 0.0000 -0.9695 0.2449
v 0.3866 1.7130 0.8575
vt 0.8019 0.8878
vn 0.3801 -0.8928 0.2416
f 856/856/856 857/857/857 858/858/858 859/859/859
v 0.7350 1.5680 0.7595
vt 0.8415 0.8713
vn -0.8943 -0.3651 0.2588
v 0.7350 0.7350 0.7595
vt 0.8415 0.7766
vn -0.9701 -0.0000 0.2425
v 0.7595 0.7350 0.8575
vt 0.8442 0.7766
vn -0.9701 -0.0000 0.2425
v 0.7595 1.5772 0.8575
vt 0.8442 0.8724
vn -0.8954 -0.3623 0.2588
f 860/860/860 861/861/861 862/862/862 863/863/863
v 0.2402 1.7372 0.7350
vt 0.7852 0.9530
vn -0.6273 0.7788 0.0000
v 0.2402 1.7372 0.8575
vt 0.7852 0.9530
vn -0.6273 0.7788 0.0000
v 0.3481 1.8031 0.8575
vt 0.7975 0.9605
vn -0.3832 0.9236 0.0000
v 0.3481 1.8031 0.7350
vt 0.7975 0.9605
vn -0.3832 0.9236 0.0000
f 864/864/864 865/865/865 866/866/866 867/867/867
v 0.1225 0.7350 0.7350
vt 0.7718 0.7922
vn -1.0000 0.0000 0.0000
v 0.1225 0.7350 0.8575
vt 0.7718 0.7922
vn -1.0000 0.0000 0.0000
v 0.1225 1.6142 0.8575
vt 0.7718 0.8922
vn -0.9280 0.3726 0.0000
v 0.1225 1.6142 0.7350
vt 0.7718 0.8922
vn -0.9280 0.3726 0.0000
f 868/868/868 869/869/869 870/870/870 871/871/871
v 0.3481 1.8031 0.7350
vt 0.7975 0.9605
vn -0.3832 0.9236 0.0000
v 0.3481 1.8031 0.8575
vt 0.7975 0.9605
vn -0.3832 0.9236 0.0000
v 0.4900 1.8375 0.8575
vt 0.8136 0.9644
vn 0.0000 1.0000 0.0000
v 0.4900 1.8375 0.7350
vt 0.8136 0.9644
vn 0.0000 1.0000 0.0000
f 872/872/872 873/873/873 874/874/874 875/875/875
v 0.6319 1.8031 0.7350
vt 0.8297 0.9605
vn 0.3832 0.9236 0.0000
v 0.6319 1.8031 0.8575
vt 0.8297 0.9605
vn 0.3832 0.9236 0.0000
v 0.7398 1.7372 0.8575
vt 0.8420 0.9530
vn 0.6273 0.7788 0.0000
v 0.7398 1.7372 0.7350
vt 0.8420 0.9530
vn 0.6273 0.7788 0.0000
f 876/876/876 877/877/877 878/878/878 879/879/879
v 0.7398 1.7372 0.8575
vt 0.8420 0.9530
vn 0.6273 0.7788 0.0000
v 0.8575 1.6142 0.8575
vt 0.8554 0.9078
vn 0.9280 0.3726 0.0000
v 0.8575 1.6142 0.7350
vt 0.8554 0.9078
vn 0.9280 0.3726 0.0000
v 0.7398 1.7372 0.7350
vt 0.8420 0.9530
vn 0.6273 0.7788 0.0000
f 880/880/880 881/881/881 882/882/882 883/883/883
v 0.5934 1.7130 0.8575
vt 0.8254 0.8878
vn -0.3801 -0.8928 0.2416
v 0.4900 1.7395 0.8575
vt 0.8136 0.8908
vn 0.0000 -0.9695 0.2449
v 0.4900 1.7150 0.7595
vt 0.8136 0.8880
vn 0.0000 -0.9695 0.2449
v 0.5838 1.6905 0.7595
vt 0.8243 0.8852
vn -0.3801 -0.8929 0.2415
f 884/884/884 885/885/885 886/886/886 887/887/887
v 0.1225 1.6142 0.7350
vt 0.7718 0.9078
vn -0.9280 0.3726 0.0000
v 0.1225 1.6142 0.8575
vt 0.7718 0.9078
vn -0.9280 0.3726 0.0000
v 0.2402 1.7372 0.8575
vt 0.7852 0.9530
vn -0.6273 0.7788 0.0000
v 0.2402 1.7372 0.7350
vt 0.7852 0.9530
vn -0.6273 0.7788 0.0000
f 888/888/888 889/889/889 890/890/890 891/891/891
v 0.4900 1.8375 0.8575
vt 0.8136 0.9644
vn 0.0000 1.0000 0.0000
v 0.6319 1.8031 0.8575
vt 0.8297 0.9605
vn 0.3832 0.9236 0.0000
v 0.6319 1.8031 0.7350
vt 0.8297 0.9605
vn 0.3832 0.9236 0.0000
v 0.4900 1.8375 0.7350
vt 0.8136 0.9644
vn 0.0000 1.0000 0.0000
f 892/892/892 893/893/893 894/894/894 895/895/895
v 0.2450 1.5680 0.7595
vt 0.7858 0.8713
vn 0.8943 -0.3651 0.2588
v 0.2205 1.5772 0.8575
vt 0.7830 0.8724
vn 0.8954 -0.3623 0.2588
v 0.2205 0.7350 0.8575
vt 0.7830 0.7766
vn 0.9701 -0.0000 0.2425
v 0.2450 0.7350 0.7595
vt 0.7858 0.7766
vn 0.9701 -0.0000 0.2425
f 896/896/896 897/897/897 898/898/898 899/899/899
v 0.8575 1.6142 0.7350
vt 0.8554 0.8922
vn 0.9280 0.3726 0.0000
v 0.8575 1.6142 0.8575
vt 0.8554 0.8922
vn 0.9280 0.3726 0.0000
v 0.8575 0.7350 0.8575
vt 0.8554 0.7922
vn 1.0000 0.0000 0.0000
v 0.8575 0.7350 0.7350
vt 0.8554 0.7922
vn 1.0000 0.0000 0.0000
f 900/900/900 901/901/901 902/902/902 903/903/903
v 0.6078 1.1958 0.7974
vt 0.8270 0.8602
vn -0.9335 -0.3044 0.1898
v 0.6014 1.2250 0.8038
vt 0.8263 0.8636
vn -0.9799 -0.0000 0.1992
v 0.5880 1.2250 0.7467
vt 0.8248 0.8323
vn -0.9799 -0.0000 0.1992
v 0.6014 1.1894 0.7467
vt 0.8263 0.8283
vn -0.9335 -0.3044 0.1898
f 904/904/904 905/905/905 906/906/906 907/907/907
v 0.6014 1.2250 0.8038
vt 0.8263 0.8636
vn -0.9799 -0.0000 0.1992
v 0.6078 1.2542 0.7974
vt 0.8270 0.8669
vn -0.9335 0.3044 0.1898
v 0.6014 1.2606 0.7467
vt 0.8263 0.8364
vn -0.9335 0.3044 0.1898
v 0.5880 1.2250 0.7467
vt 0.8248 0.8323
vn -0.9799 -0.0000 0.1992
f 908/908/908 909/909/909 910/910/910 911/911/911
v 0.6860 1.2250 0.7467
vt 0.8359 0.8323
vn 0.9799 -0.0000 0.1992
v 0.6726 1.2606 0.7467
vt 0.8344 0.8364
vn 0.9335 0.3044 0.1898
v 0.6662 1.2542 0.7974
vt 0.8336 0.8669
vn 0.9335 0.3044 0.1898
v 0.6726 1.2250 0.8038
vt 0.8344 0.8636
vn 0.9799 -0.0000 0.1992
f 912/912/912 913/913/913 914/914/914 915/915/915
v 0.6726 1.1894 0.7467
vt 0.8344 0.8283
vn 0.9335 -0.3044 0.1898
v 0.6860 1.2250 0.7467
vt 0.8359 0.8323
vn 0.9799 -0.0000 0.1992
v 0.6726 1.2250 0.8038
vt 0.8344 0.8636
vn 0.9799 -0.0000 0.1992
v 0.6662 1.1958 0.7974
vt 0.8336 0.8602
vn 0.9335 -0.3044 0.1898
f 916/916/916 917/917/917 918/918/918 919/919/919
v 0.6662 1.1958 0.7974
vt 0.8336 0.8759
vn 0.3061 -0.3061 0.9015
v 0.6726 1.2250 0.8038
vt 0.8344 0.8792
vn 0.3215 0.0000 0.9469
v 0.6370 1.2250 0.8172
vt 0.8303 0.8792
vn 0.0000 0.0000 1.0000
v 0.6370 1.1894 0.8038
vt 0.8303 0.8751
vn 0.0000 -0.3215 0.9469
f 920/920/920 921/921/921 922/922/922 923/923/923
v 0.6726 1.2250 0.8038
vt 0.8344 0.8792
vn 0.3215 0.0000 0.9469
v 0.6662 1.2542 0.7974
vt 0.8336 0.8825
vn 0.3061 0.3061 0.9015
v 0.6370 1.2606 0.8038
vt 0.8303 0.8832
vn 0.0000 0.3215 0.9469
v 0.6370 1.2250 0.8172
vt 0.8303 0.8792
vn 0.0000 0.0000 1.0000
f 924/924/924 925/925/925 926/926/926 927/927/927
v 0.6370 1.2250 0.8172
vt 0.8303 0.8792
vn 0.0000 0.0000 1.0000
v 0.6370 1.2606 0.8038
vt 0.8303 0.8832
vn 0.0000 0.3215 0.9469
v 0.6078 1.2542 0.7974
vt 0.8270 0.8825
vn -0.3061 0.3061 0.9015
v 0.6014 1.2250 0.8038
vt 0.8263 0.8792
vn -0.3215 -0.0000 0.9469
f 928/928/928 929/929/929 930/930/930 931/931/931
v 0.6370 1.1894 0.8038
vt 0.8303 0.8751
vn 0.0000 -0.3215 0.9469
v 0.6370 1.2250 0.8172
vt 0.8303 0.8792
vn 0.0000 0.0000 1.0000
v 0.6014 1.2250 0.8038
vt 0.8263 0.8792
vn -0.3215 -0.0000 0.9469
v 0.6078 1.1958 0.7974
vt 0.8270 0.8759
vn -0.3061 -0.3061 0.9015
f 932/932/932 933/933/933 934/934/934 935/935/935
v 0.6370 1.1760 0.7467
vt 0.8303 0.8267
vn 0.0000 -0.9799 0.1992
v 0.6726 1.1894 0.7467
vt 0.8344 0.8283
vn 0.3044 -0.9335 0.1898
v 0.6662 1.1958 0.7974
vt 0.8336 0.8602
vn 0.3044 -0.9335 0.1898
v 0.6370 1.1894 0.8038
vt 0.8303 0.8595
vn 0.0000 -0.9799 0.1992
f 936/936/936 937/937/937 938/938/938 939/939/939
v 0.6014 1.1894 0.7467
vt 0.8263 0.8283
vn -0.3044 -0.9335 0.1898
v 0.6370 1.1760 0.7467
vt 0.8303 0.8267
vn 0.0000 -0.9799 0.1992
v 0.6370 1.1894 0.8038
vt 0.8303 0.8595
vn 0.0000 -0.9799 0.1992
v 0.6078 1.1958 0.7974
vt 0.8270 0.8602
vn -0.3044 -0.9335 0.1898
f 940/940/940 941/941/941 942/942/942 943/943/943
v 0.6370 1.2740 0.7467
vt 0.8303 0.8379
vn 0.0000 0.9799 0.1992
v 0.6014 1.2606 0.7467
vt 0.8263 0.8364
vn -0.3044 0.9335 0.1898
v 0.6078 1.2542 0.7974
vt 0.8270 0.8669
vn -0.3044 0.9335 0.1898
v 0.6370 1.2606 0.8038
vt 0.8303 0.8676
vn 0.0000 0.9799 0.1992
f 944/944/944 945/945/945 946/946/946 947/947/947
v 0.6726 1.2606 0.7467
vt 0.8344 0.8364
vn 0.3044 0.9335 0.1898
v 0.6370 1.2740 0.7467
vt 0.8303 0.8379
vn 0.0000 0.9799 0.1992
v 0.6370 1.2606 0.8038
vt 0.8303 0.8676
vn 0.0000 0.9799 0.1992
v 0.6662 1.2542 0.7974
vt 0.8336 0.8669
vn 0.3044 0.9335 0.1898
f 948/948/948 949/949/949 950/950/950 951/951/951
v 0.3168 1.6415 0.7595
vt 0.7939 0.8797
vn 0.6067 -0.7573 0.2416
v 0.3015 1.6606 0.8575
vt 0.7922 0.8818
vn 0.6067 -0.7573 0.2416
v 0.2205 1.5772 0.8575
vt 0.7830 0.8724
vn 0.8954 -0.3623 0.2588
v 0.2450 1.5680 0.7595
vt 0.7858 0.8713
vn 0.8943 -0.3651 0.2588
f 952/952/952 953/953/953 954/954/954 955/955/955
v 0.6786 1.6606 0.8575
vt 0.8350 0.9131
vn 0.0000 0.0000 1.0000
v 0.7595 1.5772 0.8575
vt 0.8442 0.9036
vn 0.0000 0.0000 1.0000
v 0.8575 1.6142 0.8575
vt 0.8554 0.9078
vn 0.0000 0.0000 1.0000
v 0.7398 1.7372 0.8575
vt 0.8420 0.9218
vn 0.0000 0.0000 1.0000
f 956/956/956 957/957/957 958/958/958 959/959/959
v 0.6633 1.6415 0.7595
vt 0.8333 0.8797
vn -0.6067 -0.7573 0.2416
v 0.7350 1.5680 0.7595
vt 0.8415 0.8713
vn -0.8943 -0.3651 0.2588
v 0.7595 1.5772 0.8575
vt 0.8442 0.8724
vn -0.8954 -0.3623 0.2588
v 0.6786 1.6606 0.8575
vt 0.8350 0.8818
vn -0.6067 -0.7573 0.2416
f 960/960/960 961/961/961 962/962/962 963/963/963
v 0.3015 1.6606 0.8575
vt 0.7922 0.9131
vn 0.0000 0.0000 1.0000
v 0.3866 1.7130 0.8575
vt 0.8019 0.9190
vn 0.0000 0.0000 1.0000
v 0.3481 1.8031 0.8575
vt 0.7975 0.9293
vn 0.0000 0.0000 1.0000
v 0.2402 1.7372 0.8575
vt 0.7852 0.9218
vn 0.0000 0.0000 1.0000
f 964/964/964 965/965/965 966/966/966 967/967/967
v 0.6633 1.6415 0.7595
vt 0.8333 0.8797
vn -0.6067 -0.7573 0.2416
v 0.6786 1.6606 0.8575
vt 0.8350 0.8818
vn -0.6067 -0.7573 0.2416
v 0.5934 1.7130 0.8575
vt 0.8254 0.8878
vn -0.3801 -0.8928 0.2416
v 0.5838 1.6905 0.7595
vt 0.8243 0.8852
vn -0.3801 -0.8929 0.2415
f 968/968/968 969/969/969 970/970/970 971/971/971
v 0.7595 1.5772 0.8575
vt 0.8442 0.9036
vn 0.0000 0.0000 1.0000
v 0.7595 0.7350 0.8575
vt 0.8442 0.8079
vn 0.0000 0.0000 1.0000
v 0.8575 0.7350 0.8575
vt 0.8554 0.8079
vn 0.0000 0.0000 1.0000
v 0.8575 1.6142 0.8575
vt 0.8554 0.9078
vn 0.0000 0.0000 1.0000
f 972/972/972 973/973/973 974/974/974 975/975/975
v 0.5934 1.7130 0.8575
vt 0.8254 0.9190
vn 0.0000 0.0000 1.0000
v 0.6786 1.6606 0.8575
vt 0.8350 0.9131
vn 0.0000 0.0000 1.0000
v 0.7398 1.7372 0.8575
vt 0.8420 0.9218
vn 0.0000 0.0000 1.0000
v 0.6319 1.8031 0.8575
vt 0.8297 0.9293
vn 0.0000 0.0000 1.0000
f 976/976/976 977/977/977 978/978/978 979/979/979
v 0.2205 0.7350 0.8575
vt 0.7830 0.8079
vn 0.0000 0.0000 1.0000
v 0.2205 1.5772 0.8575
vt 0.7830 0.9036
vn 0.0000 0.0000 1.0000
v 0.1225 1.6142 0.8575
vt 0.7718 0.9078
vn 0.0000 0.0000 1.0000
v 0.1225 0.7350 0.8575
vt 0.7718 0.8079
vn 0.0000 0.0000 1.0000
f 980/980/980 981/981/981 982/982/982 983/983/983
v 0.2205 1.5772 0.8575
vt 0.7830 0.9036
vn 0.0000 0.0000 1.0000
v 0.3015 1.6606 0.8575
vt 0.7922 0.9131
vn 0.0000 0.0000 1.0000
v 0.2402 1.7372 0.8575
vt 0.7852 0.9218
vn 0.0000 0.0000 1.0000
v 0.1225 1.6142 0.8575
vt 0.7718 0.9078
vn 0.0000 0.0000 1.0000
f 984/984/984 985/985/985 986/986/986 987/987/987
v 0.4900 1.7395 0.8575
vt 0.8136 0.9221
vn 0.0000 0.0000 1.0000
v 0.5934 1.7130 0.8575
vt 0.8254 0.9190
vn 0.0000 0.0000 1.0000
v 0.6319 1.8031 0.8575
vt 0.8297 0.9293
vn 0.0000 0.0000 1.0000
v 0.4900 1.8375 0.8575
vt 0.8136 0.9332
vn 0.0000 0.0000 1.0000
f 988/988/988 989/989/989 990/990/990 991/991/991
v 0.3168 1.6415 0.7595
vt 0.7939 0.8797
vn 0.6067 -0.7573 0.2416
v 0.3963 1.6905 0.7595
vt 0.8030 0.8852
vn 0.3801 -0.8929 0.2415
v 0.3866 1.7130 0.8575
vt 0.8019 0.8878
vn 0.3801 -0.8928 0.2416
v 0.3015 1.6606 0.8575
vt 0.7922 0.8818
vn 0.6067 -0.7573 0.2416
f 992/992/992 993/993/993 994/994/994 995/995/995
v 0.3866 1.7130 0.8575
vt 0.8019 0.9190
vn 0.0000 0.0000 1.0000
v 0.4900 1.7395 0.8575
vt 0.8136 0.9221
vn 0.0000 0.0000 1.0000
v 0.4900 1.8375 0.8575
vt 0.8136 0.9332
vn 0.0000 0.0000 1.0000
v 0.3481 1.8031 0.8575
vt 0.7975 0.9293
vn 0.0000 0.0000 1.0000
f 996/996/996 997/997/997 998/998/998 999/999/999
v 0.4900 0.7350 0.7595
vt 0.6719 0.7688
vn 0.0000 0.0000 1.0000
v 0.4900 1.7640 0.7595
vt 0.6719 0.8743
vn 0.0000 0.0000 1.0000
v 0.3675 1.7395 0.7595
vt 0.6624 0.8743
vn 0.0000 0.0000 1.0000
v 0.3675 0.7350 0.7595
vt 0.6624 0.7688
vn 0.0000 0.0000 1.0000
f 1000/1000/1000 1001/1001/1001 1002/1002/1002 1003/1003/1003
v 0.7595 0.7350 0.7595
vt 0.6907 0.7688
vn 0.0000 0.0000 1.0000
v 0.7595 1.6660 0.7595
vt 0.6907 0.8743
vn 0.0000 0.0000 1.0000
v 0.6125 1.7395 0.7595
vt 0.6813 0.8743
vn 0.0000 0.0000 1.0000
v 0.6125 0.7350 0.7595
vt 0.6813 0.7688
vn 0.0000 0.0000 1.0000
f 1004/1004/1004 1005/1005/1005 1006/1006/1006 1007/1007/1007
v 0.3675 0.7350 0.7595
vt 0.6624 0.8157
vn 0.0000 0.0000 1.0000
v 0.3675 1.7395 0.7595
vt 0.6624 0.9211
vn 0.0000 0.0000 1.0000
v 0.2205 1.6660 0.7595
vt 0.6530 0.9211
vn 0.0000 0.0000 1.0000
v 0.2205 0.7350 0.7595
vt 0.6530 0.8157
vn 0.0000 0.0000 1.0000
f 1008/1008/1008 1009/1009/1009 1010/1010/1010 1011/1011/1011
v 0.6125 0.7350 0.7595
vt 0.6813 0.8157
vn 0.0000 0.0000 1.0000
v 0.6125 1.7395 0.7595
vt 0.6813 0.9211
vn 0.0000 0.0000 1.0000
v 0.4900 1.7640 0.7595
vt 0.6719 0.9211
vn 0.0000 0.0000 1.0000
v 0.4900 0.7350 0.7595
vt 0.6719 0.8157
vn 0.0000 0.0000 1.0000
f 1012/1012/1012 1013/1013/1013 1014/1014/1014 1015/1015/1015
v -0.2450 1.1515 0.7350
vt 0.8032 0.8342
vn 1.0000 0.0000 0.0000
v -0.2450 1.2740 0.8575
vt 0.8241 0.8552
vn 1.0000 0.0000 0.0000
v -0.2450 1.1515 0.9188
vt 0.8346 0.8342
vn 1.0000 0.0000 0.0000
f 1016/1016/1016 1017/1017/1017 1018/1018/1018
v -0.2450 1.1515 0.9188
vt 0.8346 0.8342
vn 1.0000 0.0000 0.0000
v -0.2450 1.2740 0.8575
vt 0.8241 0.8552
vn 1.0000 0.0000 0.0000
v -0.2450 1.2740 0.9800
vt 0.8450 0.8552
vn 1.0000 0.0000 0.0000
v -0.2450 1.2128 0.9800
vt 0.8450 0.8447
vn 1.0000 0.0000 0.0000
f 1019/1019/1019 1020/1020/1020 1021/1021/1021 1022/1022/1022
v -0.7350 1.1515 0.7350
vt 0.8032 0.8342
vn -1.0000 0.0000 0.0000
v -0.7350 1.1515 0.9188
vt 0.8346 0.8342
vn -1.0000 0.0000 0.0000
v -0.7350 1.2740 0.8575
vt 0.8241 0.8552
vn -1.0000 0.0000 0.0000
f 1023/1023/1023 1024/1024/1024 1025/1025/1025
v -0.7350 1.2740 0.9800
vt 0.8450 0.8864
vn 0.0000 1.0000 0.0000
v -0.2450 1.2740 0.9800
vt 0.8450 0.8864
vn 0.0000 1.0000 0.0000
v -0.3368 1.2740 0.8575
vt 0.8241 0.8864
vn 0.0000 1.0000 0.0000
v -0.6431 1.2740 0.8575
vt 0.8241 0.8864
vn 0.0000 1.0000 0.0000
f 1026/1026/1026 1027/1027/1027 1028/1028/1028 1029/1029/1029
v -0.4900 1.7640 0.7350
vt 0.8032 0.9701
vn 0.0000 1.0000 0.0000
v -0.4900 1.7640 0.8575
vt 0.8241 0.9701
vn 0.0000 1.0000 0.0000
v -0.3675 1.7312 0.8575
vt 0.8241 0.9645
vn 0.5000 0.8660 0.0000
v -0.3675 1.7312 0.7350
vt 0.8032 0.9645
vn 0.5000 0.8660 0.0000
f 1030/1030/1030 1031/1031/1031 1032/1032/1032 1033/1033/1033
v -0.3675 1.7312 0.7350
vt 0.8032 0.9645
vn 0.5000 0.8660 0.0000
v -0.3675 1.7312 0.8575
vt 0.8241 0.9645
vn 0.5000 0.8660 0.0000
v -0.2778 1.6415 0.8575
vt 0.8241 0.9492
vn 0.8660 0.5000 0.0000
v -0.2778 1.6415 0.7350
vt 0.8032 0.9492
vn 0.8660 0.5000 0.0000
f 1034/1034/1034 1035/1035/1035 1036/1036/1036 1037/1037/1037
v -0.2778 1.6415 0.7350
vt 0.8032 0.9492
vn 0.8660 0.5000 0.0000
v -0.2778 1.6415 0.8575
vt 0.8241 0.9492
vn 0.8660 0.5000 0.0000
v -0.2450 1.5190 0.8575
vt 0.8241 0.8970
vn 0.9914 0.1305 0.0000
v -0.2450 1.5190 0.7350
vt 0.8032 0.8970
vn 0.9914 0.1305 0.0000
f 1038/1038/1038 1039/1039/1039 1040/1040/1040 1041/1041/1041
v -0.2450 1.5190 0.7350
vt 0.8032 0.8970
vn 0.9914 0.1305 0.0000
v -0.2450 1.5190 0.8575
vt 0.8241 0.8970
vn 0.9914 0.1305 0.0000
v -0.2450 1.2740 0.8575
vt 0.8241 0.8552
vn 1.0000 0.0000 0.0000
v -0.2450 1.1515 0.7350
vt 0.8032 0.8342
vn 1.0000 0.0000 0.0000
f 1042/1042/1042 1043/1043/1043 1044/1044/1044 1045/1045/1045
v -0.7350 1.5190 0.7350
vt 0.8032 0.8970
vn -0.9914 0.1305 0.0000
v -0.7350 1.5190 0.8575
vt 0.8241 0.8970
vn -0.9914 0.1305 0.0000
v -0.7021 1.6415 0.8575
vt 0.8241 0.9492
vn -0.8660 0.5000 0.0000
v -0.7021 1.6415 0.7350
vt 0.8032 0.9492
vn -0.8660 0.5000 0.0000
f 1046/1046/1046 1047/1047/1047 1048/1048/1048 1049/1049/1049
v -0.7350 1.5190 0.8575
vt 0.8241 0.8970
vn -0.9914 0.1305 0.0000
v -0.7350 1.5190 0.7350
vt 0.8032 0.8970
vn -0.9914 0.1305 0.0000
v -0.7350 1.1515 0.7350
vt 0.8032 0.8342
vn -1.0000 0.0000 0.0000
v -0.7350 1.2740 0.8575
vt 0.8241 0.8552
vn -1.0000 0.0000 0.0000
f 1050/1050/1050 1051/1051/1051 1052/1052/1052 1053/1053/1053
v -0.7021 1.6415 0.7350
vt 0.8032 0.9492
vn -0.8660 0.5000 0.0000
v -0.7021 1.6415 0.8575
vt 0.8241 0.9492
vn -0.8660 0.5000 0.0000
v -0.6125 1.7312 0.8575
vt 0.8241 0.9645
vn -0.5000 0.8660 0.0000
v -0.6125 1.7312 0.7350
vt 0.8032 0.9645
vn -0.5000 0.8660 0.0000
f 1054/1054/1054 1055/1055/1055 1056/1056/1056 1057/1057/1057
v -0.6125 1.7312 0.7350
vt 0.8032 0.9645
vn -0.5000 0.8660 0.0000
v -0.6125 1.7312 0.8575
vt 0.8241 0.9645
vn -0.5000 0.8660 0.0000
v -0.4900 1.7640 0.8575
vt 0.8241 0.9701
vn 0.0000 1.0000 0.0000
v -0.4900 1.7640 0.7350
vt 0.8032 0.9701
vn 0.0000 1.0000 0.0000
f 1058/1058/1058 1059/1059/1059 1060/1060/1060 1061/1061/1061
v -0.6179 1.5957 0.8575
vt 0.8241 0.8602
vn 0.8211 -0.4774 0.3129
v -0.6431 1.5017 0.8575
vt 0.8241 0.8786
vn 0.9438 -0.1197 0.3081
v -0.6189 1.5031 0.7840
vt 0.8116 0.8094
vn 0.9427 -0.1290 0.3076
v -0.5977 1.5823 0.7840
vt 0.8116 0.7890
vn 0.8243 -0.4720 0.3128
f 1062/1062/1062 1063/1063/1063 1064/1064/1064 1065/1065/1065
v -0.4900 1.6696 0.8575
vt 0.8241 0.9172
vn 0.0000 0.0000 1.0000
v -0.4161 1.6498 0.8575
vt 0.8241 0.9145
vn 0.0000 0.0000 1.0000
v -0.3675 1.7312 0.8575
vt 0.8241 0.9332
vn 0.0000 0.0000 1.0000
v -0.4900 1.7640 0.8575
vt 0.8241 0.9388
vn 0.0000 0.0000 1.0000
f 1066/1066/1066 1067/1067/1067 1068/1068/1068 1069/1069/1069
v -0.4161 1.6498 0.8575
vt 0.8241 0.9145
vn 0.0000 0.0000 1.0000
v -0.3620 1.5957 0.8575
vt 0.8241 0.9071
vn 0.0000 0.0000 1.0000
v -0.2778 1.6415 0.8575
vt 0.8241 0.9179
vn 0.0000 0.0000 1.0000
v -0.3675 1.7312 0.8575
vt 0.8241 0.9332
vn 0.0000 0.0000 1.0000
f 1070/1070/1070 1071/1071/1071 1072/1072/1072 1073/1073/1073
v -0.3620 1.5957 0.8575
vt 0.8241 0.9071
vn 0.0000 0.0000 1.0000
v -0.3368 1.5017 0.8575
vt 0.8241 0.8942
vn 0.0000 0.0000 1.0000
v -0.2450 1.5190 0.8575
vt 0.8241 0.8970
vn 0.0000 0.0000 1.0000
v -0.2778 1.6415 0.8575
vt 0.8241 0.9179
vn 0.0000 0.0000 1.0000
f 1074/1074/1074 1075/1075/1075 1076/1076/1076 1077/1077/1077
v -0.6431 1.2740 0.8575
vt 0.8241 0.8552
vn 0.0000 0.0000 1.0000
v -0.6431 1.5017 0.8575
vt 0.8241 0.8942
vn 0.0000 0.0000 1.0000
v -0.7350 1.5190 0.8575
vt 0.8241 0.8970
vn 0.0000 0.0000 1.0000
v -0.7350 1.2740 0.8575
vt 0.8241 0.8552
vn 0.0000 0.0000 1.0000
f 1078/1078/1078 1079/1079/1079 1080/1080/1080 1081/1081/1081
v -0.3368 1.5017 0.8575
vt 0.8241 0.8942
vn 0.0000 0.0000 1.0000
v -0.3368 1.2740 0.8575
vt 0.8241 0.8552
vn 0.0000 0.0000 1.0000
v -0.2450 1.2740 0.8575
vt 0.8241 0.8552
vn 0.0000 0.0000 1.0000
v -0.2450 1.5190 0.8575
vt 0.8241 0.8970
vn 0.0000 0.0000 1.0000
f 1082/1082/1082 1083/1083/1083 1084/1084/1084 1085/1085/1085
v -0.6431 1.5017 0.8575
vt 0.8241 0.8942
vn 0.0000 0.0000 1.0000
v -0.6179 1.5957 0.8575
vt 0.8241 0.9071
vn 0.0000 0.0000 1.0000
v -0.7021 1.6415 0.8575
vt 0.8241 0.9179
vn 0.0000 0.0000 1.0000
v -0.7350 1.5190 0.8575
vt 0.8241 0.8970
vn 0.0000 0.0000 1.0000
f 1086/1086/1086 1087/1087/1087 1088/1088/1088 1089/1089/1089
v -0.6179 1.5957 0.8575
vt 0.8241 0.9071
vn 0.0000 0.0000 1.0000
v -0.5638 1.6498 0.8575
vt 0.8241 0.9145
vn 0.0000 0.0000 1.0000
v -0.6125 1.7312 0.8575
vt 0.8241 0.9332
vn 0.0000 0.0000 1.0000
v -0.7021 1.6415 0.8575
vt 0.8241 0.9179
vn 0.0000 0.0000 1.0000
f 1090/1090/1090 1091/1091/1091 1092/1092/1092 1093/1093/1093
v -0.5638 1.6498 0.8575
vt 0.8241 0.9145
vn 0.0000 0.0000 1.0000
v -0.4900 1.6696 0.8575
vt 0.8241 0.9172
vn 0.0000 0.0000 1.0000
v -0.4900 1.7640 0.8575
vt 0.8241 0.9388
vn 0.0000 0.0000 1.0000
v -0.6125 1.7312 0.8575
vt 0.8241 0.9332
vn 0.0000 0.0000 1.0000
f 1094/1094/1094 1095/1095/1095 1096/1096/1096 1097/1097/1097
v -0.3368 1.5017 0.8575
vt 0.8241 0.8786
vn -0.9438 -0.1197 0.3081
v -0.3620 1.5957 0.8575
vt 0.8241 0.8602
vn -0.8211 -0.4774 0.3129
v -0.3822 1.5823 0.7840
vt 0.8116 0.7890
vn -0.8243 -0.4720 0.3128
v -0.3610 1.5031 0.7840
vt 0.8116 0.8094
vn -0.9427 -0.1290 0.3076
f 1098/1098/1098 1099/1099/1099 1100/1100/1100 1101/1101/1101
v -0.5638 1.6498 0.8575
vt 0.8241 0.8676
vn 0.4722 -0.8212 0.3204
v -0.6179 1.5957 0.8575
vt 0.8241 0.8602
vn 0.8211 -0.4774 0.3129
v -0.5977 1.5823 0.7840
vt 0.8116 0.7890
vn 0.8243 -0.4720 0.3128
v -0.5522 1.6278 0.7840
vt 0.8116 0.7952
vn 0.4753 -0.8194 0.3204
f 1102/1102/1102 1103/1103/1103 1104/1104/1104 1105/1105/1105
v -0.6431 1.5017 0.8575
vt 0.8241 0.8786
vn 0.9438 -0.1197 0.3081
v -0.6431 1.2740 0.8575
vt 0.8241 0.8395
vn 0.9499 0.0000 0.3124
v -0.6189 1.2740 0.7840
vt 0.8116 0.7729
vn 0.9499 0.0000 0.3124
v -0.6189 1.5031 0.7840
vt 0.8116 0.8094
vn 0.9427 -0.1290 0.3076
f 1106/1106/1106 1107/1107/1107 1108/1108/1108 1109/1109/1109
v -0.4161 1.6498 0.8575
vt 0.8241 0.8676
vn -0.4722 -0.8212 0.3204
v -0.4900 1.6696 0.8575
vt 0.8241 0.8703
vn 0.0000 -0.9463 0.3232
v -0.4900 1.6445 0.7840
vt 0.8116 0.7975
vn 0.0000 -0.9463 0.3232
v -0.4278 1.6278 0.7840
vt 0.8116 0.7952
vn -0.4753 -0.8194 0.3204
f 1110/1110/1110 1111/1111/1111 1112/1112/1112 1113/1113/1113
v -0.4900 1.6696 0.8575
vt 0.8241 0.8703
vn 0.0000 -0.9463 0.3232
v -0.5638 1.6498 0.8575
vt 0.8241 0.8676
vn 0.4722 -0.8212 0.3204
v -0.5522 1.6278 0.7840
vt 0.8116 0.7952
vn 0.4753 -0.8194 0.3204
v -0.4900 1.6445 0.7840
vt 0.8116 0.7975
vn 0.0000 -0.9463 0.3232
f 1114/1114/1114 1115/1115/1115 1116/1116/1116 1117/1117/1117
v -0.3368 1.2740 0.8575
vt 0.8241 0.8395
vn -0.9499 -0.0000 0.3124
v -0.3368 1.5017 0.8575
vt 0.8241 0.8786
vn -0.9438 -0.1197 0.3081
v -0.3610 1.5031 0.7840
vt 0.8116 0.8094
vn -0.9427 -0.1290 0.3076
v -0.3610 1.2740 0.7840
vt 0.8116 0.7729
vn -0.9499 -0.0000 0.3124
f 1118/1118/1118 1119/1119/1119 1120/1120/1120 1121/1121/1121
v -0.3620 1.5957 0.8575
vt 0.8241 0.8602
vn -0.8211 -0.4774 0.3129
v -0.4161 1.6498 0.8575
vt 0.8241 0.8676
vn -0.4722 -0.8212 0.3204
v -0.4278 1.6278 0.7840
vt 0.8116 0.7952
vn -0.4753 -0.8194 0.3204
v -0.3822 1.5823 0.7840
vt 0.8116 0.7890
vn -0.8243 -0.4720 0.3128
f 1122/1122/1122 1123/1123/1123 1124/1124/1124 1125/1125/1125
v -0.4900 1.5045 0.7840
vt 0.8162 0.7077
vn 0.0000 0.0000 1.0000
v -0.6189 1.2740 0.7840
vt 0.7946 0.5485
vn 0.0000 0.0000 1.0000
v -0.3610 1.2740 0.7840
vt 0.8378 0.5485
vn 0.0000 0.0000 1.0000
f 1126/1126/1126 1127/1127/1127 1128/1128/1128
v -0.4900 1.5045 0.7840
vt 0.8162 0.7077
vn 0.0000 0.0000 1.0000
v -0.4278 1.6278 0.7840
vt 0.8266 0.6097
vn 0.0000 0.0000 1.0000
v -0.4900 1.6445 0.7840
vt 0.8162 0.6125
vn 0.0000 0.0000 1.0000
f 1129/1129/1129 1130/1130/1130 1131/1131/1131
v -0.4900 1.5045 0.7840
vt 0.8162 0.7077
vn 0.0000 0.0000 1.0000
v -0.3822 1.5823 0.7840
vt 0.8342 0.6021
vn 0.0000 0.0000 1.0000
v -0.4278 1.6278 0.7840
vt 0.8266 0.6097
vn 0.0000 0.0000 1.0000
f 1132/1132/1132 1133/1133/1133 1134/1134/1134
v -0.4900 1.5045 0.7840
vt 0.8162 0.7077
vn 0.0000 0.0000 1.0000
v -0.3610 1.5031 0.7840
vt 0.8378 0.5889
vn 0.0000 0.0000 1.0000
v -0.3822 1.5823 0.7840
vt 0.8342 0.6021
vn 0.0000 0.0000 1.0000
f 1135/1135/1135 1136/1136/1136 1137/1137/1137
v -0.4900 1.5045 0.7840
vt 0.8162 0.7077
vn 0.0000 0.0000 1.0000
v -0.6189 1.5031 0.7840
vt 0.7946 0.5889
vn 0.0000 0.0000 1.0000
v -0.6189 1.2740 0.7840
vt 0.7946 0.5485
vn 0.0000 0.0000 1.0000
f 1138/1138/1138 1139/1139/1139 1140/1140/1140
v -0.4900 1.5045 0.7840
vt 0.8162 0.7077
vn 0.0000 0.0000 1.0000
v -0.3610 1.2740 0.7840
vt 0.8378 0.5485
vn 0.0000 0.0000 1.0000
v -0.3610 1.5031 0.7840
vt 0.8378 0.5889
vn 0.0000 0.0000 1.0000
f 1141/1141/1141 1142/1142/1142 1143/1143/1143
v -0.4900 1.5045 0.7840
vt 0.8162 0.7077
vn 0.0000 0.0000 1.0000
v -0.5977 1.5823 0.7840
vt 0.7981 0.6021
vn 0.0000 0.0000 1.0000
v -0.6189 1.5031 0.7840
vt 0.7946 0.5889
vn 0.0000 0.0000 1.0000
f 1144/1144/1144 1145/1145/1145 1146/1146/1146
v -0.4900 1.5045 0.7840
vt 0.8162 0.7077
vn 0.0000 0.0000 1.0000
v -0.5522 1.6278 0.7840
vt 0.8058 0.6097
vn 0.0000 0.0000 1.0000
v -0.5977 1.5823 0.7840
vt 0.7981 0.6021
vn 0.0000 0.0000 1.0000
f 1147/1147/1147 1148/1148/1148 1149/1149/1149
v -0.4900 1.5045 0.7840
vt 0.8162 0.7077
vn 0.0000 0.0000 1.0000
v -0.4900 1.6445 0.7840
vt 0.8162 0.6125
vn 0.0000 0.0000 1.0000
v -0.5522 1.6278 0.7840
vt 0.8058 0.6097
vn 0.0000 0.0000 1.0000
f 1150/1150/1150 1151/1151/1151 1152/1152/1152
v -0.7350 1.2740 0.8575
vt 0.8241 0.8552
vn -1.0000 0.0000 0.0000
v -0.7350 1.1515 0.9188
vt 0.8346 0.8342
vn -1.0000 0.0000 0.0000
v -0.7350 1.2128 0.9800
vt 0.8450 0.8447
vn -1.0000 0.0000 0.0000
v -0.7350 1.2740 0.9800
vt 0.8450 0.8552
vn -1.0000 0.0000 0.0000
f 1153/1153/1153 1154/1154/1154 1155/1155/1155 1156/1156/1156
v -0.7350 1.1515 0.7350
vt 0.8032 0.8030
vn 0.0000 -1.0000 -0.0000
v -0.2450 1.1515 0.7350
vt 0.8032 0.8030
vn 0.0000 -1.0000 -0.0000
v -0.2450 1.1515 0.9188
vt 0.8346 0.8030
vn 0.0000 -1.0000 -0.0000
v -0.7350 1.1515 0.9188
vt 0.8346 0.8030
vn 0.0000 -1.0000 -0.0000
f 1157/1157/1157 1158/1158/1158 1159/1159/1159 1160/1160/1160
v -0.2450 1.2740 0.9800
vt 0.8450 0.8552
vn 0.0000 0.0000 1.0000
v -0.7350 1.2740 0.9800
vt 0.8450 0.8552
vn 0.0000 0.0000 1.0000
v -0.7350 1.2128 0.9800
vt 0.8450 0.8447
vn 0.0000 0.0000 1.0000
v -0.2450 1.2128 0.9800
vt 0.8450 0.8447
vn 0.0000 0.0000 1.0000
f 1161/1161/1161 1162/1162/1162 1163/1163/1163 1164/1164/1164
v -0.7350 1.1515 0.9188
vt 0.8346 0.8186
vn 0.0000 -0.7071 0.7071
v -0.2450 1.1515 0.9188
vt 0.8346 0.8186
vn 0.0000 -0.7071 0.7071
v -0.2450 1.2128 0.9800
vt 0.8450 0.8291
vn 0.0000 -0.7071 0.7071
v -0.7350 1.2128 0.9800
vt 0.8450 0.8291
vn 0.0000 -0.7071 0.7071
f 1165/1165/1165 1166/1166/1166 1167/1167/1167 1168/1168/1168
v -0.3368 1.2740 0.8575
vt 0.8241 0.8864
vn 0.0000 1.0000 0.0000
v -0.3610 1.2740 0.7840
vt 0.8116 0.8198
vn 0.0000 1.0000 0.0000
v -0.6189 1.2740 0.7840
vt 0.8116 0.8198
vn 0.0000 1.0000 0.0000
v -0.6431 1.2740 0.8575
vt 0.8241 0.8864
vn 0.0000 1.0000 0.0000
f 1169/1169/1169 1170/1170/1170 1171/1171/1171 1172/1172/1172
v -0.7350 1.2740 0.8575
vt 0.8241 0.8864
vn 0.0000 1.0000 0.0000
v -0.7350 1.2740 0.9800
vt 0.8450 0.8864
vn 0.0000 1.0000 0.0000
v -0.6431 1.2740 0.8575
vt 0.8241 0.8864
vn 0.0000 1.0000 0.0000
f 1173/1173/1173 1174/1174/1174 1175/1175/1175
v -0.2450 1.2740 0.8575
vt 0.8241 0.8864
vn 0.0000 1.0000 0.0000
v -0.3368 1.2740 0.8575
vt 0.8241 0.8864
vn 0.0000 1.0000 0.0000
v -0.2450 1.2740 0.9800
vt 0.8450 0.8864
vn 0.0000 1.0000 0.0000
f 1176/1176/1176 1177/1177/1177 1178/1178/1178
v -0.7350 1.1515 -1.2250
vt 0.8032 0.8342
vn -1.0000 0.0000 0.0000
v -0.7350 1.2740 -1.3475
vt 0.8241 0.8552
vn -1.0000 0.0000 0.0000
v -0.7350 1.1515 -1.4088
vt 0.8346 0.8342
vn -1.0000 0.0000 0.0000
f 1179/1179/1179 1180/1180/1180 1181/1181/1181
v -0.7350 1.1515 -1.4088
vt 0.8346 0.8342
vn -1.0000 0.0000 0.0000
v -0.7350 1.2740 -1.3475
vt 0.8241 0.8552
vn -1.0000 0.0000 0.0000
v -0.7350 1.2740 -1.4700
vt 0.8450 0.8552
vn -1.0000 0.0000 0.0000
v -0.7350 1.2128 -1.4700
vt 0.8450 0.8447
vn -1.0000 0.0000 0.0000
f 1182/1182/1182 1183/1183/1183 1184/1184/1184 1185/1185/1185
v -0.2450 1.1515 -1.2250
vt 0.8032 0.8342
vn 1.0000 0.0000 0.0000
v -0.2450 1.1515 -1.4088
vt 0.8346 0.8342
vn 1.0000 0.0000 0.0000
v -0.2450 1.2740 -1.3475
vt 0.8241 0.8552
vn 1.0000 0.0000 0.0000
f 1186/1186/1186 1187/1187/1187 1188/1188/1188
v -0.2450 1.2740 -1.4700
vt 0.8450 0.8864
vn 0.0000 1.0000 0.0000
v -0.7350 1.2740 -1.4700
vt 0.8450 0.8864
vn 0.0000 1.0000 0.0000
v -0.6431 1.2740 -1.3475
vt 0.8241 0.8864
vn 0.0000 1.0000 0.0000
v -0.3368 1.2740 -1.3475
vt 0.8241 0.8864
vn 0.0000 1.0000 0.0000
f 1189/1189/1189 1190/1190/1190 1191/1191/1191 1192/1192/1192
v -0.4900 1.7640 -1.2250
vt 0.8032 0.9701
vn 0.0000 1.0000 0.0000
v -0.4900 1.7640 -1.3475
vt 0.8241 0.9701
vn 0.0000 1.0000 0.0000
v -0.6125 1.7312 -1.3475
vt 0.8241 0.9645
vn -0.5000 0.8660 0.0000
v -0.6125 1.7312 -1.2250
vt 0.8032 0.9645
vn -0.5000 0.8660 0.0000
f 1193/1193/1193 1194/1194/1194 1195/1195/1195 1196/1196/1196
v -0.6125 1.7312 -1.2250
vt 0.8032 0.9645
vn -0.5000 0.8660 0.0000
v -0.6125 1.7312 -1.3475
vt 0.8241 0.9645
vn -0.5000 0.8660 0.0000
v -0.7021 1.6415 -1.3475
vt 0.8241 0.9492
vn -0.8660 0.5000 0.0000
v -0.7021 1.6415 -1.2250
vt 0.8032 0.9492
vn -0.8660 0.5000 0.0000
f 1197/1197/1197 1198/1198/1198 1199/1199/1199 1200/1200/1200
v -0.7021 1.6415 -1.2250
vt 0.8032 0.9492
vn -0.8660 0.5000 0.0000
v -0.7021 1.6415 -1.3475
vt 0.8241 0.9492
vn -0.8660 0.5000 0.0000
v -0.7350 1.5190 -1.3475
vt 0.8241 0.8970
vn -0.9914 0.1305 0.0000
v -0.7350 1.5190 -1.2250
vt 0.8032 0.8970
vn -0.9914 0.1305 0.0000
f 1201/1201/1201 1202/1202/1202 1203/1203/1203 1204/1204/1204
v -0.7350 1.5190 -1.2250
vt 0.8032 0.8970
vn -0.9914 0.1305 0.0000
v -0.7350 1.5190 -1.3475
vt 0.8241 0.8970
vn -0.9914 0.1305 0.0000
v -0.7350 1.2740 -1.3475
vt 0.8241 0.8552
vn -1.0000 0.0000 0.0000
v -0.7350 1.1515 -1.2250
vt 0.8032 0.8342
vn -1.0000 0.0000 0.0000
f 1205/1205/1205 1206/1206/1206 1207/1207/1207 1208/1208/1208
v -0.2450 1.5190 -1.2250
vt 0.8032 0.8970
vn 0.9914 0.1305 0.0000
v -0.2450 1.5190 -1.3475
vt 0.8241 0.8970
vn 0.9914 0.1305 0.0000
v -0.2778 1.6415 -1.3475
vt 0.8241 0.9492
vn 0.8660 0.5000 0.0000
v -0.2778 1.6415 -1.2250
vt 0.8032 0.9492
vn 0.8660 0.5000 0.0000
f 1209/1209/1209 1210/1210/1210 1211/1211/1211 1212/1212/1212
v -0.2450 1.5190 -1.3475
vt 0.8241 0.8970
vn 0.9914 0.1305 0.0000
v -0.2450 1.5190 -1.2250
vt 0.8032 0.8970
vn 0.9914 0.1305 0.0000
v -0.2450 1.1515 -1.2250
vt 0.8032 0.8342
vn 1.0000 0.0000 0.0000
v -0.2450 1.2740 -1.3475
vt 0.8241 0.8552
vn 1.0000 0.0000 0.0000
f 1213/1213/1213 1214/1214/1214 1215/1215/1215 1216/1216/1216
v -0.2778 1.6415 -1.2250
vt 0.8032 0.9492
vn 0.8660 0.5000 0.0000
v -0.2778 1.6415 -1.3475
vt 0.8241 0.9492
vn 0.8660 0.5000 0.0000
v -0.3675 1.7312 -1.3475
vt 0.8241 0.9645
vn 0.5000 0.8660 0.0000
v -0.3675 1.7312 -1.2250
vt 0.8032 0.9645
vn 0.5000 0.8660 0.0000
f 1217/1217/1217 1218/1218/1218 1219/1219/1219 1220/1220/1220
v -0.3675 1.7312 -1.2250
vt 0.8032 0.9645
vn 0.5000 0.8660 0.0000
v -0.3675 1.7312 -1.3475
vt 0.8241 0.9645
vn 0.5000 0.8660 0.0000
v -0.4900 1.7640 -1.3475
vt 0.8241 0.9701
vn 0.0000 1.0000 0.0000
v -0.4900 1.7640 -1.2250
vt 0.8032 0.9701
vn 0.0000 1.0000 0.0000
f 1221/1221/1221 1222/1222/1222 1223/1223/1223 1224/1224/1224
v -0.3620 1.5957 -1.3475
vt 0.8241 0.8602
vn -0.8211 -0.4774 -0.3129
v -0.3368 1.5017 -1.3475
vt 0.8241 0.8786
vn -0.9438 -0.1197 -0.3081
v -0.3610 1.5031 -1.2740
vt 0.8116 0.8094
vn -0.9427 -0.1290 -0.3076
v -0.3822 1.5823 -1.2740
vt 0.8116 0.7890
vn -0.8243 -0.4720 -0.3128
f 1225/1225/1225 1226/1226/1226 1227/1227/1227 1228/1228/1228
v -0.4900 1.6696 -1.3475
vt 0.8241 0.9172
vn 0.0000 0.0000 -1.0000
v -0.5638 1.6498 -1.3475
vt 0.8241 0.9145
vn 0.0000 0.0000 -1.0000
v -0.6125 1.7312 -1.3475
vt 0.8241 0.9332
vn 0.0000 0.0000 -1.0000
v -0.4900 1.7640 -1.3475
vt 0.8241 0.9388
vn 0.0000 0.0000 -1.0000
f 1229/1229/1229 1230/1230/1230 1231/1231/1231 1232/1232/1232
v -0.5638 1.6498 -1.3475
vt 0.8241 0.9145
vn 0.0000 0.0000 -1.0000
v -0.6179 1.5957 -1.3475
vt 0.8241 0.9071
vn 0.0000 0.0000 -1.0000
v -0.7021 1.6415 -1.3475
vt 0.8241 0.9179
vn 0.0000 0.0000 -1.0000
v -0.6125 1.7312 -1.3475
vt 0.8241 0.9332
vn 0.0000 0.0000 -1.0000
f 1233/1233/1233 1234/1234/1234 1235/1235/1235 1236/1236/1236
v -0.6179 1.5957 -1.3475
vt 0.8241 0.9071
vn 0.0000 0.0000 -1.0000
v -0.6431 1.5017 -1.3475
vt 0.8241 0.8942
vn 0.0000 0.0000 -1.0000
v -0.7350 1.5190 -1.3475
vt 0.8241 0.8970
vn 0.0000 0.0000 -1.0000
v -0.7021 1.6415 -1.3475
vt 0.8241 0.9179
vn 0.0000 0.0000 -1.0000
f 1237/1237/1237 1238/1238/1238 1239/1239/1239 1240/1240/1240
v -0.3368 1.2740 -1.3475
vt 0.8241 0.8552
vn 0.0000 0.0000 -1.0000
v -0.3368 1.5017 -1.3475
vt 0.8241 0.8942
vn 0.0000 0.0000 -1.0000
v -0.2450 1.5190 -1.3475
vt 0.8241 0.8970
vn 0.0000 0.0000 -1.0000
v -0.2450 1.2740 -1.3475
vt 0.8241 0.8552
vn 0.0000 0.0000 -1.0000
f 1241/1241/1241 1242/1242/1242 1243/1243/1243 1244/1244/1244
v -0.6431 1.5017 -1.3475
vt 0.8241 0.8942
vn 0.0000 0.0000 -1.0000
v -0.6431 1.2740 -1.3475
vt 0.8241 0.8552
vn 0.0000 0.0000 -1.0000
v -0.7350 1.2740 -1.3475
vt 0.8241 0.8552
vn 0.0000 0.0000 -1.0000
v -0.7350 1.5190 -1.3475
vt 0.8241 0.8970
vn 0.0000 0.0000 -1.0000
f 1245/1245/1245 1246/1246/1246 1247/1247/1247 1248/1248/1248
v -0.3368 1.5017 -1.3475
vt 0.8241 0.8942
vn 0.0000 0.0000 -1.0000
v -0.3620 1.5957 -1.3475
vt 0.8241 0.9071
vn 0.0000 0.0000 -1.0000
v -0.2778 1.6415 -1.3475
vt 0.8241 0.9179
vn 0.0000 0.0000 -1.0000
v -0.2450 1.5190 -1.3475
vt 0.8241 0.8970
vn 0.0000 0.0000 -1.0000
f 1249/1249/1249 1250/1250/1250 1251/1251/1251 1252/1252/1252
v -0.3620 1.5957 -1.3475
vt 0.8241 0.9071
vn 0.0000 0.0000 -1.0000
v -0.4161 1.6498 -1.3475
vt 0.8241 0.9145
vn 0.0000 0.0000 -1.0000
v -0.3675 1.7312 -1.3475
vt 0.8241 0.9332
vn 0.0000 0.0000 -1.0000
v -0.2778 1.6415 -1.3475
vt 0.8241 0.9179
vn 0.0000 0.0000 -1.0000
f 1253/1253/1253 1254/1254/1254 1255/1255/1255 1256/1256/1256
v -0.4161 1.6498 -1.3475
vt 0.8241 0.9145
vn 0.0000 0.0000 -1.0000
v -0.4900 1.6696 -1.3475
vt 0.8241 0.9172
vn 0.0000 0.0000 -1.0000
v -0.4900 1.7640 -1.3475
vt 0.8241 0.9388
vn 0.0000 0.0000 -1.0000
v -0.3675 1.7312 -1.3475
vt 0.8241 0.9332
vn 0.0000 0.0000 -1.0000
f 1257/1257/1257 1258/1258/1258 1259/1259/1259 1260/1260/1260
v -0.6431 1.5017 -1.3475
vt 0.8241 0.8786
vn 0.9438 -0.1197 -0.3081
v -0.6179 1.5957 -1.3475
vt 0.8241 0.8602
vn 0.8211 -0.4774 -0.3129
v -0.5977 1.5823 -1.2740
vt 0.8116 0.7890
vn 0.8243 -0.4720 -0.3128
v -0.6189 1.5031 -1.2740
vt 0.8116 0.8094
vn 0.9427 -0.1290 -0.3076
f 1261/1261/1261 1262/1262/1262 1263/1263/1263 1264/1264/1264
v -0.4161 1.6498 -1.3475
vt 0.8241 0.8676
vn -0.4722 -0.8212 -0.3204
v -0.3620 1.5957 -1.3475
vt 0.8241 0.8602
vn -0.8211 -0.4774 -0.3129
v -0.3822 1.5823 -1.2740
vt 0.8116 0.7890
vn -0.8243 -0.4720 -0.3128
v -0.4278 1.6278 -1.2740
vt 0.8116 0.7952
vn -0.4753 -0.8194 -0.3204
f 1265/1265/1265 1266/1266/1266 1267/1267/1267 1268/1268/1268
v -0.3368 1.5017 -1.3475
vt 0.8241 0.8786
vn -0.9438 -0.1197 -0.3081
v -0.3368 1.2740 -1.3475
vt 0.8241 0.8395
vn -0.9499 0.0000 -0.3124
v -0.3610 1.2740 -1.2740
vt 0.8116 0.7729
vn -0.9499 0.0000 -0.3124
v -0.3610 1.5031 -1.2740
vt 0.8116 0.8094
vn -0.9427 -0.1290 -0.3076
f 1269/1269/1269 1270/1270/1270 1271/1271/1271 1272/1272/1272
v -0.5638 1.6498 -1.3475
vt 0.8241 0.8676
vn 0.4722 -0.8212 -0.3204
v -0.4900 1.6696 -1.3475
vt 0.8241 0.8703
vn -0.0000 -0.9463 -0.3232
v -0.4900 1.6445 -1.2740
vt 0.8116 0.7975
vn -0.0000 -0.9463 -0.3232
v -0.5522 1.6278 -1.2740
vt 0.8116 0.7952
vn 0.4753 -0.8194 -0.3204
f 1273/1273/1273 1274/1274/1274 1275/1275/1275 1276/1276/1276
v -0.4900 1.6696 -1.3475
vt 0.8241 0.8703
vn -0.0000 -0.9463 -0.3232
v -0.4161 1.6498 -1.3475
vt 0.8241 0.8676
vn -0.4722 -0.8212 -0.3204
v -0.4278 1.6278 -1.2740
vt 0.8116 0.7952
vn -0.4753 -0.8194 -0.3204
v -0.4900 1.6445 -1.2740
vt 0.8116 0.7975
vn -0.0000 -0.9463 -0.3232
f 1277/1277/1277 1278/1278/1278 1279/1279/1279 1280/1280/1280
v -0.6431 1.2740 -1.3475
vt 0.8241 0.8395
vn 0.9499 0.0000 -0.3124
v -0.6431 1.5017 -1.3475
vt 0.8241 0.8786
vn 0.9438 -0.1197 -0.3081
v -0.6189 1.5031 -1.2740
vt 0.8116 0.8094
vn 0.9427 -0.1290 -0.3076
v -0.6189 1.2740 -1.2740
vt 0.8116 0.7729
vn 0.9499 0.0000 -0.3124
f 1281/1281/1281 1282/1282/1282 1283/1283/1283 1284/1284/1284
v -0.6179 1.5957 -1.3475
vt 0.8241 0.8602
vn 0.8211 -0.4774 -0.3129
v -0.5638 1.6498 -1.3475
vt 0.8241 0.8676
vn 0.4722 -0.8212 -0.3204
v -0.5522 1.6278 -1.2740
vt 0.8116 0.7952
vn 0.4753 -0.8194 -0.3204
v -0.5977 1.5823 -1.2740
vt 0.8116 0.7890
vn 0.8243 -0.4720 -0.3128
f 1285/1285/1285 1286/1286/1286 1287/1287/1287 1288/1288/1288
v -0.4900 1.5045 -1.2740
vt 0.8162 0.7077
vn 0.0000 0.0000 -1.0000
v -0.3610 1.2740 -1.2740
vt 0.7946 0.5485
vn 0.0000 0.0000 -1.0000
v -0.6189 1.2740 -1.2740
vt 0.8378 0.5485
vn 0.0000 0.0000 -1.0000
f 1289/1289/1289 1290/1290/1290 1291/1291/1291
v -0.4900 1.5045 -1.2740
vt 0.8162 0.7077
vn 0.0000 0.0000 -1.0000
v -0.5522 1.6278 -1.2740
vt 0.8266 0.6097
vn 0.0000 0.0000 -1.0000
v -0.4900 1.6445 -1.2740
vt 0.8162 0.6125
vn 0.0000 0.0000 -1.0000
f 1292/1292/1292 1293/1293/1293 1294/1294/1294
v -0.4900 1.5045 -1.2740
vt 0.8162 0.7077
vn 0.0000 0.0000 -1.0000
v -0.5977 1.5823 -1.2740
vt 0.8342 0.6021
vn 0.0000 0.0000 -1.0000
v -0.5522 1.6278 -1.2740
vt 0.8266 0.6097
vn 0.0000 0.0000 -1.0000
f 1295/1295/1295 1296/1296/1296 1297/1297/1297
v -0.4900 1.5045 -1.2740
vt 0.8162 0.7077
vn 0.0000 0.0000 -1.0000
v -0.6189 1.5031 -1.2740
vt 0.8378 0.5889
vn 0.0000 0.0000 -1.0000
v -0.5977 1.5823 -1.2740
vt 0.8342 0.6021
vn 0.0000 0.0000 -1.0000
f 1298/1298/1298 1299/1299/1299 1300/1300/1300
v -0.4900 1.5045 -1.2740
vt 0.8162 0.7077
vn 0.0000 0.0000 -1.0000
v -0.3610 1.5031 -1.2740
vt 0.7946 0.5889
vn 0.0000 0.0000 -1.0000
v -0.3610 1.2740 -1.2740
vt 0.7946 0.5485
vn 0.0000 0.0000 -1.0000
f 1301/1301/1301 1302/1302/1302 1303/1303/1303
v -0.4900 1.5045 -1.2740
vt 0.8162 0.7077
vn 0.0000 0.0000 -1.0000
v -0.6189 1.2740 -1.2740
vt 0.8378 0.5485
vn 0.0000 0.0000 -1.0000
v -0.6189 1.5031 -1.2740
vt 0.8378 0.5889
vn 0.0000 0.0000 -1.0000
f 1304/1304/1304 1305/1305/1305 1306/1306/1306
v -0.4900 1.5045 -1.2740
vt 0.8162 0.7077
vn 0.0000 0.0000 -1.0000
v -0.3822 1.5823 -1.2740
vt 0.7981 0.6021
vn 0.0000 0.0000 -1.0000
v -0.3610 1.5031 -1.2740
vt 0.7946 0.5889
vn 0.0000 0.0000 -1.0000
f 1307/1307/1307 1308/1308/1308 1309/1309/1309
v -0.4900 1.5045 -1.2740
vt 0.8162 0.7077
vn 0.0000 0.0000 -1.0000
v -0.4278 1.6278 -1.2740
vt 0.8058 0.6097
vn 0.0000 0.0000 -1.0000
v -0.3822 1.5823 -1.2740
vt 0.7981 0.6021
vn 0.0000 0.0000 -1.0000
f 1310/1310/1310 1311/1311/1311 1312/1312/1312
v -0.4900 1.5045 -1.2740
vt 0.8162 0.7077
vn 0.0000 0.0000 -1.0000
v -0.4900 1.6445 -1.2740
vt 0.8162 0.6125
vn 0.0000 0.0000 -1.0000
v -0.4278 1.6278 -1.2740
vt 0.8058 0.6097
vn 0.0000 0.0000 -1.0000
f 1313/1313/1313 1314/1314/1314 1315/1315/1315
v -0.2450 1.2740 -1.3475
vt 0.8241 0.8552
vn 1.0000 0.0000 0.0000
v -0.2450 1.1515 -1.4088
vt 0.8346 0.8342
vn 1.0000 0.0000 0.0000
v -0.2450 1.2128 -1.4700
vt 0.8450 0.8447
vn 1.0000 0.0000 0.0000
v -0.2450 1.2740 -1.4700
vt 0.8450 0.8552
vn 1.0000 0.0000 0.0000
f 1316/1316/1316 1317/1317/1317 1318/1318/1318 1319/1319/1319
v -0.2450 1.1515 -1.2250
vt 0.8032 0.8030
vn 0.0000 -1.0000 -0.0000
v -0.7350 1.1515 -1.2250
vt 0.8032 0.8030
vn 0.0000 -1.0000 -0.0000
v -0.7350 1.1515 -1.4088
vt 0.8346 0.8030
vn 0.0000 -1.0000 -0.0000
v -0.2450 1.1515 -1.4088
vt 0.8346 0.8030
vn 0.0000 -1.0000 -0.0000
f 1320/1320/1320 1321/1321/1321 1322/1322/1322 1323/1323/1323
v -0.7350 1.2740 -1.4700
vt 0.8450 0.8552
vn 0.0000 0.0000 -1.0000
v -0.2450 1.2740 -1.4700
vt 0.8450 0.8552
vn 0.0000 0.0000 -1.0000
v -0.2450 1.2128 -1.4700
vt 0.8450 0.8447
vn 0.0000 0.0000 -1.0000
v -0.7350 1.2128 -1.4700
vt 0.8450 0.8447
vn 0.0000 0.0000 -1.0000
f 1324/1324/1324 1325/1325/1325 1326/1326/1326 1327/1327/1327
v -0.2450 1.1515 -1.4088
vt 0.8346 0.8186
vn 0.0000 -0.7071 -0.7071
v -0.7350 1.1515 -1.4088
vt 0.8346 0.8186
vn 0.0000 -0.7071 -0.7071
v -0.7350 1.2128 -1.4700
vt 0.8450 0.8291
vn 0.0000 -0.7071 -0.7071
v -0.2450 1.2128 -1.4700
vt 0.8450 0.8291
vn 0.0000 -0.7071 -0.7071
f 1328/1328/1328 1329/1329/1329 1330/1330/1330 1331/1331/1331
v -0.6431 1.2740 -1.3475
vt 0.8241 0.8864
vn 0.0000 1.0000 0.0000
v -0.6189 1.2740 -1.2740
vt 0.8116 0.8198
vn 0.0000 1.0000 0.0000
v -0.3610 1.2740 -1.2740
vt 0.8116 0.8198
vn 0.0000 1.0000 0.0000
v -0.3368 1.2740 -1.3475
vt 0.8241 0.8864
vn 0.0000 1.0000 0.0000
f 1332/1332/1332 1333/1333/1333 1334/1334/1334 1335/1335/1335
v -0.2450 1.2740 -1.3475
vt 0.8241 0.8864
vn 0.0000 1.0000 0.0000
v -0.2450 1.2740 -1.4700
vt 0.8450 0.8864
vn 0.0000 1.0000 0.0000
v -0.3368 1.2740 -1.3475
vt 0.8241 0.8864
vn 0.0000 1.0000 0.0000
f 1336/1336/1336 1337/1337/1337 1338/1338/1338
v -0.7350 1.2740 -1.3475
vt 0.8241 0.8864
vn 0.0000 1.0000 0.0000
v -0.6431 1.2740 -1.3475
vt 0.8241 0.8864
vn 0.0000 1.0000 0.0000
v -0.7350 1.2740 -1.4700
vt 0.8450 0.8864
vn 0.0000 1.0000 0.0000
f 1339/1339/1339 1340/1340/1340 1341/1341/1341
v -1.2250 1.1515 0.0000
vt 0.8032 0.8342
vn 0.0000 0.0000 1.0000
v -1.3475 1.2740 0.0000
vt 0.8241 0.8552
vn 0.0000 0.0000 1.0000
v -1.4087 1.1515 0.0000
vt 0.8346 0.8342
vn 0.0000 0.0000 1.0000
f 1342/1342/1342 1343/1343/1343 1344/1344/1344
v -1.4087 1.1515 0.0000
vt 0.8346 0.8342
vn 0.0000 0.0000 1.0000
v -1.3475 1.2740 0.0000
vt 0.8241 0.8552
vn 0.0000 0.0000 1.0000
v -1.4700 1.2740 0.0000
vt 0.8450 0.8552
vn 0.0000 0.0000 1.0000
v -1.4700 1.2128 0.0000
vt 0.8450 0.8447
vn 0.0000 0.0000 1.0000
f 1345/1345/1345 1346/1346/1346 1347/1347/1347 1348/1348/1348
v -1.2250 1.1515 -0.4900
vt 0.8032 0.8342
vn 0.0000 0.0000 -1.0000
v -1.4087 1.1515 -0.4900
vt 0.8346 0.8342
vn 0.0000 0.0000 -1.0000
v -1.3475 1.2740 -0.4900
vt 0.8241 0.8552
vn 0.0000 0.0000 -1.0000
f 1349/1349/1349 1350/1350/1350 1351/1351/1351
v -1.4700 1.2740 -0.4900
vt 0.8450 0.8864
vn 0.0000 1.0000 0.0000
v -1.4700 1.2740 0.0000
vt 0.8450 0.8864
vn 0.0000 1.0000 0.0000
v -1.3475 1.2740 -0.0919
vt 0.8241 0.8864
vn 0.0000 1.0000 0.0000
v -1.3475 1.2740 -0.3981
vt 0.8241 0.8864
vn 0.0000 1.0000 0.0000
f 1352/1352/1352 1353/1353/1353 1354/1354/1354 1355/1355/1355
v -1.2250 1.7640 -0.2450
vt 0.8032 0.9701
vn 0.0000 1.0000 0.0000
v -1.3475 1.7640 -0.2450
vt 0.8241 0.9701
vn 0.0000 1.0000 0.0000
v -1.3475 1.7312 -0.1225
vt 0.8241 0.9645
vn 0.0000 0.8660 0.5000
v -1.2250 1.7312 -0.1225
vt 0.8032 0.9645
vn 0.0000 0.8660 0.5000
f 1356/1356/1356 1357/1357/1357 1358/1358/1358 1359/1359/1359
v -1.2250 1.7312 -0.1225
vt 0.8032 0.9645
vn 0.0000 0.8660 0.5000
v -1.3475 1.7312 -0.1225
vt 0.8241 0.9645
vn 0.0000 0.8660 0.5000
v -1.3475 1.6415 -0.0328
vt 0.8241 0.9492
vn 0.0000 0.5000 0.8660
v -1.2250 1.6415 -0.0328
vt 0.8032 0.9492
vn 0.0000 0.5000 0.8660
f 1360/1360/1360 1361/1361/1361 1362/1362/1362 1363/1363/1363
v -1.2250 1.6415 -0.0328
vt 0.8032 0.9492
vn 0.0000 0.5000 0.8660
v -1.3475 1.6415 -0.0328
vt 0.8241 0.9492
vn 0.0000 0.5000 0.8660
v -1.3475 1.5190 0.0000
vt 0.8241 0.8970
vn 0.0000 0.1305 0.9914
v -1.2250 1.5190 0.0000
vt 0.8032 0.8970
vn 0.0000 0.1305 0.9914
f 1364/1364/1364 1365/1365/1365 1366/1366/1366 1367/1367/1367
v -1.2250 1.5190 0.0000
vt 0.8032 0.8970
vn 0.0000 0.1305 0.9914
v -1.3475 1.5190 0.0000
vt 0.8241 0.8970
vn 0.0000 0.1305 0.9914
v -1.3475 1.2740 0.0000
vt 0.8241 0.8552
vn 0.0000 0.0000 1.0000
v -1.2250 1.1515 0.0000
vt 0.8032 0.8342
vn 0.0000 0.0000 1.0000
f 1368/1368/1368 1369/1369/1369 1370/1370/1370 1371/1371/1371
v -1.2250 1.5190 -0.4900
vt 0.8032 0.8970
vn -0.0000 0.1305 -0.9914
v -1.3475 1.5190 -0.4900
vt 0.8241 0.8970
vn -0.0000 0.1305 -0.9914
v -1.3475 1.6415 -0.4572
vt 0.8241 0.9492
vn -0.0000 0.5000 -0.8660
v -1.2250 1.6415 -0.4572
vt 0.8032 0.9492
vn -0.0000 0.5000 -0.8660
f 1372/1372/1372 1373/1373/1373 1374/1374/1374 1375/1375/1375
v -1.3475 1.5190 -0.4900
vt 0.8241 0.8970
vn -0.0000 0.1305 -0.9914
v -1.2250 1.5190 -0.4900
vt 0.8032 0.8970
vn -0.0000 0.1305 -0.9914
v -1.2250 1.1515 -0.4900
vt 0.8032 0.8342
vn 0.0000 0.0000 -1.0000
v -1.3475 1.2740 -0.4900
vt 0.8241 0.8552
vn 0.0000 0.0000 -1.0000
f 1376/1376/1376 1377/1377/1377 1378/1378/1378 1379/1379/1379
v -1.2250 1.6415 -0.4572
vt 0.8032 0.9492
vn -0.0000 0.5000 -0.8660
v -1.3475 1.6415 -0.4572
vt 0.8241 0.9492
vn -0.0000 0.5000 -0.8660
v -1.3475 1.7312 -0.3675
vt 0.8241 0.9645
vn -0.0000 0.8660 -0.5000
v -1.2250 1.7312 -0.3675
vt 0.8032 0.9645
vn -0.0000 0.8660 -0.5000
f 1380/1380/1380 1381/1381/1381 1382/1382/1382 1383/1383/1383
v -1.2250 1.7312 -0.3675
vt 0.8032 0.9645
vn -0.0000 0.8660 -0.5000
v -1.3475 1.7312 -0.3675
vt 0.8241 0.9645
vn -0.0000 0.8660 -0.5000
v -1.3475 1.7640 -0.2450
vt 0.8241 0.9701
vn 0.0000 1.0000 0.0000
v -1.2250 1.7640 -0.2450
vt 0.8032 0.9701
vn 0.0000 1.0000 0.0000
f 1384/1384/1384 1385/1385/1385 1386/1386/1386 1387/1387/1387
v -1.3475 1.5957 -0.3729
vt 0.8241 0.8602
vn -0.3129 -0.4774 0.8211
v -1.3475 1.5017 -0.3981
vt 0.8241 0.8786
vn -0.3081 -0.1197 0.9438
v -1.2740 1.5031 -0.3740
vt 0.8116 0.8094
vn -0.3076 -0.1290 0.9427
v -1.2740 1.5823 -0.3527
vt 0.8116 0.7890
vn -0.3128 -0.4720 0.8243
f 1388/1388/1388 1389/1389/1389 1390/1390/1390 1391/1391/1391
v -1.3475 1.6696 -0.2450
vt 0.8241 0.9172
vn -1.0000 0.0000 0.0000
v -1.3475 1.6498 -0.1711
vt 0.8241 0.9145
vn -1.0000 0.0000 0.0000
v -1.3475 1.7312 -0.1225
vt 0.8241 0.9332
vn -1.0000 0.0000 0.0000
v -1.3475 1.7640 -0.2450
vt 0.8241 0.9388
vn -1.0000 0.0000 0.0000
f 1392/1392/1392 1393/1393/1393 1394/1394/1394 1395/1395/1395
v -1.3475 1.6498 -0.1711
vt 0.8241 0.9145
vn -1.0000 0.0000 0.0000
v -1.3475 1.5957 -0.1171
vt 0.8241 0.9071
vn -1.0000 0.0000 0.0000
v -1.3475 1.6415 -0.0328
vt 0.8241 0.9179
vn -1.0000 0.0000 0.0000
v -1.3475 1.7312 -0.1225
vt 0.8241 0.9332
vn -1.0000 0.0000 0.0000
f 1396/1396/1396 1397/1397/1397 1398/1398/1398 1399/1399/1399
v -1.3475 1.5957 -0.1171
vt 0.8241 0.9071
vn -1.0000 0.0000 0.0000
v -1.3475 1.5017 -0.0919
vt 0.8241 0.8942
vn -1.0000 0.0000 0.0000
v -1.3475 1.5190 0.0000
vt 0.8241 0.8970
vn -1.0000 0.0000 0.0000
v -1.3475 1.6415 -0.0328
vt 0.8241 0.9179
vn -1.0000 0.0000 0.0000
f 1400/1400/1400 1401/1401/1401 1402/1402/1402 1403/1403/1403
v -1.3475 1.2740 -0.3981
vt 0.8241 0.8552
vn -1.0000 0.0000 0.0000
v -1.3475 1.5017 -0.3981
vt 0.8241 0.8942
vn -1.0000 0.0000 0.0000
v -1.3475 1.5190 -0.4900
vt 0.8241 0.8970
vn -1.0000 0.0000 0.0000
v -1.3475 1.2740 -0.4900
vt 0.8241 0.8552
vn -1.0000 0.0000 0.0000
f 1404/1404/1404 1405/1405/1405 1406/1406/1406 1407/1407/1407
v -1.3475 1.5017 -0.0919
vt 0.8241 0.8942
vn -1.0000 0.0000 0.0000
v -1.3475 1.2740 -0.0919
vt 0.8241 0.8552
vn -1.0000 0.0000 0.0000
v -1.3475 1.2740 0.0000
vt 0.8241 0.8552
vn -1.0000 0.0000 0.0000
v -1.3475 1.5190 0.0000
vt 0.8241 0.8970
vn -1.0000 0.0000 0.0000
f 1408/1408/1408 1409/1409/1409 1410/1410/1410 1411/1411/1411
v -1.3475 1.5017 -0.3981
vt 0.8241 0.8942
vn -1.0000 0.0000 0.0000
v -1.3475 1.5957 -0.3729
vt 0.8241 0.9071
vn -1.0000 0.0000 0.0000
v -1.3475 1.6415 -0.4572
vt 0.8241 0.9179
vn -1.0000 0.0000 0.0000
v -1.3475 1.5190 -0.4900
vt 0.8241 0.8970
vn -1.0000 0.0000 0.0000
f 1412/1412/1412 1413/1413/1413 1414/1414/1414 1415/1415/1415
v -1.3475 1.5957 -0.3729
vt 0.8241 0.9071
vn -1.0000 0.0000 0.0000
v -1.3475 1.6498 -0.3189
vt 0.8241 0.9145
vn -1.0000 0.0000 0.0000
v -1.3475 1.7312 -0.3675
vt 0.8241 0.9332
vn -1.0000 0.0000 0.0000
v -1.3475 1.6415 -0.4572
vt 0.8241 0.9179
vn -1.0000 0.0000 0.0000
f 1416/1416/1416 1417/1417/1417 1418/1418/1418 1419/1419/1419
v -1.3475 1.6498 -0.3189
vt 0.8241 0.9145
vn -1.0000 0.0000 0.0000
v -1.3475 1.6696 -0.2450
vt 0.8241 0.9172
vn -1.0000 0.0000 0.0000
v -1.3475 1.7640 -0.2450
vt 0.8241 0.9388
vn -1.0000 0.0000 0.0000
v -1.3475 1.7312 -0.3675
vt 0.8241 0.9332
vn -1.0000 0.0000 0.0000
f 1420/1420/1420 1421/1421/1421 1422/1422/1422 1423/1423/1423
v -1.3475 1.5017 -0.0919
vt 0.8241 0.8786
vn -0.3081 -0.1197 -0.9438
v -1.3475 1.5957 -0.1171
vt 0.8241 0.8602
vn -0.3129 -0.4774 -0.8211
v -1.2740 1.5823 -0.1373
vt 0.8116 0.7890
vn -0.3128 -0.4720 -0.8243
v -1.2740 1.5031 -0.1160
vt 0.8116 0.8094
vn -0.3076 -0.1290 -0.9427
f 1424/1424/1424 1425/1425/1425 1426/1426/1426 1427/1427/1427
v -1.3475 1.6498 -0.3189
vt 0.8241 0.8676
vn -0.3204 -0.8212 0.4722
v -1.3475 1.5957 -0.3729
vt 0.8241 0.8602
vn -0.3129 -0.4774 0.8211
v -1.2740 1.5823 -0.3527
vt 0.8116 0.7890
vn -0.3128 -0.4720 0.8243
v -1.2740 1.6278 -0.3072
vt 0.8116 0.7952
vn -0.3204 -0.8194 0.4753
f 1428/1428/1428 1429/1429/1429 1430/1430/1430 1431/1431/1431
v -1.3475 1.5017 -0.3981
vt 0.8241 0.8786
vn -0.3081 -0.1197 0.9438
v -1.3475 1.2740 -0.3981
vt 0.8241 0.8395
vn -0.3124 0.0000 0.9499
v -1.2740 1.2740 -0.3740
vt 0.8116 0.7729
vn -0.3124 0.0000 0.9499
v -1.2740 1.5031 -0.3740
vt 0.8116 0.8094
vn -0.3076 -0.1290 0.9427
f 1432/1432/1432 1433/1433/1433 1434/1434/1434 1435/1435/1435
v -1.3475 1.6498 -0.1711
vt 0.8241 0.8676
vn -0.3204 -0.8212 -0.4722
v -1.3475 1.6696 -0.2450
vt 0.8241 0.8703
vn -0.3232 -0.9463 0.0000
v -1.2740 1.6445 -0.2450
vt 0.8116 0.7975
vn -0.3232 -0.9463 0.0000
v -1.2740 1.6278 -0.1828
vt 0.8116 0.7952
vn -0.3204 -0.8194 -0.4753
f 1436/1436/1436 1437/1437/1437 1438/1438/1438 1439/1439/1439
v -1.3475 1.6696 -0.2450
vt 0.8241 0.8703
vn -0.3232 -0.9463 0.0000
v -1.3475 1.6498 -0.3189
vt 0.8241 0.8676
vn -0.3204 -0.8212 0.4722
v -1.2740 1.6278 -0.3072
vt 0.8116 0.7952
vn -0.3204 -0.8194 0.4753
v -1.2740 1.6445 -0.2450
vt 0.8116 0.7975
vn -0.3232 -0.9463 0.0000
f 1440/1440/1440 1441/1441/1441 1442/1442/1442 1443/1443/1443
v -1.3475 1.2740 -0.0919
vt 0.8241 0.8395
vn -0.3124 -0.0000 -0.9499
v -1.3475 1.5017 -0.0919
vt 0.8241 0.8786
vn -0.3081 -0.1197 -0.9438
v -1.2740 1.5031 -0.1160
vt 0.8116 0.8094
vn -0.3076 -0.1290 -0.9427
v -1.2740 1.2740 -0.1160
vt 0.8116 0.7729
vn -0.3124 -0.0000 -0.9499
f 1444/1444/1444 1445/1445/1445 1446/1446/1446 1447/1447/1447
v -1.3475 1.5957 -0.1171
vt 0.8241 0.8602
vn -0.3129 -0.4774 -0.8211
v -1.3475 1.6498 -0.1711
vt 0.8241 0.8676
vn -0.3204 -0.8212 -0.4722
v -1.2740 1.6278 -0.1828
vt 0.8116 0.7952
vn -0.3204 -0.8194 -0.4753
v -1.2740 1.5823 -0.1373
vt 0.8116 0.7890
vn -0.3128 -0.4720 -0.8243
f 1448/1448/1448 1449/1449/1449 1450/1450/1450 1451/1451/1451
v -1.2740 1.5045 -0.2450
vt 0.8162 0.7077
vn -1.0000 0.0000 0.0000
v -1.2740 1.2740 -0.3740
vt 0.7946 0.5485
vn -1.0000 0.0000 0.0000
v -1.2740 1.2740 -0.1160
vt 0.8378 0.5485
vn -1.0000 0.0000 0.0000
f 1452/1452/1452 1453/1453/1453 1454/1454/1454
v -1.2740 1.5045 -0.2450
vt 0.8162 0.7077
vn -1.0000 0.0000 0.0000
v -1.2740 1.6278 -0.1828
vt 0.8266 0.6097
vn -1.0000 0.0000 0.0000
v -1.2740 1.6445 -0.2450
vt 0.8162 0.6125
vn -1.0000 0.0000 0.0000
f 1455/1455/1455 1456/1456/1456 1457/1457/1457
v -1.2740 1.5045 -0.2450
vt 0.8162 0.7077
vn -1.0000 0.0000 0.0000
v -1.2740 1.5823 -0.1373
vt 0.8342 0.6021
vn -1.0000 0.0000 0.0000
v -1.2740 1.6278 -0.1828
vt 0.8266 0.6097
vn -1.0000 0.0000 0.0000
f 1458/1458/1458 1459/1459/1459 1460/1460/1460
v -1.2740 1.5045 -0.2450
vt 0.8162 0.7077
vn -1.0000 0.0000 0.0000
v -1.2740 1.5031 -0.1160
vt 0.8378 0.5889
vn -1.0000 0.0000 0.0000
v -1.2740 1.5823 -0.1373
vt 0.8342 0.6021
vn -1.0000 0.0000 0.0000
f 1461/1461/1461 1462/1462/1462 1463/1463/1463
v -1.2740 1.5045 -0.2450
vt 0.8162 0.7077
vn -1.0000 0.0000 0.0000
v -1.2740 1.5031 -0.3740
vt 0.7946 0.5889
vn -1.0000 0.0000 0.0000
v -1.2740 1.2740 -0.3740
vt 0.7946 0.5485
vn -1.0000 0.0000 0.0000
f 1464/1464/1464 1465/1465/1465 1466/1466/1466
v -1.2740 1.5045 -0.2450
vt 0.8162 0.7077
vn -1.0000 0.0000 0.0000
v -1.2740 1.2740 -0.1160
vt 0.8378 0.5485
vn -1.0000 0.0000 0.0000
v -1.2740 1.5031 -0.1160
vt 0.8378 0.5889
vn -1.0000 0.0000 0.0000
f 1467/1467/1467 1468/1468/1468 1469/1469/1469
v -1.2740 1.5045 -0.2450
vt 0.8162 0.7077
vn -1.0000 0.0000 0.0000
v -1.2740 1.5823 -0.3527
vt 0.7981 0.6021
vn -1.0000 0.0000 0.0000
v -1.2740 1.5031 -0.3740
vt 0.7946 0.5889
vn -1.0000 0.0000 0.0000
f 1470/1470/1470 1471/1471/1471 1472/1472/1472
v -1.2740 1.5045 -0.2450
vt 0.8162 0.7077
vn -1.0000 0.0000 0.0000
v -1.2740 1.6278 -0.3072
vt 0.8058 0.6097
vn -1.0000 0.0000 0.0000
v -1.2740 1.5823 -0.3527
vt 0.7981 0.6021
vn -1.0000 0.0000 0.0000
f 1473/1473/1473 1474/1474/1474 1475/1475/1475
v -1.2740 1.5045 -0.2450
vt 0.8162 0.7077
vn -1.0000 0.0000 0.0000
v -1.2740 1.6445 -0.2450
vt 0.8162 0.6125
vn -1.0000 0.0000 0.0000
v -1.2740 1.6278 -0.3072
vt 0.8058 0.6097
vn -1.0000 0.0000 0.0000
f 1476/1476/1476 1477/1477/1477 1478/1478/1478
v -1.3475 1.2740 -0.4900
vt 0.8241 0.8552
vn 0.0000 0.0000 -1.0000
v -1.4087 1.1515 -0.4900
vt 0.8346 0.8342
vn 0.0000 0.0000 -1.0000
v -1.4700 1.2128 -0.4900
vt 0.8450 0.8447
vn 0.0000 0.0000 -1.0000
v -1.4700 1.2740 -0.4900
vt 0.8450 0.8552
vn 0.0000 0.0000 -1.0000
f 1479/1479/1479 1480/1480/1480 1481/1481/1481 1482/1482/1482
v -1.2250 1.1515 -0.4900
vt 0.8032 0.8030
vn 0.0000 -1.0000 -0.0000
v -1.2250 1.1515 0.0000
vt 0.8032 0.8030
vn 0.0000 -1.0000 -0.0000
v -1.4087 1.1515 0.0000
vt 0.8346 0.8030
vn 0.0000 -1.0000 -0.0000
v -1.4087 1.1515 -0.4900
vt 0.8346 0.8030
vn 0.0000 -1.0000 -0.0000
f 1483/1483/1483 1484/1484/1484 1485/1485/1485 1486/1486/1486
v -1.4700 1.2740 0.0000
vt 0.8450 0.8552
vn -1.0000 0.0000 0.0000
v -1.4700 1.2740 -0.4900
vt 0.8450 0.8552
vn -1.0000 0.0000 0.0000
v -1.4700 1.2128 -0.4900
vt 0.8450 0.8447
vn -1.0000 0.0000 0.0000
v -1.4700 1.2128 0.0000
vt 0.8450 0.8447
vn -1.0000 0.0000 0.0000
f 1487/1487/1487 1488/1488/1488 1489/1489/1489 1490/1490/1490
v -1.4087 1.1515 -0.4900
vt 0.8346 0.8186
vn -0.7071 -0.7071 0.0000
v -1.4087 1.1515 0.0000
vt 0.8346 0.8186
vn -0.7071 -0.7071 0.0000
v -1.4700 1.2128 0.0000
vt 0.8450 0.8291
vn -0.7071 -0.7071 0.0000
v -1.4700 1.2128 -0.4900
vt 0.8450 0.8291
vn -0.7071 -0.7071 0.0000
f 1491/1491/1491 1492/1492/1492 1493/1493/1493 1494/1494/1494
v -1.3475 1.2740 -0.0919
vt 0.8241 0.8864
vn 0.0000 1.0000 0.0000
v -1.2740 1.2740 -0.1160
vt 0.8116 0.8198
vn 0.0000 1.0000 0.0000
v -1.2740 1.2740 -0.3740
vt 0.8116 0.8198
vn 0.0000 1.0000 0.0000
v -1.3475 1.2740 -0.3981
vt 0.8241 0.8864
vn 0.0000 1.0000 0.0000
f 1495/1495/1495 1496/1496/1496 1497/1497/1497 1498/1498/1498
v -1.3475 1.2740 -0.4900
vt 0.8241 0.8864
vn 0.0000 1.0000 0.0000
v -1.4700 1.2740 -0.4900
vt 0.8450 0.8864
vn 0.0000 1.0000 0.0000
v -1.3475 1.2740 -0.3981
vt 0.8241 0.8864
vn 0.0000 1.0000 0.0000
f 1499/1499/1499 1500/1500/1500 1501/1501/1501
v -1.3475 1.2740 0.0000
vt 0.8241 0.8864
vn 0.0000 1.0000 0.0000
v -1.3475 1.2740 -0.0919
vt 0.8241 0.8864
vn 0.0000 1.0000 0.0000
v -1.4700 1.2740 0.0000
vt 0.8450 0.8864
vn 0.0000 1.0000 0.0000
f 1502/1502/1502 1503/1503/1503 1504/1504/1504
v 0.0000 3.7240 0.7952
vt 0.8032 0.9701
vn 0.0000 1.0000 0.0000
v 0.0000 3.7240 0.9177
vt 0.8241 0.9701
vn 0.0000 1.0000 0.0000
v 0.1225 3.6912 0.9177
vt 0.8241 0.9645
vn 0.5000 0.8660 0.0000
v 0.1225 3.6912 0.7952
vt 0.8032 0.9645
vn 0.5000 0.8660 0.0000
f 1505/1505/1505 1506/1506/1506 1507/1507/1507 1508/1508/1508
v 0.1225 3.6912 0.7952
vt 0.8032 0.9645
vn 0.5000 0.8660 0.0000
v 0.1225 3.6912 0.9177
vt 0.8241 0.9645
vn 0.5000 0.8660 0.0000
v 0.2122 3.6015 0.9177
vt 0.8241 0.9492
vn 0.8660 0.5000 0.0000
v 0.2122 3.6015 0.7952
vt 0.8032 0.9492
vn 0.8660 0.5000 0.0000
f 1509/1509/1509 1510/1510/1510 1511/1511/1511 1512/1512/1512
v 0.2122 3.6015 0.7952
vt 0.8032 0.9492
vn 0.8660 0.5000 0.0000
v 0.2122 3.6015 0.9177
vt 0.8241 0.9492
vn 0.8660 0.5000 0.0000
v 0.2450 3.4790 0.9177
vt 0.8241 0.8970
vn 0.9914 0.1305 0.0000
v 0.2450 3.4790 0.7952
vt 0.8032 0.8970
vn 0.9914 0.1305 0.0000
f 1513/1513/1513 1514/1514/1514 1515/1515/1515 1516/1516/1516
v 0.2450 3.4790 0.7952
vt 0.8032 0.8970
vn 0.9914 0.1305 0.0000
v 0.2450 3.4790 0.9177
vt 0.8241 0.8970
vn 0.9914 0.1305 0.0000
v 0.2450 3.2165 0.9177
vt 0.8241 0.8552
vn 1.0000 0.0000 0.0000
v 0.2450 3.2165 0.7952
vt 0.8032 0.8342
vn 1.0000 0.0000 0.0000
f 1517/1517/1517 1518/1518/1518 1519/1519/1519 1520/1520/1520
v -0.2450 3.4790 0.7952
vt 0.8032 0.8970
vn -0.9914 0.1305 0.0000
v -0.2450 3.4790 0.9177
vt 0.8241 0.8970
vn -0.9914 0.1305 0.0000
v -0.2122 3.6015 0.9177
vt 0.8241 0.9492
vn -0.8660 0.5000 0.0000
v -0.2122 3.6015 0.7952
vt 0.8032 0.9492
vn -0.8660 0.5000 0.0000
f 1521/1521/1521 1522/1522/1522 1523/1523/1523 1524/1524/1524
v -0.2450 3.4790 0.9177
vt 0.8241 0.8970
vn -0.9914 0.1305 0.0000
v -0.2450 3.4790 0.7952
vt 0.8032 0.8970
vn -0.9914 0.1305 0.0000
v -0.2450 3.2165 0.7952
vt 0.8032 0.8342
vn -1.0000 0.0000 0.0000
v -0.2450 3.2165 0.9177
vt 0.8241 0.8552
vn -1.0000 0.0000 0.0000
f 1525/1525/1525 1526/1526/1526 1527/1527/1527 1528/1528/1528
v -0.2122 3.6015 0.7952
vt 0.8032 0.9492
vn -0.8660 0.5000 0.0000
v -0.2122 3.6015 0.9177
vt 0.8241 0.9492
vn -0.8660 0.5000 0.0000
v -0.1225 3.6912 0.9177
vt 0.8241 0.9645
vn -0.5000 0.8660 0.0000
v -0.1225 3.6912 0.7952
vt 0.8032 0.9645
vn -0.5000 0.8660 0.0000
f 1529/1529/1529 1530/1530/1530 1531/1531/1531 1532/1532/1532
v -0.1225 3.6912 0.7952
vt 0.8032 0.9645
vn -0.5000 0.8660 0.0000
v -0.1225 3.6912 0.9177
vt 0.8241 0.9645
vn -0.5000 0.8660 0.0000
v 0.0000 3.7240 0.9177
vt 0.8241 0.9701
vn 0.0000 1.0000 0.0000
v 0.0000 3.7240 0.7952
vt 0.8032 0.9701
vn 0.0000 1.0000 0.0000
f 1533/1533/1533 1534/1534/1534 1535/1535/1535 1536/1536/1536
v -0.1279 3.5499 0.9177
vt 0.8241 0.8602
vn 0.8211 -0.4774 0.3129
v -0.1531 3.4558 0.9177
vt 0.8241 0.8786
vn 0.9438 -0.1197 0.3081
v -0.1290 3.4572 0.8442
vt 0.8116 0.8094
vn 0.9427 -0.1290 0.3076
v -0.1077 3.5364 0.8442
vt 0.8116 0.7890
vn 0.8243 -0.4720 0.3128
f 1537/1537/1537 1538/1538/1538 1539/1539/1539 1540/1540/1540
v 0.0000 3.6237 0.9177
vt 0.8241 0.8708
vn 0.0000 0.0000 1.0000
v 0.0739 3.6039 0.9177
vt 0.8241 0.8708
vn 0.0000 0.0000 1.0000
v 0.1225 3.6912 0.9177
vt 0.8241 0.8708
vn 0.0000 0.0000 1.0000
v 0.0000 3.7240 0.9177
vt 0.8241 0.8708
vn 0.0000 0.0000 1.0000
f 1541/1541/1541 1542/1542/1542 1543/1543/1543 1544/1544/1544
v 0.0739 3.6039 0.9177
vt 0.8241 0.8708
vn 0.0000 0.0000 1.0000
v 0.1279 3.5499 0.9177
vt 0.8241 0.8708
vn 0.0000 0.0000 1.0000
v 0.2122 3.6015 0.9177
vt 0.8241 0.8708
vn 0.0000 0.0000 1.0000
v 0.1225 3.6912 0.9177
vt 0.8241 0.8708
vn 0.0000 0.0000 1.0000
f 1545/1545/1545 1546/1546/1546 1547/1547/1547 1548/1548/1548
v 0.1279 3.5499 0.9177
vt 0.8241 0.8708
vn 0.0000 0.0000 1.0000
v 0.1531 3.4558 0.9177
vt 0.8241 0.8708
vn 0.0000 0.0000 1.0000
v 0.2450 3.4790 0.9177
vt 0.8241 0.8708
vn 0.0000 0.0000 1.0000
v 0.2122 3.6015 0.9177
vt 0.8241 0.8708
vn 0.0000 0.0000 1.0000
f 1549/1549/1549 1550/1550/1550 1551/1551/1551 1552/1552/1552
v -0.1531 3.3010 0.9177
vt 0.8241 0.8708
vn 0.0000 -0.0001 1.0000
v -0.1531 3.4558 0.9177
vt 0.8241 0.8708
vn 0.0000 0.0000 1.0000
v -0.2450 3.4790 0.9177
vt 0.8241 0.8708
vn 0.0000 0.0000 1.0000
v -0.2450 3.2165 0.9177
vt 0.8241 0.8708
vn 0.0000 -0.0001 1.0000
f 1553/1553/1553 1554/1554/1554 1555/1555/1555 1556/1556/1556
v 0.1531 3.4558 0.9177
vt 0.8241 0.8708
vn 0.0000 0.0000 1.0000
v 0.1531 3.3010 0.9177
vt 0.8241 0.8708
vn 0.0000 -0.0001 1.0000
v 0.2450 3.2165 0.9177
vt 0.8241 0.8708
vn 0.0000 -0.0001 1.0000
v 0.2450 3.4790 0.9177
vt 0.8241 0.8708
vn 0.0000 0.0000 1.0000
f 1557/1557/1557 1558/1558/1558 1559/1559/1559 1560/1560/1560
v -0.1531 3.4558 0.9177
vt 0.8241 0.8708
vn 0.0000 0.0000 1.0000
v -0.1279 3.5499 0.9177
vt 0.8241 0.8708
vn 0.0000 0.0000 1.0000
v -0.2122 3.6015 0.9177
vt 0.8241 0.8708
vn 0.0000 0.0000 1.0000
v -0.2450 3.4790 0.9177
vt 0.8241 0.8708
vn 0.0000 0.0000 1.0000
f 1561/1561/1561 1562/1562/1562 1563/1563/1563 1564/1564/1564
v -0.1279 3.5499 0.9177
vt 0.8241 0.8708
vn 0.0000 0.0000 1.0000
v -0.0739 3.6039 0.9177
vt 0.8241 0.8708
vn 0.0000 0.0000 1.0000
v -0.1225 3.6912 0.9177
vt 0.8241 0.8708
vn 0.0000 0.0000 1.0000
v -0.2122 3.6015 0.9177
vt 0.8241 0.8708
vn 0.0000 0.0000 1.0000
f 1565/1565/1565 1566/1566/1566 1567/1567/1567 1568/1568/1568
v -0.0739 3.6039 0.9177
vt 0.8241 0.8708
vn 0.0000 0.0000 1.0000
v 0.0000 3.6237 0.9177
vt 0.8241 0.8708
vn 0.0000 0.0000 1.0000
v 0.0000 3.7240 0.9177
vt 0.8241 0.8708
vn 0.0000 0.0000 1.0000
v -0.1225 3.6912 0.9177
vt 0.8241 0.8708
vn 0.0000 0.0000 1.0000
f 1569/1569/1569 1570/1570/1570 1571/1571/1571 1572/1572/1572
v 0.1531 3.4558 0.9177
vt 0.8241 0.8786
vn -0.9438 -0.1197 0.3081
v 0.1279 3.5499 0.9177
vt 0.8241 0.8602
vn -0.8211 -0.4774 0.3129
v 0.1077 3.5364 0.8442
vt 0.8116 0.7890
vn -0.8243 -0.4720 0.3128
v 0.1290 3.4572 0.8442
vt 0.8116 0.8094
vn -0.9427 -0.1290 0.3076
f 1573/1573/1573 1574/1574/1574 1575/1575/1575 1576/1576/1576
v -0.0739 3.6039 0.9177
vt 0.8241 0.8676
vn 0.4722 -0.8212 0.3204
v -0.1279 3.5499 0.9177
vt 0.8241 0.8602
vn 0.8211 -0.4774 0.3129
v -0.1077 3.5364 0.8442
vt 0.8116 0.7890
vn 0.8243 -0.4720 0.3128
v -0.0622 3.5820 0.8442
vt 0.8116 0.7952
vn 0.4753 -0.8194 0.3204
f 1577/1577/1577 1578/1578/1578 1579/1579/1579 1580/1580/1580
v -0.1531 3.4558 0.9177
vt 0.8241 0.8786
vn 0.9438 -0.1197 0.3081
v -0.1531 3.3010 0.9177
vt 0.8241 0.8395
vn 0.9499 0.0000 0.3124
v -0.1290 3.3213 0.8442
vt 0.8116 0.7729
vn 0.9499 0.0000 0.3124
v -0.1290 3.4572 0.8442
vt 0.8116 0.8094
vn 0.9427 -0.1290 0.3076
f 1581/1581/1581 1582/1582/1582 1583/1583/1583 1584/1584/1584
v 0.0739 3.6039 0.9177
vt 0.8241 0.8676
vn -0.4722 -0.8212 0.3204
v 0.0000 3.6237 0.9177
vt 0.8241 0.8703
vn 0.0000 -0.9463 0.3232
v 0.0000 3.5986 0.8442
vt 0.8116 0.7975
vn 0.0000 -0.9463 0.3232
v 0.0622 3.5820 0.8442
vt 0.8116 0.7952
vn -0.4753 -0.8194 0.3204
f 1585/1585/1585 1586/1586/1586 1587/1587/1587 1588/1588/1588
v 0.0000 3.6237 0.9177
vt 0.8241 0.8703
vn 0.0000 -0.9463 0.3232
v -0.0739 3.6039 0.9177
vt 0.8241 0.8676
vn 0.4722 -0.8212 0.3204
v -0.0622 3.5820 0.8442
vt 0.8116 0.7952
vn 0.4753 -0.8194 0.3204
v 0.0000 3.5986 0.8442
vt 0.8116 0.7975
vn 0.0000 -0.9463 0.3232
f 1589/1589/1589 1590/1590/1590 1591/1591/1591 1592/1592/1592
v 0.1531 3.3010 0.9177
vt 0.8241 0.8395
vn -0.9499 -0.0000 0.3124
v 0.1531 3.4558 0.9177
vt 0.8241 0.8786
vn -0.9438 -0.1197 0.3081
v 0.1290 3.4572 0.8442
vt 0.8116 0.8094
vn -0.9427 -0.1290 0.3076
v 0.1290 3.3213 0.8442
vt 0.8116 0.7729
vn -0.9499 -0.0000 0.3124
f 1593/1593/1593 1594/1594/1594 1595/1595/1595 1596/1596/1596
v 0.1279 3.5499 0.9177
vt 0.8241 0.8602
vn -0.8211 -0.4774 0.3129
v 0.0739 3.6039 0.9177
vt 0.8241 0.8676
vn -0.4722 -0.8212 0.3204
v 0.0622 3.5820 0.8442
vt 0.8116 0.7952
vn -0.4753 -0.8194 0.3204
v 0.1077 3.5364 0.8442
vt 0.8116 0.7890
vn -0.8243 -0.4720 0.3128
f 1597/1597/1597 1598/1598/1598 1599/1599/1599 1600/1600/1600
v 0.0000 3.4645 0.8442
vt 0.8162 0.7077
vn 0.0000 0.0000 1.0000
v -0.1290 3.3213 0.8442
vt 0.7946 0.5485
vn 0.0000 0.0000 1.0000
v 0.1290 3.3213 0.8442
vt 0.8378 0.5485
vn 0.0000 0.0000 1.0000
f 1601/1601/1601 1602/1602/1602 1603/1603/1603
v 0.0000 3.4645 0.8442
vt 0.8162 0.7077
vn 0.0000 0.0000 1.0000
v 0.0622 3.5820 0.8442
vt 0.8266 0.6097
vn 0.0000 0.0000 1.0000
v 0.0000 3.5986 0.8442
vt 0.8162 0.6125
vn 0.0000 0.0000 1.0000
f 1604/1604/1604 1605/1605/1605 1606/1606/1606
v 0.0000 3.4645 0.8442
vt 0.8162 0.7077
vn 0.0000 0.0000 1.0000
v 0.1077 3.5364 0.8442
vt 0.8342 0.6021
vn 0.0000 0.0000 1.0000
v 0.0622 3.5820 0.8442
vt 0.8266 0.6097
vn 0.0000 0.0000 1.0000
f 1607/1607/1607 1608/1608/1608 1609/1609/1609
v 0.0000 3.4645 0.8442
vt 0.8162 0.7077
vn 0.0000 0.0000 1.0000
v 0.1290 3.4572 0.8442
vt 0.8378 0.5889
vn 0.0000 0.0000 1.0000
v 0.1077 3.5364 0.8442
vt 0.8342 0.6021
vn 0.0000 0.0000 1.0000
f 1610/1610/1610 1611/1611/1611 1612/1612/1612
v 0.0000 3.4645 0.8442
vt 0.8162 0.7077
vn 0.0000 0.0000 1.0000
v -0.1290 3.4572 0.8442
vt 0.7946 0.5889
vn 0.0000 0.0000 1.0000
v -0.1290 3.3213 0.8442
vt 0.7946 0.5485
vn 0.0000 0.0000 1.0000
f 1613/1613/1613 1614/1614/1614 1615/1615/1615
v 0.0000 3.4645 0.8442
vt 0.8162 0.7077
vn 0.0000 0.0000 1.0000
v 0.1290 3.3213 0.8442
vt 0.8378 0.5485
vn 0.0000 0.0000 1.0000
v 0.1290 3.4572 0.8442
vt 0.8378 0.5889
vn 0.0000 0.0000 1.0000
f 1616/1616/1616 1617/1617/1617 1618/1618/1618
v 0.0000 3.4645 0.8442
vt 0.8162 0.7077
vn 0.0000 0.0000 1.0000
v -0.1077 3.5364 0.8442
vt 0.7981 0.6021
vn 0.0000 0.0000 1.0000
v -0.1290 3.4572 0.8442
vt 0.7946 0.5889
vn 0.0000 0.0000 1.0000
f 1619/1619/1619 1620/1620/1620 1621/1621/1621
v 0.0000 3.4645 0.8442
vt 0.8162 0.7077
vn 0.0000 0.0000 1.0000
v -0.0622 3.5820 0.8442
vt 0.8058 0.6097
vn 0.0000 0.0000 1.0000
v -0.1077 3.5364 0.8442
vt 0.7981 0.6021
vn 0.0000 0.0000 1.0000
f 1622/1622/1622 1623/1623/1623 1624/1624/1624
v 0.0000 3.4645 0.8442
vt 0.8162 0.7077
vn 0.0000 0.0000 1.0000
v 0.0000 3.5986 0.8442
vt 0.8162 0.6125
vn 0.0000 0.0000 1.0000
v -0.0622 3.5820 0.8442
vt 0.8058 0.6097
vn 0.0000 0.0000 1.0000
f 1625/1625/1625 1626/1626/1626 1627/1627/1627
v -0.2450 3.2165 0.7952
vt 0.8032 0.8030
vn 0.0000 -1.0000 -0.0000
v 0.2450 3.2165 0.7952
vt 0.8032 0.8030
vn 0.0000 -1.0000 -0.0000
v 0.2450 3.2165 0.9177
vt 0.8346 0.8030
vn 0.0000 -1.0000 -0.0000
v -0.2450 3.2165 0.9177
vt 0.8346 0.8030
vn 0.0000 -1.0000 -0.0000
f 1628/1628/1628 1629/1629/1629 1630/1630/1630 1631/1631/1631
v 0.1531 3.3010 0.9177
vt 0.8241 0.8864
vn 0.0000 0.9640 0.2660
v 0.1290 3.3213 0.8442
vt 0.8116 0.8198
vn 0.0000 0.9640 0.2660
v -0.1290 3.3213 0.8442
vt 0.8116 0.8198
vn 0.0000 0.9640 0.2660
v -0.1531 3.3010 0.9177
vt 0.8241 0.8864
vn 0.0000 0.9640 0.2660
f 1632/1632/1632 1633/1633/1633 1634/1634/1634 1635/1635/1635
v -0.1531 3.3010 0.9177
vt 0.8241 0.8708
vn 0.0000 -0.0001 1.0000
v -0.2450 3.2165 0.9177
vt 0.8241 0.8708
vn 0.0000 -0.0001 1.0000
v 0.2450 3.2165 0.9177
vt 0.8241 0.8708
vn 0.0000 -0.0001 1.0000
v 0.1531 3.3010 0.9177
vt 0.8241 0.8708
vn 0.0000 -0.0001 1.0000
f 1636/1636/1636 1637/1637/1637 1638/1638/1638 1639/1639/1639
v 0.7350 2.8700 -1.2250
vt 0.3157 0.8626
vn 0.0000 0.0000 1.0000
v 0.7350 3.6978 -1.2250
vt 0.3157 0.8811
vn 0.0000 0.0000 1.0000
v 0.2450 3.6978 -1.2250
vt 0.2968 0.8811
vn 0.0000 0.0000 1.0000
v 0.2450 2.8700 -1.2250
vt 0.2968 0.8626
vn 0.0000 0.0000 1.0000
f 1640/1640/1640 1641/1641/1641 1642/1642/1642 1643/1643/1643
v 0.9800 0.0000 -1.7549
vt 0.3408 0.7949
vn 0.0000 -1.0000 -0.0000
v 0.0000 0.0000 -1.7549
vt 0.3029 0.7949
vn 0.0000 -1.0000 -0.0000
v 0.0839 0.0000 -1.8375
vt 0.3062 0.7949
vn 0.0000 -1.0000 -0.0000
v 0.8961 0.0000 -1.8375
vt 0.3376 0.7949
vn 0.0000 -1.0000 -0.0000
f 1644/1644/1644 1645/1645/1645 1646/1646/1646 1647/1647/1647
v 0.6502 2.8700 -1.7150
vt 0.3124 0.8626
vn 0.2878 0.3308 -0.8987
v 0.8952 2.6250 -1.8375
vt 0.3219 0.8532
vn 0.3889 0.3350 -0.8582
v 0.0848 2.6250 -1.8375
vt 0.2906 0.8532
vn -0.3889 0.3350 -0.8582
v 0.3298 2.8700 -1.7150
vt 0.3001 0.8626
vn -0.2878 0.3308 -0.8987
f 1648/1648/1648 1649/1649/1649 1650/1650/1650 1651/1651/1651
v 0.2940 3.7468 -1.2740
vt 0.2987 0.8830
vn -0.7071 0.7071 0.0000
v 0.2940 3.7468 -1.5828
vt 0.2987 0.8830
vn -0.6004 0.7796 -0.1783
v 0.2450 3.6978 -1.6322
vt 0.2968 0.8811
vn -0.5356 0.8019 -0.2648
v 0.2450 3.6978 -1.2250
vt 0.2968 0.8811
vn -0.7071 0.7071 0.0000
f 1652/1652/1652 1653/1653/1653 1654/1654/1654 1655/1655/1655
v 0.7350 2.8700 -1.6325
vt 0.3157 0.8470
vn 1.0000 0.0000 0.0000
v 0.7350 3.6978 -1.6322
vt 0.3157 0.8655
vn 1.0000 0.0000 0.0000
v 0.7350 3.6978 -1.2250
vt 0.3157 0.8655
vn 1.0000 0.0000 0.0000
v 0.7350 2.8700 -1.2250
vt 0.3157 0.8470
vn 1.0000 0.0000 0.0000
f 1656/1656/1656 1657/1657/1657 1658/1658/1658 1659/1659/1659
v 0.9800 2.4290 -1.2250
vt 0.3252 0.8300
vn 1.0000 0.0000 0.0000
v 0.9800 2.4290 -1.7547
vt 0.3252 0.8300
vn 1.0000 0.0000 0.0000
v 0.9800 2.6250 -1.7550
vt 0.3252 0.8375
vn 1.0000 0.0000 0.0000
v 0.9800 2.6250 -1.2250
vt 0.3252 0.8375
vn 1.0000 0.0000 0.0000
f 1660/1660/1660 1661/1661/1661 1662/1662/1662 1663/1663/1663
v 0.2450 2.8700 -1.2250
vt 0.2968 0.8626
vn 0.0000 0.0000 1.0000
v 0.0000 2.6250 -1.2250
vt 0.2873 0.8532
vn 0.0000 0.0000 1.0000
v 0.9800 2.6250 -1.2250
vt 0.3252 0.8532
vn 0.0000 0.0000 1.0000
v 0.7350 2.8700 -1.2250
vt 0.3157 0.8626
vn 0.0000 0.0000 1.0000
f 1664/1664/1664 1665/1665/1665 1666/1666/1666 1667/1667/1667
v 0.3298 2.8700 -1.7150
vt 0.3001 0.8626
vn -0.2878 0.3308 -0.8987
v 0.3297 3.6978 -1.7150
vt 0.3001 0.8811
vn -0.3769 0.0001 -0.9263
v 0.6503 3.6978 -1.7150
vt 0.3124 0.8811
vn 0.3769 0.0001 -0.9263
v 0.6502 2.8700 -1.7150
vt 0.3124 0.8626
vn 0.2878 0.3308 -0.8987
f 1668/1668/1668 1669/1669/1669 1670/1670/1670 1671/1671/1671
v 0.9800 2.6250 -1.2250
vt 0.3252 0.8375
vn 0.7071 0.7071 0.0000
v 0.9800 2.6250 -1.7550
vt 0.3252 0.8375
vn 0.6122 0.7449 -0.2653
v 0.7350 2.8700 -1.6325
vt 0.3157 0.8470
vn 0.6194 0.7443 -0.2497
v 0.7350 2.8700 -1.2250
vt 0.3157 0.8470
vn 0.7071 0.7071 0.0000
f 1672/1672/1672 1673/1673/1673 1674/1674/1674 1675/1675/1675
v 0.2450 2.8700 -1.2250
vt 0.2968 0.8470
vn -1.0000 0.0000 0.0000
v 0.2450 3.6978 -1.2250
vt 0.2968 0.8655
vn -1.0000 0.0000 0.0000
v 0.2450 3.6978 -1.6322
vt 0.2968 0.8655
vn -1.0000 0.0000 0.0000
v 0.2450 2.8700 -1.6325
vt 0.2968 0.8470
vn -1.0000 0.0000 0.0000
f 1676/1676/1676 1677/1677/1677 1678/1678/1678 1679/1679/1679
v 0.9800 2.4290 -1.7547
vt 0.3252 0.8143
vn 0.5356 -0.8019 -0.2648
v 0.9800 2.4290 -1.2250
vt 0.3252 0.8143
vn 0.7071 -0.7071 -0.0000
v 0.9310 2.3800 -1.2250
vt 0.3233 0.8124
vn 0.7071 -0.7071 -0.0000
v 0.9310 2.3800 -1.7053
vt 0.3233 0.8124
vn 0.6004 -0.7796 -0.1783
f 1680/1680/1680 1681/1681/1681 1682/1682/1682 1683/1683/1683
v 0.6860 3.7468 -1.5828
vt 0.3138 0.8830
vn 0.6004 0.7796 -0.1783
v 0.6860 3.7468 -1.2740
vt 0.3138 0.8830
vn 0.7071 0.7071 0.0000
v 0.7350 3.6978 -1.2250
vt 0.3157 0.8811
vn 0.7071 0.7071 0.0000
v 0.7350 3.6978 -1.6322
vt 0.3157 0.8811
vn 0.5356 0.8019 -0.2648
f 1684/1684/1684 1685/1685/1685 1686/1686/1686 1687/1687/1687
v 0.3292 3.7957 -1.7150
vt 0.3000 0.8849
vn -0.3628 -0.4102 -0.8368
v 0.3289 4.0635 -1.7150
vt 0.3000 0.9223
vn -0.3792 -0.0004 -0.9253
v 0.6511 4.0635 -1.7150
vt 0.3125 0.9223
vn 0.3792 -0.0004 -0.9253
v 0.6508 3.7957 -1.7150
vt 0.3125 0.8849
vn 0.3628 -0.4102 -0.8368
f 1688/1688/1688 1689/1689/1689 1690/1690/1690 1691/1691/1691
v 0.9800 2.3310 -1.2250
vt 0.3252 0.8262
vn 0.9239 0.3827 0.0000
v 0.9800 0.2188 -1.2250
vt 0.3252 0.7986
vn 1.0000 0.0000 0.0000
v 0.9800 0.0000 -1.4437
vt 0.3252 0.7902
vn 1.0000 0.0000 0.0000
v 0.9800 0.0000 -1.7549
vt 0.3252 0.7902
vn 1.0000 0.0000 0.0000
v 0.9800 2.3310 -1.7546
vt 0.3252 0.8262
vn 0.8133 0.5527 -0.1819
f 1692/1692/1692 1693/1693/1693 1694/1694/1694 1695/1695/1695 1696/1696/1696
v 0.0000 2.3310 -1.7546
vt 0.2873 0.8262
vn -0.8133 0.5527 -0.1819
v 0.0000 0.0000 -1.7549
vt 0.2873 0.7902
vn -1.0000 0.0000 0.0000
v 0.0000 0.0000 -1.4437
vt 0.2873 0.7902
vn -1.0000 0.0000 0.0000
v 0.0000 0.2188 -1.2250
vt 0.2873 0.7986
vn -1.0000 0.0000 0.0000
v 0.0000 2.3310 -1.2250
vt 0.2873 0.8262
vn -0.9239 0.3827 0.0000
f 1697/1697/1697 1698/1698/1698 1699/1699/1699 1700/1700/1700 1701/1701/1701
v 0.9800 2.4290 -1.2250
vt 0.3252 0.8456
vn 0.0000 0.0000 1.0000
v 0.9800 2.6250 -1.2250
vt 0.3252 0.8532
vn 0.0000 0.0000 1.0000
v 0.0000 2.6250 -1.2250
vt 0.2873 0.8532
vn 0.0000 0.0000 1.0000
v 0.0000 2.4290 -1.2250
vt 0.2873 0.8456
vn 0.0000 0.0000 1.0000
f 1702/1702/1702 1703/1703/1703 1704/1704/1704 1705/1705/1705
v 0.0000 2.6250 -1.7550
vt 0.2873 0.8375
vn -1.0000 0.0000 0.0000
v 0.0000 2.4290 -1.7547
vt 0.2873 0.8300
vn -0.8136 -0.5521 -0.1823
v 0.0000 2.4290 -1.2250
vt 0.2873 0.8300
vn -0.9239 -0.3827 0.0000
v 0.0000 2.6250 -1.2250
vt 0.2873 0.8375
vn -1.0000 0.0000 0.0000
f 1706/1706/1706 1707/1707/1707 1708/1708/1708 1709/1709/1709
v 0.7350 3.7957 -1.2250
vt 0.3157 0.8693
vn 0.0000 -0.7071 0.7071
v 0.2450 3.7957 -1.2250
vt 0.2968 0.8693
vn 0.0000 -0.7071 0.7071
v 0.2940 3.7468 -1.2740
vt 0.2987 0.8674
vn 0.0000 -0.7071 0.7071
v 0.6860 3.7468 -1.2740
vt 0.3138 0.8674
vn 0.0000 -0.7071 0.7071
f 1710/1710/1710 1711/1711/1711 1712/1712/1712 1713/1713/1713
v 0.6860 3.7468 -1.2740
vt 0.3138 0.8986
vn 0.0000 0.7071 0.7071
v 0.2940 3.7468 -1.2740
vt 0.2987 0.8986
vn 0.0000 0.7071 0.7071
v 0.2450 3.6978 -1.2250
vt 0.2968 0.8967
vn 0.0000 0.7071 0.7071
v 0.7350 3.6978 -1.2250
vt 0.3157 0.8967
vn 0.0000 0.7071 0.7071
f 1714/1714/1714 1715/1715/1715 1716/1716/1716 1717/1717/1717
v 0.7350 3.7957 -1.6321
vt 0.3157 0.8693
vn 0.8134 -0.5526 -0.1819
v 0.7350 4.0635 -1.6324
vt 0.3157 0.9067
vn 1.0000 0.0000 0.0000
v 0.7350 4.0635 -1.2250
vt 0.3157 0.9067
vn 1.0000 0.0000 0.0000
v 0.7350 3.7957 -1.2250
vt 0.3157 0.8693
vn 0.9576 -0.2880 0.0000
f 1718/1718/1718 1719/1719/1719 1720/1720/1720 1721/1721/1721
v 0.7350 3.7957 -1.6321
vt 0.3157 0.8536
vn 0.8134 -0.5526 -0.1819
v 0.7350 3.7957 -1.2250
vt 0.3157 0.8536
vn 0.9576 -0.2880 0.0000
v 0.6860 3.7468 -1.2740
vt 0.3138 0.8518
vn 0.7071 -0.7071 -0.0000
v 0.6860 3.7468 -1.5828
vt 0.3138 0.8518
vn 0.6003 -0.7798 -0.1778
f 1722/1722/1722 1723/1723/1723 1724/1724/1724 1725/1725/1725
v 0.2450 3.7957 -1.2250
vt 0.2968 0.8693
vn -0.9576 -0.2880 0.0000
v 0.2450 4.0635 -1.2250
vt 0.2968 0.9067
vn -1.0000 0.0000 0.0000
v 0.2450 4.0635 -1.6324
vt 0.2968 0.9067
vn -1.0000 0.0000 0.0000
v 0.2450 3.7957 -1.6321
vt 0.2968 0.8693
vn -0.8134 -0.5526 -0.1819
f 1726/1726/1726 1727/1727/1727 1728/1728/1728 1729/1729/1729
v 0.2450 3.7957 -1.2250
vt 0.2968 0.8536
vn -0.9576 -0.2880 0.0000
v 0.2450 3.7957 -1.6321
vt 0.2968 0.8536
vn -0.8134 -0.5526 -0.1819
v 0.2940 3.7468 -1.5828
vt 0.2987 0.8518
vn -0.6003 -0.7798 -0.1778
v 0.2940 3.7468 -1.2740
vt 0.2987 0.8518
vn -0.7071 -0.7071 0.0000
f 1730/1730/1730 1731/1731/1731 1732/1732/1732 1733/1733/1733
v 0.3292 3.7957 -1.7150
vt 0.3000 0.8693
vn -0.3628 -0.4102 -0.8368
v 0.6508 3.7957 -1.7150
vt 0.3125 0.8693
vn 0.3628 -0.4102 -0.8368
v 0.6012 3.7468 -1.6660
vt 0.3105 0.8674
vn 0.1732 -0.7784 -0.6034
v 0.3788 3.7468 -1.6660
vt 0.3019 0.8674
vn -0.1732 -0.7784 -0.6034
f 1734/1734/1734 1735/1735/1735 1736/1736/1736 1737/1737/1737
v 0.3788 3.7468 -1.6660
vt 0.3019 0.8986
vn -0.1736 0.7782 -0.6036
v 0.6012 3.7468 -1.6660
vt 0.3105 0.8986
vn 0.1736 0.7782 -0.6036
v 0.6503 3.6978 -1.7150
vt 0.3124 0.8967
vn 0.2596 0.8008 -0.5398
v 0.3297 3.6978 -1.7150
vt 0.3001 0.8967
vn -0.2596 0.8008 -0.5398
f 1738/1738/1738 1739/1739/1739 1740/1740/1740 1741/1741/1741
v 0.0000 2.3310 -1.7546
vt 0.2873 0.8418
vn -0.8133 0.5527 -0.1819
v 0.0000 2.3310 -1.2250
vt 0.2873 0.8418
vn -0.9239 0.3827 0.0000
v 0.0490 2.3800 -1.2250
vt 0.2892 0.8437
vn -0.7071 0.7071 0.0000
v 0.0490 2.3800 -1.7053
vt 0.2892 0.8437
vn -0.6003 0.7798 -0.1778
f 1742/1742/1742 1743/1743/1743 1744/1744/1744 1745/1745/1745
v 0.9310 2.3800 -1.7053
vt 0.3233 0.8437
vn 0.6003 0.7798 -0.1778
v 0.9310 2.3800 -1.2250
vt 0.3233 0.8437
vn 0.7071 0.7071 0.0000
v 0.9800 2.3310 -1.2250
vt 0.3252 0.8418
vn 0.9239 0.3827 0.0000
v 0.9800 2.3310 -1.7546
vt 0.3252 0.8418
vn 0.8133 0.5527 -0.1819
f 1746/1746/1746 1747/1747/1747 1748/1748/1748 1749/1749/1749
v 0.9800 2.4290 -1.2250
vt 0.3252 0.8300
vn 0.0000 0.0000 1.0000
v 0.0000 2.4290 -1.2250
vt 0.2873 0.8300
vn 0.0000 0.0000 1.0000
v 0.0490 2.3800 -1.2250
vt 0.2892 0.8281
vn 0.0000 0.0000 1.0000
v 0.9310 2.3800 -1.2250
vt 0.3233 0.8281
vn 0.0000 0.0000 1.0000
f 1750/1750/1750 1751/1751/1751 1752/1752/1752 1753/1753/1753
v 0.9310 2.3800 -1.2250
vt 0.3233 0.8593
vn 0.0000 0.0000 1.0000
v 0.0490 2.3800 -1.2250
vt 0.2892 0.8593
vn 0.0000 0.0000 1.0000
v 0.0000 2.3310 -1.2250
vt 0.2873 0.8574
vn 0.0000 0.0000 1.0000
v 0.9800 2.3310 -1.2250
vt 0.3252 0.8574
vn 0.0000 0.0000 1.0000
f 1754/1754/1754 1755/1755/1755 1756/1756/1756 1757/1757/1757
v 0.0490 2.3800 -1.7053
vt 0.2892 0.8124
vn -0.6004 -0.7796 -0.1783
v 0.0490 2.3800 -1.2250
vt 0.2892 0.8124
vn -0.7071 -0.7071 0.0000
v 0.0000 2.4290 -1.2250
vt 0.2873 0.8143
vn -0.9239 -0.3827 0.0000
v 0.0000 2.4290 -1.7547
vt 0.2873 0.8143
vn -0.8136 -0.5521 -0.1823
f 1758/1758/1758 1759/1759/1759 1760/1760/1760 1761/1761/1761
v 0.3289 4.0635 -1.7150
vt 0.4250 0.8598
vn -0.1104 -0.9436 -0.3121
v 0.2556 4.1125 -1.8375
vt 0.4222 0.8617
vn -0.1326 -0.9449 -0.2994
v 0.7244 4.1125 -1.8375
vt 0.4405 0.8609
vn 0.1326 -0.9449 -0.2994
v 0.6511 4.0635 -1.7150
vt 0.4375 0.8598
vn 0.1104 -0.9436 -0.3121
f 1762/1762/1762 1763/1763/1763 1764/1764/1764 1765/1765/1765
v 0.8462 2.3800 -1.7885
vt 0.3200 0.8281
vn 0.1736 -0.7782 -0.6036
v 0.1338 2.3800 -1.7885
vt 0.2925 0.8281
vn -0.1736 -0.7782 -0.6036
v 0.0847 2.4290 -1.8375
vt 0.2906 0.8300
vn -0.2596 -0.8008 -0.5398
v 0.8953 2.4290 -1.8375
vt 0.3219 0.8300
vn 0.2596 -0.8008 -0.5398
f 1766/1766/1766 1767/1767/1767 1768/1768/1768 1769/1769/1769
v 0.8958 2.3310 -1.8375
vt 0.3219 0.8574
vn 0.2602 0.8014 -0.5386
v 0.0842 2.3310 -1.8375
vt 0.2906 0.8574
vn -0.2602 0.8014 -0.5386
v 0.1338 2.3800 -1.7885
vt 0.2925 0.8593
vn -0.1732 0.7784 -0.6034
v 0.8462 2.3800 -1.7885
vt 0.3200 0.8593
vn 0.1732 0.7784 -0.6034
f 1770/1770/1770 1771/1771/1771 1772/1772/1772 1773/1773/1773
v 0.7350 3.7957 -1.2250
vt 0.3157 0.8849
vn 0.0000 0.0000 1.0000
v 0.7350 4.0635 -1.2250
vt 0.3157 0.9223
vn 0.0000 0.0000 1.0000
v 0.2450 4.0635 -1.2250
vt 0.2968 0.9223
vn 0.0000 0.0000 1.0000
v 0.2450 3.7957 -1.2250
vt 0.2968 0.8849
vn 0.0000 0.0000 1.0000
f 1774/1774/1774 1775/1775/1775 1776/1776/1776 1777/1777/1777
v 0.7240 4.4310 -1.8375
vt 0.4403 0.9209
vn 0.2621 0.8021 -0.5366
v 0.2560 4.4310 -1.8375
vt 0.4222 0.9209
vn -0.2621 0.8021 -0.5366
v 0.3056 4.4800 -1.7885
vt 0.4241 0.9228
vn -0.1123 0.9156 -0.3860
v 0.6744 4.4800 -1.7885
vt 0.4384 0.9228
vn 0.1123 0.9156 -0.3860
f 1778/1778/1778 1779/1779/1779 1780/1780/1780 1781/1781/1781
v 0.8085 4.4800 -1.6544
vt 0.4436 0.9228
vn 0.3860 0.9156 -0.1123
v 0.8085 4.4800 -1.2856
vt 0.4436 0.9228
vn 0.3860 0.9156 0.1123
v 0.8575 4.4310 -1.2360
vt 0.4455 0.9209
vn 0.5366 0.8021 0.2621
v 0.8575 4.4310 -1.7040
vt 0.4455 0.9209
vn 0.5366 0.8021 -0.2621
f 1782/1782/1782 1783/1783/1783 1784/1784/1784 1785/1785/1785
v 0.8575 4.1125 -1.2356
vt 0.4455 0.8930
vn 1.0000 0.0000 0.0000
v 0.8575 4.1125 -1.7044
vt 0.4455 0.8930
vn 0.9238 0.0005 -0.3830
v 0.8575 4.4310 -1.7040
vt 0.4455 0.9053
vn 0.9240 0.0005 -0.3824
v 0.8575 4.4310 -1.2360
vt 0.4455 0.9053
vn 1.0000 0.0000 0.0000
f 1786/1786/1786 1787/1787/1787 1788/1788/1788 1789/1789/1789
v 0.2450 4.0635 -1.2250
vt 0.4218 0.8598
vn -0.2585 -0.9308 0.2585
v 0.1225 4.1125 -1.2356
vt 0.4170 0.8617
vn -0.3777 -0.9180 0.1214
v 0.1225 4.1125 -1.7044
vt 0.4190 0.8609
vn -0.2991 -0.9450 -0.1327
v 0.2450 4.0635 -1.6324
vt 0.4218 0.8598
vn -0.3109 -0.9438 -0.1120
f 1790/1790/1790 1791/1791/1791 1792/1792/1792 1793/1793/1793
v 0.1225 4.4310 -1.2360
vt 0.4170 0.9053
vn -1.0000 0.0000 0.0000
v 0.1225 4.4310 -1.7040
vt 0.4170 0.9053
vn -0.9240 0.0005 -0.3824
v 0.1225 4.1125 -1.7044
vt 0.4170 0.8930
vn -0.9238 0.0005 -0.3830
v 0.1225 4.1125 -1.2356
vt 0.4170 0.8930
vn -1.0000 0.0000 0.0000
f 1794/1794/1794 1795/1795/1795 1796/1796/1796 1797/1797/1797
v 0.7240 4.4310 -1.8375
vt 0.4403 0.9053
vn 0.0000 0.0000 -1.0000
v 0.7244 4.1125 -1.8375
vt 0.4403 0.8930
vn 0.0000 0.0000 -1.0000
v 0.2556 4.1125 -1.8375
vt 0.4222 0.8930
vn 0.0000 0.0000 -1.0000
v 0.2560 4.4310 -1.8375
vt 0.4222 0.9053
vn 0.0000 0.0000 -1.0000
f 1798/1798/1798 1799/1799/1799 1800/1800/1800 1801/1801/1801
v 0.3056 4.4800 -1.1515
vt 0.4241 0.9228
vn -0.1123 0.9156 0.3860
v 0.2560 4.4310 -1.1025
vt 0.4222 0.9209
vn -0.2621 0.8021 0.5366
v 0.7240 4.4310 -1.1025
vt 0.4403 0.9209
vn 0.2621 0.8021 0.5366
v 0.6744 4.4800 -1.1515
vt 0.4384 0.9228
vn 0.1123 0.9156 0.3860
f 1802/1802/1802 1803/1803/1803 1804/1804/1804 1805/1805/1805
v 0.3185 4.4800 -1.2985
vt 0.4246 0.9384
vn 0.1082 0.9882 -0.1082
v 0.3056 4.4800 -1.1515
vt 0.4241 0.9384
vn -0.1123 0.9156 0.3860
v 0.6744 4.4800 -1.1515
vt 0.4384 0.9384
vn 0.1123 0.9156 0.3860
v 0.6615 4.4800 -1.2985
vt 0.4379 0.9384
vn -0.1082 0.9882 -0.1082
f 1806/1806/1806 1807/1807/1807 1808/1808/1808 1809/1809/1809
v 0.3685 4.4310 -1.5915
vt 0.4266 0.8584
vn 0.8807 0.4737 -0.0000
v 0.3685 4.4310 -1.3485
vt 0.4266 0.8584
vn 0.8807 0.4737 -0.0000
v 0.3918 3.9655 -1.3718
vt 0.4275 0.8404
vn 0.9988 0.0499 0.0000
v 0.3918 3.9655 -1.5682
vt 0.4275 0.8404
vn 0.9988 0.0499 0.0000
f 1810/1810/1810 1811/1811/1811 1812/1812/1812 1813/1813/1813
v 0.3185 4.4800 -1.2985
vt 0.4246 0.9384
vn 0.1082 0.9882 -0.1082
v 0.3185 4.4800 -1.6415
vt 0.4246 0.9384
vn 0.1082 0.9882 0.1082
v 0.1715 4.4800 -1.6544
vt 0.4189 0.9384
vn -0.3860 0.9156 -0.1123
v 0.1715 4.4800 -1.2856
vt 0.4189 0.9384
vn -0.3860 0.9156 0.1123
f 1814/1814/1814 1815/1815/1815 1816/1816/1816 1817/1817/1817
v 0.3918 3.9655 -1.3718
vt 0.5525 0.9185
vn 0.0000 1.0000 0.0000
v 0.5882 3.9655 -1.3718
vt 0.5600 0.9185
vn 0.0000 1.0000 0.0000
v 0.5882 3.9655 -1.5682
vt 0.5600 0.9185
vn 0.0000 1.0000 0.0000
v 0.3918 3.9655 -1.5682
vt 0.5525 0.9185
vn 0.0000 1.0000 0.0000
f 1818/1818/1818 1819/1819/1819 1820/1820/1820 1821/1821/1821
v 0.6115 4.4310 -1.5915
vt 0.4359 0.8584
vn 0.0000 0.4737 0.8807
v 0.3685 4.4310 -1.5915
vt 0.4266 0.8584
vn 0.0000 0.4737 0.8807
v 0.3918 3.9655 -1.5682
vt 0.4275 0.8404
vn 0.0000 0.0499 0.9988
v 0.5882 3.9655 -1.5682
vt 0.4350 0.8404
vn 0.0000 0.0499 0.9988
f 1822/1822/1822 1823/1823/1823 1824/1824/1824 1825/1825/1825
v 0.6615 4.4800 -1.2985
vt 0.4379 0.9384
vn -0.1082 0.9882 -0.1082
v 0.8085 4.4800 -1.2856
vt 0.4436 0.9384
vn 0.3860 0.9156 0.1123
v 0.8085 4.4800 -1.6544
vt 0.4436 0.9384
vn 0.3860 0.9156 -0.1123
v 0.6615 4.4800 -1.6415
vt 0.4379 0.9384
vn -0.1082 0.9882 0.1082
f 1826/1826/1826 1827/1827/1827 1828/1828/1828 1829/1829/1829
v 0.6615 4.4800 -1.6415
vt 0.4379 0.9384
vn -0.1082 0.9882 0.1082
v 0.6744 4.4800 -1.7885
vt 0.4384 0.9384
vn 0.1123 0.9156 -0.3860
v 0.3056 4.4800 -1.7885
vt 0.4241 0.9384
vn -0.1123 0.9156 -0.3860
v 0.3185 4.4800 -1.6415
vt 0.4246 0.9384
vn 0.1082 0.9882 0.1082
f 1830/1830/1830 1831/1831/1831 1832/1832/1832 1833/1833/1833
v 0.7350 4.0635 -1.2250
vt 0.4407 0.8598
vn 0.2585 -0.9308 0.2585
v 0.7244 4.1125 -1.1025
vt 0.4403 0.8617
vn 0.1214 -0.9180 0.3777
v 0.2556 4.1125 -1.1025
vt 0.4222 0.8617
vn -0.1214 -0.9180 0.3777
v 0.2450 4.0635 -1.2250
vt 0.4218 0.8598
vn -0.2585 -0.9308 0.2585
f 1834/1834/1834 1835/1835/1835 1836/1836/1836 1837/1837/1837
v 0.6115 4.4310 -1.3485
vt 0.4359 0.8584
vn -0.8807 0.4737 0.0000
v 0.6115 4.4310 -1.5915
vt 0.4359 0.8584
vn -0.8807 0.4737 0.0000
v 0.5882 3.9655 -1.5682
vt 0.4350 0.8404
vn -0.9988 0.0499 0.0000
v 0.5882 3.9655 -1.3718
vt 0.4350 0.8404
vn -0.9988 0.0499 0.0000
f 1838/1838/1838 1839/1839/1839 1840/1840/1840 1841/1841/1841
v 0.3685 4.4310 -1.3485
vt 0.4266 0.8584
vn 0.0000 0.4737 -0.8807
v 0.6115 4.4310 -1.3485
vt 0.4359 0.8584
vn 0.0000 0.4737 -0.8807
v 0.5882 3.9655 -1.3718
vt 0.4350 0.8404
vn 0.0000 0.0499 -0.9988
v 0.3918 3.9655 -1.3718
vt 0.4275 0.8404
vn 0.0000 0.0499 -0.9988
f 1842/1842/1842 1843/1843/1843 1844/1844/1844 1845/1845/1845
v 0.2560 4.4310 -1.1025
vt 0.4222 0.9053
vn -0.3824 0.0005 0.9240
v 0.2556 4.1125 -1.1025
vt 0.4222 0.8930
vn -0.3830 0.0005 0.9238
v 0.7244 4.1125 -1.1025
vt 0.4403 0.8930
vn 0.0000 0.0000 1.0000
v 0.7240 4.4310 -1.1025
vt 0.4403 0.9053
vn 0.0000 0.0000 1.0000
f 1846/1846/1846 1847/1847/1847 1848/1848/1848 1849/1849/1849
v 0.3685 4.4310 -1.3485
vt 0.4266 0.8740
vn 0.8807 0.4737 -0.0000
v 0.3685 4.4310 -1.5915
vt 0.4266 0.8740
vn 0.8807 0.4737 -0.0000
v 0.3185 4.4800 -1.6415
vt 0.4246 0.8759
vn 0.1082 0.9882 0.1082
v 0.3185 4.4800 -1.2985
vt 0.4246 0.8759
vn 0.1082 0.9882 -0.1082
f 1850/1850/1850 1851/1851/1851 1852/1852/1852 1853/1853/1853
v 0.3685 4.4310 -1.5915
vt 0.4266 0.8740
vn 0.0000 0.4737 0.8807
v 0.6115 4.4310 -1.5915
vt 0.4359 0.8740
vn 0.0000 0.4737 0.8807
v 0.6615 4.4800 -1.6415
vt 0.4379 0.8759
vn -0.1082 0.9882 0.1082
v 0.3185 4.4800 -1.6415
vt 0.4246 0.8759
vn 0.1082 0.9882 0.1082
f 1854/1854/1854 1855/1855/1855 1856/1856/1856 1857/1857/1857
v 0.6115 4.4310 -1.5915
vt 0.4359 0.8740
vn -0.8807 0.4737 0.0000
v 0.6115 4.4310 -1.3485
vt 0.4359 0.8740
vn -0.8807 0.4737 0.0000
v 0.6615 4.4800 -1.2985
vt 0.4379 0.8759
vn -0.1082 0.9882 -0.1082
v 0.6615 4.4800 -1.6415
vt 0.4379 0.8759
vn -0.1082 0.9882 0.1082
f 1858/1858/1858 1859/1859/1859 1860/1860/1860 1861/1861/1861
v 0.6115 4.4310 -1.3485
vt 0.4359 0.8740
vn 0.0000 0.4737 -0.8807
v 0.3685 4.4310 -1.3485
vt 0.4266 0.8740
vn 0.0000 0.4737 -0.8807
v 0.3185 4.4800 -1.2985
vt 0.4246 0.8759
vn 0.1082 0.9882 -0.1082
v 0.6615 4.4800 -1.2985
vt 0.4379 0.8759
vn -0.1082 0.9882 -0.1082
f 1862/1862/1862 1863/1863/1863 1864/1864/1864 1865/1865/1865
v 0.1715 4.4800 -1.2856
vt 0.4189 0.9228
vn -0.3860 0.9156 0.1123
v 0.1715 4.4800 -1.6544
vt 0.4189 0.9228
vn -0.3860 0.9156 -0.1123
v 0.1225 4.4310 -1.7040
vt 0.4170 0.9209
vn -0.5366 0.8021 -0.2621
v 0.1225 4.4310 -1.2360
vt 0.4170 0.9209
vn -0.5366 0.8021 0.2621
f 1866/1866/1866 1867/1867/1867 1868/1868/1868 1869/1869/1869
v 0.8575 4.1125 -1.2356
vt 0.4455 0.8617
vn 0.3777 -0.9180 0.1214
v 0.7244 4.1125 -1.1025
vt 0.4403 0.8617
vn 0.1214 -0.9180 0.3777
v 0.7350 4.0635 -1.2250
vt 0.4407 0.8598
vn 0.2585 -0.9308 0.2585
f 1870/1870/1870 1871/1871/1871 1872/1872/1872
v 0.7350 4.0635 -1.6324
vt 0.4407 0.8598
vn 0.3109 -0.9438 -0.1120
v 0.8575 4.1125 -1.7044
vt 0.4455 0.8617
vn 0.2991 -0.9450 -0.1327
v 0.8575 4.1125 -1.2356
vt 0.4455 0.8617
vn 0.3777 -0.9180 0.1214
v 0.7350 4.0635 -1.2250
vt 0.4407 0.8598
vn 0.2585 -0.9308 0.2585
f 1873/1873/1873 1874/1874/1874 1875/1875/1875 1876/1876/1876
v 0.2556 4.1125 -1.1025
vt 0.4222 0.8617
vn -0.1214 -0.9180 0.3777
v 0.1225 4.1125 -1.2356
vt 0.4170 0.8617
vn -0.3777 -0.9180 0.1214
v 0.2450 4.0635 -1.2250
vt 0.4218 0.8598
vn -0.2585 -0.9308 0.2585
f 1877/1877/1877 1878/1878/1878 1879/1879/1879
v 0.8085 4.4800 -1.6544
vt 0.4436 0.9384
vn 0.3860 0.9156 -0.1123
v 0.6744 4.4800 -1.7885
vt 0.4384 0.9384
vn 0.1123 0.9156 -0.3860
v 0.6615 4.4800 -1.6415
vt 0.4379 0.9384
vn -0.1082 0.9882 0.1082
f 1880/1880/1880 1881/1881/1881 1882/1882/1882
v 0.6744 4.4800 -1.1515
vt 0.4384 0.9384
vn 0.1123 0.9156 0.3860
v 0.8085 4.4800 -1.2856
vt 0.4436 0.9384
vn 0.3860 0.9156 0.1123
v 0.6615 4.4800 -1.2985
vt 0.4379 0.9384
vn -0.1082 0.9882 -0.1082
f 1883/1883/1883 1884/1884/1884 1885/1885/1885
v 0.3056 4.4800 -1.7885
vt 0.4241 0.9384
vn -0.1123 0.9156 -0.3860
v 0.1715 4.4800 -1.6544
vt 0.4189 0.9384
vn -0.3860 0.9156 -0.1123
v 0.3185 4.4800 -1.6415
vt 0.4246 0.9384
vn 0.1082 0.9882 0.1082
f 1886/1886/1886 1887/1887/1887 1888/1888/1888
v 0.1715 4.4800 -1.2856
vt 0.4189 0.9384
vn -0.3860 0.9156 0.1123
v 0.3056 4.4800 -1.1515
vt 0.4241 0.9384
vn -0.1123 0.9156 0.3860
v 0.3185 4.4800 -1.2985
vt 0.4246 0.9384
vn 0.1082 0.9882 -0.1082
f 1889/1889/1889 1890/1890/1890 1891/1891/1891
v 0.1715 4.4800 -1.2856
vt 0.4189 0.9228
vn -0.3860 0.9156 0.1123
v 0.1225 4.4310 -1.2360
vt 0.4170 0.9209
vn -0.5366 0.8021 0.2621
v 0.2560 4.4310 -1.1025
vt 0.4222 0.9209
vn -0.2621 0.8021 0.5366
v 0.3056 4.4800 -1.1515
vt 0.4241 0.9228
vn -0.1123 0.9156 0.3860
f 1892/1892/1892 1893/1893/1893 1894/1894/1894 1895/1895/1895
v 0.7240 4.4310 -1.8375
vt 0.4403 0.9209
vn 0.2621 0.8021 -0.5366
v 0.6744 4.4800 -1.7885
vt 0.4384 0.9228
vn 0.1123 0.9156 -0.3860
v 0.8085 4.4800 -1.6544
vt 0.4436 0.9228
vn 0.3860 0.9156 -0.1123
v 0.8575 4.4310 -1.7040
vt 0.4455 0.9209
vn 0.5366 0.8021 -0.2621
f 1896/1896/1896 1897/1897/1897 1898/1898/1898 1899/1899/1899
v 0.6744 4.4800 -1.1515
vt 0.4384 0.9228
vn 0.1123 0.9156 0.3860
v 0.7240 4.4310 -1.1025
vt 0.4403 0.9209
vn 0.2621 0.8021 0.5366
v 0.8575 4.4310 -1.2360
vt 0.4455 0.9209
vn 0.5366 0.8021 0.2621
v 0.8085 4.4800 -1.2856
vt 0.4436 0.9228
vn 0.3860 0.9156 0.1123
f 1900/1900/1900 1901/1901/1901 1902/1902/1902 1903/1903/1903
v 0.3056 4.4800 -1.7885
vt 0.4241 0.9228
vn -0.1123 0.9156 -0.3860
v 0.2560 4.4310 -1.8375
vt 0.4222 0.9209
vn -0.2621 0.8021 -0.5366
v 0.1225 4.4310 -1.7040
vt 0.4170 0.9209
vn -0.5366 0.8021 -0.2621
v 0.1715 4.4800 -1.6544
vt 0.4189 0.9228
vn -0.3860 0.9156 -0.1123
f 1904/1904/1904 1905/1905/1905 1906/1906/1906 1907/1907/1907
v 0.1225 4.1125 -1.7044
vt 0.4170 0.8930
vn -0.9238 0.0005 -0.3830
v 0.1225 4.4310 -1.7040
vt 0.4170 0.9053
vn -0.9240 0.0005 -0.3824
v 0.2560 4.4310 -1.8375
vt 0.4222 0.9053
vn -0.7071 0.0009 -0.7071
v 0.2556 4.1125 -1.8375
vt 0.4222 0.8930
vn -0.7071 0.0009 -0.7071
f 1908/1908/1908 1909/1909/1909 1910/1910/1910 1911/1911/1911
v 0.8575 4.4310 -1.7040
vt 0.4455 0.9053
vn 0.9240 0.0005 -0.3824
v 0.8575 4.1125 -1.7044
vt 0.4455 0.8930
vn 0.9238 0.0005 -0.3830
v 0.7244 4.1125 -1.8375
vt 0.4403 0.8930
vn 0.7071 0.0009 -0.7071
v 0.7240 4.4310 -1.8375
vt 0.4403 0.9053
vn 0.7071 0.0009 -0.7071
f 1912/1912/1912 1913/1913/1913 1914/1914/1914 1915/1915/1915
v 0.8575 4.1125 -1.2356
vt 0.4455 0.8930
vn 0.7071 0.0009 0.7071
v 0.8575 4.4310 -1.2360
vt 0.4455 0.9053
vn 0.7071 0.0009 0.7071
v 0.7240 4.4310 -1.1025
vt 0.4403 0.9053
vn 0.7071 0.0009 0.7071
v 0.7244 4.1125 -1.1025
vt 0.4403 0.8930
vn 0.7071 0.0009 0.7071
f 1916/1916/1916 1917/1917/1917 1918/1918/1918 1919/1919/1919
v 0.1225 4.4310 -1.2360
vt 0.4170 0.9053
vn -0.7071 0.0009 0.7071
v 0.1225 4.1125 -1.2356
vt 0.4170 0.8930
vn -0.7071 0.0009 0.7071
v 0.2556 4.1125 -1.1025
vt 0.4222 0.8930
vn -0.3830 0.0005 0.9238
v 0.2560 4.4310 -1.1025
vt 0.4222 0.9053
vn -0.3824 0.0005 0.9240
f 1920/1920/1920 1921/1921/1921 1922/1922/1922 1923/1923/1923
v 0.9800 0.2188 -1.2250
vt 0.3252 0.8142
vn 0.0000 -0.3827 0.9239
v 0.9800 2.3310 -1.2250
vt 0.3252 0.8418
vn 0.0000 0.0000 1.0000
v 0.0000 2.3310 -1.2250
vt 0.2873 0.8418
vn 0.0000 0.0000 1.0000
v 0.0000 0.2188 -1.2250
vt 0.2873 0.8142
vn 0.0000 -0.3827 0.9239
f 1924/1924/1924 1925/1925/1925 1926/1926/1926 1927/1927/1927
v 0.0000 0.0000 -1.4437
vt 0.2873 0.7902
vn 0.0000 -0.9239 0.3827
v 0.9800 0.0000 -1.4437
vt 0.3252 0.7902
vn 0.0000 -0.9239 0.3827
v 0.9800 0.2188 -1.2250
vt 0.3252 0.7986
vn 0.0000 -0.3827 0.9239
v 0.0000 0.2188 -1.2250
vt 0.2873 0.7986
vn 0.0000 -0.3827 0.9239
f 1928/1928/1928 1929/1929/1929 1930/1930/1930 1931/1931/1931
v 0.0842 2.3310 -1.8375
vt 0.2906 0.8418
vn -0.3789 0.0000 -0.9254
v 0.8958 2.3310 -1.8375
vt 0.3219 0.8418
vn 0.3789 0.0000 -0.9254
v 0.8961 0.0000 -1.8375
vt 0.3220 0.8058
vn 0.3790 0.0000 -0.9254
v 0.0839 0.0000 -1.8375
vt 0.2905 0.8058
vn -0.3790 0.0000 -0.9254
f 1932/1932/1932 1933/1933/1933 1934/1934/1934 1935/1935/1935
v 0.0848 2.6250 -1.8375
vt 0.2906 0.8532
vn -0.3889 0.3350 -0.8582
v 0.8952 2.6250 -1.8375
vt 0.3219 0.8532
vn 0.3889 0.3350 -0.8582
v 0.8953 2.4290 -1.8375
vt 0.3219 0.8456
vn 0.3769 -0.0003 -0.9262
v 0.0847 2.4290 -1.8375
vt 0.2906 0.8456
vn -0.3769 -0.0003 -0.9262
f 1936/1936/1936 1937/1937/1937 1938/1938/1938 1939/1939/1939
v 0.3289 4.0635 -1.7150
vt 0.4246 0.8587
vn -0.1104 -0.9436 -0.3121
v 0.2450 4.0635 -1.6324
vt 0.4218 0.8598
vn -0.3109 -0.9438 -0.1120
v 0.1225 4.1125 -1.7044
vt 0.4190 0.8609
vn -0.2991 -0.9450 -0.1327
v 0.2556 4.1125 -1.8375
vt 0.4218 0.8598
vn -0.1326 -0.9449 -0.2994
f 1940/1940/1940 1941/1941/1941 1942/1942/1942 1943/1943/1943
v 0.7350 4.0635 -1.6324
vt 0.4407 0.8587
vn 0.3109 -0.9438 -0.1120
v 0.6511 4.0635 -1.7150
vt 0.4375 0.8598
vn 0.1104 -0.9436 -0.3121
v 0.7244 4.1125 -1.8375
vt 0.4405 0.8609
vn 0.1326 -0.9449 -0.2994
v 0.8575 4.1125 -1.7044
vt 0.4407 0.8598
vn 0.2991 -0.9450 -0.1327
f 1944/1944/1944 1945/1945/1945 1946/1946/1946 1947/1947/1947
v 0.7350 2.8700 -1.6325
vt 0.3157 0.8783
vn 0.6194 0.7443 -0.2497
v 0.9800 2.6250 -1.7550
vt 0.3252 0.8688
vn 0.6122 0.7449 -0.2653
v 0.8952 2.6250 -1.8375
vt 0.3237 0.8702
vn 0.3889 0.3350 -0.8582
v 0.6502 2.8700 -1.7150
vt 0.3157 0.8783
vn 0.2878 0.3308 -0.8987
f 1948/1948/1948 1949/1949/1949 1950/1950/1950 1951/1951/1951
v 0.3298 2.8700 -1.7150
vt 0.2968 0.8783
vn -0.2878 0.3308 -0.8987
v 0.0848 2.6250 -1.8375
vt 0.2888 0.8702
vn -0.3889 0.3350 -0.8582
v 0.0000 2.6250 -1.7550
vt 0.2873 0.8688
vn -0.6122 0.7449 -0.2653
v 0.2450 2.8700 -1.6325
vt 0.2968 0.8783
vn -0.6194 0.7443 -0.2497
f 1952/1952/1952 1953/1953/1953 1954/1954/1954 1955/1955/1955
v 0.6012 3.7468 -1.6660
vt 0.3138 0.8830
vn 0.1732 -0.7784 -0.6034
v 0.6508 3.7957 -1.7150
vt 0.3146 0.8838
vn 0.3628 -0.4102 -0.8368
v 0.7350 3.7957 -1.6321
vt 0.3157 0.8849
vn 0.8134 -0.5526 -0.1819
v 0.6860 3.7468 -1.5828
vt 0.3138 0.8830
vn 0.6003 -0.7798 -0.1778
f 1956/1956/1956 1957/1957/1957 1958/1958/1958 1959/1959/1959
v 0.6503 3.6978 -1.7150
vt 0.3146 0.9134
vn 0.2596 0.8008 -0.5398
v 0.6012 3.7468 -1.6660
vt 0.3138 0.9143
vn 0.1736 0.7782 -0.6036
v 0.6860 3.7468 -1.5828
vt 0.3138 0.9143
vn 0.6004 0.7796 -0.1783
v 0.7350 3.6978 -1.6322
vt 0.3157 0.9124
vn 0.5356 0.8019 -0.2648
f 1960/1960/1960 1961/1961/1961 1962/1962/1962 1963/1963/1963
v 0.2940 3.7468 -1.5828
vt 0.2987 0.8986
vn -0.6003 -0.7798 -0.1778
v 0.2450 3.7957 -1.6321
vt 0.2978 0.8995
vn -0.8134 -0.5526 -0.1819
v 0.3292 3.7957 -1.7150
vt 0.3000 0.9005
vn -0.3628 -0.4102 -0.8368
v 0.3788 3.7468 -1.6660
vt 0.3019 0.8986
vn -0.1732 -0.7784 -0.6034
f 1964/1964/1964 1965/1965/1965 1966/1966/1966 1967/1967/1967
v 0.2450 3.6978 -1.6322
vt 0.2978 0.9290
vn -0.5356 0.8019 -0.2648
v 0.2940 3.7468 -1.5828
vt 0.2987 0.9299
vn -0.6004 0.7796 -0.1783
v 0.3788 3.7468 -1.6660
vt 0.3019 0.9299
vn -0.1736 0.7782 -0.6036
v 0.3297 3.6978 -1.7150
vt 0.3001 0.9280
vn -0.2596 0.8008 -0.5398
f 1968/1968/1968 1969/1969/1969 1970/1970/1970 1971/1971/1971
v 0.9310 2.3800 -1.7053
vt 0.3233 0.8749
vn 0.6003 0.7798 -0.1778
v 0.9800 2.3310 -1.7546
vt 0.3241 0.8741
vn 0.8133 0.5527 -0.1819
v 0.8958 2.3310 -1.8375
vt 0.3219 0.8730
vn 0.2602 0.8014 -0.5386
v 0.8462 2.3800 -1.7885
vt 0.3200 0.8749
vn 0.1732 0.7784 -0.6034
f 1972/1972/1972 1973/1973/1973 1974/1974/1974 1975/1975/1975
v 0.0000 2.3310 -1.7546
vt 0.2884 0.8741
vn -0.8133 0.5527 -0.1819
v 0.0490 2.3800 -1.7053
vt 0.2892 0.8749
vn -0.6003 0.7798 -0.1778
v 0.1338 2.3800 -1.7885
vt 0.2925 0.8749
vn -0.1732 0.7784 -0.6034
v 0.0842 2.3310 -1.8375
vt 0.2906 0.8730
vn -0.2602 0.8014 -0.5386
f 1976/1976/1976 1977/1977/1977 1978/1978/1978 1979/1979/1979
v 0.9800 2.4290 -1.7547
vt 0.3241 0.8601
vn 0.5356 -0.8019 -0.2648
v 0.9310 2.3800 -1.7053
vt 0.3233 0.8593
vn 0.6004 -0.7796 -0.1783
v 0.8462 2.3800 -1.7885
vt 0.3200 0.8593
vn 0.1736 -0.7782 -0.6036
v 0.8953 2.4290 -1.8375
vt 0.3219 0.8612
vn 0.2596 -0.8008 -0.5398
f 1980/1980/1980 1981/1981/1981 1982/1982/1982 1983/1983/1983
v 0.0490 2.3800 -1.7053
vt 0.2892 0.8593
vn -0.6004 -0.7796 -0.1783
v 0.0000 2.4290 -1.7547
vt 0.2884 0.8601
vn -0.8136 -0.5521 -0.1823
v 0.0847 2.4290 -1.8375
vt 0.2906 0.8612
vn -0.2596 -0.8008 -0.5398
v 0.1338 2.3800 -1.7885
vt 0.2925 0.8593
vn -0.1736 -0.7782 -0.6036
f 1984/1984/1984 1985/1985/1985 1986/1986/1986 1987/1987/1987
v 0.3297 3.6978 -1.7150
vt 0.2968 0.8967
vn -0.3769 0.0001 -0.9263
v 0.3298 2.8700 -1.7150
vt 0.2968 0.8783
vn -0.2878 0.3308 -0.8987
v 0.2450 2.8700 -1.6325
vt 0.2968 0.8783
vn -0.6982 0.0001 -0.7159
v 0.2450 3.6978 -1.6322
vt 0.2968 0.8967
vn -0.6982 0.0001 -0.7159
f 1988/1988/1988 1989/1989/1989 1990/1990/1990 1991/1991/1991
v 0.7350 3.6978 -1.6322
vt 0.3157 0.8967
vn 0.6982 0.0001 -0.7159
v 0.7350 2.8700 -1.6325
vt 0.3157 0.8783
vn 0.6982 0.0001 -0.7159
v 0.6502 2.8700 -1.7150
vt 0.3157 0.8783
vn 0.2878 0.3308 -0.8987
v 0.6503 3.6978 -1.7150
vt 0.3157 0.8967
vn 0.3769 0.0001 -0.9263
f 1992/1992/1992 1993/1993/1993 1994/1994/1994 1995/1995/1995
v 0.8961 0.0000 -1.8375
vt 0.3220 0.8214
vn 0.3790 0.0000 -0.9254
v 0.8958 2.3310 -1.8375
vt 0.3219 0.8574
vn 0.3789 0.0000 -0.9254
v 0.9800 2.3310 -1.7546
vt 0.3252 0.8574
vn 0.7014 0.0001 -0.7128
v 0.9800 0.0000 -1.7549
vt 0.3252 0.8214
vn 0.7014 0.0001 -0.7128
f 1996/1996/1996 1997/1997/1997 1998/1998/1998 1999/1999/1999
v 0.8953 2.4290 -1.8375
vt 0.3252 0.8612
vn 0.3769 -0.0003 -0.9262
v 0.8952 2.6250 -1.8375
vt 0.3252 0.8688
vn 0.3889 0.3350 -0.8582
v 0.9800 2.6250 -1.7550
vt 0.3252 0.8688
vn 0.6982 -0.0005 -0.7159
v 0.9800 2.4290 -1.7547
vt 0.3252 0.8612
vn 0.6982 -0.0005 -0.7159
f 2000/2000/2000 2001/2001/2001 2002/2002/2002 2003/2003/2003
v 0.0842 2.3310 -1.8375
vt 0.2906 0.8574
vn -0.3789 0.0000 -0.9254
v 0.0839 0.0000 -1.8375
vt 0.2905 0.8214
vn -0.3790 0.0000 -0.9254
v 0.0000 0.0000 -1.7549
vt 0.2873 0.8214
vn -0.7014 0.0001 -0.7128
v 0.0000 2.3310 -1.7546
vt 0.2873 0.8574
vn -0.7014 0.0001 -0.7128
f 2004/2004/2004 2005/2005/2005 2006/2006/2006 2007/2007/2007
v 0.0848 2.6250 -1.8375
vt 0.2873 0.8688
vn -0.3889 0.3350 -0.8582
v 0.0847 2.4290 -1.8375
vt 0.2873 0.8612
vn -0.3769 -0.0003 -0.9262
v 0.0000 2.4290 -1.7547
vt 0.2873 0.8612
vn -0.6982 -0.0005 -0.7159
v 0.0000 2.6250 -1.7550
vt 0.2873 0.8688
vn -0.6982 -0.0005 -0.7159
f 2008/2008/2008 2009/2009/2009 2010/2010/2010 2011/2011/2011
v 0.3289 4.0635 -1.7150
vt 0.3000 0.9536
vn -0.3792 -0.0004 -0.9253
v 0.3292 3.7957 -1.7150
vt 0.3000 0.9161
vn -0.3628 -0.4102 -0.8368
v 0.2450 3.7957 -1.6321
vt 0.2968 0.9161
vn -0.7014 -0.0007 -0.7128
v 0.2450 4.0635 -1.6324
vt 0.2968 0.9536
vn -0.7014 -0.0007 -0.7128
f 2012/2012/2012 2013/2013/2013 2014/2014/2014 2015/2015/2015
v 0.7350 4.0635 -1.6324
vt 0.3157 0.9379
vn 0.7014 -0.0007 -0.7128
v 0.7350 3.7957 -1.6321
vt 0.3157 0.9005
vn 0.7014 -0.0007 -0.7128
v 0.6508 3.7957 -1.7150
vt 0.3157 0.9005
vn 0.3628 -0.4102 -0.8368
v 0.6511 4.0635 -1.7150
vt 0.3157 0.9379
vn 0.3792 -0.0004 -0.9253
f 2016/2016/2016 2017/2017/2017 2018/2018/2018 2019/2019/2019
v 0.2450 2.8700 -1.6325
vt 0.2968 0.8470
vn -0.6194 0.7443 -0.2497
v 0.0000 2.6250 -1.7550
vt 0.2873 0.8375
vn -0.6122 0.7449 -0.2653
v 0.0000 2.6250 -1.2250
vt 0.2873 0.8375
vn -0.7071 0.7071 0.0000
v 0.2450 2.8700 -1.2250
vt 0.2968 0.8470
vn -0.7071 0.7071 0.0000
f 2020/2020/2020 2021/2021/2021 2022/2022/2022 2023/2023/2023
v 0.9800 0.0000 -1.4437
vt 0.3408 0.7949
vn 0.0000 -0.9239 0.3827
v 0.0000 0.0000 -1.4437
vt 0.3029 0.7949
vn 0.0000 -0.9239 0.3827
v 0.0000 0.0000 -1.7549
vt 0.3029 0.7949
vn 0.0000 -1.0000 -0.0000
v 0.9800 0.0000 -1.7549
vt 0.3408 0.7949
vn 0.0000 -1.0000 -0.0000
f 2024/2024/2024 2025/2025/2025 2026/2026/2026 2027/2027/2027
v 0.6778 0.3648 -1.8853
vt 0.2857 0.7922
vn 0.8081 0.0000 -0.5891
v 0.6778 0.4752 -1.8853
vt 0.2857 0.8197
vn 0.8081 0.0000 -0.5891
v 0.7407 0.5172 -1.7990
vt 0.2807 0.8231
vn 0.8081 0.0000 -0.5891
v 0.7407 0.3228 -1.7990
vt 0.2807 0.7888
vn 0.8081 0.0000 -0.5891
f 2028/2028/2028 2029/2029/2029 2030/2030/2030 2031/2031/2031
v 0.4493 0.3228 -1.7990
vt 0.3321 0.7888
vn -0.8081 0.0000 -0.5891
v 0.4493 0.5172 -1.7990
vt 0.3321 0.8231
vn -0.8081 0.0000 -0.5891
v 0.5122 0.4752 -1.8853
vt 0.3270 0.8197
vn -0.8081 0.0000 -0.5891
v 0.5122 0.3648 -1.8853
vt 0.3270 0.7922
vn -0.8081 0.0000 -0.5891
f 2032/2032/2032 2033/2033/2033 2034/2034/2034 2035/2035/2035
v 0.5122 0.3648 -1.8853
vt 0.3270 0.8078
vn 0.0000 0.0000 -1.0000
v 0.5122 0.4752 -1.8853
vt 0.3270 0.8353
vn 0.0000 0.0000 -1.0000
v 0.6778 0.4752 -1.8853
vt 0.2857 0.8353
vn 0.0000 0.0000 -1.0000
v 0.6778 0.3648 -1.8853
vt 0.2857 0.8078
vn 0.0000 0.0000 -1.0000
f 2036/2036/2036 2037/2037/2037 2038/2038/2038 2039/2039/2039
v 0.7407 0.3228 -1.7990
vt 0.2807 0.7732
vn -0.0000 -0.8994 -0.4371
v 0.4493 0.3228 -1.7990
vt 0.3321 0.7732
vn -0.0000 -0.8994 -0.4371
v 0.5122 0.3648 -1.8853
vt 0.3270 0.7765
vn -0.0000 -0.8994 -0.4371
v 0.6778 0.3648 -1.8853
vt 0.2857 0.7765
vn -0.0000 -0.8994 -0.4371
f 2040/2040/2040 2041/2041/2041 2042/2042/2042 2043/2043/2043
v 0.4493 0.5172 -1.7990
vt 0.3321 0.8543
vn -0.0000 0.8994 -0.4371
v 0.7407 0.5172 -1.7990
vt 0.2807 0.8543
vn -0.0000 0.8994 -0.4371
v 0.6778 0.4752 -1.8853
vt 0.2857 0.8509
vn -0.0000 0.8994 -0.4371
v 0.5122 0.4752 -1.8853
vt 0.3270 0.8509
vn -0.0000 0.8994 -0.4371
f 2044/2044/2044 2045/2045/2045 2046/2046/2046 2047/2047/2047
v 0.4678 0.3648 -1.8853
vt 0.2857 0.7922
vn 0.8081 0.0000 -0.5891
v 0.4678 0.4752 -1.8853
vt 0.2857 0.8197
vn 0.8081 0.0000 -0.5891
v 0.5307 0.5172 -1.7990
vt 0.2807 0.8231
vn 0.8081 0.0000 -0.5891
v 0.5307 0.3228 -1.7990
vt 0.2807 0.7888
vn 0.8081 0.0000 -0.5891
f 2048/2048/2048 2049/2049/2049 2050/2050/2050 2051/2051/2051
v 0.2393 0.3228 -1.7990
vt 0.3321 0.7888
vn -0.8081 0.0000 -0.5891
v 0.2393 0.5172 -1.7990
vt 0.3321 0.8231
vn -0.8081 0.0000 -0.5891
v 0.3022 0.4752 -1.8853
vt 0.3270 0.8197
vn -0.8081 0.0000 -0.5891
v 0.3022 0.3648 -1.8853
vt 0.3270 0.7922
vn -0.8081 0.0000 -0.5891
f 2052/2052/2052 2053/2053/2053 2054/2054/2054 2055/2055/2055
v 0.3022 0.3648 -1.8853
vt 0.3270 0.8078
vn 0.0000 0.0000 -1.0000
v 0.3022 0.4752 -1.8853
vt 0.3270 0.8353
vn 0.0000 0.0000 -1.0000
v 0.4678 0.4752 -1.8853
vt 0.2857 0.8353
vn 0.0000 0.0000 -1.0000
v 0.4678 0.3648 -1.8853
vt 0.2857 0.8078
vn 0.0000 0.0000 -1.0000
f 2056/2056/2056 2057/2057/2057 2058/2058/2058 2059/2059/2059
v 0.5307 0.3228 -1.7990
vt 0.2807 0.7732
vn -0.0000 -0.8994 -0.4371
v 0.2393 0.3228 -1.7990
vt 0.3321 0.7732
vn -0.0000 -0.8994 -0.4371
v 0.3022 0.3648 -1.8853
vt 0.3270 0.7765
vn -0.0000 -0.8994 -0.4371
v 0.4678 0.3648 -1.8853
vt 0.2857 0.7765
vn -0.0000 -0.8994 -0.4371
f 2060/2060/2060 2061/2061/2061 2062/2062/2062 2063/2063/2063
v 0.2393 0.5172 -1.7990
vt 0.3321 0.8543
vn -0.0000 0.8994 -0.4371
v 0.5307 0.5172 -1.7990
vt 0.2807 0.8543
vn -0.0000 0.8994 -0.4371
v 0.4678 0.4752 -1.8853
vt 0.2857 0.8509
vn -0.0000 0.8994 -0.4371
v 0.3022 0.4752 -1.8853
vt 0.3270 0.8509
vn -0.0000 0.8994 -0.4371
f 2064/2064/2064 2065/2065/2065 2066/2066/2066 2067/2067/2067
v 0.5728 0.5048 -1.8853
vt 0.2857 0.7922
vn 0.8081 0.0000 -0.5891
v 0.5728 0.6152 -1.8853
vt 0.2857 0.8197
vn 0.8081 0.0000 -0.5891
v 0.6357 0.6572 -1.7990
vt 0.2807 0.8231
vn 0.8081 0.0000 -0.5891
v 0.6357 0.4628 -1.7990
vt 0.2807 0.7888
vn 0.8081 0.0000 -0.5891
f 2068/2068/2068 2069/2069/2069 2070/2070/2070 2071/2071/2071
v 0.3443 0.4628 -1.7990
vt 0.3321 0.7888
vn -0.8081 0.0000 -0.5891
v 0.3443 0.6572 -1.7990
vt 0.3321 0.8231
vn -0.8081 0.0000 -0.5891
v 0.4072 0.6152 -1.8853
vt 0.3270 0.8197
vn -0.8081 0.0000 -0.5891
v 0.4072 0.5048 -1.8853
vt 0.3270 0.7922
vn -0.8081 0.0000 -0.5891
f 2072/2072/2072 2073/2073/2073 2074/2074/2074 2075/2075/2075
v 0.4072 0.5048 -1.8853
vt 0.3270 0.8078
vn 0.0000 0.0000 -1.0000
v 0.4072 0.6152 -1.8853
vt 0.3270 0.8353
vn 0.0000 0.0000 -1.0000
v 0.5728 0.6152 -1.8853
vt 0.2857 0.8353
vn 0.0000 0.0000 -1.0000
v 0.5728 0.5048 -1.8853
vt 0.2857 0.8078
vn 0.0000 0.0000 -1.0000
f 2076/2076/2076 2077/2077/2077 2078/2078/2078 2079/2079/2079
v 0.6357 0.4628 -1.7990
vt 0.2807 0.7732
vn -0.0000 -0.8994 -0.4371
v 0.3443 0.4628 -1.7990
vt 0.3321 0.7732
vn -0.0000 -0.8994 -0.4371
v 0.4072 0.5048 -1.8853
vt 0.3270 0.7765
vn -0.0000 -0.8994 -0.4371
v 0.5728 0.5048 -1.8853
vt 0.2857 0.7765
vn -0.0000 -0.8994 -0.4371
f 2080/2080/2080 2081/2081/2081 2082/2082/2082 2083/2083/2083
v 0.3443 0.6572 -1.7990
vt 0.3321 0.8543
vn -0.0000 0.8994 -0.4371
v 0.6357 0.6572 -1.7990
vt 0.2807 0.8543
vn -0.0000 0.8994 -0.4371
v 0.5728 0.6152 -1.8853
vt 0.2857 0.8509
vn -0.0000 0.8994 -0.4371
v 0.4072 0.6152 -1.8853
vt 0.3270 0.8509
vn -0.0000 0.8994 -0.4371
f 2084/2084/2084 2085/2085/2085 2086/2086/2086 2087/2087/2087
v 0.3922 1.9364 -1.8853
vt 0.2857 0.8184
vn 0.8081 0.0000 -0.5891
v 0.3922 2.0468 -1.8853
vt 0.2857 0.8459
vn 0.8081 0.0000 -0.5891
v 0.4551 2.0888 -1.7990
vt 0.2807 0.8493
vn 0.8081 0.0000 -0.5891
v 0.4551 1.8944 -1.7990
vt 0.2807 0.8150
vn 0.8081 0.0000 -0.5891
f 2088/2088/2088 2089/2089/2089 2090/2090/2090 2091/2091/2091
v 0.1637 1.8944 -1.7990
vt 0.3321 0.8150
vn -0.8081 0.0000 -0.5891
v 0.1637 2.0888 -1.7990
vt 0.3321 0.8493
vn -0.8081 0.0000 -0.5891
v 0.2266 2.0468 -1.8853
vt 0.3270 0.8459
vn -0.8081 0.0000 -0.5891
v 0.2266 1.9364 -1.8853
vt 0.3270 0.8184
vn -0.8081 0.0000 -0.5891
f 2092/2092/2092 2093/2093/2093 2094/2094/2094 2095/2095/2095
v 0.2266 1.9364 -1.8853
vt 0.3270 0.8340
vn 0.0000 0.0000 -1.0000
v 0.2266 2.0468 -1.8853
vt 0.3270 0.8615
vn 0.0000 0.0000 -1.0000
v 0.3922 2.0468 -1.8853
vt 0.2857 0.8615
vn 0.0000 0.0000 -1.0000
v 0.3922 1.9364 -1.8853
vt 0.2857 0.8340
vn 0.0000 0.0000 -1.0000
f 2096/2096/2096 2097/2097/2097 2098/2098/2098 2099/2099/2099
v 0.4551 1.8944 -1.7990
vt 0.2807 0.7994
vn -0.0000 -0.8994 -0.4371
v 0.1637 1.8944 -1.7990
vt 0.3321 0.7994
vn -0.0000 -0.8994 -0.4371
v 0.2266 1.9364 -1.8853
vt 0.3270 0.8028
vn -0.0000 -0.8994 -0.4371
v 0.3922 1.9364 -1.8853
vt 0.2857 0.8028
vn -0.0000 -0.8994 -0.4371
f 2100/2100/2100 2101/2101/2101 2102/2102/2102 2103/2103/2103
v 0.1637 2.0888 -1.7990
vt 0.3321 0.8806
vn -0.0000 0.8994 -0.4371
v 0.4551 2.0888 -1.7990
vt 0.2807 0.8806
vn -0.0000 0.8994 -0.4371
v 0.3922 2.0468 -1.8853
vt 0.2857 0.8772
vn -0.0000 0.8994 -0.4371
v 0.2266 2.0468 -1.8853
vt 0.3270 0.8772
vn -0.0000 0.8994 -0.4371
f 2104/2104/2104 2105/2105/2105 2106/2106/2106 2107/2107/2107
v 0.4972 1.7806 -1.8853
vt 0.2857 0.8184
vn 0.8081 0.0000 -0.5891
v 0.4972 1.8910 -1.8853
vt 0.2857 0.8459
vn 0.8081 0.0000 -0.5891
v 0.5601 1.9330 -1.7990
vt 0.2807 0.8493
vn 0.8081 0.0000 -0.5891
v 0.5601 1.7387 -1.7990
vt 0.2807 0.8150
vn 0.8081 0.0000 -0.5891
f 2108/2108/2108 2109/2109/2109 2110/2110/2110 2111/2111/2111
v 0.2687 1.7387 -1.7990
vt 0.3321 0.8150
vn -0.8081 0.0000 -0.5891
v 0.2687 1.9330 -1.7990
vt 0.3321 0.8493
vn -0.8081 0.0000 -0.5891
v 0.3316 1.8910 -1.8853
vt 0.3270 0.8459
vn -0.8081 0.0000 -0.5891
v 0.3316 1.7806 -1.8853
vt 0.3270 0.8184
vn -0.8081 0.0000 -0.5891
f 2112/2112/2112 2113/2113/2113 2114/2114/2114 2115/2115/2115
v 0.3316 1.7806 -1.8853
vt 0.3270 0.8340
vn 0.0000 0.0000 -1.0000
v 0.3316 1.8910 -1.8853
vt 0.3270 0.8615
vn 0.0000 0.0000 -1.0000
v 0.4972 1.8910 -1.8853
vt 0.2857 0.8615
vn 0.0000 0.0000 -1.0000
v 0.4972 1.7806 -1.8853
vt 0.2857 0.8340
vn 0.0000 0.0000 -1.0000
f 2116/2116/2116 2117/2117/2117 2118/2118/2118 2119/2119/2119
v 0.5601 1.7387 -1.7990
vt 0.2807 0.7994
vn -0.0000 -0.8994 -0.4371
v 0.2687 1.7387 -1.7990
vt 0.3321 0.7994
vn -0.0000 -0.8994 -0.4371
v 0.3316 1.7806 -1.8853
vt 0.3270 0.8028
vn -0.0000 -0.8994 -0.4371
v 0.4972 1.7806 -1.8853
vt 0.2857 0.8028
vn -0.0000 -0.8994 -0.4371
f 2120/2120/2120 2121/2121/2121 2122/2122/2122 2123/2123/2123
v 0.2687 1.9330 -1.7990
vt 0.3321 0.8806
vn -0.0000 0.8994 -0.4371
v 0.5601 1.9330 -1.7990
vt 0.2807 0.8806
vn -0.0000 0.8994 -0.4371
v 0.4972 1.8910 -1.8853
vt 0.2857 0.8772
vn -0.0000 0.8994 -0.4371
v 0.3316 1.8910 -1.8853
vt 0.3270 0.8772
vn -0.0000 0.8994 -0.4371
f 2124/2124/2124 2125/2125/2125 2126/2126/2126 2127/2127/2127
v 0.7073 1.1913 -1.8853
vt 0.2857 0.8084
vn 0.8081 0.0000 -0.5891
v 0.7073 1.3017 -1.8853
vt 0.2857 0.8359
vn 0.8081 0.0000 -0.5891
v 0.7703 1.3436 -1.7990
vt 0.2807 0.8393
vn 0.8081 0.0000 -0.5891
v 0.7703 1.1493 -1.7990
vt 0.2807 0.8050
vn 0.8081 0.0000 -0.5891
f 2128/2128/2128 2129/2129/2129 2130/2130/2130 2131/2131/2131
v 0.4788 1.1493 -1.7990
vt 0.3321 0.8050
vn -0.8081 0.0000 -0.5891
v 0.4788 1.3436 -1.7990
vt 0.3321 0.8393
vn -0.8081 0.0000 -0.5891
v 0.5417 1.3017 -1.8853
vt 0.3270 0.8359
vn -0.8081 0.0000 -0.5891
v 0.5417 1.1913 -1.8853
vt 0.3270 0.8084
vn -0.8081 0.0000 -0.5891
f 2132/2132/2132 2133/2133/2133 2134/2134/2134 2135/2135/2135
v 0.5417 1.1913 -1.8853
vt 0.3270 0.8240
vn 0.0000 0.0000 -1.0000
v 0.5417 1.3017 -1.8853
vt 0.3270 0.8515
vn 0.0000 0.0000 -1.0000
v 0.7073 1.3017 -1.8853
vt 0.2857 0.8515
vn 0.0000 0.0000 -1.0000
v 0.7073 1.1913 -1.8853
vt 0.2857 0.8240
vn 0.0000 0.0000 -1.0000
f 2136/2136/2136 2137/2137/2137 2138/2138/2138 2139/2139/2139
v 0.7703 1.1493 -1.7990
vt 0.2807 0.7894
vn -0.0000 -0.8994 -0.4371
v 0.4788 1.1493 -1.7990
vt 0.3321 0.7894
vn -0.0000 -0.8994 -0.4371
v 0.5417 1.1913 -1.8853
vt 0.3270 0.7928
vn -0.0000 -0.8994 -0.4371
v 0.7073 1.1913 -1.8853
vt 0.2857 0.7928
vn -0.0000 -0.8994 -0.4371
f 2140/2140/2140 2141/2141/2141 2142/2142/2142 2143/2143/2143
v 0.4788 1.3436 -1.7990
vt 0.3321 0.8706
vn -0.0000 0.8994 -0.4371
v 0.7703 1.3436 -1.7990
vt 0.2807 0.8706
vn -0.0000 0.8994 -0.4371
v 0.7073 1.3017 -1.8853
vt 0.2857 0.8672
vn -0.0000 0.8994 -0.4371
v 0.5417 1.3017 -1.8853
vt 0.3270 0.8672
vn -0.0000 0.8994 -0.4371
f 2144/2144/2144 2145/2145/2145 2146/2146/2146 2147/2147/2147
v -0.2450 2.9523 -1.4577
vt 0.0342 0.0933
vn 0.0000 0.7071 -0.7071
v -0.2450 4.1650 -0.2450
vt 0.0342 0.1567
vn 0.0000 0.7071 -0.7071
v 0.0000 4.1650 -0.2450
vt 0.0307 0.1567
vn 0.0000 0.7071 -0.7071
v 0.0000 2.9523 -1.4577
vt 0.0307 0.0933
vn 0.0000 0.7071 -0.7071
f 2148/2148/2148 2149/2149/2149 2150/2150/2150 2151/2151/2151
v 0.0000 2.8657 -1.3711
vt 0.0307 0.0620
vn 0.0000 -0.7071 -0.7071
v -0.2450 2.8657 -1.3711
vt 0.0342 0.0620
vn 0.0000 -0.7071 -0.7071
v -0.2450 2.9523 -1.4577
vt 0.0342 0.0620
vn 0.0000 -0.7071 -0.7071
v 0.0000 2.9523 -1.4577
vt 0.0307 0.0620
vn 0.0000 -0.7071 -0.7071
f 2152/2152/2152 2153/2153/2153 2154/2154/2154 2155/2155/2155
v -0.2450 2.8657 -1.3711
vt 0.0342 0.0308
vn 0.0000 -0.7071 -0.7071
v -0.4900 2.8657 -1.3711
vt 0.0377 0.0308
vn 0.0000 -0.7071 -0.7071
v -0.4900 2.9523 -1.4577
vt 0.0377 0.0308
vn 0.0000 -0.7071 -0.7071
v -0.2450 2.9523 -1.4577
vt 0.0342 0.0308
vn 0.0000 -0.7071 -0.7071
f 2156/2156/2156 2157/2157/2157 2158/2158/2158 2159/2159/2159
v -0.4900 2.8657 -1.3711
vt 0.0377 0.0620
vn 0.0000 -0.7071 -0.7071
v -0.7350 2.8657 -1.3711
vt 0.0413 0.0620
vn 0.0000 -0.7071 -0.7071
v -0.7350 2.9523 -1.4577
vt 0.0413 0.0620
vn -0.0000 -0.5908 -0.8068
v -0.4900 2.9523 -1.4577
vt 0.0377 0.0620
vn 0.0000 -0.7071 -0.7071
f 2160/2160/2160 2161/2161/2161 2162/2162/2162 2163/2163/2163
v -0.7350 2.8657 -1.3711
vt 0.0413 0.0933
vn 0.0000 -0.7071 -0.7071
v -0.9800 2.8657 -1.3711
vt 0.0448 0.0933
vn 0.0000 -0.7071 -0.7071
v -0.9800 2.9523 -1.4577
vt 0.0448 0.0933
vn -0.0000 -0.5257 -0.8507
v -0.7350 2.9523 -1.4577
vt 0.0413 0.0933
vn -0.0000 -0.5908 -0.8068
f 2164/2164/2164 2165/2165/2165 2166/2166/2166 2167/2167/2167
v -1.2250 2.8830 -1.5270
vt 0.0483 0.1089
vn 0.0000 0.7071 -0.7071
v -1.2250 4.1650 -0.2450
vt 0.0483 0.1723
vn 0.0000 0.7071 -0.7071
v -0.9800 4.1650 -0.2450
vt 0.0448 0.1723
vn 0.0000 0.7071 -0.7071
v -0.9800 2.9523 -1.4577
vt 0.0448 0.1089
vn 0.0000 0.7071 -0.7071
f 2168/2168/2168 2169/2169/2169 2170/2170/2170 2171/2171/2171
v -0.7350 2.9523 -1.4577
vt 0.0413 0.0933
vn 0.0000 0.7071 -0.7071
v -0.7350 4.1650 -0.2450
vt 0.0413 0.1567
vn 0.0000 0.7071 -0.7071
v -0.4900 4.1650 -0.2450
vt 0.0377 0.1567
vn 0.0000 0.7071 -0.7071
v -0.4900 2.9523 -1.4577
vt 0.0377 0.0933
vn 0.0000 0.7071 -0.7071
f 2172/2172/2172 2173/2173/2173 2174/2174/2174 2175/2175/2175
v -0.4900 2.9523 -1.4577
vt 0.0377 0.0620
vn 0.0000 0.7071 -0.7071
v -0.4900 4.1650 -0.2450
vt 0.0377 0.1255
vn 0.0000 0.7071 -0.7071
v -0.2450 4.1650 -0.2450
vt 0.0342 0.1255
vn 0.0000 0.7071 -0.7071
v -0.2450 2.9523 -1.4577
vt 0.0342 0.0620
vn 0.0000 0.7071 -0.7071
f 2176/2176/2176 2177/2177/2177 2178/2178/2178 2179/2179/2179
v 0.0000 2.8657 -1.3711
vt 0.0307 0.0933
vn 0.0000 -0.7069 0.7073
v 0.0000 3.9926 -0.2450
vt 0.0307 0.1567
vn 0.0000 -0.7068 0.7074
v -0.2450 3.9926 -0.2450
vt 0.0342 0.1567
vn 0.0000 -0.7068 0.7074
v -0.2450 2.8657 -1.3711
vt 0.0342 0.0933
vn 0.0000 -0.7068 0.7074
f 2180/2180/2180 2181/2181/2181 2182/2182/2182 2183/2183/2183
v -0.2450 2.8657 -1.3711
vt 0.0342 0.0620
vn 0.0000 -0.7068 0.7074
v -0.2450 3.9926 -0.2450
vt 0.0342 0.1255
vn 0.0000 -0.7068 0.7074
v -0.4900 3.9926 -0.2450
vt 0.0377 0.1255
vn 0.0000 -0.7068 0.7074
v -0.4900 2.8657 -1.3711
vt 0.0377 0.0620
vn 0.0000 -0.7068 0.7074
f 2184/2184/2184 2185/2185/2185 2186/2186/2186 2187/2187/2187
v -0.4900 2.8657 -1.3711
vt 0.0377 0.0933
vn 0.0000 -0.7068 0.7074
v -0.4900 3.9926 -0.2450
vt 0.0377 0.1567
vn 0.0000 -0.7068 0.7074
v -0.7350 3.9926 -0.2450
vt 0.0413 0.1567
vn 0.0000 -0.7068 0.7074
v -0.7350 2.8657 -1.3711
vt 0.0413 0.0933
vn 0.0000 -0.7068 0.7074
f 2188/2188/2188 2189/2189/2189 2190/2190/2190 2191/2191/2191
v -0.7350 2.8657 -1.3711
vt 0.0413 0.1245
vn 0.0000 -0.7068 0.7074
v -0.7350 3.9926 -0.2450
vt 0.0413 0.1880
vn 0.0000 -0.7068 0.7074
v -0.9800 3.9926 -0.2450
vt 0.0448 0.1880
vn 0.0000 -0.7068 0.7074
v -0.9800 2.8657 -1.3711
vt 0.0448 0.1245
vn 0.0000 -0.7069 0.7073
f 2192/2192/2192 2193/2193/2193 2194/2194/2194 2195/2195/2195
v -0.9800 2.8657 -1.3711
vt 0.0448 0.1089
vn 0.0000 -0.7069 0.7073
v -0.9800 3.9926 -0.2450
vt 0.0448 0.1723
vn 0.0000 -0.7068 0.7074
v -1.2250 3.9926 -0.2450
vt 0.0483 0.1723
vn -0.0001 -0.7068 0.7074
v -1.2250 2.7964 -1.4404
vt 0.0483 0.1089
vn -0.0001 -0.7069 0.7073
f 2196/2196/2196 2197/2197/2197 2198/2198/2198 2199/2199/2199
v 0.0000 2.8657 -1.3711
vt 0.0307 0.0620
vn -1.0000 0.0000 0.0000
v 0.0000 2.9523 -1.4577
vt 0.0307 0.0620
vn -1.0000 0.0000 0.0000
v 0.0000 2.8830 -1.5270
vt 0.0307 0.0620
vn -1.0000 0.0000 0.0000
v 0.0000 2.7964 -1.4404
vt 0.0307 0.0620
vn -1.0000 0.0000 0.0000
f 2200/2200/2200 2201/2201/2201 2202/2202/2202 2203/2203/2203
v -0.9800 2.9523 -1.4577
vt 0.0448 0.1089
vn -1.0000 0.0000 0.0000
v -0.9800 4.1650 -0.2450
vt 0.0448 0.1723
vn -1.0000 0.0000 0.0000
v -0.9800 3.0563 -1.4923
vt 0.0448 0.1089
vn -1.0000 0.0000 0.0000
f 2204/2204/2204 2205/2205/2205 2206/2206/2206
v 0.2450 2.8657 -1.3711
vt 0.0908 0.1089
vn 0.0000 -0.7069 0.7073
v 0.2450 3.9926 -0.2450
vt 0.0908 0.1723
vn 0.0000 -0.7068 0.7074
v 0.0000 3.9926 -0.2450
vt 0.0944 0.1723
vn 0.0000 -0.7068 0.7074
v 0.0000 2.8657 -1.3711
vt 0.0944 0.1089
vn 0.0000 -0.7069 0.7073
f 2207/2207/2207 2208/2208/2208 2209/2209/2209 2210/2210/2210
v 0.9800 2.8657 -1.3711
vt 0.0802 0.0308
vn 0.0000 -0.7071 -0.7071
v 0.7350 2.8657 -1.3711
vt 0.0837 0.0308
vn 0.0000 -0.7071 -0.7071
v 0.7350 2.9523 -1.4577
vt 0.0837 0.0308
vn 0.0000 -0.7071 -0.7071
v 0.9800 2.9523 -1.4577
vt 0.0802 0.0308
vn 0.0000 -0.7071 -0.7071
f 2211/2211/2211 2212/2212/2212 2213/2213/2213 2214/2214/2214
v 0.7350 2.8657 -1.3711
vt 0.0837 0.0777
vn 0.0000 -0.7071 -0.7071
v 0.4900 2.8657 -1.3711
vt 0.0873 0.0777
vn 0.0000 -0.7071 -0.7071
v 0.4900 2.9523 -1.4577
vt 0.0873 0.0777
vn 0.0000 -0.7071 -0.7071
v 0.7350 2.9523 -1.4577
vt 0.0837 0.0777
vn 0.0000 -0.7071 -0.7071
f 2215/2215/2215 2216/2216/2216 2217/2217/2217 2218/2218/2218
v 0.4900 2.8657 -1.3711
vt 0.0873 0.0933
vn 0.0000 -0.7071 -0.7071
v 0.2450 2.8657 -1.3711
vt 0.0908 0.0933
vn 0.0000 -0.7071 -0.7071
v 0.2450 2.9523 -1.4577
vt 0.0908 0.0933
vn 0.0000 -0.7071 -0.7071
v 0.4900 2.9523 -1.4577
vt 0.0873 0.0933
vn 0.0000 -0.7071 -0.7071
f 2219/2219/2219 2220/2220/2220 2221/2221/2221 2222/2222/2222
v 0.0000 2.9523 -1.4577
vt 0.0944 0.1089
vn 0.0000 0.7071 -0.7071
v 0.0000 4.1650 -0.2450
vt 0.0944 0.1723
vn 0.0000 0.7071 -0.7071
v 0.2450 4.1650 -0.2450
vt 0.0908 0.1723
vn 0.0000 0.7071 -0.7071
v 0.2450 2.9523 -1.4577
vt 0.0908 0.1089
vn 0.0000 0.7071 -0.7071
f 2223/2223/2223 2224/2224/2224 2225/2225/2225 2226/2226/2226
v 0.2450 2.9523 -1.4577
vt 0.0908 0.1245
vn 0.0000 0.7071 -0.7071
v 0.2450 4.1650 -0.2450
vt 0.0908 0.1880
vn 0.0000 0.7071 -0.7071
v 0.4900 4.1650 -0.2450
vt 0.0873 0.1880
vn 0.0000 0.7071 -0.7071
v 0.4900 2.9523 -1.4577
vt 0.0873 0.1245
vn 0.0000 0.7071 -0.7071
f 2227/2227/2227 2228/2228/2228 2229/2229/2229 2230/2230/2230
v 0.7350 2.9523 -1.4577
vt 0.0837 0.0620
vn 0.0000 0.7071 -0.7071
v 0.7350 4.1650 -0.2450
vt 0.0837 0.1255
vn 0.0000 0.7071 -0.7071
v 0.9800 4.1650 -0.2450
vt 0.0802 0.1255
vn 0.0000 0.7071 -0.7071
v 0.9800 2.9523 -1.4577
vt 0.0802 0.0620
vn 0.0000 0.7071 -0.7071
f 2231/2231/2231 2232/2232/2232 2233/2233/2233 2234/2234/2234
v 0.9800 2.9523 -1.4577
vt 0.0802 0.0933
vn 0.0000 0.7071 -0.7071
v 0.9800 4.1650 -0.2450
vt 0.0802 0.1567
vn 0.0000 0.7071 -0.7071
v 1.2250 4.1650 -0.2450
vt 0.0767 0.1567
vn 0.0000 0.7071 -0.7071
v 1.2250 2.8830 -1.5270
vt 0.0767 0.0933
vn 0.0000 0.7071 -0.7071
f 2235/2235/2235 2236/2236/2236 2237/2237/2237 2238/2238/2238
v 1.2250 2.7964 -1.4404
vt 0.0767 0.0933
vn 0.0001 -0.7069 0.7073
v 1.2250 3.9926 -0.2450
vt 0.0767 0.1567
vn 0.0001 -0.7068 0.7074
v 0.9800 3.9926 -0.2450
vt 0.0802 0.1567
vn 0.0000 -0.7068 0.7074
v 0.9800 2.8657 -1.3711
vt 0.0802 0.0933
vn 0.0000 -0.7069 0.7073
f 2239/2239/2239 2240/2240/2240 2241/2241/2241 2242/2242/2242
v 0.9800 2.8657 -1.3711
vt 0.0802 0.0620
vn 0.0000 -0.7069 0.7073
v 0.9800 3.9926 -0.2450
vt 0.0802 0.1255
vn 0.0000 -0.7068 0.7074
v 0.7350 3.9926 -0.2450
vt 0.0837 0.1255
vn 0.0000 -0.7068 0.7074
v 0.7350 2.8657 -1.3711
vt 0.0837 0.0620
vn 0.0000 -0.7068 0.7074
f 2243/2243/2243 2244/2244/2244 2245/2245/2245 2246/2246/2246
v 0.7350 2.8657 -1.3711
vt 0.0837 0.1089
vn 0.0000 -0.7068 0.7074
v 0.7350 3.9926 -0.2450
vt 0.0837 0.1723
vn 0.0000 -0.7068 0.7074
v 0.4900 3.9926 -0.2450
vt 0.0873 0.1723
vn 0.0000 -0.7068 0.7074
v 0.4900 2.8657 -1.3711
vt 0.0873 0.1089
vn 0.0000 -0.7068 0.7074
f 2247/2247/2247 2248/2248/2248 2249/2249/2249 2250/2250/2250
v 0.4900 2.8657 -1.3711
vt 0.0873 0.1245
vn 0.0000 -0.7068 0.7074
v 0.4900 3.9926 -0.2450
vt 0.0873 0.1880
vn 0.0000 -0.7068 0.7074
v 0.2450 3.9926 -0.2450
vt 0.0908 0.1880
vn 0.0000 -0.7068 0.7074
v 0.2450 2.8657 -1.3711
vt 0.0908 0.1245
vn 0.0000 -0.7069 0.7073
f 2251/2251/2251 2252/2252/2252 2253/2253/2253 2254/2254/2254
v -0.9800 2.7791 -1.4577
vt 0.0448 0.0777
vn -0.0995 -0.7036 -0.7036
v -1.2250 2.7964 -1.4404
vt 0.0483 0.0777
vn -0.0995 -0.7036 -0.7036
v -1.2250 2.8830 -1.5270
vt 0.0483 0.0777
vn -0.0995 -0.7036 -0.7036
v -0.9800 2.8657 -1.5443
vt 0.0448 0.0777
vn -0.0995 -0.7036 -0.7036
f 2255/2255/2255 2256/2256/2256 2257/2257/2257 2258/2258/2258
v 0.2450 2.8310 -1.4057
vt 0.0908 0.0777
vn 0.1961 -0.6934 -0.6934
v 0.0000 2.7964 -1.4404
vt 0.0944 0.0777
vn 0.1961 -0.6934 -0.6934
v 0.0000 2.8830 -1.5270
vt 0.0944 0.0777
vn 0.1961 -0.6934 -0.6934
v 0.2450 2.9177 -1.4923
vt 0.0908 0.0777
vn 0.1961 -0.6934 -0.6934
f 2259/2259/2259 2260/2260/2260 2261/2261/2261 2262/2262/2262
v 1.2250 2.7964 -1.4404
vt 0.0767 0.0620
vn -0.0995 -0.7036 -0.7036
v 0.9800 2.8137 -1.4230
vt 0.0802 0.0620
vn -0.0995 -0.7036 -0.7036
v 0.9800 2.9003 -1.5097
vt 0.0802 0.0620
vn -0.0995 -0.7036 -0.7036
v 1.2250 2.8830 -1.5270
vt 0.0767 0.0620
vn -0.0995 -0.7036 -0.7036
f 2263/2263/2263 2264/2264/2264 2265/2265/2265 2266/2266/2266
v 0.9800 2.9523 -1.4577
vt 0.0802 0.0933
vn 0.0000 0.7071 -0.7071
v 1.2250 2.8830 -1.5270
vt 0.0767 0.0933
vn 0.0000 0.7071 -0.7071
v 0.9800 2.9003 -1.5097
vt 0.0802 0.0933
vn 0.0000 0.7071 -0.7071
f 2267/2267/2267 2268/2268/2268 2269/2269/2269
v 0.0000 2.9523 -1.4577
vt 0.0944 0.1089
vn 0.0000 0.7071 -0.7071
v 0.2450 2.9523 -1.4577
vt 0.0908 0.1089
vn 0.0000 0.7071 -0.7071
v 0.2450 2.9177 -1.4923
vt 0.0908 0.1089
vn 0.0000 0.7071 -0.7071
v 0.0000 2.8830 -1.5270
vt 0.0944 0.1089
vn 0.0000 0.7071 -0.7071
f 2270/2270/2270 2271/2271/2271 2272/2272/2272 2273/2273/2273
v -1.2250 2.8830 -1.5270
vt 0.0483 0.1089
vn 0.0000 0.7071 -0.7071
v -0.9800 2.9523 -1.4577
vt 0.0448 0.1089
vn 0.0000 0.7071 -0.7071
v -0.9800 2.8657 -1.5443
vt 0.0448 0.1089
vn 0.0000 0.7071 -0.7071
f 2274/2274/2274 2275/2275/2275 2276/2276/2276
v 0.2450 2.8657 -1.3711
vt 0.0908 0.1089
vn 0.0000 -0.7069 0.7073
v 0.0000 2.8657 -1.3711
vt 0.0944 0.1089
vn 0.0000 -0.7069 0.7073
v 0.0000 2.7964 -1.4404
vt 0.0944 0.1089
vn 0.0000 -0.7071 0.7071
v 0.2450 2.8310 -1.4057
vt 0.0908 0.1089
vn 0.0000 -0.7071 0.7071
f 2277/2277/2277 2278/2278/2278 2279/2279/2279 2280/2280/2280
v -0.9800 2.8657 -1.3711
vt 0.0448 0.1089
vn 0.0000 -0.7069 0.7073
v -1.2250 2.7964 -1.4404
vt 0.0483 0.1089
vn -0.0001 -0.7069 0.7073
v -0.9800 2.7791 -1.4577
vt 0.0448 0.1089
vn 0.0000 -0.7071 0.7071
f 2281/2281/2281 2282/2282/2282 2283/2283/2283
v 0.9800 2.8657 -1.3711
vt 0.0802 0.0308
vn -1.0000 0.0000 0.0000
v 0.9800 2.9523 -1.4577
vt 0.0802 0.0308
vn -1.0000 0.0000 0.0000
v 0.9800 2.9003 -1.5097
vt 0.0802 0.0308
vn -1.0000 0.0000 0.0000
v 0.9800 2.8137 -1.4230
vt 0.0802 0.0308
vn -1.0000 0.0000 0.0000
f 2284/2284/2284 2285/2285/2285 2286/2286/2286 2287/2287/2287
v 1.2250 2.7964 -1.4404
vt 0.0767 0.0933
vn 0.0001 -0.7069 0.7073
v 0.9800 2.8657 -1.3711
vt 0.0802 0.0933
vn 0.0000 -0.7069 0.7073
v 0.9800 2.8137 -1.4230
vt 0.0802 0.0933
vn 0.0000 -0.7071 0.7071
f 2288/2288/2288 2289/2289/2289 2290/2290/2290
v 0.2450 2.9523 -1.4577
vt 0.0908 0.0933
vn 1.0000 0.0000 0.0000
v 0.2450 2.8657 -1.3711
vt 0.0908 0.0933
vn 1.0000 0.0000 0.0000
v 0.2450 2.8310 -1.4057
vt 0.0908 0.0933
vn 1.0000 0.0000 0.0000
v 0.2450 2.9177 -1.4923
vt 0.0908 0.0933
vn 1.0000 0.0000 0.0000
f 2291/2291/2291 2292/2292/2292 2293/2293/2293 2294/2294/2294
v -0.9800 2.9523 -1.4577
vt 0.0448 0.0933
vn 1.0000 0.0000 0.0000
v -0.9800 2.8657 -1.3711
vt 0.0448 0.0933
vn 1.0000 0.0000 0.0000
v -0.9800 2.7791 -1.4577
vt 0.0448 0.0933
vn 1.0000 0.0000 0.0000
v -0.9800 2.8657 -1.5443
vt 0.0448 0.0933
vn 1.0000 0.0000 0.0000
f 2295/2295/2295 2296/2296/2296 2297/2297/2297 2298/2298/2298
v -0.9800 3.0563 -1.4923
vt 0.0448 0.1245
vn -0.0000 0.7474 -0.6644
v -0.9800 4.1650 -0.2450
vt 0.0448 0.1880
vn -0.0000 0.7474 -0.6644
v -0.7350 4.1650 -0.2450
vt 0.0413 0.1880
vn -0.0000 0.7474 -0.6644
v -0.7350 3.0563 -1.4923
vt 0.0413 0.1245
vn -0.0000 0.7474 -0.6644
f 2299/2299/2299 2300/2300/2300 2301/2301/2301 2302/2302/2302
v -0.7350 4.1650 -0.2450
vt 0.0413 0.1567
vn 1.0000 0.0000 0.0000
v -0.7350 2.9523 -1.4577
vt 0.0413 0.0933
vn 1.0000 0.0000 0.0000
v -0.7350 3.0563 -1.4923
vt 0.0413 0.0933
vn 1.0000 0.0000 0.0000
f 2303/2303/2303 2304/2304/2304 2305/2305/2305
v -0.7350 2.9523 -1.4577
vt 0.0413 0.0933
vn -0.0000 -0.5908 -0.8068
v -0.9800 2.9523 -1.4577
vt 0.0448 0.0933
vn -0.0000 -0.5257 -0.8507
v -0.9800 3.0563 -1.4923
vt 0.0448 0.0933
vn -0.0000 -0.3162 -0.9487
v -0.7350 3.0563 -1.4923
vt 0.0413 0.0933
vn -0.0000 -0.3162 -0.9487
f 2306/2306/2306 2307/2307/2307 2308/2308/2308 2309/2309/2309
v -0.2450 2.9523 0.9677
vt 0.0908 0.0777
vn 0.0000 0.7071 0.7071
v 0.0000 2.9523 0.9677
vt 0.0944 0.0777
vn 0.0000 0.7071 0.7071
v 0.0000 4.1650 -0.2450
vt 0.0944 0.1723
vn 0.0000 0.7071 0.7071
v -0.2450 4.1650 -0.2450
vt 0.0908 0.1723
vn 0.0000 0.7071 0.7071
f 2310/2310/2310 2311/2311/2311 2312/2312/2312 2313/2313/2313
v -0.2450 2.8657 0.8811
vt 0.0908 0.1089
vn 0.0000 -0.7068 -0.7074
v -0.2450 3.9926 -0.2450
vt 0.0908 0.1723
vn 0.0000 -0.7068 -0.7074
v 0.0000 3.9926 -0.2450
vt 0.0944 0.1723
vn 0.0000 -0.7068 -0.7074
v 0.0000 2.8657 0.8811
vt 0.0944 0.1089
vn 0.0000 -0.7069 -0.7073
f 2314/2314/2314 2315/2315/2315 2316/2316/2316 2317/2317/2317
v -0.2450 2.8657 0.8811
vt 0.0908 0.0777
vn 0.0000 -0.7071 0.7071
v 0.0000 2.8657 0.8811
vt 0.0944 0.0777
vn 0.0000 -0.7071 0.7071
v 0.0000 2.9523 0.9677
vt 0.0944 0.0777
vn 0.0000 -0.7071 0.7071
v -0.2450 2.9523 0.9677
vt 0.0908 0.0777
vn 0.0000 -0.7071 0.7071
f 2318/2318/2318 2319/2319/2319 2320/2320/2320 2321/2321/2321
v -1.2250 2.8657 0.8811
vt 0.0767 0.0777
vn 0.0000 -0.7071 0.7071
v -0.9800 2.8657 0.8811
vt 0.0802 0.0777
vn 0.0000 -0.7071 0.7071
v -0.9800 2.9523 0.9677
vt 0.0802 0.0777
vn 0.0000 -0.7071 0.7071
v -1.2250 2.9523 0.9677
vt 0.0767 0.0777
vn 0.0000 -0.7071 0.7071
f 2322/2322/2322 2323/2323/2323 2324/2324/2324 2325/2325/2325
v -0.9800 2.8657 0.8811
vt 0.0802 0.0620
vn 0.0000 -0.7071 0.7071
v -0.7350 2.8657 0.8811
vt 0.0837 0.0620
vn 0.0000 -0.7071 0.7071
v -0.7350 2.9523 0.9677
vt 0.0837 0.0620
vn 0.0000 -0.7071 0.7071
v -0.9800 2.9523 0.9677
vt 0.0802 0.0620
vn 0.0000 -0.7071 0.7071
f 2326/2326/2326 2327/2327/2327 2328/2328/2328 2329/2329/2329
v -0.4900 2.8657 0.8811
vt 0.0873 0.0308
vn 0.0000 -0.7071 0.7071
v -0.2450 2.8657 0.8811
vt 0.0908 0.0308
vn 0.0000 -0.7071 0.7071
v -0.2450 2.9523 0.9677
vt 0.0908 0.0308
vn 0.0000 -0.7071 0.7071
v -0.4900 2.9523 0.9677
vt 0.0873 0.0308
vn 0.0000 -0.7071 0.7071
f 2330/2330/2330 2331/2331/2331 2332/2332/2332 2333/2333/2333
v -0.2450 2.9523 0.9677
vt 0.0908 0.0620
vn 0.0000 0.7071 0.7071
v -0.2450 4.1650 -0.2450
vt 0.0908 0.1255
vn 0.0000 0.7071 0.7071
v -0.4900 4.1650 -0.2450
vt 0.0873 0.1255
vn 0.0000 0.7071 0.7071
v -0.4900 2.9523 0.9677
vt 0.0873 0.0620
vn 0.0000 0.7071 0.7071
f 2334/2334/2334 2335/2335/2335 2336/2336/2336 2337/2337/2337
v -0.4900 2.9523 0.9677
vt 0.0873 0.0777
vn 0.0000 0.7071 0.7071
v -0.4900 4.1650 -0.2450
vt 0.0873 0.1411
vn 0.0000 0.7071 0.7071
v -0.7350 4.1650 -0.2450
vt 0.0837 0.1411
vn 0.0000 0.7071 0.7071
v -0.7350 2.9523 0.9677
vt 0.0837 0.0777
vn 0.0000 0.7071 0.7071
f 2338/2338/2338 2339/2339/2339 2340/2340/2340 2341/2341/2341
v -0.7350 2.9523 0.9677
vt 0.0837 0.0933
vn 0.0000 0.7071 0.7071
v -0.7350 4.1650 -0.2450
vt 0.0837 0.1567
vn 0.0000 0.7071 0.7071
v -0.9800 4.1650 -0.2450
vt 0.0802 0.1567
vn 0.0000 0.7071 0.7071
v -0.9800 2.9523 0.9677
vt 0.0802 0.0933
vn 0.0000 0.7071 0.7071
f 2342/2342/2342 2343/2343/2343 2344/2344/2344 2345/2345/2345
v -0.9800 2.9523 0.9677
vt 0.0802 0.1089
vn 0.0000 0.7071 0.7071
v -0.9800 4.1650 -0.2450
vt 0.0802 0.1723
vn 0.0000 0.7071 0.7071
v -1.2250 4.1650 -0.2450
vt 0.0767 0.1723
vn 0.0000 0.7071 0.7071
v -1.2250 2.9523 0.9677
vt 0.0767 0.1089
vn 0.0000 0.7071 0.7071
f 2346/2346/2346 2347/2347/2347 2348/2348/2348 2349/2349/2349
v -1.2250 2.8657 0.8811
vt 0.0767 0.1089
vn 0.0000 -0.7068 -0.7074
v -1.2250 3.9926 -0.2450
vt 0.0767 0.1723
vn 0.0000 -0.7068 -0.7074
v -0.9800 3.9926 -0.2450
vt 0.0802 0.1723
vn 0.0000 -0.7068 -0.7074
v -0.9800 2.8657 0.8811
vt 0.0802 0.1089
vn 0.0000 -0.7068 -0.7074
f 2350/2350/2350 2351/2351/2351 2352/2352/2352 2353/2353/2353
v -0.9800 2.8657 0.8811
vt 0.0802 0.0933
vn 0.0000 -0.7068 -0.7074
v -0.9800 3.9926 -0.2450
vt 0.0802 0.1567
vn 0.0000 -0.7068 -0.7074
v -0.7350 3.9926 -0.2450
vt 0.0837 0.1567
vn 0.0000 -0.7068 -0.7074
v -0.7350 2.8657 0.8811
vt 0.0837 0.0933
vn 0.0000 -0.7069 -0.7073
f 2354/2354/2354 2355/2355/2355 2356/2356/2356 2357/2357/2357
v -0.7350 2.8657 0.8811
vt 0.0837 0.0777
vn 0.0000 -0.7069 -0.7073
v -0.7350 3.9926 -0.2450
vt 0.0837 0.1411
vn 0.0000 -0.7068 -0.7074
v -0.4900 3.9926 -0.2450
vt 0.0873 0.1411
vn 0.0000 -0.7068 -0.7074
v -0.4900 2.8657 0.8811
vt 0.0873 0.0777
vn 0.0000 -0.7069 -0.7073
f 2358/2358/2358 2359/2359/2359 2360/2360/2360 2361/2361/2361
v -0.4900 2.8657 0.8811
vt 0.0873 0.0620
vn 0.0000 -0.7069 -0.7073
v -0.4900 3.9926 -0.2450
vt 0.0873 0.1255
vn 0.0000 -0.7068 -0.7074
v -0.2450 3.9926 -0.2450
vt 0.0908 0.1255
vn 0.0000 -0.7068 -0.7074
v -0.2450 2.8657 0.8811
vt 0.0908 0.0620
vn 0.0000 -0.7068 -0.7074
f 2362/2362/2362 2363/2363/2363 2364/2364/2364 2365/2365/2365
v 0.2450 2.8830 1.0370
vt 0.0342 0.1245
vn 0.0000 0.7071 0.7071
v 0.2450 4.1650 -0.2450
vt 0.0342 0.1880
vn 0.0000 0.7071 0.7071
v 0.0000 4.1650 -0.2450
vt 0.0307 0.1880
vn 0.0000 0.7071 0.7071
v 0.0000 2.9523 0.9677
vt 0.0307 0.1245
vn 0.0000 0.7071 0.7071
f 2366/2366/2366 2367/2367/2367 2368/2368/2368 2369/2369/2369
v 0.4900 2.9523 0.9677
vt 0.0377 0.0933
vn 0.0000 0.7071 0.7071
v 0.2450 2.8830 1.0370
vt 0.0342 0.0933
vn 0.0000 0.7071 0.7071
v 0.4900 2.8657 1.0543
vt 0.0377 0.0933
vn 0.0000 0.7071 0.7071
f 2370/2370/2370 2371/2371/2371 2372/2372/2372
v 0.4900 2.8657 0.8811
vt 0.0377 0.0777
vn 0.0000 -0.7071 0.7071
v 0.7350 2.8657 0.8811
vt 0.0413 0.0777
vn 0.0000 -0.7071 0.7071
v 0.7350 2.9523 0.9677
vt 0.0413 0.0777
vn 0.0000 -0.5908 0.8068
v 0.4900 2.9523 0.9677
vt 0.0377 0.0777
vn 0.0000 -0.7071 0.7071
f 2373/2373/2373 2374/2374/2374 2375/2375/2375 2376/2376/2376
v 0.7350 2.8657 0.8811
vt 0.0413 0.0308
vn 0.0000 -0.7071 0.7071
v 0.9800 2.8657 0.8811
vt 0.0448 0.0308
vn 0.0000 -0.7071 0.7071
v 0.9800 2.9523 0.9677
vt 0.0448 0.0308
vn 0.0000 -0.5257 0.8507
v 0.7350 2.9523 0.9677
vt 0.0413 0.0308
vn 0.0000 -0.5908 0.8068
f 2377/2377/2377 2378/2378/2378 2379/2379/2379 2380/2380/2380
v 0.2450 2.8830 1.0370
vt 0.0342 0.1245
vn 0.0000 0.7071 0.7071
v 0.0000 2.9523 0.9677
vt 0.0307 0.1245
vn 0.0000 0.7071 0.7071
v 0.0000 2.9003 1.0197
vt 0.0307 0.1245
vn 0.0000 0.7071 0.7071
f 2381/2381/2381 2382/2382/2382 2383/2383/2383
v 1.2250 2.9003 1.0197
vt 0.0483 0.1089
vn 0.0000 0.7071 0.7071
v 1.2250 4.1650 -0.2450
vt 0.0483 0.1723
vn 0.0000 0.7071 0.7071
v 0.9800 4.1650 -0.2450
vt 0.0448 0.1723
vn 0.0000 0.7071 0.7071
v 0.9800 2.9523 0.9677
vt 0.0448 0.1089
vn 0.0000 0.7071 0.7071
f 2384/2384/2384 2385/2385/2385 2386/2386/2386 2387/2387/2387
v 0.7350 2.9523 0.9677
vt 0.0413 0.1089
vn 0.0000 0.7071 0.7071
v 0.7350 4.1650 -0.2450
vt 0.0413 0.1723
vn 0.0000 0.7071 0.7071
v 0.4900 4.1650 -0.2450
vt 0.0377 0.1723
vn 0.0000 0.7071 0.7071
v 0.4900 2.9523 0.9677
vt 0.0377 0.1089
vn 0.0000 0.7071 0.7071
f 2388/2388/2388 2389/2389/2389 2390/2390/2390 2391/2391/2391
v 0.4900 2.9523 0.9677
vt 0.0377 0.0933
vn 0.0000 0.7071 0.7071
v 0.4900 4.1650 -0.2450
vt 0.0377 0.1567
vn 0.0000 0.7071 0.7071
v 0.2450 4.1650 -0.2450
vt 0.0342 0.1567
vn 0.0000 0.7071 0.7071
v 0.2450 2.8830 1.0370
vt 0.0342 0.0933
vn 0.0000 0.7071 0.7071
f 2392/2392/2392 2393/2393/2393 2394/2394/2394 2395/2395/2395
v 0.0000 2.8657 0.8811
vt 0.0307 0.1245
vn 0.0000 -0.7069 -0.7073
v 0.0000 3.9926 -0.2450
vt 0.0307 0.1880
vn 0.0000 -0.7068 -0.7074
v 0.2450 3.9926 -0.2450
vt 0.0342 0.1880
vn 0.0000 -0.7068 -0.7074
v 0.2450 2.7964 0.9504
vt 0.0342 0.1245
vn 0.0000 -0.7069 -0.7073
f 2396/2396/2396 2397/2397/2397 2398/2398/2398 2399/2399/2399
v 0.2450 2.7964 0.9504
vt 0.0342 0.0933
vn 0.0000 -0.7069 -0.7073
v 0.2450 3.9926 -0.2450
vt 0.0342 0.1567
vn 0.0000 -0.7068 -0.7074
v 0.4900 3.9926 -0.2450
vt 0.0377 0.1567
vn 0.0000 -0.7068 -0.7074
v 0.4900 2.8657 0.8811
vt 0.0377 0.0933
vn 0.0000 -0.7069 -0.7073
f 2400/2400/2400 2401/2401/2401 2402/2402/2402 2403/2403/2403
v 0.4900 2.8657 0.8811
vt 0.0377 0.1089
vn 0.0000 -0.7069 -0.7073
v 0.4900 3.9926 -0.2450
vt 0.0377 0.1723
vn 0.0000 -0.7068 -0.7074
v 0.7350 3.9926 -0.2450
vt 0.0413 0.1723
vn 0.0000 -0.7068 -0.7074
v 0.7350 2.8657 0.8811
vt 0.0413 0.1089
vn 0.0000 -0.7068 -0.7074
f 2404/2404/2404 2405/2405/2405 2406/2406/2406 2407/2407/2407
v 0.7350 2.8657 0.8811
vt 0.0413 0.0620
vn 0.0000 -0.7068 -0.7074
v 0.7350 3.9926 -0.2450
vt 0.0413 0.1255
vn 0.0000 -0.7068 -0.7074
v 0.9800 3.9926 -0.2450
vt 0.0448 0.1255
vn 0.0000 -0.7068 -0.7074
v 0.9800 2.8657 0.8811
vt 0.0448 0.0620
vn 0.0000 -0.7069 -0.7073
f 2408/2408/2408 2409/2409/2409 2410/2410/2410 2411/2411/2411
v 0.9800 2.8657 0.8811
vt 0.0448 0.1089
vn 0.0000 -0.7069 -0.7073
v 0.9800 3.9926 -0.2450
vt 0.0448 0.1723
vn 0.0000 -0.7068 -0.7074
v 1.2250 3.9926 -0.2450
vt 0.0483 0.1723
vn 0.0001 -0.7068 -0.7074
v 1.2250 2.8137 0.9330
vt 0.0483 0.1089
vn 0.0000 -0.7069 -0.7073
f 2412/2412/2412 2413/2413/2413 2414/2414/2414 2415/2415/2415
v -0.4900 2.9523 0.9677
vt 0.0873 0.0777
vn 0.0000 0.7071 0.7071
v -0.7350 2.9523 0.9677
vt 0.0837 0.0777
vn 0.0000 0.7071 0.7071
v -0.7350 2.8830 1.0370
vt 0.0837 0.0777
vn 0.0000 0.7071 0.7071
v -0.4900 2.9177 1.0023
vt 0.0873 0.0777
vn 0.0000 0.7071 0.7071
f 2416/2416/2416 2417/2417/2417 2418/2418/2418 2419/2419/2419
v -0.7350 2.7964 0.9504
vt 0.0837 0.0464
vn 0.1961 -0.6934 0.6934
v -0.4900 2.8310 0.9157
vt 0.0873 0.0464
vn 0.1961 -0.6934 0.6934
v -0.4900 2.9177 1.0023
vt 0.0873 0.0464
vn 0.1961 -0.6934 0.6934
v -0.7350 2.8830 1.0370
vt 0.0837 0.0464
vn 0.1961 -0.6934 0.6934
f 2420/2420/2420 2421/2421/2421 2422/2422/2422 2423/2423/2423
v 0.0000 2.8137 0.9330
vt 0.0307 0.0933
vn -0.0995 -0.7036 0.7036
v 0.2450 2.7964 0.9504
vt 0.0342 0.0933
vn -0.0995 -0.7036 0.7036
v 0.2450 2.8830 1.0370
vt 0.0342 0.0933
vn -0.0995 -0.7036 0.7036
v 0.0000 2.9003 1.0197
vt 0.0307 0.0933
vn -0.0995 -0.7036 0.7036
f 2424/2424/2424 2425/2425/2425 2426/2426/2426 2427/2427/2427
v 0.2450 2.7964 0.9504
vt 0.0342 0.0620
vn -0.0995 -0.7036 0.7036
v 0.4900 2.7791 0.9677
vt 0.0377 0.0620
vn -0.0995 -0.7036 0.7036
v 0.4900 2.8657 1.0543
vt 0.0377 0.0620
vn -0.0995 -0.7036 0.7036
v 0.2450 2.8830 1.0370
vt 0.0342 0.0620
vn -0.0995 -0.7036 0.7036
f 2428/2428/2428 2429/2429/2429 2430/2430/2430 2431/2431/2431
v 0.9800 2.7791 0.9677
vt 0.0448 0.0777
vn 0.1961 -0.6934 0.6934
v 1.2250 2.8137 0.9330
vt 0.0483 0.0777
vn 0.1961 -0.6934 0.6934
v 1.2250 2.9003 1.0197
vt 0.0483 0.0777
vn 0.1961 -0.6934 0.6934
v 0.9800 2.8657 1.0543
vt 0.0448 0.0777
vn 0.1961 -0.6934 0.6934
f 2432/2432/2432 2433/2433/2433 2434/2434/2434 2435/2435/2435
v 0.0000 2.9523 0.9677
vt 0.0944 0.0777
vn -1.0000 0.0000 0.0000
v 0.0000 2.8657 0.8811
vt 0.0944 0.0777
vn -1.0000 0.0000 0.0000
v 0.0000 2.8137 0.9330
vt 0.0944 0.0777
vn -1.0000 0.0000 0.0000
v 0.0000 2.9003 1.0197
vt 0.0944 0.0777
vn -1.0000 0.0000 0.0000
f 2436/2436/2436 2437/2437/2437 2438/2438/2438 2439/2439/2439
v -0.7350 2.8657 0.8811
vt 0.0837 0.0777
vn 0.0000 -0.7069 -0.7073
v -0.4900 2.8657 0.8811
vt 0.0873 0.0777
vn 0.0000 -0.7069 -0.7073
v -0.4900 2.8310 0.9157
vt 0.0873 0.0777
vn 0.0000 -0.7071 -0.7071
v -0.7350 2.7964 0.9504
vt 0.0837 0.0777
vn 0.0000 -0.7071 -0.7071
f 2440/2440/2440 2441/2441/2441 2442/2442/2442 2443/2443/2443
v -0.7350 2.9523 0.9677
vt 0.0837 0.0620
vn -1.0000 0.0000 0.0000
v -0.7350 2.8657 0.8811
vt 0.0837 0.0620
vn -1.0000 0.0000 0.0000
v -0.7350 2.7964 0.9504
vt 0.0837 0.0620
vn -1.0000 0.0000 0.0000
v -0.7350 2.8830 1.0370
vt 0.0837 0.0620
vn -1.0000 0.0000 0.0000
f 2444/2444/2444 2445/2445/2445 2446/2446/2446 2447/2447/2447
v 1.2250 2.9003 1.0197
vt 0.0483 0.1089
vn 0.0000 0.7071 0.7071
v 0.9800 2.9523 0.9677
vt 0.0448 0.1089
vn 0.0000 0.7071 0.7071
v 0.9800 2.8657 1.0543
vt 0.0448 0.1089
vn 0.0000 0.7071 0.7071
f 2448/2448/2448 2449/2449/2449 2450/2450/2450
v -0.4900 2.8657 0.8811
vt 0.0873 0.0308
vn 1.0000 0.0000 0.0000
v -0.4900 2.9523 0.9677
vt 0.0873 0.0308
vn 1.0000 0.0000 0.0000
v -0.4900 2.9177 1.0023
vt 0.0873 0.0308
vn 1.0000 0.0000 0.0000
v -0.4900 2.8310 0.9157
vt 0.0873 0.0308
vn 1.0000 0.0000 0.0000
f 2451/2451/2451 2452/2452/2452 2453/2453/2453 2454/2454/2454
v 0.9800 2.8657 0.8811
vt 0.0448 0.1089
vn 0.0000 -0.7069 -0.7073
v 1.2250 2.8137 0.9330
vt 0.0483 0.1089
vn 0.0000 -0.7069 -0.7073
v 0.9800 2.7791 0.9677
vt 0.0448 0.1089
vn 0.0000 -0.7071 -0.7071
f 2455/2455/2455 2456/2456/2456 2457/2457/2457
v 0.0000 2.8657 0.8811
vt 0.0307 0.1245
vn 0.0000 -0.7069 -0.7073
v 0.2450 2.7964 0.9504
vt 0.0342 0.1245
vn 0.0000 -0.7069 -0.7073
v 0.0000 2.8137 0.9330
vt 0.0307 0.1245
vn 0.0000 -0.7071 -0.7071
f 2458/2458/2458 2459/2459/2459 2460/2460/2460
v 0.4900 2.8657 0.8811
vt 0.0377 0.0777
vn 1.0000 0.0000 0.0000
v 0.4900 2.9523 0.9677
vt 0.0377 0.0777
vn 1.0000 0.0000 0.0000
v 0.4900 2.8657 1.0543
vt 0.0377 0.0777
vn 1.0000 0.0000 0.0000
v 0.4900 2.7791 0.9677
vt 0.0377 0.0777
vn 1.0000 0.0000 0.0000
f 2461/2461/2461 2462/2462/2462 2463/2463/2463 2464/2464/2464
v 0.2450 2.7964 0.9504
vt 0.0342 0.0933
vn 0.0000 -0.7069 -0.7073
v 0.4900 2.8657 0.8811
vt 0.0377 0.0933
vn 0.0000 -0.7069 -0.7073
v 0.4900 2.7791 0.9677
vt 0.0377 0.0933
vn 0.0000 -0.7071 -0.7071
f 2465/2465/2465 2466/2466/2466 2467/2467/2467
v 0.9800 2.9523 0.9677
vt 0.0448 0.0308
vn -1.0000 0.0000 0.0000
v 0.9800 2.8657 0.8811
vt 0.0448 0.0308
vn -1.0000 0.0000 0.0000
v 0.9800 2.7791 0.9677
vt 0.0448 0.0308
vn -1.0000 0.0000 0.0000
v 0.9800 2.8657 1.0543
vt 0.0448 0.0308
vn -1.0000 0.0000 0.0000
f 2468/2468/2468 2469/2469/2469 2470/2470/2470 2471/2471/2471
v 0.9800 3.0563 1.0023
vt 0.0448 0.0620
vn 0.0000 0.7474 0.6644
v 0.9800 4.1650 -0.2450
vt 0.0448 0.1255
vn 0.0000 0.7474 0.6644
v 0.7350 4.1650 -0.2450
vt 0.0413 0.1255
vn 0.0000 0.7474 0.6644
v 0.7350 3.0563 1.0023
vt 0.0413 0.0620
vn 0.0000 0.7474 0.6644
f 2472/2472/2472 2473/2473/2473 2474/2474/2474 2475/2475/2475
v 0.9800 2.9523 0.9677
vt 0.0448 0.1089
vn 1.0000 0.0000 0.0000
v 0.9800 4.1650 -0.2450
vt 0.0448 0.1723
vn 1.0000 0.0000 0.0000
v 0.9800 3.0563 1.0023
vt 0.0448 0.1089
vn 1.0000 0.0000 0.0000
f 2476/2476/2476 2477/2477/2477 2478/2478/2478
v 0.7350 4.1650 -0.2450
vt 0.0413 0.1723
vn -1.0000 0.0000 0.0000
v 0.7350 2.9523 0.9677
vt 0.0413 0.1089
vn -1.0000 0.0000 0.0000
v 0.7350 3.0563 1.0023
vt 0.0413 0.1089
vn -1.0000 0.0000 0.0000
f 2479/2479/2479 2480/2480/2480 2481/2481/2481
v 0.4900 2.9523 -1.4577
vt 0.0873 0.0777
vn 0.0000 0.7071 -0.7071
v 0.4900 4.1650 -0.2450
vt 0.0873 0.1723
vn 0.0000 0.7071 -0.7071
v 0.7350 4.1650 -0.2450
vt 0.0837 0.1723
vn 0.0000 0.7071 -0.7071
v 0.7350 2.9523 -1.4577
vt 0.0837 0.0777
vn 0.0000 0.7071 -0.7071
f 2482/2482/2482 2483/2483/2483 2484/2484/2484 2485/2485/2485
v 0.7350 2.9523 0.9677
vt 0.0413 0.0308
vn 0.0000 -0.5908 0.8068
v 0.9800 2.9523 0.9677
vt 0.0448 0.0308
vn 0.0000 -0.5257 0.8507
v 0.9800 3.0563 1.0023
vt 0.0448 0.0308
vn 0.0000 -0.3162 0.9487
v 0.7350 3.0563 1.0023
vt 0.0413 0.0308
vn 0.0000 -0.3162 0.9487
f 2486/2486/2486 2487/2487/2487 2488/2488/2488 2489/2489/2489
v -0.5197 3.5779 0.1837
vt 0.0342 0.0933
vn -0.7071 0.7071 0.0000
v 0.0000 4.0976 0.1837
vt 0.0342 0.1567
vn -0.7071 0.7071 0.0000
v 0.0000 4.0976 -0.0000
vt 0.0307 0.1567
vn -0.7071 0.7071 0.0000
v -0.5197 3.5779 0.0000
vt 0.0307 0.0933
vn -0.7071 0.7071 0.0000
f 2490/2490/2490 2491/2491/2491 2492/2492/2492 2493/2493/2493
v -0.5197 3.5779 0.0000
vt 0.0307 0.0620
vn -0.7023 -0.7119 0.0000
v -0.3442 3.4047 0.1837
vt 0.0342 0.0620
vn -0.7023 -0.7119 0.0000
v -0.5197 3.5779 0.1837
vt 0.0342 0.0620
vn -0.7023 -0.7119 0.0000
f 2494/2494/2494 2495/2495/2495 2496/2496/2496
v -0.3442 3.4047 0.1837
vt 0.0342 0.0308
vn -0.7023 -0.7119 0.0000
v -0.3442 3.4047 0.3675
vt 0.0377 0.0308
vn -0.7023 -0.7119 0.0000
v -0.5197 3.5779 0.3675
vt 0.0377 0.0308
vn -0.7023 -0.7119 0.0000
v -0.5197 3.5779 0.1837
vt 0.0342 0.0308
vn -0.7023 -0.7119 0.0000
f 2497/2497/2497 2498/2498/2498 2499/2499/2499 2500/2500/2500
v -0.3442 3.4047 0.3675
vt 0.0377 0.0620
vn -0.7023 -0.7119 0.0000
v -0.3442 3.4047 0.5513
vt 0.0413 0.0620
vn -0.7023 -0.7119 0.0000
v -0.5197 3.5779 0.5513
vt 0.0413 0.0620
vn -0.8041 -0.5945 0.0000
v -0.5197 3.5779 0.3675
vt 0.0377 0.0620
vn -0.7023 -0.7119 0.0000
f 2501/2501/2501 2502/2502/2502 2503/2503/2503 2504/2504/2504
v -0.3442 3.4047 0.5513
vt 0.0413 0.0933
vn -0.7023 -0.7119 0.0000
v -0.3442 3.4047 0.7350
vt 0.0448 0.0933
vn -0.7023 -0.7119 0.0000
v -0.5197 3.5779 0.7350
vt 0.0448 0.0933
vn -0.8489 -0.5286 0.0000
v -0.5197 3.5779 0.5513
vt 0.0413 0.0933
vn -0.8041 -0.5945 0.0000
f 2505/2505/2505 2506/2506/2506 2507/2507/2507 2508/2508/2508
v -0.5197 3.5779 0.5513
vt 0.0413 0.0933
vn -0.7071 0.7071 0.0000
v 0.0000 4.0976 0.5512
vt 0.0413 0.1567
vn -0.7071 0.7071 0.0000
v 0.0000 4.0976 0.3675
vt 0.0377 0.1567
vn -0.7071 0.7071 0.0000
v -0.5197 3.5779 0.3675
vt 0.0377 0.0933
vn -0.7071 0.7071 0.0000
f 2509/2509/2509 2510/2510/2510 2511/2511/2511 2512/2512/2512
v -0.5197 3.5779 0.3675
vt 0.0377 0.0620
vn -0.7071 0.7071 0.0000
v 0.0000 4.0976 0.3675
vt 0.0377 0.1255
vn -0.7071 0.7071 0.0000
v 0.0000 4.0976 0.1837
vt 0.0342 0.1255
vn -0.7071 0.7071 0.0000
v -0.5197 3.5779 0.1837
vt 0.0342 0.0620
vn -0.7071 0.7071 0.0000
f 2513/2513/2513 2514/2514/2514 2515/2515/2515 2516/2516/2516
v -0.5197 3.5779 0.7350
vt 0.0448 0.1089
vn 0.0000 0.0000 1.0000
v 0.0000 4.0976 0.7350
vt 0.0448 0.1723
vn 0.0000 0.0000 1.0000
v -0.5457 3.6559 0.7350
vt 0.0448 0.1089
vn 0.0000 0.0000 1.0000
f 2517/2517/2517 2518/2518/2518 2519/2519/2519
v -0.5197 3.5779 0.0000
vt 0.0944 0.1089
vn -0.7071 0.7071 0.0000
v 0.0000 4.0976 -0.0000
vt 0.0944 0.1723
vn -0.7071 0.7071 0.0000
v 0.0000 4.0976 -0.1838
vt 0.0908 0.1723
vn -0.7071 0.7071 0.0000
f 2520/2520/2520 2521/2521/2521 2522/2522/2522
v -0.5457 3.6559 0.7350
vt 0.0448 0.1245
vn -0.6292 0.7772 0.0000
v 0.0000 4.0976 0.7350
vt 0.0448 0.1880
vn -0.6292 0.7772 0.0000
v 0.0000 4.0976 0.5512
vt 0.0413 0.1880
vn -0.6292 0.7772 0.0000
v -0.5457 3.6559 0.5513
vt 0.0413 0.1245
vn -0.6292 0.7772 0.0000
f 2523/2523/2523 2524/2524/2524 2525/2525/2525 2526/2526/2526
v 0.0000 4.0976 0.5512
vt 0.0413 0.1567
vn 0.0000 0.0000 -1.0000
v -0.5197 3.5779 0.5513
vt 0.0413 0.0933
vn 0.0000 0.0000 -1.0000
v -0.5457 3.6559 0.5513
vt 0.0413 0.0933
vn 0.0000 0.0000 -1.0000
f 2527/2527/2527 2528/2528/2528 2529/2529/2529
v -0.5197 3.5779 0.5513
vt 0.0413 0.0933
vn -0.8041 -0.5945 0.0000
v -0.5197 3.5779 0.7350
vt 0.0448 0.0933
vn -0.8489 -0.5286 0.0000
v -0.5457 3.6559 0.7350
vt 0.0448 0.0933
vn -0.9487 -0.3162 0.0000
v -0.5457 3.6559 0.5513
vt 0.0413 0.0933
vn -0.9487 -0.3162 0.0000
f 2530/2530/2530 2531/2531/2531 2532/2532/2532 2533/2533/2533
v 0.3442 3.4047 0.1837
vt 0.0908 0.0777
vn 0.7023 -0.7119 -0.0000
v 0.5197 3.5779 -0.0000
vt 0.0944 0.0777
vn 0.7023 -0.7119 -0.0000
v 0.5197 3.5779 0.1837
vt 0.0908 0.0777
vn 0.7023 -0.7119 -0.0000
f 2534/2534/2534 2535/2535/2535 2536/2536/2536
v 0.3442 3.4047 0.7350
vt 0.0802 0.0620
vn 0.7023 -0.7119 -0.0000
v 0.3442 3.4047 0.5512
vt 0.0837 0.0620
vn 0.7023 -0.7119 -0.0000
v 0.5197 3.5779 0.5512
vt 0.0837 0.0620
vn 0.7023 -0.7119 -0.0000
v 0.5197 3.5779 0.7350
vt 0.0802 0.0620
vn 0.7023 -0.7119 -0.0000
f 2537/2537/2537 2538/2538/2538 2539/2539/2539 2540/2540/2540
v 0.3442 3.4047 0.3675
vt 0.0873 0.0308
vn 0.7023 -0.7119 -0.0000
v 0.3442 3.4047 0.1837
vt 0.0908 0.0308
vn 0.7023 -0.7119 -0.0000
v 0.5197 3.5779 0.1837
vt 0.0908 0.0308
vn 0.7023 -0.7119 -0.0000
v 0.5197 3.5779 0.3675
vt 0.0873 0.0308
vn 0.7023 -0.7119 -0.0000
f 2541/2541/2541 2542/2542/2542 2543/2543/2543 2544/2544/2544
v 0.5197 3.5779 0.1837
vt 0.0908 0.0620
vn 0.7071 0.7071 0.0000
v 0.0000 4.0976 0.1837
vt 0.0908 0.1255
vn 0.7071 0.7071 0.0000
v 0.0000 4.0976 0.3675
vt 0.0873 0.1255
vn 0.7071 0.7071 0.0000
v 0.5197 3.5779 0.3675
vt 0.0873 0.0620
vn 0.7071 0.7071 0.0000
f 2545/2545/2545 2546/2546/2546 2547/2547/2547 2548/2548/2548
v 0.5197 3.5779 0.3675
vt 0.0873 0.0777
vn 0.7071 0.7071 0.0000
v 0.0000 4.0976 0.3675
vt 0.0873 0.1411
vn 0.7071 0.7071 0.0000
v 0.0000 4.0976 0.5512
vt 0.0837 0.1411
vn 0.7071 0.7071 0.0000
v 0.5197 3.5779 0.5512
vt 0.0837 0.0777
vn 0.7071 0.7071 0.0000
f 2549/2549/2549 2550/2550/2550 2551/2551/2551 2552/2552/2552
v 0.5197 3.5779 0.5512
vt 0.0837 0.0933
vn 0.7071 0.7071 0.0000
v 0.0000 4.0976 0.5512
vt 0.0837 0.1567
vn 0.7071 0.7071 0.0000
v 0.0000 4.0976 0.7350
vt 0.0802 0.1567
vn 0.7071 0.7071 0.0000
v 0.5197 3.5779 0.7350
vt 0.0802 0.0933
vn 0.7071 0.7071 0.0000
f 2553/2553/2553 2554/2554/2554 2555/2555/2555 2556/2556/2556
v 0.5197 3.5779 -0.0000
vt 0.0342 0.1245
vn 0.7071 0.7071 0.0000
v 0.0000 4.0976 -0.1838
vt 0.0342 0.1880
vn 0.7071 0.7071 0.0000
v 0.0000 4.0976 -0.0000
vt 0.0307 0.1880
vn 0.7071 0.7071 0.0000
f 2557/2557/2557 2558/2558/2558 2559/2559/2559
v 0.3442 3.4047 0.5512
vt 0.0837 0.0777
vn 0.7023 -0.7119 -0.0000
v 0.3442 3.4047 0.3675
vt 0.0873 0.0308
vn 0.7023 -0.7119 -0.0000
v 0.5197 3.5779 0.3675
vt 0.0873 0.0777
vn 0.7023 -0.7119 -0.0000
v 0.5197 3.5779 0.5512
vt 0.0837 0.0620
vn 0.7023 -0.7119 -0.0000
f 2560/2560/2560 2561/2561/2561 2562/2562/2562 2563/2563/2563
v 0.5197 3.5779 0.1837
vt 0.0908 0.0777
vn 0.7071 0.7071 0.0000
v 0.5197 3.5779 -0.0000
vt 0.0944 0.0777
vn 0.7071 0.7071 0.0000
v 0.0000 4.0976 -0.0000
vt 0.0944 0.1723
vn 0.7071 0.7071 0.0000
v 0.0000 4.0976 0.1837
vt 0.0908 0.1723
vn 0.7071 0.7071 0.0000
f 2564/2564/2564 2565/2565/2565 2566/2566/2566 2567/2567/2567
v 1.2851 1.2929 -0.1503
vt 0.1607 0.8075
vn 0.5891 0.0000 0.8081
v 1.2851 1.4033 -0.1503
vt 0.1607 0.8350
vn 0.5891 0.0000 0.8081
v 1.1987 1.4452 -0.0874
vt 0.1557 0.8384
vn 0.5891 0.0000 0.8081
v 1.1987 1.2509 -0.0874
vt 0.1557 0.8041
vn 0.5891 0.0000 0.8081
f 2568/2568/2568 2569/2569/2569 2570/2570/2570 2571/2571/2571
v 1.1987 1.2509 -0.3788
vt 0.2071 0.8041
vn 0.5891 0.0000 -0.8081
v 1.1987 1.4452 -0.3788
vt 0.2071 0.8384
vn 0.5891 0.0000 -0.8081
v 1.2851 1.4033 -0.3159
vt 0.2020 0.8350
vn 0.5891 0.0000 -0.8081
v 1.2851 1.2929 -0.3159
vt 0.2020 0.8075
vn 0.5891 0.0000 -0.8081
f 2572/2572/2572 2573/2573/2573 2574/2574/2574 2575/2575/2575
v 1.2851 1.2929 -0.3159
vt 0.2020 0.8231
vn 1.0000 0.0000 0.0000
v 1.2851 1.4033 -0.3159
vt 0.2020 0.8506
vn 1.0000 0.0000 0.0000
v 1.2851 1.4033 -0.1503
vt 0.1607 0.8506
vn 1.0000 0.0000 0.0000
v 1.2851 1.2929 -0.1503
vt 0.1607 0.8231
vn 1.0000 0.0000 0.0000
f 2576/2576/2576 2577/2577/2577 2578/2578/2578 2579/2579/2579
v 1.1987 1.2509 -0.0874
vt 0.1557 0.7885
vn 0.4371 -0.8994 0.0000
v 1.1987 1.2509 -0.3788
vt 0.2071 0.7885
vn 0.4371 -0.8994 0.0000
v 1.2851 1.2929 -0.3159
vt 0.2020 0.7919
vn 0.4371 -0.8994 0.0000
v 1.2851 1.2929 -0.1503
vt 0.1607 0.7919
vn 0.4371 -0.8994 0.0000
f 2580/2580/2580 2581/2581/2581 2582/2582/2582 2583/2583/2583
v 1.1987 1.4452 -0.3788
vt 0.2071 0.8696
vn 0.4371 0.8994 0.0000
v 1.1987 1.4452 -0.0874
vt 0.1557 0.8696
vn 0.4371 0.8994 0.0000
v 1.2851 1.4033 -0.1503
vt 0.1607 0.8662
vn 0.4371 0.8994 0.0000
v 1.2851 1.4033 -0.3159
vt 0.2020 0.8662
vn 0.4371 0.8994 0.0000
f 2584/2584/2584 2585/2585/2585 2586/2586/2586 2587/2587/2587
v 1.2851 1.2929 -0.3603
vt 0.1607 0.8075
vn 0.5891 0.0000 0.8081
v 1.2851 1.4033 -0.3603
vt 0.1607 0.8350
vn 0.5891 0.0000 0.8081
v 1.1987 1.4452 -0.2974
vt 0.1557 0.8384
vn 0.5891 0.0000 0.8081
v 1.1987 1.2509 -0.2974
vt 0.1557 0.8041
vn 0.5891 0.0000 0.8081
f 2588/2588/2588 2589/2589/2589 2590/2590/2590 2591/2591/2591
v 1.1987 1.2509 -0.5888
vt 0.2071 0.8041
vn 0.5891 0.0000 -0.8081
v 1.1987 1.4452 -0.5888
vt 0.2071 0.8384
vn 0.5891 0.0000 -0.8081
v 1.2851 1.4033 -0.5259
vt 0.2020 0.8350
vn 0.5891 0.0000 -0.8081
v 1.2851 1.2929 -0.5259
vt 0.2020 0.8075
vn 0.5891 0.0000 -0.8081
f 2592/2592/2592 2593/2593/2593 2594/2594/2594 2595/2595/2595
v 1.2851 1.2929 -0.5259
vt 0.2020 0.8231
vn 1.0000 0.0000 0.0000
v 1.2851 1.4033 -0.5259
vt 0.2020 0.8506
vn 1.0000 0.0000 0.0000
v 1.2851 1.4033 -0.3603
vt 0.1607 0.8506
vn 1.0000 0.0000 0.0000
v 1.2851 1.2929 -0.3603
vt 0.1607 0.8231
vn 1.0000 0.0000 0.0000
f 2596/2596/2596 2597/2597/2597 2598/2598/2598 2599/2599/2599
v 1.1987 1.2509 -0.2974
vt 0.1557 0.7885
vn 0.4371 -0.8994 0.0000
v 1.1987 1.2509 -0.5888
vt 0.2071 0.7885
vn 0.4371 -0.8994 0.0000
v 1.2851 1.2929 -0.5259
vt 0.2020 0.7919
vn 0.4371 -0.8994 0.0000
v 1.2851 1.2929 -0.3603
vt 0.1607 0.7919
vn 0.4371 -0.8994 0.0000
f 2600/2600/2600 2601/2601/2601 2602/2602/2602 2603/2603/2603
v 1.1987 1.4452 -0.5888
vt 0.2071 0.8696
vn 0.4371 0.8994 0.0000
v 1.1987 1.4452 -0.2974
vt 0.1557 0.8696
vn 0.4371 0.8994 0.0000
v 1.2851 1.4033 -0.3603
vt 0.1607 0.8662
vn 0.4371 0.8994 0.0000
v 1.2851 1.4033 -0.5259
vt 0.2020 0.8662
vn 0.4371 0.8994 0.0000
f 2604/2604/2604 2605/2605/2605 2606/2606/2606 2607/2607/2607
v 1.2851 1.4329 -0.2553
vt 0.1607 0.8075
vn 0.5891 0.0000 0.8081
v 1.2851 1.5433 -0.2553
vt 0.1607 0.8350
vn 0.5891 0.0000 0.8081
v 1.1987 1.5852 -0.1924
vt 0.1557 0.8384
vn 0.5891 0.0000 0.8081
v 1.1987 1.3909 -0.1924
vt 0.1557 0.8041
vn 0.5891 0.0000 0.8081
f 2608/2608/2608 2609/2609/2609 2610/2610/2610 2611/2611/2611
v 1.1987 1.3909 -0.4838
vt 0.2071 0.8041
vn 0.5891 0.0000 -0.8081
v 1.1987 1.5852 -0.4838
vt 0.2071 0.8384
vn 0.5891 0.0000 -0.8081
v 1.2851 1.5433 -0.4209
vt 0.2020 0.8350
vn 0.5891 0.0000 -0.8081
v 1.2851 1.4329 -0.4209
vt 0.2020 0.8075
vn 0.5891 0.0000 -0.8081
f 2612/2612/2612 2613/2613/2613 2614/2614/2614 2615/2615/2615
v 1.2851 1.4329 -0.4209
vt 0.2020 0.8231
vn 1.0000 0.0000 0.0000
v 1.2851 1.5433 -0.4209
vt 0.2020 0.8506
vn 1.0000 0.0000 0.0000
v 1.2851 1.5433 -0.2553
vt 0.1607 0.8506
vn 1.0000 0.0000 0.0000
v 1.2851 1.4329 -0.2553
vt 0.1607 0.8231
vn 1.0000 0.0000 0.0000
f 2616/2616/2616 2617/2617/2617 2618/2618/2618 2619/2619/2619
v 1.1987 1.3909 -0.1924
vt 0.1557 0.7885
vn 0.4371 -0.8994 0.0000
v 1.1987 1.3909 -0.4838
vt 0.2071 0.7885
vn 0.4371 -0.8994 0.0000
v 1.2851 1.4329 -0.4209
vt 0.2020 0.7919
vn 0.4371 -0.8994 0.0000
v 1.2851 1.4329 -0.2553
vt 0.1607 0.7919
vn 0.4371 -0.8994 0.0000
f 2620/2620/2620 2621/2621/2621 2622/2622/2622 2623/2623/2623
v 1.1987 1.5852 -0.4838
vt 0.2071 0.8696
vn 0.4371 0.8994 0.0000
v 1.1987 1.5852 -0.1924
vt 0.1557 0.8696
vn 0.4371 0.8994 0.0000
v 1.2851 1.5433 -0.2553
vt 0.1607 0.8662
vn 0.4371 0.8994 0.0000
v 1.2851 1.5433 -0.4209
vt 0.2020 0.8662
vn 0.4371 0.8994 0.0000
f 2624/2624/2624 2625/2625/2625 2626/2626/2626 2627/2627/2627
v 1.2851 1.1529 -0.2553
vt 0.1607 0.8075
vn 0.5891 0.0000 0.8081
v 1.2851 1.2633 -0.2553
vt 0.1607 0.8350
vn 0.5891 0.0000 0.8081
v 1.1987 1.3052 -0.1924
vt 0.1557 0.8384
vn 0.5891 0.0000 0.8081
v 1.1987 1.1109 -0.1924
vt 0.1557 0.8041
vn 0.5891 0.0000 0.8081
f 2628/2628/2628 2629/2629/2629 2630/2630/2630 2631/2631/2631
v 1.1987 1.1109 -0.4838
vt 0.2071 0.8041
vn 0.5891 0.0000 -0.8081
v 1.1987 1.3052 -0.4838
vt 0.2071 0.8384
vn 0.5891 0.0000 -0.8081
v 1.2851 1.2633 -0.4209
vt 0.2020 0.8350
vn 0.5891 0.0000 -0.8081
v 1.2851 1.1529 -0.4209
vt 0.2020 0.8075
vn 0.5891 0.0000 -0.8081
f 2632/2632/2632 2633/2633/2633 2634/2634/2634 2635/2635/2635
v 1.2851 1.1529 -0.4209
vt 0.2020 0.8231
vn 1.0000 0.0000 0.0000
v 1.2851 1.2633 -0.4209
vt 0.2020 0.8506
vn 1.0000 0.0000 0.0000
v 1.2851 1.2633 -0.2553
vt 0.1607 0.8506
vn 1.0000 0.0000 0.0000
v 1.2851 1.1529 -0.2553
vt 0.1607 0.8231
vn 1.0000 0.0000 0.0000
f 2636/2636/2636 2637/2637/2637 2638/2638/2638 2639/2639/2639
v 1.1987 1.1109 -0.1924
vt 0.1557 0.7885
vn 0.4371 -0.8994 0.0000
v 1.1987 1.1109 -0.4838
vt 0.2071 0.7885
vn 0.4371 -0.8994 0.0000
v 1.2851 1.1529 -0.4209
vt 0.2020 0.7919
vn 0.4371 -0.8994 0.0000
v 1.2851 1.1529 -0.2553
vt 0.1607 0.7919
vn 0.4371 -0.8994 0.0000
f 2640/2640/2640 2641/2641/2641 2642/2642/2642 2643/2643/2643
v 1.1987 1.3052 -0.4838
vt 0.2071 0.8696
vn 0.4371 0.8994 0.0000
v 1.1987 1.3052 -0.1924
vt 0.1557 0.8696
vn 0.4371 0.8994 0.0000
v 1.2851 1.2633 -0.2553
vt 0.1607 0.8662
vn 0.4371 0.8994 0.0000
v 1.2851 1.2633 -0.4209
vt 0.2020 0.8662
vn 0.4371 0.8994 0.0000
f 2644/2644/2644 2645/2645/2645 2646/2646/2646 2647/2647/2647
v -1.2192 0.2753 1.0103
vt 0.2857 0.8179
vn -0.8081 0.0000 0.5891
v -1.2192 0.3857 1.0103
vt 0.2857 0.8454
vn -0.8081 0.0000 0.5891
v -1.2821 0.4277 0.9240
vt 0.2807 0.8488
vn -0.8081 0.0000 0.5891
v -1.2821 0.2334 0.9240
vt 0.2807 0.8145
vn -0.8081 0.0000 0.5891
f 2648/2648/2648 2649/2649/2649 2650/2650/2650 2651/2651/2651
v -0.9906 0.2334 0.9240
vt 0.3321 0.8145
vn 0.8081 0.0000 0.5891
v -0.9906 0.4277 0.9240
vt 0.3321 0.8488
vn 0.8081 0.0000 0.5891
v -1.0536 0.3857 1.0103
vt 0.3270 0.8454
vn 0.8081 0.0000 0.5891
v -1.0536 0.2753 1.0103
vt 0.3270 0.8179
vn 0.8081 0.0000 0.5891
f 2652/2652/2652 2653/2653/2653 2654/2654/2654 2655/2655/2655
v -1.0536 0.2753 1.0103
vt 0.3270 0.8335
vn 0.0000 0.0000 1.0000
v -1.0536 0.3857 1.0103
vt 0.3270 0.8610
vn 0.0000 0.0000 1.0000
v -1.2192 0.3857 1.0103
vt 0.2857 0.8610
vn 0.0000 0.0000 1.0000
v -1.2192 0.2753 1.0103
vt 0.2857 0.8335
vn 0.0000 0.0000 1.0000
f 2656/2656/2656 2657/2657/2657 2658/2658/2658 2659/2659/2659
v -1.2821 0.2334 0.9240
vt 0.2807 0.7989
vn 0.0000 -0.8994 0.4371
v -0.9906 0.2334 0.9240
vt 0.3321 0.7989
vn 0.0000 -0.8994 0.4371
v -1.0536 0.2753 1.0103
vt 0.3270 0.8023
vn 0.0000 -0.8994 0.4371
v -1.2192 0.2753 1.0103
vt 0.2857 0.8023
vn 0.0000 -0.8994 0.4371
f 2660/2660/2660 2661/2661/2661 2662/2662/2662 2663/2663/2663
v -0.9906 0.4277 0.9240
vt 0.3321 0.8800
vn 0.0000 0.8994 0.4371
v -1.2821 0.4277 0.9240
vt 0.2807 0.8800
vn 0.0000 0.8994 0.4371
v -1.2192 0.3857 1.0103
vt 0.2857 0.8767
vn 0.0000 0.8994 0.4371
v -1.0536 0.3857 1.0103
vt 0.3270 0.8767
vn 0.0000 0.8994 0.4371
f 2664/2664/2664 2665/2665/2665 2666/2666/2666 2667/2667/2667
v -0.4976 0.2753 1.0103
vt 0.2857 0.8179
vn -0.8081 0.0000 0.5891
v -0.4976 0.3857 1.0103
vt 0.2857 0.8454
vn -0.8081 0.0000 0.5891
v -0.5605 0.4277 0.9240
vt 0.2807 0.8488
vn -0.8081 0.0000 0.5891
v -0.5605 0.2334 0.9240
vt 0.2807 0.8145
vn -0.8081 0.0000 0.5891
f 2668/2668/2668 2669/2669/2669 2670/2670/2670 2671/2671/2671
v -0.2691 0.2334 0.9240
vt 0.3321 0.8145
vn 0.8081 0.0000 0.5891
v -0.2691 0.4277 0.9240
vt 0.3321 0.8488
vn 0.8081 0.0000 0.5891
v -0.3320 0.3857 1.0103
vt 0.3270 0.8454
vn 0.8081 0.0000 0.5891
v -0.3320 0.2753 1.0103
vt 0.3270 0.8179
vn 0.8081 0.0000 0.5891
f 2672/2672/2672 2673/2673/2673 2674/2674/2674 2675/2675/2675
v -0.3320 0.2753 1.0103
vt 0.3270 0.8335
vn 0.0000 0.0000 1.0000
v -0.3320 0.3857 1.0103
vt 0.3270 0.8610
vn 0.0000 0.0000 1.0000
v -0.4976 0.3857 1.0103
vt 0.2857 0.8610
vn 0.0000 0.0000 1.0000
v -0.4976 0.2753 1.0103
vt 0.2857 0.8335
vn 0.0000 0.0000 1.0000
f 2676/2676/2676 2677/2677/2677 2678/2678/2678 2679/2679/2679
v -0.5605 0.2334 0.9240
vt 0.2807 0.7989
vn 0.0000 -0.8994 0.4371
v -0.2691 0.2334 0.9240
vt 0.3321 0.7989
vn 0.0000 -0.8994 0.4371
v -0.3320 0.2753 1.0103
vt 0.3270 0.8023
vn 0.0000 -0.8994 0.4371
v -0.4976 0.2753 1.0103
vt 0.2857 0.8023
vn 0.0000 -0.8994 0.4371
f 2680/2680/2680 2681/2681/2681 2682/2682/2682 2683/2683/2683
v -0.2691 0.4277 0.9240
vt 0.3321 0.8800
vn 0.0000 0.8994 0.4371
v -0.5605 0.4277 0.9240
vt 0.2807 0.8800
vn 0.0000 0.8994 0.4371
v -0.4976 0.3857 1.0103
vt 0.2857 0.8767
vn 0.0000 0.8994 0.4371
v -0.3320 0.3857 1.0103
vt 0.3270 0.8767
vn 0.0000 0.8994 0.4371
f 2684/2684/2684 2685/2685/2685 2686/2686/2686 2687/2687/2687
v -1.1142 0.4153 1.0103
vt 0.2857 0.8179
vn -0.8081 0.0000 0.5891
v -1.1142 0.5257 1.0103
vt 0.2857 0.8454
vn -0.8081 0.0000 0.5891
v -1.1771 0.5677 0.9240
vt 0.2807 0.8488
vn -0.8081 0.0000 0.5891
v -1.1771 0.3734 0.9240
vt 0.2807 0.8145
vn -0.8081 0.0000 0.5891
f 2688/2688/2688 2689/2689/2689 2690/2690/2690 2691/2691/2691
v -0.8856 0.3734 0.9240
vt 0.3321 0.8145
vn 0.8081 0.0000 0.5891
v -0.8856 0.5677 0.9240
vt 0.3321 0.8488
vn 0.8081 0.0000 0.5891
v -0.9486 0.5257 1.0103
vt 0.3270 0.8454
vn 0.8081 0.0000 0.5891
v -0.9486 0.4153 1.0103
vt 0.3270 0.8179
vn 0.8081 0.0000 0.5891
f 2692/2692/2692 2693/2693/2693 2694/2694/2694 2695/2695/2695
v -0.9486 0.4153 1.0103
vt 0.3270 0.8335
vn 0.0000 0.0000 1.0000
v -0.9486 0.5257 1.0103
vt 0.3270 0.8610
vn 0.0000 0.0000 1.0000
v -1.1142 0.5257 1.0103
vt 0.2857 0.8610
vn 0.0000 0.0000 1.0000
v -1.1142 0.4153 1.0103
vt 0.2857 0.8335
vn 0.0000 0.0000 1.0000
f 2696/2696/2696 2697/2697/2697 2698/2698/2698 2699/2699/2699
v -1.1771 0.3734 0.9240
vt 0.2807 0.7989
vn 0.0000 -0.8994 0.4371
v -0.8856 0.3734 0.9240
vt 0.3321 0.7989
vn 0.0000 -0.8994 0.4371
v -0.9486 0.4153 1.0103
vt 0.3270 0.8023
vn 0.0000 -0.8994 0.4371
v -1.1142 0.4153 1.0103
vt 0.2857 0.8023
vn 0.0000 -0.8994 0.4371
f 2700/2700/2700 2701/2701/2701 2702/2702/2702 2703/2703/2703
v -0.8856 0.5677 0.9240
vt 0.3321 0.8800
vn 0.0000 0.8994 0.4371
v -1.1771 0.5677 0.9240
vt 0.2807 0.8800
vn 0.0000 0.8994 0.4371
v -1.1142 0.5257 1.0103
vt 0.2857 0.8767
vn 0.0000 0.8994 0.4371
v -0.9486 0.5257 1.0103
vt 0.3270 0.8767
vn 0.0000 0.8994 0.4371
f 2704/2704/2704 2705/2705/2705 2706/2706/2706 2707/2707/2707
v -1.2820 3.2483 -0.4261
vt 0.1607 0.8108
vn -0.5891 0.0000 -0.8081
v -1.2820 3.3587 -0.4261
vt 0.1607 0.8383
vn -0.5891 0.0000 -0.8081
v -1.1957 3.4006 -0.4891
vt 0.1557 0.8417
vn -0.5891 0.0000 -0.8081
v -1.1957 3.2063 -0.4891
vt 0.1557 0.8074
vn -0.5891 0.0000 -0.8081
f 2708/2708/2708 2709/2709/2709 2710/2710/2710 2711/2711/2711
v -1.1957 3.2063 -0.1976
vt 0.2071 0.8074
vn -0.5891 0.0000 0.8081
v -1.1957 3.4006 -0.1976
vt 0.2071 0.8417
vn -0.5891 0.0000 0.8081
v -1.2820 3.3587 -0.2605
vt 0.2020 0.8383
vn -0.5891 0.0000 0.8081
v -1.2820 3.2483 -0.2605
vt 0.2020 0.8108
vn -0.5891 0.0000 0.8081
f 2712/2712/2712 2713/2713/2713 2714/2714/2714 2715/2715/2715
v -1.2820 3.2483 -0.2605
vt 0.2020 0.8264
vn -1.0000 0.0000 0.0000
v -1.2820 3.3587 -0.2605
vt 0.2020 0.8539
vn -1.0000 0.0000 0.0000
v -1.2820 3.3587 -0.4261
vt 0.1607 0.8539
vn -1.0000 0.0000 0.0000
v -1.2820 3.2483 -0.4261
vt 0.1607 0.8264
vn -1.0000 0.0000 0.0000
f 2716/2716/2716 2717/2717/2717 2718/2718/2718 2719/2719/2719
v -1.1957 3.2063 -0.4891
vt 0.1557 0.7918
vn -0.4371 -0.8994 0.0000
v -1.1957 3.2063 -0.1976
vt 0.2071 0.7918
vn -0.4371 -0.8994 0.0000
v -1.2820 3.2483 -0.2605
vt 0.2020 0.7952
vn -0.4371 -0.8994 0.0000
v -1.2820 3.2483 -0.4261
vt 0.1607 0.7952
vn -0.4371 -0.8994 0.0000
f 2720/2720/2720 2721/2721/2721 2722/2722/2722 2723/2723/2723
v -1.1957 3.4006 -0.1976
vt 0.2071 0.8730
vn -0.4371 0.8994 0.0000
v -1.1957 3.4006 -0.4891
vt 0.1557 0.8730
vn -0.4371 0.8994 0.0000
v -1.2820 3.3587 -0.4261
vt 0.1607 0.8696
vn -0.4371 0.8994 0.0000
v -1.2820 3.3587 -0.2605
vt 0.2020 0.8696
vn -0.4371 0.8994 0.0000
f 2724/2724/2724 2725/2725/2725 2726/2726/2726 2727/2727/2727
v -1.2820 3.2483 -0.2161
vt 0.1607 0.8108
vn -0.5891 0.0000 -0.8081
v -1.2820 3.3587 -0.2161
vt 0.1607 0.8383
vn -0.5891 0.0000 -0.8081
v -1.1957 3.4006 -0.2791
vt 0.1557 0.8417
vn -0.5891 0.0000 -0.8081
v -1.1957 3.2063 -0.2791
vt 0.1557 0.8074
vn -0.5891 0.0000 -0.8081
f 2728/2728/2728 2729/2729/2729 2730/2730/2730 2731/2731/2731
v -1.1957 3.2063 0.0124
vt 0.2071 0.8074
vn -0.5891 0.0000 0.8081
v -1.1957 3.4006 0.0124
vt 0.2071 0.8417
vn -0.5891 0.0000 0.8081
v -1.2820 3.3587 -0.0505
vt 0.2020 0.8383
vn -0.5891 0.0000 0.8081
v -1.2820 3.2483 -0.0505
vt 0.2020 0.8108
vn -0.5891 0.0000 0.8081
f 2732/2732/2732 2733/2733/2733 2734/2734/2734 2735/2735/2735
v -1.2820 3.2483 -0.0505
vt 0.2020 0.8264
vn -1.0000 0.0000 0.0000
v -1.2820 3.3587 -0.0505
vt 0.2020 0.8539
vn -1.0000 0.0000 0.0000
v -1.2820 3.3587 -0.2161
vt 0.1607 0.8539
vn -1.0000 0.0000 0.0000
v -1.2820 3.2483 -0.2161
vt 0.1607 0.8264
vn -1.0000 0.0000 0.0000
f 2736/2736/2736 2737/2737/2737 2738/2738/2738 2739/2739/2739
v -1.1957 3.2063 -0.2791
vt 0.1557 0.7918
vn -0.4371 -0.8994 0.0000
v -1.1957 3.2063 0.0124
vt 0.2071 0.7918
vn -0.4371 -0.8994 0.0000
v -1.2820 3.2483 -0.0505
vt 0.2020 0.7952
vn -0.4371 -0.8994 0.0000
v -1.2820 3.2483 -0.2161
vt 0.1607 0.7952
vn -0.4371 -0.8994 0.0000
f 2740/2740/2740 2741/2741/2741 2742/2742/2742 2743/2743/2743
v -1.1957 3.4006 0.0124
vt 0.2071 0.8730
vn -0.4371 0.8994 0.0000
v -1.1957 3.4006 -0.2791
vt 0.1557 0.8730
vn -0.4371 0.8994 0.0000
v -1.2820 3.3587 -0.2161
vt 0.1607 0.8696
vn -0.4371 0.8994 0.0000
v -1.2820 3.3587 -0.0505
vt 0.2020 0.8696
vn -0.4371 0.8994 0.0000
f 2744/2744/2744 2745/2745/2745 2746/2746/2746 2747/2747/2747
v -1.2820 3.3883 -0.3211
vt 0.1607 0.8108
vn -0.5891 0.0000 -0.8081
v -1.2820 3.4987 -0.3211
vt 0.1607 0.8383
vn -0.5891 0.0000 -0.8081
v -1.1957 3.5406 -0.3841
vt 0.1557 0.8417
vn -0.5891 0.0000 -0.8081
v -1.1957 3.3463 -0.3841
vt 0.1557 0.8074
vn -0.5891 0.0000 -0.8081
f 2748/2748/2748 2749/2749/2749 2750/2750/2750 2751/2751/2751
v -1.1957 3.3463 -0.0926
vt 0.2071 0.8074
vn -0.5891 0.0000 0.8081
v -1.1957 3.5406 -0.0926
vt 0.2071 0.8417
vn -0.5891 0.0000 0.8081
v -1.2820 3.4987 -0.1555
vt 0.2020 0.8383
vn -0.5891 0.0000 0.8081
v -1.2820 3.3883 -0.1555
vt 0.2020 0.8108
vn -0.5891 0.0000 0.8081
f 2752/2752/2752 2753/2753/2753 2754/2754/2754 2755/2755/2755
v -1.2820 3.3883 -0.1555
vt 0.2020 0.8264
vn -1.0000 0.0000 0.0000
v -1.2820 3.4987 -0.1555
vt 0.2020 0.8539
vn -1.0000 0.0000 0.0000
v -1.2820 3.4987 -0.3211
vt 0.1607 0.8539
vn -1.0000 0.0000 0.0000
v -1.2820 3.3883 -0.3211
vt 0.1607 0.8264
vn -1.0000 0.0000 0.0000
f 2756/2756/2756 2757/2757/2757 2758/2758/2758 2759/2759/2759
v -1.1957 3.3463 -0.3841
vt 0.1557 0.7918
vn -0.4371 -0.8994 0.0000
v -1.1957 3.3463 -0.0926
vt 0.2071 0.7918
vn -0.4371 -0.8994 0.0000
v -1.2820 3.3883 -0.1555
vt 0.2020 0.7952
vn -0.4371 -0.8994 0.0000
v -1.2820 3.3883 -0.3211
vt 0.1607 0.7952
vn -0.4371 -0.8994 0.0000
f 2760/2760/2760 2761/2761/2761 2762/2762/2762 2763/2763/2763
v -1.1957 3.5406 -0.0926
vt 0.2071 0.8730
vn -0.4371 0.8994 0.0000
v -1.1957 3.5406 -0.3841
vt 0.1557 0.8730
vn -0.4371 0.8994 0.0000
v -1.2820 3.4987 -0.3211
vt 0.1607 0.8696
vn -0.4371 0.8994 0.0000
v -1.2820 3.4987 -0.1555
vt 0.2020 0.8696
vn -0.4371 0.8994 0.0000
f 2764/2764/2764 2765/2765/2765 2766/2766/2766 2767/2767/2767
v -1.5356 0.3932 -0.2341
vt 0.2857 0.8179
vn -0.5891 0.0000 -0.8081
v -1.5356 0.5036 -0.2341
vt 0.2857 0.8454
vn -0.5891 0.0000 -0.8081
v -1.4493 0.5455 -0.2970
vt 0.2807 0.8488
vn -0.5891 0.0000 -0.8081
v -1.4493 0.3512 -0.2970
vt 0.2807 0.8145
vn -0.5891 0.0000 -0.8081
f 2768/2768/2768 2769/2769/2769 2770/2770/2770 2771/2771/2771
v -1.4493 0.3512 -0.0056
vt 0.3321 0.8145
vn -0.5891 0.0000 0.8081
v -1.4493 0.5455 -0.0056
vt 0.3321 0.8488
vn -0.5891 0.0000 0.8081
v -1.5356 0.5036 -0.0685
vt 0.3270 0.8454
vn -0.5891 0.0000 0.8081
v -1.5356 0.3932 -0.0685
vt 0.3270 0.8179
vn -0.5891 0.0000 0.8081
f 2772/2772/2772 2773/2773/2773 2774/2774/2774 2775/2775/2775
v -1.5356 0.3932 -0.0685
vt 0.3270 0.8335
vn -1.0000 0.0000 0.0000
v -1.5356 0.5036 -0.0685
vt 0.3270 0.8610
vn -1.0000 0.0000 0.0000
v -1.5356 0.5036 -0.2341
vt 0.2857 0.8610
vn -1.0000 0.0000 0.0000
v -1.5356 0.3932 -0.2341
vt 0.2857 0.8335
vn -1.0000 0.0000 0.0000
f 2776/2776/2776 2777/2777/2777 2778/2778/2778 2779/2779/2779
v -1.4493 0.3512 -0.2970
vt 0.2807 0.7989
vn -0.4371 -0.8994 0.0000
v -1.4493 0.3512 -0.0056
vt 0.3321 0.7989
vn -0.4371 -0.8994 0.0000
v -1.5356 0.3932 -0.0685
vt 0.3270 0.8023
vn -0.4371 -0.8994 0.0000
v -1.5356 0.3932 -0.2341
vt 0.2857 0.8023
vn -0.4371 -0.8994 0.0000
f 2780/2780/2780 2781/2781/2781 2782/2782/2782 2783/2783/2783
v -1.4493 0.5455 -0.0056
vt 0.3321 0.8800
vn -0.4371 0.8994 0.0000
v -1.4493 0.5455 -0.2970
vt 0.2807 0.8800
vn -0.4371 0.8994 0.0000
v -1.5356 0.5036 -0.2341
vt 0.2857 0.8767
vn -0.4371 0.8994 0.0000
v -1.5356 0.5036 -0.0685
vt 0.3270 0.8767
vn -0.4371 0.8994 0.0000
f 2784/2784/2784 2785/2785/2785 2786/2786/2786 2787/2787/2787
v -1.5356 0.3932 -0.0241
vt 0.2857 0.8179
vn -0.5891 0.0000 -0.8081
v -1.5356 0.5036 -0.0241
vt 0.2857 0.8454
vn -0.5891 0.0000 -0.8081
v -1.4493 0.5455 -0.0870
vt 0.2807 0.8488
vn -0.5891 0.0000 -0.8081
v -1.4493 0.3512 -0.0870
vt 0.2807 0.8145
vn -0.5891 0.0000 -0.8081
f 2788/2788/2788 2789/2789/2789 2790/2790/2790 2791/2791/2791
v -1.4493 0.3512 0.2044
vt 0.3321 0.8145
vn -0.5891 0.0000 0.8081
v -1.4493 0.5455 0.2044
vt 0.3321 0.8488
vn -0.5891 0.0000 0.8081
v -1.5356 0.5036 0.1415
vt 0.3270 0.8454
vn -0.5891 0.0000 0.8081
v -1.5356 0.3932 0.1415
vt 0.3270 0.8179
vn -0.5891 0.0000 0.8081
f 2792/2792/2792 2793/2793/2793 2794/2794/2794 2795/2795/2795
v -1.5356 0.3932 0.1415
vt 0.3270 0.8335
vn -1.0000 0.0000 0.0000
v -1.5356 0.5036 0.1415
vt 0.3270 0.8610
vn -1.0000 0.0000 0.0000
v -1.5356 0.5036 -0.0241
vt 0.2857 0.8610
vn -1.0000 0.0000 0.0000
v -1.5356 0.3932 -0.0241
vt 0.2857 0.8335
vn -1.0000 0.0000 0.0000
f 2796/2796/2796 2797/2797/2797 2798/2798/2798 2799/2799/2799
v -1.4493 0.3512 -0.0870
vt 0.2807 0.7989
vn -0.4371 -0.8994 0.0000
v -1.4493 0.3512 0.2044
vt 0.3321 0.7989
vn -0.4371 -0.8994 0.0000
v -1.5356 0.3932 0.1415
vt 0.3270 0.8023
vn -0.4371 -0.8994 0.0000
v -1.5356 0.3932 -0.0241
vt 0.2857 0.8023
vn -0.4371 -0.8994 0.0000
f 2800/2800/2800 2801/2801/2801 2802/2802/2802 2803/2803/2803
v -1.4493 0.5455 0.2044
vt 0.3321 0.8800
vn -0.4371 0.8994 0.0000
v -1.4493 0.5455 -0.0870
vt 0.2807 0.8800
vn -0.4371 0.8994 0.0000
v -1.5356 0.5036 -0.0241
vt 0.2857 0.8767
vn -0.4371 0.8994 0.0000
v -1.5356 0.5036 0.1415
vt 0.3270 0.8767
vn -0.4371 0.8994 0.0000
f 2804/2804/2804 2805/2805/2805 2806/2806/2806 2807/2807/2807
v -1.5356 0.2532 -0.1291
vt 0.2857 0.8179
vn -0.5891 0.0000 -0.8081
v -1.5356 0.3636 -0.1291
vt 0.2857 0.8454
vn -0.5891 0.0000 -0.8081
v -1.4493 0.4055 -0.1920
vt 0.2807 0.8488
vn -0.5891 0.0000 -0.8081
v -1.4493 0.2112 -0.1920
vt 0.2807 0.8145
vn -0.5891 0.0000 -0.8081
f 2808/2808/2808 2809/2809/2809 2810/2810/2810 2811/2811/2811
v -1.4493 0.2112 0.0994
vt 0.3321 0.8145
vn -0.5891 0.0000 0.8081
v -1.4493 0.4055 0.0994
vt 0.3321 0.8488
vn -0.5891 0.0000 0.8081
v -1.5356 0.3636 0.0365
vt 0.3270 0.8454
vn -0.5891 0.0000 0.8081
v -1.5356 0.2532 0.0365
vt 0.3270 0.8179
vn -0.5891 0.0000 0.8081
f 2812/2812/2812 2813/2813/2813 2814/2814/2814 2815/2815/2815
v -1.5356 0.2532 0.0365
vt 0.3270 0.8335
vn -1.0000 0.0000 0.0000
v -1.5356 0.3636 0.0365
vt 0.3270 0.8610
vn -1.0000 0.0000 0.0000
v -1.5356 0.3636 -0.1291
vt 0.2857 0.8610
vn -1.0000 0.0000 0.0000
v -1.5356 0.2532 -0.1291
vt 0.2857 0.8335
vn -1.0000 0.0000 0.0000
f 2816/2816/2816 2817/2817/2817 2818/2818/2818 2819/2819/2819
v -1.4493 0.2112 -0.1920
vt 0.2807 0.7989
vn -0.4371 -0.8994 0.0000
v -1.4493 0.2112 0.0994
vt 0.3321 0.7989
vn -0.4371 -0.8994 0.0000
v -1.5356 0.2532 0.0365
vt 0.3270 0.8023
vn -0.4371 -0.8994 0.0000
v -1.5356 0.2532 -0.1291
vt 0.2857 0.8023
vn -0.4371 -0.8994 0.0000
f 2820/2820/2820 2821/2821/2821 2822/2822/2822 2823/2823/2823
v -1.4493 0.4055 0.0994
vt 0.3321 0.8800
vn -0.4371 0.8994 0.0000
v -1.4493 0.4055 -0.1920
vt 0.2807 0.8800
vn -0.4371 0.8994 0.0000
v -1.5356 0.3636 -0.1291
vt 0.2857 0.8767
vn -0.4371 0.8994 0.0000
v -1.5356 0.3636 0.0365
vt 0.3270 0.8767
vn -0.4371 0.8994 0.0000
f 2824/2824/2824 2825/2825/2825 2826/2826/2826 2827/2827/2827
v 1.5266 0.2574 -0.6930
vt 0.2857 0.8179
vn 0.5891 0.0000 0.8081
v 1.5266 0.3678 -0.6930
vt 0.2857 0.8454
vn 0.5891 0.0000 0.8081
v 1.4403 0.4097 -0.6301
vt 0.2807 0.8488
vn 0.5891 0.0000 0.8081
v 1.4403 0.2154 -0.6301
vt 0.2807 0.8145
vn 0.5891 0.0000 0.8081
f 2828/2828/2828 2829/2829/2829 2830/2830/2830 2831/2831/2831
v 1.4403 0.2154 -0.9215
vt 0.3321 0.8145
vn 0.5891 0.0000 -0.8081
v 1.4403 0.4097 -0.9215
vt 0.3321 0.8488
vn 0.5891 0.0000 -0.8081
v 1.5266 0.3678 -0.8586
vt 0.3270 0.8454
vn 0.5891 0.0000 -0.8081
v 1.5266 0.2574 -0.8586
vt 0.3270 0.8179
vn 0.5891 0.0000 -0.8081
f 2832/2832/2832 2833/2833/2833 2834/2834/2834 2835/2835/2835
v 1.5266 0.2574 -0.8586
vt 0.3270 0.8335
vn 1.0000 0.0000 0.0000
v 1.5266 0.3678 -0.8586
vt 0.3270 0.8610
vn 1.0000 0.0000 0.0000
v 1.5266 0.3678 -0.6930
vt 0.2857 0.8610
vn 1.0000 0.0000 0.0000
v 1.5266 0.2574 -0.6930
vt 0.2857 0.8335
vn 1.0000 0.0000 0.0000
f 2836/2836/2836 2837/2837/2837 2838/2838/2838 2839/2839/2839
v 1.4403 0.2154 -0.6301
vt 0.2807 0.7989
vn 0.4371 -0.8994 0.0000
v 1.4403 0.2154 -0.9215
vt 0.3321 0.7989
vn 0.4371 -0.8994 0.0000
v 1.5266 0.2574 -0.8586
vt 0.3270 0.8023
vn 0.4371 -0.8994 0.0000
v 1.5266 0.2574 -0.6930
vt 0.2857 0.8023
vn 0.4371 -0.8994 0.0000
f 2840/2840/2840 2841/2841/2841 2842/2842/2842 2843/2843/2843
v 1.4403 0.4097 -0.9215
vt 0.3321 0.8800
vn 0.4371 0.8994 0.0000
v 1.4403 0.4097 -0.6301
vt 0.2807 0.8800
vn 0.4371 0.8994 0.0000
v 1.5266 0.3678 -0.6930
vt 0.2857 0.8767
vn 0.4371 0.8994 0.0000
v 1.5266 0.3678 -0.8586
vt 0.3270 0.8767
vn 0.4371 0.8994 0.0000
f 2844/2844/2844 2845/2845/2845 2846/2846/2846 2847/2847/2847
v 1.5266 0.2574 -0.9030
vt 0.2857 0.8179
vn 0.5891 0.0000 0.8081
v 1.5266 0.3678 -0.9030
vt 0.2857 0.8454
vn 0.5891 0.0000 0.8081
v 1.4403 0.4097 -0.8401
vt 0.2807 0.8488
vn 0.5891 0.0000 0.8081
v 1.4403 0.2154 -0.8401
vt 0.2807 0.8145
vn 0.5891 0.0000 0.8081
f 2848/2848/2848 2849/2849/2849 2850/2850/2850 2851/2851/2851
v 1.4403 0.2154 -1.1315
vt 0.3321 0.8145
vn 0.5891 0.0000 -0.8081
v 1.4403 0.4097 -1.1315
vt 0.3321 0.8488
vn 0.5891 0.0000 -0.8081
v 1.5266 0.3678 -1.0686
vt 0.3270 0.8454
vn 0.5891 0.0000 -0.8081
v 1.5266 0.2574 -1.0686
vt 0.3270 0.8179
vn 0.5891 0.0000 -0.8081
f 2852/2852/2852 2853/2853/2853 2854/2854/2854 2855/2855/2855
v 1.5266 0.2574 -1.0686
vt 0.3270 0.8335
vn 1.0000 0.0000 0.0000
v 1.5266 0.3678 -1.0686
vt 0.3270 0.8610
vn 1.0000 0.0000 0.0000
v 1.5266 0.3678 -0.9030
vt 0.2857 0.8610
vn 1.0000 0.0000 0.0000
v 1.5266 0.2574 -0.9030
vt 0.2857 0.8335
vn 1.0000 0.0000 0.0000
f 2856/2856/2856 2857/2857/2857 2858/2858/2858 2859/2859/2859
v 1.4403 0.2154 -0.8401
vt 0.2807 0.7989
vn 0.4371 -0.8994 0.0000
v 1.4403 0.2154 -1.1315
vt 0.3321 0.7989
vn 0.4371 -0.8994 0.0000
v 1.5266 0.2574 -1.0686
vt 0.3270 0.8023
vn 0.4371 -0.8994 0.0000
v 1.5266 0.2574 -0.9030
vt 0.2857 0.8023
vn 0.4371 -0.8994 0.0000
f 2860/2860/2860 2861/2861/2861 2862/2862/2862 2863/2863/2863
v 1.4403 0.4097 -1.1315
vt 0.3321 0.8800
vn 0.4371 0.8994 0.0000
v 1.4403 0.4097 -0.8401
vt 0.2807 0.8800
vn 0.4371 0.8994 0.0000
v 1.5266 0.3678 -0.9030
vt 0.2857 0.8767
vn 0.4371 0.8994 0.0000
v 1.5266 0.3678 -1.0686
vt 0.3270 0.8767
vn 0.4371 0.8994 0.0000
f 2864/2864/2864 2865/2865/2865 2866/2866/2866 2867/2867/2867
v 1.5266 0.3974 -0.7980
vt 0.2857 0.8179
vn 0.5891 0.0000 0.8081
v 1.5266 0.5078 -0.7980
vt 0.2857 0.8454
vn 0.5891 0.0000 0.8081
v 1.4403 0.5497 -0.7351
vt 0.2807 0.8488
vn 0.5891 0.0000 0.8081
v 1.4403 0.3554 -0.7351
vt 0.2807 0.8145
vn 0.5891 0.0000 0.8081
f 2868/2868/2868 2869/2869/2869 2870/2870/2870 2871/2871/2871
v 1.4403 0.3554 -1.0265
vt 0.3321 0.8145
vn 0.5891 0.0000 -0.8081
v 1.4403 0.5497 -1.0265
vt 0.3321 0.8488
vn 0.5891 0.0000 -0.8081
v 1.5266 0.5078 -0.9636
vt 0.3270 0.8454
vn 0.5891 0.0000 -0.8081
v 1.5266 0.3974 -0.9636
vt 0.3270 0.8179
vn 0.5891 0.0000 -0.8081
f 2872/2872/2872 2873/2873/2873 2874/2874/2874 2875/2875/2875
v 1.5266 0.3974 -0.9636
vt 0.3270 0.8335
vn 1.0000 0.0000 0.0000
v 1.5266 0.5078 -0.9636
vt 0.3270 0.8610
vn 1.0000 0.0000 0.0000
v 1.5266 0.5078 -0.7980
vt 0.2857 0.8610
vn 1.0000 0.0000 0.0000
v 1.5266 0.3974 -0.7980
vt 0.2857 0.8335
vn 1.0000 0.0000 0.0000
f 2876/2876/2876 2877/2877/2877 2878/2878/2878 2879/2879/2879
v 1.4403 0.3554 -0.7351
vt 0.2807 0.7989
vn 0.4371 -0.8994 0.0000
v 1.4403 0.3554 -1.0265
vt 0.3321 0.7989
vn 0.4371 -0.8994 0.0000
v 1.5266 0.3974 -0.9636
vt 0.3270 0.8023
vn 0.4371 -0.8994 0.0000
v 1.5266 0.3974 -0.7980
vt 0.2857 0.8023
vn 0.4371 -0.8994 0.0000
f 2880/2880/2880 2881/2881/2881 2882/2882/2882 2883/2883/2883
v 1.4403 0.5497 -1.0265
vt 0.3321 0.8800
vn 0.4371 0.8994 0.0000
v 1.4403 0.5497 -0.7351
vt 0.2807 0.8800
vn 0.4371 0.8994 0.0000
v 1.5266 0.5078 -0.7980
vt 0.2857 0.8767
vn 0.4371 0.8994 0.0000
v 1.5266 0.5078 -0.9636
vt 0.3270 0.8767
vn 0.4371 0.8994 0.0000
f 2884/2884/2884 2885/2885/2885 2886/2886/2886 2887/2887/2887
v -0.7379 0.4097 -1.5004
vt 0.2857 0.8179
vn 0.8081 0.0000 -0.5891
v -0.7379 0.5201 -1.5004
vt 0.2857 0.8454
vn 0.8081 0.0000 -0.5891
v -0.6750 0.5620 -1.4141
vt 0.2807 0.8488
vn 0.8081 0.0000 -0.5891
v -0.6750 0.3677 -1.4141
vt 0.2807 0.8145
vn 0.8081 0.0000 -0.5891
f 2888/2888/2888 2889/2889/2889 2890/2890/2890 2891/2891/2891
v -0.9664 0.3677 -1.4141
vt 0.3321 0.8145
vn -0.8081 0.0000 -0.5891
v -0.9664 0.5620 -1.4141
vt 0.3321 0.8488
vn -0.8081 0.0000 -0.5891
v -0.9035 0.5201 -1.5004
vt 0.3270 0.8454
vn -0.8081 0.0000 -0.5891
v -0.9035 0.4097 -1.5004
vt 0.3270 0.8179
vn -0.8081 0.0000 -0.5891
f 2892/2892/2892 2893/2893/2893 2894/2894/2894 2895/2895/2895
v -0.9035 0.4097 -1.5004
vt 0.3270 0.8335
vn 0.0000 0.0000 -1.0000
v -0.9035 0.5201 -1.5004
vt 0.3270 0.8610
vn 0.0000 0.0000 -1.0000
v -0.7379 0.5201 -1.5004
vt 0.2857 0.8610
vn 0.0000 0.0000 -1.0000
v -0.7379 0.4097 -1.5004
vt 0.2857 0.8335
vn 0.0000 0.0000 -1.0000
f 2896/2896/2896 2897/2897/2897 2898/2898/2898 2899/2899/2899
v -0.6750 0.3677 -1.4141
vt 0.2807 0.7989
vn -0.0000 -0.8994 -0.4371
v -0.9664 0.3677 -1.4141
vt 0.3321 0.7989
vn -0.0000 -0.8994 -0.4371
v -0.9035 0.4097 -1.5004
vt 0.3270 0.8023
vn -0.0000 -0.8994 -0.4371
v -0.7379 0.4097 -1.5004
vt 0.2857 0.8023
vn -0.0000 -0.8994 -0.4371
f 2900/2900/2900 2901/2901/2901 2902/2902/2902 2903/2903/2903
v -0.9664 0.5620 -1.4141
vt 0.3321 0.8800
vn -0.0000 0.8994 -0.4371
v -0.6750 0.5620 -1.4141
vt 0.2807 0.8800
vn -0.0000 0.8994 -0.4371
v -0.7379 0.5201 -1.5004
vt 0.2857 0.8767
vn -0.0000 0.8994 -0.4371
v -0.9035 0.5201 -1.5004
vt 0.3270 0.8767
vn -0.0000 0.8994 -0.4371
f 2904/2904/2904 2905/2905/2905 2906/2906/2906 2907/2907/2907
v -0.6329 0.2697 -1.5004
vt 0.2857 0.8179
vn 0.8081 0.0000 -0.5891
v -0.6329 0.3801 -1.5004
vt 0.2857 0.8454
vn 0.8081 0.0000 -0.5891
v -0.5700 0.4220 -1.4141
vt 0.2807 0.8488
vn 0.8081 0.0000 -0.5891
v -0.5700 0.2277 -1.4141
vt 0.2807 0.8145
vn 0.8081 0.0000 -0.5891
f 2908/2908/2908 2909/2909/2909 2910/2910/2910 2911/2911/2911
v -0.8614 0.2277 -1.4141
vt 0.3321 0.8145
vn -0.8081 0.0000 -0.5891
v -0.8614 0.4220 -1.4141
vt 0.3321 0.8488
vn -0.8081 0.0000 -0.5891
v -0.7985 0.3801 -1.5004
vt 0.3270 0.8454
vn -0.8081 0.0000 -0.5891
v -0.7985 0.2697 -1.5004
vt 0.3270 0.8179
vn -0.8081 0.0000 -0.5891
f 2912/2912/2912 2913/2913/2913 2914/2914/2914 2915/2915/2915
v -0.7985 0.2697 -1.5004
vt 0.3270 0.8335
vn 0.0000 0.0000 -1.0000
v -0.7985 0.3801 -1.5004
vt 0.3270 0.8610
vn 0.0000 0.0000 -1.0000
v -0.6329 0.3801 -1.5004
vt 0.2857 0.8610
vn 0.0000 0.0000 -1.0000
v -0.6329 0.2697 -1.5004
vt 0.2857 0.8335
vn 0.0000 0.0000 -1.0000
f 2916/2916/2916 2917/2917/2917 2918/2918/2918 2919/2919/2919
v -0.5700 0.2277 -1.4141
vt 0.2807 0.7989
vn -0.0000 -0.8994 -0.4371
v -0.8614 0.2277 -1.4141
vt 0.3321 0.7989
vn -0.0000 -0.8994 -0.4371
v -0.7985 0.2697 -1.5004
vt 0.3270 0.8023
vn -0.0000 -0.8994 -0.4371
v -0.6329 0.2697 -1.5004
vt 0.2857 0.8023
vn -0.0000 -0.8994 -0.4371
f 2920/2920/2920 2921/2921/2921 2922/2922/2922 2923/2923/2923
v -0.8614 0.4220 -1.4141
vt 0.3321 0.8800
vn -0.0000 0.8994 -0.4371
v -0.5700 0.4220 -1.4141
vt 0.2807 0.8800
vn -0.0000 0.8994 -0.4371
v -0.6329 0.3801 -1.5004
vt 0.2857 0.8767
vn -0.0000 0.8994 -0.4371
v -0.7985 0.3801 -1.5004
vt 0.3270 0.8767
vn -0.0000 0.8994 -0.4371
f 2924/2924/2924 2925/2925/2925 2926/2926/2926 2927/2927/2927
