# Blender 4.5.13 LTS
# www.blender.org
o stone
v -1.800000 0.000000 1.300000
v -1.800000 0.140000 1.300000
v -1.800000 0.000000 -1.300000
v -1.800000 0.140000 -1.300000
v 1.800000 0.000000 1.300000
v 1.800000 0.140000 1.300000
v 1.800000 0.000000 -1.300000
v 1.800000 0.140000 -1.300000
v -1.700000 0.140000 1.270000
v -1.700000 1.590000 1.270000
v -1.700000 0.140000 1.130000
v -1.700000 1.590000 1.130000
v 1.700000 0.140000 1.270000
v 1.700000 1.590000 1.270000
v 1.700000 0.140000 1.130000
v 1.700000 1.590000 1.130000
v -1.700000 0.140000 -1.130000
v -1.700000 1.590000 -1.130000
v -1.700000 0.140000 -1.270000
v -1.700000 1.590000 -1.270000
v 1.700000 0.140000 -1.130000
v 1.700000 1.590000 -1.130000
v 1.700000 0.140000 -1.270000
v 1.700000 1.590000 -1.270000
v -1.770000 0.140000 1.130000
v -1.770000 1.590000 1.130000
v -1.770000 0.140000 -1.130000
v -1.770000 1.590000 -1.130000
v -1.630000 0.140000 1.130000
v -1.630000 1.590000 1.130000
v -1.630000 0.140000 -1.130000
v -1.630000 1.590000 -1.130000
v 1.630000 0.140000 1.130000
v 1.630000 1.590000 1.130000
v 1.630000 0.140000 -1.130000
v 1.630000 1.590000 -1.130000
v 1.770000 0.140000 1.130000
v 1.770000 1.590000 1.130000
v 1.770000 0.140000 -1.130000
v 1.770000 1.590000 -1.130000
v -1.570000 0.731000 1.290000
v -1.570000 1.231000 1.290000
v -1.570000 0.731000 1.260000
v -1.570000 1.231000 1.260000
v -1.150000 0.731000 1.290000
v -1.150000 1.231000 1.290000
v -1.150000 0.731000 1.260000
v -1.150000 1.231000 1.260000
v -1.630000 0.676000 1.365000
v -1.630000 0.726000 1.365000
v -1.630000 0.676000 1.245000
v -1.630000 0.726000 1.245000
v -1.090000 0.676000 1.365000
v -1.090000 0.726000 1.365000
v -1.090000 0.676000 1.245000
v -1.090000 0.726000 1.245000
v -1.630000 1.231000 1.335000
v -1.630000 1.311000 1.335000
v -1.630000 1.231000 1.255000
v -1.630000 1.311000 1.255000
v -1.090000 1.231000 1.335000
v -1.090000 1.311000 1.335000
v -1.090000 1.231000 1.255000
v -1.090000 1.311000 1.255000
v -0.890000 0.731000 1.290000
v -0.890000 1.231000 1.290000
v -0.890000 0.731000 1.260000
v -0.890000 1.231000 1.260000
v -0.470000 0.731000 1.290000
v -0.470000 1.231000 1.290000
v -0.470000 0.731000 1.260000
v -0.470000 1.231000 1.260000
v -0.950000 0.676000 1.365000
v -0.950000 0.726000 1.365000
v -0.950000 0.676000 1.245000
v -0.950000 0.726000 1.245000
v -0.410000 0.676000 1.365000
v -0.410000 0.726000 1.365000
v -0.410000 0.676000 1.245000
v -0.410000 0.726000 1.245000
v -0.950000 1.231000 1.335000
v -0.950000 1.311000 1.335000
v -0.950000 1.231000 1.255000
v -0.950000 1.311000 1.255000
v -0.410000 1.231000 1.335000
v -0.410000 1.311000 1.335000
v -0.410000 1.231000 1.255000
v -0.410000 1.311000 1.255000
v -0.290000 0.140000 1.290000
v -0.290000 1.280000 1.290000
v -0.290000 0.140000 1.260000
v -0.290000 1.280000 1.260000
v 0.290000 0.140000 1.290000
v 0.290000 1.280000 1.290000
v 0.290000 0.140000 1.260000
v 0.290000 1.280000 1.260000
v -0.370000 0.140000 1.345000
v -0.370000 1.340000 1.345000
v -0.370000 0.140000 1.245000
v -0.370000 1.340000 1.245000
v -0.290000 0.140000 1.345000
v -0.290000 1.340000 1.345000
v -0.290000 0.140000 1.245000
v -0.290000 1.340000 1.245000
v 0.290000 0.140000 1.345000
v 0.290000 1.340000 1.345000
v 0.290000 0.140000 1.245000
v 0.290000 1.340000 1.245000
v 0.370000 0.140000 1.345000
v 0.370000 1.340000 1.345000
v 0.370000 0.140000 1.245000
v 0.370000 1.340000 1.245000
v -0.390000 1.310000 1.355000
v -0.390000 1.410000 1.355000
v -0.390000 1.310000 1.235000
v -0.390000 1.410000 1.235000
v 0.390000 1.310000 1.355000
v 0.390000 1.410000 1.355000
v 0.390000 1.310000 1.235000
v 0.390000 1.410000 1.235000
v -0.400000 0.010000 1.575000
v -0.400000 0.110000 1.575000
v -0.400000 0.010000 1.275000
v -0.400000 0.110000 1.275000
v 0.400000 0.010000 1.575000
v 0.400000 0.110000 1.575000
v 0.400000 0.010000 1.275000
v 0.400000 0.110000 1.275000
v 0.470000 0.731000 1.290000
v 0.470000 1.231000 1.290000
v 0.470000 0.731000 1.260000
v 0.470000 1.231000 1.260000
v 0.890000 0.731000 1.290000
v 0.890000 1.231000 1.290000
v 0.890000 0.731000 1.260000
v 0.890000 1.231000 1.260000
v 0.410000 0.676000 1.365000
v 0.410000 0.726000 1.365000
v 0.410000 0.676000 1.245000
v 0.410000 0.726000 1.245000
v 0.950000 0.676000 1.365000
v 0.950000 0.726000 1.365000
v 0.950000 0.676000 1.245000
v 0.950000 0.726000 1.245000
v 0.410000 1.231000 1.335000
v 0.410000 1.311000 1.335000
v 0.410000 1.231000 1.255000
v 0.410000 1.311000 1.255000
v 0.950000 1.231000 1.335000
v 0.950000 1.311000 1.335000
v 0.950000 1.231000 1.255000
v 0.950000 1.311000 1.255000
v 0.430000 0.561000 1.425000
v 0.430000 0.681000 1.425000
v 0.430000 0.561000 1.285000
v 0.430000 0.681000 1.285000
v 0.930000 0.561000 1.425000
v 0.930000 0.681000 1.425000
v 0.930000 0.561000 1.285000
v 0.930000 0.681000 1.285000
v 0.473369 0.644716 1.432705
v 0.460103 0.670082 1.361123
v 0.528855 0.671916 1.397236
v 0.532088 0.674665 1.477181
v 0.449110 0.685761 1.495046
v 0.425286 0.689719 1.423428
v 0.502919 0.729726 1.373030
v 0.537832 0.733493 1.426662
v 0.501066 0.754322 1.492630
v 0.431314 0.749949 1.452668
v 0.433393 0.743511 1.378311
v 0.486371 0.774684 1.417597
v 0.479355 0.720542 1.422205
v 0.503075 0.747332 1.433976
v 0.477093 0.743797 1.454159
v 0.450291 0.745916 1.430761
v 0.466138 0.749551 1.401404
v 0.501152 0.746087 1.399305
v 0.498066 0.775921 1.455753
v 0.460693 0.774612 1.448454
v 0.450457 0.778499 1.413508
v 0.483055 0.779079 1.394355
v 0.515941 0.779248 1.418031
v 0.480508 0.792827 1.427199
v 0.590993 0.650149 1.438205
v 0.528280 0.674035 1.435803
v 0.564701 0.667676 1.378333
v 0.639739 0.677398 1.387613
v 0.648084 0.694334 1.470648
v 0.569976 0.692364 1.486264
v 0.525839 0.724257 1.388687
v 0.591212 0.731845 1.356476
v 0.627908 0.745241 1.414993
v 0.597226 0.759781 1.477545
v 0.530029 0.739108 1.456274
v 0.568546 0.774403 1.411241
v 0.575454 0.727219 1.424298
v 0.601363 0.741583 1.400641
v 0.601517 0.744584 1.436550
v 0.573627 0.746595 1.453436
v 0.549458 0.750272 1.429424
v 0.561590 0.746235 1.393114
v 0.611912 0.772210 1.420378
v 0.598553 0.775880 1.457133
v 0.562824 0.776612 1.444585
v 0.556079 0.779251 1.412160
v 0.587274 0.777441 1.392544
v 0.585385 0.801019 1.425831
v 0.686565 0.628702 1.422287
v 0.665884 0.670773 1.495007
v 0.626911 0.678727 1.428329
v 0.656476 0.676748 1.360323
v 0.736653 0.681421 1.377839
v 0.739349 0.681149 1.458856
v 0.629692 0.737267 1.466879
v 0.628985 0.736660 1.395898
v 0.691288 0.743170 1.369015
v 0.733217 0.743352 1.421663
v 0.697720 0.736800 1.473718
v 0.674239 0.783214 1.427380
v 0.678546 0.731691 1.420629
v 0.705979 0.744590 1.431224
v 0.679397 0.742732 1.451062
v 0.644779 0.743127 1.433755
v 0.663628 0.751771 1.401876
v 0.700477 0.746273 1.392816
v 0.699133 0.771786 1.452025
v 0.661976 0.773963 1.453329
v 0.652155 0.778589 1.418329
v 0.680731 0.783146 1.393405
v 0.707403 0.774906 1.418188
v 0.681796 0.797209 1.430400
v 0.775177 0.636952 1.425634
v 0.808227 0.676794 1.369355
v 0.842645 0.673938 1.437341
v 0.785011 0.685467 1.475957
v 0.712546 0.679439 1.456403
v 0.743006 0.687328 1.387911
v 0.841399 0.739728 1.396416
v 0.829733 0.742824 1.474861
v 0.754287 0.742159 1.475688
v 0.709904 0.752470 1.411191
v 0.774070 0.741217 1.364695
v 0.783672 0.767380 1.424517
v 0.778426 0.732552 1.418230
v 0.803407 0.744565 1.431764
v 0.775723 0.735339 1.455813
v 0.752688 0.747746 1.428027
v 0.766390 0.754412 1.401044
v 0.802479 0.748681 1.394579
v 0.794267 0.767906 1.450114
v 0.757502 0.773329 1.455447
v 0.750190 0.781931 1.416386
v 0.784212 0.786266 1.394661
v 0.817003 0.778957 1.420899
v 0.781941 0.796075 1.433347
v 0.889818 0.636321 1.426819
v 0.834782 0.671416 1.473412
v 0.826067 0.669373 1.393960
v 0.895594 0.679759 1.363779
v 0.945209 0.688013 1.417537
v 0.912470 0.683353 1.485478
v 0.803930 0.737816 1.433706
v 0.853594 0.733484 1.375817
v 0.914386 0.741102 1.388186
v 0.935432 0.753783 1.456903
v 0.861930 0.747200 1.495938
v 0.870816 0.780861 1.423298
v 0.886338 0.724583 1.416999
v 0.890123 0.743321 1.448207
v 0.856506 0.737149 1.438577
v 0.854563 0.743506 1.398594
v 0.893625 0.753534 1.391273
v 0.907153 0.752803 1.423805
v 0.864627 0.769424 1.463055
v 0.852250 0.769377 1.426221
v 0.866473 0.784625 1.393988
v 0.905338 0.786723 1.410357
v 0.905263 0.778374 1.451225
v 0.875200 0.788579 1.431059
v 1.150000 0.731000 1.290000
v 1.150000 1.231000 1.290000
v 1.150000 0.731000 1.260000
v 1.150000 1.231000 1.260000
v 1.570000 0.731000 1.290000
v 1.570000 1.231000 1.290000
v 1.570000 0.731000 1.260000
v 1.570000 1.231000 1.260000
v 1.090000 0.676000 1.365000
v 1.090000 0.726000 1.365000
v 1.090000 0.676000 1.245000
v 1.090000 0.726000 1.245000
v 1.630000 0.676000 1.365000
v 1.630000 0.726000 1.365000
v 1.630000 0.676000 1.245000
v 1.630000 0.726000 1.245000
v 1.090000 1.231000 1.335000
v 1.090000 1.311000 1.335000
v 1.090000 1.231000 1.255000
v 1.090000 1.311000 1.255000
v 1.630000 1.231000 1.335000
v 1.630000 1.311000 1.335000
v 1.630000 1.231000 1.255000
v 1.630000 1.311000 1.255000
v -1.570000 0.731000 -1.260000
v -1.570000 1.231000 -1.260000
v -1.570000 0.731000 -1.290000
v -1.570000 1.231000 -1.290000
v -1.150000 0.731000 -1.260000
v -1.150000 1.231000 -1.260000
v -1.150000 0.731000 -1.290000
v -1.150000 1.231000 -1.290000
v -1.630000 0.676000 -1.245000
v -1.630000 0.726000 -1.245000
v -1.630000 0.676000 -1.365000
v -1.630000 0.726000 -1.365000
v -1.090000 0.676000 -1.245000
v -1.090000 0.726000 -1.245000
v -1.090000 0.676000 -1.365000
v -1.090000 0.726000 -1.365000
v -1.630000 1.231000 -1.255000
v -1.630000 1.311000 -1.255000
v -1.630000 1.231000 -1.335000
v -1.630000 1.311000 -1.335000
v -1.090000 1.231000 -1.255000
v -1.090000 1.311000 -1.255000
v -1.090000 1.231000 -1.335000
v -1.090000 1.311000 -1.335000
v -0.890000 0.731000 -1.260000
v -0.890000 1.231000 -1.260000
v -0.890000 0.731000 -1.290000
v -0.890000 1.231000 -1.290000
v -0.470000 0.731000 -1.260000
v -0.470000 1.231000 -1.260000
v -0.470000 0.731000 -1.290000
v -0.470000 1.231000 -1.290000
v -0.950000 0.676000 -1.245000
v -0.950000 0.726000 -1.245000
v -0.950000 0.676000 -1.365000
v -0.950000 0.726000 -1.365000
v -0.410000 0.676000 -1.245000
v -0.410000 0.726000 -1.245000
v -0.410000 0.676000 -1.365000
v -0.410000 0.726000 -1.365000
v -0.950000 1.231000 -1.255000
v -0.950000 1.311000 -1.255000
v -0.950000 1.231000 -1.335000
v -0.950000 1.311000 -1.335000
v -0.410000 1.231000 -1.255000
v -0.410000 1.311000 -1.255000
v -0.410000 1.231000 -1.335000
v -0.410000 1.311000 -1.335000
v -0.210000 0.731000 -1.260000
v -0.210000 1.231000 -1.260000
v -0.210000 0.731000 -1.290000
v -0.210000 1.231000 -1.290000
v 0.210000 0.731000 -1.260000
v 0.210000 1.231000 -1.260000
v 0.210000 0.731000 -1.290000
v 0.210000 1.231000 -1.290000
v -0.270000 0.676000 -1.245000
v -0.270000 0.726000 -1.245000
v -0.270000 0.676000 -1.365000
v -0.270000 0.726000 -1.365000
v 0.270000 0.676000 -1.245000
v 0.270000 0.726000 -1.245000
v 0.270000 0.676000 -1.365000
v 0.270000 0.726000 -1.365000
v -0.270000 1.231000 -1.255000
v -0.270000 1.311000 -1.255000
v -0.270000 1.231000 -1.335000
v -0.270000 1.311000 -1.335000
v 0.270000 1.231000 -1.255000
v 0.270000 1.311000 -1.255000
v 0.270000 1.231000 -1.335000
v 0.270000 1.311000 -1.335000
v 0.470000 0.731000 -1.260000
v 0.470000 1.231000 -1.260000
v 0.470000 0.731000 -1.290000
v 0.470000 1.231000 -1.290000
v 0.890000 0.731000 -1.260000
v 0.890000 1.231000 -1.260000
v 0.890000 0.731000 -1.290000
v 0.890000 1.231000 -1.290000
v 0.410000 0.676000 -1.245000
v 0.410000 0.726000 -1.245000
v 0.410000 0.676000 -1.365000
v 0.410000 0.726000 -1.365000
v 0.950000 0.676000 -1.245000
v 0.950000 0.726000 -1.245000
v 0.950000 0.676000 -1.365000
v 0.950000 0.726000 -1.365000
v 0.410000 1.231000 -1.255000
v 0.410000 1.311000 -1.255000
v 0.410000 1.231000 -1.335000
v 0.410000 1.311000 -1.335000
v 0.950000 1.231000 -1.255000
v 0.950000 1.311000 -1.255000
v 0.950000 1.231000 -1.335000
v 0.950000 1.311000 -1.335000
v 1.150000 0.731000 -1.260000
v 1.150000 1.231000 -1.260000
v 1.150000 0.731000 -1.290000
v 1.150000 1.231000 -1.290000
v 1.570000 0.731000 -1.260000
v 1.570000 1.231000 -1.260000
v 1.570000 0.731000 -1.290000
v 1.570000 1.231000 -1.290000
v 1.090000 0.676000 -1.245000
v 1.090000 0.726000 -1.245000
v 1.090000 0.676000 -1.365000
v 1.090000 0.726000 -1.365000
v 1.630000 0.676000 -1.245000
v 1.630000 0.726000 -1.245000
v 1.630000 0.676000 -1.365000
v 1.630000 0.726000 -1.365000
v 1.090000 1.231000 -1.255000
v 1.090000 1.311000 -1.255000
v 1.090000 1.231000 -1.335000
v 1.090000 1.311000 -1.335000
v 1.630000 1.231000 -1.255000
v 1.630000 1.311000 -1.255000
v 1.630000 1.231000 -1.335000
v 1.630000 1.311000 -1.335000
v 1.760000 0.731000 0.210000
v 1.760000 1.231000 0.210000
v 1.760000 0.731000 -0.210000
v 1.760000 1.231000 -0.210000
v 1.790000 0.731000 0.210000
v 1.790000 1.231000 0.210000
v 1.790000 0.731000 -0.210000
v 1.790000 1.231000 -0.210000
v 1.745000 0.676000 0.270000
v 1.745000 0.726000 0.270000
v 1.745000 0.676000 -0.270000
v 1.745000 0.726000 -0.270000
v 1.865000 0.676000 0.270000
v 1.865000 0.726000 0.270000
v 1.865000 0.676000 -0.270000
v 1.865000 0.726000 -0.270000
v 1.755000 1.231000 0.270000
v 1.755000 1.311000 0.270000
v 1.755000 1.231000 -0.270000
v 1.755000 1.311000 -0.270000
v 1.835000 1.231000 0.270000
v 1.835000 1.311000 0.270000
v 1.835000 1.231000 -0.270000
v 1.835000 1.311000 -0.270000
v 1.760000 0.731000 -0.590000
v 1.760000 1.231000 -0.590000
v 1.760000 0.731000 -1.010000
v 1.760000 1.231000 -1.010000
v 1.790000 0.731000 -0.590000
v 1.790000 1.231000 -0.590000
v 1.790000 0.731000 -1.010000
v 1.790000 1.231000 -1.010000
v 1.745000 0.676000 -0.530000
v 1.745000 0.726000 -0.530000
v 1.745000 0.676000 -1.070000
v 1.745000 0.726000 -1.070000
v 1.865000 0.676000 -0.530000
v 1.865000 0.726000 -0.530000
v 1.865000 0.676000 -1.070000
v 1.865000 0.726000 -1.070000
v 1.755000 1.231000 -0.530000
v 1.755000 1.311000 -0.530000
v 1.755000 1.231000 -1.070000
v 1.755000 1.311000 -1.070000
v 1.835000 1.231000 -0.530000
v 1.835000 1.311000 -0.530000
v 1.835000 1.231000 -1.070000
v 1.835000 1.311000 -1.070000
v -1.920000 1.282000 1.480000
v -1.920000 1.429988 1.642787
v -1.920000 2.939598 -0.026907
v -1.920000 3.087585 0.135880
v 1.920000 1.282000 1.480000
v 1.920000 1.429988 1.642787
v 1.920000 2.939598 -0.026907
v 1.920000 3.087585 0.135880
v -1.920000 1.284872 1.463502
v -1.920000 1.355994 1.440393
v -1.920000 1.355994 1.440393
v 1.920000 1.355994 1.440393
v -1.920000 1.284872 1.463502
v 1.920000 1.284872 1.463502
v -1.920000 1.240916 1.524002
v 1.920000 1.240916 1.524002
v -1.920000 1.240916 1.598784
v 1.920000 1.240916 1.598784
v -1.920000 1.284872 1.659284
v 1.920000 1.284872 1.659284
v -1.920000 1.355994 1.682393
v 1.920000 1.355994 1.682393
v -1.920000 1.427116 1.659284
v 1.920000 1.427116 1.659284
v -1.920000 1.471072 1.598784
v 1.920000 1.471072 1.598784
v -1.920000 1.471072 1.524002
v 1.920000 1.471072 1.524002
v -1.920000 1.427116 1.463502
v 1.920000 1.427116 1.463502
v 1.920000 1.284872 1.463502
v 1.920000 1.355994 1.440393
v -1.920000 1.240916 1.524002
v 1.920000 1.240916 1.524002
v -1.920000 1.240916 1.598784
v 1.920000 1.240916 1.598784
v -1.920000 1.284872 1.659284
v 1.920000 1.427116 1.463502
v 1.920000 1.284872 1.659284
v -1.920000 1.355994 1.682393
v 1.920000 1.355994 1.682393
v -1.920000 1.427116 1.659284
v 1.920000 1.427116 1.659284
v -1.920000 1.471072 1.598784
v 1.920000 1.471072 1.598784
v 1.920000 1.471072 1.524002
v -1.920000 1.471072 1.524002
v -1.920000 1.427116 1.463502
v -1.920000 2.939598 0.026907
v -1.920000 3.087585 -0.135880
v -1.920000 1.282000 -1.480000
v -1.920000 1.429988 -1.642787
v 1.920000 2.939598 0.026907
v 1.920000 3.087585 -0.135880
v 1.920000 1.282000 -1.480000
v 1.920000 1.429988 -1.642787
v -1.920000 1.284872 -1.659284
v -1.920000 1.355994 -1.682393
v -1.920000 1.355994 -1.682393
v 1.920000 1.355994 -1.682393
v -1.920000 1.284872 -1.659284
v 1.920000 1.284872 -1.659284
v -1.920000 1.240916 -1.598784
v 1.920000 1.240916 -1.598784
v -1.920000 1.240916 -1.524002
v 1.920000 1.240916 -1.524002
v -1.920000 1.284872 -1.463502
v 1.920000 1.284872 -1.463502
v -1.920000 1.355994 -1.440393
v 1.920000 1.355994 -1.440393
v -1.920000 1.427116 -1.463502
v 1.920000 1.427116 -1.463502
v -1.920000 1.471072 -1.524002
v 1.920000 1.471072 -1.524002
v -1.920000 1.471072 -1.598784
v 1.920000 1.471072 -1.598784
v -1.920000 1.427116 -1.659284
v 1.920000 1.427116 -1.659284
v 1.920000 1.284872 -1.659284
v 1.920000 1.355994 -1.682393
v -1.920000 1.240916 -1.598784
v 1.920000 1.240916 -1.598784
v -1.920000 1.240916 -1.524002
v 1.920000 1.240916 -1.524002
v -1.920000 1.284872 -1.463502
v 1.920000 1.427116 -1.659284
v 1.920000 1.284872 -1.463502
v -1.920000 1.355994 -1.440393
v 1.920000 1.355994 -1.440393
v -1.920000 1.427116 -1.463502
v 1.920000 1.427116 -1.463502
v -1.920000 1.471072 -1.524002
v 1.920000 1.471072 -1.524002
v 1.920000 1.471072 -1.598784
v -1.920000 1.471072 -1.598784
v -1.920000 1.427116 -1.659284
v -1.580000 1.590000 1.200000
v -1.580000 1.590000 -1.200000
v -1.580000 2.910000 0.000000
v -1.700000 1.590000 1.200000
v -1.700000 1.590000 -1.200000
v -1.700000 2.910000 -0.000000
v 1.700000 1.590000 1.200000
v 1.700000 1.590000 -1.200000
v 1.700000 2.910000 0.000000
v 1.580000 1.590000 1.200000
v 1.580000 1.590000 -1.200000
v 1.580000 2.910000 -0.000000
v -1.920000 2.875954 -0.129443
v -1.920000 2.970000 -0.160000
v -1.920000 2.970000 -0.160000
v 1.920000 2.970000 -0.160000
v -1.920000 2.875954 -0.129443
v 1.920000 2.875955 -0.129443
v -1.920000 2.817831 -0.049443
v 1.920000 2.817831 -0.049443
v -1.920000 2.817831 0.049443
v 1.920000 2.817831 0.049443
v -1.920000 2.875954 0.129443
v 1.920000 2.875955 0.129443
v -1.920000 2.970000 0.160000
v 1.920000 2.970000 0.160000
v -1.920000 3.064046 0.129443
v 1.920000 3.064046 0.129443
v -1.920000 3.122169 0.049443
v 1.920000 3.122169 0.049443
v -1.920000 3.122169 -0.049443
v 1.920000 3.122169 -0.049443
v -1.920000 3.064046 -0.129443
v 1.920000 3.064046 -0.129443
v 1.920000 2.875955 -0.129443
v 1.920000 2.970000 -0.160000
v -1.920000 2.817831 -0.049443
v 1.920000 2.817831 -0.049443
v -1.920000 2.817831 0.049443
v 1.920000 2.817831 0.049443
v -1.920000 2.875954 0.129443
v 1.920000 3.064046 -0.129443
v 1.920000 2.875955 0.129443
v -1.920000 2.970000 0.160000
v 1.920000 2.970000 0.160000
v -1.920000 3.064046 0.129443
v 1.920000 3.064046 0.129443
v -1.920000 3.122169 0.049443
v 1.920000 3.122169 0.049443
v 1.920000 3.122169 -0.049443
v -1.920000 3.122169 -0.049443
v -1.920000 3.064046 -0.129443
v 1.625000 0.000000 0.723392
v 1.625000 1.590000 0.723392
v 1.625000 0.000000 0.223392
v 1.625000 1.590000 0.223392
v 2.175000 0.000000 0.723392
v 2.175000 1.590000 0.723392
v 2.175000 0.000000 0.223392
v 2.175000 1.590000 0.223392
v 1.660000 0.000000 0.673392
v 1.660000 3.360000 0.673392
v 1.660000 0.000000 0.273392
v 1.660000 3.360000 0.273392
v 2.080000 0.000000 0.673392
v 2.080000 3.360000 0.673392
v 2.080000 0.000000 0.273392
v 2.080000 3.360000 0.273392
v 1.610000 3.320000 0.723392
v 1.610000 3.400000 0.723392
v 1.610000 3.320000 0.223392
v 1.610000 3.400000 0.223392
v 2.130000 3.320000 0.723392
v 2.130000 3.400000 0.723392
v 2.130000 3.320000 0.223392
v 2.130000 3.400000 0.223392
v 1.870000 3.400000 0.508392
v 1.870000 3.560000 0.518392
v 1.908891 3.400000 0.524501
v 1.901820 3.560000 0.531572
v 1.925000 3.400000 0.563392
v 1.915000 3.560000 0.563392
v 1.908891 3.400000 0.602283
v 1.901820 3.560000 0.595211
v 1.870000 3.400000 0.618392
v 1.870000 3.560000 0.608392
v 1.831109 3.400000 0.602283
v 1.838180 3.560000 0.595211
v 1.815000 3.400000 0.563392
v 1.825000 3.560000 0.563392
v 1.831109 3.400000 0.524501
v 1.838180 3.560000 0.531572
v 1.870000 3.400000 0.328392
v 1.870000 3.560000 0.338392
v 1.908891 3.400000 0.344501
v 1.901820 3.560000 0.351572
v 1.925000 3.400000 0.383392
v 1.915000 3.560000 0.383392
v 1.908891 3.400000 0.422283
v 1.901820 3.560000 0.415211
v 1.870000 3.400000 0.438392
v 1.870000 3.560000 0.428392
v 1.831109 3.400000 0.422283
v 1.838180 3.560000 0.415211
v 1.815000 3.400000 0.383392
v 1.825000 3.560000 0.383392
v 1.831109 3.400000 0.344501
v 1.838180 3.560000 0.351572
v -2.720000 0.140000 0.910000
v -2.720000 1.090000 0.910000
v -2.720000 0.140000 0.770000
v -2.720000 1.090000 0.770000
v -1.770000 0.140000 0.910000
v -1.770000 1.090000 0.910000
v -1.770000 0.140000 0.770000
v -1.770000 1.090000 0.770000
v -2.720000 0.140000 -0.770000
v -2.720000 1.090000 -0.770000
v -2.720000 0.140000 -0.910000
v -2.720000 1.090000 -0.910000
v -1.770000 0.140000 -0.770000
v -1.770000 1.090000 -0.770000
v -1.770000 0.140000 -0.910000
v -1.770000 1.090000 -0.910000
v -2.790000 0.140000 0.770000
v -2.790000 1.090000 0.770000
v -2.790000 0.140000 -0.770000
v -2.790000 1.090000 -0.770000
v -2.650000 0.140000 0.770000
v -2.650000 1.090000 0.770000
v -2.650000 0.140000 -0.770000
v -2.650000 1.090000 -0.770000
v -1.840000 0.140000 0.770000
v -1.840000 1.090000 0.770000
v -1.840000 0.140000 -0.770000
v -1.840000 1.090000 -0.770000
v -1.700000 0.140000 0.770000
v -1.700000 1.090000 0.770000
v -1.700000 0.140000 -0.770000
v -1.700000 1.090000 -0.770000
v -2.804154 1.046696 0.990000
v -2.828353 1.112380 0.990000
v -2.804154 1.046696 -0.990000
v -2.828353 1.112380 -0.990000
v -1.661646 1.467620 0.990000
v -1.685846 1.533304 0.990000
v -1.661646 1.467620 -0.990000
v -1.685846 1.533304 -0.990000
v -2.495000 0.145000 0.935000
v -2.495000 0.995000 0.935000
v -2.495000 0.145000 0.905000
v -2.495000 0.995000 0.905000
v -1.995000 0.145000 0.935000
v -1.995000 0.995000 0.935000
v -1.995000 0.145000 0.905000
v -1.995000 0.995000 0.905000
vn -1.0000 -0.0000 -0.0000
vn -0.0000 -0.0000 -1.0000
vn 1.0000 -0.0000 -0.0000
vn -0.0000 -0.0000 1.0000
vn -0.0000 -1.0000 -0.0000
vn -0.0000 1.0000 -0.0000
vn 0.2140 -0.9076 -0.3613
vn -0.6624 -0.7363 -0.1381
vn 0.4467 -0.8946 0.0127
vn 0.0073 -0.8339 0.5519
vn -0.6901 -0.6980 0.1910
vn -0.8794 -0.2212 -0.4217
vn 0.4625 -0.1578 -0.8725
vn 0.9912 -0.1274 -0.0357
vn 0.1946 -0.1132 0.9743
vn -0.9483 -0.0567 0.3123
vn -0.0311 0.2171 -0.9757
vn 0.8251 0.1411 -0.5471
vn 0.8757 0.2625 0.4052
vn -0.4763 0.3887 0.7887
vn -0.9923 0.1177 -0.0379
vn 0.0898 0.7176 -0.6906
vn 0.6068 0.6610 -0.4415
vn 0.6121 0.7853 0.0932
vn -0.2279 0.9275 0.2963
vn -0.4550 0.8860 -0.0894
vn 0.5050 -0.6805 0.5310
vn 0.7525 -0.6583 -0.0181
vn -0.4862 -0.7226 0.4915
vn -0.6618 -0.6120 -0.4330
vn -0.1075 -0.6112 -0.7841
vn 0.9203 -0.3895 -0.0371
vn 0.5916 -0.4204 0.6880
vn -0.6521 -0.2123 0.7278
vn -0.8382 -0.2518 -0.4837
vn -0.0774 -0.1893 -0.9789
vn 0.8978 -0.1563 0.4117
vn -0.1937 0.0779 0.9780
vn -0.9423 0.1604 0.2938
vn -0.5059 0.0849 -0.8584
vn 0.5725 0.1945 -0.7965
vn 0.4045 0.8741 0.2688
vn -0.1391 0.8123 0.5664
vn -0.5047 0.8292 0.2401
vn -0.2452 0.8874 -0.3905
vn 0.2523 0.8994 -0.3569
vn -0.3494 -0.9294 -0.1186
vn -0.3168 -0.7770 0.5440
vn 0.1622 -0.9255 -0.3422
vn 0.5689 -0.8151 0.1091
vn 0.1557 -0.7074 0.6895
vn -0.7219 -0.1899 0.6655
vn -0.7753 -0.4518 -0.4414
vn 0.1617 -0.3774 -0.9118
vn 0.9637 0.2257 -0.1429
vn 0.1947 0.0480 0.9797
vn -0.9982 0.0079 0.0601
vn -0.4262 -0.1289 -0.8954
vn 0.7534 0.3548 -0.5537
vn 0.7776 0.5782 0.2470
vn -0.3637 0.2626 0.8937
vn -0.7342 0.6712 -0.1020
vn -0.3990 0.6366 -0.6599
vn 0.4176 0.7931 -0.4434
vn 0.4405 0.8977 0.0074
vn -0.3751 0.8578 0.3514
vn 0.5307 -0.8448 0.0683
vn -0.0015 -0.8541 -0.5202
vn 0.2725 -0.7932 0.5446
vn -0.5457 -0.7132 0.4400
vn -0.6723 -0.7261 -0.1439
vn 0.1662 -0.1546 -0.9739
vn 0.9403 -0.3396 0.0243
vn 0.4334 -0.4662 0.7713
vn -0.7076 -0.0468 0.7051
vn -0.9473 0.0261 -0.3194
vn 0.7541 0.1520 -0.6389
vn 0.9255 -0.1430 0.3507
vn -0.3243 0.1583 0.9326
vn -0.9152 0.3389 0.2180
vn -0.4770 0.3781 -0.7934
vn 0.6229 0.6546 -0.4283
vn 0.7391 0.6418 0.2045
vn -0.2190 0.7137 0.6653
vn -0.6417 0.7421 0.1939
vn -0.3085 0.7679 -0.5614
vn -0.6041 -0.7522 0.2634
vn 0.3730 -0.7532 0.5418
vn -0.6363 -0.7279 -0.2554
vn 0.1861 -0.7306 -0.6569
vn 0.7136 -0.7000 -0.0261
vn 0.4307 0.0821 0.8988
vn -0.8460 -0.2647 0.4629
vn -0.9033 -0.1845 -0.3873
vn 0.2125 0.0165 -0.9770
vn 0.9964 0.0785 -0.0329
vn -0.0915 0.3453 0.9340
vn -0.9991 0.0411 0.0096
vn -0.4032 0.3233 -0.8561
vn 0.7031 0.4363 -0.5615
vn 0.7325 0.4011 0.5500
vn -0.0680 0.6875 0.7230
vn -0.7175 0.6966 0.0012
vn -0.3340 0.7289 -0.5976
vn 0.4888 0.7794 -0.3920
vn 0.5293 0.7184 0.4514
vn 0.3001 -0.8994 0.3179
vn 0.4558 -0.8840 -0.1040
vn -0.1805 -0.9230 0.3399
vn -0.4413 -0.7654 -0.4685
vn -0.2606 -0.7552 -0.6014
vn 0.9833 -0.1088 -0.1456
vn 0.5644 -0.4072 0.7181
vn -0.4291 -0.3012 0.8515
vn -0.8541 -0.0476 -0.5179
vn -0.2540 -0.1207 -0.9597
vn 0.9685 0.0586 0.2421
vn 0.0318 -0.0547 0.9980
vn -0.9019 0.3158 0.2948
vn -0.6631 0.1643 -0.7302
vn 0.6900 0.3793 -0.6165
vn 0.6995 0.6754 0.2333
vn 0.0653 0.6720 0.7377
vn -0.5881 0.7638 0.2660
vn -0.4102 0.8564 -0.3137
vn 0.5341 0.7850 -0.3138
vn 0.4983 -0.8183 -0.2866
vn -0.2993 -0.6870 -0.6621
vn 0.2829 -0.7175 0.6365
vn -0.1309 -0.7008 0.7012
vn -0.6386 -0.6790 -0.3622
vn -0.3002 -0.2262 -0.9267
vn 0.8569 -0.2604 -0.4448
vn 0.4714 -0.3521 0.8086
vn -0.2482 -0.1300 0.9599
vn -0.8619 -0.2891 -0.4166
vn 0.4236 0.1601 -0.8916
vn 0.9840 0.1070 0.1421
vn 0.0109 0.0106 0.9999
vn -0.7536 0.3261 0.5707
vn -0.5878 -0.0096 -0.8089
vn 0.2175 0.8810 -0.4202
vn 0.4439 0.8955 0.0307
vn -0.0031 0.8977 0.4407
vn -0.2422 0.9182 0.3135
vn -0.1162 0.9167 -0.3823
vn 0.3887 -0.9164 0.0959
vn 0.4779 -0.8717 -0.1084
vn -0.5002 -0.8655 0.0282
vn -0.5747 -0.6774 -0.4592
vn -0.2326 -0.6770 -0.6983
vn 0.9207 -0.3847 -0.0656
vn 0.6812 -0.2687 0.6811
vn -0.7892 -0.3738 0.4873
vn -0.8446 -0.2269 -0.4849
vn -0.1895 -0.0899 -0.9778
vn 0.8062 -0.1368 0.5756
vn 0.1552 0.0839 0.9843
vn -0.9833 -0.0099 0.1819
vn -0.5455 0.1396 -0.8264
vn 0.6351 0.3103 -0.7073
vn 0.5106 0.5936 0.6219
vn 0.1994 0.5642 0.8012
vn -0.5100 0.8151 0.2749
vn -0.2786 0.9269 -0.2514
vn 0.3685 0.9060 -0.2081
vn -0.4895 -0.8687 0.0760
vn 0.0243 -0.7845 0.6196
vn -0.1265 -0.8114 -0.5707
vn 0.5779 -0.6958 -0.4265
vn 0.6795 -0.6777 0.2810
vn -0.1117 -0.2462 0.9628
vn -0.9250 -0.3635 0.1108
vn -0.3844 -0.0948 -0.9183
vn 0.7304 0.0474 -0.6814
vn 0.8975 -0.1205 0.4242
vn -0.7348 0.0625 0.6754
vn -0.7468 0.1365 -0.6509
vn 0.1491 0.3258 -0.9336
vn 0.8839 0.3299 -0.3316
vn 0.4441 0.2087 0.8713
vn -0.4767 0.8184 0.3209
vn -0.5224 0.6908 -0.4999
vn 0.0584 0.6960 -0.7157
vn 0.4979 0.8128 -0.3025
vn 0.1490 0.8901 0.4307
vn 0.0103 -0.8578 0.5138
vn 0.7397 -0.6127 0.2782
vn -0.4568 -0.8817 -0.1180
vn 0.0323 -0.6684 -0.7431
vn 0.7939 -0.5032 -0.3414
vn 0.8193 -0.3900 0.4202
vn -0.1243 -0.5796 0.8054
vn -0.9924 -0.1199 0.0292
vn -0.1686 -0.0613 -0.9838
vn 0.9176 -0.1031 -0.3839
vn 0.3165 -0.2162 0.9236
vn -0.9479 -0.0031 0.3185
vn -0.9255 0.2348 -0.2973
vn 0.3427 0.3745 -0.8616
vn 0.9982 0.0589 0.0139
vn -0.0439 0.8635 0.5024
vn -0.6529 0.7253 0.2185
vn -0.6489 0.7575 0.0720
vn -0.0100 0.9946 -0.1037
vn 0.1943 0.9610 0.1967
vn -0.0000 0.7399 -0.6727
vn -0.0000 -0.7399 0.6727
vn -0.0000 -0.6727 -0.7399
vn -0.0000 0.6727 0.7399
vn -0.0000 -0.5878 -0.8090
vn -0.0000 -0.9511 -0.3090
vn -0.0000 -0.9511 0.3090
vn -0.0000 -0.5878 0.8090
vn -0.0000 0.5878 0.8090
vn -0.0000 0.9511 0.3090
vn -0.0000 0.9511 -0.3090
vn -0.0000 0.5878 -0.8090
vn -0.0000 -0.7399 -0.6727
vn -0.0000 0.7399 0.6727
vn -0.0000 -0.6727 0.7399
vn -0.0000 0.6727 -0.7399
vn 0.3820 0.0576 -0.9223
vn 0.9223 0.0576 -0.3821
vn 0.9223 0.0576 0.3820
vn 0.3820 0.0576 0.9223
vn -0.3820 0.0576 0.9223
vn -0.9223 0.0576 0.3820
vn -0.9223 0.0576 -0.3820
vn -0.3820 0.0576 -0.9223
vn 0.9223 0.0576 0.3821
vn -0.9223 0.0576 0.3821
vn -0.9383 -0.3457 -0.0000
vn 0.9383 0.3457 -0.0000
vn 0.3457 -0.9383 -0.0000
vn -0.3457 0.9383 -0.0000
vn 0.9223 0.0576 -0.3820
vt 0.941408 0.425838
vt 0.951123 0.245679
vt 0.951123 0.425840
vt 0.091946 0.946607
vt 0.101661 0.696812
vt 0.101661 0.946608
vt 0.050034 0.949674
vt 0.059748 0.769258
vt 0.059748 0.949674
vt 0.075707 0.946621
vt 0.085422 0.696812
vt 0.085422 0.946621
vt 0.190203 0.003272
vt 0.370620 0.253029
vt 0.190203 0.253039
vt 0.183678 0.253073
vt 0.003262 0.003262
vt 0.183678 0.003265
vt 0.498079 0.813454
vt 0.507780 0.914070
vt 0.498079 0.914071
vt 0.605220 0.513251
vt 0.705837 0.277335
vt 0.705837 0.513253
vt 0.701528 0.813381
vt 0.711242 0.913997
vt 0.701528 0.913998
vt 0.498079 0.513264
vt 0.598695 0.277333
vt 0.598695 0.513264
vt 0.922327 0.723383
vt 0.932042 0.959274
vt 0.922327 0.959274
vt 0.948436 0.928778
vt 0.938721 0.692849
vt 0.948436 0.692849
vt 0.514305 0.813454
vt 0.524006 0.914070
vt 0.514305 0.914071
vt 0.606008 0.239180
vt 0.706626 0.003264
vt 0.706626 0.239182
vt 0.685289 0.813381
vt 0.695003 0.913997
vt 0.685289 0.913997
vt 0.498868 0.239193
vt 0.599484 0.003262
vt 0.599484 0.239193
vt 0.941408 0.003263
vt 0.951123 0.239153
vt 0.941408 0.239153
vt 0.948436 0.686324
vt 0.938722 0.450395
vt 0.948436 0.450395
vt 0.377144 0.706944
vt 0.477761 0.550357
vt 0.477761 0.706958
vt 0.717767 0.813381
vt 0.727481 0.913999
vt 0.717767 0.913999
vt 0.190203 0.689395
vt 0.290819 0.532575
vt 0.290819 0.689398
vt 0.331653 0.811362
vt 0.341367 0.911978
vt 0.331653 0.911978
vt 0.921234 0.277334
vt 0.911520 0.434157
vt 0.911520 0.277333
vt 0.619506 0.519777
vt 0.609791 0.676601
vt 0.609791 0.519777
vt 0.003262 0.690273
vt 0.103879 0.533687
vt 0.103879 0.690288
vt 0.734005 0.813381
vt 0.743720 0.913998
vt 0.734005 0.913999
vt 0.498079 0.676611
vt 0.598695 0.519791
vt 0.598695 0.676614
vt 0.669050 0.813381
vt 0.678764 0.913997
vt 0.669050 0.913997
vt 0.433626 0.785929
vt 0.423913 0.942753
vt 0.423913 0.785929
vt 0.904996 0.277333
vt 0.895281 0.434157
vt 0.895281 0.277333
vt 0.993962 0.581415
vt 0.996041 0.616111
vt 0.993962 0.616111
vt 0.377144 0.871561
vt 0.406287 0.906256
vt 0.377144 0.906256
vt 0.412811 0.871560
vt 0.414893 0.906255
vt 0.412811 0.906255
vt 0.449589 0.830340
vt 0.478734 0.865035
vt 0.449589 0.865035
vt 0.717767 0.964519
vt 0.719848 0.993659
vt 0.717767 0.993659
vt 0.370219 0.798491
vt 0.368137 0.769347
vt 0.370219 0.769347
vt 0.979805 0.909383
vt 0.983275 0.901068
vt 0.983275 0.909383
vt 0.985962 0.350498
vt 0.989431 0.313029
vt 0.989431 0.350498
vt 0.867327 0.976092
vt 0.870796 0.967765
vt 0.870796 0.976092
vt 0.798698 0.837465
vt 0.802167 0.799993
vt 0.802167 0.837465
vt 0.852475 0.926546
vt 0.860802 0.964010
vt 0.852475 0.964011
vt 0.213381 0.953366
vt 0.205054 0.915895
vt 0.213381 0.915895
vt 0.597289 0.981113
vt 0.602832 0.986663
vt 0.597289 0.986664
vt 0.972498 0.420308
vt 0.978050 0.382838
vt 0.978050 0.420308
vt 0.734979 0.978529
vt 0.740530 0.984080
vt 0.734979 0.984081
vt 0.909922 0.850793
vt 0.915473 0.813322
vt 0.915473 0.850793
vt 0.981887 0.857072
vt 0.987438 0.894537
vt 0.981887 0.894537
vt 0.369818 0.932843
vt 0.364266 0.895372
vt 0.369818 0.895372
vt 0.547739 0.960706
vt 0.549818 0.995401
vt 0.547739 0.995402
vt 0.852475 0.885325
vt 0.881618 0.920020
vt 0.852475 0.920021
vt 0.221293 0.959891
vt 0.223375 0.994586
vt 0.221293 0.994586
vt 0.003262 0.854887
vt 0.032407 0.889583
vt 0.003262 0.889583
vt 0.482482 0.964128
vt 0.484564 0.993268
vt 0.482482 0.993268
vt 0.041013 0.928027
vt 0.038931 0.898883
vt 0.041013 0.898883
vt 0.110404 0.984291
vt 0.113873 0.975976
vt 0.113873 0.984291
vt 0.178415 0.994019
vt 0.181884 0.956550
vt 0.181884 0.994019
vt 0.877321 0.976092
vt 0.880790 0.967765
vt 0.880790 0.976092
vt 0.039489 0.974802
vt 0.042958 0.937331
vt 0.042958 0.974802
vt 0.498079 0.920596
vt 0.506406 0.958060
vt 0.498079 0.958061
vt 0.356354 0.956437
vt 0.348027 0.918966
vt 0.356354 0.918966
vt 0.609372 0.981113
vt 0.614916 0.986663
vt 0.609372 0.986664
vt 0.973886 0.130526
vt 0.979438 0.093057
vt 0.979438 0.130526
vt 0.571760 0.979006
vt 0.577311 0.984557
vt 0.571760 0.984557
vt 0.302508 0.973882
vt 0.308060 0.936410
vt 0.308060 0.973882
vt 0.981888 0.918756
vt 0.987439 0.956221
vt 0.981888 0.956221
vt 0.590764 0.974588
vt 0.585213 0.937116
vt 0.590764 0.937116
vt 0.368137 0.618210
vt 0.370216 0.697316
vt 0.368137 0.697316
vt 0.377144 0.785930
vt 0.417389 0.865035
vt 0.377144 0.865036
vt 0.368137 0.532581
vt 0.370219 0.611686
vt 0.368137 0.611686
vt 0.003262 0.769258
vt 0.043509 0.848363
vt 0.003262 0.848363
vt 0.440151 0.785929
vt 0.442232 0.826169
vt 0.440151 0.826169
vt 0.068354 0.809505
vt 0.066273 0.769258
vt 0.068354 0.769258
vt 0.571760 0.875482
vt 0.578689 0.958751
vt 0.571760 0.958752
vt 0.909922 0.723527
vt 0.915473 0.806797
vt 0.909922 0.806797
vt 0.785596 0.147305
vt 0.792535 0.230573
vt 0.785596 0.230573
vt 0.364266 0.805580
vt 0.369818 0.888848
vt 0.364266 0.888848
vt 0.839220 0.435410
vt 0.833669 0.442349
vt 0.833669 0.435410
vt 0.827145 0.435410
vt 0.821594 0.442349
vt 0.821594 0.435410
vt 0.957647 0.003263
vt 0.964576 0.086532
vt 0.957647 0.086533
vt 0.969810 0.450395
vt 0.975362 0.533665
vt 0.969810 0.533665
vt 0.927758 0.277333
vt 0.934697 0.360602
vt 0.927758 0.360602
vt 0.485258 0.830340
vt 0.490809 0.913608
vt 0.485258 0.913608
vt 0.857203 0.867208
vt 0.851653 0.874147
vt 0.851653 0.867208
vt 0.705323 0.263361
vt 0.699772 0.270301
vt 0.699772 0.263362
vt 0.740474 0.676226
vt 0.747413 0.667912
vt 0.747413 0.676227
vt 0.138718 0.969457
vt 0.145658 0.915335
vt 0.145658 0.969457
vt 0.739899 0.270490
vt 0.746838 0.262163
vt 0.746838 0.270490
vt 0.125255 0.969460
vt 0.132194 0.915335
vt 0.132194 0.969460
vt 0.110404 0.915335
vt 0.118731 0.969451
vt 0.110404 0.969451
vt 0.965974 0.436963
vt 0.957647 0.382838
vt 0.965974 0.382838
vt 0.629927 0.266505
vt 0.636866 0.245719
vt 0.636866 0.266506
vt 0.409622 0.968291
vt 0.416561 0.912781
vt 0.416561 0.968291
vt 0.616464 0.266535
vt 0.623403 0.245718
vt 0.623403 0.266535
vt 0.927758 0.422639
vt 0.934697 0.367126
vt 0.934697 0.422639
vt 0.557871 0.813453
vt 0.578689 0.868956
vt 0.557871 0.868957
vt 0.551347 0.868965
vt 0.530530 0.813452
vt 0.551347 0.813453
vt 0.561623 0.960706
vt 0.563702 0.995402
vt 0.561623 0.995402
vt 0.810482 0.881475
vt 0.839625 0.916170
vt 0.810482 0.916171
vt 0.993268 0.667454
vt 0.995350 0.702150
vt 0.993268 0.702150
vt 0.627830 0.855985
vt 0.656974 0.890680
vt 0.627830 0.890680
vt 0.686676 0.964517
vt 0.688758 0.993657
vt 0.686676 0.993657
vt 0.957042 0.991890
vt 0.954961 0.962745
vt 0.957042 0.962745
vt 0.138718 0.984297
vt 0.142188 0.975982
vt 0.142188 0.984297
vt 0.985962 0.262511
vt 0.989431 0.225041
vt 0.989431 0.262511
vt 0.810482 0.975012
vt 0.813952 0.966685
vt 0.813952 0.975012
vt 0.219905 0.953366
vt 0.223375 0.915895
vt 0.223375 0.953366
vt 0.274195 0.924750
vt 0.282522 0.962214
vt 0.274195 0.962215
vt 0.490809 0.957604
vt 0.482482 0.920133
vt 0.490809 0.920133
vt 0.003262 0.981328
vt 0.008806 0.986878
vt 0.003262 0.986879
vt 0.973886 0.174520
vt 0.979438 0.137051
vt 0.979438 0.174520
vt 0.757478 0.979166
vt 0.763029 0.984717
vt 0.757478 0.984717
vt 0.290433 0.973882
vt 0.295984 0.936410
vt 0.295984 0.973882
vt 0.981886 0.494385
vt 0.987437 0.531850
vt 0.981886 0.531850
vt 0.602840 0.974588
vt 0.597289 0.937116
vt 0.602840 0.937116
vt 0.658242 0.255419
vt 0.666569 0.245719
vt 0.666569 0.255420
vt 0.627830 0.967563
vt 0.636156 0.932870
vt 0.636157 0.967563
vt 0.643391 0.255432
vt 0.651717 0.245718
vt 0.651717 0.255433
vt 0.867327 0.961241
vt 0.875654 0.926545
vt 0.875654 0.961241
vt 0.168421 0.915335
vt 0.178136 0.950025
vt 0.168421 0.950025
vt 0.161897 0.950030
vt 0.152182 0.915335
vt 0.161897 0.915335
vt 0.658717 0.667656
vt 0.658538 0.672704
vt 0.654400 0.669250
vt 0.661784 0.668985
vt 0.655345 0.663779
vt 0.661220 0.663779
vt 0.675698 0.669046
vt 0.672031 0.672585
vt 0.672825 0.667590
vt 0.675029 0.663779
vt 0.669823 0.663779
vt 0.414123 0.981751
vt 0.409622 0.980243
vt 0.413827 0.977374
vt 0.772331 0.264334
vt 0.771402 0.269806
vt 0.767624 0.266948
vt 0.915270 0.876082
vt 0.909922 0.878350
vt 0.910528 0.872455
vt 0.668308 0.668716
vt 0.409622 0.974815
vt 0.767146 0.270636
vt 0.767146 0.262163
vt 0.915270 0.871444
vt 0.733949 0.671839
vt 0.731287 0.675874
vt 0.730706 0.671334
vt 0.731878 0.667911
vt 0.726646 0.667911
vt 0.726712 0.673489
vt 0.904583 0.442710
vt 0.904088 0.440911
vt 0.906332 0.441349
vt 0.832567 0.969164
vt 0.832839 0.971181
vt 0.830553 0.970480
vt 0.906332 0.443816
vt 0.274195 0.987727
vt 0.274498 0.985931
vt 0.276396 0.986535
vt 0.850702 0.443871
vt 0.850789 0.441669
vt 0.852859 0.442966
vt 0.830470 0.967836
vt 0.385976 0.987027
vt 0.386168 0.985216
vt 0.388154 0.985497
vt 0.386195 0.988880
vt 0.388154 0.988092
vt 0.276537 0.984388
vt 0.852757 0.440360
vt 0.832839 0.966685
vt 0.274195 0.983590
vt 0.850702 0.439380
vt 0.854791 0.441355
vt 0.861969 0.439380
vt 0.864867 0.439380
vt 0.863244 0.441328
vt 0.861315 0.441941
vt 0.863204 0.443621
vt 0.865374 0.442146
vt 0.301666 0.727031
vt 0.301047 0.731310
vt 0.297343 0.728391
vt 0.304828 0.728772
vt 0.298523 0.723267
vt 0.304313 0.723267
vt 0.753937 0.671780
vt 0.753937 0.667911
vt 0.757728 0.668942
vt 0.754800 0.675554
vt 0.758309 0.673717
vt 0.815069 0.443771
vt 0.810481 0.441233
vt 0.814614 0.438749
vt 0.802995 0.845483
vt 0.802857 0.851360
vt 0.798698 0.848453
vt 0.739346 0.968791
vt 0.734979 0.972005
vt 0.734979 0.966256
vt 0.810632 0.436467
vt 0.798713 0.852610
vt 0.798698 0.843989
vt 0.739535 0.964519
vt 0.761031 0.670940
vt 0.815069 0.435409
vt 0.817789 0.257261
vt 0.822084 0.255135
vt 0.821436 0.259180
vt 0.817335 0.262068
vt 0.822084 0.263255
vt 0.984169 0.439386
vt 0.985646 0.437432
vt 0.986126 0.439876
vt 0.982844 0.437432
vt 0.984446 0.441388
vt 0.982492 0.440062
vt 0.394678 0.988514
vt 0.394838 0.985746
vt 0.397104 0.987399
vt 0.977688 0.374458
vt 0.975875 0.376180
vt 0.975607 0.373665
vt 0.914926 0.441708
vt 0.915015 0.443646
vt 0.912856 0.443391
vt 0.364528 0.985115
vt 0.364266 0.983363
vt 0.366351 0.984003
vt 0.364266 0.987588
vt 0.366548 0.986274
vt 0.973886 0.374592
vt 0.977444 0.371871
vt 0.912856 0.440911
vt 0.397104 0.985216
vt 0.840185 0.982776
vt 0.842450 0.981542
vt 0.841781 0.983749
vt 0.974665 0.371871
vt 0.842812 0.985516
vt 0.840185 0.985488
vt 0.844020 0.983560
vt 0.630116 0.668154
vt 0.628569 0.673143
vt 0.626030 0.668427
vt 0.633760 0.670803
vt 0.628235 0.663779
vt 0.633760 0.665178
vt 0.758048 0.270063
vt 0.754501 0.266814
vt 0.760078 0.266111
vt 0.810811 0.261428
vt 0.806116 0.263546
vt 0.806482 0.258742
vt 0.647541 0.668372
vt 0.647876 0.673156
vt 0.643365 0.670871
vt 0.647876 0.663779
vt 0.643623 0.665957
vt 0.926911 0.965799
vt 0.926665 0.971353
vt 0.922327 0.968483
vt 0.756968 0.262163
vt 0.810445 0.256177
vt 0.922327 0.972849
vt 0.753363 0.262658
vt 0.760622 0.262163
vt 0.806116 0.255135
vt 0.640284 0.668161
vt 0.571760 0.966740
vt 0.576237 0.965276
vt 0.575312 0.968990
vt 0.571997 0.971404
vt 0.576237 0.972481
vt 0.041024 0.983776
vt 0.043048 0.983422
vt 0.042167 0.985550
vt 0.041358 0.981327
vt 0.039489 0.985747
vt 0.039489 0.983171
vt 0.982492 0.429497
vt 0.982557 0.426832
vt 0.984579 0.428553
vt 0.781629 0.981015
vt 0.781629 0.979165
vt 0.783538 0.979500
vt 0.781841 0.983408
vt 0.783879 0.982061
vt 0.897563 0.443816
vt 0.895415 0.443248
vt 0.897563 0.441657
vt 0.451668 0.988799
vt 0.449589 0.987251
vt 0.451668 0.985896
vt 0.984403 0.430907
vt 0.895281 0.440681
vt 0.449756 0.985228
vt 0.985109 0.426832
vt 0.986133 0.429380
vt 0.785395 0.980569
vt 0.879475 0.985653
vt 0.877137 0.986602
vt 0.877555 0.984532
vt 0.879630 0.983025
vt 0.877137 0.982617
vt 0.729931 0.266020
vt 0.727496 0.262163
vt 0.732782 0.262163
vt 0.726608 0.266769
vt 0.733375 0.266926
vt 0.714807 0.270809
vt 0.716115 0.267654
vt 0.720052 0.270809
vt 0.729894 0.270809
vt 0.794801 0.674545
vt 0.795093 0.669956
vt 0.799022 0.671758
vt 0.938722 0.441452
vt 0.938722 0.436743
vt 0.943171 0.438436
vt 0.712361 0.266066
vt 0.715771 0.262619
vt 0.720084 0.265588
vt 0.267271 0.802633
vt 0.262698 0.801706
vt 0.267271 0.797879
vt 0.799371 0.676394
vt 0.943596 0.443871
vt 0.262649 0.797099
vt 0.799371 0.667217
vt 0.657976 0.266480
vt 0.660468 0.261957
vt 0.662353 0.265707
vt 0.661824 0.270414
vt 0.666097 0.267389
vt 0.665962 0.261957
vt 0.868760 0.984970
vt 0.870612 0.984260
vt 0.870612 0.986814
vt 0.868621 0.982617
vt 0.868117 0.986749
vt 0.867327 0.984798
vt 0.981194 0.715396
vt 0.981231 0.713673
vt 0.983212 0.715264
vt 0.984155 0.363568
vt 0.983880 0.360987
vt 0.986328 0.362313
vt 0.983880 0.365346
vt 0.986008 0.364467
vt 0.986516 0.373742
vt 0.986670 0.375922
vt 0.984212 0.374975
vt 0.986670 0.371871
vt 0.984541 0.372197
vt 0.983405 0.712370
vt 0.066273 0.943867
vt 0.066887 0.941338
vt 0.069001 0.942815
vt 0.981194 0.711450
vt 0.985114 0.713927
vt 0.066273 0.939689
vt 0.068855 0.940497
vt 0.442750 0.930402
vt 0.440151 0.931328
vt 0.440628 0.929083
vt 0.442869 0.927602
vt 0.440151 0.926552
vt 0.647494 0.266264
vt 0.643391 0.269057
vt 0.643391 0.263511
vt 0.648672 0.270479
vt 0.648428 0.261957
vt 0.651452 0.266041
vt 0.914794 0.864919
vt 0.909922 0.862469
vt 0.914626 0.859345
vt 0.768041 0.675676
vt 0.767555 0.670158
vt 0.772452 0.672484
vt 0.931995 0.435035
vt 0.927758 0.437495
vt 0.927899 0.432652
vt 0.783596 0.672625
vt 0.784075 0.676354
vt 0.779864 0.674538
vt 0.784075 0.667911
vt 0.779121 0.669753
vt 0.772597 0.667911
vt 0.772597 0.676320
vt 0.931613 0.430602
vt 0.909922 0.857317
vt 0.720121 0.668497
vt 0.720121 0.674399
vt 0.716218 0.671133
vt 0.714863 0.667911
vt 0.927758 0.429164
vt 0.714542 0.675898
vt 0.712361 0.671416
vt 0.379264 0.986596
vt 0.379451 0.988768
vt 0.377144 0.987995
vt 0.887880 0.441732
vt 0.886020 0.443441
vt 0.886082 0.441421
vt 0.377144 0.985216
vt 0.442674 0.942362
vt 0.440195 0.941752
vt 0.442587 0.940291
vt 0.883866 0.441828
vt 0.887592 0.439302
vt 0.263988 0.989071
vt 0.263897 0.986702
vt 0.266043 0.988038
vt 0.442880 0.916018
vt 0.442711 0.918825
vt 0.440716 0.917491
vt 0.440151 0.938781
vt 0.884697 0.439302
vt 0.266043 0.985150
vt 0.440151 0.920027
vt 0.440151 0.915133
vt 0.442674 0.937853
vt 0.877233 0.443870
vt 0.874293 0.443870
vt 0.875900 0.441941
vt 0.877341 0.441176
vt 0.875762 0.439302
vt 0.873491 0.441148
vt 0.993962 0.450395
vt 0.996040 0.485091
vt 0.993962 0.485091
vt 0.449589 0.871560
vt 0.478732 0.906255
vt 0.449589 0.906256
vt 0.440151 0.873914
vt 0.442232 0.908609
vt 0.440151 0.908609
vt 0.110404 0.832895
vt 0.139548 0.867590
vt 0.110404 0.867590
vt 0.669050 0.964517
vt 0.671131 0.993656
vt 0.669050 0.993657
vt 0.980498 0.613329
vt 0.978417 0.584185
vt 0.980498 0.584185
vt 0.125255 0.984300
vt 0.128725 0.975985
vt 0.128725 0.984300
vt 0.152182 0.994024
vt 0.155651 0.956555
vt 0.155651 0.994024
vt 0.820476 0.975012
vt 0.823946 0.966685
vt 0.823946 0.975012
vt 0.263897 0.846638
vt 0.267367 0.809167
vt 0.267367 0.846638
vt 0.810482 0.922696
vt 0.818809 0.960160
vt 0.810482 0.960161
vt 0.538857 0.954182
vt 0.530530 0.916710
vt 0.538857 0.916710
vt 0.015338 0.981328
vt 0.020881 0.986878
vt 0.015338 0.986879
vt 0.973886 0.218514
vt 0.979438 0.181045
vt 0.979438 0.218514
vt 0.794202 0.243059
vt 0.799753 0.248610
vt 0.794202 0.248611
vt 0.840185 0.960167
vt 0.845736 0.922695
vt 0.845736 0.960167
vt 0.981193 0.722066
vt 0.986744 0.759531
vt 0.981193 0.759531
vt 0.975362 0.577660
vt 0.969810 0.540189
vt 0.975362 0.540189
vt 0.993962 0.813077
vt 0.996041 0.847772
vt 0.993962 0.847772
vt 0.110404 0.874115
vt 0.139547 0.908810
vt 0.110404 0.908810
vt 0.066273 0.898469
vt 0.068354 0.933164
vt 0.066273 0.933164
vt 0.146073 0.832895
vt 0.175217 0.867590
vt 0.146073 0.867590
vt 0.677656 0.964517
vt 0.679737 0.993656
vt 0.677656 0.993657
vt 0.787678 0.266242
vt 0.785596 0.237098
vt 0.787678 0.237098
vt 0.642681 0.985180
vt 0.646150 0.976866
vt 0.646150 0.985181
vt 0.985962 0.218517
vt 0.989431 0.181048
vt 0.989431 0.218517
vt 0.274195 0.977066
vt 0.277665 0.968739
vt 0.277665 0.977066
vt 0.263897 0.890634
vt 0.267367 0.853162
vt 0.267367 0.890634
vt 0.514305 0.920596
vt 0.522632 0.958060
vt 0.514305 0.958061
vt 0.803128 0.660692
vt 0.794801 0.623221
vt 0.803128 0.623221
vt 0.027421 0.981328
vt 0.032965 0.986878
vt 0.027421 0.986879
vt 0.973886 0.262508
vt 0.979437 0.225038
vt 0.979437 0.262508
vt 0.806277 0.243059
vt 0.811829 0.248610
vt 0.806277 0.248611
vt 0.642681 0.970341
vt 0.648232 0.932870
vt 0.648232 0.970341
vt 0.981193 0.766056
vt 0.986744 0.803520
vt 0.981193 0.803521
vt 0.975362 0.850547
vt 0.969811 0.813076
vt 0.975362 0.813076
vt 0.993962 0.491615
vt 0.996040 0.526311
vt 0.993962 0.526311
vt 0.290433 0.895190
vt 0.319576 0.929886
vt 0.290433 0.929886
vt 0.993268 0.722066
vt 0.995350 0.756761
vt 0.993268 0.756761
vt 0.757478 0.865500
vt 0.786622 0.900195
vt 0.757478 0.900195
vt 0.726373 0.964519
vt 0.728454 0.993659
vt 0.726373 0.993659
vt 0.983969 0.991889
vt 0.981888 0.962745
vt 0.983969 0.962745
vt 0.654756 0.985180
vt 0.658226 0.976866
vt 0.658226 0.985181
vt 0.888143 0.995326
vt 0.891612 0.957857
vt 0.891612 0.995326
vt 0.973886 0.365346
vt 0.977356 0.357020
vt 0.977356 0.365346
vt 0.560232 0.954182
vt 0.563702 0.916710
vt 0.563702 0.954182
vt 0.231421 0.922554
vt 0.239748 0.960018
vt 0.231421 0.960019
vt 0.677376 0.957993
vt 0.669050 0.920521
vt 0.677376 0.920521
vt 0.231421 0.981395
vt 0.236964 0.986946
vt 0.231421 0.986946
vt 0.435989 0.986747
vt 0.441540 0.949278
vt 0.441540 0.986747
vt 0.769553 0.979166
vt 0.775105 0.984717
vt 0.769553 0.984717
vt 0.609364 0.974588
vt 0.614916 0.937116
vt 0.614916 0.974588
vt 0.983176 0.003262
vt 0.988728 0.040727
vt 0.983176 0.040727
vt 0.008813 0.974802
vt 0.003262 0.937331
vt 0.008813 0.937331
vt 0.993962 0.857066
vt 0.996041 0.891761
vt 0.993962 0.891762
vt 0.190203 0.874675
vt 0.219345 0.909370
vt 0.190203 0.909371
vt 0.748855 0.920523
vt 0.750937 0.955218
vt 0.748855 0.955218
vt 0.290433 0.853970
vt 0.319577 0.888665
vt 0.290433 0.888665
vt 0.801752 0.964107
vt 0.803834 0.993246
vt 0.801752 0.993246
vt 0.333734 0.991642
vt 0.331653 0.962498
vt 0.333734 0.962498
vt 0.498079 0.985194
vt 0.501549 0.976880
vt 0.501549 0.985195
vt 0.898136 0.995326
vt 0.901606 0.957857
vt 0.901606 0.995326
vt 0.972498 0.435159
vt 0.975968 0.426832
vt 0.975968 0.435159
vt 0.038931 0.892359
vt 0.042400 0.854887
vt 0.042400 0.892359
vt 0.954961 0.918756
vt 0.963288 0.956220
vt 0.954961 0.956221
vt 0.198530 0.953366
vt 0.190203 0.915895
vt 0.198530 0.915895
vt 0.247660 0.981396
vt 0.253203 0.986946
vt 0.247660 0.986947
vt 0.973886 0.306501
vt 0.979438 0.269032
vt 0.979438 0.306501
vt 0.818353 0.243059
vt 0.823904 0.248610
vt 0.818353 0.248611
vt 0.654756 0.970341
vt 0.660308 0.932870
vt 0.660308 0.970341
vt 0.981886 0.540195
vt 0.987437 0.577660
vt 0.981886 0.577660
vt 0.975362 0.894543
vt 0.969811 0.857072
vt 0.975362 0.857072
vt 0.993962 0.540195
vt 0.996041 0.574890
vt 0.993962 0.574891
vt 0.530530 0.875490
vt 0.559673 0.910185
vt 0.530530 0.910186
vt 0.993268 0.766055
vt 0.995350 0.800750
vt 0.993268 0.800750
vt 0.585213 0.854673
vt 0.614358 0.889368
vt 0.585213 0.889368
vt 0.695283 0.964517
vt 0.697364 0.993657
vt 0.695283 0.993657
vt 0.971892 0.613329
vt 0.969811 0.584185
vt 0.971892 0.584185
vt 0.518067 0.985194
vt 0.521537 0.976880
vt 0.521537 0.985195
vt 0.985962 0.306504
vt 0.989431 0.269035
vt 0.989431 0.306505
vt 0.840185 0.975018
vt 0.843654 0.966691
vt 0.843654 0.975018
vt 0.263897 0.978625
vt 0.267367 0.941154
vt 0.267367 0.978625
vt 0.247660 0.922554
vt 0.255987 0.960019
vt 0.247660 0.960019
vt 0.553708 0.954181
vt 0.545381 0.916710
vt 0.553708 0.916710
vt 0.810482 0.981537
vt 0.816026 0.987088
vt 0.810482 0.987089
vt 0.973886 0.350495
vt 0.979438 0.313026
vt 0.979438 0.350495
vt 0.938722 0.979298
vt 0.944273 0.984849
vt 0.938722 0.984850
vt 0.314584 0.973882
vt 0.320135 0.936410
vt 0.320135 0.973882
vt 0.981887 0.813077
vt 0.987438 0.850541
vt 0.981887 0.850542
vt 0.020889 0.974802
vt 0.015338 0.937331
vt 0.020889 0.937331
vt 0.539136 0.960706
vt 0.541215 0.995401
vt 0.539136 0.995402
vt 0.146073 0.874115
vt 0.175215 0.908810
vt 0.146073 0.908810
vt 0.190203 0.959891
vt 0.192284 0.994586
vt 0.190203 0.994586
vt 0.810482 0.840255
vt 0.839627 0.874950
vt 0.810482 0.874950
vt 0.703889 0.964518
vt 0.705970 0.993657
vt 0.703889 0.993657
vt 0.750937 0.990887
vt 0.748855 0.961743
vt 0.750937 0.961743
vt 0.508073 0.985194
vt 0.511543 0.976880
vt 0.511543 0.985195
vt 0.168421 0.994019
vt 0.171891 0.956549
vt 0.171891 0.994019
vt 0.969811 0.909394
vt 0.973281 0.901067
vt 0.973281 0.909394
vt 0.263897 0.934630
vt 0.267367 0.897158
vt 0.267367 0.934630
vt 0.825333 0.922696
vt 0.833660 0.960160
vt 0.825333 0.960161
vt 0.339979 0.955974
vt 0.331653 0.918502
vt 0.339979 0.918503
vt 0.822550 0.981537
vt 0.828093 0.987088
vt 0.822550 0.987089
vt 0.423913 0.986747
vt 0.429465 0.949278
vt 0.429465 0.986747
vt 0.922327 0.979373
vt 0.927878 0.984924
vt 0.922327 0.984924
vt 0.027413 0.974802
vt 0.032965 0.937331
vt 0.032965 0.974802
vt 0.981886 0.450395
vt 0.987437 0.487860
vt 0.981886 0.487860
vt 0.944273 0.972774
vt 0.938722 0.935303
vt 0.944273 0.935303
vt 0.585213 0.895896
vt 0.614316 0.930588
vt 0.585213 0.930592
vt 0.440151 0.832694
vt 0.442232 0.867389
vt 0.440151 0.867389
vt 0.810481 0.394190
vt 0.839625 0.428884
vt 0.810481 0.428885
vt 0.198809 0.959890
vt 0.200890 0.994586
vt 0.198809 0.994586
vt 0.992575 0.962745
vt 0.990494 0.991889
vt 0.990494 0.962745
vt 0.971894 0.962751
vt 0.969812 0.991895
vt 0.969812 0.962751
vt 0.993268 0.660877
vt 0.996738 0.623459
vt 0.996738 0.660877
vt 0.852475 0.978861
vt 0.855945 0.970535
vt 0.855945 0.978862
vt 0.985962 0.130528
vt 0.989431 0.093057
vt 0.989431 0.130528
vt 0.231421 0.974870
vt 0.234890 0.966543
vt 0.234890 0.974870
vt 0.742331 0.920524
vt 0.734005 0.957994
vt 0.734005 0.920523
vt 0.709855 0.920522
vt 0.701528 0.957993
vt 0.701528 0.920522
vt 0.983176 0.084670
vt 0.988728 0.047253
vt 0.988728 0.084671
vt 0.314584 0.980406
vt 0.320135 0.985957
vt 0.314584 0.985957
vt 0.364266 0.976839
vt 0.369818 0.939368
vt 0.369818 0.976839
vt 0.295984 0.980406
vt 0.290433 0.985958
vt 0.290433 0.980406
vt 0.986744 0.623459
vt 0.981194 0.660930
vt 0.981194 0.623459
vt 0.975363 0.918755
vt 0.969812 0.956227
vt 0.969812 0.918756
vt 0.003262 0.896111
vt 0.032365 0.930803
vt 0.003262 0.930807
vt 0.066273 0.857249
vt 0.068354 0.891945
vt 0.066273 0.891945
vt 0.585213 0.813453
vt 0.614357 0.848148
vt 0.585213 0.848148
vt 0.207415 0.959890
vt 0.209497 0.994586
vt 0.207415 0.994586
vt 0.795228 0.964107
vt 0.793146 0.993251
vt 0.793146 0.964107
vt 0.350109 0.962962
vt 0.348027 0.992106
vt 0.348027 0.962962
vt 0.908130 0.995275
vt 0.911600 0.957858
vt 0.911600 0.995275
vt 0.627830 0.982414
vt 0.631299 0.974088
vt 0.631299 0.982414
vt 0.985962 0.174523
vt 0.989431 0.137052
vt 0.989431 0.174523
vt 0.247660 0.974871
vt 0.251129 0.966544
vt 0.251129 0.974871
vt 0.726092 0.920524
vt 0.717767 0.957994
vt 0.717767 0.920523
vt 0.695003 0.920522
vt 0.686676 0.957993
vt 0.686676 0.920522
vt 0.984574 0.420256
vt 0.990125 0.382839
vt 0.990125 0.420257
vt 0.585213 0.981112
vt 0.590764 0.986663
vt 0.585213 0.986663
vt 0.971101 0.084729
vt 0.976652 0.047258
vt 0.976652 0.084729
vt 0.308060 0.980406
vt 0.302508 0.985958
vt 0.302508 0.980406
vt 0.986744 0.667455
vt 0.981194 0.704926
vt 0.981194 0.667454
vt 0.976652 0.003262
vt 0.971101 0.040733
vt 0.971101 0.003262
vt 0.881618 0.878800
vt 0.866365 0.723419
vt 0.881618 0.723440
vt 0.890842 0.269724
vt 0.902094 0.003301
vt 0.902094 0.269762
vt 0.888757 0.277333
vt 0.873491 0.432778
vt 0.873491 0.277333
vt 0.899408 0.450395
vt 0.888143 0.717003
vt 0.888143 0.450585
vt 0.003262 0.259597
vt 0.118109 0.527148
vt 0.003262 0.526046
vt 0.190203 0.259585
vt 0.305834 0.526026
vt 0.190203 0.526048
vt 0.910870 0.450395
vt 0.915802 0.716860
vt 0.910870 0.716843
vt 0.810482 0.450396
vt 0.814690 0.716870
vt 0.810482 0.716813
vt 0.814690 0.450452
vt 0.819879 0.716869
vt 0.819879 0.450452
vt 0.824068 0.716813
vt 0.932197 0.716859
vt 0.927271 0.450395
vt 0.932197 0.450395
vt 0.927271 0.716858
vt 0.922327 0.450395
vt 0.830592 0.450406
vt 0.834803 0.716856
vt 0.830592 0.716868
vt 0.834803 0.450395
vt 0.839993 0.716856
vt 0.561926 0.247321
vt 0.556990 0.262510
vt 0.549005 0.256708
vt 0.839993 0.450395
vt 0.844178 0.716868
vt 0.905932 0.450412
vt 0.905932 0.716860
vt 0.593975 0.256708
vt 0.606890 0.247313
vt 0.609939 0.256687
vt 0.903398 0.723527
vt 0.888143 0.878887
vt 0.888143 0.723549
vt 0.872991 0.269680
vt 0.884318 0.003451
vt 0.884318 0.269869
vt 0.866967 0.432782
vt 0.851701 0.277333
vt 0.866967 0.277333
vt 0.881618 0.450395
vt 0.870278 0.716895
vt 0.870278 0.450433
vt 0.491555 0.543818
vt 0.377144 0.277333
vt 0.491555 0.277355
vt 0.492343 0.269711
vt 0.377144 0.004360
vt 0.492343 0.003262
vt 0.913556 0.003262
vt 0.918489 0.269728
vt 0.913556 0.269711
vt 0.348027 0.532581
vt 0.352235 0.799055
vt 0.348027 0.798999
vt 0.352235 0.532637
vt 0.357424 0.799055
vt 0.357424 0.532637
vt 0.361613 0.798998
vt 0.934884 0.269726
vt 0.929958 0.003262
vt 0.934884 0.003263
vt 0.929958 0.269725
vt 0.925013 0.003262
vt 0.833305 0.269735
vt 0.837516 0.003262
vt 0.837516 0.269724
vt 0.842706 0.269724
vt 0.529560 0.247321
vt 0.542481 0.256708
vt 0.534495 0.262510
vt 0.842706 0.003262
vt 0.846891 0.269735
vt 0.908618 0.003279
vt 0.908618 0.269727
vt 0.574546 0.260909
vt 0.579476 0.245718
vt 0.587451 0.251511
vt 0.621305 0.694901
vt 0.498079 0.806928
vt 0.498079 0.683138
vt 0.712361 0.533533
vt 0.803958 0.450395
vt 0.803958 0.616697
vt 0.963286 0.616934
vt 0.954961 0.450395
vt 0.963286 0.450395
vt 0.963287 0.912231
vt 0.954961 0.820410
vt 0.963287 0.820490
vt 0.793147 0.865500
vt 0.801474 0.957582
vt 0.793147 0.957581
vt 0.803957 0.277333
vt 0.803957 0.443871
vt 0.712361 0.360599
vt 0.627830 0.683138
vt 0.750953 0.695067
vt 0.627830 0.806857
vt 0.305669 0.699112
vt 0.297343 0.532573
vt 0.305669 0.532573
vt 0.963287 0.813886
vt 0.954961 0.722066
vt 0.963287 0.722145
vt 0.954961 0.623459
vt 0.963288 0.715541
vt 0.954961 0.715540
vt 0.857231 0.450395
vt 0.863754 0.716866
vt 0.857231 0.716843
vt 0.348027 0.259564
vt 0.353591 0.526056
vt 0.348027 0.525982
vt 0.353591 0.259638
vt 0.360452 0.526056
vt 0.360452 0.259638
vt 0.365992 0.525981
vt 0.866467 0.269726
vt 0.859953 0.003262
vt 0.866467 0.003263
vt 0.859953 0.269725
vt 0.853415 0.003263
vt 0.160300 0.259612
vt 0.165869 0.526058
vt 0.160300 0.526074
vt 0.165869 0.259597
vt 0.172731 0.526058
vt 0.502901 0.247838
vt 0.519986 0.260251
vt 0.509427 0.267923
vt 0.172731 0.259597
vt 0.178265 0.526074
vt 0.850702 0.450417
vt 0.850702 0.716866
vt 0.128661 0.519364
vt 0.135179 0.499277
vt 0.145725 0.506937
vt 0.810482 0.723399
vt 0.845128 0.833726
vt 0.810482 0.833731
vt 0.449589 0.713483
vt 0.487752 0.823815
vt 0.449589 0.823816
vt 0.810481 0.277334
vt 0.845176 0.387664
vt 0.810481 0.387665
vt 0.757478 0.683139
vt 0.795643 0.793469
vt 0.757478 0.793469
vt 0.753581 0.623223
vt 0.788277 0.661380
vt 0.753581 0.661382
vt 0.747057 0.661387
vt 0.712361 0.623221
vt 0.747057 0.623222
vt 0.799064 0.003266
vt 0.826781 0.236417
vt 0.799064 0.236421
vt 0.124633 0.259598
vt 0.153776 0.492752
vt 0.124633 0.492753
vt 0.312359 0.499240
vt 0.340115 0.732391
vt 0.312359 0.732392
vt 0.312359 0.259563
vt 0.341503 0.492715
vt 0.312359 0.492715
vt 0.627830 0.897206
vt 0.655586 0.926344
vt 0.627830 0.926345
vt 0.290405 0.725067
vt 0.262649 0.695922
vt 0.290405 0.695923
vt 0.062109 0.990845
vt 0.067660 0.956199
vt 0.067660 0.990845
vt 0.075707 0.989227
vt 0.081259 0.953146
vt 0.081259 0.989227
vt 0.050034 0.990894
vt 0.055585 0.956198
vt 0.055585 0.990894
vt 0.091946 0.989216
vt 0.097498 0.953132
vt 0.097498 0.989216
vt 0.627830 0.813383
vt 0.662525 0.849459
vt 0.627830 0.849460
vt 0.325128 0.847446
vt 0.290433 0.811362
vt 0.325128 0.811363
vt 0.687718 0.245719
vt 0.690412 0.256821
vt 0.687725 0.256823
vt 0.697430 0.245723
vt 0.699629 0.256816
vt 0.696936 0.256822
vt 0.699633 0.245718
vt 0.702334 0.256822
vt 0.673093 0.256823
vt 0.675792 0.245723
vt 0.675792 0.256830
vt 0.678490 0.256823
vt 0.297343 0.716740
vt 0.300062 0.705639
vt 0.300098 0.716743
vt 0.503849 0.966275
vt 0.502159 0.970355
vt 0.498079 0.968665
vt 0.302733 0.716740
vt 0.685015 0.256821
vt 0.674687 0.263362
vt 0.679673 0.265427
vt 0.677607 0.270413
vt 0.696847 0.663781
vt 0.699541 0.674883
vt 0.696854 0.674885
vt 0.484779 0.694274
vt 0.486979 0.705368
vt 0.484286 0.705374
vt 0.489195 0.694274
vt 0.489683 0.705374
vt 0.682222 0.674884
vt 0.684921 0.663785
vt 0.684921 0.674891
vt 0.687619 0.674884
vt 0.794667 0.255135
vt 0.796956 0.266242
vt 0.794202 0.266239
vt 0.512063 0.970355
vt 0.510373 0.966275
vt 0.514453 0.964585
vt 0.796921 0.255137
vt 0.799592 0.266239
vt 0.694144 0.674883
vt 0.688262 0.263362
vt 0.693248 0.265427
vt 0.691183 0.270413
vt 0.449589 0.912781
vt 0.459290 0.978702
vt 0.449589 0.978703
vt 0.274197 0.738916
vt 0.340114 0.804838
vt 0.274195 0.804838
vt 0.957647 0.237948
vt 0.967362 0.303868
vt 0.957647 0.303868
vt 0.069183 0.696812
vt 0.003262 0.762734
vt 0.003262 0.696812
vt 0.393383 0.912781
vt 0.403098 0.978691
vt 0.393383 0.978692
vt 0.914096 0.951333
vt 0.904382 0.885411
vt 0.914096 0.885411
vt 0.465815 0.912781
vt 0.475515 0.978702
vt 0.465815 0.978703
vt 0.110404 0.760449
vt 0.176322 0.826369
vt 0.110404 0.826370
vt 0.957647 0.310393
vt 0.967362 0.376314
vt 0.957647 0.376314
vt 0.443065 0.713483
vt 0.377144 0.779405
vt 0.377144 0.713483
vt 0.377144 0.912781
vt 0.386859 0.978691
vt 0.377144 0.978692
vt 0.897857 0.951333
vt 0.888142 0.885411
vt 0.897857 0.885411
vt 0.713150 0.254015
vt 0.779071 0.147314
vt 0.779071 0.254025
vt 0.757478 0.906719
vt 0.767192 0.972641
vt 0.757478 0.972641
vt 0.110404 0.753921
vt 0.176325 0.647061
vt 0.176325 0.753923
vt 0.957647 0.093057
vt 0.967362 0.158978
vt 0.957647 0.158978
vt 0.257373 0.809167
vt 0.247660 0.916029
vt 0.247660 0.809167
vt 0.357742 0.805580
vt 0.348027 0.912442
vt 0.348027 0.805580
vt 0.190203 0.802633
vt 0.256124 0.695932
vt 0.256124 0.802642
vt 0.773716 0.906719
vt 0.783431 0.972641
vt 0.773716 0.972641
vt 0.110404 0.640534
vt 0.176325 0.533674
vt 0.176325 0.640535
vt 0.957647 0.165502
vt 0.967362 0.231423
vt 0.957647 0.231423
vt 0.283909 0.811363
vt 0.274195 0.918224
vt 0.274195 0.811362
vt 0.241135 0.809167
vt 0.231421 0.916029
vt 0.231421 0.809167
vt 0.851653 0.860593
vt 0.856206 0.723484
vt 0.856206 0.860683
vt 0.969811 0.806552
vt 0.974669 0.722066
vt 0.974669 0.806552
vt 0.484286 0.687736
vt 0.488834 0.550351
vt 0.488834 0.687745
vt 0.974669 0.623459
vt 0.969812 0.707948
vt 0.969812 0.623459
vt 0.705837 0.519777
vt 0.626031 0.657255
vt 0.626031 0.519860
vt 0.792540 0.003386
vt 0.713150 0.140656
vt 0.713150 0.003262
vt 0.262649 0.731592
vt 0.264727 0.790574
vt 0.262649 0.790574
vt 0.190203 0.809167
vt 0.224896 0.868149
vt 0.190203 0.868150
vt 0.368137 0.703841
vt 0.370219 0.762823
vt 0.368137 0.762823
vt 0.757478 0.799994
vt 0.792174 0.858975
vt 0.757478 0.858975
vt 0.530530 0.960706
vt 0.532612 0.995396
vt 0.530530 0.995396
vt 0.068354 0.850725
vt 0.066273 0.816029
vt 0.068354 0.816029
vt 0.941408 0.245678
vt 0.091946 0.696812
vt 0.050034 0.769258
vt 0.075707 0.696812
vt 0.370620 0.003262
vt 0.003262 0.253070
vt 0.507780 0.813452
vt 0.605220 0.277333
vt 0.711242 0.813381
vt 0.498079 0.277333
vt 0.932042 0.723383
vt 0.938721 0.928778
vt 0.524006 0.813452
vt 0.606008 0.003262
vt 0.695003 0.813381
vt 0.498868 0.003262
vt 0.951123 0.003262
vt 0.938722 0.686324
vt 0.377144 0.550343
vt 0.727481 0.813381
vt 0.190203 0.532573
vt 0.341367 0.811362
vt 0.921234 0.434158
vt 0.619506 0.676600
vt 0.003262 0.533672
vt 0.743720 0.813381
vt 0.498079 0.519789
vt 0.678764 0.813381
vt 0.433626 0.942753
vt 0.904996 0.434156
vt 0.996041 0.581415
vt 0.406287 0.871560
vt 0.414893 0.871560
vt 0.478734 0.830340
vt 0.719848 0.964519
vt 0.368137 0.798491
vt 0.979805 0.901067
vt 0.985962 0.313029
vt 0.867327 0.967765
vt 0.798698 0.799993
vt 0.860802 0.926545
vt 0.205054 0.953366
vt 0.602832 0.981112
vt 0.972498 0.382838
vt 0.740530 0.978529
vt 0.909922 0.813322
vt 0.987438 0.857072
vt 0.364266 0.932843
vt 0.549818 0.960706
vt 0.881618 0.885325
vt 0.223375 0.959891
vt 0.032407 0.854887
vt 0.484564 0.964128
vt 0.038931 0.928027
vt 0.110404 0.975976
vt 0.178415 0.956549
vt 0.877321 0.967765
vt 0.039489 0.937331
vt 0.506406 0.920595
vt 0.348027 0.956437
vt 0.614916 0.981112
vt 0.973886 0.093057
vt 0.577311 0.979005
vt 0.302508 0.936410
vt 0.987439 0.918756
vt 0.585213 0.974587
vt 0.370216 0.618210
vt 0.417389 0.785929
vt 0.370219 0.532580
vt 0.043509 0.769258
vt 0.442232 0.785929
vt 0.066273 0.809505
vt 0.578689 0.875481
vt 0.915473 0.723527
vt 0.792535 0.147305
vt 0.369818 0.805580
vt 0.839220 0.442349
vt 0.827145 0.442349
vt 0.964576 0.003262
vt 0.975362 0.450395
vt 0.934697 0.277333
vt 0.490809 0.830340
vt 0.857203 0.874147
vt 0.705323 0.270301
vt 0.740474 0.667911
vt 0.138718 0.915335
vt 0.739899 0.262163
vt 0.125255 0.915335
vt 0.118731 0.915335
vt 0.957647 0.436963
vt 0.629927 0.245718
vt 0.409622 0.912781
vt 0.616464 0.245718
vt 0.927758 0.367126
vt 0.578689 0.813452
vt 0.530530 0.868965
vt 0.563702 0.960706
vt 0.839625 0.881475
vt 0.995350 0.667454
vt 0.656974 0.855985
vt 0.688758 0.964517
vt 0.954961 0.991890
vt 0.138718 0.975982
vt 0.985962 0.225041
vt 0.810482 0.966685
vt 0.219905 0.915895
vt 0.282522 0.924749
vt 0.482482 0.957604
vt 0.008806 0.981327
vt 0.973886 0.137051
vt 0.763029 0.979165
vt 0.290433 0.936410
vt 0.987437 0.494384
vt 0.597289 0.974587
vt 0.658242 0.245718
vt 0.627830 0.932869
vt 0.643391 0.245718
vt 0.867327 0.926545
vt 0.178136 0.915335
vt 0.152182 0.950030
vt 0.996040 0.450395
vt 0.478732 0.871559
vt 0.442232 0.873914
vt 0.139548 0.832895
vt 0.671131 0.964517
vt 0.978417 0.613329
vt 0.125255 0.975984
vt 0.152182 0.956555
vt 0.820476 0.966685
vt 0.263897 0.809167
vt 0.818809 0.922695
vt 0.530530 0.954181
vt 0.020881 0.981327
vt 0.973886 0.181044
vt 0.799753 0.243059
vt 0.840185 0.922695
vt 0.986744 0.722066
vt 0.969810 0.577660
vt 0.996041 0.813076
vt 0.139547 0.874114
vt 0.068354 0.898469
vt 0.175217 0.832895
vt 0.679737 0.964517
vt 0.785596 0.266242
vt 0.642681 0.976865
vt 0.985962 0.181048
vt 0.274195 0.968739
vt 0.263897 0.853162
vt 0.522632 0.920595
vt 0.794801 0.660692
vt 0.032965 0.981327
vt 0.973886 0.225038
vt 0.811829 0.243059
vt 0.642681 0.932870
vt 0.986744 0.766055
vt 0.969811 0.850547
vt 0.996040 0.491615
vt 0.319576 0.895190
vt 0.995350 0.722066
vt 0.786622 0.865500
vt 0.728454 0.964519
vt 0.981888 0.991889
vt 0.654756 0.976865
vt 0.888143 0.957857
vt 0.973886 0.357020
vt 0.560232 0.916710
vt 0.239748 0.922553
vt 0.669050 0.957992
vt 0.236964 0.981394
vt 0.435989 0.949278
vt 0.775105 0.979165
vt 0.609364 0.937116
vt 0.988728 0.003262
vt 0.003262 0.974802
vt 0.996041 0.857066
vt 0.219345 0.874674
vt 0.750937 0.920523
vt 0.319577 0.853970
vt 0.803834 0.964107
vt 0.331653 0.991642
vt 0.498079 0.976879
vt 0.898136 0.957857
vt 0.972498 0.426832
vt 0.038931 0.854887
vt 0.963288 0.918755
vt 0.190203 0.953366
vt 0.253203 0.981395
vt 0.973886 0.269032
vt 0.823904 0.243059
vt 0.654756 0.932870
vt 0.987437 0.540195
vt 0.969811 0.894543
vt 0.996041 0.540195
vt 0.559673 0.875490
vt 0.995350 0.766055
vt 0.614358 0.854673
vt 0.697364 0.964517
vt 0.969811 0.613329
vt 0.518067 0.976879
vt 0.985962 0.269035
vt 0.840185 0.966691
vt 0.263897 0.941154
vt 0.255987 0.922554
vt 0.545381 0.954181
vt 0.816026 0.981536
vt 0.973886 0.313026
vt 0.944273 0.979298
vt 0.314584 0.936410
vt 0.987438 0.813076
vt 0.015338 0.974802
vt 0.541215 0.960706
vt 0.175215 0.874114
vt 0.192284 0.959890
vt 0.839627 0.840255
vt 0.705970 0.964517
vt 0.748855 0.990887
vt 0.508073 0.976879
vt 0.168421 0.956549
vt 0.969811 0.901067
vt 0.263897 0.897158
vt 0.833660 0.922695
vt 0.331653 0.955974
vt 0.828093 0.981536
vt 0.423913 0.949278
vt 0.927878 0.979373
vt 0.027413 0.937331
vt 0.987437 0.450395
vt 0.938722 0.972774
vt 0.614316 0.895892
vt 0.442232 0.832694
vt 0.839625 0.394189
vt 0.200890 0.959890
vt 0.992575 0.991890
vt 0.971894 0.991895
vt 0.993268 0.623459
vt 0.852475 0.970535
vt 0.985962 0.093057
vt 0.231421 0.966543
vt 0.742331 0.957995
vt 0.709855 0.957993
vt 0.983176 0.047252
vt 0.320135 0.980406
vt 0.364266 0.939368
vt 0.295984 0.985957
vt 0.986744 0.660930
vt 0.975363 0.956227
vt 0.032365 0.896107
vt 0.068354 0.857249
vt 0.614357 0.813452
vt 0.209497 0.959890
vt 0.795228 0.993251
vt 0.350109 0.992106
vt 0.908130 0.957857
vt 0.627830 0.974088
vt 0.985962 0.137052
vt 0.247660 0.966544
vt 0.726092 0.957995
vt 0.695003 0.957993
vt 0.984574 0.382838
vt 0.590764 0.981112
vt 0.971101 0.047258
vt 0.308060 0.985958
vt 0.986744 0.704926
vt 0.976652 0.040733
vt 0.866365 0.878779
vt 0.890842 0.003262
vt 0.888757 0.432778
vt 0.899408 0.716813
vt 0.118109 0.260699
vt 0.305834 0.259563
vt 0.915802 0.450412
vt 0.824068 0.450395
vt 0.922327 0.716859
vt 0.549005 0.251519
vt 0.552055 0.247321
vt 0.556990 0.245718
vt 0.564976 0.251519
vt 0.564976 0.256708
vt 0.561926 0.260906
vt 0.552055 0.260906
vt 0.844178 0.450407
vt 0.606890 0.260885
vt 0.601957 0.262494
vt 0.597024 0.260898
vt 0.593975 0.251524
vt 0.597024 0.247326
vt 0.601957 0.245718
vt 0.609939 0.251503
vt 0.903398 0.878865
vt 0.872991 0.003262
vt 0.851701 0.432782
vt 0.881618 0.716856
vt 0.377144 0.543796
vt 0.377144 0.270809
vt 0.918489 0.003279
vt 0.361613 0.532580
vt 0.925013 0.269726
vt 0.833305 0.003274
vt 0.529560 0.260907
vt 0.526510 0.256709
vt 0.526510 0.251520
vt 0.534495 0.245718
vt 0.539430 0.247321
vt 0.542481 0.251519
vt 0.539430 0.260907
vt 0.846891 0.003274
vt 0.587451 0.256699
vt 0.584405 0.260899
vt 0.579476 0.262507
vt 0.571500 0.256714
vt 0.571500 0.251526
vt 0.574546 0.247326
vt 0.584405 0.247316
vt 0.954961 0.616934
vt 0.954961 0.912152
vt 0.801474 0.865501
vt 0.297343 0.699111
vt 0.954961 0.813807
vt 0.963288 0.623460
vt 0.863754 0.450417
vt 0.365992 0.259563
vt 0.853415 0.269726
vt 0.502901 0.265803
vt 0.498868 0.260251
vt 0.498868 0.253390
vt 0.509427 0.245718
vt 0.515953 0.247838
vt 0.519986 0.253389
vt 0.515953 0.265802
vt 0.178265 0.259612
vt 0.145725 0.513798
vt 0.141697 0.519352
vt 0.135179 0.521478
vt 0.124633 0.513818
vt 0.124633 0.506957
vt 0.128661 0.501403
vt 0.141697 0.501391
vt 0.845128 0.723394
vt 0.487752 0.713483
vt 0.845176 0.277333
vt 0.795643 0.683138
vt 0.788277 0.623221
vt 0.712361 0.661386
vt 0.826781 0.003262
vt 0.153776 0.259597
vt 0.340115 0.499239
vt 0.341503 0.259563
vt 0.655586 0.897204
vt 0.262649 0.725067
vt 0.062109 0.956198
vt 0.075707 0.953146
vt 0.050034 0.956198
vt 0.091946 0.953132
vt 0.662525 0.813381
vt 0.290433 0.847445
vt 0.689916 0.245718
vt 0.701846 0.245723
vt 0.673584 0.245718
vt 0.678000 0.245718
vt 0.297809 0.705636
vt 0.498079 0.966275
vt 0.499769 0.964585
vt 0.502159 0.964585
vt 0.503849 0.968665
vt 0.499769 0.970355
vt 0.302218 0.705636
vt 0.685500 0.245718
vt 0.674687 0.270414
vt 0.672622 0.268348
vt 0.672622 0.265427
vt 0.677607 0.263361
vt 0.679673 0.268348
vt 0.699045 0.663779
vt 0.486982 0.694269
vt 0.682713 0.663779
vt 0.687129 0.663779
vt 0.516143 0.966275
vt 0.516143 0.968665
vt 0.514453 0.970355
vt 0.510373 0.968665
vt 0.512063 0.964585
vt 0.799077 0.255135
vt 0.694629 0.663779
vt 0.688262 0.270414
vt 0.686197 0.268348
vt 0.686197 0.265427
vt 0.691183 0.263361
vt 0.693248 0.268348
vt 0.459290 0.912780
vt 0.340115 0.738916
vt 0.967362 0.237947
vt 0.069183 0.762734
vt 0.403098 0.912781
vt 0.904382 0.951333
vt 0.475515 0.912780
vt 0.176322 0.760447
vt 0.967362 0.310393
vt 0.443065 0.779405
vt 0.386859 0.912781
vt 0.888142 0.951333
vt 0.713150 0.147305
vt 0.767192 0.906719
vt 0.110404 0.647060
vt 0.967362 0.093057
vt 0.257373 0.916030
vt 0.357742 0.912441
vt 0.190203 0.695922
vt 0.783431 0.906719
vt 0.110404 0.533672
vt 0.967362 0.165502
vt 0.283909 0.918225
vt 0.241135 0.916029
vt 0.851653 0.723394
vt 0.969811 0.722066
vt 0.484286 0.550343
vt 0.974669 0.707948
vt 0.705837 0.657172
vt 0.792540 0.140780
vt 0.264727 0.731591
vt 0.224896 0.809167
vt 0.370219 0.703841
vt 0.792174 0.799993
vt 0.532612 0.960706
vt 0.066273 0.850725
s 0
f 2/1/1 3/2/1 1/3/1
f 4/4/2 7/5/2 3/6/2
f 8/7/3 5/8/3 7/9/3
f 6/10/4 1/11/4 5/12/4
f 7/13/5 1/14/5 3/15/5
f 4/16/6 6/17/6 8/18/6
f 10/19/1 11/20/1 9/21/1
f 12/22/2 15/23/2 11/24/2
f 16/25/3 13/26/3 15/27/3
f 14/28/4 9/29/4 13/30/4
f 15/31/5 9/32/5 11/33/5
f 12/34/6 14/35/6 16/36/6
f 18/37/1 19/38/1 17/39/1
f 20/40/2 23/41/2 19/42/2
f 24/43/3 21/44/3 23/45/3
f 22/46/4 17/47/4 21/48/4
f 23/49/5 17/50/5 19/51/5
f 20/52/6 22/53/6 24/54/6
f 26/55/1 27/56/1 25/57/1
f 28/58/2 31/59/2 27/60/2
f 32/61/3 29/62/3 31/63/3
f 30/64/4 25/65/4 29/66/4
f 31/67/5 25/68/5 27/69/5
f 28/70/6 30/71/6 32/72/6
f 34/73/1 35/74/1 33/75/1
f 36/76/2 39/77/2 35/78/2
f 40/79/3 37/80/3 39/81/3
f 38/82/4 33/83/4 37/84/4
f 39/85/5 33/86/5 35/87/5
f 36/88/6 38/89/6 40/90/6
f 42/91/1 43/92/1 41/93/1
f 44/94/2 47/95/2 43/96/2
f 48/97/3 45/98/3 47/99/3
f 46/100/4 41/101/4 45/102/4
f 47/103/5 41/104/5 43/105/5
f 44/106/6 46/107/6 48/108/6
f 50/109/1 51/110/1 49/111/1
f 52/112/2 55/113/2 51/114/2
f 56/115/3 53/116/3 55/117/3
f 54/118/4 49/119/4 53/120/4
f 55/121/5 49/122/5 51/123/5
f 52/124/6 54/125/6 56/126/6
f 58/127/1 59/128/1 57/129/1
f 60/130/2 63/131/2 59/132/2
f 64/133/3 61/134/3 63/135/3
f 62/136/4 57/137/4 61/138/4
f 63/139/5 57/140/5 59/141/5
f 60/142/6 62/143/6 64/144/6
f 66/145/1 67/146/1 65/147/1
f 68/148/2 71/149/2 67/150/2
f 72/151/3 69/152/3 71/153/3
f 70/154/4 65/155/4 69/156/4
f 71/157/5 65/158/5 67/159/5
f 68/160/6 70/161/6 72/162/6
f 74/163/1 75/164/1 73/165/1
f 76/166/2 79/167/2 75/168/2
f 80/169/3 77/170/3 79/171/3
f 78/172/4 73/173/4 77/174/4
f 79/175/5 73/176/5 75/177/5
f 76/178/6 78/179/6 80/180/6
f 82/181/1 83/182/1 81/183/1
f 84/184/2 87/185/2 83/186/2
f 88/187/3 85/188/3 87/189/3
f 86/190/4 81/191/4 85/192/4
f 87/193/5 81/194/5 83/195/5
f 84/196/6 86/197/6 88/198/6
f 90/199/1 91/200/1 89/201/1
f 92/202/2 95/203/2 91/204/2
f 96/205/3 93/206/3 95/207/3
f 94/208/4 89/209/4 93/210/4
f 95/211/5 89/212/5 91/213/5
f 92/214/6 94/215/6 96/216/6
f 98/217/1 99/218/1 97/219/1
f 100/220/2 103/221/2 99/222/2
f 104/223/3 101/224/3 103/225/3
f 102/226/4 97/227/4 101/228/4
f 103/229/5 97/230/5 99/231/5
f 100/232/6 102/233/6 104/234/6
f 106/235/1 107/236/1 105/237/1
f 108/238/2 111/239/2 107/240/2
f 112/241/3 109/242/3 111/243/3
f 110/244/4 105/245/4 109/246/4
f 111/247/5 105/248/5 107/249/5
f 108/250/6 110/251/6 112/252/6
f 114/253/1 115/254/1 113/255/1
f 116/256/2 119/257/2 115/258/2
f 120/259/3 117/260/3 119/261/3
f 118/262/4 113/263/4 117/264/4
f 119/265/5 113/266/5 115/267/5
f 116/268/6 118/269/6 120/270/6
f 122/271/1 123/272/1 121/273/1
f 124/274/2 127/275/2 123/276/2
f 128/277/3 125/278/3 127/279/3
f 126/280/4 121/281/4 125/282/4
f 127/283/5 121/284/5 123/285/5
f 124/286/6 126/287/6 128/288/6
f 130/289/1 131/290/1 129/291/1
f 132/292/2 135/293/2 131/294/2
f 136/295/3 133/296/3 135/297/3
f 134/298/4 129/299/4 133/300/4
f 135/301/5 129/302/5 131/303/5
f 132/304/6 134/305/6 136/306/6
f 138/307/1 139/308/1 137/309/1
f 140/310/2 143/311/2 139/312/2
f 144/313/3 141/314/3 143/315/3
f 142/316/4 137/317/4 141/318/4
f 143/319/5 137/320/5 139/321/5
f 140/322/6 142/323/6 144/324/6
f 146/325/1 147/326/1 145/327/1
f 148/328/2 151/329/2 147/330/2
f 152/331/3 149/332/3 151/333/3
f 150/334/4 145/335/4 149/336/4
f 151/337/5 145/338/5 147/339/5
f 148/340/6 150/341/6 152/342/6
f 154/343/1 155/344/1 153/345/1
f 156/346/2 159/347/2 155/348/2
f 160/349/3 157/350/3 159/351/3
f 158/352/4 153/353/4 157/354/4
f 159/355/5 153/356/5 155/357/5
f 156/358/6 158/359/6 160/360/6
f 161/361/7 162/362/7 163/363/7
f 162/362/8 161/361/8 166/364/8
f 161/361/9 163/363/9 164/365/9
f 161/361/10 164/365/10 165/366/10
f 161/367/11 165/368/11 166/369/11
f 162/370/12 166/369/12 171/371/12
f 163/372/13 162/373/13 167/374/13
f 164/375/14 163/376/14 168/377/14
f 165/378/15 164/379/15 169/380/15
f 166/369/16 165/368/16 170/381/16
f 162/373/17 171/382/17 167/374/17
f 163/376/18 167/383/18 168/377/18
f 164/375/19 168/377/19 169/384/19
f 165/378/20 169/380/20 170/385/20
f 166/369/21 170/381/21 171/371/21
f 167/386/22 171/387/22 172/388/22
f 168/389/23 167/386/23 172/388/23
f 169/390/24 168/389/24 172/388/24
f 170/391/25 169/390/25 172/388/25
f 171/387/26 170/391/26 172/388/26
f 173/392/27 174/393/27 175/394/27
f 174/395/28 173/396/28 178/397/28
f 173/392/29 175/394/29 176/398/29
f 173/399/30 176/400/30 177/401/30
f 173/402/31 177/403/31 178/404/31
f 174/395/32 178/397/32 183/405/32
f 175/406/33 174/407/33 179/408/33
f 176/409/34 175/406/34 180/410/34
f 177/401/35 176/400/35 181/411/35
f 178/404/36 177/403/36 182/412/36
f 174/395/37 183/405/37 179/413/37
f 175/406/38 179/408/38 180/410/38
f 176/400/39 180/414/39 181/411/39
f 177/403/40 181/415/40 182/412/40
f 178/404/41 182/412/41 183/416/41
f 179/417/42 183/418/42 184/419/42
f 180/420/43 179/417/43 184/419/43
f 181/421/44 180/420/44 184/419/44
f 182/422/45 181/421/45 184/419/45
f 183/418/46 182/422/46 184/419/46
f 185/423/47 186/424/47 187/425/47
f 186/424/48 185/423/48 190/426/48
f 185/423/49 187/425/49 188/427/49
f 185/423/50 188/427/50 189/428/50
f 185/423/51 189/428/51 190/426/51
f 186/429/52 190/430/52 195/431/52
f 187/432/53 186/429/53 191/433/53
f 188/434/54 187/435/54 192/436/54
f 189/437/55 188/438/55 193/439/55
f 190/440/56 189/441/56 194/442/56
f 186/429/57 195/431/57 191/433/57
f 187/435/58 191/443/58 192/436/58
f 188/438/59 192/444/59 193/439/59
f 189/437/60 193/439/60 194/445/60
f 190/440/61 194/442/61 195/446/61
f 191/433/62 195/431/62 196/447/62
f 192/436/63 191/443/63 196/448/63
f 193/449/64 192/450/64 196/451/64
f 194/452/65 193/449/65 196/451/65
f 195/453/66 194/452/66 196/451/66
f 197/454/67 198/455/67 199/456/67
f 198/455/68 197/454/68 202/457/68
f 197/454/69 199/456/69 200/458/69
f 197/454/70 200/458/70 201/459/70
f 197/454/71 201/459/71 202/457/71
f 198/460/72 202/461/72 207/462/72
f 199/463/73 198/464/73 203/465/73
f 200/466/74 199/467/74 204/468/74
f 201/469/75 200/470/75 205/471/75
f 202/472/76 201/469/76 206/473/76
f 198/464/77 207/474/77 203/465/77
f 199/463/78 203/465/78 204/475/78
f 200/466/79 204/468/79 205/476/79
f 201/469/80 205/471/80 206/473/80
f 202/461/81 206/477/81 207/462/81
f 203/478/82 207/479/82 208/480/82
f 204/475/83 203/465/83 208/481/83
f 205/482/84 204/483/84 208/480/84
f 206/484/85 205/482/85 208/480/85
f 207/479/86 206/484/86 208/480/86
f 209/485/87 210/486/87 211/487/87
f 210/486/88 209/485/88 214/488/88
f 209/485/89 211/487/89 212/489/89
f 209/485/90 212/489/90 213/490/90
f 209/491/91 213/492/91 214/493/91
f 210/494/92 214/495/92 219/496/92
f 211/497/93 210/498/93 215/499/93
f 212/500/94 211/497/94 216/501/94
f 213/502/95 212/503/95 217/504/95
f 214/493/96 213/492/96 218/505/96
f 210/494/97 219/496/97 215/506/97
f 211/497/98 215/499/98 216/501/98
f 212/503/99 216/507/99 217/504/99
f 213/492/100 217/508/100 218/505/100
f 214/493/101 218/505/101 219/509/101
f 215/506/102 219/496/102 220/510/102
f 216/501/103 215/499/103 220/511/103
f 217/512/104 216/513/104 220/514/104
f 218/515/105 217/512/105 220/514/105
f 219/516/106 218/515/106 220/514/106
f 221/517/107 222/518/107 223/519/107
f 222/518/108 221/517/108 226/520/108
f 221/517/109 223/519/109 224/521/109
f 221/517/110 224/521/110 225/522/110
f 221/517/111 225/522/111 226/520/111
f 222/523/112 226/524/112 231/525/112
f 223/526/113 222/527/113 227/528/113
f 224/529/114 223/526/114 228/530/114
f 225/531/115 224/532/115 229/533/115
f 226/534/116 225/535/116 230/536/116
f 222/523/117 231/525/117 227/537/117
f 223/526/118 227/528/118 228/530/118
f 224/532/119 228/538/119 229/533/119
f 225/535/120 229/539/120 230/536/120
f 226/524/121 230/540/121 231/525/121
f 227/537/122 231/525/122 232/541/122
f 228/530/123 227/528/123 232/542/123
f 229/543/124 228/544/124 232/545/124
f 230/546/125 229/543/125 232/545/125
f 231/547/126 230/546/126 232/545/126
f 233/548/127 234/549/127 235/550/127
f 234/549/128 233/548/128 238/551/128
f 233/548/129 235/550/129 236/552/129
f 233/553/130 236/554/130 237/555/130
f 233/548/131 237/556/131 238/551/131
f 234/557/132 238/558/132 243/559/132
f 235/560/133 234/561/133 239/562/133
f 236/554/134 235/563/134 240/564/134
f 237/555/135 236/554/135 241/565/135
f 238/566/136 237/567/136 242/568/136
f 234/557/137 243/559/137 239/569/137
f 235/560/138 239/562/138 240/570/138
f 236/554/139 240/564/139 241/565/139
f 237/567/140 241/571/140 242/568/140
f 238/558/141 242/572/141 243/559/141
f 239/573/142 243/574/142 244/575/142
f 240/576/143 239/573/143 244/575/143
f 241/577/144 240/576/144 244/575/144
f 242/578/145 241/577/145 244/575/145
f 243/574/146 242/578/146 244/575/146
f 245/579/147 246/580/147 247/581/147
f 246/580/148 245/579/148 250/582/148
f 245/579/149 247/581/149 248/583/149
f 245/579/150 248/583/150 249/584/150
f 245/585/151 249/586/151 250/587/151
f 246/588/152 250/589/152 255/590/152
f 247/591/153 246/588/153 251/592/153
f 248/593/154 247/594/154 252/595/154
f 249/596/155 248/593/155 253/597/155
f 250/587/156 249/586/156 254/598/156
f 246/588/157 255/590/157 251/592/157
f 247/599/158 251/600/158 252/601/158
f 248/593/159 252/595/159 253/597/159
f 249/586/160 253/602/160 254/598/160
f 250/587/161 254/598/161 255/603/161
f 251/600/162 255/604/162 256/605/162
f 252/601/163 251/600/163 256/605/163
f 253/606/164 252/607/164 256/608/164
f 254/609/165 253/606/165 256/608/165
f 255/610/166 254/609/166 256/608/166
f 257/611/167 258/612/167 259/613/167
f 258/612/168 257/611/168 262/614/168
f 257/611/169 259/613/169 260/615/169
f 257/611/170 260/615/170 261/616/170
f 257/611/171 261/616/171 262/614/171
f 258/617/172 262/618/172 267/619/172
f 259/620/173 258/621/173 263/622/173
f 260/623/174 259/624/174 264/625/174
f 261/626/175 260/627/175 265/628/175
f 262/629/176 261/626/176 266/630/176
f 258/621/177 267/631/177 263/622/177
f 259/620/178 263/622/178 264/632/178
f 260/623/179 264/625/179 265/633/179
f 261/626/180 265/628/180 266/630/180
f 262/618/181 266/634/181 267/619/181
f 263/635/182 267/636/182 268/637/182
f 264/638/183 263/635/183 268/637/183
f 265/633/184 264/625/184 268/639/184
f 266/640/185 265/641/185 268/637/185
f 267/636/186 266/640/186 268/637/186
f 269/642/187 270/643/187 271/644/187
f 270/645/188 269/646/188 274/647/188
f 269/642/189 271/644/189 272/648/189
f 269/649/190 272/650/190 273/651/190
f 269/646/191 273/652/191 274/647/191
f 270/645/192 274/647/192 279/653/192
f 271/654/193 270/655/193 275/656/193
f 272/657/194 271/658/194 276/659/194
f 273/651/195 272/650/195 277/660/195
f 274/647/196 273/652/196 278/661/196
f 270/655/197 279/662/197 275/656/197
f 271/658/198 275/663/198 276/659/198
f 272/657/199 276/659/199 277/664/199
f 273/651/200 277/660/200 278/665/200
f 274/647/201 278/661/201 279/653/201
f 275/666/202 279/667/202 280/668/202
f 276/669/203 275/666/203 280/668/203
f 277/670/204 276/669/204 280/668/204
f 278/671/205 277/670/205 280/668/205
f 279/667/206 278/671/206 280/668/206
f 282/672/1 283/673/1 281/674/1
f 284/675/2 287/676/2 283/677/2
f 288/678/3 285/679/3 287/680/3
f 286/681/4 281/682/4 285/683/4
f 287/684/5 281/685/5 283/686/5
f 284/687/6 286/688/6 288/689/6
f 290/690/1 291/691/1 289/692/1
f 292/693/2 295/694/2 291/695/2
f 296/696/3 293/697/3 295/698/3
f 294/699/4 289/700/4 293/701/4
f 295/702/5 289/703/5 291/704/5
f 292/705/6 294/706/6 296/707/6
f 298/708/1 299/709/1 297/710/1
f 300/711/2 303/712/2 299/713/2
f 304/714/3 301/715/3 303/716/3
f 302/717/4 297/718/4 301/719/4
f 303/720/5 297/721/5 299/722/5
f 300/723/6 302/724/6 304/725/6
f 306/726/1 307/727/1 305/728/1
f 308/729/2 311/730/2 307/731/2
f 312/732/3 309/733/3 311/734/3
f 310/735/4 305/736/4 309/737/4
f 311/738/5 305/739/5 307/740/5
f 308/741/6 310/742/6 312/743/6
f 314/744/1 315/745/1 313/746/1
f 316/747/2 319/748/2 315/749/2
f 320/750/3 317/751/3 319/752/3
f 318/753/4 313/754/4 317/755/4
f 319/756/5 313/757/5 315/758/5
f 316/759/6 318/760/6 320/761/6
f 322/762/1 323/763/1 321/764/1
f 324/765/2 327/766/2 323/767/2
f 328/768/3 325/769/3 327/770/3
f 326/771/4 321/772/4 325/773/4
f 327/774/5 321/775/5 323/776/5
f 324/777/6 326/778/6 328/779/6
f 330/780/1 331/781/1 329/782/1
f 332/783/2 335/784/2 331/785/2
f 336/786/3 333/787/3 335/788/3
f 334/789/4 329/790/4 333/791/4
f 335/792/5 329/793/5 331/794/5
f 332/795/6 334/796/6 336/797/6
f 338/798/1 339/799/1 337/800/1
f 340/801/2 343/802/2 339/803/2
f 344/804/3 341/805/3 343/806/3
f 342/807/4 337/808/4 341/809/4
f 343/810/5 337/811/5 339/812/5
f 340/813/6 342/814/6 344/815/6
f 346/816/1 347/817/1 345/818/1
f 348/819/2 351/820/2 347/821/2
f 352/822/3 349/823/3 351/824/3
f 350/825/4 345/826/4 349/827/4
f 351/828/5 345/829/5 347/830/5
f 348/831/6 350/832/6 352/833/6
f 354/834/1 355/835/1 353/836/1
f 356/837/2 359/838/2 355/839/2
f 360/840/3 357/841/3 359/842/3
f 358/843/4 353/844/4 357/845/4
f 359/846/5 353/847/5 355/848/5
f 356/849/6 358/850/6 360/851/6
f 362/852/1 363/853/1 361/854/1
f 364/855/2 367/856/2 363/857/2
f 368/858/3 365/859/3 367/860/3
f 366/861/4 361/862/4 365/863/4
f 367/864/5 361/865/5 363/866/5
f 364/867/6 366/868/6 368/869/6
f 370/870/1 371/871/1 369/872/1
f 372/873/2 375/874/2 371/875/2
f 376/876/3 373/877/3 375/878/3
f 374/879/4 369/880/4 373/881/4
f 375/882/5 369/883/5 371/884/5
f 372/885/6 374/886/6 376/887/6
f 378/888/1 379/889/1 377/890/1
f 380/891/2 383/892/2 379/893/2
f 384/894/3 381/895/3 383/896/3
f 382/897/4 377/898/4 381/899/4
f 383/900/5 377/901/5 379/902/5
f 380/903/6 382/904/6 384/905/6
f 386/906/1 387/907/1 385/908/1
f 388/909/2 391/910/2 387/911/2
f 392/912/3 389/913/3 391/914/3
f 390/915/4 385/916/4 389/917/4
f 391/918/5 385/919/5 387/920/5
f 388/921/6 390/922/6 392/923/6
f 394/924/1 395/925/1 393/926/1
f 396/927/2 399/928/2 395/929/2
f 400/930/3 397/931/3 399/932/3
f 398/933/4 393/934/4 397/935/4
f 399/936/5 393/937/5 395/938/5
f 396/939/6 398/940/6 400/941/6
f 402/942/1 403/943/1 401/944/1
f 404/945/2 407/946/2 403/947/2
f 408/948/3 405/949/3 407/950/3
f 406/951/4 401/952/4 405/953/4
f 407/954/5 401/955/5 403/956/5
f 404/957/6 406/958/6 408/959/6
f 410/960/1 411/961/1 409/962/1
f 412/963/2 415/964/2 411/965/2
f 416/966/3 413/967/3 415/968/3
f 414/969/4 409/970/4 413/971/4
f 415/972/5 409/973/5 411/974/5
f 412/975/6 414/976/6 416/977/6
f 418/978/1 419/979/1 417/980/1
f 420/981/2 423/982/2 419/983/2
f 424/984/3 421/985/3 423/986/3
f 422/987/4 417/988/4 421/989/4
f 423/990/5 417/991/5 419/992/5
f 420/993/6 422/994/6 424/995/6
f 426/996/1 427/997/1 425/998/1
f 428/999/2 431/1000/2 427/1001/2
f 432/1002/3 429/1003/3 431/1004/3
f 430/1005/4 425/1006/4 429/1007/4
f 431/1008/5 425/1009/5 427/1010/5
f 428/1011/6 430/1012/6 432/1013/6
f 434/1014/1 435/1015/1 433/1016/1
f 436/1017/2 439/1018/2 435/1019/2
f 440/1020/3 437/1021/3 439/1022/3
f 438/1023/4 433/1024/4 437/1025/4
f 439/1026/5 433/1027/5 435/1028/5
f 436/1029/6 438/1030/6 440/1031/6
f 442/1032/1 443/1033/1 441/1034/1
f 444/1035/2 447/1036/2 443/1037/2
f 448/1038/3 445/1039/3 447/1040/3
f 446/1041/4 441/1042/4 445/1043/4
f 447/1044/5 441/1045/5 443/1046/5
f 444/1047/6 446/1048/6 448/1049/6
f 450/1050/1 451/1051/1 449/1052/1
f 452/1053/2 455/1054/2 451/1055/2
f 456/1056/3 453/1057/3 455/1058/3
f 454/1059/4 449/1060/4 453/1061/4
f 455/1062/5 449/1063/5 451/1064/5
f 452/1065/6 454/1066/6 456/1067/6
f 458/1068/1 459/1069/1 457/1070/1
f 460/1071/2 463/1072/2 459/1073/2
f 464/1074/3 461/1075/3 463/1076/3
f 462/1077/4 457/1078/4 461/1079/4
f 463/1080/5 457/1081/5 459/1082/5
f 460/1083/6 462/1084/6 464/1085/6
f 466/1086/1 467/1087/1 465/1088/1
f 468/1089/2 471/1090/2 467/1091/2
f 472/1092/3 469/1093/3 471/1094/3
f 470/1095/4 465/1096/4 469/1097/4
f 471/1098/5 465/1099/5 467/1100/5
f 468/1101/6 470/1102/6 472/1103/6
f 473/1104/1 476/1105/1 475/1106/1
f 476/1107/207 479/1108/207 475/1109/207
f 480/1110/3 477/1111/3 479/1112/3
f 478/1113/208 473/1114/208 477/1115/208
f 479/1116/209 473/1117/209 475/1118/209
f 476/1119/210 478/1120/210 480/1121/210
s 1
f 504/1122/2 481/1123/211 482/1124/2
f 503/1125/211 505/1126/212 481/1127/211
f 506/1128/212 507/1129/213 505/1126/212
f 508/1130/213 509/1131/214 507/1129/213
f 511/1132/214 512/1133/4 509/1134/214
f 513/1135/4 514/1136/215 512/1133/4
f 515/1137/215 516/1138/216 514/1139/215
f 517/1140/216 519/1141/217 516/1138/216
f 500/1142/3 492/1143/3 488/1144/3
f 518/1145/217 520/1146/218 519/1141/217
f 510/1147/218 482/1124/2 520/1148/218
f 489/1149/1 497/1150/1 501/1151/1
s 0
f 522/1152/1 523/1153/1 521/1154/1
f 524/1155/219 527/1156/219 523/1157/219
f 527/1158/3 526/1159/3 525/1160/3
f 526/1161/220 521/1162/220 525/1163/220
f 527/1164/221 521/1165/221 523/1166/221
f 524/1167/222 526/1168/222 528/1169/222
s 1
f 552/1170/2 529/1171/211 530/1172/2
f 551/1173/211 553/1174/212 529/1175/211
f 554/1176/212 555/1177/213 553/1174/212
f 556/1178/213 557/1179/214 555/1177/213
f 559/1180/214 560/1181/4 557/1182/214
f 561/1183/4 562/1184/215 560/1181/4
f 562/1185/215 565/1186/216 564/1187/216
f 565/1186/216 567/1188/217 564/1187/216
f 548/1189/3 540/1190/3 536/1191/3
f 566/1192/217 568/1193/218 567/1188/217
f 558/1194/218 530/1172/2 568/1195/218
f 537/1196/1 545/1197/1 549/1198/1
s 0
f 569/1199/3 570/1200/3 571/1201/3
f 574/1202/1 573/1203/1 572/1204/1
f 569/1205/5 573/1206/5 570/1207/5
f 570/1208/222 574/1209/222 571/1210/222
f 571/1211/210 572/1212/210 569/1213/210
f 575/1214/3 576/1215/3 577/1216/3
f 580/1217/1 579/1218/1 578/1219/1
f 575/1220/5 579/1221/5 576/1222/5
f 576/1223/222 580/1224/222 577/1225/222
f 577/1226/210 578/1227/210 575/1228/210
s 1
f 604/1229/2 581/1230/211 582/1231/2
f 603/1232/211 605/1233/212 581/1234/211
f 606/1235/212 607/1236/213 605/1233/212
f 608/1237/213 609/1238/214 607/1236/213
f 611/1239/214 612/1240/4 609/1241/214
f 613/1242/4 614/1243/215 612/1240/4
f 615/1244/215 616/1245/216 614/1246/215
f 617/1247/216 619/1248/217 616/1245/216
f 600/1249/3 592/1250/3 588/1251/3
f 618/1252/217 620/1253/218 619/1248/217
f 610/1254/218 582/1231/2 620/1255/218
f 589/1256/1 597/1257/1 601/1258/1
s 0
f 622/1259/1 623/1260/1 621/1261/1
f 624/1262/2 627/1263/2 623/1264/2
f 628/1265/3 625/1266/3 627/1267/3
f 626/1268/4 621/1269/4 625/1270/4
f 627/1271/5 621/1272/5 623/1273/5
f 624/1274/6 626/1275/6 628/1276/6
f 630/1277/1 631/1278/1 629/1279/1
f 632/1280/2 635/1281/2 631/1282/2
f 636/1283/3 633/1284/3 635/1285/3
f 634/1286/4 629/1287/4 633/1288/4
f 635/1289/5 629/1290/5 631/1291/5
f 632/1292/6 634/1293/6 636/1294/6
f 638/1295/1 639/1296/1 637/1297/1
f 640/1298/2 643/1299/2 639/1300/2
f 644/1301/3 641/1302/3 643/1303/3
f 642/1304/4 637/1305/4 641/1306/4
f 643/1307/5 637/1308/5 639/1309/5
f 640/1310/6 642/1311/6 644/1312/6
f 646/1313/223 647/1314/223 645/1315/223
f 648/1316/224 649/1317/224 647/1318/224
f 650/1319/225 651/1320/225 649/1317/225
f 651/1321/226 654/1322/226 653/1323/226
f 654/1322/227 655/1324/227 653/1323/227
f 655/1325/228 658/1326/228 657/1327/228
f 658/1328/6 654/1329/6 650/1330/6
f 658/1326/229 659/1331/229 657/1327/229
f 659/1332/230 646/1313/230 645/1315/230
f 651/1333/5 655/1334/5 659/1335/5
f 662/1336/223 663/1337/223 661/1338/223
f 664/1339/224 665/1340/224 663/1341/224
f 665/1340/231 668/1342/231 667/1343/231
f 667/1344/226 670/1345/226 669/1346/226
f 670/1345/227 671/1347/227 669/1346/227
f 672/1348/232 673/1349/232 671/1350/232
f 674/1351/6 670/1352/6 666/1353/6
f 674/1354/229 675/1355/229 673/1349/229
f 675/1356/230 662/1336/230 661/1338/230
f 667/1357/5 671/1358/5 675/1359/5
f 678/1360/1 679/1361/1 677/1362/1
f 680/1363/2 683/1364/2 679/1365/2
f 684/1366/3 681/1367/3 683/1368/3
f 682/1369/4 677/1370/4 681/1371/4
f 683/1372/5 677/1373/5 679/1374/5
f 680/1375/6 682/1376/6 684/1377/6
f 686/1378/1 687/1379/1 685/1380/1
f 688/1381/2 691/1382/2 687/1383/2
f 692/1384/3 689/1385/3 691/1386/3
f 690/1387/4 685/1388/4 689/1389/4
f 691/1390/5 685/1391/5 687/1392/5
f 688/1393/6 690/1394/6 692/1395/6
f 694/1396/1 695/1397/1 693/1398/1
f 696/1399/2 699/1400/2 695/1401/2
f 700/1402/3 697/1403/3 699/1404/3
f 698/1405/4 693/1406/4 697/1407/4
f 699/1408/5 693/1409/5 695/1410/5
f 696/1411/6 698/1412/6 700/1413/6
f 702/1414/1 703/1415/1 701/1416/1
f 704/1417/2 707/1418/2 703/1419/2
f 708/1420/3 705/1421/3 707/1422/3
f 706/1423/4 701/1424/4 705/1425/4
f 707/1426/5 701/1427/5 703/1428/5
f 704/1429/6 706/1430/6 708/1431/6
f 710/1432/233 711/1433/233 709/1434/233
f 712/1435/2 715/1436/2 711/1437/2
f 716/1438/234 713/1439/234 715/1440/234
f 714/1441/4 709/1442/4 713/1443/4
f 715/1444/235 709/1445/235 711/1446/235
f 712/1447/236 714/1448/236 716/1449/236
f 718/1450/1 719/1451/1 717/1452/1
f 720/1453/2 723/1454/2 719/1455/2
f 724/1456/3 721/1457/3 723/1458/3
f 722/1459/4 717/1460/4 721/1461/4
f 723/1462/5 717/1463/5 719/1464/5
f 720/1465/6 722/1466/6 724/1467/6
f 2/1/1 4/1468/1 3/2/1
f 4/4/2 8/1469/2 7/5/2
f 8/7/3 6/1470/3 5/8/3
f 6/10/4 2/1471/4 1/11/4
f 7/13/5 5/1472/5 1/14/5
f 4/16/6 2/1473/6 6/17/6
f 10/19/1 12/1474/1 11/20/1
f 12/22/2 16/1475/2 15/23/2
f 16/25/3 14/1476/3 13/26/3
f 14/28/4 10/1477/4 9/29/4
f 15/31/5 13/1478/5 9/32/5
f 12/34/6 10/1479/6 14/35/6
f 18/37/1 20/1480/1 19/38/1
f 20/40/2 24/1481/2 23/41/2
f 24/43/3 22/1482/3 21/44/3
f 22/46/4 18/1483/4 17/47/4
f 23/49/5 21/1484/5 17/50/5
f 20/52/6 18/1485/6 22/53/6
f 26/55/1 28/1486/1 27/56/1
f 28/58/2 32/1487/2 31/59/2
f 32/61/3 30/1488/3 29/62/3
f 30/64/4 26/1489/4 25/65/4
f 31/67/5 29/1490/5 25/68/5
f 28/70/6 26/1491/6 30/71/6
f 34/73/1 36/1492/1 35/74/1
f 36/76/2 40/1493/2 39/77/2
f 40/79/3 38/1494/3 37/80/3
f 38/82/4 34/1495/4 33/83/4
f 39/85/5 37/1496/5 33/86/5
f 36/88/6 34/1497/6 38/89/6
f 42/91/1 44/1498/1 43/92/1
f 44/94/2 48/1499/2 47/95/2
f 48/97/3 46/1500/3 45/98/3
f 46/100/4 42/1501/4 41/101/4
f 47/103/5 45/1502/5 41/104/5
f 44/106/6 42/1503/6 46/107/6
f 50/109/1 52/1504/1 51/110/1
f 52/112/2 56/1505/2 55/113/2
f 56/115/3 54/1506/3 53/116/3
f 54/118/4 50/1507/4 49/119/4
f 55/121/5 53/1508/5 49/122/5
f 52/124/6 50/1509/6 54/125/6
f 58/127/1 60/1510/1 59/128/1
f 60/130/2 64/1511/2 63/131/2
f 64/133/3 62/1512/3 61/134/3
f 62/136/4 58/1513/4 57/137/4
f 63/139/5 61/1514/5 57/140/5
f 60/142/6 58/1515/6 62/143/6
f 66/145/1 68/1516/1 67/146/1
f 68/148/2 72/1517/2 71/149/2
f 72/151/3 70/1518/3 69/152/3
f 70/154/4 66/1519/4 65/155/4
f 71/157/5 69/1520/5 65/158/5
f 68/160/6 66/1521/6 70/161/6
f 74/163/1 76/1522/1 75/164/1
f 76/166/2 80/1523/2 79/167/2
f 80/169/3 78/1524/3 77/170/3
f 78/172/4 74/1525/4 73/173/4
f 79/175/5 77/1526/5 73/176/5
f 76/178/6 74/1527/6 78/179/6
f 82/181/1 84/1528/1 83/182/1
f 84/184/2 88/1529/2 87/185/2
f 88/187/3 86/1530/3 85/188/3
f 86/190/4 82/1531/4 81/191/4
f 87/193/5 85/1532/5 81/194/5
f 84/196/6 82/1533/6 86/197/6
f 90/199/1 92/1534/1 91/200/1
f 92/202/2 96/1535/2 95/203/2
f 96/205/3 94/1536/3 93/206/3
f 94/208/4 90/1537/4 89/209/4
f 95/211/5 93/1538/5 89/212/5
f 92/214/6 90/1539/6 94/215/6
f 98/217/1 100/1540/1 99/218/1
f 100/220/2 104/1541/2 103/221/2
f 104/223/3 102/1542/3 101/224/3
f 102/226/4 98/1543/4 97/227/4
f 103/229/5 101/1544/5 97/230/5
f 100/232/6 98/1545/6 102/233/6
f 106/235/1 108/1546/1 107/236/1
f 108/238/2 112/1547/2 111/239/2
f 112/241/3 110/1548/3 109/242/3
f 110/244/4 106/1549/4 105/245/4
f 111/247/5 109/1550/5 105/248/5
f 108/250/6 106/1551/6 110/251/6
f 114/253/1 116/1552/1 115/254/1
f 116/256/2 120/1553/2 119/257/2
f 120/259/3 118/1554/3 117/260/3
f 118/262/4 114/1555/4 113/263/4
f 119/265/5 117/1556/5 113/266/5
f 116/268/6 114/1557/6 118/269/6
f 122/271/1 124/1558/1 123/272/1
f 124/274/2 128/1559/2 127/275/2
f 128/277/3 126/1560/3 125/278/3
f 126/280/4 122/1561/4 121/281/4
f 127/283/5 125/1562/5 121/284/5
f 124/286/6 122/1563/6 126/287/6
f 130/289/1 132/1564/1 131/290/1
f 132/292/2 136/1565/2 135/293/2
f 136/295/3 134/1566/3 133/296/3
f 134/298/4 130/1567/4 129/299/4
f 135/301/5 133/1568/5 129/302/5
f 132/304/6 130/1569/6 134/305/6
f 138/307/1 140/1570/1 139/308/1
f 140/310/2 144/1571/2 143/311/2
f 144/313/3 142/1572/3 141/314/3
f 142/316/4 138/1573/4 137/317/4
f 143/319/5 141/1574/5 137/320/5
f 140/322/6 138/1575/6 142/323/6
f 146/325/1 148/1576/1 147/326/1
f 148/328/2 152/1577/2 151/329/2
f 152/331/3 150/1578/3 149/332/3
f 150/334/4 146/1579/4 145/335/4
f 151/337/5 149/1580/5 145/338/5
f 148/340/6 146/1581/6 150/341/6
f 154/343/1 156/1582/1 155/344/1
f 156/346/2 160/1583/2 159/347/2
f 160/349/3 158/1584/3 157/350/3
f 158/352/4 154/1585/4 153/353/4
f 159/355/5 157/1586/5 153/356/5
f 156/358/6 154/1587/6 158/359/6
f 282/672/1 284/1588/1 283/673/1
f 284/675/2 288/1589/2 287/676/2
f 288/678/3 286/1590/3 285/679/3
f 286/681/4 282/1591/4 281/682/4
f 287/684/5 285/1592/5 281/685/5
f 284/687/6 282/1593/6 286/688/6
f 290/690/1 292/1594/1 291/691/1
f 292/693/2 296/1595/2 295/694/2
f 296/696/3 294/1596/3 293/697/3
f 294/699/4 290/1597/4 289/700/4
f 295/702/5 293/1598/5 289/703/5
f 292/705/6 290/1599/6 294/706/6
f 298/708/1 300/1600/1 299/709/1
f 300/711/2 304/1601/2 303/712/2
f 304/714/3 302/1602/3 301/715/3
f 302/717/4 298/1603/4 297/718/4
f 303/720/5 301/1604/5 297/721/5
f 300/723/6 298/1605/6 302/724/6
f 306/726/1 308/1606/1 307/727/1
f 308/729/2 312/1607/2 311/730/2
f 312/732/3 310/1608/3 309/733/3
f 310/735/4 306/1609/4 305/736/4
f 311/738/5 309/1610/5 305/739/5
f 308/741/6 306/1611/6 310/742/6
f 314/744/1 316/1612/1 315/745/1
f 316/747/2 320/1613/2 319/748/2
f 320/750/3 318/1614/3 317/751/3
f 318/753/4 314/1615/4 313/754/4
f 319/756/5 317/1616/5 313/757/5
f 316/759/6 314/1617/6 318/760/6
f 322/762/1 324/1618/1 323/763/1
f 324/765/2 328/1619/2 327/766/2
f 328/768/3 326/1620/3 325/769/3
f 326/771/4 322/1621/4 321/772/4
f 327/774/5 325/1622/5 321/775/5
f 324/777/6 322/1623/6 326/778/6
f 330/780/1 332/1624/1 331/781/1
f 332/783/2 336/1625/2 335/784/2
f 336/786/3 334/1626/3 333/787/3
f 334/789/4 330/1627/4 329/790/4
f 335/792/5 333/1628/5 329/793/5
f 332/795/6 330/1629/6 334/796/6
f 338/798/1 340/1630/1 339/799/1
f 340/801/2 344/1631/2 343/802/2
f 344/804/3 342/1632/3 341/805/3
f 342/807/4 338/1633/4 337/808/4
f 343/810/5 341/1634/5 337/811/5
f 340/813/6 338/1635/6 342/814/6
f 346/816/1 348/1636/1 347/817/1
f 348/819/2 352/1637/2 351/820/2
f 352/822/3 350/1638/3 349/823/3
f 350/825/4 346/1639/4 345/826/4
f 351/828/5 349/1640/5 345/829/5
f 348/831/6 346/1641/6 350/832/6
f 354/834/1 356/1642/1 355/835/1
f 356/837/2 360/1643/2 359/838/2
f 360/840/3 358/1644/3 357/841/3
f 358/843/4 354/1645/4 353/844/4
f 359/846/5 357/1646/5 353/847/5
f 356/849/6 354/1647/6 358/850/6
f 362/852/1 364/1648/1 363/853/1
f 364/855/2 368/1649/2 367/856/2
f 368/858/3 366/1650/3 365/859/3
f 366/861/4 362/1651/4 361/862/4
f 367/864/5 365/1652/5 361/865/5
f 364/867/6 362/1653/6 366/868/6
f 370/870/1 372/1654/1 371/871/1
f 372/873/2 376/1655/2 375/874/2
f 376/876/3 374/1656/3 373/877/3
f 374/879/4 370/1657/4 369/880/4
f 375/882/5 373/1658/5 369/883/5
f 372/885/6 370/1659/6 374/886/6
f 378/888/1 380/1660/1 379/889/1
f 380/891/2 384/1661/2 383/892/2
f 384/894/3 382/1662/3 381/895/3
f 382/897/4 378/1663/4 377/898/4
f 383/900/5 381/1664/5 377/901/5
f 380/903/6 378/1665/6 382/904/6
f 386/906/1 388/1666/1 387/907/1
f 388/909/2 392/1667/2 391/910/2
f 392/912/3 390/1668/3 389/913/3
f 390/915/4 386/1669/4 385/916/4
f 391/918/5 389/1670/5 385/919/5
f 388/921/6 386/1671/6 390/922/6
f 394/924/1 396/1672/1 395/925/1
f 396/927/2 400/1673/2 399/928/2
f 400/930/3 398/1674/3 397/931/3
f 398/933/4 394/1675/4 393/934/4
f 399/936/5 397/1676/5 393/937/5
f 396/939/6 394/1677/6 398/940/6
f 402/942/1 404/1678/1 403/943/1
f 404/945/2 408/1679/2 407/946/2
f 408/948/3 406/1680/3 405/949/3
f 406/951/4 402/1681/4 401/952/4
f 407/954/5 405/1682/5 401/955/5
f 404/957/6 402/1683/6 406/958/6
f 410/960/1 412/1684/1 411/961/1
f 412/963/2 416/1685/2 415/964/2
f 416/966/3 414/1686/3 413/967/3
f 414/969/4 410/1687/4 409/970/4
f 415/972/5 413/1688/5 409/973/5
f 412/975/6 410/1689/6 414/976/6
f 418/978/1 420/1690/1 419/979/1
f 420/981/2 424/1691/2 423/982/2
f 424/984/3 422/1692/3 421/985/3
f 422/987/4 418/1693/4 417/988/4
f 423/990/5 421/1694/5 417/991/5
f 420/993/6 418/1695/6 422/994/6
f 426/996/1 428/1696/1 427/997/1
f 428/999/2 432/1697/2 431/1000/2
f 432/1002/3 430/1698/3 429/1003/3
f 430/1005/4 426/1699/4 425/1006/4
f 431/1008/5 429/1700/5 425/1009/5
f 428/1011/6 426/1701/6 430/1012/6
f 434/1014/1 436/1702/1 435/1015/1
f 436/1017/2 440/1703/2 439/1018/2
f 440/1020/3 438/1704/3 437/1021/3
f 438/1023/4 434/1705/4 433/1024/4
f 439/1026/5 437/1706/5 433/1027/5
f 436/1029/6 434/1707/6 438/1030/6
f 442/1032/1 444/1708/1 443/1033/1
f 444/1035/2 448/1709/2 447/1036/2
f 448/1038/3 446/1710/3 445/1039/3
f 446/1041/4 442/1711/4 441/1042/4
f 447/1044/5 445/1712/5 441/1045/5
f 444/1047/6 442/1713/6 446/1048/6
f 450/1050/1 452/1714/1 451/1051/1
f 452/1053/2 456/1715/2 455/1054/2
f 456/1056/3 454/1716/3 453/1057/3
f 454/1059/4 450/1717/4 449/1060/4
f 455/1062/5 453/1718/5 449/1063/5
f 452/1065/6 450/1719/6 454/1066/6
f 458/1068/1 460/1720/1 459/1069/1
f 460/1071/2 464/1721/2 463/1072/2
f 464/1074/3 462/1722/3 461/1075/3
f 462/1077/4 458/1723/4 457/1078/4
f 463/1080/5 461/1724/5 457/1081/5
f 460/1083/6 458/1725/6 462/1084/6
f 466/1086/1 468/1726/1 467/1087/1
f 468/1089/2 472/1727/2 471/1090/2
f 472/1092/3 470/1728/3 469/1093/3
f 470/1095/4 466/1729/4 465/1096/4
f 471/1098/5 469/1730/5 465/1099/5
f 468/1101/6 466/1731/6 470/1102/6
f 473/1104/1 474/1732/1 476/1105/1
f 476/1107/207 480/1733/207 479/1108/207
f 480/1110/3 478/1734/3 477/1111/3
f 478/1113/208 474/1735/208 473/1114/208
f 479/1116/209 477/1736/209 473/1117/209
f 476/1119/210 474/1737/210 478/1120/210
s 1
f 504/1122/2 503/1738/211 481/1123/211
f 503/1125/211 506/1128/212 505/1126/212
f 506/1128/212 508/1130/213 507/1129/213
f 508/1130/213 511/1739/214 509/1131/214
f 511/1132/214 513/1135/4 512/1133/4
f 513/1135/4 515/1740/215 514/1136/215
f 515/1137/215 517/1140/216 516/1138/216
f 517/1140/216 518/1145/217 519/1141/217
f 488/1144/3 486/1741/3 484/1742/3
f 484/1742/3 502/1743/3 500/1142/3
f 500/1142/3 498/1744/3 496/1745/3
f 496/1745/3 494/1746/3 492/1143/3
f 492/1143/3 490/1747/3 488/1144/3
f 488/1144/3 484/1742/3 500/1142/3
f 500/1142/3 496/1745/3 492/1143/3
f 518/1145/217 510/1748/218 520/1146/218
f 510/1147/218 504/1122/2 482/1124/2
f 501/1151/1 483/1749/1 485/1750/1
f 485/1750/1 487/1751/1 489/1149/1
f 489/1149/1 491/1752/1 493/1753/1
f 493/1753/1 495/1754/1 497/1150/1
f 497/1150/1 499/1755/1 501/1151/1
f 501/1151/1 485/1750/1 489/1149/1
f 489/1149/1 493/1753/1 497/1150/1
s 0
f 522/1152/1 524/1756/1 523/1153/1
f 524/1155/219 528/1757/219 527/1156/219
f 527/1158/3 528/1758/3 526/1159/3
f 526/1161/220 522/1759/220 521/1162/220
f 527/1164/221 525/1760/221 521/1165/221
f 524/1167/222 522/1761/222 526/1168/222
s 1
f 552/1170/2 551/1762/211 529/1171/211
f 551/1173/211 554/1176/212 553/1174/212
f 554/1176/212 556/1178/213 555/1177/213
f 556/1178/213 559/1763/214 557/1179/214
f 559/1180/214 561/1183/4 560/1181/4
f 561/1183/4 563/1764/215 562/1184/215
f 562/1185/215 563/1765/215 565/1186/216
f 565/1186/216 566/1192/217 567/1188/217
f 536/1191/3 534/1766/3 532/1767/3
f 532/1767/3 550/1768/3 548/1189/3
f 548/1189/3 546/1769/3 544/1770/3
f 544/1770/3 542/1771/3 540/1190/3
f 540/1190/3 538/1772/3 536/1191/3
f 536/1191/3 532/1767/3 548/1189/3
f 548/1189/3 544/1770/3 540/1190/3
f 566/1192/217 558/1773/218 568/1193/218
f 558/1194/218 552/1170/2 530/1172/2
f 549/1198/1 531/1774/1 533/1775/1
f 533/1775/1 535/1776/1 537/1196/1
f 537/1196/1 539/1777/1 541/1778/1
f 541/1778/1 543/1779/1 545/1197/1
f 545/1197/1 547/1780/1 549/1198/1
f 549/1198/1 533/1775/1 537/1196/1
f 537/1196/1 541/1778/1 545/1197/1
s 0
f 569/1205/5 572/1781/5 573/1206/5
f 570/1208/222 573/1782/222 574/1209/222
f 571/1211/210 574/1783/210 572/1212/210
f 575/1220/5 578/1784/5 579/1221/5
f 576/1223/222 579/1785/222 580/1224/222
f 577/1226/210 580/1786/210 578/1227/210
s 1
f 604/1229/2 603/1787/211 581/1230/211
f 603/1232/211 606/1235/212 605/1233/212
f 606/1235/212 608/1237/213 607/1236/213
f 608/1237/213 611/1788/214 609/1238/214
f 611/1239/214 613/1242/4 612/1240/4
f 613/1242/4 615/1789/215 614/1243/215
f 615/1244/215 617/1247/216 616/1245/216
f 617/1247/216 618/1252/217 619/1248/217
f 588/1251/3 586/1790/3 584/1791/3
f 584/1791/3 602/1792/3 600/1249/3
f 600/1249/3 598/1793/3 596/1794/3
f 596/1794/3 594/1795/3 592/1250/3
f 592/1250/3 590/1796/3 588/1251/3
f 588/1251/3 584/1791/3 600/1249/3
f 600/1249/3 596/1794/3 592/1250/3
f 618/1252/217 610/1797/218 620/1253/218
f 610/1254/218 604/1229/2 582/1231/2
f 601/1258/1 583/1798/1 585/1799/1
f 585/1799/1 587/1800/1 589/1256/1
f 589/1256/1 591/1801/1 593/1802/1
f 593/1802/1 595/1803/1 597/1257/1
f 597/1257/1 599/1804/1 601/1258/1
f 601/1258/1 585/1799/1 589/1256/1
f 589/1256/1 593/1802/1 597/1257/1
s 0
f 622/1259/1 624/1805/1 623/1260/1
f 624/1262/2 628/1806/2 627/1263/2
f 628/1265/3 626/1807/3 625/1266/3
f 626/1268/4 622/1808/4 621/1269/4
f 627/1271/5 625/1809/5 621/1272/5
f 624/1274/6 622/1810/6 626/1275/6
f 630/1277/1 632/1811/1 631/1278/1
f 632/1280/2 636/1812/2 635/1281/2
f 636/1283/3 634/1813/3 633/1284/3
f 634/1286/4 630/1814/4 629/1287/4
f 635/1289/5 633/1815/5 629/1290/5
f 632/1292/6 630/1816/6 634/1293/6
f 638/1295/1 640/1817/1 639/1296/1
f 640/1298/2 644/1818/2 643/1299/2
f 644/1301/3 642/1819/3 641/1302/3
f 642/1304/4 638/1820/4 637/1305/4
f 643/1307/5 641/1821/5 637/1308/5
f 640/1310/6 638/1822/6 642/1311/6
f 646/1313/223 648/1823/223 647/1314/223
f 648/1316/237 650/1319/237 649/1317/237
f 650/1319/225 652/1824/225 651/1320/225
f 651/1321/226 652/1825/226 654/1322/226
f 654/1322/227 656/1826/227 655/1324/227
f 655/1325/228 656/1827/228 658/1326/228
f 650/1330/6 648/1828/6 646/1829/6
f 646/1829/6 660/1830/6 658/1328/6
f 658/1328/6 656/1831/6 654/1329/6
f 654/1329/6 652/1832/6 650/1330/6
f 650/1330/6 646/1829/6 658/1328/6
f 658/1326/229 660/1833/229 659/1331/229
f 659/1332/230 660/1834/230 646/1313/230
f 659/1335/5 645/1835/5 647/1836/5
f 647/1836/5 649/1837/5 651/1333/5
f 651/1333/5 653/1838/5 655/1334/5
f 655/1334/5 657/1839/5 659/1335/5
f 659/1335/5 647/1836/5 651/1333/5
f 662/1336/223 664/1840/223 663/1337/223
f 664/1339/237 666/1841/237 665/1340/237
f 665/1340/225 666/1841/225 668/1342/225
f 667/1344/226 668/1842/226 670/1345/226
f 670/1345/227 672/1843/227 671/1347/227
f 672/1348/228 674/1354/228 673/1349/228
f 666/1353/6 664/1844/6 662/1845/6
f 662/1845/6 676/1846/6 674/1351/6
f 674/1351/6 672/1847/6 670/1352/6
f 670/1352/6 668/1848/6 666/1353/6
f 666/1353/6 662/1845/6 674/1351/6
f 674/1354/229 676/1849/229 675/1355/229
f 675/1356/230 676/1850/230 662/1336/230
f 675/1359/5 661/1851/5 663/1852/5
f 663/1852/5 665/1853/5 667/1357/5
f 667/1357/5 669/1854/5 671/1358/5
f 671/1358/5 673/1855/5 675/1359/5
f 675/1359/5 663/1852/5 667/1357/5
f 678/1360/1 680/1856/1 679/1361/1
f 680/1363/2 684/1857/2 683/1364/2
f 684/1366/3 682/1858/3 681/1367/3
f 682/1369/4 678/1859/4 677/1370/4
f 683/1372/5 681/1860/5 677/1373/5
f 680/1375/6 678/1861/6 682/1376/6
f 686/1378/1 688/1862/1 687/1379/1
f 688/1381/2 692/1863/2 691/1382/2
f 692/1384/3 690/1864/3 689/1385/3
f 690/1387/4 686/1865/4 685/1388/4
f 691/1390/5 689/1866/5 685/1391/5
f 688/1393/6 686/1867/6 690/1394/6
f 694/1396/1 696/1868/1 695/1397/1
f 696/1399/2 700/1869/2 699/1400/2
f 700/1402/3 698/1870/3 697/1403/3
f 698/1405/4 694/1871/4 693/1406/4
f 699/1408/5 697/1872/5 693/1409/5
f 696/1411/6 694/1873/6 698/1412/6
f 702/1414/1 704/1874/1 703/1415/1
f 704/1417/2 708/1875/2 707/1418/2
f 708/1420/3 706/1876/3 705/1421/3
f 706/1423/4 702/1877/4 701/1424/4
f 707/1426/5 705/1878/5 701/1427/5
f 704/1429/6 702/1879/6 706/1430/6
f 710/1432/233 712/1880/233 711/1433/233
f 712/1435/2 716/1881/2 715/1436/2
f 716/1438/234 714/1882/234 713/1439/234
f 714/1441/4 710/1883/4 709/1442/4
f 715/1444/235 713/1884/235 709/1445/235
f 712/1447/236 710/1885/236 714/1448/236
f 718/1450/1 720/1886/1 719/1451/1
f 720/1453/2 724/1887/2 723/1454/2
f 724/1456/3 722/1888/3 721/1457/3
f 722/1459/4 718/1889/4 717/1460/4
f 723/1462/5 721/1890/5 717/1463/5
f 720/1465/6 718/1891/6 722/1466/6
