# The Giants of Holst prop, from CC0 kits by KayKit (Kay Lousberg) and Kenney
v -1.5750 1.1760 -2.3800
vt 0.8028 0.8137
vn -0.1924 -0.9623 -0.1925
v -1.5750 1.1760 -2.1350
vt 0.8028 0.8137
vn -0.3714 -0.9285 0.0000
v -1.6975 1.2250 -2.5025
vt 0.8028 0.8146
vn -0.1925 -0.9623 -0.1925
f 1/1/1 2/2/2 3/3/3
v -1.5750 0.2450 -0.3150
vt 0.3003 0.8314
vn 0.0000 0.0000 -1.0000
v -1.5750 0.0000 -0.3150
vt 0.3003 0.8298
vn 0.0000 0.0000 -1.0000
v -1.6975 0.0000 -0.3150
vt 0.3003 0.8298
vn 0.0000 0.0000 -1.0000
v -1.6975 0.1960 -0.3150
vt 0.3003 0.8311
vn 0.0000 0.0000 -1.0000
f 4/4/4 5/5/5 6/6/6 7/7/7
v 1.5750 1.1760 -2.1350
vt 0.8028 0.8137
vn 0.3714 -0.9285 -0.0000
v 1.5750 1.1760 -2.3800
vt 0.8028 0.8137
vn 0.1925 -0.9623 -0.1924
v 1.6975 1.2250 -2.5025
vt 0.8028 0.8146
vn 0.1925 -0.9623 -0.1924
f 8/8/8 9/9/9 10/10/10
v 1.5750 0.0000 -0.3150
vt 0.3003 0.8298
vn 0.0000 0.0000 -1.0000
v 1.5750 0.2450 -0.3150
vt 0.3003 0.8314
vn 0.0000 0.0000 -1.0000
v 1.6975 0.1960 -0.3150
vt 0.3003 0.8311
vn 0.0000 0.0000 -1.0000
v 1.6975 0.0000 -0.3150
vt 0.3003 0.8298
vn 0.0000 0.0000 -1.0000
f 11/11/11 12/12/12 13/13/13 14/14/14
v 1.5750 1.1760 -0.0700
vt 0.8028 0.8137
vn 0.1924 -0.9623 0.1925
v 1.5750 1.1760 -0.3150
vt 0.8028 0.8137
vn 0.3714 -0.9285 -0.0000
v 1.6975 1.2250 0.0525
vt 0.8028 0.8146
vn 0.1924 -0.9623 0.1924
f 15/15/15 16/16/16 17/17/17
v -1.3300 0.2450 -0.0700
vt 0.8297 0.8281
vn 0.0000 -0.0000 1.0000
v -1.3300 1.1760 -0.0700
vt 0.8297 0.8449
vn 0.0000 -0.0000 1.0000
v -1.5750 1.1760 -0.0700
vt 0.8297 0.8449
vn 0.0000 -0.0000 1.0000
v -1.5750 0.2450 -0.0700
vt 0.8297 0.8281
vn 0.0000 -0.0000 1.0000
f 18/18/18 19/19/19 20/20/20 21/21/21
v -1.5750 1.1760 -0.3150
vt 0.8028 0.8137
vn -0.3714 -0.9285 0.0000
v -1.5750 1.1760 -0.0700
vt 0.8028 0.8137
vn -0.1924 -0.9623 0.1924
v -1.6975 1.2250 0.0525
vt 0.8028 0.8146
vn -0.1924 -0.9623 0.1924
f 22/22/22 23/23/23 24/24/24
v -1.5750 1.1760 -2.3800
vt 0.8297 0.8449
vn -1.0000 0.0000 0.0000
v -1.5750 0.2450 -2.3800
vt 0.8297 0.8281
vn -1.0000 0.0000 0.0000
v -1.5750 0.2450 -2.1350
vt 0.8297 0.8281
vn -1.0000 0.0000 0.0000
v -1.5750 1.1760 -2.1350
vt 0.8297 0.8449
vn -1.0000 0.0000 0.0000
f 25/25/25 26/26/26 27/27/27 28/28/28
v 1.5750 0.2450 -0.0700
vt 0.8297 0.8281
vn 1.0000 0.0000 0.0000
v 1.5750 0.2450 -0.3150
vt 0.8297 0.8281
vn 1.0000 0.0000 0.0000
v 1.5750 1.1760 -0.3150
vt 0.8297 0.8449
vn 1.0000 0.0000 0.0000
v 1.5750 1.1760 -0.0700
vt 0.8297 0.8449
vn 1.0000 0.0000 0.0000
f 29/29/29 30/30/30 31/31/31 32/32/32
v 1.5750 1.1760 -2.1350
vt 0.8297 0.8449
vn 1.0000 0.0000 0.0000
v 1.5750 0.2450 -2.1350
vt 0.8297 0.8281
vn 1.0000 0.0000 0.0000
v 1.5750 0.2450 -2.3800
vt 0.8297 0.8281
vn 1.0000 0.0000 0.0000
v 1.5750 1.1760 -2.3800
vt 0.8297 0.8449
vn 1.0000 0.0000 0.0000
f 33/33/33 34/34/34 35/35/35 36/36/36
v 1.5750 1.1760 -0.3150
vt 0.1607 0.9194
vn 1.0000 0.0000 0.0000
v 1.5750 0.2450 -0.3150
vt 0.1607 0.7650
vn 1.0000 0.0000 0.0000
v 1.5750 0.2450 -2.1350
vt 0.1607 0.7650
vn 1.0000 0.0000 0.0000
v 1.5750 1.1760 -2.1350
vt 0.1607 0.9194
vn 1.0000 0.0000 0.0000
f 37/37/37 38/38/38 39/39/39 40/40/40
v 1.5750 0.2450 -2.1350
vt 0.8297 0.8281
vn 1.0000 0.0000 0.0000
v 1.5750 0.2450 -0.3150
vt 0.8297 0.8281
vn 1.0000 0.0000 0.0000
v 1.5750 0.0000 -0.3150
vt 0.8297 0.8236
vn 1.0000 0.0000 0.0000
v 1.5750 0.0000 -2.1350
vt 0.8297 0.8236
vn 1.0000 0.0000 0.0000
f 41/41/41 42/42/42 43/43/43 44/44/44
v 1.5750 0.2450 -0.3150
vt 0.3159 0.8627
vn 0.3714 0.9285 0.0000
v 1.5750 0.2450 -0.0700
vt 0.3159 0.8627
vn 0.1925 0.9623 0.1924
v 1.6975 0.1960 0.0525
vt 0.3159 0.8623
vn 0.1924 0.9623 0.1925
v 1.6975 0.1960 -0.3150
vt 0.3159 0.8623
vn 0.3714 0.9285 0.0000
f 45/45/45 46/46/46 47/47/47 48/48/48
v -1.5750 1.1760 -0.3150
vt 0.8297 0.8449
vn -1.0000 0.0000 0.0000
v -1.5750 0.2450 -0.3150
vt 0.8297 0.8281
vn -1.0000 0.0000 0.0000
v -1.5750 0.2450 -0.0700
vt 0.8297 0.8281
vn -1.0000 0.0000 0.0000
v -1.5750 1.1760 -0.0700
vt 0.8297 0.8449
vn -1.0000 0.0000 0.0000
f 49/49/49 50/50/50 51/51/51 52/52/52
v -1.5750 1.1760 -2.1350
vt 0.1518 0.9194
vn -1.0000 0.0000 0.0000
v -1.5750 0.2450 -2.1350
vt 0.1518 0.7650
vn -1.0000 0.0000 0.0000
v -1.5750 0.2450 -0.3150
vt 0.1518 0.7650
vn -1.0000 0.0000 0.0000
v -1.5750 1.1760 -0.3150
vt 0.1518 0.9194
vn -1.0000 0.0000 0.0000
f 53/53/53 54/54/54 55/55/55 56/56/56
v -1.5750 0.2450 -0.3150
vt 0.8297 0.8281
vn -1.0000 0.0000 0.0000
v -1.5750 0.2450 -2.1350
vt 0.8297 0.8281
vn -1.0000 0.0000 0.0000
v -1.5750 0.0000 -2.1350
vt 0.8297 0.8236
vn -1.0000 0.0000 0.0000
v -1.5750 0.0000 -0.3150
vt 0.8297 0.8236
vn -1.0000 0.0000 0.0000
f 57/57/57 58/58/58 59/59/59 60/60/60
v 1.3300 0.2450 -2.3800
vt 0.8297 0.8281
vn 0.0000 0.0000 -1.0000
v 1.3300 1.1760 -2.3800
vt 0.8297 0.8449
vn 0.0000 0.0000 -1.0000
v 1.5750 1.1760 -2.3800
vt 0.8297 0.8449
vn 0.0000 0.0000 -1.0000
v 1.5750 0.2450 -2.3800
vt 0.8297 0.8281
vn 0.0000 0.0000 -1.0000
f 61/61/61 62/62/62 63/63/63 64/64/64
v -1.3300 0.2450 -2.3800
vt 0.1839 0.7962
vn 0.0000 0.0000 -1.0000
v -1.3300 1.1760 -2.3800
vt 0.1839 0.9507
vn 0.0000 0.0000 -1.0000
v 1.3300 1.1760 -2.3800
vt 0.1911 0.9507
vn 0.0000 0.0000 -1.0000
v 1.3300 0.2450 -2.3800
vt 0.1911 0.7962
vn 0.0000 0.0000 -1.0000
f 65/65/65 66/66/66 67/67/67 68/68/68
v -1.6975 1.4700 -2.5025
vt 0.8565 0.8972
vn 0.0000 1.0000 0.0000
v -1.6975 1.4700 0.0525
vt 0.8565 0.8972
vn 0.0000 1.0000 0.0000
v 1.6975 1.4700 0.0525
vt 0.8565 0.8972
vn 0.0000 1.0000 0.0000
v 1.6975 1.4700 -2.5025
vt 0.8565 0.8972
vn 0.0000 1.0000 0.0000
f 69/69/69 70/70/70 71/71/71 72/72/72
v -1.3300 0.0000 -2.3800
vt 0.8297 0.8236
vn 0.0000 0.0000 -1.0000
v -1.3300 0.2450 -2.3800
vt 0.8297 0.8281
vn 0.0000 0.0000 -1.0000
v 1.3300 0.2450 -2.3800
vt 0.8297 0.8281
vn 0.0000 0.0000 -1.0000
v 1.3300 0.0000 -2.3800
vt 0.8297 0.8236
vn 0.0000 0.0000 -1.0000
f 73/73/73 74/74/74 75/75/75 76/76/76
v 1.5750 0.2450 -0.0700
vt 0.8297 0.8281
vn 0.0000 -0.0000 1.0000
v 1.5750 1.1760 -0.0700
vt 0.8297 0.8449
vn 0.0000 -0.0000 1.0000
v 1.3300 1.1760 -0.0700
vt 0.8297 0.8449
vn 0.0000 -0.0000 1.0000
v 1.3300 0.2450 -0.0700
vt 0.8297 0.8281
vn 0.0000 -0.0000 1.0000
f 77/77/77 78/78/78 79/79/79 80/80/80
v -1.3300 0.2450 -2.3800
vt 0.3003 0.8314
vn 1.0000 0.0000 0.0000
v -1.3300 0.0000 -2.3800
vt 0.3003 0.8298
vn 1.0000 0.0000 0.0000
v -1.3300 0.0000 -2.5025
vt 0.3003 0.8298
vn 1.0000 0.0000 0.0000
v -1.3300 0.1960 -2.5025
vt 0.3003 0.8311
vn 1.0000 0.0000 0.0000
f 81/81/81 82/82/82 83/83/83 84/84/84
v 1.5750 1.1760 -2.3800
vt 0.8028 0.8137
vn 0.1925 -0.9623 -0.1924
v 1.3300 1.1760 -2.3800
vt 0.8028 0.8137
vn 0.0000 -0.9285 -0.3714
v 1.6975 1.2250 -2.5025
vt 0.8028 0.8146
vn 0.1925 -0.9623 -0.1924
f 85/85/85 86/86/86 87/87/87
v -1.5750 1.1760 -0.0700
vt 0.8028 0.8137
vn -0.1924 -0.9623 0.1924
v -1.3300 1.1760 -0.0700
vt 0.8028 0.8137
vn 0.0000 -0.9285 0.3714
v -1.6975 1.2250 0.0525
vt 0.8028 0.8146
vn -0.1924 -0.9623 0.1924
f 88/88/88 89/89/89 90/90/90
v -1.5750 0.2450 -2.3800
vt 0.8297 0.8281
vn 0.0000 0.0000 -1.0000
v -1.5750 1.1760 -2.3800
vt 0.8297 0.8449
vn 0.0000 0.0000 -1.0000
v -1.3300 1.1760 -2.3800
vt 0.8297 0.8449
vn 0.0000 0.0000 -1.0000
v -1.3300 0.2450 -2.3800
vt 0.8297 0.8281
vn 0.0000 0.0000 -1.0000
f 91/91/91 92/92/92 93/93/93 94/94/94
v 1.3300 0.2450 -0.0700
vt 0.1911 0.7962
vn 0.0000 -0.0000 1.0000
v 1.3300 1.1760 -0.0700
vt 0.1911 0.9507
vn 0.0000 -0.0000 1.0000
v -1.3300 1.1760 -0.0700
vt 0.1839 0.9507
vn 0.0000 -0.0000 1.0000
v -1.3300 0.2450 -0.0700
vt 0.1839 0.7962
vn 0.0000 -0.0000 1.0000
f 95/95/95 96/96/96 97/97/97 98/98/98
v 1.3300 0.0000 -0.0700
vt 0.8297 0.8236
vn 0.0000 -0.0000 1.0000
v 1.3300 0.2450 -0.0700
vt 0.8297 0.8281
vn 0.0000 -0.0000 1.0000
v -1.3300 0.2450 -0.0700
vt 0.8297 0.8281
vn 0.0000 -0.0000 1.0000
v -1.3300 0.0000 -0.0700
vt 0.8297 0.8236
vn 0.0000 -0.0000 1.0000
f 99/99/99 100/100/100 101/101/101 102/102/102
v -1.6975 1.2250 -2.5025
vt 0.8297 0.8458
vn 0.0000 0.0000 -1.0000
v -1.6975 1.4700 -2.5025
vt 0.8297 0.8503
vn 0.0000 0.0000 -1.0000
v 1.6975 1.4700 -2.5025
vt 0.8297 0.8503
vn 0.0000 0.0000 -1.0000
v 1.6975 1.2250 -2.5025
vt 0.8297 0.8458
vn 0.0000 0.0000 -1.0000
f 103/103/103 104/104/104 105/105/105 106/106/106
v -1.3300 1.1760 -2.3800
vt 0.8028 0.8137
vn 0.0000 -0.9285 -0.3714
v -1.5750 1.1760 -2.3800
vt 0.8028 0.8137
vn -0.1924 -0.9623 -0.1925
v -1.6975 1.2250 -2.5025
vt 0.8028 0.8146
vn -0.1925 -0.9623 -0.1925
f 107/107/107 108/108/108 109/109/109
v 1.3300 1.1760 -2.3800
vt 0.8028 0.8137
vn 0.0000 -0.9285 -0.3714
v -1.3300 1.1760 -2.3800
vt 0.8028 0.8137
vn 0.0000 -0.9285 -0.3714
v -1.6975 1.2250 -2.5025
vt 0.8028 0.8146
vn -0.1925 -0.9623 -0.1925
v 1.6975 1.2250 -2.5025
vt 0.8028 0.8146
vn 0.1925 -0.9623 -0.1924
f 110/110/110 111/111/111 112/112/112 113/113/113
v 1.6975 1.2250 0.0525
vt 0.8297 0.8458
vn 0.0000 -0.0000 1.0000
v 1.6975 1.4700 0.0525
vt 0.8297 0.8503
vn 0.0000 -0.0000 1.0000
v -1.6975 1.4700 0.0525
vt 0.8297 0.8503
vn 0.0000 -0.0000 1.0000
v -1.6975 1.2250 0.0525
vt 0.8297 0.8458
vn 0.0000 -0.0000 1.0000
f 114/114/114 115/115/115 116/116/116 117/117/117
v 1.3300 1.1760 -0.0700
vt 0.8028 0.8137
vn 0.0000 -0.9285 0.3714
v 1.5750 1.1760 -0.0700
vt 0.8028 0.8137
vn 0.1924 -0.9623 0.1925
v 1.6975 1.2250 0.0525
vt 0.8028 0.8146
vn 0.1924 -0.9623 0.1924
f 118/118/118 119/119/119 120/120/120
v -1.3300 1.1760 -0.0700
vt 0.8028 0.8137
vn 0.0000 -0.9285 0.3714
v 1.3300 1.1760 -0.0700
vt 0.8028 0.8137
vn 0.0000 -0.9285 0.3714
v 1.6975 1.2250 0.0525
vt 0.8028 0.8146
vn 0.1924 -0.9623 0.1924
v -1.6975 1.2250 0.0525
vt 0.8028 0.8146
vn -0.1924 -0.9623 0.1924
f 121/121/121 122/122/122 123/123/123 124/124/124
v 1.6975 1.4700 -2.5025
vt 0.8297 0.8503
vn 1.0000 0.0000 0.0000
v 1.6975 1.4700 0.0525
vt 0.8297 0.8503
vn 1.0000 0.0000 0.0000
v 1.6975 1.2250 0.0525
vt 0.8297 0.8458
vn 1.0000 0.0000 0.0000
v 1.6975 1.2250 -2.5025
vt 0.8297 0.8458
vn 1.0000 0.0000 0.0000
f 125/125/125 126/126/126 127/127/127 128/128/128
v 1.5750 1.1760 -0.3150
vt 0.8028 0.8137
vn 0.3714 -0.9285 -0.0000
v 1.5750 1.1760 -2.1350
vt 0.8028 0.8137
vn 0.3714 -0.9285 -0.0000
v 1.6975 1.2250 -2.5025
vt 0.8028 0.8146
vn 0.1925 -0.9623 -0.1924
v 1.6975 1.2250 0.0525
vt 0.8028 0.8146
vn 0.1924 -0.9623 0.1924
f 129/129/129 130/130/130 131/131/131 132/132/132
v -1.6975 1.4700 0.0525
vt 0.8297 0.8503
vn -1.0000 0.0000 0.0000
v -1.6975 1.4700 -2.5025
vt 0.8297 0.8503
vn -1.0000 0.0000 0.0000
v -1.6975 1.2250 -2.5025
vt 0.8297 0.8458
vn -1.0000 0.0000 0.0000
v -1.6975 1.2250 0.0525
vt 0.8297 0.8458
vn -1.0000 0.0000 0.0000
f 133/133/133 134/134/134 135/135/135 136/136/136
v -1.5750 1.1760 -2.1350
vt 0.8028 0.8137
vn -0.3714 -0.9285 0.0000
v -1.5750 1.1760 -0.3150
vt 0.8028 0.8137
vn -0.3714 -0.9285 0.0000
v -1.6975 1.2250 0.0525
vt 0.8028 0.8146
vn -0.1924 -0.9623 0.1924
v -1.6975 1.2250 -2.5025
vt 0.8028 0.8146
vn -0.1925 -0.9623 -0.1925
f 137/137/137 138/138/138 139/139/139 140/140/140
v -1.6975 0.1960 -2.1350
vt 0.3003 0.8311
vn -1.0000 0.0000 0.0000
v -1.6975 0.1960 -2.5025
vt 0.3003 0.8311
vn -1.0000 0.0000 0.0000
v -1.6975 0.0000 -2.5025
vt 0.3003 0.8298
vn -1.0000 0.0000 0.0000
v -1.6975 0.0000 -2.1350
vt 0.3003 0.8298
vn -1.0000 0.0000 0.0000
f 141/141/141 142/142/142 143/143/143 144/144/144
v 1.6975 0.1960 -0.3150
vt 0.3003 0.8311
vn 1.0000 0.0000 0.0000
v 1.6975 0.1960 0.0525
vt 0.3003 0.8311
vn 1.0000 0.0000 0.0000
v 1.6975 0.0000 0.0525
vt 0.3003 0.8298
vn 1.0000 0.0000 0.0000
v 1.6975 0.0000 -0.3150
vt 0.3003 0.8298
vn 1.0000 0.0000 0.0000
f 145/145/145 146/146/146 147/147/147 148/148/148
v -1.3300 0.0000 0.0525
vt 0.3003 0.8298
vn 0.0000 -0.0000 1.0000
v -1.3300 0.1960 0.0525
vt 0.3003 0.8311
vn 0.0000 -0.0000 1.0000
v -1.6975 0.1960 0.0525
vt 0.3003 0.8311
vn 0.0000 -0.0000 1.0000
v -1.6975 0.0000 0.0525
vt 0.3003 0.8298
vn 0.0000 -0.0000 1.0000
f 149/149/149 150/150/150 151/151/151 152/152/152
v 1.3300 0.0000 -2.5025
vt 0.3003 0.8298
vn 0.0000 0.0000 -1.0000
v 1.3300 0.1960 -2.5025
vt 0.3003 0.8311
vn 0.0000 0.0000 -1.0000
v 1.6975 0.1960 -2.5025
vt 0.3003 0.8311
vn 0.0000 0.0000 -1.0000
v 1.6975 0.0000 -2.5025
vt 0.3003 0.8298
vn 0.0000 0.0000 -1.0000
f 153/153/153 154/154/154 155/155/155 156/156/156
v 1.6975 0.1960 -2.5025
vt 0.3003 0.8311
vn 1.0000 0.0000 0.0000
v 1.6975 0.1960 -2.1350
vt 0.3003 0.8311
vn 1.0000 0.0000 0.0000
v 1.6975 0.0000 -2.1350
vt 0.3003 0.8298
vn 1.0000 0.0000 0.0000
v 1.6975 0.0000 -2.5025
vt 0.3003 0.8298
vn 1.0000 0.0000 0.0000
f 157/157/157 158/158/158 159/159/159 160/160/160
v -1.6975 0.1960 0.0525
vt 0.3003 0.8311
vn -1.0000 0.0000 0.0000
v -1.6975 0.1960 -0.3150
vt 0.3003 0.8311
vn -1.0000 0.0000 0.0000
v -1.6975 0.0000 -0.3150
vt 0.3003 0.8298
vn -1.0000 0.0000 0.0000
v -1.6975 0.0000 0.0525
vt 0.3003 0.8298
vn -1.0000 0.0000 0.0000
f 161/161/161 162/162/162 163/163/163 164/164/164
v 1.6975 0.0000 0.0525
vt 0.3003 0.8298
vn 0.0000 -0.0000 1.0000
v 1.6975 0.1960 0.0525
vt 0.3003 0.8311
vn 0.0000 -0.0000 1.0000
v 1.3300 0.1960 0.0525
vt 0.3003 0.8311
vn 0.0000 -0.0000 1.0000
v 1.3300 0.0000 0.0525
vt 0.3003 0.8298
vn 0.0000 -0.0000 1.0000
f 165/165/165 166/166/166 167/167/167 168/168/168
v -1.6975 0.0000 -2.5025
vt 0.3003 0.8298
vn 0.0000 0.0000 -1.0000
v -1.6975 0.1960 -2.5025
vt 0.3003 0.8311
vn 0.0000 0.0000 -1.0000
v -1.3300 0.1960 -2.5025
vt 0.3003 0.8311
vn 0.0000 0.0000 -1.0000
v -1.3300 0.0000 -2.5025
vt 0.3003 0.8298
vn 0.0000 0.0000 -1.0000
f 169/169/169 170/170/170 171/171/171 172/172/172
v 1.3300 0.0000 -2.3800
vt 0.3003 0.8298
vn -1.0000 0.0000 0.0000
v 1.3300 0.2450 -2.3800
vt 0.3003 0.8314
vn -1.0000 0.0000 0.0000
v 1.3300 0.1960 -2.5025
vt 0.3003 0.8311
vn -1.0000 0.0000 0.0000
v 1.3300 0.0000 -2.5025
vt 0.3003 0.8298
vn -1.0000 0.0000 0.0000
f 173/173/173 174/174/174 175/175/175 176/176/176
v 1.5750 0.2450 -2.3800
vt 0.3159 0.8627
vn 0.1925 0.9623 -0.1924
v 1.5750 0.2450 -2.1350
vt 0.3159 0.8627
vn 0.3714 0.9285 0.0000
v 1.6975 0.1960 -2.1350
vt 0.3159 0.8623
vn 0.3714 0.9285 0.0000
v 1.6975 0.1960 -2.5025
vt 0.3159 0.8623
vn 0.1925 0.9623 -0.1924
f 177/177/177 178/178/178 179/179/179 180/180/180
v 1.5750 0.2450 -0.0700
vt 0.3159 0.8627
vn 0.1925 0.9623 0.1924
v 1.3300 0.2450 -0.0700
vt 0.3159 0.8627
vn 0.0000 0.9285 0.3714
v 1.3300 0.1960 0.0525
vt 0.3159 0.8623
vn 0.0000 0.9285 0.3714
v 1.6975 0.1960 0.0525
vt 0.3159 0.8623
vn 0.1924 0.9623 0.1925
f 181/181/181 182/182/182 183/183/183 184/184/184
v -1.5750 0.0000 -2.1350
vt 0.3003 0.8298
vn 0.0000 -0.0000 1.0000
v -1.5750 0.2450 -2.1350
vt 0.3003 0.8314
vn 0.0000 -0.0000 1.0000
v -1.6975 0.1960 -2.1350
vt 0.3003 0.8311
vn 0.0000 -0.0000 1.0000
v -1.6975 0.0000 -2.1350
vt 0.3003 0.8298
vn 0.0000 -0.0000 1.0000
f 185/185/185 186/186/186 187/187/187 188/188/188
v 1.3300 0.2450 -0.0700
vt 0.3003 0.8314
vn -1.0000 0.0000 0.0000
v 1.3300 0.0000 -0.0700
vt 0.3003 0.8298
vn -1.0000 0.0000 0.0000
v 1.3300 0.0000 0.0525
vt 0.3003 0.8298
vn -1.0000 0.0000 0.0000
v 1.3300 0.1960 0.0525
vt 0.3003 0.8311
vn -1.0000 0.0000 0.0000
f 189/189/189 190/190/190 191/191/191 192/192/192
v 1.3300 0.2450 -2.3800
vt 0.3159 0.8627
vn 0.0000 0.9285 -0.3714
v 1.5750 0.2450 -2.3800
vt 0.3159 0.8627
vn 0.1925 0.9623 -0.1924
v 1.6975 0.1960 -2.5025
vt 0.3159 0.8623
vn 0.1925 0.9623 -0.1924
v 1.3300 0.1960 -2.5025
vt 0.3159 0.8623
vn 0.0000 0.9285 -0.3714
f 193/193/193 194/194/194 195/195/195 196/196/196
v -1.3300 0.0000 -0.0700
vt 0.3003 0.8298
vn 1.0000 0.0000 0.0000
v -1.3300 0.2450 -0.0700
vt 0.3003 0.8314
vn 1.0000 0.0000 0.0000
v -1.3300 0.1960 0.0525
vt 0.3003 0.8311
vn 1.0000 0.0000 0.0000
v -1.3300 0.0000 0.0525
vt 0.3003 0.8298
vn 1.0000 0.0000 0.0000
f 197/197/197 198/198/198 199/199/199 200/200/200
v 1.5750 0.2450 -2.1350
vt 0.3003 0.8314
vn 0.0000 -0.0000 1.0000
v 1.5750 0.0000 -2.1350
vt 0.3003 0.8298
vn 0.0000 -0.0000 1.0000
v 1.6975 0.0000 -2.1350
vt 0.3003 0.8298
vn 0.0000 -0.0000 1.0000
v 1.6975 0.1960 -2.1350
vt 0.3003 0.8311
vn 0.0000 -0.0000 1.0000
f 201/201/201 202/202/202 203/203/203 204/204/204
v -1.5750 0.2450 -2.3800
vt 0.3159 0.8627
vn -0.1924 0.9623 -0.1925
v -1.3300 0.2450 -2.3800
vt 0.3159 0.8627
vn 0.0000 0.9285 -0.3714
v -1.3300 0.1960 -2.5025
vt 0.3159 0.8623
vn 0.0000 0.9285 -0.3714
v -1.6975 0.1960 -2.5025
vt 0.3159 0.8623
vn -0.1925 0.9623 -0.1925
f 205/205/205 206/206/206 207/207/207 208/208/208
v -1.3300 0.2450 -0.0700
vt 0.3159 0.8627
vn 0.0000 0.9285 0.3714
v -1.5750 0.2450 -0.0700
vt 0.3159 0.8627
vn -0.1924 0.9623 0.1924
v -1.6975 0.1960 0.0525
vt 0.3159 0.8623
vn -0.1924 0.9623 0.1924
v -1.3300 0.1960 0.0525
vt 0.3159 0.8623
vn 0.0000 0.9285 0.3714
f 209/209/209 210/210/210 211/211/211 212/212/212
v -1.5750 0.2450 -0.0700
vt 0.3159 0.8627
vn -0.1924 0.9623 0.1924
v -1.5750 0.2450 -0.3150
vt 0.3159 0.8627
vn -0.3714 0.9285 0.0000
v -1.6975 0.1960 -0.3150
vt 0.3159 0.8623
vn -0.3714 0.9285 0.0000
v -1.6975 0.1960 0.0525
vt 0.3159 0.8623
vn -0.1924 0.9623 0.1924
f 213/213/213 214/214/214 215/215/215 216/216/216
v -1.5750 0.2450 -2.1350
vt 0.3159 0.8627
vn -0.3714 0.9285 0.0000
v -1.5750 0.2450 -2.3800
vt 0.3159 0.8627
vn -0.1924 0.9623 -0.1925
v -1.6975 0.1960 -2.5025
vt 0.3159 0.8623
vn -0.1925 0.9623 -0.1925
v -1.6975 0.1960 -2.1350
vt 0.3159 0.8623
vn -0.3714 0.9285 0.0000
f 217/217/217 218/218/218 219/219/219 220/220/220
v 1.5750 1.9110 -0.0700
vt 0.8028 0.8270
vn 0.1925 -0.9622 0.1925
v 1.5750 1.9110 -0.3150
vt 0.8028 0.8270
vn 0.3714 -0.9285 -0.0000
v 1.6975 1.9600 0.0525
vt 0.8028 0.8279
vn 0.1925 -0.9623 0.1925
f 221/221/221 222/222/222 223/223/223
v -1.3300 1.4700 -0.0700
vt 0.8297 0.8503
vn 0.0000 -0.0000 1.0000
v -1.3300 1.9110 -0.0700
vt 0.8297 0.8583
vn 0.0000 -0.0000 1.0000
v -1.5750 1.9110 -0.0700
vt 0.8297 0.8583
vn 0.0000 -0.0000 1.0000
v -1.5750 1.4700 -0.0700
vt 0.8297 0.8503
vn 0.0000 -0.0000 1.0000
f 224/224/224 225/225/225 226/226/226 227/227/227
v -1.5750 1.9110 -0.3150
vt 0.8028 0.8270
vn -0.3714 -0.9285 0.0000
v -1.5750 1.9110 -0.0700
vt 0.8028 0.8270
vn -0.1925 -0.9623 0.1925
v -1.6975 1.9600 0.0525
vt 0.8028 0.8279
vn -0.1925 -0.9623 0.1925
f 228/228/228 229/229/229 230/230/230
v 1.5750 1.4700 -0.0700
vt 0.8297 0.8503
vn 1.0000 0.0000 0.0000
v 1.5750 1.4700 -0.3150
vt 0.8297 0.8503
vn 1.0000 0.0000 0.0000
v 1.5750 1.9110 -0.3150
vt 0.8297 0.8583
vn 1.0000 0.0000 0.0000
v 1.5750 1.9110 -0.0700
vt 0.8297 0.8583
vn 1.0000 0.0000 0.0000
f 231/231/231 232/232/232 233/233/233 234/234/234
v -1.5750 1.9110 -0.3150
vt 0.8297 0.8583
vn -1.0000 0.0000 0.0000
v -1.5750 1.4700 -0.3150
vt 0.8297 0.8503
vn -1.0000 0.0000 0.0000
v -1.5750 1.4700 -0.0700
vt 0.8297 0.8503
vn -1.0000 0.0000 0.0000
v -1.5750 1.9110 -0.0700
vt 0.8297 0.8583
vn -1.0000 0.0000 0.0000
f 235/235/235 236/236/236 237/237/237 238/238/238
v 1.5750 1.9110 -2.1350
vt 0.1607 0.9194
vn 1.0000 0.0000 0.0000
v 1.5750 1.9110 -0.3150
vt 0.1607 0.9194
vn 1.0000 0.0000 0.0000
v 1.5750 1.4700 -0.3150
vt 0.1607 0.7650
vn 1.0000 0.0000 0.0000
v 1.5750 1.4700 -2.1350
vt 0.1607 0.7650
vn 1.0000 0.0000 0.0000
f 239/239/239 240/240/240 241/241/241 242/242/242
v 1.5750 1.4700 -0.0700
vt 0.8297 0.8503
vn 0.0000 -0.0000 1.0000
v 1.5750 1.9110 -0.0700
vt 0.8297 0.8583
vn 0.0000 -0.0000 1.0000
v 1.3300 1.9110 -0.0700
vt 0.8297 0.8583
vn 0.0000 -0.0000 1.0000
v 1.3300 1.4700 -0.0700
vt 0.8297 0.8503
vn 0.0000 -0.0000 1.0000
f 243/243/243 244/244/244 245/245/245 246/246/246
v -1.5750 1.9110 -0.0700
vt 0.8028 0.8270
vn -0.1925 -0.9623 0.1925
v -1.3300 1.9110 -0.0700
vt 0.8028 0.8270
vn 0.0000 -0.9285 0.3714
v -1.6975 1.9600 0.0525
vt 0.8028 0.8279
vn -0.1925 -0.9623 0.1925
f 247/247/247 248/248/248 249/249/249
v 0.7350 1.9110 -0.0700
vt 0.1902 0.9507
vn 0.0000 -0.0000 1.0000
v 0.7350 1.4700 -0.0700
vt 0.1902 0.7962
vn 0.0000 -0.0000 1.0000
v 1.3300 1.4700 -0.0700
vt 0.1911 0.7962
vn 0.0000 -0.0000 1.0000
v 1.3300 1.9110 -0.0700
vt 0.1911 0.9507
vn 0.0000 -0.0000 1.0000
f 250/250/250 251/251/251 252/252/252 253/253/253
v 1.3300 1.9110 -0.0700
vt 0.8028 0.8270
vn 0.0000 -0.9285 0.3714
v 1.5750 1.9110 -0.0700
vt 0.8028 0.8270
vn 0.1925 -0.9622 0.1925
v 1.6975 1.9600 0.0525
vt 0.8028 0.8279
vn 0.1925 -0.9623 0.1925
f 254/254/254 255/255/255 256/256/256
v 1.6975 2.2050 0.0525
vt 0.8297 0.8636
vn 0.0000 -0.0000 1.0000
v 0.0000 2.2050 0.0525
vt 0.8297 0.8636
vn 0.0000 -0.0000 1.0000
v 0.6125 1.9600 0.0525
vt 0.8297 0.8592
vn 0.0000 -0.0000 1.0000
f 257/257/257 258/258/258 259/259/259
v -1.6975 2.2050 -2.5025
vt 0.8297 0.8636
vn -1.0000 0.0000 0.0000
v -1.6975 1.9600 -2.5025
vt 0.8297 0.8592
vn -1.0000 0.0000 0.0000
v -1.6975 1.9600 0.0525
vt 0.8297 0.8592
vn -1.0000 0.0000 0.0000
v -1.6975 2.2050 0.0525
vt 0.8297 0.8636
vn -1.0000 0.0000 0.0000
f 260/260/260 261/261/261 262/262/262 263/263/263
v -1.3300 1.9110 -0.0700
vt 0.8028 0.8270
vn 0.0000 -0.9285 0.3714
v -0.7350 1.9110 -0.0700
vt 0.8028 0.8270
vn 0.0000 -0.9285 0.3714
v -0.6125 1.9600 0.0525
vt 0.8028 0.8279
vn 0.0000 -0.9285 0.3714
v -1.6975 1.9600 0.0525
vt 0.8028 0.8279
vn -0.1925 -0.9623 0.1925
f 264/264/264 265/265/265 266/266/266 267/267/267
v 0.7350 1.9110 -0.0700
vt 0.8028 0.8270
vn 0.0000 -0.9285 0.3714
v 1.3300 1.9110 -0.0700
vt 0.8028 0.8270
vn 0.0000 -0.9285 0.3714
v 1.6975 1.9600 0.0525
vt 0.8028 0.8279
vn 0.1925 -0.9623 0.1925
v 0.6125 1.9600 0.0525
vt 0.8028 0.8279
vn 0.0000 -0.9285 0.3714
f 268/268/268 269/269/269 270/270/270 271/271/271
v -0.7350 1.9110 -0.0700
vt 0.8028 0.8270
vn 0.0000 -0.9285 0.3714
v -0.4900 1.9110 -0.0700
vt 0.8028 0.8270
vn 0.0000 -0.9285 0.3714
v -0.6125 1.9600 0.0525
vt 0.8028 0.8279
vn 0.0000 -0.9285 0.3714
f 272/272/272 273/273/273 274/274/274
v -0.1225 1.9110 -0.0700
vt 0.8028 0.8270
vn 0.0000 -0.9285 0.3714
v 0.0000 1.9600 0.0525
vt 0.8028 0.8279
vn 0.0000 -0.9285 0.3714
v -0.6125 1.9600 0.0525
vt 0.8028 0.8279
vn 0.0000 -0.9285 0.3714
v -0.4900 1.9110 -0.0700
vt 0.8028 0.8270
vn 0.0000 -0.9285 0.3714
f 275/275/275 276/276/276 277/277/277 278/278/278
v 0.4900 1.9110 -0.0700
vt 0.8028 0.8270
vn 0.0000 -0.9285 0.3714
v 0.7350 1.9110 -0.0700
vt 0.8028 0.8270
vn 0.0000 -0.9285 0.3714
v 0.6125 1.9600 0.0525
vt 0.8028 0.8279
vn 0.0000 -0.9285 0.3714
f 279/279/279 280/280/280 281/281/281
v -0.6125 1.9600 0.0525
vt 0.8297 0.8592
vn 0.0000 -0.0000 1.0000
v 0.0000 2.2050 0.0525
vt 0.8297 0.8636
vn 0.0000 -0.0000 1.0000
v -1.6975 2.2050 0.0525
vt 0.8297 0.8636
vn 0.0000 -0.0000 1.0000
f 282/282/282 283/283/283 284/284/284
v 0.0000 2.2050 0.0525
vt 0.8297 0.8636
vn 0.0000 -0.0000 1.0000
v -0.6125 1.9600 0.0525
vt 0.8297 0.8592
vn 0.0000 -0.0000 1.0000
v 0.0000 1.9600 0.0525
vt 0.8297 0.8592
vn 0.0000 -0.0000 1.0000
f 285/285/285 286/286/286 287/287/287
v -0.7350 1.4700 -0.0700
vt 0.1848 0.7962
vn 0.0000 -0.0000 1.0000
v -0.7350 1.9110 -0.0700
vt 0.1848 0.9507
vn 0.0000 -0.0000 1.0000
v -1.3300 1.9110 -0.0700
vt 0.1839 0.9507
vn 0.0000 -0.0000 1.0000
v -1.3300 1.4700 -0.0700
vt 0.1839 0.7962
vn 0.0000 -0.0000 1.0000
f 288/288/288 289/289/289 290/290/290 291/291/291
v 0.7350 1.9110 -0.0700
vt 0.8297 0.8583
vn 0.0000 -0.0000 1.0000
v 0.4900 1.9110 -0.0700
vt 0.8297 0.8583
vn 0.0000 -0.0000 1.0000
v 0.4900 1.6905 -0.0700
vt 0.8297 0.8543
vn 0.0000 -0.0000 1.0000
f 292/292/292 293/293/293 294/294/294
v -0.4900 1.6905 -0.0700
vt 0.1857 0.8734
vn 0.0000 -0.0000 1.0000
v -0.4900 1.4700 -0.0700
vt 0.1857 0.7962
vn 0.0000 -0.0000 1.0000
v -0.1225 1.4700 -0.0700
vt 0.1871 0.7962
vn 0.0000 -0.0000 1.0000
f 295/295/295 296/296/296 297/297/297
v -0.4900 1.6905 -0.0700
vt 0.8297 0.8543
vn 0.0000 -0.0000 1.0000
v -0.4900 1.9110 -0.0700
vt 0.8297 0.8583
vn 0.0000 -0.0000 1.0000
v -0.7350 1.9110 -0.0700
vt 0.8297 0.8583
vn 0.0000 -0.0000 1.0000
f 298/298/298 299/299/299 300/300/300
v 0.0000 2.2050 -2.5025
vt 0.8297 0.8636
vn 0.0000 0.0000 -1.0000
v -0.6125 1.9600 -2.5025
vt 0.8297 0.8592
vn 0.0000 0.0000 -1.0000
v -1.6975 2.2050 -2.5025
vt 0.8297 0.8636
vn 0.0000 0.0000 -1.0000
f 301/301/301 302/302/302 303/303/303
v 0.4900 1.9110 -0.0700
vt 0.1893 0.9507
vn 0.0000 -0.0000 1.0000
v 0.1225 1.9110 -0.0700
vt 0.1879 0.9507
vn 0.0000 -0.0000 1.0000
v 0.1225 1.6905 -0.0700
vt 0.1879 0.8734
vn 0.0000 -0.0000 1.0000
f 304/304/304 305/305/305 306/306/306
v 0.1225 1.6905 -0.0700
vt 0.8297 0.8543
vn 0.0000 -0.0000 1.0000
v -0.1225 1.6905 -0.0700
vt 0.8297 0.8543
vn 0.0000 -0.0000 1.0000
v -0.1225 1.4700 -0.0700
vt 0.8297 0.8503
vn 0.0000 -0.0000 1.0000
v 0.1225 1.4700 -0.0700
vt 0.8297 0.8503
vn 0.0000 -0.0000 1.0000
f 307/307/307 308/308/308 309/309/309 310/310/310
v 0.0000 2.2050 0.0525
vt 0.8297 0.8636
vn 0.0000 -0.0000 1.0000
v 0.0000 1.9600 0.0525
vt 0.8297 0.8592
vn 0.0000 -0.0000 1.0000
v 0.6125 1.9600 0.0525
vt 0.8297 0.8592
vn 0.0000 -0.0000 1.0000
f 311/311/311 312/312/312 313/313/313
v 0.4900 1.9110 -0.0700
vt 0.8028 0.8270
vn 0.0000 -0.9285 0.3714
v 0.6125 1.9600 0.0525
vt 0.8028 0.8279
vn 0.0000 -0.9285 0.3714
v 0.0000 1.9600 0.0525
vt 0.8028 0.8279
vn 0.0000 -0.9285 0.3714
v 0.1225 1.9110 -0.0700
vt 0.8028 0.8270
vn 0.0000 -0.9285 0.3714
f 314/314/314 315/315/315 316/316/316 317/317/317
v 0.1225 1.9110 -0.0700
vt 0.8028 0.8270
vn 0.0000 -0.9285 0.3714
v 0.0000 1.9600 0.0525
vt 0.8028 0.8279
vn 0.0000 -0.9285 0.3714
v -0.1225 1.9110 -0.0700
vt 0.8028 0.8270
vn 0.0000 -0.9285 0.3714
f 318/318/318 319/319/319 320/320/320
v 0.0000 2.2050 -2.5025
vt 0.8297 0.8636
vn 0.0000 0.0000 -1.0000
v 1.6975 2.2050 -2.5025
vt 0.8297 0.8636
vn 0.0000 0.0000 -1.0000
v 0.6125 1.9600 -2.5025
vt 0.8297 0.8592
vn 0.0000 0.0000 -1.0000
f 321/321/321 322/322/322 323/323/323
v 0.4900 1.4700 -0.0700
vt 0.1893 0.7962
vn 0.0000 -0.0000 1.0000
v 0.4900 1.6905 -0.0700
vt 0.1893 0.8734
vn 0.0000 -0.0000 1.0000
v 0.1225 1.4700 -0.0700
vt 0.1879 0.7962
vn 0.0000 -0.0000 1.0000
f 324/324/324 325/325/325 326/326/326
v 0.4900 1.6905 -0.0700
vt 0.8297 0.8543
vn 0.0000 -0.0000 1.0000
v 0.4900 1.9110 -0.0700
vt 0.8297 0.8583
vn 0.0000 -0.0000 1.0000
v 0.1225 1.6905 -0.0700
vt 0.8297 0.8543
vn 0.0000 -0.0000 1.0000
v 0.1225 1.4700 -0.0700
vt 0.8297 0.8503
vn 0.0000 -0.0000 1.0000
f 327/327/327 328/328/328 329/329/329 330/330/330
v -0.1225 1.9110 -0.0700
vt 0.1871 0.9507
vn 0.0000 -0.0000 1.0000
v -0.4900 1.9110 -0.0700
vt 0.1857 0.9507
vn 0.0000 -0.0000 1.0000
v -0.1225 1.6905 -0.0700
vt 0.1871 0.8734
vn 0.0000 -0.0000 1.0000
f 331/331/331 332/332/332 333/333/333
v -0.1225 1.4700 -0.0700
vt 0.8297 0.8503
vn 0.0000 -0.0000 1.0000
v -0.1225 1.6905 -0.0700
vt 0.8297 0.8543
vn 0.0000 -0.0000 1.0000
v -0.4900 1.9110 -0.0700
vt 0.8297 0.8583
vn 0.0000 -0.0000 1.0000
v -0.4900 1.6905 -0.0700
vt 0.8297 0.8543
vn 0.0000 -0.0000 1.0000
f 334/334/334 335/335/335 336/336/336 337/337/337
v -1.6975 1.9600 0.0525
vt 0.8028 0.8279
vn -0.1925 -0.9623 0.1925
v -1.6975 1.9600 -2.5025
vt 0.8028 0.8279
vn -0.1924 -0.9623 -0.1924
v -1.5750 1.9110 -2.1350
vt 0.8028 0.8270
vn -0.3714 -0.9285 0.0000
v -1.5750 1.9110 -0.3150
vt 0.8028 0.8270
vn -0.3714 -0.9285 0.0000
f 338/338/338 339/339/339 340/340/340 341/341/341
v 1.5750 1.9110 -2.1350
vt 0.8028 0.8270
vn 0.3714 -0.9285 -0.0000
v 1.6975 1.9600 -2.5025
vt 0.8028 0.8279
vn 0.1925 -0.9623 -0.1925
v 1.6975 1.9600 0.0525
vt 0.8028 0.8279
vn 0.1925 -0.9623 0.1925
v 1.5750 1.9110 -0.3150
vt 0.8028 0.8270
vn 0.3714 -0.9285 -0.0000
f 342/342/342 343/343/343 344/344/344 345/345/345
v 1.6975 1.9600 0.0525
vt 0.8297 0.8592
vn 1.0000 0.0000 0.0000
v 1.6975 1.9600 -2.5025
vt 0.8297 0.8592
vn 1.0000 0.0000 0.0000
v 1.6975 2.2050 -2.5025
vt 0.8297 0.8636
vn 1.0000 0.0000 0.0000
v 1.6975 2.2050 0.0525
vt 0.8297 0.8636
vn 1.0000 0.0000 0.0000
f 346/346/346 347/347/347 348/348/348 349/349/349
v -1.5750 1.9110 -0.3150
vt 0.1518 0.9194
vn -1.0000 0.0000 0.0000
v -1.5750 1.9110 -2.1350
vt 0.1518 0.9194
vn -1.0000 0.0000 0.0000
v -1.5750 1.4700 -2.1350
vt 0.1518 0.7650
vn -1.0000 0.0000 0.0000
v -1.5750 1.4700 -0.3150
vt 0.1518 0.7650
vn -1.0000 0.0000 0.0000
f 350/350/350 351/351/351 352/352/352 353/353/353
v 1.5750 1.9110 -2.3800
vt 0.8028 0.8270
vn 0.1925 -0.9623 -0.1924
v 1.6975 1.9600 -2.5025
vt 0.8028 0.8279
vn 0.1925 -0.9623 -0.1925
v 1.5750 1.9110 -2.1350
vt 0.8028 0.8270
vn 0.3714 -0.9285 -0.0000
f 354/354/354 355/355/355 356/356/356
v -1.3300 1.4700 -2.3800
vt 0.8297 0.8503
vn 0.0000 0.0000 -1.0000
v -1.5750 1.4700 -2.3800
vt 0.8297 0.8503
vn 0.0000 0.0000 -1.0000
v -1.5750 1.9110 -2.3800
vt 0.8297 0.8583
vn 0.0000 0.0000 -1.0000
v -1.3300 1.9110 -2.3800
vt 0.8297 0.8583
vn 0.0000 0.0000 -1.0000
f 357/357/357 358/358/358 359/359/359 360/360/360
v -1.5750 1.9110 -2.1350
vt 0.8028 0.8270
vn -0.3714 -0.9285 0.0000
v -1.6975 1.9600 -2.5025
vt 0.8028 0.8279
vn -0.1924 -0.9623 -0.1924
v -1.5750 1.9110 -2.3800
vt 0.8028 0.8270
vn -0.1925 -0.9623 -0.1924
f 361/361/361 362/362/362 363/363/363
v 1.5750 1.4700 -2.3800
vt 0.8297 0.8503
vn 1.0000 0.0000 0.0000
v 1.5750 1.9110 -2.3800
vt 0.8297 0.8583
vn 1.0000 0.0000 0.0000
v 1.5750 1.9110 -2.1350
vt 0.8297 0.8583
vn 1.0000 0.0000 0.0000
v 1.5750 1.4700 -2.1350
vt 0.8297 0.8503
vn 1.0000 0.0000 0.0000
f 364/364/364 365/365/365 366/366/366 367/367/367
v -1.5750 1.9110 -2.1350
vt 0.8297 0.8583
vn -1.0000 0.0000 0.0000
v -1.5750 1.9110 -2.3800
vt 0.8297 0.8583
vn -1.0000 0.0000 0.0000
v -1.5750 1.4700 -2.3800
vt 0.8297 0.8503
vn -1.0000 0.0000 0.0000
v -1.5750 1.4700 -2.1350
vt 0.8297 0.8503
vn -1.0000 0.0000 0.0000
f 368/368/368 369/369/369 370/370/370 371/371/371
v 1.5750 1.4700 -2.3800
vt 0.8297 0.8503
vn 0.0000 0.0000 -1.0000
v 1.3300 1.4700 -2.3800
vt 0.8297 0.8503
vn 0.0000 0.0000 -1.0000
v 1.3300 1.9110 -2.3800
vt 0.8297 0.8583
vn 0.0000 0.0000 -1.0000
v 1.5750 1.9110 -2.3800
vt 0.8297 0.8583
vn 0.0000 0.0000 -1.0000
f 372/372/372 373/373/373 374/374/374 375/375/375
v -1.5750 1.9110 -2.3800
vt 0.8028 0.8270
vn -0.1925 -0.9623 -0.1924
v -1.6975 1.9600 -2.5025
vt 0.8028 0.8279
vn -0.1924 -0.9623 -0.1924
v -1.3300 1.9110 -2.3800
vt 0.8028 0.8270
vn 0.0000 -0.9285 -0.3714
f 376/376/376 377/377/377 378/378/378
v 0.7350 1.9110 -2.3800
vt 0.1902 0.9507
vn 0.0000 0.0000 -1.0000
v 1.3300 1.9110 -2.3800
vt 0.1911 0.9507
vn 0.0000 0.0000 -1.0000
v 1.3300 1.4700 -2.3800
vt 0.1911 0.7962
vn 0.0000 0.0000 -1.0000
v 0.7350 1.4700 -2.3800
vt 0.1902 0.7962
vn 0.0000 0.0000 -1.0000
f 379/379/379 380/380/380 381/381/381 382/382/382
v 1.3300 1.9110 -2.3800
vt 0.8028 0.8270
vn 0.0000 -0.9285 -0.3714
v 1.6975 1.9600 -2.5025
vt 0.8028 0.8279
vn 0.1925 -0.9623 -0.1925
v 1.5750 1.9110 -2.3800
vt 0.8028 0.8270
vn 0.1925 -0.9623 -0.1924
f 383/383/383 384/384/384 385/385/385
v 1.6975 2.2050 -2.5025
vt 0.8297 0.8636
vn 0.0000 0.0000 -1.0000
v 1.6975 1.9600 -2.5025
vt 0.8297 0.8592
vn 0.0000 0.0000 -1.0000
v 0.6125 1.9600 -2.5025
vt 0.8297 0.8592
vn 0.0000 0.0000 -1.0000
f 386/386/386 387/387/387 388/388/388
v -1.3300 1.9110 -2.3800
vt 0.8028 0.8270
vn 0.0000 -0.9285 -0.3714
v -1.6975 1.9600 -2.5025
vt 0.8028 0.8279
vn -0.1924 -0.9623 -0.1924
v -0.6125 1.9600 -2.5025
vt 0.8028 0.8279
vn 0.0000 -0.9285 -0.3714
v -0.7350 1.9110 -2.3800
vt 0.8028 0.8270
vn 0.0000 -0.9285 -0.3714
f 389/389/389 390/390/390 391/391/391 392/392/392
v 0.7350 1.9110 -2.3800
vt 0.8028 0.8270
vn 0.0000 -0.9285 -0.3714
v 0.6125 1.9600 -2.5025
vt 0.8028 0.8279
vn 0.0000 -0.9285 -0.3714
v 1.6975 1.9600 -2.5025
vt 0.8028 0.8279
vn 0.1925 -0.9623 -0.1925
v 1.3300 1.9110 -2.3800
vt 0.8028 0.8270
vn 0.0000 -0.9285 -0.3714
f 393/393/393 394/394/394 395/395/395 396/396/396
v -0.7350 1.9110 -2.3800
vt 0.8028 0.8270
vn 0.0000 -0.9285 -0.3714
v -0.6125 1.9600 -2.5025
vt 0.8028 0.8279
vn 0.0000 -0.9285 -0.3714
v -0.4900 1.9110 -2.3800
vt 0.8028 0.8270
vn 0.0000 -0.9285 -0.3714
f 397/397/397 398/398/398 399/399/399
v -0.1225 1.9110 -2.3800
vt 0.8028 0.8270
vn 0.0000 -0.9285 -0.3714
v -0.4900 1.9110 -2.3800
vt 0.8028 0.8270
vn 0.0000 -0.9285 -0.3714
v -0.6125 1.9600 -2.5025
vt 0.8028 0.8279
vn 0.0000 -0.9285 -0.3714
v 0.0000 1.9600 -2.5025
vt 0.8028 0.8279
vn 0.0000 -0.9285 -0.3714
f 400/400/400 401/401/401 402/402/402 403/403/403
v 0.4900 1.9110 -2.3800
vt 0.8028 0.8270
vn 0.0000 -0.9285 -0.3714
v 0.6125 1.9600 -2.5025
vt 0.8028 0.8279
vn 0.0000 -0.9285 -0.3714
v 0.7350 1.9110 -2.3800
vt 0.8028 0.8270
vn 0.0000 -0.9285 -0.3714
f 404/404/404 405/405/405 406/406/406
v -0.6125 1.9600 -2.5025
vt 0.8297 0.8592
vn 0.0000 0.0000 -1.0000
v -1.6975 1.9600 -2.5025
vt 0.8297 0.8592
vn 0.0000 0.0000 -1.0000
v -1.6975 2.2050 -2.5025
vt 0.8297 0.8636
vn 0.0000 0.0000 -1.0000
f 407/407/407 408/408/408 409/409/409
v 0.0000 2.2050 -2.5025
vt 0.8297 0.8636
vn 0.0000 0.0000 -1.0000
v 0.0000 1.9600 -2.5025
vt 0.8297 0.8592
vn 0.0000 0.0000 -1.0000
v -0.6125 1.9600 -2.5025
vt 0.8297 0.8592
vn 0.0000 0.0000 -1.0000
f 410/410/410 411/411/411 412/412/412
v -0.7350 1.4700 -2.3800
vt 0.1848 0.7962
vn 0.0000 0.0000 -1.0000
v -1.3300 1.4700 -2.3800
vt 0.1839 0.7962
vn 0.0000 0.0000 -1.0000
v -1.3300 1.9110 -2.3800
vt 0.1839 0.9507
vn 0.0000 0.0000 -1.0000
v -0.7350 1.9110 -2.3800
vt 0.1848 0.9507
vn 0.0000 0.0000 -1.0000
f 413/413/413 414/414/414 415/415/415 416/416/416
v 0.7350 1.9110 -2.3800
vt 0.8297 0.8583
vn 0.0000 0.0000 -1.0000
v 0.4900 1.6905 -2.3800
vt 0.8297 0.8543
vn 0.0000 0.0000 -1.0000
v 0.4900 1.9110 -2.3800
vt 0.8297 0.8583
vn 0.0000 0.0000 -1.0000
f 417/417/417 418/418/418 419/419/419
v -0.4900 1.6905 -2.3800
vt 0.1857 0.8734
vn 0.0000 0.0000 -1.0000
v -0.1225 1.4700 -2.3800
vt 0.1871 0.7962
vn 0.0000 0.0000 -1.0000
v -0.4900 1.4700 -2.3800
vt 0.1857 0.7962
vn 0.0000 0.0000 -1.0000
f 420/420/420 421/421/421 422/422/422
v -0.4900 1.6905 -2.3800
vt 0.8297 0.8543
vn 0.0000 0.0000 -1.0000
v -0.7350 1.9110 -2.3800
vt 0.8297 0.8583
vn 0.0000 0.0000 -1.0000
v -0.4900 1.9110 -2.3800
vt 0.8297 0.8583
vn 0.0000 0.0000 -1.0000
f 423/423/423 424/424/424 425/425/425
v 0.4900 1.9110 -2.3800
vt 0.1893 0.9507
vn 0.0000 0.0000 -1.0000
v 0.1225 1.6905 -2.3800
vt 0.1879 0.8734
vn 0.0000 0.0000 -1.0000
v 0.1225 1.9110 -2.3800
vt 0.1879 0.9507
vn 0.0000 0.0000 -1.0000
f 426/426/426 427/427/427 428/428/428
v 0.1225 1.6905 -2.3800
vt 0.8297 0.8543
vn 0.0000 0.0000 -1.0000
v 0.1225 1.4700 -2.3800
vt 0.8297 0.8503
vn 0.0000 0.0000 -1.0000
v -0.1225 1.4700 -2.3800
vt 0.8297 0.8503
vn 0.0000 0.0000 -1.0000
v -0.1225 1.6905 -2.3800
vt 0.8297 0.8543
vn 0.0000 0.0000 -1.0000
f 429/429/429 430/430/430 431/431/431 432/432/432
v 0.0000 2.2050 -2.5025
vt 0.8297 0.8636
vn 0.0000 0.0000 -1.0000
v 0.6125 1.9600 -2.5025
vt 0.8297 0.8592
vn 0.0000 0.0000 -1.0000
v 0.0000 1.9600 -2.5025
vt 0.8297 0.8592
vn 0.0000 0.0000 -1.0000
f 433/433/433 434/434/434 435/435/435
v 0.4900 1.9110 -2.3800
vt 0.8028 0.8270
vn 0.0000 -0.9285 -0.3714
v 0.1225 1.9110 -2.3800
vt 0.8028 0.8270
vn 0.0000 -0.9285 -0.3714
v 0.0000 1.9600 -2.5025
vt 0.8028 0.8279
vn 0.0000 -0.9285 -0.3714
v 0.6125 1.9600 -2.5025
vt 0.8028 0.8279
vn 0.0000 -0.9285 -0.3714
f 436/436/436 437/437/437 438/438/438 439/439/439
v 0.1225 1.9110 -2.3800
vt 0.8028 0.8270
vn 0.0000 -0.9285 -0.3714
v -0.1225 1.9110 -2.3800
vt 0.8028 0.8270
vn 0.0000 -0.9285 -0.3714
v 0.0000 1.9600 -2.5025
vt 0.8028 0.8279
vn 0.0000 -0.9285 -0.3714
f 440/440/440 441/441/441 442/442/442
v 0.4900 1.4700 -2.3800
vt 0.1893 0.7962
vn 0.0000 0.0000 -1.0000
v 0.1225 1.4700 -2.3800
vt 0.1879 0.7962
vn 0.0000 0.0000 -1.0000
v 0.4900 1.6905 -2.3800
vt 0.1893 0.8734
vn 0.0000 0.0000 -1.0000
f 443/443/443 444/444/444 445/445/445
v 0.4900 1.6905 -2.3800
vt 0.8297 0.8543
vn 0.0000 0.0000 -1.0000
v 0.1225 1.4700 -2.3800
vt 0.8297 0.8503
vn 0.0000 0.0000 -1.0000
v 0.1225 1.6905 -2.3800
vt 0.8297 0.8543
vn 0.0000 0.0000 -1.0000
v 0.4900 1.9110 -2.3800
vt 0.8297 0.8583
vn 0.0000 0.0000 -1.0000
f 446/446/446 447/447/447 448/448/448 449/449/449
v -0.1225 1.9110 -2.3800
vt 0.1871 0.9507
vn 0.0000 0.0000 -1.0000
v -0.1225 1.6905 -2.3800
vt 0.1871 0.8734
vn 0.0000 0.0000 -1.0000
v -0.4900 1.9110 -2.3800
vt 0.1857 0.9507
vn 0.0000 0.0000 -1.0000
f 450/450/450 451/451/451 452/452/452
v -0.1225 1.4700 -2.3800
vt 0.8297 0.8503
vn 0.0000 0.0000 -1.0000
v -0.4900 1.6905 -2.3800
vt 0.8297 0.8543
vn 0.0000 0.0000 -1.0000
v -0.4900 1.9110 -2.3800
vt 0.8297 0.8583
vn 0.0000 0.0000 -1.0000
v -0.1225 1.6905 -2.3800
vt 0.8297 0.8543
vn 0.0000 0.0000 -1.0000
f 453/453/453 454/454/454 455/455/455 456/456/456
v 0.1225 1.9110 -0.0700
vt 0.8297 0.8583
vn 0.0000 -0.0000 1.0000
v -0.1225 1.9110 -0.0700
vt 0.8297 0.8583
vn 0.0000 -0.0000 1.0000
v -0.1225 1.6905 -0.0700
vt 0.8297 0.8543
vn 0.0000 -0.0000 1.0000
v 0.1225 1.6905 -0.0700
vt 0.8297 0.8543
vn 0.0000 -0.0000 1.0000
f 457/457/457 458/458/458 459/459/459 460/460/460
v -0.4900 1.4700 -0.0700
vt 0.8297 0.8503
vn 0.0000 -0.0000 1.0000
v -0.4900 1.6905 -0.0700
vt 0.8297 0.8543
vn 0.0000 -0.0000 1.0000
v -0.7350 1.9110 -0.0700
vt 0.8297 0.8583
vn 0.0000 -0.0000 1.0000
v -0.7350 1.4700 -0.0700
vt 0.8297 0.8503
vn 0.0000 -0.0000 1.0000
f 461/461/461 462/462/462 463/463/463 464/464/464
v 0.7350 1.4700 -0.0700
vt 0.8297 0.8503
vn 0.0000 -0.0000 1.0000
v 0.7350 1.9110 -0.0700
vt 0.8297 0.8583
vn 0.0000 -0.0000 1.0000
v 0.4900 1.6905 -0.0700
vt 0.8297 0.8543
vn 0.0000 -0.0000 1.0000
v 0.4900 1.4700 -0.0700
vt 0.8297 0.8503
vn 0.0000 -0.0000 1.0000
f 465/465/465 466/466/466 467/467/467 468/468/468
v 0.7350 1.4700 -2.3800
vt 0.8297 0.8503
vn 0.0000 0.0000 -1.0000
v 0.4900 1.4700 -2.3800
vt 0.8297 0.8503
vn 0.0000 0.0000 -1.0000
v 0.4900 1.6905 -2.3800
vt 0.8297 0.8543
vn 0.0000 0.0000 -1.0000
v 0.7350 1.9110 -2.3800
vt 0.8297 0.8583
vn 0.0000 0.0000 -1.0000
f 469/469/469 470/470/470 471/471/471 472/472/472
v 0.1225 1.9110 -2.3800
vt 0.8297 0.8583
vn 0.0000 0.0000 -1.0000
v 0.1225 1.6905 -2.3800
vt 0.8297 0.8543
vn 0.0000 0.0000 -1.0000
v -0.1225 1.6905 -2.3800
vt 0.8297 0.8543
vn 0.0000 0.0000 -1.0000
v -0.1225 1.9110 -2.3800
vt 0.8297 0.8583
vn 0.0000 0.0000 -1.0000
f 473/473/473 474/474/474 475/475/475 476/476/476
v -0.4900 1.4700 -2.3800
vt 0.8297 0.8503
vn 0.0000 0.0000 -1.0000
v -0.7350 1.4700 -2.3800
vt 0.8297 0.8503
vn 0.0000 0.0000 -1.0000
v -0.7350 1.9110 -2.3800
vt 0.8297 0.8583
vn 0.0000 0.0000 -1.0000
v -0.4900 1.6905 -2.3800
vt 0.8297 0.8543
vn 0.0000 0.0000 -1.0000
f 477/477/477 478/478/478 479/479/479 480/480/480
v 1.6975 1.9600 0.0525
vt 0.8297 0.8592
vn 0.0000 -0.0000 1.0000
v 1.6975 2.2050 0.0525
vt 0.8297 0.8636
vn 0.0000 -0.0000 1.0000
v 0.6125 1.9600 0.0525
vt 0.8297 0.8592
vn 0.0000 -0.0000 1.0000
f 481/481/481 482/482/482 483/483/483
v -1.6975 1.9600 0.0525
vt 0.8297 0.8592
vn 0.0000 -0.0000 1.0000
v -0.6125 1.9600 0.0525
vt 0.8297 0.8592
vn 0.0000 -0.0000 1.0000
v -1.6975 2.2050 0.0525
vt 0.8297 0.8636
vn 0.0000 -0.0000 1.0000
f 484/484/484 485/485/485 486/486/486
v -1.4557 1.9600 -2.2607
vt 0.2159 0.9105
vn 0.0000 1.0000 0.0000
v -1.4557 1.9600 -0.1893
vt 0.2159 0.9105
vn 0.0000 1.0000 0.0000
v 0.0000 1.9600 -0.1893
vt 0.2159 0.9105
vn 0.0000 1.0000 0.0000
v 0.0000 1.9600 -2.2607
vt 0.2159 0.9105
vn 0.0000 1.0000 0.0000
f 487/487/487 488/488/488 489/489/489 490/490/490
v 0.0000 1.9600 -0.1893
vt 0.2159 0.9105
vn 0.0000 1.0000 0.0000
v 1.4557 1.9600 -0.1893
vt 0.2159 0.9105
vn 0.0000 1.0000 0.0000
v 1.4557 1.9600 -2.2607
vt 0.2159 0.9105
vn 0.0000 1.0000 0.0000
v 0.0000 1.9600 -2.2607
vt 0.2159 0.9105
vn 0.0000 1.0000 0.0000
f 491/491/491 492/492/492 493/493/493 494/494/494
v 0.7595 0.1715 -0.0210
vt 0.8442 0.8274
vn 0.0000 -0.0000 1.0000
v 0.7595 0.2940 -0.0210
vt 0.8442 0.8413
vn 0.0000 -0.0000 1.0000
v 0.2205 0.2940 -0.0210
vt 0.7830 0.8413
vn 0.0000 -0.0000 1.0000
v 0.2205 0.1715 -0.0210
vt 0.7830 0.8274
vn 0.0000 -0.0000 1.0000
f 495/495/495 496/496/496 497/497/497 498/498/498
v 0.2205 0.1470 -0.0700
vt 0.7830 0.7933
vn 0.0000 -0.8944 0.4472
v 0.7595 0.1470 -0.0700
vt 0.8442 0.7933
vn 0.0000 -0.8944 0.4472
v 0.7595 0.1715 -0.0210
vt 0.8442 0.7961
vn 0.0000 -0.8944 0.4472
v 0.2205 0.1715 -0.0210
vt 0.7830 0.7961
vn 0.0000 -0.8944 0.4472
f 499/499/499 500/500/500 501/501/501 502/502/502
v 0.7595 0.3185 -0.0700
vt 0.8442 0.8753
vn 0.0000 0.8944 0.4472
v 0.2205 0.3185 -0.0700
vt 0.7830 0.8753
vn 0.0000 0.8944 0.4472
v 0.2205 0.2940 -0.0210
vt 0.7830 0.8725
vn 0.0000 0.8944 0.4472
v 0.7595 0.2940 -0.0210
vt 0.8442 0.8725
vn 0.0000 0.8944 0.4472
f 503/503/503 504/504/504 505/505/505 506/506/506
v 0.7595 0.6615 -0.0210
vt 0.8442 0.8831
vn 0.0000 -0.0000 1.0000
v 0.7595 0.7840 -0.0210
vt 0.8442 0.8970
vn 0.0000 -0.0000 1.0000
v 0.2205 0.7840 -0.0210
vt 0.7830 0.8970
vn 0.0000 -0.0000 1.0000
v 0.2205 0.6615 -0.0210
vt 0.7830 0.8831
vn 0.0000 -0.0000 1.0000
f 507/507/507 508/508/508 509/509/509 510/510/510
v 0.2205 0.6370 -0.0700
vt 0.7830 0.8490
vn 0.0000 -0.8944 0.4472
v 0.7595 0.6370 -0.0700
vt 0.8442 0.8490
vn 0.0000 -0.8944 0.4472
v 0.7595 0.6615 -0.0210
vt 0.8442 0.8518
vn 0.0000 -0.8944 0.4472
v 0.2205 0.6615 -0.0210
vt 0.7830 0.8518
vn 0.0000 -0.8944 0.4472
f 511/511/511 512/512/512 513/513/513 514/514/514
v 0.7595 0.8085 -0.0700
vt 0.8442 0.9310
vn 0.0000 0.8944 0.4472
v 0.2205 0.8085 -0.0700
vt 0.7830 0.9310
vn 0.0000 0.8944 0.4472
v 0.2205 0.7840 -0.0210
vt 0.7830 0.9282
vn 0.0000 0.8944 0.4472
v 0.7595 0.7840 -0.0210
vt 0.8442 0.9282
vn 0.0000 0.8944 0.4472
f 515/515/515 516/516/516 517/517/517 518/518/518
v 0.3963 0.9555 -0.0455
vt 0.8030 0.8852
vn 0.3801 -0.8929 0.2415
v 0.4900 0.9800 -0.0455
vt 0.8136 0.8880
vn 0.0000 -0.9695 0.2449
v 0.4900 1.0045 0.0525
vt 0.8136 0.8908
vn 0.0000 -0.9695 0.2449
v 0.3866 0.9780 0.0525
vt 0.8019 0.8878
vn 0.3801 -0.8928 0.2415
f 519/519/519 520/520/520 521/521/521 522/522/522
v 0.7350 0.8330 -0.0455
vt 0.8415 0.8713
vn -0.8943 -0.3651 0.2588
v 0.7350 0.0000 -0.0455
vt 0.8415 0.7766
vn -0.9701 -0.0000 0.2425
v 0.7595 0.0000 0.0525
vt 0.8442 0.7766
vn -0.9701 -0.0000 0.2425
v 0.7595 0.8422 0.0525
vt 0.8442 0.8724
vn -0.8954 -0.3623 0.2588
f 523/523/523 524/524/524 525/525/525 526/526/526
v 0.2402 1.0022 -0.0700
vt 0.7852 0.9530
vn -0.6273 0.7788 0.0000
v 0.2402 1.0022 0.0525
vt 0.7852 0.9530
vn -0.6273 0.7788 0.0000
v 0.3481 1.0681 0.0525
vt 0.7975 0.9605
vn -0.3832 0.9236 0.0000
v 0.3481 1.0681 -0.0700
vt 0.7975 0.9605
vn -0.3832 0.9236 0.0000
f 527/527/527 528/528/528 529/529/529 530/530/530
v 0.1225 0.0000 -0.0700
vt 0.7718 0.7922
vn -1.0000 0.0000 0.0000
v 0.1225 0.0000 0.0525
vt 0.7718 0.7922
vn -1.0000 0.0000 0.0000
v 0.1225 0.8792 0.0525
vt 0.7718 0.8922
vn -0.9280 0.3726 0.0000
v 0.1225 0.8792 -0.0700
vt 0.7718 0.8922
vn -0.9280 0.3726 0.0000
f 531/531/531 532/532/532 533/533/533 534/534/534
v 0.3481 1.0681 -0.0700
vt 0.7975 0.9605
vn -0.3832 0.9236 0.0000
v 0.3481 1.0681 0.0525
vt 0.7975 0.9605
vn -0.3832 0.9236 0.0000
v 0.4900 1.1025 0.0525
vt 0.8136 0.9644
vn 0.0000 1.0000 0.0000
v 0.4900 1.1025 -0.0700
vt 0.8136 0.9644
vn 0.0000 1.0000 0.0000
f 535/535/535 536/536/536 537/537/537 538/538/538
v 0.6319 1.0681 -0.0700
vt 0.8297 0.9605
vn 0.3832 0.9236 0.0000
v 0.6319 1.0681 0.0525
vt 0.8297 0.9605
vn 0.3832 0.9236 0.0000
v 0.7398 1.0022 0.0525
vt 0.8420 0.9530
vn 0.6273 0.7788 0.0000
v 0.7398 1.0022 -0.0700
vt 0.8420 0.9530
vn 0.6273 0.7788 0.0000
f 539/539/539 540/540/540 541/541/541 542/542/542
v 0.7398 1.0022 0.0525
vt 0.8420 0.9530
vn 0.6273 0.7788 0.0000
v 0.8575 0.8792 0.0525
vt 0.8554 0.9078
vn 0.9280 0.3726 0.0000
v 0.8575 0.8792 -0.0700
vt 0.8554 0.9078
vn 0.9280 0.3726 0.0000
v 0.7398 1.0022 -0.0700
vt 0.8420 0.9530
vn 0.6273 0.7788 0.0000
f 543/543/543 544/544/544 545/545/545 546/546/546
v 0.5934 0.9780 0.0525
vt 0.8254 0.8878
vn -0.3801 -0.8928 0.2415
v 0.4900 1.0045 0.0525
vt 0.8136 0.8908
vn 0.0000 -0.9695 0.2449
v 0.4900 0.9800 -0.0455
vt 0.8136 0.8880
vn 0.0000 -0.9695 0.2449
v 0.5838 0.9555 -0.0455
vt 0.8243 0.8852
vn -0.3801 -0.8929 0.2415
f 547/547/547 548/548/548 549/549/549 550/550/550
v 0.1225 0.8792 -0.0700
vt 0.7718 0.9078
vn -0.9280 0.3726 0.0000
v 0.1225 0.8792 0.0525
vt 0.7718 0.9078
vn -0.9280 0.3726 0.0000
v 0.2402 1.0022 0.0525
vt 0.7852 0.9530
vn -0.6273 0.7788 0.0000
v 0.2402 1.0022 -0.0700
vt 0.7852 0.9530
vn -0.6273 0.7788 0.0000
f 551/551/551 552/552/552 553/553/553 554/554/554
v 0.4900 1.1025 0.0525
vt 0.8136 0.9644
vn 0.0000 1.0000 0.0000
v 0.6319 1.0681 0.0525
vt 0.8297 0.9605
vn 0.3832 0.9236 0.0000
v 0.6319 1.0681 -0.0700
vt 0.8297 0.9605
vn 0.3832 0.9236 0.0000
v 0.4900 1.1025 -0.0700
vt 0.8136 0.9644
vn 0.0000 1.0000 0.0000
f 555/555/555 556/556/556 557/557/557 558/558/558
v 0.2450 0.8330 -0.0455
vt 0.7858 0.8713
vn 0.8943 -0.3651 0.2588
v 0.2205 0.8422 0.0525
vt 0.7830 0.8724
vn 0.8954 -0.3623 0.2588
v 0.2205 0.0000 0.0525
vt 0.7830 0.7766
vn 0.9701 -0.0000 0.2425
v 0.2450 0.0000 -0.0455
vt 0.7858 0.7766
vn 0.9701 -0.0000 0.2425
f 559/559/559 560/560/560 561/561/561 562/562/562
v 0.8575 0.8792 -0.0700
vt 0.8554 0.8922
vn 0.9280 0.3726 0.0000
v 0.8575 0.8792 0.0525
vt 0.8554 0.8922
vn 0.9280 0.3726 0.0000
v 0.8575 0.0000 0.0525
vt 0.8554 0.7922
vn 1.0000 0.0000 0.0000
v 0.8575 0.0000 -0.0700
vt 0.8554 0.7922
vn 1.0000 0.0000 0.0000
f 563/563/563 564/564/564 565/565/565 566/566/566
v 0.6078 0.4608 -0.0076
vt 0.8270 0.8602
vn -0.9335 -0.3044 0.1898
v 0.6014 0.4900 -0.0012
vt 0.8263 0.8636
vn -0.9799 -0.0000 0.1992
v 0.5880 0.4900 -0.0583
vt 0.8248 0.8323
vn -0.9799 -0.0000 0.1992
v 0.6014 0.4544 -0.0583
vt 0.8263 0.8283
vn -0.9335 -0.3044 0.1898
f 567/567/567 568/568/568 569/569/569 570/570/570
v 0.6014 0.4900 -0.0012
vt 0.8263 0.8636
vn -0.9799 -0.0000 0.1992
v 0.6078 0.5192 -0.0076
vt 0.8270 0.8669
vn -0.9335 0.3044 0.1898
v 0.6014 0.5256 -0.0583
vt 0.8263 0.8364
vn -0.9335 0.3044 0.1898
v 0.5880 0.4900 -0.0583
vt 0.8248 0.8323
vn -0.9799 -0.0000 0.1992
f 571/571/571 572/572/572 573/573/573 574/574/574
v 0.6860 0.4900 -0.0583
vt 0.8359 0.8323
vn 0.9799 -0.0000 0.1992
v 0.6726 0.5256 -0.0583
vt 0.8344 0.8364
vn 0.9335 0.3044 0.1898
v 0.6662 0.5192 -0.0076
vt 0.8336 0.8669
vn 0.9335 0.3044 0.1898
v 0.6726 0.4900 -0.0012
vt 0.8344 0.8636
vn 0.9799 -0.0000 0.1992
f 575/575/575 576/576/576 577/577/577 578/578/578
v 0.6726 0.4544 -0.0583
vt 0.8344 0.8283
vn 0.9335 -0.3044 0.1898
v 0.6860 0.4900 -0.0583
vt 0.8359 0.8323
vn 0.9799 -0.0000 0.1992
v 0.6726 0.4900 -0.0012
vt 0.8344 0.8636
vn 0.9799 -0.0000 0.1992
v 0.6662 0.4608 -0.0076
vt 0.8336 0.8602
vn 0.9335 -0.3044 0.1898
f 579/579/579 580/580/580 581/581/581 582/582/582
v 0.6662 0.4608 -0.0076
vt 0.8336 0.8759
vn 0.3061 -0.3061 0.9015
v 0.6726 0.4900 -0.0012
vt 0.8344 0.8792
vn 0.3215 -0.0000 0.9469
v 0.6370 0.4900 0.0122
vt 0.8303 0.8792
vn 0.0000 -0.0000 1.0000
v 0.6370 0.4544 -0.0012
vt 0.8303 0.8751
vn 0.0000 -0.3215 0.9469
f 583/583/583 584/584/584 585/585/585 586/586/586
v 0.6726 0.4900 -0.0012
vt 0.8344 0.8792
vn 0.3215 -0.0000 0.9469
v 0.6662 0.5192 -0.0076
vt 0.8336 0.8825
vn 0.3061 0.3061 0.9015
v 0.6370 0.5256 -0.0012
vt 0.8303 0.8832
vn 0.0000 0.3215 0.9469
v 0.6370 0.4900 0.0122
vt 0.8303 0.8792
vn 0.0000 -0.0000 1.0000
f 587/587/587 588/588/588 589/589/589 590/590/590
v 0.6370 0.4900 0.0122
vt 0.8303 0.8792
vn 0.0000 -0.0000 1.0000
v 0.6370 0.5256 -0.0012
vt 0.8303 0.8832
vn 0.0000 0.3215 0.9469
v 0.6078 0.5192 -0.0076
vt 0.8270 0.8825
vn -0.3061 0.3061 0.9015
v 0.6014 0.4900 -0.0012
vt 0.8263 0.8792
vn -0.3215 -0.0000 0.9469
f 591/591/591 592/592/592 593/593/593 594/594/594
v 0.6370 0.4544 -0.0012
vt 0.8303 0.8751
vn 0.0000 -0.3215 0.9469
v 0.6370 0.4900 0.0122
vt 0.8303 0.8792
vn 0.0000 -0.0000 1.0000
v 0.6014 0.4900 -0.0012
vt 0.8263 0.8792
vn -0.3215 -0.0000 0.9469
v 0.6078 0.4608 -0.0076
vt 0.8270 0.8759
vn -0.3061 -0.3061 0.9015
f 595/595/595 596/596/596 597/597/597 598/598/598
v 0.6370 0.4410 -0.0583
vt 0.8303 0.8267
vn 0.0000 -0.9799 0.1992
v 0.6726 0.4544 -0.0583
vt 0.8344 0.8283
vn 0.3044 -0.9335 0.1898
v 0.6662 0.4608 -0.0076
vt 0.8336 0.8602
vn 0.3044 -0.9335 0.1898
v 0.6370 0.4544 -0.0012
vt 0.8303 0.8595
vn 0.0000 -0.9799 0.1992
f 599/599/599 600/600/600 601/601/601 602/602/602
v 0.6014 0.4544 -0.0583
vt 0.8263 0.8283
vn -0.3044 -0.9335 0.1898
v 0.6370 0.4410 -0.0583
vt 0.8303 0.8267
vn 0.0000 -0.9799 0.1992
v 0.6370 0.4544 -0.0012
vt 0.8303 0.8595
vn 0.0000 -0.9799 0.1992
v 0.6078 0.4608 -0.0076
vt 0.8270 0.8602
vn -0.3044 -0.9335 0.1898
f 603/603/603 604/604/604 605/605/605 606/606/606
v 0.6370 0.5390 -0.0583
vt 0.8303 0.8379
vn 0.0000 0.9799 0.1992
v 0.6014 0.5256 -0.0583
vt 0.8263 0.8364
vn -0.3044 0.9335 0.1898
v 0.6078 0.5192 -0.0076
vt 0.8270 0.8669
vn -0.3044 0.9335 0.1898
v 0.6370 0.5256 -0.0012
vt 0.8303 0.8676
vn 0.0000 0.9799 0.1992
f 607/607/607 608/608/608 609/609/609 610/610/610
v 0.6726 0.5256 -0.0583
vt 0.8344 0.8364
vn 0.3044 0.9335 0.1898
v 0.6370 0.5390 -0.0583
vt 0.8303 0.8379
vn 0.0000 0.9799 0.1992
v 0.6370 0.5256 -0.0012
vt 0.8303 0.8676
vn 0.0000 0.9799 0.1992
v 0.6662 0.5192 -0.0076
vt 0.8336 0.8669
vn 0.3044 0.9335 0.1898
f 611/611/611 612/612/612 613/613/613 614/614/614
v 0.3168 0.9065 -0.0455
vt 0.7939 0.8797
vn 0.6067 -0.7573 0.2416
v 0.3015 0.9256 0.0525
vt 0.7922 0.8818
vn 0.6067 -0.7573 0.2416
v 0.2205 0.8422 0.0525
vt 0.7830 0.8724
vn 0.8954 -0.3623 0.2588
v 0.2450 0.8330 -0.0455
vt 0.7858 0.8713
vn 0.8943 -0.3651 0.2588
f 615/615/615 616/616/616 617/617/617 618/618/618
v 0.6786 0.9256 0.0525
vt 0.8350 0.9131
vn 0.0000 -0.0000 1.0000
v 0.7595 0.8422 0.0525
vt 0.8442 0.9036
vn 0.0000 -0.0000 1.0000
v 0.8575 0.8792 0.0525
vt 0.8554 0.9078
vn 0.0000 -0.0000 1.0000
v 0.7398 1.0022 0.0525
vt 0.8420 0.9218
vn 0.0000 -0.0000 1.0000
f 619/619/619 620/620/620 621/621/621 622/622/622
v 0.6633 0.9065 -0.0455
vt 0.8333 0.8797
vn -0.6067 -0.7573 0.2416
v 0.7350 0.8330 -0.0455
vt 0.8415 0.8713
vn -0.8943 -0.3651 0.2588
v 0.7595 0.8422 0.0525
vt 0.8442 0.8724
vn -0.8954 -0.3623 0.2588
v 0.6786 0.9256 0.0525
vt 0.8350 0.8818
vn -0.6067 -0.7573 0.2416
f 623/623/623 624/624/624 625/625/625 626/626/626
v 0.3015 0.9256 0.0525
vt 0.7922 0.9131
vn 0.0000 -0.0000 1.0000
v 0.3866 0.9780 0.0525
vt 0.8019 0.9190
vn 0.0000 -0.0000 1.0000
v 0.3481 1.0681 0.0525
vt 0.7975 0.9293
vn 0.0000 -0.0000 1.0000
v 0.2402 1.0022 0.0525
vt 0.7852 0.9218
vn 0.0000 -0.0000 1.0000
f 627/627/627 628/628/628 629/629/629 630/630/630
v 0.6633 0.9065 -0.0455
vt 0.8333 0.8797
vn -0.6067 -0.7573 0.2416
v 0.6786 0.9256 0.0525
vt 0.8350 0.8818
vn -0.6067 -0.7573 0.2416
v 0.5934 0.9780 0.0525
vt 0.8254 0.8878
vn -0.3801 -0.8928 0.2415
v 0.5838 0.9555 -0.0455
vt 0.8243 0.8852
vn -0.3801 -0.8929 0.2415
f 631/631/631 632/632/632 633/633/633 634/634/634
v 0.7595 0.8422 0.0525
vt 0.8442 0.9036
vn 0.0000 -0.0000 1.0000
v 0.7595 0.0000 0.0525
vt 0.8442 0.8079
vn 0.0000 -0.0000 1.0000
v 0.8575 0.0000 0.0525
vt 0.8554 0.8079
vn 0.0000 -0.0000 1.0000
v 0.8575 0.8792 0.0525
vt 0.8554 0.9078
vn 0.0000 -0.0000 1.0000
f 635/635/635 636/636/636 637/637/637 638/638/638
v 0.5934 0.9780 0.0525
vt 0.8254 0.9190
vn 0.0000 -0.0000 1.0000
v 0.6786 0.9256 0.0525
vt 0.8350 0.9131
vn 0.0000 -0.0000 1.0000
v 0.7398 1.0022 0.0525
vt 0.8420 0.9218
vn 0.0000 -0.0000 1.0000
v 0.6319 1.0681 0.0525
vt 0.8297 0.9293
vn 0.0000 -0.0000 1.0000
f 639/639/639 640/640/640 641/641/641 642/642/642
v 0.2205 0.0000 0.0525
vt 0.7830 0.8079
vn 0.0000 -0.0000 1.0000
v 0.2205 0.8422 0.0525
vt 0.7830 0.9036
vn 0.0000 -0.0000 1.0000
v 0.1225 0.8792 0.0525
vt 0.7718 0.9078
vn 0.0000 -0.0000 1.0000
v 0.1225 0.0000 0.0525
vt 0.7718 0.8079
vn 0.0000 -0.0000 1.0000
f 643/643/643 644/644/644 645/645/645 646/646/646
v 0.2205 0.8422 0.0525
vt 0.7830 0.9036
vn 0.0000 -0.0000 1.0000
v 0.3015 0.9256 0.0525
vt 0.7922 0.9131
vn 0.0000 -0.0000 1.0000
v 0.2402 1.0022 0.0525
vt 0.7852 0.9218
vn 0.0000 -0.0000 1.0000
v 0.1225 0.8792 0.0525
vt 0.7718 0.9078
vn 0.0000 -0.0000 1.0000
f 647/647/647 648/648/648 649/649/649 650/650/650
v 0.4900 1.0045 0.0525
vt 0.8136 0.9221
vn 0.0000 -0.0000 1.0000
v 0.5934 0.9780 0.0525
vt 0.8254 0.9190
vn 0.0000 -0.0000 1.0000
v 0.6319 1.0681 0.0525
vt 0.8297 0.9293
vn 0.0000 -0.0000 1.0000
v 0.4900 1.1025 0.0525
vt 0.8136 0.9332
vn 0.0000 -0.0000 1.0000
f 651/651/651 652/652/652 653/653/653 654/654/654
v 0.3168 0.9065 -0.0455
vt 0.7939 0.8797
vn 0.6067 -0.7573 0.2416
v 0.3963 0.9555 -0.0455
vt 0.8030 0.8852
vn 0.3801 -0.8929 0.2415
v 0.3866 0.9780 0.0525
vt 0.8019 0.8878
vn 0.3801 -0.8928 0.2415
v 0.3015 0.9256 0.0525
vt 0.7922 0.8818
vn 0.6067 -0.7573 0.2416
f 655/655/655 656/656/656 657/657/657 658/658/658
v 0.3866 0.9780 0.0525
vt 0.8019 0.9190
vn 0.0000 -0.0000 1.0000
v 0.4900 1.0045 0.0525
vt 0.8136 0.9221
vn 0.0000 -0.0000 1.0000
v 0.4900 1.1025 0.0525
vt 0.8136 0.9332
vn 0.0000 -0.0000 1.0000
v 0.3481 1.0681 0.0525
vt 0.7975 0.9293
vn 0.0000 -0.0000 1.0000
f 659/659/659 660/660/660 661/661/661 662/662/662
v 0.4900 0.0000 -0.0455
vt 0.6719 0.7688
vn 0.0000 -0.0000 1.0000
v 0.4900 1.0290 -0.0455
vt 0.6719 0.8743
vn 0.0000 -0.0000 1.0000
v 0.3675 1.0045 -0.0455
vt 0.6624 0.8743
vn 0.0000 -0.0000 1.0000
v 0.3675 0.0000 -0.0455
vt 0.6624 0.7688
vn 0.0000 -0.0000 1.0000
f 663/663/663 664/664/664 665/665/665 666/666/666
v 0.7595 0.0000 -0.0455
vt 0.6907 0.7688
vn 0.0000 -0.0000 1.0000
v 0.7595 0.9310 -0.0455
vt 0.6907 0.8743
vn 0.0000 -0.0000 1.0000
v 0.6125 1.0045 -0.0455
vt 0.6813 0.8743
vn 0.0000 -0.0000 1.0000
v 0.6125 0.0000 -0.0455
vt 0.6813 0.7688
vn 0.0000 -0.0000 1.0000
f 667/667/667 668/668/668 669/669/669 670/670/670
v 0.3675 0.0000 -0.0455
vt 0.6624 0.8157
vn 0.0000 -0.0000 1.0000
v 0.3675 1.0045 -0.0455
vt 0.6624 0.9211
vn 0.0000 -0.0000 1.0000
v 0.2205 0.9310 -0.0455
vt 0.6530 0.9211
vn 0.0000 -0.0000 1.0000
v 0.2205 0.0000 -0.0455
vt 0.6530 0.8157
vn 0.0000 -0.0000 1.0000
f 671/671/671 672/672/672 673/673/673 674/674/674
v 0.6125 0.0000 -0.0455
vt 0.6813 0.8157
vn 0.0000 -0.0000 1.0000
v 0.6125 1.0045 -0.0455
vt 0.6813 0.9211
vn 0.0000 -0.0000 1.0000
v 0.4900 1.0290 -0.0455
vt 0.6719 0.9211
vn 0.0000 -0.0000 1.0000
v 0.4900 0.0000 -0.0455
vt 0.6719 0.8157
vn 0.0000 -0.0000 1.0000
f 675/675/675 676/676/676 677/677/677 678/678/678
v -0.3327 0.4165 -0.0700
vt 0.8032 0.8342
vn 1.0000 0.0000 0.0000
v -0.3327 0.5390 0.0525
vt 0.8241 0.8552
vn 1.0000 0.0000 0.0000
v -0.3327 0.4165 0.1138
vt 0.8346 0.8342
vn 1.0000 0.0000 0.0000
f 679/679/679 680/680/680 681/681/681
v -0.3327 0.4165 0.1138
vt 0.8346 0.8342
vn 1.0000 0.0000 0.0000
v -0.3327 0.5390 0.0525
vt 0.8241 0.8552
vn 1.0000 0.0000 0.0000
v -0.3327 0.5390 0.1750
vt 0.8450 0.8552
vn 1.0000 0.0000 0.0000
v -0.3327 0.4778 0.1750
vt 0.8450 0.8447
vn 1.0000 0.0000 0.0000
f 682/682/682 683/683/683 684/684/684 685/685/685
v -0.8227 0.4165 -0.0700
vt 0.8032 0.8342
vn -1.0000 0.0000 0.0000
v -0.8227 0.4165 0.1138
vt 0.8346 0.8342
vn -1.0000 0.0000 0.0000
v -0.8227 0.5390 0.0525
vt 0.8241 0.8552
vn -1.0000 0.0000 0.0000
f 686/686/686 687/687/687 688/688/688
v -0.8227 0.5390 0.1750
vt 0.8450 0.8864
vn 0.0000 1.0000 0.0000
v -0.3327 0.5390 0.1750
vt 0.8450 0.8864
vn 0.0000 1.0000 0.0000
v -0.4245 0.5390 0.0525
vt 0.8241 0.8864
vn 0.0000 1.0000 0.0000
v -0.7308 0.5390 0.0525
vt 0.8241 0.8864
vn 0.0000 1.0000 0.0000
f 689/689/689 690/690/690 691/691/691 692/692/692
v -0.5777 1.0290 -0.0700
vt 0.8032 0.9701
vn 0.0000 1.0000 0.0000
v -0.5777 1.0290 0.0525
vt 0.8241 0.9701
vn 0.0000 1.0000 0.0000
v -0.4552 0.9962 0.0525
vt 0.8241 0.9645
vn 0.5000 0.8660 0.0000
v -0.4552 0.9962 -0.0700
vt 0.8032 0.9645
vn 0.5000 0.8660 0.0000
f 693/693/693 694/694/694 695/695/695 696/696/696
v -0.4552 0.9962 -0.0700
vt 0.8032 0.9645
vn 0.5000 0.8660 0.0000
v -0.4552 0.9962 0.0525
vt 0.8241 0.9645
vn 0.5000 0.8660 0.0000
v -0.3655 0.9065 0.0525
vt 0.8241 0.9492
vn 0.8660 0.5000 0.0000
v -0.3655 0.9065 -0.0700
vt 0.8032 0.9492
vn 0.8660 0.5000 0.0000
f 697/697/697 698/698/698 699/699/699 700/700/700
v -0.3655 0.9065 -0.0700
vt 0.8032 0.9492
vn 0.8660 0.5000 0.0000
v -0.3655 0.9065 0.0525
vt 0.8241 0.9492
vn 0.8660 0.5000 0.0000
v -0.3327 0.7840 0.0525
vt 0.8241 0.8970
vn 0.9914 0.1305 0.0000
v -0.3327 0.7840 -0.0700
vt 0.8032 0.8970
vn 0.9914 0.1305 0.0000
f 701/701/701 702/702/702 703/703/703 704/704/704
v -0.3327 0.7840 -0.0700
vt 0.8032 0.8970
vn 0.9914 0.1305 0.0000
v -0.3327 0.7840 0.0525
vt 0.8241 0.8970
vn 0.9914 0.1305 0.0000
v -0.3327 0.5390 0.0525
vt 0.8241 0.8552
vn 1.0000 0.0000 0.0000
v -0.3327 0.4165 -0.0700
vt 0.8032 0.8342
vn 1.0000 0.0000 0.0000
f 705/705/705 706/706/706 707/707/707 708/708/708
v -0.8227 0.7840 -0.0700
vt 0.8032 0.8970
vn -0.9914 0.1305 0.0000
v -0.8227 0.7840 0.0525
vt 0.8241 0.8970
vn -0.9914 0.1305 0.0000
v -0.7898 0.9065 0.0525
vt 0.8241 0.9492
vn -0.8660 0.5000 0.0000
v -0.7898 0.9065 -0.0700
vt 0.8032 0.9492
vn -0.8660 0.5000 0.0000
f 709/709/709 710/710/710 711/711/711 712/712/712
v -0.8227 0.7840 0.0525
vt 0.8241 0.8970
vn -0.9914 0.1305 0.0000
v -0.8227 0.7840 -0.0700
vt 0.8032 0.8970
vn -0.9914 0.1305 0.0000
v -0.8227 0.4165 -0.0700
vt 0.8032 0.8342
vn -1.0000 0.0000 0.0000
v -0.8227 0.5390 0.0525
vt 0.8241 0.8552
vn -1.0000 0.0000 0.0000
f 713/713/713 714/714/714 715/715/715 716/716/716
v -0.7898 0.9065 -0.0700
vt 0.8032 0.9492
vn -0.8660 0.5000 0.0000
v -0.7898 0.9065 0.0525
vt 0.8241 0.9492
vn -0.8660 0.5000 0.0000
v -0.7002 0.9962 0.0525
vt 0.8241 0.9645
vn -0.5000 0.8660 0.0000
v -0.7002 0.9962 -0.0700
vt 0.8032 0.9645
vn -0.5000 0.8660 0.0000
f 717/717/717 718/718/718 719/719/719 720/720/720
v -0.7002 0.9962 -0.0700
vt 0.8032 0.9645
vn -0.5000 0.8660 0.0000
v -0.7002 0.9962 0.0525
vt 0.8241 0.9645
vn -0.5000 0.8660 0.0000
v -0.5777 1.0290 0.0525
vt 0.8241 0.9701
vn 0.0000 1.0000 0.0000
v -0.5777 1.0290 -0.0700
vt 0.8032 0.9701
vn 0.0000 1.0000 0.0000
f 721/721/721 722/722/722 723/723/723 724/724/724
v -0.7056 0.8607 0.0525
vt 0.8241 0.8602
vn 0.8211 -0.4774 0.3129
v -0.7308 0.7667 0.0525
vt 0.8241 0.8786
vn 0.9438 -0.1197 0.3081
v -0.7066 0.7681 -0.0210
vt 0.8116 0.8094
vn 0.9427 -0.1290 0.3076
v -0.6854 0.8473 -0.0210
vt 0.8116 0.7890
vn 0.8243 -0.4720 0.3128
f 725/725/725 726/726/726 727/727/727 728/728/728
v -0.5777 0.9346 0.0525
vt 0.8241 0.9172
vn 0.0000 -0.0000 1.0000
v -0.5038 0.9148 0.0525
vt 0.8241 0.9145
vn 0.0000 -0.0000 1.0000
v -0.4552 0.9962 0.0525
vt 0.8241 0.9332
vn 0.0000 -0.0000 1.0000
v -0.5777 1.0290 0.0525
vt 0.8241 0.9388
vn 0.0000 -0.0000 1.0000
f 729/729/729 730/730/730 731/731/731 732/732/732
v -0.5038 0.9148 0.0525
vt 0.8241 0.9145
vn 0.0000 -0.0000 1.0000
v -0.4497 0.8607 0.0525
vt 0.8241 0.9071
vn 0.0000 -0.0000 1.0000
v -0.3655 0.9065 0.0525
vt 0.8241 0.9179
vn 0.0000 -0.0000 1.0000
v -0.4552 0.9962 0.0525
vt 0.8241 0.9332
vn 0.0000 -0.0000 1.0000
f 733/733/733 734/734/734 735/735/735 736/736/736
v -0.4497 0.8607 0.0525
vt 0.8241 0.9071
vn 0.0000 -0.0000 1.0000
v -0.4245 0.7667 0.0525
vt 0.8241 0.8942
vn 0.0000 -0.0000 1.0000
v -0.3327 0.7840 0.0525
vt 0.8241 0.8970
vn 0.0000 -0.0000 1.0000
v -0.3655 0.9065 0.0525
vt 0.8241 0.9179
vn 0.0000 -0.0000 1.0000
f 737/737/737 738/738/738 739/739/739 740/740/740
v -0.7308 0.5390 0.0525
vt 0.8241 0.8552
vn 0.0000 -0.0000 1.0000
v -0.7308 0.7667 0.0525
vt 0.8241 0.8942
vn 0.0000 -0.0000 1.0000
v -0.8227 0.7840 0.0525
vt 0.8241 0.8970
vn 0.0000 -0.0000 1.0000
v -0.8227 0.5390 0.0525
vt 0.8241 0.8552
vn 0.0000 -0.0000 1.0000
f 741/741/741 742/742/742 743/743/743 744/744/744
v -0.4245 0.7667 0.0525
vt 0.8241 0.8942
vn 0.0000 -0.0000 1.0000
v -0.4245 0.5390 0.0525
vt 0.8241 0.8552
vn 0.0000 -0.0000 1.0000
v -0.3327 0.5390 0.0525
vt 0.8241 0.8552
vn 0.0000 -0.0000 1.0000
v -0.3327 0.7840 0.0525
vt 0.8241 0.8970
vn 0.0000 -0.0000 1.0000
f 745/745/745 746/746/746 747/747/747 748/748/748
v -0.7308 0.7667 0.0525
vt 0.8241 0.8942
vn 0.0000 -0.0000 1.0000
v -0.7056 0.8607 0.0525
vt 0.8241 0.9071
vn 0.0000 -0.0000 1.0000
v -0.7898 0.9065 0.0525
vt 0.8241 0.9179
vn 0.0000 -0.0000 1.0000
v -0.8227 0.7840 0.0525
vt 0.8241 0.8970
vn 0.0000 -0.0000 1.0000
f 749/749/749 750/750/750 751/751/751 752/752/752
v -0.7056 0.8607 0.0525
vt 0.8241 0.9071
vn 0.0000 -0.0000 1.0000
v -0.6515 0.9148 0.0525
vt 0.8241 0.9145
vn 0.0000 -0.0000 1.0000
v -0.7002 0.9962 0.0525
vt 0.8241 0.9332
vn 0.0000 -0.0000 1.0000
v -0.7898 0.9065 0.0525
vt 0.8241 0.9179
vn 0.0000 -0.0000 1.0000
f 753/753/753 754/754/754 755/755/755 756/756/756
v -0.6515 0.9148 0.0525
vt 0.8241 0.9145
vn 0.0000 -0.0000 1.0000
v -0.5777 0.9346 0.0525
vt 0.8241 0.9172
vn 0.0000 -0.0000 1.0000
v -0.5777 1.0290 0.0525
vt 0.8241 0.9388
vn 0.0000 -0.0000 1.0000
v -0.7002 0.9962 0.0525
vt 0.8241 0.9332
vn 0.0000 -0.0000 1.0000
f 757/757/757 758/758/758 759/759/759 760/760/760
v -0.4245 0.7667 0.0525
vt 0.8241 0.8786
vn -0.9438 -0.1197 0.3081
v -0.4497 0.8607 0.0525
vt 0.8241 0.8602
vn -0.8211 -0.4774 0.3129
v -0.4699 0.8473 -0.0210
vt 0.8116 0.7890
vn -0.8243 -0.4720 0.3128
v -0.4487 0.7681 -0.0210
vt 0.8116 0.8094
vn -0.9427 -0.1290 0.3076
f 761/761/761 762/762/762 763/763/763 764/764/764
v -0.6515 0.9148 0.0525
vt 0.8241 0.8676
vn 0.4722 -0.8212 0.3204
v -0.7056 0.8607 0.0525
vt 0.8241 0.8602
vn 0.8211 -0.4774 0.3129
v -0.6854 0.8473 -0.0210
vt 0.8116 0.7890
vn 0.8243 -0.4720 0.3128
v -0.6399 0.8928 -0.0210
vt 0.8116 0.7952
vn 0.4753 -0.8194 0.3204
f 765/765/765 766/766/766 767/767/767 768/768/768
v -0.7308 0.7667 0.0525
vt 0.8241 0.8786
vn 0.9438 -0.1197 0.3081
v -0.7308 0.5390 0.0525
vt 0.8241 0.8395
vn 0.9499 0.0000 0.3124
v -0.7066 0.5390 -0.0210
vt 0.8116 0.7729
vn 0.9499 0.0000 0.3124
v -0.7066 0.7681 -0.0210
vt 0.8116 0.8094
vn 0.9427 -0.1290 0.3076
f 769/769/769 770/770/770 771/771/771 772/772/772
v -0.5038 0.9148 0.0525
vt 0.8241 0.8676
vn -0.4722 -0.8212 0.3204
v -0.5777 0.9346 0.0525
vt 0.8241 0.8703
vn 0.0000 -0.9463 0.3232
v -0.5777 0.9095 -0.0210
vt 0.8116 0.7975
vn 0.0000 -0.9463 0.3232
v -0.5155 0.8928 -0.0210
vt 0.8116 0.7952
vn -0.4753 -0.8194 0.3204
f 773/773/773 774/774/774 775/775/775 776/776/776
v -0.5777 0.9346 0.0525
vt 0.8241 0.8703
vn 0.0000 -0.9463 0.3232
v -0.6515 0.9148 0.0525
vt 0.8241 0.8676
vn 0.4722 -0.8212 0.3204
v -0.6399 0.8928 -0.0210
vt 0.8116 0.7952
vn 0.4753 -0.8194 0.3204
v -0.5777 0.9095 -0.0210
vt 0.8116 0.7975
vn 0.0000 -0.9463 0.3232
f 777/777/777 778/778/778 779/779/779 780/780/780
v -0.4245 0.5390 0.0525
vt 0.8241 0.8395
vn -0.9499 -0.0000 0.3124
v -0.4245 0.7667 0.0525
vt 0.8241 0.8786
vn -0.9438 -0.1197 0.3081
v -0.4487 0.7681 -0.0210
vt 0.8116 0.8094
vn -0.9427 -0.1290 0.3076
v -0.4487 0.5390 -0.0210
vt 0.8116 0.7729
vn -0.9499 -0.0000 0.3124
f 781/781/781 782/782/782 783/783/783 784/784/784
v -0.4497 0.8607 0.0525
vt 0.8241 0.8602
vn -0.8211 -0.4774 0.3129
v -0.5038 0.9148 0.0525
vt 0.8241 0.8676
vn -0.4722 -0.8212 0.3204
v -0.5155 0.8928 -0.0210
vt 0.8116 0.7952
vn -0.4753 -0.8194 0.3204
v -0.4699 0.8473 -0.0210
vt 0.8116 0.7890
vn -0.8243 -0.4720 0.3128
f 785/785/785 786/786/786 787/787/787 788/788/788
v -0.5777 0.7695 -0.0210
vt 0.8162 0.7077
vn 0.0000 -0.0000 1.0000
v -0.7066 0.5390 -0.0210
vt 0.7946 0.5485
vn 0.0000 -0.0000 1.0000
v -0.4487 0.5390 -0.0210
vt 0.8378 0.5485
vn 0.0000 -0.0000 1.0000
f 789/789/789 790/790/790 791/791/791
v -0.5777 0.7695 -0.0210
vt 0.8162 0.7077
vn 0.0000 -0.0000 1.0000
v -0.5155 0.8928 -0.0210
vt 0.8266 0.6097
vn 0.0000 -0.0000 1.0000
v -0.5777 0.9095 -0.0210
vt 0.8162 0.6125
vn 0.0000 -0.0000 1.0000
f 792/792/792 793/793/793 794/794/794
v -0.5777 0.7695 -0.0210
vt 0.8162 0.7077
vn 0.0000 -0.0000 1.0000
v -0.4699 0.8473 -0.0210
vt 0.8342 0.6021
vn 0.0000 -0.0000 1.0000
v -0.5155 0.8928 -0.0210
vt 0.8266 0.6097
vn 0.0000 -0.0000 1.0000
f 795/795/795 796/796/796 797/797/797
v -0.5777 0.7695 -0.0210
vt 0.8162 0.7077
vn 0.0000 -0.0000 1.0000
v -0.4487 0.7681 -0.0210
vt 0.8378 0.5889
vn 0.0000 -0.0000 1.0000
v -0.4699 0.8473 -0.0210
vt 0.8342 0.6021
vn 0.0000 -0.0000 1.0000
f 798/798/798 799/799/799 800/800/800
v -0.5777 0.7695 -0.0210
vt 0.8162 0.7077
vn 0.0000 -0.0000 1.0000
v -0.7066 0.7681 -0.0210
vt 0.7946 0.5889
vn 0.0000 -0.0000 1.0000
v -0.7066 0.5390 -0.0210
vt 0.7946 0.5485
vn 0.0000 -0.0000 1.0000
f 801/801/801 802/802/802 803/803/803
v -0.5777 0.7695 -0.0210
vt 0.8162 0.7077
vn 0.0000 -0.0000 1.0000
v -0.4487 0.5390 -0.0210
vt 0.8378 0.5485
vn 0.0000 -0.0000 1.0000
v -0.4487 0.7681 -0.0210
vt 0.8378 0.5889
vn 0.0000 -0.0000 1.0000
f 804/804/804 805/805/805 806/806/806
v -0.5777 0.7695 -0.0210
vt 0.8162 0.7077
vn 0.0000 -0.0000 1.0000
v -0.6854 0.8473 -0.0210
vt 0.7981 0.6021
vn 0.0000 -0.0000 1.0000
v -0.7066 0.7681 -0.0210
vt 0.7946 0.5889
vn 0.0000 -0.0000 1.0000
f 807/807/807 808/808/808 809/809/809
v -0.5777 0.7695 -0.0210
vt 0.8162 0.7077
vn 0.0000 -0.0000 1.0000
v -0.6399 0.8928 -0.0210
vt 0.8058 0.6097
vn 0.0000 -0.0000 1.0000
v -0.6854 0.8473 -0.0210
vt 0.7981 0.6021
vn 0.0000 -0.0000 1.0000
f 810/810/810 811/811/811 812/812/812
v -0.5777 0.7695 -0.0210
vt 0.8162 0.7077
vn 0.0000 -0.0000 1.0000
v -0.5777 0.9095 -0.0210
vt 0.8162 0.6125
vn 0.0000 -0.0000 1.0000
v -0.6399 0.8928 -0.0210
vt 0.8058 0.6097
vn 0.0000 -0.0000 1.0000
f 813/813/813 814/814/814 815/815/815
v -0.8227 0.5390 0.0525
vt 0.8241 0.8552
vn -1.0000 0.0000 0.0000
v -0.8227 0.4165 0.1138
vt 0.8346 0.8342
vn -1.0000 0.0000 0.0000
v -0.8227 0.4778 0.1750
vt 0.8450 0.8447
vn -1.0000 0.0000 0.0000
v -0.8227 0.5390 0.1750
vt 0.8450 0.8552
vn -1.0000 0.0000 0.0000
f 816/816/816 817/817/817 818/818/818 819/819/819
v -0.8227 0.4165 -0.0700
vt 0.8032 0.8030
vn -0.0000 -1.0000 0.0000
v -0.3327 0.4165 -0.0700
vt 0.8032 0.8030
vn -0.0000 -1.0000 0.0000
v -0.3327 0.4165 0.1138
vt 0.8346 0.8030
vn -0.0000 -1.0000 0.0000
v -0.8227 0.4165 0.1138
vt 0.8346 0.8030
vn -0.0000 -1.0000 0.0000
f 820/820/820 821/821/821 822/822/822 823/823/823
v -0.3327 0.5390 0.1750
vt 0.8450 0.8552
vn 0.0000 -0.0000 1.0000
v -0.8227 0.5390 0.1750
vt 0.8450 0.8552
vn 0.0000 -0.0000 1.0000
v -0.8227 0.4778 0.1750
vt 0.8450 0.8447
vn 0.0000 -0.0000 1.0000
v -0.3327 0.4778 0.1750
vt 0.8450 0.8447
vn 0.0000 -0.0000 1.0000
f 824/824/824 825/825/825 826/826/826 827/827/827
v -0.8227 0.4165 0.1138
vt 0.8346 0.8186
vn 0.0000 -0.7071 0.7071
v -0.3327 0.4165 0.1138
vt 0.8346 0.8186
vn 0.0000 -0.7071 0.7071
v -0.3327 0.4778 0.1750
vt 0.8450 0.8291
vn 0.0000 -0.7071 0.7071
v -0.8227 0.4778 0.1750
vt 0.8450 0.8291
vn 0.0000 -0.7071 0.7071
f 828/828/828 829/829/829 830/830/830 831/831/831
v -0.4245 0.5390 0.0525
vt 0.8241 0.8864
vn 0.0000 1.0000 0.0000
v -0.4487 0.5390 -0.0210
vt 0.8116 0.8198
vn 0.0000 1.0000 0.0000
v -0.7066 0.5390 -0.0210
vt 0.8116 0.8198
vn 0.0000 1.0000 0.0000
v -0.7308 0.5390 0.0525
vt 0.8241 0.8864
vn 0.0000 1.0000 0.0000
f 832/832/832 833/833/833 834/834/834 835/835/835
v -0.8227 0.5390 0.0525
vt 0.8241 0.8864
vn 0.0000 1.0000 0.0000
v -0.8227 0.5390 0.1750
vt 0.8450 0.8864
vn 0.0000 1.0000 0.0000
v -0.7308 0.5390 0.0525
vt 0.8241 0.8864
vn 0.0000 1.0000 0.0000
f 836/836/836 837/837/837 838/838/838
v -0.3327 0.5390 0.0525
vt 0.8241 0.8864
vn 0.0000 1.0000 0.0000
v -0.4245 0.5390 0.0525
vt 0.8241 0.8864
vn 0.0000 1.0000 0.0000
v -0.3327 0.5390 0.1750
vt 0.8450 0.8864
vn 0.0000 1.0000 0.0000
f 839/839/839 840/840/840 841/841/841
v -0.6700 0.6370 -2.4232
vt 0.1607 0.8075
vn 0.8081 0.0000 -0.5891
v -0.6700 0.7474 -2.4232
vt 0.1607 0.8350
vn 0.8081 0.0000 -0.5891
v -0.6070 0.7893 -2.3368
vt 0.1557 0.8384
vn 0.8081 0.0000 -0.5891
v -0.6070 0.5950 -2.3368
vt 0.1557 0.8041
vn 0.8081 0.0000 -0.5891
f 842/842/842 843/843/843 844/844/844 845/845/845
v -0.8985 0.5950 -2.3368
vt 0.2071 0.8041
vn -0.8081 0.0000 -0.5891
v -0.8985 0.7893 -2.3368
vt 0.2071 0.8384
vn -0.8081 0.0000 -0.5891
v -0.8356 0.7474 -2.4232
vt 0.2020 0.8350
vn -0.8081 0.0000 -0.5891
v -0.8356 0.6370 -2.4232
vt 0.2020 0.8075
vn -0.8081 0.0000 -0.5891
f 846/846/846 847/847/847 848/848/848 849/849/849
v -0.8356 0.6370 -2.4232
vt 0.2020 0.8231
vn 0.0000 0.0000 -1.0000
v -0.8356 0.7474 -2.4232
vt 0.2020 0.8506
vn 0.0000 0.0000 -1.0000
v -0.6700 0.7474 -2.4232
vt 0.1607 0.8506
vn 0.0000 0.0000 -1.0000
v -0.6700 0.6370 -2.4232
vt 0.1607 0.8231
vn 0.0000 0.0000 -1.0000
f 850/850/850 851/851/851 852/852/852 853/853/853
v -0.6070 0.5950 -2.3368
vt 0.1557 0.7885
vn 0.0000 -0.8994 -0.4371
v -0.8985 0.5950 -2.3368
vt 0.2071 0.7885
vn 0.0000 -0.8994 -0.4371
v -0.8356 0.6370 -2.4232
vt 0.2020 0.7919
vn 0.0000 -0.8994 -0.4371
v -0.6700 0.6370 -2.4232
vt 0.1607 0.7919
vn 0.0000 -0.8994 -0.4371
f 854/854/854 855/855/855 856/856/856 857/857/857
v -0.8985 0.7893 -2.3368
vt 0.2071 0.8696
vn 0.0000 0.8994 -0.4371
v -0.6070 0.7893 -2.3368
vt 0.1557 0.8696
vn 0.0000 0.8994 -0.4371
v -0.6700 0.7474 -2.4232
vt 0.1607 0.8662
vn 0.0000 0.8994 -0.4371
v -0.8356 0.7474 -2.4232
vt 0.2020 0.8662
vn 0.0000 0.8994 -0.4371
f 858/858/858 859/859/859 860/860/860 861/861/861
v -0.8800 0.6370 -2.4232
vt 0.1607 0.8075
vn 0.8081 0.0000 -0.5891
v -0.8800 0.7474 -2.4232
vt 0.1607 0.8350
vn 0.8081 0.0000 -0.5891
v -0.8170 0.7893 -2.3368
vt 0.1557 0.8384
vn 0.8081 0.0000 -0.5891
v -0.8170 0.5950 -2.3368
vt 0.1557 0.8041
vn 0.8081 0.0000 -0.5891
f 862/862/862 863/863/863 864/864/864 865/865/865
v -1.1085 0.5950 -2.3368
vt 0.2071 0.8041
vn -0.8081 0.0000 -0.5891
v -1.1085 0.7893 -2.3368
vt 0.2071 0.8384
vn -0.8081 0.0000 -0.5891
v -1.0456 0.7474 -2.4232
vt 0.2020 0.8350
vn -0.8081 0.0000 -0.5891
v -1.0456 0.6370 -2.4232
vt 0.2020 0.8075
vn -0.8081 0.0000 -0.5891
f 866/866/866 867/867/867 868/868/868 869/869/869
v -1.0456 0.6370 -2.4232
vt 0.2020 0.8231
vn 0.0000 0.0000 -1.0000
v -1.0456 0.7474 -2.4232
vt 0.2020 0.8506
vn 0.0000 0.0000 -1.0000
v -0.8800 0.7474 -2.4232
vt 0.1607 0.8506
vn 0.0000 0.0000 -1.0000
v -0.8800 0.6370 -2.4232
vt 0.1607 0.8231
vn 0.0000 0.0000 -1.0000
f 870/870/870 871/871/871 872/872/872 873/873/873
v -0.8170 0.5950 -2.3368
vt 0.1557 0.7885
vn 0.0000 -0.8994 -0.4371
v -1.1085 0.5950 -2.3368
vt 0.2071 0.7885
vn 0.0000 -0.8994 -0.4371
v -1.0456 0.6370 -2.4232
vt 0.2020 0.7919
vn 0.0000 -0.8994 -0.4371
v -0.8800 0.6370 -2.4232
vt 0.1607 0.7919
vn 0.0000 -0.8994 -0.4371
f 874/874/874 875/875/875 876/876/876 877/877/877
v -1.1085 0.7893 -2.3368
vt 0.2071 0.8696
vn 0.0000 0.8994 -0.4371
v -0.8170 0.7893 -2.3368
vt 0.1557 0.8696
vn 0.0000 0.8994 -0.4371
v -0.8800 0.7474 -2.4232
vt 0.1607 0.8662
vn 0.0000 0.8994 -0.4371
v -1.0456 0.7474 -2.4232
vt 0.2020 0.8662
vn 0.0000 0.8994 -0.4371
f 878/878/878 879/879/879 880/880/880 881/881/881
v -0.7750 0.7770 -2.4232
vt 0.1607 0.8075
vn 0.8081 0.0000 -0.5891
v -0.7750 0.8874 -2.4232
vt 0.1607 0.8350
vn 0.8081 0.0000 -0.5891
v -0.7120 0.9293 -2.3368
vt 0.1557 0.8384
vn 0.8081 0.0000 -0.5891
v -0.7120 0.7350 -2.3368
vt 0.1557 0.8041
vn 0.8081 0.0000 -0.5891
f 882/882/882 883/883/883 884/884/884 885/885/885
v -1.0035 0.7350 -2.3368
vt 0.2071 0.8041
vn -0.8081 0.0000 -0.5891
v -1.0035 0.9293 -2.3368
vt 0.2071 0.8384
vn -0.8081 0.0000 -0.5891
v -0.9406 0.8874 -2.4232
vt 0.2020 0.8350
vn -0.8081 0.0000 -0.5891
v -0.9406 0.7770 -2.4232
vt 0.2020 0.8075
vn -0.8081 0.0000 -0.5891
f 886/886/886 887/887/887 888/888/888 889/889/889
v -0.9406 0.7770 -2.4232
vt 0.2020 0.8231
vn 0.0000 0.0000 -1.0000
v -0.9406 0.8874 -2.4232
vt 0.2020 0.8506
vn 0.0000 0.0000 -1.0000
v -0.7750 0.8874 -2.4232
vt 0.1607 0.8506
vn 0.0000 0.0000 -1.0000
v -0.7750 0.7770 -2.4232
vt 0.1607 0.8231
vn 0.0000 0.0000 -1.0000
f 890/890/890 891/891/891 892/892/892 893/893/893
v -0.7120 0.7350 -2.3368
vt 0.1557 0.7885
vn 0.0000 -0.8994 -0.4371
v -1.0035 0.7350 -2.3368
vt 0.2071 0.7885
vn 0.0000 -0.8994 -0.4371
v -0.9406 0.7770 -2.4232
vt 0.2020 0.7919
vn 0.0000 -0.8994 -0.4371
v -0.7750 0.7770 -2.4232
vt 0.1607 0.7919
vn 0.0000 -0.8994 -0.4371
f 894/894/894 895/895/895 896/896/896 897/897/897
v -1.0035 0.9293 -2.3368
vt 0.2071 0.8696
vn 0.0000 0.8994 -0.4371
v -0.7120 0.9293 -2.3368
vt 0.1557 0.8696
vn 0.0000 0.8994 -0.4371
v -0.7750 0.8874 -2.4232
vt 0.1607 0.8662
vn 0.0000 0.8994 -0.4371
v -0.9406 0.8874 -2.4232
vt 0.2020 0.8662
vn 0.0000 0.8994 -0.4371
f 898/898/898 899/899/899 900/900/900 901/901/901
v -0.7750 0.4970 -2.4232
vt 0.1607 0.8075
vn 0.8081 0.0000 -0.5891
v -0.7750 0.6074 -2.4232
vt 0.1607 0.8350
vn 0.8081 0.0000 -0.5891
v -0.7120 0.6493 -2.3368
vt 0.1557 0.8384
vn 0.8081 0.0000 -0.5891
v -0.7120 0.4550 -2.3368
vt 0.1557 0.8041
vn 0.8081 0.0000 -0.5891
f 902/902/902 903/903/903 904/904/904 905/905/905
v -1.0035 0.4550 -2.3368
vt 0.2071 0.8041
vn -0.8081 0.0000 -0.5891
v -1.0035 0.6493 -2.3368
vt 0.2071 0.8384
vn -0.8081 0.0000 -0.5891
v -0.9406 0.6074 -2.4232
vt 0.2020 0.8350
vn -0.8081 0.0000 -0.5891
v -0.9406 0.4970 -2.4232
vt 0.2020 0.8075
vn -0.8081 0.0000 -0.5891
f 906/906/906 907/907/907 908/908/908 909/909/909
v -0.9406 0.4970 -2.4232
vt 0.2020 0.8231
vn 0.0000 0.0000 -1.0000
v -0.9406 0.6074 -2.4232
vt 0.2020 0.8506
vn 0.0000 0.0000 -1.0000
v -0.7750 0.6074 -2.4232
vt 0.1607 0.8506
vn 0.0000 0.0000 -1.0000
v -0.7750 0.4970 -2.4232
vt 0.1607 0.8231
vn 0.0000 0.0000 -1.0000
f 910/910/910 911/911/911 912/912/912 913/913/913
v -0.7120 0.4550 -2.3368
vt 0.1557 0.7885
vn 0.0000 -0.8994 -0.4371
v -1.0035 0.4550 -2.3368
vt 0.2071 0.7885
vn 0.0000 -0.8994 -0.4371
v -0.9406 0.4970 -2.4232
vt 0.2020 0.7919
vn 0.0000 -0.8994 -0.4371
v -0.7750 0.4970 -2.4232
vt 0.1607 0.7919
vn 0.0000 -0.8994 -0.4371
f 914/914/914 915/915/915 916/916/916 917/917/917
v -1.0035 0.6493 -2.3368
vt 0.2071 0.8696
vn 0.0000 0.8994 -0.4371
v -0.7120 0.6493 -2.3368
vt 0.1557 0.8696
vn 0.0000 0.8994 -0.4371
v -0.7750 0.6074 -2.4232
vt 0.1607 0.8662
vn 0.0000 0.8994 -0.4371
v -0.9406 0.6074 -2.4232
vt 0.2020 0.8662
vn 0.0000 0.8994 -0.4371
f 918/918/918 919/919/919 920/920/920 921/921/921
v -1.6320 0.3697 -1.9636
vt 0.1607 0.8108
vn -0.5891 0.0000 -0.8081
v -1.6320 0.4801 -1.9636
vt 0.1607 0.8383
vn -0.5891 0.0000 -0.8081
v -1.5457 0.5221 -2.0265
vt 0.1557 0.8417
vn -0.5891 0.0000 -0.8081
v -1.5457 0.3278 -2.0265
vt 0.1557 0.8074
vn -0.5891 0.0000 -0.8081
f 922/922/922 923/923/923 924/924/924 925/925/925
v -1.5457 0.3278 -1.7350
vt 0.2071 0.8074
vn -0.5891 -0.0000 0.8081
v -1.5457 0.5221 -1.7350
vt 0.2071 0.8417
vn -0.5891 -0.0000 0.8081
v -1.6320 0.4801 -1.7980
vt 0.2020 0.8383
vn -0.5891 -0.0000 0.8081
v -1.6320 0.3697 -1.7980
vt 0.2020 0.8108
vn -0.5891 -0.0000 0.8081
f 926/926/926 927/927/927 928/928/928 929/929/929
v -1.6320 0.3697 -1.7980
vt 0.2020 0.8264
vn -1.0000 0.0000 0.0000
v -1.6320 0.4801 -1.7980
vt 0.2020 0.8539
vn -1.0000 0.0000 0.0000
v -1.6320 0.4801 -1.9636
vt 0.1607 0.8539
vn -1.0000 0.0000 0.0000
v -1.6320 0.3697 -1.9636
vt 0.1607 0.8264
vn -1.0000 0.0000 0.0000
f 930/930/930 931/931/931 932/932/932 933/933/933
v -1.5457 0.3278 -2.0265
vt 0.1557 0.7918
vn -0.4371 -0.8994 0.0000
v -1.5457 0.3278 -1.7350
vt 0.2071 0.7918
vn -0.4371 -0.8994 0.0000
v -1.6320 0.3697 -1.7980
vt 0.2020 0.7952
vn -0.4371 -0.8994 0.0000
v -1.6320 0.3697 -1.9636
vt 0.1607 0.7952
vn -0.4371 -0.8994 0.0000
f 934/934/934 935/935/935 936/936/936 937/937/937
v -1.5457 0.5221 -1.7350
vt 0.2071 0.8730
vn -0.4371 0.8994 0.0000
v -1.5457 0.5221 -2.0265
vt 0.1557 0.8730
vn -0.4371 0.8994 0.0000
v -1.6320 0.4801 -1.9636
vt 0.1607 0.8696
vn -0.4371 0.8994 0.0000
v -1.6320 0.4801 -1.7980
vt 0.2020 0.8696
vn -0.4371 0.8994 0.0000
f 938/938/938 939/939/939 940/940/940 941/941/941
v -1.6320 0.3697 -1.7536
vt 0.1607 0.8108
vn -0.5891 0.0000 -0.8081
v -1.6320 0.4801 -1.7536
vt 0.1607 0.8383
vn -0.5891 0.0000 -0.8081
v -1.5457 0.5221 -1.8165
vt 0.1557 0.8417
vn -0.5891 0.0000 -0.8081
v -1.5457 0.3278 -1.8165
vt 0.1557 0.8074
vn -0.5891 0.0000 -0.8081
f 942/942/942 943/943/943 944/944/944 945/945/945
v -1.5457 0.3278 -1.5250
vt 0.2071 0.8074
vn -0.5891 -0.0000 0.8081
v -1.5457 0.5221 -1.5250
vt 0.2071 0.8417
vn -0.5891 -0.0000 0.8081
v -1.6320 0.4801 -1.5880
vt 0.2020 0.8383
vn -0.5891 -0.0000 0.8081
v -1.6320 0.3697 -1.5880
vt 0.2020 0.8108
vn -0.5891 -0.0000 0.8081
f 946/946/946 947/947/947 948/948/948 949/949/949
v -1.6320 0.3697 -1.5880
vt 0.2020 0.8264
vn -1.0000 0.0000 0.0000
v -1.6320 0.4801 -1.5880
vt 0.2020 0.8539
vn -1.0000 0.0000 0.0000
v -1.6320 0.4801 -1.7536
vt 0.1607 0.8539
vn -1.0000 0.0000 0.0000
v -1.6320 0.3697 -1.7536
vt 0.1607 0.8264
vn -1.0000 0.0000 0.0000
f 950/950/950 951/951/951 952/952/952 953/953/953
v -1.5457 0.3278 -1.8165
vt 0.1557 0.7918
vn -0.4371 -0.8994 0.0000
v -1.5457 0.3278 -1.5250
vt 0.2071 0.7918
vn -0.4371 -0.8994 0.0000
v -1.6320 0.3697 -1.5880
vt 0.2020 0.7952
vn -0.4371 -0.8994 0.0000
v -1.6320 0.3697 -1.7536
vt 0.1607 0.7952
vn -0.4371 -0.8994 0.0000
f 954/954/954 955/955/955 956/956/956 957/957/957
v -1.5457 0.5221 -1.5250
vt 0.2071 0.8730
vn -0.4371 0.8994 0.0000
v -1.5457 0.5221 -1.8165
vt 0.1557 0.8730
vn -0.4371 0.8994 0.0000
v -1.6320 0.4801 -1.7536
vt 0.1607 0.8696
vn -0.4371 0.8994 0.0000
v -1.6320 0.4801 -1.5880
vt 0.2020 0.8696
vn -0.4371 0.8994 0.0000
f 958/958/958 959/959/959 960/960/960 961/961/961
v -1.6320 0.5097 -1.8586
vt 0.1607 0.8108
vn -0.5891 0.0000 -0.8081
v -1.6320 0.6201 -1.8586
vt 0.1607 0.8383
vn -0.5891 0.0000 -0.8081
v -1.5457 0.6621 -1.9215
vt 0.1557 0.8417
vn -0.5891 0.0000 -0.8081
v -1.5457 0.4678 -1.9215
vt 0.1557 0.8074
vn -0.5891 0.0000 -0.8081
f 962/962/962 963/963/963 964/964/964 965/965/965
v -1.5457 0.4678 -1.6300
vt 0.2071 0.8074
vn -0.5891 -0.0000 0.8081
v -1.5457 0.6621 -1.6300
vt 0.2071 0.8417
vn -0.5891 -0.0000 0.8081
v -1.6320 0.6201 -1.6930
vt 0.2020 0.8383
vn -0.5891 -0.0000 0.8081
v -1.6320 0.5097 -1.6930
vt 0.2020 0.8108
vn -0.5891 -0.0000 0.8081
f 966/966/966 967/967/967 968/968/968 969/969/969
v -1.6320 0.5097 -1.6930
vt 0.2020 0.8264
vn -1.0000 0.0000 0.0000
v -1.6320 0.6201 -1.6930
vt 0.2020 0.8539
vn -1.0000 0.0000 0.0000
v -1.6320 0.6201 -1.8586
vt 0.1607 0.8539
vn -1.0000 0.0000 0.0000
v -1.6320 0.5097 -1.8586
vt 0.1607 0.8264
vn -1.0000 0.0000 0.0000
f 970/970/970 971/971/971 972/972/972 973/973/973
v -1.5457 0.4678 -1.9215
vt 0.1557 0.7918
vn -0.4371 -0.8994 0.0000
v -1.5457 0.4678 -1.6300
vt 0.2071 0.7918
vn -0.4371 -0.8994 0.0000
v -1.6320 0.5097 -1.6930
vt 0.2020 0.7952
vn -0.4371 -0.8994 0.0000
v -1.6320 0.5097 -1.8586
vt 0.1607 0.7952
vn -0.4371 -0.8994 0.0000
f 974/974/974 975/975/975 976/976/976 977/977/977
v -1.5457 0.6621 -1.6300
vt 0.2071 0.8730
vn -0.4371 0.8994 0.0000
v -1.5457 0.6621 -1.9215
vt 0.1557 0.8730
vn -0.4371 0.8994 0.0000
v -1.6320 0.6201 -1.8586
vt 0.1607 0.8696
vn -0.4371 0.8994 0.0000
v -1.6320 0.6201 -1.6930
vt 0.2020 0.8696
vn -0.4371 0.8994 0.0000
f 978/978/978 979/979/979 980/980/980 981/981/981
v 1.4557 1.9600 -2.2607
vt 0.8565 0.9105
vn -1.0000 0.0000 0.0000
v 1.4557 1.9600 -0.1893
vt 0.8565 0.9105
vn -1.0000 0.0000 0.0000
v 1.4557 2.2050 -0.1893
vt 0.8565 0.9105
vn -1.0000 0.0000 0.0000
v 1.4557 2.2050 -2.2607
vt 0.8565 0.9105
vn -1.0000 0.0000 0.0000
f 982/982/982 983/983/983 984/984/984 985/985/985
v 0.0000 1.9600 -0.1893
vt 0.8565 0.9105
vn 0.0000 0.0000 -1.0000
v -1.4557 1.9600 -0.1893
vt 0.8565 0.9105
vn 0.0000 0.0000 -1.0000
v -1.4557 2.2050 -0.1893
vt 0.8565 0.9105
vn 0.0000 0.0000 -1.0000
v 0.0000 2.2050 -0.1893
vt 0.8565 0.9105
vn 0.0000 0.0000 -1.0000
f 986/986/986 987/987/987 988/988/988 989/989/989
v 1.4557 2.2050 -0.1893
vt 0.8565 0.9105
vn 0.0000 1.0000 0.0000
v 0.0000 2.2050 -0.1893
vt 0.8565 0.9105
vn 0.0000 1.0000 0.0000
v 0.0000 2.2050 0.0525
vt 0.8565 0.9105
vn 0.0000 1.0000 0.0000
v 1.6975 2.2050 0.0525
vt 0.8565 0.9105
vn 0.0000 1.0000 0.0000
f 990/990/990 991/991/991 992/992/992 993/993/993
v -1.4557 2.2050 -2.2607
vt 0.8565 0.9105
vn 0.0000 1.0000 0.0000
v 0.0000 2.2050 -2.2607
vt 0.8565 0.9105
vn 0.0000 1.0000 0.0000
v 0.0000 2.2050 -2.5025
vt 0.8565 0.9105
vn 0.0000 1.0000 0.0000
v -1.6975 2.2050 -2.5025
vt 0.8565 0.9105
vn 0.0000 1.0000 0.0000
f 994/994/994 995/995/995 996/996/996 997/997/997
v 1.4557 2.2050 -2.2607
vt 0.8565 0.9105
vn 0.0000 1.0000 0.0000
v 1.4557 2.2050 -0.1893
vt 0.8565 0.9105
vn 0.0000 1.0000 0.0000
v 1.6975 2.2050 0.0525
vt 0.8565 0.9105
vn 0.0000 1.0000 0.0000
v 1.6975 2.2050 -2.5025
vt 0.8565 0.9105
vn 0.0000 1.0000 0.0000
f 998/998/998 999/999/999 1000/1000/1000 1001/1001/1001
v 0.0000 2.2050 -2.2607
vt 0.8565 0.9105
vn 0.0000 1.0000 0.0000
v 1.4557 2.2050 -2.2607
vt 0.8565 0.9105
vn 0.0000 1.0000 0.0000
v 1.6975 2.2050 -2.5025
vt 0.8565 0.9105
vn 0.0000 1.0000 0.0000
v 0.0000 2.2050 -2.5025
vt 0.8565 0.9105
vn 0.0000 1.0000 0.0000
f 1002/1002/1002 1003/1003/1003 1004/1004/1004 1005/1005/1005
v -1.4557 2.2050 -0.1893
vt 0.8565 0.9105
vn 0.0000 1.0000 0.0000
v -1.4557 2.2050 -2.2607
vt 0.8565 0.9105
vn 0.0000 1.0000 0.0000
v -1.6975 2.2050 -2.5025
vt 0.8565 0.9105
vn 0.0000 1.0000 0.0000
v -1.6975 2.2050 0.0525
vt 0.8565 0.9105
vn 0.0000 1.0000 0.0000
f 1006/1006/1006 1007/1007/1007 1008/1008/1008 1009/1009/1009
v 0.0000 2.2050 -0.1893
vt 0.8565 0.9105
vn 0.0000 1.0000 0.0000
v -1.4557 2.2050 -0.1893
vt 0.8565 0.9105
vn 0.0000 1.0000 0.0000
v -1.6975 2.2050 0.0525
vt 0.8565 0.9105
vn 0.0000 1.0000 0.0000
v 0.0000 2.2050 0.0525
vt 0.8565 0.9105
vn 0.0000 1.0000 0.0000
f 1010/1010/1010 1011/1011/1011 1012/1012/1012 1013/1013/1013
v 0.0000 1.9600 -2.2607
vt 0.8565 0.9105
vn 0.0000 -0.0000 1.0000
v 1.4557 1.9600 -2.2607
vt 0.8565 0.9105
vn 0.0000 -0.0000 1.0000
v 1.4557 2.2050 -2.2607
vt 0.8565 0.9105
vn 0.0000 -0.0000 1.0000
v 0.0000 2.2050 -2.2607
vt 0.8565 0.9105
vn 0.0000 -0.0000 1.0000
f 1014/1014/1014 1015/1015/1015 1016/1016/1016 1017/1017/1017
v 1.4557 1.9600 -0.1893
vt 0.8565 0.9105
vn 0.0000 0.0000 -1.0000
v 0.0000 1.9600 -0.1893
vt 0.8565 0.9105
vn 0.0000 0.0000 -1.0000
v 0.0000 2.2050 -0.1893
vt 0.8565 0.9105
vn 0.0000 0.0000 -1.0000
v 1.4557 2.2050 -0.1893
vt 0.8565 0.9105
vn 0.0000 0.0000 -1.0000
f 1018/1018/1018 1019/1019/1019 1020/1020/1020 1021/1021/1021
v -1.4557 1.9600 -0.1893
vt 0.8565 0.9105
vn 1.0000 0.0000 0.0000
v -1.4557 1.9600 -2.2607
vt 0.8565 0.9105
vn 1.0000 0.0000 0.0000
v -1.4557 2.2050 -2.2607
vt 0.8565 0.9105
vn 1.0000 0.0000 0.0000
v -1.4557 2.2050 -0.1893
vt 0.8565 0.9105
vn 1.0000 0.0000 0.0000
f 1022/1022/1022 1023/1023/1023 1024/1024/1024 1025/1025/1025
v -1.4557 1.9600 -2.2607
vt 0.8565 0.9105
vn 0.0000 -0.0000 1.0000
v 0.0000 1.9600 -2.2607
vt 0.8565 0.9105
vn 0.0000 -0.0000 1.0000
v 0.0000 2.2050 -2.2607
vt 0.8565 0.9105
vn 0.0000 -0.0000 1.0000
v -1.4557 2.2050 -2.2607
vt 0.8565 0.9105
vn 0.0000 -0.0000 1.0000
f 1026/1026/1026 1027/1027/1027 1028/1028/1028 1029/1029/1029
v 1.1130 0.7980 -2.4232
vt 0.1607 0.8075
vn 0.8081 0.0000 -0.5891
v 1.1130 0.9084 -2.4232
vt 0.1607 0.8350
vn 0.8081 0.0000 -0.5891
v 1.1760 0.9503 -2.3368
vt 0.1557 0.8384
vn 0.8081 0.0000 -0.5891
v 1.1760 0.7560 -2.3368
vt 0.1557 0.8041
vn 0.8081 0.0000 -0.5891
f 1030/1030/1030 1031/1031/1031 1032/1032/1032 1033/1033/1033
v 0.8845 0.7560 -2.3368
vt 0.2071 0.8041
vn -0.8081 0.0000 -0.5891
v 0.8845 0.9503 -2.3368
vt 0.2071 0.8384
vn -0.8081 0.0000 -0.5891
v 0.9474 0.9084 -2.4232
vt 0.2020 0.8350
vn -0.8081 0.0000 -0.5891
v 0.9474 0.7980 -2.4232
vt 0.2020 0.8075
vn -0.8081 0.0000 -0.5891
f 1034/1034/1034 1035/1035/1035 1036/1036/1036 1037/1037/1037
v 0.9474 0.7980 -2.4232
vt 0.2020 0.8231
vn 0.0000 0.0000 -1.0000
v 0.9474 0.9084 -2.4232
vt 0.2020 0.8506
vn 0.0000 0.0000 -1.0000
v 1.1130 0.9084 -2.4232
vt 0.1607 0.8506
vn 0.0000 0.0000 -1.0000
v 1.1130 0.7980 -2.4232
vt 0.1607 0.8231
vn 0.0000 0.0000 -1.0000
f 1038/1038/1038 1039/1039/1039 1040/1040/1040 1041/1041/1041
v 1.1760 0.7560 -2.3368
vt 0.1557 0.7885
vn 0.0000 -0.8994 -0.4371
v 0.8845 0.7560 -2.3368
vt 0.2071 0.7885
vn 0.0000 -0.8994 -0.4371
v 0.9474 0.7980 -2.4232
vt 0.2020 0.7919
vn 0.0000 -0.8994 -0.4371
v 1.1130 0.7980 -2.4232
vt 0.1607 0.7919
vn 0.0000 -0.8994 -0.4371
f 1042/1042/1042 1043/1043/1043 1044/1044/1044 1045/1045/1045
v 0.8845 0.9503 -2.3368
vt 0.2071 0.8696
vn 0.0000 0.8994 -0.4371
v 1.1760 0.9503 -2.3368
vt 0.1557 0.8696
vn 0.0000 0.8994 -0.4371
v 1.1130 0.9084 -2.4232
vt 0.1607 0.8662
vn 0.0000 0.8994 -0.4371
v 0.9474 0.9084 -2.4232
vt 0.2020 0.8662
vn 0.0000 0.8994 -0.4371
f 1046/1046/1046 1047/1047/1047 1048/1048/1048 1049/1049/1049
v 1.0080 0.9380 -2.4232
vt 0.1607 0.8075
vn 0.8081 0.0000 -0.5891
v 1.0080 1.0484 -2.4232
vt 0.1607 0.8350
vn 0.8081 0.0000 -0.5891
v 1.0710 1.0903 -2.3368
vt 0.1557 0.8384
vn 0.8081 0.0000 -0.5891
v 1.0710 0.8960 -2.3368
vt 0.1557 0.8041
vn 0.8081 0.0000 -0.5891
f 1050/1050/1050 1051/1051/1051 1052/1052/1052 1053/1053/1053
v 0.7795 0.8960 -2.3368
vt 0.2071 0.8041
vn -0.8081 0.0000 -0.5891
v 0.7795 1.0903 -2.3368
vt 0.2071 0.8384
vn -0.8081 0.0000 -0.5891
v 0.8424 1.0484 -2.4232
vt 0.2020 0.8350
vn -0.8081 0.0000 -0.5891
v 0.8424 0.9380 -2.4232
vt 0.2020 0.8075
vn -0.8081 0.0000 -0.5891
f 1054/1054/1054 1055/1055/1055 1056/1056/1056 1057/1057/1057
v 0.8424 0.9380 -2.4232
vt 0.2020 0.8231
vn 0.0000 0.0000 -1.0000
v 0.8424 1.0484 -2.4232
vt 0.2020 0.8506
vn 0.0000 0.0000 -1.0000
v 1.0080 1.0484 -2.4232
vt 0.1607 0.8506
vn 0.0000 0.0000 -1.0000
v 1.0080 0.9380 -2.4232
vt 0.1607 0.8231
vn 0.0000 0.0000 -1.0000
f 1058/1058/1058 1059/1059/1059 1060/1060/1060 1061/1061/1061
v 1.0710 0.8960 -2.3368
vt 0.1557 0.7885
vn 0.0000 -0.8994 -0.4371
v 0.7795 0.8960 -2.3368
vt 0.2071 0.7885
vn 0.0000 -0.8994 -0.4371
v 0.8424 0.9380 -2.4232
vt 0.2020 0.7919
vn 0.0000 -0.8994 -0.4371
v 1.0080 0.9380 -2.4232
vt 0.1607 0.7919
vn 0.0000 -0.8994 -0.4371
f 1062/1062/1062 1063/1063/1063 1064/1064/1064 1065/1065/1065
v 0.7795 1.0903 -2.3368
vt 0.2071 0.8696
vn 0.0000 0.8994 -0.4371
v 1.0710 1.0903 -2.3368
vt 0.1557 0.8696
vn 0.0000 0.8994 -0.4371
v 1.0080 1.0484 -2.4232
vt 0.1607 0.8662
vn 0.0000 0.8994 -0.4371
v 0.8424 1.0484 -2.4232
vt 0.2020 0.8662
vn 0.0000 0.8994 -0.4371
f 1066/1066/1066 1067/1067/1067 1068/1068/1068 1069/1069/1069
v -3.0311 0.0000 1.6263
vt 0.7849 0.8529
vn 0.7071 0.0000 -0.7071
v -3.0311 0.8750 1.6263
vt 0.7849 0.9073
vn 0.7071 0.0000 -0.7071
v -2.9073 0.8750 1.7500
vt 0.7960 0.9073
vn 0.7071 0.0000 -0.7071
v -2.9073 0.0000 1.7500
vt 0.7960 0.8529
vn 0.7071 0.0000 -0.7071
f 1070/1070/1070 1071/1071/1071 1072/1072/1072 1073/1073/1073
v -2.9073 0.0000 1.7500
vt 0.7960 0.8373
vn 0.7071 -0.0000 0.7071
v -2.9073 0.8750 1.7500
vt 0.7960 0.8917
vn 0.7071 -0.0000 0.7071
v -3.0311 0.8750 1.8737
vt 0.7960 0.8914
vn 0.7071 -0.0000 0.7071
v -3.0311 0.0000 1.8737
vt 0.7960 0.8370
vn 0.7071 -0.0000 0.7071
f 1074/1074/1074 1075/1075/1075 1076/1076/1076 1077/1077/1077
v -3.0311 0.0000 1.8737
vt 0.7960 0.8526
vn -0.7071 -0.0000 0.7071
v -3.0311 0.8750 1.8737
vt 0.7960 0.9070
vn -0.7071 -0.0000 0.7071
v -3.1548 0.8750 1.7500
vt 0.7849 0.9070
vn -0.7071 -0.0000 0.7071
v -3.1548 0.0000 1.7500
vt 0.7849 0.8526
vn -0.7071 -0.0000 0.7071
f 1078/1078/1078 1079/1079/1079 1080/1080/1080 1081/1081/1081
v -3.1548 0.0000 1.7500
vt 0.7849 0.8370
vn -0.7071 0.0000 -0.7071
v -3.1548 0.8750 1.7500
vt 0.7849 0.8914
vn -0.7071 0.0000 -0.7071
v -3.0311 0.8750 1.6263
vt 0.7849 0.8917
vn -0.7071 0.0000 -0.7071
v -3.0311 0.0000 1.6263
vt 0.7849 0.8373
vn -0.7071 0.0000 -0.7071
f 1082/1082/1082 1083/1083/1083 1084/1084/1084 1085/1085/1085
v -3.0311 0.8750 1.8737
vt 0.7960 0.9383
vn 0.0000 1.0000 0.0000
v -2.9073 0.8750 1.7500
vt 0.7960 0.9386
vn 0.0000 1.0000 0.0000
v -3.0311 0.8750 1.6263
vt 0.7849 0.9386
vn 0.0000 1.0000 0.0000
v -3.1548 0.8750 1.7500
vt 0.7849 0.9383
vn 0.0000 1.0000 0.0000
f 1086/1086/1086 1087/1087/1087 1088/1088/1088 1089/1089/1089
v -3.0311 0.0000 -1.8737
vt 0.7849 0.8529
vn 0.7071 0.0000 -0.7071
v -3.0311 0.8750 -1.8737
vt 0.7849 0.9073
vn 0.7071 0.0000 -0.7071
v -2.9073 0.8750 -1.7500
vt 0.7960 0.9073
vn 0.7071 0.0000 -0.7071
v -2.9073 0.0000 -1.7500
vt 0.7960 0.8529
vn 0.7071 0.0000 -0.7071
f 1090/1090/1090 1091/1091/1091 1092/1092/1092 1093/1093/1093
v -2.9073 0.0000 -1.7500
vt 0.7960 0.8373
vn 0.7071 -0.0000 0.7071
v -2.9073 0.8750 -1.7500
vt 0.7960 0.8917
vn 0.7071 -0.0000 0.7071
v -3.0311 0.8750 -1.6263
vt 0.7960 0.8914
vn 0.7071 -0.0000 0.7071
v -3.0311 0.0000 -1.6263
vt 0.7960 0.8370
vn 0.7071 -0.0000 0.7071
f 1094/1094/1094 1095/1095/1095 1096/1096/1096 1097/1097/1097
v -3.0311 0.0000 -1.6263
vt 0.7960 0.8526
vn -0.7071 -0.0000 0.7071
v -3.0311 0.8750 -1.6263
vt 0.7960 0.9070
vn -0.7071 -0.0000 0.7071
v -3.1548 0.8750 -1.7500
vt 0.7849 0.9070
vn -0.7071 -0.0000 0.7071
v -3.1548 0.0000 -1.7500
vt 0.7849 0.8526
vn -0.7071 -0.0000 0.7071
f 1098/1098/1098 1099/1099/1099 1100/1100/1100 1101/1101/1101
v -3.1548 0.0000 -1.7500
vt 0.7849 0.8370
vn -0.7071 0.0000 -0.7071
v -3.1548 0.8750 -1.7500
vt 0.7849 0.8914
vn -0.7071 0.0000 -0.7071
v -3.0311 0.8750 -1.8737
vt 0.7849 0.8917
vn -0.7071 0.0000 -0.7071
v -3.0311 0.0000 -1.8737
vt 0.7849 0.8373
vn -0.7071 0.0000 -0.7071
f 1102/1102/1102 1103/1103/1103 1104/1104/1104 1105/1105/1105
v -3.0311 0.8750 -1.6263
vt 0.7960 0.9383
vn 0.0000 1.0000 0.0000
v -2.9073 0.8750 -1.7500
vt 0.7960 0.9386
vn 0.0000 1.0000 0.0000
v -3.0311 0.8750 -1.8737
vt 0.7849 0.9386
vn 0.0000 1.0000 0.0000
v -3.1548 0.8750 -1.7500
vt 0.7849 0.9383
vn 0.0000 1.0000 0.0000
f 1106/1106/1106 1107/1107/1107 1108/1108/1108 1109/1109/1109
v -2.9645 0.5600 -1.7500
vt 0.7849 0.8529
vn 1.0000 0.0000 0.0000
v -2.9645 0.7000 -1.7500
vt 0.7849 0.9073
vn 1.0000 0.0000 0.0000
v -2.9645 0.7000 1.7500
vt 0.7960 0.9073
vn 1.0000 0.0000 0.0000
v -2.9645 0.5600 1.7500
vt 0.7960 0.8529
vn 1.0000 0.0000 0.0000
f 1110/1110/1110 1111/1111/1111 1112/1112/1112 1113/1113/1113
v -3.1045 0.5600 1.7500
vt 0.7960 0.8526
vn -1.0000 0.0000 0.0000
v -3.1045 0.7000 1.7500
vt 0.7960 0.9070
vn -1.0000 0.0000 0.0000
v -3.1045 0.7000 -1.7500
vt 0.7849 0.9070
vn -1.0000 0.0000 0.0000
v -3.1045 0.5600 -1.7500
vt 0.7849 0.8526
vn -1.0000 0.0000 0.0000
f 1114/1114/1114 1115/1115/1115 1116/1116/1116 1117/1117/1117
v -3.1045 0.7000 1.7500
vt 0.7960 0.9383
vn 0.0000 1.0000 0.0000
v -2.9645 0.7000 1.7500
vt 0.7960 0.9386
vn 0.0000 1.0000 0.0000
v -2.9645 0.7000 -1.7500
vt 0.7849 0.9386
vn 0.0000 1.0000 0.0000
v -3.1045 0.7000 -1.7500
vt 0.7849 0.9383
vn 0.0000 1.0000 0.0000
f 1118/1118/1118 1119/1119/1119 1120/1120/1120 1121/1121/1121
v -2.9645 0.5600 -1.7500
vt 0.7849 0.8373
vn -0.0000 -1.0000 0.0000
v -2.9645 0.5600 1.7500
vt 0.7960 0.8373
vn -0.0000 -1.0000 0.0000
v -3.1045 0.5600 1.7500
vt 0.7960 0.8526
vn -0.0000 -1.0000 0.0000
v -3.1045 0.5600 -1.7500
vt 0.7849 0.8370
vn -0.0000 -1.0000 0.0000
f 1122/1122/1122 1123/1123/1123 1124/1124/1124 1125/1125/1125
v -2.9645 0.2100 -1.7500
vt 0.7849 0.8529
vn 1.0000 0.0000 0.0000
v -2.9645 0.3500 -1.7500
vt 0.7849 0.9073
vn 1.0000 0.0000 0.0000
v -2.9645 0.3500 1.7500
vt 0.7960 0.9073
vn 1.0000 0.0000 0.0000
v -2.9645 0.2100 1.7500
vt 0.7960 0.8529
vn 1.0000 0.0000 0.0000
f 1126/1126/1126 1127/1127/1127 1128/1128/1128 1129/1129/1129
v -3.1045 0.2100 1.7500
vt 0.7960 0.8526
vn -1.0000 0.0000 0.0000
v -3.1045 0.3500 1.7500
vt 0.7960 0.9070
vn -1.0000 0.0000 0.0000
v -3.1045 0.3500 -1.7500
vt 0.7849 0.9070
vn -1.0000 0.0000 0.0000
v -3.1045 0.2100 -1.7500
vt 0.7849 0.8526
vn -1.0000 0.0000 0.0000
f 1130/1130/1130 1131/1131/1131 1132/1132/1132 1133/1133/1133
v -3.1045 0.3500 1.7500
vt 0.7960 0.9383
vn 0.0000 1.0000 0.0000
v -2.9645 0.3500 1.7500
vt 0.7960 0.9386
vn 0.0000 1.0000 0.0000
v -2.9645 0.3500 -1.7500
vt 0.7849 0.9386
vn 0.0000 1.0000 0.0000
v -3.1045 0.3500 -1.7500
vt 0.7849 0.9383
vn 0.0000 1.0000 0.0000
f 1134/1134/1134 1135/1135/1135 1136/1136/1136 1137/1137/1137
v -2.9645 0.2100 -1.7500
vt 0.7849 0.8373
vn -0.0000 -1.0000 0.0000
v -2.9645 0.2100 1.7500
vt 0.7960 0.8373
vn -0.0000 -1.0000 0.0000
v -3.1045 0.2100 1.7500
vt 0.7960 0.8526
vn -0.0000 -1.0000 0.0000
v -3.1045 0.2100 -1.7500
vt 0.7849 0.8370
vn -0.0000 -1.0000 0.0000
f 1138/1138/1138 1139/1139/1139 1140/1140/1140 1141/1141/1141
v -0.1897 0.3401 0.8550
vt 0.4617 0.6453
vn 0.1320 0.9912 -0.0025
v -0.0407 0.3155 0.8463
vt 0.4624 0.6420
vn 0.1578 0.9834 0.0890
v -0.0407 0.3387 0.7683
vt 0.4804 0.6418
vn 0.0855 0.9876 0.1313
v -0.1897 0.3387 0.7683
vt 0.4804 0.6418
vn 0.0710 0.9974 0.0109
f 1142/1142/1142 1143/1143/1143 1144/1144/1144 1145/1145/1145
v -0.1897 0.2172 1.3472
vt 0.3906 0.6418
vn 0.0606 0.9581 0.2801
v -0.0407 0.2172 1.3472
vt 0.3906 0.6418
vn 0.0246 0.9755 0.2185
v -0.0407 0.2415 1.2219
vt 0.4086 0.6418
vn 0.0679 0.9489 0.3081
v -0.1897 0.2487 1.2230
vt 0.4086 0.6428
vn 0.0965 0.9323 0.3485
f 1146/1146/1146 1147/1147/1147 1148/1148/1148 1149/1149/1149
v -0.1897 0.2487 1.2230
vt 0.4086 0.6428
vn 0.0965 0.9323 0.3485
v -0.0407 0.2415 1.2219
vt 0.4086 0.6418
vn 0.0679 0.9489 0.3081
v -0.0407 0.2841 1.0997
vt 0.4265 0.6420
vn 0.1769 0.9382 0.2974
v -0.1897 0.3087 1.1084
vt 0.4258 0.6453
vn 0.1690 0.9249 0.3405
f 1150/1150/1150 1151/1151/1151 1152/1152/1152 1153/1153/1153
v -0.1897 0.3087 1.1084
vt 0.4258 0.6453
vn 0.1690 0.9249 0.3405
v -0.0407 0.2841 1.0997
vt 0.4265 0.6420
vn 0.1769 0.9382 0.2974
v -0.0407 0.2991 0.9744
vt 0.4442 0.6431
vn 0.2356 0.9646 0.1185
v -0.1897 0.3443 0.9904
vt 0.4430 0.6492
vn 0.1983 0.9722 0.1243
f 1154/1154/1154 1155/1155/1155 1156/1156/1156 1157/1157/1157
v -0.1897 0.3443 0.9904
vt 0.4430 0.6492
vn 0.1983 0.9722 0.1243
v -0.0407 0.2991 0.9744
vt 0.4442 0.6431
vn 0.2356 0.9646 0.1185
v -0.0407 0.3155 0.8463
vt 0.4624 0.6420
vn 0.1578 0.9834 0.0890
v -0.1897 0.3401 0.8550
vt 0.4617 0.6453
vn 0.1320 0.9912 -0.0025
f 1158/1158/1158 1159/1159/1159 1160/1160/1160 1161/1161/1161
v -0.6137 0.2991 0.9744
vt 0.4442 0.6431
vn -0.2787 0.9432 0.1811
v -0.4877 0.3443 0.9904
vt 0.4430 0.6492
vn -0.2334 0.9569 0.1730
v -0.4877 0.3401 0.8550
vt 0.4617 0.6453
vn -0.1464 0.9892 -0.0028
v -0.6137 0.3155 0.8463
vt 0.4624 0.6420
vn -0.1850 0.9787 0.0889
f 1162/1162/1162 1163/1163/1163 1164/1164/1164 1165/1165/1165
v -0.4877 0.3443 0.9904
vt 0.4430 0.6492
vn -0.2334 0.9569 0.1730
v -0.3387 0.3732 1.0007
vt 0.4422 0.6999
vn -0.0142 0.9882 0.1528
v -0.3387 0.3573 0.8611
vt 0.4613 0.6476
vn -0.0000 0.9959 -0.0908
v -0.4877 0.3401 0.8550
vt 0.4617 0.6453
vn -0.1464 0.9892 -0.0028
f 1166/1166/1166 1167/1167/1167 1168/1168/1168 1169/1169/1169
v -0.3387 0.3732 1.0007
vt 0.4422 0.6999
vn -0.0142 0.9882 0.1528
v -0.1897 0.3443 0.9904
vt 0.4430 0.6492
vn 0.1983 0.9722 0.1243
v -0.1897 0.3401 0.8550
vt 0.4617 0.6453
vn 0.1320 0.9912 -0.0025
v -0.3387 0.3573 0.8611
vt 0.4613 0.6476
vn -0.0000 0.9959 -0.0908
f 1170/1170/1170 1171/1171/1171 1172/1172/1172 1173/1173/1173
v -0.6137 0.2668 1.0969
vt 0.4265 0.6420
vn -0.2083 0.9318 0.2973
v -0.4877 0.2915 1.1057
vt 0.4258 0.6453
vn -0.2119 0.9172 0.3375
v -0.4877 0.3443 0.9904
vt 0.4430 0.6492
vn -0.2334 0.9569 0.1730
v -0.6137 0.2991 0.9744
vt 0.4442 0.6431
vn -0.2787 0.9432 0.1811
f 1174/1174/1174 1175/1175/1175 1176/1176/1176 1177/1177/1177
v -0.4877 0.2915 1.1057
vt 0.4258 0.6453
vn -0.2119 0.9172 0.3375
v -0.3387 0.3278 1.1148
vt 0.4254 0.6479
vn -0.0277 0.9220 0.3862
v -0.3387 0.3732 1.0007
vt 0.4422 0.6999
vn -0.0142 0.9882 0.1528
v -0.4877 0.3443 0.9904
vt 0.4430 0.6492
vn -0.2334 0.9569 0.1730
f 1178/1178/1178 1179/1179/1179 1180/1180/1180 1181/1181/1181
v -0.3387 0.3278 1.1148
vt 0.4254 0.6479
vn -0.0277 0.9220 0.3862
v -0.1897 0.3087 1.1084
vt 0.4258 0.6453
vn 0.1690 0.9249 0.3405
v -0.1897 0.3443 0.9904
vt 0.4430 0.6492
vn 0.1983 0.9722 0.1243
v -0.3387 0.3732 1.0007
vt 0.4422 0.6999
vn -0.0142 0.9882 0.1528
f 1182/1182/1182 1183/1183/1183 1184/1184/1184 1185/1185/1185
v -0.6137 0.2415 1.2219
vt 0.4086 0.6418
vn -0.0802 0.9665 0.2437
v -0.4877 0.2487 1.2230
vt 0.4086 0.6428
vn -0.1168 0.9466 0.3006
v -0.4877 0.2915 1.1057
vt 0.4258 0.6453
vn -0.2119 0.9172 0.3375
v -0.6137 0.2668 1.0969
vt 0.4265 0.6420
vn -0.2083 0.9318 0.2973
f 1186/1186/1186 1187/1187/1187 1188/1188/1188 1189/1189/1189
v -0.4877 0.2487 1.2230
vt 0.4086 0.6428
vn -0.1168 0.9466 0.3006
v -0.3387 0.2761 1.2274
vt 0.4086 0.6463
vn -0.0147 0.9259 0.3775
v -0.3387 0.3278 1.1148
vt 0.4254 0.6479
vn -0.0277 0.9220 0.3862
v -0.4877 0.2915 1.1057
vt 0.4258 0.6453
vn -0.2119 0.9172 0.3375
f 1190/1190/1190 1191/1191/1191 1192/1192/1192 1193/1193/1193
v -0.3387 0.2761 1.2274
vt 0.4086 0.6463
vn -0.0147 0.9259 0.3775
v -0.1897 0.2487 1.2230
vt 0.4086 0.6428
vn 0.0965 0.9323 0.3485
v -0.1897 0.3087 1.1084
vt 0.4258 0.6453
vn 0.1690 0.9249 0.3405
v -0.3387 0.3278 1.1148
vt 0.4254 0.6479
vn -0.0277 0.9220 0.3862
f 1194/1194/1194 1195/1195/1195 1196/1196/1196 1197/1197/1197
v -0.6137 0.2172 1.3472
vt 0.3906 0.6418
vn -0.0291 0.9754 0.2185
v -0.4877 0.2172 1.3472
vt 0.3906 0.6418
vn -0.0629 0.9579 0.2800
v -0.4877 0.2487 1.2230
vt 0.4086 0.6428
vn -0.1168 0.9466 0.3006
v -0.6137 0.2415 1.2219
vt 0.4086 0.6418
vn -0.0802 0.9665 0.2437
f 1198/1198/1198 1199/1199/1199 1200/1200/1200 1201/1201/1201
v -0.4877 0.2172 1.3472
vt 0.3906 0.6418
vn -0.0629 0.9579 0.2800
v -0.3387 0.2188 1.3474
vt 0.3906 0.6421
vn 0.0000 0.9398 0.3417
v -0.3387 0.2761 1.2274
vt 0.4086 0.6463
vn -0.0147 0.9259 0.3775
v -0.4877 0.2487 1.2230
vt 0.4086 0.6428
vn -0.1168 0.9466 0.3006
f 1202/1202/1202 1203/1203/1203 1204/1204/1204 1205/1205/1205
v -0.3387 0.2188 1.3474
vt 0.3906 0.6421
vn 0.0000 0.9398 0.3417
v -0.1897 0.2172 1.3472
vt 0.3906 0.6418
vn 0.0606 0.9581 0.2801
v -0.1897 0.2487 1.2230
vt 0.4086 0.6428
vn 0.0965 0.9323 0.3485
v -0.3387 0.2761 1.2274
vt 0.4086 0.6463
vn -0.0147 0.9259 0.3775
f 1206/1206/1206 1207/1207/1207 1208/1208/1208 1209/1209/1209
v -0.6137 0.3155 0.8463
vt 0.4624 0.6420
vn -0.1850 0.9787 0.0889
v -0.4877 0.3401 0.8550
vt 0.4617 0.6453
vn -0.1464 0.9892 -0.0028
v -0.4877 0.3387 0.7683
vt 0.4804 0.6418
vn -0.0788 0.9968 0.0108
v -0.6137 0.3387 0.7683
vt 0.4804 0.6418
vn -0.1008 0.9862 0.1312
f 1210/1210/1210 1211/1211/1211 1212/1212/1212 1213/1213/1213
v -0.4877 0.3401 0.8550
vt 0.4617 0.6453
vn -0.1464 0.9892 -0.0028
v -0.3387 0.3573 0.8611
vt 0.4613 0.6476
vn -0.0000 0.9959 -0.0908
v -0.3387 0.3388 0.7684
vt 0.4804 0.6419
vn -0.0000 0.9939 -0.1099
v -0.4877 0.3387 0.7683
vt 0.4804 0.6418
vn -0.0788 0.9968 0.0108
f 1214/1214/1214 1215/1215/1215 1216/1216/1216 1217/1217/1217
v -0.3387 0.3573 0.8611
vt 0.4613 0.6476
vn -0.0000 0.9959 -0.0908
v -0.1897 0.3401 0.8550
vt 0.4617 0.6453
vn 0.1320 0.9912 -0.0025
v -0.1897 0.3387 0.7683
vt 0.4804 0.6418
vn 0.0710 0.9974 0.0109
v -0.3387 0.3388 0.7684
vt 0.4804 0.6419
vn -0.0000 0.9939 -0.1099
f 1218/1218/1218 1219/1219/1219 1220/1220/1220 1221/1221/1221
v -0.2410 0.2695 1.1863
vt 0.4217 0.6295
vn 0.9172 -0.3970 0.0333
v -0.2424 0.3021 1.2213
vt 0.4306 0.6326
vn 0.9010 -0.0247 0.4331
v -0.2639 0.2526 1.2247
vt 0.4183 0.6326
vn 0.6548 -0.5903 0.4721
f 1222/1222/1222 1223/1223/1223 1224/1224/1224
v -0.2673 0.3353 1.2450
vt 0.4368 0.6411
vn 0.6157 0.3550 0.7035
v -0.2424 0.3021 1.2213
vt 0.4306 0.6326
vn 0.9010 -0.0247 0.4331
v -0.2509 0.3524 1.2034
vt 0.4395 0.6394
vn 0.8031 0.5503 0.2287
f 1225/1225/1225 1226/1226/1226 1227/1227/1227
v -0.2410 0.2695 1.1863
vt 0.4217 0.6295
vn 0.9172 -0.3970 0.0333
v -0.2639 0.2526 1.2247
vt 0.4183 0.6326
vn 0.6548 -0.5903 0.4721
v -0.2703 0.2336 1.1745
vt 0.4107 0.6326
vn 0.5819 -0.8068 -0.1022
f 1228/1228/1228 1229/1229/1229 1230/1230/1230
v -0.2410 0.2695 1.1863
vt 0.4217 0.6295
vn 0.9172 -0.3970 0.0333
v -0.2703 0.2336 1.1745
vt 0.4107 0.6326
vn 0.5819 -0.8068 -0.1022
v -0.2527 0.2714 1.1400
vt 0.4183 0.6326
vn 0.7831 -0.3751 -0.4960
f 1231/1231/1231 1232/1232/1232 1233/1233/1233
v -0.2410 0.2695 1.1863
vt 0.4217 0.6295
vn 0.9172 -0.3970 0.0333
v -0.2527 0.2714 1.1400
vt 0.4183 0.6326
vn 0.7831 -0.3751 -0.4960
v -0.2354 0.3137 1.1690
vt 0.4306 0.6326
vn 0.9803 0.1083 -0.1652
f 1234/1234/1234 1235/1235/1235 1236/1236/1236
v -0.2673 0.3353 1.2450
vt 0.4368 0.6411
vn 0.6157 0.3550 0.7035
v -0.2509 0.3524 1.2034
vt 0.4395 0.6394
vn 0.8031 0.5503 0.2287
v -0.2933 0.3727 1.2303
vt 0.4416 0.6504
vn 0.3191 0.7821 0.5353
f 1237/1237/1237 1238/1238/1238 1239/1239/1239
v -0.3040 0.2511 1.2508
vt 0.4159 0.6411
vn 0.1968 -0.6072 0.7698
v -0.2794 0.2913 1.2592
vt 0.4272 0.6394
vn 0.4776 -0.1483 0.8660
v -0.3324 0.2854 1.2681
vt 0.4217 0.6504
vn -0.1283 -0.2152 0.9681
f 1240/1240/1240 1241/1241/1241 1242/1242/1242
v -0.3148 0.2189 1.1653
vt 0.4030 0.6411
vn 0.0728 -0.9756 -0.2072
v -0.3073 0.2228 1.2124
vt 0.4073 0.6394
vn 0.1585 -0.9303 0.3307
v -0.3561 0.2242 1.1889
vt 0.4018 0.6504
vn -0.3984 -0.9151 0.0630
f 1243/1243/1243 1244/1244/1244 1245/1245/1245
v -0.2849 0.2831 1.1067
vt 0.4159 0.6411
vn 0.4151 -0.2411 -0.8773
v -0.2961 0.2417 1.1277
vt 0.4073 0.6394
vn 0.2868 -0.7152 -0.6374
v -0.3315 0.2736 1.1021
vt 0.4094 0.6504
vn -0.1179 -0.3504 -0.9292
f 1246/1246/1246 1247/1247/1247 1248/1248/1248
v -0.2555 0.3551 1.1559
vt 0.4368 0.6411
vn 0.7506 0.5812 -0.3144
v -0.2613 0.3217 1.1221
vt 0.4272 0.6394
vn 0.6852 0.1999 -0.7004
v -0.2927 0.3654 1.1277
vt 0.4340 0.6504
vn 0.3255 0.6985 -0.6373
f 1249/1249/1249 1250/1250/1250 1251/1251/1251
v -0.2673 0.3353 1.2450
vt 0.4368 0.6411
vn 0.6157 0.3550 0.7035
v -0.2933 0.3727 1.2303
vt 0.4416 0.6504
vn 0.3191 0.7821 0.5353
v -0.3109 0.3349 1.2647
vt 0.4340 0.6504
vn 0.1179 0.3504 0.9292
f 1252/1252/1252 1253/1253/1253 1254/1254/1254
v -0.3040 0.2511 1.2508
vt 0.4159 0.6411
vn 0.1968 -0.6072 0.7698
v -0.3324 0.2854 1.2681
vt 0.4217 0.6504
vn -0.1283 -0.2152 0.9681
v -0.3497 0.2431 1.2392
vt 0.4094 0.6504
vn -0.3255 -0.6985 0.6373
f 1255/1255/1255 1256/1256/1256 1257/1257/1257
v -0.3148 0.2189 1.1653
vt 0.4030 0.6411
vn 0.0728 -0.9756 -0.2072
v -0.3561 0.2242 1.1889
vt 0.4018 0.6504
vn -0.3984 -0.9151 0.0630
v -0.3491 0.2358 1.1366
vt 0.4018 0.6504
vn -0.3191 -0.7821 -0.5353
f 1258/1258/1258 1259/1259/1259 1260/1260/1260
v -0.2849 0.2831 1.1067
vt 0.4159 0.6411
vn 0.4151 -0.2411 -0.8773
v -0.3315 0.2736 1.1021
vt 0.4094 0.6504
vn -0.1179 -0.3504 -0.9292
v -0.3100 0.3231 1.0987
vt 0.4217 0.6504
vn 0.1283 0.2152 -0.9681
f 1261/1261/1261 1262/1262/1262 1263/1263/1263
v -0.2555 0.3551 1.1559
vt 0.4368 0.6411
vn 0.7506 0.5812 -0.3144
v -0.2927 0.3654 1.1277
vt 0.4340 0.6504
vn 0.3255 0.6985 -0.6373
v -0.2863 0.3843 1.1779
vt 0.4416 0.6504
vn 0.3984 0.9151 -0.0630
f 1264/1264/1264 1265/1265/1265 1266/1266/1266
v -0.3575 0.3253 1.2602
vt 0.4275 0.6598
vn -0.4151 0.2411 0.8773
v -0.3463 0.3668 1.2392
vt 0.4361 0.6614
vn -0.2868 0.7152 0.6374
v -0.3897 0.3371 1.2268
vt 0.4251 0.6682
vn -0.7831 0.3751 0.4960
f 1267/1267/1267 1268/1268/1268 1269/1269/1269
v -0.3869 0.2534 1.2109
vt 0.4065 0.6598
vn -0.7506 -0.5812 0.3144
v -0.3812 0.2868 1.2447
vt 0.4162 0.6614
vn -0.6852 -0.1999 0.7004
v -0.4070 0.2948 1.1979
vt 0.4128 0.6682
vn -0.9803 -0.1083 0.1652
f 1270/1270/1270 1271/1271/1271 1272/1272/1272
v -0.3751 0.2732 1.1219
vt 0.4065 0.6598
vn -0.6157 -0.3550 -0.7035
v -0.3915 0.2561 1.1634
vt 0.4039 0.6614
vn -0.8031 -0.5503 -0.2287
v -0.4000 0.3064 1.1455
vt 0.4128 0.6682
vn -0.9010 0.0247 -0.4331
f 1273/1273/1273 1274/1274/1274 1275/1275/1275
v -0.3384 0.3574 1.1161
vt 0.4275 0.6598
vn -0.1968 0.6072 -0.7698
v -0.3630 0.3172 1.1077
vt 0.4162 0.6614
vn -0.4776 0.1483 -0.8660
v -0.3785 0.3559 1.1421
vt 0.4251 0.6682
vn -0.6548 0.5903 -0.4721
f 1276/1276/1276 1277/1277/1277 1278/1278/1278
v -0.3276 0.3896 1.2016
vt 0.4404 0.6598
vn -0.0728 0.9756 0.2072
v -0.3351 0.3856 1.1545
vt 0.4361 0.6614
vn -0.1585 0.9303 -0.3307
v -0.3721 0.3748 1.1924
vt 0.4327 0.6682
vn -0.5819 0.8068 0.1022
f 1279/1279/1279 1280/1280/1280 1281/1281/1281
v -0.3721 0.3748 1.1924
vt 0.4327 0.6682
vn -0.5819 0.8068 0.1022
v -0.3785 0.3559 1.1421
vt 0.4251 0.6682
vn -0.6548 0.5903 -0.4721
v -0.4015 0.3390 1.1805
vt 0.4217 0.6713
vn -0.9172 0.3970 -0.0333
f 1282/1282/1282 1283/1283/1283 1284/1284/1284
v -0.3721 0.3748 1.1924
vt 0.4327 0.6682
vn -0.5819 0.8068 0.1022
v -0.3351 0.3856 1.1545
vt 0.4361 0.6614
vn -0.1585 0.9303 -0.3307
v -0.3785 0.3559 1.1421
vt 0.4251 0.6682
vn -0.6548 0.5903 -0.4721
f 1285/1285/1285 1286/1286/1286 1287/1287/1287
v -0.3351 0.3856 1.1545
vt 0.4361 0.6614
vn -0.1585 0.9303 -0.3307
v -0.3384 0.3574 1.1161
vt 0.4275 0.6598
vn -0.1968 0.6072 -0.7698
v -0.3785 0.3559 1.1421
vt 0.4251 0.6682
vn -0.6548 0.5903 -0.4721
f 1288/1288/1288 1289/1289/1289 1290/1290/1290
v -0.3785 0.3559 1.1421
vt 0.4251 0.6682
vn -0.6548 0.5903 -0.4721
v -0.4000 0.3064 1.1455
vt 0.4128 0.6682
vn -0.9010 0.0247 -0.4331
v -0.4015 0.3390 1.1805
vt 0.4217 0.6713
vn -0.9172 0.3970 -0.0333
f 1291/1291/1291 1292/1292/1292 1293/1293/1293
v -0.3785 0.3559 1.1421
vt 0.4251 0.6682
vn -0.6548 0.5903 -0.4721
v -0.3630 0.3172 1.1077
vt 0.4162 0.6614
vn -0.4776 0.1483 -0.8660
v -0.4000 0.3064 1.1455
vt 0.4128 0.6682
vn -0.9010 0.0247 -0.4331
f 1294/1294/1294 1295/1295/1295 1296/1296/1296
v -0.3630 0.3172 1.1077
vt 0.4162 0.6614
vn -0.4776 0.1483 -0.8660
v -0.3751 0.2732 1.1219
vt 0.4065 0.6598
vn -0.6157 -0.3550 -0.7035
v -0.4000 0.3064 1.1455
vt 0.4128 0.6682
vn -0.9010 0.0247 -0.4331
f 1297/1297/1297 1298/1298/1298 1299/1299/1299
v -0.4000 0.3064 1.1455
vt 0.4128 0.6682
vn -0.9010 0.0247 -0.4331
v -0.4070 0.2948 1.1979
vt 0.4128 0.6682
vn -0.9803 -0.1083 0.1652
v -0.4015 0.3390 1.1805
vt 0.4217 0.6713
vn -0.9172 0.3970 -0.0333
f 1300/1300/1300 1301/1301/1301 1302/1302/1302
v -0.4000 0.3064 1.1455
vt 0.4128 0.6682
vn -0.9010 0.0247 -0.4331
v -0.3915 0.2561 1.1634
vt 0.4039 0.6614
vn -0.8031 -0.5503 -0.2287
v -0.4070 0.2948 1.1979
vt 0.4128 0.6682
vn -0.9803 -0.1083 0.1652
f 1303/1303/1303 1304/1304/1304 1305/1305/1305
v -0.3915 0.2561 1.1634
vt 0.4039 0.6614
vn -0.8031 -0.5503 -0.2287
v -0.3869 0.2534 1.2109
vt 0.4065 0.6598
vn -0.7506 -0.5812 0.3144
v -0.4070 0.2948 1.1979
vt 0.4128 0.6682
vn -0.9803 -0.1083 0.1652
f 1306/1306/1306 1307/1307/1307 1308/1308/1308
v -0.4070 0.2948 1.1979
vt 0.4128 0.6682
vn -0.9803 -0.1083 0.1652
v -0.3897 0.3371 1.2268
vt 0.4251 0.6682
vn -0.7831 0.3751 0.4960
v -0.4015 0.3390 1.1805
vt 0.4217 0.6713
vn -0.9172 0.3970 -0.0333
f 1309/1309/1309 1310/1310/1310 1311/1311/1311
v -0.4070 0.2948 1.1979
vt 0.4128 0.6682
vn -0.9803 -0.1083 0.1652
v -0.3812 0.2868 1.2447
vt 0.4162 0.6614
vn -0.6852 -0.1999 0.7004
v -0.3897 0.3371 1.2268
vt 0.4251 0.6682
vn -0.7831 0.3751 0.4960
f 1312/1312/1312 1313/1313/1313 1314/1314/1314
v -0.3812 0.2868 1.2447
vt 0.4162 0.6614
vn -0.6852 -0.1999 0.7004
v -0.3575 0.3253 1.2602
vt 0.4275 0.6598
vn -0.4151 0.2411 0.8773
v -0.3897 0.3371 1.2268
vt 0.4251 0.6682
vn -0.7831 0.3751 0.4960
f 1315/1315/1315 1316/1316/1316 1317/1317/1317
v -0.3897 0.3371 1.2268
vt 0.4251 0.6682
vn -0.7831 0.3751 0.4960
v -0.3721 0.3748 1.1924
vt 0.4327 0.6682
vn -0.5819 0.8068 0.1022
v -0.4015 0.3390 1.1805
vt 0.4217 0.6713
vn -0.9172 0.3970 -0.0333
f 1318/1318/1318 1319/1319/1319 1320/1320/1320
v -0.3897 0.3371 1.2268
vt 0.4251 0.6682
vn -0.7831 0.3751 0.4960
v -0.3463 0.3668 1.2392
vt 0.4361 0.6614
vn -0.2868 0.7152 0.6374
v -0.3721 0.3748 1.1924
vt 0.4327 0.6682
vn -0.5819 0.8068 0.1022
f 1321/1321/1321 1322/1322/1322 1323/1323/1323
v -0.3463 0.3668 1.2392
vt 0.4361 0.6614
vn -0.2868 0.7152 0.6374
v -0.3276 0.3896 1.2016
vt 0.4404 0.6598
vn -0.0728 0.9756 0.2072
v -0.3721 0.3748 1.1924
vt 0.4327 0.6682
vn -0.5819 0.8068 0.1022
f 1324/1324/1324 1325/1325/1325 1326/1326/1326
v -0.2863 0.3843 1.1779
vt 0.4416 0.6504
vn 0.3984 0.9151 -0.0630
v -0.3351 0.3856 1.1545
vt 0.4361 0.6614
vn -0.1585 0.9303 -0.3307
v -0.3276 0.3896 1.2016
vt 0.4404 0.6598
vn -0.0728 0.9756 0.2072
f 1327/1327/1327 1328/1328/1328 1329/1329/1329
v -0.2863 0.3843 1.1779
vt 0.4416 0.6504
vn 0.3984 0.9151 -0.0630
v -0.2927 0.3654 1.1277
vt 0.4340 0.6504
vn 0.3255 0.6985 -0.6373
v -0.3351 0.3856 1.1545
vt 0.4361 0.6614
vn -0.1585 0.9303 -0.3307
f 1330/1330/1330 1331/1331/1331 1332/1332/1332
v -0.2927 0.3654 1.1277
vt 0.4340 0.6504
vn 0.3255 0.6985 -0.6373
v -0.3384 0.3574 1.1161
vt 0.4275 0.6598
vn -0.1968 0.6072 -0.7698
v -0.3351 0.3856 1.1545
vt 0.4361 0.6614
vn -0.1585 0.9303 -0.3307
f 1333/1333/1333 1334/1334/1334 1335/1335/1335
v -0.3100 0.3231 1.0987
vt 0.4217 0.6504
vn 0.1283 0.2152 -0.9681
v -0.3630 0.3172 1.1077
vt 0.4162 0.6614
vn -0.4776 0.1483 -0.8660
v -0.3384 0.3574 1.1161
vt 0.4275 0.6598
vn -0.1968 0.6072 -0.7698
f 1336/1336/1336 1337/1337/1337 1338/1338/1338
v -0.3100 0.3231 1.0987
vt 0.4217 0.6504
vn 0.1283 0.2152 -0.9681
v -0.3315 0.2736 1.1021
vt 0.4094 0.6504
vn -0.1179 -0.3504 -0.9292
v -0.3630 0.3172 1.1077
vt 0.4162 0.6614
vn -0.4776 0.1483 -0.8660
f 1339/1339/1339 1340/1340/1340 1341/1341/1341
v -0.3315 0.2736 1.1021
vt 0.4094 0.6504
vn -0.1179 -0.3504 -0.9292
v -0.3751 0.2732 1.1219
vt 0.4065 0.6598
vn -0.6157 -0.3550 -0.7035
v -0.3630 0.3172 1.1077
vt 0.4162 0.6614
vn -0.4776 0.1483 -0.8660
f 1342/1342/1342 1343/1343/1343 1344/1344/1344
v -0.3491 0.2358 1.1366
vt 0.4018 0.6504
vn -0.3191 -0.7821 -0.5353
v -0.3915 0.2561 1.1634
vt 0.4039 0.6614
vn -0.8031 -0.5503 -0.2287
v -0.3751 0.2732 1.1219
vt 0.4065 0.6598
vn -0.6157 -0.3550 -0.7035
f 1345/1345/1345 1346/1346/1346 1347/1347/1347
v -0.3491 0.2358 1.1366
vt 0.4018 0.6504
vn -0.3191 -0.7821 -0.5353
v -0.3561 0.2242 1.1889
vt 0.4018 0.6504
vn -0.3984 -0.9151 0.0630
v -0.3915 0.2561 1.1634
vt 0.4039 0.6614
vn -0.8031 -0.5503 -0.2287
f 1348/1348/1348 1349/1349/1349 1350/1350/1350
v -0.3561 0.2242 1.1889
vt 0.4018 0.6504
vn -0.3984 -0.9151 0.0630
v -0.3869 0.2534 1.2109
vt 0.4065 0.6598
vn -0.7506 -0.5812 0.3144
v -0.3915 0.2561 1.1634
vt 0.4039 0.6614
vn -0.8031 -0.5503 -0.2287
f 1351/1351/1351 1352/1352/1352 1353/1353/1353
v -0.3497 0.2431 1.2392
vt 0.4094 0.6504
vn -0.3255 -0.6985 0.6373
v -0.3812 0.2868 1.2447
vt 0.4162 0.6614
vn -0.6852 -0.1999 0.7004
v -0.3869 0.2534 1.2109
vt 0.4065 0.6598
vn -0.7506 -0.5812 0.3144
f 1354/1354/1354 1355/1355/1355 1356/1356/1356
v -0.3497 0.2431 1.2392
vt 0.4094 0.6504
vn -0.3255 -0.6985 0.6373
v -0.3324 0.2854 1.2681
vt 0.4217 0.6504
vn -0.1283 -0.2152 0.9681
v -0.3812 0.2868 1.2447
vt 0.4162 0.6614
vn -0.6852 -0.1999 0.7004
f 1357/1357/1357 1358/1358/1358 1359/1359/1359
v -0.3324 0.2854 1.2681
vt 0.4217 0.6504
vn -0.1283 -0.2152 0.9681
v -0.3575 0.3253 1.2602
vt 0.4275 0.6598
vn -0.4151 0.2411 0.8773
v -0.3812 0.2868 1.2447
vt 0.4162 0.6614
vn -0.6852 -0.1999 0.7004
f 1360/1360/1360 1361/1361/1361 1362/1362/1362
v -0.3109 0.3349 1.2647
vt 0.4340 0.6504
vn 0.1179 0.3504 0.9292
v -0.3463 0.3668 1.2392
vt 0.4361 0.6614
vn -0.2868 0.7152 0.6374
v -0.3575 0.3253 1.2602
vt 0.4275 0.6598
vn -0.4151 0.2411 0.8773
f 1363/1363/1363 1364/1364/1364 1365/1365/1365
v -0.3109 0.3349 1.2647
vt 0.4340 0.6504
vn 0.1179 0.3504 0.9292
v -0.2933 0.3727 1.2303
vt 0.4416 0.6504
vn 0.3191 0.7821 0.5353
v -0.3463 0.3668 1.2392
vt 0.4361 0.6614
vn -0.2868 0.7152 0.6374
f 1366/1366/1366 1367/1367/1367 1368/1368/1368
v -0.2933 0.3727 1.2303
vt 0.4416 0.6504
vn 0.3191 0.7821 0.5353
v -0.3276 0.3896 1.2016
vt 0.4404 0.6598
vn -0.0728 0.9756 0.2072
v -0.3463 0.3668 1.2392
vt 0.4361 0.6614
vn -0.2868 0.7152 0.6374
f 1369/1369/1369 1370/1370/1370 1371/1371/1371
v -0.2927 0.3654 1.1277
vt 0.4340 0.6504
vn 0.3255 0.6985 -0.6373
v -0.3100 0.3231 1.0987
vt 0.4217 0.6504
vn 0.1283 0.2152 -0.9681
v -0.3384 0.3574 1.1161
vt 0.4275 0.6598
vn -0.1968 0.6072 -0.7698
f 1372/1372/1372 1373/1373/1373 1374/1374/1374
v -0.2927 0.3654 1.1277
vt 0.4340 0.6504
vn 0.3255 0.6985 -0.6373
v -0.2613 0.3217 1.1221
vt 0.4272 0.6394
vn 0.6852 0.1999 -0.7004
v -0.3100 0.3231 1.0987
vt 0.4217 0.6504
vn 0.1283 0.2152 -0.9681
f 1375/1375/1375 1376/1376/1376 1377/1377/1377
v -0.2613 0.3217 1.1221
vt 0.4272 0.6394
vn 0.6852 0.1999 -0.7004
v -0.2849 0.2831 1.1067
vt 0.4159 0.6411
vn 0.4151 -0.2411 -0.8773
v -0.3100 0.3231 1.0987
vt 0.4217 0.6504
vn 0.1283 0.2152 -0.9681
f 1378/1378/1378 1379/1379/1379 1380/1380/1380
v -0.3315 0.2736 1.1021
vt 0.4094 0.6504
vn -0.1179 -0.3504 -0.9292
v -0.3491 0.2358 1.1366
vt 0.4018 0.6504
vn -0.3191 -0.7821 -0.5353
v -0.3751 0.2732 1.1219
vt 0.4065 0.6598
vn -0.6157 -0.3550 -0.7035
f 1381/1381/1381 1382/1382/1382 1383/1383/1383
v -0.3315 0.2736 1.1021
vt 0.4094 0.6504
vn -0.1179 -0.3504 -0.9292
v -0.2961 0.2417 1.1277
vt 0.4073 0.6394
vn 0.2868 -0.7152 -0.6374
v -0.3491 0.2358 1.1366
vt 0.4018 0.6504
vn -0.3191 -0.7821 -0.5353
f 1384/1384/1384 1385/1385/1385 1386/1386/1386
v -0.2961 0.2417 1.1277
vt 0.4073 0.6394
vn 0.2868 -0.7152 -0.6374
v -0.3148 0.2189 1.1653
vt 0.4030 0.6411
vn 0.0728 -0.9756 -0.2072
v -0.3491 0.2358 1.1366
vt 0.4018 0.6504
vn -0.3191 -0.7821 -0.5353
f 1387/1387/1387 1388/1388/1388 1389/1389/1389
v -0.3561 0.2242 1.1889
vt 0.4018 0.6504
vn -0.3984 -0.9151 0.0630
v -0.3497 0.2431 1.2392
vt 0.4094 0.6504
vn -0.3255 -0.6985 0.6373
v -0.3869 0.2534 1.2109
vt 0.4065 0.6598
vn -0.7506 -0.5812 0.3144
f 1390/1390/1390 1391/1391/1391 1392/1392/1392
v -0.3561 0.2242 1.1889
vt 0.4018 0.6504
vn -0.3984 -0.9151 0.0630
v -0.3073 0.2228 1.2124
vt 0.4073 0.6394
vn 0.1585 -0.9303 0.3307
v -0.3497 0.2431 1.2392
vt 0.4094 0.6504
vn -0.3255 -0.6985 0.6373
f 1393/1393/1393 1394/1394/1394 1395/1395/1395
v -0.3073 0.2228 1.2124
vt 0.4073 0.6394
vn 0.1585 -0.9303 0.3307
v -0.3040 0.2511 1.2508
vt 0.4159 0.6411
vn 0.1968 -0.6072 0.7698
v -0.3497 0.2431 1.2392
vt 0.4094 0.6504
vn -0.3255 -0.6985 0.6373
f 1396/1396/1396 1397/1397/1397 1398/1398/1398
v -0.3324 0.2854 1.2681
vt 0.4217 0.6504
vn -0.1283 -0.2152 0.9681
v -0.3109 0.3349 1.2647
vt 0.4340 0.6504
vn 0.1179 0.3504 0.9292
v -0.3575 0.3253 1.2602
vt 0.4275 0.6598
vn -0.4151 0.2411 0.8773
f 1399/1399/1399 1400/1400/1400 1401/1401/1401
v -0.3324 0.2854 1.2681
vt 0.4217 0.6504
vn -0.1283 -0.2152 0.9681
v -0.2794 0.2913 1.2592
vt 0.4272 0.6394
vn 0.4776 -0.1483 0.8660
v -0.3109 0.3349 1.2647
vt 0.4340 0.6504
vn 0.1179 0.3504 0.9292
f 1402/1402/1402 1403/1403/1403 1404/1404/1404
v -0.2794 0.2913 1.2592
vt 0.4272 0.6394
vn 0.4776 -0.1483 0.8660
v -0.2673 0.3353 1.2450
vt 0.4368 0.6411
vn 0.6157 0.3550 0.7035
v -0.3109 0.3349 1.2647
vt 0.4340 0.6504
vn 0.1179 0.3504 0.9292
f 1405/1405/1405 1406/1406/1406 1407/1407/1407
v -0.2933 0.3727 1.2303
vt 0.4416 0.6504
vn 0.3191 0.7821 0.5353
v -0.2863 0.3843 1.1779
vt 0.4416 0.6504
vn 0.3984 0.9151 -0.0630
v -0.3276 0.3896 1.2016
vt 0.4404 0.6598
vn -0.0728 0.9756 0.2072
f 1408/1408/1408 1409/1409/1409 1410/1410/1410
v -0.2933 0.3727 1.2303
vt 0.4416 0.6504
vn 0.3191 0.7821 0.5353
v -0.2509 0.3524 1.2034
vt 0.4395 0.6394
vn 0.8031 0.5503 0.2287
v -0.2863 0.3843 1.1779
vt 0.4416 0.6504
vn 0.3984 0.9151 -0.0630
f 1411/1411/1411 1412/1412/1412 1413/1413/1413
v -0.2509 0.3524 1.2034
vt 0.4395 0.6394
vn 0.8031 0.5503 0.2287
v -0.2555 0.3551 1.1559
vt 0.4368 0.6411
vn 0.7506 0.5812 -0.3144
v -0.2863 0.3843 1.1779
vt 0.4416 0.6504
vn 0.3984 0.9151 -0.0630
f 1414/1414/1414 1415/1415/1415 1416/1416/1416
v -0.2354 0.3137 1.1690
vt 0.4306 0.6326
vn 0.9803 0.1083 -0.1652
v -0.2613 0.3217 1.1221
vt 0.4272 0.6394
vn 0.6852 0.1999 -0.7004
v -0.2555 0.3551 1.1559
vt 0.4368 0.6411
vn 0.7506 0.5812 -0.3144
f 1417/1417/1417 1418/1418/1418 1419/1419/1419
v -0.2354 0.3137 1.1690
vt 0.4306 0.6326
vn 0.9803 0.1083 -0.1652
v -0.2527 0.2714 1.1400
vt 0.4183 0.6326
vn 0.7831 -0.3751 -0.4960
v -0.2613 0.3217 1.1221
vt 0.4272 0.6394
vn 0.6852 0.1999 -0.7004
f 1420/1420/1420 1421/1421/1421 1422/1422/1422
v -0.2527 0.2714 1.1400
vt 0.4183 0.6326
vn 0.7831 -0.3751 -0.4960
v -0.2849 0.2831 1.1067
vt 0.4159 0.6411
vn 0.4151 -0.2411 -0.8773
v -0.2613 0.3217 1.1221
vt 0.4272 0.6394
vn 0.6852 0.1999 -0.7004
f 1423/1423/1423 1424/1424/1424 1425/1425/1425
v -0.2527 0.2714 1.1400
vt 0.4183 0.6326
vn 0.7831 -0.3751 -0.4960
v -0.2961 0.2417 1.1277
vt 0.4073 0.6394
vn 0.2868 -0.7152 -0.6374
v -0.2849 0.2831 1.1067
vt 0.4159 0.6411
vn 0.4151 -0.2411 -0.8773
f 1426/1426/1426 1427/1427/1427 1428/1428/1428
v -0.2527 0.2714 1.1400
vt 0.4183 0.6326
vn 0.7831 -0.3751 -0.4960
v -0.2703 0.2336 1.1745
vt 0.4107 0.6326
vn 0.5819 -0.8068 -0.1022
v -0.2961 0.2417 1.1277
vt 0.4073 0.6394
vn 0.2868 -0.7152 -0.6374
f 1429/1429/1429 1430/1430/1430 1431/1431/1431
v -0.2703 0.2336 1.1745
vt 0.4107 0.6326
vn 0.5819 -0.8068 -0.1022
v -0.3148 0.2189 1.1653
vt 0.4030 0.6411
vn 0.0728 -0.9756 -0.2072
v -0.2961 0.2417 1.1277
vt 0.4073 0.6394
vn 0.2868 -0.7152 -0.6374
f 1432/1432/1432 1433/1433/1433 1434/1434/1434
v -0.2703 0.2336 1.1745
vt 0.4107 0.6326
vn 0.5819 -0.8068 -0.1022
v -0.3073 0.2228 1.2124
vt 0.4073 0.6394
vn 0.1585 -0.9303 0.3307
v -0.3148 0.2189 1.1653
vt 0.4030 0.6411
vn 0.0728 -0.9756 -0.2072
f 1435/1435/1435 1436/1436/1436 1437/1437/1437
v -0.2703 0.2336 1.1745
vt 0.4107 0.6326
vn 0.5819 -0.8068 -0.1022
v -0.2639 0.2526 1.2247
vt 0.4183 0.6326
vn 0.6548 -0.5903 0.4721
v -0.3073 0.2228 1.2124
vt 0.4073 0.6394
vn 0.1585 -0.9303 0.3307
f 1438/1438/1438 1439/1439/1439 1440/1440/1440
v -0.2639 0.2526 1.2247
vt 0.4183 0.6326
vn 0.6548 -0.5903 0.4721
v -0.3040 0.2511 1.2508
vt 0.4159 0.6411
vn 0.1968 -0.6072 0.7698
v -0.3073 0.2228 1.2124
vt 0.4073 0.6394
vn 0.1585 -0.9303 0.3307
f 1441/1441/1441 1442/1442/1442 1443/1443/1443
v -0.2509 0.3524 1.2034
vt 0.4395 0.6394
vn 0.8031 0.5503 0.2287
v -0.2354 0.3137 1.1690
vt 0.4306 0.6326
vn 0.9803 0.1083 -0.1652
v -0.2555 0.3551 1.1559
vt 0.4368 0.6411
vn 0.7506 0.5812 -0.3144
f 1444/1444/1444 1445/1445/1445 1446/1446/1446
v -0.2509 0.3524 1.2034
vt 0.4395 0.6394
vn 0.8031 0.5503 0.2287
v -0.2424 0.3021 1.2213
vt 0.4306 0.6326
vn 0.9010 -0.0247 0.4331
v -0.2354 0.3137 1.1690
vt 0.4306 0.6326
vn 0.9803 0.1083 -0.1652
f 1447/1447/1447 1448/1448/1448 1449/1449/1449
v -0.2424 0.3021 1.2213
vt 0.4306 0.6326
vn 0.9010 -0.0247 0.4331
v -0.2410 0.2695 1.1863
vt 0.4217 0.6295
vn 0.9172 -0.3970 0.0333
v -0.2354 0.3137 1.1690
vt 0.4306 0.6326
vn 0.9803 0.1083 -0.1652
f 1450/1450/1450 1451/1451/1451 1452/1452/1452
v -0.2639 0.2526 1.2247
vt 0.4183 0.6326
vn 0.6548 -0.5903 0.4721
v -0.2794 0.2913 1.2592
vt 0.4272 0.6394
vn 0.4776 -0.1483 0.8660
v -0.3040 0.2511 1.2508
vt 0.4159 0.6411
vn 0.1968 -0.6072 0.7698
f 1453/1453/1453 1454/1454/1454 1455/1455/1455
v -0.2639 0.2526 1.2247
vt 0.4183 0.6326
vn 0.6548 -0.5903 0.4721
v -0.2424 0.3021 1.2213
vt 0.4306 0.6326
vn 0.9010 -0.0247 0.4331
v -0.2794 0.2913 1.2592
vt 0.4272 0.6394
vn 0.4776 -0.1483 0.8660
f 1456/1456/1456 1457/1457/1457 1458/1458/1458
v -0.2424 0.3021 1.2213
vt 0.4306 0.6326
vn 0.9010 -0.0247 0.4331
v -0.2673 0.3353 1.2450
vt 0.4368 0.6411
vn 0.6157 0.3550 0.7035
v -0.2794 0.2913 1.2592
vt 0.4272 0.6394
vn 0.4776 -0.1483 0.8660
f 1459/1459/1459 1460/1460/1460 1461/1461/1461
v -0.1254 0.3036 0.9892
vt 0.4217 0.6295
vn 0.8920 -0.4273 0.1477
v -0.1258 0.3428 1.0166
vt 0.4306 0.6326
vn 0.8876 0.0211 0.4602
v -0.1502 0.2963 1.0295
vt 0.4183 0.6326
vn 0.6086 -0.5103 0.6076
f 1462/1462/1462 1463/1463/1463 1464/1464/1464
v -0.1494 0.3815 1.0319
vt 0.4368 0.6411
vn 0.6181 0.4632 0.6352
v -0.1258 0.3428 1.0166
vt 0.4306 0.6326
vn 0.8876 0.0211 0.4602
v -0.1311 0.3886 0.9883
vt 0.4395 0.6394
vn 0.8275 0.5445 0.1370
f 1465/1465/1465 1466/1466/1466 1467/1467/1467
v -0.1254 0.3036 0.9892
vt 0.4217 0.6295
vn 0.8920 -0.4273 0.1477
v -0.1502 0.2963 1.0295
vt 0.4183 0.6326
vn 0.6086 -0.5103 0.6076
v -0.1565 0.2676 0.9841
vt 0.4107 0.6326
vn 0.5372 -0.8388 0.0889
f 1468/1468/1468 1469/1469/1469 1470/1470/1470
v -0.1254 0.3036 0.9892
vt 0.4217 0.6295
vn 0.8920 -0.4273 0.1477
v -0.1565 0.2676 0.9841
vt 0.4107 0.6326
vn 0.5372 -0.8388 0.0889
v -0.1359 0.2963 0.9431
vt 0.4183 0.6326
vn 0.7720 -0.5103 -0.3790
f 1471/1471/1471 1472/1472/1472 1473/1473/1473
v -0.1254 0.3036 0.9892
vt 0.4217 0.6295
vn 0.8920 -0.4273 0.1477
v -0.1359 0.2963 0.9431
vt 0.4183 0.6326
vn 0.7720 -0.5103 -0.3790
v -0.1170 0.3428 0.9632
vt 0.4306 0.6326
vn 0.9885 0.0211 -0.1496
f 1474/1474/1474 1475/1475/1475 1476/1476/1476
v -0.1494 0.3815 1.0319
vt 0.4368 0.6411
vn 0.6181 0.4632 0.6352
v -0.1311 0.3886 0.9883
vt 0.4395 0.6394
vn 0.8275 0.5445 0.1370
v -0.1728 0.4162 1.0088
vt 0.4416 0.6504
vn 0.3504 0.8599 0.3712
f 1477/1477/1477 1478/1478/1478 1479/1479/1479
v -0.1909 0.3024 1.0538
vt 0.4159 0.6411
vn 0.1435 -0.4410 0.8860
v -0.1643 0.3421 1.0545
vt 0.4272 0.6394
vn 0.4476 0.0130 0.8941
v -0.2178 0.3410 1.0626
vt 0.4217 0.6504
vn -0.1633 0.0000 0.9866
f 1480/1480/1480 1481/1481/1481 1482/1482/1482
v -0.2016 0.2535 0.9766
vt 0.4030 0.6411
vn 0.0219 -0.9998 0.0036
v -0.1950 0.2669 1.0221
vt 0.4073 0.6394
vn 0.0972 -0.8468 0.5229
v -0.2430 0.2658 0.9972
vt 0.4018 0.6504
vn -0.4514 -0.8599 0.2385
f 1483/1483/1483 1484/1484/1484 1485/1485/1485
v -0.1666 0.3024 0.9070
vt 0.4159 0.6411
vn 0.4213 -0.4410 -0.7925
v -0.1807 0.2669 0.9357
vt 0.4073 0.6394
vn 0.2605 -0.8468 -0.4637
v -0.2136 0.2945 0.9029
vt 0.4094 0.6504
vn -0.1156 -0.5314 -0.8392
f 1486/1486/1486 1487/1487/1487 1488/1488/1488
v -0.1344 0.3815 0.9411
vt 0.4368 0.6411
vn 0.7898 0.4632 -0.4021
v -0.1412 0.3421 0.9149
vt 0.4272 0.6394
vn 0.7119 0.0130 -0.7022
v -0.1702 0.3875 0.9101
vt 0.4340 0.6504
vn 0.3799 0.5314 -0.7571
f 1489/1489/1489 1490/1490/1490 1491/1491/1491
v -0.1494 0.3815 1.0319
vt 0.4368 0.6411
vn 0.6181 0.4632 0.6352
v -0.1728 0.4162 1.0088
vt 0.4416 0.6504
vn 0.3504 0.8599 0.3712
v -0.1934 0.3875 1.0497
vt 0.4340 0.6504
vn 0.1156 0.5314 0.8392
f 1492/1492/1492 1493/1493/1493 1494/1494/1494
v -0.1909 0.3024 1.0538
vt 0.4159 0.6411
vn 0.1435 -0.4410 0.8860
v -0.2178 0.3410 1.0626
vt 0.4217 0.6504
vn -0.1633 0.0000 0.9866
v -0.2367 0.2945 1.0426
vt 0.4094 0.6504
vn -0.3799 -0.5314 0.7571
f 1495/1495/1495 1496/1496/1496 1497/1497/1497
v -0.2016 0.2535 0.9766
vt 0.4030 0.6411
vn 0.0219 -0.9998 0.0036
v -0.2430 0.2658 0.9972
vt 0.4018 0.6504
vn -0.4514 -0.8599 0.2385
v -0.2341 0.2658 0.9438
vt 0.4018 0.6504
vn -0.3504 -0.8599 -0.3712
f 1498/1498/1498 1499/1499/1499 1500/1500/1500
v -0.1666 0.3024 0.9070
vt 0.4159 0.6411
vn 0.4213 -0.4410 -0.7925
v -0.2136 0.2945 0.9029
vt 0.4094 0.6504
vn -0.1156 -0.5314 -0.8392
v -0.1892 0.3410 0.8900
vt 0.4217 0.6504
vn 0.1633 -0.0000 -0.9866
f 1501/1501/1501 1502/1502/1502 1503/1503/1503
v -0.1344 0.3815 0.9411
vt 0.4368 0.6411
vn 0.7898 0.4632 -0.4021
v -0.1702 0.3875 0.9101
vt 0.4340 0.6504
vn 0.3799 0.5314 -0.7571
v -0.1640 0.4162 0.9554
vt 0.4416 0.6504
vn 0.4514 0.8599 -0.2385
f 1504/1504/1504 1505/1505/1505 1506/1506/1506
v -0.2403 0.3796 1.0456
vt 0.4275 0.6598
vn -0.4213 0.4410 0.7925
v -0.2263 0.4151 1.0169
vt 0.4361 0.6614
vn -0.2605 0.8468 0.4637
v -0.2710 0.3856 1.0095
vt 0.4251 0.6682
vn -0.7720 0.5103 0.3790
f 1507/1507/1507 1508/1508/1508 1509/1509/1509
v -0.2726 0.3005 1.0115
vt 0.4065 0.6598
vn -0.7898 -0.4632 0.4021
v -0.2658 0.3399 1.0377
vt 0.4162 0.6614
vn -0.7119 -0.0130 0.7022
v -0.2900 0.3391 0.9894
vt 0.4128 0.6682
vn -0.9885 -0.0211 0.1496
f 1510/1510/1510 1511/1511/1511 1512/1512/1512
v -0.2576 0.3005 0.9207
vt 0.4065 0.6598
vn -0.6181 -0.4632 -0.6352
v -0.2759 0.2933 0.9643
vt 0.4039 0.6614
vn -0.8275 -0.5445 -0.1370
v -0.2811 0.3391 0.9360
vt 0.4128 0.6682
vn -0.8876 -0.0211 -0.4602
f 1513/1513/1513 1514/1514/1514 1515/1515/1515
v -0.2160 0.3796 0.8988
vt 0.4275 0.6598
vn -0.1435 0.4410 -0.8860
v -0.2426 0.3399 0.8981
vt 0.4162 0.6614
vn -0.4476 -0.0130 -0.8941
v -0.2567 0.3856 0.9231
vt 0.4251 0.6682
vn -0.6086 0.5103 -0.6076
f 1516/1516/1516 1517/1517/1517 1518/1518/1518
v -0.2054 0.4285 0.9760
vt 0.4404 0.6598
vn -0.0219 0.9998 -0.0036
v -0.2120 0.4151 0.9306
vt 0.4361 0.6614
vn -0.0972 0.8468 -0.5229
v -0.2505 0.4144 0.9685
vt 0.4327 0.6682
vn -0.5372 0.8388 -0.0889
f 1519/1519/1519 1520/1520/1520 1521/1521/1521
v -0.2505 0.4144 0.9685
vt 0.4327 0.6682
vn -0.5372 0.8388 -0.0889
v -0.2567 0.3856 0.9231
vt 0.4251 0.6682
vn -0.6086 0.5103 -0.6076
v -0.2815 0.3784 0.9634
vt 0.4217 0.6713
vn -0.8920 0.4273 -0.1477
f 1522/1522/1522 1523/1523/1523 1524/1524/1524
v -0.2505 0.4144 0.9685
vt 0.4327 0.6682
vn -0.5372 0.8388 -0.0889
v -0.2120 0.4151 0.9306
vt 0.4361 0.6614
vn -0.0972 0.8468 -0.5229
v -0.2567 0.3856 0.9231
vt 0.4251 0.6682
vn -0.6086 0.5103 -0.6076
f 1525/1525/1525 1526/1526/1526 1527/1527/1527
v -0.2120 0.4151 0.9306
vt 0.4361 0.6614
vn -0.0972 0.8468 -0.5229
v -0.2160 0.3796 0.8988
vt 0.4275 0.6598
vn -0.1435 0.4410 -0.8860
v -0.2567 0.3856 0.9231
vt 0.4251 0.6682
vn -0.6086 0.5103 -0.6076
f 1528/1528/1528 1529/1529/1529 1530/1530/1530
v -0.2567 0.3856 0.9231
vt 0.4251 0.6682
vn -0.6086 0.5103 -0.6076
v -0.2811 0.3391 0.9360
vt 0.4128 0.6682
vn -0.8876 -0.0211 -0.4602
v -0.2815 0.3784 0.9634
vt 0.4217 0.6713
vn -0.8920 0.4273 -0.1477
f 1531/1531/1531 1532/1532/1532 1533/1533/1533
v -0.2567 0.3856 0.9231
vt 0.4251 0.6682
vn -0.6086 0.5103 -0.6076
v -0.2426 0.3399 0.8981
vt 0.4162 0.6614
vn -0.4476 -0.0130 -0.8941
v -0.2811 0.3391 0.9360
vt 0.4128 0.6682
vn -0.8876 -0.0211 -0.4602
f 1534/1534/1534 1535/1535/1535 1536/1536/1536
v -0.2426 0.3399 0.8981
vt 0.4162 0.6614
vn -0.4476 -0.0130 -0.8941
v -0.2576 0.3005 0.9207
vt 0.4065 0.6598
vn -0.6181 -0.4632 -0.6352
v -0.2811 0.3391 0.9360
vt 0.4128 0.6682
vn -0.8876 -0.0211 -0.4602
f 1537/1537/1537 1538/1538/1538 1539/1539/1539
v -0.2811 0.3391 0.9360
vt 0.4128 0.6682
vn -0.8876 -0.0211 -0.4602
v -0.2900 0.3391 0.9894
vt 0.4128 0.6682
vn -0.9885 -0.0211 0.1496
v -0.2815 0.3784 0.9634
vt 0.4217 0.6713
vn -0.8920 0.4273 -0.1477
f 1540/1540/1540 1541/1541/1541 1542/1542/1542
v -0.2811 0.3391 0.9360
vt 0.4128 0.6682
vn -0.8876 -0.0211 -0.4602
v -0.2759 0.2933 0.9643
vt 0.4039 0.6614
vn -0.8275 -0.5445 -0.1370
v -0.2900 0.3391 0.9894
vt 0.4128 0.6682
vn -0.9885 -0.0211 0.1496
f 1543/1543/1543 1544/1544/1544 1545/1545/1545
v -0.2759 0.2933 0.9643
vt 0.4039 0.6614
vn -0.8275 -0.5445 -0.1370
v -0.2726 0.3005 1.0115
vt 0.4065 0.6598
vn -0.7898 -0.4632 0.4021
v -0.2900 0.3391 0.9894
vt 0.4128 0.6682
vn -0.9885 -0.0211 0.1496
f 1546/1546/1546 1547/1547/1547 1548/1548/1548
v -0.2900 0.3391 0.9894
vt 0.4128 0.6682
vn -0.9885 -0.0211 0.1496
v -0.2710 0.3856 1.0095
vt 0.4251 0.6682
vn -0.7720 0.5103 0.3790
v -0.2815 0.3784 0.9634
vt 0.4217 0.6713
vn -0.8920 0.4273 -0.1477
f 1549/1549/1549 1550/1550/1550 1551/1551/1551
v -0.2900 0.3391 0.9894
vt 0.4128 0.6682
vn -0.9885 -0.0211 0.1496
v -0.2658 0.3399 1.0377
vt 0.4162 0.6614
vn -0.7119 -0.0130 0.7022
v -0.2710 0.3856 1.0095
vt 0.4251 0.6682
vn -0.7720 0.5103 0.3790
f 1552/1552/1552 1553/1553/1553 1554/1554/1554
v -0.2658 0.3399 1.0377
vt 0.4162 0.6614
vn -0.7119 -0.0130 0.7022
v -0.2403 0.3796 1.0456
vt 0.4275 0.6598
vn -0.4213 0.4410 0.7925
v -0.2710 0.3856 1.0095
vt 0.4251 0.6682
vn -0.7720 0.5103 0.3790
f 1555/1555/1555 1556/1556/1556 1557/1557/1557
v -0.2710 0.3856 1.0095
vt 0.4251 0.6682
vn -0.7720 0.5103 0.3790
v -0.2505 0.4144 0.9685
vt 0.4327 0.6682
vn -0.5372 0.8388 -0.0889
v -0.2815 0.3784 0.9634
vt 0.4217 0.6713
vn -0.8920 0.4273 -0.1477
f 1558/1558/1558 1559/1559/1559 1560/1560/1560
v -0.2710 0.3856 1.0095
vt 0.4251 0.6682
vn -0.7720 0.5103 0.3790
v -0.2263 0.4151 1.0169
vt 0.4361 0.6614
vn -0.2605 0.8468 0.4637
v -0.2505 0.4144 0.9685
vt 0.4327 0.6682
vn -0.5372 0.8388 -0.0889
f 1561/1561/1561 1562/1562/1562 1563/1563/1563
v -0.2263 0.4151 1.0169
vt 0.4361 0.6614
vn -0.2605 0.8468 0.4637
v -0.2054 0.4285 0.9760
vt 0.4404 0.6598
vn -0.0219 0.9998 -0.0036
v -0.2505 0.4144 0.9685
vt 0.4327 0.6682
vn -0.5372 0.8388 -0.0889
f 1564/1564/1564 1565/1565/1565 1566/1566/1566
v -0.1640 0.4162 0.9554
vt 0.4416 0.6504
vn 0.4514 0.8599 -0.2385
v -0.2120 0.4151 0.9306
vt 0.4361 0.6614
vn -0.0972 0.8468 -0.5229
v -0.2054 0.4285 0.9760
vt 0.4404 0.6598
vn -0.0219 0.9998 -0.0036
f 1567/1567/1567 1568/1568/1568 1569/1569/1569
v -0.1640 0.4162 0.9554
vt 0.4416 0.6504
vn 0.4514 0.8599 -0.2385
v -0.1702 0.3875 0.9101
vt 0.4340 0.6504
vn 0.3799 0.5314 -0.7571
v -0.2120 0.4151 0.9306
vt 0.4361 0.6614
vn -0.0972 0.8468 -0.5229
f 1570/1570/1570 1571/1571/1571 1572/1572/1572
v -0.1702 0.3875 0.9101
vt 0.4340 0.6504
vn 0.3799 0.5314 -0.7571
v -0.2160 0.3796 0.8988
vt 0.4275 0.6598
vn -0.1435 0.4410 -0.8860
v -0.2120 0.4151 0.9306
vt 0.4361 0.6614
vn -0.0972 0.8468 -0.5229
f 1573/1573/1573 1574/1574/1574 1575/1575/1575
v -0.1892 0.3410 0.8900
vt 0.4217 0.6504
vn 0.1633 -0.0000 -0.9866
v -0.2426 0.3399 0.8981
vt 0.4162 0.6614
vn -0.4476 -0.0130 -0.8941
v -0.2160 0.3796 0.8988
vt 0.4275 0.6598
vn -0.1435 0.4410 -0.8860
f 1576/1576/1576 1577/1577/1577 1578/1578/1578
v -0.1892 0.3410 0.8900
vt 0.4217 0.6504
vn 0.1633 -0.0000 -0.9866
v -0.2136 0.2945 0.9029
vt 0.4094 0.6504
vn -0.1156 -0.5314 -0.8392
v -0.2426 0.3399 0.8981
vt 0.4162 0.6614
vn -0.4476 -0.0130 -0.8941
f 1579/1579/1579 1580/1580/1580 1581/1581/1581
v -0.2136 0.2945 0.9029
vt 0.4094 0.6504
vn -0.1156 -0.5314 -0.8392
v -0.2576 0.3005 0.9207
vt 0.4065 0.6598
vn -0.6181 -0.4632 -0.6352
v -0.2426 0.3399 0.8981
vt 0.4162 0.6614
vn -0.4476 -0.0130 -0.8941
f 1582/1582/1582 1583/1583/1583 1584/1584/1584
v -0.2341 0.2658 0.9438
vt 0.4018 0.6504
vn -0.3504 -0.8599 -0.3712
v -0.2759 0.2933 0.9643
vt 0.4039 0.6614
vn -0.8275 -0.5445 -0.1370
v -0.2576 0.3005 0.9207
vt 0.4065 0.6598
vn -0.6181 -0.4632 -0.6352
f 1585/1585/1585 1586/1586/1586 1587/1587/1587
v -0.2341 0.2658 0.9438
vt 0.4018 0.6504
vn -0.3504 -0.8599 -0.3712
v -0.2430 0.2658 0.9972
vt 0.4018 0.6504
vn -0.4514 -0.8599 0.2385
v -0.2759 0.2933 0.9643
vt 0.4039 0.6614
vn -0.8275 -0.5445 -0.1370
f 1588/1588/1588 1589/1589/1589 1590/1590/1590
v -0.2430 0.2658 0.9972
vt 0.4018 0.6504
vn -0.4514 -0.8599 0.2385
v -0.2726 0.3005 1.0115
vt 0.4065 0.6598
vn -0.7898 -0.4632 0.4021
v -0.2759 0.2933 0.9643
vt 0.4039 0.6614
vn -0.8275 -0.5445 -0.1370
f 1591/1591/1591 1592/1592/1592 1593/1593/1593
v -0.2367 0.2945 1.0426
vt 0.4094 0.6504
vn -0.3799 -0.5314 0.7571
v -0.2658 0.3399 1.0377
vt 0.4162 0.6614
vn -0.7119 -0.0130 0.7022
v -0.2726 0.3005 1.0115
vt 0.4065 0.6598
vn -0.7898 -0.4632 0.4021
f 1594/1594/1594 1595/1595/1595 1596/1596/1596
v -0.2367 0.2945 1.0426
vt 0.4094 0.6504
vn -0.3799 -0.5314 0.7571
v -0.2178 0.3410 1.0626
vt 0.4217 0.6504
vn -0.1633 0.0000 0.9866
v -0.2658 0.3399 1.0377
vt 0.4162 0.6614
vn -0.7119 -0.0130 0.7022
f 1597/1597/1597 1598/1598/1598 1599/1599/1599
v -0.2178 0.3410 1.0626
vt 0.4217 0.6504
vn -0.1633 0.0000 0.9866
v -0.2403 0.3796 1.0456
vt 0.4275 0.6598
vn -0.4213 0.4410 0.7925
v -0.2658 0.3399 1.0377
vt 0.4162 0.6614
vn -0.7119 -0.0130 0.7022
f 1600/1600/1600 1601/1601/1601 1602/1602/1602
v -0.1934 0.3875 1.0497
vt 0.4340 0.6504
vn 0.1156 0.5314 0.8392
v -0.2263 0.4151 1.0169
vt 0.4361 0.6614
vn -0.2605 0.8468 0.4637
v -0.2403 0.3796 1.0456
vt 0.4275 0.6598
vn -0.4213 0.4410 0.7925
f 1603/1603/1603 1604/1604/1604 1605/1605/1605
v -0.1934 0.3875 1.0497
vt 0.4340 0.6504
vn 0.1156 0.5314 0.8392
v -0.1728 0.4162 1.0088
vt 0.4416 0.6504
vn 0.3504 0.8599 0.3712
v -0.2263 0.4151 1.0169
vt 0.4361 0.6614
vn -0.2605 0.8468 0.4637
f 1606/1606/1606 1607/1607/1607 1608/1608/1608
v -0.1728 0.4162 1.0088
vt 0.4416 0.6504
vn 0.3504 0.8599 0.3712
v -0.2054 0.4285 0.9760
vt 0.4404 0.6598
vn -0.0219 0.9998 -0.0036
v -0.2263 0.4151 1.0169
vt 0.4361 0.6614
vn -0.2605 0.8468 0.4637
f 1609/1609/1609 1610/1610/1610 1611/1611/1611
v -0.1702 0.3875 0.9101
vt 0.4340 0.6504
vn 0.3799 0.5314 -0.7571
v -0.1892 0.3410 0.8900
vt 0.4217 0.6504
vn 0.1633 -0.0000 -0.9866
v -0.2160 0.3796 0.8988
vt 0.4275 0.6598
vn -0.1435 0.4410 -0.8860
f 1612/1612/1612 1613/1613/1613 1614/1614/1614
v -0.1702 0.3875 0.9101
vt 0.4340 0.6504
vn 0.3799 0.5314 -0.7571
v -0.1412 0.3421 0.9149
vt 0.4272 0.6394
vn 0.7119 0.0130 -0.7022
v -0.1892 0.3410 0.8900
vt 0.4217 0.6504
vn 0.1633 -0.0000 -0.9866
f 1615/1615/1615 1616/1616/1616 1617/1617/1617
v -0.1412 0.3421 0.9149
vt 0.4272 0.6394
vn 0.7119 0.0130 -0.7022
v -0.1666 0.3024 0.9070
vt 0.4159 0.6411
vn 0.4213 -0.4410 -0.7925
v -0.1892 0.3410 0.8900
vt 0.4217 0.6504
vn 0.1633 -0.0000 -0.9866
f 1618/1618/1618 1619/1619/1619 1620/1620/1620
v -0.2136 0.2945 0.9029
vt 0.4094 0.6504
vn -0.1156 -0.5314 -0.8392
v -0.2341 0.2658 0.9438
vt 0.4018 0.6504
vn -0.3504 -0.8599 -0.3712
v -0.2576 0.3005 0.9207
vt 0.4065 0.6598
vn -0.6181 -0.4632 -0.6352
f 1621/1621/1621 1622/1622/1622 1623/1623/1623
v -0.2136 0.2945 0.9029
vt 0.4094 0.6504
vn -0.1156 -0.5314 -0.8392
v -0.1807 0.2669 0.9357
vt 0.4073 0.6394
vn 0.2605 -0.8468 -0.4637
v -0.2341 0.2658 0.9438
vt 0.4018 0.6504
vn -0.3504 -0.8599 -0.3712
f 1624/1624/1624 1625/1625/1625 1626/1626/1626
v -0.1807 0.2669 0.9357
vt 0.4073 0.6394
vn 0.2605 -0.8468 -0.4637
v -0.2016 0.2535 0.9766
vt 0.4030 0.6411
vn 0.0219 -0.9998 0.0036
v -0.2341 0.2658 0.9438
vt 0.4018 0.6504
vn -0.3504 -0.8599 -0.3712
f 1627/1627/1627 1628/1628/1628 1629/1629/1629
v -0.2430 0.2658 0.9972
vt 0.4018 0.6504
vn -0.4514 -0.8599 0.2385
v -0.2367 0.2945 1.0426
vt 0.4094 0.6504
vn -0.3799 -0.5314 0.7571
v -0.2726 0.3005 1.0115
vt 0.4065 0.6598
vn -0.7898 -0.4632 0.4021
f 1630/1630/1630 1631/1631/1631 1632/1632/1632
v -0.2430 0.2658 0.9972
vt 0.4018 0.6504
vn -0.4514 -0.8599 0.2385
v -0.1950 0.2669 1.0221
vt 0.4073 0.6394
vn 0.0972 -0.8468 0.5229
v -0.2367 0.2945 1.0426
vt 0.4094 0.6504
vn -0.3799 -0.5314 0.7571
f 1633/1633/1633 1634/1634/1634 1635/1635/1635
v -0.1950 0.2669 1.0221
vt 0.4073 0.6394
vn 0.0972 -0.8468 0.5229
v -0.1909 0.3024 1.0538
vt 0.4159 0.6411
vn 0.1435 -0.4410 0.8860
v -0.2367 0.2945 1.0426
vt 0.4094 0.6504
vn -0.3799 -0.5314 0.7571
f 1636/1636/1636 1637/1637/1637 1638/1638/1638
v -0.2178 0.3410 1.0626
vt 0.4217 0.6504
vn -0.1633 0.0000 0.9866
v -0.1934 0.3875 1.0497
vt 0.4340 0.6504
vn 0.1156 0.5314 0.8392
v -0.2403 0.3796 1.0456
vt 0.4275 0.6598
vn -0.4213 0.4410 0.7925
f 1639/1639/1639 1640/1640/1640 1641/1641/1641
v -0.2178 0.3410 1.0626
vt 0.4217 0.6504
vn -0.1633 0.0000 0.9866
v -0.1643 0.3421 1.0545
vt 0.4272 0.6394
vn 0.4476 0.0130 0.8941
v -0.1934 0.3875 1.0497
vt 0.4340 0.6504
vn 0.1156 0.5314 0.8392
f 1642/1642/1642 1643/1643/1643 1644/1644/1644
v -0.1643 0.3421 1.0545
vt 0.4272 0.6394
vn 0.4476 0.0130 0.8941
v -0.1494 0.3815 1.0319
vt 0.4368 0.6411
vn 0.6181 0.4632 0.6352
v -0.1934 0.3875 1.0497
vt 0.4340 0.6504
vn 0.1156 0.5314 0.8392
f 1645/1645/1645 1646/1646/1646 1647/1647/1647
v -0.1728 0.4162 1.0088
vt 0.4416 0.6504
vn 0.3504 0.8599 0.3712
v -0.1640 0.4162 0.9554
vt 0.4416 0.6504
vn 0.4514 0.8599 -0.2385
v -0.2054 0.4285 0.9760
vt 0.4404 0.6598
vn -0.0219 0.9998 -0.0036
f 1648/1648/1648 1649/1649/1649 1650/1650/1650
v -0.1728 0.4162 1.0088
vt 0.4416 0.6504
vn 0.3504 0.8599 0.3712
v -0.1311 0.3886 0.9883
vt 0.4395 0.6394
vn 0.8275 0.5445 0.1370
v -0.1640 0.4162 0.9554
vt 0.4416 0.6504
vn 0.4514 0.8599 -0.2385
f 1651/1651/1651 1652/1652/1652 1653/1653/1653
v -0.1311 0.3886 0.9883
vt 0.4395 0.6394
vn 0.8275 0.5445 0.1370
v -0.1344 0.3815 0.9411
vt 0.4368 0.6411
vn 0.7898 0.4632 -0.4021
v -0.1640 0.4162 0.9554
vt 0.4416 0.6504
vn 0.4514 0.8599 -0.2385
f 1654/1654/1654 1655/1655/1655 1656/1656/1656
v -0.1170 0.3428 0.9632
vt 0.4306 0.6326
vn 0.9885 0.0211 -0.1496
v -0.1412 0.3421 0.9149
vt 0.4272 0.6394
vn 0.7119 0.0130 -0.7022
v -0.1344 0.3815 0.9411
vt 0.4368 0.6411
vn 0.7898 0.4632 -0.4021
f 1657/1657/1657 1658/1658/1658 1659/1659/1659
v -0.1170 0.3428 0.9632
vt 0.4306 0.6326
vn 0.9885 0.0211 -0.1496
v -0.1359 0.2963 0.9431
vt 0.4183 0.6326
vn 0.7720 -0.5103 -0.3790
v -0.1412 0.3421 0.9149
vt 0.4272 0.6394
vn 0.7119 0.0130 -0.7022
f 1660/1660/1660 1661/1661/1661 1662/1662/1662
v -0.1359 0.2963 0.9431
vt 0.4183 0.6326
vn 0.7720 -0.5103 -0.3790
v -0.1666 0.3024 0.9070
vt 0.4159 0.6411
vn 0.4213 -0.4410 -0.7925
v -0.1412 0.3421 0.9149
vt 0.4272 0.6394
vn 0.7119 0.0130 -0.7022
f 1663/1663/1663 1664/1664/1664 1665/1665/1665
v -0.1359 0.2963 0.9431
vt 0.4183 0.6326
vn 0.7720 -0.5103 -0.3790
v -0.1807 0.2669 0.9357
vt 0.4073 0.6394
vn 0.2605 -0.8468 -0.4637
v -0.1666 0.3024 0.9070
vt 0.4159 0.6411
vn 0.4213 -0.4410 -0.7925
f 1666/1666/1666 1667/1667/1667 1668/1668/1668
v -0.1359 0.2963 0.9431
vt 0.4183 0.6326
vn 0.7720 -0.5103 -0.3790
v -0.1565 0.2676 0.9841
vt 0.4107 0.6326
vn 0.5372 -0.8388 0.0889
v -0.1807 0.2669 0.9357
vt 0.4073 0.6394
vn 0.2605 -0.8468 -0.4637
f 1669/1669/1669 1670/1670/1670 1671/1671/1671
v -0.1565 0.2676 0.9841
vt 0.4107 0.6326
vn 0.5372 -0.8388 0.0889
v -0.2016 0.2535 0.9766
vt 0.4030 0.6411
vn 0.0219 -0.9998 0.0036
v -0.1807 0.2669 0.9357
vt 0.4073 0.6394
vn 0.2605 -0.8468 -0.4637
f 1672/1672/1672 1673/1673/1673 1674/1674/1674
v -0.1565 0.2676 0.9841
vt 0.4107 0.6326
vn 0.5372 -0.8388 0.0889
v -0.1950 0.2669 1.0221
vt 0.4073 0.6394
vn 0.0972 -0.8468 0.5229
v -0.2016 0.2535 0.9766
vt 0.4030 0.6411
vn 0.0219 -0.9998 0.0036
f 1675/1675/1675 1676/1676/1676 1677/1677/1677
v -0.1565 0.2676 0.9841
vt 0.4107 0.6326
vn 0.5372 -0.8388 0.0889
v -0.1502 0.2963 1.0295
vt 0.4183 0.6326
vn 0.6086 -0.5103 0.6076
v -0.1950 0.2669 1.0221
vt 0.4073 0.6394
vn 0.0972 -0.8468 0.5229
f 1678/1678/1678 1679/1679/1679 1680/1680/1680
v -0.1502 0.2963 1.0295
vt 0.4183 0.6326
vn 0.6086 -0.5103 0.6076
v -0.1909 0.3024 1.0538
vt 0.4159 0.6411
vn 0.1435 -0.4410 0.8860
v -0.1950 0.2669 1.0221
vt 0.4073 0.6394
vn 0.0972 -0.8468 0.5229
f 1681/1681/1681 1682/1682/1682 1683/1683/1683
v -0.1311 0.3886 0.9883
vt 0.4395 0.6394
vn 0.8275 0.5445 0.1370
v -0.1170 0.3428 0.9632
vt 0.4306 0.6326
vn 0.9885 0.0211 -0.1496
v -0.1344 0.3815 0.9411
vt 0.4368 0.6411
vn 0.7898 0.4632 -0.4021
f 1684/1684/1684 1685/1685/1685 1686/1686/1686
v -0.1311 0.3886 0.9883
vt 0.4395 0.6394
vn 0.8275 0.5445 0.1370
v -0.1258 0.3428 1.0166
vt 0.4306 0.6326
vn 0.8876 0.0211 0.4602
v -0.1170 0.3428 0.9632
vt 0.4306 0.6326
vn 0.9885 0.0211 -0.1496
f 1687/1687/1687 1688/1688/1688 1689/1689/1689
v -0.1258 0.3428 1.0166
vt 0.4306 0.6326
vn 0.8876 0.0211 0.4602
v -0.1254 0.3036 0.9892
vt 0.4217 0.6295
vn 0.8920 -0.4273 0.1477
v -0.1170 0.3428 0.9632
vt 0.4306 0.6326
vn 0.9885 0.0211 -0.1496
f 1690/1690/1690 1691/1691/1691 1692/1692/1692
v -0.1502 0.2963 1.0295
vt 0.4183 0.6326
vn 0.6086 -0.5103 0.6076
v -0.1643 0.3421 1.0545
vt 0.4272 0.6394
vn 0.4476 0.0130 0.8941
v -0.1909 0.3024 1.0538
vt 0.4159 0.6411
vn 0.1435 -0.4410 0.8860
f 1693/1693/1693 1694/1694/1694 1695/1695/1695
v -0.1502 0.2963 1.0295
vt 0.4183 0.6326
vn 0.6086 -0.5103 0.6076
v -0.1258 0.3428 1.0166
vt 0.4306 0.6326
vn 0.8876 0.0211 0.4602
v -0.1643 0.3421 1.0545
vt 0.4272 0.6394
vn 0.4476 0.0130 0.8941
f 1696/1696/1696 1697/1697/1697 1698/1698/1698
v -0.1258 0.3428 1.0166
vt 0.4306 0.6326
vn 0.8876 0.0211 0.4602
v -0.1494 0.3815 1.0319
vt 0.4368 0.6411
vn 0.6181 0.4632 0.6352
v -0.1643 0.3421 1.0545
vt 0.4272 0.6394
vn 0.4476 0.0130 0.8941
f 1699/1699/1699 1700/1700/1700 1701/1701/1701
v -0.3484 0.3048 0.9637
vt 0.4217 0.6295
vn 0.8920 -0.4273 0.1477
v -0.3489 0.3550 0.9986
vt 0.4306 0.6326
vn 0.8876 0.0211 0.4602
v -0.3801 0.2956 1.0151
vt 0.4183 0.6326
vn 0.6086 -0.5103 0.6076
f 1702/1702/1702 1703/1703/1703 1704/1704/1704
v -0.3791 0.4045 1.0182
vt 0.4368 0.6411
vn 0.6181 0.4631 0.6352
v -0.3489 0.3550 0.9986
vt 0.4306 0.6326
vn 0.8876 0.0211 0.4602
v -0.3557 0.4136 0.9625
vt 0.4395 0.6394
vn 0.8275 0.5445 0.1370
f 1705/1705/1705 1706/1706/1706 1707/1707/1707
v -0.3484 0.3048 0.9637
vt 0.4217 0.6295
vn 0.8920 -0.4273 0.1477
v -0.3801 0.2956 1.0151
vt 0.4183 0.6326
vn 0.6086 -0.5103 0.6076
v -0.3881 0.2588 0.9571
vt 0.4107 0.6326
vn 0.5372 -0.8388 0.0889
f 1708/1708/1708 1709/1709/1709 1710/1710/1710
v -0.3484 0.3048 0.9637
vt 0.4217 0.6295
vn 0.8920 -0.4273 0.1477
v -0.3881 0.2588 0.9571
vt 0.4107 0.6326
vn 0.5372 -0.8388 0.0889
v -0.3619 0.2956 0.9047
vt 0.4183 0.6326
vn 0.7720 -0.5103 -0.3790
f 1711/1711/1711 1712/1712/1712 1713/1713/1713
v -0.3484 0.3048 0.9637
vt 0.4217 0.6295
vn 0.8920 -0.4273 0.1477
v -0.3619 0.2956 0.9047
vt 0.4183 0.6326
vn 0.7720 -0.5103 -0.3790
v -0.3376 0.3550 0.9304
vt 0.4306 0.6326
vn 0.9885 0.0211 -0.1496
f 1714/1714/1714 1715/1715/1715 1716/1716/1716
v -0.3791 0.4045 1.0182
vt 0.4368 0.6411
vn 0.6181 0.4631 0.6352
v -0.3557 0.4136 0.9625
vt 0.4395 0.6394
vn 0.8275 0.5445 0.1370
v -0.4090 0.4488 0.9887
vt 0.4416 0.6504
vn 0.3504 0.8599 0.3712
f 1717/1717/1717 1718/1718/1718 1719/1719/1719
v -0.4322 0.3033 1.0462
vt 0.4159 0.6411
vn 0.1435 -0.4410 0.8860
v -0.3982 0.3541 1.0472
vt 0.4272 0.6394
vn 0.4476 0.0130 0.8941
v -0.4665 0.3526 1.0575
vt 0.4217 0.6504
vn -0.1633 0.0000 0.9866
f 1720/1720/1720 1721/1721/1721 1722/1722/1722
v -0.4458 0.2408 0.9475
vt 0.4030 0.6411
vn 0.0219 -0.9998 0.0036
v -0.4374 0.2579 1.0056
vt 0.4073 0.6394
vn 0.0972 -0.8468 0.5229
v -0.4987 0.2565 0.9738
vt 0.4018 0.6504
vn -0.4514 -0.8599 0.2385
f 1723/1723/1723 1724/1724/1724 1725/1725/1725
v -0.4011 0.3033 0.8585
vt 0.4159 0.6411
vn 0.4213 -0.4410 -0.7925
v -0.4191 0.2579 0.8953
vt 0.4073 0.6394
vn 0.2605 -0.8468 -0.4637
v -0.4612 0.2932 0.8533
vt 0.4094 0.6504
vn -0.1156 -0.5314 -0.8392
f 1726/1726/1726 1727/1727/1727 1728/1728/1728
v -0.3599 0.4045 0.9021
vt 0.4368 0.6411
vn 0.7898 0.4632 -0.4021
v -0.3686 0.3541 0.8686
vt 0.4272 0.6394
vn 0.7119 0.0130 -0.7022
v -0.4057 0.4121 0.8624
vt 0.4340 0.6504
vn 0.3799 0.5314 -0.7571
f 1729/1729/1729 1730/1730/1730 1731/1731/1731
v -0.3791 0.4045 1.0182
vt 0.4368 0.6411
vn 0.6181 0.4631 0.6352
v -0.4090 0.4488 0.9887
vt 0.4416 0.6504
vn 0.3504 0.8599 0.3712
v -0.4353 0.4121 1.0410
vt 0.4340 0.6504
vn 0.1156 0.5314 0.8392
f 1732/1732/1732 1733/1733/1733 1734/1734/1734
v -0.4322 0.3033 1.0462
vt 0.4159 0.6411
vn 0.1435 -0.4410 0.8860
v -0.4665 0.3526 1.0575
vt 0.4217 0.6504
vn -0.1633 0.0000 0.9866
v -0.4907 0.2932 1.0318
vt 0.4094 0.6504
vn -0.3799 -0.5314 0.7571
f 1735/1735/1735 1736/1736/1736 1737/1737/1737
v -0.4458 0.2408 0.9475
vt 0.4030 0.6411
vn 0.0219 -0.9998 0.0036
v -0.4987 0.2565 0.9738
vt 0.4018 0.6504
vn -0.4514 -0.8599 0.2385
v -0.4874 0.2565 0.9056
vt 0.4018 0.6504
vn -0.3504 -0.8599 -0.3712
f 1738/1738/1738 1739/1739/1739 1740/1740/1740
v -0.4011 0.3033 0.8585
vt 0.4159 0.6411
vn 0.4213 -0.4410 -0.7925
v -0.4612 0.2932 0.8533
vt 0.4094 0.6504
vn -0.1156 -0.5314 -0.8392
v -0.4300 0.3526 0.8368
vt 0.4217 0.6504
vn 0.1633 -0.0000 -0.9866
f 1741/1741/1741 1742/1742/1742 1743/1743/1743
v -0.3599 0.4045 0.9021
vt 0.4368 0.6411
vn 0.7898 0.4632 -0.4021
v -0.4057 0.4121 0.8624
vt 0.4340 0.6504
vn 0.3799 0.5314 -0.7571
v -0.3977 0.4488 0.9205
vt 0.4416 0.6504
vn 0.4514 0.8599 -0.2385
f 1744/1744/1744 1745/1745/1745 1746/1746/1746
v -0.4954 0.4020 1.0358
vt 0.4275 0.6598
vn -0.4213 0.4410 0.7925
v -0.4774 0.4474 0.9990
vt 0.4361 0.6614
vn -0.2605 0.8468 0.4637
v -0.5346 0.4097 0.9895
vt 0.4251 0.6682
vn -0.7720 0.5103 0.3790
f 1747/1747/1747 1748/1748/1748 1749/1749/1749
v -0.5366 0.3008 0.9921
vt 0.4065 0.6598
vn -0.7898 -0.4632 0.4021
v -0.5279 0.3512 1.0257
vt 0.4162 0.6614
vn -0.7119 -0.0130 0.7022
v -0.5588 0.3503 0.9639
vt 0.4128 0.6682
vn -0.9885 -0.0211 0.1496
f 1750/1750/1750 1751/1751/1751 1752/1752/1752
v -0.5174 0.3008 0.8761
vt 0.4065 0.6598
vn -0.6181 -0.4632 -0.6352
v -0.5408 0.2917 0.9318
vt 0.4039 0.6614
vn -0.8275 -0.5445 -0.1370
v -0.5475 0.3503 0.8957
vt 0.4128 0.6682
vn -0.8876 -0.0211 -0.4602
f 1753/1753/1753 1754/1754/1754 1755/1755/1755
v -0.4643 0.4020 0.8480
vt 0.4275 0.6598
vn -0.1435 0.4410 -0.8860
v -0.4983 0.3512 0.8471
vt 0.4162 0.6614
vn -0.4476 -0.0130 -0.8941
v -0.5163 0.4097 0.8792
vt 0.4251 0.6682
vn -0.6086 0.5103 -0.6076
f 1756/1756/1756 1757/1757/1757 1758/1758/1758
v -0.4507 0.4645 0.9467
vt 0.4404 0.6598
vn -0.0219 0.9998 -0.0036
v -0.4591 0.4474 0.8886
vt 0.4361 0.6614
vn -0.0972 0.8468 -0.5229
v -0.5083 0.4465 0.9372
vt 0.4327 0.6682
vn -0.5372 0.8388 -0.0889
f 1759/1759/1759 1760/1760/1760 1761/1761/1761
v -0.5083 0.4465 0.9372
vt 0.4327 0.6682
vn -0.5372 0.8388 -0.0889
v -0.5163 0.4097 0.8792
vt 0.4251 0.6682
vn -0.6086 0.5103 -0.6076
v -0.5480 0.4004 0.9306
vt 0.4217 0.6713
vn -0.8920 0.4273 -0.1477
f 1762/1762/1762 1763/1763/1763 1764/1764/1764
v -0.5083 0.4465 0.9372
vt 0.4327 0.6682
vn -0.5372 0.8388 -0.0889
v -0.4591 0.4474 0.8886
vt 0.4361 0.6614
vn -0.0972 0.8468 -0.5229
v -0.5163 0.4097 0.8792
vt 0.4251 0.6682
vn -0.6086 0.5103 -0.6076
f 1765/1765/1765 1766/1766/1766 1767/1767/1767
v -0.4591 0.4474 0.8886
vt 0.4361 0.6614
vn -0.0972 0.8468 -0.5229
v -0.4643 0.4020 0.8480
vt 0.4275 0.6598
vn -0.1435 0.4410 -0.8860
v -0.5163 0.4097 0.8792
vt 0.4251 0.6682
vn -0.6086 0.5103 -0.6076
f 1768/1768/1768 1769/1769/1769 1770/1770/1770
v -0.5163 0.4097 0.8792
vt 0.4251 0.6682
vn -0.6086 0.5103 -0.6076
v -0.5475 0.3503 0.8957
vt 0.4128 0.6682
vn -0.8876 -0.0211 -0.4602
v -0.5480 0.4004 0.9306
vt 0.4217 0.6713
vn -0.8920 0.4273 -0.1477
f 1771/1771/1771 1772/1772/1772 1773/1773/1773
v -0.5163 0.4097 0.8792
vt 0.4251 0.6682
vn -0.6086 0.5103 -0.6076
v -0.4983 0.3512 0.8471
vt 0.4162 0.6614
vn -0.4476 -0.0130 -0.8941
v -0.5475 0.3503 0.8957
vt 0.4128 0.6682
vn -0.8876 -0.0211 -0.4602
f 1774/1774/1774 1775/1775/1775 1776/1776/1776
v -0.4983 0.3512 0.8471
vt 0.4162 0.6614
vn -0.4476 -0.0130 -0.8941
v -0.5174 0.3008 0.8761
vt 0.4065 0.6598
vn -0.6181 -0.4632 -0.6352
v -0.5475 0.3503 0.8957
vt 0.4128 0.6682
vn -0.8876 -0.0211 -0.4602
f 1777/1777/1777 1778/1778/1778 1779/1779/1779
v -0.5475 0.3503 0.8957
vt 0.4128 0.6682
vn -0.8876 -0.0211 -0.4602
v -0.5588 0.3503 0.9639
vt 0.4128 0.6682
vn -0.9885 -0.0211 0.1496
v -0.5480 0.4004 0.9306
vt 0.4217 0.6713
vn -0.8920 0.4273 -0.1477
f 1780/1780/1780 1781/1781/1781 1782/1782/1782
v -0.5475 0.3503 0.8957
vt 0.4128 0.6682
vn -0.8876 -0.0211 -0.4602
v -0.5408 0.2917 0.9318
vt 0.4039 0.6614
vn -0.8275 -0.5445 -0.1370
v -0.5588 0.3503 0.9639
vt 0.4128 0.6682
vn -0.9885 -0.0211 0.1496
f 1783/1783/1783 1784/1784/1784 1785/1785/1785
v -0.5408 0.2917 0.9318
vt 0.4039 0.6614
vn -0.8275 -0.5445 -0.1370
v -0.5366 0.3008 0.9921
vt 0.4065 0.6598
vn -0.7898 -0.4632 0.4021
v -0.5588 0.3503 0.9639
vt 0.4128 0.6682
vn -0.9885 -0.0211 0.1496
f 1786/1786/1786 1787/1787/1787 1788/1788/1788
v -0.5588 0.3503 0.9639
vt 0.4128 0.6682
vn -0.9885 -0.0211 0.1496
v -0.5346 0.4097 0.9895
vt 0.4251 0.6682
vn -0.7720 0.5103 0.3790
v -0.5480 0.4004 0.9306
vt 0.4217 0.6713
vn -0.8920 0.4273 -0.1477
f 1789/1789/1789 1790/1790/1790 1791/1791/1791
v -0.5588 0.3503 0.9639
vt 0.4128 0.6682
vn -0.9885 -0.0211 0.1496
v -0.5279 0.3512 1.0257
vt 0.4162 0.6614
vn -0.7119 -0.0130 0.7022
v -0.5346 0.4097 0.9895
vt 0.4251 0.6682
vn -0.7720 0.5103 0.3790
f 1792/1792/1792 1793/1793/1793 1794/1794/1794
v -0.5279 0.3512 1.0257
vt 0.4162 0.6614
vn -0.7119 -0.0130 0.7022
v -0.4954 0.4020 1.0358
vt 0.4275 0.6598
vn -0.4213 0.4410 0.7925
v -0.5346 0.4097 0.9895
vt 0.4251 0.6682
vn -0.7720 0.5103 0.3790
f 1795/1795/1795 1796/1796/1796 1797/1797/1797
v -0.5346 0.4097 0.9895
vt 0.4251 0.6682
vn -0.7720 0.5103 0.3790
v -0.5083 0.4465 0.9372
vt 0.4327 0.6682
vn -0.5372 0.8388 -0.0889
v -0.5480 0.4004 0.9306
vt 0.4217 0.6713
vn -0.8920 0.4273 -0.1477
f 1798/1798/1798 1799/1799/1799 1800/1800/1800
v -0.5346 0.4097 0.9895
vt 0.4251 0.6682
vn -0.7720 0.5103 0.3790
v -0.4774 0.4474 0.9990
vt 0.4361 0.6614
vn -0.2605 0.8468 0.4637
v -0.5083 0.4465 0.9372
vt 0.4327 0.6682
vn -0.5372 0.8388 -0.0889
f 1801/1801/1801 1802/1802/1802 1803/1803/1803
v -0.4774 0.4474 0.9990
vt 0.4361 0.6614
vn -0.2605 0.8468 0.4637
v -0.4507 0.4645 0.9467
vt 0.4404 0.6598
vn -0.0219 0.9998 -0.0036
v -0.5083 0.4465 0.9372
vt 0.4327 0.6682
vn -0.5372 0.8388 -0.0889
f 1804/1804/1804 1805/1805/1805 1806/1806/1806
v -0.3977 0.4488 0.9205
vt 0.4416 0.6504
vn 0.4514 0.8599 -0.2385
v -0.4591 0.4474 0.8886
vt 0.4361 0.6614
vn -0.0972 0.8468 -0.5229
v -0.4507 0.4645 0.9467
vt 0.4404 0.6598
vn -0.0219 0.9998 -0.0036
f 1807/1807/1807 1808/1808/1808 1809/1809/1809
v -0.3977 0.4488 0.9205
vt 0.4416 0.6504
vn 0.4514 0.8599 -0.2385
v -0.4057 0.4121 0.8624
vt 0.4340 0.6504
vn 0.3799 0.5314 -0.7571
v -0.4591 0.4474 0.8886
vt 0.4361 0.6614
vn -0.0972 0.8468 -0.5229
f 1810/1810/1810 1811/1811/1811 1812/1812/1812
v -0.4057 0.4121 0.8624
vt 0.4340 0.6504
vn 0.3799 0.5314 -0.7571
v -0.4643 0.4020 0.8480
vt 0.4275 0.6598
vn -0.1435 0.4410 -0.8860
v -0.4591 0.4474 0.8886
vt 0.4361 0.6614
vn -0.0972 0.8468 -0.5229
f 1813/1813/1813 1814/1814/1814 1815/1815/1815
v -0.4300 0.3526 0.8368
vt 0.4217 0.6504
vn 0.1633 -0.0000 -0.9866
v -0.4983 0.3512 0.8471
vt 0.4162 0.6614
vn -0.4476 -0.0130 -0.8941
v -0.4643 0.4020 0.8480
vt 0.4275 0.6598
vn -0.1435 0.4410 -0.8860
f 1816/1816/1816 1817/1817/1817 1818/1818/1818
v -0.4300 0.3526 0.8368
vt 0.4217 0.6504
vn 0.1633 -0.0000 -0.9866
v -0.4612 0.2932 0.8533
vt 0.4094 0.6504
vn -0.1156 -0.5314 -0.8392
v -0.4983 0.3512 0.8471
vt 0.4162 0.6614
vn -0.4476 -0.0130 -0.8941
f 1819/1819/1819 1820/1820/1820 1821/1821/1821
v -0.4612 0.2932 0.8533
vt 0.4094 0.6504
vn -0.1156 -0.5314 -0.8392
v -0.5174 0.3008 0.8761
vt 0.4065 0.6598
vn -0.6181 -0.4632 -0.6352
v -0.4983 0.3512 0.8471
vt 0.4162 0.6614
vn -0.4476 -0.0130 -0.8941
f 1822/1822/1822 1823/1823/1823 1824/1824/1824
v -0.4874 0.2565 0.9056
vt 0.4018 0.6504
vn -0.3504 -0.8599 -0.3712
v -0.5408 0.2917 0.9318
vt 0.4039 0.6614
vn -0.8275 -0.5445 -0.1370
v -0.5174 0.3008 0.8761
vt 0.4065 0.6598
vn -0.6181 -0.4632 -0.6352
f 1825/1825/1825 1826/1826/1826 1827/1827/1827
v -0.4874 0.2565 0.9056
vt 0.4018 0.6504
vn -0.3504 -0.8599 -0.3712
v -0.4987 0.2565 0.9738
vt 0.4018 0.6504
vn -0.4514 -0.8599 0.2385
v -0.5408 0.2917 0.9318
vt 0.4039 0.6614
vn -0.8275 -0.5445 -0.1370
f 1828/1828/1828 1829/1829/1829 1830/1830/1830
v -0.4987 0.2565 0.9738
vt 0.4018 0.6504
vn -0.4514 -0.8599 0.2385
v -0.5366 0.3008 0.9921
vt 0.4065 0.6598
vn -0.7898 -0.4632 0.4021
v -0.5408 0.2917 0.9318
vt 0.4039 0.6614
vn -0.8275 -0.5445 -0.1370
f 1831/1831/1831 1832/1832/1832 1833/1833/1833
v -0.4907 0.2932 1.0318
vt 0.4094 0.6504
vn -0.3799 -0.5314 0.7571
v -0.5279 0.3512 1.0257
vt 0.4162 0.6614
vn -0.7119 -0.0130 0.7022
v -0.5366 0.3008 0.9921
vt 0.4065 0.6598
vn -0.7898 -0.4632 0.4021
f 1834/1834/1834 1835/1835/1835 1836/1836/1836
v -0.4907 0.2932 1.0318
vt 0.4094 0.6504
vn -0.3799 -0.5314 0.7571
v -0.4665 0.3526 1.0575
vt 0.4217 0.6504
vn -0.1633 0.0000 0.9866
v -0.5279 0.3512 1.0257
vt 0.4162 0.6614
vn -0.7119 -0.0130 0.7022
f 1837/1837/1837 1838/1838/1838 1839/1839/1839
v -0.4665 0.3526 1.0575
vt 0.4217 0.6504
vn -0.1633 0.0000 0.9866
v -0.4954 0.4020 1.0358
vt 0.4275 0.6598
vn -0.4213 0.4410 0.7925
v -0.5279 0.3512 1.0257
vt 0.4162 0.6614
vn -0.7119 -0.0130 0.7022
f 1840/1840/1840 1841/1841/1841 1842/1842/1842
v -0.4353 0.4121 1.0410
vt 0.4340 0.6504
vn 0.1156 0.5314 0.8392
v -0.4774 0.4474 0.9990
vt 0.4361 0.6614
vn -0.2605 0.8468 0.4637
v -0.4954 0.4020 1.0358
vt 0.4275 0.6598
vn -0.4213 0.4410 0.7925
f 1843/1843/1843 1844/1844/1844 1845/1845/1845
v -0.4353 0.4121 1.0410
vt 0.4340 0.6504
vn 0.1156 0.5314 0.8392
v -0.4090 0.4488 0.9887
vt 0.4416 0.6504
vn 0.3504 0.8599 0.3712
v -0.4774 0.4474 0.9990
vt 0.4361 0.6614
vn -0.2605 0.8468 0.4637
f 1846/1846/1846 1847/1847/1847 1848/1848/1848
v -0.4090 0.4488 0.9887
vt 0.4416 0.6504
vn 0.3504 0.8599 0.3712
v -0.4507 0.4645 0.9467
vt 0.4404 0.6598
vn -0.0219 0.9998 -0.0036
v -0.4774 0.4474 0.9990
vt 0.4361 0.6614
vn -0.2605 0.8468 0.4637
f 1849/1849/1849 1850/1850/1850 1851/1851/1851
v -0.4057 0.4121 0.8624
vt 0.4340 0.6504
vn 0.3799 0.5314 -0.7571
v -0.4300 0.3526 0.8368
vt 0.4217 0.6504
vn 0.1633 -0.0000 -0.9866
v -0.4643 0.4020 0.8480
vt 0.4275 0.6598
vn -0.1435 0.4410 -0.8860
f 1852/1852/1852 1853/1853/1853 1854/1854/1854
v -0.4057 0.4121 0.8624
vt 0.4340 0.6504
vn 0.3799 0.5314 -0.7571
v -0.3686 0.3541 0.8686
vt 0.4272 0.6394
vn 0.7119 0.0130 -0.7022
v -0.4300 0.3526 0.8368
vt 0.4217 0.6504
vn 0.1633 -0.0000 -0.9866
f 1855/1855/1855 1856/1856/1856 1857/1857/1857
v -0.3686 0.3541 0.8686
vt 0.4272 0.6394
vn 0.7119 0.0130 -0.7022
v -0.4011 0.3033 0.8585
vt 0.4159 0.6411
vn 0.4213 -0.4410 -0.7925
v -0.4300 0.3526 0.8368
vt 0.4217 0.6504
vn 0.1633 -0.0000 -0.9866
f 1858/1858/1858 1859/1859/1859 1860/1860/1860
v -0.4612 0.2932 0.8533
vt 0.4094 0.6504
vn -0.1156 -0.5314 -0.8392
v -0.4874 0.2565 0.9056
vt 0.4018 0.6504
vn -0.3504 -0.8599 -0.3712
v -0.5174 0.3008 0.8761
vt 0.4065 0.6598
vn -0.6181 -0.4632 -0.6352
f 1861/1861/1861 1862/1862/1862 1863/1863/1863
v -0.4612 0.2932 0.8533
vt 0.4094 0.6504
vn -0.1156 -0.5314 -0.8392
v -0.4191 0.2579 0.8953
vt 0.4073 0.6394
vn 0.2605 -0.8468 -0.4637
v -0.4874 0.2565 0.9056
vt 0.4018 0.6504
vn -0.3504 -0.8599 -0.3712
f 1864/1864/1864 1865/1865/1865 1866/1866/1866
v -0.4191 0.2579 0.8953
vt 0.4073 0.6394
vn 0.2605 -0.8468 -0.4637
v -0.4458 0.2408 0.9475
vt 0.4030 0.6411
vn 0.0219 -0.9998 0.0036
v -0.4874 0.2565 0.9056
vt 0.4018 0.6504
vn -0.3504 -0.8599 -0.3712
f 1867/1867/1867 1868/1868/1868 1869/1869/1869
v -0.4987 0.2565 0.9738
vt 0.4018 0.6504
vn -0.4514 -0.8599 0.2385
v -0.4907 0.2932 1.0318
vt 0.4094 0.6504
vn -0.3799 -0.5314 0.7571
v -0.5366 0.3008 0.9921
vt 0.4065 0.6598
vn -0.7898 -0.4632 0.4021
f 1870/1870/1870 1871/1871/1871 1872/1872/1872
v -0.4987 0.2565 0.9738
vt 0.4018 0.6504
vn -0.4514 -0.8599 0.2385
v -0.4374 0.2579 1.0056
vt 0.4073 0.6394
vn 0.0972 -0.8468 0.5229
v -0.4907 0.2932 1.0318
vt 0.4094 0.6504
vn -0.3799 -0.5314 0.7571
f 1873/1873/1873 1874/1874/1874 1875/1875/1875
v -0.4374 0.2579 1.0056
vt 0.4073 0.6394
vn 0.0972 -0.8468 0.5229
v -0.4322 0.3033 1.0462
vt 0.4159 0.6411
vn 0.1435 -0.4410 0.8860
v -0.4907 0.2932 1.0318
vt 0.4094 0.6504
vn -0.3799 -0.5314 0.7571
f 1876/1876/1876 1877/1877/1877 1878/1878/1878
v -0.4665 0.3526 1.0575
vt 0.4217 0.6504
vn -0.1633 0.0000 0.9866
v -0.4353 0.4121 1.0410
vt 0.4340 0.6504
vn 0.1156 0.5314 0.8392
v -0.4954 0.4020 1.0358
vt 0.4275 0.6598
vn -0.4213 0.4410 0.7925
f 1879/1879/1879 1880/1880/1880 1881/1881/1881
v -0.4665 0.3526 1.0575
vt 0.4217 0.6504
vn -0.1633 0.0000 0.9866
v -0.3982 0.3541 1.0472
vt 0.4272 0.6394
vn 0.4476 0.0130 0.8941
v -0.4353 0.4121 1.0410
vt 0.4340 0.6504
vn 0.1156 0.5314 0.8392
f 1882/1882/1882 1883/1883/1883 1884/1884/1884
v -0.3982 0.3541 1.0472
vt 0.4272 0.6394
vn 0.4476 0.0130 0.8941
v -0.3791 0.4045 1.0182
vt 0.4368 0.6411
vn 0.6181 0.4631 0.6352
v -0.4353 0.4121 1.0410
vt 0.4340 0.6504
vn 0.1156 0.5314 0.8392
f 1885/1885/1885 1886/1886/1886 1887/1887/1887
v -0.4090 0.4488 0.9887
vt 0.4416 0.6504
vn 0.3504 0.8599 0.3712
v -0.3977 0.4488 0.9205
vt 0.4416 0.6504
vn 0.4514 0.8599 -0.2385
v -0.4507 0.4645 0.9467
vt 0.4404 0.6598
vn -0.0219 0.9998 -0.0036
f 1888/1888/1888 1889/1889/1889 1890/1890/1890
v -0.4090 0.4488 0.9887
vt 0.4416 0.6504
vn 0.3504 0.8599 0.3712
v -0.3557 0.4136 0.9625
vt 0.4395 0.6394
vn 0.8275 0.5445 0.1370
v -0.3977 0.4488 0.9205
vt 0.4416 0.6504
vn 0.4514 0.8599 -0.2385
f 1891/1891/1891 1892/1892/1892 1893/1893/1893
v -0.3557 0.4136 0.9625
vt 0.4395 0.6394
vn 0.8275 0.5445 0.1370
v -0.3599 0.4045 0.9021
vt 0.4368 0.6411
vn 0.7898 0.4632 -0.4021
v -0.3977 0.4488 0.9205
vt 0.4416 0.6504
vn 0.4514 0.8599 -0.2385
f 1894/1894/1894 1895/1895/1895 1896/1896/1896
v -0.3376 0.3550 0.9304
vt 0.4306 0.6326
vn 0.9885 0.0211 -0.1496
v -0.3686 0.3541 0.8686
vt 0.4272 0.6394
vn 0.7119 0.0130 -0.7022
v -0.3599 0.4045 0.9021
vt 0.4368 0.6411
vn 0.7898 0.4632 -0.4021
f 1897/1897/1897 1898/1898/1898 1899/1899/1899
v -0.3376 0.3550 0.9304
vt 0.4306 0.6326
vn 0.9885 0.0211 -0.1496
v -0.3619 0.2956 0.9047
vt 0.4183 0.6326
vn 0.7720 -0.5103 -0.3790
v -0.3686 0.3541 0.8686
vt 0.4272 0.6394
vn 0.7119 0.0130 -0.7022
f 1900/1900/1900 1901/1901/1901 1902/1902/1902
v -0.3619 0.2956 0.9047
vt 0.4183 0.6326
vn 0.7720 -0.5103 -0.3790
v -0.4011 0.3033 0.8585
vt 0.4159 0.6411
vn 0.4213 -0.4410 -0.7925
v -0.3686 0.3541 0.8686
vt 0.4272 0.6394
vn 0.7119 0.0130 -0.7022
f 1903/1903/1903 1904/1904/1904 1905/1905/1905
v -0.3619 0.2956 0.9047
vt 0.4183 0.6326
vn 0.7720 -0.5103 -0.3790
v -0.4191 0.2579 0.8953
vt 0.4073 0.6394
vn 0.2605 -0.8468 -0.4637
v -0.4011 0.3033 0.8585
vt 0.4159 0.6411
vn 0.4213 -0.4410 -0.7925
f 1906/1906/1906 1907/1907/1907 1908/1908/1908
v -0.3619 0.2956 0.9047
vt 0.4183 0.6326
vn 0.7720 -0.5103 -0.3790
v -0.3881 0.2588 0.9571
vt 0.4107 0.6326
vn 0.5372 -0.8388 0.0889
v -0.4191 0.2579 0.8953
vt 0.4073 0.6394
vn 0.2605 -0.8468 -0.4637
f 1909/1909/1909 1910/1910/1910 1911/1911/1911
v -0.3881 0.2588 0.9571
vt 0.4107 0.6326
vn 0.5372 -0.8388 0.0889
v -0.4458 0.2408 0.9475
vt 0.4030 0.6411
vn 0.0219 -0.9998 0.0036
v -0.4191 0.2579 0.8953
vt 0.4073 0.6394
vn 0.2605 -0.8468 -0.4637
f 1912/1912/1912 1913/1913/1913 1914/1914/1914
v -0.3881 0.2588 0.9571
vt 0.4107 0.6326
vn 0.5372 -0.8388 0.0889
v -0.4374 0.2579 1.0056
vt 0.4073 0.6394
vn 0.0972 -0.8468 0.5229
v -0.4458 0.2408 0.9475
vt 0.4030 0.6411
vn 0.0219 -0.9998 0.0036
f 1915/1915/1915 1916/1916/1916 1917/1917/1917
v -0.3881 0.2588 0.9571
vt 0.4107 0.6326
vn 0.5372 -0.8388 0.0889
v -0.3801 0.2956 1.0151
vt 0.4183 0.6326
vn 0.6086 -0.5103 0.6076
v -0.4374 0.2579 1.0056
vt 0.4073 0.6394
vn 0.0972 -0.8468 0.5229
f 1918/1918/1918 1919/1919/1919 1920/1920/1920
v -0.3801 0.2956 1.0151
vt 0.4183 0.6326
vn 0.6086 -0.5103 0.6076
v -0.4322 0.3033 1.0462
vt 0.4159 0.6411
vn 0.1435 -0.4410 0.8860
v -0.4374 0.2579 1.0056
vt 0.4073 0.6394
vn 0.0972 -0.8468 0.5229
f 1921/1921/1921 1922/1922/1922 1923/1923/1923
v -0.3557 0.4136 0.9625
vt 0.4395 0.6394
vn 0.8275 0.5445 0.1370
v -0.3376 0.3550 0.9304
vt 0.4306 0.6326
vn 0.9885 0.0211 -0.1496
v -0.3599 0.4045 0.9021
vt 0.4368 0.6411
vn 0.7898 0.4632 -0.4021
f 1924/1924/1924 1925/1925/1925 1926/1926/1926
v -0.3557 0.4136 0.9625
vt 0.4395 0.6394
vn 0.8275 0.5445 0.1370
v -0.3489 0.3550 0.9986
vt 0.4306 0.6326
vn 0.8876 0.0211 0.4602
v -0.3376 0.3550 0.9304
vt 0.4306 0.6326
vn 0.9885 0.0211 -0.1496
f 1927/1927/1927 1928/1928/1928 1929/1929/1929
v -0.3489 0.3550 0.9986
vt 0.4306 0.6326
vn 0.8876 0.0211 0.4602
v -0.3484 0.3048 0.9637
vt 0.4217 0.6295
vn 0.8920 -0.4273 0.1477
v -0.3376 0.3550 0.9304
vt 0.4306 0.6326
vn 0.9885 0.0211 -0.1496
f 1930/1930/1930 1931/1931/1931 1932/1932/1932
v -0.3801 0.2956 1.0151
vt 0.4183 0.6326
vn 0.6086 -0.5103 0.6076
v -0.3982 0.3541 1.0472
vt 0.4272 0.6394
vn 0.4476 0.0130 0.8941
v -0.4322 0.3033 1.0462
vt 0.4159 0.6411
vn 0.1435 -0.4410 0.8860
f 1933/1933/1933 1934/1934/1934 1935/1935/1935
v -0.3801 0.2956 1.0151
vt 0.4183 0.6326
vn 0.6086 -0.5103 0.6076
v -0.3489 0.3550 0.9986
vt 0.4306 0.6326
vn 0.8876 0.0211 0.4602
v -0.3982 0.3541 1.0472
vt 0.4272 0.6394
vn 0.4476 0.0130 0.8941
f 1936/1936/1936 1937/1937/1937 1938/1938/1938
v -0.3489 0.3550 0.9986
vt 0.4306 0.6326
vn 0.8876 0.0211 0.4602
v -0.3791 0.4045 1.0182
vt 0.4368 0.6411
vn 0.6181 0.4631 0.6352
v -0.3982 0.3541 1.0472
vt 0.4272 0.6394
vn 0.4476 0.0130 0.8941
f 1939/1939/1939 1940/1940/1940 1941/1941/1941
v -0.7000 0.1750 1.4000
vt 0.7842 0.8581
vn -1.0000 0.0000 0.0000
v -0.7000 0.3500 1.4000
vt 0.7842 0.8919
vn -1.0000 0.0000 0.0000
v -0.7000 0.5250 0.7000
vt 0.7842 0.9258
vn -1.0000 0.0000 0.0000
v -0.7000 0.2625 0.7000
vt 0.7842 0.8750
vn -1.0000 0.0000 0.0000
f 1942/1942/1942 1943/1943/1943 1944/1944/1944 1945/1945/1945
v -0.7000 0.2625 0.7000
vt 0.7842 0.8750
vn 0.0000 0.0000 -1.0000
v -0.7000 0.5250 0.7000
vt 0.7842 0.9258
vn 0.0000 0.0000 -1.0000
v 0.7000 0.5250 0.7000
vt 0.8408 0.9258
vn 0.0000 0.0000 -1.0000
v 0.7000 0.2625 0.7000
vt 0.8408 0.8750
vn 0.0000 0.0000 -1.0000
f 1946/1946/1946 1947/1947/1947 1948/1948/1948 1949/1949/1949
v 0.7000 0.2625 0.7000
vt 0.8408 0.8750
vn 1.0000 0.0000 0.0000
v 0.7000 0.5250 0.7000
vt 0.8408 0.9258
vn 1.0000 0.0000 0.0000
v 0.7000 0.3500 1.4000
vt 0.8408 0.8919
vn 1.0000 0.0000 0.0000
v 0.7000 0.1750 1.4000
vt 0.8408 0.8581
vn 1.0000 0.0000 0.0000
f 1950/1950/1950 1951/1951/1951 1952/1952/1952 1953/1953/1953
v 0.7000 0.1750 1.4000
vt 0.8408 0.8581
vn 0.0000 -0.0000 1.0000
v 0.7000 0.3500 1.4000
vt 0.8408 0.8919
vn 0.0000 -0.0000 1.0000
v -0.7000 0.3500 1.4000
vt 0.7842 0.8919
vn 0.0000 -0.0000 1.0000
v -0.7000 0.1750 1.4000
vt 0.7842 0.8581
vn 0.0000 -0.0000 1.0000
f 1954/1954/1954 1955/1955/1955 1956/1956/1956 1957/1957/1957
v -0.7000 0.0000 0.7000
vt 0.7842 0.8086
vn -0.0000 -1.0000 0.0000
v 0.7000 0.0000 0.7000
vt 0.8408 0.8086
vn -0.0000 -1.0000 0.0000
v 0.7000 0.0000 1.4000
vt 0.8408 0.8086
vn -0.0000 -1.0000 0.0000
v -0.7000 0.0000 1.4000
vt 0.7842 0.8086
vn -0.0000 -1.0000 0.0000
f 1958/1958/1958 1959/1959/1959 1960/1960/1960 1961/1961/1961
v 0.5983 0.5003 0.7987
vt 0.8367 0.9054
vn 0.0000 -0.0000 1.0000
v -0.5983 0.5003 0.7987
vt 0.7883 0.9054
vn 0.0000 -0.0000 1.0000
v -0.5983 0.1225 0.7987
vt 0.7883 0.8323
vn 0.0000 -0.0000 1.0000
v 0.5983 0.1225 0.7987
vt 0.8367 0.8323
vn 0.0000 -0.0000 1.0000
f 1962/1962/1962 1963/1963/1963 1964/1964/1964 1965/1965/1965
v -0.5983 0.3747 1.3013
vt 0.7883 0.9280
vn 0.0000 0.9701 0.2425
v -0.5983 0.5003 0.7987
vt 0.7883 0.9523
vn 0.0000 0.9701 0.2425
v -0.7000 0.5250 0.7000
vt 0.7842 0.9570
vn 0.0000 0.9701 0.2425
v -0.7000 0.3500 1.4000
vt 0.7842 0.9232
vn 0.0000 0.9701 0.2425
f 1966/1966/1966 1967/1967/1967 1968/1968/1968 1969/1969/1969
v -0.5983 0.5003 0.7987
vt 0.7883 0.9523
vn 0.0000 0.9701 0.2425
v 0.5983 0.5003 0.7987
vt 0.8367 0.9523
vn 0.0000 0.9701 0.2425
v 0.7000 0.5250 0.7000
vt 0.8408 0.9570
vn 0.0000 0.9701 0.2425
v -0.7000 0.5250 0.7000
vt 0.7842 0.9570
vn 0.0000 0.9701 0.2425
f 1970/1970/1970 1971/1971/1971 1972/1972/1972 1973/1973/1973
v 0.5983 0.5003 0.7987
vt 0.8367 0.9523
vn 0.0000 0.9701 0.2425
v 0.5983 0.3747 1.3013
vt 0.8367 0.9280
vn 0.0000 0.9701 0.2425
v 0.7000 0.3500 1.4000
vt 0.8408 0.9232
vn 0.0000 0.9701 0.2425
v 0.7000 0.5250 0.7000
vt 0.8408 0.9570
vn 0.0000 0.9701 0.2425
f 1974/1974/1974 1975/1975/1975 1976/1976/1976 1977/1977/1977
v 0.5983 0.3747 1.3013
vt 0.8367 0.9280
vn 0.0000 0.9701 0.2425
v -0.5983 0.3747 1.3013
vt 0.7883 0.9280
vn 0.0000 0.9701 0.2425
v -0.7000 0.3500 1.4000
vt 0.7842 0.9232
vn 0.0000 0.9701 0.2425
v 0.7000 0.3500 1.4000
vt 0.8408 0.9232
vn 0.0000 0.9701 0.2425
f 1978/1978/1978 1979/1979/1979 1980/1980/1980 1981/1981/1981
v 0.5983 0.1225 0.7987
vt 0.8367 0.8635
vn 0.0000 1.0000 0.0000
v -0.5983 0.1225 0.7987
vt 0.7883 0.8635
vn 0.0000 1.0000 0.0000
v -0.5983 0.1225 1.3013
vt 0.7883 0.8635
vn 0.0000 1.0000 0.0000
v 0.5983 0.1225 1.3013
vt 0.8367 0.8635
vn 0.0000 1.0000 0.0000
f 1982/1982/1982 1983/1983/1983 1984/1984/1984 1985/1985/1985
v 0.5983 0.3747 1.3013
vt 0.8367 0.8811
vn -1.0000 0.0000 0.0000
v 0.5983 0.5003 0.7987
vt 0.8367 0.9054
vn -1.0000 0.0000 0.0000
v 0.5983 0.1225 0.7987
vt 0.8367 0.8323
vn -1.0000 0.0000 0.0000
v 0.5983 0.1225 1.3013
vt 0.8367 0.8323
vn -1.0000 0.0000 0.0000
f 1986/1986/1986 1987/1987/1987 1988/1988/1988 1989/1989/1989
v -0.5983 0.5003 0.7987
vt 0.7883 0.9054
vn 1.0000 0.0000 0.0000
v -0.5983 0.3747 1.3013
vt 0.7883 0.8811
vn 1.0000 0.0000 0.0000
v -0.5983 0.1225 1.3013
vt 0.7883 0.8323
vn 1.0000 0.0000 0.0000
v -0.5983 0.1225 0.7987
vt 0.7883 0.8323
vn 1.0000 0.0000 0.0000
f 1990/1990/1990 1991/1991/1991 1992/1992/1992 1993/1993/1993
v -0.5983 0.3747 1.3013
vt 0.7883 0.8811
vn 0.0000 0.0000 -1.0000
v 0.5983 0.3747 1.3013
vt 0.8367 0.8811
vn 0.0000 0.0000 -1.0000
v 0.5983 0.1225 1.3013
vt 0.8367 0.8323
vn 0.0000 0.0000 -1.0000
v -0.5983 0.1225 1.3013
vt 0.7883 0.8323
vn 0.0000 0.0000 -1.0000
f 1994/1994/1994 1995/1995/1995 1996/1996/1996 1997/1997/1997
v 0.0529 0.4443 0.7987
vt 0.8367 0.8948
vn 0.0000 0.9684 0.2496
v -0.0529 0.4443 0.7987
vt 0.7883 0.8948
vn 0.0000 0.9684 0.2496
v -0.0529 0.3147 1.3013
vt 0.7883 0.8948
vn 0.0000 0.9684 0.2496
v 0.0529 0.3147 1.3013
vt 0.8367 0.8948
vn 0.0000 0.9684 0.2496
f 1998/1998/1998 1999/1999/1999 2000/2000/2000 2001/2001/2001
v 0.0529 0.1225 1.3013
vt 0.8367 0.8479
vn 1.0000 0.0000 0.0000
v 0.0529 0.1225 0.7987
vt 0.8367 0.8479
vn 1.0000 0.0000 0.0000
v 0.0529 0.4443 0.7987
vt 0.8367 0.8479
vn 1.0000 0.0000 0.0000
v 0.0529 0.3147 1.3013
vt 0.8367 0.8479
vn 1.0000 0.0000 0.0000
f 2002/2002/2002 2003/2003/2003 2004/2004/2004 2005/2005/2005
v -0.0529 0.1225 0.7987
vt 0.7883 0.8479
vn -1.0000 0.0000 0.0000
v -0.0529 0.1225 1.3013
vt 0.7883 0.8479
vn -1.0000 0.0000 0.0000
v -0.0529 0.3147 1.3013
vt 0.7883 0.8479
vn -1.0000 0.0000 0.0000
v -0.0529 0.4443 0.7987
vt 0.7883 0.8479
vn -1.0000 0.0000 0.0000
f 2006/2006/2006 2007/2007/2007 2008/2008/2008 2009/2009/2009
v 0.7000 0.0000 1.4000
vt 0.8408 0.8242
vn 0.0000 -0.0000 1.0000
v 0.7000 0.1750 1.4000
vt 0.8408 0.8424
vn 0.0000 -0.0000 1.0000
v -0.7000 0.1750 1.4000
vt 0.7842 0.8424
vn 0.0000 -0.0000 1.0000
v -0.7000 0.0000 1.4000
vt 0.7842 0.8242
vn 0.0000 -0.0000 1.0000
f 2010/2010/2010 2011/2011/2011 2012/2012/2012 2013/2013/2013
v 0.7000 0.0000 0.7000
vt 0.8408 0.8242
vn 1.0000 0.0000 0.0000
v 0.7000 0.2625 0.7000
vt 0.8408 0.8594
vn 1.0000 0.0000 0.0000
v 0.7000 0.1750 1.4000
vt 0.8408 0.8424
vn 1.0000 0.0000 0.0000
v 0.7000 0.0000 1.4000
vt 0.8408 0.8242
vn 1.0000 0.0000 0.0000
f 2014/2014/2014 2015/2015/2015 2016/2016/2016 2017/2017/2017
v -0.7000 0.0000 0.7000
vt 0.7842 0.8242
vn 0.0000 0.0000 -1.0000
v -0.7000 0.2625 0.7000
vt 0.7842 0.8594
vn 0.0000 0.0000 -1.0000
v 0.7000 0.2625 0.7000
vt 0.8408 0.8594
vn 0.0000 0.0000 -1.0000
v 0.7000 0.0000 0.7000
vt 0.8408 0.8242
vn 0.0000 0.0000 -1.0000
f 2018/2018/2018 2019/2019/2019 2020/2020/2020 2021/2021/2021
v -0.7000 0.0000 1.4000
vt 0.7842 0.8242
vn -1.0000 0.0000 0.0000
v -0.7000 0.1750 1.4000
vt 0.7842 0.8424
vn -1.0000 0.0000 0.0000
v -0.7000 0.2625 0.7000
vt 0.7842 0.8594
vn -1.0000 0.0000 0.0000
v -0.7000 0.0000 0.7000
vt 0.7842 0.8242
vn -1.0000 0.0000 0.0000
f 2022/2022/2022 2023/2023/2023 2024/2024/2024 2025/2025/2025
v 0.1897 0.3798 0.8550
vt 0.8367 0.3953
vn -0.1320 0.9912 -0.0025
v 0.1897 0.3784 0.7683
vt 0.8554 0.3918
vn -0.0710 0.9974 0.0109
v 0.0407 0.3784 0.7683
vt 0.8554 0.3918
vn -0.0855 0.9876 0.1313
v 0.0407 0.3551 0.8463
vt 0.8374 0.3920
vn -0.1578 0.9834 0.0890
f 2026/2026/2026 2027/2027/2027 2028/2028/2028 2029/2029/2029
v 0.1897 0.2569 1.3472
vt 0.7656 0.3918
vn -0.0606 0.9581 0.2801
v 0.1897 0.2884 1.2230
vt 0.7836 0.3928
vn -0.0965 0.9323 0.3485
v 0.0407 0.2812 1.2219
vt 0.7836 0.3918
vn -0.0679 0.9489 0.3081
v 0.0407 0.2569 1.3472
vt 0.7656 0.3918
vn -0.0246 0.9755 0.2185
f 2030/2030/2030 2031/2031/2031 2032/2032/2032 2033/2033/2033
v 0.1897 0.2884 1.2230
vt 0.7836 0.3928
vn -0.0965 0.9323 0.3485
v 0.1897 0.3484 1.1084
vt 0.8008 0.3953
vn -0.1690 0.9249 0.3405
v 0.0407 0.3238 1.0997
vt 0.8015 0.3920
vn -0.1769 0.9382 0.2974
v 0.0407 0.2812 1.2219
vt 0.7836 0.3918
vn -0.0679 0.9489 0.3081
f 2034/2034/2034 2035/2035/2035 2036/2036/2036 2037/2037/2037
v 0.1897 0.3484 1.1084
vt 0.8008 0.3953
vn -0.1690 0.9249 0.3405
v 0.1897 0.3840 0.9904
vt 0.8180 0.3992
vn -0.1983 0.9722 0.1243
v 0.0407 0.3388 0.9744
vt 0.8192 0.3931
vn -0.2356 0.9646 0.1185
v 0.0407 0.3238 1.0997
vt 0.8015 0.3920
vn -0.1769 0.9382 0.2974
f 2038/2038/2038 2039/2039/2039 2040/2040/2040 2041/2041/2041
v 0.1897 0.3840 0.9904
vt 0.8180 0.3992
vn -0.1983 0.9722 0.1243
v 0.1897 0.3798 0.8550
vt 0.8367 0.3953
vn -0.1320 0.9912 -0.0025
v 0.0407 0.3551 0.8463
vt 0.8374 0.3920
vn -0.1578 0.9834 0.0890
v 0.0407 0.3388 0.9744
vt 0.8192 0.3931
vn -0.2356 0.9646 0.1185
f 2042/2042/2042 2043/2043/2043 2044/2044/2044 2045/2045/2045
v 0.6137 0.3388 0.9744
vt 0.8192 0.3931
vn 0.2787 0.9432 0.1811
v 0.6137 0.3551 0.8463
vt 0.8374 0.3920
vn 0.1850 0.9787 0.0889
v 0.4877 0.3798 0.8550
vt 0.8367 0.3953
vn 0.1464 0.9892 -0.0028
v 0.4877 0.3840 0.9904
vt 0.8180 0.3992
vn 0.2334 0.9569 0.1730
f 2046/2046/2046 2047/2047/2047 2048/2048/2048 2049/2049/2049
v 0.4877 0.3840 0.9904
vt 0.8180 0.3992
vn 0.2334 0.9569 0.1730
v 0.4877 0.3798 0.8550
vt 0.8367 0.3953
vn 0.1464 0.9892 -0.0028
v 0.3387 0.3970 0.8611
vt 0.8363 0.3976
vn -0.0000 0.9959 -0.0908
v 0.3387 0.4129 1.0007
vt 0.8172 0.4499
vn 0.0142 0.9882 0.1528
f 2050/2050/2050 2051/2051/2051 2052/2052/2052 2053/2053/2053
v 0.3387 0.4129 1.0007
vt 0.8172 0.4499
vn 0.0142 0.9882 0.1528
v 0.3387 0.3970 0.8611
vt 0.8363 0.3976
vn -0.0000 0.9959 -0.0908
v 0.1897 0.3798 0.8550
vt 0.8367 0.3953
vn -0.1320 0.9912 -0.0025
v 0.1897 0.3840 0.9904
vt 0.8180 0.3992
vn -0.1983 0.9722 0.1243
f 2054/2054/2054 2055/2055/2055 2056/2056/2056 2057/2057/2057
v 0.6137 0.3065 1.0969
vt 0.8015 0.3920
vn 0.2083 0.9318 0.2973
v 0.6137 0.3388 0.9744
vt 0.8192 0.3931
vn 0.2787 0.9432 0.1811
v 0.4877 0.3840 0.9904
vt 0.8180 0.3992
vn 0.2334 0.9569 0.1730
v 0.4877 0.3312 1.1057
vt 0.8008 0.3953
vn 0.2119 0.9172 0.3375
f 2058/2058/2058 2059/2059/2059 2060/2060/2060 2061/2061/2061
v 0.4877 0.3312 1.1057
vt 0.8008 0.3953
vn 0.2119 0.9172 0.3375
v 0.4877 0.3840 0.9904
vt 0.8180 0.3992
vn 0.2334 0.9569 0.1730
v 0.3387 0.4129 1.0007
vt 0.8172 0.4499
vn 0.0142 0.9882 0.1528
v 0.3387 0.3675 1.1148
vt 0.8004 0.3979
vn 0.0277 0.9220 0.3862
f 2062/2062/2062 2063/2063/2063 2064/2064/2064 2065/2065/2065
v 0.3387 0.3675 1.1148
vt 0.8004 0.3979
vn 0.0277 0.9220 0.3862
v 0.3387 0.4129 1.0007
vt 0.8172 0.4499
vn 0.0142 0.9882 0.1528
v 0.1897 0.3840 0.9904
vt 0.8180 0.3992
vn -0.1983 0.9722 0.1243
v 0.1897 0.3484 1.1084
vt 0.8008 0.3953
vn -0.1690 0.9249 0.3405
f 2066/2066/2066 2067/2067/2067 2068/2068/2068 2069/2069/2069
v 0.6137 0.2812 1.2219
vt 0.7836 0.3918
vn 0.0802 0.9665 0.2437
v 0.6137 0.3065 1.0969
vt 0.8015 0.3920
vn 0.2083 0.9318 0.2973
v 0.4877 0.3312 1.1057
vt 0.8008 0.3953
vn 0.2119 0.9172 0.3375
v 0.4877 0.2884 1.2230
vt 0.7836 0.3928
vn 0.1168 0.9466 0.3006
f 2070/2070/2070 2071/2071/2071 2072/2072/2072 2073/2073/2073
v 0.4877 0.2884 1.2230
vt 0.7836 0.3928
vn 0.1168 0.9466 0.3006
v 0.4877 0.3312 1.1057
vt 0.8008 0.3953
vn 0.2119 0.9172 0.3375
v 0.3387 0.3675 1.1148
vt 0.8004 0.3979
vn 0.0277 0.9220 0.3862
v 0.3387 0.3157 1.2274
vt 0.7836 0.3963
vn 0.0147 0.9259 0.3775
f 2074/2074/2074 2075/2075/2075 2076/2076/2076 2077/2077/2077
v 0.3387 0.3157 1.2274
vt 0.7836 0.3963
vn 0.0147 0.9259 0.3775
v 0.3387 0.3675 1.1148
vt 0.8004 0.3979
vn 0.0277 0.9220 0.3862
v 0.1897 0.3484 1.1084
vt 0.8008 0.3953
vn -0.1690 0.9249 0.3405
v 0.1897 0.2884 1.2230
vt 0.7836 0.3928
vn -0.0965 0.9323 0.3485
f 2078/2078/2078 2079/2079/2079 2080/2080/2080 2081/2081/2081
v 0.6137 0.2569 1.3472
vt 0.7656 0.3918
vn 0.0291 0.9754 0.2185
v 0.6137 0.2812 1.2219
vt 0.7836 0.3918
vn 0.0802 0.9665 0.2437
v 0.4877 0.2884 1.2230
vt 0.7836 0.3928
vn 0.1168 0.9466 0.3006
v 0.4877 0.2569 1.3472
vt 0.7656 0.3918
vn 0.0629 0.9579 0.2800
f 2082/2082/2082 2083/2083/2083 2084/2084/2084 2085/2085/2085
v 0.4877 0.2569 1.3472
vt 0.7656 0.3918
vn 0.0629 0.9579 0.2800
v 0.4877 0.2884 1.2230
vt 0.7836 0.3928
vn 0.1168 0.9466 0.3006
v 0.3387 0.3157 1.2274
vt 0.7836 0.3963
vn 0.0147 0.9259 0.3775
v 0.3387 0.2585 1.3474
vt 0.7656 0.3921
vn 0.0000 0.9398 0.3417
f 2086/2086/2086 2087/2087/2087 2088/2088/2088 2089/2089/2089
v 0.3387 0.2585 1.3474
vt 0.7656 0.3921
vn 0.0000 0.9398 0.3417
v 0.3387 0.3157 1.2274
vt 0.7836 0.3963
vn 0.0147 0.9259 0.3775
v 0.1897 0.2884 1.2230
vt 0.7836 0.3928
vn -0.0965 0.9323 0.3485
v 0.1897 0.2569 1.3472
vt 0.7656 0.3918
vn -0.0606 0.9581 0.2801
f 2090/2090/2090 2091/2091/2091 2092/2092/2092 2093/2093/2093
v 0.6137 0.3551 0.8463
vt 0.8374 0.3920
vn 0.1850 0.9787 0.0889
v 0.6137 0.3784 0.7683
vt 0.8554 0.3918
vn 0.1008 0.9862 0.1312
v 0.4877 0.3784 0.7683
vt 0.8554 0.3918
vn 0.0788 0.9968 0.0108
v 0.4877 0.3798 0.8550
vt 0.8367 0.3953
vn 0.1464 0.9892 -0.0028
f 2094/2094/2094 2095/2095/2095 2096/2096/2096 2097/2097/2097
v 0.4877 0.3798 0.8550
vt 0.8367 0.3953
vn 0.1464 0.9892 -0.0028
v 0.4877 0.3784 0.7683
vt 0.8554 0.3918
vn 0.0788 0.9968 0.0108
v 0.3387 0.3785 0.7684
vt 0.8554 0.3919
vn -0.0000 0.9939 -0.1099
v 0.3387 0.3970 0.8611
vt 0.8363 0.3976
vn -0.0000 0.9959 -0.0908
f 2098/2098/2098 2099/2099/2099 2100/2100/2100 2101/2101/2101
v 0.3387 0.3970 0.8611
vt 0.8363 0.3976
vn -0.0000 0.9959 -0.0908
v 0.3387 0.3785 0.7684
vt 0.8554 0.3919
vn -0.0000 0.9939 -0.1099
v 0.1897 0.3784 0.7683
vt 0.8554 0.3918
vn -0.0710 0.9974 0.0109
v 0.1897 0.3798 0.8550
vt 0.8367 0.3953
vn -0.1320 0.9912 -0.0025
f 2102/2102/2102 2103/2103/2103 2104/2104/2104 2105/2105/2105
v 0.2675 0.2901 1.1300
vt 0.7967 0.3795
vn 0.9177 -0.3970 -0.0140
v 0.2678 0.3227 1.1651
vt 0.8056 0.3826
vn 0.9221 -0.0247 0.3861
v 0.2465 0.2732 1.1696
vt 0.7933 0.3826
vn 0.6783 -0.5903 0.4377
f 2106/2106/2106 2107/2107/2107 2108/2108/2108
v 0.2441 0.3559 1.1900
vt 0.8118 0.3911
vn 0.6511 0.3550 0.6708
v 0.2678 0.3227 1.1651
vt 0.8056 0.3826
vn 0.9221 -0.0247 0.3861
v 0.2584 0.3730 1.1476
vt 0.8145 0.3894
vn 0.8138 0.5503 0.1870
f 2109/2109/2109 2110/2110/2110 2111/2111/2111
v 0.2675 0.2901 1.1300
vt 0.7967 0.3795
vn 0.9177 -0.3970 -0.0140
v 0.2465 0.2732 1.1696
vt 0.7933 0.3826
vn 0.6783 -0.5903 0.4377
v 0.2375 0.2543 1.1197
vt 0.7857 0.3826
vn 0.5759 -0.8068 -0.1321
f 2112/2112/2112 2113/2113/2113 2114/2114/2114
v 0.2675 0.2901 1.1300
vt 0.7967 0.3795
vn 0.9177 -0.3970 -0.0140
v 0.2375 0.2543 1.1197
vt 0.7857 0.3826
vn 0.5759 -0.8068 -0.1321
v 0.2534 0.2920 1.0844
vt 0.7933 0.3826
vn 0.7565 -0.3751 -0.5358
f 2115/2115/2115 2116/2116/2116 2117/2117/2117
v 0.2675 0.2901 1.1300
vt 0.7967 0.3795
vn 0.9177 -0.3970 -0.0140
v 0.2534 0.2920 1.0844
vt 0.7933 0.3826
vn 0.7565 -0.3751 -0.5358
v 0.2721 0.3343 1.1124
vt 0.8056 0.3826
vn 0.9705 0.1083 -0.2155
f 2118/2118/2118 2119/2119/2119 2120/2120/2120
v 0.2441 0.3559 1.1900
vt 0.8118 0.3911
vn 0.6511 0.3550 0.6708
v 0.2584 0.3730 1.1476
vt 0.8145 0.3894
vn 0.8138 0.5503 0.1870
v 0.2175 0.3933 1.1766
vt 0.8166 0.4004
vn 0.3463 0.7821 0.5181
f 2121/2121/2121 2122/2122/2122 2123/2123/2123
v 0.2078 0.2717 1.1977
vt 0.7909 0.3911
vn 0.2362 -0.6072 0.7586
v 0.2328 0.3119 1.2048
vt 0.8022 0.3894
vn 0.5216 -0.1483 0.8402
v 0.1803 0.3060 1.2164
vt 0.7967 0.4004
vn -0.0782 -0.2152 0.9734
f 2124/2124/2124 2125/2125/2125 2126/2126/2126
v 0.1926 0.2395 1.1128
vt 0.7780 0.3911
vn 0.0620 -0.9756 -0.2107
v 0.2025 0.2434 1.1595
vt 0.7823 0.3894
vn 0.1753 -0.9303 0.3221
v 0.1526 0.2448 1.1386
vt 0.7768 0.4004
vn -0.3946 -0.9151 0.0835
f 2127/2127/2127 2128/2128/2128 2129/2129/2129
v 0.2195 0.3038 1.0527
vt 0.7909 0.3911
vn 0.3693 -0.2411 -0.8975
v 0.2093 0.2623 1.0743
vt 0.7823 0.3894
vn 0.2535 -0.7152 -0.6514
v 0.1727 0.2942 1.0506
vt 0.7844 0.4004
vn -0.1657 -0.3504 -0.9218
f 2130/2130/2130 2131/2131/2131 2132/2132/2132
v 0.2513 0.3757 1.1004
vt 0.8118 0.3911
vn 0.7334 0.5812 -0.3527
v 0.2439 0.3423 1.0670
vt 0.8022 0.3894
vn 0.6481 0.1999 -0.7348
v 0.2127 0.3860 1.0741
vt 0.8090 0.4004
vn 0.2922 0.6985 -0.6532
f 2133/2133/2133 2134/2134/2134 2135/2135/2135
v 0.2441 0.3559 1.1900
vt 0.8118 0.3911
vn 0.6511 0.3550 0.6708
v 0.2175 0.3933 1.1766
vt 0.8166 0.4004
vn 0.3463 0.7821 0.5181
v 0.2017 0.3555 1.2119
vt 0.8090 0.4004
vn 0.1657 0.3504 0.9218
f 2136/2136/2136 2137/2137/2137 2138/2138/2138
v 0.2078 0.2717 1.1977
vt 0.7909 0.3911
vn 0.2362 -0.6072 0.7586
v 0.1803 0.3060 1.2164
vt 0.7967 0.4004
vn -0.0782 -0.2152 0.9734
v 0.1616 0.2637 1.1884
vt 0.7844 0.4004
vn -0.2922 -0.6985 0.6532
f 2139/2139/2139 2140/2140/2140 2141/2141/2141
v 0.1926 0.2395 1.1128
vt 0.7780 0.3911
vn 0.0620 -0.9756 -0.2107
v 0.1526 0.2448 1.1386
vt 0.7768 0.4004
vn -0.3946 -0.9151 0.0835
v 0.1569 0.2564 1.0859
vt 0.7768 0.4004
vn -0.3463 -0.7821 -0.5181
f 2142/2142/2142 2143/2143/2143 2144/2144/2144
v 0.2195 0.3038 1.0527
vt 0.7909 0.3911
vn 0.3693 -0.2411 -0.8975
v 0.1727 0.2942 1.0506
vt 0.7844 0.4004
vn -0.1657 -0.3504 -0.9218
v 0.1940 0.3437 1.0461
vt 0.7967 0.4004
vn 0.0782 0.2152 -0.9734
f 2145/2145/2145 2146/2146/2146 2147/2147/2147
v 0.2513 0.3757 1.1004
vt 0.8118 0.3911
vn 0.7334 0.5812 -0.3527
v 0.2127 0.3860 1.0741
vt 0.8090 0.4004
vn 0.2922 0.6985 -0.6532
v 0.2217 0.4049 1.1240
vt 0.8166 0.4004
vn 0.3946 0.9151 -0.0835
f 2148/2148/2148 2149/2149/2149 2150/2150/2150
v 0.1548 0.3459 1.2098
vt 0.8025 0.4098
vn -0.3693 0.2411 0.8975
v 0.1650 0.3874 1.1883
vt 0.8111 0.4114
vn -0.2535 0.7152 0.6514
v 0.1210 0.3577 1.1782
vt 0.8001 0.4182
vn -0.7565 0.3751 0.5358
f 2151/2151/2151 2152/2152/2152 2153/2153/2153
v 0.1230 0.2740 1.1621
vt 0.7815 0.4098
vn -0.7334 -0.5812 0.3527
v 0.1304 0.3074 1.1956
vt 0.7912 0.4114
vn -0.6481 -0.1999 0.7348
v 0.1022 0.3154 1.1501
vt 0.7878 0.4182
vn -0.9705 -0.1083 0.2155
f 2154/2154/2154 2155/2155/2155 2156/2156/2156
v 0.1302 0.2938 1.0726
vt 0.7815 0.4098
vn -0.6511 -0.3550 -0.6708
v 0.1160 0.2767 1.1149
vt 0.7789 0.4114
vn -0.8138 -0.5503 -0.1870
v 0.1065 0.3270 1.0975
vt 0.7878 0.4182
vn -0.9221 0.0247 -0.3861
f 2157/2157/2157 2158/2158/2158 2159/2159/2159
v 0.1665 0.3780 1.0649
vt 0.8025 0.4098
vn -0.2362 0.6072 -0.7586
v 0.1415 0.3378 1.0578
vt 0.7912 0.4114
vn -0.5216 0.1483 -0.8402
v 0.1278 0.3765 1.0930
vt 0.8001 0.4182
vn -0.6783 0.5903 -0.4377
f 2160/2160/2160 2161/2161/2161 2162/2162/2162
v 0.1817 0.4102 1.1497
vt 0.8154 0.4098
vn -0.0620 0.9756 0.2107
v 0.1718 0.4063 1.1031
vt 0.8111 0.4114
vn -0.1753 0.9303 -0.3221
v 0.1368 0.3954 1.1428
vt 0.8077 0.4182
vn -0.5759 0.8068 0.1321
f 2163/2163/2163 2164/2164/2164 2165/2165/2165
v 0.1368 0.3954 1.1428
vt 0.8077 0.4182
vn -0.5759 0.8068 0.1321
v 0.1278 0.3765 1.0930
vt 0.8001 0.4182
vn -0.6783 0.5903 -0.4377
v 0.1069 0.3596 1.1325
vt 0.7967 0.4213
vn -0.9177 0.3970 0.0140
f 2166/2166/2166 2167/2167/2167 2168/2168/2168
v 0.1368 0.3954 1.1428
vt 0.8077 0.4182
vn -0.5759 0.8068 0.1321
v 0.1718 0.4063 1.1031
vt 0.8111 0.4114
vn -0.1753 0.9303 -0.3221
v 0.1278 0.3765 1.0930
vt 0.8001 0.4182
vn -0.6783 0.5903 -0.4377
f 2169/2169/2169 2170/2170/2170 2171/2171/2171
v 0.1718 0.4063 1.1031
vt 0.8111 0.4114
vn -0.1753 0.9303 -0.3221
v 0.1665 0.3780 1.0649
vt 0.8025 0.4098
vn -0.2362 0.6072 -0.7586
v 0.1278 0.3765 1.0930
vt 0.8001 0.4182
vn -0.6783 0.5903 -0.4377
f 2172/2172/2172 2173/2173/2173 2174/2174/2174
v 0.1278 0.3765 1.0930
vt 0.8001 0.4182
vn -0.6783 0.5903 -0.4377
v 0.1065 0.3270 1.0975
vt 0.7878 0.4182
vn -0.9221 0.0247 -0.3861
v 0.1069 0.3596 1.1325
vt 0.7967 0.4213
vn -0.9177 0.3970 0.0140
f 2175/2175/2175 2176/2176/2176 2177/2177/2177
v 0.1278 0.3765 1.0930
vt 0.8001 0.4182
vn -0.6783 0.5903 -0.4377
v 0.1415 0.3378 1.0578
vt 0.7912 0.4114
vn -0.5216 0.1483 -0.8402
v 0.1065 0.3270 1.0975
vt 0.7878 0.4182
vn -0.9221 0.0247 -0.3861
f 2178/2178/2178 2179/2179/2179 2180/2180/2180
v 0.1415 0.3378 1.0578
vt 0.7912 0.4114
vn -0.5216 0.1483 -0.8402
v 0.1302 0.2938 1.0726
vt 0.7815 0.4098
vn -0.6511 -0.3550 -0.6708
v 0.1065 0.3270 1.0975
vt 0.7878 0.4182
vn -0.9221 0.0247 -0.3861
f 2181/2181/2181 2182/2182/2182 2183/2183/2183
v 0.1065 0.3270 1.0975
vt 0.7878 0.4182
vn -0.9221 0.0247 -0.3861
v 0.1022 0.3154 1.1501
vt 0.7878 0.4182
vn -0.9705 -0.1083 0.2155
v 0.1069 0.3596 1.1325
vt 0.7967 0.4213
vn -0.9177 0.3970 0.0140
f 2184/2184/2184 2185/2185/2185 2186/2186/2186
v 0.1065 0.3270 1.0975
vt 0.7878 0.4182
vn -0.9221 0.0247 -0.3861
v 0.1160 0.2767 1.1149
vt 0.7789 0.4114
vn -0.8138 -0.5503 -0.1870
v 0.1022 0.3154 1.1501
vt 0.7878 0.4182
vn -0.9705 -0.1083 0.2155
f 2187/2187/2187 2188/2188/2188 2189/2189/2189
v 0.1160 0.2767 1.1149
vt 0.7789 0.4114
vn -0.8138 -0.5503 -0.1870
v 0.1230 0.2740 1.1621
vt 0.7815 0.4098
vn -0.7334 -0.5812 0.3527
v 0.1022 0.3154 1.1501
vt 0.7878 0.4182
vn -0.9705 -0.1083 0.2155
f 2190/2190/2190 2191/2191/2191 2192/2192/2192
v 0.1022 0.3154 1.1501
vt 0.7878 0.4182
vn -0.9705 -0.1083 0.2155
v 0.1210 0.3577 1.1782
vt 0.8001 0.4182
vn -0.7565 0.3751 0.5358
v 0.1069 0.3596 1.1325
vt 0.7967 0.4213
vn -0.9177 0.3970 0.0140
f 2193/2193/2193 2194/2194/2194 2195/2195/2195
v 0.1022 0.3154 1.1501
vt 0.7878 0.4182
vn -0.9705 -0.1083 0.2155
v 0.1304 0.3074 1.1956
vt 0.7912 0.4114
vn -0.6481 -0.1999 0.7348
v 0.1210 0.3577 1.1782
vt 0.8001 0.4182
vn -0.7565 0.3751 0.5358
f 2196/2196/2196 2197/2197/2197 2198/2198/2198
v 0.1304 0.3074 1.1956
vt 0.7912 0.4114
vn -0.6481 -0.1999 0.7348
v 0.1548 0.3459 1.2098
vt 0.8025 0.4098
vn -0.3693 0.2411 0.8975
v 0.1210 0.3577 1.1782
vt 0.8001 0.4182
vn -0.7565 0.3751 0.5358
f 2199/2199/2199 2200/2200/2200 2201/2201/2201
v 0.1210 0.3577 1.1782
vt 0.8001 0.4182
vn -0.7565 0.3751 0.5358
v 0.1368 0.3954 1.1428
vt 0.8077 0.4182
vn -0.5759 0.8068 0.1321
v 0.1069 0.3596 1.1325
vt 0.7967 0.4213
vn -0.9177 0.3970 0.0140
f 2202/2202/2202 2203/2203/2203 2204/2204/2204
v 0.1210 0.3577 1.1782
vt 0.8001 0.4182
vn -0.7565 0.3751 0.5358
v 0.1650 0.3874 1.1883
vt 0.8111 0.4114
vn -0.2535 0.7152 0.6514
v 0.1368 0.3954 1.1428
vt 0.8077 0.4182
vn -0.5759 0.8068 0.1321
f 2205/2205/2205 2206/2206/2206 2207/2207/2207
v 0.1650 0.3874 1.1883
vt 0.8111 0.4114
vn -0.2535 0.7152 0.6514
v 0.1817 0.4102 1.1497
vt 0.8154 0.4098
vn -0.0620 0.9756 0.2107
v 0.1368 0.3954 1.1428
vt 0.8077 0.4182
vn -0.5759 0.8068 0.1321
f 2208/2208/2208 2209/2209/2209 2210/2210/2210
v 0.2217 0.4049 1.1240
vt 0.8166 0.4004
vn 0.3946 0.9151 -0.0835
v 0.1718 0.4063 1.1031
vt 0.8111 0.4114
vn -0.1753 0.9303 -0.3221
v 0.1817 0.4102 1.1497
vt 0.8154 0.4098
vn -0.0620 0.9756 0.2107
f 2211/2211/2211 2212/2212/2212 2213/2213/2213
v 0.2217 0.4049 1.1240
vt 0.8166 0.4004
vn 0.3946 0.9151 -0.0835
v 0.2127 0.3860 1.0741
vt 0.8090 0.4004
vn 0.2922 0.6985 -0.6532
v 0.1718 0.4063 1.1031
vt 0.8111 0.4114
vn -0.1753 0.9303 -0.3221
f 2214/2214/2214 2215/2215/2215 2216/2216/2216
v 0.2127 0.3860 1.0741
vt 0.8090 0.4004
vn 0.2922 0.6985 -0.6532
v 0.1665 0.3780 1.0649
vt 0.8025 0.4098
vn -0.2362 0.6072 -0.7586
v 0.1718 0.4063 1.1031
vt 0.8111 0.4114
vn -0.1753 0.9303 -0.3221
f 2217/2217/2217 2218/2218/2218 2219/2219/2219
v 0.1940 0.3437 1.0461
vt 0.7967 0.4004
vn 0.0782 0.2152 -0.9734
v 0.1415 0.3378 1.0578
vt 0.7912 0.4114
vn -0.5216 0.1483 -0.8402
v 0.1665 0.3780 1.0649
vt 0.8025 0.4098
vn -0.2362 0.6072 -0.7586
f 2220/2220/2220 2221/2221/2221 2222/2222/2222
v 0.1940 0.3437 1.0461
vt 0.7967 0.4004
vn 0.0782 0.2152 -0.9734
v 0.1727 0.2942 1.0506
vt 0.7844 0.4004
vn -0.1657 -0.3504 -0.9218
v 0.1415 0.3378 1.0578
vt 0.7912 0.4114
vn -0.5216 0.1483 -0.8402
f 2223/2223/2223 2224/2224/2224 2225/2225/2225
v 0.1727 0.2942 1.0506
vt 0.7844 0.4004
vn -0.1657 -0.3504 -0.9218
v 0.1302 0.2938 1.0726
vt 0.7815 0.4098
vn -0.6511 -0.3550 -0.6708
v 0.1415 0.3378 1.0578
vt 0.7912 0.4114
vn -0.5216 0.1483 -0.8402
f 2226/2226/2226 2227/2227/2227 2228/2228/2228
v 0.1569 0.2564 1.0859
vt 0.7768 0.4004
vn -0.3463 -0.7821 -0.5181
v 0.1160 0.2767 1.1149
vt 0.7789 0.4114
vn -0.8138 -0.5503 -0.1870
v 0.1302 0.2938 1.0726
vt 0.7815 0.4098
vn -0.6511 -0.3550 -0.6708
f 2229/2229/2229 2230/2230/2230 2231/2231/2231
v 0.1569 0.2564 1.0859
vt 0.7768 0.4004
vn -0.3463 -0.7821 -0.5181
v 0.1526 0.2448 1.1386
vt 0.7768 0.4004
vn -0.3946 -0.9151 0.0835
v 0.1160 0.2767 1.1149
vt 0.7789 0.4114
vn -0.8138 -0.5503 -0.1870
f 2232/2232/2232 2233/2233/2233 2234/2234/2234
v 0.1526 0.2448 1.1386
vt 0.7768 0.4004
vn -0.3946 -0.9151 0.0835
v 0.1230 0.2740 1.1621
vt 0.7815 0.4098
vn -0.7334 -0.5812 0.3527
v 0.1160 0.2767 1.1149
vt 0.7789 0.4114
vn -0.8138 -0.5503 -0.1870
f 2235/2235/2235 2236/2236/2236 2237/2237/2237
v 0.1616 0.2637 1.1884
vt 0.7844 0.4004
vn -0.2922 -0.6985 0.6532
v 0.1304 0.3074 1.1956
vt 0.7912 0.4114
vn -0.6481 -0.1999 0.7348
v 0.1230 0.2740 1.1621
vt 0.7815 0.4098
vn -0.7334 -0.5812 0.3527
f 2238/2238/2238 2239/2239/2239 2240/2240/2240
v 0.1616 0.2637 1.1884
vt 0.7844 0.4004
vn -0.2922 -0.6985 0.6532
v 0.1803 0.3060 1.2164
vt 0.7967 0.4004
vn -0.0782 -0.2152 0.9734
v 0.1304 0.3074 1.1956
vt 0.7912 0.4114
vn -0.6481 -0.1999 0.7348
f 2241/2241/2241 2242/2242/2242 2243/2243/2243
v 0.1803 0.3060 1.2164
vt 0.7967 0.4004
vn -0.0782 -0.2152 0.9734
v 0.1548 0.3459 1.2098
vt 0.8025 0.4098
vn -0.3693 0.2411 0.8975
v 0.1304 0.3074 1.1956
vt 0.7912 0.4114
vn -0.6481 -0.1999 0.7348
f 2244/2244/2244 2245/2245/2245 2246/2246/2246
v 0.2017 0.3555 1.2119
vt 0.8090 0.4004
vn 0.1657 0.3504 0.9218
v 0.1650 0.3874 1.1883
vt 0.8111 0.4114
vn -0.2535 0.7152 0.6514
v 0.1548 0.3459 1.2098
vt 0.8025 0.4098
vn -0.3693 0.2411 0.8975
f 2247/2247/2247 2248/2248/2248 2249/2249/2249
v 0.2017 0.3555 1.2119
vt 0.8090 0.4004
vn 0.1657 0.3504 0.9218
v 0.2175 0.3933 1.1766
vt 0.8166 0.4004
vn 0.3463 0.7821 0.5181
v 0.1650 0.3874 1.1883
vt 0.8111 0.4114
vn -0.2535 0.7152 0.6514
f 2250/2250/2250 2251/2251/2251 2252/2252/2252
v 0.2175 0.3933 1.1766
vt 0.8166 0.4004
vn 0.3463 0.7821 0.5181
v 0.1817 0.4102 1.1497
vt 0.8154 0.4098
vn -0.0620 0.9756 0.2107
v 0.1650 0.3874 1.1883
vt 0.8111 0.4114
vn -0.2535 0.7152 0.6514
f 2253/2253/2253 2254/2254/2254 2255/2255/2255
v 0.2127 0.3860 1.0741
vt 0.8090 0.4004
vn 0.2922 0.6985 -0.6532
v 0.1940 0.3437 1.0461
vt 0.7967 0.4004
vn 0.0782 0.2152 -0.9734
v 0.1665 0.3780 1.0649
vt 0.8025 0.4098
vn -0.2362 0.6072 -0.7586
f 2256/2256/2256 2257/2257/2257 2258/2258/2258
v 0.2127 0.3860 1.0741
vt 0.8090 0.4004
vn 0.2922 0.6985 -0.6532
v 0.2439 0.3423 1.0670
vt 0.8022 0.3894
vn 0.6481 0.1999 -0.7348
v 0.1940 0.3437 1.0461
vt 0.7967 0.4004
vn 0.0782 0.2152 -0.9734
f 2259/2259/2259 2260/2260/2260 2261/2261/2261
v 0.2439 0.3423 1.0670
vt 0.8022 0.3894
vn 0.6481 0.1999 -0.7348
v 0.2195 0.3038 1.0527
vt 0.7909 0.3911
vn 0.3693 -0.2411 -0.8975
v 0.1940 0.3437 1.0461
vt 0.7967 0.4004
vn 0.0782 0.2152 -0.9734
f 2262/2262/2262 2263/2263/2263 2264/2264/2264
v 0.1727 0.2942 1.0506
vt 0.7844 0.4004
vn -0.1657 -0.3504 -0.9218
v 0.1569 0.2564 1.0859
vt 0.7768 0.4004
vn -0.3463 -0.7821 -0.5181
v 0.1302 0.2938 1.0726
vt 0.7815 0.4098
vn -0.6511 -0.3550 -0.6708
f 2265/2265/2265 2266/2266/2266 2267/2267/2267
v 0.1727 0.2942 1.0506
vt 0.7844 0.4004
vn -0.1657 -0.3504 -0.9218
v 0.2093 0.2623 1.0743
vt 0.7823 0.3894
vn 0.2535 -0.7152 -0.6514
v 0.1569 0.2564 1.0859
vt 0.7768 0.4004
vn -0.3463 -0.7821 -0.5181
f 2268/2268/2268 2269/2269/2269 2270/2270/2270
v 0.2093 0.2623 1.0743
vt 0.7823 0.3894
vn 0.2535 -0.7152 -0.6514
v 0.1926 0.2395 1.1128
vt 0.7780 0.3911
vn 0.0620 -0.9756 -0.2107
v 0.1569 0.2564 1.0859
vt 0.7768 0.4004
vn -0.3463 -0.7821 -0.5181
f 2271/2271/2271 2272/2272/2272 2273/2273/2273
v 0.1526 0.2448 1.1386
vt 0.7768 0.4004
vn -0.3946 -0.9151 0.0835
v 0.1616 0.2637 1.1884
vt 0.7844 0.4004
vn -0.2922 -0.6985 0.6532
v 0.1230 0.2740 1.1621
vt 0.7815 0.4098
vn -0.7334 -0.5812 0.3527
f 2274/2274/2274 2275/2275/2275 2276/2276/2276
v 0.1526 0.2448 1.1386
vt 0.7768 0.4004
vn -0.3946 -0.9151 0.0835
v 0.2025 0.2434 1.1595
vt 0.7823 0.3894
vn 0.1753 -0.9303 0.3221
v 0.1616 0.2637 1.1884
vt 0.7844 0.4004
vn -0.2922 -0.6985 0.6532
f 2277/2277/2277 2278/2278/2278 2279/2279/2279
v 0.2025 0.2434 1.1595
vt 0.7823 0.3894
vn 0.1753 -0.9303 0.3221
v 0.2078 0.2717 1.1977
vt 0.7909 0.3911
vn 0.2362 -0.6072 0.7586
v 0.1616 0.2637 1.1884
vt 0.7844 0.4004
vn -0.2922 -0.6985 0.6532
f 2280/2280/2280 2281/2281/2281 2282/2282/2282
v 0.1803 0.3060 1.2164
vt 0.7967 0.4004
vn -0.0782 -0.2152 0.9734
v 0.2017 0.3555 1.2119
vt 0.8090 0.4004
vn 0.1657 0.3504 0.9218
v 0.1548 0.3459 1.2098
vt 0.8025 0.4098
vn -0.3693 0.2411 0.8975
f 2283/2283/2283 2284/2284/2284 2285/2285/2285
v 0.1803 0.3060 1.2164
vt 0.7967 0.4004
vn -0.0782 -0.2152 0.9734
v 0.2328 0.3119 1.2048
vt 0.8022 0.3894
vn 0.5216 -0.1483 0.8402
v 0.2017 0.3555 1.2119
vt 0.8090 0.4004
vn 0.1657 0.3504 0.9218
f 2286/2286/2286 2287/2287/2287 2288/2288/2288
v 0.2328 0.3119 1.2048
vt 0.8022 0.3894
vn 0.5216 -0.1483 0.8402
v 0.2441 0.3559 1.1900
vt 0.8118 0.3911
vn 0.6511 0.3550 0.6708
v 0.2017 0.3555 1.2119
vt 0.8090 0.4004
vn 0.1657 0.3504 0.9218
f 2289/2289/2289 2290/2290/2290 2291/2291/2291
v 0.2175 0.3933 1.1766
vt 0.8166 0.4004
vn 0.3463 0.7821 0.5181
v 0.2217 0.4049 1.1240
vt 0.8166 0.4004
vn 0.3946 0.9151 -0.0835
v 0.1817 0.4102 1.1497
vt 0.8154 0.4098
vn -0.0620 0.9756 0.2107
f 2292/2292/2292 2293/2293/2293 2294/2294/2294
v 0.2175 0.3933 1.1766
vt 0.8166 0.4004
vn 0.3463 0.7821 0.5181
v 0.2584 0.3730 1.1476
vt 0.8145 0.3894
vn 0.8138 0.5503 0.1870
v 0.2217 0.4049 1.1240
vt 0.8166 0.4004
vn 0.3946 0.9151 -0.0835
f 2295/2295/2295 2296/2296/2296 2297/2297/2297
v 0.2584 0.3730 1.1476
vt 0.8145 0.3894
vn 0.8138 0.5503 0.1870
v 0.2513 0.3757 1.1004
vt 0.8118 0.3911
vn 0.7334 0.5812 -0.3527
v 0.2217 0.4049 1.1240
vt 0.8166 0.4004
vn 0.3946 0.9151 -0.0835
f 2298/2298/2298 2299/2299/2299 2300/2300/2300
v 0.2721 0.3343 1.1124
vt 0.8056 0.3826
vn 0.9705 0.1083 -0.2155
v 0.2439 0.3423 1.0670
vt 0.8022 0.3894
vn 0.6481 0.1999 -0.7348
v 0.2513 0.3757 1.1004
vt 0.8118 0.3911
vn 0.7334 0.5812 -0.3527
f 2301/2301/2301 2302/2302/2302 2303/2303/2303
v 0.2721 0.3343 1.1124
vt 0.8056 0.3826
vn 0.9705 0.1083 -0.2155
v 0.2534 0.2920 1.0844
vt 0.7933 0.3826
vn 0.7565 -0.3751 -0.5358
v 0.2439 0.3423 1.0670
vt 0.8022 0.3894
vn 0.6481 0.1999 -0.7348
f 2304/2304/2304 2305/2305/2305 2306/2306/2306
v 0.2534 0.2920 1.0844
vt 0.7933 0.3826
vn 0.7565 -0.3751 -0.5358
v 0.2195 0.3038 1.0527
vt 0.7909 0.3911
vn 0.3693 -0.2411 -0.8975
v 0.2439 0.3423 1.0670
vt 0.8022 0.3894
vn 0.6481 0.1999 -0.7348
f 2307/2307/2307 2308/2308/2308 2309/2309/2309
v 0.2534 0.2920 1.0844
vt 0.7933 0.3826
vn 0.7565 -0.3751 -0.5358
v 0.2093 0.2623 1.0743
vt 0.7823 0.3894
vn 0.2535 -0.7152 -0.6514
v 0.2195 0.3038 1.0527
vt 0.7909 0.3911
vn 0.3693 -0.2411 -0.8975
f 2310/2310/2310 2311/2311/2311 2312/2312/2312
v 0.2534 0.2920 1.0844
vt 0.7933 0.3826
vn 0.7565 -0.3751 -0.5358
v 0.2375 0.2543 1.1197
vt 0.7857 0.3826
vn 0.5759 -0.8068 -0.1321
v 0.2093 0.2623 1.0743
vt 0.7823 0.3894
vn 0.2535 -0.7152 -0.6514
f 2313/2313/2313 2314/2314/2314 2315/2315/2315
v 0.2375 0.2543 1.1197
vt 0.7857 0.3826
vn 0.5759 -0.8068 -0.1321
v 0.1926 0.2395 1.1128
vt 0.7780 0.3911
vn 0.0620 -0.9756 -0.2107
v 0.2093 0.2623 1.0743
vt 0.7823 0.3894
vn 0.2535 -0.7152 -0.6514
f 2316/2316/2316 2317/2317/2317 2318/2318/2318
v 0.2375 0.2543 1.1197
vt 0.7857 0.3826
vn 0.5759 -0.8068 -0.1321
v 0.2025 0.2434 1.1595
vt 0.7823 0.3894
vn 0.1753 -0.9303 0.3221
v 0.1926 0.2395 1.1128
vt 0.7780 0.3911
vn 0.0620 -0.9756 -0.2107
f 2319/2319/2319 2320/2320/2320 2321/2321/2321
v 0.2375 0.2543 1.1197
vt 0.7857 0.3826
vn 0.5759 -0.8068 -0.1321
v 0.2465 0.2732 1.1696
vt 0.7933 0.3826
vn 0.6783 -0.5903 0.4377
v 0.2025 0.2434 1.1595
vt 0.7823 0.3894
vn 0.1753 -0.9303 0.3221
f 2322/2322/2322 2323/2323/2323 2324/2324/2324
v 0.2465 0.2732 1.1696
vt 0.7933 0.3826
vn 0.6783 -0.5903 0.4377
v 0.2078 0.2717 1.1977
vt 0.7909 0.3911
vn 0.2362 -0.6072 0.7586
v 0.2025 0.2434 1.1595
vt 0.7823 0.3894
vn 0.1753 -0.9303 0.3221
f 2325/2325/2325 2326/2326/2326 2327/2327/2327
v 0.2584 0.3730 1.1476
vt 0.8145 0.3894
vn 0.8138 0.5503 0.1870
v 0.2721 0.3343 1.1124
vt 0.8056 0.3826
vn 0.9705 0.1083 -0.2155
v 0.2513 0.3757 1.1004
vt 0.8118 0.3911
vn 0.7334 0.5812 -0.3527
f 2328/2328/2328 2329/2329/2329 2330/2330/2330
v 0.2584 0.3730 1.1476
vt 0.8145 0.3894
vn 0.8138 0.5503 0.1870
v 0.2678 0.3227 1.1651
vt 0.8056 0.3826
vn 0.9221 -0.0247 0.3861
v 0.2721 0.3343 1.1124
vt 0.8056 0.3826
vn 0.9705 0.1083 -0.2155
f 2331/2331/2331 2332/2332/2332 2333/2333/2333
v 0.2678 0.3227 1.1651
vt 0.8056 0.3826
vn 0.9221 -0.0247 0.3861
v 0.2675 0.2901 1.1300
vt 0.7967 0.3795
vn 0.9177 -0.3970 -0.0140
v 0.2721 0.3343 1.1124
vt 0.8056 0.3826
vn 0.9705 0.1083 -0.2155
f 2334/2334/2334 2335/2335/2335 2336/2336/2336
v 0.2465 0.2732 1.1696
vt 0.7933 0.3826
vn 0.6783 -0.5903 0.4377
v 0.2328 0.3119 1.2048
vt 0.8022 0.3894
vn 0.5216 -0.1483 0.8402
v 0.2078 0.2717 1.1977
vt 0.7909 0.3911
vn 0.2362 -0.6072 0.7586
f 2337/2337/2337 2338/2338/2338 2339/2339/2339
v 0.2465 0.2732 1.1696
vt 0.7933 0.3826
vn 0.6783 -0.5903 0.4377
v 0.2678 0.3227 1.1651
vt 0.8056 0.3826
vn 0.9221 -0.0247 0.3861
v 0.2328 0.3119 1.2048
vt 0.8022 0.3894
vn 0.5216 -0.1483 0.8402
f 2340/2340/2340 2341/2341/2341 2342/2342/2342
v 0.2678 0.3227 1.1651
vt 0.8056 0.3826
vn 0.9221 -0.0247 0.3861
v 0.2441 0.3559 1.1900
vt 0.8118 0.3911
vn 0.6511 0.3550 0.6708
v 0.2328 0.3119 1.2048
vt 0.8022 0.3894
vn 0.5216 -0.1483 0.8402
f 2343/2343/2343 2344/2344/2344 2345/2345/2345
v 0.5232 0.3190 0.9813
vt 0.7967 0.3795
vn 0.7514 -0.6544 0.0849
v 0.5345 0.3557 1.0098
vt 0.8056 0.3826
vn 0.8810 -0.2350 0.4105
v 0.4992 0.3168 1.0226
vt 0.7933 0.3826
vn 0.4774 -0.6795 0.5571
f 2346/2346/2346 2347/2347/2347 2348/2348/2348
v 0.5228 0.3985 1.0275
vt 0.8118 0.3911
vn 0.7475 0.2545 0.6135
v 0.5345 0.3557 1.0098
vt 0.8056 0.3826
vn 0.8810 -0.2350 0.4105
v 0.5404 0.4024 0.9832
vt 0.8145 0.3894
vn 0.9482 0.2992 0.1071
f 2349/2349/2349 2350/2350/2350 2351/2351/2351
v 0.5232 0.3190 0.9813
vt 0.7967 0.3795
vn 0.7514 -0.6544 0.0849
v 0.4992 0.3168 1.0226
vt 0.7933 0.3826
vn 0.4774 -0.6795 0.5571
v 0.4834 0.2928 0.9768
vt 0.7857 0.3826
vn 0.2973 -0.9542 0.0336
f 2352/2352/2352 2353/2353/2353 2354/2354/2354
v 0.5232 0.3190 0.9813
vt 0.7967 0.3795
vn 0.7514 -0.6544 0.0849
v 0.4834 0.2928 0.9768
vt 0.7857 0.3826
vn 0.2973 -0.9542 0.0336
v 0.5090 0.3168 0.9357
vt 0.7933 0.3826
vn 0.5897 -0.6795 -0.4366
f 2355/2355/2355 2356/2356/2356 2357/2357/2357
v 0.5232 0.3190 0.9813
vt 0.7967 0.3795
vn 0.7514 -0.6544 0.0849
v 0.5090 0.3168 0.9357
vt 0.7933 0.3826
vn 0.5897 -0.6795 -0.4366
v 0.5406 0.3557 0.9560
vt 0.8056 0.3826
vn 0.9504 -0.2350 -0.2036
f 2358/2358/2358 2359/2359/2359 2360/2360/2360
v 0.5228 0.3985 1.0275
vt 0.8118 0.3911
vn 0.7475 0.2545 0.6135
v 0.5404 0.4024 0.9832
vt 0.8145 0.3894
vn 0.9482 0.2992 0.1071
v 0.5085 0.4392 1.0068
vt 0.8166 0.4004
vn 0.5837 0.7192 0.3769
f 2361/2361/2361 2362/2362/2362 2363/2363/2363
v 0.4628 0.3323 1.0494
vt 0.7909 0.3911
vn 0.0608 -0.5016 0.8629
v 0.4990 0.3635 1.0498
vt 0.8022 0.3894
vn 0.4752 -0.1453 0.8678
v 0.4476 0.3762 1.0608
vt 0.7967 0.4004
vn -0.1122 -0.0000 0.9937
f 2364/2364/2364 2365/2365/2365 2366/2366/2366
v 0.4359 0.2915 0.9714
vt 0.7780 0.3911
vn -0.2456 -0.9690 -0.0277
v 0.4479 0.3006 1.0168
vt 0.7823 0.3894
vn -0.1086 -0.8644 0.4909
v 0.4003 0.3133 0.9946
vt 0.7768 0.4004
vn -0.6531 -0.7192 0.2372
f 2367/2367/2367 2368/2368/2368 2369/2369/2369
v 0.4795 0.3323 0.9014
vt 0.7909 0.3911
vn 0.2518 -0.5016 -0.8276
v 0.4578 0.3006 0.9299
vt 0.7823 0.3894
vn 0.0037 -0.8644 -0.5028
v 0.4319 0.3374 0.8997
vt 0.7844 0.4004
vn -0.2914 -0.4445 -0.8471
f 2370/2370/2370 2371/2371/2371 2372/2372/2372
v 0.5332 0.3985 0.9361
vt 0.8118 0.3911
vn 0.8656 0.2545 -0.4313
v 0.5149 0.3635 0.9091
vt 0.8022 0.3894
vn 0.6568 -0.1453 -0.7400
v 0.4988 0.4151 0.9073
vt 0.8090 0.4004
vn 0.4730 0.4445 -0.7607
f 2373/2373/2373 2374/2374/2374 2375/2375/2375
v 0.5228 0.3985 1.0275
vt 0.8118 0.3911
vn 0.7475 0.2545 0.6135
v 0.5085 0.4392 1.0068
vt 0.8166 0.4004
vn 0.5837 0.7192 0.3769
v 0.4829 0.4151 1.0480
vt 0.8090 0.4004
vn 0.2914 0.4445 0.8471
f 2376/2376/2376 2377/2377/2377 2378/2378/2378
v 0.4628 0.3323 1.0494
vt 0.7909 0.3911
vn 0.0608 -0.5016 0.8629
v 0.4476 0.3762 1.0608
vt 0.7967 0.4004
vn -0.1122 -0.0000 0.9937
v 0.4160 0.3374 1.0404
vt 0.7844 0.4004
vn -0.4730 -0.4445 0.7607
f 2379/2379/2379 2380/2380/2380 2381/2381/2381
v 0.4359 0.2915 0.9714
vt 0.7780 0.3911
vn -0.2456 -0.9690 -0.0277
v 0.4003 0.3133 0.9946
vt 0.7768 0.4004
vn -0.6531 -0.7192 0.2372
v 0.4064 0.3133 0.9409
vt 0.7768 0.4004
vn -0.5837 -0.7192 -0.3769
f 2382/2382/2382 2383/2383/2383 2384/2384/2384
v 0.4795 0.3323 0.9014
vt 0.7909 0.3911
vn 0.2518 -0.5016 -0.8276
v 0.4319 0.3374 0.8997
vt 0.7844 0.4004
vn -0.2914 -0.4445 -0.8471
v 0.4673 0.3762 0.8869
vt 0.7967 0.4004
vn 0.1122 -0.0000 -0.9937
f 2385/2385/2385 2386/2386/2386 2387/2387/2387
v 0.5332 0.3985 0.9361
vt 0.8118 0.3911
vn 0.8656 0.2545 -0.4313
v 0.4988 0.4151 0.9073
vt 0.8090 0.4004
vn 0.4730 0.4445 -0.7607
v 0.5146 0.4392 0.9531
vt 0.8166 0.4004
vn 0.6531 0.7192 -0.2372
f 2388/2388/2388 2389/2389/2389 2390/2390/2390
v 0.4354 0.4201 1.0463
vt 0.8025 0.4098
vn -0.2518 0.5016 0.8276
v 0.4571 0.4519 1.0178
vt 0.8111 0.4114
vn -0.0037 0.8644 0.5028
v 0.4058 0.4357 1.0121
vt 0.8001 0.4182
vn -0.5897 0.6795 0.4366
f 2391/2391/2391 2392/2392/2392 2393/2393/2393
v 0.3817 0.3540 1.0116
vt 0.7815 0.4098
vn -0.8656 -0.2545 0.4313
v 0.4000 0.3890 1.0386
vt 0.7912 0.4114
vn -0.6568 0.1453 0.7400
v 0.3743 0.3968 0.9917
vt 0.7878 0.4182
vn -0.9504 0.2350 0.2036
f 2394/2394/2394 2395/2395/2395 2396/2396/2396
v 0.3920 0.3540 0.9202
vt 0.7815 0.4098
vn -0.7475 -0.2545 -0.6135
v 0.3745 0.3501 0.9645
vt 0.7789 0.4114
vn -0.9482 -0.2992 -0.1071
v 0.3803 0.3968 0.9379
vt 0.7878 0.4182
vn -0.8811 0.2350 -0.4105
f 2397/2397/2397 2398/2398/2398 2399/2399/2399
v 0.4521 0.4201 0.8984
vt 0.8025 0.4098
vn -0.0608 0.5016 -0.8629
v 0.4159 0.3890 0.8979
vt 0.7912 0.4114
vn -0.4752 0.1453 -0.8678
v 0.4157 0.4357 0.9251
vt 0.8001 0.4182
vn -0.4774 0.6795 -0.5571
f 2400/2400/2400 2401/2401/2401 2402/2402/2402
v 0.4789 0.4610 0.9763
vt 0.8154 0.4098
vn 0.2456 0.9690 0.0277
v 0.4669 0.4519 0.9309
vt 0.8111 0.4114
vn 0.1086 0.8644 -0.4909
v 0.4314 0.4597 0.9709
vt 0.8077 0.4182
vn -0.2973 0.9542 -0.0336
f 2403/2403/2403 2404/2404/2404 2405/2405/2405
v 0.4314 0.4597 0.9709
vt 0.8077 0.4182
vn -0.2973 0.9542 -0.0336
v 0.4157 0.4357 0.9251
vt 0.8001 0.4182
vn -0.4774 0.6795 -0.5571
v 0.3917 0.4335 0.9664
vt 0.7967 0.4213
vn -0.7514 0.6544 -0.0849
f 2406/2406/2406 2407/2407/2407 2408/2408/2408
v 0.4314 0.4597 0.9709
vt 0.8077 0.4182
vn -0.2973 0.9542 -0.0336
v 0.4669 0.4519 0.9309
vt 0.8111 0.4114
vn 0.1086 0.8644 -0.4909
v 0.4157 0.4357 0.9251
vt 0.8001 0.4182
vn -0.4774 0.6795 -0.5571
f 2409/2409/2409 2410/2410/2410 2411/2411/2411
v 0.4669 0.4519 0.9309
vt 0.8111 0.4114
vn 0.1086 0.8644 -0.4909
v 0.4521 0.4201 0.8984
vt 0.8025 0.4098
vn -0.0608 0.5016 -0.8629
v 0.4157 0.4357 0.9251
vt 0.8001 0.4182
vn -0.4774 0.6795 -0.5571
f 2412/2412/2412 2413/2413/2413 2414/2414/2414
v 0.4157 0.4357 0.9251
vt 0.8001 0.4182
vn -0.4774 0.6795 -0.5571
v 0.3803 0.3968 0.9379
vt 0.7878 0.4182
vn -0.8811 0.2350 -0.4105
v 0.3917 0.4335 0.9664
vt 0.7967 0.4213
vn -0.7514 0.6544 -0.0849
f 2415/2415/2415 2416/2416/2416 2417/2417/2417
v 0.4157 0.4357 0.9251
vt 0.8001 0.4182
vn -0.4774 0.6795 -0.5571
v 0.4159 0.3890 0.8979
vt 0.7912 0.4114
vn -0.4752 0.1453 -0.8678
v 0.3803 0.3968 0.9379
vt 0.7878 0.4182
vn -0.8811 0.2350 -0.4105
f 2418/2418/2418 2419/2419/2419 2420/2420/2420
v 0.4159 0.3890 0.8979
vt 0.7912 0.4114
vn -0.4752 0.1453 -0.8678
v 0.3920 0.3540 0.9202
vt 0.7815 0.4098
vn -0.7475 -0.2545 -0.6135
v 0.3803 0.3968 0.9379
vt 0.7878 0.4182
vn -0.8811 0.2350 -0.4105
f 2421/2421/2421 2422/2422/2422 2423/2423/2423
v 0.3803 0.3968 0.9379
vt 0.7878 0.4182
vn -0.8811 0.2350 -0.4105
v 0.3743 0.3968 0.9917
vt 0.7878 0.4182
vn -0.9504 0.2350 0.2036
v 0.3917 0.4335 0.9664
vt 0.7967 0.4213
vn -0.7514 0.6544 -0.0849
f 2424/2424/2424 2425/2425/2425 2426/2426/2426
v 0.3803 0.3968 0.9379
vt 0.7878 0.4182
vn -0.8811 0.2350 -0.4105
v 0.3745 0.3501 0.9645
vt 0.7789 0.4114
vn -0.9482 -0.2992 -0.1071
v 0.3743 0.3968 0.9917
vt 0.7878 0.4182
vn -0.9504 0.2350 0.2036
f 2427/2427/2427 2428/2428/2428 2429/2429/2429
v 0.3745 0.3501 0.9645
vt 0.7789 0.4114
vn -0.9482 -0.2992 -0.1071
v 0.3817 0.3540 1.0116
vt 0.7815 0.4098
vn -0.8656 -0.2545 0.4313
v 0.3743 0.3968 0.9917
vt 0.7878 0.4182
vn -0.9504 0.2350 0.2036
f 2430/2430/2430 2431/2431/2431 2432/2432/2432
v 0.3743 0.3968 0.9917
vt 0.7878 0.4182
vn -0.9504 0.2350 0.2036
v 0.4058 0.4357 1.0121
vt 0.8001 0.4182
vn -0.5897 0.6795 0.4366
v 0.3917 0.4335 0.9664
vt 0.7967 0.4213
vn -0.7514 0.6544 -0.0849
f 2433/2433/2433 2434/2434/2434 2435/2435/2435
v 0.3743 0.3968 0.9917
vt 0.7878 0.4182
vn -0.9504 0.2350 0.2036
v 0.4000 0.3890 1.0386
vt 0.7912 0.4114
vn -0.6568 0.1453 0.7400
v 0.4058 0.4357 1.0121
vt 0.8001 0.4182
vn -0.5897 0.6795 0.4366
f 2436/2436/2436 2437/2437/2437 2438/2438/2438
v 0.4000 0.3890 1.0386
vt 0.7912 0.4114
vn -0.6568 0.1453 0.7400
v 0.4354 0.4201 1.0463
vt 0.8025 0.4098
vn -0.2518 0.5016 0.8276
v 0.4058 0.4357 1.0121
vt 0.8001 0.4182
vn -0.5897 0.6795 0.4366
f 2439/2439/2439 2440/2440/2440 2441/2441/2441
v 0.4058 0.4357 1.0121
vt 0.8001 0.4182
vn -0.5897 0.6795 0.4366
v 0.4314 0.4597 0.9709
vt 0.8077 0.4182
vn -0.2973 0.9542 -0.0336
v 0.3917 0.4335 0.9664
vt 0.7967 0.4213
vn -0.7514 0.6544 -0.0849
f 2442/2442/2442 2443/2443/2443 2444/2444/2444
v 0.4058 0.4357 1.0121
vt 0.8001 0.4182
vn -0.5897 0.6795 0.4366
v 0.4571 0.4519 1.0178
vt 0.8111 0.4114
vn -0.0037 0.8644 0.5028
v 0.4314 0.4597 0.9709
vt 0.8077 0.4182
vn -0.2973 0.9542 -0.0336
f 2445/2445/2445 2446/2446/2446 2447/2447/2447
v 0.4571 0.4519 1.0178
vt 0.8111 0.4114
vn -0.0037 0.8644 0.5028
v 0.4789 0.4610 0.9763
vt 0.8154 0.4098
vn 0.2456 0.9690 0.0277
v 0.4314 0.4597 0.9709
vt 0.8077 0.4182
vn -0.2973 0.9542 -0.0336
f 2448/2448/2448 2449/2449/2449 2450/2450/2450
v 0.5146 0.4392 0.9531
vt 0.8166 0.4004
vn 0.6531 0.7192 -0.2372
v 0.4669 0.4519 0.9309
vt 0.8111 0.4114
vn 0.1086 0.8644 -0.4909
v 0.4789 0.4610 0.9763
vt 0.8154 0.4098
vn 0.2456 0.9690 0.0277
f 2451/2451/2451 2452/2452/2452 2453/2453/2453
v 0.5146 0.4392 0.9531
vt 0.8166 0.4004
vn 0.6531 0.7192 -0.2372
v 0.4988 0.4151 0.9073
vt 0.8090 0.4004
vn 0.4730 0.4445 -0.7607
v 0.4669 0.4519 0.9309
vt 0.8111 0.4114
vn 0.1086 0.8644 -0.4909
f 2454/2454/2454 2455/2455/2455 2456/2456/2456
v 0.4988 0.4151 0.9073
vt 0.8090 0.4004
vn 0.4730 0.4445 -0.7607
v 0.4521 0.4201 0.8984
vt 0.8025 0.4098
vn -0.0608 0.5016 -0.8629
v 0.4669 0.4519 0.9309
vt 0.8111 0.4114
vn 0.1086 0.8644 -0.4909
f 2457/2457/2457 2458/2458/2458 2459/2459/2459
v 0.4673 0.3762 0.8869
vt 0.7967 0.4004
vn 0.1122 -0.0000 -0.9937
v 0.4159 0.3890 0.8979
vt 0.7912 0.4114
vn -0.4752 0.1453 -0.8678
v 0.4521 0.4201 0.8984
vt 0.8025 0.4098
vn -0.0608 0.5016 -0.8629
f 2460/2460/2460 2461/2461/2461 2462/2462/2462
v 0.4673 0.3762 0.8869
vt 0.7967 0.4004
vn 0.1122 -0.0000 -0.9937
v 0.4319 0.3374 0.8997
vt 0.7844 0.4004
vn -0.2914 -0.4445 -0.8471
v 0.4159 0.3890 0.8979
vt 0.7912 0.4114
vn -0.4752 0.1453 -0.8678
f 2463/2463/2463 2464/2464/2464 2465/2465/2465
v 0.4319 0.3374 0.8997
vt 0.7844 0.4004
vn -0.2914 -0.4445 -0.8471
v 0.3920 0.3540 0.9202
vt 0.7815 0.4098
vn -0.7475 -0.2545 -0.6135
v 0.4159 0.3890 0.8979
vt 0.7912 0.4114
vn -0.4752 0.1453 -0.8678
f 2466/2466/2466 2467/2467/2467 2468/2468/2468
v 0.4064 0.3133 0.9409
vt 0.7768 0.4004
vn -0.5837 -0.7192 -0.3769
v 0.3745 0.3501 0.9645
vt 0.7789 0.4114
vn -0.9482 -0.2992 -0.1071
v 0.3920 0.3540 0.9202
vt 0.7815 0.4098
vn -0.7475 -0.2545 -0.6135
f 2469/2469/2469 2470/2470/2470 2471/2471/2471
v 0.4064 0.3133 0.9409
vt 0.7768 0.4004
vn -0.5837 -0.7192 -0.3769
v 0.4003 0.3133 0.9946
vt 0.7768 0.4004
vn -0.6531 -0.7192 0.2372
v 0.3745 0.3501 0.9645
vt 0.7789 0.4114
vn -0.9482 -0.2992 -0.1071
f 2472/2472/2472 2473/2473/2473 2474/2474/2474
v 0.4003 0.3133 0.9946
vt 0.7768 0.4004
vn -0.6531 -0.7192 0.2372
v 0.3817 0.3540 1.0116
vt 0.7815 0.4098
vn -0.8656 -0.2545 0.4313
v 0.3745 0.3501 0.9645
vt 0.7789 0.4114
vn -0.9482 -0.2992 -0.1071
f 2475/2475/2475 2476/2476/2476 2477/2477/2477
v 0.4160 0.3374 1.0404
vt 0.7844 0.4004
vn -0.4730 -0.4445 0.7607
v 0.4000 0.3890 1.0386
vt 0.7912 0.4114
vn -0.6568 0.1453 0.7400
v 0.3817 0.3540 1.0116
vt 0.7815 0.4098
vn -0.8656 -0.2545 0.4313
f 2478/2478/2478 2479/2479/2479 2480/2480/2480
v 0.4160 0.3374 1.0404
vt 0.7844 0.4004
vn -0.4730 -0.4445 0.7607
v 0.4476 0.3762 1.0608
vt 0.7967 0.4004
vn -0.1122 -0.0000 0.9937
v 0.4000 0.3890 1.0386
vt 0.7912 0.4114
vn -0.6568 0.1453 0.7400
f 2481/2481/2481 2482/2482/2482 2483/2483/2483
v 0.4476 0.3762 1.0608
vt 0.7967 0.4004
vn -0.1122 -0.0000 0.9937
v 0.4354 0.4201 1.0463
vt 0.8025 0.4098
vn -0.2518 0.5016 0.8276
v 0.4000 0.3890 1.0386
vt 0.7912 0.4114
vn -0.6568 0.1453 0.7400
f 2484/2484/2484 2485/2485/2485 2486/2486/2486
v 0.4829 0.4151 1.0480
vt 0.8090 0.4004
vn 0.2914 0.4445 0.8471
v 0.4571 0.4519 1.0178
vt 0.8111 0.4114
vn -0.0037 0.8644 0.5028
v 0.4354 0.4201 1.0463
vt 0.8025 0.4098
vn -0.2518 0.5016 0.8276
f 2487/2487/2487 2488/2488/2488 2489/2489/2489
v 0.4829 0.4151 1.0480
vt 0.8090 0.4004
vn 0.2914 0.4445 0.8471
v 0.5085 0.4392 1.0068
vt 0.8166 0.4004
vn 0.5837 0.7192 0.3769
v 0.4571 0.4519 1.0178
vt 0.8111 0.4114
vn -0.0037 0.8644 0.5028
f 2490/2490/2490 2491/2491/2491 2492/2492/2492
v 0.5085 0.4392 1.0068
vt 0.8166 0.4004
vn 0.5837 0.7192 0.3769
v 0.4789 0.4610 0.9763
vt 0.8154 0.4098
vn 0.2456 0.9690 0.0277
v 0.4571 0.4519 1.0178
vt 0.8111 0.4114
vn -0.0037 0.8644 0.5028
f 2493/2493/2493 2494/2494/2494 2495/2495/2495
v 0.4988 0.4151 0.9073
vt 0.8090 0.4004
vn 0.4730 0.4445 -0.7607
v 0.4673 0.3762 0.8869
vt 0.7967 0.4004
vn 0.1122 -0.0000 -0.9937
v 0.4521 0.4201 0.8984
vt 0.8025 0.4098
vn -0.0608 0.5016 -0.8629
f 2496/2496/2496 2497/2497/2497 2498/2498/2498
v 0.4988 0.4151 0.9073
vt 0.8090 0.4004
vn 0.4730 0.4445 -0.7607
v 0.5149 0.3635 0.9091
vt 0.8022 0.3894
vn 0.6568 -0.1453 -0.7400
v 0.4673 0.3762 0.8869
vt 0.7967 0.4004
vn 0.1122 -0.0000 -0.9937
f 2499/2499/2499 2500/2500/2500 2501/2501/2501
v 0.5149 0.3635 0.9091
vt 0.8022 0.3894
vn 0.6568 -0.1453 -0.7400
v 0.4795 0.3323 0.9014
vt 0.7909 0.3911
vn 0.2518 -0.5016 -0.8276
v 0.4673 0.3762 0.8869
vt 0.7967 0.4004
vn 0.1122 -0.0000 -0.9937
f 2502/2502/2502 2503/2503/2503 2504/2504/2504
v 0.4319 0.3374 0.8997
vt 0.7844 0.4004
vn -0.2914 -0.4445 -0.8471
v 0.4064 0.3133 0.9409
vt 0.7768 0.4004
vn -0.5837 -0.7192 -0.3769
v 0.3920 0.3540 0.9202
vt 0.7815 0.4098
vn -0.7475 -0.2545 -0.6135
f 2505/2505/2505 2506/2506/2506 2507/2507/2507
v 0.4319 0.3374 0.8997
vt 0.7844 0.4004
vn -0.2914 -0.4445 -0.8471
v 0.4578 0.3006 0.9299
vt 0.7823 0.3894
vn 0.0037 -0.8644 -0.5028
v 0.4064 0.3133 0.9409
vt 0.7768 0.4004
vn -0.5837 -0.7192 -0.3769
f 2508/2508/2508 2509/2509/2509 2510/2510/2510
v 0.4578 0.3006 0.9299
vt 0.7823 0.3894
vn 0.0037 -0.8644 -0.5028
v 0.4359 0.2915 0.9714
vt 0.7780 0.3911
vn -0.2456 -0.9690 -0.0277
v 0.4064 0.3133 0.9409
vt 0.7768 0.4004
vn -0.5837 -0.7192 -0.3769
f 2511/2511/2511 2512/2512/2512 2513/2513/2513
v 0.4003 0.3133 0.9946
vt 0.7768 0.4004
vn -0.6531 -0.7192 0.2372
v 0.4160 0.3374 1.0404
vt 0.7844 0.4004
vn -0.4730 -0.4445 0.7607
v 0.3817 0.3540 1.0116
vt 0.7815 0.4098
vn -0.8656 -0.2545 0.4313
f 2514/2514/2514 2515/2515/2515 2516/2516/2516
v 0.4003 0.3133 0.9946
vt 0.7768 0.4004
vn -0.6531 -0.7192 0.2372
v 0.4479 0.3006 1.0168
vt 0.7823 0.3894
vn -0.1086 -0.8644 0.4909
v 0.4160 0.3374 1.0404
vt 0.7844 0.4004
vn -0.4730 -0.4445 0.7607
f 2517/2517/2517 2518/2518/2518 2519/2519/2519
v 0.4479 0.3006 1.0168
vt 0.7823 0.3894
vn -0.1086 -0.8644 0.4909
v 0.4628 0.3323 1.0494
vt 0.7909 0.3911
vn 0.0608 -0.5016 0.8629
v 0.4160 0.3374 1.0404
vt 0.7844 0.4004
vn -0.4730 -0.4445 0.7607
f 2520/2520/2520 2521/2521/2521 2522/2522/2522
v 0.4476 0.3762 1.0608
vt 0.7967 0.4004
vn -0.1122 -0.0000 0.9937
v 0.4829 0.4151 1.0480
vt 0.8090 0.4004
vn 0.2914 0.4445 0.8471
v 0.4354 0.4201 1.0463
vt 0.8025 0.4098
vn -0.2518 0.5016 0.8276
f 2523/2523/2523 2524/2524/2524 2525/2525/2525
v 0.4476 0.3762 1.0608
vt 0.7967 0.4004
vn -0.1122 -0.0000 0.9937
v 0.4990 0.3635 1.0498
vt 0.8022 0.3894
vn 0.4752 -0.1453 0.8678
v 0.4829 0.4151 1.0480
vt 0.8090 0.4004
vn 0.2914 0.4445 0.8471
f 2526/2526/2526 2527/2527/2527 2528/2528/2528
v 0.4990 0.3635 1.0498
vt 0.8022 0.3894
vn 0.4752 -0.1453 0.8678
v 0.5228 0.3985 1.0275
vt 0.8118 0.3911
vn 0.7475 0.2545 0.6135
v 0.4829 0.4151 1.0480
vt 0.8090 0.4004
vn 0.2914 0.4445 0.8471
f 2529/2529/2529 2530/2530/2530 2531/2531/2531
v 0.5085 0.4392 1.0068
vt 0.8166 0.4004
vn 0.5837 0.7192 0.3769
v 0.5146 0.4392 0.9531
vt 0.8166 0.4004
vn 0.6531 0.7192 -0.2372
v 0.4789 0.4610 0.9763
vt 0.8154 0.4098
vn 0.2456 0.9690 0.0277
f 2532/2532/2532 2533/2533/2533 2534/2534/2534
v 0.5085 0.4392 1.0068
vt 0.8166 0.4004
vn 0.5837 0.7192 0.3769
v 0.5404 0.4024 0.9832
vt 0.8145 0.3894
vn 0.9482 0.2992 0.1071
v 0.5146 0.4392 0.9531
vt 0.8166 0.4004
vn 0.6531 0.7192 -0.2372
f 2535/2535/2535 2536/2536/2536 2537/2537/2537
v 0.5404 0.4024 0.9832
vt 0.8145 0.3894
vn 0.9482 0.2992 0.1071
v 0.5332 0.3985 0.9361
vt 0.8118 0.3911
vn 0.8656 0.2545 -0.4313
v 0.5146 0.4392 0.9531
vt 0.8166 0.4004
vn 0.6531 0.7192 -0.2372
f 2538/2538/2538 2539/2539/2539 2540/2540/2540
v 0.5406 0.3557 0.9560
vt 0.8056 0.3826
vn 0.9504 -0.2350 -0.2036
v 0.5149 0.3635 0.9091
vt 0.8022 0.3894
vn 0.6568 -0.1453 -0.7400
v 0.5332 0.3985 0.9361
vt 0.8118 0.3911
vn 0.8656 0.2545 -0.4313
f 2541/2541/2541 2542/2542/2542 2543/2543/2543
v 0.5406 0.3557 0.9560
vt 0.8056 0.3826
vn 0.9504 -0.2350 -0.2036
v 0.5090 0.3168 0.9357
vt 0.7933 0.3826
vn 0.5897 -0.6795 -0.4366
v 0.5149 0.3635 0.9091
vt 0.8022 0.3894
vn 0.6568 -0.1453 -0.7400
f 2544/2544/2544 2545/2545/2545 2546/2546/2546
v 0.5090 0.3168 0.9357
vt 0.7933 0.3826
vn 0.5897 -0.6795 -0.4366
v 0.4795 0.3323 0.9014
vt 0.7909 0.3911
vn 0.2518 -0.5016 -0.8276
v 0.5149 0.3635 0.9091
vt 0.8022 0.3894
vn 0.6568 -0.1453 -0.7400
f 2547/2547/2547 2548/2548/2548 2549/2549/2549
v 0.5090 0.3168 0.9357
vt 0.7933 0.3826
vn 0.5897 -0.6795 -0.4366
v 0.4578 0.3006 0.9299
vt 0.7823 0.3894
vn 0.0037 -0.8644 -0.5028
v 0.4795 0.3323 0.9014
vt 0.7909 0.3911
vn 0.2518 -0.5016 -0.8276
f 2550/2550/2550 2551/2551/2551 2552/2552/2552
v 0.5090 0.3168 0.9357
vt 0.7933 0.3826
vn 0.5897 -0.6795 -0.4366
v 0.4834 0.2928 0.9768
vt 0.7857 0.3826
vn 0.2973 -0.9542 0.0336
v 0.4578 0.3006 0.9299
vt 0.7823 0.3894
vn 0.0037 -0.8644 -0.5028
f 2553/2553/2553 2554/2554/2554 2555/2555/2555
v 0.4834 0.2928 0.9768
vt 0.7857 0.3826
vn 0.2973 -0.9542 0.0336
v 0.4359 0.2915 0.9714
vt 0.7780 0.3911
vn -0.2456 -0.9690 -0.0277
v 0.4578 0.3006 0.9299
vt 0.7823 0.3894
vn 0.0037 -0.8644 -0.5028
f 2556/2556/2556 2557/2557/2557 2558/2558/2558
v 0.4834 0.2928 0.9768
vt 0.7857 0.3826
vn 0.2973 -0.9542 0.0336
v 0.4479 0.3006 1.0168
vt 0.7823 0.3894
vn -0.1086 -0.8644 0.4909
v 0.4359 0.2915 0.9714
vt 0.7780 0.3911
vn -0.2456 -0.9690 -0.0277
f 2559/2559/2559 2560/2560/2560 2561/2561/2561
v 0.4834 0.2928 0.9768
vt 0.7857 0.3826
vn 0.2973 -0.9542 0.0336
v 0.4992 0.3168 1.0226
vt 0.7933 0.3826
vn 0.4774 -0.6795 0.5571
v 0.4479 0.3006 1.0168
vt 0.7823 0.3894
vn -0.1086 -0.8644 0.4909
f 2562/2562/2562 2563/2563/2563 2564/2564/2564
v 0.4992 0.3168 1.0226
vt 0.7933 0.3826
vn 0.4774 -0.6795 0.5571
v 0.4628 0.3323 1.0494
vt 0.7909 0.3911
vn 0.0608 -0.5016 0.8629
v 0.4479 0.3006 1.0168
vt 0.7823 0.3894
vn -0.1086 -0.8644 0.4909
f 2565/2565/2565 2566/2566/2566 2567/2567/2567
v 0.5404 0.4024 0.9832
vt 0.8145 0.3894
vn 0.9482 0.2992 0.1071
v 0.5406 0.3557 0.9560
vt 0.8056 0.3826
vn 0.9504 -0.2350 -0.2036
v 0.5332 0.3985 0.9361
vt 0.8118 0.3911
vn 0.8656 0.2545 -0.4313
f 2568/2568/2568 2569/2569/2569 2570/2570/2570
v 0.5404 0.4024 0.9832
vt 0.8145 0.3894
vn 0.9482 0.2992 0.1071
v 0.5345 0.3557 1.0098
vt 0.8056 0.3826
vn 0.8810 -0.2350 0.4105
v 0.5406 0.3557 0.9560
vt 0.8056 0.3826
vn 0.9504 -0.2350 -0.2036
f 2571/2571/2571 2572/2572/2572 2573/2573/2573
v 0.5345 0.3557 1.0098
vt 0.8056 0.3826
vn 0.8810 -0.2350 0.4105
v 0.5232 0.3190 0.9813
vt 0.7967 0.3795
vn 0.7514 -0.6544 0.0849
v 0.5406 0.3557 0.9560
vt 0.8056 0.3826
vn 0.9504 -0.2350 -0.2036
f 2574/2574/2574 2575/2575/2575 2576/2576/2576
v 0.4992 0.3168 1.0226
vt 0.7933 0.3826
vn 0.4774 -0.6795 0.5571
v 0.4990 0.3635 1.0498
vt 0.8022 0.3894
vn 0.4752 -0.1453 0.8678
v 0.4628 0.3323 1.0494
vt 0.7909 0.3911
vn 0.0608 -0.5016 0.8629
f 2577/2577/2577 2578/2578/2578 2579/2579/2579
v 0.4992 0.3168 1.0226
vt 0.7933 0.3826
vn 0.4774 -0.6795 0.5571
v 0.5345 0.3557 1.0098
vt 0.8056 0.3826
vn 0.8810 -0.2350 0.4105
v 0.4990 0.3635 1.0498
vt 0.8022 0.3894
vn 0.4752 -0.1453 0.8678
f 2580/2580/2580 2581/2581/2581 2582/2582/2582
v 0.5345 0.3557 1.0098
vt 0.8056 0.3826
vn 0.8810 -0.2350 0.4105
v 0.5228 0.3985 1.0275
vt 0.8118 0.3911
vn 0.7475 0.2545 0.6135
v 0.4990 0.3635 1.0498
vt 0.8022 0.3894
vn 0.4752 -0.1453 0.8678
f 2583/2583/2583 2584/2584/2584 2585/2585/2585
v 0.3281 0.4177 1.0345
vt 0.8200 0.3832
vn 0.2084 -0.0000 0.9780
v 0.2976 0.4803 1.0410
vt 0.8200 0.3981
vn 0.3323 0.4581 0.8244
v 0.2363 0.4491 1.0540
vt 0.8051 0.3981
vn -0.2656 0.1533 0.9518
v 0.2669 0.3864 1.0475
vt 0.8051 0.3832
vn 0.0326 -0.4581 0.8883
f 2586/2586/2586 2587/2587/2587 2588/2588/2588 2589/2589/2589
v 0.3486 0.4411 0.9049
vt 0.8312 0.3832
vn 0.8443 0.0850 -0.5291
v 0.3180 0.5037 0.9114
vt 0.8312 0.3981
vn 0.5461 0.6964 -0.4656
v 0.3326 0.5037 0.9799
vt 0.8312 0.3981
vn 0.8753 0.4462 -0.1865
v 0.3631 0.4411 0.9734
vt 0.8312 0.3832
vn 0.9866 0.0850 0.1391
f 2590/2590/2590 2591/2591/2591 2592/2592/2592 2593/2593/2593
v 0.2491 0.5273 0.9261
vt 0.8200 0.4093
vn -0.1543 0.9360 -0.3164
v 0.1879 0.4960 0.9391
vt 0.8051 0.4093
vn -0.4365 0.8949 0.0930
v 0.2025 0.4960 1.0076
vt 0.8051 0.4093
vn -0.4365 0.8949 0.0930
v 0.2637 0.5273 0.9945
vt 0.8200 0.4093
vn -0.0120 0.9360 0.3518
f 2594/2594/2594 2595/2595/2595 2596/2596/2596 2597/2597/2597
v 0.2100 0.3630 1.0060
vt 0.7939 0.3832
vn -0.8753 -0.4462 0.1865
v 0.1794 0.4256 1.0125
vt 0.7939 0.3981
vn -0.8443 -0.0850 0.5291
v 0.1648 0.4256 0.9440
vt 0.7939 0.3981
vn -0.9866 -0.0850 -0.1391
v 0.1954 0.3630 0.9375
vt 0.7939 0.3832
vn -0.8753 -0.4462 0.1865
f 2598/2598/2598 2599/2599/2599 2600/2600/2600 2601/2601/2601
v 0.2304 0.3864 0.8764
vt 0.8051 0.3832
vn -0.3323 -0.4581 -0.8244
v 0.1998 0.4491 0.8829
vt 0.8051 0.3981
vn -0.6305 0.1533 -0.7609
v 0.2611 0.4803 0.8698
vt 0.8200 0.3981
vn -0.0326 0.4581 -0.8883
v 0.2917 0.4177 0.8633
vt 0.8200 0.3832
vn -0.2084 0.0000 -0.9780
f 2602/2602/2602 2603/2603/2603 2604/2604/2604 2605/2605/2605
v 0.2788 0.3394 0.9913
vt 0.8051 0.3720
vn 0.1543 -0.9360 0.3164
v 0.2669 0.3864 1.0475
vt 0.8051 0.3832
vn 0.0326 -0.4581 0.8883
v 0.2100 0.3630 1.0060
vt 0.7939 0.3832
vn -0.3672 -0.7508 0.5491
f 2606/2606/2606 2607/2607/2607 2608/2608/2608
v 0.2363 0.4491 1.0540
vt 0.8051 0.3981
vn -0.2656 0.1533 0.9518
v 0.2025 0.4960 1.0076
vt 0.8051 0.4093
vn -0.6383 0.4735 0.6069
v 0.1794 0.4256 1.0125
vt 0.7939 0.3981
vn -0.8443 -0.0850 0.5291
f 2609/2609/2609 2610/2610/2610 2611/2611/2611
v 0.2642 0.3394 0.9228
vt 0.8051 0.3720
vn 0.0120 -0.9360 -0.3518
v 0.1954 0.3630 0.9375
vt 0.7939 0.3832
vn -0.5591 -0.7508 -0.3518
v 0.2304 0.3864 0.8764
vt 0.8051 0.3832
vn -0.3323 -0.4581 -0.8244
f 2612/2612/2612 2613/2613/2613 2614/2614/2614
v 0.1879 0.4960 0.9391
vt 0.8051 0.4093
vn -0.8303 0.4735 -0.2940
v 0.1998 0.4491 0.8829
vt 0.8051 0.3981
vn -0.6305 0.1533 -0.7609
v 0.1648 0.4256 0.9440
vt 0.7939 0.3981
vn -0.9866 -0.0850 -0.1391
f 2615/2615/2615 2616/2616/2616 2617/2617/2617
v 0.3401 0.3707 0.9783
vt 0.8200 0.3720
vn 0.7523 -0.6311 0.1890
v 0.3631 0.4411 0.9734
vt 0.8312 0.3832
vn 0.9866 0.0850 0.1391
v 0.3281 0.4177 1.0345
vt 0.8200 0.3832
vn 0.7622 -0.2066 0.6134
f 2618/2618/2618 2619/2619/2619 2620/2620/2620
v 0.2637 0.5273 0.9945
vt 0.8200 0.4093
vn -0.0120 0.9360 0.3518
v 0.2976 0.4803 1.0410
vt 0.8200 0.3981
vn 0.3323 0.4581 0.8244
v 0.3326 0.5037 0.9799
vt 0.8312 0.3981
vn 0.5591 0.7508 0.3518
f 2621/2621/2621 2622/2622/2622 2623/2623/2623
v 0.3255 0.3707 0.9098
vt 0.8200 0.3720
vn 0.6100 -0.6311 -0.4792
v 0.2917 0.4177 0.8633
vt 0.8200 0.3832
vn 0.4460 -0.2066 -0.8708
v 0.3486 0.4411 0.9049
vt 0.8312 0.3832
vn 0.8443 0.0850 -0.5291
f 2624/2624/2624 2625/2625/2625 2626/2626/2626
v 0.2491 0.5273 0.9261
vt 0.8200 0.4093
vn -0.1543 0.9360 -0.3164
v 0.3180 0.5037 0.9114
vt 0.8312 0.3981
vn 0.5461 0.6964 -0.4656
v 0.2611 0.4803 0.8698
vt 0.8200 0.3981
vn -0.0326 0.4581 -0.8883
f 2627/2627/2627 2628/2628/2628 2629/2629/2629
v 0.2642 0.3394 0.9228
vt 0.8051 0.3720
vn 0.0120 -0.9360 -0.3518
v 0.2788 0.3394 0.9913
vt 0.8051 0.3720
vn 0.1543 -0.9360 0.3164
v 0.2100 0.3630 1.0060
vt 0.7939 0.3832
vn -0.3672 -0.7508 0.5491
v 0.1954 0.3630 0.9375
vt 0.7939 0.3832
vn -0.5591 -0.7508 -0.3518
f 2630/2630/2630 2631/2631/2631 2632/2632/2632 2633/2633/2633
v 0.2669 0.3864 1.0475
vt 0.8051 0.3832
vn 0.0326 -0.4581 0.8883
v 0.2363 0.4491 1.0540
vt 0.8051 0.3981
vn -0.2656 0.1533 0.9518
v 0.1794 0.4256 1.0125
vt 0.7939 0.3981
vn -0.8443 -0.0850 0.5291
v 0.2100 0.3630 1.0060
vt 0.7939 0.3832
vn -0.3672 -0.7508 0.5491
f 2634/2634/2634 2635/2635/2635 2636/2636/2636 2637/2637/2637
v 0.2025 0.4960 1.0076
vt 0.8051 0.4093
vn -0.6383 0.4735 0.6069
v 0.1879 0.4960 0.9391
vt 0.8051 0.4093
vn -0.8303 0.4735 -0.2940
v 0.1648 0.4256 0.9440
vt 0.7939 0.3981
vn -0.9866 -0.0850 -0.1391
v 0.1794 0.4256 1.0125
vt 0.7939 0.3981
vn -0.8443 -0.0850 0.5291
f 2638/2638/2638 2639/2639/2639 2640/2640/2640 2641/2641/2641
v 0.1998 0.4491 0.8829
vt 0.8051 0.3981
vn -0.6305 0.1533 -0.7609
v 0.2304 0.3864 0.8764
vt 0.8051 0.3832
vn -0.3323 -0.4581 -0.8244
v 0.1954 0.3630 0.9375
vt 0.7939 0.3832
vn -0.5591 -0.7508 -0.3518
v 0.1648 0.4256 0.9440
vt 0.7939 0.3981
vn -0.9866 -0.0850 -0.1391
f 2642/2642/2642 2643/2643/2643 2644/2644/2644 2645/2645/2645
v 0.3255 0.3707 0.9098
vt 0.8200 0.3720
vn 0.6100 -0.6311 -0.4792
v 0.2642 0.3394 0.9228
vt 0.8051 0.3720
vn 0.0120 -0.9360 -0.3518
v 0.2304 0.3864 0.8764
vt 0.8051 0.3832
vn -0.3323 -0.4581 -0.8244
v 0.2917 0.4177 0.8633
vt 0.8200 0.3832
vn 0.4460 -0.2066 -0.8708
f 2646/2646/2646 2647/2647/2647 2648/2648/2648 2649/2649/2649
v 0.1879 0.4960 0.9391
vt 0.8051 0.4093
vn -0.8303 0.4735 -0.2940
v 0.2491 0.5273 0.9261
vt 0.8200 0.4093
vn -0.1543 0.9360 -0.3164
v 0.2611 0.4803 0.8698
vt 0.8200 0.3981
vn -0.0326 0.4581 -0.8883
v 0.1998 0.4491 0.8829
vt 0.8051 0.3981
vn -0.6305 0.1533 -0.7609
f 2650/2650/2650 2651/2651/2651 2652/2652/2652 2653/2653/2653
v 0.3180 0.5037 0.9114
vt 0.8312 0.3981
vn 0.5461 0.6964 -0.4656
v 0.3486 0.4411 0.9049
vt 0.8312 0.3832
vn 0.8443 0.0850 -0.5291
v 0.2917 0.4177 0.8633
vt 0.8200 0.3832
vn 0.4460 -0.2066 -0.8708
v 0.2611 0.4803 0.8698
vt 0.8200 0.3981
vn -0.0326 0.4581 -0.8883
f 2654/2654/2654 2655/2655/2655 2656/2656/2656 2657/2657/2657
v 0.3401 0.3707 0.9783
vt 0.8200 0.3720
vn 0.7523 -0.6311 0.1890
v 0.3255 0.3707 0.9098
vt 0.8200 0.3720
vn 0.6100 -0.6311 -0.4792
v 0.3486 0.4411 0.9049
vt 0.8312 0.3832
vn 0.8443 0.0850 -0.5291
v 0.3631 0.4411 0.9734
vt 0.8312 0.3832
vn 0.9866 0.0850 0.1391
f 2658/2658/2658 2659/2659/2659 2660/2660/2660 2661/2661/2661
v 0.2491 0.5273 0.9261
vt 0.8200 0.4093
vn -0.1543 0.9360 -0.3164
v 0.2637 0.5273 0.9945
vt 0.8200 0.4093
vn -0.0120 0.9360 0.3518
v 0.3326 0.5037 0.9799
vt 0.8312 0.3981
vn 0.5591 0.7508 0.3518
v 0.3180 0.5037 0.9114
vt 0.8312 0.3981
vn 0.5461 0.6964 -0.4656
f 2662/2662/2662 2663/2663/2663 2664/2664/2664 2665/2665/2665
v 0.2976 0.4803 1.0410
vt 0.8200 0.3981
vn 0.3323 0.4581 0.8244
v 0.3281 0.4177 1.0345
vt 0.8200 0.3832
vn 0.7622 -0.2066 0.6134
v 0.3631 0.4411 0.9734
vt 0.8312 0.3832
vn 0.9866 0.0850 0.1391
v 0.3326 0.5037 0.9799
vt 0.8312 0.3981
vn 0.5591 0.7508 0.3518
f 2666/2666/2666 2667/2667/2667 2668/2668/2668 2669/2669/2669
v 0.2788 0.3394 0.9913
vt 0.8051 0.3720
vn 0.1543 -0.9360 0.3164
v 0.3401 0.3707 0.9783
vt 0.8200 0.3720
vn 0.7523 -0.6311 0.1890
v 0.3281 0.4177 1.0345
vt 0.8200 0.3832
vn 0.7622 -0.2066 0.6134
v 0.2669 0.3864 1.0475
vt 0.8051 0.3832
vn 0.0326 -0.4581 0.8883
f 2670/2670/2670 2671/2671/2671 2672/2672/2672 2673/2673/2673
v 0.2637 0.5273 0.9945
vt 0.8200 0.4093
vn -0.0120 0.9360 0.3518
v 0.2025 0.4960 1.0076
vt 0.8051 0.4093
vn -0.6383 0.4735 0.6069
v 0.2363 0.4491 1.0540
vt 0.8051 0.3981
vn -0.2656 0.1533 0.9518
v 0.2976 0.4803 1.0410
vt 0.8200 0.3981
vn 0.3323 0.4581 0.8244
f 2674/2674/2674 2675/2675/2675 2676/2676/2676 2677/2677/2677
v 0.2642 0.3394 0.9228
vt 0.8051 0.3720
vn 0.0120 -0.9360 -0.3518
v 0.3255 0.3707 0.9098
vt 0.8200 0.3720
vn 0.6100 -0.6311 -0.4792
v 0.3401 0.3707 0.9783
vt 0.8200 0.3720
vn 0.7523 -0.6311 0.1890
v 0.2788 0.3394 0.9913
vt 0.8051 0.3720
vn 0.1543 -0.9360 0.3164
f 2678/2678/2678 2679/2679/2679 2680/2680/2680 2681/2681/2681
v 2.1876 0.1167 1.2535
vt 0.8288 0.8899
vn -1.0000 -0.0000 0.0053
v 2.1876 0.5833 1.2535
vt 0.8288 0.9226
vn -1.0000 -0.0000 0.0053
v 2.1872 0.5600 1.1797
vt 0.8272 0.9209
vn -1.0000 -0.0000 0.0053
v 2.1872 0.1400 1.1797
vt 0.8272 0.8916
vn -1.0000 -0.0000 0.0053
f 2682/2682/2682 2683/2683/2683 2684/2684/2684 2685/2685/2685
v 2.1474 0.7000 0.6265
vt 0.8125 0.9307
vn -0.3038 0.2169 0.9277
v 2.1401 0.5950 0.6487
vt 0.8076 0.9242
vn -0.3038 0.2169 0.9277
v 2.3397 0.5950 0.7140
vt 0.8272 0.9242
vn -0.3038 0.2169 0.9277
v 2.3691 0.7000 0.6991
vt 0.8288 0.9307
vn -0.3038 0.2169 0.9277
f 2686/2686/2686 2687/2687/2687 2688/2688/2688 2689/2689/2689
v 2.4800 0.1167 0.7354
vt 0.8370 0.8899
vn 0.0053 -0.0000 1.0000
v 2.4800 0.5833 0.7354
vt 0.8370 0.9226
vn 0.0053 -0.0000 1.0000
v 2.4062 0.5600 0.7358
vt 0.8304 0.9209
vn 0.0053 -0.0000 1.0000
v 2.4062 0.1400 0.7358
vt 0.8304 0.8916
vn 0.0053 -0.0000 1.0000
f 2690/2690/2690 2691/2691/2691 2692/2692/2692 2693/2693/2693
v 1.7421 0.5833 0.7393
vt 0.7880 0.9226
vn -0.3005 -0.9487 -0.0984
v 1.8087 0.5600 0.7611
vt 0.7946 0.9209
vn -0.3005 -0.9487 -0.0984
v 1.7433 0.5600 0.9607
vt 0.7946 0.9209
vn -0.3005 -0.9487 -0.0984
v 1.6695 0.5833 0.9611
vt 0.7880 0.9226
vn -0.3005 -0.9487 -0.0984
f 2694/2694/2694 2695/2695/2695 2696/2696/2696 2697/2697/2697
v 1.9619 0.1167 0.4430
vt 0.7962 0.8899
vn 1.0000 -0.0000 -0.0053
v 1.9619 0.5833 0.4430
vt 0.7962 0.9226
vn 1.0000 -0.0000 -0.0053
v 1.9623 0.5600 0.5168
vt 0.7978 0.9209
vn 1.0000 -0.0000 -0.0053
v 1.9623 0.1400 0.5168
vt 0.7978 0.8916
vn 1.0000 -0.0000 -0.0053
f 2698/2698/2698 2699/2699/2699 2700/2700/2700 2701/2701/2701
v 1.6695 0.1167 0.9611
vt 0.7880 0.8899
vn -0.0053 0.0000 -1.0000
v 1.6695 0.5833 0.9611
vt 0.7880 0.9226
vn -0.0053 0.0000 -1.0000
v 1.7433 0.5600 0.9607
vt 0.7946 0.9209
vn -0.0053 0.0000 -1.0000
v 1.7433 0.1400 0.9607
vt 0.7946 0.8916
vn -0.0053 0.0000 -1.0000
f 2702/2702/2702 2703/2703/2703 2704/2704/2704 2705/2705/2705
v 1.6332 0.0000 1.0720
vt 0.7880 0.8818
vn -0.9503 -0.0000 -0.3112
v 1.6332 0.7000 1.0720
vt 0.7880 0.9307
vn -0.9503 -0.0000 -0.3112
v 1.6695 0.5833 0.9611
vt 0.7880 0.9226
vn -0.9503 -0.0000 -0.3112
v 1.6695 0.1167 0.9611
vt 0.7880 0.8899
vn -0.9503 -0.0000 -0.3112
f 2706/2706/2706 2707/2707/2707 2708/2708/2708 2709/2709/2709
v 1.8510 0.7000 0.4067
vt 0.7880 0.9307
vn -0.9503 -0.0000 -0.3112
v 1.8147 0.5833 0.5176
vt 0.7880 0.9226
vn -0.9503 -0.0000 -0.3112
v 1.7421 0.5833 0.7393
vt 0.7880 0.9226
vn -0.9503 -0.0000 -0.3112
f 2710/2710/2710 2711/2711/2711 2712/2712/2712
v 1.8510 0.7000 0.4067
vt 0.7880 0.9307
vn -0.9503 -0.0000 -0.3112
v 1.8510 0.0000 0.4067
vt 0.7880 0.8818
vn -0.9503 -0.0000 -0.3112
v 1.8147 0.1167 0.5176
vt 0.7880 0.8899
vn -0.9503 -0.0000 -0.3112
v 1.8147 0.5833 0.5176
vt 0.7880 0.9226
vn -0.9503 -0.0000 -0.3112
f 2713/2713/2713 2714/2714/2714 2715/2715/2715 2716/2716/2716
v 1.7421 0.1167 0.7393
vt 0.7880 0.8899
vn -0.9503 -0.0000 -0.3112
v 1.6332 0.0000 1.0720
vt 0.7880 0.8818
vn -0.9503 -0.0000 -0.3112
v 1.6695 0.1167 0.9611
vt 0.7880 0.8899
vn -0.9503 -0.0000 -0.3112
f 2717/2717/2717 2718/2718/2718 2719/2719/2719
v 1.8510 0.0000 0.4067
vt 0.7880 0.8818
vn 0.3112 -0.0000 -0.9503
v 1.8510 0.7000 0.4067
vt 0.7880 0.9307
vn 0.3112 -0.0000 -0.9503
v 1.9619 0.5833 0.4430
vt 0.7962 0.9226
vn 0.3112 -0.0000 -0.9503
v 1.9619 0.1167 0.4430
vt 0.7962 0.8899
vn 0.3112 -0.0000 -0.9503
f 2720/2720/2720 2721/2721/2721 2722/2722/2722 2723/2723/2723
v 2.5163 0.7000 0.6246
vt 0.8370 0.9307
vn 0.3112 -0.0000 -0.9503
v 2.1837 0.5833 0.5156
vt 0.8125 0.9226
vn 0.3112 -0.0000 -0.9503
v 1.8510 0.7000 0.4067
vt 0.7880 0.9307
vn 0.3112 -0.0000 -0.9503
f 2724/2724/2724 2725/2725/2725 2726/2726/2726
v 2.5163 0.7000 0.6246
vt 0.8370 0.9307
vn 0.3112 -0.0000 -0.9503
v 2.5163 0.0000 0.6246
vt 0.8370 0.8818
vn 0.3112 -0.0000 -0.9503
v 2.4054 0.1167 0.5882
vt 0.8288 0.8899
vn 0.3112 -0.0000 -0.9503
v 2.4054 0.5833 0.5882
vt 0.8288 0.9226
vn 0.3112 -0.0000 -0.9503
f 2727/2727/2727 2728/2728/2728 2729/2729/2729 2730/2730/2730
v 1.8510 0.0000 0.4067
vt 0.7880 0.8818
vn 0.3112 -0.0000 -0.9503
v 1.9619 0.1167 0.4430
vt 0.7962 0.8899
vn 0.3112 -0.0000 -0.9503
v 2.1837 0.1167 0.5156
vt 0.8125 0.8899
vn 0.3112 -0.0000 -0.9503
f 2731/2731/2731 2732/2732/2732 2733/2733/2733
v 2.5163 0.0000 0.6246
vt 0.8370 0.8818
vn 0.9503 -0.0000 0.3112
v 2.5163 0.7000 0.6246
vt 0.8370 0.9307
vn 0.9503 -0.0000 0.3112
v 2.4800 0.5833 0.7354
vt 0.8370 0.9226
vn 0.9503 -0.0000 0.3112
v 2.4800 0.1167 0.7354
vt 0.8370 0.8899
vn 0.9503 -0.0000 0.3112
f 2734/2734/2734 2735/2735/2735 2736/2736/2736 2737/2737/2737
v 2.2984 0.7000 1.2898
vt 0.8370 0.9307
vn 0.9503 -0.0000 0.3112
v 2.3348 0.5833 1.1789
vt 0.8370 0.9226
vn 0.9503 -0.0000 0.3112
v 2.4074 0.5833 0.9572
vt 0.8370 0.9226
vn 0.9503 -0.0000 0.3112
f 2738/2738/2738 2739/2739/2739 2740/2740/2740
v 2.2984 0.7000 1.2898
vt 0.8370 0.9307
vn 0.9503 -0.0000 0.3112
v 2.2984 0.0000 1.2898
vt 0.8370 0.8818
vn 0.9503 -0.0000 0.3112
v 2.3348 0.1167 1.1789
vt 0.8370 0.8899
vn 0.9503 -0.0000 0.3112
v 2.3348 0.5833 1.1789
vt 0.8370 0.9226
vn 0.9503 -0.0000 0.3112
f 2741/2741/2741 2742/2742/2742 2743/2743/2743 2744/2744/2744
v 2.5163 0.0000 0.6246
vt 0.8370 0.8818
vn 0.9503 -0.0000 0.3112
v 2.4800 0.1167 0.7354
vt 0.8370 0.8899
vn 0.9503 -0.0000 0.3112
v 2.4074 0.1167 0.9572
vt 0.8370 0.8899
vn 0.9503 -0.0000 0.3112
f 2745/2745/2745 2746/2746/2746 2747/2747/2747
v 2.2984 0.0000 1.2898
vt 0.8370 0.8818
vn -0.3112 0.0000 0.9503
v 2.2984 0.7000 1.2898
vt 0.8370 0.9307
vn -0.3112 0.0000 0.9503
v 2.1876 0.5833 1.2535
vt 0.8288 0.9226
vn -0.3112 0.0000 0.9503
v 2.1876 0.1167 1.2535
vt 0.8288 0.8899
vn -0.3112 0.0000 0.9503
f 2748/2748/2748 2749/2749/2749 2750/2750/2750 2751/2751/2751
v 1.6332 0.7000 1.0720
vt 0.7880 0.9307
vn -0.3112 0.0000 0.9503
v 1.7441 0.5833 1.1083
vt 0.7962 0.9226
vn -0.3112 0.0000 0.9503
v 1.9658 0.5833 1.1809
vt 0.8125 0.9226
vn -0.3112 0.0000 0.9503
f 2752/2752/2752 2753/2753/2753 2754/2754/2754
v 1.6332 0.7000 1.0720
vt 0.7880 0.9307
vn -0.3112 0.0000 0.9503
v 1.6332 0.0000 1.0720
vt 0.7880 0.8818
vn -0.3112 0.0000 0.9503
v 1.7441 0.1167 1.1083
vt 0.7962 0.8899
vn -0.3112 0.0000 0.9503
v 1.7441 0.5833 1.1083
vt 0.7962 0.9226
vn -0.3112 0.0000 0.9503
f 2755/2755/2755 2756/2756/2756 2757/2757/2757 2758/2758/2758
v 1.9658 0.1167 1.1809
vt 0.8125 0.8899
vn -0.3112 0.0000 0.9503
v 2.2984 0.0000 1.2898
vt 0.8370 0.8818
vn -0.3112 0.0000 0.9503
v 2.1876 0.1167 1.2535
vt 0.8288 0.8899
vn -0.3112 0.0000 0.9503
f 2759/2759/2759 2760/2760/2760 2761/2761/2761
v 2.2984 0.7000 1.2898
vt 0.8370 0.9307
vn 0.0000 1.0000 0.0000
v 2.2239 0.7000 1.1426
vt 0.8288 0.9307
vn 0.0000 1.0000 0.0000
v 2.0021 0.7000 1.0700
vt 0.8125 0.9307
vn 0.0000 1.0000 0.0000
f 2762/2762/2762 2763/2763/2763 2764/2764/2764
v 1.8087 0.1400 0.7611
vt 0.6589 0.8362
vn -0.9503 -0.0000 -0.3112
v 1.8087 0.5600 0.7611
vt 0.6589 0.8785
vn -0.9503 -0.0000 -0.3112
v 1.8740 0.5600 0.5616
vt 0.6589 0.8785
vn -0.9503 -0.0000 -0.3112
v 1.8740 0.1400 0.5616
vt 0.6589 0.8362
vn -0.9503 -0.0000 -0.3112
f 2765/2765/2765 2766/2766/2766 2767/2767/2767 2768/2768/2768
v 2.1619 0.1400 0.5822
vt 0.6871 0.8831
vn 0.3112 -0.0000 -0.9503
v 2.1619 0.5600 0.5822
vt 0.6871 0.9254
vn 0.3112 -0.0000 -0.9503
v 2.3615 0.5600 0.6475
vt 0.7082 0.9254
vn 0.3112 -0.0000 -0.9503
v 2.3615 0.1400 0.6475
vt 0.7082 0.8831
vn 0.3112 -0.0000 -0.9503
f 2769/2769/2769 2770/2770/2770 2771/2771/2771 2772/2772/2772
v 2.3408 0.1400 0.9354
vt 0.7153 0.8362
vn 0.9503 -0.0000 0.3112
v 2.3408 0.5600 0.9354
vt 0.7153 0.8785
vn 0.9503 -0.0000 0.3112
v 2.2755 0.5600 1.1350
vt 0.7153 0.8785
vn 0.9503 -0.0000 0.3112
v 2.2755 0.1400 1.1350
vt 0.7153 0.8362
vn 0.9503 -0.0000 0.3112
f 2773/2773/2773 2774/2774/2774 2775/2775/2775 2776/2776/2776
v 1.9876 0.1400 1.1144
vt 0.6871 0.8362
vn -0.3112 0.0000 0.9503
v 1.9876 0.5600 1.1144
vt 0.6871 0.8785
vn -0.3112 0.0000 0.9503
v 1.7880 0.5600 1.0490
vt 0.6659 0.8785
vn -0.3112 0.0000 0.9503
v 1.7880 0.1400 1.0490
vt 0.6659 0.8362
vn -0.3112 0.0000 0.9503
f 2777/2777/2777 2778/2778/2778 2779/2779/2779 2780/2780/2780
v 2.1401 0.5950 0.6487
vt 0.8121 0.3856
vn 0.0000 1.0000 0.0000
v 1.9405 0.5950 0.5833
vt 0.7909 0.3856
vn 0.0000 1.0000 0.0000
v 1.8098 0.5950 0.9825
vt 0.7909 0.3856
vn 0.0000 1.0000 0.0000
v 2.0094 0.5950 1.0478
vt 0.8121 0.3856
vn 0.0000 1.0000 0.0000
f 2781/2781/2781 2782/2782/2782 2783/2783/2783 2784/2784/2784
v 1.7421 0.5833 0.7393
vt 0.7880 0.9226
vn -0.3005 -0.9487 -0.0984
v 1.8147 0.5833 0.5176
vt 0.7880 0.9226
vn -0.3005 -0.9487 -0.0984
v 1.8740 0.5600 0.5616
vt 0.7946 0.9209
vn -0.3005 -0.9487 -0.0984
v 1.8087 0.5600 0.7611
vt 0.7946 0.9209
vn -0.3005 -0.9487 -0.0984
f 2785/2785/2785 2786/2786/2786 2787/2787/2787 2788/2788/2788
v 2.4062 0.5600 0.7358
vt 0.7153 0.9254
vn 0.9503 -0.0000 0.3112
v 2.3408 0.5600 0.9354
vt 0.7153 0.9254
vn 0.9503 -0.0000 0.3112
v 2.3408 0.1400 0.9354
vt 0.7153 0.8831
vn 0.9503 -0.0000 0.3112
v 2.4062 0.1400 0.7358
vt 0.7153 0.8831
vn 0.9503 -0.0000 0.3112
f 2789/2789/2789 2790/2790/2790 2791/2791/2791 2792/2792/2792
v 2.1837 0.5833 0.5156
vt 0.8125 0.9226
vn 0.0984 -0.9487 -0.3005
v 2.4054 0.5833 0.5882
vt 0.8288 0.9226
vn 0.0984 -0.9487 -0.3005
v 2.3615 0.5600 0.6475
vt 0.8272 0.9209
vn 0.0984 -0.9487 -0.3005
v 2.1619 0.5600 0.5822
vt 0.8174 0.9209
vn 0.0984 -0.9487 -0.3005
f 2793/2793/2793 2794/2794/2794 2795/2795/2795 2796/2796/2796
v 2.1474 0.7000 0.6265
vt 0.8125 0.9307
vn -0.3038 0.2169 0.9277
v 1.9256 0.7000 0.5539
vt 0.7962 0.9307
vn -0.3038 0.2169 0.9277
v 1.9405 0.5950 0.5833
vt 0.7978 0.9242
vn -0.3038 0.2169 0.9277
v 2.1401 0.5950 0.6487
vt 0.8076 0.9242
vn -0.3038 0.2169 0.9277
f 2797/2797/2797 2798/2798/2798 2799/2799/2799 2800/2800/2800
v 1.8147 0.5833 0.5176
vt 0.7880 0.9226
vn -0.5958 -0.0000 0.8032
v 1.8147 0.1167 0.5176
vt 0.7880 0.8899
vn -0.5958 -0.0000 0.8032
v 1.8740 0.1400 0.5616
vt 0.7946 0.8916
vn -0.5958 -0.0000 0.8032
v 1.8740 0.5600 0.5616
vt 0.7946 0.9209
vn -0.5958 -0.0000 0.8032
f 2801/2801/2801 2802/2802/2802 2803/2803/2803 2804/2804/2804
v 2.4074 0.5833 0.9572
vt 0.8370 0.9226
vn 0.3005 -0.9487 0.0984
v 2.3348 0.5833 1.1789
vt 0.8370 0.9226
vn 0.3005 -0.9487 0.0984
v 2.2755 0.5600 1.1350
vt 0.8304 0.9209
vn 0.3005 -0.9487 0.0984
v 2.3408 0.5600 0.9354
vt 0.8304 0.9209
vn 0.3005 -0.9487 0.0984
f 2805/2805/2805 2806/2806/2806 2807/2807/2807 2808/2808/2808
v 2.4054 0.5833 0.5882
vt 0.8288 0.9226
vn -0.8032 0.0000 -0.5958
v 2.4054 0.1167 0.5882
vt 0.8288 0.8899
vn -0.8032 0.0000 -0.5958
v 2.3615 0.1400 0.6475
vt 0.8272 0.8916
vn -0.8032 0.0000 -0.5958
v 2.3615 0.5600 0.6475
vt 0.8272 0.9209
vn -0.8032 0.0000 -0.5958
f 2809/2809/2809 2810/2810/2810 2811/2811/2811 2812/2812/2812
v 1.9658 0.5833 1.1809
vt 0.8125 0.9226
vn -0.0984 -0.9487 0.3005
v 1.7441 0.5833 1.1083
vt 0.7962 0.9226
vn -0.0984 -0.9487 0.3005
v 1.7880 0.5600 1.0490
vt 0.7978 0.9209
vn -0.0984 -0.9487 0.3005
v 1.9876 0.5600 1.1144
vt 0.8076 0.9209
vn -0.0984 -0.9487 0.3005
f 2813/2813/2813 2814/2814/2814 2815/2815/2815 2816/2816/2816
v 2.2239 0.7000 1.1426
vt 0.8288 0.9307
vn -0.9277 0.2169 -0.3038
v 2.3691 0.7000 0.6991
vt 0.8288 0.9307
vn -0.9277 0.2169 -0.3038
v 2.3397 0.5950 0.7140
vt 0.8272 0.9242
vn -0.9277 0.2169 -0.3038
v 2.2090 0.5950 1.1132
vt 0.8272 0.9242
vn -0.9277 0.2169 -0.3038
f 2817/2817/2817 2818/2818/2818 2819/2819/2819 2820/2820/2820
v 2.3348 0.5833 1.1789
vt 0.8370 0.9226
vn 0.5958 0.0000 -0.8032
v 2.3348 0.1167 1.1789
vt 0.8370 0.8899
vn 0.5958 0.0000 -0.8032
v 2.2755 0.1400 1.1350
vt 0.8304 0.8916
vn 0.5958 0.0000 -0.8032
v 2.2755 0.5600 1.1350
vt 0.8304 0.9209
vn 0.5958 0.0000 -0.8032
f 2821/2821/2821 2822/2822/2822 2823/2823/2823 2824/2824/2824
v 1.7441 0.5833 1.1083
vt 0.7962 0.9226
vn 0.8032 -0.0000 0.5958
v 1.7441 0.1167 1.1083
vt 0.7962 0.8899
vn 0.8032 -0.0000 0.5958
v 1.7880 0.1400 1.0490
vt 0.7978 0.8916
vn 0.8032 -0.0000 0.5958
v 1.7880 0.5600 1.0490
vt 0.7978 0.9209
vn 0.8032 -0.0000 0.5958
f 2825/2825/2825 2826/2826/2826 2827/2827/2827 2828/2828/2828
v 1.9256 0.7000 0.5539
vt 0.7962 0.9307
vn 0.9277 0.2169 0.3038
v 1.7804 0.7000 0.9974
vt 0.7962 0.9307
vn 0.9277 0.2169 0.3038
v 1.8098 0.5950 0.9825
vt 0.7978 0.9242
vn 0.9277 0.2169 0.3038
v 1.9405 0.5950 0.5833
vt 0.7978 0.9242
vn 0.9277 0.2169 0.3038
f 2829/2829/2829 2830/2830/2830 2831/2831/2831 2832/2832/2832
v 2.3397 0.5950 0.7140
vt 0.8332 0.3856
vn 0.0000 1.0000 0.0000
v 2.1401 0.5950 0.6487
vt 0.8121 0.3856
vn 0.0000 1.0000 0.0000
v 2.0094 0.5950 1.0478
vt 0.8121 0.3856
vn 0.0000 1.0000 0.0000
v 2.2090 0.5950 1.1132
vt 0.8332 0.3856
vn 0.0000 1.0000 0.0000
f 2833/2833/2833 2834/2834/2834 2835/2835/2835 2836/2836/2836
v 2.1872 0.5600 1.1797
vt 0.7082 0.9254
vn -0.3112 0.0000 0.9503
v 1.9876 0.5600 1.1144
vt 0.6871 0.9254
vn -0.3112 0.0000 0.9503
v 1.9876 0.1400 1.1144
vt 0.6871 0.8831
vn -0.3112 0.0000 0.9503
v 2.1872 0.1400 1.1797
vt 0.7082 0.8831
vn -0.3112 0.0000 0.9503
f 2837/2837/2837 2838/2838/2838 2839/2839/2839 2840/2840/2840
v 1.7441 0.1167 1.1083
vt 0.7962 0.8899
vn -0.0984 0.9487 0.3005
v 1.9658 0.1167 1.1809
vt 0.8125 0.8899
vn -0.0984 0.9487 0.3005
v 1.9876 0.1400 1.1144
vt 0.8076 0.8916
vn -0.0984 0.9487 0.3005
v 1.7880 0.1400 1.0490
vt 0.7978 0.8916
vn -0.0984 0.9487 0.3005
f 2841/2841/2841 2842/2842/2842 2843/2843/2843 2844/2844/2844
v 2.1872 0.1400 1.1797
vt 0.8272 0.8916
vn -0.0984 0.9487 0.3005
v 1.9876 0.1400 1.1144
vt 0.8076 0.8916
vn -0.0984 0.9487 0.3005
v 1.9658 0.1167 1.1809
vt 0.8125 0.8899
vn -0.0984 0.9487 0.3005
v 2.1876 0.1167 1.2535
vt 0.8288 0.8899
vn -0.0984 0.9487 0.3005
f 2845/2845/2845 2846/2846/2846 2847/2847/2847 2848/2848/2848
v 1.7433 0.5600 0.9607
vt 0.6589 0.9254
vn -0.9503 -0.0000 -0.3112
v 1.8087 0.5600 0.7611
vt 0.6589 0.9254
vn -0.9503 -0.0000 -0.3112
v 1.8087 0.1400 0.7611
vt 0.6589 0.8831
vn -0.9503 -0.0000 -0.3112
v 1.7433 0.1400 0.9607
vt 0.6589 0.8831
vn -0.9503 -0.0000 -0.3112
f 2849/2849/2849 2850/2850/2850 2851/2851/2851 2852/2852/2852
v 2.1837 0.5833 0.5156
vt 0.8125 0.9226
vn 0.0984 -0.9487 -0.3005
v 2.1619 0.5600 0.5822
vt 0.8174 0.9209
vn 0.0984 -0.9487 -0.3005
v 1.9623 0.5600 0.5168
vt 0.7978 0.9209
vn 0.0984 -0.9487 -0.3005
v 1.9619 0.5833 0.4430
vt 0.7962 0.9226
vn 0.0984 -0.9487 -0.3005
f 2853/2853/2853 2854/2854/2854 2855/2855/2855 2856/2856/2856
v 1.8147 0.1167 0.5176
vt 0.7880 0.8899
vn -0.3005 0.9487 -0.0984
v 1.7421 0.1167 0.7393
vt 0.7880 0.8899
vn -0.3005 0.9487 -0.0984
v 1.8087 0.1400 0.7611
vt 0.7946 0.8916
vn -0.3005 0.9487 -0.0984
v 1.8740 0.1400 0.5616
vt 0.7946 0.8916
vn -0.3005 0.9487 -0.0984
f 2857/2857/2857 2858/2858/2858 2859/2859/2859 2860/2860/2860
v 1.9623 0.5600 0.5168
vt 0.6659 0.8785
vn 0.3112 -0.0000 -0.9503
v 2.1619 0.5600 0.5822
vt 0.6871 0.8785
vn 0.3112 -0.0000 -0.9503
v 2.1619 0.1400 0.5822
vt 0.6871 0.8362
vn 0.3112 -0.0000 -0.9503
v 1.9623 0.1400 0.5168
vt 0.6659 0.8362
vn 0.3112 -0.0000 -0.9503
f 2861/2861/2861 2862/2862/2862 2863/2863/2863 2864/2864/2864
v 2.4074 0.5833 0.9572
vt 0.8370 0.9226
vn 0.3005 -0.9487 0.0984
v 2.3408 0.5600 0.9354
vt 0.8304 0.9209
vn 0.3005 -0.9487 0.0984
v 2.4062 0.5600 0.7358
vt 0.8304 0.9209
vn 0.3005 -0.9487 0.0984
v 2.4800 0.5833 0.7354
vt 0.8370 0.9226
vn 0.3005 -0.9487 0.0984
f 2865/2865/2865 2866/2866/2866 2867/2867/2867 2868/2868/2868
v 2.4054 0.1167 0.5882
vt 0.8288 0.8899
vn 0.0984 0.9487 -0.3005
v 2.1837 0.1167 0.5156
vt 0.8125 0.8899
vn 0.0984 0.9487 -0.3005
v 2.1619 0.1400 0.5822
vt 0.8174 0.8916
vn 0.0984 0.9487 -0.3005
v 2.3615 0.1400 0.6475
vt 0.8272 0.8916
vn 0.0984 0.9487 -0.3005
f 2869/2869/2869 2870/2870/2870 2871/2871/2871 2872/2872/2872
v 2.4062 0.1400 0.7358
vt 0.8304 0.8916
vn 0.3005 0.9487 0.0984
v 2.3408 0.1400 0.9354
vt 0.8304 0.8916
vn 0.3005 0.9487 0.0984
v 2.4074 0.1167 0.9572
vt 0.8370 0.8899
vn 0.3005 0.9487 0.0984
v 2.4800 0.1167 0.7354
vt 0.8370 0.8899
vn 0.3005 0.9487 0.0984
f 2873/2873/2873 2874/2874/2874 2875/2875/2875 2876/2876/2876
v 2.3348 0.1167 1.1789
vt 0.8370 0.8899
vn 0.3005 0.9487 0.0984
v 2.4074 0.1167 0.9572
vt 0.8370 0.8899
vn 0.3005 0.9487 0.0984
v 2.3408 0.1400 0.9354
vt 0.8304 0.8916
vn 0.3005 0.9487 0.0984
v 2.2755 0.1400 1.1350
vt 0.8304 0.8916
vn 0.3005 0.9487 0.0984
f 2877/2877/2877 2878/2878/2878 2879/2879/2879 2880/2880/2880
v 1.9623 0.1400 0.5168
vt 0.7978 0.8916
vn 0.0984 0.9487 -0.3005
v 2.1619 0.1400 0.5822
vt 0.8174 0.8916
vn 0.0984 0.9487 -0.3005
v 2.1837 0.1167 0.5156
vt 0.8125 0.8899
vn 0.0984 0.9487 -0.3005
v 1.9619 0.1167 0.4430
vt 0.7962 0.8899
vn 0.0984 0.9487 -0.3005
f 2881/2881/2881 2882/2882/2882 2883/2883/2883 2884/2884/2884
v 1.7804 0.7000 0.9974
vt 0.7962 0.9307
vn 0.3038 0.2169 -0.9277
v 2.0021 0.7000 1.0700
vt 0.8125 0.9307
vn 0.3038 0.2169 -0.9277
v 2.0094 0.5950 1.0478
vt 0.8076 0.9242
vn 0.3038 0.2169 -0.9277
v 1.8098 0.5950 0.9825
vt 0.7978 0.9242
vn 0.3038 0.2169 -0.9277
f 2885/2885/2885 2886/2886/2886 2887/2887/2887 2888/2888/2888
v 2.2090 0.5950 1.1132
vt 0.8272 0.9242
vn 0.3038 0.2169 -0.9277
v 2.0094 0.5950 1.0478
vt 0.8076 0.9242
vn 0.3038 0.2169 -0.9277
v 2.0021 0.7000 1.0700
vt 0.8125 0.9307
vn 0.3038 0.2169 -0.9277
v 2.2239 0.7000 1.1426
vt 0.8288 0.9307
vn 0.3038 0.2169 -0.9277
f 2889/2889/2889 2890/2890/2890 2891/2891/2891 2892/2892/2892
v 1.6332 0.0000 1.0720
vt 0.7880 0.8818
vn -0.3112 0.0000 0.9503
v 2.2984 0.0000 1.2898
vt 0.8370 0.8818
vn -0.3112 0.0000 0.9503
v 1.9658 0.1167 1.1809
vt 0.8125 0.8899
vn -0.3112 0.0000 0.9503
f 2893/2893/2893 2894/2894/2894 2895/2895/2895
v 1.8510 0.7000 0.4067
vt 0.7880 0.9307
vn 0.3112 -0.0000 -0.9503
v 2.1837 0.5833 0.5156
vt 0.8125 0.9226
vn 0.3112 -0.0000 -0.9503
v 1.9619 0.5833 0.4430
vt 0.7962 0.9226
vn 0.3112 -0.0000 -0.9503
f 2896/2896/2896 2897/2897/2897 2898/2898/2898
v 2.5163 0.7000 0.6246
vt 0.8370 0.9307
vn 0.3112 -0.0000 -0.9503
v 2.4054 0.5833 0.5882
vt 0.8288 0.9226
vn 0.3112 -0.0000 -0.9503
v 2.1837 0.5833 0.5156
vt 0.8125 0.9226
vn 0.3112 -0.0000 -0.9503
f 2899/2899/2899 2900/2900/2900 2901/2901/2901
v 2.1876 0.5833 1.2535
vt 0.8288 0.9226
vn -0.3112 0.0000 0.9503
v 2.2984 0.7000 1.2898
vt 0.8370 0.9307
vn -0.3112 0.0000 0.9503
v 1.9658 0.5833 1.1809
vt 0.8125 0.9226
vn -0.3112 0.0000 0.9503
f 2902/2902/2902 2903/2903/2903 2904/2904/2904
v 1.6695 0.5833 0.9611
vt 0.7880 0.9226
vn -0.9503 -0.0000 -0.3112
v 1.6332 0.7000 1.0720
vt 0.7880 0.9307
vn -0.9503 -0.0000 -0.3112
v 1.7421 0.5833 0.7393
vt 0.7880 0.9226
vn -0.9503 -0.0000 -0.3112
f 2905/2905/2905 2906/2906/2906 2907/2907/2907
v 2.5163 0.7000 0.6246
vt 0.8370 0.9307
vn 0.9503 -0.0000 0.3112
v 2.2984 0.7000 1.2898
vt 0.8370 0.9307
vn 0.9503 -0.0000 0.3112
v 2.4074 0.5833 0.9572
vt 0.8370 0.9226
vn 0.9503 -0.0000 0.3112
f 2908/2908/2908 2909/2909/2909 2910/2910/2910
v 2.3691 0.7000 0.6991
vt 0.8288 0.9307
vn 0.0000 1.0000 0.0000
v 2.2239 0.7000 1.1426
vt 0.8288 0.9307
vn 0.0000 1.0000 0.0000
v 2.2984 0.7000 1.2898
vt 0.8370 0.9307
vn 0.0000 1.0000 0.0000
v 2.5163 0.7000 0.6246
vt 0.8370 0.9307
vn 0.0000 1.0000 0.0000
f 2911/2911/2911 2912/2912/2912 2913/2913/2913 2914/2914/2914
v 1.7804 0.7000 0.9974
vt 0.7962 0.9307
vn 0.0000 1.0000 0.0000
v 1.9256 0.7000 0.5539
vt 0.7962 0.9307
vn 0.0000 1.0000 0.0000
v 1.8510 0.7000 0.4067
vt 0.7880 0.9307
vn 0.0000 1.0000 0.0000
v 1.6332 0.7000 1.0720
vt 0.7880 0.9307
vn 0.0000 1.0000 0.0000
f 2915/2915/2915 2916/2916/2916 2917/2917/2917 2918/2918/2918
v 2.3348 0.1167 1.1789
vt 0.8370 0.8899
vn 0.9503 -0.0000 0.3112
v 2.2984 0.0000 1.2898
vt 0.8370 0.8818
vn 0.9503 -0.0000 0.3112
v 2.4074 0.1167 0.9572
vt 0.8370 0.8899
vn 0.9503 -0.0000 0.3112
f 2919/2919/2919 2920/2920/2920 2921/2921/2921
v 2.2984 0.0000 1.2898
vt 0.8370 0.8818
vn 0.9503 -0.0000 0.3112
v 2.5163 0.0000 0.6246
vt 0.8370 0.8818
vn 0.9503 -0.0000 0.3112
v 2.4074 0.1167 0.9572
vt 0.8370 0.8899
vn 0.9503 -0.0000 0.3112
f 2922/2922/2922 2923/2923/2923 2924/2924/2924
v 1.7441 0.1167 1.1083
vt 0.7962 0.8899
vn -0.3112 0.0000 0.9503
v 1.6332 0.0000 1.0720
vt 0.7880 0.8818
vn -0.3112 0.0000 0.9503
v 1.9658 0.1167 1.1809
vt 0.8125 0.8899
vn -0.3112 0.0000 0.9503
f 2925/2925/2925 2926/2926/2926 2927/2927/2927
v 2.2984 0.0000 1.2898
vt 0.8370 0.8818
vn -0.0000 -1.0000 0.0000
v 1.6332 0.0000 1.0720
vt 0.7880 0.8818
vn -0.0000 -1.0000 0.0000
v 1.8510 0.0000 0.4067
vt 0.7880 0.8818
vn -0.0000 -1.0000 0.0000
v 2.5163 0.0000 0.6246
vt 0.8370 0.8818
vn -0.0000 -1.0000 0.0000
f 2928/2928/2928 2929/2929/2929 2930/2930/2930 2931/2931/2931
v 1.8510 0.0000 0.4067
vt 0.7880 0.8818
vn -0.9503 -0.0000 -0.3112
v 1.6332 0.0000 1.0720
vt 0.7880 0.8818
vn -0.9503 -0.0000 -0.3112
v 1.7421 0.1167 0.7393
vt 0.7880 0.8899
vn -0.9503 -0.0000 -0.3112
f 2932/2932/2932 2933/2933/2933 2934/2934/2934
v 1.8147 0.1167 0.5176
vt 0.7880 0.8899
vn -0.9503 -0.0000 -0.3112
v 1.8510 0.0000 0.4067
vt 0.7880 0.8818
vn -0.9503 -0.0000 -0.3112
v 1.7421 0.1167 0.7393
vt 0.7880 0.8899
vn -0.9503 -0.0000 -0.3112
f 2935/2935/2935 2936/2936/2936 2937/2937/2937
v 1.8510 0.7000 0.4067
vt 0.7880 0.9307
vn -0.9503 -0.0000 -0.3112
v 1.7421 0.5833 0.7393
vt 0.7880 0.9226
vn -0.9503 -0.0000 -0.3112
v 1.6332 0.7000 1.0720
vt 0.7880 0.9307
vn -0.9503 -0.0000 -0.3112
f 2938/2938/2938 2939/2939/2939 2940/2940/2940
v 1.8510 0.7000 0.4067
vt 0.7880 0.9307
vn 0.0000 1.0000 0.0000
v 1.9256 0.7000 0.5539
vt 0.7962 0.9307
vn 0.0000 1.0000 0.0000
v 2.1474 0.7000 0.6265
vt 0.8125 0.9307
vn 0.0000 1.0000 0.0000
f 2941/2941/2941 2942/2942/2942 2943/2943/2943
v 2.5163 0.7000 0.6246
vt 0.8370 0.9307
vn 0.0000 1.0000 0.0000
v 1.8510 0.7000 0.4067
vt 0.7880 0.9307
vn 0.0000 1.0000 0.0000
v 2.1474 0.7000 0.6265
vt 0.8125 0.9307
vn 0.0000 1.0000 0.0000
f 2944/2944/2944 2945/2945/2945 2946/2946/2946
v 2.3691 0.7000 0.6991
vt 0.8288 0.9307
vn 0.0000 1.0000 0.0000
v 2.5163 0.7000 0.6246
vt 0.8370 0.9307
vn 0.0000 1.0000 0.0000
v 2.1474 0.7000 0.6265
vt 0.8125 0.9307
vn 0.0000 1.0000 0.0000
f 2947/2947/2947 2948/2948/2948 2949/2949/2949
v 1.7804 0.7000 0.9974
vt 0.7962 0.9307
vn 0.0000 1.0000 0.0000
v 1.6332 0.7000 1.0720
vt 0.7880 0.9307
vn 0.0000 1.0000 0.0000
v 2.0021 0.7000 1.0700
vt 0.8125 0.9307
vn 0.0000 1.0000 0.0000
f 2950/2950/2950 2951/2951/2951 2952/2952/2952
v 2.4800 0.5833 0.7354
vt 0.8370 0.9226
vn 0.9503 -0.0000 0.3112
v 2.5163 0.7000 0.6246
vt 0.8370 0.9307
vn 0.9503 -0.0000 0.3112
v 2.4074 0.5833 0.9572
vt 0.8370 0.9226
vn 0.9503 -0.0000 0.3112
f 2953/2953/2953 2954/2954/2954 2955/2955/2955
v 1.6332 0.7000 1.0720
vt 0.7880 0.9307
vn 0.0000 1.0000 0.0000
v 2.2984 0.7000 1.2898
vt 0.8370 0.9307
vn 0.0000 1.0000 0.0000
v 2.0021 0.7000 1.0700
vt 0.8125 0.9307
vn 0.0000 1.0000 0.0000
f 2956/2956/2956 2957/2957/2957 2958/2958/2958
v 1.6332 0.7000 1.0720
vt 0.7880 0.9307
vn -0.3112 0.0000 0.9503
v 1.9658 0.5833 1.1809
vt 0.8125 0.9226
vn -0.3112 0.0000 0.9503
v 2.2984 0.7000 1.2898
vt 0.8370 0.9307
vn -0.3112 0.0000 0.9503
f 2959/2959/2959 2960/2960/2960 2961/2961/2961
v 2.4054 0.1167 0.5882
vt 0.8288 0.8899
vn 0.3112 -0.0000 -0.9503
v 2.5163 0.0000 0.6246
vt 0.8370 0.8818
vn 0.3112 -0.0000 -0.9503
v 2.1837 0.1167 0.5156
vt 0.8125 0.8899
vn 0.3112 -0.0000 -0.9503
f 2962/2962/2962 2963/2963/2963 2964/2964/2964
v 2.5163 0.0000 0.6246
vt 0.8370 0.8818
vn 0.3112 -0.0000 -0.9503
v 1.8510 0.0000 0.4067
vt 0.7880 0.8818
vn 0.3112 -0.0000 -0.9503
v 2.1837 0.1167 0.5156
vt 0.8125 0.8899
vn 0.3112 -0.0000 -0.9503
f 2965/2965/2965 2966/2966/2966 2967/2967/2967
v 1.9658 0.5833 1.1809
vt 0.8125 0.9226
vn -0.0984 -0.9487 0.3005
v 1.9876 0.5600 1.1144
vt 0.8076 0.9209
vn -0.0984 -0.9487 0.3005
v 2.1872 0.5600 1.1797
vt 0.8272 0.9209
vn -0.0984 -0.9487 0.3005
v 2.1876 0.5833 1.2535
vt 0.8288 0.9226
vn -0.0984 -0.9487 0.3005
f 2968/2968/2968 2969/2969/2969 2970/2970/2970 2971/2971/2971
v 1.7433 0.1400 0.9607
vt 0.7946 0.8916
vn -0.3005 0.9487 -0.0984
v 1.8087 0.1400 0.7611
vt 0.7946 0.8916
vn -0.3005 0.9487 -0.0984
v 1.7421 0.1167 0.7393
vt 0.7880 0.8899
vn -0.3005 0.9487 -0.0984
v 1.6695 0.1167 0.9611
vt 0.7880 0.8899
vn -0.3005 0.9487 -0.0984
f 2972/2972/2972 2973/2973/2973 2974/2974/2974 2975/2975/2975
v 2.7513 0.3478 0.8243
vt 0.8125 0.9307
vn -0.0350 0.1581 0.9868
v 2.6864 0.3128 0.8276
vt 0.8076 0.9242
vn -0.0350 0.1581 0.9868
v 2.7862 0.1309 0.8603
vt 0.8272 0.9242
vn -0.0350 0.1581 0.9868
v 2.8622 0.1457 0.8606
vt 0.8288 0.9307
vn -0.0350 0.1581 0.9868
f 2976/2976/2976 2977/2977/2977 2978/2978/2978 2979/2979/2979
v 2.5153 0.5865 0.6242
vt 0.7880 0.9205
vn -0.4752 0.8660 -0.1556
v 2.2974 0.5865 1.2895
vt 0.7880 0.9205
vn -0.4752 0.8660 -0.1556
v 2.4035 0.6509 1.3242
vt 0.7880 0.9307
vn -0.4752 0.8660 -0.1556
v 2.6213 0.6509 0.6589
vt 0.7880 0.9307
vn -0.4752 0.8660 -0.1556
f 2980/2980/2980 2981/2981/2981 2982/2982/2982 2983/2983/2983
v 2.5153 0.5865 0.6242
vt 0.7880 0.9205
vn 0.3112 -0.0000 -0.9503
v 2.6213 0.6509 0.6589
vt 0.7880 0.9307
vn 0.3112 -0.0000 -0.9503
v 2.9539 0.0447 0.7679
vt 0.8370 0.9307
vn 0.3112 -0.0000 -0.9503
v 2.8479 -0.0197 0.7331
vt 0.8370 0.9205
vn 0.3112 -0.0000 -0.9503
f 2984/2984/2984 2985/2985/2985 2986/2986/2986 2987/2987/2987
v 2.8479 -0.0197 0.7331
vt 0.8370 0.9205
vn 0.4752 -0.8660 0.1556
v 2.9539 0.0447 0.7679
vt 0.8370 0.9307
vn 0.4752 -0.8660 0.1556
v 2.8116 -0.0197 0.8440
vt 0.8370 0.9226
vn 0.4752 -0.8660 0.1556
f 2988/2988/2988 2989/2989/2989 2990/2990/2990
v 2.8116 -0.0197 0.8440
vt 0.8370 0.9226
vn 0.4752 -0.8660 0.1556
v 2.9539 0.0447 0.7679
vt 0.8370 0.9307
vn 0.4752 -0.8660 0.1556
v 2.7361 0.0447 1.4331
vt 0.8370 0.9307
vn 0.4752 -0.8660 0.1556
v 2.6300 -0.0197 1.3984
vt 0.8370 0.9205
vn 0.4752 -0.8660 0.1556
f 2991/2991/2991 2992/2992/2992 2993/2993/2993 2994/2994/2994
v 2.7361 0.0447 1.4331
vt 0.8370 0.9307
vn 0.8230 0.5000 0.2695
v 2.7169 0.1457 1.3041
vt 0.8288 0.9307
vn 0.8230 0.5000 0.2695
v 2.6061 0.3478 1.2678
vt 0.8125 0.9307
vn 0.8230 0.5000 0.2695
f 2995/2995/2995 2996/2996/2996 2997/2997/2997
v 2.2974 0.5865 1.2895
vt 0.7880 0.9205
vn -0.3112 0.0000 0.9503
v 2.6300 -0.0197 1.3984
vt 0.8370 0.9205
vn -0.3112 0.0000 0.9503
v 2.7361 0.0447 1.4331
vt 0.8370 0.9307
vn -0.3112 0.0000 0.9503
v 2.4035 0.6509 1.3242
vt 0.7880 0.9307
vn -0.3112 0.0000 0.9503
f 2998/2998/2998 2999/2999/2999 3000/3000/3000 3001/3001/3001
v 2.6864 0.3128 0.8276
vt 0.6871 0.9325
vn 0.8230 0.5000 0.2695
v 2.5866 0.4947 0.7949
vt 0.6659 0.9325
vn 0.8230 0.5000 0.2695
v 2.4559 0.4947 1.1941
vt 0.6659 0.9325
vn 0.8230 0.5000 0.2695
v 2.5557 0.3128 1.2267
vt 0.6871 0.9325
vn 0.8230 0.5000 0.2695
f 3002/3002/3002 3003/3003/3003 3004/3004/3004 3005/3005/3005
v 2.7513 0.3478 0.8243
vt 0.8125 0.9307
vn -0.0350 0.1581 0.9868
v 2.6404 0.5499 0.7880
vt 0.7962 0.9307
vn -0.0350 0.1581 0.9868
v 2.5866 0.4947 0.7949
vt 0.7978 0.9242
vn -0.0350 0.1581 0.9868
v 2.6864 0.3128 0.8276
vt 0.8076 0.9242
vn -0.0350 0.1581 0.9868
f 3006/3006/3006 3007/3007/3007 3008/3008/3008 3009/3009/3009
v 2.7169 0.1457 1.3041
vt 0.8288 0.9307
vn -0.1905 0.9797 -0.0624
v 2.8622 0.1457 0.8606
vt 0.8288 0.9307
vn -0.1905 0.9797 -0.0624
v 2.7862 0.1309 0.8603
vt 0.8272 0.9242
vn -0.1905 0.9797 -0.0624
v 2.6555 0.1309 1.2594
vt 0.8272 0.9242
vn -0.1905 0.9797 -0.0624
f 3010/3010/3010 3011/3011/3011 3012/3012/3012 3013/3013/3013
v 2.6404 0.5499 0.7880
vt 0.7962 0.9307
vn 0.7111 -0.6635 0.2328
v 2.4952 0.5499 1.2315
vt 0.7962 0.9307
vn 0.7111 -0.6635 0.2328
v 2.4559 0.4947 1.1941
vt 0.7978 0.9242
vn 0.7111 -0.6635 0.2328
v 2.5866 0.4947 0.7949
vt 0.7978 0.9242
vn 0.7111 -0.6635 0.2328
f 3014/3014/3014 3015/3015/3015 3016/3016/3016 3017/3017/3017
v 2.7862 0.1309 0.8603
vt 0.7082 0.8856
vn 0.8230 0.5000 0.2695
v 2.6864 0.3128 0.8276
vt 0.6871 0.8856
vn 0.8230 0.5000 0.2695
v 2.5557 0.3128 1.2267
vt 0.6871 0.8856
vn 0.8230 0.5000 0.2695
v 2.6555 0.1309 1.2594
vt 0.7082 0.8856
vn 0.8230 0.5000 0.2695
f 3018/3018/3018 3019/3019/3019 3020/3020/3020 3021/3021/3021
v 2.4952 0.5499 1.2315
vt 0.7962 0.9307
vn 0.5555 0.1581 -0.8164
v 2.6061 0.3478 1.2678
vt 0.8125 0.9307
vn 0.5555 0.1581 -0.8164
v 2.5557 0.3128 1.2267
vt 0.8076 0.9242
vn 0.5555 0.1581 -0.8164
v 2.4559 0.4947 1.1941
vt 0.7978 0.9242
vn 0.5555 0.1581 -0.8164
f 3022/3022/3022 3023/3023/3023 3024/3024/3024 3025/3025/3025
v 2.6555 0.1309 1.2594
vt 0.8272 0.9242
vn 0.5555 0.1581 -0.8164
v 2.5557 0.3128 1.2267
vt 0.8076 0.9242
vn 0.5555 0.1581 -0.8164
v 2.6061 0.3478 1.2678
vt 0.8125 0.9307
vn 0.5555 0.1581 -0.8164
v 2.7169 0.1457 1.3041
vt 0.8288 0.9307
vn 0.5555 0.1581 -0.8164
f 3026/3026/3026 3027/3027/3027 3028/3028/3028 3029/3029/3029
v 2.8622 0.1457 0.8606
vt 0.8288 0.9307
vn 0.8230 0.5000 0.2695
v 2.7169 0.1457 1.3041
vt 0.8288 0.9307
vn 0.8230 0.5000 0.2695
v 2.7361 0.0447 1.4331
vt 0.8370 0.9307
vn 0.8230 0.5000 0.2695
v 2.9539 0.0447 0.7679
vt 0.8370 0.9307
vn 0.8230 0.5000 0.2695
f 3030/3030/3030 3031/3031/3031 3032/3032/3032 3033/3033/3033
v 2.4952 0.5499 1.2315
vt 0.7962 0.9307
vn 0.8230 0.5000 0.2695
v 2.6404 0.5499 0.7880
vt 0.7962 0.9307
vn 0.8230 0.5000 0.2695
v 2.6213 0.6509 0.6589
vt 0.7880 0.9307
vn 0.8230 0.5000 0.2695
v 2.4035 0.6509 1.3242
vt 0.7880 0.9307
vn 0.8230 0.5000 0.2695
f 3034/3034/3034 3035/3035/3035 3036/3036/3036 3037/3037/3037
v 2.6213 0.6509 0.6589
vt 0.7880 0.9307
vn 0.8230 0.5000 0.2695
v 2.6404 0.5499 0.7880
vt 0.7962 0.9307
vn 0.8230 0.5000 0.2695
v 2.7513 0.3478 0.8243
vt 0.8125 0.9307
vn 0.8230 0.5000 0.2695
f 3038/3038/3038 3039/3039/3039 3040/3040/3040
v 2.9539 0.0447 0.7679
vt 0.8370 0.9307
vn 0.8230 0.5000 0.2695
v 2.6213 0.6509 0.6589
vt 0.7880 0.9307
vn 0.8230 0.5000 0.2695
v 2.7513 0.3478 0.8243
vt 0.8125 0.9307
vn 0.8230 0.5000 0.2695
f 3041/3041/3041 3042/3042/3042 3043/3043/3043
v 2.8622 0.1457 0.8606
vt 0.8288 0.9307
vn 0.8230 0.5000 0.2695
v 2.9539 0.0447 0.7679
vt 0.8370 0.9307
vn 0.8230 0.5000 0.2695
v 2.7513 0.3478 0.8243
vt 0.8125 0.9307
vn 0.8230 0.5000 0.2695
f 3044/3044/3044 3045/3045/3045 3046/3046/3046
v 2.4952 0.5499 1.2315
vt 0.7962 0.9307
vn 0.8230 0.5000 0.2695
v 2.4035 0.6509 1.3242
vt 0.7880 0.9307
vn 0.8230 0.5000 0.2695
v 2.6061 0.3478 1.2678
vt 0.8125 0.9307
vn 0.8230 0.5000 0.2695
f 3047/3047/3047 3048/3048/3048 3049/3049/3049
v 2.4035 0.6509 1.3242
vt 0.7880 0.9307
vn 0.8230 0.5000 0.2695
v 2.7361 0.0447 1.4331
vt 0.8370 0.9307
vn 0.8230 0.5000 0.2695
v 2.6061 0.3478 1.2678
vt 0.8125 0.9307
vn 0.8230 0.5000 0.2695
f 3050/3050/3050 3051/3051/3051 3052/3052/3052
v 2.2974 0.5865 1.2895
vt 0.7880 0.9205
vn -0.8230 -0.5000 -0.2695
v 2.5153 0.5865 0.6242
vt 0.7880 0.9205
vn -0.8230 -0.5000 -0.2695
v 2.8479 -0.0197 0.7331
vt 0.8370 0.9205
vn -0.8230 -0.5000 -0.2695
v 2.8116 -0.0197 0.8440
vt 0.8370 0.9226
vn -0.8230 -0.5000 -0.2695
v 2.6300 -0.0197 1.3984
vt 0.8370 0.9205
vn -0.8230 -0.5000 -0.2695
f 3053/3053/3053 3054/3054/3054 3055/3055/3055 3056/3056/3056 3057/3057/3057
v 2.1368 0.5600 0.8597
vt 0.8200 0.3832
vn -0.6983 0.0000 0.7158
v 2.1368 0.6300 0.8597
vt 0.8200 0.3981
vn -0.6701 0.3416 0.6590
v 2.1092 0.6300 0.7954
vt 0.8051 0.3981
vn -0.9393 0.3416 0.0311
v 2.1092 0.5600 0.7954
vt 0.8051 0.3832
vn -0.9999 0.0000 0.0124
f 3058/3058/3058 3059/3059/3059 3060/3060/3060 3061/3061/3061
v 2.2701 0.5600 0.8597
vt 0.8312 0.3832
vn 0.7158 0.0000 0.6983
v 2.2701 0.6300 0.8597
vt 0.8312 0.3981
vn 0.6590 0.3416 0.6701
v 2.2057 0.6300 0.8873
vt 0.8312 0.3981
vn 0.3941 0.0000 0.9191
v 2.2057 0.5600 0.8873
vt 0.8312 0.3832
vn 0.3941 0.0000 0.9191
f 3062/3062/3062 3063/3063/3063 3064/3064/3064 3065/3065/3065
v 2.2494 0.6825 0.8115
vt 0.8200 0.4093
vn 0.4486 0.8756 0.1793
v 2.2218 0.6825 0.7471
vt 0.8051 0.4093
vn 0.0000 1.0000 0.0000
v 2.1575 0.6825 0.7747
vt 0.8051 0.4093
vn -0.4486 0.8756 -0.1793
v 2.1851 0.6825 0.8391
vt 0.8200 0.4093
vn -0.1793 0.8756 0.4486
f 3066/3066/3066 3067/3067/3067 3068/3068/3068 3069/3069/3069
v 2.1368 0.5600 0.7265
vt 0.7939 0.3832
vn -0.3941 0.0000 -0.9191
v 2.1368 0.6300 0.7265
vt 0.7939 0.3981
vn -0.6590 0.3416 -0.6701
v 2.2011 0.6300 0.6989
vt 0.7939 0.3981
vn -0.0311 0.3416 -0.9393
v 2.2011 0.5600 0.6989
vt 0.7939 0.3832
vn -0.0124 0.0000 -0.9999
f 3070/3070/3070 3071/3071/3071 3072/3072/3072 3073/3073/3073
v 2.2701 0.5600 0.7264
vt 0.8051 0.3832
vn 0.9191 0.0000 -0.3941
v 2.2701 0.6300 0.7264
vt 0.8051 0.3981
vn 0.6701 0.3416 -0.6590
v 2.2976 0.6300 0.7908
vt 0.8200 0.3981
vn 0.9393 0.3416 -0.0311
v 2.2976 0.5600 0.7908
vt 0.8200 0.3832
vn 0.9999 0.0000 -0.0124
f 3074/3074/3074 3075/3075/3075 3076/3076/3076 3077/3077/3077
v 2.1092 0.6300 0.7954
vt 0.8051 0.3981
vn -0.9393 0.3416 0.0311
v 2.1575 0.6825 0.7747
vt 0.8051 0.4093
vn -0.4486 0.8756 -0.1793
v 2.1368 0.6300 0.7265
vt 0.7939 0.3981
vn -0.6590 0.3416 -0.6701
f 3078/3078/3078 3079/3079/3079 3080/3080/3080
v 2.2218 0.6825 0.7471
vt 0.8051 0.4093
vn 0.2418 0.7588 -0.6048
v 2.2701 0.6300 0.7264
vt 0.8051 0.3981
vn 0.6701 0.3416 -0.6590
v 2.2011 0.6300 0.6989
vt 0.7939 0.3981
vn -0.0311 0.3416 -0.9393
f 3081/3081/3081 3082/3082/3082 3083/3083/3083
v 2.1851 0.6825 0.8391
vt 0.8200 0.4093
vn -0.1793 0.8756 0.4486
v 2.1368 0.6300 0.8597
vt 0.8200 0.3981
vn -0.6701 0.3416 0.6590
v 2.2057 0.6300 0.8873
vt 0.8312 0.3981
vn -0.1243 0.4606 0.8789
f 3084/3084/3084 3085/3085/3085 3086/3086/3086
v 2.2494 0.6825 0.8115
vt 0.8200 0.4093
vn 0.4486 0.8756 0.1793
v 2.2701 0.6300 0.8597
vt 0.8312 0.3981
vn 0.6590 0.3416 0.6701
v 2.2976 0.6300 0.7908
vt 0.8200 0.3981
vn 0.9393 0.3416 -0.0311
f 3087/3087/3087 3088/3088/3088 3089/3089/3089
v 2.1092 0.5600 0.7954
vt 0.8051 0.3832
vn -0.9999 0.0000 0.0124
v 2.1092 0.6300 0.7954
vt 0.8051 0.3981
vn -0.9393 0.3416 0.0311
v 2.1368 0.6300 0.7265
vt 0.7939 0.3981
vn -0.6590 0.3416 -0.6701
v 2.1368 0.5600 0.7265
vt 0.7939 0.3832
vn -0.9285 0.0000 -0.3712
f 3090/3090/3090 3091/3091/3091 3092/3092/3092 3093/3093/3093
v 2.1575 0.6825 0.7747
vt 0.8051 0.4093
vn -0.4486 0.8756 -0.1793
v 2.2218 0.6825 0.7471
vt 0.8051 0.4093
vn 0.2418 0.7588 -0.6048
v 2.2011 0.6300 0.6989
vt 0.7939 0.3981
vn -0.0311 0.3416 -0.9393
v 2.1368 0.6300 0.7265
vt 0.7939 0.3981
vn -0.6590 0.3416 -0.6701
f 3094/3094/3094 3095/3095/3095 3096/3096/3096 3097/3097/3097
v 2.2701 0.6300 0.7264
vt 0.8051 0.3981
vn 0.6701 0.3416 -0.6590
v 2.2701 0.5600 0.7264
vt 0.8051 0.3832
vn 0.3712 0.0000 -0.9285
v 2.2011 0.5600 0.6989
vt 0.7939 0.3832
vn -0.0124 0.0000 -0.9999
v 2.2011 0.6300 0.6989
vt 0.7939 0.3981
vn -0.0311 0.3416 -0.9393
f 3098/3098/3098 3099/3099/3099 3100/3100/3100 3101/3101/3101
v 2.2218 0.6825 0.7471
vt 0.8051 0.4093
vn 0.2418 0.7588 -0.6048
v 2.2494 0.6825 0.8115
vt 0.8200 0.4093
vn 0.4486 0.8756 0.1793
v 2.2976 0.6300 0.7908
vt 0.8200 0.3981
vn 0.9393 0.3416 -0.0311
v 2.2701 0.6300 0.7264
vt 0.8051 0.3981
vn 0.6701 0.3416 -0.6590
f 3102/3102/3102 3103/3103/3103 3104/3104/3104 3105/3105/3105
v 2.2701 0.6300 0.8597
vt 0.8312 0.3981
vn 0.6590 0.3416 0.6701
v 2.2701 0.5600 0.8597
vt 0.8312 0.3832
vn 0.7158 0.0000 0.6983
v 2.2976 0.5600 0.7908
vt 0.8200 0.3832
vn 0.9999 0.0000 -0.0124
v 2.2976 0.6300 0.7908
vt 0.8200 0.3981
vn 0.9393 0.3416 -0.0311
f 3106/3106/3106 3107/3107/3107 3108/3108/3108 3109/3109/3109
v 2.2494 0.6825 0.8115
vt 0.8200 0.4093
vn 0.4486 0.8756 0.1793
v 2.1851 0.6825 0.8391
vt 0.8200 0.4093
vn -0.1793 0.8756 0.4486
v 2.2057 0.6300 0.8873
vt 0.8312 0.3981
vn -0.1243 0.4606 0.8789
v 2.2701 0.6300 0.8597
vt 0.8312 0.3981
vn 0.6590 0.3416 0.6701
f 3110/3110/3110 3111/3111/3111 3112/3112/3112 3113/3113/3113
v 2.1368 0.6300 0.8597
vt 0.8200 0.3981
vn -0.6701 0.3416 0.6590
v 2.1368 0.5600 0.8597
vt 0.8200 0.3832
vn -0.6983 0.0000 0.7158
v 2.2057 0.5600 0.8873
vt 0.8312 0.3832
vn -0.3712 0.0000 0.9285
v 2.2057 0.6300 0.8873
vt 0.8312 0.3981
vn -0.1243 0.4606 0.8789
f 3114/3114/3114 3115/3115/3115 3116/3116/3116 3117/3117/3117
v 2.1851 0.6825 0.8391
vt 0.8200 0.4093
vn -0.1793 0.8756 0.4486
v 2.1575 0.6825 0.7747
vt 0.8051 0.4093
vn -0.4486 0.8756 -0.1793
v 2.1092 0.6300 0.7954
vt 0.8051 0.3981
vn -0.9393 0.3416 0.0311
v 2.1368 0.6300 0.8597
vt 0.8200 0.3981
vn -0.6701 0.3416 0.6590
f 3118/3118/3118 3119/3119/3119 3120/3120/3120 3121/3121/3121
v 1.9623 0.5600 0.8514
vt 0.8200 0.3832
vn -0.4023 0.0000 0.9155
v 1.9623 0.6300 0.8514
vt 0.8200 0.3981
vn -0.3958 0.3416 0.8524
v 1.9138 0.6300 0.8008
vt 0.8051 0.3981
vn -0.8685 0.3416 0.3592
v 1.9138 0.5600 0.8008
vt 0.8051 0.3832
vn -0.9318 0.0000 0.3629
f 3122/3122/3122 3123/3123/3123 3124/3124/3124 3125/3125/3125
v 2.0870 0.5600 0.8045
vt 0.8312 0.3832
vn 0.6919 0.0000 0.7220
v 2.0870 0.6300 0.8045
vt 0.8312 0.3981
vn 0.6919 0.0000 0.7220
v 2.0365 0.6300 0.8530
vt 0.8312 0.3981
vn 0.6919 0.0000 0.7220
v 2.0365 0.5600 0.8530
vt 0.8312 0.3832
vn 0.6919 0.0000 0.7220
f 3126/3126/3126 3127/3127/3127 3128/3128/3128 3129/3129/3129
v 2.0507 0.6825 0.7666
vt 0.8200 0.4093
vn 0.4830 0.8756 0.0103
v 2.0023 0.6825 0.7161
vt 0.8051 0.4093
vn 0.0103 0.8756 -0.4830
v 1.9517 0.6825 0.7645
vt 0.8051 0.4093
vn -0.4830 0.8756 -0.0103
v 2.0002 0.6825 0.8150
vt 0.8200 0.4093
vn -0.0103 0.8756 0.4830
f 3130/3130/3130 3131/3131/3131 3132/3132/3132 3133/3133/3133
v 1.9154 0.5600 0.7266
vt 0.7939 0.3832
vn -0.6919 0.0000 -0.7220
v 1.9154 0.6300 0.7266
vt 0.7939 0.3981
vn -0.6919 0.0000 -0.7220
v 1.9659 0.6300 0.6782
vt 0.7939 0.3981
vn -0.3592 0.3416 -0.8685
v 1.9659 0.5600 0.6782
vt 0.7939 0.3832
vn -0.3629 0.0000 -0.9318
f 3134/3134/3134 3135/3135/3135 3136/3136/3136 3137/3137/3137
v 2.0402 0.5600 0.6798
vt 0.8051 0.3832
vn 0.7220 0.0000 -0.6919
v 2.0402 0.6300 0.6798
vt 0.8051 0.3981
vn 0.7220 0.0000 -0.6919
v 2.0886 0.6300 0.7303
vt 0.8200 0.3981
vn 0.8685 0.3416 -0.3592
v 2.0886 0.5600 0.7303
vt 0.8200 0.3832
vn 0.9318 0.0000 -0.3629
f 3138/3138/3138 3139/3139/3139 3140/3140/3140 3141/3141/3141
v 1.9138 0.6300 0.8008
vt 0.8051 0.3981
vn -0.8685 0.3416 0.3592
v 1.9517 0.6825 0.7645
vt 0.8051 0.4093
vn -0.4830 0.8756 -0.0103
v 1.9154 0.6300 0.7266
vt 0.7939 0.3981
vn -0.8575 0.4606 -0.2292
f 3142/3142/3142 3143/3143/3143 3144/3144/3144
v 2.0023 0.6825 0.7161
vt 0.8051 0.4093
vn 0.0103 0.8756 -0.4830
v 2.0402 0.6300 0.6798
vt 0.8051 0.3981
vn 0.2292 0.4606 -0.8575
v 1.9659 0.6300 0.6782
vt 0.7939 0.3981
vn -0.3592 0.3416 -0.8685
f 3145/3145/3145 3146/3146/3146 3147/3147/3147
v 2.0002 0.6825 0.8150
vt 0.8200 0.4093
vn -0.0103 0.8756 0.4830
v 1.9623 0.6300 0.8514
vt 0.8200 0.3981
vn -0.3958 0.3416 0.8524
v 2.0365 0.6300 0.8530
vt 0.8312 0.3981
vn 0.1925 0.4606 0.8665
f 3148/3148/3148 3149/3149/3149 3150/3150/3150
v 2.0507 0.6825 0.7666
vt 0.8200 0.4093
vn 0.4830 0.8756 0.0103
v 2.0870 0.6300 0.8045
vt 0.8312 0.3981
vn 0.8575 0.4606 0.2292
v 2.0886 0.6300 0.7303
vt 0.8200 0.3981
vn 0.8685 0.3416 -0.3592
f 3151/3151/3151 3152/3152/3152 3153/3153/3153
v 1.9138 0.5600 0.8008
vt 0.8051 0.3832
vn -0.9318 0.0000 0.3629
v 1.9138 0.6300 0.8008
vt 0.8051 0.3981
vn -0.8685 0.3416 0.3592
v 1.9154 0.6300 0.7266
vt 0.7939 0.3981
vn -0.8575 0.4606 -0.2292
v 1.9154 0.5600 0.7266
vt 0.7939 0.3832
vn -0.9998 0.0000 -0.0213
f 3154/3154/3154 3155/3155/3155 3156/3156/3156 3157/3157/3157
v 1.9517 0.6825 0.7645
vt 0.8051 0.4093
vn -0.4830 0.8756 -0.0103
v 2.0023 0.6825 0.7161
vt 0.8051 0.4093
vn 0.0103 0.8756 -0.4830
v 1.9659 0.6300 0.6782
vt 0.7939 0.3981
vn -0.3592 0.3416 -0.8685
v 1.9154 0.6300 0.7266
vt 0.7939 0.3981
vn -0.8575 0.4606 -0.2292
f 3158/3158/3158 3159/3159/3159 3160/3160/3160 3161/3161/3161
v 2.0402 0.6300 0.6798
vt 0.8051 0.3981
vn 0.2292 0.4606 -0.8575
v 2.0402 0.5600 0.6798
vt 0.8051 0.3832
vn 0.0213 0.0000 -0.9998
v 1.9659 0.5600 0.6782
vt 0.7939 0.3832
vn -0.3629 0.0000 -0.9318
v 1.9659 0.6300 0.6782
vt 0.7939 0.3981
vn -0.3592 0.3416 -0.8685
f 3162/3162/3162 3163/3163/3163 3164/3164/3164 3165/3165/3165
v 2.0023 0.6825 0.7161
vt 0.8051 0.4093
vn 0.0103 0.8756 -0.4830
v 2.0507 0.6825 0.7666
vt 0.8200 0.4093
vn 0.4830 0.8756 0.0103
v 2.0886 0.6300 0.7303
vt 0.8200 0.3981
vn 0.8685 0.3416 -0.3592
v 2.0402 0.6300 0.6798
vt 0.8051 0.3981
vn 0.2292 0.4606 -0.8575
f 3166/3166/3166 3167/3167/3167 3168/3168/3168 3169/3169/3169
v 2.0870 0.6300 0.8045
vt 0.8312 0.3981
vn 0.8575 0.4606 0.2292
v 2.0870 0.5600 0.8045
vt 0.8312 0.3832
vn 0.9998 0.0000 0.0213
v 2.0886 0.5600 0.7303
vt 0.8200 0.3832
vn 0.9318 0.0000 -0.3629
v 2.0886 0.6300 0.7303
vt 0.8200 0.3981
vn 0.8685 0.3416 -0.3592
f 3170/3170/3170 3171/3171/3171 3172/3172/3172 3173/3173/3173
v 2.0507 0.6825 0.7666
vt 0.8200 0.4093
vn 0.4830 0.8756 0.0103
v 2.0002 0.6825 0.8150
vt 0.8200 0.4093
vn -0.0103 0.8756 0.4830
v 2.0365 0.6300 0.8530
vt 0.8312 0.3981
vn 0.1925 0.4606 0.8665
v 2.0870 0.6300 0.8045
vt 0.8312 0.3981
vn 0.8575 0.4606 0.2292
f 3174/3174/3174 3175/3175/3175 3176/3176/3176 3177/3177/3177
v 1.9623 0.6300 0.8514
vt 0.8200 0.3981
vn -0.3958 0.3416 0.8524
v 1.9623 0.5600 0.8514
vt 0.8200 0.3832
vn -0.4023 0.0000 0.9155
v 2.0365 0.5600 0.8530
vt 0.8312 0.3832
vn -0.0213 0.0000 0.9998
v 2.0365 0.6300 0.8530
vt 0.8312 0.3981
vn 0.1925 0.4606 0.8665
f 3178/3178/3178 3179/3179/3179 3180/3180/3180 3181/3181/3181
v 2.0002 0.6825 0.8150
vt 0.8200 0.4093
vn -0.0103 0.8756 0.4830
v 1.9517 0.6825 0.7645
vt 0.8051 0.4093
vn -0.4830 0.8756 -0.0103
v 1.9138 0.6300 0.8008
vt 0.8051 0.3981
vn -0.8685 0.3416 0.3592
v 1.9623 0.6300 0.8514
vt 0.8200 0.3981
vn -0.3958 0.3416 0.8524
f 3182/3182/3182 3183/3183/3183 3184/3184/3184 3185/3185/3185
v 1.9940 0.5600 0.9865
vt 0.8200 0.3832
vn -0.9514 0.0000 0.3081
v 1.9940 0.6300 0.9865
vt 0.8200 0.3981
vn -0.8999 0.3416 0.2710
v 1.9995 0.6300 0.9167
vt 0.8051 0.3981
vn -0.8457 0.3416 -0.4100
v 1.9995 0.5600 0.9167
vt 0.8051 0.3832
vn -0.8906 0.0000 -0.4548
f 3186/3186/3186 3187/3187/3187 3188/3188/3188 3189/3189/3189
v 2.1119 0.5600 1.0486
vt 0.8312 0.3832
vn -0.0794 0.0000 0.9968
v 2.1119 0.6300 1.0486
vt 0.8312 0.3981
vn -0.0794 0.0000 0.9968
v 2.0421 0.6300 1.0430
vt 0.8312 0.3981
vn -0.0794 0.0000 0.9968
v 2.0421 0.5600 1.0430
vt 0.8312 0.3832
vn -0.0794 0.0000 0.9968
f 3190/3190/3190 3191/3191/3191 3192/3192/3192 3193/3193/3193
v 2.1161 0.6825 0.9962
vt 0.8200 0.4093
vn 0.3134 0.8756 0.3676
v 2.1216 0.6825 0.9264
vt 0.8051 0.4093
vn 0.3676 0.8756 -0.3134
v 2.0518 0.6825 0.9209
vt 0.8051 0.4093
vn 0.0000 1.0000 0.0000
v 2.0463 0.6825 0.9907
vt 0.8200 0.4093
vn -0.3676 0.8756 0.3134
f 3194/3194/3194 3195/3195/3195 3196/3196/3196 3197/3197/3197
v 2.0560 0.5600 0.8685
vt 0.7939 0.3832
vn 0.0794 0.0000 -0.9968
v 2.0560 0.6300 0.8685
vt 0.7939 0.3981
vn -0.2710 0.3416 -0.8999
v 2.1258 0.6300 0.8741
vt 0.7939 0.3981
vn 0.4100 0.3416 -0.8457
v 2.1258 0.5600 0.8741
vt 0.7939 0.3832
vn 0.0794 0.0000 -0.9968
f 3198/3198/3198 3199/3199/3199 3200/3200/3200 3201/3201/3201
v 2.1740 0.5600 0.9306
vt 0.8051 0.3832
vn 0.9514 0.0000 -0.3081
v 2.1740 0.6300 0.9306
vt 0.8051 0.3981
vn 0.8999 0.3416 -0.2710
v 2.1684 0.6300 1.0004
vt 0.8200 0.3981
vn 0.8457 0.3416 0.4100
v 2.1684 0.5600 1.0004
vt 0.8200 0.3832
vn 0.8906 0.0000 0.4548
f 3202/3202/3202 3203/3203/3203 3204/3204/3204 3205/3205/3205
v 1.9995 0.6300 0.9167
vt 0.8051 0.3981
vn -0.8457 0.3416 -0.4100
v 2.0518 0.6825 0.9209
vt 0.8051 0.4093
vn -0.4225 0.7588 -0.4957
v 2.0560 0.6300 0.8685
vt 0.7939 0.3981
vn -0.2710 0.3416 -0.8999
f 3206/3206/3206 3207/3207/3207 3208/3208/3208
v 2.1216 0.6825 0.9264
vt 0.8051 0.4093
vn 0.3676 0.8756 -0.3134
v 2.1740 0.6300 0.9306
vt 0.8051 0.3981
vn 0.8999 0.3416 -0.2710
v 2.1258 0.6300 0.8741
vt 0.7939 0.3981
vn 0.4100 0.3416 -0.8457
f 3209/3209/3209 3210/3210/3210 3211/3211/3211
v 2.0463 0.6825 0.9907
vt 0.8200 0.4093
vn -0.3676 0.8756 0.3134
v 1.9940 0.6300 0.9865
vt 0.8200 0.3981
vn -0.8999 0.3416 0.2710
v 2.0421 0.6300 1.0430
vt 0.8312 0.3981
vn -0.5194 0.4606 0.7198
f 3212/3212/3212 3213/3213/3213 3214/3214/3214
v 2.1161 0.6825 0.9962
vt 0.8200 0.4093
vn 0.3134 0.8756 0.3676
v 2.1119 0.6300 1.0486
vt 0.8312 0.3981
vn 0.3988 0.4606 0.7930
v 2.1684 0.6300 1.0004
vt 0.8200 0.3981
vn 0.8457 0.3416 0.4100
f 3215/3215/3215 3216/3216/3216 3217/3217/3217
v 1.9995 0.5600 0.9167
vt 0.8051 0.3832
vn -0.8906 0.0000 -0.4548
v 1.9995 0.6300 0.9167
vt 0.8051 0.3981
vn -0.8457 0.3416 -0.4100
v 2.0560 0.6300 0.8685
vt 0.7939 0.3981
vn -0.2710 0.3416 -0.8999
v 2.0560 0.5600 0.8685
vt 0.7939 0.3832
vn -0.6487 0.0000 -0.7610
f 3218/3218/3218 3219/3219/3219 3220/3220/3220 3221/3221/3221
v 2.0518 0.6825 0.9209
vt 0.8051 0.4093
vn -0.4225 0.7588 -0.4957
v 2.1216 0.6825 0.9264
vt 0.8051 0.4093
vn 0.3676 0.8756 -0.3134
v 2.1258 0.6300 0.8741
vt 0.7939 0.3981
vn 0.4100 0.3416 -0.8457
v 2.0560 0.6300 0.8685
vt 0.7939 0.3981
vn -0.2710 0.3416 -0.8999
f 3222/3222/3222 3223/3223/3223 3224/3224/3224 3225/3225/3225
v 2.1740 0.6300 0.9306
vt 0.8051 0.3981
vn 0.8999 0.3416 -0.2710
v 2.1740 0.5600 0.9306
vt 0.8051 0.3832
vn 0.9514 0.0000 -0.3081
v 2.1258 0.5600 0.8741
vt 0.7939 0.3832
vn 0.7610 0.0000 -0.6487
v 2.1258 0.6300 0.8741
vt 0.7939 0.3981
vn 0.4100 0.3416 -0.8457
f 3226/3226/3226 3227/3227/3227 3228/3228/3228 3229/3229/3229
v 2.1216 0.6825 0.9264
vt 0.8051 0.4093
vn 0.3676 0.8756 -0.3134
v 2.1161 0.6825 0.9962
vt 0.8200 0.4093
vn 0.3134 0.8756 0.3676
v 2.1684 0.6300 1.0004
vt 0.8200 0.3981
vn 0.8457 0.3416 0.4100
v 2.1740 0.6300 0.9306
vt 0.8051 0.3981
vn 0.8999 0.3416 -0.2710
f 3230/3230/3230 3231/3231/3231 3232/3232/3232 3233/3233/3233
v 2.1119 0.6300 1.0486
vt 0.8312 0.3981
vn 0.3988 0.4606 0.7930
v 2.1119 0.5600 1.0486
vt 0.8312 0.3832
vn 0.6487 0.0000 0.7610
v 2.1684 0.5600 1.0004
vt 0.8200 0.3832
vn 0.8906 0.0000 0.4548
v 2.1684 0.6300 1.0004
vt 0.8200 0.3981
vn 0.8457 0.3416 0.4100
f 3234/3234/3234 3235/3235/3235 3236/3236/3236 3237/3237/3237
v 2.1161 0.6825 0.9962
vt 0.8200 0.4093
vn 0.3134 0.8756 0.3676
v 2.0463 0.6825 0.9907
vt 0.8200 0.4093
vn -0.3676 0.8756 0.3134
v 2.0421 0.6300 1.0430
vt 0.8312 0.3981
vn -0.5194 0.4606 0.7198
v 2.1119 0.6300 1.0486
vt 0.8312 0.3981
vn 0.3988 0.4606 0.7930
f 3238/3238/3238 3239/3239/3239 3240/3240/3240 3241/3241/3241
v 1.9940 0.6300 0.9865
vt 0.8200 0.3981
vn -0.8999 0.3416 0.2710
v 1.9940 0.5600 0.9865
vt 0.8200 0.3832
vn -0.9514 0.0000 0.3081
v 2.0421 0.5600 1.0430
vt 0.8312 0.3832
vn -0.7610 0.0000 0.6487
v 2.0421 0.6300 1.0430
vt 0.8312 0.3981
vn -0.5194 0.4606 0.7198
f 3242/3242/3242 3243/3243/3243 3244/3244/3244 3245/3245/3245
v 2.0463 0.6825 0.9907
vt 0.8200 0.4093
vn -0.3676 0.8756 0.3134
v 2.0518 0.6825 0.9209
vt 0.8051 0.4093
vn -0.4225 0.7588 -0.4957
v 1.9995 0.6300 0.9167
vt 0.8051 0.3981
vn -0.8457 0.3416 -0.4100
v 1.9940 0.6300 0.9865
vt 0.8200 0.3981
vn -0.8999 0.3416 0.2710
f 3246/3246/3246 3247/3247/3247 3248/3248/3248 3249/3249/3249
v 2.9634 0.0480 1.0953
vt 0.8200 0.3832
vn 0.3416 -0.3416 0.8756
v 2.9634 0.1180 1.0953
vt 0.8200 0.3981
vn 0.3416 0.3416 0.8756
v 2.8934 0.1180 1.0953
vt 0.8051 0.3981
vn -0.3416 0.3416 0.8756
v 2.8934 0.0480 1.0953
vt 0.8051 0.3832
vn -0.3416 -0.3416 0.8756
f 3250/3250/3250 3251/3251/3251 3252/3252/3252 3253/3253/3253
v 3.0159 0.0480 0.9728
vt 0.8312 0.3832
vn 0.8756 -0.3416 -0.3416
v 3.0159 0.1180 0.9728
vt 0.8312 0.3981
vn 0.8756 0.3416 -0.3416
v 3.0159 0.1180 1.0428
vt 0.8312 0.3981
vn 0.8756 0.3416 0.3416
v 3.0159 0.0480 1.0428
vt 0.8312 0.3832
vn 1.0000 0.0000 0.0000
f 3254/3254/3254 3255/3255/3255 3256/3256/3256 3257/3257/3257
v 2.9634 0.1705 0.9728
vt 0.8200 0.4093
vn 0.3416 0.8756 -0.3416
v 2.8934 0.1705 0.9728
vt 0.8051 0.4093
vn -0.3416 0.8756 -0.3416
v 2.8934 0.1705 1.0428
vt 0.8051 0.4093
vn -0.3416 0.8756 0.3416
v 2.9634 0.1705 1.0428
vt 0.8200 0.4093
vn 0.3416 0.8756 0.3416
f 3258/3258/3258 3259/3259/3259 3260/3260/3260 3261/3261/3261
v 2.8409 0.0480 1.0428
vt 0.7939 0.3832
vn -0.8756 -0.3416 0.3416
v 2.8409 0.1180 1.0428
vt 0.7939 0.3981
vn -1.0000 0.0000 0.0000
v 2.8409 0.1180 0.9728
vt 0.7939 0.3981
vn -0.8756 0.3416 -0.3416
v 2.8409 0.0480 0.9728
vt 0.7939 0.3832
vn -0.8756 -0.3416 -0.3416
f 3262/3262/3262 3263/3263/3263 3264/3264/3264 3265/3265/3265
v 2.8934 0.0480 0.9203
vt 0.8051 0.3832
vn 0.0000 0.0000 -1.0000
v 2.8934 0.1180 0.9203
vt 0.8051 0.3981
vn 0.0000 0.0000 -1.0000
v 2.9634 0.1180 0.9203
vt 0.8200 0.3981
vn 0.0000 0.0000 -1.0000
v 2.9634 0.0480 0.9203
vt 0.8200 0.3832
vn 0.0000 0.0000 -1.0000
f 3266/3266/3266 3267/3267/3267 3268/3268/3268 3269/3269/3269
v 2.8934 -0.0045 1.0428
vt 0.8051 0.3720
vn -0.4606 -0.7588 0.4606
v 2.8934 0.0480 1.0953
vt 0.8051 0.3832
vn -0.3416 -0.3416 0.8756
v 2.8409 0.0480 1.0428
vt 0.7939 0.3832
vn -0.8756 -0.3416 0.3416
f 3270/3270/3270 3271/3271/3271 3272/3272/3272
v 2.8934 0.1180 1.0953
vt 0.8051 0.3981
vn -0.3416 0.3416 0.8756
v 2.8934 0.1705 1.0428
vt 0.8051 0.4093
vn -0.3416 0.8756 0.3416
v 2.8409 0.1180 1.0428
vt 0.7939 0.3981
vn -0.7588 0.4606 0.4606
f 3273/3273/3273 3274/3274/3274 3275/3275/3275
v 2.8934 -0.0045 0.9728
vt 0.8051 0.3720
vn -0.3416 -0.8756 -0.3416
v 2.8409 0.0480 0.9728
vt 0.7939 0.3832
vn -0.8756 -0.3416 -0.3416
v 2.8934 0.0480 0.9203
vt 0.8051 0.3832
vn -0.4606 -0.4606 -0.7588
f 3276/3276/3276 3277/3277/3277 3278/3278/3278
v 2.8934 0.1705 0.9728
vt 0.8051 0.4093
vn -0.3416 0.8756 -0.3416
v 2.8934 0.1180 0.9203
vt 0.8051 0.3981
vn -0.4606 0.4606 -0.7588
v 2.8409 0.1180 0.9728
vt 0.7939 0.3981
vn -0.8756 0.3416 -0.3416
f 3279/3279/3279 3280/3280/3280 3281/3281/3281
v 2.9634 -0.0045 1.0428
vt 0.8200 0.3720
vn 0.3416 -0.8756 0.3416
v 3.0159 0.0480 1.0428
vt 0.8312 0.3832
vn 0.7588 -0.4606 0.4606
v 2.9634 0.0480 1.0953
vt 0.8200 0.3832
vn 0.3416 -0.3416 0.8756
f 3282/3282/3282 3283/3283/3283 3284/3284/3284
v 2.9634 0.1705 1.0428
vt 0.8200 0.4093
vn 0.3416 0.8756 0.3416
v 2.9634 0.1180 1.0953
vt 0.8200 0.3981
vn 0.3416 0.3416 0.8756
v 3.0159 0.1180 1.0428
vt 0.8312 0.3981
vn 0.8756 0.3416 0.3416
f 3285/3285/3285 3286/3286/3286 3287/3287/3287
v 2.9634 -0.0045 0.9728
vt 0.8200 0.3720
vn 0.3416 -0.8756 -0.3416
v 2.9634 0.0480 0.9203
vt 0.8200 0.3832
vn 0.4606 -0.4606 -0.7588
v 3.0159 0.0480 0.9728
vt 0.8312 0.3832
vn 0.8756 -0.3416 -0.3416
f 3288/3288/3288 3289/3289/3289 3290/3290/3290
v 2.9634 0.1705 0.9728
vt 0.8200 0.4093
vn 0.3416 0.8756 -0.3416
v 3.0159 0.1180 0.9728
vt 0.8312 0.3981
vn 0.8756 0.3416 -0.3416
v 2.9634 0.1180 0.9203
vt 0.8200 0.3981
vn 0.4606 0.4606 -0.7588
f 3291/3291/3291 3292/3292/3292 3293/3293/3293
v 2.8934 -0.0045 0.9728
vt 0.8051 0.3720
vn -0.3416 -0.8756 -0.3416
v 2.8934 -0.0045 1.0428
vt 0.8051 0.3720
vn -0.4606 -0.7588 0.4606
v 2.8409 0.0480 1.0428
vt 0.7939 0.3832
vn -0.8756 -0.3416 0.3416
v 2.8409 0.0480 0.9728
vt 0.7939 0.3832
vn -0.8756 -0.3416 -0.3416
f 3294/3294/3294 3295/3295/3295 3296/3296/3296 3297/3297/3297
v 2.8934 0.0480 1.0953
vt 0.8051 0.3832
vn -0.3416 -0.3416 0.8756
v 2.8934 0.1180 1.0953
vt 0.8051 0.3981
vn -0.3416 0.3416 0.8756
v 2.8409 0.1180 1.0428
vt 0.7939 0.3981
vn -0.7588 0.4606 0.4606
v 2.8409 0.0480 1.0428
vt 0.7939 0.3832
vn -0.8756 -0.3416 0.3416
f 3298/3298/3298 3299/3299/3299 3300/3300/3300 3301/3301/3301
v 2.8934 0.1705 1.0428
vt 0.8051 0.4093
vn -0.3416 0.8756 0.3416
v 2.8934 0.1705 0.9728
vt 0.8051 0.4093
vn -0.3416 0.8756 -0.3416
v 2.8409 0.1180 0.9728
vt 0.7939 0.3981
vn -0.8756 0.3416 -0.3416
v 2.8409 0.1180 1.0428
vt 0.7939 0.3981
vn -0.7588 0.4606 0.4606
f 3302/3302/3302 3303/3303/3303 3304/3304/3304 3305/3305/3305
v 2.8934 0.1180 0.9203
vt 0.8051 0.3981
vn -0.4606 0.4606 -0.7588
v 2.8934 0.0480 0.9203
vt 0.8051 0.3832
vn -0.4606 -0.4606 -0.7588
v 2.8409 0.0480 0.9728
vt 0.7939 0.3832
vn -0.8756 -0.3416 -0.3416
v 2.8409 0.1180 0.9728
vt 0.7939 0.3981
vn -0.8756 0.3416 -0.3416
f 3306/3306/3306 3307/3307/3307 3308/3308/3308 3309/3309/3309
v 2.9634 -0.0045 0.9728
vt 0.8200 0.3720
vn 0.3416 -0.8756 -0.3416
v 2.8934 -0.0045 0.9728
vt 0.8051 0.3720
vn -0.3416 -0.8756 -0.3416
v 2.8934 0.0480 0.9203
vt 0.8051 0.3832
vn -0.4606 -0.4606 -0.7588
v 2.9634 0.0480 0.9203
vt 0.8200 0.3832
vn 0.4606 -0.4606 -0.7588
f 3310/3310/3310 3311/3311/3311 3312/3312/3312 3313/3313/3313
v 2.8934 0.1705 0.9728
vt 0.8051 0.4093
vn -0.3416 0.8756 -0.3416
v 2.9634 0.1705 0.9728
vt 0.8200 0.4093
vn 0.3416 0.8756 -0.3416
v 2.9634 0.1180 0.9203
vt 0.8200 0.3981
vn 0.4606 0.4606 -0.7588
v 2.8934 0.1180 0.9203
vt 0.8051 0.3981
vn -0.4606 0.4606 -0.7588
f 3314/3314/3314 3315/3315/3315 3316/3316/3316 3317/3317/3317
v 3.0159 0.1180 0.9728
vt 0.8312 0.3981
vn 0.8756 0.3416 -0.3416
v 3.0159 0.0480 0.9728
vt 0.8312 0.3832
vn 0.8756 -0.3416 -0.3416
v 2.9634 0.0480 0.9203
vt 0.8200 0.3832
vn 0.4606 -0.4606 -0.7588
v 2.9634 0.1180 0.9203
vt 0.8200 0.3981
vn 0.4606 0.4606 -0.7588
f 3318/3318/3318 3319/3319/3319 3320/3320/3320 3321/3321/3321
v 2.9634 -0.0045 1.0428
vt 0.8200 0.3720
vn 0.3416 -0.8756 0.3416
v 2.9634 -0.0045 0.9728
vt 0.8200 0.3720
vn 0.3416 -0.8756 -0.3416
v 3.0159 0.0480 0.9728
vt 0.8312 0.3832
vn 0.8756 -0.3416 -0.3416
v 3.0159 0.0480 1.0428
vt 0.8312 0.3832
vn 0.7588 -0.4606 0.4606
f 3322/3322/3322 3323/3323/3323 3324/3324/3324 3325/3325/3325
v 2.9634 0.1705 0.9728
vt 0.8200 0.4093
vn 0.3416 0.8756 -0.3416
v 2.9634 0.1705 1.0428
vt 0.8200 0.4093
vn 0.3416 0.8756 0.3416
v 3.0159 0.1180 1.0428
vt 0.8312 0.3981
vn 0.8756 0.3416 0.3416
v 3.0159 0.1180 0.9728
vt 0.8312 0.3981
vn 0.8756 0.3416 -0.3416
f 3326/3326/3326 3327/3327/3327 3328/3328/3328 3329/3329/3329
v 2.9634 0.1180 1.0953
vt 0.8200 0.3981
vn 0.3416 0.3416 0.8756
v 2.9634 0.0480 1.0953
vt 0.8200 0.3832
vn 0.3416 -0.3416 0.8756
v 3.0159 0.0480 1.0428
vt 0.8312 0.3832
vn 0.7588 -0.4606 0.4606
v 3.0159 0.1180 1.0428
vt 0.8312 0.3981
vn 0.8756 0.3416 0.3416
f 3330/3330/3330 3331/3331/3331 3332/3332/3332 3333/3333/3333
v 2.8934 -0.0045 1.0428
vt 0.8051 0.3720
vn -0.4606 -0.7588 0.4606
v 2.9634 -0.0045 1.0428
vt 0.8200 0.3720
vn 0.3416 -0.8756 0.3416
v 2.9634 0.0480 1.0953
vt 0.8200 0.3832
vn 0.3416 -0.3416 0.8756
v 2.8934 0.0480 1.0953
vt 0.8051 0.3832
vn -0.3416 -0.3416 0.8756
f 3334/3334/3334 3335/3335/3335 3336/3336/3336 3337/3337/3337
v 2.9634 0.1705 1.0428
vt 0.8200 0.4093
vn 0.3416 0.8756 0.3416
v 2.8934 0.1705 1.0428
vt 0.8051 0.4093
vn -0.3416 0.8756 0.3416
v 2.8934 0.1180 1.0953
vt 0.8051 0.3981
vn -0.3416 0.3416 0.8756
v 2.9634 0.1180 1.0953
vt 0.8200 0.3981
vn 0.3416 0.3416 0.8756
f 3338/3338/3338 3339/3339/3339 3340/3340/3340 3341/3341/3341
v 2.8934 -0.0045 0.9728
vt 0.8051 0.3720
vn -0.3416 -0.8756 -0.3416
v 2.9634 -0.0045 0.9728
vt 0.8200 0.3720
vn 0.3416 -0.8756 -0.3416
v 2.9634 -0.0045 1.0428
vt 0.8200 0.3720
vn 0.3416 -0.8756 0.3416
v 2.8934 -0.0045 1.0428
vt 0.8051 0.3720
vn -0.0000 -1.0000 0.0000
f 3342/3342/3342 3343/3343/3343 3344/3344/3344 3345/3345/3345
v 1.9250 0.1400 -1.1900
vt 0.7849 0.8529
vn 0.0000 0.0000 -1.0000
v 1.9250 0.2800 -1.1900
vt 0.7849 0.9073
vn 0.0000 0.0000 -1.0000
v 2.9750 0.2800 -1.1900
vt 0.7960 0.9073
vn 0.0000 0.0000 -1.0000
v 2.9750 0.1400 -1.1900
vt 0.7960 0.8529
vn 0.0000 0.0000 -1.0000
f 3346/3346/3346 3347/3347/3347 3348/3348/3348 3349/3349/3349
v 2.9750 0.1400 -1.1900
vt 0.7960 0.8373
vn 1.0000 0.0000 0.0000
v 2.9750 0.2800 -1.1900
vt 0.7960 0.8917
vn 1.0000 0.0000 0.0000
v 2.9750 0.2800 -0.9100
vt 0.7960 0.8914
vn 1.0000 0.0000 0.0000
v 2.9750 0.1400 -0.9100
vt 0.7960 0.8370
vn 1.0000 0.0000 0.0000
f 3350/3350/3350 3351/3351/3351 3352/3352/3352 3353/3353/3353
v 2.9750 0.1400 -0.9100
vt 0.7960 0.8526
vn 0.0000 -0.0000 1.0000
v 2.9750 0.2800 -0.9100
vt 0.7960 0.9070
vn 0.0000 -0.0000 1.0000
v 1.9250 0.2800 -0.9100
vt 0.7849 0.9070
vn 0.0000 -0.0000 1.0000
v 1.9250 0.1400 -0.9100
vt 0.7849 0.8526
vn 0.0000 -0.0000 1.0000
f 3354/3354/3354 3355/3355/3355 3356/3356/3356 3357/3357/3357
v 1.9250 0.1400 -0.9100
vt 0.7849 0.8370
vn -1.0000 0.0000 0.0000
v 1.9250 0.2800 -0.9100
vt 0.7849 0.8914
vn -1.0000 0.0000 0.0000
v 1.9250 0.2800 -1.1900
vt 0.7849 0.8917
vn -1.0000 0.0000 0.0000
v 1.9250 0.1400 -1.1900
vt 0.7849 0.8373
vn -1.0000 0.0000 0.0000
f 3358/3358/3358 3359/3359/3359 3360/3360/3360 3361/3361/3361
v 2.9750 0.2800 -0.9100
vt 0.7960 0.9383
vn 0.0000 1.0000 0.0000
v 2.9750 0.2800 -1.1900
vt 0.7960 0.9386
vn 0.0000 1.0000 0.0000
v 1.9250 0.2800 -1.1900
vt 0.7849 0.9386
vn 0.0000 1.0000 0.0000
v 1.9250 0.2800 -0.9100
vt 0.7849 0.9383
vn 0.0000 1.0000 0.0000
f 3362/3362/3362 3363/3363/3363 3364/3364/3364 3365/3365/3365
v 2.9750 0.2800 -0.5250
vt 0.7960 0.9383
vn 0.0000 1.0000 0.0000
v 2.9750 0.2800 -0.8050
vt 0.7960 0.9386
vn 0.0000 1.0000 0.0000
v 1.9250 0.2800 -0.8050
vt 0.7849 0.9386
vn 0.0000 1.0000 0.0000
v 1.9250 0.2800 -0.5250
vt 0.7849 0.9383
vn 0.0000 1.0000 0.0000
f 3366/3366/3366 3367/3367/3367 3368/3368/3368 3369/3369/3369
v 2.9750 0.1400 -0.8050
vt 0.7960 0.8373
vn 1.0000 0.0000 0.0000
v 2.9750 0.2800 -0.8050
vt 0.7960 0.8917
vn 1.0000 0.0000 0.0000
v 2.9750 0.2800 -0.5250
vt 0.7960 0.8914
vn 1.0000 0.0000 0.0000
v 2.9750 0.1400 -0.5250
vt 0.7960 0.8370
vn 1.0000 0.0000 0.0000
f 3370/3370/3370 3371/3371/3371 3372/3372/3372 3373/3373/3373
v 1.9250 0.1400 -0.8050
vt 0.7849 0.8529
vn 0.0000 0.0000 -1.0000
v 1.9250 0.2800 -0.8050
vt 0.7849 0.9073
vn 0.0000 0.0000 -1.0000
v 2.9750 0.2800 -0.8050
vt 0.7960 0.9073
vn 0.0000 0.0000 -1.0000
v 2.9750 0.1400 -0.8050
vt 0.7960 0.8529
vn 0.0000 0.0000 -1.0000
f 3374/3374/3374 3375/3375/3375 3376/3376/3376 3377/3377/3377
v 1.9250 0.1400 -0.5250
vt 0.7849 0.8370
vn -1.0000 0.0000 0.0000
v 1.9250 0.2800 -0.5250
vt 0.7849 0.8914
vn -1.0000 0.0000 0.0000
v 1.9250 0.2800 -0.8050
vt 0.7849 0.8917
vn -1.0000 0.0000 0.0000
v 1.9250 0.1400 -0.8050
vt 0.7849 0.8373
vn -1.0000 0.0000 0.0000
f 3378/3378/3378 3379/3379/3379 3380/3380/3380 3381/3381/3381
v 2.9750 0.1400 -0.5250
vt 0.7960 0.8526
vn 0.0000 -0.0000 1.0000
v 2.9750 0.2800 -0.5250
vt 0.7960 0.9070
vn 0.0000 -0.0000 1.0000
v 1.9250 0.2800 -0.5250
vt 0.7849 0.9070
vn 0.0000 -0.0000 1.0000
v 1.9250 0.1400 -0.5250
vt 0.7849 0.8526
vn 0.0000 -0.0000 1.0000
f 3382/3382/3382 3383/3383/3383 3384/3384/3384 3385/3385/3385
v 2.9750 0.2800 -1.2950
vt 0.7960 0.9383
vn 0.0000 1.0000 0.0000
v 2.9750 0.2800 -1.5750
vt 0.7960 0.9386
vn 0.0000 1.0000 0.0000
v 1.9250 0.2800 -1.5750
vt 0.7849 0.9386
vn 0.0000 1.0000 0.0000
v 1.9250 0.2800 -1.2950
vt 0.7849 0.9383
vn 0.0000 1.0000 0.0000
f 3386/3386/3386 3387/3387/3387 3388/3388/3388 3389/3389/3389
v 2.9750 0.1400 -1.5750
vt 0.7960 0.8373
vn 1.0000 0.0000 0.0000
v 2.9750 0.2800 -1.5750
vt 0.7960 0.8917
vn 1.0000 0.0000 0.0000
v 2.9750 0.2800 -1.2950
vt 0.7960 0.8914
vn 1.0000 0.0000 0.0000
v 2.9750 0.1400 -1.2950
vt 0.7960 0.8370
vn 1.0000 0.0000 0.0000
f 3390/3390/3390 3391/3391/3391 3392/3392/3392 3393/3393/3393
v 1.9250 0.1400 -1.5750
vt 0.7849 0.8529
vn 0.0000 0.0000 -1.0000
v 1.9250 0.2800 -1.5750
vt 0.7849 0.9073
vn 0.0000 0.0000 -1.0000
v 2.9750 0.2800 -1.5750
vt 0.7960 0.9073
vn 0.0000 0.0000 -1.0000
v 2.9750 0.1400 -1.5750
vt 0.7960 0.8529
vn 0.0000 0.0000 -1.0000
f 3394/3394/3394 3395/3395/3395 3396/3396/3396 3397/3397/3397
v 1.9250 0.1400 -1.2950
vt 0.7849 0.8370
vn -1.0000 0.0000 0.0000
v 1.9250 0.2800 -1.2950
vt 0.7849 0.8914
vn -1.0000 0.0000 0.0000
v 1.9250 0.2800 -1.5750
vt 0.7849 0.8917
vn -1.0000 0.0000 0.0000
v 1.9250 0.1400 -1.5750
vt 0.7849 0.8373
vn -1.0000 0.0000 0.0000
f 3398/3398/3398 3399/3399/3399 3400/3400/3400 3401/3401/3401
v 2.9750 0.1400 -1.2950
vt 0.7960 0.8526
vn 0.0000 -0.0000 1.0000
v 2.9750 0.2800 -1.2950
vt 0.7960 0.9070
vn 0.0000 -0.0000 1.0000
v 1.9250 0.2800 -1.2950
vt 0.7849 0.9070
vn 0.0000 -0.0000 1.0000
v 1.9250 0.1400 -1.2950
vt 0.7849 0.8526
vn 0.0000 -0.0000 1.0000
f 3402/3402/3402 3403/3403/3403 3404/3404/3404 3405/3405/3405
v 1.9250 0.1400 -0.5250
vt 0.7849 0.8150
vn -0.0000 -1.0000 0.0000
v 1.9250 0.1400 -0.8050
vt 0.7849 0.8150
vn -0.0000 -1.0000 0.0000
v 2.9750 0.1400 -0.8050
vt 0.7960 0.8150
vn -0.0000 -1.0000 0.0000
v 2.9750 0.1400 -0.5250
vt 0.7960 0.8150
vn -0.0000 -1.0000 0.0000
f 3406/3406/3406 3407/3407/3407 3408/3408/3408 3409/3409/3409
v 1.9250 0.1400 -1.1900
vt 0.7849 0.8150
vn -0.0000 -1.0000 0.0000
v 2.9750 0.1400 -1.1900
vt 0.7960 0.8150
vn -0.0000 -1.0000 0.0000
v 2.9750 0.1400 -0.9100
vt 0.7960 0.8150
vn -0.0000 -1.0000 0.0000
v 1.9250 0.1400 -0.9100
vt 0.7849 0.8150
vn -0.0000 -1.0000 0.0000
f 3410/3410/3410 3411/3411/3411 3412/3412/3412 3413/3413/3413
v 1.9250 0.1400 -1.2950
vt 0.7849 0.8150
vn -0.0000 -1.0000 0.0000
v 1.9250 0.1400 -1.5750
vt 0.7849 0.8150
vn -0.0000 -1.0000 0.0000
v 2.9750 0.1400 -1.5750
vt 0.7960 0.8150
vn -0.0000 -1.0000 0.0000
v 2.9750 0.1400 -1.2950
vt 0.7960 0.8150
vn -0.0000 -1.0000 0.0000
f 3414/3414/3414 3415/3415/3415 3416/3416/3416 3417/3417/3417
v 2.7300 0.0000 -0.5250
vt 0.7849 0.8529
vn -1.0000 0.0000 0.0000
v 2.7300 0.1400 -0.5250
vt 0.7849 0.9073
vn -1.0000 0.0000 0.0000
v 2.7300 0.1400 -1.5750
vt 0.7960 0.9073
vn -1.0000 0.0000 0.0000
v 2.7300 0.0000 -1.5750
vt 0.7960 0.8529
vn -1.0000 0.0000 0.0000
f 3418/3418/3418 3419/3419/3419 3420/3420/3420 3421/3421/3421
v 2.7300 0.0000 -1.5750
vt 0.7960 0.8373
vn 0.0000 0.0000 -1.0000
v 2.7300 0.1400 -1.5750
vt 0.7960 0.8917
vn 0.0000 0.0000 -1.0000
v 2.8700 0.1400 -1.5750
vt 0.7960 0.8914
vn 0.0000 0.0000 -1.0000
v 2.8700 0.0000 -1.5750
vt 0.7960 0.8370
vn 0.0000 0.0000 -1.0000
f 3422/3422/3422 3423/3423/3423 3424/3424/3424 3425/3425/3425
v 2.8700 0.0000 -1.5750
vt 0.7960 0.8526
vn 1.0000 0.0000 0.0000
v 2.8700 0.1400 -1.5750
vt 0.7960 0.9070
vn 1.0000 0.0000 0.0000
v 2.8700 0.1400 -0.5250
vt 0.7849 0.9070
vn 1.0000 0.0000 0.0000
v 2.8700 0.0000 -0.5250
vt 0.7849 0.8526
vn 1.0000 0.0000 0.0000
f 3426/3426/3426 3427/3427/3427 3428/3428/3428 3429/3429/3429
v 2.8700 0.0000 -0.5250
vt 0.7849 0.8370
vn 0.0000 -0.0000 1.0000
v 2.8700 0.1400 -0.5250
vt 0.7849 0.8914
vn 0.0000 -0.0000 1.0000
v 2.7300 0.1400 -0.5250
vt 0.7849 0.8917
vn 0.0000 -0.0000 1.0000
v 2.7300 0.0000 -0.5250
vt 0.7849 0.8373
vn 0.0000 -0.0000 1.0000
f 3430/3430/3430 3431/3431/3431 3432/3432/3432 3433/3433/3433
v 2.8700 0.1400 -1.5750
vt 0.7960 0.9383
vn 0.0000 1.0000 0.0000
v 2.7300 0.1400 -1.5750
vt 0.7960 0.9386
vn 0.0000 1.0000 0.0000
v 2.7300 0.1400 -0.5250
vt 0.7849 0.9386
vn 0.0000 1.0000 0.0000
v 2.8700 0.1400 -0.5250
vt 0.7849 0.9383
vn 0.0000 1.0000 0.0000
f 3434/3434/3434 3435/3435/3435 3436/3436/3436 3437/3437/3437
v 2.3800 0.0000 -0.5250
vt 0.7849 0.8529
vn -1.0000 0.0000 0.0000
v 2.3800 0.1400 -0.5250
vt 0.7849 0.9073
vn -1.0000 0.0000 0.0000
v 2.3800 0.1400 -1.5750
vt 0.7960 0.9073
vn -1.0000 0.0000 0.0000
v 2.3800 0.0000 -1.5750
vt 0.7960 0.8529
vn -1.0000 0.0000 0.0000
f 3438/3438/3438 3439/3439/3439 3440/3440/3440 3441/3441/3441
v 2.3800 0.0000 -1.5750
vt 0.7960 0.8373
vn 0.0000 0.0000 -1.0000
v 2.3800 0.1400 -1.5750
vt 0.7960 0.8917
vn 0.0000 0.0000 -1.0000
v 2.5200 0.1400 -1.5750
vt 0.7960 0.8914
vn 0.0000 0.0000 -1.0000
v 2.5200 0.0000 -1.5750
vt 0.7960 0.8370
vn 0.0000 0.0000 -1.0000
f 3442/3442/3442 3443/3443/3443 3444/3444/3444 3445/3445/3445
v 2.5200 0.0000 -1.5750
vt 0.7960 0.8526
vn 1.0000 0.0000 0.0000
v 2.5200 0.1400 -1.5750
vt 0.7960 0.9070
vn 1.0000 0.0000 0.0000
v 2.5200 0.1400 -0.5250
vt 0.7849 0.9070
vn 1.0000 0.0000 0.0000
v 2.5200 0.0000 -0.5250
vt 0.7849 0.8526
vn 1.0000 0.0000 0.0000
f 3446/3446/3446 3447/3447/3447 3448/3448/3448 3449/3449/3449
v 2.5200 0.0000 -0.5250
vt 0.7849 0.8370
vn 0.0000 -0.0000 1.0000
v 2.5200 0.1400 -0.5250
vt 0.7849 0.8914
vn 0.0000 -0.0000 1.0000
v 2.3800 0.1400 -0.5250
vt 0.7849 0.8917
vn 0.0000 -0.0000 1.0000
v 2.3800 0.0000 -0.5250
vt 0.7849 0.8373
vn 0.0000 -0.0000 1.0000
f 3450/3450/3450 3451/3451/3451 3452/3452/3452 3453/3453/3453
v 2.5200 0.1400 -1.5750
vt 0.7960 0.9383
vn 0.0000 1.0000 0.0000
v 2.3800 0.1400 -1.5750
vt 0.7960 0.9386
vn 0.0000 1.0000 0.0000
v 2.3800 0.1400 -0.5250
vt 0.7849 0.9386
vn 0.0000 1.0000 0.0000
v 2.5200 0.1400 -0.5250
vt 0.7849 0.9383
vn 0.0000 1.0000 0.0000
f 3454/3454/3454 3455/3455/3455 3456/3456/3456 3457/3457/3457
v 2.0300 0.0000 -0.5250
vt 0.7849 0.8529
vn -1.0000 0.0000 0.0000
v 2.0300 0.1400 -0.5250
vt 0.7849 0.9073
vn -1.0000 0.0000 0.0000
v 2.0300 0.1400 -1.5750
vt 0.7960 0.9073
vn -1.0000 0.0000 0.0000
v 2.0300 0.0000 -1.5750
vt 0.7960 0.8529
vn -1.0000 0.0000 0.0000
f 3458/3458/3458 3459/3459/3459 3460/3460/3460 3461/3461/3461
v 2.0300 0.0000 -1.5750
vt 0.7960 0.8373
vn 0.0000 0.0000 -1.0000
v 2.0300 0.1400 -1.5750
vt 0.7960 0.8917
vn 0.0000 0.0000 -1.0000
v 2.1700 0.1400 -1.5750
vt 0.7960 0.8914
vn 0.0000 0.0000 -1.0000
v 2.1700 0.0000 -1.5750
vt 0.7960 0.8370
vn 0.0000 0.0000 -1.0000
f 3462/3462/3462 3463/3463/3463 3464/3464/3464 3465/3465/3465
v 2.1700 0.0000 -1.5750
vt 0.7960 0.8526
vn 1.0000 0.0000 0.0000
v 2.1700 0.1400 -1.5750
vt 0.7960 0.9070
vn 1.0000 0.0000 0.0000
v 2.1700 0.1400 -0.5250
vt 0.7849 0.9070
vn 1.0000 0.0000 0.0000
v 2.1700 0.0000 -0.5250
vt 0.7849 0.8526
vn 1.0000 0.0000 0.0000
f 3466/3466/3466 3467/3467/3467 3468/3468/3468 3469/3469/3469
v 2.1700 0.0000 -0.5250
vt 0.7849 0.8370
vn 0.0000 -0.0000 1.0000
v 2.1700 0.1400 -0.5250
vt 0.7849 0.8914
vn 0.0000 -0.0000 1.0000
v 2.0300 0.1400 -0.5250
vt 0.7849 0.8917
vn 0.0000 -0.0000 1.0000
v 2.0300 0.0000 -0.5250
vt 0.7849 0.8373
vn 0.0000 -0.0000 1.0000
f 3470/3470/3470 3471/3471/3471 3472/3472/3472 3473/3473/3473
v 2.1700 0.1400 -1.5750
vt 0.7960 0.9383
vn 0.0000 1.0000 0.0000
v 2.0300 0.1400 -1.5750
vt 0.7960 0.9386
vn 0.0000 1.0000 0.0000
v 2.0300 0.1400 -0.5250
vt 0.7849 0.9386
vn 0.0000 1.0000 0.0000
v 2.1700 0.1400 -0.5250
vt 0.7849 0.9383
vn 0.0000 1.0000 0.0000
f 3474/3474/3474 3475/3475/3475 3476/3476/3476 3477/3477/3477
v 2.7300 0.0000 -0.5250
vt 0.7849 0.8098
vn -0.0000 -1.0000 0.0000
v 2.7300 0.0000 -1.5750
vt 0.7960 0.8098
vn -0.0000 -1.0000 0.0000
v 2.8700 0.0000 -1.5750
vt 0.7960 0.8098
vn -0.0000 -1.0000 0.0000
v 2.8700 0.0000 -0.5250
vt 0.7849 0.8098
vn -0.0000 -1.0000 0.0000
f 3478/3478/3478 3479/3479/3479 3480/3480/3480 3481/3481/3481
v 2.3800 0.0000 -0.5250
vt 0.7849 0.8098
vn -0.0000 -1.0000 0.0000
v 2.3800 0.0000 -1.5750
vt 0.7960 0.8098
vn -0.0000 -1.0000 0.0000
v 2.5200 0.0000 -1.5750
vt 0.7960 0.8098
vn -0.0000 -1.0000 0.0000
v 2.5200 0.0000 -0.5250
vt 0.7849 0.8098
vn -0.0000 -1.0000 0.0000
f 3482/3482/3482 3483/3483/3483 3484/3484/3484 3485/3485/3485
v 2.0300 0.0000 -0.5250
vt 0.7849 0.8098
vn -0.0000 -1.0000 0.0000
v 2.0300 0.0000 -1.5750
vt 0.7960 0.8098
vn -0.0000 -1.0000 0.0000
v 2.1700 0.0000 -1.5750
vt 0.7960 0.8098
vn -0.0000 -1.0000 0.0000
v 2.1700 0.0000 -0.5250
vt 0.7849 0.8098
vn -0.0000 -1.0000 0.0000
f 3486/3486/3486 3487/3487/3487 3488/3488/3488 3489/3489/3489
v -1.8649 0.0000 -0.5163
vt 0.6507 0.7903
vn 0.9962 -0.0870 0.0000
v -1.6669 2.2679 -0.5163
vt 0.6507 0.9597
vn 0.9962 -0.0870 0.0000
v -1.6669 2.2679 -0.3938
vt 0.6507 0.9597
vn 0.9962 -0.0870 0.0000
v -1.8649 0.0000 -0.3938
vt 0.6507 0.7903
vn 0.9962 -0.0870 0.0000
f 3490/3490/3490 3491/3491/3491 3492/3492/3492 3493/3493/3493
v -1.8649 0.0000 -0.3938
vt 0.6507 0.7590
vn 0.0000 -0.0000 1.0000
v -1.6669 2.2679 -0.3938
vt 0.6507 0.9285
vn 0.0000 -0.0000 1.0000
v -1.7889 2.2786 -0.3938
vt 0.6584 0.9285
vn 0.0000 -0.0000 1.0000
v -1.9869 0.0000 -0.3938
vt 0.6584 0.7590
vn 0.0000 -0.0000 1.0000
f 3494/3494/3494 3495/3495/3495 3496/3496/3496 3497/3497/3497
v -1.9869 0.0000 -0.3938
vt 0.6584 0.7903
vn -0.9962 0.0866 0.0000
v -1.7889 2.2786 -0.3938
vt 0.6584 0.9597
vn -0.9962 0.0866 0.0000
v -1.7889 2.2786 -0.5163
vt 0.6584 0.9597
vn -0.9962 0.0866 0.0000
v -1.9869 0.0000 -0.5163
vt 0.6584 0.7903
vn -0.9962 0.0866 0.0000
f 3498/3498/3498 3499/3499/3499 3500/3500/3500 3501/3501/3501
v -1.9869 0.0000 -0.5163
vt 0.6584 0.7590
vn 0.0000 0.0000 -1.0000
v -1.7889 2.2786 -0.5163
vt 0.6584 0.9285
vn 0.0000 0.0000 -1.0000
v -1.6669 2.2679 -0.5163
vt 0.6507 0.9285
vn 0.0000 0.0000 -1.0000
v -1.8649 0.0000 -0.5163
vt 0.6507 0.7590
vn 0.0000 0.0000 -1.0000
f 3502/3502/3502 3503/3503/3503 3504/3504/3504 3505/3505/3505
v -1.8649 0.0000 -0.3938
vt 0.6507 0.7903
vn -0.0000 -1.0000 0.0000
v -1.9869 0.0000 -0.3938
vt 0.6584 0.7903
vn -0.0000 -1.0000 0.0000
v -1.9869 0.0000 -0.5163
vt 0.6584 0.7903
vn -0.0000 -1.0000 0.0000
v -1.8649 0.0000 -0.5163
vt 0.6507 0.7903
vn -0.0000 -1.0000 0.0000
f 3506/3506/3506 3507/3507/3507 3508/3508/3508 3509/3509/3509
v -1.7889 2.2786 -0.3938
vt 0.6584 0.9597
vn 0.0868 0.9962 0.0000
v -1.6669 2.2679 -0.3938
vt 0.6507 0.9597
vn 0.0868 0.9962 0.0000
v -1.6669 2.2679 -0.5163
vt 0.6507 0.9597
vn 0.0868 0.9962 0.0000
v -1.7889 2.2786 -0.5163
vt 0.6584 0.9597
vn 0.0868 0.9962 0.0000
f 3510/3510/3510 3511/3511/3511 3512/3512/3512 3513/3513/3513
v -1.8649 0.0000 -1.0062
vt 0.6507 0.7903
vn 0.9962 -0.0870 0.0000
v -1.6669 2.2679 -1.0062
vt 0.6507 0.9597
vn 0.9962 -0.0870 0.0000
v -1.6669 2.2679 -0.8837
vt 0.6507 0.9597
vn 0.9962 -0.0870 0.0000
v -1.8649 0.0000 -0.8837
vt 0.6507 0.7903
vn 0.9962 -0.0870 0.0000
f 3514/3514/3514 3515/3515/3515 3516/3516/3516 3517/3517/3517
v -1.8649 0.0000 -0.8837
vt 0.6507 0.7590
vn 0.0000 -0.0000 1.0000
v -1.6669 2.2679 -0.8837
vt 0.6507 0.9285
vn 0.0000 -0.0000 1.0000
v -1.7889 2.2786 -0.8837
vt 0.6584 0.9285
vn 0.0000 -0.0000 1.0000
v -1.9869 0.0000 -0.8837
vt 0.6584 0.7590
vn 0.0000 -0.0000 1.0000
f 3518/3518/3518 3519/3519/3519 3520/3520/3520 3521/3521/3521
v -1.9869 0.0000 -0.8837
vt 0.6584 0.7903
vn -0.9962 0.0866 0.0000
v -1.7889 2.2786 -0.8837
vt 0.6584 0.9597
vn -0.9962 0.0866 0.0000
v -1.7889 2.2786 -1.0062
vt 0.6584 0.9597
vn -0.9962 0.0866 0.0000
v -1.9869 0.0000 -1.0062
vt 0.6584 0.7903
vn -0.9962 0.0866 0.0000
f 3522/3522/3522 3523/3523/3523 3524/3524/3524 3525/3525/3525
v -1.9869 0.0000 -1.0062
vt 0.6584 0.7590
vn 0.0000 0.0000 -1.0000
v -1.7889 2.2786 -1.0062
vt 0.6584 0.9285
vn 0.0000 0.0000 -1.0000
v -1.6669 2.2679 -1.0062
vt 0.6507 0.9285
vn 0.0000 0.0000 -1.0000
v -1.8649 0.0000 -1.0062
vt 0.6507 0.7590
vn 0.0000 0.0000 -1.0000
f 3526/3526/3526 3527/3527/3527 3528/3528/3528 3529/3529/3529
v -1.8649 0.0000 -0.8837
vt 0.6507 0.7903
vn -0.0000 -1.0000 0.0000
v -1.9869 0.0000 -0.8837
vt 0.6584 0.7903
vn -0.0000 -1.0000 0.0000
v -1.9869 0.0000 -1.0062
vt 0.6584 0.7903
vn -0.0000 -1.0000 0.0000
v -1.8649 0.0000 -1.0062
vt 0.6507 0.7903
vn -0.0000 -1.0000 0.0000
f 3530/3530/3530 3531/3531/3531 3532/3532/3532 3533/3533/3533
v -1.7889 2.2786 -0.8837
vt 0.6584 0.9597
vn 0.0868 0.9962 0.0000
v -1.6669 2.2679 -0.8837
vt 0.6507 0.9597
vn 0.0868 0.9962 0.0000
v -1.6669 2.2679 -1.0062
vt 0.6507 0.9597
vn 0.0868 0.9962 0.0000
v -1.7889 2.2786 -1.0062
vt 0.6584 0.9597
vn 0.0868 0.9962 0.0000
f 3534/3534/3534 3535/3535/3535 3536/3536/3536 3537/3537/3537
v -1.8256 1.7858 -1.1288
vt 0.6580 0.9027
vn 0.9962 -0.0868 0.0000
v -1.8097 1.9689 -1.1288
vt 0.6580 0.9143
vn 0.9962 -0.0868 0.0000
v -1.8097 1.9689 -0.2712
vt 0.6580 0.9143
vn 0.9962 -0.0868 0.0000
v -1.8256 1.7858 -0.2712
vt 0.6580 0.9027
vn 0.9962 -0.0868 0.0000
f 3538/3538/3538 3539/3539/3539 3540/3540/3540 3541/3541/3541
v -1.8256 1.7858 -0.2712
vt 0.6580 0.9183
vn 0.0000 -0.0000 1.0000
v -1.8097 1.9689 -0.2712
vt 0.6580 0.9299
vn 0.0000 -0.0000 1.0000
v -1.8707 1.9742 -0.2712
vt 0.6618 0.9299
vn 0.0000 -0.0000 1.0000
v -1.8867 1.7912 -0.2712
vt 0.6618 0.9183
vn 0.0000 -0.0000 1.0000
f 3542/3542/3542 3543/3543/3543 3544/3544/3544 3545/3545/3545
v -1.8867 1.7912 -0.2712
vt 0.6618 0.9027
vn -0.9962 0.0868 0.0000
v -1.8707 1.9742 -0.2712
vt 0.6618 0.9143
vn -0.9962 0.0868 0.0000
v -1.8707 1.9742 -1.1288
vt 0.6618 0.9143
vn -0.9962 0.0868 0.0000
v -1.8867 1.7912 -1.1288
vt 0.6618 0.9027
vn -0.9962 0.0868 0.0000
f 3546/3546/3546 3547/3547/3547 3548/3548/3548 3549/3549/3549
v -1.8867 1.7912 -1.1288
vt 0.6618 0.9183
vn 0.0000 0.0000 -1.0000
v -1.8707 1.9742 -1.1288
vt 0.6618 0.9299
vn 0.0000 0.0000 -1.0000
v -1.8097 1.9689 -1.1288
vt 0.6580 0.9299
vn 0.0000 0.0000 -1.0000
v -1.8256 1.7858 -1.1288
vt 0.6580 0.9183
vn 0.0000 0.0000 -1.0000
f 3550/3550/3550 3551/3551/3551 3552/3552/3552 3553/3553/3553
v -1.8256 1.7858 -0.2712
vt 0.6580 0.9027
vn -0.0868 -0.9962 0.0000
v -1.8867 1.7912 -0.2712
vt 0.6618 0.9027
vn -0.0868 -0.9962 0.0000
v -1.8867 1.7912 -1.1288
vt 0.6618 0.9027
vn -0.0868 -0.9962 0.0000
v -1.8256 1.7858 -1.1288
vt 0.6580 0.9027
vn -0.0868 -0.9962 0.0000
f 3554/3554/3554 3555/3555/3555 3556/3556/3556 3557/3557/3557
v -1.8707 1.9742 -0.2712
vt 0.6618 0.9455
vn 0.0868 0.9962 0.0000
v -1.8097 1.9689 -0.2712
vt 0.6580 0.9455
vn 0.0868 0.9962 0.0000
v -1.8097 1.9689 -1.1288
vt 0.6580 0.9455
vn 0.0868 0.9962 0.0000
v -1.8707 1.9742 -1.1288
vt 0.6618 0.9455
vn 0.0868 0.9962 0.0000
f 3558/3558/3558 3559/3559/3559 3560/3560/3560 3561/3561/3561
v -1.8713 1.2612 -1.1111
vt 0.6580 0.8696
vn 0.9962 -0.0868 0.0000
v -1.8555 1.4435 -1.1271
vt 0.6580 0.8811
vn 0.9962 -0.0868 0.0000
v -1.8490 1.5180 -0.2729
vt 0.6580 0.8858
vn 0.9962 -0.0868 0.0000
v -1.8649 1.3356 -0.2569
vt 0.6580 0.8743
vn 0.9962 -0.0868 0.0000
f 3562/3562/3562 3563/3563/3563 3564/3564/3564 3565/3565/3565
v -1.8649 1.3356 -0.2569
vt 0.6580 0.8899
vn 0.0076 0.0868 0.9962
v -1.8490 1.5180 -0.2729
vt 0.6580 0.9014
vn 0.0076 0.0868 0.9962
v -1.9100 1.5233 -0.2729
vt 0.6618 0.9014
vn 0.0076 0.0868 0.9962
v -1.9259 1.3409 -0.2569
vt 0.6618 0.8899
vn 0.0076 0.0868 0.9962
f 3566/3566/3566 3567/3567/3567 3568/3568/3568 3569/3569/3569
v -1.9259 1.3409 -0.2569
vt 0.6618 0.8743
vn -0.9962 0.0868 0.0000
v -1.9100 1.5233 -0.2729
vt 0.6618 0.8858
vn -0.9962 0.0868 0.0000
v -1.9165 1.4488 -1.1271
vt 0.6618 0.8811
vn -0.9962 0.0868 0.0000
v -1.9324 1.2665 -1.1111
vt 0.6618 0.8696
vn -0.9962 0.0868 0.0000
f 3570/3570/3570 3571/3571/3571 3572/3572/3572 3573/3573/3573
v -1.9324 1.2665 -1.1111
vt 0.6618 0.8852
vn -0.0076 -0.0868 -0.9962
v -1.9165 1.4488 -1.1271
vt 0.6618 0.8967
vn -0.0076 -0.0868 -0.9962
v -1.8555 1.4435 -1.1271
vt 0.6580 0.8967
vn -0.0076 -0.0868 -0.9962
v -1.8713 1.2612 -1.1111
vt 0.6580 0.8852
vn -0.0076 -0.0868 -0.9962
f 3574/3574/3574 3575/3575/3575 3576/3576/3576 3577/3577/3577
v -1.8649 1.3356 -0.2569
vt 0.6580 0.8743
vn -0.0864 -0.9924 0.0872
v -1.9259 1.3409 -0.2569
vt 0.6618 0.8743
vn -0.0864 -0.9924 0.0872
v -1.9324 1.2665 -1.1111
vt 0.6618 0.8696
vn -0.0864 -0.9924 0.0872
v -1.8713 1.2612 -1.1111
vt 0.6580 0.8696
vn -0.0864 -0.9924 0.0872
f 3578/3578/3578 3579/3579/3579 3580/3580/3580 3581/3581/3581
v -1.9100 1.5233 -0.2729
vt 0.6618 0.9171
vn 0.0864 0.9924 -0.0872
v -1.8490 1.5180 -0.2729
vt 0.6580 0.9171
vn 0.0864 0.9924 -0.0872
v -1.8555 1.4435 -1.1271
vt 0.6580 0.9124
vn 0.0864 0.9924 -0.0872
v -1.9165 1.4488 -1.1271
vt 0.6618 0.9124
vn 0.0864 0.9924 -0.0872
f 3582/3582/3582 3583/3583/3583 3584/3584/3584 3585/3585/3585
v -1.9107 0.8095 -1.1288
vt 0.6580 0.8411
vn 0.9962 -0.0868 0.0000
v -1.8947 0.9926 -1.1288
vt 0.6580 0.8526
vn 0.9962 -0.0868 0.0000
v -1.8947 0.9926 -0.2712
vt 0.6580 0.8526
vn 0.9962 -0.0868 0.0000
v -1.9107 0.8095 -0.2712
vt 0.6580 0.8411
vn 0.9962 -0.0868 0.0000
f 3586/3586/3586 3587/3587/3587 3588/3588/3588 3589/3589/3589
v -1.9107 0.8095 -0.2712
vt 0.6580 0.8567
vn 0.0000 -0.0000 1.0000
v -1.8947 0.9926 -0.2712
vt 0.6580 0.8683
vn 0.0000 -0.0000 1.0000
v -1.9557 0.9979 -0.2712
vt 0.6618 0.8683
vn 0.0000 -0.0000 1.0000
v -1.9717 0.8149 -0.2712
vt 0.6618 0.8567
vn 0.0000 -0.0000 1.0000
f 3590/3590/3590 3591/3591/3591 3592/3592/3592 3593/3593/3593
v -1.9717 0.8149 -0.2712
vt 0.6618 0.8411
vn -0.9962 0.0868 0.0000
v -1.9557 0.9979 -0.2712
vt 0.6618 0.8526
vn -0.9962 0.0868 0.0000
v -1.9557 0.9979 -1.1288
vt 0.6618 0.8526
vn -0.9962 0.0868 0.0000
v -1.9717 0.8149 -1.1288
vt 0.6618 0.8411
vn -0.9962 0.0868 0.0000
f 3594/3594/3594 3595/3595/3595 3596/3596/3596 3597/3597/3597
v -1.9717 0.8149 -1.1288
vt 0.6618 0.8567
vn 0.0000 0.0000 -1.0000
v -1.9557 0.9979 -1.1288
vt 0.6618 0.8683
vn 0.0000 0.0000 -1.0000
v -1.8947 0.9926 -1.1288
vt 0.6580 0.8683
vn 0.0000 0.0000 -1.0000
v -1.9107 0.8095 -1.1288
vt 0.6580 0.8567
vn 0.0000 0.0000 -1.0000
f 3598/3598/3598 3599/3599/3599 3600/3600/3600 3601/3601/3601
v -1.9107 0.8095 -0.2712
vt 0.6580 0.8411
vn -0.0868 -0.9962 0.0000
v -1.9717 0.8149 -0.2712
vt 0.6618 0.8411
vn -0.0868 -0.9962 0.0000
v -1.9717 0.8149 -1.1288
vt 0.6618 0.8411
vn -0.0868 -0.9962 0.0000
v -1.9107 0.8095 -1.1288
vt 0.6580 0.8411
vn -0.0868 -0.9962 0.0000
f 3602/3602/3602 3603/3603/3603 3604/3604/3604 3605/3605/3605
v -1.9557 0.9979 -0.2712
vt 0.6618 0.8839
vn 0.0868 0.9962 0.0000
v -1.8947 0.9926 -0.2712
vt 0.6580 0.8839
vn 0.0868 0.9962 0.0000
v -1.8947 0.9926 -1.1288
vt 0.6580 0.8839
vn 0.0868 0.9962 0.0000
v -1.9557 0.9979 -1.1288
vt 0.6618 0.8839
vn 0.0868 0.9962 0.0000
f 3606/3606/3606 3607/3607/3607 3608/3608/3608 3609/3609/3609
v -1.9499 0.3593 -1.1431
vt 0.6580 0.8127
vn 0.9962 -0.0868 0.0000
v -1.9340 0.5417 -1.1271
vt 0.6580 0.8242
vn 0.9962 -0.0868 0.0000
v -1.9405 0.4672 -0.2729
vt 0.6580 0.8195
vn 0.9962 -0.0868 0.0000
v -1.9564 0.2849 -0.2889
vt 0.6580 0.8080
vn 0.9962 -0.0868 0.0000
f 3610/3610/3610 3611/3611/3611 3612/3612/3612 3613/3613/3613
v -1.9564 0.2849 -0.2889
vt 0.6580 0.8236
vn -0.0076 -0.0868 0.9962
v -1.9405 0.4672 -0.2729
vt 0.6580 0.8351
vn -0.0076 -0.0868 0.9962
v -2.0015 0.4725 -0.2729
vt 0.6618 0.8351
vn -0.0076 -0.0868 0.9962
v -2.0174 0.2902 -0.2889
vt 0.6618 0.8236
vn -0.0076 -0.0868 0.9962
f 3614/3614/3614 3615/3615/3615 3616/3616/3616 3617/3617/3617
v -2.0174 0.2902 -0.2889
vt 0.6618 0.8080
vn -0.9962 0.0868 0.0000
v -2.0015 0.4725 -0.2729
vt 0.6618 0.8195
vn -0.9962 0.0868 0.0000
v -1.9950 0.5470 -1.1271
vt 0.6618 0.8242
vn -0.9962 0.0868 0.0000
v -2.0109 0.3646 -1.1431
vt 0.6618 0.8127
vn -0.9962 0.0868 0.0000
f 3618/3618/3618 3619/3619/3619 3620/3620/3620 3621/3621/3621
v -2.0109 0.3646 -1.1431
vt 0.6618 0.8283
vn 0.0076 0.0868 -0.9962
v -1.9950 0.5470 -1.1271
vt 0.6618 0.8398
vn 0.0076 0.0868 -0.9962
v -1.9340 0.5417 -1.1271
vt 0.6580 0.8398
vn 0.0076 0.0868 -0.9962
v -1.9499 0.3593 -1.1431
vt 0.6580 0.8283
vn 0.0076 0.0868 -0.9962
f 3622/3622/3622 3623/3623/3623 3624/3624/3624 3625/3625/3625
v -1.9564 0.2849 -0.2889
vt 0.6580 0.8080
vn -0.0864 -0.9924 -0.0872
v -2.0174 0.2902 -0.2889
vt 0.6618 0.8080
vn -0.0864 -0.9924 -0.0872
v -2.0109 0.3646 -1.1431
vt 0.6618 0.8127
vn -0.0864 -0.9924 -0.0872
v -1.9499 0.3593 -1.1431
vt 0.6580 0.8127
vn -0.0864 -0.9924 -0.0872
f 3626/3626/3626 3627/3627/3627 3628/3628/3628 3629/3629/3629
v -2.0015 0.4725 -0.2729
vt 0.6618 0.8507
vn 0.0864 0.9924 0.0872
v -1.9405 0.4672 -0.2729
vt 0.6580 0.8507
vn 0.0864 0.9924 0.0872
v -1.9340 0.5417 -1.1271
vt 0.6580 0.8554
vn 0.0864 0.9924 0.0872
v -1.9950 0.5470 -1.1271
vt 0.6618 0.8554
vn 0.0864 0.9924 0.0872
f 3630/3630/3630 3631/3631/3631 3632/3632/3632 3633/3633/3633
v 2.7361 0.4025 -0.7135
vt 0.8283 0.8177
vn -0.9054 -0.0000 0.4246
v 2.7361 0.8925 -0.7135
vt 0.8283 0.8682
vn -0.9054 -0.0000 0.4246
v 2.7032 0.8680 -0.7837
vt 0.8267 0.8657
vn -0.9054 -0.0000 0.4246
v 2.7032 0.4270 -0.7837
vt 0.8267 0.8202
vn -0.9054 -0.0000 0.4246
f 3634/3634/3634 3635/3635/3635 3636/3636/3636 3637/3637/3637
v 2.4215 1.0150 -1.2933
vt 0.8125 0.9121
vn 0.1105 0.3162 0.9422
v 2.4243 0.9415 -1.2690
vt 0.8125 0.9045
vn 0.1105 0.3162 0.9422
v 2.6433 0.9415 -1.2947
vt 0.8267 0.9045
vn 0.1105 0.3162 0.9422
v 2.6648 1.0150 -1.3219
vt 0.8283 0.9121
vn 0.1105 0.3162 0.9422
f 3638/3638/3638 3639/3639/3639 3640/3640/3640 3641/3641/3641
v 2.7865 0.4025 -1.3361
vt 0.8362 0.8177
vn 0.4246 -0.0000 0.9054
v 2.7865 0.8925 -1.3361
vt 0.8362 0.8682
vn 0.4246 -0.0000 0.9054
v 2.7163 0.8680 -1.3032
vt 0.8315 0.8657
vn 0.4246 -0.0000 0.9054
v 2.7163 0.4270 -1.3032
vt 0.8315 0.8202
vn 0.4246 -0.0000 0.9054
f 3642/3642/3642 3643/3643/3643 3644/3644/3644 3645/3645/3645
v 2.0850 0.8925 -1.0072
vt 0.7887 0.8682
vn -0.3141 -0.9487 0.0368
v 2.1580 0.8680 -1.0158
vt 0.7935 0.8657
vn -0.3141 -0.9487 0.0368
v 2.1837 0.8680 -0.7968
vt 0.7935 0.8657
vn -0.3141 -0.9487 0.0368
v 2.1135 0.8925 -0.7639
vt 0.7887 0.8682
vn -0.3141 -0.9487 0.0368
f 3646/3646/3646 3647/3647/3647 3648/3648/3648 3649/3649/3649
v 2.1639 0.4025 -1.3865
vt 0.7966 0.8177
vn 0.9054 0.0000 -0.4246
v 2.1639 0.8925 -1.3865
vt 0.7966 0.8682
vn 0.9054 0.0000 -0.4246
v 2.1968 0.8680 -1.3163
vt 0.7982 0.8657
vn 0.9054 0.0000 -0.4246
v 2.1968 0.4270 -1.3163
vt 0.7982 0.8202
vn 0.9054 0.0000 -0.4246
f 3650/3650/3650 3651/3651/3651 3652/3652/3652 3653/3653/3653
v 2.1135 0.4025 -0.7639
vt 0.7887 0.8177
vn -0.4246 0.0000 -0.9054
v 2.1135 0.8925 -0.7639
vt 0.7887 0.8682
vn -0.4246 0.0000 -0.9054
v 2.1837 0.8680 -0.7968
vt 0.7935 0.8657
vn -0.4246 0.0000 -0.9054
v 2.1837 0.4270 -0.7968
vt 0.7935 0.8202
vn -0.4246 0.0000 -0.9054
f 3654/3654/3654 3655/3655/3655 3656/3656/3656 3657/3657/3657
v 2.1278 0.2800 -0.6422
vt 0.7887 0.8363
vn -0.9932 -0.0000 0.1165
v 2.1278 1.0150 -0.6422
vt 0.7887 0.9121
vn -0.9932 -0.0000 0.1165
v 2.1135 0.8925 -0.7639
vt 0.7887 0.8995
vn -0.9932 -0.0000 0.1165
v 2.1135 0.4025 -0.7639
vt 0.7887 0.8489
vn -0.9932 -0.0000 0.1165
f 3658/3658/3658 3659/3659/3659 3660/3660/3660 3661/3661/3661
v 2.0422 1.0150 -1.3722
vt 0.7887 0.9121
vn -0.9932 -0.0000 0.1165
v 2.0565 0.8925 -1.2505
vt 0.7887 0.8995
vn -0.9932 -0.0000 0.1165
v 2.0850 0.8925 -1.0072
vt 0.7887 0.8995
vn -0.9932 -0.0000 0.1165
f 3662/3662/3662 3663/3663/3663 3664/3664/3664
v 2.0422 1.0150 -1.3722
vt 0.7887 0.9121
vn -0.9932 -0.0000 0.1165
v 2.0422 0.2800 -1.3722
vt 0.7887 0.8363
vn -0.9932 -0.0000 0.1165
v 2.0565 0.4025 -1.2505
vt 0.7887 0.8489
vn -0.9932 -0.0000 0.1165
v 2.0565 0.8925 -1.2505
vt 0.7887 0.8995
vn -0.9932 -0.0000 0.1165
f 3665/3665/3665 3666/3666/3666 3667/3667/3667 3668/3668/3668
v 2.0850 0.4025 -1.0072
vt 0.7887 0.8489
vn -0.9932 -0.0000 0.1165
v 2.1278 0.2800 -0.6422
vt 0.7887 0.8363
vn -0.9932 -0.0000 0.1165
v 2.1135 0.4025 -0.7639
vt 0.7887 0.8489
vn -0.9932 -0.0000 0.1165
f 3669/3669/3669 3670/3670/3670 3671/3671/3671
v 2.0422 0.2800 -1.3722
vt 0.7887 0.8363
vn -0.1165 -0.0000 -0.9932
v 2.0422 1.0150 -1.3722
vt 0.7887 0.9121
vn -0.1165 -0.0000 -0.9932
v 2.1639 0.8925 -1.3865
vt 0.7966 0.8995
vn -0.1165 -0.0000 -0.9932
v 2.1639 0.4025 -1.3865
vt 0.7966 0.8489
vn -0.1165 -0.0000 -0.9932
f 3672/3672/3672 3673/3673/3673 3674/3674/3674 3675/3675/3675
v 2.7722 1.0150 -1.4578
vt 0.8362 0.9121
vn -0.1165 -0.0000 -0.9932
v 2.4072 0.8925 -1.4150
vt 0.8125 0.8995
vn -0.1165 -0.0000 -0.9932
v 2.0422 1.0150 -1.3722
vt 0.7887 0.9121
vn -0.1165 -0.0000 -0.9932
f 3676/3676/3676 3677/3677/3677 3678/3678/3678
v 2.7722 1.0150 -1.4578
vt 0.8362 0.9121
vn -0.1165 -0.0000 -0.9932
v 2.7722 0.2800 -1.4578
vt 0.8362 0.8363
vn -0.1165 -0.0000 -0.9932
v 2.6505 0.4025 -1.4435
vt 0.8283 0.8489
vn -0.1165 -0.0000 -0.9932
v 2.6505 0.8925 -1.4435
vt 0.8283 0.8995
vn -0.1165 -0.0000 -0.9932
f 3679/3679/3679 3680/3680/3680 3681/3681/3681 3682/3682/3682
v 2.0422 0.2800 -1.3722
vt 0.7887 0.8363
vn -0.1165 -0.0000 -0.9932
v 2.1639 0.4025 -1.3865
vt 0.7966 0.8489
vn -0.1165 -0.0000 -0.9932
v 2.4072 0.4025 -1.4150
vt 0.8125 0.8489
vn -0.1165 -0.0000 -0.9932
f 3683/3683/3683 3684/3684/3684 3685/3685/3685
v 2.7722 0.2800 -1.4578
vt 0.8362 0.8363
vn 0.9932 -0.0000 -0.1165
v 2.7722 1.0150 -1.4578
vt 0.8362 0.9121
vn 0.9932 -0.0000 -0.1165
v 2.7865 0.8925 -1.3361
vt 0.8362 0.8995
vn 0.9932 -0.0000 -0.1165
v 2.7865 0.4025 -1.3361
vt 0.8362 0.8489
vn 0.9932 -0.0000 -0.1165
f 3686/3686/3686 3687/3687/3687 3688/3688/3688 3689/3689/3689
v 2.8578 1.0150 -0.7278
vt 0.8362 0.9121
vn 0.9932 -0.0000 -0.1165
v 2.8435 0.8925 -0.8495
vt 0.8362 0.8995
vn 0.9932 -0.0000 -0.1165
v 2.8150 0.8925 -1.0928
vt 0.8362 0.8995
vn 0.9932 -0.0000 -0.1165
f 3690/3690/3690 3691/3691/3691 3692/3692/3692
v 2.8578 1.0150 -0.7278
vt 0.8362 0.9121
vn 0.9932 -0.0000 -0.1165
v 2.8578 0.2800 -0.7278
vt 0.8362 0.8363
vn 0.9932 -0.0000 -0.1165
v 2.8435 0.4025 -0.8495
vt 0.8362 0.8489
vn 0.9932 -0.0000 -0.1165
v 2.8435 0.8925 -0.8495
vt 0.8362 0.8995
vn 0.9932 -0.0000 -0.1165
f 3693/3693/3693 3694/3694/3694 3695/3695/3695 3696/3696/3696
v 2.7722 0.2800 -1.4578
vt 0.8362 0.8363
vn 0.9932 -0.0000 -0.1165
v 2.7865 0.4025 -1.3361
vt 0.8362 0.8489
vn 0.9932 -0.0000 -0.1165
v 2.8150 0.4025 -1.0928
vt 0.8362 0.8489
vn 0.9932 -0.0000 -0.1165
f 3697/3697/3697 3698/3698/3698 3699/3699/3699
v 2.8578 0.2800 -0.7278
vt 0.8362 0.8363
vn 0.1165 -0.0000 0.9932
v 2.8578 1.0150 -0.7278
vt 0.8362 0.9121
vn 0.1165 -0.0000 0.9932
v 2.7361 0.8925 -0.7135
vt 0.8283 0.8995
vn 0.1165 -0.0000 0.9932
v 2.7361 0.4025 -0.7135
vt 0.8283 0.8489
vn 0.1165 -0.0000 0.9932
f 3700/3700/3700 3701/3701/3701 3702/3702/3702 3703/3703/3703
v 2.1278 1.0150 -0.6422
vt 0.7887 0.9121
vn 0.1165 -0.0000 0.9932
v 2.2495 0.8925 -0.6565
vt 0.7966 0.8995
vn 0.1165 -0.0000 0.9932
v 2.4928 0.8925 -0.6850
vt 0.8125 0.8995
vn 0.1165 -0.0000 0.9932
f 3704/3704/3704 3705/3705/3705 3706/3706/3706
v 2.1278 1.0150 -0.6422
vt 0.7887 0.9121
vn 0.1165 -0.0000 0.9932
v 2.1278 0.2800 -0.6422
vt 0.7887 0.8363
vn 0.1165 -0.0000 0.9932
v 2.2495 0.4025 -0.6565
vt 0.7966 0.8489
vn 0.1165 -0.0000 0.9932
v 2.2495 0.8925 -0.6565
vt 0.7966 0.8995
vn 0.1165 -0.0000 0.9932
f 3707/3707/3707 3708/3708/3708 3709/3709/3709 3710/3710/3710
v 2.4928 0.4025 -0.6850
vt 0.8125 0.8489
vn 0.1165 -0.0000 0.9932
v 2.8578 0.2800 -0.7278
vt 0.8362 0.8363
vn 0.1165 -0.0000 0.9932
v 2.7361 0.4025 -0.7135
vt 0.8283 0.8489
vn 0.1165 -0.0000 0.9932
f 3711/3711/3711 3712/3712/3712 3713/3713/3713
v 2.8578 1.0150 -0.7278
vt 0.8362 0.9590
vn 0.0000 1.0000 0.0000
v 2.7219 1.0150 -0.8352
vt 0.8283 0.9590
vn 0.0000 1.0000 0.0000
v 2.4785 1.0150 -0.8067
vt 0.8125 0.9590
vn 0.0000 1.0000 0.0000
f 3714/3714/3714 3715/3715/3715 3716/3716/3716
v 2.1580 0.4270 -1.0158
vt 0.6617 0.8056
vn -0.9932 -0.0000 0.1165
v 2.1580 0.8680 -1.0158
vt 0.6617 0.8443
vn -0.9932 -0.0000 0.1165
v 2.1323 0.8680 -1.2348
vt 0.6617 0.8443
vn -0.9932 -0.0000 0.1165
v 2.1323 0.4270 -1.2348
vt 0.6617 0.8056
vn -0.9932 -0.0000 0.1165
f 3717/3717/3717 3718/3718/3718 3719/3719/3719 3720/3720/3720
v 2.4158 0.4270 -1.3420
vt 0.6875 0.8342
vn -0.1165 -0.0000 -0.9932
v 2.4158 0.8680 -1.3420
vt 0.6875 0.8729
vn -0.1165 -0.0000 -0.9932
v 2.6348 0.8680 -1.3677
vt 0.7069 0.8729
vn -0.1165 -0.0000 -0.9932
v 2.6348 0.4270 -1.3677
vt 0.7069 0.8342
vn -0.1165 -0.0000 -0.9932
f 3721/3721/3721 3722/3722/3722 3723/3723/3723 3724/3724/3724
v 2.7420 0.4270 -1.0842
vt 0.7133 0.8056
vn 0.9932 -0.0000 -0.1165
v 2.7420 0.8680 -1.0842
vt 0.7133 0.8443
vn 0.9932 -0.0000 -0.1165
v 2.7677 0.8680 -0.8652
vt 0.7133 0.8443
vn 0.9932 -0.0000 -0.1165
v 2.7677 0.4270 -0.8652
vt 0.7133 0.8056
vn 0.9932 -0.0000 -0.1165
f 3725/3725/3725 3726/3726/3726 3727/3727/3727 3728/3728/3728
v 2.4842 0.4270 -0.7580
vt 0.6875 0.8056
vn 0.1165 -0.0000 0.9932
v 2.4842 0.8680 -0.7580
vt 0.6875 0.8443
vn 0.1165 -0.0000 0.9932
v 2.2652 0.8680 -0.7323
vt 0.6681 0.8443
vn 0.1165 -0.0000 0.9932
v 2.2652 0.4270 -0.7323
vt 0.6681 0.8056
vn 0.1165 -0.0000 0.9932
f 3729/3729/3729 3730/3730/3730 3731/3731/3731 3732/3732/3732
v 2.4243 0.9415 -1.2690
vt 0.6875 0.8794
vn 0.0000 1.0000 0.0000
v 2.2053 0.9415 -1.2433
vt 0.6681 0.8794
vn 0.0000 1.0000 0.0000
v 2.2567 0.9415 -0.8053
vt 0.6681 0.8794
vn 0.0000 1.0000 0.0000
v 2.4757 0.9415 -0.8310
vt 0.6875 0.8794
vn 0.0000 1.0000 0.0000
f 3733/3733/3733 3734/3734/3734 3735/3735/3735 3736/3736/3736
v 2.0850 0.8925 -1.0072
vt 0.7887 0.8682
vn -0.3141 -0.9487 0.0368
v 2.0565 0.8925 -1.2505
vt 0.7887 0.8682
vn -0.3141 -0.9487 0.0368
v 2.1323 0.8680 -1.2348
vt 0.7935 0.8657
vn -0.3141 -0.9487 0.0368
v 2.1580 0.8680 -1.0158
vt 0.7935 0.8657
vn -0.3141 -0.9487 0.0368
f 3737/3737/3737 3738/3738/3738 3739/3739/3739 3740/3740/3740
v 2.7163 0.8680 -1.3032
vt 0.7133 0.8729
vn 0.9932 -0.0000 -0.1165
v 2.7420 0.8680 -1.0842
vt 0.7133 0.8729
vn 0.9932 -0.0000 -0.1165
v 2.7420 0.4270 -1.0842
vt 0.7133 0.8342
vn 0.9932 -0.0000 -0.1165
v 2.7163 0.4270 -1.3032
vt 0.7133 0.8342
vn 0.9932 -0.0000 -0.1165
f 3741/3741/3741 3742/3742/3742 3743/3743/3743 3744/3744/3744
v 2.4072 0.8925 -1.4150
vt 0.8125 0.8682
vn -0.0368 -0.9487 -0.3141
v 2.6505 0.8925 -1.4435
vt 0.8283 0.8682
vn -0.0368 -0.9487 -0.3141
v 2.6348 0.8680 -1.3677
vt 0.8267 0.8657
vn -0.0368 -0.9487 -0.3141
v 2.4158 0.8680 -1.3420
vt 0.8125 0.8657
vn -0.0368 -0.9487 -0.3141
f 3745/3745/3745 3746/3746/3746 3747/3747/3747 3748/3748/3748
v 2.4215 1.0150 -1.2933
vt 0.8125 0.9121
vn 0.1105 0.3162 0.9422
v 2.1781 1.0150 -1.2648
vt 0.7966 0.9121
vn 0.1105 0.3162 0.9422
v 2.2053 0.9415 -1.2433
vt 0.7982 0.9045
vn 0.1105 0.3162 0.9422
v 2.4243 0.9415 -1.2690
vt 0.8125 0.9045
vn 0.1105 0.3162 0.9422
f 3749/3749/3749 3750/3750/3750 3751/3751/3751 3752/3752/3752
v 2.0565 0.8925 -1.2505
vt 0.7887 0.8682
vn -0.2036 -0.0000 0.9791
v 2.0565 0.4025 -1.2505
vt 0.7887 0.8177
vn -0.2036 -0.0000 0.9791
v 2.1323 0.4270 -1.2348
vt 0.7935 0.8202
vn -0.2036 -0.0000 0.9791
v 2.1323 0.8680 -1.2348
vt 0.7935 0.8657
vn -0.2036 -0.0000 0.9791
f 3753/3753/3753 3754/3754/3754 3755/3755/3755 3756/3756/3756
v 2.8150 0.8925 -1.0928
vt 0.8362 0.8682
vn 0.3141 -0.9487 -0.0368
v 2.8435 0.8925 -0.8495
vt 0.8362 0.8682
vn 0.3141 -0.9487 -0.0368
v 2.7677 0.8680 -0.8652
vt 0.8315 0.8657
vn 0.3141 -0.9487 -0.0368
v 2.7420 0.8680 -1.0842
vt 0.8315 0.8657
vn 0.3141 -0.9487 -0.0368
f 3757/3757/3757 3758/3758/3758 3759/3759/3759 3760/3760/3760
v 2.6505 0.8925 -1.4435
vt 0.8283 0.8682
vn -0.9791 -0.0000 -0.2036
v 2.6505 0.4025 -1.4435
vt 0.8283 0.8177
vn -0.9791 -0.0000 -0.2036
v 2.6348 0.4270 -1.3677
vt 0.8267 0.8202
vn -0.9791 -0.0000 -0.2036
v 2.6348 0.8680 -1.3677
vt 0.8267 0.8657
vn -0.9791 -0.0000 -0.2036
f 3761/3761/3761 3762/3762/3762 3763/3763/3763 3764/3764/3764
v 2.4928 0.8925 -0.6850
vt 0.8125 0.8682
vn 0.0368 -0.9487 0.3141
v 2.2495 0.8925 -0.6565
vt 0.7966 0.8682
vn 0.0368 -0.9487 0.3141
v 2.2652 0.8680 -0.7323
vt 0.7982 0.8657
vn 0.0368 -0.9487 0.3141
v 2.4842 0.8680 -0.7580
vt 0.8125 0.8657
vn 0.0368 -0.9487 0.3141
f 3765/3765/3765 3766/3766/3766 3767/3767/3767 3768/3768/3768
v 2.7219 1.0150 -0.8352
vt 0.8283 0.9121
vn -0.9422 0.3162 0.1105
v 2.6648 1.0150 -1.3219
vt 0.8283 0.9121
vn -0.9422 0.3162 0.1105
v 2.6433 0.9415 -1.2947
vt 0.8267 0.9045
vn -0.9422 0.3162 0.1105
v 2.6947 0.9415 -0.8567
vt 0.8267 0.9045
vn -0.9422 0.3162 0.1105
f 3769/3769/3769 3770/3770/3770 3771/3771/3771 3772/3772/3772
v 2.8435 0.8925 -0.8495
vt 0.8362 0.8682
vn 0.2036 0.0000 -0.9791
v 2.8435 0.4025 -0.8495
vt 0.8362 0.8177
vn 0.2036 0.0000 -0.9791
v 2.7677 0.4270 -0.8652
vt 0.8315 0.8202
vn 0.2036 0.0000 -0.9791
v 2.7677 0.8680 -0.8652
vt 0.8315 0.8657
vn 0.2036 0.0000 -0.9791
f 3773/3773/3773 3774/3774/3774 3775/3775/3775 3776/3776/3776
v 2.2495 0.8925 -0.6565
vt 0.7966 0.8682
vn 0.9791 -0.0000 0.2036
v 2.2495 0.4025 -0.6565
vt 0.7966 0.8177
vn 0.9791 -0.0000 0.2036
v 2.2652 0.4270 -0.7323
vt 0.7982 0.8202
vn 0.9791 -0.0000 0.2036
v 2.2652 0.8680 -0.7323
vt 0.7982 0.8657
vn 0.9791 -0.0000 0.2036
f 3777/3777/3777 3778/3778/3778 3779/3779/3779 3780/3780/3780
v 2.1781 1.0150 -1.2648
vt 0.7966 0.9121
vn 0.9422 0.3162 -0.1105
v 2.2352 1.0150 -0.7781
vt 0.7966 0.9121
vn 0.9422 0.3162 -0.1105
v 2.2567 0.9415 -0.8053
vt 0.7982 0.9045
vn 0.9422 0.3162 -0.1105
v 2.2053 0.9415 -1.2433
vt 0.7982 0.9045
vn 0.9422 0.3162 -0.1105
f 3781/3781/3781 3782/3782/3782 3783/3783/3783 3784/3784/3784
v 2.6433 0.9415 -1.2947
vt 0.7069 0.8508
vn 0.0000 1.0000 0.0000
v 2.4243 0.9415 -1.2690
vt 0.6875 0.8508
vn 0.0000 1.0000 0.0000
v 2.4757 0.9415 -0.8310
vt 0.6875 0.8508
vn 0.0000 1.0000 0.0000
v 2.6947 0.9415 -0.8567
vt 0.7069 0.8508
vn 0.0000 1.0000 0.0000
f 3785/3785/3785 3786/3786/3786 3787/3787/3787 3788/3788/3788
v 2.7032 0.8680 -0.7837
vt 0.7069 0.8729
vn 0.1165 -0.0000 0.9932
v 2.4842 0.8680 -0.7580
vt 0.6875 0.8729
vn 0.1165 -0.0000 0.9932
v 2.4842 0.4270 -0.7580
vt 0.6875 0.8342
vn 0.1165 -0.0000 0.9932
v 2.7032 0.4270 -0.7837
vt 0.7069 0.8342
vn 0.1165 -0.0000 0.9932
f 3789/3789/3789 3790/3790/3790 3791/3791/3791 3792/3792/3792
v 2.2495 0.4025 -0.6565
vt 0.7966 0.8177
vn 0.0368 0.9487 0.3141
v 2.4928 0.4025 -0.6850
vt 0.8125 0.8177
vn 0.0368 0.9487 0.3141
v 2.4842 0.4270 -0.7580
vt 0.8125 0.8202
vn 0.0368 0.9487 0.3141
v 2.2652 0.4270 -0.7323
vt 0.7982 0.8202
vn 0.0368 0.9487 0.3141
f 3793/3793/3793 3794/3794/3794 3795/3795/3795 3796/3796/3796
v 2.7032 0.4270 -0.7837
vt 0.8267 0.8202
vn 0.0368 0.9487 0.3141
v 2.4842 0.4270 -0.7580
vt 0.8125 0.8202
vn 0.0368 0.9487 0.3141
v 2.4928 0.4025 -0.6850
vt 0.8125 0.8177
vn 0.0368 0.9487 0.3141
v 2.7361 0.4025 -0.7135
vt 0.8283 0.8177
vn 0.0368 0.9487 0.3141
f 3797/3797/3797 3798/3798/3798 3799/3799/3799 3800/3800/3800
v 2.1837 0.8680 -0.7968
vt 0.6617 0.8729
vn -0.9932 -0.0000 0.1165
v 2.1580 0.8680 -1.0158
vt 0.6617 0.8729
vn -0.9932 -0.0000 0.1165
v 2.1580 0.4270 -1.0158
vt 0.6617 0.8342
vn -0.9932 -0.0000 0.1165
v 2.1837 0.4270 -0.7968
vt 0.6617 0.8342
vn -0.9932 -0.0000 0.1165
f 3801/3801/3801 3802/3802/3802 3803/3803/3803 3804/3804/3804
v 2.4072 0.8925 -1.4150
vt 0.8125 0.8682
vn -0.0368 -0.9487 -0.3141
v 2.4158 0.8680 -1.3420
vt 0.8125 0.8657
vn -0.0368 -0.9487 -0.3141
v 2.1968 0.8680 -1.3163
vt 0.7982 0.8657
vn -0.0368 -0.9487 -0.3141
v 2.1639 0.8925 -1.3865
vt 0.7966 0.8682
vn -0.0368 -0.9487 -0.3141
f 3805/3805/3805 3806/3806/3806 3807/3807/3807 3808/3808/3808
v 2.0565 0.4025 -1.2505
vt 0.7887 0.8177
vn -0.3141 0.9487 0.0368
v 2.0850 0.4025 -1.0072
vt 0.7887 0.8177
vn -0.3141 0.9487 0.0368
v 2.1580 0.4270 -1.0158
vt 0.7935 0.8202
vn -0.3141 0.9487 0.0368
v 2.1323 0.4270 -1.2348
vt 0.7935 0.8202
vn -0.3141 0.9487 0.0368
f 3809/3809/3809 3810/3810/3810 3811/3811/3811 3812/3812/3812
v 2.1968 0.8680 -1.3163
vt 0.6681 0.8443
vn -0.1165 -0.0000 -0.9932
v 2.4158 0.8680 -1.3420
vt 0.6875 0.8443
vn -0.1165 -0.0000 -0.9932
v 2.4158 0.4270 -1.3420
vt 0.6875 0.8056
vn -0.1165 -0.0000 -0.9932
v 2.1968 0.4270 -1.3163
vt 0.6681 0.8056
vn -0.1165 -0.0000 -0.9932
f 3813/3813/3813 3814/3814/3814 3815/3815/3815 3816/3816/3816
v 2.8150 0.8925 -1.0928
vt 0.8362 0.8682
vn 0.3141 -0.9487 -0.0368
v 2.7420 0.8680 -1.0842
vt 0.8315 0.8657
vn 0.3141 -0.9487 -0.0368
v 2.7163 0.8680 -1.3032
vt 0.8315 0.8657
vn 0.3141 -0.9487 -0.0368
v 2.7865 0.8925 -1.3361
vt 0.8362 0.8682
vn 0.3141 -0.9487 -0.0368
f 3817/3817/3817 3818/3818/3818 3819/3819/3819 3820/3820/3820
v 2.6505 0.4025 -1.4435
vt 0.8283 0.8177
vn -0.0368 0.9487 -0.3141
v 2.4072 0.4025 -1.4150
vt 0.8125 0.8177
vn -0.0368 0.9487 -0.3141
v 2.4158 0.4270 -1.3420
vt 0.8125 0.8202
vn -0.0368 0.9487 -0.3141
v 2.6348 0.4270 -1.3677
vt 0.8267 0.8202
vn -0.0368 0.9487 -0.3141
f 3821/3821/3821 3822/3822/3822 3823/3823/3823 3824/3824/3824
v 2.7163 0.4270 -1.3032
vt 0.8315 0.8202
vn 0.3141 0.9487 -0.0368
v 2.7420 0.4270 -1.0842
vt 0.8315 0.8202
vn 0.3141 0.9487 -0.0368
v 2.8150 0.4025 -1.0928
vt 0.8362 0.8177
vn 0.3141 0.9487 -0.0368
v 2.7865 0.4025 -1.3361
vt 0.8362 0.8177
vn 0.3141 0.9487 -0.0368
f 3825/3825/3825 3826/3826/3826 3827/3827/3827 3828/3828/3828
v 2.8435 0.4025 -0.8495
vt 0.8362 0.8177
vn 0.3141 0.9487 -0.0368
v 2.8150 0.4025 -1.0928
vt 0.8362 0.8177
vn 0.3141 0.9487 -0.0368
v 2.7420 0.4270 -1.0842
vt 0.8315 0.8202
vn 0.3141 0.9487 -0.0368
v 2.7677 0.4270 -0.8652
vt 0.8315 0.8202
vn 0.3141 0.9487 -0.0368
f 3829/3829/3829 3830/3830/3830 3831/3831/3831 3832/3832/3832
v 2.1968 0.4270 -1.3163
vt 0.7982 0.8202
vn -0.0368 0.9487 -0.3141
v 2.4158 0.4270 -1.3420
vt 0.8125 0.8202
vn -0.0368 0.9487 -0.3141
v 2.4072 0.4025 -1.4150
vt 0.8125 0.8177
vn -0.0368 0.9487 -0.3141
v 2.1639 0.4025 -1.3865
vt 0.7966 0.8177
vn -0.0368 0.9487 -0.3141
f 3833/3833/3833 3834/3834/3834 3835/3835/3835 3836/3836/3836
v 2.2352 1.0150 -0.7781
vt 0.7966 0.9121
vn -0.1105 0.3162 -0.9422
v 2.4785 1.0150 -0.8067
vt 0.8125 0.9121
vn -0.1105 0.3162 -0.9422
v 2.4757 0.9415 -0.8310
vt 0.8125 0.9045
vn -0.1105 0.3162 -0.9422
v 2.2567 0.9415 -0.8053
vt 0.7982 0.9045
vn -0.1105 0.3162 -0.9422
f 3837/3837/3837 3838/3838/3838 3839/3839/3839 3840/3840/3840
v 2.6947 0.9415 -0.8567
vt 0.8267 0.9045
vn -0.1105 0.3162 -0.9422
v 2.4757 0.9415 -0.8310
vt 0.8125 0.9045
vn -0.1105 0.3162 -0.9422
v 2.4785 1.0150 -0.8067
vt 0.8125 0.9121
vn -0.1105 0.3162 -0.9422
v 2.7219 1.0150 -0.8352
vt 0.8283 0.9121
vn -0.1105 0.3162 -0.9422
f 3841/3841/3841 3842/3842/3842 3843/3843/3843 3844/3844/3844
v 2.1278 0.2800 -0.6422
vt 0.7887 0.8363
vn 0.1165 -0.0000 0.9932
v 2.8578 0.2800 -0.7278
vt 0.8362 0.8363
vn 0.1165 -0.0000 0.9932
v 2.4928 0.4025 -0.6850
vt 0.8125 0.8489
vn 0.1165 -0.0000 0.9932
f 3845/3845/3845 3846/3846/3846 3847/3847/3847
v 2.0422 1.0150 -1.3722
vt 0.7887 0.9121
vn -0.1165 -0.0000 -0.9932
v 2.4072 0.8925 -1.4150
vt 0.8125 0.8995
vn -0.1165 -0.0000 -0.9932
v 2.1639 0.8925 -1.3865
vt 0.7966 0.8995
vn -0.1165 -0.0000 -0.9932
f 3848/3848/3848 3849/3849/3849 3850/3850/3850
v 2.7722 1.0150 -1.4578
vt 0.8362 0.9121
vn -0.1165 -0.0000 -0.9932
v 2.6505 0.8925 -1.4435
vt 0.8283 0.8995
vn -0.1165 -0.0000 -0.9932
v 2.4072 0.8925 -1.4150
vt 0.8125 0.8995
vn -0.1165 -0.0000 -0.9932
f 3851/3851/3851 3852/3852/3852 3853/3853/3853
v 2.7361 0.8925 -0.7135
vt 0.8283 0.8995
vn 0.1165 -0.0000 0.9932
v 2.8578 1.0150 -0.7278
vt 0.8362 0.9121
vn 0.1165 -0.0000 0.9932
v 2.4928 0.8925 -0.6850
vt 0.8125 0.8995
vn 0.1165 -0.0000 0.9932
f 3854/3854/3854 3855/3855/3855 3856/3856/3856
v 2.1135 0.8925 -0.7639
vt 0.7887 0.8995
vn -0.9932 -0.0000 0.1165
v 2.1278 1.0150 -0.6422
vt 0.7887 0.9121
vn -0.9932 -0.0000 0.1165
v 2.0850 0.8925 -1.0072
vt 0.7887 0.8995
vn -0.9932 -0.0000 0.1165
f 3857/3857/3857 3858/3858/3858 3859/3859/3859
v 2.7722 1.0150 -1.4578
vt 0.8362 0.9121
vn 0.9932 -0.0000 -0.1165
v 2.8578 1.0150 -0.7278
vt 0.8362 0.9121
vn 0.9932 -0.0000 -0.1165
v 2.8150 0.8925 -1.0928
vt 0.8362 0.8995
vn 0.9932 -0.0000 -0.1165
f 3860/3860/3860 3861/3861/3861 3862/3862/3862
v 2.6648 1.0150 -1.3219
vt 0.8283 0.9590
vn 0.0000 1.0000 0.0000
v 2.7219 1.0150 -0.8352
vt 0.8283 0.9590
vn 0.0000 1.0000 0.0000
v 2.8578 1.0150 -0.7278
vt 0.8362 0.9590
vn 0.0000 1.0000 0.0000
v 2.7722 1.0150 -1.4578
vt 0.8362 0.9590
vn 0.0000 1.0000 0.0000
f 3863/3863/3863 3864/3864/3864 3865/3865/3865 3866/3866/3866
v 2.2352 1.0150 -0.7781
vt 0.7966 0.9590
vn 0.0000 1.0000 0.0000
v 2.1781 1.0150 -1.2648
vt 0.7966 0.9590
vn 0.0000 1.0000 0.0000
v 2.0422 1.0150 -1.3722
vt 0.7887 0.9590
vn 0.0000 1.0000 0.0000
v 2.1278 1.0150 -0.6422
vt 0.7887 0.9590
vn 0.0000 1.0000 0.0000
f 3867/3867/3867 3868/3868/3868 3869/3869/3869 3870/3870/3870
v 2.8435 0.4025 -0.8495
vt 0.8362 0.8489
vn 0.9932 -0.0000 -0.1165
v 2.8578 0.2800 -0.7278
vt 0.8362 0.8363
vn 0.9932 -0.0000 -0.1165
v 2.8150 0.4025 -1.0928
vt 0.8362 0.8489
vn 0.9932 -0.0000 -0.1165
f 3871/3871/3871 3872/3872/3872 3873/3873/3873
v 2.8578 0.2800 -0.7278
vt 0.8362 0.8363
vn 0.9932 -0.0000 -0.1165
v 2.7722 0.2800 -1.4578
vt 0.8362 0.8363
vn 0.9932 -0.0000 -0.1165
v 2.8150 0.4025 -1.0928
vt 0.8362 0.8489
vn 0.9932 -0.0000 -0.1165
f 3874/3874/3874 3875/3875/3875 3876/3876/3876
v 2.2495 0.4025 -0.6565
vt 0.7966 0.8489
vn 0.1165 -0.0000 0.9932
v 2.1278 0.2800 -0.6422
vt 0.7887 0.8363
vn 0.1165 -0.0000 0.9932
v 2.4928 0.4025 -0.6850
vt 0.8125 0.8489
vn 0.1165 -0.0000 0.9932
f 3877/3877/3877 3878/3878/3878 3879/3879/3879
v 2.8578 0.2800 -0.7278
vt 0.8362 0.8363
vn -0.0000 -1.0000 0.0000
v 2.1278 0.2800 -0.6422
vt 0.7887 0.8363
vn -0.0000 -1.0000 0.0000
v 2.0422 0.2800 -1.3722
vt 0.7887 0.8363
vn -0.0000 -1.0000 0.0000
v 2.7722 0.2800 -1.4578
vt 0.8362 0.8363
vn -0.0000 -1.0000 0.0000
f 3880/3880/3880 3881/3881/3881 3882/3882/3882 3883/3883/3883
v 2.0422 0.2800 -1.3722
vt 0.7887 0.8363
vn -0.9932 -0.0000 0.1165
v 2.1278 0.2800 -0.6422
vt 0.7887 0.8363
vn -0.9932 -0.0000 0.1165
v 2.0850 0.4025 -1.0072
vt 0.7887 0.8489
vn -0.9932 -0.0000 0.1165
f 3884/3884/3884 3885/3885/3885 3886/3886/3886
v 2.0565 0.4025 -1.2505
vt 0.7887 0.8489
vn -0.9932 -0.0000 0.1165
v 2.0422 0.2800 -1.3722
vt 0.7887 0.8363
vn -0.9932 -0.0000 0.1165
v 2.0850 0.4025 -1.0072
vt 0.7887 0.8489
vn -0.9932 -0.0000 0.1165
f 3887/3887/3887 3888/3888/3888 3889/3889/3889
v 2.0422 1.0150 -1.3722
vt 0.7887 0.9121
vn -0.9932 -0.0000 0.1165
v 2.0850 0.8925 -1.0072
vt 0.7887 0.8995
vn -0.9932 -0.0000 0.1165
v 2.1278 1.0150 -0.6422
vt 0.7887 0.9121
vn -0.9932 -0.0000 0.1165
f 3890/3890/3890 3891/3891/3891 3892/3892/3892
v 2.0422 1.0150 -1.3722
vt 0.7887 0.9590
vn 0.0000 1.0000 0.0000
v 2.1781 1.0150 -1.2648
vt 0.7966 0.9590
vn 0.0000 1.0000 0.0000
v 2.4215 1.0150 -1.2933
vt 0.8125 0.9590
vn 0.0000 1.0000 0.0000
f 3893/3893/3893 3894/3894/3894 3895/3895/3895
v 2.7722 1.0150 -1.4578
vt 0.8362 0.9590
vn 0.0000 1.0000 0.0000
v 2.0422 1.0150 -1.3722
vt 0.7887 0.9590
vn 0.0000 1.0000 0.0000
v 2.4215 1.0150 -1.2933
vt 0.8125 0.9590
vn 0.0000 1.0000 0.0000
f 3896/3896/3896 3897/3897/3897 3898/3898/3898
v 2.6648 1.0150 -1.3219
vt 0.8283 0.9590
vn 0.0000 1.0000 0.0000
v 2.7722 1.0150 -1.4578
vt 0.8362 0.9590
vn 0.0000 1.0000 0.0000
v 2.4215 1.0150 -1.2933
vt 0.8125 0.9590
vn 0.0000 1.0000 0.0000
f 3899/3899/3899 3900/3900/3900 3901/3901/3901
v 2.2352 1.0150 -0.7781
vt 0.7966 0.9590
vn 0.0000 1.0000 0.0000
v 2.1278 1.0150 -0.6422
vt 0.7887 0.9590
vn 0.0000 1.0000 0.0000
v 2.4785 1.0150 -0.8067
vt 0.8125 0.9590
vn 0.0000 1.0000 0.0000
f 3902/3902/3902 3903/3903/3903 3904/3904/3904
v 2.7865 0.8925 -1.3361
vt 0.8362 0.8995
vn 0.9932 -0.0000 -0.1165
v 2.7722 1.0150 -1.4578
vt 0.8362 0.9121
vn 0.9932 -0.0000 -0.1165
v 2.8150 0.8925 -1.0928
vt 0.8362 0.8995
vn 0.9932 -0.0000 -0.1165
f 3905/3905/3905 3906/3906/3906 3907/3907/3907
v 2.1278 1.0150 -0.6422
vt 0.7887 0.9590
vn 0.0000 1.0000 0.0000
v 2.8578 1.0150 -0.7278
vt 0.8362 0.9590
vn 0.0000 1.0000 0.0000
v 2.4785 1.0150 -0.8067
vt 0.8125 0.9590
vn 0.0000 1.0000 0.0000
f 3908/3908/3908 3909/3909/3909 3910/3910/3910
v 2.1278 1.0150 -0.6422
vt 0.7887 0.9121
vn 0.1165 -0.0000 0.9932
v 2.4928 0.8925 -0.6850
vt 0.8125 0.8995
vn 0.1165 -0.0000 0.9932
v 2.8578 1.0150 -0.7278
vt 0.8362 0.9121
vn 0.1165 -0.0000 0.9932
f 3911/3911/3911 3912/3912/3912 3913/3913/3913
v 2.6505 0.4025 -1.4435
vt 0.8283 0.8489
vn -0.1165 -0.0000 -0.9932
v 2.7722 0.2800 -1.4578
vt 0.8362 0.8363
vn -0.1165 -0.0000 -0.9932
v 2.4072 0.4025 -1.4150
vt 0.8125 0.8489
vn -0.1165 -0.0000 -0.9932
f 3914/3914/3914 3915/3915/3915 3916/3916/3916
v 2.7722 0.2800 -1.4578
vt 0.8362 0.8363
vn -0.1165 -0.0000 -0.9932
v 2.0422 0.2800 -1.3722
vt 0.7887 0.8363
vn -0.1165 -0.0000 -0.9932
v 2.4072 0.4025 -1.4150
vt 0.8125 0.8489
vn -0.1165 -0.0000 -0.9932
f 3917/3917/3917 3918/3918/3918 3919/3919/3919
v 2.4928 0.8925 -0.6850
vt 0.8125 0.8682
vn 0.0368 -0.9487 0.3141
v 2.4842 0.8680 -0.7580
vt 0.8125 0.8657
vn 0.0368 -0.9487 0.3141
v 2.7032 0.8680 -0.7837
vt 0.8267 0.8657
vn 0.0368 -0.9487 0.3141
v 2.7361 0.8925 -0.7135
vt 0.8283 0.8682
vn 0.0368 -0.9487 0.3141
f 3920/3920/3920 3921/3921/3921 3922/3922/3922 3923/3923/3923
v 2.1837 0.4270 -0.7968
vt 0.7935 0.8202
vn -0.3141 0.9487 0.0368
v 2.1580 0.4270 -1.0158
vt 0.7935 0.8202
vn -0.3141 0.9487 0.0368
v 2.0850 0.4025 -1.0072
vt 0.7887 0.8177
vn -0.3141 0.9487 0.0368
v 2.1135 0.4025 -0.7639
vt 0.7887 0.8177
vn -0.3141 0.9487 0.0368
f 3924/3924/3924 3925/3925/3925 3926/3926/3926 3927/3927/3927
v -2.5266 1.1025 0.8334
vt 0.7966 0.8731
vn 0.9181 0.3820 -0.1058
v -2.4353 1.1025 0.9976
vt 0.8012 0.8731
vn 0.5744 0.3820 -0.7240
v -2.4070 0.9922 0.9620
vt 0.8012 0.8661
vn 0.5744 0.3820 -0.7240
v -2.4813 0.9922 0.8282
vt 0.7966 0.8661
vn 0.9181 0.3820 -0.1058
f 3928/3928/3928 3929/3929/3929 3930/3930/3930 3931/3931/3931
v -2.5675 0.0000 0.5794
vt 0.7958 0.8024
vn -0.6987 -0.4523 -0.5543
v -2.6309 0.1595 0.5291
vt 0.7950 0.8126
vn -0.6987 -0.4523 -0.5543
v -2.3336 0.1595 0.3638
vt 0.8125 0.8126
vn -0.1021 -0.4523 -0.8860
v -2.3243 0.0000 0.4441
vt 0.8125 0.8024
vn -0.1021 -0.4523 -0.8860
f 3932/3932/3932 3933/3933/3933 3934/3934/3934 3935/3935/3935
v -2.7769 0.3099 0.8622
vt 0.7868 0.8223
vn -0.8740 -0.0000 0.4859
v -2.5919 0.3099 1.1950
vt 0.7941 0.8223
vn -0.8740 -0.0000 0.4859
v -2.5919 0.7926 1.1950
vt 0.7941 0.8532
vn -0.8740 -0.0000 0.4859
v -2.7769 0.7926 0.8622
vt 0.7868 0.8532
vn -0.8740 -0.0000 0.4859
f 3936/3936/3936 3937/3937/3937 3938/3938/3938 3939/3939/3939
v -2.5919 0.3099 1.1950
vt 0.7946 0.8691
vn -0.2744 -0.0000 0.9616
v -2.2258 0.3099 1.2995
vt 0.8121 0.8691
vn 0.1144 -0.0000 0.9934
v -2.2258 0.7926 1.2995
vt 0.8121 0.9001
vn 0.1144 -0.0000 0.9934
v -2.5919 0.7926 1.1950
vt 0.7946 0.9001
vn -0.2744 -0.0000 0.9616
f 3940/3940/3940 3941/3941/3941 3942/3942/3942 3943/3943/3943
v -2.2258 0.3099 1.2995
vt 0.8129 0.8223
vn 0.1144 -0.0000 0.9934
v -1.8930 0.3099 1.1145
vt 0.8304 0.8223
vn 0.4859 -0.0000 0.8740
v -1.8930 0.7926 1.1145
vt 0.8304 0.8532
vn 0.4859 -0.0000 0.8740
v -2.2258 0.7926 1.2995
vt 0.8129 0.8532
vn 0.1144 -0.0000 0.9934
f 3944/3944/3944 3945/3945/3945 3946/3946/3946 3947/3947/3947
v -1.8930 0.3099 1.1145
vt 0.8309 0.8691
vn 0.9616 -0.0000 0.2744
v -1.7886 0.3099 0.7484
vt 0.8382 0.8691
vn 0.9934 -0.0000 -0.1144
v -1.7886 0.7926 0.7484
vt 0.8382 0.9001
vn 0.9934 -0.0000 -0.1144
v -1.8930 0.7926 1.1145
vt 0.8309 0.9001
vn 0.9616 -0.0000 0.2744
f 3948/3948/3948 3949/3949/3949 3950/3950/3950 3951/3951/3951
v -1.7886 0.3099 0.7484
vt 0.8382 0.8223
vn 0.9934 -0.0000 -0.1144
v -1.9736 0.3099 0.4156
vt 0.8309 0.8223
vn 0.8740 -0.0000 -0.4859
v -1.9735 0.7926 0.4156
vt 0.8309 0.8532
vn 0.8740 -0.0000 -0.4859
v -1.7886 0.7926 0.7484
vt 0.8382 0.8532
vn 0.9934 -0.0000 -0.1144
f 3952/3952/3952 3953/3953/3953 3954/3954/3954 3955/3955/3955
v -2.3397 0.7926 0.3111
vt 0.8129 0.9001
vn 0.2744 -0.0000 -0.9616
v -1.9735 0.7926 0.4156
vt 0.8304 0.9001
vn 0.2744 -0.0000 -0.9616
v -1.9736 0.3099 0.4156
vt 0.8304 0.8691
vn 0.2744 -0.0000 -0.9616
v -2.3397 0.3099 0.3112
vt 0.8129 0.8691
vn 0.2744 -0.0000 -0.9616
f 3956/3956/3956 3957/3957/3957 3958/3958/3958 3959/3959/3959
v -2.6815 0.9283 0.4889
vt 0.2794 0.9158
vn -0.7722 0.1687 -0.6126
v -2.3410 0.9283 0.2996
vt 0.2969 0.9158
vn -0.1128 0.1687 -0.9792
v -2.3433 0.8126 0.2799
vt 0.2965 0.9061
vn -0.1128 0.1687 -0.9792
v -2.6970 0.8126 0.4766
vt 0.2790 0.9061
vn -0.7722 0.1687 -0.6126
f 3960/3960/3960 3961/3961/3961 3962/3962/3962 3963/3963/3963
v -2.6309 0.9430 0.5291
vt 0.7950 0.8629
vn -0.6987 0.4522 -0.5543
v -2.5675 1.1025 0.5794
vt 0.7958 0.8731
vn -0.6987 0.4522 -0.5543
v -2.3243 1.1025 0.4441
vt 0.8125 0.8731
vn -0.1021 0.4522 -0.8860
v -2.3336 0.9430 0.3638
vt 0.8125 0.8629
vn -0.1021 0.4522 -0.8860
f 3964/3964/3964 3965/3965/3965 3966/3966/3966 3967/3967/3967
v -2.3108 1.1025 0.5614
vt 0.8125 0.9513
vn 0.0000 1.0000 0.0000
v -2.1301 1.1025 0.6130
vt 0.8238 0.9513
vn 0.0000 1.0000 0.0000
v -2.0568 1.1025 0.5205
vt 0.8292 0.9513
vn 0.0000 1.0000 0.0000
v -2.3243 1.1025 0.4441
vt 0.8125 0.9513
vn 0.0000 1.0000 0.0000
f 3968/3968/3968 3969/3969/3969 3970/3970/3970 3971/3971/3971
v -2.1301 1.1025 0.6130
vt 0.8238 0.9044
vn 0.0000 1.0000 0.0000
v -2.0388 1.1025 0.7772
vt 0.8284 0.9044
vn 0.0000 1.0000 0.0000
v -1.9216 1.1025 0.7637
vt 0.8361 0.9044
vn 0.0000 1.0000 0.0000
v -2.0568 1.1025 0.5205
vt 0.8292 0.9044
vn 0.0000 1.0000 0.0000
f 3972/3972/3972 3973/3973/3973 3974/3974/3974 3975/3975/3975
v -2.0388 1.1025 0.7772
vt 0.8284 0.9513
vn 0.0000 1.0000 0.0000
v -2.0904 1.1025 0.9579
vt 0.8238 0.9513
vn 0.0000 1.0000 0.0000
v -1.9979 1.1025 1.0313
vt 0.8292 0.9513
vn 0.0000 1.0000 0.0000
v -1.9216 1.1025 0.7637
vt 0.8361 0.9513
vn 0.0000 1.0000 0.0000
f 3976/3976/3976 3977/3977/3977 3978/3978/3978 3979/3979/3979
v -2.0904 1.1025 0.9579
vt 0.8238 0.9044
vn 0.0000 1.0000 0.0000
v -2.2546 1.1025 1.0492
vt 0.8125 0.9044
vn 0.0000 1.0000 0.0000
v -2.2411 1.1025 1.1665
vt 0.8125 0.9044
vn 0.0000 1.0000 0.0000
v -1.9979 1.1025 1.0313
vt 0.8292 0.9044
vn 0.0000 1.0000 0.0000
f 3980/3980/3980 3981/3981/3981 3982/3982/3982 3983/3983/3983
v -2.2546 1.1025 1.0492
vt 0.8125 0.9513
vn 0.0000 1.0000 0.0000
v -2.4353 1.1025 0.9976
vt 0.8012 0.9513
vn 0.0000 1.0000 0.0000
v -2.5087 1.1025 1.0901
vt 0.7958 0.9513
vn 0.0000 1.0000 0.0000
v -2.2411 1.1025 1.1665
vt 0.8125 0.9513
vn 0.0000 1.0000 0.0000
f 3984/3984/3984 3985/3985/3985 3986/3986/3986 3987/3987/3987
v -2.4353 1.1025 0.9976
vt 0.8012 0.9044
vn 0.0000 1.0000 0.0000
v -2.5266 1.1025 0.8334
vt 0.7966 0.9044
vn 0.0000 1.0000 0.0000
v -2.6439 1.1025 0.8469
vt 0.7889 0.9044
vn 0.0000 1.0000 0.0000
v -2.5087 1.1025 1.0901
vt 0.7958 0.9044
vn 0.0000 1.0000 0.0000
f 3988/3988/3988 3989/3989/3989 3990/3990/3990 3991/3991/3991
v -2.5266 1.1025 0.8334
vt 0.7966 0.9513
vn 0.0000 1.0000 0.0000
v -2.4751 1.1025 0.6527
vt 0.8012 0.9513
vn 0.0000 1.0000 0.0000
v -2.5675 1.1025 0.5794
vt 0.7958 0.9513
vn 0.0000 1.0000 0.0000
v -2.6439 1.1025 0.8469
vt 0.7889 0.9513
vn 0.0000 1.0000 0.0000
f 3992/3992/3992 3993/3993/3993 3994/3994/3994 3995/3995/3995
v -2.4751 1.1025 0.6527
vt 0.8012 0.9044
vn 0.0000 1.0000 0.0000
v -2.3108 1.1025 0.5614
vt 0.8125 0.9044
vn 0.0000 1.0000 0.0000
v -2.3243 1.1025 0.4441
vt 0.8125 0.9044
vn 0.0000 1.0000 0.0000
v -2.5675 1.1025 0.5794
vt 0.7958 0.9044
vn 0.0000 1.0000 0.0000
f 3996/3996/3996 3997/3997/3997 3998/3998/3998 3999/3999/3999
v -2.2546 1.1025 1.0492
vt 0.8125 0.8731
vn -0.1057 0.3819 -0.9181
v -2.0904 1.1025 0.9579
vt 0.8238 0.8731
vn -0.7240 0.3818 -0.5745
v -2.1261 0.9922 0.9296
vt 0.8238 0.8661
vn -0.7241 0.3818 -0.5744
v -2.2598 0.9922 1.0040
vt 0.8125 0.8661
vn -0.1058 0.3819 -0.9181
f 4000/4000/4000 4001/4001/4001 4002/4002/4002 4003/4003/4003
v -2.0388 1.1025 0.7772
vt 0.8284 0.8731
vn -0.9182 0.3817 0.1058
v -2.1301 1.1025 0.6130
vt 0.8238 0.8731
vn -0.5744 0.3818 0.7241
v -2.1584 0.9922 0.6487
vt 0.8238 0.8661
vn -0.5745 0.3818 0.7240
v -2.0841 0.9922 0.7824
vt 0.8284 0.8661
vn -0.9182 0.3817 0.1058
f 4004/4004/4004 4005/4005/4005 4006/4006/4006 4007/4007/4007
v -2.4751 1.1025 0.6527
vt 0.8012 0.9200
vn 0.7240 0.3820 0.5744
v -2.5266 1.1025 0.8334
vt 0.7966 0.9200
vn 0.9181 0.3820 -0.1058
v -2.4813 0.9922 0.8282
vt 0.7966 0.9129
vn 0.9181 0.3820 -0.1058
v -2.4393 0.9922 0.6810
vt 0.8012 0.9129
vn 0.7240 0.3820 0.5744
f 4008/4008/4008 4009/4009/4009 4010/4010/4010 4011/4011/4011
v -2.4353 1.1025 0.9976
vt 0.8012 0.9200
vn 0.5744 0.3820 -0.7240
v -2.2546 1.1025 1.0492
vt 0.8125 0.9200
vn -0.1057 0.3819 -0.9181
v -2.2598 0.9922 1.0040
vt 0.8125 0.9129
vn -0.1058 0.3819 -0.9181
v -2.4070 0.9922 0.9620
vt 0.8012 0.9129
vn 0.5744 0.3820 -0.7240
f 4012/4012/4012 4013/4013/4013 4014/4014/4014 4015/4015/4015
v -2.0904 1.1025 0.9579
vt 0.8238 0.9200
vn -0.7240 0.3818 -0.5745
v -2.0388 1.1025 0.7772
vt 0.8284 0.9200
vn -0.9182 0.3817 0.1058
v -2.0841 0.9922 0.7824
vt 0.8284 0.9129
vn -0.9182 0.3817 0.1058
v -2.1261 0.9922 0.9296
vt 0.8238 0.9129
vn -0.7241 0.3818 -0.5744
f 4016/4016/4016 4017/4017/4017 4018/4018/4018 4019/4019/4019
v -2.1301 1.1025 0.6130
vt 0.8238 0.9200
vn -0.5744 0.3818 0.7241
v -2.3108 1.1025 0.5614
vt 0.8125 0.9200
vn 0.1058 0.3819 0.9181
v -2.3056 0.9922 0.6067
vt 0.8125 0.9129
vn 0.1057 0.3819 0.9181
v -2.1584 0.9922 0.6487
vt 0.8238 0.9129
vn -0.5745 0.3818 0.7240
f 4020/4020/4020 4021/4021/4021 4022/4022/4022 4023/4023/4023
v -2.3108 1.1025 0.5614
vt 0.8125 0.8731
vn 0.1058 0.3819 0.9181
v -2.4751 1.1025 0.6527
vt 0.8012 0.8731
vn 0.7240 0.3820 0.5744
v -2.4393 0.9922 0.6810
vt 0.8012 0.8661
vn 0.7240 0.3820 0.5744
v -2.3056 0.9922 0.6067
vt 0.8125 0.8661
vn 0.1057 0.3819 0.9181
f 4024/4024/4024 4025/4025/4025 4026/4026/4026 4027/4027/4027
v -2.2161 0.9775 0.7481
vt 0.6766 0.9442
vn 0.3969 -0.0588 -0.9160
v -2.2171 1.0948 0.7402
vt 0.6766 0.9501
vn 0.3969 -0.0588 -0.9160
v -2.1646 1.0948 0.7629
vt 0.6817 0.9501
vn 0.3969 -0.0588 -0.9160
v -2.1710 0.9775 0.7677
vt 0.6821 0.9442
vn 0.3969 -0.0588 -0.9160
f 4028/4028/4028 4029/4029/4029 4030/4030/4030 4031/4031/4031
v -2.1710 0.9775 0.7677
vt 0.6821 0.9442
vn 0.9917 -0.0588 -0.1142
v -2.1646 1.0948 0.7629
vt 0.6817 0.9501
vn 0.9917 -0.0588 -0.1142
v -2.1580 1.0948 0.8197
vt 0.6817 0.9501
vn 0.9917 -0.0588 -0.1142
v -2.1653 0.9775 0.8166
vt 0.6821 0.9442
vn 0.9917 -0.0588 -0.1142
f 4032/4032/4032 4033/4033/4033 4034/4034/4034 4035/4035/4035
v -2.1653 0.9775 0.8166
vt 0.6821 0.9442
vn 0.5948 -0.0588 0.8017
v -2.1580 1.0948 0.8197
vt 0.6817 0.9501
vn 0.5948 -0.0588 0.8017
v -2.2040 1.0948 0.8538
vt 0.6766 0.9501
vn 0.5948 -0.0588 0.8017
v -2.2049 0.9775 0.8459
vt 0.6766 0.9442
vn 0.5948 -0.0588 0.8017
f 4036/4036/4036 4037/4037/4037 4038/4038/4038 4039/4039/4039
v -2.2049 0.9775 0.8459
vt 0.6766 0.9442
vn -0.3969 -0.0588 0.9160
v -2.2040 1.0948 0.8538
vt 0.6766 0.9501
vn -0.3969 -0.0588 0.9160
v -2.2565 1.0948 0.8311
vt 0.6715 0.9501
vn -0.3969 -0.0588 0.9160
v -2.2501 0.9775 0.8263
vt 0.6711 0.9442
vn -0.3969 -0.0588 0.9160
f 4040/4040/4040 4041/4041/4041 4042/4042/4042 4043/4043/4043
v -2.2171 1.0948 0.7402
vt 0.6766 0.9813
vn 0.0000 1.0000 0.0000
v -2.2630 1.0948 0.7743
vt 0.6715 0.9813
vn 0.0000 1.0000 0.0000
v -2.2565 1.0948 0.8311
vt 0.6715 0.9813
vn 0.0000 1.0000 0.0000
v -2.2040 1.0948 0.8538
vt 0.6766 0.9813
vn 0.0000 1.0000 0.0000
f 4044/4044/4044 4045/4045/4045 4046/4046/4046 4047/4047/4047
v -2.2501 0.9775 0.8263
vt 0.6711 0.9442
vn -0.9917 -0.0588 0.1142
v -2.2565 1.0948 0.8311
vt 0.6715 0.9501
vn -0.9917 -0.0588 0.1142
v -2.2630 1.0948 0.7743
vt 0.6715 0.9501
vn -0.9917 -0.0588 0.1142
v -2.2557 0.9775 0.7774
vt 0.6711 0.9442
vn -0.9917 -0.0588 0.1142
f 4048/4048/4048 4049/4049/4049 4050/4050/4050 4051/4051/4051
v -2.2557 0.9775 0.7774
vt 0.6711 0.9442
vn -0.5948 -0.0588 -0.8017
v -2.2630 1.0948 0.7743
vt 0.6715 0.9501
vn -0.5948 -0.0588 -0.8017
v -2.2171 1.0948 0.7402
vt 0.6766 0.9501
vn -0.5948 -0.0588 -0.8017
v -2.2161 0.9775 0.7481
vt 0.6766 0.9442
vn -0.5948 -0.0588 -0.8017
f 4052/4052/4052 4053/4053/4053 4054/4054/4054 4055/4055/4055
v -2.3108 0.0000 0.5614
vt 0.8125 0.8492
vn 0.1072 -0.3494 0.9308
v -2.1301 0.0000 0.6130
vt 0.8238 0.8492
vn -0.5824 -0.3494 0.7340
v -2.1557 0.1103 0.6452
vt 0.8238 0.8492
vn -0.5824 -0.3494 0.7340
v -2.3061 0.1103 0.6023
vt 0.8125 0.8492
vn 0.1072 -0.3494 0.9308
f 4056/4056/4056 4057/4057/4057 4058/4058/4058 4059/4059/4059
v -2.2827 0.9922 0.8053
vt 0.7969 0.9502
vn 0.0000 1.0000 0.0000
v -2.1584 0.9922 0.6487
vt 0.8081 0.9502
vn 0.0000 1.0000 0.0000
v -2.3056 0.9922 0.6067
vt 0.7969 0.9502
vn 0.0000 1.0000 0.0000
f 4060/4060/4060 4061/4061/4061 4062/4062/4062
v -2.2827 0.9922 0.8053
vt 0.7969 0.9502
vn 0.0000 1.0000 0.0000
v -2.0841 0.9922 0.7824
vt 0.8128 0.9502
vn 0.0000 1.0000 0.0000
v -2.1584 0.9922 0.6487
vt 0.8081 0.9502
vn 0.0000 1.0000 0.0000
f 4063/4063/4063 4064/4064/4064 4065/4065/4065
v -2.2827 0.9922 0.8053
vt 0.7969 0.9502
vn 0.0000 1.0000 0.0000
v -2.1261 0.9922 0.9296
vt 0.8081 0.9502
vn 0.0000 1.0000 0.0000
v -2.0841 0.9922 0.7824
vt 0.8128 0.9502
vn 0.0000 1.0000 0.0000
f 4066/4066/4066 4067/4067/4067 4068/4068/4068
v -2.2827 0.9922 0.8053
vt 0.7969 0.9502
vn 0.0000 1.0000 0.0000
v -2.2598 0.9922 1.0040
vt 0.7969 0.9502
vn 0.0000 1.0000 0.0000
v -2.1261 0.9922 0.9296
vt 0.8081 0.9502
vn 0.0000 1.0000 0.0000
f 4069/4069/4069 4070/4070/4070 4071/4071/4071
v -2.2827 0.9922 0.8053
vt 0.7969 0.9502
vn 0.0000 1.0000 0.0000
v -2.4070 0.9922 0.9620
vt 0.7856 0.9502
vn 0.0000 1.0000 0.0000
v -2.2598 0.9922 1.0040
vt 0.7969 0.9502
vn 0.0000 1.0000 0.0000
f 4072/4072/4072 4073/4073/4073 4074/4074/4074
v -2.2827 0.9922 0.8053
vt 0.7969 0.9502
vn 0.0000 1.0000 0.0000
v -2.4813 0.9922 0.8282
vt 0.7809 0.9502
vn 0.0000 1.0000 0.0000
v -2.4070 0.9922 0.9620
vt 0.7856 0.9502
vn 0.0000 1.0000 0.0000
f 4075/4075/4075 4076/4076/4076 4077/4077/4077
v -2.2827 0.9922 0.8053
vt 0.7969 0.9502
vn 0.0000 1.0000 0.0000
v -2.4393 0.9922 0.6810
vt 0.7856 0.9502
vn 0.0000 1.0000 0.0000
v -2.4813 0.9922 0.8282
vt 0.7809 0.9502
vn 0.0000 1.0000 0.0000
f 4078/4078/4078 4079/4079/4079 4080/4080/4080
v -2.2827 0.9922 0.8053
vt 0.7969 0.9502
vn 0.0000 1.0000 0.0000
v -2.3056 0.9922 0.6067
vt 0.7969 0.9502
vn 0.0000 1.0000 0.0000
v -2.4393 0.9922 0.6810
vt 0.7856 0.9502
vn 0.0000 1.0000 0.0000
f 4081/4081/4081 4082/4082/4082 4083/4083/4083
v -2.1301 0.0000 0.6130
vt 0.8238 0.8180
vn -0.0000 -1.0000 0.0000
v -2.3108 0.0000 0.5614
vt 0.8125 0.8180
vn -0.0000 -1.0000 0.0000
v -2.3243 0.0000 0.4441
vt 0.8125 0.8180
vn -0.0000 -1.0000 0.0000
v -2.0568 0.0000 0.5205
vt 0.8292 0.8180
vn -0.0000 -1.0000 0.0000
f 4084/4084/4084 4085/4085/4085 4086/4086/4086 4087/4087/4087
v -2.0388 0.0000 0.7772
vt 0.8284 0.7711
vn -0.0000 -1.0000 0.0000
v -2.1301 0.0000 0.6130
vt 0.8238 0.7711
vn -0.0000 -1.0000 0.0000
v -2.0568 0.0000 0.5205
vt 0.8292 0.7711
vn -0.0000 -1.0000 0.0000
v -1.9216 0.0000 0.7637
vt 0.8361 0.7711
vn -0.0000 -1.0000 0.0000
f 4088/4088/4088 4089/4089/4089 4090/4090/4090 4091/4091/4091
v -2.0904 0.0000 0.9579
vt 0.8238 0.8180
vn -0.0000 -1.0000 0.0000
v -2.0388 0.0000 0.7772
vt 0.8284 0.8180
vn -0.0000 -1.0000 0.0000
v -1.9216 0.0000 0.7637
vt 0.8361 0.8180
vn -0.0000 -1.0000 0.0000
v -1.9979 0.0000 1.0313
vt 0.8292 0.8180
vn -0.0000 -1.0000 0.0000
f 4092/4092/4092 4093/4093/4093 4094/4094/4094 4095/4095/4095
v -2.2546 0.0000 1.0492
vt 0.8125 0.7711
vn -0.0000 -1.0000 0.0000
v -2.0904 0.0000 0.9579
vt 0.8238 0.7711
vn -0.0000 -1.0000 0.0000
v -1.9979 0.0000 1.0313
vt 0.8292 0.7711
vn -0.0000 -1.0000 0.0000
v -2.2411 0.0000 1.1665
vt 0.8125 0.7711
vn -0.0000 -1.0000 0.0000
f 4096/4096/4096 4097/4097/4097 4098/4098/4098 4099/4099/4099
v -2.4353 0.0000 0.9976
vt 0.8012 0.8180
vn -0.0000 -1.0000 0.0000
v -2.2546 0.0000 1.0492
vt 0.8125 0.8180
vn -0.0000 -1.0000 0.0000
v -2.2411 0.0000 1.1665
vt 0.8125 0.8180
vn -0.0000 -1.0000 0.0000
v -2.5087 0.0000 1.0901
vt 0.7958 0.8180
vn -0.0000 -1.0000 0.0000
f 4100/4100/4100 4101/4101/4101 4102/4102/4102 4103/4103/4103
v -2.5266 0.0000 0.8334
vt 0.7966 0.7711
vn -0.0000 -1.0000 0.0000
v -2.4353 0.0000 0.9976
vt 0.8012 0.7711
vn -0.0000 -1.0000 0.0000
v -2.5087 0.0000 1.0901
vt 0.7958 0.7711
vn -0.0000 -1.0000 0.0000
v -2.6439 0.0000 0.8469
vt 0.7889 0.7711
vn -0.0000 -1.0000 0.0000
f 4104/4104/4104 4105/4105/4105 4106/4106/4106 4107/4107/4107
v -2.4751 0.0000 0.6527
vt 0.8012 0.8180
vn -0.0000 -1.0000 0.0000
v -2.5266 0.0000 0.8334
vt 0.7966 0.8180
vn -0.0000 -1.0000 0.0000
v -2.6439 0.0000 0.8469
vt 0.7889 0.8180
vn -0.0000 -1.0000 0.0000
v -2.5675 0.0000 0.5794
vt 0.7958 0.8180
vn -0.0000 -1.0000 0.0000
f 4108/4108/4108 4109/4109/4109 4110/4110/4110 4111/4111/4111
v -2.3108 0.0000 0.5614
vt 0.8125 0.7711
vn -0.0000 -1.0000 0.0000
v -2.4751 0.0000 0.6527
vt 0.8012 0.7711
vn -0.0000 -1.0000 0.0000
v -2.5675 0.0000 0.5794
vt 0.7958 0.7711
vn -0.0000 -1.0000 0.0000
v -2.3243 0.0000 0.4441
vt 0.8125 0.7711
vn -0.0000 -1.0000 0.0000
f 4112/4112/4112 4113/4113/4113 4114/4114/4114 4115/4115/4115
v -2.4751 0.0000 0.6527
vt 0.8012 0.8024
vn 0.7340 -0.3494 0.5824
v -2.3108 0.0000 0.5614
vt 0.8125 0.8024
vn 0.1072 -0.3494 0.9308
v -2.3061 0.1103 0.6023
vt 0.8125 0.8024
vn 0.1072 -0.3494 0.9308
v -2.4428 0.1103 0.6783
vt 0.8012 0.8024
vn 0.7340 -0.3494 0.5824
f 4116/4116/4116 4117/4117/4117 4118/4118/4118 4119/4119/4119
v -2.4353 0.0000 0.9976
vt 0.8012 0.8024
vn 0.5824 -0.3494 -0.7340
v -2.5266 0.0000 0.8334
vt 0.7966 0.8024
vn 0.9308 -0.3494 -0.1072
v -2.4858 0.1103 0.8287
vt 0.7966 0.8024
vn 0.9308 -0.3494 -0.1072
v -2.4098 0.1103 0.9654
vt 0.8012 0.8024
vn 0.5824 -0.3494 -0.7340
f 4120/4120/4120 4121/4121/4121 4122/4122/4122 4123/4123/4123
v -2.0904 0.0000 0.9579
vt 0.8238 0.8024
vn -0.7340 -0.3494 -0.5824
v -2.2546 0.0000 1.0492
vt 0.8125 0.8024
vn -0.1072 -0.3494 -0.9308
v -2.2593 0.1103 1.0084
vt 0.8125 0.8024
vn -0.1072 -0.3494 -0.9308
v -2.1226 0.1103 0.9324
vt 0.8238 0.8024
vn -0.7340 -0.3494 -0.5824
f 4124/4124/4124 4125/4125/4125 4126/4126/4126 4127/4127/4127
v -2.1301 0.0000 0.6130
vt 0.8238 0.8024
vn -0.5824 -0.3494 0.7340
v -2.0388 0.0000 0.7772
vt 0.8284 0.8024
vn -0.9308 -0.3494 0.1072
v -2.0797 0.1103 0.7819
vt 0.8284 0.8024
vn -0.9308 -0.3494 0.1072
v -2.1557 0.1103 0.6452
vt 0.8238 0.8024
vn -0.5824 -0.3494 0.7340
f 4128/4128/4128 4129/4129/4129 4130/4130/4130 4131/4131/4131
v -2.5266 0.0000 0.8334
vt 0.7966 0.8492
vn 0.9308 -0.3494 -0.1072
v -2.4751 0.0000 0.6527
vt 0.8012 0.8492
vn 0.7340 -0.3494 0.5824
v -2.4428 0.1103 0.6783
vt 0.8012 0.8492
vn 0.7340 -0.3494 0.5824
v -2.4858 0.1103 0.8287
vt 0.7966 0.8492
vn 0.9308 -0.3494 -0.1072
f 4132/4132/4132 4133/4133/4133 4134/4134/4134 4135/4135/4135
v -2.2546 0.0000 1.0492
vt 0.8125 0.8492
vn -0.1072 -0.3494 -0.9308
v -2.4353 0.0000 0.9976
vt 0.8012 0.8492
vn 0.5824 -0.3494 -0.7340
v -2.4098 0.1103 0.9654
vt 0.8012 0.8492
vn 0.5824 -0.3494 -0.7340
v -2.2593 0.1103 1.0084
vt 0.8125 0.8492
vn -0.1072 -0.3494 -0.9308
f 4136/4136/4136 4137/4137/4137 4138/4138/4138 4139/4139/4139
v -2.0388 0.0000 0.7772
vt 0.8284 0.8492
vn -0.9308 -0.3494 0.1072
v -2.0904 0.0000 0.9579
vt 0.8238 0.8492
vn -0.7340 -0.3494 -0.5824
v -2.1226 0.1103 0.9324
vt 0.8238 0.8492
vn -0.7340 -0.3494 -0.5824
v -2.0797 0.1103 0.7819
vt 0.8284 0.8492
vn -0.9308 -0.3494 0.1072
f 4140/4140/4140 4141/4141/4141 4142/4142/4142 4143/4143/4143
v -2.2827 0.1103 0.8053
vt 0.7969 0.8865
vn -0.0000 -1.0000 0.0000
v -2.3061 0.1103 0.6023
vt 0.7969 0.8865
vn -0.0000 -1.0000 0.0000
v -2.1557 0.1103 0.6452
vt 0.8081 0.8865
vn -0.0000 -1.0000 0.0000
f 4144/4144/4144 4145/4145/4145 4146/4146/4146
v -2.2827 0.1103 0.8053
vt 0.8045 0.8865
vn -0.0000 -1.0000 0.0000
v -2.1557 0.1103 0.6452
vt 0.8081 0.8865
vn -0.0000 -1.0000 0.0000
v -2.0797 0.1103 0.7819
vt 0.8128 0.8865
vn -0.0000 -1.0000 0.0000
f 4147/4147/4147 4148/4148/4148 4149/4149/4149
v -2.2827 0.1103 0.8053
vt 0.8076 0.8865
vn -0.0000 -1.0000 0.0000
v -2.0797 0.1103 0.7819
vt 0.8128 0.8865
vn -0.0000 -1.0000 0.0000
v -2.1226 0.1103 0.9324
vt 0.8081 0.8865
vn -0.0000 -1.0000 0.0000
f 4150/4150/4150 4151/4151/4151 4152/4152/4152
v -2.2827 0.1103 0.8053
vt 0.8045 0.8865
vn -0.0000 -1.0000 0.0000
v -2.1226 0.1103 0.9324
vt 0.8081 0.8865
vn -0.0000 -1.0000 0.0000
v -2.2593 0.1103 1.0084
vt 0.7969 0.8865
vn -0.0000 -1.0000 0.0000
f 4153/4153/4153 4154/4154/4154 4155/4155/4155
v -2.2827 0.1103 0.8053
vt 0.7969 0.8865
vn -0.0000 -1.0000 0.0000
v -2.2593 0.1103 1.0084
vt 0.7969 0.8865
vn -0.0000 -1.0000 0.0000
v -2.4098 0.1103 0.9654
vt 0.7856 0.8865
vn -0.0000 -1.0000 0.0000
f 4156/4156/4156 4157/4157/4157 4158/4158/4158
v -2.2827 0.1103 0.8053
vt 0.7893 0.8865
vn -0.0000 -1.0000 0.0000
v -2.4098 0.1103 0.9654
vt 0.7856 0.8865
vn -0.0000 -1.0000 0.0000
v -2.4858 0.1103 0.8287
vt 0.7809 0.8865
vn -0.0000 -1.0000 0.0000
f 4159/4159/4159 4160/4160/4160 4161/4161/4161
v -2.2827 0.1103 0.8053
vt 0.7861 0.8865
vn -0.0000 -1.0000 0.0000
v -2.4858 0.1103 0.8287
vt 0.7809 0.8865
vn -0.0000 -1.0000 0.0000
v -2.4428 0.1103 0.6783
vt 0.7856 0.8865
vn -0.0000 -1.0000 0.0000
f 4162/4162/4162 4163/4163/4163 4164/4164/4164
v -2.2827 0.1103 0.8053
vt 0.7893 0.8865
vn -0.0000 -1.0000 0.0000
v -2.4428 0.1103 0.6783
vt 0.7856 0.8865
vn -0.0000 -1.0000 0.0000
v -2.3061 0.1103 0.6023
vt 0.7969 0.8865
vn -0.0000 -1.0000 0.0000
f 4165/4165/4165 4166/4166/4166 4167/4167/4167
v -2.3243 0.0000 0.4441
vt 0.8125 0.8492
vn -0.1021 -0.4523 -0.8860
v -2.3336 0.1595 0.3638
vt 0.8125 0.8595
vn -0.1021 -0.4523 -0.8860
v -2.0065 0.1595 0.4572
vt 0.8300 0.8595
vn 0.5543 -0.4523 -0.6987
v -2.0568 0.0000 0.5205
vt 0.8292 0.8492
vn 0.5543 -0.4523 -0.6987
f 4168/4168/4168 4169/4169/4169 4170/4170/4170 4171/4171/4171
v -2.7243 0.9430 0.8562
vt 0.7878 0.9098
vn -0.8860 0.4522 0.1021
v -2.6439 1.1025 0.8469
vt 0.7889 0.9200
vn -0.8860 0.4522 0.1021
v -2.5675 1.1025 0.5794
vt 0.7958 0.9200
vn -0.6987 0.4522 -0.5543
v -2.6309 0.9430 0.5291
vt 0.7950 0.9098
vn -0.6987 0.4522 -0.5543
f 4172/4172/4172 4173/4173/4173 4174/4174/4174 4175/4175/4175
v -2.6439 0.0000 0.8469
vt 0.7889 0.8492
vn -0.8860 -0.4523 0.1021
v -2.7242 0.1595 0.8562
vt 0.7878 0.8595
vn -0.8860 -0.4523 0.1021
v -2.6309 0.1595 0.5291
vt 0.7950 0.8595
vn -0.6987 -0.4523 -0.5543
v -2.5675 0.0000 0.5794
vt 0.7958 0.8492
vn -0.6987 -0.4523 -0.5543
f 4176/4176/4176 4177/4177/4177 4178/4178/4178 4179/4179/4179
v -2.5590 0.9430 1.1535
vt 0.7950 0.8629
vn -0.5543 0.4522 0.6987
v -2.5087 1.1025 1.0901
vt 0.7958 0.8731
vn -0.5543 0.4522 0.6987
v -2.6439 1.1025 0.8469
vt 0.7889 0.8731
vn -0.8860 0.4522 0.1021
v -2.7243 0.9430 0.8562
vt 0.7878 0.8629
vn -0.8860 0.4522 0.1021
f 4180/4180/4180 4181/4181/4181 4182/4182/4182 4183/4183/4183
v -2.5087 0.0000 1.0901
vt 0.7958 0.8024
vn -0.5543 -0.4523 0.6987
v -2.5590 0.1595 1.1535
vt 0.7950 0.8126
vn -0.5543 -0.4523 0.6987
v -2.7242 0.1595 0.8562
vt 0.7878 0.8126
vn -0.8860 -0.4523 0.1021
v -2.6439 0.0000 0.8469
vt 0.7889 0.8024
vn -0.8860 -0.4523 0.1021
f 4184/4184/4184 4185/4185/4185 4186/4186/4186 4187/4187/4187
v -2.2319 0.9430 1.2469
vt 0.8125 0.9098
vn 0.1021 0.4522 0.8860
v -2.2411 1.1025 1.1665
vt 0.8125 0.9200
vn 0.1021 0.4522 0.8860
v -2.5087 1.1025 1.0901
vt 0.7958 0.9200
vn -0.5543 0.4522 0.6987
v -2.5590 0.9430 1.1535
vt 0.7950 0.9098
vn -0.5543 0.4522 0.6987
f 4188/4188/4188 4189/4189/4189 4190/4190/4190 4191/4191/4191
v -2.2411 0.0000 1.1665
vt 0.8125 0.8492
vn 0.1021 -0.4523 0.8860
v -2.2319 0.1595 1.2468
vt 0.8125 0.8595
vn 0.1021 -0.4523 0.8860
v -2.5590 0.1595 1.1535
vt 0.7950 0.8595
vn -0.5543 -0.4523 0.6987
v -2.5087 0.0000 1.0901
vt 0.7958 0.8492
vn -0.5543 -0.4523 0.6987
f 4192/4192/4192 4193/4193/4193 4194/4194/4194 4195/4195/4195
v -1.9346 0.9430 1.0816
vt 0.8300 0.8629
vn 0.6987 0.4522 0.5543
v -1.9979 1.1025 1.0313
vt 0.8292 0.8731
vn 0.6987 0.4522 0.5543
v -2.2411 1.1025 1.1665
vt 0.8125 0.8731
vn 0.1021 0.4522 0.8860
v -2.2319 0.9430 1.2469
vt 0.8125 0.8629
vn 0.1021 0.4522 0.8860
f 4196/4196/4196 4197/4197/4197 4198/4198/4198 4199/4199/4199
v -1.9979 0.0000 1.0313
vt 0.8292 0.8024
vn 0.6987 -0.4523 0.5543
v -1.9346 0.1595 1.0816
vt 0.8300 0.8126
vn 0.6987 -0.4523 0.5543
v -2.2319 0.1595 1.2468
vt 0.8125 0.8126
vn 0.1021 -0.4523 0.8860
v -2.2411 0.0000 1.1665
vt 0.8125 0.8024
vn 0.1021 -0.4523 0.8860
f 4200/4200/4200 4201/4201/4201 4202/4202/4202 4203/4203/4203
v -1.8412 0.9430 0.7545
vt 0.8372 0.9098
vn 0.8860 0.4522 -0.1021
v -1.9216 1.1025 0.7637
vt 0.8361 0.9200
vn 0.8860 0.4522 -0.1021
v -1.9979 1.1025 1.0313
vt 0.8292 0.9200
vn 0.6987 0.4522 0.5543
v -1.9346 0.9430 1.0816
vt 0.8300 0.9098
vn 0.6987 0.4522 0.5543
f 4204/4204/4204 4205/4205/4205 4206/4206/4206 4207/4207/4207
v -1.9216 0.0000 0.7637
vt 0.8361 0.8492
vn 0.8860 -0.4523 -0.1021
v -1.8412 0.1595 0.7545
vt 0.8372 0.8595
vn 0.8860 -0.4523 -0.1021
v -1.9346 0.1595 1.0816
vt 0.8300 0.8595
vn 0.6987 -0.4523 0.5543
v -1.9979 0.0000 1.0313
vt 0.8292 0.8492
vn 0.6987 -0.4523 0.5543
f 4208/4208/4208 4209/4209/4209 4210/4210/4210 4211/4211/4211
v -2.0065 0.9430 0.4571
vt 0.8300 0.8629
vn 0.5543 0.4522 -0.6987
v -2.0568 1.1025 0.5205
vt 0.8292 0.8731
vn 0.5543 0.4522 -0.6987
v -1.9216 1.1025 0.7637
vt 0.8361 0.8731
vn 0.8860 0.4522 -0.1021
v -1.8412 0.9430 0.7545
vt 0.8372 0.8629
vn 0.8860 0.4522 -0.1021
f 4212/4212/4212 4213/4213/4213 4214/4214/4214 4215/4215/4215
v -2.0568 0.0000 0.5205
vt 0.8292 0.8024
vn 0.5543 -0.4523 -0.6987
v -2.0065 0.1595 0.4572
vt 0.8300 0.8126
vn 0.5543 -0.4523 -0.6987
v -1.8412 0.1595 0.7545
vt 0.8372 0.8126
vn 0.8860 -0.4523 -0.1021
v -1.9216 0.0000 0.7637
vt 0.8361 0.8024
vn 0.8860 -0.4523 -0.1021
f 4216/4216/4216 4217/4217/4217 4218/4218/4218 4219/4219/4219
v -2.3336 0.9430 0.3638
vt 0.8125 0.9098
vn -0.1021 0.4522 -0.8860
v -2.3243 1.1025 0.4441
vt 0.8125 0.9200
vn -0.1021 0.4522 -0.8860
v -2.0568 1.1025 0.5205
vt 0.8292 0.9200
vn 0.5543 0.4522 -0.6987
v -2.0065 0.9430 0.4571
vt 0.8300 0.9098
vn 0.5543 0.4522 -0.6987
f 4220/4220/4220 4221/4221/4221 4222/4222/4222 4223/4223/4223
v -2.6724 0.7926 0.4961
vt 0.7941 0.9001
vn -0.7834 -0.0000 -0.6215
v -2.6724 0.3099 0.4961
vt 0.7941 0.8691
vn -0.7834 -0.0000 -0.6215
v -2.7769 0.3099 0.8622
vt 0.7868 0.8691
vn -0.9616 -0.0000 -0.2744
v -2.7769 0.7926 0.8622
vt 0.7868 0.9001
vn -0.9616 -0.0000 -0.2744
f 4224/4224/4224 4225/4225/4225 4226/4226/4226 4227/4227/4227
v -1.9346 0.9430 1.0816
vt 0.3144 0.9470
vn 0.1730 0.9753 0.1372
v -2.2319 0.9430 1.2469
vt 0.2969 0.9470
vn 0.0253 0.9753 0.2193
v -2.2245 0.9283 1.3110
vt 0.2969 0.9470
vn 0.0253 0.9753 0.2193
v -1.8839 0.9283 1.1217
vt 0.3144 0.9470
vn 0.1730 0.9753 0.1372
f 4228/4228/4228 4229/4229/4229 4230/4230/4230 4231/4231/4231
v -1.7886 0.7926 0.7484
vt 0.3225 0.8749
vn 0.5338 -0.8434 -0.0615
v -1.9735 0.7926 0.4156
vt 0.3153 0.8749
vn 0.3340 -0.8434 -0.4209
v -1.9540 0.8126 0.3910
vt 0.3153 0.8749
vn 0.3339 -0.8434 -0.4209
v -1.7573 0.8126 0.7448
vt 0.3225 0.8749
vn 0.5338 -0.8434 -0.0615
f 4232/4232/4232 4233/4233/4233 4234/4234/4234 4235/4235/4235
v -2.7769 0.3099 0.8622
vt 0.2712 0.9533
vn -0.5336 0.8435 0.0615
v -2.6724 0.3099 0.4961
vt 0.2785 0.9533
vn -0.4208 0.8435 -0.3339
v -2.6970 0.2898 0.4766
vt 0.2785 0.9533
vn -0.4208 0.8435 -0.3339
v -2.8081 0.2898 0.8658
vt 0.2712 0.9533
vn -0.5336 0.8435 0.0615
f 4236/4236/4236 4237/4237/4237 4238/4238/4238 4239/4239/4239
v -2.0065 0.9430 0.4571
vt 0.3144 0.9470
vn 0.1372 0.9753 -0.1730
v -1.8412 0.9430 0.7545
vt 0.3216 0.9470
vn 0.2194 0.9753 -0.0253
v -1.7770 0.9283 0.7471
vt 0.3216 0.9470
vn 0.2194 0.9753 -0.0253
v -1.9663 0.9283 0.4065
vt 0.3144 0.9470
vn 0.1372 0.9753 -0.1730
f 4240/4240/4240 4241/4241/4241 4242/4242/4242 4243/4243/4243
v -2.2258 0.3099 1.2995
vt 0.2965 0.9533
vn 0.0615 0.8434 0.5337
v -2.5919 0.3099 1.1950
vt 0.2790 0.9533
vn -0.3339 0.8435 0.4208
v -2.6114 0.2898 1.2196
vt 0.2790 0.9533
vn -0.3339 0.8435 0.4208
v -2.2222 0.2898 1.3307
vt 0.2965 0.9533
vn 0.0615 0.8434 0.5337
f 4244/4244/4244 4245/4245/4245 4246/4246/4246 4247/4247/4247
v -2.6309 0.1595 0.5291
vt 0.2794 0.8811
vn -0.1730 -0.9753 -0.1372
v -2.7242 0.1595 0.8562
vt 0.2721 0.8811
vn -0.2193 -0.9753 0.0253
v -2.7884 0.1741 0.8636
vt 0.2721 0.8811
vn -0.2193 -0.9753 0.0253
v -2.6815 0.1741 0.4889
vt 0.2794 0.8811
vn -0.1730 -0.9753 -0.1372
f 4248/4248/4248 4249/4249/4249 4250/4250/4250 4251/4251/4251
v -1.7886 0.3099 0.7484
vt 0.3225 0.9533
vn 0.5338 0.8434 -0.0615
v -1.8930 0.3099 1.1145
vt 0.3153 0.9533
vn 0.4209 0.8434 0.3339
v -1.8684 0.2898 1.1340
vt 0.3153 0.9533
vn 0.4209 0.8434 0.3339
v -1.7573 0.2898 0.7448
vt 0.3225 0.9533
vn 0.5338 0.8434 -0.0615
f 4252/4252/4252 4253/4253/4253 4254/4254/4254 4255/4255/4255
v -2.6724 0.7926 0.4961
vt 0.2785 0.8749
vn -0.4208 -0.8435 -0.3339
v -2.7769 0.7926 0.8622
vt 0.2712 0.8749
vn -0.5336 -0.8435 0.0615
v -2.8081 0.8126 0.8658
vt 0.2712 0.8749
vn -0.5336 -0.8435 0.0615
v -2.6970 0.8126 0.4766
vt 0.2785 0.8749
vn -0.4208 -0.8435 -0.3339
f 4256/4256/4256 4257/4257/4257 4258/4258/4258 4259/4259/4259
v -2.5590 0.1595 1.1535
vt 0.2794 0.8811
vn -0.1372 -0.9753 0.1730
v -2.2319 0.1595 1.2468
vt 0.2969 0.8811
vn 0.0253 -0.9753 0.2193
v -2.2245 0.1741 1.3110
vt 0.2969 0.8811
vn 0.0253 -0.9753 0.2193
v -2.5991 0.1741 1.2041
vt 0.2794 0.8811
vn -0.1372 -0.9753 0.1730
f 4260/4260/4260 4261/4261/4261 4262/4262/4262 4263/4263/4263
v -2.7243 0.9430 0.8562
vt 0.2721 0.9470
vn -0.2193 0.9753 0.0253
v -2.6309 0.9430 0.5291
vt 0.2794 0.9470
vn -0.1729 0.9753 -0.1372
v -2.6815 0.9283 0.4889
vt 0.2794 0.9470
vn -0.1730 0.9753 -0.1372
v -2.7885 0.9283 0.8636
vt 0.2721 0.9470
vn -0.2193 0.9753 0.0253
f 4264/4264/4264 4265/4265/4265 4266/4266/4266 4267/4267/4267
v -2.5919 0.7926 1.1950
vt 0.2790 0.8749
vn -0.3339 -0.8435 0.4208
v -2.2258 0.7926 1.2995
vt 0.2965 0.8749
vn 0.0615 -0.8434 0.5337
v -2.2222 0.8126 1.3307
vt 0.2965 0.8749
vn 0.0615 -0.8434 0.5337
v -2.6114 0.8126 1.2196
vt 0.2790 0.8749
vn -0.3339 -0.8435 0.4208
f 4268/4268/4268 4269/4269/4269 4270/4270/4270 4271/4271/4271
v -1.9346 0.1595 1.0816
vt 0.3144 0.8811
vn 0.1730 -0.9753 0.1372
v -1.8412 0.1595 0.7545
vt 0.3216 0.8811
vn 0.2194 -0.9753 -0.0253
v -1.7770 0.1741 0.7471
vt 0.3216 0.8811
vn 0.2194 -0.9753 -0.0253
v -1.8839 0.1741 1.1217
vt 0.3144 0.8811
vn 0.1730 -0.9753 0.1372
f 4272/4272/4272 4273/4273/4273 4274/4274/4274 4275/4275/4275
v -2.2319 0.9430 1.2469
vt 0.2969 0.9470
vn 0.0253 0.9753 0.2193
v -2.5590 0.9430 1.1535
vt 0.2794 0.9470
vn -0.1372 0.9753 0.1730
v -2.5991 0.9283 1.2041
vt 0.2794 0.9470
vn -0.1372 0.9753 0.1729
v -2.2245 0.9283 1.3110
vt 0.2969 0.9470
vn 0.0253 0.9753 0.2193
f 4276/4276/4276 4277/4277/4277 4278/4278/4278 4279/4279/4279
v -1.8930 0.7926 1.1145
vt 0.3153 0.8749
vn 0.4209 -0.8434 0.3339
v -1.7886 0.7926 0.7484
vt 0.3225 0.8749
vn 0.5338 -0.8434 -0.0615
v -1.7573 0.8126 0.7448
vt 0.3225 0.8749
vn 0.5338 -0.8434 -0.0615
v -1.8684 0.8126 1.1340
vt 0.3153 0.8749
vn 0.4209 -0.8434 0.3339
f 4280/4280/4280 4281/4281/4281 4282/4282/4282 4283/4283/4283
v -2.6724 0.3099 0.4961
vt 0.2790 0.9533
vn -0.4208 0.8435 -0.3339
v -2.3397 0.3099 0.3112
vt 0.2965 0.9533
vn -0.0615 0.8434 -0.5337
v -2.3433 0.2898 0.2799
vt 0.2965 0.9533
vn -0.0615 0.8434 -0.5337
v -2.6970 0.2898 0.4766
vt 0.2790 0.9533
vn -0.4208 0.8435 -0.3339
f 4284/4284/4284 4285/4285/4285 4286/4286/4286 4287/4287/4287
v -2.3397 0.3099 0.3112
vt 0.2972 0.9533
vn -0.0615 0.8434 -0.5337
v -1.9736 0.3099 0.4156
vt 0.3148 0.9533
vn 0.3340 0.8434 -0.4209
v -1.9540 0.2898 0.3910
vt 0.3148 0.9533
vn 0.3339 0.8434 -0.4209
v -2.3433 0.2898 0.2799
vt 0.2972 0.9533
vn -0.0615 0.8434 -0.5337
f 4288/4288/4288 4289/4289/4289 4290/4290/4290 4291/4291/4291
v -2.3410 0.1741 0.2996
vt 0.2969 0.9123
vn -0.1128 -0.1688 -0.9792
v -2.6815 0.1741 0.4889
vt 0.2794 0.9123
vn -0.7721 -0.1688 -0.6126
v -2.6970 0.2898 0.4766
vt 0.2790 0.9220
vn -0.7721 -0.1688 -0.6126
v -2.3433 0.2898 0.2799
vt 0.2965 0.9220
vn -0.1128 -0.1688 -0.9792
f 4292/4292/4292 4293/4293/4293 4294/4294/4294 4295/4295/4295
v -2.7885 0.9283 0.8636
vt 0.2721 0.9158
vn -0.9792 0.1687 0.1128
v -2.6815 0.9283 0.4889
vt 0.2794 0.9158
vn -0.7722 0.1687 -0.6126
v -2.6970 0.8126 0.4766
vt 0.2785 0.9061
vn -0.7722 0.1687 -0.6126
v -2.8081 0.8126 0.8658
vt 0.2712 0.9061
vn -0.9792 0.1687 0.1128
f 4296/4296/4296 4297/4297/4297 4298/4298/4298 4299/4299/4299
v -2.6815 0.1741 0.4889
vt 0.2794 0.9123
vn -0.7721 -0.1688 -0.6126
v -2.7884 0.1741 0.8636
vt 0.2721 0.9123
vn -0.9792 -0.1688 0.1128
v -2.8081 0.2898 0.8658
vt 0.2712 0.9220
vn -0.9792 -0.1688 0.1128
v -2.6970 0.2898 0.4766
vt 0.2785 0.9220
vn -0.7721 -0.1688 -0.6126
f 4300/4300/4300 4301/4301/4301 4302/4302/4302 4303/4303/4303
v -2.5991 0.9283 1.2041
vt 0.2794 0.9158
vn -0.6126 0.1687 0.7722
v -2.7885 0.9283 0.8636
vt 0.2721 0.9158
vn -0.9792 0.1687 0.1128
v -2.8081 0.8126 0.8658
vt 0.2712 0.9061
vn -0.9792 0.1687 0.1128
v -2.6114 0.8126 1.2196
vt 0.2785 0.9061
vn -0.6126 0.1687 0.7722
f 4304/4304/4304 4305/4305/4305 4306/4306/4306 4307/4307/4307
v -2.7884 0.1741 0.8636
vt 0.2721 0.9123
vn -0.9792 -0.1688 0.1128
v -2.5991 0.1741 1.2041
vt 0.2794 0.9123
vn -0.6126 -0.1688 0.7721
v -2.6114 0.2898 1.2196
vt 0.2785 0.9220
vn -0.6126 -0.1688 0.7721
v -2.8081 0.2898 0.8658
vt 0.2712 0.9220
vn -0.9792 -0.1688 0.1128
f 4308/4308/4308 4309/4309/4309 4310/4310/4310 4311/4311/4311
v -2.2245 0.9283 1.3110
vt 0.2969 0.9158
vn 0.1128 0.1687 0.9792
v -2.5991 0.9283 1.2041
vt 0.2794 0.9158
vn -0.6126 0.1687 0.7722
v -2.6114 0.8126 1.2196
vt 0.2790 0.9061
vn -0.6126 0.1687 0.7722
v -2.2222 0.8126 1.3307
vt 0.2965 0.9061
vn 0.1128 0.1687 0.9792
f 4312/4312/4312 4313/4313/4313 4314/4314/4314 4315/4315/4315
v -2.5991 0.1741 1.2041
vt 0.2794 0.9123
vn -0.6126 -0.1688 0.7721
v -2.2245 0.1741 1.3110
vt 0.2969 0.9123
vn 0.1128 -0.1688 0.9792
v -2.2222 0.2898 1.3307
vt 0.2965 0.9220
vn 0.1128 -0.1688 0.9792
v -2.6114 0.2898 1.2196
vt 0.2790 0.9220
vn -0.6126 -0.1688 0.7721
f 4316/4316/4316 4317/4317/4317 4318/4318/4318 4319/4319/4319
v -1.8839 0.9283 1.1217
vt 0.3144 0.9158
vn 0.7722 0.1687 0.6126
v -2.2245 0.9283 1.3110
vt 0.2969 0.9158
vn 0.1128 0.1687 0.9792
v -2.2222 0.8126 1.3307
vt 0.2972 0.9061
vn 0.1128 0.1687 0.9792
v -1.8684 0.8126 1.1340
vt 0.3148 0.9061
vn 0.7722 0.1687 0.6126
f 4320/4320/4320 4321/4321/4321 4322/4322/4322 4323/4323/4323
v -2.2245 0.1741 1.3110
vt 0.2969 0.9123
vn 0.1128 -0.1688 0.9792
v -1.8839 0.1741 1.1217
vt 0.3144 0.9123
vn 0.7721 -0.1688 0.6126
v -1.8684 0.2898 1.1340
vt 0.3148 0.9220
vn 0.7721 -0.1688 0.6126
v -2.2222 0.2898 1.3307
vt 0.2972 0.9220
vn 0.1128 -0.1688 0.9792
f 4324/4324/4324 4325/4325/4325 4326/4326/4326 4327/4327/4327
v -1.7770 0.9283 0.7471
vt 0.3216 0.9158
vn 0.9792 0.1687 -0.1128
v -1.8839 0.9283 1.1217
vt 0.3144 0.9158
vn 0.7722 0.1687 0.6126
v -1.8684 0.8126 1.1340
vt 0.3153 0.9061
vn 0.7722 0.1687 0.6126
v -1.7573 0.8126 0.7448
vt 0.3225 0.9061
vn 0.9792 0.1687 -0.1128
f 4328/4328/4328 4329/4329/4329 4330/4330/4330 4331/4331/4331
v -1.8839 0.1741 1.1217
vt 0.3144 0.9123
vn 0.7721 -0.1688 0.6126
v -1.7770 0.1741 0.7471
vt 0.3216 0.9123
vn 0.9792 -0.1688 -0.1128
v -1.7573 0.2898 0.7448
vt 0.3225 0.9220
vn 0.9792 -0.1688 -0.1128
v -1.8684 0.2898 1.1340
vt 0.3153 0.9220
vn 0.7721 -0.1688 0.6126
f 4332/4332/4332 4333/4333/4333 4334/4334/4334 4335/4335/4335
v -1.9663 0.9283 0.4065
vt 0.3144 0.9158
vn 0.6126 0.1687 -0.7722
v -1.7770 0.9283 0.7471
vt 0.3216 0.9158
vn 0.9792 0.1687 -0.1128
v -1.7573 0.8126 0.7448
vt 0.3225 0.9061
vn 0.9792 0.1687 -0.1128
v -1.9540 0.8126 0.3910
vt 0.3153 0.9061
vn 0.6126 0.1687 -0.7722
f 4336/4336/4336 4337/4337/4337 4338/4338/4338 4339/4339/4339
v -1.7770 0.1741 0.7471
vt 0.3216 0.9123
vn 0.9792 -0.1688 -0.1128
v -1.9663 0.1741 0.4065
vt 0.3144 0.9123
vn 0.6126 -0.1688 -0.7721
v -1.9540 0.2898 0.3910
vt 0.3153 0.9220
vn 0.6126 -0.1688 -0.7721
v -1.7573 0.2898 0.7448
vt 0.3225 0.9220
vn 0.9792 -0.1688 -0.1128
f 4340/4340/4340 4341/4341/4341 4342/4342/4342 4343/4343/4343
v -2.3410 0.9283 0.2996
vt 0.2969 0.9158
vn -0.1128 0.1687 -0.9792
v -1.9663 0.9283 0.4065
vt 0.3144 0.9158
vn 0.6126 0.1687 -0.7722
v -1.9540 0.8126 0.3910
vt 0.3148 0.9061
vn 0.6126 0.1687 -0.7722
v -2.3433 0.8126 0.2799
vt 0.2972 0.9061
vn -0.1128 0.1687 -0.9792
f 4344/4344/4344 4345/4345/4345 4346/4346/4346 4347/4347/4347
v -1.9663 0.1741 0.4065
vt 0.3144 0.9123
vn 0.6126 -0.1688 -0.7721
v -2.3410 0.1741 0.2996
vt 0.2969 0.9123
vn -0.1128 -0.1688 -0.9792
v -2.3433 0.2898 0.2799
vt 0.2972 0.9220
vn -0.1128 -0.1688 -0.9792
v -1.9540 0.2898 0.3910
vt 0.3148 0.9220
vn 0.6126 -0.1688 -0.7721
f 4348/4348/4348 4349/4349/4349 4350/4350/4350 4351/4351/4351
v -1.8412 0.1595 0.7545
vt 0.3216 0.8811
vn 0.2194 -0.9753 -0.0253
v -2.0065 0.1595 0.4572
vt 0.3144 0.8811
vn 0.1372 -0.9753 -0.1730
v -1.9663 0.1741 0.4065
vt 0.3144 0.8811
vn 0.1372 -0.9753 -0.1730
v -1.7770 0.1741 0.7471
vt 0.3216 0.8811
vn 0.2194 -0.9753 -0.0253
f 4352/4352/4352 4353/4353/4353 4354/4354/4354 4355/4355/4355
v -2.6309 0.9430 0.5291
vt 0.2794 0.9470
vn -0.1729 0.9753 -0.1372
v -2.3336 0.9430 0.3638
vt 0.2969 0.9470
vn -0.0253 0.9753 -0.2193
v -2.3410 0.9283 0.2996
vt 0.2969 0.9470
vn -0.0253 0.9753 -0.2193
v -2.6815 0.9283 0.4889
vt 0.2794 0.9470
vn -0.1730 0.9753 -0.1372
f 4356/4356/4356 4357/4357/4357 4358/4358/4358 4359/4359/4359
v -2.2258 0.7926 1.2995
vt 0.2972 0.8749
vn 0.0615 -0.8434 0.5337
v -1.8930 0.7926 1.1145
vt 0.3148 0.8749
vn 0.4209 -0.8434 0.3339
v -1.8684 0.8126 1.1340
vt 0.3148 0.8749
vn 0.4209 -0.8434 0.3339
v -2.2222 0.8126 1.3307
vt 0.2972 0.8749
vn 0.0615 -0.8434 0.5337
f 4360/4360/4360 4361/4361/4361 4362/4362/4362 4363/4363/4363
v -2.5590 0.9430 1.1535
vt 0.2794 0.9470
vn -0.1372 0.9753 0.1730
v -2.7243 0.9430 0.8562
vt 0.2721 0.9470
vn -0.2193 0.9753 0.0253
v -2.7885 0.9283 0.8636
vt 0.2721 0.9470
vn -0.2193 0.9753 0.0253
v -2.5991 0.9283 1.2041
vt 0.2794 0.9470
vn -0.1372 0.9753 0.1729
f 4364/4364/4364 4365/4365/4365 4366/4366/4366 4367/4367/4367
v -2.2319 0.1595 1.2468
vt 0.2969 0.8811
vn 0.0253 -0.9753 0.2193
v -1.9346 0.1595 1.0816
vt 0.3144 0.8811
vn 0.1730 -0.9753 0.1372
v -1.8839 0.1741 1.1217
vt 0.3144 0.8811
vn 0.1730 -0.9753 0.1372
v -2.2245 0.1741 1.3110
vt 0.2969 0.8811
vn 0.0253 -0.9753 0.2193
f 4368/4368/4368 4369/4369/4369 4370/4370/4370 4371/4371/4371
v -2.7769 0.7926 0.8622
vt 0.2712 0.8749
vn -0.5336 -0.8435 0.0615
v -2.5919 0.7926 1.1950
vt 0.2785 0.8749
vn -0.3339 -0.8435 0.4208
v -2.6114 0.8126 1.2196
vt 0.2785 0.8749
vn -0.3339 -0.8435 0.4208
v -2.8081 0.8126 0.8658
vt 0.2712 0.8749
vn -0.5336 -0.8435 0.0615
f 4372/4372/4372 4373/4373/4373 4374/4374/4374 4375/4375/4375
v -1.9736 0.3099 0.4156
vt 0.3153 0.9533
vn 0.3340 0.8434 -0.4209
v -1.7886 0.3099 0.7484
vt 0.3225 0.9533
vn 0.5338 0.8434 -0.0615
v -1.7573 0.2898 0.7448
vt 0.3225 0.9533
vn 0.5338 0.8434 -0.0615
v -1.9540 0.2898 0.3910
vt 0.3153 0.9533
vn 0.3339 0.8434 -0.4209
f 4376/4376/4376 4377/4377/4377 4378/4378/4378 4379/4379/4379
v -2.3397 0.7926 0.3111
vt 0.2965 0.8749
vn -0.0615 -0.8434 -0.5337
v -2.6724 0.7926 0.4961
vt 0.2790 0.8749
vn -0.4208 -0.8435 -0.3339
v -2.6970 0.8126 0.4766
vt 0.2790 0.8749
vn -0.4208 -0.8435 -0.3339
v -2.3433 0.8126 0.2799
vt 0.2965 0.8749
vn -0.0615 -0.8434 -0.5337
f 4380/4380/4380 4381/4381/4381 4382/4382/4382 4383/4383/4383
v -2.7242 0.1595 0.8562
vt 0.2721 0.8811
vn -0.2193 -0.9753 0.0253
v -2.5590 0.1595 1.1535
vt 0.2794 0.8811
vn -0.1372 -0.9753 0.1730
v -2.5991 0.1741 1.2041
vt 0.2794 0.8811
vn -0.1372 -0.9753 0.1730
v -2.7884 0.1741 0.8636
vt 0.2721 0.8811
vn -0.2193 -0.9753 0.0253
f 4384/4384/4384 4385/4385/4385 4386/4386/4386 4387/4387/4387
v -2.3336 0.9430 0.3638
vt 0.2969 0.9470
vn -0.0253 0.9753 -0.2193
v -2.0065 0.9430 0.4571
vt 0.3144 0.9470
vn 0.1372 0.9753 -0.1730
v -1.9663 0.9283 0.4065
vt 0.3144 0.9470
vn 0.1372 0.9753 -0.1730
v -2.3410 0.9283 0.2996
vt 0.2969 0.9470
vn -0.0253 0.9753 -0.2193
f 4388/4388/4388 4389/4389/4389 4390/4390/4390 4391/4391/4391
v -1.8930 0.3099 1.1145
vt 0.3148 0.9533
vn 0.4209 0.8434 0.3339
v -2.2258 0.3099 1.2995
vt 0.2972 0.9533
vn 0.0615 0.8434 0.5337
v -2.2222 0.2898 1.3307
vt 0.2972 0.9533
vn 0.0615 0.8434 0.5337
v -1.8684 0.2898 1.1340
vt 0.3148 0.9533
vn 0.4209 0.8434 0.3339
f 4392/4392/4392 4393/4393/4393 4394/4394/4394 4395/4395/4395
v -1.9735 0.7926 0.4156
vt 0.3148 0.8749
vn 0.3340 -0.8434 -0.4209
v -2.3397 0.7926 0.3111
vt 0.2972 0.8749
vn -0.0615 -0.8434 -0.5337
v -2.3433 0.8126 0.2799
vt 0.2972 0.8749
vn -0.0615 -0.8434 -0.5337
v -1.9540 0.8126 0.3910
vt 0.3148 0.8749
vn 0.3339 -0.8434 -0.4209
f 4396/4396/4396 4397/4397/4397 4398/4398/4398 4399/4399/4399
v -2.3336 0.1595 0.3638
vt 0.2969 0.8811
vn -0.0253 -0.9753 -0.2193
v -2.6309 0.1595 0.5291
vt 0.2794 0.8811
vn -0.1730 -0.9753 -0.1372
v -2.6815 0.1741 0.4889
vt 0.2794 0.8811
vn -0.1730 -0.9753 -0.1372
v -2.3410 0.1741 0.2996
vt 0.2969 0.8811
vn -0.0253 -0.9753 -0.2193
f 4400/4400/4400 4401/4401/4401 4402/4402/4402 4403/4403/4403
v -2.5919 0.3099 1.1950
vt 0.2785 0.9533
vn -0.3339 0.8435 0.4208
v -2.7769 0.3099 0.8622
vt 0.2712 0.9533
vn -0.5336 0.8435 0.0615
v -2.8081 0.2898 0.8658
vt 0.2712 0.9533
vn -0.5336 0.8435 0.0615
v -2.6114 0.2898 1.2196
vt 0.2785 0.9533
vn -0.3339 0.8435 0.4208
f 4404/4404/4404 4405/4405/4405 4406/4406/4406 4407/4407/4407
v -2.0065 0.1595 0.4572
vt 0.3144 0.8811
vn 0.1372 -0.9753 -0.1730
v -2.3336 0.1595 0.3638
vt 0.2969 0.8811
vn -0.0253 -0.9753 -0.2193
v -2.3410 0.1741 0.2996
vt 0.2969 0.8811
vn -0.0253 -0.9753 -0.2193
v -1.9663 0.1741 0.4065
vt 0.3144 0.8811
vn 0.1372 -0.9753 -0.1730
f 4408/4408/4408 4409/4409/4409 4410/4410/4410 4411/4411/4411
v -1.8412 0.9430 0.7545
vt 0.3216 0.9470
vn 0.2194 0.9753 -0.0253
v -1.9346 0.9430 1.0816
vt 0.3144 0.9470
vn 0.1730 0.9753 0.1372
v -1.8839 0.9283 1.1217
vt 0.3144 0.9470
vn 0.1730 0.9753 0.1372
v -1.7770 0.9283 0.7471
vt 0.3216 0.9470
vn 0.2194 0.9753 -0.0253
f 4412/4412/4412 4413/4413/4413 4414/4414/4414 4415/4415/4415
v -2.1646 1.0948 0.7629
vt 0.6817 0.9813
vn 0.0000 1.0000 0.0000
v -2.2171 1.0948 0.7402
vt 0.6766 0.9813
vn 0.0000 1.0000 0.0000
v -2.2040 1.0948 0.8538
vt 0.6766 0.9813
vn 0.0000 1.0000 0.0000
v -2.1580 1.0948 0.8197
vt 0.6817 0.9813
vn 0.0000 1.0000 0.0000
f 4416/4416/4416 4417/4417/4417 4418/4418/4418 4419/4419/4419
v -2.6724 0.7926 0.4961
vt 0.7946 0.8532
vn -0.7834 -0.0000 -0.6215
v -2.3397 0.7926 0.3111
vt 0.8121 0.8532
vn -0.4859 -0.0000 -0.8740
v -2.3397 0.3099 0.3112
vt 0.8121 0.8223
vn -0.4859 -0.0000 -0.8740
v -2.6724 0.3099 0.4961
vt 0.7946 0.8223
vn -0.7834 -0.0000 -0.6215
f 4420/4420/4420 4421/4421/4421 4422/4422/4422 4423/4423/4423
v -0.6626 2.0609 -0.9392
vt 0.7984 0.8155
vn -0.9502 -0.0000 0.3117
v -0.6626 2.3492 -0.9392
vt 0.7984 0.8452
vn -0.9502 -0.0000 0.3117
v -0.6825 2.3290 -0.9998
vt 0.7971 0.8431
vn -0.9502 -0.0000 0.3117
v -0.6825 2.0811 -0.9998
vt 0.7971 0.8175
vn -0.9502 -0.0000 0.3117
f 4424/4424/4424 4425/4425/4425 4426/4426/4426 4427/4427/4427
v -0.8049 2.4501 -1.3290
vt 0.7891 0.8868
vn -0.0046 0.3162 0.9487
v -0.8050 2.3895 -1.3088
vt 0.7891 0.8806
vn -0.0046 0.3162 0.9487
v -0.6810 2.3895 -1.3082
vt 0.7971 0.8806
vn -0.0046 0.3162 0.9487
v -0.6608 2.4501 -1.3283
vt 0.7984 0.8868
vn -0.0046 0.3162 0.9487
f 4428/4428/4428 4429/4429/4429 4430/4430/4430 4431/4431/4431
v -0.5599 2.0609 -1.3278
vt 0.8050 0.8155
vn 0.3117 -0.0000 0.9502
v -0.5599 2.3492 -1.3278
vt 0.8050 0.8452
vn 0.3117 -0.0000 0.9502
v -0.6205 2.3290 -1.3079
vt 0.8010 0.8431
vn 0.3117 -0.0000 0.9502
v -0.6205 2.0811 -1.3079
vt 0.8010 0.8175
vn 0.3117 -0.0000 0.9502
f 4432/4432/4432 4433/4433/4433 4434/4434/4434 4435/4435/4435
v -1.0506 2.3492 -1.1861
vt 0.7733 0.8452
vn -0.3162 -0.9487 -0.0015
v -0.9900 2.3290 -1.1858
vt 0.7772 0.8431
vn -0.3162 -0.9487 -0.0015
v -0.9906 2.3290 -1.0618
vt 0.7772 0.8431
vn -0.3162 -0.9487 -0.0015
v -1.0513 2.3492 -1.0420
vt 0.7733 0.8452
vn -0.3162 -0.9487 -0.0015
f 4436/4436/4436 4437/4437/4437 4438/4438/4438 4439/4439/4439
v -0.9485 2.0609 -1.4306
vt 0.7798 0.8155
vn 0.9502 0.0000 -0.3117
v -0.9485 2.3492 -1.4306
vt 0.7798 0.8452
vn 0.9502 0.0000 -0.3117
v -0.9286 2.3290 -1.3699
vt 0.7811 0.8431
vn 0.9502 0.0000 -0.3117
v -0.9286 2.0811 -1.3699
vt 0.7811 0.8175
vn 0.9502 0.0000 -0.3117
f 4440/4440/4440 4441/4441/4441 4442/4442/4442 4443/4443/4443
v -1.0513 2.0609 -1.0420
vt 0.7733 0.8155
vn -0.3117 0.0000 -0.9502
v -1.0513 2.3492 -1.0420
vt 0.7733 0.8452
vn -0.3117 0.0000 -0.9502
v -0.9906 2.3290 -1.0618
vt 0.7772 0.8431
vn -0.3117 0.0000 -0.9502
v -0.9906 2.0811 -1.0618
vt 0.7772 0.8175
vn -0.3117 0.0000 -0.9502
f 4444/4444/4444 4445/4445/4445 4446/4446/4446 4447/4447/4447
v -1.0518 1.9601 -0.9411
vt 0.7733 0.8363
vn -1.0000 0.0000 -0.0048
v -1.0518 2.4501 -0.9411
vt 0.7733 0.8868
vn -1.0000 0.0000 -0.0048
v -1.0513 2.3492 -1.0420
vt 0.7733 0.8764
vn -1.0000 0.0000 -0.0048
v -1.0513 2.0609 -1.0420
vt 0.7733 0.8467
vn -1.0000 0.0000 -0.0048
f 4448/4448/4448 4449/4449/4449 4450/4450/4450 4451/4451/4451
v -1.0494 2.4501 -1.4311
vt 0.7733 0.8868
vn -1.0000 0.0000 -0.0048
v -1.0499 2.3492 -1.3302
vt 0.7733 0.8764
vn -1.0000 0.0000 -0.0048
v -1.0506 2.3492 -1.1861
vt 0.7733 0.8764
vn -1.0000 0.0000 -0.0048
f 4452/4452/4452 4453/4453/4453 4454/4454/4454
v -1.0494 2.4501 -1.4311
vt 0.7733 0.8868
vn -1.0000 0.0000 -0.0048
v -1.0494 1.9601 -1.4311
vt 0.7733 0.8363
vn -1.0000 0.0000 -0.0048
v -1.0499 2.0609 -1.3302
vt 0.7733 0.8467
vn -1.0000 0.0000 -0.0048
v -1.0499 2.3492 -1.3302
vt 0.7733 0.8764
vn -1.0000 0.0000 -0.0048
f 4455/4455/4455 4456/4456/4456 4457/4457/4457 4458/4458/4458
v -1.0506 2.0609 -1.1861
vt 0.7733 0.8467
vn -1.0000 0.0000 -0.0048
v -1.0518 1.9601 -0.9411
vt 0.7733 0.8363
vn -1.0000 0.0000 -0.0048
v -1.0513 2.0609 -1.0420
vt 0.7733 0.8467
vn -1.0000 0.0000 -0.0048
f 4459/4459/4459 4460/4460/4460 4461/4461/4461
v -1.0494 1.9601 -1.4311
vt 0.7733 0.8363
vn 0.0048 0.0000 -1.0000
v -1.0494 2.4501 -1.4311
vt 0.7733 0.8868
vn 0.0048 0.0000 -1.0000
v -0.9485 2.3492 -1.4306
vt 0.7798 0.8764
vn 0.0048 0.0000 -1.0000
v -0.9485 2.0609 -1.4306
vt 0.7798 0.8467
vn 0.0048 0.0000 -1.0000
f 4462/4462/4462 4463/4463/4463 4464/4464/4464 4465/4465/4465
v -0.5594 2.4501 -1.4287
vt 0.8050 0.8868
vn 0.0048 0.0000 -1.0000
v -0.8044 2.3492 -1.4299
vt 0.7891 0.8764
vn 0.0048 0.0000 -1.0000
v -1.0494 2.4501 -1.4311
vt 0.7733 0.8868
vn 0.0048 0.0000 -1.0000
f 4466/4466/4466 4467/4467/4467 4468/4468/4468
v -0.5594 2.4501 -1.4287
vt 0.8050 0.8868
vn 0.0048 0.0000 -1.0000
v -0.5594 1.9601 -1.4287
vt 0.8050 0.8363
vn 0.0048 0.0000 -1.0000
v -0.6603 2.0609 -1.4292
vt 0.7984 0.8467
vn 0.0048 0.0000 -1.0000
v -0.6603 2.3492 -1.4292
vt 0.7984 0.8764
vn 0.0048 0.0000 -1.0000
f 4469/4469/4469 4470/4470/4470 4471/4471/4471 4472/4472/4472
v -1.0494 1.9601 -1.4311
vt 0.7733 0.8363
vn 0.0048 0.0000 -1.0000
v -0.9485 2.0609 -1.4306
vt 0.7798 0.8467
vn 0.0048 0.0000 -1.0000
v -0.8044 2.0609 -1.4299
vt 0.7891 0.8467
vn 0.0048 0.0000 -1.0000
f 4473/4473/4473 4474/4474/4474 4475/4475/4475
v -0.5594 1.9601 -1.4287
vt 0.8050 0.8363
vn 1.0000 -0.0000 0.0048
v -0.5594 2.4501 -1.4287
vt 0.8050 0.8868
vn 1.0000 -0.0000 0.0048
v -0.5599 2.3492 -1.3278
vt 0.8050 0.8764
vn 1.0000 -0.0000 0.0048
v -0.5599 2.0609 -1.3278
vt 0.8050 0.8467
vn 1.0000 -0.0000 0.0048
f 4476/4476/4476 4477/4477/4477 4478/4478/4478 4479/4479/4479
v -0.5618 2.4501 -0.9387
vt 0.8050 0.8868
vn 1.0000 -0.0000 0.0048
v -0.5613 2.3492 -1.0396
vt 0.8050 0.8764
vn 1.0000 -0.0000 0.0048
v -0.5606 2.3492 -1.1837
vt 0.8050 0.8764
vn 1.0000 -0.0000 0.0048
f 4480/4480/4480 4481/4481/4481 4482/4482/4482
v -0.5618 2.4501 -0.9387
vt 0.8050 0.8868
vn 1.0000 -0.0000 0.0048
v -0.5618 1.9601 -0.9387
vt 0.8050 0.8363
vn 1.0000 -0.0000 0.0048
v -0.5613 2.0609 -1.0396
vt 0.8050 0.8467
vn 1.0000 -0.0000 0.0048
v -0.5613 2.3492 -1.0396
vt 0.8050 0.8764
vn 1.0000 -0.0000 0.0048
f 4483/4483/4483 4484/4484/4484 4485/4485/4485 4486/4486/4486
v -0.5594 1.9601 -1.4287
vt 0.8050 0.8363
vn 1.0000 -0.0000 0.0048
v -0.5599 2.0609 -1.3278
vt 0.8050 0.8467
vn 1.0000 -0.0000 0.0048
v -0.5606 2.0609 -1.1837
vt 0.8050 0.8467
vn 1.0000 -0.0000 0.0048
f 4487/4487/4487 4488/4488/4488 4489/4489/4489
v -0.5618 1.9601 -0.9387
vt 0.8050 0.8363
vn -0.0048 -0.0000 1.0000
v -0.5618 2.4501 -0.9387
vt 0.8050 0.8868
vn -0.0048 -0.0000 1.0000
v -0.6626 2.3492 -0.9392
vt 0.7984 0.8764
vn -0.0048 -0.0000 1.0000
v -0.6626 2.0609 -0.9392
vt 0.7984 0.8467
vn -0.0048 -0.0000 1.0000
f 4490/4490/4490 4491/4491/4491 4492/4492/4492 4493/4493/4493
v -1.0518 2.4501 -0.9411
vt 0.7733 0.8868
vn -0.0048 -0.0000 1.0000
v -0.9509 2.3492 -0.9406
vt 0.7798 0.8764
vn -0.0048 -0.0000 1.0000
v -0.8068 2.3492 -0.9399
vt 0.7891 0.8764
vn -0.0048 -0.0000 1.0000
f 4494/4494/4494 4495/4495/4495 4496/4496/4496
v -1.0518 2.4501 -0.9411
vt 0.7733 0.8868
vn -0.0048 -0.0000 1.0000
v -1.0518 1.9601 -0.9411
vt 0.7733 0.8363
vn -0.0048 -0.0000 1.0000
v -0.9509 2.0609 -0.9406
vt 0.7798 0.8467
vn -0.0048 -0.0000 1.0000
v -0.9509 2.3492 -0.9406
vt 0.7798 0.8764
vn -0.0048 -0.0000 1.0000
f 4497/4497/4497 4498/4498/4498 4499/4499/4499 4500/4500/4500
v -0.8068 2.0609 -0.9399
vt 0.7891 0.8467
vn -0.0048 -0.0000 1.0000
v -0.5618 1.9601 -0.9387
vt 0.8050 0.8363
vn -0.0048 -0.0000 1.0000
v -0.6626 2.0609 -0.9392
vt 0.7984 0.8467
vn -0.0048 -0.0000 1.0000
f 4501/4501/4501 4502/4502/4502 4503/4503/4503
v -0.5618 2.4501 -0.9387
vt 0.8050 0.9337
vn 0.0000 1.0000 0.0000
v -0.6622 2.4501 -1.0401
vt 0.7984 0.9337
vn 0.0000 1.0000 0.0000
v -0.8063 2.4501 -1.0408
vt 0.7891 0.9337
vn 0.0000 1.0000 0.0000
f 4504/4504/4504 4505/4505/4505 4506/4506/4506
v -0.9900 2.0811 -1.1858
vt 0.6617 0.8056
vn -1.0000 0.0000 -0.0048
v -0.9900 2.3290 -1.1858
vt 0.6617 0.8443
vn -1.0000 0.0000 -0.0048
v -0.9894 2.3290 -1.3097
vt 0.6617 0.8443
vn -1.0000 0.0000 -0.0048
v -0.9894 2.0811 -1.3097
vt 0.6617 0.8056
vn -1.0000 0.0000 -0.0048
f 4507/4507/4507 4508/4508/4508 4509/4509/4509 4510/4510/4510
v -0.8047 2.0811 -1.3694
vt 0.6875 0.8342
vn 0.0048 0.0000 -1.0000
v -0.8047 2.3290 -1.3694
vt 0.6875 0.8729
vn 0.0048 0.0000 -1.0000
v -0.6807 2.3290 -1.3688
vt 0.7069 0.8729
vn 0.0048 0.0000 -1.0000
v -0.6807 2.0811 -1.3688
vt 0.7069 0.8342
vn 0.0048 0.0000 -1.0000
f 4511/4511/4511 4512/4512/4512 4513/4513/4513 4514/4514/4514
v -0.6211 2.0811 -1.1840
vt 0.7133 0.8056
vn 1.0000 -0.0000 0.0048
v -0.6211 2.3290 -1.1840
vt 0.7133 0.8443
vn 1.0000 -0.0000 0.0048
v -0.6217 2.3290 -1.0601
vt 0.7133 0.8443
vn 1.0000 -0.0000 0.0048
v -0.6217 2.0811 -1.0601
vt 0.7133 0.8056
vn 1.0000 -0.0000 0.0048
f 4515/4515/4515 4516/4516/4516 4517/4517/4517 4518/4518/4518
v -0.8065 2.0811 -1.0004
vt 0.6875 0.8056
vn -0.0048 -0.0000 1.0000
v -0.8065 2.3290 -1.0004
vt 0.6875 0.8443
vn -0.0048 -0.0000 1.0000
v -0.9304 2.3290 -1.0010
vt 0.6681 0.8443
vn -0.0048 -0.0000 1.0000
v -0.9304 2.0811 -1.0010
vt 0.6681 0.8056
vn -0.0048 -0.0000 1.0000
f 4519/4519/4519 4520/4520/4520 4521/4521/4521 4522/4522/4522
v -0.8050 2.3895 -1.3088
vt 0.6875 0.8794
vn 0.0000 1.0000 0.0000
v -0.9289 2.3895 -1.3094
vt 0.6681 0.8794
vn 0.0000 1.0000 0.0000
v -0.9301 2.3895 -1.0615
vt 0.6681 0.8794
vn 0.0000 1.0000 0.0000
v -0.8062 2.3895 -1.0609
vt 0.6875 0.8794
vn 0.0000 1.0000 0.0000
f 4523/4523/4523 4524/4524/4524 4525/4525/4525 4526/4526/4526
v -1.0506 2.3492 -1.1861
vt 0.7733 0.8452
vn -0.3162 -0.9487 -0.0015
v -1.0499 2.3492 -1.3302
vt 0.7733 0.8452
vn -0.3162 -0.9487 -0.0015
v -0.9894 2.3290 -1.3097
vt 0.7772 0.8431
vn -0.3162 -0.9487 -0.0015
v -0.9900 2.3290 -1.1858
vt 0.7772 0.8431
vn -0.3162 -0.9487 -0.0015
f 4527/4527/4527 4528/4528/4528 4529/4529/4529 4530/4530/4530
v -0.6205 2.3290 -1.3079
vt 0.7133 0.8729
vn 1.0000 -0.0000 0.0048
v -0.6211 2.3290 -1.1840
vt 0.7133 0.8729
vn 1.0000 -0.0000 0.0048
v -0.6211 2.0811 -1.1840
vt 0.7133 0.8342
vn 1.0000 -0.0000 0.0048
v -0.6205 2.0811 -1.3079
vt 0.7133 0.8342
vn 1.0000 -0.0000 0.0048
f 4531/4531/4531 4532/4532/4532 4533/4533/4533 4534/4534/4534
v -0.8044 2.3492 -1.4299
vt 0.7891 0.8452
vn 0.0015 -0.9487 -0.3162
v -0.6603 2.3492 -1.4292
vt 0.7984 0.8452
vn 0.0015 -0.9487 -0.3162
v -0.6807 2.3290 -1.3688
vt 0.7971 0.8431
vn 0.0015 -0.9487 -0.3162
v -0.8047 2.3290 -1.3694
vt 0.7891 0.8431
vn 0.0015 -0.9487 -0.3162
f 4535/4535/4535 4536/4536/4536 4537/4537/4537 4538/4538/4538
v -0.8049 2.4501 -1.3290
vt 0.7891 0.8868
vn -0.0046 0.3162 0.9487
v -0.9490 2.4501 -1.3297
vt 0.7798 0.8868
vn -0.0046 0.3162 0.9487
v -0.9289 2.3895 -1.3094
vt 0.7811 0.8806
vn -0.0046 0.3162 0.9487
v -0.8050 2.3895 -1.3088
vt 0.7891 0.8806
vn -0.0046 0.3162 0.9487
f 4539/4539/4539 4540/4540/4540 4541/4541/4541 4542/4542/4542
v -1.0499 2.3492 -1.3302
vt 0.7733 0.8452
vn -0.3208 -0.0000 0.9471
v -1.0499 2.0609 -1.3302
vt 0.7733 0.8155
vn -0.3208 -0.0000 0.9471
v -0.9894 2.0811 -1.3097
vt 0.7772 0.8175
vn -0.3208 -0.0000 0.9471
v -0.9894 2.3290 -1.3097
vt 0.7772 0.8431
vn -0.3208 -0.0000 0.9471
f 4543/4543/4543 4544/4544/4544 4545/4545/4545 4546/4546/4546
v -0.5606 2.3492 -1.1837
vt 0.8050 0.8452
vn 0.3162 -0.9487 0.0015
v -0.5613 2.3492 -1.0396
vt 0.8050 0.8452
vn 0.3162 -0.9487 0.0015
v -0.6217 2.3290 -1.0601
vt 0.8010 0.8431
vn 0.3162 -0.9487 0.0015
v -0.6211 2.3290 -1.1840
vt 0.8010 0.8431
vn 0.3162 -0.9487 0.0015
f 4547/4547/4547 4548/4548/4548 4549/4549/4549 4550/4550/4550
v -0.6603 2.3492 -1.4292
vt 0.7984 0.8452
vn -0.9471 0.0000 -0.3208
v -0.6603 2.0609 -1.4292
vt 0.7984 0.8155
vn -0.9471 0.0000 -0.3208
v -0.6807 2.0811 -1.3688
vt 0.7971 0.8175
vn -0.9471 0.0000 -0.3208
v -0.6807 2.3290 -1.3688
vt 0.7971 0.8431
vn -0.9471 0.0000 -0.3208
f 4551/4551/4551 4552/4552/4552 4553/4553/4553 4554/4554/4554
v -0.8068 2.3492 -0.9399
vt 0.7891 0.8452
vn -0.0015 -0.9487 0.3162
v -0.9509 2.3492 -0.9406
vt 0.7798 0.8452
vn -0.0015 -0.9487 0.3162
v -0.9304 2.3290 -1.0010
vt 0.7811 0.8431
vn -0.0015 -0.9487 0.3162
v -0.8065 2.3290 -1.0004
vt 0.7891 0.8431
vn -0.0015 -0.9487 0.3162
f 4555/4555/4555 4556/4556/4556 4557/4557/4557 4558/4558/4558
v -0.6622 2.4501 -1.0401
vt 0.7984 0.8868
vn -0.9487 0.3162 -0.0046
v -0.6608 2.4501 -1.3283
vt 0.7984 0.8868
vn -0.9487 0.3162 -0.0046
v -0.6810 2.3895 -1.3082
vt 0.7971 0.8806
vn -0.9487 0.3162 -0.0046
v -0.6822 2.3895 -1.0603
vt 0.7971 0.8806
vn -0.9487 0.3162 -0.0046
f 4559/4559/4559 4560/4560/4560 4561/4561/4561 4562/4562/4562
v -0.5613 2.3492 -1.0396
vt 0.8050 0.8452
vn 0.3208 0.0000 -0.9471
v -0.5613 2.0609 -1.0396
vt 0.8050 0.8155
vn 0.3208 0.0000 -0.9471
v -0.6217 2.0811 -1.0601
vt 0.8010 0.8175
vn 0.3208 0.0000 -0.9471
v -0.6217 2.3290 -1.0601
vt 0.8010 0.8431
vn 0.3208 0.0000 -0.9471
f 4563/4563/4563 4564/4564/4564 4565/4565/4565 4566/4566/4566
v -0.9509 2.3492 -0.9406
vt 0.7798 0.8452
vn 0.9471 0.0000 0.3208
v -0.9509 2.0609 -0.9406
vt 0.7798 0.8155
vn 0.9471 0.0000 0.3208
v -0.9304 2.0811 -1.0010
vt 0.7811 0.8175
vn 0.9471 0.0000 0.3208
v -0.9304 2.3290 -1.0010
vt 0.7811 0.8431
vn 0.9471 0.0000 0.3208
f 4567/4567/4567 4568/4568/4568 4569/4569/4569 4570/4570/4570
v -0.9490 2.4501 -1.3297
vt 0.7798 0.8868
vn 0.9487 0.3162 0.0046
v -0.9504 2.4501 -1.0415
vt 0.7798 0.8868
vn 0.9487 0.3162 0.0046
v -0.9301 2.3895 -1.0615
vt 0.7811 0.8806
vn 0.9487 0.3162 0.0046
v -0.9289 2.3895 -1.3094
vt 0.7811 0.8806
vn 0.9487 0.3162 0.0046
f 4571/4571/4571 4572/4572/4572 4573/4573/4573 4574/4574/4574
v -0.6810 2.3895 -1.3082
vt 0.7069 0.8508
vn 0.0000 1.0000 0.0000
v -0.8050 2.3895 -1.3088
vt 0.6875 0.8508
vn 0.0000 1.0000 0.0000
v -0.8062 2.3895 -1.0609
vt 0.6875 0.8508
vn 0.0000 1.0000 0.0000
v -0.6822 2.3895 -1.0603
vt 0.7069 0.8508
vn 0.0000 1.0000 0.0000
f 4575/4575/4575 4576/4576/4576 4577/4577/4577 4578/4578/4578
v -0.6825 2.3290 -0.9998
vt 0.7069 0.8729
vn -0.0048 -0.0000 1.0000
v -0.8065 2.3290 -1.0004
vt 0.6875 0.8729
vn -0.0048 -0.0000 1.0000
v -0.8065 2.0811 -1.0004
vt 0.6875 0.8342
vn -0.0048 -0.0000 1.0000
v -0.6825 2.0811 -0.9998
vt 0.7069 0.8342
vn -0.0048 -0.0000 1.0000
f 4579/4579/4579 4580/4580/4580 4581/4581/4581 4582/4582/4582
v -0.9509 2.0609 -0.9406
vt 0.7798 0.8155
vn -0.0015 0.9487 0.3162
v -0.8068 2.0609 -0.9399
vt 0.7891 0.8155
vn -0.0015 0.9487 0.3162
v -0.8065 2.0811 -1.0004
vt 0.7891 0.8175
vn -0.0015 0.9487 0.3162
v -0.9304 2.0811 -1.0010
vt 0.7811 0.8175
vn -0.0015 0.9487 0.3162
f 4583/4583/4583 4584/4584/4584 4585/4585/4585 4586/4586/4586
v -0.6825 2.0811 -0.9998
vt 0.7971 0.8175
vn -0.0015 0.9487 0.3162
v -0.8065 2.0811 -1.0004
vt 0.7891 0.8175
vn -0.0015 0.9487 0.3162
v -0.8068 2.0609 -0.9399
vt 0.7891 0.8155
vn -0.0015 0.9487 0.3162
v -0.6626 2.0609 -0.9392
vt 0.7984 0.8155
vn -0.0015 0.9487 0.3162
f 4587/4587/4587 4588/4588/4588 4589/4589/4589 4590/4590/4590
v -0.9906 2.3290 -1.0618
vt 0.6617 0.8729
vn -1.0000 0.0000 -0.0048
v -0.9900 2.3290 -1.1858
vt 0.6617 0.8729
vn -1.0000 0.0000 -0.0048
v -0.9900 2.0811 -1.1858
vt 0.6617 0.8342
vn -1.0000 0.0000 -0.0048
v -0.9906 2.0811 -1.0618
vt 0.6617 0.8342
vn -1.0000 0.0000 -0.0048
f 4591/4591/4591 4592/4592/4592 4593/4593/4593 4594/4594/4594
v -0.8044 2.3492 -1.4299
vt 0.7891 0.8452
vn 0.0015 -0.9487 -0.3162
v -0.8047 2.3290 -1.3694
vt 0.7891 0.8431
vn 0.0015 -0.9487 -0.3162
v -0.9286 2.3290 -1.3699
vt 0.7811 0.8431
vn 0.0015 -0.9487 -0.3162
v -0.9485 2.3492 -1.4306
vt 0.7798 0.8452
vn 0.0015 -0.9487 -0.3162
f 4595/4595/4595 4596/4596/4596 4597/4597/4597 4598/4598/4598
v -1.0499 2.0609 -1.3302
vt 0.7733 0.8155
vn -0.3162 0.9487 -0.0015
v -1.0506 2.0609 -1.1861
vt 0.7733 0.8155
vn -0.3162 0.9487 -0.0015
v -0.9900 2.0811 -1.1858
vt 0.7772 0.8175
vn -0.3162 0.9487 -0.0015
v -0.9894 2.0811 -1.3097
vt 0.7772 0.8175
vn -0.3162 0.9487 -0.0015
f 4599/4599/4599 4600/4600/4600 4601/4601/4601 4602/4602/4602
v -0.9286 2.3290 -1.3699
vt 0.6681 0.8443
vn 0.0048 0.0000 -1.0000
v -0.8047 2.3290 -1.3694
vt 0.6875 0.8443
vn 0.0048 0.0000 -1.0000
v -0.8047 2.0811 -1.3694
vt 0.6875 0.8056
vn 0.0048 0.0000 -1.0000
v -0.9286 2.0811 -1.3699
vt 0.6681 0.8056
vn 0.0048 0.0000 -1.0000
f 4603/4603/4603 4604/4604/4604 4605/4605/4605 4606/4606/4606
v -0.5606 2.3492 -1.1837
vt 0.8050 0.8452
vn 0.3162 -0.9487 0.0015
v -0.6211 2.3290 -1.1840
vt 0.8010 0.8431
vn 0.3162 -0.9487 0.0015
v -0.6205 2.3290 -1.3079
vt 0.8010 0.8431
vn 0.3162 -0.9487 0.0015
v -0.5599 2.3492 -1.3278
vt 0.8050 0.8452
vn 0.3162 -0.9487 0.0015
f 4607/4607/4607 4608/4608/4608 4609/4609/4609 4610/4610/4610
v -0.6603 2.0609 -1.4292
vt 0.7984 0.8155
vn 0.0015 0.9487 -0.3162
v -0.8044 2.0609 -1.4299
vt 0.7891 0.8155
vn 0.0015 0.9487 -0.3162
v -0.8047 2.0811 -1.3694
vt 0.7891 0.8175
vn 0.0015 0.9487 -0.3162
v -0.6807 2.0811 -1.3688
vt 0.7971 0.8175
vn 0.0015 0.9487 -0.3162
f 4611/4611/4611 4612/4612/4612 4613/4613/4613 4614/4614/4614
v -0.6205 2.0811 -1.3079
vt 0.8010 0.8175
vn 0.3162 0.9487 0.0015
v -0.6211 2.0811 -1.1840
vt 0.8010 0.8175
vn 0.3162 0.9487 0.0015
v -0.5606 2.0609 -1.1837
vt 0.8050 0.8155
vn 0.3162 0.9487 0.0015
v -0.5599 2.0609 -1.3278
vt 0.8050 0.8155
vn 0.3162 0.9487 0.0015
f 4615/4615/4615 4616/4616/4616 4617/4617/4617 4618/4618/4618
v -0.5613 2.0609 -1.0396
vt 0.8050 0.8155
vn 0.3162 0.9487 0.0015
v -0.5606 2.0609 -1.1837
vt 0.8050 0.8155
vn 0.3162 0.9487 0.0015
v -0.6211 2.0811 -1.1840
vt 0.8010 0.8175
vn 0.3162 0.9487 0.0015
v -0.6217 2.0811 -1.0601
vt 0.8010 0.8175
vn 0.3162 0.9487 0.0015
f 4619/4619/4619 4620/4620/4620 4621/4621/4621 4622/4622/4622
v -0.9286 2.0811 -1.3699
vt 0.7811 0.8175
vn 0.0015 0.9487 -0.3162
v -0.8047 2.0811 -1.3694
vt 0.7891 0.8175
vn 0.0015 0.9487 -0.3162
v -0.8044 2.0609 -1.4299
vt 0.7891 0.8155
vn 0.0015 0.9487 -0.3162
v -0.9485 2.0609 -1.4306
vt 0.7798 0.8155
vn 0.0015 0.9487 -0.3162
f 4623/4623/4623 4624/4624/4624 4625/4625/4625 4626/4626/4626
v -0.9504 2.4501 -1.0415
vt 0.7798 0.8868
vn 0.0046 0.3162 -0.9487
v -0.8063 2.4501 -1.0408
vt 0.7891 0.8868
vn 0.0046 0.3162 -0.9487
v -0.8062 2.3895 -1.0609
vt 0.7891 0.8806
vn 0.0046 0.3162 -0.9487
v -0.9301 2.3895 -1.0615
vt 0.7811 0.8806
vn 0.0046 0.3162 -0.9487
f 4627/4627/4627 4628/4628/4628 4629/4629/4629 4630/4630/4630
v -0.6822 2.3895 -1.0603
vt 0.7971 0.8806
vn 0.0046 0.3162 -0.9487
v -0.8062 2.3895 -1.0609
vt 0.7891 0.8806
vn 0.0046 0.3162 -0.9487
v -0.8063 2.4501 -1.0408
vt 0.7891 0.8868
vn 0.0046 0.3162 -0.9487
v -0.6622 2.4501 -1.0401
vt 0.7984 0.8868
vn 0.0046 0.3162 -0.9487
f 4631/4631/4631 4632/4632/4632 4633/4633/4633 4634/4634/4634
v -1.0518 1.9601 -0.9411
vt 0.7733 0.8363
vn -0.0048 -0.0000 1.0000
v -0.5618 1.9601 -0.9387
vt 0.8050 0.8363
vn -0.0048 -0.0000 1.0000
v -0.8068 2.0609 -0.9399
vt 0.7891 0.8467
vn -0.0048 -0.0000 1.0000
f 4635/4635/4635 4636/4636/4636 4637/4637/4637
v -1.0494 2.4501 -1.4311
vt 0.7733 0.8868
vn 0.0048 0.0000 -1.0000
v -0.8044 2.3492 -1.4299
vt 0.7891 0.8764
vn 0.0048 0.0000 -1.0000
v -0.9485 2.3492 -1.4306
vt 0.7798 0.8764
vn 0.0048 0.0000 -1.0000
f 4638/4638/4638 4639/4639/4639 4640/4640/4640
v -0.5594 2.4501 -1.4287
vt 0.8050 0.8868
vn 0.0048 0.0000 -1.0000
v -0.6603 2.3492 -1.4292
vt 0.7984 0.8764
vn 0.0048 0.0000 -1.0000
v -0.8044 2.3492 -1.4299
vt 0.7891 0.8764
vn 0.0048 0.0000 -1.0000
f 4641/4641/4641 4642/4642/4642 4643/4643/4643
v -0.6626 2.3492 -0.9392
vt 0.7984 0.8764
vn -0.0048 -0.0000 1.0000
v -0.5618 2.4501 -0.9387
vt 0.8050 0.8868
vn -0.0048 -0.0000 1.0000
v -0.8068 2.3492 -0.9399
vt 0.7891 0.8764
vn -0.0048 -0.0000 1.0000
f 4644/4644/4644 4645/4645/4645 4646/4646/4646
v -1.0513 2.3492 -1.0420
vt 0.7733 0.8764
vn -1.0000 0.0000 -0.0048
v -1.0518 2.4501 -0.9411
vt 0.7733 0.8868
vn -1.0000 0.0000 -0.0048
v -1.0506 2.3492 -1.1861
vt 0.7733 0.8764
vn -1.0000 0.0000 -0.0048
f 4647/4647/4647 4648/4648/4648 4649/4649/4649
v -0.5594 2.4501 -1.4287
vt 0.8050 0.8868
vn 1.0000 -0.0000 0.0048
v -0.5618 2.4501 -0.9387
vt 0.8050 0.8868
vn 1.0000 -0.0000 0.0048
v -0.5606 2.3492 -1.1837
vt 0.8050 0.8764
vn 1.0000 -0.0000 0.0048
f 4650/4650/4650 4651/4651/4651 4652/4652/4652
v -0.6608 2.4501 -1.3283
vt 0.7984 0.9337
vn 0.0000 1.0000 0.0000
v -0.6622 2.4501 -1.0401
vt 0.7984 0.9337
vn 0.0000 1.0000 0.0000
v -0.5618 2.4501 -0.9387
vt 0.8050 0.9337
vn 0.0000 1.0000 0.0000
v -0.5594 2.4501 -1.4287
vt 0.8050 0.9337
vn 0.0000 1.0000 0.0000
f 4653/4653/4653 4654/4654/4654 4655/4655/4655 4656/4656/4656
v -0.9504 2.4501 -1.0415
vt 0.7798 0.9337
vn 0.0000 1.0000 0.0000
v -0.9490 2.4501 -1.3297
vt 0.7798 0.9337
vn 0.0000 1.0000 0.0000
v -1.0494 2.4501 -1.4311
vt 0.7733 0.9337
vn 0.0000 1.0000 0.0000
v -1.0518 2.4501 -0.9411
vt 0.7733 0.9337
vn 0.0000 1.0000 0.0000
f 4657/4657/4657 4658/4658/4658 4659/4659/4659 4660/4660/4660
v -0.5613 2.0609 -1.0396
vt 0.8050 0.8467
vn 1.0000 -0.0000 0.0048
v -0.5618 1.9601 -0.9387
vt 0.8050 0.8363
vn 1.0000 -0.0000 0.0048
v -0.5606 2.0609 -1.1837
vt 0.8050 0.8467
vn 1.0000 -0.0000 0.0048
f 4661/4661/4661 4662/4662/4662 4663/4663/4663
v -0.5618 1.9601 -0.9387
vt 0.8050 0.8363
vn 1.0000 -0.0000 0.0048
v -0.5594 1.9601 -1.4287
vt 0.8050 0.8363
vn 1.0000 -0.0000 0.0048
v -0.5606 2.0609 -1.1837
vt 0.8050 0.8467
vn 1.0000 -0.0000 0.0048
f 4664/4664/4664 4665/4665/4665 4666/4666/4666
v -0.9509 2.0609 -0.9406
vt 0.7798 0.8467
vn -0.0048 -0.0000 1.0000
v -1.0518 1.9601 -0.9411
vt 0.7733 0.8363
vn -0.0048 -0.0000 1.0000
v -0.8068 2.0609 -0.9399
vt 0.7891 0.8467
vn -0.0048 -0.0000 1.0000
f 4667/4667/4667 4668/4668/4668 4669/4669/4669
v -0.5618 1.9601 -0.9387
vt 0.8050 0.8363
vn -0.0000 -1.0000 0.0000
v -1.0518 1.9601 -0.9411
vt 0.7733 0.8363
vn -0.0000 -1.0000 0.0000
v -1.0494 1.9601 -1.4311
vt 0.7733 0.8363
vn -0.0000 -1.0000 0.0000
v -0.5594 1.9601 -1.4287
vt 0.8050 0.8363
vn -0.0000 -1.0000 0.0000
f 4670/4670/4670 4671/4671/4671 4672/4672/4672 4673/4673/4673
v -1.0494 1.9601 -1.4311
vt 0.7733 0.8363
vn -1.0000 0.0000 -0.0048
v -1.0518 1.9601 -0.9411
vt 0.7733 0.8363
vn -1.0000 0.0000 -0.0048
v -1.0506 2.0609 -1.1861
vt 0.7733 0.8467
vn -1.0000 0.0000 -0.0048
f 4674/4674/4674 4675/4675/4675 4676/4676/4676
v -1.0499 2.0609 -1.3302
vt 0.7733 0.8467
vn -1.0000 0.0000 -0.0048
v -1.0494 1.9601 -1.4311
vt 0.7733 0.8363
vn -1.0000 0.0000 -0.0048
v -1.0506 2.0609 -1.1861
vt 0.7733 0.8467
vn -1.0000 0.0000 -0.0048
f 4677/4677/4677 4678/4678/4678 4679/4679/4679
v -1.0494 2.4501 -1.4311
vt 0.7733 0.8868
vn -1.0000 0.0000 -0.0048
v -1.0506 2.3492 -1.1861
vt 0.7733 0.8764
vn -1.0000 0.0000 -0.0048
v -1.0518 2.4501 -0.9411
vt 0.7733 0.8868
vn -1.0000 0.0000 -0.0048
f 4680/4680/4680 4681/4681/4681 4682/4682/4682
v -1.0494 2.4501 -1.4311
vt 0.7733 0.9337
vn 0.0000 1.0000 0.0000
v -0.9490 2.4501 -1.3297
vt 0.7798 0.9337
vn 0.0000 1.0000 0.0000
v -0.8049 2.4501 -1.3290
vt 0.7891 0.9337
vn 0.0000 1.0000 0.0000
f 4683/4683/4683 4684/4684/4684 4685/4685/4685
v -0.5594 2.4501 -1.4287
vt 0.8050 0.9337
vn 0.0000 1.0000 0.0000
v -1.0494 2.4501 -1.4311
vt 0.7733 0.9337
vn 0.0000 1.0000 0.0000
v -0.8049 2.4501 -1.3290
vt 0.7891 0.9337
vn 0.0000 1.0000 0.0000
f 4686/4686/4686 4687/4687/4687 4688/4688/4688
v -0.6608 2.4501 -1.3283
vt 0.7984 0.9337
vn 0.0000 1.0000 0.0000
v -0.5594 2.4501 -1.4287
vt 0.8050 0.9337
vn 0.0000 1.0000 0.0000
v -0.8049 2.4501 -1.3290
vt 0.7891 0.9337
vn 0.0000 1.0000 0.0000
f 4689/4689/4689 4690/4690/4690 4691/4691/4691
v -0.9504 2.4501 -1.0415
vt 0.7798 0.9337
vn 0.0000 1.0000 0.0000
v -1.0518 2.4501 -0.9411
vt 0.7733 0.9337
vn 0.0000 1.0000 0.0000
v -0.8063 2.4501 -1.0408
vt 0.7891 0.9337
vn 0.0000 1.0000 0.0000
f 4692/4692/4692 4693/4693/4693 4694/4694/4694
v -0.5599 2.3492 -1.3278
vt 0.8050 0.8764
vn 1.0000 -0.0000 0.0048
v -0.5594 2.4501 -1.4287
vt 0.8050 0.8868
vn 1.0000 -0.0000 0.0048
v -0.5606 2.3492 -1.1837
vt 0.8050 0.8764
vn 1.0000 -0.0000 0.0048
f 4695/4695/4695 4696/4696/4696 4697/4697/4697
v -1.0518 2.4501 -0.9411
vt 0.7733 0.9337
vn 0.0000 1.0000 0.0000
v -0.5618 2.4501 -0.9387
vt 0.8050 0.9337
vn 0.0000 1.0000 0.0000
v -0.8063 2.4501 -1.0408
vt 0.7891 0.9337
vn 0.0000 1.0000 0.0000
f 4698/4698/4698 4699/4699/4699 4700/4700/4700
v -1.0518 2.4501 -0.9411
vt 0.7733 0.8868
vn -0.0048 -0.0000 1.0000
v -0.8068 2.3492 -0.9399
vt 0.7891 0.8764
vn -0.0048 -0.0000 1.0000
v -0.5618 2.4501 -0.9387
vt 0.8050 0.8868
vn -0.0048 -0.0000 1.0000
f 4701/4701/4701 4702/4702/4702 4703/4703/4703
v -0.6603 2.0609 -1.4292
vt 0.7984 0.8467
vn 0.0048 0.0000 -1.0000
v -0.5594 1.9601 -1.4287
vt 0.8050 0.8363
vn 0.0048 0.0000 -1.0000
v -0.8044 2.0609 -1.4299
vt 0.7891 0.8467
vn 0.0048 0.0000 -1.0000
f 4704/4704/4704 4705/4705/4705 4706/4706/4706
v -0.5594 1.9601 -1.4287
vt 0.8050 0.8363
vn 0.0048 0.0000 -1.0000
v -1.0494 1.9601 -1.4311
vt 0.7733 0.8363
vn 0.0048 0.0000 -1.0000
v -0.8044 2.0609 -1.4299
vt 0.7891 0.8467
vn 0.0048 0.0000 -1.0000
f 4707/4707/4707 4708/4708/4708 4709/4709/4709
v -0.8068 2.3492 -0.9399
vt 0.7891 0.8452
vn -0.0015 -0.9487 0.3162
v -0.8065 2.3290 -1.0004
vt 0.7891 0.8431
vn -0.0015 -0.9487 0.3162
v -0.6825 2.3290 -0.9998
vt 0.7971 0.8431
vn -0.0015 -0.9487 0.3162
v -0.6626 2.3492 -0.9392
vt 0.7984 0.8452
vn -0.0015 -0.9487 0.3162
f 4710/4710/4710 4711/4711/4711 4712/4712/4712 4713/4713/4713
v -0.9906 2.0811 -1.0618
vt 0.7772 0.8175
vn -0.3162 0.9487 -0.0015
v -0.9900 2.0811 -1.1858
vt 0.7772 0.8175
vn -0.3162 0.9487 -0.0015
v -1.0506 2.0609 -1.1861
vt 0.7733 0.8155
vn -0.3162 0.9487 -0.0015
v -1.0513 2.0609 -1.0420
vt 0.7733 0.8155
vn -0.3162 0.9487 -0.0015
f 4714/4714/4714 4715/4715/4715 4716/4716/4716 4717/4717/4717
v 0.0700 2.1000 -1.3650
vt 0.7849 0.8529
vn 0.0000 0.0000 -1.0000
v 0.0700 2.2400 -1.3650
vt 0.7849 0.9073
vn 0.0000 0.0000 -1.0000
v 1.1200 2.2400 -1.3650
vt 0.7960 0.9073
vn 0.0000 0.0000 -1.0000
v 1.1200 2.1000 -1.3650
vt 0.7960 0.8529
vn 0.0000 0.0000 -1.0000
f 4718/4718/4718 4719/4719/4719 4720/4720/4720 4721/4721/4721
v 1.1200 2.1000 -1.3650
vt 0.7960 0.8373
vn 1.0000 0.0000 0.0000
v 1.1200 2.2400 -1.3650
vt 0.7960 0.8917
vn 1.0000 0.0000 0.0000
v 1.1200 2.2400 -1.0850
vt 0.7960 0.8914
vn 1.0000 0.0000 0.0000
v 1.1200 2.1000 -1.0850
vt 0.7960 0.8370
vn 1.0000 0.0000 0.0000
f 4722/4722/4722 4723/4723/4723 4724/4724/4724 4725/4725/4725
v 1.1200 2.1000 -1.0850
vt 0.7960 0.8526
vn 0.0000 -0.0000 1.0000
v 1.1200 2.2400 -1.0850
vt 0.7960 0.9070
vn 0.0000 -0.0000 1.0000
v 0.0700 2.2400 -1.0850
vt 0.7849 0.9070
vn 0.0000 -0.0000 1.0000
v 0.0700 2.1000 -1.0850
vt 0.7849 0.8526
vn 0.0000 -0.0000 1.0000
f 4726/4726/4726 4727/4727/4727 4728/4728/4728 4729/4729/4729
v 0.0700 2.1000 -1.0850
vt 0.7849 0.8370
vn -1.0000 0.0000 0.0000
v 0.0700 2.2400 -1.0850
vt 0.7849 0.8914
vn -1.0000 0.0000 0.0000
v 0.0700 2.2400 -1.3650
vt 0.7849 0.8917
vn -1.0000 0.0000 0.0000
v 0.0700 2.1000 -1.3650
vt 0.7849 0.8373
vn -1.0000 0.0000 0.0000
f 4730/4730/4730 4731/4731/4731 4732/4732/4732 4733/4733/4733
v 1.1200 2.2400 -1.0850
vt 0.7960 0.9383
vn 0.0000 1.0000 0.0000
v 1.1200 2.2400 -1.3650
vt 0.7960 0.9386
vn 0.0000 1.0000 0.0000
v 0.0700 2.2400 -1.3650
vt 0.7849 0.9386
vn 0.0000 1.0000 0.0000
v 0.0700 2.2400 -1.0850
vt 0.7849 0.9383
vn 0.0000 1.0000 0.0000
f 4734/4734/4734 4735/4735/4735 4736/4736/4736 4737/4737/4737
v 1.1200 2.2400 -0.7000
vt 0.7960 0.9383
vn 0.0000 1.0000 0.0000
v 1.1200 2.2400 -0.9800
vt 0.7960 0.9386
vn 0.0000 1.0000 0.0000
v 0.0700 2.2400 -0.9800
vt 0.7849 0.9386
vn 0.0000 1.0000 0.0000
v 0.0700 2.2400 -0.7000
vt 0.7849 0.9383
vn 0.0000 1.0000 0.0000
f 4738/4738/4738 4739/4739/4739 4740/4740/4740 4741/4741/4741
v 1.1200 2.1000 -0.9800
vt 0.7960 0.8373
vn 1.0000 0.0000 0.0000
v 1.1200 2.2400 -0.9800
vt 0.7960 0.8917
vn 1.0000 0.0000 0.0000
v 1.1200 2.2400 -0.7000
vt 0.7960 0.8914
vn 1.0000 0.0000 0.0000
v 1.1200 2.1000 -0.7000
vt 0.7960 0.8370
vn 1.0000 0.0000 0.0000
f 4742/4742/4742 4743/4743/4743 4744/4744/4744 4745/4745/4745
v 0.0700 2.1000 -0.9800
vt 0.7849 0.8529
vn 0.0000 0.0000 -1.0000
v 0.0700 2.2400 -0.9800
vt 0.7849 0.9073
vn 0.0000 0.0000 -1.0000
v 1.1200 2.2400 -0.9800
vt 0.7960 0.9073
vn 0.0000 0.0000 -1.0000
v 1.1200 2.1000 -0.9800
vt 0.7960 0.8529
vn 0.0000 0.0000 -1.0000
f 4746/4746/4746 4747/4747/4747 4748/4748/4748 4749/4749/4749
v 0.0700 2.1000 -0.7000
vt 0.7849 0.8370
vn -1.0000 0.0000 0.0000
v 0.0700 2.2400 -0.7000
vt 0.7849 0.8914
vn -1.0000 0.0000 0.0000
v 0.0700 2.2400 -0.9800
vt 0.7849 0.8917
vn -1.0000 0.0000 0.0000
v 0.0700 2.1000 -0.9800
vt 0.7849 0.8373
vn -1.0000 0.0000 0.0000
f 4750/4750/4750 4751/4751/4751 4752/4752/4752 4753/4753/4753
v 1.1200 2.1000 -0.7000
vt 0.7960 0.8526
vn 0.0000 -0.0000 1.0000
v 1.1200 2.2400 -0.7000
vt 0.7960 0.9070
vn 0.0000 -0.0000 1.0000
v 0.0700 2.2400 -0.7000
vt 0.7849 0.9070
vn 0.0000 -0.0000 1.0000
v 0.0700 2.1000 -0.7000
vt 0.7849 0.8526
vn 0.0000 -0.0000 1.0000
f 4754/4754/4754 4755/4755/4755 4756/4756/4756 4757/4757/4757
v 1.1200 2.2400 -1.4700
vt 0.7960 0.9383
vn 0.0000 1.0000 0.0000
v 1.1200 2.2400 -1.7500
vt 0.7960 0.9386
vn 0.0000 1.0000 0.0000
v 0.0700 2.2400 -1.7500
vt 0.7849 0.9386
vn 0.0000 1.0000 0.0000
v 0.0700 2.2400 -1.4700
vt 0.7849 0.9383
vn 0.0000 1.0000 0.0000
f 4758/4758/4758 4759/4759/4759 4760/4760/4760 4761/4761/4761
v 1.1200 2.1000 -1.7500
vt 0.7960 0.8373
vn 1.0000 0.0000 0.0000
v 1.1200 2.2400 -1.7500
vt 0.7960 0.8917
vn 1.0000 0.0000 0.0000
v 1.1200 2.2400 -1.4700
vt 0.7960 0.8914
vn 1.0000 0.0000 0.0000
v 1.1200 2.1000 -1.4700
vt 0.7960 0.8370
vn 1.0000 0.0000 0.0000
f 4762/4762/4762 4763/4763/4763 4764/4764/4764 4765/4765/4765
v 0.0700 2.1000 -1.7500
vt 0.7849 0.8529
vn 0.0000 0.0000 -1.0000
v 0.0700 2.2400 -1.7500
vt 0.7849 0.9073
vn 0.0000 0.0000 -1.0000
v 1.1200 2.2400 -1.7500
vt 0.7960 0.9073
vn 0.0000 0.0000 -1.0000
v 1.1200 2.1000 -1.7500
vt 0.7960 0.8529
vn 0.0000 0.0000 -1.0000
f 4766/4766/4766 4767/4767/4767 4768/4768/4768 4769/4769/4769
v 0.0700 2.1000 -1.4700
vt 0.7849 0.8370
vn -1.0000 0.0000 0.0000
v 0.0700 2.2400 -1.4700
vt 0.7849 0.8914
vn -1.0000 0.0000 0.0000
v 0.0700 2.2400 -1.7500
vt 0.7849 0.8917
vn -1.0000 0.0000 0.0000
v 0.0700 2.1000 -1.7500
vt 0.7849 0.8373
vn -1.0000 0.0000 0.0000
f 4770/4770/4770 4771/4771/4771 4772/4772/4772 4773/4773/4773
v 1.1200 2.1000 -1.4700
vt 0.7960 0.8526
vn 0.0000 -0.0000 1.0000
v 1.1200 2.2400 -1.4700
vt 0.7960 0.9070
vn 0.0000 -0.0000 1.0000
v 0.0700 2.2400 -1.4700
vt 0.7849 0.9070
vn 0.0000 -0.0000 1.0000
v 0.0700 2.1000 -1.4700
vt 0.7849 0.8526
vn 0.0000 -0.0000 1.0000
f 4774/4774/4774 4775/4775/4775 4776/4776/4776 4777/4777/4777
v 0.0700 2.1000 -0.7000
vt 0.7849 0.8150
vn -0.0000 -1.0000 0.0000
v 0.0700 2.1000 -0.9800
vt 0.7849 0.8150
vn -0.0000 -1.0000 0.0000
v 1.1200 2.1000 -0.9800
vt 0.7960 0.8150
vn -0.0000 -1.0000 0.0000
v 1.1200 2.1000 -0.7000
vt 0.7960 0.8150
vn -0.0000 -1.0000 0.0000
f 4778/4778/4778 4779/4779/4779 4780/4780/4780 4781/4781/4781
v 0.0700 2.1000 -1.3650
vt 0.7849 0.8150
vn -0.0000 -1.0000 0.0000
v 1.1200 2.1000 -1.3650
vt 0.7960 0.8150
vn -0.0000 -1.0000 0.0000
v 1.1200 2.1000 -1.0850
vt 0.7960 0.8150
vn -0.0000 -1.0000 0.0000
v 0.0700 2.1000 -1.0850
vt 0.7849 0.8150
vn -0.0000 -1.0000 0.0000
f 4782/4782/4782 4783/4783/4783 4784/4784/4784 4785/4785/4785
v 0.0700 2.1000 -1.4700
vt 0.7849 0.8150
vn -0.0000 -1.0000 0.0000
v 0.0700 2.1000 -1.7500
vt 0.7849 0.8150
vn -0.0000 -1.0000 0.0000
v 1.1200 2.1000 -1.7500
vt 0.7960 0.8150
vn -0.0000 -1.0000 0.0000
v 1.1200 2.1000 -1.4700
vt 0.7960 0.8150
vn -0.0000 -1.0000 0.0000
f 4786/4786/4786 4787/4787/4787 4788/4788/4788 4789/4789/4789
v 0.8750 1.9600 -0.7000
vt 0.7849 0.8529
vn -1.0000 0.0000 0.0000
v 0.8750 2.1000 -0.7000
vt 0.7849 0.9073
vn -1.0000 0.0000 0.0000
v 0.8750 2.1000 -1.7500
vt 0.7960 0.9073
vn -1.0000 0.0000 0.0000
v 0.8750 1.9600 -1.7500
vt 0.7960 0.8529
vn -1.0000 0.0000 0.0000
f 4790/4790/4790 4791/4791/4791 4792/4792/4792 4793/4793/4793
v 0.8750 1.9600 -1.7500
vt 0.7960 0.8373
vn 0.0000 0.0000 -1.0000
v 0.8750 2.1000 -1.7500
vt 0.7960 0.8917
vn 0.0000 0.0000 -1.0000
v 1.0150 2.1000 -1.7500
vt 0.7960 0.8914
vn 0.0000 0.0000 -1.0000
v 1.0150 1.9600 -1.7500
vt 0.7960 0.8370
vn 0.0000 0.0000 -1.0000
f 4794/4794/4794 4795/4795/4795 4796/4796/4796 4797/4797/4797
v 1.0150 1.9600 -1.7500
vt 0.7960 0.8526
vn 1.0000 0.0000 0.0000
v 1.0150 2.1000 -1.7500
vt 0.7960 0.9070
vn 1.0000 0.0000 0.0000
v 1.0150 2.1000 -0.7000
vt 0.7849 0.9070
vn 1.0000 0.0000 0.0000
v 1.0150 1.9600 -0.7000
vt 0.7849 0.8526
vn 1.0000 0.0000 0.0000
f 4798/4798/4798 4799/4799/4799 4800/4800/4800 4801/4801/4801
v 1.0150 1.9600 -0.7000
vt 0.7849 0.8370
vn 0.0000 -0.0000 1.0000
v 1.0150 2.1000 -0.7000
vt 0.7849 0.8914
vn 0.0000 -0.0000 1.0000
v 0.8750 2.1000 -0.7000
vt 0.7849 0.8917
vn 0.0000 -0.0000 1.0000
v 0.8750 1.9600 -0.7000
vt 0.7849 0.8373
vn 0.0000 -0.0000 1.0000
f 4802/4802/4802 4803/4803/4803 4804/4804/4804 4805/4805/4805
v 1.0150 2.1000 -1.7500
vt 0.7960 0.9383
vn 0.0000 1.0000 0.0000
v 0.8750 2.1000 -1.7500
vt 0.7960 0.9386
vn 0.0000 1.0000 0.0000
v 0.8750 2.1000 -0.7000
vt 0.7849 0.9386
vn 0.0000 1.0000 0.0000
v 1.0150 2.1000 -0.7000
vt 0.7849 0.9383
vn 0.0000 1.0000 0.0000
f 4806/4806/4806 4807/4807/4807 4808/4808/4808 4809/4809/4809
v 0.5250 1.9600 -0.7000
vt 0.7849 0.8529
vn -1.0000 0.0000 0.0000
v 0.5250 2.1000 -0.7000
vt 0.7849 0.9073
vn -1.0000 0.0000 0.0000
v 0.5250 2.1000 -1.7500
vt 0.7960 0.9073
vn -1.0000 0.0000 0.0000
v 0.5250 1.9600 -1.7500
vt 0.7960 0.8529
vn -1.0000 0.0000 0.0000
f 4810/4810/4810 4811/4811/4811 4812/4812/4812 4813/4813/4813
v 0.5250 1.9600 -1.7500
vt 0.7960 0.8373
vn 0.0000 0.0000 -1.0000
v 0.5250 2.1000 -1.7500
vt 0.7960 0.8917
vn 0.0000 0.0000 -1.0000
v 0.6650 2.1000 -1.7500
vt 0.7960 0.8914
vn 0.0000 0.0000 -1.0000
v 0.6650 1.9600 -1.7500
vt 0.7960 0.8370
vn 0.0000 0.0000 -1.0000
f 4814/4814/4814 4815/4815/4815 4816/4816/4816 4817/4817/4817
v 0.6650 1.9600 -1.7500
vt 0.7960 0.8526
vn 1.0000 0.0000 0.0000
v 0.6650 2.1000 -1.7500
vt 0.7960 0.9070
vn 1.0000 0.0000 0.0000
v 0.6650 2.1000 -0.7000
vt 0.7849 0.9070
vn 1.0000 0.0000 0.0000
v 0.6650 1.9600 -0.7000
vt 0.7849 0.8526
vn 1.0000 0.0000 0.0000
f 4818/4818/4818 4819/4819/4819 4820/4820/4820 4821/4821/4821
v 0.6650 1.9600 -0.7000
vt 0.7849 0.8370
vn 0.0000 -0.0000 1.0000
v 0.6650 2.1000 -0.7000
vt 0.7849 0.8914
vn 0.0000 -0.0000 1.0000
v 0.5250 2.1000 -0.7000
vt 0.7849 0.8917
vn 0.0000 -0.0000 1.0000
v 0.5250 1.9600 -0.7000
vt 0.7849 0.8373
vn 0.0000 -0.0000 1.0000
f 4822/4822/4822 4823/4823/4823 4824/4824/4824 4825/4825/4825
v 0.6650 2.1000 -1.7500
vt 0.7960 0.9383
vn 0.0000 1.0000 0.0000
v 0.5250 2.1000 -1.7500
vt 0.7960 0.9386
vn 0.0000 1.0000 0.0000
v 0.5250 2.1000 -0.7000
vt 0.7849 0.9386
vn 0.0000 1.0000 0.0000
v 0.6650 2.1000 -0.7000
vt 0.7849 0.9383
vn 0.0000 1.0000 0.0000
f 4826/4826/4826 4827/4827/4827 4828/4828/4828 4829/4829/4829
v 0.1750 1.9600 -0.7000
vt 0.7849 0.8529
vn -1.0000 0.0000 0.0000
v 0.1750 2.1000 -0.7000
vt 0.7849 0.9073
vn -1.0000 0.0000 0.0000
v 0.1750 2.1000 -1.7500
vt 0.7960 0.9073
vn -1.0000 0.0000 0.0000
v 0.1750 1.9600 -1.7500
vt 0.7960 0.8529
vn -1.0000 0.0000 0.0000
f 4830/4830/4830 4831/4831/4831 4832/4832/4832 4833/4833/4833
v 0.1750 1.9600 -1.7500
vt 0.7960 0.8373
vn 0.0000 0.0000 -1.0000
v 0.1750 2.1000 -1.7500
vt 0.7960 0.8917
vn 0.0000 0.0000 -1.0000
v 0.3150 2.1000 -1.7500
vt 0.7960 0.8914
vn 0.0000 0.0000 -1.0000
v 0.3150 1.9600 -1.7500
vt 0.7960 0.8370
vn 0.0000 0.0000 -1.0000
f 4834/4834/4834 4835/4835/4835 4836/4836/4836 4837/4837/4837
v 0.3150 1.9600 -1.7500
vt 0.7960 0.8526
vn 1.0000 0.0000 0.0000
v 0.3150 2.1000 -1.7500
vt 0.7960 0.9070
vn 1.0000 0.0000 0.0000
v 0.3150 2.1000 -0.7000
vt 0.7849 0.9070
vn 1.0000 0.0000 0.0000
v 0.3150 1.9600 -0.7000
vt 0.7849 0.8526
vn 1.0000 0.0000 0.0000
f 4838/4838/4838 4839/4839/4839 4840/4840/4840 4841/4841/4841
v 0.3150 1.9600 -0.7000
vt 0.7849 0.8370
vn 0.0000 -0.0000 1.0000
v 0.3150 2.1000 -0.7000
vt 0.7849 0.8914
vn 0.0000 -0.0000 1.0000
v 0.1750 2.1000 -0.7000
vt 0.7849 0.8917
vn 0.0000 -0.0000 1.0000
v 0.1750 1.9600 -0.7000
vt 0.7849 0.8373
vn 0.0000 -0.0000 1.0000
f 4842/4842/4842 4843/4843/4843 4844/4844/4844 4845/4845/4845
v 0.3150 2.1000 -1.7500
vt 0.7960 0.9383
vn 0.0000 1.0000 0.0000
v 0.1750 2.1000 -1.7500
vt 0.7960 0.9386
vn 0.0000 1.0000 0.0000
v 0.1750 2.1000 -0.7000
vt 0.7849 0.9386
vn 0.0000 1.0000 0.0000
v 0.3150 2.1000 -0.7000
vt 0.7849 0.9383
vn 0.0000 1.0000 0.0000
f 4846/4846/4846 4847/4847/4847 4848/4848/4848 4849/4849/4849
v 0.8750 1.9600 -0.7000
vt 0.7849 0.8098
vn -0.0000 -1.0000 0.0000
v 0.8750 1.9600 -1.7500
vt 0.7960 0.8098
vn -0.0000 -1.0000 0.0000
v 1.0150 1.9600 -1.7500
vt 0.7960 0.8098
vn -0.0000 -1.0000 0.0000
v 1.0150 1.9600 -0.7000
vt 0.7849 0.8098
vn -0.0000 -1.0000 0.0000
f 4850/4850/4850 4851/4851/4851 4852/4852/4852 4853/4853/4853
v 0.5250 1.9600 -0.7000
vt 0.7849 0.8098
vn -0.0000 -1.0000 0.0000
v 0.5250 1.9600 -1.7500
vt 0.7960 0.8098
vn -0.0000 -1.0000 0.0000
v 0.6650 1.9600 -1.7500
vt 0.7960 0.8098
vn -0.0000 -1.0000 0.0000
v 0.6650 1.9600 -0.7000
vt 0.7849 0.8098
vn -0.0000 -1.0000 0.0000
f 4854/4854/4854 4855/4855/4855 4856/4856/4856 4857/4857/4857
v 0.1750 1.9600 -0.7000
vt 0.7849 0.8098
vn -0.0000 -1.0000 0.0000
v 0.1750 1.9600 -1.7500
vt 0.7960 0.8098
vn -0.0000 -1.0000 0.0000
v 0.3150 1.9600 -1.7500
vt 0.7960 0.8098
vn -0.0000 -1.0000 0.0000
v 0.3150 1.9600 -0.7000
vt 0.7849 0.8098
vn -0.0000 -1.0000 0.0000
f 4858/4858/4858 4859/4859/4859 4860/4860/4860 4861/4861/4861
v 0.7938 0.1750 1.4021
vt 0.7842 0.8581
vn -0.8660 0.0000 -0.5000
v 0.7938 0.3500 1.4021
vt 0.7842 0.8919
vn -0.8660 0.0000 -0.5000
v 1.1438 0.5250 0.7959
vt 0.7842 0.9258
vn -0.8660 0.0000 -0.5000
v 1.1438 0.2625 0.7959
vt 0.7842 0.8750
vn -0.8660 0.0000 -0.5000
f 4862/4862/4862 4863/4863/4863 4864/4864/4864 4865/4865/4865
v 1.1438 0.2625 0.7959
vt 0.7842 0.8750
vn 0.5000 0.0000 -0.8660
v 1.1438 0.5250 0.7959
vt 0.7842 0.9258
vn 0.5000 0.0000 -0.8660
v 2.3562 0.5250 1.4959
vt 0.8408 0.9258
vn 0.5000 0.0000 -0.8660
v 2.3562 0.2625 1.4959
vt 0.8408 0.8750
vn 0.5000 0.0000 -0.8660
f 4866/4866/4866 4867/4867/4867 4868/4868/4868 4869/4869/4869
v 2.3562 0.2625 1.4959
vt 0.8408 0.8750
vn 0.8660 -0.0000 0.5000
v 2.3562 0.5250 1.4959
vt 0.8408 0.9258
vn 0.8660 -0.0000 0.5000
v 2.0062 0.3500 2.1021
vt 0.8408 0.8919
vn 0.8660 -0.0000 0.5000
v 2.0062 0.1750 2.1021
vt 0.8408 0.8581
vn 0.8660 -0.0000 0.5000
f 4870/4870/4870 4871/4871/4871 4872/4872/4872 4873/4873/4873
v 2.0062 0.1750 2.1021
vt 0.8408 0.8581
vn -0.5000 0.0000 0.8660
v 2.0062 0.3500 2.1021
vt 0.8408 0.8919
vn -0.5000 0.0000 0.8660
v 0.7938 0.3500 1.4021
vt 0.7842 0.8919
vn -0.5000 0.0000 0.8660
v 0.7938 0.1750 1.4021
vt 0.7842 0.8581
vn -0.5000 0.0000 0.8660
f 4874/4874/4874 4875/4875/4875 4876/4876/4876 4877/4877/4877
v 1.1438 0.0000 0.7959
vt 0.7842 0.8086
vn -0.0000 -1.0000 0.0000
v 2.3562 0.0000 1.4959
vt 0.8408 0.8086
vn -0.0000 -1.0000 0.0000
v 2.0062 0.0000 2.1021
vt 0.8408 0.8086
vn -0.0000 -1.0000 0.0000
v 0.7938 0.0000 1.4021
vt 0.7842 0.8086
vn -0.0000 -1.0000 0.0000
f 4878/4878/4878 4879/4879/4879 4880/4880/4880 4881/4881/4881
v 2.2188 0.5003 1.5305
vt 0.8367 0.9054
vn -0.5000 0.0000 0.8660
v 1.1825 0.5003 0.9322
vt 0.7883 0.9054
vn -0.5000 0.0000 0.8660
v 1.1825 0.1225 0.9322
vt 0.7883 0.8323
vn -0.5000 0.0000 0.8660
v 2.2188 0.1225 1.5305
vt 0.8367 0.8323
vn -0.5000 0.0000 0.8660
f 4882/4882/4882 4883/4883/4883 4884/4884/4884 4885/4885/4885
v 0.9312 0.3747 1.3675
vt 0.7883 0.9280
vn -0.1213 0.9701 0.2100
v 1.1825 0.5003 0.9322
vt 0.7883 0.9523
vn -0.1213 0.9701 0.2100
v 1.1438 0.5250 0.7959
vt 0.7842 0.9570
vn -0.1213 0.9701 0.2100
v 0.7938 0.3500 1.4021
vt 0.7842 0.9232
vn -0.1213 0.9701 0.2100
f 4886/4886/4886 4887/4887/4887 4888/4888/4888 4889/4889/4889
v 1.1825 0.5003 0.9322
vt 0.7883 0.9523
vn -0.1213 0.9701 0.2100
v 2.2188 0.5003 1.5305
vt 0.8367 0.9523
vn -0.1213 0.9701 0.2100
v 2.3562 0.5250 1.4959
vt 0.8408 0.9570
vn -0.1213 0.9701 0.2100
v 1.1438 0.5250 0.7959
vt 0.7842 0.9570
vn -0.1213 0.9701 0.2100
f 4890/4890/4890 4891/4891/4891 4892/4892/4892 4893/4893/4893
v 2.2188 0.5003 1.5305
vt 0.8367 0.9523
vn -0.1213 0.9701 0.2100
v 1.9675 0.3747 1.9658
vt 0.8367 0.9280
vn -0.1213 0.9701 0.2100
v 2.0062 0.3500 2.1021
vt 0.8408 0.9232
vn -0.1213 0.9701 0.2100
v 2.3562 0.5250 1.4959
vt 0.8408 0.9570
vn -0.1213 0.9701 0.2100
f 4894/4894/4894 4895/4895/4895 4896/4896/4896 4897/4897/4897
v 1.9675 0.3747 1.9658
vt 0.8367 0.9280
vn -0.1213 0.9701 0.2100
v 0.9312 0.3747 1.3675
vt 0.7883 0.9280
vn -0.1213 0.9701 0.2100
v 0.7938 0.3500 1.4021
vt 0.7842 0.9232
vn -0.1213 0.9701 0.2100
v 2.0062 0.3500 2.1021
vt 0.8408 0.9232
vn -0.1213 0.9701 0.2100
f 4898/4898/4898 4899/4899/4899 4900/4900/4900 4901/4901/4901
v 2.2188 0.1225 1.5305
vt 0.8367 0.8635
vn 0.0000 1.0000 0.0000
v 1.1825 0.1225 0.9322
vt 0.7883 0.8635
vn 0.0000 1.0000 0.0000
v 0.9312 0.1225 1.3675
vt 0.7883 0.8635
vn 0.0000 1.0000 0.0000
v 1.9675 0.1225 1.9658
vt 0.8367 0.8635
vn 0.0000 1.0000 0.0000
f 4902/4902/4902 4903/4903/4903 4904/4904/4904 4905/4905/4905
v 1.9675 0.3747 1.9658
vt 0.8367 0.8811
vn -0.8660 0.0000 -0.5000
v 2.2188 0.5003 1.5305
vt 0.8367 0.9054
vn -0.8660 0.0000 -0.5000
v 2.2188 0.1225 1.5305
vt 0.8367 0.8323
vn -0.8660 0.0000 -0.5000
v 1.9675 0.1225 1.9658
vt 0.8367 0.8323
vn -0.8660 0.0000 -0.5000
f 4906/4906/4906 4907/4907/4907 4908/4908/4908 4909/4909/4909
v 1.1825 0.5003 0.9322
vt 0.7883 0.9054
vn 0.8660 -0.0000 0.5000
v 0.9312 0.3747 1.3675
vt 0.7883 0.8811
vn 0.8660 -0.0000 0.5000
v 0.9312 0.1225 1.3675
vt 0.7883 0.8323
vn 0.8660 -0.0000 0.5000
v 1.1825 0.1225 0.9322
vt 0.7883 0.8323
vn 0.8660 -0.0000 0.5000
f 4910/4910/4910 4911/4911/4911 4912/4912/4912 4913/4913/4913
v 0.9312 0.3747 1.3675
vt 0.7883 0.8811
vn 0.5000 0.0000 -0.8660
v 1.9675 0.3747 1.9658
vt 0.8367 0.8811
vn 0.5000 0.0000 -0.8660
v 1.9675 0.1225 1.9658
vt 0.8367 0.8323
vn 0.5000 0.0000 -0.8660
v 0.9312 0.1225 1.3675
vt 0.7883 0.8323
vn 0.5000 0.0000 -0.8660
f 4914/4914/4914 4915/4915/4915 4916/4916/4916 4917/4917/4917
v 1.7465 0.4443 1.2578
vt 0.8367 0.8948
vn -0.1248 0.9684 0.2161
v 1.6548 0.4443 1.2049
vt 0.7883 0.8948
vn -0.1248 0.9684 0.2161
v 1.4035 0.3147 1.6402
vt 0.7883 0.8948
vn -0.1248 0.9684 0.2161
v 1.4952 0.3147 1.6931
vt 0.8367 0.8948
vn -0.1248 0.9684 0.2161
f 4918/4918/4918 4919/4919/4919 4920/4920/4920 4921/4921/4921
v 1.4952 0.1225 1.6931
vt 0.8367 0.8479
vn 0.8660 -0.0000 0.5000
v 1.7465 0.1225 1.2578
vt 0.8367 0.8479
vn 0.8660 -0.0000 0.5000
v 1.7465 0.4443 1.2578
vt 0.8367 0.8479
vn 0.8660 -0.0000 0.5000
v 1.4952 0.3147 1.6931
vt 0.8367 0.8479
vn 0.8660 -0.0000 0.5000
f 4922/4922/4922 4923/4923/4923 4924/4924/4924 4925/4925/4925
v 1.6548 0.1225 1.2049
vt 0.7883 0.8479
vn -0.8660 0.0000 -0.5000
v 1.4035 0.1225 1.6402
vt 0.7883 0.8479
vn -0.8660 0.0000 -0.5000
v 1.4035 0.3147 1.6402
vt 0.7883 0.8479
vn -0.8660 0.0000 -0.5000
v 1.6548 0.4443 1.2049
vt 0.7883 0.8479
vn -0.8660 0.0000 -0.5000
f 4926/4926/4926 4927/4927/4927 4928/4928/4928 4929/4929/4929
v 2.0062 0.0000 2.1021
vt 0.8408 0.8242
vn -0.5000 0.0000 0.8660
v 2.0062 0.1750 2.1021
vt 0.8408 0.8424
vn -0.5000 0.0000 0.8660
v 0.7938 0.1750 1.4021
vt 0.7842 0.8424
vn -0.5000 0.0000 0.8660
v 0.7938 0.0000 1.4021
vt 0.7842 0.8242
vn -0.5000 0.0000 0.8660
f 4930/4930/4930 4931/4931/4931 4932/4932/4932 4933/4933/4933
v 2.3562 0.0000 1.4959
vt 0.8408 0.8242
vn 0.8660 -0.0000 0.5000
v 2.3562 0.2625 1.4959
vt 0.8408 0.8594
vn 0.8660 -0.0000 0.5000
v 2.0062 0.1750 2.1021
vt 0.8408 0.8424
vn 0.8660 -0.0000 0.5000
v 2.0062 0.0000 2.1021
vt 0.8408 0.8242
vn 0.8660 -0.0000 0.5000
f 4934/4934/4934 4935/4935/4935 4936/4936/4936 4937/4937/4937
v 1.1438 0.0000 0.7959
vt 0.7842 0.8242
vn 0.5000 0.0000 -0.8660
v 1.1438 0.2625 0.7959
vt 0.7842 0.8594
vn 0.5000 0.0000 -0.8660
v 2.3562 0.2625 1.4959
vt 0.8408 0.8594
vn 0.5000 0.0000 -0.8660
v 2.3562 0.0000 1.4959
vt 0.8408 0.8242
vn 0.5000 0.0000 -0.8660
f 4938/4938/4938 4939/4939/4939 4940/4940/4940 4941/4941/4941
v 0.7938 0.0000 1.4021
vt 0.7842 0.8242
vn -0.8660 0.0000 -0.5000
v 0.7938 0.1750 1.4021
vt 0.7842 0.8424
vn -0.8660 0.0000 -0.5000
v 1.1438 0.2625 0.7959
vt 0.7842 0.8594
vn -0.8660 0.0000 -0.5000
v 1.1438 0.0000 0.7959
vt 0.7842 0.8242
vn -0.8660 0.0000 -0.5000
f 4942/4942/4942 4943/4943/4943 4944/4944/4944 4945/4945/4945
v 1.8368 0.3798 1.3750
vt 0.4537 0.6893
vn -0.1131 0.9912 -0.0681
v 1.8801 0.3784 1.2999
vt 0.4667 0.5896
vn -0.0669 0.9974 -0.0261
v 1.7511 0.3784 1.2254
vt 0.4667 0.5896
vn -0.1397 0.9876 0.0710
v 1.7121 0.3551 1.2929
vt 0.4542 0.5897
vn -0.1812 0.9834 -0.0018
f 4946/4946/4946 4947/4947/4947 4948/4948/4948 4949/4949/4949
v 1.5907 0.2569 1.8012
vt 0.4040 0.5896
vn -0.1926 0.9581 0.2122
v 1.6528 0.2884 1.6937
vt 0.4165 0.5905
vn -0.2578 0.9323 0.2536
v 1.5243 0.2812 1.6182
vt 0.4165 0.5896
vn -0.2129 0.9489 0.2329
v 1.4617 0.2569 1.7267
vt 0.4040 0.5896
vn -0.1306 0.9755 0.1769
f 4950/4950/4950 4951/4951/4951 4952/4952/4952 4953/4953/4953
v 1.6528 0.2884 1.6937
vt 0.4165 0.5905
vn -0.2578 0.9323 0.2536
v 1.7101 0.3484 1.5944
vt 0.4286 0.6893
vn -0.3167 0.9249 0.2104
v 1.5854 0.3238 1.5124
vt 0.4291 0.5897
vn -0.3019 0.9382 0.1691
v 1.5243 0.2812 1.6182
vt 0.4165 0.5896
vn -0.2129 0.9489 0.2329
f 4954/4954/4954 4955/4955/4955 4956/4956/4956 4957/4957/4957
v 1.7101 0.3484 1.5944
vt 0.4286 0.6893
vn -0.3167 0.9249 0.2104
v 1.7691 0.3840 1.4923
vt 0.4406 0.6907
vn -0.2339 0.9722 0.0085
v 1.6480 0.3388 1.4039
vt 0.4415 0.5908
vn -0.2633 0.9646 -0.0152
v 1.5854 0.3238 1.5124
vt 0.4291 0.5897
vn -0.3019 0.9382 0.1691
f 4958/4958/4958 4959/4959/4959 4960/4960/4960 4961/4961/4961
v 1.7691 0.3840 1.4923
vt 0.4406 0.6907
vn -0.2339 0.9722 0.0085
v 1.8368 0.3798 1.3750
vt 0.4537 0.6893
vn -0.1131 0.9912 -0.0681
v 1.7121 0.3551 1.2929
vt 0.4542 0.5897
vn -0.1812 0.9834 -0.0018
v 1.6480 0.3388 1.4039
vt 0.4415 0.5908
vn -0.2633 0.9646 -0.0152
f 4962/4962/4962 4963/4963/4963 4964/4964/4964 4965/4965/4965
v 2.1443 0.3388 1.6904
vt 0.4415 0.5908
vn 0.1508 0.9432 0.2962
v 2.2084 0.3551 1.5795
vt 0.4542 0.5897
vn 0.1158 0.9787 0.1695
v 2.0948 0.3798 1.5240
vt 0.4537 0.6893
vn 0.1282 0.9892 0.0708
v 2.0271 0.3840 1.6413
vt 0.4406 0.6907
vn 0.1156 0.9569 0.2665
f 4966/4966/4966 4967/4967/4967 4968/4968/4968 4969/4969/4969
v 2.0271 0.3840 1.6413
vt 0.4406 0.6907
vn 0.1156 0.9569 0.2665
v 2.0948 0.3798 1.5240
vt 0.4537 0.6893
vn 0.1282 0.9892 0.0708
v 1.9627 0.3970 1.4548
vt 0.4534 0.6901
vn 0.0454 0.9959 -0.0786
v 1.8930 0.4129 1.5757
vt 0.4401 0.7090
vn -0.0641 0.9882 0.1394
f 4970/4970/4970 4971/4971/4971 4972/4972/4972 4973/4973/4973
v 1.8930 0.4129 1.5757
vt 0.4401 0.7090
vn -0.0641 0.9882 0.1394
v 1.9627 0.3970 1.4548
vt 0.4534 0.6901
vn 0.0454 0.9959 -0.0786
v 1.8368 0.3798 1.3750
vt 0.4537 0.6893
vn -0.1131 0.9912 -0.0681
v 1.7691 0.3840 1.4923
vt 0.4406 0.6907
vn -0.2339 0.9722 0.0085
f 4974/4974/4974 4975/4975/4975 4976/4976/4976 4977/4977/4977
v 2.0830 0.3065 1.7965
vt 0.4291 0.5897
vn 0.0317 0.9318 0.3616
v 2.1443 0.3388 1.6904
vt 0.4415 0.5908
vn 0.1508 0.9432 0.2962
v 2.0271 0.3840 1.6413
vt 0.4406 0.6907
vn 0.1156 0.9569 0.2665
v 1.9695 0.3312 1.7410
vt 0.4286 0.6893
vn 0.0148 0.9172 0.3982
f 4978/4978/4978 4979/4979/4979 4980/4980/4980 4981/4981/4981
v 1.9695 0.3312 1.7410
vt 0.4286 0.6893
vn 0.0148 0.9172 0.3982
v 2.0271 0.3840 1.6413
vt 0.4406 0.6907
vn 0.1156 0.9569 0.2665
v 1.8930 0.4129 1.5757
vt 0.4401 0.7090
vn -0.0641 0.9882 0.1394
v 1.8359 0.3675 1.6745
vt 0.4283 0.6902
vn -0.1691 0.9220 0.3483
f 4982/4982/4982 4983/4983/4983 4984/4984/4984 4985/4985/4985
v 1.8359 0.3675 1.6745
vt 0.4283 0.6902
vn -0.1691 0.9220 0.3483
v 1.8930 0.4129 1.5757
vt 0.4401 0.7090
vn -0.0641 0.9882 0.1394
v 1.7691 0.3840 1.4923
vt 0.4406 0.6907
vn -0.2339 0.9722 0.0085
v 1.7101 0.3484 1.5944
vt 0.4286 0.6893
vn -0.3167 0.9249 0.2104
f 4986/4986/4986 4987/4987/4987 4988/4988/4988 4989/4989/4989
v 2.0206 0.2812 1.9047
vt 0.4165 0.5896
vn -0.0524 0.9665 0.2512
v 2.0830 0.3065 1.7965
vt 0.4291 0.5897
vn 0.0317 0.9318 0.3616
v 1.9695 0.3312 1.7410
vt 0.4286 0.6893
vn 0.0148 0.9172 0.3982
v 1.9108 0.2884 1.8427
vt 0.4165 0.5905
vn -0.0492 0.9466 0.3187
f 4990/4990/4990 4991/4991/4991 4992/4992/4992 4993/4993/4993
v 1.9108 0.2884 1.8427
vt 0.4165 0.5905
vn -0.0492 0.9466 0.3187
v 1.9695 0.3312 1.7410
vt 0.4286 0.6893
vn 0.0148 0.9172 0.3982
v 1.8359 0.3675 1.6745
vt 0.4283 0.6902
vn -0.1691 0.9220 0.3483
v 1.7796 0.3157 1.7720
vt 0.4165 0.5941
vn -0.1761 0.9259 0.3343
f 4994/4994/4994 4995/4995/4995 4996/4996/4996 4997/4997/4997
v 1.7796 0.3157 1.7720
vt 0.4165 0.5941
vn -0.1761 0.9259 0.3343
v 1.8359 0.3675 1.6745
vt 0.4283 0.6902
vn -0.1691 0.9220 0.3483
v 1.7101 0.3484 1.5944
vt 0.4286 0.6893
vn -0.3167 0.9249 0.2104
v 1.6528 0.2884 1.6937
vt 0.4165 0.5905
vn -0.2578 0.9323 0.2536
f 4998/4998/4998 4999/4999/4999 5000/5000/5000 5001/5001/5001
v 1.9579 0.2569 2.0132
vt 0.4040 0.5896
vn -0.0841 0.9754 0.2038
v 2.0206 0.2812 1.9047
vt 0.4165 0.5896
vn -0.0524 0.9665 0.2512
v 1.9108 0.2884 1.8427
vt 0.4165 0.5905
vn -0.0492 0.9466 0.3187
v 1.8487 0.2569 1.9502
vt 0.4040 0.5896
vn -0.0856 0.9579 0.2740
f 5002/5002/5002 5003/5003/5003 5004/5004/5004 5005/5005/5005
v 1.8487 0.2569 1.9502
vt 0.4040 0.5896
vn -0.0856 0.9579 0.2740
v 1.9108 0.2884 1.8427
vt 0.4165 0.5905
vn -0.0492 0.9466 0.3187
v 1.7796 0.3157 1.7720
vt 0.4165 0.5941
vn -0.1761 0.9259 0.3343
v 1.7196 0.2585 1.8759
vt 0.4040 0.5898
vn -0.1709 0.9398 0.2960
f 5006/5006/5006 5007/5007/5007 5008/5008/5008 5009/5009/5009
v 1.7196 0.2585 1.8759
vt 0.4040 0.5898
vn -0.1709 0.9398 0.2960
v 1.7796 0.3157 1.7720
vt 0.4165 0.5941
vn -0.1761 0.9259 0.3343
v 1.6528 0.2884 1.6937
vt 0.4165 0.5905
vn -0.2578 0.9323 0.2536
v 1.5907 0.2569 1.8012
vt 0.4040 0.5896
vn -0.1926 0.9581 0.2122
f 5010/5010/5010 5011/5011/5011 5012/5012/5012 5013/5013/5013
v 2.2084 0.3551 1.5795
vt 0.4542 0.5897
vn 0.1158 0.9787 0.1695
v 2.2473 0.3784 1.5119
vt 0.4667 0.5896
vn 0.0218 0.9862 0.1640
v 2.1382 0.3784 1.4489
vt 0.4667 0.5896
vn 0.0628 0.9968 0.0487
v 2.0948 0.3798 1.5240
vt 0.4537 0.6893
vn 0.1282 0.9892 0.0708
f 5014/5014/5014 5015/5015/5015 5016/5016/5016 5017/5017/5017
v 2.0948 0.3798 1.5240
vt 0.4537 0.6893
vn 0.1282 0.9892 0.0708
v 2.1382 0.3784 1.4489
vt 0.4667 0.5896
vn 0.0628 0.9968 0.0487
v 2.0091 0.3785 1.3744
vt 0.4667 0.5896
vn 0.0549 0.9939 -0.0952
v 1.9627 0.3970 1.4548
vt 0.4534 0.6901
vn 0.0454 0.9959 -0.0786
f 5018/5018/5018 5019/5019/5019 5020/5020/5020 5021/5021/5021
v 1.9627 0.3970 1.4548
vt 0.4534 0.6901
vn 0.0454 0.9959 -0.0786
v 2.0091 0.3785 1.3744
vt 0.4667 0.5896
vn 0.0549 0.9939 -0.0952
v 1.8801 0.3784 1.2999
vt 0.4667 0.5896
vn -0.0669 0.9974 -0.0261
v 1.8368 0.3798 1.3750
vt 0.4537 0.6893
vn -0.1131 0.9912 -0.0681
f 5022/5022/5022 5023/5023/5023 5024/5024/5024 5025/5025/5025
v 1.5194 0.1200 1.3529
vt 0.7176 0.5943
vn 0.2606 -0.9511 0.1658
v 1.4539 0.1476 1.4389
vt 0.7176 0.6733
vn -0.0958 -0.7378 0.6682
v 1.2173 0.1482 1.2586
vt 0.6738 0.6733
vn -0.6211 -0.7366 0.2678
v 1.2828 0.1205 1.1726
vt 0.6738 0.5943
vn -0.2318 -0.9499 -0.2095
f 5026/5026/5026 5027/5027/5027 5028/5028/5028 5029/5029/5029
v 1.5919 0.2459 1.3196
vt 0.7231 0.5888
vn 0.7953 -0.0019 0.6062
v 1.5264 0.2736 1.4055
vt 0.7231 0.6678
vn 0.7953 -0.0019 0.6062
v 1.4940 0.1767 1.4478
vt 0.7231 0.6719
vn 0.7953 -0.0019 0.6062
v 1.5595 0.1490 1.3618
vt 0.7231 0.5929
vn 0.7953 -0.0019 0.6062
f 5030/5030/5030 5031/5031/5031 5032/5032/5032 5033/5033/5033
v 1.4750 0.2829 1.4117
vt 0.7177 0.7045
vn -0.2009 0.3886 0.8993
v 1.2384 0.2834 1.2313
vt 0.6738 0.7045
vn -0.8127 0.3900 0.4329
v 1.2060 0.1865 1.2736
vt 0.6738 0.7086
vn -0.8425 0.0352 0.5375
v 1.4426 0.1860 1.4539
vt 0.7176 0.7086
vn -0.2949 0.0339 0.9549
f 5034/5034/5034 5035/5035/5035 5036/5036/5036 5037/5037/5037
v 1.3329 0.4807 1.0467
vt 0.6684 0.5888
vn -0.7953 0.0019 -0.6062
v 1.2674 0.5084 1.1327
vt 0.6684 0.6678
vn -0.7953 0.0019 -0.6062
v 1.2717 0.6457 1.1275
vt 0.6684 0.6719
vn -0.8839 0.3453 -0.3153
v 1.3372 0.6180 1.0415
vt 0.6684 0.5929
vn -0.4471 0.2757 -0.8509
f 5038/5038/5038 5039/5039/5039 5040/5040/5040 5041/5041/5041
v 1.3676 0.6609 1.0631
vt 0.6739 0.5943
vn 0.0305 0.7786 -0.6268
v 1.3021 0.6886 1.1491
vt 0.6739 0.6733
vn 0.1519 0.9687 -0.1963
v 1.5387 0.6880 1.3294
vt 0.7178 0.6733
vn 0.1519 0.9687 -0.1963
v 1.6042 0.6603 1.2434
vt 0.7178 0.5943
vn 0.5986 0.7773 -0.1937
f 5042/5042/5042 5043/5043/5043 5044/5044/5044 5045/5045/5045
v 1.3151 0.1404 1.1303
vt 0.6738 0.5562
vn 0.1276 -0.6956 -0.7070
v 1.2828 0.1205 1.1726
vt 0.6738 0.5631
vn -0.2318 -0.9499 -0.2095
v 1.2637 0.1497 1.1364
vt 0.6683 0.5617
vn -0.3801 -0.6772 -0.6300
f 5046/5046/5046 5047/5047/5047 5048/5048/5048
v 1.2173 0.1482 1.2586
vt 0.6738 0.7045
vn -0.6211 -0.7366 0.2678
v 1.2060 0.1865 1.2736
vt 0.6738 0.7086
vn -0.8425 0.0352 0.5375
v 1.1982 0.1774 1.2224
vt 0.6683 0.7031
vn -0.9635 -0.2652 -0.0356
f 5049/5049/5049 5050/5050/5050 5051/5051/5051
v 1.3886 0.6087 1.0354
vt 0.6739 0.5562
vn 0.2873 0.2297 -0.9299
v 1.3372 0.6180 1.0415
vt 0.6684 0.5617
vn -0.4471 0.2757 -0.8509
v 1.3676 0.6609 1.0631
vt 0.6739 0.5631
vn 0.0305 0.7786 -0.6268
f 5052/5052/5052 5053/5053/5053 5054/5054/5054
v 1.2794 0.6549 1.1787
vt 0.6739 0.7086
vn -0.7937 0.3929 0.4644
v 1.3021 0.6886 1.1491
vt 0.6739 0.7045
vn -0.6329 0.7741 0.0125
v 1.2717 0.6457 1.1275
vt 0.6684 0.7031
vn -0.8839 0.3453 -0.3153
f 5055/5055/5055 5056/5056/5056 5057/5057/5057
v 1.5517 0.1398 1.3106
vt 0.7176 0.5562
vn 0.6458 -0.6968 -0.3121
v 1.5595 0.1490 1.3618
vt 0.7231 0.5617
vn 0.7062 -0.6798 0.1980
v 1.5194 0.1200 1.3529
vt 0.7176 0.5631
vn 0.2606 -0.9511 0.1658
f 5058/5058/5058 5059/5059/5059 5060/5060/5060
v 1.4426 0.1860 1.4539
vt 0.7176 0.7086
vn -0.2949 0.0339 0.9549
v 1.4539 0.1476 1.4389
vt 0.7176 0.7045
vn -0.0958 -0.7378 0.6682
v 1.4940 0.1767 1.4478
vt 0.7231 0.7031
vn 0.2889 -0.2682 0.9190
f 5061/5061/5061 5062/5062/5062 5063/5063/5063
v 1.6252 0.6082 1.2157
vt 0.7178 0.5562
vn 0.8212 0.2284 -0.5229
v 1.6042 0.6603 1.2434
vt 0.7178 0.5631
vn 0.5986 0.7773 -0.1937
v 1.6329 0.6173 1.2669
vt 0.7233 0.5617
vn 0.9398 0.2725 0.2063
f 5064/5064/5064 5065/5065/5065 5066/5066/5066
v 1.5160 0.6543 1.3590
vt 0.7178 0.7086
vn -0.2363 0.3916 0.8893
v 1.5674 0.6450 1.3529
vt 0.7233 0.7031
vn 0.5394 0.3419 0.7695
v 1.5387 0.6880 1.3294
vt 0.7178 0.7045
vn 0.1581 0.7722 0.6154
f 5067/5067/5067 5068/5068/5068 5069/5069/5069
v 1.3476 0.2373 1.0880
vt 0.6738 0.5521
vn 0.2136 -0.3865 -0.8972
v 1.3151 0.1404 1.1303
vt 0.6738 0.5562
vn 0.1276 -0.6956 -0.7070
v 1.2637 0.1497 1.1364
vt 0.6683 0.5617
vn -0.3801 -0.6772 -0.6300
v 1.2962 0.2466 1.0941
vt 0.6683 0.5576
vn -0.1663 -0.3018 -0.9388
f 5070/5070/5070 5071/5071/5071 5072/5072/5072 5073/5073/5073
v 1.2828 0.1205 1.1726
vt 0.6738 0.5943
vn -0.2318 -0.9499 -0.2095
v 1.2173 0.1482 1.2586
vt 0.6738 0.6733
vn -0.6211 -0.7366 0.2678
v 1.1982 0.1774 1.2224
vt 0.6683 0.6719
vn -0.9635 -0.2652 -0.0356
v 1.2637 0.1497 1.1364
vt 0.6683 0.5929
vn -0.3801 -0.6772 -0.6300
f 5074/5074/5074 5075/5075/5075 5076/5076/5076 5077/5077/5077
v 1.2752 0.5176 1.1839
vt 0.6739 0.7045
vn -0.8625 0.0910 0.4979
v 1.2794 0.6549 1.1787
vt 0.6739 0.7086
vn -0.7937 0.3929 0.4644
v 1.2717 0.6457 1.1275
vt 0.6684 0.7031
vn -0.8839 0.3453 -0.3153
v 1.2674 0.5084 1.1327
vt 0.6684 0.6990
vn -0.9879 0.0743 0.1363
f 5078/5078/5078 5079/5079/5079 5080/5080/5080 5081/5081/5081
v 1.3021 0.6886 1.1491
vt 0.6739 0.6733
vn -0.6329 0.7741 0.0125
v 1.3676 0.6609 1.0631
vt 0.6739 0.5943
vn 0.0305 0.7786 -0.6268
v 1.3372 0.6180 1.0415
vt 0.6684 0.5929
vn -0.4471 0.2757 -0.8509
v 1.2717 0.6457 1.1275
vt 0.6684 0.6719
vn -0.8839 0.3453 -0.3153
f 5082/5082/5082 5083/5083/5083 5084/5084/5084 5085/5085/5085
v 1.6252 0.6082 1.2157
vt 0.7178 0.5562
vn 0.8212 0.2284 -0.5229
v 1.3886 0.6087 1.0354
vt 0.6739 0.5562
vn 0.2873 0.2297 -0.9299
v 1.3676 0.6609 1.0631
vt 0.6739 0.5631
vn 0.0305 0.7786 -0.6268
v 1.6042 0.6603 1.2434
vt 0.7178 0.5631
vn 0.5986 0.7773 -0.1937
f 5086/5086/5086 5087/5087/5087 5088/5088/5088 5089/5089/5089
v 1.2794 0.6549 1.1787
vt 0.6739 0.7086
vn -0.7937 0.3929 0.4644
v 1.5160 0.6543 1.3590
vt 0.7178 0.7086
vn -0.2363 0.3916 0.8893
v 1.5387 0.6880 1.3294
vt 0.7178 0.7045
vn 0.1581 0.7722 0.6154
v 1.3021 0.6886 1.1491
vt 0.6739 0.7045
vn -0.6329 0.7741 0.0125
f 5090/5090/5090 5091/5091/5091 5092/5092/5092 5093/5093/5093
v 1.5674 0.6450 1.3529
vt 0.7233 0.6719
vn 0.5394 0.3419 0.7695
v 1.6329 0.6173 1.2669
vt 0.7233 0.5929
vn 0.9398 0.2725 0.2063
v 1.6042 0.6603 1.2434
vt 0.7178 0.5943
vn 0.5986 0.7773 -0.1937
v 1.5387 0.6880 1.3294
vt 0.7178 0.6733
vn 0.1581 0.7722 0.6154
f 5094/5094/5094 5095/5095/5095 5096/5096/5096 5097/5097/5097
v 1.6209 0.4709 1.2209
vt 0.7177 0.5521
vn 0.8577 -0.0940 -0.5055
v 1.6252 0.6082 1.2157
vt 0.7178 0.5562
vn 0.8212 0.2284 -0.5229
v 1.6329 0.6173 1.2669
vt 0.7233 0.5617
vn 0.9398 0.2725 0.2063
v 1.6286 0.4800 1.2721
vt 0.7232 0.5576
vn 0.9881 -0.0695 -0.1372
f 5098/5098/5098 5099/5099/5099 5100/5100/5100 5101/5101/5101
v 1.4750 0.2829 1.4117
vt 0.7177 0.7045
vn -0.2009 0.3886 0.8993
v 1.4426 0.1860 1.4539
vt 0.7176 0.7086
vn -0.2949 0.0339 0.9549
v 1.4940 0.1767 1.4478
vt 0.7231 0.7031
vn 0.2889 -0.2682 0.9190
v 1.5264 0.2736 1.4055
vt 0.7231 0.6990
vn 0.1652 0.2940 0.9414
f 5102/5102/5102 5103/5103/5103 5104/5104/5104 5105/5105/5105
v 1.4539 0.1476 1.4389
vt 0.7176 0.6733
vn -0.0958 -0.7378 0.6682
v 1.5194 0.1200 1.3529
vt 0.7176 0.5943
vn 0.2606 -0.9511 0.1658
v 1.5595 0.1490 1.3618
vt 0.7231 0.5929
vn 0.7062 -0.6798 0.1980
v 1.4940 0.1767 1.4478
vt 0.7231 0.6719
vn 0.2889 -0.2682 0.9190
f 5106/5106/5106 5107/5107/5107 5108/5108/5108 5109/5109/5109
v 1.3151 0.1404 1.1303
vt 0.6738 0.5562
vn 0.1276 -0.6956 -0.7070
v 1.5517 0.1398 1.3106
vt 0.7176 0.5562
vn 0.6458 -0.6968 -0.3121
v 1.5194 0.1200 1.3529
vt 0.7176 0.5631
vn 0.2606 -0.9511 0.1658
v 1.2828 0.1205 1.1726
vt 0.6738 0.5631
vn -0.2318 -0.9499 -0.2095
f 5110/5110/5110 5111/5111/5111 5112/5112/5112 5113/5113/5113
v 1.4426 0.1860 1.4539
vt 0.7176 0.7086
vn -0.2949 0.0339 0.9549
v 1.2060 0.1865 1.2736
vt 0.6738 0.7086
vn -0.8425 0.0352 0.5375
v 1.2173 0.1482 1.2586
vt 0.6738 0.7045
vn -0.6211 -0.7366 0.2678
v 1.4539 0.1476 1.4389
vt 0.7176 0.7045
vn -0.0958 -0.7378 0.6682
f 5114/5114/5114 5115/5115/5115 5116/5116/5116 5117/5117/5117
v 1.3476 0.2373 1.0880
vt 0.6738 0.5521
vn 0.2136 -0.3865 -0.8972
v 1.5842 0.2367 1.2684
vt 0.7177 0.5521
vn 0.8073 -0.3879 -0.4447
v 1.5517 0.1398 1.3106
vt 0.7176 0.5562
vn 0.6458 -0.6968 -0.3121
v 1.3151 0.1404 1.1303
vt 0.6738 0.5562
vn 0.1276 -0.6956 -0.7070
f 5118/5118/5118 5119/5119/5119 5120/5120/5120 5121/5121/5121
v 1.3886 0.6087 1.0354
vt 0.6739 0.5562
vn 0.2873 0.2297 -0.9299
v 1.6252 0.6082 1.2157
vt 0.7178 0.5562
vn 0.8212 0.2284 -0.5229
v 1.6209 0.4709 1.2209
vt 0.7177 0.5521
vn 0.8577 -0.0940 -0.5055
v 1.3843 0.4714 1.0406
vt 0.6739 0.5521
vn 0.2598 -0.0926 -0.9612
f 5122/5122/5122 5123/5123/5123 5124/5124/5124 5125/5125/5125
v 1.3843 0.4714 1.0406
vt 0.6739 0.5521
vn 0.2598 -0.0926 -0.9612
v 1.6209 0.4709 1.2209
vt 0.7177 0.5521
vn 0.8577 -0.0940 -0.5055
v 1.6091 0.3444 1.2360
vt 0.7177 0.5346
vn 0.8408 -0.2359 -0.4872
v 1.3725 0.3449 1.0556
vt 0.6738 0.5346
vn 0.2462 -0.2345 -0.9404
f 5126/5126/5126 5127/5127/5127 5128/5128/5128 5129/5129/5129
v 1.3725 0.3449 1.0556
vt 0.6738 0.5346
vn 0.2462 -0.2345 -0.9404
v 1.6091 0.3444 1.2360
vt 0.7177 0.5346
vn 0.8408 -0.2359 -0.4872
v 1.5842 0.2367 1.2684
vt 0.7177 0.5521
vn 0.8073 -0.3879 -0.4447
v 1.3476 0.2373 1.0880
vt 0.6738 0.5521
vn 0.2136 -0.3865 -0.8972
f 5130/5130/5130 5131/5131/5131 5132/5132/5132 5133/5133/5133
v 1.5160 0.6543 1.3590
vt 0.7178 0.7086
vn -0.2363 0.3916 0.8893
v 1.5118 0.5170 1.3642
vt 0.7177 0.7045
vn -0.2512 0.0896 0.9638
v 1.5632 0.5077 1.3581
vt 0.7232 0.6990
vn 0.1307 0.0716 0.9888
v 1.5674 0.6450 1.3529
vt 0.7233 0.7031
vn 0.5394 0.3419 0.7695
f 5134/5134/5134 5135/5135/5135 5136/5136/5136 5137/5137/5137
v 1.5118 0.5170 1.3642
vt 0.7177 0.7045
vn -0.2512 0.0896 0.9638
v 1.5000 0.3905 1.3793
vt 0.7177 0.6714
vn -0.2272 0.2327 0.9456
v 1.5514 0.3812 1.3732
vt 0.7232 0.6659
vn 0.1480 0.1778 0.9729
v 1.5632 0.5077 1.3581
vt 0.7232 0.6990
vn 0.1307 0.0716 0.9888
f 5138/5138/5138 5139/5139/5139 5140/5140/5140 5141/5141/5141
v 1.5000 0.3905 1.3793
vt 0.7177 0.7026
vn -0.2272 0.2327 0.9456
v 1.4750 0.2829 1.4117
vt 0.7177 0.7045
vn -0.2009 0.3886 0.8993
v 1.5264 0.2736 1.4055
vt 0.7231 0.6990
vn 0.1652 0.2940 0.9414
v 1.5514 0.3812 1.3732
vt 0.7232 0.6659
vn 0.1480 0.1778 0.9729
f 5142/5142/5142 5143/5143/5143 5144/5144/5144 5145/5145/5145
v 1.5517 0.1398 1.3106
vt 0.7176 0.5562
vn 0.6458 -0.6968 -0.3121
v 1.5842 0.2367 1.2684
vt 0.7177 0.5521
vn 0.8073 -0.3879 -0.4447
v 1.5919 0.2459 1.3196
vt 0.7231 0.5576
vn 0.9484 -0.3044 -0.0891
v 1.5595 0.1490 1.3618
vt 0.7231 0.5617
vn 0.7062 -0.6798 0.1980
f 5146/5146/5146 5147/5147/5147 5148/5148/5148 5149/5149/5149
v 1.5842 0.2367 1.2684
vt 0.7177 0.5521
vn 0.8073 -0.3879 -0.4447
v 1.6091 0.3444 1.2360
vt 0.7177 0.5346
vn 0.8408 -0.2359 -0.4872
v 1.6169 0.3535 1.2872
vt 0.7232 0.5557
vn 0.9767 -0.1809 -0.1155
v 1.5919 0.2459 1.3196
vt 0.7231 0.5576
vn 0.9484 -0.3044 -0.0891
f 5150/5150/5150 5151/5151/5151 5152/5152/5152 5153/5153/5153
v 1.6091 0.3444 1.2360
vt 0.7177 0.5346
vn 0.8408 -0.2359 -0.4872
v 1.6209 0.4709 1.2209
vt 0.7177 0.5521
vn 0.8577 -0.0940 -0.5055
v 1.6286 0.4800 1.2721
vt 0.7232 0.5576
vn 0.9881 -0.0695 -0.1372
v 1.6169 0.3535 1.2872
vt 0.7232 0.5557
vn 0.9767 -0.1809 -0.1155
f 5154/5154/5154 5155/5155/5155 5156/5156/5156 5157/5157/5157
v 1.2060 0.1865 1.2736
vt 0.6738 0.7086
vn -0.8425 0.0352 0.5375
v 1.2384 0.2834 1.2313
vt 0.6738 0.7045
vn -0.8127 0.3900 0.4329
v 1.2307 0.2743 1.1801
vt 0.6683 0.6990
vn -0.9506 0.2967 0.0908
v 1.1982 0.1774 1.2224
vt 0.6683 0.7031
vn -0.9635 -0.2652 -0.0356
f 5158/5158/5158 5159/5159/5159 5160/5160/5160 5161/5161/5161
v 1.2384 0.2834 1.2313
vt 0.6738 0.7045
vn -0.8127 0.3900 0.4329
v 1.2634 0.3911 1.1989
vt 0.6738 0.7026
vn -0.8509 0.2342 0.4702
v 1.2556 0.3819 1.1477
vt 0.6683 0.6659
vn -0.9768 0.1805 0.1156
v 1.2307 0.2743 1.1801
vt 0.6683 0.6990
vn -0.9506 0.2967 0.0908
f 5162/5162/5162 5163/5163/5163 5164/5164/5164 5165/5165/5165
v 1.2634 0.3911 1.1989
vt 0.6738 0.6714
vn -0.8509 0.2342 0.4702
v 1.2752 0.5176 1.1839
vt 0.6739 0.7045
vn -0.8625 0.0910 0.4979
v 1.2674 0.5084 1.1327
vt 0.6684 0.6990
vn -0.9879 0.0743 0.1363
v 1.2556 0.3819 1.1477
vt 0.6683 0.6659
vn -0.9768 0.1805 0.1156
f 5166/5166/5166 5167/5167/5167 5168/5168/5168 5169/5169/5169
v 1.3886 0.6087 1.0354
vt 0.6739 0.5562
vn 0.2873 0.2297 -0.9299
v 1.3843 0.4714 1.0406
vt 0.6739 0.5521
vn 0.2598 -0.0926 -0.9612
v 1.3329 0.4807 1.0467
vt 0.6684 0.5576
vn -0.1298 -0.0668 -0.9893
v 1.3372 0.6180 1.0415
vt 0.6684 0.5617
vn -0.4471 0.2757 -0.8509
f 5170/5170/5170 5171/5171/5171 5172/5172/5172 5173/5173/5173
v 1.3843 0.4714 1.0406
vt 0.6739 0.5521
vn 0.2598 -0.0926 -0.9612
v 1.3725 0.3449 1.0556
vt 0.6738 0.5346
vn 0.2462 -0.2345 -0.9404
v 1.3211 0.3542 1.0617
vt 0.6683 0.5557
vn -0.1480 -0.1782 -0.9728
v 1.3329 0.4807 1.0467
vt 0.6684 0.5576
vn -0.1298 -0.0668 -0.9893
f 5174/5174/5174 5175/5175/5175 5176/5176/5176 5177/5177/5177
v 1.3725 0.3449 1.0556
vt 0.6738 0.5346
vn 0.2462 -0.2345 -0.9404
v 1.3476 0.2373 1.0880
vt 0.6738 0.5521
vn 0.2136 -0.3865 -0.8972
v 1.2962 0.2466 1.0941
vt 0.6683 0.5576
vn -0.1663 -0.3018 -0.9388
v 1.3211 0.3542 1.0617
vt 0.6683 0.5557
vn -0.1480 -0.1782 -0.9728
f 5178/5178/5178 5179/5179/5179 5180/5180/5180 5181/5181/5181
v 1.2637 0.1497 1.1364
vt 0.6683 0.5929
vn -0.7953 0.0019 -0.6062
v 1.1982 0.1774 1.2224
vt 0.6683 0.6719
vn -0.7953 0.0019 -0.6062
v 1.2307 0.2743 1.1801
vt 0.6683 0.6678
vn -0.7953 0.0019 -0.6062
v 1.2962 0.2466 1.0941
vt 0.6683 0.5888
vn -0.7953 0.0019 -0.6062
f 5182/5182/5182 5183/5183/5183 5184/5184/5184 5185/5185/5185
v 1.2962 0.2466 1.0941
vt 0.6683 0.5888
vn -0.7953 0.0019 -0.6062
v 1.2307 0.2743 1.1801
vt 0.6683 0.6678
vn -0.7953 0.0019 -0.6062
v 1.2556 0.3819 1.1477
vt 0.6683 0.6659
vn -0.7953 0.0019 -0.6062
v 1.3211 0.3542 1.0617
vt 0.6683 0.5557
vn -0.7953 0.0019 -0.6062
f 5186/5186/5186 5187/5187/5187 5188/5188/5188 5189/5189/5189
v 1.3211 0.3542 1.0617
vt 0.6683 0.5557
vn -0.7953 0.0019 -0.6062
v 1.2556 0.3819 1.1477
vt 0.6683 0.6659
vn -0.7953 0.0019 -0.6062
v 1.2674 0.5084 1.1327
vt 0.6684 0.6678
vn -0.7953 0.0019 -0.6062
v 1.3329 0.4807 1.0467
vt 0.6684 0.5888
vn -0.7953 0.0019 -0.6062
f 5190/5190/5190 5191/5191/5191 5192/5192/5192 5193/5193/5193
v 1.5160 0.6543 1.3590
vt 0.7178 0.7086
vn -0.2363 0.3916 0.8893
v 1.2794 0.6549 1.1787
vt 0.6739 0.7086
vn -0.7937 0.3929 0.4644
v 1.2752 0.5176 1.1839
vt 0.6739 0.7045
vn -0.8625 0.0910 0.4979
v 1.5118 0.5170 1.3642
vt 0.7177 0.7045
vn -0.2512 0.0896 0.9638
f 5194/5194/5194 5195/5195/5195 5196/5196/5196 5197/5197/5197
v 1.5118 0.5170 1.3642
vt 0.7177 0.7045
vn -0.2512 0.0896 0.9638
v 1.2752 0.5176 1.1839
vt 0.6739 0.7045
vn -0.8625 0.0910 0.4979
v 1.2634 0.3911 1.1989
vt 0.6738 0.6714
vn -0.8509 0.2342 0.4702
v 1.5000 0.3905 1.3793
vt 0.7177 0.6714
vn -0.2272 0.2327 0.9456
f 5198/5198/5198 5199/5199/5199 5200/5200/5200 5201/5201/5201
v 1.5000 0.3905 1.3793
vt 0.7177 0.7026
vn -0.2272 0.2327 0.9456
v 1.2634 0.3911 1.1989
vt 0.6738 0.7026
vn -0.8509 0.2342 0.4702
v 1.2384 0.2834 1.2313
vt 0.6738 0.7045
vn -0.8127 0.3900 0.4329
v 1.4750 0.2829 1.4117
vt 0.7177 0.7045
vn -0.2009 0.3886 0.8993
f 5202/5202/5202 5203/5203/5203 5204/5204/5204 5205/5205/5205
v 1.6329 0.6173 1.2669
vt 0.7233 0.5929
vn 0.9398 0.2725 0.2063
v 1.5674 0.6450 1.3529
vt 0.7233 0.6719
vn 0.5394 0.3419 0.7695
v 1.5632 0.5077 1.3581
vt 0.7232 0.6678
vn 0.7953 -0.0019 0.6062
v 1.6286 0.4800 1.2721
vt 0.7232 0.5888
vn 0.7953 -0.0019 0.6062
f 5206/5206/5206 5207/5207/5207 5208/5208/5208 5209/5209/5209
v 1.6286 0.4800 1.2721
vt 0.7232 0.5888
vn 0.7953 -0.0019 0.6062
v 1.5632 0.5077 1.3581
vt 0.7232 0.6678
vn 0.7953 -0.0019 0.6062
v 1.5514 0.3812 1.3732
vt 0.7232 0.6659
vn 0.7953 -0.0019 0.6062
v 1.6169 0.3535 1.2872
vt 0.7232 0.5557
vn 0.7953 -0.0019 0.6062
f 5210/5210/5210 5211/5211/5211 5212/5212/5212 5213/5213/5213
v 1.6169 0.3535 1.2872
vt 0.7232 0.5557
vn 0.7953 -0.0019 0.6062
v 1.5514 0.3812 1.3732
vt 0.7232 0.6659
vn 0.7953 -0.0019 0.6062
v 1.5264 0.2736 1.4055
vt 0.7231 0.6678
vn 0.7953 -0.0019 0.6062
v 1.5919 0.2459 1.3196
vt 0.7231 0.5888
vn 0.7953 -0.0019 0.6062
f 5214/5214/5214 5215/5215/5215 5216/5216/5216 5217/5217/5217
v 1.3291 0.1263 1.4400
vt 0.7176 0.5943
vn 0.2970 -0.9511 0.0847
v 1.2909 0.1540 1.5411
vt 0.7176 0.6733
vn 0.0985 -0.7378 0.6678
v 1.0127 0.1545 1.4357
vt 0.6738 0.6733
vn -0.5190 -0.7366 0.4337
v 1.0509 0.1268 1.3346
vt 0.6738 0.5943
vn -0.2819 -0.9499 -0.1347
f 5218/5218/5218 5219/5219/5219 5220/5220/5220 5221/5221/5221
v 1.3891 0.2522 1.3874
vt 0.7231 0.5888
vn 0.9351 -0.0019 0.3545
v 1.3509 0.2799 1.4885
vt 0.7231 0.6678
vn 0.9351 -0.0019 0.3545
v 1.3318 0.1830 1.5382
vt 0.7231 0.6719
vn 0.9351 -0.0019 0.3545
v 1.3701 0.1553 1.4372
vt 0.7231 0.5929
vn 0.9351 -0.0019 0.3545
f 5222/5222/5222 5223/5223/5223 5224/5224/5224 5225/5225/5225
v 1.3033 0.2892 1.5090
vt 0.7177 0.7045
vn 0.0636 0.3886 0.9192
v 1.0251 0.2897 1.4035
vt 0.6738 0.7045
vn -0.6557 0.3900 0.6465
v 1.0061 0.1929 1.4533
vt 0.6738 0.7086
vn -0.6545 0.0352 0.7553
v 1.2843 0.1923 1.5587
vt 0.7176 0.7086
vn -0.0106 0.0339 0.9994
f 5226/5226/5226 5227/5227/5227 5228/5228/5228 5229/5229/5229
v 1.0631 0.4871 1.1996
vt 0.6684 0.5888
vn -0.9351 0.0019 -0.3545
v 1.0248 0.5147 1.3007
vt 0.6684 0.6678
vn -0.9351 0.0019 -0.3545
v 1.0274 0.6520 1.2945
vt 0.6684 0.6719
vn -0.9372 0.3453 -0.0504
v 1.0657 0.6243 1.1934
vt 0.6684 0.5929
vn -0.6710 0.2757 -0.6882
f 5230/5230/5230 5231/5231/5231 5232/5232/5232 5233/5233/5233
v 1.1010 0.6672 1.2055
vt 0.6739 0.5943
vn -0.1494 0.7786 -0.6095
v 1.0627 0.6949 1.3065
vt 0.6739 0.6733
vn 0.0897 0.9687 -0.2314
v 1.3409 0.6943 1.4120
vt 0.7178 0.6733
vn 0.0897 0.9687 -0.2314
v 1.3792 0.6667 1.3109
vt 0.7178 0.5943
vn 0.5186 0.7773 -0.3562
f 5234/5234/5234 5235/5235/5235 5236/5236/5236 5237/5237/5237
v 1.0698 0.1467 1.2848
vt 0.6738 0.5562
vn -0.0791 -0.6956 -0.7141
v 1.0509 0.1268 1.3346
vt 0.6738 0.5631
vn -0.2819 -0.9499 -0.1347
v 1.0223 0.1560 1.3053
vt 0.6683 0.5617
vn -0.5439 -0.6772 -0.4956
f 5238/5238/5238 5239/5239/5239 5240/5240/5240
v 1.0127 0.1545 1.4357
vt 0.6738 0.7045
vn -0.5190 -0.7366 0.4337
v 1.0061 0.1929 1.4533
vt 0.6738 0.7086
vn -0.6545 0.0352 0.7553
v 0.9841 0.1837 1.4064
vt 0.6683 0.7031
vn -0.9338 -0.2652 0.2404
f 5241/5241/5241 5242/5242/5242 5243/5243/5243
v 1.1132 0.6150 1.1729
vt 0.6739 0.5562
vn 0.0104 0.2297 -0.9732
v 1.0657 0.6243 1.1934
vt 0.6684 0.5617
vn -0.6710 0.2757 -0.6882
v 1.1010 0.6672 1.2055
vt 0.6739 0.5631
vn -0.1494 0.7786 -0.6095
f 5244/5244/5244 5245/5245/5245 5246/5246/5246
v 1.0494 0.6612 1.3414
vt 0.6739 0.7086
vn -0.6285 0.3929 0.6713
v 1.0627 0.6949 1.3065
vt 0.6739 0.7045
vn -0.6031 0.7741 0.1923
v 1.0274 0.6520 1.2945
vt 0.6684 0.7031
vn -0.9372 0.3453 -0.0504
f 5247/5247/5247 5248/5248/5248 5249/5249/5249
v 1.3480 0.1461 1.3903
vt 0.7176 0.5562
vn 0.5301 -0.6968 -0.4831
v 1.3701 0.1553 1.4372
vt 0.7231 0.5617
vn 0.7333 -0.6798 -0.0114
v 1.3291 0.1263 1.4400
vt 0.7176 0.5631
vn 0.2970 -0.9511 0.0847
f 5250/5250/5250 5251/5251/5251 5252/5252/5252
v 1.2843 0.1923 1.5587
vt 0.7176 0.7086
vn -0.0106 0.0339 0.9994
v 1.2909 0.1540 1.5411
vt 0.7176 0.7045
vn 0.0985 -0.7378 0.6678
v 1.3318 0.1830 1.5382
vt 0.7231 0.7031
vn 0.5388 -0.2682 0.7986
f 5253/5253/5253 5254/5254/5254 5255/5255/5255
v 1.3914 0.6145 1.2784
vt 0.7178 0.5562
vn 0.6382 0.2284 -0.7352
v 1.3792 0.6667 1.3109
vt 0.7178 0.5631
vn 0.5186 0.7773 -0.3562
v 1.4134 0.6236 1.3253
vt 0.7233 0.5617
vn 0.9596 0.2725 -0.0700
f 5256/5256/5256 5257/5257/5257 5258/5258/5258
v 1.3276 0.6606 1.4468
vt 0.7178 0.7086
vn 0.0269 0.3916 0.9197
v 1.3752 0.6513 1.4263
vt 0.7233 0.7031
vn 0.7363 0.3419 0.5840
v 1.3409 0.6943 1.4120
vt 0.7178 0.7045
vn 0.3268 0.7722 0.5448
f 5259/5259/5259 5260/5260/5260 5261/5261/5261
v 1.0889 0.2436 1.2350
vt 0.6738 0.5521
vn -0.0509 -0.3865 -0.9209
v 1.0698 0.1467 1.2848
vt 0.6738 0.5562
vn -0.0791 -0.6956 -0.7141
v 1.0223 0.1560 1.3053
vt 0.6683 0.5617
vn -0.5439 -0.6772 -0.4956
v 1.0414 0.2529 1.2556
vt 0.6683 0.5576
vn -0.4269 -0.3018 -0.8525
f 5262/5262/5262 5263/5263/5263 5264/5264/5264 5265/5265/5265
v 1.0509 0.1268 1.3346
vt 0.6738 0.5943
vn -0.2819 -0.9499 -0.1347
v 1.0127 0.1545 1.4357
vt 0.6738 0.6733
vn -0.5190 -0.7366 0.4337
v 0.9841 0.1837 1.4064
vt 0.6683 0.6719
vn -0.9338 -0.2652 0.2404
v 1.0223 0.1560 1.3053
vt 0.6683 0.5929
vn -0.5439 -0.6772 -0.4956
f 5266/5266/5266 5267/5267/5267 5268/5268/5268 5269/5269/5269
v 1.0468 0.5239 1.3476
vt 0.6739 0.7045
vn -0.6849 0.0910 0.7230
v 1.0494 0.6612 1.3414
vt 0.6739 0.7086
vn -0.6285 0.3929 0.6713
v 1.0274 0.6520 1.2945
vt 0.6684 0.7031
vn -0.9372 0.3453 -0.0504
v 1.0248 0.5147 1.3007
vt 0.6684 0.6990
vn -0.9081 0.0743 0.4121
f 5270/5270/5270 5271/5271/5271 5272/5272/5272 5273/5273/5273
v 1.0627 0.6949 1.3065
vt 0.6739 0.6733
vn -0.6031 0.7741 0.1923
v 1.1010 0.6672 1.2055
vt 0.6739 0.5943
vn -0.1494 0.7786 -0.6095
v 1.0657 0.6243 1.1934
vt 0.6684 0.5929
vn -0.6710 0.2757 -0.6882
v 1.0274 0.6520 1.2945
vt 0.6684 0.6719
vn -0.9372 0.3453 -0.0504
f 5274/5274/5274 5275/5275/5275 5276/5276/5276 5277/5277/5277
v 1.3914 0.6145 1.2784
vt 0.7178 0.5562
vn 0.6382 0.2284 -0.7352
v 1.1132 0.6150 1.1729
vt 0.6739 0.5562
vn 0.0104 0.2297 -0.9732
v 1.1010 0.6672 1.2055
vt 0.6739 0.5631
vn -0.1494 0.7786 -0.6095
v 1.3792 0.6667 1.3109
vt 0.7178 0.5631
vn 0.5186 0.7773 -0.3562
f 5278/5278/5278 5279/5279/5279 5280/5280/5280 5281/5281/5281
v 1.0494 0.6612 1.3414
vt 0.6739 0.7086
vn -0.6285 0.3929 0.6713
v 1.3276 0.6606 1.4468
vt 0.7178 0.7086
vn 0.0269 0.3916 0.9197
v 1.3409 0.6943 1.4120
vt 0.7178 0.7045
vn 0.3268 0.7722 0.5448
v 1.0627 0.6949 1.3065
vt 0.6739 0.7045
vn -0.6031 0.7741 0.1923
f 5282/5282/5282 5283/5283/5283 5284/5284/5284 5285/5285/5285
v 1.3752 0.6513 1.4263
vt 0.7233 0.6719
vn 0.7363 0.3419 0.5840
v 1.4134 0.6236 1.3253
vt 0.7233 0.5929
vn 0.9596 0.2725 -0.0700
v 1.3792 0.6667 1.3109
vt 0.7178 0.5943
vn 0.5186 0.7773 -0.3562
v 1.3409 0.6943 1.4120
vt 0.7178 0.6733
vn 0.3268 0.7722 0.5448
f 5286/5286/5286 5287/5287/5287 5288/5288/5288 5289/5289/5289
v 1.3888 0.4772 1.2846
vt 0.7177 0.5521
vn 0.6782 -0.0940 -0.7289
v 1.3914 0.6145 1.2784
vt 0.7178 0.5562
vn 0.6382 0.2284 -0.7352
v 1.4134 0.6236 1.3253
vt 0.7233 0.5617
vn 0.9596 0.2725 -0.0700
v 1.4108 0.4864 1.3314
vt 0.7232 0.5576
vn 0.9081 -0.0695 -0.4130
f 5290/5290/5290 5291/5291/5291 5292/5292/5292 5293/5293/5293
v 1.3033 0.2892 1.5090
vt 0.7177 0.7045
vn 0.0636 0.3886 0.9192
v 1.2843 0.1923 1.5587
vt 0.7176 0.7086
vn -0.0106 0.0339 0.9994
v 1.3318 0.1830 1.5382
vt 0.7231 0.7031
vn 0.5388 -0.2682 0.7986
v 1.3509 0.2799 1.4885
vt 0.7231 0.6990
vn 0.4266 0.2940 0.8553
f 5294/5294/5294 5295/5295/5295 5296/5296/5296 5297/5297/5297
v 1.2909 0.1540 1.5411
vt 0.7176 0.6733
vn 0.0985 -0.7378 0.6678
v 1.3291 0.1263 1.4400
vt 0.7176 0.5943
vn 0.2970 -0.9511 0.0847
v 1.3701 0.1553 1.4372
vt 0.7231 0.5929
vn 0.7333 -0.6798 -0.0114
v 1.3318 0.1830 1.5382
vt 0.7231 0.6719
vn 0.5388 -0.2682 0.7986
f 5298/5298/5298 5299/5299/5299 5300/5300/5300 5301/5301/5301
v 1.0698 0.1467 1.2848
vt 0.6738 0.5562
vn -0.0791 -0.6956 -0.7141
v 1.3480 0.1461 1.3903
vt 0.7176 0.5562
vn 0.5301 -0.6968 -0.4831
v 1.3291 0.1263 1.4400
vt 0.7176 0.5631
vn 0.2970 -0.9511 0.0847
v 1.0509 0.1268 1.3346
vt 0.6738 0.5631
vn -0.2819 -0.9499 -0.1347
f 5302/5302/5302 5303/5303/5303 5304/5304/5304 5305/5305/5305
v 1.2843 0.1923 1.5587
vt 0.7176 0.7086
vn -0.0106 0.0339 0.9994
v 1.0061 0.1929 1.4533
vt 0.6738 0.7086
vn -0.6545 0.0352 0.7553
v 1.0127 0.1545 1.4357
vt 0.6738 0.7045
vn -0.5190 -0.7366 0.4337
v 1.2909 0.1540 1.5411
vt 0.7176 0.7045
vn 0.0985 -0.7378 0.6678
f 5306/5306/5306 5307/5307/5307 5308/5308/5308 5309/5309/5309
v 1.0889 0.2436 1.2350
vt 0.6738 0.5521
vn -0.0509 -0.3865 -0.9209
v 1.3671 0.2430 1.3405
vt 0.7177 0.5521
vn 0.6472 -0.3879 -0.6562
v 1.3480 0.1461 1.3903
vt 0.7176 0.5562
vn 0.5301 -0.6968 -0.4831
v 1.0698 0.1467 1.2848
vt 0.6738 0.5562
vn -0.0791 -0.6956 -0.7141
f 5310/5310/5310 5311/5311/5311 5312/5312/5312 5313/5313/5313
v 1.1132 0.6150 1.1729
vt 0.6739 0.5562
vn 0.0104 0.2297 -0.9732
v 1.3914 0.6145 1.2784
vt 0.7178 0.5562
vn 0.6382 0.2284 -0.7352
v 1.3888 0.4772 1.2846
vt 0.7177 0.5521
vn 0.6782 -0.0940 -0.7289
v 1.1106 0.4778 1.1791
vt 0.6739 0.5521
vn -0.0248 -0.0926 -0.9954
f 5314/5314/5314 5315/5315/5315 5316/5316/5316 5317/5317/5317
v 1.1106 0.4778 1.1791
vt 0.6739 0.5521
vn -0.0248 -0.0926 -0.9954
v 1.3888 0.4772 1.2846
vt 0.7177 0.5521
vn 0.6782 -0.0940 -0.7289
v 1.3818 0.3507 1.3024
vt 0.7177 0.5346
vn 0.6672 -0.2359 -0.7066
v 1.1036 0.3512 1.1969
vt 0.6738 0.5346
vn -0.0319 -0.2345 -0.9716
f 5318/5318/5318 5319/5319/5319 5320/5320/5320 5321/5321/5321
v 1.1036 0.3512 1.1969
vt 0.6738 0.5346
vn -0.0319 -0.2345 -0.9716
v 1.3818 0.3507 1.3024
vt 0.7177 0.5346
vn 0.6672 -0.2359 -0.7066
v 1.3671 0.2430 1.3405
vt 0.7177 0.5521
vn 0.6472 -0.3879 -0.6562
v 1.0889 0.2436 1.2350
vt 0.6738 0.5521
vn -0.0509 -0.3865 -0.9209
f 5322/5322/5322 5323/5323/5323 5324/5324/5324 5325/5325/5325
v 1.3276 0.6606 1.4468
vt 0.7178 0.7086
vn 0.0269 0.3916 0.9197
v 1.3250 0.5233 1.4530
vt 0.7177 0.7045
vn 0.0338 0.0896 0.9954
v 1.3725 0.5140 1.4325
vt 0.7232 0.6990
vn 0.4070 0.0716 0.9106
v 1.3752 0.6513 1.4263
vt 0.7233 0.7031
vn 0.7363 0.3419 0.5840
f 5326/5326/5326 5327/5327/5327 5328/5328/5328 5329/5329/5329
v 1.3250 0.5233 1.4530
vt 0.7177 0.7045
vn 0.0338 0.0896 0.9954
v 1.3180 0.3968 1.4708
vt 0.7177 0.6714
vn 0.0517 0.2327 0.9712
v 1.3655 0.3875 1.4503
vt 0.7232 0.6659
vn 0.4190 0.1778 0.8904
v 1.3725 0.5140 1.4325
vt 0.7232 0.6990
vn 0.4070 0.0716 0.9106
f 5330/5330/5330 5331/5331/5331 5332/5332/5332 5333/5333/5333
v 1.3180 0.3968 1.4708
vt 0.7177 0.7026
vn 0.0517 0.2327 0.9712
v 1.3033 0.2892 1.5090
vt 0.7177 0.7045
vn 0.0636 0.3886 0.9192
v 1.3509 0.2799 1.4885
vt 0.7231 0.6990
vn 0.4266 0.2940 0.8553
v 1.3655 0.3875 1.4503
vt 0.7232 0.6659
vn 0.4190 0.1778 0.8904
f 5334/5334/5334 5335/5335/5335 5336/5336/5336 5337/5337/5337
v 1.3480 0.1461 1.3903
vt 0.7176 0.5562
vn 0.5301 -0.6968 -0.4831
v 1.3671 0.2430 1.3405
vt 0.7177 0.5521
vn 0.6472 -0.3879 -0.6562
v 1.3891 0.2522 1.3874
vt 0.7231 0.5576
vn 0.8837 -0.3044 -0.3556
v 1.3701 0.1553 1.4372
vt 0.7231 0.5617
vn 0.7333 -0.6798 -0.0114
f 5338/5338/5338 5339/5339/5339 5340/5340/5340 5341/5341/5341
v 1.3671 0.2430 1.3405
vt 0.7177 0.5521
vn 0.6472 -0.3879 -0.6562
v 1.3818 0.3507 1.3024
vt 0.7177 0.5346
vn 0.6672 -0.2359 -0.7066
v 1.4038 0.3598 1.3493
vt 0.7232 0.5557
vn 0.9033 -0.1809 -0.3890
v 1.3891 0.2522 1.3874
vt 0.7231 0.5576
vn 0.8837 -0.3044 -0.3556
f 5342/5342/5342 5343/5343/5343 5344/5344/5344 5345/5345/5345
v 1.3818 0.3507 1.3024
vt 0.7177 0.5346
vn 0.6672 -0.2359 -0.7066
v 1.3888 0.4772 1.2846
vt 0.7177 0.5521
vn 0.6782 -0.0940 -0.7289
v 1.4108 0.4864 1.3314
vt 0.7232 0.5576
vn 0.9081 -0.0695 -0.4130
v 1.4038 0.3598 1.3493
vt 0.7232 0.5557
vn 0.9033 -0.1809 -0.3890
f 5346/5346/5346 5347/5347/5347 5348/5348/5348 5349/5349/5349
v 1.0061 0.1929 1.4533
vt 0.6738 0.7086
vn -0.6545 0.0352 0.7553
v 1.0251 0.2897 1.4035
vt 0.6738 0.7045
vn -0.6557 0.3900 0.6465
v 1.0031 0.2806 1.3566
vt 0.6683 0.6990
vn -0.8854 0.2967 0.3579
v 0.9841 0.1837 1.4064
vt 0.6683 0.7031
vn -0.9338 -0.2652 0.2404
f 5350/5350/5350 5351/5351/5351 5352/5352/5352 5353/5353/5353
v 1.0251 0.2897 1.4035
vt 0.6738 0.7045
vn -0.6557 0.3900 0.6465
v 1.0398 0.3974 1.3654
vt 0.6738 0.7026
vn -0.6817 0.2342 0.6932
v 1.0178 0.3882 1.3185
vt 0.6683 0.6659
vn -0.9033 0.1805 0.3891
v 1.0031 0.2806 1.3566
vt 0.6683 0.6990
vn -0.8854 0.2967 0.3579
f 5354/5354/5354 5355/5355/5355 5356/5356/5356 5357/5357/5357
v 1.0398 0.3974 1.3654
vt 0.6738 0.6714
vn -0.6817 0.2342 0.6932
v 1.0468 0.5239 1.3476
vt 0.6739 0.7045
vn -0.6849 0.0910 0.7230
v 1.0248 0.5147 1.3007
vt 0.6684 0.6990
vn -0.9081 0.0743 0.4121
v 1.0178 0.3882 1.3185
vt 0.6683 0.6659
vn -0.9033 0.1805 0.3891
f 5358/5358/5358 5359/5359/5359 5360/5360/5360 5361/5361/5361
v 1.1132 0.6150 1.1729
vt 0.6739 0.5562
vn 0.0104 0.2297 -0.9732
v 1.1106 0.4778 1.1791
vt 0.6739 0.5521
vn -0.0248 -0.0926 -0.9954
v 1.0631 0.4871 1.1996
vt 0.6684 0.5576
vn -0.4063 -0.0668 -0.9113
v 1.0657 0.6243 1.1934
vt 0.6684 0.5617
vn -0.6710 0.2757 -0.6882
f 5362/5362/5362 5363/5363/5363 5364/5364/5364 5365/5365/5365
v 1.1106 0.4778 1.1791
vt 0.6739 0.5521
vn -0.0248 -0.0926 -0.9954
v 1.1036 0.3512 1.1969
vt 0.6738 0.5346
vn -0.0319 -0.2345 -0.9716
v 1.0561 0.3605 1.2174
vt 0.6683 0.5557
vn -0.4190 -0.1782 -0.8903
v 1.0631 0.4871 1.1996
vt 0.6684 0.5576
vn -0.4063 -0.0668 -0.9113
f 5366/5366/5366 5367/5367/5367 5368/5368/5368 5369/5369/5369
v 1.1036 0.3512 1.1969
vt 0.6738 0.5346
vn -0.0319 -0.2345 -0.9716
v 1.0889 0.2436 1.2350
vt 0.6738 0.5521
vn -0.0509 -0.3865 -0.9209
v 1.0414 0.2529 1.2556
vt 0.6683 0.5576
vn -0.4269 -0.3018 -0.8525
v 1.0561 0.3605 1.2174
vt 0.6683 0.5557
vn -0.4190 -0.1782 -0.8903
f 5370/5370/5370 5371/5371/5371 5372/5372/5372 5373/5373/5373
v 1.0223 0.1560 1.3053
vt 0.6683 0.5929
vn -0.9351 0.0019 -0.3545
v 0.9841 0.1837 1.4064
vt 0.6683 0.6719
vn -0.9351 0.0019 -0.3545
v 1.0031 0.2806 1.3566
vt 0.6683 0.6678
vn -0.9351 0.0019 -0.3545
v 1.0414 0.2529 1.2556
vt 0.6683 0.5888
vn -0.9351 0.0019 -0.3545
f 5374/5374/5374 5375/5375/5375 5376/5376/5376 5377/5377/5377
v 1.0414 0.2529 1.2556
vt 0.6683 0.5888
vn -0.9351 0.0019 -0.3545
v 1.0031 0.2806 1.3566
vt 0.6683 0.6678
vn -0.9351 0.0019 -0.3545
v 1.0178 0.3882 1.3185
vt 0.6683 0.6659
vn -0.9351 0.0019 -0.3545
v 1.0561 0.3605 1.2174
vt 0.6683 0.5557
vn -0.9351 0.0019 -0.3545
f 5378/5378/5378 5379/5379/5379 5380/5380/5380 5381/5381/5381
v 1.0561 0.3605 1.2174
vt 0.6683 0.5557
vn -0.9351 0.0019 -0.3545
v 1.0178 0.3882 1.3185
vt 0.6683 0.6659
vn -0.9351 0.0019 -0.3545
v 1.0248 0.5147 1.3007
vt 0.6684 0.6678
vn -0.9351 0.0019 -0.3545
v 1.0631 0.4871 1.1996
vt 0.6684 0.5888
vn -0.9351 0.0019 -0.3545
f 5382/5382/5382 5383/5383/5383 5384/5384/5384 5385/5385/5385
v 1.3276 0.6606 1.4468
vt 0.7178 0.7086
vn 0.0269 0.3916 0.9197
v 1.0494 0.6612 1.3414
vt 0.6739 0.7086
vn -0.6285 0.3929 0.6713
v 1.0468 0.5239 1.3476
vt 0.6739 0.7045
vn -0.6849 0.0910 0.7230
v 1.3250 0.5233 1.4530
vt 0.7177 0.7045
vn 0.0338 0.0896 0.9954
f 5386/5386/5386 5387/5387/5387 5388/5388/5388 5389/5389/5389
v 1.3250 0.5233 1.4530
vt 0.7177 0.7045
vn 0.0338 0.0896 0.9954
v 1.0468 0.5239 1.3476
vt 0.6739 0.7045
vn -0.6849 0.0910 0.7230
v 1.0398 0.3974 1.3654
vt 0.6738 0.6714
vn -0.6817 0.2342 0.6932
v 1.3180 0.3968 1.4708
vt 0.7177 0.6714
vn 0.0517 0.2327 0.9712
f 5390/5390/5390 5391/5391/5391 5392/5392/5392 5393/5393/5393
v 1.3180 0.3968 1.4708
vt 0.7177 0.7026
vn 0.0517 0.2327 0.9712
v 1.0398 0.3974 1.3654
vt 0.6738 0.7026
vn -0.6817 0.2342 0.6932
v 1.0251 0.2897 1.4035
vt 0.6738 0.7045
vn -0.6557 0.3900 0.6465
v 1.3033 0.2892 1.5090
vt 0.7177 0.7045
vn 0.0636 0.3886 0.9192
f 5394/5394/5394 5395/5395/5395 5396/5396/5396 5397/5397/5397
v 1.4134 0.6236 1.3253
vt 0.7233 0.5929
vn 0.9596 0.2725 -0.0700
v 1.3752 0.6513 1.4263
vt 0.7233 0.6719
vn 0.7363 0.3419 0.5840
v 1.3725 0.5140 1.4325
vt 0.7232 0.6678
vn 0.9351 -0.0019 0.3545
v 1.4108 0.4864 1.3314
vt 0.7232 0.5888
vn 0.9351 -0.0019 0.3545
f 5398/5398/5398 5399/5399/5399 5400/5400/5400 5401/5401/5401
v 1.4108 0.4864 1.3314
vt 0.7232 0.5888
vn 0.9351 -0.0019 0.3545
v 1.3725 0.5140 1.4325
vt 0.7232 0.6678
vn 0.9351 -0.0019 0.3545
v 1.3655 0.3875 1.4503
vt 0.7232 0.6659
vn 0.9351 -0.0019 0.3545
v 1.4038 0.3598 1.3493
vt 0.7232 0.5557
vn 0.9351 -0.0019 0.3545
f 5402/5402/5402 5403/5403/5403 5404/5404/5404 5405/5405/5405
v 1.4038 0.3598 1.3493
vt 0.7232 0.5557
vn 0.9351 -0.0019 0.3545
v 1.3655 0.3875 1.4503
vt 0.7232 0.6659
vn 0.9351 -0.0019 0.3545
v 1.3509 0.2799 1.4885
vt 0.7231 0.6678
vn 0.9351 -0.0019 0.3545
v 1.3891 0.2522 1.3874
vt 0.7231 0.5888
vn 0.9351 -0.0019 0.3545
f 5406/5406/5406 5407/5407/5407 5408/5408/5408 5409/5409/5409
v -1.8368 0.3401 1.3750
vt 0.7117 0.6453
vn 0.1131 0.9912 -0.0681
v -1.7121 0.3155 1.2929
vt 0.7124 0.6420
vn 0.1812 0.9834 -0.0018
v -1.7511 0.3387 1.2254
vt 0.7304 0.6418
vn 0.1397 0.9876 0.0710
v -1.8801 0.3387 1.2999
vt 0.7304 0.6418
vn 0.0669 0.9974 -0.0261
f 5410/5410/5410 5411/5411/5411 5412/5412/5412 5413/5413/5413
v -1.5907 0.2172 1.8012
vt 0.6406 0.6418
vn 0.1926 0.9581 0.2122
v -1.4617 0.2172 1.7267
vt 0.6406 0.6418
vn 0.1306 0.9755 0.1769
v -1.5243 0.2415 1.6182
vt 0.6586 0.6418
vn 0.2129 0.9489 0.2329
v -1.6528 0.2487 1.6937
vt 0.6586 0.6428
vn 0.2578 0.9323 0.2536
f 5414/5414/5414 5415/5415/5415 5416/5416/5416 5417/5417/5417
v -1.6528 0.2487 1.6937
vt 0.6586 0.6428
vn 0.2578 0.9323 0.2536
v -1.5243 0.2415 1.6182
vt 0.6586 0.6418
vn 0.2129 0.9489 0.2329
v -1.5854 0.2841 1.5124
vt 0.6765 0.6420
vn 0.3019 0.9382 0.1691
v -1.7101 0.3087 1.5944
vt 0.6758 0.6453
vn 0.3167 0.9249 0.2104
f 5418/5418/5418 5419/5419/5419 5420/5420/5420 5421/5421/5421
v -1.7101 0.3087 1.5944
vt 0.6758 0.6453
vn 0.3167 0.9249 0.2104
v -1.5854 0.2841 1.5124
vt 0.6765 0.6420
vn 0.3019 0.9382 0.1691
v -1.6480 0.2991 1.4039
vt 0.6942 0.6431
vn 0.2633 0.9646 -0.0152
v -1.7691 0.3443 1.4923
vt 0.6930 0.6492
vn 0.2339 0.9722 0.0085
f 5422/5422/5422 5423/5423/5423 5424/5424/5424 5425/5425/5425
v -1.7691 0.3443 1.4923
vt 0.6930 0.6492
vn 0.2339 0.9722 0.0085
v -1.6480 0.2991 1.4039
vt 0.6942 0.6431
vn 0.2633 0.9646 -0.0152
v -1.7121 0.3155 1.2929
vt 0.7124 0.6420
vn 0.1812 0.9834 -0.0018
v -1.8368 0.3401 1.3750
vt 0.7117 0.6453
vn 0.1131 0.9912 -0.0681
f 5426/5426/5426 5427/5427/5427 5428/5428/5428 5429/5429/5429
v -2.1443 0.2991 1.6904
vt 0.6942 0.6431
vn -0.1508 0.9432 0.2962
v -2.0271 0.3443 1.6413
vt 0.6930 0.6492
vn -0.1156 0.9569 0.2665
v -2.0948 0.3401 1.5240
vt 0.7117 0.6453
vn -0.1282 0.9892 0.0708
v -2.2084 0.3155 1.5795
vt 0.7124 0.6420
vn -0.1158 0.9787 0.1695
f 5430/5430/5430 5431/5431/5431 5432/5432/5432 5433/5433/5433
v -2.0271 0.3443 1.6413
vt 0.6930 0.6492
vn -0.1156 0.9569 0.2665
v -1.8930 0.3732 1.5757
vt 0.6922 0.6999
vn 0.0641 0.9882 0.1394
v -1.9627 0.3573 1.4548
vt 0.7113 0.6476
vn -0.0454 0.9959 -0.0786
v -2.0948 0.3401 1.5240
vt 0.7117 0.6453
vn -0.1282 0.9892 0.0708
f 5434/5434/5434 5435/5435/5435 5436/5436/5436 5437/5437/5437
v -1.8930 0.3732 1.5757
vt 0.6922 0.6999
vn 0.0641 0.9882 0.1394
v -1.7691 0.3443 1.4923
vt 0.6930 0.6492
vn 0.2339 0.9722 0.0085
v -1.8368 0.3401 1.3750
vt 0.7117 0.6453
vn 0.1131 0.9912 -0.0681
v -1.9627 0.3573 1.4548
vt 0.7113 0.6476
vn -0.0454 0.9959 -0.0786
f 5438/5438/5438 5439/5439/5439 5440/5440/5440 5441/5441/5441
v -2.0830 0.2668 1.7965
vt 0.6765 0.6420
vn -0.0317 0.9318 0.3616
v -1.9695 0.2915 1.7410
vt 0.6758 0.6453
vn -0.0148 0.9172 0.3982
v -2.0271 0.3443 1.6413
vt 0.6930 0.6492
vn -0.1156 0.9569 0.2665
v -2.1443 0.2991 1.6904
vt 0.6942 0.6431
vn -0.1508 0.9432 0.2962
f 5442/5442/5442 5443/5443/5443 5444/5444/5444 5445/5445/5445
v -1.9695 0.2915 1.7410
vt 0.6758 0.6453
vn -0.0148 0.9172 0.3982
v -1.8359 0.3278 1.6745
vt 0.6754 0.6479
vn 0.1691 0.9220 0.3483
v -1.8930 0.3732 1.5757
vt 0.6922 0.6999
vn 0.0641 0.9882 0.1394
v -2.0271 0.3443 1.6413
vt 0.6930 0.6492
vn -0.1156 0.9569 0.2665
f 5446/5446/5446 5447/5447/5447 5448/5448/5448 5449/5449/5449
v -1.8359 0.3278 1.6745
vt 0.6754 0.6479
vn 0.1691 0.9220 0.3483
v -1.7101 0.3087 1.5944
vt 0.6758 0.6453
vn 0.3167 0.9249 0.2104
v -1.7691 0.3443 1.4923
vt 0.6930 0.6492
vn 0.2339 0.9722 0.0085
v -1.8930 0.3732 1.5757
vt 0.6922 0.6999
vn 0.0641 0.9882 0.1394
f 5450/5450/5450 5451/5451/5451 5452/5452/5452 5453/5453/5453
v -2.0206 0.2415 1.9047
vt 0.6586 0.6418
vn 0.0524 0.9665 0.2512
v -1.9108 0.2487 1.8427
vt 0.6586 0.6428
vn 0.0492 0.9466 0.3187
v -1.9695 0.2915 1.7410
vt 0.6758 0.6453
vn -0.0148 0.9172 0.3982
v -2.0830 0.2668 1.7965
vt 0.6765 0.6420
vn -0.0317 0.9318 0.3616
f 5454/5454/5454 5455/5455/5455 5456/5456/5456 5457/5457/5457
v -1.9108 0.2487 1.8427
vt 0.6586 0.6428
vn 0.0492 0.9466 0.3187
v -1.7796 0.2761 1.7720
vt 0.6586 0.6463
vn 0.1761 0.9259 0.3343
v -1.8359 0.3278 1.6745
vt 0.6754 0.6479
vn 0.1691 0.9220 0.3483
v -1.9695 0.2915 1.7410
vt 0.6758 0.6453
vn -0.0148 0.9172 0.3982
f 5458/5458/5458 5459/5459/5459 5460/5460/5460 5461/5461/5461
v -1.7796 0.2761 1.7720
vt 0.6586 0.6463
vn 0.1761 0.9259 0.3343
v -1.6528 0.2487 1.6937
vt 0.6586 0.6428
vn 0.2578 0.9323 0.2536
v -1.7101 0.3087 1.5944
vt 0.6758 0.6453
vn 0.3167 0.9249 0.2104
v -1.8359 0.3278 1.6745
vt 0.6754 0.6479
vn 0.1691 0.9220 0.3483
f 5462/5462/5462 5463/5463/5463 5464/5464/5464 5465/5465/5465
v -1.9579 0.2172 2.0132
vt 0.6406 0.6418
vn 0.0841 0.9754 0.2038
v -1.8487 0.2172 1.9502
vt 0.6406 0.6418
vn 0.0856 0.9579 0.2740
v -1.9108 0.2487 1.8427
vt 0.6586 0.6428
vn 0.0492 0.9466 0.3187
v -2.0206 0.2415 1.9047
vt 0.6586 0.6418
vn 0.0524 0.9665 0.2512
f 5466/5466/5466 5467/5467/5467 5468/5468/5468 5469/5469/5469
v -1.8487 0.2172 1.9502
vt 0.6406 0.6418
vn 0.0856 0.9579 0.2740
v -1.7196 0.2188 1.8759
vt 0.6406 0.6421
vn 0.1709 0.9398 0.2960
v -1.7796 0.2761 1.7720
vt 0.6586 0.6463
vn 0.1761 0.9259 0.3343
v -1.9108 0.2487 1.8427
vt 0.6586 0.6428
vn 0.0492 0.9466 0.3187
f 5470/5470/5470 5471/5471/5471 5472/5472/5472 5473/5473/5473
v -1.7196 0.2188 1.8759
vt 0.6406 0.6421
vn 0.1709 0.9398 0.2960
v -1.5907 0.2172 1.8012
vt 0.6406 0.6418
vn 0.1926 0.9581 0.2122
v -1.6528 0.2487 1.6937
vt 0.6586 0.6428
vn 0.2578 0.9323 0.2536
v -1.7796 0.2761 1.7720
vt 0.6586 0.6463
vn 0.1761 0.9259 0.3343
f 5474/5474/5474 5475/5475/5475 5476/5476/5476 5477/5477/5477
v -2.2084 0.3155 1.5795
vt 0.7124 0.6420
vn -0.1158 0.9787 0.1695
v -2.0948 0.3401 1.5240
vt 0.7117 0.6453
vn -0.1282 0.9892 0.0708
v -2.1382 0.3387 1.4489
vt 0.7304 0.6418
vn -0.0628 0.9968 0.0487
v -2.2473 0.3387 1.5119
vt 0.7304 0.6418
vn -0.0218 0.9862 0.1640
f 5478/5478/5478 5479/5479/5479 5480/5480/5480 5481/5481/5481
v -2.0948 0.3401 1.5240
vt 0.7117 0.6453
vn -0.1282 0.9892 0.0708
v -1.9627 0.3573 1.4548
vt 0.7113 0.6476
vn -0.0454 0.9959 -0.0786
v -2.0091 0.3388 1.3744
vt 0.7304 0.6419
vn -0.0549 0.9939 -0.0952
v -2.1382 0.3387 1.4489
vt 0.7304 0.6418
vn -0.0628 0.9968 0.0487
f 5482/5482/5482 5483/5483/5483 5484/5484/5484 5485/5485/5485
v -1.9627 0.3573 1.4548
vt 0.7113 0.6476
vn -0.0454 0.9959 -0.0786
v -1.8368 0.3401 1.3750
vt 0.7117 0.6453
vn 0.1131 0.9912 -0.0681
v -1.8801 0.3387 1.2999
vt 0.7304 0.6418
vn 0.0669 0.9974 -0.0261
v -2.0091 0.3388 1.3744
vt 0.7304 0.6419
vn -0.0549 0.9939 -0.0952
f 5486/5486/5486 5487/5487/5487 5488/5488/5488 5489/5489/5489
v -1.8654 0.2695 1.6815
vt 0.6717 0.6295
vn 0.8110 -0.3970 -0.4298
v -1.8491 0.3021 1.7125
vt 0.6806 0.6326
vn 0.9968 -0.0247 -0.0754
v -1.8661 0.2526 1.7262
vt 0.6683 0.6326
vn 0.8031 -0.5903 0.0814
f 5490/5490/5490 5491/5491/5491 5492/5492/5492
v -1.8589 0.3353 1.7455
vt 0.6868 0.6411
vn 0.8850 0.3550 0.3014
v -1.8491 0.3021 1.7125
vt 0.6806 0.6326
vn 0.9968 -0.0247 -0.0754
v -1.8655 0.3524 1.7013
vt 0.6895 0.6394
vn 0.8098 0.5503 -0.2034
f 5493/5493/5493 5494/5494/5494 5495/5495/5495
v -1.8654 0.2695 1.6815
vt 0.6717 0.6295
vn 0.8110 -0.3970 -0.4298
v -1.8661 0.2526 1.7262
vt 0.6683 0.6326
vn 0.8031 -0.5903 0.0814
v -1.8967 0.2336 1.6859
vt 0.6607 0.6326
vn 0.4529 -0.8068 -0.3795
f 5496/5496/5496 5497/5497/5497 5498/5498/5498
v -1.8654 0.2695 1.6815
vt 0.6717 0.6295
vn 0.8110 -0.3970 -0.4298
v -1.8967 0.2336 1.6859
vt 0.6607 0.6326
vn 0.4529 -0.8068 -0.3795
v -1.8987 0.2714 1.6472
vt 0.6683 0.6326
vn 0.4302 -0.3751 -0.8211
f 5499/5499/5499 5500/5500/5500 5501/5501/5501
v -1.8654 0.2695 1.6815
vt 0.6717 0.6295
vn 0.8110 -0.3970 -0.4298
v -1.8987 0.2714 1.6472
vt 0.6683 0.6326
vn 0.4302 -0.3751 -0.8211
v -1.8693 0.3137 1.6637
vt 0.6806 0.6326
vn 0.7664 0.1083 -0.6332
f 5502/5502/5502 5503/5503/5503 5504/5504/5504
v -1.8589 0.3353 1.7455
vt 0.6868 0.6411
vn 0.8850 0.3550 0.3014
v -1.8655 0.3524 1.7013
vt 0.6895 0.6394
vn 0.8098 0.5503 -0.2034
v -1.8887 0.3727 1.7457
vt 0.6916 0.6504
vn 0.5440 0.7821 0.3041
f 5505/5505/5505 5506/5506/5506 5507/5507/5507
v -1.8877 0.2511 1.7688
vt 0.6659 0.6411
vn 0.5553 -0.6072 0.5683
v -1.8623 0.2913 1.7638
vt 0.6772 0.6394
vn 0.8466 -0.1483 0.5112
v -1.9037 0.2854 1.7981
vt 0.6717 0.6504
vn 0.3729 -0.2152 0.9026
f 5508/5508/5508 5509/5509/5509 5510/5510/5510
v -1.9399 0.2189 1.7002
vt 0.6530 0.6411
vn -0.0405 -0.9756 -0.2158
v -1.9099 0.2228 1.7372
vt 0.6573 0.6394
vn 0.3026 -0.9303 0.2071
v -1.9638 0.2242 1.7413
vt 0.6518 0.6504
vn -0.3135 -0.9151 0.2538
f 5511/5511/5511 5512/5512/5512 5513/5513/5513
v -1.9433 0.2831 1.6344
vt 0.6659 0.6411
vn -0.0792 -0.2411 -0.9673
v -1.9425 0.2417 1.6582
vt 0.6573 0.6394
vn -0.0703 -0.7152 -0.6954
v -1.9859 0.2736 1.6538
vt 0.6594 0.6504
vn -0.5667 -0.3504 -0.7457
f 5514/5514/5514 5515/5515/5515 5516/5516/5516
v -1.8932 0.3551 1.6624
vt 0.6868 0.6411
vn 0.4928 0.5812 -0.6476
v -1.9151 0.3217 1.6360
vt 0.6772 0.6394
vn 0.2431 0.1999 -0.9492
v -1.9395 0.3654 1.6565
vt 0.6840 0.6504
vn -0.0367 0.6985 -0.7146
f 5517/5517/5517 5518/5518/5518 5519/5519/5519
v -1.8589 0.3353 1.7455
vt 0.6868 0.6411
vn 0.8850 0.3550 0.3014
v -1.8887 0.3727 1.7457
vt 0.6916 0.6504
vn 0.5440 0.7821 0.3041
v -1.8868 0.3349 1.7843
vt 0.6840 0.6504
vn 0.5667 0.3504 0.7457
f 5520/5520/5520 5521/5521/5521 5522/5522/5522
v -1.8877 0.2511 1.7688
vt 0.6659 0.6411
vn 0.5553 -0.6072 0.5683
v -1.9037 0.2854 1.7981
vt 0.6717 0.6504
vn 0.3729 -0.2152 0.9026
v -1.9331 0.2431 1.7816
vt 0.6594 0.6504
vn 0.0367 -0.6985 0.7146
f 5523/5523/5523 5524/5524/5524 5525/5525/5525
v -1.9399 0.2189 1.7002
vt 0.6530 0.6411
vn -0.0405 -0.9756 -0.2158
v -1.9638 0.2242 1.7413
vt 0.6518 0.6504
vn -0.3135 -0.9151 0.2538
v -1.9839 0.2358 1.6925
vt 0.6518 0.6504
vn -0.5440 -0.7821 -0.3041
f 5526/5526/5526 5527/5527/5527 5528/5528/5528
v -1.9433 0.2831 1.6344
vt 0.6659 0.6411
vn -0.0792 -0.2411 -0.9673
v -1.9859 0.2736 1.6538
vt 0.6594 0.6504
vn -0.5667 -0.3504 -0.7457
v -1.9690 0.3231 1.6401
vt 0.6717 0.6504
vn -0.3729 0.2152 -0.9026
f 5529/5529/5529 5530/5530/5530 5531/5531/5531
v -1.8932 0.3551 1.6624
vt 0.6868 0.6411
vn 0.4928 0.5812 -0.6476
v -1.9395 0.3654 1.6565
vt 0.6840 0.6504
vn -0.0367 0.6985 -0.7146
v -1.9089 0.3843 1.6969
vt 0.6916 0.6504
vn 0.3135 0.9151 -0.2538
f 5532/5532/5532 5533/5533/5533 5534/5534/5534
v -1.9294 0.3253 1.8037
vt 0.6775 0.6598
vn 0.0792 0.2411 0.9673
v -1.9302 0.3668 1.7799
vt 0.6861 0.6614
vn 0.0703 0.7152 0.6954
v -1.9740 0.3371 1.7909
vt 0.6751 0.6682
vn -0.4302 0.3751 0.8211
f 5535/5535/5535 5536/5536/5536 5537/5537/5537
v -1.9795 0.2534 1.7757
vt 0.6565 0.6598
vn -0.4928 -0.5812 0.6476
v -1.9576 0.2868 1.8021
vt 0.6662 0.6614
vn -0.2431 -0.1999 0.9492
v -2.0034 0.2948 1.7745
vt 0.6628 0.6682
vn -0.7664 -0.1083 0.6332
f 5538/5538/5538 5539/5539/5539 5540/5540/5540
v -2.0138 0.2732 1.6927
vt 0.6565 0.6598
vn -0.8850 -0.3550 -0.3014
v -2.0072 0.2561 1.7369
vt 0.6539 0.6614
vn -0.8098 -0.5503 0.2034
v -2.0236 0.3064 1.7257
vt 0.6628 0.6682
vn -0.9968 0.0247 0.0754
f 5541/5541/5541 5542/5542/5542 5543/5543/5543
v -1.9849 0.3574 1.6694
vt 0.6775 0.6598
vn -0.5553 0.6072 -0.5683
v -2.0104 0.3172 1.6744
vt 0.6662 0.6614
vn -0.8466 0.1483 -0.5112
v -2.0066 0.3559 1.7120
vt 0.6751 0.6682
vn -0.8031 0.5903 -0.0814
f 5544/5544/5544 5545/5545/5545 5546/5546/5546
v -1.9328 0.3896 1.7380
vt 0.6904 0.6598
vn 0.0405 0.9756 0.2158
v -1.9628 0.3856 1.7010
vt 0.6861 0.6614
vn -0.3026 0.9303 -0.2071
v -1.9760 0.3748 1.7523
vt 0.6827 0.6682
vn -0.4529 0.8068 0.3795
f 5547/5547/5547 5548/5548/5548 5549/5549/5549
v -1.9760 0.3748 1.7523
vt 0.6827 0.6682
vn -0.4529 0.8068 0.3795
v -2.0066 0.3559 1.7120
vt 0.6751 0.6682
vn -0.8031 0.5903 -0.0814
v -2.0073 0.3390 1.7567
vt 0.6717 0.6713
vn -0.8110 0.3970 0.4297
f 5550/5550/5550 5551/5551/5551 5552/5552/5552
v -1.9760 0.3748 1.7523
vt 0.6827 0.6682
vn -0.4529 0.8068 0.3795
v -1.9628 0.3856 1.7010
vt 0.6861 0.6614
vn -0.3026 0.9303 -0.2071
v -2.0066 0.3559 1.7120
vt 0.6751 0.6682
vn -0.8031 0.5903 -0.0814
f 5553/5553/5553 5554/5554/5554 5555/5555/5555
v -1.9628 0.3856 1.7010
vt 0.6861 0.6614
vn -0.3026 0.9303 -0.2071
v -1.9849 0.3574 1.6694
vt 0.6775 0.6598
vn -0.5553 0.6072 -0.5683
v -2.0066 0.3559 1.7120
vt 0.6751 0.6682
vn -0.8031 0.5903 -0.0814
f 5556/5556/5556 5557/5557/5557 5558/5558/5558
v -2.0066 0.3559 1.7120
vt 0.6751 0.6682
vn -0.8031 0.5903 -0.0814
v -2.0236 0.3064 1.7257
vt 0.6628 0.6682
vn -0.9968 0.0247 0.0754
v -2.0073 0.3390 1.7567
vt 0.6717 0.6713
vn -0.8110 0.3970 0.4297
f 5559/5559/5559 5560/5560/5560 5561/5561/5561
v -2.0066 0.3559 1.7120
vt 0.6751 0.6682
vn -0.8031 0.5903 -0.0814
v -2.0104 0.3172 1.6744
vt 0.6662 0.6614
vn -0.8466 0.1483 -0.5112
v -2.0236 0.3064 1.7257
vt 0.6628 0.6682
vn -0.9968 0.0247 0.0754
f 5562/5562/5562 5563/5563/5563 5564/5564/5564
v -2.0104 0.3172 1.6744
vt 0.6662 0.6614
vn -0.8466 0.1483 -0.5112
v -2.0138 0.2732 1.6927
vt 0.6565 0.6598
vn -0.8850 -0.3550 -0.3014
v -2.0236 0.3064 1.7257
vt 0.6628 0.6682
vn -0.9968 0.0247 0.0754
f 5565/5565/5565 5566/5566/5566 5567/5567/5567
v -2.0236 0.3064 1.7257
vt 0.6628 0.6682
vn -0.9968 0.0247 0.0754
v -2.0034 0.2948 1.7745
vt 0.6628 0.6682
vn -0.7664 -0.1083 0.6332
v -2.0073 0.3390 1.7567
vt 0.6717 0.6713
vn -0.8110 0.3970 0.4297
f 5568/5568/5568 5569/5569/5569 5570/5570/5570
v -2.0236 0.3064 1.7257
vt 0.6628 0.6682
vn -0.9968 0.0247 0.0754
v -2.0072 0.2561 1.7369
vt 0.6539 0.6614
vn -0.8098 -0.5503 0.2034
v -2.0034 0.2948 1.7745
vt 0.6628 0.6682
vn -0.7664 -0.1083 0.6332
f 5571/5571/5571 5572/5572/5572 5573/5573/5573
v -2.0072 0.2561 1.7369
vt 0.6539 0.6614
vn -0.8098 -0.5503 0.2034
v -1.9795 0.2534 1.7757
vt 0.6565 0.6598
vn -0.4928 -0.5812 0.6476
v -2.0034 0.2948 1.7745
vt 0.6628 0.6682
vn -0.7664 -0.1083 0.6332
f 5574/5574/5574 5575/5575/5575 5576/5576/5576
v -2.0034 0.2948 1.7745
vt 0.6628 0.6682
vn -0.7664 -0.1083 0.6332
v -1.9740 0.3371 1.7909
vt 0.6751 0.6682
vn -0.4302 0.3751 0.8211
v -2.0073 0.3390 1.7567
vt 0.6717 0.6713
vn -0.8110 0.3970 0.4297
f 5577/5577/5577 5578/5578/5578 5579/5579/5579
v -2.0034 0.2948 1.7745
vt 0.6628 0.6682
vn -0.7664 -0.1083 0.6332
v -1.9576 0.2868 1.8021
vt 0.6662 0.6614
vn -0.2431 -0.1999 0.9492
v -1.9740 0.3371 1.7909
vt 0.6751 0.6682
vn -0.4302 0.3751 0.8211
f 5580/5580/5580 5581/5581/5581 5582/5582/5582
v -1.9576 0.2868 1.8021
vt 0.6662 0.6614
vn -0.2431 -0.1999 0.9492
v -1.9294 0.3253 1.8037
vt 0.6775 0.6598
vn 0.0792 0.2411 0.9673
v -1.9740 0.3371 1.7909
vt 0.6751 0.6682
vn -0.4302 0.3751 0.8211
f 5583/5583/5583 5584/5584/5584 5585/5585/5585
v -1.9740 0.3371 1.7909
vt 0.6751 0.6682
vn -0.4302 0.3751 0.8211
v -1.9760 0.3748 1.7523
vt 0.6827 0.6682
vn -0.4529 0.8068 0.3795
v -2.0073 0.3390 1.7567
vt 0.6717 0.6713
vn -0.8110 0.3970 0.4297
f 5586/5586/5586 5587/5587/5587 5588/5588/5588
v -1.9740 0.3371 1.7909
vt 0.6751 0.6682
vn -0.4302 0.3751 0.8211
v -1.9302 0.3668 1.7799
vt 0.6861 0.6614
vn 0.0703 0.7152 0.6954
v -1.9760 0.3748 1.7523
vt 0.6827 0.6682
vn -0.4529 0.8068 0.3795
f 5589/5589/5589 5590/5590/5590 5591/5591/5591
v -1.9302 0.3668 1.7799
vt 0.6861 0.6614
vn 0.0703 0.7152 0.6954
v -1.9328 0.3896 1.7380
vt 0.6904 0.6598
vn 0.0405 0.9756 0.2158
v -1.9760 0.3748 1.7523
vt 0.6827 0.6682
vn -0.4529 0.8068 0.3795
f 5592/5592/5592 5593/5593/5593 5594/5594/5594
v -1.9089 0.3843 1.6969
vt 0.6916 0.6504
vn 0.3135 0.9151 -0.2538
v -1.9628 0.3856 1.7010
vt 0.6861 0.6614
vn -0.3026 0.9303 -0.2071
v -1.9328 0.3896 1.7380
vt 0.6904 0.6598
vn 0.0405 0.9756 0.2158
f 5595/5595/5595 5596/5596/5596 5597/5597/5597
v -1.9089 0.3843 1.6969
vt 0.6916 0.6504
vn 0.3135 0.9151 -0.2538
v -1.9395 0.3654 1.6565
vt 0.6840 0.6504
vn -0.0367 0.6985 -0.7146
v -1.9628 0.3856 1.7010
vt 0.6861 0.6614
vn -0.3026 0.9303 -0.2071
f 5598/5598/5598 5599/5599/5599 5600/5600/5600
v -1.9395 0.3654 1.6565
vt 0.6840 0.6504
vn -0.0367 0.6985 -0.7146
v -1.9849 0.3574 1.6694
vt 0.6775 0.6598
vn -0.5553 0.6072 -0.5683
v -1.9628 0.3856 1.7010
vt 0.6861 0.6614
vn -0.3026 0.9303 -0.2071
f 5601/5601/5601 5602/5602/5602 5603/5603/5603
v -1.9690 0.3231 1.6401
vt 0.6717 0.6504
vn -0.3729 0.2152 -0.9026
v -2.0104 0.3172 1.6744
vt 0.6662 0.6614
vn -0.8466 0.1483 -0.5112
v -1.9849 0.3574 1.6694
vt 0.6775 0.6598
vn -0.5553 0.6072 -0.5683
f 5604/5604/5604 5605/5605/5605 5606/5606/5606
v -1.9690 0.3231 1.6401
vt 0.6717 0.6504
vn -0.3729 0.2152 -0.9026
v -1.9859 0.2736 1.6538
vt 0.6594 0.6504
vn -0.5667 -0.3504 -0.7457
v -2.0104 0.3172 1.6744
vt 0.6662 0.6614
vn -0.8466 0.1483 -0.5112
f 5607/5607/5607 5608/5608/5608 5609/5609/5609
v -1.9859 0.2736 1.6538
vt 0.6594 0.6504
vn -0.5667 -0.3504 -0.7457
v -2.0138 0.2732 1.6927
vt 0.6565 0.6598
vn -0.8850 -0.3550 -0.3014
v -2.0104 0.3172 1.6744
vt 0.6662 0.6614
vn -0.8466 0.1483 -0.5112
f 5610/5610/5610 5611/5611/5611 5612/5612/5612
v -1.9839 0.2358 1.6925
vt 0.6518 0.6504
vn -0.5440 -0.7821 -0.3041
v -2.0072 0.2561 1.7369
vt 0.6539 0.6614
vn -0.8098 -0.5503 0.2034
v -2.0138 0.2732 1.6927
vt 0.6565 0.6598
vn -0.8850 -0.3550 -0.3014
f 5613/5613/5613 5614/5614/5614 5615/5615/5615
v -1.9839 0.2358 1.6925
vt 0.6518 0.6504
vn -0.5440 -0.7821 -0.3041
v -1.9638 0.2242 1.7413
vt 0.6518 0.6504
vn -0.3135 -0.9151 0.2538
v -2.0072 0.2561 1.7369
vt 0.6539 0.6614
vn -0.8098 -0.5503 0.2034
f 5616/5616/5616 5617/5617/5617 5618/5618/5618
v -1.9638 0.2242 1.7413
vt 0.6518 0.6504
vn -0.3135 -0.9151 0.2538
v -1.9795 0.2534 1.7757
vt 0.6565 0.6598
vn -0.4928 -0.5812 0.6476
v -2.0072 0.2561 1.7369
vt 0.6539 0.6614
vn -0.8098 -0.5503 0.2034
f 5619/5619/5619 5620/5620/5620 5621/5621/5621
v -1.9331 0.2431 1.7816
vt 0.6594 0.6504
vn 0.0367 -0.6985 0.7146
v -1.9576 0.2868 1.8021
vt 0.6662 0.6614
vn -0.2431 -0.1999 0.9492
v -1.9795 0.2534 1.7757
vt 0.6565 0.6598
vn -0.4928 -0.5812 0.6476
f 5622/5622/5622 5623/5623/5623 5624/5624/5624
v -1.9331 0.2431 1.7816
vt 0.6594 0.6504
vn 0.0367 -0.6985 0.7146
v -1.9037 0.2854 1.7981
vt 0.6717 0.6504
vn 0.3729 -0.2152 0.9026
v -1.9576 0.2868 1.8021
vt 0.6662 0.6614
vn -0.2431 -0.1999 0.9492
f 5625/5625/5625 5626/5626/5626 5627/5627/5627
v -1.9037 0.2854 1.7981
vt 0.6717 0.6504
vn 0.3729 -0.2152 0.9026
v -1.9294 0.3253 1.8037
vt 0.6775 0.6598
vn 0.0792 0.2411 0.9673
v -1.9576 0.2868 1.8021
vt 0.6662 0.6614
vn -0.2431 -0.1999 0.9492
f 5628/5628/5628 5629/5629/5629 5630/5630/5630
v -1.8868 0.3349 1.7843
vt 0.6840 0.6504
vn 0.5667 0.3504 0.7457
v -1.9302 0.3668 1.7799
vt 0.6861 0.6614
vn 0.0703 0.7152 0.6954
v -1.9294 0.3253 1.8037
vt 0.6775 0.6598
vn 0.0792 0.2411 0.9673
f 5631/5631/5631 5632/5632/5632 5633/5633/5633
v -1.8868 0.3349 1.7843
vt 0.6840 0.6504
vn 0.5667 0.3504 0.7457
v -1.8887 0.3727 1.7457
vt 0.6916 0.6504
vn 0.5440 0.7821 0.3041
v -1.9302 0.3668 1.7799
vt 0.6861 0.6614
vn 0.0703 0.7152 0.6954
f 5634/5634/5634 5635/5635/5635 5636/5636/5636
v -1.8887 0.3727 1.7457
vt 0.6916 0.6504
vn 0.5440 0.7821 0.3041
v -1.9328 0.3896 1.7380
vt 0.6904 0.6598
vn 0.0405 0.9756 0.2158
v -1.9302 0.3668 1.7799
vt 0.6861 0.6614
vn 0.0703 0.7152 0.6954
f 5637/5637/5637 5638/5638/5638 5639/5639/5639
v -1.9395 0.3654 1.6565
vt 0.6840 0.6504
vn -0.0367 0.6985 -0.7146
v -1.9690 0.3231 1.6401
vt 0.6717 0.6504
vn -0.3729 0.2152 -0.9026
v -1.9849 0.3574 1.6694
vt 0.6775 0.6598
vn -0.5553 0.6072 -0.5683
f 5640/5640/5640 5641/5641/5641 5642/5642/5642
v -1.9395 0.3654 1.6565
vt 0.6840 0.6504
vn -0.0367 0.6985 -0.7146
v -1.9151 0.3217 1.6360
vt 0.6772 0.6394
vn 0.2431 0.1999 -0.9492
v -1.9690 0.3231 1.6401
vt 0.6717 0.6504
vn -0.3729 0.2152 -0.9026
f 5643/5643/5643 5644/5644/5644 5645/5645/5645
v -1.9151 0.3217 1.6360
vt 0.6772 0.6394
vn 0.2431 0.1999 -0.9492
v -1.9433 0.2831 1.6344
vt 0.6659 0.6411
vn -0.0792 -0.2411 -0.9673
v -1.9690 0.3231 1.6401
vt 0.6717 0.6504
vn -0.3729 0.2152 -0.9026
f 5646/5646/5646 5647/5647/5647 5648/5648/5648
v -1.9859 0.2736 1.6538
vt 0.6594 0.6504
vn -0.5667 -0.3504 -0.7457
v -1.9839 0.2358 1.6925
vt 0.6518 0.6504
vn -0.5440 -0.7821 -0.3041
v -2.0138 0.2732 1.6927
vt 0.6565 0.6598
vn -0.8850 -0.3550 -0.3014
f 5649/5649/5649 5650/5650/5650 5651/5651/5651
v -1.9859 0.2736 1.6538
vt 0.6594 0.6504
vn -0.5667 -0.3504 -0.7457
v -1.9425 0.2417 1.6582
vt 0.6573 0.6394
vn -0.0703 -0.7152 -0.6954
v -1.9839 0.2358 1.6925
vt 0.6518 0.6504
vn -0.5440 -0.7821 -0.3041
f 5652/5652/5652 5653/5653/5653 5654/5654/5654
v -1.9425 0.2417 1.6582
vt 0.6573 0.6394
vn -0.0703 -0.7152 -0.6954
v -1.9399 0.2189 1.7002
vt 0.6530 0.6411
vn -0.0405 -0.9756 -0.2158
v -1.9839 0.2358 1.6925
vt 0.6518 0.6504
vn -0.5440 -0.7821 -0.3041
f 5655/5655/5655 5656/5656/5656 5657/5657/5657
v -1.9638 0.2242 1.7413
vt 0.6518 0.6504
vn -0.3135 -0.9151 0.2538
v -1.9331 0.2431 1.7816
vt 0.6594 0.6504
vn 0.0367 -0.6985 0.7146
v -1.9795 0.2534 1.7757
vt 0.6565 0.6598
vn -0.4928 -0.5812 0.6476
f 5658/5658/5658 5659/5659/5659 5660/5660/5660
v -1.9638 0.2242 1.7413
vt 0.6518 0.6504
vn -0.3135 -0.9151 0.2538
v -1.9099 0.2228 1.7372
vt 0.6573 0.6394
vn 0.3026 -0.9303 0.2071
v -1.9331 0.2431 1.7816
vt 0.6594 0.6504
vn 0.0367 -0.6985 0.7146
f 5661/5661/5661 5662/5662/5662 5663/5663/5663
v -1.9099 0.2228 1.7372
vt 0.6573 0.6394
vn 0.3026 -0.9303 0.2071
v -1.8877 0.2511 1.7688
vt 0.6659 0.6411
vn 0.5553 -0.6072 0.5683
v -1.9331 0.2431 1.7816
vt 0.6594 0.6504
vn 0.0367 -0.6985 0.7146
f 5664/5664/5664 5665/5665/5665 5666/5666/5666
v -1.9037 0.2854 1.7981
vt 0.6717 0.6504
vn 0.3729 -0.2152 0.9026
v -1.8868 0.3349 1.7843
vt 0.6840 0.6504
vn 0.5667 0.3504 0.7457
v -1.9294 0.3253 1.8037
vt 0.6775 0.6598
vn 0.0792 0.2411 0.9673
f 5667/5667/5667 5668/5668/5668 5669/5669/5669
v -1.9037 0.2854 1.7981
vt 0.6717 0.6504
vn 0.3729 -0.2152 0.9026
v -1.8623 0.2913 1.7638
vt 0.6772 0.6394
vn 0.8466 -0.1483 0.5112
v -1.8868 0.3349 1.7843
vt 0.6840 0.6504
vn 0.5667 0.3504 0.7457
f 5670/5670/5670 5671/5671/5671 5672/5672/5672
v -1.8623 0.2913 1.7638
vt 0.6772 0.6394
vn 0.8466 -0.1483 0.5112
v -1.8589 0.3353 1.7455
vt 0.6868 0.6411
vn 0.8850 0.3550 0.3014
v -1.8868 0.3349 1.7843
vt 0.6840 0.6504
vn 0.5667 0.3504 0.7457
f 5673/5673/5673 5674/5674/5674 5675/5675/5675
v -1.8887 0.3727 1.7457
vt 0.6916 0.6504
vn 0.5440 0.7821 0.3041
v -1.9089 0.3843 1.6969
vt 0.6916 0.6504
vn 0.3135 0.9151 -0.2538
v -1.9328 0.3896 1.7380
vt 0.6904 0.6598
vn 0.0405 0.9756 0.2158
f 5676/5676/5676 5677/5677/5677 5678/5678/5678
v -1.8887 0.3727 1.7457
vt 0.6916 0.6504
vn 0.5440 0.7821 0.3041
v -1.8655 0.3524 1.7013
vt 0.6895 0.6394
vn 0.8098 0.5503 -0.2034
v -1.9089 0.3843 1.6969
vt 0.6916 0.6504
vn 0.3135 0.9151 -0.2538
f 5679/5679/5679 5680/5680/5680 5681/5681/5681
v -1.8655 0.3524 1.7013
vt 0.6895 0.6394
vn 0.8098 0.5503 -0.2034
v -1.8932 0.3551 1.6624
vt 0.6868 0.6411
vn 0.4928 0.5812 -0.6476
v -1.9089 0.3843 1.6969
vt 0.6916 0.6504
vn 0.3135 0.9151 -0.2538
f 5682/5682/5682 5683/5683/5683 5684/5684/5684
v -1.8693 0.3137 1.6637
vt 0.6806 0.6326
vn 0.7664 0.1083 -0.6332
v -1.9151 0.3217 1.6360
vt 0.6772 0.6394
vn 0.2431 0.1999 -0.9492
v -1.8932 0.3551 1.6624
vt 0.6868 0.6411
vn 0.4928 0.5812 -0.6476
f 5685/5685/5685 5686/5686/5686 5687/5687/5687
v -1.8693 0.3137 1.6637
vt 0.6806 0.6326
vn 0.7664 0.1083 -0.6332
v -1.8987 0.2714 1.6472
vt 0.6683 0.6326
vn 0.4302 -0.3751 -0.8211
v -1.9151 0.3217 1.6360
vt 0.6772 0.6394
vn 0.2431 0.1999 -0.9492
f 5688/5688/5688 5689/5689/5689 5690/5690/5690
v -1.8987 0.2714 1.6472
vt 0.6683 0.6326
vn 0.4302 -0.3751 -0.8211
v -1.9433 0.2831 1.6344
vt 0.6659 0.6411
vn -0.0792 -0.2411 -0.9673
v -1.9151 0.3217 1.6360
vt 0.6772 0.6394
vn 0.2431 0.1999 -0.9492
f 5691/5691/5691 5692/5692/5692 5693/5693/5693
v -1.8987 0.2714 1.6472
vt 0.6683 0.6326
vn 0.4302 -0.3751 -0.8211
v -1.9425 0.2417 1.6582
vt 0.6573 0.6394
vn -0.0703 -0.7152 -0.6954
v -1.9433 0.2831 1.6344
vt 0.6659 0.6411
vn -0.0792 -0.2411 -0.9673
f 5694/5694/5694 5695/5695/5695 5696/5696/5696
v -1.8987 0.2714 1.6472
vt 0.6683 0.6326
vn 0.4302 -0.3751 -0.8211
v -1.8967 0.2336 1.6859
vt 0.6607 0.6326
vn 0.4529 -0.8068 -0.3795
v -1.9425 0.2417 1.6582
vt 0.6573 0.6394
vn -0.0703 -0.7152 -0.6954
f 5697/5697/5697 5698/5698/5698 5699/5699/5699
v -1.8967 0.2336 1.6859
vt 0.6607 0.6326
vn 0.4529 -0.8068 -0.3795
v -1.9399 0.2189 1.7002
vt 0.6530 0.6411
vn -0.0405 -0.9756 -0.2158
v -1.9425 0.2417 1.6582
vt 0.6573 0.6394
vn -0.0703 -0.7152 -0.6954
f 5700/5700/5700 5701/5701/5701 5702/5702/5702
v -1.8967 0.2336 1.6859
vt 0.6607 0.6326
vn 0.4529 -0.8068 -0.3795
v -1.9099 0.2228 1.7372
vt 0.6573 0.6394
vn 0.3026 -0.9303 0.2071
v -1.9399 0.2189 1.7002
vt 0.6530 0.6411
vn -0.0405 -0.9756 -0.2158
f 5703/5703/5703 5704/5704/5704 5705/5705/5705
v -1.8967 0.2336 1.6859
vt 0.6607 0.6326
vn 0.4529 -0.8068 -0.3795
v -1.8661 0.2526 1.7262
vt 0.6683 0.6326
vn 0.8031 -0.5903 0.0814
v -1.9099 0.2228 1.7372
vt 0.6573 0.6394
vn 0.3026 -0.9303 0.2071
f 5706/5706/5706 5707/5707/5707 5708/5708/5708
v -1.8661 0.2526 1.7262
vt 0.6683 0.6326
vn 0.8031 -0.5903 0.0814
v -1.8877 0.2511 1.7688
vt 0.6659 0.6411
vn 0.5553 -0.6072 0.5683
v -1.9099 0.2228 1.7372
vt 0.6573 0.6394
vn 0.3026 -0.9303 0.2071
f 5709/5709/5709 5710/5710/5710 5711/5711/5711
v -1.8655 0.3524 1.7013
vt 0.6895 0.6394
vn 0.8098 0.5503 -0.2034
v -1.8693 0.3137 1.6637
vt 0.6806 0.6326
vn 0.7664 0.1083 -0.6332
v -1.8932 0.3551 1.6624
vt 0.6868 0.6411
vn 0.4928 0.5812 -0.6476
f 5712/5712/5712 5713/5713/5713 5714/5714/5714
v -1.8655 0.3524 1.7013
vt 0.6895 0.6394
vn 0.8098 0.5503 -0.2034
v -1.8491 0.3021 1.7125
vt 0.6806 0.6326
vn 0.9968 -0.0247 -0.0754
v -1.8693 0.3137 1.6637
vt 0.6806 0.6326
vn 0.7664 0.1083 -0.6332
f 5715/5715/5715 5716/5716/5716 5717/5717/5717
v -1.8491 0.3021 1.7125
vt 0.6806 0.6326
vn 0.9968 -0.0247 -0.0754
v -1.8654 0.2695 1.6815
vt 0.6717 0.6295
vn 0.8110 -0.3970 -0.4298
v -1.8693 0.3137 1.6637
vt 0.6806 0.6326
vn 0.7664 0.1083 -0.6332
f 5718/5718/5718 5719/5719/5719 5720/5720/5720
v -1.8661 0.2526 1.7262
vt 0.6683 0.6326
vn 0.8031 -0.5903 0.0814
v -1.8623 0.2913 1.7638
vt 0.6772 0.6394
vn 0.8466 -0.1483 0.5112
v -1.8877 0.2511 1.7688
vt 0.6659 0.6411
vn 0.5553 -0.6072 0.5683
f 5721/5721/5721 5722/5722/5722 5723/5723/5723
v -1.8661 0.2526 1.7262
vt 0.6683 0.6326
vn 0.8031 -0.5903 0.0814
v -1.8491 0.3021 1.7125
vt 0.6806 0.6326
vn 0.9968 -0.0247 -0.0754
v -1.8623 0.2913 1.7638
vt 0.6772 0.6394
vn 0.8466 -0.1483 0.5112
f 5724/5724/5724 5725/5725/5725 5726/5726/5726
v -1.8491 0.3021 1.7125
vt 0.6806 0.6326
vn 0.9968 -0.0247 -0.0754
v -1.8589 0.3353 1.7455
vt 0.6868 0.6411
vn 0.8850 0.3550 0.3014
v -1.8623 0.2913 1.7638
vt 0.6772 0.6394
vn 0.8466 -0.1483 0.5112
f 5727/5727/5727 5728/5728/5728 5729/5729/5729
v -1.7140 0.3036 1.4591
vt 0.6717 0.6295
vn 0.8463 -0.4273 -0.3181
v -1.7007 0.3428 1.4830
vt 0.6806 0.6326
vn 0.9988 0.0211 -0.0453
v -1.7154 0.2963 1.5063
vt 0.6683 0.6326
vn 0.8309 -0.5103 0.2219
f 5730/5730/5730 5731/5731/5731 5732/5732/5732
v -1.7134 0.3815 1.5080
vt 0.6868 0.6411
vn 0.8529 0.4632 0.2411
v -1.7007 0.3428 1.4830
vt 0.6806 0.6326
vn 0.9988 0.0211 -0.0453
v -1.7194 0.3886 1.4611
vt 0.6895 0.6394
vn 0.7852 0.5445 -0.2951
f 5733/5733/5733 5734/5734/5734 5735/5735/5735
v -1.7140 0.3036 1.4591
vt 0.6717 0.6295
vn 0.8463 -0.4273 -0.3181
v -1.7154 0.2963 1.5063
vt 0.6683 0.6326
vn 0.8309 -0.5103 0.2219
v -1.7435 0.2676 1.4702
vt 0.6607 0.6326
vn 0.5097 -0.8388 -0.1916
f 5736/5736/5736 5737/5737/5737 5738/5738/5738
v -1.7140 0.3036 1.4591
vt 0.6717 0.6295
vn 0.8463 -0.4273 -0.3181
v -1.7435 0.2676 1.4702
vt 0.6607 0.6326
vn 0.5097 -0.8388 -0.1916
v -1.7461 0.2963 1.4244
vt 0.6683 0.6326
vn 0.4790 -0.5103 -0.7142
f 5739/5739/5739 5740/5740/5740 5741/5741/5741
v -1.7140 0.3036 1.4591
vt 0.6717 0.6295
vn 0.8463 -0.4273 -0.3181
v -1.7461 0.2963 1.4244
vt 0.6683 0.6326
vn 0.4790 -0.5103 -0.7142
v -1.7197 0.3428 1.4323
vt 0.6806 0.6326
vn 0.7813 0.0211 -0.6238
f 5742/5742/5742 5743/5743/5743 5744/5744/5744
v -1.7134 0.3815 1.5080
vt 0.6868 0.6411
vn 0.8529 0.4632 0.2411
v -1.7194 0.3886 1.4611
vt 0.6895 0.6394
vn 0.7852 0.5445 -0.2951
v -1.7453 0.4162 1.4997
vt 0.6916 0.6504
vn 0.4891 0.8599 0.1463
f 5745/5745/5745 5746/5746/5746 5747/5747/5747
v -1.7384 0.3024 1.5478
vt 0.6659 0.6411
vn 0.5672 -0.4410 0.6956
v -1.7150 0.3421 1.5351
vt 0.6772 0.6394
vn 0.8347 0.0130 0.5505
v -1.7573 0.3410 1.5688
vt 0.6717 0.6504
vn 0.3518 -0.0000 0.9361
f 5748/5748/5748 5749/5749/5749 5750/5750/5750
v -1.7862 0.2535 1.4862
vt 0.6530 0.6411
vn 0.0208 -0.9998 -0.0078
v -1.7578 0.2669 1.5223
vt 0.6573 0.6394
vn 0.3456 -0.8468 0.4042
v -1.8118 0.2658 1.5247
vt 0.6518 0.6504
vn -0.2717 -0.8599 0.4322
f 5751/5751/5751 5752/5752/5752 5753/5753/5753
v -1.7908 0.3024 1.4084
vt 0.6659 0.6411
vn -0.0313 -0.4410 -0.8970
v -1.7886 0.2669 1.4404
vt 0.6573 0.6394
vn -0.0062 -0.8468 -0.5318
v -1.8335 0.2945 1.4284
vt 0.6594 0.6504
vn -0.5197 -0.5314 -0.6689
f 5754/5754/5754 5755/5755/5755 5756/5756/5756
v -1.7458 0.3815 1.4219
vt 0.6868 0.6411
vn 0.4829 0.4632 -0.7431
v -1.7648 0.3421 1.4026
vt 0.6772 0.6394
vn 0.2654 0.0130 -0.9640
v -1.7924 0.3875 1.4129
vt 0.6840 0.6504
vn -0.0496 0.5314 -0.8456
f 5757/5757/5757 5758/5758/5758 5759/5759/5759
v -1.7134 0.3815 1.5080
vt 0.6868 0.6411
vn 0.8529 0.4632 0.2411
v -1.7453 0.4162 1.4997
vt 0.6916 0.6504
vn 0.4891 0.8599 0.1463
v -1.7426 0.3875 1.5454
vt 0.6840 0.6504
vn 0.5197 0.5314 0.6689
f 5760/5760/5760 5761/5761/5761 5762/5762/5762
v -1.7384 0.3024 1.5478
vt 0.6659 0.6411
vn 0.5672 -0.4410 0.6956
v -1.7573 0.3410 1.5688
vt 0.6717 0.6504
vn 0.3518 -0.0000 0.9361
v -1.7837 0.2945 1.5609
vt 0.6594 0.6504
vn 0.0495 -0.5314 0.8457
f 5763/5763/5763 5764/5764/5764 5765/5765/5765
v -1.7862 0.2535 1.4862
vt 0.6530 0.6411
vn 0.0208 -0.9998 -0.0078
v -1.8118 0.2658 1.5247
vt 0.6518 0.6504
vn -0.2717 -0.8599 0.4322
v -1.8309 0.2658 1.4741
vt 0.6518 0.6504
vn -0.4891 -0.8599 -0.1463
f 5766/5766/5766 5767/5767/5767 5768/5768/5768
v -1.7908 0.3024 1.4084
vt 0.6659 0.6411
vn -0.0313 -0.4410 -0.8970
v -1.8335 0.2945 1.4284
vt 0.6594 0.6504
vn -0.5197 -0.5314 -0.6689
v -1.8188 0.3410 1.4050
vt 0.6717 0.6504
vn -0.3518 -0.0000 -0.9361
f 5769/5769/5769 5770/5770/5770 5771/5771/5771
v -1.7458 0.3815 1.4219
vt 0.6868 0.6411
vn 0.4829 0.4632 -0.7431
v -1.7924 0.3875 1.4129
vt 0.6840 0.6504
vn -0.0496 0.5314 -0.8456
v -1.7643 0.4162 1.4491
vt 0.6916 0.6504
vn 0.2717 0.8599 -0.4322
f 5772/5772/5772 5773/5773/5773 5774/5774/5774
v -1.7853 0.3796 1.5654
vt 0.6775 0.6598
vn 0.0313 0.4410 0.8970
v -1.7875 0.4151 1.5334
vt 0.6861 0.6614
vn 0.0062 0.8468 0.5318
v -1.8300 0.3856 1.5494
vt 0.6751 0.6682
vn -0.4790 0.5103 0.7142
f 5775/5775/5775 5776/5776/5776 5777/5777/5777
v -1.8303 0.3005 1.5519
vt 0.6565 0.6598
vn -0.4829 -0.4632 0.7432
v -1.8113 0.3399 1.5713
vt 0.6662 0.6614
vn -0.2654 -0.0130 0.9640
v -1.8564 0.3391 1.5415
vt 0.6628 0.6682
vn -0.7813 -0.0211 0.6238
f 5778/5778/5778 5779/5779/5779 5780/5780/5780
v -1.8627 0.3005 1.4658
vt 0.6565 0.6598
vn -0.8529 -0.4632 -0.2411
v -1.8568 0.2933 1.5127
vt 0.6539 0.6614
vn -0.7852 -0.5445 0.2951
v -1.8754 0.3391 1.4909
vt 0.6628 0.6682
vn -0.9988 -0.0211 0.0453
f 5781/5781/5781 5782/5782/5782 5783/5783/5783
v -1.8377 0.3796 1.4261
vt 0.6775 0.6598
vn -0.5672 0.4410 -0.6956
v -1.8611 0.3399 1.4387
vt 0.6662 0.6614
vn -0.8347 -0.0130 -0.5505
v -1.8608 0.3856 1.4675
vt 0.6751 0.6682
vn -0.8309 0.5103 -0.2219
f 5784/5784/5784 5785/5785/5785 5786/5786/5786
v -1.7899 0.4285 1.4876
vt 0.6904 0.6598
vn -0.0208 0.9998 0.0078
v -1.8183 0.4151 1.4515
vt 0.6861 0.6614
vn -0.3456 0.8468 -0.4042
v -1.8327 0.4144 1.5037
vt 0.6827 0.6682
vn -0.5097 0.8388 0.1916
f 5787/5787/5787 5788/5788/5788 5789/5789/5789
v -1.8327 0.4144 1.5037
vt 0.6827 0.6682
vn -0.5097 0.8388 0.1916
v -1.8608 0.3856 1.4675
vt 0.6751 0.6682
vn -0.8309 0.5103 -0.2219
v -1.8621 0.3784 1.5147
vt 0.6717 0.6713
vn -0.8463 0.4273 0.3181
f 5790/5790/5790 5791/5791/5791 5792/5792/5792
v -1.8327 0.4144 1.5037
vt 0.6827 0.6682
vn -0.5097 0.8388 0.1916
v -1.8183 0.4151 1.4515
vt 0.6861 0.6614
vn -0.3456 0.8468 -0.4042
v -1.8608 0.3856 1.4675
vt 0.6751 0.6682
vn -0.8309 0.5103 -0.2219
f 5793/5793/5793 5794/5794/5794 5795/5795/5795
v -1.8183 0.4151 1.4515
vt 0.6861 0.6614
vn -0.3456 0.8468 -0.4042
v -1.8377 0.3796 1.4261
vt 0.6775 0.6598
vn -0.5672 0.4410 -0.6956
v -1.8608 0.3856 1.4675
vt 0.6751 0.6682
vn -0.8309 0.5103 -0.2219
f 5796/5796/5796 5797/5797/5797 5798/5798/5798
v -1.8608 0.3856 1.4675
vt 0.6751 0.6682
vn -0.8309 0.5103 -0.2219
v -1.8754 0.3391 1.4909
vt 0.6628 0.6682
vn -0.9988 -0.0211 0.0453
v -1.8621 0.3784 1.5147
vt 0.6717 0.6713
vn -0.8463 0.4273 0.3181
f 5799/5799/5799 5800/5800/5800 5801/5801/5801
v -1.8608 0.3856 1.4675
vt 0.6751 0.6682
vn -0.8309 0.5103 -0.2219
v -1.8611 0.3399 1.4387
vt 0.6662 0.6614
vn -0.8347 -0.0130 -0.5505
v -1.8754 0.3391 1.4909
vt 0.6628 0.6682
vn -0.9988 -0.0211 0.0453
f 5802/5802/5802 5803/5803/5803 5804/5804/5804
v -1.8611 0.3399 1.4387
vt 0.6662 0.6614
vn -0.8347 -0.0130 -0.5505
v -1.8627 0.3005 1.4658
vt 0.6565 0.6598
vn -0.8529 -0.4632 -0.2411
v -1.8754 0.3391 1.4909
vt 0.6628 0.6682
vn -0.9988 -0.0211 0.0453
f 5805/5805/5805 5806/5806/5806 5807/5807/5807
v -1.8754 0.3391 1.4909
vt 0.6628 0.6682
vn -0.9988 -0.0211 0.0453
v -1.8564 0.3391 1.5415
vt 0.6628 0.6682
vn -0.7813 -0.0211 0.6238
v -1.8621 0.3784 1.5147
vt 0.6717 0.6713
vn -0.8463 0.4273 0.3181
f 5808/5808/5808 5809/5809/5809 5810/5810/5810
v -1.8754 0.3391 1.4909
vt 0.6628 0.6682
vn -0.9988 -0.0211 0.0453
v -1.8568 0.2933 1.5127
vt 0.6539 0.6614
vn -0.7852 -0.5445 0.2951
v -1.8564 0.3391 1.5415
vt 0.6628 0.6682
vn -0.7813 -0.0211 0.6238
f 5811/5811/5811 5812/5812/5812 5813/5813/5813
v -1.8568 0.2933 1.5127
vt 0.6539 0.6614
vn -0.7852 -0.5445 0.2951
v -1.8303 0.3005 1.5519
vt 0.6565 0.6598
vn -0.4829 -0.4632 0.7432
v -1.8564 0.3391 1.5415
vt 0.6628 0.6682
vn -0.7813 -0.0211 0.6238
f 5814/5814/5814 5815/5815/5815 5816/5816/5816
v -1.8564 0.3391 1.5415
vt 0.6628 0.6682
vn -0.7813 -0.0211 0.6238
v -1.8300 0.3856 1.5494
vt 0.6751 0.6682
vn -0.4790 0.5103 0.7142
v -1.8621 0.3784 1.5147
vt 0.6717 0.6713
vn -0.8463 0.4273 0.3181
f 5817/5817/5817 5818/5818/5818 5819/5819/5819
v -1.8564 0.3391 1.5415
vt 0.6628 0.6682
vn -0.7813 -0.0211 0.6238
v -1.8113 0.3399 1.5713
vt 0.6662 0.6614
vn -0.2654 -0.0130 0.9640
v -1.8300 0.3856 1.5494
vt 0.6751 0.6682
vn -0.4790 0.5103 0.7142
f 5820/5820/5820 5821/5821/5821 5822/5822/5822
v -1.8113 0.3399 1.5713
vt 0.6662 0.6614
vn -0.2654 -0.0130 0.9640
v -1.7853 0.3796 1.5654
vt 0.6775 0.6598
vn 0.0313 0.4410 0.8970
v -1.8300 0.3856 1.5494
vt 0.6751 0.6682
vn -0.4790 0.5103 0.7142
f 5823/5823/5823 5824/5824/5824 5825/5825/5825
v -1.8300 0.3856 1.5494
vt 0.6751 0.6682
vn -0.4790 0.5103 0.7142
v -1.8327 0.4144 1.5037
vt 0.6827 0.6682
vn -0.5097 0.8388 0.1916
v -1.8621 0.3784 1.5147
vt 0.6717 0.6713
vn -0.8463 0.4273 0.3181
f 5826/5826/5826 5827/5827/5827 5828/5828/5828
v -1.8300 0.3856 1.5494
vt 0.6751 0.6682
vn -0.4790 0.5103 0.7142
v -1.7875 0.4151 1.5334
vt 0.6861 0.6614
vn 0.0062 0.8468 0.5318
v -1.8327 0.4144 1.5037
vt 0.6827 0.6682
vn -0.5097 0.8388 0.1916
f 5829/5829/5829 5830/5830/5830 5831/5831/5831
v -1.7875 0.4151 1.5334
vt 0.6861 0.6614
vn 0.0062 0.8468 0.5318
v -1.7899 0.4285 1.4876
vt 0.6904 0.6598
vn -0.0208 0.9998 0.0078
v -1.8327 0.4144 1.5037
vt 0.6827 0.6682
vn -0.5097 0.8388 0.1916
f 5832/5832/5832 5833/5833/5833 5834/5834/5834
v -1.7643 0.4162 1.4491
vt 0.6916 0.6504
vn 0.2717 0.8599 -0.4322
v -1.8183 0.4151 1.4515
vt 0.6861 0.6614
vn -0.3456 0.8468 -0.4042
v -1.7899 0.4285 1.4876
vt 0.6904 0.6598
vn -0.0208 0.9998 0.0078
f 5835/5835/5835 5836/5836/5836 5837/5837/5837
v -1.7643 0.4162 1.4491
vt 0.6916 0.6504
vn 0.2717 0.8599 -0.4322
v -1.7924 0.3875 1.4129
vt 0.6840 0.6504
vn -0.0496 0.5314 -0.8456
v -1.8183 0.4151 1.4515
vt 0.6861 0.6614
vn -0.3456 0.8468 -0.4042
f 5838/5838/5838 5839/5839/5839 5840/5840/5840
v -1.7924 0.3875 1.4129
vt 0.6840 0.6504
vn -0.0496 0.5314 -0.8456
v -1.8377 0.3796 1.4261
vt 0.6775 0.6598
vn -0.5672 0.4410 -0.6956
v -1.8183 0.4151 1.4515
vt 0.6861 0.6614
vn -0.3456 0.8468 -0.4042
f 5841/5841/5841 5842/5842/5842 5843/5843/5843
v -1.8188 0.3410 1.4050
vt 0.6717 0.6504
vn -0.3518 -0.0000 -0.9361
v -1.8611 0.3399 1.4387
vt 0.6662 0.6614
vn -0.8347 -0.0130 -0.5505
v -1.8377 0.3796 1.4261
vt 0.6775 0.6598
vn -0.5672 0.4410 -0.6956
f 5844/5844/5844 5845/5845/5845 5846/5846/5846
v -1.8188 0.3410 1.4050
vt 0.6717 0.6504
vn -0.3518 -0.0000 -0.9361
v -1.8335 0.2945 1.4284
vt 0.6594 0.6504
vn -0.5197 -0.5314 -0.6689
v -1.8611 0.3399 1.4387
vt 0.6662 0.6614
vn -0.8347 -0.0130 -0.5505
f 5847/5847/5847 5848/5848/5848 5849/5849/5849
v -1.8335 0.2945 1.4284
vt 0.6594 0.6504
vn -0.5197 -0.5314 -0.6689
v -1.8627 0.3005 1.4658
vt 0.6565 0.6598
vn -0.8529 -0.4632 -0.2411
v -1.8611 0.3399 1.4387
vt 0.6662 0.6614
vn -0.8347 -0.0130 -0.5505
f 5850/5850/5850 5851/5851/5851 5852/5852/5852
v -1.8309 0.2658 1.4741
vt 0.6518 0.6504
vn -0.4891 -0.8599 -0.1463
v -1.8568 0.2933 1.5127
vt 0.6539 0.6614
vn -0.7852 -0.5445 0.2951
v -1.8627 0.3005 1.4658
vt 0.6565 0.6598
vn -0.8529 -0.4632 -0.2411
f 5853/5853/5853 5854/5854/5854 5855/5855/5855
v -1.8309 0.2658 1.4741
vt 0.6518 0.6504
vn -0.4891 -0.8599 -0.1463
v -1.8118 0.2658 1.5247
vt 0.6518 0.6504
vn -0.2717 -0.8599 0.4322
v -1.8568 0.2933 1.5127
vt 0.6539 0.6614
vn -0.7852 -0.5445 0.2951
f 5856/5856/5856 5857/5857/5857 5858/5858/5858
v -1.8118 0.2658 1.5247
vt 0.6518 0.6504
vn -0.2717 -0.8599 0.4322
v -1.8303 0.3005 1.5519
vt 0.6565 0.6598
vn -0.4829 -0.4632 0.7432
v -1.8568 0.2933 1.5127
vt 0.6539 0.6614
vn -0.7852 -0.5445 0.2951
f 5859/5859/5859 5860/5860/5860 5861/5861/5861
v -1.7837 0.2945 1.5609
vt 0.6594 0.6504
vn 0.0495 -0.5314 0.8457
v -1.8113 0.3399 1.5713
vt 0.6662 0.6614
vn -0.2654 -0.0130 0.9640
v -1.8303 0.3005 1.5519
vt 0.6565 0.6598
vn -0.4829 -0.4632 0.7432
f 5862/5862/5862 5863/5863/5863 5864/5864/5864
v -1.7837 0.2945 1.5609
vt 0.6594 0.6504
vn 0.0495 -0.5314 0.8457
v -1.7573 0.3410 1.5688
vt 0.6717 0.6504
vn 0.3518 -0.0000 0.9361
v -1.8113 0.3399 1.5713
vt 0.6662 0.6614
vn -0.2654 -0.0130 0.9640
f 5865/5865/5865 5866/5866/5866 5867/5867/5867
v -1.7573 0.3410 1.5688
vt 0.6717 0.6504
vn 0.3518 -0.0000 0.9361
v -1.7853 0.3796 1.5654
vt 0.6775 0.6598
vn 0.0313 0.4410 0.8970
v -1.8113 0.3399 1.5713
vt 0.6662 0.6614
vn -0.2654 -0.0130 0.9640
f 5868/5868/5868 5869/5869/5869 5870/5870/5870
v -1.7426 0.3875 1.5454
vt 0.6840 0.6504
vn 0.5197 0.5314 0.6689
v -1.7875 0.4151 1.5334
vt 0.6861 0.6614
vn 0.0062 0.8468 0.5318
v -1.7853 0.3796 1.5654
vt 0.6775 0.6598
vn 0.0313 0.4410 0.8970
f 5871/5871/5871 5872/5872/5872 5873/5873/5873
v -1.7426 0.3875 1.5454
vt 0.6840 0.6504
vn 0.5197 0.5314 0.6689
v -1.7453 0.4162 1.4997
vt 0.6916 0.6504
vn 0.4891 0.8599 0.1463
v -1.7875 0.4151 1.5334
vt 0.6861 0.6614
vn 0.0062 0.8468 0.5318
f 5874/5874/5874 5875/5875/5875 5876/5876/5876
v -1.7453 0.4162 1.4997
vt 0.6916 0.6504
vn 0.4891 0.8599 0.1463
v -1.7899 0.4285 1.4876
vt 0.6904 0.6598
vn -0.0208 0.9998 0.0078
v -1.7875 0.4151 1.5334
vt 0.6861 0.6614
vn 0.0062 0.8468 0.5318
f 5877/5877/5877 5878/5878/5878 5879/5879/5879
v -1.7924 0.3875 1.4129
vt 0.6840 0.6504
vn -0.0496 0.5314 -0.8456
v -1.8188 0.3410 1.4050
vt 0.6717 0.6504
vn -0.3518 -0.0000 -0.9361
v -1.8377 0.3796 1.4261
vt 0.6775 0.6598
vn -0.5672 0.4410 -0.6956
f 5880/5880/5880 5881/5881/5881 5882/5882/5882
v -1.7924 0.3875 1.4129
vt 0.6840 0.6504
vn -0.0496 0.5314 -0.8456
v -1.7648 0.3421 1.4026
vt 0.6772 0.6394
vn 0.2654 0.0130 -0.9640
v -1.8188 0.3410 1.4050
vt 0.6717 0.6504
vn -0.3518 -0.0000 -0.9361
f 5883/5883/5883 5884/5884/5884 5885/5885/5885
v -1.7648 0.3421 1.4026
vt 0.6772 0.6394
vn 0.2654 0.0130 -0.9640
v -1.7908 0.3024 1.4084
vt 0.6659 0.6411
vn -0.0313 -0.4410 -0.8970
v -1.8188 0.3410 1.4050
vt 0.6717 0.6504
vn -0.3518 -0.0000 -0.9361
f 5886/5886/5886 5887/5887/5887 5888/5888/5888
v -1.8335 0.2945 1.4284
vt 0.6594 0.6504
vn -0.5197 -0.5314 -0.6689
v -1.8309 0.2658 1.4741
vt 0.6518 0.6504
vn -0.4891 -0.8599 -0.1463
v -1.8627 0.3005 1.4658
vt 0.6565 0.6598
vn -0.8529 -0.4632 -0.2411
f 5889/5889/5889 5890/5890/5890 5891/5891/5891
v -1.8335 0.2945 1.4284
vt 0.6594 0.6504
vn -0.5197 -0.5314 -0.6689
v -1.7886 0.2669 1.4404
vt 0.6573 0.6394
vn -0.0062 -0.8468 -0.5318
v -1.8309 0.2658 1.4741
vt 0.6518 0.6504
vn -0.4891 -0.8599 -0.1463
f 5892/5892/5892 5893/5893/5893 5894/5894/5894
v -1.7886 0.2669 1.4404
vt 0.6573 0.6394
vn -0.0062 -0.8468 -0.5318
v -1.7862 0.2535 1.4862
vt 0.6530 0.6411
vn 0.0208 -0.9998 -0.0078
v -1.8309 0.2658 1.4741
vt 0.6518 0.6504
vn -0.4891 -0.8599 -0.1463
f 5895/5895/5895 5896/5896/5896 5897/5897/5897
v -1.8118 0.2658 1.5247
vt 0.6518 0.6504
vn -0.2717 -0.8599 0.4322
v -1.7837 0.2945 1.5609
vt 0.6594 0.6504
vn 0.0495 -0.5314 0.8457
v -1.8303 0.3005 1.5519
vt 0.6565 0.6598
vn -0.4829 -0.4632 0.7432
f 5898/5898/5898 5899/5899/5899 5900/5900/5900
v -1.8118 0.2658 1.5247
vt 0.6518 0.6504
vn -0.2717 -0.8599 0.4322
v -1.7578 0.2669 1.5223
vt 0.6573 0.6394
vn 0.3456 -0.8468 0.4042
v -1.7837 0.2945 1.5609
vt 0.6594 0.6504
vn 0.0495 -0.5314 0.8457
f 5901/5901/5901 5902/5902/5902 5903/5903/5903
v -1.7578 0.2669 1.5223
vt 0.6573 0.6394
vn 0.3456 -0.8468 0.4042
v -1.7384 0.3024 1.5478
vt 0.6659 0.6411
vn 0.5672 -0.4410 0.6956
v -1.7837 0.2945 1.5609
vt 0.6594 0.6504
vn 0.0495 -0.5314 0.8457
f 5904/5904/5904 5905/5905/5905 5906/5906/5906
v -1.7573 0.3410 1.5688
vt 0.6717 0.6504
vn 0.3518 -0.0000 0.9361
v -1.7426 0.3875 1.5454
vt 0.6840 0.6504
vn 0.5197 0.5314 0.6689
v -1.7853 0.3796 1.5654
vt 0.6775 0.6598
vn 0.0313 0.4410 0.8970
f 5907/5907/5907 5908/5908/5908 5909/5909/5909
v -1.7573 0.3410 1.5688
vt 0.6717 0.6504
vn 0.3518 -0.0000 0.9361
v -1.7150 0.3421 1.5351
vt 0.6772 0.6394
vn 0.8347 0.0130 0.5505
v -1.7426 0.3875 1.5454
vt 0.6840 0.6504
vn 0.5197 0.5314 0.6689
f 5910/5910/5910 5911/5911/5911 5912/5912/5912
v -1.7150 0.3421 1.5351
vt 0.6772 0.6394
vn 0.8347 0.0130 0.5505
v -1.7134 0.3815 1.5080
vt 0.6868 0.6411
vn 0.8529 0.4632 0.2411
v -1.7426 0.3875 1.5454
vt 0.6840 0.6504
vn 0.5197 0.5314 0.6689
f 5913/5913/5913 5914/5914/5914 5915/5915/5915
v -1.7453 0.4162 1.4997
vt 0.6916 0.6504
vn 0.4891 0.8599 0.1463
v -1.7643 0.4162 1.4491
vt 0.6916 0.6504
vn 0.2717 0.8599 -0.4322
v -1.7899 0.4285 1.4876
vt 0.6904 0.6598
vn -0.0208 0.9998 0.0078
f 5916/5916/5916 5917/5917/5917 5918/5918/5918
v -1.7453 0.4162 1.4997
vt 0.6916 0.6504
vn 0.4891 0.8599 0.1463
v -1.7194 0.3886 1.4611
vt 0.6895 0.6394
vn 0.7852 0.5445 -0.2951
v -1.7643 0.4162 1.4491
vt 0.6916 0.6504
vn 0.2717 0.8599 -0.4322
f 5919/5919/5919 5920/5920/5920 5921/5921/5921
v -1.7194 0.3886 1.4611
vt 0.6895 0.6394
vn 0.7852 0.5445 -0.2951
v -1.7458 0.3815 1.4219
vt 0.6868 0.6411
vn 0.4829 0.4632 -0.7431
v -1.7643 0.4162 1.4491
vt 0.6916 0.6504
vn 0.2717 0.8599 -0.4322
f 5922/5922/5922 5923/5923/5923 5924/5924/5924
v -1.7197 0.3428 1.4323
vt 0.6806 0.6326
vn 0.7813 0.0211 -0.6238
v -1.7648 0.3421 1.4026
vt 0.6772 0.6394
vn 0.2654 0.0130 -0.9640
v -1.7458 0.3815 1.4219
vt 0.6868 0.6411
vn 0.4829 0.4632 -0.7431
f 5925/5925/5925 5926/5926/5926 5927/5927/5927
v -1.7197 0.3428 1.4323
vt 0.6806 0.6326
vn 0.7813 0.0211 -0.6238
v -1.7461 0.2963 1.4244
vt 0.6683 0.6326
vn 0.4790 -0.5103 -0.7142
v -1.7648 0.3421 1.4026
vt 0.6772 0.6394
vn 0.2654 0.0130 -0.9640
f 5928/5928/5928 5929/5929/5929 5930/5930/5930
v -1.7461 0.2963 1.4244
vt 0.6683 0.6326
vn 0.4790 -0.5103 -0.7142
v -1.7908 0.3024 1.4084
vt 0.6659 0.6411
vn -0.0313 -0.4410 -0.8970
v -1.7648 0.3421 1.4026
vt 0.6772 0.6394
vn 0.2654 0.0130 -0.9640
f 5931/5931/5931 5932/5932/5932 5933/5933/5933
v -1.7461 0.2963 1.4244
vt 0.6683 0.6326
vn 0.4790 -0.5103 -0.7142
v -1.7886 0.2669 1.4404
vt 0.6573 0.6394
vn -0.0062 -0.8468 -0.5318
v -1.7908 0.3024 1.4084
vt 0.6659 0.6411
vn -0.0313 -0.4410 -0.8970
f 5934/5934/5934 5935/5935/5935 5936/5936/5936
v -1.7461 0.2963 1.4244
vt 0.6683 0.6326
vn 0.4790 -0.5103 -0.7142
v -1.7435 0.2676 1.4702
vt 0.6607 0.6326
vn 0.5097 -0.8388 -0.1916
v -1.7886 0.2669 1.4404
vt 0.6573 0.6394
vn -0.0062 -0.8468 -0.5318
f 5937/5937/5937 5938/5938/5938 5939/5939/5939
v -1.7435 0.2676 1.4702
vt 0.6607 0.6326
vn 0.5097 -0.8388 -0.1916
v -1.7862 0.2535 1.4862
vt 0.6530 0.6411
vn 0.0208 -0.9998 -0.0078
v -1.7886 0.2669 1.4404
vt 0.6573 0.6394
vn -0.0062 -0.8468 -0.5318
f 5940/5940/5940 5941/5941/5941 5942/5942/5942
v -1.7435 0.2676 1.4702
vt 0.6607 0.6326
vn 0.5097 -0.8388 -0.1916
v -1.7578 0.2669 1.5223
vt 0.6573 0.6394
vn 0.3456 -0.8468 0.4042
v -1.7862 0.2535 1.4862
vt 0.6530 0.6411
vn 0.0208 -0.9998 -0.0078
f 5943/5943/5943 5944/5944/5944 5945/5945/5945
v -1.7435 0.2676 1.4702
vt 0.6607 0.6326
vn 0.5097 -0.8388 -0.1916
v -1.7154 0.2963 1.5063
vt 0.6683 0.6326
vn 0.8309 -0.5103 0.2219
v -1.7578 0.2669 1.5223
vt 0.6573 0.6394
vn 0.3456 -0.8468 0.4042
f 5946/5946/5946 5947/5947/5947 5948/5948/5948
v -1.7154 0.2963 1.5063
vt 0.6683 0.6326
vn 0.8309 -0.5103 0.2219
v -1.7384 0.3024 1.5478
vt 0.6659 0.6411
vn 0.5672 -0.4410 0.6956
v -1.7578 0.2669 1.5223
vt 0.6573 0.6394
vn 0.3456 -0.8468 0.4042
f 5949/5949/5949 5950/5950/5950 5951/5951/5951
v -1.7194 0.3886 1.4611
vt 0.6895 0.6394
vn 0.7852 0.5445 -0.2951
v -1.7197 0.3428 1.4323
vt 0.6806 0.6326
vn 0.7813 0.0211 -0.6238
v -1.7458 0.3815 1.4219
vt 0.6868 0.6411
vn 0.4829 0.4632 -0.7431
f 5952/5952/5952 5953/5953/5953 5954/5954/5954
v -1.7194 0.3886 1.4611
vt 0.6895 0.6394
vn 0.7852 0.5445 -0.2951
v -1.7007 0.3428 1.4830
vt 0.6806 0.6326
vn 0.9988 0.0211 -0.0453
v -1.7197 0.3428 1.4323
vt 0.6806 0.6326
vn 0.7813 0.0211 -0.6238
f 5955/5955/5955 5956/5956/5956 5957/5957/5957
v -1.7007 0.3428 1.4830
vt 0.6806 0.6326
vn 0.9988 0.0211 -0.0453
v -1.7140 0.3036 1.4591
vt 0.6717 0.6295
vn 0.8463 -0.4273 -0.3181
v -1.7197 0.3428 1.4323
vt 0.6806 0.6326
vn 0.7813 0.0211 -0.6238
f 5958/5958/5958 5959/5959/5959 5960/5960/5960
v -1.7154 0.2963 1.5063
vt 0.6683 0.6326
vn 0.8309 -0.5103 0.2219
v -1.7150 0.3421 1.5351
vt 0.6772 0.6394
vn 0.8347 0.0130 0.5505
v -1.7384 0.3024 1.5478
vt 0.6659 0.6411
vn 0.5672 -0.4410 0.6956
f 5961/5961/5961 5962/5962/5962 5963/5963/5963
v -1.7154 0.2963 1.5063
vt 0.6683 0.6326
vn 0.8309 -0.5103 0.2219
v -1.7007 0.3428 1.4830
vt 0.6806 0.6326
vn 0.9988 0.0211 -0.0453
v -1.7150 0.3421 1.5351
vt 0.6772 0.6394
vn 0.8347 0.0130 0.5505
f 5964/5964/5964 5965/5965/5965 5966/5966/5966
v -1.7007 0.3428 1.4830
vt 0.6806 0.6326
vn 0.9988 0.0211 -0.0453
v -1.7134 0.3815 1.5080
vt 0.6868 0.6411
vn 0.8529 0.4632 0.2411
v -1.7150 0.3421 1.5351
vt 0.6772 0.6394
vn 0.8347 0.0130 0.5505
f 5967/5967/5967 5968/5968/5968 5969/5969/5969
v -2.0062 0.1750 2.1021
vt 0.7842 0.8581
vn -0.8660 -0.0000 0.5000
v -2.0062 0.3500 2.1021
vt 0.7842 0.8919
vn -0.8660 -0.0000 0.5000
v -2.3562 0.5250 1.4959
vt 0.7842 0.9258
vn -0.8660 -0.0000 0.5000
v -2.3562 0.2625 1.4959
vt 0.7842 0.8750
vn -0.8660 -0.0000 0.5000
f 5970/5970/5970 5971/5971/5971 5972/5972/5972 5973/5973/5973
v -2.3562 0.2625 1.4959
vt 0.7842 0.8750
vn -0.5000 0.0000 -0.8660
v -2.3562 0.5250 1.4959
vt 0.7842 0.9258
vn -0.5000 0.0000 -0.8660
v -1.1438 0.5250 0.7959
vt 0.8408 0.9258
vn -0.5000 0.0000 -0.8660
v -1.1438 0.2625 0.7959
vt 0.8408 0.8750
vn -0.5000 0.0000 -0.8660
f 5974/5974/5974 5975/5975/5975 5976/5976/5976 5977/5977/5977
v -1.1438 0.2625 0.7959
vt 0.8408 0.8750
vn 0.8660 0.0000 -0.5000
v -1.1438 0.5250 0.7959
vt 0.8408 0.9258
vn 0.8660 0.0000 -0.5000
v -0.7938 0.3500 1.4021
vt 0.8408 0.8919
vn 0.8660 0.0000 -0.5000
v -0.7938 0.1750 1.4021
vt 0.8408 0.8581
vn 0.8660 0.0000 -0.5000
f 5978/5978/5978 5979/5979/5979 5980/5980/5980 5981/5981/5981
v -0.7938 0.1750 1.4021
vt 0.8408 0.8581
vn 0.5000 0.0000 0.8660
v -0.7938 0.3500 1.4021
vt 0.8408 0.8919
vn 0.5000 0.0000 0.8660
v -2.0062 0.3500 2.1021
vt 0.7842 0.8919
vn 0.5000 0.0000 0.8660
v -2.0062 0.1750 2.1021
vt 0.7842 0.8581
vn 0.5000 0.0000 0.8660
f 5982/5982/5982 5983/5983/5983 5984/5984/5984 5985/5985/5985
v -2.3562 0.0000 1.4959
vt 0.7842 0.8086
vn -0.0000 -1.0000 0.0000
v -1.1438 0.0000 0.7959
vt 0.8408 0.8086
vn -0.0000 -1.0000 0.0000
v -0.7938 0.0000 1.4021
vt 0.8408 0.8086
vn -0.0000 -1.0000 0.0000
v -2.0062 0.0000 2.1021
vt 0.7842 0.8086
vn -0.0000 -1.0000 0.0000
f 5986/5986/5986 5987/5987/5987 5988/5988/5988 5989/5989/5989
v -1.1825 0.5003 0.9322
vt 0.8367 0.9054
vn 0.5000 0.0000 0.8660
v -2.2188 0.5003 1.5305
vt 0.7883 0.9054
vn 0.5000 0.0000 0.8660
v -2.2188 0.1225 1.5305
vt 0.7883 0.8323
vn 0.5000 0.0000 0.8660
v -1.1825 0.1225 0.9322
vt 0.8367 0.8323
vn 0.5000 0.0000 0.8660
f 5990/5990/5990 5991/5991/5991 5992/5992/5992 5993/5993/5993
v -1.9675 0.3747 1.9658
vt 0.7883 0.9280
vn 0.1213 0.9701 0.2100
v -2.2188 0.5003 1.5305
vt 0.7883 0.9523
vn 0.1213 0.9701 0.2100
v -2.3562 0.5250 1.4959
vt 0.7842 0.9570
vn 0.1213 0.9701 0.2100
v -2.0062 0.3500 2.1021
vt 0.7842 0.9232
vn 0.1213 0.9701 0.2100
f 5994/5994/5994 5995/5995/5995 5996/5996/5996 5997/5997/5997
v -2.2188 0.5003 1.5305
vt 0.7883 0.9523
vn 0.1213 0.9701 0.2100
v -1.1825 0.5003 0.9322
vt 0.8367 0.9523
vn 0.1213 0.9701 0.2100
v -1.1438 0.5250 0.7959
vt 0.8408 0.9570
vn 0.1213 0.9701 0.2100
v -2.3562 0.5250 1.4959
vt 0.7842 0.9570
vn 0.1213 0.9701 0.2100
f 5998/5998/5998 5999/5999/5999 6000/6000/6000 6001/6001/6001
v -1.1825 0.5003 0.9322
vt 0.8367 0.9523
vn 0.1213 0.9701 0.2100
v -0.9312 0.3747 1.3675
vt 0.8367 0.9280
vn 0.1213 0.9701 0.2100
v -0.7938 0.3500 1.4021
vt 0.8408 0.9232
vn 0.1213 0.9701 0.2100
v -1.1438 0.5250 0.7959
vt 0.8408 0.9570
vn 0.1213 0.9701 0.2100
f 6002/6002/6002 6003/6003/6003 6004/6004/6004 6005/6005/6005
v -0.9312 0.3747 1.3675
vt 0.8367 0.9280
vn 0.1213 0.9701 0.2100
v -1.9675 0.3747 1.9658
vt 0.7883 0.9280
vn 0.1213 0.9701 0.2100
v -2.0062 0.3500 2.1021
vt 0.7842 0.9232
vn 0.1213 0.9701 0.2100
v -0.7938 0.3500 1.4021
vt 0.8408 0.9232
vn 0.1213 0.9701 0.2100
f 6006/6006/6006 6007/6007/6007 6008/6008/6008 6009/6009/6009
v -1.1825 0.1225 0.9322
vt 0.8367 0.8635
vn 0.0000 1.0000 0.0000
v -2.2188 0.1225 1.5305
vt 0.7883 0.8635
vn 0.0000 1.0000 0.0000
v -1.9675 0.1225 1.9658
vt 0.7883 0.8635
vn 0.0000 1.0000 0.0000
v -0.9312 0.1225 1.3675
vt 0.8367 0.8635
vn 0.0000 1.0000 0.0000
f 6010/6010/6010 6011/6011/6011 6012/6012/6012 6013/6013/6013
v -0.9312 0.3747 1.3675
vt 0.8367 0.8811
vn -0.8660 -0.0000 0.5000
v -1.1825 0.5003 0.9322
vt 0.8367 0.9054
vn -0.8660 -0.0000 0.5000
v -1.1825 0.1225 0.9322
vt 0.8367 0.8323
vn -0.8660 -0.0000 0.5000
v -0.9312 0.1225 1.3675
vt 0.8367 0.8323
vn -0.8660 -0.0000 0.5000
f 6014/6014/6014 6015/6015/6015 6016/6016/6016 6017/6017/6017
v -2.2188 0.5003 1.5305
vt 0.7883 0.9054
vn 0.8660 0.0000 -0.5000
v -1.9675 0.3747 1.9658
vt 0.7883 0.8811
vn 0.8660 0.0000 -0.5000
v -1.9675 0.1225 1.9658
vt 0.7883 0.8323
vn 0.8660 0.0000 -0.5000
v -2.2188 0.1225 1.5305
vt 0.7883 0.8323
vn 0.8660 0.0000 -0.5000
f 6018/6018/6018 6019/6019/6019 6020/6020/6020 6021/6021/6021
v -1.9675 0.3747 1.9658
vt 0.7883 0.8811
vn -0.5000 0.0000 -0.8660
v -0.9312 0.3747 1.3675
vt 0.8367 0.8811
vn -0.5000 0.0000 -0.8660
v -0.9312 0.1225 1.3675
vt 0.8367 0.8323
vn -0.5000 0.0000 -0.8660
v -1.9675 0.1225 1.9658
vt 0.7883 0.8323
vn -0.5000 0.0000 -0.8660
f 6022/6022/6022 6023/6023/6023 6024/6024/6024 6025/6025/6025
v -1.6548 0.4443 1.2049
vt 0.8367 0.8948
vn 0.1248 0.9684 0.2161
v -1.7465 0.4443 1.2578
vt 0.7883 0.8948
vn 0.1248 0.9684 0.2161
v -1.4952 0.3147 1.6931
vt 0.7883 0.8948
vn 0.1248 0.9684 0.2161
v -1.4035 0.3147 1.6402
vt 0.8367 0.8948
vn 0.1248 0.9684 0.2161
f 6026/6026/6026 6027/6027/6027 6028/6028/6028 6029/6029/6029
v -1.4035 0.1225 1.6402
vt 0.8367 0.8479
vn 0.8660 0.0000 -0.5000
v -1.6548 0.1225 1.2049
vt 0.8367 0.8479
vn 0.8660 0.0000 -0.5000
v -1.6548 0.4443 1.2049
vt 0.8367 0.8479
vn 0.8660 0.0000 -0.5000
v -1.4035 0.3147 1.6402
vt 0.8367 0.8479
vn 0.8660 0.0000 -0.5000
f 6030/6030/6030 6031/6031/6031 6032/6032/6032 6033/6033/6033
v -1.7465 0.1225 1.2578
vt 0.7883 0.8479
vn -0.8660 -0.0000 0.5000
v -1.4952 0.1225 1.6931
vt 0.7883 0.8479
vn -0.8660 -0.0000 0.5000
v -1.4952 0.3147 1.6931
vt 0.7883 0.8479
vn -0.8660 -0.0000 0.5000
v -1.7465 0.4443 1.2578
vt 0.7883 0.8479
vn -0.8660 -0.0000 0.5000
f 6034/6034/6034 6035/6035/6035 6036/6036/6036 6037/6037/6037
v -0.7938 0.0000 1.4021
vt 0.8408 0.8242
vn 0.5000 0.0000 0.8660
v -0.7938 0.1750 1.4021
vt 0.8408 0.8424
vn 0.5000 0.0000 0.8660
v -2.0062 0.1750 2.1021
vt 0.7842 0.8424
vn 0.5000 0.0000 0.8660
v -2.0062 0.0000 2.1021
vt 0.7842 0.8242
vn 0.5000 0.0000 0.8660
f 6038/6038/6038 6039/6039/6039 6040/6040/6040 6041/6041/6041
v -1.1438 0.0000 0.7959
vt 0.8408 0.8242
vn 0.8660 0.0000 -0.5000
v -1.1438 0.2625 0.7959
vt 0.8408 0.8594
vn 0.8660 0.0000 -0.5000
v -0.7938 0.1750 1.4021
vt 0.8408 0.8424
vn 0.8660 0.0000 -0.5000
v -0.7938 0.0000 1.4021
vt 0.8408 0.8242
vn 0.8660 0.0000 -0.5000
f 6042/6042/6042 6043/6043/6043 6044/6044/6044 6045/6045/6045
v -2.3562 0.0000 1.4959
vt 0.7842 0.8242
vn -0.5000 0.0000 -0.8660
v -2.3562 0.2625 1.4959
vt 0.7842 0.8594
vn -0.5000 0.0000 -0.8660
v -1.1438 0.2625 0.7959
vt 0.8408 0.8594
vn -0.5000 0.0000 -0.8660
v -1.1438 0.0000 0.7959
vt 0.8408 0.8242
vn -0.5000 0.0000 -0.8660
f 6046/6046/6046 6047/6047/6047 6048/6048/6048 6049/6049/6049
v -2.0062 0.0000 2.1021
vt 0.7842 0.8242
vn -0.8660 -0.0000 0.5000
v -2.0062 0.1750 2.1021
vt 0.7842 0.8424
vn -0.8660 -0.0000 0.5000
v -2.3562 0.2625 1.4959
vt 0.7842 0.8594
vn -0.8660 -0.0000 0.5000
v -2.3562 0.0000 1.4959
vt 0.7842 0.8242
vn -0.8660 -0.0000 0.5000
f 6050/6050/6050 6051/6051/6051 6052/6052/6052 6053/6053/6053
v -1.5082 0.3798 1.1853
vt 0.5887 0.6526
vn -0.1155 0.9912 0.0638
v -1.5516 0.3784 1.1102
vt 0.6010 0.6492
vn -0.0560 0.9974 0.0449
v -1.6806 0.3784 1.1847
vt 0.6010 0.6492
vn -0.0083 0.9876 0.1565
v -1.6416 0.3551 1.2522
vt 0.5892 0.6493
vn -0.0922 0.9834 0.1560
f 6054/6054/6054 6055/6055/6055 6056/6056/6056 6057/6057/6057
v -1.2621 0.2569 1.6115
vt 0.5417 0.6492
vn 0.0875 0.9581 0.2729
v -1.3242 0.2884 1.5040
vt 0.5536 0.6501
vn 0.0907 0.9323 0.3501
v -1.4538 0.2812 1.5775
vt 0.5536 0.6492
vn 0.0953 0.9489 0.3008
v -1.3911 0.2569 1.6860
vt 0.5417 0.6492
vn 0.0879 0.9755 0.2016
f 6058/6058/6058 6059/6059/6059 6060/6060/6060 6061/6061/6061
v -1.3242 0.2884 1.5040
vt 0.5536 0.6501
vn 0.0907 0.9323 0.3501
v -1.3815 0.3484 1.4047
vt 0.5650 0.6526
vn 0.0239 0.9249 0.3794
v -1.5149 0.3238 1.4717
vt 0.5654 0.6493
vn -0.0045 0.9382 0.3460
v -1.4538 0.2812 1.5775
vt 0.5536 0.6492
vn 0.0953 0.9489 0.3008
f 6062/6062/6062 6063/6063/6063 6064/6064/6064 6065/6065/6065
v -1.3815 0.3484 1.4047
vt 0.5650 0.6526
vn 0.0239 0.9249 0.3794
v -1.4405 0.3840 1.3026
vt 0.5763 0.6565
vn -0.1096 0.9722 0.2068
v -1.5775 0.3388 1.3632
vt 0.5771 0.6504
vn -0.1448 0.9646 0.2204
v -1.5149 0.3238 1.4717
vt 0.5654 0.6493
vn -0.0045 0.9382 0.3460
f 6066/6066/6066 6067/6067/6067 6068/6068/6068 6069/6069/6069
v -1.4405 0.3840 1.3026
vt 0.5763 0.6565
vn -0.1096 0.9722 0.2068
v -1.5082 0.3798 1.1853
vt 0.5887 0.6526
vn -0.1155 0.9912 0.0638
v -1.6416 0.3551 1.2522
vt 0.5892 0.6493
vn -0.0922 0.9834 0.1560
v -1.5775 0.3388 1.3632
vt 0.5771 0.6504
vn -0.1448 0.9646 0.2204
f 6070/6070/6070 6071/6071/6071 6072/6072/6072 6073/6073/6073
v -1.0813 0.3388 1.0767
vt 0.5771 0.6504
vn 0.3319 0.9432 0.0175
v -1.1453 0.3551 0.9657
vt 0.5892 0.6493
vn 0.2047 0.9787 -0.0155
v -1.2502 0.3798 1.0363
vt 0.5887 0.6526
vn 0.1254 0.9892 -0.0756
v -1.1824 0.3840 1.1536
vt 0.5763 0.6565
vn 0.2886 0.9569 0.0332
f 6074/6074/6074 6075/6075/6075 6076/6076/6076 6077/6077/6077
v -1.1824 0.3840 1.1536
vt 0.5763 0.6565
vn 0.2886 0.9569 0.0332
v -1.2502 0.3798 1.0363
vt 0.5887 0.6526
vn 0.1254 0.9892 -0.0756
v -1.3761 0.3970 1.1161
vt 0.5884 0.6550
vn -0.0454 0.9959 -0.0786
v -1.3063 0.4129 1.2370
vt 0.5758 0.7073
vn 0.0887 0.9882 0.1252
f 6078/6078/6078 6079/6079/6079 6080/6080/6080 6081/6081/6081
v -1.3063 0.4129 1.2370
vt 0.5758 0.7073
vn 0.0887 0.9882 0.1252
v -1.3761 0.3970 1.1161
vt 0.5884 0.6550
vn -0.0454 0.9959 -0.0786
v -1.5082 0.3798 1.1853
vt 0.5887 0.6526
vn -0.1155 0.9912 0.0638
v -1.4405 0.3840 1.3026
vt 0.5763 0.6565
vn -0.1096 0.9722 0.2068
f 6082/6082/6082 6083/6083/6083 6084/6084/6084 6085/6085/6085
v -1.0200 0.3065 1.1828
vt 0.5654 0.6493
vn 0.3290 0.9318 0.1533
v -1.0813 0.3388 1.0767
vt 0.5771 0.6504
vn 0.3319 0.9432 0.0175
v -1.1824 0.3840 1.1536
vt 0.5763 0.6565
vn 0.2886 0.9569 0.0332
v -1.1248 0.3312 1.2534
vt 0.5650 0.6526
vn 0.3522 0.9172 0.1863
f 6086/6086/6086 6087/6087/6087 6088/6088/6088 6089/6089/6089
v -1.1248 0.3312 1.2534
vt 0.5650 0.6526
vn 0.3522 0.9172 0.1863
v -1.1824 0.3840 1.1536
vt 0.5763 0.6565
vn 0.2886 0.9569 0.0332
v -1.3063 0.4129 1.2370
vt 0.5758 0.7073
vn 0.0887 0.9882 0.1252
v -1.2493 0.3675 1.3358
vt 0.5647 0.6552
vn 0.2171 0.9220 0.3206
f 6090/6090/6090 6091/6091/6091 6092/6092/6092 6093/6093/6093
v -1.2493 0.3675 1.3358
vt 0.5647 0.6552
vn 0.2171 0.9220 0.3206
v -1.3063 0.4129 1.2370
vt 0.5758 0.7073
vn 0.0887 0.9882 0.1252
v -1.4405 0.3840 1.3026
vt 0.5763 0.6565
vn -0.1096 0.9722 0.2068
v -1.3815 0.3484 1.4047
vt 0.5650 0.6526
vn 0.0239 0.9249 0.3794
f 6094/6094/6094 6095/6095/6095 6096/6096/6096 6097/6097/6097
v -0.9576 0.2812 1.2910
vt 0.5536 0.6492
vn 0.1913 0.9665 0.1710
v -1.0200 0.3065 1.1828
vt 0.5654 0.6493
vn 0.3290 0.9318 0.1533
v -1.1248 0.3312 1.2534
vt 0.5650 0.6526
vn 0.3522 0.9172 0.1863
v -1.0662 0.2884 1.3550
vt 0.5536 0.6501
vn 0.2514 0.9466 0.2020
f 6098/6098/6098 6099/6099/6099 6100/6100/6100 6101/6101/6101
v -1.0662 0.2884 1.3550
vt 0.5536 0.6501
vn 0.2514 0.9466 0.2020
v -1.1248 0.3312 1.2534
vt 0.5650 0.6526
vn 0.3522 0.9172 0.1863
v -1.2493 0.3675 1.3358
vt 0.5647 0.6552
vn 0.2171 0.9220 0.3206
v -1.1930 0.3157 1.4333
vt 0.5536 0.6537
vn 0.2015 0.9259 0.3196
f 6102/6102/6102 6103/6103/6103 6104/6104/6104 6105/6105/6105
v -1.1930 0.3157 1.4333
vt 0.5536 0.6537
vn 0.2015 0.9259 0.3196
v -1.2493 0.3675 1.3358
vt 0.5647 0.6552
vn 0.2171 0.9220 0.3206
v -1.3815 0.3484 1.4047
vt 0.5650 0.6526
vn 0.0239 0.9249 0.3794
v -1.3242 0.2884 1.5040
vt 0.5536 0.6501
vn 0.0907 0.9323 0.3501
f 6106/6106/6106 6107/6107/6107 6108/6108/6108 6109/6109/6109
v -0.8949 0.2569 1.3995
vt 0.5417 0.6492
vn 0.1345 0.9754 0.1747
v -0.9576 0.2812 1.2910
vt 0.5536 0.6492
vn 0.1913 0.9665 0.1710
v -1.0662 0.2884 1.3550
vt 0.5536 0.6501
vn 0.2514 0.9466 0.2020
v -1.0041 0.2569 1.4625
vt 0.5417 0.6492
vn 0.1945 0.9579 0.2111
f 6110/6110/6110 6111/6111/6111 6112/6112/6112 6113/6113/6113
v -1.0041 0.2569 1.4625
vt 0.5417 0.6492
vn 0.1945 0.9579 0.2111
v -1.0662 0.2884 1.3550
vt 0.5536 0.6501
vn 0.2514 0.9466 0.2020
v -1.1930 0.3157 1.4333
vt 0.5536 0.6537
vn 0.2015 0.9259 0.3196
v -1.1330 0.2585 1.5373
vt 0.5417 0.6494
vn 0.1709 0.9398 0.2960
f 6114/6114/6114 6115/6115/6115 6116/6116/6116 6117/6117/6117
v -1.1330 0.2585 1.5373
vt 0.5417 0.6494
vn 0.1709 0.9398 0.2960
v -1.1930 0.3157 1.4333
vt 0.5536 0.6537
vn 0.2015 0.9259 0.3196
v -1.3242 0.2884 1.5040
vt 0.5536 0.6501
vn 0.0907 0.9323 0.3501
v -1.2621 0.2569 1.6115
vt 0.5417 0.6492
vn 0.0875 0.9581 0.2729
f 6118/6118/6118 6119/6119/6119 6120/6120/6120 6121/6121/6121
v -1.1453 0.3551 0.9657
vt 0.5892 0.6493
vn 0.2047 0.9787 -0.0155
v -1.1843 0.3784 0.8982
vt 0.6010 0.6492
vn 0.1529 0.9862 0.0632
v -1.2935 0.3784 0.9612
vt 0.6010 0.6492
vn 0.0736 0.9968 -0.0300
v -1.2502 0.3798 1.0363
vt 0.5887 0.6526
vn 0.1254 0.9892 -0.0756
f 6122/6122/6122 6123/6123/6123 6124/6124/6124 6125/6125/6125
v -1.2502 0.3798 1.0363
vt 0.5887 0.6526
vn 0.1254 0.9892 -0.0756
v -1.2935 0.3784 0.9612
vt 0.6010 0.6492
vn 0.0736 0.9968 -0.0300
v -1.4225 0.3785 1.0358
vt 0.6010 0.6492
vn -0.0549 0.9939 -0.0952
v -1.3761 0.3970 1.1161
vt 0.5884 0.6550
vn -0.0454 0.9959 -0.0786
f 6126/6126/6126 6127/6127/6127 6128/6128/6128 6129/6129/6129
v -1.3761 0.3970 1.1161
vt 0.5884 0.6550
vn -0.0454 0.9959 -0.0786
v -1.4225 0.3785 1.0358
vt 0.6010 0.6492
vn -0.0549 0.9939 -0.0952
v -1.5516 0.3784 1.1102
vt 0.6010 0.6492
vn -0.0560 0.9974 0.0449
v -1.5082 0.3798 1.1853
vt 0.5887 0.6526
vn -0.1155 0.9912 0.0638
f 6130/6130/6130 6131/6131/6131 6132/6132/6132 6133/6133/6133
v -0.0672 2.5382 -0.3577
vt 0.7849 0.8529
vn 0.0000 0.0000 -1.0000
v -0.0672 2.6936 -0.3577
vt 0.7849 0.9073
vn 0.0000 0.0000 -1.0000
v 1.2572 2.6936 -0.3577
vt 0.7960 0.9073
vn 0.0000 0.0000 -1.0000
v 1.2572 2.5382 -0.3577
vt 0.7960 0.8529
vn 0.0000 0.0000 -1.0000
f 6134/6134/6134 6135/6135/6135 6136/6136/6136 6137/6137/6137
v 1.2572 2.5382 -0.2373
vt 0.7960 0.8526
vn 0.0000 -0.0000 1.0000
v 1.2572 2.6936 -0.2373
vt 0.7960 0.9070
vn 0.0000 -0.0000 1.0000
v -0.0672 2.6936 -0.2373
vt 0.7849 0.9070
vn 0.0000 -0.0000 1.0000
v -0.0672 2.5382 -0.2373
vt 0.7849 0.8526
vn 0.0000 -0.0000 1.0000
f 6138/6138/6138 6139/6139/6139 6140/6140/6140 6141/6141/6141
v -0.0672 2.5382 -0.3577
vt 0.7849 0.8373
vn -0.0000 -1.0000 0.0000
v 1.2572 2.5382 -0.3577
vt 0.7960 0.8373
vn -0.0000 -1.0000 0.0000
v 1.2572 2.5382 -0.2373
vt 0.7960 0.8526
vn -0.0000 -1.0000 0.0000
v -0.0672 2.5382 -0.2373
vt 0.7849 0.8370
vn -0.0000 -1.0000 0.0000
f 6142/6142/6142 6143/6143/6143 6144/6144/6144 6145/6145/6145
v 1.2422 1.9600 -0.4028
vt 0.7849 0.8529
vn 0.0000 0.0000 -1.0000
v 1.2422 2.8140 -0.4028
vt 0.7849 0.9073
vn 0.0000 0.0000 -1.0000
v 1.4529 2.8140 -0.4028
vt 0.7960 0.9073
vn 0.0000 0.0000 -1.0000
v 1.4529 1.9600 -0.4028
vt 0.7960 0.8529
vn 0.0000 0.0000 -1.0000
f 6146/6146/6146 6147/6147/6147 6148/6148/6148 6149/6149/6149
v 1.4529 1.9600 -0.4028
vt 0.7960 0.8373
vn 1.0000 0.0000 0.0000
v 1.4529 2.8140 -0.4028
vt 0.7960 0.8917
vn 1.0000 0.0000 0.0000
v 1.4529 2.8140 -0.1921
vt 0.7960 0.8914
vn 1.0000 0.0000 0.0000
v 1.4529 1.9600 -0.1921
vt 0.7960 0.8370
vn 1.0000 0.0000 0.0000
f 6150/6150/6150 6151/6151/6151 6152/6152/6152 6153/6153/6153
v 1.4529 1.9600 -0.1921
vt 0.7960 0.8526
vn 0.0000 -0.0000 1.0000
v 1.4529 2.8140 -0.1921
vt 0.7960 0.9070
vn 0.0000 -0.0000 1.0000
v 1.2422 2.8140 -0.1921
vt 0.7849 0.9070
vn 0.0000 -0.0000 1.0000
v 1.2422 1.9600 -0.1921
vt 0.7849 0.8526
vn 0.0000 -0.0000 1.0000
f 6154/6154/6154 6155/6155/6155 6156/6156/6156 6157/6157/6157
v 1.2422 1.9600 -0.1921
vt 0.7849 0.8370
vn -1.0000 0.0000 0.0000
v 1.2422 2.8140 -0.1921
vt 0.7849 0.8914
vn -1.0000 0.0000 0.0000
v 1.2422 2.8140 -0.4028
vt 0.7849 0.8917
vn -1.0000 0.0000 0.0000
v 1.2422 1.9600 -0.4028
vt 0.7849 0.8373
vn -1.0000 0.0000 0.0000
f 6158/6158/6158 6159/6159/6159 6160/6160/6160 6161/6161/6161
v 1.2422 1.9600 -0.4028
vt 0.7849 0.8373
vn -0.0000 -1.0000 0.0000
v 1.4529 1.9600 -0.4028
vt 0.7960 0.8373
vn -0.0000 -1.0000 0.0000
v 1.4529 1.9600 -0.1921
vt 0.7960 0.8526
vn -0.0000 -1.0000 0.0000
v 1.2422 1.9600 -0.1921
vt 0.7849 0.8370
vn -0.0000 -1.0000 0.0000
f 6162/6162/6162 6163/6163/6163 6164/6164/6164 6165/6165/6165
v 1.2422 1.9600 -2.2578
vt 0.7849 0.8529
vn 0.0000 0.0000 -1.0000
v 1.2422 2.8140 -2.2578
vt 0.7849 0.9073
vn 0.0000 0.0000 -1.0000
v 1.4529 2.8140 -2.2578
vt 0.7960 0.9073
vn 0.0000 0.0000 -1.0000
v 1.4529 1.9600 -2.2578
vt 0.7960 0.8529
vn 0.0000 0.0000 -1.0000
f 6166/6166/6166 6167/6167/6167 6168/6168/6168 6169/6169/6169
v 1.4529 1.9600 -2.2578
vt 0.7960 0.8373
vn 1.0000 0.0000 0.0000
v 1.4529 2.8140 -2.2578
vt 0.7960 0.8917
vn 1.0000 0.0000 0.0000
v 1.4529 2.8140 -2.0471
vt 0.7960 0.8914
vn 1.0000 0.0000 0.0000
v 1.4529 1.9600 -2.0471
vt 0.7960 0.8370
vn 1.0000 0.0000 0.0000
f 6170/6170/6170 6171/6171/6171 6172/6172/6172 6173/6173/6173
v 1.4529 1.9600 -2.0471
vt 0.7960 0.8526
vn 0.0000 -0.0000 1.0000
v 1.4529 2.8140 -2.0471
vt 0.7960 0.9070
vn 0.0000 -0.0000 1.0000
v 1.2422 2.8140 -2.0471
vt 0.7849 0.9070
vn 0.0000 -0.0000 1.0000
v 1.2422 1.9600 -2.0471
vt 0.7849 0.8526
vn 0.0000 -0.0000 1.0000
f 6174/6174/6174 6175/6175/6175 6176/6176/6176 6177/6177/6177
v 1.2422 1.9600 -2.0471
vt 0.7849 0.8370
vn -1.0000 0.0000 0.0000
v 1.2422 2.8140 -2.0471
vt 0.7849 0.8914
vn -1.0000 0.0000 0.0000
v 1.2422 2.8140 -2.2578
vt 0.7849 0.8917
vn -1.0000 0.0000 0.0000
v 1.2422 1.9600 -2.2578
vt 0.7849 0.8373
vn -1.0000 0.0000 0.0000
f 6178/6178/6178 6179/6179/6179 6180/6180/6180 6181/6181/6181
v 1.2422 1.9600 -2.2578
vt 0.7849 0.8373
vn -0.0000 -1.0000 0.0000
v 1.4529 1.9600 -2.2578
vt 0.7960 0.8373
vn -0.0000 -1.0000 0.0000
v 1.4529 1.9600 -2.0471
vt 0.7960 0.8526
vn -0.0000 -1.0000 0.0000
v 1.2422 1.9600 -2.0471
vt 0.7849 0.8370
vn -0.0000 -1.0000 0.0000
f 6182/6182/6182 6183/6183/6183 6184/6184/6184 6185/6185/6185
v -0.2629 1.9600 -2.2578
vt 0.7849 0.8529
vn 0.0000 0.0000 -1.0000
v -0.2629 2.8140 -2.2578
vt 0.7849 0.9073
vn 0.0000 0.0000 -1.0000
v -0.0522 2.8140 -2.2578
vt 0.7960 0.9073
vn 0.0000 0.0000 -1.0000
v -0.0522 1.9600 -2.2578
vt 0.7960 0.8529
vn 0.0000 0.0000 -1.0000
f 6186/6186/6186 6187/6187/6187 6188/6188/6188 6189/6189/6189
v -0.0522 1.9600 -2.2578
vt 0.7960 0.8373
vn 1.0000 0.0000 0.0000
v -0.0522 2.8140 -2.2578
vt 0.7960 0.8917
vn 1.0000 0.0000 0.0000
v -0.0522 2.8140 -2.0471
vt 0.7960 0.8914
vn 1.0000 0.0000 0.0000
v -0.0522 1.9600 -2.0471
vt 0.7960 0.8370
vn 1.0000 0.0000 0.0000
f 6190/6190/6190 6191/6191/6191 6192/6192/6192 6193/6193/6193
v -0.0522 1.9600 -2.0471
vt 0.7960 0.8526
vn 0.0000 -0.0000 1.0000
v -0.0522 2.8140 -2.0471
vt 0.7960 0.9070
vn 0.0000 -0.0000 1.0000
v -0.2629 2.8140 -2.0471
vt 0.7849 0.9070
vn 0.0000 -0.0000 1.0000
v -0.2629 1.9600 -2.0471
vt 0.7849 0.8526
vn 0.0000 -0.0000 1.0000
f 6194/6194/6194 6195/6195/6195 6196/6196/6196 6197/6197/6197
v -0.2629 1.9600 -2.0471
vt 0.7849 0.8370
vn -1.0000 0.0000 0.0000
v -0.2629 2.8140 -2.0471
vt 0.7849 0.8914
vn -1.0000 0.0000 0.0000
v -0.2629 2.8140 -2.2578
vt 0.7849 0.8917
vn -1.0000 0.0000 0.0000
v -0.2629 1.9600 -2.2578
vt 0.7849 0.8373
vn -1.0000 0.0000 0.0000
f 6198/6198/6198 6199/6199/6199 6200/6200/6200 6201/6201/6201
v -0.2629 1.9600 -2.2578
vt 0.7849 0.8373
vn -0.0000 -1.0000 0.0000
v -0.0522 1.9600 -2.2578
vt 0.7960 0.8373
vn -0.0000 -1.0000 0.0000
v -0.0522 1.9600 -2.0471
vt 0.7960 0.8526
vn -0.0000 -1.0000 0.0000
v -0.2629 1.9600 -2.0471
vt 0.7849 0.8370
vn -0.0000 -1.0000 0.0000
f 6202/6202/6202 6203/6203/6203 6204/6204/6204 6205/6205/6205
v -0.2629 1.9600 -0.4028
vt 0.7849 0.8529
vn 0.0000 0.0000 -1.0000
v -0.2629 2.8140 -0.4028
vt 0.7849 0.9073
vn 0.0000 0.0000 -1.0000
v -0.0522 2.8140 -0.4028
vt 0.7960 0.9073
vn 0.0000 0.0000 -1.0000
v -0.0522 1.9600 -0.4028
vt 0.7960 0.8529
vn 0.0000 0.0000 -1.0000
f 6206/6206/6206 6207/6207/6207 6208/6208/6208 6209/6209/6209
v -0.0522 1.9600 -0.4028
vt 0.7960 0.8373
vn 1.0000 0.0000 0.0000
v -0.0522 2.8140 -0.4028
vt 0.7960 0.8917
vn 1.0000 0.0000 0.0000
v -0.0522 2.8140 -0.1921
vt 0.7960 0.8914
vn 1.0000 0.0000 0.0000
v -0.0522 1.9600 -0.1921
vt 0.7960 0.8370
vn 1.0000 0.0000 0.0000
f 6210/6210/6210 6211/6211/6211 6212/6212/6212 6213/6213/6213
v -0.0522 1.9600 -0.1921
vt 0.7960 0.8526
vn 0.0000 -0.0000 1.0000
v -0.0522 2.8140 -0.1921
vt 0.7960 0.9070
vn 0.0000 -0.0000 1.0000
v -0.2629 2.8140 -0.1921
vt 0.7849 0.9070
vn 0.0000 -0.0000 1.0000
v -0.2629 1.9600 -0.1921
vt 0.7849 0.8526
vn 0.0000 -0.0000 1.0000
f 6214/6214/6214 6215/6215/6215 6216/6216/6216 6217/6217/6217
v -0.2629 1.9600 -0.1921
vt 0.7849 0.8370
vn -1.0000 0.0000 0.0000
v -0.2629 2.8140 -0.1921
vt 0.7849 0.8914
vn -1.0000 0.0000 0.0000
v -0.2629 2.8140 -0.4028
vt 0.7849 0.8917
vn -1.0000 0.0000 0.0000
v -0.2629 1.9600 -0.4028
vt 0.7849 0.8373
vn -1.0000 0.0000 0.0000
f 6218/6218/6218 6219/6219/6219 6220/6220/6220 6221/6221/6221
v -0.2629 1.9600 -0.4028
vt 0.7849 0.8373
vn -0.0000 -1.0000 0.0000
v -0.0522 1.9600 -0.4028
vt 0.7960 0.8373
vn -0.0000 -1.0000 0.0000
v -0.0522 1.9600 -0.1921
vt 0.7960 0.8526
vn -0.0000 -1.0000 0.0000
v -0.2629 1.9600 -0.1921
vt 0.7849 0.8370
vn -0.0000 -1.0000 0.0000
f 6222/6222/6222 6223/6223/6223 6224/6224/6224 6225/6225/6225
v -0.0973 2.5382 -2.0622
vt 0.7849 0.8529
vn 1.0000 0.0000 0.0000
v -0.0973 2.6936 -2.0622
vt 0.7849 0.9073
vn 1.0000 0.0000 0.0000
v -0.0973 2.6936 -0.3878
vt 0.7960 0.9073
vn 1.0000 0.0000 0.0000
v -0.0973 2.5382 -0.3878
vt 0.7960 0.8529
vn 1.0000 0.0000 0.0000
f 6226/6226/6226 6227/6227/6227 6228/6228/6228 6229/6229/6229
v -0.2177 2.5382 -0.3878
vt 0.7960 0.8526
vn -1.0000 0.0000 0.0000
v -0.2177 2.6936 -0.3878
vt 0.7960 0.9070
vn -1.0000 0.0000 0.0000
v -0.2177 2.6936 -2.0622
vt 0.7849 0.9070
vn -1.0000 0.0000 0.0000
v -0.2177 2.5382 -2.0622
vt 0.7849 0.8526
vn -1.0000 0.0000 0.0000
f 6230/6230/6230 6231/6231/6231 6232/6232/6232 6233/6233/6233
v -0.0973 2.5382 -2.0622
vt 0.7849 0.8373
vn -0.0000 -1.0000 0.0000
v -0.0973 2.5382 -0.3878
vt 0.7960 0.8373
vn -0.0000 -1.0000 0.0000
v -0.2177 2.5382 -0.3878
vt 0.7960 0.8526
vn -0.0000 -1.0000 0.0000
v -0.2177 2.5382 -2.0622
vt 0.7849 0.8370
vn -0.0000 -1.0000 0.0000
f 6234/6234/6234 6235/6235/6235 6236/6236/6236 6237/6237/6237
v 1.2572 2.5382 -2.0923
vt 0.7849 0.8529
vn 0.0000 -0.0000 1.0000
v 1.2572 2.6936 -2.0923
vt 0.7849 0.9073
vn 0.0000 -0.0000 1.0000
v -0.0672 2.6936 -2.0923
vt 0.7960 0.9073
vn 0.0000 -0.0000 1.0000
v -0.0672 2.5382 -2.0923
vt 0.7960 0.8529
vn 0.0000 -0.0000 1.0000
f 6238/6238/6238 6239/6239/6239 6240/6240/6240 6241/6241/6241
v -0.0672 2.5382 -2.2127
vt 0.7960 0.8526
vn 0.0000 0.0000 -1.0000
v -0.0672 2.6936 -2.2127
vt 0.7960 0.9070
vn 0.0000 0.0000 -1.0000
v 1.2572 2.6936 -2.2127
vt 0.7849 0.9070
vn 0.0000 0.0000 -1.0000
v 1.2572 2.5382 -2.2127
vt 0.7849 0.8526
vn 0.0000 0.0000 -1.0000
f 6242/6242/6242 6243/6243/6243 6244/6244/6244 6245/6245/6245
v 1.2572 2.5382 -2.0923
vt 0.7849 0.8373
vn -0.0000 -1.0000 0.0000
v -0.0672 2.5382 -2.0923
vt 0.7960 0.8373
vn -0.0000 -1.0000 0.0000
v -0.0672 2.5382 -2.2127
vt 0.7960 0.8526
vn -0.0000 -1.0000 0.0000
v 1.2572 2.5382 -2.2127
vt 0.7849 0.8370
vn -0.0000 -1.0000 0.0000
f 6246/6246/6246 6247/6247/6247 6248/6248/6248 6249/6249/6249
v 1.2873 2.5382 -0.3878
vt 0.7849 0.8529
vn -1.0000 0.0000 0.0000
v 1.2873 2.6936 -0.3878
vt 0.7849 0.9073
vn -1.0000 0.0000 0.0000
v 1.2873 2.6936 -2.0622
vt 0.7960 0.9073
vn -1.0000 0.0000 0.0000
v 1.2873 2.5382 -2.0622
vt 0.7960 0.8529
vn -1.0000 0.0000 0.0000
f 6250/6250/6250 6251/6251/6251 6252/6252/6252 6253/6253/6253
v 1.4077 2.5382 -2.0622
vt 0.7960 0.8526
vn 1.0000 0.0000 0.0000
v 1.4077 2.6936 -2.0622
vt 0.7960 0.9070
vn 1.0000 0.0000 0.0000
v 1.4077 2.6936 -0.3878
vt 0.7849 0.9070
vn 1.0000 0.0000 0.0000
v 1.4077 2.5382 -0.3878
vt 0.7849 0.8526
vn 1.0000 0.0000 0.0000
f 6254/6254/6254 6255/6255/6255 6256/6256/6256 6257/6257/6257
v 1.2873 2.5382 -0.3878
vt 0.7849 0.8373
vn -0.0000 -1.0000 0.0000
v 1.2873 2.5382 -2.0622
vt 0.7960 0.8373
vn -0.0000 -1.0000 0.0000
v 1.4077 2.5382 -2.0622
vt 0.7960 0.8526
vn -0.0000 -1.0000 0.0000
v 1.4077 2.5382 -0.3878
vt 0.7849 0.8370
vn -0.0000 -1.0000 0.0000
f 6258/6258/6258 6259/6259/6259 6260/6260/6260 6261/6261/6261
v 1.2653 2.9692 -2.0252
vt 0.3273 0.2222
vn 0.0000 0.8731 -0.4876
v -0.0753 2.9692 -2.0252
vt 0.2809 0.1839
vn 0.0000 0.8731 -0.4876
v 0.1288 3.1052 -1.7815
vt 0.2893 0.1973
vn 0.0000 0.8731 -0.4876
v 1.0612 3.1052 -1.7815
vt 0.3216 0.2240
vn 0.0000 0.8731 -0.4876
f 6262/6262/6262 6263/6263/6263 6264/6264/6264 6265/6265/6265
v -0.0753 2.9692 -2.0252
vt 0.2809 0.2222
vn -0.5547 0.8321 0.0000
v -0.0753 2.9692 -0.4248
vt 0.2809 0.1839
vn -0.5547 0.8321 0.0000
v 0.1288 3.1052 -0.6685
vt 0.2866 0.1973
vn -0.5547 0.8321 0.0000
v 0.1288 3.1052 -1.7815
vt 0.2866 0.2240
vn -0.5547 0.8321 0.0000
f 6266/6266/6266 6267/6267/6267 6268/6268/6268 6269/6269/6269
v -0.3080 2.8140 -0.1470
vt 0.2729 0.1056
vn -1.0000 0.0000 0.0000
v -0.3080 2.8140 -2.3030
vt 0.2729 0.1572
vn -1.0000 0.0000 0.0000
v -0.3080 2.6740 -2.3030
vt 0.2729 0.1572
vn -1.0000 0.0000 0.0000
v -0.3080 2.6740 -0.1470
vt 0.2729 0.1056
vn -1.0000 0.0000 0.0000
f 6270/6270/6270 6271/6271/6271 6272/6272/6272 6273/6273/6273
v 1.4980 2.8140 -0.1470
vt 0.3353 0.1056
vn 0.0000 -0.0000 1.0000
v -0.3080 2.8140 -0.1470
vt 0.2729 0.1572
vn 0.0000 -0.0000 1.0000
v -0.3080 2.6740 -0.1470
vt 0.2729 0.1572
vn 0.0000 -0.0000 1.0000
v 1.4980 2.6740 -0.1470
vt 0.3353 0.1056
vn 0.0000 -0.0000 1.0000
f 6274/6274/6274 6275/6275/6275 6276/6276/6276 6277/6277/6277
v -0.3080 2.8140 -2.3030
vt 0.2729 0.1056
vn 0.0000 0.0000 -1.0000
v 1.4980 2.8140 -2.3030
vt 0.3353 0.1572
vn 0.0000 0.0000 -1.0000
v 1.4980 2.6740 -2.3030
vt 0.3353 0.1572
vn 0.0000 0.0000 -1.0000
v -0.3080 2.6740 -2.3030
vt 0.2729 0.1056
vn 0.0000 0.0000 -1.0000
f 6278/6278/6278 6279/6279/6279 6280/6280/6280 6281/6281/6281
v 1.4980 2.8140 -2.3030
vt 0.3353 0.1056
vn 1.0000 0.0000 0.0000
v 1.4980 2.8140 -0.1470
vt 0.3353 0.1572
vn 1.0000 0.0000 0.0000
v 1.4980 2.6740 -0.1470
vt 0.3353 0.1572
vn 1.0000 0.0000 0.0000
v 1.4980 2.6740 -2.3030
vt 0.3353 0.1056
vn 1.0000 0.0000 0.0000
f 6282/6282/6282 6283/6283/6283 6284/6284/6284 6285/6285/6285
v -0.3080 2.6740 -0.1470
vt 0.2729 0.0716
vn -0.0000 -1.0000 0.0000
v -0.3080 2.6740 -2.3030
vt 0.2729 0.0716
vn -0.0000 -1.0000 0.0000
v 1.4980 2.6740 -2.3030
vt 0.3353 0.0716
vn -0.0000 -1.0000 0.0000
v 1.4980 2.6740 -0.1470
vt 0.3353 0.0716
vn -0.0000 -1.0000 0.0000
f 6286/6286/6286 6287/6287/6287 6288/6288/6288 6289/6289/6289
v -0.0753 2.9692 -2.0252
vt 0.2809 0.1214
vn 0.0000 0.8731 -0.4876
v 1.2653 2.9692 -2.0252
vt 0.3273 0.1597
vn 0.0000 0.8731 -0.4876
v 1.4980 2.8140 -2.3030
vt 0.3353 0.1572
vn 0.0000 0.8731 -0.4876
v -0.3080 2.8140 -2.3030
vt 0.2729 0.1056
vn 0.0000 0.8731 -0.4876
f 6290/6290/6290 6291/6291/6291 6292/6292/6292 6293/6293/6293
v 1.0612 3.1052 -0.6685
vt 0.3216 0.1615
vn 0.5547 0.8321 0.0000
v 1.0612 3.1052 -1.7815
vt 0.3216 0.1348
vn 0.5547 0.8321 0.0000
v 0.5950 3.4160 -1.2250
vt 0.3202 0.1619
vn 0.5547 0.8321 0.0000
f 6294/6294/6294 6295/6295/6295 6296/6296/6296
v 1.2653 2.9692 -0.4248
vt 0.3273 0.1214
vn 0.0000 0.8731 0.4876
v -0.0753 2.9692 -0.4248
vt 0.2809 0.1597
vn 0.0000 0.8731 0.4876
v -0.3080 2.8140 -0.1470
vt 0.2729 0.1572
vn 0.0000 0.8731 0.4876
v 1.4980 2.8140 -0.1470
vt 0.3353 0.1056
vn 0.0000 0.8731 0.4876
f 6297/6297/6297 6298/6298/6298 6299/6299/6299 6300/6300/6300
v -0.0753 2.9692 -0.4248
vt 0.2809 0.1214
vn -0.5547 0.8321 0.0000
v -0.0753 2.9692 -2.0252
vt 0.2809 0.1597
vn -0.5547 0.8321 0.0000
v -0.3080 2.8140 -2.3030
vt 0.2729 0.1572
vn -0.5547 0.8321 0.0000
v -0.3080 2.8140 -0.1470
vt 0.2729 0.1056
vn -0.5547 0.8321 0.0000
f 6301/6301/6301 6302/6302/6302 6303/6303/6303 6304/6304/6304
v 1.2653 2.9692 -2.0252
vt 0.3273 0.1214
vn 0.5547 0.8321 0.0000
v 1.2653 2.9692 -0.4248
vt 0.3273 0.1597
vn 0.5547 0.8321 0.0000
v 1.4980 2.8140 -0.1470
vt 0.3353 0.1572
vn 0.5547 0.8321 0.0000
v 1.4980 2.8140 -2.3030
vt 0.3353 0.1056
vn 0.5547 0.8321 0.0000
f 6305/6305/6305 6306/6306/6306 6307/6307/6307 6308/6308/6308
v 1.2653 2.9692 -2.0252
vt 0.3273 0.1839
vn 0.5547 0.8321 0.0000
v 1.0612 3.1052 -1.7815
vt 0.3216 0.1973
vn 0.5547 0.8321 0.0000
v 1.0612 3.1052 -0.6685
vt 0.3216 0.2240
vn 0.5547 0.8321 0.0000
v 1.2653 2.9692 -0.4248
vt 0.3273 0.2222
vn 0.5547 0.8321 0.0000
f 6309/6309/6309 6310/6310/6310 6311/6311/6311 6312/6312/6312
v 0.1288 3.1052 -1.7815
vt 0.2866 0.1615
vn -0.5547 0.8321 0.0000
v 0.1288 3.1052 -0.6685
vt 0.2866 0.1348
vn -0.5547 0.8321 0.0000
v 0.5950 3.4160 -1.2250
vt 0.2880 0.1619
vn -0.5547 0.8320 0.0000
f 6313/6313/6313 6314/6314/6314 6315/6315/6315
v 1.0612 3.1052 -1.7815
vt 0.3216 0.1615
vn 0.0000 0.8731 -0.4876
v 0.1288 3.1052 -1.7815
vt 0.2893 0.1348
vn 0.0000 0.8731 -0.4876
v 0.5950 3.4160 -1.2250
vt 0.3202 0.1619
vn 0.0000 0.8731 -0.4876
f 6316/6316/6316 6317/6317/6317 6318/6318/6318
v 1.0612 3.1052 -0.6685
vt 0.3188 0.1348
vn 0.0000 0.8731 0.4876
v 0.5950 3.4160 -1.2250
vt 0.2880 0.1619
vn 0.0000 0.8731 0.4876
v 0.1288 3.1052 -0.6685
vt 0.2866 0.1615
vn 0.0000 0.8731 0.4876
f 6319/6319/6319 6320/6320/6320 6321/6321/6321
v -0.0753 2.9692 -0.4248
vt 0.2809 0.2222
vn 0.0000 0.8731 0.4876
v 1.2653 2.9692 -0.4248
vt 0.3273 0.1839
vn 0.0000 0.8731 0.4876
v 1.0612 3.1052 -0.6685
vt 0.3188 0.1973
vn 0.0000 0.8731 0.4876
v 0.1288 3.1052 -0.6685
vt 0.2866 0.2240
vn 0.0000 0.8731 0.4876
f 6322/6322/6322 6323/6323/6323 6324/6324/6324 6325/6325/6325
v -0.6974 2.0825 -1.5018
vt 0.8283 0.8177
vn -0.9054 -0.0000 0.4246
v -0.6974 2.5725 -1.5018
vt 0.8283 0.8682
vn -0.9054 -0.0000 0.4246
v -0.7303 2.5480 -1.5719
vt 0.8267 0.8657
vn -0.9054 -0.0000 0.4246
v -0.7303 2.1070 -1.5719
vt 0.8267 0.8202
vn -0.9054 -0.0000 0.4246
f 6326/6326/6326 6327/6327/6327 6328/6328/6328 6329/6329/6329
v -1.0121 2.6950 -2.0815
vt 0.8125 0.9121
vn 0.1105 0.3162 0.9422
v -1.0092 2.6215 -2.0572
vt 0.8125 0.9045
vn 0.1105 0.3162 0.9422
v -0.7902 2.6215 -2.0829
vt 0.8267 0.9045
vn 0.1105 0.3162 0.9422
v -0.7687 2.6950 -2.1101
vt 0.8283 0.9121
vn 0.1105 0.3162 0.9422
f 6330/6330/6330 6331/6331/6331 6332/6332/6332 6333/6333/6333
v -0.6471 2.0825 -2.1243
vt 0.8362 0.8177
vn 0.4246 -0.0000 0.9054
v -0.6471 2.5725 -2.1243
vt 0.8362 0.8682
vn 0.4246 -0.0000 0.9054
v -0.7172 2.5480 -2.0915
vt 0.8315 0.8657
vn 0.4246 -0.0000 0.9054
v -0.7172 2.1070 -2.0915
vt 0.8315 0.8202
vn 0.4246 -0.0000 0.9054
f 6334/6334/6334 6335/6335/6335 6336/6336/6336 6337/6337/6337
v -1.3485 2.5725 -1.7954
vt 0.7887 0.8682
vn -0.3141 -0.9487 0.0368
v -1.2755 2.5480 -1.8040
vt 0.7935 0.8657
vn -0.3141 -0.9487 0.0368
v -1.2499 2.5480 -1.5850
vt 0.7935 0.8657
vn -0.3141 -0.9487 0.0368
v -1.3200 2.5725 -1.5521
vt 0.7887 0.8682
vn -0.3141 -0.9487 0.0368
f 6338/6338/6338 6339/6339/6339 6340/6340/6340 6341/6341/6341
v -1.2697 2.0825 -2.1747
vt 0.7966 0.8177
vn 0.9054 0.0000 -0.4246
v -1.2697 2.5725 -2.1747
vt 0.7966 0.8682
vn 0.9054 0.0000 -0.4246
v -1.2368 2.5480 -2.1045
vt 0.7982 0.8657
vn 0.9054 0.0000 -0.4246
v -1.2368 2.1070 -2.1045
vt 0.7982 0.8202
vn 0.9054 0.0000 -0.4246
f 6342/6342/6342 6343/6343/6343 6344/6344/6344 6345/6345/6345
v -1.3200 2.0825 -1.5521
vt 0.7887 0.8177
vn -0.4246 0.0000 -0.9054
v -1.3200 2.5725 -1.5521
vt 0.7887 0.8682
vn -0.4246 0.0000 -0.9054
v -1.2499 2.5480 -1.5850
vt 0.7935 0.8657
vn -0.4246 0.0000 -0.9054
v -1.2499 2.1070 -1.5850
vt 0.7935 0.8202
vn -0.4246 0.0000 -0.9054
f 6346/6346/6346 6347/6347/6347 6348/6348/6348 6349/6349/6349
v -1.3057 1.9600 -1.4304
vt 0.7887 0.8363
vn -0.9932 -0.0000 0.1165
v -1.3057 2.6950 -1.4304
vt 0.7887 0.9121
vn -0.9932 -0.0000 0.1165
v -1.3200 2.5725 -1.5521
vt 0.7887 0.8995
vn -0.9932 -0.0000 0.1165
v -1.3200 2.0825 -1.5521
vt 0.7887 0.8489
vn -0.9932 -0.0000 0.1165
f 6350/6350/6350 6351/6351/6351 6352/6352/6352 6353/6353/6353
v -1.3913 2.6950 -2.1604
vt 0.7887 0.9121
vn -0.9932 -0.0000 0.1165
v -1.3771 2.5725 -2.0387
vt 0.7887 0.8995
vn -0.9932 -0.0000 0.1165
v -1.3485 2.5725 -1.7954
vt 0.7887 0.8995
vn -0.9932 -0.0000 0.1165
f 6354/6354/6354 6355/6355/6355 6356/6356/6356
v -1.3913 2.6950 -2.1604
vt 0.7887 0.9121
vn -0.9932 -0.0000 0.1165
v -1.3913 1.9600 -2.1604
vt 0.7887 0.8363
vn -0.9932 -0.0000 0.1165
v -1.3771 2.0825 -2.0387
vt 0.7887 0.8489
vn -0.9932 -0.0000 0.1165
v -1.3771 2.5725 -2.0387
vt 0.7887 0.8995
vn -0.9932 -0.0000 0.1165
f 6357/6357/6357 6358/6358/6358 6359/6359/6359 6360/6360/6360
v -1.3485 2.0825 -1.7954
vt 0.7887 0.8489
vn -0.9932 -0.0000 0.1165
v -1.3057 1.9600 -1.4304
vt 0.7887 0.8363
vn -0.9932 -0.0000 0.1165
v -1.3200 2.0825 -1.5521
vt 0.7887 0.8489
vn -0.9932 -0.0000 0.1165
f 6361/6361/6361 6362/6362/6362 6363/6363/6363
v -1.3913 1.9600 -2.1604
vt 0.7887 0.8363
vn -0.1165 -0.0000 -0.9932
v -1.3913 2.6950 -2.1604
vt 0.7887 0.9121
vn -0.1165 -0.0000 -0.9932
v -1.2697 2.5725 -2.1747
vt 0.7966 0.8995
vn -0.1165 -0.0000 -0.9932
v -1.2697 2.0825 -2.1747
vt 0.7966 0.8489
vn -0.1165 -0.0000 -0.9932
f 6364/6364/6364 6365/6365/6365 6366/6366/6366 6367/6367/6367
v -0.6613 2.6950 -2.2460
vt 0.8362 0.9121
vn -0.1165 -0.0000 -0.9932
v -1.0263 2.5725 -2.2032
vt 0.8125 0.8995
vn -0.1165 -0.0000 -0.9932
v -1.3913 2.6950 -2.1604
vt 0.7887 0.9121
vn -0.1165 -0.0000 -0.9932
f 6368/6368/6368 6369/6369/6369 6370/6370/6370
v -0.6613 2.6950 -2.2460
vt 0.8362 0.9121
vn -0.1165 -0.0000 -0.9932
v -0.6613 1.9600 -2.2460
vt 0.8362 0.8363
vn -0.1165 -0.0000 -0.9932
v -0.7830 2.0825 -2.2318
vt 0.8283 0.8489
vn -0.1165 -0.0000 -0.9932
v -0.7830 2.5725 -2.2318
vt 0.8283 0.8995
vn -0.1165 -0.0000 -0.9932
f 6371/6371/6371 6372/6372/6372 6373/6373/6373 6374/6374/6374
v -1.3913 1.9600 -2.1604
vt 0.7887 0.8363
vn -0.1165 -0.0000 -0.9932
v -1.2697 2.0825 -2.1747
vt 0.7966 0.8489
vn -0.1165 -0.0000 -0.9932
v -1.0263 2.0825 -2.2032
vt 0.8125 0.8489
vn -0.1165 -0.0000 -0.9932
f 6375/6375/6375 6376/6376/6376 6377/6377/6377
v -0.6613 1.9600 -2.2460
vt 0.8362 0.8363
vn 0.9932 -0.0000 -0.1165
v -0.6613 2.6950 -2.2460
vt 0.8362 0.9121
vn 0.9932 -0.0000 -0.1165
v -0.6471 2.5725 -2.1243
vt 0.8362 0.8995
vn 0.9932 -0.0000 -0.1165
v -0.6471 2.0825 -2.1243
vt 0.8362 0.8489
vn 0.9932 -0.0000 -0.1165
f 6378/6378/6378 6379/6379/6379 6380/6380/6380 6381/6381/6381
v -0.5757 2.6950 -1.5160
vt 0.8362 0.9121
vn 0.9932 -0.0000 -0.1165
v -0.5900 2.5725 -1.6377
vt 0.8362 0.8995
vn 0.9932 -0.0000 -0.1165
v -0.6185 2.5725 -1.8810
vt 0.8362 0.8995
vn 0.9932 -0.0000 -0.1165
f 6382/6382/6382 6383/6383/6383 6384/6384/6384
v -0.5757 2.6950 -1.5160
vt 0.8362 0.9121
vn 0.9932 -0.0000 -0.1165
v -0.5757 1.9600 -1.5160
vt 0.8362 0.8363
vn 0.9932 -0.0000 -0.1165
v -0.5900 2.0825 -1.6377
vt 0.8362 0.8489
vn 0.9932 -0.0000 -0.1165
v -0.5900 2.5725 -1.6377
vt 0.8362 0.8995
vn 0.9932 -0.0000 -0.1165
f 6385/6385/6385 6386/6386/6386 6387/6387/6387 6388/6388/6388
v -0.6613 1.9600 -2.2460
vt 0.8362 0.8363
vn 0.9932 -0.0000 -0.1165
v -0.6471 2.0825 -2.1243
vt 0.8362 0.8489
vn 0.9932 -0.0000 -0.1165
v -0.6185 2.0825 -1.8810
vt 0.8362 0.8489
vn 0.9932 -0.0000 -0.1165
f 6389/6389/6389 6390/6390/6390 6391/6391/6391
v -0.5757 1.9600 -1.5160
vt 0.8362 0.8363
vn 0.1165 -0.0000 0.9932
v -0.5757 2.6950 -1.5160
vt 0.8362 0.9121
vn 0.1165 -0.0000 0.9932
v -0.6974 2.5725 -1.5018
vt 0.8283 0.8995
vn 0.1165 -0.0000 0.9932
v -0.6974 2.0825 -1.5018
vt 0.8283 0.8489
vn 0.1165 -0.0000 0.9932
f 6392/6392/6392 6393/6393/6393 6394/6394/6394 6395/6395/6395
v -1.3057 2.6950 -1.4304
vt 0.7887 0.9121
vn 0.1165 -0.0000 0.9932
v -1.1841 2.5725 -1.4447
vt 0.7966 0.8995
vn 0.1165 -0.0000 0.9932
v -0.9407 2.5725 -1.4732
vt 0.8125 0.8995
vn 0.1165 -0.0000 0.9932
f 6396/6396/6396 6397/6397/6397 6398/6398/6398
v -1.3057 2.6950 -1.4304
vt 0.7887 0.9121
vn 0.1165 -0.0000 0.9932
v -1.3057 1.9600 -1.4304
vt 0.7887 0.8363
vn 0.1165 -0.0000 0.9932
v -1.1841 2.0825 -1.4447
vt 0.7966 0.8489
vn 0.1165 -0.0000 0.9932
v -1.1841 2.5725 -1.4447
vt 0.7966 0.8995
vn 0.1165 -0.0000 0.9932
f 6399/6399/6399 6400/6400/6400 6401/6401/6401 6402/6402/6402
v -0.9407 2.0825 -1.4732
vt 0.8125 0.8489
vn 0.1165 -0.0000 0.9932
v -0.5757 1.9600 -1.5160
vt 0.8362 0.8363
vn 0.1165 -0.0000 0.9932
v -0.6974 2.0825 -1.5018
vt 0.8283 0.8489
vn 0.1165 -0.0000 0.9932
f 6403/6403/6403 6404/6404/6404 6405/6405/6405
v -0.5757 2.6950 -1.5160
vt 0.8362 0.9590
vn 0.0000 1.0000 0.0000
v -0.7117 2.6950 -1.6234
vt 0.8283 0.9590
vn 0.0000 1.0000 0.0000
v -0.9550 2.6950 -1.5949
vt 0.8125 0.9590
vn 0.0000 1.0000 0.0000
f 6406/6406/6406 6407/6407/6407 6408/6408/6408
v -1.2755 2.1070 -1.8040
vt 0.6617 0.8056
vn -0.9932 -0.0000 0.1165
v -1.2755 2.5480 -1.8040
vt 0.6617 0.8443
vn -0.9932 -0.0000 0.1165
v -1.3012 2.5480 -2.0230
vt 0.6617 0.8443
vn -0.9932 -0.0000 0.1165
v -1.3012 2.1070 -2.0230
vt 0.6617 0.8056
vn -0.9932 -0.0000 0.1165
f 6409/6409/6409 6410/6410/6410 6411/6411/6411 6412/6412/6412
v -1.0178 2.1070 -2.1302
vt 0.6875 0.8342
vn -0.1165 -0.0000 -0.9932
v -1.0178 2.5480 -2.1302
vt 0.6875 0.8729
vn -0.1165 -0.0000 -0.9932
v -0.7988 2.5480 -2.1559
vt 0.7069 0.8729
vn -0.1165 -0.0000 -0.9932
v -0.7988 2.1070 -2.1559
vt 0.7069 0.8342
vn -0.1165 -0.0000 -0.9932
f 6413/6413/6413 6414/6414/6414 6415/6415/6415 6416/6416/6416
v -0.6915 2.1070 -1.8725
vt 0.7133 0.8056
vn 0.9932 -0.0000 -0.1165
v -0.6915 2.5480 -1.8725
vt 0.7133 0.8443
vn 0.9932 -0.0000 -0.1165
v -0.6659 2.5480 -1.6535
vt 0.7133 0.8443
vn 0.9932 -0.0000 -0.1165
v -0.6659 2.1070 -1.6535
vt 0.7133 0.8056
vn 0.9932 -0.0000 -0.1165
f 6417/6417/6417 6418/6418/6418 6419/6419/6419 6420/6420/6420
v -0.9493 2.1070 -1.5462
vt 0.6875 0.8056
vn 0.1165 -0.0000 0.9932
v -0.9493 2.5480 -1.5462
vt 0.6875 0.8443
vn 0.1165 -0.0000 0.9932
v -1.1683 2.5480 -1.5205
vt 0.6681 0.8443
vn 0.1165 -0.0000 0.9932
v -1.1683 2.1070 -1.5205
vt 0.6681 0.8056
vn 0.1165 -0.0000 0.9932
f 6421/6421/6421 6422/6422/6422 6423/6423/6423 6424/6424/6424
v -1.0092 2.6215 -2.0572
vt 0.6875 0.8794
vn 0.0000 1.0000 0.0000
v -1.2282 2.6215 -2.0315
vt 0.6681 0.8794
vn 0.0000 1.0000 0.0000
v -1.1769 2.6215 -1.5935
vt 0.6681 0.8794
vn 0.0000 1.0000 0.0000
v -0.9579 2.6215 -1.6192
vt 0.6875 0.8794
vn 0.0000 1.0000 0.0000
f 6425/6425/6425 6426/6426/6426 6427/6427/6427 6428/6428/6428
v -1.3485 2.5725 -1.7954
vt 0.7887 0.8682
vn -0.3141 -0.9487 0.0368
v -1.3771 2.5725 -2.0387
vt 0.7887 0.8682
vn -0.3141 -0.9487 0.0368
v -1.3012 2.5480 -2.0230
vt 0.7935 0.8657
vn -0.3141 -0.9487 0.0368
v -1.2755 2.5480 -1.8040
vt 0.7935 0.8657
vn -0.3141 -0.9487 0.0368
f 6429/6429/6429 6430/6430/6430 6431/6431/6431 6432/6432/6432
v -0.7172 2.5480 -2.0915
vt 0.7133 0.8729
vn 0.9932 -0.0000 -0.1165
v -0.6915 2.5480 -1.8725
vt 0.7133 0.8729
vn 0.9932 -0.0000 -0.1165
v -0.6915 2.1070 -1.8725
vt 0.7133 0.8342
vn 0.9932 -0.0000 -0.1165
v -0.7172 2.1070 -2.0915
vt 0.7133 0.8342
vn 0.9932 -0.0000 -0.1165
f 6433/6433/6433 6434/6434/6434 6435/6435/6435 6436/6436/6436
v -1.0263 2.5725 -2.2032
vt 0.8125 0.8682
vn -0.0368 -0.9487 -0.3141
v -0.7830 2.5725 -2.2318
vt 0.8283 0.8682
vn -0.0368 -0.9487 -0.3141
v -0.7988 2.5480 -2.1559
vt 0.8267 0.8657
vn -0.0368 -0.9487 -0.3141
v -1.0178 2.5480 -2.1302
vt 0.8125 0.8657
vn -0.0368 -0.9487 -0.3141
f 6437/6437/6437 6438/6438/6438 6439/6439/6439 6440/6440/6440
v -1.0121 2.6950 -2.0815
vt 0.8125 0.9121
vn 0.1105 0.3162 0.9422
v -1.2554 2.6950 -2.0530
vt 0.7966 0.9121
vn 0.1105 0.3162 0.9422
v -1.2282 2.6215 -2.0315
vt 0.7982 0.9045
vn 0.1105 0.3162 0.9422
v -1.0092 2.6215 -2.0572
vt 0.8125 0.9045
vn 0.1105 0.3162 0.9422
f 6441/6441/6441 6442/6442/6442 6443/6443/6443 6444/6444/6444
v -1.3771 2.5725 -2.0387
vt 0.7887 0.8682
vn -0.2036 -0.0000 0.9791
v -1.3771 2.0825 -2.0387
vt 0.7887 0.8177
vn -0.2036 -0.0000 0.9791
v -1.3012 2.1070 -2.0230
vt 0.7935 0.8202
vn -0.2036 -0.0000 0.9791
v -1.3012 2.5480 -2.0230
vt 0.7935 0.8657
vn -0.2036 -0.0000 0.9791
f 6445/6445/6445 6446/6446/6446 6447/6447/6447 6448/6448/6448
v -0.6185 2.5725 -1.8810
vt 0.8362 0.8682
vn 0.3141 -0.9487 -0.0368
v -0.5900 2.5725 -1.6377
vt 0.8362 0.8682
vn 0.3141 -0.9487 -0.0368
v -0.6659 2.5480 -1.6535
vt 0.8315 0.8657
vn 0.3141 -0.9487 -0.0368
v -0.6915 2.5480 -1.8725
vt 0.8315 0.8657
vn 0.3141 -0.9487 -0.0368
f 6449/6449/6449 6450/6450/6450 6451/6451/6451 6452/6452/6452
v -0.7830 2.5725 -2.2318
vt 0.8283 0.8682
vn -0.9791 -0.0000 -0.2036
v -0.7830 2.0825 -2.2318
vt 0.8283 0.8177
vn -0.9791 -0.0000 -0.2036
v -0.7988 2.1070 -2.1559
vt 0.8267 0.8202
vn -0.9791 -0.0000 -0.2036
v -0.7988 2.5480 -2.1559
vt 0.8267 0.8657
vn -0.9791 -0.0000 -0.2036
f 6453/6453/6453 6454/6454/6454 6455/6455/6455 6456/6456/6456
v -0.9407 2.5725 -1.4732
vt 0.8125 0.8682
vn 0.0368 -0.9487 0.3141
v -1.1841 2.5725 -1.4447
vt 0.7966 0.8682
vn 0.0368 -0.9487 0.3141
v -1.1683 2.5480 -1.5205
vt 0.7982 0.8657
vn 0.0368 -0.9487 0.3141
v -0.9493 2.5480 -1.5462
vt 0.8125 0.8657
vn 0.0368 -0.9487 0.3141
f 6457/6457/6457 6458/6458/6458 6459/6459/6459 6460/6460/6460
v -0.7117 2.6950 -1.6234
vt 0.8283 0.9121
vn -0.9422 0.3162 0.1105
v -0.7687 2.6950 -2.1101
vt 0.8283 0.9121
vn -0.9422 0.3162 0.1105
v -0.7902 2.6215 -2.0829
vt 0.8267 0.9045
vn -0.9422 0.3162 0.1105
v -0.7389 2.6215 -1.6449
vt 0.8267 0.9045
vn -0.9422 0.3162 0.1105
f 6461/6461/6461 6462/6462/6462 6463/6463/6463 6464/6464/6464
v -0.5900 2.5725 -1.6377
vt 0.8362 0.8682
vn 0.2036 0.0000 -0.9791
v -0.5900 2.0825 -1.6377
vt 0.8362 0.8177
vn 0.2036 0.0000 -0.9791
v -0.6659 2.1070 -1.6535
vt 0.8315 0.8202
vn 0.2036 0.0000 -0.9791
v -0.6659 2.5480 -1.6535
vt 0.8315 0.8657
vn 0.2036 0.0000 -0.9791
f 6465/6465/6465 6466/6466/6466 6467/6467/6467 6468/6468/6468
v -1.1841 2.5725 -1.4447
vt 0.7966 0.8682
vn 0.9791 -0.0000 0.2036
v -1.1841 2.0825 -1.4447
vt 0.7966 0.8177
vn 0.9791 -0.0000 0.2036
v -1.1683 2.1070 -1.5205
vt 0.7982 0.8202
vn 0.9791 -0.0000 0.2036
v -1.1683 2.5480 -1.5205
vt 0.7982 0.8657
vn 0.9791 -0.0000 0.2036
f 6469/6469/6469 6470/6470/6470 6471/6471/6471 6472/6472/6472
v -1.2554 2.6950 -2.0530
vt 0.7966 0.9121
vn 0.9422 0.3162 -0.1105
v -1.1983 2.6950 -1.5663
vt 0.7966 0.9121
vn 0.9422 0.3162 -0.1105
v -1.1769 2.6215 -1.5935
vt 0.7982 0.9045
vn 0.9422 0.3162 -0.1105
v -1.2282 2.6215 -2.0315
vt 0.7982 0.9045
vn 0.9422 0.3162 -0.1105
f 6473/6473/6473 6474/6474/6474 6475/6475/6475 6476/6476/6476
v -0.7902 2.6215 -2.0829
vt 0.7069 0.8508
vn 0.0000 1.0000 0.0000
v -1.0092 2.6215 -2.0572
vt 0.6875 0.8508
vn 0.0000 1.0000 0.0000
v -0.9579 2.6215 -1.6192
vt 0.6875 0.8508
vn 0.0000 1.0000 0.0000
v -0.7389 2.6215 -1.6449
vt 0.7069 0.8508
vn 0.0000 1.0000 0.0000
f 6477/6477/6477 6478/6478/6478 6479/6479/6479 6480/6480/6480
v -0.7303 2.5480 -1.5719
vt 0.7069 0.8729
vn 0.1165 -0.0000 0.9932
v -0.9493 2.5480 -1.5462
vt 0.6875 0.8729
vn 0.1165 -0.0000 0.9932
v -0.9493 2.1070 -1.5462
vt 0.6875 0.8342
vn 0.1165 -0.0000 0.9932
v -0.7303 2.1070 -1.5719
vt 0.7069 0.8342
vn 0.1165 -0.0000 0.9932
f 6481/6481/6481 6482/6482/6482 6483/6483/6483 6484/6484/6484
v -1.1841 2.0825 -1.4447
vt 0.7966 0.8177
vn 0.0368 0.9487 0.3141
v -0.9407 2.0825 -1.4732
vt 0.8125 0.8177
vn 0.0368 0.9487 0.3141
v -0.9493 2.1070 -1.5462
vt 0.8125 0.8202
vn 0.0368 0.9487 0.3141
v -1.1683 2.1070 -1.5205
vt 0.7982 0.8202
vn 0.0368 0.9487 0.3141
f 6485/6485/6485 6486/6486/6486 6487/6487/6487 6488/6488/6488
v -0.7303 2.1070 -1.5719
vt 0.8267 0.8202
vn 0.0368 0.9487 0.3141
v -0.9493 2.1070 -1.5462
vt 0.8125 0.8202
vn 0.0368 0.9487 0.3141
v -0.9407 2.0825 -1.4732
vt 0.8125 0.8177
vn 0.0368 0.9487 0.3141
v -0.6974 2.0825 -1.5018
vt 0.8283 0.8177
vn 0.0368 0.9487 0.3141
f 6489/6489/6489 6490/6490/6490 6491/6491/6491 6492/6492/6492
v -1.2499 2.5480 -1.5850
vt 0.6617 0.8729
vn -0.9932 -0.0000 0.1165
v -1.2755 2.5480 -1.8040
vt 0.6617 0.8729
vn -0.9932 -0.0000 0.1165
v -1.2755 2.1070 -1.8040
vt 0.6617 0.8342
vn -0.9932 -0.0000 0.1165
v -1.2499 2.1070 -1.5850
vt 0.6617 0.8342
vn -0.9932 -0.0000 0.1165
f 6493/6493/6493 6494/6494/6494 6495/6495/6495 6496/6496/6496
v -1.0263 2.5725 -2.2032
vt 0.8125 0.8682
vn -0.0368 -0.9487 -0.3141
v -1.0178 2.5480 -2.1302
vt 0.8125 0.8657
vn -0.0368 -0.9487 -0.3141
v -1.2368 2.5480 -2.1045
vt 0.7982 0.8657
vn -0.0368 -0.9487 -0.3141
v -1.2697 2.5725 -2.1747
vt 0.7966 0.8682
vn -0.0368 -0.9487 -0.3141
f 6497/6497/6497 6498/6498/6498 6499/6499/6499 6500/6500/6500
v -1.3771 2.0825 -2.0387
vt 0.7887 0.8177
vn -0.3141 0.9487 0.0368
v -1.3485 2.0825 -1.7954
vt 0.7887 0.8177
vn -0.3141 0.9487 0.0368
v -1.2755 2.1070 -1.8040
vt 0.7935 0.8202
vn -0.3141 0.9487 0.0368
v -1.3012 2.1070 -2.0230
vt 0.7935 0.8202
vn -0.3141 0.9487 0.0368
f 6501/6501/6501 6502/6502/6502 6503/6503/6503 6504/6504/6504
v -1.2368 2.5480 -2.1045
vt 0.6681 0.8443
vn -0.1165 -0.0000 -0.9932
v -1.0178 2.5480 -2.1302
vt 0.6875 0.8443
vn -0.1165 -0.0000 -0.9932
v -1.0178 2.1070 -2.1302
vt 0.6875 0.8056
vn -0.1165 -0.0000 -0.9932
v -1.2368 2.1070 -2.1045
vt 0.6681 0.8056
vn -0.1165 -0.0000 -0.9932
f 6505/6505/6505 6506/6506/6506 6507/6507/6507 6508/6508/6508
v -0.6185 2.5725 -1.8810
vt 0.8362 0.8682
vn 0.3141 -0.9487 -0.0368
v -0.6915 2.5480 -1.8725
vt 0.8315 0.8657
vn 0.3141 -0.9487 -0.0368
v -0.7172 2.5480 -2.0915
vt 0.8315 0.8657
vn 0.3141 -0.9487 -0.0368
v -0.6471 2.5725 -2.1243
vt 0.8362 0.8682
vn 0.3141 -0.9487 -0.0368
f 6509/6509/6509 6510/6510/6510 6511/6511/6511 6512/6512/6512
v -0.7830 2.0825 -2.2318
vt 0.8283 0.8177
vn -0.0368 0.9487 -0.3141
v -1.0263 2.0825 -2.2032
vt 0.8125 0.8177
vn -0.0368 0.9487 -0.3141
v -1.0178 2.1070 -2.1302
vt 0.8125 0.8202
vn -0.0368 0.9487 -0.3141
v -0.7988 2.1070 -2.1559
vt 0.8267 0.8202
vn -0.0368 0.9487 -0.3141
f 6513/6513/6513 6514/6514/6514 6515/6515/6515 6516/6516/6516
v -0.7172 2.1070 -2.0915
vt 0.8315 0.8202
vn 0.3141 0.9487 -0.0368
v -0.6915 2.1070 -1.8725
vt 0.8315 0.8202
vn 0.3141 0.9487 -0.0368
v -0.6185 2.0825 -1.8810
vt 0.8362 0.8177
vn 0.3141 0.9487 -0.0368
v -0.6471 2.0825 -2.1243
vt 0.8362 0.8177
vn 0.3141 0.9487 -0.0368
f 6517/6517/6517 6518/6518/6518 6519/6519/6519 6520/6520/6520
v -0.5900 2.0825 -1.6377
vt 0.8362 0.8177
vn 0.3141 0.9487 -0.0368
v -0.6185 2.0825 -1.8810
vt 0.8362 0.8177
vn 0.3141 0.9487 -0.0368
v -0.6915 2.1070 -1.8725
vt 0.8315 0.8202
vn 0.3141 0.9487 -0.0368
v -0.6659 2.1070 -1.6535
vt 0.8315 0.8202
vn 0.3141 0.9487 -0.0368
f 6521/6521/6521 6522/6522/6522 6523/6523/6523 6524/6524/6524
v -1.2368 2.1070 -2.1045
vt 0.7982 0.8202
vn -0.0368 0.9487 -0.3141
v -1.0178 2.1070 -2.1302
vt 0.8125 0.8202
vn -0.0368 0.9487 -0.3141
v -1.0263 2.0825 -2.2032
vt 0.8125 0.8177
vn -0.0368 0.9487 -0.3141
v -1.2697 2.0825 -2.1747
vt 0.7966 0.8177
vn -0.0368 0.9487 -0.3141
f 6525/6525/6525 6526/6526/6526 6527/6527/6527 6528/6528/6528
v -1.1983 2.6950 -1.5663
vt 0.7966 0.9121
vn -0.1105 0.3162 -0.9422
v -0.9550 2.6950 -1.5949
vt 0.8125 0.9121
vn -0.1105 0.3162 -0.9422
v -0.9579 2.6215 -1.6192
vt 0.8125 0.9045
vn -0.1105 0.3162 -0.9422
v -1.1769 2.6215 -1.5935
vt 0.7982 0.9045
vn -0.1105 0.3162 -0.9422
f 6529/6529/6529 6530/6530/6530 6531/6531/6531 6532/6532/6532
v -0.7389 2.6215 -1.6449
vt 0.8267 0.9045
vn -0.1105 0.3162 -0.9422
v -0.9579 2.6215 -1.6192
vt 0.8125 0.9045
vn -0.1105 0.3162 -0.9422
v -0.9550 2.6950 -1.5949
vt 0.8125 0.9121
vn -0.1105 0.3162 -0.9422
v -0.7117 2.6950 -1.6234
vt 0.8283 0.9121
vn -0.1105 0.3162 -0.9422
f 6533/6533/6533 6534/6534/6534 6535/6535/6535 6536/6536/6536
v -1.3057 1.9600 -1.4304
vt 0.7887 0.8363
vn 0.1165 -0.0000 0.9932
v -0.5757 1.9600 -1.5160
vt 0.8362 0.8363
vn 0.1165 -0.0000 0.9932
v -0.9407 2.0825 -1.4732
vt 0.8125 0.8489
vn 0.1165 -0.0000 0.9932
f 6537/6537/6537 6538/6538/6538 6539/6539/6539
v -1.3913 2.6950 -2.1604
vt 0.7887 0.9121
vn -0.1165 -0.0000 -0.9932
v -1.0263 2.5725 -2.2032
vt 0.8125 0.8995
vn -0.1165 -0.0000 -0.9932
v -1.2697 2.5725 -2.1747
vt 0.7966 0.8995
vn -0.1165 -0.0000 -0.9932
f 6540/6540/6540 6541/6541/6541 6542/6542/6542
v -0.6613 2.6950 -2.2460
vt 0.8362 0.9121
vn -0.1165 -0.0000 -0.9932
v -0.7830 2.5725 -2.2318
vt 0.8283 0.8995
vn -0.1165 -0.0000 -0.9932
v -1.0263 2.5725 -2.2032
vt 0.8125 0.8995
vn -0.1165 -0.0000 -0.9932
f 6543/6543/6543 6544/6544/6544 6545/6545/6545
v -0.6974 2.5725 -1.5018
vt 0.8283 0.8995
vn 0.1165 -0.0000 0.9932
v -0.5757 2.6950 -1.5160
vt 0.8362 0.9121
vn 0.1165 -0.0000 0.9932
v -0.9407 2.5725 -1.4732
vt 0.8125 0.8995
vn 0.1165 -0.0000 0.9932
f 6546/6546/6546 6547/6547/6547 6548/6548/6548
v -1.3200 2.5725 -1.5521
vt 0.7887 0.8995
vn -0.9932 -0.0000 0.1165
v -1.3057 2.6950 -1.4304
vt 0.7887 0.9121
vn -0.9932 -0.0000 0.1165
v -1.3485 2.5725 -1.7954
vt 0.7887 0.8995
vn -0.9932 -0.0000 0.1165
f 6549/6549/6549 6550/6550/6550 6551/6551/6551
v -0.6613 2.6950 -2.2460
vt 0.8362 0.9121
vn 0.9932 -0.0000 -0.1165
v -0.5757 2.6950 -1.5160
vt 0.8362 0.9121
vn 0.9932 -0.0000 -0.1165
v -0.6185 2.5725 -1.8810
vt 0.8362 0.8995
vn 0.9932 -0.0000 -0.1165
f 6552/6552/6552 6553/6553/6553 6554/6554/6554
v -0.7687 2.6950 -2.1101
vt 0.8283 0.9590
vn 0.0000 1.0000 0.0000
v -0.7117 2.6950 -1.6234
vt 0.8283 0.9590
vn 0.0000 1.0000 0.0000
v -0.5757 2.6950 -1.5160
vt 0.8362 0.9590
vn 0.0000 1.0000 0.0000
v -0.6613 2.6950 -2.2460
vt 0.8362 0.9590
vn 0.0000 1.0000 0.0000
f 6555/6555/6555 6556/6556/6556 6557/6557/6557 6558/6558/6558
v -1.1983 2.6950 -1.5663
vt 0.7966 0.9590
vn 0.0000 1.0000 0.0000
v -1.2554 2.6950 -2.0530
vt 0.7966 0.9590
vn 0.0000 1.0000 0.0000
v -1.3913 2.6950 -2.1604
vt 0.7887 0.9590
vn 0.0000 1.0000 0.0000
v -1.3057 2.6950 -1.4304
vt 0.7887 0.9590
vn 0.0000 1.0000 0.0000
f 6559/6559/6559 6560/6560/6560 6561/6561/6561 6562/6562/6562
v -0.5900 2.0825 -1.6377
vt 0.8362 0.8489
vn 0.9932 -0.0000 -0.1165
v -0.5757 1.9600 -1.5160
vt 0.8362 0.8363
vn 0.9932 -0.0000 -0.1165
v -0.6185 2.0825 -1.8810
vt 0.8362 0.8489
vn 0.9932 -0.0000 -0.1165
f 6563/6563/6563 6564/6564/6564 6565/6565/6565
v -0.5757 1.9600 -1.5160
vt 0.8362 0.8363
vn 0.9932 -0.0000 -0.1165
v -0.6613 1.9600 -2.2460
vt 0.8362 0.8363
vn 0.9932 -0.0000 -0.1165
v -0.6185 2.0825 -1.8810
vt 0.8362 0.8489
vn 0.9932 -0.0000 -0.1165
f 6566/6566/6566 6567/6567/6567 6568/6568/6568
v -1.1841 2.0825 -1.4447
vt 0.7966 0.8489
vn 0.1165 -0.0000 0.9932
v -1.3057 1.9600 -1.4304
vt 0.7887 0.8363
vn 0.1165 -0.0000 0.9932
v -0.9407 2.0825 -1.4732
vt 0.8125 0.8489
vn 0.1165 -0.0000 0.9932
f 6569/6569/6569 6570/6570/6570 6571/6571/6571
v -0.5757 1.9600 -1.5160
vt 0.8362 0.8363
vn -0.0000 -1.0000 0.0000
v -1.3057 1.9600 -1.4304
vt 0.7887 0.8363
vn -0.0000 -1.0000 0.0000
v -1.3913 1.9600 -2.1604
vt 0.7887 0.8363
vn -0.0000 -1.0000 0.0000
v -0.6613 1.9600 -2.2460
vt 0.8362 0.8363
vn -0.0000 -1.0000 0.0000
f 6572/6572/6572 6573/6573/6573 6574/6574/6574 6575/6575/6575
v -1.3913 1.9600 -2.1604
vt 0.7887 0.8363
vn -0.9932 -0.0000 0.1165
v -1.3057 1.9600 -1.4304
vt 0.7887 0.8363
vn -0.9932 -0.0000 0.1165
v -1.3485 2.0825 -1.7954
vt 0.7887 0.8489
vn -0.9932 -0.0000 0.1165
f 6576/6576/6576 6577/6577/6577 6578/6578/6578
v -1.3771 2.0825 -2.0387
vt 0.7887 0.8489
vn -0.9932 -0.0000 0.1165
v -1.3913 1.9600 -2.1604
vt 0.7887 0.8363
vn -0.9932 -0.0000 0.1165
v -1.3485 2.0825 -1.7954
vt 0.7887 0.8489
vn -0.9932 -0.0000 0.1165
f 6579/6579/6579 6580/6580/6580 6581/6581/6581
v -1.3913 2.6950 -2.1604
vt 0.7887 0.9121
vn -0.9932 -0.0000 0.1165
v -1.3485 2.5725 -1.7954
vt 0.7887 0.8995
vn -0.9932 -0.0000 0.1165
v -1.3057 2.6950 -1.4304
vt 0.7887 0.9121
vn -0.9932 -0.0000 0.1165
f 6582/6582/6582 6583/6583/6583 6584/6584/6584
v -1.3913 2.6950 -2.1604
vt 0.7887 0.9590
vn 0.0000 1.0000 0.0000
v -1.2554 2.6950 -2.0530
vt 0.7966 0.9590
vn 0.0000 1.0000 0.0000
v -1.0121 2.6950 -2.0815
vt 0.8125 0.9590
vn 0.0000 1.0000 0.0000
f 6585/6585/6585 6586/6586/6586 6587/6587/6587
v -0.6613 2.6950 -2.2460
vt 0.8362 0.9590
vn 0.0000 1.0000 0.0000
v -1.3913 2.6950 -2.1604
vt 0.7887 0.9590
vn 0.0000 1.0000 0.0000
v -1.0121 2.6950 -2.0815
vt 0.8125 0.9590
vn 0.0000 1.0000 0.0000
f 6588/6588/6588 6589/6589/6589 6590/6590/6590
v -0.7687 2.6950 -2.1101
vt 0.8283 0.9590
vn 0.0000 1.0000 0.0000
v -0.6613 2.6950 -2.2460
vt 0.8362 0.9590
vn 0.0000 1.0000 0.0000
v -1.0121 2.6950 -2.0815
vt 0.8125 0.9590
vn 0.0000 1.0000 0.0000
f 6591/6591/6591 6592/6592/6592 6593/6593/6593
v -1.1983 2.6950 -1.5663
vt 0.7966 0.9590
vn 0.0000 1.0000 0.0000
v -1.3057 2.6950 -1.4304
vt 0.7887 0.9590
vn 0.0000 1.0000 0.0000
v -0.9550 2.6950 -1.5949
vt 0.8125 0.9590
vn 0.0000 1.0000 0.0000
f 6594/6594/6594 6595/6595/6595 6596/6596/6596
v -0.6471 2.5725 -2.1243
vt 0.8362 0.8995
vn 0.9932 -0.0000 -0.1165
v -0.6613 2.6950 -2.2460
vt 0.8362 0.9121
vn 0.9932 -0.0000 -0.1165
v -0.6185 2.5725 -1.8810
vt 0.8362 0.8995
vn 0.9932 -0.0000 -0.1165
f 6597/6597/6597 6598/6598/6598 6599/6599/6599
v -1.3057 2.6950 -1.4304
vt 0.7887 0.9590
vn 0.0000 1.0000 0.0000
v -0.5757 2.6950 -1.5160
vt 0.8362 0.9590
vn 0.0000 1.0000 0.0000
v -0.9550 2.6950 -1.5949
vt 0.8125 0.9590
vn 0.0000 1.0000 0.0000
f 6600/6600/6600 6601/6601/6601 6602/6602/6602
v -1.3057 2.6950 -1.4304
vt 0.7887 0.9121
vn 0.1165 -0.0000 0.9932
v -0.9407 2.5725 -1.4732
vt 0.8125 0.8995
vn 0.1165 -0.0000 0.9932
v -0.5757 2.6950 -1.5160
vt 0.8362 0.9121
vn 0.1165 -0.0000 0.9932
f 6603/6603/6603 6604/6604/6604 6605/6605/6605
v -0.7830 2.0825 -2.2318
vt 0.8283 0.8489
vn -0.1165 -0.0000 -0.9932
v -0.6613 1.9600 -2.2460
vt 0.8362 0.8363
vn -0.1165 -0.0000 -0.9932
v -1.0263 2.0825 -2.2032
vt 0.8125 0.8489
vn -0.1165 -0.0000 -0.9932
f 6606/6606/6606 6607/6607/6607 6608/6608/6608
v -0.6613 1.9600 -2.2460
vt 0.8362 0.8363
vn -0.1165 -0.0000 -0.9932
v -1.3913 1.9600 -2.1604
vt 0.7887 0.8363
vn -0.1165 -0.0000 -0.9932
v -1.0263 2.0825 -2.2032
vt 0.8125 0.8489
vn -0.1165 -0.0000 -0.9932
f 6609/6609/6609 6610/6610/6610 6611/6611/6611
v -0.9407 2.5725 -1.4732
vt 0.8125 0.8682
vn 0.0368 -0.9487 0.3141
v -0.9493 2.5480 -1.5462
vt 0.8125 0.8657
vn 0.0368 -0.9487 0.3141
v -0.7303 2.5480 -1.5719
vt 0.8267 0.8657
vn 0.0368 -0.9487 0.3141
v -0.6974 2.5725 -1.5018
vt 0.8283 0.8682
vn 0.0368 -0.9487 0.3141
f 6612/6612/6612 6613/6613/6613 6614/6614/6614 6615/6615/6615
v -1.2499 2.1070 -1.5850
vt 0.7935 0.8202
vn -0.3141 0.9487 0.0368
v -1.2755 2.1070 -1.8040
vt 0.7935 0.8202
vn -0.3141 0.9487 0.0368
v -1.3485 2.0825 -1.7954
vt 0.7887 0.8177
vn -0.3141 0.9487 0.0368
v -1.3200 2.0825 -1.5521
vt 0.7887 0.8177
vn -0.3141 0.9487 0.0368
f 6616/6616/6616 6617/6617/6617 6618/6618/6618 6619/6619/6619
v 1.4350 1.6331 1.0157
vt 0.8297 0.8353
vn -1.0000 0.0000 0.0000
v 1.4350 1.8900 0.1400
vt 0.8297 0.8667
vn -1.0000 0.0000 0.0000
v 1.4350 1.5948 0.1400
vt 0.8297 0.8604
vn -1.0000 0.0000 0.0000
v 1.4350 1.3964 0.9523
vt 0.8297 0.8322
vn -1.0000 0.0000 0.0000
f 6620/6620/6620 6621/6621/6621 6622/6622/6622 6623/6623/6623
v 1.4350 1.3964 0.9523
vt 0.8028 0.8009
vn 0.0000 -0.9715 -0.2372
v 1.4350 1.5948 0.1400
vt 0.8028 0.8292
vn 0.0000 -0.9715 -0.2372
v 1.6800 1.5948 0.1400
vt 0.8028 0.8292
vn 0.0000 -0.9715 -0.2372
v 1.6800 1.3964 0.9523
vt 0.8028 0.8009
vn 0.0000 -0.9715 -0.2372
f 6624/6624/6624 6625/6625/6625 6626/6626/6626 6627/6627/6627
v 1.6800 1.3964 0.9523
vt 0.8297 0.8322
vn 1.0000 0.0000 0.0000
v 1.6800 1.5948 0.1400
vt 0.8297 0.8604
vn 1.0000 0.0000 0.0000
v 1.6800 1.8900 0.1400
vt 0.8297 0.8667
vn 1.0000 0.0000 0.0000
v 1.6800 1.6331 1.0157
vt 0.8297 0.8353
vn 1.0000 0.0000 0.0000
f 6628/6628/6628 6629/6629/6629 6630/6630/6630 6631/6631/6631
v 1.6800 1.6331 1.0157
vt 0.8565 0.8822
vn 0.0000 0.9596 0.2815
v 1.6800 1.8900 0.1400
vt 0.8565 0.9136
vn 0.0000 0.9596 0.2815
v 1.4350 1.8900 0.1400
vt 0.8565 0.9136
vn 0.0000 0.9596 0.2815
v 1.4350 1.6331 1.0157
vt 0.8565 0.8822
vn 0.0000 0.9596 0.2815
f 6632/6632/6632 6633/6633/6633 6634/6634/6634 6635/6635/6635
v 1.4350 1.3964 0.9523
vt 0.8163 0.8165
vn 0.0000 -0.2588 0.9659
v 1.6800 1.3964 0.9523
vt 0.8163 0.8165
vn 0.0000 -0.2588 0.9659
v 1.6800 1.6331 1.0157
vt 0.8163 0.8197
vn 0.0000 -0.2588 0.9659
v 1.4350 1.6331 1.0157
vt 0.8163 0.8197
vn 0.0000 -0.2588 0.9659
f 6636/6636/6636 6637/6637/6637 6638/6638/6638 6639/6639/6639
v -1.6800 1.6331 1.0157
vt 0.8297 0.8353
vn -1.0000 0.0000 0.0000
v -1.6800 1.8900 0.1400
vt 0.8297 0.8667
vn -1.0000 0.0000 0.0000
v -1.6800 1.5948 0.1400
vt 0.8297 0.8604
vn -1.0000 0.0000 0.0000
v -1.6800 1.3964 0.9523
vt 0.8297 0.8322
vn -1.0000 0.0000 0.0000
f 6640/6640/6640 6641/6641/6641 6642/6642/6642 6643/6643/6643
v -1.6800 1.3964 0.9523
vt 0.8028 0.8009
vn 0.0000 -0.9715 -0.2372
v -1.6800 1.5948 0.1400
vt 0.8028 0.8292
vn 0.0000 -0.9715 -0.2372
v -1.4350 1.5948 0.1400
vt 0.8028 0.8292
vn 0.0000 -0.9715 -0.2372
v -1.4350 1.3964 0.9523
vt 0.8028 0.8009
vn 0.0000 -0.9715 -0.2372
f 6644/6644/6644 6645/6645/6645 6646/6646/6646 6647/6647/6647
v -1.4350 1.3964 0.9523
vt 0.8297 0.8322
vn 1.0000 0.0000 0.0000
v -1.4350 1.5948 0.1400
vt 0.8297 0.8604
vn 1.0000 0.0000 0.0000
v -1.4350 1.8900 0.1400
vt 0.8297 0.8667
vn 1.0000 0.0000 0.0000
v -1.4350 1.6331 1.0157
vt 0.8297 0.8353
vn 1.0000 0.0000 0.0000
f 6648/6648/6648 6649/6649/6649 6650/6650/6650 6651/6651/6651
v -1.4350 1.6331 1.0157
vt 0.8565 0.8822
vn 0.0000 0.9596 0.2815
v -1.4350 1.8900 0.1400
vt 0.8565 0.9136
vn 0.0000 0.9596 0.2815
v -1.6800 1.8900 0.1400
vt 0.8565 0.9136
vn 0.0000 0.9596 0.2815
v -1.6800 1.6331 1.0157
vt 0.8565 0.8822
vn 0.0000 0.9596 0.2815
f 6652/6652/6652 6653/6653/6653 6654/6654/6654 6655/6655/6655
v -1.6800 1.3964 0.9523
vt 0.8163 0.8165
vn 0.0000 -0.2588 0.9659
v -1.4350 1.3964 0.9523
vt 0.8163 0.8165
vn 0.0000 -0.2588 0.9659
v -1.4350 1.6331 1.0157
vt 0.8163 0.8197
vn 0.0000 -0.2588 0.9659
v -1.6800 1.6331 1.0157
vt 0.8163 0.8197
vn 0.0000 -0.2588 0.9659
f 6656/6656/6656 6657/6657/6657 6658/6658/6658 6659/6659/6659
v -1.4350 0.0000 0.1400
vt 0.7849 0.8529
vn 0.0000 -0.0000 1.0000
v -1.4350 1.6800 0.1400
vt 0.7849 0.9073
vn 0.0000 -0.0000 1.0000
v -1.7150 1.6800 0.1400
vt 0.7960 0.9073
vn 0.0000 -0.0000 1.0000
v -1.7150 0.0000 0.1400
vt 0.7960 0.8529
vn 0.0000 -0.0000 1.0000
f 6660/6660/6660 6661/6661/6661 6662/6662/6662 6663/6663/6663
v -1.7150 0.0000 0.1400
vt 0.7960 0.8373
vn -1.0000 0.0000 0.0000
v -1.7150 1.6800 0.1400
vt 0.7960 0.8917
vn -1.0000 0.0000 0.0000
v -1.7150 1.6800 -0.1400
vt 0.7960 0.8914
vn -1.0000 0.0000 0.0000
v -1.7150 0.0000 -0.1400
vt 0.7960 0.8370
vn -1.0000 0.0000 0.0000
f 6664/6664/6664 6665/6665/6665 6666/6666/6666 6667/6667/6667
v -1.7150 0.0000 -0.1400
vt 0.7960 0.8526
vn 0.0000 0.0000 -1.0000
v -1.7150 1.6800 -0.1400
vt 0.7960 0.9070
vn 0.0000 0.0000 -1.0000
v -1.4350 1.6800 -0.1400
vt 0.7849 0.9070
vn 0.0000 0.0000 -1.0000
v -1.4350 0.0000 -0.1400
vt 0.7849 0.8526
vn 0.0000 0.0000 -1.0000
f 6668/6668/6668 6669/6669/6669 6670/6670/6670 6671/6671/6671
v -1.4350 0.0000 -0.1400
vt 0.7849 0.8370
vn 1.0000 0.0000 0.0000
v -1.4350 1.6800 -0.1400
vt 0.7849 0.8914
vn 1.0000 0.0000 0.0000
v -1.4350 1.6800 0.1400
vt 0.7849 0.8917
vn 1.0000 0.0000 0.0000
v -1.4350 0.0000 0.1400
vt 0.7849 0.8373
vn 1.0000 0.0000 0.0000
f 6672/6672/6672 6673/6673/6673 6674/6674/6674 6675/6675/6675
v -1.7150 1.6800 -0.1400
vt 0.7960 0.9383
vn 0.0000 1.0000 0.0000
v -1.7150 1.6800 0.1400
vt 0.7960 0.9386
vn 0.0000 1.0000 0.0000
v -1.4350 1.6800 0.1400
vt 0.7849 0.9386
vn 0.0000 1.0000 0.0000
v -1.4350 1.6800 -0.1400
vt 0.7849 0.9383
vn 0.0000 1.0000 0.0000
f 6676/6676/6676 6677/6677/6677 6678/6678/6678 6679/6679/6679
v -1.4350 0.0000 0.1400
vt 0.7973 0.7753
vn -0.0000 -1.0000 0.0000
v -1.7150 0.0000 0.1400
vt 0.8084 0.7753
vn -0.0000 -1.0000 0.0000
v -1.7150 0.0000 -0.1400
vt 0.8084 0.7906
vn -0.0000 -1.0000 0.0000
v -1.4350 0.0000 -0.1400
vt 0.7973 0.7750
vn -0.0000 -1.0000 0.0000
f 6680/6680/6680 6681/6681/6681 6682/6682/6682 6683/6683/6683
v 1.7150 0.0000 0.1400
vt 0.7849 0.8529
vn 0.0000 -0.0000 1.0000
v 1.7150 1.6800 0.1400
vt 0.7849 0.9073
vn 0.0000 -0.0000 1.0000
v 1.4350 1.6800 0.1400
vt 0.7960 0.9073
vn 0.0000 -0.0000 1.0000
v 1.4350 0.0000 0.1400
vt 0.7960 0.8529
vn 0.0000 -0.0000 1.0000
f 6684/6684/6684 6685/6685/6685 6686/6686/6686 6687/6687/6687
v 1.4350 0.0000 0.1400
vt 0.7960 0.8373
vn -1.0000 0.0000 0.0000
v 1.4350 1.6800 0.1400
vt 0.7960 0.8917
vn -1.0000 0.0000 0.0000
v 1.4350 1.6800 -0.1400
vt 0.7960 0.8914
vn -1.0000 0.0000 0.0000
v 1.4350 0.0000 -0.1400
vt 0.7960 0.8370
vn -1.0000 0.0000 0.0000
f 6688/6688/6688 6689/6689/6689 6690/6690/6690 6691/6691/6691
v 1.4350 0.0000 -0.1400
vt 0.7960 0.8526
vn 0.0000 0.0000 -1.0000
v 1.4350 1.6800 -0.1400
vt 0.7960 0.9070
vn 0.0000 0.0000 -1.0000
v 1.7150 1.6800 -0.1400
vt 0.7849 0.9070
vn 0.0000 0.0000 -1.0000
v 1.7150 0.0000 -0.1400
vt 0.7849 0.8526
vn 0.0000 0.0000 -1.0000
f 6692/6692/6692 6693/6693/6693 6694/6694/6694 6695/6695/6695
v 1.7150 0.0000 -0.1400
vt 0.7849 0.8370
vn 1.0000 0.0000 0.0000
v 1.7150 1.6800 -0.1400
vt 0.7849 0.8914
vn 1.0000 0.0000 0.0000
v 1.7150 1.6800 0.1400
vt 0.7849 0.8917
vn 1.0000 0.0000 0.0000
v 1.7150 0.0000 0.1400
vt 0.7849 0.8373
vn 1.0000 0.0000 0.0000
f 6696/6696/6696 6697/6697/6697 6698/6698/6698 6699/6699/6699
v 1.4350 1.6800 -0.1400
vt 0.7960 0.9383
vn 0.0000 1.0000 0.0000
v 1.4350 1.6800 0.1400
vt 0.7960 0.9386
vn 0.0000 1.0000 0.0000
v 1.7150 1.6800 0.1400
vt 0.7849 0.9386
vn 0.0000 1.0000 0.0000
v 1.7150 1.6800 -0.1400
vt 0.7849 0.9383
vn 0.0000 1.0000 0.0000
f 6700/6700/6700 6701/6701/6701 6702/6702/6702 6703/6703/6703
v 1.7150 0.0000 0.1400
vt 0.7973 0.7753
vn -0.0000 -1.0000 0.0000
v 1.4350 0.0000 0.1400
vt 0.8084 0.7753
vn -0.0000 -1.0000 0.0000
v 1.4350 0.0000 -0.1400
vt 0.8084 0.7906
vn -0.0000 -1.0000 0.0000
v 1.7150 0.0000 -0.1400
vt 0.7973 0.7750
vn -0.0000 -1.0000 0.0000
f 6704/6704/6704 6705/6705/6705 6706/6706/6706 6707/6707/6707
v 1.8200 1.6800 0.1400
vt 0.7849 0.8529
vn 0.0000 -0.0000 1.0000
v 1.8200 1.9600 0.1400
vt 0.7849 0.9073
vn 0.0000 -0.0000 1.0000
v -1.8200 1.9600 0.1400
vt 0.7960 0.9073
vn 0.0000 -0.0000 1.0000
v -1.8200 1.6800 0.1400
vt 0.7960 0.8529
vn 0.0000 -0.0000 1.0000
f 6708/6708/6708 6709/6709/6709 6710/6710/6710 6711/6711/6711
v -1.8200 1.6800 0.1400
vt 0.7960 0.8373
vn -1.0000 0.0000 0.0000
v -1.8200 1.9600 0.1400
vt 0.7960 0.8917
vn -1.0000 0.0000 0.0000
v -1.8200 1.9600 -0.1400
vt 0.7960 0.8914
vn -1.0000 0.0000 0.0000
v -1.8200 1.6800 -0.1400
vt 0.7960 0.8370
vn -1.0000 0.0000 0.0000
f 6712/6712/6712 6713/6713/6713 6714/6714/6714 6715/6715/6715
v -1.8200 1.6800 -0.1400
vt 0.7960 0.8526
vn 0.0000 0.0000 -1.0000
v -1.8200 1.9600 -0.1400
vt 0.7960 0.9070
vn 0.0000 0.0000 -1.0000
v 1.8200 1.9600 -0.1400
vt 0.7849 0.9070
vn 0.0000 0.0000 -1.0000
v 1.8200 1.6800 -0.1400
vt 0.7849 0.8526
vn 0.0000 0.0000 -1.0000
f 6716/6716/6716 6717/6717/6717 6718/6718/6718 6719/6719/6719
v 1.8200 1.6800 -0.1400
vt 0.7849 0.8370
vn 1.0000 0.0000 0.0000
v 1.8200 1.9600 -0.1400
vt 0.7849 0.8914
vn 1.0000 0.0000 0.0000
v 1.8200 1.9600 0.1400
vt 0.7849 0.8917
vn 1.0000 0.0000 0.0000
v 1.8200 1.6800 0.1400
vt 0.7849 0.8373
vn 1.0000 0.0000 0.0000
f 6720/6720/6720 6721/6721/6721 6722/6722/6722 6723/6723/6723
v -1.8200 1.9600 -0.1400
vt 0.7960 0.9383
vn 0.0000 1.0000 0.0000
v -1.8200 1.9600 0.1400
vt 0.7960 0.9386
vn 0.0000 1.0000 0.0000
v 1.8200 1.9600 0.1400
vt 0.7849 0.9386
vn 0.0000 1.0000 0.0000
v 1.8200 1.9600 -0.1400
vt 0.7849 0.9383
vn 0.0000 1.0000 0.0000
f 6724/6724/6724 6725/6725/6725 6726/6726/6726 6727/6727/6727
v 1.8200 1.6800 0.1400
vt 0.7849 0.8373
vn -0.0000 -1.0000 0.0000
v -1.8200 1.6800 0.1400
vt 0.7960 0.8373
vn -0.0000 -1.0000 0.0000
v -1.8200 1.6800 -0.1400
vt 0.7960 0.8526
vn -0.0000 -1.0000 0.0000
v 1.8200 1.6800 -0.1400
vt 0.7849 0.8370
vn -0.0000 -1.0000 0.0000
f 6728/6728/6728 6729/6729/6729 6730/6730/6730 6731/6731/6731
v -1.4590 1.5777 0.9656
vt 0.2772 0.1253
vn 0.1669 0.9258 0.3391
v -0.8754 1.4395 0.9596
vt 0.2914 0.1253
vn 0.1153 0.9246 0.3630
v -0.8754 1.7813 0.1227
vt 0.2914 0.1937
vn 0.1181 0.9248 0.3617
v -1.4590 1.8513 0.1227
vt 0.2772 0.1937
vn 0.1669 0.9258 0.3391
f 6732/6732/6732 6733/6733/6733 6734/6734/6734 6735/6735/6735
v -1.4723 1.4670 0.9231
vt 0.2772 0.1253
vn -0.1645 -0.9200 -0.3558
v -1.4723 1.7406 0.1227
vt 0.2772 0.1937
vn -0.1645 -0.9200 -0.3558
v -0.8844 1.6714 0.1227
vt 0.2914 0.1937
vn -0.1160 -0.9177 -0.3800
v -0.8843 1.3297 0.9132
vt 0.2914 0.1253
vn -0.1134 -0.9175 -0.3813
f 6736/6736/6736 6737/6737/6737 6738/6738/6738 6739/6739/6739
v -0.8843 1.3297 0.9132
vt 0.1664 0.8394
vn -0.1134 -0.9175 -0.3813
v -0.8844 1.6714 0.1227
vt 0.1664 0.8780
vn -0.1160 -0.9177 -0.3800
v -0.2941 1.6378 0.1227
vt 0.1806 0.8780
vn -0.0327 -0.9120 -0.4088
v -0.2941 1.2822 0.9066
vt 0.1806 0.8394
vn -0.0323 -0.9120 -0.4089
f 6740/6740/6740 6741/6741/6741 6742/6742/6742 6743/6743/6743
v -0.2934 1.3216 0.9644
vt 0.3056 0.1253
vn -0.0310 -0.8203 0.5710
v -0.2941 1.2822 0.9066
vt 0.3056 0.1253
vn -0.0303 -0.8205 0.5709
v 0.2941 1.2822 0.9066
vt 0.3197 0.1253
vn 0.0303 -0.8205 0.5709
v 0.2934 1.3216 0.9644
vt 0.3197 0.1253
vn 0.0310 -0.8203 0.5710
f 6744/6744/6744 6745/6745/6745 6746/6746/6746 6747/6747/6747
v -0.8816 1.3708 0.9692
vt 0.1664 0.8394
vn -0.1200 -0.7978 0.5909
v -0.8843 1.3297 0.9132
vt 0.1664 0.8394
vn -0.1154 -0.7991 0.5900
v -0.2941 1.2822 0.9066
vt 0.1806 0.8394
vn -0.0303 -0.8205 0.5709
v -0.2934 1.3216 0.9644
vt 0.1806 0.8394
vn -0.0310 -0.8203 0.5710
f 6748/6748/6748 6749/6749/6749 6750/6750/6750 6751/6751/6751
v 0.2941 1.2822 0.9066
vt 0.1947 0.8394
vn 0.0323 -0.9120 -0.4089
v 0.2941 1.6378 0.1227
vt 0.1947 0.8780
vn 0.0327 -0.9120 -0.4088
v 0.8844 1.6714 0.1227
vt 0.2089 0.8780
vn 0.1160 -0.9177 -0.3800
v 0.8843 1.3297 0.9132
vt 0.2089 0.8394
vn 0.1134 -0.9175 -0.3813
f 6752/6752/6752 6753/6753/6753 6754/6754/6754 6755/6755/6755
v -1.4683 1.5093 0.9774
vt 0.2772 0.1253
vn -0.1739 -0.7802 0.6009
v -1.4723 1.4670 0.9231
vt 0.2772 0.1253
vn -0.1739 -0.7802 0.6009
v -0.8843 1.3297 0.9132
vt 0.2914 0.1253
vn -0.1154 -0.7991 0.5900
v -0.8816 1.3708 0.9692
vt 0.2914 0.1253
vn -0.1200 -0.7978 0.5909
f 6756/6756/6756 6757/6757/6757 6758/6758/6758 6759/6759/6759
v 0.2934 1.3216 0.9644
vt 0.1947 0.8394
vn 0.0310 -0.8203 0.5710
v 0.2941 1.2822 0.9066
vt 0.1947 0.8394
vn 0.0303 -0.8205 0.5709
v 0.8843 1.3297 0.9132
vt 0.2089 0.8394
vn 0.1154 -0.7991 0.5900
v 0.8816 1.3708 0.9692
vt 0.2089 0.8394
vn 0.1200 -0.7978 0.5909
f 6760/6760/6760 6761/6761/6761 6762/6762/6762 6763/6763/6763
v 0.8754 1.4395 0.9596
vt 0.3339 0.1253
vn -0.1153 0.9246 0.3630
v 1.4590 1.5777 0.9656
vt 0.3481 0.1253
vn -0.1669 0.9258 0.3391
v 1.4590 1.8513 0.1227
vt 0.3481 0.1937
vn -0.1669 0.9258 0.3391
v 0.8754 1.7813 0.1227
vt 0.3339 0.1937
vn -0.1181 0.9248 0.3617
f 6764/6764/6764 6765/6765/6765 6766/6766/6766 6767/6767/6767
v -0.2918 1.3906 0.9575
vt 0.3056 0.1253
vn 0.0080 0.1092 0.9940
v -0.2934 1.3216 0.9644
vt 0.3056 0.1253
vn 0.0078 0.1090 0.9940
v 0.2934 1.3216 0.9644
vt 0.3197 0.1253
vn -0.0078 0.1090 0.9940
v 0.2918 1.3906 0.9575
vt 0.3197 0.1253
vn -0.0080 0.1092 0.9940
f 6768/6768/6768 6769/6769/6769 6770/6770/6770 6771/6771/6771
v -0.8754 1.4395 0.9596
vt 0.1664 0.8394
vn 0.0320 0.1339 0.9905
v -0.8816 1.3708 0.9692
vt 0.1664 0.8394
vn 0.0307 0.1327 0.9907
v -0.2934 1.3216 0.9644
vt 0.1806 0.8394
vn 0.0078 0.1090 0.9940
v -0.2918 1.3906 0.9575
vt 0.1806 0.8394
vn 0.0080 0.1092 0.9940
f 6772/6772/6772 6773/6773/6773 6774/6774/6774 6775/6775/6775
v -0.8754 1.4395 0.9596
vt 0.1664 0.8394
vn 0.1153 0.9246 0.3630
v -0.2918 1.3906 0.9575
vt 0.1806 0.8394
vn 0.0331 0.9209 0.3883
v -0.2918 1.7463 0.1227
vt 0.1806 0.8780
vn 0.0337 0.9209 0.3882
v -0.8754 1.7813 0.1227
vt 0.1664 0.8780
vn 0.1181 0.9248 0.3617
f 6776/6776/6776 6777/6777/6777 6778/6778/6778 6779/6779/6779
v -1.4590 1.5777 0.9656
vt 0.2772 0.1253
vn 0.0471 0.1484 0.9878
v -1.4683 1.5093 0.9774
vt 0.2772 0.1253
vn 0.0471 0.1484 0.9878
v -0.8816 1.3708 0.9692
vt 0.2914 0.1253
vn 0.0307 0.1327 0.9907
v -0.8754 1.4395 0.9596
vt 0.2914 0.1253
vn 0.0320 0.1339 0.9905
f 6780/6780/6780 6781/6781/6781 6782/6782/6782 6783/6783/6783
v 0.8843 1.3297 0.9132
vt 0.3339 0.1253
vn 0.1134 -0.9175 -0.3813
v 0.8844 1.6714 0.1227
vt 0.3339 0.1937
vn 0.1160 -0.9177 -0.3800
v 1.4724 1.7406 0.1227
vt 0.3481 0.1937
vn 0.1645 -0.9200 -0.3558
v 1.4724 1.4670 0.9231
vt 0.3481 0.1253
vn 0.1645 -0.9200 -0.3558
f 6784/6784/6784 6785/6785/6785 6786/6786/6786 6787/6787/6787
v 0.2918 1.3906 0.9575
vt 0.1947 0.8394
vn -0.0331 0.9209 0.3883
v 0.8754 1.4395 0.9596
vt 0.2089 0.8394
vn -0.1153 0.9246 0.3630
v 0.8754 1.7813 0.1227
vt 0.2089 0.8780
vn -0.1181 0.9248 0.3617
v 0.2918 1.7463 0.1227
vt 0.1947 0.8780
vn -0.0337 0.9209 0.3882
f 6788/6788/6788 6789/6789/6789 6790/6790/6790 6791/6791/6791
v 0.2918 1.3906 0.9575
vt 0.1947 0.8394
vn -0.0080 0.1092 0.9940
v 0.2934 1.3216 0.9644
vt 0.1947 0.8394
vn -0.0078 0.1090 0.9940
v 0.8816 1.3708 0.9692
vt 0.2089 0.8394
vn -0.0307 0.1327 0.9907
v 0.8754 1.4395 0.9596
vt 0.2089 0.8394
vn -0.0320 0.1339 0.9905
f 6792/6792/6792 6793/6793/6793 6794/6794/6794 6795/6795/6795
v -0.2941 1.2822 0.9066
vt 0.3056 0.1253
vn -0.0323 -0.9120 -0.4089
v -0.2941 1.6378 0.1227
vt 0.3056 0.1937
vn -0.0327 -0.9120 -0.4088
v 0.2941 1.6378 0.1227
vt 0.3197 0.1937
vn 0.0327 -0.9120 -0.4088
v 0.2941 1.2822 0.9066
vt 0.3197 0.1253
vn 0.0323 -0.9120 -0.4089
f 6796/6796/6796 6797/6797/6797 6798/6798/6798 6799/6799/6799
v -0.2918 1.3906 0.9575
vt 0.3056 0.1253
vn 0.0331 0.9209 0.3883
v 0.2918 1.3906 0.9575
vt 0.3197 0.1253
vn -0.0331 0.9209 0.3883
v 0.2918 1.7463 0.1227
vt 0.3197 0.1937
vn -0.0337 0.9209 0.3882
v -0.2918 1.7463 0.1227
vt 0.3056 0.1937
vn 0.0337 0.9209 0.3882
f 6800/6800/6800 6801/6801/6801 6802/6802/6802 6803/6803/6803
v 0.8754 1.4395 0.9596
vt 0.3339 0.1253
vn -0.0320 0.1339 0.9905
v 0.8816 1.3708 0.9692
vt 0.3339 0.1253
vn -0.0307 0.1327 0.9907
v 1.4683 1.5093 0.9774
vt 0.3481 0.1253
vn -0.0471 0.1484 0.9878
v 1.4590 1.5777 0.9656
vt 0.3481 0.1253
vn -0.0471 0.1484 0.9878
f 6804/6804/6804 6805/6805/6805 6806/6806/6806 6807/6807/6807
v 0.8816 1.3708 0.9692
vt 0.3339 0.1253
vn 0.1200 -0.7978 0.5909
v 0.8843 1.3297 0.9132
vt 0.3339 0.1253
vn 0.1154 -0.7991 0.5900
v 1.4724 1.4670 0.9231
vt 0.3481 0.1253
vn 0.1739 -0.7802 0.6009
v 1.4683 1.5093 0.9774
vt 0.3481 0.1253
vn 0.1739 -0.7802 0.6009
f 6808/6808/6808 6809/6809/6809 6810/6810/6810 6811/6811/6811
v -1.4614 0.9337 -0.0209
vt 0.7849 0.8529
vn 0.0000 -0.8172 0.5764
v -1.4614 1.5418 0.8411
vt 0.7849 0.9073
vn 0.0000 -0.8172 0.5764
v -1.6536 1.5418 0.8411
vt 0.7960 0.9073
vn 0.0000 -0.8172 0.5764
v -1.6536 0.9337 -0.0209
vt 0.7960 0.8529
vn 0.0000 -0.8172 0.5764
f 6812/6812/6812 6813/6813/6813 6814/6814/6814 6815/6815/6815
v -1.6536 0.9337 -0.0209
vt 0.7960 0.8373
vn -1.0000 0.0000 0.0000
v -1.6536 1.5418 0.8411
vt 0.7960 0.8917
vn -1.0000 0.0000 0.0000
v -1.6536 1.6118 0.6139
vt 0.7960 0.8914
vn -1.0000 0.0000 0.0000
v -1.6536 1.1610 -0.0209
vt 0.7960 0.8370
vn -1.0000 0.0000 0.0000
f 6816/6816/6816 6817/6817/6817 6818/6818/6818 6819/6819/6819
v -1.6536 1.1610 -0.0209
vt 0.7960 0.8526
vn -0.0000 0.8153 -0.5790
v -1.6536 1.6118 0.6139
vt 0.7960 0.9070
vn -0.0000 0.8153 -0.5790
v -1.4614 1.6118 0.6139
vt 0.7849 0.9070
vn -0.0000 0.8153 -0.5790
v -1.4614 1.1610 -0.0209
vt 0.7849 0.8526
vn -0.0000 0.8153 -0.5790
f 6820/6820/6820 6821/6821/6821 6822/6822/6822 6823/6823/6823
v -1.4614 1.1610 -0.0209
vt 0.7849 0.8370
vn 1.0000 0.0000 0.0000
v -1.4614 1.6118 0.6139
vt 0.7849 0.8914
vn 1.0000 0.0000 0.0000
v -1.4614 1.5418 0.8411
vt 0.7849 0.8917
vn 1.0000 0.0000 0.0000
v -1.4614 0.9337 -0.0209
vt 0.7849 0.8373
vn 1.0000 0.0000 0.0000
f 6824/6824/6824 6825/6825/6825 6826/6826/6826 6827/6827/6827
v -1.4614 0.9337 -0.0209
vt 0.7849 0.8373
vn 0.0000 0.0000 -1.0000
v -1.6536 0.9337 -0.0209
vt 0.7960 0.8373
vn 0.0000 0.0000 -1.0000
v -1.6536 1.1610 -0.0209
vt 0.7960 0.8526
vn 0.0000 0.0000 -1.0000
v -1.4614 1.1610 -0.0209
vt 0.7849 0.8370
vn 0.0000 0.0000 -1.0000
f 6828/6828/6828 6829/6829/6829 6830/6830/6830 6831/6831/6831
v 1.6536 0.9337 -0.0209
vt 0.7849 0.8529
vn 0.0000 -0.8172 0.5764
v 1.6536 1.5418 0.8411
vt 0.7849 0.9073
vn 0.0000 -0.8172 0.5764
v 1.4614 1.5418 0.8411
vt 0.7960 0.9073
vn 0.0000 -0.8172 0.5764
v 1.4614 0.9337 -0.0209
vt 0.7960 0.8529
vn 0.0000 -0.8172 0.5764
f 6832/6832/6832 6833/6833/6833 6834/6834/6834 6835/6835/6835
v 1.4614 0.9337 -0.0209
vt 0.7960 0.8373
vn -1.0000 0.0000 0.0000
v 1.4614 1.5418 0.8411
vt 0.7960 0.8917
vn -1.0000 0.0000 0.0000
v 1.4614 1.6118 0.6139
vt 0.7960 0.8914
vn -1.0000 0.0000 0.0000
v 1.4614 1.1610 -0.0209
vt 0.7960 0.8370
vn -1.0000 0.0000 0.0000
f 6836/6836/6836 6837/6837/6837 6838/6838/6838 6839/6839/6839
v 1.4614 1.1610 -0.0209
vt 0.7960 0.8526
vn -0.0000 0.8153 -0.5790
v 1.4614 1.6118 0.6139
vt 0.7960 0.9070
vn -0.0000 0.8153 -0.5790
v 1.6536 1.6118 0.6139
vt 0.7849 0.9070
vn -0.0000 0.8153 -0.5790
v 1.6536 1.1610 -0.0209
vt 0.7849 0.8526
vn -0.0000 0.8153 -0.5790
f 6840/6840/6840 6841/6841/6841 6842/6842/6842 6843/6843/6843
v 1.6536 1.1610 -0.0209
vt 0.7849 0.8370
vn 1.0000 0.0000 0.0000
v 1.6536 1.6118 0.6139
vt 0.7849 0.8914
vn 1.0000 0.0000 0.0000
v 1.6536 1.5418 0.8411
vt 0.7849 0.8917
vn 1.0000 0.0000 0.0000
v 1.6536 0.9337 -0.0209
vt 0.7849 0.8373
vn 1.0000 0.0000 0.0000
f 6844/6844/6844 6845/6845/6845 6846/6846/6846 6847/6847/6847
v 1.6536 0.9337 -0.0209
vt 0.7849 0.8373
vn 0.0000 0.0000 -1.0000
v 1.4614 0.9337 -0.0209
vt 0.7960 0.8373
vn 0.0000 0.0000 -1.0000
v 1.4614 1.1610 -0.0209
vt 0.7960 0.8526
vn 0.0000 0.0000 -1.0000
v 1.6536 1.1610 -0.0209
vt 0.7849 0.8370
vn 0.0000 0.0000 -1.0000
f 6848/6848/6848 6849/6849/6849 6850/6850/6850 6851/6851/6851
v 1.9278 0.9282 -0.3577
vt 0.7849 0.8529
vn 0.0000 0.0000 -1.0000
v 1.9278 1.0836 -0.3577
vt 0.7849 0.9073
vn 0.0000 0.0000 -1.0000
v 2.9022 1.0836 -0.3577
vt 0.7960 0.9073
vn 0.0000 0.0000 -1.0000
v 2.9022 0.9282 -0.3577
vt 0.7960 0.8529
vn 0.0000 0.0000 -1.0000
f 6852/6852/6852 6853/6853/6853 6854/6854/6854 6855/6855/6855
v 2.9022 0.9282 -0.2373
vt 0.7960 0.8526
vn 0.0000 -0.0000 1.0000
v 2.9022 1.0836 -0.2373
vt 0.7960 0.9070
vn 0.0000 -0.0000 1.0000
v 1.9278 1.0836 -0.2373
vt 0.7849 0.9070
vn 0.0000 -0.0000 1.0000
v 1.9278 0.9282 -0.2373
vt 0.7849 0.8526
vn 0.0000 -0.0000 1.0000
f 6856/6856/6856 6857/6857/6857 6858/6858/6858 6859/6859/6859
v 1.9278 0.9282 -0.3577
vt 0.7849 0.8373
vn -0.0000 -1.0000 0.0000
v 2.9022 0.9282 -0.3577
vt 0.7960 0.8373
vn -0.0000 -1.0000 0.0000
v 2.9022 0.9282 -0.2373
vt 0.7960 0.8526
vn -0.0000 -1.0000 0.0000
v 1.9278 0.9282 -0.2373
vt 0.7849 0.8370
vn -0.0000 -1.0000 0.0000
f 6860/6860/6860 6861/6861/6861 6862/6862/6862 6863/6863/6863
v 2.8872 0.0000 -0.4028
vt 0.7849 0.8529
vn 0.0000 0.0000 -1.0000
v 2.8872 1.2040 -0.4028
vt 0.7849 0.9073
vn 0.0000 0.0000 -1.0000
v 3.0979 1.2040 -0.4028
vt 0.7960 0.9073
vn 0.0000 0.0000 -1.0000
v 3.0979 0.0000 -0.4028
vt 0.7960 0.8529
vn 0.0000 0.0000 -1.0000
f 6864/6864/6864 6865/6865/6865 6866/6866/6866 6867/6867/6867
v 3.0979 0.0000 -0.4028
vt 0.7960 0.8373
vn 1.0000 0.0000 0.0000
v 3.0979 1.2040 -0.4028
vt 0.7960 0.8917
vn 1.0000 0.0000 0.0000
v 3.0979 1.2040 -0.1921
vt 0.7960 0.8914
vn 1.0000 0.0000 0.0000
v 3.0979 0.0000 -0.1921
vt 0.7960 0.8370
vn 1.0000 0.0000 0.0000
f 6868/6868/6868 6869/6869/6869 6870/6870/6870 6871/6871/6871
v 3.0979 0.0000 -0.1921
vt 0.7960 0.8526
vn 0.0000 -0.0000 1.0000
v 3.0979 1.2040 -0.1921
vt 0.7960 0.9070
vn 0.0000 -0.0000 1.0000
v 2.8872 1.2040 -0.1921
vt 0.7849 0.9070
vn 0.0000 -0.0000 1.0000
v 2.8872 0.0000 -0.1921
vt 0.7849 0.8526
vn 0.0000 -0.0000 1.0000
f 6872/6872/6872 6873/6873/6873 6874/6874/6874 6875/6875/6875
v 2.8872 0.0000 -0.1921
vt 0.7849 0.8370
vn -1.0000 0.0000 0.0000
v 2.8872 1.2040 -0.1921
vt 0.7849 0.8914
vn -1.0000 0.0000 0.0000
v 2.8872 1.2040 -0.4028
vt 0.7849 0.8917
vn -1.0000 0.0000 0.0000
v 2.8872 0.0000 -0.4028
vt 0.7849 0.8373
vn -1.0000 0.0000 0.0000
f 6876/6876/6876 6877/6877/6877 6878/6878/6878 6879/6879/6879
v 2.8872 0.0000 -0.4028
vt 0.7849 0.8373
vn -0.0000 -1.0000 0.0000
v 3.0979 0.0000 -0.4028
vt 0.7960 0.8373
vn -0.0000 -1.0000 0.0000
v 3.0979 0.0000 -0.1921
vt 0.7960 0.8526
vn -0.0000 -1.0000 0.0000
v 2.8872 0.0000 -0.1921
vt 0.7849 0.8370
vn -0.0000 -1.0000 0.0000
f 6880/6880/6880 6881/6881/6881 6882/6882/6882 6883/6883/6883
v 2.8872 0.0000 -1.9079
vt 0.7849 0.8529
vn 0.0000 0.0000 -1.0000
v 2.8872 1.2040 -1.9079
vt 0.7849 0.9073
vn 0.0000 0.0000 -1.0000
v 3.0979 1.2040 -1.9079
vt 0.7960 0.9073
vn 0.0000 0.0000 -1.0000
v 3.0979 0.0000 -1.9079
vt 0.7960 0.8529
vn 0.0000 0.0000 -1.0000
f 6884/6884/6884 6885/6885/6885 6886/6886/6886 6887/6887/6887
v 3.0979 0.0000 -1.9079
vt 0.7960 0.8373
vn 1.0000 0.0000 0.0000
v 3.0979 1.2040 -1.9079
vt 0.7960 0.8917
vn 1.0000 0.0000 0.0000
v 3.0979 1.2040 -1.6971
vt 0.7960 0.8914
vn 1.0000 0.0000 0.0000
v 3.0979 0.0000 -1.6971
vt 0.7960 0.8370
vn 1.0000 0.0000 0.0000
f 6888/6888/6888 6889/6889/6889 6890/6890/6890 6891/6891/6891
v 3.0979 0.0000 -1.6971
vt 0.7960 0.8526
vn 0.0000 -0.0000 1.0000
v 3.0979 1.2040 -1.6971
vt 0.7960 0.9070
vn 0.0000 -0.0000 1.0000
v 2.8872 1.2040 -1.6971
vt 0.7849 0.9070
vn 0.0000 -0.0000 1.0000
v 2.8872 0.0000 -1.6971
vt 0.7849 0.8526
vn 0.0000 -0.0000 1.0000
f 6892/6892/6892 6893/6893/6893 6894/6894/6894 6895/6895/6895
v 2.8872 0.0000 -1.6971
vt 0.7849 0.8370
vn -1.0000 0.0000 0.0000
v 2.8872 1.2040 -1.6971
vt 0.7849 0.8914
vn -1.0000 0.0000 0.0000
v 2.8872 1.2040 -1.9079
vt 0.7849 0.8917
vn -1.0000 0.0000 0.0000
v 2.8872 0.0000 -1.9079
vt 0.7849 0.8373
vn -1.0000 0.0000 0.0000
f 6896/6896/6896 6897/6897/6897 6898/6898/6898 6899/6899/6899
v 2.8872 0.0000 -1.9079
vt 0.7849 0.8373
vn -0.0000 -1.0000 0.0000
v 3.0979 0.0000 -1.9079
vt 0.7960 0.8373
vn -0.0000 -1.0000 0.0000
v 3.0979 0.0000 -1.6971
vt 0.7960 0.8526
vn -0.0000 -1.0000 0.0000
v 2.8872 0.0000 -1.6971
vt 0.7849 0.8370
vn -0.0000 -1.0000 0.0000
f 6900/6900/6900 6901/6901/6901 6902/6902/6902 6903/6903/6903
v 1.7322 0.0000 -1.9079
vt 0.7849 0.8529
vn 0.0000 0.0000 -1.0000
v 1.7322 1.2040 -1.9079
vt 0.7849 0.9073
vn 0.0000 0.0000 -1.0000
v 1.9429 1.2040 -1.9079
vt 0.7960 0.9073
vn 0.0000 0.0000 -1.0000
v 1.9429 0.0000 -1.9079
vt 0.7960 0.8529
vn 0.0000 0.0000 -1.0000
f 6904/6904/6904 6905/6905/6905 6906/6906/6906 6907/6907/6907
v 1.9429 0.0000 -1.9079
vt 0.7960 0.8373
vn 1.0000 0.0000 0.0000
v 1.9429 1.2040 -1.9079
vt 0.7960 0.8917
vn 1.0000 0.0000 0.0000
v 1.9429 1.2040 -1.6971
vt 0.7960 0.8914
vn 1.0000 0.0000 0.0000
v 1.9429 0.0000 -1.6971
vt 0.7960 0.8370
vn 1.0000 0.0000 0.0000
f 6908/6908/6908 6909/6909/6909 6910/6910/6910 6911/6911/6911
v 1.9429 0.0000 -1.6971
vt 0.7960 0.8526
vn 0.0000 -0.0000 1.0000
v 1.9429 1.2040 -1.6971
vt 0.7960 0.9070
vn 0.0000 -0.0000 1.0000
v 1.7322 1.2040 -1.6971
vt 0.7849 0.9070
vn 0.0000 -0.0000 1.0000
v 1.7322 0.0000 -1.6971
vt 0.7849 0.8526
vn 0.0000 -0.0000 1.0000
f 6912/6912/6912 6913/6913/6913 6914/6914/6914 6915/6915/6915
v 1.7322 0.0000 -1.6971
vt 0.7849 0.8370
vn -1.0000 0.0000 0.0000
v 1.7322 1.2040 -1.6971
vt 0.7849 0.8914
vn -1.0000 0.0000 0.0000
v 1.7322 1.2040 -1.9079
vt 0.7849 0.8917
vn -1.0000 0.0000 0.0000
v 1.7322 0.0000 -1.9079
vt 0.7849 0.8373
vn -1.0000 0.0000 0.0000
f 6916/6916/6916 6917/6917/6917 6918/6918/6918 6919/6919/6919
v 1.7322 0.0000 -1.9079
vt 0.7849 0.8373
vn -0.0000 -1.0000 0.0000
v 1.9429 0.0000 -1.9079
vt 0.7960 0.8373
vn -0.0000 -1.0000 0.0000
v 1.9429 0.0000 -1.6971
vt 0.7960 0.8526
vn -0.0000 -1.0000 0.0000
v 1.7322 0.0000 -1.6971
vt 0.7849 0.8370
vn -0.0000 -1.0000 0.0000
f 6920/6920/6920 6921/6921/6921 6922/6922/6922 6923/6923/6923
v 1.7322 0.0000 -0.4028
vt 0.7849 0.8529
vn 0.0000 0.0000 -1.0000
v 1.7322 1.2040 -0.4028
vt 0.7849 0.9073
vn 0.0000 0.0000 -1.0000
v 1.9429 1.2040 -0.4028
vt 0.7960 0.9073
vn 0.0000 0.0000 -1.0000
v 1.9429 0.0000 -0.4028
vt 0.7960 0.8529
vn 0.0000 0.0000 -1.0000
f 6924/6924/6924 6925/6925/6925 6926/6926/6926 6927/6927/6927
v 1.9429 0.0000 -0.4028
vt 0.7960 0.8373
vn 1.0000 0.0000 0.0000
v 1.9429 1.2040 -0.4028
vt 0.7960 0.8917
vn 1.0000 0.0000 0.0000
v 1.9429 1.2040 -0.1921
vt 0.7960 0.8914
vn 1.0000 0.0000 0.0000
v 1.9429 0.0000 -0.1921
vt 0.7960 0.8370
vn 1.0000 0.0000 0.0000
f 6928/6928/6928 6929/6929/6929 6930/6930/6930 6931/6931/6931
v 1.9429 0.0000 -0.1921
vt 0.7960 0.8526
vn 0.0000 -0.0000 1.0000
v 1.9429 1.2040 -0.1921
vt 0.7960 0.9070
vn 0.0000 -0.0000 1.0000
v 1.7322 1.2040 -0.1921
vt 0.7849 0.9070
vn 0.0000 -0.0000 1.0000
v 1.7322 0.0000 -0.1921
vt 0.7849 0.8526
vn 0.0000 -0.0000 1.0000
f 6932/6932/6932 6933/6933/6933 6934/6934/6934 6935/6935/6935
v 1.7322 0.0000 -0.1921
vt 0.7849 0.8370
vn -1.0000 0.0000 0.0000
v 1.7322 1.2040 -0.1921
vt 0.7849 0.8914
vn -1.0000 0.0000 0.0000
v 1.7322 1.2040 -0.4028
vt 0.7849 0.8917
vn -1.0000 0.0000 0.0000
v 1.7322 0.0000 -0.4028
vt 0.7849 0.8373
vn -1.0000 0.0000 0.0000
f 6936/6936/6936 6937/6937/6937 6938/6938/6938 6939/6939/6939
v 1.7322 0.0000 -0.4028
vt 0.7849 0.8373
vn -0.0000 -1.0000 0.0000
v 1.9429 0.0000 -0.4028
vt 0.7960 0.8373
vn -0.0000 -1.0000 0.0000
v 1.9429 0.0000 -0.1921
vt 0.7960 0.8526
vn -0.0000 -1.0000 0.0000
v 1.7322 0.0000 -0.1921
vt 0.7849 0.8370
vn -0.0000 -1.0000 0.0000
f 6940/6940/6940 6941/6941/6941 6942/6942/6942 6943/6943/6943
v 1.8977 0.9282 -1.7122
vt 0.7849 0.8529
vn 1.0000 0.0000 0.0000
v 1.8977 1.0836 -1.7122
vt 0.7849 0.9073
vn 1.0000 0.0000 0.0000
v 1.8977 1.0836 -0.3878
vt 0.7960 0.9073
vn 1.0000 0.0000 0.0000
v 1.8977 0.9282 -0.3878
vt 0.7960 0.8529
vn 1.0000 0.0000 0.0000
f 6944/6944/6944 6945/6945/6945 6946/6946/6946 6947/6947/6947
v 1.7773 0.9282 -0.3878
vt 0.7960 0.8526
vn -1.0000 0.0000 0.0000
v 1.7773 1.0836 -0.3878
vt 0.7960 0.9070
vn -1.0000 0.0000 0.0000
v 1.7773 1.0836 -1.7122
vt 0.7849 0.9070
vn -1.0000 0.0000 0.0000
v 1.7773 0.9282 -1.7122
vt 0.7849 0.8526
vn -1.0000 0.0000 0.0000
f 6948/6948/6948 6949/6949/6949 6950/6950/6950 6951/6951/6951
v 1.8977 0.9282 -1.7122
vt 0.7849 0.8373
vn -0.0000 -1.0000 0.0000
v 1.8977 0.9282 -0.3878
vt 0.7960 0.8373
vn -0.0000 -1.0000 0.0000
v 1.7773 0.9282 -0.3878
vt 0.7960 0.8526
vn -0.0000 -1.0000 0.0000
v 1.7773 0.9282 -1.7122
vt 0.7849 0.8370
vn -0.0000 -1.0000 0.0000
f 6952/6952/6952 6953/6953/6953 6954/6954/6954 6955/6955/6955
v 2.9022 0.9282 -1.7423
vt 0.7849 0.8529
vn 0.0000 -0.0000 1.0000
v 2.9022 1.0836 -1.7423
vt 0.7849 0.9073
vn 0.0000 -0.0000 1.0000
v 1.9278 1.0836 -1.7423
vt 0.7960 0.9073
vn 0.0000 -0.0000 1.0000
v 1.9278 0.9282 -1.7423
vt 0.7960 0.8529
vn 0.0000 -0.0000 1.0000
f 6956/6956/6956 6957/6957/6957 6958/6958/6958 6959/6959/6959
v 1.9278 0.9282 -1.8627
vt 0.7960 0.8526
vn 0.0000 0.0000 -1.0000
v 1.9278 1.0836 -1.8627
vt 0.7960 0.9070
vn 0.0000 0.0000 -1.0000
v 2.9022 1.0836 -1.8627
vt 0.7849 0.9070
vn 0.0000 0.0000 -1.0000
v 2.9022 0.9282 -1.8627
vt 0.7849 0.8526
vn 0.0000 0.0000 -1.0000
f 6960/6960/6960 6961/6961/6961 6962/6962/6962 6963/6963/6963
v 2.9022 0.9282 -1.7423
vt 0.7849 0.8373
vn -0.0000 -1.0000 0.0000
v 1.9278 0.9282 -1.7423
vt 0.7960 0.8373
vn -0.0000 -1.0000 0.0000
v 1.9278 0.9282 -1.8627
vt 0.7960 0.8526
vn -0.0000 -1.0000 0.0000
v 2.9022 0.9282 -1.8627
vt 0.7849 0.8370
vn -0.0000 -1.0000 0.0000
f 6964/6964/6964 6965/6965/6965 6966/6966/6966 6967/6967/6967
v 2.9323 0.9282 -0.3878
vt 0.7849 0.8529
vn -1.0000 0.0000 0.0000
v 2.9323 1.0836 -0.3878
vt 0.7849 0.9073
vn -1.0000 0.0000 0.0000
v 2.9323 1.0836 -1.7122
vt 0.7960 0.9073
vn -1.0000 0.0000 0.0000
v 2.9323 0.9282 -1.7122
vt 0.7960 0.8529
vn -1.0000 0.0000 0.0000
f 6968/6968/6968 6969/6969/6969 6970/6970/6970 6971/6971/6971
v 3.0527 0.9282 -1.7122
vt 0.7960 0.8526
vn 1.0000 0.0000 0.0000
v 3.0527 1.0836 -1.7122
vt 0.7960 0.9070
vn 1.0000 0.0000 0.0000
v 3.0527 1.0836 -0.3878
vt 0.7849 0.9070
vn 1.0000 0.0000 0.0000
v 3.0527 0.9282 -0.3878
vt 0.7849 0.8526
vn 1.0000 0.0000 0.0000
f 6972/6972/6972 6973/6973/6973 6974/6974/6974 6975/6975/6975
v 2.9323 0.9282 -0.3878
vt 0.7849 0.8373
vn -0.0000 -1.0000 0.0000
v 2.9323 0.9282 -1.7122
vt 0.7960 0.8373
vn -0.0000 -1.0000 0.0000
v 3.0527 0.9282 -1.7122
vt 0.7960 0.8526
vn -0.0000 -1.0000 0.0000
v 3.0527 0.9282 -0.3878
vt 0.7849 0.8370
vn -0.0000 -1.0000 0.0000
f 6976/6976/6976 6977/6977/6977 6978/6978/6978 6979/6979/6979
v 2.4150 1.8060 -1.0500
vt 0.8041 0.6669
vn 0.0000 0.8321 -0.5547
v 3.1430 1.2040 -1.9530
vt 0.8353 0.6572
vn 0.0000 0.8321 -0.5547
v 1.6870 1.2040 -1.9530
vt 0.7729 0.6056
vn 0.0000 0.8321 -0.5547
f 6980/6980/6980 6981/6981/6981 6982/6982/6982
v 2.4150 1.8060 -1.0500
vt 0.8041 0.6669
vn 0.6373 0.7706 0.0000
v 3.1430 1.2040 -0.1470
vt 0.8353 0.6572
vn 0.6373 0.7706 0.0000
v 3.1430 1.2040 -1.9530
vt 0.8353 0.6056
vn 0.6373 0.7706 0.0000
f 6983/6983/6983 6984/6984/6984 6985/6985/6985
v 2.4150 1.8060 -1.0500
vt 0.8041 0.6669
vn 0.0000 0.8320 0.5547
v 1.6870 1.2040 -0.1470
vt 0.7729 0.6572
vn 0.0000 0.8320 0.5547
v 3.1430 1.2040 -0.1470
vt 0.8353 0.6056
vn 0.0000 0.8320 0.5547
f 6986/6986/6986 6987/6987/6987 6988/6988/6988
v 2.4150 1.8060 -1.0500
vt 0.8041 0.6669
vn -0.6373 0.7706 0.0000
v 1.6870 1.2040 -1.9530
vt 0.7729 0.6572
vn -0.6373 0.7706 0.0000
v 1.6870 1.2040 -0.1470
vt 0.7729 0.6056
vn -0.6373 0.7706 0.0000
f 6989/6989/6989 6990/6990/6990 6991/6991/6991
v 1.6870 1.2040 -0.1470
vt 0.7729 0.6056
vn -1.0000 0.0000 0.0000
v 1.6870 1.2040 -1.9530
vt 0.7729 0.6572
vn -1.0000 0.0000 0.0000
v 1.6870 1.0640 -1.9530
vt 0.7729 0.6572
vn -1.0000 0.0000 0.0000
v 1.6870 1.0640 -0.1470
vt 0.7729 0.6056
vn -1.0000 0.0000 0.0000
f 6992/6992/6992 6993/6993/6993 6994/6994/6994 6995/6995/6995
v 3.1430 1.2040 -0.1470
vt 0.8353 0.6056
vn 0.0000 -0.0000 1.0000
v 1.6870 1.2040 -0.1470
vt 0.7729 0.6572
vn 0.0000 -0.0000 1.0000
v 1.6870 1.0640 -0.1470
vt 0.7729 0.6572
vn 0.0000 -0.0000 1.0000
v 3.1430 1.0640 -0.1470
vt 0.8353 0.6056
vn 0.0000 -0.0000 1.0000
f 6996/6996/6996 6997/6997/6997 6998/6998/6998 6999/6999/6999
v 1.6870 1.2040 -1.9530
vt 0.7729 0.6056
vn 0.0000 0.0000 -1.0000
v 3.1430 1.2040 -1.9530
vt 0.8353 0.6572
vn 0.0000 0.0000 -1.0000
v 3.1430 1.0640 -1.9530
vt 0.8353 0.6572
vn 0.0000 0.0000 -1.0000
v 1.6870 1.0640 -1.9530
vt 0.7729 0.6056
vn 0.0000 0.0000 -1.0000
f 7000/7000/7000 7001/7001/7001 7002/7002/7002 7003/7003/7003
v 3.1430 1.2040 -1.9530
vt 0.8353 0.6056
vn 1.0000 0.0000 0.0000
v 3.1430 1.2040 -0.1470
vt 0.8353 0.6572
vn 1.0000 0.0000 0.0000
v 3.1430 1.0640 -0.1470
vt 0.8353 0.6572
vn 1.0000 0.0000 0.0000
v 3.1430 1.0640 -1.9530
vt 0.8353 0.6056
vn 1.0000 0.0000 0.0000
f 7004/7004/7004 7005/7005/7005 7006/7006/7006 7007/7007/7007
v 1.6870 1.0640 -0.1470
vt 0.7729 0.5716
vn -0.0000 -1.0000 0.0000
v 1.6870 1.0640 -1.9530
vt 0.7729 0.5716
vn -0.0000 -1.0000 0.0000
v 3.1430 1.0640 -1.9530
vt 0.8353 0.5716
vn -0.0000 -1.0000 0.0000
v 3.1430 1.0640 -0.1470
vt 0.8353 0.5716
vn -0.0000 -1.0000 0.0000
f 7008/7008/7008 7009/7009/7009 7010/7010/7010 7011/7011/7011
v 1.3300 0.0000 0.0525
vt 0.8331 0.7791
vn -0.0000 -1.0000 0.0000
v 1.6975 0.0000 -0.3150
vt 0.8414 0.7791
vn -0.0000 -1.0000 0.0000
v 1.6975 0.0000 0.0525
vt 0.8414 0.7791
vn -0.0000 -1.0000 0.0000
f 7012/7012/7012 7013/7013/7013 7014/7014/7014
v -1.6975 0.0000 -0.3150
vt 0.7642 0.7791
vn -0.0000 -1.0000 0.0000
v -1.3300 0.0000 0.0525
vt 0.7726 0.7791
vn -0.0000 -1.0000 0.0000
v -1.6975 0.0000 0.0525
vt 0.7642 0.7791
vn -0.0000 -1.0000 0.0000
f 7015/7015/7015 7016/7016/7016 7017/7017/7017
v 1.3300 0.0000 -2.5025
vt 0.8331 0.7791
vn -0.0000 -1.0000 0.0000
v 1.6975 0.0000 -2.5025
vt 0.8414 0.7791
vn -0.0000 -1.0000 0.0000
v 1.6975 0.0000 -2.1350
vt 0.8414 0.7791
vn -0.0000 -1.0000 0.0000
f 7018/7018/7018 7019/7019/7019 7020/7020/7020
v -1.3300 0.0000 -2.5025
vt 0.7726 0.7791
vn -0.0000 -1.0000 0.0000
v -1.3300 0.0000 -2.3800
vt 0.7726 0.7791
vn -0.0000 -1.0000 0.0000
v -1.5750 0.0000 -2.1350
vt 0.7670 0.7791
vn -0.0000 -1.0000 0.0000
v -1.6975 0.0000 -2.1350
vt 0.7642 0.7791
vn -0.0000 -1.0000 0.0000
f 7021/7021/7021 7022/7022/7022 7023/7023/7023 7024/7024/7024
v -1.6975 0.0000 -2.5025
vt 0.7642 0.7791
vn -0.0000 -1.0000 0.0000
v -1.3300 0.0000 -2.5025
vt 0.7726 0.7791
vn -0.0000 -1.0000 0.0000
v -1.6975 0.0000 -2.1350
vt 0.7642 0.7791
vn -0.0000 -1.0000 0.0000
f 7025/7025/7025 7026/7026/7026 7027/7027/7027
v -1.5750 0.0000 -0.3150
vt 0.7670 0.7791
vn -0.0000 -1.0000 0.0000
v -1.3300 0.0000 -0.0700
vt 0.7726 0.7791
vn -0.0000 -1.0000 0.0000
v -1.3300 0.0000 0.0525
vt 0.7726 0.7791
vn -0.0000 -1.0000 0.0000
v -1.6975 0.0000 -0.3150
vt 0.7642 0.7791
vn -0.0000 -1.0000 0.0000
f 7028/7028/7028 7029/7029/7029 7030/7030/7030 7031/7031/7031
v 1.3300 0.0000 -0.0700
vt 0.8331 0.7791
vn -0.0000 -1.0000 0.0000
v 1.5750 0.0000 -0.3150
vt 0.8386 0.7791
vn -0.0000 -1.0000 0.0000
v 1.6975 0.0000 -0.3150
vt 0.8414 0.7791
vn -0.0000 -1.0000 0.0000
v 1.3300 0.0000 0.0525
vt 0.8331 0.7791
vn -0.0000 -1.0000 0.0000
f 7032/7032/7032 7033/7033/7033 7034/7034/7034 7035/7035/7035
v 1.3300 0.0000 -2.3800
vt 0.8331 0.7791
vn -0.0000 -1.0000 0.0000
v 1.5750 0.0000 -2.1350
vt 0.8386 0.7791
vn -0.0000 -1.0000 0.0000
v 1.5750 0.0000 -0.3150
vt 0.8386 0.7791
vn -0.0000 -1.0000 0.0000
v 1.3300 0.0000 -0.0700
vt 0.8331 0.7791
vn -0.0000 -1.0000 0.0000
f 7036/7036/7036 7037/7037/7037 7038/7038/7038 7039/7039/7039
v 1.3300 0.0000 -2.3800
vt 0.8331 0.7791
vn -0.0000 -1.0000 0.0000
v 1.3300 0.0000 -2.5025
vt 0.8331 0.7791
vn -0.0000 -1.0000 0.0000
v 1.6975 0.0000 -2.1350
vt 0.8414 0.7791
vn -0.0000 -1.0000 0.0000
v 1.5750 0.0000 -2.1350
vt 0.8386 0.7791
vn -0.0000 -1.0000 0.0000
f 7040/7040/7040 7041/7041/7041 7042/7042/7042 7043/7043/7043
v -1.5750 0.0000 -2.1350
vt 0.7670 0.7791
vn -0.0000 -1.0000 0.0000
v -1.3300 0.0000 -2.3800
vt 0.7726 0.7791
vn -0.0000 -1.0000 0.0000
v -1.3300 0.0000 -0.0700
vt 0.7726 0.7791
vn -0.0000 -1.0000 0.0000
v -1.5750 0.0000 -0.3150
vt 0.7670 0.7791
vn -0.0000 -1.0000 0.0000
f 7044/7044/7044 7045/7045/7045 7046/7046/7046 7047/7047/7047
v -1.3300 0.0000 -2.3800
vt 0.7726 0.7791
vn -0.0000 -1.0000 0.0000
v 1.3300 0.0000 -2.3800
vt 0.8331 0.7791
vn -0.0000 -1.0000 0.0000
v 1.3300 0.0000 -0.0700
vt 0.8331 0.7791
vn -0.0000 -1.0000 0.0000
v -1.3300 0.0000 -0.0700
vt 0.7726 0.7791
vn -0.0000 -1.0000 0.0000
f 7048/7048/7048 7049/7049/7049 7050/7050/7050 7051/7051/7051
v 0.2450 0.0000 -0.0455
vt 0.7858 0.7766
vn -0.0000 -1.0000 0.0000
v 0.2205 0.0000 0.0525
vt 0.7830 0.8079
vn -0.0000 -1.0000 0.0000
v 0.1225 0.0000 0.0525
vt 0.7718 0.7922
vn -0.0000 -1.0000 0.0000
v 0.1225 0.0000 -0.0700
vt 0.7718 0.7922
vn -0.0000 -1.0000 0.0000
f 7052/7052/7052 7053/7053/7053 7054/7054/7054 7055/7055/7055
v 0.8575 0.0000 -0.0700
vt 0.8554 0.7922
vn -0.0000 -1.0000 0.0000
v 0.8575 0.0000 0.0525
vt 0.8554 0.8079
vn -0.0000 -1.0000 0.0000
v 0.7595 0.0000 0.0525
vt 0.8442 0.7766
vn -0.0000 -1.0000 0.0000
v 0.7350 0.0000 -0.0455
vt 0.8415 0.7766
vn -0.0000 -1.0000 0.0000
f 7056/7056/7056 7057/7057/7057 7058/7058/7058 7059/7059/7059
v -3.0311 0.0000 1.6263
vt 0.7849 0.8373
vn -0.0000 -1.0000 0.0000
v -2.9073 0.0000 1.7500
vt 0.7960 0.8373
vn -0.0000 -1.0000 0.0000
v -3.0311 0.0000 1.8737
vt 0.7960 0.8526
vn -0.0000 -1.0000 0.0000
v -3.1548 0.0000 1.7500
vt 0.7849 0.8370
vn -0.0000 -1.0000 0.0000
f 7060/7060/7060 7061/7061/7061 7062/7062/7062 7063/7063/7063
v -3.0311 0.0000 -1.8737
vt 0.7849 0.8373
vn -0.0000 -1.0000 0.0000
v -2.9073 0.0000 -1.7500
vt 0.7960 0.8373
vn -0.0000 -1.0000 0.0000
v -3.0311 0.0000 -1.6263
vt 0.7960 0.8526
vn -0.0000 -1.0000 0.0000
v -3.1548 0.0000 -1.7500
vt 0.7849 0.8370
vn -0.0000 -1.0000 0.0000
f 7064/7064/7064 7065/7065/7065 7066/7066/7066 7067/7067/7067
