# Blender 4.5.13 LTS
# www.blender.org
o bark
v 0.240000 0.000000 0.000000
v 0.183851 0.000000 -0.154269
v 0.041676 0.000000 -0.236354
v -0.120000 0.000000 -0.207846
v -0.225526 0.000000 -0.082085
v -0.225526 0.000000 0.082085
v -0.120000 0.000000 0.207846
v 0.041676 0.000000 0.236354
v 0.183851 0.000000 0.154269
v 0.150000 0.150000 0.000000
v 0.114907 0.150000 -0.096418
v 0.026047 0.150000 -0.147721
v -0.075000 0.150000 -0.129904
v -0.140954 0.150000 -0.051303
v -0.140954 0.150000 0.051303
v -0.075000 0.150000 0.129904
v 0.026047 0.150000 0.147721
v 0.114907 0.150000 0.096418
v 0.120000 0.990000 0.000000
v 0.091925 0.990000 -0.077135
v 0.020838 0.990000 -0.118177
v -0.060000 0.990000 -0.103923
v -0.112763 0.990000 -0.041042
v -0.112763 0.990000 0.041042
v -0.060000 0.990000 0.103923
v 0.020838 0.990000 0.118177
v 0.091925 0.990000 0.077135
v 0.100000 1.210000 0.000000
v 0.076604 1.210000 -0.064279
v 0.017365 1.210000 -0.098481
v -0.050000 1.210000 -0.086603
v -0.093969 1.210000 -0.034202
v -0.093969 1.210000 0.034202
v -0.050000 1.210000 0.086603
v 0.017365 1.210000 0.098481
v 0.076604 1.210000 0.064279
v 0.027076 1.068248 0.048049
v -0.043265 1.123831 0.040128
v 0.043265 1.076170 -0.040128
v -0.027076 1.131752 -0.048049
v 0.505838 1.694684 0.192227
v 0.435497 1.750266 0.184305
v 0.522027 1.702605 0.104050
v 0.451686 1.758187 0.096128
v 0.055401 1.129442 -0.010675
v -0.007990 1.134263 0.053030
v 0.007991 1.065737 -0.053030
v -0.055400 1.070558 0.010675
v -0.279752 1.625557 -0.381718
v -0.343143 1.630378 -0.318013
v -0.327162 1.561852 -0.424073
v -0.390553 1.566673 -0.360368
v 0.006537 1.062286 0.050842
v -0.059438 1.078758 -0.008115
v 0.059438 1.121242 0.008115
v -0.006537 1.137715 -0.050842
v -0.245042 1.601173 0.482938
v -0.311018 1.617646 0.423982
v -0.192141 1.660130 0.440212
v -0.258117 1.676602 0.381255
v 0.594498 1.296497 0.341226
v 0.264636 1.502249 0.085985
v 0.721715 1.481497 -0.078519
v 0.960698 1.538971 0.317015
v 0.742076 1.538032 0.765300
v 0.267363 1.544244 0.561262
v 0.458658 1.819691 -0.114078
v 0.934125 1.831225 0.041889
v 0.994134 1.906576 0.574320
v 0.462550 1.895145 0.704588
v 0.132667 1.868804 0.293558
v 0.594037 2.020752 0.276728
v 0.703923 1.402400 -0.014966
v 0.669882 1.342114 0.098331
v 0.629082 1.323622 0.229231
v 0.496615 1.309032 0.269785
v 0.383126 1.336302 0.185825
v 0.300398 1.414661 0.119441
v 0.348238 1.473682 0.013376
v 0.467282 1.452772 -0.056082
v 0.604789 1.473264 -0.059680
v 0.251832 1.526875 0.448409
v 0.202314 1.491851 0.326631
v 0.233188 1.495912 0.194659
v 0.503235 1.342687 0.404664
v 0.398867 1.384278 0.478216
v 0.319500 1.465220 0.529734
v 0.921710 1.457322 0.324565
v 0.821152 1.392622 0.331045
v 0.708327 1.335271 0.336959
v 0.807987 1.478026 0.002595
v 0.894709 1.481696 0.102363
v 0.939123 1.509739 0.220081
v 0.706720 1.467613 0.664794
v 0.672175 1.388358 0.567506
v 0.629336 1.355120 0.441195
v 0.944576 1.525517 0.419182
v 0.928839 1.503827 0.563089
v 0.847463 1.510706 0.692628
v 0.611729 1.528027 0.741193
v 0.478118 1.527961 0.688710
v 0.372159 1.541695 0.609514
v 0.123638 1.776840 0.228990
v 0.119961 1.671301 0.156874
v 0.191781 1.573378 0.112260
v 0.215267 1.613843 0.512205
v 0.137233 1.698143 0.458157
v 0.146910 1.784746 0.370316
v 0.513033 1.742734 -0.178425
v 0.590586 1.639273 -0.206137
v 0.665409 1.548467 -0.141243
v 0.282664 1.567576 0.011074
v 0.323803 1.652240 -0.058627
v 0.376047 1.745857 -0.125292
v 1.021182 1.765031 0.075055
v 0.995477 1.673349 0.173608
v 1.022372 1.589421 0.245688
v 0.801147 1.551754 -0.100474
v 0.881945 1.649466 -0.093760
v 0.932395 1.754167 -0.041217
v 0.987559 1.833085 0.679711
v 0.917792 1.724059 0.743600
v 0.825261 1.620448 0.763909
v 1.029395 1.599966 0.378425
v 1.053635 1.698150 0.451687
v 1.077269 1.818829 0.539909
v 0.389265 1.816896 0.709983
v 0.337334 1.716618 0.664195
v 0.293894 1.623448 0.615613
v 0.676259 1.626583 0.796407
v 0.597829 1.729524 0.807247
v 0.521685 1.824115 0.763378
v 0.179032 1.873894 0.173237
v 0.246119 1.873384 0.039798
v 0.348091 1.854321 -0.068611
v 0.576137 1.847566 -0.143750
v 0.716318 1.849938 -0.094963
v 0.844982 1.846655 -0.035302
v 0.968709 1.857793 0.151593
v 1.019593 1.894485 0.284932
v 1.034483 1.915415 0.443160
v 0.888264 1.937416 0.657110
v 0.736255 1.944598 0.712299
v 0.582182 1.927381 0.726189
v 0.381588 1.890815 0.609146
v 0.267640 1.905874 0.528685
v 0.191696 1.889444 0.407663
v 0.561163 1.995986 0.179731
v 0.521260 1.962746 0.062276
v 0.483471 1.899004 -0.046150
v 0.223128 1.942909 0.286312
v 0.364038 1.981524 0.281866
v 0.491304 2.000495 0.279267
v 0.683112 2.019086 0.210925
v 0.781533 1.973133 0.142167
v 0.866320 1.902515 0.085711
v 0.678594 2.009666 0.338466
v 0.793279 2.013601 0.420520
v 0.893579 1.960254 0.497314
v 0.562773 2.011477 0.376586
v 0.523020 2.007821 0.502818
v 0.490893 1.951213 0.609718
v 0.442845 1.994177 0.391054
v 0.306900 1.955704 0.403685
v 0.410597 1.942837 0.503391
v 0.655955 2.013894 0.464074
v 0.620800 1.980276 0.600152
v 0.766651 1.981418 0.557262
v 0.784668 1.988725 0.278218
v 0.935359 1.985125 0.360304
v 0.908610 1.949003 0.204260
v 0.652923 1.978924 0.094053
v 0.766404 1.937677 -0.001480
v 0.618144 1.944149 -0.063999
v 0.438371 1.980078 0.168482
v 0.387976 1.927170 0.045288
v 0.299006 1.940018 0.164358
v 0.180862 1.809103 0.504055
v 0.245697 1.707520 0.562688
v 0.279327 1.817942 0.623730
v 0.671452 1.847317 0.800615
v 0.763791 1.730234 0.814038
v 0.834012 1.841407 0.742887
v 1.105527 1.811467 0.379658
v 1.083597 1.684940 0.303136
v 1.052044 1.784559 0.215550
v 0.807491 1.754949 -0.114075
v 0.744302 1.643056 -0.164754
v 0.659982 1.752972 -0.177960
v 0.261607 1.763296 -0.038038
v 0.223337 1.661157 0.042231
v 0.163189 1.775899 0.088803
v 0.456287 1.723449 0.740051
v 0.399031 1.620846 0.691791
v 0.527540 1.615893 0.798449
v 1.046336 1.713926 0.628898
v 0.932639 1.605229 0.657258
v 1.033314 1.592291 0.528509
v 0.950707 1.661847 0.044774
v 0.979439 1.569246 0.122680
v 0.896789 1.557168 0.002008
v 0.444434 1.644915 -0.141743
v 0.527949 1.545487 -0.117607
v 0.398068 1.556912 -0.050326
v 0.102274 1.684940 0.310150
v 0.192124 1.585424 0.249199
v 0.155446 1.589452 0.393939
v 0.423147 1.433743 0.612869
v 0.530874 1.367381 0.536262
v 0.572917 1.453485 0.637583
v 0.814895 1.425837 0.586183
v 0.770297 1.351620 0.462658
v 0.886973 1.432042 0.447693
v 0.864644 1.430155 0.215310
v 0.753304 1.360085 0.217949
v 0.787060 1.414187 0.100068
v 0.304173 1.441272 0.401100
v 0.280098 1.408477 0.257204
v 0.386873 1.354097 0.337580
v 0.568090 1.393918 0.017403
v 0.530358 1.344323 0.143610
v 0.418342 1.382427 0.050904
v -0.210047 1.229746 -0.472003
v -0.370693 1.386819 -0.779519
v 0.053869 1.322343 -0.801283
v 0.192998 1.386038 -0.344113
v -0.218978 1.474638 -0.142508
v -0.556959 1.447648 -0.416451
v -0.157891 1.619302 -0.873125
v 0.210229 1.662808 -0.653498
v 0.030092 1.745249 -0.238570
v -0.424921 1.778879 -0.262745
v -0.552227 1.711040 -0.710935
v -0.162031 1.886045 -0.592152
v -0.000847 1.274884 -0.730353
v -0.069725 1.237293 -0.643151
v -0.145733 1.233904 -0.550512
v -0.261559 1.240978 -0.558810
v -0.310370 1.279560 -0.649488
v -0.341613 1.340632 -0.718501
v -0.285288 1.362275 -0.799397
v -0.179380 1.351528 -0.797680
v -0.068935 1.340885 -0.795132
v -0.539953 1.417806 -0.515227
v -0.538427 1.374466 -0.633962
v -0.453738 1.373125 -0.727931
v -0.315064 1.236105 -0.445422
v -0.403190 1.314761 -0.435127
v -0.472044 1.390890 -0.429488
v 0.116402 1.315364 -0.359719
v 0.011154 1.251161 -0.388149
v -0.114522 1.243673 -0.436785
v 0.117391 1.313921 -0.709760
v 0.145143 1.337956 -0.583160
v 0.170545 1.362032 -0.460793
v -0.221698 1.390427 -0.175071
v -0.219275 1.317763 -0.269668
v -0.216375 1.249143 -0.367541
v 0.134234 1.381345 -0.238397
v 0.004051 1.410491 -0.179793
v -0.122713 1.449408 -0.169514
v -0.299245 1.470511 -0.220310
v -0.388112 1.460754 -0.277490
v -0.486495 1.449449 -0.337984
v -0.565504 1.629443 -0.773794
v -0.557721 1.522751 -0.836540
v -0.452863 1.436091 -0.811306
v -0.629404 1.500903 -0.476331
v -0.671645 1.580667 -0.565711
v -0.622703 1.657663 -0.651577
v -0.108523 1.555948 -0.875547
v -0.046969 1.477416 -0.880064
v 0.001258 1.401385 -0.836301
v -0.343820 1.423532 -0.857762
v -0.278520 1.494234 -0.880732
v -0.214229 1.562505 -0.891261
v 0.317553 1.609175 -0.593036
v 0.311194 1.521665 -0.495218
v 0.272009 1.439995 -0.404080
v 0.127986 1.389064 -0.793815
v 0.191573 1.481142 -0.764378
v 0.200997 1.579621 -0.703929
v -0.001808 1.701832 -0.147184
v -0.075553 1.620644 -0.109118
v -0.154421 1.538858 -0.113940
v 0.199042 1.472298 -0.283841
v 0.183781 1.580263 -0.226058
v 0.125506 1.686782 -0.202468
v -0.525374 1.726618 -0.247633
v -0.549926 1.619215 -0.306501
v -0.560848 1.524418 -0.363774
v -0.271138 1.546762 -0.156871
v -0.329442 1.627479 -0.173246
v -0.400719 1.722858 -0.182501
v -0.489366 1.712256 -0.807130
v -0.373532 1.689986 -0.875540
v -0.249350 1.652168 -0.886970
v -0.075923 1.631022 -0.835567
v 0.032009 1.649945 -0.805588
v 0.115326 1.654263 -0.725027
v 0.239205 1.712621 -0.549809
v 0.216450 1.754297 -0.412925
v 0.146650 1.773972 -0.285299
v -0.069168 1.776355 -0.212013
v -0.195231 1.796603 -0.204073
v -0.327005 1.803292 -0.215159
v -0.495133 1.792868 -0.349282
v -0.561471 1.793030 -0.471845
v -0.588195 1.764750 -0.609804
v -0.158540 1.834630 -0.683854
v -0.155123 1.775396 -0.781067
v -0.154221 1.699329 -0.857316
v -0.490887 1.788875 -0.702946
v -0.377665 1.842052 -0.668988
v -0.257714 1.856118 -0.624037
v -0.074390 1.826626 -0.605470
v 0.025274 1.782961 -0.624532
v 0.109738 1.718217 -0.636142
v -0.107646 1.877841 -0.501607
v -0.052682 1.845386 -0.402811
v -0.001251 1.803441 -0.306875
v -0.229797 1.888842 -0.510105
v -0.305201 1.870957 -0.416833
v -0.393000 1.859258 -0.309089
v -0.345054 1.865415 -0.540630
v -0.481841 1.834106 -0.577184
v -0.425039 1.834191 -0.442686
v -0.175980 1.883888 -0.399445
v -0.260249 1.874689 -0.280818
v -0.118929 1.833241 -0.297096
v 0.017808 1.858919 -0.514522
v 0.073430 1.808927 -0.405107
v 0.138914 1.792827 -0.532282
v -0.049736 1.804910 -0.720900
v 0.040885 1.726167 -0.725122
v -0.065188 1.706184 -0.783890
v -0.262962 1.815121 -0.734216
v -0.264452 1.750904 -0.851122
v -0.401200 1.795354 -0.804516
v -0.616390 1.688488 -0.518118
v -0.636023 1.604489 -0.421348
v -0.565752 1.706343 -0.381305
v -0.277996 1.733060 -0.133363
v -0.208822 1.620751 -0.161792
v -0.136521 1.708559 -0.159968
v 0.253133 1.682107 -0.289197
v 0.305791 1.551543 -0.334174
v 0.323244 1.650608 -0.443452
v 0.126547 1.573687 -0.805037
v 0.086849 1.472131 -0.855448
v 0.000813 1.564140 -0.857404
v -0.332756 1.585935 -0.906572
v -0.412841 1.503644 -0.883005
v -0.467587 1.611673 -0.864457
v -0.458270 1.630494 -0.208263
v -0.478594 1.530882 -0.275146
v -0.364528 1.539571 -0.220620
v 0.046309 1.600811 -0.168751
v -0.023397 1.513187 -0.111965
v 0.120056 1.485962 -0.167141
v 0.289678 1.495456 -0.646980
v 0.265091 1.407682 -0.544358
v 0.230702 1.381250 -0.695499
v -0.164513 1.483351 -0.894618
v -0.110761 1.401273 -0.860030
v -0.229803 1.415522 -0.852262
v -0.617852 1.551543 -0.703299
v -0.535058 1.448029 -0.722554
v -0.620183 1.467261 -0.605326
v -0.409805 1.380058 -0.340199
v -0.326594 1.292019 -0.336312
v -0.312907 1.390418 -0.267330
v -0.107561 1.349642 -0.206629
v -0.105465 1.272177 -0.315436
v 0.009980 1.328416 -0.280524
v 0.078601 1.297906 -0.489382
v -0.023741 1.229334 -0.520942
v 0.043775 1.278681 -0.616089
v -0.462219 1.347111 -0.529756
v -0.414534 1.325750 -0.641281
v -0.357101 1.294889 -0.544603
v -0.129755 1.302874 -0.723371
v -0.195841 1.256680 -0.647558
v -0.244499 1.309775 -0.731590
v -0.098733 1.346713 0.541035
v -0.379948 1.551264 0.832225
v -0.501188 1.520924 0.388366
v -0.106061 1.578774 0.138197
v 0.313848 1.621593 0.426829
v 0.067002 1.618989 0.867257
v -0.620942 1.850550 0.644125
v -0.399662 1.863500 0.184831
v 0.073962 1.933696 0.225172
v 0.231990 1.984785 0.706300
v -0.210035 1.890275 0.920800
v -0.222325 2.147786 0.532243
v -0.438073 1.449318 0.410052
v -0.362116 1.334547 0.434693
v -0.219216 1.305950 0.490596
v -0.181070 1.322317 0.642501
v -0.273978 1.379241 0.740754
v -0.359318 1.442901 0.828817
v -0.471592 1.495762 0.771566
v -0.500496 1.492513 0.632123
v -0.549548 1.475296 0.494248
v -0.015647 1.566136 0.943407
v -0.157209 1.538580 0.944822
v -0.293570 1.530377 0.908606
v -0.034232 1.365475 0.647632
v 0.035797 1.415316 0.770246
v 0.078141 1.510954 0.859681
v -0.099083 1.504343 0.202350
v -0.088581 1.401632 0.278608
v -0.090884 1.353747 0.415363
v -0.420819 1.520226 0.310136
v -0.319508 1.529532 0.233868
v -0.206392 1.559084 0.190749
v 0.254527 1.526128 0.445973
v 0.153642 1.430957 0.475259
v 0.011982 1.390326 0.511856
v 0.007154 1.568947 0.159349
v 0.127351 1.577070 0.231007
v 0.219410 1.601707 0.334721
v 0.283668 1.609225 0.553866
v 0.230828 1.602377 0.686353
v 0.172566 1.597768 0.814566
v -0.258421 1.809104 0.920359
v -0.310563 1.718172 0.914304
v -0.356625 1.624740 0.887829
v 0.013694 1.681757 0.915982
v -0.051389 1.758847 0.977139
v -0.137943 1.836522 0.968110
v -0.646510 1.763444 0.579202
v -0.599957 1.669035 0.505379
v -0.564385 1.582225 0.437835
v -0.457453 1.606482 0.813425
v -0.523193 1.683745 0.766562
v -0.600771 1.769554 0.716715
v -0.333483 1.793632 0.153632
v -0.264955 1.716306 0.103222
v -0.180264 1.637424 0.101581
v -0.522947 1.585143 0.309570
v -0.506997 1.680472 0.240674
v -0.448455 1.779178 0.211214
v 0.177854 1.885194 0.224448
v 0.285748 1.802948 0.256085
v 0.321988 1.702411 0.340794
v -0.046118 1.655991 0.101107
v 0.015495 1.759562 0.102006
v 0.056953 1.860541 0.153066
v 0.214663 1.893750 0.770003
v 0.207089 1.797311 0.848231
v 0.123072 1.696704 0.854001
v 0.358108 1.709794 0.491713
v 0.348638 1.816127 0.572860
v 0.324816 1.922628 0.654802
v -0.329814 1.910574 0.924678
v -0.472093 1.912711 0.871015
v -0.545507 1.876009 0.743085
v -0.601820 1.865632 0.519623
v -0.552128 1.873578 0.385883
v -0.465170 1.866347 0.280225
v -0.291947 1.896226 0.159664
v -0.160667 1.920199 0.161594
v -0.029430 1.936783 0.178645
v 0.124803 1.956818 0.323539
v 0.203166 1.997145 0.435591
v 0.238270 2.004049 0.579980
v 0.140922 1.986220 0.796358
v 0.022288 1.972230 0.878882
v -0.103855 1.944998 0.939522
v -0.349447 2.123959 0.564469
v -0.476570 2.048671 0.599200
v -0.576961 1.950947 0.628490
v -0.222293 1.983522 0.889861
v -0.229088 2.071508 0.793595
v -0.226034 2.114858 0.656165
v -0.278521 2.093641 0.430544
v -0.340154 2.036910 0.319627
v -0.386126 1.954281 0.227480
v -0.138237 2.128315 0.437155
v -0.055583 2.059630 0.353216
v 0.028636 2.013304 0.263137
v -0.103324 2.136486 0.579434
v 0.036506 2.125220 0.634988
v 0.147148 2.053475 0.675744
v -0.093723 2.129778 0.731830
v -0.093706 2.055819 0.874124
v 0.037488 2.059334 0.771941
v -0.014356 2.086488 0.484402
v 0.133231 2.070699 0.531493
v 0.076297 2.038788 0.388340
v -0.194114 2.058263 0.330821
v -0.109691 1.983810 0.262651
v -0.248760 1.982001 0.229788
v -0.416042 2.055691 0.449789
v -0.457759 1.961817 0.346707
v -0.551689 1.977729 0.481573
v -0.369620 2.094024 0.715705
v -0.501046 2.000930 0.752684
v -0.366604 2.018615 0.860229
v -0.006044 1.871105 0.955029
v 0.077989 1.778201 0.921845
v 0.134370 1.896470 0.888068
v 0.316361 1.926753 0.498473
v 0.346346 1.813981 0.409519
v 0.265430 1.914250 0.339464
v -0.070964 1.848058 0.111236
v -0.126315 1.737410 0.077121
v -0.216978 1.826061 0.097982
v -0.552719 1.778861 0.298729
v -0.584146 1.669908 0.362655
v -0.620262 1.772502 0.437465
v -0.525222 1.792038 0.834879
v -0.443540 1.697266 0.878888
v -0.391230 1.806744 0.910465
v 0.281867 1.807411 0.717286
v 0.221195 1.697379 0.766603
v 0.326490 1.700472 0.641249
v 0.169912 1.783816 0.141223
v 0.221241 1.680687 0.227185
v 0.077249 1.666869 0.156526
v -0.393028 1.697132 0.156498
v -0.295314 1.618279 0.164033
v -0.411555 1.600490 0.234330
v -0.579575 1.673686 0.642627
v -0.586341 1.567202 0.571153
v -0.546208 1.576086 0.716719
v -0.189554 1.737410 0.966099
v -0.242525 1.632457 0.940353
v -0.100644 1.648145 0.978546
v 0.129418 1.520754 0.720222
v 0.094681 1.423265 0.622574
v 0.230653 1.498937 0.591497
v 0.156078 1.494650 0.337821
v 0.031265 1.415225 0.375066
v 0.030109 1.481228 0.242050
v -0.217436 1.452542 0.234909
v -0.219156 1.375954 0.357033
v -0.340708 1.439735 0.319269
v -0.056542 1.458152 0.887212
v -0.216176 1.451818 0.854441
v -0.121609 1.395548 0.756157
v -0.468128 1.384876 0.542305
v -0.326122 1.334142 0.597218
v -0.410575 1.415212 0.695407
v 0.543825 1.599252 0.057081
v 0.461811 1.761783 0.440073
v 0.221644 1.788239 0.092669
v 0.404496 1.787002 -0.247428
v 0.846780 1.761539 -0.218167
v 0.863045 1.775635 0.242283
v 0.325136 2.032566 0.252771
v 0.229069 2.060779 -0.117784
v 0.602902 2.049016 -0.248027
v 0.901174 2.071492 0.020379
v 0.667224 2.046709 0.346372
v 0.536396 2.222172 0.060415
v 0.267755 1.724723 0.087428
v 0.358790 1.678999 0.077403
v 0.455570 1.647981 0.066817
v 0.523862 1.624682 0.151035
v 0.499894 1.645564 0.264336
v 0.480757 1.708395 0.352417
v 0.382910 1.759385 0.358619
v 0.313780 1.764999 0.264519
v 0.248931 1.769832 0.177523
v 0.815569 1.740224 0.339667
v 0.690367 1.741914 0.388215
v 0.568146 1.753395 0.414071
v 0.632895 1.604944 0.108226
v 0.743386 1.624513 0.171824
v 0.843074 1.681996 0.229689
v 0.420817 1.713509 -0.213404
v 0.461661 1.663593 -0.123974
v 0.502902 1.614083 -0.033647
v 0.250426 1.780377 0.007397
v 0.259237 1.757323 -0.104183
v 0.338879 1.773766 -0.182015
v 0.794694 1.687910 -0.170596
v 0.710874 1.631391 -0.094379
v 0.616740 1.617974 -0.009054
v 0.495485 1.769974 -0.266137
v 0.612187 1.754332 -0.277131
v 0.750367 1.741599 -0.278009
v 0.904233 1.738818 -0.119791
v 0.934362 1.730871 0.015412
v 0.901589 1.752701 0.146200
v 0.638728 1.998112 0.421185
v 0.582732 1.919330 0.454296
v 0.518783 1.831943 0.474499
v 0.871077 1.835798 0.321879
v 0.821921 1.922633 0.370114
v 0.726304 1.993069 0.348081
v 0.243142 1.989946 0.254314
v 0.197229 1.916025 0.212605
v 0.215738 1.846756 0.145160
v 0.402131 1.835411 0.427668
v 0.345546 1.916802 0.397892
v 0.309719 1.992245 0.341856
v 0.247440 1.996164 -0.173651
v 0.268055 1.919300 -0.241467
v 0.332565 1.840632 -0.263249
v 0.206299 1.847520 0.043196
v 0.145871 1.916678 -0.023789
v 0.204108 1.992143 -0.069817
v 0.660303 1.995578 -0.263122
v 0.743061 1.925254 -0.295336
v 0.793193 1.842525 -0.252443
v 0.443824 1.845774 -0.294130
v 0.501076 1.922399 -0.301246
v 0.558165 1.997219 -0.297518
v 0.948534 2.010823 0.077910
v 0.964420 1.925523 0.147747
v 0.901913 1.844209 0.197396
v 0.888784 1.839850 -0.170923
v 0.944987 1.926740 -0.122927
v 0.896942 2.002599 -0.036264
v 0.580242 2.057482 0.352711
v 0.482105 2.054508 0.328130
v 0.394621 2.044855 0.291533
v 0.286359 2.047749 0.183161
v 0.220118 2.075096 0.093996
v 0.204176 2.077174 -0.022362
v 0.306585 2.073991 -0.179076
v 0.406163 2.080253 -0.234350
v 0.515128 2.068858 -0.254862
v 0.679560 2.064481 -0.207596
v 0.770055 2.079533 -0.150421
v 0.860587 2.087377 -0.071967
v 0.881999 2.086955 0.119520
v 0.814373 2.080840 0.218092
v 0.733875 2.062822 0.290972
v 0.465701 2.214177 0.124482
v 0.401679 2.155286 0.182783
v 0.355763 2.089482 0.224725
v 0.650507 2.113303 0.311244
v 0.616922 2.173698 0.238326
v 0.574985 2.210498 0.146042
v 0.463955 2.179544 0.018355
v 0.377555 2.157660 -0.031456
v 0.296631 2.112790 -0.078407
v 0.554439 2.186411 -0.023846
v 0.576244 2.169937 -0.127046
v 0.590779 2.103188 -0.192968
v 0.631959 2.218310 0.050071
v 0.741748 2.190328 0.038092
v 0.836632 2.134743 0.027611
v 0.690395 2.205946 0.148524
v 0.733954 2.149482 0.246324
v 0.789739 2.143998 0.133410
v 0.663833 2.197483 -0.054864
v 0.749793 2.126727 -0.055596
v 0.680771 2.137550 -0.150825
v 0.470073 2.181995 -0.088673
v 0.491499 2.132232 -0.186850
v 0.395982 2.114196 -0.122966
v 0.387923 2.159184 0.076204
v 0.275043 2.139854 0.025692
v 0.311002 2.119748 0.141367
v 0.505257 2.167700 0.211816
v 0.432140 2.124230 0.281416
v 0.544688 2.106636 0.282443
v 0.822343 2.007632 0.293406
v 0.883334 1.923978 0.255724
v 0.879365 2.007720 0.183832
v 0.850248 2.010563 -0.138550
v 0.854685 1.926215 -0.226227
v 0.772763 2.012507 -0.238937
v 0.455784 1.998539 -0.264344
v 0.384176 1.920937 -0.288436
v 0.346747 1.999497 -0.226959
v 0.157805 2.004378 0.035509
v 0.196990 1.916647 0.095853
v 0.226180 1.991586 0.148329
v 0.413013 1.996623 0.378150
v 0.455495 1.917769 0.462165
v 0.526280 1.999028 0.407192
v 0.948122 1.926040 0.014716
v 0.978239 1.825253 0.085514
v 0.977353 1.822469 -0.065972
v 0.623133 1.924052 -0.338119
v 0.684493 1.834801 -0.304629
v 0.554775 1.836705 -0.316972
v 0.210831 1.918021 -0.129981
v 0.253686 1.833029 -0.179080
v 0.208438 1.836154 -0.063342
v 0.272170 1.916444 0.301374
v 0.231123 1.831713 0.255269
v 0.294651 1.824424 0.372612
v 0.706408 1.920936 0.429680
v 0.639688 1.829054 0.441411
v 0.772706 1.826327 0.402942
v 0.843882 1.669837 0.096781
v 0.741667 1.604961 0.035724
v 0.844922 1.656187 -0.051144
v 0.675728 1.665068 -0.221383
v 0.581443 1.626409 -0.123829
v 0.534074 1.687261 -0.222616
v 0.344453 1.690540 -0.130237
v 0.394386 1.645030 -0.028053
v 0.309774 1.715324 -0.009969
v 0.719135 1.680519 0.284926
v 0.596227 1.675875 0.343713
v 0.618849 1.626480 0.225146
v 0.330472 1.715428 0.173045
v 0.420446 1.653996 0.168521
v 0.388085 1.687212 0.284990
v -0.469408 1.283226 -0.366255
v -0.006181 1.418064 -0.348461
v -0.314936 1.426047 0.009766
v -0.729007 1.506284 -0.087622
v -0.785537 1.589156 -0.553213
v -0.326984 1.563004 -0.673845
v -0.029062 1.715442 -0.024184
v -0.499121 1.748020 0.124266
v -0.800896 1.878604 -0.234054
v -0.520833 1.916806 -0.642408
v -0.046843 1.817369 -0.520763
v -0.345871 2.045918 -0.209272
v -0.344923 1.378053 -0.058738
v -0.382018 1.316750 -0.143049
v -0.425898 1.319140 -0.259387
v -0.353734 1.304394 -0.364431
v -0.213389 1.301332 -0.368239
v -0.102508 1.363507 -0.357716
v -0.061149 1.395386 -0.240449
v -0.133576 1.381446 -0.127391
v -0.224553 1.390700 -0.034506
v -0.237487 1.516446 -0.638607
v -0.154064 1.479299 -0.549062
v -0.076477 1.446600 -0.449009
v -0.433753 1.309240 -0.479136
v -0.390019 1.384969 -0.581885
v -0.355222 1.487799 -0.628943
v -0.695949 1.435950 -0.137079
v -0.604134 1.405631 -0.219436
v -0.542939 1.338706 -0.289899
v -0.415820 1.412799 0.029957
v -0.536896 1.431256 0.008181
v -0.638626 1.472458 -0.044522
v -0.732567 1.499643 -0.525525
v -0.648324 1.414064 -0.476090
v -0.561818 1.329803 -0.424982
v -0.794116 1.505008 -0.177432
v -0.802371 1.530442 -0.306956
v -0.812097 1.556292 -0.440565
v -0.675085 1.577211 -0.606533
v -0.562782 1.561873 -0.674460
v -0.432431 1.558812 -0.689960
v -0.004188 1.724928 -0.494794
v 0.036668 1.614413 -0.459501
v 0.046261 1.498265 -0.408446
v -0.258472 1.619202 -0.652117
v -0.185860 1.683054 -0.617873
v -0.101359 1.754731 -0.584894
v -0.048656 1.628142 0.043430
v -0.137540 1.536636 0.055464
v -0.231476 1.465872 0.043076
v 0.029239 1.476063 -0.264846
v 0.071395 1.547646 -0.162446
v 0.045170 1.639346 -0.072241
v -0.587603 1.690369 0.135222
v -0.649694 1.618496 0.060789
v -0.727476 1.545917 0.013179
v -0.349390 1.477448 0.083831
v -0.400019 1.562075 0.138427
v -0.456192 1.661893 0.163667
v -0.855180 1.830364 -0.316278
v -0.839707 1.745087 -0.404717
v -0.810653 1.662966 -0.482654
v -0.782933 1.584682 -0.102214
v -0.848691 1.688769 -0.124032
v -0.835525 1.795386 -0.180097
v -0.474730 1.840053 -0.693963
v -0.418581 1.734445 -0.684416
v -0.368893 1.643132 -0.688748
v -0.743250 1.673850 -0.598768
v -0.684857 1.768440 -0.640037
v -0.603596 1.854305 -0.653173
v 0.019213 1.815789 -0.416380
v 0.072335 1.800995 -0.270014
v 0.034035 1.757326 -0.124756
v -0.101842 1.738538 0.076369
v -0.243217 1.749798 0.127296
v -0.384749 1.754010 0.147947
v -0.592534 1.795721 0.079373
v -0.681289 1.835284 -0.015521
v -0.748558 1.860682 -0.129044
v -0.800048 1.939186 -0.346283
v -0.712991 1.948980 -0.469397
v -0.626999 1.958482 -0.590693
v -0.402642 1.926961 -0.658876
v -0.268468 1.896862 -0.621830
v -0.151275 1.854450 -0.567882
v -0.238064 2.015290 -0.138504
v -0.126401 1.934246 -0.069897
v -0.028596 1.831613 -0.012815
v -0.066075 1.911122 -0.474381
v -0.130155 2.005945 -0.392351
v -0.229420 2.075626 -0.291011
v -0.383340 2.027184 -0.083636
v -0.431058 1.941804 0.026231
v -0.470964 1.836492 0.090477
v -0.473122 2.045808 -0.206424
v -0.613708 2.016241 -0.209445
v -0.712324 1.936019 -0.224025
v -0.388226 2.092663 -0.331413
v -0.443444 2.060655 -0.470049
v -0.489383 1.988838 -0.575371
v -0.283813 2.051244 -0.438311
v -0.206361 1.944808 -0.514394
v -0.347818 1.987946 -0.562310
v -0.536809 2.057152 -0.338698
v -0.585653 2.008391 -0.472535
v -0.668857 1.988863 -0.341622
v -0.519474 1.969424 -0.098152
v -0.661528 1.935599 -0.098486
v -0.566229 1.891289 0.011200
v -0.280571 1.944438 -0.014434
v -0.327318 1.866198 0.119297
v -0.178448 1.845374 0.046307
v -0.107253 1.993612 -0.225612
v 0.004292 1.885410 -0.159957
v -0.012618 1.913300 -0.332530
v -0.221219 1.784428 -0.625028
v -0.291490 1.713855 -0.684392
v -0.347694 1.812261 -0.659601
v -0.734167 1.881472 -0.589912
v -0.802829 1.768597 -0.547959
v -0.841068 1.876254 -0.460729
v -0.779355 1.768750 -0.058425
v -0.743095 1.651900 -0.028003
v -0.673715 1.726357 0.034328
v -0.312783 1.651079 0.197603
v -0.267718 1.546994 0.107580
v -0.185976 1.639667 0.094913
v 0.059745 1.670964 -0.216908
v 0.065525 1.580224 -0.316108
v 0.077052 1.705361 -0.373781
v -0.545445 1.752209 -0.670887
v -0.489817 1.652578 -0.693833
v -0.630667 1.663983 -0.670936
v -0.844110 1.717422 -0.266845
v -0.866255 1.633358 -0.361821
v -0.868232 1.601537 -0.211796
v -0.540407 1.583387 0.145361
v -0.608891 1.511828 0.063332
v -0.472574 1.489249 0.084130
v -0.006420 1.532195 -0.026144
v -0.106527 1.437406 -0.010504
v -0.036747 1.457935 -0.143090
v -0.064581 1.651900 -0.561954
v -0.048575 1.537751 -0.516956
v -0.140683 1.576037 -0.621202
v -0.474873 1.482332 -0.614533
v -0.522548 1.396215 -0.531549
v -0.605891 1.487749 -0.576026
v -0.737323 1.467098 -0.393582
v -0.654294 1.375536 -0.342747
v -0.735488 1.437424 -0.255780
v -0.586579 1.397087 -0.095485
v -0.508139 1.339582 -0.174671
v -0.456357 1.398458 -0.085278
v -0.259486 1.422193 -0.579747
v -0.155777 1.365861 -0.483840
v -0.300859 1.337124 -0.480928
v -0.252290 1.333010 -0.127422
v -0.290076 1.270567 -0.244898
v -0.165611 1.334550 -0.242104
v -0.021866 1.455026 0.596534
v -0.426230 1.524441 0.722111
v -0.253406 1.535565 0.321354
v 0.156663 1.597767 0.255914
v 0.268137 1.700020 0.659714
v -0.043071 1.652171 0.980345
v -0.445525 1.790018 0.443961
v -0.132527 1.831536 0.152942
v 0.209612 1.941034 0.400242
v 0.100487 1.987790 0.818288
v -0.341137 1.895823 0.854079
v -0.162129 2.057299 0.503277
v -0.209849 1.488091 0.368831
v -0.147561 1.455152 0.441364
v -0.080034 1.441954 0.522984
v -0.112952 1.422017 0.636332
v -0.235299 1.419278 0.679945
v -0.362619 1.447580 0.717960
v -0.419104 1.494658 0.612803
v -0.399845 1.468866 0.485211
v -0.327109 1.493958 0.379164
v -0.144389 1.607800 0.950917
v -0.254310 1.567790 0.889183
v -0.367200 1.527914 0.821324
v -0.014611 1.450976 0.703011
v -0.016272 1.491393 0.826744
v -0.027082 1.567117 0.929463
v 0.138956 1.528918 0.317324
v 0.074072 1.503621 0.427692
v 0.024558 1.473305 0.517477
v -0.168877 1.532339 0.285582
v -0.062102 1.546845 0.266195
v 0.050499 1.569055 0.255350
v 0.208086 1.631551 0.648174
v 0.133417 1.564807 0.632226
v 0.062451 1.491582 0.617920
v 0.229771 1.606272 0.334416
v 0.261072 1.636971 0.454122
v 0.273022 1.669727 0.566761
v 0.219100 1.685597 0.743011
v 0.152798 1.669252 0.840612
v 0.059580 1.656583 0.928730
v -0.421337 1.818733 0.881065
v -0.448996 1.706466 0.842855
v -0.442056 1.604901 0.780494
v -0.120024 1.715351 0.945708
v -0.204863 1.779578 0.947843
v -0.291337 1.848320 0.925672
v -0.425824 1.721179 0.397840
v -0.399522 1.640968 0.345442
v -0.344690 1.563945 0.306996
v -0.515762 1.562849 0.666982
v -0.496680 1.654026 0.575905
v -0.484039 1.729295 0.500183
v -0.057326 1.776328 0.138238
v 0.021184 1.712086 0.171974
v 0.100684 1.647936 0.199431
v -0.238352 1.588980 0.260817
v -0.214183 1.661045 0.196347
v -0.179679 1.749334 0.139182
v 0.290322 1.907454 0.448859
v 0.286140 1.829108 0.529219
v 0.273911 1.759673 0.598973
v 0.219799 1.676522 0.244691
v 0.230442 1.779489 0.292539
v 0.237786 1.875213 0.339240
v 0.073609 1.916029 0.869957
v 0.035617 1.829366 0.907688
v -0.005720 1.741194 0.934117
v 0.255975 1.769683 0.709507
v 0.244086 1.857117 0.773357
v 0.196579 1.948091 0.825692
v -0.430124 1.893304 0.783451
v -0.450558 1.856534 0.652071
v -0.464535 1.823129 0.535943
v -0.397805 1.804597 0.360311
v -0.336950 1.822631 0.256294
v -0.229689 1.828447 0.196620
v -0.034603 1.882062 0.153362
v 0.066108 1.912373 0.233200
v 0.170142 1.948069 0.299590
v 0.237764 1.993670 0.490893
v 0.232720 2.031787 0.620531
v 0.173339 2.022763 0.742265
v 0.005036 1.998069 0.867899
v -0.120036 1.967252 0.871409
v -0.247730 1.944296 0.886807
v -0.248051 2.009912 0.482366
v -0.333386 1.942504 0.463368
v -0.405251 1.865662 0.449115
v -0.327635 1.970611 0.795995
v -0.275750 2.020322 0.692846
v -0.222296 2.061965 0.591415
v -0.160982 2.026448 0.406809
v -0.156835 1.978918 0.298080
v -0.143098 1.898357 0.226305
v -0.066255 2.063270 0.468196
v 0.041860 2.038352 0.436124
v 0.142651 1.997859 0.410311
v -0.099829 2.081034 0.583345
v -0.019401 2.094353 0.684412
v 0.050023 2.042729 0.763274
v -0.152019 2.062233 0.691312
v -0.207926 2.018466 0.806261
v -0.070466 2.045113 0.794678
v 0.019768 2.086397 0.553739
v 0.103359 2.062439 0.652712
v 0.142019 2.050850 0.519921
v -0.053594 2.028527 0.354566
v 0.064610 1.994168 0.320345
v -0.043001 1.959418 0.246446
v -0.262833 1.979505 0.368619
v -0.259353 1.914316 0.254475
v -0.353089 1.895487 0.350699
v -0.300143 1.973044 0.571680
v -0.392730 1.902979 0.553805
v -0.391613 1.957038 0.684411
v -0.162981 1.874873 0.912759
v -0.079299 1.813435 0.977643
v -0.038917 1.898785 0.896003
v 0.268248 1.957591 0.714251
v 0.281654 1.846900 0.650873
v 0.300627 1.941001 0.572968
v 0.180698 1.859699 0.223464
v 0.145518 1.745111 0.198251
v 0.064459 1.820673 0.145925
v -0.280487 1.738734 0.212662
v -0.336842 1.637988 0.231928
v -0.384997 1.727756 0.288433
v -0.499382 1.756738 0.618489
v -0.493782 1.675478 0.710093
v -0.491638 1.790712 0.763839
v 0.151316 1.849342 0.862676
v 0.119162 1.752073 0.921658
v 0.229112 1.763814 0.835246
v 0.303303 1.812740 0.397700
v 0.275931 1.734748 0.492021
v 0.299877 1.700973 0.346208
v -0.099487 1.677207 0.128216
v -0.012603 1.609589 0.174445
v -0.139381 1.593110 0.210983
v -0.469123 1.640957 0.450055
v -0.424729 1.545918 0.399154
v -0.465330 1.556324 0.531040
v -0.345954 1.745111 0.937453
v -0.373566 1.624576 0.896802
v -0.240260 1.671045 0.949274
v 0.091202 1.565256 0.867461
v 0.078159 1.518594 0.728465
v 0.173442 1.595191 0.751925
v 0.185977 1.601767 0.549629
v 0.116411 1.522460 0.532018
v 0.163946 1.567421 0.440275
v 0.019315 1.494278 0.317953
v -0.037494 1.482023 0.435723
v -0.104916 1.499959 0.352994
v -0.137893 1.521358 0.870238
v -0.256514 1.474944 0.802491
v -0.128146 1.438825 0.764568
v -0.268546 1.450270 0.457686
v -0.192335 1.423458 0.549617
v -0.343501 1.409473 0.586412
v 0.046660 1.640119 0.100173
v 0.307266 1.888355 -0.173862
v 0.467659 1.834060 0.232617
v 0.088018 1.901329 0.511440
v -0.311489 1.970297 0.226097
v -0.174124 1.928492 -0.289401
v 0.589527 2.159348 -0.028530
v 0.415341 2.190024 0.474409
v -0.095174 2.279013 0.444872
v -0.248001 2.315187 -0.042643
v 0.162561 2.202671 -0.254288
v 0.204122 2.458934 0.103580
v 0.400596 1.765755 0.213831
v 0.293000 1.711545 0.180270
v 0.172480 1.647594 0.142876
v 0.129490 1.652485 -0.003735
v 0.216519 1.712577 -0.101011
v 0.278306 1.803522 -0.157875
v 0.383597 1.841238 -0.117459
v 0.441208 1.816430 -0.005628
v 0.446940 1.831909 0.121087
v -0.042770 1.896401 -0.300220
v 0.099810 1.872491 -0.290081
v 0.225186 1.873228 -0.237574
v -0.039683 1.634439 -0.020448
v -0.117263 1.708761 -0.150104
v -0.141527 1.838605 -0.219211
v 0.076618 1.833475 0.434940
v 0.063276 1.753834 0.343407
v 0.053444 1.689257 0.223617
v 0.372828 1.852147 0.299362
v 0.284016 1.862695 0.376317
v 0.188649 1.872495 0.462401
v -0.310936 1.855427 0.218931
v -0.227492 1.735109 0.186947
v -0.079763 1.674079 0.139588
v -0.016251 1.909076 0.463691
v -0.174326 1.897965 0.450876
v -0.286422 1.926496 0.346886
v -0.383449 1.934578 0.107257
v -0.311383 1.930804 -0.040633
v -0.254865 1.923798 -0.183926
v 0.210544 2.131283 -0.284832
v 0.255356 2.039518 -0.269636
v 0.295857 1.948894 -0.242505
v -0.086666 2.008789 -0.309452
v 0.007902 2.087249 -0.304247
v 0.094731 2.148998 -0.266392
v 0.640686 2.071303 0.031729
v 0.630189 1.965845 0.112798
v 0.557281 1.881586 0.185565
v 0.386856 1.931810 -0.167915
v 0.464046 1.998829 -0.135707
v 0.542771 2.078266 -0.091075
v 0.341074 2.115843 0.510710
v 0.254845 2.036283 0.531738
v 0.166079 1.962813 0.526283
v 0.471220 1.907958 0.296276
v 0.496521 1.990408 0.387213
v 0.460745 2.095436 0.439567
v -0.186767 2.221256 0.429792
v -0.276008 2.138968 0.387446
v -0.335627 2.044857 0.317555
v 0.036418 1.986361 0.529890
v -0.022145 2.089518 0.539244
v -0.074441 2.199308 0.516803
v -0.254116 2.234415 -0.114300
v -0.242815 2.134966 -0.184946
v -0.201594 2.029871 -0.232273
v -0.377988 2.053788 0.171183
v -0.327653 2.150129 0.092075
v -0.309279 2.246657 0.016784
v 0.268093 2.211719 -0.249980
v 0.400999 2.211169 -0.213422
v 0.525925 2.193137 -0.133409
v 0.619836 2.185546 0.096806
v 0.615926 2.208790 0.260324
v 0.493844 2.195091 0.375250
v 0.282531 2.212994 0.466362
v 0.158284 2.268234 0.526445
v 0.017823 2.276557 0.485946
v -0.174888 2.324449 0.361693
v -0.238188 2.349964 0.227596
v -0.260708 2.343314 0.078599
v -0.181399 2.328073 -0.147358
v -0.058856 2.301441 -0.226243
v 0.067614 2.250922 -0.255591
v 0.326299 2.433627 0.065947
v 0.453572 2.362516 0.024016
v 0.554185 2.263638 -0.011732
v 0.179691 2.293923 -0.234607
v 0.192876 2.372979 -0.140986
v 0.203452 2.441377 -0.021602
v 0.274858 2.437933 0.209271
v 0.339761 2.368208 0.319762
v 0.401500 2.289862 0.428086
v 0.126302 2.465916 0.205903
v 0.035411 2.427541 0.313656
v -0.053098 2.374057 0.414515
v 0.081484 2.494145 0.059330
v -0.062915 2.468012 0.011407
v -0.175582 2.392678 -0.022589
v 0.068837 2.448359 -0.084963
v 0.065729 2.347178 -0.193421
v -0.057879 2.374828 -0.111314
v -0.018666 2.464504 0.169732
v -0.162915 2.420414 0.122698
v -0.117452 2.413020 0.283313
v 0.192089 2.422107 0.332254
v 0.096786 2.350527 0.423825
v 0.248504 2.317565 0.422794
v 0.411003 2.383011 0.179250
v 0.476143 2.297263 0.295199
v 0.564702 2.306850 0.140807
v 0.330769 2.392858 -0.076765
v 0.437453 2.291160 -0.109396
v 0.307061 2.306352 -0.194242
v -0.035966 2.198950 -0.297052
v -0.130423 2.113737 -0.277203
v -0.156337 2.221776 -0.212118
v -0.304746 2.254294 0.159393
v -0.313079 2.146721 0.237325
v -0.276560 2.252764 0.318464
v 0.068425 2.169087 0.508183
v 0.118251 2.062486 0.547185
v 0.203262 2.140236 0.498643
v 0.580319 2.091942 0.345089
v 0.570296 1.976754 0.259010
v 0.642214 2.082317 0.186166
v 0.457775 2.101765 -0.193360
v 0.347791 2.021422 -0.192608
v 0.324989 2.118899 -0.249282
v -0.295055 2.144444 -0.048235
v -0.295732 2.034906 -0.125738
v -0.357859 2.043757 0.022377
v -0.145538 2.113543 0.468143
v -0.231662 2.019675 0.423764
v -0.106667 1.995355 0.519864
v 0.369729 2.014501 0.456902
v 0.282296 1.933882 0.477933
v 0.382945 1.919538 0.383758
v 0.573531 1.977355 -0.034902
v 0.516025 1.890402 0.050377
v 0.464033 1.904338 -0.078040
v 0.135961 2.062486 -0.271426
v 0.185671 1.958880 -0.292907
v 0.051535 1.983736 -0.299882
v -0.248261 1.808910 -0.106813
v -0.177711 1.716519 0.018474
v -0.319513 1.812206 0.062113
v -0.207799 1.814522 0.331084
v -0.087672 1.711482 0.291786
v -0.065540 1.799231 0.421652
v 0.184645 1.802495 0.371656
v 0.178822 1.729607 0.263158
v 0.304982 1.764712 0.305230
v -0.001751 1.788347 -0.242909
v 0.159847 1.766429 -0.228923
v 0.057577 1.668695 -0.150278
v 0.379101 1.753275 0.083990
v 0.256421 1.709879 0.042462
v 0.345697 1.751276 -0.059104
v -0.036629 1.718943 0.189801
v -0.060448 1.927931 -0.169989
v 0.292740 1.909206 0.017852
v 0.242525 1.946763 0.429769
v -0.188934 1.994062 0.501166
v -0.353863 1.983764 0.103771
v 0.180738 2.182233 -0.172236
v 0.409910 2.214943 0.205626
v 0.072827 2.271679 0.504109
v -0.331069 2.302464 0.305411
v -0.239119 2.238528 -0.130244
v 0.038677 2.425899 0.116942
v 0.262791 1.828094 0.036713
v 0.169934 1.777859 0.085018
v 0.070042 1.714590 0.137449
v -0.053000 1.717198 0.071178
v -0.065475 1.758433 -0.056889
v -0.062580 1.858069 -0.123816
v 0.029035 1.913594 -0.138893
v 0.137332 1.885584 -0.119585
v 0.237687 1.884296 -0.059277
v -0.315656 1.953673 0.018759
v -0.239710 1.932928 -0.065713
v -0.152394 1.919423 -0.140453
v -0.165218 1.709645 0.169063
v -0.280477 1.788568 0.139902
v -0.327423 1.902264 0.118143
v 0.211997 1.859771 0.416758
v 0.136281 1.786683 0.354079
v 0.049357 1.710870 0.280395
v 0.314641 1.896966 0.111023
v 0.307392 1.903230 0.225965
v 0.301038 1.909098 0.351582
v -0.173414 1.909909 0.464039
v -0.138604 1.821292 0.390399
v -0.093725 1.733373 0.297991
v 0.166684 1.929657 0.510369
v 0.038807 1.936342 0.551163
v -0.090040 1.965275 0.532842
v -0.284630 1.969320 0.448398
v -0.352309 1.960042 0.333188
v -0.392891 1.960433 0.207695
v -0.202178 2.159245 -0.156886
v -0.151356 2.075962 -0.161998
v -0.110132 1.993862 -0.183932
v -0.361107 2.039652 0.036994
v -0.347392 2.109830 -0.035990
v -0.283151 2.176037 -0.080409
v 0.251751 2.116430 -0.179852
v 0.282494 2.034184 -0.118953
v 0.302486 1.959369 -0.053880
v -0.002075 1.984178 -0.188145
v 0.062640 2.049366 -0.198871
v 0.126678 2.118596 -0.193788
v 0.393993 2.147784 0.274141
v 0.367742 2.073053 0.346314
v 0.290011 2.007374 0.383710
v 0.379724 1.955057 0.041887
v 0.423614 2.041107 0.094088
v 0.434173 2.135107 0.153333
v 0.009036 2.215768 0.542419
v -0.070964 2.144580 0.586905
v -0.141925 2.060371 0.556368
v 0.223809 2.019289 0.482841
v 0.176060 2.109551 0.502337
v 0.130711 2.202208 0.529331
v -0.344664 2.218068 0.252464
v -0.414272 2.142123 0.208228
v -0.387300 2.052593 0.149599
v -0.237508 2.067980 0.471856
v -0.285834 2.151391 0.430908
v -0.315679 2.232811 0.369906
v -0.145148 2.238732 -0.173918
v -0.028974 2.231357 -0.207495
v 0.092534 2.213332 -0.215007
v 0.281186 2.210196 -0.135718
v 0.347777 2.219599 -0.024962
v 0.394294 2.221595 0.095732
v 0.359385 2.246213 0.299612
v 0.249735 2.253202 0.371901
v 0.160161 2.265951 0.446184
v -0.026445 2.294658 0.481773
v -0.137065 2.307107 0.434262
v -0.256371 2.321305 0.384347
v -0.322601 2.295487 0.193555
v -0.311270 2.286613 0.074318
v -0.276381 2.263182 -0.036417
v 0.090944 2.417072 0.018323
v 0.145927 2.364506 -0.089584
v 0.184135 2.278386 -0.169341
v -0.200733 2.318190 -0.107549
v -0.126980 2.389773 -0.046578
v -0.036171 2.415040 0.041895
v 0.139953 2.402573 0.136989
v 0.262796 2.369531 0.161880
v 0.360250 2.296631 0.187284
v 0.052721 2.423298 0.222339
v 0.068491 2.409809 0.350035
v 0.071567 2.335545 0.438339
v -0.059865 2.446491 0.164467
v -0.171514 2.420350 0.220815
v -0.247580 2.346344 0.262045
v -0.150736 2.408035 0.086901
v -0.252496 2.366027 0.000225
v -0.259121 2.364946 0.143465
v -0.050228 2.405557 0.281294
v -0.158862 2.370396 0.338444
v -0.042079 2.374417 0.411028
v 0.163513 2.385706 0.254539
v 0.168167 2.330821 0.365696
v 0.268669 2.318508 0.279985
v 0.211765 2.376049 0.034159
v 0.332446 2.311152 0.059714
v 0.252301 2.292100 -0.058554
v 0.008011 2.399716 -0.084995
v 0.059022 2.315720 -0.183907
v -0.083548 2.328025 -0.157551
v -0.325669 2.197018 0.020605
v -0.375349 2.125071 0.082996
v -0.398048 2.229317 0.137907
v -0.235188 2.245099 0.464207
v -0.178283 2.146635 0.495923
v -0.108592 2.233614 0.516357
v 0.230045 2.188988 0.459874
v 0.288639 2.091806 0.446514
v 0.308462 2.166446 0.360643
v 0.395661 2.131109 0.031710
v 0.378237 2.033096 -0.030547
v 0.348502 2.126233 -0.099322
v 0.019785 2.134479 -0.202818
v -0.049428 2.060522 -0.206448
v -0.102690 2.152267 -0.209941
v -0.373147 2.150686 0.333821
v -0.377804 2.053672 0.267477
v -0.340668 2.057544 0.400867
v 0.061861 2.126815 0.551819
v -0.015777 2.043591 0.551569
v 0.113307 2.028807 0.527853
v 0.405044 2.056474 0.224000
v 0.332018 1.986539 0.282210
v 0.365062 1.967720 0.163525
v 0.170773 2.041114 -0.167174
v 0.202873 1.963277 -0.110924
v 0.108204 1.958334 -0.192156
v -0.241803 2.091806 -0.101743
v -0.211792 1.999795 -0.140711
v -0.303120 2.016961 -0.058468
v -0.318009 1.877961 0.240734
v -0.234975 1.767536 0.285096
v -0.249618 1.888704 0.364244
v -0.056301 1.854051 0.507379
v -0.001738 1.789888 0.383143
v 0.088255 1.859596 0.455056
v 0.247110 1.829992 0.295684
v 0.160016 1.769200 0.217146
v 0.274954 1.808609 0.159574
v -0.263112 1.864574 0.022462
v -0.174882 1.834124 -0.079688
v -0.168002 1.778367 0.041349
v 0.166415 1.810850 -0.037286
v 0.060306 1.755100 0.011948
v 0.045067 1.829144 -0.089953
v 0.051654 1.540376 0.155735
v -0.168025 1.706577 -0.150300
v 0.295701 1.661172 -0.213991
v 0.474596 1.701338 0.259582
v 0.070409 1.763550 0.506759
v -0.253576 1.763050 0.247396
v 0.051350 1.997437 -0.304895
v 0.424871 2.003024 -0.022935
v 0.314090 2.059389 0.421779
v -0.155654 2.071980 0.432995
v -0.334480 2.040285 -0.009987
v 0.073026 2.275072 0.081333
v 0.240234 1.610460 -0.128609
v 0.180375 1.557456 -0.036568
v 0.112476 1.529422 0.065974
v -0.007480 1.569137 0.075573
v -0.077366 1.588137 -0.017086
v -0.139366 1.636013 -0.103594
v -0.088225 1.664539 -0.215872
v 0.041910 1.645100 -0.244433
v 0.182106 1.641581 -0.247398
v -0.263345 1.737443 0.158426
v -0.259258 1.712822 0.047519
v -0.228972 1.698798 -0.068253
v -0.037794 1.584643 0.184498
v -0.141137 1.620232 0.219139
v -0.187012 1.710602 0.227759
v 0.391181 1.631089 0.243322
v 0.275810 1.575595 0.216264
v 0.149151 1.565760 0.180959
v 0.355977 1.659385 -0.109524
v 0.424580 1.657111 0.008513
v 0.464293 1.673792 0.141565
v 0.066391 1.683995 0.462901
v 0.061018 1.608287 0.373965
v 0.056209 1.587234 0.248236
v 0.377453 1.710352 0.340156
v 0.278817 1.719058 0.423563
v 0.176908 1.728428 0.508398
v -0.026679 1.750982 0.471315
v -0.111376 1.756139 0.385511
v -0.204962 1.751350 0.326403
v -0.364974 1.964469 -0.085850
v -0.307097 1.860063 -0.126016
v -0.224963 1.775357 -0.135952
v -0.328490 1.811801 0.205991
v -0.362325 1.888184 0.135811
v -0.350820 1.967451 0.060020
v 0.115840 1.920100 -0.325116
v 0.186198 1.826813 -0.312643
v 0.255855 1.730672 -0.285635
v -0.138245 1.761430 -0.220218
v -0.085562 1.838115 -0.279103
v -0.017416 1.923372 -0.310905
v 0.478584 1.941495 0.031916
v 0.525090 1.859419 0.106683
v 0.534659 1.767666 0.192959
v 0.361134 1.740649 -0.193934
v 0.415006 1.836362 -0.152625
v 0.450662 1.933011 -0.098015
v 0.270695 1.992966 0.480660
v 0.206611 1.910366 0.518282
v 0.134873 1.828812 0.525668
v 0.460143 1.790254 0.316219
v 0.432235 1.888932 0.371432
v 0.360777 1.978067 0.391528
v -0.204501 1.993125 0.402035
v -0.270152 1.910158 0.379268
v -0.269466 1.824683 0.308801
v 0.011433 1.832596 0.531754
v -0.044994 1.915043 0.492187
v -0.121250 2.009460 0.504586
v -0.286529 2.055068 -0.118321
v -0.192037 2.055544 -0.229650
v -0.064005 2.032910 -0.297511
v 0.153922 2.004226 -0.245358
v 0.264937 2.013868 -0.188729
v 0.355106 2.010215 -0.103635
v 0.439707 2.034080 0.079351
v 0.415554 2.052992 0.204072
v 0.367297 2.059529 0.322264
v 0.218192 2.094496 0.475986
v 0.081960 2.117065 0.509426
v -0.056427 2.101658 0.482227
v -0.232726 2.089145 0.352933
v -0.283108 2.080583 0.229447
v -0.311854 2.060320 0.103691
v 0.067865 2.235630 -0.036962
v 0.061761 2.166652 -0.154817
v 0.055769 2.087086 -0.258807
v -0.286312 2.131001 -0.006095
v -0.190038 2.224833 0.011273
v -0.051174 2.270242 0.046185
v 0.188426 2.245761 0.041705
v 0.299841 2.173810 0.007402
v 0.347290 2.063059 0.000051
v 0.148319 2.260005 0.180411
v 0.224950 2.212027 0.285778
v 0.275600 2.128911 0.362554
v 0.002053 2.274943 0.186824
v -0.074931 2.237527 0.303413
v -0.125200 2.149821 0.383216
v -0.143863 2.254448 0.162673
v -0.274458 2.177356 0.130317
v -0.189510 2.158350 0.266259
v 0.079100 2.239252 0.301672
v 0.003411 2.183564 0.414915
v 0.164499 2.198041 0.428291
v 0.279628 2.219182 0.146807
v 0.325342 2.128082 0.242654
v 0.342252 2.096689 0.110615
v 0.187764 2.186347 -0.084043
v 0.279448 2.087649 -0.093833
v 0.171121 2.089972 -0.178327
v -0.060899 2.202630 -0.081132
v -0.069139 2.127292 -0.210426
v -0.195632 2.143064 -0.116132
v -0.333866 1.985805 0.183518
v -0.315038 1.899141 0.257586
v -0.276898 1.993849 0.306032
v 0.008696 2.012530 0.521570
v 0.075689 1.914223 0.518755
v 0.154280 2.016120 0.541036
v 0.433986 1.975668 0.290454
v 0.511477 1.874451 0.251198
v 0.480992 1.963000 0.158551
v 0.345981 1.930015 -0.180590
v 0.317437 1.828729 -0.256016
v 0.226981 1.924190 -0.247560
v -0.140354 1.940790 -0.266508
v -0.214289 1.846896 -0.229365
v -0.281302 1.959657 -0.202118
v -0.156640 1.913377 0.443661
v -0.179237 1.827475 0.377631
v -0.102590 1.825205 0.487692
v 0.314838 1.899786 0.444889
v 0.261098 1.808768 0.506464
v 0.394994 1.791494 0.437366
v 0.479612 1.847016 -0.028858
v 0.526172 1.743497 0.049444
v 0.444369 1.739265 -0.086572
v 0.046311 1.832610 -0.295584
v 0.115868 1.731599 -0.291573
v -0.025390 1.742151 -0.269507
v -0.356417 1.874450 0.001891
v -0.291861 1.778498 -0.037880
v -0.334548 1.790902 0.087326
v -0.138724 1.678830 0.319853
v -0.038115 1.628945 0.284012
v -0.034479 1.686221 0.384115
v 0.179951 1.644728 0.423845
v 0.162901 1.601944 0.290495
v 0.305312 1.619492 0.347838
v 0.371294 1.594914 0.114139
v 0.225702 1.570192 0.089260
v 0.308363 1.594955 -0.020213
v -0.198806 1.668592 0.132360
v -0.179961 1.642569 0.011507
v -0.109396 1.604724 0.102418
v 0.112761 1.600387 -0.137884
v 0.046389 1.566121 -0.030037
v -0.021726 1.613706 -0.124980
vn 0.6931 -0.4259 -0.5816
vn 0.9539 0.3001 -0.0000
vn 0.9048 -0.4259 -0.0000
vn 0.1656 0.3001 -0.9394
vn 0.7307 0.3001 -0.6132
vn -0.4524 -0.4259 -0.7836
vn 0.1571 -0.4259 -0.8910
vn -0.8502 -0.4259 -0.3094
vn -0.4770 0.3001 -0.8261
vn -0.8502 -0.4259 0.3095
vn -0.8964 0.3001 -0.3263
vn -0.4524 -0.4259 0.7836
vn -0.8964 0.3001 0.3263
vn 0.1571 -0.4259 0.8910
vn -0.4769 0.3001 0.8261
vn 0.6931 -0.4259 0.5816
vn 0.1656 0.3001 0.9394
vn 0.7307 0.3001 0.6132
vn 0.9980 0.0628 -0.0000
vn 0.7645 0.0628 -0.6415
vn 0.1733 0.0628 -0.9829
vn -0.4990 0.0628 -0.8643
vn -0.9378 0.0628 -0.3413
vn -0.9378 0.0628 0.3414
vn -0.4990 0.0628 0.8643
vn 0.1733 0.0628 0.9829
vn 0.7645 0.0628 0.6415
vn 0.7412 0.6712 -0.0000
vn 0.1287 0.6712 -0.7300
vn 0.5678 0.6712 -0.4765
vn -0.3706 0.6712 -0.6419
vn -0.6965 0.6712 -0.2535
vn -0.6965 0.6712 0.2535
vn -0.3706 0.6712 0.6419
vn 0.5678 0.6713 0.4765
vn 0.1287 0.6712 0.7300
vn -0.5973 -0.7816 -0.1799
vn 0.1799 0.0880 -0.9797
vn 0.5973 0.7816 0.1799
vn -0.1799 -0.0880 0.9797
vn 0.7816 -0.6176 0.0880
vn -0.7816 0.6176 -0.0880
vn 0.4758 -0.7043 0.5268
vn -0.5268 -0.7078 -0.4706
vn -0.4758 0.7043 -0.5268
vn 0.5268 0.7078 0.4706
vn 0.7043 -0.0536 -0.7078
vn -0.7043 0.0536 0.7078
vn 0.3422 -0.7331 -0.5878
vn 0.5878 0.6551 -0.4747
vn -0.3422 0.7331 0.5878
vn -0.5878 -0.6551 0.4747
vn 0.7331 -0.1830 0.6551
vn -0.7331 0.1830 -0.6551
vn 0.0613 -0.9835 0.1700
vn -0.1420 -0.9894 -0.0296
vn 0.1438 -0.9776 -0.1538
vn -0.7254 -0.5132 -0.4588
vn -0.6724 -0.6475 -0.3587
vn -0.8515 -0.4976 -0.1657
vn 0.3027 -0.9525 0.0322
vn 0.0432 -0.9557 0.2912
vn -0.1676 -0.9473 0.2730
vn -0.8071 -0.4681 -0.3600
vn 0.2345 -0.6551 -0.7182
vn -0.0408 -0.6670 -0.7439
vn 0.0832 -0.5820 -0.8089
vn 0.7773 -0.6287 0.0238
vn 0.7442 -0.6602 -0.1014
vn 0.8429 -0.5014 -0.1952
vn 0.1377 -0.5601 0.8169
vn 0.4809 -0.6200 0.6200
vn 0.4311 -0.3158 0.8452
vn -0.6864 -0.4662 0.5581
vn -0.5287 -0.4244 0.7351
vn -0.6491 -0.2275 0.7259
vn -0.6272 -0.3634 -0.6889
vn 0.4639 -0.5267 -0.7123
vn 0.8125 -0.5820 0.0332
vn 0.0355 -0.2792 0.9596
vn -0.7782 -0.3348 0.5313
vn -0.2608 0.5482 -0.7947
vn -0.3802 0.5991 -0.7047
vn -0.2491 0.7880 -0.5630
vn 0.5902 0.6668 -0.4550
vn 0.4856 0.6016 -0.6342
vn 0.5221 0.7550 -0.3967
vn 0.5839 0.7493 0.3124
vn 0.6696 0.7372 0.0905
vn 0.3186 0.9236 0.2133
vn -0.4180 0.6578 0.6266
vn -0.1929 0.7530 0.6292
vn -0.3434 0.8698 0.3544
vn -0.8928 0.4480 0.0466
vn -0.7257 0.6305 0.2755
vn -0.4748 0.8793 -0.0363
vn -0.1563 0.9855 -0.0664
vn -0.0785 0.9968 0.0143
vn -0.0793 0.9963 -0.0345
vn -0.2302 0.9716 -0.0554
vn -0.2381 0.9648 0.1119
vn -0.3221 0.9229 0.2109
vn -0.2238 0.9506 0.2153
vn -0.3375 0.8858 0.3186
vn -0.4776 0.7601 0.4406
vn -0.4155 0.7821 0.4644
vn 0.0750 0.9972 -0.0029
vn 0.0219 0.9928 0.1175
vn -0.0444 0.9490 0.3122
vn 0.1500 0.9864 0.0678
vn 0.1436 0.9613 0.2352
vn 0.1411 0.8046 0.5768
vn 0.3535 0.7975 0.4889
vn 0.1151 0.9822 -0.1485
vn 0.2010 0.9714 -0.1262
vn 0.4009 0.9147 -0.0515
vn 0.3013 0.9170 -0.2614
vn 0.4427 0.8285 -0.3428
vn 0.7165 0.6296 -0.3005
vn 0.6613 0.6448 -0.3834
vn -0.1156 0.9689 -0.2186
vn 0.0367 0.9625 -0.2688
vn 0.3665 0.8028 -0.4704
vn -0.1596 0.9377 -0.3087
vn 0.0104 0.8231 -0.5678
vn 0.3257 0.5412 -0.7753
vn -0.0641 0.5538 -0.8302
vn -0.1851 0.9594 -0.2129
vn -0.2468 0.8885 -0.3869
vn -0.3487 0.8997 -0.2626
vn -0.5846 0.6529 -0.4817
vn -0.7227 0.6204 -0.3046
vn -0.9415 0.2555 0.2196
vn -0.8953 -0.0541 0.4422
vn -0.8355 0.2700 0.4785
vn -0.7388 -0.0909 0.6678
vn -0.6533 0.2846 0.7016
vn -0.6245 -0.0933 0.7754
vn -0.5362 0.2788 0.7967
vn -0.3415 0.2736 0.8992
vn -0.1953 0.0626 0.9788
vn 0.0084 0.4039 0.9148
vn 0.2278 0.0210 0.9735
vn 0.3499 0.4168 0.8390
vn 0.5368 -0.0738 0.8405
vn 0.6284 0.3638 0.6875
vn 0.9387 0.2105 0.2732
vn 0.9579 -0.2645 0.1116
vn 0.9822 0.1841 -0.0363
vn 0.9467 -0.2769 -0.1646
vn 0.9096 0.1715 -0.3784
vn 0.9089 -0.2156 -0.3569
vn 0.9067 0.0986 -0.4100
vn 0.7170 0.2004 -0.6677
vn 0.6710 -0.1650 -0.7228
vn 0.4219 0.3361 -0.8420
vn 0.3557 -0.1304 -0.9255
vn 0.2134 0.3153 -0.9247
vn -0.0675 -0.2220 -0.9727
vn -0.2557 0.2203 -0.9413
vn -0.4709 0.0887 -0.8777
vn -0.5930 -0.3103 -0.7430
vn -0.7011 0.0612 -0.7104
vn -0.7347 -0.2124 -0.6443
vn -0.8507 0.1866 -0.4913
vn -0.9250 -0.2384 -0.2960
vn -0.9651 0.2287 -0.1277
vn -0.4978 0.0132 0.8672
vn -0.5780 -0.3061 0.7564
vn -0.3279 -0.2812 0.9019
vn -0.3881 -0.5733 0.7216
vn -0.1122 -0.6808 0.7238
vn 0.8486 -0.1943 0.4920
vn 0.6476 -0.4551 0.6111
vn 0.8360 -0.5156 0.1879
vn 0.6840 -0.6654 0.2989
vn 0.7736 -0.6332 0.0255
vn 0.8612 -0.2694 -0.4310
vn 0.8678 -0.3730 -0.3283
vn 0.7197 -0.4857 -0.4960
vn 0.6365 -0.7084 -0.3051
vn 0.5478 -0.6909 -0.4719
vn -0.4452 -0.3222 -0.8354
vn -0.2361 -0.5526 -0.7993
vn -0.4815 -0.3909 -0.7845
vn -0.2493 -0.5824 -0.7737
vn -0.5488 -0.4875 -0.6790
vn -0.9884 -0.1466 0.0403
vn -0.8680 -0.4863 -0.1006
vn -0.8381 -0.4992 0.2200
vn -0.8190 -0.5680 0.0808
vn -0.7272 -0.5998 0.3338
vn -0.6487 -0.6284 0.4293
vn -0.4283 -0.8597 0.2784
vn -0.3903 -0.6371 0.6647
vn -0.0681 -0.9128 0.4028
vn -0.0733 -0.7463 0.6616
vn 0.0416 -0.8714 0.4888
vn 0.0454 -0.8030 0.5942
vn 0.3710 -0.8136 0.4477
vn 0.2954 -0.9370 0.1864
vn 0.6875 -0.7186 0.1049
vn 0.5122 -0.8571 -0.0546
vn 0.7605 -0.6489 -0.0244
vn 0.6007 -0.7839 -0.1569
vn 0.4301 -0.8948 -0.1198
vn 0.5234 -0.8007 -0.2914
vn 0.1809 -0.9402 -0.2888
vn 0.2420 -0.7753 -0.5834
vn -0.6461 -0.7122 0.2744
vn -0.6804 -0.7324 0.0252
vn -0.4265 -0.8814 0.2030
vn -0.3517 -0.9221 -0.1612
vn -0.0537 -0.8312 -0.5534
vn -0.0435 -0.9525 -0.3015
vn -0.2736 -0.8208 -0.5014
vn 0.0102 -0.9987 0.0493
vn -0.2425 -0.9526 -0.1837
vn -0.0382 -0.9973 -0.0622
vn -0.2836 -0.8111 -0.5116
vn -0.3032 -0.8208 -0.4842
vn -0.3951 -0.7849 -0.4773
vn 0.0296 -0.9864 0.1618
vn -0.0586 -0.9238 0.3785
vn -0.3926 -0.9157 0.0853
vn -0.4059 -0.6970 -0.5912
vn 0.2481 -0.6454 -0.7224
vn -0.0703 -0.7348 -0.6746
vn 0.1341 -0.4573 -0.8792
vn 0.7086 -0.6411 0.2947
vn 0.5709 -0.8196 0.0483
vn 0.7804 -0.5774 0.2400
vn -0.2964 -0.3146 0.9018
vn 0.0205 -0.4477 0.8940
vn -0.1882 -0.0984 0.9772
vn -0.6430 -0.6611 0.3867
vn -0.5497 -0.5766 0.6045
vn -0.7132 -0.3645 0.5987
vn -0.1719 -0.5988 -0.7822
vn 0.5298 -0.4333 -0.7291
vn 0.7314 -0.3542 0.5828
vn -0.4207 -0.1004 0.9016
vn -0.8267 -0.4880 0.2799
vn 0.2604 0.1855 -0.9475
vn 0.1091 0.2382 -0.9651
vn 0.3464 0.4337 -0.8318
vn 0.5009 0.6083 -0.6157
vn 0.5440 0.6197 -0.5658
vn 0.4587 0.7286 -0.5087
vn 0.2528 0.7781 0.5751
vn 0.3651 0.8158 0.4485
vn 0.2375 0.8951 0.3773
vn -0.4396 0.6805 0.5863
vn -0.2488 0.6914 0.6783
vn -0.4013 0.8612 0.3120
vn -0.7123 0.5118 -0.4803
vn -0.7625 0.6118 -0.2107
vn -0.5176 0.7652 -0.3828
vn -0.0802 0.9495 -0.3032
vn -0.0865 0.9952 -0.0467
vn 0.1545 0.9474 -0.2804
vn -0.1473 0.9549 -0.2579
vn -0.1904 0.9799 -0.0596
vn -0.3604 0.9282 -0.0921
vn -0.1862 0.9824 0.0117
vn -0.3323 0.9416 0.0533
vn -0.6810 0.7079 0.1877
vn -0.5960 0.7539 0.2764
vn 0.2150 0.9758 -0.0407
vn 0.1316 0.9812 0.1413
vn 0.0125 0.9153 0.4026
vn 0.2603 0.9340 0.2446
vn 0.2620 0.8852 0.3844
vn 0.1509 0.7074 0.6906
vn 0.2036 0.7629 0.6137
vn 0.3262 0.8912 -0.3152
vn 0.3026 0.9427 -0.1403
vn 0.3198 0.9329 0.1654
vn 0.4370 0.7990 -0.4130
vn 0.4729 0.8328 -0.2879
vn 0.5786 0.8137 0.0563
vn 0.5969 0.7307 -0.3313
vn 0.1220 0.9009 -0.4165
vn 0.3587 0.7919 -0.4942
vn 0.5105 0.6635 -0.5469
vn 0.2315 0.7479 -0.6221
vn 0.3531 0.5410 -0.7634
vn 0.3333 0.5630 -0.7562
vn 0.2908 0.4111 -0.8639
vn 0.0620 0.9060 -0.4188
vn 0.0895 0.6392 -0.7638
vn -0.2520 0.7708 -0.5852
vn -0.2025 0.3692 -0.9070
vn -0.5867 0.4770 -0.6544
vn -0.8817 0.3399 -0.3271
vn -0.9986 0.0214 -0.0486
vn -0.9033 0.4134 0.1147
vn -0.9048 0.0756 0.4191
vn -0.8548 0.3908 0.3416
vn -0.8009 -0.1201 0.5866
vn -0.7099 0.3737 0.5970
vn -0.3953 0.3053 0.8663
vn -0.2814 -0.1956 0.9394
vn -0.0894 0.2674 0.9594
vn -0.1726 0.0932 0.9806
vn 0.0011 0.3990 0.9169
vn 0.0277 0.2168 0.9758
vn 0.2814 0.4729 0.8350
vn 0.4068 0.3673 0.8364
vn 0.5986 -0.0146 0.8009
vn 0.7264 0.4129 0.5494
vn 0.8700 -0.1758 0.4606
vn 0.9289 0.3671 0.0495
vn 0.9694 -0.2455 0.0019
vn 0.8870 0.2640 -0.3788
vn 0.6561 0.3637 -0.6612
vn 0.7231 0.0240 -0.6903
vn 0.5712 0.3958 -0.7191
vn 0.3991 -0.1083 -0.9105
vn 0.2156 0.3196 -0.9227
vn 0.1588 -0.1161 -0.9805
vn 0.1796 0.2321 -0.9560
vn 0.0912 0.0371 -0.9951
vn -0.0221 -0.2705 -0.9625
vn -0.0588 0.0163 -0.9981
vn -0.2480 -0.2987 -0.9216
vn -0.4244 0.2112 -0.8805
vn -0.6898 -0.2384 -0.6836
vn -0.7642 0.3328 -0.5525
vn -0.4729 -0.2326 0.8499
vn -0.5298 -0.4295 0.7313
vn -0.4037 -0.4101 0.8178
vn -0.4336 -0.4598 0.7750
vn -0.5672 -0.3621 0.7397
vn 0.4141 0.1267 0.9014
vn 0.1679 -0.2064 0.9640
vn 0.5161 -0.1676 0.8400
vn 0.1288 -0.5987 0.7905
vn 0.5104 -0.6239 0.5918
vn 0.8979 -0.1079 -0.4268
vn 0.7611 -0.6484 0.0180
vn 0.7261 -0.5821 -0.3660
vn 0.5063 -0.8613 0.0420
vn 0.4820 -0.8449 -0.2320
vn 0.0028 -0.1620 -0.9868
vn 0.0284 -0.5608 -0.8275
vn -0.0767 -0.5548 -0.8285
vn -0.0678 -0.7763 -0.6268
vn -0.1862 -0.7845 -0.5915
vn -0.9008 -0.1592 -0.4039
vn -0.6713 -0.6086 -0.4231
vn -0.8206 -0.5566 -0.1298
vn -0.6238 -0.7665 -0.1529
vn -0.6280 -0.7516 0.2019
vn -0.6126 -0.7292 0.3049
vn -0.6516 -0.7341 0.1912
vn -0.5819 -0.5720 0.5781
vn -0.4418 -0.6993 0.5620
vn -0.5162 -0.4602 0.7223
vn -0.2348 -0.7534 0.6142
vn -0.2996 -0.5137 0.8040
vn 0.0632 -0.6587 0.7497
vn 0.0541 -0.8825 0.4672
vn 0.2211 -0.7931 0.5675
vn 0.2918 -0.9196 0.2629
vn 0.5093 -0.8319 0.2204
vn 0.5515 -0.8340 -0.0159
vn 0.2526 -0.9676 -0.0040
vn 0.4408 -0.8952 -0.0652
vn 0.0476 -0.9566 -0.2874
vn 0.0913 -0.9119 -0.4000
vn -0.5453 -0.8293 0.1223
vn -0.3711 -0.9043 -0.2111
vn -0.4998 -0.8597 -0.1051
vn -0.3369 -0.8801 -0.3346
vn -0.1007 -0.8305 -0.5479
vn -0.1090 -0.9195 -0.3776
vn -0.1524 -0.8396 -0.5214
vn 0.3281 -0.9445 -0.0180
vn 0.0850 -0.9596 0.2681
vn 0.0476 -0.9892 -0.1387
vn -0.5549 -0.2619 0.7896
vn -0.4039 -0.6331 0.6604
vn -0.3746 -0.3667 0.8516
vn 0.2511 -0.9412 -0.2262
vn 0.3433 -0.9380 -0.0484
vn 0.3040 -0.9414 0.1464
vn -0.4528 -0.2445 0.8575
vn -0.6342 -0.6141 -0.4697
vn -0.8094 -0.5637 -0.1646
vn -0.8950 -0.3622 -0.2602
vn -0.0371 -0.6020 -0.7976
vn -0.2044 -0.5573 -0.8047
vn -0.1663 -0.4467 -0.8791
vn 0.8319 -0.5151 -0.2064
vn 0.6749 -0.5404 -0.5024
vn 0.8532 -0.3050 -0.4232
vn 0.5488 -0.0781 0.8323
vn 0.7163 -0.3400 0.6093
vn 0.5364 -0.2664 0.8008
vn -0.6056 -0.3037 0.7355
vn -0.6618 -0.5259 -0.5343
vn 0.2117 -0.3099 -0.9269
vn 0.9735 -0.2285 0.0130
vn 0.5210 -0.1788 0.8346
vn -0.9223 0.3026 0.2403
vn -0.8381 0.2998 0.4558
vn -0.8400 0.5224 0.1463
vn -0.5465 0.2569 -0.7971
vn -0.7024 0.4186 -0.5756
vn -0.4764 0.6068 -0.6363
vn 0.4120 0.6636 -0.6244
vn 0.1104 0.6823 -0.7227
vn 0.2737 0.7894 -0.5495
vn 0.6221 0.6391 0.4522
vn 0.6053 0.7959 -0.0119
vn 0.4967 0.8272 0.2628
vn -0.1942 0.2353 0.9523
vn -0.0172 0.4141 0.9101
vn -0.1249 0.5338 0.8363
vn -0.1052 0.9689 0.2241
vn 0.1040 0.9938 -0.0401
vn -0.0979 0.9934 -0.0600
vn -0.1414 0.8639 0.4834
vn 0.0309 0.9544 0.2970
vn 0.0768 0.7223 0.6873
vn 0.3062 0.9502 0.0576
vn 0.3814 0.7832 0.4911
vn 0.3471 0.5940 0.7257
vn 0.5251 0.6305 0.5716
vn 0.1087 0.9326 -0.3441
vn 0.2647 0.9265 -0.2675
vn 0.4194 0.8907 -0.1754
vn 0.1448 0.8764 -0.4592
vn 0.3611 0.8584 -0.3644
vn 0.4969 0.7985 -0.3399
vn 0.4579 0.7567 -0.4667
vn -0.2236 0.8996 -0.3751
vn -0.0072 0.8249 -0.5653
vn 0.0009 0.7974 -0.6035
vn -0.2998 0.8321 -0.4666
vn -0.0349 0.7530 -0.6571
vn -0.0122 0.6925 -0.7213
vn -0.2421 0.4826 -0.8417
vn -0.3174 0.9468 -0.0541
vn -0.4603 0.8274 -0.3219
vn -0.6371 0.5976 -0.4869
vn -0.5842 0.8115 0.0114
vn -0.7526 0.6023 -0.2661
vn -0.7769 0.4347 -0.4555
vn -0.9159 0.3601 -0.1775
vn -0.2907 0.9126 0.2876
vn -0.6972 0.6101 0.3763
vn -0.2597 0.6841 0.6816
vn -0.6130 0.2874 0.7360
vn -0.1336 0.2166 0.9671
vn -0.1807 0.1986 0.9633
vn 0.2182 -0.0428 0.9750
vn 0.2608 0.2704 0.9267
vn 0.4630 -0.1653 0.8708
vn 0.5449 0.3604 0.7571
vn 0.7318 -0.0567 0.6792
vn 0.7333 0.3317 0.5935
vn 0.8610 0.3831 0.3345
vn 0.9832 0.0910 0.1580
vn 0.8175 0.5592 -0.1376
vn 0.9514 0.2060 -0.2288
vn 0.6165 0.6608 -0.4282
vn 0.7861 0.1773 -0.5921
vn 0.4319 0.6674 -0.6067
vn 0.2644 0.5151 -0.8153
vn 0.2613 0.0457 -0.9642
vn 0.1134 0.4272 -0.8970
vn 0.0127 0.0060 -0.9999
vn -0.2005 0.3234 -0.9248
vn -0.3367 -0.1044 -0.9358
vn -0.4166 0.1778 -0.8915
vn -0.6070 0.2120 -0.7659
vn -0.6618 -0.1814 -0.7274
vn -0.7755 0.2378 -0.5848
vn -0.9101 -0.2250 -0.3481
vn -0.9580 0.0928 -0.2712
vn -0.9568 -0.2848 -0.0593
vn -0.9936 -0.1015 0.0498
vn -0.8795 -0.1157 0.4616
vn -0.7862 -0.2822 0.5498
vn -0.7527 -0.0377 0.6573
vn -0.5127 -0.2566 0.8193
vn -0.2922 -0.0456 0.9553
vn -0.2906 -0.0439 0.9558
vn -0.2265 0.0777 0.9709
vn 0.8331 0.0024 0.5531
vn 0.7696 -0.2577 0.5843
vn 0.8759 -0.2863 0.3883
vn 0.7597 -0.4841 0.4342
vn 0.8544 -0.4842 0.1888
vn 0.4751 0.0887 -0.8754
vn 0.6288 -0.4381 -0.6424
vn 0.4101 -0.3587 -0.8385
vn 0.5506 -0.5099 -0.6610
vn 0.2975 -0.5156 -0.8035
vn -0.4646 -0.1538 -0.8721
vn -0.3038 -0.5308 -0.7912
vn -0.4231 -0.5367 -0.7300
vn -0.3659 -0.5303 -0.7648
vn -0.4812 -0.6256 -0.6141
vn -0.9168 -0.2760 0.2884
vn -0.9361 -0.3294 0.1232
vn -0.8495 -0.3076 0.4286
vn -0.7496 -0.5999 0.2798
vn -0.6730 -0.4935 0.5509
vn -0.2782 0.0486 0.9593
vn -0.3249 -0.1035 0.9401
vn 0.0823 -0.1229 0.9890
vn -0.1085 -0.4336 0.8946
vn 0.3989 -0.2396 0.8851
vn 0.6226 -0.4629 0.6310
vn 0.4560 -0.8177 0.3514
vn 0.6872 -0.6339 0.3547
vn 0.5035 -0.8411 0.1976
vn 0.7347 -0.6177 0.2804
vn 0.4803 -0.8698 -0.1132
vn 0.7733 -0.5977 -0.2116
vn 0.5812 -0.6594 -0.4769
vn 0.3772 -0.8786 -0.2929
vn 0.3551 -0.6937 -0.6266
vn 0.1384 -0.8166 -0.5603
vn 0.0070 -0.5962 -0.8028
vn -0.1988 -0.6190 -0.7598
vn -0.0906 -0.8584 -0.5049
vn -0.4180 -0.6489 -0.6358
vn -0.3819 -0.8486 -0.3662
vn -0.5887 -0.6167 -0.5226
vn 0.1362 -0.7333 0.6661
vn -0.0749 -0.7677 0.6364
vn 0.0719 -0.8914 0.4474
vn -0.1453 -0.8796 0.4529
vn -0.6471 -0.7612 0.0431
vn -0.2836 -0.9319 0.2262
vn -0.5315 -0.7800 0.3303
vn -0.1655 -0.9859 0.0266
vn -0.2173 -0.9670 0.1330
vn -0.3437 -0.9350 0.0874
vn -0.2646 -0.5940 0.7597
vn -0.2032 -0.7981 0.5673
vn 0.0910 -0.6255 0.7749
vn -0.2028 -0.9694 -0.1379
vn 0.0346 -0.9907 -0.1317
vn 0.0064 -0.9961 0.0876
vn 0.0082 -0.1922 0.9813
vn -0.9054 -0.4245 0.0007
vn -0.7414 -0.6195 0.2579
vn -0.9562 -0.2773 0.0941
vn -0.3512 -0.5344 -0.7688
vn -0.5273 -0.5740 -0.6265
vn -0.4360 -0.4167 -0.7976
vn 0.6582 -0.3185 -0.6821
vn 0.3231 -0.4151 -0.8505
vn 0.5346 -0.0691 -0.8423
vn 0.8933 -0.3115 0.3240
vn 0.8159 -0.4636 0.3456
vn 0.8604 -0.2347 0.4524
vn -0.4731 -0.2289 0.8507
vn -0.9030 -0.4228 0.0766
vn -0.2104 -0.2556 -0.9436
vn 0.7369 -0.1238 -0.6645
vn 0.8632 -0.1381 0.4856
vn -0.4720 0.7578 0.4506
vn -0.4222 0.6586 0.6229
vn -0.5935 0.5924 0.5448
vn -0.7508 0.5023 -0.4289
vn -0.7827 0.5918 -0.1927
vn -0.3546 0.8679 -0.3478
vn 0.2408 0.6239 -0.7434
vn -0.0014 0.5848 -0.8112
vn 0.1580 0.7059 -0.6905
vn 0.8202 0.5396 -0.1900
vn 0.6496 0.6245 -0.4336
vn 0.5388 0.8338 -0.1205
vn 0.3597 0.6040 0.7112
vn 0.4515 0.5134 0.7298
vn 0.1256 0.6456 0.7533
vn -0.0178 0.9593 0.2818
vn 0.0734 0.9929 -0.0931
vn -0.1158 0.9778 -0.1746
vn -0.0448 0.8351 0.5483
vn 0.2737 0.9374 0.2154
vn 0.4521 0.6973 0.5562
vn 0.4384 0.8881 -0.1381
vn 0.5575 0.7962 0.2352
vn 0.6414 0.5840 0.4975
vn 0.7029 0.6404 0.3094
vn -0.0991 0.9691 -0.2258
vn 0.2273 0.9174 -0.3266
vn 0.4427 0.8074 -0.3900
vn 0.0365 0.8839 -0.4663
vn 0.3218 0.7410 -0.5894
vn 0.4435 0.7280 -0.5228
vn 0.2189 0.6431 -0.7339
vn -0.2753 0.9492 -0.1521
vn -0.2262 0.9349 -0.2735
vn -0.1048 0.8183 -0.5651
vn -0.2874 0.9357 -0.2047
vn -0.3284 0.8556 -0.4002
vn -0.3052 0.5929 -0.7452
vn -0.4273 0.6572 -0.6208
vn -0.3159 0.9374 0.1462
vn -0.3660 0.9302 0.0268
vn -0.4567 0.8896 0.0041
vn -0.4463 0.8252 0.3462
vn -0.5082 0.7630 0.3995
vn -0.7244 0.5660 0.3937
vn -0.6366 0.6087 0.4734
vn -0.1238 0.8381 0.5312
vn -0.3095 0.6683 0.6765
vn -0.1086 0.7227 0.6826
vn -0.1852 0.6882 0.7015
vn -0.0806 0.7325 0.6759
vn 0.4183 0.5997 0.6822
vn 0.6146 0.3256 0.7185
vn 0.6012 0.5524 0.5774
vn 0.8610 0.2287 0.4542
vn 0.7488 0.4513 0.4854
vn 0.9174 0.1496 0.3687
vn 0.9163 0.3996 0.0278
vn 0.8620 0.4090 -0.2995
vn 0.8530 0.3244 -0.4088
vn 0.6741 0.5548 -0.4876
vn 0.6629 0.1798 -0.7268
vn 0.3933 0.5928 -0.7028
vn 0.3819 0.1854 -0.9054
vn 0.2131 0.5844 -0.7830
vn -0.0393 0.4540 -0.8901
vn -0.2182 0.1644 -0.9619
vn -0.2318 0.3251 -0.9168
vn -0.2598 0.1986 -0.9450
vn -0.3875 0.3800 -0.8399
vn -0.6546 0.1005 -0.7493
vn -0.7341 0.3020 -0.6082
vn -0.8864 0.2395 -0.3962
vn -0.9806 -0.1420 -0.1354
vn -0.9589 0.2521 0.1305
vn -0.9617 -0.1140 0.2493
vn -0.8601 0.3787 0.3416
vn -0.9595 0.0644 0.2744
vn -0.7433 0.5169 0.4246
vn -0.5658 0.5466 0.6173
vn -0.5596 0.2407 0.7930
vn -0.2798 0.6905 0.6670
vn -0.2588 0.2904 0.9213
vn -0.1145 0.6546 0.7473
vn 0.1106 0.2481 0.9624
vn 0.2101 0.5762 0.7898
vn 0.9465 0.2964 -0.1279
vn 0.9561 -0.1940 0.2195
vn 0.9511 -0.1452 -0.2727
vn 0.7767 -0.6287 0.0381
vn 0.7302 -0.5248 -0.4375
vn 0.0867 0.1946 -0.9770
vn 0.2212 -0.2126 -0.9518
vn -0.1269 -0.2756 -0.9529
vn -0.0576 -0.4776 -0.8767
vn -0.2008 -0.4946 -0.8456
vn -0.8968 -0.0190 -0.4421
vn -0.7404 -0.4349 -0.5125
vn -0.8582 -0.4812 -0.1786
vn -0.7333 -0.6240 -0.2701
vn -0.8068 -0.5847 -0.0848
vn -0.7993 0.1164 0.5896
vn -0.8533 -0.3521 0.3846
vn -0.6926 -0.3148 0.6490
vn -0.6269 -0.7015 0.3390
vn -0.4900 -0.6653 0.5632
vn 0.3607 0.2586 0.8961
vn 0.2258 -0.2433 0.9433
vn 0.4414 -0.1997 0.8748
vn 0.2278 -0.6093 0.7596
vn 0.5584 -0.5638 0.6085
vn 0.6435 -0.6807 0.3501
vn 0.2632 -0.9306 0.2542
vn 0.6031 -0.7881 0.1233
vn 0.2235 -0.9741 -0.0332
vn 0.5071 -0.8413 -0.1872
vn 0.1642 -0.9533 -0.2537
vn 0.4200 -0.7919 -0.4433
vn 0.0943 -0.8076 -0.5822
vn -0.0774 -0.9529 -0.2934
vn -0.1833 -0.7334 -0.6547
vn -0.2395 -0.8952 -0.3757
vn -0.3528 -0.6618 -0.6614
vn -0.5065 -0.7654 -0.3970
vn -0.4027 -0.9140 -0.0489
vn -0.6497 -0.7587 -0.0472
vn -0.4486 -0.8905 0.0754
vn -0.6493 -0.7605 0.0103
vn 0.2256 -0.8415 0.4909
vn 0.0479 -0.8129 0.5804
vn 0.0439 -0.9520 0.3028
vn -0.1842 -0.9251 0.3320
vn -0.5526 -0.8049 0.2163
vn -0.3858 -0.9196 0.0746
vn -0.4957 -0.7772 0.3877
vn -0.1480 -0.9876 0.0522
vn 0.0194 -0.9913 -0.1299
vn -0.1985 -0.9715 0.1298
vn 0.6421 -0.7493 -0.1619
vn 0.5413 -0.8258 -0.1581
vn 0.5719 -0.6066 -0.5522
vn -0.4058 -0.8866 0.2218
vn -0.4360 -0.8584 -0.2702
vn -0.0706 -0.8960 -0.4384
vn 0.8310 -0.4201 -0.3646
vn 0.1182 -0.7896 0.6022
vn 0.1409 -0.8175 0.5584
vn 0.1883 -0.6255 0.7571
vn -0.6532 -0.6245 0.4282
vn -0.4837 -0.7416 0.4648
vn -0.6998 -0.3642 0.6146
vn -0.7660 -0.2517 -0.5915
vn -0.8507 -0.4685 -0.2385
vn -0.9202 -0.0677 -0.3855
vn 0.2099 -0.2653 -0.9411
vn 0.0017 -0.3748 -0.9271
vn 0.1283 -0.0360 -0.9911
vn 0.8151 -0.5692 0.1081
vn 0.1081 -0.6215 0.7760
vn -0.7910 -0.3344 0.5123
vn -0.6513 -0.1096 -0.7509
vn 0.3392 -0.0588 -0.9389
vn 0.7983 0.1510 0.5830
vn 0.9183 0.1856 0.3497
vn 0.6941 0.3977 0.6001
vn -0.1866 0.3903 0.9016
vn -0.0968 0.3494 0.9320
vn -0.2572 0.4968 0.8289
vn -0.6937 0.6278 0.3531
vn -0.6540 0.6223 0.4302
vn -0.5694 0.7714 0.2840
vn -0.1719 0.5690 -0.8042
vn -0.3267 0.7442 -0.5826
vn -0.1021 0.8199 -0.5634
vn 0.6756 0.3249 -0.6618
vn 0.4482 0.4602 -0.7664
vn 0.5994 0.6034 -0.5260
vn 0.2804 0.9563 0.0830
vn -0.0308 0.9990 0.0318
vn 0.0387 0.9577 0.2851
vn 0.5120 0.8033 -0.3042
vn 0.2680 0.8690 -0.4161
vn 0.4026 0.6913 -0.6000
vn -0.0929 0.9237 -0.3716
vn 0.2392 0.7812 -0.5766
vn 0.4008 0.4577 -0.7936
vn 0.1338 0.5405 -0.8307
vn -0.1777 0.9339 0.3102
vn -0.3256 0.9453 -0.0193
vn -0.3519 0.9015 -0.2520
vn -0.4060 0.8720 0.2735
vn -0.4466 0.8947 -0.0095
vn -0.4527 0.8550 -0.2530
vn -0.6263 0.7760 0.0744
vn -0.0363 0.8991 0.4363
vn -0.2893 0.8304 0.4762
vn -0.4872 0.7344 0.4725
vn -0.1755 0.7573 0.6290
vn -0.3447 0.6922 0.6341
vn -0.5662 0.5001 0.6552
vn -0.4300 0.4626 0.7753
vn 0.2524 0.8774 0.4080
vn 0.2489 0.7723 0.5844
vn 0.1105 0.5497 0.8281
vn 0.3957 0.7663 0.5062
vn 0.3574 0.5838 0.7290
vn 0.3745 0.2643 0.8888
vn 0.5122 0.1726 0.8413
vn 0.5429 0.8188 0.1866
vn 0.7627 0.5928 0.2587
vn 0.7499 0.6480 -0.1333
vn 0.9528 0.3018 0.0327
vn 0.8363 0.3809 -0.3943
vn 0.5039 0.1542 -0.8499
vn 0.4215 0.0727 -0.9039
vn 0.4052 0.2132 -0.8890
vn 0.2977 0.0922 -0.9502
vn 0.2479 0.1962 -0.9487
vn 0.0401 0.0821 -0.9958
vn -0.0490 0.1659 -0.9849
vn -0.2829 0.2676 -0.9211
vn -0.4406 0.0955 -0.8926
vn -0.5689 0.4629 -0.6797
vn -0.8257 -0.0153 -0.5639
vn -0.8596 0.4111 -0.3035
vn -0.9817 -0.0141 -0.1902
vn -0.9748 0.2066 0.0844
vn -0.8897 0.3532 0.2894
vn -0.8996 0.0033 0.4368
vn -0.7037 0.3111 0.6388
vn -0.7318 -0.0099 0.6815
vn -0.6695 0.1572 0.7260
vn -0.6408 -0.0642 0.7650
vn -0.4753 0.1463 0.8676
vn -0.1628 0.0481 0.9855
vn -0.0219 -0.4851 0.8742
vn 0.1930 -0.0748 0.9783
vn 0.2980 -0.4685 0.8317
vn 0.4271 -0.1537 0.8911
vn 0.3631 -0.3533 0.8622
vn 0.6157 -0.0583 0.7858
vn 0.8888 0.0927 0.4487
vn 0.9283 -0.3222 0.1858
vn 0.9918 0.0498 0.1173
vn 0.9878 -0.1466 -0.0533
vn 0.9671 0.0759 -0.2428
vn 0.8377 -0.0815 -0.5400
vn 0.7725 0.1420 -0.6190
vn -0.1821 0.0642 -0.9812
vn -0.0748 0.0321 -0.9967
vn -0.3676 -0.0705 -0.9273
vn -0.2797 -0.4316 -0.8576
vn -0.4646 -0.4239 -0.7775
vn -0.9943 0.1026 0.0279
vn -0.9769 -0.1385 -0.1628
vn -0.9508 -0.2698 0.1523
vn -0.7901 -0.6065 -0.0894
vn -0.7587 -0.5938 0.2681
vn -0.3037 -0.3282 0.8944
vn -0.4453 -0.5701 0.6904
vn -0.1374 -0.6235 0.7697
vn -0.2843 -0.8214 0.4943
vn -0.0590 -0.8412 0.5375
vn 0.7074 -0.4313 0.5599
vn 0.4508 -0.6844 0.5731
vn 0.6494 -0.7130 0.2644
vn 0.4639 -0.8354 0.2947
vn 0.5849 -0.7888 0.1888
vn 0.6299 -0.0165 -0.7765
vn 0.6056 -0.4094 -0.6824
vn 0.4859 -0.1827 -0.8547
vn 0.5202 -0.5187 -0.6785
vn 0.2916 -0.4008 -0.8685
vn 0.0433 -0.5226 -0.8515
vn -0.0301 -0.6512 -0.7583
vn -0.1809 -0.6143 -0.7681
vn -0.3337 -0.6635 -0.6696
vn -0.3390 -0.6388 -0.6907
vn -0.5062 -0.7404 -0.4422
vn -0.5624 -0.6493 -0.5120
vn -0.7012 -0.6940 -0.1633
vn -0.5346 -0.8445 0.0313
vn -0.6053 -0.7944 0.0500
vn -0.4353 -0.8839 0.1710
vn -0.4834 -0.8178 0.3123
vn -0.3507 -0.8724 0.3405
vn -0.3273 -0.9037 0.2759
vn -0.1786 -0.8799 0.4403
vn -0.1782 -0.8848 0.4304
vn -0.0596 -0.8522 0.5198
vn 0.2658 -0.6144 -0.7429
vn 0.4820 -0.6983 -0.5292
vn 0.1493 -0.8849 -0.4411
vn 0.2749 -0.9433 -0.1862
vn 0.2062 -0.8761 0.4359
vn 0.0624 -0.9921 0.1092
vn 0.4586 -0.8743 0.1587
vn 0.3442 -0.9377 -0.0470
vn 0.1629 -0.9866 0.0034
vn 0.2136 -0.9574 -0.1941
vn -0.6718 -0.6383 0.3760
vn -0.4665 -0.8174 0.3381
vn -0.4922 -0.6216 0.6093
vn 0.3469 -0.9318 -0.1071
vn 0.5566 -0.8289 0.0553
vn 0.3832 -0.9132 0.1386
vn -0.7846 -0.3665 0.5000
vn -0.1785 -0.7395 -0.6490
vn -0.2636 -0.8048 -0.5318
vn -0.4648 -0.5936 -0.6569
vn 0.4200 -0.6010 -0.6799
vn 0.1888 -0.7082 -0.6803
vn 0.3088 -0.3725 -0.8752
vn 0.9119 -0.3154 0.2627
vn 0.8923 -0.4410 0.0968
vn 0.9938 -0.0751 0.0824
vn 0.1120 -0.0393 0.9929
vn 0.4717 -0.1931 0.8603
vn 0.2484 0.1108 0.9623
vn -0.9034 -0.4016 0.1503
vn -0.2219 -0.6655 -0.7126
vn 0.6633 -0.1964 -0.7221
vn 0.9560 -0.1355 0.2603
vn -0.0604 -0.0090 0.9981
vn -0.8683 0.2806 -0.4090
vn -0.8566 0.4838 -0.1793
vn -0.7767 0.5758 -0.2553
vn -0.2436 0.4342 -0.8673
vn -0.4143 0.3814 -0.8264
vn -0.2365 0.6506 -0.7217
vn 0.6104 0.6785 -0.4087
vn 0.5117 0.7127 -0.4798
vn 0.3926 0.8430 -0.3678
vn 0.2881 0.6755 0.6787
vn 0.3818 0.8300 0.4065
vn 0.2273 0.8760 0.4255
vn -0.4768 0.6004 0.6421
vn -0.2259 0.5925 0.7732
vn -0.4899 0.7659 0.4164
vn -0.4428 0.8945 -0.0617
vn -0.1384 0.9879 -0.0705
vn -0.2564 0.9329 -0.2531
vn -0.4566 0.8863 0.0771
vn -0.2282 0.9535 0.1968
vn -0.2291 0.8620 0.4523
vn 0.0409 0.9801 0.1942
vn -0.0643 0.8738 0.4821
vn -0.0420 0.5660 0.8234
vn 0.1555 0.6010 0.7840
vn -0.0440 0.9612 -0.2725
vn 0.1149 0.9808 -0.1573
vn 0.2589 0.9572 0.1291
vn 0.1889 0.9226 -0.3362
vn 0.3006 0.9227 -0.2412
vn 0.5652 0.8233 0.0518
vn 0.5936 0.7271 -0.3449
vn -0.2605 0.9114 -0.3187
vn -0.0115 0.9141 -0.4054
vn 0.2201 0.8504 -0.4779
vn -0.2055 0.7990 -0.5651
vn -0.0127 0.7727 -0.6347
vn 0.2477 0.6932 -0.6769
vn -0.0051 0.5482 -0.8364
vn -0.5304 0.8276 -0.1834
vn -0.4673 0.8262 -0.3147
vn -0.3922 0.6270 -0.6731
vn -0.6471 0.7524 -0.1228
vn -0.7321 0.5803 -0.3569
vn -0.6713 0.2943 -0.6803
vn -0.8694 0.2879 -0.4017
vn -0.6192 0.7699 -0.1542
vn -0.6840 0.7090 -0.1716
vn -0.6635 0.7465 -0.0500
vn -0.8478 0.5246 -0.0770
vn -0.7351 0.6038 0.3083
vn -0.2305 0.3896 0.8917
vn -0.0975 0.1395 0.9854
vn -0.0468 0.4499 0.8918
vn 0.0966 0.2021 0.9746
vn 0.1261 0.4227 0.8974
vn 0.2788 0.3194 0.9057
vn 0.2726 0.3220 0.9066
vn 0.5453 0.4025 0.7353
vn 0.8799 0.0489 0.4727
vn 0.8580 0.3690 0.3573
vn 0.9770 -0.1024 0.1873
vn 0.9592 0.2825 -0.0086
vn 0.9927 -0.1050 0.0598
vn 0.8814 0.3824 -0.2772
vn 0.7799 0.4149 -0.4685
vn 0.7744 0.1720 -0.6088
vn 0.6223 0.3385 -0.7058
vn 0.5002 -0.0812 -0.8621
vn 0.3046 0.1654 -0.9380
vn 0.2732 -0.1802 -0.9449
vn 0.0806 0.0346 -0.9961
vn -0.3750 0.0178 -0.9269
vn -0.3634 -0.4231 -0.8300
vn -0.5123 0.0326 -0.8582
vn -0.5239 -0.3191 -0.7898
vn -0.8292 0.0668 -0.5550
vn -0.8467 -0.1328 -0.5152
vn -0.8841 0.0794 -0.4606
vn -0.9465 0.1266 -0.2969
vn -0.9875 -0.0421 -0.1520
vn -0.9791 0.1973 -0.0485
vn -0.9697 -0.0499 0.2393
vn -0.9497 0.2162 0.2263
vn -0.8160 -0.1622 0.5548
vn -0.6531 0.3218 0.6855
vn 0.4694 0.2573 0.8447
vn 0.4312 0.0267 0.9019
vn 0.8168 -0.1148 0.5654
vn 0.7200 -0.3929 0.5721
vn 0.8411 -0.4291 0.3292
vn 0.9665 0.1255 -0.2238
vn 0.9873 -0.1324 0.0876
vn 0.9411 -0.1712 -0.2917
vn 0.8050 -0.5863 0.0906
vn 0.7058 -0.6693 -0.2320
vn -0.0445 -0.2986 -0.9533
vn 0.1792 -0.5728 -0.7999
vn -0.2084 -0.6831 -0.7000
vn -0.0205 -0.8098 -0.5864
vn -0.1343 -0.7990 -0.5861
vn -0.9199 -0.0770 -0.3846
vn -0.7526 -0.4408 -0.4892
vn -0.8783 -0.4341 -0.2002
vn -0.5895 -0.7628 -0.2659
vn -0.7050 -0.7087 0.0271
vn -0.3799 0.0113 0.9250
vn -0.5075 -0.3920 0.7673
vn -0.1451 -0.1907 0.9709
vn -0.2016 -0.5945 0.7784
vn -0.1574 -0.3830 0.9102
vn 0.1795 -0.6248 0.7599
vn 0.2732 -0.8483 0.4536
vn 0.5842 -0.5928 0.5543
vn 0.5842 -0.7976 0.1502
vn 0.7660 -0.5989 0.2336
vn 0.6823 -0.7273 0.0746
vn 0.7087 -0.6928 0.1334
vn 0.6491 -0.7511 0.1202
vn 0.6251 -0.7794 0.0419
vn 0.6106 -0.7887 0.0715
vn 0.3861 -0.9215 -0.0424
vn 0.4562 -0.8301 -0.3206
vn 0.0903 -0.9058 -0.4140
vn 0.1572 -0.9605 -0.2296
vn 0.0088 -0.9165 -0.4000
vn 0.0877 -0.9351 -0.3433
vn -0.0642 -0.8674 -0.4934
vn -0.0688 -0.7403 0.6688
vn -0.1511 -0.7991 0.5819
vn 0.0594 -0.9207 0.3857
vn -0.0305 -0.9796 0.1984
vn -0.0819 -0.9286 -0.3620
vn 0.0579 -0.9845 -0.1658
vn -0.3441 -0.9377 -0.0482
vn -0.0437 -0.9842 0.1714
vn 0.2675 -0.9527 -0.1441
vn 0.2418 -0.9497 0.1991
vn 0.4774 -0.4783 -0.7371
vn 0.5086 -0.5197 -0.6865
vn 0.4702 -0.4001 -0.7867
vn 0.0180 -0.9078 0.4190
vn -0.2704 -0.9460 0.1790
vn -0.2274 -0.9689 -0.0978
vn 0.5419 -0.2625 -0.7984
vn 0.5622 -0.7265 0.3952
vn 0.6575 -0.7510 -0.0608
vn 0.6793 -0.7099 0.1862
vn -0.0866 -0.5381 0.8384
vn 0.2562 -0.6906 0.6764
vn 0.1378 -0.3438 0.9289
vn -0.9136 -0.2523 0.3189
vn -0.8131 -0.3255 0.4826
vn -0.9215 -0.0315 0.3871
vn -0.5197 -0.2215 -0.8251
vn -0.7985 -0.2297 -0.5565
vn -0.6706 0.1109 -0.7335
vn 0.5241 -0.3174 -0.7903
vn 0.5120 -0.6465 0.5656
vn -0.1236 -0.2988 0.9463
vn -0.9773 0.1256 0.1706
vn -0.1975 0.0687 -0.9779
vn 0.8727 0.2024 -0.4443
vn 0.7186 0.2790 -0.6370
vn 0.7446 0.5649 -0.3556
vn 0.4518 0.2710 0.8500
vn 0.6720 0.3801 0.6356
vn 0.3992 0.6228 0.6729
vn -0.4003 0.5077 0.7629
vn -0.1225 0.4672 0.8756
vn -0.2337 0.7170 0.6567
vn -0.7588 0.5646 -0.3248
vn -0.7625 0.6447 -0.0538
vn -0.5098 0.8014 -0.3127
vn 0.0194 0.2534 -0.9672
vn 0.0892 0.3776 -0.9217
vn 0.1006 0.5115 -0.8534
vn 0.2195 0.9211 -0.3214
vn 0.0544 0.9965 -0.0630
vn 0.2246 0.9744 -0.0077
vn 0.1574 0.7843 -0.6001
vn -0.0157 0.8523 -0.5228
vn -0.0350 0.6943 -0.7188
vn -0.3141 0.9176 -0.2435
vn -0.2411 0.7952 -0.5563
vn -0.2193 0.6317 -0.7435
vn -0.5080 0.6263 -0.5914
vn 0.0687 0.9742 0.2149
vn -0.1935 0.9634 0.1855
vn -0.4957 0.8671 0.0483
vn -0.0556 0.9140 0.4020
vn -0.3830 0.8674 0.3177
vn -0.6993 0.6788 0.2240
vn -0.5571 0.6121 0.5612
vn 0.2971 0.9343 0.1969
vn 0.1621 0.8569 0.4894
vn 0.0437 0.7598 0.6487
vn 0.3658 0.8326 0.4160
vn 0.2438 0.6715 0.6998
vn 0.1340 0.3669 0.9206
vn 0.1860 0.3599 0.9142
vn 0.3352 0.9389 -0.0787
vn 0.4571 0.8699 0.1854
vn 0.5574 0.7188 0.4154
vn 0.5238 0.8198 -0.2314
vn 0.7016 0.7116 0.0383
vn 0.8383 0.4019 0.3685
vn 0.9345 0.3315 -0.1297
vn 0.3363 0.8269 -0.4508
vn 0.5183 0.6596 -0.5443
vn 0.2941 0.6195 -0.7278
vn 0.4297 0.3397 -0.8367
vn 0.1966 0.3019 -0.9328
vn 0.1281 0.1644 -0.9780
vn 0.1000 0.1021 -0.9897
vn -0.1110 0.3079 -0.9449
vn -0.4509 0.1808 -0.8741
vn -0.5395 0.3649 -0.7588
vn -0.7502 0.2179 -0.6243
vn -0.8111 0.3034 -0.5000
vn -0.9351 0.2914 -0.2014
vn -0.9569 0.2832 -0.0646
vn -0.9357 0.3395 0.0963
vn -0.9312 0.3087 0.1939
vn -0.8224 0.4103 0.3942
vn -0.7571 0.1824 0.6273
vn -0.5602 0.3464 0.7524
vn -0.3018 0.2784 0.9118
vn -0.1592 0.0897 0.9832
vn 0.0116 0.1889 0.9819
vn 0.0569 0.1039 0.9930
vn 0.1423 0.2048 0.9684
vn 0.2477 -0.0780 0.9657
vn 0.2584 0.0712 0.9634
vn 0.5798 -0.0760 0.8112
vn 0.5619 -0.4799 0.6738
vn 0.7871 -0.0587 0.6141
vn 0.7695 -0.4563 0.4469
vn 0.9803 -0.0656 0.1864
vn 0.8836 -0.4675 -0.0279
vn 0.9464 -0.0143 -0.3227
vn 0.7488 -0.1446 -0.6469
vn 0.5605 -0.3360 -0.7570
vn 0.5296 -0.1863 -0.8276
vn 0.5045 -0.1896 -0.8423
vn 0.3710 -0.0703 -0.9260
vn 0.3445 -0.0507 -0.9374
vn 0.0616 0.1122 -0.9918
vn -0.9195 0.2059 -0.3349
vn -0.8807 0.0502 -0.4710
vn -0.9437 0.1439 -0.2977
vn -0.8994 -0.2145 -0.3810
vn -0.9767 -0.2134 0.0236
vn -0.5381 0.0934 0.8377
vn -0.6470 -0.0439 0.7612
vn -0.3363 -0.1882 0.9227
vn -0.4618 -0.4271 0.7774
vn -0.1427 -0.5003 0.8540
vn 0.4605 -0.3756 0.8043
vn 0.4054 -0.5398 0.7378
vn 0.4240 -0.6663 0.6135
vn 0.4087 -0.6594 0.6310
vn 0.4803 -0.5919 0.6473
vn 0.7248 -0.4418 -0.5286
vn 0.6459 -0.7285 -0.2280
vn 0.6583 -0.5155 -0.5486
vn 0.7138 -0.6604 -0.2330
vn 0.5554 -0.5087 -0.6578
vn 0.0747 0.0944 -0.9927
vn 0.2297 -0.0840 -0.9696
vn 0.1032 0.0165 -0.9945
vn 0.1273 -0.3052 -0.9438
vn -0.0977 -0.3309 -0.9386
vn -0.4436 -0.5489 -0.7085
vn -0.4356 -0.7287 -0.5283
vn -0.7319 -0.5312 -0.4268
vn -0.5419 -0.8348 -0.0978
vn -0.8066 -0.5764 -0.1306
vn -0.5678 -0.7955 0.2115
vn -0.8458 -0.4051 0.3472
vn -0.5737 -0.6399 0.5113
vn -0.2071 -0.8774 0.4328
vn -0.1401 -0.6433 0.7527
vn 0.1245 -0.8240 0.5528
vn 0.0303 -0.7091 0.7044
vn 0.2121 -0.7567 0.6184
vn 0.1426 -0.8491 0.5086
vn 0.3581 -0.7084 0.6082
vn 0.3526 -0.9172 0.1854
vn 0.5875 -0.7604 0.2769
vn -0.1366 -0.5536 -0.8215
vn 0.3132 -0.5803 -0.7518
vn 0.0692 -0.8577 -0.5095
vn 0.4115 -0.8333 -0.3692
vn 0.5627 -0.8253 -0.0483
vn 0.4059 -0.9067 -0.1144
vn 0.4932 -0.7932 -0.3572
vn -0.0239 -0.9989 0.0398
vn -0.0750 -0.9695 -0.2332
vn 0.2654 -0.9581 -0.1081
vn -0.0270 -0.4484 -0.8934
vn -0.0311 -0.5416 -0.8401
vn -0.4043 -0.4252 -0.8098
vn 0.1698 -0.9432 0.2854
vn -0.1393 -0.8962 0.4212
vn -0.2872 -0.9558 -0.0624
vn -0.2772 -0.1769 -0.9444
vn 0.7088 -0.6093 -0.3556
vn 0.5743 -0.5101 -0.6403
vn 0.5841 -0.5331 -0.6121
vn 0.7421 -0.2581 0.6186
vn 0.8443 -0.3822 0.3755
vn 0.7824 -0.3094 0.5405
vn -0.4716 -0.2872 0.8337
vn -0.2604 -0.2950 0.9193
vn -0.4203 -0.1031 0.9015
vn -0.8975 -0.3270 -0.2960
vn -0.9465 -0.3225 -0.0070
vn -0.9749 -0.1470 -0.1672
vn -0.0075 -0.3340 -0.9425
vn 0.7682 -0.6014 -0.2193
vn 0.5977 -0.1273 0.7915
vn -0.5701 0.0739 0.8182
vn -0.9247 -0.2419 -0.2938
vn 0.3075 0.1151 -0.9445
vn 0.1654 0.0681 -0.9839
vn 0.4499 0.4493 -0.7718
vn 0.9228 0.3495 0.1618
vn 0.8931 0.3885 -0.2267
vn 0.7185 0.6861 0.1139
vn 0.2101 0.6183 0.7574
vn 0.5043 0.6229 0.5980
vn 0.2641 0.7097 0.6532
vn -0.8160 0.5446 0.1940
vn -0.4708 0.7266 0.5004
vn -0.5286 0.8325 0.1660
vn -0.6634 0.2595 -0.7018
vn -0.8396 0.3451 -0.4196
vn -0.5034 0.5852 -0.6357
vn -0.0690 0.9817 -0.1775
vn -0.0451 0.9989 0.0113
vn 0.1417 0.9878 -0.0645
vn -0.2303 0.9044 -0.3592
vn -0.2736 0.9501 -0.1500
vn -0.6285 0.7178 -0.2996
vn -0.3606 0.9156 0.1779
vn -0.6311 0.7757 0.0019
vn -0.7996 0.5369 -0.2691
vn -0.7517 0.6579 0.0462
vn 0.1579 0.9823 0.1004
vn -0.0953 0.9559 0.2777
vn -0.2824 0.8741 0.3952
vn 0.2029 0.9102 0.3611
vn -0.1465 0.8179 0.5565
vn -0.2449 0.7079 0.6625
vn -0.0937 0.6471 0.7567
vn 0.2648 0.9641 0.0191
vn 0.3849 0.8960 0.2214
vn 0.5062 0.7025 0.5003
vn 0.4470 0.8906 0.0844
vn 0.4858 0.7627 0.4271
vn 0.5822 0.5518 0.5971
vn 0.6967 0.4552 0.5544
vn 0.1811 0.9718 -0.1508
vn 0.4307 0.8727 -0.2301
vn 0.6796 0.6789 -0.2779
vn 0.3803 0.8050 -0.4555
vn 0.5937 0.6681 -0.4484
vn 0.7928 0.4412 -0.4206
vn 0.5882 0.4081 -0.6982
vn -0.0045 0.9058 -0.4237
vn 0.0842 0.5730 -0.8152
vn -0.2315 0.6041 -0.7625
vn -0.1066 0.1997 -0.9740
vn -0.3618 0.2831 -0.8882
vn -0.7693 0.1298 -0.6256
vn -0.8353 0.0799 -0.5440
vn -0.8377 0.3472 -0.4216
vn -0.9462 0.0425 -0.3209
vn -0.8953 0.4266 -0.1286
vn -0.9915 0.0779 0.1040
vn -0.8827 0.4153 0.2200
vn -0.8122 0.2991 0.5010
vn -0.6466 0.1327 0.7512
vn -0.4974 0.3616 0.7886
vn -0.5473 0.1697 0.8196
vn -0.2965 0.5130 0.8055
vn -0.1530 0.1602 0.9752
vn 0.0644 0.4505 0.8904
vn 0.4008 0.3000 0.8656
vn 0.4464 0.0261 0.8945
vn 0.6196 0.3834 0.6849
vn 0.7100 0.0226 0.7038
vn 0.7107 0.3266 0.6231
vn 0.8415 -0.1473 0.5199
vn 0.8872 0.1007 0.4503
vn 0.9970 0.0769 0.0090
vn 0.9675 -0.2382 -0.0849
vn 0.9297 0.1586 -0.3323
vn 0.8280 -0.2419 -0.5059
vn 0.7977 0.0501 -0.6010
vn 0.5009 -0.4230 -0.7551
vn 0.3829 -0.0643 -0.9215
vn 0.1862 -0.0924 -0.9782
vn 0.1077 -0.0670 -0.9919
vn 0.0369 -0.0550 -0.9978
vn -0.1115 -0.1262 -0.9857
vn -0.2671 -0.0174 -0.9635
vn -0.4677 -0.0891 -0.8794
vn -0.5570 -0.0924 -0.8254
vn -0.8967 0.2196 0.3845
vn -0.9670 -0.1103 0.2296
vn -0.8097 -0.0183 0.5866
vn -0.8318 -0.4107 0.3734
vn -0.6076 -0.3643 0.7058
vn 0.2544 -0.0017 0.9671
vn 0.0681 -0.1558 0.9854
vn 0.3073 -0.0065 0.9516
vn 0.1222 -0.3129 0.9419
vn 0.4298 -0.3804 0.8189
vn 0.9041 -0.3271 0.2751
vn 0.8536 -0.4292 0.2954
vn 0.8084 -0.5557 0.1939
vn 0.8662 -0.4747 0.1560
vn 0.8145 -0.5785 -0.0444
vn 0.3389 -0.2738 -0.9001
vn 0.4838 -0.3954 -0.7808
vn 0.2239 -0.3786 -0.8981
vn 0.3005 -0.5697 -0.7649
vn 0.0468 -0.5660 -0.8231
vn -0.6032 -0.0455 -0.7963
vn -0.5679 -0.1521 -0.8089
vn -0.7261 -0.2629 -0.6353
vn -0.6843 -0.4291 -0.5896
vn -0.8097 -0.4271 -0.4025
vn -0.8577 -0.4467 -0.2547
vn -0.7318 -0.6553 -0.1871
vn -0.7946 -0.5709 0.2065
vn -0.5653 -0.7145 0.4123
vn -0.5860 -0.6242 0.5167
vn -0.3566 -0.7276 0.5860
vn -0.4638 -0.5593 0.6871
vn -0.1605 -0.6646 0.7298
vn 0.0138 -0.8180 0.5751
vn 0.1951 -0.7523 0.6293
vn 0.3305 -0.8275 0.4540
vn 0.5084 -0.6448 0.5708
vn 0.6259 -0.7424 0.2391
vn 0.4577 -0.8832 0.1020
vn 0.6804 -0.7322 0.0294
vn 0.3912 -0.9032 -0.1768
vn 0.6626 -0.6784 -0.3173
vn -0.7096 -0.5449 -0.4466
vn -0.5129 -0.5988 -0.6151
vn -0.4681 -0.7964 -0.3829
vn -0.1038 -0.8170 -0.5673
vn 0.3456 -0.7823 -0.5183
vn 0.2487 -0.8793 -0.4062
vn 0.1572 -0.6388 -0.7531
vn -0.1529 -0.9645 0.2153
vn -0.3159 -0.9482 -0.0333
vn 0.0282 -0.9990 -0.0339
vn -0.6731 -0.4929 -0.5513
vn -0.4913 -0.8030 -0.3373
vn -0.7200 -0.6087 -0.3333
vn 0.1082 -0.9611 0.2540
vn -0.1186 -0.9399 0.3201
vn -0.2989 -0.9269 0.2269
vn -0.6769 -0.5156 -0.5253
vn 0.5076 -0.6734 -0.5375
vn 0.1087 -0.7488 -0.6539
vn 0.3627 -0.2993 -0.8826
vn 0.7068 -0.5532 0.4408
vn 0.6969 -0.7167 0.0262
vn 0.9524 -0.2335 0.1960
vn -0.1374 -0.3956 0.9081
vn 0.1735 -0.4701 0.8654
vn 0.0439 -0.0695 0.9966
vn -0.6274 -0.7064 0.3275
vn -0.6235 -0.5538 0.5518
vn -0.7285 -0.4348 0.5294
vn -0.5334 -0.4134 -0.7380
vn 0.7176 -0.3188 -0.6193
vn 0.7943 -0.2387 0.5586
vn -0.1888 -0.1062 0.9763
vn -0.8402 -0.4341 0.3249
vn 0.1571 0.3440 -0.9257
vn -0.2094 0.3477 -0.9139
vn 0.2278 0.6170 -0.7533
vn 0.6677 0.6702 -0.3242
vn 0.5741 0.6477 -0.5009
vn 0.6863 0.6596 -0.3063
vn 0.6829 0.4502 0.5753
vn 0.7427 0.5617 0.3645
vn 0.6392 0.6751 0.3684
vn -0.6137 0.4348 0.6591
vn -0.3104 0.5418 0.7811
vn -0.4772 0.6971 0.5352
vn -0.9007 0.4314 -0.0519
vn -0.9312 0.3519 0.0955
vn -0.7830 0.5797 -0.2253
vn -0.1200 0.9657 -0.2303
vn -0.0278 0.9896 0.1410
vn 0.0991 0.9871 -0.1256
vn -0.4316 0.8537 -0.2912
vn -0.3929 0.9048 0.1639
vn -0.7700 0.6206 0.1485
vn -0.3038 0.8639 0.4016
vn -0.6074 0.6993 0.3770
vn -0.8458 0.4266 0.3205
vn -0.7357 0.4588 0.4983
vn 0.2187 0.9677 0.1256
vn 0.0633 0.9509 0.3031
vn -0.1879 0.8075 0.5592
vn 0.4719 0.8399 0.2683
vn 0.2762 0.8026 0.5287
vn -0.0300 0.5151 0.8566
vn 0.4790 0.4861 0.7309
vn 0.3065 0.9217 -0.2379
vn 0.6338 0.7722 0.0439
vn 0.7167 0.6763 0.1700
vn 0.7150 0.6241 -0.3150
vn 0.7456 0.6614 -0.0811
vn 0.7371 0.6645 0.1229
vn 0.7192 0.6806 -0.1400
vn 0.0686 0.9003 -0.4298
vn 0.3653 0.7426 -0.5613
vn 0.6028 0.5881 -0.5393
vn 0.1299 0.8057 -0.5779
vn 0.4204 0.5996 -0.6810
vn 0.4758 0.5163 -0.7121
vn 0.4349 0.4668 -0.7701
vn -0.1371 0.8626 -0.4870
vn -0.1632 0.7707 -0.6160
vn -0.4467 0.7425 -0.4991
vn -0.4764 0.4657 -0.7458
vn -0.7057 0.5446 -0.4532
vn -0.9741 0.2157 0.0672
vn -0.9891 -0.0409 0.1415
vn -0.9332 0.2609 0.2470
vn -0.9166 -0.0142 0.3996
vn -0.8700 0.2328 0.4346
vn -0.7455 -0.0846 0.6611
vn -0.7117 0.1548 0.6852
vn -0.4749 0.0694 0.8773
vn -0.2872 -0.0206 0.9577
vn -0.1644 0.0461 0.9853
vn -0.0800 0.0011 0.9968
vn 0.1739 0.1318 0.9759
vn 0.3017 0.0020 0.9534
vn 0.5824 0.1336 0.8019
vn 0.7189 0.2818 0.6354
vn 0.7501 0.2397 0.6164
vn 0.7917 0.4733 0.3862
vn 0.9125 0.2203 0.3445
vn 0.8789 0.4714 0.0727
vn 0.9649 0.2366 -0.1141
vn 0.9042 0.3717 -0.2105
vn 0.7938 0.3420 -0.5029
vn 0.7762 0.0228 -0.6300
vn 0.5549 0.4125 -0.7224
vn 0.5692 0.1469 -0.8090
vn 0.4378 0.4001 -0.8052
vn 0.2041 0.0310 -0.9785
vn 0.1962 0.1713 -0.9655
vn -0.1773 -0.0619 -0.9822
vn -0.3039 -0.2226 -0.9263
vn -0.3917 -0.0031 -0.9201
vn -0.5490 -0.3349 -0.7658
vn -0.6810 0.0903 -0.7267
vn -0.7796 -0.4188 -0.4657
vn -0.9458 0.1182 -0.3026
vn -0.5921 -0.1662 0.7885
vn -0.5794 -0.4358 0.6887
vn -0.5580 -0.2700 0.7847
vn -0.5385 -0.5497 0.6386
vn -0.4074 -0.5956 0.6923
vn 0.5688 0.1819 0.8021
vn 0.4031 -0.1502 0.9027
vn 0.6331 -0.2508 0.7323
vn 0.4330 -0.5728 0.6960
vn 0.5817 -0.5635 0.5866
vn 0.9191 0.0723 -0.3873
vn 0.9145 -0.3226 -0.2443
vn 0.7916 -0.3536 -0.4983
vn 0.6243 -0.7341 -0.2673
vn 0.5761 -0.7166 -0.3931
vn -0.1315 -0.1957 -0.9718
vn -0.0694 -0.2966 -0.9525
vn -0.2580 -0.2871 -0.9225
vn -0.1483 -0.7170 -0.6811
vn -0.4322 -0.6297 -0.6455
vn -0.9596 -0.2505 -0.1284
vn -0.7935 -0.5308 -0.2977
vn -0.8486 -0.5290 -0.0076
vn -0.7180 -0.6957 -0.0211
vn -0.6462 -0.7286 0.2271
vn -0.7085 -0.6477 0.2802
vn -0.5480 -0.7926 0.2672
vn -0.5184 -0.6772 0.5221
vn -0.3011 -0.8652 0.4010
vn -0.4644 -0.6867 0.5593
vn -0.1981 -0.8859 0.4194
vn -0.2337 -0.6462 0.7266
vn 0.1731 -0.7910 0.5868
vn 0.0362 -0.9584 0.2833
vn 0.3787 -0.7608 0.5270
vn 0.1716 -0.9695 0.1751
vn 0.5350 -0.7876 0.3059
vn 0.4458 -0.8948 -0.0241
vn 0.2256 -0.9741 0.0132
vn 0.3720 -0.9002 -0.2263
vn 0.1524 -0.9561 -0.2501
vn 0.2645 -0.9003 -0.3455
vn -0.6665 -0.7293 0.1545
vn -0.5830 -0.8114 -0.0422
vn -0.4331 -0.9009 0.0293
vn -0.3232 -0.9358 -0.1408
vn -0.0270 -0.9337 -0.3571
vn -0.1670 -0.9507 -0.2613
vn -0.1888 -0.9215 -0.3395
vt 0.607394 0.366187
vt 0.612583 0.339570
vt 0.626941 0.365841
vt 0.582622 0.339786
vt 0.600366 0.339786
vt 0.555055 0.365841
vt 0.579004 0.366187
vt 0.860747 0.528489
vt 0.876519 0.503434
vt 0.887165 0.528957
vt 0.833474 0.528957
vt 0.860008 0.503141
vt 0.862568 0.273289
vt 0.884347 0.243782
vt 0.890676 0.273251
vt 0.837828 0.267410
vt 0.866779 0.243806
vt 0.867292 0.812428
vt 0.890347 0.785514
vt 0.895884 0.812067
vt 0.845594 0.812067
vt 0.872477 0.785740
vt 0.608107 0.193232
vt 0.598333 0.193405
vt 0.567654 0.339570
vt 0.584138 0.193405
vt 0.872682 0.357477
vt 0.842962 0.503434
vt 0.859473 0.357244
vt 0.890201 0.103654
vt 0.851317 0.240132
vt 0.876147 0.103672
vt 0.886711 0.639151
vt 0.861567 0.639151
vt 0.872416 0.639331
vt 0.604989 0.154885
vt 0.585016 0.155029
vt 0.596845 0.155029
vt 0.572164 0.193232
vt 0.870249 0.319328
vt 0.845837 0.357477
vt 0.859241 0.319133
vt 0.890676 0.066316
vt 0.863777 0.100733
vt 0.878964 0.066331
vt 0.873145 0.600908
vt 0.885058 0.600758
vt 0.625274 0.407523
vt 0.553970 0.448672
vt 0.553970 0.394995
vt 0.752342 0.278585
vt 0.752342 0.312862
vt 0.732969 0.301713
vt 0.283208 0.818007
vt 0.265954 0.807425
vt 0.281540 0.806296
vt 0.288275 0.452022
vt 0.272966 0.312618
vt 0.288275 0.312900
vt 0.406004 0.636566
vt 0.417681 0.621943
vt 0.417681 0.637550
vt 0.146380 0.327123
vt 0.133783 0.466460
vt 0.133783 0.326892
vt 0.267622 0.715164
vt 0.819295 0.107483
vt 0.803815 0.004283
vt 0.819295 0.002648
vt 0.136682 0.728141
vt 0.122895 0.740637
vt 0.121109 0.729285
vt 0.138468 0.739492
vt 0.121109 0.824781
vt 0.147555 0.260389
vt 0.135909 0.243895
vt 0.147555 0.244766
vt 0.280533 0.824433
vt 0.265954 0.919622
vt 0.265954 0.828280
vt 0.783240 0.003738
vt 0.798519 0.119264
vt 0.783240 0.120354
vt 0.136247 0.597462
vt 0.121110 0.476079
vt 0.136247 0.475605
vt 0.280931 0.624041
vt 0.270551 0.609606
vt 0.285528 0.612698
vt 0.399785 0.840586
vt 0.413984 0.748911
vt 0.413984 0.844979
vt 0.081760 0.965511
vt 0.095395 0.981262
vt 0.081760 0.981187
vt 0.285528 0.708739
vt 0.265954 0.620949
vt 0.121109 0.603233
vt 0.136689 0.722844
vt 0.121109 0.722201
vt 0.418126 0.463950
vt 0.404140 0.591965
vt 0.404140 0.464761
vt 0.217606 0.083072
vt 0.196963 0.086935
vt 0.207627 0.065183
vt 0.456296 0.826545
vt 0.443059 0.835597
vt 0.440978 0.814106
vt 0.230819 0.067852
vt 0.234820 0.090163
vt 0.215116 0.101923
vt 0.458932 0.811510
vt 0.640150 0.628618
vt 0.640150 0.649293
vt 0.627906 0.635976
vt 0.259491 0.032110
vt 0.244417 0.023508
vt 0.258046 0.015467
vt 0.964347 0.498994
vt 0.967301 0.521494
vt 0.949293 0.510614
vt 0.750116 0.926187
vt 0.748558 0.906727
vt 0.760370 0.915140
vt 0.473877 0.827131
vt 0.622176 0.722570
vt 0.610369 0.735650
vt 0.610331 0.711112
vt 0.275835 0.030296
vt 0.949925 0.485188
vt 0.763517 0.936876
vt 0.127746 0.142289
vt 0.111729 0.155101
vt 0.119549 0.132055
vt 0.143060 0.056527
vt 0.147584 0.076374
vt 0.130905 0.062542
vt 0.066500 0.002648
vt 0.089969 0.007193
vt 0.070141 0.023825
vt 0.002648 0.073399
vt 0.009274 0.052966
vt 0.019665 0.076293
vt 0.038436 0.158063
vt 0.025847 0.139401
vt 0.047175 0.144033
vt 0.070502 0.102957
vt 0.061492 0.083877
vt 0.079410 0.087227
vt 0.059565 0.122423
vt 0.049343 0.101224
vt 0.036107 0.121397
vt 0.038841 0.079593
vt 0.029335 0.097439
vt 0.013581 0.117625
vt 0.010602 0.093707
vt 0.076888 0.069311
vt 0.055762 0.062375
vt 0.031912 0.056890
vt 0.073768 0.044948
vt 0.050523 0.038089
vt 0.024150 0.030346
vt 0.045138 0.011704
vt 0.096847 0.079036
vt 0.094832 0.058261
vt 0.094660 0.028464
vt 0.115410 0.070123
vt 0.116311 0.045805
vt 0.112967 0.022739
vt 0.550987 0.648578
vt 0.557370 0.665978
vt 0.541136 0.671685
vt 0.549238 0.686730
vt 0.129143 0.041908
vt 0.091523 0.100518
vt 0.112196 0.093716
vt 0.136119 0.084656
vt 0.106176 0.116660
vt 0.133496 0.112437
vt 0.559069 0.698621
vt 0.558026 0.723297
vt 0.542817 0.708577
vt 0.541136 0.736576
vt 0.557898 0.749093
vt 0.142049 0.126459
vt 0.083086 0.120409
vt 0.097710 0.138837
vt 0.072134 0.142504
vt 0.086731 0.161571
vt 0.060729 0.160832
vt 0.890234 0.949532
vt 0.907198 0.938914
vt 0.907198 0.959392
vt 0.428682 0.755153
vt 0.437428 0.737628
vt 0.450088 0.754083
vt 0.776423 0.925354
vt 0.779207 0.951352
vt 0.459204 0.738352
vt 0.795412 0.938070
vt 0.811188 0.921281
vt 0.814272 0.944600
vt 0.791513 0.911926
vt 0.805873 0.897536
vt 0.773505 0.902013
vt 0.788097 0.887829
vt 0.802357 0.876409
vt 0.788272 0.863777
vt 0.808255 0.856821
vt 0.771453 0.850839
vt 0.792262 0.838602
vt 0.931373 0.495570
vt 0.932878 0.470992
vt 0.814272 0.836412
vt 0.911707 0.481130
vt 0.910618 0.510745
vt 0.893208 0.497124
vt 0.892462 0.524941
vt 0.930255 0.524968
vt 0.909962 0.539488
vt 0.895903 0.548419
vt 0.909993 0.565120
vt 0.892462 0.565524
vt 0.930103 0.570632
vt 0.909126 0.583073
vt 0.946490 0.574483
vt 0.930374 0.587932
vt 0.105337 0.002648
vt 0.587727 0.637801
vt 0.570386 0.648507
vt 0.565667 0.628618
vt 0.273206 0.013912
vt 0.604182 0.651864
vt 0.589568 0.660817
vt 0.573881 0.663131
vt 0.126040 0.024649
vt 0.145004 0.041163
vt 0.575570 0.685345
vt 0.562024 0.679115
vt 0.593664 0.697379
vt 0.575001 0.710330
vt 0.594287 0.724301
vt 0.574797 0.738331
vt 0.594333 0.751763
vt 0.575929 0.761931
vt 0.562182 0.765970
vt 0.574691 0.780220
vt 0.555588 0.780446
vt 0.493847 0.825607
vt 0.502227 0.806502
vt 0.514859 0.823055
vt 0.478989 0.809228
vt 0.519584 0.801720
vt 0.504924 0.783143
vt 0.484634 0.786873
vt 0.486138 0.765631
vt 0.462461 0.791054
vt 0.465976 0.769697
vt 0.469019 0.751136
vt 0.772116 0.877546
vt 0.757203 0.892777
vt 0.752264 0.864097
vt 0.953115 0.462610
vt 0.743408 0.884193
vt 0.249396 0.137723
vt 0.271947 0.126984
vt 0.269762 0.143936
vt 0.966946 0.481407
vt 0.929525 0.554307
vt 0.949727 0.536130
vt 0.949563 0.562471
vt 0.966246 0.544894
vt 0.286807 0.065652
vt 0.270495 0.046397
vt 0.295352 0.047699
vt 0.591585 0.676843
vt 0.607707 0.667228
vt 0.609643 0.688763
vt 0.237171 0.006421
vt 0.223992 0.015329
vt 0.622610 0.682487
vt 0.200973 0.014507
vt 0.211925 0.002648
vt 0.187490 0.002648
vt 0.180423 0.015801
vt 0.592597 0.770741
vt 0.610240 0.756055
vt 0.507357 0.840659
vt 0.519584 0.854483
vt 0.495484 0.854223
vt 0.484118 0.840007
vt 0.628172 0.660265
vt 0.251159 0.972182
vt 0.240824 0.952712
vt 0.257638 0.952712
vt 0.474937 0.856878
vt 0.464773 0.841649
vt 0.444391 0.771703
vt 0.443311 0.794904
vt 0.424544 0.776947
vt 0.765391 0.957850
vt 0.423046 0.798833
vt 0.170340 0.129937
vt 0.191930 0.137906
vt 0.173927 0.143279
vt 0.196230 0.149588
vt 0.950074 0.022325
vt 0.936862 0.009916
vt 0.948546 0.002648
vt 0.739805 0.923949
vt 0.212329 0.123671
vt 0.232646 0.136287
vt 0.209945 0.139371
vt 0.235294 0.113906
vt 0.731489 0.901736
vt 0.253702 0.120067
vt 0.974157 0.942990
vt 0.960062 0.958328
vt 0.960062 0.935519
vt 0.256182 0.099531
vt 0.273144 0.106209
vt 0.290559 0.113222
vt 0.293666 0.091358
vt 0.275739 0.083376
vt 0.254275 0.074823
vt 0.266716 0.057703
vt 0.243816 0.052445
vt 0.255327 0.038482
vt 0.415841 0.698729
vt 0.406004 0.686637
vt 0.417524 0.686637
vt 0.234482 0.032912
vt 0.221168 0.047822
vt 0.210504 0.029167
vt 0.195928 0.044310
vt 0.185919 0.026125
vt 0.265954 0.944152
vt 0.279475 0.942326
vt 0.279475 0.961700
vt 0.935337 0.026025
vt 0.191611 0.126171
vt 0.424510 0.820395
vt 0.950074 0.040848
vt 0.170242 0.112324
vt 0.192826 0.108659
vt 0.155161 0.093318
vt 0.172963 0.091198
vt 0.277823 0.924918
vt 0.173851 0.047292
vt 0.185129 0.067414
vt 0.168881 0.032955
vt 0.152880 0.050989
vt 0.160256 0.070381
vt 0.451744 0.852136
vt 0.382046 0.076874
vt 0.375812 0.093253
vt 0.364355 0.076690
vt 0.356945 0.131130
vt 0.362312 0.120847
vt 0.373074 0.136857
vt 0.376343 0.059982
vt 0.396814 0.066200
vt 0.397065 0.088170
vt 0.361316 0.145402
vt 0.647733 0.706981
vt 0.645917 0.687515
vt 0.658104 0.692908
vt 0.354639 0.007190
vt 0.341374 0.023131
vt 0.337593 0.002648
vt 0.919994 0.299670
vt 0.913676 0.283330
vt 0.929984 0.291188
vt 0.726192 0.799516
vt 0.718265 0.815834
vt 0.714651 0.799313
vt 0.343193 0.135771
vt 0.662149 0.715864
vt 0.895973 0.222032
vt 0.903563 0.204002
vt 0.911023 0.224663
vt 0.686843 0.864426
vt 0.671016 0.869485
vt 0.681407 0.851760
vt 0.726021 0.780899
vt 0.687369 0.655818
vt 0.688829 0.639241
vt 0.701291 0.653724
vt 0.115734 0.758655
vt 0.115734 0.779407
vt 0.103017 0.770240
vt 0.563499 0.498662
vt 0.579697 0.483640
vt 0.571948 0.508115
vt 0.663376 0.805503
vt 0.649974 0.819320
vt 0.649251 0.797193
vt 0.595430 0.953038
vt 0.597557 0.932241
vt 0.608284 0.950168
vt 0.602407 0.571685
vt 0.586701 0.558354
vt 0.604694 0.553976
vt 0.600363 0.594012
vt 0.582732 0.578956
vt 0.597034 0.614871
vt 0.578066 0.603468
vt 0.566332 0.563299
vt 0.561260 0.584406
vt 0.542766 0.569025
vt 0.575017 0.623321
vt 0.555443 0.608408
vt 0.541230 0.588759
vt 0.669081 0.787048
vt 0.594587 0.538703
vt 0.573400 0.541616
vt 0.548398 0.545940
vt 0.583185 0.522974
vt 0.561567 0.525484
vt 0.634139 0.813066
vt 0.638411 0.834800
vt 0.541136 0.530787
vt 0.551880 0.511865
vt 0.613307 0.541891
vt 0.606068 0.520238
vt 0.593019 0.503790
vt 0.623758 0.528192
vt 0.617896 0.503321
vt 0.417063 0.928930
vt 0.403414 0.917598
vt 0.414404 0.904491
vt 0.604965 0.482568
vt 0.628089 0.489795
vt 0.403414 0.944257
vt 0.104517 0.743281
vt 0.619255 0.560907
vt 0.633244 0.546988
vt 0.631853 0.516532
vt 0.640620 0.533954
vt 0.634661 0.568349
vt 0.716614 0.691305
vt 0.707653 0.671976
vt 0.726192 0.673918
vt 0.715630 0.655044
vt 0.719984 0.708128
vt 0.707608 0.706152
vt 0.701758 0.688204
vt 0.693503 0.670414
vt 0.619225 0.581270
vt 0.705541 0.634684
vt 0.637340 0.591022
vt 0.619764 0.608438
vt 0.690303 0.619016
vt 0.708350 0.614500
vt 0.690708 0.604514
vt 0.613359 0.623321
vt 0.602234 0.971069
vt 0.582319 0.943525
vt 0.563980 0.932494
vt 0.579213 0.921340
vt 0.545995 0.925811
vt 0.559394 0.910575
vt 0.593989 0.910575
vt 0.710791 0.778607
vt 0.688780 0.782684
vt 0.697959 0.762863
vt 0.676917 0.765865
vt 0.699025 0.799788
vt 0.955370 0.039935
vt 0.972328 0.028929
vt 0.972328 0.049227
vt 0.680254 0.800888
vt 0.960062 0.981802
vt 0.960062 0.963624
vt 0.976591 0.973515
vt 0.668219 0.821704
vt 0.675320 0.837557
vt 0.654538 0.839374
vt 0.664807 0.851926
vt 0.774330 0.982480
vt 0.774330 0.963147
vt 0.790141 0.979742
vt 0.846795 0.595461
vt 0.833111 0.584697
vt 0.855978 0.579343
vt 0.835603 0.566317
vt 0.850156 0.558431
vt 0.833111 0.547608
vt 0.651593 0.871900
vt 0.645162 0.852845
vt 0.633307 0.868831
vt 0.629617 0.848519
vt 0.546671 0.497209
vt 0.949875 0.238699
vt 0.964236 0.226816
vt 0.961682 0.248902
vt 0.930229 0.229888
vt 0.946280 0.212150
vt 0.922496 0.202806
vt 0.588199 0.468238
vt 0.938880 0.188999
vt 0.617648 0.469256
vt 0.916590 0.188793
vt 0.931232 0.177851
vt 0.640613 0.481894
vt 0.711140 0.748140
vt 0.714455 0.725111
vt 0.726192 0.734055
vt 0.699046 0.724233
vt 0.680850 0.723378
vt 0.692858 0.706393
vt 0.673109 0.701647
vt 0.684974 0.683956
vt 0.667966 0.679083
vt 0.678713 0.666225
vt 0.675129 0.648535
vt 0.661236 0.642417
vt 0.673858 0.628107
vt 0.647155 0.637066
vt 0.657234 0.621041
vt 0.673510 0.608790
vt 0.589637 0.987266
vt 0.604105 0.989004
vt 0.899705 0.057947
vt 0.886173 0.055550
vt 0.899705 0.043386
vt 0.256670 0.926427
vt 0.240824 0.935017
vt 0.253792 0.912122
vt 0.655450 0.600758
vt 0.572455 0.983787
vt 0.585869 0.967101
vt 0.687459 0.819877
vt 0.704800 0.817678
vt 0.692083 0.835196
vt 0.706561 0.832218
vt 0.696023 0.847348
vt 0.564947 0.481615
vt 0.942647 0.278195
vt 0.936645 0.255112
vt 0.955137 0.262322
vt 0.923037 0.272095
vt 0.915359 0.246277
vt 0.904471 0.264078
vt 0.896701 0.240002
vt 0.698237 0.757566
vt 0.689762 0.745555
vt 0.897553 0.193664
vt 0.676164 0.752485
vt 0.667134 0.738532
vt 0.319476 0.019114
vt 0.327659 0.040093
vt 0.302846 0.040451
vt 0.313624 0.057835
vt 0.300648 0.065053
vt 0.650859 0.723167
vt 0.663814 0.659664
vt 0.652972 0.674026
vt 0.650623 0.655445
vt 0.322191 0.092231
vt 0.333823 0.107412
vt 0.317609 0.104568
vt 0.331559 0.119765
vt 0.345073 0.121887
vt 0.568288 0.958322
vt 0.256670 0.947416
vt 0.553561 0.971980
vt 0.548543 0.948285
vt 0.557984 0.990675
vt 0.542618 0.981649
vt 0.536123 0.962674
vt 0.395054 0.138078
vt 0.411106 0.125032
vt 0.407347 0.145402
vt 0.425683 0.132346
vt 0.426209 0.116355
vt 0.415494 0.106654
vt 0.429174 0.098226
vt 0.407639 0.098456
vt 0.420893 0.088546
vt 0.412832 0.077444
vt 0.721214 0.828901
vt 0.726192 0.844799
vt 0.709625 0.846647
vt 0.410046 0.055443
vt 0.711459 0.861709
vt 0.422759 0.044950
vt 0.420171 0.067384
vt 0.699825 0.866864
vt 0.905343 0.298867
vt 0.406258 0.033196
vt 0.391677 0.045317
vt 0.895973 0.279735
vt 0.383531 0.025466
vt 0.397407 0.014715
vt 0.375422 0.003657
vt 0.369210 0.037581
vt 0.361252 0.019766
vt 0.347861 0.039160
vt 0.355101 0.056953
vt 0.334556 0.057839
vt 0.343476 0.076468
vt 0.323925 0.076384
vt 0.308074 0.076377
vt 0.401047 0.116563
vt 0.380824 0.122412
vt 0.287095 0.471670
vt 0.272966 0.471670
vt 0.275082 0.457318
vt 0.387860 0.104288
vt 0.901785 0.964689
vt 0.905923 0.982111
vt 0.890234 0.982111
vt 0.368610 0.109500
vt 0.338769 0.092910
vt 0.356515 0.093917
vt 0.350120 0.109318
vt 0.205606 0.540415
vt 0.223689 0.554439
vt 0.197434 0.561976
vt 0.026841 0.707593
vt 0.011579 0.715570
vt 0.012091 0.693486
vt 0.183685 0.539618
vt 0.199964 0.520926
vt 0.223840 0.528501
vt 0.030028 0.693929
vt 0.700332 0.068919
vt 0.690673 0.049612
vt 0.710254 0.056413
vt 0.800765 0.280374
vt 0.811804 0.296885
vt 0.795796 0.293395
vt 0.714651 0.340775
vt 0.711422 0.362266
vt 0.700104 0.340832
vt 0.367839 0.672549
vt 0.364724 0.693177
vt 0.352007 0.677328
vt 0.040068 0.713568
vt 0.712938 0.079743
vt 0.694975 0.425887
vt 0.680804 0.436390
vt 0.684572 0.415046
vt 0.703509 0.324997
vt 0.361559 0.657451
vt 0.097871 0.722120
vt 0.087676 0.703533
vt 0.110636 0.707701
vt 0.763024 0.102355
vt 0.762002 0.083089
vt 0.777943 0.094555
vt 0.647028 0.373583
vt 0.640380 0.392183
vt 0.632238 0.373649
vt 0.048399 0.180460
vt 0.070216 0.183142
vt 0.050887 0.195191
vt 0.054916 0.647117
vt 0.054983 0.626809
vt 0.071106 0.641693
vt 0.042421 0.258963
vt 0.059406 0.240155
vt 0.063731 0.261863
vt 0.018829 0.255639
vt 0.033609 0.233805
vt 0.075782 0.618962
vt 0.092749 0.640222
vt 0.054305 0.214622
vt 0.009314 0.230130
vt 0.030947 0.210863
vt 0.324416 0.623758
vt 0.312108 0.645261
vt 0.303562 0.624152
vt 0.293572 0.651006
vt 0.301615 0.668154
vt 0.030102 0.193192
vt 0.082690 0.250675
vt 0.078543 0.228457
vt 0.075141 0.201911
vt 0.099748 0.239910
vt 0.097907 0.216479
vt 0.117882 0.228829
vt 0.093853 0.193748
vt 0.984337 0.177851
vt 0.984337 0.199332
vt 0.969533 0.197563
vt 0.110626 0.211095
vt 0.647611 0.358125
vt 0.079443 0.275243
vt 0.099223 0.264316
vt 0.113642 0.252815
vt 0.096565 0.289869
vt 0.114894 0.277646
vt 0.110994 0.301505
vt 0.130612 0.242228
vt 0.129418 0.265383
vt 0.125641 0.288149
vt 0.926052 0.944764
vt 0.913632 0.955588
vt 0.912495 0.938913
vt 0.054233 0.282846
vt 0.071856 0.298562
vt 0.088305 0.309934
vt 0.044362 0.304301
vt 0.062225 0.321596
vt 0.036290 0.321596
vt 0.777324 0.070953
vt 0.761621 0.060923
vt 0.777943 0.043453
vt 0.757993 0.036334
vt 0.770741 0.018283
vt 0.753202 0.015002
vt 0.027722 0.281872
vt 0.017350 0.304183
vt 0.101220 0.685081
vt 0.086117 0.659006
vt 0.110636 0.661327
vt 0.003141 0.277631
vt 0.002648 0.252399
vt 0.076237 0.682281
vt 0.063384 0.660526
vt 0.879581 0.567153
vt 0.861274 0.562381
vt 0.867883 0.547318
vt 0.039352 0.639892
vt 0.353871 0.638860
vt 0.332558 0.640841
vt 0.344795 0.622680
vt 0.342884 0.660853
vt 0.319689 0.665013
vt 0.331353 0.684266
vt 0.312568 0.686112
vt 0.294695 0.688525
vt 0.060213 0.166867
vt 0.312720 0.725446
vt 0.293572 0.720426
vt 0.298952 0.709523
vt 0.327152 0.739222
vt 0.307858 0.738148
vt 0.086723 0.173172
vt 0.684149 0.326556
vt 0.662130 0.338028
vt 0.665593 0.319133
vt 0.112373 0.187003
vt 0.680052 0.346472
vt 0.660347 0.360484
vt 0.129350 0.205898
vt 0.125901 0.223122
vt 0.656938 0.384885
vt 0.670593 0.400018
vt 0.651701 0.407742
vt 0.666559 0.424392
vt 0.636109 0.414134
vt 0.647642 0.431980
vt 0.633338 0.435494
vt 0.663454 0.444867
vt 0.803815 0.145222
vt 0.803815 0.126905
vt 0.818607 0.133248
vt 0.816135 0.114414
vt 0.926052 0.963945
vt 0.748091 0.096784
vt 0.730640 0.090422
vt 0.746780 0.076822
vt 0.726853 0.066366
vt 0.743392 0.050438
vt 0.724187 0.041970
vt 0.739356 0.025786
vt 0.078815 0.722680
vt 0.058418 0.717670
vt 0.066322 0.703143
vt 0.045088 0.698833
vt 0.053992 0.679448
vt 0.037601 0.677230
vt 0.861274 0.595461
vt 0.861602 0.578158
vt 0.878923 0.586721
vt 0.321957 0.704864
vt 0.344499 0.698390
vt 0.335025 0.723353
vt 0.357086 0.711479
vt 0.121109 0.876330
vt 0.128433 0.852570
vt 0.137907 0.867068
vt 0.141329 0.840650
vt 0.131955 0.830077
vt 0.675186 0.372671
vt 0.696461 0.364798
vt 0.690093 0.392070
vt 0.875531 0.278585
vt 0.888774 0.291870
vt 0.875531 0.305147
vt 0.708887 0.384417
vt 0.702772 0.407833
vt 0.751281 0.112138
vt 0.750731 0.135207
vt 0.737470 0.124348
vt 0.756249 0.120575
vt 0.017597 0.965511
vt 0.017597 0.982110
vt 0.002648 0.967929
vt 0.734693 0.110081
vt 0.737470 0.145628
vt 0.720602 0.115279
vt 0.716610 0.097811
vt 0.808831 0.312256
vt 0.694080 0.438723
vt 0.693990 0.454658
vt 0.679250 0.450779
vt 0.704047 0.103903
vt 0.701372 0.086100
vt 0.046985 0.965511
vt 0.057056 0.982231
vt 0.042962 0.982231
vt 0.093888 0.737984
vt 0.722466 0.020302
vt 0.705324 0.033475
vt 0.737806 0.005391
vt 0.721811 0.002648
vt 0.704127 0.011409
vt 0.072167 0.733877
vt 0.050060 0.734223
vt 0.691030 0.029152
vt 0.689001 0.007595
vt 0.030058 0.728752
vt 0.046541 0.661280
vt 0.028889 0.656305
vt 0.020051 0.674969
vt 0.363447 0.620959
vt 0.011135 0.652531
vt 0.374434 0.637863
vt 0.002648 0.672616
vt 0.394004 0.638521
vt 0.382856 0.657554
vt 0.384870 0.680846
vt 0.244830 0.515273
vt 0.235632 0.498319
vt 0.260172 0.506624
vt 0.218822 0.505703
vt 0.251829 0.489669
vt 0.229213 0.480139
vt 0.845594 0.960548
vt 0.845594 0.938914
vt 0.862163 0.940459
vt 0.212717 0.481551
vt 0.388483 0.899194
vt 0.382724 0.873247
vt 0.400883 0.879722
vt 0.400883 0.860314
vt 0.192876 0.496120
vt 0.187255 0.477889
vt 0.386697 0.856783
vt 0.121109 0.834311
vt 0.727775 0.353694
vt 0.168923 0.495826
vt 0.176046 0.518040
vt 0.725964 0.377479
vt 0.152880 0.518328
vt 0.719987 0.403649
vt 0.159854 0.539482
vt 0.727775 0.423574
vt 0.708833 0.424631
vt 0.811804 0.278585
vt 0.711964 0.443262
vt 0.174166 0.562020
vt 0.152880 0.561661
vt 0.168187 0.582787
vt 0.690382 0.110374
vt 0.687022 0.090130
vt 0.188410 0.586854
vt 0.666792 0.071638
vt 0.687347 0.069833
vt 0.400708 0.662166
vt 0.270546 0.570846
vt 0.260743 0.558348
vt 0.276168 0.546881
vt 0.265649 0.530369
vt 0.243167 0.542889
vt 0.256999 0.583445
vt 0.241251 0.569604
vt 0.673899 0.047443
vt 0.216528 0.579785
vt 0.939997 0.935519
vt 0.954766 0.954118
vt 0.939997 0.959652
vt 0.207668 0.604309
vt 0.234032 0.593269
vt 0.676230 0.024705
vt 0.247583 0.602792
vt 0.052792 0.555653
vt 0.068232 0.561981
vt 0.051597 0.570627
vt 0.115813 0.581054
vt 0.101367 0.575350
vt 0.114901 0.562103
vt 0.035942 0.559481
vt 0.043951 0.540833
vt 0.064517 0.542105
vt 0.210194 0.972825
vt 0.197687 0.959276
vt 0.216105 0.961057
vt 0.918085 0.733070
vt 0.914305 0.720446
vt 0.928075 0.723923
vt 0.733071 0.458975
vt 0.745007 0.448007
vt 0.745007 0.462161
vt 0.949456 0.363405
vt 0.952718 0.382989
vt 0.935238 0.374140
vt 0.164499 0.909810
vt 0.153068 0.900878
vt 0.168110 0.894741
vt 0.973130 0.165366
vt 0.957931 0.172225
vt 0.966207 0.152931
vt 0.928731 0.740362
vt 0.943549 0.436184
vt 0.933994 0.448659
vt 0.933548 0.432941
vt 0.935868 0.353258
vt 0.175847 0.908101
vt 0.940629 0.112689
vt 0.933508 0.124673
vt 0.929255 0.109871
vt 0.181582 0.857758
vt 0.166302 0.849898
vt 0.184412 0.843904
vt 0.241478 0.823979
vt 0.232393 0.836038
vt 0.233122 0.818715
vt 0.240644 0.753982
vt 0.248156 0.769729
vt 0.232580 0.760967
vt 0.225474 0.911579
vt 0.218707 0.898047
vt 0.234561 0.903996
vt 0.187393 0.780820
vt 0.206536 0.784316
vt 0.194234 0.795577
vt 0.179950 0.765107
vt 0.200288 0.765501
vt 0.173977 0.752939
vt 0.192219 0.749135
vt 0.220574 0.771619
vt 0.213384 0.754860
vt 0.228509 0.885669
vt 0.210049 0.881435
vt 0.204831 0.742538
vt 0.225529 0.744957
vt 0.207179 0.803239
vt 0.223843 0.792399
vt 0.233479 0.781942
vt 0.223123 0.812397
vt 0.238083 0.801785
vt 0.248009 0.790639
vt 0.640079 0.665562
vt 0.640079 0.684163
vt 0.627906 0.678273
vt 0.631350 0.696254
vt 0.245047 0.809172
vt 0.191238 0.810285
vt 0.205970 0.821746
vt 0.221062 0.830701
vt 0.187751 0.827504
vt 0.201653 0.836024
vt 0.217257 0.847810
vt 0.198563 0.854537
vt 0.177695 0.797537
vt 0.174846 0.813777
vt 0.168423 0.834512
vt 0.162446 0.799785
vt 0.157306 0.816732
vt 0.927625 0.093224
vt 0.915251 0.106724
vt 0.152880 0.834480
vt 0.941411 0.079498
vt 0.940950 0.099174
vt 0.170583 0.782798
vt 0.918178 0.123537
vt 0.152880 0.784786
vt 0.165578 0.770135
vt 0.905430 0.121539
vt 0.912220 0.137752
vt 0.895973 0.137352
vt 0.903121 0.153115
vt 0.925397 0.138647
vt 0.135909 0.221260
vt 0.147489 0.227247
vt 0.135909 0.238599
vt 0.917450 0.152820
vt 0.235528 0.921188
vt 0.212545 0.910399
vt 0.194804 0.908114
vt 0.202807 0.893602
vt 0.183671 0.892596
vt 0.192149 0.879079
vt 0.199741 0.865794
vt 0.171003 0.875180
vt 0.180927 0.863055
vt 0.238267 0.741782
vt 0.907278 0.342349
vt 0.892462 0.350414
vt 0.895179 0.337632
vt 0.850940 0.300649
vt 0.837728 0.309311
vt 0.837728 0.289797
vt 0.920824 0.362298
vt 0.920833 0.340765
vt 0.905940 0.356809
vt 0.893676 0.370301
vt 0.905539 0.376084
vt 0.037666 0.965511
vt 0.037666 0.982161
vt 0.022893 0.970585
vt 0.920747 0.384908
vt 0.908147 0.395791
vt 0.896101 0.388743
vt 0.898612 0.403824
vt 0.907578 0.414499
vt 0.894866 0.418303
vt 0.920417 0.424076
vt 0.906925 0.428624
vt 0.920240 0.441926
vt 0.892462 0.434324
vt 0.906304 0.443527
vt 0.955345 0.792287
vt 0.968386 0.782075
vt 0.968992 0.796465
vt 0.920026 0.457314
vt 0.942034 0.790734
vt 0.955255 0.778232
vt 0.966382 0.767857
vt 0.954410 0.758722
vt 0.968992 0.750670
vt 0.941503 0.748177
vt 0.956409 0.738775
vt 0.940591 0.730986
vt 0.957003 0.069225
vt 0.941802 0.063882
vt 0.971343 0.065662
vt 0.967926 0.085657
vt 0.954212 0.091129
vt 0.939961 0.711609
vt 0.953181 0.723648
vt 0.968525 0.099407
vt 0.953628 0.105625
vt 0.915663 0.038818
vt 0.926180 0.028549
vt 0.930040 0.041747
vt 0.913114 0.019835
vt 0.930040 0.015131
vt 0.957755 0.138398
vt 0.939996 0.139605
vt 0.948509 0.123533
vt 0.949384 0.158713
vt 0.921404 0.002648
vt 0.930987 0.156097
vt 0.221111 0.942765
vt 0.233362 0.958563
vt 0.235206 0.937650
vt 0.939262 0.172554
vt 0.922492 0.170911
vt 0.845594 0.979841
vt 0.845594 0.965845
vt 0.858970 0.972759
vt 0.905789 0.326254
vt 0.920555 0.319133
vt 0.920682 0.330846
vt 0.152880 0.879791
vt 0.841558 0.278585
vt 0.938191 0.321417
vt 0.115811 0.856142
vt 0.103017 0.855868
vt 0.114290 0.838142
vt 0.103017 0.837322
vt 0.938985 0.331932
vt 0.080232 0.496229
vt 0.058929 0.486451
vt 0.072542 0.480491
vt 0.046611 0.475605
vt 0.034824 0.487010
vt 0.953409 0.347525
vt 0.920628 0.407046
vt 0.936314 0.395139
vt 0.935558 0.416755
vt 0.950020 0.405030
vt 0.946869 0.422931
vt 0.941734 0.769219
vt 0.927972 0.797895
vt 0.926852 0.779794
vt 0.927212 0.758192
vt 0.915931 0.784870
vt 0.913307 0.767800
vt 0.916886 0.748759
vt 0.963058 0.118538
vt 0.924855 0.706472
vt 0.979246 0.112963
vt 0.975991 0.134532
vt 0.063841 0.608559
vt 0.080868 0.600436
vt 0.076646 0.613666
vt 0.098813 0.606802
vt 0.099252 0.591825
vt 0.111830 0.590197
vt 0.979246 0.146738
vt 0.225066 0.925415
vt 0.208401 0.926198
vt 0.202633 0.944696
vt 0.187774 0.926502
vt 0.183252 0.944184
vt 0.168795 0.926093
vt 0.152880 0.921234
vt 0.079110 0.525197
vt 0.069713 0.505142
vt 0.092428 0.509616
vt 0.055752 0.521112
vt 0.044436 0.500140
vt 0.032529 0.521795
vt 0.022395 0.504452
vt 0.016130 0.493337
vt 0.002648 0.507970
vt 0.009704 0.523263
vt 0.023168 0.542952
vt 0.965669 0.391250
vt 0.004806 0.547217
vt 0.961316 0.413969
vt 0.019212 0.563079
vt 0.002648 0.566636
vt 0.956334 0.431416
vt 0.904987 0.794504
vt 0.918044 0.799149
vt 0.014278 0.582650
vt 0.033332 0.577929
vt 0.901181 0.776733
vt 0.033724 0.592376
vt 0.016006 0.597496
vt 0.905211 0.754888
vt 0.050232 0.587238
vt 0.048989 0.602723
vt 0.906720 0.736489
vt 0.114538 0.540470
vt 0.097733 0.532635
vt 0.110413 0.517486
vt 0.180957 0.959205
vt 0.103674 0.555624
vt 0.084073 0.548225
vt 0.086838 0.569680
vt 0.065701 0.594956
vt 0.067822 0.579970
vt 0.086711 0.589101
vt 0.115813 0.928909
vt 0.115813 0.945482
vt 0.102319 0.941113
vt 0.147206 0.282305
vt 0.135909 0.282305
vt 0.146717 0.265685
vt 0.335076 0.244295
vt 0.341625 0.225069
vt 0.355216 0.242519
vt 0.363180 0.167447
vt 0.356342 0.183350
vt 0.342833 0.173459
vt 0.343951 0.260096
vt 0.320527 0.256059
vt 0.318346 0.232130
vt 0.356265 0.154885
vt 0.406057 0.237680
vt 0.403457 0.220641
vt 0.416153 0.225317
vt 0.367986 0.300338
vt 0.379871 0.287967
vt 0.384884 0.305154
vt 0.699414 0.912793
vt 0.692945 0.932689
vt 0.681454 0.916384
vt 0.324454 0.529230
vt 0.321847 0.511414
vt 0.337488 0.520017
vt 0.379093 0.165580
vt 0.416632 0.246923
vt 0.076463 0.965511
vt 0.069364 0.981983
vt 0.062353 0.965511
vt 0.692873 0.896559
vt 0.335523 0.540549
vt 0.776366 0.751958
vt 0.766150 0.735110
vt 0.788938 0.736170
vt 0.766051 0.183631
vt 0.765049 0.165132
vt 0.782453 0.179001
vt 0.812804 0.253854
vt 0.802438 0.237440
vt 0.821023 0.238004
vt 0.360948 0.448334
vt 0.340744 0.449123
vt 0.360584 0.434927
vt 0.374638 0.579391
vt 0.378868 0.558853
vt 0.391041 0.577679
vt 0.376619 0.369034
vt 0.356045 0.388473
vt 0.351766 0.366673
vt 0.399771 0.376590
vt 0.380665 0.396223
vt 0.415749 0.384376
vt 0.398083 0.402064
vt 0.359173 0.414473
vt 0.256976 0.906825
vt 0.240824 0.890069
vt 0.256976 0.877951
vt 0.240943 0.863055
vt 0.380980 0.420980
vt 0.394175 0.551972
vt 0.383743 0.535718
vt 0.836073 0.931697
vt 0.836073 0.953667
vt 0.819568 0.951138
vt 0.386386 0.511255
vt 0.398843 0.525364
vt 0.380380 0.440769
vt 0.332188 0.376998
vt 0.333818 0.402414
vt 0.337381 0.427273
vt 0.310860 0.389568
vt 0.313486 0.414544
vt 0.296506 0.400737
vt 0.317317 0.438016
vt 0.293572 0.426724
vt 0.830339 0.261637
vt 0.335274 0.350874
vt 0.315383 0.365032
vt 0.812008 0.219112
vt 0.832531 0.219324
vt 0.732173 0.120576
vt 0.732173 0.147058
vt 0.713828 0.136430
vt 0.293572 0.377351
vt 0.298413 0.352951
vt 0.318058 0.338851
vt 0.796998 0.197396
vt 0.803647 0.174854
vt 0.790244 0.218462
vt 0.777046 0.198845
vt 0.361912 0.347030
vt 0.344393 0.332294
vt 0.784794 0.154885
vt 0.372446 0.327776
vt 0.325355 0.316505
vt 0.354009 0.315181
vt 0.831769 0.742064
vt 0.812920 0.750457
vt 0.807856 0.727099
vt 0.835990 0.786765
vt 0.816561 0.773948
vt 0.838417 0.764417
vt 0.794432 0.760491
vt 0.389014 0.349387
vt 0.381689 0.311611
vt 0.399575 0.330800
vt 0.411856 0.358265
vt 0.780633 0.717735
vt 0.756259 0.717735
vt 0.418612 0.342434
vt 0.376361 0.615662
vt 0.376529 0.597011
vt 0.393769 0.595755
vt 0.362239 0.567557
vt 0.348114 0.553223
vt 0.365013 0.545173
vt 0.351034 0.531301
vt 0.367415 0.522147
vt 0.352534 0.510652
vt 0.369803 0.499047
vt 0.382880 0.493726
vt 0.370604 0.480997
vt 0.388911 0.479511
vt 0.354557 0.470570
vt 0.373847 0.463950
vt 0.672456 0.896704
vt 0.685094 0.879329
vt 0.323812 0.458654
vt 0.662473 0.877197
vt 0.647629 0.899823
vt 0.296571 0.448081
vt 0.661483 0.920343
vt 0.640590 0.924926
vt 0.629617 0.908001
vt 0.811030 0.271288
vt 0.795840 0.257265
vt 0.774944 0.258495
vt 0.782905 0.239129
vt 0.756654 0.251784
vt 0.762052 0.236296
vt 0.769363 0.217473
vt 0.742229 0.234868
vt 0.750253 0.216334
vt 0.756320 0.197507
vt 0.749447 0.177679
vt 0.735167 0.176547
vt 0.744972 0.154885
vt 0.799071 0.819170
vt 0.797573 0.803573
vt 0.817637 0.814612
vt 0.819773 0.797718
vt 0.796028 0.782732
vt 0.780504 0.808347
vt 0.776853 0.790896
vt 0.774341 0.769634
vt 0.756163 0.753620
vt 0.737565 0.759356
vt 0.748034 0.740034
vt 0.974877 0.273366
vt 0.969533 0.256086
vt 0.982117 0.256086
vt 0.731489 0.746921
vt 0.739044 0.725155
vt 0.358798 0.611214
vt 0.146793 0.215963
vt 0.135909 0.204891
vt 0.146793 0.195169
vt 0.322085 0.607905
vt 0.341502 0.600710
vt 0.337551 0.615662
vt 0.359601 0.589707
vt 0.353689 0.491011
vt 0.337106 0.500221
vt 0.337031 0.479105
vt 0.704906 0.883108
vt 0.320421 0.491630
vt 0.722380 0.889930
vt 0.709955 0.902248
vt 0.652764 0.942376
vt 0.672727 0.938230
vt 0.633942 0.946501
vt 0.643732 0.965200
vt 0.663589 0.962264
vt 0.767255 0.273289
vt 0.684860 0.953404
vt 0.677034 0.973567
vt 0.749267 0.263898
vt 0.742996 0.246287
vt 0.738437 0.194618
vt 0.732969 0.215041
vt 0.837767 0.824176
vt 0.836510 0.806800
vt 0.399447 0.288495
vt 0.410124 0.267232
vt 0.416904 0.280957
vt 0.815647 0.828218
vt 0.393935 0.274293
vt 0.403970 0.255571
vt 0.797182 0.831115
vt 0.754675 0.775700
vt 0.758487 0.798595
vt 0.413879 0.202000
vt 0.395693 0.183176
vt 0.416904 0.183803
vt 0.398519 0.163492
vt 0.392904 0.200682
vt 0.378078 0.182521
vt 0.345275 0.576928
vt 0.326246 0.584697
vt 0.330287 0.562236
vt 0.310723 0.586583
vt 0.314077 0.566826
vt 0.318217 0.546765
vt 0.311446 0.529200
vt 0.293572 0.528796
vt 0.308706 0.511210
vt 0.305149 0.243297
vt 0.303865 0.218756
vt 0.136194 0.881626
vt 0.134335 0.902557
vt 0.123152 0.891961
vt 0.121109 0.914679
vt 0.115445 0.797337
vt 0.103017 0.806715
vt 0.103017 0.784703
vt 0.939947 0.983305
vt 0.953551 0.964949
vt 0.954766 0.983305
vt 0.136194 0.926198
vt 0.722555 0.912517
vt 0.307662 0.266939
vt 0.293572 0.253948
vt 0.295198 0.277524
vt 0.711697 0.923307
vt 0.316722 0.285650
vt 0.329336 0.275391
vt 0.704208 0.945005
vt 0.722555 0.935243
vt 0.715758 0.957767
vt 0.696009 0.966982
vt 0.352541 0.273443
vt 0.339578 0.292975
vt 0.361363 0.292801
vt 0.349614 0.306315
vt 0.374000 0.277248
vt 0.364913 0.260501
vt 0.382663 0.256228
vt 0.376839 0.241507
vt 0.392966 0.239373
vt 0.302158 0.549036
vt 0.295094 0.573126
vt 0.332594 0.185392
vt 0.325236 0.209803
vt 0.311306 0.196953
vt 0.348494 0.201659
vt 0.386414 0.220735
vt 0.364749 0.221216
vt 0.372047 0.200230
vt 0.075045 0.406871
vt 0.059691 0.415391
vt 0.063573 0.395155
vt 0.007869 0.435666
vt 0.018134 0.433894
vt 0.019857 0.451821
vt 0.081853 0.392342
vt 0.090333 0.409069
vt 0.078134 0.425199
vt 0.976765 0.927754
vt 0.958951 0.921390
vt 0.977195 0.916679
vt 0.030845 0.363176
vt 0.018740 0.374520
vt 0.015041 0.362265
vt 0.963247 0.653549
vt 0.961442 0.671183
vt 0.950464 0.662259
vt 0.764548 0.483381
vt 0.757913 0.476015
vt 0.773590 0.475065
vt 0.772533 0.558127
vt 0.768737 0.538485
vt 0.785588 0.545230
vt 0.995624 0.930222
vt 0.032854 0.352378
vt 0.954084 0.639824
vt 0.777519 0.486634
vt 0.817101 0.287987
vt 0.832431 0.278585
vt 0.832431 0.295285
vt 0.773447 0.375518
vt 0.761820 0.388246
vt 0.762147 0.369319
vt 0.552258 0.091716
vt 0.541548 0.106875
vt 0.539298 0.090361
vt 0.521306 0.023928
vt 0.537187 0.033938
vt 0.517292 0.034410
vt 0.446150 0.028132
vt 0.461546 0.017857
vt 0.453815 0.037986
vt 0.977628 0.863624
vt 0.966959 0.847912
vt 0.988115 0.851584
vt 0.474077 0.089969
vt 0.479530 0.069135
vt 0.491159 0.082686
vt 0.454993 0.096160
vt 0.459348 0.074648
vt 0.435675 0.102112
vt 0.437873 0.080831
vt 0.464927 0.051904
vt 0.444419 0.057475
vt 0.977169 0.833798
vt 0.956433 0.833332
vt 0.965387 0.817780
vt 0.945343 0.817724
vt 0.434471 0.042658
vt 0.500353 0.067430
vt 0.488581 0.049655
vt 0.474478 0.032354
vt 0.509472 0.050316
vt 0.498482 0.030301
vt 0.484331 0.011680
vt 0.506699 0.015543
vt 0.909444 0.600758
vt 0.914202 0.614192
vt 0.901181 0.619799
vt 0.507719 0.086032
vt 0.520235 0.069424
vt 0.530068 0.050761
vt 0.526490 0.089453
vt 0.539140 0.071956
vt 0.545095 0.054283
vt 0.882988 0.981724
vt 0.867459 0.983160
vt 0.867459 0.964592
vt 0.555408 0.074451
vt 0.491909 0.098551
vt 0.510890 0.105186
vt 0.530583 0.109090
vt 0.492372 0.114467
vt 0.511020 0.122084
vt 0.492483 0.128028
vt 0.115549 0.812011
vt 0.115549 0.832026
vt 0.103017 0.823448
vt 0.788922 0.325154
vt 0.783096 0.339552
vt 0.770711 0.329503
vt 0.765038 0.349802
vt 0.777723 0.359514
vt 0.474937 0.104862
vt 0.474968 0.122007
vt 0.452626 0.116889
vt 0.475701 0.135710
vt 0.456283 0.129101
vt 0.749924 0.382293
vt 0.749542 0.403180
vt 0.733071 0.398618
vt 0.735945 0.419939
vt 0.434471 0.120847
vt 0.995423 0.872293
vt 0.960543 0.865909
vt 0.856203 0.038692
vt 0.864557 0.021519
vt 0.872745 0.040900
vt 0.785616 0.564056
vt 0.801189 0.556897
vt 0.799689 0.574206
vt 0.880876 0.023170
vt 0.872122 0.004047
vt 0.689705 0.146927
vt 0.689705 0.124867
vt 0.706179 0.137890
vt 0.708531 0.120576
vt 0.856203 0.002648
vt 0.939997 0.836319
vt 0.798632 0.533450
vt 0.813007 0.540713
vt 0.811383 0.521268
vt 0.827814 0.527969
vt 0.821823 0.510133
vt 0.448134 0.011914
vt 0.793692 0.490333
vt 0.808997 0.477843
vt 0.811626 0.498167
vt 0.788830 0.474874
vt 0.823972 0.491620
vt 0.469570 0.003293
vt 0.802981 0.461813
vt 0.821573 0.472256
vt 0.494820 0.002648
vt 0.783924 0.464654
vt 0.144073 0.307908
vt 0.135909 0.296239
vt 0.144073 0.287602
vt 0.515724 0.008898
vt 0.925624 0.601251
vt 0.925177 0.618209
vt 0.908398 0.626095
vt 0.939157 0.628501
vt 0.921609 0.635159
vt 0.937439 0.649408
vt 0.906364 0.648119
vt 0.919123 0.659928
vt 0.903358 0.670171
vt 0.934650 0.671678
vt 0.918739 0.681349
vt 0.905584 0.687984
vt 0.915709 0.701176
vt 0.901181 0.699769
vt 0.816148 0.335874
vt 0.800843 0.336048
vt 0.806594 0.319490
vt 0.121109 0.951841
vt 0.121109 0.932126
vt 0.131975 0.945996
vt 0.140145 0.931494
vt 0.814170 0.348442
vt 0.794904 0.353150
vt 0.015729 0.349058
vt 0.821060 0.365404
vt 0.804785 0.368508
vt 0.787917 0.372255
vt 0.778540 0.390051
vt 0.785451 0.407412
vt 0.766261 0.407048
vt 0.793758 0.428513
vt 0.773637 0.426440
vt 0.751875 0.426716
vt 0.995941 0.911090
vt 0.781929 0.439765
vt 0.761557 0.442710
vt 0.977645 0.901626
vt 0.977892 0.882081
vt 0.997352 0.893241
vt 0.797084 0.511831
vt 0.782618 0.525362
vt 0.779302 0.501423
vt 0.766176 0.516829
vt 0.765103 0.498193
vt 0.778648 0.451680
vt 0.795917 0.454184
vt 0.767774 0.466729
vt 0.940572 0.608752
vt 0.759092 0.452235
vt 0.957277 0.619809
vt 0.413560 0.672870
vt 0.406004 0.681340
vt 0.406004 0.663510
vt 0.751207 0.469564
vt 0.123105 0.377083
vt 0.115319 0.356912
vt 0.128486 0.357649
vt 0.968077 0.637085
vt 0.931987 0.694653
vt 0.949234 0.683150
vt 0.821060 0.319133
vt 0.070591 0.333435
vt 0.049146 0.342003
vt 0.055332 0.326892
vt 0.828178 0.339409
vt 0.822934 0.351806
vt 0.082578 0.346383
vt 0.063086 0.350254
vt 0.044819 0.355498
vt 0.796247 0.387722
vt 0.815898 0.384406
vt 0.804782 0.405793
vt 0.002648 0.379654
vt 0.007793 0.394194
vt 0.823489 0.401789
vt 0.810779 0.420503
vt 0.666792 0.120576
vt 0.678749 0.131345
vt 0.666792 0.145808
vt 0.684409 0.149553
vt 0.958000 0.886138
vt 0.957464 0.906937
vt 0.943788 0.868482
vt 0.939997 0.887888
vt 0.798938 0.595461
vt 0.782618 0.583804
vt 0.040935 0.461570
vt 0.020924 0.464935
vt 0.983582 0.204628
vt 0.983582 0.225979
vt 0.969533 0.214934
vt 0.135909 0.189873
vt 0.135909 0.166867
vt 0.147146 0.176852
vt 0.768355 0.572309
vt 0.817790 0.307450
vt 0.756795 0.554824
vt 0.080371 0.446638
vt 0.100332 0.451750
vt 0.080964 0.464567
vt 0.095228 0.427929
vt 0.751207 0.532250
vt 0.112800 0.430262
vt 0.751593 0.509221
vt 0.103506 0.410245
vt 0.117293 0.411645
vt 0.755004 0.493942
vt 0.128486 0.412537
vt 0.121335 0.427843
vt 0.127436 0.396367
vt 0.111477 0.394979
vt 0.098435 0.393211
vt 0.105444 0.376443
vt 0.089111 0.375889
vt 0.098625 0.355605
vt 0.974696 0.656654
vt 0.077627 0.357839
vt 0.069754 0.379255
vt 0.973060 0.676593
vt 0.958454 0.688615
vt 0.056790 0.366085
vt 0.050568 0.382184
vt 0.038802 0.370679
vt 0.060346 0.456283
vt 0.061393 0.470309
vt 0.038221 0.446660
vt 0.059458 0.437867
vt 0.039256 0.425097
vt 0.029872 0.387137
vt 0.044442 0.401754
vt 0.018802 0.410792
vt 0.828178 0.418876
vt 0.813253 0.437348
vt 0.798922 0.435587
vt 0.211211 0.251636
vt 0.199520 0.231595
vt 0.226026 0.233809
vt 0.240585 0.392220
vt 0.253888 0.399387
vt 0.238760 0.409842
vt 0.231864 0.257843
vt 0.209844 0.274352
vt 0.186194 0.258172
vt 0.228913 0.395894
vt 0.259626 0.189954
vt 0.240191 0.186372
vt 0.257717 0.172074
vt 0.705260 0.189556
vt 0.709962 0.209111
vt 0.694673 0.199950
vt 0.904116 0.018425
vt 0.886521 0.028824
vt 0.886173 0.007645
vt 0.193139 0.729459
vt 0.191286 0.707784
vt 0.210104 0.717402
vt 0.236695 0.377592
vt 0.715136 0.271192
vt 0.706559 0.288662
vt 0.702707 0.266072
vt 0.690577 0.179876
vt 0.907818 0.002648
vt 0.206951 0.736486
vt 0.208908 0.326851
vt 0.199024 0.342203
vt 0.190102 0.326568
vt 0.654815 0.241505
vt 0.653272 0.261863
vt 0.637121 0.243033
vt 0.329625 0.886602
vt 0.314978 0.873138
vt 0.338989 0.870513
vt 0.504607 0.461227
vt 0.483387 0.462942
vt 0.501024 0.447799
vt 0.180402 0.406042
vt 0.168269 0.418669
vt 0.166039 0.398033
vt 0.501413 0.381391
vt 0.486939 0.401915
vt 0.479563 0.380883
vt 0.522384 0.384139
vt 0.512178 0.404831
vt 0.538893 0.387408
vt 0.531354 0.406602
vt 0.495093 0.427372
vt 0.516745 0.427669
vt 0.152880 0.410536
vt 0.154875 0.434019
vt 0.536972 0.428792
vt 0.522929 0.449690
vt 0.461579 0.394169
vt 0.467613 0.419449
vt 0.475665 0.445066
vt 0.442756 0.410188
vt 0.447799 0.436968
vt 0.425183 0.425962
vt 0.457462 0.458707
vt 0.373630 0.900152
vt 0.350472 0.892146
vt 0.363268 0.876779
vt 0.461349 0.368624
vt 0.439824 0.382972
vt 0.423908 0.400130
vt 0.442430 0.357876
vt 0.833914 0.879979
vt 0.819568 0.860817
vt 0.837366 0.854581
vt 0.819568 0.836412
vt 0.424465 0.374094
vt 0.423908 0.347771
vt 0.322608 0.856783
vt 0.297430 0.857437
vt 0.798519 0.148531
vt 0.778341 0.148531
vt 0.786083 0.125651
vt 0.641514 0.197780
vt 0.650740 0.221947
vt 0.632238 0.220159
vt 0.486417 0.359965
vt 0.466990 0.345572
vt 0.447168 0.334940
vt 0.494163 0.338644
vt 0.474191 0.319702
vt 0.500862 0.322235
vt 0.634941 0.265671
vt 0.650127 0.290155
vt 0.453758 0.311611
vt 0.653061 0.304760
vt 0.632238 0.292250
vt 0.185480 0.312822
vt 0.207587 0.312618
vt 0.511398 0.359850
vt 0.517574 0.342410
vt 0.179147 0.349929
vt 0.169881 0.375091
vt 0.158012 0.359732
vt 0.532064 0.365066
vt 0.189579 0.366070
vt 0.183374 0.389038
vt 0.186417 0.419717
vt 0.192621 0.438410
vt 0.172070 0.439760
vt 0.201788 0.456855
vt 0.182743 0.456811
vt 0.224941 0.727649
vt 0.242950 0.714281
vt 0.239572 0.734956
vt 0.256529 0.720862
vt 0.260657 0.701031
vt 0.227908 0.706200
vt 0.244286 0.692779
vt 0.257329 0.680320
vt 0.244917 0.668020
vt 0.260657 0.659252
vt 0.227240 0.655673
vt 0.244326 0.644555
vt 0.209689 0.641006
vt 0.224651 0.632425
vt 0.259729 0.635688
vt 0.241818 0.619714
vt 0.377428 0.922234
vt 0.356909 0.914141
vt 0.362219 0.956171
vt 0.341159 0.947899
vt 0.358521 0.934695
vt 0.337615 0.926730
vt 0.221141 0.609606
vt 0.333422 0.904745
vt 0.311690 0.892408
vt 0.672677 0.169856
vt 0.658631 0.186005
vt 0.653406 0.163476
vt 0.677459 0.190588
vt 0.639766 0.179873
vt 0.297262 0.880912
vt 0.663610 0.207388
vt 0.681937 0.212733
vt 0.667961 0.227368
vt 0.837259 0.958963
vt 0.828884 0.977148
vt 0.819568 0.958963
vt 0.671049 0.251671
vt 0.688979 0.261901
vt 0.671035 0.277895
vt 0.270436 0.192749
vt 0.270777 0.173770
vt 0.287066 0.193646
vt 0.690496 0.284076
vt 0.671640 0.300871
vt 0.691411 0.305669
vt 0.672506 0.313837
vt 0.226759 0.318812
vt 0.219692 0.341857
vt 0.229117 0.360534
vt 0.210681 0.360799
vt 0.219604 0.381312
vt 0.201406 0.384309
vt 0.211556 0.399954
vt 0.193998 0.403832
vt 0.227972 0.680695
vt 0.209988 0.694735
vt 0.209835 0.666826
vt 0.190853 0.680991
vt 0.189867 0.652654
vt 0.790499 0.282059
vt 0.774792 0.298832
vt 0.772018 0.278585
vt 0.314676 0.913057
vt 0.317662 0.936281
vt 0.293572 0.900293
vt 0.293572 0.922564
vt 0.688920 0.158971
vt 0.321667 0.957021
vt 0.297379 0.945019
vt 0.705390 0.154885
vt 0.703570 0.177765
vt 0.411608 0.615130
vt 0.404140 0.597262
vt 0.416655 0.597262
vt 0.685239 0.236628
vt 0.699399 0.221814
vt 0.701272 0.245172
vt 0.279193 0.212453
vt 0.279712 0.249302
vt 0.271631 0.228518
vt 0.288275 0.234563
vt 0.264623 0.209376
vt 0.712426 0.251043
vt 0.245256 0.319684
vt 0.238795 0.337815
vt 0.233190 0.170259
vt 0.250702 0.155001
vt 0.223189 0.154885
vt 0.209111 0.170569
vt 0.245868 0.360865
vt 0.219180 0.179516
vt 0.252262 0.344853
vt 0.260765 0.363445
vt 0.252544 0.378734
vt 0.202647 0.417514
vt 0.221872 0.415858
vt 0.211951 0.435960
vt 0.232857 0.432771
vt 0.222694 0.454432
vt 0.211929 0.472593
vt 0.176452 0.720571
vt 0.152880 0.711874
vt 0.170284 0.696661
vt 0.184178 0.282349
vt 0.160511 0.262067
vt 0.159702 0.285228
vt 0.182737 0.307322
vt 0.168932 0.664888
vt 0.208527 0.300802
vt 0.153471 0.649940
vt 0.174312 0.638879
vt 0.790499 0.308924
vt 0.907818 0.038089
vt 0.165253 0.626209
vt 0.234219 0.284836
vt 0.331043 0.973202
vt 0.305362 0.963540
vt 0.233448 0.305958
vt 0.256998 0.288635
vt 0.255282 0.307322
vt 0.722394 0.174212
vt 0.252163 0.263200
vt 0.268135 0.266099
vt 0.716548 0.194561
vt 0.281502 0.268472
vt 0.267260 0.282360
vt 0.264482 0.244856
vt 0.246243 0.239621
vt 0.261065 0.221474
vt 0.721528 0.216460
vt 0.727673 0.240518
vt 0.711098 0.230963
vt 0.239828 0.216050
vt 0.252169 0.200230
vt 0.726885 0.262826
vt 0.640504 0.734689
vt 0.640504 0.757312
vt 0.627906 0.753510
vt 0.243447 0.449045
vt 0.254129 0.424098
vt 0.229456 0.466841
vt 0.253346 0.464220
vt 0.267435 0.438978
vt 0.152880 0.236863
vt 0.171259 0.233990
vt 0.184222 0.196568
vt 0.189323 0.210896
vt 0.165163 0.211672
vt 0.229676 0.195714
vt 0.215133 0.213398
vt 0.204318 0.192219
vt 0.266951 0.384676
vt 0.267435 0.409165
vt 0.774172 0.657047
vt 0.765153 0.638238
vt 0.789034 0.642721
vt 0.716071 0.575135
vt 0.728366 0.573956
vt 0.715632 0.587901
vt 0.793158 0.667543
vt 0.770571 0.677984
vt 0.751687 0.660443
vt 0.703477 0.582426
vt 0.844624 0.038437
vt 0.850906 0.053832
vt 0.839552 0.050049
vt 0.607057 0.857762
vt 0.608052 0.874525
vt 0.593394 0.864898
vt 0.442036 0.898504
vt 0.439184 0.881649
vt 0.452138 0.886006
vt 0.050546 0.814408
vt 0.039894 0.831003
vt 0.035332 0.812607
vt 0.707579 0.565804
vt 0.830551 0.030639
vt 0.597675 0.846802
vt 0.453918 0.908191
vt 0.050942 0.799793
vt 0.677653 0.531106
vt 0.670015 0.547283
vt 0.661154 0.528125
vt 0.498884 0.614272
vt 0.515235 0.624523
vt 0.498371 0.622583
vt 0.563681 0.809168
vt 0.558742 0.826715
vt 0.551082 0.810625
vt 0.430219 0.723672
vt 0.423046 0.705994
vt 0.443139 0.713067
vt 0.050543 0.751555
vt 0.035160 0.761034
vt 0.039671 0.743363
vt 0.493317 0.694542
vt 0.472201 0.689211
vt 0.486761 0.677203
vt 0.500845 0.715524
vt 0.477972 0.709564
vt 0.505153 0.732332
vt 0.484406 0.732332
vt 0.455234 0.703164
vt 0.461178 0.723165
vt 0.019196 0.752160
vt 0.018092 0.772623
vt 0.002648 0.769747
vt 0.002857 0.786258
vt 0.448582 0.730392
vt 0.471018 0.667479
vt 0.454271 0.679777
vt 0.749102 0.963147
vt 0.738819 0.981142
vt 0.731489 0.963147
vt 0.451841 0.656004
vt 0.437378 0.693292
vt 0.434199 0.669554
vt 0.437923 0.650003
vt 0.423620 0.683669
vt 0.512364 0.911567
vt 0.498428 0.898269
vt 0.513735 0.887780
vt 0.497972 0.878073
vt 0.509899 0.869409
vt 0.496502 0.862175
vt 0.490778 0.659966
vt 0.473764 0.648017
vt 0.545076 0.830622
vt 0.536123 0.813021
vt 0.495552 0.639068
vt 0.456357 0.639927
vt 0.477135 0.630247
vt 0.554329 0.846274
vt 0.539719 0.852643
vt 0.548108 0.868260
vt 0.480391 0.615236
vt 0.547904 0.884759
vt 0.536123 0.874460
vt 0.506148 0.676054
vt 0.512204 0.656208
vt 0.516671 0.635944
vt 0.527139 0.675603
vt 0.529702 0.657297
vt 0.661024 0.509442
vt 0.645917 0.526736
vt 0.677377 0.478052
vt 0.675915 0.493704
vt 0.660291 0.488225
vt 0.675337 0.512034
vt 0.516608 0.696763
vt 0.651776 0.548087
vt 0.535839 0.696634
vt 0.521484 0.717221
vt 0.664188 0.565619
vt 0.646574 0.568612
vt 0.660482 0.581580
vt 0.645917 0.584015
vt 0.658652 0.593509
vt 0.050738 0.766567
vt 0.051160 0.782022
vt 0.034766 0.777526
vt 0.034459 0.795381
vt 0.014258 0.790018
vt 0.754399 0.971742
vt 0.769034 0.963147
vt 0.769034 0.984027
vt 0.016353 0.809620
vt 0.471847 0.960810
vt 0.484775 0.946417
vt 0.489881 0.966127
vt 0.500887 0.949713
vt 0.856236 0.296661
vt 0.870235 0.287829
vt 0.870235 0.306881
vt 0.483024 0.929674
vt 0.498990 0.919906
vt 0.496851 0.938682
vt 0.467888 0.919096
vt 0.483599 0.908447
vt 0.467833 0.897401
vt 0.483631 0.885571
vt 0.467077 0.872908
vt 0.483457 0.866764
vt 0.573293 0.819430
vt 0.585615 0.833306
vt 0.568665 0.840046
vt 0.581566 0.855013
vt 0.565572 0.860511
vt 0.577785 0.875443
vt 0.561924 0.880782
vt 0.693567 0.469819
vt 0.679562 0.468238
vt 0.709183 0.477727
vt 0.692628 0.484312
vt 0.722712 0.490255
vt 0.708761 0.493608
vt 0.691584 0.500838
vt 0.719618 0.508932
vt 0.705848 0.514792
vt 0.690577 0.521900
vt 0.687273 0.542633
vt 0.697733 0.554751
vt 0.682046 0.559829
vt 0.693213 0.572779
vt 0.676147 0.579322
vt 0.688506 0.585551
vt 0.089414 0.758022
vt 0.078092 0.764737
vt 0.076160 0.748123
vt 0.065008 0.756827
vt 0.059496 0.743281
vt 0.673009 0.591318
vt 0.857329 0.278585
vt 0.469122 0.941537
vt 0.022102 0.826365
vt 0.002648 0.822389
vt 0.007919 0.840771
vt 0.451871 0.929961
vt 0.027290 0.844868
vt 0.438341 0.939052
vt 0.437075 0.917297
vt 0.577068 0.800023
vt 0.593918 0.788896
vt 0.589613 0.811893
vt 0.610074 0.785742
vt 0.606892 0.805321
vt 0.602635 0.826711
vt 0.622610 0.800426
vt 0.437892 0.862175
vt 0.453778 0.869396
vt 0.622056 0.819245
vt 0.615967 0.841359
vt 0.558263 0.896869
vt 0.574850 0.891450
vt 0.591617 0.880176
vt 0.572330 0.905279
vt 0.589365 0.895405
vt 0.838008 0.010657
vt 0.824592 0.019792
vt 0.604665 0.885715
vt 0.850906 0.002648
vt 0.844927 0.021794
vt 0.701813 0.535635
vt 0.716325 0.528526
vt 0.714522 0.549192
vt 0.731067 0.521328
vt 0.728189 0.541324
vt 0.115317 0.953995
vt 0.102319 0.967710
vt 0.102319 0.950779
vt 0.720773 0.559160
vt 0.065397 0.772941
vt 0.700409 0.595461
vt 0.082561 0.778500
vt 0.067146 0.789218
vt 0.092549 0.770783
vt 0.095031 0.786429
vt 0.081100 0.796561
vt 0.065636 0.806622
vt 0.060146 0.825223
vt 0.073768 0.840195
vt 0.049527 0.842642
vt 0.746768 0.683239
vt 0.731703 0.661506
vt 0.061681 0.858789
vt 0.836009 0.902247
vt 0.819568 0.908073
vt 0.819568 0.885275
vt 0.731581 0.679991
vt 0.749555 0.696831
vt 0.731489 0.696934
vt 0.748892 0.712438
vt 0.768772 0.695465
vt 0.827073 0.926400
vt 0.767653 0.709296
vt 0.430276 0.900557
vt 0.788890 0.710427
vt 0.790803 0.687091
vt 0.423046 0.879995
vt 0.810114 0.694073
vt 0.884937 0.938913
vt 0.868114 0.959296
vt 0.867459 0.938913
vt 0.826630 0.698913
vt 0.807661 0.712438
vt 0.812105 0.674965
vt 0.828588 0.681163
vt 0.622382 0.859231
vt 0.827734 0.659292
vt 0.808628 0.651034
vt 0.840298 0.665503
vt 0.834638 0.644341
vt 0.824949 0.635291
vt 0.640561 0.729392
vt 0.627906 0.719370
vt 0.640561 0.709505
vt 0.633077 0.701551
vt 0.803335 0.628565
vt 0.816580 0.615500
vt 0.829690 0.624903
vt 0.983707 0.249356
vt 0.975673 0.237329
vt 0.983707 0.231276
vt 0.078506 0.816247
vt 0.097720 0.804849
vt 0.091080 0.825993
vt 0.745027 0.639222
vt 0.730219 0.589315
vt 0.745911 0.572178
vt 0.737933 0.619360
vt 0.756638 0.617543
vt 0.969533 0.250789
vt 0.796541 0.608374
vt 0.781103 0.622309
vt 0.807799 0.600758
vt 0.742259 0.532845
vt 0.773793 0.606017
vt 0.736016 0.555252
vt 0.485396 0.234908
vt 0.468341 0.232732
vt 0.481105 0.216577
vt 0.069591 0.947805
vt 0.062921 0.960214
vt 0.052743 0.948327
vt 0.500326 0.225332
vt 0.498007 0.245014
vt 0.478721 0.249426
vt 0.064635 0.935253
vt 0.655309 0.073482
vt 0.650988 0.093784
vt 0.640080 0.079644
vt 0.549758 0.192384
vt 0.533331 0.179856
vt 0.548791 0.176405
vt 0.923461 0.844759
vt 0.922991 0.862028
vt 0.910051 0.847857
vt 0.415249 0.658213
vt 0.406004 0.652440
vt 0.415249 0.642847
vt 0.083069 0.938760
vt 0.646755 0.057411
vt 0.900508 0.924692
vt 0.883868 0.933617
vt 0.889333 0.912189
vt 0.916803 0.829788
vt 0.462222 0.283223
vt 0.468534 0.292144
vt 0.448355 0.287530
vt 0.584214 0.094396
vt 0.571759 0.108826
vt 0.570955 0.085069
vt 0.522114 0.488815
vt 0.530519 0.505286
vt 0.513352 0.499134
vt 0.858860 0.864993
vt 0.851913 0.880044
vt 0.847681 0.859287
vt 0.334193 0.798221
vt 0.324043 0.815270
vt 0.318806 0.793473
vt 0.039520 0.887755
vt 0.021927 0.884155
vt 0.041899 0.872434
vt 0.479827 0.557960
vt 0.460683 0.540065
vt 0.482373 0.535612
vt 0.476228 0.583085
vt 0.454912 0.565348
vt 0.472561 0.600720
vt 0.451411 0.589313
vt 0.436764 0.545152
vt 0.319168 0.744518
vt 0.319354 0.771573
vt 0.299082 0.761835
vt 0.300029 0.787370
vt 0.020119 0.864085
vt 0.002648 0.880538
vt 0.337134 0.758389
vt 0.334826 0.778693
vt 0.471362 0.517123
vt 0.447223 0.520475
vt 0.305826 0.812017
vt 0.459389 0.498357
vt 0.423908 0.525770
vt 0.432411 0.498823
vt 0.450267 0.486032
vt 0.313322 0.835170
vt 0.293572 0.833186
vt 0.866432 0.821707
vt 0.860884 0.844958
vt 0.845594 0.833882
vt 0.496350 0.519980
vt 0.485407 0.498659
vt 0.472876 0.485955
vt 0.509158 0.505095
vt 0.393125 0.904491
vt 0.398117 0.927917
vt 0.382724 0.921859
vt 0.396443 0.942474
vt 0.382724 0.938479
vt 0.594614 0.017914
vt 0.597924 0.026460
vt 0.577299 0.026020
vt 0.462740 0.474686
vt 0.484969 0.474795
vt 0.495238 0.492286
vt 0.506645 0.479345
vt 0.501053 0.544672
vt 0.516506 0.529023
vt 0.587822 0.041075
vt 0.519565 0.554171
vt 0.566573 0.047820
vt 0.579131 0.062514
vt 0.560705 0.072395
vt 0.530492 0.538954
vt 0.535839 0.562851
vt 0.524029 0.515979
vt 0.604668 0.035366
vt 0.596828 0.054059
vt 0.590533 0.074852
vt 0.499627 0.568651
vt 0.519835 0.579317
vt 0.496299 0.593269
vt 0.534103 0.585249
vt 0.514733 0.601120
vt 0.083514 0.887124
vt 0.060097 0.885967
vt 0.064968 0.871536
vt 0.490547 0.608975
vt 0.026623 0.900056
vt 0.012981 0.913506
vt 0.007095 0.896664
vt 0.382932 0.759615
vt 0.368934 0.764152
vt 0.371464 0.744518
vt 0.354789 0.750112
vt 0.352132 0.771145
vt 0.379005 0.778449
vt 0.102319 0.923613
vt 0.102319 0.904798
vt 0.115494 0.916929
vt 0.366544 0.783472
vt 0.349432 0.791348
vt 0.343414 0.813057
vt 0.795438 0.968849
vt 0.812077 0.963147
vt 0.812077 0.981429
vt 0.364073 0.839120
vt 0.346613 0.842725
vt 0.353610 0.824531
vt 0.335031 0.831159
vt 0.899555 0.834156
vt 0.879609 0.836446
vt 0.887826 0.817724
vt 0.325622 0.851486
vt 0.892601 0.852853
vt 0.874254 0.859007
vt 0.867984 0.879488
vt 0.877321 0.897229
vt 0.860229 0.897643
vt 0.870405 0.918529
vt 0.845594 0.896285
vt 0.854430 0.915178
vt 0.496527 0.468238
vt 0.866421 0.932497
vt 0.643894 0.006017
vt 0.626160 0.012575
vt 0.625615 0.002648
vt 0.609878 0.009414
vt 0.611771 0.020217
vt 0.535839 0.490372
vt 0.635349 0.040654
vt 0.615432 0.046794
vt 0.623002 0.025684
vt 0.628495 0.062348
vt 0.607814 0.069202
vt 0.619743 0.085659
vt 0.600149 0.091017
vt 0.592002 0.109709
vt 0.602479 0.123190
vt 0.582843 0.124014
vt 0.613085 0.132073
vt 0.594494 0.138557
vt 0.121109 0.979260
vt 0.121109 0.957138
vt 0.135683 0.968699
vt 0.081117 0.923191
vt 0.073746 0.902856
vt 0.091673 0.907687
vt 0.417063 0.970522
vt 0.400592 0.962012
vt 0.417063 0.949554
vt 0.059192 0.919701
vt 0.050102 0.900869
vt 0.360037 0.805010
vt 0.374117 0.797606
vt 0.371655 0.820024
vt 0.387087 0.791176
vt 0.381489 0.809554
vt 0.488023 0.288816
vt 0.496645 0.281568
vt 0.511124 0.292144
vt 0.517592 0.281010
vt 0.378542 0.830271
vt 0.371035 0.846066
vt 0.885205 0.874385
vt 0.905228 0.868442
vt 0.897587 0.893717
vt 0.915323 0.883460
vt 0.971765 0.023633
vt 0.955370 0.008331
vt 0.971765 0.002648
vt 0.907793 0.904278
vt 0.640202 0.022350
vt 0.661254 0.004821
vt 0.661496 0.016914
vt 0.654306 0.038163
vt 0.529350 0.160598
vt 0.511565 0.169218
vt 0.502290 0.154885
vt 0.488401 0.163918
vt 0.661496 0.057861
vt 0.610856 0.104993
vt 0.631468 0.100791
vt 0.621838 0.119703
vt 0.097023 0.943347
vt 0.096032 0.926107
vt 0.642139 0.114221
vt 0.631873 0.130494
vt 0.084398 0.956079
vt 0.035458 0.916346
vt 0.044878 0.933772
vt 0.021927 0.930833
vt 0.002648 0.926908
vt 0.032014 0.945255
vt 0.435774 0.260531
vt 0.449571 0.274064
vt 0.432388 0.274343
vt 0.467297 0.272753
vt 0.477985 0.286491
vt 0.102319 0.892924
vt 0.104427 0.873694
vt 0.115329 0.882748
vt 0.491631 0.261001
vt 0.471094 0.266466
vt 0.114464 0.864085
vt 0.394489 0.801292
vt 0.484568 0.277745
vt 0.505165 0.272061
vt 0.387892 0.821507
vt 0.514727 0.259197
vt 0.527154 0.268592
vt 0.383324 0.843327
vt 0.934700 0.853045
vt 0.535407 0.249751
vt 0.516134 0.236359
vt 0.546326 0.259646
vt 0.932909 0.874694
vt 0.540436 0.224931
vt 0.926764 0.899847
vt 0.519906 0.213341
vt 0.537370 0.201517
vt 0.915909 0.919075
vt 0.518331 0.188938
vt 0.497746 0.204672
vt 0.493747 0.180994
vt 0.476258 0.195580
vt 0.471948 0.176695
vt 0.467951 0.159174
vt 0.453488 0.263193
vt 0.041724 0.958343
vt 0.115329 0.899501
vt 0.440165 0.246609
vt 0.459890 0.248664
vt 0.424527 0.243018
vt 0.430272 0.227817
vt 0.448360 0.230503
vt 0.450104 0.169789
vt 0.455588 0.191882
vt 0.461253 0.213354
vt 0.433877 0.187963
vt 0.441363 0.210446
vt 0.422200 0.207793
vt 0.858916 0.785514
vt 0.575037 0.154885
vt 0.847877 0.319328
vt 0.868656 0.063882
vt 0.864104 0.600758
vt 0.578734 0.380705
vt 0.606894 0.385652
vt 0.625274 0.436084
vt 0.606894 0.457970
vt 0.578734 0.462942
vt 0.544190 0.421837
vt 0.732969 0.289808
vt 0.740620 0.280675
vt 0.762651 0.284518
vt 0.766722 0.295696
vt 0.762651 0.306890
vt 0.740620 0.310817
vt 0.267622 0.819136
vt 0.272966 0.451739
vt 0.406004 0.620959
vt 0.146380 0.466691
vt 0.283208 0.714035
vt 0.803815 0.109117
vt 0.136682 0.823637
vt 0.135909 0.259518
vt 0.280533 0.915775
vt 0.798519 0.002648
vt 0.121110 0.597936
vt 0.399785 0.744518
vt 0.095395 0.965586
vt 0.270551 0.705646
vt 0.136689 0.603877
vt 0.418126 0.591154
s 1
f 2/1/1 10/2/2 1/3/3
f 2/1/1 12/4/4 11/5/5
f 4/6/6 12/4/4 3/7/7
f 5/8/8 13/9/9 4/10/6
f 6/11/10 14/12/11 5/8/8
f 7/13/12 15/14/13 6/15/10
f 8/16/14 16/17/15 7/13/12
f 9/18/16 17/19/17 8/20/14
f 1/21/3 18/22/18 9/18/16
f 11/5/5 19/23/19 10/2/2
f 12/4/4 20/24/20 11/5/5
f 13/25/9 21/26/21 12/4/4
f 14/12/11 22/27/22 13/9/9
f 15/28/13 23/29/23 14/12/11
f 16/17/15 24/30/24 15/14/13
f 17/31/17 25/32/25 16/17/15
f 18/22/18 26/33/26 17/19/17
f 18/22/18 19/34/19 27/35/27
f 20/24/20 28/36/28 19/23/19
f 20/24/20 30/37/29 29/38/30
f 22/39/22 30/37/29 21/26/21
f 23/29/23 31/40/31 22/27/22
f 24/41/24 32/42/32 23/29/23
f 25/32/25 33/43/33 24/30/24
f 26/44/26 34/45/34 25/32/25
f 26/33/26 36/46/35 35/47/36
f 19/34/19 36/46/35 27/35/27
f 8/48/14 4/49/6 2/50/1
f 29/51/30 33/52/33 35/53/36
s 0
f 38/54/37 39/55/37 37/56/37
f 39/57/38 44/58/38 43/59/38
f 44/60/39 41/61/39 43/62/39
f 42/63/40 37/64/40 41/65/40
f 43/66/41 37/56/41 39/55/41
f 40/67/42 42/68/42 44/69/42
f 46/70/43 47/71/43 45/72/43
f 48/73/44 51/74/44 47/71/44
f 52/75/45 49/76/45 51/77/45
f 50/78/46 45/79/46 49/80/46
f 51/81/47 45/82/47 47/83/47
f 48/84/48 50/85/48 52/86/48
f 53/87/49 56/88/49 55/89/49
f 56/90/50 59/91/50 55/92/50
f 60/93/51 57/94/51 59/95/51
f 57/96/52 54/97/52 53/87/52
f 59/98/53 53/99/53 55/100/53
f 60/101/54 54/102/54 58/103/54
s 1
f 61/104/55 76/105/56 75/106/57
f 62/107/58 78/108/59 84/109/60
f 61/104/55 75/106/57 90/110/61
f 61/104/55 90/110/61 96/111/62
f 61/104/55 96/111/62 85/112/63
f 62/107/58 84/109/60 105/113/64
f 63/114/65 81/115/66 111/116/67
f 64/117/68 93/118/69 117/119/70
f 65/120/71 99/121/72 123/122/73
f 66/123/74 102/124/75 129/125/76
f 62/107/58 105/113/64 112/126/77
f 63/127/65 111/128/67 118/129/78
f 64/117/68 117/119/70 124/130/79
f 65/120/71 123/122/73 130/131/80
f 66/123/74 129/125/76 106/132/81
f 67/133/82 135/134/83 150/135/84
f 68/136/85 138/137/86 156/138/87
f 69/139/88 141/140/89 159/141/90
f 70/142/91 144/143/92 162/144/93
f 71/145/94 147/146/95 151/147/96
f 153/148/97 160/149/98 72/150/99
f 152/151/100 163/152/101 153/148/97
f 151/147/96 164/153/102 152/151/100
f 153/148/97 163/152/101 160/149/98
f 163/152/101 161/154/103 160/149/98
f 152/151/100 164/153/102 163/152/101
f 164/153/102 165/155/104 163/152/101
f 163/152/101 165/155/104 161/154/103
f 165/155/104 162/144/93 161/154/103
f 151/147/96 147/146/95 164/153/102
f 147/146/95 146/156/105 164/153/102
f 164/153/102 146/156/105 165/155/104
f 146/156/105 145/157/106 165/155/104
f 165/155/104 145/157/106 162/144/93
f 145/157/106 70/142/91 162/144/93
f 160/149/98 157/158/107 72/150/99
f 161/154/103 166/159/108 160/149/98
f 162/144/93 167/160/109 161/154/103
f 160/149/98 166/159/108 157/158/107
f 166/159/108 158/161/110 157/158/107
f 161/154/103 167/160/109 166/159/108
f 167/160/109 168/162/111 166/159/108
f 166/159/108 168/162/111 158/161/110
f 168/162/111 159/141/90 158/161/110
f 162/144/93 144/143/92 167/160/109
f 144/143/92 143/163/112 167/160/109
f 167/160/109 143/163/112 168/162/111
f 143/163/112 142/164/113 168/162/111
f 168/162/111 142/164/113 159/141/90
f 142/164/113 69/139/88 159/141/90
f 157/158/107 154/165/114 72/150/99
f 158/161/110 169/166/115 157/158/107
f 159/141/90 170/167/116 158/161/110
f 157/158/107 169/166/115 154/165/114
f 169/166/115 155/168/117 154/165/114
f 158/161/110 170/167/116 169/166/115
f 170/167/116 171/169/118 169/166/115
f 169/166/115 171/169/118 155/168/117
f 171/169/118 156/138/87 155/168/117
f 159/141/90 141/140/89 170/167/116
f 141/140/89 140/170/119 170/167/116
f 170/167/116 140/170/119 171/169/118
f 140/171/119 139/172/120 171/173/118
f 171/173/118 139/172/120 156/174/87
f 139/175/120 68/136/85 156/138/87
f 154/165/114 148/176/121 72/150/99
f 155/168/117 172/177/122 154/165/114
f 156/138/87 173/178/123 155/168/117
f 154/165/114 172/177/122 148/176/121
f 172/177/122 149/179/124 148/176/121
f 155/168/117 173/178/123 172/177/122
f 173/178/123 174/180/125 172/177/122
f 172/177/122 174/180/125 149/179/124
f 174/180/125 150/135/84 149/179/124
f 156/138/87 138/137/86 173/178/123
f 138/181/86 137/182/126 173/183/123
f 173/183/123 137/182/126 174/184/125
f 137/182/126 136/185/127 174/184/125
f 174/180/125 136/186/127 150/135/84
f 136/186/127 67/133/82 150/135/84
f 148/176/121 153/148/97 72/150/99
f 149/179/124 175/187/128 148/176/121
f 150/135/84 176/188/129 149/179/124
f 148/176/121 175/187/128 153/148/97
f 175/187/128 152/151/100 153/148/97
f 149/179/124 176/188/129 175/187/128
f 176/188/129 177/189/130 175/187/128
f 175/187/128 177/189/130 152/151/100
f 177/189/130 151/147/96 152/151/100
f 150/135/84 135/134/83 176/188/129
f 135/134/83 134/190/131 176/188/129
f 176/188/129 134/190/131 177/189/130
f 134/190/131 133/191/132 177/189/130
f 177/189/130 133/191/132 151/147/96
f 133/191/132 71/145/94 151/147/96
f 108/192/133 147/193/95 71/194/94
f 107/195/134 178/196/135 108/197/133
f 106/132/81 179/198/136 107/199/134
f 108/197/133 178/196/135 147/200/95
f 178/201/135 146/202/105 147/203/95
f 107/199/134 179/198/136 178/201/135
f 179/198/136 180/204/137 178/201/135
f 178/201/135 180/204/137 146/202/105
f 180/204/137 145/205/106 146/202/105
f 106/132/81 129/125/76 179/198/136
f 129/125/76 128/206/138 179/198/136
f 179/198/136 128/206/138 180/204/137
f 128/206/138 127/207/139 180/204/137
f 180/204/137 127/207/139 145/205/106
f 127/207/139 70/208/91 145/205/106
f 132/209/140 144/210/92 70/208/91
f 131/211/141 181/212/142 132/209/140
f 130/131/80 182/213/143 131/214/141
f 132/209/140 181/212/142 144/210/92
f 181/212/142 143/215/112 144/210/92
f 131/214/141 182/213/143 181/216/142
f 182/213/143 183/217/144 181/216/142
f 181/216/142 183/217/144 143/218/112
f 183/217/144 142/219/113 143/218/112
f 130/131/80 123/122/73 182/213/143
f 123/122/73 122/220/145 182/213/143
f 182/213/143 122/220/145 183/217/144
f 122/220/145 121/221/146 183/217/144
f 183/217/144 121/221/146 142/219/113
f 121/221/146 69/222/88 142/219/113
f 126/223/147 141/224/89 69/222/88
f 125/225/148 184/226/149 126/223/147
f 124/227/79 185/228/150 125/225/148
f 126/223/147 184/226/149 141/224/89
f 184/229/149 140/170/119 141/140/89
f 125/225/148 185/228/150 184/226/149
f 185/230/150 186/231/151 184/232/149
f 184/232/149 186/231/151 140/171/119
f 186/231/151 139/172/120 140/171/119
f 124/130/79 117/119/70 185/233/150
f 117/234/70 116/235/152 185/230/150
f 185/230/150 116/235/152 186/231/151
f 116/235/152 115/236/153 186/231/151
f 186/237/151 115/238/153 139/175/120
f 115/238/153 68/136/85 139/175/120
f 120/239/154 138/181/86 68/240/85
f 119/241/155 187/242/156 120/239/154
f 118/129/78 188/243/157 119/241/155
f 120/239/154 187/242/156 138/181/86
f 187/242/156 137/182/126 138/181/86
f 119/241/155 188/243/157 187/242/156
f 188/243/157 189/244/158 187/242/156
f 187/242/156 189/244/158 137/182/126
f 189/244/158 136/185/127 137/182/126
f 118/129/78 111/128/67 188/243/157
f 111/128/67 110/245/159 188/243/157
f 188/243/157 110/245/159 189/244/158
f 110/245/159 109/246/160 189/244/158
f 189/244/158 109/246/160 136/185/127
f 109/246/160 67/247/82 136/185/127
f 114/248/161 135/249/83 67/247/82
f 113/250/162 190/251/163 114/252/161
f 112/126/77 191/253/164 113/250/162
f 114/252/161 190/251/163 135/254/83
f 190/251/163 134/255/131 135/254/83
f 113/250/162 191/253/164 190/251/163
f 191/253/164 192/256/165 190/251/163
f 190/251/163 192/256/165 134/255/131
f 192/256/165 133/257/132 134/255/131
f 112/126/77 105/113/64 191/253/164
f 105/113/64 104/258/166 191/253/164
f 191/253/164 104/258/166 192/256/165
f 104/258/166 103/259/167 192/256/165
f 192/256/165 103/259/167 133/257/132
f 103/259/167 71/260/94 133/257/132
f 127/207/139 132/209/140 70/208/91
f 128/206/138 193/261/168 127/207/139
f 129/125/76 194/262/169 128/206/138
f 127/207/139 193/261/168 132/209/140
f 193/261/168 131/211/141 132/209/140
f 128/206/138 194/262/169 193/261/168
f 194/262/169 195/263/170 193/261/168
f 193/261/168 195/263/170 131/211/141
f 195/264/170 130/131/80 131/214/141
f 129/125/76 102/124/75 194/262/169
f 102/124/75 101/265/171 194/262/169
f 194/262/169 101/265/171 195/263/170
f 101/266/171 100/267/172 195/268/170
f 195/264/170 100/269/172 130/131/80
f 100/269/172 65/120/71 130/131/80
f 121/221/146 126/223/147 69/222/88
f 122/220/145 196/270/173 121/221/146
f 123/122/73 197/271/174 122/220/145
f 121/221/146 196/270/173 126/223/147
f 196/270/173 125/225/148 126/223/147
f 122/220/145 197/271/174 196/270/173
f 197/271/174 198/272/175 196/270/173
f 196/270/173 198/272/175 125/225/148
f 198/272/175 124/227/79 125/225/148
f 123/122/73 99/121/72 197/271/174
f 99/121/72 98/273/176 197/271/174
f 197/271/174 98/273/176 198/272/175
f 98/274/176 97/275/177 198/276/175
f 198/276/175 97/275/177 124/130/79
f 97/275/177 64/117/68 124/130/79
f 115/236/153 120/239/154 68/240/85
f 116/235/152 199/277/178 115/236/153
f 117/234/70 200/278/179 116/235/152
f 115/236/153 199/277/178 120/239/154
f 199/277/178 119/241/155 120/239/154
f 116/235/152 200/278/179 199/277/178
f 200/278/179 201/279/180 199/277/178
f 199/277/178 201/279/180 119/241/155
f 201/279/180 118/129/78 119/241/155
f 117/119/70 93/118/69 200/280/179
f 93/118/69 92/281/181 200/280/179
f 200/278/179 92/282/181 201/279/180
f 92/281/181 91/283/182 201/284/180
f 201/284/180 91/283/182 118/285/78
f 91/283/182 63/286/65 118/285/78
f 109/246/160 114/248/161 67/247/82
f 110/245/159 202/287/183 109/246/160
f 111/128/67 203/288/184 110/245/159
f 109/246/160 202/287/183 114/248/161
f 202/289/183 113/250/162 114/252/161
f 110/290/159 203/291/184 202/289/183
f 203/291/184 204/292/185 202/289/183
f 202/289/183 204/292/185 113/250/162
f 204/292/185 112/126/77 113/250/162
f 111/116/67 81/115/66 203/293/184
f 81/294/66 80/295/186 203/296/184
f 203/291/184 80/297/186 204/292/185
f 80/297/186 79/298/187 204/292/185
f 204/292/185 79/298/187 112/126/77
f 79/298/187 62/107/58 112/126/77
f 103/259/167 108/197/133 71/260/94
f 104/258/166 205/299/188 103/259/167
f 105/113/64 206/300/189 104/258/166
f 103/259/167 205/299/188 108/197/133
f 205/299/188 107/195/134 108/197/133
f 104/258/166 206/300/189 205/299/188
f 206/300/189 207/301/190 205/299/188
f 205/299/188 207/301/190 107/195/134
f 207/302/190 106/132/81 107/199/134
f 105/113/64 84/109/60 206/300/189
f 84/109/60 83/303/191 206/300/189
f 206/300/189 83/303/191 207/301/190
f 83/304/191 82/305/192 207/306/190
f 207/306/190 82/305/192 106/307/81
f 82/308/192 66/309/74 106/310/81
f 87/311/193 102/124/75 66/123/74
f 86/312/194 208/313/195 87/314/193
f 85/112/63 209/315/196 86/312/194
f 87/311/193 208/316/195 102/124/75
f 208/316/195 101/265/171 102/124/75
f 86/312/194 209/315/196 208/313/195
f 209/315/196 210/317/197 208/313/195
f 208/318/195 210/319/197 101/320/171
f 210/317/197 100/267/172 101/266/171
f 85/112/63 96/111/62 209/315/196
f 96/111/62 95/321/198 209/315/196
f 209/315/196 95/321/198 210/317/197
f 95/321/198 94/322/199 210/317/197
f 210/317/197 94/322/199 100/267/172
f 94/322/199 65/323/71 100/267/172
f 94/322/199 99/324/72 65/323/71
f 95/321/198 211/325/200 94/322/199
f 96/111/62 212/326/201 95/321/198
f 94/322/199 211/325/200 99/324/72
f 211/325/200 98/274/176 99/324/72
f 95/321/198 212/326/201 211/325/200
f 212/326/201 213/327/202 211/325/200
f 211/325/200 213/327/202 98/274/176
f 213/327/202 97/275/177 98/274/176
f 96/111/62 90/110/61 212/326/201
f 90/110/61 89/328/203 212/326/201
f 212/326/201 89/328/203 213/327/202
f 89/328/203 88/329/204 213/327/202
f 213/327/202 88/329/204 97/275/177
f 88/330/204 64/331/68 97/332/177
f 88/329/204 93/118/69 64/117/68
f 89/328/203 214/333/205 88/329/204
f 90/110/61 215/334/206 89/328/203
f 88/329/204 214/333/205 93/118/69
f 214/333/205 92/281/181 93/118/69
f 89/328/203 215/334/206 214/333/205
f 215/334/206 216/335/207 214/333/205
f 214/333/205 216/335/207 92/281/181
f 216/335/207 91/283/182 92/281/181
f 90/110/61 75/106/57 215/334/206
f 75/106/57 74/336/208 215/334/206
f 215/334/206 74/336/208 216/335/207
f 74/336/208 73/337/209 216/335/207
f 216/335/207 73/337/209 91/283/182
f 73/338/209 63/339/65 91/340/182
f 82/308/192 87/341/193 66/309/74
f 83/304/191 217/342/210 82/305/192
f 84/109/60 218/343/211 83/303/191
f 82/308/192 217/344/210 87/341/193
f 217/342/210 86/312/194 87/314/193
f 83/304/191 218/345/211 217/342/210
f 218/345/211 219/346/212 217/342/210
f 217/342/210 219/346/212 86/312/194
f 219/346/212 85/112/63 86/312/194
f 84/109/60 78/108/59 218/343/211
f 78/347/59 77/348/213 218/345/211
f 218/345/211 77/348/213 219/346/212
f 77/348/213 76/105/56 219/346/212
f 219/346/212 76/105/56 85/112/63
f 76/105/56 61/104/55 85/112/63
f 73/338/209 81/349/66 63/339/65
f 74/336/208 220/350/214 73/337/209
f 75/106/57 221/351/215 74/336/208
f 73/337/209 220/350/214 81/352/66
f 220/350/214 80/353/186 81/352/66
f 74/336/208 221/351/215 220/350/214
f 221/351/215 222/354/216 220/350/214
f 220/350/214 222/354/216 80/353/186
f 222/355/216 79/298/187 80/297/186
f 75/106/57 76/105/56 221/351/215
f 76/105/56 77/348/213 221/351/215
f 221/351/215 77/348/213 222/354/216
f 77/348/213 78/347/59 222/354/216
f 222/355/216 78/108/59 79/298/187
f 78/108/59 62/107/58 79/298/187
f 223/356/217 238/357/218 237/358/219
f 224/359/220 240/360/221 246/361/222
f 223/356/217 237/358/219 252/362/223
f 223/356/217 252/362/223 258/363/224
f 223/356/217 258/363/224 247/364/225
f 224/359/220 246/361/222 267/365/226
f 225/366/227 243/367/228 273/368/229
f 226/369/230 255/370/231 279/371/232
f 227/372/233 261/373/234 285/374/235
f 228/375/236 264/376/237 291/377/238
f 224/359/220 267/365/226 274/378/239
f 225/366/227 273/368/229 280/379/240
f 226/380/230 279/381/232 286/382/241
f 227/383/233 285/384/235 292/385/242
f 228/375/236 291/377/238 268/386/243
f 229/387/244 297/388/245 312/389/246
f 230/390/247 300/391/248 318/392/249
f 231/393/250 303/394/251 321/395/252
f 232/396/253 306/397/254 324/398/255
f 233/399/256 309/400/257 313/401/258
f 315/402/259 322/403/260 234/404/261
f 314/405/262 325/406/263 315/402/259
f 313/407/258 326/408/264 314/405/262
f 315/402/259 325/406/263 322/403/260
f 325/406/263 323/409/265 322/403/260
f 314/405/262 326/408/264 325/406/263
f 326/408/264 327/410/266 325/406/263
f 325/406/263 327/410/266 323/409/265
f 327/410/266 324/411/255 323/409/265
f 313/407/258 309/412/257 326/408/264
f 309/412/257 308/413/267 326/408/264
f 326/408/264 308/413/267 327/410/266
f 308/413/267 307/414/268 327/410/266
f 327/410/266 307/414/268 324/411/255
f 307/415/268 232/396/253 324/398/255
f 322/403/260 319/416/269 234/404/261
f 323/409/265 328/417/270 322/403/260
f 324/411/255 329/418/271 323/409/265
f 322/403/260 328/417/270 319/416/269
f 328/417/270 320/419/272 319/416/269
f 323/409/265 329/418/271 328/417/270
f 329/418/271 330/420/273 328/417/270
f 328/417/270 330/420/273 320/419/272
f 330/420/273 321/395/252 320/419/272
f 324/398/255 306/397/254 329/421/271
f 306/397/254 305/422/274 329/421/271
f 329/418/271 305/423/274 330/420/273
f 305/423/274 304/424/275 330/420/273
f 330/420/273 304/424/275 321/395/252
f 304/424/275 231/393/250 321/395/252
f 319/416/269 316/425/276 234/404/261
f 320/419/272 331/426/277 319/416/269
f 321/395/252 332/427/278 320/419/272
f 319/416/269 331/426/277 316/425/276
f 331/426/277 317/428/279 316/425/276
f 320/419/272 332/427/278 331/426/277
f 332/427/278 333/429/280 331/426/277
f 331/426/277 333/429/280 317/428/279
f 333/430/280 318/431/249 317/432/279
f 321/395/252 303/394/251 332/427/278
f 303/394/251 302/433/281 332/427/278
f 332/427/278 302/433/281 333/429/280
f 302/433/281 301/434/282 333/429/280
f 333/430/280 301/435/282 318/431/249
f 301/436/282 230/390/247 318/392/249
f 316/425/276 310/437/283 234/404/261
f 317/428/279 334/438/284 316/425/276
f 318/439/249 335/440/285 317/428/279
f 316/425/276 334/438/284 310/437/283
f 334/438/284 311/441/286 310/437/283
f 317/428/279 335/440/285 334/438/284
f 335/442/285 336/443/287 334/444/284
f 334/444/284 336/443/287 311/445/286
f 336/443/287 312/389/246 311/445/286
f 318/446/249 300/447/248 335/442/285
f 300/447/248 299/448/288 335/442/285
f 335/442/285 299/448/288 336/443/287
f 299/448/288 298/449/289 336/443/287
f 336/443/287 298/449/289 312/389/246
f 298/449/289 229/387/244 312/389/246
f 310/437/283 315/402/259 234/404/261
f 311/441/286 337/450/290 310/437/283
f 312/389/246 338/451/291 311/445/286
f 310/437/283 337/450/290 315/402/259
f 337/450/290 314/405/262 315/402/259
f 311/441/286 338/452/291 337/450/290
f 338/452/291 339/453/292 337/450/290
f 337/450/290 339/453/292 314/405/262
f 339/453/292 313/407/258 314/405/262
f 312/389/246 297/388/245 338/451/291
f 297/388/245 296/454/293 338/451/291
f 338/451/291 296/454/293 339/455/292
f 296/454/293 295/456/294 339/455/292
f 339/453/292 295/457/294 313/407/258
f 295/458/294 233/399/256 313/401/258
f 270/459/295 309/400/257 233/399/256
f 269/460/296 340/461/297 270/459/295
f 268/462/243 341/463/298 269/460/296
f 270/459/295 340/461/297 309/400/257
f 340/461/297 308/464/267 309/400/257
f 269/460/296 341/463/298 340/461/297
f 341/465/298 342/466/299 340/467/297
f 340/467/297 342/466/299 308/468/267
f 342/466/299 307/415/268 308/468/267
f 268/386/243 291/377/238 341/465/298
f 291/377/238 290/469/300 341/465/298
f 341/465/298 290/469/300 342/466/299
f 290/470/300 289/471/301 342/472/299
f 342/466/299 289/473/301 307/415/268
f 289/474/301 232/475/253 307/476/268
f 294/477/302 306/397/254 232/396/253
f 293/478/303 343/479/304 294/477/302
f 292/385/242 344/480/305 293/478/303
f 294/477/302 343/479/304 306/397/254
f 343/481/304 305/482/274 306/483/254
f 293/484/303 344/485/305 343/486/304
f 344/485/305 345/487/306 343/486/304
f 343/486/304 345/487/306 305/488/274
f 345/487/306 304/489/275 305/488/274
f 292/385/242 285/384/235 344/480/305
f 285/384/235 284/490/307 344/480/305
f 344/480/305 284/490/307 345/491/306
f 284/490/307 283/492/308 345/491/306
f 345/491/306 283/492/308 304/493/275
f 283/494/308 231/393/250 304/424/275
f 288/495/309 303/496/251 231/497/250
f 287/498/310 346/499/311 288/495/309
f 286/382/241 347/500/312 287/498/310
f 288/495/309 346/499/311 303/496/251
f 346/501/311 302/433/281 303/394/251
f 287/498/310 347/500/312 346/499/311
f 347/500/312 348/502/313 346/499/311
f 346/501/311 348/503/313 302/433/281
f 348/503/313 301/434/282 302/433/281
f 286/382/241 279/381/232 347/500/312
f 279/381/232 278/504/314 347/500/312
f 347/500/312 278/504/314 348/502/313
f 278/504/314 277/505/315 348/502/313
f 348/503/313 277/506/315 301/434/282
f 277/507/315 230/508/247 301/509/282
f 282/510/316 300/447/248 230/508/247
f 281/511/317 349/512/318 282/510/316
f 280/379/240 350/513/319 281/511/317
f 282/510/316 349/512/318 300/447/248
f 349/512/318 299/448/288 300/447/248
f 281/511/317 350/513/319 349/512/318
f 350/513/319 351/514/320 349/512/318
f 349/512/318 351/514/320 299/448/288
f 351/514/320 298/449/289 299/448/288
f 280/379/240 273/368/229 350/513/319
f 273/368/229 272/515/321 350/513/319
f 350/513/319 272/515/321 351/514/320
f 272/515/321 271/516/322 351/514/320
f 351/514/320 271/516/322 298/449/289
f 271/516/322 229/387/244 298/449/289
f 276/517/323 297/388/245 229/387/244
f 275/518/324 352/519/325 276/517/323
f 274/520/239 353/521/326 275/518/324
f 276/517/323 352/519/325 297/388/245
f 352/519/325 296/454/293 297/388/245
f 275/518/324 353/521/326 352/519/325
f 353/521/326 354/522/327 352/519/325
f 352/519/325 354/522/327 296/454/293
f 354/523/327 295/458/294 296/524/293
f 274/525/239 267/526/226 353/527/326
f 267/528/226 266/529/328 353/530/326
f 353/521/326 266/531/328 354/522/327
f 266/532/328 265/533/329 354/523/327
f 354/523/327 265/533/329 295/458/294
f 265/533/329 233/399/256 295/458/294
f 289/473/301 294/477/302 232/396/253
f 290/469/300 355/534/330 289/473/301
f 291/377/238 356/535/331 290/469/300
f 289/473/301 355/534/330 294/477/302
f 355/534/330 293/478/303 294/477/302
f 290/469/300 356/535/331 355/534/330
f 356/535/331 357/536/332 355/534/330
f 355/534/330 357/536/332 293/478/303
f 357/536/332 292/385/242 293/478/303
f 291/377/238 264/376/237 356/535/331
f 264/376/237 263/537/333 356/535/331
f 356/535/331 263/537/333 357/536/332
f 263/537/333 262/538/334 357/536/332
f 357/536/332 262/538/334 292/385/242
f 262/538/334 227/383/233 292/385/242
f 283/494/308 288/539/309 231/393/250
f 284/540/307 358/541/335 283/542/308
f 285/374/235 359/543/336 284/540/307
f 283/542/308 358/541/335 288/495/309
f 358/541/335 287/498/310 288/495/309
f 284/540/307 359/543/336 358/541/335
f 359/543/336 360/544/337 358/541/335
f 358/541/335 360/544/337 287/498/310
f 360/544/337 286/382/241 287/498/310
f 285/374/235 261/373/234 359/543/336
f 261/373/234 260/545/338 359/543/336
f 359/543/336 260/545/338 360/544/337
f 260/545/338 259/546/339 360/544/337
f 360/544/337 259/546/339 286/382/241
f 259/546/339 226/380/230 286/382/241
f 277/507/315 282/510/316 230/508/247
f 278/547/314 361/548/340 277/507/315
f 279/381/232 362/549/341 278/504/314
f 277/507/315 361/548/340 282/510/316
f 361/548/340 281/511/317 282/510/316
f 278/547/314 362/550/341 361/548/340
f 362/550/341 363/551/342 361/548/340
f 361/548/340 363/551/342 281/511/317
f 363/551/342 280/379/240 281/511/317
f 279/371/232 255/370/231 362/552/341
f 255/370/231 254/553/343 362/552/341
f 362/552/341 254/553/343 363/554/342
f 254/553/343 253/555/344 363/554/342
f 363/554/342 253/555/344 280/556/240
f 253/557/344 225/366/227 280/379/240
f 271/516/322 276/517/323 229/387/244
f 272/515/321 364/558/345 271/516/322
f 273/368/229 365/559/346 272/515/321
f 271/516/322 364/558/345 276/517/323
f 364/558/345 275/518/324 276/517/323
f 272/515/321 365/559/346 364/558/345
f 365/559/346 366/560/347 364/558/345
f 364/558/345 366/560/347 275/518/324
f 366/560/347 274/520/239 275/518/324
f 273/368/229 243/367/228 365/559/346
f 243/561/228 242/562/348 365/563/346
f 365/563/346 242/562/348 366/564/347
f 242/562/348 241/565/349 366/564/347
f 366/564/347 241/565/349 274/378/239
f 241/565/349 224/359/220 274/378/239
f 265/533/329 270/459/295 233/399/256
f 266/532/328 367/566/350 265/533/329
f 267/528/226 368/567/351 266/529/328
f 265/533/329 367/566/350 270/459/295
f 367/566/350 269/460/296 270/459/295
f 266/532/328 368/568/351 367/566/350
f 368/568/351 369/569/352 367/566/350
f 367/566/350 369/569/352 269/460/296
f 369/569/352 268/462/243 269/460/296
f 267/570/226 246/571/222 368/568/351
f 246/571/222 245/572/353 368/568/351
f 368/568/351 245/572/353 369/569/352
f 245/573/353 244/574/354 369/575/352
f 369/575/352 244/574/354 268/576/243
f 244/574/354 228/577/236 268/576/243
f 249/578/355 264/579/237 228/577/236
f 248/580/356 370/581/357 249/578/355
f 247/364/225 371/582/358 248/580/356
f 249/578/355 370/581/357 264/579/237
f 370/583/357 263/537/333 264/376/237
f 248/580/356 371/582/358 370/581/357
f 371/584/358 372/585/359 370/583/357
f 370/583/357 372/585/359 263/537/333
f 372/585/359 262/538/334 263/537/333
f 247/364/225 258/363/224 371/582/358
f 258/363/224 257/586/360 371/582/358
f 371/584/358 257/587/360 372/585/359
f 257/586/360 256/588/361 372/589/359
f 372/585/359 256/590/361 262/538/334
f 256/590/361 227/383/233 262/538/334
f 256/591/361 261/373/234 227/372/233
f 257/586/360 373/592/362 256/588/361
f 258/363/224 374/593/363 257/586/360
f 256/591/361 373/594/362 261/373/234
f 373/594/362 260/545/338 261/373/234
f 257/586/360 374/593/363 373/592/362
f 374/593/363 375/595/364 373/592/362
f 373/592/362 375/595/364 260/596/338
f 375/595/364 259/597/339 260/596/338
f 258/363/224 252/362/223 374/593/363
f 252/362/223 251/598/365 374/593/363
f 374/593/363 251/598/365 375/595/364
f 251/598/365 250/599/366 375/595/364
f 375/595/364 250/599/366 259/597/339
f 250/599/366 226/369/230 259/597/339
f 250/599/366 255/370/231 226/369/230
f 251/598/365 376/600/367 250/599/366
f 252/362/223 377/601/368 251/598/365
f 250/599/366 376/600/367 255/370/231
f 376/600/367 254/553/343 255/370/231
f 251/598/365 377/601/368 376/600/367
f 377/601/368 378/602/369 376/600/367
f 376/600/367 378/602/369 254/553/343
f 378/602/369 253/555/344 254/553/343
f 252/362/223 237/358/219 377/601/368
f 237/358/219 236/603/370 377/601/368
f 377/601/368 236/603/370 378/602/369
f 236/603/370 235/604/371 378/602/369
f 378/602/369 235/604/371 253/555/344
f 235/604/371 225/605/227 253/555/344
f 244/574/354 249/578/355 228/577/236
f 245/573/353 379/606/372 244/574/354
f 246/361/222 380/607/373 245/573/353
f 244/574/354 379/606/372 249/578/355
f 379/608/372 248/609/356 249/610/355
f 245/573/353 380/607/373 379/606/372
f 380/607/373 381/611/374 379/606/372
f 379/606/372 381/611/374 248/580/356
f 381/612/374 247/613/225 248/614/356
f 246/361/222 240/360/221 380/607/373
f 240/360/221 239/615/375 380/607/373
f 380/607/373 239/615/375 381/611/374
f 239/615/375 238/357/218 381/611/374
f 381/611/374 238/357/218 247/364/225
f 238/357/218 223/356/217 247/364/225
f 235/604/371 243/561/228 225/605/227
f 236/603/370 382/616/376 235/604/371
f 237/358/219 383/617/377 236/603/370
f 235/604/371 382/616/376 243/561/228
f 382/616/376 242/562/348 243/561/228
f 236/603/370 383/617/377 382/616/376
f 383/617/377 384/618/378 382/616/376
f 382/616/376 384/618/378 242/562/348
f 384/618/378 241/565/349 242/562/348
f 237/358/219 238/357/218 383/617/377
f 238/357/218 239/615/375 383/617/377
f 383/617/377 239/615/375 384/618/378
f 239/615/375 240/360/221 384/618/378
f 384/618/378 240/360/221 241/565/349
f 240/360/221 224/359/220 241/565/349
f 385/619/379 400/620/380 399/621/381
f 386/622/382 402/623/383 408/624/384
f 385/619/379 399/621/381 414/625/385
f 385/619/379 414/625/385 420/626/386
f 385/619/379 420/626/386 409/627/387
f 386/622/382 408/624/384 429/628/388
f 387/629/389 405/630/390 435/631/391
f 388/632/392 417/633/393 441/634/394
f 389/635/395 423/636/396 447/637/397
f 390/638/398 426/639/399 453/640/400
f 386/622/382 429/628/388 436/641/401
f 387/629/389 435/631/391 442/642/402
f 388/643/392 441/644/394 448/645/403
f 389/635/395 447/637/397 454/646/404
f 390/638/398 453/640/400 430/647/405
f 391/648/406 459/649/407 474/650/408
f 392/651/409 462/652/410 480/653/411
f 393/654/412 465/655/413 483/656/414
f 394/657/415 468/658/416 486/659/417
f 395/660/418 471/661/419 475/662/420
f 477/663/421 484/664/422 396/665/423
f 476/666/424 487/667/425 477/663/421
f 475/662/420 488/668/426 476/669/424
f 477/663/421 487/667/425 484/664/422
f 487/667/425 485/670/427 484/664/422
f 476/666/424 488/671/426 487/667/425
f 488/671/426 489/672/428 487/667/425
f 487/667/425 489/672/428 485/670/427
f 489/672/428 486/659/417 485/670/427
f 475/662/420 471/661/419 488/668/426
f 471/673/419 470/674/429 488/675/426
f 488/675/426 470/674/429 489/676/428
f 470/674/429 469/677/430 489/676/428
f 489/672/428 469/678/430 486/659/417
f 469/678/430 394/657/415 486/659/417
f 484/664/422 481/679/431 396/665/423
f 485/670/427 490/680/432 484/664/422
f 486/659/417 491/681/433 485/670/427
f 484/664/422 490/680/432 481/679/431
f 490/680/432 482/682/434 481/679/431
f 485/670/427 491/681/433 490/680/432
f 491/681/433 492/683/435 490/680/432
f 490/680/432 492/683/435 482/682/434
f 492/683/435 483/684/414 482/682/434
f 486/659/417 468/658/416 491/681/433
f 468/658/416 467/685/436 491/681/433
f 491/681/433 467/685/436 492/683/435
f 467/686/436 466/687/437 492/688/435
f 492/683/435 466/689/437 483/684/414
f 466/690/437 393/654/412 483/656/414
f 481/679/431 478/691/438 396/665/423
f 482/682/434 493/692/439 481/679/431
f 483/684/414 494/693/440 482/682/434
f 481/679/431 493/692/439 478/691/438
f 493/692/439 479/694/441 478/691/438
f 482/682/434 494/693/440 493/692/439
f 494/693/440 495/695/442 493/692/439
f 493/692/439 495/695/442 479/694/441
f 495/695/442 480/696/411 479/694/441
f 483/684/414 465/697/413 494/693/440
f 465/697/413 464/698/443 494/693/440
f 494/693/440 464/698/443 495/695/442
f 464/698/443 463/699/444 495/695/442
f 495/695/442 463/699/444 480/696/411
f 463/700/444 392/701/409 480/702/411
f 478/691/438 472/703/445 396/665/423
f 479/694/441 496/704/446 478/691/438
f 480/696/411 497/705/447 479/694/441
f 478/691/438 496/704/446 472/703/445
f 496/704/446 473/706/448 472/703/445
f 479/694/441 497/705/447 496/704/446
f 497/705/447 498/707/449 496/704/446
f 496/704/446 498/707/449 473/706/448
f 498/707/449 474/708/408 473/706/448
f 480/653/411 462/652/410 497/709/447
f 462/652/410 461/710/450 497/709/447
f 497/709/447 461/710/450 498/711/449
f 461/710/450 460/712/451 498/711/449
f 498/711/449 460/712/451 474/713/408
f 460/712/451 391/714/406 474/713/408
f 472/703/445 477/663/421 396/665/423
f 473/706/448 499/715/452 472/703/445
f 474/708/408 500/716/453 473/706/448
f 472/703/445 499/715/452 477/663/421
f 499/715/452 476/666/424 477/663/421
f 473/706/448 500/716/453 499/715/452
f 500/717/453 501/718/454 499/719/452
f 499/715/452 501/720/454 476/666/424
f 501/720/454 475/721/420 476/666/424
f 474/650/408 459/649/407 500/717/453
f 459/649/407 458/722/455 500/717/453
f 500/717/453 458/722/455 501/718/454
f 458/722/455 457/723/456 501/718/454
f 501/718/454 457/723/456 475/662/420
f 457/724/456 395/725/418 475/726/420
f 432/727/457 471/661/419 395/660/418
f 431/728/458 502/729/459 432/730/457
f 430/647/405 503/731/460 431/728/458
f 432/730/457 502/729/459 471/673/419
f 502/729/459 470/674/429 471/673/419
f 431/728/458 503/731/460 502/729/459
f 503/731/460 504/732/461 502/729/459
f 502/729/459 504/732/461 470/674/429
f 504/732/461 469/677/430 470/674/429
f 430/647/405 453/640/400 503/731/460
f 453/640/400 452/733/462 503/731/460
f 503/731/460 452/733/462 504/732/461
f 452/733/462 451/734/463 504/732/461
f 504/732/461 451/734/463 469/677/430
f 451/734/463 394/735/415 469/677/430
f 456/736/464 468/658/416 394/657/415
f 455/737/465 505/738/466 456/739/464
f 454/740/404 506/741/467 455/737/465
f 456/736/464 505/742/466 468/658/416
f 505/742/466 467/685/436 468/658/416
f 455/737/465 506/741/467 505/738/466
f 506/743/467 507/744/468 505/745/466
f 505/742/466 507/746/468 467/685/436
f 507/746/468 466/689/437 467/685/436
f 454/646/404 447/637/397 506/743/467
f 447/637/397 446/747/469 506/743/467
f 506/743/467 446/747/469 507/744/468
f 446/747/469 445/748/470 507/744/468
f 507/746/468 445/749/470 466/689/437
f 445/749/470 393/750/412 466/689/437
f 450/751/471 465/655/413 393/654/412
f 449/752/472 508/753/473 450/751/471
f 448/645/403 509/754/474 449/752/472
f 450/751/471 508/753/473 465/655/413
f 508/753/473 464/755/443 465/655/413
f 449/752/472 509/754/474 508/753/473
f 509/754/474 510/756/475 508/753/473
f 508/753/473 510/756/475 464/755/443
f 510/756/475 463/757/444 464/755/443
f 448/645/403 441/644/394 509/754/474
f 441/644/394 440/758/476 509/754/474
f 509/754/474 440/758/476 510/756/475
f 440/759/476 439/760/477 510/761/475
f 510/761/475 439/760/477 463/762/444
f 439/763/477 392/701/409 463/700/444
f 444/764/478 462/652/410 392/651/409
f 443/765/479 511/766/480 444/764/478
f 442/642/402 512/767/481 443/765/479
f 444/764/478 511/766/480 462/652/410
f 511/766/480 461/710/450 462/652/410
f 443/765/479 512/767/481 511/766/480
f 512/767/481 513/768/482 511/766/480
f 511/766/480 513/768/482 461/710/450
f 513/768/482 460/712/451 461/710/450
f 442/642/402 435/631/391 512/767/481
f 435/631/391 434/769/483 512/767/481
f 512/767/481 434/769/483 513/768/482
f 434/769/483 433/770/484 513/768/482
f 513/768/482 433/770/484 460/712/451
f 433/770/484 391/714/406 460/712/451
f 438/771/485 459/649/407 391/648/406
f 437/772/486 514/773/487 438/771/485
f 436/641/401 515/774/488 437/772/486
f 438/771/485 514/773/487 459/649/407
f 514/773/487 458/722/455 459/649/407
f 437/772/486 515/774/488 514/773/487
f 515/774/488 516/775/489 514/773/487
f 514/773/487 516/775/489 458/722/455
f 516/775/489 457/723/456 458/722/455
f 436/641/401 429/628/388 515/774/488
f 429/628/388 428/776/490 515/774/488
f 515/774/488 428/776/490 516/775/489
f 428/777/490 427/778/491 516/779/489
f 516/779/489 427/778/491 457/724/456
f 427/778/491 395/725/418 457/724/456
f 451/734/463 456/739/464 394/735/415
f 452/733/462 517/780/492 451/734/463
f 453/640/400 518/781/493 452/733/462
f 451/734/463 517/780/492 456/739/464
f 517/780/492 455/737/465 456/739/464
f 452/733/462 518/781/493 517/780/492
f 518/781/493 519/782/494 517/780/492
f 517/780/492 519/782/494 455/737/465
f 519/782/494 454/740/404 455/737/465
f 453/640/400 426/639/399 518/781/493
f 426/639/399 425/783/495 518/781/493
f 518/781/493 425/783/495 519/782/494
f 425/784/495 424/785/496 519/786/494
f 519/786/494 424/785/496 454/787/404
f 424/785/496 389/788/395 454/787/404
f 445/748/470 450/751/471 393/654/412
f 446/747/469 520/789/497 445/748/470
f 447/637/397 521/790/498 446/747/469
f 445/748/470 520/789/497 450/751/471
f 520/789/497 449/752/472 450/751/471
f 446/747/469 521/790/498 520/789/497
f 521/790/498 522/791/499 520/789/497
f 520/789/497 522/791/499 449/752/472
f 522/791/499 448/645/403 449/752/472
f 447/792/397 423/793/396 521/794/498
f 423/636/396 422/795/500 521/790/498
f 521/790/498 422/795/500 522/791/499
f 422/795/500 421/796/501 522/791/499
f 522/791/499 421/796/501 448/645/403
f 421/796/501 388/643/392 448/645/403
f 439/797/477 444/764/478 392/651/409
f 440/798/476 523/799/502 439/800/477
f 441/801/394 524/802/503 440/803/476
f 439/797/477 523/804/502 444/764/478
f 523/804/502 443/765/479 444/764/478
f 440/798/476 524/805/503 523/799/502
f 524/806/503 525/807/504 523/804/502
f 523/804/502 525/807/504 443/765/479
f 525/807/504 442/642/402 443/765/479
f 441/634/394 417/633/393 524/808/503
f 417/809/393 416/810/505 524/811/503
f 524/806/503 416/812/505 525/807/504
f 416/812/505 415/813/506 525/807/504
f 525/807/504 415/813/506 442/642/402
f 415/814/506 387/815/389 442/816/402
f 433/817/484 438/771/485 391/648/406
f 434/769/483 526/818/507 433/770/484
f 435/631/391 527/819/508 434/769/483
f 433/770/484 526/818/507 438/820/485
f 526/818/507 437/821/486 438/820/485
f 434/769/483 527/819/508 526/818/507
f 527/819/508 528/822/509 526/818/507
f 526/823/507 528/824/509 437/772/486
f 528/824/509 436/641/401 437/772/486
f 435/631/391 405/630/390 527/819/508
f 405/630/390 404/825/510 527/819/508
f 527/819/508 404/825/510 528/822/509
f 404/825/510 403/826/511 528/822/509
f 528/824/509 403/827/511 436/641/401
f 403/827/511 386/622/382 436/641/401
f 427/828/491 432/727/457 395/660/418
f 428/776/490 529/829/512 427/828/491
f 429/628/388 530/830/513 428/776/490
f 427/828/491 529/829/512 432/727/457
f 529/831/512 431/728/458 432/730/457
f 428/776/490 530/830/513 529/829/512
f 530/830/513 531/832/514 529/829/512
f 529/831/512 531/833/514 431/728/458
f 531/833/514 430/647/405 431/728/458
f 429/628/388 408/624/384 530/830/513
f 408/624/384 407/834/515 530/830/513
f 530/830/513 407/834/515 531/832/514
f 407/835/515 406/836/516 531/833/514
f 531/833/514 406/836/516 430/647/405
f 406/836/516 390/638/398 430/647/405
f 411/837/517 426/639/399 390/638/398
f 410/838/518 532/839/519 411/840/517
f 409/627/387 533/841/520 410/838/518
f 411/840/517 532/839/519 426/842/399
f 532/839/519 425/843/495 426/842/399
f 410/844/518 533/845/520 532/846/519
f 533/841/520 534/847/521 532/839/519
f 532/848/519 534/849/521 425/850/495
f 534/849/521 424/851/496 425/850/495
f 409/627/387 420/626/386 533/841/520
f 420/626/386 419/852/522 533/841/520
f 533/841/520 419/852/522 534/847/521
f 419/852/522 418/853/523 534/847/521
f 534/849/521 418/854/523 424/851/496
f 418/855/523 389/788/395 424/785/496
f 418/856/523 423/636/396 389/635/395
f 419/852/522 535/857/524 418/853/523
f 420/626/386 536/858/525 419/852/522
f 418/856/523 535/859/524 423/636/396
f 535/859/524 422/795/500 423/636/396
f 419/852/522 536/858/525 535/857/524
f 536/858/525 537/860/526 535/857/524
f 535/859/524 537/861/526 422/795/500
f 537/861/526 421/796/501 422/795/500
f 420/626/386 414/625/385 536/858/525
f 414/625/385 413/862/527 536/858/525
f 536/858/525 413/862/527 537/860/526
f 413/863/527 412/864/528 537/861/526
f 537/861/526 412/864/528 421/796/501
f 412/864/528 388/643/392 421/796/501
f 412/865/528 417/633/393 388/632/392
f 413/863/527 538/866/529 412/864/528
f 414/625/385 539/867/530 413/862/527
f 412/864/528 538/866/529 417/809/393
f 538/866/529 416/810/505 417/809/393
f 413/862/527 539/867/530 538/868/529
f 539/867/530 540/869/531 538/868/529
f 538/870/529 540/871/531 416/812/505
f 540/871/531 415/813/506 416/812/505
f 414/625/385 399/621/381 539/867/530
f 399/621/381 398/872/532 539/867/530
f 539/867/530 398/872/532 540/869/531
f 398/873/532 397/874/533 540/871/531
f 540/871/531 397/874/533 415/813/506
f 397/874/533 387/629/389 415/813/506
f 406/836/516 411/837/517 390/638/398
f 407/835/515 541/875/534 406/836/516
f 408/876/384 542/877/535 407/878/515
f 406/836/516 541/875/534 411/837/517
f 541/879/534 410/838/518 411/840/517
f 407/878/515 542/877/535 541/879/534
f 542/877/535 543/880/536 541/879/534
f 541/879/534 543/880/536 410/838/518
f 543/880/536 409/627/387 410/838/518
f 408/876/384 402/881/383 542/877/535
f 402/881/383 401/882/537 542/877/535
f 542/877/535 401/882/537 543/880/536
f 401/882/537 400/620/380 543/880/536
f 543/880/536 400/620/380 409/627/387
f 400/620/380 385/619/379 409/627/387
f 397/874/533 405/630/390 387/629/389
f 398/873/532 544/883/538 397/874/533
f 399/621/381 545/884/539 398/872/532
f 397/885/533 544/886/538 405/887/390
f 544/883/538 404/825/510 405/630/390
f 398/872/532 545/884/539 544/888/538
f 545/884/539 546/889/540 544/888/538
f 544/883/538 546/890/540 404/825/510
f 546/890/540 403/826/511 404/825/510
f 399/621/381 400/620/380 545/884/539
f 400/620/380 401/882/537 545/884/539
f 545/884/539 401/882/537 546/889/540
f 401/882/537 402/881/383 546/889/540
f 546/889/540 402/881/383 403/891/511
f 402/623/383 386/622/382 403/827/511
f 547/892/541 562/893/542 561/894/543
f 548/895/544 564/896/545 570/897/546
f 547/892/541 561/894/543 576/898/547
f 547/892/541 576/898/547 582/899/548
f 547/892/541 582/899/548 571/900/549
f 548/901/544 570/902/546 591/903/550
f 549/904/551 567/905/552 597/906/553
f 550/907/554 579/908/555 603/909/556
f 551/910/557 585/911/558 609/912/559
f 552/913/560 588/914/561 615/915/562
f 548/916/544 591/917/550 598/918/563
f 549/904/551 597/906/553 604/919/564
f 550/920/554 603/921/556 610/922/565
f 551/910/557 609/912/559 616/923/566
f 552/913/560 615/915/562 592/924/567
f 553/925/568 621/926/569 636/927/570
f 554/928/571 624/929/572 642/930/573
f 555/931/574 627/932/575 645/933/576
f 556/934/577 630/935/578 648/936/579
f 557/937/580 633/938/581 637/939/582
f 639/940/583 646/941/584 558/942/585
f 638/943/586 649/944/587 639/940/583
f 637/945/582 650/946/588 638/943/586
f 639/940/583 649/944/587 646/941/584
f 649/944/587 647/947/589 646/941/584
f 638/943/586 650/946/588 649/944/587
f 650/946/588 651/948/590 649/944/587
f 649/944/587 651/948/590 647/947/589
f 651/948/590 648/936/579 647/947/589
f 637/939/582 633/938/581 650/949/588
f 633/938/581 632/950/591 650/949/588
f 650/946/588 632/951/591 651/948/590
f 632/951/591 631/952/592 651/948/590
f 651/948/590 631/952/592 648/936/579
f 631/952/592 556/934/577 648/936/579
f 646/941/584 643/953/593 558/942/585
f 647/947/589 652/954/594 646/941/584
f 648/936/579 653/955/595 647/947/589
f 646/941/584 652/954/594 643/953/593
f 652/954/594 644/956/596 643/953/593
f 647/947/589 653/955/595 652/954/594
f 653/955/595 654/957/597 652/954/594
f 652/954/594 654/957/597 644/956/596
f 654/957/597 645/933/576 644/956/596
f 648/936/579 630/935/578 653/955/595
f 630/935/578 629/958/598 653/955/595
f 653/955/595 629/958/598 654/957/597
f 629/959/598 628/960/599 654/961/597
f 654/961/597 628/960/599 645/962/576
f 628/963/599 555/931/574 645/933/576
f 643/953/593 640/964/600 558/942/585
f 644/956/596 655/965/601 643/953/593
f 645/933/576 656/966/602 644/956/596
f 643/953/593 655/965/601 640/964/600
f 655/965/601 641/967/603 640/964/600
f 644/956/596 656/966/602 655/965/601
f 656/966/602 657/968/604 655/965/601
f 655/965/601 657/968/604 641/967/603
f 657/968/604 642/930/573 641/967/603
f 645/933/576 627/932/575 656/966/602
f 627/932/575 626/969/605 656/966/602
f 656/966/602 626/969/605 657/968/604
f 626/969/605 625/970/606 657/968/604
f 657/968/604 625/970/606 642/930/573
f 625/970/606 554/928/571 642/930/573
f 640/964/600 634/971/607 558/942/585
f 641/967/603 658/972/608 640/964/600
f 642/930/573 659/973/609 641/967/603
f 640/964/600 658/972/608 634/971/607
f 658/972/608 635/974/610 634/971/607
f 641/967/603 659/973/609 658/972/608
f 659/973/609 660/975/611 658/972/608
f 658/972/608 660/975/611 635/974/610
f 660/976/611 636/927/570 635/977/610
f 642/930/573 624/929/572 659/973/609
f 624/929/572 623/978/612 659/973/609
f 659/973/609 623/978/612 660/975/611
f 623/979/612 622/980/613 660/976/611
f 660/976/611 622/980/613 636/927/570
f 622/980/613 553/925/568 636/927/570
f 634/971/607 639/940/583 558/942/585
f 635/974/610 661/981/614 634/971/607
f 636/927/570 662/982/615 635/977/610
f 634/971/607 661/981/614 639/940/583
f 661/981/614 638/943/586 639/940/583
f 635/974/610 662/983/615 661/981/614
f 662/983/615 663/984/616 661/981/614
f 661/985/614 663/986/616 638/987/586
f 663/986/616 637/988/582 638/987/586
f 636/927/570 621/926/569 662/982/615
f 621/926/569 620/989/617 662/982/615
f 662/990/615 620/991/617 663/992/616
f 620/989/617 619/993/618 663/986/616
f 663/986/616 619/993/618 637/988/582
f 619/994/618 557/937/580 637/939/582
f 594/995/619 633/938/581 557/937/580
f 593/996/620 664/997/621 594/995/619
f 592/924/567 665/998/622 593/996/620
f 594/995/619 664/997/621 633/938/581
f 664/997/621 632/950/591 633/938/581
f 593/996/620 665/998/622 664/997/621
f 665/998/622 666/999/623 664/997/621
f 664/997/621 666/999/623 632/950/591
f 666/999/623 631/1000/592 632/950/591
f 592/924/567 615/915/562 665/998/622
f 615/915/562 614/1001/624 665/998/622
f 665/998/622 614/1001/624 666/999/623
f 614/1001/624 613/1002/625 666/999/623
f 666/999/623 613/1002/625 631/1000/592
f 613/1003/625 556/934/577 631/952/592
f 618/1004/626 630/1005/578 556/1006/577
f 617/1007/627 667/1008/628 618/1009/626
f 616/923/566 668/1010/629 617/1011/627
f 618/1004/626 667/1012/628 630/1005/578
f 667/1012/628 629/1013/598 630/1005/578
f 617/1011/627 668/1010/629 667/1012/628
f 668/1010/629 669/1014/630 667/1012/628
f 667/1012/628 669/1014/630 629/1013/598
f 669/1015/630 628/1016/599 629/1017/598
f 616/923/566 609/912/559 668/1010/629
f 609/912/559 608/1018/631 668/1010/629
f 668/1010/629 608/1018/631 669/1014/630
f 608/1018/631 607/1019/632 669/1014/630
f 669/1014/630 607/1019/632 628/1020/599
f 607/1019/632 555/1021/574 628/1020/599
f 612/1022/633 627/1023/575 555/1021/574
f 611/1024/634 670/1025/635 612/1022/633
f 610/922/565 671/1026/636 611/1024/634
f 612/1022/633 670/1025/635 627/1023/575
f 670/1025/635 626/1027/605 627/1023/575
f 611/1024/634 671/1026/636 670/1025/635
f 671/1026/636 672/1028/637 670/1025/635
f 670/1025/635 672/1028/637 626/1027/605
f 672/1029/637 625/1030/606 626/1031/605
f 610/922/565 603/921/556 671/1026/636
f 603/921/556 602/1032/638 671/1026/636
f 671/1026/636 602/1032/638 672/1028/637
f 602/1033/638 601/1034/639 672/1029/637
f 672/1029/637 601/1034/639 625/1030/606
f 601/1034/639 554/1035/571 625/1030/606
f 606/1036/640 624/1037/572 554/1035/571
f 605/1038/641 673/1039/642 606/1036/640
f 604/919/564 674/1040/643 605/1038/641
f 606/1036/640 673/1039/642 624/1037/572
f 673/1041/642 623/979/612 624/1042/572
f 605/1043/641 674/1044/643 673/1041/642
f 674/1044/643 675/1045/644 673/1041/642
f 673/1041/642 675/1045/644 623/979/612
f 675/1045/644 622/980/613 623/979/612
f 604/919/564 597/906/553 674/1040/643
f 597/906/553 596/1046/645 674/1040/643
f 674/1040/643 596/1046/645 675/1047/644
f 596/1048/645 595/1049/646 675/1045/644
f 675/1045/644 595/1049/646 622/980/613
f 595/1050/646 553/1051/568 622/1052/613
f 600/1053/647 621/1054/569 553/1051/568
f 599/1055/648 676/1056/649 600/1057/647
f 598/918/563 677/1058/650 599/1055/648
f 600/1053/647 676/1059/649 621/1054/569
f 676/1056/649 620/989/617 621/926/569
f 599/1055/648 677/1058/650 676/1056/649
f 677/1058/650 678/1060/651 676/1056/649
f 676/1056/649 678/1060/651 620/989/617
f 678/1060/651 619/993/618 620/989/617
f 598/918/563 591/917/550 677/1058/650
f 591/903/550 590/1061/652 677/1062/650
f 677/1062/650 590/1061/652 678/1063/651
f 590/1064/652 589/1065/653 678/1060/651
f 678/1060/651 589/1065/653 619/993/618
f 589/1066/653 557/1067/580 619/1068/618
f 613/1069/625 618/1004/626 556/1006/577
f 614/1070/624 679/1071/654 613/1069/625
f 615/915/562 680/1072/655 614/1001/624
f 613/1069/625 679/1071/654 618/1004/626
f 679/1073/654 617/1007/627 618/1009/626
f 614/1070/624 680/1074/655 679/1071/654
f 680/1075/655 681/1076/656 679/1077/654
f 679/1077/654 681/1076/656 617/1078/627
f 681/1079/656 616/923/566 617/1011/627
f 615/915/562 588/914/561 680/1072/655
f 588/1080/561 587/1081/657 680/1082/655
f 680/1082/655 587/1081/657 681/1083/656
f 587/1081/657 586/1084/658 681/1083/656
f 681/1079/656 586/1085/658 616/923/566
f 586/1085/658 551/910/557 616/923/566
f 607/1019/632 612/1022/633 555/1021/574
f 608/1018/631 682/1086/659 607/1019/632
f 609/912/559 683/1087/660 608/1018/631
f 607/1019/632 682/1086/659 612/1022/633
f 682/1086/659 611/1024/634 612/1022/633
f 608/1018/631 683/1087/660 682/1086/659
f 683/1087/660 684/1088/661 682/1086/659
f 682/1086/659 684/1088/661 611/1024/634
f 684/1088/661 610/922/565 611/1024/634
f 609/912/559 585/911/558 683/1087/660
f 585/911/558 584/1089/662 683/1087/660
f 683/1087/660 584/1089/662 684/1088/661
f 584/1089/662 583/1090/663 684/1088/661
f 684/1088/661 583/1090/663 610/922/565
f 583/1090/663 550/920/554 610/922/565
f 601/1034/639 606/1036/640 554/1035/571
f 602/1033/638 685/1091/664 601/1034/639
f 603/1092/556 686/1093/665 602/1033/638
f 601/1034/639 685/1091/664 606/1036/640
f 685/1091/664 605/1038/641 606/1036/640
f 602/1033/638 686/1093/665 685/1091/664
f 686/1093/665 687/1094/666 685/1091/664
f 685/1091/664 687/1094/666 605/1038/641
f 687/1094/666 604/919/564 605/1038/641
f 603/1092/556 579/1095/555 686/1093/665
f 579/1095/555 578/1096/667 686/1093/665
f 686/1093/665 578/1096/667 687/1094/666
f 578/1096/667 577/1097/668 687/1094/666
f 687/1094/666 577/1097/668 604/919/564
f 577/1097/668 549/904/551 604/919/564
f 595/1050/646 600/1053/647 553/1051/568
f 596/1048/645 688/1098/669 595/1049/646
f 597/906/553 689/1099/670 596/1046/645
f 595/1049/646 688/1098/669 600/1057/647
f 688/1098/669 599/1055/648 600/1057/647
f 596/1048/645 689/1100/670 688/1098/669
f 689/1100/670 690/1101/671 688/1098/669
f 688/1098/669 690/1101/671 599/1055/648
f 690/1101/671 598/918/563 599/1055/648
f 597/906/553 567/905/552 689/1099/670
f 567/1102/552 566/1103/672 689/1104/670
f 689/1104/670 566/1103/672 690/1105/671
f 566/1103/672 565/1106/673 690/1105/671
f 690/1105/671 565/1106/673 598/1107/563
f 565/1108/673 548/916/544 598/918/563
f 589/1109/653 594/995/619 557/937/580
f 590/1061/652 691/1110/674 589/1109/653
f 591/903/550 692/1111/675 590/1061/652
f 589/1109/653 691/1110/674 594/995/619
f 691/1110/674 593/996/620 594/995/619
f 590/1061/652 692/1111/675 691/1110/674
f 692/1111/675 693/1112/676 691/1110/674
f 691/1110/674 693/1112/676 593/996/620
f 693/1112/676 592/924/567 593/996/620
f 591/903/550 570/902/546 692/1111/675
f 570/902/546 569/1113/677 692/1111/675
f 692/1111/675 569/1113/677 693/1112/676
f 569/1113/677 568/1114/678 693/1112/676
f 693/1112/676 568/1114/678 592/924/567
f 568/1114/678 552/913/560 592/924/567
f 573/1115/679 588/914/561 552/913/560
f 572/1116/680 694/1117/681 573/1118/679
f 571/900/549 695/1119/682 572/1116/680
f 573/1118/679 694/1117/681 588/1080/561
f 694/1117/681 587/1081/657 588/1080/561
f 572/1116/680 695/1119/682 694/1117/681
f 695/1119/682 696/1120/683 694/1117/681
f 694/1117/681 696/1120/683 587/1081/657
f 696/1120/683 586/1084/658 587/1081/657
f 571/900/549 582/899/548 695/1119/682
f 582/899/548 581/1121/684 695/1119/682
f 695/1119/682 581/1121/684 696/1120/683
f 581/1121/684 580/1122/685 696/1120/683
f 696/1120/683 580/1122/685 586/1084/658
f 580/1122/685 551/1123/557 586/1084/658
f 580/1122/685 585/1124/558 551/1123/557
f 581/1121/684 697/1125/686 580/1122/685
f 582/899/548 698/1126/687 581/1121/684
f 580/1122/685 697/1125/686 585/1124/558
f 697/1127/686 584/1089/662 585/911/558
f 581/1121/684 698/1126/687 697/1125/686
f 698/1126/687 699/1128/688 697/1125/686
f 697/1127/686 699/1129/688 584/1089/662
f 699/1129/688 583/1090/663 584/1089/662
f 582/899/548 576/898/547 698/1126/687
f 576/898/547 575/1130/689 698/1126/687
f 698/1126/687 575/1130/689 699/1128/688
f 575/1130/689 574/1131/690 699/1128/688
f 699/1129/688 574/1132/690 583/1090/663
f 574/1132/690 550/920/554 583/1090/663
f 574/1133/690 579/1095/555 550/1134/554
f 575/1130/689 700/1135/691 574/1131/690
f 576/898/547 701/1136/692 575/1130/689
f 574/1133/690 700/1137/691 579/1095/555
f 700/1137/691 578/1096/667 579/1095/555
f 575/1130/689 701/1136/692 700/1135/691
f 701/1136/692 702/1138/693 700/1135/691
f 700/1135/691 702/1138/693 578/1139/667
f 702/1140/693 577/1097/668 578/1096/667
f 576/898/547 561/894/543 701/1136/692
f 561/894/543 560/1141/694 701/1136/692
f 701/1136/692 560/1141/694 702/1138/693
f 560/1141/694 559/1142/695 702/1138/693
f 702/1140/693 559/1143/695 577/1097/668
f 559/1143/695 549/904/551 577/1097/668
f 568/1114/678 573/1115/679 552/913/560
f 569/1144/677 703/1145/696 568/1146/678
f 570/902/546 704/1147/697 569/1113/677
f 568/1146/678 703/1145/696 573/1118/679
f 703/1145/696 572/1116/680 573/1118/679
f 569/1144/677 704/1148/697 703/1145/696
f 704/1148/697 705/1149/698 703/1145/696
f 703/1145/696 705/1149/698 572/1116/680
f 705/1149/698 571/900/549 572/1116/680
f 570/897/546 564/896/545 704/1148/697
f 564/896/545 563/1150/699 704/1148/697
f 704/1148/697 563/1150/699 705/1149/698
f 563/1150/699 562/893/542 705/1149/698
f 705/1149/698 562/893/542 571/900/549
f 562/893/542 547/892/541 571/900/549
f 559/1143/695 567/905/552 549/904/551
f 560/1141/694 706/1151/700 559/1142/695
f 561/894/543 707/1152/701 560/1141/694
f 559/1142/695 706/1151/700 567/1102/552
f 706/1151/700 566/1103/672 567/1102/552
f 560/1141/694 707/1152/701 706/1151/700
f 707/1152/701 708/1153/702 706/1151/700
f 706/1154/700 708/1155/702 566/1156/672
f 708/1157/702 565/1158/673 566/1159/672
f 561/894/543 562/893/542 707/1152/701
f 562/893/542 563/1150/699 707/1152/701
f 707/1152/701 563/1150/699 708/1153/702
f 563/1150/699 564/896/545 708/1153/702
f 708/1153/702 564/896/545 565/1106/673
f 564/896/545 548/895/544 565/1106/673
f 709/1160/703 724/1161/704 723/1162/705
f 710/1163/706 726/1164/707 732/1165/708
f 709/1160/703 723/1162/705 738/1166/709
f 709/1160/703 738/1166/709 744/1167/710
f 709/1160/703 744/1167/710 733/1168/711
f 710/1163/706 732/1165/708 753/1169/712
f 711/1170/713 729/1171/714 759/1172/715
f 712/1173/716 741/1174/717 765/1175/718
f 713/1176/719 747/1177/720 771/1178/721
f 714/1179/722 750/1180/723 777/1181/724
f 710/1163/706 753/1169/712 760/1182/725
f 711/1170/713 759/1172/715 766/1183/726
f 712/1184/716 765/1185/718 772/1186/727
f 713/1176/719 771/1178/721 778/1187/728
f 714/1179/722 777/1181/724 754/1188/729
f 715/1189/730 783/1190/731 798/1191/732
f 716/1192/733 786/1193/734 804/1194/735
f 717/1195/736 789/1196/737 807/1197/738
f 718/1198/739 792/1199/740 810/1200/741
f 719/1201/742 795/1202/743 799/1203/744
f 801/1204/745 808/1205/746 720/1206/747
f 800/1207/748 811/1208/749 801/1204/745
f 799/1209/744 812/1210/750 800/1207/748
f 801/1204/745 811/1208/749 808/1205/746
f 811/1208/749 809/1211/751 808/1205/746
f 800/1212/748 812/1213/750 811/1214/749
f 812/1213/750 813/1215/752 811/1214/749
f 811/1208/749 813/1216/752 809/1211/751
f 813/1216/752 810/1200/741 809/1211/751
f 799/1203/744 795/1202/743 812/1217/750
f 795/1202/743 794/1218/753 812/1217/750
f 812/1219/750 794/1220/753 813/1221/752
f 794/1218/753 793/1222/754 813/1223/752
f 813/1216/752 793/1224/754 810/1200/741
f 793/1224/754 718/1198/739 810/1200/741
f 808/1205/746 805/1225/755 720/1206/747
f 809/1211/751 814/1226/756 808/1205/746
f 810/1200/741 815/1227/757 809/1211/751
f 808/1205/746 814/1226/756 805/1225/755
f 814/1226/756 806/1228/758 805/1225/755
f 809/1211/751 815/1227/757 814/1226/756
f 815/1227/757 816/1229/759 814/1226/756
f 814/1226/756 816/1229/759 806/1228/758
f 816/1229/759 807/1230/738 806/1228/758
f 810/1200/741 792/1199/740 815/1227/757
f 792/1199/740 791/1231/760 815/1227/757
f 815/1227/757 791/1231/760 816/1229/759
f 791/1231/760 790/1232/761 816/1229/759
f 816/1229/759 790/1232/761 807/1230/738
f 790/1233/761 717/1195/736 807/1197/738
f 805/1225/755 802/1234/762 720/1206/747
f 806/1228/758 817/1235/763 805/1225/755
f 807/1197/738 818/1236/764 806/1237/758
f 805/1225/755 817/1235/763 802/1234/762
f 817/1238/763 803/1239/765 802/1240/762
f 806/1228/758 818/1241/764 817/1235/763
f 818/1241/764 819/1242/766 817/1235/763
f 817/1235/763 819/1242/766 803/1243/765
f 819/1244/766 804/1194/735 803/1245/765
f 807/1197/738 789/1196/737 818/1236/764
f 789/1196/737 788/1246/767 818/1236/764
f 818/1236/764 788/1246/767 819/1244/766
f 788/1246/767 787/1247/768 819/1244/766
f 819/1244/766 787/1247/768 804/1194/735
f 787/1247/768 716/1192/733 804/1194/735
f 802/1234/762 796/1248/769 720/1206/747
f 803/1243/765 820/1249/770 802/1234/762
f 804/1194/735 821/1250/771 803/1245/765
f 802/1234/762 820/1249/770 796/1248/769
f 820/1249/770 797/1251/772 796/1248/769
f 803/1243/765 821/1252/771 820/1249/770
f 821/1252/771 822/1253/773 820/1249/770
f 820/1254/770 822/1255/773 797/1256/772
f 822/1255/773 798/1191/732 797/1256/772
f 804/1194/735 786/1193/734 821/1250/771
f 786/1257/734 785/1258/774 821/1259/771
f 821/1259/771 785/1258/774 822/1255/773
f 785/1258/774 784/1260/775 822/1255/773
f 822/1255/773 784/1260/775 798/1191/732
f 784/1260/775 715/1189/730 798/1191/732
f 796/1248/769 801/1204/745 720/1206/747
f 797/1251/772 823/1261/776 796/1248/769
f 798/1262/732 824/1263/777 797/1251/772
f 796/1248/769 823/1261/776 801/1204/745
f 823/1261/776 800/1207/748 801/1204/745
f 797/1251/772 824/1263/777 823/1261/776
f 824/1263/777 825/1264/778 823/1261/776
f 823/1261/776 825/1264/778 800/1207/748
f 825/1264/778 799/1209/744 800/1207/748
f 798/1191/732 783/1190/731 824/1265/777
f 783/1190/731 782/1266/779 824/1265/777
f 824/1263/777 782/1267/779 825/1264/778
f 782/1268/779 781/1269/780 825/1270/778
f 825/1270/778 781/1269/780 799/1203/744
f 781/1269/780 719/1201/742 799/1203/744
f 756/1271/781 795/1202/743 719/1201/742
f 755/1272/782 826/1273/783 756/1271/781
f 754/1188/729 827/1274/784 755/1272/782
f 756/1271/781 826/1273/783 795/1202/743
f 826/1273/783 794/1218/753 795/1202/743
f 755/1272/782 827/1274/784 826/1273/783
f 827/1274/784 828/1275/785 826/1273/783
f 826/1273/783 828/1275/785 794/1218/753
f 828/1275/785 793/1222/754 794/1218/753
f 754/1188/729 777/1181/724 827/1274/784
f 777/1181/724 776/1276/786 827/1274/784
f 827/1274/784 776/1276/786 828/1275/785
f 776/1276/786 775/1277/787 828/1275/785
f 828/1275/785 775/1277/787 793/1222/754
f 775/1277/787 718/1278/739 793/1222/754
f 780/1279/788 792/1280/740 718/1278/739
f 779/1281/789 829/1282/790 780/1279/788
f 778/1187/728 830/1283/791 779/1284/789
f 780/1279/788 829/1282/790 792/1280/740
f 829/1285/790 791/1231/760 792/1199/740
f 779/1284/789 830/1283/791 829/1286/790
f 830/1283/791 831/1287/792 829/1286/790
f 829/1285/790 831/1288/792 791/1231/760
f 831/1288/792 790/1232/761 791/1231/760
f 778/1187/728 771/1178/721 830/1283/791
f 771/1178/721 770/1289/793 830/1283/791
f 830/1283/791 770/1289/793 831/1287/792
f 770/1289/793 769/1290/794 831/1287/792
f 831/1287/792 769/1290/794 790/1291/761
f 769/1292/794 717/1195/736 790/1233/761
f 774/1293/795 789/1196/737 717/1195/736
f 773/1294/796 832/1295/797 774/1293/795
f 772/1296/727 833/1297/798 773/1294/796
f 774/1293/795 832/1295/797 789/1196/737
f 832/1295/797 788/1246/767 789/1196/737
f 773/1294/796 833/1297/798 832/1295/797
f 833/1297/798 834/1298/799 832/1295/797
f 832/1295/797 834/1298/799 788/1246/767
f 834/1298/799 787/1247/768 788/1246/767
f 772/1296/727 765/1299/718 833/1297/798
f 765/1299/718 764/1300/800 833/1297/798
f 833/1297/798 764/1300/800 834/1298/799
f 764/1300/800 763/1301/801 834/1298/799
f 834/1298/799 763/1301/801 787/1247/768
f 763/1301/801 716/1192/733 787/1247/768
f 768/1302/802 786/1193/734 716/1192/733
f 767/1303/803 835/1304/804 768/1302/802
f 766/1305/726 836/1306/805 767/1307/803
f 768/1302/802 835/1304/804 786/1193/734
f 835/1308/804 785/1258/774 786/1257/734
f 767/1307/803 836/1306/805 835/1308/804
f 836/1306/805 837/1309/806 835/1308/804
f 835/1308/804 837/1309/806 785/1258/774
f 837/1309/806 784/1260/775 785/1258/774
f 766/1305/726 759/1310/715 836/1306/805
f 759/1310/715 758/1311/807 836/1306/805
f 836/1306/805 758/1311/807 837/1309/806
f 758/1311/807 757/1312/808 837/1309/806
f 837/1309/806 757/1312/808 784/1260/775
f 757/1312/808 715/1189/730 784/1260/775
f 762/1313/809 783/1190/731 715/1189/730
f 761/1314/810 838/1315/811 762/1313/809
f 760/1316/725 839/1317/812 761/1318/810
f 762/1313/809 838/1315/811 783/1190/731
f 838/1315/811 782/1266/779 783/1190/731
f 761/1314/810 839/1319/812 838/1315/811
f 839/1319/812 840/1320/813 838/1315/811
f 838/1315/811 840/1320/813 782/1266/779
f 840/1321/813 781/1269/780 782/1268/779
f 760/1322/725 753/1323/712 839/1324/812
f 753/1325/712 752/1326/814 839/1327/812
f 839/1327/812 752/1326/814 840/1321/813
f 752/1326/814 751/1328/815 840/1321/813
f 840/1321/813 751/1328/815 781/1269/780
f 751/1328/815 719/1201/742 781/1269/780
f 775/1277/787 780/1279/788 718/1278/739
f 776/1276/786 841/1329/816 775/1277/787
f 777/1181/724 842/1330/817 776/1276/786
f 775/1277/787 841/1329/816 780/1279/788
f 841/1329/816 779/1281/789 780/1279/788
f 776/1276/786 842/1330/817 841/1329/816
f 842/1330/817 843/1331/818 841/1329/816
f 841/1329/816 843/1331/818 779/1281/789
f 843/1332/818 778/1187/728 779/1284/789
f 777/1181/724 750/1180/723 842/1330/817
f 750/1180/723 749/1333/819 842/1330/817
f 842/1330/817 749/1333/819 843/1331/818
f 749/1334/819 748/1335/820 843/1332/818
f 843/1332/818 748/1335/820 778/1187/728
f 748/1335/820 713/1176/719 778/1187/728
f 769/1292/794 774/1293/795 717/1195/736
f 770/1289/793 844/1336/821 769/1290/794
f 771/1178/721 845/1337/822 770/1289/793
f 769/1290/794 844/1336/821 774/1338/795
f 844/1336/821 773/1339/796 774/1338/795
f 770/1289/793 845/1337/822 844/1336/821
f 845/1337/822 846/1340/823 844/1336/821
f 844/1336/821 846/1340/823 773/1339/796
f 846/1341/823 772/1296/727 773/1294/796
f 771/1178/721 747/1177/720 845/1337/822
f 747/1177/720 746/1342/824 845/1337/822
f 845/1337/822 746/1342/824 846/1340/823
f 746/1342/824 745/1343/825 846/1340/823
f 846/1341/823 745/1344/825 772/1296/727
f 745/1344/825 712/1345/716 772/1296/727
f 763/1301/801 768/1302/802 716/1192/733
f 764/1300/800 847/1346/826 763/1301/801
f 765/1299/718 848/1347/827 764/1300/800
f 763/1301/801 847/1346/826 768/1302/802
f 847/1348/826 767/1307/803 768/1349/802
f 764/1300/800 848/1347/827 847/1346/826
f 848/1350/827 849/1351/828 847/1352/826
f 847/1348/826 849/1353/828 767/1307/803
f 849/1353/828 766/1305/726 767/1307/803
f 765/1175/718 741/1174/717 848/1350/827
f 741/1174/717 740/1354/829 848/1350/827
f 848/1350/827 740/1354/829 849/1351/828
f 740/1354/829 739/1355/830 849/1351/828
f 849/1353/828 739/1356/830 766/1305/726
f 739/1355/830 711/1170/713 766/1183/726
f 757/1312/808 762/1313/809 715/1189/730
f 758/1311/807 850/1357/831 757/1312/808
f 759/1310/715 851/1358/832 758/1311/807
f 757/1312/808 850/1357/831 762/1313/809
f 850/1357/831 761/1314/810 762/1313/809
f 758/1311/807 851/1358/832 850/1357/831
f 851/1359/832 852/1360/833 850/1361/831
f 850/1361/831 852/1360/833 761/1362/810
f 852/1360/833 760/1182/725 761/1362/810
f 759/1172/715 729/1171/714 851/1359/832
f 729/1171/714 728/1363/834 851/1359/832
f 851/1359/832 728/1363/834 852/1360/833
f 728/1363/834 727/1364/835 852/1360/833
f 852/1360/833 727/1364/835 760/1182/725
f 727/1364/835 710/1163/706 760/1182/725
f 751/1328/815 756/1271/781 719/1201/742
f 752/1326/814 853/1365/836 751/1328/815
f 753/1325/712 854/1366/837 752/1326/814
f 751/1328/815 853/1365/836 756/1271/781
f 853/1365/836 755/1272/782 756/1271/781
f 752/1326/814 854/1366/837 853/1365/836
f 854/1366/837 855/1367/838 853/1365/836
f 853/1365/836 855/1367/838 755/1272/782
f 855/1367/838 754/1188/729 755/1272/782
f 753/1325/712 732/1368/708 854/1366/837
f 732/1368/708 731/1369/839 854/1366/837
f 854/1366/837 731/1369/839 855/1367/838
f 731/1369/839 730/1370/840 855/1367/838
f 855/1367/838 730/1370/840 754/1188/729
f 730/1370/840 714/1179/722 754/1188/729
f 735/1371/841 750/1180/723 714/1179/722
f 734/1372/842 856/1373/843 735/1371/841
f 733/1168/711 857/1374/844 734/1375/842
f 735/1376/841 856/1377/843 750/1378/723
f 856/1377/843 749/1379/819 750/1378/723
f 734/1380/842 857/1381/844 856/1382/843
f 857/1383/844 858/1384/845 856/1385/843
f 856/1377/843 858/1386/845 749/1379/819
f 858/1387/845 748/1335/820 749/1334/819
f 733/1168/711 744/1167/710 857/1374/844
f 744/1167/710 743/1388/846 857/1374/844
f 857/1374/844 743/1388/846 858/1389/845
f 743/1388/846 742/1390/847 858/1389/845
f 858/1387/845 742/1391/847 748/1335/820
f 742/1391/847 713/1176/719 748/1335/820
f 742/1391/847 747/1177/720 713/1176/719
f 743/1388/846 859/1392/848 742/1390/847
f 744/1167/710 860/1393/849 743/1388/846
f 742/1391/847 859/1394/848 747/1177/720
f 859/1394/848 746/1342/824 747/1177/720
f 743/1395/846 860/1396/849 859/1394/848
f 860/1396/849 861/1397/850 859/1394/848
f 859/1394/848 861/1397/850 746/1342/824
f 861/1397/850 745/1343/825 746/1342/824
f 744/1167/710 738/1166/709 860/1393/849
f 738/1166/709 737/1398/851 860/1393/849
f 860/1393/849 737/1398/851 861/1399/850
f 737/1398/851 736/1400/852 861/1399/850
f 861/1399/850 736/1400/852 745/1401/825
f 736/1400/852 712/1173/716 745/1401/825
f 736/1400/852 741/1174/717 712/1173/716
f 737/1398/851 862/1402/853 736/1400/852
f 738/1166/709 863/1403/854 737/1398/851
f 736/1400/852 862/1402/853 741/1174/717
f 862/1402/853 740/1354/829 741/1174/717
f 737/1398/851 863/1403/854 862/1402/853
f 863/1403/854 864/1404/855 862/1402/853
f 862/1402/853 864/1404/855 740/1354/829
f 864/1404/855 739/1355/830 740/1354/829
f 738/1166/709 723/1162/705 863/1403/854
f 723/1162/705 722/1405/856 863/1403/854
f 863/1403/854 722/1405/856 864/1404/855
f 722/1405/856 721/1406/857 864/1404/855
f 864/1404/855 721/1406/857 739/1355/830
f 721/1406/857 711/1170/713 739/1355/830
f 730/1370/840 735/1371/841 714/1179/722
f 731/1369/839 865/1407/858 730/1370/840
f 732/1368/708 866/1408/859 731/1369/839
f 730/1370/840 865/1407/858 735/1371/841
f 865/1407/858 734/1372/842 735/1371/841
f 731/1369/839 866/1408/859 865/1407/858
f 866/1409/859 867/1410/860 865/1411/858
f 865/1411/858 867/1410/860 734/1375/842
f 867/1410/860 733/1168/711 734/1375/842
f 732/1165/708 726/1164/707 866/1409/859
f 726/1164/707 725/1412/861 866/1409/859
f 866/1409/859 725/1412/861 867/1410/860
f 725/1412/861 724/1161/704 867/1410/860
f 867/1410/860 724/1161/704 733/1168/711
f 724/1161/704 709/1160/703 733/1168/711
f 721/1406/857 729/1171/714 711/1170/713
f 722/1405/856 868/1413/862 721/1406/857
f 723/1162/705 869/1414/863 722/1405/856
f 721/1406/857 868/1413/862 729/1171/714
f 868/1413/862 728/1363/834 729/1171/714
f 722/1405/856 869/1414/863 868/1413/862
f 869/1414/863 870/1415/864 868/1413/862
f 868/1413/862 870/1415/864 728/1363/834
f 870/1415/864 727/1364/835 728/1363/834
f 723/1162/705 724/1161/704 869/1414/863
f 724/1161/704 725/1412/861 869/1414/863
f 869/1414/863 725/1412/861 870/1415/864
f 725/1412/861 726/1164/707 870/1415/864
f 870/1415/864 726/1164/707 727/1364/835
f 726/1164/707 710/1163/706 727/1364/835
f 871/1416/865 886/1417/866 885/1418/867
f 872/1419/868 888/1420/869 894/1421/870
f 871/1416/865 885/1418/867 900/1422/871
f 871/1416/865 900/1422/871 906/1423/872
f 871/1416/865 906/1423/872 895/1424/873
f 872/1425/868 894/1426/870 915/1427/874
f 873/1428/875 891/1429/876 921/1430/877
f 874/1431/878 903/1432/879 927/1433/880
f 875/1434/881 909/1435/882 933/1436/883
f 876/1437/884 912/1438/885 939/1439/886
f 872/1425/868 915/1427/874 922/1440/887
f 873/1428/875 921/1430/877 928/1441/888
f 874/1431/878 927/1433/880 934/1442/889
f 875/1434/881 933/1436/883 940/1443/890
f 876/1444/884 939/1445/886 916/1446/891
f 877/1447/892 945/1448/893 960/1449/894
f 878/1450/895 948/1451/896 966/1452/897
f 879/1453/898 951/1454/899 969/1455/900
f 880/1456/901 954/1457/902 972/1458/903
f 881/1459/904 957/1460/905 961/1461/906
f 963/1462/907 970/1463/908 882/1464/909
f 962/1465/910 973/1466/911 963/1462/907
f 961/1467/906 974/1468/912 962/1465/910
f 963/1462/907 973/1466/911 970/1463/908
f 973/1466/911 971/1469/913 970/1463/908
f 962/1465/910 974/1468/912 973/1466/911
f 974/1468/912 975/1470/914 973/1466/911
f 973/1466/911 975/1470/914 971/1469/913
f 975/1470/914 972/1458/903 971/1469/913
f 961/1461/906 957/1460/905 974/1471/912
f 957/1460/905 956/1472/915 974/1471/912
f 974/1471/912 956/1472/915 975/1473/914
f 956/1472/915 955/1474/916 975/1473/914
f 975/1470/914 955/1475/916 972/1458/903
f 955/1475/916 880/1456/901 972/1458/903
f 970/1463/908 967/1476/917 882/1464/909
f 971/1469/913 976/1477/918 970/1463/908
f 972/1458/903 977/1478/919 971/1469/913
f 970/1463/908 976/1477/918 967/1476/917
f 976/1477/918 968/1479/920 967/1476/917
f 971/1469/913 977/1478/919 976/1477/918
f 977/1478/919 978/1480/921 976/1477/918
f 976/1477/918 978/1480/921 968/1479/920
f 978/1480/921 969/1455/900 968/1479/920
f 972/1458/903 954/1457/902 977/1478/919
f 954/1457/902 953/1481/922 977/1478/919
f 977/1478/919 953/1481/922 978/1480/921
f 953/1481/922 952/1482/923 978/1480/921
f 978/1480/921 952/1482/923 969/1455/900
f 952/1483/923 879/1484/898 969/1485/900
f 967/1476/917 964/1486/924 882/1464/909
f 968/1479/920 979/1487/925 967/1476/917
f 969/1455/900 980/1488/926 968/1479/920
f 967/1476/917 979/1487/925 964/1486/924
f 979/1487/925 965/1489/927 964/1486/924
f 968/1479/920 980/1488/926 979/1487/925
f 980/1488/926 981/1490/928 979/1487/925
f 979/1487/925 981/1490/928 965/1489/927
f 981/1490/928 966/1452/897 965/1489/927
f 969/1455/900 951/1454/899 980/1488/926
f 951/1454/899 950/1491/929 980/1488/926
f 980/1492/926 950/1493/929 981/1494/928
f 950/1491/929 949/1495/930 981/1490/928
f 981/1490/928 949/1495/930 966/1452/897
f 949/1495/930 878/1450/895 966/1452/897
f 964/1486/924 958/1496/931 882/1464/909
f 965/1489/927 982/1497/932 964/1486/924
f 966/1452/897 983/1498/933 965/1489/927
f 964/1486/924 982/1497/932 958/1496/931
f 982/1497/932 959/1499/934 958/1496/931
f 965/1489/927 983/1498/933 982/1497/932
f 983/1498/933 984/1500/935 982/1497/932
f 982/1497/932 984/1500/935 959/1499/934
f 984/1500/935 960/1501/894 959/1499/934
f 966/1502/897 948/1503/896 983/1504/933
f 948/1505/896 947/1506/936 983/1507/933
f 983/1507/933 947/1506/936 984/1508/935
f 947/1506/936 946/1509/937 984/1508/935
f 984/1508/935 946/1509/937 960/1449/894
f 946/1509/937 877/1447/892 960/1449/894
f 958/1496/931 963/1462/907 882/1464/909
f 959/1499/934 985/1510/938 958/1496/931
f 960/1501/894 986/1511/939 959/1499/934
f 958/1496/931 985/1510/938 963/1462/907
f 985/1510/938 962/1465/910 963/1462/907
f 959/1499/934 986/1511/939 985/1510/938
f 986/1511/939 987/1512/940 985/1510/938
f 985/1510/938 987/1512/940 962/1465/910
f 987/1512/940 961/1467/906 962/1465/910
f 960/1501/894 945/1513/893 986/1511/939
f 945/1513/893 944/1514/941 986/1511/939
f 986/1515/939 944/1516/941 987/1517/940
f 944/1516/941 943/1518/942 987/1517/940
f 987/1512/940 943/1519/942 961/1467/906
f 943/1520/942 881/1459/904 961/1461/906
f 918/1521/943 957/1460/905 881/1459/904
f 917/1522/944 988/1523/945 918/1524/943
f 916/1525/891 989/1526/946 917/1527/944
f 918/1524/943 988/1523/945 957/1528/905
f 988/1523/945 956/1529/915 957/1528/905
f 917/1530/944 989/1531/946 988/1532/945
f 989/1531/946 990/1533/947 988/1532/945
f 988/1523/945 990/1534/947 956/1529/915
f 990/1535/947 955/1474/916 956/1472/915
f 916/1525/891 939/1439/886 989/1526/946
f 939/1439/886 938/1536/948 989/1526/946
f 989/1526/946 938/1536/948 990/1537/947
f 938/1536/948 937/1538/949 990/1537/947
f 990/1537/947 937/1538/949 955/1539/916
f 937/1538/949 880/1540/901 955/1539/916
f 942/1541/950 954/1457/902 880/1456/901
f 941/1542/951 991/1543/952 942/1544/950
f 940/1443/890 992/1545/953 941/1542/951
f 942/1544/950 991/1543/952 954/1546/902
f 991/1547/952 953/1481/922 954/1457/902
f 941/1542/951 992/1545/953 991/1543/952
f 992/1545/953 993/1548/954 991/1543/952
f 991/1543/952 993/1548/954 953/1549/922
f 993/1550/954 952/1482/923 953/1481/922
f 940/1443/890 933/1436/883 992/1545/953
f 933/1436/883 932/1551/955 992/1545/953
f 992/1545/953 932/1551/955 993/1548/954
f 932/1552/955 931/1553/956 993/1554/954
f 993/1550/954 931/1555/956 952/1482/923
f 931/1556/956 879/1484/898 952/1483/923
f 936/1557/957 951/1558/899 879/1484/898
f 935/1559/958 994/1560/959 936/1557/957
f 934/1442/889 995/1561/960 935/1559/958
f 936/1557/957 994/1560/959 951/1558/899
f 994/1560/959 950/1562/929 951/1558/899
f 935/1559/958 995/1561/960 994/1560/959
f 995/1561/960 996/1563/961 994/1560/959
f 994/1560/959 996/1563/961 950/1562/929
f 996/1563/961 949/1564/930 950/1562/929
f 934/1442/889 927/1433/880 995/1561/960
f 927/1433/880 926/1565/962 995/1561/960
f 995/1561/960 926/1565/962 996/1563/961
f 926/1565/962 925/1566/963 996/1563/961
f 996/1563/961 925/1566/963 949/1564/930
f 925/1566/963 878/1567/895 949/1564/930
f 930/1568/964 948/1569/896 878/1567/895
f 929/1570/965 997/1571/966 930/1572/964
f 928/1573/888 998/1574/967 929/1575/965
f 930/1572/964 997/1571/966 948/1505/896
f 997/1571/966 947/1506/936 948/1505/896
f 929/1575/965 998/1574/967 997/1576/966
f 998/1577/967 999/1578/968 997/1571/966
f 997/1571/966 999/1578/968 947/1506/936
f 999/1578/968 946/1509/937 947/1506/936
f 928/1441/888 921/1430/877 998/1579/967
f 921/1580/877 920/1581/969 998/1577/967
f 998/1577/967 920/1581/969 999/1578/968
f 920/1581/969 919/1582/970 999/1578/968
f 999/1578/968 919/1582/970 946/1509/937
f 919/1582/970 877/1447/892 946/1509/937
f 924/1583/971 945/1448/893 877/1447/892
f 923/1584/972 1000/1585/973 924/1583/971
f 922/1586/887 1001/1587/974 923/1584/972
f 924/1583/971 1000/1585/973 945/1448/893
f 1000/1585/973 944/1516/941 945/1448/893
f 923/1584/972 1001/1587/974 1000/1585/973
f 1001/1587/974 1002/1588/975 1000/1585/973
f 1000/1585/973 1002/1588/975 944/1516/941
f 1002/1588/975 943/1518/942 944/1516/941
f 922/1440/887 915/1427/874 1001/1589/974
f 915/1590/874 914/1591/976 1001/1587/974
f 1001/1587/974 914/1591/976 1002/1588/975
f 914/1592/976 913/1593/977 1002/1594/975
f 1002/1594/975 913/1593/977 943/1520/942
f 913/1593/977 881/1459/904 943/1520/942
f 937/1538/949 942/1544/950 880/1540/901
f 938/1536/948 1003/1595/978 937/1538/949
f 939/1439/886 1004/1596/979 938/1536/948
f 937/1538/949 1003/1595/978 942/1544/950
f 1003/1595/978 941/1542/951 942/1544/950
f 938/1536/948 1004/1596/979 1003/1595/978
f 1004/1596/979 1005/1597/980 1003/1595/978
f 1003/1595/978 1005/1597/980 941/1542/951
f 1005/1597/980 940/1443/890 941/1542/951
f 939/1439/886 912/1438/885 1004/1596/979
f 912/1438/885 911/1598/981 1004/1596/979
f 1004/1596/979 911/1598/981 1005/1597/980
f 911/1598/981 910/1599/982 1005/1597/980
f 1005/1597/980 910/1599/982 940/1443/890
f 910/1599/982 875/1434/881 940/1443/890
f 931/1556/956 936/1557/957 879/1484/898
f 932/1551/955 1006/1600/983 931/1601/956
f 933/1436/883 1007/1602/984 932/1551/955
f 931/1556/956 1006/1603/983 936/1557/957
f 1006/1603/983 935/1559/958 936/1557/957
f 932/1551/955 1007/1602/984 1006/1600/983
f 1007/1602/984 1008/1604/985 1006/1600/983
f 1006/1603/983 1008/1605/985 935/1559/958
f 1008/1605/985 934/1442/889 935/1559/958
f 933/1436/883 909/1435/882 1007/1602/984
f 909/1606/882 908/1607/986 1007/1608/984
f 1007/1602/984 908/1609/986 1008/1604/985
f 908/1610/986 907/1611/987 1008/1612/985
f 1008/1605/985 907/1613/987 934/1442/889
f 907/1613/987 874/1431/878 934/1442/889
f 925/1566/963 930/1568/964 878/1567/895
f 926/1565/962 1009/1614/988 925/1566/963
f 927/1433/880 1010/1615/989 926/1565/962
f 925/1566/963 1009/1614/988 930/1568/964
f 1009/1616/988 929/1570/965 930/1572/964
f 926/1565/962 1010/1615/989 1009/1614/988
f 1010/1617/989 1011/1618/990 1009/1619/988
f 1009/1616/988 1011/1620/990 929/1570/965
f 1011/1620/990 928/1621/888 929/1570/965
f 927/1433/880 903/1432/879 1010/1615/989
f 903/1622/879 902/1623/991 1010/1617/989
f 1010/1617/989 902/1623/991 1011/1618/990
f 902/1623/991 901/1624/992 1011/1618/990
f 1011/1618/990 901/1624/992 928/1441/888
f 901/1624/992 873/1428/875 928/1441/888
f 919/1582/970 924/1583/971 877/1447/892
f 920/1581/969 1012/1625/993 919/1582/970
f 921/1580/877 1013/1626/994 920/1581/969
f 919/1582/970 1012/1625/993 924/1583/971
f 1012/1625/993 923/1584/972 924/1583/971
f 920/1581/969 1013/1626/994 1012/1625/993
f 1013/1626/994 1014/1627/995 1012/1625/993
f 1012/1625/993 1014/1627/995 923/1584/972
f 1014/1627/995 922/1586/887 923/1584/972
f 921/1430/877 891/1429/876 1013/1628/994
f 891/1429/876 890/1629/996 1013/1628/994
f 1013/1626/994 890/1630/996 1014/1627/995
f 890/1630/996 889/1631/997 1014/1627/995
f 1014/1632/995 889/1633/997 922/1634/887
f 889/1633/997 872/1635/868 922/1634/887
f 913/1593/977 918/1521/943 881/1459/904
f 914/1592/976 1015/1636/998 913/1593/977
f 915/1427/874 1016/1637/999 914/1592/976
f 913/1593/977 1015/1636/998 918/1521/943
f 1015/1636/998 917/1638/944 918/1521/943
f 914/1592/976 1016/1637/999 1015/1636/998
f 1016/1637/999 1017/1639/1000 1015/1636/998
f 1015/1640/998 1017/1641/1000 917/1527/944
f 1017/1641/1000 916/1525/891 917/1527/944
f 915/1427/874 894/1426/870 1016/1637/999
f 894/1421/870 893/1642/1001 1016/1643/999
f 1016/1644/999 893/1645/1001 1017/1646/1000
f 893/1647/1001 892/1648/1002 1017/1649/1000
f 1017/1641/1000 892/1650/1002 916/1525/891
f 892/1651/1002 876/1444/884 916/1446/891
f 897/1652/1003 912/1438/885 876/1437/884
f 896/1653/1004 1018/1654/1005 897/1655/1003
f 895/1424/873 1019/1656/1006 896/1653/1004
f 897/1652/1003 1018/1657/1005 912/1438/885
f 1018/1657/1005 911/1598/981 912/1438/885
f 896/1653/1004 1019/1656/1006 1018/1654/1005
f 1019/1656/1006 1020/1658/1007 1018/1654/1005
f 1018/1657/1005 1020/1659/1007 911/1598/981
f 1020/1659/1007 910/1599/982 911/1598/981
f 895/1424/873 906/1423/872 1019/1656/1006
f 906/1423/872 905/1660/1008 1019/1656/1006
f 1019/1656/1006 905/1660/1008 1020/1658/1007
f 905/1660/1008 904/1661/1009 1020/1658/1007
f 1020/1659/1007 904/1662/1009 910/1599/982
f 904/1661/1009 875/1663/881 910/1664/982
f 904/1661/1009 909/1665/882 875/1663/881
f 905/1660/1008 1021/1666/1010 904/1661/1009
f 906/1423/872 1022/1667/1011 905/1660/1008
f 904/1661/1009 1021/1666/1010 909/1665/882
f 1021/1666/1010 908/1610/986 909/1665/882
f 905/1660/1008 1022/1667/1011 1021/1666/1010
f 1022/1667/1011 1023/1668/1012 1021/1666/1010
f 1021/1666/1010 1023/1668/1012 908/1610/986
f 1023/1668/1012 907/1611/987 908/1610/986
f 906/1423/872 900/1422/871 1022/1667/1011
f 900/1422/871 899/1669/1013 1022/1667/1011
f 1022/1667/1011 899/1669/1013 1023/1668/1012
f 899/1669/1013 898/1670/1014 1023/1668/1012
f 1023/1668/1012 898/1670/1014 907/1611/987
f 898/1671/1014 874/1431/878 907/1613/987
f 898/1671/1014 903/1432/879 874/1431/878
f 899/1669/1013 1024/1672/1015 898/1670/1014
f 900/1422/871 1025/1673/1016 899/1669/1013
f 898/1671/1014 1024/1674/1015 903/1432/879
f 1024/1674/1015 902/1675/991 903/1432/879
f 899/1669/1013 1025/1673/1016 1024/1672/1015
f 1025/1673/1016 1026/1676/1017 1024/1672/1015
f 1024/1672/1015 1026/1676/1017 902/1623/991
f 1026/1676/1017 901/1624/992 902/1623/991
f 900/1422/871 885/1418/867 1025/1673/1016
f 885/1418/867 884/1677/1018 1025/1673/1016
f 1025/1673/1016 884/1677/1018 1026/1676/1017
f 884/1677/1018 883/1678/1019 1026/1676/1017
f 1026/1676/1017 883/1678/1019 901/1624/992
f 883/1678/1019 873/1428/875 901/1624/992
f 892/1650/1002 897/1652/1003 876/1437/884
f 893/1642/1001 1027/1679/1020 892/1680/1002
f 894/1421/870 1028/1681/1021 893/1642/1001
f 892/1680/1002 1027/1679/1020 897/1655/1003
f 1027/1679/1020 896/1653/1004 897/1655/1003
f 893/1642/1001 1028/1681/1021 1027/1679/1020
f 1028/1681/1021 1029/1682/1022 1027/1679/1020
f 1027/1679/1020 1029/1682/1022 896/1653/1004
f 1029/1682/1022 895/1424/873 896/1653/1004
f 894/1421/870 888/1420/869 1028/1681/1021
f 888/1420/869 887/1683/1023 1028/1681/1021
f 1028/1681/1021 887/1683/1023 1029/1682/1022
f 887/1683/1023 886/1417/866 1029/1682/1022
f 1029/1682/1022 886/1417/866 895/1424/873
f 886/1417/866 871/1416/865 895/1424/873
f 883/1678/1019 891/1429/876 873/1428/875
f 884/1677/1018 1030/1684/1024 883/1678/1019
f 885/1418/867 1031/1685/1025 884/1677/1018
f 883/1678/1019 1030/1684/1024 891/1429/876
f 1030/1684/1024 890/1629/996 891/1429/876
f 884/1677/1018 1031/1685/1025 1030/1684/1024
f 1031/1685/1025 1032/1686/1026 1030/1684/1024
f 1030/1684/1024 1032/1686/1026 890/1629/996
f 1032/1687/1026 889/1631/997 890/1630/996
f 885/1418/867 886/1417/866 1031/1685/1025
f 886/1417/866 887/1683/1023 1031/1685/1025
f 1031/1685/1025 887/1683/1023 1032/1686/1026
f 887/1683/1023 888/1420/869 1032/1686/1026
f 1032/1687/1026 888/1688/869 889/1631/997
f 888/1688/869 872/1689/868 889/1631/997
f 1033/1690/1027 1048/1691/1028 1047/1692/1029
f 1034/1693/1030 1050/1694/1031 1056/1695/1032
f 1033/1690/1027 1047/1692/1029 1062/1696/1033
f 1033/1690/1027 1062/1696/1033 1068/1697/1034
f 1033/1690/1027 1068/1697/1034 1057/1698/1035
f 1034/1693/1030 1056/1695/1032 1077/1699/1036
f 1035/1700/1037 1053/1701/1038 1083/1702/1039
f 1036/1703/1040 1065/1704/1041 1089/1705/1042
f 1037/1706/1043 1071/1707/1044 1095/1708/1045
f 1038/1709/1046 1074/1710/1047 1101/1711/1048
f 1034/1693/1030 1077/1699/1036 1084/1712/1049
f 1035/1713/1037 1083/1714/1039 1090/1715/1050
f 1036/1703/1040 1089/1705/1042 1096/1716/1051
f 1037/1706/1043 1095/1708/1045 1102/1717/1052
f 1038/1709/1046 1101/1711/1048 1078/1718/1053
f 1039/1719/1054 1107/1720/1055 1122/1721/1056
f 1040/1722/1057 1110/1723/1058 1128/1724/1059
f 1041/1725/1060 1113/1726/1061 1131/1727/1062
f 1042/1728/1063 1116/1729/1064 1134/1730/1065
f 1043/1731/1066 1119/1732/1067 1123/1733/1068
f 1125/1734/1069 1132/1735/1070 1044/1736/1071
f 1124/1737/1072 1135/1738/1073 1125/1734/1069
f 1123/1739/1068 1136/1740/1074 1124/1737/1072
f 1125/1734/1069 1135/1738/1073 1132/1735/1070
f 1135/1738/1073 1133/1741/1075 1132/1735/1070
f 1124/1737/1072 1136/1740/1074 1135/1738/1073
f 1136/1740/1074 1137/1742/1076 1135/1738/1073
f 1135/1738/1073 1137/1742/1076 1133/1741/1075
f 1137/1742/1076 1134/1730/1065 1133/1741/1075
f 1123/1733/1068 1119/1732/1067 1136/1743/1074
f 1119/1732/1067 1118/1744/1077 1136/1743/1074
f 1136/1740/1074 1118/1745/1077 1137/1742/1076
f 1118/1745/1077 1117/1746/1078 1137/1742/1076
f 1137/1742/1076 1117/1746/1078 1134/1730/1065
f 1117/1746/1078 1042/1728/1063 1134/1730/1065
f 1132/1735/1070 1129/1747/1079 1044/1736/1071
f 1133/1741/1075 1138/1748/1080 1132/1735/1070
f 1134/1730/1065 1139/1749/1081 1133/1741/1075
f 1132/1735/1070 1138/1748/1080 1129/1747/1079
f 1138/1748/1080 1130/1750/1082 1129/1747/1079
f 1133/1741/1075 1139/1749/1081 1138/1748/1080
f 1139/1749/1081 1140/1751/1083 1138/1748/1080
f 1138/1748/1080 1140/1751/1083 1130/1750/1082
f 1140/1751/1083 1131/1752/1062 1130/1750/1082
f 1134/1730/1065 1116/1729/1064 1139/1749/1081
f 1116/1729/1064 1115/1753/1084 1139/1749/1081
f 1139/1749/1081 1115/1753/1084 1140/1751/1083
f 1115/1754/1084 1114/1755/1085 1140/1756/1083
f 1140/1756/1083 1114/1755/1085 1131/1727/1062
f 1114/1755/1085 1041/1725/1060 1131/1727/1062
f 1129/1747/1079 1126/1757/1086 1044/1736/1071
f 1130/1750/1082 1141/1758/1087 1129/1747/1079
f 1131/1752/1062 1142/1759/1088 1130/1750/1082
f 1129/1747/1079 1141/1758/1087 1126/1757/1086
f 1141/1758/1087 1127/1760/1089 1126/1757/1086
f 1130/1750/1082 1142/1759/1088 1141/1758/1087
f 1142/1761/1088 1143/1762/1090 1141/1763/1087
f 1141/1763/1087 1143/1762/1090 1127/1764/1089
f 1143/1765/1090 1128/1766/1059 1127/1760/1089
f 1131/1727/1062 1113/1726/1061 1142/1767/1088
f 1113/1726/1061 1112/1768/1091 1142/1767/1088
f 1142/1769/1088 1112/1770/1091 1143/1771/1090
f 1112/1772/1091 1111/1773/1092 1143/1774/1090
f 1143/1774/1090 1111/1773/1092 1128/1724/1059
f 1111/1773/1092 1040/1722/1057 1128/1724/1059
f 1126/1757/1086 1120/1775/1093 1044/1736/1071
f 1127/1760/1089 1144/1776/1094 1126/1757/1086
f 1128/1766/1059 1145/1777/1095 1127/1760/1089
f 1126/1757/1086 1144/1776/1094 1120/1775/1093
f 1144/1776/1094 1121/1778/1096 1120/1775/1093
f 1127/1760/1089 1145/1777/1095 1144/1776/1094
f 1145/1777/1095 1146/1779/1097 1144/1776/1094
f 1144/1776/1094 1146/1779/1097 1121/1778/1096
f 1146/1779/1097 1122/1780/1056 1121/1778/1096
f 1128/1724/1059 1110/1723/1058 1145/1781/1095
f 1110/1723/1058 1109/1782/1098 1145/1781/1095
f 1145/1777/1095 1109/1783/1098 1146/1779/1097
f 1109/1782/1098 1108/1784/1099 1146/1785/1097
f 1146/1786/1097 1108/1787/1099 1122/1721/1056
f 1108/1787/1099 1039/1719/1054 1122/1721/1056
f 1120/1775/1093 1125/1734/1069 1044/1736/1071
f 1121/1778/1096 1147/1788/1100 1120/1775/1093
f 1122/1780/1056 1148/1789/1101 1121/1778/1096
f 1120/1775/1093 1147/1788/1100 1125/1734/1069
f 1147/1788/1100 1124/1737/1072 1125/1734/1069
f 1121/1778/1096 1148/1789/1101 1147/1788/1100
f 1148/1790/1101 1149/1791/1102 1147/1792/1100
f 1147/1788/1100 1149/1793/1102 1124/1737/1072
f 1149/1793/1102 1123/1739/1068 1124/1737/1072
f 1122/1721/1056 1107/1720/1055 1148/1790/1101
f 1107/1720/1055 1106/1794/1103 1148/1790/1101
f 1148/1790/1101 1106/1794/1103 1149/1791/1102
f 1106/1794/1103 1105/1795/1104 1149/1791/1102
f 1149/1791/1102 1105/1795/1104 1123/1733/1068
f 1105/1795/1104 1043/1731/1066 1123/1733/1068
f 1080/1796/1105 1119/1732/1067 1043/1731/1066
f 1079/1797/1106 1150/1798/1107 1080/1796/1105
f 1078/1799/1053 1151/1800/1108 1079/1797/1106
f 1080/1796/1105 1150/1798/1107 1119/1732/1067
f 1150/1798/1107 1118/1744/1077 1119/1732/1067
f 1079/1797/1106 1151/1800/1108 1150/1798/1107
f 1151/1801/1108 1152/1802/1109 1150/1803/1107
f 1150/1803/1107 1152/1802/1109 1118/1804/1077
f 1152/1802/1109 1117/1805/1078 1118/1804/1077
f 1078/1718/1053 1101/1711/1048 1151/1801/1108
f 1101/1711/1048 1100/1806/1110 1151/1801/1108
f 1151/1801/1108 1100/1806/1110 1152/1802/1109
f 1100/1806/1110 1099/1807/1111 1152/1802/1109
f 1152/1802/1109 1099/1807/1111 1117/1805/1078
f 1099/1807/1111 1042/1808/1063 1117/1805/1078
f 1104/1809/1112 1116/1810/1064 1042/1808/1063
f 1103/1811/1113 1153/1812/1114 1104/1809/1112
f 1102/1813/1052 1154/1814/1115 1103/1811/1113
f 1104/1809/1112 1153/1812/1114 1116/1810/1064
f 1153/1812/1114 1115/1815/1084 1116/1810/1064
f 1103/1811/1113 1154/1814/1115 1153/1812/1114
f 1154/1814/1115 1155/1816/1116 1153/1812/1114
f 1153/1817/1114 1155/1818/1116 1115/1754/1084
f 1155/1818/1116 1114/1755/1085 1115/1754/1084
f 1102/1819/1052 1095/1820/1045 1154/1821/1115
f 1095/1820/1045 1094/1822/1117 1154/1821/1115
f 1154/1814/1115 1094/1823/1117 1155/1816/1116
f 1094/1822/1117 1093/1824/1118 1155/1818/1116
f 1155/1818/1116 1093/1824/1118 1114/1755/1085
f 1093/1824/1118 1041/1725/1060 1114/1755/1085
f 1098/1825/1119 1113/1726/1061 1041/1725/1060
f 1097/1826/1120 1156/1827/1121 1098/1828/1119
f 1096/1716/1051 1157/1829/1122 1097/1826/1120
f 1098/1828/1119 1156/1827/1121 1113/1830/1061
f 1156/1831/1121 1112/1768/1091 1113/1726/1061
f 1097/1826/1120 1157/1829/1122 1156/1827/1121
f 1157/1829/1122 1158/1832/1123 1156/1827/1121
f 1156/1827/1121 1158/1832/1123 1112/1772/1091
f 1158/1832/1123 1111/1773/1092 1112/1772/1091
f 1096/1716/1051 1089/1705/1042 1157/1829/1122
f 1089/1705/1042 1088/1833/1124 1157/1829/1122
f 1157/1829/1122 1088/1833/1124 1158/1832/1123
f 1088/1833/1124 1087/1834/1125 1158/1832/1123
f 1158/1835/1123 1087/1836/1125 1111/1837/1092
f 1087/1834/1125 1040/1722/1057 1111/1773/1092
f 1092/1838/1126 1110/1723/1058 1040/1722/1057
f 1091/1839/1127 1159/1840/1128 1092/1838/1126
f 1090/1841/1050 1160/1842/1129 1091/1843/1127
f 1092/1838/1126 1159/1840/1128 1110/1723/1058
f 1159/1840/1128 1109/1782/1098 1110/1723/1058
f 1091/1839/1127 1160/1844/1129 1159/1840/1128
f 1160/1844/1129 1161/1845/1130 1159/1840/1128
f 1159/1840/1128 1161/1845/1130 1109/1782/1098
f 1161/1845/1130 1108/1784/1099 1109/1782/1098
f 1090/1715/1050 1083/1714/1039 1160/1844/1129
f 1083/1714/1039 1082/1846/1131 1160/1844/1129
f 1160/1844/1129 1082/1846/1131 1161/1845/1130
f 1082/1846/1131 1081/1847/1132 1161/1845/1130
f 1161/1845/1130 1081/1847/1132 1108/1784/1099
f 1081/1848/1132 1039/1719/1054 1108/1787/1099
f 1086/1849/1133 1107/1720/1055 1039/1719/1054
f 1085/1850/1134 1162/1851/1135 1086/1849/1133
f 1084/1712/1049 1163/1852/1136 1085/1850/1134
f 1086/1849/1133 1162/1851/1135 1107/1720/1055
f 1162/1851/1135 1106/1794/1103 1107/1720/1055
f 1085/1850/1134 1163/1852/1136 1162/1851/1135
f 1163/1852/1136 1164/1853/1137 1162/1851/1135
f 1162/1851/1135 1164/1853/1137 1106/1794/1103
f 1164/1853/1137 1105/1795/1104 1106/1794/1103
f 1084/1712/1049 1077/1699/1036 1163/1852/1136
f 1077/1699/1036 1076/1854/1138 1163/1852/1136
f 1163/1852/1136 1076/1854/1138 1164/1853/1137
f 1076/1854/1138 1075/1855/1139 1164/1853/1137
f 1164/1853/1137 1075/1855/1139 1105/1795/1104
f 1075/1855/1139 1043/1731/1066 1105/1795/1104
f 1099/1807/1111 1104/1809/1112 1042/1808/1063
f 1100/1806/1110 1165/1856/1140 1099/1807/1111
f 1101/1711/1048 1166/1857/1141 1100/1806/1110
f 1099/1807/1111 1165/1856/1140 1104/1809/1112
f 1165/1856/1140 1103/1811/1113 1104/1809/1112
f 1100/1806/1110 1166/1857/1141 1165/1856/1140
f 1166/1857/1141 1167/1858/1142 1165/1856/1140
f 1165/1856/1140 1167/1858/1142 1103/1811/1113
f 1167/1858/1142 1102/1813/1052 1103/1811/1113
f 1101/1711/1048 1074/1710/1047 1166/1857/1141
f 1074/1710/1047 1073/1859/1143 1166/1857/1141
f 1166/1857/1141 1073/1859/1143 1167/1858/1142
f 1073/1859/1143 1072/1860/1144 1167/1858/1142
f 1167/1858/1142 1072/1860/1144 1102/1813/1052
f 1072/1861/1144 1037/1862/1043 1102/1863/1052
f 1093/1824/1118 1098/1825/1119 1041/1725/1060
f 1094/1822/1117 1168/1864/1145 1093/1824/1118
f 1095/1820/1045 1169/1865/1146 1094/1822/1117
f 1093/1824/1118 1168/1864/1145 1098/1825/1119
f 1168/1864/1145 1097/1866/1120 1098/1825/1119
f 1094/1822/1117 1169/1865/1146 1168/1864/1145
f 1169/1865/1146 1170/1867/1147 1168/1864/1145
f 1168/1864/1145 1170/1867/1147 1097/1866/1120
f 1170/1868/1147 1096/1716/1051 1097/1826/1120
f 1095/1820/1045 1071/1869/1044 1169/1865/1146
f 1071/1869/1044 1070/1870/1148 1169/1865/1146
f 1169/1865/1146 1070/1870/1148 1170/1867/1147
f 1070/1871/1148 1069/1872/1149 1170/1868/1147
f 1170/1868/1147 1069/1872/1149 1096/1716/1051
f 1069/1873/1149 1036/1874/1040 1096/1875/1051
f 1087/1834/1125 1092/1838/1126 1040/1722/1057
f 1088/1833/1124 1171/1876/1150 1087/1834/1125
f 1089/1705/1042 1172/1877/1151 1088/1833/1124
f 1087/1834/1125 1171/1876/1150 1092/1838/1126
f 1171/1876/1150 1091/1839/1127 1092/1838/1126
f 1088/1833/1124 1172/1877/1151 1171/1876/1150
f 1172/1877/1151 1173/1878/1152 1171/1876/1150
f 1171/1876/1150 1173/1878/1152 1091/1839/1127
f 1173/1879/1152 1090/1841/1050 1091/1843/1127
f 1089/1705/1042 1065/1704/1041 1172/1877/1151
f 1065/1880/1041 1064/1881/1153 1172/1882/1151
f 1172/1882/1151 1064/1881/1153 1173/1879/1152
f 1064/1881/1153 1063/1883/1154 1173/1879/1152
f 1173/1879/1152 1063/1883/1154 1090/1841/1050
f 1063/1884/1154 1035/1713/1037 1090/1715/1050
f 1081/1848/1132 1086/1849/1133 1039/1719/1054
f 1082/1885/1131 1174/1886/1155 1081/1848/1132
f 1083/1702/1039 1175/1887/1156 1082/1888/1131
f 1081/1848/1132 1174/1886/1155 1086/1849/1133
f 1174/1886/1155 1085/1850/1134 1086/1849/1133
f 1082/1888/1131 1175/1887/1156 1174/1889/1155
f 1175/1887/1156 1176/1890/1157 1174/1889/1155
f 1174/1886/1155 1176/1891/1157 1085/1850/1134
f 1176/1891/1157 1084/1712/1049 1085/1850/1134
f 1083/1702/1039 1053/1701/1038 1175/1887/1156
f 1053/1701/1038 1052/1892/1158 1175/1887/1156
f 1175/1893/1156 1052/1894/1158 1176/1891/1157
f 1052/1894/1158 1051/1895/1159 1176/1891/1157
f 1176/1891/1157 1051/1895/1159 1084/1712/1049
f 1051/1895/1159 1034/1693/1030 1084/1712/1049
f 1075/1855/1139 1080/1796/1105 1043/1731/1066
f 1076/1854/1138 1177/1896/1160 1075/1855/1139
f 1077/1699/1036 1178/1897/1161 1076/1854/1138
f 1075/1855/1139 1177/1896/1160 1080/1796/1105
f 1177/1896/1160 1079/1797/1106 1080/1796/1105
f 1076/1854/1138 1178/1897/1161 1177/1896/1160
f 1178/1897/1161 1179/1898/1162 1177/1896/1160
f 1177/1896/1160 1179/1898/1162 1079/1797/1106
f 1179/1898/1162 1078/1799/1053 1079/1797/1106
f 1077/1699/1036 1056/1695/1032 1178/1897/1161
f 1056/1695/1032 1055/1899/1163 1178/1897/1161
f 1178/1897/1161 1055/1899/1163 1179/1898/1162
f 1055/1899/1163 1054/1900/1164 1179/1898/1162
f 1179/1898/1162 1054/1900/1164 1078/1799/1053
f 1054/1900/1164 1038/1901/1046 1078/1799/1053
f 1059/1902/1165 1074/1710/1047 1038/1709/1046
f 1058/1903/1166 1180/1904/1167 1059/1902/1165
f 1057/1698/1035 1181/1905/1168 1058/1906/1166
f 1059/1902/1165 1180/1904/1167 1074/1710/1047
f 1180/1904/1167 1073/1859/1143 1074/1710/1047
f 1058/1906/1166 1181/1905/1168 1180/1907/1167
f 1181/1905/1168 1182/1908/1169 1180/1907/1167
f 1180/1904/1167 1182/1909/1169 1073/1859/1143
f 1182/1909/1169 1072/1860/1144 1073/1859/1143
f 1057/1698/1035 1068/1697/1034 1181/1905/1168
f 1068/1697/1034 1067/1910/1170 1181/1905/1168
f 1181/1905/1168 1067/1910/1170 1182/1908/1169
f 1067/1911/1170 1066/1912/1171 1182/1909/1169
f 1182/1909/1169 1066/1912/1171 1072/1860/1144
f 1066/1913/1171 1037/1862/1043 1072/1861/1144
f 1066/1914/1171 1071/1707/1044 1037/1706/1043
f 1067/1911/1170 1183/1915/1172 1066/1912/1171
f 1068/1697/1034 1184/1916/1173 1067/1910/1170
f 1066/1917/1171 1183/1918/1172 1071/1869/1044
f 1183/1918/1172 1070/1870/1148 1071/1869/1044
f 1067/1910/1170 1184/1916/1173 1183/1919/1172
f 1184/1916/1173 1185/1920/1174 1183/1919/1172
f 1183/1919/1172 1185/1920/1174 1070/1921/1148
f 1185/1922/1174 1069/1872/1149 1070/1871/1148
f 1068/1697/1034 1062/1696/1033 1184/1916/1173
f 1062/1696/1033 1061/1923/1175 1184/1916/1173
f 1184/1916/1173 1061/1923/1175 1185/1920/1174
f 1061/1923/1175 1060/1924/1176 1185/1920/1174
f 1185/1922/1174 1060/1925/1176 1069/1872/1149
f 1060/1924/1176 1036/1926/1040 1069/1927/1149
f 1060/1924/1176 1065/1880/1041 1036/1926/1040
f 1061/1923/1175 1186/1928/1177 1060/1924/1176
f 1062/1696/1033 1187/1929/1178 1061/1923/1175
f 1060/1924/1176 1186/1928/1177 1065/1880/1041
f 1186/1928/1177 1064/1881/1153 1065/1880/1041
f 1061/1923/1175 1187/1929/1178 1186/1928/1177
f 1187/1929/1178 1188/1930/1179 1186/1928/1177
f 1186/1931/1177 1188/1932/1179 1064/1933/1153
f 1188/1932/1179 1063/1884/1154 1064/1933/1153
f 1062/1696/1033 1047/1692/1029 1187/1929/1178
f 1047/1692/1029 1046/1934/1180 1187/1929/1178
f 1187/1929/1178 1046/1934/1180 1188/1930/1179
f 1046/1934/1180 1045/1935/1181 1188/1930/1179
f 1188/1932/1179 1045/1936/1181 1063/1884/1154
f 1045/1936/1181 1035/1713/1037 1063/1884/1154
f 1054/1937/1164 1059/1938/1165 1038/1939/1046
f 1055/1899/1163 1189/1940/1182 1054/1900/1164
f 1056/1695/1032 1190/1941/1183 1055/1899/1163
f 1054/1900/1164 1189/1940/1182 1059/1942/1165
f 1189/1940/1182 1058/1943/1166 1059/1942/1165
f 1055/1899/1163 1190/1941/1183 1189/1940/1182
f 1190/1941/1183 1191/1944/1184 1189/1940/1182
f 1189/1945/1182 1191/1946/1184 1058/1906/1166
f 1191/1946/1184 1057/1698/1035 1058/1906/1166
f 1056/1695/1032 1050/1694/1031 1190/1941/1183
f 1050/1947/1031 1049/1948/1185 1190/1949/1183
f 1190/1949/1183 1049/1948/1185 1191/1946/1184
f 1049/1948/1185 1048/1691/1028 1191/1946/1184
f 1191/1946/1184 1048/1691/1028 1057/1698/1035
f 1048/1691/1028 1033/1690/1027 1057/1698/1035
f 1045/1935/1181 1053/1701/1038 1035/1700/1037
f 1046/1934/1180 1192/1950/1186 1045/1935/1181
f 1047/1692/1029 1193/1951/1187 1046/1934/1180
f 1045/1935/1181 1192/1950/1186 1053/1701/1038
f 1192/1950/1186 1052/1892/1158 1053/1701/1038
f 1046/1934/1180 1193/1951/1187 1192/1950/1186
f 1193/1951/1187 1194/1952/1188 1192/1950/1186
f 1192/1950/1186 1194/1952/1188 1052/1892/1158
f 1194/1953/1188 1051/1895/1159 1052/1894/1158
f 1047/1692/1029 1048/1691/1028 1193/1951/1187
f 1048/1691/1028 1049/1948/1185 1193/1951/1187
f 1193/1951/1187 1049/1948/1185 1194/1952/1188
f 1049/1954/1185 1050/1694/1031 1194/1953/1188
f 1194/1953/1188 1050/1694/1031 1051/1895/1159
f 1050/1694/1031 1034/1693/1030 1051/1895/1159
f 1195/1955/1189 1210/1956/1190 1209/1957/1191
f 1196/1958/1192 1212/1959/1193 1218/1960/1194
f 1195/1955/1189 1209/1957/1191 1224/1961/1195
f 1195/1955/1189 1224/1961/1195 1230/1962/1196
f 1195/1955/1189 1230/1962/1196 1219/1963/1197
f 1196/1958/1192 1218/1960/1194 1239/1964/1198
f 1197/1965/1199 1215/1966/1200 1245/1967/1201
f 1198/1968/1202 1227/1969/1203 1251/1970/1204
f 1199/1971/1205 1233/1972/1206 1257/1973/1207
f 1200/1974/1208 1236/1975/1209 1263/1976/1210
f 1196/1958/1192 1239/1964/1198 1246/1977/1211
f 1197/1965/1199 1245/1967/1201 1252/1978/1212
f 1198/1968/1202 1251/1970/1204 1258/1979/1213
f 1199/1971/1205 1257/1973/1207 1264/1980/1214
f 1200/1974/1208 1263/1976/1210 1240/1981/1215
f 1201/1982/1216 1269/1983/1217 1284/1984/1218
f 1202/1985/1219 1272/1986/1220 1290/1987/1221
f 1203/1988/1222 1275/1989/1223 1293/1990/1224
f 1204/1991/1225 1278/1992/1226 1296/1993/1227
f 1205/1994/1228 1281/1995/1229 1285/1996/1230
f 1287/1997/1231 1294/1998/1232 1206/1999/1233
f 1286/2000/1234 1297/2001/1235 1287/1997/1231
f 1285/2002/1230 1298/2003/1236 1286/2000/1234
f 1287/1997/1231 1297/2001/1235 1294/1998/1232
f 1297/2001/1235 1295/2004/1237 1294/1998/1232
f 1286/2000/1234 1298/2003/1236 1297/2001/1235
f 1298/2003/1236 1299/2005/1238 1297/2001/1235
f 1297/2001/1235 1299/2005/1238 1295/2004/1237
f 1299/2005/1238 1296/1993/1227 1295/2004/1237
f 1285/1996/1230 1281/1995/1229 1298/2006/1236
f 1281/1995/1229 1280/2007/1239 1298/2006/1236
f 1298/2006/1236 1280/2007/1239 1299/2008/1238
f 1280/2007/1239 1279/2009/1240 1299/2008/1238
f 1299/2005/1238 1279/2010/1240 1296/1993/1227
f 1279/2010/1240 1204/1991/1225 1296/1993/1227
f 1294/1998/1232 1291/2011/1241 1206/1999/1233
f 1295/2004/1237 1300/2012/1242 1294/1998/1232
f 1296/2013/1227 1301/2014/1243 1295/2015/1237
f 1294/1998/1232 1300/2012/1242 1291/2011/1241
f 1300/2012/1242 1292/2016/1244 1291/2011/1241
f 1295/2004/1237 1301/2017/1243 1300/2012/1242
f 1301/2017/1243 1302/2018/1245 1300/2012/1242
f 1300/2012/1242 1302/2018/1245 1292/2016/1244
f 1302/2018/1245 1293/2019/1224 1292/2016/1244
f 1296/1993/1227 1278/1992/1226 1301/2017/1243
f 1278/1992/1226 1277/2020/1246 1301/2017/1243
f 1301/2021/1243 1277/2022/1246 1302/2023/1245
f 1277/2022/1246 1276/2024/1247 1302/2023/1245
f 1302/2023/1245 1276/2024/1247 1293/2025/1224
f 1276/2024/1247 1203/2026/1222 1293/2025/1224
f 1291/2011/1241 1288/2027/1248 1206/1999/1233
f 1292/2016/1244 1303/2028/1249 1291/2011/1241
f 1293/1990/1224 1304/2029/1250 1292/2030/1244
f 1291/2011/1241 1303/2028/1249 1288/2027/1248
f 1303/2028/1249 1289/2031/1251 1288/2027/1248
f 1292/2016/1244 1304/2032/1250 1303/2028/1249
f 1304/2032/1250 1305/2033/1252 1303/2028/1249
f 1303/2028/1249 1305/2033/1252 1289/2031/1251
f 1305/2033/1252 1290/1987/1221 1289/2031/1251
f 1293/1990/1224 1275/1989/1223 1304/2029/1250
f 1275/1989/1223 1274/2034/1253 1304/2029/1250
f 1304/2029/1250 1274/2034/1253 1305/2035/1252
f 1274/2034/1253 1273/2036/1254 1305/2035/1252
f 1305/2033/1252 1273/2037/1254 1290/1987/1221
f 1273/2036/1254 1202/2038/1219 1290/2039/1221
f 1288/2027/1248 1282/2040/1255 1206/1999/1233
f 1289/2031/1251 1306/2041/1256 1288/2027/1248
f 1290/1987/1221 1307/2042/1257 1289/2031/1251
f 1288/2027/1248 1306/2041/1256 1282/2040/1255
f 1306/2041/1256 1283/2043/1258 1282/2040/1255
f 1289/2031/1251 1307/2042/1257 1306/2041/1256
f 1307/2042/1257 1308/2044/1259 1306/2041/1256
f 1306/2041/1256 1308/2044/1259 1283/2043/1258
f 1308/2045/1259 1284/1984/1218 1283/2046/1258
f 1290/1987/1221 1272/1986/1220 1307/2042/1257
f 1272/2047/1220 1271/2048/1260 1307/2049/1257
f 1307/2049/1257 1271/2048/1260 1308/2045/1259
f 1271/2048/1260 1270/2050/1261 1308/2045/1259
f 1308/2045/1259 1270/2050/1261 1284/1984/1218
f 1270/2050/1261 1201/1982/1216 1284/1984/1218
f 1282/2040/1255 1287/1997/1231 1206/1999/1233
f 1283/2043/1258 1309/2051/1262 1282/2040/1255
f 1284/1984/1218 1310/2052/1263 1283/2046/1258
f 1282/2040/1255 1309/2051/1262 1287/1997/1231
f 1309/2051/1262 1286/2000/1234 1287/1997/1231
f 1283/2043/1258 1310/2053/1263 1309/2051/1262
f 1310/2053/1263 1311/2054/1264 1309/2051/1262
f 1309/2051/1262 1311/2054/1264 1286/2000/1234
f 1311/2054/1264 1285/2002/1230 1286/2000/1234
f 1284/1984/1218 1269/1983/1217 1310/2052/1263
f 1269/1983/1217 1268/2055/1265 1310/2052/1263
f 1310/2052/1263 1268/2055/1265 1311/2056/1264
f 1268/2055/1265 1267/2057/1266 1311/2056/1264
f 1311/2056/1264 1267/2057/1266 1285/2058/1230
f 1267/2057/1266 1205/2059/1228 1285/2058/1230
f 1242/2060/1267 1281/1995/1229 1205/1994/1228
f 1241/2061/1268 1312/2062/1269 1242/2060/1267
f 1240/1981/1215 1313/2063/1270 1241/2061/1268
f 1242/2060/1267 1312/2062/1269 1281/1995/1229
f 1312/2062/1269 1280/2007/1239 1281/1995/1229
f 1241/2061/1268 1313/2063/1270 1312/2062/1269
f 1313/2063/1270 1314/2064/1271 1312/2062/1269
f 1312/2062/1269 1314/2064/1271 1280/2007/1239
f 1314/2065/1271 1279/2066/1240 1280/2067/1239
f 1240/1981/1215 1263/1976/1210 1313/2063/1270
f 1263/1976/1210 1262/2068/1272 1313/2063/1270
f 1313/2063/1270 1262/2068/1272 1314/2064/1271
f 1262/2069/1272 1261/2070/1273 1314/2071/1271
f 1314/2071/1271 1261/2070/1273 1279/2072/1240
f 1261/2073/1273 1204/2074/1225 1279/2075/1240
f 1266/2076/1274 1278/2077/1226 1204/2078/1225
f 1265/2079/1275 1315/2080/1276 1266/2076/1274
f 1264/1980/1214 1316/2081/1277 1265/2079/1275
f 1266/2076/1274 1315/2080/1276 1278/2077/1226
f 1315/2080/1276 1277/2022/1246 1278/2077/1226
f 1265/2079/1275 1316/2081/1277 1315/2080/1276
f 1316/2081/1277 1317/2082/1278 1315/2080/1276
f 1315/2080/1276 1317/2082/1278 1277/2022/1246
f 1317/2082/1278 1276/2024/1247 1277/2022/1246
f 1264/1980/1214 1257/1973/1207 1316/2081/1277
f 1257/1973/1207 1256/2083/1279 1316/2081/1277
f 1316/2081/1277 1256/2083/1279 1317/2082/1278
f 1256/2083/1279 1255/2084/1280 1317/2082/1278
f 1317/2082/1278 1255/2084/1280 1276/2024/1247
f 1255/2084/1280 1203/2026/1222 1276/2024/1247
f 1260/2085/1281 1275/1989/1223 1203/1988/1222
f 1259/2086/1282 1318/2087/1283 1260/2085/1281
f 1258/1979/1213 1319/2088/1284 1259/2086/1282
f 1260/2085/1281 1318/2087/1283 1275/1989/1223
f 1318/2087/1283 1274/2034/1253 1275/1989/1223
f 1259/2086/1282 1319/2088/1284 1318/2087/1283
f 1319/2088/1284 1320/2089/1285 1318/2087/1283
f 1318/2087/1283 1320/2089/1285 1274/2034/1253
f 1320/2089/1285 1273/2036/1254 1274/2034/1253
f 1258/1979/1213 1251/1970/1204 1319/2088/1284
f 1251/1970/1204 1250/2090/1286 1319/2088/1284
f 1319/2088/1284 1250/2090/1286 1320/2089/1285
f 1250/2090/1286 1249/2091/1287 1320/2089/1285
f 1320/2089/1285 1249/2091/1287 1273/2036/1254
f 1249/2091/1287 1202/2038/1219 1273/2036/1254
f 1254/2092/1288 1272/2047/1220 1202/2093/1219
f 1253/2094/1289 1321/2095/1290 1254/2092/1288
f 1252/2096/1212 1322/2097/1291 1253/2094/1289
f 1254/2092/1288 1321/2095/1290 1272/2047/1220
f 1321/2095/1290 1271/2048/1260 1272/2047/1220
f 1253/2094/1289 1322/2097/1291 1321/2095/1290
f 1322/2097/1291 1323/2098/1292 1321/2095/1290
f 1321/2095/1290 1323/2098/1292 1271/2048/1260
f 1323/2098/1292 1270/2050/1261 1271/2048/1260
f 1252/2096/1212 1245/2099/1201 1322/2097/1291
f 1245/2099/1201 1244/2100/1293 1322/2097/1291
f 1322/2097/1291 1244/2100/1293 1323/2098/1292
f 1244/2100/1293 1243/2101/1294 1323/2098/1292
f 1323/2098/1292 1243/2101/1294 1270/2050/1261
f 1243/2101/1294 1201/1982/1216 1270/2050/1261
f 1248/2102/1295 1269/1983/1217 1201/1982/1216
f 1247/2103/1296 1324/2104/1297 1248/2102/1295
f 1246/1977/1211 1325/2105/1298 1247/2103/1296
f 1248/2102/1295 1324/2104/1297 1269/1983/1217
f 1324/2104/1297 1268/2055/1265 1269/1983/1217
f 1247/2103/1296 1325/2105/1298 1324/2104/1297
f 1325/2105/1298 1326/2106/1299 1324/2104/1297
f 1324/2104/1297 1326/2106/1299 1268/2055/1265
f 1326/2106/1299 1267/2057/1266 1268/2055/1265
f 1246/1977/1211 1239/1964/1198 1325/2105/1298
f 1239/1964/1198 1238/2107/1300 1325/2105/1298
f 1325/2108/1298 1238/2109/1300 1326/2110/1299
f 1238/2109/1300 1237/2111/1301 1326/2110/1299
f 1326/2110/1299 1237/2111/1301 1267/2112/1266
f 1237/2113/1301 1205/2059/1228 1267/2057/1266
f 1261/2073/1273 1266/2114/1274 1204/2074/1225
f 1262/2069/1272 1327/2115/1302 1261/2070/1273
f 1263/1976/1210 1328/2116/1303 1262/2068/1272
f 1261/2070/1273 1327/2115/1302 1266/2076/1274
f 1327/2115/1302 1265/2079/1275 1266/2076/1274
f 1262/2068/1272 1328/2116/1303 1327/2117/1302
f 1328/2116/1303 1329/2118/1304 1327/2117/1302
f 1327/2115/1302 1329/2119/1304 1265/2079/1275
f 1329/2119/1304 1264/1980/1214 1265/2079/1275
f 1263/1976/1210 1236/1975/1209 1328/2116/1303
f 1236/1975/1209 1235/2120/1305 1328/2116/1303
f 1328/2116/1303 1235/2120/1305 1329/2118/1304
f 1235/2121/1305 1234/2122/1306 1329/2119/1304
f 1329/2119/1304 1234/2122/1306 1264/1980/1214
f 1234/2122/1306 1199/1971/1205 1264/1980/1214
f 1255/2123/1280 1260/2085/1281 1203/1988/1222
f 1256/2124/1279 1330/2125/1307 1255/2123/1280
f 1257/2126/1207 1331/2127/1308 1256/2124/1279
f 1255/2123/1280 1330/2125/1307 1260/2085/1281
f 1330/2125/1307 1259/2086/1282 1260/2085/1281
f 1256/2124/1279 1331/2127/1308 1330/2125/1307
f 1331/2127/1308 1332/2128/1309 1330/2125/1307
f 1330/2125/1307 1332/2128/1309 1259/2086/1282
f 1332/2128/1309 1258/1979/1213 1259/2086/1282
f 1257/2126/1207 1233/2129/1206 1331/2127/1308
f 1233/1972/1206 1232/2130/1310 1331/2131/1308
f 1331/2127/1308 1232/2132/1310 1332/2128/1309
f 1232/2132/1310 1231/2133/1311 1332/2128/1309
f 1332/2128/1309 1231/2133/1311 1258/1979/1213
f 1231/2133/1311 1198/1968/1202 1258/1979/1213
f 1249/2091/1287 1254/2134/1288 1202/2038/1219
f 1250/2090/1286 1333/2135/1312 1249/2091/1287
f 1251/1970/1204 1334/2136/1313 1250/2090/1286
f 1249/2091/1287 1333/2135/1312 1254/2134/1288
f 1333/2135/1312 1253/2137/1289 1254/2134/1288
f 1250/2090/1286 1334/2136/1313 1333/2135/1312
f 1334/2136/1313 1335/2138/1314 1333/2135/1312
f 1333/2135/1312 1335/2138/1314 1253/2137/1289
f 1335/2139/1314 1252/1978/1212 1253/2140/1289
f 1251/1970/1204 1227/1969/1203 1334/2136/1313
f 1227/1969/1203 1226/2141/1315 1334/2136/1313
f 1334/2136/1313 1226/2141/1315 1335/2138/1314
f 1226/2142/1315 1225/2143/1316 1335/2139/1314
f 1335/2139/1314 1225/2143/1316 1252/1978/1212
f 1225/2143/1316 1197/1965/1199 1252/1978/1212
f 1243/2101/1294 1248/2102/1295 1201/1982/1216
f 1244/2100/1293 1336/2144/1317 1243/2101/1294
f 1245/2099/1201 1337/2145/1318 1244/2100/1293
f 1243/2101/1294 1336/2144/1317 1248/2102/1295
f 1336/2144/1317 1247/2103/1296 1248/2102/1295
f 1244/2100/1293 1337/2145/1318 1336/2144/1317
f 1337/2145/1318 1338/2146/1319 1336/2144/1317
f 1336/2144/1317 1338/2146/1319 1247/2103/1296
f 1338/2146/1319 1246/1977/1211 1247/2103/1296
f 1245/2099/1201 1215/2147/1200 1337/2145/1318
f 1215/2147/1200 1214/2148/1320 1337/2145/1318
f 1337/2145/1318 1214/2148/1320 1338/2146/1319
f 1214/2149/1320 1213/2150/1321 1338/2151/1319
f 1338/2146/1319 1213/2152/1321 1246/1977/1211
f 1213/2152/1321 1196/1958/1192 1246/1977/1211
f 1237/2111/1301 1242/2060/1267 1205/1994/1228
f 1238/2109/1300 1339/2153/1322 1237/2111/1301
f 1239/1964/1198 1340/2154/1323 1238/2107/1300
f 1237/2111/1301 1339/2153/1322 1242/2060/1267
f 1339/2153/1322 1241/2061/1268 1242/2060/1267
f 1238/2109/1300 1340/2155/1323 1339/2153/1322
f 1340/2155/1323 1341/2156/1324 1339/2153/1322
f 1339/2153/1322 1341/2156/1324 1241/2061/1268
f 1341/2156/1324 1240/1981/1215 1241/2061/1268
f 1239/2157/1198 1218/2158/1194 1340/2155/1323
f 1218/2158/1194 1217/2159/1325 1340/2155/1323
f 1340/2155/1323 1217/2159/1325 1341/2156/1324
f 1217/2159/1325 1216/2160/1326 1341/2156/1324
f 1341/2156/1324 1216/2160/1326 1240/1981/1215
f 1216/2160/1326 1200/1974/1208 1240/1981/1215
f 1221/2161/1327 1236/1975/1209 1200/1974/1208
f 1220/2162/1328 1342/2163/1329 1221/2161/1327
f 1219/1963/1197 1343/2164/1330 1220/2165/1328
f 1221/2161/1327 1342/2163/1329 1236/1975/1209
f 1342/2163/1329 1235/2120/1305 1236/1975/1209
f 1220/2162/1328 1343/2166/1330 1342/2163/1329
f 1343/2167/1330 1344/2168/1331 1342/2169/1329
f 1342/2170/1329 1344/2171/1331 1235/2172/1305
f 1344/2171/1331 1234/2173/1306 1235/2172/1305
f 1219/1963/1197 1230/1962/1196 1343/2164/1330
f 1230/1962/1196 1229/2174/1332 1343/2164/1330
f 1343/2167/1330 1229/2175/1332 1344/2168/1331
f 1229/2174/1332 1228/2176/1333 1344/2171/1331
f 1344/2171/1331 1228/2176/1333 1234/2173/1306
f 1228/2177/1333 1199/1971/1205 1234/2122/1306
f 1228/2177/1333 1233/1972/1206 1199/1971/1205
f 1229/2174/1332 1345/2178/1334 1228/2176/1333
f 1230/1962/1196 1346/2179/1335 1229/2174/1332
f 1228/2177/1333 1345/2180/1334 1233/1972/1206
f 1345/2180/1334 1232/2130/1310 1233/1972/1206
f 1229/2174/1332 1346/2179/1335 1345/2178/1334
f 1346/2179/1335 1347/2181/1336 1345/2178/1334
f 1345/2182/1334 1347/2183/1336 1232/2184/1310
f 1347/2181/1336 1231/2185/1311 1232/2186/1310
f 1230/1962/1196 1224/1961/1195 1346/2179/1335
f 1224/1961/1195 1223/2187/1337 1346/2179/1335
f 1346/2179/1335 1223/2187/1337 1347/2181/1336
f 1223/2187/1337 1222/2188/1338 1347/2181/1336
f 1347/2181/1336 1222/2188/1338 1231/2185/1311
f 1222/2189/1338 1198/1968/1202 1231/2133/1311
f 1222/2189/1338 1227/1969/1203 1198/1968/1202
f 1223/2187/1337 1348/2190/1339 1222/2188/1338
f 1224/1961/1195 1349/2191/1340 1223/2187/1337
f 1222/2188/1338 1348/2190/1339 1227/2192/1203
f 1348/2190/1339 1226/2193/1315 1227/2192/1203
f 1223/2187/1337 1349/2191/1340 1348/2190/1339
f 1349/2191/1340 1350/2194/1341 1348/2190/1339
f 1348/2195/1339 1350/2196/1341 1226/2197/1315
f 1350/2196/1341 1225/2198/1316 1226/2197/1315
f 1224/1961/1195 1209/1957/1191 1349/2191/1340
f 1209/1957/1191 1208/2199/1342 1349/2191/1340
f 1349/2191/1340 1208/2199/1342 1350/2194/1341
f 1208/2199/1342 1207/2200/1343 1350/2194/1341
f 1350/2194/1341 1207/2200/1343 1225/2201/1316
f 1207/2202/1343 1197/2203/1199 1225/2204/1316
f 1216/2160/1326 1221/2161/1327 1200/1974/1208
f 1217/2159/1325 1351/2205/1344 1216/2160/1326
f 1218/2158/1194 1352/2206/1345 1217/2159/1325
f 1216/2160/1326 1351/2205/1344 1221/2161/1327
f 1351/2205/1344 1220/2162/1328 1221/2161/1327
f 1217/2159/1325 1352/2206/1345 1351/2205/1344
f 1352/2206/1345 1353/2207/1346 1351/2205/1344
f 1351/2205/1344 1353/2207/1346 1220/2162/1328
f 1353/2208/1346 1219/1963/1197 1220/2165/1328
f 1218/1960/1194 1212/1959/1193 1352/2209/1345
f 1212/1959/1193 1211/2210/1347 1352/2209/1345
f 1352/2211/1345 1211/2212/1347 1353/2208/1346
f 1211/2212/1347 1210/1956/1190 1353/2208/1346
f 1353/2208/1346 1210/1956/1190 1219/1963/1197
f 1210/1956/1190 1195/1955/1189 1219/1963/1197
f 1207/2202/1343 1215/2213/1200 1197/2203/1199
f 1208/2199/1342 1354/2214/1348 1207/2200/1343
f 1209/1957/1191 1355/2215/1349 1208/2199/1342
f 1207/2200/1343 1354/2214/1348 1215/2216/1200
f 1354/2217/1348 1214/2148/1320 1215/2147/1200
f 1208/2199/1342 1355/2215/1349 1354/2214/1348
f 1355/2215/1349 1356/2218/1350 1354/2214/1348
f 1354/2217/1348 1356/2219/1350 1214/2148/1320
f 1356/2219/1350 1213/2152/1321 1214/2148/1320
f 1209/1957/1191 1210/1956/1190 1355/2215/1349
f 1210/1956/1190 1211/2212/1347 1355/2215/1349
f 1355/2215/1349 1211/2212/1347 1356/2218/1350
f 1211/2210/1347 1212/1959/1193 1356/2219/1350
f 1356/2219/1350 1212/1959/1193 1213/2152/1321
f 1212/1959/1193 1196/1958/1192 1213/2152/1321
f 1357/2220/1351 1372/2221/1352 1371/2222/1353
f 1358/2223/1354 1374/2224/1355 1380/2225/1356
f 1357/2220/1351 1371/2222/1353 1386/2226/1357
f 1357/2220/1351 1386/2226/1357 1392/2227/1358
f 1357/2220/1351 1392/2227/1358 1381/2228/1359
f 1358/2223/1354 1380/2225/1356 1401/2229/1360
f 1359/2230/1361 1377/2231/1362 1407/2232/1363
f 1360/2233/1364 1389/2234/1365 1413/2235/1366
f 1361/2236/1367 1395/2237/1368 1419/2238/1369
f 1362/2239/1370 1398/2240/1371 1425/2241/1372
f 1358/2223/1354 1401/2229/1360 1408/2242/1373
f 1359/2230/1361 1407/2232/1363 1414/2243/1374
f 1360/2244/1364 1413/2245/1366 1420/2246/1375
f 1361/2236/1367 1419/2238/1369 1426/2247/1376
f 1362/2248/1370 1425/2249/1372 1402/2250/1377
f 1363/2251/1378 1431/2252/1379 1446/2253/1380
f 1364/2254/1381 1434/2255/1382 1452/2256/1383
f 1365/2257/1384 1437/2258/1385 1455/2259/1386
f 1366/2260/1387 1440/2261/1388 1458/2262/1389
f 1367/2263/1390 1443/2264/1391 1447/2265/1392
f 1449/2266/1393 1456/2267/1394 1368/2268/1395
f 1448/2269/1396 1459/2270/1397 1449/2266/1393
f 1447/2271/1392 1460/2272/1398 1448/2269/1396
f 1449/2266/1393 1459/2270/1397 1456/2267/1394
f 1459/2270/1397 1457/2273/1399 1456/2267/1394
f 1448/2269/1396 1460/2272/1398 1459/2270/1397
f 1460/2274/1398 1461/2275/1400 1459/2276/1397
f 1459/2276/1397 1461/2275/1400 1457/2277/1399
f 1461/2275/1400 1458/2262/1389 1457/2277/1399
f 1447/2265/1392 1443/2264/1391 1460/2278/1398
f 1443/2264/1391 1442/2279/1401 1460/2278/1398
f 1460/2274/1398 1442/2280/1401 1461/2275/1400
f 1442/2280/1401 1441/2281/1402 1461/2275/1400
f 1461/2275/1400 1441/2281/1402 1458/2262/1389
f 1441/2281/1402 1366/2260/1387 1458/2262/1389
f 1456/2267/1394 1453/2282/1403 1368/2268/1395
f 1457/2273/1399 1462/2283/1404 1456/2267/1394
f 1458/2262/1389 1463/2284/1405 1457/2277/1399
f 1456/2267/1394 1462/2283/1404 1453/2282/1403
f 1462/2283/1404 1454/2285/1406 1453/2282/1403
f 1457/2273/1399 1463/2286/1405 1462/2283/1404
f 1463/2286/1405 1464/2287/1407 1462/2283/1404
f 1462/2283/1404 1464/2287/1407 1454/2285/1406
f 1464/2287/1407 1455/2288/1386 1454/2285/1406
f 1458/2262/1389 1440/2261/1388 1463/2284/1405
f 1440/2261/1388 1439/2289/1408 1463/2284/1405
f 1463/2284/1405 1439/2289/1408 1464/2290/1407
f 1439/2291/1408 1438/2292/1409 1464/2293/1407
f 1464/2293/1407 1438/2292/1409 1455/2259/1386
f 1438/2292/1409 1365/2257/1384 1455/2259/1386
f 1453/2282/1403 1450/2294/1410 1368/2268/1395
f 1454/2285/1406 1465/2295/1411 1453/2282/1403
f 1455/2288/1386 1466/2296/1412 1454/2285/1406
f 1453/2282/1403 1465/2295/1411 1450/2294/1410
f 1465/2295/1411 1451/2297/1413 1450/2294/1410
f 1454/2298/1406 1466/2299/1412 1465/2300/1411
f 1466/2299/1412 1467/2301/1414 1465/2300/1411
f 1465/2300/1411 1467/2301/1414 1451/2302/1413
f 1467/2303/1414 1452/2304/1383 1451/2305/1413
f 1455/2288/1386 1437/2306/1385 1466/2296/1412
f 1437/2306/1385 1436/2307/1415 1466/2296/1412
f 1466/2296/1412 1436/2307/1415 1467/2308/1414
f 1436/2307/1415 1435/2309/1416 1467/2308/1414
f 1467/2308/1414 1435/2309/1416 1452/2256/1383
f 1435/2309/1416 1364/2254/1381 1452/2256/1383
f 1450/2294/1410 1444/2310/1417 1368/2268/1395
f 1451/2297/1413 1468/2311/1418 1450/2294/1410
f 1452/2304/1383 1469/2312/1419 1451/2305/1413
f 1450/2294/1410 1468/2311/1418 1444/2310/1417
f 1468/2311/1418 1445/2313/1420 1444/2310/1417
f 1451/2305/1413 1469/2312/1419 1468/2314/1418
f 1469/2312/1419 1470/2315/1421 1468/2314/1418
f 1468/2314/1418 1470/2315/1421 1445/2316/1420
f 1470/2317/1421 1446/2318/1380 1445/2313/1420
f 1452/2256/1383 1434/2255/1382 1469/2319/1419
f 1434/2320/1382 1433/2321/1422 1469/2312/1419
f 1469/2312/1419 1433/2321/1422 1470/2315/1421
f 1433/2321/1422 1432/2322/1423 1470/2315/1421
f 1470/2315/1421 1432/2322/1423 1446/2253/1380
f 1432/2322/1423 1363/2251/1378 1446/2253/1380
f 1444/2310/1417 1449/2266/1393 1368/2268/1395
f 1445/2313/1420 1471/2323/1424 1444/2310/1417
f 1446/2318/1380 1472/2324/1425 1445/2313/1420
f 1444/2310/1417 1471/2323/1424 1449/2266/1393
f 1471/2323/1424 1448/2269/1396 1449/2266/1393
f 1445/2313/1420 1472/2324/1425 1471/2323/1424
f 1472/2324/1425 1473/2325/1426 1471/2323/1424
f 1471/2323/1424 1473/2325/1426 1448/2269/1396
f 1473/2325/1426 1447/2271/1392 1448/2269/1396
f 1446/2318/1380 1431/2326/1379 1472/2324/1425
f 1431/2326/1379 1430/2327/1427 1472/2324/1425
f 1472/2324/1425 1430/2327/1427 1473/2325/1426
f 1430/2328/1427 1429/2329/1428 1473/2330/1426
f 1473/2325/1426 1429/2331/1428 1447/2271/1392
f 1429/2329/1428 1367/2263/1390 1447/2265/1392
f 1404/2332/1429 1443/2264/1391 1367/2263/1390
f 1403/2333/1430 1474/2334/1431 1404/2332/1429
f 1402/2335/1377 1475/2336/1432 1403/2337/1430
f 1404/2332/1429 1474/2334/1431 1443/2264/1391
f 1474/2334/1431 1442/2279/1401 1443/2264/1391
f 1403/2337/1430 1475/2336/1432 1474/2338/1431
f 1475/2336/1432 1476/2339/1433 1474/2338/1431
f 1474/2338/1431 1476/2339/1433 1442/2280/1401
f 1476/2339/1433 1441/2281/1402 1442/2280/1401
f 1402/2335/1377 1425/2340/1372 1475/2336/1432
f 1425/2341/1372 1424/2342/1434 1475/2343/1432
f 1475/2336/1432 1424/2344/1434 1476/2339/1433
f 1424/2344/1434 1423/2345/1435 1476/2339/1433
f 1476/2339/1433 1423/2345/1435 1441/2281/1402
f 1423/2345/1435 1366/2260/1387 1441/2281/1402
f 1428/2346/1436 1440/2261/1388 1366/2260/1387
f 1427/2347/1437 1477/2348/1438 1428/2349/1436
f 1426/2350/1376 1478/2351/1439 1427/2352/1437
f 1428/2346/1436 1477/2353/1438 1440/2261/1388
f 1477/2353/1438 1439/2289/1408 1440/2261/1388
f 1427/2352/1437 1478/2351/1439 1477/2353/1438
f 1478/2354/1439 1479/2355/1440 1477/2356/1438
f 1477/2353/1438 1479/2357/1440 1439/2289/1408
f 1479/2355/1440 1438/2292/1409 1439/2291/1408
f 1426/2247/1376 1419/2238/1369 1478/2354/1439
f 1419/2238/1369 1418/2358/1441 1478/2354/1439
f 1478/2354/1439 1418/2358/1441 1479/2355/1440
f 1418/2358/1441 1417/2359/1442 1479/2355/1440
f 1479/2355/1440 1417/2359/1442 1438/2292/1409
f 1417/2359/1442 1365/2257/1384 1438/2292/1409
f 1422/2360/1443 1437/2258/1385 1365/2257/1384
f 1421/2361/1444 1480/2362/1445 1422/2360/1443
f 1420/2246/1375 1481/2363/1446 1421/2361/1444
f 1422/2360/1443 1480/2362/1445 1437/2258/1385
f 1480/2362/1445 1436/2364/1415 1437/2258/1385
f 1421/2361/1444 1481/2363/1446 1480/2362/1445
f 1481/2363/1446 1482/2365/1447 1480/2362/1445
f 1480/2362/1445 1482/2365/1447 1436/2364/1415
f 1482/2366/1447 1435/2309/1416 1436/2307/1415
f 1420/2246/1375 1413/2245/1366 1481/2363/1446
f 1413/2245/1366 1412/2367/1448 1481/2363/1446
f 1481/2363/1446 1412/2367/1448 1482/2365/1447
f 1412/2368/1448 1411/2369/1449 1482/2370/1447
f 1482/2370/1447 1411/2369/1449 1435/2371/1416
f 1411/2369/1449 1364/2372/1381 1435/2371/1416
f 1416/2373/1450 1434/2255/1382 1364/2254/1381
f 1415/2374/1451 1483/2375/1452 1416/2376/1450
f 1414/2243/1374 1484/2377/1453 1415/2374/1451
f 1416/2376/1450 1483/2375/1452 1434/2320/1382
f 1483/2375/1452 1433/2321/1422 1434/2320/1382
f 1415/2374/1451 1484/2377/1453 1483/2375/1452
f 1484/2377/1453 1485/2378/1454 1483/2375/1452
f 1483/2375/1452 1485/2378/1454 1433/2321/1422
f 1485/2378/1454 1432/2322/1423 1433/2321/1422
f 1414/2243/1374 1407/2232/1363 1484/2377/1453
f 1407/2232/1363 1406/2379/1455 1484/2377/1453
f 1484/2377/1453 1406/2379/1455 1485/2378/1454
f 1406/2379/1455 1405/2380/1456 1485/2378/1454
f 1485/2378/1454 1405/2380/1456 1432/2322/1423
f 1405/2380/1456 1363/2251/1378 1432/2322/1423
f 1410/2381/1457 1431/2252/1379 1363/2251/1378
f 1409/2382/1458 1486/2383/1459 1410/2381/1457
f 1408/2384/1373 1487/2385/1460 1409/2382/1458
f 1410/2381/1457 1486/2383/1459 1431/2252/1379
f 1486/2386/1459 1430/2387/1427 1431/2388/1379
f 1409/2382/1458 1487/2385/1460 1486/2383/1459
f 1487/2389/1460 1488/2390/1461 1486/2391/1459
f 1486/2392/1459 1488/2393/1461 1430/2394/1427
f 1488/2390/1461 1429/2329/1428 1430/2328/1427
f 1408/2242/1373 1401/2229/1360 1487/2389/1460
f 1401/2229/1360 1400/2395/1462 1487/2389/1460
f 1487/2389/1460 1400/2395/1462 1488/2390/1461
f 1400/2395/1462 1399/2396/1463 1488/2390/1461
f 1488/2390/1461 1399/2396/1463 1429/2329/1428
f 1399/2396/1463 1367/2263/1390 1429/2329/1428
f 1423/2345/1435 1428/2346/1436 1366/2260/1387
f 1424/2344/1434 1489/2397/1464 1423/2345/1435
f 1425/2340/1372 1490/2398/1465 1424/2344/1434
f 1423/2345/1435 1489/2397/1464 1428/2346/1436
f 1489/2397/1464 1427/2352/1437 1428/2346/1436
f 1424/2344/1434 1490/2398/1465 1489/2397/1464
f 1490/2398/1465 1491/2399/1466 1489/2397/1464
f 1489/2397/1464 1491/2399/1466 1427/2352/1437
f 1491/2399/1466 1426/2350/1376 1427/2352/1437
f 1425/2340/1372 1398/2400/1371 1490/2398/1465
f 1398/2400/1371 1397/2401/1467 1490/2398/1465
f 1490/2402/1465 1397/2403/1467 1491/2404/1466
f 1397/2403/1467 1396/2405/1468 1491/2404/1466
f 1491/2399/1466 1396/2406/1468 1426/2350/1376
f 1396/2406/1468 1361/2407/1367 1426/2350/1376
f 1417/2359/1442 1422/2360/1443 1365/2257/1384
f 1418/2358/1441 1492/2408/1469 1417/2359/1442
f 1419/2238/1369 1493/2409/1470 1418/2358/1441
f 1417/2359/1442 1492/2408/1469 1422/2360/1443
f 1492/2408/1469 1421/2361/1444 1422/2360/1443
f 1418/2358/1441 1493/2409/1470 1492/2408/1469
f 1493/2409/1470 1494/2410/1471 1492/2408/1469
f 1492/2408/1469 1494/2410/1471 1421/2361/1444
f 1494/2410/1471 1420/2246/1375 1421/2361/1444
f 1419/2238/1369 1395/2237/1368 1493/2409/1470
f 1395/2237/1368 1394/2411/1472 1493/2409/1470
f 1493/2409/1470 1394/2411/1472 1494/2410/1471
f 1394/2412/1472 1393/2413/1473 1494/2414/1471
f 1494/2410/1471 1393/2415/1473 1420/2246/1375
f 1393/2415/1473 1360/2244/1364 1420/2246/1375
f 1411/2369/1449 1416/2376/1450 1364/2372/1381
f 1412/2368/1448 1495/2416/1474 1411/2369/1449
f 1413/2417/1366 1496/2418/1475 1412/2368/1448
f 1411/2369/1449 1495/2416/1474 1416/2376/1450
f 1495/2416/1474 1415/2374/1451 1416/2376/1450
f 1412/2368/1448 1496/2418/1475 1495/2416/1474
f 1496/2418/1475 1497/2419/1476 1495/2416/1474
f 1495/2416/1474 1497/2419/1476 1415/2374/1451
f 1497/2419/1476 1414/2243/1374 1415/2374/1451
f 1413/2235/1366 1389/2234/1365 1496/2420/1475
f 1389/2234/1365 1388/2421/1477 1496/2420/1475
f 1496/2420/1475 1388/2421/1477 1497/2422/1476
f 1388/2421/1477 1387/2423/1478 1497/2422/1476
f 1497/2419/1476 1387/2424/1478 1414/2243/1374
f 1387/2424/1478 1359/2230/1361 1414/2243/1374
f 1405/2380/1456 1410/2381/1457 1363/2251/1378
f 1406/2379/1455 1498/2425/1479 1405/2380/1456
f 1407/2232/1363 1499/2426/1480 1406/2379/1455
f 1405/2380/1456 1498/2425/1479 1410/2381/1457
f 1498/2425/1479 1409/2382/1458 1410/2381/1457
f 1406/2379/1455 1499/2426/1480 1498/2425/1479
f 1499/2426/1480 1500/2427/1481 1498/2425/1479
f 1498/2425/1479 1500/2427/1481 1409/2382/1458
f 1500/2428/1481 1408/2242/1373 1409/2429/1458
f 1407/2232/1363 1377/2231/1362 1499/2426/1480
f 1377/2231/1362 1376/2430/1482 1499/2426/1480
f 1499/2426/1480 1376/2430/1482 1500/2427/1481
f 1376/2430/1482 1375/2431/1483 1500/2427/1481
f 1500/2428/1481 1375/2432/1483 1408/2242/1373
f 1375/2432/1483 1358/2223/1354 1408/2242/1373
f 1399/2396/1463 1404/2332/1429 1367/2263/1390
f 1400/2395/1462 1501/2433/1484 1399/2396/1463
f 1401/2229/1360 1502/2434/1485 1400/2395/1462
f 1399/2396/1463 1501/2433/1484 1404/2332/1429
f 1501/2433/1484 1403/2333/1430 1404/2332/1429
f 1400/2395/1462 1502/2434/1485 1501/2433/1484
f 1502/2434/1485 1503/2435/1486 1501/2433/1484
f 1501/2433/1484 1503/2435/1486 1403/2333/1430
f 1503/2435/1486 1402/2436/1377 1403/2333/1430
f 1401/2229/1360 1380/2225/1356 1502/2434/1485
f 1380/2225/1356 1379/2437/1487 1502/2434/1485
f 1502/2434/1485 1379/2437/1487 1503/2435/1486
f 1379/2438/1487 1378/2439/1488 1503/2440/1486
f 1503/2440/1486 1378/2439/1488 1402/2250/1377
f 1378/2439/1488 1362/2248/1370 1402/2250/1377
f 1383/2441/1489 1398/2442/1371 1362/2248/1370
f 1382/2443/1490 1504/2444/1491 1383/2445/1489
f 1381/2228/1359 1505/2446/1492 1382/2447/1490
f 1383/2445/1489 1504/2444/1491 1398/2448/1371
f 1504/2449/1491 1397/2401/1467 1398/2400/1371
f 1382/2447/1490 1505/2446/1492 1504/2450/1491
f 1505/2446/1492 1506/2451/1493 1504/2450/1491
f 1504/2449/1491 1506/2452/1493 1397/2401/1467
f 1506/2451/1493 1396/2405/1468 1397/2403/1467
f 1381/2228/1359 1392/2227/1358 1505/2446/1492
f 1392/2227/1358 1391/2453/1494 1505/2446/1492
f 1505/2446/1492 1391/2453/1494 1506/2451/1493
f 1391/2453/1494 1390/2454/1495 1506/2451/1493
f 1506/2451/1493 1390/2454/1495 1396/2405/1468
f 1390/2455/1495 1361/2407/1367 1396/2406/1468
f 1390/2456/1495 1395/2237/1368 1361/2236/1367
f 1391/2453/1494 1507/2457/1496 1390/2454/1495
f 1392/2227/1358 1508/2458/1497 1391/2453/1494
f 1390/2454/1495 1507/2457/1496 1395/2459/1368
f 1507/2460/1496 1394/2411/1472 1395/2237/1368
f 1391/2453/1494 1508/2458/1497 1507/2457/1496
f 1508/2458/1497 1509/2461/1498 1507/2457/1496
f 1507/2460/1496 1509/2462/1498 1394/2411/1472
f 1509/2462/1498 1393/2415/1473 1394/2411/1472
f 1392/2227/1358 1386/2226/1357 1508/2458/1497
f 1386/2226/1357 1385/2463/1499 1508/2458/1497
f 1508/2458/1497 1385/2463/1499 1509/2461/1498
f 1385/2463/1499 1384/2464/1500 1509/2461/1498
f 1509/2462/1498 1384/2465/1500 1393/2415/1473
f 1384/2465/1500 1360/2244/1364 1393/2415/1473
f 1384/2464/1500 1389/2234/1365 1360/2233/1364
f 1385/2463/1499 1510/2466/1501 1384/2464/1500
f 1386/2226/1357 1511/2467/1502 1385/2463/1499
f 1384/2464/1500 1510/2466/1501 1389/2234/1365
f 1510/2466/1501 1388/2421/1477 1389/2234/1365
f 1385/2463/1499 1511/2467/1502 1510/2466/1501
f 1511/2467/1502 1512/2468/1503 1510/2466/1501
f 1510/2466/1501 1512/2468/1503 1388/2421/1477
f 1512/2468/1503 1387/2423/1478 1388/2421/1477
f 1386/2226/1357 1371/2222/1353 1511/2467/1502
f 1371/2222/1353 1370/2469/1504 1511/2467/1502
f 1511/2467/1502 1370/2469/1504 1512/2468/1503
f 1370/2469/1504 1369/2470/1505 1512/2468/1503
f 1512/2468/1503 1369/2470/1505 1387/2423/1478
f 1369/2470/1505 1359/2471/1361 1387/2423/1478
f 1378/2439/1488 1383/2441/1489 1362/2248/1370
f 1379/2438/1487 1513/2472/1506 1378/2439/1488
f 1380/2225/1356 1514/2473/1507 1379/2437/1487
f 1378/2439/1488 1513/2472/1506 1383/2441/1489
f 1513/2474/1506 1382/2443/1490 1383/2445/1489
f 1379/2438/1487 1514/2475/1507 1513/2472/1506
f 1514/2475/1507 1515/2476/1508 1513/2472/1506
f 1513/2472/1506 1515/2476/1508 1382/2447/1490
f 1515/2476/1508 1381/2228/1359 1382/2447/1490
f 1380/2477/1356 1374/2478/1355 1514/2475/1507
f 1374/2478/1355 1373/2479/1509 1514/2475/1507
f 1514/2475/1507 1373/2479/1509 1515/2476/1508
f 1373/2479/1509 1372/2221/1352 1515/2476/1508
f 1515/2476/1508 1372/2221/1352 1381/2228/1359
f 1372/2221/1352 1357/2220/1351 1381/2228/1359
f 1369/2470/1505 1377/2480/1362 1359/2471/1361
f 1370/2469/1504 1516/2481/1510 1369/2470/1505
f 1371/2222/1353 1517/2482/1511 1370/2469/1504
f 1369/2470/1505 1516/2481/1510 1377/2480/1362
f 1516/2481/1510 1376/2483/1482 1377/2480/1362
f 1370/2469/1504 1517/2482/1511 1516/2481/1510
f 1517/2482/1511 1518/2484/1512 1516/2481/1510
f 1516/2481/1510 1518/2484/1512 1376/2483/1482
f 1518/2484/1512 1375/2485/1483 1376/2483/1482
f 1371/2222/1353 1372/2221/1352 1517/2482/1511
f 1372/2221/1352 1373/2479/1509 1517/2482/1511
f 1517/2482/1511 1373/2479/1509 1518/2484/1512
f 1373/2479/1509 1374/2478/1355 1518/2484/1512
f 1518/2484/1512 1374/2478/1355 1375/2485/1483
f 1374/2224/1355 1358/2223/1354 1375/2432/1483
f 2/1/1 11/5/5 10/2/2
f 2/1/1 3/7/7 12/4/4
f 4/6/6 13/25/9 12/4/4
f 5/8/8 14/12/11 13/9/9
f 6/11/10 15/28/13 14/12/11
f 7/13/12 16/17/15 15/14/13
f 8/16/14 17/31/17 16/17/15
f 9/18/16 18/22/18 17/19/17
f 1/21/3 10/2486/2 18/22/18
f 11/5/5 20/24/20 19/23/19
f 12/4/4 21/26/21 20/24/20
f 13/25/9 22/39/22 21/26/21
f 14/12/11 23/29/23 22/27/22
f 15/28/13 24/41/24 23/29/23
f 16/17/15 25/32/25 24/30/24
f 17/31/17 26/44/26 25/32/25
f 18/22/18 27/35/27 26/33/26
f 18/22/18 10/2486/2 19/34/19
f 20/24/20 29/38/30 28/36/28
f 20/24/20 21/26/21 30/37/29
f 22/39/22 31/2487/31 30/37/29
f 23/29/23 32/42/32 31/40/31
f 24/41/24 33/2488/33 32/42/32
f 25/32/25 34/45/34 33/43/33
f 26/44/26 35/2489/36 34/45/34
f 26/33/26 27/35/27 36/46/35
f 19/34/19 28/2490/28 36/46/35
f 1/2491/3 9/2492/16 8/48/14
f 8/48/14 7/2493/12 6/2494/10
f 6/2494/10 5/2495/8 4/49/6
f 4/49/6 3/2496/7 2/50/1
f 2/50/1 1/2491/3 8/48/14
f 8/48/14 6/2494/10 4/49/6
f 36/2497/35 28/2498/28 29/51/30
f 29/51/30 30/2499/29 31/2500/31
f 31/2500/31 32/2501/32 33/52/33
f 33/52/33 34/2502/34 35/53/36
f 35/53/36 36/2497/35 29/51/30
f 29/51/30 31/2500/31 33/52/33
s 0
f 38/54/37 40/2503/37 39/55/37
f 39/57/38 40/2504/38 44/58/38
f 44/60/39 42/2505/39 41/61/39
f 42/63/40 38/2506/40 37/64/40
f 43/66/41 41/2507/41 37/56/41
f 40/67/42 38/2508/42 42/68/42
f 46/70/43 48/73/43 47/71/43
f 48/73/44 52/2509/44 51/74/44
f 52/75/45 50/2510/45 49/76/45
f 50/78/46 46/2511/46 45/79/46
f 51/81/47 49/2512/47 45/82/47
f 48/84/48 46/2513/48 50/85/48
f 53/87/49 54/97/49 56/88/49
f 56/90/50 60/2514/50 59/91/50
f 60/93/51 58/2515/51 57/94/51
f 57/96/52 58/2516/52 54/97/52
f 59/98/53 57/2517/53 53/99/53
f 60/101/54 56/2518/54 54/102/54
