# The Giants of Holst prop, from CC0 kits by KayKit (Kay Lousberg) and Kenney
v 0.7201 0.0490 -1.5803
vt 0.3233 0.8611
vn 0.6030 -0.3416 -0.7209
v 0.7201 0.4410 -1.5803
vt 0.3233 0.8889
vn 0.6030 0.3416 -0.7209
v 1.2626 0.4410 -0.5925
vt 0.2704 0.8889
vn 0.9319 0.3416 -0.1221
v 1.2626 0.0490 -0.5925
vt 0.2704 0.8611
vn 0.9319 -0.3416 -0.1221
f 1/1/1 2/2/2 3/3/3 4/4/4
v 0.3100 0.0490 -1.4110
vt 0.3256 0.8611
vn -0.7209 -0.3416 -0.6030
v 0.3100 0.4410 -1.4110
vt 0.3256 0.8889
vn -0.7209 0.3416 -0.6030
v 0.6536 0.4410 -1.5997
vt 0.3256 0.8889
vn -0.1221 0.3416 -0.9319
v 0.6536 0.0490 -1.5997
vt 0.3256 0.8611
vn -0.1221 -0.3416 -0.9319
f 5/5/5 6/6/6 7/7/7 8/8/8
v 0.3336 0.4900 -1.3680
vt 0.3233 0.9236
vn -0.4638 0.8756 -0.1350
v 0.8761 0.4900 -0.3802
vt 0.2704 0.9236
vn -0.1350 0.8756 0.4638
v 1.2197 0.4900 -0.5689
vt 0.2704 0.9236
vn 0.0000 1.0000 0.0000
v 0.6772 0.4900 -1.5567
vt 0.3233 0.9236
vn 0.0000 1.0000 0.0000
f 9/9/9 10/10/10 11/11/11 12/12/12
v 1.2433 0.0490 -0.5259
vt 0.2681 0.8611
vn 0.7209 -0.3416 0.6030
v 1.2433 0.4410 -0.5259
vt 0.2681 0.8889
vn 0.7209 0.3416 0.6030
v 0.8997 0.4410 -0.3372
vt 0.2681 0.8889
vn 0.1221 0.3416 0.9319
v 0.8997 0.0490 -0.3372
vt 0.2681 0.8611
vn 0.1221 -0.3416 0.9319
f 13/13/13 14/14/14 15/15/15 16/16/16
v 0.8331 0.0490 -0.3566
vt 0.2704 0.8611
vn -0.6030 -0.3416 0.7209
v 0.8331 0.4410 -0.3566
vt 0.2704 0.8889
vn -0.6030 0.3416 0.7209
v 0.2906 0.4410 -1.3444
vt 0.3233 0.8889
vn -0.8765 -0.0000 0.4814
v 0.2906 0.0490 -1.3444
vt 0.3233 0.8611
vn -0.8765 -0.0000 0.4814
f 17/17/17 18/18/18 19/19/19 20/20/20
v 1.2197 0.0000 -0.5689
vt 0.2704 0.8420
vn 0.6254 -0.7588 0.1820
v 1.2626 0.0490 -0.5925
vt 0.2704 0.8455
vn 0.9319 -0.3416 -0.1221
v 1.2433 0.0490 -0.5259
vt 0.2681 0.8455
vn 0.7209 -0.3416 0.6030
f 21/21/21 22/22/22 23/23/23
v 1.2626 0.4410 -0.5925
vt 0.2704 0.9358
vn 0.9319 0.3416 -0.1221
v 1.2197 0.4900 -0.5689
vt 0.2704 0.9393
vn 0.6254 0.7588 0.1820
v 1.2433 0.4410 -0.5259
vt 0.2681 0.9358
vn 0.7209 0.3416 0.6030
f 24/24/24 25/25/25 26/26/26
v 0.8761 0.0000 -0.3802
vt 0.2704 0.8420
vn -0.1350 -0.8756 0.4638
v 0.8997 0.0490 -0.3372
vt 0.2681 0.8455
vn 0.1221 -0.3416 0.9319
v 0.8331 0.0490 -0.3566
vt 0.2704 0.8455
vn -0.6030 -0.3416 0.7209
f 27/27/27 28/28/28 29/29/29
v 0.8761 0.4900 -0.3802
vt 0.2704 0.9393
vn -0.1350 0.8756 0.4638
v 0.8331 0.4410 -0.3566
vt 0.2704 0.9358
vn -0.6030 0.3416 0.7209
v 0.8997 0.4410 -0.3372
vt 0.2681 0.9358
vn 0.1221 0.3416 0.9319
f 30/30/30 31/31/31 32/32/32
v 0.6772 0.0000 -1.5567
vt 0.3233 0.8420
vn 0.1820 -0.7588 -0.6254
v 0.6536 0.0490 -1.5997
vt 0.3256 0.8455
vn -0.1221 -0.3416 -0.9319
v 0.7201 0.0490 -1.5803
vt 0.3233 0.8455
vn 0.6030 -0.3416 -0.7209
f 33/33/33 34/34/34 35/35/35
v 0.6772 0.4900 -1.5567
vt 0.3233 0.9393
vn 0.1820 0.7588 -0.6254
v 0.7201 0.4410 -1.5803
vt 0.3233 0.9358
vn 0.6030 0.3416 -0.7209
v 0.6536 0.4410 -1.5997
vt 0.3256 0.9358
vn -0.1221 0.3416 -0.9319
f 36/36/36 37/37/37 38/38/38
v 0.3336 0.0000 -1.3680
vt 0.3233 0.8420
vn -0.4638 -0.8756 -0.1350
v 0.2906 0.0490 -1.3444
vt 0.3233 0.8455
vn -0.8868 -0.4606 -0.0384
v 0.3100 0.0490 -1.4110
vt 0.3256 0.8455
vn -0.7209 -0.3416 -0.6030
f 39/39/39 40/40/40 41/41/41
v 0.3336 0.4900 -1.3680
vt 0.3233 0.9393
vn -0.4638 0.8756 -0.1350
v 0.3100 0.4410 -1.4110
vt 0.3256 0.9358
vn -0.7209 0.3416 -0.6030
v 0.2906 0.4410 -1.3444
vt 0.3233 0.9358
vn -0.8868 0.4606 -0.0384
f 42/42/42 43/43/43 44/44/44
v 0.8761 0.0000 -0.3802
vt 0.2704 0.8420
vn -0.1350 -0.8756 0.4638
v 1.2197 0.0000 -0.5689
vt 0.2704 0.8420
vn 0.6254 -0.7588 0.1820
v 1.2433 0.0490 -0.5259
vt 0.2681 0.8455
vn 0.7209 -0.3416 0.6030
v 0.8997 0.0490 -0.3372
vt 0.2681 0.8455
vn 0.1221 -0.3416 0.9319
f 45/45/45 46/46/46 47/47/47 48/48/48
v 1.2626 0.0490 -0.5925
vt 0.2704 0.8767
vn 0.9319 -0.3416 -0.1221
v 1.2626 0.4410 -0.5925
vt 0.2704 0.9045
vn 0.9319 0.3416 -0.1221
v 1.2433 0.4410 -0.5259
vt 0.2681 0.9045
vn 0.7209 0.3416 0.6030
v 1.2433 0.0490 -0.5259
vt 0.2681 0.8767
vn 0.7209 -0.3416 0.6030
f 49/49/49 50/50/50 51/51/51 52/52/52
v 1.2197 0.4900 -0.5689
vt 0.2704 0.9393
vn 0.6254 0.7588 0.1820
v 0.8761 0.4900 -0.3802
vt 0.2704 0.9393
vn -0.1350 0.8756 0.4638
v 0.8997 0.4410 -0.3372
vt 0.2681 0.9358
vn 0.1221 0.3416 0.9319
v 1.2433 0.4410 -0.5259
vt 0.2681 0.9358
vn 0.7209 0.3416 0.6030
f 53/53/53 54/54/54 55/55/55 56/56/56
v 0.8331 0.4410 -0.3566
vt 0.2704 0.9045
vn -0.6030 0.3416 0.7209
v 0.8331 0.0490 -0.3566
vt 0.2704 0.8767
vn -0.6030 -0.3416 0.7209
v 0.8997 0.0490 -0.3372
vt 0.2681 0.8767
vn 0.1221 -0.3416 0.9319
v 0.8997 0.4410 -0.3372
vt 0.2681 0.9045
vn 0.1221 0.3416 0.9319
f 57/57/57 58/58/58 59/59/59 60/60/60
v 0.3336 0.0000 -1.3680
vt 0.3233 0.8420
vn -0.4638 -0.8756 -0.1350
v 0.8761 0.0000 -0.3802
vt 0.2704 0.8420
vn -0.1350 -0.8756 0.4638
v 0.8331 0.0490 -0.3566
vt 0.2704 0.8455
vn -0.6030 -0.3416 0.7209
v 0.2906 0.0490 -1.3444
vt 0.3233 0.8455
vn -0.8868 -0.4606 -0.0384
f 61/61/61 62/62/62 63/63/63 64/64/64
v 0.8761 0.4900 -0.3802
vt 0.2704 0.9393
vn -0.1350 0.8756 0.4638
v 0.3336 0.4900 -1.3680
vt 0.3233 0.9393
vn -0.4638 0.8756 -0.1350
v 0.2906 0.4410 -1.3444
vt 0.3233 0.9358
vn -0.8868 0.4606 -0.0384
v 0.8331 0.4410 -0.3566
vt 0.2704 0.9358
vn -0.6030 0.3416 0.7209
f 65/65/65 66/66/66 67/67/67 68/68/68
v 0.3100 0.4410 -1.4110
vt 0.3256 0.9045
vn -0.7209 0.3416 -0.6030
v 0.3100 0.0490 -1.4110
vt 0.3256 0.8767
vn -0.7209 -0.3416 -0.6030
v 0.2906 0.0490 -1.3444
vt 0.3233 0.8767
vn -0.8868 -0.4606 -0.0384
v 0.2906 0.4410 -1.3444
vt 0.3233 0.9045
vn -0.8868 0.4606 -0.0384
f 69/69/69 70/70/70 71/71/71 72/72/72
v 0.6772 0.0000 -1.5567
vt 0.3233 0.8420
vn 0.1820 -0.7588 -0.6254
v 0.3336 0.0000 -1.3680
vt 0.3233 0.8420
vn -0.4638 -0.8756 -0.1350
v 0.3100 0.0490 -1.4110
vt 0.3256 0.8455
vn -0.7209 -0.3416 -0.6030
v 0.6536 0.0490 -1.5997
vt 0.3256 0.8455
vn -0.1221 -0.3416 -0.9319
f 73/73/73 74/74/74 75/75/75 76/76/76
v 0.3336 0.4900 -1.3680
vt 0.3233 0.9393
vn -0.4638 0.8756 -0.1350
v 0.6772 0.4900 -1.5567
vt 0.3233 0.9393
vn 0.1820 0.7588 -0.6254
v 0.6536 0.4410 -1.5997
vt 0.3256 0.9358
vn -0.1221 0.3416 -0.9319
v 0.3100 0.4410 -1.4110
vt 0.3256 0.9358
vn -0.7209 0.3416 -0.6030
f 77/77/77 78/78/78 79/79/79 80/80/80
v 0.7201 0.4410 -1.5803
vt 0.3233 0.9045
vn 0.6030 0.3416 -0.7209
v 0.7201 0.0490 -1.5803
vt 0.3233 0.8767
vn 0.6030 -0.3416 -0.7209
v 0.6536 0.0490 -1.5997
vt 0.3256 0.8767
vn -0.1221 -0.3416 -0.9319
v 0.6536 0.4410 -1.5997
vt 0.3256 0.9045
vn -0.1221 0.3416 -0.9319
f 81/81/81 82/82/82 83/83/83 84/84/84
v 1.2197 0.0000 -0.5689
vt 0.2704 0.8420
vn 0.6254 -0.7588 0.1820
v 0.6772 0.0000 -1.5567
vt 0.3233 0.8420
vn 0.1820 -0.7588 -0.6254
v 0.7201 0.0490 -1.5803
vt 0.3233 0.8455
vn 0.6030 -0.3416 -0.7209
v 1.2626 0.0490 -0.5925
vt 0.2704 0.8455
vn 0.9319 -0.3416 -0.1221
f 85/85/85 86/86/86 87/87/87 88/88/88
v 0.6772 0.4900 -1.5567
vt 0.3233 0.9393
vn 0.1820 0.7588 -0.6254
v 1.2197 0.4900 -0.5689
vt 0.2704 0.9393
vn 0.6254 0.7588 0.1820
v 1.2626 0.4410 -0.5925
vt 0.2704 0.9358
vn 0.9319 0.3416 -0.1221
v 0.7201 0.4410 -1.5803
vt 0.3233 0.9358
vn 0.6030 0.3416 -0.7209
f 89/89/89 90/90/90 91/91/91 92/92/92
v 0.8761 0.0000 -0.3802
vt 0.2704 0.8264
vn -0.1350 -0.8756 0.4638
v 0.3336 0.0000 -1.3680
vt 0.3233 0.8264
vn -0.4638 -0.8756 -0.1350
v 0.6772 0.0000 -1.5567
vt 0.3233 0.8264
vn 0.0000 -1.0000 -0.0000
v 1.2197 0.0000 -0.5689
vt 0.2704 0.8264
vn 0.0000 -1.0000 -0.0000
f 93/93/93 94/94/94 95/95/95 96/96/96
v 0.2788 0.0490 -1.3659
vt 0.3233 0.8611
vn 0.8765 -0.0000 -0.4814
v 0.2788 0.4410 -1.3659
vt 0.3233 0.8889
vn 0.6030 0.3416 -0.7209
v 0.8213 0.4410 -0.3781
vt 0.2704 0.8889
vn 0.9319 0.3416 -0.1221
v 0.8213 0.0490 -0.3781
vt 0.2704 0.8611
vn 0.9319 -0.3416 -0.1221
f 97/97/97 98/98/98 99/99/99 100/100/100
v -0.1313 0.0490 -1.1966
vt 0.3256 0.8611
vn -0.7209 -0.3416 -0.6030
v -0.1313 0.4410 -1.1966
vt 0.3256 0.8889
vn -0.7209 0.3416 -0.6030
v 0.2123 0.4410 -1.3853
vt 0.3256 0.8889
vn -0.1221 0.3416 -0.9319
v 0.2123 0.0490 -1.3853
vt 0.3256 0.8611
vn -0.1221 -0.3416 -0.9319
f 101/101/101 102/102/102 103/103/103 104/104/104
v -0.1077 0.4900 -1.1536
vt 0.3233 0.9236
vn -0.4638 0.8756 -0.1350
v 0.4348 0.4900 -0.1658
vt 0.2704 0.9236
vn -0.1350 0.8756 0.4638
v 0.7784 0.4900 -0.3545
vt 0.2704 0.9236
vn 0.0000 1.0000 0.0000
v 0.2359 0.4900 -1.3423
vt 0.3233 0.9236
vn 0.0000 1.0000 0.0000
f 105/105/105 106/106/106 107/107/107 108/108/108
v 0.8020 0.0490 -0.3115
vt 0.2681 0.8611
vn 0.7209 -0.3416 0.6030
v 0.8020 0.4410 -0.3115
vt 0.2681 0.8889
vn 0.7209 0.3416 0.6030
v 0.4584 0.4410 -0.1228
vt 0.2681 0.8889
vn 0.1221 0.3416 0.9319
v 0.4584 0.0490 -0.1228
vt 0.2681 0.8611
vn 0.1221 -0.3416 0.9319
f 109/109/109 110/110/110 111/111/111 112/112/112
v 0.3918 0.0490 -0.1422
vt 0.2704 0.8611
vn -0.8765 -0.0000 0.4814
v 0.3918 0.4410 -0.1422
vt 0.2704 0.8889
vn -0.8765 -0.0000 0.4814
v -0.1507 0.4410 -1.1300
vt 0.3233 0.8889
vn -0.8765 -0.0000 0.4814
v -0.1507 0.0490 -1.1300
vt 0.3233 0.8611
vn -0.8765 -0.0000 0.4814
f 113/113/113 114/114/114 115/115/115 116/116/116
v 0.7784 0.0000 -0.3545
vt 0.2704 0.8420
vn 0.4638 -0.8756 0.1350
v 0.8213 0.0490 -0.3781
vt 0.2704 0.8455
vn 0.9319 -0.3416 -0.1221
v 0.8020 0.0490 -0.3115
vt 0.2681 0.8455
vn 0.7209 -0.3416 0.6030
f 117/117/117 118/118/118 119/119/119
v 0.8213 0.4410 -0.3781
vt 0.2704 0.9358
vn 0.9319 0.3416 -0.1221
v 0.7784 0.4900 -0.3545
vt 0.2704 0.9393
vn 0.6254 0.7588 0.1820
v 0.8020 0.4410 -0.3115
vt 0.2681 0.9358
vn 0.7209 0.3416 0.6030
f 120/120/120 121/121/121 122/122/122
v 0.4348 0.0000 -0.1658
vt 0.2704 0.8420
vn -0.1350 -0.8756 0.4638
v 0.4584 0.0490 -0.1228
vt 0.2681 0.8455
vn 0.1221 -0.3416 0.9319
v 0.3918 0.0490 -0.1422
vt 0.2704 0.8455
vn -0.4434 -0.4606 0.7689
f 123/123/123 124/124/124 125/125/125
v 0.4348 0.4900 -0.1658
vt 0.2704 0.9393
vn -0.1350 0.8756 0.4638
v 0.3918 0.4410 -0.1422
vt 0.2704 0.9358
vn -0.4434 0.4606 0.7689
v 0.4584 0.4410 -0.1228
vt 0.2681 0.9358
vn 0.1221 0.3416 0.9319
f 126/126/126 127/127/127 128/128/128
v 0.2359 0.0000 -1.3423
vt 0.3233 0.8420
vn 0.1350 -0.8756 -0.4638
v 0.2123 0.0490 -1.3853
vt 0.3256 0.8455
vn -0.1221 -0.3416 -0.9319
v 0.2788 0.0490 -1.3659
vt 0.3233 0.8455
vn 0.4434 -0.4606 -0.7689
f 129/129/129 130/130/130 131/131/131
v 0.2359 0.4900 -1.3423
vt 0.3233 0.9393
vn 0.1820 0.7588 -0.6254
v 0.2788 0.4410 -1.3659
vt 0.3233 0.9358
vn 0.6030 0.3416 -0.7209
v 0.2123 0.4410 -1.3853
vt 0.3256 0.9358
vn -0.1221 0.3416 -0.9319
f 132/132/132 133/133/133 134/134/134
v -0.1077 0.0000 -1.1536
vt 0.3233 0.8420
vn -0.4638 -0.8756 -0.1350
v -0.1507 0.0490 -1.1300
vt 0.3233 0.8455
vn -0.8868 -0.4606 -0.0384
v -0.1313 0.0490 -1.1966
vt 0.3256 0.8455
vn -0.7209 -0.3416 -0.6030
f 135/135/135 136/136/136 137/137/137
v -0.1077 0.4900 -1.1536
vt 0.3233 0.9393
vn -0.4638 0.8756 -0.1350
v -0.1313 0.4410 -1.1966
vt 0.3256 0.9358
vn -0.7209 0.3416 -0.6030
v -0.1507 0.4410 -1.1300
vt 0.3233 0.9358
vn -0.8868 0.4606 -0.0384
f 138/138/138 139/139/139 140/140/140
v 0.4348 0.0000 -0.1658
vt 0.2704 0.8420
vn -0.1350 -0.8756 0.4638
v 0.7784 0.0000 -0.3545
vt 0.2704 0.8420
vn 0.4638 -0.8756 0.1350
v 0.8020 0.0490 -0.3115
vt 0.2681 0.8455
vn 0.7209 -0.3416 0.6030
v 0.4584 0.0490 -0.1228
vt 0.2681 0.8455
vn 0.1221 -0.3416 0.9319
f 141/141/141 142/142/142 143/143/143 144/144/144
v 0.8213 0.0490 -0.3781
vt 0.2704 0.8767
vn 0.9319 -0.3416 -0.1221
v 0.8213 0.4410 -0.3781
vt 0.2704 0.9045
vn 0.9319 0.3416 -0.1221
v 0.8020 0.4410 -0.3115
vt 0.2681 0.9045
vn 0.7209 0.3416 0.6030
v 0.8020 0.0490 -0.3115
vt 0.2681 0.8767
vn 0.7209 -0.3416 0.6030
f 145/145/145 146/146/146 147/147/147 148/148/148
v 0.7784 0.4900 -0.3545
vt 0.2704 0.9393
vn 0.6254 0.7588 0.1820
v 0.4348 0.4900 -0.1658
vt 0.2704 0.9393
vn -0.1350 0.8756 0.4638
v 0.4584 0.4410 -0.1228
vt 0.2681 0.9358
vn 0.1221 0.3416 0.9319
v 0.8020 0.4410 -0.3115
vt 0.2681 0.9358
vn 0.7209 0.3416 0.6030
f 149/149/149 150/150/150 151/151/151 152/152/152
v 0.3918 0.4410 -0.1422
vt 0.2704 0.9045
vn -0.4434 0.4606 0.7689
v 0.3918 0.0490 -0.1422
vt 0.2704 0.8767
vn -0.4434 -0.4606 0.7689
v 0.4584 0.0490 -0.1228
vt 0.2681 0.8767
vn 0.1221 -0.3416 0.9319
v 0.4584 0.4410 -0.1228
vt 0.2681 0.9045
vn 0.1221 0.3416 0.9319
f 153/153/153 154/154/154 155/155/155 156/156/156
v -0.1077 0.0000 -1.1536
vt 0.3233 0.8420
vn -0.4638 -0.8756 -0.1350
v 0.4348 0.0000 -0.1658
vt 0.2704 0.8420
vn -0.1350 -0.8756 0.4638
v 0.3918 0.0490 -0.1422
vt 0.2704 0.8455
vn -0.4434 -0.4606 0.7689
v -0.1507 0.0490 -1.1300
vt 0.3233 0.8455
vn -0.8868 -0.4606 -0.0384
f 157/157/157 158/158/158 159/159/159 160/160/160
v 0.4348 0.4900 -0.1658
vt 0.2704 0.9393
vn -0.1350 0.8756 0.4638
v -0.1077 0.4900 -1.1536
vt 0.3233 0.9393
vn -0.4638 0.8756 -0.1350
v -0.1507 0.4410 -1.1300
vt 0.3233 0.9358
vn -0.8868 0.4606 -0.0384
v 0.3918 0.4410 -0.1422
vt 0.2704 0.9358
vn -0.4434 0.4606 0.7689
f 161/161/161 162/162/162 163/163/163 164/164/164
v -0.1313 0.4410 -1.1966
vt 0.3256 0.9045
vn -0.7209 0.3416 -0.6030
v -0.1313 0.0490 -1.1966
vt 0.3256 0.8767
vn -0.7209 -0.3416 -0.6030
v -0.1507 0.0490 -1.1300
vt 0.3233 0.8767
vn -0.8868 -0.4606 -0.0384
v -0.1507 0.4410 -1.1300
vt 0.3233 0.9045
vn -0.8868 0.4606 -0.0384
f 165/165/165 166/166/166 167/167/167 168/168/168
v 0.2359 0.0000 -1.3423
vt 0.3233 0.8420
vn 0.1350 -0.8756 -0.4638
v -0.1077 0.0000 -1.1536
vt 0.3233 0.8420
vn -0.4638 -0.8756 -0.1350
v -0.1313 0.0490 -1.1966
vt 0.3256 0.8455
vn -0.7209 -0.3416 -0.6030
v 0.2123 0.0490 -1.3853
vt 0.3256 0.8455
vn -0.1221 -0.3416 -0.9319
f 169/169/169 170/170/170 171/171/171 172/172/172
v -0.1077 0.4900 -1.1536
vt 0.3233 0.9393
vn -0.4638 0.8756 -0.1350
v 0.2359 0.4900 -1.3423
vt 0.3233 0.9393
vn 0.1820 0.7588 -0.6254
v 0.2123 0.4410 -1.3853
vt 0.3256 0.9358
vn -0.1221 0.3416 -0.9319
v -0.1313 0.4410 -1.1966
vt 0.3256 0.9358
vn -0.7209 0.3416 -0.6030
f 173/173/173 174/174/174 175/175/175 176/176/176
v 0.2788 0.4410 -1.3659
vt 0.3233 0.9045
vn 0.6030 0.3416 -0.7209
v 0.2788 0.0490 -1.3659
vt 0.3233 0.8767
vn 0.4434 -0.4606 -0.7689
v 0.2123 0.0490 -1.3853
vt 0.3256 0.8767
vn -0.1221 -0.3416 -0.9319
v 0.2123 0.4410 -1.3853
vt 0.3256 0.9045
vn -0.1221 0.3416 -0.9319
f 177/177/177 178/178/178 179/179/179 180/180/180
v 0.7784 0.0000 -0.3545
vt 0.2704 0.8420
vn 0.4638 -0.8756 0.1350
v 0.2359 0.0000 -1.3423
vt 0.3233 0.8420
vn 0.1350 -0.8756 -0.4638
v 0.2788 0.0490 -1.3659
vt 0.3233 0.8455
vn 0.4434 -0.4606 -0.7689
v 0.8213 0.0490 -0.3781
vt 0.2704 0.8455
vn 0.9319 -0.3416 -0.1221
f 181/181/181 182/182/182 183/183/183 184/184/184
v 0.2359 0.4900 -1.3423
vt 0.3233 0.9393
vn 0.1820 0.7588 -0.6254
v 0.7784 0.4900 -0.3545
vt 0.2704 0.9393
vn 0.6254 0.7588 0.1820
v 0.8213 0.4410 -0.3781
vt 0.2704 0.9358
vn 0.9319 0.3416 -0.1221
v 0.2788 0.4410 -1.3659
vt 0.3233 0.9358
vn 0.6030 0.3416 -0.7209
f 185/185/185 186/186/186 187/187/187 188/188/188
v 0.4348 0.0000 -0.1658
vt 0.2704 0.8264
vn -0.1350 -0.8756 0.4638
v -0.1077 0.0000 -1.1536
vt 0.3233 0.8264
vn -0.4638 -0.8756 -0.1350
v 0.2359 0.0000 -1.3423
vt 0.3233 0.8264
vn 0.1350 -0.8756 -0.4638
v 0.7784 0.0000 -0.3545
vt 0.2704 0.8264
vn 0.4638 -0.8756 0.1350
f 189/189/189 190/190/190 191/191/191 192/192/192
v 1.1378 0.0490 -1.8376
vt 0.3233 0.8611
vn 0.8765 -0.0000 -0.4814
v 1.1378 0.4410 -1.8376
vt 0.3233 0.8889
vn 0.8765 -0.0000 -0.4814
v 1.6803 0.4410 -0.8498
vt 0.2704 0.8889
vn 0.9319 0.3416 -0.1221
v 1.6803 0.0490 -0.8498
vt 0.2704 0.8611
vn 0.9319 -0.3416 -0.1221
f 193/193/193 194/194/194 195/195/195 196/196/196
v 0.7277 0.0490 -1.6683
vt 0.3256 0.8611
vn -0.7209 -0.3416 -0.6030
v 0.7277 0.4410 -1.6683
vt 0.3256 0.8889
vn -0.7209 0.3416 -0.6030
v 1.0713 0.4410 -1.8570
vt 0.3256 0.8889
vn -0.4814 0.0000 -0.8765
v 1.0713 0.0490 -1.8570
vt 0.3256 0.8611
vn -0.4814 0.0000 -0.8765
f 197/197/197 198/198/198 199/199/199 200/200/200
v 0.7513 0.4900 -1.6253
vt 0.3233 0.9236
vn -0.4638 0.8756 -0.1350
v 1.2938 0.4900 -0.6375
vt 0.2704 0.9236
vn 0.0000 1.0000 0.0000
v 1.6374 0.4900 -0.8262
vt 0.2704 0.9236
vn 0.4638 0.8756 0.1350
v 1.0949 0.4900 -1.8140
vt 0.3233 0.9236
vn 0.1350 0.8756 -0.4638
f 201/201/201 202/202/202 203/203/203 204/204/204
v 1.6610 0.0490 -0.7832
vt 0.2681 0.8611
vn 0.7209 -0.3416 0.6030
v 1.6610 0.4410 -0.7832
vt 0.2681 0.8889
vn 0.7209 0.3416 0.6030
v 1.3174 0.4410 -0.5945
vt 0.2681 0.8889
vn 0.1221 0.3416 0.9319
v 1.3174 0.0490 -0.5945
vt 0.2681 0.8611
vn 0.1221 -0.3416 0.9319
f 205/205/205 206/206/206 207/207/207 208/208/208
v 1.2508 0.0490 -0.6139
vt 0.2704 0.8611
vn -0.6030 -0.3416 0.7209
v 1.2508 0.4410 -0.6139
vt 0.2704 0.8889
vn -0.6030 0.3416 0.7209
v 0.7084 0.4410 -1.6017
vt 0.3233 0.8889
vn -0.9319 0.3416 0.1221
v 0.7084 0.0490 -1.6017
vt 0.3233 0.8611
vn -0.9319 -0.3416 0.1221
f 209/209/209 210/210/210 211/211/211 212/212/212
v 1.6374 0.0000 -0.8262
vt 0.2704 0.8420
vn 0.4638 -0.8756 0.1350
v 1.6803 0.0490 -0.8498
vt 0.2704 0.8455
vn 0.9319 -0.3416 -0.1221
v 1.6610 0.0490 -0.7832
vt 0.2681 0.8455
vn 0.7209 -0.3416 0.6030
f 213/213/213 214/214/214 215/215/215
v 1.6803 0.4410 -0.8498
vt 0.2704 0.9358
vn 0.9319 0.3416 -0.1221
v 1.6374 0.4900 -0.8262
vt 0.2704 0.9393
vn 0.4638 0.8756 0.1350
v 1.6610 0.4410 -0.7832
vt 0.2681 0.9358
vn 0.7209 0.3416 0.6030
f 216/216/216 217/217/217 218/218/218
v 1.2938 0.0000 -0.6375
vt 0.2704 0.8420
vn -0.1820 -0.7588 0.6254
v 1.3174 0.0490 -0.5945
vt 0.2681 0.8455
vn 0.1221 -0.3416 0.9319
v 1.2508 0.0490 -0.6139
vt 0.2704 0.8455
vn -0.6030 -0.3416 0.7209
f 219/219/219 220/220/220 221/221/221
v 1.2938 0.4900 -0.6375
vt 0.2704 0.9393
vn -0.1820 0.7588 0.6254
v 1.2508 0.4410 -0.6139
vt 0.2704 0.9358
vn -0.6030 0.3416 0.7209
v 1.3174 0.4410 -0.5945
vt 0.2681 0.9358
vn 0.1221 0.3416 0.9319
f 222/222/222 223/223/223 224/224/224
v 1.0949 0.0000 -1.8140
vt 0.3233 0.8420
vn 0.1350 -0.8756 -0.4638
v 1.0713 0.0490 -1.8570
vt 0.3256 0.8455
vn 0.0384 -0.4606 -0.8868
v 1.1378 0.0490 -1.8376
vt 0.3233 0.8455
vn 0.4434 -0.4606 -0.7689
f 225/225/225 226/226/226 227/227/227
v 1.0949 0.4900 -1.8140
vt 0.3233 0.9393
vn 0.1350 0.8756 -0.4638
v 1.1378 0.4410 -1.8376
vt 0.3233 0.9358
vn 0.4434 0.4606 -0.7689
v 1.0713 0.4410 -1.8570
vt 0.3256 0.9358
vn 0.0384 0.4606 -0.8868
f 228/228/228 229/229/229 230/230/230
v 0.7513 0.0000 -1.6253
vt 0.3233 0.8420
vn -0.4638 -0.8756 -0.1350
v 0.7084 0.0490 -1.6017
vt 0.3233 0.8455
vn -0.9319 -0.3416 0.1221
v 0.7277 0.0490 -1.6683
vt 0.3256 0.8455
vn -0.7209 -0.3416 -0.6030
f 231/231/231 232/232/232 233/233/233
v 0.7513 0.4900 -1.6253
vt 0.3233 0.9393
vn -0.4638 0.8756 -0.1350
v 0.7277 0.4410 -1.6683
vt 0.3256 0.9358
vn -0.7209 0.3416 -0.6030
v 0.7084 0.4410 -1.6017
vt 0.3233 0.9358
vn -0.9319 0.3416 0.1221
f 234/234/234 235/235/235 236/236/236
v 1.2938 0.0000 -0.6375
vt 0.2704 0.8420
vn -0.1820 -0.7588 0.6254
v 1.6374 0.0000 -0.8262
vt 0.2704 0.8420
vn 0.4638 -0.8756 0.1350
v 1.6610 0.0490 -0.7832
vt 0.2681 0.8455
vn 0.7209 -0.3416 0.6030
v 1.3174 0.0490 -0.5945
vt 0.2681 0.8455
vn 0.1221 -0.3416 0.9319
f 237/237/237 238/238/238 239/239/239 240/240/240
v 1.6803 0.0490 -0.8498
vt 0.2704 0.8767
vn 0.9319 -0.3416 -0.1221
v 1.6803 0.4410 -0.8498
vt 0.2704 0.9045
vn 0.9319 0.3416 -0.1221
v 1.6610 0.4410 -0.7832
vt 0.2681 0.9045
vn 0.7209 0.3416 0.6030
v 1.6610 0.0490 -0.7832
vt 0.2681 0.8767
vn 0.7209 -0.3416 0.6030
f 241/241/241 242/242/242 243/243/243 244/244/244
v 1.6374 0.4900 -0.8262
vt 0.2704 0.9393
vn 0.4638 0.8756 0.1350
v 1.2938 0.4900 -0.6375
vt 0.2704 0.9393
vn -0.1820 0.7588 0.6254
v 1.3174 0.4410 -0.5945
vt 0.2681 0.9358
vn 0.1221 0.3416 0.9319
v 1.6610 0.4410 -0.7832
vt 0.2681 0.9358
vn 0.7209 0.3416 0.6030
f 245/245/245 246/246/246 247/247/247 248/248/248
v 1.2508 0.4410 -0.6139
vt 0.2704 0.9045
vn -0.6030 0.3416 0.7209
v 1.2508 0.0490 -0.6139
vt 0.2704 0.8767
vn -0.6030 -0.3416 0.7209
v 1.3174 0.0490 -0.5945
vt 0.2681 0.8767
vn 0.1221 -0.3416 0.9319
v 1.3174 0.4410 -0.5945
vt 0.2681 0.9045
vn 0.1221 0.3416 0.9319
f 249/249/249 250/250/250 251/251/251 252/252/252
v 0.7513 0.0000 -1.6253
vt 0.3233 0.8420
vn -0.4638 -0.8756 -0.1350
v 1.2938 0.0000 -0.6375
vt 0.2704 0.8420
vn -0.1820 -0.7588 0.6254
v 1.2508 0.0490 -0.6139
vt 0.2704 0.8455
vn -0.6030 -0.3416 0.7209
v 0.7084 0.0490 -1.6017
vt 0.3233 0.8455
vn -0.9319 -0.3416 0.1221
f 253/253/253 254/254/254 255/255/255 256/256/256
v 1.2938 0.4900 -0.6375
vt 0.2704 0.9393
vn -0.1820 0.7588 0.6254
v 0.7513 0.4900 -1.6253
vt 0.3233 0.9393
vn -0.4638 0.8756 -0.1350
v 0.7084 0.4410 -1.6017
vt 0.3233 0.9358
vn -0.9319 0.3416 0.1221
v 1.2508 0.4410 -0.6139
vt 0.2704 0.9358
vn -0.6030 0.3416 0.7209
f 257/257/257 258/258/258 259/259/259 260/260/260
v 0.7277 0.4410 -1.6683
vt 0.3256 0.9045
vn -0.7209 0.3416 -0.6030
v 0.7277 0.0490 -1.6683
vt 0.3256 0.8767
vn -0.7209 -0.3416 -0.6030
v 0.7084 0.0490 -1.6017
vt 0.3233 0.8767
vn -0.9319 -0.3416 0.1221
v 0.7084 0.4410 -1.6017
vt 0.3233 0.9045
vn -0.9319 0.3416 0.1221
f 261/261/261 262/262/262 263/263/263 264/264/264
v 1.0949 0.0000 -1.8140
vt 0.3233 0.8420
vn 0.1350 -0.8756 -0.4638
v 0.7513 0.0000 -1.6253
vt 0.3233 0.8420
vn -0.4638 -0.8756 -0.1350
v 0.7277 0.0490 -1.6683
vt 0.3256 0.8455
vn -0.7209 -0.3416 -0.6030
v 1.0713 0.0490 -1.8570
vt 0.3256 0.8455
vn 0.0384 -0.4606 -0.8868
f 265/265/265 266/266/266 267/267/267 268/268/268
v 0.7513 0.4900 -1.6253
vt 0.3233 0.9393
vn -0.4638 0.8756 -0.1350
v 1.0949 0.4900 -1.8140
vt 0.3233 0.9393
vn 0.1350 0.8756 -0.4638
v 1.0713 0.4410 -1.8570
vt 0.3256 0.9358
vn 0.0384 0.4606 -0.8868
v 0.7277 0.4410 -1.6683
vt 0.3256 0.9358
vn -0.7209 0.3416 -0.6030
f 269/269/269 270/270/270 271/271/271 272/272/272
v 1.1378 0.4410 -1.8376
vt 0.3233 0.9045
vn 0.4434 0.4606 -0.7689
v 1.1378 0.0490 -1.8376
vt 0.3233 0.8767
vn 0.4434 -0.4606 -0.7689
v 1.0713 0.0490 -1.8570
vt 0.3256 0.8767
vn 0.0384 -0.4606 -0.8868
v 1.0713 0.4410 -1.8570
vt 0.3256 0.9045
vn 0.0384 0.4606 -0.8868
f 273/273/273 274/274/274 275/275/275 276/276/276
v 1.6374 0.0000 -0.8262
vt 0.2704 0.8420
vn 0.4638 -0.8756 0.1350
v 1.0949 0.0000 -1.8140
vt 0.3233 0.8420
vn 0.1350 -0.8756 -0.4638
v 1.1378 0.0490 -1.8376
vt 0.3233 0.8455
vn 0.4434 -0.4606 -0.7689
v 1.6803 0.0490 -0.8498
vt 0.2704 0.8455
vn 0.9319 -0.3416 -0.1221
f 277/277/277 278/278/278 279/279/279 280/280/280
v 1.0949 0.4900 -1.8140
vt 0.3233 0.9393
vn 0.1350 0.8756 -0.4638
v 1.6374 0.4900 -0.8262
vt 0.2704 0.9393
vn 0.4638 0.8756 0.1350
v 1.6803 0.4410 -0.8498
vt 0.2704 0.9358
vn 0.9319 0.3416 -0.1221
v 1.1378 0.4410 -1.8376
vt 0.3233 0.9358
vn 0.4434 0.4606 -0.7689
f 281/281/281 282/282/282 283/283/283 284/284/284
v 1.2938 0.0000 -0.6375
vt 0.2704 0.8264
vn 0.0000 -1.0000 -0.0000
v 0.7513 0.0000 -1.6253
vt 0.3233 0.8264
vn -0.4638 -0.8756 -0.1350
v 1.0949 0.0000 -1.8140
vt 0.3233 0.8264
vn 0.1350 -0.8756 -0.4638
v 1.6374 0.0000 -0.8262
vt 0.2704 0.8264
vn 0.4638 -0.8756 0.1350
f 285/285/285 286/286/286 287/287/287 288/288/288
v 0.4506 0.5390 -1.4602
vt 0.3233 0.8611
vn 0.6030 -0.3416 -0.7209
v 0.4506 0.9310 -1.4602
vt 0.3233 0.8889
vn 0.6030 0.3416 -0.7209
v 0.9931 0.9310 -0.4724
vt 0.2704 0.8889
vn 0.9319 0.3416 -0.1221
v 0.9931 0.5390 -0.4724
vt 0.2704 0.8611
vn 0.9319 -0.3416 -0.1221
f 289/289/289 290/290/290 291/291/291 292/292/292
v 0.0405 0.5390 -1.2909
vt 0.3256 0.8611
vn -0.7209 -0.3416 -0.6030
v 0.0405 0.9310 -1.2909
vt 0.3256 0.8889
vn -0.7209 0.3416 -0.6030
v 0.3841 0.9310 -1.4796
vt 0.3256 0.8889
vn -0.1221 0.3416 -0.9319
v 0.3841 0.5390 -1.4796
vt 0.3256 0.8611
vn -0.4814 0.0000 -0.8765
f 293/293/293 294/294/294 295/295/295 296/296/296
v 0.0641 0.9800 -1.2480
vt 0.3233 0.9236
vn -0.4638 0.8756 -0.1350
v 0.6066 0.9800 -0.2601
vt 0.2704 0.9236
vn -0.1350 0.8756 0.4638
v 0.9502 0.9800 -0.4488
vt 0.2704 0.9236
vn 0.4638 0.8756 0.1350
v 0.4077 0.9800 -1.4367
vt 0.3233 0.9236
vn 0.1350 0.8756 -0.4638
f 297/297/297 298/298/298 299/299/299 300/300/300
v 0.9738 0.5390 -0.4059
vt 0.2681 0.8611
vn 0.4814 -0.0000 0.8765
v 0.9738 0.9310 -0.4059
vt 0.2681 0.8889
vn 0.7209 0.3416 0.6030
v 0.6302 0.9310 -0.2172
vt 0.2681 0.8889
vn 0.1221 0.3416 0.9319
v 0.6302 0.5390 -0.2172
vt 0.2681 0.8611
vn 0.4814 -0.0000 0.8765
f 301/301/301 302/302/302 303/303/303 304/304/304
v 0.5636 0.5390 -0.2365
vt 0.2704 0.8611
vn -0.6030 -0.3416 0.7209
v 0.5636 0.9310 -0.2365
vt 0.2704 0.8889
vn -0.6030 0.3416 0.7209
v 0.0212 0.9310 -1.2244
vt 0.3233 0.8889
vn -0.9319 0.3416 0.1221
v 0.0212 0.5390 -1.2244
vt 0.3233 0.8611
vn -0.8765 -0.0000 0.4814
f 305/305/305 306/306/306 307/307/307 308/308/308
v 0.9502 0.4900 -0.4488
vt 0.2704 0.8420
vn 0.4638 -0.8756 0.1350
v 0.9931 0.5390 -0.4724
vt 0.2704 0.8455
vn 0.9319 -0.3416 -0.1221
v 0.9738 0.5390 -0.4059
vt 0.2681 0.8455
vn 0.7689 -0.4606 0.4434
f 309/309/309 310/310/310 311/311/311
v 0.9931 0.9310 -0.4724
vt 0.2704 0.9358
vn 0.9319 0.3416 -0.1221
v 0.9502 0.9800 -0.4488
vt 0.2704 0.9393
vn 0.4638 0.8756 0.1350
v 0.9738 0.9310 -0.4059
vt 0.2681 0.9358
vn 0.7209 0.3416 0.6030
f 312/312/312 313/313/313 314/314/314
v 0.6066 0.4900 -0.2601
vt 0.2704 0.8420
vn -0.1350 -0.8756 0.4638
v 0.6302 0.5390 -0.2172
vt 0.2681 0.8455
vn -0.0384 -0.4606 0.8868
v 0.5636 0.5390 -0.2365
vt 0.2704 0.8455
vn -0.6030 -0.3416 0.7209
f 315/315/315 316/316/316 317/317/317
v 0.6066 0.9800 -0.2601
vt 0.2704 0.9393
vn -0.1350 0.8756 0.4638
v 0.5636 0.9310 -0.2365
vt 0.2704 0.9358
vn -0.6030 0.3416 0.7209
v 0.6302 0.9310 -0.2172
vt 0.2681 0.9358
vn 0.1221 0.3416 0.9319
f 318/318/318 319/319/319 320/320/320
v 0.4077 0.4900 -1.4367
vt 0.3233 0.8420
vn 0.1350 -0.8756 -0.4638
v 0.3841 0.5390 -1.4796
vt 0.3256 0.8455
vn 0.0384 -0.4606 -0.8868
v 0.4506 0.5390 -1.4602
vt 0.3233 0.8455
vn 0.6030 -0.3416 -0.7209
f 321/321/321 322/322/322 323/323/323
v 0.4077 0.9800 -1.4367
vt 0.3233 0.9393
vn 0.1350 0.8756 -0.4638
v 0.4506 0.9310 -1.4602
vt 0.3233 0.9358
vn 0.6030 0.3416 -0.7209
v 0.3841 0.9310 -1.4796
vt 0.3256 0.9358
vn -0.1221 0.3416 -0.9319
f 324/324/324 325/325/325 326/326/326
v 0.0641 0.4900 -1.2480
vt 0.3233 0.8420
vn -0.4638 -0.8756 -0.1350
v 0.0212 0.5390 -1.2244
vt 0.3233 0.8455
vn -0.8868 -0.4606 -0.0384
v 0.0405 0.5390 -1.2909
vt 0.3256 0.8455
vn -0.7209 -0.3416 -0.6030
f 327/327/327 328/328/328 329/329/329
v 0.0641 0.9800 -1.2480
vt 0.3233 0.9393
vn -0.4638 0.8756 -0.1350
v 0.0405 0.9310 -1.2909
vt 0.3256 0.9358
vn -0.7209 0.3416 -0.6030
v 0.0212 0.9310 -1.2244
vt 0.3233 0.9358
vn -0.9319 0.3416 0.1221
f 330/330/330 331/331/331 332/332/332
v 0.6066 0.4900 -0.2601
vt 0.2704 0.8420
vn -0.1350 -0.8756 0.4638
v 0.9502 0.4900 -0.4488
vt 0.2704 0.8420
vn 0.4638 -0.8756 0.1350
v 0.9738 0.5390 -0.4059
vt 0.2681 0.8455
vn 0.7689 -0.4606 0.4434
v 0.6302 0.5390 -0.2172
vt 0.2681 0.8455
vn -0.0384 -0.4606 0.8868
f 333/333/333 334/334/334 335/335/335 336/336/336
v 0.9931 0.5390 -0.4724
vt 0.2704 0.8767
vn 0.9319 -0.3416 -0.1221
v 0.9931 0.9310 -0.4724
vt 0.2704 0.9045
vn 0.9319 0.3416 -0.1221
v 0.9738 0.9310 -0.4059
vt 0.2681 0.9045
vn 0.7209 0.3416 0.6030
v 0.9738 0.5390 -0.4059
vt 0.2681 0.8767
vn 0.7689 -0.4606 0.4434
f 337/337/337 338/338/338 339/339/339 340/340/340
v 0.9502 0.9800 -0.4488
vt 0.2704 0.9393
vn 0.4638 0.8756 0.1350
v 0.6066 0.9800 -0.2601
vt 0.2704 0.9393
vn -0.1350 0.8756 0.4638
v 0.6302 0.9310 -0.2172
vt 0.2681 0.9358
vn 0.1221 0.3416 0.9319
v 0.9738 0.9310 -0.4059
vt 0.2681 0.9358
vn 0.7209 0.3416 0.6030
f 341/341/341 342/342/342 343/343/343 344/344/344
v 0.5636 0.9310 -0.2365
vt 0.2704 0.9045
vn -0.6030 0.3416 0.7209
v 0.5636 0.5390 -0.2365
vt 0.2704 0.8767
vn -0.6030 -0.3416 0.7209
v 0.6302 0.5390 -0.2172
vt 0.2681 0.8767
vn -0.0384 -0.4606 0.8868
v 0.6302 0.9310 -0.2172
vt 0.2681 0.9045
vn 0.1221 0.3416 0.9319
f 345/345/345 346/346/346 347/347/347 348/348/348
v 0.0641 0.4900 -1.2480
vt 0.3233 0.8420
vn -0.4638 -0.8756 -0.1350
v 0.6066 0.4900 -0.2601
vt 0.2704 0.8420
vn -0.1350 -0.8756 0.4638
v 0.5636 0.5390 -0.2365
vt 0.2704 0.8455
vn -0.6030 -0.3416 0.7209
v 0.0212 0.5390 -1.2244
vt 0.3233 0.8455
vn -0.8868 -0.4606 -0.0384
f 349/349/349 350/350/350 351/351/351 352/352/352
v 0.6066 0.9800 -0.2601
vt 0.2704 0.9393
vn -0.1350 0.8756 0.4638
v 0.0641 0.9800 -1.2480
vt 0.3233 0.9393
vn -0.4638 0.8756 -0.1350
v 0.0212 0.9310 -1.2244
vt 0.3233 0.9358
vn -0.9319 0.3416 0.1221
v 0.5636 0.9310 -0.2365
vt 0.2704 0.9358
vn -0.6030 0.3416 0.7209
f 353/353/353 354/354/354 355/355/355 356/356/356
v 0.0405 0.9310 -1.2909
vt 0.3256 0.9045
vn -0.7209 0.3416 -0.6030
v 0.0405 0.5390 -1.2909
vt 0.3256 0.8767
vn -0.7209 -0.3416 -0.6030
v 0.0212 0.5390 -1.2244
vt 0.3233 0.8767
vn -0.8868 -0.4606 -0.0384
v 0.0212 0.9310 -1.2244
vt 0.3233 0.9045
vn -0.9319 0.3416 0.1221
f 357/357/357 358/358/358 359/359/359 360/360/360
v 0.4077 0.4900 -1.4367
vt 0.3233 0.8420
vn 0.1350 -0.8756 -0.4638
v 0.0641 0.4900 -1.2480
vt 0.3233 0.8420
vn -0.4638 -0.8756 -0.1350
v 0.0405 0.5390 -1.2909
vt 0.3256 0.8455
vn -0.7209 -0.3416 -0.6030
v 0.3841 0.5390 -1.4796
vt 0.3256 0.8455
vn 0.0384 -0.4606 -0.8868
f 361/361/361 362/362/362 363/363/363 364/364/364
v 0.0641 0.9800 -1.2480
vt 0.3233 0.9393
vn -0.4638 0.8756 -0.1350
v 0.4077 0.9800 -1.4367
vt 0.3233 0.9393
vn 0.1350 0.8756 -0.4638
v 0.3841 0.9310 -1.4796
vt 0.3256 0.9358
vn -0.1221 0.3416 -0.9319
v 0.0405 0.9310 -1.2909
vt 0.3256 0.9358
vn -0.7209 0.3416 -0.6030
f 365/365/365 366/366/366 367/367/367 368/368/368
v 0.4506 0.9310 -1.4602
vt 0.3233 0.9045
vn 0.6030 0.3416 -0.7209
v 0.4506 0.5390 -1.4602
vt 0.3233 0.8767
vn 0.6030 -0.3416 -0.7209
v 0.3841 0.5390 -1.4796
vt 0.3256 0.8767
vn 0.0384 -0.4606 -0.8868
v 0.3841 0.9310 -1.4796
vt 0.3256 0.9045
vn -0.1221 0.3416 -0.9319
f 369/369/369 370/370/370 371/371/371 372/372/372
v 0.9502 0.4900 -0.4488
vt 0.2704 0.8420
vn 0.4638 -0.8756 0.1350
v 0.4077 0.4900 -1.4367
vt 0.3233 0.8420
vn 0.1350 -0.8756 -0.4638
v 0.4506 0.5390 -1.4602
vt 0.3233 0.8455
vn 0.6030 -0.3416 -0.7209
v 0.9931 0.5390 -0.4724
vt 0.2704 0.8455
vn 0.9319 -0.3416 -0.1221
f 373/373/373 374/374/374 375/375/375 376/376/376
v 0.4077 0.9800 -1.4367
vt 0.3233 0.9393
vn 0.1350 0.8756 -0.4638
v 0.9502 0.9800 -0.4488
vt 0.2704 0.9393
vn 0.4638 0.8756 0.1350
v 0.9931 0.9310 -0.4724
vt 0.2704 0.9358
vn 0.9319 0.3416 -0.1221
v 0.4506 0.9310 -1.4602
vt 0.3233 0.9358
vn 0.6030 0.3416 -0.7209
f 377/377/377 378/378/378 379/379/379 380/380/380
v 0.6066 0.4900 -0.2601
vt 0.2704 0.8264
vn -0.1350 -0.8756 0.4638
v 0.0641 0.4900 -1.2480
vt 0.3233 0.8264
vn -0.4638 -0.8756 -0.1350
v 0.4077 0.4900 -1.4367
vt 0.3233 0.8264
vn 0.1350 -0.8756 -0.4638
v 0.9502 0.4900 -0.4488
vt 0.2704 0.8264
vn 0.4638 -0.8756 0.1350
f 381/381/381 382/382/382 383/383/383 384/384/384
v 0.9660 0.5390 -1.7433
vt 0.3233 0.8611
vn 0.8765 -0.0000 -0.4814
v 0.9660 0.9310 -1.7433
vt 0.3233 0.8889
vn 0.6030 0.3416 -0.7209
v 1.5085 0.9310 -0.7554
vt 0.2704 0.8889
vn 0.9319 0.3416 -0.1221
v 1.5085 0.5390 -0.7554
vt 0.2704 0.8611
vn 0.8765 -0.0000 -0.4814
f 385/385/385 386/386/386 387/387/387 388/388/388
v 0.5559 0.5390 -1.5739
vt 0.3256 0.8611
vn -0.7209 -0.3416 -0.6030
v 0.5559 0.9310 -1.5739
vt 0.3256 0.8889
vn -0.7209 0.3416 -0.6030
v 0.8995 0.9310 -1.7626
vt 0.3256 0.8889
vn -0.1221 0.3416 -0.9319
v 0.8995 0.5390 -1.7626
vt 0.3256 0.8611
vn -0.1221 -0.3416 -0.9319
f 389/389/389 390/390/390 391/391/391 392/392/392
v 0.5795 0.9800 -1.5310
vt 0.3233 0.9236
vn -0.4638 0.8756 -0.1350
v 1.1220 0.9800 -0.5431
vt 0.2704 0.9236
vn -0.1350 0.8756 0.4638
v 1.4656 0.9800 -0.7318
vt 0.2704 0.9236
vn 0.4638 0.8756 0.1350
v 0.9231 0.9800 -1.7197
vt 0.3233 0.9236
vn 0.1350 0.8756 -0.4638
f 393/393/393 394/394/394 395/395/395 396/396/396
v 1.4892 0.5390 -0.6889
vt 0.2681 0.8611
vn 0.7209 -0.3416 0.6030
v 1.4892 0.9310 -0.6889
vt 0.2681 0.8889
vn 0.7209 0.3416 0.6030
v 1.1456 0.9310 -0.5002
vt 0.2681 0.8889
vn 0.1221 0.3416 0.9319
v 1.1456 0.5390 -0.5002
vt 0.2681 0.8611
vn 0.1221 -0.3416 0.9319
f 397/397/397 398/398/398 399/399/399 400/400/400
v 1.0790 0.5390 -0.5196
vt 0.2704 0.8611
vn -0.8765 -0.0000 0.4814
v 1.0790 0.9310 -0.5196
vt 0.2704 0.8889
vn -0.8765 -0.0000 0.4814
v 0.5365 0.9310 -1.5074
vt 0.3233 0.8889
vn -0.8765 -0.0000 0.4814
v 0.5365 0.5390 -1.5074
vt 0.3233 0.8611
vn -0.8765 -0.0000 0.4814
f 401/401/401 402/402/402 403/403/403 404/404/404
v 1.4656 0.4900 -0.7318
vt 0.2704 0.8420
vn 0.4638 -0.8756 0.1350
v 1.5085 0.5390 -0.7554
vt 0.2704 0.8455
vn 0.8868 -0.4606 0.0384
v 1.4892 0.5390 -0.6889
vt 0.2681 0.8455
vn 0.7209 -0.3416 0.6030
f 405/405/405 406/406/406 407/407/407
v 1.5085 0.9310 -0.7554
vt 0.2704 0.9358
vn 0.9319 0.3416 -0.1221
v 1.4656 0.9800 -0.7318
vt 0.2704 0.9393
vn 0.4638 0.8756 0.1350
v 1.4892 0.9310 -0.6889
vt 0.2681 0.9358
vn 0.7209 0.3416 0.6030
f 408/408/408 409/409/409 410/410/410
v 1.1220 0.4900 -0.5431
vt 0.2704 0.8420
vn -0.1350 -0.8756 0.4638
v 1.1456 0.5390 -0.5002
vt 0.2681 0.8455
vn 0.1221 -0.3416 0.9319
v 1.0790 0.5390 -0.5196
vt 0.2704 0.8455
vn -0.4434 -0.4606 0.7689
f 411/411/411 412/412/412 413/413/413
v 1.1220 0.9800 -0.5431
vt 0.2704 0.9393
vn -0.1350 0.8756 0.4638
v 1.0790 0.9310 -0.5196
vt 0.2704 0.9358
vn -0.4434 0.4606 0.7689
v 1.1456 0.9310 -0.5002
vt 0.2681 0.9358
vn 0.1221 0.3416 0.9319
f 414/414/414 415/415/415 416/416/416
v 0.9231 0.4900 -1.7197
vt 0.3233 0.8420
vn 0.1350 -0.8756 -0.4638
v 0.8995 0.5390 -1.7626
vt 0.3256 0.8455
vn -0.1221 -0.3416 -0.9319
v 0.9660 0.5390 -1.7433
vt 0.3233 0.8455
vn 0.4434 -0.4606 -0.7689
f 417/417/417 418/418/418 419/419/419
v 0.9231 0.9800 -1.7197
vt 0.3233 0.9393
vn 0.1350 0.8756 -0.4638
v 0.9660 0.9310 -1.7433
vt 0.3233 0.9358
vn 0.6030 0.3416 -0.7209
v 0.8995 0.9310 -1.7626
vt 0.3256 0.9358
vn -0.1221 0.3416 -0.9319
f 420/420/420 421/421/421 422/422/422
v 0.5795 0.4900 -1.5310
vt 0.3233 0.8420
vn -0.4638 -0.8756 -0.1350
v 0.5365 0.5390 -1.5074
vt 0.3233 0.8455
vn -0.8868 -0.4606 -0.0384
v 0.5559 0.5390 -1.5739
vt 0.3256 0.8455
vn -0.7209 -0.3416 -0.6030
f 423/423/423 424/424/424 425/425/425
v 0.5795 0.9800 -1.5310
vt 0.3233 0.9393
vn -0.4638 0.8756 -0.1350
v 0.5559 0.9310 -1.5739
vt 0.3256 0.9358
vn -0.7209 0.3416 -0.6030
v 0.5365 0.9310 -1.5074
vt 0.3233 0.9358
vn -0.8868 0.4606 -0.0384
f 426/426/426 427/427/427 428/428/428
v 1.1220 0.4900 -0.5431
vt 0.2704 0.8420
vn -0.1350 -0.8756 0.4638
v 1.4656 0.4900 -0.7318
vt 0.2704 0.8420
vn 0.4638 -0.8756 0.1350
v 1.4892 0.5390 -0.6889
vt 0.2681 0.8455
vn 0.7209 -0.3416 0.6030
v 1.1456 0.5390 -0.5002
vt 0.2681 0.8455
vn 0.1221 -0.3416 0.9319
f 429/429/429 430/430/430 431/431/431 432/432/432
v 1.5085 0.5390 -0.7554
vt 0.2704 0.8767
vn 0.8868 -0.4606 0.0384
v 1.5085 0.9310 -0.7554
vt 0.2704 0.9045
vn 0.9319 0.3416 -0.1221
v 1.4892 0.9310 -0.6889
vt 0.2681 0.9045
vn 0.7209 0.3416 0.6030
v 1.4892 0.5390 -0.6889
vt 0.2681 0.8767
vn 0.7209 -0.3416 0.6030
f 433/433/433 434/434/434 435/435/435 436/436/436
v 1.4656 0.9800 -0.7318
vt 0.2704 0.9393
vn 0.4638 0.8756 0.1350
v 1.1220 0.9800 -0.5431
vt 0.2704 0.9393
vn -0.1350 0.8756 0.4638
v 1.1456 0.9310 -0.5002
vt 0.2681 0.9358
vn 0.1221 0.3416 0.9319
v 1.4892 0.9310 -0.6889
vt 0.2681 0.9358
vn 0.7209 0.3416 0.6030
f 437/437/437 438/438/438 439/439/439 440/440/440
v 1.0790 0.9310 -0.5196
vt 0.2704 0.9045
vn -0.4434 0.4606 0.7689
v 1.0790 0.5390 -0.5196
vt 0.2704 0.8767
vn -0.4434 -0.4606 0.7689
v 1.1456 0.5390 -0.5002
vt 0.2681 0.8767
vn 0.1221 -0.3416 0.9319
v 1.1456 0.9310 -0.5002
vt 0.2681 0.9045
vn 0.1221 0.3416 0.9319
f 441/441/441 442/442/442 443/443/443 444/444/444
v 0.5795 0.4900 -1.5310
vt 0.3233 0.8420
vn -0.4638 -0.8756 -0.1350
v 1.1220 0.4900 -0.5431
vt 0.2704 0.8420
vn -0.1350 -0.8756 0.4638
v 1.0790 0.5390 -0.5196
vt 0.2704 0.8455
vn -0.4434 -0.4606 0.7689
v 0.5365 0.5390 -1.5074
vt 0.3233 0.8455
vn -0.8868 -0.4606 -0.0384
f 445/445/445 446/446/446 447/447/447 448/448/448
v 1.1220 0.9800 -0.5431
vt 0.2704 0.9393
vn -0.1350 0.8756 0.4638
v 0.5795 0.9800 -1.5310
vt 0.3233 0.9393
vn -0.4638 0.8756 -0.1350
v 0.5365 0.9310 -1.5074
vt 0.3233 0.9358
vn -0.8868 0.4606 -0.0384
v 1.0790 0.9310 -0.5196
vt 0.2704 0.9358
vn -0.4434 0.4606 0.7689
f 449/449/449 450/450/450 451/451/451 452/452/452
v 0.5559 0.9310 -1.5739
vt 0.3256 0.9045
vn -0.7209 0.3416 -0.6030
v 0.5559 0.5390 -1.5739
vt 0.3256 0.8767
vn -0.7209 -0.3416 -0.6030
v 0.5365 0.5390 -1.5074
vt 0.3233 0.8767
vn -0.8868 -0.4606 -0.0384
v 0.5365 0.9310 -1.5074
vt 0.3233 0.9045
vn -0.8868 0.4606 -0.0384
f 453/453/453 454/454/454 455/455/455 456/456/456
v 0.9231 0.4900 -1.7197
vt 0.3233 0.8420
vn 0.1350 -0.8756 -0.4638
v 0.5795 0.4900 -1.5310
vt 0.3233 0.8420
vn -0.4638 -0.8756 -0.1350
v 0.5559 0.5390 -1.5739
vt 0.3256 0.8455
vn -0.7209 -0.3416 -0.6030
v 0.8995 0.5390 -1.7626
vt 0.3256 0.8455
vn -0.1221 -0.3416 -0.9319
f 457/457/457 458/458/458 459/459/459 460/460/460
v 0.5795 0.9800 -1.5310
vt 0.3233 0.9393
vn -0.4638 0.8756 -0.1350
v 0.9231 0.9800 -1.7197
vt 0.3233 0.9393
vn 0.1350 0.8756 -0.4638
v 0.8995 0.9310 -1.7626
vt 0.3256 0.9358
vn -0.1221 0.3416 -0.9319
v 0.5559 0.9310 -1.5739
vt 0.3256 0.9358
vn -0.7209 0.3416 -0.6030
f 461/461/461 462/462/462 463/463/463 464/464/464
v 0.9660 0.9310 -1.7433
vt 0.3233 0.9045
vn 0.6030 0.3416 -0.7209
v 0.9660 0.5390 -1.7433
vt 0.3233 0.8767
vn 0.4434 -0.4606 -0.7689
v 0.8995 0.5390 -1.7626
vt 0.3256 0.8767
vn -0.1221 -0.3416 -0.9319
v 0.8995 0.9310 -1.7626
vt 0.3256 0.9045
vn -0.1221 0.3416 -0.9319
f 465/465/465 466/466/466 467/467/467 468/468/468
v 1.4656 0.4900 -0.7318
vt 0.2704 0.8420
vn 0.4638 -0.8756 0.1350
v 0.9231 0.4900 -1.7197
vt 0.3233 0.8420
vn 0.1350 -0.8756 -0.4638
v 0.9660 0.5390 -1.7433
vt 0.3233 0.8455
vn 0.4434 -0.4606 -0.7689
v 1.5085 0.5390 -0.7554
vt 0.2704 0.8455
vn 0.8868 -0.4606 0.0384
f 469/469/469 470/470/470 471/471/471 472/472/472
v 0.9231 0.9800 -1.7197
vt 0.3233 0.9393
vn 0.1350 0.8756 -0.4638
v 1.4656 0.9800 -0.7318
vt 0.2704 0.9393
vn 0.4638 0.8756 0.1350
v 1.5085 0.9310 -0.7554
vt 0.2704 0.9358
vn 0.9319 0.3416 -0.1221
v 0.9660 0.9310 -1.7433
vt 0.3233 0.9358
vn 0.6030 0.3416 -0.7209
f 473/473/473 474/474/474 475/475/475 476/476/476
v 1.1220 0.4900 -0.5431
vt 0.2704 0.8264
vn -0.1350 -0.8756 0.4638
v 0.5795 0.4900 -1.5310
vt 0.3233 0.8264
vn -0.4638 -0.8756 -0.1350
v 0.9231 0.4900 -1.7197
vt 0.3233 0.8264
vn 0.1350 -0.8756 -0.4638
v 1.4656 0.4900 -0.7318
vt 0.2704 0.8264
vn 0.4638 -0.8756 0.1350
f 477/477/477 478/478/478 479/479/479 480/480/480
v 3.3600 1.3300 -1.6800
vt 0.7849 0.8529
vn 0.0000 0.0000 1.0000
v 3.3600 1.4700 -1.6800
vt 0.7849 0.9073
vn 0.0000 0.0000 1.0000
v 1.5400 1.4700 -1.6800
vt 0.7960 0.9073
vn 0.0000 0.0000 1.0000
v 1.5400 1.3300 -1.6800
vt 0.7960 0.8529
vn 0.0000 0.0000 1.0000
f 481/481/481 482/482/482 483/483/483 484/484/484
v 1.5400 1.3300 -1.6800
vt 0.7960 0.8373
vn -1.0000 0.0000 0.0000
v 1.5400 1.4700 -1.6800
vt 0.7960 0.8917
vn -1.0000 0.0000 0.0000
v 1.5400 1.4700 -1.8200
vt 0.7960 0.8914
vn -1.0000 0.0000 0.0000
v 1.5400 1.3300 -1.8200
vt 0.7960 0.8370
vn -1.0000 0.0000 0.0000
f 485/485/485 486/486/486 487/487/487 488/488/488
v 1.5400 1.3300 -1.8200
vt 0.7960 0.8526
vn -0.0000 0.0000 -1.0000
v 1.5400 1.4700 -1.8200
vt 0.7960 0.9070
vn -0.0000 0.0000 -1.0000
v 3.3600 1.4700 -1.8200
vt 0.7849 0.9070
vn -0.0000 0.0000 -1.0000
v 3.3600 1.3300 -1.8200
vt 0.7849 0.8526
vn -0.0000 0.0000 -1.0000
f 489/489/489 490/490/490 491/491/491 492/492/492
v 3.3600 1.3300 -1.8200
vt 0.7849 0.8370
vn 1.0000 0.0000 -0.0000
v 3.3600 1.4700 -1.8200
vt 0.7849 0.8914
vn 1.0000 0.0000 -0.0000
v 3.3600 1.4700 -1.6800
vt 0.7849 0.8917
vn 1.0000 0.0000 -0.0000
v 3.3600 1.3300 -1.6800
vt 0.7849 0.8373
vn 1.0000 0.0000 -0.0000
f 493/493/493 494/494/494 495/495/495 496/496/496
v 1.5400 1.4700 -1.8200
vt 0.7960 0.9383
vn 0.0000 1.0000 0.0000
v 1.5400 1.4700 -1.6800
vt 0.7960 0.9386
vn 0.0000 1.0000 0.0000
v 3.3600 1.4700 -1.6800
vt 0.7849 0.9386
vn 0.0000 1.0000 0.0000
v 3.3600 1.4700 -1.8200
vt 0.7849 0.9383
vn 0.0000 1.0000 0.0000
f 497/497/497 498/498/498 499/499/499 500/500/500
v 3.3600 1.3300 -0.9800
vt 0.7849 0.8529
vn 0.0000 0.0000 1.0000
v 3.3600 1.4700 -0.9800
vt 0.7849 0.9073
vn 0.0000 0.0000 1.0000
v 1.5400 1.4700 -0.9800
vt 0.7960 0.9073
vn 0.0000 0.0000 1.0000
v 1.5400 1.3300 -0.9800
vt 0.7960 0.8529
vn 0.0000 0.0000 1.0000
f 501/501/501 502/502/502 503/503/503 504/504/504
v 1.5400 1.3300 -0.9800
vt 0.7960 0.8373
vn -1.0000 0.0000 0.0000
v 1.5400 1.4700 -0.9800
vt 0.7960 0.8917
vn -1.0000 0.0000 0.0000
v 1.5400 1.4700 -1.1200
vt 0.7960 0.8914
vn -1.0000 0.0000 0.0000
v 1.5400 1.3300 -1.1200
vt 0.7960 0.8370
vn -1.0000 0.0000 0.0000
f 505/505/505 506/506/506 507/507/507 508/508/508
v 1.5400 1.3300 -1.1200
vt 0.7960 0.8526
vn -0.0000 0.0000 -1.0000
v 1.5400 1.4700 -1.1200
vt 0.7960 0.9070
vn -0.0000 0.0000 -1.0000
v 3.3600 1.4700 -1.1200
vt 0.7849 0.9070
vn -0.0000 0.0000 -1.0000
v 3.3600 1.3300 -1.1200
vt 0.7849 0.8526
vn -0.0000 0.0000 -1.0000
f 509/509/509 510/510/510 511/511/511 512/512/512
v 3.3600 1.3300 -1.1200
vt 0.7849 0.8370
vn 1.0000 0.0000 -0.0000
v 3.3600 1.4700 -1.1200
vt 0.7849 0.8914
vn 1.0000 0.0000 -0.0000
v 3.3600 1.4700 -0.9800
vt 0.7849 0.8917
vn 1.0000 0.0000 -0.0000
v 3.3600 1.3300 -0.9800
vt 0.7849 0.8373
vn 1.0000 0.0000 -0.0000
f 513/513/513 514/514/514 515/515/515 516/516/516
v 1.5400 1.4700 -1.1200
vt 0.7960 0.9383
vn 0.0000 1.0000 0.0000
v 1.5400 1.4700 -0.9800
vt 0.7960 0.9386
vn 0.0000 1.0000 0.0000
v 3.3600 1.4700 -0.9800
vt 0.7849 0.9386
vn 0.0000 1.0000 0.0000
v 3.3600 1.4700 -1.1200
vt 0.7849 0.9383
vn 0.0000 1.0000 0.0000
f 517/517/517 518/518/518 519/519/519 520/520/520
v 3.3600 1.3300 -0.2800
vt 0.7849 0.8529
vn 0.0000 0.0000 1.0000
v 3.3600 1.4700 -0.2800
vt 0.7849 0.9073
vn 0.0000 0.0000 1.0000
v 1.5400 1.4700 -0.2800
vt 0.7960 0.9073
vn 0.0000 0.0000 1.0000
v 1.5400 1.3300 -0.2800
vt 0.7960 0.8529
vn 0.0000 0.0000 1.0000
f 521/521/521 522/522/522 523/523/523 524/524/524
v 1.5400 1.3300 -0.2800
vt 0.7960 0.8373
vn -1.0000 0.0000 0.0000
v 1.5400 1.4700 -0.2800
vt 0.7960 0.8917
vn -1.0000 0.0000 0.0000
v 1.5400 1.4700 -0.4200
vt 0.7960 0.8914
vn -1.0000 0.0000 0.0000
v 1.5400 1.3300 -0.4200
vt 0.7960 0.8370
vn -1.0000 0.0000 0.0000
f 525/525/525 526/526/526 527/527/527 528/528/528
v 1.5400 1.3300 -0.4200
vt 0.7960 0.8526
vn -0.0000 0.0000 -1.0000
v 1.5400 1.4700 -0.4200
vt 0.7960 0.9070
vn -0.0000 0.0000 -1.0000
v 3.3600 1.4700 -0.4200
vt 0.7849 0.9070
vn -0.0000 0.0000 -1.0000
v 3.3600 1.3300 -0.4200
vt 0.7849 0.8526
vn -0.0000 0.0000 -1.0000
f 529/529/529 530/530/530 531/531/531 532/532/532
v 3.3600 1.3300 -0.4200
vt 0.7849 0.8370
vn 1.0000 0.0000 -0.0000
v 3.3600 1.4700 -0.4200
vt 0.7849 0.8914
vn 1.0000 0.0000 -0.0000
v 3.3600 1.4700 -0.2800
vt 0.7849 0.8917
vn 1.0000 0.0000 -0.0000
v 3.3600 1.3300 -0.2800
vt 0.7849 0.8373
vn 1.0000 0.0000 -0.0000
f 533/533/533 534/534/534 535/535/535 536/536/536
v 1.5400 1.4700 -0.4200
vt 0.7960 0.9383
vn 0.0000 1.0000 0.0000
v 1.5400 1.4700 -0.2800
vt 0.7960 0.9386
vn 0.0000 1.0000 0.0000
v 3.3600 1.4700 -0.2800
vt 0.7849 0.9386
vn 0.0000 1.0000 0.0000
v 3.3600 1.4700 -0.4200
vt 0.7849 0.9383
vn 0.0000 1.0000 0.0000
f 537/537/537 538/538/538 539/539/539 540/540/540
v 3.3600 1.3300 -1.6800
vt 0.7849 0.8098
vn 0.0000 -1.0000 -0.0000
v 1.5400 1.3300 -1.6800
vt 0.7960 0.8098
vn 0.0000 -1.0000 -0.0000
v 1.5400 1.3300 -1.8200
vt 0.7960 0.8098
vn 0.0000 -1.0000 -0.0000
v 3.3600 1.3300 -1.8200
vt 0.7849 0.8098
vn 0.0000 -1.0000 -0.0000
f 541/541/541 542/542/542 543/543/543 544/544/544
v 3.3600 1.3300 -0.9800
vt 0.7849 0.8098
vn 0.0000 -1.0000 -0.0000
v 1.5400 1.3300 -0.9800
vt 0.7960 0.8098
vn 0.0000 -1.0000 -0.0000
v 1.5400 1.3300 -1.1200
vt 0.7960 0.8098
vn 0.0000 -1.0000 -0.0000
v 3.3600 1.3300 -1.1200
vt 0.7849 0.8098
vn 0.0000 -1.0000 -0.0000
f 545/545/545 546/546/546 547/547/547 548/548/548
v 3.3600 1.3300 -0.2800
vt 0.7849 0.8098
vn 0.0000 -1.0000 -0.0000
v 1.5400 1.3300 -0.2800
vt 0.7960 0.8098
vn 0.0000 -1.0000 -0.0000
v 1.5400 1.3300 -0.4200
vt 0.7960 0.8098
vn 0.0000 -1.0000 -0.0000
v 3.3600 1.3300 -0.4200
vt 0.7849 0.8098
vn 0.0000 -1.0000 -0.0000
f 549/549/549 550/550/550 551/551/551 552/552/552
v 1.8200 1.4700 -1.9250
vt 0.7960 0.8526
vn 1.0000 0.0000 -0.0000
v 1.8200 1.5400 -1.9250
vt 0.7960 0.9070
vn 1.0000 0.0000 -0.0000
v 1.8200 1.5400 -0.1750
vt 0.7849 0.9070
vn 1.0000 0.0000 -0.0000
v 1.8200 1.4700 -0.1750
vt 0.7849 0.8526
vn 1.0000 0.0000 -0.0000
f 553/553/553 554/554/554 555/555/555 556/556/556
v 1.5400 1.4700 -1.9250
vt 0.7960 0.8373
vn -0.0000 0.0000 -1.0000
v 1.5400 1.5400 -1.9250
vt 0.7960 0.8917
vn -0.0000 0.0000 -1.0000
v 1.8200 1.5400 -1.9250
vt 0.7960 0.8914
vn -0.0000 0.0000 -1.0000
v 1.8200 1.4700 -1.9250
vt 0.7960 0.8370
vn -0.0000 0.0000 -1.0000
f 557/557/557 558/558/558 559/559/559 560/560/560
v 1.8200 1.5400 -1.9250
vt 0.7960 0.9383
vn 0.0000 1.0000 0.0000
v 1.5400 1.5400 -1.9250
vt 0.7960 0.9386
vn 0.0000 1.0000 0.0000
v 1.5400 1.5400 -0.1750
vt 0.7849 0.9386
vn 0.0000 1.0000 0.0000
v 1.8200 1.5400 -0.1750
vt 0.7849 0.9383
vn 0.0000 1.0000 0.0000
f 561/561/561 562/562/562 563/563/563 564/564/564
v 1.8200 1.4700 -0.1750
vt 0.7849 0.8370
vn 0.0000 0.0000 1.0000
v 1.8200 1.5400 -0.1750
vt 0.7849 0.8914
vn 0.0000 0.0000 1.0000
v 1.5400 1.5400 -0.1750
vt 0.7849 0.8917
vn 0.0000 0.0000 1.0000
v 1.5400 1.4700 -0.1750
vt 0.7849 0.8373
vn 0.0000 0.0000 1.0000
f 565/565/565 566/566/566 567/567/567 568/568/568
v 1.5400 1.4700 -0.1750
vt 0.7849 0.8529
vn -1.0000 0.0000 0.0000
v 1.5400 1.5400 -0.1750
vt 0.7849 0.9073
vn -1.0000 0.0000 0.0000
v 1.5400 1.5400 -1.9250
vt 0.7960 0.9073
vn -1.0000 0.0000 0.0000
v 1.5400 1.4700 -1.9250
vt 0.7960 0.8529
vn -1.0000 0.0000 0.0000
f 569/569/569 570/570/570 571/571/571 572/572/572
v 1.8200 1.4700 -0.1750
vt 0.7849 0.8150
vn 0.0000 -1.0000 -0.0000
v 1.5400 1.4700 -0.1750
vt 0.7849 0.8150
vn 0.0000 -1.0000 -0.0000
v 1.5400 1.4700 -1.9250
vt 0.7960 0.8150
vn 0.0000 -1.0000 -0.0000
v 1.8200 1.4700 -1.9250
vt 0.7960 0.8150
vn 0.0000 -1.0000 -0.0000
f 573/573/573 574/574/574 575/575/575 576/576/576
v 2.2050 1.4700 -1.9250
vt 0.7960 0.8526
vn 1.0000 0.0000 -0.0000
v 2.2050 1.5400 -1.9250
vt 0.7960 0.9070
vn 1.0000 0.0000 -0.0000
v 2.2050 1.5400 -0.1750
vt 0.7849 0.9070
vn 1.0000 0.0000 -0.0000
v 2.2050 1.4700 -0.1750
vt 0.7849 0.8526
vn 1.0000 0.0000 -0.0000
f 577/577/577 578/578/578 579/579/579 580/580/580
v 1.9250 1.4700 -1.9250
vt 0.7960 0.8373
vn -0.0000 0.0000 -1.0000
v 1.9250 1.5400 -1.9250
vt 0.7960 0.8917
vn -0.0000 0.0000 -1.0000
v 2.2050 1.5400 -1.9250
vt 0.7960 0.8914
vn -0.0000 0.0000 -1.0000
v 2.2050 1.4700 -1.9250
vt 0.7960 0.8370
vn -0.0000 0.0000 -1.0000
f 581/581/581 582/582/582 583/583/583 584/584/584
v 2.2050 1.5400 -1.9250
vt 0.7960 0.9383
vn 0.0000 1.0000 0.0000
v 1.9250 1.5400 -1.9250
vt 0.7960 0.9386
vn 0.0000 1.0000 0.0000
v 1.9250 1.5400 -0.1750
vt 0.7849 0.9386
vn 0.0000 1.0000 0.0000
v 2.2050 1.5400 -0.1750
vt 0.7849 0.9383
vn 0.0000 1.0000 0.0000
f 585/585/585 586/586/586 587/587/587 588/588/588
v 2.2050 1.4700 -0.1750
vt 0.7849 0.8370
vn 0.0000 0.0000 1.0000
v 2.2050 1.5400 -0.1750
vt 0.7849 0.8914
vn 0.0000 0.0000 1.0000
v 1.9250 1.5400 -0.1750
vt 0.7849 0.8917
vn 0.0000 0.0000 1.0000
v 1.9250 1.4700 -0.1750
vt 0.7849 0.8373
vn 0.0000 0.0000 1.0000
f 589/589/589 590/590/590 591/591/591 592/592/592
v 1.9250 1.4700 -0.1750
vt 0.7849 0.8529
vn -1.0000 0.0000 0.0000
v 1.9250 1.5400 -0.1750
vt 0.7849 0.9073
vn -1.0000 0.0000 0.0000
v 1.9250 1.5400 -1.9250
vt 0.7960 0.9073
vn -1.0000 0.0000 0.0000
v 1.9250 1.4700 -1.9250
vt 0.7960 0.8529
vn -1.0000 0.0000 0.0000
f 593/593/593 594/594/594 595/595/595 596/596/596
v 2.2050 1.4700 -0.1750
vt 0.7849 0.8150
vn 0.0000 -1.0000 -0.0000
v 1.9250 1.4700 -0.1750
vt 0.7849 0.8150
vn 0.0000 -1.0000 -0.0000
v 1.9250 1.4700 -1.9250
vt 0.7960 0.8150
vn 0.0000 -1.0000 -0.0000
v 2.2050 1.4700 -1.9250
vt 0.7960 0.8150
vn 0.0000 -1.0000 -0.0000
f 597/597/597 598/598/598 599/599/599 600/600/600
v 2.5900 1.4700 -1.9250
vt 0.7960 0.8526
vn 1.0000 0.0000 -0.0000
v 2.5900 1.5400 -1.9250
vt 0.7960 0.9070
vn 1.0000 0.0000 -0.0000
v 2.5900 1.5400 -0.1750
vt 0.7849 0.9070
vn 1.0000 0.0000 -0.0000
v 2.5900 1.4700 -0.1750
vt 0.7849 0.8526
vn 1.0000 0.0000 -0.0000
f 601/601/601 602/602/602 603/603/603 604/604/604
v 2.3100 1.4700 -1.9250
vt 0.7960 0.8373
vn -0.0000 0.0000 -1.0000
v 2.3100 1.5400 -1.9250
vt 0.7960 0.8917
vn -0.0000 0.0000 -1.0000
v 2.5900 1.5400 -1.9250
vt 0.7960 0.8914
vn -0.0000 0.0000 -1.0000
v 2.5900 1.4700 -1.9250
vt 0.7960 0.8370
vn -0.0000 0.0000 -1.0000
f 605/605/605 606/606/606 607/607/607 608/608/608
v 2.5900 1.5400 -1.9250
vt 0.7960 0.9383
vn 0.0000 1.0000 0.0000
v 2.3100 1.5400 -1.9250
vt 0.7960 0.9386
vn 0.0000 1.0000 0.0000
v 2.3100 1.5400 -0.1750
vt 0.7849 0.9386
vn 0.0000 1.0000 0.0000
v 2.5900 1.5400 -0.1750
vt 0.7849 0.9383
vn 0.0000 1.0000 0.0000
f 609/609/609 610/610/610 611/611/611 612/612/612
v 2.5900 1.4700 -0.1750
vt 0.7849 0.8370
vn 0.0000 0.0000 1.0000
v 2.5900 1.5400 -0.1750
vt 0.7849 0.8914
vn 0.0000 0.0000 1.0000
v 2.3100 1.5400 -0.1750
vt 0.7849 0.8917
vn 0.0000 0.0000 1.0000
v 2.3100 1.4700 -0.1750
vt 0.7849 0.8373
vn 0.0000 0.0000 1.0000
f 613/613/613 614/614/614 615/615/615 616/616/616
v 2.3100 1.4700 -0.1750
vt 0.7849 0.8529
vn -1.0000 0.0000 0.0000
v 2.3100 1.5400 -0.1750
vt 0.7849 0.9073
vn -1.0000 0.0000 0.0000
v 2.3100 1.5400 -1.9250
vt 0.7960 0.9073
vn -1.0000 0.0000 0.0000
v 2.3100 1.4700 -1.9250
vt 0.7960 0.8529
vn -1.0000 0.0000 0.0000
f 617/617/617 618/618/618 619/619/619 620/620/620
v 2.5900 1.4700 -0.1750
vt 0.7849 0.8150
vn 0.0000 -1.0000 -0.0000
v 2.3100 1.4700 -0.1750
vt 0.7849 0.8150
vn 0.0000 -1.0000 -0.0000
v 2.3100 1.4700 -1.9250
vt 0.7960 0.8150
vn 0.0000 -1.0000 -0.0000
v 2.5900 1.4700 -1.9250
vt 0.7960 0.8150
vn 0.0000 -1.0000 -0.0000
f 621/621/621 622/622/622 623/623/623 624/624/624
v 2.9750 1.4700 -1.9250
vt 0.7960 0.8526
vn 1.0000 0.0000 -0.0000
v 2.9750 1.5400 -1.9250
vt 0.7960 0.9070
vn 1.0000 0.0000 -0.0000
v 2.9750 1.5400 -0.1750
vt 0.7849 0.9070
vn 1.0000 0.0000 -0.0000
v 2.9750 1.4700 -0.1750
vt 0.7849 0.8526
vn 1.0000 0.0000 -0.0000
f 625/625/625 626/626/626 627/627/627 628/628/628
v 2.6950 1.4700 -1.9250
vt 0.7960 0.8373
vn -0.0000 0.0000 -1.0000
v 2.6950 1.5400 -1.9250
vt 0.7960 0.8917
vn -0.0000 0.0000 -1.0000
v 2.9750 1.5400 -1.9250
vt 0.7960 0.8914
vn -0.0000 0.0000 -1.0000
v 2.9750 1.4700 -1.9250
vt 0.7960 0.8370
vn -0.0000 0.0000 -1.0000
f 629/629/629 630/630/630 631/631/631 632/632/632
v 2.9750 1.5400 -1.9250
vt 0.7960 0.9383
vn 0.0000 1.0000 0.0000
v 2.6950 1.5400 -1.9250
vt 0.7960 0.9386
vn 0.0000 1.0000 0.0000
v 2.6950 1.5400 -0.1750
vt 0.7849 0.9386
vn 0.0000 1.0000 0.0000
v 2.9750 1.5400 -0.1750
vt 0.7849 0.9383
vn 0.0000 1.0000 0.0000
f 633/633/633 634/634/634 635/635/635 636/636/636
v 2.9750 1.4700 -0.1750
vt 0.7849 0.8370
vn 0.0000 0.0000 1.0000
v 2.9750 1.5400 -0.1750
vt 0.7849 0.8914
vn 0.0000 0.0000 1.0000
v 2.6950 1.5400 -0.1750
vt 0.7849 0.8917
vn 0.0000 0.0000 1.0000
v 2.6950 1.4700 -0.1750
vt 0.7849 0.8373
vn 0.0000 0.0000 1.0000
f 637/637/637 638/638/638 639/639/639 640/640/640
v 2.6950 1.4700 -0.1750
vt 0.7849 0.8529
vn -1.0000 0.0000 0.0000
v 2.6950 1.5400 -0.1750
vt 0.7849 0.9073
vn -1.0000 0.0000 0.0000
v 2.6950 1.5400 -1.9250
vt 0.7960 0.9073
vn -1.0000 0.0000 0.0000
v 2.6950 1.4700 -1.9250
vt 0.7960 0.8529
vn -1.0000 0.0000 0.0000
f 641/641/641 642/642/642 643/643/643 644/644/644
v 2.9750 1.4700 -0.1750
vt 0.7849 0.8150
vn 0.0000 -1.0000 -0.0000
v 2.6950 1.4700 -0.1750
vt 0.7849 0.8150
vn 0.0000 -1.0000 -0.0000
v 2.6950 1.4700 -1.9250
vt 0.7960 0.8150
vn 0.0000 -1.0000 -0.0000
v 2.9750 1.4700 -1.9250
vt 0.7960 0.8150
vn 0.0000 -1.0000 -0.0000
f 645/645/645 646/646/646 647/647/647 648/648/648
v 3.3600 1.4700 -1.9250
vt 0.7960 0.8526
vn 1.0000 0.0000 -0.0000
v 3.3600 1.5400 -1.9250
vt 0.7960 0.9070
vn 1.0000 0.0000 -0.0000
v 3.3600 1.5400 -0.1750
vt 0.7849 0.9070
vn 1.0000 0.0000 -0.0000
v 3.3600 1.4700 -0.1750
vt 0.7849 0.8526
vn 1.0000 0.0000 -0.0000
f 649/649/649 650/650/650 651/651/651 652/652/652
v 3.0800 1.4700 -1.9250
vt 0.7960 0.8373
vn -0.0000 0.0000 -1.0000
v 3.0800 1.5400 -1.9250
vt 0.7960 0.8917
vn -0.0000 0.0000 -1.0000
v 3.3600 1.5400 -1.9250
vt 0.7960 0.8914
vn -0.0000 0.0000 -1.0000
v 3.3600 1.4700 -1.9250
vt 0.7960 0.8370
vn -0.0000 0.0000 -1.0000
f 653/653/653 654/654/654 655/655/655 656/656/656
v 3.3600 1.5400 -1.9250
vt 0.7960 0.9383
vn 0.0000 1.0000 0.0000
v 3.0800 1.5400 -1.9250
vt 0.7960 0.9386
vn 0.0000 1.0000 0.0000
v 3.0800 1.5400 -0.1750
vt 0.7849 0.9386
vn 0.0000 1.0000 0.0000
v 3.3600 1.5400 -0.1750
vt 0.7849 0.9383
vn 0.0000 1.0000 0.0000
f 657/657/657 658/658/658 659/659/659 660/660/660
v 3.3600 1.4700 -0.1750
vt 0.7849 0.8370
vn 0.0000 0.0000 1.0000
v 3.3600 1.5400 -0.1750
vt 0.7849 0.8914
vn 0.0000 0.0000 1.0000
v 3.0800 1.5400 -0.1750
vt 0.7849 0.8917
vn 0.0000 0.0000 1.0000
v 3.0800 1.4700 -0.1750
vt 0.7849 0.8373
vn 0.0000 0.0000 1.0000
f 661/661/661 662/662/662 663/663/663 664/664/664
v 3.0800 1.4700 -0.1750
vt 0.7849 0.8529
vn -1.0000 0.0000 0.0000
v 3.0800 1.5400 -0.1750
vt 0.7849 0.9073
vn -1.0000 0.0000 0.0000
v 3.0800 1.5400 -1.9250
vt 0.7960 0.9073
vn -1.0000 0.0000 0.0000
v 3.0800 1.4700 -1.9250
vt 0.7960 0.8529
vn -1.0000 0.0000 0.0000
f 665/665/665 666/666/666 667/667/667 668/668/668
v 3.3600 1.4700 -0.1750
vt 0.7849 0.8150
vn 0.0000 -1.0000 -0.0000
v 3.0800 1.4700 -0.1750
vt 0.7849 0.8150
vn 0.0000 -1.0000 -0.0000
v 3.0800 1.4700 -1.9250
vt 0.7960 0.8150
vn 0.0000 -1.0000 -0.0000
v 3.3600 1.4700 -1.9250
vt 0.7960 0.8150
vn 0.0000 -1.0000 -0.0000
f 669/669/669 670/670/670 671/671/671 672/672/672
v 3.3600 2.3800 -1.6800
vt 0.7849 0.8529
vn 0.0000 0.0000 1.0000
v 3.3600 2.5200 -1.6800
vt 0.7849 0.9073
vn 0.0000 0.0000 1.0000
v 1.5400 2.5200 -1.6800
vt 0.7960 0.9073
vn 0.0000 0.0000 1.0000
v 1.5400 2.3800 -1.6800
vt 0.7960 0.8529
vn 0.0000 0.0000 1.0000
f 673/673/673 674/674/674 675/675/675 676/676/676
v 1.5400 2.3800 -1.6800
vt 0.7960 0.8373
vn -1.0000 0.0000 0.0000
v 1.5400 2.5200 -1.6800
vt 0.7960 0.8917
vn -1.0000 0.0000 0.0000
v 1.5400 2.5200 -1.8200
vt 0.7960 0.8914
vn -1.0000 0.0000 0.0000
v 1.5400 2.3800 -1.8200
vt 0.7960 0.8370
vn -1.0000 0.0000 0.0000
f 677/677/677 678/678/678 679/679/679 680/680/680
v 1.5400 2.3800 -1.8200
vt 0.7960 0.8526
vn -0.0000 0.0000 -1.0000
v 1.5400 2.5200 -1.8200
vt 0.7960 0.9070
vn -0.0000 0.0000 -1.0000
v 3.3600 2.5200 -1.8200
vt 0.7849 0.9070
vn -0.0000 0.0000 -1.0000
v 3.3600 2.3800 -1.8200
vt 0.7849 0.8526
vn -0.0000 0.0000 -1.0000
f 681/681/681 682/682/682 683/683/683 684/684/684
v 3.3600 2.3800 -1.8200
vt 0.7849 0.8370
vn 1.0000 0.0000 -0.0000
v 3.3600 2.5200 -1.8200
vt 0.7849 0.8914
vn 1.0000 0.0000 -0.0000
v 3.3600 2.5200 -1.6800
vt 0.7849 0.8917
vn 1.0000 0.0000 -0.0000
v 3.3600 2.3800 -1.6800
vt 0.7849 0.8373
vn 1.0000 0.0000 -0.0000
f 685/685/685 686/686/686 687/687/687 688/688/688
v 1.5400 2.5200 -1.8200
vt 0.7960 0.9383
vn 0.0000 1.0000 0.0000
v 1.5400 2.5200 -1.6800
vt 0.7960 0.9386
vn 0.0000 1.0000 0.0000
v 3.3600 2.5200 -1.6800
vt 0.7849 0.9386
vn 0.0000 1.0000 0.0000
v 3.3600 2.5200 -1.8200
vt 0.7849 0.9383
vn 0.0000 1.0000 0.0000
f 689/689/689 690/690/690 691/691/691 692/692/692
v 3.3600 2.3800 1.4700
vt 0.7849 0.8529
vn 0.0000 0.0000 1.0000
v 3.3600 2.5200 1.4700
vt 0.7849 0.9073
vn 0.0000 0.0000 1.0000
v 1.5400 2.5200 1.4700
vt 0.7960 0.9073
vn 0.0000 0.0000 1.0000
v 1.5400 2.3800 1.4700
vt 0.7960 0.8529
vn 0.0000 0.0000 1.0000
f 693/693/693 694/694/694 695/695/695 696/696/696
v 1.5400 2.3800 1.4700
vt 0.7960 0.8373
vn -1.0000 0.0000 0.0000
v 1.5400 2.5200 1.4700
vt 0.7960 0.8917
vn -1.0000 0.0000 0.0000
v 1.5400 2.5200 1.3300
vt 0.7960 0.8914
vn -1.0000 0.0000 0.0000
v 1.5400 2.3800 1.3300
vt 0.7960 0.8370
vn -1.0000 0.0000 0.0000
f 697/697/697 698/698/698 699/699/699 700/700/700
v 1.5400 2.3800 1.3300
vt 0.7960 0.8526
vn -0.0000 0.0000 -1.0000
v 1.5400 2.5200 1.3300
vt 0.7960 0.9070
vn -0.0000 0.0000 -1.0000
v 3.3600 2.5200 1.3300
vt 0.7849 0.9070
vn -0.0000 0.0000 -1.0000
v 3.3600 2.3800 1.3300
vt 0.7849 0.8526
vn -0.0000 0.0000 -1.0000
f 701/701/701 702/702/702 703/703/703 704/704/704
v 3.3600 2.3800 1.3300
vt 0.7849 0.8370
vn 1.0000 0.0000 -0.0000
v 3.3600 2.5200 1.3300
vt 0.7849 0.8914
vn 1.0000 0.0000 -0.0000
v 3.3600 2.5200 1.4700
vt 0.7849 0.8917
vn 1.0000 0.0000 -0.0000
v 3.3600 2.3800 1.4700
vt 0.7849 0.8373
vn 1.0000 0.0000 -0.0000
f 705/705/705 706/706/706 707/707/707 708/708/708
v 1.5400 2.5200 1.3300
vt 0.7960 0.9383
vn 0.0000 1.0000 0.0000
v 1.5400 2.5200 1.4700
vt 0.7960 0.9386
vn 0.0000 1.0000 0.0000
v 3.3600 2.5200 1.4700
vt 0.7849 0.9386
vn 0.0000 1.0000 0.0000
v 3.3600 2.5200 1.3300
vt 0.7849 0.9383
vn 0.0000 1.0000 0.0000
f 709/709/709 710/710/710 711/711/711 712/712/712
v 3.3600 2.3800 -1.6800
vt 0.7849 0.8098
vn 0.0000 -1.0000 -0.0000
v 1.5400 2.3800 -1.6800
vt 0.7960 0.8098
vn 0.0000 -1.0000 -0.0000
v 1.5400 2.3800 -1.8200
vt 0.7960 0.8098
vn 0.0000 -1.0000 -0.0000
v 3.3600 2.3800 -1.8200
vt 0.7849 0.8098
vn 0.0000 -1.0000 -0.0000
f 713/713/713 714/714/714 715/715/715 716/716/716
v 3.3600 2.3800 1.4700
vt 0.7849 0.8098
vn 0.0000 -1.0000 -0.0000
v 1.5400 2.3800 1.4700
vt 0.7960 0.8098
vn 0.0000 -1.0000 -0.0000
v 1.5400 2.3800 1.3300
vt 0.7960 0.8098
vn 0.0000 -1.0000 -0.0000
v 3.3600 2.3800 1.3300
vt 0.7849 0.8098
vn 0.0000 -1.0000 -0.0000
f 717/717/717 718/718/718 719/719/719 720/720/720
v 1.8200 2.5200 -1.9250
vt 0.7960 0.8526
vn 1.0000 0.0000 -0.0000
v 1.8200 2.5900 -1.9250
vt 0.7960 0.9070
vn 1.0000 0.0000 -0.0000
v 1.8200 2.5900 1.5750
vt 0.7849 0.9070
vn 1.0000 0.0000 -0.0000
v 1.8200 2.5200 1.5750
vt 0.7849 0.8526
vn 1.0000 0.0000 -0.0000
f 721/721/721 722/722/722 723/723/723 724/724/724
v 1.5400 2.5200 -1.9250
vt 0.7960 0.8373
vn -0.0000 0.0000 -1.0000
v 1.5400 2.5900 -1.9250
vt 0.7960 0.8917
vn -0.0000 0.0000 -1.0000
v 1.8200 2.5900 -1.9250
vt 0.7960 0.8914
vn -0.0000 0.0000 -1.0000
v 1.8200 2.5200 -1.9250
vt 0.7960 0.8370
vn -0.0000 0.0000 -1.0000
f 725/725/725 726/726/726 727/727/727 728/728/728
v 1.8200 2.5900 -1.9250
vt 0.7960 0.9383
vn 0.0000 1.0000 0.0000
v 1.5400 2.5900 -1.9250
vt 0.7960 0.9386
vn 0.0000 1.0000 0.0000
v 1.5400 2.5900 1.5750
vt 0.7849 0.9386
vn 0.0000 1.0000 0.0000
v 1.8200 2.5900 1.5750
vt 0.7849 0.9383
vn 0.0000 1.0000 0.0000
f 729/729/729 730/730/730 731/731/731 732/732/732
v 1.8200 2.5200 1.5750
vt 0.7849 0.8370
vn 0.0000 0.0000 1.0000
v 1.8200 2.5900 1.5750
vt 0.7849 0.8914
vn 0.0000 0.0000 1.0000
v 1.5400 2.5900 1.5750
vt 0.7849 0.8917
vn 0.0000 0.0000 1.0000
v 1.5400 2.5200 1.5750
vt 0.7849 0.8373
vn 0.0000 0.0000 1.0000
f 733/733/733 734/734/734 735/735/735 736/736/736
v 1.5400 2.5200 1.5750
vt 0.7849 0.8529
vn -1.0000 0.0000 0.0000
v 1.5400 2.5900 1.5750
vt 0.7849 0.9073
vn -1.0000 0.0000 0.0000
v 1.5400 2.5900 -1.9250
vt 0.7960 0.9073
vn -1.0000 0.0000 0.0000
v 1.5400 2.5200 -1.9250
vt 0.7960 0.8529
vn -1.0000 0.0000 0.0000
f 737/737/737 738/738/738 739/739/739 740/740/740
v 1.8200 2.5200 1.5750
vt 0.7849 0.8150
vn 0.0000 -1.0000 -0.0000
v 1.5400 2.5200 1.5750
vt 0.7849 0.8150
vn 0.0000 -1.0000 -0.0000
v 1.5400 2.5200 -1.9250
vt 0.7960 0.8150
vn 0.0000 -1.0000 -0.0000
v 1.8200 2.5200 -1.9250
vt 0.7960 0.8150
vn 0.0000 -1.0000 -0.0000
f 741/741/741 742/742/742 743/743/743 744/744/744
v 2.2050 2.5200 -1.9250
vt 0.7960 0.8526
vn 1.0000 0.0000 -0.0000
v 2.2050 2.5900 -1.9250
vt 0.7960 0.9070
vn 1.0000 0.0000 -0.0000
v 2.2050 2.5900 1.5750
vt 0.7849 0.9070
vn 1.0000 0.0000 -0.0000
v 2.2050 2.5200 1.5750
vt 0.7849 0.8526
vn 1.0000 0.0000 -0.0000
f 745/745/745 746/746/746 747/747/747 748/748/748
v 1.9250 2.5200 -1.9250
vt 0.7960 0.8373
vn -0.0000 0.0000 -1.0000
v 1.9250 2.5900 -1.9250
vt 0.7960 0.8917
vn -0.0000 0.0000 -1.0000
v 2.2050 2.5900 -1.9250
vt 0.7960 0.8914
vn -0.0000 0.0000 -1.0000
v 2.2050 2.5200 -1.9250
vt 0.7960 0.8370
vn -0.0000 0.0000 -1.0000
f 749/749/749 750/750/750 751/751/751 752/752/752
v 2.2050 2.5900 -1.9250
vt 0.7960 0.9383
vn 0.0000 1.0000 0.0000
v 1.9250 2.5900 -1.9250
vt 0.7960 0.9386
vn 0.0000 1.0000 0.0000
v 1.9250 2.5900 1.5750
vt 0.7849 0.9386
vn 0.0000 1.0000 0.0000
v 2.2050 2.5900 1.5750
vt 0.7849 0.9383
vn 0.0000 1.0000 0.0000
f 753/753/753 754/754/754 755/755/755 756/756/756
v 2.2050 2.5200 1.5750
vt 0.7849 0.8370
vn 0.0000 0.0000 1.0000
v 2.2050 2.5900 1.5750
vt 0.7849 0.8914
vn 0.0000 0.0000 1.0000
v 1.9250 2.5900 1.5750
vt 0.7849 0.8917
vn 0.0000 0.0000 1.0000
v 1.9250 2.5200 1.5750
vt 0.7849 0.8373
vn 0.0000 0.0000 1.0000
f 757/757/757 758/758/758 759/759/759 760/760/760
v 1.9250 2.5200 1.5750
vt 0.7849 0.8529
vn -1.0000 0.0000 0.0000
v 1.9250 2.5900 1.5750
vt 0.7849 0.9073
vn -1.0000 0.0000 0.0000
v 1.9250 2.5900 -1.9250
vt 0.7960 0.9073
vn -1.0000 0.0000 0.0000
v 1.9250 2.5200 -1.9250
vt 0.7960 0.8529
vn -1.0000 0.0000 0.0000
f 761/761/761 762/762/762 763/763/763 764/764/764
v 2.2050 2.5200 1.5750
vt 0.7849 0.8150
vn 0.0000 -1.0000 -0.0000
v 1.9250 2.5200 1.5750
vt 0.7849 0.8150
vn 0.0000 -1.0000 -0.0000
v 1.9250 2.5200 -1.9250
vt 0.7960 0.8150
vn 0.0000 -1.0000 -0.0000
v 2.2050 2.5200 -1.9250
vt 0.7960 0.8150
vn 0.0000 -1.0000 -0.0000
f 765/765/765 766/766/766 767/767/767 768/768/768
v 2.5900 2.5200 -1.9250
vt 0.7960 0.8526
vn 1.0000 0.0000 -0.0000
v 2.5900 2.5900 -1.9250
vt 0.7960 0.9070
vn 1.0000 0.0000 -0.0000
v 2.5900 2.5900 1.5750
vt 0.7849 0.9070
vn 1.0000 0.0000 -0.0000
v 2.5900 2.5200 1.5750
vt 0.7849 0.8526
vn 1.0000 0.0000 -0.0000
f 769/769/769 770/770/770 771/771/771 772/772/772
v 2.3100 2.5200 -1.9250
vt 0.7960 0.8373
vn -0.0000 0.0000 -1.0000
v 2.3100 2.5900 -1.9250
vt 0.7960 0.8917
vn -0.0000 0.0000 -1.0000
v 2.5900 2.5900 -1.9250
vt 0.7960 0.8914
vn -0.0000 0.0000 -1.0000
v 2.5900 2.5200 -1.9250
vt 0.7960 0.8370
vn -0.0000 0.0000 -1.0000
f 773/773/773 774/774/774 775/775/775 776/776/776
v 2.5900 2.5900 -1.9250
vt 0.7960 0.9383
vn 0.0000 1.0000 0.0000
v 2.3100 2.5900 -1.9250
vt 0.7960 0.9386
vn 0.0000 1.0000 0.0000
v 2.3100 2.5900 1.5750
vt 0.7849 0.9386
vn 0.0000 1.0000 0.0000
v 2.5900 2.5900 1.5750
vt 0.7849 0.9383
vn 0.0000 1.0000 0.0000
f 777/777/777 778/778/778 779/779/779 780/780/780
v 2.5900 2.5200 1.5750
vt 0.7849 0.8370
vn 0.0000 0.0000 1.0000
v 2.5900 2.5900 1.5750
vt 0.7849 0.8914
vn 0.0000 0.0000 1.0000
v 2.3100 2.5900 1.5750
vt 0.7849 0.8917
vn 0.0000 0.0000 1.0000
v 2.3100 2.5200 1.5750
vt 0.7849 0.8373
vn 0.0000 0.0000 1.0000
f 781/781/781 782/782/782 783/783/783 784/784/784
v 2.3100 2.5200 1.5750
vt 0.7849 0.8529
vn -1.0000 0.0000 0.0000
v 2.3100 2.5900 1.5750
vt 0.7849 0.9073
vn -1.0000 0.0000 0.0000
v 2.3100 2.5900 -1.9250
vt 0.7960 0.9073
vn -1.0000 0.0000 0.0000
v 2.3100 2.5200 -1.9250
vt 0.7960 0.8529
vn -1.0000 0.0000 0.0000
f 785/785/785 786/786/786 787/787/787 788/788/788
v 2.5900 2.5200 1.5750
vt 0.7849 0.8150
vn 0.0000 -1.0000 -0.0000
v 2.3100 2.5200 1.5750
vt 0.7849 0.8150
vn 0.0000 -1.0000 -0.0000
v 2.3100 2.5200 -1.9250
vt 0.7960 0.8150
vn 0.0000 -1.0000 -0.0000
v 2.5900 2.5200 -1.9250
vt 0.7960 0.8150
vn 0.0000 -1.0000 -0.0000
f 789/789/789 790/790/790 791/791/791 792/792/792
v 2.9750 2.5200 -1.9250
vt 0.7960 0.8526
vn 1.0000 0.0000 -0.0000
v 2.9750 2.5900 -1.9250
vt 0.7960 0.9070
vn 1.0000 0.0000 -0.0000
v 2.9750 2.5900 1.5750
vt 0.7849 0.9070
vn 1.0000 0.0000 -0.0000
v 2.9750 2.5200 1.5750
vt 0.7849 0.8526
vn 1.0000 0.0000 -0.0000
f 793/793/793 794/794/794 795/795/795 796/796/796
v 2.6950 2.5200 -1.9250
vt 0.7960 0.8373
vn -0.0000 0.0000 -1.0000
v 2.6950 2.5900 -1.9250
vt 0.7960 0.8917
vn -0.0000 0.0000 -1.0000
v 2.9750 2.5900 -1.9250
vt 0.7960 0.8914
vn -0.0000 0.0000 -1.0000
v 2.9750 2.5200 -1.9250
vt 0.7960 0.8370
vn -0.0000 0.0000 -1.0000
f 797/797/797 798/798/798 799/799/799 800/800/800
v 2.9750 2.5900 -1.9250
vt 0.7960 0.9383
vn 0.0000 1.0000 0.0000
v 2.6950 2.5900 -1.9250
vt 0.7960 0.9386
vn 0.0000 1.0000 0.0000
v 2.6950 2.5900 1.5750
vt 0.7849 0.9386
vn 0.0000 1.0000 0.0000
v 2.9750 2.5900 1.5750
vt 0.7849 0.9383
vn 0.0000 1.0000 0.0000
f 801/801/801 802/802/802 803/803/803 804/804/804
v 2.9750 2.5200 1.5750
vt 0.7849 0.8370
vn 0.0000 0.0000 1.0000
v 2.9750 2.5900 1.5750
vt 0.7849 0.8914
vn 0.0000 0.0000 1.0000
v 2.6950 2.5900 1.5750
vt 0.7849 0.8917
vn 0.0000 0.0000 1.0000
v 2.6950 2.5200 1.5750
vt 0.7849 0.8373
vn 0.0000 0.0000 1.0000
f 805/805/805 806/806/806 807/807/807 808/808/808
v 2.6950 2.5200 1.5750
vt 0.7849 0.8529
vn -1.0000 0.0000 0.0000
v 2.6950 2.5900 1.5750
vt 0.7849 0.9073
vn -1.0000 0.0000 0.0000
v 2.6950 2.5900 -1.9250
vt 0.7960 0.9073
vn -1.0000 0.0000 0.0000
v 2.6950 2.5200 -1.9250
vt 0.7960 0.8529
vn -1.0000 0.0000 0.0000
f 809/809/809 810/810/810 811/811/811 812/812/812
v 2.9750 2.5200 1.5750
vt 0.7849 0.8150
vn 0.0000 -1.0000 -0.0000
v 2.6950 2.5200 1.5750
vt 0.7849 0.8150
vn 0.0000 -1.0000 -0.0000
v 2.6950 2.5200 -1.9250
vt 0.7960 0.8150
vn 0.0000 -1.0000 -0.0000
v 2.9750 2.5200 -1.9250
vt 0.7960 0.8150
vn 0.0000 -1.0000 -0.0000
f 813/813/813 814/814/814 815/815/815 816/816/816
v 3.3600 2.5200 -1.9250
vt 0.7960 0.8526
vn 1.0000 0.0000 -0.0000
v 3.3600 2.5900 -1.9250
vt 0.7960 0.9070
vn 1.0000 0.0000 -0.0000
v 3.3600 2.5900 1.5750
vt 0.7849 0.9070
vn 1.0000 0.0000 -0.0000
v 3.3600 2.5200 1.5750
vt 0.7849 0.8526
vn 1.0000 0.0000 -0.0000
f 817/817/817 818/818/818 819/819/819 820/820/820
v 3.0800 2.5200 -1.9250
vt 0.7960 0.8373
vn -0.0000 0.0000 -1.0000
v 3.0800 2.5900 -1.9250
vt 0.7960 0.8917
vn -0.0000 0.0000 -1.0000
v 3.3600 2.5900 -1.9250
vt 0.7960 0.8914
vn -0.0000 0.0000 -1.0000
v 3.3600 2.5200 -1.9250
vt 0.7960 0.8370
vn -0.0000 0.0000 -1.0000
f 821/821/821 822/822/822 823/823/823 824/824/824
v 3.3600 2.5900 -1.9250
vt 0.7960 0.9383
vn 0.0000 1.0000 0.0000
v 3.0800 2.5900 -1.9250
vt 0.7960 0.9386
vn 0.0000 1.0000 0.0000
v 3.0800 2.5900 1.5750
vt 0.7849 0.9386
vn 0.0000 1.0000 0.0000
v 3.3600 2.5900 1.5750
vt 0.7849 0.9383
vn 0.0000 1.0000 0.0000
f 825/825/825 826/826/826 827/827/827 828/828/828
v 3.3600 2.5200 1.5750
vt 0.7849 0.8370
vn 0.0000 0.0000 1.0000
v 3.3600 2.5900 1.5750
vt 0.7849 0.8914
vn 0.0000 0.0000 1.0000
v 3.0800 2.5900 1.5750
vt 0.7849 0.8917
vn 0.0000 0.0000 1.0000
v 3.0800 2.5200 1.5750
vt 0.7849 0.8373
vn 0.0000 0.0000 1.0000
f 829/829/829 830/830/830 831/831/831 832/832/832
v 3.0800 2.5200 1.5750
vt 0.7849 0.8529
vn -1.0000 0.0000 0.0000
v 3.0800 2.5900 1.5750
vt 0.7849 0.9073
vn -1.0000 0.0000 0.0000
v 3.0800 2.5900 -1.9250
vt 0.7960 0.9073
vn -1.0000 0.0000 0.0000
v 3.0800 2.5200 -1.9250
vt 0.7960 0.8529
vn -1.0000 0.0000 0.0000
f 833/833/833 834/834/834 835/835/835 836/836/836
v 3.3600 2.5200 1.5750
vt 0.7849 0.8150
vn 0.0000 -1.0000 -0.0000
v 3.0800 2.5200 1.5750
vt 0.7849 0.8150
vn 0.0000 -1.0000 -0.0000
v 3.0800 2.5200 -1.9250
vt 0.7960 0.8150
vn 0.0000 -1.0000 -0.0000
v 3.3600 2.5200 -1.9250
vt 0.7960 0.8150
vn 0.0000 -1.0000 -0.0000
f 837/837/837 838/838/838 839/839/839 840/840/840
v 3.1500 0.0000 1.3300
vt 0.7849 0.8529
vn -0.0000 0.0000 -1.0000
v 3.1500 2.3800 1.3300
vt 0.7849 0.9073
vn -0.0000 0.0000 -1.0000
v 3.2900 2.3800 1.3300
vt 0.7960 0.9073
vn -0.0000 0.0000 -1.0000
v 3.2900 0.0000 1.3300
vt 0.7960 0.8529
vn -0.0000 0.0000 -1.0000
f 841/841/841 842/842/842 843/843/843 844/844/844
v 3.2900 0.0000 1.3300
vt 0.7960 0.8373
vn 1.0000 0.0000 -0.0000
v 3.2900 2.3800 1.3300
vt 0.7960 0.8917
vn 1.0000 0.0000 -0.0000
v 3.2900 2.3800 1.4700
vt 0.7960 0.8914
vn 1.0000 0.0000 -0.0000
v 3.2900 0.0000 1.4700
vt 0.7960 0.8370
vn 1.0000 0.0000 -0.0000
f 845/845/845 846/846/846 847/847/847 848/848/848
v 3.2900 0.0000 1.4700
vt 0.7960 0.8526
vn 0.0000 0.0000 1.0000
v 3.2900 2.3800 1.4700
vt 0.7960 0.9070
vn 0.0000 0.0000 1.0000
v 3.1500 2.3800 1.4700
vt 0.7849 0.9070
vn 0.0000 0.0000 1.0000
v 3.1500 0.0000 1.4700
vt 0.7849 0.8526
vn 0.0000 0.0000 1.0000
f 849/849/849 850/850/850 851/851/851 852/852/852
v 3.1500 0.0000 1.4700
vt 0.7849 0.8370
vn -1.0000 0.0000 0.0000
v 3.1500 2.3800 1.4700
vt 0.7849 0.8914
vn -1.0000 0.0000 0.0000
v 3.1500 2.3800 1.3300
vt 0.7849 0.8917
vn -1.0000 0.0000 0.0000
v 3.1500 0.0000 1.3300
vt 0.7849 0.8373
vn -1.0000 0.0000 0.0000
f 853/853/853 854/854/854 855/855/855 856/856/856
v 3.1500 0.0000 -1.8200
vt 0.7849 0.8529
vn -0.0000 0.0000 -1.0000
v 3.1500 2.3800 -1.8200
vt 0.7849 0.9073
vn -0.0000 0.0000 -1.0000
v 3.2900 2.3800 -1.8200
vt 0.7960 0.9073
vn -0.0000 0.0000 -1.0000
v 3.2900 0.0000 -1.8200
vt 0.7960 0.8529
vn -0.0000 0.0000 -1.0000
f 857/857/857 858/858/858 859/859/859 860/860/860
v 3.2900 0.0000 -1.8200
vt 0.7960 0.8373
vn 1.0000 0.0000 -0.0000
v 3.2900 2.3800 -1.8200
vt 0.7960 0.8917
vn 1.0000 0.0000 -0.0000
v 3.2900 2.3800 -1.6800
vt 0.7960 0.8914
vn 1.0000 0.0000 -0.0000
v 3.2900 0.0000 -1.6800
vt 0.7960 0.8370
vn 1.0000 0.0000 -0.0000
f 861/861/861 862/862/862 863/863/863 864/864/864
v 3.2900 0.0000 -1.6800
vt 0.7960 0.8526
vn 0.0000 0.0000 1.0000
v 3.2900 2.3800 -1.6800
vt 0.7960 0.9070
vn 0.0000 0.0000 1.0000
v 3.1500 2.3800 -1.6800
vt 0.7849 0.9070
vn 0.0000 0.0000 1.0000
v 3.1500 0.0000 -1.6800
vt 0.7849 0.8526
vn 0.0000 0.0000 1.0000
f 865/865/865 866/866/866 867/867/867 868/868/868
v 3.1500 0.0000 -1.6800
vt 0.7849 0.8370
vn -1.0000 0.0000 0.0000
v 3.1500 2.3800 -1.6800
vt 0.7849 0.8914
vn -1.0000 0.0000 0.0000
v 3.1500 2.3800 -1.8200
vt 0.7849 0.8917
vn -1.0000 0.0000 0.0000
v 3.1500 0.0000 -1.8200
vt 0.7849 0.8373
vn -1.0000 0.0000 0.0000
f 869/869/869 870/870/870 871/871/871 872/872/872
v 1.6100 0.0000 1.3300
vt 0.7849 0.8529
vn -0.0000 0.0000 -1.0000
v 1.6100 2.3800 1.3300
vt 0.7849 0.9073
vn -0.0000 0.0000 -1.0000
v 1.7500 2.3800 1.3300
vt 0.7960 0.9073
vn -0.0000 0.0000 -1.0000
v 1.7500 0.0000 1.3300
vt 0.7960 0.8529
vn -0.0000 0.0000 -1.0000
f 873/873/873 874/874/874 875/875/875 876/876/876
v 1.7500 0.0000 1.3300
vt 0.7960 0.8373
vn 1.0000 0.0000 -0.0000
v 1.7500 2.3800 1.3300
vt 0.7960 0.8917
vn 1.0000 0.0000 -0.0000
v 1.7500 2.3800 1.4700
vt 0.7960 0.8914
vn 1.0000 0.0000 -0.0000
v 1.7500 0.0000 1.4700
vt 0.7960 0.8370
vn 1.0000 0.0000 -0.0000
f 877/877/877 878/878/878 879/879/879 880/880/880
v 1.7500 0.0000 1.4700
vt 0.7960 0.8526
vn 0.0000 0.0000 1.0000
v 1.7500 2.3800 1.4700
vt 0.7960 0.9070
vn 0.0000 0.0000 1.0000
v 1.6100 2.3800 1.4700
vt 0.7849 0.9070
vn 0.0000 0.0000 1.0000
v 1.6100 0.0000 1.4700
vt 0.7849 0.8526
vn 0.0000 0.0000 1.0000
f 881/881/881 882/882/882 883/883/883 884/884/884
v 1.6100 0.0000 1.4700
vt 0.7849 0.8370
vn -1.0000 0.0000 0.0000
v 1.6100 2.3800 1.4700
vt 0.7849 0.8914
vn -1.0000 0.0000 0.0000
v 1.6100 2.3800 1.3300
vt 0.7849 0.8917
vn -1.0000 0.0000 0.0000
v 1.6100 0.0000 1.3300
vt 0.7849 0.8373
vn -1.0000 0.0000 0.0000
f 885/885/885 886/886/886 887/887/887 888/888/888
v 1.6100 0.0000 -1.8200
vt 0.7849 0.8529
vn -0.0000 0.0000 -1.0000
v 1.6100 2.3800 -1.8200
vt 0.7849 0.9073
vn -0.0000 0.0000 -1.0000
v 1.7500 2.3800 -1.8200
vt 0.7960 0.9073
vn -0.0000 0.0000 -1.0000
v 1.7500 0.0000 -1.8200
vt 0.7960 0.8529
vn -0.0000 0.0000 -1.0000
f 889/889/889 890/890/890 891/891/891 892/892/892
v 1.7500 0.0000 -1.8200
vt 0.7960 0.8373
vn 1.0000 0.0000 -0.0000
v 1.7500 2.3800 -1.8200
vt 0.7960 0.8917
vn 1.0000 0.0000 -0.0000
v 1.7500 2.3800 -1.6800
vt 0.7960 0.8914
vn 1.0000 0.0000 -0.0000
v 1.7500 0.0000 -1.6800
vt 0.7960 0.8370
vn 1.0000 0.0000 -0.0000
f 893/893/893 894/894/894 895/895/895 896/896/896
v 1.7500 0.0000 -1.6800
vt 0.7960 0.8526
vn 0.0000 0.0000 1.0000
v 1.7500 2.3800 -1.6800
vt 0.7960 0.9070
vn 0.0000 0.0000 1.0000
v 1.6100 2.3800 -1.6800
vt 0.7849 0.9070
vn 0.0000 0.0000 1.0000
v 1.6100 0.0000 -1.6800
vt 0.7849 0.8526
vn 0.0000 0.0000 1.0000
f 897/897/897 898/898/898 899/899/899 900/900/900
v 1.6100 0.0000 -1.6800
vt 0.7849 0.8370
vn -1.0000 0.0000 0.0000
v 1.6100 2.3800 -1.6800
vt 0.7849 0.8914
vn -1.0000 0.0000 0.0000
v 1.6100 2.3800 -1.8200
vt 0.7849 0.8917
vn -1.0000 0.0000 0.0000
v 1.6100 0.0000 -1.8200
vt 0.7849 0.8373
vn -1.0000 0.0000 0.0000
f 901/901/901 902/902/902 903/903/903 904/904/904
v 1.7500 2.0300 1.3300
vt 0.7849 0.8529
vn -0.0000 0.0000 -1.0000
v 1.7500 2.1700 1.3300
vt 0.7849 0.9073
vn -0.0000 0.0000 -1.0000
v 3.1500 2.1700 1.3300
vt 0.7960 0.9073
vn -0.0000 0.0000 -1.0000
v 3.1500 2.0300 1.3300
vt 0.7960 0.8529
vn -0.0000 0.0000 -1.0000
f 905/905/905 906/906/906 907/907/907 908/908/908
v 3.1500 2.0300 1.4700
vt 0.7960 0.8526
vn 0.0000 0.0000 1.0000
v 3.1500 2.1700 1.4700
vt 0.7960 0.9070
vn 0.0000 0.0000 1.0000
v 1.7500 2.1700 1.4700
vt 0.7849 0.9070
vn 0.0000 0.0000 1.0000
v 1.7500 2.0300 1.4700
vt 0.7849 0.8526
vn 0.0000 0.0000 1.0000
f 909/909/909 910/910/910 911/911/911 912/912/912
v 3.1500 2.1700 1.4700
vt 0.7960 0.9383
vn 0.0000 1.0000 0.0000
v 3.1500 2.1700 1.3300
vt 0.7960 0.9386
vn 0.0000 1.0000 0.0000
v 1.7500 2.1700 1.3300
vt 0.7849 0.9386
vn 0.0000 1.0000 0.0000
v 1.7500 2.1700 1.4700
vt 0.7849 0.9383
vn 0.0000 1.0000 0.0000
f 913/913/913 914/914/914 915/915/915 916/916/916
v 1.7500 2.0300 1.3300
vt 0.7849 0.8373
vn 0.0000 -1.0000 -0.0000
v 3.1500 2.0300 1.3300
vt 0.7960 0.8373
vn 0.0000 -1.0000 -0.0000
v 3.1500 2.0300 1.4700
vt 0.7960 0.8526
vn 0.0000 -1.0000 -0.0000
v 1.7500 2.0300 1.4700
vt 0.7849 0.8370
vn 0.0000 -1.0000 -0.0000
f 917/917/917 918/918/918 919/919/919 920/920/920
v 1.7500 2.0300 -1.8200
vt 0.7849 0.8529
vn -0.0000 0.0000 -1.0000
v 1.7500 2.1700 -1.8200
vt 0.7849 0.9073
vn -0.0000 0.0000 -1.0000
v 3.1500 2.1700 -1.8200
vt 0.7960 0.9073
vn -0.0000 0.0000 -1.0000
v 3.1500 2.0300 -1.8200
vt 0.7960 0.8529
vn -0.0000 0.0000 -1.0000
f 921/921/921 922/922/922 923/923/923 924/924/924
v 3.1500 2.0300 -1.6800
vt 0.7960 0.8526
vn 0.0000 0.0000 1.0000
v 3.1500 2.1700 -1.6800
vt 0.7960 0.9070
vn 0.0000 0.0000 1.0000
v 1.7500 2.1700 -1.6800
vt 0.7849 0.9070
vn 0.0000 0.0000 1.0000
v 1.7500 2.0300 -1.6800
vt 0.7849 0.8526
vn 0.0000 0.0000 1.0000
f 925/925/925 926/926/926 927/927/927 928/928/928
v 3.1500 2.1700 -1.6800
vt 0.7960 0.9383
vn 0.0000 1.0000 0.0000
v 3.1500 2.1700 -1.8200
vt 0.7960 0.9386
vn 0.0000 1.0000 0.0000
v 1.7500 2.1700 -1.8200
vt 0.7849 0.9386
vn 0.0000 1.0000 0.0000
v 1.7500 2.1700 -1.6800
vt 0.7849 0.9383
vn 0.0000 1.0000 0.0000
f 929/929/929 930/930/930 931/931/931 932/932/932
v 1.7500 2.0300 -1.8200
vt 0.7849 0.8373
vn 0.0000 -1.0000 -0.0000
v 3.1500 2.0300 -1.8200
vt 0.7960 0.8373
vn 0.0000 -1.0000 -0.0000
v 3.1500 2.0300 -1.6800
vt 0.7960 0.8526
vn 0.0000 -1.0000 -0.0000
v 1.7500 2.0300 -1.6800
vt 0.7849 0.8370
vn 0.0000 -1.0000 -0.0000
f 933/933/933 934/934/934 935/935/935 936/936/936
v 1.6100 0.0000 1.3300
vt 0.7849 0.8373
vn 0.0000 -1.0000 -0.0000
v 1.7500 0.0000 1.3300
vt 0.7960 0.8373
vn 0.0000 -1.0000 -0.0000
v 1.7500 0.0000 1.4700
vt 0.7960 0.8526
vn 0.0000 -1.0000 -0.0000
v 1.6100 0.0000 1.4700
vt 0.7849 0.8370
vn 0.0000 -1.0000 -0.0000
f 937/937/937 938/938/938 939/939/939 940/940/940
v 3.1500 0.0000 1.3300
vt 0.7849 0.8373
vn 0.0000 -1.0000 -0.0000
v 3.2900 0.0000 1.3300
vt 0.7960 0.8373
vn 0.0000 -1.0000 -0.0000
v 3.2900 0.0000 1.4700
vt 0.7960 0.8526
vn 0.0000 -1.0000 -0.0000
v 3.1500 0.0000 1.4700
vt 0.7849 0.8370
vn 0.0000 -1.0000 -0.0000
f 941/941/941 942/942/942 943/943/943 944/944/944
v 3.1500 0.0000 -1.8200
vt 0.7849 0.8373
vn 0.0000 -1.0000 -0.0000
v 3.2900 0.0000 -1.8200
vt 0.7960 0.8373
vn 0.0000 -1.0000 -0.0000
v 3.2900 0.0000 -1.6800
vt 0.7960 0.8526
vn 0.0000 -1.0000 -0.0000
v 3.1500 0.0000 -1.6800
vt 0.7849 0.8370
vn 0.0000 -1.0000 -0.0000
f 945/945/945 946/946/946 947/947/947 948/948/948
v 1.6100 0.0000 -1.8200
vt 0.7849 0.8373
vn 0.0000 -1.0000 -0.0000
v 1.7500 0.0000 -1.8200
vt 0.7960 0.8373
vn 0.0000 -1.0000 -0.0000
v 1.7500 0.0000 -1.6800
vt 0.7960 0.8526
vn 0.0000 -1.0000 -0.0000
v 1.6100 0.0000 -1.6800
vt 0.7849 0.8370
vn 0.0000 -1.0000 -0.0000
f 949/949/949 950/950/950 951/951/951 952/952/952
v 1.7500 0.6300 1.3300
vt 0.7849 0.8529
vn -0.0000 0.0000 -1.0000
v 1.7500 0.7700 1.3300
vt 0.7849 0.9073
vn -0.0000 0.0000 -1.0000
v 3.1500 0.7700 1.3300
vt 0.7960 0.9073
vn -0.0000 0.0000 -1.0000
v 3.1500 0.6300 1.3300
vt 0.7960 0.8529
vn -0.0000 0.0000 -1.0000
f 953/953/953 954/954/954 955/955/955 956/956/956
v 3.1500 0.6300 1.4700
vt 0.7960 0.8526
vn 0.0000 0.0000 1.0000
v 3.1500 0.7700 1.4700
vt 0.7960 0.9070
vn 0.0000 0.0000 1.0000
v 1.7500 0.7700 1.4700
vt 0.7849 0.9070
vn 0.0000 0.0000 1.0000
v 1.7500 0.6300 1.4700
vt 0.7849 0.8526
vn 0.0000 0.0000 1.0000
f 957/957/957 958/958/958 959/959/959 960/960/960
v 3.1500 0.7700 1.4700
vt 0.7960 0.9383
vn 0.0000 1.0000 0.0000
v 3.1500 0.7700 1.3300
vt 0.7960 0.9386
vn 0.0000 1.0000 0.0000
v 1.7500 0.7700 1.3300
vt 0.7849 0.9386
vn 0.0000 1.0000 0.0000
v 1.7500 0.7700 1.4700
vt 0.7849 0.9383
vn 0.0000 1.0000 0.0000
f 961/961/961 962/962/962 963/963/963 964/964/964
v 1.7500 0.6300 1.3300
vt 0.7849 0.8373
vn 0.0000 -1.0000 -0.0000
v 3.1500 0.6300 1.3300
vt 0.7960 0.8373
vn 0.0000 -1.0000 -0.0000
v 3.1500 0.6300 1.4700
vt 0.7960 0.8526
vn 0.0000 -1.0000 -0.0000
v 1.7500 0.6300 1.4700
vt 0.7849 0.8370
vn 0.0000 -1.0000 -0.0000
f 965/965/965 966/966/966 967/967/967 968/968/968
v 1.7500 0.6300 -1.8200
vt 0.7849 0.8529
vn -0.0000 0.0000 -1.0000
v 1.7500 0.7700 -1.8200
vt 0.7849 0.9073
vn -0.0000 0.0000 -1.0000
v 3.1500 0.7700 -1.8200
vt 0.7960 0.9073
vn -0.0000 0.0000 -1.0000
v 3.1500 0.6300 -1.8200
vt 0.7960 0.8529
vn -0.0000 0.0000 -1.0000
f 969/969/969 970/970/970 971/971/971 972/972/972
v 3.1500 0.6300 -1.6800
vt 0.7960 0.8526
vn 0.0000 0.0000 1.0000
v 3.1500 0.7700 -1.6800
vt 0.7960 0.9070
vn 0.0000 0.0000 1.0000
v 1.7500 0.7700 -1.6800
vt 0.7849 0.9070
vn 0.0000 0.0000 1.0000
v 1.7500 0.6300 -1.6800
vt 0.7849 0.8526
vn 0.0000 0.0000 1.0000
f 973/973/973 974/974/974 975/975/975 976/976/976
v 3.1500 0.7700 -1.6800
vt 0.7960 0.9383
vn 0.0000 1.0000 0.0000
v 3.1500 0.7700 -1.8200
vt 0.7960 0.9386
vn 0.0000 1.0000 0.0000
v 1.7500 0.7700 -1.8200
vt 0.7849 0.9386
vn 0.0000 1.0000 0.0000
v 1.7500 0.7700 -1.6800
vt 0.7849 0.9383
vn 0.0000 1.0000 0.0000
f 977/977/977 978/978/978 979/979/979 980/980/980
v 1.7500 0.6300 -1.8200
vt 0.7849 0.8373
vn 0.0000 -1.0000 -0.0000
v 3.1500 0.6300 -1.8200
vt 0.7960 0.8373
vn 0.0000 -1.0000 -0.0000
v 3.1500 0.6300 -1.6800
vt 0.7960 0.8526
vn 0.0000 -1.0000 -0.0000
v 1.7500 0.6300 -1.6800
vt 0.7849 0.8370
vn 0.0000 -1.0000 -0.0000
f 981/981/981 982/982/982 983/983/983 984/984/984
v 2.6337 0.0000 1.6188
vt 0.6507 0.7903
vn -0.0000 0.0000 -1.0000
v 2.6337 2.6950 1.6188
vt 0.6507 0.9597
vn -0.0000 0.0000 -1.0000
v 2.7562 2.6950 1.6188
vt 0.6507 0.9597
vn -0.0000 0.0000 -1.0000
v 2.7562 0.0000 1.6188
vt 0.6507 0.7903
vn -0.0000 0.0000 -1.0000
f 985/985/985 986/986/986 987/987/987 988/988/988
v 2.7562 0.0000 1.6188
vt 0.6507 0.7590
vn 1.0000 0.0000 -0.0000
v 2.7562 2.6950 1.6188
vt 0.6507 0.9285
vn 1.0000 0.0000 -0.0000
v 2.7562 2.6950 1.7413
vt 0.6584 0.9285
vn 1.0000 0.0000 -0.0000
v 2.7562 0.0000 1.7413
vt 0.6584 0.7590
vn 1.0000 0.0000 -0.0000
f 989/989/989 990/990/990 991/991/991 992/992/992
v 2.7562 0.0000 1.7413
vt 0.6584 0.7903
vn 0.0000 0.0000 1.0000
v 2.7562 2.6950 1.7413
vt 0.6584 0.9597
vn 0.0000 0.0000 1.0000
v 2.6337 2.6950 1.7413
vt 0.6584 0.9597
vn 0.0000 0.0000 1.0000
v 2.6337 0.0000 1.7413
vt 0.6584 0.7903
vn 0.0000 0.0000 1.0000
f 993/993/993 994/994/994 995/995/995 996/996/996
v 2.6337 0.0000 1.7413
vt 0.6584 0.7590
vn -1.0000 0.0000 0.0000
v 2.6337 2.6950 1.7413
vt 0.6584 0.9285
vn -1.0000 0.0000 0.0000
v 2.6337 2.6950 1.6188
vt 0.6507 0.9285
vn -1.0000 0.0000 0.0000
v 2.6337 0.0000 1.6188
vt 0.6507 0.7590
vn -1.0000 0.0000 0.0000
f 997/997/997 998/998/998 999/999/999 1000/1000/1000
v 2.7562 0.0000 1.6188
vt 0.6507 0.7903
vn 0.0000 -1.0000 -0.0000
v 2.7562 0.0000 1.7413
vt 0.6584 0.7903
vn 0.0000 -1.0000 -0.0000
v 2.6337 0.0000 1.7413
vt 0.6584 0.7903
vn 0.0000 -1.0000 -0.0000
v 2.6337 0.0000 1.6188
vt 0.6507 0.7903
vn 0.0000 -1.0000 -0.0000
f 1001/1001/1001 1002/1002/1002 1003/1003/1003 1004/1004/1004
v 2.7562 2.6950 1.7413
vt 0.6584 0.9597
vn 0.0000 1.0000 0.0000
v 2.7562 2.6950 1.6188
vt 0.6507 0.9597
vn 0.0000 1.0000 0.0000
v 2.6337 2.6950 1.6188
vt 0.6507 0.9597
vn 0.0000 1.0000 0.0000
v 2.6337 2.6950 1.7413
vt 0.6584 0.9597
vn 0.0000 1.0000 0.0000
f 1005/1005/1005 1006/1006/1006 1007/1007/1007 1008/1008/1008
v 2.1438 0.0000 1.6188
vt 0.6507 0.7903
vn -0.0000 0.0000 -1.0000
v 2.1438 2.6950 1.6188
vt 0.6507 0.9597
vn -0.0000 0.0000 -1.0000
v 2.2662 2.6950 1.6188
vt 0.6507 0.9597
vn -0.0000 0.0000 -1.0000
v 2.2662 0.0000 1.6188
vt 0.6507 0.7903
vn -0.0000 0.0000 -1.0000
f 1009/1009/1009 1010/1010/1010 1011/1011/1011 1012/1012/1012
v 2.2662 0.0000 1.6188
vt 0.6507 0.7590
vn 1.0000 0.0000 -0.0000
v 2.2662 2.6950 1.6188
vt 0.6507 0.9285
vn 1.0000 0.0000 -0.0000
v 2.2662 2.6950 1.7413
vt 0.6584 0.9285
vn 1.0000 0.0000 -0.0000
v 2.2662 0.0000 1.7413
vt 0.6584 0.7590
vn 1.0000 0.0000 -0.0000
f 1013/1013/1013 1014/1014/1014 1015/1015/1015 1016/1016/1016
v 2.2662 0.0000 1.7413
vt 0.6584 0.7903
vn 0.0000 0.0000 1.0000
v 2.2662 2.6950 1.7413
vt 0.6584 0.9597
vn 0.0000 0.0000 1.0000
v 2.1438 2.6950 1.7413
vt 0.6584 0.9597
vn 0.0000 0.0000 1.0000
v 2.1438 0.0000 1.7413
vt 0.6584 0.7903
vn 0.0000 0.0000 1.0000
f 1017/1017/1017 1018/1018/1018 1019/1019/1019 1020/1020/1020
v 2.1438 0.0000 1.7413
vt 0.6584 0.7590
vn -1.0000 0.0000 0.0000
v 2.1438 2.6950 1.7413
vt 0.6584 0.9285
vn -1.0000 0.0000 0.0000
v 2.1438 2.6950 1.6188
vt 0.6507 0.9285
vn -1.0000 0.0000 0.0000
v 2.1438 0.0000 1.6188
vt 0.6507 0.7590
vn -1.0000 0.0000 0.0000
f 1021/1021/1021 1022/1022/1022 1023/1023/1023 1024/1024/1024
v 2.2662 0.0000 1.6188
vt 0.6507 0.7903
vn 0.0000 -1.0000 -0.0000
v 2.2662 0.0000 1.7413
vt 0.6584 0.7903
vn 0.0000 -1.0000 -0.0000
v 2.1438 0.0000 1.7413
vt 0.6584 0.7903
vn 0.0000 -1.0000 -0.0000
v 2.1438 0.0000 1.6188
vt 0.6507 0.7903
vn 0.0000 -1.0000 -0.0000
f 1025/1025/1025 1026/1026/1026 1027/1027/1027 1028/1028/1028
v 2.2662 2.6950 1.7413
vt 0.6584 0.9597
vn 0.0000 1.0000 0.0000
v 2.2662 2.6950 1.6188
vt 0.6507 0.9597
vn 0.0000 1.0000 0.0000
v 2.1438 2.6950 1.6188
vt 0.6507 0.9597
vn 0.0000 1.0000 0.0000
v 2.1438 2.6950 1.7413
vt 0.6584 0.9597
vn 0.0000 1.0000 0.0000
f 1029/1029/1029 1030/1030/1030 1031/1031/1031 1032/1032/1032
v 2.0069 2.3165 1.7351
vt 0.6580 0.9359
vn -0.0000 0.0000 -1.0000
v 2.0229 2.4995 1.7351
vt 0.6580 0.9474
vn -0.0000 0.0000 -1.0000
v 2.8771 2.4248 1.7351
vt 0.6580 0.9427
vn -0.0000 0.0000 -1.0000
v 2.8611 2.2418 1.7351
vt 0.6580 0.9312
vn -0.0000 0.0000 -1.0000
f 1033/1033/1033 1034/1034/1034 1035/1035/1035 1036/1036/1036
v 2.8611 2.2418 1.7351
vt 0.6580 0.9468
vn 0.9962 -0.0872 0.0000
v 2.8771 2.4248 1.7351
vt 0.6580 0.9584
vn 0.9962 -0.0872 0.0000
v 2.8771 2.4248 1.7964
vt 0.6618 0.9584
vn 0.9962 -0.0872 0.0000
v 2.8611 2.2418 1.7964
vt 0.6618 0.9468
vn 0.9962 -0.0872 0.0000
f 1037/1037/1037 1038/1038/1038 1039/1039/1039 1040/1040/1040
v 2.8611 2.2418 1.7964
vt 0.6618 0.9312
vn 0.0000 0.0000 1.0000
v 2.8771 2.4248 1.7964
vt 0.6618 0.9427
vn 0.0000 0.0000 1.0000
v 2.0229 2.4995 1.7964
vt 0.6618 0.9474
vn 0.0000 0.0000 1.0000
v 2.0069 2.3165 1.7964
vt 0.6618 0.9359
vn 0.0000 0.0000 1.0000
f 1041/1041/1041 1042/1042/1042 1043/1043/1043 1044/1044/1044
v 2.0069 2.3165 1.7964
vt 0.6618 0.9515
vn -0.9962 0.0872 0.0000
v 2.0229 2.4995 1.7964
vt 0.6618 0.9631
vn -0.9962 0.0872 0.0000
v 2.0229 2.4995 1.7351
vt 0.6580 0.9631
vn -0.9962 0.0872 0.0000
v 2.0069 2.3165 1.7351
vt 0.6580 0.9515
vn -0.9962 0.0872 0.0000
f 1045/1045/1045 1046/1046/1046 1047/1047/1047 1048/1048/1048
v 2.8611 2.2418 1.7351
vt 0.6580 0.9312
vn -0.0872 -0.9962 0.0000
v 2.8611 2.2418 1.7964
vt 0.6618 0.9312
vn -0.0872 -0.9962 0.0000
v 2.0069 2.3165 1.7964
vt 0.6618 0.9359
vn -0.0872 -0.9962 0.0000
v 2.0069 2.3165 1.7351
vt 0.6580 0.9359
vn -0.0872 -0.9962 0.0000
f 1049/1049/1049 1050/1050/1050 1051/1051/1051 1052/1052/1052
v 2.8771 2.4248 1.7964
vt 0.6618 0.9740
vn 0.0872 0.9962 0.0000
v 2.8771 2.4248 1.7351
vt 0.6580 0.9740
vn 0.0872 0.9962 0.0000
v 2.0229 2.4995 1.7351
vt 0.6580 0.9787
vn 0.0872 0.9962 0.0000
v 2.0229 2.4995 1.7964
vt 0.6618 0.9787
vn 0.0872 0.9962 0.0000
f 1053/1053/1053 1054/1054/1054 1055/1055/1055 1056/1056/1056
v 2.0212 1.7884 1.7351
vt 0.6580 0.9027
vn -0.0000 0.0000 -1.0000
v 2.0212 1.9722 1.7351
vt 0.6580 0.9143
vn -0.0000 0.0000 -1.0000
v 2.8787 1.9722 1.7351
vt 0.6580 0.9143
vn -0.0000 0.0000 -1.0000
v 2.8787 1.7884 1.7351
vt 0.6580 0.9027
vn -0.0000 0.0000 -1.0000
f 1057/1057/1057 1058/1058/1058 1059/1059/1059 1060/1060/1060
v 2.8787 1.7884 1.7351
vt 0.6580 0.9183
vn 1.0000 0.0000 -0.0000
v 2.8787 1.9722 1.7351
vt 0.6580 0.9299
vn 1.0000 0.0000 -0.0000
v 2.8787 1.9722 1.7964
vt 0.6618 0.9299
vn 1.0000 0.0000 -0.0000
v 2.8787 1.7884 1.7964
vt 0.6618 0.9183
vn 1.0000 0.0000 -0.0000
f 1061/1061/1061 1062/1062/1062 1063/1063/1063 1064/1064/1064
v 2.8787 1.7884 1.7964
vt 0.6618 0.9027
vn 0.0000 0.0000 1.0000
v 2.8787 1.9722 1.7964
vt 0.6618 0.9143
vn 0.0000 0.0000 1.0000
v 2.0212 1.9722 1.7964
vt 0.6618 0.9143
vn 0.0000 0.0000 1.0000
v 2.0212 1.7884 1.7964
vt 0.6618 0.9027
vn 0.0000 0.0000 1.0000
f 1065/1065/1065 1066/1066/1066 1067/1067/1067 1068/1068/1068
v 2.0212 1.7884 1.7964
vt 0.6618 0.9183
vn -1.0000 0.0000 0.0000
v 2.0212 1.9722 1.7964
vt 0.6618 0.9299
vn -1.0000 0.0000 0.0000
v 2.0212 1.9722 1.7351
vt 0.6580 0.9299
vn -1.0000 0.0000 0.0000
v 2.0212 1.7884 1.7351
vt 0.6580 0.9183
vn -1.0000 0.0000 0.0000
f 1069/1069/1069 1070/1070/1070 1071/1071/1071 1072/1072/1072
v 2.8787 1.7884 1.7351
vt 0.6580 0.9027
vn 0.0000 -1.0000 -0.0000
v 2.8787 1.7884 1.7964
vt 0.6618 0.9027
vn 0.0000 -1.0000 -0.0000
v 2.0212 1.7884 1.7964
vt 0.6618 0.9027
vn 0.0000 -1.0000 -0.0000
v 2.0212 1.7884 1.7351
vt 0.6580 0.9027
vn 0.0000 -1.0000 -0.0000
f 1073/1073/1073 1074/1074/1074 1075/1075/1075 1076/1076/1076
v 2.8787 1.9722 1.7964
vt 0.6618 0.9455
vn 0.0000 1.0000 0.0000
v 2.8787 1.9722 1.7351
vt 0.6580 0.9455
vn 0.0000 1.0000 0.0000
v 2.0212 1.9722 1.7351
vt 0.6580 0.9455
vn 0.0000 1.0000 0.0000
v 2.0212 1.9722 1.7964
vt 0.6618 0.9455
vn 0.0000 1.0000 0.0000
f 1077/1077/1077 1078/1078/1078 1079/1079/1079 1080/1080/1080
v 2.0389 1.2618 1.7351
vt 0.6580 0.8696
vn -0.0000 0.0000 -1.0000
v 2.0229 1.4448 1.7351
vt 0.6580 0.8811
vn -0.0000 0.0000 -1.0000
v 2.8771 1.5196 1.7351
vt 0.6580 0.8858
vn -0.0000 0.0000 -1.0000
v 2.8931 1.3365 1.7351
vt 0.6580 0.8743
vn -0.0000 0.0000 -1.0000
f 1081/1081/1081 1082/1082/1082 1083/1083/1083 1084/1084/1084
v 2.8931 1.3365 1.7351
vt 0.6580 0.8899
vn 0.9962 0.0872 0.0000
v 2.8771 1.5196 1.7351
vt 0.6580 0.9014
vn 0.9962 0.0872 0.0000
v 2.8771 1.5196 1.7964
vt 0.6618 0.9014
vn 0.9962 0.0872 0.0000
v 2.8931 1.3365 1.7964
vt 0.6618 0.8899
vn 0.9962 0.0872 0.0000
f 1085/1085/1085 1086/1086/1086 1087/1087/1087 1088/1088/1088
v 2.8931 1.3365 1.7964
vt 0.6618 0.8743
vn 0.0000 0.0000 1.0000
v 2.8771 1.5196 1.7964
vt 0.6618 0.8858
vn 0.0000 0.0000 1.0000
v 2.0229 1.4448 1.7964
vt 0.6618 0.8811
vn 0.0000 0.0000 1.0000
v 2.0389 1.2618 1.7964
vt 0.6618 0.8696
vn 0.0000 0.0000 1.0000
f 1089/1089/1089 1090/1090/1090 1091/1091/1091 1092/1092/1092
v 2.0389 1.2618 1.7964
vt 0.6618 0.8852
vn -0.9962 -0.0872 0.0000
v 2.0229 1.4448 1.7964
vt 0.6618 0.8967
vn -0.9962 -0.0872 0.0000
v 2.0229 1.4448 1.7351
vt 0.6580 0.8967
vn -0.9962 -0.0872 0.0000
v 2.0389 1.2618 1.7351
vt 0.6580 0.8852
vn -0.9962 -0.0872 0.0000
f 1093/1093/1093 1094/1094/1094 1095/1095/1095 1096/1096/1096
v 2.8931 1.3365 1.7351
vt 0.6580 0.8743
vn 0.0872 -0.9962 0.0000
v 2.8931 1.3365 1.7964
vt 0.6618 0.8743
vn 0.0872 -0.9962 0.0000
v 2.0389 1.2618 1.7964
vt 0.6618 0.8696
vn 0.0872 -0.9962 0.0000
v 2.0389 1.2618 1.7351
vt 0.6580 0.8696
vn 0.0872 -0.9962 0.0000
f 1097/1097/1097 1098/1098/1098 1099/1099/1099 1100/1100/1100
v 2.8771 1.5196 1.7964
vt 0.6618 0.9171
vn -0.0872 0.9962 0.0000
v 2.8771 1.5196 1.7351
vt 0.6580 0.9171
vn -0.0872 0.9962 0.0000
v 2.0229 1.4448 1.7351
vt 0.6580 0.9124
vn -0.0872 0.9962 0.0000
v 2.0229 1.4448 1.7964
vt 0.6618 0.9124
vn -0.0872 0.9962 0.0000
f 1101/1101/1101 1102/1102/1102 1103/1103/1103 1104/1104/1104
v 2.0212 0.8085 1.7351
vt 0.6580 0.8411
vn -0.0000 0.0000 -1.0000
v 2.0212 0.9922 1.7351
vt 0.6580 0.8526
vn -0.0000 0.0000 -1.0000
v 2.8787 0.9922 1.7351
vt 0.6580 0.8526
vn -0.0000 0.0000 -1.0000
v 2.8787 0.8085 1.7351
vt 0.6580 0.8411
vn -0.0000 0.0000 -1.0000
f 1105/1105/1105 1106/1106/1106 1107/1107/1107 1108/1108/1108
v 2.8787 0.8085 1.7351
vt 0.6580 0.8567
vn 1.0000 0.0000 -0.0000
v 2.8787 0.9922 1.7351
vt 0.6580 0.8683
vn 1.0000 0.0000 -0.0000
v 2.8787 0.9922 1.7964
vt 0.6618 0.8683
vn 1.0000 0.0000 -0.0000
v 2.8787 0.8085 1.7964
vt 0.6618 0.8567
vn 1.0000 0.0000 -0.0000
f 1109/1109/1109 1110/1110/1110 1111/1111/1111 1112/1112/1112
v 2.8787 0.8085 1.7964
vt 0.6618 0.8411
vn 0.0000 0.0000 1.0000
v 2.8787 0.9922 1.7964
vt 0.6618 0.8526
vn 0.0000 0.0000 1.0000
v 2.0212 0.9922 1.7964
vt 0.6618 0.8526
vn 0.0000 0.0000 1.0000
v 2.0212 0.8085 1.7964
vt 0.6618 0.8411
vn 0.0000 0.0000 1.0000
f 1113/1113/1113 1114/1114/1114 1115/1115/1115 1116/1116/1116
v 2.0212 0.8085 1.7964
vt 0.6618 0.8567
vn -1.0000 0.0000 0.0000
v 2.0212 0.9922 1.7964
vt 0.6618 0.8683
vn -1.0000 0.0000 0.0000
v 2.0212 0.9922 1.7351
vt 0.6580 0.8683
vn -1.0000 0.0000 0.0000
v 2.0212 0.8085 1.7351
vt 0.6580 0.8567
vn -1.0000 0.0000 0.0000
f 1117/1117/1117 1118/1118/1118 1119/1119/1119 1120/1120/1120
v 2.8787 0.8085 1.7351
vt 0.6580 0.8411
vn 0.0000 -1.0000 -0.0000
v 2.8787 0.8085 1.7964
vt 0.6618 0.8411
vn 0.0000 -1.0000 -0.0000
v 2.0212 0.8085 1.7964
vt 0.6618 0.8411
vn 0.0000 -1.0000 -0.0000
v 2.0212 0.8085 1.7351
vt 0.6580 0.8411
vn 0.0000 -1.0000 -0.0000
f 1121/1121/1121 1122/1122/1122 1123/1123/1123 1124/1124/1124
v 2.8787 0.9922 1.7964
vt 0.6618 0.8839
vn 0.0000 1.0000 0.0000
v 2.8787 0.9922 1.7351
vt 0.6580 0.8839
vn 0.0000 1.0000 0.0000
v 2.0212 0.9922 1.7351
vt 0.6580 0.8839
vn 0.0000 1.0000 0.0000
v 2.0212 0.9922 1.7964
vt 0.6618 0.8839
vn 0.0000 1.0000 0.0000
f 1125/1125/1125 1126/1126/1126 1127/1127/1127 1128/1128/1128
v 2.0069 0.3565 1.7351
vt 0.6580 0.8127
vn -0.0000 0.0000 -1.0000
v 2.0229 0.5396 1.7351
vt 0.6580 0.8242
vn -0.0000 0.0000 -1.0000
v 2.8771 0.4648 1.7351
vt 0.6580 0.8195
vn -0.0000 0.0000 -1.0000
v 2.8611 0.2818 1.7351
vt 0.6580 0.8080
vn -0.0000 0.0000 -1.0000
f 1129/1129/1129 1130/1130/1130 1131/1131/1131 1132/1132/1132
v 2.8611 0.2818 1.7351
vt 0.6580 0.8236
vn 0.9962 -0.0872 0.0000
v 2.8771 0.4648 1.7351
vt 0.6580 0.8351
vn 0.9962 -0.0872 0.0000
v 2.8771 0.4648 1.7964
vt 0.6618 0.8351
vn 0.9962 -0.0872 0.0000
v 2.8611 0.2818 1.7964
vt 0.6618 0.8236
vn 0.9962 -0.0872 0.0000
f 1133/1133/1133 1134/1134/1134 1135/1135/1135 1136/1136/1136
v 2.8611 0.2818 1.7964
vt 0.6618 0.8080
vn 0.0000 0.0000 1.0000
v 2.8771 0.4648 1.7964
vt 0.6618 0.8195
vn 0.0000 0.0000 1.0000
v 2.0229 0.5396 1.7964
vt 0.6618 0.8242
vn 0.0000 0.0000 1.0000
v 2.0069 0.3565 1.7964
vt 0.6618 0.8127
vn 0.0000 0.0000 1.0000
f 1137/1137/1137 1138/1138/1138 1139/1139/1139 1140/1140/1140
v 2.0069 0.3565 1.7964
vt 0.6618 0.8283
vn -0.9962 0.0872 0.0000
v 2.0229 0.5396 1.7964
vt 0.6618 0.8398
vn -0.9962 0.0872 0.0000
v 2.0229 0.5396 1.7351
vt 0.6580 0.8398
vn -0.9962 0.0872 0.0000
v 2.0069 0.3565 1.7351
vt 0.6580 0.8283
vn -0.9962 0.0872 0.0000
f 1141/1141/1141 1142/1142/1142 1143/1143/1143 1144/1144/1144
v 2.8611 0.2818 1.7351
vt 0.6580 0.8080
vn -0.0872 -0.9962 0.0000
v 2.8611 0.2818 1.7964
vt 0.6618 0.8080
vn -0.0872 -0.9962 0.0000
v 2.0069 0.3565 1.7964
vt 0.6618 0.8127
vn -0.0872 -0.9962 0.0000
v 2.0069 0.3565 1.7351
vt 0.6580 0.8127
vn -0.0872 -0.9962 0.0000
f 1145/1145/1145 1146/1146/1146 1147/1147/1147 1148/1148/1148
v 2.8771 0.4648 1.7964
vt 0.6618 0.8507
vn 0.0872 0.9962 0.0000
v 2.8771 0.4648 1.7351
vt 0.6580 0.8507
vn 0.0872 0.9962 0.0000
v 2.0229 0.5396 1.7351
vt 0.6580 0.8554
vn 0.0872 0.9962 0.0000
v 2.0229 0.5396 1.7964
vt 0.6618 0.8554
vn 0.0872 0.9962 0.0000
f 1149/1149/1149 1150/1150/1150 1151/1151/1151 1152/1152/1152
v 3.1220 2.5760 -1.7220
vt 0.7849 0.8061
vn -1.0000 0.0000 0.0000
v 3.1220 3.0412 -1.7220
vt 0.7849 0.8605
vn -1.0000 0.0000 0.0000
v 3.1220 3.0412 -1.8900
vt 0.7960 0.8605
vn -1.0000 0.0000 0.0000
v 3.1220 2.5760 -1.8900
vt 0.7960 0.8061
vn -1.0000 0.0000 0.0000
f 1153/1153/1153 1154/1154/1154 1155/1155/1155 1156/1156/1156
v 1.6100 3.0412 -1.8900
vt 0.7960 0.8914
vn 0.0000 1.0000 0.0000
v 1.6100 3.0412 -1.7220
vt 0.7960 0.8917
vn 0.0000 1.0000 0.0000
v 1.7780 3.0412 -1.7220
vt 0.7849 0.8917
vn 0.0000 1.0000 0.0000
v 1.7780 3.0412 -1.8900
vt 0.7849 0.8914
vn 0.0000 1.0000 0.0000
f 1157/1157/1157 1158/1158/1158 1159/1159/1159 1160/1160/1160
v 1.7780 2.5760 -1.8900
vt 0.7849 0.7901
vn 1.0000 0.0000 -0.0000
v 1.7780 3.0412 -1.8900
vt 0.7849 0.8445
vn 1.0000 0.0000 -0.0000
v 1.7780 3.0412 -1.7220
vt 0.7849 0.8448
vn 1.0000 0.0000 -0.0000
v 1.7780 2.5760 -1.7220
vt 0.7849 0.7904
vn 1.0000 0.0000 -0.0000
f 1161/1161/1161 1162/1162/1162 1163/1163/1163 1164/1164/1164
v 1.6100 2.5760 -1.7220
vt 0.7960 0.7904
vn -1.0000 0.0000 0.0000
v 1.6100 3.0412 -1.7220
vt 0.7960 0.8448
vn -1.0000 0.0000 0.0000
v 1.6100 3.0412 -1.8900
vt 0.7960 0.8445
vn -1.0000 0.0000 0.0000
v 1.6100 2.5760 -1.8900
vt 0.7960 0.7901
vn -1.0000 0.0000 0.0000
f 1165/1165/1165 1166/1166/1166 1167/1167/1167 1168/1168/1168
v 1.7780 2.5760 -1.7220
vt 0.7849 0.8061
vn 0.0000 0.0000 1.0000
v 1.7780 3.0412 -1.7220
vt 0.7849 0.8605
vn 0.0000 0.0000 1.0000
v 1.6100 3.0412 -1.7220
vt 0.7960 0.8605
vn 0.0000 0.0000 1.0000
v 1.6100 2.5760 -1.7220
vt 0.7960 0.8061
vn 0.0000 0.0000 1.0000
f 1169/1169/1169 1170/1170/1170 1171/1171/1171 1172/1172/1172
v 1.6100 2.5760 -1.8900
vt 0.7960 0.8058
vn -0.0000 0.0000 -1.0000
v 1.6100 3.0412 -1.8900
vt 0.7960 0.8602
vn -0.0000 0.0000 -1.0000
v 1.7780 3.0412 -1.8900
vt 0.7849 0.8602
vn -0.0000 0.0000 -1.0000
v 1.7780 2.5760 -1.8900
vt 0.7849 0.8058
vn -0.0000 0.0000 -1.0000
f 1173/1173/1173 1174/1174/1174 1175/1175/1175 1176/1176/1176
v 3.2900 2.5760 -1.8900
vt 0.7960 0.8058
vn 1.0000 0.0000 -0.0000
v 3.2900 3.0412 -1.8900
vt 0.7960 0.8602
vn 1.0000 0.0000 -0.0000
v 3.2900 3.0412 -1.7220
vt 0.7849 0.8602
vn 1.0000 0.0000 -0.0000
v 3.2900 2.5760 -1.7220
vt 0.7849 0.8058
vn 1.0000 0.0000 -0.0000
f 1177/1177/1177 1178/1178/1178 1179/1179/1179 1180/1180/1180
v 3.1220 2.5760 -1.8900
vt 0.7960 0.7904
vn -0.0000 0.0000 -1.0000
v 3.1220 3.0412 -1.8900
vt 0.7960 0.8448
vn -0.0000 0.0000 -1.0000
v 3.2900 3.0412 -1.8900
vt 0.7960 0.8445
vn -0.0000 0.0000 -1.0000
v 3.2900 2.5760 -1.8900
vt 0.7960 0.7901
vn -0.0000 0.0000 -1.0000
f 1181/1181/1181 1182/1182/1182 1183/1183/1183 1184/1184/1184
v 3.2900 3.0412 -1.8900
vt 0.7960 0.8914
vn 0.0000 1.0000 0.0000
v 3.1220 3.0412 -1.8900
vt 0.7960 0.8917
vn 0.0000 1.0000 0.0000
v 3.1220 3.0412 -1.7220
vt 0.7849 0.8917
vn 0.0000 1.0000 0.0000
v 3.2900 3.0412 -1.7220
vt 0.7849 0.8914
vn 0.0000 1.0000 0.0000
f 1185/1185/1185 1186/1186/1186 1187/1187/1187 1188/1188/1188
v 3.2900 2.5760 -1.7220
vt 0.7849 0.7901
vn 0.0000 0.0000 1.0000
v 3.2900 3.0412 -1.7220
vt 0.7849 0.8445
vn 0.0000 0.0000 1.0000
v 3.1220 3.0412 -1.7220
vt 0.7849 0.8448
vn 0.0000 0.0000 1.0000
v 3.1220 2.5760 -1.7220
vt 0.7849 0.7904
vn 0.0000 0.0000 1.0000
f 1189/1189/1189 1190/1190/1190 1191/1191/1191 1192/1192/1192
v 3.2340 2.6320 -1.8900
vt 0.7849 0.8842
vn 0.0000 0.0000 1.0000
v 3.2340 2.7720 -1.8900
vt 0.7849 0.9386
vn 0.0000 0.0000 1.0000
v 1.6660 2.7720 -1.8900
vt 0.7960 0.9386
vn 0.0000 0.0000 1.0000
v 1.6660 2.6320 -1.8900
vt 0.7960 0.8842
vn 0.0000 0.0000 1.0000
f 1193/1193/1193 1194/1194/1194 1195/1195/1195 1196/1196/1196
v 1.6660 2.6320 -1.8900
vt 0.7960 0.8686
vn -0.8644 0.0000 0.5028
v 1.6660 2.7720 -1.8900
vt 0.7960 0.9230
vn -0.8644 0.0000 0.5028
v 1.6009 2.7720 -2.0020
vt 0.7960 0.9227
vn -0.8644 0.0000 0.5028
v 1.6009 2.6320 -2.0020
vt 0.7960 0.8683
vn -0.8644 0.0000 0.5028
f 1197/1197/1197 1198/1198/1198 1199/1199/1199 1200/1200/1200
v 1.6009 2.6320 -2.0020
vt 0.7960 0.8839
vn -0.0000 0.0000 -1.0000
v 1.6009 2.7720 -2.0020
vt 0.7960 0.9383
vn -0.0000 0.0000 -1.0000
v 3.2991 2.7720 -2.0020
vt 0.7849 0.9383
vn -0.0000 0.0000 -1.0000
v 3.2991 2.6320 -2.0020
vt 0.7849 0.8839
vn -0.0000 0.0000 -1.0000
f 1201/1201/1201 1202/1202/1202 1203/1203/1203 1204/1204/1204
v 3.2991 2.6320 -2.0020
vt 0.7849 0.8683
vn 0.8644 0.0000 0.5028
v 3.2991 2.7720 -2.0020
vt 0.7849 0.9227
vn 0.8644 0.0000 0.5028
v 3.2340 2.7720 -1.8900
vt 0.7849 0.9230
vn 0.8644 0.0000 0.5028
v 3.2340 2.6320 -1.8900
vt 0.7849 0.8686
vn 0.8644 0.0000 0.5028
f 1205/1205/1205 1206/1206/1206 1207/1207/1207 1208/1208/1208
v 1.6009 2.7720 -2.0020
vt 0.7960 0.9695
vn 0.0000 1.0000 0.0000
v 1.6660 2.7720 -1.8900
vt 0.7960 0.9698
vn 0.0000 1.0000 0.0000
v 3.2340 2.7720 -1.8900
vt 0.7849 0.9698
vn 0.0000 1.0000 0.0000
v 3.2991 2.7720 -2.0020
vt 0.7849 0.9695
vn 0.0000 1.0000 0.0000
f 1209/1209/1209 1210/1210/1210 1211/1211/1211 1212/1212/1212
v 3.2340 2.8560 -1.8900
vt 0.7849 0.8842
vn 0.0000 0.0000 1.0000
v 3.2340 2.9960 -1.8900
vt 0.7849 0.9386
vn 0.0000 0.0000 1.0000
v 1.6660 2.9960 -1.8900
vt 0.7960 0.9386
vn 0.0000 0.0000 1.0000
v 1.6660 2.8560 -1.8900
vt 0.7960 0.8842
vn 0.0000 0.0000 1.0000
f 1213/1213/1213 1214/1214/1214 1215/1215/1215 1216/1216/1216
v 1.6660 2.8560 -1.8900
vt 0.7960 0.8686
vn -0.8644 0.0000 0.5028
v 1.6660 2.9960 -1.8900
vt 0.7960 0.9230
vn -0.8644 0.0000 0.5028
v 1.6009 2.9960 -2.0020
vt 0.7960 0.9227
vn -0.8644 0.0000 0.5028
v 1.6009 2.8560 -2.0020
vt 0.7960 0.8683
vn -0.8644 0.0000 0.5028
f 1217/1217/1217 1218/1218/1218 1219/1219/1219 1220/1220/1220
v 1.6009 2.8560 -2.0020
vt 0.7960 0.8839
vn -0.0000 0.0000 -1.0000
v 1.6009 2.9960 -2.0020
vt 0.7960 0.9383
vn -0.0000 0.0000 -1.0000
v 3.2991 2.9960 -2.0020
vt 0.7849 0.9383
vn -0.0000 0.0000 -1.0000
v 3.2991 2.8560 -2.0020
vt 0.7849 0.8839
vn -0.0000 0.0000 -1.0000
f 1221/1221/1221 1222/1222/1222 1223/1223/1223 1224/1224/1224
v 3.2991 2.8560 -2.0020
vt 0.7849 0.8683
vn 0.8644 0.0000 0.5028
v 3.2991 2.9960 -2.0020
vt 0.7849 0.9227
vn 0.8644 0.0000 0.5028
v 3.2340 2.9960 -1.8900
vt 0.7849 0.9230
vn 0.8644 0.0000 0.5028
v 3.2340 2.8560 -1.8900
vt 0.7849 0.8686
vn 0.8644 0.0000 0.5028
f 1225/1225/1225 1226/1226/1226 1227/1227/1227 1228/1228/1228
v 1.6009 2.9960 -2.0020
vt 0.7960 0.9695
vn 0.0000 1.0000 0.0000
v 1.6660 2.9960 -1.8900
vt 0.7960 0.9698
vn 0.0000 1.0000 0.0000
v 3.2340 2.9960 -1.8900
vt 0.7849 0.9698
vn 0.0000 1.0000 0.0000
v 3.2991 2.9960 -2.0020
vt 0.7849 0.9695
vn 0.0000 1.0000 0.0000
f 1229/1229/1229 1230/1230/1230 1231/1231/1231 1232/1232/1232
v 3.2340 2.8560 -1.8900
vt 0.7849 0.8686
vn 0.0000 -1.0000 -0.0000
v 1.6660 2.8560 -1.8900
vt 0.7960 0.8686
vn 0.0000 -1.0000 -0.0000
v 1.6009 2.8560 -2.0020
vt 0.7960 0.8839
vn 0.0000 -1.0000 -0.0000
v 3.2991 2.8560 -2.0020
vt 0.7849 0.8683
vn 0.0000 -1.0000 -0.0000
f 1233/1233/1233 1234/1234/1234 1235/1235/1235 1236/1236/1236
v 3.2340 2.6320 -1.8900
vt 0.7849 0.8686
vn 0.0000 -1.0000 -0.0000
v 1.6660 2.6320 -1.8900
vt 0.7960 0.8686
vn 0.0000 -1.0000 -0.0000
v 1.6009 2.6320 -2.0020
vt 0.7960 0.8839
vn 0.0000 -1.0000 -0.0000
v 3.2991 2.6320 -2.0020
vt 0.7849 0.8683
vn 0.0000 -1.0000 -0.0000
f 1237/1237/1237 1238/1238/1238 1239/1239/1239 1240/1240/1240
v 3.1220 2.5760 1.3720
vt 0.7849 0.8061
vn -0.0000 0.0000 -1.0000
v 3.1220 3.0412 1.3720
vt 0.7849 0.8605
vn -0.0000 0.0000 -1.0000
v 3.2900 3.0412 1.3720
vt 0.7960 0.8605
vn -0.0000 0.0000 -1.0000
v 3.2900 2.5760 1.3720
vt 0.7960 0.8061
vn -0.0000 0.0000 -1.0000
f 1241/1241/1241 1242/1242/1242 1243/1243/1243 1244/1244/1244
v 3.2900 3.0412 -1.8900
vt 0.7960 0.8914
vn 0.0000 1.0000 0.0000
v 3.1220 3.0412 -1.8900
vt 0.7960 0.8917
vn 0.0000 1.0000 0.0000
v 3.1220 3.0412 -1.7220
vt 0.7849 0.8917
vn 0.0000 1.0000 0.0000
v 3.2900 3.0412 -1.7220
vt 0.7849 0.8914
vn 0.0000 1.0000 0.0000
f 1245/1245/1245 1246/1246/1246 1247/1247/1247 1248/1248/1248
v 3.2900 2.5760 -1.7220
vt 0.7849 0.7901
vn 0.0000 0.0000 1.0000
v 3.2900 3.0412 -1.7220
vt 0.7849 0.8445
vn 0.0000 0.0000 1.0000
v 3.1220 3.0412 -1.7220
vt 0.7849 0.8448
vn 0.0000 0.0000 1.0000
v 3.1220 2.5760 -1.7220
vt 0.7849 0.7904
vn 0.0000 0.0000 1.0000
f 1249/1249/1249 1250/1250/1250 1251/1251/1251 1252/1252/1252
v 3.1220 2.5760 -1.8900
vt 0.7960 0.7904
vn -0.0000 0.0000 -1.0000
v 3.1220 3.0412 -1.8900
vt 0.7960 0.8448
vn -0.0000 0.0000 -1.0000
v 3.2900 3.0412 -1.8900
vt 0.7960 0.8445
vn -0.0000 0.0000 -1.0000
v 3.2900 2.5760 -1.8900
vt 0.7960 0.7901
vn -0.0000 0.0000 -1.0000
f 1253/1253/1253 1254/1254/1254 1255/1255/1255 1256/1256/1256
v 3.1220 2.5760 -1.7220
vt 0.7849 0.8061
vn -1.0000 0.0000 0.0000
v 3.1220 3.0412 -1.7220
vt 0.7849 0.8605
vn -1.0000 0.0000 0.0000
v 3.1220 3.0412 -1.8900
vt 0.7960 0.8605
vn -1.0000 0.0000 0.0000
v 3.1220 2.5760 -1.8900
vt 0.7960 0.8061
vn -1.0000 0.0000 0.0000
f 1257/1257/1257 1258/1258/1258 1259/1259/1259 1260/1260/1260
v 3.2900 2.5760 -1.8900
vt 0.7960 0.8058
vn 1.0000 0.0000 -0.0000
v 3.2900 3.0412 -1.8900
vt 0.7960 0.8602
vn 1.0000 0.0000 -0.0000
v 3.2900 3.0412 -1.7220
vt 0.7849 0.8602
vn 1.0000 0.0000 -0.0000
v 3.2900 2.5760 -1.7220
vt 0.7849 0.8058
vn 1.0000 0.0000 -0.0000
f 1261/1261/1261 1262/1262/1262 1263/1263/1263 1264/1264/1264
v 3.2900 2.5760 1.5400
vt 0.7960 0.8058
vn 0.0000 0.0000 1.0000
v 3.2900 3.0412 1.5400
vt 0.7960 0.8602
vn 0.0000 0.0000 1.0000
v 3.1220 3.0412 1.5400
vt 0.7849 0.8602
vn 0.0000 0.0000 1.0000
v 3.1220 2.5760 1.5400
vt 0.7849 0.8058
vn 0.0000 0.0000 1.0000
f 1265/1265/1265 1266/1266/1266 1267/1267/1267 1268/1268/1268
v 3.2900 2.5760 1.3720
vt 0.7960 0.7904
vn 1.0000 0.0000 -0.0000
v 3.2900 3.0412 1.3720
vt 0.7960 0.8448
vn 1.0000 0.0000 -0.0000
v 3.2900 3.0412 1.5400
vt 0.7960 0.8445
vn 1.0000 0.0000 -0.0000
v 3.2900 2.5760 1.5400
vt 0.7960 0.7901
vn 1.0000 0.0000 -0.0000
f 1269/1269/1269 1270/1270/1270 1271/1271/1271 1272/1272/1272
v 3.2900 3.0412 1.5400
vt 0.7960 0.8914
vn 0.0000 1.0000 0.0000
v 3.2900 3.0412 1.3720
vt 0.7960 0.8917
vn 0.0000 1.0000 0.0000
v 3.1220 3.0412 1.3720
vt 0.7849 0.8917
vn 0.0000 1.0000 0.0000
v 3.1220 3.0412 1.5400
vt 0.7849 0.8914
vn 0.0000 1.0000 0.0000
f 1273/1273/1273 1274/1274/1274 1275/1275/1275 1276/1276/1276
v 3.1220 2.5760 1.5400
vt 0.7849 0.7901
vn -1.0000 0.0000 0.0000
v 3.1220 3.0412 1.5400
vt 0.7849 0.8445
vn -1.0000 0.0000 0.0000
v 3.1220 3.0412 1.3720
vt 0.7849 0.8448
vn -1.0000 0.0000 0.0000
v 3.1220 2.5760 1.3720
vt 0.7849 0.7904
vn -1.0000 0.0000 0.0000
f 1277/1277/1277 1278/1278/1278 1279/1279/1279 1280/1280/1280
v 3.2900 2.6320 1.4840
vt 0.7849 0.8842
vn -1.0000 0.0000 0.0000
v 3.2900 2.7720 1.4840
vt 0.7849 0.9386
vn -1.0000 0.0000 0.0000
v 3.2900 2.7720 -1.8340
vt 0.7960 0.9386
vn -1.0000 0.0000 0.0000
v 3.2900 2.6320 -1.8340
vt 0.7960 0.8842
vn -1.0000 0.0000 0.0000
f 1281/1281/1281 1282/1282/1282 1283/1283/1283 1284/1284/1284
v 3.2900 2.6320 -1.8340
vt 0.7960 0.8686
vn -0.5028 0.0000 -0.8644
v 3.2900 2.7720 -1.8340
vt 0.7960 0.9230
vn -0.5028 0.0000 -0.8644
v 3.4020 2.7720 -1.8991
vt 0.7960 0.9227
vn -0.5028 0.0000 -0.8644
v 3.4020 2.6320 -1.8991
vt 0.7960 0.8683
vn -0.5028 0.0000 -0.8644
f 1285/1285/1285 1286/1286/1286 1287/1287/1287 1288/1288/1288
v 3.4020 2.6320 -1.8991
vt 0.7960 0.8839
vn 1.0000 0.0000 -0.0000
v 3.4020 2.7720 -1.8991
vt 0.7960 0.9383
vn 1.0000 0.0000 -0.0000
v 3.4020 2.7720 1.5491
vt 0.7849 0.9383
vn 1.0000 0.0000 -0.0000
v 3.4020 2.6320 1.5491
vt 0.7849 0.8839
vn 1.0000 0.0000 -0.0000
f 1289/1289/1289 1290/1290/1290 1291/1291/1291 1292/1292/1292
v 3.4020 2.6320 1.5491
vt 0.7849 0.8683
vn -0.5028 0.0000 0.8644
v 3.4020 2.7720 1.5491
vt 0.7849 0.9227
vn -0.5028 0.0000 0.8644
v 3.2900 2.7720 1.4840
vt 0.7849 0.9230
vn -0.5028 0.0000 0.8644
v 3.2900 2.6320 1.4840
vt 0.7849 0.8686
vn -0.5028 0.0000 0.8644
f 1293/1293/1293 1294/1294/1294 1295/1295/1295 1296/1296/1296
v 3.4020 2.7720 -1.8991
vt 0.7960 0.9695
vn 0.0000 1.0000 0.0000
v 3.2900 2.7720 -1.8340
vt 0.7960 0.9698
vn 0.0000 1.0000 0.0000
v 3.2900 2.7720 1.4840
vt 0.7849 0.9698
vn 0.0000 1.0000 0.0000
v 3.4020 2.7720 1.5491
vt 0.7849 0.9695
vn 0.0000 1.0000 0.0000
f 1297/1297/1297 1298/1298/1298 1299/1299/1299 1300/1300/1300
v 3.2900 2.8560 1.4840
vt 0.7849 0.8842
vn -1.0000 0.0000 0.0000
v 3.2900 2.9960 1.4840
vt 0.7849 0.9386
vn -1.0000 0.0000 0.0000
v 3.2900 2.9960 -1.8340
vt 0.7960 0.9386
vn -1.0000 0.0000 0.0000
v 3.2900 2.8560 -1.8340
vt 0.7960 0.8842
vn -1.0000 0.0000 0.0000
f 1301/1301/1301 1302/1302/1302 1303/1303/1303 1304/1304/1304
v 3.2900 2.8560 -1.8340
vt 0.7960 0.8686
vn -0.5028 0.0000 -0.8644
v 3.2900 2.9960 -1.8340
vt 0.7960 0.9230
vn -0.5028 0.0000 -0.8644
v 3.4020 2.9960 -1.8991
vt 0.7960 0.9227
vn -0.5028 0.0000 -0.8644
v 3.4020 2.8560 -1.8991
vt 0.7960 0.8683
vn -0.5028 0.0000 -0.8644
f 1305/1305/1305 1306/1306/1306 1307/1307/1307 1308/1308/1308
v 3.4020 2.8560 -1.8991
vt 0.7960 0.8839
vn 1.0000 0.0000 -0.0000
v 3.4020 2.9960 -1.8991
vt 0.7960 0.9383
vn 1.0000 0.0000 -0.0000
v 3.4020 2.9960 1.5491
vt 0.7849 0.9383
vn 1.0000 0.0000 -0.0000
v 3.4020 2.8560 1.5491
vt 0.7849 0.8839
vn 1.0000 0.0000 -0.0000
f 1309/1309/1309 1310/1310/1310 1311/1311/1311 1312/1312/1312
v 3.4020 2.8560 1.5491
vt 0.7849 0.8683
vn -0.5028 0.0000 0.8644
v 3.4020 2.9960 1.5491
vt 0.7849 0.9227
vn -0.5028 0.0000 0.8644
v 3.2900 2.9960 1.4840
vt 0.7849 0.9230
vn -0.5028 0.0000 0.8644
v 3.2900 2.8560 1.4840
vt 0.7849 0.8686
vn -0.5028 0.0000 0.8644
f 1313/1313/1313 1314/1314/1314 1315/1315/1315 1316/1316/1316
v 3.4020 2.9960 -1.8991
vt 0.7960 0.9695
vn 0.0000 1.0000 0.0000
v 3.2900 2.9960 -1.8340
vt 0.7960 0.9698
vn 0.0000 1.0000 0.0000
v 3.2900 2.9960 1.4840
vt 0.7849 0.9698
vn 0.0000 1.0000 0.0000
v 3.4020 2.9960 1.5491
vt 0.7849 0.9695
vn 0.0000 1.0000 0.0000
f 1317/1317/1317 1318/1318/1318 1319/1319/1319 1320/1320/1320
v 3.2900 2.8560 1.4840
vt 0.7849 0.8686
vn 0.0000 -1.0000 -0.0000
v 3.2900 2.8560 -1.8340
vt 0.7960 0.8686
vn 0.0000 -1.0000 -0.0000
v 3.4020 2.8560 -1.8991
vt 0.7960 0.8839
vn 0.0000 -1.0000 -0.0000
v 3.4020 2.8560 1.5491
vt 0.7849 0.8683
vn 0.0000 -1.0000 -0.0000
f 1321/1321/1321 1322/1322/1322 1323/1323/1323 1324/1324/1324
v 3.2900 2.6320 1.4840
vt 0.7849 0.8686
vn 0.0000 -1.0000 -0.0000
v 3.2900 2.6320 -1.8340
vt 0.7960 0.8686
vn 0.0000 -1.0000 -0.0000
v 3.4020 2.6320 -1.8991
vt 0.7960 0.8839
vn 0.0000 -1.0000 -0.0000
v 3.4020 2.6320 1.5491
vt 0.7849 0.8683
vn 0.0000 -1.0000 -0.0000
f 1325/1325/1325 1326/1326/1326 1327/1327/1327 1328/1328/1328
v 1.7780 2.5760 -1.7220
vt 0.7849 0.8061
vn 0.0000 0.0000 1.0000
v 1.7780 3.0412 -1.7220
vt 0.7849 0.8605
vn 0.0000 0.0000 1.0000
v 1.6100 3.0412 -1.7220
vt 0.7960 0.8605
vn 0.0000 0.0000 1.0000
v 1.6100 2.5760 -1.7220
vt 0.7960 0.8061
vn 0.0000 0.0000 1.0000
f 1329/1329/1329 1330/1330/1330 1331/1331/1331 1332/1332/1332
v 1.6100 3.0412 1.5400
vt 0.7960 0.8914
vn 0.0000 1.0000 0.0000
v 1.7780 3.0412 1.5400
vt 0.7960 0.8917
vn 0.0000 1.0000 0.0000
v 1.7780 3.0412 1.3720
vt 0.7849 0.8917
vn 0.0000 1.0000 0.0000
v 1.6100 3.0412 1.3720
vt 0.7849 0.8914
vn 0.0000 1.0000 0.0000
f 1333/1333/1333 1334/1334/1334 1335/1335/1335 1336/1336/1336
v 1.6100 2.5760 1.3720
vt 0.7849 0.7901
vn -0.0000 0.0000 -1.0000
v 1.6100 3.0412 1.3720
vt 0.7849 0.8445
vn -0.0000 0.0000 -1.0000
v 1.7780 3.0412 1.3720
vt 0.7849 0.8448
vn -0.0000 0.0000 -1.0000
v 1.7780 2.5760 1.3720
vt 0.7849 0.7904
vn -0.0000 0.0000 -1.0000
f 1337/1337/1337 1338/1338/1338 1339/1339/1339 1340/1340/1340
v 1.7780 2.5760 1.5400
vt 0.7960 0.7904
vn 0.0000 0.0000 1.0000
v 1.7780 3.0412 1.5400
vt 0.7960 0.8448
vn 0.0000 0.0000 1.0000
v 1.6100 3.0412 1.5400
vt 0.7960 0.8445
vn 0.0000 0.0000 1.0000
v 1.6100 2.5760 1.5400
vt 0.7960 0.7901
vn 0.0000 0.0000 1.0000
f 1341/1341/1341 1342/1342/1342 1343/1343/1343 1344/1344/1344
v 1.7780 2.5760 1.3720
vt 0.7849 0.8061
vn 1.0000 0.0000 -0.0000
v 1.7780 3.0412 1.3720
vt 0.7849 0.8605
vn 1.0000 0.0000 -0.0000
v 1.7780 3.0412 1.5400
vt 0.7960 0.8605
vn 1.0000 0.0000 -0.0000
v 1.7780 2.5760 1.5400
vt 0.7960 0.8061
vn 1.0000 0.0000 -0.0000
f 1345/1345/1345 1346/1346/1346 1347/1347/1347 1348/1348/1348
v 1.6100 2.5760 1.5400
vt 0.7960 0.8058
vn -1.0000 0.0000 0.0000
v 1.6100 3.0412 1.5400
vt 0.7960 0.8602
vn -1.0000 0.0000 0.0000
v 1.6100 3.0412 1.3720
vt 0.7849 0.8602
vn -1.0000 0.0000 0.0000
v 1.6100 2.5760 1.3720
vt 0.7849 0.8058
vn -1.0000 0.0000 0.0000
f 1349/1349/1349 1350/1350/1350 1351/1351/1351 1352/1352/1352
v 1.6100 2.5760 -1.8900
vt 0.7960 0.8058
vn -0.0000 0.0000 -1.0000
v 1.6100 3.0412 -1.8900
vt 0.7960 0.8602
vn -0.0000 0.0000 -1.0000
v 1.7780 3.0412 -1.8900
vt 0.7849 0.8602
vn -0.0000 0.0000 -1.0000
v 1.7780 2.5760 -1.8900
vt 0.7849 0.8058
vn -0.0000 0.0000 -1.0000
f 1353/1353/1353 1354/1354/1354 1355/1355/1355 1356/1356/1356
v 1.6100 2.5760 -1.7220
vt 0.7960 0.7904
vn -1.0000 0.0000 0.0000
v 1.6100 3.0412 -1.7220
vt 0.7960 0.8448
vn -1.0000 0.0000 0.0000
v 1.6100 3.0412 -1.8900
vt 0.7960 0.8445
vn -1.0000 0.0000 0.0000
v 1.6100 2.5760 -1.8900
vt 0.7960 0.7901
vn -1.0000 0.0000 0.0000
f 1357/1357/1357 1358/1358/1358 1359/1359/1359 1360/1360/1360
v 1.6100 3.0412 -1.8900
vt 0.7960 0.8914
vn 0.0000 1.0000 0.0000
v 1.6100 3.0412 -1.7220
vt 0.7960 0.8917
vn 0.0000 1.0000 0.0000
v 1.7780 3.0412 -1.7220
vt 0.7849 0.8917
vn 0.0000 1.0000 0.0000
v 1.7780 3.0412 -1.8900
vt 0.7849 0.8914
vn 0.0000 1.0000 0.0000
f 1361/1361/1361 1362/1362/1362 1363/1363/1363 1364/1364/1364
v 1.7780 2.5760 -1.8900
vt 0.7849 0.7901
vn 1.0000 0.0000 -0.0000
v 1.7780 3.0412 -1.8900
vt 0.7849 0.8445
vn 1.0000 0.0000 -0.0000
v 1.7780 3.0412 -1.7220
vt 0.7849 0.8448
vn 1.0000 0.0000 -0.0000
v 1.7780 2.5760 -1.7220
vt 0.7849 0.7904
vn 1.0000 0.0000 -0.0000
f 1365/1365/1365 1366/1366/1366 1367/1367/1367 1368/1368/1368
v 1.6100 2.6320 -1.8340
vt 0.7849 0.8842
vn 1.0000 0.0000 -0.0000
v 1.6100 2.7720 -1.8340
vt 0.7849 0.9386
vn 1.0000 0.0000 -0.0000
v 1.6100 2.7720 1.4840
vt 0.7960 0.9386
vn 1.0000 0.0000 -0.0000
v 1.6100 2.6320 1.4840
vt 0.7960 0.8842
vn 1.0000 0.0000 -0.0000
f 1369/1369/1369 1370/1370/1370 1371/1371/1371 1372/1372/1372
v 1.6100 2.6320 1.4840
vt 0.7960 0.8686
vn 0.5028 0.0000 0.8644
v 1.6100 2.7720 1.4840
vt 0.7960 0.9230
vn 0.5028 0.0000 0.8644
v 1.4980 2.7720 1.5491
vt 0.7960 0.9227
vn 0.5028 0.0000 0.8644
v 1.4980 2.6320 1.5491
vt 0.7960 0.8683
vn 0.5028 0.0000 0.8644
f 1373/1373/1373 1374/1374/1374 1375/1375/1375 1376/1376/1376
v 1.4980 2.6320 1.5491
vt 0.7960 0.8839
vn -1.0000 0.0000 0.0000
v 1.4980 2.7720 1.5491
vt 0.7960 0.9383
vn -1.0000 0.0000 0.0000
v 1.4980 2.7720 -1.8991
vt 0.7849 0.9383
vn -1.0000 0.0000 0.0000
v 1.4980 2.6320 -1.8991
vt 0.7849 0.8839
vn -1.0000 0.0000 0.0000
f 1377/1377/1377 1378/1378/1378 1379/1379/1379 1380/1380/1380
v 1.4980 2.6320 -1.8991
vt 0.7849 0.8683
vn 0.5028 0.0000 -0.8644
v 1.4980 2.7720 -1.8991
vt 0.7849 0.9227
vn 0.5028 0.0000 -0.8644
v 1.6100 2.7720 -1.8340
vt 0.7849 0.9230
vn 0.5028 0.0000 -0.8644
v 1.6100 2.6320 -1.8340
vt 0.7849 0.8686
vn 0.5028 0.0000 -0.8644
f 1381/1381/1381 1382/1382/1382 1383/1383/1383 1384/1384/1384
v 1.4980 2.7720 1.5491
vt 0.7960 0.9695
vn 0.0000 1.0000 0.0000
v 1.6100 2.7720 1.4840
vt 0.7960 0.9698
vn 0.0000 1.0000 0.0000
v 1.6100 2.7720 -1.8340
vt 0.7849 0.9698
vn 0.0000 1.0000 0.0000
v 1.4980 2.7720 -1.8991
vt 0.7849 0.9695
vn 0.0000 1.0000 0.0000
f 1385/1385/1385 1386/1386/1386 1387/1387/1387 1388/1388/1388
v 1.6100 2.8560 -1.8340
vt 0.7849 0.8842
vn 1.0000 0.0000 -0.0000
v 1.6100 2.9960 -1.8340
vt 0.7849 0.9386
vn 1.0000 0.0000 -0.0000
v 1.6100 2.9960 1.4840
vt 0.7960 0.9386
vn 1.0000 0.0000 -0.0000
v 1.6100 2.8560 1.4840
vt 0.7960 0.8842
vn 1.0000 0.0000 -0.0000
f 1389/1389/1389 1390/1390/1390 1391/1391/1391 1392/1392/1392
v 1.6100 2.8560 1.4840
vt 0.7960 0.8686
vn 0.5028 0.0000 0.8644
v 1.6100 2.9960 1.4840
vt 0.7960 0.9230
vn 0.5028 0.0000 0.8644
v 1.4980 2.9960 1.5491
vt 0.7960 0.9227
vn 0.5028 0.0000 0.8644
v 1.4980 2.8560 1.5491
vt 0.7960 0.8683
vn 0.5028 0.0000 0.8644
f 1393/1393/1393 1394/1394/1394 1395/1395/1395 1396/1396/1396
v 1.4980 2.8560 1.5491
vt 0.7960 0.8839
vn -1.0000 0.0000 0.0000
v 1.4980 2.9960 1.5491
vt 0.7960 0.9383
vn -1.0000 0.0000 0.0000
v 1.4980 2.9960 -1.8991
vt 0.7849 0.9383
vn -1.0000 0.0000 0.0000
v 1.4980 2.8560 -1.8991
vt 0.7849 0.8839
vn -1.0000 0.0000 0.0000
f 1397/1397/1397 1398/1398/1398 1399/1399/1399 1400/1400/1400
v 1.4980 2.8560 -1.8991
vt 0.7849 0.8683
vn 0.5028 0.0000 -0.8644
v 1.4980 2.9960 -1.8991
vt 0.7849 0.9227
vn 0.5028 0.0000 -0.8644
v 1.6100 2.9960 -1.8340
vt 0.7849 0.9230
vn 0.5028 0.0000 -0.8644
v 1.6100 2.8560 -1.8340
vt 0.7849 0.8686
vn 0.5028 0.0000 -0.8644
f 1401/1401/1401 1402/1402/1402 1403/1403/1403 1404/1404/1404
v 1.4980 2.9960 1.5491
vt 0.7960 0.9695
vn 0.0000 1.0000 0.0000
v 1.6100 2.9960 1.4840
vt 0.7960 0.9698
vn 0.0000 1.0000 0.0000
v 1.6100 2.9960 -1.8340
vt 0.7849 0.9698
vn 0.0000 1.0000 0.0000
v 1.4980 2.9960 -1.8991
vt 0.7849 0.9695
vn 0.0000 1.0000 0.0000
f 1405/1405/1405 1406/1406/1406 1407/1407/1407 1408/1408/1408
v 1.6100 2.8560 -1.8340
vt 0.7849 0.8686
vn 0.0000 -1.0000 -0.0000
v 1.6100 2.8560 1.4840
vt 0.7960 0.8686
vn 0.0000 -1.0000 -0.0000
v 1.4980 2.8560 1.5491
vt 0.7960 0.8839
vn 0.0000 -1.0000 -0.0000
v 1.4980 2.8560 -1.8991
vt 0.7849 0.8683
vn 0.0000 -1.0000 -0.0000
f 1409/1409/1409 1410/1410/1410 1411/1411/1411 1412/1412/1412
v 1.6100 2.6320 -1.8340
vt 0.7849 0.8686
vn 0.0000 -1.0000 -0.0000
v 1.6100 2.6320 1.4840
vt 0.7960 0.8686
vn 0.0000 -1.0000 -0.0000
v 1.4980 2.6320 1.5491
vt 0.7960 0.8839
vn 0.0000 -1.0000 -0.0000
v 1.4980 2.6320 -1.8991
vt 0.7849 0.8683
vn 0.0000 -1.0000 -0.0000
f 1413/1413/1413 1414/1414/1414 1415/1415/1415 1416/1416/1416
v 3.1500 0.0000 -0.4200
vt 0.7849 0.8529
vn -0.0000 0.0000 -1.0000
v 3.1500 2.5550 -0.4200
vt 0.7849 0.9073
vn -0.0000 0.0000 -1.0000
v 3.2900 2.5550 -0.4200
vt 0.7960 0.9073
vn -0.0000 0.0000 -1.0000
v 3.2900 0.0000 -0.4200
vt 0.7960 0.8529
vn -0.0000 0.0000 -1.0000
f 1417/1417/1417 1418/1418/1418 1419/1419/1419 1420/1420/1420
v 3.2900 0.0000 -0.4200
vt 0.7960 0.8373
vn 1.0000 0.0000 -0.0000
v 3.2900 2.5550 -0.4200
vt 0.7960 0.8917
vn 1.0000 0.0000 -0.0000
v 3.2900 2.5550 -0.2800
vt 0.7960 0.8914
vn 1.0000 0.0000 -0.0000
v 3.2900 0.0000 -0.2800
vt 0.7960 0.8370
vn 1.0000 0.0000 -0.0000
f 1421/1421/1421 1422/1422/1422 1423/1423/1423 1424/1424/1424
v 3.2900 0.0000 -0.2800
vt 0.7960 0.8526
vn 0.0000 0.0000 1.0000
v 3.2900 2.5550 -0.2800
vt 0.7960 0.9070
vn 0.0000 0.0000 1.0000
v 3.1500 2.5550 -0.2800
vt 0.7849 0.9070
vn 0.0000 0.0000 1.0000
v 3.1500 0.0000 -0.2800
vt 0.7849 0.8526
vn 0.0000 0.0000 1.0000
f 1425/1425/1425 1426/1426/1426 1427/1427/1427 1428/1428/1428
v 3.1500 0.0000 -0.2800
vt 0.7849 0.8370
vn -1.0000 0.0000 0.0000
v 3.1500 2.5550 -0.2800
vt 0.7849 0.8914
vn -1.0000 0.0000 0.0000
v 3.1500 2.5550 -0.4200
vt 0.7849 0.8917
vn -1.0000 0.0000 0.0000
v 3.1500 0.0000 -0.4200
vt 0.7849 0.8373
vn -1.0000 0.0000 0.0000
f 1429/1429/1429 1430/1430/1430 1431/1431/1431 1432/1432/1432
v 1.6100 0.0000 -0.4200
vt 0.7849 0.8529
vn -0.0000 0.0000 -1.0000
v 1.6100 2.5550 -0.4200
vt 0.7849 0.9073
vn -0.0000 0.0000 -1.0000
v 1.7500 2.5550 -0.4200
vt 0.7960 0.9073
vn -0.0000 0.0000 -1.0000
v 1.7500 0.0000 -0.4200
vt 0.7960 0.8529
vn -0.0000 0.0000 -1.0000
f 1433/1433/1433 1434/1434/1434 1435/1435/1435 1436/1436/1436
v 1.7500 0.0000 -0.4200
vt 0.7960 0.8373
vn 1.0000 0.0000 -0.0000
v 1.7500 2.5550 -0.4200
vt 0.7960 0.8917
vn 1.0000 0.0000 -0.0000
v 1.7500 2.5550 -0.2800
vt 0.7960 0.8914
vn 1.0000 0.0000 -0.0000
v 1.7500 0.0000 -0.2800
vt 0.7960 0.8370
vn 1.0000 0.0000 -0.0000
f 1437/1437/1437 1438/1438/1438 1439/1439/1439 1440/1440/1440
v 1.7500 0.0000 -0.2800
vt 0.7960 0.8526
vn 0.0000 0.0000 1.0000
v 1.7500 2.5550 -0.2800
vt 0.7960 0.9070
vn 0.0000 0.0000 1.0000
v 1.6100 2.5550 -0.2800
vt 0.7849 0.9070
vn 0.0000 0.0000 1.0000
v 1.6100 0.0000 -0.2800
vt 0.7849 0.8526
vn 0.0000 0.0000 1.0000
f 1441/1441/1441 1442/1442/1442 1443/1443/1443 1444/1444/1444
v 1.6100 0.0000 -0.2800
vt 0.7849 0.8370
vn -1.0000 0.0000 0.0000
v 1.6100 2.5550 -0.2800
vt 0.7849 0.8914
vn -1.0000 0.0000 0.0000
v 1.6100 2.5550 -0.4200
vt 0.7849 0.8917
vn -1.0000 0.0000 0.0000
v 1.6100 0.0000 -0.4200
vt 0.7849 0.8373
vn -1.0000 0.0000 0.0000
f 1445/1445/1445 1446/1446/1446 1447/1447/1447 1448/1448/1448
v 1.7500 2.0300 -0.4200
vt 0.7849 0.8529
vn -0.0000 0.0000 -1.0000
v 1.7500 2.1700 -0.4200
vt 0.7849 0.9073
vn -0.0000 0.0000 -1.0000
v 3.1500 2.1700 -0.4200
vt 0.7960 0.9073
vn -0.0000 0.0000 -1.0000
v 3.1500 2.0300 -0.4200
vt 0.7960 0.8529
vn -0.0000 0.0000 -1.0000
f 1449/1449/1449 1450/1450/1450 1451/1451/1451 1452/1452/1452
v 3.1500 2.0300 -0.2800
vt 0.7960 0.8526
vn 0.0000 0.0000 1.0000
v 3.1500 2.1700 -0.2800
vt 0.7960 0.9070
vn 0.0000 0.0000 1.0000
v 1.7500 2.1700 -0.2800
vt 0.7849 0.9070
vn 0.0000 0.0000 1.0000
v 1.7500 2.0300 -0.2800
vt 0.7849 0.8526
vn 0.0000 0.0000 1.0000
f 1453/1453/1453 1454/1454/1454 1455/1455/1455 1456/1456/1456
v 3.1500 2.1700 -0.2800
vt 0.7960 0.9383
vn 0.0000 1.0000 0.0000
v 3.1500 2.1700 -0.4200
vt 0.7960 0.9386
vn 0.0000 1.0000 0.0000
v 1.7500 2.1700 -0.4200
vt 0.7849 0.9386
vn 0.0000 1.0000 0.0000
v 1.7500 2.1700 -0.2800
vt 0.7849 0.9383
vn 0.0000 1.0000 0.0000
f 1457/1457/1457 1458/1458/1458 1459/1459/1459 1460/1460/1460
v 1.7500 2.0300 -0.4200
vt 0.7849 0.8373
vn 0.0000 -1.0000 -0.0000
v 3.1500 2.0300 -0.4200
vt 0.7960 0.8373
vn 0.0000 -1.0000 -0.0000
v 3.1500 2.0300 -0.2800
vt 0.7960 0.8526
vn 0.0000 -1.0000 -0.0000
v 1.7500 2.0300 -0.2800
vt 0.7849 0.8370
vn 0.0000 -1.0000 -0.0000
f 1461/1461/1461 1462/1462/1462 1463/1463/1463 1464/1464/1464
v 1.6100 0.0000 -0.4200
vt 0.7849 0.8373
vn 0.0000 -1.0000 -0.0000
v 1.7500 0.0000 -0.4200
vt 0.7960 0.8373
vn 0.0000 -1.0000 -0.0000
v 1.7500 0.0000 -0.2800
vt 0.7960 0.8526
vn 0.0000 -1.0000 -0.0000
v 1.6100 0.0000 -0.2800
vt 0.7849 0.8370
vn 0.0000 -1.0000 -0.0000
f 1465/1465/1465 1466/1466/1466 1467/1467/1467 1468/1468/1468
v 3.1500 0.0000 -0.4200
vt 0.7849 0.8373
vn 0.0000 -1.0000 -0.0000
v 3.2900 0.0000 -0.4200
vt 0.7960 0.8373
vn 0.0000 -1.0000 -0.0000
v 3.2900 0.0000 -0.2800
vt 0.7960 0.8526
vn 0.0000 -1.0000 -0.0000
v 3.1500 0.0000 -0.2800
vt 0.7849 0.8370
vn 0.0000 -1.0000 -0.0000
f 1469/1469/1469 1470/1470/1470 1471/1471/1471 1472/1472/1472
v 1.7500 0.6300 -0.4200
vt 0.7849 0.8529
vn -0.0000 0.0000 -1.0000
v 1.7500 0.7700 -0.4200
vt 0.7849 0.9073
vn -0.0000 0.0000 -1.0000
v 3.1500 0.7700 -0.4200
vt 0.7960 0.9073
vn -0.0000 0.0000 -1.0000
v 3.1500 0.6300 -0.4200
vt 0.7960 0.8529
vn -0.0000 0.0000 -1.0000
f 1473/1473/1473 1474/1474/1474 1475/1475/1475 1476/1476/1476
v 3.1500 0.6300 -0.2800
vt 0.7960 0.8526
vn 0.0000 0.0000 1.0000
v 3.1500 0.7700 -0.2800
vt 0.7960 0.9070
vn 0.0000 0.0000 1.0000
v 1.7500 0.7700 -0.2800
vt 0.7849 0.9070
vn 0.0000 0.0000 1.0000
v 1.7500 0.6300 -0.2800
vt 0.7849 0.8526
vn 0.0000 0.0000 1.0000
f 1477/1477/1477 1478/1478/1478 1479/1479/1479 1480/1480/1480
v 3.1500 0.7700 -0.2800
vt 0.7960 0.9383
vn 0.0000 1.0000 0.0000
v 3.1500 0.7700 -0.4200
vt 0.7960 0.9386
vn 0.0000 1.0000 0.0000
v 1.7500 0.7700 -0.4200
vt 0.7849 0.9386
vn 0.0000 1.0000 0.0000
v 1.7500 0.7700 -0.2800
vt 0.7849 0.9383
vn 0.0000 1.0000 0.0000
f 1481/1481/1481 1482/1482/1482 1483/1483/1483 1484/1484/1484
v 1.7500 0.6300 -0.4200
vt 0.7849 0.8373
vn 0.0000 -1.0000 -0.0000
v 3.1500 0.6300 -0.4200
vt 0.7960 0.8373
vn 0.0000 -1.0000 -0.0000
v 3.1500 0.6300 -0.2800
vt 0.7960 0.8526
vn 0.0000 -1.0000 -0.0000
v 1.7500 0.6300 -0.2800
vt 0.7849 0.8370
vn 0.0000 -1.0000 -0.0000
f 1485/1485/1485 1486/1486/1486 1487/1487/1487 1488/1488/1488
v 0.5769 1.3300 3.1006
vt 0.7849 0.8529
vn -0.5000 0.0000 -0.8660
v 0.5769 1.4700 3.1006
vt 0.7849 0.9073
vn -0.5000 0.0000 -0.8660
v 2.1531 1.4700 2.1906
vt 0.7960 0.9073
vn -0.5000 0.0000 -0.8660
v 2.1531 1.3300 2.1906
vt 0.7960 0.8529
vn -0.5000 0.0000 -0.8660
f 1489/1489/1489 1490/1490/1490 1491/1491/1491 1492/1492/1492
v 2.1531 1.3300 2.1906
vt 0.7960 0.8373
vn 0.8660 0.0000 -0.5000
v 2.1531 1.4700 2.1906
vt 0.7960 0.8917
vn 0.8660 0.0000 -0.5000
v 2.2231 1.4700 2.3118
vt 0.7960 0.8914
vn 0.8660 0.0000 -0.5000
v 2.2231 1.3300 2.3118
vt 0.7960 0.8370
vn 0.8660 0.0000 -0.5000
f 1493/1493/1493 1494/1494/1494 1495/1495/1495 1496/1496/1496
v 2.2231 1.3300 2.3118
vt 0.7960 0.8526
vn 0.5000 0.0000 0.8660
v 2.2231 1.4700 2.3118
vt 0.7960 0.9070
vn 0.5000 0.0000 0.8660
v 0.6469 1.4700 3.2218
vt 0.7849 0.9070
vn 0.5000 0.0000 0.8660
v 0.6469 1.3300 3.2218
vt 0.7849 0.8526
vn 0.5000 0.0000 0.8660
f 1497/1497/1497 1498/1498/1498 1499/1499/1499 1500/1500/1500
v 0.6469 1.3300 3.2218
vt 0.7849 0.8370
vn -0.8660 0.0000 0.5000
v 0.6469 1.4700 3.2218
vt 0.7849 0.8914
vn -0.8660 0.0000 0.5000
v 0.5769 1.4700 3.1006
vt 0.7849 0.8917
vn -0.8660 0.0000 0.5000
v 0.5769 1.3300 3.1006
vt 0.7849 0.8373
vn -0.8660 0.0000 0.5000
f 1501/1501/1501 1502/1502/1502 1503/1503/1503 1504/1504/1504
v 2.2231 1.4700 2.3118
vt 0.7960 0.9383
vn 0.0000 1.0000 0.0000
v 2.1531 1.4700 2.1906
vt 0.7960 0.9386
vn 0.0000 1.0000 0.0000
v 0.5769 1.4700 3.1006
vt 0.7849 0.9386
vn 0.0000 1.0000 0.0000
v 0.6469 1.4700 3.2218
vt 0.7849 0.9383
vn 0.0000 1.0000 0.0000
f 1505/1505/1505 1506/1506/1506 1507/1507/1507 1508/1508/1508
v 0.2269 1.3300 2.4944
vt 0.7849 0.8529
vn -0.5000 0.0000 -0.8660
v 0.2269 1.4700 2.4944
vt 0.7849 0.9073
vn -0.5000 0.0000 -0.8660
v 1.8031 1.4700 1.5844
vt 0.7960 0.9073
vn -0.5000 0.0000 -0.8660
v 1.8031 1.3300 1.5844
vt 0.7960 0.8529
vn -0.5000 0.0000 -0.8660
f 1509/1509/1509 1510/1510/1510 1511/1511/1511 1512/1512/1512
v 1.8031 1.3300 1.5844
vt 0.7960 0.8373
vn 0.8660 0.0000 -0.5000
v 1.8031 1.4700 1.5844
vt 0.7960 0.8917
vn 0.8660 0.0000 -0.5000
v 1.8731 1.4700 1.7056
vt 0.7960 0.8914
vn 0.8660 0.0000 -0.5000
v 1.8731 1.3300 1.7056
vt 0.7960 0.8370
vn 0.8660 0.0000 -0.5000
f 1513/1513/1513 1514/1514/1514 1515/1515/1515 1516/1516/1516
v 1.8731 1.3300 1.7056
vt 0.7960 0.8526
vn 0.5000 0.0000 0.8660
v 1.8731 1.4700 1.7056
vt 0.7960 0.9070
vn 0.5000 0.0000 0.8660
v 0.2969 1.4700 2.6156
vt 0.7849 0.9070
vn 0.5000 0.0000 0.8660
v 0.2969 1.3300 2.6156
vt 0.7849 0.8526
vn 0.5000 0.0000 0.8660
f 1517/1517/1517 1518/1518/1518 1519/1519/1519 1520/1520/1520
v 0.2969 1.3300 2.6156
vt 0.7849 0.8370
vn -0.8660 0.0000 0.5000
v 0.2969 1.4700 2.6156
vt 0.7849 0.8914
vn -0.8660 0.0000 0.5000
v 0.2269 1.4700 2.4944
vt 0.7849 0.8917
vn -0.8660 0.0000 0.5000
v 0.2269 1.3300 2.4944
vt 0.7849 0.8373
vn -0.8660 0.0000 0.5000
f 1521/1521/1521 1522/1522/1522 1523/1523/1523 1524/1524/1524
v 1.8731 1.4700 1.7056
vt 0.7960 0.9383
vn 0.0000 1.0000 0.0000
v 1.8031 1.4700 1.5844
vt 0.7960 0.9386
vn 0.0000 1.0000 0.0000
v 0.2269 1.4700 2.4944
vt 0.7849 0.9386
vn 0.0000 1.0000 0.0000
v 0.2969 1.4700 2.6156
vt 0.7849 0.9383
vn 0.0000 1.0000 0.0000
f 1525/1525/1525 1526/1526/1526 1527/1527/1527 1528/1528/1528
v 0.5769 1.3300 3.1006
vt 0.7849 0.8098
vn 0.0000 -1.0000 -0.0000
v 2.1531 1.3300 2.1906
vt 0.7960 0.8098
vn 0.0000 -1.0000 -0.0000
v 2.2231 1.3300 2.3118
vt 0.7960 0.8098
vn 0.0000 -1.0000 -0.0000
v 0.6469 1.3300 3.2218
vt 0.7849 0.8098
vn 0.0000 -1.0000 -0.0000
f 1529/1529/1529 1530/1530/1530 1531/1531/1531 1532/1532/1532
v 0.2269 1.3300 2.4944
vt 0.7849 0.8098
vn 0.0000 -1.0000 -0.0000
v 1.8031 1.3300 1.5844
vt 0.7960 0.8098
vn 0.0000 -1.0000 -0.0000
v 1.8731 1.3300 1.7056
vt 0.7960 0.8098
vn 0.0000 -1.0000 -0.0000
v 0.2969 1.3300 2.6156
vt 0.7849 0.8098
vn 0.0000 -1.0000 -0.0000
f 1533/1533/1533 1534/1534/1534 1535/1535/1535 1536/1536/1536
v 2.0331 1.4700 2.5428
vt 0.7960 0.8526
vn -0.8660 0.0000 0.5000
v 2.0331 1.5400 2.5428
vt 0.7960 0.9070
vn -0.8660 0.0000 0.5000
v 1.5081 1.5400 1.6334
vt 0.7849 0.9070
vn -0.8660 0.0000 0.5000
v 1.5081 1.4700 1.6334
vt 0.7849 0.8526
vn -0.8660 0.0000 0.5000
f 1537/1537/1537 1538/1538/1538 1539/1539/1539 1540/1540/1540
v 2.2756 1.4700 2.4028
vt 0.7960 0.8373
vn 0.5000 0.0000 0.8660
v 2.2756 1.5400 2.4028
vt 0.7960 0.8917
vn 0.5000 0.0000 0.8660
v 2.0331 1.5400 2.5428
vt 0.7960 0.8914
vn 0.5000 0.0000 0.8660
v 2.0331 1.4700 2.5428
vt 0.7960 0.8370
vn 0.5000 0.0000 0.8660
f 1541/1541/1541 1542/1542/1542 1543/1543/1543 1544/1544/1544
v 2.0331 1.5400 2.5428
vt 0.7960 0.9383
vn 0.0000 1.0000 0.0000
v 2.2756 1.5400 2.4028
vt 0.7960 0.9386
vn 0.0000 1.0000 0.0000
v 1.7506 1.5400 1.4934
vt 0.7849 0.9386
vn 0.0000 1.0000 0.0000
v 1.5081 1.5400 1.6334
vt 0.7849 0.9383
vn 0.0000 1.0000 0.0000
f 1545/1545/1545 1546/1546/1546 1547/1547/1547 1548/1548/1548
v 1.5081 1.4700 1.6334
vt 0.7849 0.8370
vn -0.5000 0.0000 -0.8660
v 1.5081 1.5400 1.6334
vt 0.7849 0.8914
vn -0.5000 0.0000 -0.8660
v 1.7506 1.5400 1.4934
vt 0.7849 0.8917
vn -0.5000 0.0000 -0.8660
v 1.7506 1.4700 1.4934
vt 0.7849 0.8373
vn -0.5000 0.0000 -0.8660
f 1549/1549/1549 1550/1550/1550 1551/1551/1551 1552/1552/1552
v 1.7506 1.4700 1.4934
vt 0.7849 0.8529
vn 0.8660 0.0000 -0.5000
v 1.7506 1.5400 1.4934
vt 0.7849 0.9073
vn 0.8660 0.0000 -0.5000
v 2.2756 1.5400 2.4028
vt 0.7960 0.9073
vn 0.8660 0.0000 -0.5000
v 2.2756 1.4700 2.4028
vt 0.7960 0.8529
vn 0.8660 0.0000 -0.5000
f 1553/1553/1553 1554/1554/1554 1555/1555/1555 1556/1556/1556
v 1.5081 1.4700 1.6334
vt 0.7849 0.8150
vn 0.0000 -1.0000 -0.0000
v 1.7506 1.4700 1.4934
vt 0.7849 0.8150
vn 0.0000 -1.0000 -0.0000
v 2.2756 1.4700 2.4028
vt 0.7960 0.8150
vn 0.0000 -1.0000 -0.0000
v 2.0331 1.4700 2.5428
vt 0.7960 0.8150
vn 0.0000 -1.0000 -0.0000
f 1557/1557/1557 1558/1558/1558 1559/1559/1559 1560/1560/1560
v 1.6997 1.4700 2.7353
vt 0.7960 0.8526
vn -0.8660 0.0000 0.5000
v 1.6997 1.5400 2.7353
vt 0.7960 0.9070
vn -0.8660 0.0000 0.5000
v 1.1747 1.5400 1.8259
vt 0.7849 0.9070
vn -0.8660 0.0000 0.5000
v 1.1747 1.4700 1.8259
vt 0.7849 0.8526
vn -0.8660 0.0000 0.5000
f 1561/1561/1561 1562/1562/1562 1563/1563/1563 1564/1564/1564
v 1.9422 1.4700 2.5953
vt 0.7960 0.8373
vn 0.5000 0.0000 0.8660
v 1.9422 1.5400 2.5953
vt 0.7960 0.8917
vn 0.5000 0.0000 0.8660
v 1.6997 1.5400 2.7353
vt 0.7960 0.8914
vn 0.5000 0.0000 0.8660
v 1.6997 1.4700 2.7353
vt 0.7960 0.8370
vn 0.5000 0.0000 0.8660
f 1565/1565/1565 1566/1566/1566 1567/1567/1567 1568/1568/1568
v 1.6997 1.5400 2.7353
vt 0.7960 0.9383
vn 0.0000 1.0000 0.0000
v 1.9422 1.5400 2.5953
vt 0.7960 0.9386
vn 0.0000 1.0000 0.0000
v 1.4172 1.5400 1.6859
vt 0.7849 0.9386
vn 0.0000 1.0000 0.0000
v 1.1747 1.5400 1.8259
vt 0.7849 0.9383
vn 0.0000 1.0000 0.0000
f 1569/1569/1569 1570/1570/1570 1571/1571/1571 1572/1572/1572
v 1.1747 1.4700 1.8259
vt 0.7849 0.8370
vn -0.5000 0.0000 -0.8660
v 1.1747 1.5400 1.8259
vt 0.7849 0.8914
vn -0.5000 0.0000 -0.8660
v 1.4172 1.5400 1.6859
vt 0.7849 0.8917
vn -0.5000 0.0000 -0.8660
v 1.4172 1.4700 1.6859
vt 0.7849 0.8373
vn -0.5000 0.0000 -0.8660
f 1573/1573/1573 1574/1574/1574 1575/1575/1575 1576/1576/1576
v 1.4172 1.4700 1.6859
vt 0.7849 0.8529
vn 0.8660 0.0000 -0.5000
v 1.4172 1.5400 1.6859
vt 0.7849 0.9073
vn 0.8660 0.0000 -0.5000
v 1.9422 1.5400 2.5953
vt 0.7960 0.9073
vn 0.8660 0.0000 -0.5000
v 1.9422 1.4700 2.5953
vt 0.7960 0.8529
vn 0.8660 0.0000 -0.5000
f 1577/1577/1577 1578/1578/1578 1579/1579/1579 1580/1580/1580
v 1.1747 1.4700 1.8259
vt 0.7849 0.8150
vn 0.0000 -1.0000 -0.0000
v 1.4172 1.4700 1.6859
vt 0.7849 0.8150
vn 0.0000 -1.0000 -0.0000
v 1.9422 1.4700 2.5953
vt 0.7960 0.8150
vn 0.0000 -1.0000 -0.0000
v 1.6997 1.4700 2.7353
vt 0.7960 0.8150
vn 0.0000 -1.0000 -0.0000
f 1581/1581/1581 1582/1582/1582 1583/1583/1583 1584/1584/1584
v 1.3663 1.4700 2.9278
vt 0.7960 0.8526
vn -0.8660 0.0000 0.5000
v 1.3663 1.5400 2.9278
vt 0.7960 0.9070
vn -0.8660 0.0000 0.5000
v 0.8413 1.5400 2.0184
vt 0.7849 0.9070
vn -0.8660 0.0000 0.5000
v 0.8413 1.4700 2.0184
vt 0.7849 0.8526
vn -0.8660 0.0000 0.5000
f 1585/1585/1585 1586/1586/1586 1587/1587/1587 1588/1588/1588
v 1.6087 1.4700 2.7878
vt 0.7960 0.8373
vn 0.5000 0.0000 0.8660
v 1.6087 1.5400 2.7878
vt 0.7960 0.8917
vn 0.5000 0.0000 0.8660
v 1.3663 1.5400 2.9278
vt 0.7960 0.8914
vn 0.5000 0.0000 0.8660
v 1.3663 1.4700 2.9278
vt 0.7960 0.8370
vn 0.5000 0.0000 0.8660
f 1589/1589/1589 1590/1590/1590 1591/1591/1591 1592/1592/1592
v 1.3663 1.5400 2.9278
vt 0.7960 0.9383
vn 0.0000 1.0000 0.0000
v 1.6087 1.5400 2.7878
vt 0.7960 0.9386
vn 0.0000 1.0000 0.0000
v 1.0837 1.5400 1.8784
vt 0.7849 0.9386
vn 0.0000 1.0000 0.0000
v 0.8413 1.5400 2.0184
vt 0.7849 0.9383
vn 0.0000 1.0000 0.0000
f 1593/1593/1593 1594/1594/1594 1595/1595/1595 1596/1596/1596
v 0.8413 1.4700 2.0184
vt 0.7849 0.8370
vn -0.5000 0.0000 -0.8660
v 0.8413 1.5400 2.0184
vt 0.7849 0.8914
vn -0.5000 0.0000 -0.8660
v 1.0837 1.5400 1.8784
vt 0.7849 0.8917
vn -0.5000 0.0000 -0.8660
v 1.0837 1.4700 1.8784
vt 0.7849 0.8373
vn -0.5000 0.0000 -0.8660
f 1597/1597/1597 1598/1598/1598 1599/1599/1599 1600/1600/1600
v 1.0837 1.4700 1.8784
vt 0.7849 0.8529
vn 0.8660 0.0000 -0.5000
v 1.0837 1.5400 1.8784
vt 0.7849 0.9073
vn 0.8660 0.0000 -0.5000
v 1.6087 1.5400 2.7878
vt 0.7960 0.9073
vn 0.8660 0.0000 -0.5000
v 1.6087 1.4700 2.7878
vt 0.7960 0.8529
vn 0.8660 0.0000 -0.5000
f 1601/1601/1601 1602/1602/1602 1603/1603/1603 1604/1604/1604
v 0.8413 1.4700 2.0184
vt 0.7849 0.8150
vn 0.0000 -1.0000 -0.0000
v 1.0837 1.4700 1.8784
vt 0.7849 0.8150
vn 0.0000 -1.0000 -0.0000
v 1.6087 1.4700 2.7878
vt 0.7960 0.8150
vn 0.0000 -1.0000 -0.0000
v 1.3663 1.4700 2.9278
vt 0.7960 0.8150
vn 0.0000 -1.0000 -0.0000
f 1605/1605/1605 1606/1606/1606 1607/1607/1607 1608/1608/1608
v 1.0328 1.4700 3.1203
vt 0.7960 0.8526
vn -0.8660 0.0000 0.5000
v 1.0328 1.5400 3.1203
vt 0.7960 0.9070
vn -0.8660 0.0000 0.5000
v 0.5078 1.5400 2.2109
vt 0.7849 0.9070
vn -0.8660 0.0000 0.5000
v 0.5078 1.4700 2.2109
vt 0.7849 0.8526
vn -0.8660 0.0000 0.5000
f 1609/1609/1609 1610/1610/1610 1611/1611/1611 1612/1612/1612
v 1.2753 1.4700 2.9803
vt 0.7960 0.8373
vn 0.5000 0.0000 0.8660
v 1.2753 1.5400 2.9803
vt 0.7960 0.8917
vn 0.5000 0.0000 0.8660
v 1.0328 1.5400 3.1203
vt 0.7960 0.8914
vn 0.5000 0.0000 0.8660
v 1.0328 1.4700 3.1203
vt 0.7960 0.8370
vn 0.5000 0.0000 0.8660
f 1613/1613/1613 1614/1614/1614 1615/1615/1615 1616/1616/1616
v 1.0328 1.5400 3.1203
vt 0.7960 0.9383
vn 0.0000 1.0000 0.0000
v 1.2753 1.5400 2.9803
vt 0.7960 0.9386
vn 0.0000 1.0000 0.0000
v 0.7503 1.5400 2.0709
vt 0.7849 0.9386
vn 0.0000 1.0000 0.0000
v 0.5078 1.5400 2.2109
vt 0.7849 0.9383
vn 0.0000 1.0000 0.0000
f 1617/1617/1617 1618/1618/1618 1619/1619/1619 1620/1620/1620
v 0.5078 1.4700 2.2109
vt 0.7849 0.8370
vn -0.5000 0.0000 -0.8660
v 0.5078 1.5400 2.2109
vt 0.7849 0.8914
vn -0.5000 0.0000 -0.8660
v 0.7503 1.5400 2.0709
vt 0.7849 0.8917
vn -0.5000 0.0000 -0.8660
v 0.7503 1.4700 2.0709
vt 0.7849 0.8373
vn -0.5000 0.0000 -0.8660
f 1621/1621/1621 1622/1622/1622 1623/1623/1623 1624/1624/1624
v 0.7503 1.4700 2.0709
vt 0.7849 0.8529
vn 0.8660 0.0000 -0.5000
v 0.7503 1.5400 2.0709
vt 0.7849 0.9073
vn 0.8660 0.0000 -0.5000
v 1.2753 1.5400 2.9803
vt 0.7960 0.9073
vn 0.8660 0.0000 -0.5000
v 1.2753 1.4700 2.9803
vt 0.7960 0.8529
vn 0.8660 0.0000 -0.5000
f 1625/1625/1625 1626/1626/1626 1627/1627/1627 1628/1628/1628
v 0.5078 1.4700 2.2109
vt 0.7849 0.8150
vn 0.0000 -1.0000 -0.0000
v 0.7503 1.4700 2.0709
vt 0.7849 0.8150
vn 0.0000 -1.0000 -0.0000
v 1.2753 1.4700 2.9803
vt 0.7960 0.8150
vn 0.0000 -1.0000 -0.0000
v 1.0328 1.4700 3.1203
vt 0.7960 0.8150
vn 0.0000 -1.0000 -0.0000
f 1629/1629/1629 1630/1630/1630 1631/1631/1631 1632/1632/1632
v 0.6994 1.4700 3.3128
vt 0.7960 0.8526
vn -0.8660 0.0000 0.5000
v 0.6994 1.5400 3.3128
vt 0.7960 0.9070
vn -0.8660 0.0000 0.5000
v 0.1744 1.5400 2.4034
vt 0.7849 0.9070
vn -0.8660 0.0000 0.5000
v 0.1744 1.4700 2.4034
vt 0.7849 0.8526
vn -0.8660 0.0000 0.5000
f 1633/1633/1633 1634/1634/1634 1635/1635/1635 1636/1636/1636
v 0.9419 1.4700 3.1728
vt 0.7960 0.8373
vn 0.5000 0.0000 0.8660
v 0.9419 1.5400 3.1728
vt 0.7960 0.8917
vn 0.5000 0.0000 0.8660
v 0.6994 1.5400 3.3128
vt 0.7960 0.8914
vn 0.5000 0.0000 0.8660
v 0.6994 1.4700 3.3128
vt 0.7960 0.8370
vn 0.5000 0.0000 0.8660
f 1637/1637/1637 1638/1638/1638 1639/1639/1639 1640/1640/1640
v 0.6994 1.5400 3.3128
vt 0.7960 0.9383
vn 0.0000 1.0000 0.0000
v 0.9419 1.5400 3.1728
vt 0.7960 0.9386
vn 0.0000 1.0000 0.0000
v 0.4169 1.5400 2.2634
vt 0.7849 0.9386
vn 0.0000 1.0000 0.0000
v 0.1744 1.5400 2.4034
vt 0.7849 0.9383
vn 0.0000 1.0000 0.0000
f 1641/1641/1641 1642/1642/1642 1643/1643/1643 1644/1644/1644
v 0.1744 1.4700 2.4034
vt 0.7849 0.8370
vn -0.5000 0.0000 -0.8660
v 0.1744 1.5400 2.4034
vt 0.7849 0.8914
vn -0.5000 0.0000 -0.8660
v 0.4169 1.5400 2.2634
vt 0.7849 0.8917
vn -0.5000 0.0000 -0.8660
v 0.4169 1.4700 2.2634
vt 0.7849 0.8373
vn -0.5000 0.0000 -0.8660
f 1645/1645/1645 1646/1646/1646 1647/1647/1647 1648/1648/1648
v 0.4169 1.4700 2.2634
vt 0.7849 0.8529
vn 0.8660 0.0000 -0.5000
v 0.4169 1.5400 2.2634
vt 0.7849 0.9073
vn 0.8660 0.0000 -0.5000
v 0.9419 1.5400 3.1728
vt 0.7960 0.9073
vn 0.8660 0.0000 -0.5000
v 0.9419 1.4700 3.1728
vt 0.7960 0.8529
vn 0.8660 0.0000 -0.5000
f 1649/1649/1649 1650/1650/1650 1651/1651/1651 1652/1652/1652
v 0.1744 1.4700 2.4034
vt 0.7849 0.8150
vn 0.0000 -1.0000 -0.0000
v 0.4169 1.4700 2.2634
vt 0.7849 0.8150
vn 0.0000 -1.0000 -0.0000
v 0.9419 1.4700 3.1728
vt 0.7960 0.8150
vn 0.0000 -1.0000 -0.0000
v 0.6994 1.4700 3.3128
vt 0.7960 0.8150
vn 0.0000 -1.0000 -0.0000
f 1653/1653/1653 1654/1654/1654 1655/1655/1655 1656/1656/1656
v 0.4788 0.0000 2.5106
vt 0.7849 0.8529
vn 0.5000 0.0000 0.8660
v 0.4788 1.3300 2.5106
vt 0.7849 0.9073
vn 0.5000 0.0000 0.8660
v 0.3575 1.3300 2.5806
vt 0.7960 0.9073
vn 0.5000 0.0000 0.8660
v 0.3575 0.0000 2.5806
vt 0.7960 0.8529
vn 0.5000 0.0000 0.8660
f 1657/1657/1657 1658/1658/1658 1659/1659/1659 1660/1660/1660
v 0.3575 0.0000 2.5806
vt 0.7960 0.8373
vn -0.8660 0.0000 0.5000
v 0.3575 1.3300 2.5806
vt 0.7960 0.8917
vn -0.8660 0.0000 0.5000
v 0.2875 1.3300 2.4594
vt 0.7960 0.8914
vn -0.8660 0.0000 0.5000
v 0.2875 0.0000 2.4594
vt 0.7960 0.8370
vn -0.8660 0.0000 0.5000
f 1661/1661/1661 1662/1662/1662 1663/1663/1663 1664/1664/1664
v 0.2875 0.0000 2.4594
vt 0.7960 0.8526
vn -0.5000 0.0000 -0.8660
v 0.2875 1.3300 2.4594
vt 0.7960 0.9070
vn -0.5000 0.0000 -0.8660
v 0.4088 1.3300 2.3894
vt 0.7849 0.9070
vn -0.5000 0.0000 -0.8660
v 0.4088 0.0000 2.3894
vt 0.7849 0.8526
vn -0.5000 0.0000 -0.8660
f 1665/1665/1665 1666/1666/1666 1667/1667/1667 1668/1668/1668
v 0.4088 0.0000 2.3894
vt 0.7849 0.8370
vn 0.8660 0.0000 -0.5000
v 0.4088 1.3300 2.3894
vt 0.7849 0.8914
vn 0.8660 0.0000 -0.5000
v 0.4788 1.3300 2.5106
vt 0.7849 0.8917
vn 0.8660 0.0000 -0.5000
v 0.4788 0.0000 2.5106
vt 0.7849 0.8373
vn 0.8660 0.0000 -0.5000
f 1669/1669/1669 1670/1670/1670 1671/1671/1671 1672/1672/1672
v 0.8288 0.0000 3.1168
vt 0.7849 0.8529
vn 0.5000 0.0000 0.8660
v 0.8288 1.3300 3.1168
vt 0.7849 0.9073
vn 0.5000 0.0000 0.8660
v 0.7075 1.3300 3.1868
vt 0.7960 0.9073
vn 0.5000 0.0000 0.8660
v 0.7075 0.0000 3.1868
vt 0.7960 0.8529
vn 0.5000 0.0000 0.8660
f 1673/1673/1673 1674/1674/1674 1675/1675/1675 1676/1676/1676
v 0.7075 0.0000 3.1868
vt 0.7960 0.8373
vn -0.8660 0.0000 0.5000
v 0.7075 1.3300 3.1868
vt 0.7960 0.8917
vn -0.8660 0.0000 0.5000
v 0.6375 1.3300 3.0656
vt 0.7960 0.8914
vn -0.8660 0.0000 0.5000
v 0.6375 0.0000 3.0656
vt 0.7960 0.8370
vn -0.8660 0.0000 0.5000
f 1677/1677/1677 1678/1678/1678 1679/1679/1679 1680/1680/1680
v 0.6375 0.0000 3.0656
vt 0.7960 0.8526
vn -0.5000 0.0000 -0.8660
v 0.6375 1.3300 3.0656
vt 0.7960 0.9070
vn -0.5000 0.0000 -0.8660
v 0.7588 1.3300 2.9956
vt 0.7849 0.9070
vn -0.5000 0.0000 -0.8660
v 0.7588 0.0000 2.9956
vt 0.7849 0.8526
vn -0.5000 0.0000 -0.8660
f 1681/1681/1681 1682/1682/1682 1683/1683/1683 1684/1684/1684
v 0.7588 0.0000 2.9956
vt 0.7849 0.8370
vn 0.8660 0.0000 -0.5000
v 0.7588 1.3300 2.9956
vt 0.7849 0.8914
vn 0.8660 0.0000 -0.5000
v 0.8288 1.3300 3.1168
vt 0.7849 0.8917
vn 0.8660 0.0000 -0.5000
v 0.8288 0.0000 3.1168
vt 0.7849 0.8373
vn 0.8660 0.0000 -0.5000
f 1685/1685/1685 1686/1686/1686 1687/1687/1687 1688/1688/1688
v 1.8125 0.0000 1.7406
vt 0.7849 0.8529
vn 0.5000 0.0000 0.8660
v 1.8125 1.3300 1.7406
vt 0.7849 0.9073
vn 0.5000 0.0000 0.8660
v 1.6912 1.3300 1.8106
vt 0.7960 0.9073
vn 0.5000 0.0000 0.8660
v 1.6912 0.0000 1.8106
vt 0.7960 0.8529
vn 0.5000 0.0000 0.8660
f 1689/1689/1689 1690/1690/1690 1691/1691/1691 1692/1692/1692
v 1.6912 0.0000 1.8106
vt 0.7960 0.8373
vn -0.8660 0.0000 0.5000
v 1.6912 1.3300 1.8106
vt 0.7960 0.8917
vn -0.8660 0.0000 0.5000
v 1.6212 1.3300 1.6894
vt 0.7960 0.8914
vn -0.8660 0.0000 0.5000
v 1.6212 0.0000 1.6894
vt 0.7960 0.8370
vn -0.8660 0.0000 0.5000
f 1693/1693/1693 1694/1694/1694 1695/1695/1695 1696/1696/1696
v 1.6212 0.0000 1.6894
vt 0.7960 0.8526
vn -0.5000 0.0000 -0.8660
v 1.6212 1.3300 1.6894
vt 0.7960 0.9070
vn -0.5000 0.0000 -0.8660
v 1.7425 1.3300 1.6194
vt 0.7849 0.9070
vn -0.5000 0.0000 -0.8660
v 1.7425 0.0000 1.6194
vt 0.7849 0.8526
vn -0.5000 0.0000 -0.8660
f 1697/1697/1697 1698/1698/1698 1699/1699/1699 1700/1700/1700
v 1.7425 0.0000 1.6194
vt 0.7849 0.8370
vn 0.8660 0.0000 -0.5000
v 1.7425 1.3300 1.6194
vt 0.7849 0.8914
vn 0.8660 0.0000 -0.5000
v 1.8125 1.3300 1.7406
vt 0.7849 0.8917
vn 0.8660 0.0000 -0.5000
v 1.8125 0.0000 1.7406
vt 0.7849 0.8373
vn 0.8660 0.0000 -0.5000
f 1701/1701/1701 1702/1702/1702 1703/1703/1703 1704/1704/1704
v 2.1625 0.0000 2.3468
vt 0.7849 0.8529
vn 0.5000 0.0000 0.8660
v 2.1625 1.3300 2.3468
vt 0.7849 0.9073
vn 0.5000 0.0000 0.8660
v 2.0412 1.3300 2.4168
vt 0.7960 0.9073
vn 0.5000 0.0000 0.8660
v 2.0412 0.0000 2.4168
vt 0.7960 0.8529
vn 0.5000 0.0000 0.8660
f 1705/1705/1705 1706/1706/1706 1707/1707/1707 1708/1708/1708
v 2.0412 0.0000 2.4168
vt 0.7960 0.8373
vn -0.8660 0.0000 0.5000
v 2.0412 1.3300 2.4168
vt 0.7960 0.8917
vn -0.8660 0.0000 0.5000
v 1.9712 1.3300 2.2956
vt 0.7960 0.8914
vn -0.8660 0.0000 0.5000
v 1.9712 0.0000 2.2956
vt 0.7960 0.8370
vn -0.8660 0.0000 0.5000
f 1709/1709/1709 1710/1710/1710 1711/1711/1711 1712/1712/1712
v 1.9712 0.0000 2.2956
vt 0.7960 0.8526
vn -0.5000 0.0000 -0.8660
v 1.9712 1.3300 2.2956
vt 0.7960 0.9070
vn -0.5000 0.0000 -0.8660
v 2.0925 1.3300 2.2256
vt 0.7849 0.9070
vn -0.5000 0.0000 -0.8660
v 2.0925 0.0000 2.2256
vt 0.7849 0.8526
vn -0.5000 0.0000 -0.8660
f 1713/1713/1713 1714/1714/1714 1715/1715/1715 1716/1716/1716
v 2.0925 0.0000 2.2256
vt 0.7849 0.8370
vn 0.8660 0.0000 -0.5000
v 2.0925 1.3300 2.2256
vt 0.7849 0.8914
vn 0.8660 0.0000 -0.5000
v 2.1625 1.3300 2.3468
vt 0.7849 0.8917
vn 0.8660 0.0000 -0.5000
v 2.1625 0.0000 2.3468
vt 0.7849 0.8373
vn 0.8660 0.0000 -0.5000
f 1717/1717/1717 1718/1718/1718 1719/1719/1719 1720/1720/1720
v 1.8125 0.0000 1.7406
vt 0.7849 0.8373
vn 0.0000 -1.0000 -0.0000
v 1.6912 0.0000 1.8106
vt 0.7960 0.8373
vn 0.0000 -1.0000 -0.0000
v 1.6212 0.0000 1.6894
vt 0.7960 0.8526
vn 0.0000 -1.0000 -0.0000
v 1.7425 0.0000 1.6194
vt 0.7849 0.8370
vn 0.0000 -1.0000 -0.0000
f 1721/1721/1721 1722/1722/1722 1723/1723/1723 1724/1724/1724
v 0.4788 0.0000 2.5106
vt 0.7849 0.8373
vn 0.0000 -1.0000 -0.0000
v 0.3575 0.0000 2.5806
vt 0.7960 0.8373
vn 0.0000 -1.0000 -0.0000
v 0.2875 0.0000 2.4594
vt 0.7960 0.8526
vn 0.0000 -1.0000 -0.0000
v 0.4088 0.0000 2.3894
vt 0.7849 0.8370
vn 0.0000 -1.0000 -0.0000
f 1725/1725/1725 1726/1726/1726 1727/1727/1727 1728/1728/1728
v 0.8288 0.0000 3.1168
vt 0.7849 0.8373
vn 0.0000 -1.0000 -0.0000
v 0.7075 0.0000 3.1868
vt 0.7960 0.8373
vn 0.0000 -1.0000 -0.0000
v 0.6375 0.0000 3.0656
vt 0.7960 0.8526
vn 0.0000 -1.0000 -0.0000
v 0.7588 0.0000 2.9956
vt 0.7849 0.8370
vn 0.0000 -1.0000 -0.0000
f 1729/1729/1729 1730/1730/1730 1731/1731/1731 1732/1732/1732
v 2.1625 0.0000 2.3468
vt 0.7849 0.8373
vn 0.0000 -1.0000 -0.0000
v 2.0412 0.0000 2.4168
vt 0.7960 0.8373
vn 0.0000 -1.0000 -0.0000
v 1.9712 0.0000 2.2956
vt 0.7960 0.8526
vn 0.0000 -1.0000 -0.0000
v 2.0925 0.0000 2.2256
vt 0.7849 0.8370
vn 0.0000 -1.0000 -0.0000
f 1733/1733/1733 1734/1734/1734 1735/1735/1735 1736/1736/1736
v 1.6912 0.6300 1.8106
vt 0.7849 0.8529
vn 0.5000 0.0000 0.8660
v 1.6912 0.7700 1.8106
vt 0.7849 0.9073
vn 0.5000 0.0000 0.8660
v 0.4788 0.7700 2.5106
vt 0.7960 0.9073
vn 0.5000 0.0000 0.8660
v 0.4788 0.6300 2.5106
vt 0.7960 0.8529
vn 0.5000 0.0000 0.8660
f 1737/1737/1737 1738/1738/1738 1739/1739/1739 1740/1740/1740
v 0.4088 0.6300 2.3894
vt 0.7960 0.8526
vn -0.5000 0.0000 -0.8660
v 0.4088 0.7700 2.3894
vt 0.7960 0.9070
vn -0.5000 0.0000 -0.8660
v 1.6212 0.7700 1.6894
vt 0.7849 0.9070
vn -0.5000 0.0000 -0.8660
v 1.6212 0.6300 1.6894
vt 0.7849 0.8526
vn -0.5000 0.0000 -0.8660
f 1741/1741/1741 1742/1742/1742 1743/1743/1743 1744/1744/1744
v 0.4088 0.7700 2.3894
vt 0.7960 0.9383
vn 0.0000 1.0000 0.0000
v 0.4788 0.7700 2.5106
vt 0.7960 0.9386
vn 0.0000 1.0000 0.0000
v 1.6912 0.7700 1.8106
vt 0.7849 0.9386
vn 0.0000 1.0000 0.0000
v 1.6212 0.7700 1.6894
vt 0.7849 0.9383
vn 0.0000 1.0000 0.0000
f 1745/1745/1745 1746/1746/1746 1747/1747/1747 1748/1748/1748
v 1.6912 0.6300 1.8106
vt 0.7849 0.8373
vn 0.0000 -1.0000 -0.0000
v 0.4788 0.6300 2.5106
vt 0.7960 0.8373
vn 0.0000 -1.0000 -0.0000
v 0.4088 0.6300 2.3894
vt 0.7960 0.8526
vn 0.0000 -1.0000 -0.0000
v 1.6212 0.6300 1.6894
vt 0.7849 0.8370
vn 0.0000 -1.0000 -0.0000
f 1749/1749/1749 1750/1750/1750 1751/1751/1751 1752/1752/1752
v 2.0412 0.6300 2.4168
vt 0.7849 0.8529
vn 0.5000 0.0000 0.8660
v 2.0412 0.7700 2.4168
vt 0.7849 0.9073
vn 0.5000 0.0000 0.8660
v 0.8288 0.7700 3.1168
vt 0.7960 0.9073
vn 0.5000 0.0000 0.8660
v 0.8288 0.6300 3.1168
vt 0.7960 0.8529
vn 0.5000 0.0000 0.8660
f 1753/1753/1753 1754/1754/1754 1755/1755/1755 1756/1756/1756
v 0.7588 0.6300 2.9956
vt 0.7960 0.8526
vn -0.5000 0.0000 -0.8660
v 0.7588 0.7700 2.9956
vt 0.7960 0.9070
vn -0.5000 0.0000 -0.8660
v 1.9712 0.7700 2.2956
vt 0.7849 0.9070
vn -0.5000 0.0000 -0.8660
v 1.9712 0.6300 2.2956
vt 0.7849 0.8526
vn -0.5000 0.0000 -0.8660
f 1757/1757/1757 1758/1758/1758 1759/1759/1759 1760/1760/1760
v 0.7588 0.7700 2.9956
vt 0.7960 0.9383
vn 0.0000 1.0000 0.0000
v 0.8288 0.7700 3.1168
vt 0.7960 0.9386
vn 0.0000 1.0000 0.0000
v 2.0412 0.7700 2.4168
vt 0.7849 0.9386
vn 0.0000 1.0000 0.0000
v 1.9712 0.7700 2.2956
vt 0.7849 0.9383
vn 0.0000 1.0000 0.0000
f 1761/1761/1761 1762/1762/1762 1763/1763/1763 1764/1764/1764
v 2.0412 0.6300 2.4168
vt 0.7849 0.8373
vn 0.0000 -1.0000 -0.0000
v 0.8288 0.6300 3.1168
vt 0.7960 0.8373
vn 0.0000 -1.0000 -0.0000
v 0.7588 0.6300 2.9956
vt 0.7960 0.8526
vn 0.0000 -1.0000 -0.0000
v 1.9712 0.6300 2.2956
vt 0.7849 0.8370
vn 0.0000 -1.0000 -0.0000
f 1765/1765/1765 1766/1766/1766 1767/1767/1767 1768/1768/1768
v 0.8040 1.5260 3.0180
vt 0.7849 0.8061
vn 0.8660 0.0000 -0.5000
v 0.8040 1.9912 3.0180
vt 0.7849 0.8605
vn 0.8660 0.0000 -0.5000
v 0.8880 1.9912 3.1635
vt 0.7960 0.8605
vn 0.8660 0.0000 -0.5000
v 0.8880 1.5260 3.1635
vt 0.7960 0.8061
vn 0.8660 0.0000 -0.5000
f 1769/1769/1769 1770/1770/1770 1771/1771/1771 1772/1772/1772
v 2.1975 1.9912 2.4075
vt 0.7960 0.8914
vn 0.0000 1.0000 0.0000
v 2.1135 1.9912 2.2620
vt 0.7960 0.8917
vn 0.0000 1.0000 0.0000
v 1.9680 1.9912 2.3460
vt 0.7849 0.8917
vn 0.0000 1.0000 0.0000
v 2.0520 1.9912 2.4915
vt 0.7849 0.8914
vn 0.0000 1.0000 0.0000
f 1773/1773/1773 1774/1774/1774 1775/1775/1775 1776/1776/1776
v 2.0520 1.5260 2.4915
vt 0.7849 0.7901
vn -0.8660 0.0000 0.5000
v 2.0520 1.9912 2.4915
vt 0.7849 0.8445
vn -0.8660 0.0000 0.5000
v 1.9680 1.9912 2.3460
vt 0.7849 0.8448
vn -0.8660 0.0000 0.5000
v 1.9680 1.5260 2.3460
vt 0.7849 0.7904
vn -0.8660 0.0000 0.5000
f 1777/1777/1777 1778/1778/1778 1779/1779/1779 1780/1780/1780
v 2.1135 1.5260 2.2620
vt 0.7960 0.7904
vn 0.8660 0.0000 -0.5000
v 2.1135 1.9912 2.2620
vt 0.7960 0.8448
vn 0.8660 0.0000 -0.5000
v 2.1975 1.9912 2.4075
vt 0.7960 0.8445
vn 0.8660 0.0000 -0.5000
v 2.1975 1.5260 2.4075
vt 0.7960 0.7901
vn 0.8660 0.0000 -0.5000
f 1781/1781/1781 1782/1782/1782 1783/1783/1783 1784/1784/1784
v 1.9680 1.5260 2.3460
vt 0.7849 0.8061
vn -0.5000 0.0000 -0.8660
v 1.9680 1.9912 2.3460
vt 0.7849 0.8605
vn -0.5000 0.0000 -0.8660
v 2.1135 1.9912 2.2620
vt 0.7960 0.8605
vn -0.5000 0.0000 -0.8660
v 2.1135 1.5260 2.2620
vt 0.7960 0.8061
vn -0.5000 0.0000 -0.8660
f 1785/1785/1785 1786/1786/1786 1787/1787/1787 1788/1788/1788
v 2.1975 1.5260 2.4075
vt 0.7960 0.8058
vn 0.5000 0.0000 0.8660
v 2.1975 1.9912 2.4075
vt 0.7960 0.8602
vn 0.5000 0.0000 0.8660
v 2.0520 1.9912 2.4915
vt 0.7849 0.8602
vn 0.5000 0.0000 0.8660
v 2.0520 1.5260 2.4915
vt 0.7849 0.8058
vn 0.5000 0.0000 0.8660
f 1789/1789/1789 1790/1790/1790 1791/1791/1791 1792/1792/1792
v 0.7425 1.5260 3.2475
vt 0.7960 0.8058
vn -0.8660 0.0000 0.5000
v 0.7425 1.9912 3.2475
vt 0.7960 0.8602
vn -0.8660 0.0000 0.5000
v 0.6585 1.9912 3.1020
vt 0.7849 0.8602
vn -0.8660 0.0000 0.5000
v 0.6585 1.5260 3.1020
vt 0.7849 0.8058
vn -0.8660 0.0000 0.5000
f 1793/1793/1793 1794/1794/1794 1795/1795/1795 1796/1796/1796
v 0.8880 1.5260 3.1635
vt 0.7960 0.7904
vn 0.5000 0.0000 0.8660
v 0.8880 1.9912 3.1635
vt 0.7960 0.8448
vn 0.5000 0.0000 0.8660
v 0.7425 1.9912 3.2475
vt 0.7960 0.8445
vn 0.5000 0.0000 0.8660
v 0.7425 1.5260 3.2475
vt 0.7960 0.7901
vn 0.5000 0.0000 0.8660
f 1797/1797/1797 1798/1798/1798 1799/1799/1799 1800/1800/1800
v 0.7425 1.9912 3.2475
vt 0.7960 0.8914
vn 0.0000 1.0000 0.0000
v 0.8880 1.9912 3.1635
vt 0.7960 0.8917
vn 0.0000 1.0000 0.0000
v 0.8040 1.9912 3.0180
vt 0.7849 0.8917
vn 0.0000 1.0000 0.0000
v 0.6585 1.9912 3.1020
vt 0.7849 0.8914
vn 0.0000 1.0000 0.0000
f 1801/1801/1801 1802/1802/1802 1803/1803/1803 1804/1804/1804
v 0.6585 1.5260 3.1020
vt 0.7849 0.7901
vn -0.5000 0.0000 -0.8660
v 0.6585 1.9912 3.1020
vt 0.7849 0.8445
vn -0.5000 0.0000 -0.8660
v 0.8040 1.9912 3.0180
vt 0.7849 0.8448
vn -0.5000 0.0000 -0.8660
v 0.8040 1.5260 3.0180
vt 0.7849 0.7904
vn -0.5000 0.0000 -0.8660
f 1805/1805/1805 1806/1806/1806 1807/1807/1807 1808/1808/1808
v 0.7910 1.5820 3.2195
vt 0.7849 0.8842
vn -0.5000 0.0000 -0.8660
v 0.7910 1.7220 3.2195
vt 0.7849 0.9386
vn -0.5000 0.0000 -0.8660
v 2.1490 1.7220 2.4355
vt 0.7960 0.9386
vn -0.5000 0.0000 -0.8660
v 2.1490 1.5820 2.4355
vt 0.7960 0.8842
vn -0.5000 0.0000 -0.8660
f 1809/1809/1809 1810/1810/1810 1811/1811/1811 1812/1812/1812
v 2.1490 1.5820 2.4355
vt 0.7960 0.8686
vn 0.4972 0.0000 -0.8676
v 2.1490 1.7220 2.4355
vt 0.7960 0.9230
vn 0.4972 0.0000 -0.8676
v 2.2614 1.7220 2.4999
vt 0.7960 0.9227
vn 0.4972 0.0000 -0.8676
v 2.2614 1.5820 2.4999
vt 0.7960 0.8683
vn 0.4972 0.0000 -0.8676
f 1813/1813/1813 1814/1814/1814 1815/1815/1815 1816/1816/1816
v 2.2614 1.5820 2.4999
vt 0.7960 0.8839
vn 0.5000 0.0000 0.8660
v 2.2614 1.7220 2.4999
vt 0.7960 0.9383
vn 0.5000 0.0000 0.8660
v 0.7906 1.7220 3.3490
vt 0.7849 0.9383
vn 0.5000 0.0000 0.8660
v 0.7906 1.5820 3.3490
vt 0.7849 0.8839
vn 0.5000 0.0000 0.8660
f 1817/1817/1817 1818/1818/1818 1819/1819/1819 1820/1820/1820
v 0.7906 1.5820 3.3490
vt 0.7849 0.8683
vn -1.0000 0.0000 -0.0032
v 0.7906 1.7220 3.3490
vt 0.7849 0.9227
vn -1.0000 0.0000 -0.0032
v 0.7910 1.7220 3.2195
vt 0.7849 0.9230
vn -1.0000 0.0000 -0.0032
v 0.7910 1.5820 3.2195
vt 0.7849 0.8686
vn -1.0000 0.0000 -0.0032
f 1821/1821/1821 1822/1822/1822 1823/1823/1823 1824/1824/1824
v 2.2614 1.7220 2.4999
vt 0.7960 0.9695
vn 0.0000 1.0000 0.0000
v 2.1490 1.7220 2.4355
vt 0.7960 0.9698
vn 0.0000 1.0000 0.0000
v 0.7910 1.7220 3.2195
vt 0.7849 0.9698
vn 0.0000 1.0000 0.0000
v 0.7906 1.7220 3.3490
vt 0.7849 0.9695
vn 0.0000 1.0000 0.0000
f 1825/1825/1825 1826/1826/1826 1827/1827/1827 1828/1828/1828
v 0.7910 1.8060 3.2195
vt 0.7849 0.8842
vn -0.5000 0.0000 -0.8660
v 0.7910 1.9460 3.2195
vt 0.7849 0.9386
vn -0.5000 0.0000 -0.8660
v 2.1490 1.9460 2.4355
vt 0.7960 0.9386
vn -0.5000 0.0000 -0.8660
v 2.1490 1.8060 2.4355
vt 0.7960 0.8842
vn -0.5000 0.0000 -0.8660
f 1829/1829/1829 1830/1830/1830 1831/1831/1831 1832/1832/1832
v 2.1490 1.8060 2.4355
vt 0.7960 0.8686
vn 0.4972 0.0000 -0.8676
v 2.1490 1.9460 2.4355
vt 0.7960 0.9230
vn 0.4972 0.0000 -0.8676
v 2.2614 1.9460 2.4999
vt 0.7960 0.9227
vn 0.4972 0.0000 -0.8676
v 2.2614 1.8060 2.4999
vt 0.7960 0.8683
vn 0.4972 0.0000 -0.8676
f 1833/1833/1833 1834/1834/1834 1835/1835/1835 1836/1836/1836
v 2.2614 1.8060 2.4999
vt 0.7960 0.8839
vn 0.5000 0.0000 0.8660
v 2.2614 1.9460 2.4999
vt 0.7960 0.9383
vn 0.5000 0.0000 0.8660
v 0.7906 1.9460 3.3490
vt 0.7849 0.9383
vn 0.5000 0.0000 0.8660
v 0.7906 1.8060 3.3490
vt 0.7849 0.8839
vn 0.5000 0.0000 0.8660
f 1837/1837/1837 1838/1838/1838 1839/1839/1839 1840/1840/1840
v 0.7906 1.8060 3.3490
vt 0.7849 0.8683
vn -1.0000 0.0000 -0.0032
v 0.7906 1.9460 3.3490
vt 0.7849 0.9227
vn -1.0000 0.0000 -0.0032
v 0.7910 1.9460 3.2195
vt 0.7849 0.9230
vn -1.0000 0.0000 -0.0032
v 0.7910 1.8060 3.2195
vt 0.7849 0.8686
vn -1.0000 0.0000 -0.0032
f 1841/1841/1841 1842/1842/1842 1843/1843/1843 1844/1844/1844
v 2.2614 1.9460 2.4999
vt 0.7960 0.9695
vn 0.0000 1.0000 0.0000
v 2.1490 1.9460 2.4355
vt 0.7960 0.9698
vn 0.0000 1.0000 0.0000
v 0.7910 1.9460 3.2195
vt 0.7849 0.9698
vn 0.0000 1.0000 0.0000
v 0.7906 1.9460 3.3490
vt 0.7849 0.9695
vn 0.0000 1.0000 0.0000
f 1845/1845/1845 1846/1846/1846 1847/1847/1847 1848/1848/1848
v 0.7910 1.8060 3.2195
vt 0.7849 0.8686
vn 0.0000 -1.0000 -0.0000
v 2.1490 1.8060 2.4355
vt 0.7960 0.8686
vn 0.0000 -1.0000 -0.0000
v 2.2614 1.8060 2.4999
vt 0.7960 0.8839
vn 0.0000 -1.0000 -0.0000
v 0.7906 1.8060 3.3490
vt 0.7849 0.8683
vn 0.0000 -1.0000 -0.0000
f 1849/1849/1849 1850/1850/1850 1851/1851/1851 1852/1852/1852
v 0.7910 1.5820 3.2195
vt 0.7849 0.8686
vn 0.0000 -1.0000 -0.0000
v 2.1490 1.5820 2.4355
vt 0.7960 0.8686
vn 0.0000 -1.0000 -0.0000
v 2.2614 1.5820 2.4999
vt 0.7960 0.8839
vn 0.0000 -1.0000 -0.0000
v 0.7906 1.5820 3.3490
vt 0.7849 0.8683
vn 0.0000 -1.0000 -0.0000
f 1853/1853/1853 1854/1854/1854 1855/1855/1855 1856/1856/1856
v 0.2281 2.3800 -3.5556
vt 0.7849 0.8529
vn 0.5000 0.0000 0.8660
v 0.2281 2.5200 -3.5556
vt 0.7849 0.9073
vn 0.5000 0.0000 0.8660
v -1.3481 2.5200 -2.6456
vt 0.7960 0.9073
vn 0.5000 0.0000 0.8660
v -1.3481 2.3800 -2.6456
vt 0.7960 0.8529
vn 0.5000 0.0000 0.8660
f 1857/1857/1857 1858/1858/1858 1859/1859/1859 1860/1860/1860
v -1.3481 2.3800 -2.6456
vt 0.7960 0.8373
vn -0.8660 0.0000 0.5000
v -1.3481 2.5200 -2.6456
vt 0.7960 0.8917
vn -0.8660 0.0000 0.5000
v -1.4181 2.5200 -2.7668
vt 0.7960 0.8914
vn -0.8660 0.0000 0.5000
v -1.4181 2.3800 -2.7668
vt 0.7960 0.8370
vn -0.8660 0.0000 0.5000
f 1861/1861/1861 1862/1862/1862 1863/1863/1863 1864/1864/1864
v -1.4181 2.3800 -2.7668
vt 0.7960 0.8526
vn -0.5000 0.0000 -0.8660
v -1.4181 2.5200 -2.7668
vt 0.7960 0.9070
vn -0.5000 0.0000 -0.8660
v 0.1581 2.5200 -3.6768
vt 0.7849 0.9070
vn -0.5000 0.0000 -0.8660
v 0.1581 2.3800 -3.6768
vt 0.7849 0.8526
vn -0.5000 0.0000 -0.8660
f 1865/1865/1865 1866/1866/1866 1867/1867/1867 1868/1868/1868
v 0.1581 2.3800 -3.6768
vt 0.7849 0.8370
vn 0.8660 0.0000 -0.5000
v 0.1581 2.5200 -3.6768
vt 0.7849 0.8914
vn 0.8660 0.0000 -0.5000
v 0.2281 2.5200 -3.5556
vt 0.7849 0.8917
vn 0.8660 0.0000 -0.5000
v 0.2281 2.3800 -3.5556
vt 0.7849 0.8373
vn 0.8660 0.0000 -0.5000
f 1869/1869/1869 1870/1870/1870 1871/1871/1871 1872/1872/1872
v -1.4181 2.5200 -2.7668
vt 0.7960 0.9383
vn 0.0000 1.0000 0.0000
v -1.3481 2.5200 -2.6456
vt 0.7960 0.9386
vn 0.0000 1.0000 0.0000
v 0.2281 2.5200 -3.5556
vt 0.7849 0.9386
vn 0.0000 1.0000 0.0000
v 0.1581 2.5200 -3.6768
vt 0.7849 0.9383
vn 0.0000 1.0000 0.0000
f 1873/1873/1873 1874/1874/1874 1875/1875/1875 1876/1876/1876
v 0.5781 2.3800 -2.9494
vt 0.7849 0.8529
vn 0.5000 0.0000 0.8660
v 0.5781 2.5200 -2.9494
vt 0.7849 0.9073
vn 0.5000 0.0000 0.8660
v -0.9981 2.5200 -2.0394
vt 0.7960 0.9073
vn 0.5000 0.0000 0.8660
v -0.9981 2.3800 -2.0394
vt 0.7960 0.8529
vn 0.5000 0.0000 0.8660
f 1877/1877/1877 1878/1878/1878 1879/1879/1879 1880/1880/1880
v -0.9981 2.3800 -2.0394
vt 0.7960 0.8373
vn -0.8660 0.0000 0.5000
v -0.9981 2.5200 -2.0394
vt 0.7960 0.8917
vn -0.8660 0.0000 0.5000
v -1.0681 2.5200 -2.1606
vt 0.7960 0.8914
vn -0.8660 0.0000 0.5000
v -1.0681 2.3800 -2.1606
vt 0.7960 0.8370
vn -0.8660 0.0000 0.5000
f 1881/1881/1881 1882/1882/1882 1883/1883/1883 1884/1884/1884
v -1.0681 2.3800 -2.1606
vt 0.7960 0.8526
vn -0.5000 0.0000 -0.8660
v -1.0681 2.5200 -2.1606
vt 0.7960 0.9070
vn -0.5000 0.0000 -0.8660
v 0.5081 2.5200 -3.0706
vt 0.7849 0.9070
vn -0.5000 0.0000 -0.8660
v 0.5081 2.3800 -3.0706
vt 0.7849 0.8526
vn -0.5000 0.0000 -0.8660
f 1885/1885/1885 1886/1886/1886 1887/1887/1887 1888/1888/1888
v 0.5081 2.3800 -3.0706
vt 0.7849 0.8370
vn 0.8660 0.0000 -0.5000
v 0.5081 2.5200 -3.0706
vt 0.7849 0.8914
vn 0.8660 0.0000 -0.5000
v 0.5781 2.5200 -2.9494
vt 0.7849 0.8917
vn 0.8660 0.0000 -0.5000
v 0.5781 2.3800 -2.9494
vt 0.7849 0.8373
vn 0.8660 0.0000 -0.5000
f 1889/1889/1889 1890/1890/1890 1891/1891/1891 1892/1892/1892
v -1.0681 2.5200 -2.1606
vt 0.7960 0.9383
vn 0.0000 1.0000 0.0000
v -0.9981 2.5200 -2.0394
vt 0.7960 0.9386
vn 0.0000 1.0000 0.0000
v 0.5781 2.5200 -2.9494
vt 0.7849 0.9386
vn 0.0000 1.0000 0.0000
v 0.5081 2.5200 -3.0706
vt 0.7849 0.9383
vn 0.0000 1.0000 0.0000
f 1893/1893/1893 1894/1894/1894 1895/1895/1895 1896/1896/1896
v 0.2281 2.3800 -3.5556
vt 0.7849 0.8098
vn 0.0000 -1.0000 -0.0000
v -1.3481 2.3800 -2.6456
vt 0.7960 0.8098
vn 0.0000 -1.0000 -0.0000
v -1.4181 2.3800 -2.7668
vt 0.7960 0.8098
vn 0.0000 -1.0000 -0.0000
v 0.1581 2.3800 -3.6768
vt 0.7849 0.8098
vn 0.0000 -1.0000 -0.0000
f 1897/1897/1897 1898/1898/1898 1899/1899/1899 1900/1900/1900
v 0.5781 2.3800 -2.9494
vt 0.7849 0.8098
vn 0.0000 -1.0000 -0.0000
v -0.9981 2.3800 -2.0394
vt 0.7960 0.8098
vn 0.0000 -1.0000 -0.0000
v -1.0681 2.3800 -2.1606
vt 0.7960 0.8098
vn 0.0000 -1.0000 -0.0000
v 0.5081 2.3800 -3.0706
vt 0.7849 0.8098
vn 0.0000 -1.0000 -0.0000
f 1901/1901/1901 1902/1902/1902 1903/1903/1903 1904/1904/1904
v -1.2281 2.5200 -2.9978
vt 0.7960 0.8526
vn 0.8660 0.0000 -0.5000
v -1.2281 2.5900 -2.9978
vt 0.7960 0.9070
vn 0.8660 0.0000 -0.5000
v -0.7031 2.5900 -2.0884
vt 0.7849 0.9070
vn 0.8660 0.0000 -0.5000
v -0.7031 2.5200 -2.0884
vt 0.7849 0.8526
vn 0.8660 0.0000 -0.5000
f 1905/1905/1905 1906/1906/1906 1907/1907/1907 1908/1908/1908
v -1.4706 2.5200 -2.8578
vt 0.7960 0.8373
vn -0.5000 0.0000 -0.8660
v -1.4706 2.5900 -2.8578
vt 0.7960 0.8917
vn -0.5000 0.0000 -0.8660
v -1.2281 2.5900 -2.9978
vt 0.7960 0.8914
vn -0.5000 0.0000 -0.8660
v -1.2281 2.5200 -2.9978
vt 0.7960 0.8370
vn -0.5000 0.0000 -0.8660
f 1909/1909/1909 1910/1910/1910 1911/1911/1911 1912/1912/1912
v -1.2281 2.5900 -2.9978
vt 0.7960 0.9383
vn 0.0000 1.0000 0.0000
v -1.4706 2.5900 -2.8578
vt 0.7960 0.9386
vn 0.0000 1.0000 0.0000
v -0.9456 2.5900 -1.9484
vt 0.7849 0.9386
vn 0.0000 1.0000 0.0000
v -0.7031 2.5900 -2.0884
vt 0.7849 0.9383
vn 0.0000 1.0000 0.0000
f 1913/1913/1913 1914/1914/1914 1915/1915/1915 1916/1916/1916
v -0.7031 2.5200 -2.0884
vt 0.7849 0.8370
vn 0.5000 0.0000 0.8660
v -0.7031 2.5900 -2.0884
vt 0.7849 0.8914
vn 0.5000 0.0000 0.8660
v -0.9456 2.5900 -1.9484
vt 0.7849 0.8917
vn 0.5000 0.0000 0.8660
v -0.9456 2.5200 -1.9484
vt 0.7849 0.8373
vn 0.5000 0.0000 0.8660
f 1917/1917/1917 1918/1918/1918 1919/1919/1919 1920/1920/1920
v -0.9456 2.5200 -1.9484
vt 0.7849 0.8529
vn -0.8660 0.0000 0.5000
v -0.9456 2.5900 -1.9484
vt 0.7849 0.9073
vn -0.8660 0.0000 0.5000
v -1.4706 2.5900 -2.8578
vt 0.7960 0.9073
vn -0.8660 0.0000 0.5000
v -1.4706 2.5200 -2.8578
vt 0.7960 0.8529
vn -0.8660 0.0000 0.5000
f 1921/1921/1921 1922/1922/1922 1923/1923/1923 1924/1924/1924
v -0.7031 2.5200 -2.0884
vt 0.7849 0.8150
vn 0.0000 -1.0000 -0.0000
v -0.9456 2.5200 -1.9484
vt 0.7849 0.8150
vn 0.0000 -1.0000 -0.0000
v -1.4706 2.5200 -2.8578
vt 0.7960 0.8150
vn 0.0000 -1.0000 -0.0000
v -1.2281 2.5200 -2.9978
vt 0.7960 0.8150
vn 0.0000 -1.0000 -0.0000
f 1925/1925/1925 1926/1926/1926 1927/1927/1927 1928/1928/1928
v -0.8947 2.5200 -3.1903
vt 0.7960 0.8526
vn 0.8660 0.0000 -0.5000
v -0.8947 2.5900 -3.1903
vt 0.7960 0.9070
vn 0.8660 0.0000 -0.5000
v -0.3697 2.5900 -2.2809
vt 0.7849 0.9070
vn 0.8660 0.0000 -0.5000
v -0.3697 2.5200 -2.2809
vt 0.7849 0.8526
vn 0.8660 0.0000 -0.5000
f 1929/1929/1929 1930/1930/1930 1931/1931/1931 1932/1932/1932
v -1.1372 2.5200 -3.0503
vt 0.7960 0.8373
vn -0.5000 0.0000 -0.8660
v -1.1372 2.5900 -3.0503
vt 0.7960 0.8917
vn -0.5000 0.0000 -0.8660
v -0.8947 2.5900 -3.1903
vt 0.7960 0.8914
vn -0.5000 0.0000 -0.8660
v -0.8947 2.5200 -3.1903
vt 0.7960 0.8370
vn -0.5000 0.0000 -0.8660
f 1933/1933/1933 1934/1934/1934 1935/1935/1935 1936/1936/1936
v -0.8947 2.5900 -3.1903
vt 0.7960 0.9383
vn 0.0000 1.0000 0.0000
v -1.1372 2.5900 -3.0503
vt 0.7960 0.9386
vn 0.0000 1.0000 0.0000
v -0.6122 2.5900 -2.1409
vt 0.7849 0.9386
vn 0.0000 1.0000 0.0000
v -0.3697 2.5900 -2.2809
vt 0.7849 0.9383
vn 0.0000 1.0000 0.0000
f 1937/1937/1937 1938/1938/1938 1939/1939/1939 1940/1940/1940
v -0.3697 2.5200 -2.2809
vt 0.7849 0.8370
vn 0.5000 0.0000 0.8660
v -0.3697 2.5900 -2.2809
vt 0.7849 0.8914
vn 0.5000 0.0000 0.8660
v -0.6122 2.5900 -2.1409
vt 0.7849 0.8917
vn 0.5000 0.0000 0.8660
v -0.6122 2.5200 -2.1409
vt 0.7849 0.8373
vn 0.5000 0.0000 0.8660
f 1941/1941/1941 1942/1942/1942 1943/1943/1943 1944/1944/1944
v -0.6122 2.5200 -2.1409
vt 0.7849 0.8529
vn -0.8660 0.0000 0.5000
v -0.6122 2.5900 -2.1409
vt 0.7849 0.9073
vn -0.8660 0.0000 0.5000
v -1.1372 2.5900 -3.0503
vt 0.7960 0.9073
vn -0.8660 0.0000 0.5000
v -1.1372 2.5200 -3.0503
vt 0.7960 0.8529
vn -0.8660 0.0000 0.5000
f 1945/1945/1945 1946/1946/1946 1947/1947/1947 1948/1948/1948
v -0.3697 2.5200 -2.2809
vt 0.7849 0.8150
vn 0.0000 -1.0000 -0.0000
v -0.6122 2.5200 -2.1409
vt 0.7849 0.8150
vn 0.0000 -1.0000 -0.0000
v -1.1372 2.5200 -3.0503
vt 0.7960 0.8150
vn 0.0000 -1.0000 -0.0000
v -0.8947 2.5200 -3.1903
vt 0.7960 0.8150
vn 0.0000 -1.0000 -0.0000
f 1949/1949/1949 1950/1950/1950 1951/1951/1951 1952/1952/1952
v -0.5613 2.5200 -3.3828
vt 0.7960 0.8526
vn 0.8660 0.0000 -0.5000
v -0.5613 2.5900 -3.3828
vt 0.7960 0.9070
vn 0.8660 0.0000 -0.5000
v -0.0363 2.5900 -2.4734
vt 0.7849 0.9070
vn 0.8660 0.0000 -0.5000
v -0.0363 2.5200 -2.4734
vt 0.7849 0.8526
vn 0.8660 0.0000 -0.5000
f 1953/1953/1953 1954/1954/1954 1955/1955/1955 1956/1956/1956
v -0.8037 2.5200 -3.2428
vt 0.7960 0.8373
vn -0.5000 0.0000 -0.8660
v -0.8037 2.5900 -3.2428
vt 0.7960 0.8917
vn -0.5000 0.0000 -0.8660
v -0.5613 2.5900 -3.3828
vt 0.7960 0.8914
vn -0.5000 0.0000 -0.8660
v -0.5613 2.5200 -3.3828
vt 0.7960 0.8370
vn -0.5000 0.0000 -0.8660
f 1957/1957/1957 1958/1958/1958 1959/1959/1959 1960/1960/1960
v -0.5613 2.5900 -3.3828
vt 0.7960 0.9383
vn 0.0000 1.0000 0.0000
v -0.8037 2.5900 -3.2428
vt 0.7960 0.9386
vn 0.0000 1.0000 0.0000
v -0.2787 2.5900 -2.3334
vt 0.7849 0.9386
vn 0.0000 1.0000 0.0000
v -0.0363 2.5900 -2.4734
vt 0.7849 0.9383
vn 0.0000 1.0000 0.0000
f 1961/1961/1961 1962/1962/1962 1963/1963/1963 1964/1964/1964
v -0.0363 2.5200 -2.4734
vt 0.7849 0.8370
vn 0.5000 0.0000 0.8660
v -0.0363 2.5900 -2.4734
vt 0.7849 0.8914
vn 0.5000 0.0000 0.8660
v -0.2787 2.5900 -2.3334
vt 0.7849 0.8917
vn 0.5000 0.0000 0.8660
v -0.2787 2.5200 -2.3334
vt 0.7849 0.8373
vn 0.5000 0.0000 0.8660
f 1965/1965/1965 1966/1966/1966 1967/1967/1967 1968/1968/1968
v -0.2787 2.5200 -2.3334
vt 0.7849 0.8529
vn -0.8660 0.0000 0.5000
v -0.2787 2.5900 -2.3334
vt 0.7849 0.9073
vn -0.8660 0.0000 0.5000
v -0.8037 2.5900 -3.2428
vt 0.7960 0.9073
vn -0.8660 0.0000 0.5000
v -0.8037 2.5200 -3.2428
vt 0.7960 0.8529
vn -0.8660 0.0000 0.5000
f 1969/1969/1969 1970/1970/1970 1971/1971/1971 1972/1972/1972
v -0.0363 2.5200 -2.4734
vt 0.7849 0.8150
vn 0.0000 -1.0000 -0.0000
v -0.2787 2.5200 -2.3334
vt 0.7849 0.8150
vn 0.0000 -1.0000 -0.0000
v -0.8037 2.5200 -3.2428
vt 0.7960 0.8150
vn 0.0000 -1.0000 -0.0000
v -0.5613 2.5200 -3.3828
vt 0.7960 0.8150
vn 0.0000 -1.0000 -0.0000
f 1973/1973/1973 1974/1974/1974 1975/1975/1975 1976/1976/1976
v -0.2278 2.5200 -3.5753
vt 0.7960 0.8526
vn 0.8660 0.0000 -0.5000
v -0.2278 2.5900 -3.5753
vt 0.7960 0.9070
vn 0.8660 0.0000 -0.5000
v 0.2972 2.5900 -2.6659
vt 0.7849 0.9070
vn 0.8660 0.0000 -0.5000
v 0.2972 2.5200 -2.6659
vt 0.7849 0.8526
vn 0.8660 0.0000 -0.5000
f 1977/1977/1977 1978/1978/1978 1979/1979/1979 1980/1980/1980
v -0.4703 2.5200 -3.4353
vt 0.7960 0.8373
vn -0.5000 0.0000 -0.8660
v -0.4703 2.5900 -3.4353
vt 0.7960 0.8917
vn -0.5000 0.0000 -0.8660
v -0.2278 2.5900 -3.5753
vt 0.7960 0.8914
vn -0.5000 0.0000 -0.8660
v -0.2278 2.5200 -3.5753
vt 0.7960 0.8370
vn -0.5000 0.0000 -0.8660
f 1981/1981/1981 1982/1982/1982 1983/1983/1983 1984/1984/1984
v -0.2278 2.5900 -3.5753
vt 0.7960 0.9383
vn 0.0000 1.0000 0.0000
v -0.4703 2.5900 -3.4353
vt 0.7960 0.9386
vn 0.0000 1.0000 0.0000
v 0.0547 2.5900 -2.5259
vt 0.7849 0.9386
vn 0.0000 1.0000 0.0000
v 0.2972 2.5900 -2.6659
vt 0.7849 0.9383
vn 0.0000 1.0000 0.0000
f 1985/1985/1985 1986/1986/1986 1987/1987/1987 1988/1988/1988
v 0.2972 2.5200 -2.6659
vt 0.7849 0.8370
vn 0.5000 0.0000 0.8660
v 0.2972 2.5900 -2.6659
vt 0.7849 0.8914
vn 0.5000 0.0000 0.8660
v 0.0547 2.5900 -2.5259
vt 0.7849 0.8917
vn 0.5000 0.0000 0.8660
v 0.0547 2.5200 -2.5259
vt 0.7849 0.8373
vn 0.5000 0.0000 0.8660
f 1989/1989/1989 1990/1990/1990 1991/1991/1991 1992/1992/1992
v 0.0547 2.5200 -2.5259
vt 0.7849 0.8529
vn -0.8660 0.0000 0.5000
v 0.0547 2.5900 -2.5259
vt 0.7849 0.9073
vn -0.8660 0.0000 0.5000
v -0.4703 2.5900 -3.4353
vt 0.7960 0.9073
vn -0.8660 0.0000 0.5000
v -0.4703 2.5200 -3.4353
vt 0.7960 0.8529
vn -0.8660 0.0000 0.5000
f 1993/1993/1993 1994/1994/1994 1995/1995/1995 1996/1996/1996
v 0.2972 2.5200 -2.6659
vt 0.7849 0.8150
vn 0.0000 -1.0000 -0.0000
v 0.0547 2.5200 -2.5259
vt 0.7849 0.8150
vn 0.0000 -1.0000 -0.0000
v -0.4703 2.5200 -3.4353
vt 0.7960 0.8150
vn 0.0000 -1.0000 -0.0000
v -0.2278 2.5200 -3.5753
vt 0.7960 0.8150
vn 0.0000 -1.0000 -0.0000
f 1997/1997/1997 1998/1998/1998 1999/1999/1999 2000/2000/2000
v 0.1056 2.5200 -3.7678
vt 0.7960 0.8526
vn 0.8660 0.0000 -0.5000
v 0.1056 2.5900 -3.7678
vt 0.7960 0.9070
vn 0.8660 0.0000 -0.5000
v 0.6306 2.5900 -2.8584
vt 0.7849 0.9070
vn 0.8660 0.0000 -0.5000
v 0.6306 2.5200 -2.8584
vt 0.7849 0.8526
vn 0.8660 0.0000 -0.5000
f 2001/2001/2001 2002/2002/2002 2003/2003/2003 2004/2004/2004
v -0.1369 2.5200 -3.6278
vt 0.7960 0.8373
vn -0.5000 0.0000 -0.8660
v -0.1369 2.5900 -3.6278
vt 0.7960 0.8917
vn -0.5000 0.0000 -0.8660
v 0.1056 2.5900 -3.7678
vt 0.7960 0.8914
vn -0.5000 0.0000 -0.8660
v 0.1056 2.5200 -3.7678
vt 0.7960 0.8370
vn -0.5000 0.0000 -0.8660
f 2005/2005/2005 2006/2006/2006 2007/2007/2007 2008/2008/2008
v 0.1056 2.5900 -3.7678
vt 0.7960 0.9383
vn 0.0000 1.0000 0.0000
v -0.1369 2.5900 -3.6278
vt 0.7960 0.9386
vn 0.0000 1.0000 0.0000
v 0.3881 2.5900 -2.7184
vt 0.7849 0.9386
vn 0.0000 1.0000 0.0000
v 0.6306 2.5900 -2.8584
vt 0.7849 0.9383
vn 0.0000 1.0000 0.0000
f 2009/2009/2009 2010/2010/2010 2011/2011/2011 2012/2012/2012
v 0.6306 2.5200 -2.8584
vt 0.7849 0.8370
vn 0.5000 0.0000 0.8660
v 0.6306 2.5900 -2.8584
vt 0.7849 0.8914
vn 0.5000 0.0000 0.8660
v 0.3881 2.5900 -2.7184
vt 0.7849 0.8917
vn 0.5000 0.0000 0.8660
v 0.3881 2.5200 -2.7184
vt 0.7849 0.8373
vn 0.5000 0.0000 0.8660
f 2013/2013/2013 2014/2014/2014 2015/2015/2015 2016/2016/2016
v 0.3881 2.5200 -2.7184
vt 0.7849 0.8529
vn -0.8660 0.0000 0.5000
v 0.3881 2.5900 -2.7184
vt 0.7849 0.9073
vn -0.8660 0.0000 0.5000
v -0.1369 2.5900 -3.6278
vt 0.7960 0.9073
vn -0.8660 0.0000 0.5000
v -0.1369 2.5200 -3.6278
vt 0.7960 0.8529
vn -0.8660 0.0000 0.5000
f 2017/2017/2017 2018/2018/2018 2019/2019/2019 2020/2020/2020
v 0.6306 2.5200 -2.8584
vt 0.7849 0.8150
vn 0.0000 -1.0000 -0.0000
v 0.3881 2.5200 -2.7184
vt 0.7849 0.8150
vn 0.0000 -1.0000 -0.0000
v -0.1369 2.5200 -3.6278
vt 0.7960 0.8150
vn 0.0000 -1.0000 -0.0000
v 0.1056 2.5200 -3.7678
vt 0.7960 0.8150
vn 0.0000 -1.0000 -0.0000
f 2021/2021/2021 2022/2022/2022 2023/2023/2023 2024/2024/2024
v 0.3262 0.0000 -2.9656
vt 0.7849 0.8529
vn -0.5000 0.0000 -0.8660
v 0.3262 2.3800 -2.9656
vt 0.7849 0.9073
vn -0.5000 0.0000 -0.8660
v 0.4475 2.3800 -3.0356
vt 0.7960 0.9073
vn -0.5000 0.0000 -0.8660
v 0.4475 0.0000 -3.0356
vt 0.7960 0.8529
vn -0.5000 0.0000 -0.8660
f 2025/2025/2025 2026/2026/2026 2027/2027/2027 2028/2028/2028
v 0.4475 0.0000 -3.0356
vt 0.7960 0.8373
vn 0.8660 0.0000 -0.5000
v 0.4475 2.3800 -3.0356
vt 0.7960 0.8917
vn 0.8660 0.0000 -0.5000
v 0.5175 2.3800 -2.9144
vt 0.7960 0.8914
vn 0.8660 0.0000 -0.5000
v 0.5175 0.0000 -2.9144
vt 0.7960 0.8370
vn 0.8660 0.0000 -0.5000
f 2029/2029/2029 2030/2030/2030 2031/2031/2031 2032/2032/2032
v 0.5175 0.0000 -2.9144
vt 0.7960 0.8526
vn 0.5000 0.0000 0.8660
v 0.5175 2.3800 -2.9144
vt 0.7960 0.9070
vn 0.5000 0.0000 0.8660
v 0.3962 2.3800 -2.8444
vt 0.7849 0.9070
vn 0.5000 0.0000 0.8660
v 0.3962 0.0000 -2.8444
vt 0.7849 0.8526
vn 0.5000 0.0000 0.8660
f 2033/2033/2033 2034/2034/2034 2035/2035/2035 2036/2036/2036
v 0.3962 0.0000 -2.8444
vt 0.7849 0.8370
vn -0.8660 0.0000 0.5000
v 0.3962 2.3800 -2.8444
vt 0.7849 0.8914
vn -0.8660 0.0000 0.5000
v 0.3262 2.3800 -2.9656
vt 0.7849 0.8917
vn -0.8660 0.0000 0.5000
v 0.3262 0.0000 -2.9656
vt 0.7849 0.8373
vn -0.8660 0.0000 0.5000
f 2037/2037/2037 2038/2038/2038 2039/2039/2039 2040/2040/2040
v -0.0238 0.0000 -3.5718
vt 0.7849 0.8529
vn -0.5000 0.0000 -0.8660
v -0.0238 2.3800 -3.5718
vt 0.7849 0.9073
vn -0.5000 0.0000 -0.8660
v 0.0975 2.3800 -3.6418
vt 0.7960 0.9073
vn -0.5000 0.0000 -0.8660
v 0.0975 0.0000 -3.6418
vt 0.7960 0.8529
vn -0.5000 0.0000 -0.8660
f 2041/2041/2041 2042/2042/2042 2043/2043/2043 2044/2044/2044
v 0.0975 0.0000 -3.6418
vt 0.7960 0.8373
vn 0.8660 0.0000 -0.5000
v 0.0975 2.3800 -3.6418
vt 0.7960 0.8917
vn 0.8660 0.0000 -0.5000
v 0.1675 2.3800 -3.5206
vt 0.7960 0.8914
vn 0.8660 0.0000 -0.5000
v 0.1675 0.0000 -3.5206
vt 0.7960 0.8370
vn 0.8660 0.0000 -0.5000
f 2045/2045/2045 2046/2046/2046 2047/2047/2047 2048/2048/2048
v 0.1675 0.0000 -3.5206
vt 0.7960 0.8526
vn 0.5000 0.0000 0.8660
v 0.1675 2.3800 -3.5206
vt 0.7960 0.9070
vn 0.5000 0.0000 0.8660
v 0.0462 2.3800 -3.4506
vt 0.7849 0.9070
vn 0.5000 0.0000 0.8660
v 0.0462 0.0000 -3.4506
vt 0.7849 0.8526
vn 0.5000 0.0000 0.8660
f 2049/2049/2049 2050/2050/2050 2051/2051/2051 2052/2052/2052
v 0.0462 0.0000 -3.4506
vt 0.7849 0.8370
vn -0.8660 0.0000 0.5000
v 0.0462 2.3800 -3.4506
vt 0.7849 0.8914
vn -0.8660 0.0000 0.5000
v -0.0238 2.3800 -3.5718
vt 0.7849 0.8917
vn -0.8660 0.0000 0.5000
v -0.0238 0.0000 -3.5718
vt 0.7849 0.8373
vn -0.8660 0.0000 0.5000
f 2053/2053/2053 2054/2054/2054 2055/2055/2055 2056/2056/2056
v -1.0075 0.0000 -2.1956
vt 0.7849 0.8529
vn -0.5000 0.0000 -0.8660
v -1.0075 2.3800 -2.1956
vt 0.7849 0.9073
vn -0.5000 0.0000 -0.8660
v -0.8862 2.3800 -2.2656
vt 0.7960 0.9073
vn -0.5000 0.0000 -0.8660
v -0.8862 0.0000 -2.2656
vt 0.7960 0.8529
vn -0.5000 0.0000 -0.8660
f 2057/2057/2057 2058/2058/2058 2059/2059/2059 2060/2060/2060
v -0.8862 0.0000 -2.2656
vt 0.7960 0.8373
vn 0.8660 0.0000 -0.5000
v -0.8862 2.3800 -2.2656
vt 0.7960 0.8917
vn 0.8660 0.0000 -0.5000
v -0.8162 2.3800 -2.1444
vt 0.7960 0.8914
vn 0.8660 0.0000 -0.5000
v -0.8162 0.0000 -2.1444
vt 0.7960 0.8370
vn 0.8660 0.0000 -0.5000
f 2061/2061/2061 2062/2062/2062 2063/2063/2063 2064/2064/2064
v -0.8162 0.0000 -2.1444
vt 0.7960 0.8526
vn 0.5000 0.0000 0.8660
v -0.8162 2.3800 -2.1444
vt 0.7960 0.9070
vn 0.5000 0.0000 0.8660
v -0.9375 2.3800 -2.0744
vt 0.7849 0.9070
vn 0.5000 0.0000 0.8660
v -0.9375 0.0000 -2.0744
vt 0.7849 0.8526
vn 0.5000 0.0000 0.8660
f 2065/2065/2065 2066/2066/2066 2067/2067/2067 2068/2068/2068
v -0.9375 0.0000 -2.0744
vt 0.7849 0.8370
vn -0.8660 0.0000 0.5000
v -0.9375 2.3800 -2.0744
vt 0.7849 0.8914
vn -0.8660 0.0000 0.5000
v -1.0075 2.3800 -2.1956
vt 0.7849 0.8917
vn -0.8660 0.0000 0.5000
v -1.0075 0.0000 -2.1956
vt 0.7849 0.8373
vn -0.8660 0.0000 0.5000
f 2069/2069/2069 2070/2070/2070 2071/2071/2071 2072/2072/2072
v -1.3575 0.0000 -2.8018
vt 0.7849 0.8529
vn -0.5000 0.0000 -0.8660
v -1.3575 2.3800 -2.8018
vt 0.7849 0.9073
vn -0.5000 0.0000 -0.8660
v -1.2362 2.3800 -2.8718
vt 0.7960 0.9073
vn -0.5000 0.0000 -0.8660
v -1.2362 0.0000 -2.8718
vt 0.7960 0.8529
vn -0.5000 0.0000 -0.8660
f 2073/2073/2073 2074/2074/2074 2075/2075/2075 2076/2076/2076
v -1.2362 0.0000 -2.8718
vt 0.7960 0.8373
vn 0.8660 0.0000 -0.5000
v -1.2362 2.3800 -2.8718
vt 0.7960 0.8917
vn 0.8660 0.0000 -0.5000
v -1.1662 2.3800 -2.7506
vt 0.7960 0.8914
vn 0.8660 0.0000 -0.5000
v -1.1662 0.0000 -2.7506
vt 0.7960 0.8370
vn 0.8660 0.0000 -0.5000
f 2077/2077/2077 2078/2078/2078 2079/2079/2079 2080/2080/2080
v -1.1662 0.0000 -2.7506
vt 0.7960 0.8526
vn 0.5000 0.0000 0.8660
v -1.1662 2.3800 -2.7506
vt 0.7960 0.9070
vn 0.5000 0.0000 0.8660
v -1.2875 2.3800 -2.6806
vt 0.7849 0.9070
vn 0.5000 0.0000 0.8660
v -1.2875 0.0000 -2.6806
vt 0.7849 0.8526
vn 0.5000 0.0000 0.8660
f 2081/2081/2081 2082/2082/2082 2083/2083/2083 2084/2084/2084
v -1.2875 0.0000 -2.6806
vt 0.7849 0.8370
vn -0.8660 0.0000 0.5000
v -1.2875 2.3800 -2.6806
vt 0.7849 0.8914
vn -0.8660 0.0000 0.5000
v -1.3575 2.3800 -2.8018
vt 0.7849 0.8917
vn -0.8660 0.0000 0.5000
v -1.3575 0.0000 -2.8018
vt 0.7849 0.8373
vn -0.8660 0.0000 0.5000
f 2085/2085/2085 2086/2086/2086 2087/2087/2087 2088/2088/2088
v -1.0075 0.0000 -2.1956
vt 0.7849 0.8373
vn 0.0000 -1.0000 -0.0000
v -0.8862 0.0000 -2.2656
vt 0.7960 0.8373
vn 0.0000 -1.0000 -0.0000
v -0.8162 0.0000 -2.1444
vt 0.7960 0.8526
vn 0.0000 -1.0000 -0.0000
v -0.9375 0.0000 -2.0744
vt 0.7849 0.8370
vn 0.0000 -1.0000 -0.0000
f 2089/2089/2089 2090/2090/2090 2091/2091/2091 2092/2092/2092
v 0.3262 0.0000 -2.9656
vt 0.7849 0.8373
vn 0.0000 -1.0000 -0.0000
v 0.4475 0.0000 -3.0356
vt 0.7960 0.8373
vn 0.0000 -1.0000 -0.0000
v 0.5175 0.0000 -2.9144
vt 0.7960 0.8526
vn 0.0000 -1.0000 -0.0000
v 0.3962 0.0000 -2.8444
vt 0.7849 0.8370
vn 0.0000 -1.0000 -0.0000
f 2093/2093/2093 2094/2094/2094 2095/2095/2095 2096/2096/2096
v -0.0238 0.0000 -3.5718
vt 0.7849 0.8373
vn 0.0000 -1.0000 -0.0000
v 0.0975 0.0000 -3.6418
vt 0.7960 0.8373
vn 0.0000 -1.0000 -0.0000
v 0.1675 0.0000 -3.5206
vt 0.7960 0.8526
vn 0.0000 -1.0000 -0.0000
v 0.0462 0.0000 -3.4506
vt 0.7849 0.8370
vn 0.0000 -1.0000 -0.0000
f 2097/2097/2097 2098/2098/2098 2099/2099/2099 2100/2100/2100
v -1.3575 0.0000 -2.8018
vt 0.7849 0.8373
vn 0.0000 -1.0000 -0.0000
v -1.2362 0.0000 -2.8718
vt 0.7960 0.8373
vn 0.0000 -1.0000 -0.0000
v -1.1662 0.0000 -2.7506
vt 0.7960 0.8526
vn 0.0000 -1.0000 -0.0000
v -1.2875 0.0000 -2.6806
vt 0.7849 0.8370
vn 0.0000 -1.0000 -0.0000
f 2101/2101/2101 2102/2102/2102 2103/2103/2103 2104/2104/2104
v -0.8862 0.6300 -2.2656
vt 0.7849 0.8529
vn -0.5000 0.0000 -0.8660
v -0.8862 0.7700 -2.2656
vt 0.7849 0.9073
vn -0.5000 0.0000 -0.8660
v 0.3262 0.7700 -2.9656
vt 0.7960 0.9073
vn -0.5000 0.0000 -0.8660
v 0.3262 0.6300 -2.9656
vt 0.7960 0.8529
vn -0.5000 0.0000 -0.8660
f 2105/2105/2105 2106/2106/2106 2107/2107/2107 2108/2108/2108
v 0.3962 0.6300 -2.8444
vt 0.7960 0.8526
vn 0.5000 0.0000 0.8660
v 0.3962 0.7700 -2.8444
vt 0.7960 0.9070
vn 0.5000 0.0000 0.8660
v -0.8162 0.7700 -2.1444
vt 0.7849 0.9070
vn 0.5000 0.0000 0.8660
v -0.8162 0.6300 -2.1444
vt 0.7849 0.8526
vn 0.5000 0.0000 0.8660
f 2109/2109/2109 2110/2110/2110 2111/2111/2111 2112/2112/2112
v 0.3962 0.7700 -2.8444
vt 0.7960 0.9383
vn 0.0000 1.0000 0.0000
v 0.3262 0.7700 -2.9656
vt 0.7960 0.9386
vn 0.0000 1.0000 0.0000
v -0.8862 0.7700 -2.2656
vt 0.7849 0.9386
vn 0.0000 1.0000 0.0000
v -0.8162 0.7700 -2.1444
vt 0.7849 0.9383
vn 0.0000 1.0000 0.0000
f 2113/2113/2113 2114/2114/2114 2115/2115/2115 2116/2116/2116
v -0.8862 0.6300 -2.2656
vt 0.7849 0.8373
vn 0.0000 -1.0000 -0.0000
v 0.3262 0.6300 -2.9656
vt 0.7960 0.8373
vn 0.0000 -1.0000 -0.0000
v 0.3962 0.6300 -2.8444
vt 0.7960 0.8526
vn 0.0000 -1.0000 -0.0000
v -0.8162 0.6300 -2.1444
vt 0.7849 0.8370
vn 0.0000 -1.0000 -0.0000
f 2117/2117/2117 2118/2118/2118 2119/2119/2119 2120/2120/2120
v -1.2362 0.6300 -2.8718
vt 0.7849 0.8529
vn -0.5000 0.0000 -0.8660
v -1.2362 0.7700 -2.8718
vt 0.7849 0.9073
vn -0.5000 0.0000 -0.8660
v -0.0238 0.7700 -3.5718
vt 0.7960 0.9073
vn -0.5000 0.0000 -0.8660
v -0.0238 0.6300 -3.5718
vt 0.7960 0.8529
vn -0.5000 0.0000 -0.8660
f 2121/2121/2121 2122/2122/2122 2123/2123/2123 2124/2124/2124
v 0.0462 0.6300 -3.4506
vt 0.7960 0.8526
vn 0.5000 0.0000 0.8660
v 0.0462 0.7700 -3.4506
vt 0.7960 0.9070
vn 0.5000 0.0000 0.8660
v -1.1662 0.7700 -2.7506
vt 0.7849 0.9070
vn 0.5000 0.0000 0.8660
v -1.1662 0.6300 -2.7506
vt 0.7849 0.8526
vn 0.5000 0.0000 0.8660
f 2125/2125/2125 2126/2126/2126 2127/2127/2127 2128/2128/2128
v 0.0462 0.7700 -3.4506
vt 0.7960 0.9383
vn 0.0000 1.0000 0.0000
v -0.0238 0.7700 -3.5718
vt 0.7960 0.9386
vn 0.0000 1.0000 0.0000
v -1.2362 0.7700 -2.8718
vt 0.7849 0.9386
vn 0.0000 1.0000 0.0000
v -1.1662 0.7700 -2.7506
vt 0.7849 0.9383
vn 0.0000 1.0000 0.0000
f 2129/2129/2129 2130/2130/2130 2131/2131/2131 2132/2132/2132
v -1.2362 0.6300 -2.8718
vt 0.7849 0.8373
vn 0.0000 -1.0000 -0.0000
v -0.0238 0.6300 -3.5718
vt 0.7960 0.8373
vn 0.0000 -1.0000 -0.0000
v 0.0462 0.6300 -3.4506
vt 0.7960 0.8526
vn 0.0000 -1.0000 -0.0000
v -1.1662 0.6300 -2.7506
vt 0.7849 0.8370
vn 0.0000 -1.0000 -0.0000
f 2133/2133/2133 2134/2134/2134 2135/2135/2135 2136/2136/2136
v 0.0010 2.5760 -3.4730
vt 0.7849 0.8061
vn -0.8660 0.0000 0.5000
v 0.0010 3.0412 -3.4730
vt 0.7849 0.8605
vn -0.8660 0.0000 0.5000
v -0.0830 3.0412 -3.6185
vt 0.7960 0.8605
vn -0.8660 0.0000 0.5000
v -0.0830 2.5760 -3.6185
vt 0.7960 0.8061
vn -0.8660 0.0000 0.5000
f 2137/2137/2137 2138/2138/2138 2139/2139/2139 2140/2140/2140
v -1.3925 3.0412 -2.8625
vt 0.7960 0.8914
vn 0.0000 1.0000 0.0000
v -1.3085 3.0412 -2.7170
vt 0.7960 0.8917
vn 0.0000 1.0000 0.0000
v -1.1630 3.0412 -2.8010
vt 0.7849 0.8917
vn 0.0000 1.0000 0.0000
v -1.2470 3.0412 -2.9465
vt 0.7849 0.8914
vn 0.0000 1.0000 0.0000
f 2141/2141/2141 2142/2142/2142 2143/2143/2143 2144/2144/2144
v -1.2470 2.5760 -2.9465
vt 0.7849 0.7901
vn 0.8660 0.0000 -0.5000
v -1.2470 3.0412 -2.9465
vt 0.7849 0.8445
vn 0.8660 0.0000 -0.5000
v -1.1630 3.0412 -2.8010
vt 0.7849 0.8448
vn 0.8660 0.0000 -0.5000
v -1.1630 2.5760 -2.8010
vt 0.7849 0.7904
vn 0.8660 0.0000 -0.5000
f 2145/2145/2145 2146/2146/2146 2147/2147/2147 2148/2148/2148
v -1.3085 2.5760 -2.7170
vt 0.7960 0.7904
vn -0.8660 0.0000 0.5000
v -1.3085 3.0412 -2.7170
vt 0.7960 0.8448
vn -0.8660 0.0000 0.5000
v -1.3925 3.0412 -2.8625
vt 0.7960 0.8445
vn -0.8660 0.0000 0.5000
v -1.3925 2.5760 -2.8625
vt 0.7960 0.7901
vn -0.8660 0.0000 0.5000
f 2149/2149/2149 2150/2150/2150 2151/2151/2151 2152/2152/2152
v -1.1630 2.5760 -2.8010
vt 0.7849 0.8061
vn 0.5000 0.0000 0.8660
v -1.1630 3.0412 -2.8010
vt 0.7849 0.8605
vn 0.5000 0.0000 0.8660
v -1.3085 3.0412 -2.7170
vt 0.7960 0.8605
vn 0.5000 0.0000 0.8660
v -1.3085 2.5760 -2.7170
vt 0.7960 0.8061
vn 0.5000 0.0000 0.8660
f 2153/2153/2153 2154/2154/2154 2155/2155/2155 2156/2156/2156
v -1.3925 2.5760 -2.8625
vt 0.7960 0.8058
vn -0.5000 0.0000 -0.8660
v -1.3925 3.0412 -2.8625
vt 0.7960 0.8602
vn -0.5000 0.0000 -0.8660
v -1.2470 3.0412 -2.9465
vt 0.7849 0.8602
vn -0.5000 0.0000 -0.8660
v -1.2470 2.5760 -2.9465
vt 0.7849 0.8058
vn -0.5000 0.0000 -0.8660
f 2157/2157/2157 2158/2158/2158 2159/2159/2159 2160/2160/2160
v 0.0625 2.5760 -3.7025
vt 0.7960 0.8058
vn 0.8660 0.0000 -0.5000
v 0.0625 3.0412 -3.7025
vt 0.7960 0.8602
vn 0.8660 0.0000 -0.5000
v 0.1465 3.0412 -3.5570
vt 0.7849 0.8602
vn 0.8660 0.0000 -0.5000
v 0.1465 2.5760 -3.5570
vt 0.7849 0.8058
vn 0.8660 0.0000 -0.5000
f 2161/2161/2161 2162/2162/2162 2163/2163/2163 2164/2164/2164
v -0.0830 2.5760 -3.6185
vt 0.7960 0.7904
vn -0.5000 0.0000 -0.8660
v -0.0830 3.0412 -3.6185
vt 0.7960 0.8448
vn -0.5000 0.0000 -0.8660
v 0.0625 3.0412 -3.7025
vt 0.7960 0.8445
vn -0.5000 0.0000 -0.8660
v 0.0625 2.5760 -3.7025
vt 0.7960 0.7901
vn -0.5000 0.0000 -0.8660
f 2165/2165/2165 2166/2166/2166 2167/2167/2167 2168/2168/2168
v 0.0625 3.0412 -3.7025
vt 0.7960 0.8914
vn 0.0000 1.0000 0.0000
v -0.0830 3.0412 -3.6185
vt 0.7960 0.8917
vn 0.0000 1.0000 0.0000
v 0.0010 3.0412 -3.4730
vt 0.7849 0.8917
vn 0.0000 1.0000 0.0000
v 0.1465 3.0412 -3.5570
vt 0.7849 0.8914
vn 0.0000 1.0000 0.0000
f 2169/2169/2169 2170/2170/2170 2171/2171/2171 2172/2172/2172
v 0.1465 2.5760 -3.5570
vt 0.7849 0.7901
vn 0.5000 0.0000 0.8660
v 0.1465 3.0412 -3.5570
vt 0.7849 0.8445
vn 0.5000 0.0000 0.8660
v 0.0010 3.0412 -3.4730
vt 0.7849 0.8448
vn 0.5000 0.0000 0.8660
v 0.0010 2.5760 -3.4730
vt 0.7849 0.7904
vn 0.5000 0.0000 0.8660
f 2173/2173/2173 2174/2174/2174 2175/2175/2175 2176/2176/2176
v 0.0140 2.6320 -3.6745
vt 0.7849 0.8842
vn 0.5000 0.0000 0.8660
v 0.0140 2.7720 -3.6745
vt 0.7849 0.9386
vn 0.5000 0.0000 0.8660
v -1.3440 2.7720 -2.8905
vt 0.7960 0.9386
vn 0.5000 0.0000 0.8660
v -1.3440 2.6320 -2.8905
vt 0.7960 0.8842
vn 0.5000 0.0000 0.8660
f 2177/2177/2177 2178/2178/2178 2179/2179/2179 2180/2180/2180
v -1.3440 2.6320 -2.8905
vt 0.7960 0.8686
vn -0.4972 0.0000 0.8676
v -1.3440 2.7720 -2.8905
vt 0.7960 0.9230
vn -0.4972 0.0000 0.8676
v -1.4564 2.7720 -2.9549
vt 0.7960 0.9227
vn -0.4972 0.0000 0.8676
v -1.4564 2.6320 -2.9549
vt 0.7960 0.8683
vn -0.4972 0.0000 0.8676
f 2181/2181/2181 2182/2182/2182 2183/2183/2183 2184/2184/2184
v -1.4564 2.6320 -2.9549
vt 0.7960 0.8839
vn -0.5000 0.0000 -0.8660
v -1.4564 2.7720 -2.9549
vt 0.7960 0.9383
vn -0.5000 0.0000 -0.8660
v 0.0144 2.7720 -3.8040
vt 0.7849 0.9383
vn -0.5000 0.0000 -0.8660
v 0.0144 2.6320 -3.8040
vt 0.7849 0.8839
vn -0.5000 0.0000 -0.8660
f 2185/2185/2185 2186/2186/2186 2187/2187/2187 2188/2188/2188
v 0.0144 2.6320 -3.8040
vt 0.7849 0.8683
vn 1.0000 0.0000 0.0032
v 0.0144 2.7720 -3.8040
vt 0.7849 0.9227
vn 1.0000 0.0000 0.0032
v 0.0140 2.7720 -3.6745
vt 0.7849 0.9230
vn 1.0000 0.0000 0.0032
v 0.0140 2.6320 -3.6745
vt 0.7849 0.8686
vn 1.0000 0.0000 0.0032
f 2189/2189/2189 2190/2190/2190 2191/2191/2191 2192/2192/2192
v -1.4564 2.7720 -2.9549
vt 0.7960 0.9695
vn 0.0000 1.0000 0.0000
v -1.3440 2.7720 -2.8905
vt 0.7960 0.9698
vn 0.0000 1.0000 0.0000
v 0.0140 2.7720 -3.6745
vt 0.7849 0.9698
vn 0.0000 1.0000 0.0000
v 0.0144 2.7720 -3.8040
vt 0.7849 0.9695
vn 0.0000 1.0000 0.0000
f 2193/2193/2193 2194/2194/2194 2195/2195/2195 2196/2196/2196
v 0.0140 2.8560 -3.6745
vt 0.7849 0.8842
vn 0.5000 0.0000 0.8660
v 0.0140 2.9960 -3.6745
vt 0.7849 0.9386
vn 0.5000 0.0000 0.8660
v -1.3440 2.9960 -2.8905
vt 0.7960 0.9386
vn 0.5000 0.0000 0.8660
v -1.3440 2.8560 -2.8905
vt 0.7960 0.8842
vn 0.5000 0.0000 0.8660
f 2197/2197/2197 2198/2198/2198 2199/2199/2199 2200/2200/2200
v -1.3440 2.8560 -2.8905
vt 0.7960 0.8686
vn -0.4972 0.0000 0.8676
v -1.3440 2.9960 -2.8905
vt 0.7960 0.9230
vn -0.4972 0.0000 0.8676
v -1.4564 2.9960 -2.9549
vt 0.7960 0.9227
vn -0.4972 0.0000 0.8676
v -1.4564 2.8560 -2.9549
vt 0.7960 0.8683
vn -0.4972 0.0000 0.8676
f 2201/2201/2201 2202/2202/2202 2203/2203/2203 2204/2204/2204
v -1.4564 2.8560 -2.9549
vt 0.7960 0.8839
vn -0.5000 0.0000 -0.8660
v -1.4564 2.9960 -2.9549
vt 0.7960 0.9383
vn -0.5000 0.0000 -0.8660
v 0.0144 2.9960 -3.8040
vt 0.7849 0.9383
vn -0.5000 0.0000 -0.8660
v 0.0144 2.8560 -3.8040
vt 0.7849 0.8839
vn -0.5000 0.0000 -0.8660
f 2205/2205/2205 2206/2206/2206 2207/2207/2207 2208/2208/2208
v 0.0144 2.8560 -3.8040
vt 0.7849 0.8683
vn 1.0000 0.0000 0.0032
v 0.0144 2.9960 -3.8040
vt 0.7849 0.9227
vn 1.0000 0.0000 0.0032
v 0.0140 2.9960 -3.6745
vt 0.7849 0.9230
vn 1.0000 0.0000 0.0032
v 0.0140 2.8560 -3.6745
vt 0.7849 0.8686
vn 1.0000 0.0000 0.0032
f 2209/2209/2209 2210/2210/2210 2211/2211/2211 2212/2212/2212
v -1.4564 2.9960 -2.9549
vt 0.7960 0.9695
vn 0.0000 1.0000 0.0000
v -1.3440 2.9960 -2.8905
vt 0.7960 0.9698
vn 0.0000 1.0000 0.0000
v 0.0140 2.9960 -3.6745
vt 0.7849 0.9698
vn 0.0000 1.0000 0.0000
v 0.0144 2.9960 -3.8040
vt 0.7849 0.9695
vn 0.0000 1.0000 0.0000
f 2213/2213/2213 2214/2214/2214 2215/2215/2215 2216/2216/2216
v 0.0140 2.8560 -3.6745
vt 0.7849 0.8686
vn 0.0000 -1.0000 -0.0000
v -1.3440 2.8560 -2.8905
vt 0.7960 0.8686
vn 0.0000 -1.0000 -0.0000
v -1.4564 2.8560 -2.9549
vt 0.7960 0.8839
vn 0.0000 -1.0000 -0.0000
v 0.0144 2.8560 -3.8040
vt 0.7849 0.8683
vn 0.0000 -1.0000 -0.0000
f 2217/2217/2217 2218/2218/2218 2219/2219/2219 2220/2220/2220
v 0.0140 2.6320 -3.6745
vt 0.7849 0.8686
vn 0.0000 -1.0000 -0.0000
v -1.3440 2.6320 -2.8905
vt 0.7960 0.8686
vn 0.0000 -1.0000 -0.0000
v -1.4564 2.6320 -2.9549
vt 0.7960 0.8839
vn 0.0000 -1.0000 -0.0000
v 0.0144 2.6320 -3.8040
vt 0.7849 0.8683
vn 0.0000 -1.0000 -0.0000
f 2221/2221/2221 2222/2222/2222 2223/2223/2223 2224/2224/2224
v -0.8862 1.6800 -2.2656
vt 0.7849 0.8529
vn -0.5000 0.0000 -0.8660
v -0.8862 1.8200 -2.2656
vt 0.7849 0.9073
vn -0.5000 0.0000 -0.8660
v 0.3262 1.8200 -2.9656
vt 0.7960 0.9073
vn -0.5000 0.0000 -0.8660
v 0.3262 1.6800 -2.9656
vt 0.7960 0.8529
vn -0.5000 0.0000 -0.8660
f 2225/2225/2225 2226/2226/2226 2227/2227/2227 2228/2228/2228
v 0.3962 1.6800 -2.8444
vt 0.7960 0.8526
vn 0.5000 0.0000 0.8660
v 0.3962 1.8200 -2.8444
vt 0.7960 0.9070
vn 0.5000 0.0000 0.8660
v -0.8162 1.8200 -2.1444
vt 0.7849 0.9070
vn 0.5000 0.0000 0.8660
v -0.8162 1.6800 -2.1444
vt 0.7849 0.8526
vn 0.5000 0.0000 0.8660
f 2229/2229/2229 2230/2230/2230 2231/2231/2231 2232/2232/2232
v 0.3962 1.8200 -2.8444
vt 0.7960 0.9383
vn 0.0000 1.0000 0.0000
v 0.3262 1.8200 -2.9656
vt 0.7960 0.9386
vn 0.0000 1.0000 0.0000
v -0.8862 1.8200 -2.2656
vt 0.7849 0.9386
vn 0.0000 1.0000 0.0000
v -0.8162 1.8200 -2.1444
vt 0.7849 0.9383
vn 0.0000 1.0000 0.0000
f 2233/2233/2233 2234/2234/2234 2235/2235/2235 2236/2236/2236
v -0.8862 1.6800 -2.2656
vt 0.7849 0.8373
vn 0.0000 -1.0000 -0.0000
v 0.3262 1.6800 -2.9656
vt 0.7960 0.8373
vn 0.0000 -1.0000 -0.0000
v 0.3962 1.6800 -2.8444
vt 0.7960 0.8526
vn 0.0000 -1.0000 -0.0000
v -0.8162 1.6800 -2.1444
vt 0.7849 0.8370
vn 0.0000 -1.0000 -0.0000
f 2237/2237/2237 2238/2238/2238 2239/2239/2239 2240/2240/2240
v -1.2362 1.6800 -2.8718
vt 0.7849 0.8529
vn -0.5000 0.0000 -0.8660
v -1.2362 1.8200 -2.8718
vt 0.7849 0.9073
vn -0.5000 0.0000 -0.8660
v -0.0238 1.8200 -3.5718
vt 0.7960 0.9073
vn -0.5000 0.0000 -0.8660
v -0.0238 1.6800 -3.5718
vt 0.7960 0.8529
vn -0.5000 0.0000 -0.8660
f 2241/2241/2241 2242/2242/2242 2243/2243/2243 2244/2244/2244
v 0.0462 1.6800 -3.4506
vt 0.7960 0.8526
vn 0.5000 0.0000 0.8660
v 0.0462 1.8200 -3.4506
vt 0.7960 0.9070
vn 0.5000 0.0000 0.8660
v -1.1662 1.8200 -2.7506
vt 0.7849 0.9070
vn 0.5000 0.0000 0.8660
v -1.1662 1.6800 -2.7506
vt 0.7849 0.8526
vn 0.5000 0.0000 0.8660
f 2245/2245/2245 2246/2246/2246 2247/2247/2247 2248/2248/2248
v 0.0462 1.8200 -3.4506
vt 0.7960 0.9383
vn 0.0000 1.0000 0.0000
v -0.0238 1.8200 -3.5718
vt 0.7960 0.9386
vn 0.0000 1.0000 0.0000
v -1.2362 1.8200 -2.8718
vt 0.7849 0.9386
vn 0.0000 1.0000 0.0000
v -1.1662 1.8200 -2.7506
vt 0.7849 0.9383
vn 0.0000 1.0000 0.0000
f 2249/2249/2249 2250/2250/2250 2251/2251/2251 2252/2252/2252
v -1.2362 1.6800 -2.8718
vt 0.7849 0.8373
vn 0.0000 -1.0000 -0.0000
v -0.0238 1.6800 -3.5718
vt 0.7960 0.8373
vn 0.0000 -1.0000 -0.0000
v 0.0462 1.6800 -3.4506
vt 0.7960 0.8526
vn 0.0000 -1.0000 -0.0000
v -1.1662 1.6800 -2.7506
vt 0.7849 0.8370
vn 0.0000 -1.0000 -0.0000
f 2253/2253/2253 2254/2254/2254 2255/2255/2255 2256/2256/2256
v -0.3503 1.2782 3.2646
vt 0.7849 0.8529
vn -0.8660 0.0000 -0.5000
v -0.3503 1.4336 3.2646
vt 0.7849 0.9073
vn -0.8660 0.0000 -0.5000
v 0.3119 1.4336 2.1177
vt 0.7960 0.9073
vn -0.8660 0.0000 -0.5000
v 0.3119 1.2782 2.1177
vt 0.7960 0.8529
vn -0.8660 0.0000 -0.5000
f 2257/2257/2257 2258/2258/2258 2259/2259/2259 2260/2260/2260
v 0.4161 1.2782 2.1779
vt 0.7960 0.8526
vn 0.8660 0.0000 0.5000
v 0.4161 1.4336 2.1779
vt 0.7960 0.9070
vn 0.8660 0.0000 0.5000
v -0.2461 1.4336 3.3248
vt 0.7849 0.9070
vn 0.8660 0.0000 0.5000
v -0.2461 1.2782 3.3248
vt 0.7849 0.8526
vn 0.8660 0.0000 0.5000
f 2261/2261/2261 2262/2262/2262 2263/2263/2263 2264/2264/2264
v -0.3503 1.2782 3.2646
vt 0.7849 0.8373
vn 0.0000 -1.0000 -0.0000
v 0.3119 1.2782 2.1177
vt 0.7960 0.8373
vn 0.0000 -1.0000 -0.0000
v 0.4161 1.2782 2.1779
vt 0.7960 0.8526
vn 0.0000 -1.0000 -0.0000
v -0.2461 1.2782 3.3248
vt 0.7849 0.8370
vn 0.0000 -1.0000 -0.0000
f 2265/2265/2265 2266/2266/2266 2267/2267/2267 2268/2268/2268
v 0.2652 0.0000 2.1081
vt 0.7849 0.8529
vn -0.8660 0.0000 -0.5000
v 0.2652 1.5540 2.1081
vt 0.7849 0.9073
vn -0.8660 0.0000 -0.5000
v 0.3706 1.5540 1.9257
vt 0.7960 0.9073
vn -0.8660 0.0000 -0.5000
v 0.3706 0.0000 1.9257
vt 0.7960 0.8529
vn -0.8660 0.0000 -0.5000
f 2269/2269/2269 2270/2270/2270 2271/2271/2271 2272/2272/2272
v 0.3706 0.0000 1.9257
vt 0.7960 0.8373
vn 0.5000 0.0000 -0.8660
v 0.3706 1.5540 1.9257
vt 0.7960 0.8917
vn 0.5000 0.0000 -0.8660
v 0.5531 1.5540 2.0310
vt 0.7960 0.8914
vn 0.5000 0.0000 -0.8660
v 0.5531 0.0000 2.0310
vt 0.7960 0.8370
vn 0.5000 0.0000 -0.8660
f 2273/2273/2273 2274/2274/2274 2275/2275/2275 2276/2276/2276
v 0.5531 0.0000 2.0310
vt 0.7960 0.8526
vn 0.8660 0.0000 0.5000
v 0.5531 1.5540 2.0310
vt 0.7960 0.9070
vn 0.8660 0.0000 0.5000
v 0.4477 1.5540 2.2135
vt 0.7849 0.9070
vn 0.8660 0.0000 0.5000
v 0.4477 0.0000 2.2135
vt 0.7849 0.8526
vn 0.8660 0.0000 0.5000
f 2277/2277/2277 2278/2278/2278 2279/2279/2279 2280/2280/2280
v 0.4477 0.0000 2.2135
vt 0.7849 0.8370
vn -0.5000 -0.0000 0.8660
v 0.4477 1.5540 2.2135
vt 0.7849 0.8914
vn -0.5000 -0.0000 0.8660
v 0.2652 1.5540 2.1081
vt 0.7849 0.8917
vn -0.5000 -0.0000 0.8660
v 0.2652 0.0000 2.1081
vt 0.7849 0.8373
vn -0.5000 -0.0000 0.8660
f 2281/2281/2281 2282/2282/2282 2283/2283/2283 2284/2284/2284
v 0.2652 0.0000 2.1081
vt 0.7849 0.8373
vn 0.0000 -1.0000 -0.0000
v 0.3706 0.0000 1.9257
vt 0.7960 0.8373
vn 0.0000 -1.0000 -0.0000
v 0.5531 0.0000 2.0310
vt 0.7960 0.8526
vn 0.0000 -1.0000 -0.0000
v 0.4477 0.0000 2.2135
vt 0.7849 0.8370
vn 0.0000 -1.0000 -0.0000
f 2285/2285/2285 2286/2286/2286 2287/2287/2287 2288/2288/2288
v -2.2506 0.0000 0.6556
vt 0.7849 0.8529
vn -0.8660 0.0000 -0.5000
v -2.2506 1.5540 0.6556
vt 0.7849 0.9073
vn -0.8660 0.0000 -0.5000
v -2.1452 1.5540 0.4732
vt 0.7960 0.9073
vn -0.8660 0.0000 -0.5000
v -2.1452 0.0000 0.4732
vt 0.7960 0.8529
vn -0.8660 0.0000 -0.5000
f 2289/2289/2289 2290/2290/2290 2291/2291/2291 2292/2292/2292
v -2.1452 0.0000 0.4732
vt 0.7960 0.8373
vn 0.5000 0.0000 -0.8660
v -2.1452 1.5540 0.4732
vt 0.7960 0.8917
vn 0.5000 0.0000 -0.8660
v -1.9627 1.5540 0.5785
vt 0.7960 0.8914
vn 0.5000 0.0000 -0.8660
v -1.9627 0.0000 0.5785
vt 0.7960 0.8370
vn 0.5000 0.0000 -0.8660
f 2293/2293/2293 2294/2294/2294 2295/2295/2295 2296/2296/2296
v -1.9627 0.0000 0.5785
vt 0.7960 0.8526
vn 0.8660 0.0000 0.5000
v -1.9627 1.5540 0.5785
vt 0.7960 0.9070
vn 0.8660 0.0000 0.5000
v -2.0681 1.5540 0.7610
vt 0.7849 0.9070
vn 0.8660 0.0000 0.5000
v -2.0681 0.0000 0.7610
vt 0.7849 0.8526
vn 0.8660 0.0000 0.5000
f 2297/2297/2297 2298/2298/2298 2299/2299/2299 2300/2300/2300
v -2.0681 0.0000 0.7610
vt 0.7849 0.8370
vn -0.5000 -0.0000 0.8660
v -2.0681 1.5540 0.7610
vt 0.7849 0.8914
vn -0.5000 -0.0000 0.8660
v -2.2506 1.5540 0.6556
vt 0.7849 0.8917
vn -0.5000 -0.0000 0.8660
v -2.2506 0.0000 0.6556
vt 0.7849 0.8373
vn -0.5000 -0.0000 0.8660
f 2301/2301/2301 2302/2302/2302 2303/2303/2303 2304/2304/2304
v -2.2506 0.0000 0.6556
vt 0.7849 0.8373
vn 0.0000 -1.0000 -0.0000
v -2.1452 0.0000 0.4732
vt 0.7960 0.8373
vn 0.0000 -1.0000 -0.0000
v -1.9627 0.0000 0.5785
vt 0.7960 0.8526
vn 0.0000 -1.0000 -0.0000
v -2.0681 0.0000 0.7610
vt 0.7849 0.8370
vn 0.0000 -1.0000 -0.0000
f 2305/2305/2305 2306/2306/2306 2307/2307/2307 2308/2308/2308
v -3.0031 0.0000 1.9590
vt 0.7849 0.8529
vn -0.8660 0.0000 -0.5000
v -3.0031 1.5540 1.9590
vt 0.7849 0.9073
vn -0.8660 0.0000 -0.5000
v -2.8977 1.5540 1.7765
vt 0.7960 0.9073
vn -0.8660 0.0000 -0.5000
v -2.8977 0.0000 1.7765
vt 0.7960 0.8529
vn -0.8660 0.0000 -0.5000
f 2309/2309/2309 2310/2310/2310 2311/2311/2311 2312/2312/2312
v -2.8977 0.0000 1.7765
vt 0.7960 0.8373
vn 0.5000 0.0000 -0.8660
v -2.8977 1.5540 1.7765
vt 0.7960 0.8917
vn 0.5000 0.0000 -0.8660
v -2.7152 1.5540 1.8819
vt 0.7960 0.8914
vn 0.5000 0.0000 -0.8660
v -2.7152 0.0000 1.8819
vt 0.7960 0.8370
vn 0.5000 0.0000 -0.8660
f 2313/2313/2313 2314/2314/2314 2315/2315/2315 2316/2316/2316
v -2.7152 0.0000 1.8819
vt 0.7960 0.8526
vn 0.8660 0.0000 0.5000
v -2.7152 1.5540 1.8819
vt 0.7960 0.9070
vn 0.8660 0.0000 0.5000
v -2.8206 1.5540 2.0643
vt 0.7849 0.9070
vn 0.8660 0.0000 0.5000
v -2.8206 0.0000 2.0643
vt 0.7849 0.8526
vn 0.8660 0.0000 0.5000
f 2317/2317/2317 2318/2318/2318 2319/2319/2319 2320/2320/2320
v -2.8206 0.0000 2.0643
vt 0.7849 0.8370
vn -0.5000 -0.0000 0.8660
v -2.8206 1.5540 2.0643
vt 0.7849 0.8914
vn -0.5000 -0.0000 0.8660
v -3.0031 1.5540 1.9590
vt 0.7849 0.8917
vn -0.5000 -0.0000 0.8660
v -3.0031 0.0000 1.9590
vt 0.7849 0.8373
vn -0.5000 -0.0000 0.8660
f 2321/2321/2321 2322/2322/2322 2323/2323/2323 2324/2324/2324
v -3.0031 0.0000 1.9590
vt 0.7849 0.8373
vn 0.0000 -1.0000 -0.0000
v -2.8977 0.0000 1.7765
vt 0.7960 0.8373
vn 0.0000 -1.0000 -0.0000
v -2.7152 0.0000 1.8819
vt 0.7960 0.8526
vn 0.0000 -1.0000 -0.0000
v -2.8206 0.0000 2.0643
vt 0.7849 0.8370
vn 0.0000 -1.0000 -0.0000
f 2325/2325/2325 2326/2326/2326 2327/2327/2327 2328/2328/2328
v -0.4873 0.0000 3.4115
vt 0.7849 0.8529
vn -0.8660 0.0000 -0.5000
v -0.4873 1.5540 3.4115
vt 0.7849 0.9073
vn -0.8660 0.0000 -0.5000
v -0.3819 1.5540 3.2290
vt 0.7960 0.9073
vn -0.8660 0.0000 -0.5000
v -0.3819 0.0000 3.2290
vt 0.7960 0.8529
vn -0.8660 0.0000 -0.5000
f 2329/2329/2329 2330/2330/2330 2331/2331/2331 2332/2332/2332
v -0.3819 0.0000 3.2290
vt 0.7960 0.8373
vn 0.5000 0.0000 -0.8660
v -0.3819 1.5540 3.2290
vt 0.7960 0.8917
vn 0.5000 0.0000 -0.8660
v -0.1994 1.5540 3.3344
vt 0.7960 0.8914
vn 0.5000 0.0000 -0.8660
v -0.1994 0.0000 3.3344
vt 0.7960 0.8370
vn 0.5000 0.0000 -0.8660
f 2333/2333/2333 2334/2334/2334 2335/2335/2335 2336/2336/2336
v -0.1994 0.0000 3.3344
vt 0.7960 0.8526
vn 0.8660 0.0000 0.5000
v -0.1994 1.5540 3.3344
vt 0.7960 0.9070
vn 0.8660 0.0000 0.5000
v -0.3048 1.5540 3.5168
vt 0.7849 0.9070
vn 0.8660 0.0000 0.5000
v -0.3048 0.0000 3.5168
vt 0.7849 0.8526
vn 0.8660 0.0000 0.5000
f 2337/2337/2337 2338/2338/2338 2339/2339/2339 2340/2340/2340
v -0.3048 0.0000 3.5168
vt 0.7849 0.8370
vn -0.5000 -0.0000 0.8660
v -0.3048 1.5540 3.5168
vt 0.7849 0.8914
vn -0.5000 -0.0000 0.8660
v -0.4873 1.5540 3.4115
vt 0.7849 0.8917
vn -0.5000 -0.0000 0.8660
v -0.4873 0.0000 3.4115
vt 0.7849 0.8373
vn -0.5000 -0.0000 0.8660
f 2341/2341/2341 2342/2342/2342 2343/2343/2343 2344/2344/2344
v -0.4873 0.0000 3.4115
vt 0.7849 0.8373
vn 0.0000 -1.0000 -0.0000
v -0.3819 0.0000 3.2290
vt 0.7960 0.8373
vn 0.0000 -1.0000 -0.0000
v -0.1994 0.0000 3.3344
vt 0.7960 0.8526
vn 0.0000 -1.0000 -0.0000
v -0.3048 0.0000 3.5168
vt 0.7849 0.8370
vn 0.0000 -1.0000 -0.0000
f 2345/2345/2345 2346/2346/2346 2347/2347/2347 2348/2348/2348
v -2.7509 1.2782 1.9135
vt 0.7849 0.8529
vn 0.5000 0.0000 -0.8660
v -2.7509 1.4336 1.9135
vt 0.7849 0.9073
vn 0.5000 0.0000 -0.8660
v -0.3915 1.4336 3.2757
vt 0.7960 0.9073
vn 0.5000 0.0000 -0.8660
v -0.3915 1.2782 3.2757
vt 0.7960 0.8529
vn 0.5000 0.0000 -0.8660
f 2349/2349/2349 2350/2350/2350 2351/2351/2351 2352/2352/2352
v -0.4517 1.2782 3.3799
vt 0.7960 0.8526
vn -0.5000 -0.0000 0.8660
v -0.4517 1.4336 3.3799
vt 0.7960 0.9070
vn -0.5000 -0.0000 0.8660
v -2.8111 1.4336 2.0177
vt 0.7849 0.9070
vn -0.5000 -0.0000 0.8660
v -2.8111 1.2782 2.0177
vt 0.7849 0.8526
vn -0.5000 -0.0000 0.8660
f 2353/2353/2353 2354/2354/2354 2355/2355/2355 2356/2356/2356
v -2.7509 1.2782 1.9135
vt 0.7849 0.8373
vn 0.0000 -1.0000 -0.0000
v -0.3915 1.2782 3.2757
vt 0.7960 0.8373
vn 0.0000 -1.0000 -0.0000
v -0.4517 1.2782 3.3799
vt 0.7960 0.8526
vn 0.0000 -1.0000 -0.0000
v -2.8111 1.2782 2.0177
vt 0.7849 0.8370
vn 0.0000 -1.0000 -0.0000
f 2357/2357/2357 2358/2358/2358 2359/2359/2359 2360/2360/2360
v -2.0997 1.2782 0.7254
vt 0.7849 0.8529
vn 0.8660 0.0000 0.5000
v -2.0997 1.4336 0.7254
vt 0.7849 0.9073
vn 0.8660 0.0000 0.5000
v -2.7619 1.4336 1.8723
vt 0.7960 0.9073
vn 0.8660 0.0000 0.5000
v -2.7619 1.2782 1.8723
vt 0.7960 0.8529
vn 0.8660 0.0000 0.5000
f 2361/2361/2361 2362/2362/2362 2363/2363/2363 2364/2364/2364
v -2.8661 1.2782 1.8121
vt 0.7960 0.8526
vn -0.8660 0.0000 -0.5000
v -2.8661 1.4336 1.8121
vt 0.7960 0.9070
vn -0.8660 0.0000 -0.5000
v -2.2039 1.4336 0.6652
vt 0.7849 0.9070
vn -0.8660 0.0000 -0.5000
v -2.2039 1.2782 0.6652
vt 0.7849 0.8526
vn -0.8660 0.0000 -0.5000
f 2365/2365/2365 2366/2366/2366 2367/2367/2367 2368/2368/2368
v -2.0997 1.2782 0.7254
vt 0.7849 0.8373
vn 0.0000 -1.0000 -0.0000
v -2.7619 1.2782 1.8723
vt 0.7960 0.8373
vn 0.0000 -1.0000 -0.0000
v -2.8661 1.2782 1.8121
vt 0.7960 0.8526
vn 0.0000 -1.0000 -0.0000
v -2.2039 1.2782 0.6652
vt 0.7849 0.8370
vn 0.0000 -1.0000 -0.0000
f 2369/2369/2369 2370/2370/2370 2371/2371/2371 2372/2372/2372
v 0.3008 1.2782 2.0766
vt 0.7849 0.8529
vn -0.5000 -0.0000 0.8660
v 0.3008 1.4336 2.0766
vt 0.7849 0.9073
vn -0.5000 -0.0000 0.8660
v -2.0586 1.4336 0.7144
vt 0.7960 0.9073
vn -0.5000 -0.0000 0.8660
v -2.0586 1.2782 0.7144
vt 0.7960 0.8529
vn -0.5000 -0.0000 0.8660
f 2373/2373/2373 2374/2374/2374 2375/2375/2375 2376/2376/2376
v -1.9984 1.2782 0.6101
vt 0.7960 0.8526
vn 0.5000 0.0000 -0.8660
v -1.9984 1.4336 0.6101
vt 0.7960 0.9070
vn 0.5000 0.0000 -0.8660
v 0.3610 1.4336 1.9723
vt 0.7849 0.9070
vn 0.5000 0.0000 -0.8660
v 0.3610 1.2782 1.9723
vt 0.7849 0.8526
vn 0.5000 0.0000 -0.8660
f 2377/2377/2377 2378/2378/2378 2379/2379/2379 2380/2380/2380
v 0.3008 1.2782 2.0766
vt 0.7849 0.8373
vn 0.0000 -1.0000 -0.0000
v -2.0586 1.2782 0.7144
vt 0.7960 0.8373
vn 0.0000 -1.0000 -0.0000
v -1.9984 1.2782 0.6101
vt 0.7960 0.8526
vn 0.0000 -1.0000 -0.0000
v 0.3610 1.2782 1.9723
vt 0.7849 0.8370
vn 0.0000 -1.0000 -0.0000
f 2381/2381/2381 2382/2382/2382 2383/2383/2383 2384/2384/2384
v -3.0647 1.5540 1.9755
vt 0.6479 0.6572
vn -0.1344 0.9632 0.2328
v -0.2883 1.5540 3.5785
vt 0.6479 0.6056
vn -0.1344 0.9632 0.2328
v -1.2250 1.8060 1.9950
vt 0.6630 0.6619
vn -0.1344 0.9632 0.2328
f 2385/2385/2385 2386/2386/2386 2387/2387/2387
v -0.2883 1.5540 3.5785
vt 0.6479 0.6056
vn -0.5000 -0.0000 0.8660
v -3.0647 1.5540 1.9755
vt 0.6479 0.6572
vn -0.5000 -0.0000 0.8660
v -3.0647 1.4140 1.9755
vt 0.6479 0.6572
vn -0.5000 -0.0000 0.8660
v -0.2883 1.4140 3.5785
vt 0.6479 0.6056
vn -0.5000 -0.0000 0.8660
f 2388/2388/2388 2389/2389/2389 2390/2390/2390 2391/2391/2391
v 0.6147 1.5540 2.0145
vt 0.7103 0.6056
vn 0.8660 0.0000 0.5000
v -0.2883 1.5540 3.5785
vt 0.6479 0.6572
vn 0.8660 0.0000 0.5000
v -0.2883 1.4140 3.5785
vt 0.6479 0.6572
vn 0.8660 0.0000 0.5000
v 0.6147 1.4140 2.0145
vt 0.7103 0.6056
vn 0.8660 0.0000 0.5000
f 2392/2392/2392 2393/2393/2393 2394/2394/2394 2395/2395/2395
v -3.0647 1.5540 1.9755
vt 0.6479 0.6056
vn -0.8660 0.0000 -0.5000
v -2.1617 1.5540 0.4115
vt 0.7103 0.6572
vn -0.8660 0.0000 -0.5000
v -2.1617 1.4140 0.4115
vt 0.7103 0.6572
vn -0.8660 0.0000 -0.5000
v -3.0647 1.4140 1.9755
vt 0.6479 0.6056
vn -0.8660 0.0000 -0.5000
f 2396/2396/2396 2397/2397/2397 2398/2398/2398 2399/2399/2399
v -2.1617 1.5540 0.4115
vt 0.7103 0.6056
vn 0.5000 0.0000 -0.8660
v 0.6147 1.5540 2.0145
vt 0.7103 0.6572
vn 0.5000 0.0000 -0.8660
v 0.6147 1.4140 2.0145
vt 0.7103 0.6572
vn 0.5000 0.0000 -0.8660
v -2.1617 1.4140 0.4115
vt 0.7103 0.6056
vn 0.5000 0.0000 -0.8660
f 2400/2400/2400 2401/2401/2401 2402/2402/2402 2403/2403/2403
v -0.2883 1.4140 3.5785
vt 0.6479 0.5716
vn 0.0000 -1.0000 -0.0000
v -3.0647 1.4140 1.9755
vt 0.6479 0.5716
vn 0.0000 -1.0000 -0.0000
v -2.1617 1.4140 0.4115
vt 0.7103 0.5716
vn 0.0000 -1.0000 -0.0000
v 0.6147 1.4140 2.0145
vt 0.7103 0.5716
vn 0.0000 -1.0000 -0.0000
f 2404/2404/2404 2405/2405/2405 2406/2406/2406 2407/2407/2407
v 0.6147 1.5540 2.0145
vt 0.7103 0.6056
vn 0.1345 0.9879 0.0776
v -1.2250 1.8060 1.9950
vt 0.6630 0.6619
vn 0.1345 0.9879 0.0776
v -0.2883 1.5540 3.5785
vt 0.6479 0.6572
vn 0.1345 0.9879 0.0776
f 2408/2408/2408 2409/2409/2409 2410/2410/2410
v -2.1617 1.5540 0.4115
vt 0.7103 0.6572
vn -0.1345 0.9879 -0.0776
v -3.0647 1.5540 1.9755
vt 0.6479 0.6056
vn -0.1345 0.9879 -0.0776
v -1.2250 1.8060 1.9950
vt 0.6952 0.6619
vn -0.1345 0.9879 -0.0776
f 2411/2411/2411 2412/2412/2412 2413/2413/2413
v -2.1617 1.5540 0.4115
vt 0.7103 0.6056
vn 0.1344 0.9632 -0.2328
v -1.2250 1.8060 1.9950
vt 0.6952 0.6619
vn 0.1344 0.9632 -0.2328
v 0.6147 1.5540 2.0145
vt 0.7103 0.6572
vn 0.1344 0.9632 -0.2328
f 2414/2414/2414 2415/2415/2415 2416/2416/2416
v -2.9185 0.0000 -1.3789
vt 0.6507 0.7903
vn 0.8660 0.0000 0.5000
v -2.9185 2.6950 -1.3789
vt 0.6507 0.9597
vn 0.8660 0.0000 0.5000
v -2.9797 2.6950 -1.2728
vt 0.6507 0.9597
vn 0.8660 0.0000 0.5000
v -2.9797 0.0000 -1.2728
vt 0.6507 0.7903
vn 0.8660 0.0000 0.5000
f 2417/2417/2417 2418/2418/2418 2419/2419/2419 2420/2420/2420
v -2.9797 0.0000 -1.2728
vt 0.6507 0.7590
vn -0.5000 -0.0000 0.8660
v -2.9797 2.6950 -1.2728
vt 0.6507 0.9285
vn -0.5000 -0.0000 0.8660
v -3.0858 2.6950 -1.3341
vt 0.6584 0.9285
vn -0.5000 -0.0000 0.8660
v -3.0858 0.0000 -1.3341
vt 0.6584 0.7590
vn -0.5000 -0.0000 0.8660
f 2421/2421/2421 2422/2422/2422 2423/2423/2423 2424/2424/2424
v -3.0858 0.0000 -1.3341
vt 0.6584 0.7903
vn -0.8660 0.0000 -0.5000
v -3.0858 2.6950 -1.3341
vt 0.6584 0.9597
vn -0.8660 0.0000 -0.5000
v -3.0246 2.6950 -1.4402
vt 0.6584 0.9597
vn -0.8660 0.0000 -0.5000
v -3.0246 0.0000 -1.4402
vt 0.6584 0.7903
vn -0.8660 0.0000 -0.5000
f 2425/2425/2425 2426/2426/2426 2427/2427/2427 2428/2428/2428
v -3.0246 0.0000 -1.4402
vt 0.6584 0.7590
vn 0.5000 0.0000 -0.8660
v -3.0246 2.6950 -1.4402
vt 0.6584 0.9285
vn 0.5000 0.0000 -0.8660
v -2.9185 2.6950 -1.3789
vt 0.6507 0.9285
vn 0.5000 0.0000 -0.8660
v -2.9185 0.0000 -1.3789
vt 0.6507 0.7590
vn 0.5000 0.0000 -0.8660
f 2429/2429/2429 2430/2430/2430 2431/2431/2431 2432/2432/2432
v -2.9797 0.0000 -1.2728
vt 0.6507 0.7903
vn 0.0000 -1.0000 -0.0000
v -3.0858 0.0000 -1.3341
vt 0.6584 0.7903
vn 0.0000 -1.0000 -0.0000
v -3.0246 0.0000 -1.4402
vt 0.6584 0.7903
vn 0.0000 -1.0000 -0.0000
v -2.9185 0.0000 -1.3789
vt 0.6507 0.7903
vn 0.0000 -1.0000 -0.0000
f 2433/2433/2433 2434/2434/2434 2435/2435/2435 2436/2436/2436
v -3.0858 2.6950 -1.3341
vt 0.6584 0.9597
vn 0.0000 1.0000 0.0000
v -2.9797 2.6950 -1.2728
vt 0.6507 0.9597
vn 0.0000 1.0000 0.0000
v -2.9185 2.6950 -1.3789
vt 0.6507 0.9597
vn 0.0000 1.0000 0.0000
v -3.0246 2.6950 -1.4402
vt 0.6584 0.9597
vn 0.0000 1.0000 0.0000
f 2437/2437/2437 2438/2438/2438 2439/2439/2439 2440/2440/2440
v -2.6735 0.0000 -1.8033
vt 0.6507 0.7903
vn 0.8660 0.0000 0.5000
v -2.6735 2.6950 -1.8033
vt 0.6507 0.9597
vn 0.8660 0.0000 0.5000
v -2.7347 2.6950 -1.6972
vt 0.6507 0.9597
vn 0.8660 0.0000 0.5000
v -2.7347 0.0000 -1.6972
vt 0.6507 0.7903
vn 0.8660 0.0000 0.5000
f 2441/2441/2441 2442/2442/2442 2443/2443/2443 2444/2444/2444
v -2.7347 0.0000 -1.6972
vt 0.6507 0.7590
vn -0.5000 -0.0000 0.8660
v -2.7347 2.6950 -1.6972
vt 0.6507 0.9285
vn -0.5000 -0.0000 0.8660
v -2.8408 2.6950 -1.7584
vt 0.6584 0.9285
vn -0.5000 -0.0000 0.8660
v -2.8408 0.0000 -1.7584
vt 0.6584 0.7590
vn -0.5000 -0.0000 0.8660
f 2445/2445/2445 2446/2446/2446 2447/2447/2447 2448/2448/2448
v -2.8408 0.0000 -1.7584
vt 0.6584 0.7903
vn -0.8660 0.0000 -0.5000
v -2.8408 2.6950 -1.7584
vt 0.6584 0.9597
vn -0.8660 0.0000 -0.5000
v -2.7796 2.6950 -1.8645
vt 0.6584 0.9597
vn -0.8660 0.0000 -0.5000
v -2.7796 0.0000 -1.8645
vt 0.6584 0.7903
vn -0.8660 0.0000 -0.5000
f 2449/2449/2449 2450/2450/2450 2451/2451/2451 2452/2452/2452
v -2.7796 0.0000 -1.8645
vt 0.6584 0.7590
vn 0.5000 0.0000 -0.8660
v -2.7796 2.6950 -1.8645
vt 0.6584 0.9285
vn 0.5000 0.0000 -0.8660
v -2.6735 2.6950 -1.8033
vt 0.6507 0.9285
vn 0.5000 0.0000 -0.8660
v -2.6735 0.0000 -1.8033
vt 0.6507 0.7590
vn 0.5000 0.0000 -0.8660
f 2453/2453/2453 2454/2454/2454 2455/2455/2455 2456/2456/2456
v -2.7347 0.0000 -1.6972
vt 0.6507 0.7903
vn 0.0000 -1.0000 -0.0000
v -2.8408 0.0000 -1.7584
vt 0.6584 0.7903
vn 0.0000 -1.0000 -0.0000
v -2.7796 0.0000 -1.8645
vt 0.6584 0.7903
vn 0.0000 -1.0000 -0.0000
v -2.6735 0.0000 -1.8033
vt 0.6507 0.7903
vn 0.0000 -1.0000 -0.0000
f 2457/2457/2457 2458/2458/2458 2459/2459/2459 2460/2460/2460
v -2.8408 2.6950 -1.7584
vt 0.6584 0.9597
vn 0.0000 1.0000 0.0000
v -2.7347 2.6950 -1.6972
vt 0.6507 0.9597
vn 0.0000 1.0000 0.0000
v -2.6735 2.6950 -1.8033
vt 0.6507 0.9597
vn 0.0000 1.0000 0.0000
v -2.7796 2.6950 -1.8645
vt 0.6584 0.9597
vn 0.0000 1.0000 0.0000
f 2461/2461/2461 2462/2462/2462 2463/2463/2463 2464/2464/2464
v -2.7058 2.3165 -1.9800
vt 0.6580 0.9359
vn 0.8660 0.0000 0.5000
v -2.7138 2.4995 -1.9661
vt 0.6580 0.9474
vn 0.8660 0.0000 0.5000
v -3.1409 2.4248 -1.2263
vt 0.6580 0.9427
vn 0.8660 0.0000 0.5000
v -3.1329 2.2418 -1.2402
vt 0.6580 0.9312
vn 0.8660 0.0000 0.5000
f 2465/2465/2465 2466/2466/2466 2467/2467/2467 2468/2468/2468
v -3.1329 2.2418 -1.2402
vt 0.6580 0.9468
vn -0.4981 -0.0872 0.8627
v -3.1409 2.4248 -1.2263
vt 0.6580 0.9584
vn -0.4981 -0.0872 0.8627
v -3.1940 2.4248 -1.2570
vt 0.6618 0.9584
vn -0.4981 -0.0872 0.8627
v -3.1860 2.2418 -1.2708
vt 0.6618 0.9468
vn -0.4981 -0.0872 0.8627
f 2469/2469/2469 2470/2470/2470 2471/2471/2471 2472/2472/2472
v -3.1860 2.2418 -1.2708
vt 0.6618 0.9312
vn -0.8660 0.0000 -0.5000
v -3.1940 2.4248 -1.2570
vt 0.6618 0.9427
vn -0.8660 0.0000 -0.5000
v -2.7669 2.4995 -1.9967
vt 0.6618 0.9474
vn -0.8660 0.0000 -0.5000
v -2.7589 2.3165 -2.0106
vt 0.6618 0.9359
vn -0.8660 0.0000 -0.5000
f 2473/2473/2473 2474/2474/2474 2475/2475/2475 2476/2476/2476
v -2.7589 2.3165 -2.0106
vt 0.6618 0.9515
vn 0.4981 0.0872 -0.8627
v -2.7669 2.4995 -1.9967
vt 0.6618 0.9631
vn 0.4981 0.0872 -0.8627
v -2.7138 2.4995 -1.9661
vt 0.6580 0.9631
vn 0.4981 0.0872 -0.8627
v -2.7058 2.3165 -1.9800
vt 0.6580 0.9515
vn 0.4981 0.0872 -0.8627
f 2477/2477/2477 2478/2478/2478 2479/2479/2479 2480/2480/2480
v -3.1329 2.2418 -1.2402
vt 0.6580 0.9312
vn 0.0436 -0.9962 -0.0755
v -3.1860 2.2418 -1.2708
vt 0.6618 0.9312
vn 0.0436 -0.9962 -0.0755
v -2.7589 2.3165 -2.0106
vt 0.6618 0.9359
vn 0.0436 -0.9962 -0.0755
v -2.7058 2.3165 -1.9800
vt 0.6580 0.9359
vn 0.0436 -0.9962 -0.0755
f 2481/2481/2481 2482/2482/2482 2483/2483/2483 2484/2484/2484
v -3.1940 2.4248 -1.2570
vt 0.6618 0.9740
vn -0.0436 0.9962 0.0755
v -3.1409 2.4248 -1.2263
vt 0.6580 0.9740
vn -0.0436 0.9962 0.0755
v -2.7138 2.4995 -1.9661
vt 0.6580 0.9787
vn -0.0436 0.9962 0.0755
v -2.7669 2.4995 -1.9967
vt 0.6618 0.9787
vn -0.0436 0.9962 0.0755
f 2485/2485/2485 2486/2486/2486 2487/2487/2487 2488/2488/2488
v -2.7130 1.7884 -1.9675
vt 0.6580 0.9027
vn 0.8660 0.0000 0.5000
v -2.7130 1.9722 -1.9675
vt 0.6580 0.9143
vn 0.8660 0.0000 0.5000
v -3.1418 1.9722 -1.2249
vt 0.6580 0.9143
vn 0.8660 0.0000 0.5000
v -3.1418 1.7884 -1.2249
vt 0.6580 0.9027
vn 0.8660 0.0000 0.5000
f 2489/2489/2489 2490/2490/2490 2491/2491/2491 2492/2492/2492
v -3.1418 1.7884 -1.2249
vt 0.6580 0.9183
vn -0.5000 -0.0000 0.8660
v -3.1418 1.9722 -1.2249
vt 0.6580 0.9299
vn -0.5000 -0.0000 0.8660
v -3.1948 1.9722 -1.2555
vt 0.6618 0.9299
vn -0.5000 -0.0000 0.8660
v -3.1948 1.7884 -1.2555
vt 0.6618 0.9183
vn -0.5000 -0.0000 0.8660
f 2493/2493/2493 2494/2494/2494 2495/2495/2495 2496/2496/2496
v -3.1948 1.7884 -1.2555
vt 0.6618 0.9027
vn -0.8660 0.0000 -0.5000
v -3.1948 1.9722 -1.2555
vt 0.6618 0.9143
vn -0.8660 0.0000 -0.5000
v -2.7661 1.9722 -1.9982
vt 0.6618 0.9143
vn -0.8660 0.0000 -0.5000
v -2.7661 1.7884 -1.9982
vt 0.6618 0.9027
vn -0.8660 0.0000 -0.5000
f 2497/2497/2497 2498/2498/2498 2499/2499/2499 2500/2500/2500
v -2.7661 1.7884 -1.9982
vt 0.6618 0.9183
vn 0.5000 0.0000 -0.8660
v -2.7661 1.9722 -1.9982
vt 0.6618 0.9299
vn 0.5000 0.0000 -0.8660
v -2.7130 1.9722 -1.9675
vt 0.6580 0.9299
vn 0.5000 0.0000 -0.8660
v -2.7130 1.7884 -1.9675
vt 0.6580 0.9183
vn 0.5000 0.0000 -0.8660
f 2501/2501/2501 2502/2502/2502 2503/2503/2503 2504/2504/2504
v -3.1418 1.7884 -1.2249
vt 0.6580 0.9027
vn 0.0000 -1.0000 -0.0000
v -3.1948 1.7884 -1.2555
vt 0.6618 0.9027
vn 0.0000 -1.0000 -0.0000
v -2.7661 1.7884 -1.9982
vt 0.6618 0.9027
vn 0.0000 -1.0000 -0.0000
v -2.7130 1.7884 -1.9675
vt 0.6580 0.9027
vn 0.0000 -1.0000 -0.0000
f 2505/2505/2505 2506/2506/2506 2507/2507/2507 2508/2508/2508
v -3.1948 1.9722 -1.2555
vt 0.6618 0.9455
vn 0.0000 1.0000 0.0000
v -3.1418 1.9722 -1.2249
vt 0.6580 0.9455
vn 0.0000 1.0000 0.0000
v -2.7130 1.9722 -1.9675
vt 0.6580 0.9455
vn 0.0000 1.0000 0.0000
v -2.7661 1.9722 -1.9982
vt 0.6618 0.9455
vn 0.0000 1.0000 0.0000
f 2509/2509/2509 2510/2510/2510 2511/2511/2511 2512/2512/2512
v -2.7218 1.2618 -1.9523
vt 0.6580 0.8696
vn 0.8660 0.0000 0.5000
v -2.7138 1.4448 -1.9661
vt 0.6580 0.8811
vn 0.8660 0.0000 0.5000
v -3.1409 1.5196 -1.2263
vt 0.6580 0.8858
vn 0.8660 0.0000 0.5000
v -3.1490 1.3365 -1.2125
vt 0.6580 0.8743
vn 0.8660 0.0000 0.5000
f 2513/2513/2513 2514/2514/2514 2515/2515/2515 2516/2516/2516
v -3.1490 1.3365 -1.2125
vt 0.6580 0.8899
vn -0.4981 0.0872 0.8627
v -3.1409 1.5196 -1.2263
vt 0.6580 0.9014
vn -0.4981 0.0872 0.8627
v -3.1940 1.5196 -1.2570
vt 0.6618 0.9014
vn -0.4981 0.0872 0.8627
v -3.2020 1.3365 -1.2431
vt 0.6618 0.8899
vn -0.4981 0.0872 0.8627
f 2517/2517/2517 2518/2518/2518 2519/2519/2519 2520/2520/2520
v -3.2020 1.3365 -1.2431
vt 0.6618 0.8743
vn -0.8660 0.0000 -0.5000
v -3.1940 1.5196 -1.2570
vt 0.6618 0.8858
vn -0.8660 0.0000 -0.5000
v -2.7669 1.4448 -1.9967
vt 0.6618 0.8811
vn -0.8660 0.0000 -0.5000
v -2.7749 1.2618 -1.9829
vt 0.6618 0.8696
vn -0.8660 0.0000 -0.5000
f 2521/2521/2521 2522/2522/2522 2523/2523/2523 2524/2524/2524
v -2.7749 1.2618 -1.9829
vt 0.6618 0.8852
vn 0.4981 -0.0872 -0.8627
v -2.7669 1.4448 -1.9967
vt 0.6618 0.8967
vn 0.4981 -0.0872 -0.8627
v -2.7138 1.4448 -1.9661
vt 0.6580 0.8967
vn 0.4981 -0.0872 -0.8627
v -2.7218 1.2618 -1.9523
vt 0.6580 0.8852
vn 0.4981 -0.0872 -0.8627
f 2525/2525/2525 2526/2526/2526 2527/2527/2527 2528/2528/2528
v -3.1490 1.3365 -1.2125
vt 0.6580 0.8743
vn -0.0436 -0.9962 0.0755
v -3.2020 1.3365 -1.2431
vt 0.6618 0.8743
vn -0.0436 -0.9962 0.0755
v -2.7749 1.2618 -1.9829
vt 0.6618 0.8696
vn -0.0436 -0.9962 0.0755
v -2.7218 1.2618 -1.9523
vt 0.6580 0.8696
vn -0.0436 -0.9962 0.0755
f 2529/2529/2529 2530/2530/2530 2531/2531/2531 2532/2532/2532
v -3.1940 1.5196 -1.2570
vt 0.6618 0.9171
vn 0.0436 0.9962 -0.0755
v -3.1409 1.5196 -1.2263
vt 0.6580 0.9171
vn 0.0436 0.9962 -0.0755
v -2.7138 1.4448 -1.9661
vt 0.6580 0.9124
vn 0.0436 0.9962 -0.0755
v -2.7669 1.4448 -1.9967
vt 0.6618 0.9124
vn 0.0436 0.9962 -0.0755
f 2533/2533/2533 2534/2534/2534 2535/2535/2535 2536/2536/2536
v -2.7130 0.8085 -1.9675
vt 0.6580 0.8411
vn 0.8660 0.0000 0.5000
v -2.7130 0.9922 -1.9675
vt 0.6580 0.8526
vn 0.8660 0.0000 0.5000
v -3.1418 0.9922 -1.2249
vt 0.6580 0.8526
vn 0.8660 0.0000 0.5000
v -3.1418 0.8085 -1.2249
vt 0.6580 0.8411
vn 0.8660 0.0000 0.5000
f 2537/2537/2537 2538/2538/2538 2539/2539/2539 2540/2540/2540
v -3.1418 0.8085 -1.2249
vt 0.6580 0.8567
vn -0.5000 -0.0000 0.8660
v -3.1418 0.9922 -1.2249
vt 0.6580 0.8683
vn -0.5000 -0.0000 0.8660
v -3.1948 0.9922 -1.2555
vt 0.6618 0.8683
vn -0.5000 -0.0000 0.8660
v -3.1948 0.8085 -1.2555
vt 0.6618 0.8567
vn -0.5000 -0.0000 0.8660
f 2541/2541/2541 2542/2542/2542 2543/2543/2543 2544/2544/2544
v -3.1948 0.8085 -1.2555
vt 0.6618 0.8411
vn -0.8660 0.0000 -0.5000
v -3.1948 0.9922 -1.2555
vt 0.6618 0.8526
vn -0.8660 0.0000 -0.5000
v -2.7661 0.9922 -1.9982
vt 0.6618 0.8526
vn -0.8660 0.0000 -0.5000
v -2.7661 0.8085 -1.9982
vt 0.6618 0.8411
vn -0.8660 0.0000 -0.5000
f 2545/2545/2545 2546/2546/2546 2547/2547/2547 2548/2548/2548
v -2.7661 0.8085 -1.9982
vt 0.6618 0.8567
vn 0.5000 0.0000 -0.8660
v -2.7661 0.9922 -1.9982
vt 0.6618 0.8683
vn 0.5000 0.0000 -0.8660
v -2.7130 0.9922 -1.9675
vt 0.6580 0.8683
vn 0.5000 0.0000 -0.8660
v -2.7130 0.8085 -1.9675
vt 0.6580 0.8567
vn 0.5000 0.0000 -0.8660
f 2549/2549/2549 2550/2550/2550 2551/2551/2551 2552/2552/2552
v -3.1418 0.8085 -1.2249
vt 0.6580 0.8411
vn 0.0000 -1.0000 -0.0000
v -3.1948 0.8085 -1.2555
vt 0.6618 0.8411
vn 0.0000 -1.0000 -0.0000
v -2.7661 0.8085 -1.9982
vt 0.6618 0.8411
vn 0.0000 -1.0000 -0.0000
v -2.7130 0.8085 -1.9675
vt 0.6580 0.8411
vn 0.0000 -1.0000 -0.0000
f 2553/2553/2553 2554/2554/2554 2555/2555/2555 2556/2556/2556
v -3.1948 0.9922 -1.2555
vt 0.6618 0.8839
vn 0.0000 1.0000 0.0000
v -3.1418 0.9922 -1.2249
vt 0.6580 0.8839
vn 0.0000 1.0000 0.0000
v -2.7130 0.9922 -1.9675
vt 0.6580 0.8839
vn 0.0000 1.0000 0.0000
v -2.7661 0.9922 -1.9982
vt 0.6618 0.8839
vn 0.0000 1.0000 0.0000
f 2557/2557/2557 2558/2558/2558 2559/2559/2559 2560/2560/2560
v -2.7058 0.3565 -1.9800
vt 0.6580 0.8127
vn 0.8660 0.0000 0.5000
v -2.7138 0.5396 -1.9661
vt 0.6580 0.8242
vn 0.8660 0.0000 0.5000
v -3.1409 0.4648 -1.2263
vt 0.6580 0.8195
vn 0.8660 0.0000 0.5000
v -3.1329 0.2818 -1.2402
vt 0.6580 0.8080
vn 0.8660 0.0000 0.5000
f 2561/2561/2561 2562/2562/2562 2563/2563/2563 2564/2564/2564
v -3.1329 0.2818 -1.2402
vt 0.6580 0.8236
vn -0.4981 -0.0872 0.8627
v -3.1409 0.4648 -1.2263
vt 0.6580 0.8351
vn -0.4981 -0.0872 0.8627
v -3.1940 0.4648 -1.2570
vt 0.6618 0.8351
vn -0.4981 -0.0872 0.8627
v -3.1860 0.2818 -1.2708
vt 0.6618 0.8236
vn -0.4981 -0.0872 0.8627
f 2565/2565/2565 2566/2566/2566 2567/2567/2567 2568/2568/2568
v -3.1860 0.2818 -1.2708
vt 0.6618 0.8080
vn -0.8660 0.0000 -0.5000
v -3.1940 0.4648 -1.2570
vt 0.6618 0.8195
vn -0.8660 0.0000 -0.5000
v -2.7669 0.5396 -1.9967
vt 0.6618 0.8242
vn -0.8660 0.0000 -0.5000
v -2.7589 0.3565 -2.0106
vt 0.6618 0.8127
vn -0.8660 0.0000 -0.5000
f 2569/2569/2569 2570/2570/2570 2571/2571/2571 2572/2572/2572
v -2.7589 0.3565 -2.0106
vt 0.6618 0.8283
vn 0.4981 0.0872 -0.8627
v -2.7669 0.5396 -1.9967
vt 0.6618 0.8398
vn 0.4981 0.0872 -0.8627
v -2.7138 0.5396 -1.9661
vt 0.6580 0.8398
vn 0.4981 0.0872 -0.8627
v -2.7058 0.3565 -1.9800
vt 0.6580 0.8283
vn 0.4981 0.0872 -0.8627
f 2573/2573/2573 2574/2574/2574 2575/2575/2575 2576/2576/2576
v -3.1329 0.2818 -1.2402
vt 0.6580 0.8080
vn 0.0436 -0.9962 -0.0755
v -3.1860 0.2818 -1.2708
vt 0.6618 0.8080
vn 0.0436 -0.9962 -0.0755
v -2.7589 0.3565 -2.0106
vt 0.6618 0.8127
vn 0.0436 -0.9962 -0.0755
v -2.7058 0.3565 -1.9800
vt 0.6580 0.8127
vn 0.0436 -0.9962 -0.0755
f 2577/2577/2577 2578/2578/2578 2579/2579/2579 2580/2580/2580
v -3.1940 0.4648 -1.2570
vt 0.6618 0.8507
vn -0.0436 0.9962 0.0755
v -3.1409 0.4648 -1.2263
vt 0.6580 0.8507
vn -0.0436 0.9962 0.0755
v -2.7138 0.5396 -1.9661
vt 0.6580 0.8554
vn -0.0436 0.9962 0.0755
v -2.7669 0.5396 -1.9967
vt 0.6618 0.8554
vn -0.0436 0.9962 0.0755
f 2581/2581/2581 2582/2582/2582 2583/2583/2583 2584/2584/2584
v -2.0912 1.3300 -2.1642
vt 0.7849 0.8529
vn 0.8660 0.0000 0.5000
v -2.0912 1.4700 -2.1642
vt 0.7849 0.9073
vn 0.8660 0.0000 0.5000
v -3.0012 1.4700 -0.5881
vt 0.7960 0.9073
vn 0.8660 0.0000 0.5000
v -3.0012 1.3300 -0.5881
vt 0.7960 0.8529
vn 0.8660 0.0000 0.5000
f 2585/2585/2585 2586/2586/2586 2587/2587/2587 2588/2588/2588
v -3.0012 1.3300 -0.5881
vt 0.7960 0.8373
vn -0.5000 -0.0000 0.8660
v -3.0012 1.4700 -0.5881
vt 0.7960 0.8917
vn -0.5000 -0.0000 0.8660
v -3.1225 1.4700 -0.6581
vt 0.7960 0.8914
vn -0.5000 -0.0000 0.8660
v -3.1225 1.3300 -0.6581
vt 0.7960 0.8370
vn -0.5000 -0.0000 0.8660
f 2589/2589/2589 2590/2590/2590 2591/2591/2591 2592/2592/2592
v -3.1225 1.3300 -0.6581
vt 0.7960 0.8526
vn -0.8660 0.0000 -0.5000
v -3.1225 1.4700 -0.6581
vt 0.7960 0.9070
vn -0.8660 0.0000 -0.5000
v -2.2125 1.4700 -2.2342
vt 0.7849 0.9070
vn -0.8660 0.0000 -0.5000
v -2.2125 1.3300 -2.2342
vt 0.7849 0.8526
vn -0.8660 0.0000 -0.5000
f 2593/2593/2593 2594/2594/2594 2595/2595/2595 2596/2596/2596
v -2.2125 1.3300 -2.2342
vt 0.7849 0.8370
vn 0.5000 0.0000 -0.8660
v -2.2125 1.4700 -2.2342
vt 0.7849 0.8914
vn 0.5000 0.0000 -0.8660
v -2.0912 1.4700 -2.1642
vt 0.7849 0.8917
vn 0.5000 0.0000 -0.8660
v -2.0912 1.3300 -2.1642
vt 0.7849 0.8373
vn 0.5000 0.0000 -0.8660
f 2597/2597/2597 2598/2598/2598 2599/2599/2599 2600/2600/2600
v -3.1225 1.4700 -0.6581
vt 0.7960 0.9383
vn 0.0000 1.0000 0.0000
v -3.0012 1.4700 -0.5881
vt 0.7960 0.9386
vn 0.0000 1.0000 0.0000
v -2.0912 1.4700 -2.1642
vt 0.7849 0.9386
vn 0.0000 1.0000 0.0000
v -2.2125 1.4700 -2.2342
vt 0.7849 0.9383
vn 0.0000 1.0000 0.0000
f 2601/2601/2601 2602/2602/2602 2603/2603/2603 2604/2604/2604
v -1.4850 1.3300 -1.8142
vt 0.7849 0.8529
vn 0.8660 0.0000 0.5000
v -1.4850 1.4700 -1.8142
vt 0.7849 0.9073
vn 0.8660 0.0000 0.5000
v -2.3950 1.4700 -0.2381
vt 0.7960 0.9073
vn 0.8660 0.0000 0.5000
v -2.3950 1.3300 -0.2381
vt 0.7960 0.8529
vn 0.8660 0.0000 0.5000
f 2605/2605/2605 2606/2606/2606 2607/2607/2607 2608/2608/2608
v -2.3950 1.3300 -0.2381
vt 0.7960 0.8373
vn -0.5000 -0.0000 0.8660
v -2.3950 1.4700 -0.2381
vt 0.7960 0.8917
vn -0.5000 -0.0000 0.8660
v -2.5163 1.4700 -0.3081
vt 0.7960 0.8914
vn -0.5000 -0.0000 0.8660
v -2.5163 1.3300 -0.3081
vt 0.7960 0.8370
vn -0.5000 -0.0000 0.8660
f 2609/2609/2609 2610/2610/2610 2611/2611/2611 2612/2612/2612
v -2.5163 1.3300 -0.3081
vt 0.7960 0.8526
vn -0.8660 0.0000 -0.5000
v -2.5163 1.4700 -0.3081
vt 0.7960 0.9070
vn -0.8660 0.0000 -0.5000
v -1.6063 1.4700 -1.8842
vt 0.7849 0.9070
vn -0.8660 0.0000 -0.5000
v -1.6063 1.3300 -1.8842
vt 0.7849 0.8526
vn -0.8660 0.0000 -0.5000
f 2613/2613/2613 2614/2614/2614 2615/2615/2615 2616/2616/2616
v -1.6063 1.3300 -1.8842
vt 0.7849 0.8370
vn 0.5000 0.0000 -0.8660
v -1.6063 1.4700 -1.8842
vt 0.7849 0.8914
vn 0.5000 0.0000 -0.8660
v -1.4850 1.4700 -1.8142
vt 0.7849 0.8917
vn 0.5000 0.0000 -0.8660
v -1.4850 1.3300 -1.8142
vt 0.7849 0.8373
vn 0.5000 0.0000 -0.8660
f 2617/2617/2617 2618/2618/2618 2619/2619/2619 2620/2620/2620
v -2.5163 1.4700 -0.3081
vt 0.7960 0.9383
vn 0.0000 1.0000 0.0000
v -2.3950 1.4700 -0.2381
vt 0.7960 0.9386
vn 0.0000 1.0000 0.0000
v -1.4850 1.4700 -1.8142
vt 0.7849 0.9386
vn 0.0000 1.0000 0.0000
v -1.6063 1.4700 -1.8842
vt 0.7849 0.9383
vn 0.0000 1.0000 0.0000
f 2621/2621/2621 2622/2622/2622 2623/2623/2623 2624/2624/2624
v -2.0912 1.3300 -2.1642
vt 0.7849 0.8098
vn 0.0000 -1.0000 -0.0000
v -3.0012 1.3300 -0.5881
vt 0.7960 0.8098
vn 0.0000 -1.0000 -0.0000
v -3.1225 1.3300 -0.6581
vt 0.7960 0.8098
vn 0.0000 -1.0000 -0.0000
v -2.2125 1.3300 -2.2342
vt 0.7849 0.8098
vn 0.0000 -1.0000 -0.0000
f 2625/2625/2625 2626/2626/2626 2627/2627/2627 2628/2628/2628
v -1.4850 1.3300 -1.8142
vt 0.7849 0.8098
vn 0.0000 -1.0000 -0.0000
v -2.3950 1.3300 -0.2381
vt 0.7960 0.8098
vn 0.0000 -1.0000 -0.0000
v -2.5163 1.3300 -0.3081
vt 0.7960 0.8098
vn 0.0000 -1.0000 -0.0000
v -1.6063 1.3300 -1.8842
vt 0.7849 0.8098
vn 0.0000 -1.0000 -0.0000
f 2629/2629/2629 2630/2630/2630 2631/2631/2631 2632/2632/2632
v -3.0734 1.4700 -0.9531
vt 0.7960 0.8526
vn 0.5000 0.0000 -0.8660
v -3.0734 1.5400 -0.9531
vt 0.7960 0.9070
vn 0.5000 0.0000 -0.8660
v -2.1641 1.5400 -0.4281
vt 0.7849 0.9070
vn 0.5000 0.0000 -0.8660
v -2.1641 1.4700 -0.4281
vt 0.7849 0.8526
vn 0.5000 0.0000 -0.8660
f 2633/2633/2633 2634/2634/2634 2635/2635/2635 2636/2636/2636
v -3.2134 1.4700 -0.7106
vt 0.7960 0.8373
vn -0.8660 0.0000 -0.5000
v -3.2134 1.5400 -0.7106
vt 0.7960 0.8917
vn -0.8660 0.0000 -0.5000
v -3.0734 1.5400 -0.9531
vt 0.7960 0.8914
vn -0.8660 0.0000 -0.5000
v -3.0734 1.4700 -0.9531
vt 0.7960 0.8370
vn -0.8660 0.0000 -0.5000
f 2637/2637/2637 2638/2638/2638 2639/2639/2639 2640/2640/2640
v -3.0734 1.5400 -0.9531
vt 0.7960 0.9383
vn 0.0000 1.0000 0.0000
v -3.2134 1.5400 -0.7106
vt 0.7960 0.9386
vn 0.0000 1.0000 0.0000
v -2.3041 1.5400 -0.1856
vt 0.7849 0.9386
vn 0.0000 1.0000 0.0000
v -2.1641 1.5400 -0.4281
vt 0.7849 0.9383
vn 0.0000 1.0000 0.0000
f 2641/2641/2641 2642/2642/2642 2643/2643/2643 2644/2644/2644
v -2.1641 1.4700 -0.4281
vt 0.7849 0.8370
vn 0.8660 0.0000 0.5000
v -2.1641 1.5400 -0.4281
vt 0.7849 0.8914
vn 0.8660 0.0000 0.5000
v -2.3041 1.5400 -0.1856
vt 0.7849 0.8917
vn 0.8660 0.0000 0.5000
v -2.3041 1.4700 -0.1856
vt 0.7849 0.8373
vn 0.8660 0.0000 0.5000
f 2645/2645/2645 2646/2646/2646 2647/2647/2647 2648/2648/2648
v -2.3041 1.4700 -0.1856
vt 0.7849 0.8529
vn -0.5000 -0.0000 0.8660
v -2.3041 1.5400 -0.1856
vt 0.7849 0.9073
vn -0.5000 -0.0000 0.8660
v -3.2134 1.5400 -0.7106
vt 0.7960 0.9073
vn -0.5000 -0.0000 0.8660
v -3.2134 1.4700 -0.7106
vt 0.7960 0.8529
vn -0.5000 -0.0000 0.8660
f 2649/2649/2649 2650/2650/2650 2651/2651/2651 2652/2652/2652
v -2.1641 1.4700 -0.4281
vt 0.7849 0.8150
vn 0.0000 -1.0000 -0.0000
v -2.3041 1.4700 -0.1856
vt 0.7849 0.8150
vn 0.0000 -1.0000 -0.0000
v -3.2134 1.4700 -0.7106
vt 0.7960 0.8150
vn 0.0000 -1.0000 -0.0000
v -3.0734 1.4700 -0.9531
vt 0.7960 0.8150
vn 0.0000 -1.0000 -0.0000
f 2653/2653/2653 2654/2654/2654 2655/2655/2655 2656/2656/2656
v -2.8809 1.4700 -1.2865
vt 0.7960 0.8526
vn 0.5000 0.0000 -0.8660
v -2.8809 1.5400 -1.2865
vt 0.7960 0.9070
vn 0.5000 0.0000 -0.8660
v -1.9716 1.5400 -0.7615
vt 0.7849 0.9070
vn 0.5000 0.0000 -0.8660
v -1.9716 1.4700 -0.7615
vt 0.7849 0.8526
vn 0.5000 0.0000 -0.8660
f 2657/2657/2657 2658/2658/2658 2659/2659/2659 2660/2660/2660
v -3.0209 1.4700 -1.0440
vt 0.7960 0.8373
vn -0.8660 0.0000 -0.5000
v -3.0209 1.5400 -1.0440
vt 0.7960 0.8917
vn -0.8660 0.0000 -0.5000
v -2.8809 1.5400 -1.2865
vt 0.7960 0.8914
vn -0.8660 0.0000 -0.5000
v -2.8809 1.4700 -1.2865
vt 0.7960 0.8370
vn -0.8660 0.0000 -0.5000
f 2661/2661/2661 2662/2662/2662 2663/2663/2663 2664/2664/2664
v -2.8809 1.5400 -1.2865
vt 0.7960 0.9383
vn 0.0000 1.0000 0.0000
v -3.0209 1.5400 -1.0440
vt 0.7960 0.9386
vn 0.0000 1.0000 0.0000
v -2.1116 1.5400 -0.5190
vt 0.7849 0.9386
vn 0.0000 1.0000 0.0000
v -1.9716 1.5400 -0.7615
vt 0.7849 0.9383
vn 0.0000 1.0000 0.0000
f 2665/2665/2665 2666/2666/2666 2667/2667/2667 2668/2668/2668
v -1.9716 1.4700 -0.7615
vt 0.7849 0.8370
vn 0.8660 0.0000 0.5000
v -1.9716 1.5400 -0.7615
vt 0.7849 0.8914
vn 0.8660 0.0000 0.5000
v -2.1116 1.5400 -0.5190
vt 0.7849 0.8917
vn 0.8660 0.0000 0.5000
v -2.1116 1.4700 -0.5190
vt 0.7849 0.8373
vn 0.8660 0.0000 0.5000
f 2669/2669/2669 2670/2670/2670 2671/2671/2671 2672/2672/2672
v -2.1116 1.4700 -0.5190
vt 0.7849 0.8529
vn -0.5000 -0.0000 0.8660
v -2.1116 1.5400 -0.5190
vt 0.7849 0.9073
vn -0.5000 -0.0000 0.8660
v -3.0209 1.5400 -1.0440
vt 0.7960 0.9073
vn -0.5000 -0.0000 0.8660
v -3.0209 1.4700 -1.0440
vt 0.7960 0.8529
vn -0.5000 -0.0000 0.8660
f 2673/2673/2673 2674/2674/2674 2675/2675/2675 2676/2676/2676
v -1.9716 1.4700 -0.7615
vt 0.7849 0.8150
vn 0.0000 -1.0000 -0.0000
v -2.1116 1.4700 -0.5190
vt 0.7849 0.8150
vn 0.0000 -1.0000 -0.0000
v -3.0209 1.4700 -1.0440
vt 0.7960 0.8150
vn 0.0000 -1.0000 -0.0000
v -2.8809 1.4700 -1.2865
vt 0.7960 0.8150
vn 0.0000 -1.0000 -0.0000
f 2677/2677/2677 2678/2678/2678 2679/2679/2679 2680/2680/2680
v -2.6884 1.4700 -1.6199
vt 0.7960 0.8526
vn 0.5000 0.0000 -0.8660
v -2.6884 1.5400 -1.6199
vt 0.7960 0.9070
vn 0.5000 0.0000 -0.8660
v -1.7791 1.5400 -1.0949
vt 0.7849 0.9070
vn 0.5000 0.0000 -0.8660
v -1.7791 1.4700 -1.0949
vt 0.7849 0.8526
vn 0.5000 0.0000 -0.8660
f 2681/2681/2681 2682/2682/2682 2683/2683/2683 2684/2684/2684
v -2.8284 1.4700 -1.3774
vt 0.7960 0.8373
vn -0.8660 0.0000 -0.5000
v -2.8284 1.5400 -1.3774
vt 0.7960 0.8917
vn -0.8660 0.0000 -0.5000
v -2.6884 1.5400 -1.6199
vt 0.7960 0.8914
vn -0.8660 0.0000 -0.5000
v -2.6884 1.4700 -1.6199
vt 0.7960 0.8370
vn -0.8660 0.0000 -0.5000
f 2685/2685/2685 2686/2686/2686 2687/2687/2687 2688/2688/2688
v -2.6884 1.5400 -1.6199
vt 0.7960 0.9383
vn 0.0000 1.0000 0.0000
v -2.8284 1.5400 -1.3774
vt 0.7960 0.9386
vn 0.0000 1.0000 0.0000
v -1.9191 1.5400 -0.8524
vt 0.7849 0.9386
vn 0.0000 1.0000 0.0000
v -1.7791 1.5400 -1.0949
vt 0.7849 0.9383
vn 0.0000 1.0000 0.0000
f 2689/2689/2689 2690/2690/2690 2691/2691/2691 2692/2692/2692
v -1.7791 1.4700 -1.0949
vt 0.7849 0.8370
vn 0.8660 0.0000 0.5000
v -1.7791 1.5400 -1.0949
vt 0.7849 0.8914
vn 0.8660 0.0000 0.5000
v -1.9191 1.5400 -0.8524
vt 0.7849 0.8917
vn 0.8660 0.0000 0.5000
v -1.9191 1.4700 -0.8524
vt 0.7849 0.8373
vn 0.8660 0.0000 0.5000
f 2693/2693/2693 2694/2694/2694 2695/2695/2695 2696/2696/2696
v -1.9191 1.4700 -0.8524
vt 0.7849 0.8529
vn -0.5000 -0.0000 0.8660
v -1.9191 1.5400 -0.8524
vt 0.7849 0.9073
vn -0.5000 -0.0000 0.8660
v -2.8284 1.5400 -1.3774
vt 0.7960 0.9073
vn -0.5000 -0.0000 0.8660
v -2.8284 1.4700 -1.3774
vt 0.7960 0.8529
vn -0.5000 -0.0000 0.8660
f 2697/2697/2697 2698/2698/2698 2699/2699/2699 2700/2700/2700
v -1.7791 1.4700 -1.0949
vt 0.7849 0.8150
vn 0.0000 -1.0000 -0.0000
v -1.9191 1.4700 -0.8524
vt 0.7849 0.8150
vn 0.0000 -1.0000 -0.0000
v -2.8284 1.4700 -1.3774
vt 0.7960 0.8150
vn 0.0000 -1.0000 -0.0000
v -2.6884 1.4700 -1.6199
vt 0.7960 0.8150
vn 0.0000 -1.0000 -0.0000
f 2701/2701/2701 2702/2702/2702 2703/2703/2703 2704/2704/2704
v -2.4959 1.4700 -1.9533
vt 0.7960 0.8526
vn 0.5000 0.0000 -0.8660
v -2.4959 1.5400 -1.9533
vt 0.7960 0.9070
vn 0.5000 0.0000 -0.8660
v -1.5866 1.5400 -1.4283
vt 0.7849 0.9070
vn 0.5000 0.0000 -0.8660
v -1.5866 1.4700 -1.4283
vt 0.7849 0.8526
vn 0.5000 0.0000 -0.8660
f 2705/2705/2705 2706/2706/2706 2707/2707/2707 2708/2708/2708
v -2.6359 1.4700 -1.7108
vt 0.7960 0.8373
vn -0.8660 0.0000 -0.5000
v -2.6359 1.5400 -1.7108
vt 0.7960 0.8917
vn -0.8660 0.0000 -0.5000
v -2.4959 1.5400 -1.9533
vt 0.7960 0.8914
vn -0.8660 0.0000 -0.5000
v -2.4959 1.4700 -1.9533
vt 0.7960 0.8370
vn -0.8660 0.0000 -0.5000
f 2709/2709/2709 2710/2710/2710 2711/2711/2711 2712/2712/2712
v -2.4959 1.5400 -1.9533
vt 0.7960 0.9383
vn 0.0000 1.0000 0.0000
v -2.6359 1.5400 -1.7108
vt 0.7960 0.9386
vn 0.0000 1.0000 0.0000
v -1.7266 1.5400 -1.1858
vt 0.7849 0.9386
vn 0.0000 1.0000 0.0000
v -1.5866 1.5400 -1.4283
vt 0.7849 0.9383
vn 0.0000 1.0000 0.0000
f 2713/2713/2713 2714/2714/2714 2715/2715/2715 2716/2716/2716
v -1.5866 1.4700 -1.4283
vt 0.7849 0.8370
vn 0.8660 0.0000 0.5000
v -1.5866 1.5400 -1.4283
vt 0.7849 0.8914
vn 0.8660 0.0000 0.5000
v -1.7266 1.5400 -1.1858
vt 0.7849 0.8917
vn 0.8660 0.0000 0.5000
v -1.7266 1.4700 -1.1858
vt 0.7849 0.8373
vn 0.8660 0.0000 0.5000
f 2717/2717/2717 2718/2718/2718 2719/2719/2719 2720/2720/2720
v -1.7266 1.4700 -1.1858
vt 0.7849 0.8529
vn -0.5000 -0.0000 0.8660
v -1.7266 1.5400 -1.1858
vt 0.7849 0.9073
vn -0.5000 -0.0000 0.8660
v -2.6359 1.5400 -1.7108
vt 0.7960 0.9073
vn -0.5000 -0.0000 0.8660
v -2.6359 1.4700 -1.7108
vt 0.7960 0.8529
vn -0.5000 -0.0000 0.8660
f 2721/2721/2721 2722/2722/2722 2723/2723/2723 2724/2724/2724
v -1.5866 1.4700 -1.4283
vt 0.7849 0.8150
vn 0.0000 -1.0000 -0.0000
v -1.7266 1.4700 -1.1858
vt 0.7849 0.8150
vn 0.0000 -1.0000 -0.0000
v -2.6359 1.4700 -1.7108
vt 0.7960 0.8150
vn 0.0000 -1.0000 -0.0000
v -2.4959 1.4700 -1.9533
vt 0.7960 0.8150
vn 0.0000 -1.0000 -0.0000
f 2725/2725/2725 2726/2726/2726 2727/2727/2727 2728/2728/2728
v -2.3034 1.4700 -2.2867
vt 0.7960 0.8526
vn 0.5000 0.0000 -0.8660
v -2.3034 1.5400 -2.2867
vt 0.7960 0.9070
vn 0.5000 0.0000 -0.8660
v -1.3941 1.5400 -1.7617
vt 0.7849 0.9070
vn 0.5000 0.0000 -0.8660
v -1.3941 1.4700 -1.7617
vt 0.7849 0.8526
vn 0.5000 0.0000 -0.8660
f 2729/2729/2729 2730/2730/2730 2731/2731/2731 2732/2732/2732
v -2.4434 1.4700 -2.0443
vt 0.7960 0.8373
vn -0.8660 0.0000 -0.5000
v -2.4434 1.5400 -2.0443
vt 0.7960 0.8917
vn -0.8660 0.0000 -0.5000
v -2.3034 1.5400 -2.2867
vt 0.7960 0.8914
vn -0.8660 0.0000 -0.5000
v -2.3034 1.4700 -2.2867
vt 0.7960 0.8370
vn -0.8660 0.0000 -0.5000
f 2733/2733/2733 2734/2734/2734 2735/2735/2735 2736/2736/2736
v -2.3034 1.5400 -2.2867
vt 0.7960 0.9383
vn 0.0000 1.0000 0.0000
v -2.4434 1.5400 -2.0443
vt 0.7960 0.9386
vn 0.0000 1.0000 0.0000
v -1.5341 1.5400 -1.5193
vt 0.7849 0.9386
vn 0.0000 1.0000 0.0000
v -1.3941 1.5400 -1.7617
vt 0.7849 0.9383
vn 0.0000 1.0000 0.0000
f 2737/2737/2737 2738/2738/2738 2739/2739/2739 2740/2740/2740
v -1.3941 1.4700 -1.7617
vt 0.7849 0.8370
vn 0.8660 0.0000 0.5000
v -1.3941 1.5400 -1.7617
vt 0.7849 0.8914
vn 0.8660 0.0000 0.5000
v -1.5341 1.5400 -1.5193
vt 0.7849 0.8917
vn 0.8660 0.0000 0.5000
v -1.5341 1.4700 -1.5193
vt 0.7849 0.8373
vn 0.8660 0.0000 0.5000
f 2741/2741/2741 2742/2742/2742 2743/2743/2743 2744/2744/2744
v -1.5341 1.4700 -1.5193
vt 0.7849 0.8529
vn -0.5000 -0.0000 0.8660
v -1.5341 1.5400 -1.5193
vt 0.7849 0.9073
vn -0.5000 -0.0000 0.8660
v -2.4434 1.5400 -2.0443
vt 0.7960 0.9073
vn -0.5000 -0.0000 0.8660
v -2.4434 1.4700 -2.0443
vt 0.7960 0.8529
vn -0.5000 -0.0000 0.8660
f 2745/2745/2745 2746/2746/2746 2747/2747/2747 2748/2748/2748
v -1.3941 1.4700 -1.7617
vt 0.7849 0.8150
vn 0.0000 -1.0000 -0.0000
v -1.5341 1.4700 -1.5193
vt 0.7849 0.8150
vn 0.0000 -1.0000 -0.0000
v -2.4434 1.4700 -2.0443
vt 0.7960 0.8150
vn 0.0000 -1.0000 -0.0000
v -2.3034 1.4700 -2.2867
vt 0.7960 0.8150
vn 0.0000 -1.0000 -0.0000
f 2749/2749/2749 2750/2750/2750 2751/2751/2751 2752/2752/2752
v -1.7113 0.0000 -1.7024
vt 0.7849 0.8529
vn -0.8660 0.0000 -0.5000
v -1.7113 1.3300 -1.7024
vt 0.7849 0.9073
vn -0.8660 0.0000 -0.5000
v -1.6413 1.3300 -1.8236
vt 0.7960 0.9073
vn -0.8660 0.0000 -0.5000
v -1.6413 0.0000 -1.8236
vt 0.7960 0.8529
vn -0.8660 0.0000 -0.5000
f 2753/2753/2753 2754/2754/2754 2755/2755/2755 2756/2756/2756
v -1.6413 0.0000 -1.8236
vt 0.7960 0.8373
vn 0.5000 0.0000 -0.8660
v -1.6413 1.3300 -1.8236
vt 0.7960 0.8917
vn 0.5000 0.0000 -0.8660
v -1.5200 1.3300 -1.7536
vt 0.7960 0.8914
vn 0.5000 0.0000 -0.8660
v -1.5200 0.0000 -1.7536
vt 0.7960 0.8370
vn 0.5000 0.0000 -0.8660
f 2757/2757/2757 2758/2758/2758 2759/2759/2759 2760/2760/2760
v -1.5200 0.0000 -1.7536
vt 0.7960 0.8526
vn 0.8660 0.0000 0.5000
v -1.5200 1.3300 -1.7536
vt 0.7960 0.9070
vn 0.8660 0.0000 0.5000
v -1.5900 1.3300 -1.6324
vt 0.7849 0.9070
vn 0.8660 0.0000 0.5000
v -1.5900 0.0000 -1.6324
vt 0.7849 0.8526
vn 0.8660 0.0000 0.5000
f 2761/2761/2761 2762/2762/2762 2763/2763/2763 2764/2764/2764
v -1.5900 0.0000 -1.6324
vt 0.7849 0.8370
vn -0.5000 -0.0000 0.8660
v -1.5900 1.3300 -1.6324
vt 0.7849 0.8914
vn -0.5000 -0.0000 0.8660
v -1.7113 1.3300 -1.7024
vt 0.7849 0.8917
vn -0.5000 -0.0000 0.8660
v -1.7113 0.0000 -1.7024
vt 0.7849 0.8373
vn -0.5000 -0.0000 0.8660
f 2765/2765/2765 2766/2766/2766 2767/2767/2767 2768/2768/2768
v -2.3175 0.0000 -2.0524
vt 0.7849 0.8529
vn -0.8660 0.0000 -0.5000
v -2.3175 1.3300 -2.0524
vt 0.7849 0.9073
vn -0.8660 0.0000 -0.5000
v -2.2475 1.3300 -2.1736
vt 0.7960 0.9073
vn -0.8660 0.0000 -0.5000
v -2.2475 0.0000 -2.1736
vt 0.7960 0.8529
vn -0.8660 0.0000 -0.5000
f 2769/2769/2769 2770/2770/2770 2771/2771/2771 2772/2772/2772
v -2.2475 0.0000 -2.1736
vt 0.7960 0.8373
vn 0.5000 0.0000 -0.8660
v -2.2475 1.3300 -2.1736
vt 0.7960 0.8917
vn 0.5000 0.0000 -0.8660
v -2.1262 1.3300 -2.1036
vt 0.7960 0.8914
vn 0.5000 0.0000 -0.8660
v -2.1262 0.0000 -2.1036
vt 0.7960 0.8370
vn 0.5000 0.0000 -0.8660
f 2773/2773/2773 2774/2774/2774 2775/2775/2775 2776/2776/2776
v -2.1262 0.0000 -2.1036
vt 0.7960 0.8526
vn 0.8660 0.0000 0.5000
v -2.1262 1.3300 -2.1036
vt 0.7960 0.9070
vn 0.8660 0.0000 0.5000
v -2.1962 1.3300 -1.9824
vt 0.7849 0.9070
vn 0.8660 0.0000 0.5000
v -2.1962 0.0000 -1.9824
vt 0.7849 0.8526
vn 0.8660 0.0000 0.5000
f 2777/2777/2777 2778/2778/2778 2779/2779/2779 2780/2780/2780
v -2.1962 0.0000 -1.9824
vt 0.7849 0.8370
vn -0.5000 -0.0000 0.8660
v -2.1962 1.3300 -1.9824
vt 0.7849 0.8914
vn -0.5000 -0.0000 0.8660
v -2.3175 1.3300 -2.0524
vt 0.7849 0.8917
vn -0.5000 -0.0000 0.8660
v -2.3175 0.0000 -2.0524
vt 0.7849 0.8373
vn -0.5000 -0.0000 0.8660
f 2781/2781/2781 2782/2782/2782 2783/2783/2783 2784/2784/2784
v -2.4813 0.0000 -0.3687
vt 0.7849 0.8529
vn -0.8660 0.0000 -0.5000
v -2.4813 1.3300 -0.3687
vt 0.7849 0.9073
vn -0.8660 0.0000 -0.5000
v -2.4113 1.3300 -0.4899
vt 0.7960 0.9073
vn -0.8660 0.0000 -0.5000
v -2.4113 0.0000 -0.4899
vt 0.7960 0.8529
vn -0.8660 0.0000 -0.5000
f 2785/2785/2785 2786/2786/2786 2787/2787/2787 2788/2788/2788
v -2.4113 0.0000 -0.4899
vt 0.7960 0.8373
vn 0.5000 0.0000 -0.8660
v -2.4113 1.3300 -0.4899
vt 0.7960 0.8917
vn 0.5000 0.0000 -0.8660
v -2.2900 1.3300 -0.4199
vt 0.7960 0.8914
vn 0.5000 0.0000 -0.8660
v -2.2900 0.0000 -0.4199
vt 0.7960 0.8370
vn 0.5000 0.0000 -0.8660
f 2789/2789/2789 2790/2790/2790 2791/2791/2791 2792/2792/2792
v -2.2900 0.0000 -0.4199
vt 0.7960 0.8526
vn 0.8660 0.0000 0.5000
v -2.2900 1.3300 -0.4199
vt 0.7960 0.9070
vn 0.8660 0.0000 0.5000
v -2.3600 1.3300 -0.2987
vt 0.7849 0.9070
vn 0.8660 0.0000 0.5000
v -2.3600 0.0000 -0.2987
vt 0.7849 0.8526
vn 0.8660 0.0000 0.5000
f 2793/2793/2793 2794/2794/2794 2795/2795/2795 2796/2796/2796
v -2.3600 0.0000 -0.2987
vt 0.7849 0.8370
vn -0.5000 -0.0000 0.8660
v -2.3600 1.3300 -0.2987
vt 0.7849 0.8914
vn -0.5000 -0.0000 0.8660
v -2.4813 1.3300 -0.3687
vt 0.7849 0.8917
vn -0.5000 -0.0000 0.8660
v -2.4813 0.0000 -0.3687
vt 0.7849 0.8373
vn -0.5000 -0.0000 0.8660
f 2797/2797/2797 2798/2798/2798 2799/2799/2799 2800/2800/2800
v -3.0875 0.0000 -0.7187
vt 0.7849 0.8529
vn -0.8660 0.0000 -0.5000
v -3.0875 1.3300 -0.7187
vt 0.7849 0.9073
vn -0.8660 0.0000 -0.5000
v -3.0175 1.3300 -0.8399
vt 0.7960 0.9073
vn -0.8660 0.0000 -0.5000
v -3.0175 0.0000 -0.8399
vt 0.7960 0.8529
vn -0.8660 0.0000 -0.5000
f 2801/2801/2801 2802/2802/2802 2803/2803/2803 2804/2804/2804
v -3.0175 0.0000 -0.8399
vt 0.7960 0.8373
vn 0.5000 0.0000 -0.8660
v -3.0175 1.3300 -0.8399
vt 0.7960 0.8917
vn 0.5000 0.0000 -0.8660
v -2.8962 1.3300 -0.7699
vt 0.7960 0.8914
vn 0.5000 0.0000 -0.8660
v -2.8962 0.0000 -0.7699
vt 0.7960 0.8370
vn 0.5000 0.0000 -0.8660
f 2805/2805/2805 2806/2806/2806 2807/2807/2807 2808/2808/2808
v -2.8962 0.0000 -0.7699
vt 0.7960 0.8526
vn 0.8660 0.0000 0.5000
v -2.8962 1.3300 -0.7699
vt 0.7960 0.9070
vn 0.8660 0.0000 0.5000
v -2.9662 1.3300 -0.6487
vt 0.7849 0.9070
vn 0.8660 0.0000 0.5000
v -2.9662 0.0000 -0.6487
vt 0.7849 0.8526
vn 0.8660 0.0000 0.5000
f 2809/2809/2809 2810/2810/2810 2811/2811/2811 2812/2812/2812
v -2.9662 0.0000 -0.6487
vt 0.7849 0.8370
vn -0.5000 -0.0000 0.8660
v -2.9662 1.3300 -0.6487
vt 0.7849 0.8914
vn -0.5000 -0.0000 0.8660
v -3.0875 1.3300 -0.7187
vt 0.7849 0.8917
vn -0.5000 -0.0000 0.8660
v -3.0875 0.0000 -0.7187
vt 0.7849 0.8373
vn -0.5000 -0.0000 0.8660
f 2813/2813/2813 2814/2814/2814 2815/2815/2815 2816/2816/2816
v -2.4813 0.0000 -0.3687
vt 0.7849 0.8373
vn 0.0000 -1.0000 -0.0000
v -2.4113 0.0000 -0.4899
vt 0.7960 0.8373
vn 0.0000 -1.0000 -0.0000
v -2.2900 0.0000 -0.4199
vt 0.7960 0.8526
vn 0.0000 -1.0000 -0.0000
v -2.3600 0.0000 -0.2987
vt 0.7849 0.8370
vn 0.0000 -1.0000 -0.0000
f 2817/2817/2817 2818/2818/2818 2819/2819/2819 2820/2820/2820
v -1.7113 0.0000 -1.7024
vt 0.7849 0.8373
vn 0.0000 -1.0000 -0.0000
v -1.6413 0.0000 -1.8236
vt 0.7960 0.8373
vn 0.0000 -1.0000 -0.0000
v -1.5200 0.0000 -1.7536
vt 0.7960 0.8526
vn 0.0000 -1.0000 -0.0000
v -1.5900 0.0000 -1.6324
vt 0.7849 0.8370
vn 0.0000 -1.0000 -0.0000
f 2821/2821/2821 2822/2822/2822 2823/2823/2823 2824/2824/2824
v -2.3175 0.0000 -2.0524
vt 0.7849 0.8373
vn 0.0000 -1.0000 -0.0000
v -2.2475 0.0000 -2.1736
vt 0.7960 0.8373
vn 0.0000 -1.0000 -0.0000
v -2.1262 0.0000 -2.1036
vt 0.7960 0.8526
vn 0.0000 -1.0000 -0.0000
v -2.1962 0.0000 -1.9824
vt 0.7849 0.8370
vn 0.0000 -1.0000 -0.0000
f 2825/2825/2825 2826/2826/2826 2827/2827/2827 2828/2828/2828
v -3.0875 0.0000 -0.7187
vt 0.7849 0.8373
vn 0.0000 -1.0000 -0.0000
v -3.0175 0.0000 -0.8399
vt 0.7960 0.8373
vn 0.0000 -1.0000 -0.0000
v -2.8962 0.0000 -0.7699
vt 0.7960 0.8526
vn 0.0000 -1.0000 -0.0000
v -2.9662 0.0000 -0.6487
vt 0.7849 0.8370
vn 0.0000 -1.0000 -0.0000
f 2829/2829/2829 2830/2830/2830 2831/2831/2831 2832/2832/2832
v -2.4113 0.6300 -0.4899
vt 0.7849 0.8529
vn -0.8660 0.0000 -0.5000
v -2.4113 0.7700 -0.4899
vt 0.7849 0.9073
vn -0.8660 0.0000 -0.5000
v -1.7113 0.7700 -1.7024
vt 0.7960 0.9073
vn -0.8660 0.0000 -0.5000
v -1.7113 0.6300 -1.7024
vt 0.7960 0.8529
vn -0.8660 0.0000 -0.5000
f 2833/2833/2833 2834/2834/2834 2835/2835/2835 2836/2836/2836
v -1.5900 0.6300 -1.6324
vt 0.7960 0.8526
vn 0.8660 0.0000 0.5000
v -1.5900 0.7700 -1.6324
vt 0.7960 0.9070
vn 0.8660 0.0000 0.5000
v -2.2900 0.7700 -0.4199
vt 0.7849 0.9070
vn 0.8660 0.0000 0.5000
v -2.2900 0.6300 -0.4199
vt 0.7849 0.8526
vn 0.8660 0.0000 0.5000
f 2837/2837/2837 2838/2838/2838 2839/2839/2839 2840/2840/2840
v -1.5900 0.7700 -1.6324
vt 0.7960 0.9383
vn 0.0000 1.0000 0.0000
v -1.7113 0.7700 -1.7024
vt 0.7960 0.9386
vn 0.0000 1.0000 0.0000
v -2.4113 0.7700 -0.4899
vt 0.7849 0.9386
vn 0.0000 1.0000 0.0000
v -2.2900 0.7700 -0.4199
vt 0.7849 0.9383
vn 0.0000 1.0000 0.0000
f 2841/2841/2841 2842/2842/2842 2843/2843/2843 2844/2844/2844
v -2.4113 0.6300 -0.4899
vt 0.7849 0.8373
vn 0.0000 -1.0000 -0.0000
v -1.7113 0.6300 -1.7024
vt 0.7960 0.8373
vn 0.0000 -1.0000 -0.0000
v -1.5900 0.6300 -1.6324
vt 0.7960 0.8526
vn 0.0000 -1.0000 -0.0000
v -2.2900 0.6300 -0.4199
vt 0.7849 0.8370
vn 0.0000 -1.0000 -0.0000
f 2845/2845/2845 2846/2846/2846 2847/2847/2847 2848/2848/2848
v -3.0175 0.6300 -0.8399
vt 0.7849 0.8529
vn -0.8660 0.0000 -0.5000
v -3.0175 0.7700 -0.8399
vt 0.7849 0.9073
vn -0.8660 0.0000 -0.5000
v -2.3175 0.7700 -2.0524
vt 0.7960 0.9073
vn -0.8660 0.0000 -0.5000
v -2.3175 0.6300 -2.0524
vt 0.7960 0.8529
vn -0.8660 0.0000 -0.5000
f 2849/2849/2849 2850/2850/2850 2851/2851/2851 2852/2852/2852
v -2.1962 0.6300 -1.9824
vt 0.7960 0.8526
vn 0.8660 0.0000 0.5000
v -2.1962 0.7700 -1.9824
vt 0.7960 0.9070
vn 0.8660 0.0000 0.5000
v -2.8962 0.7700 -0.7699
vt 0.7849 0.9070
vn 0.8660 0.0000 0.5000
v -2.8962 0.6300 -0.7699
vt 0.7849 0.8526
vn 0.8660 0.0000 0.5000
f 2853/2853/2853 2854/2854/2854 2855/2855/2855 2856/2856/2856
v -2.1962 0.7700 -1.9824
vt 0.7960 0.9383
vn 0.0000 1.0000 0.0000
v -2.3175 0.7700 -2.0524
vt 0.7960 0.9386
vn 0.0000 1.0000 0.0000
v -3.0175 0.7700 -0.8399
vt 0.7849 0.9386
vn 0.0000 1.0000 0.0000
v -2.8962 0.7700 -0.7699
vt 0.7849 0.9383
vn 0.0000 1.0000 0.0000
f 2857/2857/2857 2858/2858/2858 2859/2859/2859 2860/2860/2860
v -3.0175 0.6300 -0.8399
vt 0.7849 0.8373
vn 0.0000 -1.0000 -0.0000
v -2.3175 0.6300 -2.0524
vt 0.7960 0.8373
vn 0.0000 -1.0000 -0.0000
v -2.1962 0.6300 -1.9824
vt 0.7960 0.8526
vn 0.0000 -1.0000 -0.0000
v -2.8962 0.6300 -0.7699
vt 0.7849 0.8370
vn 0.0000 -1.0000 -0.0000
f 2861/2861/2861 2862/2862/2862 2863/2863/2863 2864/2864/2864
v -2.2466 1.5260 -1.9791
vt 0.7849 0.8061
vn -0.5000 -0.0000 0.8660
v -2.2466 1.9912 -1.9791
vt 0.7849 0.8605
vn -0.5000 -0.0000 0.8660
v -2.3921 1.9912 -2.0631
vt 0.7960 0.8605
vn -0.5000 -0.0000 0.8660
v -2.3921 1.5260 -2.0631
vt 0.7960 0.8061
vn -0.5000 -0.0000 0.8660
f 2865/2865/2865 2866/2866/2866 2867/2867/2867 2868/2868/2868
v -3.1481 1.9912 -0.7537
vt 0.7960 0.8914
vn 0.0000 1.0000 0.0000
v -3.0026 1.9912 -0.6697
vt 0.7960 0.8917
vn 0.0000 1.0000 0.0000
v -2.9186 1.9912 -0.8152
vt 0.7849 0.8917
vn 0.0000 1.0000 0.0000
v -3.0641 1.9912 -0.8992
vt 0.7849 0.8914
vn 0.0000 1.0000 0.0000
f 2869/2869/2869 2870/2870/2870 2871/2871/2871 2872/2872/2872
v -3.0641 1.5260 -0.8992
vt 0.7849 0.7901
vn 0.5000 0.0000 -0.8660
v -3.0641 1.9912 -0.8992
vt 0.7849 0.8445
vn 0.5000 0.0000 -0.8660
v -2.9186 1.9912 -0.8152
vt 0.7849 0.8448
vn 0.5000 0.0000 -0.8660
v -2.9186 1.5260 -0.8152
vt 0.7849 0.7904
vn 0.5000 0.0000 -0.8660
f 2873/2873/2873 2874/2874/2874 2875/2875/2875 2876/2876/2876
v -3.0026 1.5260 -0.6697
vt 0.7960 0.7904
vn -0.5000 -0.0000 0.8660
v -3.0026 1.9912 -0.6697
vt 0.7960 0.8448
vn -0.5000 -0.0000 0.8660
v -3.1481 1.9912 -0.7537
vt 0.7960 0.8445
vn -0.5000 -0.0000 0.8660
v -3.1481 1.5260 -0.7537
vt 0.7960 0.7901
vn -0.5000 -0.0000 0.8660
f 2877/2877/2877 2878/2878/2878 2879/2879/2879 2880/2880/2880
v -2.9186 1.5260 -0.8152
vt 0.7849 0.8061
vn 0.8660 0.0000 0.5000
v -2.9186 1.9912 -0.8152
vt 0.7849 0.8605
vn 0.8660 0.0000 0.5000
v -3.0026 1.9912 -0.6697
vt 0.7960 0.8605
vn 0.8660 0.0000 0.5000
v -3.0026 1.5260 -0.6697
vt 0.7960 0.8061
vn 0.8660 0.0000 0.5000
f 2881/2881/2881 2882/2882/2882 2883/2883/2883 2884/2884/2884
v -3.1481 1.5260 -0.7537
vt 0.7960 0.8058
vn -0.8660 0.0000 -0.5000
v -3.1481 1.9912 -0.7537
vt 0.7960 0.8602
vn -0.8660 0.0000 -0.5000
v -3.0641 1.9912 -0.8992
vt 0.7849 0.8602
vn -0.8660 0.0000 -0.5000
v -3.0641 1.5260 -0.8992
vt 0.7849 0.8058
vn -0.8660 0.0000 -0.5000
f 2885/2885/2885 2886/2886/2886 2887/2887/2887 2888/2888/2888
v -2.3081 1.5260 -2.2086
vt 0.7960 0.8058
vn 0.5000 0.0000 -0.8660
v -2.3081 1.9912 -2.2086
vt 0.7960 0.8602
vn 0.5000 0.0000 -0.8660
v -2.1626 1.9912 -2.1246
vt 0.7849 0.8602
vn 0.5000 0.0000 -0.8660
v -2.1626 1.5260 -2.1246
vt 0.7849 0.8058
vn 0.5000 0.0000 -0.8660
f 2889/2889/2889 2890/2890/2890 2891/2891/2891 2892/2892/2892
v -2.3921 1.5260 -2.0631
vt 0.7960 0.7904
vn -0.8660 0.0000 -0.5000
v -2.3921 1.9912 -2.0631
vt 0.7960 0.8448
vn -0.8660 0.0000 -0.5000
v -2.3081 1.9912 -2.2086
vt 0.7960 0.8445
vn -0.8660 0.0000 -0.5000
v -2.3081 1.5260 -2.2086
vt 0.7960 0.7901
vn -0.8660 0.0000 -0.5000
f 2893/2893/2893 2894/2894/2894 2895/2895/2895 2896/2896/2896
v -2.3081 1.9912 -2.2086
vt 0.7960 0.8914
vn 0.0000 1.0000 0.0000
v -2.3921 1.9912 -2.0631
vt 0.7960 0.8917
vn 0.0000 1.0000 0.0000
v -2.2466 1.9912 -1.9791
vt 0.7849 0.8917
vn 0.0000 1.0000 0.0000
v -2.1626 1.9912 -2.1246
vt 0.7849 0.8914
vn 0.0000 1.0000 0.0000
f 2897/2897/2897 2898/2898/2898 2899/2899/2899 2900/2900/2900
v -2.1626 1.5260 -2.1246
vt 0.7849 0.7901
vn 0.8660 0.0000 0.5000
v -2.1626 1.9912 -2.1246
vt 0.7849 0.8445
vn 0.8660 0.0000 0.5000
v -2.2466 1.9912 -1.9791
vt 0.7849 0.8448
vn 0.8660 0.0000 0.5000
v -2.2466 1.5260 -1.9791
vt 0.7849 0.7904
vn 0.8660 0.0000 0.5000
f 2901/2901/2901 2902/2902/2902 2903/2903/2903 2904/2904/2904
v -2.3361 1.5820 -2.1601
vt 0.7849 0.8842
vn 0.8660 0.0000 0.5000
v -2.3361 1.7220 -2.1601
vt 0.7849 0.9386
vn 0.8660 0.0000 0.5000
v -3.1201 1.7220 -0.8022
vt 0.7960 0.9386
vn 0.8660 0.0000 0.5000
v -3.1201 1.5820 -0.8022
vt 0.7960 0.8842
vn 0.8660 0.0000 0.5000
f 2905/2905/2905 2906/2906/2906 2907/2907/2907 2908/2908/2908
v -3.1201 1.5820 -0.8022
vt 0.7960 0.8686
vn 0.0032 0.0000 1.0000
v -3.1201 1.7220 -0.8022
vt 0.7960 0.9230
vn 0.0032 0.0000 1.0000
v -3.2497 1.7220 -0.8018
vt 0.7960 0.9227
vn 0.0032 0.0000 1.0000
v -3.2497 1.5820 -0.8018
vt 0.7960 0.8683
vn 0.0032 0.0000 1.0000
f 2909/2909/2909 2910/2910/2910 2911/2911/2911 2912/2912/2912
v -3.2497 1.5820 -0.8018
vt 0.7960 0.8839
vn -0.8660 0.0000 -0.5000
v -3.2497 1.7220 -0.8018
vt 0.7960 0.9383
vn -0.8660 0.0000 -0.5000
v -2.4005 1.7220 -2.2725
vt 0.7849 0.9383
vn -0.8660 0.0000 -0.5000
v -2.4005 1.5820 -2.2725
vt 0.7849 0.8839
vn -0.8660 0.0000 -0.5000
f 2913/2913/2913 2914/2914/2914 2915/2915/2915 2916/2916/2916
v -2.4005 1.5820 -2.2725
vt 0.7849 0.8683
vn 0.8676 0.0000 -0.4972
v -2.4005 1.7220 -2.2725
vt 0.7849 0.9227
vn 0.8676 0.0000 -0.4972
v -2.3361 1.7220 -2.1601
vt 0.7849 0.9230
vn 0.8676 0.0000 -0.4972
v -2.3361 1.5820 -2.1601
vt 0.7849 0.8686
vn 0.8676 0.0000 -0.4972
f 2917/2917/2917 2918/2918/2918 2919/2919/2919 2920/2920/2920
v -3.2497 1.7220 -0.8018
vt 0.7960 0.9695
vn 0.0000 1.0000 0.0000
v -3.1201 1.7220 -0.8022
vt 0.7960 0.9698
vn 0.0000 1.0000 0.0000
v -2.3361 1.7220 -2.1601
vt 0.7849 0.9698
vn 0.0000 1.0000 0.0000
v -2.4005 1.7220 -2.2725
vt 0.7849 0.9695
vn 0.0000 1.0000 0.0000
f 2921/2921/2921 2922/2922/2922 2923/2923/2923 2924/2924/2924
v -2.3361 1.8060 -2.1601
vt 0.7849 0.8842
vn 0.8660 0.0000 0.5000
v -2.3361 1.9460 -2.1601
vt 0.7849 0.9386
vn 0.8660 0.0000 0.5000
v -3.1201 1.9460 -0.8022
vt 0.7960 0.9386
vn 0.8660 0.0000 0.5000
v -3.1201 1.8060 -0.8022
vt 0.7960 0.8842
vn 0.8660 0.0000 0.5000
f 2925/2925/2925 2926/2926/2926 2927/2927/2927 2928/2928/2928
v -3.1201 1.8060 -0.8022
vt 0.7960 0.8686
vn 0.0032 0.0000 1.0000
v -3.1201 1.9460 -0.8022
vt 0.7960 0.9230
vn 0.0032 0.0000 1.0000
v -3.2497 1.9460 -0.8018
vt 0.7960 0.9227
vn 0.0032 0.0000 1.0000
v -3.2497 1.8060 -0.8018
vt 0.7960 0.8683
vn 0.0032 0.0000 1.0000
f 2929/2929/2929 2930/2930/2930 2931/2931/2931 2932/2932/2932
v -3.2497 1.8060 -0.8018
vt 0.7960 0.8839
vn -0.8660 0.0000 -0.5000
v -3.2497 1.9460 -0.8018
vt 0.7960 0.9383
vn -0.8660 0.0000 -0.5000
v -2.4005 1.9460 -2.2725
vt 0.7849 0.9383
vn -0.8660 0.0000 -0.5000
v -2.4005 1.8060 -2.2725
vt 0.7849 0.8839
vn -0.8660 0.0000 -0.5000
f 2933/2933/2933 2934/2934/2934 2935/2935/2935 2936/2936/2936
v -2.4005 1.8060 -2.2725
vt 0.7849 0.8683
vn 0.8676 0.0000 -0.4972
v -2.4005 1.9460 -2.2725
vt 0.7849 0.9227
vn 0.8676 0.0000 -0.4972
v -2.3361 1.9460 -2.1601
vt 0.7849 0.9230
vn 0.8676 0.0000 -0.4972
v -2.3361 1.8060 -2.1601
vt 0.7849 0.8686
vn 0.8676 0.0000 -0.4972
f 2937/2937/2937 2938/2938/2938 2939/2939/2939 2940/2940/2940
v -3.2497 1.9460 -0.8018
vt 0.7960 0.9695
vn 0.0000 1.0000 0.0000
v -3.1201 1.9460 -0.8022
vt 0.7960 0.9698
vn 0.0000 1.0000 0.0000
v -2.3361 1.9460 -2.1601
vt 0.7849 0.9698
vn 0.0000 1.0000 0.0000
v -2.4005 1.9460 -2.2725
vt 0.7849 0.9695
vn 0.0000 1.0000 0.0000
f 2941/2941/2941 2942/2942/2942 2943/2943/2943 2944/2944/2944
v -2.3361 1.8060 -2.1601
vt 0.7849 0.8686
vn 0.0000 -1.0000 -0.0000
v -3.1201 1.8060 -0.8022
vt 0.7960 0.8686
vn 0.0000 -1.0000 -0.0000
v -3.2497 1.8060 -0.8018
vt 0.7960 0.8839
vn 0.0000 -1.0000 -0.0000
v -2.4005 1.8060 -2.2725
vt 0.7849 0.8683
vn 0.0000 -1.0000 -0.0000
f 2945/2945/2945 2946/2946/2946 2947/2947/2947 2948/2948/2948
v -2.3361 1.5820 -2.1601
vt 0.7849 0.8686
vn 0.0000 -1.0000 -0.0000
v -3.1201 1.5820 -0.8022
vt 0.7960 0.8686
vn 0.0000 -1.0000 -0.0000
v -3.2497 1.5820 -0.8018
vt 0.7960 0.8839
vn 0.0000 -1.0000 -0.0000
v -2.4005 1.5820 -2.2725
vt 0.7849 0.8683
vn 0.0000 -1.0000 -0.0000
f 2949/2949/2949 2950/2950/2950 2951/2951/2951 2952/2952/2952
v 0.3922 -0.0092 -2.3285
vt 0.6507 0.7903
vn -0.4943 -0.1506 -0.8561
v 0.1893 2.6550 -2.6801
vt 0.6507 0.9597
vn -0.4943 -0.1506 -0.8561
v 0.2954 2.6550 -2.7413
vt 0.6507 0.9597
vn -0.4943 -0.1506 -0.8561
v 0.4983 -0.0092 -2.3897
vt 0.6507 0.7903
vn -0.4943 -0.1506 -0.8561
f 2953/2953/2953 2954/2954/2954 2955/2955/2955 2956/2956/2956
v 0.4983 -0.0092 -2.3897
vt 0.6507 0.7590
vn 0.8660 0.0000 -0.5000
v 0.2954 2.6550 -2.7413
vt 0.6507 0.9285
vn 0.8660 0.0000 -0.5000
v 0.3559 2.6735 -2.6364
vt 0.6584 0.9285
vn 0.8660 0.0000 -0.5000
v 0.5589 0.0092 -2.2849
vt 0.6584 0.7590
vn 0.8660 0.0000 -0.5000
f 2957/2957/2957 2958/2958/2958 2959/2959/2959 2960/2960/2960
v 0.5589 0.0092 -2.2849
vt 0.6584 0.7903
vn 0.4943 0.1506 0.8561
v 0.3559 2.6735 -2.6364
vt 0.6584 0.9597
vn 0.4943 0.1506 0.8561
v 0.2498 2.6735 -2.5752
vt 0.6584 0.9597
vn 0.4943 0.1506 0.8561
v 0.4528 0.0092 -2.2236
vt 0.6584 0.7903
vn 0.4943 0.1506 0.8561
f 2961/2961/2961 2962/2962/2962 2963/2963/2963 2964/2964/2964
v 0.4528 0.0092 -2.2236
vt 0.6584 0.7590
vn -0.8660 0.0000 0.5000
v 0.2498 2.6735 -2.5752
vt 0.6584 0.9285
vn -0.8660 0.0000 0.5000
v 0.1893 2.6550 -2.6801
vt 0.6507 0.9285
vn -0.8660 0.0000 0.5000
v 0.3922 -0.0092 -2.3285
vt 0.6507 0.7590
vn -0.8660 0.0000 0.5000
f 2965/2965/2965 2966/2966/2966 2967/2967/2967 2968/2968/2968
v 0.4983 -0.0092 -2.3897
vt 0.6507 0.7903
vn 0.0753 -0.9886 0.1304
v 0.5589 0.0092 -2.2849
vt 0.6584 0.7903
vn 0.0753 -0.9886 0.1304
v 0.4528 0.0092 -2.2236
vt 0.6584 0.7903
vn 0.0753 -0.9886 0.1304
v 0.3922 -0.0092 -2.3285
vt 0.6507 0.7903
vn 0.0753 -0.9886 0.1304
f 2969/2969/2969 2970/2970/2970 2971/2971/2971 2972/2972/2972
v 0.3559 2.6735 -2.6364
vt 0.6584 0.9597
vn -0.0753 0.9886 -0.1304
v 0.2954 2.6550 -2.7413
vt 0.6507 0.9597
vn -0.0753 0.9886 -0.1304
v 0.1893 2.6550 -2.6801
vt 0.6507 0.9597
vn -0.0753 0.9886 -0.1304
v 0.2498 2.6735 -2.5752
vt 0.6584 0.9597
vn -0.0753 0.9886 -0.1304
f 2973/2973/2973 2974/2974/2974 2975/2975/2975 2976/2976/2976
v -0.0321 -0.0092 -2.0835
vt 0.6507 0.7903
vn -0.4943 -0.1506 -0.8561
v -0.2351 2.6550 -2.4351
vt 0.6507 0.9597
vn -0.4943 -0.1506 -0.8561
v -0.1290 2.6550 -2.4963
vt 0.6507 0.9597
vn -0.4943 -0.1506 -0.8561
v 0.0740 -0.0092 -2.1448
vt 0.6507 0.7903
vn -0.4943 -0.1506 -0.8561
f 2977/2977/2977 2978/2978/2978 2979/2979/2979 2980/2980/2980
v 0.0740 -0.0092 -2.1448
vt 0.6507 0.7590
vn 0.8660 0.0000 -0.5000
v -0.1290 2.6550 -2.4963
vt 0.6507 0.9285
vn 0.8660 0.0000 -0.5000
v -0.0684 2.6735 -2.3914
vt 0.6584 0.9285
vn 0.8660 0.0000 -0.5000
v 0.1345 0.0092 -2.0399
vt 0.6584 0.7590
vn 0.8660 0.0000 -0.5000
f 2981/2981/2981 2982/2982/2982 2983/2983/2983 2984/2984/2984
v 0.1345 0.0092 -2.0399
vt 0.6584 0.7903
vn 0.4943 0.1506 0.8561
v -0.0684 2.6735 -2.3914
vt 0.6584 0.9597
vn 0.4943 0.1506 0.8561
v -0.1745 2.6735 -2.3302
vt 0.6584 0.9597
vn 0.4943 0.1506 0.8561
v 0.0284 0.0092 -1.9786
vt 0.6584 0.7903
vn 0.4943 0.1506 0.8561
f 2985/2985/2985 2986/2986/2986 2987/2987/2987 2988/2988/2988
v 0.0284 0.0092 -1.9786
vt 0.6584 0.7590
vn -0.8660 0.0000 0.5000
v -0.1745 2.6735 -2.3302
vt 0.6584 0.9285
vn -0.8660 0.0000 0.5000
v -0.2351 2.6550 -2.4351
vt 0.6507 0.9285
vn -0.8660 0.0000 0.5000
v -0.0321 -0.0092 -2.0835
vt 0.6507 0.7590
vn -0.8660 0.0000 0.5000
f 2989/2989/2989 2990/2990/2990 2991/2991/2991 2992/2992/2992
v 0.0740 -0.0092 -2.1448
vt 0.6507 0.7903
vn 0.0753 -0.9886 0.1304
v 0.1345 0.0092 -2.0399
vt 0.6584 0.7903
vn 0.0753 -0.9886 0.1304
v 0.0284 0.0092 -1.9786
vt 0.6584 0.7903
vn 0.0753 -0.9886 0.1304
v -0.0321 -0.0092 -2.0835
vt 0.6507 0.7903
vn 0.0753 -0.9886 0.1304
f 2993/2993/2993 2994/2994/2994 2995/2995/2995 2996/2996/2996
v -0.0684 2.6735 -2.3914
vt 0.6584 0.9597
vn -0.0753 0.9886 -0.1304
v -0.1290 2.6550 -2.4963
vt 0.6507 0.9597
vn -0.0753 0.9886 -0.1304
v -0.2351 2.6550 -2.4351
vt 0.6507 0.9597
vn -0.0753 0.9886 -0.1304
v -0.1745 2.6735 -2.3302
vt 0.6584 0.9597
vn -0.0753 0.9886 -0.1304
f 2997/2997/2997 2998/2998/2998 2999/2999/2999 3000/3000/3000
v -0.2676 2.2984 -2.2176
vt 0.6580 0.9359
vn -0.4943 -0.1506 -0.8561
v -0.2675 2.4793 -2.2495
vt 0.6580 0.9474
vn -0.4943 -0.1506 -0.8561
v 0.4779 2.4054 -2.6669
vt 0.6580 0.9427
vn -0.4943 -0.1506 -0.8561
v 0.4778 2.2245 -2.6350
vt 0.6580 0.9312
vn -0.4943 -0.1506 -0.8561
f 3001/3001/3001 3002/3002/3002 3003/3003/3003 3004/3004/3004
v 0.4778 2.2245 -2.6350
vt 0.6580 0.9468
vn 0.8693 -0.0862 -0.4867
v 0.4779 2.4054 -2.6669
vt 0.6580 0.9584
vn 0.8693 -0.0862 -0.4867
v 0.5082 2.4147 -2.6144
vt 0.6618 0.9584
vn 0.8693 -0.0862 -0.4867
v 0.5081 2.2337 -2.5825
vt 0.6618 0.9468
vn 0.8693 -0.0862 -0.4867
f 3005/3005/3005 3006/3006/3006 3007/3007/3007 3008/3008/3008
v 0.5081 2.2337 -2.5825
vt 0.6618 0.9312
vn 0.4943 0.1506 0.8561
v 0.5082 2.4147 -2.6144
vt 0.6618 0.9427
vn 0.4943 0.1506 0.8561
v -0.2372 2.4886 -2.1971
vt 0.6618 0.9474
vn 0.4943 0.1506 0.8561
v -0.2373 2.3076 -2.1652
vt 0.6618 0.9359
vn 0.4943 0.1506 0.8561
f 3009/3009/3009 3010/3010/3010 3011/3011/3011 3012/3012/3012
v -0.2373 2.3076 -2.1652
vt 0.6618 0.9515
vn -0.8693 0.0862 0.4867
v -0.2372 2.4886 -2.1971
vt 0.6618 0.9631
vn -0.8693 0.0862 0.4867
v -0.2675 2.4793 -2.2495
vt 0.6580 0.9631
vn -0.8693 0.0862 0.4867
v -0.2676 2.2984 -2.2176
vt 0.6580 0.9515
vn -0.8693 0.0862 0.4867
f 3013/3013/3013 3014/3014/3014 3015/3015/3015 3016/3016/3016
v 0.4778 2.2245 -2.6350
vt 0.6580 0.9312
vn -0.0005 -0.9848 0.1735
v 0.5081 2.2337 -2.5825
vt 0.6618 0.9312
vn -0.0005 -0.9848 0.1735
v -0.2373 2.3076 -2.1652
vt 0.6618 0.9359
vn -0.0005 -0.9848 0.1735
v -0.2676 2.2984 -2.2176
vt 0.6580 0.9359
vn -0.0005 -0.9848 0.1735
f 3017/3017/3017 3018/3018/3018 3019/3019/3019 3020/3020/3020
v 0.5082 2.4147 -2.6144
vt 0.6618 0.9740
vn 0.0005 0.9848 -0.1735
v 0.4779 2.4054 -2.6669
vt 0.6580 0.9740
vn 0.0005 0.9848 -0.1735
v -0.2675 2.4793 -2.2495
vt 0.6580 0.9787
vn 0.0005 0.9848 -0.1735
v -0.2372 2.4886 -2.1971
vt 0.6618 0.9787
vn 0.0005 0.9848 -0.1735
f 3021/3021/3021 3022/3022/3022 3023/3023/3023 3024/3024/3024
v -0.2154 1.7763 -2.1559
vt 0.6580 0.9027
vn -0.4943 -0.1506 -0.8561
v -0.2292 1.9580 -2.1799
vt 0.6580 0.9143
vn -0.4943 -0.1506 -0.8561
v 0.5134 1.9580 -2.6086
vt 0.6580 0.9143
vn -0.4943 -0.1506 -0.8561
v 0.5272 1.7763 -2.5847
vt 0.6580 0.9027
vn -0.4943 -0.1506 -0.8561
f 3025/3025/3025 3026/3026/3026 3027/3027/3027 3028/3028/3028
v 0.5272 1.7763 -2.5847
vt 0.6580 0.9183
vn 0.8660 0.0000 -0.5000
v 0.5134 1.9580 -2.6086
vt 0.6580 0.9299
vn 0.8660 0.0000 -0.5000
v 0.5437 1.9672 -2.5562
vt 0.6618 0.9299
vn 0.8660 0.0000 -0.5000
v 0.5575 1.7856 -2.5322
vt 0.6618 0.9183
vn 0.8660 0.0000 -0.5000
f 3029/3029/3029 3030/3030/3030 3031/3031/3031 3032/3032/3032
v 0.5575 1.7856 -2.5322
vt 0.6618 0.9027
vn 0.4943 0.1506 0.8561
v 0.5437 1.9672 -2.5562
vt 0.6618 0.9143
vn 0.4943 0.1506 0.8561
v -0.1989 1.9672 -2.1275
vt 0.6618 0.9143
vn 0.4943 0.1506 0.8561
v -0.1851 1.7856 -2.1035
vt 0.6618 0.9027
vn 0.4943 0.1506 0.8561
f 3033/3033/3033 3034/3034/3034 3035/3035/3035 3036/3036/3036
v -0.1851 1.7856 -2.1035
vt 0.6618 0.9183
vn -0.8660 0.0000 0.5000
v -0.1989 1.9672 -2.1275
vt 0.6618 0.9299
vn -0.8660 0.0000 0.5000
v -0.2292 1.9580 -2.1799
vt 0.6580 0.9299
vn -0.8660 0.0000 0.5000
v -0.2154 1.7763 -2.1559
vt 0.6580 0.9183
vn -0.8660 0.0000 0.5000
f 3037/3037/3037 3038/3038/3038 3039/3039/3039 3040/3040/3040
v 0.5272 1.7763 -2.5847
vt 0.6580 0.9027
vn 0.0753 -0.9886 0.1304
v 0.5575 1.7856 -2.5322
vt 0.6618 0.9027
vn 0.0753 -0.9886 0.1304
v -0.1851 1.7856 -2.1035
vt 0.6618 0.9027
vn 0.0753 -0.9886 0.1304
v -0.2154 1.7763 -2.1559
vt 0.6580 0.9027
vn 0.0753 -0.9886 0.1304
f 3041/3041/3041 3042/3042/3042 3043/3043/3043 3044/3044/3044
v 0.5437 1.9672 -2.5562
vt 0.6618 0.9455
vn -0.0753 0.9886 -0.1304
v 0.5134 1.9580 -2.6086
vt 0.6580 0.9455
vn -0.0753 0.9886 -0.1304
v -0.2292 1.9580 -2.1799
vt 0.6580 0.9455
vn -0.0753 0.9886 -0.1304
v -0.1989 1.9672 -2.1275
vt 0.6618 0.9455
vn -0.0753 0.9886 -0.1304
f 3045/3045/3045 3046/3046/3046 3047/3047/3047 3048/3048/3048
v -0.1604 1.2557 -2.0960
vt 0.6580 0.8696
vn -0.4943 -0.1506 -0.8561
v -0.1881 1.4366 -2.1119
vt 0.6580 0.8811
vn -0.4943 -0.1506 -0.8561
v 0.5461 1.5105 -2.5488
vt 0.6580 0.8858
vn -0.4943 -0.1506 -0.8561
v 0.5737 1.3296 -2.5329
vt 0.6580 0.8743
vn -0.4943 -0.1506 -0.8561
f 3049/3049/3049 3050/3050/3050 3051/3051/3051 3052/3052/3052
v 0.5737 1.3296 -2.5329
vt 0.6580 0.8899
vn 0.8562 0.0862 -0.5095
v 0.5461 1.5105 -2.5488
vt 0.6580 0.9014
vn 0.8562 0.0862 -0.5095
v 0.5763 1.5198 -2.4963
vt 0.6618 0.9014
vn 0.8562 0.0862 -0.5095
v 0.6040 1.3388 -2.4805
vt 0.6618 0.8899
vn 0.8562 0.0862 -0.5095
f 3053/3053/3053 3054/3054/3054 3055/3055/3055 3056/3056/3056
v 0.6040 1.3388 -2.4805
vt 0.6618 0.8743
vn 0.4943 0.1506 0.8561
v 0.5763 1.5198 -2.4963
vt 0.6618 0.8858
vn 0.4943 0.1506 0.8561
v -0.1578 1.4459 -2.0595
vt 0.6618 0.8811
vn 0.4943 0.1506 0.8561
v -0.1302 1.2649 -2.0436
vt 0.6618 0.8696
vn 0.4943 0.1506 0.8561
f 3057/3057/3057 3058/3058/3058 3059/3059/3059 3060/3060/3060
v -0.1302 1.2649 -2.0436
vt 0.6618 0.8852
vn -0.8562 -0.0862 0.5095
v -0.1578 1.4459 -2.0595
vt 0.6618 0.8967
vn -0.8562 -0.0862 0.5095
v -0.1881 1.4366 -2.1119
vt 0.6580 0.8967
vn -0.8562 -0.0862 0.5095
v -0.1604 1.2557 -2.0960
vt 0.6580 0.8852
vn -0.8562 -0.0862 0.5095
f 3061/3061/3061 3062/3062/3062 3063/3063/3063 3064/3064/3064
v 0.5737 1.3296 -2.5329
vt 0.6580 0.8743
vn 0.1505 -0.9848 0.0864
v 0.6040 1.3388 -2.4805
vt 0.6618 0.8743
vn 0.1505 -0.9848 0.0864
v -0.1302 1.2649 -2.0436
vt 0.6618 0.8696
vn 0.1505 -0.9848 0.0864
v -0.1604 1.2557 -2.0960
vt 0.6580 0.8696
vn 0.1505 -0.9848 0.0864
f 3065/3065/3065 3066/3066/3066 3067/3067/3067 3068/3068/3068
v 0.5763 1.5198 -2.4963
vt 0.6618 0.9171
vn -0.1505 0.9848 -0.0864
v 0.5461 1.5105 -2.5488
vt 0.6580 0.9171
vn -0.1505 0.9848 -0.0864
v -0.1881 1.4366 -2.1119
vt 0.6580 0.9124
vn -0.1505 0.9848 -0.0864
v -0.1578 1.4459 -2.0595
vt 0.6618 0.9124
vn -0.1505 0.9848 -0.0864
f 3069/3069/3069 3070/3070/3070 3071/3071/3071 3072/3072/3072
v -0.1416 0.8075 -2.0281
vt 0.6580 0.8411
vn -0.4943 -0.1506 -0.8561
v -0.1554 0.9892 -2.0521
vt 0.6580 0.8526
vn -0.4943 -0.1506 -0.8561
v 0.5872 0.9892 -2.4808
vt 0.6580 0.8526
vn -0.4943 -0.1506 -0.8561
v 0.6010 0.8075 -2.4568
vt 0.6580 0.8411
vn -0.4943 -0.1506 -0.8561
f 3073/3073/3073 3074/3074/3074 3075/3075/3075 3076/3076/3076
v 0.6010 0.8075 -2.4568
vt 0.6580 0.8567
vn 0.8660 0.0000 -0.5000
v 0.5872 0.9892 -2.4808
vt 0.6580 0.8683
vn 0.8660 0.0000 -0.5000
v 0.6175 0.9984 -2.4284
vt 0.6618 0.8683
vn 0.8660 0.0000 -0.5000
v 0.6313 0.8168 -2.4044
vt 0.6618 0.8567
vn 0.8660 0.0000 -0.5000
f 3077/3077/3077 3078/3078/3078 3079/3079/3079 3080/3080/3080
v 0.6313 0.8168 -2.4044
vt 0.6618 0.8411
vn 0.4943 0.1506 0.8561
v 0.6175 0.9984 -2.4284
vt 0.6618 0.8526
vn 0.4943 0.1506 0.8561
v -0.1251 0.9984 -1.9996
vt 0.6618 0.8526
vn 0.4943 0.1506 0.8561
v -0.1113 0.8168 -1.9756
vt 0.6618 0.8411
vn 0.4943 0.1506 0.8561
f 3081/3081/3081 3082/3082/3082 3083/3083/3083 3084/3084/3084
v -0.1113 0.8168 -1.9756
vt 0.6618 0.8567
vn -0.8660 0.0000 0.5000
v -0.1251 0.9984 -1.9996
vt 0.6618 0.8683
vn -0.8660 0.0000 0.5000
v -0.1554 0.9892 -2.0521
vt 0.6580 0.8683
vn -0.8660 0.0000 0.5000
v -0.1416 0.8075 -2.0281
vt 0.6580 0.8567
vn -0.8660 0.0000 0.5000
f 3085/3085/3085 3086/3086/3086 3087/3087/3087 3088/3088/3088
v 0.6010 0.8075 -2.4568
vt 0.6580 0.8411
vn 0.0753 -0.9886 0.1304
v 0.6313 0.8168 -2.4044
vt 0.6618 0.8411
vn 0.0753 -0.9886 0.1304
v -0.1113 0.8168 -1.9756
vt 0.6618 0.8411
vn 0.0753 -0.9886 0.1304
v -0.1416 0.8075 -2.0281
vt 0.6580 0.8411
vn 0.0753 -0.9886 0.1304
f 3089/3089/3089 3090/3090/3090 3091/3091/3091 3092/3092/3092
v 0.6175 0.9984 -2.4284
vt 0.6618 0.8839
vn -0.0753 0.9886 -0.1304
v 0.5872 0.9892 -2.4808
vt 0.6580 0.8839
vn -0.0753 0.9886 -0.1304
v -0.1554 0.9892 -2.0521
vt 0.6580 0.8839
vn -0.0753 0.9886 -0.1304
v -0.1251 0.9984 -1.9996
vt 0.6618 0.8839
vn -0.0753 0.9886 -0.1304
f 3093/3093/3093 3094/3094/3094 3095/3095/3095 3096/3096/3096
v -0.1200 0.3608 -1.9619
vt 0.6580 0.8127
vn -0.4943 -0.1506 -0.8561
v -0.1199 0.5417 -1.9938
vt 0.6580 0.8242
vn -0.4943 -0.1506 -0.8561
v 0.6255 0.4678 -2.4112
vt 0.6580 0.8195
vn -0.4943 -0.1506 -0.8561
v 0.6254 0.2869 -2.3793
vt 0.6580 0.8080
vn -0.4943 -0.1506 -0.8561
f 3097/3097/3097 3098/3098/3098 3099/3099/3099 3100/3100/3100
v 0.6254 0.2869 -2.3793
vt 0.6580 0.8236
vn 0.8693 -0.0862 -0.4867
v 0.6255 0.4678 -2.4112
vt 0.6580 0.8351
vn 0.8693 -0.0862 -0.4867
v 0.6558 0.4771 -2.3588
vt 0.6618 0.8351
vn 0.8693 -0.0862 -0.4867
v 0.6557 0.2961 -2.3269
vt 0.6618 0.8236
vn 0.8693 -0.0862 -0.4867
f 3101/3101/3101 3102/3102/3102 3103/3103/3103 3104/3104/3104
v 0.6557 0.2961 -2.3269
vt 0.6618 0.8080
vn 0.4943 0.1506 0.8561
v 0.6558 0.4771 -2.3588
vt 0.6618 0.8195
vn 0.4943 0.1506 0.8561
v -0.0896 0.5509 -1.9414
vt 0.6618 0.8242
vn 0.4943 0.1506 0.8561
v -0.0897 0.3700 -1.9095
vt 0.6618 0.8127
vn 0.4943 0.1506 0.8561
f 3105/3105/3105 3106/3106/3106 3107/3107/3107 3108/3108/3108
v -0.0897 0.3700 -1.9095
vt 0.6618 0.8283
vn -0.8693 0.0862 0.4867
v -0.0896 0.5509 -1.9414
vt 0.6618 0.8398
vn -0.8693 0.0862 0.4867
v -0.1199 0.5417 -1.9938
vt 0.6580 0.8398
vn -0.8693 0.0862 0.4867
v -0.1200 0.3608 -1.9619
vt 0.6580 0.8283
vn -0.8693 0.0862 0.4867
f 3109/3109/3109 3110/3110/3110 3111/3111/3111 3112/3112/3112
v 0.6254 0.2869 -2.3793
vt 0.6580 0.8080
vn -0.0005 -0.9848 0.1735
v 0.6557 0.2961 -2.3269
vt 0.6618 0.8080
vn -0.0005 -0.9848 0.1735
v -0.0897 0.3700 -1.9095
vt 0.6618 0.8127
vn -0.0005 -0.9848 0.1735
v -0.1200 0.3608 -1.9619
vt 0.6580 0.8127
vn -0.0005 -0.9848 0.1735
f 3113/3113/3113 3114/3114/3114 3115/3115/3115 3116/3116/3116
v 0.6558 0.4771 -2.3588
vt 0.6618 0.8507
vn 0.0005 0.9848 -0.1735
v 0.6255 0.4678 -2.4112
vt 0.6580 0.8507
vn 0.0005 0.9848 -0.1735
v -0.1199 0.5417 -1.9938
vt 0.6580 0.8554
vn 0.0005 0.9848 -0.1735
v -0.0896 0.5509 -1.9414
vt 0.6618 0.8554
vn 0.0005 0.9848 -0.1735
f 3117/3117/3117 3118/3118/3118 3119/3119/3119 3120/3120/3120
v 1.7878 3.8682 1.2173
vt 0.7849 0.8529
vn -0.0000 0.0000 -1.0000
v 1.7878 4.0236 1.2173
vt 0.7849 0.9073
vn -0.0000 0.0000 -1.0000
v 3.1122 4.0236 1.2173
vt 0.7960 0.9073
vn -0.0000 0.0000 -1.0000
v 3.1122 3.8682 1.2173
vt 0.7960 0.8529
vn -0.0000 0.0000 -1.0000
f 3121/3121/3121 3122/3122/3122 3123/3123/3123 3124/3124/3124
v 3.1122 3.8682 1.3377
vt 0.7960 0.8526
vn 0.0000 0.0000 1.0000
v 3.1122 4.0236 1.3377
vt 0.7960 0.9070
vn 0.0000 0.0000 1.0000
v 1.7878 4.0236 1.3377
vt 0.7849 0.9070
vn 0.0000 0.0000 1.0000
v 1.7878 3.8682 1.3377
vt 0.7849 0.8526
vn 0.0000 0.0000 1.0000
f 3125/3125/3125 3126/3126/3126 3127/3127/3127 3128/3128/3128
v 1.7878 3.8682 1.2173
vt 0.7849 0.8373
vn 0.0000 -1.0000 -0.0000
v 3.1122 3.8682 1.2173
vt 0.7960 0.8373
vn 0.0000 -1.0000 -0.0000
v 3.1122 3.8682 1.3377
vt 0.7960 0.8526
vn 0.0000 -1.0000 -0.0000
v 1.7878 3.8682 1.3377
vt 0.7849 0.8370
vn 0.0000 -1.0000 -0.0000
f 3129/3129/3129 3130/3130/3130 3131/3131/3131 3132/3132/3132
v 3.0971 2.5900 1.1721
vt 0.7849 0.8529
vn -0.0000 0.0000 -1.0000
v 3.0971 4.1440 1.1721
vt 0.7849 0.9073
vn -0.0000 0.0000 -1.0000
v 3.3078 4.1440 1.1721
vt 0.7960 0.9073
vn -0.0000 0.0000 -1.0000
v 3.3078 2.5900 1.1721
vt 0.7960 0.8529
vn -0.0000 0.0000 -1.0000
f 3133/3133/3133 3134/3134/3134 3135/3135/3135 3136/3136/3136
v 3.3078 2.5900 1.1721
vt 0.7960 0.8373
vn 1.0000 0.0000 -0.0000
v 3.3078 4.1440 1.1721
vt 0.7960 0.8917
vn 1.0000 0.0000 -0.0000
v 3.3078 4.1440 1.3828
vt 0.7960 0.8914
vn 1.0000 0.0000 -0.0000
v 3.3078 2.5900 1.3828
vt 0.7960 0.8370
vn 1.0000 0.0000 -0.0000
f 3137/3137/3137 3138/3138/3138 3139/3139/3139 3140/3140/3140
v 3.3078 2.5900 1.3828
vt 0.7960 0.8526
vn 0.0000 0.0000 1.0000
v 3.3078 4.1440 1.3828
vt 0.7960 0.9070
vn 0.0000 0.0000 1.0000
v 3.0971 4.1440 1.3828
vt 0.7849 0.9070
vn 0.0000 0.0000 1.0000
v 3.0971 2.5900 1.3828
vt 0.7849 0.8526
vn 0.0000 0.0000 1.0000
f 3141/3141/3141 3142/3142/3142 3143/3143/3143 3144/3144/3144
v 3.0971 2.5900 1.3828
vt 0.7849 0.8370
vn -1.0000 0.0000 0.0000
v 3.0971 4.1440 1.3828
vt 0.7849 0.8914
vn -1.0000 0.0000 0.0000
v 3.0971 4.1440 1.1721
vt 0.7849 0.8917
vn -1.0000 0.0000 0.0000
v 3.0971 2.5900 1.1721
vt 0.7849 0.8373
vn -1.0000 0.0000 0.0000
f 3145/3145/3145 3146/3146/3146 3147/3147/3147 3148/3148/3148
v 3.0971 2.5900 1.1721
vt 0.7849 0.8373
vn 0.0000 -1.0000 -0.0000
v 3.3078 2.5900 1.1721
vt 0.7960 0.8373
vn 0.0000 -1.0000 -0.0000
v 3.3078 2.5900 1.3828
vt 0.7960 0.8526
vn 0.0000 -1.0000 -0.0000
v 3.0971 2.5900 1.3828
vt 0.7849 0.8370
vn 0.0000 -1.0000 -0.0000
f 3149/3149/3149 3150/3150/3150 3151/3151/3151 3152/3152/3152
v 3.0971 2.5900 -1.7329
vt 0.7849 0.8529
vn -0.0000 0.0000 -1.0000
v 3.0971 4.1440 -1.7329
vt 0.7849 0.9073
vn -0.0000 0.0000 -1.0000
v 3.3078 4.1440 -1.7329
vt 0.7960 0.9073
vn -0.0000 0.0000 -1.0000
v 3.3078 2.5900 -1.7329
vt 0.7960 0.8529
vn -0.0000 0.0000 -1.0000
f 3153/3153/3153 3154/3154/3154 3155/3155/3155 3156/3156/3156
v 3.3078 2.5900 -1.7329
vt 0.7960 0.8373
vn 1.0000 0.0000 -0.0000
v 3.3078 4.1440 -1.7329
vt 0.7960 0.8917
vn 1.0000 0.0000 -0.0000
v 3.3078 4.1440 -1.5222
vt 0.7960 0.8914
vn 1.0000 0.0000 -0.0000
v 3.3078 2.5900 -1.5222
vt 0.7960 0.8370
vn 1.0000 0.0000 -0.0000
f 3157/3157/3157 3158/3158/3158 3159/3159/3159 3160/3160/3160
v 3.3078 2.5900 -1.5222
vt 0.7960 0.8526
vn 0.0000 0.0000 1.0000
v 3.3078 4.1440 -1.5222
vt 0.7960 0.9070
vn 0.0000 0.0000 1.0000
v 3.0971 4.1440 -1.5222
vt 0.7849 0.9070
vn 0.0000 0.0000 1.0000
v 3.0971 2.5900 -1.5222
vt 0.7849 0.8526
vn 0.0000 0.0000 1.0000
f 3161/3161/3161 3162/3162/3162 3163/3163/3163 3164/3164/3164
v 3.0971 2.5900 -1.5222
vt 0.7849 0.8370
vn -1.0000 0.0000 0.0000
v 3.0971 4.1440 -1.5222
vt 0.7849 0.8914
vn -1.0000 0.0000 0.0000
v 3.0971 4.1440 -1.7329
vt 0.7849 0.8917
vn -1.0000 0.0000 0.0000
v 3.0971 2.5900 -1.7329
vt 0.7849 0.8373
vn -1.0000 0.0000 0.0000
f 3165/3165/3165 3166/3166/3166 3167/3167/3167 3168/3168/3168
v 3.0971 2.5900 -1.7329
vt 0.7849 0.8373
vn 0.0000 -1.0000 -0.0000
v 3.3078 2.5900 -1.7329
vt 0.7960 0.8373
vn 0.0000 -1.0000 -0.0000
v 3.3078 2.5900 -1.5222
vt 0.7960 0.8526
vn 0.0000 -1.0000 -0.0000
v 3.0971 2.5900 -1.5222
vt 0.7849 0.8370
vn 0.0000 -1.0000 -0.0000
f 3169/3169/3169 3170/3170/3170 3171/3171/3171 3172/3172/3172
v 1.5921 2.5900 -1.7329
vt 0.7849 0.8529
vn -0.0000 0.0000 -1.0000
v 1.5921 4.1440 -1.7329
vt 0.7849 0.9073
vn -0.0000 0.0000 -1.0000
v 1.8028 4.1440 -1.7329
vt 0.7960 0.9073
vn -0.0000 0.0000 -1.0000
v 1.8028 2.5900 -1.7329
vt 0.7960 0.8529
vn -0.0000 0.0000 -1.0000
f 3173/3173/3173 3174/3174/3174 3175/3175/3175 3176/3176/3176
v 1.8028 2.5900 -1.7329
vt 0.7960 0.8373
vn 1.0000 0.0000 -0.0000
v 1.8028 4.1440 -1.7329
vt 0.7960 0.8917
vn 1.0000 0.0000 -0.0000
v 1.8028 4.1440 -1.5222
vt 0.7960 0.8914
vn 1.0000 0.0000 -0.0000
v 1.8028 2.5900 -1.5222
vt 0.7960 0.8370
vn 1.0000 0.0000 -0.0000
f 3177/3177/3177 3178/3178/3178 3179/3179/3179 3180/3180/3180
v 1.8028 2.5900 -1.5222
vt 0.7960 0.8526
vn 0.0000 0.0000 1.0000
v 1.8028 4.1440 -1.5222
vt 0.7960 0.9070
vn 0.0000 0.0000 1.0000
v 1.5921 4.1440 -1.5222
vt 0.7849 0.9070
vn 0.0000 0.0000 1.0000
v 1.5921 2.5900 -1.5222
vt 0.7849 0.8526
vn 0.0000 0.0000 1.0000
f 3181/3181/3181 3182/3182/3182 3183/3183/3183 3184/3184/3184
v 1.5921 2.5900 -1.5222
vt 0.7849 0.8370
vn -1.0000 0.0000 0.0000
v 1.5921 4.1440 -1.5222
vt 0.7849 0.8914
vn -1.0000 0.0000 0.0000
v 1.5921 4.1440 -1.7329
vt 0.7849 0.8917
vn -1.0000 0.0000 0.0000
v 1.5921 2.5900 -1.7329
vt 0.7849 0.8373
vn -1.0000 0.0000 0.0000
f 3185/3185/3185 3186/3186/3186 3187/3187/3187 3188/3188/3188
v 1.5921 2.5900 -1.7329
vt 0.7849 0.8373
vn 0.0000 -1.0000 -0.0000
v 1.8028 2.5900 -1.7329
vt 0.7960 0.8373
vn 0.0000 -1.0000 -0.0000
v 1.8028 2.5900 -1.5222
vt 0.7960 0.8526
vn 0.0000 -1.0000 -0.0000
v 1.5921 2.5900 -1.5222
vt 0.7849 0.8370
vn 0.0000 -1.0000 -0.0000
f 3189/3189/3189 3190/3190/3190 3191/3191/3191 3192/3192/3192
v 1.5921 2.5900 1.1721
vt 0.7849 0.8529
vn -0.0000 0.0000 -1.0000
v 1.5921 4.1440 1.1721
vt 0.7849 0.9073
vn -0.0000 0.0000 -1.0000
v 1.8028 4.1440 1.1721
vt 0.7960 0.9073
vn -0.0000 0.0000 -1.0000
v 1.8028 2.5900 1.1721
vt 0.7960 0.8529
vn -0.0000 0.0000 -1.0000
f 3193/3193/3193 3194/3194/3194 3195/3195/3195 3196/3196/3196
v 1.8028 2.5900 1.1721
vt 0.7960 0.8373
vn 1.0000 0.0000 -0.0000
v 1.8028 4.1440 1.1721
vt 0.7960 0.8917
vn 1.0000 0.0000 -0.0000
v 1.8028 4.1440 1.3828
vt 0.7960 0.8914
vn 1.0000 0.0000 -0.0000
v 1.8028 2.5900 1.3828
vt 0.7960 0.8370
vn 1.0000 0.0000 -0.0000
f 3197/3197/3197 3198/3198/3198 3199/3199/3199 3200/3200/3200
v 1.8028 2.5900 1.3828
vt 0.7960 0.8526
vn 0.0000 0.0000 1.0000
v 1.8028 4.1440 1.3828
vt 0.7960 0.9070
vn 0.0000 0.0000 1.0000
v 1.5921 4.1440 1.3828
vt 0.7849 0.9070
vn 0.0000 0.0000 1.0000
v 1.5921 2.5900 1.3828
vt 0.7849 0.8526
vn 0.0000 0.0000 1.0000
f 3201/3201/3201 3202/3202/3202 3203/3203/3203 3204/3204/3204
v 1.5921 2.5900 1.3828
vt 0.7849 0.8370
vn -1.0000 0.0000 0.0000
v 1.5921 4.1440 1.3828
vt 0.7849 0.8914
vn -1.0000 0.0000 0.0000
v 1.5921 4.1440 1.1721
vt 0.7849 0.8917
vn -1.0000 0.0000 0.0000
v 1.5921 2.5900 1.1721
vt 0.7849 0.8373
vn -1.0000 0.0000 0.0000
f 3205/3205/3205 3206/3206/3206 3207/3207/3207 3208/3208/3208
v 1.5921 2.5900 1.1721
vt 0.7849 0.8373
vn 0.0000 -1.0000 -0.0000
v 1.8028 2.5900 1.1721
vt 0.7960 0.8373
vn 0.0000 -1.0000 -0.0000
v 1.8028 2.5900 1.3828
vt 0.7960 0.8526
vn 0.0000 -1.0000 -0.0000
v 1.5921 2.5900 1.3828
vt 0.7849 0.8370
vn 0.0000 -1.0000 -0.0000
f 3209/3209/3209 3210/3210/3210 3211/3211/3211 3212/3212/3212
v 1.7577 3.8682 -1.5372
vt 0.7849 0.8529
vn 1.0000 0.0000 -0.0000
v 1.7577 4.0236 -1.5372
vt 0.7849 0.9073
vn 1.0000 0.0000 -0.0000
v 1.7577 4.0236 1.1872
vt 0.7960 0.9073
vn 1.0000 0.0000 -0.0000
v 1.7577 3.8682 1.1872
vt 0.7960 0.8529
vn 1.0000 0.0000 -0.0000
f 3213/3213/3213 3214/3214/3214 3215/3215/3215 3216/3216/3216
v 1.6373 3.8682 1.1872
vt 0.7960 0.8526
vn -1.0000 0.0000 0.0000
v 1.6373 4.0236 1.1872
vt 0.7960 0.9070
vn -1.0000 0.0000 0.0000
v 1.6373 4.0236 -1.5372
vt 0.7849 0.9070
vn -1.0000 0.0000 0.0000
v 1.6373 3.8682 -1.5372
vt 0.7849 0.8526
vn -1.0000 0.0000 0.0000
f 3217/3217/3217 3218/3218/3218 3219/3219/3219 3220/3220/3220
v 1.7577 3.8682 -1.5372
vt 0.7849 0.8373
vn 0.0000 -1.0000 -0.0000
v 1.7577 3.8682 1.1872
vt 0.7960 0.8373
vn 0.0000 -1.0000 -0.0000
v 1.6373 3.8682 1.1872
vt 0.7960 0.8526
vn 0.0000 -1.0000 -0.0000
v 1.6373 3.8682 -1.5372
vt 0.7849 0.8370
vn 0.0000 -1.0000 -0.0000
f 3221/3221/3221 3222/3222/3222 3223/3223/3223 3224/3224/3224
v 3.1122 3.8682 -1.5673
vt 0.7849 0.8529
vn 0.0000 0.0000 1.0000
v 3.1122 4.0236 -1.5673
vt 0.7849 0.9073
vn 0.0000 0.0000 1.0000
v 1.7878 4.0236 -1.5673
vt 0.7960 0.9073
vn 0.0000 0.0000 1.0000
v 1.7878 3.8682 -1.5673
vt 0.7960 0.8529
vn 0.0000 0.0000 1.0000
f 3225/3225/3225 3226/3226/3226 3227/3227/3227 3228/3228/3228
v 1.7878 3.8682 -1.6877
vt 0.7960 0.8526
vn -0.0000 0.0000 -1.0000
v 1.7878 4.0236 -1.6877
vt 0.7960 0.9070
vn -0.0000 0.0000 -1.0000
v 3.1122 4.0236 -1.6877
vt 0.7849 0.9070
vn -0.0000 0.0000 -1.0000
v 3.1122 3.8682 -1.6877
vt 0.7849 0.8526
vn -0.0000 0.0000 -1.0000
f 3229/3229/3229 3230/3230/3230 3231/3231/3231 3232/3232/3232
v 3.1122 3.8682 -1.5673
vt 0.7849 0.8373
vn 0.0000 -1.0000 -0.0000
v 1.7878 3.8682 -1.5673
vt 0.7960 0.8373
vn 0.0000 -1.0000 -0.0000
v 1.7878 3.8682 -1.6877
vt 0.7960 0.8526
vn 0.0000 -1.0000 -0.0000
v 3.1122 3.8682 -1.6877
vt 0.7849 0.8370
vn 0.0000 -1.0000 -0.0000
f 3233/3233/3233 3234/3234/3234 3235/3235/3235 3236/3236/3236
v 3.1423 3.8682 1.1872
vt 0.7849 0.8529
vn -1.0000 0.0000 0.0000
v 3.1423 4.0236 1.1872
vt 0.7849 0.9073
vn -1.0000 0.0000 0.0000
v 3.1423 4.0236 -1.5372
vt 0.7960 0.9073
vn -1.0000 0.0000 0.0000
v 3.1423 3.8682 -1.5372
vt 0.7960 0.8529
vn -1.0000 0.0000 0.0000
f 3237/3237/3237 3238/3238/3238 3239/3239/3239 3240/3240/3240
v 3.2627 3.8682 -1.5372
vt 0.7960 0.8526
vn 1.0000 0.0000 -0.0000
v 3.2627 4.0236 -1.5372
vt 0.7960 0.9070
vn 1.0000 0.0000 -0.0000
v 3.2627 4.0236 1.1872
vt 0.7849 0.9070
vn 1.0000 0.0000 -0.0000
v 3.2627 3.8682 1.1872
vt 0.7849 0.8526
vn 1.0000 0.0000 -0.0000
f 3241/3241/3241 3242/3242/3242 3243/3243/3243 3244/3244/3244
v 3.1423 3.8682 1.1872
vt 0.7849 0.8373
vn 0.0000 -1.0000 -0.0000
v 3.1423 3.8682 -1.5372
vt 0.7960 0.8373
vn 0.0000 -1.0000 -0.0000
v 3.2627 3.8682 -1.5372
vt 0.7960 0.8526
vn 0.0000 -1.0000 -0.0000
v 3.2627 3.8682 1.1872
vt 0.7849 0.8370
vn 0.0000 -1.0000 -0.0000
f 3245/3245/3245 3246/3246/3246 3247/3247/3247 3248/3248/3248
v 1.5470 4.1440 -1.7780
vt 0.6479 0.6572
vn -0.3982 0.9173 0.0000
v 1.5470 4.1440 1.4280
vt 0.6479 0.6056
vn -0.3982 0.9173 0.0000
v 2.4500 4.5360 -0.1750
vt 0.6630 0.6619
vn -0.3982 0.9173 0.0000
f 3249/3249/3249 3250/3250/3250 3251/3251/3251
v 1.5470 4.1440 1.4280
vt 0.6479 0.6056
vn -1.0000 0.0000 0.0000
v 1.5470 4.1440 -1.7780
vt 0.6479 0.6572
vn -1.0000 0.0000 0.0000
v 1.5470 4.0040 -1.7780
vt 0.6479 0.6572
vn -1.0000 0.0000 0.0000
v 1.5470 4.0040 1.4280
vt 0.6479 0.6056
vn -1.0000 0.0000 0.0000
f 3252/3252/3252 3253/3253/3253 3254/3254/3254 3255/3255/3255
v 3.3530 4.1440 1.4280
vt 0.7103 0.6056
vn 0.0000 0.0000 1.0000
v 1.5470 4.1440 1.4280
vt 0.6479 0.6572
vn 0.0000 0.0000 1.0000
v 1.5470 4.0040 1.4280
vt 0.6479 0.6572
vn 0.0000 0.0000 1.0000
v 3.3530 4.0040 1.4280
vt 0.7103 0.6056
vn 0.0000 0.0000 1.0000
f 3256/3256/3256 3257/3257/3257 3258/3258/3258 3259/3259/3259
v 1.5470 4.1440 -1.7780
vt 0.6479 0.6056
vn -0.0000 0.0000 -1.0000
v 3.3530 4.1440 -1.7780
vt 0.7103 0.6572
vn -0.0000 0.0000 -1.0000
v 3.3530 4.0040 -1.7780
vt 0.7103 0.6572
vn -0.0000 0.0000 -1.0000
v 1.5470 4.0040 -1.7780
vt 0.6479 0.6056
vn -0.0000 0.0000 -1.0000
f 3260/3260/3260 3261/3261/3261 3262/3262/3262 3263/3263/3263
v 3.3530 4.1440 -1.7780
vt 0.7103 0.6056
vn 1.0000 0.0000 -0.0000
v 3.3530 4.1440 1.4280
vt 0.7103 0.6572
vn 1.0000 0.0000 -0.0000
v 3.3530 4.0040 1.4280
vt 0.7103 0.6572
vn 1.0000 0.0000 -0.0000
v 3.3530 4.0040 -1.7780
vt 0.7103 0.6056
vn 1.0000 0.0000 -0.0000
f 3264/3264/3264 3265/3265/3265 3266/3266/3266 3267/3267/3267
v 1.5470 4.0040 1.4280
vt 0.6479 0.5716
vn 0.0000 -1.0000 -0.0000
v 1.5470 4.0040 -1.7780
vt 0.6479 0.5716
vn 0.0000 -1.0000 -0.0000
v 3.3530 4.0040 -1.7780
vt 0.7103 0.5716
vn 0.0000 -1.0000 -0.0000
v 3.3530 4.0040 1.4280
vt 0.7103 0.5716
vn 0.0000 -1.0000 -0.0000
f 3268/3268/3268 3269/3269/3269 3270/3270/3270 3271/3271/3271
v 3.3530 4.1440 1.4280
vt 0.7103 0.6056
vn 0.0000 0.9714 0.2375
v 2.4500 4.5360 -0.1750
vt 0.6630 0.6619
vn 0.0000 0.9714 0.2375
v 1.5470 4.1440 1.4280
vt 0.6479 0.6572
vn 0.0000 0.9714 0.2375
f 3272/3272/3272 3273/3273/3273 3274/3274/3274
v 3.3530 4.1440 -1.7780
vt 0.7103 0.6572
vn 0.0000 0.9714 -0.2375
v 1.5470 4.1440 -1.7780
vt 0.6479 0.6056
vn 0.0000 0.9714 -0.2375
v 2.4500 4.5360 -0.1750
vt 0.6952 0.6619
vn 0.0000 0.9714 -0.2375
f 3275/3275/3275 3276/3276/3276 3277/3277/3277
v 3.3530 4.1440 -1.7780
vt 0.7103 0.6056
vn 0.3982 0.9173 0.0000
v 2.4500 4.5360 -0.1750
vt 0.6952 0.6619
vn 0.3982 0.9173 0.0000
v 3.3530 4.1440 1.4280
vt 0.7103 0.6572
vn 0.3982 0.9173 0.0000
f 3278/3278/3278 3279/3279/3279 3280/3280/3280
v -2.0142 1.6625 -1.1360
vt 0.8283 0.8177
vn -0.9845 0.0000 -0.1752
v -2.0142 2.1525 -1.1360
vt 0.8283 0.8682
vn -0.9845 0.0000 -0.1752
v -2.0007 2.1280 -1.2123
vt 0.8267 0.8657
vn -0.9845 0.0000 -0.1752
v -2.0007 1.6870 -1.2123
vt 0.8267 0.8202
vn -0.9845 0.0000 -0.1752
f 3281/3281/3281 3282/3282/3282 3283/3283/3283 3284/3284/3284
v -1.9370 2.2750 -1.7911
vt 0.8125 0.9121
vn -0.4530 0.3162 0.8335
v -1.9487 2.2015 -1.7696
vt 0.8125 0.9045
vn -0.4530 0.3162 0.8335
v -1.7550 2.2015 -1.6643
vt 0.8267 0.9045
vn -0.4530 0.3162 0.8335
v -1.7217 2.2750 -1.6741
vt 0.8283 0.9121
vn -0.4530 0.3162 0.8335
f 3285/3285/3285 3286/3286/3286 3287/3287/3287 3288/3288/3288
v -1.6141 1.6625 -1.6156
vt 0.8362 0.8177
vn -0.1752 0.0000 0.9845
v -1.6141 2.1525 -1.6156
vt 0.8362 0.8682
vn -0.1752 0.0000 0.9845
v -1.6904 2.1280 -1.6292
vt 0.8315 0.8657
vn -0.1752 0.0000 0.9845
v -1.6904 1.6870 -1.6292
vt 0.8315 0.8202
vn -0.1752 0.0000 0.9845
f 3289/3289/3289 3290/3290/3290 3291/3291/3291 3292/3292/3292
v -2.3769 2.1525 -1.7514
vt 0.7887 0.8682
vn -0.2778 -0.9487 -0.1510
v -2.3123 2.1280 -1.7163
vt 0.7935 0.8657
vn -0.2778 -0.9487 -0.1510
v -2.4176 2.1280 -1.5225
vt 0.7935 0.8657
vn -0.2778 -0.9487 -0.1510
v -2.4939 2.1525 -1.5361
vt 0.7887 0.8682
vn -0.2778 -0.9487 -0.1510
f 3293/3293/3293 3294/3294/3294 3295/3295/3295 3296/3296/3296
v -2.0938 1.6625 -2.0158
vt 0.7966 0.8177
vn 0.9845 0.0000 0.1752
v -2.0938 2.1525 -2.0158
vt 0.7966 0.8682
vn 0.9845 0.0000 0.1752
v -2.1073 2.1280 -1.9395
vt 0.7982 0.8657
vn 0.9845 0.0000 0.1752
v -2.1073 1.6870 -1.9395
vt 0.7982 0.8202
vn 0.9845 0.0000 0.1752
f 3297/3297/3297 3298/3298/3298 3299/3299/3299 3300/3300/3300
v -2.4939 1.6625 -1.5361
vt 0.7887 0.8177
vn 0.1752 0.0000 -0.9845
v -2.4939 2.1525 -1.5361
vt 0.7887 0.8682
vn 0.1752 0.0000 -0.9845
v -2.4176 2.1280 -1.5225
vt 0.7935 0.8657
vn 0.1752 0.0000 -0.9845
v -2.4176 1.6870 -1.5225
vt 0.7935 0.8202
vn 0.1752 0.0000 -0.9845
f 3301/3301/3301 3302/3302/3302 3303/3303/3303 3304/3304/3304
v -2.5524 1.5400 -1.4285
vt 0.7887 0.8363
vn -0.8786 0.0000 -0.4775
v -2.5524 2.2750 -1.4285
vt 0.7887 0.9121
vn -0.8786 0.0000 -0.4775
v -2.4939 2.1525 -1.5361
vt 0.7887 0.8995
vn -0.8786 0.0000 -0.4775
v -2.4939 1.6625 -1.5361
vt 0.7887 0.8489
vn -0.8786 0.0000 -0.4775
f 3305/3305/3305 3306/3306/3306 3307/3307/3307 3308/3308/3308
v -2.2014 2.2750 -2.0743
vt 0.7887 0.9121
vn -0.8786 0.0000 -0.4775
v -2.2599 2.1525 -1.9666
vt 0.7887 0.8995
vn -0.8786 0.0000 -0.4775
v -2.3769 2.1525 -1.7514
vt 0.7887 0.8995
vn -0.8786 0.0000 -0.4775
f 3309/3309/3309 3310/3310/3310 3311/3311/3311
v -2.2014 2.2750 -2.0743
vt 0.7887 0.9121
vn -0.8786 0.0000 -0.4775
v -2.2014 1.5400 -2.0743
vt 0.7887 0.8363
vn -0.8786 0.0000 -0.4775
v -2.2599 1.6625 -1.9666
vt 0.7887 0.8489
vn -0.8786 0.0000 -0.4775
v -2.2599 2.1525 -1.9666
vt 0.7887 0.8995
vn -0.8786 0.0000 -0.4775
f 3312/3312/3312 3313/3313/3313 3314/3314/3314 3315/3315/3315
v -2.3769 1.6625 -1.7514
vt 0.7887 0.8489
vn -0.8786 0.0000 -0.4775
v -2.5524 1.5400 -1.4285
vt 0.7887 0.8363
vn -0.8786 0.0000 -0.4775
v -2.4939 1.6625 -1.5361
vt 0.7887 0.8489
vn -0.8786 0.0000 -0.4775
f 3316/3316/3316 3317/3317/3317 3318/3318/3318
v -2.2014 1.5400 -2.0743
vt 0.7887 0.8363
vn 0.4775 -0.0000 -0.8786
v -2.2014 2.2750 -2.0743
vt 0.7887 0.9121
vn 0.4775 -0.0000 -0.8786
v -2.0938 2.1525 -2.0158
vt 0.7966 0.8995
vn 0.4775 -0.0000 -0.8786
v -2.0938 1.6625 -2.0158
vt 0.7966 0.8489
vn 0.4775 -0.0000 -0.8786
f 3319/3319/3319 3320/3320/3320 3321/3321/3321 3322/3322/3322
v -1.5556 2.2750 -1.7233
vt 0.8362 0.9121
vn 0.4775 -0.0000 -0.8786
v -1.8785 2.1525 -1.8988
vt 0.8125 0.8995
vn 0.4775 -0.0000 -0.8786
v -2.2014 2.2750 -2.0743
vt 0.7887 0.9121
vn 0.4775 -0.0000 -0.8786
f 3323/3323/3323 3324/3324/3324 3325/3325/3325
v -1.5556 2.2750 -1.7233
vt 0.8362 0.9121
vn 0.4775 -0.0000 -0.8786
v -1.5556 1.5400 -1.7233
vt 0.8362 0.8363
vn 0.4775 -0.0000 -0.8786
v -1.6632 1.6625 -1.7818
vt 0.8283 0.8489
vn 0.4775 -0.0000 -0.8786
v -1.6632 2.1525 -1.7818
vt 0.8283 0.8995
vn 0.4775 -0.0000 -0.8786
f 3326/3326/3326 3327/3327/3327 3328/3328/3328 3329/3329/3329
v -2.2014 1.5400 -2.0743
vt 0.7887 0.8363
vn 0.4775 -0.0000 -0.8786
v -2.0938 1.6625 -2.0158
vt 0.7966 0.8489
vn 0.4775 -0.0000 -0.8786
v -1.8785 1.6625 -1.8988
vt 0.8125 0.8489
vn 0.4775 -0.0000 -0.8786
f 3330/3330/3330 3331/3331/3331 3332/3332/3332
v -1.5556 1.5400 -1.7233
vt 0.8362 0.8363
vn 0.8786 0.0000 0.4775
v -1.5556 2.2750 -1.7233
vt 0.8362 0.9121
vn 0.8786 0.0000 0.4775
v -1.6141 2.1525 -1.6156
vt 0.8362 0.8995
vn 0.8786 0.0000 0.4775
v -1.6141 1.6625 -1.6156
vt 0.8362 0.8489
vn 0.8786 0.0000 0.4775
f 3333/3333/3333 3334/3334/3334 3335/3335/3335 3336/3336/3336
v -1.9066 2.2750 -1.0775
vt 0.8362 0.9121
vn 0.8786 0.0000 0.4775
v -1.8481 2.1525 -1.1851
vt 0.8362 0.8995
vn 0.8786 0.0000 0.4775
v -1.7311 2.1525 -1.4004
vt 0.8362 0.8995
vn 0.8786 0.0000 0.4775
f 3337/3337/3337 3338/3338/3338 3339/3339/3339
v -1.9066 2.2750 -1.0775
vt 0.8362 0.9121
vn 0.8786 0.0000 0.4775
v -1.9066 1.5400 -1.0775
vt 0.8362 0.8363
vn 0.8786 0.0000 0.4775
v -1.8481 1.6625 -1.1851
vt 0.8362 0.8489
vn 0.8786 0.0000 0.4775
v -1.8481 2.1525 -1.1851
vt 0.8362 0.8995
vn 0.8786 0.0000 0.4775
f 3340/3340/3340 3341/3341/3341 3342/3342/3342 3343/3343/3343
v -1.5556 1.5400 -1.7233
vt 0.8362 0.8363
vn 0.8786 0.0000 0.4775
v -1.6141 1.6625 -1.6156
vt 0.8362 0.8489
vn 0.8786 0.0000 0.4775
v -1.7311 1.6625 -1.4004
vt 0.8362 0.8489
vn 0.8786 0.0000 0.4775
f 3344/3344/3344 3345/3345/3345 3346/3346/3346
v -1.9066 1.5400 -1.0775
vt 0.8362 0.8363
vn -0.4775 0.0000 0.8786
v -1.9066 2.2750 -1.0775
vt 0.8362 0.9121
vn -0.4775 0.0000 0.8786
v -2.0142 2.1525 -1.1360
vt 0.8283 0.8995
vn -0.4775 0.0000 0.8786
v -2.0142 1.6625 -1.1360
vt 0.8283 0.8489
vn -0.4775 0.0000 0.8786
f 3347/3347/3347 3348/3348/3348 3349/3349/3349 3350/3350/3350
v -2.5524 2.2750 -1.4285
vt 0.7887 0.9121
vn -0.4775 0.0000 0.8786
v -2.4447 2.1525 -1.3700
vt 0.7966 0.8995
vn -0.4775 0.0000 0.8786
v -2.2295 2.1525 -1.2530
vt 0.8125 0.8995
vn -0.4775 0.0000 0.8786
f 3351/3351/3351 3352/3352/3352 3353/3353/3353
v -2.5524 2.2750 -1.4285
vt 0.7887 0.9121
vn -0.4775 0.0000 0.8786
v -2.5524 1.5400 -1.4285
vt 0.7887 0.8363
vn -0.4775 0.0000 0.8786
v -2.4447 1.6625 -1.3700
vt 0.7966 0.8489
vn -0.4775 0.0000 0.8786
v -2.4447 2.1525 -1.3700
vt 0.7966 0.8995
vn -0.4775 0.0000 0.8786
f 3354/3354/3354 3355/3355/3355 3356/3356/3356 3357/3357/3357
v -2.2295 1.6625 -1.2530
vt 0.8125 0.8489
vn -0.4775 0.0000 0.8786
v -1.9066 1.5400 -1.0775
vt 0.8362 0.8363
vn -0.4775 0.0000 0.8786
v -2.0142 1.6625 -1.1360
vt 0.8283 0.8489
vn -0.4775 0.0000 0.8786
f 3358/3358/3358 3359/3359/3359 3360/3360/3360
v -1.9066 2.2750 -1.0775
vt 0.8362 0.9590
vn 0.0000 1.0000 0.0000
v -1.9557 2.2750 -1.2436
vt 0.8283 0.9590
vn 0.0000 1.0000 0.0000
v -2.1710 2.2750 -1.3606
vt 0.8125 0.9590
vn 0.0000 1.0000 0.0000
f 3361/3361/3361 3362/3362/3362 3363/3363/3363
v -2.3123 1.6870 -1.7163
vt 0.6617 0.8056
vn -0.8786 0.0000 -0.4775
v -2.3123 2.1280 -1.7163
vt 0.6617 0.8443
vn -0.8786 0.0000 -0.4775
v -2.2070 2.1280 -1.9100
vt 0.6617 0.8443
vn -0.8786 0.0000 -0.4775
v -2.2070 1.6870 -1.9100
vt 0.6617 0.8056
vn -0.8786 0.0000 -0.4775
f 3364/3364/3364 3365/3365/3365 3366/3366/3366 3367/3367/3367
v -1.9136 1.6870 -1.8342
vt 0.6875 0.8342
vn 0.4775 -0.0000 -0.8786
v -1.9136 2.1280 -1.8342
vt 0.6875 0.8729
vn 0.4775 -0.0000 -0.8786
v -1.7199 2.1280 -1.7289
vt 0.7069 0.8729
vn 0.4775 -0.0000 -0.8786
v -1.7199 1.6870 -1.7289
vt 0.7069 0.8342
vn 0.4775 -0.0000 -0.8786
f 3368/3368/3368 3369/3369/3369 3370/3370/3370 3371/3371/3371
v -1.7957 1.6870 -1.4355
vt 0.7133 0.8056
vn 0.8786 0.0000 0.4775
v -1.7957 2.1280 -1.4355
vt 0.7133 0.8443
vn 0.8786 0.0000 0.4775
v -1.9010 2.1280 -1.2417
vt 0.7133 0.8443
vn 0.8786 0.0000 0.4775
v -1.9010 1.6870 -1.2417
vt 0.7133 0.8056
vn 0.8786 0.0000 0.4775
f 3372/3372/3372 3373/3373/3373 3374/3374/3374 3375/3375/3375
v -2.1944 1.6870 -1.3176
vt 0.6875 0.8056
vn -0.4775 0.0000 0.8786
v -2.1944 2.1280 -1.3176
vt 0.6875 0.8443
vn -0.4775 0.0000 0.8786
v -2.3881 2.1280 -1.4229
vt 0.6681 0.8443
vn -0.4775 0.0000 0.8786
v -2.3881 1.6870 -1.4229
vt 0.6681 0.8056
vn -0.4775 0.0000 0.8786
f 3376/3376/3376 3377/3377/3377 3378/3378/3378 3379/3379/3379
v -1.9487 2.2015 -1.7696
vt 0.6875 0.8794
vn 0.0000 1.0000 0.0000
v -2.1424 2.2015 -1.8749
vt 0.6681 0.8794
vn 0.0000 1.0000 0.0000
v -2.3530 2.2015 -1.4874
vt 0.6681 0.8794
vn 0.0000 1.0000 0.0000
v -2.1593 2.2015 -1.3821
vt 0.6875 0.8794
vn 0.0000 1.0000 0.0000
f 3380/3380/3380 3381/3381/3381 3382/3382/3382 3383/3383/3383
v -2.3769 2.1525 -1.7514
vt 0.7887 0.8682
vn -0.2778 -0.9487 -0.1510
v -2.2599 2.1525 -1.9666
vt 0.7887 0.8682
vn -0.2778 -0.9487 -0.1510
v -2.2070 2.1280 -1.9100
vt 0.7935 0.8657
vn -0.2778 -0.9487 -0.1510
v -2.3123 2.1280 -1.7163
vt 0.7935 0.8657
vn -0.2778 -0.9487 -0.1510
f 3384/3384/3384 3385/3385/3385 3386/3386/3386 3387/3387/3387
v -1.6904 2.1280 -1.6292
vt 0.7133 0.8729
vn 0.8786 0.0000 0.4775
v -1.7957 2.1280 -1.4355
vt 0.7133 0.8729
vn 0.8786 0.0000 0.4775
v -1.7957 1.6870 -1.4355
vt 0.7133 0.8342
vn 0.8786 0.0000 0.4775
v -1.6904 1.6870 -1.6292
vt 0.7133 0.8342
vn 0.8786 0.0000 0.4775
f 3388/3388/3388 3389/3389/3389 3390/3390/3390 3391/3391/3391
v -1.8785 2.1525 -1.8988
vt 0.8125 0.8682
vn 0.1510 -0.9487 -0.2778
v -1.6632 2.1525 -1.7818
vt 0.8283 0.8682
vn 0.1510 -0.9487 -0.2778
v -1.7199 2.1280 -1.7289
vt 0.8267 0.8657
vn 0.1510 -0.9487 -0.2778
v -1.9136 2.1280 -1.8342
vt 0.8125 0.8657
vn 0.1510 -0.9487 -0.2778
f 3392/3392/3392 3393/3393/3393 3394/3394/3394 3395/3395/3395
v -1.9370 2.2750 -1.7911
vt 0.8125 0.9121
vn -0.4530 0.3162 0.8335
v -2.1523 2.2750 -1.9081
vt 0.7966 0.9121
vn -0.4530 0.3162 0.8335
v -2.1424 2.2015 -1.8749
vt 0.7982 0.9045
vn -0.4530 0.3162 0.8335
v -1.9487 2.2015 -1.7696
vt 0.8125 0.9045
vn -0.4530 0.3162 0.8335
f 3396/3396/3396 3397/3397/3397 3398/3398/3398 3399/3399/3399
v -2.2599 2.1525 -1.9666
vt 0.7887 0.8682
vn -0.7309 0.0000 0.6825
v -2.2599 1.6625 -1.9666
vt 0.7887 0.8177
vn -0.7309 0.0000 0.6825
v -2.2070 1.6870 -1.9100
vt 0.7935 0.8202
vn -0.7309 0.0000 0.6825
v -2.2070 2.1280 -1.9100
vt 0.7935 0.8657
vn -0.7309 0.0000 0.6825
f 3400/3400/3400 3401/3401/3401 3402/3402/3402 3403/3403/3403
v -1.7311 2.1525 -1.4004
vt 0.8362 0.8682
vn 0.2778 -0.9487 0.1510
v -1.8481 2.1525 -1.1851
vt 0.8362 0.8682
vn 0.2778 -0.9487 0.1510
v -1.9010 2.1280 -1.2417
vt 0.8315 0.8657
vn 0.2778 -0.9487 0.1510
v -1.7957 2.1280 -1.4355
vt 0.8315 0.8657
vn 0.2778 -0.9487 0.1510
f 3404/3404/3404 3405/3405/3405 3406/3406/3406 3407/3407/3407
v -1.6632 2.1525 -1.7818
vt 0.8283 0.8682
vn -0.6825 0.0000 -0.7309
v -1.6632 1.6625 -1.7818
vt 0.8283 0.8177
vn -0.6825 0.0000 -0.7309
v -1.7199 1.6870 -1.7289
vt 0.8267 0.8202
vn -0.6825 0.0000 -0.7309
v -1.7199 2.1280 -1.7289
vt 0.8267 0.8657
vn -0.6825 0.0000 -0.7309
f 3408/3408/3408 3409/3409/3409 3410/3410/3410 3411/3411/3411
v -2.2295 2.1525 -1.2530
vt 0.8125 0.8682
vn -0.1510 -0.9487 0.2778
v -2.4447 2.1525 -1.3700
vt 0.7966 0.8682
vn -0.1510 -0.9487 0.2778
v -2.3881 2.1280 -1.4229
vt 0.7982 0.8657
vn -0.1510 -0.9487 0.2778
v -2.1944 2.1280 -1.3176
vt 0.8125 0.8657
vn -0.1510 -0.9487 0.2778
f 3412/3412/3412 3413/3413/3413 3414/3414/3414 3415/3415/3415
v -1.9557 2.2750 -1.2436
vt 0.8283 0.9121
vn -0.8335 0.3162 -0.4530
v -1.7217 2.2750 -1.6741
vt 0.8283 0.9121
vn -0.8335 0.3162 -0.4530
v -1.7550 2.2015 -1.6643
vt 0.8267 0.9045
vn -0.8335 0.3162 -0.4530
v -1.9656 2.2015 -1.2768
vt 0.8267 0.9045
vn -0.8335 0.3162 -0.4530
f 3416/3416/3416 3417/3417/3417 3418/3418/3418 3419/3419/3419
v -1.8481 2.1525 -1.1851
vt 0.8362 0.8682
vn 0.7309 0.0000 -0.6825
v -1.8481 1.6625 -1.1851
vt 0.8362 0.8177
vn 0.7309 0.0000 -0.6825
v -1.9010 1.6870 -1.2417
vt 0.8315 0.8202
vn 0.7309 0.0000 -0.6825
v -1.9010 2.1280 -1.2417
vt 0.8315 0.8657
vn 0.7309 0.0000 -0.6825
f 3420/3420/3420 3421/3421/3421 3422/3422/3422 3423/3423/3423
v -2.4447 2.1525 -1.3700
vt 0.7966 0.8682
vn 0.6825 0.0000 0.7309
v -2.4447 1.6625 -1.3700
vt 0.7966 0.8177
vn 0.6825 0.0000 0.7309
v -2.3881 1.6870 -1.4229
vt 0.7982 0.8202
vn 0.6825 0.0000 0.7309
v -2.3881 2.1280 -1.4229
vt 0.7982 0.8657
vn 0.6825 0.0000 0.7309
f 3424/3424/3424 3425/3425/3425 3426/3426/3426 3427/3427/3427
v -2.1523 2.2750 -1.9081
vt 0.7966 0.9121
vn 0.8335 0.3162 0.4530
v -2.3863 2.2750 -1.4776
vt 0.7966 0.9121
vn 0.8335 0.3162 0.4530
v -2.3530 2.2015 -1.4874
vt 0.7982 0.9045
vn 0.8335 0.3162 0.4530
v -2.1424 2.2015 -1.8749
vt 0.7982 0.9045
vn 0.8335 0.3162 0.4530
f 3428/3428/3428 3429/3429/3429 3430/3430/3430 3431/3431/3431
v -1.7550 2.2015 -1.6643
vt 0.7069 0.8508
vn 0.0000 1.0000 0.0000
v -1.9487 2.2015 -1.7696
vt 0.6875 0.8508
vn 0.0000 1.0000 0.0000
v -2.1593 2.2015 -1.3821
vt 0.6875 0.8508
vn 0.0000 1.0000 0.0000
v -1.9656 2.2015 -1.2768
vt 0.7069 0.8508
vn 0.0000 1.0000 0.0000
f 3432/3432/3432 3433/3433/3433 3434/3434/3434 3435/3435/3435
v -2.0007 2.1280 -1.2123
vt 0.7069 0.8729
vn -0.4775 0.0000 0.8786
v -2.1944 2.1280 -1.3176
vt 0.6875 0.8729
vn -0.4775 0.0000 0.8786
v -2.1944 1.6870 -1.3176
vt 0.6875 0.8342
vn -0.4775 0.0000 0.8786
v -2.0007 1.6870 -1.2123
vt 0.7069 0.8342
vn -0.4775 0.0000 0.8786
f 3436/3436/3436 3437/3437/3437 3438/3438/3438 3439/3439/3439
v -2.4447 1.6625 -1.3700
vt 0.7966 0.8177
vn -0.1510 0.9487 0.2778
v -2.2295 1.6625 -1.2530
vt 0.8125 0.8177
vn -0.1510 0.9487 0.2778
v -2.1944 1.6870 -1.3176
vt 0.8125 0.8202
vn -0.1510 0.9487 0.2778
v -2.3881 1.6870 -1.4229
vt 0.7982 0.8202
vn -0.1510 0.9487 0.2778
f 3440/3440/3440 3441/3441/3441 3442/3442/3442 3443/3443/3443
v -2.0007 1.6870 -1.2123
vt 0.8267 0.8202
vn -0.1510 0.9487 0.2778
v -2.1944 1.6870 -1.3176
vt 0.8125 0.8202
vn -0.1510 0.9487 0.2778
v -2.2295 1.6625 -1.2530
vt 0.8125 0.8177
vn -0.1510 0.9487 0.2778
v -2.0142 1.6625 -1.1360
vt 0.8283 0.8177
vn -0.1510 0.9487 0.2778
f 3444/3444/3444 3445/3445/3445 3446/3446/3446 3447/3447/3447
v -2.4176 2.1280 -1.5225
vt 0.6617 0.8729
vn -0.8786 0.0000 -0.4775
v -2.3123 2.1280 -1.7163
vt 0.6617 0.8729
vn -0.8786 0.0000 -0.4775
v -2.3123 1.6870 -1.7163
vt 0.6617 0.8342
vn -0.8786 0.0000 -0.4775
v -2.4176 1.6870 -1.5225
vt 0.6617 0.8342
vn -0.8786 0.0000 -0.4775
f 3448/3448/3448 3449/3449/3449 3450/3450/3450 3451/3451/3451
v -1.8785 2.1525 -1.8988
vt 0.8125 0.8682
vn 0.1510 -0.9487 -0.2778
v -1.9136 2.1280 -1.8342
vt 0.8125 0.8657
vn 0.1510 -0.9487 -0.2778
v -2.1073 2.1280 -1.9395
vt 0.7982 0.8657
vn 0.1510 -0.9487 -0.2778
v -2.0938 2.1525 -2.0158
vt 0.7966 0.8682
vn 0.1510 -0.9487 -0.2778
f 3452/3452/3452 3453/3453/3453 3454/3454/3454 3455/3455/3455
v -2.2599 1.6625 -1.9666
vt 0.7887 0.8177
vn -0.2778 0.9487 -0.1510
v -2.3769 1.6625 -1.7514
vt 0.7887 0.8177
vn -0.2778 0.9487 -0.1510
v -2.3123 1.6870 -1.7163
vt 0.7935 0.8202
vn -0.2778 0.9487 -0.1510
v -2.2070 1.6870 -1.9100
vt 0.7935 0.8202
vn -0.2778 0.9487 -0.1510
f 3456/3456/3456 3457/3457/3457 3458/3458/3458 3459/3459/3459
v -2.1073 2.1280 -1.9395
vt 0.6681 0.8443
vn 0.4775 -0.0000 -0.8786
v -1.9136 2.1280 -1.8342
vt 0.6875 0.8443
vn 0.4775 -0.0000 -0.8786
v -1.9136 1.6870 -1.8342
vt 0.6875 0.8056
vn 0.4775 -0.0000 -0.8786
v -2.1073 1.6870 -1.9395
vt 0.6681 0.8056
vn 0.4775 -0.0000 -0.8786
f 3460/3460/3460 3461/3461/3461 3462/3462/3462 3463/3463/3463
v -1.7311 2.1525 -1.4004
vt 0.8362 0.8682
vn 0.2778 -0.9487 0.1510
v -1.7957 2.1280 -1.4355
vt 0.8315 0.8657
vn 0.2778 -0.9487 0.1510
v -1.6904 2.1280 -1.6292
vt 0.8315 0.8657
vn 0.2778 -0.9487 0.1510
v -1.6141 2.1525 -1.6156
vt 0.8362 0.8682
vn 0.2778 -0.9487 0.1510
f 3464/3464/3464 3465/3465/3465 3466/3466/3466 3467/3467/3467
v -1.6632 1.6625 -1.7818
vt 0.8283 0.8177
vn 0.1510 0.9487 -0.2778
v -1.8785 1.6625 -1.8988
vt 0.8125 0.8177
vn 0.1510 0.9487 -0.2778
v -1.9136 1.6870 -1.8342
vt 0.8125 0.8202
vn 0.1510 0.9487 -0.2778
v -1.7199 1.6870 -1.7289
vt 0.8267 0.8202
vn 0.1510 0.9487 -0.2778
f 3468/3468/3468 3469/3469/3469 3470/3470/3470 3471/3471/3471
v -1.6904 1.6870 -1.6292
vt 0.8315 0.8202
vn 0.2778 0.9487 0.1510
v -1.7957 1.6870 -1.4355
vt 0.8315 0.8202
vn 0.2778 0.9487 0.1510
v -1.7311 1.6625 -1.4004
vt 0.8362 0.8177
vn 0.2778 0.9487 0.1510
v -1.6141 1.6625 -1.6156
vt 0.8362 0.8177
vn 0.2778 0.9487 0.1510
f 3472/3472/3472 3473/3473/3473 3474/3474/3474 3475/3475/3475
v -1.8481 1.6625 -1.1851
vt 0.8362 0.8177
vn 0.2778 0.9487 0.1510
v -1.7311 1.6625 -1.4004
vt 0.8362 0.8177
vn 0.2778 0.9487 0.1510
v -1.7957 1.6870 -1.4355
vt 0.8315 0.8202
vn 0.2778 0.9487 0.1510
v -1.9010 1.6870 -1.2417
vt 0.8315 0.8202
vn 0.2778 0.9487 0.1510
f 3476/3476/3476 3477/3477/3477 3478/3478/3478 3479/3479/3479
v -2.1073 1.6870 -1.9395
vt 0.7982 0.8202
vn 0.1510 0.9487 -0.2778
v -1.9136 1.6870 -1.8342
vt 0.8125 0.8202
vn 0.1510 0.9487 -0.2778
v -1.8785 1.6625 -1.8988
vt 0.8125 0.8177
vn 0.1510 0.9487 -0.2778
v -2.0938 1.6625 -2.0158
vt 0.7966 0.8177
vn 0.1510 0.9487 -0.2778
f 3480/3480/3480 3481/3481/3481 3482/3482/3482 3483/3483/3483
v -2.3863 2.2750 -1.4776
vt 0.7966 0.9121
vn 0.4530 0.3162 -0.8335
v -2.1710 2.2750 -1.3606
vt 0.8125 0.9121
vn 0.4530 0.3162 -0.8335
v -2.1593 2.2015 -1.3821
vt 0.8125 0.9045
vn 0.4530 0.3162 -0.8335
v -2.3530 2.2015 -1.4874
vt 0.7982 0.9045
vn 0.4530 0.3162 -0.8335
f 3484/3484/3484 3485/3485/3485 3486/3486/3486 3487/3487/3487
v -1.9656 2.2015 -1.2768
vt 0.8267 0.9045
vn 0.4530 0.3162 -0.8335
v -2.1593 2.2015 -1.3821
vt 0.8125 0.9045
vn 0.4530 0.3162 -0.8335
v -2.1710 2.2750 -1.3606
vt 0.8125 0.9121
vn 0.4530 0.3162 -0.8335
v -1.9557 2.2750 -1.2436
vt 0.8283 0.9121
vn 0.4530 0.3162 -0.8335
f 3488/3488/3488 3489/3489/3489 3490/3490/3490 3491/3491/3491
v -2.5524 1.5400 -1.4285
vt 0.7887 0.8363
vn -0.4775 0.0000 0.8786
v -1.9066 1.5400 -1.0775
vt 0.8362 0.8363
vn -0.4775 0.0000 0.8786
v -2.2295 1.6625 -1.2530
vt 0.8125 0.8489
vn -0.4775 0.0000 0.8786
f 3492/3492/3492 3493/3493/3493 3494/3494/3494
v -2.2014 2.2750 -2.0743
vt 0.7887 0.9121
vn 0.4775 -0.0000 -0.8786
v -1.8785 2.1525 -1.8988
vt 0.8125 0.8995
vn 0.4775 -0.0000 -0.8786
v -2.0938 2.1525 -2.0158
vt 0.7966 0.8995
vn 0.4775 -0.0000 -0.8786
f 3495/3495/3495 3496/3496/3496 3497/3497/3497
v -1.5556 2.2750 -1.7233
vt 0.8362 0.9121
vn 0.4775 -0.0000 -0.8786
v -1.6632 2.1525 -1.7818
vt 0.8283 0.8995
vn 0.4775 -0.0000 -0.8786
v -1.8785 2.1525 -1.8988
vt 0.8125 0.8995
vn 0.4775 -0.0000 -0.8786
f 3498/3498/3498 3499/3499/3499 3500/3500/3500
v -2.0142 2.1525 -1.1360
vt 0.8283 0.8995
vn -0.4775 0.0000 0.8786
v -1.9066 2.2750 -1.0775
vt 0.8362 0.9121
vn -0.4775 0.0000 0.8786
v -2.2295 2.1525 -1.2530
vt 0.8125 0.8995
vn -0.4775 0.0000 0.8786
f 3501/3501/3501 3502/3502/3502 3503/3503/3503
v -2.4939 2.1525 -1.5361
vt 0.7887 0.8995
vn -0.8786 0.0000 -0.4775
v -2.5524 2.2750 -1.4285
vt 0.7887 0.9121
vn -0.8786 0.0000 -0.4775
v -2.3769 2.1525 -1.7514
vt 0.7887 0.8995
vn -0.8786 0.0000 -0.4775
f 3504/3504/3504 3505/3505/3505 3506/3506/3506
v -1.5556 2.2750 -1.7233
vt 0.8362 0.9121
vn 0.8786 0.0000 0.4775
v -1.9066 2.2750 -1.0775
vt 0.8362 0.9121
vn 0.8786 0.0000 0.4775
v -1.7311 2.1525 -1.4004
vt 0.8362 0.8995
vn 0.8786 0.0000 0.4775
f 3507/3507/3507 3508/3508/3508 3509/3509/3509
v -1.7217 2.2750 -1.6741
vt 0.8283 0.9590
vn 0.0000 1.0000 0.0000
v -1.9557 2.2750 -1.2436
vt 0.8283 0.9590
vn 0.0000 1.0000 0.0000
v -1.9066 2.2750 -1.0775
vt 0.8362 0.9590
vn 0.0000 1.0000 0.0000
v -1.5556 2.2750 -1.7233
vt 0.8362 0.9590
vn 0.0000 1.0000 0.0000
f 3510/3510/3510 3511/3511/3511 3512/3512/3512 3513/3513/3513
v -2.3863 2.2750 -1.4776
vt 0.7966 0.9590
vn 0.0000 1.0000 0.0000
v -2.1523 2.2750 -1.9081
vt 0.7966 0.9590
vn 0.0000 1.0000 0.0000
v -2.2014 2.2750 -2.0743
vt 0.7887 0.9590
vn 0.0000 1.0000 0.0000
v -2.5524 2.2750 -1.4285
vt 0.7887 0.9590
vn 0.0000 1.0000 0.0000
f 3514/3514/3514 3515/3515/3515 3516/3516/3516 3517/3517/3517
v -1.8481 1.6625 -1.1851
vt 0.8362 0.8489
vn 0.8786 0.0000 0.4775
v -1.9066 1.5400 -1.0775
vt 0.8362 0.8363
vn 0.8786 0.0000 0.4775
v -1.7311 1.6625 -1.4004
vt 0.8362 0.8489
vn 0.8786 0.0000 0.4775
f 3518/3518/3518 3519/3519/3519 3520/3520/3520
v -1.9066 1.5400 -1.0775
vt 0.8362 0.8363
vn 0.8786 0.0000 0.4775
v -1.5556 1.5400 -1.7233
vt 0.8362 0.8363
vn 0.8786 0.0000 0.4775
v -1.7311 1.6625 -1.4004
vt 0.8362 0.8489
vn 0.8786 0.0000 0.4775
f 3521/3521/3521 3522/3522/3522 3523/3523/3523
v -2.4447 1.6625 -1.3700
vt 0.7966 0.8489
vn -0.4775 0.0000 0.8786
v -2.5524 1.5400 -1.4285
vt 0.7887 0.8363
vn -0.4775 0.0000 0.8786
v -2.2295 1.6625 -1.2530
vt 0.8125 0.8489
vn -0.4775 0.0000 0.8786
f 3524/3524/3524 3525/3525/3525 3526/3526/3526
v -1.9066 1.5400 -1.0775
vt 0.8362 0.8363
vn 0.0000 -1.0000 -0.0000
v -2.5524 1.5400 -1.4285
vt 0.7887 0.8363
vn 0.0000 -1.0000 -0.0000
v -2.2014 1.5400 -2.0743
vt 0.7887 0.8363
vn 0.0000 -1.0000 -0.0000
v -1.5556 1.5400 -1.7233
vt 0.8362 0.8363
vn 0.0000 -1.0000 -0.0000
f 3527/3527/3527 3528/3528/3528 3529/3529/3529 3530/3530/3530
v -2.2014 1.5400 -2.0743
vt 0.7887 0.8363
vn -0.8786 0.0000 -0.4775
v -2.5524 1.5400 -1.4285
vt 0.7887 0.8363
vn -0.8786 0.0000 -0.4775
v -2.3769 1.6625 -1.7514
vt 0.7887 0.8489
vn -0.8786 0.0000 -0.4775
f 3531/3531/3531 3532/3532/3532 3533/3533/3533
v -2.2599 1.6625 -1.9666
vt 0.7887 0.8489
vn -0.8786 0.0000 -0.4775
v -2.2014 1.5400 -2.0743
vt 0.7887 0.8363
vn -0.8786 0.0000 -0.4775
v -2.3769 1.6625 -1.7514
vt 0.7887 0.8489
vn -0.8786 0.0000 -0.4775
f 3534/3534/3534 3535/3535/3535 3536/3536/3536
v -2.2014 2.2750 -2.0743
vt 0.7887 0.9121
vn -0.8786 0.0000 -0.4775
v -2.3769 2.1525 -1.7514
vt 0.7887 0.8995
vn -0.8786 0.0000 -0.4775
v -2.5524 2.2750 -1.4285
vt 0.7887 0.9121
vn -0.8786 0.0000 -0.4775
f 3537/3537/3537 3538/3538/3538 3539/3539/3539
v -2.2014 2.2750 -2.0743
vt 0.7887 0.9590
vn 0.0000 1.0000 0.0000
v -2.1523 2.2750 -1.9081
vt 0.7966 0.9590
vn 0.0000 1.0000 0.0000
v -1.9370 2.2750 -1.7911
vt 0.8125 0.9590
vn 0.0000 1.0000 0.0000
f 3540/3540/3540 3541/3541/3541 3542/3542/3542
v -1.5556 2.2750 -1.7233
vt 0.8362 0.9590
vn 0.0000 1.0000 0.0000
v -2.2014 2.2750 -2.0743
vt 0.7887 0.9590
vn 0.0000 1.0000 0.0000
v -1.9370 2.2750 -1.7911
vt 0.8125 0.9590
vn 0.0000 1.0000 0.0000
f 3543/3543/3543 3544/3544/3544 3545/3545/3545
v -1.7217 2.2750 -1.6741
vt 0.8283 0.9590
vn 0.0000 1.0000 0.0000
v -1.5556 2.2750 -1.7233
vt 0.8362 0.9590
vn 0.0000 1.0000 0.0000
v -1.9370 2.2750 -1.7911
vt 0.8125 0.9590
vn 0.0000 1.0000 0.0000
f 3546/3546/3546 3547/3547/3547 3548/3548/3548
v -2.3863 2.2750 -1.4776
vt 0.7966 0.9590
vn 0.0000 1.0000 0.0000
v -2.5524 2.2750 -1.4285
vt 0.7887 0.9590
vn 0.0000 1.0000 0.0000
v -2.1710 2.2750 -1.3606
vt 0.8125 0.9590
vn 0.0000 1.0000 0.0000
f 3549/3549/3549 3550/3550/3550 3551/3551/3551
v -1.6141 2.1525 -1.6156
vt 0.8362 0.8995
vn 0.8786 0.0000 0.4775
v -1.5556 2.2750 -1.7233
vt 0.8362 0.9121
vn 0.8786 0.0000 0.4775
v -1.7311 2.1525 -1.4004
vt 0.8362 0.8995
vn 0.8786 0.0000 0.4775
f 3552/3552/3552 3553/3553/3553 3554/3554/3554
v -2.5524 2.2750 -1.4285
vt 0.7887 0.9590
vn 0.0000 1.0000 0.0000
v -1.9066 2.2750 -1.0775
vt 0.8362 0.9590
vn 0.0000 1.0000 0.0000
v -2.1710 2.2750 -1.3606
vt 0.8125 0.9590
vn 0.0000 1.0000 0.0000
f 3555/3555/3555 3556/3556/3556 3557/3557/3557
v -2.5524 2.2750 -1.4285
vt 0.7887 0.9121
vn -0.4775 0.0000 0.8786
v -2.2295 2.1525 -1.2530
vt 0.8125 0.8995
vn -0.4775 0.0000 0.8786
v -1.9066 2.2750 -1.0775
vt 0.8362 0.9121
vn -0.4775 0.0000 0.8786
f 3558/3558/3558 3559/3559/3559 3560/3560/3560
v -1.6632 1.6625 -1.7818
vt 0.8283 0.8489
vn 0.4775 -0.0000 -0.8786
v -1.5556 1.5400 -1.7233
vt 0.8362 0.8363
vn 0.4775 -0.0000 -0.8786
v -1.8785 1.6625 -1.8988
vt 0.8125 0.8489
vn 0.4775 -0.0000 -0.8786
f 3561/3561/3561 3562/3562/3562 3563/3563/3563
v -1.5556 1.5400 -1.7233
vt 0.8362 0.8363
vn 0.4775 -0.0000 -0.8786
v -2.2014 1.5400 -2.0743
vt 0.7887 0.8363
vn 0.4775 -0.0000 -0.8786
v -1.8785 1.6625 -1.8988
vt 0.8125 0.8489
vn 0.4775 -0.0000 -0.8786
f 3564/3564/3564 3565/3565/3565 3566/3566/3566
v -2.2295 2.1525 -1.2530
vt 0.8125 0.8682
vn -0.1510 -0.9487 0.2778
v -2.1944 2.1280 -1.3176
vt 0.8125 0.8657
vn -0.1510 -0.9487 0.2778
v -2.0007 2.1280 -1.2123
vt 0.8267 0.8657
vn -0.1510 -0.9487 0.2778
v -2.0142 2.1525 -1.1360
vt 0.8283 0.8682
vn -0.1510 -0.9487 0.2778
f 3567/3567/3567 3568/3568/3568 3569/3569/3569 3570/3570/3570
v -2.4176 1.6870 -1.5225
vt 0.7935 0.8202
vn -0.2778 0.9487 -0.1510
v -2.3123 1.6870 -1.7163
vt 0.7935 0.8202
vn -0.2778 0.9487 -0.1510
v -2.3769 1.6625 -1.7514
vt 0.7887 0.8177
vn -0.2778 0.9487 -0.1510
v -2.4939 1.6625 -1.5361
vt 0.7887 0.8177
vn -0.2778 0.9487 -0.1510
f 3571/3571/3571 3572/3572/3572 3573/3573/3573 3574/3574/3574
v 0.0939 2.6909 -2.9072
vt 0.7984 0.8155
vn -0.8106 0.0000 0.5856
v 0.0939 2.9791 -2.9072
vt 0.7984 0.8452
vn -0.8106 0.0000 0.5856
v 0.0565 2.9589 -2.9589
vt 0.7971 0.8431
vn -0.8106 0.0000 0.5856
v 0.0565 2.7111 -2.9589
vt 0.7971 0.8175
vn -0.8106 0.0000 0.5856
f 3575/3575/3575 3576/3576/3576 3577/3577/3577 3578/3578/3578
v -0.1601 3.0800 -3.2353
vt 0.7891 0.8868
vn 0.2839 0.3162 0.9052
v -0.1540 3.0195 -3.2161
vt 0.7891 0.8806
vn 0.2839 0.3162 0.9052
v -0.0358 3.0195 -3.2532
vt 0.7971 0.8806
vn 0.2839 0.3162 0.9052
v -0.0226 3.0800 -3.2785
vt 0.7984 0.8868
vn 0.2839 0.3162 0.9052
f 3579/3579/3579 3580/3580/3580 3581/3581/3581 3582/3582/3582
v 0.0737 2.6909 -3.3087
vt 0.8050 0.8155
vn 0.5856 0.0000 0.8106
v 0.0737 2.9791 -3.3087
vt 0.8050 0.8452
vn 0.5856 0.0000 0.8106
v 0.0220 2.9589 -3.2713
vt 0.8010 0.8431
vn 0.5856 0.0000 0.8106
v 0.0220 2.7111 -3.2713
vt 0.8010 0.8175
vn 0.5856 0.0000 0.8106
f 3583/3583/3583 3584/3584/3584 3585/3585/3585 3586/3586/3586
v -0.3507 2.9791 -3.0245
vt 0.7733 0.8452
vn -0.3017 -0.9487 0.0946
v -0.2930 2.9589 -3.0426
vt 0.7772 0.8431
vn -0.3017 -0.9487 0.0946
v -0.2559 2.9589 -2.9244
vt 0.7772 0.8431
vn -0.3017 -0.9487 0.0946
v -0.3076 2.9791 -2.8870
vt 0.7733 0.8452
vn -0.3017 -0.9487 0.0946
f 3587/3587/3587 3588/3588/3588 3589/3589/3589 3590/3590/3590
v -0.3278 2.6909 -3.2885
vt 0.7798 0.8155
vn 0.8106 0.0000 -0.5856
v -0.3278 2.9791 -3.2885
vt 0.7798 0.8452
vn 0.8106 0.0000 -0.5856
v -0.2904 2.9589 -3.2368
vt 0.7811 0.8431
vn 0.8106 0.0000 -0.5856
v -0.2904 2.7111 -3.2368
vt 0.7811 0.8175
vn 0.8106 0.0000 -0.5856
f 3591/3591/3591 3592/3592/3592 3593/3593/3593 3594/3594/3594
v -0.3076 2.6909 -2.8870
vt 0.7733 0.8155
vn -0.5856 0.0000 -0.8106
v -0.3076 2.9791 -2.8870
vt 0.7733 0.8452
vn -0.5856 0.0000 -0.8106
v -0.2559 2.9589 -2.9244
vt 0.7772 0.8431
vn -0.5856 0.0000 -0.8106
v -0.2559 2.7111 -2.9244
vt 0.7772 0.8175
vn -0.5856 0.0000 -0.8106
f 3595/3595/3595 3596/3596/3596 3597/3597/3597 3598/3598/3598
v -0.2774 2.5900 -2.7907
vt 0.7733 0.8363
vn -0.9542 -0.0000 0.2992
v -0.2774 3.0800 -2.7907
vt 0.7733 0.8868
vn -0.9542 -0.0000 0.2992
v -0.3076 2.9791 -2.8870
vt 0.7733 0.8764
vn -0.9542 -0.0000 0.2992
v -0.3076 2.6909 -2.8870
vt 0.7733 0.8467
vn -0.9542 -0.0000 0.2992
f 3599/3599/3599 3600/3600/3600 3601/3601/3601 3602/3602/3602
v -0.4240 3.0800 -3.2583
vt 0.7733 0.8868
vn -0.9542 -0.0000 0.2992
v -0.3939 2.9791 -3.1620
vt 0.7733 0.8764
vn -0.9542 -0.0000 0.2992
v -0.3507 2.9791 -3.0245
vt 0.7733 0.8764
vn -0.9542 -0.0000 0.2992
f 3603/3603/3603 3604/3604/3604 3605/3605/3605
v -0.4240 3.0800 -3.2583
vt 0.7733 0.8868
vn -0.9542 -0.0000 0.2992
v -0.4240 2.5900 -3.2583
vt 0.7733 0.8363
vn -0.9542 -0.0000 0.2992
v -0.3939 2.6909 -3.1620
vt 0.7733 0.8467
vn -0.9542 -0.0000 0.2992
v -0.3939 2.9791 -3.1620
vt 0.7733 0.8764
vn -0.9542 -0.0000 0.2992
f 3606/3606/3606 3607/3607/3607 3608/3608/3608 3609/3609/3609
v -0.3507 2.6909 -3.0245
vt 0.7733 0.8467
vn -0.9542 -0.0000 0.2992
v -0.2774 2.5900 -2.7907
vt 0.7733 0.8363
vn -0.9542 -0.0000 0.2992
v -0.3076 2.6909 -2.8870
vt 0.7733 0.8467
vn -0.9542 -0.0000 0.2992
f 3610/3610/3610 3611/3611/3611 3612/3612/3612
v -0.4240 2.5900 -3.2583
vt 0.7733 0.8363
vn -0.2992 0.0000 -0.9542
v -0.4240 3.0800 -3.2583
vt 0.7733 0.8868
vn -0.2992 0.0000 -0.9542
v -0.3278 2.9791 -3.2885
vt 0.7798 0.8764
vn -0.2992 0.0000 -0.9542
v -0.3278 2.6909 -3.2885
vt 0.7798 0.8467
vn -0.2992 0.0000 -0.9542
f 3613/3613/3613 3614/3614/3614 3615/3615/3615 3616/3616/3616
v 0.0435 3.0800 -3.4049
vt 0.8050 0.8868
vn -0.2992 0.0000 -0.9542
v -0.1903 2.9791 -3.3316
vt 0.7891 0.8764
vn -0.2992 0.0000 -0.9542
v -0.4240 3.0800 -3.2583
vt 0.7733 0.8868
vn -0.2992 0.0000 -0.9542
f 3617/3617/3617 3618/3618/3618 3619/3619/3619
v 0.0435 3.0800 -3.4049
vt 0.8050 0.8868
vn -0.2992 0.0000 -0.9542
v 0.0435 2.5900 -3.4049
vt 0.8050 0.8363
vn -0.2992 0.0000 -0.9542
v -0.0528 2.6909 -3.3747
vt 0.7984 0.8467
vn -0.2992 0.0000 -0.9542
v -0.0528 2.9791 -3.3747
vt 0.7984 0.8764
vn -0.2992 0.0000 -0.9542
f 3620/3620/3620 3621/3621/3621 3622/3622/3622 3623/3623/3623
v -0.4240 2.5900 -3.2583
vt 0.7733 0.8363
vn -0.2992 0.0000 -0.9542
v -0.3278 2.6909 -3.2885
vt 0.7798 0.8467
vn -0.2992 0.0000 -0.9542
v -0.1903 2.6909 -3.3316
vt 0.7891 0.8467
vn -0.2992 0.0000 -0.9542
f 3624/3624/3624 3625/3625/3625 3626/3626/3626
v 0.0435 2.5900 -3.4049
vt 0.8050 0.8363
vn 0.9542 0.0000 -0.2992
v 0.0435 3.0800 -3.4049
vt 0.8050 0.8868
vn 0.9542 0.0000 -0.2992
v 0.0737 2.9791 -3.3087
vt 0.8050 0.8764
vn 0.9542 0.0000 -0.2992
v 0.0737 2.6909 -3.3087
vt 0.8050 0.8467
vn 0.9542 0.0000 -0.2992
f 3627/3627/3627 3628/3628/3628 3629/3629/3629 3630/3630/3630
v 0.1901 3.0800 -2.9374
vt 0.8050 0.8868
vn 0.9542 0.0000 -0.2992
v 0.1599 2.9791 -3.0336
vt 0.8050 0.8764
vn 0.9542 0.0000 -0.2992
v 0.1168 2.9791 -3.1711
vt 0.8050 0.8764
vn 0.9542 0.0000 -0.2992
f 3631/3631/3631 3632/3632/3632 3633/3633/3633
v 0.1901 3.0800 -2.9374
vt 0.8050 0.8868
vn 0.9542 0.0000 -0.2992
v 0.1901 2.5900 -2.9374
vt 0.8050 0.8363
vn 0.9542 0.0000 -0.2992
v 0.1599 2.6909 -3.0336
vt 0.8050 0.8467
vn 0.9542 0.0000 -0.2992
v 0.1599 2.9791 -3.0336
vt 0.8050 0.8764
vn 0.9542 0.0000 -0.2992
f 3634/3634/3634 3635/3635/3635 3636/3636/3636 3637/3637/3637
v 0.0435 2.5900 -3.4049
vt 0.8050 0.8363
vn 0.9542 0.0000 -0.2992
v 0.0737 2.6909 -3.3087
vt 0.8050 0.8467
vn 0.9542 0.0000 -0.2992
v 0.1168 2.6909 -3.1711
vt 0.8050 0.8467
vn 0.9542 0.0000 -0.2992
f 3638/3638/3638 3639/3639/3639 3640/3640/3640
v 0.1901 2.5900 -2.9374
vt 0.8050 0.8363
vn 0.2992 -0.0000 0.9542
v 0.1901 3.0800 -2.9374
vt 0.8050 0.8868
vn 0.2992 -0.0000 0.9542
v 0.0939 2.9791 -2.9072
vt 0.7984 0.8764
vn 0.2992 -0.0000 0.9542
v 0.0939 2.6909 -2.9072
vt 0.7984 0.8467
vn 0.2992 -0.0000 0.9542
f 3641/3641/3641 3642/3642/3642 3643/3643/3643 3644/3644/3644
v -0.2774 3.0800 -2.7907
vt 0.7733 0.8868
vn 0.2992 -0.0000 0.9542
v -0.1812 2.9791 -2.8209
vt 0.7798 0.8764
vn 0.2992 -0.0000 0.9542
v -0.0436 2.9791 -2.8641
vt 0.7891 0.8764
vn 0.2992 -0.0000 0.9542
f 3645/3645/3645 3646/3646/3646 3647/3647/3647
v -0.2774 3.0800 -2.7907
vt 0.7733 0.8868
vn 0.2992 -0.0000 0.9542
v -0.2774 2.5900 -2.7907
vt 0.7733 0.8363
vn 0.2992 -0.0000 0.9542
v -0.1812 2.6909 -2.8209
vt 0.7798 0.8467
vn 0.2992 -0.0000 0.9542
v -0.1812 2.9791 -2.8209
vt 0.7798 0.8764
vn 0.2992 -0.0000 0.9542
f 3648/3648/3648 3649/3649/3649 3650/3650/3650 3651/3651/3651
v -0.0436 2.6909 -2.8641
vt 0.7891 0.8467
vn 0.2992 -0.0000 0.9542
v 0.1901 2.5900 -2.9374
vt 0.8050 0.8363
vn 0.2992 -0.0000 0.9542
v 0.0939 2.6909 -2.9072
vt 0.7984 0.8467
vn 0.2992 -0.0000 0.9542
f 3652/3652/3652 3653/3653/3653 3654/3654/3654
v 0.1901 3.0800 -2.9374
vt 0.8050 0.9337
vn 0.0000 1.0000 0.0000
v 0.0637 3.0800 -3.0034
vt 0.7984 0.9337
vn 0.0000 1.0000 0.0000
v -0.0738 3.0800 -2.9603
vt 0.7891 0.9337
vn 0.0000 1.0000 0.0000
f 3655/3655/3655 3656/3656/3656 3657/3657/3657
v -0.2930 2.7111 -3.0426
vt 0.6617 0.8056
vn -0.9542 -0.0000 0.2992
v -0.2930 2.9589 -3.0426
vt 0.6617 0.8443
vn -0.9542 -0.0000 0.2992
v -0.3301 2.9589 -3.1609
vt 0.6617 0.8443
vn -0.9542 -0.0000 0.2992
v -0.3301 2.7111 -3.1609
vt 0.6617 0.8056
vn -0.9542 -0.0000 0.2992
f 3658/3658/3658 3659/3659/3659 3660/3660/3660 3661/3661/3661
v -0.1722 2.7111 -3.2738
vt 0.6875 0.8342
vn -0.2992 0.0000 -0.9542
v -0.1722 2.9589 -3.2738
vt 0.6875 0.8729
vn -0.2992 0.0000 -0.9542
v -0.0539 2.9589 -3.3109
vt 0.7069 0.8729
vn -0.2992 0.0000 -0.9542
v -0.0539 2.7111 -3.3109
vt 0.7069 0.8342
vn -0.2992 0.0000 -0.9542
f 3662/3662/3662 3663/3663/3663 3664/3664/3664 3665/3665/3665
v 0.0591 2.7111 -3.1530
vt 0.7133 0.8056
vn 0.9542 0.0000 -0.2992
v 0.0591 2.9589 -3.1530
vt 0.7133 0.8443
vn 0.9542 0.0000 -0.2992
v 0.0961 2.9589 -3.0348
vt 0.7133 0.8443
vn 0.9542 0.0000 -0.2992
v 0.0961 2.7111 -3.0348
vt 0.7133 0.8056
vn 0.9542 0.0000 -0.2992
f 3666/3666/3666 3667/3667/3667 3668/3668/3668 3669/3669/3669
v -0.0618 2.7111 -2.9218
vt 0.6875 0.8056
vn 0.2992 -0.0000 0.9542
v -0.0618 2.9589 -2.9218
vt 0.6875 0.8443
vn 0.2992 -0.0000 0.9542
v -0.1800 2.9589 -2.8847
vt 0.6681 0.8443
vn 0.2992 -0.0000 0.9542
v -0.1800 2.7111 -2.8847
vt 0.6681 0.8056
vn 0.2992 -0.0000 0.9542
f 3670/3670/3670 3671/3671/3671 3672/3672/3672 3673/3673/3673
v -0.1540 3.0195 -3.2161
vt 0.6875 0.8794
vn 0.0000 1.0000 0.0000
v -0.2723 3.0195 -3.1790
vt 0.6681 0.8794
vn 0.0000 1.0000 0.0000
v -0.1981 3.0195 -2.9425
vt 0.6681 0.8794
vn 0.0000 1.0000 0.0000
v -0.0799 3.0195 -2.9796
vt 0.6875 0.8794
vn 0.0000 1.0000 0.0000
f 3674/3674/3674 3675/3675/3675 3676/3676/3676 3677/3677/3677
v -0.3507 2.9791 -3.0245
vt 0.7733 0.8452
vn -0.3017 -0.9487 0.0946
v -0.3939 2.9791 -3.1620
vt 0.7733 0.8452
vn -0.3017 -0.9487 0.0946
v -0.3301 2.9589 -3.1609
vt 0.7772 0.8431
vn -0.3017 -0.9487 0.0946
v -0.2930 2.9589 -3.0426
vt 0.7772 0.8431
vn -0.3017 -0.9487 0.0946
f 3678/3678/3678 3679/3679/3679 3680/3680/3680 3681/3681/3681
v 0.0220 2.9589 -3.2713
vt 0.7133 0.8729
vn 0.9542 0.0000 -0.2992
v 0.0591 2.9589 -3.1530
vt 0.7133 0.8729
vn 0.9542 0.0000 -0.2992
v 0.0591 2.7111 -3.1530
vt 0.7133 0.8342
vn 0.9542 0.0000 -0.2992
v 0.0220 2.7111 -3.2713
vt 0.7133 0.8342
vn 0.9542 0.0000 -0.2992
f 3682/3682/3682 3683/3683/3683 3684/3684/3684 3685/3685/3685
v -0.1903 2.9791 -3.3316
vt 0.7891 0.8452
vn -0.0946 -0.9487 -0.3017
v -0.0528 2.9791 -3.3747
vt 0.7984 0.8452
vn -0.0946 -0.9487 -0.3017
v -0.0539 2.9589 -3.3109
vt 0.7971 0.8431
vn -0.0946 -0.9487 -0.3017
v -0.1722 2.9589 -3.2738
vt 0.7891 0.8431
vn -0.0946 -0.9487 -0.3017
f 3686/3686/3686 3687/3687/3687 3688/3688/3688 3689/3689/3689
v -0.1601 3.0800 -3.2353
vt 0.7891 0.8868
vn 0.2839 0.3162 0.9052
v -0.2976 3.0800 -3.1922
vt 0.7798 0.8868
vn 0.2839 0.3162 0.9052
v -0.2723 3.0195 -3.1790
vt 0.7811 0.8806
vn 0.2839 0.3162 0.9052
v -0.1540 3.0195 -3.2161
vt 0.7891 0.8806
vn 0.2839 0.3162 0.9052
f 3690/3690/3690 3691/3691/3691 3692/3692/3692 3693/3693/3693
v -0.3939 2.9791 -3.1620
vt 0.7733 0.8452
vn -0.0179 0.0000 0.9998
v -0.3939 2.6909 -3.1620
vt 0.7733 0.8155
vn -0.0179 0.0000 0.9998
v -0.3301 2.7111 -3.1609
vt 0.7772 0.8175
vn -0.0179 0.0000 0.9998
v -0.3301 2.9589 -3.1609
vt 0.7772 0.8431
vn -0.0179 0.0000 0.9998
f 3694/3694/3694 3695/3695/3695 3696/3696/3696 3697/3697/3697
v 0.1168 2.9791 -3.1711
vt 0.8050 0.8452
vn 0.3017 -0.9487 -0.0946
v 0.1599 2.9791 -3.0336
vt 0.8050 0.8452
vn 0.3017 -0.9487 -0.0946
v 0.0961 2.9589 -3.0348
vt 0.8010 0.8431
vn 0.3017 -0.9487 -0.0946
v 0.0591 2.9589 -3.1530
vt 0.8010 0.8431
vn 0.3017 -0.9487 -0.0946
f 3698/3698/3698 3699/3699/3699 3700/3700/3700 3701/3701/3701
v -0.0528 2.9791 -3.3747
vt 0.7984 0.8452
vn -0.9998 0.0000 -0.0179
v -0.0528 2.6909 -3.3747
vt 0.7984 0.8155
vn -0.9998 0.0000 -0.0179
v -0.0539 2.7111 -3.3109
vt 0.7971 0.8175
vn -0.9998 0.0000 -0.0179
v -0.0539 2.9589 -3.3109
vt 0.7971 0.8431
vn -0.9998 0.0000 -0.0179
f 3702/3702/3702 3703/3703/3703 3704/3704/3704 3705/3705/3705
v -0.0436 2.9791 -2.8641
vt 0.7891 0.8452
vn 0.0946 -0.9487 0.3017
v -0.1812 2.9791 -2.8209
vt 0.7798 0.8452
vn 0.0946 -0.9487 0.3017
v -0.1800 2.9589 -2.8847
vt 0.7811 0.8431
vn 0.0946 -0.9487 0.3017
v -0.0618 2.9589 -2.9218
vt 0.7891 0.8431
vn 0.0946 -0.9487 0.3017
f 3706/3706/3706 3707/3707/3707 3708/3708/3708 3709/3709/3709
v 0.0637 3.0800 -3.0034
vt 0.7984 0.8868
vn -0.9052 0.3162 0.2839
v -0.0226 3.0800 -3.2785
vt 0.7984 0.8868
vn -0.9052 0.3162 0.2839
v -0.0358 3.0195 -3.2532
vt 0.7971 0.8806
vn -0.9052 0.3162 0.2839
v 0.0384 3.0195 -3.0167
vt 0.7971 0.8806
vn -0.9052 0.3162 0.2839
f 3710/3710/3710 3711/3711/3711 3712/3712/3712 3713/3713/3713
v 0.1599 2.9791 -3.0336
vt 0.8050 0.8452
vn 0.0179 0.0000 -0.9998
v 0.1599 2.6909 -3.0336
vt 0.8050 0.8155
vn 0.0179 0.0000 -0.9998
v 0.0961 2.7111 -3.0348
vt 0.8010 0.8175
vn 0.0179 0.0000 -0.9998
v 0.0961 2.9589 -3.0348
vt 0.8010 0.8431
vn 0.0179 0.0000 -0.9998
f 3714/3714/3714 3715/3715/3715 3716/3716/3716 3717/3717/3717
v -0.1812 2.9791 -2.8209
vt 0.7798 0.8452
vn 0.9998 0.0000 0.0179
v -0.1812 2.6909 -2.8209
vt 0.7798 0.8155
vn 0.9998 0.0000 0.0179
v -0.1800 2.7111 -2.8847
vt 0.7811 0.8175
vn 0.9998 0.0000 0.0179
v -0.1800 2.9589 -2.8847
vt 0.7811 0.8431
vn 0.9998 0.0000 0.0179
f 3718/3718/3718 3719/3719/3719 3720/3720/3720 3721/3721/3721
v -0.2976 3.0800 -3.1922
vt 0.7798 0.8868
vn 0.9052 0.3162 -0.2839
v -0.2113 3.0800 -2.9172
vt 0.7798 0.8868
vn 0.9052 0.3162 -0.2839
v -0.1981 3.0195 -2.9425
vt 0.7811 0.8806
vn 0.9052 0.3162 -0.2839
v -0.2723 3.0195 -3.1790
vt 0.7811 0.8806
vn 0.9052 0.3162 -0.2839
f 3722/3722/3722 3723/3723/3723 3724/3724/3724 3725/3725/3725
v -0.0358 3.0195 -3.2532
vt 0.7069 0.8508
vn 0.0000 1.0000 0.0000
v -0.1540 3.0195 -3.2161
vt 0.6875 0.8508
vn 0.0000 1.0000 0.0000
v -0.0799 3.0195 -2.9796
vt 0.6875 0.8508
vn 0.0000 1.0000 0.0000
v 0.0384 3.0195 -3.0167
vt 0.7069 0.8508
vn 0.0000 1.0000 0.0000
f 3726/3726/3726 3727/3727/3727 3728/3728/3728 3729/3729/3729
v 0.0565 2.9589 -2.9589
vt 0.7069 0.8729
vn 0.2992 -0.0000 0.9542
v -0.0618 2.9589 -2.9218
vt 0.6875 0.8729
vn 0.2992 -0.0000 0.9542
v -0.0618 2.7111 -2.9218
vt 0.6875 0.8342
vn 0.2992 -0.0000 0.9542
v 0.0565 2.7111 -2.9589
vt 0.7069 0.8342
vn 0.2992 -0.0000 0.9542
f 3730/3730/3730 3731/3731/3731 3732/3732/3732 3733/3733/3733
v -0.1812 2.6909 -2.8209
vt 0.7798 0.8155
vn 0.0946 0.9487 0.3017
v -0.0436 2.6909 -2.8641
vt 0.7891 0.8155
vn 0.0946 0.9487 0.3017
v -0.0618 2.7111 -2.9218
vt 0.7891 0.8175
vn 0.0946 0.9487 0.3017
v -0.1800 2.7111 -2.8847
vt 0.7811 0.8175
vn 0.0946 0.9487 0.3017
f 3734/3734/3734 3735/3735/3735 3736/3736/3736 3737/3737/3737
v 0.0565 2.7111 -2.9589
vt 0.7971 0.8175
vn 0.0946 0.9487 0.3017
v -0.0618 2.7111 -2.9218
vt 0.7891 0.8175
vn 0.0946 0.9487 0.3017
v -0.0436 2.6909 -2.8641
vt 0.7891 0.8155
vn 0.0946 0.9487 0.3017
v 0.0939 2.6909 -2.9072
vt 0.7984 0.8155
vn 0.0946 0.9487 0.3017
f 3738/3738/3738 3739/3739/3739 3740/3740/3740 3741/3741/3741
v -0.2559 2.9589 -2.9244
vt 0.6617 0.8729
vn -0.9542 -0.0000 0.2992
v -0.2930 2.9589 -3.0426
vt 0.6617 0.8729
vn -0.9542 -0.0000 0.2992
v -0.2930 2.7111 -3.0426
vt 0.6617 0.8342
vn -0.9542 -0.0000 0.2992
v -0.2559 2.7111 -2.9244
vt 0.6617 0.8342
vn -0.9542 -0.0000 0.2992
f 3742/3742/3742 3743/3743/3743 3744/3744/3744 3745/3745/3745
v -0.1903 2.9791 -3.3316
vt 0.7891 0.8452
vn -0.0946 -0.9487 -0.3017
v -0.1722 2.9589 -3.2738
vt 0.7891 0.8431
vn -0.0946 -0.9487 -0.3017
v -0.2904 2.9589 -3.2368
vt 0.7811 0.8431
vn -0.0946 -0.9487 -0.3017
v -0.3278 2.9791 -3.2885
vt 0.7798 0.8452
vn -0.0946 -0.9487 -0.3017
f 3746/3746/3746 3747/3747/3747 3748/3748/3748 3749/3749/3749
v -0.3939 2.6909 -3.1620
vt 0.7733 0.8155
vn -0.3017 0.9487 0.0946
v -0.3507 2.6909 -3.0245
vt 0.7733 0.8155
vn -0.3017 0.9487 0.0946
v -0.2930 2.7111 -3.0426
vt 0.7772 0.8175
vn -0.3017 0.9487 0.0946
v -0.3301 2.7111 -3.1609
vt 0.7772 0.8175
vn -0.3017 0.9487 0.0946
f 3750/3750/3750 3751/3751/3751 3752/3752/3752 3753/3753/3753
v -0.2904 2.9589 -3.2368
vt 0.6681 0.8443
vn -0.2992 0.0000 -0.9542
v -0.1722 2.9589 -3.2738
vt 0.6875 0.8443
vn -0.2992 0.0000 -0.9542
v -0.1722 2.7111 -3.2738
vt 0.6875 0.8056
vn -0.2992 0.0000 -0.9542
v -0.2904 2.7111 -3.2368
vt 0.6681 0.8056
vn -0.2992 0.0000 -0.9542
f 3754/3754/3754 3755/3755/3755 3756/3756/3756 3757/3757/3757
v 0.1168 2.9791 -3.1711
vt 0.8050 0.8452
vn 0.3017 -0.9487 -0.0946
v 0.0591 2.9589 -3.1530
vt 0.8010 0.8431
vn 0.3017 -0.9487 -0.0946
v 0.0220 2.9589 -3.2713
vt 0.8010 0.8431
vn 0.3017 -0.9487 -0.0946
v 0.0737 2.9791 -3.3087
vt 0.8050 0.8452
vn 0.3017 -0.9487 -0.0946
f 3758/3758/3758 3759/3759/3759 3760/3760/3760 3761/3761/3761
v -0.0528 2.6909 -3.3747
vt 0.7984 0.8155
vn -0.0946 0.9487 -0.3017
v -0.1903 2.6909 -3.3316
vt 0.7891 0.8155
vn -0.0946 0.9487 -0.3017
v -0.1722 2.7111 -3.2738
vt 0.7891 0.8175
vn -0.0946 0.9487 -0.3017
v -0.0539 2.7111 -3.3109
vt 0.7971 0.8175
vn -0.0946 0.9487 -0.3017
f 3762/3762/3762 3763/3763/3763 3764/3764/3764 3765/3765/3765
v 0.0220 2.7111 -3.2713
vt 0.8010 0.8175
vn 0.3017 0.9487 -0.0946
v 0.0591 2.7111 -3.1530
vt 0.8010 0.8175
vn 0.3017 0.9487 -0.0946
v 0.1168 2.6909 -3.1711
vt 0.8050 0.8155
vn 0.3017 0.9487 -0.0946
v 0.0737 2.6909 -3.3087
vt 0.8050 0.8155
vn 0.3017 0.9487 -0.0946
f 3766/3766/3766 3767/3767/3767 3768/3768/3768 3769/3769/3769
v 0.1599 2.6909 -3.0336
vt 0.8050 0.8155
vn 0.3017 0.9487 -0.0946
v 0.1168 2.6909 -3.1711
vt 0.8050 0.8155
vn 0.3017 0.9487 -0.0946
v 0.0591 2.7111 -3.1530
vt 0.8010 0.8175
vn 0.3017 0.9487 -0.0946
v 0.0961 2.7111 -3.0348
vt 0.8010 0.8175
vn 0.3017 0.9487 -0.0946
f 3770/3770/3770 3771/3771/3771 3772/3772/3772 3773/3773/3773
v -0.2904 2.7111 -3.2368
vt 0.7811 0.8175
vn -0.0946 0.9487 -0.3017
v -0.1722 2.7111 -3.2738
vt 0.7891 0.8175
vn -0.0946 0.9487 -0.3017
v -0.1903 2.6909 -3.3316
vt 0.7891 0.8155
vn -0.0946 0.9487 -0.3017
v -0.3278 2.6909 -3.2885
vt 0.7798 0.8155
vn -0.0946 0.9487 -0.3017
f 3774/3774/3774 3775/3775/3775 3776/3776/3776 3777/3777/3777
v -0.2113 3.0800 -2.9172
vt 0.7798 0.8868
vn -0.2839 0.3162 -0.9052
v -0.0738 3.0800 -2.9603
vt 0.7891 0.8868
vn -0.2839 0.3162 -0.9052
v -0.0799 3.0195 -2.9796
vt 0.7891 0.8806
vn -0.2839 0.3162 -0.9052
v -0.1981 3.0195 -2.9425
vt 0.7811 0.8806
vn -0.2839 0.3162 -0.9052
f 3778/3778/3778 3779/3779/3779 3780/3780/3780 3781/3781/3781
v 0.0384 3.0195 -3.0167
vt 0.7971 0.8806
vn -0.2839 0.3162 -0.9052
v -0.0799 3.0195 -2.9796
vt 0.7891 0.8806
vn -0.2839 0.3162 -0.9052
v -0.0738 3.0800 -2.9603
vt 0.7891 0.8868
vn -0.2839 0.3162 -0.9052
v 0.0637 3.0800 -3.0034
vt 0.7984 0.8868
vn -0.2839 0.3162 -0.9052
f 3782/3782/3782 3783/3783/3783 3784/3784/3784 3785/3785/3785
v -0.2774 2.5900 -2.7907
vt 0.7733 0.8363
vn 0.2992 -0.0000 0.9542
v 0.1901 2.5900 -2.9374
vt 0.8050 0.8363
vn 0.2992 -0.0000 0.9542
v -0.0436 2.6909 -2.8641
vt 0.7891 0.8467
vn 0.2992 -0.0000 0.9542
f 3786/3786/3786 3787/3787/3787 3788/3788/3788
v -0.4240 3.0800 -3.2583
vt 0.7733 0.8868
vn -0.2992 0.0000 -0.9542
v -0.1903 2.9791 -3.3316
vt 0.7891 0.8764
vn -0.2992 0.0000 -0.9542
v -0.3278 2.9791 -3.2885
vt 0.7798 0.8764
vn -0.2992 0.0000 -0.9542
f 3789/3789/3789 3790/3790/3790 3791/3791/3791
v 0.0435 3.0800 -3.4049
vt 0.8050 0.8868
vn -0.2992 0.0000 -0.9542
v -0.0528 2.9791 -3.3747
vt 0.7984 0.8764
vn -0.2992 0.0000 -0.9542
v -0.1903 2.9791 -3.3316
vt 0.7891 0.8764
vn -0.2992 0.0000 -0.9542
f 3792/3792/3792 3793/3793/3793 3794/3794/3794
v 0.0939 2.9791 -2.9072
vt 0.7984 0.8764
vn 0.2992 -0.0000 0.9542
v 0.1901 3.0800 -2.9374
vt 0.8050 0.8868
vn 0.2992 -0.0000 0.9542
v -0.0436 2.9791 -2.8641
vt 0.7891 0.8764
vn 0.2992 -0.0000 0.9542
f 3795/3795/3795 3796/3796/3796 3797/3797/3797
v -0.3076 2.9791 -2.8870
vt 0.7733 0.8764
vn -0.9542 -0.0000 0.2992
v -0.2774 3.0800 -2.7907
vt 0.7733 0.8868
vn -0.9542 -0.0000 0.2992
v -0.3507 2.9791 -3.0245
vt 0.7733 0.8764
vn -0.9542 -0.0000 0.2992
f 3798/3798/3798 3799/3799/3799 3800/3800/3800
v 0.0435 3.0800 -3.4049
vt 0.8050 0.8868
vn 0.9542 0.0000 -0.2992
v 0.1901 3.0800 -2.9374
vt 0.8050 0.8868
vn 0.9542 0.0000 -0.2992
v 0.1168 2.9791 -3.1711
vt 0.8050 0.8764
vn 0.9542 0.0000 -0.2992
f 3801/3801/3801 3802/3802/3802 3803/3803/3803
v -0.0226 3.0800 -3.2785
vt 0.7984 0.9337
vn 0.0000 1.0000 0.0000
v 0.0637 3.0800 -3.0034
vt 0.7984 0.9337
vn 0.0000 1.0000 0.0000
v 0.1901 3.0800 -2.9374
vt 0.8050 0.9337
vn 0.0000 1.0000 0.0000
v 0.0435 3.0800 -3.4049
vt 0.8050 0.9337
vn 0.0000 1.0000 0.0000
f 3804/3804/3804 3805/3805/3805 3806/3806/3806 3807/3807/3807
v -0.2113 3.0800 -2.9172
vt 0.7798 0.9337
vn 0.0000 1.0000 0.0000
v -0.2976 3.0800 -3.1922
vt 0.7798 0.9337
vn 0.0000 1.0000 0.0000
v -0.4240 3.0800 -3.2583
vt 0.7733 0.9337
vn 0.0000 1.0000 0.0000
v -0.2774 3.0800 -2.7907
vt 0.7733 0.9337
vn 0.0000 1.0000 0.0000
f 3808/3808/3808 3809/3809/3809 3810/3810/3810 3811/3811/3811
v 0.1599 2.6909 -3.0336
vt 0.8050 0.8467
vn 0.9542 0.0000 -0.2992
v 0.1901 2.5900 -2.9374
vt 0.8050 0.8363
vn 0.9542 0.0000 -0.2992
v 0.1168 2.6909 -3.1711
vt 0.8050 0.8467
vn 0.9542 0.0000 -0.2992
f 3812/3812/3812 3813/3813/3813 3814/3814/3814
v 0.1901 2.5900 -2.9374
vt 0.8050 0.8363
vn 0.9542 0.0000 -0.2992
v 0.0435 2.5900 -3.4049
vt 0.8050 0.8363
vn 0.9542 0.0000 -0.2992
v 0.1168 2.6909 -3.1711
vt 0.8050 0.8467
vn 0.9542 0.0000 -0.2992
f 3815/3815/3815 3816/3816/3816 3817/3817/3817
v -0.1812 2.6909 -2.8209
vt 0.7798 0.8467
vn 0.2992 -0.0000 0.9542
v -0.2774 2.5900 -2.7907
vt 0.7733 0.8363
vn 0.2992 -0.0000 0.9542
v -0.0436 2.6909 -2.8641
vt 0.7891 0.8467
vn 0.2992 -0.0000 0.9542
f 3818/3818/3818 3819/3819/3819 3820/3820/3820
v 0.1901 2.5900 -2.9374
vt 0.8050 0.8363
vn 0.0000 -1.0000 -0.0000
v -0.2774 2.5900 -2.7907
vt 0.7733 0.8363
vn 0.0000 -1.0000 -0.0000
v -0.4240 2.5900 -3.2583
vt 0.7733 0.8363
vn 0.0000 -1.0000 -0.0000
v 0.0435 2.5900 -3.4049
vt 0.8050 0.8363
vn 0.0000 -1.0000 -0.0000
f 3821/3821/3821 3822/3822/3822 3823/3823/3823 3824/3824/3824
v -0.4240 2.5900 -3.2583
vt 0.7733 0.8363
vn -0.9542 -0.0000 0.2992
v -0.2774 2.5900 -2.7907
vt 0.7733 0.8363
vn -0.9542 -0.0000 0.2992
v -0.3507 2.6909 -3.0245
vt 0.7733 0.8467
vn -0.9542 -0.0000 0.2992
f 3825/3825/3825 3826/3826/3826 3827/3827/3827
v -0.3939 2.6909 -3.1620
vt 0.7733 0.8467
vn -0.9542 -0.0000 0.2992
v -0.4240 2.5900 -3.2583
vt 0.7733 0.8363
vn -0.9542 -0.0000 0.2992
v -0.3507 2.6909 -3.0245
vt 0.7733 0.8467
vn -0.9542 -0.0000 0.2992
f 3828/3828/3828 3829/3829/3829 3830/3830/3830
v -0.4240 3.0800 -3.2583
vt 0.7733 0.8868
vn -0.9542 -0.0000 0.2992
v -0.3507 2.9791 -3.0245
vt 0.7733 0.8764
vn -0.9542 -0.0000 0.2992
v -0.2774 3.0800 -2.7907
vt 0.7733 0.8868
vn -0.9542 -0.0000 0.2992
f 3831/3831/3831 3832/3832/3832 3833/3833/3833
v -0.4240 3.0800 -3.2583
vt 0.7733 0.9337
vn 0.0000 1.0000 0.0000
v -0.2976 3.0800 -3.1922
vt 0.7798 0.9337
vn 0.0000 1.0000 0.0000
v -0.1601 3.0800 -3.2353
vt 0.7891 0.9337
vn 0.0000 1.0000 0.0000
f 3834/3834/3834 3835/3835/3835 3836/3836/3836
v 0.0435 3.0800 -3.4049
vt 0.8050 0.9337
vn 0.0000 1.0000 0.0000
v -0.4240 3.0800 -3.2583
vt 0.7733 0.9337
vn 0.0000 1.0000 0.0000
v -0.1601 3.0800 -3.2353
vt 0.7891 0.9337
vn 0.0000 1.0000 0.0000
f 3837/3837/3837 3838/3838/3838 3839/3839/3839
v -0.0226 3.0800 -3.2785
vt 0.7984 0.9337
vn 0.0000 1.0000 0.0000
v 0.0435 3.0800 -3.4049
vt 0.8050 0.9337
vn 0.0000 1.0000 0.0000
v -0.1601 3.0800 -3.2353
vt 0.7891 0.9337
vn 0.0000 1.0000 0.0000
f 3840/3840/3840 3841/3841/3841 3842/3842/3842
v -0.2113 3.0800 -2.9172
vt 0.7798 0.9337
vn 0.0000 1.0000 0.0000
v -0.2774 3.0800 -2.7907
vt 0.7733 0.9337
vn 0.0000 1.0000 0.0000
v -0.0738 3.0800 -2.9603
vt 0.7891 0.9337
vn 0.0000 1.0000 0.0000
f 3843/3843/3843 3844/3844/3844 3845/3845/3845
v 0.0737 2.9791 -3.3087
vt 0.8050 0.8764
vn 0.9542 0.0000 -0.2992
v 0.0435 3.0800 -3.4049
vt 0.8050 0.8868
vn 0.9542 0.0000 -0.2992
v 0.1168 2.9791 -3.1711
vt 0.8050 0.8764
vn 0.9542 0.0000 -0.2992
f 3846/3846/3846 3847/3847/3847 3848/3848/3848
v -0.2774 3.0800 -2.7907
vt 0.7733 0.9337
vn 0.0000 1.0000 0.0000
v 0.1901 3.0800 -2.9374
vt 0.8050 0.9337
vn 0.0000 1.0000 0.0000
v -0.0738 3.0800 -2.9603
vt 0.7891 0.9337
vn 0.0000 1.0000 0.0000
f 3849/3849/3849 3850/3850/3850 3851/3851/3851
v -0.2774 3.0800 -2.7907
vt 0.7733 0.8868
vn 0.2992 -0.0000 0.9542
v -0.0436 2.9791 -2.8641
vt 0.7891 0.8764
vn 0.2992 -0.0000 0.9542
v 0.1901 3.0800 -2.9374
vt 0.8050 0.8868
vn 0.2992 -0.0000 0.9542
f 3852/3852/3852 3853/3853/3853 3854/3854/3854
v -0.0528 2.6909 -3.3747
vt 0.7984 0.8467
vn -0.2992 0.0000 -0.9542
v 0.0435 2.5900 -3.4049
vt 0.8050 0.8363
vn -0.2992 0.0000 -0.9542
v -0.1903 2.6909 -3.3316
vt 0.7891 0.8467
vn -0.2992 0.0000 -0.9542
f 3855/3855/3855 3856/3856/3856 3857/3857/3857
v 0.0435 2.5900 -3.4049
vt 0.8050 0.8363
vn -0.2992 0.0000 -0.9542
v -0.4240 2.5900 -3.2583
vt 0.7733 0.8363
vn -0.2992 0.0000 -0.9542
v -0.1903 2.6909 -3.3316
vt 0.7891 0.8467
vn -0.2992 0.0000 -0.9542
f 3858/3858/3858 3859/3859/3859 3860/3860/3860
v -0.0436 2.9791 -2.8641
vt 0.7891 0.8452
vn 0.0946 -0.9487 0.3017
v -0.0618 2.9589 -2.9218
vt 0.7891 0.8431
vn 0.0946 -0.9487 0.3017
v 0.0565 2.9589 -2.9589
vt 0.7971 0.8431
vn 0.0946 -0.9487 0.3017
v 0.0939 2.9791 -2.9072
vt 0.7984 0.8452
vn 0.0946 -0.9487 0.3017
f 3861/3861/3861 3862/3862/3862 3863/3863/3863 3864/3864/3864
v -0.2559 2.7111 -2.9244
vt 0.7772 0.8175
vn -0.3017 0.9487 0.0946
v -0.2930 2.7111 -3.0426
vt 0.7772 0.8175
vn -0.3017 0.9487 0.0946
v -0.3507 2.6909 -3.0245
vt 0.7733 0.8155
vn -0.3017 0.9487 0.0946
v -0.3076 2.6909 -2.8870
vt 0.7733 0.8155
vn -0.3017 0.9487 0.0946
f 3865/3865/3865 3866/3866/3866 3867/3867/3867 3868/3868/3868
v -1.0989 0.0245 -1.4082
vt 0.8542 0.8843
vn 0.9972 -0.0000 0.0743
v -1.0989 0.3430 -1.4082
vt 0.8542 0.8969
vn 0.9972 -0.0000 0.0743
v -1.2682 0.3430 0.8641
vt 0.7708 0.8969
vn 0.8478 0.3416 0.4057
v -1.2682 0.0245 0.8641
vt 0.7708 0.8843
vn 0.8478 -0.3416 0.4057
f 3869/3869/3869 3870/3870/3870 3871/3871/3871 3872/3872/3872
v -1.4392 0.0245 -1.4581
vt 0.7308 0.8843
vn -0.2756 -0.3416 -0.8985
v -1.4392 0.3430 -1.4581
vt 0.7308 0.8969
vn -0.2756 0.3416 -0.8985
v -1.1216 0.3430 -1.4344
vt 0.7308 0.8969
vn 0.4057 0.3416 -0.8478
v -1.1216 0.0245 -1.4344
vt 0.7308 0.8843
vn 0.4057 -0.3416 -0.8478
f 3873/3873/3873 3874/3874/3874 3875/3875/3875 3876/3876/3876
v -1.4410 0.3675 -1.4336
vt 0.8542 0.9297
vn -0.3153 0.8756 -0.3660
v -1.6102 0.3675 0.8386
vt 0.7708 0.9297
vn 0.0000 1.0000 0.0000
v -1.2926 0.3675 0.8622
vt 0.7708 0.9297
vn 0.3153 0.8756 0.3660
v -1.1234 0.3675 -1.4100
vt 0.8542 0.9297
vn 0.3660 0.8756 -0.3153
f 3877/3877/3877 3878/3878/3878 3879/3879/3879 3880/3880/3880
v -1.2944 0.0245 0.8867
vt 0.6443 0.8843
vn 0.2756 -0.3416 0.8985
v -1.2944 0.3430 0.8867
vt 0.6443 0.8969
vn 0.2756 0.3416 0.8985
v -1.6120 0.3430 0.8630
vt 0.6443 0.8969
vn -0.4057 0.3416 0.8478
v -1.6120 0.0245 0.8630
vt 0.6443 0.8843
vn -0.4057 -0.3416 0.8478
f 3881/3881/3881 3882/3882/3882 3883/3883/3883 3884/3884/3884
v -1.6346 0.0245 0.8368
vt 0.7708 0.8843
vn -0.8985 -0.3416 0.2756
v -1.6346 0.3430 0.8368
vt 0.7708 0.8969
vn -0.8985 0.3416 0.2756
v -1.4654 0.3430 -1.4354
vt 0.8542 0.8969
vn -0.8478 0.3416 -0.4057
v -1.4654 0.0245 -1.4354
vt 0.8542 0.8843
vn -0.8478 -0.3416 -0.4057
f 3885/3885/3885 3886/3886/3886 3887/3887/3887 3888/3888/3888
v -1.2926 -0.0000 0.8622
vt 0.6458 0.9296
vn 0.3153 -0.8756 0.3660
v -1.2682 0.0245 0.8641
vt 0.6458 0.9312
vn 0.8478 -0.3416 0.4057
v -1.2944 0.0245 0.8867
vt 0.6443 0.9312
vn 0.2756 -0.3416 0.8985
f 3889/3889/3889 3890/3890/3890 3891/3891/3891
v -1.2682 0.3430 0.8641
vt 0.6458 0.9438
vn 0.8478 0.3416 0.4057
v -1.2926 0.3675 0.8622
vt 0.6458 0.9454
vn 0.3153 0.8756 0.3660
v -1.2944 0.3430 0.8867
vt 0.6443 0.9438
vn 0.2756 0.3416 0.8985
f 3892/3892/3892 3893/3893/3893 3894/3894/3894
v -1.6102 -0.0000 0.8386
vt 0.6458 0.8828
vn -0.4935 -0.7588 0.4251
v -1.6120 0.0245 0.8630
vt 0.6443 0.8843
vn -0.4057 -0.3416 0.8478
v -1.6346 0.0245 0.8368
vt 0.6458 0.8843
vn -0.8985 -0.3416 0.2756
f 3895/3895/3895 3896/3896/3896 3897/3897/3897
v -1.6102 0.3675 0.8386
vt 0.6458 0.9454
vn -0.4935 0.7588 0.4251
v -1.6346 0.3430 0.8368
vt 0.6458 0.9438
vn -0.8985 0.3416 0.2756
v -1.6120 0.3430 0.8630
vt 0.6443 0.9438
vn -0.4057 0.3416 0.8478
f 3898/3898/3898 3899/3899/3899 3900/3900/3900
v -1.1234 -0.0000 -1.4100
vt 0.7292 0.9296
vn 0.3660 -0.8756 -0.3153
v -1.1216 0.0245 -1.4344
vt 0.7308 0.9312
vn 0.4057 -0.3416 -0.8478
v -1.0989 0.0245 -1.4082
vt 0.7292 0.9312
vn 0.7909 -0.4606 -0.4029
f 3901/3901/3901 3902/3902/3902 3903/3903/3903
v -1.1234 0.3675 -1.4100
vt 0.7292 0.9454
vn 0.3660 0.8756 -0.3153
v -1.0989 0.3430 -1.4082
vt 0.7292 0.9438
vn 0.7909 0.4606 -0.4029
v -1.1216 0.3430 -1.4344
vt 0.7308 0.9438
vn 0.4057 0.3416 -0.8478
f 3904/3904/3904 3905/3905/3905 3906/3906/3906
v -1.4410 -0.0000 -1.4336
vt 0.7292 0.9296
vn -0.4251 -0.7588 -0.4935
v -1.4654 0.0245 -1.4354
vt 0.7292 0.9312
vn -0.8478 -0.3416 -0.4057
v -1.4392 0.0245 -1.4581
vt 0.7308 0.9312
vn -0.2756 -0.3416 -0.8985
f 3907/3907/3907 3908/3908/3908 3909/3909/3909
v -1.4410 0.3675 -1.4336
vt 0.7292 0.9454
vn -0.3153 0.8756 -0.3660
v -1.4392 0.3430 -1.4581
vt 0.7308 0.9438
vn -0.2756 0.3416 -0.8985
v -1.4654 0.3430 -1.4354
vt 0.7292 0.9438
vn -0.8478 0.3416 -0.4057
f 3910/3910/3910 3911/3911/3911 3912/3912/3912
v -1.6102 -0.0000 0.8386
vt 0.6458 0.9296
vn -0.4935 -0.7588 0.4251
v -1.2926 -0.0000 0.8622
vt 0.6458 0.9296
vn 0.3153 -0.8756 0.3660
v -1.2944 0.0245 0.8867
vt 0.6443 0.9312
vn 0.2756 -0.3416 0.8985
v -1.6120 0.0245 0.8630
vt 0.6443 0.9312
vn -0.4057 -0.3416 0.8478
f 3913/3913/3913 3914/3914/3914 3915/3915/3915 3916/3916/3916
v -1.2682 0.0245 0.8641
vt 0.6458 0.9312
vn 0.8478 -0.3416 0.4057
v -1.2682 0.3430 0.8641
vt 0.6458 0.9438
vn 0.8478 0.3416 0.4057
v -1.2944 0.3430 0.8867
vt 0.6443 0.9438
vn 0.2756 0.3416 0.8985
v -1.2944 0.0245 0.8867
vt 0.6443 0.9312
vn 0.2756 -0.3416 0.8985
f 3917/3917/3917 3918/3918/3918 3919/3919/3919 3920/3920/3920
v -1.2926 0.3675 0.8622
vt 0.6458 0.9454
vn 0.3153 0.8756 0.3660
v -1.6102 0.3675 0.8386
vt 0.6458 0.9454
vn -0.4935 0.7588 0.4251
v -1.6120 0.3430 0.8630
vt 0.6443 0.9438
vn -0.4057 0.3416 0.8478
v -1.2944 0.3430 0.8867
vt 0.6443 0.9438
vn 0.2756 0.3416 0.8985
f 3921/3921/3921 3922/3922/3922 3923/3923/3923 3924/3924/3924
v -1.6346 0.3430 0.8368
vt 0.6458 0.9438
vn -0.8985 0.3416 0.2756
v -1.6346 0.0245 0.8368
vt 0.6458 0.9312
vn -0.8985 -0.3416 0.2756
v -1.6120 0.0245 0.8630
vt 0.6443 0.9312
vn -0.4057 -0.3416 0.8478
v -1.6120 0.3430 0.8630
vt 0.6443 0.9438
vn -0.4057 0.3416 0.8478
f 3925/3925/3925 3926/3926/3926 3927/3927/3927 3928/3928/3928
v -1.4410 -0.0000 -1.4336
vt 0.8542 0.9296
vn -0.4251 -0.7588 -0.4935
v -1.6102 -0.0000 0.8386
vt 0.7708 0.9296
vn -0.4935 -0.7588 0.4251
v -1.6346 0.0245 0.8368
vt 0.7708 0.9312
vn -0.8985 -0.3416 0.2756
v -1.4654 0.0245 -1.4354
vt 0.8542 0.9312
vn -0.8478 -0.3416 -0.4057
f 3929/3929/3929 3930/3930/3930 3931/3931/3931 3932/3932/3932
v -1.6102 0.3675 0.8386
vt 0.7708 0.9454
vn -0.4935 0.7588 0.4251
v -1.4410 0.3675 -1.4336
vt 0.8542 0.9454
vn -0.3153 0.8756 -0.3660
v -1.4654 0.3430 -1.4354
vt 0.8542 0.9438
vn -0.8478 0.3416 -0.4057
v -1.6346 0.3430 0.8368
vt 0.7708 0.9438
vn -0.8985 0.3416 0.2756
f 3933/3933/3933 3934/3934/3934 3935/3935/3935 3936/3936/3936
v -1.4392 0.3430 -1.4581
vt 0.7308 0.9438
vn -0.2756 0.3416 -0.8985
v -1.4392 0.0245 -1.4581
vt 0.7308 0.9312
vn -0.2756 -0.3416 -0.8985
v -1.4654 0.0245 -1.4354
vt 0.7292 0.9312
vn -0.8478 -0.3416 -0.4057
v -1.4654 0.3430 -1.4354
vt 0.7292 0.9438
vn -0.8478 0.3416 -0.4057
f 3937/3937/3937 3938/3938/3938 3939/3939/3939 3940/3940/3940
v -1.1234 -0.0000 -1.4100
vt 0.7292 0.9296
vn 0.3660 -0.8756 -0.3153
v -1.4410 -0.0000 -1.4336
vt 0.7292 0.9296
vn -0.4251 -0.7588 -0.4935
v -1.4392 0.0245 -1.4581
vt 0.7308 0.9312
vn -0.2756 -0.3416 -0.8985
v -1.1216 0.0245 -1.4344
vt 0.7308 0.9312
vn 0.4057 -0.3416 -0.8478
f 3941/3941/3941 3942/3942/3942 3943/3943/3943 3944/3944/3944
v -1.4410 0.3675 -1.4336
vt 0.7292 0.9454
vn -0.3153 0.8756 -0.3660
v -1.1234 0.3675 -1.4100
vt 0.7292 0.9454
vn 0.3660 0.8756 -0.3153
v -1.1216 0.3430 -1.4344
vt 0.7308 0.9438
vn 0.4057 0.3416 -0.8478
v -1.4392 0.3430 -1.4581
vt 0.7308 0.9438
vn -0.2756 0.3416 -0.8985
f 3945/3945/3945 3946/3946/3946 3947/3947/3947 3948/3948/3948
v -1.0989 0.3430 -1.4082
vt 0.7292 0.9438
vn 0.7909 0.4606 -0.4029
v -1.0989 0.0245 -1.4082
vt 0.7292 0.9312
vn 0.7909 -0.4606 -0.4029
v -1.1216 0.0245 -1.4344
vt 0.7308 0.9312
vn 0.4057 -0.3416 -0.8478
v -1.1216 0.3430 -1.4344
vt 0.7308 0.9438
vn 0.4057 0.3416 -0.8478
f 3949/3949/3949 3950/3950/3950 3951/3951/3951 3952/3952/3952
v -1.2926 -0.0000 0.8622
vt 0.7708 0.9296
vn 0.3153 -0.8756 0.3660
v -1.1234 -0.0000 -1.4100
vt 0.8542 0.9296
vn 0.3660 -0.8756 -0.3153
v -1.0989 0.0245 -1.4082
vt 0.8542 0.9312
vn 0.7909 -0.4606 -0.4029
v -1.2682 0.0245 0.8641
vt 0.7708 0.9312
vn 0.8478 -0.3416 0.4057
f 3953/3953/3953 3954/3954/3954 3955/3955/3955 3956/3956/3956
v -1.1234 0.3675 -1.4100
vt 0.8542 0.9454
vn 0.3660 0.8756 -0.3153
v -1.2926 0.3675 0.8622
vt 0.7708 0.9454
vn 0.3153 0.8756 0.3660
v -1.2682 0.3430 0.8641
vt 0.7708 0.9438
vn 0.8478 0.3416 0.4057
v -1.0989 0.3430 -1.4082
vt 0.8542 0.9438
vn 0.7909 0.4606 -0.4029
f 3957/3957/3957 3958/3958/3958 3959/3959/3959 3960/3960/3960
v -1.6102 -0.0000 0.8386
vt 0.7708 0.8515
vn 0.0000 -1.0000 -0.0000
v -1.4410 -0.0000 -1.4336
vt 0.8542 0.8515
vn 0.0000 -1.0000 -0.0000
v -1.1234 -0.0000 -1.4100
vt 0.8542 0.8515
vn 0.3660 -0.8756 -0.3153
v -1.2926 -0.0000 0.8622
vt 0.7708 0.8515
vn 0.3153 -0.8756 0.3660
f 3961/3961/3961 3962/3962/3962 3963/3963/3963 3964/3964/3964
v -0.7062 0.0245 -1.4035
vt 0.8542 0.8843
vn 0.8985 -0.3416 -0.2756
v -0.7062 0.3430 -1.4035
vt 0.8542 0.8969
vn 0.8985 0.3416 -0.2756
v -0.8754 0.3430 0.8687
vt 0.7708 0.8969
vn 0.8478 0.3416 0.4057
v -0.8754 0.0245 0.8687
vt 0.7708 0.8843
vn 0.8478 -0.3416 0.4057
f 3965/3965/3965 3966/3966/3966 3967/3967/3967 3968/3968/3968
v -1.0464 0.0245 -1.4534
vt 0.7308 0.8843
vn -0.2756 -0.3416 -0.8985
v -1.0464 0.3430 -1.4534
vt 0.7308 0.8969
vn -0.2756 0.3416 -0.8985
v -0.7288 0.3430 -1.4298
vt 0.7308 0.8969
vn 0.4057 0.3416 -0.8478
v -0.7288 0.0245 -1.4298
vt 0.7308 0.8843
vn 0.4057 -0.3416 -0.8478
f 3969/3969/3969 3970/3970/3970 3971/3971/3971 3972/3972/3972
v -1.0483 0.3675 -1.4290
vt 0.8542 0.9297
vn -0.3153 0.8756 -0.3660
v -1.2175 0.3675 0.8432
vt 0.7708 0.9297
vn -0.3660 0.8756 0.3153
v -0.8999 0.3675 0.8669
vt 0.7708 0.9297
vn 0.0000 1.0000 0.0000
v -0.7306 0.3675 -1.4053
vt 0.8542 0.9297
vn 0.0000 1.0000 0.0000
f 3973/3973/3973 3974/3974/3974 3975/3975/3975 3976/3976/3976
v -0.9017 0.0245 0.8913
vt 0.6443 0.8843
vn 0.2756 -0.3416 0.8985
v -0.9017 0.3430 0.8913
vt 0.6443 0.8969
vn 0.2756 0.3416 0.8985
v -1.2193 0.3430 0.8676
vt 0.6443 0.8969
vn -0.4057 0.3416 0.8478
v -1.2193 0.0245 0.8676
vt 0.6443 0.8843
vn -0.4057 -0.3416 0.8478
f 3977/3977/3977 3978/3978/3978 3979/3979/3979 3980/3980/3980
v -1.2419 0.0245 0.8414
vt 0.7708 0.8843
vn -0.8985 -0.3416 0.2756
v -1.2419 0.3430 0.8414
vt 0.7708 0.8969
vn -0.9972 -0.0000 -0.0743
v -1.0727 0.3430 -1.4308
vt 0.8542 0.8969
vn -0.9972 -0.0000 -0.0743
v -1.0727 0.0245 -1.4308
vt 0.8542 0.8843
vn -0.8478 -0.3416 -0.4057
f 3981/3981/3981 3982/3982/3982 3983/3983/3983 3984/3984/3984
v -0.8999 -0.0000 0.8669
vt 0.6458 0.9296
vn 0.4251 -0.7588 0.4935
v -0.8754 0.0245 0.8687
vt 0.6458 0.9312
vn 0.8478 -0.3416 0.4057
v -0.9017 0.0245 0.8913
vt 0.6443 0.9312
vn 0.2756 -0.3416 0.8985
f 3985/3985/3985 3986/3986/3986 3987/3987/3987
v -0.8754 0.3430 0.8687
vt 0.6458 0.9438
vn 0.8478 0.3416 0.4057
v -0.8999 0.3675 0.8669
vt 0.6458 0.9454
vn 0.4251 0.7588 0.4935
v -0.9017 0.3430 0.8913
vt 0.6443 0.9438
vn 0.2756 0.3416 0.8985
f 3988/3988/3988 3989/3989/3989 3990/3990/3990
v -1.2175 -0.0000 0.8432
vt 0.6458 0.8828
vn -0.4935 -0.7588 0.4251
v -1.2193 0.0245 0.8676
vt 0.6443 0.8843
vn -0.4057 -0.3416 0.8478
v -1.2419 0.0245 0.8414
vt 0.6458 0.8843
vn -0.8985 -0.3416 0.2756
f 3991/3991/3991 3992/3992/3992 3993/3993/3993
v -1.2175 0.3675 0.8432
vt 0.6458 0.9454
vn -0.3660 0.8756 0.3153
v -1.2419 0.3430 0.8414
vt 0.6458 0.9438
vn -0.7909 0.4606 0.4029
v -1.2193 0.3430 0.8676
vt 0.6443 0.9438
vn -0.4057 0.3416 0.8478
f 3994/3994/3994 3995/3995/3995 3996/3996/3996
v -0.7306 -0.0000 -1.4053
vt 0.7292 0.9296
vn 0.4935 -0.7588 -0.4251
v -0.7288 0.0245 -1.4298
vt 0.7308 0.9312
vn 0.4057 -0.3416 -0.8478
v -0.7062 0.0245 -1.4035
vt 0.7292 0.9312
vn 0.8985 -0.3416 -0.2756
f 3997/3997/3997 3998/3998/3998 3999/3999/3999
v -0.7306 0.3675 -1.4053
vt 0.7292 0.9454
vn 0.4935 0.7588 -0.4251
v -0.7062 0.3430 -1.4035
vt 0.7292 0.9438
vn 0.8985 0.3416 -0.2756
v -0.7288 0.3430 -1.4298
vt 0.7308 0.9438
vn 0.4057 0.3416 -0.8478
f 4000/4000/4000 4001/4001/4001 4002/4002/4002
v -1.0483 -0.0000 -1.4290
vt 0.7292 0.9296
vn -0.4251 -0.7588 -0.4935
v -1.0727 0.0245 -1.4308
vt 0.7292 0.9312
vn -0.8478 -0.3416 -0.4057
v -1.0464 0.0245 -1.4534
vt 0.7308 0.9312
vn -0.2756 -0.3416 -0.8985
f 4003/4003/4003 4004/4004/4004 4005/4005/4005
v -1.0483 0.3675 -1.4290
vt 0.7292 0.9454
vn -0.3153 0.8756 -0.3660
v -1.0464 0.3430 -1.4534
vt 0.7308 0.9438
vn -0.2756 0.3416 -0.8985
v -1.0727 0.3430 -1.4308
vt 0.7292 0.9438
vn -0.7225 0.4606 -0.5156
f 4006/4006/4006 4007/4007/4007 4008/4008/4008
v -1.2175 -0.0000 0.8432
vt 0.6458 0.9296
vn -0.4935 -0.7588 0.4251
v -0.8999 -0.0000 0.8669
vt 0.6458 0.9296
vn 0.4251 -0.7588 0.4935
v -0.9017 0.0245 0.8913
vt 0.6443 0.9312
vn 0.2756 -0.3416 0.8985
v -1.2193 0.0245 0.8676
vt 0.6443 0.9312
vn -0.4057 -0.3416 0.8478
f 4009/4009/4009 4010/4010/4010 4011/4011/4011 4012/4012/4012
v -0.8754 0.0245 0.8687
vt 0.6458 0.9312
vn 0.8478 -0.3416 0.4057
v -0.8754 0.3430 0.8687
vt 0.6458 0.9438
vn 0.8478 0.3416 0.4057
v -0.9017 0.3430 0.8913
vt 0.6443 0.9438
vn 0.2756 0.3416 0.8985
v -0.9017 0.0245 0.8913
vt 0.6443 0.9312
vn 0.2756 -0.3416 0.8985
f 4013/4013/4013 4014/4014/4014 4015/4015/4015 4016/4016/4016
v -0.8999 0.3675 0.8669
vt 0.6458 0.9454
vn 0.4251 0.7588 0.4935
v -1.2175 0.3675 0.8432
vt 0.6458 0.9454
vn -0.3660 0.8756 0.3153
v -1.2193 0.3430 0.8676
vt 0.6443 0.9438
vn -0.4057 0.3416 0.8478
v -0.9017 0.3430 0.8913
vt 0.6443 0.9438
vn 0.2756 0.3416 0.8985
f 4017/4017/4017 4018/4018/4018 4019/4019/4019 4020/4020/4020
v -1.2419 0.3430 0.8414
vt 0.6458 0.9438
vn -0.7909 0.4606 0.4029
v -1.2419 0.0245 0.8414
vt 0.6458 0.9312
vn -0.8985 -0.3416 0.2756
v -1.2193 0.0245 0.8676
vt 0.6443 0.9312
vn -0.4057 -0.3416 0.8478
v -1.2193 0.3430 0.8676
vt 0.6443 0.9438
vn -0.4057 0.3416 0.8478
f 4021/4021/4021 4022/4022/4022 4023/4023/4023 4024/4024/4024
v -1.0483 -0.0000 -1.4290
vt 0.8542 0.9296
vn -0.4251 -0.7588 -0.4935
v -1.2175 -0.0000 0.8432
vt 0.7708 0.9296
vn -0.4935 -0.7588 0.4251
v -1.2419 0.0245 0.8414
vt 0.7708 0.9312
vn -0.8985 -0.3416 0.2756
v -1.0727 0.0245 -1.4308
vt 0.8542 0.9312
vn -0.8478 -0.3416 -0.4057
f 4025/4025/4025 4026/4026/4026 4027/4027/4027 4028/4028/4028
v -1.2175 0.3675 0.8432
vt 0.7708 0.9454
vn -0.3660 0.8756 0.3153
v -1.0483 0.3675 -1.4290
vt 0.8542 0.9454
vn -0.3153 0.8756 -0.3660
v -1.0727 0.3430 -1.4308
vt 0.8542 0.9438
vn -0.7225 0.4606 -0.5156
v -1.2419 0.3430 0.8414
vt 0.7708 0.9438
vn -0.7909 0.4606 0.4029
f 4029/4029/4029 4030/4030/4030 4031/4031/4031 4032/4032/4032
v -1.0464 0.3430 -1.4534
vt 0.7308 0.9438
vn -0.2756 0.3416 -0.8985
v -1.0464 0.0245 -1.4534
vt 0.7308 0.9312
vn -0.2756 -0.3416 -0.8985
v -1.0727 0.0245 -1.4308
vt 0.7292 0.9312
vn -0.8478 -0.3416 -0.4057
v -1.0727 0.3430 -1.4308
vt 0.7292 0.9438
vn -0.7225 0.4606 -0.5156
f 4033/4033/4033 4034/4034/4034 4035/4035/4035 4036/4036/4036
v -0.7306 -0.0000 -1.4053
vt 0.7292 0.9296
vn 0.4935 -0.7588 -0.4251
v -1.0483 -0.0000 -1.4290
vt 0.7292 0.9296
vn -0.4251 -0.7588 -0.4935
v -1.0464 0.0245 -1.4534
vt 0.7308 0.9312
vn -0.2756 -0.3416 -0.8985
v -0.7288 0.0245 -1.4298
vt 0.7308 0.9312
vn 0.4057 -0.3416 -0.8478
f 4037/4037/4037 4038/4038/4038 4039/4039/4039 4040/4040/4040
v -1.0483 0.3675 -1.4290
vt 0.7292 0.9454
vn -0.3153 0.8756 -0.3660
v -0.7306 0.3675 -1.4053
vt 0.7292 0.9454
vn 0.4935 0.7588 -0.4251
v -0.7288 0.3430 -1.4298
vt 0.7308 0.9438
vn 0.4057 0.3416 -0.8478
v -1.0464 0.3430 -1.4534
vt 0.7308 0.9438
vn -0.2756 0.3416 -0.8985
f 4041/4041/4041 4042/4042/4042 4043/4043/4043 4044/4044/4044
v -0.7062 0.3430 -1.4035
vt 0.7292 0.9438
vn 0.8985 0.3416 -0.2756
v -0.7062 0.0245 -1.4035
vt 0.7292 0.9312
vn 0.8985 -0.3416 -0.2756
v -0.7288 0.0245 -1.4298
vt 0.7308 0.9312
vn 0.4057 -0.3416 -0.8478
v -0.7288 0.3430 -1.4298
vt 0.7308 0.9438
vn 0.4057 0.3416 -0.8478
f 4045/4045/4045 4046/4046/4046 4047/4047/4047 4048/4048/4048
v -0.8999 -0.0000 0.8669
vt 0.7708 0.9296
vn 0.4251 -0.7588 0.4935
v -0.7306 -0.0000 -1.4053
vt 0.8542 0.9296
vn 0.4935 -0.7588 -0.4251
v -0.7062 0.0245 -1.4035
vt 0.8542 0.9312
vn 0.8985 -0.3416 -0.2756
v -0.8754 0.0245 0.8687
vt 0.7708 0.9312
vn 0.8478 -0.3416 0.4057
f 4049/4049/4049 4050/4050/4050 4051/4051/4051 4052/4052/4052
v -0.7306 0.3675 -1.4053
vt 0.8542 0.9454
vn 0.4935 0.7588 -0.4251
v -0.8999 0.3675 0.8669
vt 0.7708 0.9454
vn 0.4251 0.7588 0.4935
v -0.8754 0.3430 0.8687
vt 0.7708 0.9438
vn 0.8478 0.3416 0.4057
v -0.7062 0.3430 -1.4035
vt 0.8542 0.9438
vn 0.8985 0.3416 -0.2756
f 4053/4053/4053 4054/4054/4054 4055/4055/4055 4056/4056/4056
v -1.2175 -0.0000 0.8432
vt 0.7708 0.8515
vn 0.0000 -1.0000 -0.0000
v -1.0483 -0.0000 -1.4290
vt 0.8542 0.8515
vn 0.0000 -1.0000 -0.0000
v -0.7306 -0.0000 -1.4053
vt 0.8542 0.8515
vn 0.0000 -1.0000 -0.0000
v -0.8999 -0.0000 0.8669
vt 0.7708 0.8515
vn 0.0000 -1.0000 -0.0000
f 4057/4057/4057 4058/4058/4058 4059/4059/4059 4060/4060/4060
v -0.3171 0.0245 -1.3499
vt 0.8542 0.8843
vn 0.8985 -0.3416 -0.2756
v -0.3171 0.3430 -1.3499
vt 0.8542 0.8969
vn 0.8985 0.3416 -0.2756
v -0.4863 0.3430 0.9223
vt 0.7708 0.8969
vn 0.8478 0.3416 0.4057
v -0.4863 0.0245 0.9223
vt 0.7708 0.8843
vn 0.8478 -0.3416 0.4057
f 4061/4061/4061 4062/4062/4062 4063/4063/4063 4064/4064/4064
v -0.6573 0.0245 -1.3999
vt 0.7308 0.8843
vn -0.2756 -0.3416 -0.8985
v -0.6573 0.3430 -1.3999
vt 0.7308 0.8969
vn -0.2756 0.3416 -0.8985
v -0.3397 0.3430 -1.3762
vt 0.7308 0.8969
vn 0.4057 0.3416 -0.8478
v -0.3397 0.0245 -1.3762
vt 0.7308 0.8843
vn 0.4057 -0.3416 -0.8478
f 4065/4065/4065 4066/4066/4066 4067/4067/4067 4068/4068/4068
v -0.6592 0.3675 -1.3754
vt 0.8542 0.9297
vn 0.0000 1.0000 0.0000
v -0.8284 0.3675 0.8968
vt 0.7708 0.9297
vn 0.0000 1.0000 0.0000
v -0.5108 0.3675 0.9204
vt 0.7708 0.9297
vn 0.3153 0.8756 0.3660
v -0.3415 0.3675 -1.3518
vt 0.8542 0.9297
vn 0.3660 0.8756 -0.3153
f 4069/4069/4069 4070/4070/4070 4071/4071/4071 4072/4072/4072
v -0.5126 0.0245 0.9449
vt 0.6443 0.8843
vn 0.2756 -0.3416 0.8985
v -0.5126 0.3430 0.9449
vt 0.6443 0.8969
vn 0.2756 0.3416 0.8985
v -0.8302 0.3430 0.9212
vt 0.6443 0.8969
vn -0.4057 0.3416 0.8478
v -0.8302 0.0245 0.9212
vt 0.6443 0.8843
vn -0.4057 -0.3416 0.8478
f 4073/4073/4073 4074/4074/4074 4075/4075/4075 4076/4076/4076
v -0.8528 0.0245 0.8950
vt 0.7708 0.8843
vn -0.8985 -0.3416 0.2756
v -0.8528 0.3430 0.8950
vt 0.7708 0.8969
vn -0.8985 0.3416 0.2756
v -0.6836 0.3430 -1.3772
vt 0.8542 0.8969
vn -0.8478 0.3416 -0.4057
v -0.6836 0.0245 -1.3772
vt 0.8542 0.8843
vn -0.8478 -0.3416 -0.4057
f 4077/4077/4077 4078/4078/4078 4079/4079/4079 4080/4080/4080
v -0.5108 -0.0000 0.9204
vt 0.6458 0.9296
vn 0.3153 -0.8756 0.3660
v -0.4863 0.0245 0.9223
vt 0.6458 0.9312
vn 0.8478 -0.3416 0.4057
v -0.5126 0.0245 0.9449
vt 0.6443 0.9312
vn 0.2756 -0.3416 0.8985
f 4081/4081/4081 4082/4082/4082 4083/4083/4083
v -0.4863 0.3430 0.9223
vt 0.6458 0.9438
vn 0.8478 0.3416 0.4057
v -0.5108 0.3675 0.9204
vt 0.6458 0.9454
vn 0.3153 0.8756 0.3660
v -0.5126 0.3430 0.9449
vt 0.6443 0.9438
vn 0.2756 0.3416 0.8985
f 4084/4084/4084 4085/4085/4085 4086/4086/4086
v -0.8284 -0.0000 0.8968
vt 0.6458 0.8828
vn -0.4935 -0.7588 0.4251
v -0.8302 0.0245 0.9212
vt 0.6443 0.8843
vn -0.4057 -0.3416 0.8478
v -0.8528 0.0245 0.8950
vt 0.6458 0.8843
vn -0.8985 -0.3416 0.2756
f 4087/4087/4087 4088/4088/4088 4089/4089/4089
v -0.8284 0.3675 0.8968
vt 0.6458 0.9454
vn -0.4935 0.7588 0.4251
v -0.8528 0.3430 0.8950
vt 0.6458 0.9438
vn -0.8985 0.3416 0.2756
v -0.8302 0.3430 0.9212
vt 0.6443 0.9438
vn -0.4057 0.3416 0.8478
f 4090/4090/4090 4091/4091/4091 4092/4092/4092
v -0.3415 -0.0000 -1.3518
vt 0.7292 0.9296
vn 0.3660 -0.8756 -0.3153
v -0.3397 0.0245 -1.3762
vt 0.7308 0.9312
vn 0.4057 -0.3416 -0.8478
v -0.3171 0.0245 -1.3499
vt 0.7292 0.9312
vn 0.8985 -0.3416 -0.2756
f 4093/4093/4093 4094/4094/4094 4095/4095/4095
v -0.3415 0.3675 -1.3518
vt 0.7292 0.9454
vn 0.3660 0.8756 -0.3153
v -0.3171 0.3430 -1.3499
vt 0.7292 0.9438
vn 0.8985 0.3416 -0.2756
v -0.3397 0.3430 -1.3762
vt 0.7308 0.9438
vn 0.4057 0.3416 -0.8478
f 4096/4096/4096 4097/4097/4097 4098/4098/4098
v -0.6592 -0.0000 -1.3754
vt 0.7292 0.9296
vn -0.4251 -0.7588 -0.4935
v -0.6836 0.0245 -1.3772
vt 0.7292 0.9312
vn -0.8478 -0.3416 -0.4057
v -0.6573 0.0245 -1.3999
vt 0.7308 0.9312
vn -0.2756 -0.3416 -0.8985
f 4099/4099/4099 4100/4100/4100 4101/4101/4101
v -0.6592 0.3675 -1.3754
vt 0.7292 0.9454
vn -0.4251 0.7588 -0.4935
v -0.6573 0.3430 -1.3999
vt 0.7308 0.9438
vn -0.2756 0.3416 -0.8985
v -0.6836 0.3430 -1.3772
vt 0.7292 0.9438
vn -0.8478 0.3416 -0.4057
f 4102/4102/4102 4103/4103/4103 4104/4104/4104
v -0.8284 -0.0000 0.8968
vt 0.6458 0.9296
vn -0.4935 -0.7588 0.4251
v -0.5108 -0.0000 0.9204
vt 0.6458 0.9296
vn 0.3153 -0.8756 0.3660
v -0.5126 0.0245 0.9449
vt 0.6443 0.9312
vn 0.2756 -0.3416 0.8985
v -0.8302 0.0245 0.9212
vt 0.6443 0.9312
vn -0.4057 -0.3416 0.8478
f 4105/4105/4105 4106/4106/4106 4107/4107/4107 4108/4108/4108
v -0.4863 0.0245 0.9223
vt 0.6458 0.9312
vn 0.8478 -0.3416 0.4057
v -0.4863 0.3430 0.9223
vt 0.6458 0.9438
vn 0.8478 0.3416 0.4057
v -0.5126 0.3430 0.9449
vt 0.6443 0.9438
vn 0.2756 0.3416 0.8985
v -0.5126 0.0245 0.9449
vt 0.6443 0.9312
vn 0.2756 -0.3416 0.8985
f 4109/4109/4109 4110/4110/4110 4111/4111/4111 4112/4112/4112
v -0.5108 0.3675 0.9204
vt 0.6458 0.9454
vn 0.3153 0.8756 0.3660
v -0.8284 0.3675 0.8968
vt 0.6458 0.9454
vn -0.4935 0.7588 0.4251
v -0.8302 0.3430 0.9212
vt 0.6443 0.9438
vn -0.4057 0.3416 0.8478
v -0.5126 0.3430 0.9449
vt 0.6443 0.9438
vn 0.2756 0.3416 0.8985
f 4113/4113/4113 4114/4114/4114 4115/4115/4115 4116/4116/4116
v -0.8528 0.3430 0.8950
vt 0.6458 0.9438
vn -0.8985 0.3416 0.2756
v -0.8528 0.0245 0.8950
vt 0.6458 0.9312
vn -0.8985 -0.3416 0.2756
v -0.8302 0.0245 0.9212
vt 0.6443 0.9312
vn -0.4057 -0.3416 0.8478
v -0.8302 0.3430 0.9212
vt 0.6443 0.9438
vn -0.4057 0.3416 0.8478
f 4117/4117/4117 4118/4118/4118 4119/4119/4119 4120/4120/4120
v -0.6592 -0.0000 -1.3754
vt 0.8542 0.9296
vn -0.4251 -0.7588 -0.4935
v -0.8284 -0.0000 0.8968
vt 0.7708 0.9296
vn -0.4935 -0.7588 0.4251
v -0.8528 0.0245 0.8950
vt 0.7708 0.9312
vn -0.8985 -0.3416 0.2756
v -0.6836 0.0245 -1.3772
vt 0.8542 0.9312
vn -0.8478 -0.3416 -0.4057
f 4121/4121/4121 4122/4122/4122 4123/4123/4123 4124/4124/4124
v -0.8284 0.3675 0.8968
vt 0.7708 0.9454
vn -0.4935 0.7588 0.4251
v -0.6592 0.3675 -1.3754
vt 0.8542 0.9454
vn -0.4251 0.7588 -0.4935
v -0.6836 0.3430 -1.3772
vt 0.8542 0.9438
vn -0.8478 0.3416 -0.4057
v -0.8528 0.3430 0.8950
vt 0.7708 0.9438
vn -0.8985 0.3416 0.2756
f 4125/4125/4125 4126/4126/4126 4127/4127/4127 4128/4128/4128
v -0.6573 0.3430 -1.3999
vt 0.7308 0.9438
vn -0.2756 0.3416 -0.8985
v -0.6573 0.0245 -1.3999
vt 0.7308 0.9312
vn -0.2756 -0.3416 -0.8985
v -0.6836 0.0245 -1.3772
vt 0.7292 0.9312
vn -0.8478 -0.3416 -0.4057
v -0.6836 0.3430 -1.3772
vt 0.7292 0.9438
vn -0.8478 0.3416 -0.4057
f 4129/4129/4129 4130/4130/4130 4131/4131/4131 4132/4132/4132
v -0.3415 -0.0000 -1.3518
vt 0.7292 0.9296
vn 0.3660 -0.8756 -0.3153
v -0.6592 -0.0000 -1.3754
vt 0.7292 0.9296
vn -0.4251 -0.7588 -0.4935
v -0.6573 0.0245 -1.3999
vt 0.7308 0.9312
vn -0.2756 -0.3416 -0.8985
v -0.3397 0.0245 -1.3762
vt 0.7308 0.9312
vn 0.4057 -0.3416 -0.8478
f 4133/4133/4133 4134/4134/4134 4135/4135/4135 4136/4136/4136
v -0.6592 0.3675 -1.3754
vt 0.7292 0.9454
vn -0.4251 0.7588 -0.4935
v -0.3415 0.3675 -1.3518
vt 0.7292 0.9454
vn 0.3660 0.8756 -0.3153
v -0.3397 0.3430 -1.3762
vt 0.7308 0.9438
vn 0.4057 0.3416 -0.8478
v -0.6573 0.3430 -1.3999
vt 0.7308 0.9438
vn -0.2756 0.3416 -0.8985
f 4137/4137/4137 4138/4138/4138 4139/4139/4139 4140/4140/4140
v -0.3171 0.3430 -1.3499
vt 0.7292 0.9438
vn 0.8985 0.3416 -0.2756
v -0.3171 0.0245 -1.3499
vt 0.7292 0.9312
vn 0.8985 -0.3416 -0.2756
v -0.3397 0.0245 -1.3762
vt 0.7308 0.9312
vn 0.4057 -0.3416 -0.8478
v -0.3397 0.3430 -1.3762
vt 0.7308 0.9438
vn 0.4057 0.3416 -0.8478
f 4141/4141/4141 4142/4142/4142 4143/4143/4143 4144/4144/4144
v -0.5108 -0.0000 0.9204
vt 0.7708 0.9296
vn 0.3153 -0.8756 0.3660
v -0.3415 -0.0000 -1.3518
vt 0.8542 0.9296
vn 0.3660 -0.8756 -0.3153
v -0.3171 0.0245 -1.3499
vt 0.8542 0.9312
vn 0.8985 -0.3416 -0.2756
v -0.4863 0.0245 0.9223
vt 0.7708 0.9312
vn 0.8478 -0.3416 0.4057
f 4145/4145/4145 4146/4146/4146 4147/4147/4147 4148/4148/4148
v -0.3415 0.3675 -1.3518
vt 0.8542 0.9454
vn 0.3660 0.8756 -0.3153
v -0.5108 0.3675 0.9204
vt 0.7708 0.9454
vn 0.3153 0.8756 0.3660
v -0.4863 0.3430 0.9223
vt 0.7708 0.9438
vn 0.8478 0.3416 0.4057
v -0.3171 0.3430 -1.3499
vt 0.8542 0.9438
vn 0.8985 0.3416 -0.2756
f 4149/4149/4149 4150/4150/4150 4151/4151/4151 4152/4152/4152
v -0.8284 -0.0000 0.8968
vt 0.7708 0.8515
vn 0.0000 -1.0000 -0.0000
v -0.6592 -0.0000 -1.3754
vt 0.8542 0.8515
vn 0.0000 -1.0000 -0.0000
v -0.3415 -0.0000 -1.3518
vt 0.8542 0.8515
vn 0.3660 -0.8756 -0.3153
v -0.5108 -0.0000 0.9204
vt 0.7708 0.8515
vn 0.3153 -0.8756 0.3660
f 4153/4153/4153 4154/4154/4154 4155/4155/4155 4156/4156/4156
v -0.8040 0.3920 -1.4219
vt 0.8542 0.8843
vn 0.8985 -0.3416 -0.2756
v -0.8040 0.7105 -1.4219
vt 0.8542 0.8969
vn 0.8985 0.3416 -0.2756
v -0.9732 0.7105 0.8503
vt 0.7708 0.8969
vn 0.8478 0.3416 0.4057
v -0.9732 0.3920 0.8503
vt 0.7708 0.8843
vn 0.8478 -0.3416 0.4057
f 4157/4157/4157 4158/4158/4158 4159/4159/4159 4160/4160/4160
v -1.1443 0.3920 -1.4718
vt 0.7308 0.8843
vn -0.2756 -0.3416 -0.8985
v -1.1443 0.7105 -1.4718
vt 0.7308 0.8969
vn -0.2756 0.3416 -0.8985
v -0.8266 0.7105 -1.4481
vt 0.7308 0.8969
vn 0.4057 0.3416 -0.8478
v -0.8266 0.3920 -1.4481
vt 0.7308 0.8843
vn 0.4057 -0.3416 -0.8478
f 4161/4161/4161 4162/4162/4162 4163/4163/4163 4164/4164/4164
v -1.1461 0.7350 -1.4474
vt 0.8542 0.9297
vn -0.3153 0.8756 -0.3660
v -1.3153 0.7350 0.8248
vt 0.7708 0.9297
vn -0.3660 0.8756 0.3153
v -0.9977 0.7350 0.8485
vt 0.7708 0.9297
vn 0.0000 1.0000 0.0000
v -0.8285 0.7350 -1.4237
vt 0.8542 0.9297
vn 0.0000 1.0000 0.0000
f 4165/4165/4165 4166/4166/4166 4167/4167/4167 4168/4168/4168
v -0.9995 0.3920 0.8729
vt 0.6443 0.8843
vn 0.2756 -0.3416 0.8985
v -0.9995 0.7105 0.8729
vt 0.6443 0.8969
vn 0.2756 0.3416 0.8985
v -1.3171 0.7105 0.8493
vt 0.6443 0.8969
vn -0.4057 0.3416 0.8478
v -1.3171 0.3920 0.8493
vt 0.6443 0.8843
vn -0.4057 -0.3416 0.8478
f 4169/4169/4169 4170/4170/4170 4171/4171/4171 4172/4172/4172
v -1.3397 0.3920 0.8230
vt 0.7708 0.8843
vn -0.8985 -0.3416 0.2756
v -1.3397 0.7105 0.8230
vt 0.7708 0.8969
vn -0.9972 -0.0000 -0.0743
v -1.1705 0.7105 -1.4492
vt 0.8542 0.8969
vn -0.9972 -0.0000 -0.0743
v -1.1705 0.3920 -1.4492
vt 0.8542 0.8843
vn -0.8478 -0.3416 -0.4057
f 4173/4173/4173 4174/4174/4174 4175/4175/4175 4176/4176/4176
v -0.9977 0.3675 0.8485
vt 0.6458 0.9296
vn 0.4251 -0.7588 0.4935
v -0.9732 0.3920 0.8503
vt 0.6458 0.9312
vn 0.8478 -0.3416 0.4057
v -0.9995 0.3920 0.8729
vt 0.6443 0.9312
vn 0.2756 -0.3416 0.8985
f 4177/4177/4177 4178/4178/4178 4179/4179/4179
v -0.9732 0.7105 0.8503
vt 0.6458 0.9438
vn 0.8478 0.3416 0.4057
v -0.9977 0.7350 0.8485
vt 0.6458 0.9454
vn 0.4251 0.7588 0.4935
v -0.9995 0.7105 0.8729
vt 0.6443 0.9438
vn 0.2756 0.3416 0.8985
f 4180/4180/4180 4181/4181/4181 4182/4182/4182
v -1.3153 0.3675 0.8248
vt 0.6458 0.8828
vn -0.4935 -0.7588 0.4251
v -1.3171 0.3920 0.8493
vt 0.6443 0.8843
vn -0.4057 -0.3416 0.8478
v -1.3397 0.3920 0.8230
vt 0.6458 0.8843
vn -0.8985 -0.3416 0.2756
f 4183/4183/4183 4184/4184/4184 4185/4185/4185
v -1.3153 0.7350 0.8248
vt 0.6458 0.9454
vn -0.3660 0.8756 0.3153
v -1.3397 0.7105 0.8230
vt 0.6458 0.9438
vn -0.7909 0.4606 0.4029
v -1.3171 0.7105 0.8493
vt 0.6443 0.9438
vn -0.4057 0.3416 0.8478
f 4186/4186/4186 4187/4187/4187 4188/4188/4188
v -0.8285 0.3675 -1.4237
vt 0.7292 0.9296
vn 0.4935 -0.7588 -0.4251
v -0.8266 0.3920 -1.4481
vt 0.7308 0.9312
vn 0.4057 -0.3416 -0.8478
v -0.8040 0.3920 -1.4219
vt 0.7292 0.9312
vn 0.8985 -0.3416 -0.2756
f 4189/4189/4189 4190/4190/4190 4191/4191/4191
v -0.8285 0.7350 -1.4237
vt 0.7292 0.9454
vn 0.4935 0.7588 -0.4251
v -0.8040 0.7105 -1.4219
vt 0.7292 0.9438
vn 0.8985 0.3416 -0.2756
v -0.8266 0.7105 -1.4481
vt 0.7308 0.9438
vn 0.4057 0.3416 -0.8478
f 4192/4192/4192 4193/4193/4193 4194/4194/4194
v -1.1461 0.3675 -1.4474
vt 0.7292 0.9296
vn -0.4251 -0.7588 -0.4935
v -1.1705 0.3920 -1.4492
vt 0.7292 0.9312
vn -0.8478 -0.3416 -0.4057
v -1.1443 0.3920 -1.4718
vt 0.7308 0.9312
vn -0.2756 -0.3416 -0.8985
f 4195/4195/4195 4196/4196/4196 4197/4197/4197
v -1.1461 0.7350 -1.4474
vt 0.7292 0.9454
vn -0.3153 0.8756 -0.3660
v -1.1443 0.7105 -1.4718
vt 0.7308 0.9438
vn -0.2756 0.3416 -0.8985
v -1.1705 0.7105 -1.4492
vt 0.7292 0.9438
vn -0.7225 0.4606 -0.5156
f 4198/4198/4198 4199/4199/4199 4200/4200/4200
v -1.3153 0.3675 0.8248
vt 0.6458 0.9296
vn -0.4935 -0.7588 0.4251
v -0.9977 0.3675 0.8485
vt 0.6458 0.9296
vn 0.4251 -0.7588 0.4935
v -0.9995 0.3920 0.8729
vt 0.6443 0.9312
vn 0.2756 -0.3416 0.8985
v -1.3171 0.3920 0.8493
vt 0.6443 0.9312
vn -0.4057 -0.3416 0.8478
f 4201/4201/4201 4202/4202/4202 4203/4203/4203 4204/4204/4204
v -0.9732 0.3920 0.8503
vt 0.6458 0.9312
vn 0.8478 -0.3416 0.4057
v -0.9732 0.7105 0.8503
vt 0.6458 0.9438
vn 0.8478 0.3416 0.4057
v -0.9995 0.7105 0.8729
vt 0.6443 0.9438
vn 0.2756 0.3416 0.8985
v -0.9995 0.3920 0.8729
vt 0.6443 0.9312
vn 0.2756 -0.3416 0.8985
f 4205/4205/4205 4206/4206/4206 4207/4207/4207 4208/4208/4208
v -0.9977 0.7350 0.8485
vt 0.6458 0.9454
vn 0.4251 0.7588 0.4935
v -1.3153 0.7350 0.8248
vt 0.6458 0.9454
vn -0.3660 0.8756 0.3153
v -1.3171 0.7105 0.8493
vt 0.6443 0.9438
vn -0.4057 0.3416 0.8478
v -0.9995 0.7105 0.8729
vt 0.6443 0.9438
vn 0.2756 0.3416 0.8985
f 4209/4209/4209 4210/4210/4210 4211/4211/4211 4212/4212/4212
v -1.3397 0.7105 0.8230
vt 0.6458 0.9438
vn -0.7909 0.4606 0.4029
v -1.3397 0.3920 0.8230
vt 0.6458 0.9312
vn -0.8985 -0.3416 0.2756
v -1.3171 0.3920 0.8493
vt 0.6443 0.9312
vn -0.4057 -0.3416 0.8478
v -1.3171 0.7105 0.8493
vt 0.6443 0.9438
vn -0.4057 0.3416 0.8478
f 4213/4213/4213 4214/4214/4214 4215/4215/4215 4216/4216/4216
v -1.1461 0.3675 -1.4474
vt 0.8542 0.9296
vn -0.4251 -0.7588 -0.4935
v -1.3153 0.3675 0.8248
vt 0.7708 0.9296
vn -0.4935 -0.7588 0.4251
v -1.3397 0.3920 0.8230
vt 0.7708 0.9312
vn -0.8985 -0.3416 0.2756
v -1.1705 0.3920 -1.4492
vt 0.8542 0.9312
vn -0.8478 -0.3416 -0.4057
f 4217/4217/4217 4218/4218/4218 4219/4219/4219 4220/4220/4220
v -1.3153 0.7350 0.8248
vt 0.7708 0.9454
vn -0.3660 0.8756 0.3153
v -1.1461 0.7350 -1.4474
vt 0.8542 0.9454
vn -0.3153 0.8756 -0.3660
v -1.1705 0.7105 -1.4492
vt 0.8542 0.9438
vn -0.7225 0.4606 -0.5156
v -1.3397 0.7105 0.8230
vt 0.7708 0.9438
vn -0.7909 0.4606 0.4029
f 4221/4221/4221 4222/4222/4222 4223/4223/4223 4224/4224/4224
v -1.1443 0.7105 -1.4718
vt 0.7308 0.9438
vn -0.2756 0.3416 -0.8985
v -1.1443 0.3920 -1.4718
vt 0.7308 0.9312
vn -0.2756 -0.3416 -0.8985
v -1.1705 0.3920 -1.4492
vt 0.7292 0.9312
vn -0.8478 -0.3416 -0.4057
v -1.1705 0.7105 -1.4492
vt 0.7292 0.9438
vn -0.7225 0.4606 -0.5156
f 4225/4225/4225 4226/4226/4226 4227/4227/4227 4228/4228/4228
v -0.8285 0.3675 -1.4237
vt 0.7292 0.9296
vn 0.4935 -0.7588 -0.4251
v -1.1461 0.3675 -1.4474
vt 0.7292 0.9296
vn -0.4251 -0.7588 -0.4935
v -1.1443 0.3920 -1.4718
vt 0.7308 0.9312
vn -0.2756 -0.3416 -0.8985
v -0.8266 0.3920 -1.4481
vt 0.7308 0.9312
vn 0.4057 -0.3416 -0.8478
f 4229/4229/4229 4230/4230/4230 4231/4231/4231 4232/4232/4232
v -1.1461 0.7350 -1.4474
vt 0.7292 0.9454
vn -0.3153 0.8756 -0.3660
v -0.8285 0.7350 -1.4237
vt 0.7292 0.9454
vn 0.4935 0.7588 -0.4251
v -0.8266 0.7105 -1.4481
vt 0.7308 0.9438
vn 0.4057 0.3416 -0.8478
v -1.1443 0.7105 -1.4718
vt 0.7308 0.9438
vn -0.2756 0.3416 -0.8985
f 4233/4233/4233 4234/4234/4234 4235/4235/4235 4236/4236/4236
v -0.8040 0.7105 -1.4219
vt 0.7292 0.9438
vn 0.8985 0.3416 -0.2756
v -0.8040 0.3920 -1.4219
vt 0.7292 0.9312
vn 0.8985 -0.3416 -0.2756
v -0.8266 0.3920 -1.4481
vt 0.7308 0.9312
vn 0.4057 -0.3416 -0.8478
v -0.8266 0.7105 -1.4481
vt 0.7308 0.9438
vn 0.4057 0.3416 -0.8478
f 4237/4237/4237 4238/4238/4238 4239/4239/4239 4240/4240/4240
v -0.9977 0.3675 0.8485
vt 0.7708 0.9296
vn 0.4251 -0.7588 0.4935
v -0.8285 0.3675 -1.4237
vt 0.8542 0.9296
vn 0.4935 -0.7588 -0.4251
v -0.8040 0.3920 -1.4219
vt 0.8542 0.9312
vn 0.8985 -0.3416 -0.2756
v -0.9732 0.3920 0.8503
vt 0.7708 0.9312
vn 0.8478 -0.3416 0.4057
f 4241/4241/4241 4242/4242/4242 4243/4243/4243 4244/4244/4244
v -0.8285 0.7350 -1.4237
vt 0.8542 0.9454
vn 0.4935 0.7588 -0.4251
v -0.9977 0.7350 0.8485
vt 0.7708 0.9454
vn 0.4251 0.7588 0.4935
v -0.9732 0.7105 0.8503
vt 0.7708 0.9438
vn 0.8478 0.3416 0.4057
v -0.8040 0.7105 -1.4219
vt 0.8542 0.9438
vn 0.8985 0.3416 -0.2756
f 4245/4245/4245 4246/4246/4246 4247/4247/4247 4248/4248/4248
v -1.3153 0.3675 0.8248
vt 0.7708 0.8515
vn 0.0000 -1.0000 -0.0000
v -1.1461 0.3675 -1.4474
vt 0.8542 0.8515
vn 0.0000 -1.0000 -0.0000
v -0.8285 0.3675 -1.4237
vt 0.8542 0.8515
vn 0.0000 -1.0000 -0.0000
v -0.9977 0.3675 0.8485
vt 0.7708 0.8515
vn 0.0000 -1.0000 -0.0000
f 4249/4249/4249 4250/4250/4250 4251/4251/4251 4252/4252/4252
v -0.3941 0.3920 -1.3176
vt 0.8542 0.8843
vn 0.9972 -0.0000 0.0743
v -0.3941 0.7105 -1.3176
vt 0.8542 0.8969
vn 0.9972 -0.0000 0.0743
v -0.5634 0.7105 0.9546
vt 0.7708 0.8969
vn 0.9972 -0.0000 0.0743
v -0.5634 0.3920 0.9546
vt 0.7708 0.8843
vn 0.9972 -0.0000 0.0743
f 4253/4253/4253 4254/4254/4254 4255/4255/4255 4256/4256/4256
v -0.7344 0.3920 -1.3675
vt 0.7308 0.8843
vn -0.2756 -0.3416 -0.8985
v -0.7344 0.7105 -1.3675
vt 0.7308 0.8969
vn -0.2756 0.3416 -0.8985
v -0.4168 0.7105 -1.3439
vt 0.7308 0.8969
vn 0.4057 0.3416 -0.8478
v -0.4168 0.3920 -1.3439
vt 0.7308 0.8843
vn 0.4057 -0.3416 -0.8478
f 4257/4257/4257 4258/4258/4258 4259/4259/4259 4260/4260/4260
v -0.7362 0.7350 -1.3431
vt 0.8542 0.9297
vn -0.3153 0.8756 -0.3660
v -0.9054 0.7350 0.9291
vt 0.7708 0.9297
vn -0.3660 0.8756 0.3153
v -0.5878 0.7350 0.9528
vt 0.7708 0.9297
vn 0.3153 0.8756 0.3660
v -0.4186 0.7350 -1.3195
vt 0.8542 0.9297
vn 0.3660 0.8756 -0.3153
f 4261/4261/4261 4262/4262/4262 4263/4263/4263 4264/4264/4264
v -0.5896 0.3920 0.9772
vt 0.6443 0.8843
vn 0.2756 -0.3416 0.8985
v -0.5896 0.7105 0.9772
vt 0.6443 0.8969
vn 0.2756 0.3416 0.8985
v -0.9072 0.7105 0.9535
vt 0.6443 0.8969
vn -0.4057 0.3416 0.8478
v -0.9072 0.3920 0.9535
vt 0.6443 0.8843
vn -0.4057 -0.3416 0.8478
f 4265/4265/4265 4266/4266/4266 4267/4267/4267 4268/4268/4268
v -0.9298 0.3920 0.9273
vt 0.7708 0.8843
vn -0.9972 -0.0000 -0.0743
v -0.9298 0.7105 0.9273
vt 0.7708 0.8969
vn -0.9972 -0.0000 -0.0743
v -0.7606 0.7105 -1.3449
vt 0.8542 0.8969
vn -0.9972 -0.0000 -0.0743
v -0.7606 0.3920 -1.3449
vt 0.8542 0.8843
vn -0.9972 -0.0000 -0.0743
f 4269/4269/4269 4270/4270/4270 4271/4271/4271 4272/4272/4272
v -0.5878 0.3675 0.9528
vt 0.6458 0.9296
vn 0.3153 -0.8756 0.3660
v -0.5634 0.3920 0.9546
vt 0.6458 0.9312
vn 0.7225 -0.4606 0.5156
v -0.5896 0.3920 0.9772
vt 0.6443 0.9312
vn 0.2756 -0.3416 0.8985
f 4273/4273/4273 4274/4274/4274 4275/4275/4275
v -0.5634 0.7105 0.9546
vt 0.6458 0.9438
vn 0.7225 0.4606 0.5156
v -0.5878 0.7350 0.9528
vt 0.6458 0.9454
vn 0.3153 0.8756 0.3660
v -0.5896 0.7105 0.9772
vt 0.6443 0.9438
vn 0.2756 0.3416 0.8985
f 4276/4276/4276 4277/4277/4277 4278/4278/4278
v -0.9054 0.3675 0.9291
vt 0.6458 0.8828
vn -0.3660 -0.8756 0.3153
v -0.9072 0.3920 0.9535
vt 0.6443 0.8843
vn -0.4057 -0.3416 0.8478
v -0.9298 0.3920 0.9273
vt 0.6458 0.8843
vn -0.7909 -0.4606 0.4029
f 4279/4279/4279 4280/4280/4280 4281/4281/4281
v -0.9054 0.7350 0.9291
vt 0.6458 0.9454
vn -0.3660 0.8756 0.3153
v -0.9298 0.7105 0.9273
vt 0.6458 0.9438
vn -0.7909 0.4606 0.4029
v -0.9072 0.7105 0.9535
vt 0.6443 0.9438
vn -0.4057 0.3416 0.8478
f 4282/4282/4282 4283/4283/4283 4284/4284/4284
v -0.4186 0.3675 -1.3195
vt 0.7292 0.9296
vn 0.3660 -0.8756 -0.3153
v -0.4168 0.3920 -1.3439
vt 0.7308 0.9312
vn 0.4057 -0.3416 -0.8478
v -0.3941 0.3920 -1.3176
vt 0.7292 0.9312
vn 0.7909 -0.4606 -0.4029
f 4285/4285/4285 4286/4286/4286 4287/4287/4287
v -0.4186 0.7350 -1.3195
vt 0.7292 0.9454
vn 0.3660 0.8756 -0.3153
v -0.3941 0.7105 -1.3176
vt 0.7292 0.9438
vn 0.7909 0.4606 -0.4029
v -0.4168 0.7105 -1.3439
vt 0.7308 0.9438
vn 0.4057 0.3416 -0.8478
f 4288/4288/4288 4289/4289/4289 4290/4290/4290
v -0.7362 0.3675 -1.3431
vt 0.7292 0.9296
vn -0.3153 -0.8756 -0.3660
v -0.7606 0.3920 -1.3449
vt 0.7292 0.9312
vn -0.7225 -0.4606 -0.5156
v -0.7344 0.3920 -1.3675
vt 0.7308 0.9312
vn -0.2756 -0.3416 -0.8985
f 4291/4291/4291 4292/4292/4292 4293/4293/4293
v -0.7362 0.7350 -1.3431
vt 0.7292 0.9454
vn -0.3153 0.8756 -0.3660
v -0.7344 0.7105 -1.3675
vt 0.7308 0.9438
vn -0.2756 0.3416 -0.8985
v -0.7606 0.7105 -1.3449
vt 0.7292 0.9438
vn -0.7225 0.4606 -0.5156
f 4294/4294/4294 4295/4295/4295 4296/4296/4296
v -0.9054 0.3675 0.9291
vt 0.6458 0.9296
vn -0.3660 -0.8756 0.3153
v -0.5878 0.3675 0.9528
vt 0.6458 0.9296
vn 0.3153 -0.8756 0.3660
v -0.5896 0.3920 0.9772
vt 0.6443 0.9312
vn 0.2756 -0.3416 0.8985
v -0.9072 0.3920 0.9535
vt 0.6443 0.9312
vn -0.4057 -0.3416 0.8478
f 4297/4297/4297 4298/4298/4298 4299/4299/4299 4300/4300/4300
v -0.5634 0.3920 0.9546
vt 0.6458 0.9312
vn 0.7225 -0.4606 0.5156
v -0.5634 0.7105 0.9546
vt 0.6458 0.9438
vn 0.7225 0.4606 0.5156
v -0.5896 0.7105 0.9772
vt 0.6443 0.9438
vn 0.2756 0.3416 0.8985
v -0.5896 0.3920 0.9772
vt 0.6443 0.9312
vn 0.2756 -0.3416 0.8985
f 4301/4301/4301 4302/4302/4302 4303/4303/4303 4304/4304/4304
v -0.5878 0.7350 0.9528
vt 0.6458 0.9454
vn 0.3153 0.8756 0.3660
v -0.9054 0.7350 0.9291
vt 0.6458 0.9454
vn -0.3660 0.8756 0.3153
v -0.9072 0.7105 0.9535
vt 0.6443 0.9438
vn -0.4057 0.3416 0.8478
v -0.5896 0.7105 0.9772
vt 0.6443 0.9438
vn 0.2756 0.3416 0.8985
f 4305/4305/4305 4306/4306/4306 4307/4307/4307 4308/4308/4308
v -0.9298 0.7105 0.9273
vt 0.6458 0.9438
vn -0.7909 0.4606 0.4029
v -0.9298 0.3920 0.9273
vt 0.6458 0.9312
vn -0.7909 -0.4606 0.4029
v -0.9072 0.3920 0.9535
vt 0.6443 0.9312
vn -0.4057 -0.3416 0.8478
v -0.9072 0.7105 0.9535
vt 0.6443 0.9438
vn -0.4057 0.3416 0.8478
f 4309/4309/4309 4310/4310/4310 4311/4311/4311 4312/4312/4312
v -0.7362 0.3675 -1.3431
vt 0.8542 0.9296
vn -0.3153 -0.8756 -0.3660
v -0.9054 0.3675 0.9291
vt 0.7708 0.9296
vn -0.3660 -0.8756 0.3153
v -0.9298 0.3920 0.9273
vt 0.7708 0.9312
vn -0.7909 -0.4606 0.4029
v -0.7606 0.3920 -1.3449
vt 0.8542 0.9312
vn -0.7225 -0.4606 -0.5156
f 4313/4313/4313 4314/4314/4314 4315/4315/4315 4316/4316/4316
v -0.9054 0.7350 0.9291
vt 0.7708 0.9454
vn -0.3660 0.8756 0.3153
v -0.7362 0.7350 -1.3431
vt 0.8542 0.9454
vn -0.3153 0.8756 -0.3660
v -0.7606 0.7105 -1.3449
vt 0.8542 0.9438
vn -0.7225 0.4606 -0.5156
v -0.9298 0.7105 0.9273
vt 0.7708 0.9438
vn -0.7909 0.4606 0.4029
f 4317/4317/4317 4318/4318/4318 4319/4319/4319 4320/4320/4320
v -0.7344 0.7105 -1.3675
vt 0.7308 0.9438
vn -0.2756 0.3416 -0.8985
v -0.7344 0.3920 -1.3675
vt 0.7308 0.9312
vn -0.2756 -0.3416 -0.8985
v -0.7606 0.3920 -1.3449
vt 0.7292 0.9312
vn -0.7225 -0.4606 -0.5156
v -0.7606 0.7105 -1.3449
vt 0.7292 0.9438
vn -0.7225 0.4606 -0.5156
f 4321/4321/4321 4322/4322/4322 4323/4323/4323 4324/4324/4324
v -0.4186 0.3675 -1.3195
vt 0.7292 0.9296
vn 0.3660 -0.8756 -0.3153
v -0.7362 0.3675 -1.3431
vt 0.7292 0.9296
vn -0.3153 -0.8756 -0.3660
v -0.7344 0.3920 -1.3675
vt 0.7308 0.9312
vn -0.2756 -0.3416 -0.8985
v -0.4168 0.3920 -1.3439
vt 0.7308 0.9312
vn 0.4057 -0.3416 -0.8478
f 4325/4325/4325 4326/4326/4326 4327/4327/4327 4328/4328/4328
v -0.7362 0.7350 -1.3431
vt 0.7292 0.9454
vn -0.3153 0.8756 -0.3660
v -0.4186 0.7350 -1.3195
vt 0.7292 0.9454
vn 0.3660 0.8756 -0.3153
v -0.4168 0.7105 -1.3439
vt 0.7308 0.9438
vn 0.4057 0.3416 -0.8478
v -0.7344 0.7105 -1.3675
vt 0.7308 0.9438
vn -0.2756 0.3416 -0.8985
f 4329/4329/4329 4330/4330/4330 4331/4331/4331 4332/4332/4332
v -0.3941 0.7105 -1.3176
vt 0.7292 0.9438
vn 0.7909 0.4606 -0.4029
v -0.3941 0.3920 -1.3176
vt 0.7292 0.9312
vn 0.7909 -0.4606 -0.4029
v -0.4168 0.3920 -1.3439
vt 0.7308 0.9312
vn 0.4057 -0.3416 -0.8478
v -0.4168 0.7105 -1.3439
vt 0.7308 0.9438
vn 0.4057 0.3416 -0.8478
f 4333/4333/4333 4334/4334/4334 4335/4335/4335 4336/4336/4336
v -0.5878 0.3675 0.9528
vt 0.7708 0.9296
vn 0.3153 -0.8756 0.3660
v -0.4186 0.3675 -1.3195
vt 0.8542 0.9296
vn 0.3660 -0.8756 -0.3153
v -0.3941 0.3920 -1.3176
vt 0.8542 0.9312
vn 0.7909 -0.4606 -0.4029
v -0.5634 0.3920 0.9546
vt 0.7708 0.9312
vn 0.7225 -0.4606 0.5156
f 4337/4337/4337 4338/4338/4338 4339/4339/4339 4340/4340/4340
v -0.4186 0.7350 -1.3195
vt 0.8542 0.9454
vn 0.3660 0.8756 -0.3153
v -0.5878 0.7350 0.9528
vt 0.7708 0.9454
vn 0.3153 0.8756 0.3660
v -0.5634 0.7105 0.9546
vt 0.7708 0.9438
vn 0.7225 0.4606 0.5156
v -0.3941 0.7105 -1.3176
vt 0.8542 0.9438
vn 0.7909 0.4606 -0.4029
f 4341/4341/4341 4342/4342/4342 4343/4343/4343 4344/4344/4344
v -0.9054 0.3675 0.9291
vt 0.7708 0.8515
vn -0.3660 -0.8756 0.3153
v -0.7362 0.3675 -1.3431
vt 0.8542 0.8515
vn -0.3153 -0.8756 -0.3660
v -0.4186 0.3675 -1.3195
vt 0.8542 0.8515
vn 0.3660 -0.8756 -0.3153
v -0.5878 0.3675 0.9528
vt 0.7708 0.8515
vn 0.3153 -0.8756 0.3660
f 4345/4345/4345 4346/4346/4346 4347/4347/4347 4348/4348/4348
v 0.8222 0.0490 0.3176
vt 0.3233 0.8611
vn 0.8925 -0.3416 -0.2946
v 0.8222 0.4410 0.3176
vt 0.3233 0.8889
vn 0.8925 0.3416 -0.2946
v 0.7624 0.4410 1.4430
vt 0.2704 0.8889
vn 0.9986 -0.0000 0.0531
v 0.7624 0.0490 1.4430
vt 0.2704 0.8611
vn 0.9986 -0.0000 0.0531
f 4349/4349/4349 4350/4350/4350 4351/4351/4351 4352/4352/4352
v 0.3845 0.0490 0.2453
vt 0.3256 0.8611
vn -0.2946 -0.3416 -0.8925
v 0.3845 0.4410 0.2453
vt 0.3256 0.8889
vn -0.2946 0.3416 -0.8925
v 0.7759 0.4410 0.2661
vt 0.3256 0.8889
vn 0.3876 0.3416 -0.8562
v 0.7759 0.0490 0.2661
vt 0.3256 0.8611
vn 0.3876 -0.3416 -0.8562
f 4353/4353/4353 4354/4354/4354 4355/4355/4355 4356/4356/4356
v 0.3819 0.4900 0.2942
vt 0.3233 0.9236
vn -0.3230 0.8756 -0.3593
v 0.3220 0.4900 1.4196
vt 0.2704 0.9236
vn -0.3593 0.8756 0.3230
v 0.7134 0.4900 1.4404
vt 0.2704 0.9236
vn 0.3230 0.8756 0.3593
v 0.7733 0.4900 0.3150
vt 0.3233 0.9236
vn 0.3593 0.8756 -0.3230
f 4357/4357/4357 4358/4358/4358 4359/4359/4359 4360/4360/4360
v 0.7108 0.0490 1.4893
vt 0.2681 0.8611
vn 0.2946 -0.3416 0.8925
v 0.7108 0.4410 1.4893
vt 0.2681 0.8889
vn 0.2946 0.3416 0.8925
v 0.3194 0.4410 1.4685
vt 0.2681 0.8889
vn -0.3876 0.3416 0.8562
v 0.3194 0.0490 1.4685
vt 0.2681 0.8611
vn -0.3876 -0.3416 0.8562
f 4361/4361/4361 4362/4362/4362 4363/4363/4363 4364/4364/4364
v 0.2730 0.0490 1.4170
vt 0.2704 0.8611
vn -0.8925 -0.3416 0.2946
v 0.2730 0.4410 1.4170
vt 0.2704 0.8889
vn -0.8925 0.3416 0.2946
v 0.3329 0.4410 0.2916
vt 0.3233 0.8889
vn -0.8562 0.3416 -0.3876
v 0.3329 0.0490 0.2916
vt 0.3233 0.8611
vn -0.8562 -0.3416 -0.3876
f 4365/4365/4365 4366/4366/4366 4367/4367/4367 4368/4368/4368
v 0.7134 0.0000 1.4404
vt 0.2704 0.8420
vn 0.3230 -0.8756 0.3593
v 0.7624 0.0490 1.4430
vt 0.2704 0.8455
vn 0.7332 -0.4606 0.5002
v 0.7108 0.0490 1.4893
vt 0.2681 0.8455
vn 0.2946 -0.3416 0.8925
f 4369/4369/4369 4370/4370/4370 4371/4371/4371
v 0.7624 0.4410 1.4430
vt 0.2704 0.9358
vn 0.7332 0.4606 0.5002
v 0.7134 0.4900 1.4404
vt 0.2704 0.9393
vn 0.3230 0.8756 0.3593
v 0.7108 0.4410 1.4893
vt 0.2681 0.9358
vn 0.2946 0.3416 0.8925
f 4372/4372/4372 4373/4373/4373 4374/4374/4374
v 0.3220 0.0000 1.4196
vt 0.2704 0.8420
vn -0.4844 -0.7588 0.4354
v 0.3194 0.0490 1.4685
vt 0.2681 0.8455
vn -0.3876 -0.3416 0.8562
v 0.2730 0.0490 1.4170
vt 0.2704 0.8455
vn -0.8925 -0.3416 0.2946
f 4375/4375/4375 4376/4376/4376 4377/4377/4377
v 0.3220 0.4900 1.4196
vt 0.2704 0.9393
vn -0.3593 0.8756 0.3230
v 0.2730 0.4410 1.4170
vt 0.2704 0.9358
vn -0.8925 0.3416 0.2946
v 0.3194 0.4410 1.4685
vt 0.2681 0.9358
vn -0.3876 0.3416 0.8562
f 4378/4378/4378 4379/4379/4379 4380/4380/4380
v 0.7733 0.0000 0.3150
vt 0.3233 0.8420
vn 0.3593 -0.8756 -0.3230
v 0.7759 0.0490 0.2661
vt 0.3256 0.8455
vn 0.3876 -0.3416 -0.8562
v 0.8222 0.0490 0.3176
vt 0.3233 0.8455
vn 0.8925 -0.3416 -0.2946
f 4381/4381/4381 4382/4382/4382 4383/4383/4383
v 0.7733 0.4900 0.3150
vt 0.3233 0.9393
vn 0.3593 0.8756 -0.3230
v 0.8222 0.4410 0.3176
vt 0.3233 0.9358
vn 0.8925 0.3416 -0.2946
v 0.7759 0.4410 0.2661
vt 0.3256 0.9358
vn 0.3876 0.3416 -0.8562
f 4384/4384/4384 4385/4385/4385 4386/4386/4386
v 0.3819 0.0000 0.2942
vt 0.3233 0.8420
vn -0.4354 -0.7588 -0.4844
v 0.3329 0.0490 0.2916
vt 0.3233 0.8455
vn -0.8562 -0.3416 -0.3876
v 0.3845 0.0490 0.2453
vt 0.3256 0.8455
vn -0.2946 -0.3416 -0.8925
f 4387/4387/4387 4388/4388/4388 4389/4389/4389
v 0.3819 0.4900 0.2942
vt 0.3233 0.9393
vn -0.3230 0.8756 -0.3593
v 0.3845 0.4410 0.2453
vt 0.3256 0.9358
vn -0.2946 0.3416 -0.8925
v 0.3329 0.4410 0.2916
vt 0.3233 0.9358
vn -0.8562 0.3416 -0.3876
f 4390/4390/4390 4391/4391/4391 4392/4392/4392
v 0.3220 0.0000 1.4196
vt 0.2704 0.8420
vn -0.4844 -0.7588 0.4354
v 0.7134 0.0000 1.4404
vt 0.2704 0.8420
vn 0.3230 -0.8756 0.3593
v 0.7108 0.0490 1.4893
vt 0.2681 0.8455
vn 0.2946 -0.3416 0.8925
v 0.3194 0.0490 1.4685
vt 0.2681 0.8455
vn -0.3876 -0.3416 0.8562
f 4393/4393/4393 4394/4394/4394 4395/4395/4395 4396/4396/4396
v 0.7624 0.0490 1.4430
vt 0.2704 0.8767
vn 0.7332 -0.4606 0.5002
v 0.7624 0.4410 1.4430
vt 0.2704 0.9045
vn 0.7332 0.4606 0.5002
v 0.7108 0.4410 1.4893
vt 0.2681 0.9045
vn 0.2946 0.3416 0.8925
v 0.7108 0.0490 1.4893
vt 0.2681 0.8767
vn 0.2946 -0.3416 0.8925
f 4397/4397/4397 4398/4398/4398 4399/4399/4399 4400/4400/4400
v 0.7134 0.4900 1.4404
vt 0.2704 0.9393
vn 0.3230 0.8756 0.3593
v 0.3220 0.4900 1.4196
vt 0.2704 0.9393
vn -0.3593 0.8756 0.3230
v 0.3194 0.4410 1.4685
vt 0.2681 0.9358
vn -0.3876 0.3416 0.8562
v 0.7108 0.4410 1.4893
vt 0.2681 0.9358
vn 0.2946 0.3416 0.8925
f 4401/4401/4401 4402/4402/4402 4403/4403/4403 4404/4404/4404
v 0.2730 0.4410 1.4170
vt 0.2704 0.9045
vn -0.8925 0.3416 0.2946
v 0.2730 0.0490 1.4170
vt 0.2704 0.8767
vn -0.8925 -0.3416 0.2946
v 0.3194 0.0490 1.4685
vt 0.2681 0.8767
vn -0.3876 -0.3416 0.8562
v 0.3194 0.4410 1.4685
vt 0.2681 0.9045
vn -0.3876 0.3416 0.8562
f 4405/4405/4405 4406/4406/4406 4407/4407/4407 4408/4408/4408
v 0.3819 0.0000 0.2942
vt 0.3233 0.8420
vn -0.4354 -0.7588 -0.4844
v 0.3220 0.0000 1.4196
vt 0.2704 0.8420
vn -0.4844 -0.7588 0.4354
v 0.2730 0.0490 1.4170
vt 0.2704 0.8455
vn -0.8925 -0.3416 0.2946
v 0.3329 0.0490 0.2916
vt 0.3233 0.8455
vn -0.8562 -0.3416 -0.3876
f 4409/4409/4409 4410/4410/4410 4411/4411/4411 4412/4412/4412
v 0.3220 0.4900 1.4196
vt 0.2704 0.9393
vn -0.3593 0.8756 0.3230
v 0.3819 0.4900 0.2942
vt 0.3233 0.9393
vn -0.3230 0.8756 -0.3593
v 0.3329 0.4410 0.2916
vt 0.3233 0.9358
vn -0.8562 0.3416 -0.3876
v 0.2730 0.4410 1.4170
vt 0.2704 0.9358
vn -0.8925 0.3416 0.2946
f 4413/4413/4413 4414/4414/4414 4415/4415/4415 4416/4416/4416
v 0.3845 0.4410 0.2453
vt 0.3256 0.9045
vn -0.2946 0.3416 -0.8925
v 0.3845 0.0490 0.2453
vt 0.3256 0.8767
vn -0.2946 -0.3416 -0.8925
v 0.3329 0.0490 0.2916
vt 0.3233 0.8767
vn -0.8562 -0.3416 -0.3876
v 0.3329 0.4410 0.2916
vt 0.3233 0.9045
vn -0.8562 0.3416 -0.3876
f 4417/4417/4417 4418/4418/4418 4419/4419/4419 4420/4420/4420
v 0.7733 0.0000 0.3150
vt 0.3233 0.8420
vn 0.3593 -0.8756 -0.3230
v 0.3819 0.0000 0.2942
vt 0.3233 0.8420
vn -0.4354 -0.7588 -0.4844
v 0.3845 0.0490 0.2453
vt 0.3256 0.8455
vn -0.2946 -0.3416 -0.8925
v 0.7759 0.0490 0.2661
vt 0.3256 0.8455
vn 0.3876 -0.3416 -0.8562
f 4421/4421/4421 4422/4422/4422 4423/4423/4423 4424/4424/4424
v 0.3819 0.4900 0.2942
vt 0.3233 0.9393
vn -0.3230 0.8756 -0.3593
v 0.7733 0.4900 0.3150
vt 0.3233 0.9393
vn 0.3593 0.8756 -0.3230
v 0.7759 0.4410 0.2661
vt 0.3256 0.9358
vn 0.3876 0.3416 -0.8562
v 0.3845 0.4410 0.2453
vt 0.3256 0.9358
vn -0.2946 0.3416 -0.8925
f 4425/4425/4425 4426/4426/4426 4427/4427/4427 4428/4428/4428
v 0.8222 0.4410 0.3176
vt 0.3233 0.9045
vn 0.8925 0.3416 -0.2946
v 0.8222 0.0490 0.3176
vt 0.3233 0.8767
vn 0.8925 -0.3416 -0.2946
v 0.7759 0.0490 0.2661
vt 0.3256 0.8767
vn 0.3876 -0.3416 -0.8562
v 0.7759 0.4410 0.2661
vt 0.3256 0.9045
vn 0.3876 0.3416 -0.8562
f 4429/4429/4429 4430/4430/4430 4431/4431/4431 4432/4432/4432
v 0.7134 0.0000 1.4404
vt 0.2704 0.8420
vn 0.3230 -0.8756 0.3593
v 0.7733 0.0000 0.3150
vt 0.3233 0.8420
vn 0.3593 -0.8756 -0.3230
v 0.8222 0.0490 0.3176
vt 0.3233 0.8455
vn 0.8925 -0.3416 -0.2946
v 0.7624 0.0490 1.4430
vt 0.2704 0.8455
vn 0.7332 -0.4606 0.5002
f 4433/4433/4433 4434/4434/4434 4435/4435/4435 4436/4436/4436
v 0.7733 0.4900 0.3150
vt 0.3233 0.9393
vn 0.3593 0.8756 -0.3230
v 0.7134 0.4900 1.4404
vt 0.2704 0.9393
vn 0.3230 0.8756 0.3593
v 0.7624 0.4410 1.4430
vt 0.2704 0.9358
vn 0.7332 0.4606 0.5002
v 0.8222 0.4410 0.3176
vt 0.3233 0.9358
vn 0.8925 0.3416 -0.2946
f 4437/4437/4437 4438/4438/4438 4439/4439/4439 4440/4440/4440
v 0.3220 0.0000 1.4196
vt 0.2704 0.8264
vn 0.0000 -1.0000 -0.0000
v 0.3819 0.0000 0.2942
vt 0.3233 0.8264
vn 0.0000 -1.0000 -0.0000
v 0.7733 0.0000 0.3150
vt 0.3233 0.8264
vn 0.3593 -0.8756 -0.3230
v 0.7134 0.0000 1.4404
vt 0.2704 0.8264
vn 0.3230 -0.8756 0.3593
f 4441/4441/4441 4442/4442/4442 4443/4443/4443 4444/4444/4444
v 0.3342 0.0490 0.2671
vt 0.3233 0.8611
vn 0.8925 -0.3416 -0.2946
v 0.3342 0.4410 0.2671
vt 0.3233 0.8889
vn 0.8925 0.3416 -0.2946
v 0.2743 0.4410 1.3925
vt 0.2704 0.8889
vn 0.8562 0.3416 0.3876
v 0.2743 0.0490 1.3925
vt 0.2704 0.8611
vn 0.8562 -0.3416 0.3876
f 4445/4445/4445 4446/4446/4446 4447/4447/4447 4448/4448/4448
v -0.1035 0.0490 0.1947
vt 0.3256 0.8611
vn -0.2946 -0.3416 -0.8925
v -0.1035 0.4410 0.1947
vt 0.3256 0.8889
vn -0.2946 0.3416 -0.8925
v 0.2879 0.4410 0.2156
vt 0.3256 0.8889
vn 0.3876 0.3416 -0.8562
v 0.2879 0.0490 0.2156
vt 0.3256 0.8611
vn 0.3876 -0.3416 -0.8562
f 4449/4449/4449 4450/4450/4450 4451/4451/4451 4452/4452/4452
v -0.1061 0.4900 0.2437
vt 0.3233 0.9236
vn -0.3230 0.8756 -0.3593
v -0.1660 0.4900 1.3691
vt 0.2704 0.9236
vn -0.3593 0.8756 0.3230
v 0.2254 0.4900 1.3899
vt 0.2704 0.9236
vn 0.0000 1.0000 0.0000
v 0.2853 0.4900 0.2645
vt 0.3233 0.9236
vn 0.3593 0.8756 -0.3230
f 4453/4453/4453 4454/4454/4454 4455/4455/4455 4456/4456/4456
v 0.2228 0.0490 1.4388
vt 0.2681 0.8611
vn 0.2946 -0.3416 0.8925
v 0.2228 0.4410 1.4388
vt 0.2681 0.8889
vn 0.2946 0.3416 0.8925
v -0.1686 0.4410 1.4180
vt 0.2681 0.8889
vn -0.3876 0.3416 0.8562
v -0.1686 0.0490 1.4180
vt 0.2681 0.8611
vn -0.3876 -0.3416 0.8562
f 4457/4457/4457 4458/4458/4458 4459/4459/4459 4460/4460/4460
v -0.2150 0.0490 1.3665
vt 0.2704 0.8611
vn -0.8925 -0.3416 0.2946
v -0.2150 0.4410 1.3665
vt 0.2704 0.8889
vn -0.8925 0.3416 0.2946
v -0.1551 0.4410 0.2411
vt 0.3233 0.8889
vn -0.9986 0.0000 -0.0531
v -0.1551 0.0490 0.2411
vt 0.3233 0.8611
vn -0.9986 0.0000 -0.0531
f 4461/4461/4461 4462/4462/4462 4463/4463/4463 4464/4464/4464
v 0.2254 0.0000 1.3899
vt 0.2704 0.8420
vn 0.4354 -0.7588 0.4844
v 0.2743 0.0490 1.3925
vt 0.2704 0.8455
vn 0.8562 -0.3416 0.3876
v 0.2228 0.0490 1.4388
vt 0.2681 0.8455
vn 0.2946 -0.3416 0.8925
f 4465/4465/4465 4466/4466/4466 4467/4467/4467
v 0.2743 0.4410 1.3925
vt 0.2704 0.9358
vn 0.8562 0.3416 0.3876
v 0.2254 0.4900 1.3899
vt 0.2704 0.9393
vn 0.4354 0.7588 0.4844
v 0.2228 0.4410 1.4388
vt 0.2681 0.9358
vn 0.2946 0.3416 0.8925
f 4468/4468/4468 4469/4469/4469 4470/4470/4470
v -0.1660 0.0000 1.3691
vt 0.2704 0.8420
vn -0.3593 -0.8756 0.3230
v -0.1686 0.0490 1.4180
vt 0.2681 0.8455
vn -0.3876 -0.3416 0.8562
v -0.2150 0.0490 1.3665
vt 0.2704 0.8455
vn -0.8925 -0.3416 0.2946
f 4471/4471/4471 4472/4472/4472 4473/4473/4473
v -0.1660 0.4900 1.3691
vt 0.2704 0.9393
vn -0.3593 0.8756 0.3230
v -0.2150 0.4410 1.3665
vt 0.2704 0.9358
vn -0.8925 0.3416 0.2946
v -0.1686 0.4410 1.4180
vt 0.2681 0.9358
vn -0.3876 0.3416 0.8562
f 4474/4474/4474 4475/4475/4475 4476/4476/4476
v 0.2853 0.0000 0.2645
vt 0.3233 0.8420
vn 0.3593 -0.8756 -0.3230
v 0.2879 0.0490 0.2156
vt 0.3256 0.8455
vn 0.3876 -0.3416 -0.8562
v 0.3342 0.0490 0.2671
vt 0.3233 0.8455
vn 0.8925 -0.3416 -0.2946
f 4477/4477/4477 4478/4478/4478 4479/4479/4479
v 0.2853 0.4900 0.2645
vt 0.3233 0.9393
vn 0.3593 0.8756 -0.3230
v 0.3342 0.4410 0.2671
vt 0.3233 0.9358
vn 0.8925 0.3416 -0.2946
v 0.2879 0.4410 0.2156
vt 0.3256 0.9358
vn 0.3876 0.3416 -0.8562
f 4480/4480/4480 4481/4481/4481 4482/4482/4482
v -0.1061 0.0000 0.2437
vt 0.3233 0.8420
vn -0.3230 -0.8756 -0.3593
v -0.1551 0.0490 0.2411
vt 0.3233 0.8455
vn -0.7332 -0.4606 -0.5002
v -0.1035 0.0490 0.1947
vt 0.3256 0.8455
vn -0.2946 -0.3416 -0.8925
f 4483/4483/4483 4484/4484/4484 4485/4485/4485
v -0.1061 0.4900 0.2437
vt 0.3233 0.9393
vn -0.3230 0.8756 -0.3593
v -0.1035 0.4410 0.1947
vt 0.3256 0.9358
vn -0.2946 0.3416 -0.8925
v -0.1551 0.4410 0.2411
vt 0.3233 0.9358
vn -0.7332 0.4606 -0.5002
f 4486/4486/4486 4487/4487/4487 4488/4488/4488
v -0.1660 0.0000 1.3691
vt 0.2704 0.8420
vn -0.3593 -0.8756 0.3230
v 0.2254 0.0000 1.3899
vt 0.2704 0.8420
vn 0.4354 -0.7588 0.4844
v 0.2228 0.0490 1.4388
vt 0.2681 0.8455
vn 0.2946 -0.3416 0.8925
v -0.1686 0.0490 1.4180
vt 0.2681 0.8455
vn -0.3876 -0.3416 0.8562
f 4489/4489/4489 4490/4490/4490 4491/4491/4491 4492/4492/4492
v 0.2743 0.0490 1.3925
vt 0.2704 0.8767
vn 0.8562 -0.3416 0.3876
v 0.2743 0.4410 1.3925
vt 0.2704 0.9045
vn 0.8562 0.3416 0.3876
v 0.2228 0.4410 1.4388
vt 0.2681 0.9045
vn 0.2946 0.3416 0.8925
v 0.2228 0.0490 1.4388
vt 0.2681 0.8767
vn 0.2946 -0.3416 0.8925
f 4493/4493/4493 4494/4494/4494 4495/4495/4495 4496/4496/4496
v 0.2254 0.4900 1.3899
vt 0.2704 0.9393
vn 0.4354 0.7588 0.4844
v -0.1660 0.4900 1.3691
vt 0.2704 0.9393
vn -0.3593 0.8756 0.3230
v -0.1686 0.4410 1.4180
vt 0.2681 0.9358
vn -0.3876 0.3416 0.8562
v 0.2228 0.4410 1.4388
vt 0.2681 0.9358
vn 0.2946 0.3416 0.8925
f 4497/4497/4497 4498/4498/4498 4499/4499/4499 4500/4500/4500
v -0.2150 0.4410 1.3665
vt 0.2704 0.9045
vn -0.8925 0.3416 0.2946
v -0.2150 0.0490 1.3665
vt 0.2704 0.8767
vn -0.8925 -0.3416 0.2946
v -0.1686 0.0490 1.4180
vt 0.2681 0.8767
vn -0.3876 -0.3416 0.8562
v -0.1686 0.4410 1.4180
vt 0.2681 0.9045
vn -0.3876 0.3416 0.8562
f 4501/4501/4501 4502/4502/4502 4503/4503/4503 4504/4504/4504
v -0.1061 0.0000 0.2437
vt 0.3233 0.8420
vn -0.3230 -0.8756 -0.3593
v -0.1660 0.0000 1.3691
vt 0.2704 0.8420
vn -0.3593 -0.8756 0.3230
v -0.2150 0.0490 1.3665
vt 0.2704 0.8455
vn -0.8925 -0.3416 0.2946
v -0.1551 0.0490 0.2411
vt 0.3233 0.8455
vn -0.7332 -0.4606 -0.5002
f 4505/4505/4505 4506/4506/4506 4507/4507/4507 4508/4508/4508
v -0.1660 0.4900 1.3691
vt 0.2704 0.9393
vn -0.3593 0.8756 0.3230
v -0.1061 0.4900 0.2437
vt 0.3233 0.9393
vn -0.3230 0.8756 -0.3593
v -0.1551 0.4410 0.2411
vt 0.3233 0.9358
vn -0.7332 0.4606 -0.5002
v -0.2150 0.4410 1.3665
vt 0.2704 0.9358
vn -0.8925 0.3416 0.2946
f 4509/4509/4509 4510/4510/4510 4511/4511/4511 4512/4512/4512
v -0.1035 0.4410 0.1947
vt 0.3256 0.9045
vn -0.2946 0.3416 -0.8925
v -0.1035 0.0490 0.1947
vt 0.3256 0.8767
vn -0.2946 -0.3416 -0.8925
v -0.1551 0.0490 0.2411
vt 0.3233 0.8767
vn -0.7332 -0.4606 -0.5002
v -0.1551 0.4410 0.2411
vt 0.3233 0.9045
vn -0.7332 0.4606 -0.5002
f 4513/4513/4513 4514/4514/4514 4515/4515/4515 4516/4516/4516
v 0.2853 0.0000 0.2645
vt 0.3233 0.8420
vn 0.3593 -0.8756 -0.3230
v -0.1061 0.0000 0.2437
vt 0.3233 0.8420
vn -0.3230 -0.8756 -0.3593
v -0.1035 0.0490 0.1947
vt 0.3256 0.8455
vn -0.2946 -0.3416 -0.8925
v 0.2879 0.0490 0.2156
vt 0.3256 0.8455
vn 0.3876 -0.3416 -0.8562
f 4517/4517/4517 4518/4518/4518 4519/4519/4519 4520/4520/4520
v -0.1061 0.4900 0.2437
vt 0.3233 0.9393
vn -0.3230 0.8756 -0.3593
v 0.2853 0.4900 0.2645
vt 0.3233 0.9393
vn 0.3593 0.8756 -0.3230
v 0.2879 0.4410 0.2156
vt 0.3256 0.9358
vn 0.3876 0.3416 -0.8562
v -0.1035 0.4410 0.1947
vt 0.3256 0.9358
vn -0.2946 0.3416 -0.8925
f 4521/4521/4521 4522/4522/4522 4523/4523/4523 4524/4524/4524
v 0.3342 0.4410 0.2671
vt 0.3233 0.9045
vn 0.8925 0.3416 -0.2946
v 0.3342 0.0490 0.2671
vt 0.3233 0.8767
vn 0.8925 -0.3416 -0.2946
v 0.2879 0.0490 0.2156
vt 0.3256 0.8767
vn 0.3876 -0.3416 -0.8562
v 0.2879 0.4410 0.2156
vt 0.3256 0.9045
vn 0.3876 0.3416 -0.8562
f 4525/4525/4525 4526/4526/4526 4527/4527/4527 4528/4528/4528
v 0.2254 0.0000 1.3899
vt 0.2704 0.8420
vn 0.4354 -0.7588 0.4844
v 0.2853 0.0000 0.2645
vt 0.3233 0.8420
vn 0.3593 -0.8756 -0.3230
v 0.3342 0.0490 0.2671
vt 0.3233 0.8455
vn 0.8925 -0.3416 -0.2946
v 0.2743 0.0490 1.3925
vt 0.2704 0.8455
vn 0.8562 -0.3416 0.3876
f 4529/4529/4529 4530/4530/4530 4531/4531/4531 4532/4532/4532
v 0.2853 0.4900 0.2645
vt 0.3233 0.9393
vn 0.3593 0.8756 -0.3230
v 0.2254 0.4900 1.3899
vt 0.2704 0.9393
vn 0.4354 0.7588 0.4844
v 0.2743 0.4410 1.3925
vt 0.2704 0.9358
vn 0.8562 0.3416 0.3876
v 0.3342 0.4410 0.2671
vt 0.3233 0.9358
vn 0.8925 0.3416 -0.2946
f 4533/4533/4533 4534/4534/4534 4535/4535/4535 4536/4536/4536
v -0.1660 0.0000 1.3691
vt 0.2704 0.8264
vn -0.3593 -0.8756 0.3230
v -0.1061 0.0000 0.2437
vt 0.3233 0.8264
vn -0.3230 -0.8756 -0.3593
v 0.2853 0.0000 0.2645
vt 0.3233 0.8264
vn 0.3593 -0.8756 -0.3230
v 0.2254 0.0000 1.3899
vt 0.2704 0.8264
vn 0.0000 -1.0000 -0.0000
f 4537/4537/4537 4538/4538/4538 4539/4539/4539 4540/4540/4540
v 1.3128 0.0490 0.3192
vt 0.3233 0.8611
vn 0.8925 -0.3416 -0.2946
v 1.3128 0.4410 0.3192
vt 0.3233 0.8889
vn 0.8925 0.3416 -0.2946
v 1.2530 0.4410 1.4446
vt 0.2704 0.8889
vn 0.8562 0.3416 0.3876
v 1.2530 0.0490 1.4446
vt 0.2704 0.8611
vn 0.8562 -0.3416 0.3876
f 4541/4541/4541 4542/4542/4542 4543/4543/4543 4544/4544/4544
v 0.8751 0.0490 0.2468
vt 0.3256 0.8611
vn -0.2946 -0.3416 -0.8925
v 0.8751 0.4410 0.2468
vt 0.3256 0.8889
vn -0.2946 0.3416 -0.8925
v 1.2665 0.4410 0.2677
vt 0.3256 0.8889
vn 0.3876 0.3416 -0.8562
v 1.2665 0.0490 0.2677
vt 0.3256 0.8611
vn 0.3876 -0.3416 -0.8562
f 4545/4545/4545 4546/4546/4546 4547/4547/4547 4548/4548/4548
v 0.8725 0.4900 0.2958
vt 0.3233 0.9236
vn -0.3230 0.8756 -0.3593
v 0.8126 0.4900 1.4212
vt 0.2704 0.9236
vn -0.3593 0.8756 0.3230
v 1.2040 0.4900 1.4420
vt 0.2704 0.9236
vn 0.0000 1.0000 0.0000
v 1.2639 0.4900 0.3166
vt 0.3233 0.9236
vn 0.0000 1.0000 0.0000
f 4549/4549/4549 4550/4550/4550 4551/4551/4551 4552/4552/4552
v 1.2014 0.0490 1.4909
vt 0.2681 0.8611
vn 0.2946 -0.3416 0.8925
v 1.2014 0.4410 1.4909
vt 0.2681 0.8889
vn 0.2946 0.3416 0.8925
v 0.8100 0.4410 1.4701
vt 0.2681 0.8889
vn -0.3876 0.3416 0.8562
v 0.8100 0.0490 1.4701
vt 0.2681 0.8611
vn -0.3876 -0.3416 0.8562
f 4553/4553/4553 4554/4554/4554 4555/4555/4555 4556/4556/4556
v 0.7636 0.0490 1.4186
vt 0.2704 0.8611
vn -0.8925 -0.3416 0.2946
v 0.7636 0.4410 1.4186
vt 0.2704 0.8889
vn -0.8925 0.3416 0.2946
v 0.8235 0.4410 0.2932
vt 0.3233 0.8889
vn -0.9986 0.0000 -0.0531
v 0.8235 0.0490 0.2932
vt 0.3233 0.8611
vn -0.9986 0.0000 -0.0531
f 4557/4557/4557 4558/4558/4558 4559/4559/4559 4560/4560/4560
v 1.2040 0.0000 1.4420
vt 0.2704 0.8420
vn 0.4354 -0.7588 0.4844
v 1.2530 0.0490 1.4446
vt 0.2704 0.8455
vn 0.8562 -0.3416 0.3876
v 1.2014 0.0490 1.4909
vt 0.2681 0.8455
vn 0.2946 -0.3416 0.8925
f 4561/4561/4561 4562/4562/4562 4563/4563/4563
v 1.2530 0.4410 1.4446
vt 0.2704 0.9358
vn 0.8562 0.3416 0.3876
v 1.2040 0.4900 1.4420
vt 0.2704 0.9393
vn 0.4354 0.7588 0.4844
v 1.2014 0.4410 1.4909
vt 0.2681 0.9358
vn 0.2946 0.3416 0.8925
f 4564/4564/4564 4565/4565/4565 4566/4566/4566
v 0.8126 0.0000 1.4212
vt 0.2704 0.8420
vn -0.3593 -0.8756 0.3230
v 0.8100 0.0490 1.4701
vt 0.2681 0.8455
vn -0.3876 -0.3416 0.8562
v 0.7636 0.0490 1.4186
vt 0.2704 0.8455
vn -0.8925 -0.3416 0.2946
f 4567/4567/4567 4568/4568/4568 4569/4569/4569
v 0.8126 0.4900 1.4212
vt 0.2704 0.9393
vn -0.3593 0.8756 0.3230
v 0.7636 0.4410 1.4186
vt 0.2704 0.9358
vn -0.8925 0.3416 0.2946
v 0.8100 0.4410 1.4701
vt 0.2681 0.9358
vn -0.3876 0.3416 0.8562
f 4570/4570/4570 4571/4571/4571 4572/4572/4572
v 1.2639 0.0000 0.3166
vt 0.3233 0.8420
vn 0.4844 -0.7588 -0.4354
v 1.2665 0.0490 0.2677
vt 0.3256 0.8455
vn 0.3876 -0.3416 -0.8562
v 1.3128 0.0490 0.3192
vt 0.3233 0.8455
vn 0.8925 -0.3416 -0.2946
f 4573/4573/4573 4574/4574/4574 4575/4575/4575
v 1.2639 0.4900 0.3166
vt 0.3233 0.9393
vn 0.4844 0.7588 -0.4354
v 1.3128 0.4410 0.3192
vt 0.3233 0.9358
vn 0.8925 0.3416 -0.2946
v 1.2665 0.4410 0.2677
vt 0.3256 0.9358
vn 0.3876 0.3416 -0.8562
f 4576/4576/4576 4577/4577/4577 4578/4578/4578
v 0.8725 0.0000 0.2958
vt 0.3233 0.8420
vn -0.3230 -0.8756 -0.3593
v 0.8235 0.0490 0.2932
vt 0.3233 0.8455
vn -0.7332 -0.4606 -0.5002
v 0.8751 0.0490 0.2468
vt 0.3256 0.8455
vn -0.2946 -0.3416 -0.8925
f 4579/4579/4579 4580/4580/4580 4581/4581/4581
v 0.8725 0.4900 0.2958
vt 0.3233 0.9393
vn -0.3230 0.8756 -0.3593
v 0.8751 0.4410 0.2468
vt 0.3256 0.9358
vn -0.2946 0.3416 -0.8925
v 0.8235 0.4410 0.2932
vt 0.3233 0.9358
vn -0.7332 0.4606 -0.5002
f 4582/4582/4582 4583/4583/4583 4584/4584/4584
v 0.8126 0.0000 1.4212
vt 0.2704 0.8420
vn -0.3593 -0.8756 0.3230
v 1.2040 0.0000 1.4420
vt 0.2704 0.8420
vn 0.4354 -0.7588 0.4844
v 1.2014 0.0490 1.4909
vt 0.2681 0.8455
vn 0.2946 -0.3416 0.8925
v 0.8100 0.0490 1.4701
vt 0.2681 0.8455
vn -0.3876 -0.3416 0.8562
f 4585/4585/4585 4586/4586/4586 4587/4587/4587 4588/4588/4588
v 1.2530 0.0490 1.4446
vt 0.2704 0.8767
vn 0.8562 -0.3416 0.3876
v 1.2530 0.4410 1.4446
vt 0.2704 0.9045
vn 0.8562 0.3416 0.3876
v 1.2014 0.4410 1.4909
vt 0.2681 0.9045
vn 0.2946 0.3416 0.8925
v 1.2014 0.0490 1.4909
vt 0.2681 0.8767
vn 0.2946 -0.3416 0.8925
f 4589/4589/4589 4590/4590/4590 4591/4591/4591 4592/4592/4592
v 1.2040 0.4900 1.4420
vt 0.2704 0.9393
vn 0.4354 0.7588 0.4844
v 0.8126 0.4900 1.4212
vt 0.2704 0.9393
vn -0.3593 0.8756 0.3230
v 0.8100 0.4410 1.4701
vt 0.2681 0.9358
vn -0.3876 0.3416 0.8562
v 1.2014 0.4410 1.4909
vt 0.2681 0.9358
vn 0.2946 0.3416 0.8925
f 4593/4593/4593 4594/4594/4594 4595/4595/4595 4596/4596/4596
v 0.7636 0.4410 1.4186
vt 0.2704 0.9045
vn -0.8925 0.3416 0.2946
v 0.7636 0.0490 1.4186
vt 0.2704 0.8767
vn -0.8925 -0.3416 0.2946
v 0.8100 0.0490 1.4701
vt 0.2681 0.8767
vn -0.3876 -0.3416 0.8562
v 0.8100 0.4410 1.4701
vt 0.2681 0.9045
vn -0.3876 0.3416 0.8562
f 4597/4597/4597 4598/4598/4598 4599/4599/4599 4600/4600/4600
v 0.8725 0.0000 0.2958
vt 0.3233 0.8420
vn -0.3230 -0.8756 -0.3593
v 0.8126 0.0000 1.4212
vt 0.2704 0.8420
vn -0.3593 -0.8756 0.3230
v 0.7636 0.0490 1.4186
vt 0.2704 0.8455
vn -0.8925 -0.3416 0.2946
v 0.8235 0.0490 0.2932
vt 0.3233 0.8455
vn -0.7332 -0.4606 -0.5002
f 4601/4601/4601 4602/4602/4602 4603/4603/4603 4604/4604/4604
v 0.8126 0.4900 1.4212
vt 0.2704 0.9393
vn -0.3593 0.8756 0.3230
v 0.8725 0.4900 0.2958
vt 0.3233 0.9393
vn -0.3230 0.8756 -0.3593
v 0.8235 0.4410 0.2932
vt 0.3233 0.9358
vn -0.7332 0.4606 -0.5002
v 0.7636 0.4410 1.4186
vt 0.2704 0.9358
vn -0.8925 0.3416 0.2946
f 4605/4605/4605 4606/4606/4606 4607/4607/4607 4608/4608/4608
v 0.8751 0.4410 0.2468
vt 0.3256 0.9045
vn -0.2946 0.3416 -0.8925
v 0.8751 0.0490 0.2468
vt 0.3256 0.8767
vn -0.2946 -0.3416 -0.8925
v 0.8235 0.0490 0.2932
vt 0.3233 0.8767
vn -0.7332 -0.4606 -0.5002
v 0.8235 0.4410 0.2932
vt 0.3233 0.9045
vn -0.7332 0.4606 -0.5002
f 4609/4609/4609 4610/4610/4610 4611/4611/4611 4612/4612/4612
v 1.2639 0.0000 0.3166
vt 0.3233 0.8420
vn 0.4844 -0.7588 -0.4354
v 0.8725 0.0000 0.2958
vt 0.3233 0.8420
vn -0.3230 -0.8756 -0.3593
v 0.8751 0.0490 0.2468
vt 0.3256 0.8455
vn -0.2946 -0.3416 -0.8925
v 1.2665 0.0490 0.2677
vt 0.3256 0.8455
vn 0.3876 -0.3416 -0.8562
f 4613/4613/4613 4614/4614/4614 4615/4615/4615 4616/4616/4616
v 0.8725 0.4900 0.2958
vt 0.3233 0.9393
vn -0.3230 0.8756 -0.3593
v 1.2639 0.4900 0.3166
vt 0.3233 0.9393
vn 0.4844 0.7588 -0.4354
v 1.2665 0.4410 0.2677
vt 0.3256 0.9358
vn 0.3876 0.3416 -0.8562
v 0.8751 0.4410 0.2468
vt 0.3256 0.9358
vn -0.2946 0.3416 -0.8925
f 4617/4617/4617 4618/4618/4618 4619/4619/4619 4620/4620/4620
v 1.3128 0.4410 0.3192
vt 0.3233 0.9045
vn 0.8925 0.3416 -0.2946
v 1.3128 0.0490 0.3192
vt 0.3233 0.8767
vn 0.8925 -0.3416 -0.2946
v 1.2665 0.0490 0.2677
vt 0.3256 0.8767
vn 0.3876 -0.3416 -0.8562
v 1.2665 0.4410 0.2677
vt 0.3256 0.9045
vn 0.3876 0.3416 -0.8562
f 4621/4621/4621 4622/4622/4622 4623/4623/4623 4624/4624/4624
v 1.2040 0.0000 1.4420
vt 0.2704 0.8420
vn 0.4354 -0.7588 0.4844
v 1.2639 0.0000 0.3166
vt 0.3233 0.8420
vn 0.4844 -0.7588 -0.4354
v 1.3128 0.0490 0.3192
vt 0.3233 0.8455
vn 0.8925 -0.3416 -0.2946
v 1.2530 0.0490 1.4446
vt 0.2704 0.8455
vn 0.8562 -0.3416 0.3876
f 4625/4625/4625 4626/4626/4626 4627/4627/4627 4628/4628/4628
v 1.2639 0.4900 0.3166
vt 0.3233 0.9393
vn 0.4844 0.7588 -0.4354
v 1.2040 0.4900 1.4420
vt 0.2704 0.9393
vn 0.4354 0.7588 0.4844
v 1.2530 0.4410 1.4446
vt 0.2704 0.9358
vn 0.8562 0.3416 0.3876
v 1.3128 0.4410 0.3192
vt 0.3233 0.9358
vn 0.8925 0.3416 -0.2946
f 4629/4629/4629 4630/4630/4630 4631/4631/4631 4632/4632/4632
v 0.8126 0.0000 1.4212
vt 0.2704 0.8264
vn -0.3593 -0.8756 0.3230
v 0.8725 0.0000 0.2958
vt 0.3233 0.8264
vn -0.3230 -0.8756 -0.3593
v 1.2639 0.0000 0.3166
vt 0.3233 0.8264
vn 0.0000 -1.0000 -0.0000
v 1.2040 0.0000 1.4420
vt 0.2704 0.8264
vn 0.0000 -1.0000 -0.0000
f 4633/4633/4633 4634/4634/4634 4635/4635/4635 4636/4636/4636
v 0.5299 0.5390 0.2775
vt 0.3233 0.8611
vn 0.8925 -0.3416 -0.2946
v 0.5299 0.9310 0.2775
vt 0.3233 0.8889
vn 0.8925 0.3416 -0.2946
v 0.4701 0.9310 1.4029
vt 0.2704 0.8889
vn 0.8562 0.3416 0.3876
v 0.4701 0.5390 1.4029
vt 0.2704 0.8611
vn 0.8562 -0.3416 0.3876
f 4637/4637/4637 4638/4638/4638 4639/4639/4639 4640/4640/4640
v 0.0922 0.5390 0.2052
vt 0.3256 0.8611
vn -0.2946 -0.3416 -0.8925
v 0.0922 0.9310 0.2052
vt 0.3256 0.8889
vn -0.2946 0.3416 -0.8925
v 0.4836 0.9310 0.2260
vt 0.3256 0.8889
vn 0.0531 0.0000 -0.9986
v 0.4836 0.5390 0.2260
vt 0.3256 0.8611
vn 0.0531 0.0000 -0.9986
f 4641/4641/4641 4642/4642/4642 4643/4643/4643 4644/4644/4644
v 0.0896 0.9800 0.2541
vt 0.3233 0.9236
vn -0.3230 0.8756 -0.3593
v 0.0297 0.9800 1.3795
vt 0.2704 0.9236
vn -0.3593 0.8756 0.3230
v 0.4211 0.9800 1.4003
vt 0.2704 0.9236
vn 0.3230 0.8756 0.3593
v 0.4810 0.9800 0.2749
vt 0.3233 0.9236
vn 0.3593 0.8756 -0.3230
f 4645/4645/4645 4646/4646/4646 4647/4647/4647 4648/4648/4648
v 0.4185 0.5390 1.4493
vt 0.2681 0.8611
vn -0.0531 0.0000 0.9986
v 0.4185 0.9310 1.4493
vt 0.2681 0.8889
vn -0.0531 0.0000 0.9986
v 0.0271 0.9310 1.4284
vt 0.2681 0.8889
vn -0.0531 0.0000 0.9986
v 0.0271 0.5390 1.4284
vt 0.2681 0.8611
vn -0.0531 0.0000 0.9986
f 4649/4649/4649 4650/4650/4650 4651/4651/4651 4652/4652/4652
v -0.0192 0.5390 1.3769
vt 0.2704 0.8611
vn -0.8925 -0.3416 0.2946
v -0.0192 0.9310 1.3769
vt 0.2704 0.8889
vn -0.8925 0.3416 0.2946
v 0.0406 0.9310 0.2515
vt 0.3233 0.8889
vn -0.9986 0.0000 -0.0531
v 0.0406 0.5390 0.2515
vt 0.3233 0.8611
vn -0.9986 0.0000 -0.0531
f 4653/4653/4653 4654/4654/4654 4655/4655/4655 4656/4656/4656
v 0.4211 0.4900 1.4003
vt 0.2704 0.8420
vn 0.3230 -0.8756 0.3593
v 0.4701 0.5390 1.4029
vt 0.2704 0.8455
vn 0.8562 -0.3416 0.3876
v 0.4185 0.5390 1.4493
vt 0.2681 0.8455
vn 0.4196 -0.4606 0.7822
f 4657/4657/4657 4658/4658/4658 4659/4659/4659
v 0.4701 0.9310 1.4029
vt 0.2704 0.9358
vn 0.8562 0.3416 0.3876
v 0.4211 0.9800 1.4003
vt 0.2704 0.9393
vn 0.3230 0.8756 0.3593
v 0.4185 0.9310 1.4493
vt 0.2681 0.9358
vn 0.4196 0.4606 0.7822
f 4660/4660/4660 4661/4661/4661 4662/4662/4662
v 0.0297 0.4900 1.3795
vt 0.2704 0.8420
vn -0.3593 -0.8756 0.3230
v 0.0271 0.5390 1.4284
vt 0.2681 0.8455
vn -0.5002 -0.4606 0.7332
v -0.0192 0.5390 1.3769
vt 0.2704 0.8455
vn -0.8925 -0.3416 0.2946
f 4663/4663/4663 4664/4664/4664 4665/4665/4665
v 0.0297 0.9800 1.3795
vt 0.2704 0.9393
vn -0.3593 0.8756 0.3230
v -0.0192 0.9310 1.3769
vt 0.2704 0.9358
vn -0.8925 0.3416 0.2946
v 0.0271 0.9310 1.4284
vt 0.2681 0.9358
vn -0.5002 0.4606 0.7332
f 4666/4666/4666 4667/4667/4667 4668/4668/4668
v 0.4810 0.4900 0.2749
vt 0.3233 0.8420
vn 0.3593 -0.8756 -0.3230
v 0.4836 0.5390 0.2260
vt 0.3256 0.8455
vn 0.5002 -0.4606 -0.7332
v 0.5299 0.5390 0.2775
vt 0.3233 0.8455
vn 0.8925 -0.3416 -0.2946
f 4669/4669/4669 4670/4670/4670 4671/4671/4671
v 0.4810 0.9800 0.2749
vt 0.3233 0.9393
vn 0.3593 0.8756 -0.3230
v 0.5299 0.9310 0.2775
vt 0.3233 0.9358
vn 0.8925 0.3416 -0.2946
v 0.4836 0.9310 0.2260
vt 0.3256 0.9358
vn 0.5002 0.4606 -0.7332
f 4672/4672/4672 4673/4673/4673 4674/4674/4674
v 0.0896 0.4900 0.2541
vt 0.3233 0.8420
vn -0.3230 -0.8756 -0.3593
v 0.0406 0.5390 0.2515
vt 0.3233 0.8455
vn -0.7332 -0.4606 -0.5002
v 0.0922 0.5390 0.2052
vt 0.3256 0.8455
vn -0.2946 -0.3416 -0.8925
f 4675/4675/4675 4676/4676/4676 4677/4677/4677
v 0.0896 0.9800 0.2541
vt 0.3233 0.9393
vn -0.3230 0.8756 -0.3593
v 0.0922 0.9310 0.2052
vt 0.3256 0.9358
vn -0.2946 0.3416 -0.8925
v 0.0406 0.9310 0.2515
vt 0.3233 0.9358
vn -0.7332 0.4606 -0.5002
f 4678/4678/4678 4679/4679/4679 4680/4680/4680
v 0.0297 0.4900 1.3795
vt 0.2704 0.8420
vn -0.3593 -0.8756 0.3230
v 0.4211 0.4900 1.4003
vt 0.2704 0.8420
vn 0.3230 -0.8756 0.3593
v 0.4185 0.5390 1.4493
vt 0.2681 0.8455
vn 0.4196 -0.4606 0.7822
v 0.0271 0.5390 1.4284
vt 0.2681 0.8455
vn -0.5002 -0.4606 0.7332
f 4681/4681/4681 4682/4682/4682 4683/4683/4683 4684/4684/4684
v 0.4701 0.5390 1.4029
vt 0.2704 0.8767
vn 0.8562 -0.3416 0.3876
v 0.4701 0.9310 1.4029
vt 0.2704 0.9045
vn 0.8562 0.3416 0.3876
v 0.4185 0.9310 1.4493
vt 0.2681 0.9045
vn 0.4196 0.4606 0.7822
v 0.4185 0.5390 1.4493
vt 0.2681 0.8767
vn 0.4196 -0.4606 0.7822
f 4685/4685/4685 4686/4686/4686 4687/4687/4687 4688/4688/4688
v 0.4211 0.9800 1.4003
vt 0.2704 0.9393
vn 0.3230 0.8756 0.3593
v 0.0297 0.9800 1.3795
vt 0.2704 0.9393
vn -0.3593 0.8756 0.3230
v 0.0271 0.9310 1.4284
vt 0.2681 0.9358
vn -0.5002 0.4606 0.7332
v 0.4185 0.9310 1.4493
vt 0.2681 0.9358
vn 0.4196 0.4606 0.7822
f 4689/4689/4689 4690/4690/4690 4691/4691/4691 4692/4692/4692
v -0.0192 0.9310 1.3769
vt 0.2704 0.9045
vn -0.8925 0.3416 0.2946
v -0.0192 0.5390 1.3769
vt 0.2704 0.8767
vn -0.8925 -0.3416 0.2946
v 0.0271 0.5390 1.4284
vt 0.2681 0.8767
vn -0.5002 -0.4606 0.7332
v 0.0271 0.9310 1.4284
vt 0.2681 0.9045
vn -0.5002 0.4606 0.7332
f 4693/4693/4693 4694/4694/4694 4695/4695/4695 4696/4696/4696
v 0.0896 0.4900 0.2541
vt 0.3233 0.8420
vn -0.3230 -0.8756 -0.3593
v 0.0297 0.4900 1.3795
vt 0.2704 0.8420
vn -0.3593 -0.8756 0.3230
v -0.0192 0.5390 1.3769
vt 0.2704 0.8455
vn -0.8925 -0.3416 0.2946
v 0.0406 0.5390 0.2515
vt 0.3233 0.8455
vn -0.7332 -0.4606 -0.5002
f 4697/4697/4697 4698/4698/4698 4699/4699/4699 4700/4700/4700
v 0.0297 0.9800 1.3795
vt 0.2704 0.9393
vn -0.3593 0.8756 0.3230
v 0.0896 0.9800 0.2541
vt 0.3233 0.9393
vn -0.3230 0.8756 -0.3593
v 0.0406 0.9310 0.2515
vt 0.3233 0.9358
vn -0.7332 0.4606 -0.5002
v -0.0192 0.9310 1.3769
vt 0.2704 0.9358
vn -0.8925 0.3416 0.2946
f 4701/4701/4701 4702/4702/4702 4703/4703/4703 4704/4704/4704
v 0.0922 0.9310 0.2052
vt 0.3256 0.9045
vn -0.2946 0.3416 -0.8925
v 0.0922 0.5390 0.2052
vt 0.3256 0.8767
vn -0.2946 -0.3416 -0.8925
v 0.0406 0.5390 0.2515
vt 0.3233 0.8767
vn -0.7332 -0.4606 -0.5002
v 0.0406 0.9310 0.2515
vt 0.3233 0.9045
vn -0.7332 0.4606 -0.5002
f 4705/4705/4705 4706/4706/4706 4707/4707/4707 4708/4708/4708
v 0.4810 0.4900 0.2749
vt 0.3233 0.8420
vn 0.3593 -0.8756 -0.3230
v 0.0896 0.4900 0.2541
vt 0.3233 0.8420
vn -0.3230 -0.8756 -0.3593
v 0.0922 0.5390 0.2052
vt 0.3256 0.8455
vn -0.2946 -0.3416 -0.8925
v 0.4836 0.5390 0.2260
vt 0.3256 0.8455
vn 0.5002 -0.4606 -0.7332
f 4709/4709/4709 4710/4710/4710 4711/4711/4711 4712/4712/4712
v 0.0896 0.9800 0.2541
vt 0.3233 0.9393
vn -0.3230 0.8756 -0.3593
v 0.4810 0.9800 0.2749
vt 0.3233 0.9393
vn 0.3593 0.8756 -0.3230
v 0.4836 0.9310 0.2260
vt 0.3256 0.9358
vn 0.5002 0.4606 -0.7332
v 0.0922 0.9310 0.2052
vt 0.3256 0.9358
vn -0.2946 0.3416 -0.8925
f 4713/4713/4713 4714/4714/4714 4715/4715/4715 4716/4716/4716
v 0.5299 0.9310 0.2775
vt 0.3233 0.9045
vn 0.8925 0.3416 -0.2946
v 0.5299 0.5390 0.2775
vt 0.3233 0.8767
vn 0.8925 -0.3416 -0.2946
v 0.4836 0.5390 0.2260
vt 0.3256 0.8767
vn 0.5002 -0.4606 -0.7332
v 0.4836 0.9310 0.2260
vt 0.3256 0.9045
vn 0.5002 0.4606 -0.7332
f 4717/4717/4717 4718/4718/4718 4719/4719/4719 4720/4720/4720
v 0.4211 0.4900 1.4003
vt 0.2704 0.8420
vn 0.3230 -0.8756 0.3593
v 0.4810 0.4900 0.2749
vt 0.3233 0.8420
vn 0.3593 -0.8756 -0.3230
v 0.5299 0.5390 0.2775
vt 0.3233 0.8455
vn 0.8925 -0.3416 -0.2946
v 0.4701 0.5390 1.4029
vt 0.2704 0.8455
vn 0.8562 -0.3416 0.3876
f 4721/4721/4721 4722/4722/4722 4723/4723/4723 4724/4724/4724
v 0.4810 0.9800 0.2749
vt 0.3233 0.9393
vn 0.3593 0.8756 -0.3230
v 0.4211 0.9800 1.4003
vt 0.2704 0.9393
vn 0.3230 0.8756 0.3593
v 0.4701 0.9310 1.4029
vt 0.2704 0.9358
vn 0.8562 0.3416 0.3876
v 0.5299 0.9310 0.2775
vt 0.3233 0.9358
vn 0.8925 0.3416 -0.2946
f 4725/4725/4725 4726/4726/4726 4727/4727/4727 4728/4728/4728
v 0.0297 0.4900 1.3795
vt 0.2704 0.8264
vn -0.3593 -0.8756 0.3230
v 0.0896 0.4900 0.2541
vt 0.3233 0.8264
vn -0.3230 -0.8756 -0.3593
v 0.4810 0.4900 0.2749
vt 0.3233 0.8264
vn 0.3593 -0.8756 -0.3230
v 0.4211 0.4900 1.4003
vt 0.2704 0.8264
vn 0.3230 -0.8756 0.3593
f 4729/4729/4729 4730/4730/4730 4731/4731/4731 4732/4732/4732
v 1.1171 0.5390 0.3088
vt 0.3233 0.8611
vn 0.8925 -0.3416 -0.2946
v 1.1171 0.9310 0.3088
vt 0.3233 0.8889
vn 0.8925 0.3416 -0.2946
v 1.0572 0.9310 1.4342
vt 0.2704 0.8889
vn 0.8562 0.3416 0.3876
v 1.0572 0.5390 1.4342
vt 0.2704 0.8611
vn 0.8562 -0.3416 0.3876
f 4733/4733/4733 4734/4734/4734 4735/4735/4735 4736/4736/4736
v 0.6793 0.5390 0.2364
vt 0.3256 0.8611
vn -0.2946 -0.3416 -0.8925
v 0.6793 0.9310 0.2364
vt 0.3256 0.8889
vn -0.2946 0.3416 -0.8925
v 1.0708 0.9310 0.2572
vt 0.3256 0.8889
vn 0.3876 0.3416 -0.8562
v 1.0708 0.5390 0.2572
vt 0.3256 0.8611
vn 0.3876 -0.3416 -0.8562
f 4737/4737/4737 4738/4738/4738 4739/4739/4739 4740/4740/4740
v 0.6767 0.9800 0.2854
vt 0.3233 0.9236
vn 0.0000 1.0000 0.0000
v 0.6169 0.9800 1.4108
vt 0.2704 0.9236
vn 0.0000 1.0000 0.0000
v 1.0083 0.9800 1.4316
vt 0.2704 0.9236
vn 0.0000 1.0000 0.0000
v 1.0682 0.9800 0.3062
vt 0.3233 0.9236
vn 0.0000 1.0000 0.0000
f 4741/4741/4741 4742/4742/4742 4743/4743/4743 4744/4744/4744
v 1.0057 0.5390 1.4805
vt 0.2681 0.8611
vn 0.2946 -0.3416 0.8925
v 1.0057 0.9310 1.4805
vt 0.2681 0.8889
vn 0.2946 0.3416 0.8925
v 0.6142 0.9310 1.4597
vt 0.2681 0.8889
vn -0.3876 0.3416 0.8562
v 0.6142 0.5390 1.4597
vt 0.2681 0.8611
vn -0.3876 -0.3416 0.8562
f 4745/4745/4745 4746/4746/4746 4747/4747/4747 4748/4748/4748
v 0.5679 0.5390 1.4082
vt 0.2704 0.8611
vn -0.8925 -0.3416 0.2946
v 0.5679 0.9310 1.4082
vt 0.2704 0.8889
vn -0.8925 0.3416 0.2946
v 0.6278 0.9310 0.2828
vt 0.3233 0.8889
vn -0.8562 0.3416 -0.3876
v 0.6278 0.5390 0.2828
vt 0.3233 0.8611
vn -0.9986 0.0000 -0.0531
f 4749/4749/4749 4750/4750/4750 4751/4751/4751 4752/4752/4752
v 1.0083 0.4900 1.4316
vt 0.2704 0.8420
vn 0.4354 -0.7588 0.4844
v 1.0572 0.5390 1.4342
vt 0.2704 0.8455
vn 0.8562 -0.3416 0.3876
v 1.0057 0.5390 1.4805
vt 0.2681 0.8455
vn 0.2946 -0.3416 0.8925
f 4753/4753/4753 4754/4754/4754 4755/4755/4755
v 1.0572 0.9310 1.4342
vt 0.2704 0.9358
vn 0.8562 0.3416 0.3876
v 1.0083 0.9800 1.4316
vt 0.2704 0.9393
vn 0.4354 0.7588 0.4844
v 1.0057 0.9310 1.4805
vt 0.2681 0.9358
vn 0.2946 0.3416 0.8925
f 4756/4756/4756 4757/4757/4757 4758/4758/4758
v 0.6169 0.4900 1.4108
vt 0.2704 0.8420
vn -0.4844 -0.7588 0.4354
v 0.6142 0.5390 1.4597
vt 0.2681 0.8455
vn -0.3876 -0.3416 0.8562
v 0.5679 0.5390 1.4082
vt 0.2704 0.8455
vn -0.8925 -0.3416 0.2946
f 4759/4759/4759 4760/4760/4760 4761/4761/4761
v 0.6169 0.9800 1.4108
vt 0.2704 0.9393
vn -0.4844 0.7588 0.4354
v 0.5679 0.9310 1.4082
vt 0.2704 0.9358
vn -0.8925 0.3416 0.2946
v 0.6142 0.9310 1.4597
vt 0.2681 0.9358
vn -0.3876 0.3416 0.8562
f 4762/4762/4762 4763/4763/4763 4764/4764/4764
v 1.0682 0.4900 0.3062
vt 0.3233 0.8420
vn 0.4844 -0.7588 -0.4354
v 1.0708 0.5390 0.2572
vt 0.3256 0.8455
vn 0.3876 -0.3416 -0.8562
v 1.1171 0.5390 0.3088
vt 0.3233 0.8455
vn 0.8925 -0.3416 -0.2946
f 4765/4765/4765 4766/4766/4766 4767/4767/4767
v 1.0682 0.9800 0.3062
vt 0.3233 0.9393
vn 0.4844 0.7588 -0.4354
v 1.1171 0.9310 0.3088
vt 0.3233 0.9358
vn 0.8925 0.3416 -0.2946
v 1.0708 0.9310 0.2572
vt 0.3256 0.9358
vn 0.3876 0.3416 -0.8562
f 4768/4768/4768 4769/4769/4769 4770/4770/4770
v 0.6767 0.4900 0.2854
vt 0.3233 0.8420
vn -0.4354 -0.7588 -0.4844
v 0.6278 0.5390 0.2828
vt 0.3233 0.8455
vn -0.7332 -0.4606 -0.5002
v 0.6793 0.5390 0.2364
vt 0.3256 0.8455
vn -0.2946 -0.3416 -0.8925
f 4771/4771/4771 4772/4772/4772 4773/4773/4773
v 0.6767 0.9800 0.2854
vt 0.3233 0.9393
vn -0.4354 0.7588 -0.4844
v 0.6793 0.9310 0.2364
vt 0.3256 0.9358
vn -0.2946 0.3416 -0.8925
v 0.6278 0.9310 0.2828
vt 0.3233 0.9358
vn -0.8562 0.3416 -0.3876
f 4774/4774/4774 4775/4775/4775 4776/4776/4776
v 0.6169 0.4900 1.4108
vt 0.2704 0.8420
vn -0.4844 -0.7588 0.4354
v 1.0083 0.4900 1.4316
vt 0.2704 0.8420
vn 0.4354 -0.7588 0.4844
v 1.0057 0.5390 1.4805
vt 0.2681 0.8455
vn 0.2946 -0.3416 0.8925
v 0.6142 0.5390 1.4597
vt 0.2681 0.8455
vn -0.3876 -0.3416 0.8562
f 4777/4777/4777 4778/4778/4778 4779/4779/4779 4780/4780/4780
v 1.0572 0.5390 1.4342
vt 0.2704 0.8767
vn 0.8562 -0.3416 0.3876
v 1.0572 0.9310 1.4342
vt 0.2704 0.9045
vn 0.8562 0.3416 0.3876
v 1.0057 0.9310 1.4805
vt 0.2681 0.9045
vn 0.2946 0.3416 0.8925
v 1.0057 0.5390 1.4805
vt 0.2681 0.8767
vn 0.2946 -0.3416 0.8925
f 4781/4781/4781 4782/4782/4782 4783/4783/4783 4784/4784/4784
v 1.0083 0.9800 1.4316
vt 0.2704 0.9393
vn 0.4354 0.7588 0.4844
v 0.6169 0.9800 1.4108
vt 0.2704 0.9393
vn -0.4844 0.7588 0.4354
v 0.6142 0.9310 1.4597
vt 0.2681 0.9358
vn -0.3876 0.3416 0.8562
v 1.0057 0.9310 1.4805
vt 0.2681 0.9358
vn 0.2946 0.3416 0.8925
f 4785/4785/4785 4786/4786/4786 4787/4787/4787 4788/4788/4788
v 0.5679 0.9310 1.4082
vt 0.2704 0.9045
vn -0.8925 0.3416 0.2946
v 0.5679 0.5390 1.4082
vt 0.2704 0.8767
vn -0.8925 -0.3416 0.2946
v 0.6142 0.5390 1.4597
vt 0.2681 0.8767
vn -0.3876 -0.3416 0.8562
v 0.6142 0.9310 1.4597
vt 0.2681 0.9045
vn -0.3876 0.3416 0.8562
f 4789/4789/4789 4790/4790/4790 4791/4791/4791 4792/4792/4792
v 0.6767 0.4900 0.2854
vt 0.3233 0.8420
vn -0.4354 -0.7588 -0.4844
v 0.6169 0.4900 1.4108
vt 0.2704 0.8420
vn -0.4844 -0.7588 0.4354
v 0.5679 0.5390 1.4082
vt 0.2704 0.8455
vn -0.8925 -0.3416 0.2946
v 0.6278 0.5390 0.2828
vt 0.3233 0.8455
vn -0.7332 -0.4606 -0.5002
f 4793/4793/4793 4794/4794/4794 4795/4795/4795 4796/4796/4796
v 0.6169 0.9800 1.4108
vt 0.2704 0.9393
vn -0.4844 0.7588 0.4354
v 0.6767 0.9800 0.2854
vt 0.3233 0.9393
vn -0.4354 0.7588 -0.4844
v 0.6278 0.9310 0.2828
vt 0.3233 0.9358
vn -0.8562 0.3416 -0.3876
v 0.5679 0.9310 1.4082
vt 0.2704 0.9358
vn -0.8925 0.3416 0.2946
f 4797/4797/4797 4798/4798/4798 4799/4799/4799 4800/4800/4800
v 0.6793 0.9310 0.2364
vt 0.3256 0.9045
vn -0.2946 0.3416 -0.8925
v 0.6793 0.5390 0.2364
vt 0.3256 0.8767
vn -0.2946 -0.3416 -0.8925
v 0.6278 0.5390 0.2828
vt 0.3233 0.8767
vn -0.7332 -0.4606 -0.5002
v 0.6278 0.9310 0.2828
vt 0.3233 0.9045
vn -0.8562 0.3416 -0.3876
f 4801/4801/4801 4802/4802/4802 4803/4803/4803 4804/4804/4804
v 1.0682 0.4900 0.3062
vt 0.3233 0.8420
vn 0.4844 -0.7588 -0.4354
v 0.6767 0.4900 0.2854
vt 0.3233 0.8420
vn -0.4354 -0.7588 -0.4844
v 0.6793 0.5390 0.2364
vt 0.3256 0.8455
vn -0.2946 -0.3416 -0.8925
v 1.0708 0.5390 0.2572
vt 0.3256 0.8455
vn 0.3876 -0.3416 -0.8562
f 4805/4805/4805 4806/4806/4806 4807/4807/4807 4808/4808/4808
v 0.6767 0.9800 0.2854
vt 0.3233 0.9393
vn -0.4354 0.7588 -0.4844
v 1.0682 0.9800 0.3062
vt 0.3233 0.9393
vn 0.4844 0.7588 -0.4354
v 1.0708 0.9310 0.2572
vt 0.3256 0.9358
vn 0.3876 0.3416 -0.8562
v 0.6793 0.9310 0.2364
vt 0.3256 0.9358
vn -0.2946 0.3416 -0.8925
f 4809/4809/4809 4810/4810/4810 4811/4811/4811 4812/4812/4812
v 1.1171 0.9310 0.3088
vt 0.3233 0.9045
vn 0.8925 0.3416 -0.2946
v 1.1171 0.5390 0.3088
vt 0.3233 0.8767
vn 0.8925 -0.3416 -0.2946
v 1.0708 0.5390 0.2572
vt 0.3256 0.8767
vn 0.3876 -0.3416 -0.8562
v 1.0708 0.9310 0.2572
vt 0.3256 0.9045
vn 0.3876 0.3416 -0.8562
f 4813/4813/4813 4814/4814/4814 4815/4815/4815 4816/4816/4816
v 1.0083 0.4900 1.4316
vt 0.2704 0.8420
vn 0.4354 -0.7588 0.4844
v 1.0682 0.4900 0.3062
vt 0.3233 0.8420
vn 0.4844 -0.7588 -0.4354
v 1.1171 0.5390 0.3088
vt 0.3233 0.8455
vn 0.8925 -0.3416 -0.2946
v 1.0572 0.5390 1.4342
vt 0.2704 0.8455
vn 0.8562 -0.3416 0.3876
f 4817/4817/4817 4818/4818/4818 4819/4819/4819 4820/4820/4820
v 1.0682 0.9800 0.3062
vt 0.3233 0.9393
vn 0.4844 0.7588 -0.4354
v 1.0083 0.9800 1.4316
vt 0.2704 0.9393
vn 0.4354 0.7588 0.4844
v 1.0572 0.9310 1.4342
vt 0.2704 0.9358
vn 0.8562 0.3416 0.3876
v 1.1171 0.9310 0.3088
vt 0.3233 0.9358
vn 0.8925 0.3416 -0.2946
f 4821/4821/4821 4822/4822/4822 4823/4823/4823 4824/4824/4824
v 0.6169 0.4900 1.4108
vt 0.2704 0.8264
vn 0.0000 -1.0000 -0.0000
v 0.6767 0.4900 0.2854
vt 0.3233 0.8264
vn 0.0000 -1.0000 -0.0000
v 1.0682 0.4900 0.3062
vt 0.3233 0.8264
vn 0.0000 -1.0000 -0.0000
v 1.0083 0.4900 1.4316
vt 0.2704 0.8264
vn 0.0000 -1.0000 -0.0000
f 4825/4825/4825 4826/4826/4826 4827/4827/4827 4828/4828/4828
v -0.7922 0.0490 1.6186
vt 0.3233 0.8611
vn 0.9201 -0.3416 -0.1916
v -0.7922 0.4410 1.6186
vt 0.3233 0.8889
vn 0.9201 0.3416 -0.1916
v -0.9792 0.4410 2.7300
vt 0.2704 0.8889
vn 0.8068 0.3416 0.4821
v -0.9792 0.0490 2.7300
vt 0.2704 0.8611
vn 0.8068 -0.3416 0.4821
f 4829/4829/4829 4830/4830/4830 4831/4831/4831 4832/4832/4832
v -1.2190 0.0490 1.4971
vt 0.3256 0.8611
vn -0.1916 -0.3416 -0.9201
v -1.2190 0.4410 1.4971
vt 0.3256 0.8889
vn -0.1916 0.3416 -0.9201
v -0.8324 0.4410 1.5621
vt 0.3256 0.8889
vn 0.4821 0.3416 -0.8068
v -0.8324 0.0490 1.5621
vt 0.3256 0.8611
vn 0.4821 -0.3416 -0.8068
f 4833/4833/4833 4834/4834/4834 4835/4835/4835 4836/4836/4836
v -1.2271 0.4900 1.5454
vt 0.3233 0.9236
vn -0.2802 0.8756 -0.3935
v -1.4141 0.4900 2.6568
vt 0.2704 0.9236
vn -0.3935 0.8756 0.2802
v -1.0275 0.4900 2.7218
vt 0.2704 0.9236
vn 0.0000 1.0000 0.0000
v -0.8405 0.4900 1.6104
vt 0.3233 0.9236
vn 0.0000 1.0000 0.0000
f 4837/4837/4837 4838/4838/4838 4839/4839/4839 4840/4840/4840
v -1.0356 0.0490 2.7702
vt 0.2681 0.8611
vn 0.1916 -0.3416 0.9201
v -1.0356 0.4410 2.7702
vt 0.2681 0.8889
vn 0.1916 0.3416 0.9201
v -1.4222 0.4410 2.7051
vt 0.2681 0.8889
vn -0.4821 0.3416 0.8068
v -1.4222 0.0490 2.7051
vt 0.2681 0.8611
vn -0.4821 -0.3416 0.8068
f 4841/4841/4841 4842/4842/4842 4843/4843/4843 4844/4844/4844
v -1.4624 0.0490 2.6487
vt 0.2704 0.8611
vn -0.9201 -0.3416 0.1916
v -1.4624 0.4410 2.6487
vt 0.2704 0.8889
vn -0.9201 0.3416 0.1916
v -1.2754 0.4410 1.5373
vt 0.3233 0.8889
vn -0.9861 -0.0000 -0.1659
v -1.2754 0.0490 1.5373
vt 0.3233 0.8611
vn -0.9861 -0.0000 -0.1659
f 4845/4845/4845 4846/4846/4846 4847/4847/4847 4848/4848/4848
v -1.0275 -0.0000 2.7218
vt 0.2704 0.8420
vn 0.3778 -0.7588 0.5306
v -0.9792 0.0490 2.7300
vt 0.2704 0.8455
vn 0.8068 -0.3416 0.4821
v -1.0356 0.0490 2.7702
vt 0.2681 0.8455
vn 0.1916 -0.3416 0.9201
f 4849/4849/4849 4850/4850/4850 4851/4851/4851
v -0.9792 0.4410 2.7300
vt 0.2704 0.9358
vn 0.8068 0.3416 0.4821
v -1.0275 0.4900 2.7218
vt 0.2704 0.9393
vn 0.3778 0.7588 0.5306
v -1.0356 0.4410 2.7702
vt 0.2681 0.9358
vn 0.1916 0.3416 0.9201
f 4852/4852/4852 4853/4853/4853 4854/4854/4854
v -1.4141 -0.0000 2.6568
vt 0.2704 0.8420
vn -0.3935 -0.8756 0.2802
v -1.4222 0.0490 2.7051
vt 0.2681 0.8455
vn -0.4821 -0.3416 0.8068
v -1.4624 0.0490 2.6487
vt 0.2704 0.8455
vn -0.9201 -0.3416 0.1916
f 4855/4855/4855 4856/4856/4856 4857/4857/4857
v -1.4141 0.4900 2.6568
vt 0.2704 0.9393
vn -0.3935 0.8756 0.2802
v -1.4624 0.4410 2.6487
vt 0.2704 0.9358
vn -0.9201 0.3416 0.1916
v -1.4222 0.4410 2.7051
vt 0.2681 0.9358
vn -0.4821 0.3416 0.8068
f 4858/4858/4858 4859/4859/4859 4860/4860/4860
v -0.8405 0.0000 1.6104
vt 0.3233 0.8420
vn 0.5306 -0.7588 -0.3778
v -0.8324 0.0490 1.5621
vt 0.3256 0.8455
vn 0.4821 -0.3416 -0.8068
v -0.7922 0.0490 1.6186
vt 0.3233 0.8455
vn 0.9201 -0.3416 -0.1916
f 4861/4861/4861 4862/4862/4862 4863/4863/4863
v -0.8405 0.4900 1.6104
vt 0.3233 0.9393
vn 0.5306 0.7588 -0.3778
v -0.7922 0.4410 1.6186
vt 0.3233 0.9358
vn 0.9201 0.3416 -0.1916
v -0.8324 0.4410 1.5621
vt 0.3256 0.9358
vn 0.4821 0.3416 -0.8068
f 4864/4864/4864 4865/4865/4865 4866/4866/4866
v -1.2271 0.0000 1.5454
vt 0.3233 0.8420
vn -0.2802 -0.8756 -0.3935
v -1.2754 0.0490 1.5373
vt 0.3233 0.8455
vn -0.6719 -0.4606 -0.5801
v -1.2190 0.0490 1.4971
vt 0.3256 0.8455
vn -0.1916 -0.3416 -0.9201
f 4867/4867/4867 4868/4868/4868 4869/4869/4869
v -1.2271 0.4900 1.5454
vt 0.3233 0.9393
vn -0.2802 0.8756 -0.3935
v -1.2190 0.4410 1.4971
vt 0.3256 0.9358
vn -0.1916 0.3416 -0.9201
v -1.2754 0.4410 1.5373
vt 0.3233 0.9358
vn -0.6719 0.4606 -0.5801
f 4870/4870/4870 4871/4871/4871 4872/4872/4872
v -1.4141 -0.0000 2.6568
vt 0.2704 0.8420
vn -0.3935 -0.8756 0.2802
v -1.0275 -0.0000 2.7218
vt 0.2704 0.8420
vn 0.3778 -0.7588 0.5306
v -1.0356 0.0490 2.7702
vt 0.2681 0.8455
vn 0.1916 -0.3416 0.9201
v -1.4222 0.0490 2.7051
vt 0.2681 0.8455
vn -0.4821 -0.3416 0.8068
f 4873/4873/4873 4874/4874/4874 4875/4875/4875 4876/4876/4876
v -0.9792 0.0490 2.7300
vt 0.2704 0.8767
vn 0.8068 -0.3416 0.4821
v -0.9792 0.4410 2.7300
vt 0.2704 0.9045
vn 0.8068 0.3416 0.4821
v -1.0356 0.4410 2.7702
vt 0.2681 0.9045
vn 0.1916 0.3416 0.9201
v -1.0356 0.0490 2.7702
vt 0.2681 0.8767
vn 0.1916 -0.3416 0.9201
f 4877/4877/4877 4878/4878/4878 4879/4879/4879 4880/4880/4880
v -1.0275 0.4900 2.7218
vt 0.2704 0.9393
vn 0.3778 0.7588 0.5306
v -1.4141 0.4900 2.6568
vt 0.2704 0.9393
vn -0.3935 0.8756 0.2802
v -1.4222 0.4410 2.7051
vt 0.2681 0.9358
vn -0.4821 0.3416 0.8068
v -1.0356 0.4410 2.7702
vt 0.2681 0.9358
vn 0.1916 0.3416 0.9201
f 4881/4881/4881 4882/4882/4882 4883/4883/4883 4884/4884/4884
v -1.4624 0.4410 2.6487
vt 0.2704 0.9045
vn -0.9201 0.3416 0.1916
v -1.4624 0.0490 2.6487
vt 0.2704 0.8767
vn -0.9201 -0.3416 0.1916
v -1.4222 0.0490 2.7051
vt 0.2681 0.8767
vn -0.4821 -0.3416 0.8068
v -1.4222 0.4410 2.7051
vt 0.2681 0.9045
vn -0.4821 0.3416 0.8068
f 4885/4885/4885 4886/4886/4886 4887/4887/4887 4888/4888/4888
v -1.2271 0.0000 1.5454
vt 0.3233 0.8420
vn -0.2802 -0.8756 -0.3935
v -1.4141 -0.0000 2.6568
vt 0.2704 0.8420
vn -0.3935 -0.8756 0.2802
v -1.4624 0.0490 2.6487
vt 0.2704 0.8455
vn -0.9201 -0.3416 0.1916
v -1.2754 0.0490 1.5373
vt 0.3233 0.8455
vn -0.6719 -0.4606 -0.5801
f 4889/4889/4889 4890/4890/4890 4891/4891/4891 4892/4892/4892
v -1.4141 0.4900 2.6568
vt 0.2704 0.9393
vn -0.3935 0.8756 0.2802
v -1.2271 0.4900 1.5454
vt 0.3233 0.9393
vn -0.2802 0.8756 -0.3935
v -1.2754 0.4410 1.5373
vt 0.3233 0.9358
vn -0.6719 0.4606 -0.5801
v -1.4624 0.4410 2.6487
vt 0.2704 0.9358
vn -0.9201 0.3416 0.1916
f 4893/4893/4893 4894/4894/4894 4895/4895/4895 4896/4896/4896
v -1.2190 0.4410 1.4971
vt 0.3256 0.9045
vn -0.1916 0.3416 -0.9201
v -1.2190 0.0490 1.4971
vt 0.3256 0.8767
vn -0.1916 -0.3416 -0.9201
v -1.2754 0.0490 1.5373
vt 0.3233 0.8767
vn -0.6719 -0.4606 -0.5801
v -1.2754 0.4410 1.5373
vt 0.3233 0.9045
vn -0.6719 0.4606 -0.5801
f 4897/4897/4897 4898/4898/4898 4899/4899/4899 4900/4900/4900
v -0.8405 0.0000 1.6104
vt 0.3233 0.8420
vn 0.5306 -0.7588 -0.3778
v -1.2271 0.0000 1.5454
vt 0.3233 0.8420
vn -0.2802 -0.8756 -0.3935
v -1.2190 0.0490 1.4971
vt 0.3256 0.8455
vn -0.1916 -0.3416 -0.9201
v -0.8324 0.0490 1.5621
vt 0.3256 0.8455
vn 0.4821 -0.3416 -0.8068
f 4901/4901/4901 4902/4902/4902 4903/4903/4903 4904/4904/4904
v -1.2271 0.4900 1.5454
vt 0.3233 0.9393
vn -0.2802 0.8756 -0.3935
v -0.8405 0.4900 1.6104
vt 0.3233 0.9393
vn 0.5306 0.7588 -0.3778
v -0.8324 0.4410 1.5621
vt 0.3256 0.9358
vn 0.4821 0.3416 -0.8068
v -1.2190 0.4410 1.4971
vt 0.3256 0.9358
vn -0.1916 0.3416 -0.9201
f 4905/4905/4905 4906/4906/4906 4907/4907/4907 4908/4908/4908
v -0.7922 0.4410 1.6186
vt 0.3233 0.9045
vn 0.9201 0.3416 -0.1916
v -0.7922 0.0490 1.6186
vt 0.3233 0.8767
vn 0.9201 -0.3416 -0.1916
v -0.8324 0.0490 1.5621
vt 0.3256 0.8767
vn 0.4821 -0.3416 -0.8068
v -0.8324 0.4410 1.5621
vt 0.3256 0.9045
vn 0.4821 0.3416 -0.8068
f 4909/4909/4909 4910/4910/4910 4911/4911/4911 4912/4912/4912
v -1.0275 -0.0000 2.7218
vt 0.2704 0.8420
vn 0.3778 -0.7588 0.5306
v -0.8405 0.0000 1.6104
vt 0.3233 0.8420
vn 0.5306 -0.7588 -0.3778
v -0.7922 0.0490 1.6186
vt 0.3233 0.8455
vn 0.9201 -0.3416 -0.1916
v -0.9792 0.0490 2.7300
vt 0.2704 0.8455
vn 0.8068 -0.3416 0.4821
f 4913/4913/4913 4914/4914/4914 4915/4915/4915 4916/4916/4916
v -0.8405 0.4900 1.6104
vt 0.3233 0.9393
vn 0.5306 0.7588 -0.3778
v -1.0275 0.4900 2.7218
vt 0.2704 0.9393
vn 0.3778 0.7588 0.5306
v -0.9792 0.4410 2.7300
vt 0.2704 0.9358
vn 0.8068 0.3416 0.4821
v -0.7922 0.4410 1.6186
vt 0.3233 0.9358
vn 0.9201 0.3416 -0.1916
f 4917/4917/4917 4918/4918/4918 4919/4919/4919 4920/4920/4920
v -1.4141 -0.0000 2.6568
vt 0.2704 0.8264
vn -0.3935 -0.8756 0.2802
v -1.2271 0.0000 1.5454
vt 0.3233 0.8264
vn -0.2802 -0.8756 -0.3935
v -0.8405 0.0000 1.6104
vt 0.3233 0.8264
vn 0.0000 -1.0000 -0.0000
v -1.0275 -0.0000 2.7218
vt 0.2704 0.8264
vn 0.0000 -1.0000 -0.0000
f 4921/4921/4921 4922/4922/4922 4923/4923/4923 4924/4924/4924
v -1.2714 0.0490 1.5131
vt 0.3233 0.8611
vn 0.9861 0.0000 0.1659
v -1.2714 0.4410 1.5131
vt 0.3233 0.8889
vn 0.9201 0.3416 -0.1916
v -1.4583 0.4410 2.6245
vt 0.2704 0.8889
vn 0.8068 0.3416 0.4821
v -1.4583 0.0490 2.6245
vt 0.2704 0.8611
vn 0.9861 0.0000 0.1659
f 4925/4925/4925 4926/4926/4926 4927/4927/4927 4928/4928/4928
v -1.6981 0.0490 1.3916
vt 0.3256 0.8611
vn 0.1659 0.0000 -0.9861
v -1.6981 0.4410 1.3916
vt 0.3256 0.8889
vn 0.1659 0.0000 -0.9861
v -1.3116 0.4410 1.4567
vt 0.3256 0.8889
vn 0.4821 0.3416 -0.8068
v -1.3116 0.0490 1.4567
vt 0.3256 0.8611
vn 0.4821 -0.3416 -0.8068
f 4929/4929/4929 4930/4930/4930 4931/4931/4931 4932/4932/4932
v -1.7063 0.4900 1.4400
vt 0.3233 0.9236
vn -0.2802 0.8756 -0.3935
v -1.8932 0.4900 2.5513
vt 0.2704 0.9236
vn 0.0000 1.0000 0.0000
v -1.5066 0.4900 2.6164
vt 0.2704 0.9236
vn 0.0000 1.0000 0.0000
v -1.3197 0.4900 1.5050
vt 0.3233 0.9236
vn 0.3935 0.8756 -0.2802
f 4933/4933/4933 4934/4934/4934 4935/4935/4935 4936/4936/4936
v -1.5148 0.0490 2.6647
vt 0.2681 0.8611
vn 0.1916 -0.3416 0.9201
v -1.5148 0.4410 2.6647
vt 0.2681 0.8889
vn 0.1916 0.3416 0.9201
v -1.9013 0.4410 2.5997
vt 0.2681 0.8889
vn -0.4821 0.3416 0.8068
v -1.9013 0.0490 2.5997
vt 0.2681 0.8611
vn -0.4821 -0.3416 0.8068
f 4937/4937/4937 4938/4938/4938 4939/4939/4939 4940/4940/4940
v -1.9415 0.0490 2.5432
vt 0.2704 0.8611
vn -0.9201 -0.3416 0.1916
v -1.9415 0.4410 2.5432
vt 0.2704 0.8889
vn -0.9201 0.3416 0.1916
v -1.7546 0.4410 1.4318
vt 0.3233 0.8889
vn -0.8068 0.3416 -0.4821
v -1.7546 0.0490 1.4318
vt 0.3233 0.8611
vn -0.8068 -0.3416 -0.4821
f 4941/4941/4941 4942/4942/4942 4943/4943/4943 4944/4944/4944
v -1.5066 -0.0000 2.6164
vt 0.2704 0.8420
vn 0.2802 -0.8756 0.3935
v -1.4583 0.0490 2.6245
vt 0.2704 0.8455
vn 0.6719 -0.4606 0.5801
v -1.5148 0.0490 2.6647
vt 0.2681 0.8455
vn 0.1916 -0.3416 0.9201
f 4945/4945/4945 4946/4946/4946 4947/4947/4947
v -1.4583 0.4410 2.6245
vt 0.2704 0.9358
vn 0.8068 0.3416 0.4821
v -1.5066 0.4900 2.6164
vt 0.2704 0.9393
vn 0.3778 0.7588 0.5306
v -1.5148 0.4410 2.6647
vt 0.2681 0.9358
vn 0.1916 0.3416 0.9201
f 4948/4948/4948 4949/4949/4949 4950/4950/4950
v -1.8932 -0.0000 2.5513
vt 0.2704 0.8420
vn -0.5306 -0.7588 0.3778
v -1.9013 0.0490 2.5997
vt 0.2681 0.8455
vn -0.4821 -0.3416 0.8068
v -1.9415 0.0490 2.5432
vt 0.2704 0.8455
vn -0.9201 -0.3416 0.1916
f 4951/4951/4951 4952/4952/4952 4953/4953/4953
v -1.8932 0.4900 2.5513
vt 0.2704 0.9393
vn -0.5306 0.7588 0.3778
v -1.9415 0.4410 2.5432
vt 0.2704 0.9358
vn -0.9201 0.3416 0.1916
v -1.9013 0.4410 2.5997
vt 0.2681 0.9358
vn -0.4821 0.3416 0.8068
f 4954/4954/4954 4955/4955/4955 4956/4956/4956
v -1.3197 0.0000 1.5050
vt 0.3233 0.8420
vn 0.3935 -0.8756 -0.2802
v -1.3116 0.0490 1.4567
vt 0.3256 0.8455
vn 0.4821 -0.3416 -0.8068
v -1.2714 0.0490 1.5131
vt 0.3233 0.8455
vn 0.8247 -0.4606 -0.3283
f 4957/4957/4957 4958/4958/4958 4959/4959/4959
v -1.3197 0.4900 1.5050
vt 0.3233 0.9393
vn 0.3935 0.8756 -0.2802
v -1.2714 0.4410 1.5131
vt 0.3233 0.9358
vn 0.9201 0.3416 -0.1916
v -1.3116 0.4410 1.4567
vt 0.3256 0.9358
vn 0.4821 0.3416 -0.8068
f 4960/4960/4960 4961/4961/4961 4962/4962/4962
v -1.7063 0.0000 1.4400
vt 0.3233 0.8420
vn -0.2802 -0.8756 -0.3935
v -1.7546 0.0490 1.4318
vt 0.3233 0.8455
vn -0.8068 -0.3416 -0.4821
v -1.6981 0.0490 1.3916
vt 0.3256 0.8455
vn -0.3283 -0.4606 -0.8247
f 4963/4963/4963 4964/4964/4964 4965/4965/4965
v -1.7063 0.4900 1.4400
vt 0.3233 0.9393
vn -0.2802 0.8756 -0.3935
v -1.6981 0.4410 1.3916
vt 0.3256 0.9358
vn -0.3283 0.4606 -0.8247
v -1.7546 0.4410 1.4318
vt 0.3233 0.9358
vn -0.8068 0.3416 -0.4821
f 4966/4966/4966 4967/4967/4967 4968/4968/4968
v -1.8932 -0.0000 2.5513
vt 0.2704 0.8420
vn -0.5306 -0.7588 0.3778
v -1.5066 -0.0000 2.6164
vt 0.2704 0.8420
vn 0.2802 -0.8756 0.3935
v -1.5148 0.0490 2.6647
vt 0.2681 0.8455
vn 0.1916 -0.3416 0.9201
v -1.9013 0.0490 2.5997
vt 0.2681 0.8455
vn -0.4821 -0.3416 0.8068
f 4969/4969/4969 4970/4970/4970 4971/4971/4971 4972/4972/4972
v -1.4583 0.0490 2.6245
vt 0.2704 0.8767
vn 0.6719 -0.4606 0.5801
v -1.4583 0.4410 2.6245
vt 0.2704 0.9045
vn 0.8068 0.3416 0.4821
v -1.5148 0.4410 2.6647
vt 0.2681 0.9045
vn 0.1916 0.3416 0.9201
v -1.5148 0.0490 2.6647
vt 0.2681 0.8767
vn 0.1916 -0.3416 0.9201
f 4973/4973/4973 4974/4974/4974 4975/4975/4975 4976/4976/4976
v -1.5066 0.4900 2.6164
vt 0.2704 0.9393
vn 0.3778 0.7588 0.5306
v -1.8932 0.4900 2.5513
vt 0.2704 0.9393
vn -0.5306 0.7588 0.3778
v -1.9013 0.4410 2.5997
vt 0.2681 0.9358
vn -0.4821 0.3416 0.8068
v -1.5148 0.4410 2.6647
vt 0.2681 0.9358
vn 0.1916 0.3416 0.9201
f 4977/4977/4977 4978/4978/4978 4979/4979/4979 4980/4980/4980
v -1.9415 0.4410 2.5432
vt 0.2704 0.9045
vn -0.9201 0.3416 0.1916
v -1.9415 0.0490 2.5432
vt 0.2704 0.8767
vn -0.9201 -0.3416 0.1916
v -1.9013 0.0490 2.5997
vt 0.2681 0.8767
vn -0.4821 -0.3416 0.8068
v -1.9013 0.4410 2.5997
vt 0.2681 0.9045
vn -0.4821 0.3416 0.8068
f 4981/4981/4981 4982/4982/4982 4983/4983/4983 4984/4984/4984
v -1.7063 0.0000 1.4400
vt 0.3233 0.8420
vn -0.2802 -0.8756 -0.3935
v -1.8932 -0.0000 2.5513
vt 0.2704 0.8420
vn -0.5306 -0.7588 0.3778
v -1.9415 0.0490 2.5432
vt 0.2704 0.8455
vn -0.9201 -0.3416 0.1916
v -1.7546 0.0490 1.4318
vt 0.3233 0.8455
vn -0.8068 -0.3416 -0.4821
f 4985/4985/4985 4986/4986/4986 4987/4987/4987 4988/4988/4988
v -1.8932 0.4900 2.5513
vt 0.2704 0.9393
vn -0.5306 0.7588 0.3778
v -1.7063 0.4900 1.4400
vt 0.3233 0.9393
vn -0.2802 0.8756 -0.3935
v -1.7546 0.4410 1.4318
vt 0.3233 0.9358
vn -0.8068 0.3416 -0.4821
v -1.9415 0.4410 2.5432
vt 0.2704 0.9358
vn -0.9201 0.3416 0.1916
f 4989/4989/4989 4990/4990/4990 4991/4991/4991 4992/4992/4992
v -1.6981 0.4410 1.3916
vt 0.3256 0.9045
vn -0.3283 0.4606 -0.8247
v -1.6981 0.0490 1.3916
vt 0.3256 0.8767
vn -0.3283 -0.4606 -0.8247
v -1.7546 0.0490 1.4318
vt 0.3233 0.8767
vn -0.8068 -0.3416 -0.4821
v -1.7546 0.4410 1.4318
vt 0.3233 0.9045
vn -0.8068 0.3416 -0.4821
f 4993/4993/4993 4994/4994/4994 4995/4995/4995 4996/4996/4996
v -1.3197 0.0000 1.5050
vt 0.3233 0.8420
vn 0.3935 -0.8756 -0.2802
v -1.7063 0.0000 1.4400
vt 0.3233 0.8420
vn -0.2802 -0.8756 -0.3935
v -1.6981 0.0490 1.3916
vt 0.3256 0.8455
vn -0.3283 -0.4606 -0.8247
v -1.3116 0.0490 1.4567
vt 0.3256 0.8455
vn 0.4821 -0.3416 -0.8068
f 4997/4997/4997 4998/4998/4998 4999/4999/4999 5000/5000/5000
v -1.7063 0.4900 1.4400
vt 0.3233 0.9393
vn -0.2802 0.8756 -0.3935
v -1.3197 0.4900 1.5050
vt 0.3233 0.9393
vn 0.3935 0.8756 -0.2802
v -1.3116 0.4410 1.4567
vt 0.3256 0.9358
vn 0.4821 0.3416 -0.8068
v -1.6981 0.4410 1.3916
vt 0.3256 0.9358
vn -0.3283 0.4606 -0.8247
f 5001/5001/5001 5002/5002/5002 5003/5003/5003 5004/5004/5004
v -1.2714 0.4410 1.5131
vt 0.3233 0.9045
vn 0.9201 0.3416 -0.1916
v -1.2714 0.0490 1.5131
vt 0.3233 0.8767
vn 0.8247 -0.4606 -0.3283
v -1.3116 0.0490 1.4567
vt 0.3256 0.8767
vn 0.4821 -0.3416 -0.8068
v -1.3116 0.4410 1.4567
vt 0.3256 0.9045
vn 0.4821 0.3416 -0.8068
f 5005/5005/5005 5006/5006/5006 5007/5007/5007 5008/5008/5008
v -1.5066 -0.0000 2.6164
vt 0.2704 0.8420
vn 0.2802 -0.8756 0.3935
v -1.3197 0.0000 1.5050
vt 0.3233 0.8420
vn 0.3935 -0.8756 -0.2802
v -1.2714 0.0490 1.5131
vt 0.3233 0.8455
vn 0.8247 -0.4606 -0.3283
v -1.4583 0.0490 2.6245
vt 0.2704 0.8455
vn 0.6719 -0.4606 0.5801
f 5009/5009/5009 5010/5010/5010 5011/5011/5011 5012/5012/5012
v -1.3197 0.4900 1.5050
vt 0.3233 0.9393
vn 0.3935 0.8756 -0.2802
v -1.5066 0.4900 2.6164
vt 0.2704 0.9393
vn 0.3778 0.7588 0.5306
v -1.4583 0.4410 2.6245
vt 0.2704 0.9358
vn 0.8068 0.3416 0.4821
v -1.2714 0.4410 1.5131
vt 0.3233 0.9358
vn 0.9201 0.3416 -0.1916
f 5013/5013/5013 5014/5014/5014 5015/5015/5015 5016/5016/5016
v -1.8932 -0.0000 2.5513
vt 0.2704 0.8264
vn 0.0000 -1.0000 -0.0000
v -1.7063 0.0000 1.4400
vt 0.3233 0.8264
vn -0.2802 -0.8756 -0.3935
v -1.3197 0.0000 1.5050
vt 0.3233 0.8264
vn 0.3935 -0.8756 -0.2802
v -1.5066 -0.0000 2.6164
vt 0.2704 0.8264
vn 0.2802 -0.8756 0.3935
f 5017/5017/5017 5018/5018/5018 5019/5019/5019 5020/5020/5020
v -0.3050 0.0490 1.6757
vt 0.3233 0.8611
vn 0.9861 0.0000 0.1659
v -0.3050 0.4410 1.6757
vt 0.3233 0.8889
vn 0.9861 0.0000 0.1659
v -0.4919 0.4410 2.7871
vt 0.2704 0.8889
vn 0.8068 0.3416 0.4821
v -0.4919 0.0490 2.7871
vt 0.2704 0.8611
vn 0.8068 -0.3416 0.4821
f 5021/5021/5021 5022/5022/5022 5023/5023/5023 5024/5024/5024
v -0.7317 0.0490 1.5542
vt 0.3256 0.8611
vn -0.1916 -0.3416 -0.9201
v -0.7317 0.4410 1.5542
vt 0.3256 0.8889
vn -0.1916 0.3416 -0.9201
v -0.3452 0.4410 1.6193
vt 0.3256 0.8889
vn 0.4821 0.3416 -0.8068
v -0.3452 0.0490 1.6193
vt 0.3256 0.8611
vn 0.4821 -0.3416 -0.8068
f 5025/5025/5025 5026/5026/5026 5027/5027/5027 5028/5028/5028
v -0.7399 0.4900 1.6026
vt 0.3233 0.9236
vn -0.2802 0.8756 -0.3935
v -0.9268 0.4900 2.7140
vt 0.2704 0.9236
vn -0.3935 0.8756 0.2802
v -0.5402 0.4900 2.7790
vt 0.2704 0.9236
vn 0.2802 0.8756 0.3935
v -0.3533 0.4900 1.6676
vt 0.3233 0.9236
vn 0.3935 0.8756 -0.2802
f 5029/5029/5029 5030/5030/5030 5031/5031/5031 5032/5032/5032
v -0.5484 0.0490 2.8273
vt 0.2681 0.8611
vn 0.1916 -0.3416 0.9201
v -0.5484 0.4410 2.8273
vt 0.2681 0.8889
vn 0.1916 0.3416 0.9201
v -0.9349 0.4410 2.7623
vt 0.2681 0.8889
vn -0.1659 0.0000 0.9861
v -0.9349 0.0490 2.7623
vt 0.2681 0.8611
vn -0.1659 0.0000 0.9861
f 5033/5033/5033 5034/5034/5034 5035/5035/5035 5036/5036/5036
v -0.9751 0.0490 2.7058
vt 0.2704 0.8611
vn -0.9201 -0.3416 0.1916
v -0.9751 0.4410 2.7058
vt 0.2704 0.8889
vn -0.9201 0.3416 0.1916
v -0.7882 0.4410 1.5944
vt 0.3233 0.8889
vn -0.8068 0.3416 -0.4821
v -0.7882 0.0490 1.5944
vt 0.3233 0.8611
vn -0.8068 -0.3416 -0.4821
f 5037/5037/5037 5038/5038/5038 5039/5039/5039 5040/5040/5040
v -0.5402 -0.0000 2.7790
vt 0.2704 0.8420
vn 0.2802 -0.8756 0.3935
v -0.4919 0.0490 2.7871
vt 0.2704 0.8455
vn 0.8068 -0.3416 0.4821
v -0.5484 0.0490 2.8273
vt 0.2681 0.8455
vn 0.1916 -0.3416 0.9201
f 5041/5041/5041 5042/5042/5042 5043/5043/5043
v -0.4919 0.4410 2.7871
vt 0.2704 0.9358
vn 0.8068 0.3416 0.4821
v -0.5402 0.4900 2.7790
vt 0.2704 0.9393
vn 0.2802 0.8756 0.3935
v -0.5484 0.4410 2.8273
vt 0.2681 0.9358
vn 0.1916 0.3416 0.9201
f 5044/5044/5044 5045/5045/5045 5046/5046/5046
v -0.9268 -0.0000 2.7140
vt 0.2704 0.8420
vn -0.3935 -0.8756 0.2802
v -0.9349 0.0490 2.7623
vt 0.2681 0.8455
vn -0.5801 -0.4606 0.6719
v -0.9751 0.0490 2.7058
vt 0.2704 0.8455
vn -0.9201 -0.3416 0.1916
f 5047/5047/5047 5048/5048/5048 5049/5049/5049
v -0.9268 0.4900 2.7140
vt 0.2704 0.9393
vn -0.3935 0.8756 0.2802
v -0.9751 0.4410 2.7058
vt 0.2704 0.9358
vn -0.9201 0.3416 0.1916
v -0.9349 0.4410 2.7623
vt 0.2681 0.9358
vn -0.5801 0.4606 0.6719
f 5050/5050/5050 5051/5051/5051 5052/5052/5052
v -0.3533 0.0000 1.6676
vt 0.3233 0.8420
vn 0.3935 -0.8756 -0.2802
v -0.3452 0.0490 1.6193
vt 0.3256 0.8455
vn 0.4821 -0.3416 -0.8068
v -0.3050 0.0490 1.6757
vt 0.3233 0.8455
vn 0.8247 -0.4606 -0.3283
f 5053/5053/5053 5054/5054/5054 5055/5055/5055
v -0.3533 0.4900 1.6676
vt 0.3233 0.9393
vn 0.3935 0.8756 -0.2802
v -0.3050 0.4410 1.6757
vt 0.3233 0.9358
vn 0.8247 0.4606 -0.3283
v -0.3452 0.4410 1.6193
vt 0.3256 0.9358
vn 0.4821 0.3416 -0.8068
f 5056/5056/5056 5057/5057/5057 5058/5058/5058
v -0.7399 0.0000 1.6026
vt 0.3233 0.8420
vn -0.2802 -0.8756 -0.3935
v -0.7882 0.0490 1.5944
vt 0.3233 0.8455
vn -0.8068 -0.3416 -0.4821
v -0.7317 0.0490 1.5542
vt 0.3256 0.8455
vn -0.1916 -0.3416 -0.9201
f 5059/5059/5059 5060/5060/5060 5061/5061/5061
v -0.7399 0.4900 1.6026
vt 0.3233 0.9393
vn -0.2802 0.8756 -0.3935
v -0.7317 0.4410 1.5542
vt 0.3256 0.9358
vn -0.1916 0.3416 -0.9201
v -0.7882 0.4410 1.5944
vt 0.3233 0.9358
vn -0.8068 0.3416 -0.4821
f 5062/5062/5062 5063/5063/5063 5064/5064/5064
v -0.9268 -0.0000 2.7140
vt 0.2704 0.8420
vn -0.3935 -0.8756 0.2802
v -0.5402 -0.0000 2.7790
vt 0.2704 0.8420
vn 0.2802 -0.8756 0.3935
v -0.5484 0.0490 2.8273
vt 0.2681 0.8455
vn 0.1916 -0.3416 0.9201
v -0.9349 0.0490 2.7623
vt 0.2681 0.8455
vn -0.5801 -0.4606 0.6719
f 5065/5065/5065 5066/5066/5066 5067/5067/5067 5068/5068/5068
v -0.4919 0.0490 2.7871
vt 0.2704 0.8767
vn 0.8068 -0.3416 0.4821
v -0.4919 0.4410 2.7871
vt 0.2704 0.9045
vn 0.8068 0.3416 0.4821
v -0.5484 0.4410 2.8273
vt 0.2681 0.9045
vn 0.1916 0.3416 0.9201
v -0.5484 0.0490 2.8273
vt 0.2681 0.8767
vn 0.1916 -0.3416 0.9201
f 5069/5069/5069 5070/5070/5070 5071/5071/5071 5072/5072/5072
v -0.5402 0.4900 2.7790
vt 0.2704 0.9393
vn 0.2802 0.8756 0.3935
v -0.9268 0.4900 2.7140
vt 0.2704 0.9393
vn -0.3935 0.8756 0.2802
v -0.9349 0.4410 2.7623
vt 0.2681 0.9358
vn -0.5801 0.4606 0.6719
v -0.5484 0.4410 2.8273
vt 0.2681 0.9358
vn 0.1916 0.3416 0.9201
f 5073/5073/5073 5074/5074/5074 5075/5075/5075 5076/5076/5076
v -0.9751 0.4410 2.7058
vt 0.2704 0.9045
vn -0.9201 0.3416 0.1916
v -0.9751 0.0490 2.7058
vt 0.2704 0.8767
vn -0.9201 -0.3416 0.1916
v -0.9349 0.0490 2.7623
vt 0.2681 0.8767
vn -0.5801 -0.4606 0.6719
v -0.9349 0.4410 2.7623
vt 0.2681 0.9045
vn -0.5801 0.4606 0.6719
f 5077/5077/5077 5078/5078/5078 5079/5079/5079 5080/5080/5080
v -0.7399 0.0000 1.6026
vt 0.3233 0.8420
vn -0.2802 -0.8756 -0.3935
v -0.9268 -0.0000 2.7140
vt 0.2704 0.8420
vn -0.3935 -0.8756 0.2802
v -0.9751 0.0490 2.7058
vt 0.2704 0.8455
vn -0.9201 -0.3416 0.1916
v -0.7882 0.0490 1.5944
vt 0.3233 0.8455
vn -0.8068 -0.3416 -0.4821
f 5081/5081/5081 5082/5082/5082 5083/5083/5083 5084/5084/5084
v -0.9268 0.4900 2.7140
vt 0.2704 0.9393
vn -0.3935 0.8756 0.2802
v -0.7399 0.4900 1.6026
vt 0.3233 0.9393
vn -0.2802 0.8756 -0.3935
v -0.7882 0.4410 1.5944
vt 0.3233 0.9358
vn -0.8068 0.3416 -0.4821
v -0.9751 0.4410 2.7058
vt 0.2704 0.9358
vn -0.9201 0.3416 0.1916
f 5085/5085/5085 5086/5086/5086 5087/5087/5087 5088/5088/5088
v -0.7317 0.4410 1.5542
vt 0.3256 0.9045
vn -0.1916 0.3416 -0.9201
v -0.7317 0.0490 1.5542
vt 0.3256 0.8767
vn -0.1916 -0.3416 -0.9201
v -0.7882 0.0490 1.5944
vt 0.3233 0.8767
vn -0.8068 -0.3416 -0.4821
v -0.7882 0.4410 1.5944
vt 0.3233 0.9045
vn -0.8068 0.3416 -0.4821
f 5089/5089/5089 5090/5090/5090 5091/5091/5091 5092/5092/5092
v -0.3533 0.0000 1.6676
vt 0.3233 0.8420
vn 0.3935 -0.8756 -0.2802
v -0.7399 0.0000 1.6026
vt 0.3233 0.8420
vn -0.2802 -0.8756 -0.3935
v -0.7317 0.0490 1.5542
vt 0.3256 0.8455
vn -0.1916 -0.3416 -0.9201
v -0.3452 0.0490 1.6193
vt 0.3256 0.8455
vn 0.4821 -0.3416 -0.8068
f 5093/5093/5093 5094/5094/5094 5095/5095/5095 5096/5096/5096
v -0.7399 0.4900 1.6026
vt 0.3233 0.9393
vn -0.2802 0.8756 -0.3935
v -0.3533 0.4900 1.6676
vt 0.3233 0.9393
vn 0.3935 0.8756 -0.2802
v -0.3452 0.4410 1.6193
vt 0.3256 0.9358
vn 0.4821 0.3416 -0.8068
v -0.7317 0.4410 1.5542
vt 0.3256 0.9358
vn -0.1916 0.3416 -0.9201
f 5097/5097/5097 5098/5098/5098 5099/5099/5099 5100/5100/5100
v -0.3050 0.4410 1.6757
vt 0.3233 0.9045
vn 0.8247 0.4606 -0.3283
v -0.3050 0.0490 1.6757
vt 0.3233 0.8767
vn 0.8247 -0.4606 -0.3283
v -0.3452 0.0490 1.6193
vt 0.3256 0.8767
vn 0.4821 -0.3416 -0.8068
v -0.3452 0.4410 1.6193
vt 0.3256 0.9045
vn 0.4821 0.3416 -0.8068
f 5101/5101/5101 5102/5102/5102 5103/5103/5103 5104/5104/5104
v -0.5402 -0.0000 2.7790
vt 0.2704 0.8420
vn 0.2802 -0.8756 0.3935
v -0.3533 0.0000 1.6676
vt 0.3233 0.8420
vn 0.3935 -0.8756 -0.2802
v -0.3050 0.0490 1.6757
vt 0.3233 0.8455
vn 0.8247 -0.4606 -0.3283
v -0.4919 0.0490 2.7871
vt 0.2704 0.8455
vn 0.8068 -0.3416 0.4821
f 5105/5105/5105 5106/5106/5106 5107/5107/5107 5108/5108/5108
v -0.3533 0.4900 1.6676
vt 0.3233 0.9393
vn 0.3935 0.8756 -0.2802
v -0.5402 0.4900 2.7790
vt 0.2704 0.9393
vn 0.2802 0.8756 0.3935
v -0.4919 0.4410 2.7871
vt 0.2704 0.9358
vn 0.8068 0.3416 0.4821
v -0.3050 0.4410 1.6757
vt 0.3233 0.9358
vn 0.8247 0.4606 -0.3283
f 5109/5109/5109 5110/5110/5110 5111/5111/5111 5112/5112/5112
v -0.9268 -0.0000 2.7140
vt 0.2704 0.8264
vn -0.3935 -0.8756 0.2802
v -0.7399 0.0000 1.6026
vt 0.3233 0.8264
vn -0.2802 -0.8756 -0.3935
v -0.3533 0.0000 1.6676
vt 0.3233 0.8264
vn 0.3935 -0.8756 -0.2802
v -0.5402 -0.0000 2.7790
vt 0.2704 0.8264
vn 0.2802 -0.8756 0.3935
f 5113/5113/5113 5114/5114/5114 5115/5115/5115 5116/5116/5116
v -1.0781 0.5390 1.5456
vt 0.3233 0.8611
vn 0.9861 0.0000 0.1659
v -1.0781 0.9310 1.5456
vt 0.3233 0.8889
vn 0.9201 0.3416 -0.1916
v -1.2651 0.9310 2.6570
vt 0.2704 0.8889
vn 0.8068 0.3416 0.4821
v -1.2651 0.5390 2.6570
vt 0.2704 0.8611
vn 0.8068 -0.3416 0.4821
f 5117/5117/5117 5118/5118/5118 5119/5119/5119 5120/5120/5120
v -1.5049 0.5390 1.4242
vt 0.3256 0.8611
vn -0.1916 -0.3416 -0.9201
v -1.5049 0.9310 1.4242
vt 0.3256 0.8889
vn -0.1916 0.3416 -0.9201
v -1.1183 0.9310 1.4892
vt 0.3256 0.8889
vn 0.4821 0.3416 -0.8068
v -1.1183 0.5390 1.4892
vt 0.3256 0.8611
vn 0.4821 -0.3416 -0.8068
f 5121/5121/5121 5122/5122/5122 5123/5123/5123 5124/5124/5124
v -1.5130 0.9800 1.4725
vt 0.3233 0.9236
vn -0.2802 0.8756 -0.3935
v -1.6999 0.9800 2.5839
vt 0.2704 0.9236
vn -0.3935 0.8756 0.2802
v -1.3134 0.9800 2.6489
vt 0.2704 0.9236
vn 0.0000 1.0000 0.0000
v -1.1264 0.9800 1.5375
vt 0.3233 0.9236
vn 0.0000 1.0000 0.0000
f 5125/5125/5125 5126/5126/5126 5127/5127/5127 5128/5128/5128
v -1.3215 0.5390 2.6972
vt 0.2681 0.8611
vn 0.1916 -0.3416 0.9201
v -1.3215 0.9310 2.6972
vt 0.2681 0.8889
vn 0.1916 0.3416 0.9201
v -1.7081 0.9310 2.6322
vt 0.2681 0.8889
vn -0.4821 0.3416 0.8068
v -1.7081 0.5390 2.6322
vt 0.2681 0.8611
vn -0.4821 -0.3416 0.8068
f 5129/5129/5129 5130/5130/5130 5131/5131/5131 5132/5132/5132
v -1.7483 0.5390 2.5757
vt 0.2704 0.8611
vn -0.9201 -0.3416 0.1916
v -1.7483 0.9310 2.5757
vt 0.2704 0.8889
vn -0.9201 0.3416 0.1916
v -1.5613 0.9310 1.4644
vt 0.3233 0.8889
vn -0.9861 -0.0000 -0.1659
v -1.5613 0.5390 1.4644
vt 0.3233 0.8611
vn -0.8068 -0.3416 -0.4821
f 5133/5133/5133 5134/5134/5134 5135/5135/5135 5136/5136/5136
v -1.3134 0.4900 2.6489
vt 0.2704 0.8420
vn 0.2802 -0.8756 0.3935
v -1.2651 0.5390 2.6570
vt 0.2704 0.8455
vn 0.8068 -0.3416 0.4821
v -1.3215 0.5390 2.6972
vt 0.2681 0.8455
vn 0.1916 -0.3416 0.9201
f 5137/5137/5137 5138/5138/5138 5139/5139/5139
v -1.2651 0.9310 2.6570
vt 0.2704 0.9358
vn 0.8068 0.3416 0.4821
v -1.3134 0.9800 2.6489
vt 0.2704 0.9393
vn 0.3778 0.7588 0.5306
v -1.3215 0.9310 2.6972
vt 0.2681 0.9358
vn 0.1916 0.3416 0.9201
f 5140/5140/5140 5141/5141/5141 5142/5142/5142
v -1.6999 0.4900 2.5839
vt 0.2704 0.8420
vn -0.5306 -0.7588 0.3778
v -1.7081 0.5390 2.6322
vt 0.2681 0.8455
vn -0.4821 -0.3416 0.8068
v -1.7483 0.5390 2.5757
vt 0.2704 0.8455
vn -0.9201 -0.3416 0.1916
f 5143/5143/5143 5144/5144/5144 5145/5145/5145
v -1.6999 0.9800 2.5839
vt 0.2704 0.9393
vn -0.3935 0.8756 0.2802
v -1.7483 0.9310 2.5757
vt 0.2704 0.9358
vn -0.9201 0.3416 0.1916
v -1.7081 0.9310 2.6322
vt 0.2681 0.9358
vn -0.4821 0.3416 0.8068
f 5146/5146/5146 5147/5147/5147 5148/5148/5148
v -1.1264 0.4900 1.5375
vt 0.3233 0.8420
vn 0.3935 -0.8756 -0.2802
v -1.1183 0.5390 1.4892
vt 0.3256 0.8455
vn 0.4821 -0.3416 -0.8068
v -1.0781 0.5390 1.5456
vt 0.3233 0.8455
vn 0.8247 -0.4606 -0.3283
f 5149/5149/5149 5150/5150/5150 5151/5151/5151
v -1.1264 0.9800 1.5375
vt 0.3233 0.9393
vn 0.5306 0.7588 -0.3778
v -1.0781 0.9310 1.5456
vt 0.3233 0.9358
vn 0.9201 0.3416 -0.1916
v -1.1183 0.9310 1.4892
vt 0.3256 0.9358
vn 0.4821 0.3416 -0.8068
f 5152/5152/5152 5153/5153/5153 5154/5154/5154
v -1.5130 0.4900 1.4725
vt 0.3233 0.8420
vn -0.3778 -0.7588 -0.5306
v -1.5613 0.5390 1.4644
vt 0.3233 0.8455
vn -0.8068 -0.3416 -0.4821
v -1.5049 0.5390 1.4242
vt 0.3256 0.8455
vn -0.1916 -0.3416 -0.9201
f 5155/5155/5155 5156/5156/5156 5157/5157/5157
v -1.5130 0.9800 1.4725
vt 0.3233 0.9393
vn -0.2802 0.8756 -0.3935
v -1.5049 0.9310 1.4242
vt 0.3256 0.9358
vn -0.1916 0.3416 -0.9201
v -1.5613 0.9310 1.4644
vt 0.3233 0.9358
vn -0.6719 0.4606 -0.5801
f 5158/5158/5158 5159/5159/5159 5160/5160/5160
v -1.6999 0.4900 2.5839
vt 0.2704 0.8420
vn -0.5306 -0.7588 0.3778
v -1.3134 0.4900 2.6489
vt 0.2704 0.8420
vn 0.2802 -0.8756 0.3935
v -1.3215 0.5390 2.6972
vt 0.2681 0.8455
vn 0.1916 -0.3416 0.9201
v -1.7081 0.5390 2.6322
vt 0.2681 0.8455
vn -0.4821 -0.3416 0.8068
f 5161/5161/5161 5162/5162/5162 5163/5163/5163 5164/5164/5164
v -1.2651 0.5390 2.6570
vt 0.2704 0.8767
vn 0.8068 -0.3416 0.4821
v -1.2651 0.9310 2.6570
vt 0.2704 0.9045
vn 0.8068 0.3416 0.4821
v -1.3215 0.9310 2.6972
vt 0.2681 0.9045
vn 0.1916 0.3416 0.9201
v -1.3215 0.5390 2.6972
vt 0.2681 0.8767
vn 0.1916 -0.3416 0.9201
f 5165/5165/5165 5166/5166/5166 5167/5167/5167 5168/5168/5168
v -1.3134 0.9800 2.6489
vt 0.2704 0.9393
vn 0.3778 0.7588 0.5306
v -1.6999 0.9800 2.5839
vt 0.2704 0.9393
vn -0.3935 0.8756 0.2802
v -1.7081 0.9310 2.6322
vt 0.2681 0.9358
vn -0.4821 0.3416 0.8068
v -1.3215 0.9310 2.6972
vt 0.2681 0.9358
vn 0.1916 0.3416 0.9201
f 5169/5169/5169 5170/5170/5170 5171/5171/5171 5172/5172/5172
v -1.7483 0.9310 2.5757
vt 0.2704 0.9045
vn -0.9201 0.3416 0.1916
v -1.7483 0.5390 2.5757
vt 0.2704 0.8767
vn -0.9201 -0.3416 0.1916
v -1.7081 0.5390 2.6322
vt 0.2681 0.8767
vn -0.4821 -0.3416 0.8068
v -1.7081 0.9310 2.6322
vt 0.2681 0.9045
vn -0.4821 0.3416 0.8068
f 5173/5173/5173 5174/5174/5174 5175/5175/5175 5176/5176/5176
v -1.5130 0.4900 1.4725
vt 0.3233 0.8420
vn -0.3778 -0.7588 -0.5306
v -1.6999 0.4900 2.5839
vt 0.2704 0.8420
vn -0.5306 -0.7588 0.3778
v -1.7483 0.5390 2.5757
vt 0.2704 0.8455
vn -0.9201 -0.3416 0.1916
v -1.5613 0.5390 1.4644
vt 0.3233 0.8455
vn -0.8068 -0.3416 -0.4821
f 5177/5177/5177 5178/5178/5178 5179/5179/5179 5180/5180/5180
v -1.6999 0.9800 2.5839
vt 0.2704 0.9393
vn -0.3935 0.8756 0.2802
v -1.5130 0.9800 1.4725
vt 0.3233 0.9393
vn -0.2802 0.8756 -0.3935
v -1.5613 0.9310 1.4644
vt 0.3233 0.9358
vn -0.6719 0.4606 -0.5801
v -1.7483 0.9310 2.5757
vt 0.2704 0.9358
vn -0.9201 0.3416 0.1916
f 5181/5181/5181 5182/5182/5182 5183/5183/5183 5184/5184/5184
v -1.5049 0.9310 1.4242
vt 0.3256 0.9045
vn -0.1916 0.3416 -0.9201
v -1.5049 0.5390 1.4242
vt 0.3256 0.8767
vn -0.1916 -0.3416 -0.9201
v -1.5613 0.5390 1.4644
vt 0.3233 0.8767
vn -0.8068 -0.3416 -0.4821
v -1.5613 0.9310 1.4644
vt 0.3233 0.9045
vn -0.6719 0.4606 -0.5801
f 5185/5185/5185 5186/5186/5186 5187/5187/5187 5188/5188/5188
v -1.1264 0.4900 1.5375
vt 0.3233 0.8420
vn 0.3935 -0.8756 -0.2802
v -1.5130 0.4900 1.4725
vt 0.3233 0.8420
vn -0.3778 -0.7588 -0.5306
v -1.5049 0.5390 1.4242
vt 0.3256 0.8455
vn -0.1916 -0.3416 -0.9201
v -1.1183 0.5390 1.4892
vt 0.3256 0.8455
vn 0.4821 -0.3416 -0.8068
f 5189/5189/5189 5190/5190/5190 5191/5191/5191 5192/5192/5192
v -1.5130 0.9800 1.4725
vt 0.3233 0.9393
vn -0.2802 0.8756 -0.3935
v -1.1264 0.9800 1.5375
vt 0.3233 0.9393
vn 0.5306 0.7588 -0.3778
v -1.1183 0.9310 1.4892
vt 0.3256 0.9358
vn 0.4821 0.3416 -0.8068
v -1.5049 0.9310 1.4242
vt 0.3256 0.9358
vn -0.1916 0.3416 -0.9201
f 5193/5193/5193 5194/5194/5194 5195/5195/5195 5196/5196/5196
v -1.0781 0.9310 1.5456
vt 0.3233 0.9045
vn 0.9201 0.3416 -0.1916
v -1.0781 0.5390 1.5456
vt 0.3233 0.8767
vn 0.8247 -0.4606 -0.3283
v -1.1183 0.5390 1.4892
vt 0.3256 0.8767
vn 0.4821 -0.3416 -0.8068
v -1.1183 0.9310 1.4892
vt 0.3256 0.9045
vn 0.4821 0.3416 -0.8068
f 5197/5197/5197 5198/5198/5198 5199/5199/5199 5200/5200/5200
v -1.3134 0.4900 2.6489
vt 0.2704 0.8420
vn 0.2802 -0.8756 0.3935
v -1.1264 0.4900 1.5375
vt 0.3233 0.8420
vn 0.3935 -0.8756 -0.2802
v -1.0781 0.5390 1.5456
vt 0.3233 0.8455
vn 0.8247 -0.4606 -0.3283
v -1.2651 0.5390 2.6570
vt 0.2704 0.8455
vn 0.8068 -0.3416 0.4821
f 5201/5201/5201 5202/5202/5202 5203/5203/5203 5204/5204/5204
v -1.1264 0.9800 1.5375
vt 0.3233 0.9393
vn 0.5306 0.7588 -0.3778
v -1.3134 0.9800 2.6489
vt 0.2704 0.9393
vn 0.3778 0.7588 0.5306
v -1.2651 0.9310 2.6570
vt 0.2704 0.9358
vn 0.8068 0.3416 0.4821
v -1.0781 0.9310 1.5456
vt 0.3233 0.9358
vn 0.9201 0.3416 -0.1916
f 5205/5205/5205 5206/5206/5206 5207/5207/5207 5208/5208/5208
v -1.6999 0.4900 2.5839
vt 0.2704 0.8264
vn 0.0000 -1.0000 -0.0000
v -1.5130 0.4900 1.4725
vt 0.3233 0.8264
vn 0.0000 -1.0000 -0.0000
v -1.1264 0.4900 1.5375
vt 0.3233 0.8264
vn 0.3935 -0.8756 -0.2802
v -1.3134 0.4900 2.6489
vt 0.2704 0.8264
vn 0.2802 -0.8756 0.3935
f 5209/5209/5209 5210/5210/5210 5211/5211/5211 5212/5212/5212
v -0.4982 0.5390 1.6432
vt 0.3233 0.8611
vn 0.9861 0.0000 0.1659
v -0.4982 0.9310 1.6432
vt 0.3233 0.8889
vn 0.9861 0.0000 0.1659
v -0.6852 0.9310 2.7546
vt 0.2704 0.8889
vn 0.9861 0.0000 0.1659
v -0.6852 0.5390 2.7546
vt 0.2704 0.8611
vn 0.9861 0.0000 0.1659
f 5213/5213/5213 5214/5214/5214 5215/5215/5215 5216/5216/5216
v -0.9250 0.5390 1.5217
vt 0.3256 0.8611
vn -0.1916 -0.3416 -0.9201
v -0.9250 0.9310 1.5217
vt 0.3256 0.8889
vn -0.1916 0.3416 -0.9201
v -0.5384 0.9310 1.5868
vt 0.3256 0.8889
vn 0.4821 0.3416 -0.8068
v -0.5384 0.5390 1.5868
vt 0.3256 0.8611
vn 0.4821 -0.3416 -0.8068
f 5217/5217/5217 5218/5218/5218 5219/5219/5219 5220/5220/5220
v -0.9331 0.9800 1.5700
vt 0.3233 0.9236
vn -0.2802 0.8756 -0.3935
v -1.1201 0.9800 2.6814
vt 0.2704 0.9236
vn -0.3935 0.8756 0.2802
v -0.7335 0.9800 2.7465
vt 0.2704 0.9236
vn 0.2802 0.8756 0.3935
v -0.5466 0.9800 1.6351
vt 0.3233 0.9236
vn 0.3935 0.8756 -0.2802
f 5221/5221/5221 5222/5222/5222 5223/5223/5223 5224/5224/5224
v -0.7417 0.5390 2.7948
vt 0.2681 0.8611
vn 0.1916 -0.3416 0.9201
v -0.7417 0.9310 2.7948
vt 0.2681 0.8889
vn 0.1916 0.3416 0.9201
v -1.1282 0.9310 2.7298
vt 0.2681 0.8889
vn -0.4821 0.3416 0.8068
v -1.1282 0.5390 2.7298
vt 0.2681 0.8611
vn -0.4821 -0.3416 0.8068
f 5225/5225/5225 5226/5226/5226 5227/5227/5227 5228/5228/5228
v -1.1684 0.5390 2.6733
vt 0.2704 0.8611
vn -0.9201 -0.3416 0.1916
v -1.1684 0.9310 2.6733
vt 0.2704 0.8889
vn -0.9201 0.3416 0.1916
v -0.9815 0.9310 1.5619
vt 0.3233 0.8889
vn -0.8068 0.3416 -0.4821
v -0.9815 0.5390 1.5619
vt 0.3233 0.8611
vn -0.8068 -0.3416 -0.4821
f 5229/5229/5229 5230/5230/5230 5231/5231/5231 5232/5232/5232
v -0.7335 0.4900 2.7465
vt 0.2704 0.8420
vn 0.2802 -0.8756 0.3935
v -0.6852 0.5390 2.7546
vt 0.2704 0.8455
vn 0.6719 -0.4606 0.5801
v -0.7417 0.5390 2.7948
vt 0.2681 0.8455
vn 0.1916 -0.3416 0.9201
f 5233/5233/5233 5234/5234/5234 5235/5235/5235
v -0.6852 0.9310 2.7546
vt 0.2704 0.9358
vn 0.6719 0.4606 0.5801
v -0.7335 0.9800 2.7465
vt 0.2704 0.9393
vn 0.2802 0.8756 0.3935
v -0.7417 0.9310 2.7948
vt 0.2681 0.9358
vn 0.1916 0.3416 0.9201
f 5236/5236/5236 5237/5237/5237 5238/5238/5238
v -1.1201 0.4900 2.6814
vt 0.2704 0.8420
vn -0.3935 -0.8756 0.2802
v -1.1282 0.5390 2.7298
vt 0.2681 0.8455
vn -0.4821 -0.3416 0.8068
v -1.1684 0.5390 2.6733
vt 0.2704 0.8455
vn -0.9201 -0.3416 0.1916
f 5239/5239/5239 5240/5240/5240 5241/5241/5241
v -1.1201 0.9800 2.6814
vt 0.2704 0.9393
vn -0.3935 0.8756 0.2802
v -1.1684 0.9310 2.6733
vt 0.2704 0.9358
vn -0.9201 0.3416 0.1916
v -1.1282 0.9310 2.7298
vt 0.2681 0.9358
vn -0.4821 0.3416 0.8068
f 5242/5242/5242 5243/5243/5243 5244/5244/5244
v -0.5466 0.4900 1.6351
vt 0.3233 0.8420
vn 0.3935 -0.8756 -0.2802
v -0.5384 0.5390 1.5868
vt 0.3256 0.8455
vn 0.4821 -0.3416 -0.8068
v -0.4982 0.5390 1.6432
vt 0.3233 0.8455
vn 0.8247 -0.4606 -0.3283
f 5245/5245/5245 5246/5246/5246 5247/5247/5247
v -0.5466 0.9800 1.6351
vt 0.3233 0.9393
vn 0.3935 0.8756 -0.2802
v -0.4982 0.9310 1.6432
vt 0.3233 0.9358
vn 0.8247 0.4606 -0.3283
v -0.5384 0.9310 1.5868
vt 0.3256 0.9358
vn 0.4821 0.3416 -0.8068
f 5248/5248/5248 5249/5249/5249 5250/5250/5250
v -0.9331 0.4900 1.5700
vt 0.3233 0.8420
vn -0.2802 -0.8756 -0.3935
v -0.9815 0.5390 1.5619
vt 0.3233 0.8455
vn -0.8068 -0.3416 -0.4821
v -0.9250 0.5390 1.5217
vt 0.3256 0.8455
vn -0.1916 -0.3416 -0.9201
f 5251/5251/5251 5252/5252/5252 5253/5253/5253
v -0.9331 0.9800 1.5700
vt 0.3233 0.9393
vn -0.2802 0.8756 -0.3935
v -0.9250 0.9310 1.5217
vt 0.3256 0.9358
vn -0.1916 0.3416 -0.9201
v -0.9815 0.9310 1.5619
vt 0.3233 0.9358
vn -0.8068 0.3416 -0.4821
f 5254/5254/5254 5255/5255/5255 5256/5256/5256
v -1.1201 0.4900 2.6814
vt 0.2704 0.8420
vn -0.3935 -0.8756 0.2802
v -0.7335 0.4900 2.7465
vt 0.2704 0.8420
vn 0.2802 -0.8756 0.3935
v -0.7417 0.5390 2.7948
vt 0.2681 0.8455
vn 0.1916 -0.3416 0.9201
v -1.1282 0.5390 2.7298
vt 0.2681 0.8455
vn -0.4821 -0.3416 0.8068
f 5257/5257/5257 5258/5258/5258 5259/5259/5259 5260/5260/5260
v -0.6852 0.5390 2.7546
vt 0.2704 0.8767
vn 0.6719 -0.4606 0.5801
v -0.6852 0.9310 2.7546
vt 0.2704 0.9045
vn 0.6719 0.4606 0.5801
v -0.7417 0.9310 2.7948
vt 0.2681 0.9045
vn 0.1916 0.3416 0.9201
v -0.7417 0.5390 2.7948
vt 0.2681 0.8767
vn 0.1916 -0.3416 0.9201
f 5261/5261/5261 5262/5262/5262 5263/5263/5263 5264/5264/5264
v -0.7335 0.9800 2.7465
vt 0.2704 0.9393
vn 0.2802 0.8756 0.3935
v -1.1201 0.9800 2.6814
vt 0.2704 0.9393
vn -0.3935 0.8756 0.2802
v -1.1282 0.9310 2.7298
vt 0.2681 0.9358
vn -0.4821 0.3416 0.8068
v -0.7417 0.9310 2.7948
vt 0.2681 0.9358
vn 0.1916 0.3416 0.9201
f 5265/5265/5265 5266/5266/5266 5267/5267/5267 5268/5268/5268
v -1.1684 0.9310 2.6733
vt 0.2704 0.9045
vn -0.9201 0.3416 0.1916
v -1.1684 0.5390 2.6733
vt 0.2704 0.8767
vn -0.9201 -0.3416 0.1916
v -1.1282 0.5390 2.7298
vt 0.2681 0.8767
vn -0.4821 -0.3416 0.8068
v -1.1282 0.9310 2.7298
vt 0.2681 0.9045
vn -0.4821 0.3416 0.8068
f 5269/5269/5269 5270/5270/5270 5271/5271/5271 5272/5272/5272
v -0.9331 0.4900 1.5700
vt 0.3233 0.8420
vn -0.2802 -0.8756 -0.3935
v -1.1201 0.4900 2.6814
vt 0.2704 0.8420
vn -0.3935 -0.8756 0.2802
v -1.1684 0.5390 2.6733
vt 0.2704 0.8455
vn -0.9201 -0.3416 0.1916
v -0.9815 0.5390 1.5619
vt 0.3233 0.8455
vn -0.8068 -0.3416 -0.4821
f 5273/5273/5273 5274/5274/5274 5275/5275/5275 5276/5276/5276
v -1.1201 0.9800 2.6814
vt 0.2704 0.9393
vn -0.3935 0.8756 0.2802
v -0.9331 0.9800 1.5700
vt 0.3233 0.9393
vn -0.2802 0.8756 -0.3935
v -0.9815 0.9310 1.5619
vt 0.3233 0.9358
vn -0.8068 0.3416 -0.4821
v -1.1684 0.9310 2.6733
vt 0.2704 0.9358
vn -0.9201 0.3416 0.1916
f 5277/5277/5277 5278/5278/5278 5279/5279/5279 5280/5280/5280
v -0.9250 0.9310 1.5217
vt 0.3256 0.9045
vn -0.1916 0.3416 -0.9201
v -0.9250 0.5390 1.5217
vt 0.3256 0.8767
vn -0.1916 -0.3416 -0.9201
v -0.9815 0.5390 1.5619
vt 0.3233 0.8767
vn -0.8068 -0.3416 -0.4821
v -0.9815 0.9310 1.5619
vt 0.3233 0.9045
vn -0.8068 0.3416 -0.4821
f 5281/5281/5281 5282/5282/5282 5283/5283/5283 5284/5284/5284
v -0.5466 0.4900 1.6351
vt 0.3233 0.8420
vn 0.3935 -0.8756 -0.2802
v -0.9331 0.4900 1.5700
vt 0.3233 0.8420
vn -0.2802 -0.8756 -0.3935
v -0.9250 0.5390 1.5217
vt 0.3256 0.8455
vn -0.1916 -0.3416 -0.9201
v -0.5384 0.5390 1.5868
vt 0.3256 0.8455
vn 0.4821 -0.3416 -0.8068
f 5285/5285/5285 5286/5286/5286 5287/5287/5287 5288/5288/5288
v -0.9331 0.9800 1.5700
vt 0.3233 0.9393
vn -0.2802 0.8756 -0.3935
v -0.5466 0.9800 1.6351
vt 0.3233 0.9393
vn 0.3935 0.8756 -0.2802
v -0.5384 0.9310 1.5868
vt 0.3256 0.9358
vn 0.4821 0.3416 -0.8068
v -0.9250 0.9310 1.5217
vt 0.3256 0.9358
vn -0.1916 0.3416 -0.9201
f 5289/5289/5289 5290/5290/5290 5291/5291/5291 5292/5292/5292
v -0.4982 0.9310 1.6432
vt 0.3233 0.9045
vn 0.8247 0.4606 -0.3283
v -0.4982 0.5390 1.6432
vt 0.3233 0.8767
vn 0.8247 -0.4606 -0.3283
v -0.5384 0.5390 1.5868
vt 0.3256 0.8767
vn 0.4821 -0.3416 -0.8068
v -0.5384 0.9310 1.5868
vt 0.3256 0.9045
vn 0.4821 0.3416 -0.8068
f 5293/5293/5293 5294/5294/5294 5295/5295/5295 5296/5296/5296
v -0.7335 0.4900 2.7465
vt 0.2704 0.8420
vn 0.2802 -0.8756 0.3935
v -0.5466 0.4900 1.6351
vt 0.3233 0.8420
vn 0.3935 -0.8756 -0.2802
v -0.4982 0.5390 1.6432
vt 0.3233 0.8455
vn 0.8247 -0.4606 -0.3283
v -0.6852 0.5390 2.7546
vt 0.2704 0.8455
vn 0.6719 -0.4606 0.5801
f 5297/5297/5297 5298/5298/5298 5299/5299/5299 5300/5300/5300
v -0.5466 0.9800 1.6351
vt 0.3233 0.9393
vn 0.3935 0.8756 -0.2802
v -0.7335 0.9800 2.7465
vt 0.2704 0.9393
vn 0.2802 0.8756 0.3935
v -0.6852 0.9310 2.7546
vt 0.2704 0.9358
vn 0.6719 0.4606 0.5801
v -0.4982 0.9310 1.6432
vt 0.3233 0.9358
vn 0.8247 0.4606 -0.3283
f 5301/5301/5301 5302/5302/5302 5303/5303/5303 5304/5304/5304
v -1.1201 0.4900 2.6814
vt 0.2704 0.8264
vn -0.3935 -0.8756 0.2802
v -0.9331 0.4900 1.5700
vt 0.3233 0.8264
vn -0.2802 -0.8756 -0.3935
v -0.5466 0.4900 1.6351
vt 0.3233 0.8264
vn 0.3935 -0.8756 -0.2802
v -0.7335 0.4900 2.7465
vt 0.2704 0.8264
vn 0.2802 -0.8756 0.3935
f 5305/5305/5305 5306/5306/5306 5307/5307/5307 5308/5308/5308
v -2.4718 0.1008 0.2176
vt 0.7984 0.8155
vn -0.6832 -0.0000 0.7302
v -2.4718 0.3890 0.2176
vt 0.7984 0.8452
vn -0.6832 -0.0000 0.7302
v -2.5184 0.3689 0.1740
vt 0.7971 0.8431
vn -0.6832 -0.0000 0.7302
v -2.5184 0.1210 0.1740
vt 0.7971 0.8175
vn -0.6832 -0.0000 0.7302
f 5309/5309/5309 5310/5310/5310 5311/5311/5311 5312/5312/5312
v -2.7840 0.4899 -0.0557
vt 0.7891 0.8868
vn 0.4523 0.3162 0.8339
v -2.7744 0.4294 -0.0380
vt 0.7891 0.8806
vn 0.4523 0.3162 0.8339
v -2.6654 0.4294 -0.0971
vt 0.7971 0.8806
vn 0.4523 0.3162 0.8339
v -2.6573 0.4899 -0.1244
vt 0.7984 0.8868
vn 0.4523 0.3162 0.8339
f 5313/5313/5313 5314/5314/5314 5315/5315/5315 5316/5316/5316
v -2.5686 0.1008 -0.1725
vt 0.8050 0.8155
vn 0.7302 0.0000 0.6832
v -2.5686 0.3890 -0.1725
vt 0.8050 0.8452
vn 0.7302 0.0000 0.6832
v -2.6122 0.3689 -0.1259
vt 0.8010 0.8431
vn 0.7302 0.0000 0.6832
v -2.6122 0.1210 -0.1259
vt 0.8010 0.8175
vn 0.7302 0.0000 0.6832
f 5317/5317/5317 5318/5318/5318 5319/5319/5319 5320/5320/5320
v -2.9307 0.3890 0.1878
vt 0.7733 0.8452
vn -0.2780 -0.9487 0.1508
v -2.8775 0.3689 0.1589
vt 0.7772 0.8431
vn -0.2780 -0.9487 0.1508
v -2.8184 0.3689 0.2679
vt 0.7772 0.8431
vn -0.2780 -0.9487 0.1508
v -2.8620 0.3890 0.3145
vt 0.7733 0.8452
vn -0.2780 -0.9487 0.1508
f 5321/5321/5321 5322/5322/5322 5323/5323/5323 5324/5324/5324
v -2.9588 0.1008 -0.0757
vt 0.7798 0.8155
vn 0.6832 -0.0000 -0.7302
v -2.9588 0.3890 -0.0757
vt 0.7798 0.8452
vn 0.6832 -0.0000 -0.7302
v -2.9122 0.3689 -0.0321
vt 0.7811 0.8431
vn 0.6832 -0.0000 -0.7302
v -2.9122 0.1210 -0.0321
vt 0.7811 0.8175
vn 0.6832 -0.0000 -0.7302
f 5325/5325/5325 5326/5326/5326 5327/5327/5327 5328/5328/5328
v -2.8620 0.1008 0.3145
vt 0.7733 0.8155
vn -0.7302 0.0000 -0.6832
v -2.8620 0.3890 0.3145
vt 0.7733 0.8452
vn -0.7302 0.0000 -0.6832
v -2.8184 0.3689 0.2679
vt 0.7772 0.8431
vn -0.7302 0.0000 -0.6832
v -2.8184 0.1210 0.2679
vt 0.7772 0.8175
vn -0.7302 0.0000 -0.6832
f 5329/5329/5329 5330/5330/5330 5331/5331/5331 5332/5332/5332
v -2.8139 -0.0001 0.4031
vt 0.7733 0.8363
vn -0.8791 -0.0000 0.4767
v -2.8139 0.4899 0.4031
vt 0.7733 0.8868
vn -0.8791 -0.0000 0.4767
v -2.8620 0.3890 0.3145
vt 0.7733 0.8764
vn -0.8790 -0.0000 0.4767
v -2.8620 0.1008 0.3145
vt 0.7733 0.8467
vn -0.8790 -0.0000 0.4767
f 5333/5333/5333 5334/5334/5334 5335/5335/5335 5336/5336/5336
v -3.0475 0.4899 -0.0276
vt 0.7733 0.8868
vn -0.8791 -0.0000 0.4767
v -2.9994 0.3890 0.0611
vt 0.7733 0.8764
vn -0.8791 -0.0000 0.4767
v -2.9307 0.3890 0.1878
vt 0.7733 0.8764
vn -0.8791 -0.0000 0.4767
f 5337/5337/5337 5338/5338/5338 5339/5339/5339
v -3.0475 0.4899 -0.0276
vt 0.7733 0.8868
vn -0.8791 -0.0000 0.4767
v -3.0475 -0.0001 -0.0276
vt 0.7733 0.8363
vn -0.8791 -0.0000 0.4767
v -2.9994 0.1008 0.0611
vt 0.7733 0.8467
vn -0.8791 -0.0000 0.4767
v -2.9994 0.3890 0.0611
vt 0.7733 0.8764
vn -0.8791 -0.0000 0.4767
f 5340/5340/5340 5341/5341/5341 5342/5342/5342 5343/5343/5343
v -2.9307 0.1008 0.1878
vt 0.7733 0.8467
vn -0.8791 -0.0000 0.4767
v -2.8139 -0.0001 0.4031
vt 0.7733 0.8363
vn -0.8791 -0.0000 0.4767
v -2.8620 0.1008 0.3145
vt 0.7733 0.8467
vn -0.8790 -0.0000 0.4767
f 5344/5344/5344 5345/5345/5345 5346/5346/5346
v -3.0475 -0.0001 -0.0276
vt 0.7733 0.8363
vn -0.4767 0.0000 -0.8791
v -3.0475 0.4899 -0.0276
vt 0.7733 0.8868
vn -0.4767 0.0000 -0.8791
v -2.9588 0.3890 -0.0757
vt 0.7798 0.8764
vn -0.4767 0.0000 -0.8791
v -2.9588 0.1008 -0.0757
vt 0.7798 0.8467
vn -0.4767 0.0000 -0.8791
f 5347/5347/5347 5348/5348/5348 5349/5349/5349 5350/5350/5350
v -2.6167 0.4899 -0.2612
vt 0.8050 0.8868
vn -0.4767 0.0000 -0.8791
v -2.8321 0.3890 -0.1444
vt 0.7891 0.8764
vn -0.4767 0.0000 -0.8791
v -3.0475 0.4899 -0.0276
vt 0.7733 0.8868
vn -0.4767 0.0000 -0.8791
f 5351/5351/5351 5352/5352/5352 5353/5353/5353
v -2.6167 0.4899 -0.2612
vt 0.8050 0.8868
vn -0.4767 0.0000 -0.8791
v -2.6167 -0.0001 -0.2612
vt 0.8050 0.8363
vn -0.4767 0.0000 -0.8791
v -2.7054 0.1008 -0.2131
vt 0.7984 0.8467
vn -0.4767 0.0000 -0.8791
v -2.7054 0.3890 -0.2131
vt 0.7984 0.8764
vn -0.4767 0.0000 -0.8791
f 5354/5354/5354 5355/5355/5355 5356/5356/5356 5357/5357/5357
v -3.0475 -0.0001 -0.0276
vt 0.7733 0.8363
vn -0.4767 0.0000 -0.8791
v -2.9588 0.1008 -0.0757
vt 0.7798 0.8467
vn -0.4767 0.0000 -0.8791
v -2.8321 0.1008 -0.1444
vt 0.7891 0.8467
vn -0.4767 0.0000 -0.8791
f 5358/5358/5358 5359/5359/5359 5360/5360/5360
v -2.6167 -0.0001 -0.2612
vt 0.8050 0.8363
vn 0.8791 -0.0000 -0.4767
v -2.6167 0.4899 -0.2612
vt 0.8050 0.8868
vn 0.8791 -0.0000 -0.4767
v -2.5686 0.3890 -0.1725
vt 0.8050 0.8764
vn 0.8791 -0.0000 -0.4767
v -2.5686 0.1008 -0.1725
vt 0.8050 0.8467
vn 0.8791 -0.0000 -0.4767
f 5361/5361/5361 5362/5362/5362 5363/5363/5363 5364/5364/5364
v -2.3831 0.4899 0.1695
vt 0.8050 0.8868
vn 0.8791 -0.0000 -0.4767
v -2.4312 0.3890 0.0809
vt 0.8050 0.8764
vn 0.8791 -0.0000 -0.4767
v -2.4999 0.3890 -0.0458
vt 0.8050 0.8764
vn 0.8791 -0.0000 -0.4767
f 5365/5365/5365 5366/5366/5366 5367/5367/5367
v -2.3831 0.4899 0.1695
vt 0.8050 0.8868
vn 0.8791 -0.0000 -0.4767
v -2.3831 -0.0001 0.1695
vt 0.8050 0.8363
vn 0.8791 -0.0000 -0.4767
v -2.4312 0.1008 0.0809
vt 0.8050 0.8467
vn 0.8791 -0.0000 -0.4767
v -2.4312 0.3890 0.0809
vt 0.8050 0.8764
vn 0.8791 -0.0000 -0.4767
f 5368/5368/5368 5369/5369/5369 5370/5370/5370 5371/5371/5371
v -2.6167 -0.0001 -0.2612
vt 0.8050 0.8363
vn 0.8791 -0.0000 -0.4767
v -2.5686 0.1008 -0.1725
vt 0.8050 0.8467
vn 0.8791 -0.0000 -0.4767
v -2.4999 0.1008 -0.0458
vt 0.8050 0.8467
vn 0.8791 -0.0000 -0.4767
f 5372/5372/5372 5373/5373/5373 5374/5374/5374
v -2.3831 -0.0001 0.1695
vt 0.8050 0.8363
vn 0.4767 -0.0000 0.8791
v -2.3831 0.4899 0.1695
vt 0.8050 0.8868
vn 0.4767 -0.0000 0.8791
v -2.4718 0.3890 0.2176
vt 0.7984 0.8764
vn 0.4767 -0.0000 0.8791
v -2.4718 0.1008 0.2176
vt 0.7984 0.8467
vn 0.4767 -0.0000 0.8791
f 5375/5375/5375 5376/5376/5376 5377/5377/5377 5378/5378/5378
v -2.8139 0.4899 0.4031
vt 0.7733 0.8868
vn 0.4767 -0.0000 0.8791
v -2.7252 0.3890 0.3550
vt 0.7798 0.8764
vn 0.4767 -0.0000 0.8791
v -2.5985 0.3890 0.2863
vt 0.7891 0.8764
vn 0.4767 -0.0000 0.8791
f 5379/5379/5379 5380/5380/5380 5381/5381/5381
v -2.8139 0.4899 0.4031
vt 0.7733 0.8868
vn 0.4767 -0.0000 0.8791
v -2.8139 -0.0001 0.4031
vt 0.7733 0.8363
vn 0.4767 -0.0000 0.8791
v -2.7252 0.1008 0.3550
vt 0.7798 0.8467
vn 0.4767 -0.0000 0.8791
v -2.7252 0.3890 0.3550
vt 0.7798 0.8764
vn 0.4767 -0.0000 0.8791
f 5382/5382/5382 5383/5383/5383 5384/5384/5384 5385/5385/5385
v -2.5985 0.1008 0.2863
vt 0.7891 0.8467
vn 0.4767 -0.0000 0.8791
v -2.3831 -0.0001 0.1695
vt 0.8050 0.8363
vn 0.4767 -0.0000 0.8791
v -2.4718 0.1008 0.2176
vt 0.7984 0.8467
vn 0.4767 -0.0000 0.8791
f 5386/5386/5386 5387/5387/5387 5388/5388/5388
v -2.3831 0.4899 0.1695
vt 0.8050 0.9337
vn 0.0000 1.0000 0.0000
v -2.5199 0.4899 0.1290
vt 0.7984 0.9337
vn 0.0000 1.0000 0.0000
v -2.6466 0.4899 0.1977
vt 0.7891 0.9337
vn 0.0000 1.0000 0.0000
f 5389/5389/5389 5390/5390/5390 5391/5391/5391
v -2.8775 0.1210 0.1589
vt 0.6617 0.8056
vn -0.8791 -0.0000 0.4767
v -2.8775 0.3689 0.1589
vt 0.6617 0.8443
vn -0.8791 -0.0000 0.4767
v -2.9365 0.3689 0.0500
vt 0.6617 0.8443
vn -0.8791 -0.0000 0.4767
v -2.9365 0.1210 0.0500
vt 0.6617 0.8056
vn -0.8791 -0.0000 0.4767
f 5392/5392/5392 5393/5393/5393 5394/5394/5394 5395/5395/5395
v -2.8032 0.1210 -0.0912
vt 0.6875 0.8342
vn -0.4767 0.0000 -0.8791
v -2.8032 0.3689 -0.0912
vt 0.6875 0.8729
vn -0.4767 0.0000 -0.8791
v -2.6943 0.3689 -0.1503
vt 0.7069 0.8729
vn -0.4767 0.0000 -0.8791
v -2.6943 0.1210 -0.1503
vt 0.7069 0.8342
vn -0.4767 0.0000 -0.8791
f 5396/5396/5396 5397/5397/5397 5398/5398/5398 5399/5399/5399
v -2.5531 0.1210 -0.0170
vt 0.7133 0.8056
vn 0.8791 -0.0000 -0.4767
v -2.5531 0.3689 -0.0170
vt 0.7133 0.8443
vn 0.8791 -0.0000 -0.4767
v -2.4940 0.3689 0.0920
vt 0.7133 0.8443
vn 0.8790 -0.0000 -0.4767
v -2.4940 0.1210 0.0920
vt 0.7133 0.8056
vn 0.8790 -0.0000 -0.4767
f 5400/5400/5400 5401/5401/5401 5402/5402/5402 5403/5403/5403
v -2.6274 0.1210 0.2331
vt 0.6875 0.8056
vn 0.4767 -0.0000 0.8791
v -2.6274 0.3689 0.2331
vt 0.6875 0.8443
vn 0.4767 -0.0000 0.8791
v -2.7363 0.3689 0.2922
vt 0.6681 0.8443
vn 0.4767 -0.0000 0.8791
v -2.7363 0.1210 0.2922
vt 0.6681 0.8056
vn 0.4767 -0.0000 0.8791
f 5404/5404/5404 5405/5405/5405 5406/5406/5406 5407/5407/5407
v -2.7744 0.4294 -0.0380
vt 0.6875 0.8794
vn 0.0000 1.0000 0.0000
v -2.8833 0.4294 0.0211
vt 0.6681 0.8794
vn 0.0000 1.0000 0.0000
v -2.7652 0.4294 0.2390
vt 0.6681 0.8794
vn 0.0000 1.0000 0.0000
v -2.6562 0.4294 0.1799
vt 0.6875 0.8794
vn 0.0000 1.0000 0.0000
f 5408/5408/5408 5409/5409/5409 5410/5410/5410 5411/5411/5411
v -2.9307 0.3890 0.1878
vt 0.7733 0.8452
vn -0.2780 -0.9487 0.1508
v -2.9994 0.3890 0.0611
vt 0.7733 0.8452
vn -0.2780 -0.9487 0.1508
v -2.9365 0.3689 0.0500
vt 0.7772 0.8431
vn -0.2780 -0.9487 0.1508
v -2.8775 0.3689 0.1589
vt 0.7772 0.8431
vn -0.2780 -0.9487 0.1508
f 5412/5412/5412 5413/5413/5413 5414/5414/5414 5415/5415/5415
v -2.6122 0.3689 -0.1259
vt 0.7133 0.8729
vn 0.8791 -0.0000 -0.4767
v -2.5531 0.3689 -0.0170
vt 0.7133 0.8729
vn 0.8791 -0.0000 -0.4767
v -2.5531 0.1210 -0.0170
vt 0.7133 0.8342
vn 0.8791 -0.0000 -0.4767
v -2.6122 0.1210 -0.1259
vt 0.7133 0.8342
vn 0.8791 -0.0000 -0.4767
f 5416/5416/5416 5417/5417/5417 5418/5418/5418 5419/5419/5419
v -2.8321 0.3890 -0.1444
vt 0.7891 0.8452
vn -0.1508 -0.9487 -0.2780
v -2.7054 0.3890 -0.2131
vt 0.7984 0.8452
vn -0.1508 -0.9487 -0.2780
v -2.6943 0.3689 -0.1503
vt 0.7971 0.8431
vn -0.1508 -0.9487 -0.2780
v -2.8032 0.3689 -0.0912
vt 0.7891 0.8431
vn -0.1508 -0.9487 -0.2780
f 5420/5420/5420 5421/5421/5421 5422/5422/5422 5423/5423/5423
v -2.7840 0.4899 -0.0557
vt 0.7891 0.8868
vn 0.4523 0.3162 0.8339
v -2.9107 0.4899 0.0130
vt 0.7798 0.8868
vn 0.4523 0.3162 0.8339
v -2.8833 0.4294 0.0211
vt 0.7811 0.8806
vn 0.4523 0.3162 0.8339
v -2.7744 0.4294 -0.0380
vt 0.7891 0.8806
vn 0.4523 0.3162 0.8339
f 5424/5424/5424 5425/5425/5425 5426/5426/5426 5427/5427/5427
v -2.9994 0.3890 0.0611
vt 0.7733 0.8452
vn 0.1743 -0.0000 0.9847
v -2.9994 0.1008 0.0611
vt 0.7733 0.8155
vn 0.1743 -0.0000 0.9847
v -2.9365 0.1210 0.0500
vt 0.7772 0.8175
vn 0.1743 -0.0000 0.9847
v -2.9365 0.3689 0.0500
vt 0.7772 0.8431
vn 0.1743 -0.0000 0.9847
f 5428/5428/5428 5429/5429/5429 5430/5430/5430 5431/5431/5431
v -2.4999 0.3890 -0.0458
vt 0.8050 0.8452
vn 0.2780 -0.9487 -0.1508
v -2.4312 0.3890 0.0809
vt 0.8050 0.8452
vn 0.2780 -0.9487 -0.1508
v -2.4940 0.3689 0.0920
vt 0.8010 0.8431
vn 0.2780 -0.9487 -0.1508
v -2.5531 0.3689 -0.0170
vt 0.8010 0.8431
vn 0.2780 -0.9487 -0.1508
f 5432/5432/5432 5433/5433/5433 5434/5434/5434 5435/5435/5435
v -2.7054 0.3890 -0.2131
vt 0.7984 0.8452
vn -0.9847 0.0000 0.1743
v -2.7054 0.1008 -0.2131
vt 0.7984 0.8155
vn -0.9847 0.0000 0.1743
v -2.6943 0.1210 -0.1503
vt 0.7971 0.8175
vn -0.9847 0.0000 0.1743
v -2.6943 0.3689 -0.1503
vt 0.7971 0.8431
vn -0.9847 0.0000 0.1743
f 5436/5436/5436 5437/5437/5437 5438/5438/5438 5439/5439/5439
v -2.5985 0.3890 0.2863
vt 0.7891 0.8452
vn 0.1508 -0.9487 0.2780
v -2.7252 0.3890 0.3550
vt 0.7798 0.8452
vn 0.1508 -0.9487 0.2780
v -2.7363 0.3689 0.2922
vt 0.7811 0.8431
vn 0.1508 -0.9487 0.2780
v -2.6274 0.3689 0.2331
vt 0.7891 0.8431
vn 0.1508 -0.9487 0.2780
f 5440/5440/5440 5441/5441/5441 5442/5442/5442 5443/5443/5443
v -2.5199 0.4899 0.1290
vt 0.7984 0.8868
vn -0.8339 0.3162 0.4523
v -2.6573 0.4899 -0.1244
vt 0.7984 0.8868
vn -0.8339 0.3162 0.4523
v -2.6654 0.4294 -0.0971
vt 0.7971 0.8806
vn -0.8339 0.3162 0.4523
v -2.5473 0.4294 0.1208
vt 0.7971 0.8806
vn -0.8339 0.3162 0.4523
f 5444/5444/5444 5445/5445/5445 5446/5446/5446 5447/5447/5447
v -2.4312 0.3890 0.0809
vt 0.8050 0.8452
vn -0.1743 0.0000 -0.9847
v -2.4312 0.1008 0.0809
vt 0.8050 0.8155
vn -0.1743 0.0000 -0.9847
v -2.4940 0.1210 0.0920
vt 0.8010 0.8175
vn -0.1743 0.0000 -0.9847
v -2.4940 0.3689 0.0920
vt 0.8010 0.8431
vn -0.1743 0.0000 -0.9847
f 5448/5448/5448 5449/5449/5449 5450/5450/5450 5451/5451/5451
v -2.7252 0.3890 0.3550
vt 0.7798 0.8452
vn 0.9847 0.0000 -0.1743
v -2.7252 0.1008 0.3550
vt 0.7798 0.8155
vn 0.9847 0.0000 -0.1743
v -2.7363 0.1210 0.2922
vt 0.7811 0.8175
vn 0.9847 0.0000 -0.1743
v -2.7363 0.3689 0.2922
vt 0.7811 0.8431
vn 0.9847 0.0000 -0.1743
f 5452/5452/5452 5453/5453/5453 5454/5454/5454 5455/5455/5455
v -2.9107 0.4899 0.0130
vt 0.7798 0.8868
vn 0.8339 0.3162 -0.4523
v -2.7733 0.4899 0.2664
vt 0.7798 0.8868
vn 0.8339 0.3162 -0.4523
v -2.7652 0.4294 0.2390
vt 0.7811 0.8806
vn 0.8339 0.3162 -0.4523
v -2.8833 0.4294 0.0211
vt 0.7811 0.8806
vn 0.8339 0.3162 -0.4523
f 5456/5456/5456 5457/5457/5457 5458/5458/5458 5459/5459/5459
v -2.6654 0.4294 -0.0971
vt 0.7069 0.8508
vn 0.0000 1.0000 0.0000
v -2.7744 0.4294 -0.0380
vt 0.6875 0.8508
vn 0.0000 1.0000 0.0000
v -2.6562 0.4294 0.1799
vt 0.6875 0.8508
vn 0.0000 1.0000 0.0000
v -2.5473 0.4294 0.1208
vt 0.7069 0.8508
vn 0.0000 1.0000 0.0000
f 5460/5460/5460 5461/5461/5461 5462/5462/5462 5463/5463/5463
v -2.5184 0.3689 0.1740
vt 0.7069 0.8729
vn 0.4767 -0.0000 0.8791
v -2.6274 0.3689 0.2331
vt 0.6875 0.8729
vn 0.4767 -0.0000 0.8791
v -2.6274 0.1210 0.2331
vt 0.6875 0.8342
vn 0.4767 -0.0000 0.8791
v -2.5184 0.1210 0.1740
vt 0.7069 0.8342
vn 0.4767 -0.0000 0.8791
f 5464/5464/5464 5465/5465/5465 5466/5466/5466 5467/5467/5467
v -2.7252 0.1008 0.3550
vt 0.7798 0.8155
vn 0.1508 0.9487 0.2780
v -2.5985 0.1008 0.2863
vt 0.7891 0.8155
vn 0.1508 0.9487 0.2780
v -2.6274 0.1210 0.2331
vt 0.7891 0.8175
vn 0.1508 0.9487 0.2780
v -2.7363 0.1210 0.2922
vt 0.7811 0.8175
vn 0.1508 0.9487 0.2780
f 5468/5468/5468 5469/5469/5469 5470/5470/5470 5471/5471/5471
v -2.5184 0.1210 0.1740
vt 0.7971 0.8175
vn 0.1508 0.9487 0.2780
v -2.6274 0.1210 0.2331
vt 0.7891 0.8175
vn 0.1508 0.9487 0.2780
v -2.5985 0.1008 0.2863
vt 0.7891 0.8155
vn 0.1508 0.9487 0.2780
v -2.4718 0.1008 0.2176
vt 0.7984 0.8155
vn 0.1508 0.9487 0.2780
f 5472/5472/5472 5473/5473/5473 5474/5474/5474 5475/5475/5475
v -2.8184 0.3689 0.2679
vt 0.6617 0.8729
vn -0.8791 -0.0000 0.4767
v -2.8775 0.3689 0.1589
vt 0.6617 0.8729
vn -0.8791 -0.0000 0.4767
v -2.8775 0.1210 0.1589
vt 0.6617 0.8342
vn -0.8791 -0.0000 0.4767
v -2.8184 0.1210 0.2679
vt 0.6617 0.8342
vn -0.8791 -0.0000 0.4767
f 5476/5476/5476 5477/5477/5477 5478/5478/5478 5479/5479/5479
v -2.8321 0.3890 -0.1444
vt 0.7891 0.8452
vn -0.1508 -0.9487 -0.2780
v -2.8032 0.3689 -0.0912
vt 0.7891 0.8431
vn -0.1508 -0.9487 -0.2780
v -2.9122 0.3689 -0.0321
vt 0.7811 0.8431
vn -0.1508 -0.9487 -0.2780
v -2.9588 0.3890 -0.0757
vt 0.7798 0.8452
vn -0.1508 -0.9487 -0.2780
f 5480/5480/5480 5481/5481/5481 5482/5482/5482 5483/5483/5483
v -2.9994 0.1008 0.0611
vt 0.7733 0.8155
vn -0.2780 0.9487 0.1508
v -2.9307 0.1008 0.1878
vt 0.7733 0.8155
vn -0.2780 0.9487 0.1508
v -2.8775 0.1210 0.1589
vt 0.7772 0.8175
vn -0.2780 0.9487 0.1508
v -2.9365 0.1210 0.0500
vt 0.7772 0.8175
vn -0.2780 0.9487 0.1508
f 5484/5484/5484 5485/5485/5485 5486/5486/5486 5487/5487/5487
v -2.9122 0.3689 -0.0321
vt 0.6681 0.8443
vn -0.4767 0.0000 -0.8791
v -2.8032 0.3689 -0.0912
vt 0.6875 0.8443
vn -0.4767 0.0000 -0.8791
v -2.8032 0.1210 -0.0912
vt 0.6875 0.8056
vn -0.4767 0.0000 -0.8791
v -2.9122 0.1210 -0.0321
vt 0.6681 0.8056
vn -0.4767 0.0000 -0.8791
f 5488/5488/5488 5489/5489/5489 5490/5490/5490 5491/5491/5491
v -2.4999 0.3890 -0.0458
vt 0.8050 0.8452
vn 0.2780 -0.9487 -0.1508
v -2.5531 0.3689 -0.0170
vt 0.8010 0.8431
vn 0.2780 -0.9487 -0.1508
v -2.6122 0.3689 -0.1259
vt 0.8010 0.8431
vn 0.2780 -0.9487 -0.1508
v -2.5686 0.3890 -0.1725
vt 0.8050 0.8452
vn 0.2780 -0.9487 -0.1508
f 5492/5492/5492 5493/5493/5493 5494/5494/5494 5495/5495/5495
v -2.7054 0.1008 -0.2131
vt 0.7984 0.8155
vn -0.1508 0.9487 -0.2780
v -2.8321 0.1008 -0.1444
vt 0.7891 0.8155
vn -0.1508 0.9487 -0.2780
v -2.8032 0.1210 -0.0912
vt 0.7891 0.8175
vn -0.1508 0.9487 -0.2780
v -2.6943 0.1210 -0.1503
vt 0.7971 0.8175
vn -0.1508 0.9487 -0.2780
f 5496/5496/5496 5497/5497/5497 5498/5498/5498 5499/5499/5499
v -2.6122 0.1210 -0.1259
vt 0.8010 0.8175
vn 0.2780 0.9487 -0.1508
v -2.5531 0.1210 -0.0170
vt 0.8010 0.8175
vn 0.2780 0.9487 -0.1508
v -2.4999 0.1008 -0.0458
vt 0.8050 0.8155
vn 0.2780 0.9487 -0.1508
v -2.5686 0.1008 -0.1725
vt 0.8050 0.8155
vn 0.2780 0.9487 -0.1508
f 5500/5500/5500 5501/5501/5501 5502/5502/5502 5503/5503/5503
v -2.4312 0.1008 0.0809
vt 0.8050 0.8155
vn 0.2780 0.9487 -0.1508
v -2.4999 0.1008 -0.0458
vt 0.8050 0.8155
vn 0.2780 0.9487 -0.1508
v -2.5531 0.1210 -0.0170
vt 0.8010 0.8175
vn 0.2780 0.9487 -0.1508
v -2.4940 0.1210 0.0920
vt 0.8010 0.8175
vn 0.2780 0.9487 -0.1508
f 5504/5504/5504 5505/5505/5505 5506/5506/5506 5507/5507/5507
v -2.9122 0.1210 -0.0321
vt 0.7811 0.8175
vn -0.1508 0.9487 -0.2780
v -2.8032 0.1210 -0.0912
vt 0.7891 0.8175
vn -0.1508 0.9487 -0.2780
v -2.8321 0.1008 -0.1444
vt 0.7891 0.8155
vn -0.1508 0.9487 -0.2780
v -2.9588 0.1008 -0.0757
vt 0.7798 0.8155
vn -0.1508 0.9487 -0.2780
f 5508/5508/5508 5509/5509/5509 5510/5510/5510 5511/5511/5511
v -2.7733 0.4899 0.2664
vt 0.7798 0.8868
vn -0.4523 0.3162 -0.8339
v -2.6466 0.4899 0.1977
vt 0.7891 0.8868
vn -0.4523 0.3162 -0.8339
v -2.6562 0.4294 0.1799
vt 0.7891 0.8806
vn -0.4523 0.3162 -0.8339
v -2.7652 0.4294 0.2390
vt 0.7811 0.8806
vn -0.4523 0.3162 -0.8339
f 5512/5512/5512 5513/5513/5513 5514/5514/5514 5515/5515/5515
v -2.5473 0.4294 0.1208
vt 0.7971 0.8806
vn -0.4523 0.3162 -0.8339
v -2.6562 0.4294 0.1799
vt 0.7891 0.8806
vn -0.4523 0.3162 -0.8339
v -2.6466 0.4899 0.1977
vt 0.7891 0.8868
vn -0.4523 0.3162 -0.8339
v -2.5199 0.4899 0.1290
vt 0.7984 0.8868
vn -0.4523 0.3162 -0.8339
f 5516/5516/5516 5517/5517/5517 5518/5518/5518 5519/5519/5519
v -2.8139 -0.0001 0.4031
vt 0.7733 0.8363
vn 0.4767 -0.0000 0.8791
v -2.3831 -0.0001 0.1695
vt 0.8050 0.8363
vn 0.4767 -0.0000 0.8791
v -2.5985 0.1008 0.2863
vt 0.7891 0.8467
vn 0.4767 -0.0000 0.8791
f 5520/5520/5520 5521/5521/5521 5522/5522/5522
v -3.0475 0.4899 -0.0276
vt 0.7733 0.8868
vn -0.4767 0.0000 -0.8791
v -2.8321 0.3890 -0.1444
vt 0.7891 0.8764
vn -0.4767 0.0000 -0.8791
v -2.9588 0.3890 -0.0757
vt 0.7798 0.8764
vn -0.4767 0.0000 -0.8791
f 5523/5523/5523 5524/5524/5524 5525/5525/5525
v -2.6167 0.4899 -0.2612
vt 0.8050 0.8868
vn -0.4767 0.0000 -0.8791
v -2.7054 0.3890 -0.2131
vt 0.7984 0.8764
vn -0.4767 0.0000 -0.8791
v -2.8321 0.3890 -0.1444
vt 0.7891 0.8764
vn -0.4767 0.0000 -0.8791
f 5526/5526/5526 5527/5527/5527 5528/5528/5528
v -2.4718 0.3890 0.2176
vt 0.7984 0.8764
vn 0.4767 -0.0000 0.8791
v -2.3831 0.4899 0.1695
vt 0.8050 0.8868
vn 0.4767 -0.0000 0.8791
v -2.5985 0.3890 0.2863
vt 0.7891 0.8764
vn 0.4767 -0.0000 0.8791
f 5529/5529/5529 5530/5530/5530 5531/5531/5531
v -2.8620 0.3890 0.3145
vt 0.7733 0.8764
vn -0.8790 -0.0000 0.4767
v -2.8139 0.4899 0.4031
vt 0.7733 0.8868
vn -0.8791 -0.0000 0.4767
v -2.9307 0.3890 0.1878
vt 0.7733 0.8764
vn -0.8791 -0.0000 0.4767
f 5532/5532/5532 5533/5533/5533 5534/5534/5534
v -2.6167 0.4899 -0.2612
vt 0.8050 0.8868
vn 0.8791 -0.0000 -0.4767
v -2.3831 0.4899 0.1695
vt 0.8050 0.8868
vn 0.8791 -0.0000 -0.4767
v -2.4999 0.3890 -0.0458
vt 0.8050 0.8764
vn 0.8791 -0.0000 -0.4767
f 5535/5535/5535 5536/5536/5536 5537/5537/5537
v -2.6573 0.4899 -0.1244
vt 0.7984 0.9337
vn 0.0000 1.0000 0.0000
v -2.5199 0.4899 0.1290
vt 0.7984 0.9337
vn 0.0000 1.0000 0.0000
v -2.3831 0.4899 0.1695
vt 0.8050 0.9337
vn 0.0000 1.0000 0.0000
v -2.6167 0.4899 -0.2612
vt 0.8050 0.9337
vn 0.0000 1.0000 0.0000
f 5538/5538/5538 5539/5539/5539 5540/5540/5540 5541/5541/5541
v -2.7733 0.4899 0.2664
vt 0.7798 0.9337
vn 0.0000 1.0000 0.0000
v -2.9107 0.4899 0.0130
vt 0.7798 0.9337
vn 0.0000 1.0000 0.0000
v -3.0475 0.4899 -0.0276
vt 0.7733 0.9337
vn 0.0000 1.0000 0.0000
v -2.8139 0.4899 0.4031
vt 0.7733 0.9337
vn 0.0000 1.0000 0.0000
f 5542/5542/5542 5543/5543/5543 5544/5544/5544 5545/5545/5545
v -2.4312 0.1008 0.0809
vt 0.8050 0.8467
vn 0.8791 -0.0000 -0.4767
v -2.3831 -0.0001 0.1695
vt 0.8050 0.8363
vn 0.8791 -0.0000 -0.4767
v -2.4999 0.1008 -0.0458
vt 0.8050 0.8467
vn 0.8791 -0.0000 -0.4767
f 5546/5546/5546 5547/5547/5547 5548/5548/5548
v -2.3831 -0.0001 0.1695
vt 0.8050 0.8363
vn 0.8791 -0.0000 -0.4767
v -2.6167 -0.0001 -0.2612
vt 0.8050 0.8363
vn 0.8791 -0.0000 -0.4767
v -2.4999 0.1008 -0.0458
vt 0.8050 0.8467
vn 0.8791 -0.0000 -0.4767
f 5549/5549/5549 5550/5550/5550 5551/5551/5551
v -2.7252 0.1008 0.3550
vt 0.7798 0.8467
vn 0.4767 -0.0000 0.8791
v -2.8139 -0.0001 0.4031
vt 0.7733 0.8363
vn 0.4767 -0.0000 0.8791
v -2.5985 0.1008 0.2863
vt 0.7891 0.8467
vn 0.4767 -0.0000 0.8791
f 5552/5552/5552 5553/5553/5553 5554/5554/5554
v -2.3831 -0.0001 0.1695
vt 0.8050 0.8363
vn 0.0000 -1.0000 -0.0000
v -2.8139 -0.0001 0.4031
vt 0.7733 0.8363
vn 0.0000 -1.0000 -0.0000
v -3.0475 -0.0001 -0.0276
vt 0.7733 0.8363
vn 0.0000 -1.0000 -0.0000
v -2.6167 -0.0001 -0.2612
vt 0.8050 0.8363
vn 0.0000 -1.0000 -0.0000
f 5555/5555/5555 5556/5556/5556 5557/5557/5557 5558/5558/5558
v -3.0475 -0.0001 -0.0276
vt 0.7733 0.8363
vn -0.8791 -0.0000 0.4767
v -2.8139 -0.0001 0.4031
vt 0.7733 0.8363
vn -0.8791 -0.0000 0.4767
v -2.9307 0.1008 0.1878
vt 0.7733 0.8467
vn -0.8791 -0.0000 0.4767
f 5559/5559/5559 5560/5560/5560 5561/5561/5561
v -2.9994 0.1008 0.0611
vt 0.7733 0.8467
vn -0.8791 -0.0000 0.4767
v -3.0475 -0.0001 -0.0276
vt 0.7733 0.8363
vn -0.8791 -0.0000 0.4767
v -2.9307 0.1008 0.1878
vt 0.7733 0.8467
vn -0.8791 -0.0000 0.4767
f 5562/5562/5562 5563/5563/5563 5564/5564/5564
v -3.0475 0.4899 -0.0276
vt 0.7733 0.8868
vn -0.8791 -0.0000 0.4767
v -2.9307 0.3890 0.1878
vt 0.7733 0.8764
vn -0.8791 -0.0000 0.4767
v -2.8139 0.4899 0.4031
vt 0.7733 0.8868
vn -0.8791 -0.0000 0.4767
f 5565/5565/5565 5566/5566/5566 5567/5567/5567
v -3.0475 0.4899 -0.0276
vt 0.7733 0.9337
vn 0.0000 1.0000 0.0000
v -2.9107 0.4899 0.0130
vt 0.7798 0.9337
vn 0.0000 1.0000 0.0000
v -2.7840 0.4899 -0.0557
vt 0.7891 0.9337
vn 0.0000 1.0000 0.0000
f 5568/5568/5568 5569/5569/5569 5570/5570/5570
v -2.6167 0.4899 -0.2612
vt 0.8050 0.9337
vn 0.0000 1.0000 0.0000
v -3.0475 0.4899 -0.0276
vt 0.7733 0.9337
vn 0.0000 1.0000 0.0000
v -2.7840 0.4899 -0.0557
vt 0.7891 0.9337
vn 0.0000 1.0000 0.0000
f 5571/5571/5571 5572/5572/5572 5573/5573/5573
v -2.6573 0.4899 -0.1244
vt 0.7984 0.9337
vn 0.0000 1.0000 0.0000
v -2.6167 0.4899 -0.2612
vt 0.8050 0.9337
vn 0.0000 1.0000 0.0000
v -2.7840 0.4899 -0.0557
vt 0.7891 0.9337
vn 0.0000 1.0000 0.0000
f 5574/5574/5574 5575/5575/5575 5576/5576/5576
v -2.7733 0.4899 0.2664
vt 0.7798 0.9337
vn 0.0000 1.0000 0.0000
v -2.8139 0.4899 0.4031
vt 0.7733 0.9337
vn 0.0000 1.0000 0.0000
v -2.6466 0.4899 0.1977
vt 0.7891 0.9337
vn 0.0000 1.0000 0.0000
f 5577/5577/5577 5578/5578/5578 5579/5579/5579
v -2.5686 0.3890 -0.1725
vt 0.8050 0.8764
vn 0.8791 -0.0000 -0.4767
v -2.6167 0.4899 -0.2612
vt 0.8050 0.8868
vn 0.8791 -0.0000 -0.4767
v -2.4999 0.3890 -0.0458
vt 0.8050 0.8764
vn 0.8791 -0.0000 -0.4767
f 5580/5580/5580 5581/5581/5581 5582/5582/5582
v -2.8139 0.4899 0.4031
vt 0.7733 0.9337
vn 0.0000 1.0000 0.0000
v -2.3831 0.4899 0.1695
vt 0.8050 0.9337
vn 0.0000 1.0000 0.0000
v -2.6466 0.4899 0.1977
vt 0.7891 0.9337
vn 0.0000 1.0000 0.0000
f 5583/5583/5583 5584/5584/5584 5585/5585/5585
v -2.8139 0.4899 0.4031
vt 0.7733 0.8868
vn 0.4767 -0.0000 0.8791
v -2.5985 0.3890 0.2863
vt 0.7891 0.8764
vn 0.4767 -0.0000 0.8791
v -2.3831 0.4899 0.1695
vt 0.8050 0.8868
vn 0.4767 -0.0000 0.8791
f 5586/5586/5586 5587/5587/5587 5588/5588/5588
v -2.7054 0.1008 -0.2131
vt 0.7984 0.8467
vn -0.4767 0.0000 -0.8791
v -2.6167 -0.0001 -0.2612
vt 0.8050 0.8363
vn -0.4767 0.0000 -0.8791
v -2.8321 0.1008 -0.1444
vt 0.7891 0.8467
vn -0.4767 0.0000 -0.8791
f 5589/5589/5589 5590/5590/5590 5591/5591/5591
v -2.6167 -0.0001 -0.2612
vt 0.8050 0.8363
vn -0.4767 0.0000 -0.8791
v -3.0475 -0.0001 -0.0276
vt 0.7733 0.8363
vn -0.4767 0.0000 -0.8791
v -2.8321 0.1008 -0.1444
vt 0.7891 0.8467
vn -0.4767 0.0000 -0.8791
f 5592/5592/5592 5593/5593/5593 5594/5594/5594
v -2.5985 0.3890 0.2863
vt 0.7891 0.8452
vn 0.1508 -0.9487 0.2780
v -2.6274 0.3689 0.2331
vt 0.7891 0.8431
vn 0.1508 -0.9487 0.2780
v -2.5184 0.3689 0.1740
vt 0.7971 0.8431
vn 0.1508 -0.9487 0.2780
v -2.4718 0.3890 0.2176
vt 0.7984 0.8452
vn 0.1508 -0.9487 0.2780
f 5595/5595/5595 5596/5596/5596 5597/5597/5597 5598/5598/5598
v -2.8184 0.1210 0.2679
vt 0.7772 0.8175
vn -0.2780 0.9487 0.1508
v -2.8775 0.1210 0.1589
vt 0.7772 0.8175
vn -0.2780 0.9487 0.1508
v -2.9307 0.1008 0.1878
vt 0.7733 0.8155
vn -0.2780 0.9487 0.1508
v -2.8620 0.1008 0.3145
vt 0.7733 0.8155
vn -0.2780 0.9487 0.1508
f 5599/5599/5599 5600/5600/5600 5601/5601/5601 5602/5602/5602
