# The Giants of Holst prop, from CC0 kits by KayKit (Kay Lousberg) and Kenney
v 0.2700 0.0000 -0.8550
vt 0.5795 0.7863
vn 0.0000 -1.0000 0.0000
v 0.3937 0.0000 -0.8550
vt 0.5917 0.7863
vn 0.0000 -1.0000 0.0000
v 0.4050 0.0000 -0.8438
vt 0.5929 0.7863
vn 0.0000 -1.0000 0.0000
v 0.4050 0.0000 -0.7200
vt 0.5929 0.7863
vn 0.0000 -1.0000 0.0000
f 1/1/1 2/2/2 3/3/3 4/4/4
v 0.2700 0.0000 -0.7200
vt 0.5795 0.8140
vn -0.9913 -0.1291 -0.0237
v 0.2250 0.3134 -0.6801
vt 0.5751 0.8909
vn -0.9913 -0.1291 -0.0237
v 0.2250 0.3614 -0.8063
vt 0.5751 0.8909
vn -0.9913 -0.1291 -0.0237
v 0.2700 0.0000 -0.8550
vt 0.5795 0.8140
vn -0.9913 -0.1291 -0.0237
f 5/5/5 6/6/6 7/7/7 8/8/8
v 0.4050 0.0000 -0.8438
vt 0.5929 0.8140
vn 0.9912 0.1299 0.0238
v 0.3600 0.3574 -0.7958
vt 0.5884 0.8909
vn 0.9912 0.1299 0.0238
v 0.3600 0.3134 -0.6801
vt 0.5884 0.8909
vn 0.9912 0.1299 0.0238
v 0.4050 0.0000 -0.7200
vt 0.5929 0.8140
vn 0.9912 0.1299 0.0238
f 9/9/9 10/10/10 11/11/11 12/12/12
v 0.4050 0.0000 -0.7200
vt 0.5929 0.8140
vn 0.0000 -0.1262 0.9920
v 0.3600 0.3134 -0.6801
vt 0.5884 0.8909
vn 0.0000 -0.1262 0.9920
v 0.2250 0.3134 -0.6801
vt 0.5751 0.8909
vn 0.0000 -0.1262 0.9920
v 0.2700 0.0000 -0.7200
vt 0.5795 0.8140
vn 0.0000 -0.1262 0.9920
f 13/13/13 14/14/14 15/15/15 16/16/16
v 0.2700 0.0000 -0.8550
vt 0.5795 0.8140
vn 0.0000 0.1335 -0.9911
v 0.2250 0.3614 -0.8063
vt 0.5751 0.8909
vn 0.0000 0.1335 -0.9911
v 0.3488 0.3614 -0.8063
vt 0.5873 0.8909
vn 0.0000 0.1335 -0.9911
v 0.3937 0.0000 -0.8550
vt 0.5917 0.8140
vn 0.0000 0.1335 -0.9911
f 17/17/17 18/18/18 19/19/19 20/20/20
v -0.4050 0.0000 -0.7200
vt 0.5128 0.7863
vn 0.0000 -1.0000 0.0000
v -0.2700 0.0000 -0.8550
vt 0.5261 0.7863
vn 0.0000 -1.0000 0.0000
v -0.2700 0.0000 -0.7200
vt 0.5261 0.7863
vn 0.0000 -1.0000 0.0000
f 21/21/21 22/22/22 23/23/23
v -0.3937 0.0000 -0.8550
vt 0.5139 0.8140
vn 0.0000 0.1240 -0.9923
v -0.3488 0.3600 -0.8100
vt 0.5183 0.8909
vn 0.0000 0.1240 -0.9923
v -0.2250 0.3600 -0.8100
vt 0.5306 0.8909
vn 0.0000 0.1240 -0.9923
v -0.2700 0.0000 -0.8550
vt 0.5261 0.8140
vn 0.0000 0.1240 -0.9923
f 24/24/24 25/25/25 26/26/26 27/27/27
v -0.2700 0.0000 -0.8550
vt 0.5261 0.8140
vn 0.9923 -0.1240 0.0000
v -0.2250 0.3600 -0.8100
vt 0.5306 0.8909
vn 0.9923 -0.1240 0.0000
v -0.2250 0.3600 -0.6750
vt 0.5306 0.8909
vn 0.9923 -0.1240 0.0000
v -0.2700 0.0000 -0.7200
vt 0.5261 0.8140
vn 0.9923 -0.1240 0.0000
f 28/28/28 29/29/29 30/30/30 31/31/31
v -0.2700 0.0000 -0.7200
vt 0.5261 0.8140
vn 0.0000 -0.1240 0.9923
v -0.2250 0.3600 -0.6750
vt 0.5306 0.8909
vn 0.0000 -0.1240 0.9923
v -0.3600 0.3600 -0.6750
vt 0.5172 0.8909
vn 0.0000 -0.1240 0.9923
v -0.4050 0.0000 -0.7200
vt 0.5128 0.8140
vn 0.0000 -0.1240 0.9923
f 32/32/32 33/33/33 34/34/34 35/35/35
v -0.4050 0.0000 -0.7200
vt 0.5128 0.8140
vn -0.9923 0.1240 0.0000
v -0.3600 0.3600 -0.6750
vt 0.5172 0.8909
vn -0.9923 0.1240 0.0000
v -0.3600 0.3600 -0.7987
vt 0.5172 0.8909
vn -0.9923 0.1240 0.0000
v -0.4050 0.0000 -0.8438
vt 0.5128 0.8140
vn -0.9923 0.1240 0.0000
f 36/36/36 37/37/37 38/38/38 39/39/39
v 0.3600 0.3574 -0.7958
vt 0.5884 0.9324
vn 0.7002 0.1805 -0.6907
v 0.4050 0.0000 -0.8438
vt 0.5929 0.8555
vn 0.7002 0.1805 -0.6907
v 0.3937 0.0000 -0.8550
vt 0.5917 0.8555
vn 0.7002 0.1805 -0.6907
v 0.3488 0.3614 -0.8063
vt 0.5873 0.9324
vn 0.7002 0.1805 -0.6907
f 40/40/40 41/41/41 42/42/42 43/43/43
v -0.3488 0.3600 -0.8100
vt 0.5183 0.9324
vn -0.6963 0.1741 -0.6963
v -0.3937 0.0000 -0.8550
vt 0.5139 0.8555
vn -0.6963 0.1741 -0.6963
v -0.4050 0.0000 -0.8438
vt 0.5128 0.8555
vn -0.6963 0.1741 -0.6963
v -0.3600 0.3600 -0.7987
vt 0.5172 0.9324
vn -0.6963 0.1741 -0.6963
f 44/44/44 45/45/45 46/46/46 47/47/47
v 0.2700 0.0000 -0.7200
vt 0.5795 0.7863
vn 0.0000 -1.0000 0.0000
v 0.2700 0.0000 -0.8550
vt 0.5795 0.7863
vn 0.0000 -1.0000 0.0000
v 0.4050 0.0000 -0.7200
vt 0.5929 0.7863
vn 0.0000 -1.0000 0.0000
f 48/48/48 49/49/49 50/50/50
v -0.4050 0.0000 -0.8438
vt 0.5128 0.7863
vn 0.0000 -1.0000 0.0000
v -0.3937 0.0000 -0.8550
vt 0.5139 0.7863
vn 0.0000 -1.0000 0.0000
v -0.2700 0.0000 -0.8550
vt 0.5261 0.7863
vn 0.0000 -1.0000 0.0000
v -0.4050 0.0000 -0.7200
vt 0.5128 0.7863
vn 0.0000 -1.0000 0.0000
f 51/51/51 52/52/52 53/53/53 54/54/54
v 0.2700 0.0000 0.8550
vt 0.5795 0.8140
vn -0.9923 -0.1240 0.0000
v 0.2250 0.3600 0.8100
vt 0.5751 0.8909
vn -0.9923 -0.1240 0.0000
v 0.2250 0.3600 0.6750
vt 0.5751 0.8909
vn -0.9923 -0.1240 0.0000
v 0.2700 0.0000 0.7200
vt 0.5795 0.8140
vn -0.9923 -0.1240 0.0000
f 55/55/55 56/56/56 57/57/57 58/58/58
v 0.2700 0.0000 0.7200
vt 0.5795 0.8140
vn 0.0000 -0.1240 -0.9923
v 0.2250 0.3600 0.6750
vt 0.5751 0.8909
vn 0.0000 -0.1240 -0.9923
v 0.3600 0.3600 0.6750
vt 0.5884 0.8909
vn 0.0000 -0.1240 -0.9923
v 0.4050 0.0000 0.7200
vt 0.5929 0.8140
vn 0.0000 -0.1240 -0.9923
f 59/59/59 60/60/60 61/61/61 62/62/62
v 0.3937 0.0000 0.8550
vt 0.5917 0.8140
vn 0.0000 0.1240 0.9923
v 0.3488 0.3600 0.8100
vt 0.5873 0.8909
vn 0.0000 0.1240 0.9923
v 0.2250 0.3600 0.8100
vt 0.5751 0.8909
vn 0.0000 0.1240 0.9923
v 0.2700 0.0000 0.8550
vt 0.5795 0.8140
vn 0.0000 0.1240 0.9923
f 63/63/63 64/64/64 65/65/65 66/66/66
v 0.4050 0.0000 0.7200
vt 0.5929 0.8140
vn 0.9923 0.1240 0.0000
v 0.3600 0.3600 0.6750
vt 0.5884 0.8909
vn 0.9923 0.1240 0.0000
v 0.3600 0.3600 0.7987
vt 0.5884 0.8909
vn 0.9923 0.1240 0.0000
v 0.4050 0.0000 0.8438
vt 0.5929 0.8140
vn 0.9923 0.1240 0.0000
f 67/67/67 68/68/68 69/69/69 70/70/70
v -0.4050 0.0000 0.7200
vt 0.5128 0.7863
vn 0.0000 -1.0000 0.0000
v -0.2700 0.0000 0.7200
vt 0.5261 0.7863
vn 0.0000 -1.0000 0.0000
v -0.2700 0.0000 0.8550
vt 0.5261 0.7863
vn 0.0000 -1.0000 0.0000
f 71/71/71 72/72/72 73/73/73
v -0.2700 0.0000 0.8550
vt 0.5261 0.8140
vn 0.0000 0.1240 0.9923
v -0.2250 0.3600 0.8100
vt 0.5306 0.8909
vn 0.0000 0.1240 0.9923
v -0.3488 0.3600 0.8100
vt 0.5183 0.8909
vn 0.0000 0.1240 0.9923
v -0.3937 0.0000 0.8550
vt 0.5139 0.8140
vn 0.0000 0.1240 0.9923
f 74/74/74 75/75/75 76/76/76 77/77/77
v -0.4050 0.0000 0.7200
vt 0.5128 0.8140
vn 0.0000 -0.1240 -0.9923
v -0.3600 0.3600 0.6750
vt 0.5172 0.8909
vn 0.0000 -0.1240 -0.9923
v -0.2250 0.3600 0.6750
vt 0.5306 0.8909
vn 0.0000 -0.1240 -0.9923
v -0.2700 0.0000 0.7200
vt 0.5261 0.8140
vn 0.0000 -0.1240 -0.9923
f 78/78/78 79/79/79 80/80/80 81/81/81
v -0.2700 0.0000 0.7200
vt 0.5261 0.8140
vn 0.9923 -0.1240 0.0000
v -0.2250 0.3600 0.6750
vt 0.5306 0.8909
vn 0.9923 -0.1240 0.0000
v -0.2250 0.3600 0.8100
vt 0.5306 0.8909
vn 0.9923 -0.1240 0.0000
v -0.2700 0.0000 0.8550
vt 0.5261 0.8140
vn 0.9923 -0.1240 0.0000
f 82/82/82 83/83/83 84/84/84 85/85/85
v -0.4050 0.0000 0.8438
vt 0.5128 0.8140
vn -0.9923 0.1240 0.0000
v -0.3600 0.3600 0.7987
vt 0.5172 0.8909
vn -0.9923 0.1240 0.0000
v -0.3600 0.3600 0.6750
vt 0.5172 0.8909
vn -0.9923 0.1240 0.0000
v -0.4050 0.0000 0.7200
vt 0.5128 0.8140
vn -0.9923 0.1240 0.0000
f 86/86/86 87/87/87 88/88/88 89/89/89
v 0.4050 0.0000 0.7200
vt 0.5929 0.7863
vn 0.0000 -1.0000 0.0000
v 0.4050 0.0000 0.8438
vt 0.5929 0.7863
vn 0.0000 -1.0000 0.0000
v 0.3937 0.0000 0.8550
vt 0.5917 0.7863
vn 0.0000 -1.0000 0.0000
v 0.2700 0.0000 0.8550
vt 0.5795 0.7863
vn 0.0000 -1.0000 0.0000
f 90/90/90 91/91/91 92/92/92 93/93/93
v 0.3488 0.3600 0.8100
vt 0.5873 0.9324
vn 0.6963 0.1741 0.6963
v 0.3937 0.0000 0.8550
vt 0.5917 0.8555
vn 0.6963 0.1741 0.6963
v 0.4050 0.0000 0.8438
vt 0.5929 0.8555
vn 0.6963 0.1741 0.6963
v 0.3600 0.3600 0.7987
vt 0.5884 0.9324
vn 0.6963 0.1741 0.6963
f 94/94/94 95/95/95 96/96/96 97/97/97
v -0.3937 0.0000 0.8550
vt 0.5139 0.8555
vn -0.6963 0.1741 0.6963
v -0.3488 0.3600 0.8100
vt 0.5183 0.9324
vn -0.6963 0.1741 0.6963
v -0.3600 0.3600 0.7987
vt 0.5172 0.9324
vn -0.6963 0.1741 0.6963
v -0.4050 0.0000 0.8438
vt 0.5128 0.8555
vn -0.6963 0.1741 0.6963
f 98/98/98 99/99/99 100/100/100 101/101/101
v 0.2700 0.0000 0.7200
vt 0.5795 0.7863
vn 0.0000 -1.0000 0.0000
v 0.4050 0.0000 0.7200
vt 0.5929 0.7863
vn 0.0000 -1.0000 0.0000
v 0.2700 0.0000 0.8550
vt 0.5795 0.7863
vn 0.0000 -1.0000 0.0000
f 102/102/102 103/103/103 104/104/104
v -0.4050 0.0000 0.8438
vt 0.5128 0.7863
vn 0.0000 -1.0000 0.0000
v -0.4050 0.0000 0.7200
vt 0.5128 0.7863
vn 0.0000 -1.0000 0.0000
v -0.2700 0.0000 0.8550
vt 0.5261 0.7863
vn 0.0000 -1.0000 0.0000
v -0.3937 0.0000 0.8550
vt 0.5139 0.7863
vn 0.0000 -1.0000 0.0000
f 105/105/105 106/106/106 107/107/107 108/108/108
v -0.3150 0.0900 0.7200
vt 0.5217 0.8332
vn 0.0000 0.0000 -1.0000
v -0.3150 0.1800 0.7200
vt 0.5217 0.8524
vn 0.0000 0.0000 -1.0000
v 0.3150 0.1800 0.7200
vt 0.5840 0.8524
vn 0.0000 0.0000 -1.0000
v 0.3150 0.0900 0.7200
vt 0.5840 0.8332
vn 0.0000 0.0000 -1.0000
f 109/109/109 110/110/110 111/111/111 112/112/112
v 0.3150 0.1800 0.7200
vt 0.5840 0.8801
vn 0.0000 1.0000 0.0000
v -0.3150 0.1800 0.7200
vt 0.5217 0.8801
vn 0.0000 1.0000 0.0000
v -0.3150 0.1800 0.7987
vt 0.5217 0.8801
vn 0.0000 1.0000 0.0000
v 0.3150 0.1800 0.7987
vt 0.5840 0.8801
vn 0.0000 1.0000 0.0000
f 113/113/113 114/114/114 115/115/115 116/116/116
v -0.3150 0.0900 0.7200
vt 0.5217 0.8055
vn 0.0000 -1.0000 0.0000
v 0.3150 0.0900 0.7200
vt 0.5840 0.8055
vn 0.0000 -1.0000 0.0000
v 0.3150 0.0900 0.8100
vt 0.5840 0.8055
vn 0.0000 -1.0000 0.0000
v -0.3150 0.0900 0.8100
vt 0.5217 0.8055
vn 0.0000 -1.0000 0.0000
f 117/117/117 118/118/118 119/119/119 120/120/120
v 0.3150 0.1800 -0.7987
vt 0.5840 0.8801
vn 0.0000 1.0000 0.0000
v -0.3150 0.1800 -0.7987
vt 0.5217 0.8801
vn 0.0000 1.0000 0.0000
v -0.3150 0.1800 -0.7200
vt 0.5217 0.8801
vn 0.0000 1.0000 0.0000
v 0.3150 0.1800 -0.7200
vt 0.5840 0.8801
vn 0.0000 1.0000 0.0000
f 121/121/121 122/122/122 123/123/123 124/124/124
v 0.3150 0.0900 -0.7200
vt 0.5840 0.8332
vn 0.0000 0.0000 1.0000
v 0.3150 0.1800 -0.7200
vt 0.5840 0.8524
vn 0.0000 0.0000 1.0000
v -0.3150 0.1800 -0.7200
vt 0.5217 0.8524
vn 0.0000 0.0000 1.0000
v -0.3150 0.0900 -0.7200
vt 0.5217 0.8332
vn 0.0000 0.0000 1.0000
f 125/125/125 126/126/126 127/127/127 128/128/128
v -0.3150 0.0900 -0.8100
vt 0.5217 0.8055
vn 0.0000 -1.0000 0.0000
v 0.3150 0.0900 -0.8100
vt 0.5840 0.8055
vn 0.0000 -1.0000 0.0000
v 0.3150 0.0900 -0.7200
vt 0.5840 0.8055
vn 0.0000 -1.0000 0.0000
v -0.3150 0.0900 -0.7200
vt 0.5217 0.8055
vn 0.0000 -1.0000 0.0000
f 129/129/129 130/130/130 131/131/131 132/132/132
v -0.3150 0.0900 -0.8100
vt 0.5217 0.8332
vn 0.0000 0.0000 -1.0000
v -0.3150 0.1688 -0.8100
vt 0.5217 0.8500
vn 0.0000 0.0000 -1.0000
v 0.3150 0.1688 -0.8100
vt 0.5840 0.8500
vn 0.0000 0.0000 -1.0000
v 0.3150 0.0900 -0.8100
vt 0.5840 0.8332
vn 0.0000 0.0000 -1.0000
f 133/133/133 134/134/134 135/135/135 136/136/136
v 0.3150 0.1800 0.7987
vt 0.5840 0.8940
vn 0.0000 0.7071 0.7071
v -0.3150 0.1800 0.7987
vt 0.5217 0.8940
vn 0.0000 0.7071 0.7071
v -0.3150 0.1688 0.8100
vt 0.5217 0.8916
vn 0.0000 0.7071 0.7071
v 0.3150 0.1688 0.8100
vt 0.5840 0.8916
vn 0.0000 0.7071 0.7071
f 137/137/137 138/138/138 139/139/139 140/140/140
v -0.3150 0.1800 -0.7987
vt 0.5217 0.8940
vn 0.0000 0.7071 -0.7071
v 0.3150 0.1800 -0.7987
vt 0.5840 0.8940
vn 0.0000 0.7071 -0.7071
v 0.3150 0.1688 -0.8100
vt 0.5840 0.8916
vn 0.0000 0.7071 -0.7071
v -0.3150 0.1688 -0.8100
vt 0.5217 0.8916
vn 0.0000 0.7071 -0.7071
f 141/141/141 142/142/142 143/143/143 144/144/144
v 0.3150 0.0900 0.8100
vt 0.5840 0.8332
vn 0.0000 0.0000 1.0000
v 0.3150 0.1688 0.8100
vt 0.5840 0.8500
vn 0.0000 0.0000 1.0000
v -0.3150 0.1688 0.8100
vt 0.5217 0.8500
vn 0.0000 0.0000 1.0000
v -0.3150 0.0900 0.8100
vt 0.5217 0.8332
vn 0.0000 0.0000 1.0000
f 145/145/145 146/146/146 147/147/147 148/148/148
v 0.4517 0.0000 0.0132
vt 0.5962 0.8614
vn 0.9959 -0.0737 0.0517
v 0.4537 0.0937 0.0245
vt 0.5973 0.8782
vn 0.9959 -0.0737 0.0517
v 0.4500 0.2689 0.4285
vt 0.5973 0.8782
vn 0.9639 -0.0058 0.2663
v 0.4387 0.1967 0.4599
vt 0.5962 0.8614
vn 0.9613 -0.0028 0.2755
f 149/149/149 150/150/150 151/151/151 152/152/152
v 0.1825 0.2478 0.8902
vt 0.5739 0.9095
vn 0.6755 -0.1282 0.7261
v 0.1981 0.1734 0.8626
vt 0.5739 0.8926
vn 0.6755 -0.1282 0.7261
v 0.1943 0.2503 0.8797
vt 0.5751 0.9095
vn 0.6755 -0.1282 0.7261
f 153/153/153 154/154/154 155/155/155
v 0.2438 0.5698 -0.5005
vt 0.5739 0.9447
vn 0.4726 0.8413 -0.2626
v 0.2552 0.5588 -0.5024
vt 0.5751 0.9649
vn 0.6891 0.7225 -0.0560
v 0.2444 0.5613 -0.5139
vt 0.5739 0.9649
vn 0.2645 0.8199 -0.5077
f 156/156/156 157/157/157 158/158/158
v 0.0421 0.5613 -0.5228
vt 0.5539 0.9095
vn -0.6760 0.1551 -0.7204
v 0.0312 0.4820 -0.5296
vt 0.5539 0.8926
vn -0.6760 0.1551 -0.7204
v 0.0304 0.5588 -0.5123
vt 0.5528 0.9095
vn -0.6760 0.1551 -0.7204
f 159/159/159 160/160/160 161/161/161
v 0.0415 0.5698 -0.5094
vt 0.5539 0.9447
vn -0.4476 0.8413 -0.3032
v 0.0421 0.5613 -0.5228
vt 0.5539 0.9649
vn -0.2187 0.8199 -0.5290
v 0.0304 0.5588 -0.5123
vt 0.5528 0.9649
vn -0.6815 0.7225 -0.1164
f 162/162/162 163/163/163 164/164/164
v 0.2590 0.4820 -0.5196
vt 0.5739 0.8926
vn 0.0439 0.0792 -0.9959
v 0.0312 0.4820 -0.5296
vt 0.5539 0.8926
vn 0.0439 0.0792 -0.9959
v 0.0421 0.5613 -0.5228
vt 0.5539 0.9095
vn 0.0439 0.0792 -0.9959
v 0.2444 0.5613 -0.5139
vt 0.5739 0.9095
vn 0.0439 0.0792 -0.9959
f 165/165/165 166/166/166 167/167/167 168/168/168
v -0.0305 0.2503 0.8698
vt 0.5528 0.9649
vn -0.7026 0.6167 0.3551
v -0.0194 0.2612 0.8728
vt 0.5539 0.9447
vn -0.4872 0.6395 0.5947
v 0.0415 0.5698 -0.5094
vt 0.5539 0.9447
vn -0.4476 0.8413 -0.3032
v 0.0304 0.5588 -0.5123
vt 0.5528 0.9649
vn -0.6815 0.7225 -0.1164
f 169/169/169 170/170/170 171/171/171 172/172/172
v 0.0415 0.5698 -0.5094
vt 0.5539 0.9447
vn -0.4476 0.8413 -0.3032
v 0.2438 0.5698 -0.5005
vt 0.5739 0.9447
vn 0.4726 0.8413 -0.2626
v 0.2444 0.5613 -0.5139
vt 0.5739 0.9649
vn 0.2645 0.8199 -0.5077
v 0.0421 0.5613 -0.5228
vt 0.5539 0.9649
vn -0.2187 0.8199 -0.5290
f 173/173/173 174/174/174 175/175/175 176/176/176
v -0.2137 0.4387 -0.9000
vt 0.5317 0.8626
vn 0.0000 -0.1414 -0.9899
v -0.0113 0.4387 -0.9000
vt 0.5517 0.8626
vn 0.0000 -0.1414 -0.9899
v 0.0000 0.3600 -0.8888
vt 0.5517 0.8458
vn 0.0000 -0.1414 -0.9899
v -0.2235 0.3600 -0.8888
vt 0.5317 0.8458
vn 0.0000 -0.1414 -0.9899
f 177/177/177 178/178/178 179/179/179 180/180/180
v 0.1829 0.2612 0.8817
vt 0.5739 0.9447
vn 0.4330 0.6395 0.6353
v 0.1943 0.2503 0.8797
vt 0.5751 0.9649
vn 0.6686 0.6167 0.4155
v 0.2552 0.5588 -0.5024
vt 0.5751 0.9649
vn 0.6891 0.7225 -0.0560
v 0.2438 0.5698 -0.5005
vt 0.5739 0.9447
vn 0.4726 0.8413 -0.2626
f 181/181/181 182/182/182 183/183/183 184/184/184
v 0.2281 0.2173 0.5075
vt 0.5762 0.8475
vn 0.0251 -0.9120 0.4095
v 0.4110 0.2173 0.5075
vt 0.5934 0.8475
vn 0.0000 -0.9173 0.3983
v 0.4387 0.2427 0.5660
vt 0.5962 0.8475
vn 0.0000 -0.9173 0.3983
f 185/185/185 186/186/186 187/187/187
v 0.1981 0.1734 0.8626
vt 0.5739 0.8926
vn 0.9979 0.0381 0.0525
v 0.2590 0.4820 -0.5196
vt 0.5739 0.8926
vn 0.9979 0.0381 0.0525
v 0.2552 0.5588 -0.5024
vt 0.5751 0.9095
vn 0.9979 0.0381 0.0525
v 0.1943 0.2503 0.8797
vt 0.5751 0.9095
vn 0.9979 0.0381 0.0525
f 188/188/188 189/189/189 190/190/190 191/191/191
v 0.1829 0.2612 0.8817
vt 0.5739 0.9447
vn -0.0096 0.9760 0.2175
v 0.2438 0.5698 -0.5005
vt 0.5739 0.9447
vn -0.0096 0.9760 0.2175
v 0.0415 0.5698 -0.5094
vt 0.5539 0.9447
vn -0.0096 0.9760 0.2175
v -0.0194 0.2612 0.8728
vt 0.5539 0.9447
vn -0.0096 0.9760 0.2175
f 192/192/192 193/193/193 194/194/194 195/195/195
v -0.2137 0.4500 -0.8888
vt 0.5317 0.9447
vn -0.4606 0.7588 -0.4606
v -0.0113 0.4500 -0.8888
vt 0.5517 0.9447
vn 0.4606 0.7588 -0.4606
v -0.0113 0.4387 -0.9000
vt 0.5517 0.9180
vn 0.2418 0.6861 -0.6861
v -0.2137 0.4387 -0.9000
vt 0.5317 0.9180
vn -0.2418 0.6861 -0.6861
f 196/196/196 197/197/197 198/198/198 199/199/199
v -0.0113 0.4387 0.1350
vt 0.5517 0.8626
vn 0.7071 0.0000 0.7071
v 0.0000 0.3600 0.1238
vt 0.5517 0.8458
vn 0.7071 0.0000 0.7071
v 0.0000 0.4387 0.1238
vt 0.5528 0.8626
vn 0.7071 0.0000 0.7071
f 200/200/200 201/201/201 202/202/202
v -0.2137 0.4387 -0.9000
vt 0.5317 0.8626
vn -0.7070 -0.0135 -0.7070
v -0.2235 0.3600 -0.8888
vt 0.5317 0.8458
vn -0.7070 -0.0135 -0.7070
v -0.2250 0.4387 -0.8888
vt 0.5306 0.8626
vn -0.7070 -0.0135 -0.7070
f 203/203/203 204/204/204 205/205/205
v -0.2137 0.4500 -0.8888
vt 0.5317 0.9447
vn -0.4606 0.7588 -0.4606
v -0.2137 0.4387 -0.9000
vt 0.5317 0.9180
vn -0.2418 0.6861 -0.6861
v -0.2250 0.4387 -0.8888
vt 0.5306 0.9180
vn -0.6861 0.6861 -0.2418
f 206/206/206 207/207/207 208/208/208
v -0.0113 0.4500 -0.8888
vt 0.5517 0.9447
vn 0.4606 0.7588 -0.4606
v 0.0000 0.4387 -0.8888
vt 0.5528 0.9180
vn 0.6861 0.6861 -0.2418
v -0.0113 0.4387 -0.9000
vt 0.5517 0.9180
vn 0.2418 0.6861 -0.6861
f 209/209/209 210/210/210 211/211/211
v 0.4387 0.3253 0.5301
vt 0.5962 0.9222
vn 0.0000 0.9173 -0.3983
v 0.4043 0.2999 0.4717
vt 0.5928 0.9222
vn 0.0000 0.9173 -0.3983
v 0.2363 0.2999 0.4717
vt 0.5762 0.9222
vn -0.0005 0.9172 -0.3984
f 212/212/212 213/213/213 214/214/214
v -0.2250 0.4387 0.1238
vt 0.5306 0.8626
vn -0.9998 -0.0190 0.0000
v -0.2250 0.4387 -0.1688
vt 0.5306 0.8626
vn -0.9998 -0.0190 0.0000
v -0.2235 0.3600 -0.1688
vt 0.5317 0.8458
vn -0.9998 -0.0190 0.0000
v -0.2235 0.3600 0.1238
vt 0.5317 0.8458
vn -0.9998 -0.0190 0.0000
f 215/215/215 216/216/216 217/217/217 218/218/218
v 0.0000 0.3600 -0.8888
vt 0.5517 0.8458
vn 0.7071 0.0000 -0.7071
v -0.0113 0.4387 -0.9000
vt 0.5517 0.8626
vn 0.7071 0.0000 -0.7071
v 0.0000 0.4387 -0.8888
vt 0.5528 0.8626
vn 0.7071 0.0000 -0.7071
f 219/219/219 220/220/220 221/221/221
v -0.0298 0.1734 0.8525
vt 0.5539 0.8926
vn -0.9990 0.0000 -0.0440
v -0.0305 0.2503 0.8698
vt 0.5528 0.9095
vn -0.9990 0.0000 -0.0440
v 0.0304 0.5588 -0.5123
vt 0.5528 0.9095
vn -0.9990 0.0000 -0.0440
v 0.0312 0.4820 -0.5296
vt 0.5539 0.8926
vn -0.9990 0.0000 -0.0440
f 222/222/222 223/223/223 224/224/224 225/225/225
v 0.1943 0.2503 0.8797
vt 0.5751 0.9649
vn 0.6686 0.6167 0.4155
v 0.1829 0.2612 0.8817
vt 0.5739 0.9447
vn 0.4330 0.6395 0.6353
v 0.1825 0.2478 0.8902
vt 0.5739 0.9649
vn 0.2055 0.5189 0.8298
f 226/226/226 227/227/227 228/228/228
v -0.0305 0.2503 0.8698
vt 0.5528 0.9095
vn -0.7368 -0.1551 0.6581
v -0.0298 0.1734 0.8525
vt 0.5539 0.8926
vn -0.7368 -0.1551 0.6581
v -0.0198 0.2478 0.8813
vt 0.5539 0.9095
vn -0.7368 -0.1551 0.6581
f 229/229/229 230/230/230 231/231/231
v -0.2250 0.4387 0.1238
vt 0.5306 0.8626
vn -0.7070 -0.0135 0.7070
v -0.2235 0.3600 0.1238
vt 0.5317 0.8458
vn -0.7070 -0.0135 0.7070
v -0.2137 0.4387 0.1350
vt 0.5317 0.8626
vn -0.7070 -0.0135 0.7070
f 232/232/232 233/233/233 234/234/234
v 0.0000 0.4387 0.1238
vt 0.5528 0.9180
vn 0.6861 0.6861 0.2418
v -0.0113 0.4500 0.1238
vt 0.5517 0.9447
vn 0.4606 0.7588 0.4606
v -0.0113 0.4387 0.1350
vt 0.5517 0.9180
vn 0.2418 0.6861 0.6861
f 235/235/235 236/236/236 237/237/237
v -0.0198 0.2478 0.8813
vt 0.5539 0.9649
vn -0.2777 0.5189 0.8085
v -0.0194 0.2612 0.8728
vt 0.5539 0.9447
vn -0.4872 0.6395 0.5947
v -0.0305 0.2503 0.8698
vt 0.5528 0.9649
vn -0.7026 0.6167 0.3551
f 238/238/238 239/239/239 240/240/240
v -0.0298 0.1734 0.8525
vt 0.5539 0.8926
vn -0.0412 -0.3552 0.9339
v 0.1981 0.1734 0.8626
vt 0.5739 0.8926
vn -0.0412 -0.3552 0.9339
v 0.1825 0.2478 0.8902
vt 0.5739 0.9095
vn -0.0412 -0.3552 0.9339
v -0.0198 0.2478 0.8813
vt 0.5539 0.9095
vn -0.0412 -0.3552 0.9339
f 241/241/241 242/242/242 243/243/243 244/244/244
v -0.2137 0.4387 0.1350
vt 0.5317 0.9180
vn -0.2418 0.6861 0.6861
v -0.2137 0.4500 0.1238
vt 0.5317 0.9447
vn -0.4606 0.7588 0.4606
v -0.2250 0.4387 0.1238
vt 0.5306 0.9180
vn -0.6861 0.6861 0.2418
f 245/245/245 246/246/246 247/247/247
v -0.2235 0.3600 0.1238
vt 0.5317 0.8458
vn 0.0000 -0.1414 0.9899
v 0.0000 0.3600 0.1238
vt 0.5517 0.8458
vn 0.0000 -0.1414 0.9899
v -0.0113 0.4387 0.1350
vt 0.5517 0.8626
vn 0.0000 -0.1414 0.9899
v -0.2137 0.4387 0.1350
vt 0.5317 0.8626
vn 0.0000 -0.1414 0.9899
f 248/248/248 249/249/249 250/250/250 251/251/251
v -0.0113 0.4500 0.1238
vt 0.5517 0.9447
vn 0.4606 0.7588 0.4606
v -0.2137 0.4500 0.1238
vt 0.5317 0.9447
vn -0.4606 0.7588 0.4606
v -0.2137 0.4387 0.1350
vt 0.5317 0.9180
vn -0.2418 0.6861 0.6861
v -0.0113 0.4387 0.1350
vt 0.5517 0.9180
vn 0.2418 0.6861 0.6861
f 252/252/252 253/253/253 254/254/254 255/255/255
v -0.2250 0.4387 -0.1688
vt 0.5306 0.9180
vn -0.7071 0.7071 0.0000
v -0.2250 0.4387 0.1238
vt 0.5306 0.9180
vn -0.6861 0.6861 0.2418
v -0.2137 0.4500 0.1238
vt 0.5317 0.9447
vn -0.4606 0.7588 0.4606
v -0.2137 0.4500 -0.1688
vt 0.5317 0.9204
vn -0.7071 0.7071 0.0000
f 256/256/256 257/257/257 258/258/258 259/259/259
v -0.2250 0.4387 -0.1688
vt 0.5306 0.8626
vn -0.9998 -0.0190 0.0000
v -0.2250 0.4387 -0.8888
vt 0.5306 0.8626
vn -0.9998 -0.0190 0.0000
v -0.2235 0.3600 -0.8888
vt 0.5317 0.8458
vn -0.9998 -0.0190 0.0000
v -0.2235 0.3600 -0.1688
vt 0.5317 0.8458
vn -0.9998 -0.0190 0.0000
f 260/260/260 261/261/261 262/262/262 263/263/263
v -0.0113 0.4500 -0.1408
vt 0.5517 0.9065
vn 0.0000 1.0000 0.0000
v -0.0392 0.4500 -0.1688
vt 0.5489 0.9065
vn 0.0000 1.0000 0.0000
v -0.2137 0.4500 -0.1688
vt 0.5317 0.9065
vn 0.0000 1.0000 0.0000
f 264/264/264 265/265/265 266/266/266
v 0.1829 0.2612 0.8817
vt 0.5739 0.9447
vn 0.4330 0.6395 0.6353
v -0.0194 0.2612 0.8728
vt 0.5539 0.9447
vn -0.4872 0.6395 0.5947
v -0.0198 0.2478 0.8813
vt 0.5539 0.9649
vn -0.2777 0.5189 0.8085
v 0.1825 0.2478 0.8902
vt 0.5739 0.9649
vn 0.2055 0.5189 0.8298
f 267/267/267 268/268/268 269/269/269 270/270/270
v 0.4043 0.2999 0.4717
vt 0.5928 0.9222
vn 0.0000 0.9173 -0.3983
v 0.4387 0.2792 0.4240
vt 0.5962 0.9222
vn -0.0008 0.9172 -0.3985
v 0.2363 0.2999 0.4717
vt 0.5762 0.9222
vn -0.0005 0.9172 -0.3984
f 271/271/271 272/272/272 273/273/273
v 0.1981 0.1734 0.8626
vt 0.5739 0.8788
vn 0.0096 -0.9760 -0.2175
v -0.0298 0.1734 0.8525
vt 0.5539 0.8788
vn 0.0096 -0.9760 -0.2175
v 0.0312 0.4820 -0.5296
vt 0.5539 0.8788
vn 0.0096 -0.9760 -0.2175
v 0.2590 0.4820 -0.5196
vt 0.5739 0.8788
vn 0.0096 -0.9760 -0.2175
f 274/274/274 275/275/275 276/276/276 277/277/277
v -0.2235 0.3600 -0.1688
vt 0.5317 0.8319
vn 0.0000 -1.0000 0.0000
v -0.0392 0.3600 -0.1688
vt 0.5489 0.8319
vn 0.0000 -1.0000 0.0000
v 0.0000 0.3600 -0.1408
vt 0.5517 0.8319
vn 0.0000 -1.0000 0.0000
f 278/278/278 279/279/279 280/280/280
v -0.0113 0.4500 -0.1967
vt 0.5517 0.9065
vn 0.0000 1.0000 0.0000
v -0.0113 0.4500 -0.8888
vt 0.5517 0.9447
vn 0.0000 1.0000 0.0000
v -0.2137 0.4500 -0.8888
vt 0.5317 0.9447
vn 0.0000 1.0000 0.0000
v -0.2137 0.4500 -0.1688
vt 0.5317 0.9065
vn 0.0000 1.0000 0.0000
f 281/281/281 282/282/282 283/283/283 284/284/284
v 0.0000 0.3600 -0.1967
vt 0.5517 0.8458
vn 1.0000 0.0000 0.0000
v 0.0000 0.3600 -0.8888
vt 0.5517 0.8458
vn 1.0000 0.0000 0.0000
v 0.0000 0.4387 -0.8888
vt 0.5528 0.8626
vn 1.0000 0.0000 0.0000
v 0.0000 0.4387 -0.1967
vt 0.5528 0.8626
vn 1.0000 0.0000 0.0000
f 285/285/285 286/286/286 287/287/287 288/288/288
v -0.0283 0.4387 -0.1688
vt 0.5500 0.8210
vn 0.6368 -0.0438 0.7698
v -0.0392 0.3600 -0.1688
vt 0.5489 0.8042
vn 0.6368 -0.0438 0.7698
v 0.0000 0.3600 -0.1967
vt 0.5517 0.8042
vn 0.6368 -0.0438 0.7698
v 0.0000 0.4387 -0.1967
vt 0.5528 0.8210
vn 0.6368 -0.0438 0.7698
f 289/289/289 290/290/290 291/291/291 292/292/292
v -0.2250 0.4387 -0.8888
vt 0.5306 0.9180
vn -0.6861 0.6861 -0.2418
v -0.2250 0.4387 -0.1688
vt 0.5306 0.9180
vn -0.7071 0.7071 0.0000
v -0.2137 0.4500 -0.1688
vt 0.5317 0.9204
vn -0.7071 0.7071 0.0000
v -0.2137 0.4500 -0.8888
vt 0.5317 0.9447
vn -0.4606 0.7588 -0.4606
f 293/293/293 294/294/294 295/295/295 296/296/296
v -0.0113 0.4500 0.1238
vt 0.5517 0.9447
vn 0.0000 1.0000 0.0000
v -0.0113 0.4500 -0.1408
vt 0.5517 0.9065
vn 0.0000 1.0000 0.0000
v -0.2137 0.4500 -0.1688
vt 0.5317 0.9065
vn 0.0000 1.0000 0.0000
v -0.2137 0.4500 0.1238
vt 0.5317 0.9447
vn 0.0000 1.0000 0.0000
f 297/297/297 298/298/298 299/299/299 300/300/300
v -0.0113 0.4500 -0.1408
vt 0.5517 0.9204
vn 0.6655 0.6592 -0.3500
v -0.0113 0.4500 0.1238
vt 0.5517 0.9447
vn 0.4606 0.7588 0.4606
v 0.0000 0.4387 0.1238
vt 0.5528 0.9180
vn 0.6861 0.6861 0.2418
v 0.0000 0.4387 -0.1408
vt 0.5528 0.9180
vn 0.6879 0.6835 -0.2442
f 301/301/301 302/302/302 303/303/303 304/304/304
v -0.0113 0.4500 -0.8888
vt 0.5517 0.9447
vn 0.4606 0.7588 -0.4606
v -0.0113 0.4500 -0.1967
vt 0.5517 0.9204
vn 0.6655 0.6592 0.3500
v 0.0000 0.4387 -0.1967
vt 0.5528 0.9180
vn 0.6879 0.6835 0.2442
v 0.0000 0.4387 -0.8888
vt 0.5528 0.9180
vn 0.6861 0.6861 -0.2418
f 305/305/305 306/306/306 307/307/307 308/308/308
v -0.0113 0.4500 -0.1408
vt 0.5517 0.9481
vn 0.6655 0.6592 -0.3500
v 0.0000 0.4387 -0.1408
vt 0.5528 0.9457
vn 0.6879 0.6835 -0.2442
v -0.0283 0.4387 -0.1688
vt 0.5500 0.9457
vn 0.5794 0.5689 -0.5836
v -0.0392 0.4500 -0.1688
vt 0.5489 0.9481
vn 0.5794 0.5689 -0.5836
f 309/309/309 310/310/310 311/311/311 312/312/312
v -0.0392 0.4500 -0.1688
vt 0.5489 0.8788
vn 0.5794 0.5689 0.5836
v -0.0283 0.4387 -0.1688
vt 0.5500 0.8764
vn 0.5794 0.5689 0.5836
v 0.0000 0.4387 -0.1967
vt 0.5528 0.8764
vn 0.6879 0.6835 0.2442
v -0.0113 0.4500 -0.1967
vt 0.5517 0.8788
vn 0.6655 0.6592 0.3500
f 313/313/313 314/314/314 315/315/315 316/316/316
v 0.0000 0.4387 -0.1408
vt 0.5528 0.8903
vn 0.6368 -0.0438 -0.7698
v 0.0000 0.3600 -0.1408
vt 0.5517 0.8735
vn 0.6368 -0.0438 -0.7698
v -0.0392 0.3600 -0.1688
vt 0.5489 0.8735
vn 0.6368 -0.0438 -0.7698
v -0.0283 0.4387 -0.1688
vt 0.5500 0.8903
vn 0.6368 -0.0438 -0.7698
f 317/317/317 318/318/318 319/319/319 320/320/320
v 0.0000 0.3600 0.1238
vt 0.5517 0.8458
vn 1.0000 0.0000 0.0000
v 0.0000 0.3600 -0.1408
vt 0.5517 0.8458
vn 1.0000 0.0000 0.0000
v 0.0000 0.4387 -0.1408
vt 0.5528 0.8626
vn 1.0000 0.0000 0.0000
v 0.0000 0.4387 0.1238
vt 0.5528 0.8626
vn 1.0000 0.0000 0.0000
f 321/321/321 322/322/322 323/323/323 324/324/324
v -0.0392 0.4500 -0.1688
vt 0.5489 0.9065
vn 0.0000 1.0000 0.0000
v -0.0113 0.4500 -0.1967
vt 0.5517 0.9065
vn 0.0000 1.0000 0.0000
v -0.2137 0.4500 -0.1688
vt 0.5317 0.9065
vn 0.0000 1.0000 0.0000
f 325/325/325 326/326/326 327/327/327
v 0.2552 0.5588 -0.5024
vt 0.5751 0.9095
vn 0.7363 0.1820 -0.6518
v 0.2590 0.4820 -0.5196
vt 0.5739 0.8926
vn 0.7363 0.1820 -0.6518
v 0.2444 0.5613 -0.5139
vt 0.5739 0.9095
vn 0.7363 0.1820 -0.6518
f 328/328/328 329/329/329 330/330/330
v 0.2281 0.4324 1.0028
vt 0.5762 0.8614
vn -0.9992 -0.0358 0.0155
v 0.2250 0.5046 0.9715
vt 0.5751 0.8782
vn -0.9992 -0.0358 0.0155
v 0.2250 0.2896 0.4761
vt 0.5751 0.8782
vn -0.9978 -0.0578 0.0315
v 0.2281 0.2173 0.5075
vt 0.5762 0.8614
vn -0.9978 -0.0582 0.0318
f 331/331/331 332/332/332 333/333/333 334/334/334
v 0.2363 0.5091 0.9818
vt 0.5762 0.8782
vn -0.7068 0.2562 0.6593
v 0.2250 0.5046 0.9715
vt 0.5751 0.8782
vn -0.7068 0.2562 0.6593
v 0.2281 0.4324 1.0028
vt 0.5762 0.8614
vn -0.7068 0.2562 0.6593
f 335/335/335 336/336/336 337/337/337
v 0.4387 0.5150 0.9670
vt 0.5962 0.9447
vn 0.4606 0.8794 0.1203
v 0.4387 0.5091 0.9818
vt 0.5962 0.9336
vn 0.2418 0.9026 0.3561
v 0.4500 0.5046 0.9715
vt 0.5973 0.9336
vn 0.6861 0.7257 -0.0514
f 338/338/338 339/339/339 340/340/340
v 0.4387 0.4324 1.0028
vt 0.5962 0.8614
vn 0.0000 0.2645 0.9644
v 0.4387 0.5091 0.9818
vt 0.5962 0.8782
vn 0.0000 0.2645 0.9644
v 0.2363 0.5091 0.9818
vt 0.5762 0.8782
vn 0.0000 0.2645 0.9644
v 0.2281 0.4324 1.0028
vt 0.5762 0.8614
vn 0.0000 0.2645 0.9644
f 341/341/341 342/342/342 343/343/343 344/344/344
v 0.2363 0.5091 0.9818
vt 0.5762 0.9336
vn -0.2418 0.9026 0.3561
v 0.2363 0.5150 0.9670
vt 0.5762 0.9447
vn -0.4606 0.8794 0.1203
v 0.2250 0.5046 0.9715
vt 0.5751 0.9336
vn -0.6861 0.7257 -0.0514
f 345/345/345 346/346/346 347/347/347
v 0.2363 0.5150 0.9670
vt 0.5762 0.9447
vn -0.4606 0.8794 0.1203
v 0.2363 0.5091 0.9818
vt 0.5762 0.9336
vn -0.2418 0.9026 0.3561
v 0.4387 0.5091 0.9818
vt 0.5962 0.9336
vn 0.2418 0.9026 0.3561
v 0.4387 0.5150 0.9670
vt 0.5962 0.9447
vn 0.4606 0.8794 0.1203
f 348/348/348 349/349/349 350/350/350 351/351/351
v 0.2250 0.5046 0.9715
vt 0.5751 0.9336
vn -0.6861 0.7257 -0.0514
v 0.2363 0.5150 0.9670
vt 0.5762 0.9447
vn -0.4606 0.8794 0.1203
v 0.2363 0.2999 0.4717
vt 0.5762 0.9360
vn -0.7135 0.6457 -0.2719
v 0.2250 0.2896 0.4761
vt 0.5751 0.9336
vn -0.7136 0.6457 -0.2718
f 352/352/352 353/353/353 354/354/354 355/355/355
v 0.4387 0.5150 0.9670
vt 0.5962 0.9447
vn 0.4606 0.8794 0.1203
v 0.4500 0.5046 0.9715
vt 0.5973 0.9336
vn 0.6861 0.7257 -0.0514
v 0.4500 0.3150 0.5346
vt 0.5973 0.9336
vn 0.6562 0.6317 -0.4127
v 0.4387 0.3253 0.5301
vt 0.5962 0.9360
vn 0.6432 0.6263 -0.4405
f 356/356/356 357/357/357 358/358/358 359/359/359
v 0.4387 0.2792 0.4240
vt 0.5962 0.8945
vn 0.6235 0.7715 -0.1263
v 0.4043 0.2999 0.4717
vt 0.5928 0.8945
vn 0.6000 0.7413 -0.3010
v 0.4230 0.2896 0.4761
vt 0.5946 0.8921
vn 0.5997 0.7474 -0.2860
v 0.4500 0.2689 0.4285
vt 0.5973 0.8921
vn 0.6366 0.7541 -0.1616
f 360/360/360 361/361/361 362/362/362 363/363/363
v 0.4043 0.2999 0.4717
vt 0.5928 0.9637
vn 0.6000 0.7413 -0.3010
v 0.4387 0.3253 0.5301
vt 0.5962 0.9637
vn 0.6432 0.6263 -0.4405
v 0.4500 0.3150 0.5346
vt 0.5973 0.9613
vn 0.6562 0.6317 -0.4127
v 0.4230 0.2896 0.4761
vt 0.5946 0.9613
vn 0.5997 0.7474 -0.2860
f 364/364/364 365/365/365 366/366/366 367/367/367
v 0.4500 0.2689 0.4285
vt 0.5973 0.8367
vn 0.9639 -0.0058 0.2663
v 0.4230 0.2896 0.4761
vt 0.5946 0.8367
vn 0.8771 0.0654 0.4757
v 0.4110 0.2173 0.5075
vt 0.5934 0.8198
vn 0.8771 0.0654 0.4757
v 0.4387 0.1967 0.4599
vt 0.5962 0.8198
vn 0.9613 -0.0028 0.2755
f 368/368/368 369/369/369 370/370/370 371/371/371
v 0.4230 0.2896 0.4761
vt 0.5946 0.9059
vn 0.9105 -0.2790 -0.3051
v 0.4500 0.3150 0.5346
vt 0.5973 0.9059
vn 0.9705 -0.2072 -0.1237
v 0.4387 0.2427 0.5660
vt 0.5962 0.8891
vn 0.9690 -0.2099 -0.1302
v 0.4110 0.2173 0.5075
vt 0.5934 0.8891
vn 0.9105 -0.2790 -0.3051
f 372/372/372 373/373/373 374/374/374 375/375/375
v 0.2281 0.4324 1.0028
vt 0.5762 0.8475
vn 0.0000 -0.9173 0.3983
v 0.2281 0.2173 0.5075
vt 0.5762 0.8475
vn 0.0251 -0.9120 0.4095
v 0.4387 0.2427 0.5660
vt 0.5962 0.8475
vn 0.0000 -0.9173 0.3983
v 0.4387 0.4324 1.0028
vt 0.5962 0.8475
vn 0.0000 -0.9173 0.3983
f 376/376/376 377/377/377 378/378/378 379/379/379
v 0.4110 0.2173 0.5075
vt 0.5934 0.8475
vn 0.0000 -0.9173 0.3983
v 0.2281 0.2173 0.5075
vt 0.5762 0.8475
vn 0.0251 -0.9120 0.4095
v 0.4387 0.1967 0.4599
vt 0.5962 0.8475
vn 0.0408 -0.9083 0.4163
f 380/380/380 381/381/381 382/382/382
v 0.4500 0.5046 0.9715
vt 0.5973 0.8782
vn 0.7035 0.1880 0.6853
v 0.4387 0.5091 0.9818
vt 0.5962 0.8782
vn 0.7035 0.1880 0.6853
v 0.4387 0.4324 1.0028
vt 0.5962 0.8614
vn 0.7035 0.1880 0.6853
f 383/383/383 384/384/384 385/385/385
v 0.4387 0.2427 0.5660
vt 0.5962 0.8614
vn 0.9690 -0.2099 -0.1302
v 0.4500 0.3150 0.5346
vt 0.5973 0.8782
vn 0.9705 -0.2072 -0.1237
v 0.4500 0.5046 0.9715
vt 0.5973 0.8782
vn 0.9899 -0.1297 0.0563
v 0.4387 0.4324 1.0028
vt 0.5962 0.8614
vn 0.9899 -0.1297 0.0563
f 386/386/386 387/387/387 388/388/388 389/389/389
v -0.2235 0.3600 -0.1688
vt 0.5317 0.8319
vn 0.0000 -1.0000 0.0000
v 0.0000 0.3600 -0.1967
vt 0.5517 0.8319
vn 0.0000 -1.0000 0.0000
v -0.0392 0.3600 -0.1688
vt 0.5489 0.8319
vn 0.0000 -1.0000 0.0000
f 390/390/390 391/391/391 392/392/392
v -0.2235 0.3600 -0.8888
vt 0.5317 0.8319
vn 0.0000 -1.0000 0.0000
v 0.0000 0.3600 -0.8888
vt 0.5517 0.8319
vn 0.0000 -1.0000 0.0000
v 0.0000 0.3600 -0.1967
vt 0.5517 0.8319
vn 0.0000 -1.0000 0.0000
v -0.2235 0.3600 -0.1688
vt 0.5317 0.8319
vn 0.0000 -1.0000 0.0000
f 393/393/393 394/394/394 395/395/395 396/396/396
v -0.2235 0.3600 0.1238
vt 0.5317 0.8319
vn 0.0000 -1.0000 0.0000
v -0.2235 0.3600 -0.1688
vt 0.5317 0.8319
vn 0.0000 -1.0000 0.0000
v 0.0000 0.3600 -0.1408
vt 0.5517 0.8319
vn 0.0000 -1.0000 0.0000
v 0.0000 0.3600 0.1238
vt 0.5517 0.8319
vn 0.0000 -1.0000 0.0000
f 397/397/397 398/398/398 399/399/399 400/400/400
v 0.4537 0.0937 0.0245
vt 0.5973 0.8782
vn -0.2409 0.1178 -0.9634
v 0.4517 0.0000 0.0132
vt 0.5962 0.8614
vn -0.2466 0.1219 -0.9614
v 0.2289 0.0000 0.0703
vt 0.5762 0.8475
vn -0.2394 0.1025 -0.9655
f 401/401/401 402/402/402 403/403/403
v 0.4387 0.5150 0.9670
vt 0.5962 0.9447
vn 0.0000 0.9173 -0.3983
v 0.4387 0.3253 0.5301
vt 0.5962 0.9222
vn 0.0000 0.9173 -0.3983
v 0.2363 0.2999 0.4717
vt 0.5762 0.9222
vn -0.0005 0.9172 -0.3984
v 0.2363 0.5150 0.9670
vt 0.5762 0.9447
vn 0.0000 0.9173 -0.3983
f 404/404/404 405/405/405 406/406/406 407/407/407
v 0.2134 0.4335 -0.3596
vt 0.5739 0.9095
vn 0.7063 0.0286 0.7074
v 0.2303 0.3557 -0.3733
vt 0.5739 0.8926
vn 0.7063 0.0286 0.7074
v 0.2247 0.4342 -0.3708
vt 0.5751 0.9095
vn 0.7063 0.0286 0.7074
f 408/408/408 409/409/409 410/410/410
v 0.2125 0.4615 -0.8877
vt 0.5739 0.9447
vn 0.4346 0.7879 -0.4362
v 0.2241 0.4507 -0.8881
vt 0.5751 0.9649
vn 0.6627 0.7159 -0.2199
v 0.2128 0.4507 -0.8993
vt 0.5739 0.9649
vn 0.2182 0.7152 -0.6640
f 411/411/411 412/412/412 413/413/413
v 0.0105 0.4439 -0.8993
vt 0.5539 0.9095
vn -0.7075 -0.0011 -0.7068
v 0.0018 0.3645 -0.8906
vt 0.5539 0.8926
vn -0.7075 -0.0011 -0.7068
v -0.0008 0.4432 -0.8881
vt 0.5528 0.9095
vn -0.7075 -0.0011 -0.7068
f 414/414/414 415/415/415 416/416/416
v 0.0101 0.4548 -0.8877
vt 0.5539 0.9447
vn -0.4860 0.7573 -0.4362
v 0.0105 0.4439 -0.8993
vt 0.5539 0.9649
vn -0.2652 0.6991 -0.6640
v -0.0008 0.4432 -0.8881
vt 0.5528 0.9649
vn -0.7088 0.6703 -0.2199
f 417/417/417 418/418/418 419/419/419
v 0.2298 0.3721 -0.8906
vt 0.5739 0.8926
vn 0.0037 -0.1099 -0.9939
v 0.0018 0.3645 -0.8906
vt 0.5539 0.8926
vn 0.0037 -0.1099 -0.9939
v 0.0105 0.4439 -0.8993
vt 0.5539 0.9095
vn 0.0037 -0.1099 -0.9939
v 0.2128 0.4507 -0.8993
vt 0.5739 0.9095
vn 0.0037 -0.1099 -0.9939
f 420/420/420 421/421/421 422/422/422 423/423/423
v -0.0002 0.4268 -0.3708
vt 0.5528 0.9649
vn -0.7083 0.6549 0.2635
v 0.0106 0.4384 -0.3705
vt 0.5539 0.9447
vn -0.4850 0.7281 0.4844
v 0.0101 0.4548 -0.8877
vt 0.5539 0.9447
vn -0.4860 0.7573 -0.4362
v -0.0008 0.4432 -0.8881
vt 0.5528 0.9649
vn -0.7088 0.6703 -0.2199
f 424/424/424 425/425/425 426/426/426 427/427/427
v 0.0101 0.4548 -0.8877
vt 0.5539 0.9447
vn -0.4860 0.7573 -0.4362
v 0.2125 0.4615 -0.8877
vt 0.5739 0.9447
vn 0.4346 0.7879 -0.4362
v 0.2128 0.4507 -0.8993
vt 0.5739 0.9649
vn 0.2182 0.7152 -0.6640
v 0.0105 0.4439 -0.8993
vt 0.5539 0.9649
vn -0.2652 0.6991 -0.6640
f 428/428/428 429/429/429 430/430/430 431/431/431
v 0.2130 0.4451 -0.3705
vt 0.5739 0.9447
vn 0.4356 0.7587 0.4844
v 0.2247 0.4342 -0.3708
vt 0.5751 0.9649
vn 0.6632 0.7005 0.2635
v 0.2241 0.4507 -0.8881
vt 0.5751 0.9649
vn 0.6627 0.7159 -0.2199
v 0.2125 0.4615 -0.8877
vt 0.5739 0.9447
vn 0.4346 0.7879 -0.4362
f 432/432/432 433/433/433 434/434/434 435/435/435
v 0.2303 0.3557 -0.3733
vt 0.5739 0.8926
vn 0.9974 0.0721 0.0012
v 0.2298 0.3721 -0.8906
vt 0.5739 0.8926
vn 0.9974 0.0721 0.0012
v 0.2241 0.4507 -0.8881
vt 0.5751 0.9095
vn 0.9974 0.0721 0.0012
v 0.2247 0.4342 -0.3708
vt 0.5751 0.9095
vn 0.9974 0.0721 0.0012
f 436/436/436 437/437/437 438/438/438 439/439/439
v 0.2130 0.4451 -0.3705
vt 0.5739 0.9447
vn -0.0332 0.9989 0.0318
v 0.2125 0.4615 -0.8877
vt 0.5739 0.9447
vn -0.0332 0.9989 0.0318
v 0.0101 0.4548 -0.8877
vt 0.5539 0.9447
vn -0.0332 0.9989 0.0318
v 0.0106 0.4384 -0.3705
vt 0.5539 0.9447
vn -0.0332 0.9989 0.0318
f 440/440/440 441/441/441 442/442/442 443/443/443
v 0.0024 0.3481 -0.3733
vt 0.5539 0.8926
vn -0.9994 -0.0332 0.0000
v -0.0002 0.4268 -0.3708
vt 0.5528 0.9095
vn -0.9994 -0.0332 0.0000
v -0.0008 0.4432 -0.8881
vt 0.5528 0.9095
vn -0.9994 -0.0332 0.0000
v 0.0018 0.3645 -0.8906
vt 0.5539 0.8926
vn -0.9994 -0.0332 0.0000
f 444/444/444 445/445/445 446/446/446 447/447/447
v 0.2247 0.4342 -0.3708
vt 0.5751 0.9649
vn 0.6632 0.7005 0.2635
v 0.2130 0.4451 -0.3705
vt 0.5739 0.9447
vn 0.4356 0.7587 0.4844
v 0.2134 0.4335 -0.3596
vt 0.5739 0.9649
vn 0.2196 0.6717 0.7076
f 448/448/448 449/449/449 450/450/450
v -0.0002 0.4268 -0.3708
vt 0.5528 0.9095
vn -0.7060 -0.0459 0.7067
v 0.0024 0.3481 -0.3733
vt 0.5539 0.8926
vn -0.7060 -0.0459 0.7067
v 0.0110 0.4268 -0.3596
vt 0.5539 0.9095
vn -0.7060 -0.0459 0.7067
f 451/451/451 452/452/452 453/453/453
v 0.0110 0.4268 -0.3596
vt 0.5539 0.9649
vn -0.2638 0.6556 0.7076
v 0.0106 0.4384 -0.3705
vt 0.5539 0.9447
vn -0.4850 0.7281 0.4844
v -0.0002 0.4268 -0.3708
vt 0.5528 0.9649
vn -0.7083 0.6549 0.2635
f 454/454/454 455/455/455 456/456/456
v 0.0024 0.3481 -0.3733
vt 0.5539 0.8926
vn 0.0057 -0.1727 0.9850
v 0.2303 0.3557 -0.3733
vt 0.5739 0.8926
vn 0.0057 -0.1727 0.9850
v 0.2134 0.4335 -0.3596
vt 0.5739 0.9095
vn 0.0057 -0.1727 0.9850
v 0.0110 0.4268 -0.3596
vt 0.5539 0.9095
vn 0.0057 -0.1727 0.9850
f 457/457/457 458/458/458 459/459/459 460/460/460
v 0.2130 0.4451 -0.3705
vt 0.5739 0.9447
vn 0.4356 0.7587 0.4844
v 0.0106 0.4384 -0.3705
vt 0.5539 0.9447
vn -0.4850 0.7281 0.4844
v 0.0110 0.4268 -0.3596
vt 0.5539 0.9649
vn -0.2638 0.6556 0.7076
v 0.2134 0.4335 -0.3596
vt 0.5739 0.9649
vn 0.2196 0.6717 0.7076
f 461/461/461 462/462/462 463/463/463 464/464/464
v 0.2303 0.3557 -0.3733
vt 0.5739 0.8788
vn 0.0332 -0.9989 -0.0318
v 0.0024 0.3481 -0.3733
vt 0.5539 0.8788
vn 0.0332 -0.9989 -0.0318
v 0.0018 0.3645 -0.8906
vt 0.5539 0.8788
vn 0.0332 -0.9989 -0.0318
v 0.2298 0.3721 -0.8906
vt 0.5739 0.8788
vn 0.0332 -0.9989 -0.0318
f 465/465/465 466/466/466 467/467/467 468/468/468
v 0.2241 0.4507 -0.8881
vt 0.5751 0.9095
vn 0.7048 0.0735 -0.7056
v 0.2298 0.3721 -0.8906
vt 0.5739 0.8926
vn 0.7048 0.0735 -0.7056
v 0.2128 0.4507 -0.8993
vt 0.5739 0.9095
vn 0.7048 0.0735 -0.7056
f 469/469/469 470/470/470 471/471/471
v -0.0115 0.4109 0.1344
vt 0.5317 0.8921
vn -0.0076 -0.2183 -0.9759
v -0.0030 0.3329 0.1518
vt 0.5317 0.8752
vn -0.0076 -0.2183 -0.9759
v -0.2263 0.3408 0.1518
vt 0.5517 0.8752
vn -0.0076 -0.2183 -0.9759
v -0.2139 0.4180 0.1344
vt 0.5517 0.8921
vn -0.0076 -0.2183 -0.9759
f 472/472/472 473/473/473 474/474/474 475/475/475
v -0.0111 0.4230 0.1447
vt 0.5317 0.9447
vn 0.4855 0.7039 -0.5185
v -0.0115 0.4109 0.1344
vt 0.5317 0.9336
vn 0.2638 0.6215 -0.7377
v -0.2139 0.4180 0.1344
vt 0.5517 0.9336
vn -0.2196 0.6384 -0.7377
v -0.2134 0.4301 0.1447
vt 0.5517 0.9447
vn -0.4351 0.7361 -0.5185
f 476/476/476 477/477/477 478/478/478 479/479/479
v -0.2118 0.4778 0.8971
vt 0.5517 0.8921
vn -0.7052 0.0666 0.7059
v -0.2230 0.4773 0.8859
vt 0.5528 0.8921
vn -0.7052 0.0666 0.7059
v -0.2243 0.3988 0.8920
vt 0.5517 0.8752
vn -0.7052 0.0666 0.7059
f 480/480/480 481/481/481 482/482/482
v -0.0115 0.4109 0.1344
vt 0.5317 0.8921
vn 0.7047 -0.0800 -0.7049
v -0.0002 0.4114 0.1456
vt 0.5306 0.8921
vn 0.7047 -0.0800 -0.7049
v -0.0030 0.3329 0.1518
vt 0.5317 0.8752
vn 0.7047 -0.0800 -0.7049
f 483/483/483 484/484/484 485/485/485
v -0.0111 0.4230 0.1447
vt 0.5317 0.9447
vn 0.4855 0.7039 -0.5185
v -0.0002 0.4114 0.1456
vt 0.5306 0.9336
vn 0.7090 0.6407 -0.2948
v -0.0115 0.4109 0.1344
vt 0.5317 0.9336
vn 0.2638 0.6215 -0.7377
f 486/486/486 487/487/487 488/488/488
v -0.2134 0.4301 0.1447
vt 0.5517 0.9447
vn -0.4351 0.7361 -0.5185
v -0.2139 0.4180 0.1344
vt 0.5517 0.9336
vn -0.2196 0.6384 -0.7377
v -0.2251 0.4193 0.1456
vt 0.5528 0.9336
vn -0.6624 0.6887 -0.2948
f 489/489/489 490/490/490 491/491/491
v 0.0018 0.4694 0.8859
vt 0.5306 0.8921
vn 0.9994 -0.0350 -0.0000
v -0.0009 0.3910 0.8920
vt 0.5317 0.8752
vn 0.9994 -0.0350 -0.0000
v -0.0025 0.3470 0.3312
vt 0.5317 0.8752
vn 0.9994 -0.0350 -0.0000
v 0.0003 0.4255 0.3251
vt 0.5306 0.8921
vn 0.9994 -0.0350 -0.0000
f 492/492/492 493/493/493 494/494/494 495/495/495
v -0.2263 0.3408 0.1518
vt 0.5517 0.8752
vn -0.7090 -0.0439 -0.7038
v -0.2251 0.4193 0.1456
vt 0.5528 0.8921
vn -0.7090 -0.0439 -0.7038
v -0.2139 0.4180 0.1344
vt 0.5517 0.8921
vn -0.7090 -0.0439 -0.7038
f 496/496/496 497/497/497 498/498/498
v 0.0018 0.4694 0.8859
vt 0.5306 0.8921
vn 0.7086 0.0305 0.7049
v -0.0094 0.4707 0.8971
vt 0.5317 0.8921
vn 0.7086 0.0305 0.7049
v -0.0009 0.3910 0.8920
vt 0.5317 0.8752
vn 0.7086 0.0305 0.7049
f 499/499/499 500/500/500 501/501/501
v -0.2230 0.4773 0.8859
vt 0.5528 0.9336
vn -0.6611 0.7265 0.1874
v -0.2118 0.4778 0.8971
vt 0.5517 0.9336
vn -0.2159 0.7457 0.6304
v -0.2114 0.4881 0.8850
vt 0.5517 0.9447
vn -0.4325 0.8081 0.3998
f 502/502/502 503/503/503 504/504/504
v -0.0094 0.4707 0.8971
vt 0.5317 0.9336
vn 0.2675 0.7288 0.6304
v 0.0018 0.4694 0.8859
vt 0.5306 0.9336
vn 0.7103 0.6785 0.1874
v -0.0090 0.4810 0.8850
vt 0.5317 0.9447
vn 0.4880 0.7759 0.3998
f 505/505/505 506/506/506 507/507/507
v -0.0009 0.3910 0.8920
vt 0.5317 0.8752
vn -0.0022 -0.0635 0.9980
v -0.0094 0.4707 0.8971
vt 0.5317 0.8921
vn -0.0022 -0.0635 0.9980
v -0.2118 0.4778 0.8971
vt 0.5517 0.8921
vn -0.0022 -0.0635 0.9980
v -0.2243 0.3988 0.8920
vt 0.5517 0.8752
vn -0.0022 -0.0635 0.9980
f 508/508/508 509/509/509 510/510/510 511/511/511
v -0.2114 0.4881 0.8850
vt 0.5517 0.9447
vn -0.4325 0.8081 0.3998
v -0.2118 0.4778 0.8971
vt 0.5517 0.9336
vn -0.2159 0.7457 0.6304
v -0.0094 0.4707 0.8971
vt 0.5317 0.9336
vn 0.2675 0.7288 0.6304
v -0.0090 0.4810 0.8850
vt 0.5317 0.9447
vn 0.4880 0.7759 0.3998
f 512/512/512 513/513/513 514/514/514 515/515/515
v 0.0003 0.4255 0.3251
vt 0.5306 0.9336
vn 0.7314 0.6797 -0.0553
v -0.0106 0.4371 0.3242
vt 0.5317 0.9360
vn 0.7314 0.6797 -0.0553
v -0.0090 0.4810 0.8850
vt 0.5317 0.9447
vn 0.4880 0.7759 0.3998
v 0.0018 0.4694 0.8859
vt 0.5306 0.9336
vn 0.7103 0.6785 0.1874
f 516/516/516 517/517/517 518/518/518 519/519/519
v 0.0003 0.4255 0.3251
vt 0.5306 0.8921
vn 0.9994 -0.0350 -0.0000
v -0.0025 0.3470 0.3312
vt 0.5317 0.8752
vn 0.9994 -0.0350 -0.0000
v -0.0030 0.3329 0.1518
vt 0.5317 0.8752
vn 0.9994 -0.0350 -0.0000
v -0.0002 0.4114 0.1456
vt 0.5306 0.8921
vn 0.9994 -0.0350 -0.0000
f 520/520/520 521/521/521 522/522/522 523/523/523
v -0.2129 0.4464 0.3520
vt 0.5517 0.9222
vn 0.0349 0.9963 -0.0782
v -0.0106 0.4371 0.3242
vt 0.5317 0.9222
vn 0.0349 0.9963 -0.0782
v -0.1940 0.4435 0.3242
vt 0.5489 0.9222
vn 0.0349 0.9963 -0.0782
f 524/524/524 525/525/525 526/526/526
v -0.0025 0.3470 0.3312
vt 0.5317 0.8475
vn -0.0349 -0.9963 0.0782
v -0.2257 0.3570 0.3591
vt 0.5517 0.8475
vn -0.0349 -0.9963 0.0782
v -0.1972 0.3538 0.3312
vt 0.5489 0.8475
vn -0.0349 -0.9963 0.0782
f 527/527/527 528/528/528 529/529/529
v -0.2130 0.4420 0.2964
vt 0.5517 0.9222
vn 0.0349 0.9963 -0.0782
v -0.0106 0.4371 0.3242
vt 0.5317 0.9222
vn 0.0349 0.9963 -0.0782
v -0.0111 0.4230 0.1447
vt 0.5317 0.9447
vn 0.0349 0.9963 -0.0782
v -0.2134 0.4301 0.1447
vt 0.5517 0.9447
vn 0.0349 0.9963 -0.0782
f 530/530/530 531/531/531 532/532/532 533/533/533
v -0.2259 0.3527 0.3034
vt 0.5517 0.8752
vn -0.9363 0.0183 0.3507
v -0.2246 0.4312 0.2972
vt 0.5528 0.8921
vn -0.9373 0.0183 0.3480
v -0.2251 0.4193 0.1456
vt 0.5528 0.8921
vn -0.9999 0.0160 0.0015
v -0.2263 0.3408 0.1518
vt 0.5517 0.8752
vn -0.9999 0.0160 0.0015
f 534/534/534 535/535/535 536/536/536 537/537/537
v -0.2053 0.4327 0.3251
vt 0.5500 0.8505
vn -0.7569 0.0183 0.6533
v -0.2246 0.4312 0.2972
vt 0.5528 0.8505
vn -0.9373 0.0183 0.3480
v -0.2259 0.3527 0.3034
vt 0.5517 0.8337
vn -0.9363 0.0183 0.3507
v -0.1972 0.3538 0.3312
vt 0.5489 0.8337
vn -0.7569 0.0183 0.6533
f 538/538/538 539/539/539 540/540/540 541/541/541
v -0.0002 0.4114 0.1456
vt 0.5306 0.9336
vn 0.7090 0.6407 -0.2948
v -0.0111 0.4230 0.1447
vt 0.5317 0.9447
vn 0.4855 0.7039 -0.5185
v -0.0106 0.4371 0.3242
vt 0.5317 0.9360
vn 0.7314 0.6797 -0.0553
v 0.0003 0.4255 0.3251
vt 0.5306 0.9336
vn 0.7314 0.6797 -0.0553
f 542/542/542 543/543/543 544/544/544 545/545/545
v -0.2114 0.4881 0.8850
vt 0.5517 0.9447
vn 0.0349 0.9963 -0.0782
v -0.0090 0.4810 0.8850
vt 0.5317 0.9447
vn 0.0349 0.9963 -0.0782
v -0.0106 0.4371 0.3242
vt 0.5317 0.9222
vn 0.0349 0.9963 -0.0782
v -0.2129 0.4464 0.3520
vt 0.5517 0.9222
vn 0.0349 0.9963 -0.0782
f 546/546/546 547/547/547 548/548/548 549/549/549
v -0.2129 0.4464 0.3520
vt 0.5517 0.9360
vn -0.6642 0.6831 -0.3036
v -0.2245 0.4355 0.3529
vt 0.5528 0.9336
vn -0.6726 0.6985 -0.2445
v -0.2230 0.4773 0.8859
vt 0.5528 0.9336
vn -0.6611 0.7265 0.1874
v -0.2114 0.4881 0.8850
vt 0.5517 0.9447
vn -0.4325 0.8081 0.3998
f 550/550/550 551/551/551 552/552/552 553/553/553
v -0.2134 0.4301 0.1447
vt 0.5517 0.9447
vn -0.4351 0.7361 -0.5185
v -0.2251 0.4193 0.1456
vt 0.5528 0.9336
vn -0.6624 0.6887 -0.2948
v -0.2246 0.4312 0.2972
vt 0.5528 0.9336
vn -0.6715 0.7283 0.1363
v -0.2130 0.4420 0.2964
vt 0.5517 0.9360
vn -0.6629 0.7223 0.1971
f 554/554/554 555/555/555 556/556/556 557/557/557
v -0.2129 0.4464 0.3520
vt 0.5517 0.9637
vn -0.6642 0.6831 -0.3036
v -0.1940 0.4435 0.3242
vt 0.5489 0.9637
vn -0.6199 0.6153 -0.4870
v -0.2053 0.4327 0.3251
vt 0.5500 0.9613
vn -0.6199 0.6153 -0.4870
v -0.2245 0.4355 0.3529
vt 0.5528 0.9613
vn -0.6726 0.6985 -0.2445
f 558/558/558 559/559/559 560/560/560 561/561/561
v -0.1940 0.4435 0.3242
vt 0.5489 0.8945
vn -0.6175 0.6839 0.3885
v -0.2130 0.4420 0.2964
vt 0.5517 0.8945
vn -0.6629 0.7223 0.1971
v -0.2246 0.4312 0.2972
vt 0.5528 0.8921
vn -0.6715 0.7283 0.1363
v -0.2053 0.4327 0.3251
vt 0.5500 0.8921
vn -0.6175 0.6839 0.3885
f 562/562/562 563/563/563 564/564/564 565/565/565
v -0.2245 0.4355 0.3529
vt 0.5528 0.9198
vn -0.9392 -0.0358 -0.3415
v -0.2053 0.4327 0.3251
vt 0.5500 0.9198
vn -0.7604 -0.0835 -0.6441
v -0.1972 0.3538 0.3312
vt 0.5489 0.9029
vn -0.7604 -0.0835 -0.6441
v -0.2257 0.3570 0.3591
vt 0.5517 0.9029
vn -0.9382 -0.0362 -0.3442
f 566/566/566 567/567/567 568/568/568 569/569/569
v -0.2243 0.3988 0.8920
vt 0.5517 0.8752
vn -0.9999 0.0160 0.0015
v -0.2230 0.4773 0.8859
vt 0.5528 0.8921
vn -0.9999 0.0160 0.0015
v -0.2245 0.4355 0.3529
vt 0.5528 0.8921
vn -0.9392 -0.0358 -0.3415
v -0.2257 0.3570 0.3591
vt 0.5517 0.8752
vn -0.9382 -0.0362 -0.3442
f 570/570/570 571/571/571 572/572/572 573/573/573
v -0.1940 0.4435 0.3242
vt 0.5489 0.9222
vn 0.0349 0.9963 -0.0782
v -0.0106 0.4371 0.3242
vt 0.5317 0.9222
vn 0.0349 0.9963 -0.0782
v -0.2130 0.4420 0.2964
vt 0.5517 0.9222
vn 0.0349 0.9963 -0.0782
f 574/574/574 575/575/575 576/576/576
v -0.0025 0.3470 0.3312
vt 0.5317 0.8475
vn -0.0349 -0.9963 0.0782
v -0.1972 0.3538 0.3312
vt 0.5489 0.8475
vn -0.0349 -0.9963 0.0782
v -0.2259 0.3527 0.3034
vt 0.5517 0.8475
vn -0.0349 -0.9963 0.0782
f 577/577/577 578/578/578 579/579/579
v -0.0030 0.3329 0.1518
vt 0.5317 0.8475
vn -0.0349 -0.9963 0.0782
v -0.0025 0.3470 0.3312
vt 0.5317 0.8475
vn -0.0349 -0.9963 0.0782
v -0.2259 0.3527 0.3034
vt 0.5517 0.8475
vn -0.0349 -0.9963 0.0782
v -0.2263 0.3408 0.1518
vt 0.5517 0.8475
vn -0.0349 -0.9963 0.0782
f 580/580/580 581/581/581 582/582/582 583/583/583
v -0.0009 0.3910 0.8920
vt 0.5317 0.8475
vn -0.0349 -0.9963 0.0782
v -0.2243 0.3988 0.8920
vt 0.5517 0.8475
vn -0.0349 -0.9963 0.0782
v -0.2257 0.3570 0.3591
vt 0.5517 0.8475
vn -0.0349 -0.9963 0.0782
v -0.0025 0.3470 0.3312
vt 0.5317 0.8475
vn -0.0349 -0.9963 0.0782
f 584/584/584 585/585/585 586/586/586 587/587/587
v 0.2281 0.2173 0.5075
vt 0.5762 0.8475
vn 0.0251 -0.9120 0.4095
v 0.2289 0.0000 0.0703
vt 0.5762 0.8475
vn 0.0594 -0.9036 0.4242
v 0.4517 0.0000 0.0132
vt 0.5962 0.8475
vn 0.0594 -0.9036 0.4242
v 0.4387 0.1967 0.4599
vt 0.5962 0.8475
vn 0.0408 -0.9083 0.4163
f 588/588/588 589/589/589 590/590/590 591/591/591
v 0.2250 0.2896 0.4761
vt 0.5751 0.8782
vn -0.9978 -0.0578 0.0315
v 0.2158 0.1196 0.0855
vt 0.5751 0.8782
vn -0.9957 -0.0799 0.0475
v 0.2289 0.0000 0.0703
vt 0.5762 0.8614
vn -0.9957 -0.0799 0.0475
v 0.2281 0.2173 0.5075
vt 0.5762 0.8614
vn -0.9978 -0.0582 0.0318
f 592/592/592 593/593/593 594/594/594 595/595/595
v 0.2363 0.2999 0.4717
vt 0.5762 0.9360
vn -0.7135 0.6457 -0.2719
v 0.2263 0.1314 0.0846
vt 0.5762 0.9360
vn -0.7199 0.6427 -0.2620
v 0.2158 0.1196 0.0855
vt 0.5751 0.9336
vn -0.7199 0.6427 -0.2620
v 0.2250 0.2896 0.4761
vt 0.5751 0.9336
vn -0.7136 0.6457 -0.2718
f 596/596/596 597/597/597 598/598/598 599/599/599
v 0.4387 0.2792 0.4240
vt 0.5962 0.9222
vn -0.0008 0.9172 -0.3985
v 0.4404 0.1080 0.0296
vt 0.5962 0.9222
vn -0.0011 0.9171 -0.3986
v 0.2263 0.1314 0.0846
vt 0.5762 0.9222
vn -0.0011 0.9171 -0.3986
v 0.2363 0.2999 0.4717
vt 0.5762 0.9222
vn -0.0005 0.9172 -0.3984
f 600/600/600 601/601/601 602/602/602 603/603/603
v 0.4500 0.2689 0.4285
vt 0.5973 0.9336
vn 0.6366 0.7541 -0.1616
v 0.4537 0.0937 0.0245
vt 0.5973 0.9336
vn 0.6754 0.6782 -0.2897
v 0.4404 0.1080 0.0296
vt 0.5962 0.9360
vn 0.6754 0.6782 -0.2897
v 0.4387 0.2792 0.4240
vt 0.5962 0.9360
vn 0.6235 0.7715 -0.1263
f 604/604/604 605/605/605 606/606/606 607/607/607
v 0.2158 0.1196 0.0855
vt 0.5751 0.9336
vn -0.2357 0.1090 -0.9657
v 0.2263 0.1314 0.0846
vt 0.5762 0.9360
vn -0.2335 0.1259 -0.9642
v 0.4404 0.1080 0.0296
vt 0.5962 0.9222
vn -0.2335 0.1259 -0.9642
v 0.4537 0.0937 0.0245
vt 0.5973 0.9336
vn -0.2409 0.1178 -0.9634
f 608/608/608 609/609/609 610/610/610 611/611/611
v 0.2124 0.4743 -0.9724
vt 0.5762 0.8614
vn -0.9995 -0.0303 0.0078
v 0.2197 0.2906 -0.7449
vt 0.5762 0.8614
vn -0.9985 -0.0520 -0.0150
v 0.2183 0.3519 -0.6954
vt 0.5751 0.8782
vn -0.9985 -0.0520 -0.0150
v 0.2109 0.5356 -0.9229
vt 0.5751 0.8782
vn -0.9995 -0.0303 0.0078
f 612/612/612 613/613/613 614/614/614 615/615/615
v 0.2219 0.5426 -0.9320
vt 0.5762 0.8782
vn -0.7248 0.4224 -0.5442
v 0.2124 0.4743 -0.9724
vt 0.5762 0.8614
vn -0.7248 0.4224 -0.5442
v 0.2109 0.5356 -0.9229
vt 0.5751 0.8782
vn -0.7248 0.4224 -0.5442
f 616/616/616 617/617/617 618/618/618
v 0.4248 0.5443 -0.9227
vt 0.5962 0.9447
vn 0.4641 0.8797 0.1031
v 0.4358 0.5356 -0.9301
vt 0.5973 0.9336
vn 0.6936 0.6858 0.2204
v 0.4243 0.5426 -0.9385
vt 0.5962 0.9336
vn 0.2384 0.9648 -0.1108
f 619/619/619 620/620/620 621/621/621
v 0.4229 0.4743 -0.9792
vt 0.5962 0.8614
vn -0.0278 0.5116 -0.8588
v 0.2124 0.4743 -0.9724
vt 0.5762 0.8614
vn -0.0278 0.5116 -0.8588
v 0.2219 0.5426 -0.9320
vt 0.5762 0.8782
vn -0.0278 0.5116 -0.8588
v 0.4243 0.5426 -0.9385
vt 0.5962 0.8782
vn -0.0278 0.5116 -0.8588
f 622/622/622 623/623/623 624/624/624 625/625/625
v 0.2219 0.5426 -0.9320
vt 0.5762 0.9336
vn -0.2450 0.9648 -0.0952
v 0.2109 0.5356 -0.9229
vt 0.5751 0.9336
vn -0.6779 0.6858 0.2647
v 0.2224 0.5443 -0.9162
vt 0.5762 0.9447
vn -0.4565 0.8797 0.1329
f 626/626/626 627/627/627 628/628/628
v 0.2224 0.5443 -0.9162
vt 0.5762 0.9447
vn -0.4565 0.8797 0.1329
v 0.4248 0.5443 -0.9227
vt 0.5962 0.9447
vn 0.4641 0.8797 0.1031
v 0.4243 0.5426 -0.9385
vt 0.5962 0.9336
vn 0.2384 0.9648 -0.1108
v 0.2219 0.5426 -0.9320
vt 0.5762 0.9336
vn -0.2450 0.9648 -0.0952
f 629/629/629 630/630/630 631/631/631 632/632/632
v 0.2109 0.5356 -0.9229
vt 0.5751 0.9336
vn -0.6779 0.6858 0.2647
v 0.2183 0.3519 -0.6954
vt 0.5751 0.9336
vn -0.6979 0.5501 0.4585
v 0.2297 0.3606 -0.6887
vt 0.5762 0.9360
vn -0.6979 0.5501 0.4586
v 0.2224 0.5443 -0.9162
vt 0.5762 0.9447
vn -0.4565 0.8797 0.1329
f 633/633/633 634/634/634 635/635/635 636/636/636
v 0.4583 0.0677 -0.3505
vt 0.5973 0.9336
vn 0.6878 0.5783 0.4387
v 0.4444 0.3203 -0.6636
vt 0.5973 0.9336
vn 0.6841 0.6620 0.3062
v 0.4334 0.3291 -0.6561
vt 0.5962 0.9360
vn 0.6804 0.6811 0.2704
v 0.4455 0.0699 -0.3350
vt 0.5962 0.9360
vn 0.6878 0.5783 0.4387
f 637/637/637 638/638/638 639/639/639 640/640/640
v 0.4311 0.3866 -0.7273
vt 0.5962 0.9222
vn 0.0203 0.7782 0.6277
v 0.4248 0.5443 -0.9227
vt 0.5962 0.9447
vn 0.0203 0.7782 0.6277
v 0.2224 0.5443 -0.9162
vt 0.5762 0.9447
vn 0.0203 0.7782 0.6277
v 0.2297 0.3606 -0.6887
vt 0.5762 0.9222
vn 0.0199 0.7781 0.6278
f 641/641/641 642/642/642 643/643/643 644/644/644
v 0.4248 0.5443 -0.9227
vt 0.5962 0.9447
vn 0.4641 0.8797 0.1031
v 0.4311 0.3866 -0.7273
vt 0.5962 0.9360
vn 0.7003 0.3889 0.5986
v 0.4421 0.3778 -0.7347
vt 0.5973 0.9336
vn 0.7090 0.4293 0.5595
v 0.4358 0.5356 -0.9301
vt 0.5973 0.9336
vn 0.6936 0.6858 0.2204
f 645/645/645 646/646/646 647/647/647 648/648/648
v 0.2197 0.2906 -0.7449
vt 0.5762 0.8475
vn -0.0498 -0.7704 -0.6357
v 0.4293 0.3165 -0.7838
vt 0.5962 0.8475
vn -0.0203 -0.7782 -0.6277
v 0.4026 0.2906 -0.7508
vt 0.5934 0.8475
vn -0.0203 -0.7782 -0.6277
f 649/649/649 650/650/650 651/651/651
v 0.4334 0.3291 -0.6561
vt 0.5962 0.9637
vn 0.6804 0.6811 0.2704
v 0.4444 0.3203 -0.6636
vt 0.5973 0.9613
vn 0.6841 0.6620 0.3062
v 0.4162 0.3519 -0.7018
vt 0.5946 0.9613
vn 0.6548 0.7454 0.1251
v 0.4044 0.3606 -0.6943
vt 0.5934 0.9637
vn 0.6548 0.7454 0.1251
f 652/652/652 653/653/653 654/654/654 655/655/655
v 0.4044 0.3606 -0.6943
vt 0.5934 0.8945
vn 0.6549 0.2445 0.7150
v 0.4162 0.3519 -0.7018
vt 0.5946 0.8921
vn 0.6549 0.2445 0.7150
v 0.4421 0.3778 -0.7347
vt 0.5973 0.8921
vn 0.7090 0.4293 0.5595
v 0.4311 0.3866 -0.7273
vt 0.5962 0.8945
vn 0.7003 0.3889 0.5986
f 656/656/656 657/657/657 658/658/658 659/659/659
v 0.4444 0.3203 -0.6636
vt 0.5973 0.9059
vn 0.9538 0.0793 -0.2897
v 0.4316 0.2591 -0.7126
vt 0.5962 0.8891
vn 0.9522 0.0821 -0.2942
v 0.4026 0.2906 -0.7508
vt 0.5934 0.8891
vn 0.8559 0.1979 -0.4778
v 0.4162 0.3519 -0.7018
vt 0.5946 0.9059
vn 0.8559 0.1979 -0.4778
f 660/660/660 661/661/661 662/662/662 663/663/663
v 0.4162 0.3519 -0.7018
vt 0.5946 0.8367
vn 0.8379 -0.4396 0.3235
v 0.4026 0.2906 -0.7508
vt 0.5934 0.8198
vn 0.8379 -0.4396 0.3235
v 0.4293 0.3165 -0.7838
vt 0.5962 0.8198
vn 0.9502 -0.2911 0.1115
v 0.4421 0.3778 -0.7347
vt 0.5973 0.8367
vn 0.9540 -0.2825 0.0999
f 664/664/664 665/665/665 666/666/666 667/667/667
v 0.4044 0.3606 -0.6943
vt 0.5934 0.9222
vn 0.0203 0.7782 0.6277
v 0.4311 0.3866 -0.7273
vt 0.5962 0.9222
vn 0.0203 0.7782 0.6277
v 0.2297 0.3606 -0.6887
vt 0.5762 0.9222
vn 0.0199 0.7781 0.6278
f 668/668/668 669/669/669 670/670/670
v 0.4455 0.0699 -0.3350
vt 0.5962 0.9222
vn 0.0193 0.7780 0.6280
v 0.4334 0.3291 -0.6561
vt 0.5962 0.9222
vn 0.0196 0.7781 0.6279
v 0.2297 0.3606 -0.6887
vt 0.5762 0.9222
vn 0.0199 0.7781 0.6278
v 0.2329 0.0320 -0.2819
vt 0.5762 0.9222
vn 0.0193 0.7780 0.6280
f 671/671/671 672/672/672 673/673/673 674/674/674
v 0.2329 0.0320 -0.2819
vt 0.5762 0.9360
vn -0.7033 0.5500 0.4504
v 0.2297 0.3606 -0.6887
vt 0.5762 0.9360
vn -0.6979 0.5501 0.4586
v 0.2183 0.3519 -0.6954
vt 0.5751 0.9336
vn -0.6979 0.5501 0.4585
v 0.2221 0.0257 -0.2916
vt 0.5751 0.9336
vn -0.7033 0.5500 0.4504
f 675/675/675 676/676/676 677/677/677 678/678/678
v 0.4358 0.5356 -0.9301
vt 0.5973 0.8782
vn 0.6834 0.3636 -0.6330
v 0.4229 0.4743 -0.9792
vt 0.5962 0.8614
vn 0.6834 0.3636 -0.6330
v 0.4243 0.5426 -0.9385
vt 0.5962 0.8782
vn 0.6834 0.3636 -0.6330
f 679/679/679 680/680/680 681/681/681
v 0.2221 0.0257 -0.2916
vt 0.5751 0.8782
vn -0.9966 -0.0737 -0.0378
v 0.2183 0.3519 -0.6954
vt 0.5751 0.8782
vn -0.9985 -0.0520 -0.0150
v 0.2197 0.2906 -0.7449
vt 0.5762 0.8614
vn -0.9985 -0.0520 -0.0150
v 0.2323 0.0000 -0.3805
vt 0.5762 0.8614
vn -0.9966 -0.0737 -0.0378
f 682/682/682 683/683/683 684/684/684 685/685/685
v 0.2323 0.0000 -0.3805
vt 0.5762 0.8475
vn -0.0895 -0.7585 -0.6454
v 0.2197 0.2906 -0.7449
vt 0.5762 0.8475
vn -0.0498 -0.7704 -0.6357
v 0.4316 0.2591 -0.7126
vt 0.5962 0.8475
vn -0.0680 -0.7651 -0.6403
v 0.4535 0.0000 -0.4358
vt 0.5962 0.8475
vn -0.0895 -0.7585 -0.6454
f 686/686/686 687/687/687 688/688/688 689/689/689
v 0.4293 0.3165 -0.7838
vt 0.5962 0.8614
vn 0.9502 -0.2911 0.1115
v 0.4229 0.4743 -0.9792
vt 0.5962 0.8614
vn 0.9866 -0.1101 -0.1208
v 0.4358 0.5356 -0.9301
vt 0.5973 0.8782
vn 0.9866 -0.1101 -0.1208
v 0.4421 0.3778 -0.7347
vt 0.5973 0.8782
vn 0.9540 -0.2825 0.0999
f 690/690/690 691/691/691 692/692/692 693/693/693
v 0.4334 0.3291 -0.6561
vt 0.5962 0.9222
vn 0.0196 0.7781 0.6279
v 0.4044 0.3606 -0.6943
vt 0.5934 0.9222
vn 0.0203 0.7782 0.6277
v 0.2297 0.3606 -0.6887
vt 0.5762 0.9222
vn 0.0199 0.7781 0.6278
f 694/694/694 695/695/695 696/696/696
v 0.2124 0.4743 -0.9724
vt 0.5762 0.8475
vn -0.0203 -0.7782 -0.6277
v 0.4229 0.4743 -0.9792
vt 0.5962 0.8475
vn -0.0203 -0.7782 -0.6277
v 0.4293 0.3165 -0.7838
vt 0.5962 0.8475
vn -0.0203 -0.7782 -0.6277
v 0.2197 0.2906 -0.7449
vt 0.5762 0.8475
vn -0.0498 -0.7704 -0.6357
f 697/697/697 698/698/698 699/699/699 700/700/700
v 0.2197 0.2906 -0.7449
vt 0.5762 0.8475
vn -0.0498 -0.7704 -0.6357
v 0.4026 0.2906 -0.7508
vt 0.5934 0.8475
vn -0.0203 -0.7782 -0.6277
v 0.4316 0.2591 -0.7126
vt 0.5962 0.8475
vn -0.0680 -0.7651 -0.6403
f 701/701/701 702/702/702 703/703/703
v 0.4316 0.2591 -0.7126
vt 0.5962 0.8614
vn 0.9522 0.0821 -0.2942
v 0.4444 0.3203 -0.6636
vt 0.5973 0.8782
vn 0.9538 0.0793 -0.2897
v 0.4583 0.0677 -0.3505
vt 0.5973 0.8782
vn 0.9948 -0.0386 -0.0938
v 0.4535 0.0000 -0.4358
vt 0.5962 0.8614
vn 0.9948 -0.0386 -0.0938
f 704/704/704 705/705/705 706/706/706 707/707/707
v 0.2329 0.0320 -0.2819
vt 0.5762 0.9222
vn 0.2442 -0.9126 0.3278
v 0.2221 0.0257 -0.2916
vt 0.5751 0.9336
vn 0.2408 -0.9201 0.3088
v 0.4583 0.0677 -0.3505
vt 0.5973 0.9336
vn 0.1966 -0.8548 0.4802
v 0.4455 0.0699 -0.3350
vt 0.5962 0.9222
vn 0.2442 -0.9126 0.3278
f 708/708/708 709/709/709 710/710/710 711/711/711
v 0.4583 0.0677 -0.3505
vt 0.5973 0.8782
vn 0.1966 -0.8548 0.4802
v 0.2221 0.0257 -0.2916
vt 0.5751 0.9336
vn 0.2408 -0.9201 0.3088
v 0.2323 0.0000 -0.3805
vt 0.5762 0.8614
vn 0.2199 -0.9005 0.3750
f 712/712/712 713/713/713 714/714/714
v -0.5202 0.3596 0.1950
vt 0.5962 0.8614
vn -0.9918 -0.0895 -0.0911
v -0.5189 0.4384 0.1491
vt 0.5973 0.8782
vn -0.9918 -0.0895 -0.0911
v -0.4830 0.4415 -0.2898
vt 0.5973 0.8782
vn -0.9435 -0.1103 -0.3123
v -0.4718 0.3627 -0.2895
vt 0.5962 0.8614
vn -0.9401 -0.1112 -0.3222
f 715/715/715 716/716/716 717/717/717 718/718/718
v -0.2579 0.3631 -0.3259
vt 0.5762 0.8475
vn 0.0001 -1.0000 -0.0072
v -0.4403 0.3631 -0.3393
vt 0.5934 0.8475
vn 0.0005 -1.0000 -0.0074
v -0.4633 0.3636 -0.4049
vt 0.5962 0.8475
vn 0.0005 -1.0000 -0.0074
f 719/719/719 720/720/720 721/721/721
v -0.4634 0.4536 -0.4042
vt 0.5962 0.9222
vn -0.0005 1.0000 0.0074
v -0.4336 0.4531 -0.3381
vt 0.5928 0.9222
vn -0.0005 1.0000 0.0074
v -0.2661 0.4531 -0.3259
vt 0.5762 0.9222
vn -0.0001 1.0000 0.0076
f 722/722/722 723/723/723 724/724/724
v -0.4336 0.4531 -0.3381
vt 0.5928 0.9222
vn -0.0005 1.0000 0.0074
v -0.4718 0.4527 -0.2889
vt 0.5962 0.9222
vn 0.0003 1.0000 0.0077
v -0.2661 0.4531 -0.3259
vt 0.5762 0.9222
vn -0.0001 1.0000 0.0076
f 725/725/725 726/726/726 727/727/727
v -0.2185 0.3671 -0.8645
vt 0.5762 0.8614
vn 0.9966 -0.0390 0.0726
v -0.2155 0.4459 -0.8637
vt 0.5751 0.8782
vn 0.9966 -0.0390 0.0726
v -0.2548 0.4419 -0.3251
vt 0.5751 0.8782
vn 0.9951 -0.0721 0.0676
v -0.2579 0.3631 -0.3259
vt 0.5762 0.8614
vn 0.9951 -0.0721 0.0676
f 728/728/728 729/729/729 730/730/730 731/731/731
v -0.2259 0.4459 -0.8757
vt 0.5762 0.8782
vn 0.7565 -0.0224 -0.6536
v -0.2155 0.4459 -0.8637
vt 0.5751 0.8782
vn 0.7565 -0.0224 -0.6536
v -0.2185 0.3671 -0.8645
vt 0.5762 0.8614
vn 0.7565 -0.0224 -0.6536
f 732/732/732 733/733/733 734/734/734
v -0.4286 0.4571 -0.8792
vt 0.5962 0.9447
vn -0.4262 0.7622 -0.4873
v -0.4278 0.4459 -0.8905
vt 0.5962 0.9336
vn -0.1915 0.6912 -0.6968
v -0.4399 0.4459 -0.8801
vt 0.5973 0.9336
vn -0.6670 0.6879 -0.2862
f 735/735/735 736/736/736 737/737/737
v -0.4286 0.3671 -0.8798
vt 0.5962 0.8614
vn 0.0723 -0.1341 -0.9883
v -0.4278 0.4459 -0.8905
vt 0.5962 0.8782
vn 0.0723 -0.1341 -0.9883
v -0.2259 0.4459 -0.8757
vt 0.5762 0.8782
vn 0.0723 -0.1341 -0.9883
v -0.2185 0.3671 -0.8645
vt 0.5762 0.8614
vn 0.0723 -0.1341 -0.9883
f 738/738/738 739/739/739 740/740/740 741/741/741
v -0.2259 0.4459 -0.8757
vt 0.5762 0.9336
vn 0.2909 0.6912 -0.6616
v -0.2267 0.4571 -0.8644
vt 0.5762 0.9447
vn 0.4925 0.7622 -0.4201
v -0.2155 0.4459 -0.8637
vt 0.5751 0.9336
vn 0.7016 0.6879 -0.1861
f 742/742/742 743/743/743 744/744/744
v -0.2267 0.4571 -0.8644
vt 0.5762 0.9447
vn 0.4925 0.7622 -0.4201
v -0.2259 0.4459 -0.8757
vt 0.5762 0.9336
vn 0.2909 0.6912 -0.6616
v -0.4278 0.4459 -0.8905
vt 0.5962 0.9336
vn -0.1915 0.6912 -0.6968
v -0.4286 0.4571 -0.8792
vt 0.5962 0.9447
vn -0.4262 0.7622 -0.4873
f 745/745/745 746/746/746 747/747/747 748/748/748
v -0.2155 0.4459 -0.8637
vt 0.5751 0.9336
vn 0.7016 0.6879 -0.1861
v -0.2267 0.4571 -0.8644
vt 0.5762 0.9447
vn 0.4925 0.7622 -0.4201
v -0.2661 0.4531 -0.3259
vt 0.5762 0.9360
vn 0.7118 0.7006 0.0494
v -0.2548 0.4419 -0.3251
vt 0.5751 0.9336
vn 0.7119 0.7006 0.0493
f 749/749/749 750/750/750 751/751/751 752/752/752
v -0.4286 0.4571 -0.8792
vt 0.5962 0.9447
vn -0.4262 0.7622 -0.4873
v -0.4399 0.4459 -0.8801
vt 0.5973 0.9336
vn -0.6670 0.6879 -0.2862
v -0.4746 0.4423 -0.4051
vt 0.5973 0.9336
vn -0.6641 0.7429 0.0843
v -0.4634 0.4536 -0.4042
vt 0.5962 0.9360
vn -0.6532 0.7488 0.1128
f 753/753/753 754/754/754 755/755/755 756/756/756
v -0.4718 0.4527 -0.2889
vt 0.5962 0.8945
vn -0.6083 0.7594 -0.2308
v -0.4336 0.4531 -0.3381
vt 0.5928 0.8945
vn -0.5974 0.7999 -0.0570
v -0.4523 0.4419 -0.3396
vt 0.5946 0.8921
vn -0.5960 0.7997 -0.0730
v -0.4830 0.4415 -0.2898
vt 0.5973 0.8921
vn -0.6242 0.7572 -0.1925
f 757/757/757 758/758/758 759/759/759 760/760/760
v -0.4336 0.4531 -0.3381
vt 0.5928 0.9637
vn -0.5974 0.7999 -0.0570
v -0.4634 0.4536 -0.4042
vt 0.5962 0.9637
vn -0.6532 0.7488 0.1128
v -0.4746 0.4423 -0.4051
vt 0.5973 0.9613
vn -0.6641 0.7429 0.0843
v -0.4523 0.4419 -0.3396
vt 0.5946 0.9613
vn -0.5960 0.7997 -0.0730
f 761/761/761 762/762/762 763/763/763 764/764/764
v -0.4830 0.4415 -0.2898
vt 0.5973 0.8367
vn -0.9435 -0.1103 -0.3123
v -0.4523 0.4419 -0.3396
vt 0.5946 0.8367
vn -0.8410 -0.1260 -0.5261
v -0.4403 0.3631 -0.3393
vt 0.5934 0.8198
vn -0.8410 -0.1260 -0.5261
v -0.4718 0.3627 -0.2895
vt 0.5962 0.8198
vn -0.9401 -0.1112 -0.3222
f 765/765/765 766/766/766 767/767/767 768/768/768
v -0.4523 0.4419 -0.3396
vt 0.5946 0.9059
vn -0.9365 -0.1373 0.3225
v -0.4746 0.4423 -0.4051
vt 0.5973 0.9059
vn -0.9821 -0.1422 0.1236
v -0.4633 0.3636 -0.4049
vt 0.5962 0.8891
vn -0.9812 -0.1422 0.1308
v -0.4403 0.3631 -0.3393
vt 0.5934 0.8891
vn -0.9365 -0.1373 0.3225
f 769/769/769 770/770/770 771/771/771 772/772/772
v -0.2185 0.3671 -0.8645
vt 0.5762 0.8475
vn 0.0005 -1.0000 -0.0074
v -0.2579 0.3631 -0.3259
vt 0.5762 0.8475
vn 0.0001 -1.0000 -0.0072
v -0.4633 0.3636 -0.4049
vt 0.5962 0.8475
vn 0.0005 -1.0000 -0.0074
v -0.4286 0.3671 -0.8798
vt 0.5962 0.8475
vn 0.0005 -1.0000 -0.0074
f 773/773/773 774/774/774 775/775/775 776/776/776
v -0.4403 0.3631 -0.3393
vt 0.5934 0.8475
vn 0.0005 -1.0000 -0.0074
v -0.2579 0.3631 -0.3259
vt 0.5762 0.8475
vn 0.0001 -1.0000 -0.0072
v -0.4718 0.3627 -0.2895
vt 0.5962 0.8475
vn -0.0001 -1.0000 -0.0071
f 777/777/777 778/778/778 779/779/779
v -0.4399 0.4459 -0.8801
vt 0.5973 0.8782
vn -0.6503 -0.0953 -0.7537
v -0.4278 0.4459 -0.8905
vt 0.5962 0.8782
vn -0.6503 -0.0953 -0.7537
v -0.4286 0.3671 -0.8798
vt 0.5962 0.8614
vn -0.6503 -0.0953 -0.7537
f 780/780/780 781/781/781 782/782/782
v -0.4633 0.3636 -0.4049
vt 0.5962 0.8614
vn -0.9812 -0.1422 0.1308
v -0.4746 0.4423 -0.4051
vt 0.5973 0.8782
vn -0.9821 -0.1422 0.1236
v -0.4399 0.4459 -0.8801
vt 0.5973 0.8782
vn -0.9872 -0.1414 -0.0732
v -0.4286 0.3671 -0.8798
vt 0.5962 0.8614
vn -0.9872 -0.1414 -0.0732
f 783/783/783 784/784/784 785/785/785 786/786/786
v -0.5189 0.4384 0.1491
vt 0.5973 0.8782
vn 0.1717 0.4934 0.8527
v -0.5202 0.3596 0.1950
vt 0.5962 0.8614
vn 0.1717 0.4935 0.8527
v -0.2934 0.3596 0.1493
vt 0.5762 0.8475
vn 0.1717 0.4935 0.8527
v -0.2767 0.4384 0.1004
vt 0.5751 0.8782
vn 0.1718 0.4934 0.8527
f 787/787/787 788/788/788 789/789/789 790/790/790
v -0.4286 0.4571 -0.8792
vt 0.5962 0.9447
vn -0.0005 1.0000 0.0074
v -0.4634 0.4536 -0.4042
vt 0.5962 0.9222
vn -0.0005 1.0000 0.0074
v -0.2661 0.4531 -0.3259
vt 0.5762 0.9222
vn -0.0001 1.0000 0.0076
v -0.2267 0.4571 -0.8644
vt 0.5762 0.9447
vn -0.0005 1.0000 0.0074
f 791/791/791 792/792/792 793/793/793 794/794/794
v -0.2579 0.3631 -0.3259
vt 0.5762 0.8475
vn 0.0001 -1.0000 -0.0072
v -0.2934 0.3596 0.1493
vt 0.5762 0.8475
vn -0.0004 -1.0000 -0.0069
v -0.5202 0.3596 0.1950
vt 0.5962 0.8475
vn -0.0004 -1.0000 -0.0069
v -0.4718 0.3627 -0.2895
vt 0.5962 0.8475
vn -0.0001 -1.0000 -0.0071
f 795/795/795 796/796/796 797/797/797 798/798/798
v -0.2548 0.4419 -0.3251
vt 0.5751 0.8782
vn 0.9951 -0.0721 0.0676
v -0.2767 0.4384 0.1004
vt 0.5751 0.8782
vn 0.9925 -0.1052 0.0625
v -0.2934 0.3596 0.1493
vt 0.5762 0.8614
vn 0.9925 -0.1052 0.0625
v -0.2579 0.3631 -0.3259
vt 0.5762 0.8614
vn 0.9951 -0.0721 0.0676
f 799/799/799 800/800/800 801/801/801 802/802/802
v -0.2661 0.4531 -0.3259
vt 0.5762 0.9360
vn 0.7118 0.7006 0.0494
v -0.2869 0.4496 0.0959
vt 0.5762 0.9360
vn 0.7188 0.6940 0.0420
v -0.2767 0.4384 0.1004
vt 0.5751 0.9336
vn 0.7188 0.6940 0.0420
v -0.2548 0.4419 -0.3251
vt 0.5751 0.9336
vn 0.7119 0.7006 0.0493
f 803/803/803 804/804/804 805/805/805 806/806/806
v -0.4718 0.4527 -0.2889
vt 0.5962 0.9222
vn 0.0003 1.0000 0.0077
v -0.5048 0.4496 0.1398
vt 0.5962 0.9222
vn 0.0006 1.0000 0.0078
v -0.2869 0.4496 0.0959
vt 0.5762 0.9222
vn 0.0006 1.0000 0.0078
v -0.2661 0.4531 -0.3259
vt 0.5762 0.9222
vn -0.0001 1.0000 0.0076
f 807/807/807 808/808/808 809/809/809 810/810/810
v -0.4830 0.4415 -0.2898
vt 0.5973 0.9336
vn -0.6242 0.7572 -0.1925
v -0.5189 0.4384 0.1491
vt 0.5973 0.9336
vn -0.6736 0.7375 -0.0482
v -0.5048 0.4496 0.1398
vt 0.5962 0.9360
vn -0.6736 0.7375 -0.0482
v -0.4718 0.4527 -0.2889
vt 0.5962 0.9360
vn -0.6083 0.7594 -0.2308
f 811/811/811 812/812/812 813/813/813 814/814/814
v -0.2767 0.4384 0.1004
vt 0.5751 0.9336
vn 0.1718 0.4934 0.8527
v -0.2869 0.4496 0.0959
vt 0.5762 0.9360
vn 0.1718 0.4933 0.8527
v -0.5048 0.4496 0.1398
vt 0.5962 0.9222
vn 0.1718 0.4933 0.8527
v -0.5189 0.4384 0.1491
vt 0.5973 0.9336
vn 0.1717 0.4934 0.8527
f 815/815/815 816/816/816 817/817/817 818/818/818
v -0.1935 0.3540 0.9526
vt 0.5762 0.8614
vn 0.9927 -0.0390 -0.1139
v -0.2268 0.3561 0.6620
vt 0.5762 0.8614
vn 0.9915 -0.0694 -0.1097
v -0.2237 0.4349 0.6622
vt 0.5751 0.8782
vn 0.9915 -0.0694 -0.1097
v -0.1904 0.4327 0.9528
vt 0.5751 0.8782
vn 0.9927 -0.0390 -0.1139
f 819/819/819 820/820/820 821/821/821 822/822/822
v -0.2003 0.4326 0.9653
vt 0.5762 0.8782
vn 0.7826 -0.0328 0.6216
v -0.1935 0.3540 0.9526
vt 0.5762 0.8614
vn 0.7826 -0.0328 0.6216
v -0.1904 0.4327 0.9528
vt 0.5751 0.8782
vn 0.7826 -0.0328 0.6216
f 823/823/823 824/824/824 825/825/825
v -0.4028 0.4440 0.9772
vt 0.5962 0.9447
vn -0.4046 0.7554 0.5155
v -0.4139 0.4327 0.9784
vt 0.5973 0.9336
vn -0.6536 0.6843 0.3233
v -0.4015 0.4326 0.9883
vt 0.5962 0.9336
vn -0.1617 0.6810 0.7142
f 826/826/826 827/827/827 828/828/828
v -0.4028 0.3540 0.9765
vt 0.5962 0.8614
vn 0.1125 -0.1487 0.9825
v -0.1935 0.3540 0.9526
vt 0.5762 0.8614
vn 0.1125 -0.1487 0.9825
v -0.2003 0.4326 0.9653
vt 0.5762 0.8782
vn 0.1125 -0.1487 0.9825
v -0.4015 0.4326 0.9883
vt 0.5962 0.8782
vn 0.1125 -0.1487 0.9825
f 829/829/829 830/830/830 831/831/831 832/832/832
v -0.2003 0.4326 0.9653
vt 0.5762 0.9336
vn 0.3189 0.6810 0.6592
v -0.1904 0.4327 0.9528
vt 0.5751 0.9336
vn 0.7097 0.6843 0.1673
v -0.2016 0.4440 0.9542
vt 0.5762 0.9447
vn 0.5106 0.7554 0.4108
f 833/833/833 834/834/834 835/835/835
v -0.2016 0.4440 0.9542
vt 0.5762 0.9447
vn 0.5106 0.7554 0.4108
v -0.4028 0.4440 0.9772
vt 0.5962 0.9447
vn -0.4046 0.7554 0.5155
v -0.4015 0.4326 0.9883
vt 0.5962 0.9336
vn -0.1617 0.6810 0.7142
v -0.2003 0.4326 0.9653
vt 0.5762 0.9336
vn 0.3189 0.6810 0.6592
f 836/836/836 837/837/837 838/838/838 839/839/839
v -0.1904 0.4327 0.9528
vt 0.5751 0.9336
vn 0.7097 0.6843 0.1673
v -0.2237 0.4349 0.6622
vt 0.5751 0.9336
vn 0.7091 0.7017 -0.0695
v -0.2348 0.4461 0.6636
vt 0.5762 0.9360
vn 0.7090 0.7018 -0.0696
v -0.2016 0.4440 0.9542
vt 0.5762 0.9447
vn 0.5106 0.7554 0.4108
f 840/840/840 841/841/841 842/842/842 843/843/843
v -0.5024 0.4384 0.2384
vt 0.5973 0.9336
vn -0.6677 0.7393 0.0866
v -0.4529 0.4353 0.6379
vt 0.5973 0.9336
vn -0.6507 0.7200 0.2413
v -0.4417 0.4465 0.6367
vt 0.5962 0.9360
vn -0.6436 0.7121 0.2806
v -0.4904 0.4496 0.2267
vt 0.5962 0.9360
vn -0.6677 0.7393 0.0866
f 844/844/844 845/845/845 846/846/846 847/847/847
v -0.4313 0.4458 0.7276
vt 0.5962 0.9222
vn 0.0008 1.0000 0.0073
v -0.4028 0.4440 0.9772
vt 0.5962 0.9447
vn 0.0008 1.0000 0.0073
v -0.2016 0.4440 0.9542
vt 0.5762 0.9447
vn 0.0008 1.0000 0.0073
v -0.2348 0.4461 0.6636
vt 0.5762 0.9222
vn 0.0013 1.0000 0.0072
f 848/848/848 849/849/849 850/850/850 851/851/851
v -0.4028 0.4440 0.9772
vt 0.5962 0.9447
vn -0.4046 0.7554 0.5155
v -0.4313 0.4458 0.7276
vt 0.5962 0.9360
vn -0.7028 0.6943 -0.1550
v -0.4425 0.4346 0.7288
vt 0.5973 0.9336
vn -0.7063 0.7010 -0.0985
v -0.4139 0.4327 0.9784
vt 0.5973 0.9336
vn -0.6536 0.6843 0.3233
f 852/852/852 853/853/853 854/854/854 855/855/855
v -0.2268 0.3561 0.6620
vt 0.5762 0.8475
vn -0.0013 -1.0000 -0.0075
v -0.4314 0.3558 0.7269
vt 0.5962 0.8475
vn -0.0008 -1.0000 -0.0073
v -0.4085 0.3561 0.6828
vt 0.5934 0.8475
vn -0.0008 -1.0000 -0.0073
f 856/856/856 857/857/857 858/858/858
v -0.4417 0.4465 0.6367
vt 0.5962 0.9637
vn -0.6436 0.7121 0.2806
v -0.4529 0.4353 0.6379
vt 0.5973 0.9613
vn -0.6507 0.7200 0.2413
v -0.4204 0.4349 0.6847
vt 0.5946 0.9613
vn -0.6053 0.6693 0.4309
v -0.4085 0.4461 0.6834
vt 0.5934 0.9637
vn -0.6053 0.6693 0.4309
f 859/859/859 860/860/860 861/861/861 862/862/862
v -0.4085 0.4461 0.6834
vt 0.5934 0.8945
vn -0.6745 0.6555 -0.3397
v -0.4204 0.4349 0.6847
vt 0.5946 0.8921
vn -0.6745 0.6555 -0.3397
v -0.4425 0.4346 0.7288
vt 0.5973 0.8921
vn -0.7063 0.7010 -0.0985
v -0.4313 0.4458 0.7276
vt 0.5962 0.8945
vn -0.7028 0.6943 -0.1550
f 863/863/863 864/864/864 865/865/865 866/866/866
v -0.4529 0.4353 0.6379
vt 0.5973 0.9059
vn -0.9278 -0.1075 0.3572
v -0.4418 0.3565 0.6360
vt 0.5962 0.8891
vn -0.9237 -0.1088 0.3674
v -0.4085 0.3561 0.6828
vt 0.5934 0.8891
vn -0.8114 -0.1320 0.5694
v -0.4204 0.4349 0.6847
vt 0.5946 0.9059
vn -0.8114 -0.1320 0.5694
f 867/867/867 868/868/868 869/869/869 870/870/870
v -0.4204 0.4349 0.6847
vt 0.5946 0.8367
vn -0.8841 -0.1180 -0.4521
v -0.4085 0.3561 0.6828
vt 0.5934 0.8198
vn -0.8841 -0.1180 -0.4521
v -0.4314 0.3558 0.7269
vt 0.5962 0.8198
vn -0.9734 -0.1351 -0.1849
v -0.4425 0.4346 0.7288
vt 0.5973 0.8367
vn -0.9760 -0.1357 -0.1703
f 871/871/871 872/872/872 873/873/873 874/874/874
v -0.4085 0.4461 0.6834
vt 0.5934 0.9222
vn 0.0008 1.0000 0.0073
v -0.4313 0.4458 0.7276
vt 0.5962 0.9222
vn 0.0008 1.0000 0.0073
v -0.2348 0.4461 0.6636
vt 0.5762 0.9222
vn 0.0013 1.0000 0.0072
f 875/875/875 876/876/876 877/877/877
v -0.4904 0.4496 0.2267
vt 0.5962 0.9222
vn 0.0018 1.0000 0.0069
v -0.4417 0.4465 0.6367
vt 0.5962 0.9222
vn 0.0015 1.0000 0.0070
v -0.2348 0.4461 0.6636
vt 0.5762 0.9222
vn 0.0013 1.0000 0.0072
v -0.2844 0.4496 0.1430
vt 0.5762 0.9222
vn 0.0018 1.0000 0.0069
f 878/878/878 879/879/879 880/880/880 881/881/881
v -0.2844 0.4496 0.1430
vt 0.5762 0.9360
vn 0.7149 0.6963 -0.0638
v -0.2348 0.4461 0.6636
vt 0.5762 0.9360
vn 0.7090 0.7018 -0.0696
v -0.2237 0.4349 0.6622
vt 0.5751 0.9336
vn 0.7091 0.7017 -0.0695
v -0.2735 0.4384 0.1455
vt 0.5751 0.9336
vn 0.7149 0.6963 -0.0638
f 882/882/882 883/883/883 884/884/884 885/885/885
v -0.4139 0.4327 0.9784
vt 0.5973 0.8782
vn -0.6190 -0.1057 0.7782
v -0.4028 0.3540 0.9765
vt 0.5962 0.8614
vn -0.6190 -0.1057 0.7782
v -0.4015 0.4326 0.9883
vt 0.5962 0.8782
vn -0.6190 -0.1057 0.7782
f 886/886/886 887/887/887 888/888/888
v -0.2735 0.4384 0.1455
vt 0.5751 0.8782
vn 0.9894 -0.0997 -0.1054
v -0.2237 0.4349 0.6622
vt 0.5751 0.8782
vn 0.9915 -0.0694 -0.1097
v -0.2268 0.3561 0.6620
vt 0.5762 0.8614
vn 0.9915 -0.0694 -0.1097
v -0.2809 0.3596 0.1967
vt 0.5762 0.8614
vn 0.9894 -0.0997 -0.1054
f 889/889/889 890/890/890 891/891/891 892/892/892
v -0.2809 0.3596 0.1967
vt 0.5762 0.8475
vn -0.0020 -1.0000 -0.0078
v -0.2268 0.3561 0.6620
vt 0.5762 0.8475
vn -0.0013 -1.0000 -0.0075
v -0.4418 0.3565 0.6360
vt 0.5962 0.8475
vn -0.0016 -1.0000 -0.0077
v -0.4952 0.3596 0.2837
vt 0.5962 0.8475
vn -0.0020 -1.0000 -0.0078
f 893/893/893 894/894/894 895/895/895 896/896/896
v -0.4314 0.3558 0.7269
vt 0.5962 0.8614
vn -0.9734 -0.1351 -0.1849
v -0.4028 0.3540 0.9765
vt 0.5962 0.8614
vn -0.9836 -0.1414 0.1116
v -0.4139 0.4327 0.9784
vt 0.5973 0.8782
vn -0.9836 -0.1414 0.1116
v -0.4425 0.4346 0.7288
vt 0.5973 0.8782
vn -0.9760 -0.1357 -0.1703
f 897/897/897 898/898/898 899/899/899 900/900/900
v -0.4417 0.4465 0.6367
vt 0.5962 0.9222
vn 0.0015 1.0000 0.0070
v -0.4085 0.4461 0.6834
vt 0.5934 0.9222
vn 0.0008 1.0000 0.0073
v -0.2348 0.4461 0.6636
vt 0.5762 0.9222
vn 0.0013 1.0000 0.0072
f 901/901/901 902/902/902 903/903/903
v -0.1935 0.3540 0.9526
vt 0.5762 0.8475
vn -0.0008 -1.0000 -0.0073
v -0.4028 0.3540 0.9765
vt 0.5962 0.8475
vn -0.0008 -1.0000 -0.0073
v -0.4314 0.3558 0.7269
vt 0.5962 0.8475
vn -0.0008 -1.0000 -0.0073
v -0.2268 0.3561 0.6620
vt 0.5762 0.8475
vn -0.0013 -1.0000 -0.0075
f 904/904/904 905/905/905 906/906/906 907/907/907
v -0.2268 0.3561 0.6620
vt 0.5762 0.8475
vn -0.0013 -1.0000 -0.0075
v -0.4085 0.3561 0.6828
vt 0.5934 0.8475
vn -0.0008 -1.0000 -0.0073
v -0.4418 0.3565 0.6360
vt 0.5962 0.8475
vn -0.0016 -1.0000 -0.0077
f 908/908/908 909/909/909 910/910/910
v -0.4418 0.3565 0.6360
vt 0.5962 0.8614
vn -0.9237 -0.1088 0.3674
v -0.4529 0.4353 0.6379
vt 0.5973 0.8782
vn -0.9278 -0.1075 0.3572
v -0.5024 0.4384 0.2384
vt 0.5973 0.8782
vn -0.9878 -0.0781 0.1345
v -0.4952 0.3596 0.2837
vt 0.5962 0.8614
vn -0.9878 -0.0781 0.1345
f 911/911/911 912/912/912 913/913/913 914/914/914
v -0.2844 0.4496 0.1430
vt 0.5762 0.9222
vn -0.3273 -0.4933 -0.8059
v -0.2735 0.4384 0.1455
vt 0.5751 0.9336
vn -0.3273 -0.4934 -0.8059
v -0.5024 0.4384 0.2384
vt 0.5973 0.9336
vn -0.3273 -0.4934 -0.8059
v -0.4904 0.4496 0.2267
vt 0.5962 0.9222
vn -0.3273 -0.4933 -0.8059
f 915/915/915 916/916/916 917/917/917 918/918/918
v -0.4952 0.3596 0.2837
vt 0.5962 0.8614
vn -0.3272 -0.4935 -0.8059
v -0.5024 0.4384 0.2384
vt 0.5973 0.8782
vn -0.3273 -0.4934 -0.8059
v -0.2735 0.4384 0.1455
vt 0.5751 0.9336
vn -0.3273 -0.4934 -0.8059
v -0.2809 0.3596 0.1967
vt 0.5762 0.8614
vn -0.3272 -0.4935 -0.8059
f 919/919/919 920/920/920 921/921/921 922/922/922
v 0.2158 0.1196 0.0855
vt 0.5751 0.8782
vn -0.2357 0.1090 -0.9657
v 0.4537 0.0937 0.0245
vt 0.5973 0.8782
vn -0.2409 0.1178 -0.9634
v 0.2289 0.0000 0.0703
vt 0.5762 0.8475
vn -0.2394 0.1025 -0.9655
f 923/923/923 924/924/924 925/925/925
v 0.4535 0.0000 -0.4358
vt 0.5962 0.8614
vn 0.1522 -0.7782 0.6093
v 0.4583 0.0677 -0.3505
vt 0.5973 0.8782
vn 0.1966 -0.8548 0.4802
v 0.2323 0.0000 -0.3805
vt 0.5762 0.8614
vn 0.2199 -0.9005 0.3750
f 926/926/926 927/927/927 928/928/928
v 0.3611 0.0210 -0.2870
vt 0.5438 0.8509
vn 0.1303 -0.1031 -0.9861
v 0.4033 0.0339 -0.2828
vt 0.5670 0.8470
vn 0.1303 -0.1031 -0.9861
v 0.3955 0.0000 -0.2803
vt 0.5670 0.8057
vn 0.1303 -0.1031 -0.9861
f 929/929/929 930/930/930 931/931/931
v 0.3955 0.0000 -0.2803
vt 0.5670 0.7901
vn 0.9309 -0.2338 -0.2806
v 0.4033 0.0339 -0.2828
vt 0.5948 0.8040
vn 0.9507 -0.1686 -0.2605
v 0.4223 0.0000 -0.1915
vt 0.5856 0.8040
vn 0.9686 -0.0856 -0.2334
f 932/932/932 933/933/933 934/934/934
v 0.3320 0.0000 -0.2344
vt 0.5198 0.8040
vn -0.1062 -0.9835 -0.1468
v 0.4223 0.0000 -0.1915
vt 0.5587 0.7901
vn 0.0000 -1.0000 0.0000
v 0.3711 0.0000 -0.1911
vt 0.5290 0.8040
vn 0.0000 -1.0000 0.0000
f 935/935/935 936/936/936 937/937/937
v 0.4033 0.0339 -0.2828
vt 0.5670 0.8861
vn -0.2221 0.9396 -0.2606
v 0.3611 0.0210 -0.2870
vt 0.5438 0.8509
vn -0.2501 0.9193 -0.3039
v 0.3302 0.0302 -0.2338
vt 0.5198 0.8870
vn -0.2711 0.9529 -0.1359
f 938/938/938 939/939/939 940/940/940
v 0.3955 0.0000 -0.2803
vt 0.5670 0.7901
vn -0.1709 -0.9565 -0.2363
v 0.4223 0.0000 -0.1915
vt 0.5587 0.7901
vn 0.0000 -1.0000 0.0000
v 0.3320 0.0000 -0.2344
vt 0.5198 0.8040
vn -0.1062 -0.9835 -0.1468
f 941/941/941 942/942/942 943/943/943
v 0.4247 0.0609 -0.1922
vt 0.5587 0.9026
vn -0.2772 0.9577 -0.0771
v 0.3302 0.0302 -0.2338
vt 0.5198 0.8870
vn -0.2711 0.9529 -0.1359
v 0.3664 0.0344 -0.1895
vt 0.5290 0.8870
vn -0.3933 0.8880 0.2383
f 944/944/944 945/945/945 946/946/946
v 0.3320 0.0000 -0.2344
vt 0.5198 0.8197
vn -0.7590 -0.0833 0.6458
v 0.3711 0.0000 -0.1911
vt 0.5290 0.8197
vn -0.7364 -0.1296 0.6640
v 0.3664 0.0344 -0.1895
vt 0.5290 0.8479
vn -0.7472 -0.1080 0.6557
f 947/947/947 948/948/948 949/949/949
v 0.3711 0.0000 -0.1911
vt 0.5290 0.8197
vn 0.0353 -0.0116 0.9993
v 0.4223 0.0000 -0.1915
vt 0.5587 0.8057
vn 0.0078 0.0126 0.9999
v 0.4247 0.0609 -0.1922
vt 0.5587 0.8635
vn 0.0288 -0.0059 0.9996
f 950/950/950 951/951/951 952/952/952
v 0.3611 0.0210 -0.2870
vt 0.5438 0.8509
vn -0.8676 -0.0426 -0.4955
v 0.3320 0.0000 -0.2344
vt 0.5198 0.8197
vn -0.8676 -0.0426 -0.4955
v 0.3302 0.0302 -0.2338
vt 0.5198 0.8479
vn -0.8676 -0.0426 -0.4955
f 953/953/953 954/954/954 955/955/955
v 0.4223 0.0000 -0.1915
vt 0.5856 0.8197
vn 0.9686 -0.0856 -0.2334
v 0.4033 0.0339 -0.2828
vt 0.5948 0.8314
vn 0.9507 -0.1686 -0.2605
v 0.4247 0.0609 -0.1922
vt 0.5856 0.8479
vn 0.9750 -0.0415 -0.2183
f 956/956/956 957/957/957 958/958/958
v 0.4247 0.0609 -0.1922
vt 0.5587 0.9026
vn -0.2772 0.9577 -0.0771
v 0.4033 0.0339 -0.2828
vt 0.5670 0.8861
vn -0.2221 0.9396 -0.2606
v 0.3302 0.0302 -0.2338
vt 0.5198 0.8870
vn -0.2711 0.9529 -0.1359
f 959/959/959 960/960/960 961/961/961
v 0.3664 0.0344 -0.1895
vt 0.5290 0.8479
vn 0.0625 -0.0356 0.9974
v 0.3711 0.0000 -0.1911
vt 0.5290 0.8197
vn 0.0353 -0.0116 0.9993
v 0.4247 0.0609 -0.1922
vt 0.5587 0.8635
vn 0.0288 -0.0059 0.9996
f 962/962/962 963/963/963 964/964/964
v 0.3611 0.0210 -0.2870
vt 0.5438 0.8040
vn -0.3718 -0.7730 -0.5141
v 0.3955 0.0000 -0.2803
vt 0.5670 0.7901
vn -0.1709 -0.9565 -0.2363
v 0.3320 0.0000 -0.2344
vt 0.5198 0.8040
vn -0.1062 -0.9835 -0.1468
f 965/965/965 966/966/966 967/967/967
v 0.3302 0.0302 -0.2338
vt 0.5198 0.8479
vn -0.7699 -0.0588 0.6354
v 0.3320 0.0000 -0.2344
vt 0.5198 0.8197
vn -0.7590 -0.0833 0.6458
v 0.3664 0.0344 -0.1895
vt 0.5290 0.8479
vn -0.7472 -0.1080 0.6557
f 968/968/968 969/969/969 970/970/970
v 0.3099 0.0210 -0.0220
vt 0.5438 0.8509
vn 0.9359 -0.0745 0.3442
v 0.3003 0.0339 0.0069
vt 0.5670 0.8470
vn 0.9359 -0.0745 0.3442
v 0.2997 0.0000 0.0011
vt 0.5670 0.8057
vn 0.9359 -0.0745 0.3442
f 971/971/971 972/972/972 973/973/973
v 0.2997 0.0000 0.0011
vt 0.5670 0.7901
vn 0.0706 -0.1708 0.9828
v 0.3003 0.0339 0.0069
vt 0.5948 0.8040
vn 0.0395 -0.1095 0.9932
v 0.2331 0.0000 0.0059
vt 0.5856 0.8040
vn 0.0208 -0.0726 0.9971
f 974/974/974 975/975/975 976/976/976
v 0.2775 0.0000 -0.0508
vt 0.5198 0.8040
vn 0.0000 -1.0000 0.0000
v 0.2331 0.0000 0.0059
vt 0.5587 0.7901
vn 0.0000 -1.0000 0.0000
v 0.2409 0.0000 -0.0302
vt 0.5290 0.8040
vn 0.0000 -1.0000 0.0000
f 977/977/977 978/978/978 979/979/979
v 0.3003 0.0339 0.0069
vt 0.5670 0.8861
vn 0.3991 0.8925 -0.2102
v 0.3099 0.0210 -0.0220
vt 0.5438 0.8509
vn 0.4559 0.8598 -0.2302
v 0.2774 0.0302 -0.0521
vt 0.5198 0.8870
vn 0.2572 0.9145 -0.3121
f 980/980/980 981/981/981 982/982/982
v 0.2997 0.0000 0.0011
vt 0.5670 0.7901
vn 0.0000 -1.0000 0.0000
v 0.2331 0.0000 0.0059
vt 0.5587 0.7901
vn 0.0000 -1.0000 0.0000
v 0.2775 0.0000 -0.0508
vt 0.5198 0.8040
vn 0.0000 -1.0000 0.0000
f 983/983/983 984/984/984 985/985/985
v 0.2332 0.0609 0.0077
vt 0.5587 0.9026
vn 0.1857 0.9232 -0.3364
v 0.2774 0.0302 -0.0521
vt 0.5198 0.8870
vn 0.2572 0.9145 -0.3121
v 0.2405 0.0344 -0.0337
vt 0.5290 0.8870
vn -0.1856 0.8121 -0.5532
f 986/986/986 987/987/987 988/988/988
v 0.2775 0.0000 -0.0508
vt 0.5198 0.8197
vn -0.4681 -0.0652 -0.8813
v 0.2409 0.0000 -0.0302
vt 0.5290 0.8197
vn -0.4884 -0.0938 -0.8676
v 0.2405 0.0344 -0.0337
vt 0.5290 0.8479
vn -0.4739 -0.0734 -0.8775
f 989/989/989 990/990/990 991/991/991
v 0.2409 0.0000 -0.0302
vt 0.5290 0.8197
vn -0.9817 -0.0047 -0.1903
v 0.2331 0.0000 0.0059
vt 0.5587 0.8057
vn -0.9773 0.0091 -0.2116
v 0.2332 0.0609 0.0077
vt 0.5587 0.8635
vn -0.9823 -0.0067 -0.1873
f 992/992/992 993/993/993 994/994/994
v 0.3099 0.0210 -0.0220
vt 0.5438 0.8509
vn 0.6739 -0.0307 -0.7382
v 0.2775 0.0000 -0.0508
vt 0.5198 0.8197
vn 0.6739 -0.0307 -0.7382
v 0.2774 0.0302 -0.0521
vt 0.5198 0.8479
vn 0.6739 -0.0307 -0.7382
f 995/995/995 996/996/996 997/997/997
v 0.2331 0.0000 0.0059
vt 0.5856 0.8197
vn 0.0208 -0.0726 0.9971
v 0.3003 0.0339 0.0069
vt 0.5948 0.8314
vn 0.0395 -0.1095 0.9932
v 0.2332 0.0609 0.0077
vt 0.5856 0.8479
vn -0.0007 -0.0299 0.9996
f 998/998/998 999/999/999 1000/1000/1000
v 0.2332 0.0609 0.0077
vt 0.5587 0.9026
vn 0.1857 0.9232 -0.3364
v 0.3003 0.0339 0.0069
vt 0.5670 0.8861
vn 0.3991 0.8925 -0.2102
v 0.2774 0.0302 -0.0521
vt 0.5198 0.8870
vn 0.2572 0.9145 -0.3121
f 1001/1001/1001 1002/1002/1002 1003/1003/1003
v 0.2405 0.0344 -0.0337
vt 0.5290 0.8479
vn -0.9872 -0.0257 -0.1577
v 0.2409 0.0000 -0.0302
vt 0.5290 0.8197
vn -0.9817 -0.0047 -0.1903
v 0.2332 0.0609 0.0077
vt 0.5587 0.8635
vn -0.9823 -0.0067 -0.1873
f 1004/1004/1004 1005/1005/1005 1006/1006/1006
v 0.3099 0.0210 -0.0220
vt 0.5438 0.8040
vn 0.6906 -0.6598 -0.2962
v 0.2997 0.0000 0.0011
vt 0.5670 0.7901
vn 0.6906 -0.6598 -0.2962
v 0.2775 0.0000 -0.0508
vt 0.5198 0.8040
vn 0.6906 -0.6598 -0.2962
f 1007/1007/1007 1008/1008/1008 1009/1009/1009
v 0.2774 0.0302 -0.0521
vt 0.5198 0.8479
vn -0.4515 -0.0424 -0.8913
v 0.2775 0.0000 -0.0508
vt 0.5198 0.8197
vn -0.4681 -0.0652 -0.8813
v 0.2405 0.0344 -0.0337
vt 0.5290 0.8479
vn -0.4739 -0.0734 -0.8775
f 1010/1010/1010 1011/1011/1011 1012/1012/1012
v 0.1389 0.0210 -0.2866
vt 0.5438 0.8509
vn -0.4130 -0.1540 -0.8976
v 0.1960 0.0339 -0.3151
vt 0.5670 0.8470
vn -0.4130 -0.1540 -0.8976
v 0.1881 0.0000 -0.3056
vt 0.5670 0.8057
vn -0.4130 -0.1540 -0.8976
f 1013/1013/1013 1014/1014/1014 1015/1015/1015
v 0.1881 0.0000 -0.3056
vt 0.5670 0.7901
vn 0.6169 -0.3402 -0.7098
v 0.1960 0.0339 -0.3151
vt 0.5948 0.8040
vn 0.6443 -0.2739 -0.7140
v 0.2934 0.0000 -0.2141
vt 0.5856 0.8040
vn 0.6970 -0.1074 -0.7089
f 1016/1016/1016 1017/1017/1017 1018/1018/1018
v 0.1442 0.0000 -0.1963
vt 0.5198 0.8040
vn -0.1147 -0.9923 -0.0461
v 0.2934 0.0000 -0.2141
vt 0.5587 0.7901
vn 0.0000 -1.0000 0.0000
v 0.2287 0.0000 -0.1726
vt 0.5290 0.8040
vn 0.0000 -1.0000 0.0000
f 1019/1019/1019 1020/1020/1020 1021/1021/1021
v 0.1960 0.0339 -0.3151
vt 0.5670 0.8861
vn -0.2248 0.9719 -0.0701
v 0.1389 0.0210 -0.2866
vt 0.5438 0.8509
vn -0.2599 0.9618 -0.0860
v 0.1424 0.0302 -0.1941
vt 0.5198 0.8870
vn -0.2058 0.9784 0.0207
f 1022/1022/1022 1023/1023/1023 1024/1024/1024
v 0.1881 0.0000 -0.3056
vt 0.5670 0.7901
vn -0.1910 -0.9786 -0.0768
v 0.2934 0.0000 -0.2141
vt 0.5587 0.7901
vn 0.0000 -1.0000 0.0000
v 0.1442 0.0000 -0.1963
vt 0.5198 0.8040
vn -0.1147 -0.9923 -0.0461
f 1025/1025/1025 1026/1026/1026 1027/1027/1027
v 0.2959 0.0609 -0.2170
vt 0.5587 0.9026
vn -0.1874 0.9806 0.0580
v 0.1424 0.0302 -0.1941
vt 0.5198 0.8870
vn -0.2058 0.9784 0.0207
v 0.2239 0.0344 -0.1669
vt 0.5290 0.8870
vn -0.1455 0.9455 0.2912
f 1028/1028/1028 1029/1029/1029 1030/1030/1030
v 0.1442 0.0000 -0.1963
vt 0.5198 0.8197
vn -0.3010 -0.1139 0.9468
v 0.2287 0.0000 -0.1726
vt 0.5290 0.8197
vn -0.2659 -0.1930 0.9445
v 0.2239 0.0344 -0.1669
vt 0.5290 0.8479
vn -0.2759 -0.1711 0.9458
f 1031/1031/1031 1032/1032/1032 1033/1033/1033
v 0.2287 0.0000 -0.1726
vt 0.5290 0.8197
vn 0.5687 -0.0271 0.8221
v 0.2934 0.0000 -0.2141
vt 0.5587 0.8057
vn 0.5399 0.0189 0.8415
v 0.2959 0.0609 -0.2170
vt 0.5587 0.8635
vn 0.5533 -0.0022 0.8330
f 1034/1034/1034 1035/1035/1035 1036/1036/1036
v 0.1389 0.0210 -0.2866
vt 0.5438 0.8509
vn -0.9970 -0.0639 0.0436
v 0.1442 0.0000 -0.1963
vt 0.5198 0.8197
vn -0.9970 -0.0639 0.0436
v 0.1424 0.0302 -0.1941
vt 0.5198 0.8479
vn -0.9970 -0.0639 0.0436
f 1037/1037/1037 1038/1038/1038 1039/1039/1039
v 0.2934 0.0000 -0.2141
vt 0.5856 0.8197
vn 0.6970 -0.1074 -0.7089
v 0.1960 0.0339 -0.3151
vt 0.5948 0.8314
vn 0.6443 -0.2739 -0.7140
v 0.2959 0.0609 -0.2170
vt 0.5856 0.8479
vn 0.7075 -0.0623 -0.7039
f 1040/1040/1040 1041/1041/1041 1042/1042/1042
v 0.2959 0.0609 -0.2170
vt 0.5587 0.9026
vn -0.1874 0.9806 0.0580
v 0.1960 0.0339 -0.3151
vt 0.5670 0.8861
vn -0.2248 0.9719 -0.0701
v 0.1424 0.0302 -0.1941
vt 0.5198 0.8870
vn -0.2058 0.9784 0.0207
f 1043/1043/1043 1044/1044/1044 1045/1045/1045
v 0.2239 0.0344 -0.1669
vt 0.5290 0.8479
vn 0.5844 -0.0535 0.8097
v 0.2287 0.0000 -0.1726
vt 0.5290 0.8197
vn 0.5687 -0.0271 0.8221
v 0.2959 0.0609 -0.2170
vt 0.5587 0.8635
vn 0.5533 -0.0022 0.8330
f 1046/1046/1046 1047/1047/1047 1048/1048/1048
v 0.1389 0.0210 -0.2866
vt 0.5438 0.8040
vn -0.4445 -0.8778 -0.1786
v 0.1881 0.0000 -0.3056
vt 0.5670 0.7901
vn -0.1910 -0.9786 -0.0768
v 0.1442 0.0000 -0.1963
vt 0.5198 0.8040
vn -0.1147 -0.9923 -0.0461
f 1049/1049/1049 1050/1050/1050 1051/1051/1051
v 0.1424 0.0302 -0.1941
vt 0.5198 0.8479
vn -0.3117 -0.0882 0.9461
v 0.1442 0.0000 -0.1963
vt 0.5198 0.8197
vn -0.3010 -0.1139 0.9468
v 0.2239 0.0344 -0.1669
vt 0.5290 0.8479
vn -0.2759 -0.1711 0.9458
f 1052/1052/1052 1053/1053/1053 1054/1054/1054
v -0.4843 0.0210 0.2998
vt 0.5438 0.8509
vn -0.6755 -0.1031 -0.7301
v -0.4541 0.0339 0.2701
vt 0.5670 0.8470
vn -0.6755 -0.1031 -0.7301
v -0.4571 0.0000 0.2777
vt 0.5670 0.8057
vn -0.6755 -0.1031 -0.7301
f 1055/1055/1055 1056/1056/1056 1057/1057/1057
v -0.4571 0.0000 0.2777
vt 0.5670 0.7901
vn 0.3787 -0.2338 -0.8955
v -0.4541 0.0339 0.2701
vt 0.5948 0.8040
vn 0.4068 -0.1686 -0.8978
v -0.3717 0.0000 0.3138
vt 0.5856 0.8040
vn 0.4391 -0.0856 -0.8943
f 1058/1058/1058 1059/1059/1059 1060/1060/1060
v -0.4623 0.0000 0.3558
vt 0.5198 0.8040
vn -0.1808 -0.9835 -0.0121
v -0.3717 0.0000 0.3138
vt 0.5587 0.7901
vn 0.0000 -1.0000 0.0000
v -0.4040 0.0000 0.3534
vt 0.5290 0.8040
vn 0.0000 -1.0000 0.0000
f 1061/1061/1061 1062/1062/1062 1063/1063/1063
v -0.4541 0.0339 0.2701
vt 0.5670 0.8861
vn -0.3423 0.9396 0.0044
v -0.4843 0.0210 0.2998
vt 0.5438 0.8509
vn -0.3935 0.9193 -0.0017
v -0.4630 0.0302 0.3576
vt 0.5198 0.8870
vn -0.2777 0.9529 0.1218
f 1064/1064/1064 1065/1065/1065 1066/1066/1066
v -0.4571 0.0000 0.2777
vt 0.5670 0.7901
vn -0.2909 -0.9565 -0.0194
v -0.3717 0.0000 0.3138
vt 0.5587 0.7901
vn 0.0000 -1.0000 0.0000
v -0.4623 0.0000 0.3558
vt 0.5198 0.8040
vn -0.1808 -0.9835 -0.0121
f 1067/1067/1067 1068/1068/1068 1069/1069/1069
v -0.3707 0.0609 0.3114
vt 0.5587 0.9026
vn -0.2364 0.9577 0.1641
v -0.4630 0.0302 0.3576
vt 0.5198 0.8870
vn -0.2777 0.9529 0.1218
v -0.4059 0.0344 0.3580
vt 0.5290 0.8870
vn -0.0679 0.8880 0.4548
f 1070/1070/1070 1071/1071/1071 1072/1072/1072
v -0.4623 0.0000 0.3558
vt 0.5198 0.8197
vn 0.0121 -0.0833 0.9964
v -0.4040 0.0000 0.3534
vt 0.5290 0.8197
vn 0.0405 -0.1296 0.9907
v -0.4059 0.0344 0.3580
vt 0.5290 0.8479
vn 0.0273 -0.1080 0.9938
f 1073/1073/1073 1074/1074/1074 1075/1075/1075
v -0.4040 0.0000 0.3534
vt 0.5290 0.8197
vn 0.7915 -0.0116 0.6111
v -0.3717 0.0000 0.3138
vt 0.5587 0.8057
vn 0.7743 0.0126 0.6327
v -0.3707 0.0609 0.3114
vt 0.5587 0.8635
vn 0.7875 -0.0059 0.6163
f 1076/1076/1076 1077/1077/1077 1078/1078/1078
v -0.4843 0.0210 0.2998
vt 0.5438 0.8509
vn -0.9354 -0.0426 0.3511
v -0.4623 0.0000 0.3558
vt 0.5198 0.8197
vn -0.9354 -0.0426 0.3511
v -0.4630 0.0302 0.3576
vt 0.5198 0.8479
vn -0.9354 -0.0426 0.3511
f 1079/1079/1079 1080/1080/1080 1081/1081/1081
v -0.3717 0.0000 0.3138
vt 0.5856 0.8197
vn 0.4391 -0.0856 -0.8943
v -0.4541 0.0339 0.2701
vt 0.5948 0.8314
vn 0.4068 -0.1686 -0.8978
v -0.3707 0.0609 0.3114
vt 0.5856 0.8479
vn 0.4548 -0.0415 -0.8896
f 1082/1082/1082 1083/1083/1083 1084/1084/1084
v -0.3707 0.0609 0.3114
vt 0.5587 0.9026
vn -0.2364 0.9577 0.1641
v -0.4541 0.0339 0.2701
vt 0.5670 0.8861
vn -0.3423 0.9396 0.0044
v -0.4630 0.0302 0.3576
vt 0.5198 0.8870
vn -0.2777 0.9529 0.1218
f 1085/1085/1085 1086/1086/1086 1087/1087/1087
v -0.4059 0.0344 0.3580
vt 0.5290 0.8479
vn 0.8074 -0.0356 0.5890
v -0.4040 0.0000 0.3534
vt 0.5290 0.8197
vn 0.7915 -0.0116 0.6111
v -0.3707 0.0609 0.3114
vt 0.5587 0.8635
vn 0.7875 -0.0059 0.6163
f 1088/1088/1088 1089/1089/1089 1090/1090/1090
v -0.4843 0.0210 0.2998
vt 0.5438 0.8040
vn -0.6330 -0.7730 -0.0423
v -0.4571 0.0000 0.2777
vt 0.5670 0.7901
vn -0.2909 -0.9565 -0.0194
v -0.4623 0.0000 0.3558
vt 0.5198 0.8040
vn -0.1808 -0.9835 -0.0121
f 1091/1091/1091 1092/1092/1092 1093/1093/1093
v -0.4630 0.0302 0.3576
vt 0.5198 0.8479
vn -0.0029 -0.0588 0.9983
v -0.4623 0.0000 0.3558
vt 0.5198 0.8197
vn 0.0121 -0.0833 0.9964
v -0.4059 0.0344 0.3580
vt 0.5290 0.8479
vn 0.0273 -0.1080 0.9938
f 1094/1094/1094 1095/1095/1095 1096/1096/1096
v -0.3035 0.0210 0.5359
vt 0.5438 0.8509
vn 0.8627 -0.0745 -0.5003
v -0.2874 0.0339 0.5618
vt 0.5670 0.8470
vn 0.8627 -0.0745 -0.5003
v -0.2922 0.0000 0.5585
vt 0.5670 0.8057
vn 0.8627 -0.0745 -0.5003
f 1097/1097/1097 1098/1098/1098 1099/1099/1099
v -0.2922 0.0000 0.5585
vt 0.5670 0.7901
vn 0.8013 -0.1708 0.5734
v -0.2874 0.0339 0.5618
vt 0.5948 0.8040
vn 0.7894 -0.1095 0.6040
v -0.3311 0.0000 0.6129
vt 0.5856 0.8040
vn 0.7805 -0.0726 0.6209
f 1100/1100/1100 1101/1101/1101 1102/1102/1102
v -0.3463 0.0000 0.5425
vt 0.5198 0.8040
vn 0.0000 -1.0000 0.0000
v -0.3311 0.0000 0.6129
vt 0.5587 0.7901
vn 0.0000 -1.0000 0.0000
v -0.3539 0.0000 0.5838
vt 0.5290 0.8040
vn 0.0000 -1.0000 0.0000
f 1103/1103/1103 1104/1104/1104 1105/1105/1105
v -0.2874 0.0339 0.5618
vt 0.5670 0.8861
vn 0.0932 0.8925 -0.4413
v -0.3035 0.0210 0.5359
vt 0.5438 0.8509
vn 0.1141 0.8598 -0.4978
v -0.3475 0.0302 0.5417
vt 0.5198 0.8870
vn -0.0758 0.9145 -0.3973
f 1106/1106/1106 1107/1107/1107 1108/1108/1108
v -0.2922 0.0000 0.5585
vt 0.5670 0.7901
vn 0.0000 -1.0000 0.0000
v -0.3311 0.0000 0.6129
vt 0.5587 0.7901
vn 0.0000 -1.0000 0.0000
v -0.3463 0.0000 0.5425
vt 0.5198 0.8040
vn 0.0000 -1.0000 0.0000
f 1109/1109/1109 1110/1110/1110 1111/1111/1111
v -0.3296 0.0609 0.6139
vt 0.5587 0.9026
vn -0.1402 0.9232 -0.3578
v -0.3475 0.0302 0.5417
vt 0.5198 0.8870
vn -0.0758 0.9145 -0.3973
v -0.3568 0.0344 0.5818
vt 0.5290 0.8870
vn -0.5442 0.8121 -0.2106
f 1112/1112/1112 1113/1113/1113 1114/1114/1114
v -0.3463 0.0000 0.5425
vt 0.5198 0.8197
vn -0.9771 -0.0652 -0.2027
v -0.3539 0.0000 0.5838
vt 0.5290 0.8197
vn -0.9795 -0.0938 -0.1784
v -0.3568 0.0344 0.5818
vt 0.5290 0.8479
vn -0.9779 -0.0734 -0.1958
f 1115/1115/1115 1116/1116/1116 1117/1117/1117
v -0.3539 0.0000 0.5838
vt 0.5290 0.8197
vn -0.7735 -0.0047 0.6338
v -0.3311 0.0000 0.6129
vt 0.5587 0.8057
vn -0.7871 0.0091 0.6168
v -0.3296 0.0609 0.6139
vt 0.5587 0.8635
vn -0.7716 -0.0067 0.6361
f 1118/1118/1118 1119/1119/1119 1120/1120/1120
v -0.3035 0.0210 0.5359
vt 0.5438 0.8509
vn -0.1375 -0.0307 -0.9900
v -0.3463 0.0000 0.5425
vt 0.5198 0.8197
vn -0.1375 -0.0307 -0.9900
v -0.3475 0.0302 0.5417
vt 0.5198 0.8479
vn -0.1375 -0.0307 -0.9900
f 1121/1121/1121 1122/1122/1122 1123/1123/1123
v -0.3311 0.0000 0.6129
vt 0.5856 0.8197
vn 0.7805 -0.0726 0.6209
v -0.2874 0.0339 0.5618
vt 0.5948 0.8314
vn 0.7894 -0.1095 0.6040
v -0.3296 0.0609 0.6139
vt 0.5856 0.8479
vn 0.7686 -0.0299 0.6390
f 1124/1124/1124 1125/1125/1125 1126/1126/1126
v -0.3296 0.0609 0.6139
vt 0.5587 0.9026
vn -0.1402 0.9232 -0.3578
v -0.2874 0.0339 0.5618
vt 0.5670 0.8861
vn 0.0932 0.8925 -0.4413
v -0.3475 0.0302 0.5417
vt 0.5198 0.8870
vn -0.0758 0.9145 -0.3973
f 1127/1127/1127 1128/1128/1128 1129/1129/1129
v -0.3568 0.0344 0.5818
vt 0.5290 0.8479
vn -0.7519 -0.0257 0.6588
v -0.3539 0.0000 0.5838
vt 0.5290 0.8197
vn -0.7735 -0.0047 0.6338
v -0.3296 0.0609 0.6139
vt 0.5587 0.8635
vn -0.7716 -0.0067 0.6361
f 1130/1130/1130 1131/1131/1131 1132/1132/1132
v -0.3035 0.0210 0.5359
vt 0.5438 0.8040
vn 0.2133 -0.6598 -0.7206
v -0.2922 0.0000 0.5585
vt 0.5670 0.7901
vn 0.2133 -0.6598 -0.7206
v -0.3463 0.0000 0.5425
vt 0.5198 0.8040
vn 0.2133 -0.6598 -0.7206
f 1133/1133/1133 1134/1134/1134 1135/1135/1135
v -0.3475 0.0302 0.5417
vt 0.5198 0.8479
vn -0.9741 -0.0424 -0.2219
v -0.3463 0.0000 0.5425
vt 0.5198 0.8197
vn -0.9771 -0.0652 -0.2027
v -0.3568 0.0344 0.5818
vt 0.5290 0.8479
vn -0.9779 -0.0734 -0.1958
f 1136/1136/1136 1137/1137/1137 1138/1138/1138
v -0.6259 0.0210 0.4710
vt 0.5438 0.8509
vn -0.9544 -0.1540 -0.2556
v -0.6113 0.0339 0.4090
vt 0.5670 0.8470
vn -0.9544 -0.1540 -0.2556
v -0.6091 0.0000 0.4210
vt 0.5670 0.8057
vn -0.9544 -0.1540 -0.2556
f 1139/1139/1139 1140/1140/1140 1141/1141/1141
v -0.6091 0.0000 0.4210
vt 0.5670 0.7901
vn -0.1521 -0.3402 -0.9280
v -0.6113 0.0339 0.4090
vt 0.5948 0.8040
vn -0.1378 -0.2739 -0.9518
v -0.4714 0.0000 0.3985
vt 0.5856 0.8040
vn -0.1002 -0.1074 -0.9892
f 1142/1142/1142 1143/1143/1143 1144/1144/1144
v -0.5530 0.0000 0.5246
vt 0.5198 0.8040
vn -0.1087 -0.9923 0.0588
v -0.4714 0.0000 0.3985
vt 0.5587 0.7901
vn 0.0000 -1.0000 0.0000
v -0.4808 0.0000 0.4748
vt 0.5290 0.8040
vn 0.0000 -1.0000 0.0000
f 1145/1145/1145 1146/1146/1146 1147/1147/1147
v -0.6113 0.0339 0.4090
vt 0.5670 0.8861
vn -0.1976 0.9719 0.1282
v -0.6259 0.0210 0.4710
vt 0.5438 0.8509
vn -0.2322 0.9618 0.1450
v -0.5525 0.0302 0.5274
vt 0.5198 0.8870
vn -0.1155 0.9784 0.1715
f 1148/1148/1148 1149/1149/1149 1150/1150/1150
v -0.6091 0.0000 0.4210
vt 0.5670 0.7901
vn -0.1811 -0.9786 0.0979
v -0.4714 0.0000 0.3985
vt 0.5587 0.7901
vn 0.0000 -1.0000 0.0000
v -0.5530 0.0000 0.5246
vt 0.5198 0.8040
vn -0.1087 -0.9923 0.0588
f 1151/1151/1151 1152/1152/1152 1153/1153/1153
v -0.4721 0.0609 0.3947
vt 0.5587 0.9026
vn -0.0750 0.9806 0.1812
v -0.5525 0.0302 0.5274
vt 0.5198 0.8870
vn -0.1155 0.9784 0.1715
v -0.4794 0.0344 0.4821
vt 0.5290 0.8870
vn 0.1311 0.9455 0.2980
f 1154/1154/1154 1155/1155/1155 1156/1156/1156
v -0.5530 0.0000 0.5246
vt 0.5198 0.8197
vn 0.5363 -0.1139 0.8363
v -0.4808 0.0000 0.4748
vt 0.5290 0.8197
vn 0.5568 -0.1930 0.8079
v -0.4794 0.0344 0.4821
vt 0.5290 0.8479
vn 0.5515 -0.1711 0.8164
f 1157/1157/1157 1158/1158/1158 1159/1159/1159
v -0.4808 0.0000 0.4748
vt 0.5290 0.8197
vn 0.9958 -0.0271 0.0876
v -0.4714 0.0000 0.3985
vt 0.5587 0.8057
vn 0.9923 0.0189 0.1222
v -0.4721 0.0609 0.3947
vt 0.5587 0.8635
vn 0.9943 -0.0022 0.1064
f 1160/1160/1160 1161/1161/1161 1162/1162/1162
v -0.6259 0.0210 0.4710
vt 0.5438 0.8509
vn -0.6033 -0.0639 0.7949
v -0.5530 0.0000 0.5246
vt 0.5198 0.8197
vn -0.6033 -0.0639 0.7949
v -0.5525 0.0302 0.5274
vt 0.5198 0.8479
vn -0.6033 -0.0639 0.7949
f 1163/1163/1163 1164/1164/1164 1165/1165/1165
v -0.4714 0.0000 0.3985
vt 0.5856 0.8197
vn -0.1002 -0.1074 -0.9892
v -0.6113 0.0339 0.4090
vt 0.5948 0.8314
vn -0.1378 -0.2739 -0.9518
v -0.4721 0.0609 0.3947
vt 0.5856 0.8479
vn -0.0897 -0.0623 -0.9940
f 1166/1166/1166 1167/1167/1167 1168/1168/1168
v -0.4721 0.0609 0.3947
vt 0.5587 0.9026
vn -0.0750 0.9806 0.1812
v -0.6113 0.0339 0.4090
vt 0.5670 0.8861
vn -0.1976 0.9719 0.1282
v -0.5525 0.0302 0.5274
vt 0.5198 0.8870
vn -0.1155 0.9784 0.1715
f 1169/1169/1169 1170/1170/1170 1171/1171/1171
v -0.4794 0.0344 0.4821
vt 0.5290 0.8479
vn 0.9963 -0.0535 0.0675
v -0.4808 0.0000 0.4748
vt 0.5290 0.8197
vn 0.9958 -0.0271 0.0876
v -0.4721 0.0609 0.3947
vt 0.5587 0.8635
vn 0.9943 -0.0022 0.1064
f 1172/1172/1172 1173/1173/1173 1174/1174/1174
v -0.6259 0.0210 0.4710
vt 0.5438 0.8040
vn -0.4213 -0.8778 0.2279
v -0.6091 0.0000 0.4210
vt 0.5670 0.7901
vn -0.1811 -0.9786 0.0979
v -0.5530 0.0000 0.5246
vt 0.5198 0.8040
vn -0.1087 -0.9923 0.0588
f 1175/1175/1175 1176/1176/1176 1177/1177/1177
v -0.5525 0.0302 0.5274
vt 0.5198 0.8479
vn 0.5288 -0.0882 0.8442
v -0.5530 0.0000 0.5246
vt 0.5198 0.8197
vn 0.5363 -0.1139 0.8363
v -0.4794 0.0344 0.4821
vt 0.5290 0.8479
vn 0.5515 -0.1711 0.8164
f 1178/1178/1178 1179/1179/1179 1180/1180/1180
v -0.0480 0.4623 -0.6359
vt 0.5438 0.8509
vn -0.6755 -0.1031 -0.7301
v -0.0178 0.4752 -0.6656
vt 0.5670 0.8470
vn -0.6755 -0.1031 -0.7301
v -0.0208 0.4413 -0.6580
vt 0.5670 0.8057
vn -0.6755 -0.1031 -0.7301
f 1181/1181/1181 1182/1182/1182 1183/1183/1183
v -0.0208 0.4413 -0.6580
vt 0.5670 0.7901
vn 0.3787 -0.2338 -0.8955
v -0.0178 0.4752 -0.6656
vt 0.5948 0.8040
vn 0.4068 -0.1686 -0.8978
v 0.0646 0.4413 -0.6219
vt 0.5856 0.8040
vn 0.4391 -0.0856 -0.8943
f 1184/1184/1184 1185/1185/1185 1186/1186/1186
v -0.0260 0.4413 -0.5799
vt 0.5198 0.8040
vn -0.1808 -0.9835 -0.0121
v 0.0646 0.4413 -0.6219
vt 0.5587 0.7901
vn 0.0000 -1.0000 0.0000
v 0.0323 0.4413 -0.5823
vt 0.5290 0.8040
vn 0.0000 -1.0000 0.0000
f 1187/1187/1187 1188/1188/1188 1189/1189/1189
v -0.0178 0.4752 -0.6656
vt 0.5670 0.8861
vn -0.3423 0.9396 0.0044
v -0.0480 0.4623 -0.6359
vt 0.5438 0.8509
vn -0.3935 0.9193 -0.0017
v -0.0267 0.4715 -0.5781
vt 0.5198 0.8870
vn -0.2777 0.9529 0.1218
f 1190/1190/1190 1191/1191/1191 1192/1192/1192
v -0.0208 0.4413 -0.6580
vt 0.5670 0.7901
vn -0.2909 -0.9565 -0.0194
v 0.0646 0.4413 -0.6219
vt 0.5587 0.7901
vn 0.0000 -1.0000 0.0000
v -0.0260 0.4413 -0.5799
vt 0.5198 0.8040
vn -0.1808 -0.9835 -0.0121
f 1193/1193/1193 1194/1194/1194 1195/1195/1195
v 0.0656 0.5022 -0.6243
vt 0.5587 0.9026
vn -0.2364 0.9577 0.1641
v -0.0267 0.4715 -0.5781
vt 0.5198 0.8870
vn -0.2777 0.9529 0.1218
v 0.0304 0.4757 -0.5777
vt 0.5290 0.8870
vn -0.0679 0.8880 0.4548
f 1196/1196/1196 1197/1197/1197 1198/1198/1198
v -0.0260 0.4413 -0.5799
vt 0.5198 0.8197
vn 0.0121 -0.0833 0.9964
v 0.0323 0.4413 -0.5823
vt 0.5290 0.8197
vn 0.0405 -0.1296 0.9907
v 0.0304 0.4757 -0.5777
vt 0.5290 0.8479
vn 0.0273 -0.1080 0.9938
f 1199/1199/1199 1200/1200/1200 1201/1201/1201
v 0.0323 0.4413 -0.5823
vt 0.5290 0.8197
vn 0.7915 -0.0116 0.6111
v 0.0646 0.4413 -0.6219
vt 0.5587 0.8057
vn 0.7743 0.0126 0.6327
v 0.0656 0.5022 -0.6243
vt 0.5587 0.8635
vn 0.7875 -0.0059 0.6163
f 1202/1202/1202 1203/1203/1203 1204/1204/1204
v -0.0480 0.4623 -0.6359
vt 0.5438 0.8509
vn -0.9354 -0.0426 0.3511
v -0.0260 0.4413 -0.5799
vt 0.5198 0.8197
vn -0.9354 -0.0426 0.3511
v -0.0267 0.4715 -0.5781
vt 0.5198 0.8479
vn -0.9354 -0.0426 0.3511
f 1205/1205/1205 1206/1206/1206 1207/1207/1207
v 0.0646 0.4413 -0.6219
vt 0.5856 0.8197
vn 0.4391 -0.0856 -0.8943
v -0.0178 0.4752 -0.6656
vt 0.5948 0.8314
vn 0.4068 -0.1686 -0.8978
v 0.0656 0.5022 -0.6243
vt 0.5856 0.8479
vn 0.4548 -0.0415 -0.8896
f 1208/1208/1208 1209/1209/1209 1210/1210/1210
v 0.0656 0.5022 -0.6243
vt 0.5587 0.9026
vn -0.2364 0.9577 0.1641
v -0.0178 0.4752 -0.6656
vt 0.5670 0.8861
vn -0.3423 0.9396 0.0044
v -0.0267 0.4715 -0.5781
vt 0.5198 0.8870
vn -0.2777 0.9529 0.1218
f 1211/1211/1211 1212/1212/1212 1213/1213/1213
v 0.0304 0.4757 -0.5777
vt 0.5290 0.8479
vn 0.8074 -0.0356 0.5890
v 0.0323 0.4413 -0.5823
vt 0.5290 0.8197
vn 0.7915 -0.0116 0.6111
v 0.0656 0.5022 -0.6243
vt 0.5587 0.8635
vn 0.7875 -0.0059 0.6163
f 1214/1214/1214 1215/1215/1215 1216/1216/1216
v -0.0480 0.4623 -0.6359
vt 0.5438 0.8040
vn -0.6330 -0.7730 -0.0423
v -0.0208 0.4413 -0.6580
vt 0.5670 0.7901
vn -0.2909 -0.9565 -0.0194
v -0.0260 0.4413 -0.5799
vt 0.5198 0.8040
vn -0.1808 -0.9835 -0.0121
f 1217/1217/1217 1218/1218/1218 1219/1219/1219
v -0.0267 0.4715 -0.5781
vt 0.5198 0.8479
vn -0.0029 -0.0588 0.9983
v -0.0260 0.4413 -0.5799
vt 0.5198 0.8197
vn 0.0121 -0.0833 0.9964
v 0.0304 0.4757 -0.5777
vt 0.5290 0.8479
vn 0.0273 -0.1080 0.9938
f 1220/1220/1220 1221/1221/1221 1222/1222/1222
v -0.0495 0.4689 0.5350
vt 0.5438 0.8509
vn 0.8572 -0.0953 -0.5060
v -0.0331 0.4824 0.5604
vt 0.5670 0.8470
vn 0.8572 -0.0953 -0.5060
v -0.0382 0.4484 0.5581
vt 0.5670 0.8057
vn 0.8572 -0.0953 -0.5060
f 1223/1223/1223 1224/1224/1224 1225/1225/1225
v -0.0382 0.4484 0.5581
vt 0.5670 0.7901
vn 0.8056 -0.1598 0.5705
v -0.0331 0.4824 0.5604
vt 0.5948 0.8040
vn 0.7945 -0.0975 0.5994
v -0.0765 0.4503 0.6128
vt 0.5856 0.8040
vn 0.7860 -0.0600 0.6153
f 1226/1226/1226 1227/1227/1227 1228/1228/1228
v -0.0924 0.4484 0.5427
vt 0.5198 0.8040
vn -0.0070 -0.9995 0.0293
v -0.0765 0.4503 0.6128
vt 0.5587 0.7901
vn -0.0070 -0.9995 0.0293
v -0.0996 0.4496 0.5841
vt 0.5290 0.8040
vn -0.0070 -0.9995 0.0293
f 1229/1229/1229 1230/1230/1230 1231/1231/1231
v -0.0331 0.4824 0.5604
vt 0.5670 0.8861
vn 0.0951 0.8785 -0.4681
v -0.0495 0.4689 0.5350
vt 0.5438 0.8509
vn 0.1152 0.8440 -0.5239
v -0.0934 0.4786 0.5410
vt 0.5198 0.8870
vn -0.0733 0.9031 -0.4232
f 1232/1232/1232 1233/1233/1233 1234/1234/1234
v -0.0382 0.4484 0.5581
vt 0.5670 0.7901
vn -0.0070 -0.9995 0.0293
v -0.0765 0.4503 0.6128
vt 0.5587 0.7901
vn -0.0070 -0.9995 0.0293
v -0.0924 0.4484 0.5427
vt 0.5198 0.8040
vn -0.0070 -0.9995 0.0293
f 1235/1235/1235 1236/1236/1236 1237/1237/1237
v -0.0746 0.5112 0.6121
vt 0.5587 0.9026
vn -0.1372 0.9134 -0.3833
v -0.0934 0.4786 0.5410
vt 0.5198 0.8870
vn -0.0733 0.9031 -0.4232
v -0.1023 0.4840 0.5811
vt 0.5290 0.8870
vn -0.5406 0.8095 -0.2291
f 1238/1238/1238 1239/1239/1239 1240/1240/1240
v -0.0924 0.4484 0.5427
vt 0.5198 0.8197
vn -0.9794 -0.0641 -0.1914
v -0.0996 0.4496 0.5841
vt 0.5290 0.8197
vn -0.9818 -0.0919 -0.1662
v -0.1023 0.4840 0.5811
vt 0.5290 0.8479
vn -0.9802 -0.0720 -0.1843
f 1241/1241/1241 1242/1242/1242 1243/1243/1243
v -0.0996 0.4496 0.5841
vt 0.5290 0.8197
vn -0.7673 0.0194 0.6410
v -0.0765 0.4503 0.6128
vt 0.5587 0.8057
vn -0.7810 0.0328 0.6237
v -0.0746 0.5112 0.6121
vt 0.5587 0.8635
vn -0.7654 0.0175 0.6434
f 1244/1244/1244 1245/1245/1245 1246/1246/1246
v -0.0495 0.4689 0.5350
vt 0.5438 0.8509
vn -0.1473 -0.0586 -0.9874
v -0.0924 0.4484 0.5427
vt 0.5198 0.8197
vn -0.1473 -0.0586 -0.9874
v -0.0934 0.4786 0.5410
vt 0.5198 0.8479
vn -0.1473 -0.0586 -0.9874
f 1247/1247/1247 1248/1248/1248 1249/1249/1249
v -0.0765 0.4503 0.6128
vt 0.5856 0.8197
vn 0.7860 -0.0600 0.6153
v -0.0331 0.4824 0.5604
vt 0.5948 0.8314
vn 0.7945 -0.0975 0.5994
v -0.0746 0.5112 0.6121
vt 0.5856 0.8479
vn 0.7745 -0.0168 0.6323
f 1250/1250/1250 1251/1251/1251 1252/1252/1252
v -0.0746 0.5112 0.6121
vt 0.5587 0.9026
vn -0.1372 0.9134 -0.3833
v -0.0331 0.4824 0.5604
vt 0.5670 0.8861
vn 0.0951 0.8785 -0.4681
v -0.0934 0.4786 0.5410
vt 0.5198 0.8870
vn -0.0733 0.9031 -0.4232
f 1253/1253/1253 1254/1254/1254 1255/1255/1255
v -0.1023 0.4840 0.5811
vt 0.5290 0.8479
vn -0.7456 -0.0009 0.6664
v -0.0996 0.4496 0.5841
vt 0.5290 0.8197
vn -0.7673 0.0194 0.6410
v -0.0746 0.5112 0.6121
vt 0.5587 0.8635
vn -0.7654 0.0175 0.6434
f 1256/1256/1256 1257/1257/1257 1258/1258/1258
v -0.0495 0.4689 0.5350
vt 0.5438 0.8040
vn 0.2017 -0.6821 -0.7029
v -0.0382 0.4484 0.5581
vt 0.5670 0.7901
vn 0.2017 -0.6821 -0.7029
v -0.0924 0.4484 0.5427
vt 0.5198 0.8040
vn 0.2017 -0.6821 -0.7029
f 1259/1259/1259 1260/1260/1260 1261/1261/1261
v -0.0934 0.4786 0.5410
vt 0.5198 0.8479
vn -0.9765 -0.0418 -0.2113
v -0.0924 0.4484 0.5427
vt 0.5198 0.8197
vn -0.9794 -0.0641 -0.1914
v -0.1023 0.4840 0.5811
vt 0.5290 0.8479
vn -0.9802 -0.0720 -0.1843
f 1262/1262/1262 1263/1263/1263 1264/1264/1264
v -0.1770 0.4689 -0.4512
vt 0.5438 0.8509
vn 0.9538 -0.1540 0.2581
v -0.1918 0.4818 -0.3892
vt 0.5670 0.8470
vn 0.9538 -0.1540 0.2581
v -0.1940 0.4479 -0.4012
vt 0.5670 0.8057
vn 0.9538 -0.1540 0.2581
f 1265/1265/1265 1266/1266/1266 1267/1267/1267
v -0.1940 0.4479 -0.4012
vt 0.5670 0.7901
vn 0.1497 -0.3402 0.9284
v -0.1918 0.4818 -0.3892
vt 0.5948 0.8040
vn 0.1353 -0.2739 0.9522
v -0.3317 0.4479 -0.3790
vt 0.5856 0.8040
vn 0.0977 -0.1074 0.9894
f 1268/1268/1268 1269/1269/1269 1270/1270/1270
v -0.2497 0.4479 -0.5050
vt 0.5198 0.8040
vn 0.1089 -0.9923 -0.0585
v -0.3317 0.4479 -0.3790
vt 0.5587 0.7901
vn 0.0000 -1.0000 0.0000
v -0.3221 0.4479 -0.4554
vt 0.5290 0.8040
vn 0.0000 -1.0000 0.0000
f 1271/1271/1271 1272/1272/1272 1273/1273/1273
v -0.1918 0.4818 -0.3892
vt 0.5670 0.8861
vn 0.1979 0.9719 -0.1276
v -0.1770 0.4689 -0.4512
vt 0.5438 0.8509
vn 0.2325 0.9618 -0.1444
v -0.2502 0.4781 -0.5078
vt 0.5198 0.8870
vn 0.1159 0.9784 -0.1712
f 1274/1274/1274 1275/1275/1275 1276/1276/1276
v -0.1940 0.4479 -0.4012
vt 0.5670 0.7901
vn 0.1813 -0.9786 -0.0975
v -0.3317 0.4479 -0.3790
vt 0.5587 0.7901
vn 0.0000 -1.0000 0.0000
v -0.2497 0.4479 -0.5050
vt 0.5198 0.8040
vn 0.1089 -0.9923 -0.0585
f 1277/1277/1277 1278/1278/1278 1279/1279/1279
v -0.3310 0.5088 -0.3753
vt 0.5587 0.9026
vn 0.0755 0.9806 -0.1810
v -0.2502 0.4781 -0.5078
vt 0.5198 0.8870
vn 0.1159 0.9784 -0.1712
v -0.3234 0.4823 -0.4626
vt 0.5290 0.8870
vn -0.1303 0.9455 -0.2983
f 1280/1280/1280 1281/1281/1281 1282/1282/1282
v -0.2497 0.4479 -0.5050
vt 0.5198 0.8197
vn -0.5341 -0.1139 -0.8377
v -0.3221 0.4479 -0.4554
vt 0.5290 0.8197
vn -0.5547 -0.1930 -0.8094
v -0.3234 0.4823 -0.4626
vt 0.5290 0.8479
vn -0.5494 -0.1711 -0.8179
f 1283/1283/1283 1284/1284/1284 1285/1285/1285
v -0.3221 0.4479 -0.4554
vt 0.5290 0.8197
vn -0.9956 -0.0271 -0.0901
v -0.3317 0.4479 -0.3790
vt 0.5587 0.8057
vn -0.9920 0.0189 -0.1247
v -0.3310 0.5088 -0.3753
vt 0.5587 0.8635
vn -0.9940 -0.0022 -0.1090
f 1286/1286/1286 1287/1287/1287 1288/1288/1288
v -0.1770 0.4689 -0.4512
vt 0.5438 0.8509
vn 0.6054 -0.0639 -0.7934
v -0.2497 0.4479 -0.5050
vt 0.5198 0.8197
vn 0.6054 -0.0639 -0.7934
v -0.2502 0.4781 -0.5078
vt 0.5198 0.8479
vn 0.6054 -0.0639 -0.7934
f 1289/1289/1289 1290/1290/1290 1291/1291/1291
v -0.3317 0.4479 -0.3790
vt 0.5856 0.8197
vn 0.0977 -0.1074 0.9894
v -0.1918 0.4818 -0.3892
vt 0.5948 0.8314
vn 0.1353 -0.2739 0.9522
v -0.3310 0.5088 -0.3753
vt 0.5856 0.8479
vn 0.0871 -0.0623 0.9942
f 1292/1292/1292 1293/1293/1293 1294/1294/1294
v -0.3310 0.5088 -0.3753
vt 0.5587 0.9026
vn 0.0755 0.9806 -0.1810
v -0.1918 0.4818 -0.3892
vt 0.5670 0.8861
vn 0.1979 0.9719 -0.1276
v -0.2502 0.4781 -0.5078
vt 0.5198 0.8870
vn 0.1159 0.9784 -0.1712
f 1295/1295/1295 1296/1296/1296 1297/1297/1297
v -0.3234 0.4823 -0.4626
vt 0.5290 0.8479
vn -0.9961 -0.0535 -0.0701
v -0.3221 0.4479 -0.4554
vt 0.5290 0.8197
vn -0.9956 -0.0271 -0.0901
v -0.3310 0.5088 -0.3753
vt 0.5587 0.8635
vn -0.9940 -0.0022 -0.1090
f 1298/1298/1298 1299/1299/1299 1300/1300/1300
v -0.1770 0.4689 -0.4512
vt 0.5438 0.8040
vn 0.4219 -0.8778 -0.2268
v -0.1940 0.4479 -0.4012
vt 0.5670 0.7901
vn 0.1813 -0.9786 -0.0975
v -0.2497 0.4479 -0.5050
vt 0.5198 0.8040
vn 0.1089 -0.9923 -0.0585
f 1301/1301/1301 1302/1302/1302 1303/1303/1303
v -0.2502 0.4781 -0.5078
vt 0.5198 0.8479
vn -0.5266 -0.0882 -0.8455
v -0.2497 0.4479 -0.5050
vt 0.5198 0.8197
vn -0.5341 -0.1139 -0.8377
v -0.3234 0.4823 -0.4626
vt 0.5290 0.8479
vn -0.5494 -0.1711 -0.8179
f 1304/1304/1304 1305/1305/1305 1306/1306/1306
