# The Giants of Holst prop, from CC0 kits by KayKit (Kay Lousberg) and Kenney
v -0.0477 0.7669 -3.4160
vt 0.1768 0.3324
vn -0.0777 0.3177 -0.9450
v 0.6375 0.7669 -3.2540
vt 0.1954 0.3324
vn 0.4926 0.3177 -0.8102
v 0.6552 0.6061 -3.2832
vt 0.1960 0.3266
vn 0.5081 0.2080 -0.8358
v -0.0505 0.6061 -3.4500
vt 0.1768 0.3266
vn -0.0802 0.2080 -0.9748
f 1/1/1 2/2/2 3/3/3 4/4/4
v -0.0505 0.6061 -3.4500
vt 0.1768 0.3266
vn -0.0688 -0.5442 -0.8361
v 0.6552 0.6061 -3.2832
vt 0.1960 0.3266
vn 0.4358 -0.5442 -0.7169
v 0.6156 0.4884 -3.2180
vt 0.1947 0.3224
vn 0.4358 -0.5442 -0.7169
v -0.0442 0.4884 -3.3739
vt 0.1768 0.3224
vn -0.0688 -0.5442 -0.8361
f 5/5/5 6/6/6 7/7/7 8/8/8
v 0.3069 0.4453 -2.3899
vt 0.1843 0.2740
vn 0.0488 -0.9986 -0.0204
v 0.1928 0.4453 -2.5226
vt 0.1814 0.2740
vn 0.0275 -0.9986 -0.0452
v 0.6156 0.4884 -3.2180
vt 0.1947 0.2755
vn 0.0275 -0.9986 -0.0452
v 1.0577 0.4884 -2.7040
vt 0.2058 0.2755
vn 0.0488 -0.9986 -0.0204
f 9/9/9 10/10/10 11/11/11 12/12/12
v 0.6375 0.7669 -3.2540
vt 0.1954 0.3324
vn 0.4926 0.3177 -0.8102
v 1.0966 0.7669 -2.7202
vt 0.2069 0.3324
vn 0.8747 0.3177 -0.3659
v 1.1281 0.6061 -2.7334
vt 0.2078 0.3266
vn 0.9024 0.2080 -0.3775
v 0.6552 0.6061 -3.2832
vt 0.1960 0.3266
vn 0.5081 0.2080 -0.8358
f 13/13/13 14/14/14 15/15/15 16/16/16
v 0.6552 0.6061 -3.2832
vt 0.1960 0.3266
vn 0.4358 -0.5442 -0.7169
v 1.1281 0.6061 -2.7334
vt 0.2078 0.3266
vn 0.7740 -0.5442 -0.3238
v 1.0577 0.4884 -2.7040
vt 0.2058 0.3224
vn 0.7740 -0.5442 -0.3238
v 0.6156 0.4884 -3.2180
vt 0.1947 0.3224
vn 0.4358 -0.5442 -0.7169
f 17/17/17 18/18/18 19/19/19 20/20/20
v 0.3213 0.4453 -2.2155
vt 0.1843 0.2740
vn 0.0514 -0.9986 0.0122
v 0.3069 0.4453 -2.3899
vt 0.1843 0.2740
vn 0.0488 -0.9986 -0.0204
v 1.0577 0.4884 -2.7040
vt 0.2058 0.2755
vn 0.0488 -0.9986 -0.0204
v 1.1133 0.4884 -2.0283
vt 0.2058 0.2755
vn 0.0514 -0.9986 0.0122
f 21/21/21 22/22/22 23/23/23 24/24/24
v 1.0966 0.7669 -2.7202
vt 0.2069 0.3324
vn 0.8747 0.3177 -0.3659
v 1.1543 0.7669 -2.0186
vt 0.2069 0.3324
vn 0.9228 0.3177 0.2181
v 1.1876 0.6061 -2.0107
vt 0.2078 0.3266
vn 0.9519 0.2080 0.2250
v 1.1281 0.6061 -2.7334
vt 0.2078 0.3266
vn 0.9024 0.2080 -0.3775
f 25/25/25 26/26/26 27/27/27 28/28/28
v 1.1281 0.6061 -2.7334
vt 0.2078 0.3266
vn 0.7740 -0.5442 -0.3238
v 1.1876 0.6061 -2.0107
vt 0.2078 0.3266
vn 0.8165 -0.5442 0.1930
v 1.1133 0.4884 -2.0283
vt 0.2058 0.3224
vn 0.8165 -0.5442 0.1930
v 1.0577 0.4884 -2.7040
vt 0.2058 0.3224
vn 0.7740 -0.5442 -0.3238
f 29/29/29 30/30/30 31/31/31 32/32/32
v 0.2304 0.4453 -2.0659
vt 0.1814 0.2740
vn 0.0345 -0.9986 0.0401
v 0.3213 0.4453 -2.2155
vt 0.1843 0.2740
vn 0.0514 -0.9986 0.0122
v 1.1133 0.4884 -2.0283
vt 0.2058 0.2755
vn 0.0514 -0.9986 0.0122
v 0.7611 0.4884 -1.4489
vt 0.1947 0.2755
vn 0.0345 -0.9986 0.0401
f 33/33/33 34/34/34 35/35/35 36/36/36
v 1.1543 0.7669 -2.0186
vt 0.2069 0.3324
vn 0.9228 0.3177 0.2181
v 0.7885 0.7669 -1.4170
vt 0.1954 0.3324
vn 0.6183 0.3177 0.7189
v 0.8108 0.6061 -1.3911
vt 0.1960 0.3266
vn 0.6378 0.2080 0.7415
v 1.1876 0.6061 -2.0107
vt 0.2078 0.3266
vn 0.9519 0.2080 0.2250
f 37/37/37 38/38/38 39/39/39 40/40/40
v 1.1876 0.6061 -2.0107
vt 0.2078 0.3266
vn 0.8165 -0.5442 0.1930
v 0.8108 0.6061 -1.3911
vt 0.1960 0.3266
vn 0.5471 -0.5442 0.6360
v 0.7611 0.4884 -1.4489
vt 0.1947 0.3224
vn 0.5471 -0.5442 0.6360
v 1.1133 0.4884 -2.0283
vt 0.2058 0.3224
vn 0.8165 -0.5442 0.1930
f 41/41/41 42/42/42 43/43/43 44/44/44
v 0.0689 0.4453 -1.9984
vt 0.1768 0.2740
vn 0.0043 -0.9986 0.0527
v 0.2304 0.4453 -2.0659
vt 0.1814 0.2740
vn 0.0345 -0.9986 0.0401
v 0.7611 0.4884 -1.4489
vt 0.1947 0.2755
vn 0.0345 -0.9986 0.0401
v 0.1356 0.4884 -1.1873
vt 0.1768 0.2755
vn 0.0043 -0.9986 0.0527
f 45/45/45 46/46/46 47/47/47 48/48/48
v 0.7885 0.7669 -1.4170
vt 0.1954 0.3324
vn 0.6183 0.3177 0.7189
v 0.1390 0.7669 -1.1453
vt 0.1768 0.3324
vn 0.0777 0.3177 0.9450
v 0.1418 0.6061 -1.1112
vt 0.1768 0.3266
vn 0.0802 0.2080 0.9748
v 0.8108 0.6061 -1.3911
vt 0.1960 0.3266
vn 0.6378 0.2080 0.7415
f 49/49/49 50/50/50 51/51/51 52/52/52
v 0.8108 0.6061 -1.3911
vt 0.1960 0.3266
vn 0.5471 -0.5442 0.6360
v 0.1418 0.6061 -1.1112
vt 0.1768 0.3266
vn 0.0688 -0.5442 0.8361
v 0.1356 0.4884 -1.1873
vt 0.1768 0.3224
vn 0.0688 -0.5442 0.8361
v 0.7611 0.4884 -1.4489
vt 0.1947 0.3224
vn 0.5471 -0.5442 0.6360
f 53/53/53 54/54/54 55/55/55 56/56/56
v -0.1015 0.4453 -2.0386
vt 0.1722 0.2740
vn -0.0275 -0.9986 0.0452
v 0.0689 0.4453 -1.9984
vt 0.1768 0.2740
vn 0.0043 -0.9986 0.0527
v 0.1356 0.4884 -1.1873
vt 0.1768 0.2755
vn 0.0043 -0.9986 0.0527
v -0.5242 0.4884 -1.3432
vt 0.1589 0.2755
vn -0.0275 -0.9986 0.0452
f 57/57/57 58/58/58 59/59/59 60/60/60
v 0.1390 0.7669 -1.1453
vt 0.1768 0.3324
vn 0.0777 0.3177 0.9450
v -0.5461 0.7669 -1.3072
vt 0.1582 0.3324
vn -0.4926 0.3177 0.8102
v -0.5639 0.6061 -1.2780
vt 0.1576 0.3266
vn -0.5081 0.2080 0.8358
v 0.1418 0.6061 -1.1112
vt 0.1768 0.3266
vn 0.0802 0.2080 0.9748
f 61/61/61 62/62/62 63/63/63 64/64/64
v 0.1418 0.6061 -1.1112
vt 0.1768 0.3266
vn 0.0688 -0.5442 0.8361
v -0.5639 0.6061 -1.2780
vt 0.1576 0.3266
vn -0.4358 -0.5442 0.7169
v -0.5242 0.4884 -1.3432
vt 0.1589 0.3224
vn -0.4358 -0.5442 0.7169
v 0.1356 0.4884 -1.1873
vt 0.1768 0.3224
vn 0.0688 -0.5442 0.8361
f 65/65/65 66/66/66 67/67/67 68/68/68
v -0.2156 0.4453 -2.1713
vt 0.1693 0.2740
vn -0.0488 -0.9986 0.0204
v -0.1015 0.4453 -2.0386
vt 0.1722 0.2740
vn -0.0275 -0.9986 0.0452
v -0.5242 0.4884 -1.3432
vt 0.1589 0.2755
vn -0.0275 -0.9986 0.0452
v -0.9664 0.4884 -1.8573
vt 0.1478 0.2755
vn -0.0488 -0.9986 0.0204
f 69/69/69 70/70/70 71/71/71 72/72/72
v -0.5461 0.7669 -1.3072
vt 0.1582 0.3324
vn -0.4926 0.3177 0.8102
v -1.0052 0.7669 -1.8410
vt 0.1467 0.3324
vn -0.8747 0.3177 0.3659
v -1.0368 0.6061 -1.8278
vt 0.1458 0.3266
vn -0.9024 0.2080 0.3775
v -0.5639 0.6061 -1.2780
vt 0.1576 0.3266
vn -0.5081 0.2080 0.8358
f 73/73/73 74/74/74 75/75/75 76/76/76
v -0.5639 0.6061 -1.2780
vt 0.1576 0.3266
vn -0.4358 -0.5442 0.7169
v -1.0368 0.6061 -1.8278
vt 0.1458 0.3266
vn -0.7740 -0.5442 0.3238
v -0.9664 0.4884 -1.8573
vt 0.1478 0.3224
vn -0.7740 -0.5442 0.3238
v -0.5242 0.4884 -1.3432
vt 0.1589 0.3224
vn -0.4358 -0.5442 0.7169
f 77/77/77 78/78/78 79/79/79 80/80/80
v -0.2299 0.4453 -2.3458
vt 0.1693 0.2740
vn -0.0514 -0.9986 -0.0122
v -0.2156 0.4453 -2.1713
vt 0.1693 0.2740
vn -0.0488 -0.9986 0.0204
v -0.9664 0.4884 -1.8573
vt 0.1478 0.2755
vn -0.0488 -0.9986 0.0204
v -1.0219 0.4884 -2.5330
vt 0.1478 0.2755
vn -0.0514 -0.9986 -0.0122
f 81/81/81 82/82/82 83/83/83 84/84/84
v -1.0052 0.7669 -1.8410
vt 0.1467 0.3324
vn -0.8747 0.3177 0.3659
v -1.0630 0.7669 -2.5427
vt 0.1467 0.3324
vn -0.9228 0.3177 -0.2181
v -1.0962 0.6061 -2.5505
vt 0.1458 0.3266
vn -0.9519 0.2080 -0.2250
v -1.0368 0.6061 -1.8278
vt 0.1458 0.3266
vn -0.9024 0.2080 0.3775
f 85/85/85 86/86/86 87/87/87 88/88/88
v -1.0368 0.6061 -1.8278
vt 0.1458 0.3266
vn -0.7740 -0.5442 0.3238
v -1.0962 0.6061 -2.5505
vt 0.1458 0.3266
vn -0.8165 -0.5442 -0.1930
v -1.0219 0.4884 -2.5330
vt 0.1478 0.3224
vn -0.8165 -0.5442 -0.1930
v -0.9664 0.4884 -1.8573
vt 0.1478 0.3224
vn -0.7740 -0.5442 0.3238
f 89/89/89 90/90/90 91/91/91 92/92/92
v -0.1390 0.4453 -2.4953
vt 0.1722 0.2740
vn -0.0345 -0.9986 -0.0401
v -0.2299 0.4453 -2.3458
vt 0.1693 0.2740
vn -0.0514 -0.9986 -0.0122
v -1.0219 0.4884 -2.5330
vt 0.1478 0.2755
vn -0.0514 -0.9986 -0.0122
v -0.6697 0.4884 -3.1123
vt 0.1589 0.2755
vn -0.0345 -0.9986 -0.0401
f 93/93/93 94/94/94 95/95/95 96/96/96
v -1.0630 0.7669 -2.5427
vt 0.1467 0.3324
vn -0.9228 0.3177 -0.2181
v -0.6972 0.7669 -3.1442
vt 0.1582 0.3324
vn -0.6183 0.3177 -0.7189
v -0.7195 0.6061 -3.1702
vt 0.1576 0.3266
vn -0.6378 0.2080 -0.7415
v -1.0962 0.6061 -2.5505
vt 0.1458 0.3266
vn -0.9519 0.2080 -0.2250
f 97/97/97 98/98/98 99/99/99 100/100/100
v -1.0962 0.6061 -2.5505
vt 0.1458 0.3266
vn -0.8165 -0.5442 -0.1930
v -0.7195 0.6061 -3.1702
vt 0.1576 0.3266
vn -0.5471 -0.5442 -0.6360
v -0.6697 0.4884 -3.1123
vt 0.1589 0.3224
vn -0.5471 -0.5442 -0.6360
v -1.0219 0.4884 -2.5330
vt 0.1478 0.3224
vn -0.8165 -0.5442 -0.1930
f 101/101/101 102/102/102 103/103/103 104/104/104
v 0.0225 0.4453 -2.5629
vt 0.1768 0.2740
vn -0.0043 -0.9986 -0.0527
v -0.1390 0.4453 -2.4953
vt 0.1722 0.2740
vn -0.0345 -0.9986 -0.0401
v -0.6697 0.4884 -3.1123
vt 0.1589 0.2755
vn -0.0345 -0.9986 -0.0401
v -0.0442 0.4884 -3.3739
vt 0.1768 0.2755
vn -0.0043 -0.9986 -0.0527
f 105/105/105 106/106/106 107/107/107 108/108/108
v -0.6972 0.7669 -3.1442
vt 0.1582 0.3324
vn -0.6183 0.3177 -0.7189
v -0.0477 0.7669 -3.4160
vt 0.1768 0.3324
vn -0.0777 0.3177 -0.9450
v -0.0505 0.6061 -3.4500
vt 0.1768 0.3266
vn -0.0802 0.2080 -0.9748
v -0.7195 0.6061 -3.1702
vt 0.1576 0.3266
vn -0.6378 0.2080 -0.7415
f 109/109/109 110/110/110 111/111/111 112/112/112
v -0.7195 0.6061 -3.1702
vt 0.1576 0.3266
vn -0.5471 -0.5442 -0.6360
v -0.0505 0.6061 -3.4500
vt 0.1768 0.3266
vn -0.0688 -0.5442 -0.8361
v -0.0442 0.4884 -3.3739
vt 0.1768 0.3224
vn -0.0688 -0.5442 -0.8361
v -0.6697 0.4884 -3.1123
vt 0.1589 0.3224
vn -0.5471 -0.5442 -0.6360
f 113/113/113 114/114/114 115/115/115 116/116/116
v 2.4666 0.3899 -1.1171
vt 0.1814 0.2740
vn 0.0311 -0.9986 -0.0428
v 2.3208 0.3899 -1.1644
vt 0.1768 0.2740
vn 0.0000 -0.9986 -0.0529
v 2.3208 0.4276 -1.8770
vt 0.1768 0.2755
vn 0.0000 -0.9986 -0.0529
v 2.8854 0.4276 -1.6936
vt 0.1947 0.2755
vn 0.0311 -0.9986 -0.0428
f 117/117/117 118/118/118 119/119/119 120/120/120
v 0.0225 0.4453 -2.5629
vt 0.7845 0.8513
vn -0.0818 0.0593 -0.9949
v 0.1928 0.4453 -2.5226
vt 0.7891 0.8513
vn 0.5186 0.0593 -0.8530
v 0.2065 0.0000 -2.5452
vt 0.7895 0.8354
vn 0.5186 0.0593 -0.8530
v 0.0203 0.0000 -2.5892
vt 0.7845 0.8354
vn -0.0818 0.0593 -0.9949
f 121/121/121 122/122/122 123/123/123 124/124/124
v -0.0477 0.7669 -3.4160
vt 0.1768 0.3324
vn -0.0777 0.3177 -0.9450
v -0.0033 1.8823 -2.8763
vt 0.1768 0.3722
vn -0.0737 0.4367 -0.8966
v 0.3562 1.8823 -2.7913
vt 0.1866 0.3722
vn 0.4673 0.4367 -0.7687
v 0.6375 0.7669 -3.2540
vt 0.1954 0.3324
vn 0.4926 0.3177 -0.8102
f 125/125/125 126/126/126 127/127/127 128/128/128
v 1.0966 0.7669 -2.7202
vt 0.2069 0.3324
vn 0.8747 0.3177 -0.3659
v 0.5970 1.8823 -2.5113
vt 0.1926 0.3722
vn 0.8299 0.4367 -0.3472
v 0.6273 1.8823 -2.1431
vt 0.1926 0.3722
vn 0.8755 0.4367 0.2069
v 1.1543 0.7669 -2.0186
vt 0.2069 0.3324
vn 0.9228 0.3177 0.2181
f 129/129/129 130/130/130 131/131/131 132/132/132
v -0.6972 0.7669 -3.1442
vt 0.1582 0.3324
vn -0.6183 0.3177 -0.7189
v -0.3441 1.8823 -2.7337
vt 0.1670 0.3722
vn -0.5866 0.4367 -0.6820
v -0.0033 1.8823 -2.8763
vt 0.1768 0.3722
vn -0.0737 0.4367 -0.8966
v -0.0477 0.7669 -3.4160
vt 0.1768 0.3324
vn -0.0777 0.3177 -0.9450
f 133/133/133 134/134/134 135/135/135 136/136/136
v -1.0630 0.7669 -2.5427
vt 0.1467 0.3324
vn -0.9228 0.3177 -0.2181
v -0.5359 1.8823 -2.4181
vt 0.1610 0.3722
vn -0.8755 0.4368 -0.2069
v -0.3441 1.8823 -2.7337
vt 0.1670 0.3722
vn -0.5866 0.4367 -0.6820
v -0.6972 0.7669 -3.1442
vt 0.1582 0.3324
vn -0.6183 0.3177 -0.7189
f 137/137/137 138/138/138 139/139/139 140/140/140
v -1.0052 0.7669 -1.8410
vt 0.1467 0.3324
vn -0.8747 0.3177 0.3659
v -0.5057 1.8823 -2.0500
vt 0.1610 0.3722
vn -0.8299 0.4368 0.3472
v -0.5359 1.8823 -2.4181
vt 0.1610 0.3722
vn -0.8755 0.4368 -0.2069
v -1.0630 0.7669 -2.5427
vt 0.1467 0.3324
vn -0.9228 0.3177 -0.2181
f 141/141/141 142/142/142 143/143/143 144/144/144
v -0.5461 0.7669 -1.3072
vt 0.1582 0.3324
vn -0.4926 0.3177 0.8102
v -0.2648 1.8823 -1.7699
vt 0.1670 0.3722
vn -0.4673 0.4367 0.7687
v -0.5057 1.8823 -2.0500
vt 0.1610 0.3722
vn -0.8299 0.4368 0.3472
v -1.0052 0.7669 -1.8410
vt 0.1467 0.3324
vn -0.8747 0.3177 0.3659
f 145/145/145 146/146/146 147/147/147 148/148/148
v 0.1390 0.7669 -1.1453
vt 0.1768 0.3324
vn 0.0777 0.3177 0.9450
v 0.0947 1.8823 -1.6850
vt 0.1768 0.3722
vn 0.0737 0.4367 0.8966
v -0.2648 1.8823 -1.7699
vt 0.1670 0.3722
vn -0.4673 0.4367 0.7687
v -0.5461 0.7669 -1.3072
vt 0.1582 0.3324
vn -0.4926 0.3177 0.8102
f 149/149/149 150/150/150 151/151/151 152/152/152
v 0.7885 0.7669 -1.4170
vt 0.1954 0.3324
vn 0.6183 0.3177 0.7189
v 0.4354 1.8823 -1.8275
vt 0.1866 0.3722
vn 0.5866 0.4367 0.6820
v 0.0947 1.8823 -1.6850
vt 0.1768 0.3722
vn 0.0737 0.4367 0.8966
v 0.1390 0.7669 -1.1453
vt 0.1768 0.3324
vn 0.0777 0.3177 0.9450
f 153/153/153 154/154/154 155/155/155 156/156/156
v 1.1543 0.7669 -2.0186
vt 0.2069 0.3324
vn 0.9228 0.3177 0.2181
v 0.6273 1.8823 -2.1431
vt 0.1926 0.3722
vn 0.8755 0.4367 0.2069
v 0.4354 1.8823 -1.8275
vt 0.1866 0.3722
vn 0.5866 0.4367 0.6820
v 0.7885 0.7669 -1.4170
vt 0.1954 0.3324
vn 0.6183 0.3177 0.7189
f 157/157/157 158/158/158 159/159/159 160/160/160
v 0.6375 0.7669 -3.2540
vt 0.1954 0.3324
vn 0.4926 0.3177 -0.8102
v 0.3562 1.8823 -2.7913
vt 0.1866 0.3722
vn 0.4673 0.4367 -0.7687
v 0.5970 1.8823 -2.5113
vt 0.1926 0.3722
vn 0.8299 0.4367 -0.3472
v 1.0966 0.7669 -2.7202
vt 0.2069 0.3324
vn 0.8747 0.3177 -0.3659
f 161/161/161 162/162/162 163/163/163 164/164/164
v 0.5151 2.1275 -3.0528
vt 0.1916 0.3809
vn 0.4929 0.3158 -0.8107
v 0.1718 3.5038 -2.4881
vt 0.1808 0.4769
vn 0.4205 0.5873 -0.6916
v 0.2696 3.5038 -2.3743
vt 0.1832 0.4769
vn 0.7467 0.5873 -0.3124
v 0.8793 2.1275 -2.6294
vt 0.2007 0.3809
vn 0.8753 0.3158 -0.3662
f 165/165/165 166/166/166 167/167/167 168/168/168
v 0.9251 2.1275 -2.0727
vt 0.2007 0.3809
vn 0.9234 0.3158 0.2183
v 0.2819 3.5038 -2.2248
vt 0.1832 0.4769
vn 0.7877 0.5873 0.1862
v 0.2040 3.5038 -2.0966
vt 0.1808 0.4769
vn 0.5278 0.5873 0.6136
v 0.6349 2.1275 -1.5955
vt 0.1916 0.3809
vn 0.6187 0.3158 0.7193
f 169/169/169 170/170/170 171/171/171 172/172/172
v 0.6349 2.1275 -1.5955
vt 0.1916 0.3809
vn 0.6187 0.3158 0.7193
v 0.2040 3.5038 -2.0966
vt 0.1808 0.4769
vn 0.5278 0.5873 0.6136
v 0.0656 3.5038 -2.0387
vt 0.1768 0.4769
vn 0.0663 0.5873 0.8067
v 0.1197 2.1275 -1.3800
vt 0.1768 0.3809
vn 0.0778 0.3158 0.9456
f 173/173/173 174/174/174 175/175/175 176/176/176
v 0.1197 2.1275 -1.3800
vt 0.1768 0.3809
vn 0.0778 0.3158 0.9456
v 0.0656 3.5038 -2.0387
vt 0.1768 0.4769
vn 0.0663 0.5873 0.8067
v -0.0805 3.5038 -2.0732
vt 0.1728 0.4769
vn -0.4205 0.5873 0.6916
v -0.4238 2.1275 -1.5085
vt 0.1620 0.3809
vn -0.4929 0.3158 0.8107
f 177/177/177 178/178/178 179/179/179 180/180/180
v -0.4238 2.1275 -1.5085
vt 0.1620 0.3809
vn -0.4929 0.3158 0.8107
v -0.0805 3.5038 -2.0732
vt 0.1728 0.4769
vn -0.4205 0.5873 0.6916
v -0.1783 3.5038 -2.1869
vt 0.1704 0.4769
vn -0.7467 0.5873 0.3124
v -0.7880 2.1275 -1.9319
vt 0.1529 0.3809
vn -0.8753 0.3158 0.3662
f 181/181/181 182/182/182 183/183/183 184/184/184
v -0.7880 2.1275 -1.9319
vt 0.1529 0.3809
vn -0.8753 0.3158 0.3662
v -0.1783 3.5038 -2.1869
vt 0.1704 0.4769
vn -0.7467 0.5873 0.3124
v -0.1906 3.5038 -2.3365
vt 0.1704 0.4769
vn -0.7877 0.5873 -0.1862
v -0.8338 2.1275 -2.4885
vt 0.1529 0.3809
vn -0.9234 0.3158 -0.2183
f 185/185/185 186/186/186 187/187/187 188/188/188
v -0.8338 2.1275 -2.4885
vt 0.1529 0.3809
vn -0.9234 0.3158 -0.2183
v -0.1906 3.5038 -2.3365
vt 0.1704 0.4769
vn -0.7877 0.5873 -0.1862
v -0.1127 3.5038 -2.4647
vt 0.1728 0.4769
vn -0.5278 0.5873 -0.6136
v -0.5436 2.1275 -2.9657
vt 0.1620 0.3809
vn -0.6187 0.3158 -0.7193
f 189/189/189 190/190/190 191/191/191 192/192/192
v -0.5436 2.1275 -2.9657
vt 0.1620 0.3809
vn -0.6187 0.3158 -0.7193
v -0.1127 3.5038 -2.4647
vt 0.1728 0.4769
vn -0.5278 0.5873 -0.6136
v 0.0258 3.5038 -2.5226
vt 0.1768 0.4769
vn -0.0663 0.5873 -0.8067
v -0.0284 2.1275 -3.1812
vt 0.1768 0.3809
vn -0.0778 0.3158 -0.9456
f 193/193/193 194/194/194 195/195/195 196/196/196
v 0.8793 2.1275 -2.6294
vt 0.2007 0.3809
vn 0.8753 0.3158 -0.3662
v 0.2696 3.5038 -2.3743
vt 0.1832 0.4769
vn 0.7467 0.5873 -0.3124
v 0.2819 3.5038 -2.2248
vt 0.1832 0.4769
vn 0.7877 0.5873 0.1862
v 0.9251 2.1275 -2.0727
vt 0.2007 0.3809
vn 0.9234 0.3158 0.2183
f 197/197/197 198/198/198 199/199/199 200/200/200
v -0.0284 2.1275 -3.1812
vt 0.1768 0.3809
vn -0.0778 0.3158 -0.9456
v 0.5151 2.1275 -3.0528
vt 0.1916 0.3809
vn 0.4929 0.3158 -0.8107
v 0.5292 1.9999 -3.0759
vt 0.1920 0.3764
vn 0.5081 0.2080 -0.8358
v -0.0306 1.9999 -3.2083
vt 0.1768 0.3764
vn -0.0802 0.2080 -0.9748
f 201/201/201 202/202/202 203/203/203 204/204/204
v -0.0306 1.9999 -3.2083
vt 0.1768 0.3764
vn -0.0688 -0.5442 -0.8361
v 0.5292 1.9999 -3.0759
vt 0.1920 0.3764
vn 0.4358 -0.5442 -0.7169
v 0.4977 1.9065 -3.0242
vt 0.1910 0.3730
vn 0.4358 -0.5442 -0.7169
v -0.0257 1.9065 -3.1479
vt 0.1768 0.3730
vn -0.0688 -0.5442 -0.8361
f 205/205/205 206/206/206 207/207/207 208/208/208
v 0.8485 1.9065 -2.6164
vt 0.1998 0.3262
vn 0.0818 -0.9961 -0.0342
v 0.5970 1.8823 -2.5113
vt 0.1926 0.3253
vn 0.0818 -0.9961 -0.0342
v 0.3562 1.8823 -2.7913
vt 0.1866 0.3253
vn 0.0461 -0.9961 -0.0758
v 0.4977 1.9065 -3.0242
vt 0.1910 0.3262
vn 0.0461 -0.9961 -0.0758
f 209/209/209 210/210/210 211/211/211 212/212/212
v 0.5151 2.1275 -3.0528
vt 0.1916 0.3809
vn 0.4929 0.3158 -0.8107
v 0.8793 2.1275 -2.6294
vt 0.2007 0.3809
vn 0.8753 0.3158 -0.3662
v 0.9043 1.9999 -2.6398
vt 0.2014 0.3764
vn 0.9024 0.2080 -0.3775
v 0.5292 1.9999 -3.0759
vt 0.1920 0.3764
vn 0.5081 0.2080 -0.8358
f 213/213/213 214/214/214 215/215/215 216/216/216
v 0.5292 1.9999 -3.0759
vt 0.1920 0.3764
vn 0.4358 -0.5442 -0.7169
v 0.9043 1.9999 -2.6398
vt 0.2014 0.3764
vn 0.7740 -0.5442 -0.3238
v 0.8485 1.9065 -2.6164
vt 0.1998 0.3730
vn 0.7740 -0.5442 -0.3238
v 0.4977 1.9065 -3.0242
vt 0.1910 0.3730
vn 0.4358 -0.5442 -0.7169
f 217/217/217 218/218/218 219/219/219 220/220/220
v 0.8925 1.9065 -2.0804
vt 0.1998 0.3262
vn 0.0863 -0.9961 0.0204
v 0.6273 1.8823 -2.1431
vt 0.1926 0.3253
vn 0.0863 -0.9961 0.0204
v 0.5970 1.8823 -2.5113
vt 0.1926 0.3253
vn 0.0818 -0.9961 -0.0342
v 0.8485 1.9065 -2.6164
vt 0.1998 0.3262
vn 0.0818 -0.9961 -0.0342
f 221/221/221 222/222/222 223/223/223 224/224/224
v 0.8793 2.1275 -2.6294
vt 0.2007 0.3809
vn 0.8753 0.3158 -0.3662
v 0.9251 2.1275 -2.0727
vt 0.2007 0.3809
vn 0.9234 0.3158 0.2183
v 0.9515 1.9999 -2.0665
vt 0.2014 0.3764
vn 0.9519 0.2080 0.2250
v 0.9043 1.9999 -2.6398
vt 0.2014 0.3764
vn 0.9024 0.2080 -0.3775
f 225/225/225 226/226/226 227/227/227 228/228/228
v 0.9043 1.9999 -2.6398
vt 0.2014 0.3764
vn 0.7740 -0.5442 -0.3238
v 0.9515 1.9999 -2.0665
vt 0.2014 0.3764
vn 0.8165 -0.5442 0.1930
v 0.8925 1.9065 -2.0804
vt 0.1998 0.3730
vn 0.8165 -0.5442 0.1930
v 0.8485 1.9065 -2.6164
vt 0.1998 0.3730
vn 0.7740 -0.5442 -0.3238
f 229/229/229 230/230/230 231/231/231 232/232/232
v 0.6131 1.9065 -1.6209
vt 0.1910 0.3262
vn 0.0578 -0.9961 0.0672
v 0.4354 1.8823 -1.8275
vt 0.1866 0.3253
vn 0.0578 -0.9961 0.0672
v 0.6273 1.8823 -2.1431
vt 0.1926 0.3253
vn 0.0863 -0.9961 0.0204
v 0.8925 1.9065 -2.0804
vt 0.1998 0.3262
vn 0.0863 -0.9961 0.0204
f 233/233/233 234/234/234 235/235/235 236/236/236
v 0.9251 2.1275 -2.0727
vt 0.2007 0.3809
vn 0.9234 0.3158 0.2183
v 0.6349 2.1275 -1.5955
vt 0.1916 0.3809
vn 0.6187 0.3158 0.7193
v 0.6526 1.9999 -1.5750
vt 0.1920 0.3764
vn 0.6378 0.2080 0.7415
v 0.9515 1.9999 -2.0665
vt 0.2014 0.3764
vn 0.9519 0.2080 0.2250
f 237/237/237 238/238/238 239/239/239 240/240/240
v 0.9515 1.9999 -2.0665
vt 0.2014 0.3764
vn 0.8165 -0.5442 0.1930
v 0.6526 1.9999 -1.5750
vt 0.1920 0.3764
vn 0.5471 -0.5442 0.6360
v 0.6131 1.9065 -1.6209
vt 0.1910 0.3730
vn 0.5471 -0.5442 0.6360
v 0.8925 1.9065 -2.0804
vt 0.1998 0.3730
vn 0.8165 -0.5442 0.1930
f 241/241/241 242/242/242 243/243/243 244/244/244
v 0.1170 1.9065 -1.4133
vt 0.1768 0.3262
vn 0.0073 -0.9961 0.0884
v 0.0947 1.8823 -1.6850
vt 0.1768 0.3253
vn 0.0073 -0.9961 0.0884
v 0.4354 1.8823 -1.8275
vt 0.1866 0.3253
vn 0.0578 -0.9961 0.0672
v 0.6131 1.9065 -1.6209
vt 0.1910 0.3262
vn 0.0578 -0.9961 0.0672
f 245/245/245 246/246/246 247/247/247 248/248/248
v 0.6349 2.1275 -1.5955
vt 0.1916 0.3809
vn 0.6187 0.3158 0.7193
v 0.1197 2.1275 -1.3800
vt 0.1768 0.3809
vn 0.0778 0.3158 0.9456
v 0.1219 1.9999 -1.3530
vt 0.1768 0.3764
vn 0.0802 0.2080 0.9748
v 0.6526 1.9999 -1.5750
vt 0.1920 0.3764
vn 0.6378 0.2080 0.7415
f 249/249/249 250/250/250 251/251/251 252/252/252
v 0.6526 1.9999 -1.5750
vt 0.1920 0.3764
vn 0.5471 -0.5442 0.6360
v 0.1219 1.9999 -1.3530
vt 0.1768 0.3764
vn 0.0688 -0.5442 0.8361
v 0.1170 1.9065 -1.4133
vt 0.1768 0.3730
vn 0.0688 -0.5442 0.8361
v 0.6131 1.9065 -1.6209
vt 0.1910 0.3730
vn 0.5471 -0.5442 0.6360
f 253/253/253 254/254/254 255/255/255 256/256/256
v -0.4064 1.9065 -1.5370
vt 0.1626 0.3262
vn -0.0461 -0.9961 0.0758
v -0.2648 1.8823 -1.7699
vt 0.1670 0.3253
vn -0.0461 -0.9961 0.0758
v 0.0947 1.8823 -1.6850
vt 0.1768 0.3253
vn 0.0073 -0.9961 0.0884
v 0.1170 1.9065 -1.4133
vt 0.1768 0.3262
vn 0.0073 -0.9961 0.0884
f 257/257/257 258/258/258 259/259/259 260/260/260
v 0.1197 2.1275 -1.3800
vt 0.1768 0.3809
vn 0.0778 0.3158 0.9456
v -0.4238 2.1275 -1.5085
vt 0.1620 0.3809
vn -0.4929 0.3158 0.8107
v -0.4379 1.9999 -1.4853
vt 0.1616 0.3764
vn -0.5081 0.2080 0.8358
v 0.1219 1.9999 -1.3530
vt 0.1768 0.3764
vn 0.0802 0.2080 0.9748
f 261/261/261 262/262/262 263/263/263 264/264/264
v 0.1219 1.9999 -1.3530
vt 0.1768 0.3764
vn 0.0688 -0.5442 0.8361
v -0.4379 1.9999 -1.4853
vt 0.1616 0.3764
vn -0.4358 -0.5442 0.7169
v -0.4064 1.9065 -1.5370
vt 0.1626 0.3730
vn -0.4358 -0.5442 0.7169
v 0.1170 1.9065 -1.4133
vt 0.1768 0.3730
vn 0.0688 -0.5442 0.8361
f 265/265/265 266/266/266 267/267/267 268/268/268
v -0.7571 1.9065 -1.9448
vt 0.1538 0.3262
vn -0.0818 -0.9961 0.0342
v -0.5057 1.8823 -2.0500
vt 0.1610 0.3253
vn -0.0818 -0.9961 0.0342
v -0.2648 1.8823 -1.7699
vt 0.1670 0.3253
vn -0.0461 -0.9961 0.0758
v -0.4064 1.9065 -1.5370
vt 0.1626 0.3262
vn -0.0461 -0.9961 0.0758
f 269/269/269 270/270/270 271/271/271 272/272/272
v -0.4238 2.1275 -1.5085
vt 0.1620 0.3809
vn -0.4929 0.3158 0.8107
v -0.7880 2.1275 -1.9319
vt 0.1529 0.3809
vn -0.8753 0.3158 0.3662
v -0.8130 1.9999 -1.9214
vt 0.1522 0.3764
vn -0.9024 0.2080 0.3775
v -0.4379 1.9999 -1.4853
vt 0.1616 0.3764
vn -0.5081 0.2080 0.8358
f 273/273/273 274/274/274 275/275/275 276/276/276
v -0.4379 1.9999 -1.4853
vt 0.1616 0.3764
vn -0.4358 -0.5442 0.7169
v -0.8130 1.9999 -1.9214
vt 0.1522 0.3764
vn -0.7740 -0.5442 0.3238
v -0.7571 1.9065 -1.9448
vt 0.1538 0.3730
vn -0.7740 -0.5442 0.3238
v -0.4064 1.9065 -1.5370
vt 0.1626 0.3730
vn -0.4358 -0.5442 0.7169
f 277/277/277 278/278/278 279/279/279 280/280/280
v -0.8012 1.9065 -2.4808
vt 0.1538 0.3262
vn -0.0863 -0.9961 -0.0204
v -0.5359 1.8823 -2.4181
vt 0.1610 0.3253
vn -0.0863 -0.9961 -0.0204
v -0.5057 1.8823 -2.0500
vt 0.1610 0.3253
vn -0.0818 -0.9961 0.0342
v -0.7571 1.9065 -1.9448
vt 0.1538 0.3262
vn -0.0818 -0.9961 0.0342
f 281/281/281 282/282/282 283/283/283 284/284/284
v -0.7880 2.1275 -1.9319
vt 0.1529 0.3809
vn -0.8753 0.3158 0.3662
v -0.8338 2.1275 -2.4885
vt 0.1529 0.3809
vn -0.9234 0.3158 -0.2183
v -0.8601 1.9999 -2.4947
vt 0.1522 0.3764
vn -0.9519 0.2080 -0.2250
v -0.8130 1.9999 -1.9214
vt 0.1522 0.3764
vn -0.9024 0.2080 0.3775
f 285/285/285 286/286/286 287/287/287 288/288/288
v -0.8130 1.9999 -1.9214
vt 0.1522 0.3764
vn -0.7740 -0.5442 0.3238
v -0.8601 1.9999 -2.4947
vt 0.1522 0.3764
vn -0.8165 -0.5442 -0.1930
v -0.8012 1.9065 -2.4808
vt 0.1538 0.3730
vn -0.8165 -0.5442 -0.1930
v -0.7571 1.9065 -1.9448
vt 0.1538 0.3730
vn -0.7740 -0.5442 0.3238
f 289/289/289 290/290/290 291/291/291 292/292/292
v -0.5218 1.9065 -2.9403
vt 0.1626 0.3262
vn -0.0578 -0.9961 -0.0672
v -0.3441 1.8823 -2.7337
vt 0.1670 0.3253
vn -0.0578 -0.9961 -0.0672
v -0.5359 1.8823 -2.4181
vt 0.1610 0.3253
vn -0.0863 -0.9961 -0.0204
v -0.8012 1.9065 -2.4808
vt 0.1538 0.3262
vn -0.0863 -0.9961 -0.0204
f 293/293/293 294/294/294 295/295/295 296/296/296
v -0.8338 2.1275 -2.4885
vt 0.1529 0.3809
vn -0.9234 0.3158 -0.2183
v -0.5436 2.1275 -2.9657
vt 0.1620 0.3809
vn -0.6187 0.3158 -0.7193
v -0.5613 1.9999 -2.9863
vt 0.1616 0.3764
vn -0.6378 0.2080 -0.7415
v -0.8601 1.9999 -2.4947
vt 0.1522 0.3764
vn -0.9519 0.2080 -0.2250
f 297/297/297 298/298/298 299/299/299 300/300/300
v -0.8601 1.9999 -2.4947
vt 0.1522 0.3764
vn -0.8165 -0.5442 -0.1930
v -0.5613 1.9999 -2.9863
vt 0.1616 0.3764
vn -0.5471 -0.5442 -0.6360
v -0.5218 1.9065 -2.9403
vt 0.1626 0.3730
vn -0.5471 -0.5442 -0.6360
v -0.8012 1.9065 -2.4808
vt 0.1538 0.3730
vn -0.8165 -0.5442 -0.1930
f 301/301/301 302/302/302 303/303/303 304/304/304
v -0.0257 1.9065 -3.1479
vt 0.1768 0.3262
vn -0.0073 -0.9961 -0.0884
v -0.0033 1.8823 -2.8763
vt 0.1768 0.3253
vn -0.0073 -0.9961 -0.0884
v -0.3441 1.8823 -2.7337
vt 0.1670 0.3253
vn -0.0578 -0.9961 -0.0672
v -0.5218 1.9065 -2.9403
vt 0.1626 0.3262
vn -0.0578 -0.9961 -0.0672
f 305/305/305 306/306/306 307/307/307 308/308/308
v -0.5436 2.1275 -2.9657
vt 0.1620 0.3809
vn -0.6187 0.3158 -0.7193
v -0.0284 2.1275 -3.1812
vt 0.1768 0.3809
vn -0.0778 0.3158 -0.9456
v -0.0306 1.9999 -3.2083
vt 0.1768 0.3764
vn -0.0802 0.2080 -0.9748
v -0.5613 1.9999 -2.9863
vt 0.1616 0.3764
vn -0.6378 0.2080 -0.7415
f 309/309/309 310/310/310 311/311/311 312/312/312
v -0.5613 1.9999 -2.9863
vt 0.1616 0.3764
vn -0.5471 -0.5442 -0.6360
v -0.0306 1.9999 -3.2083
vt 0.1768 0.3764
vn -0.0688 -0.5442 -0.8361
v -0.0257 1.9065 -3.1479
vt 0.1768 0.3730
vn -0.0688 -0.5442 -0.8361
v -0.5218 1.9065 -2.9403
vt 0.1626 0.3730
vn -0.5471 -0.5442 -0.6360
f 313/313/313 314/314/314 315/315/315 316/316/316
v 2.7687 1.6694 -1.5329
vt 0.1910 0.3262
vn 0.0521 -0.9961 -0.0717
v 2.6284 1.6482 -1.3398
vt 0.1866 0.3253
vn 0.0521 -0.9961 -0.0717
v 2.3208 1.6482 -1.4398
vt 0.1768 0.3253
vn 0.0000 -0.9961 -0.0887
v 2.3208 1.6694 -1.6784
vt 0.1768 0.3262
vn 0.0000 -0.9961 -0.0887
f 317/317/317 318/318/318 319/319/319 320/320/320
v 0.1718 3.5038 -2.4881
vt 0.1808 0.4769
vn 0.4205 0.5873 -0.6916
v 0.1087 3.6096 -2.3844
vt 0.1788 0.4807
vn 0.2379 0.8890 -0.3913
v 0.1577 3.6096 -2.3275
vt 0.1800 0.4807
vn 0.4225 0.8890 -0.1767
v 0.2696 3.5038 -2.3743
vt 0.1832 0.4769
vn 0.7467 0.5873 -0.3124
f 321/321/321 322/322/322 323/323/323 324/324/324
v 0.1087 3.6096 -2.3844
vt 0.1788 0.4807
vn 0.2379 0.8890 -0.3913
v 0.0357 3.6096 -2.4016
vt 0.1768 0.4807
vn -0.0375 0.8890 -0.4564
v 0.0457 3.6260 -2.2806
vt 0.1768 0.4813
vn 0.0000 1.0000 0.0000
f 325/325/325 326/326/326 327/327/327
v 0.2696 3.5038 -2.3743
vt 0.1832 0.4769
vn 0.7467 0.5873 -0.3124
v 0.1577 3.6096 -2.3275
vt 0.1800 0.4807
vn 0.4225 0.8890 -0.1767
v 0.1638 3.6096 -2.2527
vt 0.1800 0.4807
vn 0.4457 0.8890 0.1053
v 0.2819 3.5038 -2.2248
vt 0.1832 0.4769
vn 0.7877 0.5873 0.1862
f 328/328/328 329/329/329 330/330/330 331/331/331
v 0.1577 3.6096 -2.3275
vt 0.1800 0.4807
vn 0.4225 0.8890 -0.1767
v 0.1087 3.6096 -2.3844
vt 0.1788 0.4807
vn 0.2379 0.8890 -0.3913
v 0.0457 3.6260 -2.2806
vt 0.1768 0.4813
vn 0.0000 1.0000 0.0000
f 332/332/332 333/333/333 334/334/334
v 0.2819 3.5038 -2.2248
vt 0.1832 0.4769
vn 0.7877 0.5873 0.1862
v 0.1638 3.6096 -2.2527
vt 0.1800 0.4807
vn 0.4457 0.8890 0.1053
v 0.1248 3.6096 -2.1886
vt 0.1788 0.4807
vn 0.2986 0.8890 0.3472
v 0.2040 3.5038 -2.0966
vt 0.1808 0.4769
vn 0.5278 0.5873 0.6136
f 335/335/335 336/336/336 337/337/337 338/338/338
v 0.1638 3.6096 -2.2527
vt 0.1800 0.4807
vn 0.4457 0.8890 0.1053
v 0.1577 3.6096 -2.3275
vt 0.1800 0.4807
vn 0.4225 0.8890 -0.1767
v 0.0457 3.6260 -2.2806
vt 0.1768 0.4813
vn 0.0000 1.0000 0.0000
f 339/339/339 340/340/340 341/341/341
v 0.2040 3.5038 -2.0966
vt 0.1808 0.4769
vn 0.5278 0.5873 0.6136
v 0.1248 3.6096 -2.1886
vt 0.1788 0.4807
vn 0.2986 0.8890 0.3472
v 0.0556 3.6096 -2.1596
vt 0.1768 0.4807
vn 0.0375 0.8890 0.4564
v 0.0656 3.5038 -2.0387
vt 0.1768 0.4769
vn 0.0663 0.5873 0.8067
f 342/342/342 343/343/343 344/344/344 345/345/345
v 0.1248 3.6096 -2.1886
vt 0.1788 0.4807
vn 0.2986 0.8890 0.3472
v 0.1638 3.6096 -2.2527
vt 0.1800 0.4807
vn 0.4457 0.8890 0.1053
v 0.0457 3.6260 -2.2806
vt 0.1768 0.4813
vn 0.0000 1.0000 0.0000
f 346/346/346 347/347/347 348/348/348
v 0.0656 3.5038 -2.0387
vt 0.1768 0.4769
vn 0.0663 0.5873 0.8067
v 0.0556 3.6096 -2.1596
vt 0.1768 0.4807
vn 0.0375 0.8890 0.4564
v -0.0174 3.6096 -2.1769
vt 0.1748 0.4807
vn -0.2379 0.8890 0.3913
v -0.0805 3.5038 -2.0732
vt 0.1728 0.4769
vn -0.4205 0.5873 0.6916
f 349/349/349 350/350/350 351/351/351 352/352/352
v 0.0556 3.6096 -2.1596
vt 0.1768 0.4807
vn 0.0375 0.8890 0.4564
v 0.1248 3.6096 -2.1886
vt 0.1788 0.4807
vn 0.2986 0.8890 0.3472
v 0.0457 3.6260 -2.2806
vt 0.1768 0.4813
vn 0.0000 1.0000 0.0000
f 353/353/353 354/354/354 355/355/355
v -0.0805 3.5038 -2.0732
vt 0.1728 0.4769
vn -0.4205 0.5873 0.6916
v -0.0174 3.6096 -2.1769
vt 0.1748 0.4807
vn -0.2379 0.8890 0.3913
v -0.0663 3.6096 -2.2338
vt 0.1736 0.4807
vn -0.4225 0.8890 0.1767
v -0.1783 3.5038 -2.1869
vt 0.1704 0.4769
vn -0.7467 0.5873 0.3124
f 356/356/356 357/357/357 358/358/358 359/359/359
v -0.0174 3.6096 -2.1769
vt 0.1748 0.4807
vn -0.2379 0.8890 0.3913
v 0.0556 3.6096 -2.1596
vt 0.1768 0.4807
vn 0.0375 0.8890 0.4564
v 0.0457 3.6260 -2.2806
vt 0.1768 0.4813
vn 0.0000 1.0000 0.0000
f 360/360/360 361/361/361 362/362/362
v -0.1783 3.5038 -2.1869
vt 0.1704 0.4769
vn -0.7467 0.5873 0.3124
v -0.0663 3.6096 -2.2338
vt 0.1736 0.4807
vn -0.4225 0.8890 0.1767
v -0.0725 3.6096 -2.3085
vt 0.1736 0.4807
vn -0.4457 0.8890 -0.1053
v -0.1906 3.5038 -2.3365
vt 0.1704 0.4769
vn -0.7877 0.5873 -0.1862
f 363/363/363 364/364/364 365/365/365 366/366/366
v -0.0663 3.6096 -2.2338
vt 0.1736 0.4807
vn -0.4225 0.8890 0.1767
v -0.0174 3.6096 -2.1769
vt 0.1748 0.4807
vn -0.2379 0.8890 0.3913
v 0.0457 3.6260 -2.2806
vt 0.1768 0.4813
vn 0.0000 1.0000 0.0000
f 367/367/367 368/368/368 369/369/369
v -0.1906 3.5038 -2.3365
vt 0.1704 0.4769
vn -0.7877 0.5873 -0.1862
v -0.0725 3.6096 -2.3085
vt 0.1736 0.4807
vn -0.4457 0.8890 -0.1053
v -0.0335 3.6096 -2.3727
vt 0.1748 0.4807
vn -0.2986 0.8890 -0.3472
v -0.1127 3.5038 -2.4647
vt 0.1728 0.4769
vn -0.5278 0.5873 -0.6136
f 370/370/370 371/371/371 372/372/372 373/373/373
v -0.0725 3.6096 -2.3085
vt 0.1736 0.4807
vn -0.4457 0.8890 -0.1053
v -0.0663 3.6096 -2.2338
vt 0.1736 0.4807
vn -0.4225 0.8890 0.1767
v 0.0457 3.6260 -2.2806
vt 0.1768 0.4813
vn 0.0000 1.0000 0.0000
f 374/374/374 375/375/375 376/376/376
v -0.1127 3.5038 -2.4647
vt 0.1728 0.4769
vn -0.5278 0.5873 -0.6136
v -0.0335 3.6096 -2.3727
vt 0.1748 0.4807
vn -0.2986 0.8890 -0.3472
v 0.0357 3.6096 -2.4016
vt 0.1768 0.4807
vn -0.0375 0.8890 -0.4564
v 0.0258 3.5038 -2.5226
vt 0.1768 0.4769
vn -0.0663 0.5873 -0.8067
f 377/377/377 378/378/378 379/379/379 380/380/380
v -0.0335 3.6096 -2.3727
vt 0.1748 0.4807
vn -0.2986 0.8890 -0.3472
v -0.0725 3.6096 -2.3085
vt 0.1736 0.4807
vn -0.4457 0.8890 -0.1053
v 0.0457 3.6260 -2.2806
vt 0.1768 0.4813
vn 0.0000 1.0000 0.0000
f 381/381/381 382/382/382 383/383/383
v 2.3208 3.0681 -1.1290
vt 0.1768 0.4769
vn 0.0000 0.5873 -0.8094
v 2.3208 3.1607 -1.0228
vt 0.1768 0.4807
vn 0.0000 0.8890 -0.4580
v 2.3833 3.1607 -1.0024
vt 0.1788 0.4807
vn 0.2692 0.8890 -0.3705
v 2.4458 3.0681 -1.0884
vt 0.1808 0.4769
vn 0.4757 0.5873 -0.6548
f 384/384/384 385/385/385 386/386/386 387/387/387
v 0.0357 3.6096 -2.4016
vt 0.1768 0.4807
vn -0.0375 0.8890 -0.4564
v -0.0335 3.6096 -2.3727
vt 0.1748 0.4807
vn -0.2986 0.8890 -0.3472
v 0.0457 3.6260 -2.2806
vt 0.1768 0.4813
vn 0.0000 1.0000 0.0000
f 388/388/388 389/389/389 390/390/390
v -0.0284 2.1275 -3.1812
vt 0.1768 0.3809
vn -0.0778 0.3158 -0.9456
v 0.0258 3.5038 -2.5226
vt 0.1768 0.4769
vn -0.0663 0.5873 -0.8067
v 0.1718 3.5038 -2.4881
vt 0.1808 0.4769
vn 0.4205 0.5873 -0.6916
v 0.5151 2.1275 -3.0528
vt 0.1916 0.3809
vn 0.4929 0.3158 -0.8107
f 391/391/391 392/392/392 393/393/393 394/394/394
v -0.2156 0.4453 -2.1713
vt 0.7770 0.8513
vn -0.9209 0.0593 0.3852
v -0.2299 0.4453 -2.3458
vt 0.7770 0.8513
vn -0.9715 0.0593 -0.2296
v -0.2557 0.0000 -2.3518
vt 0.7763 0.8354
vn -0.9715 0.0593 -0.2296
v -0.2400 0.0000 -2.1611
vt 0.7763 0.8354
vn -0.9209 0.0593 0.3852
f 395/395/395 396/396/396 397/397/397 398/398/398
v 0.2304 0.4453 -2.0659
vt 0.7891 0.8513
vn 0.6510 0.0593 0.7568
v 0.0689 0.4453 -1.9984
vt 0.7845 0.8513
vn 0.0818 0.0593 0.9949
v 0.0710 0.0000 -1.9720
vt 0.7845 0.8354
vn 0.0818 0.0593 0.9949
v 0.2476 0.0000 -2.0459
vt 0.7895 0.8354
vn 0.6510 0.0593 0.7568
f 399/399/399 400/400/400 401/401/401 402/402/402
v 0.1928 0.4453 -2.5226
vt 0.7891 0.8513
vn 0.5186 0.0593 -0.8530
v 0.3069 0.4453 -2.3899
vt 0.7920 0.8513
vn 0.9209 0.0593 -0.3852
v 0.3313 0.0000 -2.4001
vt 0.7927 0.8354
vn 0.9209 0.0593 -0.3852
v 0.2065 0.0000 -2.5452
vt 0.7895 0.8354
vn 0.5186 0.0593 -0.8530
f 403/403/403 404/404/404 405/405/405 406/406/406
v -0.2299 0.4453 -2.3458
vt 0.7770 0.8513
vn -0.9715 0.0593 -0.2296
v -0.1390 0.4453 -2.4953
vt 0.7798 0.8513
vn -0.6510 0.0593 -0.7568
v -0.1563 0.0000 -2.5154
vt 0.7794 0.8354
vn -0.6510 0.0593 -0.7568
v -0.2557 0.0000 -2.3518
vt 0.7763 0.8354
vn -0.9715 0.0593 -0.2296
f 407/407/407 408/408/408 409/409/409 410/410/410
v 0.0689 0.4453 -1.9984
vt 0.7845 0.8513
vn 0.0818 0.0593 0.9949
v -0.1015 0.4453 -2.0386
vt 0.7798 0.8513
vn -0.5186 0.0593 0.8530
v -0.1152 0.0000 -2.0160
vt 0.7794 0.8354
vn -0.5186 0.0593 0.8530
v 0.0710 0.0000 -1.9720
vt 0.7845 0.8354
vn 0.0818 0.0593 0.9949
f 411/411/411 412/412/412 413/413/413 414/414/414
v 0.3069 0.4453 -2.3899
vt 0.7920 0.8513
vn 0.9209 0.0593 -0.3852
v 0.3213 0.4453 -2.2155
vt 0.7920 0.8513
vn 0.9715 0.0593 0.2296
v 0.3470 0.0000 -2.2094
vt 0.7927 0.8354
vn 0.9715 0.0593 0.2296
v 0.3313 0.0000 -2.4001
vt 0.7927 0.8354
vn 0.9209 0.0593 -0.3852
f 415/415/415 416/416/416 417/417/417 418/418/418
v -0.1390 0.4453 -2.4953
vt 0.7798 0.8513
vn -0.6510 0.0593 -0.7568
v 0.0225 0.4453 -2.5629
vt 0.7845 0.8513
vn -0.0818 0.0593 -0.9949
v 0.0203 0.0000 -2.5892
vt 0.7845 0.8354
vn -0.0818 0.0593 -0.9949
v -0.1563 0.0000 -2.5154
vt 0.7794 0.8354
vn -0.6510 0.0593 -0.7568
f 419/419/419 420/420/420 421/421/421 422/422/422
v -0.1015 0.4453 -2.0386
vt 0.7798 0.8513
vn -0.5186 0.0593 0.8530
v -0.2156 0.4453 -2.1713
vt 0.7770 0.8513
vn -0.9209 0.0593 0.3852
v -0.2400 0.0000 -2.1611
vt 0.7763 0.8354
vn -0.9209 0.0593 0.3852
v -0.1152 0.0000 -2.0160
vt 0.7794 0.8354
vn -0.5186 0.0593 0.8530
f 423/423/423 424/424/424 425/425/425 426/426/426
v 0.3213 0.4453 -2.2155
vt 0.7920 0.8513
vn 0.9715 0.0593 0.2296
v 0.2304 0.4453 -2.0659
vt 0.7891 0.8513
vn 0.6510 0.0593 0.7568
v 0.2476 0.0000 -2.0459
vt 0.7895 0.8354
vn 0.6510 0.0593 0.7568
v 0.3470 0.0000 -2.2094
vt 0.7927 0.8354
vn 0.9715 0.0593 0.2296
f 427/427/427 428/428/428 429/429/429 430/430/430
v 2.3208 0.6715 -1.9139
vt 0.1768 0.3324
vn 0.0000 0.3177 -0.9482
v 2.9071 0.6715 -1.7234
vt 0.1954 0.3324
vn 0.5573 0.3177 -0.7671
v 2.9247 0.5307 -1.7477
vt 0.1960 0.3266
vn 0.5749 0.2080 -0.7913
v 2.3208 0.5307 -1.9439
vt 0.1768 0.3266
vn -0.0000 0.2080 -0.9781
f 431/431/431 432/432/432 433/433/433 434/434/434
v 2.3208 0.5307 -1.9439
vt 0.1768 0.3266
vn 0.0000 -0.5442 -0.8390
v 2.9247 0.5307 -1.7477
vt 0.1960 0.3266
vn 0.4931 -0.5442 -0.6787
v 2.8854 0.4276 -1.6936
vt 0.1947 0.3224
vn 0.4931 -0.5442 -0.6787
v 2.3208 0.4276 -1.8770
vt 0.1768 0.3224
vn 0.0000 -0.5442 -0.8390
f 435/435/435 436/436/436 437/437/437 438/438/438
v 2.5567 0.3899 -0.9931
vt 0.1843 0.2740
vn 0.0503 -0.9986 -0.0163
v 2.4666 0.3899 -1.1171
vt 0.1814 0.2740
vn 0.0311 -0.9986 -0.0428
v 2.8854 0.4276 -1.6936
vt 0.1947 0.2755
vn 0.0311 -0.9986 -0.0428
v 3.2344 0.4276 -1.2133
vt 0.2058 0.2755
vn 0.0503 -0.9986 -0.0163
f 439/439/439 440/440/440 441/441/441 442/442/442
v 2.9071 0.6715 -1.7234
vt 0.1954 0.3324
vn 0.5573 0.3177 -0.7671
v 3.2695 0.6715 -1.2247
vt 0.2069 0.3324
vn 0.9018 0.3177 -0.2930
v 3.2980 0.5307 -1.2339
vt 0.2078 0.3266
vn 0.9303 0.2080 -0.3023
v 2.9247 0.5307 -1.7477
vt 0.1960 0.3266
vn 0.5749 0.2080 -0.7913
f 443/443/443 444/444/444 445/445/445 446/446/446
v 2.9247 0.5307 -1.7477
vt 0.1960 0.3266
vn 0.4931 -0.5442 -0.6787
v 3.2980 0.5307 -1.2339
vt 0.2078 0.3266
vn 0.7979 -0.5442 -0.2593
v 3.2344 0.4276 -1.2133
vt 0.2058 0.3224
vn 0.7979 -0.5442 -0.2593
v 2.8854 0.4276 -1.6936
vt 0.1947 0.3224
vn 0.4931 -0.5442 -0.6787
f 447/447/447 448/448/448 449/449/449 450/450/450
v 2.5567 0.3899 -0.8398
vt 0.1843 0.2740
vn 0.0503 -0.9986 0.0163
v 2.5567 0.3899 -0.9931
vt 0.1843 0.2740
vn 0.0503 -0.9986 -0.0163
v 3.2344 0.4276 -1.2133
vt 0.2058 0.2755
vn 0.0503 -0.9986 -0.0163
v 3.2344 0.4276 -0.6196
vt 0.2058 0.2755
vn 0.0503 -0.9986 0.0163
f 451/451/451 452/452/452 453/453/453 454/454/454
v 3.2695 0.6715 -1.2247
vt 0.2069 0.3324
vn 0.9018 0.3177 -0.2930
v 3.2695 0.6715 -0.6082
vt 0.2069 0.3324
vn 0.9018 0.3177 0.2930
v 3.2980 0.5307 -0.5989
vt 0.2078 0.3266
vn 0.9303 0.2080 0.3023
v 3.2980 0.5307 -1.2339
vt 0.2078 0.3266
vn 0.9303 0.2080 -0.3023
f 455/455/455 456/456/456 457/457/457 458/458/458
v 3.2980 0.5307 -1.2339
vt 0.2078 0.3266
vn 0.7979 -0.5442 -0.2593
v 3.2980 0.5307 -0.5989
vt 0.2078 0.3266
vn 0.7979 -0.5442 0.2593
v 3.2344 0.4276 -0.6196
vt 0.2058 0.3224
vn 0.7979 -0.5442 0.2593
v 3.2344 0.4276 -1.2133
vt 0.2058 0.3224
vn 0.7979 -0.5442 -0.2593
f 459/459/459 460/460/460 461/461/461 462/462/462
v 2.4666 0.3899 -0.7158
vt 0.1814 0.2740
vn 0.0311 -0.9986 0.0428
v 2.5567 0.3899 -0.8398
vt 0.1843 0.2740
vn 0.0503 -0.9986 0.0163
v 3.2344 0.4276 -0.6196
vt 0.2058 0.2755
vn 0.0503 -0.9986 0.0163
v 2.8854 0.4276 -0.1393
vt 0.1947 0.2755
vn 0.0311 -0.9986 0.0428
f 463/463/463 464/464/464 465/465/465 466/466/466
v 3.2695 0.6715 -0.6082
vt 0.2069 0.3324
vn 0.9018 0.3177 0.2930
v 2.9071 0.6715 -0.1095
vt 0.1954 0.3324
vn 0.5573 0.3177 0.7671
v 2.9247 0.5307 -0.0852
vt 0.1960 0.3266
vn 0.5749 0.2080 0.7913
v 3.2980 0.5307 -0.5989
vt 0.2078 0.3266
vn 0.9303 0.2080 0.3023
f 467/467/467 468/468/468 469/469/469 470/470/470
v 3.2980 0.5307 -0.5989
vt 0.2078 0.3266
vn 0.7979 -0.5442 0.2593
v 2.9247 0.5307 -0.0852
vt 0.1960 0.3266
vn 0.4931 -0.5442 0.6787
v 2.8854 0.4276 -0.1393
vt 0.1947 0.3224
vn 0.4931 -0.5442 0.6787
v 3.2344 0.4276 -0.6196
vt 0.2058 0.3224
vn 0.7979 -0.5442 0.2593
f 471/471/471 472/472/472 473/473/473 474/474/474
v 2.3208 0.3899 -0.6685
vt 0.1768 0.2740
vn 0.0000 -0.9986 0.0529
v 2.4666 0.3899 -0.7158
vt 0.1814 0.2740
vn 0.0311 -0.9986 0.0428
v 2.8854 0.4276 -0.1393
vt 0.1947 0.2755
vn 0.0311 -0.9986 0.0428
v 2.3208 0.4276 0.0441
vt 0.1768 0.2755
vn 0.0000 -0.9986 0.0529
f 475/475/475 476/476/476 477/477/477 478/478/478
v 2.9071 0.6715 -0.1095
vt 0.1954 0.3324
vn 0.5573 0.3177 0.7671
v 2.3208 0.6715 0.0810
vt 0.1768 0.3324
vn 0.0000 0.3177 0.9482
v 2.3208 0.5307 0.1110
vt 0.1768 0.3266
vn 0.0000 0.2080 0.9781
v 2.9247 0.5307 -0.0852
vt 0.1960 0.3266
vn 0.5749 0.2080 0.7913
f 479/479/479 480/480/480 481/481/481 482/482/482
v 2.9247 0.5307 -0.0852
vt 0.1960 0.3266
vn 0.4931 -0.5442 0.6787
v 2.3208 0.5307 0.1110
vt 0.1768 0.3266
vn 0.0000 -0.5442 0.8390
v 2.3208 0.4276 0.0441
vt 0.1768 0.3224
vn 0.0000 -0.5442 0.8390
v 2.8854 0.4276 -0.1393
vt 0.1947 0.3224
vn 0.4931 -0.5442 0.6787
f 483/483/483 484/484/484 485/485/485 486/486/486
v 2.1751 0.3899 -0.7158
vt 0.1722 0.2740
vn -0.0311 -0.9986 0.0428
v 2.3208 0.3899 -0.6685
vt 0.1768 0.2740
vn 0.0000 -0.9986 0.0529
v 2.3208 0.4276 0.0441
vt 0.1768 0.2755
vn 0.0000 -0.9986 0.0529
v 1.7562 0.4276 -0.1393
vt 0.1589 0.2755
vn -0.0311 -0.9986 0.0428
f 487/487/487 488/488/488 489/489/489 490/490/490
v 2.3208 0.6715 0.0810
vt 0.1768 0.3324
vn 0.0000 0.3177 0.9482
v 1.7345 0.6715 -0.1095
vt 0.1582 0.3324
vn -0.5573 0.3177 0.7671
v 1.7169 0.5307 -0.0852
vt 0.1576 0.3266
vn -0.5749 0.2080 0.7913
v 2.3208 0.5307 0.1110
vt 0.1768 0.3266
vn 0.0000 0.2080 0.9781
f 491/491/491 492/492/492 493/493/493 494/494/494
v 2.3208 0.5307 0.1110
vt 0.1768 0.3266
vn 0.0000 -0.5442 0.8390
v 1.7169 0.5307 -0.0852
vt 0.1576 0.3266
vn -0.4931 -0.5442 0.6787
v 1.7562 0.4276 -0.1393
vt 0.1589 0.3224
vn -0.4931 -0.5442 0.6787
v 2.3208 0.4276 0.0441
vt 0.1768 0.3224
vn 0.0000 -0.5442 0.8390
f 495/495/495 496/496/496 497/497/497 498/498/498
v 2.0850 0.3899 -0.8398
vt 0.1693 0.2740
vn -0.0503 -0.9986 0.0163
v 2.1751 0.3899 -0.7158
vt 0.1722 0.2740
vn -0.0311 -0.9986 0.0428
v 1.7562 0.4276 -0.1393
vt 0.1589 0.2755
vn -0.0311 -0.9986 0.0428
v 1.4072 0.4276 -0.6196
vt 0.1478 0.2755
vn -0.0503 -0.9986 0.0163
f 499/499/499 500/500/500 501/501/501 502/502/502
v 1.7345 0.6715 -0.1095
vt 0.1582 0.3324
vn -0.5573 0.3177 0.7671
v 1.3721 0.6715 -0.6082
vt 0.1467 0.3324
vn -0.9018 0.3177 0.2930
v 1.3437 0.5307 -0.5989
vt 0.1458 0.3266
vn -0.9303 0.2080 0.3023
v 1.7169 0.5307 -0.0852
vt 0.1576 0.3266
vn -0.5749 0.2080 0.7913
f 503/503/503 504/504/504 505/505/505 506/506/506
v 1.7169 0.5307 -0.0852
vt 0.1576 0.3266
vn -0.4931 -0.5442 0.6787
v 1.3437 0.5307 -0.5989
vt 0.1458 0.3266
vn -0.7979 -0.5442 0.2593
v 1.4072 0.4276 -0.6196
vt 0.1478 0.3224
vn -0.7979 -0.5442 0.2593
v 1.7562 0.4276 -0.1393
vt 0.1589 0.3224
vn -0.4931 -0.5442 0.6787
f 507/507/507 508/508/508 509/509/509 510/510/510
v 2.0850 0.3899 -0.9931
vt 0.1693 0.2740
vn -0.0503 -0.9986 -0.0163
v 2.0850 0.3899 -0.8398
vt 0.1693 0.2740
vn -0.0503 -0.9986 0.0163
v 1.4072 0.4276 -0.6196
vt 0.1478 0.2755
vn -0.0503 -0.9986 0.0163
v 1.4072 0.4276 -1.2133
vt 0.1478 0.2755
vn -0.0503 -0.9986 -0.0163
f 511/511/511 512/512/512 513/513/513 514/514/514
v 1.3721 0.6715 -0.6082
vt 0.1467 0.3324
vn -0.9018 0.3177 0.2930
v 1.3721 0.6715 -1.2247
vt 0.1467 0.3324
vn -0.9018 0.3177 -0.2930
v 1.3437 0.5307 -1.2339
vt 0.1458 0.3266
vn -0.9303 0.2080 -0.3023
v 1.3437 0.5307 -0.5989
vt 0.1458 0.3266
vn -0.9303 0.2080 0.3023
f 515/515/515 516/516/516 517/517/517 518/518/518
v 1.3437 0.5307 -0.5989
vt 0.1458 0.3266
vn -0.7979 -0.5442 0.2593
v 1.3437 0.5307 -1.2339
vt 0.1458 0.3266
vn -0.7979 -0.5442 -0.2593
v 1.4072 0.4276 -1.2133
vt 0.1478 0.3224
vn -0.7979 -0.5442 -0.2593
v 1.4072 0.4276 -0.6196
vt 0.1478 0.3224
vn -0.7979 -0.5442 0.2593
f 519/519/519 520/520/520 521/521/521 522/522/522
v 2.1751 0.3899 -1.1171
vt 0.1722 0.2740
vn -0.0311 -0.9986 -0.0428
v 2.0850 0.3899 -0.9931
vt 0.1693 0.2740
vn -0.0503 -0.9986 -0.0163
v 1.4072 0.4276 -1.2133
vt 0.1478 0.2755
vn -0.0503 -0.9986 -0.0163
v 1.7562 0.4276 -1.6936
vt 0.1589 0.2755
vn -0.0311 -0.9986 -0.0428
f 523/523/523 524/524/524 525/525/525 526/526/526
v 1.3721 0.6715 -1.2247
vt 0.1467 0.3324
vn -0.9018 0.3177 -0.2930
v 1.7345 0.6715 -1.7234
vt 0.1582 0.3324
vn -0.5573 0.3177 -0.7671
v 1.7169 0.5307 -1.7477
vt 0.1576 0.3266
vn -0.5749 0.2080 -0.7913
v 1.3437 0.5307 -1.2339
vt 0.1458 0.3266
vn -0.9303 0.2080 -0.3023
f 527/527/527 528/528/528 529/529/529 530/530/530
v 1.3437 0.5307 -1.2339
vt 0.1458 0.3266
vn -0.7979 -0.5442 -0.2593
v 1.7169 0.5307 -1.7477
vt 0.1576 0.3266
vn -0.4931 -0.5442 -0.6787
v 1.7562 0.4276 -1.6936
vt 0.1589 0.3224
vn -0.4931 -0.5442 -0.6787
v 1.4072 0.4276 -1.2133
vt 0.1478 0.3224
vn -0.7979 -0.5442 -0.2593
f 531/531/531 532/532/532 533/533/533 534/534/534
v 2.3208 0.3899 -1.1644
vt 0.1768 0.2740
vn 0.0000 -0.9986 -0.0529
v 2.1751 0.3899 -1.1171
vt 0.1722 0.2740
vn -0.0311 -0.9986 -0.0428
v 1.7562 0.4276 -1.6936
vt 0.1589 0.2755
vn -0.0311 -0.9986 -0.0428
v 2.3208 0.4276 -1.8770
vt 0.1768 0.2755
vn 0.0000 -0.9986 -0.0529
f 535/535/535 536/536/536 537/537/537 538/538/538
v 1.7345 0.6715 -1.7234
vt 0.1582 0.3324
vn -0.5573 0.3177 -0.7671
v 2.3208 0.6715 -1.9139
vt 0.1768 0.3324
vn 0.0000 0.3177 -0.9482
v 2.3208 0.5307 -1.9439
vt 0.1768 0.3266
vn -0.0000 0.2080 -0.9781
v 1.7169 0.5307 -1.7477
vt 0.1576 0.3266
vn -0.5749 0.2080 -0.7913
f 539/539/539 540/540/540 541/541/541 542/542/542
v 1.7169 0.5307 -1.7477
vt 0.1576 0.3266
vn -0.4931 -0.5442 -0.6787
v 2.3208 0.5307 -1.9439
vt 0.1768 0.3266
vn 0.0000 -0.5442 -0.8390
v 2.3208 0.4276 -1.8770
vt 0.1768 0.3224
vn 0.0000 -0.5442 -0.8390
v 1.7562 0.4276 -1.6936
vt 0.1589 0.3224
vn -0.4931 -0.5442 -0.6787
f 543/543/543 544/544/544 545/545/545 546/546/546
v -1.8620 0.5014 0.8952
vt 0.1814 0.2740
vn 0.2077 -0.9533 -0.2194
v -2.0266 0.4814 0.8393
vt 0.1768 0.2740
vn 0.1770 -0.9570 -0.2298
v -2.0474 0.6680 0.0462
vt 0.1768 0.2755
vn 0.1770 -0.9570 -0.2298
v -1.4096 0.7455 0.2628
vt 0.1947 0.2755
vn 0.2077 -0.9533 -0.2194
f 547/547/547 548/548/548 549/549/549 550/550/550
v 2.3208 0.3899 -1.1644
vt 0.7845 0.8513
vn 0.0000 0.0593 -0.9982
v 2.4666 0.3899 -1.1171
vt 0.7891 0.8513
vn 0.5868 0.0593 -0.8076
v 2.4802 0.0000 -1.1358
vt 0.7895 0.8354
vn 0.5868 0.0593 -0.8076
v 2.3208 0.0000 -1.1876
vt 0.7845 0.8354
vn 0.0000 0.0593 -0.9982
f 551/551/551 552/552/552 553/553/553 554/554/554
v 2.3208 0.6715 -1.9139
vt 0.1768 0.3324
vn 0.0000 0.3177 -0.9482
v 2.3208 1.6482 -1.4398
vt 0.1768 0.3722
vn 0.0000 0.4367 -0.8996
v 2.6284 1.6482 -1.3398
vt 0.1866 0.3722
vn 0.5288 0.4367 -0.7278
v 2.9071 0.6715 -1.7234
vt 0.1954 0.3324
vn 0.5573 0.3177 -0.7671
f 555/555/555 556/556/556 557/557/557 558/558/558
v 3.2695 0.6715 -1.2247
vt 0.2069 0.3324
vn 0.9018 0.3177 -0.2930
v 2.8185 1.6482 -1.0782
vt 0.1926 0.3722
vn 0.8556 0.4367 -0.2780
v 2.8185 1.6482 -0.7547
vt 0.1926 0.3722
vn 0.8556 0.4367 0.2780
v 3.2695 0.6715 -0.6082
vt 0.2069 0.3324
vn 0.9018 0.3177 0.2930
f 559/559/559 560/560/560 561/561/561 562/562/562
v 1.7345 0.6715 -1.7234
vt 0.1582 0.3324
vn -0.5573 0.3177 -0.7671
v 2.0132 1.6482 -1.3398
vt 0.1670 0.3722
vn -0.5288 0.4367 -0.7278
v 2.3208 1.6482 -1.4398
vt 0.1768 0.3722
vn 0.0000 0.4367 -0.8996
v 2.3208 0.6715 -1.9139
vt 0.1768 0.3324
vn 0.0000 0.3177 -0.9482
f 563/563/563 564/564/564 565/565/565 566/566/566
v 1.3721 0.6715 -1.2247
vt 0.1467 0.3324
vn -0.9018 0.3177 -0.2930
v 1.8231 1.6482 -1.0782
vt 0.1610 0.3722
vn -0.8556 0.4368 -0.2780
v 2.0132 1.6482 -1.3398
vt 0.1670 0.3722
vn -0.5288 0.4367 -0.7278
v 1.7345 0.6715 -1.7234
vt 0.1582 0.3324
vn -0.5573 0.3177 -0.7671
f 567/567/567 568/568/568 569/569/569 570/570/570
v 1.3721 0.6715 -0.6082
vt 0.1467 0.3324
vn -0.9018 0.3177 0.2930
v 1.8231 1.6482 -0.7547
vt 0.1610 0.3722
vn -0.8556 0.4368 0.2780
v 1.8231 1.6482 -1.0782
vt 0.1610 0.3722
vn -0.8556 0.4368 -0.2780
v 1.3721 0.6715 -1.2247
vt 0.1467 0.3324
vn -0.9018 0.3177 -0.2930
f 571/571/571 572/572/572 573/573/573 574/574/574
v 1.7345 0.6715 -0.1095
vt 0.1582 0.3324
vn -0.5573 0.3177 0.7671
v 2.0132 1.6482 -0.4931
vt 0.1670 0.3722
vn -0.5288 0.4367 0.7278
v 1.8231 1.6482 -0.7547
vt 0.1610 0.3722
vn -0.8556 0.4368 0.2780
v 1.3721 0.6715 -0.6082
vt 0.1467 0.3324
vn -0.9018 0.3177 0.2930
f 575/575/575 576/576/576 577/577/577 578/578/578
v 2.3208 0.6715 0.0810
vt 0.1768 0.3324
vn 0.0000 0.3177 0.9482
v 2.3208 1.6482 -0.3931
vt 0.1768 0.3722
vn 0.0000 0.4367 0.8996
v 2.0132 1.6482 -0.4931
vt 0.1670 0.3722
vn -0.5288 0.4367 0.7278
v 1.7345 0.6715 -0.1095
vt 0.1582 0.3324
vn -0.5573 0.3177 0.7671
f 579/579/579 580/580/580 581/581/581 582/582/582
v 2.9071 0.6715 -0.1095
vt 0.1954 0.3324
vn 0.5573 0.3177 0.7671
v 2.6284 1.6482 -0.4931
vt 0.1866 0.3722
vn 0.5288 0.4367 0.7278
v 2.3208 1.6482 -0.3931
vt 0.1768 0.3722
vn 0.0000 0.4367 0.8996
v 2.3208 0.6715 0.0810
vt 0.1768 0.3324
vn 0.0000 0.3177 0.9482
f 583/583/583 584/584/584 585/585/585 586/586/586
v 3.2695 0.6715 -0.6082
vt 0.2069 0.3324
vn 0.9018 0.3177 0.2930
v 2.8185 1.6482 -0.7547
vt 0.1926 0.3722
vn 0.8556 0.4367 0.2780
v 2.6284 1.6482 -0.4931
vt 0.1866 0.3722
vn 0.5288 0.4367 0.7278
v 2.9071 0.6715 -0.1095
vt 0.1954 0.3324
vn 0.5573 0.3177 0.7671
f 587/587/587 588/588/588 589/589/589 590/590/590
v 2.9071 0.6715 -1.7234
vt 0.1954 0.3324
vn 0.5573 0.3177 -0.7671
v 2.6284 1.6482 -1.3398
vt 0.1866 0.3722
vn 0.5288 0.4367 -0.7278
v 2.8185 1.6482 -1.0782
vt 0.1926 0.3722
vn 0.8556 0.4367 -0.2780
v 3.2695 0.6715 -1.2247
vt 0.2069 0.3324
vn 0.9018 0.3177 -0.2930
f 591/591/591 592/592/592 593/593/593 594/594/594
v 2.7859 1.8629 -1.5566
vt 0.1916 0.3809
vn 0.5577 0.3158 -0.7676
v 2.4458 3.0681 -1.0884
vt 0.1808 0.4769
vn 0.4757 0.5873 -0.6548
v 2.5230 3.0681 -0.9821
vt 0.1832 0.4769
vn 0.7698 0.5873 -0.2501
v 3.0733 1.8629 -1.1610
vt 0.2007 0.3809
vn 0.9024 0.3158 -0.2932
f 595/595/595 596/596/596 597/597/597 598/598/598
v 3.0733 1.8629 -0.6719
vt 0.2007 0.3809
vn 0.9024 0.3158 0.2932
v 2.5230 3.0681 -0.8508
vt 0.1832 0.4769
vn 0.7698 0.5873 0.2501
v 2.4458 3.0681 -0.7445
vt 0.1808 0.4769
vn 0.4757 0.5873 0.6548
v 2.7859 1.8629 -0.2763
vt 0.1916 0.3809
vn 0.5577 0.3158 0.7676
f 599/599/599 600/600/600 601/601/601 602/602/602
v 2.7859 1.8629 -0.2763
vt 0.1916 0.3809
vn 0.5577 0.3158 0.7676
v 2.4458 3.0681 -0.7445
vt 0.1808 0.4769
vn 0.4757 0.5873 0.6548
v 2.3208 3.0681 -0.7039
vt 0.1768 0.4769
vn 0.0000 0.5873 0.8094
v 2.3208 1.8629 -0.1252
vt 0.1768 0.3809
vn 0.0000 0.3158 0.9488
f 603/603/603 604/604/604 605/605/605 606/606/606
v 2.3208 1.8629 -0.1252
vt 0.1768 0.3809
vn 0.0000 0.3158 0.9488
v 2.3208 3.0681 -0.7039
vt 0.1768 0.4769
vn 0.0000 0.5873 0.8094
v 2.1959 3.0681 -0.7445
vt 0.1728 0.4769
vn -0.4757 0.5873 0.6548
v 1.8557 1.8629 -0.2763
vt 0.1620 0.3809
vn -0.5577 0.3158 0.7676
f 607/607/607 608/608/608 609/609/609 610/610/610
v 1.8557 1.8629 -0.2763
vt 0.1620 0.3809
vn -0.5577 0.3158 0.7676
v 2.1959 3.0681 -0.7445
vt 0.1728 0.4769
vn -0.4757 0.5873 0.6548
v 2.1186 3.0681 -0.8508
vt 0.1704 0.4769
vn -0.7698 0.5873 0.2501
v 1.5683 1.8629 -0.6719
vt 0.1529 0.3809
vn -0.9024 0.3158 0.2932
f 611/611/611 612/612/612 613/613/613 614/614/614
v 1.5683 1.8629 -0.6719
vt 0.1529 0.3809
vn -0.9024 0.3158 0.2932
v 2.1186 3.0681 -0.8508
vt 0.1704 0.4769
vn -0.7698 0.5873 0.2501
v 2.1186 3.0681 -0.9821
vt 0.1704 0.4769
vn -0.7698 0.5873 -0.2501
v 1.5683 1.8629 -1.1610
vt 0.1529 0.3809
vn -0.9024 0.3158 -0.2932
f 615/615/615 616/616/616 617/617/617 618/618/618
v 1.5683 1.8629 -1.1610
vt 0.1529 0.3809
vn -0.9024 0.3158 -0.2932
v 2.1186 3.0681 -0.9821
vt 0.1704 0.4769
vn -0.7698 0.5873 -0.2501
v 2.1959 3.0681 -1.0884
vt 0.1728 0.4769
vn -0.4757 0.5873 -0.6548
v 1.8557 1.8629 -1.5566
vt 0.1620 0.3809
vn -0.5577 0.3158 -0.7676
f 619/619/619 620/620/620 621/621/621 622/622/622
v 1.8557 1.8629 -1.5566
vt 0.1620 0.3809
vn -0.5577 0.3158 -0.7676
v 2.1959 3.0681 -1.0884
vt 0.1728 0.4769
vn -0.4757 0.5873 -0.6548
v 2.3208 3.0681 -1.1290
vt 0.1768 0.4769
vn 0.0000 0.5873 -0.8094
v 2.3208 1.8629 -1.7077
vt 0.1768 0.3809
vn 0.0000 0.3158 -0.9488
f 623/623/623 624/624/624 625/625/625 626/626/626
v 3.0733 1.8629 -1.1610
vt 0.2007 0.3809
vn 0.9024 0.3158 -0.2932
v 2.5230 3.0681 -0.9821
vt 0.1832 0.4769
vn 0.7698 0.5873 -0.2501
v 2.5230 3.0681 -0.8508
vt 0.1832 0.4769
vn 0.7698 0.5873 0.2501
v 3.0733 1.8629 -0.6719
vt 0.2007 0.3809
vn 0.9024 0.3158 0.2932
f 627/627/627 628/628/628 629/629/629 630/630/630
v 2.3208 1.8629 -1.7077
vt 0.1768 0.3809
vn 0.0000 0.3158 -0.9488
v 2.7859 1.8629 -1.5566
vt 0.1916 0.3809
vn 0.5577 0.3158 -0.7676
v 2.7999 1.7512 -1.5758
vt 0.1920 0.3764
vn 0.5749 0.2080 -0.7913
v 2.3208 1.7512 -1.7315
vt 0.1768 0.3764
vn -0.0000 0.2080 -0.9781
f 631/631/631 632/632/632 633/633/633 634/634/634
v 2.3208 1.7512 -1.7315
vt 0.1768 0.3764
vn 0.0000 -0.5442 -0.8390
v 2.7999 1.7512 -1.5758
vt 0.1920 0.3764
vn 0.4931 -0.5442 -0.6787
v 2.7687 1.6694 -1.5329
vt 0.1910 0.3730
vn 0.4931 -0.5442 -0.6787
v 2.3208 1.6694 -1.6784
vt 0.1768 0.3730
vn 0.0000 -0.5442 -0.8390
f 635/635/635 636/636/636 637/637/637 638/638/638
v 3.0455 1.6694 -1.1519
vt 0.1998 0.3262
vn 0.0843 -0.9961 -0.0274
v 2.8185 1.6482 -1.0782
vt 0.1926 0.3253
vn 0.0843 -0.9961 -0.0274
v 2.6284 1.6482 -1.3398
vt 0.1866 0.3253
vn 0.0521 -0.9961 -0.0717
v 2.7687 1.6694 -1.5329
vt 0.1910 0.3262
vn 0.0521 -0.9961 -0.0717
f 639/639/639 640/640/640 641/641/641 642/642/642
v 2.7859 1.8629 -1.5566
vt 0.1916 0.3809
vn 0.5577 0.3158 -0.7676
v 3.0733 1.8629 -1.1610
vt 0.2007 0.3809
vn 0.9024 0.3158 -0.2932
v 3.0959 1.7512 -1.1683
vt 0.2014 0.3764
vn 0.9303 0.2080 -0.3023
v 2.7999 1.7512 -1.5758
vt 0.1920 0.3764
vn 0.5749 0.2080 -0.7913
f 643/643/643 644/644/644 645/645/645 646/646/646
v 2.7999 1.7512 -1.5758
vt 0.1920 0.3764
vn 0.4931 -0.5442 -0.6787
v 3.0959 1.7512 -1.1683
vt 0.2014 0.3764
vn 0.7979 -0.5442 -0.2593
v 3.0455 1.6694 -1.1519
vt 0.1998 0.3730
vn 0.7979 -0.5442 -0.2593
v 2.7687 1.6694 -1.5329
vt 0.1910 0.3730
vn 0.4931 -0.5442 -0.6787
f 647/647/647 648/648/648 649/649/649 650/650/650
v 3.0455 1.6694 -0.6810
vt 0.1998 0.3262
vn 0.0843 -0.9961 0.0274
v 2.8185 1.6482 -0.7547
vt 0.1926 0.3253
vn 0.0843 -0.9961 0.0274
v 2.8185 1.6482 -1.0782
vt 0.1926 0.3253
vn 0.0843 -0.9961 -0.0274
v 3.0455 1.6694 -1.1519
vt 0.1998 0.3262
vn 0.0843 -0.9961 -0.0274
f 651/651/651 652/652/652 653/653/653 654/654/654
v 3.0733 1.8629 -1.1610
vt 0.2007 0.3809
vn 0.9024 0.3158 -0.2932
v 3.0733 1.8629 -0.6719
vt 0.2007 0.3809
vn 0.9024 0.3158 0.2932
v 3.0959 1.7512 -0.6646
vt 0.2014 0.3764
vn 0.9303 0.2080 0.3023
v 3.0959 1.7512 -1.1683
vt 0.2014 0.3764
vn 0.9303 0.2080 -0.3023
f 655/655/655 656/656/656 657/657/657 658/658/658
v 3.0959 1.7512 -1.1683
vt 0.2014 0.3764
vn 0.7979 -0.5442 -0.2593
v 3.0959 1.7512 -0.6646
vt 0.2014 0.3764
vn 0.7979 -0.5442 0.2593
v 3.0455 1.6694 -0.6810
vt 0.1998 0.3730
vn 0.7979 -0.5442 0.2593
v 3.0455 1.6694 -1.1519
vt 0.1998 0.3730
vn 0.7979 -0.5442 -0.2593
f 659/659/659 660/660/660 661/661/661 662/662/662
v 2.7687 1.6694 -0.3000
vt 0.1910 0.3262
vn 0.0521 -0.9961 0.0717
v 2.6284 1.6482 -0.4931
vt 0.1866 0.3253
vn 0.0521 -0.9961 0.0717
v 2.8185 1.6482 -0.7547
vt 0.1926 0.3253
vn 0.0843 -0.9961 0.0274
v 3.0455 1.6694 -0.6810
vt 0.1998 0.3262
vn 0.0843 -0.9961 0.0274
f 663/663/663 664/664/664 665/665/665 666/666/666
v 3.0733 1.8629 -0.6719
vt 0.2007 0.3809
vn 0.9024 0.3158 0.2932
v 2.7859 1.8629 -0.2763
vt 0.1916 0.3809
vn 0.5577 0.3158 0.7676
v 2.7999 1.7512 -0.2571
vt 0.1920 0.3764
vn 0.5749 0.2080 0.7913
v 3.0959 1.7512 -0.6646
vt 0.2014 0.3764
vn 0.9303 0.2080 0.3023
f 667/667/667 668/668/668 669/669/669 670/670/670
v 3.0959 1.7512 -0.6646
vt 0.2014 0.3764
vn 0.7979 -0.5442 0.2593
v 2.7999 1.7512 -0.2571
vt 0.1920 0.3764
vn 0.4931 -0.5442 0.6787
v 2.7687 1.6694 -0.3000
vt 0.1910 0.3730
vn 0.4931 -0.5442 0.6787
v 3.0455 1.6694 -0.6810
vt 0.1998 0.3730
vn 0.7979 -0.5442 0.2593
f 671/671/671 672/672/672 673/673/673 674/674/674
v 2.3208 1.6694 -0.1545
vt 0.1768 0.3262
vn 0.0000 -0.9961 0.0887
v 2.3208 1.6482 -0.3931
vt 0.1768 0.3253
vn 0.0000 -0.9961 0.0887
v 2.6284 1.6482 -0.4931
vt 0.1866 0.3253
vn 0.0521 -0.9961 0.0717
v 2.7687 1.6694 -0.3000
vt 0.1910 0.3262
vn 0.0521 -0.9961 0.0717
f 675/675/675 676/676/676 677/677/677 678/678/678
v 2.7859 1.8629 -0.2763
vt 0.1916 0.3809
vn 0.5577 0.3158 0.7676
v 2.3208 1.8629 -0.1252
vt 0.1768 0.3809
vn 0.0000 0.3158 0.9488
v 2.3208 1.7512 -0.1014
vt 0.1768 0.3764
vn 0.0000 0.2080 0.9781
v 2.7999 1.7512 -0.2571
vt 0.1920 0.3764
vn 0.5749 0.2080 0.7913
f 679/679/679 680/680/680 681/681/681 682/682/682
v 2.7999 1.7512 -0.2571
vt 0.1920 0.3764
vn 0.4931 -0.5442 0.6787
v 2.3208 1.7512 -0.1014
vt 0.1768 0.3764
vn 0.0000 -0.5442 0.8390
v 2.3208 1.6694 -0.1545
vt 0.1768 0.3730
vn 0.0000 -0.5442 0.8390
v 2.7687 1.6694 -0.3000
vt 0.1910 0.3730
vn 0.4931 -0.5442 0.6787
f 683/683/683 684/684/684 685/685/685 686/686/686
v 1.8729 1.6694 -0.3000
vt 0.1626 0.3262
vn -0.0521 -0.9961 0.0717
v 2.0132 1.6482 -0.4931
vt 0.1670 0.3253
vn -0.0521 -0.9961 0.0717
v 2.3208 1.6482 -0.3931
vt 0.1768 0.3253
vn 0.0000 -0.9961 0.0887
v 2.3208 1.6694 -0.1545
vt 0.1768 0.3262
vn 0.0000 -0.9961 0.0887
f 687/687/687 688/688/688 689/689/689 690/690/690
v 2.3208 1.8629 -0.1252
vt 0.1768 0.3809
vn 0.0000 0.3158 0.9488
v 1.8557 1.8629 -0.2763
vt 0.1620 0.3809
vn -0.5577 0.3158 0.7676
v 1.8418 1.7512 -0.2571
vt 0.1616 0.3764
vn -0.5749 0.2080 0.7913
v 2.3208 1.7512 -0.1014
vt 0.1768 0.3764
vn 0.0000 0.2080 0.9781
f 691/691/691 692/692/692 693/693/693 694/694/694
v 2.3208 1.7512 -0.1014
vt 0.1768 0.3764
vn 0.0000 -0.5442 0.8390
v 1.8418 1.7512 -0.2571
vt 0.1616 0.3764
vn -0.4931 -0.5442 0.6787
v 1.8729 1.6694 -0.3000
vt 0.1626 0.3730
vn -0.4931 -0.5442 0.6787
v 2.3208 1.6694 -0.1545
vt 0.1768 0.3730
vn 0.0000 -0.5442 0.8390
f 695/695/695 696/696/696 697/697/697 698/698/698
v 1.5961 1.6694 -0.6810
vt 0.1538 0.3262
vn -0.0843 -0.9961 0.0274
v 1.8231 1.6482 -0.7547
vt 0.1610 0.3253
vn -0.0843 -0.9961 0.0274
v 2.0132 1.6482 -0.4931
vt 0.1670 0.3253
vn -0.0521 -0.9961 0.0717
v 1.8729 1.6694 -0.3000
vt 0.1626 0.3262
vn -0.0521 -0.9961 0.0717
f 699/699/699 700/700/700 701/701/701 702/702/702
v 1.8557 1.8629 -0.2763
vt 0.1620 0.3809
vn -0.5577 0.3158 0.7676
v 1.5683 1.8629 -0.6719
vt 0.1529 0.3809
vn -0.9024 0.3158 0.2932
v 1.5457 1.7512 -0.6646
vt 0.1522 0.3764
vn -0.9303 0.2080 0.3023
v 1.8418 1.7512 -0.2571
vt 0.1616 0.3764
vn -0.5749 0.2080 0.7913
f 703/703/703 704/704/704 705/705/705 706/706/706
v 1.8418 1.7512 -0.2571
vt 0.1616 0.3764
vn -0.4931 -0.5442 0.6787
v 1.5457 1.7512 -0.6646
vt 0.1522 0.3764
vn -0.7979 -0.5442 0.2593
v 1.5961 1.6694 -0.6810
vt 0.1538 0.3730
vn -0.7979 -0.5442 0.2593
v 1.8729 1.6694 -0.3000
vt 0.1626 0.3730
vn -0.4931 -0.5442 0.6787
f 707/707/707 708/708/708 709/709/709 710/710/710
v 1.5961 1.6694 -1.1519
vt 0.1538 0.3262
vn -0.0843 -0.9961 -0.0274
v 1.8231 1.6482 -1.0782
vt 0.1610 0.3253
vn -0.0843 -0.9961 -0.0274
v 1.8231 1.6482 -0.7547
vt 0.1610 0.3253
vn -0.0843 -0.9961 0.0274
v 1.5961 1.6694 -0.6810
vt 0.1538 0.3262
vn -0.0843 -0.9961 0.0274
f 711/711/711 712/712/712 713/713/713 714/714/714
v 1.5683 1.8629 -0.6719
vt 0.1529 0.3809
vn -0.9024 0.3158 0.2932
v 1.5683 1.8629 -1.1610
vt 0.1529 0.3809
vn -0.9024 0.3158 -0.2932
v 1.5457 1.7512 -1.1683
vt 0.1522 0.3764
vn -0.9303 0.2080 -0.3023
v 1.5457 1.7512 -0.6646
vt 0.1522 0.3764
vn -0.9303 0.2080 0.3023
f 715/715/715 716/716/716 717/717/717 718/718/718
v 1.5457 1.7512 -0.6646
vt 0.1522 0.3764
vn -0.7979 -0.5442 0.2593
v 1.5457 1.7512 -1.1683
vt 0.1522 0.3764
vn -0.7979 -0.5442 -0.2593
v 1.5961 1.6694 -1.1519
vt 0.1538 0.3730
vn -0.7979 -0.5442 -0.2593
v 1.5961 1.6694 -0.6810
vt 0.1538 0.3730
vn -0.7979 -0.5442 0.2593
f 719/719/719 720/720/720 721/721/721 722/722/722
v 1.8729 1.6694 -1.5329
vt 0.1626 0.3262
vn -0.0521 -0.9961 -0.0717
v 2.0132 1.6482 -1.3398
vt 0.1670 0.3253
vn -0.0521 -0.9961 -0.0717
v 1.8231 1.6482 -1.0782
vt 0.1610 0.3253
vn -0.0843 -0.9961 -0.0274
v 1.5961 1.6694 -1.1519
vt 0.1538 0.3262
vn -0.0843 -0.9961 -0.0274
f 723/723/723 724/724/724 725/725/725 726/726/726
v 1.5683 1.8629 -1.1610
vt 0.1529 0.3809
vn -0.9024 0.3158 -0.2932
v 1.8557 1.8629 -1.5566
vt 0.1620 0.3809
vn -0.5577 0.3158 -0.7676
v 1.8418 1.7512 -1.5758
vt 0.1616 0.3764
vn -0.5749 0.2080 -0.7913
v 1.5457 1.7512 -1.1683
vt 0.1522 0.3764
vn -0.9303 0.2080 -0.3023
f 727/727/727 728/728/728 729/729/729 730/730/730
v 1.5457 1.7512 -1.1683
vt 0.1522 0.3764
vn -0.7979 -0.5442 -0.2593
v 1.8418 1.7512 -1.5758
vt 0.1616 0.3764
vn -0.4931 -0.5442 -0.6787
v 1.8729 1.6694 -1.5329
vt 0.1626 0.3730
vn -0.4931 -0.5442 -0.6787
v 1.5961 1.6694 -1.1519
vt 0.1538 0.3730
vn -0.7979 -0.5442 -0.2593
f 731/731/731 732/732/732 733/733/733 734/734/734
v 2.3208 1.6694 -1.6784
vt 0.1768 0.3262
vn 0.0000 -0.9961 -0.0887
v 2.3208 1.6482 -1.4398
vt 0.1768 0.3253
vn 0.0000 -0.9961 -0.0887
v 2.0132 1.6482 -1.3398
vt 0.1670 0.3253
vn -0.0521 -0.9961 -0.0717
v 1.8729 1.6694 -1.5329
vt 0.1626 0.3262
vn -0.0521 -0.9961 -0.0717
f 735/735/735 736/736/736 737/737/737 738/738/738
v 1.8557 1.8629 -1.5566
vt 0.1620 0.3809
vn -0.5577 0.3158 -0.7676
v 2.3208 1.8629 -1.7077
vt 0.1768 0.3809
vn 0.0000 0.3158 -0.9488
v 2.3208 1.7512 -1.7315
vt 0.1768 0.3764
vn -0.0000 0.2080 -0.9781
v 1.8418 1.7512 -1.5758
vt 0.1616 0.3764
vn -0.5749 0.2080 -0.7913
f 739/739/739 740/740/740 741/741/741 742/742/742
v 1.8418 1.7512 -1.5758
vt 0.1616 0.3764
vn -0.4931 -0.5442 -0.6787
v 2.3208 1.7512 -1.7315
vt 0.1768 0.3764
vn 0.0000 -0.5442 -0.8390
v 2.3208 1.6694 -1.6784
vt 0.1768 0.3730
vn 0.0000 -0.5442 -0.8390
v 1.8729 1.6694 -1.5329
vt 0.1626 0.3730
vn -0.4931 -0.5442 -0.6787
f 743/743/743 744/744/744 745/745/745 746/746/746
v -1.7903 2.0615 0.6937
vt 0.1910 0.3262
vn 0.2275 -0.9419 -0.2471
v -1.9401 1.9703 0.9037
vt 0.1866 0.3253
vn 0.2275 -0.9419 -0.2471
v -2.2875 1.9280 0.7858
vt 0.1768 0.3253
vn 0.1759 -0.9482 -0.2646
v -2.2963 2.0001 0.5219
vt 0.1768 0.3262
vn 0.1759 -0.9482 -0.2646
f 747/747/747 748/748/748 749/749/749 750/750/750
v 2.4458 3.0681 -1.0884
vt 0.1808 0.4769
vn 0.4757 0.5873 -0.6548
v 2.3833 3.1607 -1.0024
vt 0.1788 0.4807
vn 0.2692 0.8890 -0.3705
v 2.4219 3.1607 -0.9493
vt 0.1800 0.4807
vn 0.4356 0.8890 -0.1415
v 2.5230 3.0681 -0.9821
vt 0.1832 0.4769
vn 0.7698 0.5873 -0.2501
f 751/751/751 752/752/752 753/753/753 754/754/754
v 2.3833 3.1607 -1.0024
vt 0.1788 0.4807
vn 0.2692 0.8890 -0.3705
v 2.3208 3.1607 -1.0228
vt 0.1768 0.4807
vn 0.0000 0.8890 -0.4580
v 2.3208 3.1750 -0.9164
vt 0.1768 0.4813
vn 0.0000 1.0000 0.0000
f 755/755/755 756/756/756 757/757/757
v 2.5230 3.0681 -0.9821
vt 0.1832 0.4769
vn 0.7698 0.5873 -0.2501
v 2.4219 3.1607 -0.9493
vt 0.1800 0.4807
vn 0.4356 0.8890 -0.1415
v 2.4219 3.1607 -0.8836
vt 0.1800 0.4807
vn 0.4356 0.8890 0.1415
v 2.5230 3.0681 -0.8508
vt 0.1832 0.4769
vn 0.7698 0.5873 0.2501
f 758/758/758 759/759/759 760/760/760 761/761/761
v 2.4219 3.1607 -0.9493
vt 0.1800 0.4807
vn 0.4356 0.8890 -0.1415
v 2.3833 3.1607 -1.0024
vt 0.1788 0.4807
vn 0.2692 0.8890 -0.3705
v 2.3208 3.1750 -0.9164
vt 0.1768 0.4813
vn 0.0000 1.0000 0.0000
f 762/762/762 763/763/763 764/764/764
v 2.5230 3.0681 -0.8508
vt 0.1832 0.4769
vn 0.7698 0.5873 0.2501
v 2.4219 3.1607 -0.8836
vt 0.1800 0.4807
vn 0.4356 0.8890 0.1415
v 2.3833 3.1607 -0.8304
vt 0.1788 0.4807
vn 0.2692 0.8890 0.3705
v 2.4458 3.0681 -0.7445
vt 0.1808 0.4769
vn 0.4757 0.5873 0.6548
f 765/765/765 766/766/766 767/767/767 768/768/768
v 2.4219 3.1607 -0.8836
vt 0.1800 0.4807
vn 0.4356 0.8890 0.1415
v 2.4219 3.1607 -0.9493
vt 0.1800 0.4807
vn 0.4356 0.8890 -0.1415
v 2.3208 3.1750 -0.9164
vt 0.1768 0.4813
vn 0.0000 1.0000 0.0000
f 769/769/769 770/770/770 771/771/771
v 2.4458 3.0681 -0.7445
vt 0.1808 0.4769
vn 0.4757 0.5873 0.6548
v 2.3833 3.1607 -0.8304
vt 0.1788 0.4807
vn 0.2692 0.8890 0.3705
v 2.3208 3.1607 -0.8101
vt 0.1768 0.4807
vn 0.0000 0.8890 0.4580
v 2.3208 3.0681 -0.7039
vt 0.1768 0.4769
vn 0.0000 0.5873 0.8094
f 772/772/772 773/773/773 774/774/774 775/775/775
v 2.3833 3.1607 -0.8304
vt 0.1788 0.4807
vn 0.2692 0.8890 0.3705
v 2.4219 3.1607 -0.8836
vt 0.1800 0.4807
vn 0.4356 0.8890 0.1415
v 2.3208 3.1750 -0.9164
vt 0.1768 0.4813
vn 0.0000 1.0000 0.0000
f 776/776/776 777/777/777 778/778/778
v 2.3208 3.0681 -0.7039
vt 0.1768 0.4769
vn 0.0000 0.5873 0.8094
v 2.3208 3.1607 -0.8101
vt 0.1768 0.4807
vn 0.0000 0.8890 0.4580
v 2.2583 3.1607 -0.8304
vt 0.1748 0.4807
vn -0.2692 0.8890 0.3705
v 2.1959 3.0681 -0.7445
vt 0.1728 0.4769
vn -0.4757 0.5873 0.6548
f 779/779/779 780/780/780 781/781/781 782/782/782
v 2.3208 3.1607 -0.8101
vt 0.1768 0.4807
vn 0.0000 0.8890 0.4580
v 2.3833 3.1607 -0.8304
vt 0.1788 0.4807
vn 0.2692 0.8890 0.3705
v 2.3208 3.1750 -0.9164
vt 0.1768 0.4813
vn 0.0000 1.0000 0.0000
f 783/783/783 784/784/784 785/785/785
v 2.1959 3.0681 -0.7445
vt 0.1728 0.4769
vn -0.4757 0.5873 0.6548
v 2.2583 3.1607 -0.8304
vt 0.1748 0.4807
vn -0.2692 0.8890 0.3705
v 2.2197 3.1607 -0.8836
vt 0.1736 0.4807
vn -0.4356 0.8890 0.1415
v 2.1186 3.0681 -0.8508
vt 0.1704 0.4769
vn -0.7698 0.5873 0.2501
f 786/786/786 787/787/787 788/788/788 789/789/789
v 2.2583 3.1607 -0.8304
vt 0.1748 0.4807
vn -0.2692 0.8890 0.3705
v 2.3208 3.1607 -0.8101
vt 0.1768 0.4807
vn 0.0000 0.8890 0.4580
v 2.3208 3.1750 -0.9164
vt 0.1768 0.4813
vn 0.0000 1.0000 0.0000
f 790/790/790 791/791/791 792/792/792
v 2.1186 3.0681 -0.8508
vt 0.1704 0.4769
vn -0.7698 0.5873 0.2501
v 2.2197 3.1607 -0.8836
vt 0.1736 0.4807
vn -0.4356 0.8890 0.1415
v 2.2197 3.1607 -0.9493
vt 0.1736 0.4807
vn -0.4356 0.8890 -0.1415
v 2.1186 3.0681 -0.9821
vt 0.1704 0.4769
vn -0.7698 0.5873 -0.2501
f 793/793/793 794/794/794 795/795/795 796/796/796
v 2.2197 3.1607 -0.8836
vt 0.1736 0.4807
vn -0.4356 0.8890 0.1415
v 2.2583 3.1607 -0.8304
vt 0.1748 0.4807
vn -0.2692 0.8890 0.3705
v 2.3208 3.1750 -0.9164
vt 0.1768 0.4813
vn 0.0000 1.0000 0.0000
f 797/797/797 798/798/798 799/799/799
v 2.1186 3.0681 -0.9821
vt 0.1704 0.4769
vn -0.7698 0.5873 -0.2501
v 2.2197 3.1607 -0.9493
vt 0.1736 0.4807
vn -0.4356 0.8890 -0.1415
v 2.2583 3.1607 -1.0024
vt 0.1748 0.4807
vn -0.2692 0.8890 -0.3705
v 2.1959 3.0681 -1.0884
vt 0.1728 0.4769
vn -0.4757 0.5873 -0.6548
f 800/800/800 801/801/801 802/802/802 803/803/803
v 2.2197 3.1607 -0.9493
vt 0.1736 0.4807
vn -0.4356 0.8890 -0.1415
v 2.2197 3.1607 -0.8836
vt 0.1736 0.4807
vn -0.4356 0.8890 0.1415
v 2.3208 3.1750 -0.9164
vt 0.1768 0.4813
vn 0.0000 1.0000 0.0000
f 804/804/804 805/805/805 806/806/806
v 2.1959 3.0681 -1.0884
vt 0.1728 0.4769
vn -0.4757 0.5873 -0.6548
v 2.2583 3.1607 -1.0024
vt 0.1748 0.4807
vn -0.2692 0.8890 -0.3705
v 2.3208 3.1607 -1.0228
vt 0.1768 0.4807
vn 0.0000 0.8890 -0.4580
v 2.3208 3.0681 -1.1290
vt 0.1768 0.4769
vn 0.0000 0.5873 -0.8094
f 807/807/807 808/808/808 809/809/809 810/810/810
v 2.2583 3.1607 -1.0024
vt 0.1748 0.4807
vn -0.2692 0.8890 -0.3705
v 2.2197 3.1607 -0.9493
vt 0.1736 0.4807
vn -0.4356 0.8890 -0.1415
v 2.3208 3.1750 -0.9164
vt 0.1768 0.4813
vn 0.0000 1.0000 0.0000
f 811/811/811 812/812/812 813/813/813
v -2.5706 3.4342 1.4236
vt 0.1768 0.4769
vn -0.1176 0.7125 -0.6918
v -2.5875 3.5149 1.5619
vt 0.1768 0.4807
vn -0.1657 0.9419 -0.2923
v -2.5169 3.5235 1.5859
vt 0.1788 0.4807
vn 0.1006 0.9742 -0.2019
v -2.4294 3.4513 1.4716
vt 0.1808 0.4769
vn 0.3529 0.7697 -0.5320
f 814/814/814 815/815/815 816/816/816 817/817/817
v 2.3208 3.1607 -1.0228
vt 0.1768 0.4807
vn 0.0000 0.8890 -0.4580
v 2.2583 3.1607 -1.0024
vt 0.1748 0.4807
vn -0.2692 0.8890 -0.3705
v 2.3208 3.1750 -0.9164
vt 0.1768 0.4813
vn 0.0000 1.0000 0.0000
f 818/818/818 819/819/819 820/820/820
v 2.3208 1.8629 -1.7077
vt 0.1768 0.3809
vn 0.0000 0.3158 -0.9488
v 2.3208 3.0681 -1.1290
vt 0.1768 0.4769
vn 0.0000 0.5873 -0.8094
v 2.4458 3.0681 -1.0884
vt 0.1808 0.4769
vn 0.4757 0.5873 -0.6548
v 2.7859 1.8629 -1.5566
vt 0.1916 0.3809
vn 0.5577 0.3158 -0.7676
f 821/821/821 822/822/822 823/823/823 824/824/824
v 2.0850 0.3899 -0.8398
vt 0.7770 0.8513
vn -0.9494 0.0593 0.3085
v 2.0850 0.3899 -0.9931
vt 0.7770 0.8513
vn -0.9494 0.0593 -0.3085
v 2.0629 0.0000 -1.0002
vt 0.7763 0.8354
vn -0.9494 0.0593 -0.3085
v 2.0629 0.0000 -0.8327
vt 0.7763 0.8354
vn -0.9494 0.0593 0.3085
f 825/825/825 826/826/826 827/827/827 828/828/828
v 2.4666 0.3899 -0.7158
vt 0.7891 0.8513
vn 0.5868 0.0593 0.8076
v 2.3208 0.3899 -0.6685
vt 0.7845 0.8513
vn 0.0000 0.0593 0.9982
v 2.3208 0.0000 -0.6453
vt 0.7845 0.8354
vn 0.0000 0.0593 0.9982
v 2.4802 0.0000 -0.6971
vt 0.7895 0.8354
vn 0.5868 0.0593 0.8076
f 829/829/829 830/830/830 831/831/831 832/832/832
v 2.4666 0.3899 -1.1171
vt 0.7891 0.8513
vn 0.5868 0.0593 -0.8076
v 2.5567 0.3899 -0.9931
vt 0.7920 0.8513
vn 0.9494 0.0593 -0.3085
v 2.5787 0.0000 -1.0002
vt 0.7927 0.8354
vn 0.9494 0.0593 -0.3085
v 2.4802 0.0000 -1.1358
vt 0.7895 0.8354
vn 0.5868 0.0593 -0.8076
f 833/833/833 834/834/834 835/835/835 836/836/836
v 2.0850 0.3899 -0.9931
vt 0.7770 0.8513
vn -0.9494 0.0593 -0.3085
v 2.1751 0.3899 -1.1171
vt 0.7798 0.8513
vn -0.5867 0.0593 -0.8076
v 2.1614 0.0000 -1.1358
vt 0.7794 0.8354
vn -0.5868 0.0593 -0.8076
v 2.0629 0.0000 -1.0002
vt 0.7763 0.8354
vn -0.9494 0.0593 -0.3085
f 837/837/837 838/838/838 839/839/839 840/840/840
v 2.3208 0.3899 -0.6685
vt 0.7845 0.8513
vn 0.0000 0.0593 0.9982
v 2.1751 0.3899 -0.7158
vt 0.7798 0.8513
vn -0.5868 0.0593 0.8076
v 2.1614 0.0000 -0.6971
vt 0.7794 0.8354
vn -0.5868 0.0593 0.8076
v 2.3208 0.0000 -0.6453
vt 0.7845 0.8354
vn 0.0000 0.0593 0.9982
f 841/841/841 842/842/842 843/843/843 844/844/844
v 2.5567 0.3899 -0.9931
vt 0.7920 0.8513
vn 0.9494 0.0593 -0.3085
v 2.5567 0.3899 -0.8398
vt 0.7920 0.8513
vn 0.9494 0.0593 0.3085
v 2.5787 0.0000 -0.8327
vt 0.7927 0.8354
vn 0.9494 0.0593 0.3085
v 2.5787 0.0000 -1.0002
vt 0.7927 0.8354
vn 0.9494 0.0593 -0.3085
f 845/845/845 846/846/846 847/847/847 848/848/848
v 2.1751 0.3899 -1.1171
vt 0.7798 0.8513
vn -0.5867 0.0593 -0.8076
v 2.3208 0.3899 -1.1644
vt 0.7845 0.8513
vn 0.0000 0.0593 -0.9982
v 2.3208 0.0000 -1.1876
vt 0.7845 0.8354
vn 0.0000 0.0593 -0.9982
v 2.1614 0.0000 -1.1358
vt 0.7794 0.8354
vn -0.5868 0.0593 -0.8076
f 849/849/849 850/850/850 851/851/851 852/852/852
v 2.1751 0.3899 -0.7158
vt 0.7798 0.8513
vn -0.5868 0.0593 0.8076
v 2.0850 0.3899 -0.8398
vt 0.7770 0.8513
vn -0.9494 0.0593 0.3085
v 2.0629 0.0000 -0.8327
vt 0.7763 0.8354
vn -0.9494 0.0593 0.3085
v 2.1614 0.0000 -0.6971
vt 0.7794 0.8354
vn -0.5868 0.0593 0.8076
f 853/853/853 854/854/854 855/855/855 856/856/856
v 2.5567 0.3899 -0.8398
vt 0.7920 0.8513
vn 0.9494 0.0593 0.3085
v 2.4666 0.3899 -0.7158
vt 0.7891 0.8513
vn 0.5868 0.0593 0.8076
v 2.4802 0.0000 -0.6971
vt 0.7895 0.8354
vn 0.5868 0.0593 0.8076
v 2.5787 0.0000 -0.8327
vt 0.7927 0.8354
vn 0.9494 0.0593 0.3085
f 857/857/857 858/858/858 859/859/859 860/860/860
v -2.0977 0.9450 0.0543
vt 0.1768 0.3324
vn -0.0718 0.4763 -0.8764
v -1.4354 1.0255 0.2792
vt 0.1954 0.3324
vn 0.4794 0.5433 -0.6892
v -1.3874 0.8784 0.2237
vt 0.1960 0.3266
vn 0.5159 0.4446 -0.7323
v -2.0696 0.7955 -0.0079
vt 0.1768 0.3266
vn -0.0528 0.3755 -0.9253
f 861/861/861 862/862/862 863/863/863 864/864/864
v -2.0696 0.7955 -0.0079
vt 0.1768 0.3266
vn 0.0834 -0.3773 -0.9223
v -1.3874 0.8784 0.2237
vt 0.1960 0.3266
vn 0.5711 -0.3180 -0.7568
v -1.4096 0.7455 0.2628
vt 0.1947 0.3224
vn 0.5711 -0.3180 -0.7568
v -2.0474 0.6680 0.0462
vt 0.1768 0.3224
vn 0.0834 -0.3773 -0.9223
f 865/865/865 866/866/866 867/867/867 868/868/868
v -1.7585 0.4945 1.0361
vt 0.1843 0.2740
vn 0.2270 -0.9546 -0.1931
v -1.8620 0.5014 0.8952
vt 0.1814 0.2740
vn 0.2077 -0.9533 -0.2194
v -1.4096 0.7455 0.2628
vt 0.1947 0.2755
vn 0.2077 -0.9533 -0.2194
v -1.0087 0.7188 0.8088
vt 0.2058 0.2755
vn 0.2270 -0.9546 -0.1931
f 869/869/869 870/870/870 871/871/871 872/872/872
v -1.4354 1.0255 0.2792
vt 0.1954 0.3324
vn 0.4794 0.5433 -0.6892
v -1.0190 0.9978 0.8463
vt 0.2069 0.3324
vn 0.8260 0.5202 -0.2172
v -0.9586 0.8498 0.8078
vt 0.2078 0.3266
vn 0.8734 0.4208 -0.2454
v -1.3874 0.8784 0.2237
vt 0.1960 0.3266
vn 0.5159 0.4446 -0.7323
f 873/873/873 874/874/874 875/875/875 876/876/876
v -1.3874 0.8784 0.2237
vt 0.1960 0.3266
vn 0.5711 -0.3180 -0.7568
v -0.9586 0.8498 0.8078
vt 0.2078 0.3266
vn 0.8778 -0.3384 -0.3391
v -1.0087 0.7188 0.8088
vt 0.2058 0.3224
vn 0.8778 -0.3384 -0.3391
v -1.4096 0.7455 0.2628
vt 0.1947 0.3224
vn 0.5711 -0.3180 -0.7568
f 877/877/877 878/878/878 879/879/879 880/880/880
v -1.7556 0.4633 1.2083
vt 0.1843 0.2740
vn 0.2275 -0.9604 -0.1609
v -1.7585 0.4945 1.0361
vt 0.1843 0.2740
vn 0.2270 -0.9546 -0.1931
v -1.0087 0.7188 0.8088
vt 0.2058 0.2755
vn 0.2270 -0.9546 -0.1931
v -0.9977 0.5981 1.4759
vt 0.2058 0.2755
vn 0.2275 -0.9604 -0.1609
f 881/881/881 882/882/882 883/883/883 884/884/884
v -1.0190 0.9978 0.8463
vt 0.2069 0.3324
vn 0.8260 0.5202 -0.2172
v -1.0077 0.8724 1.5390
vt 0.2069 0.3324
vn 0.8354 0.4158 0.3594
v -0.9469 0.7207 1.5213
vt 0.2078 0.3266
vn 0.8831 0.3131 0.3494
v -0.9586 0.8498 0.8078
vt 0.2078 0.3266
vn 0.8734 0.4208 -0.2454
f 885/885/885 886/886/886 887/887/887 888/888/888
v -0.9586 0.8498 0.8078
vt 0.2078 0.3266
vn 0.8778 -0.3384 -0.3391
v -0.9469 0.7207 1.5213
vt 0.2078 0.3266
vn 0.8861 -0.4307 0.1710
v -0.9977 0.5981 1.4759
vt 0.2058 0.3224
vn 0.8861 -0.4307 0.1710
v -1.0087 0.7188 0.8088
vt 0.2058 0.3224
vn 0.8778 -0.3384 -0.3391
f 889/889/889 890/890/890 891/891/891 892/892/892
v -1.8546 0.4198 1.3460
vt 0.1814 0.2740
vn 0.2091 -0.9685 -0.1352
v -1.7556 0.4633 1.2083
vt 0.1843 0.2740
vn 0.2275 -0.9604 -0.1609
v -0.9977 0.5981 1.4759
vt 0.2058 0.2755
vn 0.2275 -0.9604 -0.1609
v -1.3810 0.4294 2.0092
vt 0.1947 0.2755
vn 0.2091 -0.9685 -0.1352
f 893/893/893 894/894/894 895/895/895 896/896/896
v -1.0077 0.8724 1.5390
vt 0.2069 0.3324
vn 0.8354 0.4158 0.3594
v -1.4057 0.6973 2.0927
vt 0.1954 0.3324
vn 0.5042 0.2701 0.8203
v -1.3568 0.5403 2.0916
vt 0.1960 0.3266
vn 0.5414 0.1628 0.8249
v -0.9469 0.7207 1.5213
vt 0.2078 0.3266
vn 0.8831 0.3131 0.3494
f 897/897/897 898/898/898 899/899/899 900/900/900
v -0.9469 0.7207 1.5213
vt 0.2078 0.3266
vn 0.8861 -0.4307 0.1710
v -1.3568 0.5403 2.0916
vt 0.1960 0.3266
vn 0.5930 -0.5597 0.5788
v -1.3810 0.4294 2.0092
vt 0.1947 0.3224
vn 0.5930 -0.5597 0.5788
v -0.9977 0.5981 1.4759
vt 0.2058 0.3224
vn 0.8861 -0.4307 0.1710
f 901/901/901 902/902/902 903/903/903 904/904/904
v -2.0175 0.3805 1.3965
vt 0.1768 0.2740
vn 0.1787 -0.9758 -0.1258
v -1.8546 0.4198 1.3460
vt 0.1814 0.2740
vn 0.2091 -0.9685 -0.1352
v -1.3810 0.4294 2.0092
vt 0.1947 0.2755
vn 0.2091 -0.9685 -0.1352
v -2.0120 0.2773 2.2049
vt 0.1768 0.2755
vn 0.1787 -0.9758 -0.1258
f 905/905/905 906/906/906 907/907/907 908/908/908
v -1.4057 0.6973 2.0927
vt 0.1954 0.3324
vn 0.5042 0.2701 0.8203
v -2.0610 0.5393 2.2960
vt 0.1768 0.3324
vn -0.0413 0.1386 0.9895
v -2.0318 0.3776 2.3010
vt 0.1768 0.3266
vn -0.0213 0.0271 0.9994
v -1.3568 0.5403 2.0916
vt 0.1960 0.3266
vn 0.5414 0.1628 0.8249
f 909/909/909 910/910/910 911/911/911 912/912/912
v -1.3568 0.5403 2.0916
vt 0.1960 0.3266
vn 0.5930 -0.5597 0.5788
v -2.0318 0.3776 2.3010
vt 0.1768 0.3266
vn 0.1104 -0.6760 0.7285
v -2.0120 0.2773 2.2049
vt 0.1768 0.3224
vn 0.1104 -0.6760 0.7285
v -1.3810 0.4294 2.0092
vt 0.1947 0.3224
vn 0.5930 -0.5597 0.5788
f 913/913/913 914/914/914 915/915/915 916/916/916
v -2.1821 0.3605 1.3406
vt 0.1722 0.2740
vn 0.1479 -0.9796 -0.1362
v -2.0175 0.3805 1.3965
vt 0.1768 0.2740
vn 0.1787 -0.9758 -0.1258
v -2.0120 0.2773 2.2049
vt 0.1768 0.2755
vn 0.1787 -0.9758 -0.1258
v -2.6498 0.1998 1.9884
vt 0.1589 0.2755
vn 0.1479 -0.9796 -0.1362
f 917/917/917 918/918/918 919/919/919 920/920/920
v -2.0610 0.5393 2.2960
vt 0.1768 0.3324
vn -0.0413 0.1386 0.9895
v -2.7233 0.4588 2.0711
vt 0.1582 0.3324
vn -0.5926 0.0716 0.8023
v -2.7140 0.2947 2.0694
vt 0.1576 0.3266
vn -0.5900 -0.0420 0.8063
v -2.0318 0.3776 2.3010
vt 0.1768 0.3266
vn -0.0213 0.0271 0.9994
f 921/921/921 922/922/922 923/923/923 924/924/924
v -2.0318 0.3776 2.3010
vt 0.1768 0.3266
vn 0.1104 -0.6760 0.7285
v -2.7140 0.2947 2.0694
vt 0.1576 0.3266
vn -0.3774 -0.7353 0.5630
v -2.6498 0.1998 1.9884
vt 0.1589 0.3224
vn -0.3774 -0.7353 0.5630
v -2.0120 0.2773 2.2049
vt 0.1768 0.3224
vn 0.1104 -0.6760 0.7285
f 925/925/925 926/926/926 927/927/927 928/928/928
v -2.2856 0.3674 1.1997
vt 0.1693 0.2740
vn 0.1286 -0.9783 -0.1625
v -2.1821 0.3605 1.3406
vt 0.1722 0.2740
vn 0.1479 -0.9796 -0.1362
v -2.6498 0.1998 1.9884
vt 0.1589 0.2755
vn 0.1479 -0.9796 -0.1362
v -3.0508 0.2265 1.4423
vt 0.1478 0.2755
vn 0.1286 -0.9783 -0.1625
f 929/929/929 930/930/930 931/931/931 932/932/932
v -2.7233 0.4588 2.0711
vt 0.1582 0.3324
vn -0.5926 0.0716 0.8023
v -3.1396 0.4866 1.5041
vt 0.1467 0.3324
vn -0.9391 0.0947 0.3303
v -3.1428 0.3233 1.4853
vt 0.1458 0.3266
vn -0.9474 -0.0182 0.3194
v -2.7140 0.2947 2.0694
vt 0.1576 0.3266
vn -0.5900 -0.0420 0.8063
f 933/933/933 934/934/934 935/935/935 936/936/936
v -2.7140 0.2947 2.0694
vt 0.1576 0.3266
vn -0.3774 -0.7353 0.5630
v -3.1428 0.3233 1.4853
vt 0.1458 0.3266
vn -0.6840 -0.7149 0.1453
v -3.0508 0.2265 1.4423
vt 0.1478 0.3224
vn -0.6840 -0.7149 0.1453
v -2.6498 0.1998 1.9884
vt 0.1589 0.3224
vn -0.3774 -0.7353 0.5630
f 937/937/937 938/938/938 939/939/939 940/940/940
v -2.2885 0.3986 1.0275
vt 0.1693 0.2740
vn 0.1281 -0.9725 -0.1947
v -2.2856 0.3674 1.1997
vt 0.1693 0.2740
vn 0.1286 -0.9783 -0.1625
v -3.0508 0.2265 1.4423
vt 0.1478 0.2755
vn 0.1286 -0.9783 -0.1625
v -3.0617 0.3472 0.7752
vt 0.1478 0.2755
vn 0.1281 -0.9725 -0.1947
f 941/941/941 942/942/942 943/943/943 944/944/944
v -3.1396 0.4866 1.5041
vt 0.1467 0.3324
vn -0.9391 0.0947 0.3303
v -3.1509 0.6119 0.8114
vt 0.1467 0.3324
vn -0.9485 0.1990 -0.2463
v -3.1545 0.4524 0.7718
vt 0.1458 0.3266
vn -0.9572 0.0895 -0.2753
v -3.1428 0.3233 1.4853
vt 0.1458 0.3266
vn -0.9474 -0.0182 0.3194
f 945/945/945 946/946/946 947/947/947 948/948/948
v -3.1428 0.3233 1.4853
vt 0.1458 0.3266
vn -0.6840 -0.7149 0.1453
v -3.1545 0.4524 0.7718
vt 0.1458 0.3266
vn -0.6923 -0.6226 -0.3648
v -3.0617 0.3472 0.7752
vt 0.1478 0.3224
vn -0.6923 -0.6226 -0.3648
v -3.0508 0.2265 1.4423
vt 0.1478 0.3224
vn -0.6840 -0.7149 0.1453
f 949/949/949 950/950/950 951/951/951 952/952/952
v -2.1895 0.4421 0.8898
vt 0.1722 0.2740
vn 0.1466 -0.9643 -0.2204
v -2.2885 0.3986 1.0275
vt 0.1693 0.2740
vn 0.1281 -0.9725 -0.1947
v -3.0617 0.3472 0.7752
vt 0.1478 0.2755
vn 0.1281 -0.9725 -0.1947
v -2.6784 0.5159 0.2420
vt 0.1589 0.2755
vn 0.1466 -0.9643 -0.2204
f 953/953/953 954/954/954 955/955/955 956/956/956
v -3.1509 0.6119 0.8114
vt 0.1467 0.3324
vn -0.9485 0.1990 -0.2463
v -2.7530 0.7870 0.2576
vt 0.1582 0.3324
vn -0.6173 0.3448 -0.7072
v -2.7446 0.6328 0.2014
vt 0.1576 0.3266
vn -0.6155 0.2398 -0.7508
v -3.1545 0.4524 0.7718
vt 0.1458 0.3266
vn -0.9572 0.0895 -0.2753
f 957/957/957 958/958/958 959/959/959 960/960/960
v -3.1545 0.4524 0.7718
vt 0.1458 0.3266
vn -0.6923 -0.6226 -0.3648
v -2.7446 0.6328 0.2014
vt 0.1576 0.3266
vn -0.3992 -0.4936 -0.7726
v -2.6784 0.5159 0.2420
vt 0.1589 0.3224
vn -0.3992 -0.4936 -0.7726
v -3.0617 0.3472 0.7752
vt 0.1478 0.3224
vn -0.6923 -0.6226 -0.3648
f 961/961/961 962/962/962 963/963/963 964/964/964
v -2.0266 0.4814 0.8393
vt 0.1768 0.2740
vn 0.1770 -0.9570 -0.2298
v -2.1895 0.4421 0.8898
vt 0.1722 0.2740
vn 0.1466 -0.9643 -0.2204
v -2.6784 0.5159 0.2420
vt 0.1589 0.2755
vn 0.1466 -0.9643 -0.2204
v -2.0474 0.6680 0.0462
vt 0.1768 0.2755
vn 0.1770 -0.9570 -0.2298
f 965/965/965 966/966/966 967/967/967 968/968/968
v -2.7530 0.7870 0.2576
vt 0.1582 0.3324
vn -0.6173 0.3448 -0.7072
v -2.0977 0.9450 0.0543
vt 0.1768 0.3324
vn -0.0718 0.4763 -0.8764
v -2.0696 0.7955 -0.0079
vt 0.1768 0.3266
vn -0.0528 0.3755 -0.9253
v -2.7446 0.6328 0.2014
vt 0.1576 0.3266
vn -0.6155 0.2398 -0.7508
f 969/969/969 970/970/970 971/971/971 972/972/972
v -2.7446 0.6328 0.2014
vt 0.1576 0.3266
vn -0.3992 -0.4936 -0.7726
v -2.0696 0.7955 -0.0079
vt 0.1768 0.3266
vn 0.0834 -0.3773 -0.9223
v -2.0474 0.6680 0.0462
vt 0.1768 0.3224
vn 0.0834 -0.3773 -0.9223
v -2.6784 0.5159 0.2420
vt 0.1589 0.3224
vn -0.3992 -0.4936 -0.7726
f 973/973/973 974/974/974 975/975/975 976/976/976
v 0.2297 0.4669 -0.2792
vt 0.1814 0.2740
vn -0.0683 -0.9977 -0.0024
v 0.0432 0.4830 -0.3369
vt 0.1768 0.2740
vn -0.0994 -0.9950 -0.0120
v 0.0309 0.4952 -1.2486
vt 0.1768 0.2755
vn -0.0994 -0.9950 -0.0120
v 0.7531 0.4328 -1.0251
vt 0.1947 0.2755
vn -0.0683 -0.9977 -0.0024
f 977/977/977 978/978/978 979/979/979 980/980/980
v -2.0266 0.4814 0.8393
vt 0.7845 0.8513
vn -0.0266 0.2351 -0.9716
v -1.8620 0.5014 0.8952
vt 0.7891 0.8513
vn 0.5537 0.3057 -0.7746
v -1.7677 0.0770 0.7951
vt 0.7895 0.8354
vn 0.5537 0.3057 -0.7746
v -1.9478 0.0551 0.7339
vt 0.7845 0.8354
vn -0.0266 0.2351 -0.9716
f 981/981/981 982/982/982 983/983/983 984/984/984
v -2.0977 0.9450 0.0543
vt 0.1768 0.3324
vn -0.0718 0.4763 -0.8764
v -2.2875 1.9280 0.7858
vt 0.1768 0.3722
vn -0.0923 0.5829 -0.8073
v -1.9401 1.9703 0.9037
vt 0.1866 0.3722
vn 0.4307 0.6464 -0.6298
v -1.4354 1.0255 0.2792
vt 0.1954 0.3324
vn 0.4794 0.5433 -0.6892
f 985/985/985 986/986/986 987/987/987 988/988/988
v -1.0190 0.9978 0.8463
vt 0.2069 0.3324
vn 0.8260 0.5202 -0.2172
v -1.7217 1.9557 1.2012
vt 0.1926 0.3722
vn 0.7595 0.6245 -0.1820
v -1.7157 1.8900 1.5646
vt 0.1926 0.3722
vn 0.7685 0.5255 0.3651
v -1.0077 0.8724 1.5390
vt 0.2069 0.3324
vn 0.8354 0.4158 0.3594
f 989/989/989 990/990/990 991/991/991 992/992/992
v -2.7530 0.7870 0.2576
vt 0.1582 0.3324
vn -0.6173 0.3448 -0.7072
v -2.6313 1.8452 0.8924
vt 0.1670 0.3722
vn -0.6097 0.4581 -0.6468
v -2.2875 1.9280 0.7858
vt 0.1768 0.3722
vn -0.0923 0.5829 -0.8073
v -2.0977 0.9450 0.0543
vt 0.1768 0.3324
vn -0.0718 0.4763 -0.8764
f 993/993/993 994/994/994 995/995/995 996/996/996
v -3.1509 0.6119 0.8114
vt 0.1467 0.3324
vn -0.9485 0.1990 -0.2463
v -2.8401 1.7533 1.1829
vt 0.1610 0.3722
vn -0.9240 0.3198 -0.2095
v -2.6313 1.8452 0.8924
vt 0.1670 0.3722
vn -0.6097 0.4581 -0.6468
v -2.7530 0.7870 0.2576
vt 0.1582 0.3324
vn -0.6173 0.3448 -0.7072
f 997/997/997 998/998/998 999/999/999 1000/1000/1000
v -3.1396 0.4866 1.5041
vt 0.1467 0.3324
vn -0.9391 0.0947 0.3303
v -2.8342 1.6875 1.5463
vt 0.1610 0.3722
vn -0.9151 0.2208 0.3375
v -2.8401 1.7533 1.1829
vt 0.1610 0.3722
vn -0.9240 0.3198 -0.2095
v -3.1509 0.6119 0.8114
vt 0.1467 0.3324
vn -0.9485 0.1990 -0.2463
f 1001/1001/1001 1002/1002/1002 1003/1003/1003 1004/1004/1004
v -2.7233 0.4588 2.0711
vt 0.1582 0.3324
vn -0.5926 0.0716 0.8023
v -2.6158 1.6730 1.8438
vt 0.1670 0.3722
vn -0.5863 0.1989 0.7853
v -2.8342 1.6875 1.5463
vt 0.1610 0.3722
vn -0.9151 0.2208 0.3375
v -3.1396 0.4866 1.5041
vt 0.1467 0.3324
vn -0.9391 0.0947 0.3303
f 1005/1005/1005 1006/1006/1006 1007/1007/1007 1008/1008/1008
v -2.0610 0.5393 2.2960
vt 0.1768 0.3324
vn -0.0413 0.1386 0.9895
v -2.2683 1.7152 1.9618
vt 0.1768 0.3722
vn -0.0633 0.2625 0.9629
v -2.6158 1.6730 1.8438
vt 0.1670 0.3722
vn -0.5863 0.1989 0.7853
v -2.7233 0.4588 2.0711
vt 0.1582 0.3324
vn -0.5926 0.0716 0.8023
f 1009/1009/1009 1010/1010/1010 1011/1011/1011 1012/1012/1012
v -1.4057 0.6973 2.0927
vt 0.1954 0.3324
vn 0.5042 0.2701 0.8203
v -1.9245 1.7981 1.8552
vt 0.1866 0.3722
vn 0.4542 0.3872 0.8023
v -2.2683 1.7152 1.9618
vt 0.1768 0.3722
vn -0.0633 0.2625 0.9629
v -2.0610 0.5393 2.2960
vt 0.1768 0.3324
vn -0.0413 0.1386 0.9895
f 1013/1013/1013 1014/1014/1014 1015/1015/1015 1016/1016/1016
v -1.0077 0.8724 1.5390
vt 0.2069 0.3324
vn 0.8354 0.4158 0.3594
v -1.7157 1.8900 1.5646
vt 0.1926 0.3722
vn 0.7685 0.5255 0.3651
v -1.9245 1.7981 1.8552
vt 0.1866 0.3722
vn 0.4542 0.3872 0.8023
v -1.4057 0.6973 2.0927
vt 0.1954 0.3324
vn 0.5042 0.2701 0.8203
f 1017/1017/1017 1018/1018/1018 1019/1019/1019 1020/1020/1020
v -1.4354 1.0255 0.2792
vt 0.1954 0.3324
vn 0.4794 0.5433 -0.6892
v -1.9401 1.9703 0.9037
vt 0.1866 0.3722
vn 0.4307 0.6464 -0.6298
v -1.7217 1.9557 1.2012
vt 0.1926 0.3722
vn 0.7595 0.6245 -0.1820
v -1.0190 0.9978 0.8463
vt 0.2069 0.3324
vn 0.8260 0.5202 -0.2172
f 1021/1021/1021 1022/1022/1022 1023/1023/1023 1024/1024/1024
v -1.8108 2.2837 0.7067
vt 0.1916 0.3809
vn 0.4801 0.5416 -0.6900
v -2.4294 3.4513 1.4716
vt 0.1808 0.4769
vn 0.3529 0.7697 -0.5320
v -2.3407 3.4454 1.5924
vt 0.1832 0.4769
vn 0.6488 0.7500 -0.1291
v -1.4805 2.2617 1.1565
vt 0.2007 0.3809
vn 0.8269 0.5185 -0.2177
f 1025/1025/1025 1026/1026/1026 1027/1027/1027 1028/1028/1028
v -1.4715 2.1622 1.7060
vt 0.2007 0.3809
vn 0.8364 0.4141 0.3592
v -2.3383 3.4187 1.7400
vt 0.1832 0.4769
vn 0.6568 0.6609 0.3631
v -2.4231 3.3814 1.8581
vt 0.1808 0.4769
vn 0.3740 0.5365 0.7565
v -1.7872 2.0233 2.1453
vt 0.1916 0.3809
vn 0.5049 0.2682 0.8205
f 1029/1029/1029 1030/1030/1030 1031/1031/1031 1032/1032/1032
v -1.7872 2.0233 2.1453
vt 0.1916 0.3809
vn 0.5049 0.2682 0.8205
v -2.4231 3.3814 1.8581
vt 0.1808 0.4769
vn 0.3740 0.5365 0.7565
v -2.5628 3.3477 1.9014
vt 0.1768 0.4769
vn -0.0915 0.4243 0.9009
v -2.3070 1.8980 2.3065
vt 0.1768 0.3809
vn -0.0409 0.1367 0.9898
f 1033/1033/1033 1034/1034/1034 1035/1035/1035 1036/1036/1036
v -2.3070 1.8980 2.3065
vt 0.1768 0.3809
vn -0.0409 0.1367 0.9898
v -2.5628 3.3477 1.9014
vt 0.1768 0.4769
vn -0.0915 0.4243 0.9009
v -2.7039 3.3305 1.8535
vt 0.1728 0.4769
vn -0.5621 0.3671 0.7412
v -2.8324 1.8342 2.1282
vt 0.1620 0.3809
vn -0.5926 0.0696 0.8025
f 1037/1037/1037 1038/1038/1038 1039/1039/1039 1040/1040/1040
v -2.8324 1.8342 2.1282
vt 0.1620 0.3809
vn -0.5926 0.0696 0.8025
v -2.7039 3.3305 1.8535
vt 0.1728 0.4769
vn -0.5621 0.3671 0.7412
v -2.7926 3.3365 1.7326
vt 0.1704 0.4769
vn -0.8579 0.3868 0.3383
v -3.1627 1.8562 1.6783
vt 0.1529 0.3809
vn -0.9394 0.0927 0.3302
f 1041/1041/1041 1042/1042/1042 1043/1043/1043 1044/1044/1044
v -3.1627 1.8562 1.6783
vt 0.1529 0.3809
vn -0.9394 0.0927 0.3302
v -2.7926 3.3365 1.7326
vt 0.1704 0.4769
vn -0.8579 0.3868 0.3383
v -2.7950 3.3632 1.5850
vt 0.1704 0.4769
vn -0.8660 0.4758 -0.1539
v -3.1717 1.9556 1.1288
vt 0.1529 0.3809
vn -0.9488 0.1971 -0.2468
f 1045/1045/1045 1046/1046/1046 1047/1047/1047 1048/1048/1048
v -3.1717 1.9556 1.1288
vt 0.1529 0.3809
vn -0.9488 0.1971 -0.2468
v -2.7950 3.3632 1.5850
vt 0.1704 0.4769
vn -0.8660 0.4758 -0.1539
v -2.7102 3.4005 1.4670
vt 0.1728 0.4769
vn -0.5832 0.6003 -0.5473
v -2.8560 2.0945 0.6896
vt 0.1620 0.3809
vn -0.6173 0.3430 -0.7080
f 1049/1049/1049 1050/1050/1050 1051/1051/1051 1052/1052/1052
v -2.8560 2.0945 0.6896
vt 0.1620 0.3809
vn -0.6173 0.3430 -0.7080
v -2.7102 3.4005 1.4670
vt 0.1728 0.4769
vn -0.5832 0.6003 -0.5473
v -2.5706 3.4342 1.4236
vt 0.1768 0.4769
vn -0.1176 0.7125 -0.6918
v -2.3361 2.2198 0.5283
vt 0.1768 0.3809
vn -0.0715 0.4746 -0.8773
f 1053/1053/1053 1054/1054/1054 1055/1055/1055 1056/1056/1056
v -1.4805 2.2617 1.1565
vt 0.2007 0.3809
vn 0.8269 0.5185 -0.2177
v -2.3407 3.4454 1.5924
vt 0.1832 0.4769
vn 0.6488 0.7500 -0.1291
v -2.3383 3.4187 1.7400
vt 0.1832 0.4769
vn 0.6568 0.6609 0.3631
v -1.4715 2.1622 1.7060
vt 0.2007 0.3809
vn 0.8364 0.4141 0.3592
f 1057/1057/1057 1058/1058/1058 1059/1059/1059 1060/1060/1060
v -2.3361 2.2198 0.5283
vt 0.1768 0.3809
vn -0.0715 0.4746 -0.8773
v -1.8108 2.2837 0.7067
vt 0.1916 0.3809
vn 0.4801 0.5416 -0.6900
v -1.7727 2.1670 0.6627
vt 0.1920 0.3764
vn 0.5159 0.4446 -0.7323
v -2.3139 2.1012 0.4789
vt 0.1768 0.3764
vn -0.0528 0.3755 -0.9253
f 1061/1061/1061 1062/1062/1062 1063/1063/1063 1064/1064/1064
v -2.3139 2.1012 0.4789
vt 0.1768 0.3764
vn 0.0834 -0.3773 -0.9223
v -1.7727 2.1670 0.6627
vt 0.1920 0.3764
vn 0.5711 -0.3180 -0.7568
v -1.7903 2.0615 0.6937
vt 0.1910 0.3730
vn 0.5711 -0.3180 -0.7568
v -2.2963 2.0001 0.5219
vt 0.1768 0.3730
vn 0.0834 -0.3773 -0.9223
f 1065/1065/1065 1066/1066/1066 1067/1067/1067 1068/1068/1068
v -1.4723 2.0404 1.1268
vt 0.1998 0.3262
vn 0.2599 -0.9441 -0.2030
v -1.7217 1.9557 1.2012
vt 0.1926 0.3253
vn 0.2599 -0.9441 -0.2030
v -1.9401 1.9703 0.9037
vt 0.1866 0.3253
vn 0.2275 -0.9419 -0.2471
v -1.7903 2.0615 0.6937
vt 0.1910 0.3262
vn 0.2275 -0.9419 -0.2471
f 1069/1069/1069 1070/1070/1070 1071/1071/1071 1072/1072/1072
v -1.8108 2.2837 0.7067
vt 0.1916 0.3809
vn 0.4801 0.5416 -0.6900
v -1.4805 2.2617 1.1565
vt 0.2007 0.3809
vn 0.8269 0.5185 -0.2177
v -1.4326 2.1443 1.1260
vt 0.2014 0.3764
vn 0.8734 0.4208 -0.2454
v -1.7727 2.1670 0.6627
vt 0.1920 0.3764
vn 0.5159 0.4446 -0.7323
f 1073/1073/1073 1074/1074/1074 1075/1075/1075 1076/1076/1076
v -1.7727 2.1670 0.6627
vt 0.1920 0.3764
vn 0.5711 -0.3180 -0.7568
v -1.4326 2.1443 1.1260
vt 0.2014 0.3764
vn 0.8778 -0.3384 -0.3391
v -1.4723 2.0404 1.1268
vt 0.1998 0.3730
vn 0.8778 -0.3384 -0.3391
v -1.7903 2.0615 0.6937
vt 0.1910 0.3730
vn 0.5711 -0.3180 -0.7568
f 1077/1077/1077 1078/1078/1078 1079/1079/1079 1080/1080/1080
v -1.4636 1.9446 1.6560
vt 0.1998 0.3262
vn 0.2608 -0.9538 -0.1490
v -1.7157 1.8900 1.5646
vt 0.1926 0.3253
vn 0.2608 -0.9538 -0.1490
v -1.7217 1.9557 1.2012
vt 0.1926 0.3253
vn 0.2599 -0.9441 -0.2030
v -1.4723 2.0404 1.1268
vt 0.1998 0.3262
vn 0.2599 -0.9441 -0.2030
f 1081/1081/1081 1082/1082/1082 1083/1083/1083 1084/1084/1084
v -1.4805 2.2617 1.1565
vt 0.2007 0.3809
vn 0.8269 0.5185 -0.2177
v -1.4715 2.1622 1.7060
vt 0.2007 0.3809
vn 0.8364 0.4141 0.3592
v -1.4233 2.0419 1.6920
vt 0.2014 0.3764
vn 0.8831 0.3131 0.3494
v -1.4326 2.1443 1.1260
vt 0.2014 0.3764
vn 0.8734 0.4208 -0.2454
f 1085/1085/1085 1086/1086/1086 1087/1087/1087 1088/1088/1088
v -1.4326 2.1443 1.1260
vt 0.2014 0.3764
vn 0.8778 -0.3384 -0.3391
v -1.4233 2.0419 1.6920
vt 0.2014 0.3764
vn 0.8861 -0.4307 0.1710
v -1.4636 1.9446 1.6560
vt 0.1998 0.3730
vn 0.8861 -0.4307 0.1710
v -1.4723 2.0404 1.1268
vt 0.1998 0.3730
vn 0.8778 -0.3384 -0.3391
f 1089/1089/1089 1090/1090/1090 1091/1091/1091 1092/1092/1092
v -1.7677 1.8108 2.0790
vt 0.1910 0.3262
vn 0.2298 -0.9675 -0.1059
v -1.9245 1.7981 1.8552
vt 0.1866 0.3253
vn 0.2298 -0.9675 -0.1059
v -1.7157 1.8900 1.5646
vt 0.1926 0.3253
vn 0.2608 -0.9538 -0.1490
v -1.4636 1.9446 1.6560
vt 0.1998 0.3262
vn 0.2608 -0.9538 -0.1490
f 1093/1093/1093 1094/1094/1094 1095/1095/1095 1096/1096/1096
v -1.4715 2.1622 1.7060
vt 0.2007 0.3809
vn 0.8364 0.4141 0.3592
v -1.7872 2.0233 2.1453
vt 0.1916 0.3809
vn 0.5049 0.2682 0.8205
v -1.7485 1.8988 2.1444
vt 0.1920 0.3764
vn 0.5414 0.1628 0.8249
v -1.4233 2.0419 1.6920
vt 0.2014 0.3764
vn 0.8831 0.3131 0.3494
f 1097/1097/1097 1098/1098/1098 1099/1099/1099 1100/1100/1100
v -1.4233 2.0419 1.6920
vt 0.2014 0.3764
vn 0.8861 -0.4307 0.1710
v -1.7485 1.8988 2.1444
vt 0.1920 0.3764
vn 0.5930 -0.5597 0.5788
v -1.7677 1.8108 2.0790
vt 0.1910 0.3730
vn 0.5930 -0.5597 0.5788
v -1.4636 1.9446 1.6560
vt 0.1998 0.3730
vn 0.8861 -0.4307 0.1710
f 1101/1101/1101 1102/1102/1102 1103/1103/1103 1104/1104/1104
v -2.2682 1.6902 2.2343
vt 0.1768 0.3262
vn 0.1788 -0.9798 -0.0901
v -2.2683 1.7152 1.9618
vt 0.1768 0.3253
vn 0.1788 -0.9798 -0.0901
v -1.9245 1.7981 1.8552
vt 0.1866 0.3253
vn 0.2298 -0.9675 -0.1059
v -1.7677 1.8108 2.0790
vt 0.1910 0.3262
vn 0.2298 -0.9675 -0.1059
f 1105/1105/1105 1106/1106/1106 1107/1107/1107 1108/1108/1108
v -1.7872 2.0233 2.1453
vt 0.1916 0.3809
vn 0.5049 0.2682 0.8205
v -2.3070 1.8980 2.3065
vt 0.1768 0.3809
vn -0.0409 0.1367 0.9898
v -2.2839 1.7697 2.3105
vt 0.1768 0.3764
vn -0.0213 0.0271 0.9994
v -1.7485 1.8988 2.1444
vt 0.1920 0.3764
vn 0.5414 0.1628 0.8249
f 1109/1109/1109 1110/1110/1110 1111/1111/1111 1112/1112/1112
v -1.7485 1.8988 2.1444
vt 0.1920 0.3764
vn 0.5930 -0.5597 0.5788
v -2.2839 1.7697 2.3105
vt 0.1768 0.3764
vn 0.1104 -0.6760 0.7286
v -2.2682 1.6902 2.2343
vt 0.1768 0.3730
vn 0.1104 -0.6760 0.7286
v -1.7677 1.8108 2.0790
vt 0.1910 0.3730
vn 0.5930 -0.5597 0.5788
f 1113/1113/1113 1114/1114/1114 1115/1115/1115 1116/1116/1116
v -2.7742 1.6287 2.0625
vt 0.1626 0.3262
vn 0.1272 -0.9860 -0.1076
v -2.6158 1.6730 1.8438
vt 0.1670 0.3253
vn 0.1272 -0.9860 -0.1076
v -2.2683 1.7152 1.9618
vt 0.1768 0.3253
vn 0.1788 -0.9798 -0.0901
v -2.2682 1.6902 2.2343
vt 0.1768 0.3262
vn 0.1788 -0.9798 -0.0901
f 1117/1117/1117 1118/1118/1118 1119/1119/1119 1120/1120/1120
v -2.3070 1.8980 2.3065
vt 0.1768 0.3809
vn -0.0409 0.1367 0.9898
v -2.8324 1.8342 2.1282
vt 0.1620 0.3809
vn -0.5926 0.0696 0.8025
v -2.8250 1.7040 2.1268
vt 0.1616 0.3764
vn -0.5900 -0.0420 0.8063
v -2.2839 1.7697 2.3105
vt 0.1768 0.3764
vn -0.0213 0.0271 0.9994
f 1121/1121/1121 1122/1122/1122 1123/1123/1123 1124/1124/1124
v -2.2839 1.7697 2.3105
vt 0.1768 0.3764
vn 0.1104 -0.6760 0.7286
v -2.8250 1.7040 2.1268
vt 0.1616 0.3764
vn -0.3774 -0.7353 0.5630
v -2.7742 1.6287 2.0625
vt 0.1626 0.3730
vn -0.3774 -0.7353 0.5630
v -2.2682 1.6902 2.2343
vt 0.1768 0.3730
vn 0.1104 -0.6760 0.7286
f 1125/1125/1125 1126/1126/1126 1127/1127/1127 1128/1128/1128
v -3.0922 1.6499 1.6293
vt 0.1538 0.3262
vn 0.0948 -0.9839 -0.1518
v -2.8342 1.6875 1.5463
vt 0.1610 0.3253
vn 0.0948 -0.9839 -0.1518
v -2.6158 1.6730 1.8438
vt 0.1670 0.3253
vn 0.1272 -0.9860 -0.1076
v -2.7742 1.6287 2.0625
vt 0.1626 0.3262
vn 0.1272 -0.9860 -0.1076
f 1129/1129/1129 1130/1130/1130 1131/1131/1131 1132/1132/1132
v -2.8324 1.8342 2.1282
vt 0.1620 0.3809
vn -0.5926 0.0696 0.8025
v -3.1627 1.8562 1.6783
vt 0.1529 0.3809
vn -0.9394 0.0927 0.3302
v -3.1652 1.7266 1.6634
vt 0.1522 0.3764
vn -0.9474 -0.0182 0.3194
v -2.8250 1.7040 2.1268
vt 0.1616 0.3764
vn -0.5900 -0.0420 0.8063
f 1133/1133/1133 1134/1134/1134 1135/1135/1135 1136/1136/1136
v -2.8250 1.7040 2.1268
vt 0.1616 0.3764
vn -0.3774 -0.7353 0.5630
v -3.1652 1.7266 1.6634
vt 0.1522 0.3764
vn -0.6840 -0.7149 0.1453
v -3.0922 1.6499 1.6293
vt 0.1538 0.3730
vn -0.6840 -0.7149 0.1453
v -2.7742 1.6287 2.0625
vt 0.1626 0.3730
vn -0.3774 -0.7353 0.5630
f 1137/1137/1137 1138/1138/1138 1139/1139/1139 1140/1140/1140
v -3.1009 1.7456 1.1002
vt 0.1538 0.3262
vn 0.0940 -0.9741 -0.2057
v -2.8401 1.7533 1.1829
vt 0.1610 0.3253
vn 0.0940 -0.9741 -0.2057
v -2.8342 1.6875 1.5463
vt 0.1610 0.3253
vn 0.0948 -0.9839 -0.1518
v -3.0922 1.6499 1.6293
vt 0.1538 0.3262
vn 0.0948 -0.9839 -0.1518
f 1141/1141/1141 1142/1142/1142 1143/1143/1143 1144/1144/1144
v -3.1627 1.8562 1.6783
vt 0.1529 0.3809
vn -0.9394 0.0927 0.3302
v -3.1717 1.9556 1.1288
vt 0.1529 0.3809
vn -0.9488 0.1971 -0.2468
v -3.1745 1.8291 1.0975
vt 0.1522 0.3764
vn -0.9572 0.0895 -0.2753
v -3.1652 1.7266 1.6634
vt 0.1522 0.3764
vn -0.9474 -0.0182 0.3194
f 1145/1145/1145 1146/1146/1146 1147/1147/1147 1148/1148/1148
v -3.1652 1.7266 1.6634
vt 0.1522 0.3764
vn -0.6840 -0.7149 0.1453
v -3.1745 1.8291 1.0975
vt 0.1522 0.3764
vn -0.6923 -0.6226 -0.3648
v -3.1009 1.7456 1.1002
vt 0.1538 0.3730
vn -0.6923 -0.6226 -0.3648
v -3.0922 1.6499 1.6293
vt 0.1538 0.3730
vn -0.6840 -0.7149 0.1453
f 1149/1149/1149 1150/1150/1150 1151/1151/1151 1152/1152/1152
v -2.7969 1.8794 0.6772
vt 0.1626 0.3262
vn 0.1249 -0.9605 -0.2488
v -2.6313 1.8452 0.8924
vt 0.1670 0.3253
vn 0.1249 -0.9605 -0.2488
v -2.8401 1.7533 1.1829
vt 0.1610 0.3253
vn 0.0940 -0.9741 -0.2057
v -3.1009 1.7456 1.1002
vt 0.1538 0.3262
vn 0.0940 -0.9741 -0.2057
f 1153/1153/1153 1154/1154/1154 1155/1155/1155 1156/1156/1156
v -3.1717 1.9556 1.1288
vt 0.1529 0.3809
vn -0.9488 0.1971 -0.2468
v -2.8560 2.0945 0.6896
vt 0.1620 0.3809
vn -0.6173 0.3430 -0.7080
v -2.8493 1.9721 0.6450
vt 0.1616 0.3764
vn -0.6155 0.2398 -0.7508
v -3.1745 1.8291 1.0975
vt 0.1522 0.3764
vn -0.9572 0.0895 -0.2753
f 1157/1157/1157 1158/1158/1158 1159/1159/1159 1160/1160/1160
v -3.1745 1.8291 1.0975
vt 0.1522 0.3764
vn -0.6923 -0.6226 -0.3648
v -2.8493 1.9721 0.6450
vt 0.1616 0.3764
vn -0.3992 -0.4936 -0.7726
v -2.7969 1.8794 0.6772
vt 0.1626 0.3730
vn -0.3992 -0.4936 -0.7726
v -3.1009 1.7456 1.1002
vt 0.1538 0.3730
vn -0.6923 -0.6226 -0.3648
f 1161/1161/1161 1162/1162/1162 1163/1163/1163 1164/1164/1164
v -2.2963 2.0001 0.5219
vt 0.1768 0.3262
vn 0.1759 -0.9482 -0.2646
v -2.2875 1.9280 0.7858
vt 0.1768 0.3253
vn 0.1759 -0.9482 -0.2646
v -2.6313 1.8452 0.8924
vt 0.1670 0.3253
vn 0.1249 -0.9605 -0.2488
v -2.7969 1.8794 0.6772
vt 0.1626 0.3262
vn 0.1249 -0.9605 -0.2488
f 1165/1165/1165 1166/1166/1166 1167/1167/1167 1168/1168/1168
v -2.8560 2.0945 0.6896
vt 0.1620 0.3809
vn -0.6173 0.3430 -0.7080
v -2.3361 2.2198 0.5283
vt 0.1768 0.3809
vn -0.0715 0.4746 -0.8773
v -2.3139 2.1012 0.4789
vt 0.1768 0.3764
vn -0.0528 0.3755 -0.9253
v -2.8493 1.9721 0.6450
vt 0.1616 0.3764
vn -0.6155 0.2398 -0.7508
f 1169/1169/1169 1170/1170/1170 1171/1171/1171 1172/1172/1172
v -2.8493 1.9721 0.6450
vt 0.1616 0.3764
vn -0.3992 -0.4936 -0.7726
v -2.3139 2.1012 0.4789
vt 0.1768 0.3764
vn 0.0834 -0.3773 -0.9223
v -2.2963 2.0001 0.5219
vt 0.1768 0.3730
vn 0.0834 -0.3773 -0.9223
v -2.7969 1.8794 0.6772
vt 0.1626 0.3730
vn -0.3992 -0.4936 -0.7726
f 1173/1173/1173 1174/1174/1174 1175/1175/1175 1176/1176/1176
v 0.7650 2.0333 -0.8826
vt 0.1910 0.3262
vn -0.0477 -0.9984 -0.0317
v 0.5886 2.0338 -0.6324
vt 0.1866 0.3253
vn -0.0477 -0.9984 -0.0317
v 0.1952 2.0678 -0.7542
vt 0.1768 0.3253
vn -0.0999 -0.9938 -0.0479
v 0.1921 2.0829 -1.0599
vt 0.1768 0.3262
vn -0.0999 -0.9938 -0.0479
f 1177/1177/1177 1178/1178/1178 1179/1179/1179 1180/1180/1180
v -2.4294 3.4513 1.4716
vt 0.1808 0.4769
vn 0.3529 0.7697 -0.5320
v -2.5169 3.5235 1.5859
vt 0.1788 0.4807
vn 0.1006 0.9742 -0.2019
v -2.4725 3.5205 1.6463
vt 0.1800 0.4807
vn 0.2680 0.9631 0.0261
v -2.3407 3.4454 1.5924
vt 0.1832 0.4769
vn 0.6488 0.7500 -0.1291
f 1181/1181/1181 1182/1182/1182 1183/1183/1183 1184/1184/1184
v -2.5169 3.5235 1.5859
vt 0.1788 0.4807
vn 0.1006 0.9742 -0.2019
v -2.5875 3.5149 1.5619
vt 0.1768 0.4807
vn -0.1657 0.9419 -0.2923
v -2.5884 3.5091 1.6843
vt 0.1768 0.4813
vn -0.1781 0.9678 0.1781
f 1185/1185/1185 1186/1186/1186 1187/1187/1187
v -2.3407 3.4454 1.5924
vt 0.1832 0.4769
vn 0.6488 0.7500 -0.1291
v -2.4725 3.5205 1.6463
vt 0.1800 0.4807
vn 0.2680 0.9631 0.0261
v -2.4713 3.5072 1.7201
vt 0.1800 0.4807
vn 0.2725 0.9127 0.3046
v -2.3383 3.4187 1.7400
vt 0.1832 0.4769
vn 0.6568 0.6609 0.3631
f 1188/1188/1188 1189/1189/1189 1190/1190/1190 1191/1191/1191
v -2.4725 3.5205 1.6463
vt 0.1800 0.4807
vn 0.2680 0.9631 0.0261
v -2.5169 3.5235 1.5859
vt 0.1788 0.4807
vn 0.1006 0.9742 -0.2019
v -2.5884 3.5091 1.6843
vt 0.1768 0.4813
vn -0.1781 0.9678 0.1781
f 1192/1192/1192 1193/1193/1193 1194/1194/1194
v -2.3383 3.4187 1.7400
vt 0.1832 0.4769
vn 0.6568 0.6609 0.3631
v -2.4713 3.5072 1.7201
vt 0.1800 0.4807
vn 0.2725 0.9127 0.3046
v -2.5137 3.4885 1.7791
vt 0.1788 0.4807
vn 0.1125 0.8423 0.5272
v -2.4231 3.3814 1.8581
vt 0.1808 0.4769
vn 0.3740 0.5365 0.7565
f 1195/1195/1195 1196/1196/1196 1197/1197/1197 1198/1198/1198
v -2.4713 3.5072 1.7201
vt 0.1800 0.4807
vn 0.2725 0.9127 0.3046
v -2.4725 3.5205 1.6463
vt 0.1800 0.4807
vn 0.2680 0.9631 0.0261
v -2.5884 3.5091 1.6843
vt 0.1768 0.4813
vn -0.1781 0.9678 0.1781
f 1199/1199/1199 1200/1200/1200 1201/1201/1201
v -2.4231 3.3814 1.8581
vt 0.1808 0.4769
vn 0.3740 0.5365 0.7565
v -2.5137 3.4885 1.7791
vt 0.1788 0.4807
vn 0.1125 0.8423 0.5272
v -2.5835 3.4717 1.8008
vt 0.1768 0.4807
vn -0.1509 0.7788 0.6089
v -2.5628 3.3477 1.9014
vt 0.1768 0.4769
vn -0.0915 0.4243 0.9009
f 1202/1202/1202 1203/1203/1203 1204/1204/1204 1205/1205/1205
v -2.5137 3.4885 1.7791
vt 0.1788 0.4807
vn 0.1125 0.8423 0.5272
v -2.4713 3.5072 1.7201
vt 0.1800 0.4807
vn 0.2725 0.9127 0.3046
v -2.5884 3.5091 1.6843
vt 0.1768 0.4813
vn -0.1781 0.9678 0.1781
f 1206/1206/1206 1207/1207/1207 1208/1208/1208
v -2.5628 3.3477 1.9014
vt 0.1768 0.4769
vn -0.0915 0.4243 0.9009
v -2.5835 3.4717 1.8008
vt 0.1768 0.4807
vn -0.1509 0.7788 0.6089
v -2.6541 3.4631 1.7768
vt 0.1748 0.4807
vn -0.4172 0.7464 0.5185
v -2.7039 3.3305 1.8535
vt 0.1728 0.4769
vn -0.5621 0.3671 0.7412
f 1209/1209/1209 1210/1210/1210 1211/1211/1211 1212/1212/1212
v -2.5835 3.4717 1.8008
vt 0.1768 0.4807
vn -0.1509 0.7788 0.6089
v -2.5137 3.4885 1.7791
vt 0.1788 0.4807
vn 0.1125 0.8423 0.5272
v -2.5884 3.5091 1.6843
vt 0.1768 0.4813
vn -0.1781 0.9678 0.1781
f 1213/1213/1213 1214/1214/1214 1215/1215/1215
v -2.7039 3.3305 1.8535
vt 0.1728 0.4769
vn -0.5621 0.3671 0.7412
v -2.6541 3.4631 1.7768
vt 0.1748 0.4807
vn -0.4172 0.7464 0.5185
v -2.6985 3.4660 1.7164
vt 0.1736 0.4807
vn -0.5845 0.7576 0.2905
v -2.7926 3.3365 1.7326
vt 0.1704 0.4769
vn -0.8579 0.3868 0.3383
f 1216/1216/1216 1217/1217/1217 1218/1218/1218 1219/1219/1219
v -2.6541 3.4631 1.7768
vt 0.1748 0.4807
vn -0.4172 0.7464 0.5185
v -2.5835 3.4717 1.8008
vt 0.1768 0.4807
vn -0.1509 0.7788 0.6089
v -2.5884 3.5091 1.6843
vt 0.1768 0.4813
vn -0.1781 0.9678 0.1781
f 1220/1220/1220 1221/1221/1221 1222/1222/1222
v -2.7926 3.3365 1.7326
vt 0.1704 0.4769
vn -0.8579 0.3868 0.3383
v -2.6985 3.4660 1.7164
vt 0.1736 0.4807
vn -0.5845 0.7576 0.2905
v -2.6997 3.4794 1.6426
vt 0.1736 0.4807
vn -0.5891 0.8080 0.0120
v -2.7950 3.3632 1.5850
vt 0.1704 0.4769
vn -0.8660 0.4758 -0.1539
f 1223/1223/1223 1224/1224/1224 1225/1225/1225 1226/1226/1226
v -2.6985 3.4660 1.7164
vt 0.1736 0.4807
vn -0.5845 0.7576 0.2905
v -2.6541 3.4631 1.7768
vt 0.1748 0.4807
vn -0.4172 0.7464 0.5185
v -2.5884 3.5091 1.6843
vt 0.1768 0.4813
vn -0.1781 0.9678 0.1781
f 1227/1227/1227 1228/1228/1228 1229/1229/1229
v -2.7950 3.3632 1.5850
vt 0.1704 0.4769
vn -0.8660 0.4758 -0.1539
v -2.6997 3.4794 1.6426
vt 0.1736 0.4807
vn -0.5891 0.8080 0.0120
v -2.6573 3.4981 1.5836
vt 0.1748 0.4807
vn -0.4291 0.8784 -0.2106
v -2.7102 3.4005 1.4670
vt 0.1728 0.4769
vn -0.5832 0.6003 -0.5473
f 1230/1230/1230 1231/1231/1231 1232/1232/1232 1233/1233/1233
v -2.6997 3.4794 1.6426
vt 0.1736 0.4807
vn -0.5891 0.8080 0.0120
v -2.6985 3.4660 1.7164
vt 0.1736 0.4807
vn -0.5845 0.7576 0.2905
v -2.5884 3.5091 1.6843
vt 0.1768 0.4813
vn -0.1781 0.9678 0.1781
f 1234/1234/1234 1235/1235/1235 1236/1236/1236
v -2.7102 3.4005 1.4670
vt 0.1728 0.4769
vn -0.5832 0.6003 -0.5473
v -2.6573 3.4981 1.5836
vt 0.1748 0.4807
vn -0.4291 0.8784 -0.2106
v -2.5875 3.5149 1.5619
vt 0.1768 0.4807
vn -0.1657 0.9419 -0.2923
v -2.5706 3.4342 1.4236
vt 0.1768 0.4769
vn -0.1176 0.7125 -0.6918
f 1237/1237/1237 1238/1238/1238 1239/1239/1239 1240/1240/1240
v -2.6573 3.4981 1.5836
vt 0.1748 0.4807
vn -0.4291 0.8784 -0.2106
v -2.6997 3.4794 1.6426
vt 0.1736 0.4807
vn -0.5891 0.8080 0.0120
v -2.5884 3.5091 1.6843
vt 0.1768 0.4813
vn -0.1781 0.9678 0.1781
f 1241/1241/1241 1242/1242/1242 1243/1243/1243
v 0.3815 3.8874 -0.4316
vt 0.1768 0.4769
vn 0.0427 0.5522 -0.8326
v 0.3957 4.0104 -0.3008
vt 0.1768 0.4807
vn 0.0791 0.8659 -0.4939
v 0.4756 4.0035 -0.2761
vt 0.1788 0.4807
vn 0.3485 0.8426 -0.4105
v 0.5413 3.8736 -0.3822
vt 0.1808 0.4769
vn 0.5190 0.5110 -0.6852
f 1244/1244/1244 1245/1245/1245 1246/1246/1246 1247/1247/1247
v -2.5875 3.5149 1.5619
vt 0.1768 0.4807
vn -0.1657 0.9419 -0.2923
v -2.6573 3.4981 1.5836
vt 0.1748 0.4807
vn -0.4291 0.8784 -0.2106
v -2.5884 3.5091 1.6843
vt 0.1768 0.4813
vn -0.1781 0.9678 0.1781
f 1248/1248/1248 1249/1249/1249 1250/1250/1250
v -2.3361 2.2198 0.5283
vt 0.1768 0.3809
vn -0.0715 0.4746 -0.8773
v -2.5706 3.4342 1.4236
vt 0.1768 0.4769
vn -0.1176 0.7125 -0.6918
v -2.4294 3.4513 1.4716
vt 0.1808 0.4769
vn 0.3529 0.7697 -0.5320
v -1.8108 2.2837 0.7067
vt 0.1916 0.3809
vn 0.4801 0.5416 -0.6900
f 1251/1251/1251 1252/1252/1252 1253/1253/1253 1254/1254/1254
v -2.2856 0.3674 1.1997
vt 0.7770 0.8513
vn -0.9397 -0.1666 0.2988
v -2.2885 0.3986 1.0275
vt 0.7770 0.8513
vn -0.9496 -0.0567 -0.3082
v -2.2341 -0.0354 0.9397
vt 0.7763 0.8354
vn -0.9496 -0.0567 -0.3082
v -2.2310 -0.0695 1.1280
vt 0.7763 0.8354
vn -0.9397 -0.1666 0.2988
f 1255/1255/1255 1256/1256/1256 1257/1257/1257 1258/1258/1258
v -1.8546 0.4198 1.3460
vt 0.7891 0.8513
vn 0.5798 0.0181 0.8146
v -2.0175 0.3805 1.3965
vt 0.7845 0.8513
vn 0.0055 -0.1204 0.9927
v -1.9378 -0.0551 1.3433
vt 0.7845 0.8354
vn 0.0055 -0.1204 0.9927
v -1.7597 -0.0122 1.2880
vt 0.7895 0.8354
vn 0.5798 0.0180 0.8146
f 1259/1259/1259 1260/1260/1260 1261/1261/1261 1262/1262/1262
v -1.8620 0.5014 0.8952
vt 0.7891 0.8513
vn 0.5537 0.3057 -0.7746
v -1.7585 0.4945 1.0361
vt 0.7920 0.8513
vn 0.9186 0.2813 -0.2776
v -1.6546 0.0695 0.9492
vt 0.7927 0.8354
vn 0.9186 0.2813 -0.2777
v -1.7677 0.0770 0.7951
vt 0.7895 0.8354
vn 0.5537 0.3057 -0.7746
f 1263/1263/1263 1264/1264/1264 1265/1265/1265 1266/1266/1266
v -2.2885 0.3986 1.0275
vt 0.7770 0.8513
vn -0.9496 -0.0567 -0.3082
v -2.1895 0.4421 0.8898
vt 0.7798 0.8513
vn -0.6009 0.0967 -0.7935
v -2.1259 0.0122 0.7892
vt 0.7794 0.8354
vn -0.6009 0.0967 -0.7935
v -2.2341 -0.0354 0.9397
vt 0.7763 0.8354
vn -0.9496 -0.0567 -0.3082
f 1267/1267/1267 1268/1268/1268 1269/1269/1269 1270/1270/1270
v -2.0175 0.3805 1.3965
vt 0.7845 0.8513
vn 0.0055 -0.1204 0.9927
v -2.1821 0.3605 1.3406
vt 0.7798 0.8513
vn -0.5748 -0.1909 0.7957
v -2.1178 -0.0770 1.2822
vt 0.7794 0.8354
vn -0.5748 -0.1909 0.7957
v -1.9378 -0.0551 1.3433
vt 0.7845 0.8354
vn 0.0055 -0.1204 0.9927
f 1271/1271/1271 1272/1272/1272 1273/1273/1273 1274/1274/1274
v -1.7585 0.4945 1.0361
vt 0.7920 0.8513
vn 0.9186 0.2813 -0.2776
v -1.7556 0.4633 1.2083
vt 0.7920 0.8513
vn 0.9285 0.1715 0.3294
v -1.6515 0.0354 1.1375
vt 0.7927 0.8354
vn 0.9285 0.1715 0.3294
v -1.6546 0.0695 0.9492
vt 0.7927 0.8354
vn 0.9186 0.2813 -0.2777
f 1275/1275/1275 1276/1276/1276 1277/1277/1277 1278/1278/1278
v -2.1895 0.4421 0.8898
vt 0.7798 0.8513
vn -0.6009 0.0967 -0.7935
v -2.0266 0.4814 0.8393
vt 0.7845 0.8513
vn -0.0266 0.2351 -0.9716
v -1.9478 0.0551 0.7339
vt 0.7845 0.8354
vn -0.0266 0.2351 -0.9716
v -2.1259 0.0122 0.7892
vt 0.7794 0.8354
vn -0.6009 0.0967 -0.7935
f 1279/1279/1279 1280/1280/1280 1281/1281/1281 1282/1282/1282
v -2.1821 0.3605 1.3406
vt 0.7798 0.8513
vn -0.5748 -0.1909 0.7957
v -2.2856 0.3674 1.1997
vt 0.7770 0.8513
vn -0.9397 -0.1666 0.2988
v -2.2310 -0.0695 1.1280
vt 0.7763 0.8354
vn -0.9397 -0.1666 0.2988
v -2.1178 -0.0770 1.2822
vt 0.7794 0.8354
vn -0.5748 -0.1909 0.7957
f 1283/1283/1283 1284/1284/1284 1285/1285/1285 1286/1286/1286
v -1.7556 0.4633 1.2083
vt 0.7920 0.8513
vn 0.9285 0.1715 0.3294
v -1.8546 0.4198 1.3460
vt 0.7891 0.8513
vn 0.5798 0.0181 0.8146
v -1.7597 -0.0122 1.2880
vt 0.7895 0.8354
vn 0.5798 0.0180 0.8146
v -1.6515 0.0354 1.1375
vt 0.7927 0.8354
vn 0.9285 0.1715 0.3294
f 1287/1287/1287 1288/1288/1288 1289/1289/1289 1290/1290/1290
v 0.0608 0.8032 -1.3085
vt 0.1768 0.3324
vn 0.0136 0.2787 -0.9603
v 0.8107 0.7384 -1.0763
vt 0.1954 0.3324
vn 0.5715 0.2304 -0.7876
v 0.8148 0.5560 -1.1002
vt 0.1960 0.3266
vn 0.5777 0.1187 -0.8076
v 0.0423 0.6228 -1.3394
vt 0.1768 0.3266
vn 0.0022 0.1685 -0.9857
f 1291/1291/1291 1292/1292/1292 1293/1293/1293 1294/1294/1294
v 0.0423 0.6228 -1.3394
vt 0.1768 0.3266
vn -0.0694 -0.5740 -0.8159
v 0.8148 0.5560 -1.1002
vt 0.1960 0.3266
vn 0.4243 -0.6166 -0.6631
v 0.7531 0.4328 -1.0251
vt 0.1947 0.3224
vn 0.4243 -0.6166 -0.6631
v 0.0309 0.4952 -1.2486
vt 0.1768 0.3224
vn -0.0694 -0.5740 -0.8159
f 1295/1295/1295 1296/1296/1296 1297/1297/1297 1298/1298/1298
v 0.3472 0.4616 -0.1226
vt 0.1843 0.2740
vn -0.0487 -0.9985 0.0238
v 0.2297 0.4669 -0.2792
vt 0.1814 0.2740
vn -0.0683 -0.9977 -0.0024
v 0.7531 0.4328 -1.0251
vt 0.1947 0.2755
vn -0.0683 -0.9977 -0.0024
v 1.2083 0.4126 -0.4185
vt 0.2058 0.2755
vn -0.0487 -0.9985 0.0238
f 1299/1299/1299 1300/1300/1300 1301/1301/1301 1302/1302/1302
v 0.8107 0.7384 -1.0763
vt 0.1954 0.3324
vn 0.5715 0.2304 -0.7876
v 1.2834 0.7174 -0.4465
vt 0.2069 0.3324
vn 0.9231 0.2148 -0.3190
v 1.3016 0.5344 -0.4515
vt 0.2078 0.3266
vn 0.9404 0.1026 -0.3242
v 0.8148 0.5560 -1.1002
vt 0.1960 0.3266
vn 0.5777 0.1187 -0.8076
f 1303/1303/1303 1304/1304/1304 1305/1305/1305 1306/1306/1306
v 0.8148 0.5560 -1.1002
vt 0.1960 0.3266
vn 0.4243 -0.6166 -0.6631
v 1.3016 0.5344 -0.4515
vt 0.2078 0.3266
vn 0.7354 -0.6304 -0.2485
v 1.2083 0.4126 -0.4185
vt 0.2058 0.3224
vn 0.7354 -0.6304 -0.2485
v 0.7531 0.4328 -1.0251
vt 0.1947 0.3224
vn 0.4243 -0.6166 -0.6631
f 1307/1307/1307 1308/1308/1308 1309/1309/1309 1310/1310/1310
v 0.3508 0.4693 0.0730
vt 0.1843 0.2740
vn -0.0481 -0.9972 0.0564
v 0.3472 0.4616 -0.1226
vt 0.1843 0.2740
vn -0.0487 -0.9985 0.0238
v 1.2083 0.4126 -0.4185
vt 0.2058 0.2755
vn -0.0487 -0.9985 0.0238
v 1.2225 0.4423 0.3394
vt 0.2058 0.2755
vn -0.0481 -0.9972 0.0564
f 1311/1311/1311 1312/1312/1312 1313/1313/1313 1314/1314/1314
v 1.2834 0.7174 -0.4465
vt 0.2069 0.3324
vn 0.9231 0.2148 -0.3190
v 1.2981 0.7483 0.3405
vt 0.2069 0.3324
vn 0.9341 0.2378 0.2664
v 1.3168 0.5662 0.3592
vt 0.2078 0.3266
vn 0.9517 0.1263 0.2797
v 1.3016 0.5344 -0.4515
vt 0.2078 0.3266
vn 0.9404 0.1026 -0.3242
f 1315/1315/1315 1316/1316/1316 1317/1317/1317 1318/1318/1318
v 1.3016 0.5344 -0.4515
vt 0.2078 0.3266
vn 0.7354 -0.6304 -0.2485
v 1.3168 0.5662 0.3592
vt 0.2078 0.3266
vn 0.7451 -0.6101 0.2695
v 1.2225 0.4423 0.3394
vt 0.2058 0.3224
vn 0.7451 -0.6101 0.2695
v 1.2083 0.4126 -0.4185
vt 0.2058 0.3224
vn 0.7354 -0.6304 -0.2485
f 1319/1319/1319 1320/1320/1320 1321/1321/1321 1322/1322/1322
v 0.2393 0.4870 0.2330
vt 0.1814 0.2740
vn -0.0667 -0.9943 0.0831
v 0.3508 0.4693 0.0730
vt 0.1843 0.2740
vn -0.0481 -0.9972 0.0564
v 1.2225 0.4423 0.3394
vt 0.2058 0.2755
vn -0.0481 -0.9972 0.0564
v 0.7903 0.5106 0.9591
vt 0.1947 0.2755
vn -0.0667 -0.9943 0.0831
f 1323/1323/1323 1324/1324/1324 1325/1325/1325 1326/1326/1326
v 1.2981 0.7483 0.3405
vt 0.2069 0.3324
vn 0.9341 0.2378 0.2664
v 0.8494 0.8192 0.9841
vt 0.1954 0.3324
vn 0.6002 0.2906 0.7452
v 0.8546 0.6393 1.0220
vt 0.1960 0.3266
vn 0.6074 0.1808 0.7736
v 1.3168 0.5662 0.3592
vt 0.2078 0.3266
vn 0.9517 0.1263 0.2797
f 1327/1327/1327 1328/1328/1328 1329/1329/1329 1330/1330/1330
v 1.3168 0.5662 0.3592
vt 0.2078 0.3266
vn 0.7451 -0.6101 0.2695
v 0.8546 0.6393 1.0220
vt 0.1960 0.3266
vn 0.4497 -0.5634 0.6931
v 0.7903 0.5106 0.9591
vt 0.1947 0.3224
vn 0.4497 -0.5634 0.6931
v 1.2225 0.4423 0.3394
vt 0.2058 0.3224
vn 0.7451 -0.6101 0.2695
f 1331/1331/1331 1332/1332/1332 1333/1333/1333 1334/1334/1334
v 0.0551 0.5078 0.2962
vt 0.1768 0.2740
vn -0.0975 -0.9908 0.0936
v 0.2393 0.4870 0.2330
vt 0.1814 0.2740
vn -0.0667 -0.9943 0.0831
v 0.7903 0.5106 0.9591
vt 0.1947 0.2755
vn -0.0667 -0.9943 0.0831
v 0.0769 0.5915 1.2040
vt 0.1768 0.2755
vn -0.0975 -0.9908 0.0936
f 1335/1335/1335 1336/1336/1336 1337/1337/1337 1338/1338/1338
v 0.8494 0.8192 0.9841
vt 0.1954 0.3324
vn 0.6002 0.2906 0.7452
v 0.1085 0.9031 1.2383
vt 0.1768 0.3324
vn 0.0491 0.3530 0.9343
v 0.0915 0.7258 1.2839
vt 0.1768 0.3266
vn 0.0388 0.2452 0.9687
v 0.8546 0.6393 1.0220
vt 0.1960 0.3266
vn 0.6074 0.1808 0.7736
f 1339/1339/1339 1340/1340/1340 1341/1341/1341 1342/1342/1342
v 0.8546 0.6393 1.0220
vt 0.1960 0.3266
vn 0.4497 -0.5634 0.6931
v 0.0915 0.7258 1.2839
vt 0.1768 0.3266
vn -0.0379 -0.5082 0.8604
v 0.0769 0.5915 1.2040
vt 0.1768 0.3224
vn -0.0379 -0.5082 0.8604
v 0.7903 0.5106 0.9591
vt 0.1947 0.3224
vn 0.4497 -0.5634 0.6931
f 1343/1343/1343 1344/1344/1344 1345/1345/1345 1346/1346/1346
v -0.1314 0.5239 0.2385
vt 0.1722 0.2740
vn -0.1286 -0.9881 0.0840
v 0.0551 0.5078 0.2962
vt 0.1768 0.2740
vn -0.0975 -0.9908 0.0936
v 0.0769 0.5915 1.2040
vt 0.1768 0.2755
vn -0.0975 -0.9908 0.0936
v -0.6453 0.6539 0.9804
vt 0.1589 0.2755
vn -0.1286 -0.9881 0.0840
f 1347/1347/1347 1348/1348/1348 1349/1349/1349 1350/1350/1350
v 0.1085 0.9031 1.2383
vt 0.1768 0.3324
vn 0.0491 0.3530 0.9343
v -0.6415 0.9680 1.0062
vt 0.1582 0.3324
vn -0.5088 0.4013 0.7616
v -0.6810 0.7925 1.0448
vt 0.1576 0.3266
vn -0.5367 0.2949 0.7906
v 0.0915 0.7258 1.2839
vt 0.1768 0.3266
vn 0.0388 0.2452 0.9687
f 1351/1351/1351 1352/1352/1352 1353/1353/1353 1354/1354/1354
v 0.0915 0.7258 1.2839
vt 0.1768 0.3266
vn -0.0379 -0.5082 0.8604
v -0.6810 0.7925 1.0448
vt 0.1576 0.3266
vn -0.5316 -0.4655 0.7076
v -0.6453 0.6539 0.9804
vt 0.1589 0.3224
vn -0.5316 -0.4655 0.7076
v 0.0769 0.5915 1.2040
vt 0.1768 0.3224
vn -0.0379 -0.5082 0.8604
f 1355/1355/1355 1356/1356/1356 1357/1357/1357 1358/1358/1358
v -0.2489 0.5291 0.0819
vt 0.1693 0.2740
vn -0.1482 -0.9873 0.0579
v -0.1314 0.5239 0.2385
vt 0.1722 0.2740
vn -0.1286 -0.9881 0.0840
v -0.6453 0.6539 0.9804
vt 0.1589 0.2755
vn -0.1286 -0.9881 0.0840
v -1.1005 0.6741 0.3738
vt 0.1478 0.2755
vn -0.1482 -0.9873 0.0579
f 1359/1359/1359 1360/1360/1360 1361/1361/1361 1362/1362/1362
v -0.6415 0.9680 1.0062
vt 0.1582 0.3324
vn -0.5088 0.4013 0.7616
v -1.1141 0.9889 0.3763
vt 0.1467 0.3324
vn -0.8604 0.4169 0.2931
v -1.1678 0.8141 0.3960
vt 0.1458 0.3266
vn -0.8994 0.3110 0.3072
v -0.6810 0.7925 1.0448
vt 0.1576 0.3266
vn -0.5367 0.2949 0.7906
f 1363/1363/1363 1364/1364/1364 1365/1365/1365 1366/1366/1366
v -0.6810 0.7925 1.0448
vt 0.1576 0.3266
vn -0.5316 -0.4655 0.7076
v -1.1678 0.8141 0.3960
vt 0.1458 0.3266
vn -0.8427 -0.4517 0.2930
v -1.1005 0.6741 0.3738
vt 0.1478 0.3224
vn -0.8427 -0.4517 0.2930
v -0.6453 0.6539 0.9804
vt 0.1589 0.3224
vn -0.5316 -0.4655 0.7076
f 1367/1367/1367 1368/1368/1368 1369/1369/1369 1370/1370/1370
v -0.2525 0.5215 -0.1137
vt 0.1693 0.2740
vn -0.1488 -0.9885 0.0252
v -0.2489 0.5291 0.0819
vt 0.1693 0.2740
vn -0.1482 -0.9873 0.0579
v -1.1005 0.6741 0.3738
vt 0.1478 0.2755
vn -0.1482 -0.9873 0.0579
v -1.1147 0.6443 -0.3840
vt 0.1478 0.2755
vn -0.1488 -0.9885 0.0252
f 1371/1371/1371 1372/1372/1372 1373/1373/1373 1374/1374/1374
v -1.1141 0.9889 0.3763
vt 0.1467 0.3324
vn -0.8604 0.4169 0.2931
v -1.1289 0.9580 -0.4107
vt 0.1467 0.3324
vn -0.8714 0.3939 -0.2924
v -1.1830 0.7823 -0.4146
vt 0.1458 0.3266
vn -0.9107 0.2873 -0.2967
v -1.1678 0.8141 0.3960
vt 0.1458 0.3266
vn -0.8994 0.3110 0.3072
f 1375/1375/1375 1376/1376/1376 1377/1377/1377 1378/1378/1378
v -1.1678 0.8141 0.3960
vt 0.1458 0.3266
vn -0.8427 -0.4517 0.2930
v -1.1830 0.7823 -0.4146
vt 0.1458 0.3266
vn -0.8524 -0.4720 -0.2250
v -1.1147 0.6443 -0.3840
vt 0.1478 0.3224
vn -0.8524 -0.4720 -0.2250
v -1.1005 0.6741 0.3738
vt 0.1478 0.3224
vn -0.8427 -0.4517 0.2930
f 1379/1379/1379 1380/1380/1380 1381/1381/1381 1382/1382/1382
v -0.1410 0.5038 -0.2737
vt 0.1722 0.2740
vn -0.1302 -0.9915 -0.0015
v -0.2525 0.5215 -0.1137
vt 0.1693 0.2740
vn -0.1488 -0.9885 0.0252
v -1.1147 0.6443 -0.3840
vt 0.1478 0.2755
vn -0.1488 -0.9885 0.0252
v -0.6825 0.5760 -1.0038
vt 0.1589 0.2755
vn -0.1302 -0.9915 -0.0015
f 1383/1383/1383 1384/1384/1384 1385/1385/1385 1386/1386/1386
v -1.1289 0.9580 -0.4107
vt 0.1467 0.3324
vn -0.8714 0.3939 -0.2924
v -0.6801 0.8871 -1.0542
vt 0.1582 0.3324
vn -0.5376 0.3411 -0.7711
v -0.7208 0.7092 -1.0775
vt 0.1576 0.3266
vn -0.5663 0.2329 -0.7906
v -1.1830 0.7823 -0.4146
vt 0.1458 0.3266
vn -0.9107 0.2873 -0.2967
f 1387/1387/1387 1388/1388/1388 1389/1389/1389 1390/1390/1390
v -1.1830 0.7823 -0.4146
vt 0.1458 0.3266
vn -0.8524 -0.4720 -0.2250
v -0.7208 0.7092 -1.0775
vt 0.1576 0.3266
vn -0.5570 -0.5187 -0.6486
v -0.6825 0.5760 -1.0038
vt 0.1589 0.3224
vn -0.5570 -0.5187 -0.6486
v -1.1147 0.6443 -0.3840
vt 0.1478 0.3224
vn -0.8524 -0.4720 -0.2250
f 1391/1391/1391 1392/1392/1392 1393/1393/1393 1394/1394/1394
v 0.0432 0.4830 -0.3369
vt 0.1768 0.2740
vn -0.0994 -0.9950 -0.0120
v -0.1410 0.5038 -0.2737
vt 0.1722 0.2740
vn -0.1302 -0.9915 -0.0015
v -0.6825 0.5760 -1.0038
vt 0.1589 0.2755
vn -0.1302 -0.9915 -0.0015
v 0.0309 0.4952 -1.2486
vt 0.1768 0.2755
vn -0.0994 -0.9950 -0.0120
f 1395/1395/1395 1396/1396/1396 1397/1397/1397 1398/1398/1398
v -0.6801 0.8871 -1.0542
vt 0.1582 0.3324
vn -0.5376 0.3411 -0.7711
v 0.0608 0.8032 -1.3085
vt 0.1768 0.3324
vn 0.0136 0.2787 -0.9603
v 0.0423 0.6228 -1.3394
vt 0.1768 0.3266
vn 0.0022 0.1685 -0.9857
v -0.7208 0.7092 -1.0775
vt 0.1576 0.3266
vn -0.5663 0.2329 -0.7906
f 1399/1399/1399 1400/1400/1400 1401/1401/1401 1402/1402/1402
v -0.7208 0.7092 -1.0775
vt 0.1576 0.3266
vn -0.5570 -0.5187 -0.6486
v 0.0423 0.6228 -1.3394
vt 0.1768 0.3266
vn -0.0694 -0.5740 -0.8159
v 0.0309 0.4952 -1.2486
vt 0.1768 0.3224
vn -0.0694 -0.5740 -0.8159
v -0.6825 0.5760 -1.0038
vt 0.1589 0.3224
vn -0.5570 -0.5187 -0.6486
f 1403/1403/1403 1404/1404/1404 1405/1405/1405 1406/1406/1406
v -1.9539 0.4050 -1.3115
vt 0.1814 0.2740
vn 0.1298 -0.9898 -0.0592
v -2.1005 0.3908 -1.3536
vt 0.1768 0.2740
vn 0.0985 -0.9928 -0.0682
v -2.1308 0.4367 -2.0651
vt 0.1768 0.2755
vn 0.0985 -0.9928 -0.0682
v -1.5626 0.4916 -1.9020
vt 0.1947 0.2755
vn 0.1298 -0.9898 -0.0592
f 1407/1407/1407 1408/1408/1408 1409/1409/1409 1410/1410/1410
v 0.0432 0.4830 -0.3369
vt 0.7845 0.8513
vn -0.0129 0.0198 -0.9997
v 0.2297 0.4669 -0.2792
vt 0.7891 0.8513
vn 0.5745 -0.0310 -0.8179
v 0.1974 -0.0312 -0.2830
vt 0.7895 0.8354
vn 0.5745 -0.0310 -0.8179
v -0.0065 -0.0136 -0.3461
vt 0.7845 0.8354
vn -0.0129 0.0198 -0.9997
f 1411/1411/1411 1412/1412/1412 1413/1413/1413 1414/1414/1414
v 0.0608 0.8032 -1.3085
vt 0.1768 0.3324
vn 0.0136 0.2787 -0.9603
v 0.1952 2.0678 -0.7542
vt 0.1768 0.3722
vn 0.0262 0.3990 -0.9166
v 0.5886 2.0338 -0.6324
vt 0.1866 0.3722
vn 0.5555 0.3532 -0.7527
v 0.8107 0.7384 -1.0763
vt 0.1954 0.3324
vn 0.5715 0.2304 -0.7876
f 1415/1415/1415 1416/1416/1416 1417/1417/1417 1418/1418/1418
v 1.2834 0.7174 -0.4465
vt 0.2069 0.3324
vn 0.9231 0.2148 -0.3190
v 0.8366 2.0228 -0.3019
vt 0.1926 0.3722
vn 0.8891 0.3384 -0.3082
v 0.8443 2.0390 0.1110
vt 0.1926 0.3722
vn 0.8995 0.3602 0.2472
v 1.2981 0.7483 0.3405
vt 0.2069 0.3324
vn 0.9341 0.2378 0.2664
f 1419/1419/1419 1420/1420/1420 1421/1421/1421 1422/1422/1422
v -0.6801 0.8871 -1.0542
vt 0.1582 0.3324
vn -0.5376 0.3411 -0.7711
v -0.1935 2.1119 -0.6208
vt 0.1670 0.3722
vn -0.4967 0.4582 -0.7371
v 0.1952 2.0678 -0.7542
vt 0.1768 0.3722
vn 0.0262 0.3990 -0.9166
v 0.0608 0.8032 -1.3085
vt 0.1768 0.3324
vn 0.0136 0.2787 -0.9603
f 1423/1423/1423 1424/1424/1424 1425/1425/1425 1426/1426/1426
v -1.1289 0.9580 -0.4107
vt 0.1467 0.3324
vn -0.8714 0.3939 -0.2924
v -0.4289 2.1491 -0.2831
vt 0.1610 0.3722
vn -0.8134 0.5083 -0.2829
v -0.1935 2.1119 -0.6208
vt 0.1670 0.3722
vn -0.4967 0.4582 -0.7371
v -0.6801 0.8871 -1.0542
vt 0.1582 0.3324
vn -0.5376 0.3411 -0.7711
f 1427/1427/1427 1428/1428/1428 1429/1429/1429 1430/1430/1430
v -1.1141 0.9889 0.3763
vt 0.1467 0.3324
vn -0.8604 0.4169 0.2931
v -0.4212 2.1653 0.1298
vt 0.1610 0.3722
vn -0.8030 0.5301 0.2725
v -0.4289 2.1491 -0.2831
vt 0.1610 0.3722
vn -0.8134 0.5083 -0.2829
v -1.1289 0.9580 -0.4107
vt 0.1467 0.3324
vn -0.8714 0.3939 -0.2924
f 1431/1431/1431 1432/1432/1432 1433/1433/1433 1434/1434/1434
v -0.6415 0.9680 1.0062
vt 0.1582 0.3324
vn -0.5088 0.4013 0.7616
v -0.1732 2.1543 0.4602
vt 0.1670 0.3722
vn -0.4694 0.5153 0.7170
v -0.4212 2.1653 0.1298
vt 0.1610 0.3722
vn -0.8030 0.5301 0.2725
v -1.1141 0.9889 0.3763
vt 0.1467 0.3324
vn -0.8604 0.4169 0.2931
f 1435/1435/1435 1436/1436/1436 1437/1437/1437 1438/1438/1438
v 0.1085 0.9031 1.2383
vt 0.1768 0.3324
vn 0.0491 0.3530 0.9343
v 0.2202 2.1203 0.5820
vt 0.1768 0.3722
vn 0.0599 0.4695 0.8809
v -0.1732 2.1543 0.4602
vt 0.1670 0.3722
vn -0.4694 0.5153 0.7170
v -0.6415 0.9680 1.0062
vt 0.1582 0.3324
vn -0.5088 0.4013 0.7616
f 1439/1439/1439 1440/1440/1440 1441/1441/1441 1442/1442/1442
v 0.8494 0.8192 0.9841
vt 0.1954 0.3324
vn 0.6002 0.2906 0.7452
v 0.6089 2.0762 0.4486
vt 0.1866 0.3722
vn 0.5828 0.4103 0.7014
v 0.2202 2.1203 0.5820
vt 0.1768 0.3722
vn 0.0599 0.4695 0.8809
v 0.1085 0.9031 1.2383
vt 0.1768 0.3324
vn 0.0491 0.3530 0.9343
f 1443/1443/1443 1444/1444/1444 1445/1445/1445 1446/1446/1446
v 1.2981 0.7483 0.3405
vt 0.2069 0.3324
vn 0.9341 0.2378 0.2664
v 0.8443 2.0390 0.1110
vt 0.1926 0.3722
vn 0.8995 0.3602 0.2472
v 0.6089 2.0762 0.4486
vt 0.1866 0.3722
vn 0.5828 0.4103 0.7014
v 0.8494 0.8192 0.9841
vt 0.1954 0.3324
vn 0.6002 0.2906 0.7452
f 1447/1447/1447 1448/1448/1448 1449/1449/1449 1450/1450/1450
v 0.8107 0.7384 -1.0763
vt 0.1954 0.3324
vn 0.5715 0.2304 -0.7876
v 0.5886 2.0338 -0.6324
vt 0.1866 0.3722
vn 0.5555 0.3532 -0.7527
v 0.8366 2.0228 -0.3019
vt 0.1926 0.3722
vn 0.8891 0.3384 -0.3082
v 1.2834 0.7174 -0.4465
vt 0.2069 0.3324
vn 0.9231 0.2148 -0.3190
f 1451/1451/1451 1452/1452/1452 1453/1453/1453 1454/1454/1454
v 0.8107 2.2757 -0.9233
vt 0.1916 0.3809
vn 0.5716 0.2285 -0.7880
v 0.5413 3.8736 -0.3822
vt 0.1808 0.4769
vn 0.5190 0.5110 -0.6852
v 0.6420 3.8691 -0.2479
vt 0.1832 0.4769
vn 0.8191 0.4977 -0.2852
v 1.1856 2.2591 -0.4236
vt 0.2007 0.3809
vn 0.9235 0.2129 -0.3192
f 1455/1455/1455 1456/1456/1456 1457/1457/1457 1458/1458/1458
v 1.1973 2.2836 0.2007
vt 0.2007 0.3809
vn 0.9345 0.2359 0.2667
v 0.6452 3.8757 -0.0802
vt 0.1832 0.4769
vn 0.8285 0.5173 0.2145
v 0.5495 3.8908 0.0570
vt 0.1808 0.4769
vn 0.5435 0.5624 0.6232
v 0.8414 2.3399 0.7112
vt 0.1916 0.3809
vn 0.6004 0.2887 0.7458
f 1459/1459/1459 1460/1460/1460 1461/1461/1461 1462/1462/1462
v 0.8414 2.3399 0.7112
vt 0.1916 0.3809
vn 0.6004 0.2887 0.7458
v 0.5495 3.8908 0.0570
vt 0.1808 0.4769
vn 0.5435 0.5624 0.6232
v 0.3917 3.9087 0.1111
vt 0.1768 0.4769
vn 0.0731 0.6157 0.7846
v 0.2537 2.4065 0.9128
vt 0.1768 0.3809
vn 0.0489 0.3512 0.9350
f 1463/1463/1463 1464/1464/1464 1465/1465/1465 1466/1466/1466
v 0.2537 2.4065 0.9128
vt 0.1768 0.3809
vn 0.0489 0.3512 0.9350
v 0.3917 3.9087 0.1111
vt 0.1768 0.4769
vn 0.0731 0.6157 0.7846
v 0.2318 3.9225 0.0617
vt 0.1728 0.4769
vn -0.4032 0.6568 0.6372
v -0.3413 2.4579 0.7287
vt 0.1620 0.3809
vn -0.5094 0.3994 0.7622
f 1467/1467/1467 1468/1468/1468 1469/1469/1469 1470/1470/1470
v -0.3413 2.4579 0.7287
vt 0.1620 0.3809
vn -0.5094 0.3994 0.7622
v 0.2318 3.9225 0.0617
vt 0.1728 0.4769
vn -0.4032 0.6568 0.6372
v 0.1311 3.9270 -0.0726
vt 0.1704 0.4769
vn -0.7033 0.6702 0.2372
v -0.7162 2.4745 0.2291
vt 0.1529 0.3809
vn -0.8612 0.4151 0.2933
f 1471/1471/1471 1472/1472/1472 1473/1473/1473 1474/1474/1474
v -0.7162 2.4745 0.2291
vt 0.1529 0.3809
vn -0.8612 0.4151 0.2933
v 0.1311 3.9270 -0.0726
vt 0.1704 0.4769
vn -0.7033 0.6702 0.2372
v 0.1279 3.9204 -0.2403
vt 0.1704 0.4769
vn -0.7127 0.6505 -0.2625
v -0.7279 2.4500 -0.3952
vt 0.1529 0.3809
vn -0.8722 0.3921 -0.2925
f 1475/1475/1475 1476/1476/1476 1477/1477/1477 1478/1478/1478
v -0.7279 2.4500 -0.3952
vt 0.1529 0.3809
vn -0.8722 0.3921 -0.2925
v 0.1279 3.9204 -0.2403
vt 0.1704 0.4769
vn -0.7127 0.6505 -0.2625
v 0.2236 3.9053 -0.3774
vt 0.1728 0.4769
vn -0.4277 0.6055 -0.6712
v -0.3719 2.3937 -0.9057
vt 0.1620 0.3809
vn -0.5381 0.3392 -0.7716
f 1479/1479/1479 1480/1480/1480 1481/1481/1481 1482/1482/1482
v -0.3719 2.3937 -0.9057
vt 0.1620 0.3809
vn -0.5381 0.3392 -0.7716
v 0.2236 3.9053 -0.3774
vt 0.1728 0.4769
vn -0.4277 0.6055 -0.6712
v 0.3815 3.8874 -0.4316
vt 0.1768 0.4769
vn 0.0427 0.5522 -0.8326
v 0.2158 2.3272 -1.1074
vt 0.1768 0.3809
vn 0.0134 0.2768 -0.9608
f 1483/1483/1483 1484/1484/1484 1485/1485/1485 1486/1486/1486
v 1.1856 2.2591 -0.4236
vt 0.2007 0.3809
vn 0.9235 0.2129 -0.3192
v 0.6420 3.8691 -0.2479
vt 0.1832 0.4769
vn 0.8191 0.4977 -0.2852
v 0.6452 3.8757 -0.0802
vt 0.1832 0.4769
vn 0.8285 0.5173 0.2145
v 1.1973 2.2836 0.2007
vt 0.2007 0.3809
vn 0.9345 0.2359 0.2667
f 1487/1487/1487 1488/1488/1488 1489/1489/1489 1490/1490/1490
v 0.2158 2.3272 -1.1074
vt 0.1768 0.3809
vn 0.0134 0.2768 -0.9608
v 0.8107 2.2757 -0.9233
vt 0.1916 0.3809
vn 0.5716 0.2285 -0.7880
v 0.8139 2.1311 -0.9422
vt 0.1920 0.3764
vn 0.5777 0.1187 -0.8076
v 0.2011 2.1841 -1.1319
vt 0.1768 0.3764
vn 0.0022 0.1685 -0.9857
f 1491/1491/1491 1492/1492/1492 1493/1493/1493 1494/1494/1494
v 0.2011 2.1841 -1.1319
vt 0.1768 0.3764
vn -0.0694 -0.5740 -0.8159
v 0.8139 2.1311 -0.9422
vt 0.1920 0.3764
vn 0.4243 -0.6166 -0.6631
v 0.7650 2.0333 -0.8826
vt 0.1910 0.3730
vn 0.4243 -0.6166 -0.6631
v 0.1921 2.0829 -1.0599
vt 0.1768 0.3730
vn -0.0694 -0.5740 -0.8159
f 1495/1495/1495 1496/1496/1496 1497/1497/1497 1498/1498/1498
v 1.1261 2.0173 -0.4015
vt 0.1998 0.3262
vn -0.0148 -0.9998 0.0121
v 0.8366 2.0228 -0.3019
vt 0.1926 0.3253
vn -0.0148 -0.9998 0.0121
v 0.5886 2.0338 -0.6324
vt 0.1866 0.3253
vn -0.0477 -0.9984 -0.0317
v 0.7650 2.0333 -0.8826
vt 0.1910 0.3262
vn -0.0477 -0.9984 -0.0317
f 1499/1499/1499 1500/1500/1500 1501/1501/1501 1502/1502/1502
v 0.8107 2.2757 -0.9233
vt 0.1916 0.3809
vn 0.5716 0.2285 -0.7880
v 1.1856 2.2591 -0.4236
vt 0.2007 0.3809
vn 0.9235 0.2129 -0.3192
v 1.2001 2.1140 -0.4276
vt 0.2014 0.3764
vn 0.9404 0.1026 -0.3242
v 0.8139 2.1311 -0.9422
vt 0.1920 0.3764
vn 0.5777 0.1187 -0.8076
f 1503/1503/1503 1504/1504/1504 1505/1505/1505 1506/1506/1506
v 0.8139 2.1311 -0.9422
vt 0.1920 0.3764
vn 0.4243 -0.6166 -0.6631
v 1.2001 2.1140 -0.4276
vt 0.2014 0.3764
vn 0.7354 -0.6304 -0.2485
v 1.1261 2.0173 -0.4015
vt 0.1998 0.3730
vn 0.7354 -0.6304 -0.2485
v 0.7650 2.0333 -0.8826
vt 0.1910 0.3730
vn 0.4243 -0.6166 -0.6631
f 1507/1507/1507 1508/1508/1508 1509/1509/1509 1510/1510/1510
v 1.1373 2.0409 0.1997
vt 0.1998 0.3262
vn -0.0138 -0.9977 0.0668
v 0.8443 2.0390 0.1110
vt 0.1926 0.3253
vn -0.0138 -0.9977 0.0668
v 0.8366 2.0228 -0.3019
vt 0.1926 0.3253
vn -0.0148 -0.9998 0.0121
v 1.1261 2.0173 -0.4015
vt 0.1998 0.3262
vn -0.0148 -0.9998 0.0121
f 1511/1511/1511 1512/1512/1512 1513/1513/1513 1514/1514/1514
v 1.1856 2.2591 -0.4236
vt 0.2007 0.3809
vn 0.9235 0.2129 -0.3192
v 1.1973 2.2836 0.2007
vt 0.2007 0.3809
vn 0.9345 0.2359 0.2667
v 1.2121 2.1392 0.2154
vt 0.2014 0.3764
vn 0.9517 0.1263 0.2797
v 1.2001 2.1140 -0.4276
vt 0.2014 0.3764
vn 0.9404 0.1026 -0.3242
f 1515/1515/1515 1516/1516/1516 1517/1517/1517 1518/1518/1518
v 1.2001 2.1140 -0.4276
vt 0.2014 0.3764
vn 0.7354 -0.6304 -0.2485
v 1.2121 2.1392 0.2154
vt 0.2014 0.3764
vn 0.7451 -0.6101 0.2695
v 1.1373 2.0409 0.1997
vt 0.1998 0.3730
vn 0.7451 -0.6101 0.2695
v 1.1261 2.0173 -0.4015
vt 0.1998 0.3730
vn 0.7354 -0.6304 -0.2485
f 1519/1519/1519 1520/1520/1520 1521/1521/1521 1522/1522/1522
v 0.7945 2.0951 0.6913
vt 0.1910 0.3262
vn -0.0450 -0.9927 0.1116
v 0.6089 2.0762 0.4486
vt 0.1866 0.3253
vn -0.0450 -0.9927 0.1116
v 0.8443 2.0390 0.1110
vt 0.1926 0.3253
vn -0.0138 -0.9977 0.0668
v 1.1373 2.0409 0.1997
vt 0.1998 0.3262
vn -0.0138 -0.9977 0.0668
f 1523/1523/1523 1524/1524/1524 1525/1525/1525 1526/1526/1526
v 1.1973 2.2836 0.2007
vt 0.2007 0.3809
vn 0.9345 0.2359 0.2667
v 0.8414 2.3399 0.7112
vt 0.1916 0.3809
vn 0.6004 0.2887 0.7458
v 0.8455 2.1972 0.7413
vt 0.1920 0.3764
vn 0.6074 0.1808 0.7736
v 1.2121 2.1392 0.2154
vt 0.2014 0.3764
vn 0.9517 0.1263 0.2797
f 1527/1527/1527 1528/1528/1528 1529/1529/1529 1530/1530/1530
v 1.2121 2.1392 0.2154
vt 0.2014 0.3764
vn 0.7451 -0.6101 0.2695
v 0.8455 2.1972 0.7413
vt 0.1920 0.3764
vn 0.4497 -0.5634 0.6931
v 0.7945 2.0951 0.6913
vt 0.1910 0.3730
vn 0.4497 -0.5634 0.6931
v 1.1373 2.0409 0.1997
vt 0.1998 0.3730
vn 0.7451 -0.6101 0.2695
f 1531/1531/1531 1532/1532/1532 1533/1533/1533 1534/1534/1534
v 0.2286 2.1592 0.8856
vt 0.1768 0.3262
vn -0.0965 -0.9869 0.1293
v 0.2202 2.1203 0.5820
vt 0.1768 0.3253
vn -0.0965 -0.9869 0.1293
v 0.6089 2.0762 0.4486
vt 0.1866 0.3253
vn -0.0450 -0.9927 0.1116
v 0.7945 2.0951 0.6913
vt 0.1910 0.3262
vn -0.0450 -0.9927 0.1116
f 1535/1535/1535 1536/1536/1536 1537/1537/1537 1538/1538/1538
v 0.8414 2.3399 0.7112
vt 0.1916 0.3809
vn 0.6004 0.2887 0.7458
v 0.2537 2.4065 0.9128
vt 0.1768 0.3809
vn 0.0489 0.3512 0.9350
v 0.2402 2.2658 0.9490
vt 0.1768 0.3764
vn 0.0388 0.2452 0.9687
v 0.8455 2.1972 0.7413
vt 0.1920 0.3764
vn 0.6074 0.1808 0.7736
f 1539/1539/1539 1540/1540/1540 1541/1541/1541 1542/1542/1542
v 0.8455 2.1972 0.7413
vt 0.1920 0.3764
vn 0.4497 -0.5634 0.6931
v 0.2402 2.2658 0.9490
vt 0.1768 0.3764
vn -0.0379 -0.5082 0.8604
v 0.2286 2.1592 0.8856
vt 0.1768 0.3730
vn -0.0379 -0.5082 0.8604
v 0.7945 2.0951 0.6913
vt 0.1910 0.3730
vn 0.4497 -0.5634 0.6931
f 1543/1543/1543 1544/1544/1544 1545/1545/1545 1546/1546/1546
v -0.3443 2.2087 0.7082
vt 0.1626 0.3262
vn -0.1487 -0.9824 0.1131
v -0.1732 2.1543 0.4602
vt 0.1670 0.3253
vn -0.1487 -0.9824 0.1131
v 0.2202 2.1203 0.5820
vt 0.1768 0.3253
vn -0.0965 -0.9869 0.1293
v 0.2286 2.1592 0.8856
vt 0.1768 0.3262
vn -0.0965 -0.9869 0.1293
f 1547/1547/1547 1548/1548/1548 1549/1549/1549 1550/1550/1550
v 0.2537 2.4065 0.9128
vt 0.1768 0.3809
vn 0.0489 0.3512 0.9350
v -0.3413 2.4579 0.7287
vt 0.1620 0.3809
vn -0.5094 0.3994 0.7622
v -0.3726 2.3187 0.7593
vt 0.1616 0.3764
vn -0.5367 0.2949 0.7906
v 0.2402 2.2658 0.9490
vt 0.1768 0.3764
vn 0.0388 0.2452 0.9687
f 1551/1551/1551 1552/1552/1552 1553/1553/1553 1554/1554/1554
v 0.2402 2.2658 0.9490
vt 0.1768 0.3764
vn -0.0379 -0.5082 0.8604
v -0.3726 2.3187 0.7593
vt 0.1616 0.3764
vn -0.5316 -0.4655 0.7076
v -0.3443 2.2087 0.7082
vt 0.1626 0.3730
vn -0.5316 -0.4655 0.7076
v 0.2286 2.1592 0.8856
vt 0.1768 0.3730
vn -0.0379 -0.5082 0.8604
f 1555/1555/1555 1556/1556/1556 1557/1557/1557 1558/1558/1558
v -0.7054 2.2248 0.2271
vt 0.1538 0.3262
vn -0.1816 -0.9809 0.0693
v -0.4212 2.1653 0.1298
vt 0.1610 0.3253
vn -0.1816 -0.9809 0.0693
v -0.1732 2.1543 0.4602
vt 0.1670 0.3253
vn -0.1487 -0.9824 0.1131
v -0.3443 2.2087 0.7082
vt 0.1626 0.3262
vn -0.1487 -0.9824 0.1131
f 1559/1559/1559 1560/1560/1560 1561/1561/1561 1562/1562/1562
v -0.3413 2.4579 0.7287
vt 0.1620 0.3809
vn -0.5094 0.3994 0.7622
v -0.7162 2.4745 0.2291
vt 0.1529 0.3809
vn -0.8612 0.4151 0.2933
v -0.7588 2.3359 0.2447
vt 0.1522 0.3764
vn -0.8994 0.3110 0.3072
v -0.3726 2.3187 0.7593
vt 0.1616 0.3764
vn -0.5367 0.2949 0.7906
f 1563/1563/1563 1564/1564/1564 1565/1565/1565 1566/1566/1566
v -0.3726 2.3187 0.7593
vt 0.1616 0.3764
vn -0.5316 -0.4655 0.7076
v -0.7588 2.3359 0.2447
vt 0.1522 0.3764
vn -0.8427 -0.4517 0.2930
v -0.7054 2.2248 0.2271
vt 0.1538 0.3730
vn -0.8427 -0.4517 0.2930
v -0.3443 2.2087 0.7082
vt 0.1626 0.3730
vn -0.5316 -0.4655 0.7076
f 1567/1567/1567 1568/1568/1568 1569/1569/1569 1570/1570/1570
v -0.7166 2.2012 -0.3741
vt 0.1538 0.3262
vn -0.1826 -0.9831 0.0146
v -0.4289 2.1491 -0.2831
vt 0.1610 0.3253
vn -0.1826 -0.9831 0.0146
v -0.4212 2.1653 0.1298
vt 0.1610 0.3253
vn -0.1816 -0.9809 0.0693
v -0.7054 2.2248 0.2271
vt 0.1538 0.3262
vn -0.1816 -0.9809 0.0693
f 1571/1571/1571 1572/1572/1572 1573/1573/1573 1574/1574/1574
v -0.7162 2.4745 0.2291
vt 0.1529 0.3809
vn -0.8612 0.4151 0.2933
v -0.7279 2.4500 -0.3952
vt 0.1529 0.3809
vn -0.8722 0.3921 -0.2925
v -0.7708 2.3106 -0.3984
vt 0.1522 0.3764
vn -0.9107 0.2873 -0.2967
v -0.7588 2.3359 0.2447
vt 0.1522 0.3764
vn -0.8994 0.3110 0.3072
f 1575/1575/1575 1576/1576/1576 1577/1577/1577 1578/1578/1578
v -0.7588 2.3359 0.2447
vt 0.1522 0.3764
vn -0.8427 -0.4517 0.2930
v -0.7708 2.3106 -0.3984
vt 0.1522 0.3764
vn -0.8524 -0.4720 -0.2250
v -0.7166 2.2012 -0.3741
vt 0.1538 0.3730
vn -0.8524 -0.4720 -0.2250
v -0.7054 2.2248 0.2271
vt 0.1538 0.3730
vn -0.8427 -0.4517 0.2930
f 1579/1579/1579 1580/1580/1580 1581/1581/1581 1582/1582/1582
v -0.3738 2.1470 -0.8657
vt 0.1626 0.3262
vn -0.1514 -0.9880 -0.0302
v -0.1935 2.1119 -0.6208
vt 0.1670 0.3253
vn -0.1514 -0.9880 -0.0302
v -0.4289 2.1491 -0.2831
vt 0.1610 0.3253
vn -0.1826 -0.9831 0.0146
v -0.7166 2.2012 -0.3741
vt 0.1538 0.3262
vn -0.1826 -0.9831 0.0146
f 1583/1583/1583 1584/1584/1584 1585/1585/1585 1586/1586/1586
v -0.7279 2.4500 -0.3952
vt 0.1529 0.3809
vn -0.8722 0.3921 -0.2925
v -0.3719 2.3937 -0.9057
vt 0.1620 0.3809
vn -0.5381 0.3392 -0.7716
v -0.4042 2.2526 -0.9242
vt 0.1616 0.3764
vn -0.5663 0.2329 -0.7906
v -0.7708 2.3106 -0.3984
vt 0.1522 0.3764
vn -0.9107 0.2873 -0.2967
f 1587/1587/1587 1588/1588/1588 1589/1589/1589 1590/1590/1590
v -0.7708 2.3106 -0.3984
vt 0.1522 0.3764
vn -0.8524 -0.4720 -0.2250
v -0.4042 2.2526 -0.9242
vt 0.1616 0.3764
vn -0.5570 -0.5187 -0.6486
v -0.3738 2.1470 -0.8657
vt 0.1626 0.3730
vn -0.5570 -0.5187 -0.6486
v -0.7166 2.2012 -0.3741
vt 0.1538 0.3730
vn -0.8524 -0.4720 -0.2250
f 1591/1591/1591 1592/1592/1592 1593/1593/1593 1594/1594/1594
v 0.1921 2.0829 -1.0599
vt 0.1768 0.3262
vn -0.0999 -0.9938 -0.0479
v 0.1952 2.0678 -0.7542
vt 0.1768 0.3253
vn -0.0999 -0.9938 -0.0479
v -0.1935 2.1119 -0.6208
vt 0.1670 0.3253
vn -0.1514 -0.9880 -0.0302
v -0.3738 2.1470 -0.8657
vt 0.1626 0.3262
vn -0.1514 -0.9880 -0.0302
f 1595/1595/1595 1596/1596/1596 1597/1597/1597 1598/1598/1598
v -0.3719 2.3937 -0.9057
vt 0.1620 0.3809
vn -0.5381 0.3392 -0.7716
v 0.2158 2.3272 -1.1074
vt 0.1768 0.3809
vn 0.0134 0.2768 -0.9608
v 0.2011 2.1841 -1.1319
vt 0.1768 0.3764
vn 0.0022 0.1685 -0.9857
v -0.4042 2.2526 -0.9242
vt 0.1616 0.3764
vn -0.5663 0.2329 -0.7906
f 1599/1599/1599 1600/1600/1600 1601/1601/1601 1602/1602/1602
v -0.4042 2.2526 -0.9242
vt 0.1616 0.3764
vn -0.5570 -0.5187 -0.6486
v 0.2011 2.1841 -1.1319
vt 0.1768 0.3764
vn -0.0694 -0.5740 -0.8159
v 0.1921 2.0829 -1.0599
vt 0.1768 0.3730
vn -0.0694 -0.5740 -0.8159
v -0.3738 2.1470 -0.8657
vt 0.1626 0.3730
vn -0.5570 -0.5187 -0.6486
f 1603/1603/1603 1604/1604/1604 1605/1605/1605 1606/1606/1606
v -1.7977 1.7133 -1.7181
vt 0.1910 0.3262
vn 0.1494 -0.9848 -0.0889
v -1.9278 1.6757 -1.5205
vt 0.1866 0.3253
vn 0.1494 -0.9848 -0.0889
v -2.2374 1.6457 -1.6094
vt 0.1768 0.3253
vn 0.0969 -0.9898 -0.1039
v -2.2484 1.6697 -1.8475
vt 0.1768 0.3262
vn 0.0969 -0.9898 -0.1039
f 1607/1607/1607 1608/1608/1608 1609/1609/1609 1610/1610/1610
v 0.5413 3.8736 -0.3822
vt 0.1808 0.4769
vn 0.5190 0.5110 -0.6852
v 0.4756 4.0035 -0.2761
vt 0.1788 0.4807
vn 0.3485 0.8426 -0.4105
v 0.5260 4.0012 -0.2089
vt 0.1800 0.4807
vn 0.5184 0.8351 -0.1841
v 0.6420 3.8691 -0.2479
vt 0.1832 0.4769
vn 0.8191 0.4977 -0.2852
f 1611/1611/1611 1612/1612/1612 1613/1613/1613 1614/1614/1614
v 0.4756 4.0035 -0.2761
vt 0.1788 0.4807
vn 0.3485 0.8426 -0.4105
v 0.3957 4.0104 -0.3008
vt 0.1768 0.4807
vn 0.0791 0.8659 -0.4939
v 0.4000 4.0339 -0.1658
vt 0.1768 0.4813
vn 0.0986 0.9943 -0.0409
f 1615/1615/1615 1616/1616/1616 1617/1617/1617
v 0.6420 3.8691 -0.2479
vt 0.1832 0.4769
vn 0.8191 0.4977 -0.2852
v 0.5260 4.0012 -0.2089
vt 0.1800 0.4807
vn 0.5184 0.8351 -0.1841
v 0.5276 4.0045 -0.1250
vt 0.1800 0.4807
vn 0.5237 0.8462 0.0986
v 0.6452 3.8757 -0.0802
vt 0.1832 0.4769
vn 0.8285 0.5173 0.2145
f 1618/1618/1618 1619/1619/1619 1620/1620/1620 1621/1621/1621
v 0.5260 4.0012 -0.2089
vt 0.1800 0.4807
vn 0.5184 0.8351 -0.1841
v 0.4756 4.0035 -0.2761
vt 0.1788 0.4807
vn 0.3485 0.8426 -0.4105
v 0.4000 4.0339 -0.1658
vt 0.1768 0.4813
vn 0.0986 0.9943 -0.0409
f 1622/1622/1622 1623/1623/1623 1624/1624/1624
v 0.6452 3.8757 -0.0802
vt 0.1832 0.4769
vn 0.8285 0.5173 0.2145
v 0.5276 4.0045 -0.1250
vt 0.1800 0.4807
vn 0.5237 0.8462 0.0986
v 0.4797 4.0121 -0.0565
vt 0.1788 0.4807
vn 0.3624 0.8717 0.3298
v 0.5495 3.8908 0.0570
vt 0.1808 0.4769
vn 0.5435 0.5624 0.6232
f 1625/1625/1625 1626/1626/1626 1627/1627/1627 1628/1628/1628
v 0.5276 4.0045 -0.1250
vt 0.1800 0.4807
vn 0.5237 0.8462 0.0986
v 0.5260 4.0012 -0.2089
vt 0.1800 0.4807
vn 0.5184 0.8351 -0.1841
v 0.4000 4.0339 -0.1658
vt 0.1768 0.4813
vn 0.0986 0.9943 -0.0409
f 1629/1629/1629 1630/1630/1630 1631/1631/1631
v 0.5495 3.8908 0.0570
vt 0.1808 0.4769
vn 0.5435 0.5624 0.6232
v 0.4797 4.0121 -0.0565
vt 0.1788 0.4807
vn 0.3624 0.8717 0.3298
v 0.4008 4.0210 -0.0294
vt 0.1768 0.4807
vn 0.0962 0.9018 0.4212
v 0.3917 3.9087 0.1111
vt 0.1768 0.4769
vn 0.0731 0.6157 0.7846
f 1632/1632/1632 1633/1633/1633 1634/1634/1634 1635/1635/1635
v 0.4797 4.0121 -0.0565
vt 0.1788 0.4807
vn 0.3624 0.8717 0.3298
v 0.5276 4.0045 -0.1250
vt 0.1800 0.4807
vn 0.5237 0.8462 0.0986
v 0.4000 4.0339 -0.1658
vt 0.1768 0.4813
vn 0.0986 0.9943 -0.0409
f 1636/1636/1636 1637/1637/1637 1638/1638/1638
v 0.3917 3.9087 0.1111
vt 0.1768 0.4769
vn 0.0731 0.6157 0.7846
v 0.4008 4.0210 -0.0294
vt 0.1768 0.4807
vn 0.0962 0.9018 0.4212
v 0.3209 4.0279 -0.0541
vt 0.1748 0.4807
vn -0.1732 0.9251 0.3378
v 0.2318 3.9225 0.0617
vt 0.1728 0.4769
vn -0.4032 0.6568 0.6372
f 1639/1639/1639 1640/1640/1640 1641/1641/1641 1642/1642/1642
v 0.4008 4.0210 -0.0294
vt 0.1768 0.4807
vn 0.0962 0.9018 0.4212
v 0.4797 4.0121 -0.0565
vt 0.1788 0.4807
vn 0.3624 0.8717 0.3298
v 0.4000 4.0339 -0.1658
vt 0.1768 0.4813
vn 0.0986 0.9943 -0.0409
f 1643/1643/1643 1644/1644/1644 1645/1645/1645
v 0.2318 3.9225 0.0617
vt 0.1728 0.4769
vn -0.4032 0.6568 0.6372
v 0.3209 4.0279 -0.0541
vt 0.1748 0.4807
vn -0.1732 0.9251 0.3378
v 0.2705 4.0302 -0.1212
vt 0.1736 0.4807
vn -0.3431 0.9327 0.1115
v 0.1311 3.9270 -0.0726
vt 0.1704 0.4769
vn -0.7033 0.6702 0.2372
f 1646/1646/1646 1647/1647/1647 1648/1648/1648 1649/1649/1649
v 0.3209 4.0279 -0.0541
vt 0.1748 0.4807
vn -0.1732 0.9251 0.3378
v 0.4008 4.0210 -0.0294
vt 0.1768 0.4807
vn 0.0962 0.9018 0.4212
v 0.4000 4.0339 -0.1658
vt 0.1768 0.4813
vn 0.0986 0.9943 -0.0409
f 1650/1650/1650 1651/1651/1651 1652/1652/1652
v 0.1311 3.9270 -0.0726
vt 0.1704 0.4769
vn -0.7033 0.6702 0.2372
v 0.2705 4.0302 -0.1212
vt 0.1736 0.4807
vn -0.3431 0.9327 0.1115
v 0.2689 4.0269 -0.2051
vt 0.1736 0.4807
vn -0.3484 0.9216 -0.1713
v 0.1279 3.9204 -0.2403
vt 0.1704 0.4769
vn -0.7127 0.6505 -0.2625
f 1653/1653/1653 1654/1654/1654 1655/1655/1655 1656/1656/1656
v 0.2705 4.0302 -0.1212
vt 0.1736 0.4807
vn -0.3431 0.9327 0.1115
v 0.3209 4.0279 -0.0541
vt 0.1748 0.4807
vn -0.1732 0.9251 0.3378
v 0.4000 4.0339 -0.1658
vt 0.1768 0.4813
vn 0.0986 0.9943 -0.0409
f 1657/1657/1657 1658/1658/1658 1659/1659/1659
v 0.1279 3.9204 -0.2403
vt 0.1704 0.4769
vn -0.7127 0.6505 -0.2625
v 0.2689 4.0269 -0.2051
vt 0.1736 0.4807
vn -0.3484 0.9216 -0.1713
v 0.3167 4.0193 -0.2737
vt 0.1748 0.4807
vn -0.1871 0.8961 -0.4025
v 0.2236 3.9053 -0.3774
vt 0.1728 0.4769
vn -0.4277 0.6055 -0.6712
f 1660/1660/1660 1661/1661/1661 1662/1662/1662 1663/1663/1663
v 0.2689 4.0269 -0.2051
vt 0.1736 0.4807
vn -0.3484 0.9216 -0.1713
v 0.2705 4.0302 -0.1212
vt 0.1736 0.4807
vn -0.3431 0.9327 0.1115
v 0.4000 4.0339 -0.1658
vt 0.1768 0.4813
vn 0.0986 0.9943 -0.0409
f 1664/1664/1664 1665/1665/1665 1666/1666/1666
v 0.2236 3.9053 -0.3774
vt 0.1728 0.4769
vn -0.4277 0.6055 -0.6712
v 0.3167 4.0193 -0.2737
vt 0.1748 0.4807
vn -0.1871 0.8961 -0.4025
v 0.3957 4.0104 -0.3008
vt 0.1768 0.4807
vn 0.0791 0.8659 -0.4939
v 0.3815 3.8874 -0.4316
vt 0.1768 0.4769
vn 0.0427 0.5522 -0.8326
f 1667/1667/1667 1668/1668/1668 1669/1669/1669 1670/1670/1670
v 0.3167 4.0193 -0.2737
vt 0.1748 0.4807
vn -0.1871 0.8961 -0.4025
v 0.2689 4.0269 -0.2051
vt 0.1736 0.4807
vn -0.3484 0.9216 -0.1713
v 0.4000 4.0339 -0.1658
vt 0.1768 0.4813
vn 0.0986 0.9943 -0.0409
f 1671/1671/1671 1672/1672/1672 1673/1673/1673
v -2.3687 3.0546 -1.2770
vt 0.1768 0.4769
vn -0.0891 0.5937 -0.7997
v -2.3741 3.1455 -1.1694
vt 0.1768 0.4807
vn -0.1065 0.8897 -0.4439
v -2.3112 3.1516 -1.1513
vt 0.1788 0.4807
vn 0.1644 0.9159 -0.3661
v -2.2430 3.0668 -1.2409
vt 0.1808 0.4769
vn 0.3896 0.6400 -0.6623
f 1674/1674/1674 1675/1675/1675 1676/1676/1676 1677/1677/1677
v 0.3957 4.0104 -0.3008
vt 0.1768 0.4807
vn 0.0791 0.8659 -0.4939
v 0.3167 4.0193 -0.2737
vt 0.1748 0.4807
vn -0.1871 0.8961 -0.4025
v 0.4000 4.0339 -0.1658
vt 0.1768 0.4813
vn 0.0986 0.9943 -0.0409
f 1678/1678/1678 1679/1679/1679 1680/1680/1680
v 0.2158 2.3272 -1.1074
vt 0.1768 0.3809
vn 0.0134 0.2768 -0.9608
v 0.3815 3.8874 -0.4316
vt 0.1768 0.4769
vn 0.0427 0.5522 -0.8326
v 0.5413 3.8736 -0.3822
vt 0.1808 0.4769
vn 0.5190 0.5110 -0.6852
v 0.8107 2.2757 -0.9233
vt 0.1916 0.3809
vn 0.5716 0.2285 -0.7880
f 1681/1681/1681 1682/1682/1682 1683/1683/1683 1684/1684/1684
v -0.2489 0.5291 0.0819
vt 0.7770 0.8513
vn -0.9330 0.1653 0.3198
v -0.2525 0.5215 -0.1137
vt 0.7770 0.8513
vn -0.9445 0.1411 -0.2966
v -0.3298 0.0285 -0.1021
vt 0.7763 0.8354
vn -0.9445 0.1411 -0.2966
v -0.3258 0.0369 0.1118
vt 0.7763 0.8354
vn -0.9330 0.1653 0.3198
f 1685/1685/1685 1686/1686/1686 1687/1687/1687 1688/1688/1688
v 0.2393 0.4870 0.2330
vt 0.7891 0.8513
vn 0.6048 0.0324 0.7957
v 0.0551 0.5078 0.2962
vt 0.7845 0.8513
vn 0.0245 0.0981 0.9949
v 0.0065 0.0136 0.3461
vt 0.7845 0.8354
vn 0.0245 0.0981 0.9949
v 0.2079 -0.0092 0.2770
vt 0.7895 0.8354
vn 0.6048 0.0324 0.7957
f 1689/1689/1689 1690/1690/1690 1691/1691/1691 1692/1692/1692
v 0.2297 0.4669 -0.2792
vt 0.7891 0.8513
vn 0.5745 -0.0310 -0.8179
v 0.3472 0.4616 -0.1226
vt 0.7920 0.8513
vn 0.9447 -0.0474 -0.3246
v 0.3259 -0.0369 -0.1118
vt 0.7927 0.8354
vn 0.9447 -0.0474 -0.3246
v 0.1974 -0.0312 -0.2830
vt 0.7895 0.8354
vn 0.5745 -0.0310 -0.8179
f 1693/1693/1693 1694/1694/1694 1695/1695/1695 1696/1696/1696
v -0.2525 0.5215 -0.1137
vt 0.7770 0.8513
vn -0.9445 0.1411 -0.2966
v -0.1410 0.5038 -0.2737
vt 0.7798 0.8513
vn -0.5931 0.0855 -0.8006
v -0.2078 0.0092 -0.2770
vt 0.7794 0.8354
vn -0.5931 0.0855 -0.8006
v -0.3298 0.0285 -0.1021
vt 0.7763 0.8354
vn -0.9445 0.1411 -0.2966
f 1697/1697/1697 1698/1698/1698 1699/1699/1699 1700/1700/1700
v 0.0551 0.5078 0.2962
vt 0.7845 0.8513
vn 0.0245 0.0981 0.9949
v -0.1314 0.5239 0.2385
vt 0.7798 0.8513
vn -0.5628 0.1489 0.8131
v -0.1973 0.0312 0.2830
vt 0.7794 0.8354
vn -0.5628 0.1489 0.8131
v 0.0065 0.0136 0.3461
vt 0.7845 0.8354
vn 0.0245 0.0981 0.9949
f 1701/1701/1701 1702/1702/1702 1703/1703/1703 1704/1704/1704
v 0.3472 0.4616 -0.1226
vt 0.7920 0.8513
vn 0.9447 -0.0474 -0.3246
v 0.3508 0.4693 0.0730
vt 0.7920 0.8513
vn 0.9562 -0.0232 0.2917
v 0.3299 -0.0285 0.1021
vt 0.7927 0.8354
vn 0.9562 -0.0232 0.2917
v 0.3259 -0.0369 -0.1118
vt 0.7927 0.8354
vn 0.9447 -0.0474 -0.3246
f 1705/1705/1705 1706/1706/1706 1707/1707/1707 1708/1708/1708
v -0.1410 0.5038 -0.2737
vt 0.7798 0.8513
vn -0.5931 0.0855 -0.8006
v 0.0432 0.4830 -0.3369
vt 0.7845 0.8513
vn -0.0129 0.0198 -0.9997
v -0.0065 -0.0136 -0.3461
vt 0.7845 0.8354
vn -0.0129 0.0198 -0.9997
v -0.2078 0.0092 -0.2770
vt 0.7794 0.8354
vn -0.5931 0.0855 -0.8006
f 1709/1709/1709 1710/1710/1710 1711/1711/1711 1712/1712/1712
v -0.1314 0.5239 0.2385
vt 0.7798 0.8513
vn -0.5628 0.1489 0.8131
v -0.2489 0.5291 0.0819
vt 0.7770 0.8513
vn -0.9330 0.1653 0.3198
v -0.3258 0.0369 0.1118
vt 0.7763 0.8354
vn -0.9330 0.1653 0.3198
v -0.1973 0.0312 0.2830
vt 0.7794 0.8354
vn -0.5628 0.1489 0.8131
f 1713/1713/1713 1714/1714/1714 1715/1715/1715 1716/1716/1716
v 0.3508 0.4693 0.0730
vt 0.7920 0.8513
vn 0.9562 -0.0232 0.2917
v 0.2393 0.4870 0.2330
vt 0.7891 0.8513
vn 0.6048 0.0324 0.7957
v 0.2079 -0.0092 0.2770
vt 0.7895 0.8354
vn 0.6048 0.0324 0.7957
v 0.3299 -0.0285 0.1021
vt 0.7927 0.8354
vn 0.9562 -0.0232 0.2917
f 1717/1717/1717 1718/1718/1718 1719/1719/1719 1720/1720/1720
v -2.1567 0.6797 -2.0982
vt 0.1768 0.3324
vn -0.0672 0.3271 -0.9426
v -1.5667 0.7368 -1.9288
vt 0.1954 0.3324
vn 0.4937 0.3814 -0.7816
v -1.5359 0.5988 -1.9558
vt 0.1960 0.3266
vn 0.5213 0.2743 -0.8081
v -2.1436 0.5400 -2.1303
vt 0.1768 0.3266
vn -0.0572 0.2184 -0.9742
f 1721/1721/1721 1722/1722/1722 1723/1723/1723 1724/1724/1724
v -2.1436 0.5400 -2.1303
vt 0.1768 0.3266
vn 0.0236 -0.5315 -0.8467
v -1.5359 0.5988 -1.9558
vt 0.1960 0.3266
vn 0.5199 -0.4835 -0.7042
v -1.5626 0.4916 -1.9020
vt 0.1947 0.3224
vn 0.5199 -0.4835 -0.7042
v -2.1308 0.4367 -2.0651
vt 0.1768 0.3224
vn 0.0236 -0.5315 -0.8467
f 1725/1725/1725 1726/1726/1726 1727/1727/1727 1728/1728/1728
v -1.8597 0.4126 -1.1909
vt 0.1843 0.2740
vn 0.1499 -0.9881 -0.0335
v -1.9539 0.4050 -1.3115
vt 0.1814 0.2740
vn 0.1298 -0.9898 -0.0592
v -1.5626 0.4916 -1.9020
vt 0.1947 0.2755
vn 0.1298 -0.9898 -0.0592
v -1.1979 0.5213 -1.4345
vt 0.2058 0.2755
vn 0.1499 -0.9881 -0.0335
f 1729/1729/1729 1730/1730/1730 1731/1731/1731 1732/1732/1732
v -1.5667 0.7368 -1.9288
vt 0.1954 0.3324
vn 0.4937 0.3814 -0.7816
v -1.1879 0.7676 -1.4434
vt 0.2069 0.3324
vn 0.8538 0.4106 -0.3201
v -1.1458 0.6305 -1.4559
vt 0.2078 0.3266
vn 0.8927 0.3045 -0.3321
v -1.5359 0.5988 -1.9558
vt 0.1960 0.3266
vn 0.5213 0.2743 -0.8081
f 1733/1733/1733 1734/1734/1734 1735/1735/1735 1736/1736/1736
v -1.5359 0.5988 -1.9558
vt 0.1960 0.3266
vn 0.5199 -0.4835 -0.7042
v -1.1458 0.6305 -1.4559
vt 0.2078 0.3266
vn 0.8384 -0.4576 -0.2960
v -1.1979 0.5213 -1.4345
vt 0.2058 0.3224
vn 0.8384 -0.4576 -0.2960
v -1.5626 0.4916 -1.9020
vt 0.1947 0.3224
vn 0.5199 -0.4835 -0.7042
f 1737/1737/1737 1738/1738/1738 1739/1739/1739 1740/1740/1740
v -1.8540 0.4108 -1.0377
vt 0.1843 0.2740
vn 0.1511 -0.9885 -0.0009
v -1.8597 0.4126 -1.1909
vt 0.1843 0.2740
vn 0.1499 -0.9881 -0.0335
v -1.1979 0.5213 -1.4345
vt 0.2058 0.2755
vn 0.1499 -0.9881 -0.0335
v -1.1758 0.5143 -0.8413
vt 0.2058 0.2755
vn 0.1511 -0.9885 -0.0009
f 1741/1741/1741 1742/1742/1742 1743/1743/1743 1744/1744/1744
v -1.1879 0.7676 -1.4434
vt 0.2069 0.3324
vn 0.8538 0.4106 -0.3201
v -1.1650 0.7603 -0.8274
vt 0.2069 0.3324
vn 0.8755 0.4038 0.2654
v -1.1222 0.6230 -0.8214
vt 0.2078 0.3266
vn 0.9152 0.2975 0.2720
v -1.1458 0.6305 -1.4559
vt 0.2078 0.3266
vn 0.8927 0.3045 -0.3321
f 1745/1745/1745 1746/1746/1746 1747/1747/1747 1748/1748/1748
v -1.1458 0.6305 -1.4559
vt 0.2078 0.3266
vn 0.8384 -0.4576 -0.2960
v -1.1222 0.6230 -0.8214
vt 0.2078 0.3266
vn 0.8577 -0.4637 0.2222
v -1.1758 0.5143 -0.8413
vt 0.2058 0.3224
vn 0.8577 -0.4637 0.2222
v -1.1979 0.5213 -1.4345
vt 0.2058 0.3224
vn 0.8384 -0.4576 -0.2960
f 1749/1749/1749 1750/1750/1750 1751/1751/1751 1752/1752/1752
v -1.9390 0.4003 -0.9106
vt 0.1814 0.2740
vn 0.1330 -0.9908 0.0262
v -1.8540 0.4108 -1.0377
vt 0.1843 0.2740
vn 0.1511 -0.9885 -0.0009
v -1.1758 0.5143 -0.8413
vt 0.2058 0.2755
vn 0.1511 -0.9885 -0.0009
v -1.5049 0.4734 -0.3489
vt 0.1947 0.2755
vn 0.1330 -0.9908 0.0262
f 1753/1753/1753 1754/1754/1754 1755/1755/1755 1756/1756/1756
v -1.1650 0.7603 -0.8274
vt 0.2069 0.3324
vn 0.8755 0.4038 0.2654
v -1.5068 0.7179 -0.3161
vt 0.1954 0.3324
vn 0.5506 0.3634 0.7515
v -1.4742 0.5793 -0.2947
vt 0.1960 0.3266
vn 0.5801 0.2558 0.7734
v -1.1222 0.6230 -0.8214
vt 0.2078 0.3266
vn 0.9152 0.2975 0.2720
f 1757/1757/1757 1758/1758/1758 1759/1759/1759 1760/1760/1760
v -1.1222 0.6230 -0.8214
vt 0.2078 0.3266
vn 0.8577 -0.4637 0.2222
v -1.4742 0.5793 -0.2947
vt 0.1960 0.3266
vn 0.5702 -0.4994 0.6522
v -1.5049 0.4734 -0.3489
vt 0.1947 0.3224
vn 0.5702 -0.4994 0.6522
v -1.1758 0.5143 -0.8413
vt 0.2058 0.3224
vn 0.8577 -0.4637 0.2222
f 1761/1761/1761 1762/1762/1762 1763/1763/1763 1764/1764/1764
v -2.0821 0.3850 -0.8581
vt 0.1768 0.2740
vn 0.1025 -0.9940 0.0374
v -1.9390 0.4003 -0.9106
vt 0.1814 0.2740
vn 0.1330 -0.9908 0.0262
v -1.5049 0.4734 -0.3489
vt 0.1947 0.2755
vn 0.1330 -0.9908 0.0262
v -2.0595 0.4142 -0.1454
vt 0.1768 0.2755
vn 0.1025 -0.9940 0.0374
f 1765/1765/1765 1766/1766/1766 1767/1767/1767 1768/1768/1768
v -1.5068 0.7179 -0.3161
vt 0.1954 0.3324
vn 0.5506 0.3634 0.7515
v -2.0826 0.6563 -0.1048
vt 0.1768 0.3324
vn 0.0032 0.3049 0.9524
v -2.0674 0.5159 -0.0770
vt 0.1768 0.3266
vn 0.0154 0.1955 0.9806
v -1.4742 0.5793 -0.2947
vt 0.1960 0.3266
vn 0.5801 0.2558 0.7734
f 1769/1769/1769 1770/1770/1770 1771/1771/1771 1772/1772/1772
v -1.4742 0.5793 -0.2947
vt 0.1960 0.3266
vn 0.5702 -0.4994 0.6522
v -2.0674 0.5159 -0.0770
vt 0.1768 0.3266
vn 0.0859 -0.5512 0.8299
v -2.0595 0.4142 -0.1454
vt 0.1768 0.3224
vn 0.0859 -0.5512 0.8299
v -1.5049 0.4734 -0.3489
vt 0.1947 0.3224
vn 0.5702 -0.4994 0.6522
f 1773/1773/1773 1774/1774/1774 1775/1775/1775 1776/1776/1776
v -2.2288 0.3708 -0.9002
vt 0.1722 0.2740
vn 0.0712 -0.9971 0.0285
v -2.0821 0.3850 -0.8581
vt 0.1768 0.2740
vn 0.1025 -0.9940 0.0374
v -2.0595 0.4142 -0.1454
vt 0.1768 0.2755
vn 0.1025 -0.9940 0.0374
v -2.6276 0.3592 -0.3086
vt 0.1589 0.2755
vn 0.0712 -0.9971 0.0285
f 1777/1777/1777 1778/1778/1778 1779/1779/1779 1780/1780/1780
v -2.0826 0.6563 -0.1048
vt 0.1768 0.3324
vn 0.0032 0.3049 0.9524
v -2.6726 0.5993 -0.2742
vt 0.1582 0.3324
vn -0.5576 0.2507 0.7913
v -2.6751 0.4571 -0.2515
vt 0.1576 0.3266
vn -0.5632 0.1395 0.8145
v -2.0674 0.5159 -0.0770
vt 0.1768 0.3266
vn 0.0154 0.1955 0.9806
f 1781/1781/1781 1782/1782/1782 1783/1783/1783 1784/1784/1784
v -2.0674 0.5159 -0.0770
vt 0.1768 0.3266
vn 0.0859 -0.5512 0.8299
v -2.6751 0.4571 -0.2515
vt 0.1576 0.3266
vn -0.4103 -0.5992 0.6875
v -2.6276 0.3592 -0.3086
vt 0.1589 0.3224
vn -0.4103 -0.5992 0.6875
v -2.0595 0.4142 -0.1454
vt 0.1768 0.3224
vn 0.0859 -0.5512 0.8299
f 1785/1785/1785 1786/1786/1786 1787/1787/1787 1788/1788/1788
v -2.3230 0.3631 -1.0208
vt 0.1693 0.2740
vn 0.0511 -0.9987 0.0027
v -2.2288 0.3708 -0.9002
vt 0.1722 0.2740
vn 0.0712 -0.9971 0.0285
v -2.6276 0.3592 -0.3086
vt 0.1589 0.2755
vn 0.0712 -0.9971 0.0285
v -2.9924 0.3296 -0.7760
vt 0.1478 0.2755
vn 0.0511 -0.9987 0.0027
f 1789/1789/1789 1790/1790/1790 1791/1791/1791 1792/1792/1792
v -2.6726 0.5993 -0.2742
vt 0.1582 0.3324
vn -0.5576 0.2507 0.7913
v -3.0514 0.5685 -0.7596
vt 0.1467 0.3324
vn -0.9177 0.2214 0.3299
v -3.0652 0.4254 -0.7515
vt 0.1458 0.3266
vn -0.9346 0.1093 0.3385
v -2.6751 0.4571 -0.2515
vt 0.1576 0.3266
vn -0.5632 0.1395 0.8145
f 1793/1793/1793 1794/1794/1794 1795/1795/1795 1796/1796/1796
v -2.6751 0.4571 -0.2515
vt 0.1576 0.3266
vn -0.4103 -0.5992 0.6875
v -3.0652 0.4254 -0.7515
vt 0.1458 0.3266
vn -0.7289 -0.6251 0.2792
v -2.9924 0.3296 -0.7760
vt 0.1478 0.3224
vn -0.7289 -0.6251 0.2792
v -2.6276 0.3592 -0.3086
vt 0.1589 0.3224
vn -0.4103 -0.5992 0.6875
f 1797/1797/1797 1798/1798/1798 1799/1799/1799 1800/1800/1800
v -2.3287 0.3649 -1.1740
vt 0.1693 0.2740
vn 0.0499 -0.9983 -0.0299
v -2.3230 0.3631 -1.0208
vt 0.1693 0.2740
vn 0.0511 -0.9987 0.0027
v -2.9924 0.3296 -0.7760
vt 0.1478 0.2755
vn 0.0511 -0.9987 0.0027
v -3.0144 0.3365 -1.3692
vt 0.1478 0.2755
vn 0.0499 -0.9983 -0.0299
f 1801/1801/1801 1802/1802/1802 1803/1803/1803 1804/1804/1804
v -3.0514 0.5685 -0.7596
vt 0.1467 0.3324
vn -0.9177 0.2214 0.3299
v -3.0743 0.5757 -1.3756
vt 0.1467 0.3324
vn -0.9394 0.2283 -0.2557
v -3.0888 0.4329 -1.3860
vt 0.1458 0.3266
vn -0.9570 0.1164 -0.2656
v -3.0652 0.4254 -0.7515
vt 0.1458 0.3266
vn -0.9346 0.1093 0.3385
f 1805/1805/1805 1806/1806/1806 1807/1807/1807 1808/1808/1808
v -3.0652 0.4254 -0.7515
vt 0.1458 0.3266
vn -0.7289 -0.6251 0.2792
v -3.0888 0.4329 -1.3860
vt 0.1458 0.3266
vn -0.7482 -0.6190 -0.2389
v -3.0144 0.3365 -1.3692
vt 0.1478 0.3224
vn -0.7482 -0.6190 -0.2389
v -2.9924 0.3296 -0.7760
vt 0.1478 0.3224
vn -0.7289 -0.6251 0.2792
f 1809/1809/1809 1810/1810/1810 1811/1811/1811 1812/1812/1812
v -2.2437 0.3755 -1.3011
vt 0.1722 0.2740
vn 0.0680 -0.9961 -0.0570
v -2.3287 0.3649 -1.1740
vt 0.1693 0.2740
vn 0.0499 -0.9983 -0.0299
v -3.0144 0.3365 -1.3692
vt 0.1478 0.2755
vn 0.0499 -0.9983 -0.0299
v -2.6853 0.3774 -1.8616
vt 0.1589 0.2755
vn 0.0680 -0.9961 -0.0570
f 1813/1813/1813 1814/1814/1814 1815/1815/1815 1816/1816/1816
v -3.0743 0.5757 -1.3756
vt 0.1467 0.3324
vn -0.9394 0.2283 -0.2557
v -2.7325 0.6182 -1.8869
vt 0.1582 0.3324
vn -0.6146 0.2686 -0.7417
v -2.7368 0.4766 -1.9127
vt 0.1576 0.3266
vn -0.6219 0.1581 -0.7670
v -3.0888 0.4329 -1.3860
vt 0.1458 0.3266
vn -0.9570 0.1164 -0.2656
f 1817/1817/1817 1818/1818/1818 1819/1819/1819 1820/1820/1820
v -3.0888 0.4329 -1.3860
vt 0.1458 0.3266
vn -0.7482 -0.6190 -0.2389
v -2.7368 0.4766 -1.9127
vt 0.1576 0.3266
vn -0.4607 -0.5833 -0.6690
v -2.6853 0.3774 -1.8616
vt 0.1589 0.3224
vn -0.4607 -0.5833 -0.6690
v -3.0144 0.3365 -1.3692
vt 0.1478 0.3224
vn -0.7482 -0.6190 -0.2389
f 1821/1821/1821 1822/1822/1822 1823/1823/1823 1824/1824/1824
v -2.1005 0.3908 -1.3536
vt 0.1768 0.2740
vn 0.0985 -0.9928 -0.0682
v -2.2437 0.3755 -1.3011
vt 0.1722 0.2740
vn 0.0680 -0.9961 -0.0570
v -2.6853 0.3774 -1.8616
vt 0.1589 0.2755
vn 0.0680 -0.9961 -0.0570
v -2.1308 0.4367 -2.0651
vt 0.1768 0.2755
vn 0.0985 -0.9928 -0.0682
f 1825/1825/1825 1826/1826/1826 1827/1827/1827 1828/1828/1828
v -2.7325 0.6182 -1.8869
vt 0.1582 0.3324
vn -0.6146 0.2686 -0.7417
v -2.1567 0.6797 -2.0982
vt 0.1768 0.3324
vn -0.0672 0.3271 -0.9426
v -2.1436 0.5400 -2.1303
vt 0.1768 0.3266
vn -0.0572 0.2184 -0.9742
v -2.7368 0.4766 -1.9127
vt 0.1576 0.3266
vn -0.6219 0.1581 -0.7670
f 1829/1829/1829 1830/1830/1830 1831/1831/1831 1832/1832/1832
v -2.7368 0.4766 -1.9127
vt 0.1576 0.3266
vn -0.4607 -0.5833 -0.6690
v -2.1436 0.5400 -2.1303
vt 0.1768 0.3266
vn 0.0236 -0.5315 -0.8467
v -2.1308 0.4367 -2.0651
vt 0.1768 0.3224
vn 0.0236 -0.5315 -0.8467
v -2.6853 0.3774 -1.8616
vt 0.1589 0.3224
vn -0.4607 -0.5833 -0.6690
f 1833/1833/1833 1834/1834/1834 1835/1835/1835 1836/1836/1836
v 2.0960 0.4433 1.1499
vt 0.1814 0.2740
vn -0.1318 -0.9667 -0.2194
v 1.9345 0.4809 1.0940
vt 0.1768 0.2740
vn -0.1619 -0.9597 -0.2298
v 1.9789 0.6634 0.3010
vt 0.1768 0.2755
vn -0.1619 -0.9597 -0.2298
v 2.6047 0.5175 0.5175
vt 0.1947 0.2755
vn -0.1318 -0.9667 -0.2194
f 1837/1837/1837 1838/1838/1838 1839/1839/1839 1840/1840/1840
v -2.1005 0.3908 -1.3536
vt 0.7845 0.8513
vn -0.0430 0.0707 -0.9966
v -1.9539 0.4050 -1.3115
vt 0.7891 0.8513
vn 0.5474 0.1278 -0.8270
v -1.9018 0.0187 -1.3367
vt 0.7895 0.8354
vn 0.5474 0.1278 -0.8270
v -2.0622 0.0032 -1.3828
vt 0.7845 0.8354
vn -0.0430 0.0707 -0.9966
f 1841/1841/1841 1842/1842/1842 1843/1843/1843 1844/1844/1844
v -2.1567 0.6797 -2.0982
vt 0.1768 0.3324
vn -0.0672 0.3271 -0.9426
v -2.2374 1.6457 -1.6094
vt 0.1768 0.3722
vn -0.0773 0.4450 -0.8922
v -1.9278 1.6757 -1.5205
vt 0.1866 0.3722
vn 0.4548 0.4965 -0.7394
v -1.5667 0.7368 -1.9288
vt 0.1954 0.3324
vn 0.4937 0.3814 -0.7816
f 1845/1845/1845 1846/1846/1846 1847/1847/1847 1848/1848/1848
v -1.1879 0.7676 -1.4434
vt 0.2069 0.3324
vn 0.8538 0.4106 -0.3201
v -1.7291 1.6918 -1.2659
vt 0.1926 0.3722
vn 0.7964 0.5243 -0.3016
v -1.7171 1.6881 -0.9427
vt 0.1926 0.3722
vn 0.8170 0.5177 0.2539
v -1.1650 0.7603 -0.8274
vt 0.2069 0.3324
vn 0.8755 0.4038 0.2654
f 1849/1849/1849 1850/1850/1850 1851/1851/1851 1852/1852/1852
v -2.7325 0.6182 -1.8869
vt 0.1582 0.3324
vn -0.6146 0.2686 -0.7417
v -2.5395 1.6135 -1.4985
vt 0.1670 0.3722
vn -0.5967 0.3895 -0.7016
v -2.2374 1.6457 -1.6094
vt 0.1768 0.3722
vn -0.0773 0.4450 -0.8922
v -2.1567 0.6797 -2.0982
vt 0.1768 0.3324
vn -0.0672 0.3271 -0.9426
f 1853/1853/1853 1854/1854/1854 1855/1855/1855 1856/1856/1856
v -3.0743 0.5757 -1.3756
vt 0.1467 0.3324
vn -0.9394 0.2283 -0.2557
v -2.7188 1.5912 -1.2303
vt 0.1610 0.3722
vn -0.9049 0.3512 -0.2405
v -2.5395 1.6135 -1.4985
vt 0.1670 0.3722
vn -0.5967 0.3895 -0.7016
v -2.7325 0.6182 -1.8869
vt 0.1582 0.3324
vn -0.6146 0.2686 -0.7417
f 1857/1857/1857 1858/1858/1858 1859/1859/1859 1860/1860/1860
v -3.0514 0.5685 -0.7596
vt 0.1467 0.3324
vn -0.9177 0.2214 0.3299
v -2.7068 1.5874 -0.9071
vt 0.1610 0.3722
vn -0.8843 0.3447 0.3151
v -2.7188 1.5912 -1.2303
vt 0.1610 0.3722
vn -0.9049 0.3512 -0.2405
v -3.0743 0.5757 -1.3756
vt 0.1467 0.3324
vn -0.9394 0.2283 -0.2557
f 1861/1861/1861 1862/1862/1862 1863/1863/1863 1864/1864/1864
v -2.6726 0.5993 -0.2742
vt 0.1582 0.3324
vn -0.5576 0.2507 0.7913
v -2.5081 1.6035 -0.6524
vt 0.1670 0.3722
vn -0.5426 0.3725 0.7529
v -2.7068 1.5874 -0.9071
vt 0.1610 0.3722
vn -0.8843 0.3447 0.3151
v -3.0514 0.5685 -0.7596
vt 0.1467 0.3324
vn -0.9177 0.2214 0.3299
f 1865/1865/1865 1866/1866/1866 1867/1867/1867 1868/1868/1868
v -2.0826 0.6563 -0.1048
vt 0.1768 0.3324
vn 0.0032 0.3049 0.9524
v -2.1985 1.6335 -0.5635
vt 0.1768 0.3722
vn -0.0106 0.4239 0.9056
v -2.5081 1.6035 -0.6524
vt 0.1670 0.3722
vn -0.5426 0.3725 0.7529
v -2.6726 0.5993 -0.2742
vt 0.1582 0.3324
vn -0.5576 0.2507 0.7913
f 1869/1869/1869 1870/1870/1870 1871/1871/1871 1872/1872/1872
v -1.5068 0.7179 -0.3161
vt 0.1954 0.3324
vn 0.5506 0.3634 0.7515
v -1.8964 1.6658 -0.6744
vt 0.1866 0.3722
vn 0.5088 0.4794 0.7151
v -2.1985 1.6335 -0.5635
vt 0.1768 0.3722
vn -0.0106 0.4239 0.9056
v -2.0826 0.6563 -0.1048
vt 0.1768 0.3324
vn 0.0032 0.3049 0.9524
f 1873/1873/1873 1874/1874/1874 1875/1875/1875 1876/1876/1876
v -1.1650 0.7603 -0.8274
vt 0.2069 0.3324
vn 0.8755 0.4038 0.2654
v -1.7171 1.6881 -0.9427
vt 0.1926 0.3722
vn 0.8170 0.5177 0.2539
v -1.8964 1.6658 -0.6744
vt 0.1866 0.3722
vn 0.5088 0.4794 0.7151
v -1.5068 0.7179 -0.3161
vt 0.1954 0.3324
vn 0.5506 0.3634 0.7515
f 1877/1877/1877 1878/1878/1878 1879/1879/1879 1880/1880/1880
v -1.5667 0.7368 -1.9288
vt 0.1954 0.3324
vn 0.4937 0.3814 -0.7816
v -1.9278 1.6757 -1.5205
vt 0.1866 0.3722
vn 0.4548 0.4965 -0.7394
v -1.7291 1.6918 -1.2659
vt 0.1926 0.3722
vn 0.7964 0.5243 -0.3016
v -1.1879 0.7676 -1.4434
vt 0.2069 0.3324
vn 0.8538 0.4106 -0.3201
f 1881/1881/1881 1882/1882/1882 1883/1883/1883 1884/1884/1884
v -1.8009 1.9077 -1.7394
vt 0.1916 0.3809
vn 0.4942 0.3795 -0.7821
v -2.2430 3.0668 -1.2409
vt 0.1808 0.4769
vn 0.3896 0.6400 -0.6623
v -2.1623 3.0733 -1.1375
vt 0.1832 0.4769
vn 0.6969 0.6650 -0.2684
v -1.5004 1.9322 -1.3544
vt 0.2007 0.3809
vn 0.8545 0.4088 -0.3204
f 1885/1885/1885 1886/1886/1886 1887/1887/1887 1888/1888/1888
v -1.4823 1.9264 -0.8657
vt 0.2007 0.3809
vn 0.8763 0.4020 0.2656
v -2.1574 3.0718 -1.0062
vt 0.1832 0.4769
vn 0.7155 0.6592 0.2315
v -2.2302 3.0627 -0.8972
vt 0.1808 0.4769
vn 0.4382 0.6247 0.6463
v -1.7534 1.8927 -0.4601
vt 0.1916 0.3809
vn 0.5512 0.3615 0.7520
f 1889/1889/1889 1890/1890/1890 1891/1891/1891 1892/1892/1892
v -1.7534 1.8927 -0.4601
vt 0.1916 0.3809
vn 0.5512 0.3615 0.7520
v -2.2302 3.0627 -0.8972
vt 0.1808 0.4769
vn 0.4382 0.6247 0.6463
v -2.3529 3.0496 -0.8522
vt 0.1768 0.4769
vn -0.0291 0.5748 0.8178
v -2.2102 1.8439 -0.2925
vt 0.1768 0.3809
vn 0.0034 0.3030 0.9530
f 1893/1893/1893 1894/1894/1894 1895/1895/1895 1896/1896/1896
v -2.2102 1.8439 -0.2925
vt 0.1768 0.3809
vn 0.0034 0.3030 0.9530
v -2.3529 3.0496 -0.8522
vt 0.1768 0.4769
vn -0.0291 0.5748 0.8178
v -2.4787 3.0375 -0.8883
vt 0.1728 0.4769
vn -0.5078 0.5285 0.6804
v -2.6782 1.7987 -0.4269
vt 0.1620 0.3809
vn -0.5578 0.2487 0.7918
f 1897/1897/1897 1898/1898/1898 1899/1899/1899 1900/1900/1900
v -2.6782 1.7987 -0.4269
vt 0.1620 0.3809
vn -0.5578 0.2487 0.7918
v -2.4787 3.0375 -0.8883
vt 0.1728 0.4769
vn -0.5078 0.5285 0.6804
v -2.5594 3.0309 -0.9917
vt 0.1704 0.4769
vn -0.8151 0.5035 0.2865
v -2.9787 1.7742 -0.8119
vt 0.1529 0.3809
vn -0.9181 0.2194 0.3301
f 1901/1901/1901 1902/1902/1902 1903/1903/1903 1904/1904/1904
v -2.9787 1.7742 -0.8119
vt 0.1529 0.3809
vn -0.9181 0.2194 0.3301
v -2.5594 3.0309 -0.9917
vt 0.1704 0.4769
vn -0.8151 0.5035 0.2865
v -2.5643 3.0324 -1.1230
vt 0.1704 0.4769
vn -0.8337 0.5093 -0.2134
v -2.9968 1.7799 -1.3006
vt 0.1529 0.3809
vn -0.9398 0.2263 -0.2559
f 1905/1905/1905 1906/1906/1906 1907/1907/1907 1908/1908/1908
v -2.9968 1.7799 -1.3006
vt 0.1529 0.3809
vn -0.9398 0.2263 -0.2559
v -2.5643 3.0324 -1.1230
vt 0.1704 0.4769
vn -0.8337 0.5093 -0.2134
v -2.4915 3.0415 -1.2320
vt 0.1728 0.4769
vn -0.5564 0.5438 -0.6282
v -2.7257 1.8137 -1.7062
vt 0.1620 0.3809
vn -0.6148 0.2667 -0.7422
f 1909/1909/1909 1910/1910/1910 1911/1911/1911 1912/1912/1912
v -2.7257 1.8137 -1.7062
vt 0.1620 0.3809
vn -0.6148 0.2667 -0.7422
v -2.4915 3.0415 -1.2320
vt 0.1728 0.4769
vn -0.5564 0.5438 -0.6282
v -2.3687 3.0546 -1.2770
vt 0.1768 0.4769
vn -0.0891 0.5937 -0.7997
v -2.2689 1.8625 -1.8738
vt 0.1768 0.3809
vn -0.0670 0.3253 -0.9433
f 1913/1913/1913 1914/1914/1914 1915/1915/1915 1916/1916/1916
v -1.5004 1.9322 -1.3544
vt 0.2007 0.3809
vn 0.8545 0.4088 -0.3204
v -2.1623 3.0733 -1.1375
vt 0.1832 0.4769
vn 0.6969 0.6650 -0.2684
v -2.1574 3.0718 -1.0062
vt 0.1832 0.4769
vn 0.7155 0.6592 0.2315
v -1.4823 1.9264 -0.8657
vt 0.2007 0.3809
vn 0.8763 0.4020 0.2656
f 1917/1917/1917 1918/1918/1918 1919/1919/1919 1920/1920/1920
v -2.2689 1.8625 -1.8738
vt 0.1768 0.3809
vn -0.0670 0.3253 -0.9433
v -1.8009 1.9077 -1.7394
vt 0.1916 0.3809
vn 0.4942 0.3795 -0.7821
v -1.7765 1.7983 -1.7609
vt 0.1920 0.3764
vn 0.5213 0.2743 -0.8081
v -2.2586 1.7516 -1.8993
vt 0.1768 0.3764
vn -0.0572 0.2184 -0.9742
f 1921/1921/1921 1922/1922/1922 1923/1923/1923 1924/1924/1924
v -2.2586 1.7516 -1.8993
vt 0.1768 0.3764
vn 0.0236 -0.5315 -0.8467
v -1.7765 1.7983 -1.7609
vt 0.1920 0.3764
vn 0.5199 -0.4835 -0.7042
v -1.7977 1.7133 -1.7181
vt 0.1910 0.3730
vn 0.5199 -0.4835 -0.7042
v -2.2484 1.6697 -1.8475
vt 0.1768 0.3730
vn 0.0236 -0.5315 -0.8467
f 1925/1925/1925 1926/1926/1926 1927/1927/1927 1928/1928/1928
v -1.5083 1.7368 -1.3473
vt 0.1998 0.3262
vn 0.1831 -0.9820 -0.0457
v -1.7291 1.6918 -1.2659
vt 0.1926 0.3253
vn 0.1831 -0.9820 -0.0457
v -1.9278 1.6757 -1.5205
vt 0.1866 0.3253
vn 0.1494 -0.9848 -0.0889
v -1.7977 1.7133 -1.7181
vt 0.1910 0.3262
vn 0.1494 -0.9848 -0.0889
f 1929/1929/1929 1930/1930/1930 1931/1931/1931 1932/1932/1932
v -1.8009 1.9077 -1.7394
vt 0.1916 0.3809
vn 0.4942 0.3795 -0.7821
v -1.5004 1.9322 -1.3544
vt 0.2007 0.3809
vn 0.8545 0.4088 -0.3204
v -1.4670 1.8234 -1.3643
vt 0.2014 0.3764
vn 0.8927 0.3045 -0.3321
v -1.7765 1.7983 -1.7609
vt 0.1920 0.3764
vn 0.5213 0.2743 -0.8081
f 1933/1933/1933 1934/1934/1934 1935/1935/1935 1936/1936/1936
v -1.7765 1.7983 -1.7609
vt 0.1920 0.3764
vn 0.5199 -0.4835 -0.7042
v -1.4670 1.8234 -1.3643
vt 0.2014 0.3764
vn 0.8384 -0.4576 -0.2960
v -1.5083 1.7368 -1.3473
vt 0.1998 0.3730
vn 0.8384 -0.4576 -0.2960
v -1.7977 1.7133 -1.7181
vt 0.1910 0.3730
vn 0.5199 -0.4835 -0.7042
f 1937/1937/1937 1938/1938/1938 1939/1939/1939 1940/1940/1940
v -1.4909 1.7313 -0.8768
vt 0.1998 0.3262
vn 0.1851 -0.9827 0.0090
v -1.7171 1.6881 -0.9427
vt 0.1926 0.3253
vn 0.1851 -0.9827 0.0090
v -1.7291 1.6918 -1.2659
vt 0.1926 0.3253
vn 0.1831 -0.9820 -0.0457
v -1.5083 1.7368 -1.3473
vt 0.1998 0.3262
vn 0.1831 -0.9820 -0.0457
f 1941/1941/1941 1942/1942/1942 1943/1943/1943 1944/1944/1944
v -1.5004 1.9322 -1.3544
vt 0.2007 0.3809
vn 0.8545 0.4088 -0.3204
v -1.4823 1.9264 -0.8657
vt 0.2007 0.3809
vn 0.8763 0.4020 0.2656
v -1.4483 1.8175 -0.8609
vt 0.2014 0.3764
vn 0.9152 0.2975 0.2720
v -1.4670 1.8234 -1.3643
vt 0.2014 0.3764
vn 0.8927 0.3045 -0.3321
f 1945/1945/1945 1946/1946/1946 1947/1947/1947 1948/1948/1948
v -1.4670 1.8234 -1.3643
vt 0.2014 0.3764
vn 0.8384 -0.4576 -0.2960
v -1.4483 1.8175 -0.8609
vt 0.2014 0.3764
vn 0.8577 -0.4637 0.2222
v -1.4909 1.7313 -0.8768
vt 0.1998 0.3730
vn 0.8577 -0.4637 0.2222
v -1.5083 1.7368 -1.3473
vt 0.1998 0.3730
vn 0.8384 -0.4576 -0.2960
f 1949/1949/1949 1950/1950/1950 1951/1951/1951 1952/1952/1952
v -1.7519 1.6988 -0.4862
vt 0.1910 0.3262
vn 0.1547 -0.9865 0.0545
v -1.8964 1.6658 -0.6744
vt 0.1866 0.3253
vn 0.1547 -0.9865 0.0545
v -1.7171 1.6881 -0.9427
vt 0.1926 0.3253
vn 0.1851 -0.9827 0.0090
v -1.4909 1.7313 -0.8768
vt 0.1998 0.3262
vn 0.1851 -0.9827 0.0090
f 1953/1953/1953 1954/1954/1954 1955/1955/1955 1956/1956/1956
v -1.4823 1.9264 -0.8657
vt 0.2007 0.3809
vn 0.8763 0.4020 0.2656
v -1.7534 1.8927 -0.4601
vt 0.1916 0.3809
vn 0.5512 0.3615 0.7520
v -1.7276 1.7828 -0.4431
vt 0.1920 0.3764
vn 0.5801 0.2558 0.7734
v -1.4483 1.8175 -0.8609
vt 0.2014 0.3764
vn 0.9152 0.2975 0.2720
f 1957/1957/1957 1958/1958/1958 1959/1959/1959 1960/1960/1960
v -1.4483 1.8175 -0.8609
vt 0.2014 0.3764
vn 0.8577 -0.4637 0.2222
v -1.7276 1.7828 -0.4431
vt 0.1920 0.3764
vn 0.5702 -0.4994 0.6522
v -1.7519 1.6988 -0.4862
vt 0.1910 0.3730
vn 0.5702 -0.4994 0.6522
v -1.4909 1.7313 -0.8768
vt 0.1998 0.3730
vn 0.8577 -0.4637 0.2222
f 1961/1961/1961 1962/1962/1962 1963/1963/1963 1964/1964/1964
v -2.1918 1.6518 -0.3247
vt 0.1768 0.3262
vn 0.1035 -0.9919 0.0733
v -2.1985 1.6335 -0.5635
vt 0.1768 0.3253
vn 0.1035 -0.9919 0.0733
v -1.8964 1.6658 -0.6744
vt 0.1866 0.3253
vn 0.1547 -0.9865 0.0545
v -1.7519 1.6988 -0.4862
vt 0.1910 0.3262
vn 0.1547 -0.9865 0.0545
f 1965/1965/1965 1966/1966/1966 1967/1967/1967 1968/1968/1968
v -1.7534 1.8927 -0.4601
vt 0.1916 0.3809
vn 0.5512 0.3615 0.7520
v -2.2102 1.8439 -0.2925
vt 0.1768 0.3809
vn 0.0034 0.3030 0.9530
v -2.1981 1.7325 -0.2705
vt 0.1768 0.3764
vn 0.0154 0.1955 0.9806
v -1.7276 1.7828 -0.4431
vt 0.1920 0.3764
vn 0.5801 0.2558 0.7734
f 1969/1969/1969 1970/1970/1970 1971/1971/1971 1972/1972/1972
v -1.7276 1.7828 -0.4431
vt 0.1920 0.3764
vn 0.5702 -0.4994 0.6522
v -2.1981 1.7325 -0.2705
vt 0.1768 0.3764
vn 0.0859 -0.5512 0.8299
v -2.1918 1.6518 -0.3247
vt 0.1768 0.3730
vn 0.0859 -0.5512 0.8299
v -1.7519 1.6988 -0.4862
vt 0.1910 0.3730
vn 0.5702 -0.4994 0.6522
f 1973/1973/1973 1974/1974/1974 1975/1975/1975 1976/1976/1976
v -2.6425 1.6082 -0.4541
vt 0.1626 0.3262
vn 0.0511 -0.9970 0.0582
v -2.5081 1.6035 -0.6524
vt 0.1670 0.3253
vn 0.0511 -0.9970 0.0582
v -2.1985 1.6335 -0.5635
vt 0.1768 0.3253
vn 0.1035 -0.9919 0.0733
v -2.1918 1.6518 -0.3247
vt 0.1768 0.3262
vn 0.1035 -0.9919 0.0733
f 1977/1977/1977 1978/1978/1978 1979/1979/1979 1980/1980/1980
v -2.2102 1.8439 -0.2925
vt 0.1768 0.3809
vn 0.0034 0.3030 0.9530
v -2.6782 1.7987 -0.4269
vt 0.1620 0.3809
vn -0.5578 0.2487 0.7918
v -2.6801 1.6859 -0.4089
vt 0.1616 0.3764
vn -0.5632 0.1395 0.8145
v -2.1981 1.7325 -0.2705
vt 0.1768 0.3764
vn 0.0154 0.1955 0.9806
f 1981/1981/1981 1982/1982/1982 1983/1983/1983 1984/1984/1984
v -2.1981 1.7325 -0.2705
vt 0.1768 0.3764
vn 0.0859 -0.5512 0.8299
v -2.6801 1.6859 -0.4089
vt 0.1616 0.3764
vn -0.4103 -0.5992 0.6875
v -2.6425 1.6082 -0.4541
vt 0.1626 0.3730
vn -0.4103 -0.5992 0.6875
v -2.1918 1.6518 -0.3247
vt 0.1768 0.3730
vn 0.0859 -0.5512 0.8299
f 1985/1985/1985 1986/1986/1986 1987/1987/1987 1988/1988/1988
v -2.9319 1.5847 -0.8250
vt 0.1538 0.3262
vn 0.0174 -0.9997 0.0150
v -2.7068 1.5874 -0.9071
vt 0.1610 0.3253
vn 0.0174 -0.9997 0.0150
v -2.5081 1.6035 -0.6524
vt 0.1670 0.3253
vn 0.0511 -0.9970 0.0582
v -2.6425 1.6082 -0.4541
vt 0.1626 0.3262
vn 0.0511 -0.9970 0.0582
f 1989/1989/1989 1990/1990/1990 1991/1991/1991 1992/1992/1992
v -2.6782 1.7987 -0.4269
vt 0.1620 0.3809
vn -0.5578 0.2487 0.7918
v -2.9787 1.7742 -0.8119
vt 0.1529 0.3809
vn -0.9181 0.2194 0.3301
v -2.9896 1.6607 -0.8055
vt 0.1522 0.3764
vn -0.9346 0.1093 0.3385
v -2.6801 1.6859 -0.4089
vt 0.1616 0.3764
vn -0.5632 0.1395 0.8145
f 1993/1993/1993 1994/1994/1994 1995/1995/1995 1996/1996/1996
v -2.6801 1.6859 -0.4089
vt 0.1616 0.3764
vn -0.4103 -0.5992 0.6875
v -2.9896 1.6607 -0.8055
vt 0.1522 0.3764
vn -0.7289 -0.6251 0.2792
v -2.9319 1.5847 -0.8250
vt 0.1538 0.3730
vn -0.7289 -0.6251 0.2792
v -2.6425 1.6082 -0.4541
vt 0.1626 0.3730
vn -0.4103 -0.5992 0.6875
f 1997/1997/1997 1998/1998/1998 1999/1999/1999 2000/2000/2000
v -2.9493 1.5902 -1.2955
vt 0.1538 0.3262
vn 0.0154 -0.9991 -0.0397
v -2.7188 1.5912 -1.2303
vt 0.1610 0.3253
vn 0.0154 -0.9991 -0.0397
v -2.7068 1.5874 -0.9071
vt 0.1610 0.3253
vn 0.0174 -0.9997 0.0150
v -2.9319 1.5847 -0.8250
vt 0.1538 0.3262
vn 0.0174 -0.9997 0.0150
f 2001/2001/2001 2002/2002/2002 2003/2003/2003 2004/2004/2004
v -2.9787 1.7742 -0.8119
vt 0.1529 0.3809
vn -0.9181 0.2194 0.3301
v -2.9968 1.7799 -1.3006
vt 0.1529 0.3809
vn -0.9398 0.2263 -0.2559
v -3.0083 1.6666 -1.3088
vt 0.1522 0.3764
vn -0.9570 0.1164 -0.2656
v -2.9896 1.6607 -0.8055
vt 0.1522 0.3764
vn -0.9346 0.1093 0.3385
f 2005/2005/2005 2006/2006/2006 2007/2007/2007 2008/2008/2008
v -2.9896 1.6607 -0.8055
vt 0.1522 0.3764
vn -0.7289 -0.6251 0.2792
v -3.0083 1.6666 -1.3088
vt 0.1522 0.3764
vn -0.7482 -0.6190 -0.2389
v -2.9493 1.5902 -1.2955
vt 0.1538 0.3730
vn -0.7482 -0.6190 -0.2389
v -2.9319 1.5847 -0.8250
vt 0.1538 0.3730
vn -0.7289 -0.6251 0.2792
f 2009/2009/2009 2010/2010/2010 2011/2011/2011 2012/2012/2012
v -2.6883 1.6227 -1.6861
vt 0.1626 0.3262
vn 0.0458 -0.9953 -0.0852
v -2.5395 1.6135 -1.4985
vt 0.1670 0.3253
vn 0.0458 -0.9953 -0.0852
v -2.7188 1.5912 -1.2303
vt 0.1610 0.3253
vn 0.0154 -0.9991 -0.0397
v -2.9493 1.5902 -1.2955
vt 0.1538 0.3262
vn 0.0154 -0.9991 -0.0397
f 2013/2013/2013 2014/2014/2014 2015/2015/2015 2016/2016/2016
v -2.9968 1.7799 -1.3006
vt 0.1529 0.3809
vn -0.9398 0.2263 -0.2559
v -2.7257 1.8137 -1.7062
vt 0.1620 0.3809
vn -0.6148 0.2667 -0.7422
v -2.7291 1.7014 -1.7266
vt 0.1616 0.3764
vn -0.6219 0.1581 -0.7670
v -3.0083 1.6666 -1.3088
vt 0.1522 0.3764
vn -0.9570 0.1164 -0.2656
f 2017/2017/2017 2018/2018/2018 2019/2019/2019 2020/2020/2020
v -3.0083 1.6666 -1.3088
vt 0.1522 0.3764
vn -0.7482 -0.6190 -0.2389
v -2.7291 1.7014 -1.7266
vt 0.1616 0.3764
vn -0.4607 -0.5833 -0.6690
v -2.6883 1.6227 -1.6861
vt 0.1626 0.3730
vn -0.4607 -0.5833 -0.6690
v -2.9493 1.5902 -1.2955
vt 0.1538 0.3730
vn -0.7482 -0.6190 -0.2389
f 2021/2021/2021 2022/2022/2022 2023/2023/2023 2024/2024/2024
v -2.2484 1.6697 -1.8475
vt 0.1768 0.3262
vn 0.0969 -0.9898 -0.1039
v -2.2374 1.6457 -1.6094
vt 0.1768 0.3253
vn 0.0969 -0.9898 -0.1039
v -2.5395 1.6135 -1.4985
vt 0.1670 0.3253
vn 0.0458 -0.9953 -0.0852
v -2.6883 1.6227 -1.6861
vt 0.1626 0.3262
vn 0.0458 -0.9953 -0.0852
f 2025/2025/2025 2026/2026/2026 2027/2027/2027 2028/2028/2028
v -2.7257 1.8137 -1.7062
vt 0.1620 0.3809
vn -0.6148 0.2667 -0.7422
v -2.2689 1.8625 -1.8738
vt 0.1768 0.3809
vn -0.0670 0.3253 -0.9433
v -2.2586 1.7516 -1.8993
vt 0.1768 0.3764
vn -0.0572 0.2184 -0.9742
v -2.7291 1.7014 -1.7266
vt 0.1616 0.3764
vn -0.6219 0.1581 -0.7670
f 2029/2029/2029 2030/2030/2030 2031/2031/2031 2032/2032/2032
v -2.7291 1.7014 -1.7266
vt 0.1616 0.3764
vn -0.4607 -0.5833 -0.6690
v -2.2586 1.7516 -1.8993
vt 0.1768 0.3764
vn 0.0236 -0.5315 -0.8467
v -2.2484 1.6697 -1.8475
vt 0.1768 0.3730
vn 0.0236 -0.5315 -0.8467
v -2.6883 1.6227 -1.6861
vt 0.1626 0.3730
vn -0.4607 -0.5833 -0.6690
f 2033/2033/2033 2034/2034/2034 2035/2035/2035 2036/2036/2036
v 2.6983 1.8843 0.9484
vt 0.1910 0.3262
vn -0.1093 -0.9628 -0.2471
v 2.5263 1.8499 1.1584
vt 0.1866 0.3253
vn -0.1093 -0.9628 -0.2471
v 2.1854 1.9294 1.0405
vt 0.1768 0.3253
vn -0.1599 -0.9510 -0.2646
v 2.2019 2.0000 0.7766
vt 0.1768 0.3262
vn -0.1599 -0.9510 -0.2646
f 2037/2037/2037 2038/2038/2038 2039/2039/2039 2040/2040/2040
v -2.2430 3.0668 -1.2409
vt 0.1808 0.4769
vn 0.3896 0.6400 -0.6623
v -2.3112 3.1516 -1.1513
vt 0.1788 0.4807
vn 0.1644 0.9159 -0.3661
v -2.2709 3.1549 -1.0996
vt 0.1800 0.4807
vn 0.3383 0.9301 -0.1433
v -2.1623 3.0733 -1.1375
vt 0.1832 0.4769
vn 0.6969 0.6650 -0.2684
f 2041/2041/2041 2042/2042/2042 2043/2043/2043 2044/2044/2044
v -2.3112 3.1516 -1.1513
vt 0.1788 0.4807
vn 0.1644 0.9159 -0.3661
v -2.3741 3.1455 -1.1694
vt 0.1768 0.4807
vn -0.1065 0.8897 -0.4439
v -2.3716 3.1585 -1.0630
vt 0.1768 0.4813
vn -0.1006 0.9948 0.0154
f 2045/2045/2045 2046/2046/2046 2047/2047/2047
v -2.1623 3.0733 -1.1375
vt 0.1832 0.4769
vn 0.6969 0.6650 -0.2684
v -2.2709 3.1549 -1.0996
vt 0.1800 0.4807
vn 0.3383 0.9301 -0.1433
v -2.2684 3.1541 -1.0340
vt 0.1800 0.4807
vn 0.3488 0.9267 0.1395
v -2.1574 3.0718 -1.0062
vt 0.1832 0.4769
vn 0.7155 0.6592 0.2315
f 2048/2048/2048 2049/2049/2049 2050/2050/2050 2051/2051/2051
v -2.2709 3.1549 -1.0996
vt 0.1800 0.4807
vn 0.3383 0.9301 -0.1433
v -2.3112 3.1516 -1.1513
vt 0.1788 0.4807
vn 0.1644 0.9159 -0.3661
v -2.3716 3.1585 -1.0630
vt 0.1768 0.4813
vn -0.1006 0.9948 0.0154
f 2052/2052/2052 2053/2053/2053 2054/2054/2054
v -2.1574 3.0718 -1.0062
vt 0.1832 0.4769
vn 0.7155 0.6592 0.2315
v -2.2684 3.1541 -1.0340
vt 0.1800 0.4807
vn 0.3488 0.9267 0.1395
v -2.3048 3.1496 -0.9795
vt 0.1788 0.4807
vn 0.1919 0.9072 0.3743
v -2.2302 3.0627 -0.8972
vt 0.1808 0.4769
vn 0.4382 0.6247 0.6463
f 2055/2055/2055 2056/2056/2056 2057/2057/2057 2058/2058/2058
v -2.2684 3.1541 -1.0340
vt 0.1800 0.4807
vn 0.3488 0.9267 0.1395
v -2.2709 3.1549 -1.0996
vt 0.1800 0.4807
vn 0.3383 0.9301 -0.1433
v -2.3716 3.1585 -1.0630
vt 0.1768 0.4813
vn -0.1006 0.9948 0.0154
f 2059/2059/2059 2060/2060/2060 2061/2061/2061
v -2.2302 3.0627 -0.8972
vt 0.1808 0.4769
vn 0.4382 0.6247 0.6463
v -2.3048 3.1496 -0.9795
vt 0.1788 0.4807
vn 0.1919 0.9072 0.3743
v -2.3662 3.1430 -0.9569
vt 0.1768 0.4807
vn -0.0725 0.8790 0.4713
v -2.3529 3.0496 -0.8522
vt 0.1768 0.4769
vn -0.0291 0.5748 0.8178
f 2062/2062/2062 2063/2063/2063 2064/2064/2064 2065/2065/2065
v -2.3048 3.1496 -0.9795
vt 0.1788 0.4807
vn 0.1919 0.9072 0.3743
v -2.2684 3.1541 -1.0340
vt 0.1800 0.4807
vn 0.3488 0.9267 0.1395
v -2.3716 3.1585 -1.0630
vt 0.1768 0.4813
vn -0.1006 0.9948 0.0154
f 2066/2066/2066 2067/2067/2067 2068/2068/2068
v -2.3529 3.0496 -0.8522
vt 0.1768 0.4769
vn -0.0291 0.5748 0.8178
v -2.3662 3.1430 -0.9569
vt 0.1768 0.4807
vn -0.0725 0.8790 0.4713
v -2.4291 3.1369 -0.9750
vt 0.1748 0.4807
vn -0.3433 0.8528 0.3935
v -2.4787 3.0375 -0.8883
vt 0.1728 0.4769
vn -0.5078 0.5285 0.6804
f 2069/2069/2069 2070/2070/2070 2071/2071/2071 2072/2072/2072
v -2.3662 3.1430 -0.9569
vt 0.1768 0.4807
vn -0.0725 0.8790 0.4713
v -2.3048 3.1496 -0.9795
vt 0.1788 0.4807
vn 0.1919 0.9072 0.3743
v -2.3716 3.1585 -1.0630
vt 0.1768 0.4813
vn -0.1006 0.9948 0.0154
f 2073/2073/2073 2074/2074/2074 2075/2075/2075
v -2.4787 3.0375 -0.8883
vt 0.1728 0.4769
vn -0.5078 0.5285 0.6804
v -2.4291 3.1369 -0.9750
vt 0.1748 0.4807
vn -0.3433 0.8528 0.3935
v -2.4695 3.1336 -1.0267
vt 0.1736 0.4807
vn -0.5172 0.8386 0.1707
v -2.5594 3.0309 -0.9917
vt 0.1704 0.4769
vn -0.8151 0.5035 0.2865
f 2076/2076/2076 2077/2077/2077 2078/2078/2078 2079/2079/2079
v -2.4291 3.1369 -0.9750
vt 0.1748 0.4807
vn -0.3433 0.8528 0.3935
v -2.3662 3.1430 -0.9569
vt 0.1768 0.4807
vn -0.0725 0.8790 0.4713
v -2.3716 3.1585 -1.0630
vt 0.1768 0.4813
vn -0.1006 0.9948 0.0154
f 2080/2080/2080 2081/2081/2081 2082/2082/2082
v -2.5594 3.0309 -0.9917
vt 0.1704 0.4769
vn -0.8151 0.5035 0.2865
v -2.4695 3.1336 -1.0267
vt 0.1736 0.4807
vn -0.5172 0.8386 0.1707
v -2.4719 3.1344 -1.0924
vt 0.1736 0.4807
vn -0.5277 0.8420 -0.1122
v -2.5643 3.0324 -1.1230
vt 0.1704 0.4769
vn -0.8337 0.5093 -0.2134
f 2083/2083/2083 2084/2084/2084 2085/2085/2085 2086/2086/2086
v -2.4695 3.1336 -1.0267
vt 0.1736 0.4807
vn -0.5172 0.8386 0.1707
v -2.4291 3.1369 -0.9750
vt 0.1748 0.4807
vn -0.3433 0.8528 0.3935
v -2.3716 3.1585 -1.0630
vt 0.1768 0.4813
vn -0.1006 0.9948 0.0154
f 2087/2087/2087 2088/2088/2088 2089/2089/2089
v -2.5643 3.0324 -1.1230
vt 0.1704 0.4769
vn -0.8337 0.5093 -0.2134
v -2.4719 3.1344 -1.0924
vt 0.1736 0.4807
vn -0.5277 0.8420 -0.1122
v -2.4355 3.1389 -1.1469
vt 0.1748 0.4807
vn -0.3708 0.8615 -0.3469
v -2.4915 3.0415 -1.2320
vt 0.1728 0.4769
vn -0.5564 0.5438 -0.6282
f 2090/2090/2090 2091/2091/2091 2092/2092/2092 2093/2093/2093
v -2.4719 3.1344 -1.0924
vt 0.1736 0.4807
vn -0.5277 0.8420 -0.1122
v -2.4695 3.1336 -1.0267
vt 0.1736 0.4807
vn -0.5172 0.8386 0.1707
v -2.3716 3.1585 -1.0630
vt 0.1768 0.4813
vn -0.1006 0.9948 0.0154
f 2094/2094/2094 2095/2095/2095 2096/2096/2096
v -2.4915 3.0415 -1.2320
vt 0.1728 0.4769
vn -0.5564 0.5438 -0.6282
v -2.4355 3.1389 -1.1469
vt 0.1748 0.4807
vn -0.3708 0.8615 -0.3469
v -2.3741 3.1455 -1.1694
vt 0.1768 0.4807
vn -0.1065 0.8897 -0.4439
v -2.3687 3.0546 -1.2770
vt 0.1768 0.4769
vn -0.0891 0.5937 -0.7997
f 2097/2097/2097 2098/2098/2098 2099/2099/2099 2100/2100/2100
v -2.4355 3.1389 -1.1469
vt 0.1748 0.4807
vn -0.3708 0.8615 -0.3469
v -2.4719 3.1344 -1.0924
vt 0.1736 0.4807
vn -0.5277 0.8420 -0.1122
v -2.3716 3.1585 -1.0630
vt 0.1768 0.4813
vn -0.1006 0.9948 0.0154
f 2101/2101/2101 2102/2102/2102 2103/2103/2103
v -2.3741 3.1455 -1.1694
vt 0.1768 0.4807
vn -0.1065 0.8897 -0.4439
v -2.4355 3.1389 -1.1469
vt 0.1748 0.4807
vn -0.3708 0.8615 -0.3469
v -2.3716 3.1585 -1.0630
vt 0.1768 0.4813
vn -0.1006 0.9948 0.0154
f 2104/2104/2104 2105/2105/2105 2106/2106/2106
v -2.2689 1.8625 -1.8738
vt 0.1768 0.3809
vn -0.0670 0.3253 -0.9433
v -2.3687 3.0546 -1.2770
vt 0.1768 0.4769
vn -0.0891 0.5937 -0.7997
v -2.2430 3.0668 -1.2409
vt 0.1808 0.4769
vn 0.3896 0.6400 -0.6623
v -1.8009 1.9077 -1.7394
vt 0.1916 0.3809
vn 0.4942 0.3795 -0.7821
f 2107/2107/2107 2108/2108/2108 2109/2109/2109 2110/2110/2110
v -2.3230 0.3631 -1.0208
vt 0.7770 0.8513
vn -0.9384 -0.0406 0.3431
v -2.3287 0.3649 -1.1740
vt 0.7770 0.8513
vn -0.9613 -0.0334 -0.2734
v -2.3116 -0.0251 -1.1864
vt 0.7763 0.8354
vn -0.9613 -0.0334 -0.2734
v -2.3054 -0.0271 -1.0189
vt 0.7763 0.8354
vn -0.9384 -0.0406 0.3431
f 2111/2111/2111 2112/2112/2112 2113/2113/2113 2114/2114/2114
v -1.9390 0.4003 -0.9106
vt 0.7891 0.8513
vn 0.6074 0.1089 0.7869
v -2.0821 0.3850 -0.8581
vt 0.7845 0.8513
vn 0.0311 0.0473 0.9984
v -2.0420 -0.0032 -0.8409
vt 0.7845 0.8354
vn 0.0311 0.0473 0.9984
v -1.8855 0.0135 -0.8984
vt 0.7895 0.8354
vn 0.6074 0.1089 0.7869
f 2115/2115/2115 2116/2116/2116 2117/2117/2117 2118/2118/2118
v -1.9539 0.4050 -1.3115
vt 0.7891 0.8513
vn 0.5474 0.1278 -0.8270
v -1.8597 0.4126 -1.1909
vt 0.7920 0.8513
vn 0.9265 0.1586 -0.3413
v -1.7988 0.0271 -1.2048
vt 0.7927 0.8354
vn 0.9265 0.1586 -0.3413
v -1.9018 0.0187 -1.3367
vt 0.7895 0.8354
vn 0.5474 0.1278 -0.8270
f 2119/2119/2119 2120/2120/2120 2121/2121/2121 2122/2122/2122
v -2.3287 0.3649 -1.1740
vt 0.7770 0.8513
vn -0.9613 -0.0334 -0.2734
v -2.2437 0.3755 -1.3011
vt 0.7798 0.8513
vn -0.6193 0.0091 -0.7851
v -2.2187 -0.0135 -1.3253
vt 0.7794 0.8354
vn -0.6193 0.0091 -0.7851
v -2.3116 -0.0251 -1.1864
vt 0.7763 0.8354
vn -0.9613 -0.0334 -0.2734
f 2123/2123/2123 2124/2124/2124 2125/2125/2125 2126/2126/2126
v -2.0821 0.3850 -0.8581
vt 0.7845 0.8513
vn 0.0311 0.0473 0.9984
v -2.2288 0.3708 -0.9002
vt 0.7798 0.8513
vn -0.5594 -0.0098 0.8289
v -2.2024 -0.0187 -0.8870
vt 0.7794 0.8354
vn -0.5594 -0.0098 0.8289
v -2.0420 -0.0032 -0.8409
vt 0.7845 0.8354
vn 0.0311 0.0473 0.9984
f 2127/2127/2127 2128/2128/2128 2129/2129/2129 2130/2130/2130
v -1.8597 0.4126 -1.1909
vt 0.7920 0.8513
vn 0.9265 0.1586 -0.3413
v -1.8540 0.4108 -1.0377
vt 0.7920 0.8513
vn 0.9494 0.1514 0.2752
v -1.7926 0.0251 -1.0374
vt 0.7927 0.8354
vn 0.9494 0.1514 0.2752
v -1.7988 0.0271 -1.2048
vt 0.7927 0.8354
vn 0.9265 0.1586 -0.3413
f 2131/2131/2131 2132/2132/2132 2133/2133/2133 2134/2134/2134
v -2.2437 0.3755 -1.3011
vt 0.7798 0.8513
vn -0.6193 0.0091 -0.7851
v -2.1005 0.3908 -1.3536
vt 0.7845 0.8513
vn -0.0430 0.0707 -0.9966
v -2.0622 0.0032 -1.3828
vt 0.7845 0.8354
vn -0.0430 0.0707 -0.9966
v -2.2187 -0.0135 -1.3253
vt 0.7794 0.8354
vn -0.6193 0.0091 -0.7851
f 2135/2135/2135 2136/2136/2136 2137/2137/2137 2138/2138/2138
v -2.2288 0.3708 -0.9002
vt 0.7798 0.8513
vn -0.5594 -0.0098 0.8289
v -2.3230 0.3631 -1.0208
vt 0.7770 0.8513
vn -0.9384 -0.0406 0.3431
v -2.3054 -0.0271 -1.0189
vt 0.7763 0.8354
vn -0.9384 -0.0406 0.3431
v -2.2024 -0.0187 -0.8870
vt 0.7794 0.8354
vn -0.5594 -0.0098 0.8289
f 2139/2139/2139 2140/2140/2140 2141/2141/2141 2142/2142/2142
v -1.8540 0.4108 -1.0377
vt 0.7920 0.8513
vn 0.9494 0.1514 0.2752
v -1.9390 0.4003 -0.9106
vt 0.7891 0.8513
vn 0.6074 0.1089 0.7869
v -1.8855 0.0135 -0.8984
vt 0.7895 0.8354
vn 0.6074 0.1089 0.7869
v -1.7926 0.0251 -1.0374
vt 0.7927 0.8354
vn 0.9494 0.1514 0.2752
f 2143/2143/2143 2144/2144/2144 2145/2145/2145 2146/2146/2146
v 2.0267 0.9408 0.3091
vt 0.1768 0.3324
vn 0.0958 0.4720 -0.8764
v 2.6765 0.7893 0.5339
vt 0.1954 0.3324
vn 0.6367 0.3459 -0.6892
v 2.6711 0.6347 0.4784
vt 0.1960 0.3266
vn 0.6370 0.2407 -0.7323
v 2.0018 0.7907 0.2468
vt 0.1768 0.3266
vn 0.0792 0.3708 -0.9253
f 2147/2147/2147 2148/2148/2148 2149/2149/2149 2150/2150/2150
v 2.0018 0.7907 0.2468
vt 0.1768 0.3266
vn -0.0510 -0.3830 -0.9223
v 2.6711 0.6347 0.4784
vt 0.1960 0.3266
vn 0.4275 -0.4945 -0.7568
v 2.6047 0.5175 0.5175
vt 0.1947 0.3224
vn 0.4275 -0.4945 -0.7568
v 1.9789 0.6634 0.3010
vt 0.1768 0.3224
vn -0.0510 -0.3830 -0.9223
f 2151/2151/2151 2152/2152/2152 2153/2153/2153 2154/2154/2154
v 2.1909 0.4013 1.2909
vt 0.1843 0.2740
vn -0.1141 -0.9745 -0.1931
v 2.0960 0.4433 1.1499
vt 0.1814 0.2740
vn -0.1318 -0.9667 -0.2194
v 2.6047 0.5175 0.5175
vt 0.1947 0.2755
vn -0.1318 -0.9667 -0.2194
v 2.9721 0.3549 1.0636
vt 0.2058 0.2755
vn -0.1141 -0.9745 -0.1931
f 2155/2155/2155 2156/2156/2156 2157/2157/2157 2158/2158/2158
v 2.6765 0.7893 0.5339
vt 0.1954 0.3324
vn 0.6367 0.3459 -0.6892
v 3.0581 0.6205 1.1010
vt 0.2069 0.3324
vn 0.9543 0.2054 -0.2172
v 3.0641 0.4608 1.0625
vt 0.2078 0.3266
vn 0.9647 0.0958 -0.2454
v 2.6711 0.6347 0.4784
vt 0.1960 0.3266
vn 0.6370 0.2407 -0.7323
f 2159/2159/2159 2160/2160/2160 2161/2161/2161 2162/2162/2162
v 2.6711 0.6347 0.4784
vt 0.1960 0.3266
vn 0.4275 -0.4945 -0.7568
v 3.0641 0.4608 1.0625
vt 0.2078 0.3266
vn 0.7085 -0.6189 -0.3391
v 2.9721 0.3549 1.0636
vt 0.2058 0.3224
vn 0.7085 -0.6189 -0.3391
v 2.6047 0.5175 0.5175
vt 0.1947 0.3224
vn 0.4275 -0.4945 -0.7568
f 2163/2163/2163 2164/2164/2164 2165/2165/2165 2166/2166/2166
v 2.1828 0.3711 1.4631
vt 0.1843 0.2740
vn -0.1156 -0.9802 -0.1609
v 2.1909 0.4013 1.2909
vt 0.1843 0.2740
vn -0.1141 -0.9745 -0.1931
v 2.9721 0.3549 1.0636
vt 0.2058 0.2755
vn -0.1141 -0.9745 -0.1931
v 2.9410 0.2377 1.7306
vt 0.2058 0.2755
vn -0.1156 -0.9802 -0.1609
f 2167/2167/2167 2168/2168/2168 2169/2169/2169 2170/2170/2170
v 3.0581 0.6205 1.1010
vt 0.2069 0.3324
vn 0.9543 0.2054 -0.2172
v 3.0257 0.4989 1.7937
vt 0.2069 0.3324
vn 0.9274 0.1042 0.3594
v 3.0308 0.3355 1.7760
vt 0.2078 0.3266
vn 0.9369 -0.0087 0.3494
v 3.0641 0.4608 1.0625
vt 0.2078 0.3266
vn 0.9647 0.0958 -0.2454
f 2171/2171/2171 2172/2172/2172 2173/2173/2173 2174/2174/2174
v 3.0641 0.4608 1.0625
vt 0.2078 0.3266
vn 0.7085 -0.6189 -0.3391
v 3.0308 0.3355 1.7760
vt 0.2078 0.3266
vn 0.6847 -0.7085 0.1710
v 2.9410 0.2377 1.7306
vt 0.2058 0.3224
vn 0.6847 -0.7085 0.1710
v 2.9721 0.3549 1.0636
vt 0.2058 0.3224
vn 0.7085 -0.6189 -0.3391
f 2175/2175/2175 2176/2176/2176 2177/2177/2177 2178/2178/2178
v 2.0750 0.3641 1.6007
vt 0.1814 0.2740
vn -0.1357 -0.9815 -0.1352
v 2.1828 0.3711 1.4631
vt 0.1843 0.2740
vn -0.1156 -0.9802 -0.1609
v 2.9410 0.2377 1.7306
vt 0.2058 0.2755
vn -0.1156 -0.9802 -0.1609
v 2.5231 0.2108 2.2639
vt 0.1947 0.2755
vn -0.1357 -0.9815 -0.1352
f 2179/2179/2179 2180/2180/2180 2181/2181/2181 2182/2182/2182
v 3.0257 0.4989 1.7937
vt 0.2069 0.3324
vn 0.9274 0.1042 0.3594
v 2.5918 0.4708 2.3474
vt 0.1954 0.3324
vn 0.5662 0.0808 0.8203
v 2.5839 0.3066 2.3464
vt 0.1960 0.3266
vn 0.5644 -0.0327 0.8249
v 3.0308 0.3355 1.7760
vt 0.2078 0.3266
vn 0.9369 -0.0087 0.3494
f 2183/2183/2183 2184/2184/2184 2185/2185/2185 2186/2186/2186
v 3.0308 0.3355 1.7760
vt 0.2078 0.3266
vn 0.6847 -0.7085 0.1710
v 2.5839 0.3066 2.3464
vt 0.1960 0.3266
vn 0.3651 -0.7291 0.5788
v 2.5231 0.2108 2.2639
vt 0.1947 0.3224
vn 0.3651 -0.7291 0.5788
v 2.9410 0.2377 1.7306
vt 0.2058 0.3224
vn 0.6847 -0.7085 0.1710
f 2187/2187/2187 2188/2188/2188 2189/2189/2189 2190/2190/2190
v 1.9085 0.3831 1.6513
vt 0.1768 0.2740
vn -0.1668 -0.9779 -0.1258
v 2.0750 0.3641 1.6007
vt 0.1814 0.2740
vn -0.1357 -0.9815 -0.1352
v 2.5231 0.2108 2.2639
vt 0.1947 0.2755
vn -0.1357 -0.9815 -0.1352
v 1.8782 0.2842 2.4596
vt 0.1768 0.2755
vn -0.1668 -0.9779 -0.1258
f 2191/2191/2191 2192/2192/2192 2193/2193/2193 2194/2194/2194
v 2.5918 0.4708 2.3474
vt 0.1954 0.3324
vn 0.5662 0.0808 0.8203
v 1.9221 0.5472 2.5507
vt 0.1768 0.3324
vn 0.0087 0.1443 0.9895
v 1.8941 0.3852 2.5557
vt 0.1768 0.3266
vn -0.0107 0.0328 0.9994
v 2.5839 0.3066 2.3464
vt 0.1960 0.3266
vn 0.5644 -0.0327 0.8249
f 2195/2195/2195 2196/2196/2196 2197/2197/2197 2198/2198/2198
v 2.5839 0.3066 2.3464
vt 0.1960 0.3266
vn 0.3651 -0.7291 0.5788
v 1.8941 0.3852 2.5557
vt 0.1768 0.3266
vn -0.1281 -0.6729 0.7286
v 1.8782 0.2842 2.4596
vt 0.1768 0.3224
vn -0.1281 -0.6729 0.7286
v 2.5231 0.2108 2.2639
vt 0.1947 0.3224
vn 0.3651 -0.7291 0.5788
f 2199/2199/2199 2200/2200/2200 2201/2201/2201 2202/2202/2202
v 1.7469 0.4207 1.5954
vt 0.1722 0.2740
vn -0.1969 -0.9709 -0.1362
v 1.9085 0.3831 1.6513
vt 0.1768 0.2740
vn -0.1668 -0.9779 -0.1258
v 1.8782 0.2842 2.4596
vt 0.1768 0.2755
vn -0.1668 -0.9779 -0.1258
v 1.2525 0.4301 2.2431
vt 0.1589 0.2755
vn -0.1969 -0.9709 -0.1362
f 2203/2203/2203 2204/2204/2204 2205/2205/2205 2206/2206/2206
v 1.9221 0.5472 2.5507
vt 0.1768 0.3324
vn 0.0087 0.1443 0.9895
v 1.2723 0.6986 2.3259
vt 0.1582 0.3324
vn -0.5321 0.2704 0.8023
v 1.2248 0.5413 2.3241
vt 0.1576 0.3266
vn -0.5686 0.1629 0.8063
v 1.8941 0.3852 2.5557
vt 0.1768 0.3266
vn -0.0107 0.0328 0.9994
f 2207/2207/2207 2208/2208/2208 2209/2209/2209 2210/2210/2210
v 1.8941 0.3852 2.5557
vt 0.1768 0.3266
vn -0.1281 -0.6729 0.7286
v 1.2248 0.5413 2.3241
vt 0.1576 0.3266
vn -0.6066 -0.5613 0.5630
v 1.2525 0.4301 2.2431
vt 0.1589 0.3224
vn -0.6066 -0.5613 0.5630
v 1.8782 0.2842 2.4596
vt 0.1768 0.3224
vn -0.1281 -0.6729 0.7286
f 2211/2211/2211 2212/2212/2212 2213/2213/2213 2214/2214/2214
v 1.6521 0.4627 1.4544
vt 0.1693 0.2740
vn -0.2146 -0.9631 -0.1625
v 1.7469 0.4207 1.5954
vt 0.1722 0.2740
vn -0.1969 -0.9709 -0.1362
v 1.2525 0.4301 2.2431
vt 0.1589 0.2755
vn -0.1969 -0.9709 -0.1362
v 0.8850 0.5927 1.6970
vt 0.1478 0.2755
vn -0.2146 -0.9631 -0.1625
f 2215/2215/2215 2216/2216/2216 2217/2217/2217 2218/2218/2218
v 1.2723 0.6986 2.3259
vt 0.1582 0.3324
vn -0.5321 0.2704 0.8023
v 0.8908 0.8675 1.7588
vt 0.1467 0.3324
vn -0.8497 0.4110 0.3303
v 0.8318 0.7152 1.7400
vt 0.1458 0.3266
vn -0.8962 0.3078 0.3194
v 1.2248 0.5413 2.3241
vt 0.1576 0.3266
vn -0.5686 0.1629 0.8063
f 2219/2219/2219 2220/2220/2220 2221/2221/2221 2222/2222/2222
v 1.2248 0.5413 2.3241
vt 0.1576 0.3266
vn -0.6066 -0.5613 0.5630
v 0.8318 0.7152 1.7400
vt 0.1458 0.3266
vn -0.8876 -0.4370 0.1453
v 0.8850 0.5927 1.6970
vt 0.1478 0.3224
vn -0.8876 -0.4370 0.1453
v 1.2525 0.4301 2.2431
vt 0.1589 0.3224
vn -0.6066 -0.5613 0.5630
f 2223/2223/2223 2224/2224/2224 2225/2225/2225 2226/2226/2226
v 1.6601 0.4929 1.2822
vt 0.1693 0.2740
vn -0.2131 -0.9574 -0.1947
v 1.6521 0.4627 1.4544
vt 0.1693 0.2740
vn -0.2146 -0.9631 -0.1625
v 0.8850 0.5927 1.6970
vt 0.1478 0.2755
vn -0.2146 -0.9631 -0.1625
v 0.9162 0.7099 1.0300
vt 0.1478 0.2755
vn -0.2131 -0.9574 -0.1947
f 2227/2227/2227 2228/2228/2228 2229/2229/2229 2230/2230/2230
v 0.8908 0.8675 1.7588
vt 0.1467 0.3324
vn -0.8497 0.4110 0.3303
v 0.9231 0.9891 1.0661
vt 0.1467 0.3324
vn -0.8228 0.5122 -0.2463
v 0.8651 0.8405 1.0265
vt 0.1458 0.3266
vn -0.8685 0.4123 -0.2753
v 0.8318 0.7152 1.7400
vt 0.1458 0.3266
vn -0.8962 0.3078 0.3194
f 2231/2231/2231 2232/2232/2232 2233/2233/2233 2234/2234/2234
v 0.8318 0.7152 1.7400
vt 0.1458 0.3266
vn -0.8876 -0.4370 0.1453
v 0.8651 0.8405 1.0265
vt 0.1458 0.3266
vn -0.8638 -0.3474 -0.3648
v 0.9162 0.7099 1.0300
vt 0.1478 0.3224
vn -0.8638 -0.3474 -0.3648
v 0.8850 0.5927 1.6970
vt 0.1478 0.3224
vn -0.8876 -0.4370 0.1453
f 2235/2235/2235 2236/2236/2236 2237/2237/2237 2238/2238/2238
v 1.7680 0.4999 1.1445
vt 0.1722 0.2740
vn -0.1930 -0.9561 -0.2204
v 1.6601 0.4929 1.2822
vt 0.1693 0.2740
vn -0.2131 -0.9574 -0.1947
v 0.9162 0.7099 1.0300
vt 0.1478 0.2755
vn -0.2131 -0.9574 -0.1947
v 1.3340 0.7368 0.4967
vt 0.1589 0.2755
vn -0.1930 -0.9561 -0.2204
f 2239/2239/2239 2240/2240/2240 2241/2241/2241 2242/2242/2242
v 0.9231 0.9891 1.0661
vt 0.1467 0.3324
vn -0.8228 0.5122 -0.2463
v 1.3570 1.0171 0.5123
vt 0.1582 0.3324
vn -0.4616 0.5355 -0.7072
v 1.3120 0.8693 0.4562
vt 0.1576 0.3266
vn -0.4959 0.4363 -0.7508
v 0.8651 0.8405 1.0265
vt 0.1458 0.3266
vn -0.8685 0.4123 -0.2753
f 2243/2243/2243 2244/2244/2244 2245/2245/2245 2246/2246/2246
v 0.8651 0.8405 1.0265
vt 0.1458 0.3266
vn -0.8638 -0.3474 -0.3648
v 1.3120 0.8693 0.4562
vt 0.1576 0.3266
vn -0.5443 -0.3268 -0.7726
v 1.3340 0.7368 0.4967
vt 0.1589 0.3224
vn -0.5443 -0.3268 -0.7726
v 0.9162 0.7099 1.0300
vt 0.1478 0.3224
vn -0.8638 -0.3474 -0.3648
f 2247/2247/2247 2248/2248/2248 2249/2249/2249 2250/2250/2250
v 1.9345 0.4809 1.0940
vt 0.1768 0.2740
vn -0.1619 -0.9597 -0.2298
v 1.7680 0.4999 1.1445
vt 0.1722 0.2740
vn -0.1930 -0.9561 -0.2204
v 1.3340 0.7368 0.4967
vt 0.1589 0.2755
vn -0.1930 -0.9561 -0.2204
v 1.9789 0.6634 0.3010
vt 0.1768 0.2755
vn -0.1619 -0.9597 -0.2298
f 2251/2251/2251 2252/2252/2252 2253/2253/2253 2254/2254/2254
v 1.3570 1.0171 0.5123
vt 0.1582 0.3324
vn -0.4616 0.5355 -0.7072
v 2.0267 0.9408 0.3091
vt 0.1768 0.3324
vn 0.0958 0.4720 -0.8764
v 2.0018 0.7907 0.2468
vt 0.1768 0.3266
vn 0.0792 0.3708 -0.9253
v 1.3120 0.8693 0.4562
vt 0.1576 0.3266
vn -0.4959 0.4363 -0.7508
f 2255/2255/2255 2256/2256/2256 2257/2257/2257 2258/2258/2258
v 1.3120 0.8693 0.4562
vt 0.1576 0.3266
vn -0.5443 -0.3268 -0.7726
v 2.0018 0.7907 0.2468
vt 0.1768 0.3266
vn -0.0510 -0.3830 -0.9223
v 1.9789 0.6634 0.3010
vt 0.1768 0.3224
vn -0.0510 -0.3830 -0.9223
v 1.3340 0.7368 0.4967
vt 0.1589 0.3224
vn -0.5443 -0.3268 -0.7726
f 2259/2259/2259 2260/2260/2260 2261/2261/2261 2262/2262/2262
v 0.0973 0.3928 2.0766
vt 0.1814 0.2740
vn -0.0782 -0.9837 -0.1620
v -0.0473 0.4144 2.0306
vt 0.1768 0.2740
vn -0.1090 -0.9791 -0.1718
v -0.0385 0.5367 1.3276
vt 0.1768 0.2755
vn -0.1090 -0.9791 -0.1718
v 0.5215 0.4530 1.5060
vt 0.1947 0.2755
vn -0.0782 -0.9837 -0.1620
f 2263/2263/2263 2264/2264/2264 2265/2265/2265 2266/2266/2266
v 1.9345 0.4809 1.0940
vt 0.7845 0.8513
vn 0.0556 0.2300 -0.9716
v 2.0960 0.4433 1.1499
vt 0.7891 0.8513
vn 0.6250 0.0973 -0.7746
v 2.0390 0.0123 1.0498
vt 0.7895 0.8354
vn 0.6250 0.0973 -0.7746
v 1.8624 0.0535 0.9887
vt 0.7845 0.8354
vn 0.0556 0.2300 -0.9716
f 2267/2267/2267 2268/2268/2268 2269/2269/2269 2270/2270/2270
v 2.0267 0.9408 0.3091
vt 0.1768 0.3324
vn 0.0958 0.4720 -0.8764
v 2.1854 1.9294 1.0405
vt 0.1768 0.3722
vn 0.1132 0.5792 -0.8073
v 2.5263 1.8499 1.1584
vt 0.1866 0.3722
vn 0.6263 0.4595 -0.6298
v 2.6765 0.7893 0.5339
vt 0.1954 0.3324
vn 0.6367 0.3459 -0.6892
f 2271/2271/2271 2272/2272/2272 2273/2273/2273 2274/2274/2274
v 3.0581 0.6205 1.1010
vt 0.2069 0.3324
vn 0.9543 0.2054 -0.2172
v 2.7265 1.7613 1.4560
vt 0.1926 0.3722
vn 0.9276 0.3262 -0.1820
v 2.7095 1.6975 1.8194
vt 0.1926 0.3722
vn 0.9021 0.2301 0.3651
v 3.0257 0.4989 1.7937
vt 0.2069 0.3324
vn 0.9274 0.1042 0.3594
f 2275/2275/2275 2276/2276/2276 2277/2277/2277 2278/2278/2278
v 1.3570 1.0171 0.5123
vt 0.1582 0.3324
vn -0.4616 0.5355 -0.7072
v 1.8341 1.9694 1.1471
vt 0.1670 0.3722
vn -0.4157 0.6394 -0.6468
v 2.1854 1.9294 1.0405
vt 0.1768 0.3722
vn 0.1132 0.5792 -0.8073
v 2.0267 0.9408 0.3091
vt 0.1768 0.3324
vn 0.0958 0.4720 -0.8764
f 2279/2279/2279 2280/2280/2280 2281/2281/2281 2282/2282/2282
v 0.9231 0.9891 1.0661
vt 0.1467 0.3324
vn -0.8228 0.5122 -0.2463
v 1.6064 1.9547 1.4376
vt 0.1610 0.3722
vn -0.7583 0.6173 -0.2095
v 1.8341 1.9694 1.1471
vt 0.1670 0.3722
vn -0.4157 0.6394 -0.6468
v 1.3570 1.0171 0.5123
vt 0.1582 0.3324
vn -0.4616 0.5355 -0.7072
f 2283/2283/2283 2284/2284/2284 2285/2285/2285 2286/2286/2286
v 0.8908 0.8675 1.7588
vt 0.1467 0.3324
vn -0.8497 0.4110 0.3303
v 1.5895 1.8909 1.8011
vt 0.1610 0.3722
vn -0.7839 0.5212 0.3375
v 1.6064 1.9547 1.4376
vt 0.1610 0.3722
vn -0.7583 0.6173 -0.2095
v 0.9231 0.9891 1.0661
vt 0.1467 0.3324
vn -0.8228 0.5122 -0.2463
f 2287/2287/2287 2288/2288/2288 2289/2289/2289 2290/2290/2290
v 1.2723 0.6986 2.3259
vt 0.1582 0.3324
vn -0.5321 0.2704 0.8023
v 1.7897 1.8023 2.0986
vt 0.1670 0.3722
vn -0.4825 0.3879 0.7853
v 1.5895 1.8909 1.8011
vt 0.1610 0.3722
vn -0.7839 0.5212 0.3375
v 0.8908 0.8675 1.7588
vt 0.1467 0.3324
vn -0.8497 0.4110 0.3303
f 2291/2291/2291 2292/2292/2292 2293/2293/2293 2294/2294/2294
v 1.9221 0.5472 2.5507
vt 0.1768 0.3324
vn 0.0087 0.1443 0.9895
v 2.1305 1.7228 2.2165
vt 0.1768 0.3722
vn 0.0306 0.2683 0.9629
v 1.7897 1.8023 2.0986
vt 0.1670 0.3722
vn -0.4825 0.3879 0.7853
v 1.2723 0.6986 2.3259
vt 0.1582 0.3324
vn -0.5321 0.2704 0.8023
f 2295/2295/2295 2296/2296/2296 2297/2297/2297 2298/2298/2298
v 2.5918 0.4708 2.3474
vt 0.1954 0.3324
vn 0.5662 0.0808 0.8203
v 2.4819 1.6828 2.1099
vt 0.1866 0.3722
vn 0.5594 0.2080 0.8023
v 2.1305 1.7228 2.2165
vt 0.1768 0.3722
vn 0.0306 0.2683 0.9629
v 1.9221 0.5472 2.5507
vt 0.1768 0.3324
vn 0.0087 0.1443 0.9895
f 2299/2299/2299 2300/2300/2300 2301/2301/2301 2302/2302/2302
v 3.0257 0.4989 1.7937
vt 0.2069 0.3324
vn 0.9274 0.1042 0.3594
v 2.7095 1.6975 1.8194
vt 0.1926 0.3722
vn 0.9021 0.2301 0.3651
v 2.4819 1.6828 2.1099
vt 0.1866 0.3722
vn 0.5594 0.2080 0.8023
v 2.5918 0.4708 2.3474
vt 0.1954 0.3324
vn 0.5662 0.0808 0.8203
f 2303/2303/2303 2304/2304/2304 2305/2305/2305 2306/2306/2306
v 2.6765 0.7893 0.5339
vt 0.1954 0.3324
vn 0.6367 0.3459 -0.6892
v 2.5263 1.8499 1.1584
vt 0.1866 0.3722
vn 0.6263 0.4595 -0.6298
v 2.7265 1.7613 1.4560
vt 0.1926 0.3722
vn 0.9276 0.3262 -0.1820
v 3.0581 0.6205 1.1010
vt 0.2069 0.3324
vn 0.9543 0.2054 -0.2172
f 2307/2307/2307 2308/2308/2308 2309/2309/2309 2310/2310/2310
v 2.7552 2.0999 0.9614
vt 0.1916 0.3809
vn 0.6367 0.3441 -0.6900
v 2.5745 3.4089 1.7263
vt 0.1808 0.4769
vn 0.5955 0.6020 -0.5320
v 2.6558 3.3730 1.8471
vt 0.1832 0.4769
vn 0.8666 0.4820 -0.1291
v 3.0579 1.9660 1.4113
vt 0.2007 0.3809
vn 0.9546 0.2035 -0.2177
f 2311/2311/2311 2312/2312/2312 2313/2313/2313 2314/2314/2314
v 3.0323 1.8695 1.9608
vt 0.2007 0.3809
vn 0.9276 0.1022 0.3592
v 2.6489 3.3470 1.9948
vt 0.1832 0.4769
vn 0.8436 0.3956 0.3631
v 2.5564 3.3411 2.1128
vt 0.1808 0.4769
vn 0.5353 0.3757 0.7565
v 2.6881 1.8473 2.4000
vt 0.1916 0.3809
vn 0.5662 0.0788 0.8205
f 2315/2315/2315 2316/2316/2316 2317/2317/2317 2318/2318/2318
v 2.6881 1.8473 2.4000
vt 0.1916 0.3809
vn 0.5662 0.0788 0.8205
v 2.5564 3.3411 2.1128
vt 0.1808 0.4769
vn 0.5353 0.3757 0.7565
v 2.4137 3.3573 2.1561
vt 0.1768 0.4769
vn 0.0595 0.4299 0.9009
v 2.1568 1.9078 2.5613
vt 0.1768 0.3809
vn 0.0084 0.1424 0.9898
f 2319/2319/2319 2320/2320/2320 2321/2321/2321 2322/2322/2322
v 2.1568 1.9078 2.5613
vt 0.1768 0.3809
vn 0.0084 0.1424 0.9898
v 2.4137 3.3573 2.1561
vt 0.1768 0.4769
vn 0.0595 0.4299 0.9009
v 2.2752 3.3896 2.1082
vt 0.1728 0.4769
vn -0.4022 0.5376 0.7412
v 1.6414 2.0280 2.3829
vt 0.1620 0.3809
vn -0.5328 0.2686 0.8025
f 2323/2323/2323 2324/2324/2324 2325/2325/2325 2326/2326/2326
v 1.6414 2.0280 2.3829
vt 0.1620 0.3809
vn -0.5328 0.2686 0.8025
v 2.2752 3.3896 2.1082
vt 0.1728 0.4769
vn -0.4022 0.5376 0.7412
v 2.1939 3.4256 1.9873
vt 0.1704 0.4769
vn -0.6733 0.6575 0.3383
v 1.3387 2.1619 1.9331
vt 0.1529 0.3809
vn -0.8506 0.4092 0.3302
f 2327/2327/2327 2328/2328/2328 2329/2329/2329 2330/2330/2330
v 1.3387 2.1619 1.9331
vt 0.1529 0.3809
vn -0.8506 0.4092 0.3302
v 2.1939 3.4256 1.9873
vt 0.1704 0.4769
vn -0.6733 0.6575 0.3383
v 2.2008 3.4515 1.8397
vt 0.1704 0.4769
vn -0.6503 0.7439 -0.1539
v 1.3644 2.2584 1.3836
vt 0.1529 0.3809
vn -0.8237 0.5105 -0.2468
f 2331/2331/2331 2332/2332/2332 2333/2333/2333 2334/2334/2334
v 1.3644 2.2584 1.3836
vt 0.1529 0.3809
vn -0.8237 0.5105 -0.2468
v 2.2008 3.4515 1.8397
vt 0.1704 0.4769
vn -0.6503 0.7439 -0.1539
v 2.2933 3.4575 1.7217
vt 0.1728 0.4769
vn -0.3420 0.7638 -0.5473
v 1.7086 2.2806 0.9443
vt 0.1620 0.3809
vn -0.4623 0.5339 -0.7080
f 2335/2335/2335 2336/2336/2336 2337/2337/2337 2338/2338/2338
v 1.7086 2.2806 0.9443
vt 0.1620 0.3809
vn -0.4623 0.5339 -0.7080
v 2.2933 3.4575 1.7217
vt 0.1728 0.4769
vn -0.3420 0.7638 -0.5473
v 2.4360 3.4412 1.6784
vt 0.1768 0.4769
vn 0.1338 0.7096 -0.6918
v 2.2398 2.2201 0.7831
vt 0.1768 0.3809
vn 0.0955 0.4703 -0.8773
f 2339/2339/2339 2340/2340/2340 2341/2341/2341 2342/2342/2342
v 3.0579 1.9660 1.4113
vt 0.2007 0.3809
vn 0.9546 0.2035 -0.2177
v 2.6558 3.3730 1.8471
vt 0.1832 0.4769
vn 0.8666 0.4820 -0.1291
v 2.6489 3.3470 1.9948
vt 0.1832 0.4769
vn 0.8436 0.3956 0.3631
v 3.0323 1.8695 1.9608
vt 0.2007 0.3809
vn 0.9276 0.1022 0.3592
f 2343/2343/2343 2344/2344/2344 2345/2345/2345 2346/2346/2346
v 2.2398 2.2201 0.7831
vt 0.1768 0.3809
vn 0.0955 0.4703 -0.8773
v 2.7552 2.0999 0.9614
vt 0.1916 0.3809
vn 0.6367 0.3441 -0.6900
v 2.7510 1.9773 0.9174
vt 0.1920 0.3764
vn 0.6370 0.2407 -0.7323
v 2.2201 2.1011 0.7337
vt 0.1768 0.3764
vn 0.0792 0.3708 -0.9253
f 2347/2347/2347 2348/2348/2348 2349/2349/2349 2350/2350/2350
v 2.2201 2.1011 0.7337
vt 0.1768 0.3764
vn -0.0510 -0.3830 -0.9223
v 2.7510 1.9773 0.9174
vt 0.1920 0.3764
vn 0.4275 -0.4945 -0.7568
v 2.6983 1.8843 0.9484
vt 0.1910 0.3730
vn 0.4275 -0.4945 -0.7568
v 2.2019 2.0000 0.7766
vt 0.1768 0.3730
vn -0.0510 -0.3830 -0.9223
f 2351/2351/2351 2352/2352/2352 2353/2353/2353 2354/2354/2354
v 2.9898 1.7553 1.3816
vt 0.1998 0.3262
vn -0.0796 -0.9759 -0.2030
v 2.7265 1.7613 1.4560
vt 0.1926 0.3253
vn -0.0796 -0.9759 -0.2030
v 2.5263 1.8499 1.1584
vt 0.1866 0.3253
vn -0.1093 -0.9628 -0.2471
v 2.6983 1.8843 0.9484
vt 0.1910 0.3262
vn -0.1093 -0.9628 -0.2471
f 2355/2355/2355 2356/2356/2356 2357/2357/2357 2358/2358/2358
v 2.7552 2.0999 0.9614
vt 0.1916 0.3809
vn 0.6367 0.3441 -0.6900
v 3.0579 1.9660 1.4113
vt 0.2007 0.3809
vn 0.9546 0.2035 -0.2177
v 3.0627 1.8393 1.3807
vt 0.2014 0.3764
vn 0.9647 0.0958 -0.2454
v 2.7510 1.9773 0.9174
vt 0.1920 0.3764
vn 0.6370 0.2407 -0.7323
f 2359/2359/2359 2360/2360/2360 2361/2361/2361 2362/2362/2362
v 2.7510 1.9773 0.9174
vt 0.1920 0.3764
vn 0.4275 -0.4945 -0.7568
v 3.0627 1.8393 1.3807
vt 0.2014 0.3764
vn 0.7085 -0.6189 -0.3391
v 2.9898 1.7553 1.3816
vt 0.1998 0.3730
vn 0.7085 -0.6189 -0.3391
v 2.6983 1.8843 0.9484
vt 0.1910 0.3730
vn 0.4275 -0.4945 -0.7568
f 2363/2363/2363 2364/2364/2364 2365/2365/2365 2366/2366/2366
v 2.9651 1.6624 1.9107
vt 0.1998 0.3262
vn -0.0821 -0.9854 -0.1490
v 2.7095 1.6975 1.8194
vt 0.1926 0.3253
vn -0.0821 -0.9854 -0.1490
v 2.7265 1.7613 1.4560
vt 0.1926 0.3253
vn -0.0796 -0.9759 -0.2030
v 2.9898 1.7553 1.3816
vt 0.1998 0.3262
vn -0.0796 -0.9759 -0.2030
f 2367/2367/2367 2368/2368/2368 2369/2369/2369 2370/2370/2370
v 3.0579 1.9660 1.4113
vt 0.2007 0.3809
vn 0.9546 0.2035 -0.2177
v 3.0323 1.8695 1.9608
vt 0.2007 0.3809
vn 0.9276 0.1022 0.3592
v 3.0363 1.7399 1.9467
vt 0.2014 0.3764
vn 0.9369 -0.0087 0.3494
v 3.0627 1.8393 1.3807
vt 0.2014 0.3764
vn 0.9647 0.0958 -0.2454
f 2371/2371/2371 2372/2372/2372 2373/2373/2373 2374/2374/2374
v 3.0627 1.8393 1.3807
vt 0.2014 0.3764
vn 0.7085 -0.6189 -0.3391
v 3.0363 1.7399 1.9467
vt 0.2014 0.3764
vn 0.6847 -0.7085 0.1710
v 2.9651 1.6624 1.9107
vt 0.1998 0.3730
vn 0.6847 -0.7085 0.1710
v 2.9898 1.7553 1.3816
vt 0.1998 0.3730
vn 0.7085 -0.6189 -0.3391
f 2375/2375/2375 2376/2376/2376 2377/2377/2377 2378/2378/2378
v 2.6336 1.6410 2.3337
vt 0.1910 0.3262
vn -0.1159 -0.9876 -0.1059
v 2.4819 1.6828 2.1099
vt 0.1866 0.3253
vn -0.1159 -0.9876 -0.1059
v 2.7095 1.6975 1.8194
vt 0.1926 0.3253
vn -0.0821 -0.9854 -0.1490
v 2.9651 1.6624 1.9107
vt 0.1998 0.3262
vn -0.0821 -0.9854 -0.1490
f 2379/2379/2379 2380/2380/2380 2381/2381/2381 2382/2382/2382
v 3.0323 1.8695 1.9608
vt 0.2007 0.3809
vn 0.9276 0.1022 0.3592
v 2.6881 1.8473 2.4000
vt 0.1916 0.3809
vn 0.5662 0.0788 0.8205
v 2.6818 1.7171 2.3991
vt 0.1920 0.3764
vn 0.5644 -0.0327 0.8249
v 3.0363 1.7399 1.9467
vt 0.2014 0.3764
vn 0.9369 -0.0087 0.3494
f 2383/2383/2383 2384/2384/2384 2385/2385/2385 2386/2386/2386
v 3.0363 1.7399 1.9467
vt 0.2014 0.3764
vn 0.6847 -0.7085 0.1710
v 2.6818 1.7171 2.3991
vt 0.1920 0.3764
vn 0.3652 -0.7291 0.5788
v 2.6336 1.6410 2.3337
vt 0.1910 0.3730
vn 0.3651 -0.7291 0.5788
v 2.9651 1.6624 1.9107
vt 0.1998 0.3730
vn 0.6847 -0.7085 0.1710
f 2387/2387/2387 2388/2388/2388 2389/2389/2389 2390/2390/2390
v 2.1220 1.6993 2.4890
vt 0.1768 0.3262
vn -0.1680 -0.9817 -0.0901
v 2.1305 1.7228 2.2165
vt 0.1768 0.3253
vn -0.1680 -0.9817 -0.0901
v 2.4819 1.6828 2.1099
vt 0.1866 0.3253
vn -0.1159 -0.9876 -0.1059
v 2.6336 1.6410 2.3337
vt 0.1910 0.3262
vn -0.1159 -0.9876 -0.1059
f 2391/2391/2391 2392/2392/2392 2393/2393/2393 2394/2394/2394
v 2.6881 1.8473 2.4000
vt 0.1916 0.3809
vn 0.5662 0.0788 0.8205
v 2.1568 1.9078 2.5613
vt 0.1768 0.3809
vn 0.0084 0.1424 0.9898
v 2.1346 1.7794 2.5652
vt 0.1768 0.3764
vn -0.0107 0.0328 0.9994
v 2.6818 1.7171 2.3991
vt 0.1920 0.3764
vn 0.5644 -0.0327 0.8249
f 2395/2395/2395 2396/2396/2396 2397/2397/2397 2398/2398/2398
v 2.6818 1.7171 2.3991
vt 0.1920 0.3764
vn 0.3652 -0.7291 0.5788
v 2.1346 1.7794 2.5652
vt 0.1768 0.3764
vn -0.1281 -0.6729 0.7286
v 2.1220 1.6993 2.4890
vt 0.1768 0.3730
vn -0.1281 -0.6729 0.7286
v 2.6336 1.6410 2.3337
vt 0.1910 0.3730
vn 0.3651 -0.7291 0.5788
f 2399/2399/2399 2400/2400/2400 2401/2401/2401 2402/2402/2402
v 1.6257 1.8150 2.3173
vt 0.1626 0.3262
vn -0.2186 -0.9699 -0.1076
v 1.7897 1.8023 2.0986
vt 0.1670 0.3253
vn -0.2186 -0.9699 -0.1076
v 2.1305 1.7228 2.2165
vt 0.1768 0.3253
vn -0.1680 -0.9817 -0.0901
v 2.1220 1.6993 2.4890
vt 0.1768 0.3262
vn -0.1680 -0.9817 -0.0901
f 2403/2403/2403 2404/2404/2404 2405/2405/2405 2406/2406/2406
v 2.1568 1.9078 2.5613
vt 0.1768 0.3809
vn 0.0084 0.1424 0.9898
v 1.6414 2.0280 2.3829
vt 0.1620 0.3809
vn -0.5328 0.2686 0.8025
v 1.6037 1.9032 2.3815
vt 0.1616 0.3764
vn -0.5686 0.1629 0.8063
v 2.1346 1.7794 2.5652
vt 0.1768 0.3764
vn -0.0107 0.0328 0.9994
f 2407/2407/2407 2408/2408/2408 2409/2409/2409 2410/2410/2410
v 2.1346 1.7794 2.5652
vt 0.1768 0.3764
vn -0.1281 -0.6729 0.7286
v 1.6037 1.9032 2.3815
vt 0.1616 0.3764
vn -0.6066 -0.5613 0.5630
v 1.6257 1.8150 2.3173
vt 0.1626 0.3730
vn -0.6066 -0.5613 0.5630
v 2.1220 1.6993 2.4890
vt 0.1768 0.3730
vn -0.1281 -0.6729 0.7286
f 2411/2411/2411 2412/2412/2412 2413/2413/2413 2414/2414/2414
v 1.3342 1.9440 1.8841
vt 0.1538 0.3262
vn -0.2483 -0.9567 -0.1518
v 1.5895 1.8909 1.8011
vt 0.1610 0.3253
vn -0.2483 -0.9567 -0.1518
v 1.7897 1.8023 2.0986
vt 0.1670 0.3253
vn -0.2186 -0.9699 -0.1076
v 1.6257 1.8150 2.3173
vt 0.1626 0.3262
vn -0.2186 -0.9699 -0.1076
f 2415/2415/2415 2416/2416/2416 2417/2417/2417 2418/2418/2418
v 1.6414 2.0280 2.3829
vt 0.1620 0.3809
vn -0.5328 0.2686 0.8025
v 1.3387 2.1619 1.9331
vt 0.1529 0.3809
vn -0.8506 0.4092 0.3302
v 1.2919 2.0411 1.9182
vt 0.1522 0.3764
vn -0.8962 0.3078 0.3194
v 1.6037 1.9032 2.3815
vt 0.1616 0.3764
vn -0.5686 0.1629 0.8063
f 2419/2419/2419 2420/2420/2420 2421/2421/2421 2422/2422/2422
v 1.6037 1.9032 2.3815
vt 0.1616 0.3764
vn -0.6066 -0.5613 0.5630
v 1.2919 2.0411 1.9182
vt 0.1522 0.3764
vn -0.8876 -0.4370 0.1453
v 1.3342 1.9440 1.8841
vt 0.1538 0.3730
vn -0.8876 -0.4370 0.1453
v 1.6257 1.8150 2.3173
vt 0.1626 0.3730
vn -0.6066 -0.5613 0.5630
f 2423/2423/2423 2424/2424/2424 2425/2425/2425 2426/2426/2426
v 1.3589 2.0369 1.3549
vt 0.1538 0.3262
vn -0.2458 -0.9473 -0.2057
v 1.6064 1.9547 1.4376
vt 0.1610 0.3253
vn -0.2458 -0.9473 -0.2057
v 1.5895 1.8909 1.8011
vt 0.1610 0.3253
vn -0.2483 -0.9567 -0.1518
v 1.3342 1.9440 1.8841
vt 0.1538 0.3262
vn -0.2483 -0.9567 -0.1518
f 2427/2427/2427 2428/2428/2428 2429/2429/2429 2430/2430/2430
v 1.3387 2.1619 1.9331
vt 0.1529 0.3809
vn -0.8506 0.4092 0.3302
v 1.3644 2.2584 1.3836
vt 0.1529 0.3809
vn -0.8237 0.5105 -0.2468
v 1.3183 2.1405 1.3522
vt 0.1522 0.3764
vn -0.8685 0.4123 -0.2753
v 1.2919 2.0411 1.9182
vt 0.1522 0.3764
vn -0.8962 0.3078 0.3194
f 2431/2431/2431 2432/2432/2432 2433/2433/2433 2434/2434/2434
v 1.2919 2.0411 1.9182
vt 0.1522 0.3764
vn -0.8876 -0.4370 0.1453
v 1.3183 2.1405 1.3522
vt 0.1522 0.3764
vn -0.8638 -0.3474 -0.3648
v 1.3589 2.0369 1.3549
vt 0.1538 0.3730
vn -0.8638 -0.3474 -0.3648
v 1.3342 1.9440 1.8841
vt 0.1538 0.3730
vn -0.8876 -0.4370 0.1453
f 2435/2435/2435 2436/2436/2436 2437/2437/2437 2438/2438/2438
v 1.6903 2.0583 0.9319
vt 0.1626 0.3262
vn -0.2120 -0.9451 -0.2488
v 1.8341 1.9694 1.1471
vt 0.1670 0.3253
vn -0.2120 -0.9451 -0.2488
v 1.6064 1.9547 1.4376
vt 0.1610 0.3253
vn -0.2458 -0.9473 -0.2057
v 1.3589 2.0369 1.3549
vt 0.1538 0.3262
vn -0.2458 -0.9473 -0.2057
f 2439/2439/2439 2440/2440/2440 2441/2441/2441 2442/2442/2442
v 1.3644 2.2584 1.3836
vt 0.1529 0.3809
vn -0.8237 0.5105 -0.2468
v 1.7086 2.2806 0.9443
vt 0.1620 0.3809
vn -0.4623 0.5339 -0.7080
v 1.6729 2.1634 0.8998
vt 0.1616 0.3764
vn -0.4959 0.4363 -0.7508
v 1.3183 2.1405 1.3522
vt 0.1522 0.3764
vn -0.8685 0.4123 -0.2753
f 2443/2443/2443 2444/2444/2444 2445/2445/2445 2446/2446/2446
v 1.3183 2.1405 1.3522
vt 0.1522 0.3764
vn -0.8638 -0.3474 -0.3648
v 1.6729 2.1634 0.8998
vt 0.1616 0.3764
vn -0.5443 -0.3268 -0.7726
v 1.6903 2.0583 0.9319
vt 0.1626 0.3730
vn -0.5443 -0.3268 -0.7726
v 1.3589 2.0369 1.3549
vt 0.1538 0.3730
vn -0.8638 -0.3474 -0.3648
f 2447/2447/2447 2448/2448/2448 2449/2449/2449 2450/2450/2450
v 2.2019 2.0000 0.7766
vt 0.1768 0.3262
vn -0.1599 -0.9510 -0.2646
v 2.1854 1.9294 1.0405
vt 0.1768 0.3253
vn -0.1599 -0.9510 -0.2646
v 1.8341 1.9694 1.1471
vt 0.1670 0.3253
vn -0.2120 -0.9451 -0.2488
v 1.6903 2.0583 0.9319
vt 0.1626 0.3262
vn -0.2120 -0.9451 -0.2488
f 2451/2451/2451 2452/2452/2452 2453/2453/2453 2454/2454/2454
v 1.7086 2.2806 0.9443
vt 0.1620 0.3809
vn -0.4623 0.5339 -0.7080
v 2.2398 2.2201 0.7831
vt 0.1768 0.3809
vn 0.0955 0.4703 -0.8773
v 2.2201 2.1011 0.7337
vt 0.1768 0.3764
vn 0.0792 0.3708 -0.9253
v 1.6729 2.1634 0.8998
vt 0.1616 0.3764
vn -0.4959 0.4363 -0.7508
f 2455/2455/2455 2456/2456/2456 2457/2457/2457 2458/2458/2458
v 1.6729 2.1634 0.8998
vt 0.1616 0.3764
vn -0.5443 -0.3268 -0.7726
v 2.2201 2.1011 0.7337
vt 0.1768 0.3764
vn -0.0510 -0.3830 -0.9223
v 2.2019 2.0000 0.7766
vt 0.1768 0.3730
vn -0.0510 -0.3830 -0.9223
v 1.6903 2.0583 0.9319
vt 0.1626 0.3730
vn -0.5443 -0.3268 -0.7726
f 2459/2459/2459 2460/2460/2460 2461/2461/2461 2462/2462/2462
v 0.5404 1.6719 1.8147
vt 0.1910 0.3262
vn -0.0568 -0.9800 -0.1906
v 0.3974 1.6433 2.0048
vt 0.1866 0.3253
vn -0.0568 -0.9800 -0.1906
v 0.0923 1.6889 1.9075
vt 0.1768 0.3253
vn -0.1085 -0.9723 -0.2070
v 0.0962 1.7384 1.6731
vt 0.1768 0.3262
vn -0.1085 -0.9723 -0.2070
f 2463/2463/2463 2464/2464/2464 2465/2465/2465 2466/2466/2466
v 2.5745 3.4089 1.7263
vt 0.1808 0.4769
vn 0.5955 0.6020 -0.5320
v 2.5171 3.5067 1.8406
vt 0.1788 0.4807
vn 0.4285 0.8807 -0.2019
v 2.5578 3.4887 1.9010
vt 0.1800 0.4807
vn 0.5820 0.8128 0.0261
v 2.6558 3.3730 1.8471
vt 0.1832 0.4769
vn 0.8666 0.4820 -0.1291
f 2467/2467/2467 2468/2468/2468 2469/2469/2469 2470/2470/2470
v 2.5171 3.5067 1.8406
vt 0.1788 0.4807
vn 0.4285 0.8807 -0.2019
v 2.4478 3.5229 1.8166
vt 0.1768 0.4807
vn 0.1673 0.9416 -0.2923
v 2.4450 3.5178 1.9390
vt 0.1768 0.4813
vn 0.1646 0.9702 0.1781
f 2471/2471/2471 2472/2472/2472 2473/2473/2473
v 2.6558 3.3730 1.8471
vt 0.1832 0.4769
vn 0.8666 0.4820 -0.1291
v 2.5578 3.4887 1.9010
vt 0.1800 0.4807
vn 0.5820 0.8128 0.0261
v 2.5543 3.4758 1.9749
vt 0.1800 0.4807
vn 0.5690 0.7639 0.3045
v 2.6489 3.3470 1.9948
vt 0.1832 0.4769
vn 0.8436 0.3956 0.3631
f 2474/2474/2474 2475/2475/2475 2476/2476/2476 2477/2477/2477
v 2.5578 3.4887 1.9010
vt 0.1800 0.4807
vn 0.5820 0.8128 0.0261
v 2.5171 3.5067 1.8406
vt 0.1788 0.4807
vn 0.4285 0.8807 -0.2019
v 2.4450 3.5178 1.9390
vt 0.1768 0.4813
vn 0.1646 0.9702 0.1781
f 2478/2478/2478 2479/2479/2479 2480/2480/2480
v 2.6489 3.3470 1.9948
vt 0.1832 0.4769
vn 0.8436 0.3956 0.3631
v 2.5543 3.4758 1.9749
vt 0.1800 0.4807
vn 0.5690 0.7639 0.3045
v 2.5081 3.4728 2.0339
vt 0.1788 0.4807
vn 0.3945 0.7526 0.5272
v 2.5564 3.3411 2.1128
vt 0.1808 0.4769
vn 0.5353 0.3757 0.7565
f 2481/2481/2481 2482/2482/2482 2483/2483/2483 2484/2484/2484
v 2.5543 3.4758 1.9749
vt 0.1800 0.4807
vn 0.5690 0.7639 0.3045
v 2.5578 3.4887 1.9010
vt 0.1800 0.4807
vn 0.5820 0.8128 0.0261
v 2.4450 3.5178 1.9390
vt 0.1768 0.4813
vn 0.1646 0.9702 0.1781
f 2485/2485/2485 2486/2486/2486 2487/2487/2487
v 2.5564 3.3411 2.1128
vt 0.1808 0.4769
vn 0.5353 0.3757 0.7565
v 2.5081 3.4728 2.0339
vt 0.1788 0.4807
vn 0.3945 0.7526 0.5272
v 2.4367 3.4809 2.0555
vt 0.1768 0.4807
vn 0.1253 0.7833 0.6089
v 2.4137 3.3573 2.1561
vt 0.1768 0.4769
vn 0.0595 0.4299 0.9009
f 2488/2488/2488 2489/2489/2489 2490/2490/2490 2491/2491/2491
v 2.5081 3.4728 2.0339
vt 0.1788 0.4807
vn 0.3945 0.7526 0.5272
v 2.5543 3.4758 1.9749
vt 0.1800 0.4807
vn 0.5690 0.7639 0.3045
v 2.4450 3.5178 1.9390
vt 0.1768 0.4813
vn 0.1646 0.9702 0.1781
f 2492/2492/2492 2493/2493/2493 2494/2494/2494
v 2.4137 3.3573 2.1561
vt 0.1768 0.4769
vn 0.0595 0.4299 0.9009
v 2.4367 3.4809 2.0555
vt 0.1768 0.4807
vn 0.1253 0.7833 0.6089
v 2.3674 3.4970 2.0316
vt 0.1748 0.4807
vn -0.1359 0.8442 0.5185
v 2.2752 3.3896 2.1082
vt 0.1728 0.4769
vn -0.4022 0.5376 0.7412
f 2495/2495/2495 2496/2496/2496 2497/2497/2497 2498/2498/2498
v 2.4367 3.4809 2.0555
vt 0.1768 0.4807
vn 0.1253 0.7833 0.6089
v 2.5081 3.4728 2.0339
vt 0.1788 0.4807
vn 0.3945 0.7526 0.5272
v 2.4450 3.5178 1.9390
vt 0.1768 0.4813
vn 0.1646 0.9702 0.1781
f 2499/2499/2499 2500/2500/2500 2501/2501/2501
v 2.2752 3.3896 2.1082
vt 0.1728 0.4769
vn -0.4022 0.5376 0.7412
v 2.3674 3.4970 2.0316
vt 0.1748 0.4807
vn -0.1359 0.8442 0.5185
v 2.3268 3.5150 1.9711
vt 0.1736 0.4807
vn -0.2893 0.9121 0.2905
v 2.1939 3.4256 1.9873
vt 0.1704 0.4769
vn -0.6733 0.6575 0.3383
f 2502/2502/2502 2503/2503/2503 2504/2504/2504 2505/2505/2505
v 2.3674 3.4970 2.0316
vt 0.1748 0.4807
vn -0.1359 0.8442 0.5185
v 2.4367 3.4809 2.0555
vt 0.1768 0.4807
vn 0.1253 0.7833 0.6089
v 2.4450 3.5178 1.9390
vt 0.1768 0.4813
vn 0.1646 0.9702 0.1781
f 2506/2506/2506 2507/2507/2507 2508/2508/2508
v 2.1939 3.4256 1.9873
vt 0.1704 0.4769
vn -0.6733 0.6575 0.3383
v 2.3268 3.5150 1.9711
vt 0.1736 0.4807
vn -0.2893 0.9121 0.2905
v 2.3302 3.5280 1.8973
vt 0.1736 0.4807
vn -0.2763 0.9610 0.0120
v 2.2008 3.4515 1.8397
vt 0.1704 0.4769
vn -0.6503 0.7439 -0.1539
f 2509/2509/2509 2510/2510/2510 2511/2511/2511 2512/2512/2512
v 2.3268 3.5150 1.9711
vt 0.1736 0.4807
vn -0.2893 0.9121 0.2905
v 2.3674 3.4970 2.0316
vt 0.1748 0.4807
vn -0.1359 0.8442 0.5185
v 2.4450 3.5178 1.9390
vt 0.1768 0.4813
vn 0.1646 0.9702 0.1781
f 2513/2513/2513 2514/2514/2514 2515/2515/2515
v 2.2008 3.4515 1.8397
vt 0.1704 0.4769
vn -0.6503 0.7439 -0.1539
v 2.3302 3.5280 1.8973
vt 0.1736 0.4807
vn -0.2763 0.9610 0.0120
v 2.3765 3.5310 1.8383
vt 0.1748 0.4807
vn -0.1019 0.9723 -0.2106
v 2.2933 3.4575 1.7217
vt 0.1728 0.4769
vn -0.3420 0.7638 -0.5473
f 2516/2516/2516 2517/2517/2517 2518/2518/2518 2519/2519/2519
v 2.3302 3.5280 1.8973
vt 0.1736 0.4807
vn -0.2763 0.9610 0.0120
v 2.3268 3.5150 1.9711
vt 0.1736 0.4807
vn -0.2893 0.9121 0.2905
v 2.4450 3.5178 1.9390
vt 0.1768 0.4813
vn 0.1646 0.9702 0.1781
f 2520/2520/2520 2521/2521/2521 2522/2522/2522
v 2.2933 3.4575 1.7217
vt 0.1728 0.4769
vn -0.3420 0.7638 -0.5473
v 2.3765 3.5310 1.8383
vt 0.1748 0.4807
vn -0.1019 0.9723 -0.2106
v 2.4478 3.5229 1.8166
vt 0.1768 0.4807
vn 0.1673 0.9416 -0.2923
v 2.4360 3.4412 1.6784
vt 0.1768 0.4769
vn 0.1338 0.7096 -0.6918
f 2523/2523/2523 2524/2524/2524 2525/2525/2525 2526/2526/2526
v 2.3765 3.5310 1.8383
vt 0.1748 0.4807
vn -0.1019 0.9723 -0.2106
v 2.3302 3.5280 1.8973
vt 0.1736 0.4807
vn -0.2763 0.9610 0.0120
v 2.4450 3.5178 1.9390
vt 0.1768 0.4813
vn 0.1646 0.9702 0.1781
f 2527/2527/2527 2528/2528/2528 2529/2529/2529
v 0.2458 3.0529 2.3857
vt 0.1768 0.4769
vn 0.0696 0.6762 -0.7334
v 0.2552 3.1316 2.5023
vt 0.1768 0.4807
vn 0.1004 0.9319 -0.3485
v 0.3172 3.1223 2.5220
vt 0.1788 0.4807
vn 0.3674 0.8920 -0.2634
v 0.3697 3.0344 2.4252
vt 0.1808 0.4769
vn 0.5415 0.6057 -0.5831
f 2530/2530/2530 2531/2531/2531 2532/2532/2532 2533/2533/2533
v 2.4478 3.5229 1.8166
vt 0.1768 0.4807
vn 0.1673 0.9416 -0.2923
v 2.3765 3.5310 1.8383
vt 0.1748 0.4807
vn -0.1019 0.9723 -0.2106
v 2.4450 3.5178 1.9390
vt 0.1768 0.4813
vn 0.1646 0.9702 0.1781
f 2534/2534/2534 2535/2535/2535 2536/2536/2536
v 2.2398 2.2201 0.7831
vt 0.1768 0.3809
vn 0.0955 0.4703 -0.8773
v 2.4360 3.4412 1.6784
vt 0.1768 0.4769
vn 0.1338 0.7096 -0.6918
v 2.5745 3.4089 1.7263
vt 0.1808 0.4769
vn 0.5955 0.6020 -0.5320
v 2.7552 2.0999 0.9614
vt 0.1916 0.3809
vn 0.6367 0.3441 -0.6900
f 2537/2537/2537 2538/2538/2538 2539/2539/2539 2540/2540/2540
v 1.6521 0.4627 1.4544
vt 0.7770 0.8513
vn -0.9398 0.1657 0.2988
v 1.6601 0.4929 1.2822
vt 0.7770 0.8513
vn -0.9115 0.2723 -0.3082
v 1.5624 0.0666 1.1944
vt 0.7763 0.8354
vn -0.9115 0.2723 -0.3082
v 1.5536 0.0336 1.3827
vt 0.7763 0.8354
vn -0.9398 0.1657 0.2988
f 2541/2541/2541 2542/2542/2542 2543/2543/2543 2544/2544/2544
v 2.0750 0.3641 1.6007
vt 0.7891 0.8513
vn 0.5508 -0.1818 0.8146
v 1.9085 0.3831 1.6513
vt 0.7845 0.8513
vn -0.0361 -0.1150 0.9927
v 1.8340 -0.0535 1.5980
vt 0.7845 0.8354
vn -0.0361 -0.1150 0.9927
v 2.0160 -0.0743 1.5428
vt 0.7895 0.8354
vn 0.5508 -0.1818 0.8146
f 2545/2545/2545 2546/2546/2546 2547/2547/2547 2548/2548/2548
v 2.0960 0.4433 1.1499
vt 0.7891 0.8513
vn 0.6250 0.0973 -0.7746
v 2.1909 0.4013 1.2909
vt 0.7920 0.8513
vn 0.9593 -0.0507 -0.2776
v 2.1427 -0.0336 1.2039
vt 0.7927 0.8354
vn 0.9593 -0.0507 -0.2777
v 2.0390 0.0123 1.0498
vt 0.7895 0.8354
vn 0.6250 0.0973 -0.7746
f 2549/2549/2549 2550/2550/2550 2551/2551/2551 2552/2552/2552
v 1.6601 0.4929 1.2822
vt 0.7770 0.8513
vn -0.9115 0.2723 -0.3082
v 1.7680 0.4999 1.1445
vt 0.7798 0.8513
vn -0.5313 0.2969 -0.7935
v 1.6804 0.0742 1.0439
vt 0.7794 0.8354
vn -0.5313 0.2969 -0.7935
v 1.5624 0.0666 1.1944
vt 0.7763 0.8354
vn -0.9115 0.2723 -0.3082
f 2553/2553/2553 2554/2554/2554 2555/2555/2555 2556/2556/2556
v 1.9085 0.3831 1.6513
vt 0.7845 0.8513
vn -0.0361 -0.1150 0.9927
v 1.7469 0.4207 1.5954
vt 0.7798 0.8513
vn -0.6054 0.0178 0.7957
v 1.6574 -0.0123 1.5369
vt 0.7794 0.8354
vn -0.6055 0.0178 0.7957
v 1.8340 -0.0535 1.5980
vt 0.7845 0.8354
vn -0.0361 -0.1150 0.9927
f 2557/2557/2557 2558/2558/2558 2559/2559/2559 2560/2560/2560
v 2.1909 0.4013 1.2909
vt 0.7920 0.8513
vn 0.9593 -0.0507 -0.2776
v 2.1828 0.3711 1.4631
vt 0.7920 0.8513
vn 0.9310 -0.1573 0.3294
v 2.1340 -0.0666 1.3922
vt 0.7927 0.8354
vn 0.9310 -0.1573 0.3294
v 2.1427 -0.0336 1.2039
vt 0.7927 0.8354
vn 0.9593 -0.0507 -0.2777
f 2561/2561/2561 2562/2562/2562 2563/2563/2563 2564/2564/2564
v 1.7680 0.4999 1.1445
vt 0.7798 0.8513
vn -0.5313 0.2969 -0.7935
v 1.9345 0.4809 1.0940
vt 0.7845 0.8513
vn 0.0556 0.2300 -0.9716
v 1.8624 0.0535 0.9887
vt 0.7845 0.8354
vn 0.0556 0.2300 -0.9716
v 1.6804 0.0742 1.0439
vt 0.7794 0.8354
vn -0.5313 0.2969 -0.7935
f 2565/2565/2565 2566/2566/2566 2567/2567/2567 2568/2568/2568
v 1.7469 0.4207 1.5954
vt 0.7798 0.8513
vn -0.6054 0.0178 0.7957
v 1.6521 0.4627 1.4544
vt 0.7770 0.8513
vn -0.9398 0.1657 0.2988
v 1.5536 0.0336 1.3827
vt 0.7763 0.8354
vn -0.9398 0.1657 0.2988
v 1.6574 -0.0123 1.5369
vt 0.7794 0.8354
vn -0.6055 0.0178 0.7957
f 2569/2569/2569 2570/2570/2570 2571/2571/2571 2572/2572/2572
v 2.1828 0.3711 1.4631
vt 0.7920 0.8513
vn 0.9310 -0.1573 0.3294
v 2.0750 0.3641 1.6007
vt 0.7891 0.8513
vn 0.5508 -0.1818 0.8146
v 2.0160 -0.0743 1.5428
vt 0.7895 0.8354
vn 0.5508 -0.1818 0.8146
v 2.1340 -0.0666 1.3922
vt 0.7927 0.8354
vn 0.9310 -0.1573 0.3294
f 2573/2573/2573 2574/2574/2574 2575/2575/2575 2576/2576/2576
v -0.0115 0.7818 1.3201
vt 0.1768 0.3324
vn 0.0410 0.4268 -0.9034
v 0.5700 0.6948 1.5054
vt 0.1954 0.3324
vn 0.5938 0.3441 -0.7273
v 0.5722 0.5569 1.4644
vt 0.1960 0.3266
vn 0.5994 0.2368 -0.7646
v -0.0267 0.6464 1.2736
vt 0.1768 0.3266
vn 0.0292 0.3221 -0.9462
f 2577/2577/2577 2578/2578/2578 2579/2579/2579 2580/2580/2580
v -0.0267 0.6464 1.2736
vt 0.1768 0.3266
vn -0.0541 -0.4368 -0.8980
v 0.5722 0.5569 1.4644
vt 0.1960 0.3266
vn 0.4350 -0.5099 -0.7421
v 0.5215 0.4530 1.5060
vt 0.1947 0.3224
vn 0.4350 -0.5099 -0.7421
v -0.0385 0.5367 1.3276
vt 0.1768 0.3224
vn -0.0541 -0.4368 -0.8980
f 2581/2581/2581 2582/2582/2582 2583/2583/2583 2584/2584/2584
v 0.1860 0.3681 2.1991
vt 0.1843 0.2740
vn -0.0593 -0.9890 -0.1359
v 0.0973 0.3928 2.0766
vt 0.1814 0.2740
vn -0.0782 -0.9837 -0.1620
v 0.5215 0.4530 1.5060
vt 0.1947 0.2755
vn -0.0782 -0.9837 -0.1620
v 0.8652 0.3574 1.9806
vt 0.2058 0.2755
vn -0.0593 -0.9890 -0.1359
f 2585/2585/2585 2586/2586/2586 2587/2587/2587 2588/2588/2588
v 0.5700 0.6948 1.5054
vt 0.1954 0.3324
vn 0.5938 0.3441 -0.7273
v 0.9269 0.5956 1.9981
vt 0.2069 0.3324
vn 0.9331 0.2497 -0.2589
v 0.9398 0.4546 1.9720
vt 0.2078 0.3266
vn 0.9494 0.1395 -0.2814
v 0.5722 0.5569 1.4644
vt 0.1960 0.3266
vn 0.5994 0.2368 -0.7646
f 2589/2589/2589 2590/2590/2590 2591/2591/2591 2592/2592/2592
v 0.5722 0.5569 1.4644
vt 0.1960 0.3266
vn 0.4350 -0.5099 -0.7421
v 0.9398 0.4546 1.9720
vt 0.2078 0.3266
vn 0.7352 -0.5934 -0.3277
v 0.8652 0.3574 1.9806
vt 0.2058 0.3224
vn 0.7352 -0.5934 -0.3277
v 0.5215 0.4530 1.5060
vt 0.1947 0.3224
vn 0.4350 -0.5099 -0.7421
f 2593/2593/2593 2594/2594/2594 2595/2595/2595 2596/2596/2596
v 0.1850 0.3498 2.3513
vt 0.1843 0.2740
vn -0.0595 -0.9929 -0.1034
v 0.1860 0.3681 2.1991
vt 0.1843 0.2740
vn -0.0593 -0.9890 -0.1359
v 0.8652 0.3574 1.9806
vt 0.2058 0.2755
vn -0.0593 -0.9890 -0.1359
v 0.8613 0.2865 2.5700
vt 0.2058 0.2755
vn -0.0595 -0.9929 -0.1034
f 2597/2597/2597 2598/2598/2598 2599/2599/2599 2600/2600/2600
v 0.9269 0.5956 1.9981
vt 0.2069 0.3324
vn 0.9331 0.2497 -0.2589
v 0.9228 0.5219 2.6102
vt 0.2069 0.3324
vn 0.9292 0.1797 0.3229
v 0.9357 0.3787 2.6024
vt 0.2078 0.3266
vn 0.9454 0.0673 0.3188
v 0.9398 0.4546 1.9720
vt 0.2078 0.3266
vn 0.9494 0.1395 -0.2814
f 2601/2601/2601 2602/2602/2602 2603/2603/2603 2604/2604/2604
v 0.9398 0.4546 1.9720
vt 0.2078 0.3266
vn 0.7352 -0.5934 -0.3277
v 0.9357 0.3787 2.6024
vt 0.2078 0.3266
vn 0.7318 -0.6553 0.1871
v 0.8613 0.2865 2.5700
vt 0.2058 0.3224
vn 0.7318 -0.6553 0.1871
v 0.8652 0.3574 1.9806
vt 0.2058 0.3224
vn 0.7352 -0.5934 -0.3277
f 2605/2605/2605 2606/2606/2606 2607/2607/2607 2608/2608/2608
v 0.0946 0.3448 2.4750
vt 0.1814 0.2740
vn -0.0788 -0.9939 -0.0770
v 0.1850 0.3498 2.3513
vt 0.1843 0.2740
vn -0.0595 -0.9929 -0.1034
v 0.8613 0.2865 2.5700
vt 0.2058 0.2755
vn -0.0595 -0.9929 -0.1034
v 0.5113 0.2673 3.0491
vt 0.1947 0.2755
vn -0.0788 -0.9939 -0.0770
f 2609/2609/2609 2610/2610/2610 2611/2611/2611 2612/2612/2612
v 0.9228 0.5219 2.6102
vt 0.2069 0.3324
vn 0.9292 0.1797 0.3229
v 0.5594 0.5020 3.1078
vt 0.1954 0.3324
vn 0.5837 0.1608 0.7959
v 0.5613 0.3582 3.1149
vt 0.1960 0.3266
vn 0.5890 0.0478 0.8067
v 0.9357 0.3787 2.6024
vt 0.2078 0.3266
vn 0.9454 0.0673 0.3188
f 2613/2613/2613 2614/2614/2614 2615/2615/2615 2616/2616/2616
v 0.9357 0.3787 2.6024
vt 0.2078 0.3266
vn 0.7318 -0.6553 0.1871
v 0.5613 0.3582 3.1149
vt 0.1960 0.3266
vn 0.4261 -0.6721 0.6056
v 0.5113 0.2673 3.0491
vt 0.1947 0.3224
vn 0.4261 -0.6721 0.6056
v 0.8613 0.2865 2.5700
vt 0.2058 0.3224
vn 0.7318 -0.6553 0.1871
f 2617/2617/2617 2618/2618/2618 2619/2619/2619 2620/2620/2620
v -0.0505 0.3551 2.5230
vt 0.1768 0.2740
vn -0.1097 -0.9917 -0.0668
v 0.0946 0.3448 2.4750
vt 0.1814 0.2740
vn -0.0788 -0.9939 -0.0770
v 0.5113 0.2673 3.0491
vt 0.1947 0.2755
vn -0.0788 -0.9939 -0.0770
v -0.0511 0.3072 3.2350
vt 0.1768 0.2755
vn -0.1097 -0.9917 -0.0668
f 2621/2621/2621 2622/2622/2622 2623/2623/2623 2624/2624/2624
v 0.5594 0.5020 3.1078
vt 0.1954 0.3324
vn 0.5837 0.1608 0.7959
v -0.0246 0.5434 3.3007
vt 0.1768 0.3324
vn 0.0285 0.2002 0.9793
v -0.0403 0.4009 3.3137
vt 0.1768 0.3266
vn 0.0163 0.0884 0.9960
v 0.5613 0.3582 3.1149
vt 0.1960 0.3266
vn 0.5890 0.0478 0.8067
f 2625/2625/2625 2626/2626/2626 2627/2627/2627 2628/2628/2628
v 0.5613 0.3582 3.1149
vt 0.1960 0.3266
vn 0.4261 -0.6721 0.6056
v -0.0403 0.4009 3.3137
vt 0.1768 0.3266
vn -0.0651 -0.6372 0.7679
v -0.0511 0.3072 3.2350
vt 0.1768 0.3224
vn -0.0651 -0.6372 0.7679
v 0.5113 0.2673 3.0491
vt 0.1947 0.3224
vn 0.4261 -0.6721 0.6056
f 2629/2629/2629 2630/2630/2630 2631/2631/2631 2632/2632/2632
v -0.1951 0.3768 2.4769
vt 0.1722 0.2740
vn -0.1405 -0.9871 -0.0766
v -0.0505 0.3551 2.5230
vt 0.1768 0.2740
vn -0.1097 -0.9917 -0.0668
v -0.0511 0.3072 3.2350
vt 0.1768 0.2755
vn -0.1097 -0.9917 -0.0668
v -0.6111 0.3910 3.0565
vt 0.1589 0.2755
vn -0.1405 -0.9871 -0.0766
f 2633/2633/2633 2634/2634/2634 2635/2635/2635 2636/2636/2636
v -0.0246 0.5434 3.3007
vt 0.1768 0.3324
vn 0.0285 0.2002 0.9793
v -0.6062 0.6304 3.1155
vt 0.1582 0.3324
vn -0.5242 0.2829 0.8032
v -0.6392 0.4905 3.1228
vt 0.1576 0.3266
vn -0.5539 0.1737 0.8143
v -0.0403 0.4009 3.3137
vt 0.1768 0.3266
vn 0.0163 0.0884 0.9960
f 2637/2637/2637 2638/2638/2638 2639/2639/2639 2640/2640/2640
v -0.0403 0.4009 3.3137
vt 0.1768 0.3266
vn -0.0651 -0.6372 0.7679
v -0.6392 0.4905 3.1228
vt 0.1576 0.3266
vn -0.5542 -0.5641 0.6121
v -0.6111 0.3910 3.0565
vt 0.1589 0.3224
vn -0.5542 -0.5641 0.6121
v -0.0511 0.3072 3.2350
vt 0.1768 0.3224
vn -0.0651 -0.6372 0.7679
f 2641/2641/2641 2642/2642/2642 2643/2643/2643 2644/2644/2644
v -0.2838 0.4014 2.3544
vt 0.1693 0.2740
vn -0.1594 -0.9818 -0.1028
v -0.1951 0.3768 2.4769
vt 0.1722 0.2740
vn -0.1405 -0.9871 -0.0766
v -0.6111 0.3910 3.0565
vt 0.1589 0.2755
vn -0.1405 -0.9871 -0.0766
v -0.9548 0.4866 2.5820
vt 0.1478 0.2755
vn -0.1594 -0.9818 -0.1028
f 2645/2645/2645 2646/2646/2646 2647/2647/2647 2648/2648/2648
v -0.6062 0.6304 3.1155
vt 0.1582 0.3324
vn -0.5242 0.2829 0.8032
v -0.9630 0.7297 2.6227
vt 0.1467 0.3324
vn -0.8635 0.3772 0.3348
v -1.0068 0.5928 2.6152
vt 0.1458 0.3266
vn -0.9038 0.2710 0.3311
v -0.6392 0.4905 3.1228
vt 0.1576 0.3266
vn -0.5539 0.1737 0.8143
f 2649/2649/2649 2650/2650/2650 2651/2651/2651 2652/2652/2652
v -0.6392 0.4905 3.1228
vt 0.1576 0.3266
vn -0.5542 -0.5641 0.6121
v -1.0068 0.5928 2.6152
vt 0.1458 0.3266
vn -0.8544 -0.4806 0.1976
v -0.9548 0.4866 2.5820
vt 0.1478 0.3224
vn -0.8544 -0.4806 0.1976
v -0.6111 0.3910 3.0565
vt 0.1589 0.3224
vn -0.5542 -0.5641 0.6121
f 2653/2653/2653 2654/2654/2654 2655/2655/2655 2656/2656/2656
v -0.2828 0.4197 2.2023
vt 0.1693 0.2740
vn -0.1592 -0.9779 -0.1352
v -0.2838 0.4014 2.3544
vt 0.1693 0.2740
vn -0.1594 -0.9818 -0.1028
v -0.9548 0.4866 2.5820
vt 0.1478 0.2755
vn -0.1594 -0.9818 -0.1028
v -0.9509 0.5575 1.9926
vt 0.1478 0.2755
vn -0.1592 -0.9779 -0.1352
f 2657/2657/2657 2658/2658/2658 2659/2659/2659 2660/2660/2660
v -0.9630 0.7297 2.6227
vt 0.1467 0.3324
vn -0.8635 0.3772 0.3348
v -0.9590 0.8033 2.0106
vt 0.1467 0.3324
vn -0.8596 0.4472 -0.2470
v -1.0026 0.6686 1.9848
vt 0.1458 0.3266
vn -0.8999 0.3432 -0.2691
v -1.0068 0.5928 2.6152
vt 0.1458 0.3266
vn -0.9038 0.2710 0.3311
f 2661/2661/2661 2662/2662/2662 2663/2663/2663 2664/2664/2664
v -1.0068 0.5928 2.6152
vt 0.1458 0.3266
vn -0.8544 -0.4806 0.1976
v -1.0026 0.6686 1.9848
vt 0.1458 0.3266
vn -0.8510 -0.4186 -0.3172
v -0.9509 0.5575 1.9926
vt 0.1478 0.3224
vn -0.8510 -0.4186 -0.3172
v -0.9548 0.4866 2.5820
vt 0.1478 0.3224
vn -0.8544 -0.4806 0.1976
f 2665/2665/2665 2666/2666/2666 2667/2667/2667 2668/2668/2668
v -0.1925 0.4247 2.0786
vt 0.1722 0.2740
vn -0.1400 -0.9769 -0.1616
v -0.2828 0.4197 2.2023
vt 0.1693 0.2740
vn -0.1592 -0.9779 -0.1352
v -0.9509 0.5575 1.9926
vt 0.1478 0.2755
vn -0.1592 -0.9779 -0.1352
v -0.6009 0.5767 1.5135
vt 0.1589 0.2755
vn -0.1400 -0.9769 -0.1616
f 2669/2669/2669 2670/2670/2670 2671/2671/2671 2672/2672/2672
v -0.9590 0.8033 2.0106
vt 0.1467 0.3324
vn -0.8596 0.4472 -0.2470
v -0.5955 0.8232 1.5131
vt 0.1582 0.3324
vn -0.5141 0.4662 -0.7200
v -0.6283 0.6891 1.4723
vt 0.1576 0.3266
vn -0.5435 0.3628 -0.7570
v -1.0026 0.6686 1.9848
vt 0.1458 0.3266
vn -0.8999 0.3432 -0.2691
f 2673/2673/2673 2674/2674/2674 2675/2675/2675 2676/2676/2676
v -1.0026 0.6686 1.9848
vt 0.1458 0.3266
vn -0.8510 -0.4186 -0.3172
v -0.6283 0.6891 1.4723
vt 0.1576 0.3266
vn -0.5453 -0.4019 -0.7356
v -0.6009 0.5767 1.5135
vt 0.1589 0.3224
vn -0.5453 -0.4019 -0.7356
v -0.9509 0.5575 1.9926
vt 0.1478 0.3224
vn -0.8510 -0.4186 -0.3172
f 2677/2677/2677 2678/2678/2678 2679/2679/2679 2680/2680/2680
v -0.0473 0.4144 2.0306
vt 0.1768 0.2740
vn -0.1090 -0.9791 -0.1718
v -0.1925 0.4247 2.0786
vt 0.1722 0.2740
vn -0.1400 -0.9769 -0.1616
v -0.6009 0.5767 1.5135
vt 0.1589 0.2755
vn -0.1400 -0.9769 -0.1616
v -0.0385 0.5367 1.3276
vt 0.1768 0.2755
vn -0.1090 -0.9791 -0.1718
f 2681/2681/2681 2682/2682/2682 2683/2683/2683 2684/2684/2684
v -0.5955 0.8232 1.5131
vt 0.1582 0.3324
vn -0.5141 0.4662 -0.7200
v -0.0115 0.7818 1.3201
vt 0.1768 0.3324
vn 0.0410 0.4268 -0.9034
v -0.0267 0.6464 1.2736
vt 0.1768 0.3266
vn 0.0292 0.3221 -0.9462
v -0.6283 0.6891 1.4723
vt 0.1576 0.3266
vn -0.5435 0.3628 -0.7570
f 2685/2685/2685 2686/2686/2686 2687/2687/2687 2688/2688/2688
v -0.6283 0.6891 1.4723
vt 0.1576 0.3266
vn -0.5453 -0.4019 -0.7356
v -0.0267 0.6464 1.2736
vt 0.1768 0.3266
vn -0.0541 -0.4368 -0.8980
v -0.0385 0.5367 1.3276
vt 0.1768 0.3224
vn -0.0541 -0.4368 -0.8980
v -0.6009 0.5767 1.5135
vt 0.1589 0.3224
vn -0.5453 -0.4019 -0.7356
f 2689/2689/2689 2690/2690/2690 2691/2691/2691 2692/2692/2692
v -0.0473 0.4144 2.0306
vt 0.7845 0.8513
vn 0.0131 0.1778 -0.9840
v 0.0973 0.3928 2.0766
vt 0.7891 0.8513
vn 0.5950 0.0907 -0.7986
v 0.0682 0.0088 2.0114
vt 0.7895 0.8354
vn 0.5950 0.0907 -0.7986
v -0.0898 0.0324 1.9610
vt 0.7845 0.8354
vn 0.0131 0.1778 -0.9840
f 2693/2693/2693 2694/2694/2694 2695/2695/2695 2696/2696/2696
v -0.0115 0.7818 1.3201
vt 0.1768 0.3324
vn 0.0410 0.4268 -0.9034
v 0.0923 1.6889 1.9075
vt 0.1768 0.3722
vn 0.0538 0.5384 -0.8409
v 0.3974 1.6433 2.0048
vt 0.1866 0.3722
vn 0.5782 0.4600 -0.6739
v 0.5700 0.6948 1.5054
vt 0.1954 0.3324
vn 0.5938 0.3441 -0.7273
f 2697/2697/2697 2698/2698/2698 2699/2699/2699 2700/2700/2700
v 0.9269 0.5956 1.9981
vt 0.2069 0.3324
vn 0.9331 0.2497 -0.2589
v 0.5847 1.5912 2.2633
vt 0.1926 0.3722
vn 0.9001 0.3705 -0.2294
v 0.5825 1.5526 2.5844
vt 0.1926 0.3722
vn 0.8964 0.3041 0.3225
v 0.9228 0.5219 2.6102
vt 0.2069 0.3324
vn 0.9292 0.1797 0.3229
f 2701/2701/2701 2702/2702/2702 2703/2703/2703 2704/2704/2704
v -0.5955 0.8232 1.5131
vt 0.1582 0.3324
vn -0.5141 0.4662 -0.7200
v -0.2141 1.7106 2.0088
vt 0.1670 0.3722
vn -0.4729 0.5758 -0.6669
v 0.0923 1.6889 1.9075
vt 0.1768 0.3722
vn 0.0538 0.5384 -0.8409
v -0.0115 0.7818 1.3201
vt 0.1768 0.3324
vn 0.0410 0.4268 -0.9034
f 2705/2705/2705 2706/2706/2706 2707/2707/2707 2708/2708/2708
v -0.9590 0.8033 2.0106
vt 0.1467 0.3324
vn -0.8596 0.4472 -0.2470
v -0.4047 1.7002 2.2698
vt 0.1610 0.3722
vn -0.8007 0.5579 -0.2182
v -0.2141 1.7106 2.0088
vt 0.1670 0.3722
vn -0.4729 0.5758 -0.6669
v -0.5955 0.8232 1.5131
vt 0.1582 0.3324
vn -0.5141 0.4662 -0.7200
f 2709/2709/2709 2710/2710/2710 2711/2711/2711 2712/2712/2712
v -0.9630 0.7297 2.6227
vt 0.1467 0.3324
vn -0.8635 0.3772 0.3348
v -0.4069 1.6616 2.5909
vt 0.1610 0.3722
vn -0.8044 0.4915 0.3338
v -0.4047 1.7002 2.2698
vt 0.1610 0.3722
vn -0.8007 0.5579 -0.2182
v -0.9590 0.8033 2.0106
vt 0.1467 0.3324
vn -0.8596 0.4472 -0.2470
f 2713/2713/2713 2714/2714/2714 2715/2715/2715 2716/2716/2716
v -0.6062 0.6304 3.1155
vt 0.1582 0.3324
vn -0.5242 0.2829 0.8032
v -0.2196 1.6095 2.8495
vt 0.1670 0.3722
vn -0.4825 0.4019 0.7782
v -0.4069 1.6616 2.5909
vt 0.1610 0.3722
vn -0.8044 0.4915 0.3338
v -0.9630 0.7297 2.6227
vt 0.1467 0.3324
vn -0.8635 0.3772 0.3348
f 2717/2717/2717 2718/2718/2718 2719/2719/2719 2720/2720/2720
v -0.0246 0.5434 3.3007
vt 0.1768 0.3324
vn 0.0285 0.2002 0.9793
v 0.0854 1.5639 2.9467
vt 0.1768 0.3722
vn 0.0419 0.3235 0.9453
v -0.2196 1.6095 2.8495
vt 0.1670 0.3722
vn -0.4825 0.4019 0.7782
v -0.6062 0.6304 3.1155
vt 0.1582 0.3324
vn -0.5242 0.2829 0.8032
f 2721/2721/2721 2722/2722/2722 2723/2723/2723 2724/2724/2724
v 0.5594 0.5020 3.1078
vt 0.1954 0.3324
vn 0.5837 0.1608 0.7959
v 0.3918 1.5421 2.8454
vt 0.1866 0.3722
vn 0.5686 0.2861 0.7712
v 0.0854 1.5639 2.9467
vt 0.1768 0.3722
vn 0.0419 0.3235 0.9453
v -0.0246 0.5434 3.3007
vt 0.1768 0.3324
vn 0.0285 0.2002 0.9793
f 2725/2725/2725 2726/2726/2726 2727/2727/2727 2728/2728/2728
v 0.9228 0.5219 2.6102
vt 0.2069 0.3324
vn 0.9292 0.1797 0.3229
v 0.5825 1.5526 2.5844
vt 0.1926 0.3722
vn 0.8964 0.3041 0.3225
v 0.3918 1.5421 2.8454
vt 0.1866 0.3722
vn 0.5686 0.2861 0.7712
v 0.5594 0.5020 3.1078
vt 0.1954 0.3324
vn 0.5837 0.1608 0.7959
f 2729/2729/2729 2730/2730/2730 2731/2731/2731 2732/2732/2732
v 0.5700 0.6948 1.5054
vt 0.1954 0.3324
vn 0.5938 0.3441 -0.7273
v 0.3974 1.6433 2.0048
vt 0.1866 0.3722
vn 0.5782 0.4600 -0.6739
v 0.5847 1.5912 2.2633
vt 0.1926 0.3722
vn 0.9001 0.3705 -0.2294
v 0.9269 0.5956 1.9981
vt 0.2069 0.3324
vn 0.9331 0.2497 -0.2589
f 2733/2733/2733 2734/2734/2734 2735/2735/2735 2736/2736/2736
v 0.5789 1.8638 1.8142
vt 0.1916 0.3809
vn 0.5940 0.3422 -0.7281
v 0.3697 3.0344 2.4252
vt 0.1808 0.4769
vn 0.5415 0.6057 -0.5831
v 0.4458 3.0132 2.5302
vt 0.1832 0.4769
vn 0.8311 0.5251 -0.1832
v 0.8620 1.7850 2.2050
vt 0.2007 0.3809
vn 0.9335 0.2478 -0.2593
f 2737/2737/2737 2738/2738/2738 2739/2739/2739 2740/2740/2740
v 0.8588 1.7266 2.6906
vt 0.2007 0.3809
vn 0.9296 0.1777 0.3229
v 0.4449 2.9975 2.6606
vt 0.1832 0.4769
vn 0.8278 0.4653 0.3134
v 0.3675 2.9933 2.7667
vt 0.1808 0.4769
vn 0.5329 0.4492 0.7171
v 0.5705 1.7108 3.0852
vt 0.1916 0.3809
vn 0.5839 0.1588 0.7962
f 2741/2741/2741 2742/2742/2742 2743/2743/2743 2744/2744/2744
v 0.5705 1.7108 3.0852
vt 0.1916 0.3809
vn 0.5839 0.1588 0.7962
v 0.3675 2.9933 2.7667
vt 0.1808 0.4769
vn 0.5329 0.4492 0.7171
v 0.2430 3.0021 2.8078
vt 0.1768 0.4769
vn 0.0590 0.4828 0.8737
v 0.1072 1.7437 3.2383
vt 0.1768 0.3809
vn 0.0283 0.1982 0.9797
f 2745/2745/2745 2746/2746/2746 2747/2747/2747 2748/2748/2748
v 0.1072 1.7437 3.2383
vt 0.1768 0.3809
vn 0.0283 0.1982 0.9797
v 0.2430 3.0021 2.8078
vt 0.1768 0.4769
vn 0.0590 0.4828 0.8737
v 0.1190 3.0206 2.7683
vt 0.1728 0.4769
vn -0.4129 0.5534 0.7234
v -0.3541 1.8127 3.0914
vt 0.1620 0.3809
vn -0.5248 0.2810 0.8035
f 2749/2749/2749 2750/2750/2750 2751/2751/2751 2752/2752/2752
v -0.3541 1.8127 3.0914
vt 0.1620 0.3809
vn -0.5248 0.2810 0.8035
v 0.1190 3.0206 2.7683
vt 0.1728 0.4769
vn -0.4129 0.5534 0.7234
v 0.0430 3.0418 2.6633
vt 0.1704 0.4769
vn -0.7024 0.6340 0.3235
v -0.6372 1.8914 2.7005
vt 0.1529 0.3809
vn -0.8643 0.3754 0.3348
f 2753/2753/2753 2754/2754/2754 2755/2755/2755 2756/2756/2756
v -0.6372 1.8914 2.7005
vt 0.1529 0.3809
vn -0.8643 0.3754 0.3348
v 0.0430 3.0418 2.6633
vt 0.1704 0.4769
vn -0.7024 0.6340 0.3235
v 0.0439 3.0575 2.5329
vt 0.1704 0.4769
vn -0.6991 0.6937 -0.1731
v -0.6340 1.9499 2.2150
vt 0.1529 0.3809
vn -0.8604 0.4455 -0.2474
f 2757/2757/2757 2758/2758/2758 2759/2759/2759 2760/2760/2760
v -0.6340 1.9499 2.2150
vt 0.1529 0.3809
vn -0.8604 0.4455 -0.2474
v 0.0439 3.0575 2.5329
vt 0.1704 0.4769
vn -0.6991 0.6937 -0.1731
v 0.1213 3.0617 2.4268
vt 0.1728 0.4769
vn -0.4042 0.7099 -0.5768
v -0.3457 1.9656 1.8203
vt 0.1620 0.3809
vn -0.5147 0.4644 -0.7207
f 2761/2761/2761 2762/2762/2762 2763/2763/2763 2764/2764/2764
v -0.3457 1.9656 1.8203
vt 0.1620 0.3809
vn -0.5147 0.4644 -0.7207
v 0.1213 3.0617 2.4268
vt 0.1728 0.4769
vn -0.4042 0.7099 -0.5768
v 0.2458 3.0529 2.3857
vt 0.1768 0.4769
vn 0.0696 0.6762 -0.7334
v 0.1176 1.9328 1.6672
vt 0.1768 0.3809
vn 0.0408 0.4250 -0.9043
f 2765/2765/2765 2766/2766/2766 2767/2767/2767 2768/2768/2768
v 0.8620 1.7850 2.2050
vt 0.2007 0.3809
vn 0.9335 0.2478 -0.2593
v 0.4458 3.0132 2.5302
vt 0.1832 0.4769
vn 0.8311 0.5251 -0.1832
v 0.4449 2.9975 2.6606
vt 0.1832 0.4769
vn 0.8278 0.4653 0.3134
v 0.8588 1.7266 2.6906
vt 0.2007 0.3809
vn 0.9296 0.1777 0.3229
f 2769/2769/2769 2770/2770/2770 2771/2771/2771 2772/2772/2772
v 0.1176 1.9328 1.6672
vt 0.1768 0.3809
vn 0.0408 0.4250 -0.9043
v 0.5789 1.8638 1.8142
vt 0.1916 0.3809
vn 0.5940 0.3422 -0.7281
v 0.5807 1.7543 1.7816
vt 0.1920 0.3764
vn 0.5994 0.2368 -0.7646
v 0.1055 1.8254 1.6303
vt 0.1768 0.3764
vn 0.0292 0.3221 -0.9462
f 2773/2773/2773 2774/2774/2774 2775/2775/2775 2776/2776/2776
v 0.1055 1.8254 1.6303
vt 0.1768 0.3764
vn -0.0541 -0.4368 -0.8980
v 0.5807 1.7543 1.7816
vt 0.1920 0.3764
vn 0.4350 -0.5099 -0.7421
v 0.5404 1.6719 1.8147
vt 0.1910 0.3730
vn 0.4350 -0.5099 -0.7421
v 0.0962 1.7384 1.6731
vt 0.1768 0.3730
vn -0.0541 -0.4368 -0.8980
f 2777/2777/2777 2778/2778/2778 2779/2779/2779 2780/2780/2780
v 0.8131 1.5961 2.1911
vt 0.1998 0.3262
vn -0.0251 -0.9889 -0.1468
v 0.5847 1.5912 2.2633
vt 0.1926 0.3253
vn -0.0251 -0.9889 -0.1468
v 0.3974 1.6433 2.0048
vt 0.1866 0.3253
vn -0.0568 -0.9800 -0.1906
v 0.5404 1.6719 1.8147
vt 0.1910 0.3262
vn -0.0568 -0.9800 -0.1906
f 2781/2781/2781 2782/2782/2782 2783/2783/2783 2784/2784/2784
v 0.5789 1.8638 1.8142
vt 0.1916 0.3809
vn 0.5940 0.3422 -0.7281
v 0.8620 1.7850 2.2050
vt 0.2007 0.3809
vn 0.9335 0.2478 -0.2593
v 0.8723 1.6732 2.1843
vt 0.2014 0.3764
vn 0.9494 0.1395 -0.2814
v 0.5807 1.7543 1.7816
vt 0.1920 0.3764
vn 0.5994 0.2368 -0.7646
f 2785/2785/2785 2786/2786/2786 2787/2787/2787 2788/2788/2788
v 0.5807 1.7543 1.7816
vt 0.1920 0.3764
vn 0.4350 -0.5099 -0.7421
v 0.8723 1.6732 2.1843
vt 0.2014 0.3764
vn 0.7352 -0.5934 -0.3277
v 0.8131 1.5961 2.1911
vt 0.1998 0.3730
vn 0.7352 -0.5934 -0.3277
v 0.5404 1.6719 1.8147
vt 0.1910 0.3730
vn 0.4350 -0.5099 -0.7421
f 2789/2789/2789 2790/2790/2790 2791/2791/2791 2792/2792/2792
v 0.8100 1.5398 2.6586
vt 0.1998 0.3262
vn -0.0254 -0.9954 -0.0924
v 0.5825 1.5526 2.5844
vt 0.1926 0.3253
vn -0.0254 -0.9954 -0.0924
v 0.5847 1.5912 2.2633
vt 0.1926 0.3253
vn -0.0251 -0.9889 -0.1468
v 0.8131 1.5961 2.1911
vt 0.1998 0.3262
vn -0.0251 -0.9889 -0.1468
f 2793/2793/2793 2794/2794/2794 2795/2795/2795 2796/2796/2796
v 0.8620 1.7850 2.2050
vt 0.2007 0.3809
vn 0.9335 0.2478 -0.2593
v 0.8588 1.7266 2.6906
vt 0.2007 0.3809
vn 0.9296 0.1777 0.3229
v 0.8689 1.6130 2.6843
vt 0.2014 0.3764
vn 0.9454 0.0673 0.3188
v 0.8723 1.6732 2.1843
vt 0.2014 0.3764
vn 0.9494 0.1395 -0.2814
f 2797/2797/2797 2798/2798/2798 2799/2799/2799 2800/2800/2800
v 0.8723 1.6732 2.1843
vt 0.2014 0.3764
vn 0.7352 -0.5934 -0.3277
v 0.8689 1.6130 2.6843
vt 0.2014 0.3764
vn 0.7318 -0.6553 0.1871
v 0.8100 1.5398 2.6586
vt 0.1998 0.3730
vn 0.7318 -0.6553 0.1871
v 0.8131 1.5961 2.1911
vt 0.1998 0.3730
vn 0.7352 -0.5934 -0.3277
f 2801/2801/2801 2802/2802/2802 2803/2803/2803 2804/2804/2804
v 0.5323 1.5246 3.0387
vt 0.1910 0.3262
vn -0.0578 -0.9972 -0.0481
v 0.3918 1.5421 2.8454
vt 0.1866 0.3253
vn -0.0578 -0.9972 -0.0481
v 0.5825 1.5526 2.5844
vt 0.1926 0.3253
vn -0.0254 -0.9954 -0.0924
v 0.8100 1.5398 2.6586
vt 0.1998 0.3262
vn -0.0254 -0.9954 -0.0924
f 2805/2805/2805 2806/2806/2806 2807/2807/2807 2808/2808/2808
v 0.8588 1.7266 2.6906
vt 0.2007 0.3809
vn 0.9296 0.1777 0.3229
v 0.5705 1.7108 3.0852
vt 0.1916 0.3809
vn 0.5839 0.1588 0.7962
v 0.5720 1.5968 3.0909
vt 0.1920 0.3764
vn 0.5890 0.0478 0.8067
v 0.8689 1.6130 2.6843
vt 0.2014 0.3764
vn 0.9454 0.0673 0.3188
f 2809/2809/2809 2810/2810/2810 2811/2811/2811 2812/2812/2812
v 0.8689 1.6130 2.6843
vt 0.2014 0.3764
vn 0.7318 -0.6553 0.1871
v 0.5720 1.5968 3.0909
vt 0.1920 0.3764
vn 0.4261 -0.6721 0.6056
v 0.5323 1.5246 3.0387
vt 0.1910 0.3730
vn 0.4261 -0.6721 0.6056
v 0.8100 1.5398 2.6586
vt 0.1998 0.3730
vn 0.7318 -0.6553 0.1871
f 2813/2813/2813 2814/2814/2814 2815/2815/2815 2816/2816/2816
v 0.0862 1.5563 3.1861
vt 0.1768 0.3262
vn -0.1097 -0.9935 -0.0310
v 0.0854 1.5639 2.9467
vt 0.1768 0.3253
vn -0.1097 -0.9935 -0.0310
v 0.3918 1.5421 2.8454
vt 0.1866 0.3253
vn -0.0578 -0.9972 -0.0481
v 0.5323 1.5246 3.0387
vt 0.1910 0.3262
vn -0.0578 -0.9972 -0.0481
f 2817/2817/2817 2818/2818/2818 2819/2819/2819 2820/2820/2820
v 0.5705 1.7108 3.0852
vt 0.1916 0.3809
vn 0.5839 0.1588 0.7962
v 0.1072 1.7437 3.2383
vt 0.1768 0.3809
vn 0.0283 0.1982 0.9797
v 0.0948 1.6307 3.2486
vt 0.1768 0.3764
vn 0.0163 0.0884 0.9960
v 0.5720 1.5968 3.0909
vt 0.1920 0.3764
vn 0.5890 0.0478 0.8067
f 2821/2821/2821 2822/2822/2822 2823/2823/2823 2824/2824/2824
v 0.5720 1.5968 3.0909
vt 0.1920 0.3764
vn 0.4261 -0.6721 0.6056
v 0.0948 1.6307 3.2486
vt 0.1768 0.3764
vn -0.0651 -0.6372 0.7679
v 0.0862 1.5563 3.1861
vt 0.1768 0.3730
vn -0.0651 -0.6372 0.7679
v 0.5323 1.5246 3.0387
vt 0.1910 0.3730
vn 0.4261 -0.6721 0.6056
f 2825/2825/2825 2826/2826/2826 2827/2827/2827 2828/2828/2828
v -0.3580 1.6227 3.0446
vt 0.1626 0.3262
vn -0.1614 -0.9858 -0.0474
v -0.2196 1.6095 2.8495
vt 0.1670 0.3253
vn -0.1614 -0.9858 -0.0474
v 0.0854 1.5639 2.9467
vt 0.1768 0.3253
vn -0.1097 -0.9935 -0.0310
v 0.0862 1.5563 3.1861
vt 0.1768 0.3262
vn -0.1097 -0.9935 -0.0310
f 2829/2829/2829 2830/2830/2830 2831/2831/2831 2832/2832/2832
v 0.1072 1.7437 3.2383
vt 0.1768 0.3809
vn 0.0283 0.1982 0.9797
v -0.3541 1.8127 3.0914
vt 0.1620 0.3809
vn -0.5248 0.2810 0.8035
v -0.3803 1.7017 3.0972
vt 0.1616 0.3764
vn -0.5539 0.1737 0.8143
v 0.0948 1.6307 3.2486
vt 0.1768 0.3764
vn 0.0163 0.0884 0.9960
f 2833/2833/2833 2834/2834/2834 2835/2835/2835 2836/2836/2836
v 0.0948 1.6307 3.2486
vt 0.1768 0.3764
vn -0.0651 -0.6372 0.7679
v -0.3803 1.7017 3.0972
vt 0.1616 0.3764
vn -0.5542 -0.5641 0.6121
v -0.3580 1.6227 3.0446
vt 0.1626 0.3730
vn -0.5542 -0.5641 0.6121
v 0.0862 1.5563 3.1861
vt 0.1768 0.3730
vn -0.0651 -0.6372 0.7679
f 2837/2837/2837 2838/2838/2838 2839/2839/2839 2840/2840/2840
v -0.6307 1.6986 2.6682
vt 0.1538 0.3262
vn -0.1931 -0.9769 -0.0912
v -0.4069 1.6616 2.5909
vt 0.1610 0.3253
vn -0.1931 -0.9769 -0.0912
v -0.2196 1.6095 2.8495
vt 0.1670 0.3253
vn -0.1614 -0.9858 -0.0474
v -0.3580 1.6227 3.0446
vt 0.1626 0.3262
vn -0.1614 -0.9858 -0.0474
f 2841/2841/2841 2842/2842/2842 2843/2843/2843 2844/2844/2844
v -0.3541 1.8127 3.0914
vt 0.1620 0.3809
vn -0.5248 0.2810 0.8035
v -0.6372 1.8914 2.7005
vt 0.1529 0.3809
vn -0.8643 0.3754 0.3348
v -0.6719 1.7828 2.6946
vt 0.1522 0.3764
vn -0.9038 0.2710 0.3311
v -0.3803 1.7017 3.0972
vt 0.1616 0.3764
vn -0.5539 0.1737 0.8143
f 2845/2845/2845 2846/2846/2846 2847/2847/2847 2848/2848/2848
v -0.3803 1.7017 3.0972
vt 0.1616 0.3764
vn -0.5542 -0.5641 0.6121
v -0.6719 1.7828 2.6946
vt 0.1522 0.3764
vn -0.8544 -0.4806 0.1976
v -0.6307 1.6986 2.6682
vt 0.1538 0.3730
vn -0.8544 -0.4806 0.1976
v -0.3580 1.6227 3.0446
vt 0.1626 0.3730
vn -0.5542 -0.5641 0.6121
f 2849/2849/2849 2850/2850/2850 2851/2851/2851 2852/2852/2852
v -0.6276 1.7548 2.2006
vt 0.1538 0.3262
vn -0.1927 -0.9704 -0.1456
v -0.4047 1.7002 2.2698
vt 0.1610 0.3253
vn -0.1927 -0.9704 -0.1456
v -0.4069 1.6616 2.5909
vt 0.1610 0.3253
vn -0.1931 -0.9769 -0.0912
v -0.6307 1.6986 2.6682
vt 0.1538 0.3262
vn -0.1931 -0.9769 -0.0912
f 2853/2853/2853 2854/2854/2854 2855/2855/2855 2856/2856/2856
v -0.6372 1.8914 2.7005
vt 0.1529 0.3809
vn -0.8643 0.3754 0.3348
v -0.6340 1.9499 2.2150
vt 0.1529 0.3809
vn -0.8604 0.4455 -0.2474
v -0.6686 1.8430 2.1945
vt 0.1522 0.3764
vn -0.8999 0.3432 -0.2691
v -0.6719 1.7828 2.6946
vt 0.1522 0.3764
vn -0.9038 0.2710 0.3311
f 2857/2857/2857 2858/2858/2858 2859/2859/2859 2860/2860/2860
v -0.6719 1.7828 2.6946
vt 0.1522 0.3764
vn -0.8544 -0.4806 0.1976
v -0.6686 1.8430 2.1945
vt 0.1522 0.3764
vn -0.8510 -0.4186 -0.3172
v -0.6276 1.7548 2.2006
vt 0.1538 0.3730
vn -0.8510 -0.4186 -0.3172
v -0.6307 1.6986 2.6682
vt 0.1538 0.3730
vn -0.8544 -0.4806 0.1976
f 2861/2861/2861 2862/2862/2862 2863/2863/2863 2864/2864/2864
v -0.3499 1.7700 1.8206
vt 0.1626 0.3262
vn -0.1604 -0.9686 -0.1899
v -0.2141 1.7106 2.0088
vt 0.1670 0.3253
vn -0.1604 -0.9686 -0.1899
v -0.4047 1.7002 2.2698
vt 0.1610 0.3253
vn -0.1927 -0.9704 -0.1456
v -0.6276 1.7548 2.2006
vt 0.1538 0.3262
vn -0.1927 -0.9704 -0.1456
f 2865/2865/2865 2866/2866/2866 2867/2867/2867 2868/2868/2868
v -0.6340 1.9499 2.2150
vt 0.1529 0.3809
vn -0.8604 0.4455 -0.2474
v -0.3457 1.9656 1.8203
vt 0.1620 0.3809
vn -0.5147 0.4644 -0.7207
v -0.3717 1.8593 1.7879
vt 0.1616 0.3764
vn -0.5435 0.3628 -0.7570
v -0.6686 1.8430 2.1945
vt 0.1522 0.3764
vn -0.8999 0.3432 -0.2691
f 2869/2869/2869 2870/2870/2870 2871/2871/2871 2872/2872/2872
v -0.6686 1.8430 2.1945
vt 0.1522 0.3764
vn -0.8510 -0.4186 -0.3172
v -0.3717 1.8593 1.7879
vt 0.1616 0.3764
vn -0.5453 -0.4019 -0.7356
v -0.3499 1.7700 1.8206
vt 0.1626 0.3730
vn -0.5453 -0.4019 -0.7356
v -0.6276 1.7548 2.2006
vt 0.1538 0.3730
vn -0.8510 -0.4186 -0.3172
f 2873/2873/2873 2874/2874/2874 2875/2875/2875 2876/2876/2876
v 0.0962 1.7384 1.6731
vt 0.1768 0.3262
vn -0.1085 -0.9723 -0.2070
v 0.0923 1.6889 1.9075
vt 0.1768 0.3253
vn -0.1085 -0.9723 -0.2070
v -0.2141 1.7106 2.0088
vt 0.1670 0.3253
vn -0.1604 -0.9686 -0.1899
v -0.3499 1.7700 1.8206
vt 0.1626 0.3262
vn -0.1604 -0.9686 -0.1899
f 2877/2877/2877 2878/2878/2878 2879/2879/2879 2880/2880/2880
v -0.3457 1.9656 1.8203
vt 0.1620 0.3809
vn -0.5147 0.4644 -0.7207
v 0.1176 1.9328 1.6672
vt 0.1768 0.3809
vn 0.0408 0.4250 -0.9043
v 0.1055 1.8254 1.6303
vt 0.1768 0.3764
vn 0.0292 0.3221 -0.9462
v -0.3717 1.8593 1.7879
vt 0.1616 0.3764
vn -0.5435 0.3628 -0.7570
f 2881/2881/2881 2882/2882/2882 2883/2883/2883 2884/2884/2884
v -0.3717 1.8593 1.7879
vt 0.1616 0.3764
vn -0.5453 -0.4019 -0.7356
v 0.1055 1.8254 1.6303
vt 0.1768 0.3764
vn -0.0541 -0.4368 -0.8980
v 0.0962 1.7384 1.6731
vt 0.1768 0.3730
vn -0.0541 -0.4368 -0.8980
v -0.3499 1.7700 1.8206
vt 0.1626 0.3730
vn -0.5453 -0.4019 -0.7356
f 2885/2885/2885 2886/2886/2886 2887/2887/2887 2888/2888/2888
v 0.3697 3.0344 2.4252
vt 0.1808 0.4769
vn 0.5415 0.6057 -0.5831
v 0.3172 3.1223 2.5220
vt 0.1788 0.4807
vn 0.3674 0.8920 -0.2634
v 0.3552 3.1117 2.5745
vt 0.1800 0.4807
vn 0.5312 0.8464 -0.0372
v 0.4458 3.0132 2.5302
vt 0.1832 0.4769
vn 0.8311 0.5251 -0.1832
f 2889/2889/2889 2890/2890/2890 2891/2891/2891 2892/2892/2892
v 0.3172 3.1223 2.5220
vt 0.1788 0.4807
vn 0.3674 0.8920 -0.2634
v 0.2552 3.1316 2.5023
vt 0.1768 0.4807
vn 0.1004 0.9319 -0.3485
v 0.2561 3.1330 2.6095
vt 0.1768 0.4813
vn 0.1095 0.9868 0.1195
f 2893/2893/2893 2894/2894/2894 2895/2895/2895
v 0.4458 3.0132 2.5302
vt 0.1832 0.4769
vn 0.8311 0.5251 -0.1832
v 0.3552 3.1117 2.5745
vt 0.1800 0.4807
vn 0.5312 0.8464 -0.0372
v 0.3548 3.1039 2.6398
vt 0.1800 0.4807
vn 0.5293 0.8126 0.2438
v 0.4449 2.9975 2.6606
vt 0.1832 0.4769
vn 0.8278 0.4653 0.3134
f 2896/2896/2896 2897/2897/2897 2898/2898/2898 2899/2899/2899
v 0.3552 3.1117 2.5745
vt 0.1800 0.4807
vn 0.5312 0.8464 -0.0372
v 0.3172 3.1223 2.5220
vt 0.1788 0.4807
vn 0.3674 0.8920 -0.2634
v 0.2561 3.1330 2.6095
vt 0.1768 0.4813
vn 0.1095 0.9868 0.1195
f 2900/2900/2900 2901/2901/2901 2902/2902/2902
v 0.4449 2.9975 2.6606
vt 0.1832 0.4769
vn 0.8278 0.4653 0.3134
v 0.3548 3.1039 2.6398
vt 0.1800 0.4807
vn 0.5293 0.8126 0.2438
v 0.3161 3.1018 2.6928
vt 0.1788 0.4807
vn 0.3625 0.8035 0.4723
v 0.3675 2.9933 2.7667
vt 0.1808 0.4769
vn 0.5329 0.4492 0.7171
f 2903/2903/2903 2904/2904/2904 2905/2905/2905 2906/2906/2906
v 0.3548 3.1039 2.6398
vt 0.1800 0.4807
vn 0.5293 0.8126 0.2438
v 0.3552 3.1117 2.5745
vt 0.1800 0.4807
vn 0.5312 0.8464 -0.0372
v 0.2561 3.1330 2.6095
vt 0.1768 0.4813
vn 0.1095 0.9868 0.1195
f 2907/2907/2907 2908/2908/2908 2909/2909/2909
v 0.3675 2.9933 2.7667
vt 0.1808 0.4769
vn 0.5329 0.4492 0.7171
v 0.3161 3.1018 2.6928
vt 0.1788 0.4807
vn 0.3625 0.8035 0.4723
v 0.2538 3.1062 2.7134
vt 0.1768 0.4807
vn 0.0943 0.8225 0.5609
v 0.2430 3.0021 2.8078
vt 0.1768 0.4769
vn 0.0590 0.4828 0.8737
f 2910/2910/2910 2911/2911/2911 2912/2912/2912 2913/2913/2913
v 0.3161 3.1018 2.6928
vt 0.1788 0.4807
vn 0.3625 0.8035 0.4723
v 0.3548 3.1039 2.6398
vt 0.1800 0.4807
vn 0.5293 0.8126 0.2438
v 0.2561 3.1330 2.6095
vt 0.1768 0.4813
vn 0.1095 0.9868 0.1195
f 2914/2914/2914 2915/2915/2915 2916/2916/2916
v 0.2430 3.0021 2.8078
vt 0.1768 0.4769
vn 0.0590 0.4828 0.8737
v 0.2538 3.1062 2.7134
vt 0.1768 0.4807
vn 0.0943 0.8225 0.5609
v 0.1918 3.1154 2.6936
vt 0.1748 0.4807
vn -0.1726 0.8624 0.4758
v 0.1190 3.0206 2.7683
vt 0.1728 0.4769
vn -0.4129 0.5534 0.7234
f 2917/2917/2917 2918/2918/2918 2919/2919/2919 2920/2920/2920
v 0.2538 3.1062 2.7134
vt 0.1768 0.4807
vn 0.0943 0.8225 0.5609
v 0.3161 3.1018 2.6928
vt 0.1788 0.4807
vn 0.3625 0.8035 0.4723
v 0.2561 3.1330 2.6095
vt 0.1768 0.4813
vn 0.1095 0.9868 0.1195
f 2921/2921/2921 2922/2922/2922 2923/2923/2923
v 0.1190 3.0206 2.7683
vt 0.1728 0.4769
vn -0.4129 0.5534 0.7234
v 0.1918 3.1154 2.6936
vt 0.1748 0.4807
vn -0.1726 0.8624 0.4758
v 0.1538 3.1260 2.6411
vt 0.1736 0.4807
vn -0.3365 0.9080 0.2496
v 0.0430 3.0418 2.6633
vt 0.1704 0.4769
vn -0.7024 0.6340 0.3235
f 2924/2924/2924 2925/2925/2925 2926/2926/2926 2927/2927/2927
v 0.1918 3.1154 2.6936
vt 0.1748 0.4807
vn -0.1726 0.8624 0.4758
v 0.2538 3.1062 2.7134
vt 0.1768 0.4807
vn 0.0943 0.8225 0.5609
v 0.2561 3.1330 2.6095
vt 0.1768 0.4813
vn 0.1095 0.9868 0.1195
f 2928/2928/2928 2929/2929/2929 2930/2930/2930
v 0.0430 3.0418 2.6633
vt 0.1704 0.4769
vn -0.7024 0.6340 0.3235
v 0.1538 3.1260 2.6411
vt 0.1736 0.4807
vn -0.3365 0.9080 0.2496
v 0.1542 3.1339 2.5759
vt 0.1736 0.4807
vn -0.3346 0.9418 -0.0314
v 0.0439 3.0575 2.5329
vt 0.1704 0.4769
vn -0.6991 0.6937 -0.1731
f 2931/2931/2931 2932/2932/2932 2933/2933/2933 2934/2934/2934
v 0.1538 3.1260 2.6411
vt 0.1736 0.4807
vn -0.3365 0.9080 0.2496
v 0.1918 3.1154 2.6936
vt 0.1748 0.4807
vn -0.1726 0.8624 0.4758
v 0.2561 3.1330 2.6095
vt 0.1768 0.4813
vn 0.1095 0.9868 0.1195
f 2935/2935/2935 2936/2936/2936 2937/2937/2937
v 0.0439 3.0575 2.5329
vt 0.1704 0.4769
vn -0.6991 0.6937 -0.1731
v 0.1542 3.1339 2.5759
vt 0.1736 0.4807
vn -0.3346 0.9418 -0.0314
v 0.1930 3.1360 2.5228
vt 0.1748 0.4807
vn -0.1678 0.9510 -0.2599
v 0.1213 3.0617 2.4268
vt 0.1728 0.4769
vn -0.4042 0.7099 -0.5768
f 2938/2938/2938 2939/2939/2939 2940/2940/2940 2941/2941/2941
v 0.1542 3.1339 2.5759
vt 0.1736 0.4807
vn -0.3346 0.9418 -0.0314
v 0.1538 3.1260 2.6411
vt 0.1736 0.4807
vn -0.3365 0.9080 0.2496
v 0.2561 3.1330 2.6095
vt 0.1768 0.4813
vn 0.1095 0.9868 0.1195
f 2942/2942/2942 2943/2943/2943 2944/2944/2944
v 0.1213 3.0617 2.4268
vt 0.1728 0.4769
vn -0.4042 0.7099 -0.5768
v 0.1930 3.1360 2.5228
vt 0.1748 0.4807
vn -0.1678 0.9510 -0.2599
v 0.2552 3.1316 2.5023
vt 0.1768 0.4807
vn 0.1004 0.9319 -0.3485
v 0.2458 3.0529 2.3857
vt 0.1768 0.4769
vn 0.0696 0.6762 -0.7334
f 2945/2945/2945 2946/2946/2946 2947/2947/2947 2948/2948/2948
v 0.1930 3.1360 2.5228
vt 0.1748 0.4807
vn -0.1678 0.9510 -0.2599
v 0.1542 3.1339 2.5759
vt 0.1736 0.4807
vn -0.3346 0.9418 -0.0314
v 0.2561 3.1330 2.6095
vt 0.1768 0.4813
vn 0.1095 0.9868 0.1195
f 2949/2949/2949 2950/2950/2950 2951/2951/2951
v 0.2552 3.1316 2.5023
vt 0.1768 0.4807
vn 0.1004 0.9319 -0.3485
v 0.1930 3.1360 2.5228
vt 0.1748 0.4807
vn -0.1678 0.9510 -0.2599
v 0.2561 3.1330 2.6095
vt 0.1768 0.4813
vn 0.1095 0.9868 0.1195
f 2952/2952/2952 2953/2953/2953 2954/2954/2954
v 0.1176 1.9328 1.6672
vt 0.1768 0.3809
vn 0.0408 0.4250 -0.9043
v 0.2458 3.0529 2.3857
vt 0.1768 0.4769
vn 0.0696 0.6762 -0.7334
v 0.3697 3.0344 2.4252
vt 0.1808 0.4769
vn 0.5415 0.6057 -0.5831
v 0.5789 1.8638 1.8142
vt 0.1916 0.3809
vn 0.5940 0.3422 -0.7281
f 2955/2955/2955 2956/2956/2956 2957/2957/2957 2958/2958/2958
v -0.2838 0.4014 2.3544
vt 0.7770 0.8513
vn -0.9392 0.1256 0.3196
v -0.2828 0.4197 2.2023
vt 0.7770 0.8513
vn -0.9351 0.1993 -0.2929
v -0.3474 0.0382 2.1487
vt 0.7763 0.8354
vn -0.9351 0.1993 -0.2929
v -0.3485 0.0182 2.3151
vt 0.7763 0.8354
vn -0.9392 0.1256 0.3196
f 2959/2959/2959 2960/2960/2960 2961/2961/2961 2962/2962/2962
v 0.0946 0.3448 2.4750
vt 0.7891 0.8513
vn 0.5844 -0.1022 0.8050
v -0.0505 0.3551 2.5230
vt 0.7845 0.8513
vn -0.0001 -0.0608 0.9982
v -0.0934 -0.0324 2.4994
vt 0.7845 0.8354
vn -0.0001 -0.0608 0.9982
v 0.0653 -0.0437 2.4469
vt 0.7895 0.8354
vn 0.5844 -0.1022 0.8050
f 2963/2963/2963 2964/2964/2964 2965/2965/2965 2966/2966/2966
v 0.0973 0.3928 2.0766
vt 0.7891 0.8513
vn 0.5950 0.0907 -0.7986
v 0.1860 0.3681 2.1991
vt 0.7920 0.8513
vn 0.9522 -0.0086 -0.3054
v 0.1652 -0.0182 2.1453
vt 0.7927 0.8354
vn 0.9522 -0.0086 -0.3054
v 0.0682 0.0088 2.0114
vt 0.7895 0.8354
vn 0.5950 0.0907 -0.7986
f 2967/2967/2967 2968/2968/2968 2969/2969/2969 2970/2970/2970
v -0.2828 0.4197 2.2023
vt 0.7770 0.8513
vn -0.9351 0.1993 -0.2929
v -0.1925 0.4247 2.0786
vt 0.7798 0.8513
vn -0.5714 0.2193 -0.7908
v -0.2486 0.0437 2.0135
vt 0.7794 0.8354
vn -0.5714 0.2193 -0.7908
v -0.3474 0.0382 2.1487
vt 0.7763 0.8354
vn -0.9351 0.1993 -0.2929
f 2971/2971/2971 2972/2972/2972 2973/2973/2973 2974/2974/2974
v -0.0505 0.3551 2.5230
vt 0.7845 0.8513
vn -0.0001 -0.0608 0.9982
v -0.1951 0.3768 2.4769
vt 0.7798 0.8513
vn -0.5820 0.0263 0.8127
v -0.2515 -0.0088 2.4490
vt 0.7794 0.8354
vn -0.5820 0.0263 0.8127
v -0.0934 -0.0324 2.4994
vt 0.7845 0.8354
vn -0.0001 -0.0608 0.9982
f 2975/2975/2975 2976/2976/2976 2977/2977/2977 2978/2978/2978
v 0.1860 0.3681 2.1991
vt 0.7920 0.8513
vn 0.9522 -0.0086 -0.3054
v 0.1850 0.3498 2.3513
vt 0.7920 0.8513
vn 0.9481 -0.0823 0.3071
v 0.1641 -0.0383 2.3117
vt 0.7927 0.8354
vn 0.9481 -0.0823 0.3071
v 0.1652 -0.0182 2.1453
vt 0.7927 0.8354
vn 0.9522 -0.0086 -0.3054
f 2979/2979/2979 2980/2980/2980 2981/2981/2981 2982/2982/2982
v -0.1925 0.4247 2.0786
vt 0.7798 0.8513
vn -0.5714 0.2193 -0.7908
v -0.0473 0.4144 2.0306
vt 0.7845 0.8513
vn 0.0131 0.1778 -0.9840
v -0.0898 0.0324 1.9610
vt 0.7845 0.8354
vn 0.0131 0.1778 -0.9840
v -0.2486 0.0437 2.0135
vt 0.7794 0.8354
vn -0.5714 0.2193 -0.7908
f 2983/2983/2983 2984/2984/2984 2985/2985/2985 2986/2986/2986
v -0.1951 0.3768 2.4769
vt 0.7798 0.8513
vn -0.5820 0.0263 0.8127
v -0.2838 0.4014 2.3544
vt 0.7770 0.8513
vn -0.9392 0.1256 0.3196
v -0.3485 0.0182 2.3151
vt 0.7763 0.8354
vn -0.9392 0.1256 0.3196
v -0.2515 -0.0088 2.4490
vt 0.7794 0.8354
vn -0.5820 0.0263 0.8127
f 2987/2987/2987 2988/2988/2988 2989/2989/2989 2990/2990/2990
v 0.1850 0.3498 2.3513
vt 0.7920 0.8513
vn 0.9481 -0.0823 0.3071
v 0.0946 0.3448 2.4750
vt 0.7891 0.8513
vn 0.5844 -0.1022 0.8050
v 0.0653 -0.0437 2.4469
vt 0.7895 0.8354
vn 0.5844 -0.1022 0.8050
v 0.1641 -0.0383 2.3117
vt 0.7927 0.8354
vn 0.9481 -0.0823 0.3071
f 2991/2991/2991 2992/2992/2992 2993/2993/2993 2994/2994/2994
v 0.1928 0.4453 -2.5226
vt 0.1814 0.2740
vn 0.0275 -0.9986 -0.0452
v 0.0225 0.4453 -2.5629
vt 0.1768 0.2740
vn -0.0043 -0.9986 -0.0527
v -0.0442 0.4884 -3.3739
vt 0.1768 0.2755
vn -0.0043 -0.9986 -0.0527
v 0.6156 0.4884 -3.2180
vt 0.1947 0.2755
vn 0.0275 -0.9986 -0.0452
f 2995/2995/2995 2996/2996/2996 2997/2997/2997 2998/2998/2998
v 0.4977 1.9065 -3.0242
vt 0.1910 0.3262
vn 0.0461 -0.9961 -0.0758
v 0.3562 1.8823 -2.7913
vt 0.1866 0.3253
vn 0.0461 -0.9961 -0.0758
v -0.0033 1.8823 -2.8763
vt 0.1768 0.3253
vn -0.0073 -0.9961 -0.0884
v -0.0257 1.9065 -3.1479
vt 0.1768 0.3262
vn -0.0073 -0.9961 -0.0884
f 2999/2999/2999 3000/3000/3000 3001/3001/3001 3002/3002/3002
v 2.4360 3.4412 1.6784
vt 0.1768 0.4769
vn 0.1338 0.7096 -0.6918
v 2.4478 3.5229 1.8166
vt 0.1768 0.4807
vn 0.1673 0.9416 -0.2923
v 2.5171 3.5067 1.8406
vt 0.1788 0.4807
vn 0.4285 0.8807 -0.2019
v 2.5745 3.4089 1.7263
vt 0.1808 0.4769
vn 0.5955 0.6020 -0.5320
f 3003/3003/3003 3004/3004/3004 3005/3005/3005 3006/3006/3006
v 0.0258 3.5038 -2.5226
vt 0.1768 0.4769
vn -0.0663 0.5873 -0.8067
v 0.0357 3.6096 -2.4016
vt 0.1768 0.4807
vn -0.0375 0.8890 -0.4564
v 0.1087 3.6096 -2.3844
vt 0.1788 0.4807
vn 0.2379 0.8890 -0.3913
v 0.1718 3.5038 -2.4881
vt 0.1808 0.4769
vn 0.4205 0.5873 -0.6916
f 3007/3007/3007 3008/3008/3008 3009/3009/3009 3010/3010/3010
v 0.0457 0.0000 -2.2806
vt 0.7845 0.8354
vn 0.0000 -1.0000 -0.0000
v 0.0203 0.0000 -2.5892
vt 0.7845 0.8354
vn 0.0000 -1.0000 -0.0000
v 0.2065 0.0000 -2.5452
vt 0.7895 0.8354
vn 0.0000 -1.0000 -0.0000
f 3011/3011/3011 3012/3012/3012 3013/3013/3013
v 0.0457 0.0000 -2.2806
vt 0.7867 0.8354
vn 0.0000 -1.0000 -0.0000
v 0.2065 0.0000 -2.5452
vt 0.7895 0.8354
vn 0.0000 -1.0000 -0.0000
v 0.3313 0.0000 -2.4001
vt 0.7927 0.8354
vn 0.0000 -1.0000 -0.0000
f 3014/3014/3014 3015/3015/3015 3016/3016/3016
v 0.0457 0.0000 -2.2806
vt 0.7880 0.8354
vn 0.0000 -1.0000 -0.0000
v 0.3313 0.0000 -2.4001
vt 0.7927 0.8354
vn 0.0000 -1.0000 -0.0000
v 0.3470 0.0000 -2.2094
vt 0.7927 0.8354
vn 0.0000 -1.0000 -0.0000
f 3017/3017/3017 3018/3018/3018 3019/3019/3019
v 0.0457 0.0000 -2.2806
vt 0.7880 0.8354
vn 0.0000 -1.0000 -0.0000
v 0.3470 0.0000 -2.2094
vt 0.7927 0.8354
vn 0.0000 -1.0000 -0.0000
v 0.2476 0.0000 -2.0459
vt 0.7895 0.8354
vn 0.0000 -1.0000 -0.0000
f 3020/3020/3020 3021/3021/3021 3022/3022/3022
v 0.0457 0.0000 -2.2806
vt 0.7867 0.8354
vn 0.0000 -1.0000 -0.0000
v 0.2476 0.0000 -2.0459
vt 0.7895 0.8354
vn 0.0000 -1.0000 -0.0000
v 0.0710 0.0000 -1.9720
vt 0.7845 0.8354
vn 0.0000 -1.0000 -0.0000
f 3023/3023/3023 3024/3024/3024 3025/3025/3025
v 0.0457 0.0000 -2.2806
vt 0.7845 0.8354
vn 0.0000 -1.0000 -0.0000
v 0.0710 0.0000 -1.9720
vt 0.7845 0.8354
vn 0.0000 -1.0000 -0.0000
v -0.1152 0.0000 -2.0160
vt 0.7794 0.8354
vn 0.0000 -1.0000 -0.0000
f 3026/3026/3026 3027/3027/3027 3028/3028/3028
v 0.0457 0.0000 -2.2806
vt 0.7823 0.8354
vn 0.0000 -1.0000 -0.0000
v -0.1152 0.0000 -2.0160
vt 0.7794 0.8354
vn 0.0000 -1.0000 -0.0000
v -0.2400 0.0000 -2.1611
vt 0.7763 0.8354
vn 0.0000 -1.0000 -0.0000
f 3029/3029/3029 3030/3030/3030 3031/3031/3031
v 0.0457 0.0000 -2.2806
vt 0.7809 0.8354
vn 0.0000 -1.0000 -0.0000
v -0.2400 0.0000 -2.1611
vt 0.7763 0.8354
vn 0.0000 -1.0000 -0.0000
v -0.2557 0.0000 -2.3518
vt 0.7763 0.8354
vn 0.0000 -1.0000 -0.0000
f 3032/3032/3032 3033/3033/3033 3034/3034/3034
v 0.0457 0.0000 -2.2806
vt 0.7809 0.8354
vn 0.0000 -1.0000 -0.0000
v -0.2557 0.0000 -2.3518
vt 0.7763 0.8354
vn 0.0000 -1.0000 -0.0000
v -0.1563 0.0000 -2.5154
vt 0.7794 0.8354
vn 0.0000 -1.0000 -0.0000
f 3035/3035/3035 3036/3036/3036 3037/3037/3037
v 0.0457 0.0000 -2.2806
vt 0.7823 0.8354
vn 0.0000 -1.0000 -0.0000
v -0.1563 0.0000 -2.5154
vt 0.7794 0.8354
vn 0.0000 -1.0000 -0.0000
v 0.0203 0.0000 -2.5892
vt 0.7845 0.8354
vn 0.0000 -1.0000 -0.0000
f 3038/3038/3038 3039/3039/3039 3040/3040/3040
v 2.3208 0.0000 -0.9164
vt 0.7845 0.8354
vn 0.0000 -1.0000 -0.0000
v 2.3208 0.0000 -1.1876
vt 0.7845 0.8354
vn 0.0000 -1.0000 -0.0000
v 2.4802 0.0000 -1.1358
vt 0.7895 0.8354
vn 0.0000 -1.0000 -0.0000
f 3041/3041/3041 3042/3042/3042 3043/3043/3043
v 2.3208 0.0000 -0.9164
vt 0.7863 0.8354
vn 0.0000 -1.0000 -0.0000
v 2.4802 0.0000 -1.1358
vt 0.7895 0.8354
vn 0.0000 -1.0000 -0.0000
v 2.5787 0.0000 -1.0002
vt 0.7927 0.8354
vn 0.0000 -1.0000 -0.0000
f 3044/3044/3044 3045/3045/3045 3046/3046/3046
v 2.3208 0.0000 -0.9164
vt 0.7874 0.8354
vn 0.0000 -1.0000 -0.0000
v 2.5787 0.0000 -1.0002
vt 0.7927 0.8354
vn 0.0000 -1.0000 -0.0000
v 2.5787 0.0000 -0.8327
vt 0.7927 0.8354
vn 0.0000 -1.0000 -0.0000
f 3047/3047/3047 3048/3048/3048 3049/3049/3049
v 2.3208 0.0000 -0.9164
vt 0.7874 0.8354
vn 0.0000 -1.0000 -0.0000
v 2.5787 0.0000 -0.8327
vt 0.7927 0.8354
vn 0.0000 -1.0000 -0.0000
v 2.4802 0.0000 -0.6971
vt 0.7895 0.8354
vn 0.0000 -1.0000 -0.0000
f 3050/3050/3050 3051/3051/3051 3052/3052/3052
v 2.3208 0.0000 -0.9164
vt 0.7863 0.8354
vn 0.0000 -1.0000 -0.0000
v 2.4802 0.0000 -0.6971
vt 0.7895 0.8354
vn 0.0000 -1.0000 -0.0000
v 2.3208 0.0000 -0.6453
vt 0.7845 0.8354
vn 0.0000 -1.0000 -0.0000
f 3053/3053/3053 3054/3054/3054 3055/3055/3055
v 2.3208 0.0000 -0.9164
vt 0.7845 0.8354
vn 0.0000 -1.0000 -0.0000
v 2.3208 0.0000 -0.6453
vt 0.7845 0.8354
vn 0.0000 -1.0000 -0.0000
v 2.1614 0.0000 -0.6971
vt 0.7794 0.8354
vn 0.0000 -1.0000 -0.0000
f 3056/3056/3056 3057/3057/3057 3058/3058/3058
v 2.3208 0.0000 -0.9164
vt 0.7827 0.8354
vn 0.0000 -1.0000 -0.0000
v 2.1614 0.0000 -0.6971
vt 0.7794 0.8354
vn 0.0000 -1.0000 -0.0000
v 2.0629 0.0000 -0.8327
vt 0.7763 0.8354
vn 0.0000 -1.0000 -0.0000
f 3059/3059/3059 3060/3060/3060 3061/3061/3061
v 2.3208 0.0000 -0.9164
vt 0.7816 0.8354
vn 0.0000 -1.0000 -0.0000
v 2.0629 0.0000 -0.8327
vt 0.7763 0.8354
vn 0.0000 -1.0000 -0.0000
v 2.0629 0.0000 -1.0002
vt 0.7763 0.8354
vn 0.0000 -1.0000 -0.0000
f 3062/3062/3062 3063/3063/3063 3064/3064/3064
v 2.3208 0.0000 -0.9164
vt 0.7816 0.8354
vn 0.0000 -1.0000 -0.0000
v 2.0629 0.0000 -1.0002
vt 0.7763 0.8354
vn 0.0000 -1.0000 -0.0000
v 2.1614 0.0000 -1.1358
vt 0.7794 0.8354
vn 0.0000 -1.0000 -0.0000
f 3065/3065/3065 3066/3066/3066 3067/3067/3067
v 2.3208 0.0000 -0.9164
vt 0.7827 0.8354
vn 0.0000 -1.0000 -0.0000
v 2.1614 0.0000 -1.1358
vt 0.7794 0.8354
vn 0.0000 -1.0000 -0.0000
v 2.3208 0.0000 -1.1876
vt 0.7845 0.8354
vn 0.0000 -1.0000 -0.0000
f 3068/3068/3068 3069/3069/3069 3070/3070/3070
v -1.9428 0.0000 1.0386
vt 0.7845 0.8354
vn 0.1781 -0.9678 -0.1781
v -1.9478 0.0551 0.7339
vt 0.7845 0.8354
vn 0.1781 -0.9678 -0.1781
v -1.7677 0.0770 0.7951
vt 0.7895 0.8354
vn 0.1781 -0.9678 -0.1781
f 3071/3071/3071 3072/3072/3072 3073/3073/3073
v -1.9428 0.0000 1.0386
vt 0.7867 0.8354
vn 0.1781 -0.9678 -0.1781
v -1.7677 0.0770 0.7951
vt 0.7895 0.8354
vn 0.1781 -0.9678 -0.1781
v -1.6546 0.0695 0.9492
vt 0.7927 0.8354
vn 0.1781 -0.9678 -0.1781
f 3074/3074/3074 3075/3075/3075 3076/3076/3076
v -1.9428 0.0000 1.0386
vt 0.7880 0.8354
vn 0.1781 -0.9678 -0.1781
v -1.6546 0.0695 0.9492
vt 0.7927 0.8354
vn 0.1781 -0.9678 -0.1781
v -1.6515 0.0354 1.1375
vt 0.7927 0.8354
vn 0.1781 -0.9678 -0.1781
f 3077/3077/3077 3078/3078/3078 3079/3079/3079
v -1.9428 0.0000 1.0386
vt 0.7880 0.8354
vn 0.1781 -0.9678 -0.1781
v -1.6515 0.0354 1.1375
vt 0.7927 0.8354
vn 0.1781 -0.9678 -0.1781
v -1.7597 -0.0122 1.2880
vt 0.7895 0.8354
vn 0.1781 -0.9678 -0.1781
f 3080/3080/3080 3081/3081/3081 3082/3082/3082
v -1.9428 0.0000 1.0386
vt 0.7867 0.8354
vn 0.1781 -0.9678 -0.1781
v -1.7597 -0.0122 1.2880
vt 0.7895 0.8354
vn 0.1781 -0.9678 -0.1781
v -1.9378 -0.0551 1.3433
vt 0.7845 0.8354
vn 0.1781 -0.9678 -0.1781
f 3083/3083/3083 3084/3084/3084 3085/3085/3085
v -1.9428 0.0000 1.0386
vt 0.7845 0.8354
vn 0.1781 -0.9678 -0.1781
v -1.9378 -0.0551 1.3433
vt 0.7845 0.8354
vn 0.1781 -0.9678 -0.1781
v -2.1178 -0.0770 1.2822
vt 0.7794 0.8354
vn 0.1781 -0.9678 -0.1781
f 3086/3086/3086 3087/3087/3087 3088/3088/3088
v -1.9428 0.0000 1.0386
vt 0.7823 0.8354
vn 0.1781 -0.9678 -0.1781
v -2.1178 -0.0770 1.2822
vt 0.7794 0.8354
vn 0.1781 -0.9678 -0.1781
v -2.2310 -0.0695 1.1280
vt 0.7763 0.8354
vn 0.1781 -0.9678 -0.1781
f 3089/3089/3089 3090/3090/3090 3091/3091/3091
v -1.9428 0.0000 1.0386
vt 0.7809 0.8354
vn 0.1781 -0.9678 -0.1781
v -2.2310 -0.0695 1.1280
vt 0.7763 0.8354
vn 0.1781 -0.9678 -0.1781
v -2.2341 -0.0354 0.9397
vt 0.7763 0.8354
vn 0.1781 -0.9678 -0.1781
f 3092/3092/3092 3093/3093/3093 3094/3094/3094
v -1.9428 0.0000 1.0386
vt 0.7809 0.8354
vn 0.1781 -0.9678 -0.1781
v -2.2341 -0.0354 0.9397
vt 0.7763 0.8354
vn 0.1781 -0.9678 -0.1781
v -2.1259 0.0122 0.7892
vt 0.7794 0.8354
vn 0.1781 -0.9678 -0.1781
f 3095/3095/3095 3096/3096/3096 3097/3097/3097
v -1.9428 0.0000 1.0386
vt 0.7823 0.8354
vn 0.1781 -0.9678 -0.1781
v -2.1259 0.0122 0.7892
vt 0.7794 0.8354
vn 0.1781 -0.9678 -0.1781
v -1.9478 0.0551 0.7339
vt 0.7845 0.8354
vn 0.1781 -0.9678 -0.1781
f 3098/3098/3098 3099/3099/3099 3100/3100/3100
v 0.0000 -0.0000 0.0000
vt 0.7845 0.8354
vn -0.0986 -0.9943 0.0409
v -0.0065 -0.0136 -0.3461
vt 0.7845 0.8354
vn -0.0986 -0.9943 0.0409
v 0.1974 -0.0312 -0.2830
vt 0.7895 0.8354
vn -0.0986 -0.9943 0.0409
f 3101/3101/3101 3102/3102/3102 3103/3103/3103
v 0.0000 -0.0000 0.0000
vt 0.7870 0.8354
vn -0.0986 -0.9943 0.0409
v 0.1974 -0.0312 -0.2830
vt 0.7895 0.8354
vn -0.0986 -0.9943 0.0409
v 0.3259 -0.0369 -0.1118
vt 0.7927 0.8354
vn -0.0986 -0.9943 0.0409
f 3104/3104/3104 3105/3105/3105 3106/3106/3106
v 0.0000 -0.0000 0.0000
vt 0.7885 0.8354
vn -0.0986 -0.9943 0.0409
v 0.3259 -0.0369 -0.1118
vt 0.7927 0.8354
vn -0.0986 -0.9943 0.0409
v 0.3299 -0.0285 0.1021
vt 0.7927 0.8354
vn -0.0986 -0.9943 0.0409
f 3107/3107/3107 3108/3108/3108 3109/3109/3109
v 0.0000 -0.0000 0.0000
vt 0.7885 0.8354
vn -0.0986 -0.9943 0.0409
v 0.3299 -0.0285 0.1021
vt 0.7927 0.8354
vn -0.0986 -0.9943 0.0409
v 0.2079 -0.0092 0.2770
vt 0.7895 0.8354
vn -0.0986 -0.9943 0.0409
f 3110/3110/3110 3111/3111/3111 3112/3112/3112
v 0.0000 -0.0000 0.0000
vt 0.7870 0.8354
vn -0.0986 -0.9943 0.0409
v 0.2079 -0.0092 0.2770
vt 0.7895 0.8354
vn -0.0986 -0.9943 0.0409
v 0.0065 0.0136 0.3461
vt 0.7845 0.8354
vn -0.0986 -0.9943 0.0409
f 3113/3113/3113 3114/3114/3114 3115/3115/3115
v 0.0000 -0.0000 0.0000
vt 0.7845 0.8354
vn -0.0986 -0.9943 0.0409
v 0.0065 0.0136 0.3461
vt 0.7845 0.8354
vn -0.0986 -0.9943 0.0409
v -0.1973 0.0312 0.2830
vt 0.7794 0.8354
vn -0.0986 -0.9943 0.0409
f 3116/3116/3116 3117/3117/3117 3118/3118/3118
v 0.0000 -0.0000 0.0000
vt 0.7820 0.8354
vn -0.0986 -0.9943 0.0409
v -0.1973 0.0312 0.2830
vt 0.7794 0.8354
vn -0.0986 -0.9943 0.0409
v -0.3258 0.0369 0.1118
vt 0.7763 0.8354
vn -0.0986 -0.9943 0.0409
f 3119/3119/3119 3120/3120/3120 3121/3121/3121
v 0.0000 -0.0000 0.0000
vt 0.7804 0.8354
vn -0.0986 -0.9943 0.0409
v -0.3258 0.0369 0.1118
vt 0.7763 0.8354
vn -0.0986 -0.9943 0.0409
v -0.3298 0.0285 -0.1021
vt 0.7763 0.8354
vn -0.0986 -0.9943 0.0409
f 3122/3122/3122 3123/3123/3123 3124/3124/3124
v 0.0000 -0.0000 0.0000
vt 0.7804 0.8354
vn -0.0986 -0.9943 0.0409
v -0.3298 0.0285 -0.1021
vt 0.7763 0.8354
vn -0.0986 -0.9943 0.0409
v -0.2078 0.0092 -0.2770
vt 0.7794 0.8354
vn -0.0986 -0.9943 0.0409
f 3125/3125/3125 3126/3126/3126 3127/3127/3127
v 0.0000 -0.0000 0.0000
vt 0.7820 0.8354
vn -0.0986 -0.9943 0.0409
v -0.2078 0.0092 -0.2770
vt 0.7794 0.8354
vn -0.0986 -0.9943 0.0409
v -0.0065 -0.0136 -0.3461
vt 0.7845 0.8354
vn -0.0986 -0.9943 0.0409
f 3128/3128/3128 3129/3129/3129 3130/3130/3130
v -2.0521 0.0000 -1.1119
vt 0.7845 0.8354
vn 0.1006 -0.9948 -0.0154
v -2.0622 0.0032 -1.3828
vt 0.7845 0.8354
vn 0.1006 -0.9948 -0.0154
v -1.9018 0.0187 -1.3367
vt 0.7895 0.8354
vn 0.1006 -0.9948 -0.0154
f 3131/3131/3131 3132/3132/3132 3133/3133/3133
v -2.0521 0.0000 -1.1119
vt 0.7863 0.8354
vn 0.1006 -0.9948 -0.0154
v -1.9018 0.0187 -1.3367
vt 0.7895 0.8354
vn 0.1006 -0.9948 -0.0154
v -1.7988 0.0271 -1.2048
vt 0.7927 0.8354
vn 0.1006 -0.9948 -0.0154
f 3134/3134/3134 3135/3135/3135 3136/3136/3136
v -2.0521 0.0000 -1.1119
vt 0.7874 0.8354
vn 0.1006 -0.9948 -0.0154
v -1.7988 0.0271 -1.2048
vt 0.7927 0.8354
vn 0.1006 -0.9948 -0.0154
v -1.7926 0.0251 -1.0374
vt 0.7927 0.8354
vn 0.1006 -0.9948 -0.0154
f 3137/3137/3137 3138/3138/3138 3139/3139/3139
v -2.0521 0.0000 -1.1119
vt 0.7874 0.8354
vn 0.1006 -0.9948 -0.0154
v -1.7926 0.0251 -1.0374
vt 0.7927 0.8354
vn 0.1006 -0.9948 -0.0154
v -1.8855 0.0135 -0.8984
vt 0.7895 0.8354
vn 0.1006 -0.9948 -0.0154
f 3140/3140/3140 3141/3141/3141 3142/3142/3142
v -2.0521 0.0000 -1.1119
vt 0.7863 0.8354
vn 0.1006 -0.9948 -0.0154
v -1.8855 0.0135 -0.8984
vt 0.7895 0.8354
vn 0.1006 -0.9948 -0.0154
v -2.0420 -0.0032 -0.8409
vt 0.7845 0.8354
vn 0.1006 -0.9948 -0.0154
f 3143/3143/3143 3144/3144/3144 3145/3145/3145
v -2.0521 0.0000 -1.1119
vt 0.7845 0.8354
vn 0.1006 -0.9948 -0.0154
v -2.0420 -0.0032 -0.8409
vt 0.7845 0.8354
vn 0.1006 -0.9948 -0.0154
v -2.2024 -0.0187 -0.8870
vt 0.7794 0.8354
vn 0.1006 -0.9948 -0.0154
f 3146/3146/3146 3147/3147/3147 3148/3148/3148
v -2.0521 0.0000 -1.1119
vt 0.7827 0.8354
vn 0.1006 -0.9948 -0.0154
v -2.2024 -0.0187 -0.8870
vt 0.7794 0.8354
vn 0.1006 -0.9948 -0.0154
v -2.3054 -0.0271 -1.0189
vt 0.7763 0.8354
vn 0.1006 -0.9948 -0.0154
f 3149/3149/3149 3150/3150/3150 3151/3151/3151
v -2.0521 0.0000 -1.1119
vt 0.7816 0.8354
vn 0.1006 -0.9948 -0.0154
v -2.3054 -0.0271 -1.0189
vt 0.7763 0.8354
vn 0.1006 -0.9948 -0.0154
v -2.3116 -0.0251 -1.1864
vt 0.7763 0.8354
vn 0.1006 -0.9948 -0.0154
f 3152/3152/3152 3153/3153/3153 3154/3154/3154
v -2.0521 0.0000 -1.1119
vt 0.7816 0.8354
vn 0.1006 -0.9948 -0.0154
v -2.3116 -0.0251 -1.1864
vt 0.7763 0.8354
vn 0.1006 -0.9948 -0.0154
v -2.2187 -0.0135 -1.3253
vt 0.7794 0.8354
vn 0.1006 -0.9948 -0.0154
f 3155/3155/3155 3156/3156/3156 3157/3157/3157
v -2.0521 0.0000 -1.1119
vt 0.7827 0.8354
vn 0.1006 -0.9948 -0.0154
v -2.2187 -0.0135 -1.3253
vt 0.7794 0.8354
vn 0.1006 -0.9948 -0.0154
v -2.0622 0.0032 -1.3828
vt 0.7845 0.8354
vn 0.1006 -0.9948 -0.0154
f 3158/3158/3158 3159/3159/3159 3160/3160/3160
v 1.8482 -0.0000 1.2933
vt 0.7845 0.8354
vn -0.1646 -0.9702 -0.1781
v 1.8624 0.0535 0.9887
vt 0.7845 0.8354
vn -0.1646 -0.9702 -0.1781
v 2.0390 0.0123 1.0498
vt 0.7895 0.8354
vn -0.1646 -0.9702 -0.1781
f 3161/3161/3161 3162/3162/3162 3163/3163/3163
v 1.8482 -0.0000 1.2933
vt 0.7867 0.8354
vn -0.1646 -0.9702 -0.1781
v 2.0390 0.0123 1.0498
vt 0.7895 0.8354
vn -0.1646 -0.9702 -0.1781
v 2.1427 -0.0336 1.2039
vt 0.7927 0.8354
vn -0.1646 -0.9702 -0.1781
f 3164/3164/3164 3165/3165/3165 3166/3166/3166
v 1.8482 -0.0000 1.2933
vt 0.7880 0.8354
vn -0.1646 -0.9702 -0.1781
v 2.1427 -0.0336 1.2039
vt 0.7927 0.8354
vn -0.1646 -0.9702 -0.1781
v 2.1340 -0.0666 1.3922
vt 0.7927 0.8354
vn -0.1646 -0.9702 -0.1781
f 3167/3167/3167 3168/3168/3168 3169/3169/3169
v 1.8482 -0.0000 1.2933
vt 0.7880 0.8354
vn -0.1646 -0.9702 -0.1781
v 2.1340 -0.0666 1.3922
vt 0.7927 0.8354
vn -0.1646 -0.9702 -0.1781
v 2.0160 -0.0743 1.5428
vt 0.7895 0.8354
vn -0.1646 -0.9702 -0.1781
f 3170/3170/3170 3171/3171/3171 3172/3172/3172
v 1.8482 -0.0000 1.2933
vt 0.7867 0.8354
vn -0.1646 -0.9702 -0.1781
v 2.0160 -0.0743 1.5428
vt 0.7895 0.8354
vn -0.1646 -0.9702 -0.1781
v 1.8340 -0.0535 1.5980
vt 0.7845 0.8354
vn -0.1646 -0.9702 -0.1781
f 3173/3173/3173 3174/3174/3174 3175/3175/3175
v 1.8482 -0.0000 1.2933
vt 0.7845 0.8354
vn -0.1646 -0.9702 -0.1781
v 1.8340 -0.0535 1.5980
vt 0.7845 0.8354
vn -0.1646 -0.9702 -0.1781
v 1.6574 -0.0123 1.5369
vt 0.7794 0.8354
vn -0.1646 -0.9702 -0.1781
f 3176/3176/3176 3177/3177/3177 3178/3178/3178
v 1.8482 -0.0000 1.2933
vt 0.7823 0.8354
vn -0.1646 -0.9702 -0.1781
v 1.6574 -0.0123 1.5369
vt 0.7794 0.8354
vn -0.1646 -0.9702 -0.1781
v 1.5536 0.0336 1.3827
vt 0.7763 0.8354
vn -0.1646 -0.9702 -0.1781
f 3179/3179/3179 3180/3180/3180 3181/3181/3181
v 1.8482 -0.0000 1.2933
vt 0.7809 0.8354
vn -0.1646 -0.9702 -0.1781
v 1.5536 0.0336 1.3827
vt 0.7763 0.8354
vn -0.1646 -0.9702 -0.1781
v 1.5624 0.0666 1.1944
vt 0.7763 0.8354
vn -0.1646 -0.9702 -0.1781
f 3182/3182/3182 3183/3183/3183 3184/3184/3184
v 1.8482 -0.0000 1.2933
vt 0.7809 0.8354
vn -0.1646 -0.9702 -0.1781
v 1.5624 0.0666 1.1944
vt 0.7763 0.8354
vn -0.1646 -0.9702 -0.1781
v 1.6804 0.0742 1.0439
vt 0.7794 0.8354
vn -0.1646 -0.9702 -0.1781
f 3185/3185/3185 3186/3186/3186 3187/3187/3187
v 1.8482 -0.0000 1.2933
vt 0.7823 0.8354
vn -0.1646 -0.9702 -0.1781
v 1.6804 0.0742 1.0439
vt 0.7794 0.8354
vn -0.1646 -0.9702 -0.1781
v 1.8624 0.0535 0.9887
vt 0.7845 0.8354
vn -0.1646 -0.9702 -0.1781
f 3188/3188/3188 3189/3189/3189 3190/3190/3190
v -0.0916 -0.0000 2.2302
vt 0.7845 0.8354
vn -0.1095 -0.9868 -0.1195
v -0.0898 0.0324 1.9610
vt 0.7845 0.8354
vn -0.1095 -0.9868 -0.1195
v 0.0682 0.0088 2.0114
vt 0.7895 0.8354
vn -0.1095 -0.9868 -0.1195
f 3191/3191/3191 3192/3192/3192 3193/3193/3193
v -0.0916 -0.0000 2.2302
vt 0.7863 0.8354
vn -0.1095 -0.9868 -0.1195
v 0.0682 0.0088 2.0114
vt 0.7895 0.8354
vn -0.1095 -0.9868 -0.1195
v 0.1652 -0.0182 2.1453
vt 0.7927 0.8354
vn -0.1095 -0.9868 -0.1195
f 3194/3194/3194 3195/3195/3195 3196/3196/3196
v -0.0916 -0.0000 2.2302
vt 0.7874 0.8354
vn -0.1095 -0.9868 -0.1195
v 0.1652 -0.0182 2.1453
vt 0.7927 0.8354
vn -0.1095 -0.9868 -0.1195
v 0.1641 -0.0383 2.3117
vt 0.7927 0.8354
vn -0.1095 -0.9868 -0.1195
f 3197/3197/3197 3198/3198/3198 3199/3199/3199
v -0.0916 -0.0000 2.2302
vt 0.7874 0.8354
vn -0.1095 -0.9868 -0.1195
v 0.1641 -0.0383 2.3117
vt 0.7927 0.8354
vn -0.1095 -0.9868 -0.1195
v 0.0653 -0.0437 2.4469
vt 0.7895 0.8354
vn -0.1095 -0.9868 -0.1195
f 3200/3200/3200 3201/3201/3201 3202/3202/3202
v -0.0916 -0.0000 2.2302
vt 0.7863 0.8354
vn -0.1095 -0.9868 -0.1195
v 0.0653 -0.0437 2.4469
vt 0.7895 0.8354
vn -0.1095 -0.9868 -0.1195
v -0.0934 -0.0324 2.4994
vt 0.7845 0.8354
vn -0.1095 -0.9868 -0.1195
f 3203/3203/3203 3204/3204/3204 3205/3205/3205
v -0.0916 -0.0000 2.2302
vt 0.7845 0.8354
vn -0.1095 -0.9868 -0.1195
v -0.0934 -0.0324 2.4994
vt 0.7845 0.8354
vn -0.1095 -0.9868 -0.1195
v -0.2515 -0.0088 2.4490
vt 0.7794 0.8354
vn -0.1095 -0.9868 -0.1195
f 3206/3206/3206 3207/3207/3207 3208/3208/3208
v -0.0916 -0.0000 2.2302
vt 0.7827 0.8354
vn -0.1095 -0.9868 -0.1195
v -0.2515 -0.0088 2.4490
vt 0.7794 0.8354
vn -0.1095 -0.9868 -0.1195
v -0.3485 0.0182 2.3151
vt 0.7763 0.8354
vn -0.1095 -0.9868 -0.1195
f 3209/3209/3209 3210/3210/3210 3211/3211/3211
v -0.0916 -0.0000 2.2302
vt 0.7816 0.8354
vn -0.1095 -0.9868 -0.1195
v -0.3485 0.0182 2.3151
vt 0.7763 0.8354
vn -0.1095 -0.9868 -0.1195
v -0.3474 0.0382 2.1487
vt 0.7763 0.8354
vn -0.1095 -0.9868 -0.1195
f 3212/3212/3212 3213/3213/3213 3214/3214/3214
v -0.0916 -0.0000 2.2302
vt 0.7816 0.8354
vn -0.1095 -0.9868 -0.1195
v -0.3474 0.0382 2.1487
vt 0.7763 0.8354
vn -0.1095 -0.9868 -0.1195
v -0.2486 0.0437 2.0135
vt 0.7794 0.8354
vn -0.1095 -0.9868 -0.1195
f 3215/3215/3215 3216/3216/3216 3217/3217/3217
v -0.0916 -0.0000 2.2302
vt 0.7827 0.8354
vn -0.1095 -0.9868 -0.1195
v -0.2486 0.0437 2.0135
vt 0.7794 0.8354
vn -0.1095 -0.9868 -0.1195
v -0.0898 0.0324 1.9610
vt 0.7845 0.8354
vn -0.1095 -0.9868 -0.1195
f 3218/3218/3218 3219/3219/3219 3220/3220/3220
