# The Giants of Holst prop, from CC0 kits by KayKit (Kay Lousberg) and Kenney
v -0.6750 0.2250 -0.0225
vt 0.0379 0.9930
vn 0.0000 1.0000 0.0000
v 0.6750 0.2250 -0.0225
vt 0.0619 0.9930
vn 0.0000 1.0000 0.0000
v 0.7154 0.2250 -0.1125
vt 0.0629 0.9930
vn 0.0000 1.0000 0.0000
v -0.7154 0.2250 -0.1125
vt 0.0368 0.9930
vn 0.0000 1.0000 0.0000
f 1/1/1 2/2/2 3/3/3 4/4/4
v 0.0000 0.9478 -0.0225
vt 0.1764 0.8731
vn -0.0000 -0.0000 -1.0000
v 0.6524 1.0543 -0.0225
vt 0.1910 0.8764
vn -0.0000 -0.0000 -1.0000
v 0.6750 0.9407 -0.0225
vt 0.1915 0.8729
vn -0.0000 -0.0000 -1.0000
f 5/5/5 6/6/6 7/7/7
v 0.0000 0.9478 -0.0225
vt 0.1764 0.8731
vn -0.0000 -0.0000 -1.0000
v 0.5881 1.1506 -0.0225
vt 0.1895 0.8794
vn -0.0000 -0.0000 -1.0000
v 0.6524 1.0543 -0.0225
vt 0.1910 0.8764
vn -0.0000 -0.0000 -1.0000
f 8/8/8 9/9/9 10/10/10
v 0.0000 0.9478 -0.0225
vt 0.1764 0.8731
vn -0.0000 -0.0000 -1.0000
v 0.4918 1.2149 -0.0225
vt 0.1874 0.8814
vn -0.0000 -0.0000 -1.0000
v 0.5881 1.1506 -0.0225
vt 0.1895 0.8794
vn -0.0000 -0.0000 -1.0000
f 11/11/11 12/12/12 13/13/13
v 0.0000 0.9478 -0.0225
vt 0.1764 0.8731
vn -0.0000 -0.0000 -1.0000
v 0.3782 1.2375 -0.0225
vt 0.1848 0.8821
vn -0.0000 -0.0000 -1.0000
v 0.4918 1.2149 -0.0225
vt 0.1874 0.8814
vn -0.0000 -0.0000 -1.0000
f 14/14/14 15/15/15 16/16/16
v 0.0000 0.9478 -0.0225
vt 0.1764 0.8731
vn -0.0000 -0.0000 -1.0000
v -0.4918 1.2149 -0.0225
vt 0.1654 0.8814
vn -0.0000 -0.0000 -1.0000
v -0.3782 1.2375 -0.0225
vt 0.1680 0.8821
vn -0.0000 -0.0000 -1.0000
f 17/17/17 18/18/18 19/19/19
v 0.0000 0.9478 -0.0225
vt 0.1764 0.8731
vn -0.0000 -0.0000 -1.0000
v -0.5881 1.1506 -0.0225
vt 0.1633 0.8794
vn -0.0000 -0.0000 -1.0000
v -0.4918 1.2149 -0.0225
vt 0.1654 0.8814
vn -0.0000 -0.0000 -1.0000
f 20/20/20 21/21/21 22/22/22
v 0.0000 0.9478 -0.0225
vt 0.1764 0.8731
vn -0.0000 -0.0000 -1.0000
v -0.6524 1.0543 -0.0225
vt 0.1619 0.8764
vn -0.0000 -0.0000 -1.0000
v -0.5881 1.1506 -0.0225
vt 0.1633 0.8794
vn -0.0000 -0.0000 -1.0000
f 23/23/23 24/24/24 25/25/25
v 0.0000 0.9478 -0.0225
vt 0.1764 0.8731
vn -0.0000 -0.0000 -1.0000
v -0.6750 0.9407 -0.0225
vt 0.1614 0.8729
vn -0.0000 -0.0000 -1.0000
v -0.6524 1.0543 -0.0225
vt 0.1619 0.8764
vn -0.0000 -0.0000 -1.0000
f 26/26/26 27/27/27 28/28/28
v 0.0000 0.9478 -0.0225
vt 0.1764 0.8731
vn -0.0000 -0.0000 -1.0000
v -0.3782 1.2375 -0.0225
vt 0.1680 0.8821
vn -0.0000 -0.0000 -1.0000
v 0.3782 1.2375 -0.0225
vt 0.1848 0.8821
vn -0.0000 -0.0000 -1.0000
f 29/29/29 30/30/30 31/31/31
v 0.0000 0.9478 -0.0225
vt 0.1764 0.8731
vn -0.0000 -0.0000 -1.0000
v 0.6750 0.9407 -0.0225
vt 0.1915 0.8729
vn -0.0000 -0.0000 -1.0000
v 0.6750 0.2250 -0.0225
vt 0.1915 0.8506
vn -0.0000 -0.0000 -1.0000
f 32/32/32 33/33/33 34/34/34
v 0.0000 0.9478 -0.0225
vt 0.1764 0.8731
vn -0.0000 -0.0000 -1.0000
v 0.6750 0.2250 -0.0225
vt 0.1915 0.8506
vn -0.0000 -0.0000 -1.0000
v -0.6750 0.2250 -0.0225
vt 0.1614 0.8506
vn -0.0000 -0.0000 -1.0000
f 35/35/35 36/36/36 37/37/37
v 0.0000 0.9478 -0.0225
vt 0.1764 0.8731
vn -0.0000 -0.0000 -1.0000
v -0.6750 0.2250 -0.0225
vt 0.1614 0.8506
vn -0.0000 -0.0000 -1.0000
v -0.6750 0.9407 -0.0225
vt 0.1614 0.8729
vn -0.0000 -0.0000 -1.0000
f 38/38/38 39/39/39 40/40/40
v 0.0000 0.9603 0.0225
vt 0.1764 0.8735
vn 0.0000 0.0000 1.0000
v -0.6524 1.0543 0.0225
vt 0.1619 0.8764
vn 0.0000 0.0000 1.0000
v -0.6750 0.9407 0.0225
vt 0.1614 0.8729
vn 0.0000 0.0000 1.0000
f 41/41/41 42/42/42 43/43/43
v 0.0000 0.9603 0.0225
vt 0.1764 0.8735
vn 0.0000 0.0000 1.0000
v -0.5881 1.1506 0.0225
vt 0.1633 0.8794
vn 0.0000 0.0000 1.0000
v -0.6524 1.0543 0.0225
vt 0.1619 0.8764
vn 0.0000 0.0000 1.0000
f 44/44/44 45/45/45 46/46/46
v 0.0000 0.9603 0.0225
vt 0.1764 0.8735
vn 0.0000 0.0000 1.0000
v -0.4918 1.2149 0.0225
vt 0.1654 0.8814
vn 0.0000 0.0000 1.0000
v -0.5881 1.1506 0.0225
vt 0.1633 0.8794
vn 0.0000 0.0000 1.0000
f 47/47/47 48/48/48 49/49/49
v 0.0000 0.9603 0.0225
vt 0.1764 0.8735
vn 0.0000 0.0000 1.0000
v -0.3782 1.2375 0.0225
vt 0.1680 0.8821
vn 0.0000 0.0000 1.0000
v -0.4918 1.2149 0.0225
vt 0.1654 0.8814
vn 0.0000 0.0000 1.0000
f 50/50/50 51/51/51 52/52/52
v 0.0000 0.9603 0.0225
vt 0.1764 0.8735
vn 0.0000 0.0000 1.0000
v 0.4918 1.2149 0.0225
vt 0.1874 0.8814
vn 0.0000 0.0000 1.0000
v 0.3782 1.2375 0.0225
vt 0.1848 0.8821
vn 0.0000 0.0000 1.0000
f 53/53/53 54/54/54 55/55/55
v 0.0000 0.9603 0.0225
vt 0.1764 0.8735
vn 0.0000 0.0000 1.0000
v 0.5881 1.1506 0.0225
vt 0.1895 0.8794
vn 0.0000 0.0000 1.0000
v 0.4918 1.2149 0.0225
vt 0.1874 0.8814
vn 0.0000 0.0000 1.0000
f 56/56/56 57/57/57 58/58/58
v 0.0000 0.9603 0.0225
vt 0.1764 0.8735
vn 0.0000 0.0000 1.0000
v 0.6524 1.0543 0.0225
vt 0.1910 0.8764
vn 0.0000 0.0000 1.0000
v 0.5881 1.1506 0.0225
vt 0.1895 0.8794
vn 0.0000 0.0000 1.0000
f 59/59/59 60/60/60 61/61/61
v 0.0000 0.9603 0.0225
vt 0.1764 0.8735
vn 0.0000 0.0000 1.0000
v 0.6750 0.9407 0.0225
vt 0.1915 0.8729
vn 0.0000 0.0000 1.0000
v 0.6524 1.0543 0.0225
vt 0.1910 0.8764
vn 0.0000 0.0000 1.0000
f 62/62/62 63/63/63 64/64/64
v 0.0000 0.9603 0.0225
vt 0.1764 0.8735
vn 0.0000 0.0000 1.0000
v 0.3782 1.2375 0.0225
vt 0.1848 0.8821
vn 0.0000 0.0000 1.0000
v -0.3782 1.2375 0.0225
vt 0.1680 0.8821
vn 0.0000 0.0000 1.0000
f 65/65/65 66/66/66 67/67/67
v 0.0000 0.9603 0.0225
vt 0.1764 0.8735
vn 0.0000 0.0000 1.0000
v -0.6750 0.9407 0.0225
vt 0.1614 0.8729
vn 0.0000 0.0000 1.0000
v -0.6750 0.2250 0.0225
vt 0.1614 0.8506
vn 0.0000 0.0000 1.0000
f 68/68/68 69/69/69 70/70/70
v 0.0000 0.9603 0.0225
vt 0.1764 0.8735
vn 0.0000 0.0000 1.0000
v -0.6750 0.2250 0.0225
vt 0.1614 0.8506
vn 0.0000 0.0000 1.0000
v 0.6750 0.2250 0.0225
vt 0.1915 0.8506
vn 0.0000 0.0000 1.0000
f 71/71/71 72/72/72 73/73/73
v 0.0000 0.9603 0.0225
vt 0.1764 0.8735
vn 0.0000 0.0000 1.0000
v 0.6750 0.2250 0.0225
vt 0.1915 0.8506
vn 0.0000 0.0000 1.0000
v 0.6750 0.9407 0.0225
vt 0.1915 0.8729
vn 0.0000 0.0000 1.0000
f 74/74/74 75/75/75 76/76/76
v -0.7154 0.2250 -0.1125
vt 0.1638 0.8551
vn -0.0000 -0.0000 -1.0000
v -0.9000 0.2250 -0.1125
vt 0.1529 0.8539
vn -0.0000 -0.0000 -1.0000
v -0.9000 1.4400 -0.1125
vt 0.1529 0.8809
vn -0.0000 -0.0000 -1.0000
v -0.7152 0.9739 -0.1125
vt 0.1638 0.8685
vn -0.0000 -0.0000 -1.0000
f 77/77/77 78/78/78 79/79/79 80/80/80
v 0.9000 0.2250 -0.1125
vt 0.2008 0.8539
vn -0.0000 -0.0000 -1.0000
v 0.7154 0.2250 -0.1125
vt 0.1899 0.8551
vn -0.0000 -0.0000 -1.0000
v 0.7152 0.9739 -0.1125
vt 0.1899 0.8685
vn -0.0000 -0.0000 -1.0000
v 0.9000 1.4400 -0.1125
vt 0.2008 0.8809
vn -0.0000 -0.0000 -1.0000
f 81/81/81 82/82/82 83/83/83 84/84/84
v -0.9000 1.4400 -0.1125
vt 0.1529 0.8809
vn -0.0000 -0.0000 -1.0000
v -0.5495 1.2603 -0.1125
vt 0.1682 0.8761
vn -0.0000 -0.0000 -1.0000
v -0.6361 1.1904 -0.1125
vt 0.1659 0.8742
vn -0.0000 -0.0000 -1.0000
f 85/85/85 86/86/86 87/87/87
v -0.9000 1.4400 -0.1125
vt 0.1529 0.8809
vn -0.0000 -0.0000 -1.0000
v -0.4487 1.2876 -0.1125
vt 0.1709 0.8768
vn -0.0000 -0.0000 -1.0000
v -0.5495 1.2603 -0.1125
vt 0.1682 0.8761
vn -0.0000 -0.0000 -1.0000
f 88/88/88 89/89/89 90/90/90
v 0.9000 1.4400 -0.1125
vt 0.2008 0.8809
vn -0.0000 -0.0000 -1.0000
v 0.4487 1.2876 -0.1125
vt 0.1828 0.8768
vn -0.0000 -0.0000 -1.0000
v -0.4487 1.2876 -0.1125
vt 0.1709 0.8768
vn -0.0000 -0.0000 -1.0000
v -0.9000 1.4400 -0.1125
vt 0.1529 0.8809
vn -0.0000 -0.0000 -1.0000
f 91/91/91 92/92/92 93/93/93 94/94/94
v -0.9000 1.4400 -0.1125
vt 0.1529 0.8809
vn -0.0000 -0.0000 -1.0000
v -0.6361 1.1904 -0.1125
vt 0.1659 0.8742
vn -0.0000 -0.0000 -1.0000
v -0.6945 1.0909 -0.1125
vt 0.1643 0.8716
vn -0.0000 -0.0000 -1.0000
f 95/95/95 96/96/96 97/97/97
v -0.9000 1.4400 -0.1125
vt 0.1529 0.8809
vn -0.0000 -0.0000 -1.0000
v -0.6945 1.0909 -0.1125
vt 0.1643 0.8716
vn -0.0000 -0.0000 -1.0000
v -0.7152 0.9739 -0.1125
vt 0.1638 0.8685
vn -0.0000 -0.0000 -1.0000
f 98/98/98 99/99/99 100/100/100
v 0.9000 1.4400 -0.1125
vt 0.2008 0.8809
vn -0.0000 -0.0000 -1.0000
v 0.7152 0.9739 -0.1125
vt 0.1899 0.8685
vn -0.0000 -0.0000 -1.0000
v 0.6945 1.0909 -0.1125
vt 0.1894 0.8716
vn -0.0000 -0.0000 -1.0000
f 101/101/101 102/102/102 103/103/103
v 0.9000 1.4400 -0.1125
vt 0.2008 0.8809
vn -0.0000 -0.0000 -1.0000
v 0.6945 1.0909 -0.1125
vt 0.1894 0.8716
vn -0.0000 -0.0000 -1.0000
v 0.6361 1.1904 -0.1125
vt 0.1878 0.8742
vn -0.0000 -0.0000 -1.0000
f 104/104/104 105/105/105 106/106/106
v 0.9000 1.4400 -0.1125
vt 0.2008 0.8809
vn -0.0000 -0.0000 -1.0000
v 0.6361 1.1904 -0.1125
vt 0.1878 0.8742
vn -0.0000 -0.0000 -1.0000
v 0.5495 1.2603 -0.1125
vt 0.1855 0.8761
vn -0.0000 -0.0000 -1.0000
f 107/107/107 108/108/108 109/109/109
v 0.9000 1.4400 -0.1125
vt 0.2008 0.8809
vn -0.0000 -0.0000 -1.0000
v 0.5495 1.2603 -0.1125
vt 0.1855 0.8761
vn -0.0000 -0.0000 -1.0000
v 0.4487 1.2876 -0.1125
vt 0.1828 0.8768
vn -0.0000 -0.0000 -1.0000
f 110/110/110 111/111/111 112/112/112
v 0.6750 0.9407 -0.0225
vt 0.1888 0.8520
vn -0.8991 -0.0679 -0.4324
v 0.6524 1.0543 -0.0225
vt 0.1882 0.8550
vn -0.8104 -0.2947 -0.5064
v 0.6945 1.0909 -0.1125
vt 0.1894 0.8560
vn -0.7919 -0.3268 -0.5158
v 0.7152 0.9739 -0.1125
vt 0.1899 0.8528
vn -0.8916 -0.0977 -0.4421
f 113/113/113 114/114/114 115/115/115 116/116/116
v 0.6524 1.0543 -0.0225
vt 0.1882 0.8550
vn -0.8104 -0.2947 -0.5064
v 0.5881 1.1506 -0.0225
vt 0.1865 0.8576
vn -0.5981 -0.5584 -0.5749
v 0.6361 1.1904 -0.1125
vt 0.1878 0.8586
vn -0.6027 -0.5543 -0.5740
v 0.6945 1.0909 -0.1125
vt 0.1894 0.8560
vn -0.7919 -0.3268 -0.5158
f 117/117/117 118/118/118 119/119/119 120/120/120
v 0.5881 1.1506 -0.0225
vt 0.1865 0.8576
vn -0.5981 -0.5584 -0.5749
v 0.4918 1.2149 -0.0225
vt 0.1840 0.8593
vn -0.3101 -0.7530 -0.5804
v 0.5495 1.2603 -0.1125
vt 0.1855 0.8605
vn -0.3641 -0.7242 -0.5856
v 0.6361 1.1904 -0.1125
vt 0.1878 0.8586
vn -0.6027 -0.5543 -0.5740
f 121/121/121 122/122/122 123/123/123 124/124/124
v 0.4918 1.2149 -0.0225
vt 0.1840 0.8593
vn -0.3101 -0.7530 -0.5804
v 0.3782 1.2375 -0.0225
vt 0.1809 0.8599
vn -0.0624 -0.8558 -0.5136
v 0.4487 1.2876 -0.1125
vt 0.1828 0.8612
vn -0.1273 -0.8323 -0.5396
v 0.5495 1.2603 -0.1125
vt 0.1855 0.8605
vn -0.3641 -0.7242 -0.5856
f 125/125/125 126/126/126 127/127/127 128/128/128
v -0.3782 1.2375 -0.0225
vt 0.1728 0.8599
vn 0.0624 -0.8558 -0.5136
v -0.4918 1.2149 -0.0225
vt 0.1697 0.8593
vn 0.3101 -0.7530 -0.5804
v -0.5495 1.2603 -0.1125
vt 0.1682 0.8605
vn 0.3641 -0.7242 -0.5856
v -0.4487 1.2876 -0.1125
vt 0.1709 0.8612
vn 0.1273 -0.8323 -0.5396
f 129/129/129 130/130/130 131/131/131 132/132/132
v -0.4918 1.2149 -0.0225
vt 0.1697 0.8593
vn 0.3101 -0.7530 -0.5804
v -0.5881 1.1506 -0.0225
vt 0.1672 0.8576
vn 0.5981 -0.5584 -0.5749
v -0.6361 1.1904 -0.1125
vt 0.1659 0.8586
vn 0.6027 -0.5543 -0.5740
v -0.5495 1.2603 -0.1125
vt 0.1682 0.8605
vn 0.3641 -0.7242 -0.5856
f 133/133/133 134/134/134 135/135/135 136/136/136
v -0.5881 1.1506 -0.0225
vt 0.1672 0.8576
vn 0.5981 -0.5584 -0.5749
v -0.6524 1.0543 -0.0225
vt 0.1655 0.8550
vn 0.8104 -0.2947 -0.5064
v -0.6945 1.0909 -0.1125
vt 0.1643 0.8560
vn 0.7919 -0.3268 -0.5158
v -0.6361 1.1904 -0.1125
vt 0.1659 0.8586
vn 0.6027 -0.5543 -0.5740
f 137/137/137 138/138/138 139/139/139 140/140/140
v -0.6524 1.0543 -0.0225
vt 0.1655 0.8550
vn 0.8104 -0.2947 -0.5064
v -0.6750 0.9407 -0.0225
vt 0.1649 0.8520
vn 0.8991 -0.0679 -0.4324
v -0.7152 0.9739 -0.1125
vt 0.1638 0.8528
vn 0.8916 -0.0977 -0.4421
v -0.6945 1.0909 -0.1125
vt 0.1643 0.8560
vn 0.7919 -0.3268 -0.5158
f 141/141/141 142/142/142 143/143/143 144/144/144
v -0.4487 1.2876 -0.1125
vt 0.1709 0.8612
vn 0.1273 -0.8323 -0.5396
v 0.4487 1.2876 -0.1125
vt 0.1828 0.8612
vn -0.1273 -0.8323 -0.5396
v 0.3782 1.2375 -0.0225
vt 0.1809 0.8599
vn -0.0624 -0.8558 -0.5136
v -0.3782 1.2375 -0.0225
vt 0.1728 0.8599
vn 0.0624 -0.8558 -0.5136
f 145/145/145 146/146/146 147/147/147 148/148/148
v -0.7154 0.2250 -0.1125
vt 0.1638 0.8395
vn 0.9126 -0.0001 -0.4088
v -0.7152 0.9739 -0.1125
vt 0.1638 0.8528
vn 0.8916 -0.0977 -0.4421
v -0.6750 0.9407 -0.0225
vt 0.1649 0.8520
vn 0.8991 -0.0679 -0.4324
v -0.6750 0.2250 -0.0225
vt 0.1649 0.8395
vn 0.9126 -0.0001 -0.4088
f 149/149/149 150/150/150 151/151/151 152/152/152
v 0.7152 0.9739 -0.1125
vt 0.1899 0.8528
vn -0.8916 -0.0977 -0.4421
v 0.7154 0.2250 -0.1125
vt 0.1899 0.8395
vn -0.9126 -0.0001 -0.4088
v 0.6750 0.2250 -0.0225
vt 0.1888 0.8395
vn -0.9126 -0.0001 -0.4088
v 0.6750 0.9407 -0.0225
vt 0.1888 0.8520
vn -0.8991 -0.0679 -0.4324
f 153/153/153 154/154/154 155/155/155 156/156/156
v -0.4500 0.1443 -0.1932
vt 0.0573 0.9492
vn -0.0000 0.7071 -0.7071
v 0.4500 0.1443 -0.1932
vt 0.0616 0.9492
vn -0.0000 0.7071 -0.7071
v 0.4050 0.1125 -0.2250
vt 0.0614 0.9469
vn -0.0000 0.7071 -0.7071
v -0.4050 0.1125 -0.2250
vt 0.0575 0.9469
vn -0.0000 0.7071 -0.7071
f 157/157/157 158/158/158 159/159/159 160/160/160
v -0.4050 0.0000 -0.2250
vt 0.0575 0.8764
vn -0.0000 -0.0000 -1.0000
v -0.4050 0.1125 -0.2250
vt 0.0575 0.8844
vn -0.0000 -0.0000 -1.0000
v 0.4050 0.1125 -0.2250
vt 0.0614 0.8844
vn -0.0000 -0.0000 -1.0000
v 0.4050 0.0000 -0.2250
vt 0.0614 0.8764
vn -0.0000 -0.0000 -1.0000
f 161/161/161 162/162/162 163/163/163 164/164/164
v -0.9000 0.0000 -0.2250
vt 0.0551 0.8764
vn -0.0000 -0.0000 -1.0000
v -0.9000 0.1125 -0.2250
vt 0.0551 0.8844
vn -0.0000 -0.0000 -1.0000
v -0.4950 0.1125 -0.2250
vt 0.0571 0.8844
vn -0.0000 -0.0000 -1.0000
v -0.4950 0.0000 -0.2250
vt 0.0571 0.8764
vn -0.0000 -0.0000 -1.0000
f 165/165/165 166/166/166 167/167/167 168/168/168
v 0.9000 0.1125 -0.2250
vt 0.0637 0.9469
vn -0.0000 0.7071 -0.7071
v 0.4950 0.1125 -0.2250
vt 0.0618 0.9469
vn -0.0000 0.7071 -0.7071
v 0.4500 0.1443 -0.1932
vt 0.0616 0.9492
vn -0.0000 0.7071 -0.7071
f 169/169/169 170/170/170 171/171/171
v -0.4050 0.1125 -0.2250
vt 0.0575 0.8844
vn -0.5774 0.0000 -0.8165
v -0.4050 0.0000 -0.2250
vt 0.0575 0.8764
vn -0.5774 0.0000 -0.8165
v -0.4500 0.0000 -0.1932
vt 0.0573 0.8764
vn -0.5774 0.0000 -0.8165
v -0.4500 0.1443 -0.1932
vt 0.0573 0.8867
vn -0.5774 0.0000 -0.8165
f 172/172/172 173/173/173 174/174/174 175/175/175
v -0.4500 0.1443 -0.1932
vt 0.0573 0.8867
vn 0.5774 0.0000 -0.8165
v -0.4500 0.0000 -0.1932
vt 0.0573 0.8764
vn 0.5774 0.0000 -0.8165
v -0.4950 0.0000 -0.2250
vt 0.0571 0.8764
vn 0.5774 0.0000 -0.8165
v -0.4950 0.1125 -0.2250
vt 0.0571 0.8844
vn 0.5774 0.0000 -0.8165
f 176/176/176 177/177/177 178/178/178 179/179/179
v 0.4950 0.1125 -0.2250
vt 0.0618 0.8844
vn -0.5774 0.0000 -0.8165
v 0.4950 0.0000 -0.2250
vt 0.0618 0.8764
vn -0.5774 0.0000 -0.8165
v 0.4500 0.0000 -0.1932
vt 0.0616 0.8764
vn -0.5774 0.0000 -0.8165
v 0.4500 0.1443 -0.1932
vt 0.0616 0.8867
vn -0.5774 0.0000 -0.8165
f 180/180/180 181/181/181 182/182/182 183/183/183
v 0.4500 0.1443 -0.1932
vt 0.0616 0.8867
vn 0.5774 0.0000 -0.8165
v 0.4500 0.0000 -0.1932
vt 0.0616 0.8764
vn 0.5774 0.0000 -0.8165
v 0.4050 0.0000 -0.2250
vt 0.0614 0.8764
vn 0.5774 0.0000 -0.8165
v 0.4050 0.1125 -0.2250
vt 0.0614 0.8844
vn 0.5774 0.0000 -0.8165
f 184/184/184 185/185/185 186/186/186 187/187/187
v 0.4950 0.0000 -0.2250
vt 0.0618 0.8764
vn -0.0000 -0.0000 -1.0000
v 0.4950 0.1125 -0.2250
vt 0.0618 0.8844
vn -0.0000 -0.0000 -1.0000
v 0.9000 0.1125 -0.2250
vt 0.0637 0.8844
vn -0.0000 -0.0000 -1.0000
v 0.9000 0.0000 -0.2250
vt 0.0637 0.8764
vn -0.0000 -0.0000 -1.0000
f 188/188/188 189/189/189 190/190/190 191/191/191
v 0.9000 0.2250 -0.1125
vt 0.0637 0.9550
vn -0.0000 0.7071 -0.7071
v 0.4500 0.1443 -0.1932
vt 0.0616 0.9492
vn -0.0000 0.7071 -0.7071
v 0.7154 0.2250 -0.1125
vt 0.0637 0.9550
vn -0.0000 0.7071 -0.7071
f 192/192/192 193/193/193 194/194/194
v -0.9000 0.1125 -0.2250
vt 0.0551 0.9469
vn -0.0000 0.7071 -0.7071
v -0.9000 0.2250 -0.1125
vt 0.0637 0.9550
vn -0.0000 0.7071 -0.7071
v -0.4500 0.1443 -0.1932
vt 0.0573 0.9492
vn -0.0000 0.7071 -0.7071
f 195/195/195 196/196/196 197/197/197
v 0.9000 0.2250 0.1125
vt 0.1529 0.8539
vn 1.0000 0.0000 0.0000
v 0.9000 0.2250 -0.1125
vt 0.2008 0.8539
vn 1.0000 0.0000 0.0000
v 0.9000 1.4400 -0.1125
vt 0.2008 0.8809
vn 1.0000 0.0000 0.0000
v 0.9000 1.4400 0.1125
vt 0.1529 0.8809
vn 1.0000 0.0000 0.0000
f 198/198/198 199/199/199 200/200/200 201/201/201
v -0.6597 1.2973 -0.1484
vt 0.2068 0.8404
vn -0.0000 -0.0000 -1.0000
v -0.6597 1.3894 -0.1484
vt 0.2068 0.8881
vn -0.0000 -0.0000 -1.0000
v -0.6017 1.3894 -0.1484
vt 0.1430 0.8881
vn -0.0000 -0.0000 -1.0000
v -0.6017 1.2973 -0.1484
vt 0.1430 0.8404
vn -0.0000 -0.0000 -1.0000
f 202/202/202 203/203/203 204/204/204 205/205/205
v -0.6597 1.3894 -0.1484
vt 0.2068 0.9037
vn -0.5959 0.5959 -0.5383
v -0.6597 1.2973 -0.1484
vt 0.2068 0.8561
vn -0.5959 -0.5959 -0.5383
v -0.6822 1.3014 -0.1075
vt 0.2134 0.8581
vn -0.8494 -0.2969 -0.4364
v -0.6822 1.3854 -0.1075
vt 0.2134 0.9017
vn -0.8494 0.2969 -0.4364
f 206/206/206 207/207/207 208/208/208 209/209/209
v -0.6597 1.2973 -0.1484
vt 0.2087 0.8206
vn -0.5959 -0.5959 -0.5383
v -0.6017 1.2973 -0.1484
vt 0.1448 0.8206
vn 0.5959 -0.5959 -0.5383
v -0.6058 1.2748 -0.1075
vt 0.1460 0.8140
vn 0.2969 -0.8494 -0.4364
v -0.6557 1.2748 -0.1075
vt 0.2075 0.8140
vn -0.2969 -0.8494 -0.4364
f 210/210/210 211/211/211 212/212/212 213/213/213
v -0.6017 1.3894 -0.1484
vt 0.1430 0.8922
vn 0.5959 0.5959 -0.5383
v -0.6058 1.4119 -0.1075
vt 0.1442 0.8988
vn 0.2969 0.8494 -0.4364
v -0.5792 1.3854 -0.1075
vt 0.1364 0.8910
vn 0.8494 0.2969 -0.4364
f 214/214/214 215/215/215 216/216/216
v -0.6597 1.3894 -0.1484
vt 0.2068 0.9235
vn -0.5959 0.5959 -0.5383
v -0.6822 1.3854 -0.1075
vt 0.2134 0.9223
vn -0.8494 0.2969 -0.4364
v -0.6557 1.4119 -0.1075
vt 0.2057 0.9301
vn -0.2969 0.8494 -0.4364
f 217/217/217 218/218/218 219/219/219
v -0.6822 1.3014 -0.1075
vt 0.2153 0.8374
vn -0.8494 -0.2969 -0.4364
v -0.6597 1.2973 -0.1484
vt 0.2087 0.8362
vn -0.5959 -0.5959 -0.5383
v -0.6557 1.2748 -0.1075
vt 0.2075 0.8296
vn -0.2969 -0.8494 -0.4364
f 220/220/220 221/221/221 222/222/222
v -0.6058 1.2748 -0.1075
vt 0.1460 0.7984
vn 0.2969 -0.8494 -0.4364
v -0.6017 1.2973 -0.1484
vt 0.1448 0.8050
vn 0.5959 -0.5959 -0.5383
v -0.5792 1.3014 -0.1075
vt 0.1382 0.8062
vn 0.8494 -0.2969 -0.4364
f 223/223/223 224/224/224 225/225/225
v -0.6017 1.3894 -0.1484
vt 0.1430 0.9079
vn 0.5959 0.5959 -0.5383
v -0.6597 1.3894 -0.1484
vt 0.2068 0.9079
vn -0.5959 0.5959 -0.5383
v -0.6557 1.4119 -0.1075
vt 0.2057 0.9145
vn -0.2969 0.8494 -0.4364
v -0.6058 1.4119 -0.1075
vt 0.1442 0.9145
vn 0.2969 0.8494 -0.4364
f 226/226/226 227/227/227 228/228/228 229/229/229
v -0.6017 1.2973 -0.1484
vt 0.1430 0.8248
vn 0.5959 -0.5959 -0.5383
v -0.6017 1.3894 -0.1484
vt 0.1430 0.8724
vn 0.5959 0.5959 -0.5383
v -0.5792 1.3854 -0.1075
vt 0.1364 0.8704
vn 0.8494 0.2969 -0.4364
v -0.5792 1.3014 -0.1075
vt 0.1364 0.8268
vn 0.8494 -0.2969 -0.4364
f 230/230/230 231/231/231 232/232/232 233/233/233
v 0.8105 1.3886 -0.1484
vt 0.1522 0.8609
vn -0.4476 0.4476 -0.7741
v 0.7775 1.3556 -0.1484
vt 0.1619 0.8254
vn -0.4476 0.4476 -0.7741
v 0.7763 1.4045 -0.1195
vt 0.1623 0.8495
vn -0.4476 0.4476 -0.7741
f 234/234/234 235/235/235 236/236/236
v 0.6803 1.3886 -0.1484
vt 0.2065 0.9234
vn -0.5959 0.5959 -0.5383
v 0.6578 1.3846 -0.1075
vt 0.2131 0.9223
vn -0.8494 0.2969 -0.4364
v 0.6844 1.4111 -0.1075
vt 0.2054 0.9301
vn -0.2969 0.8494 -0.4364
f 237/237/237 238/238/238 239/239/239
v 0.6803 1.2965 -0.1484
vt 0.2065 0.8560
vn -0.5959 -0.5959 -0.5383
v 0.6578 1.3006 -0.1075
vt 0.2131 0.8580
vn -0.8494 -0.2969 -0.4364
v 0.6578 1.3846 -0.1075
vt 0.2131 0.9016
vn -0.8494 0.2969 -0.4364
v 0.6803 1.3886 -0.1484
vt 0.2065 0.9036
vn -0.5959 0.5959 -0.5383
f 240/240/240 241/241/241 242/242/242 243/243/243
v 0.8429 1.3886 -0.1484
vt 0.1427 0.8724
vn 0.5959 0.5959 -0.5383
v 0.8654 1.3846 -0.1075
vt 0.1361 0.8704
vn 0.8494 0.2969 -0.4364
v 0.8654 1.3006 -0.1075
vt 0.1361 0.8268
vn 0.8494 -0.2969 -0.4364
v 0.8429 1.2965 -0.1484
vt 0.1427 0.8247
vn 0.5959 -0.5959 -0.5383
f 244/244/244 245/245/245 246/246/246 247/247/247
v 0.8429 1.3886 -0.1484
vt 0.1427 0.8922
vn 0.5959 0.5959 -0.5383
v 0.8389 1.4111 -0.1075
vt 0.1439 0.8988
vn 0.2969 0.8494 -0.4364
v 0.8654 1.3846 -0.1075
vt 0.1361 0.8910
vn 0.8494 0.2969 -0.4364
f 248/248/248 249/249/249 250/250/250
v 0.6844 1.2741 -0.1075
vt 0.2072 0.8296
vn -0.2969 -0.8494 -0.4364
v 0.6578 1.3006 -0.1075
vt 0.2150 0.8374
vn -0.8494 -0.2969 -0.4364
v 0.6803 1.2965 -0.1484
vt 0.2084 0.8362
vn -0.5959 -0.5959 -0.5383
f 251/251/251 252/252/252 253/253/253
v 0.8654 1.3006 -0.1075
vt 0.1379 0.8061
vn 0.8494 -0.2969 -0.4364
v 0.8389 1.2741 -0.1075
vt 0.1457 0.7983
vn 0.2969 -0.8494 -0.4364
v 0.8429 1.2965 -0.1484
vt 0.1445 0.8049
vn 0.5959 -0.5959 -0.5383
f 254/254/254 255/255/255 256/256/256
v 0.6803 1.2965 -0.1484
vt 0.2065 0.8404
vn -0.0000 -0.0000 -1.0000
v 0.7775 1.3556 -0.1484
vt 0.1619 0.8525
vn -0.0000 -0.0000 -1.0000
v 0.8429 1.2965 -0.1484
vt 0.1427 0.8404
vn -0.0000 -0.0000 -1.0000
f 257/257/257 258/258/258 259/259/259
v 0.6803 1.2965 -0.1484
vt 0.2065 0.8404
vn -0.0000 -0.0000 -1.0000
v 0.6803 1.3886 -0.1484
vt 0.2065 0.8880
vn -0.0000 -0.0000 -1.0000
v 0.7445 1.3886 -0.1484
vt 0.1716 0.8880
vn -0.0000 -0.0000 -1.0000
v 0.7775 1.3556 -0.1484
vt 0.1619 0.8525
vn -0.0000 -0.0000 -1.0000
f 260/260/260 261/261/261 262/262/262 263/263/263
v 0.7763 1.4045 -0.1195
vt 0.1623 0.8933
vn 0.0000 0.8768 -0.4809
v 0.7759 1.4111 -0.1075
vt 0.1624 0.9144
vn 0.0000 0.8768 -0.4809
v 0.8389 1.4111 -0.1075
vt 0.1439 0.9144
vn 0.2969 0.8494 -0.4364
f 264/264/264 265/265/265 266/266/266
v 0.6844 1.4111 -0.1075
vt 0.2054 0.9144
vn -0.2969 0.8494 -0.4364
v 0.7759 1.4111 -0.1075
vt 0.1624 0.9144
vn 0.0000 0.8768 -0.4809
v 0.7763 1.4045 -0.1195
vt 0.1623 0.8933
vn 0.0000 0.8768 -0.4809
f 267/267/267 268/268/268 269/269/269
v 0.7775 1.3556 -0.1484
vt 0.1619 0.8447
vn 0.4601 0.4601 -0.7593
v 0.7445 1.3886 -0.1484
vt 0.1716 0.8802
vn 0.4601 0.4601 -0.7593
v 0.7763 1.4045 -0.1195
vt 0.1623 0.8689
vn 0.4601 0.4601 -0.7593
f 270/270/270 271/271/271 272/272/272
v 0.8429 1.3886 -0.1484
vt 0.1427 0.8880
vn -0.0000 -0.0000 -1.0000
v 0.8429 1.2965 -0.1484
vt 0.1427 0.8404
vn -0.0000 -0.0000 -1.0000
v 0.7775 1.3556 -0.1484
vt 0.1619 0.8525
vn -0.0000 -0.0000 -1.0000
v 0.8105 1.3886 -0.1484
vt 0.1522 0.8880
vn -0.0000 -0.0000 -1.0000
f 273/273/273 274/274/274 275/275/275 276/276/276
v 0.6803 1.3886 -0.1484
vt 0.2065 0.9078
vn -0.5959 0.5959 -0.5383
v 0.6844 1.4111 -0.1075
vt 0.2054 0.9144
vn -0.2969 0.8494 -0.4364
v 0.7763 1.4045 -0.1195
vt 0.1623 0.8933
vn 0.0000 0.8768 -0.4809
v 0.7445 1.3886 -0.1484
vt 0.1716 0.9078
vn 0.0000 0.8768 -0.4809
f 277/277/277 278/278/278 279/279/279 280/280/280
v 0.8105 1.3886 -0.1484
vt 0.1522 0.9078
vn 0.0000 0.8768 -0.4809
v 0.7763 1.4045 -0.1195
vt 0.1623 0.8933
vn 0.0000 0.8768 -0.4809
v 0.8389 1.4111 -0.1075
vt 0.1439 0.9144
vn 0.2969 0.8494 -0.4364
v 0.8429 1.3886 -0.1484
vt 0.1427 0.9078
vn 0.5959 0.5959 -0.5383
f 281/281/281 282/282/282 283/283/283 284/284/284
v 0.7676 1.1428 -0.1484
vt 0.2068 0.8404
vn -0.0000 -0.0000 -1.0000
v 0.7676 1.2349 -0.1484
vt 0.2068 0.8881
vn -0.0000 -0.0000 -1.0000
v 0.8466 1.2349 -0.1484
vt 0.1430 0.8881
vn -0.0000 -0.0000 -1.0000
v 0.8466 1.1428 -0.1484
vt 0.1430 0.8404
vn -0.0000 -0.0000 -1.0000
f 285/285/285 286/286/286 287/287/287 288/288/288
v 0.7676 1.2349 -0.1484
vt 0.2068 0.9037
vn -0.5959 0.5959 -0.5383
v 0.7676 1.1428 -0.1484
vt 0.2068 0.8561
vn -0.5959 -0.5959 -0.5383
v 0.7452 1.1469 -0.1075
vt 0.2134 0.8581
vn -0.8494 -0.2969 -0.4364
v 0.7452 1.2309 -0.1075
vt 0.2134 0.9017
vn -0.8494 0.2969 -0.4364
f 289/289/289 290/290/290 291/291/291 292/292/292
v 0.8466 1.2349 -0.1484
vt 0.1430 0.8922
vn 0.5959 0.5959 -0.5383
v 0.8425 1.2574 -0.1075
vt 0.1442 0.8988
vn 0.2969 0.8494 -0.4364
v 0.8690 1.2309 -0.1075
vt 0.1364 0.8910
vn 0.8494 0.2969 -0.4364
f 293/293/293 294/294/294 295/295/295
v 0.7613 0.8106 -0.1075
vt 0.2153 0.8374
vn -0.8494 -0.2969 -0.4364
v 0.7837 0.8065 -0.1484
vt 0.2087 0.8362
vn -0.5959 -0.5959 -0.5383
v 0.7878 0.7840 -0.1075
vt 0.2075 0.8296
vn -0.2969 -0.8494 -0.4364
f 296/296/296 297/297/297 298/298/298
v 0.8418 0.8986 -0.1484
vt 0.1430 0.8922
vn 0.5959 0.5959 -0.5383
v 0.8377 0.9211 -0.1075
vt 0.1442 0.8988
vn 0.2969 0.8494 -0.4364
v 0.8642 0.8946 -0.1075
vt 0.1364 0.8910
vn 0.8494 0.2969 -0.4364
f 299/299/299 300/300/300 301/301/301
v 0.8425 1.1204 -0.1075
vt 0.1460 0.7984
vn 0.2969 -0.8494 -0.4364
v 0.8466 1.1428 -0.1484
vt 0.1448 0.8050
vn 0.5959 -0.5959 -0.5383
v 0.8690 1.1469 -0.1075
vt 0.1382 0.8062
vn 0.8494 -0.2969 -0.4364
f 302/302/302 303/303/303 304/304/304
v 0.7837 0.8065 -0.1484
vt 0.2087 0.8206
vn -0.5959 -0.5959 -0.5383
v 0.8418 0.8065 -0.1484
vt 0.1448 0.8206
vn 0.5959 -0.5959 -0.5383
v 0.8377 0.7840 -0.1075
vt 0.1460 0.8140
vn 0.2969 -0.8494 -0.4364
v 0.7878 0.7840 -0.1075
vt 0.2075 0.8140
vn -0.2969 -0.8494 -0.4364
f 305/305/305 306/306/306 307/307/307 308/308/308
v 0.8429 1.2965 -0.1484
vt 0.1445 0.8205
vn 0.5959 -0.5959 -0.5383
v 0.8389 1.2741 -0.1075
vt 0.1457 0.8139
vn 0.2969 -0.8494 -0.4364
v 0.6844 1.2741 -0.1075
vt 0.2072 0.8139
vn -0.2969 -0.8494 -0.4364
v 0.6803 1.2965 -0.1484
vt 0.2084 0.8205
vn -0.5959 -0.5959 -0.5383
f 309/309/309 310/310/310 311/311/311 312/312/312
v 0.7452 1.1469 -0.1075
vt 0.2153 0.8374
vn -0.8494 -0.2969 -0.4364
v 0.7676 1.1428 -0.1484
vt 0.2087 0.8362
vn -0.5959 -0.5959 -0.5383
v 0.7717 1.1204 -0.1075
vt 0.2075 0.8296
vn -0.2969 -0.8494 -0.4364
f 313/313/313 314/314/314 315/315/315
v 0.7676 1.2349 -0.1484
vt 0.2068 0.9235
vn -0.5959 0.5959 -0.5383
v 0.7452 1.2309 -0.1075
vt 0.2134 0.9223
vn -0.8494 0.2969 -0.4364
v 0.7717 1.2574 -0.1075
vt 0.2057 0.9301
vn -0.2969 0.8494 -0.4364
f 316/316/316 317/317/317 318/318/318
v 0.7676 1.1428 -0.1484
vt 0.2087 0.8206
vn -0.5959 -0.5959 -0.5383
v 0.8466 1.1428 -0.1484
vt 0.1448 0.8206
vn 0.5959 -0.5959 -0.5383
v 0.8425 1.1204 -0.1075
vt 0.1460 0.8140
vn 0.2969 -0.8494 -0.4364
v 0.7717 1.1204 -0.1075
vt 0.2075 0.8140
vn -0.2969 -0.8494 -0.4364
f 319/319/319 320/320/320 321/321/321 322/322/322
v 0.8466 1.2349 -0.1484
vt 0.1430 0.9079
vn 0.5959 0.5959 -0.5383
v 0.7676 1.2349 -0.1484
vt 0.2068 0.9079
vn -0.5959 0.5959 -0.5383
v 0.7717 1.2574 -0.1075
vt 0.2057 0.9145
vn -0.2969 0.8494 -0.4364
v 0.8425 1.2574 -0.1075
vt 0.1442 0.9145
vn 0.2969 0.8494 -0.4364
f 323/323/323 324/324/324 325/325/325 326/326/326
v 0.7837 0.8986 -0.1484
vt 0.2068 0.9037
vn -0.5959 0.5959 -0.5383
v 0.7837 0.8065 -0.1484
vt 0.2068 0.8561
vn -0.5959 -0.5959 -0.5383
v 0.7613 0.8106 -0.1075
vt 0.2134 0.8581
vn -0.8494 -0.2969 -0.4364
v 0.7613 0.8946 -0.1075
vt 0.2134 0.9017
vn -0.8494 0.2969 -0.4364
f 327/327/327 328/328/328 329/329/329 330/330/330
v 0.8377 0.7840 -0.1075
vt 0.1460 0.7984
vn 0.2969 -0.8494 -0.4364
v 0.8418 0.8065 -0.1484
vt 0.1448 0.8050
vn 0.5959 -0.5959 -0.5383
v 0.8642 0.8106 -0.1075
vt 0.1382 0.8062
vn 0.8494 -0.2969 -0.4364
f 331/331/331 332/332/332 333/333/333
v 0.8466 1.1428 -0.1484
vt 0.1430 0.8248
vn 0.5959 -0.5959 -0.5383
v 0.8466 1.2349 -0.1484
vt 0.1430 0.8724
vn 0.5959 0.5959 -0.5383
v 0.8690 1.2309 -0.1075
vt 0.1364 0.8704
vn 0.8494 0.2969 -0.4364
v 0.8690 1.1469 -0.1075
vt 0.1364 0.8268
vn 0.8494 -0.2969 -0.4364
f 334/334/334 335/335/335 336/336/336 337/337/337
v 0.7837 0.8986 -0.1484
vt 0.2068 0.9235
vn -0.5959 0.5959 -0.5383
v 0.7613 0.8946 -0.1075
vt 0.2134 0.9223
vn -0.8494 0.2969 -0.4364
v 0.7878 0.9211 -0.1075
vt 0.2057 0.9301
vn -0.2969 0.8494 -0.4364
f 338/338/338 339/339/339 340/340/340
v 0.7837 0.8065 -0.1484
vt 0.2068 0.8404
vn -0.0000 -0.0000 -1.0000
v 0.7837 0.8986 -0.1484
vt 0.2068 0.8881
vn -0.0000 -0.0000 -1.0000
v 0.8418 0.8986 -0.1484
vt 0.1430 0.8881
vn -0.0000 -0.0000 -1.0000
v 0.8418 0.8065 -0.1484
vt 0.1430 0.8404
vn -0.0000 -0.0000 -1.0000
f 341/341/341 342/342/342 343/343/343 344/344/344
v 0.8418 0.8986 -0.1484
vt 0.1430 0.9079
vn 0.5959 0.5959 -0.5383
v 0.7837 0.8986 -0.1484
vt 0.2068 0.9079
vn -0.5959 0.5959 -0.5383
v 0.7878 0.9211 -0.1075
vt 0.2057 0.9145
vn -0.2969 0.8494 -0.4364
v 0.8377 0.9211 -0.1075
vt 0.1442 0.9145
vn 0.2969 0.8494 -0.4364
f 345/345/345 346/346/346 347/347/347 348/348/348
v 0.8418 0.8065 -0.1484
vt 0.1430 0.8248
vn 0.5959 -0.5959 -0.5383
v 0.8418 0.8986 -0.1484
vt 0.1430 0.8724
vn 0.5959 0.5959 -0.5383
v 0.8642 0.8946 -0.1075
vt 0.1364 0.8704
vn 0.8494 0.2969 -0.4364
v 0.8642 0.8106 -0.1075
vt 0.1364 0.8268
vn 0.8494 -0.2969 -0.4364
f 349/349/349 350/350/350 351/351/351 352/352/352
v -0.8335 1.2973 -0.1484
vt 0.2068 0.8404
vn -0.0000 -0.0000 -1.0000
v -0.8335 1.3894 -0.1484
vt 0.2068 0.8881
vn -0.0000 -0.0000 -1.0000
v -0.7369 1.3894 -0.1484
vt 0.1430 0.8881
vn -0.0000 -0.0000 -1.0000
v -0.7369 1.2973 -0.1484
vt 0.1430 0.8404
vn -0.0000 -0.0000 -1.0000
f 353/353/353 354/354/354 355/355/355 356/356/356
v -0.8560 1.3014 -0.1075
vt 0.2153 0.8374
vn -0.8494 -0.2969 -0.4364
v -0.8335 1.2973 -0.1484
vt 0.2087 0.8362
vn -0.5959 -0.5959 -0.5383
v -0.8295 1.2748 -0.1075
vt 0.2075 0.8296
vn -0.2969 -0.8494 -0.4364
f 357/357/357 358/358/358 359/359/359
v -0.8335 1.2973 -0.1484
vt 0.2087 0.8206
vn -0.5959 -0.5959 -0.5383
v -0.7369 1.2973 -0.1484
vt 0.1448 0.8206
vn 0.5959 -0.5959 -0.5383
v -0.7409 1.2748 -0.1075
vt 0.1460 0.8140
vn 0.2969 -0.8494 -0.4364
v -0.8295 1.2748 -0.1075
vt 0.2075 0.8140
vn -0.2969 -0.8494 -0.4364
f 360/360/360 361/361/361 362/362/362 363/363/363
v -0.7369 1.3894 -0.1484
vt 0.1430 0.9079
vn 0.5959 0.5959 -0.5383
v -0.8335 1.3894 -0.1484
vt 0.2068 0.9079
vn -0.5959 0.5959 -0.5383
v -0.8295 1.4119 -0.1075
vt 0.2057 0.9145
vn -0.2969 0.8494 -0.4364
v -0.7409 1.4119 -0.1075
vt 0.1442 0.9145
vn 0.2969 0.8494 -0.4364
f 364/364/364 365/365/365 366/366/366 367/367/367
v -0.7369 1.3894 -0.1484
vt 0.1430 0.8922
vn 0.5959 0.5959 -0.5383
v -0.7409 1.4119 -0.1075
vt 0.1442 0.8988
vn 0.2969 0.8494 -0.4364
v -0.7144 1.3854 -0.1075
vt 0.1364 0.8910
vn 0.8494 0.2969 -0.4364
f 368/368/368 369/369/369 370/370/370
v -0.7369 1.2973 -0.1484
vt 0.1430 0.8248
vn 0.5959 -0.5959 -0.5383
v -0.7369 1.3894 -0.1484
vt 0.1430 0.8724
vn 0.5959 0.5959 -0.5383
v -0.7144 1.3854 -0.1075
vt 0.1364 0.8704
vn 0.8494 0.2969 -0.4364
v -0.7144 1.3014 -0.1075
vt 0.1364 0.8268
vn 0.8494 -0.2969 -0.4364
f 371/371/371 372/372/372 373/373/373 374/374/374
v -0.8335 1.3894 -0.1484
vt 0.2068 0.9235
vn -0.5959 0.5959 -0.5383
v -0.8560 1.3854 -0.1075
vt 0.2134 0.9223
vn -0.8494 0.2969 -0.4364
v -0.8295 1.4119 -0.1075
vt 0.2057 0.9301
vn -0.2969 0.8494 -0.4364
f 375/375/375 376/376/376 377/377/377
v -0.8335 1.3894 -0.1484
vt 0.2068 0.9037
vn -0.5959 0.5959 -0.5383
v -0.8335 1.2973 -0.1484
vt 0.2068 0.8561
vn -0.5959 -0.5959 -0.5383
v -0.8560 1.3014 -0.1075
vt 0.2134 0.8581
vn -0.8494 -0.2969 -0.4364
v -0.8560 1.3854 -0.1075
vt 0.2134 0.9017
vn -0.8494 0.2969 -0.4364
f 378/378/378 379/379/379 380/380/380 381/381/381
v -0.7409 1.2748 -0.1075
vt 0.1460 0.7984
vn 0.2969 -0.8494 -0.4364
v -0.7369 1.2973 -0.1484
vt 0.1448 0.8050
vn 0.5959 -0.5959 -0.5383
v -0.7144 1.3014 -0.1075
vt 0.1382 0.8062
vn 0.8494 -0.2969 -0.4364
f 382/382/382 383/383/383 384/384/384
v -0.8351 0.3253 -0.1484
vt 0.2068 0.8404
vn -0.0000 -0.0000 -1.0000
v -0.8351 0.4175 -0.1484
vt 0.2068 0.8881
vn -0.0000 -0.0000 -1.0000
v -0.7771 0.4175 -0.1484
vt 0.1430 0.8881
vn -0.0000 -0.0000 -1.0000
v -0.7771 0.3253 -0.1484
vt 0.1430 0.8404
vn -0.0000 -0.0000 -1.0000
f 385/385/385 386/386/386 387/387/387 388/388/388
v -0.7771 0.4175 -0.1484
vt 0.1430 0.9079
vn 0.5959 0.5959 -0.5383
v -0.8351 0.4175 -0.1484
vt 0.2068 0.9079
vn -0.5959 0.5959 -0.5383
v -0.8311 0.4399 -0.1075
vt 0.2057 0.9145
vn -0.2969 0.8494 -0.4364
v -0.7812 0.4399 -0.1075
vt 0.1442 0.9145
vn 0.2969 0.8494 -0.4364
f 389/389/389 390/390/390 391/391/391 392/392/392
v -0.8351 0.3253 -0.1484
vt 0.2087 0.8206
vn -0.5959 -0.5959 -0.5383
v -0.7771 0.3253 -0.1484
vt 0.1448 0.8206
vn 0.5959 -0.5959 -0.5383
v -0.7812 0.3029 -0.1075
vt 0.1460 0.8140
vn 0.2969 -0.8494 -0.4364
v -0.8311 0.3029 -0.1075
vt 0.2075 0.8140
vn -0.2969 -0.8494 -0.4364
f 393/393/393 394/394/394 395/395/395 396/396/396
v -0.8351 0.4175 -0.1484
vt 0.2068 0.9235
vn -0.5959 0.5959 -0.5383
v -0.8576 0.4134 -0.1075
vt 0.2134 0.9223
vn -0.8494 0.2969 -0.4364
v -0.8311 0.4399 -0.1075
vt 0.2057 0.9301
vn -0.2969 0.8494 -0.4364
f 397/397/397 398/398/398 399/399/399
v -0.7812 0.3029 -0.1075
vt 0.1460 0.7984
vn 0.2969 -0.8494 -0.4364
v -0.7771 0.3253 -0.1484
vt 0.1448 0.8050
vn 0.5959 -0.5959 -0.5383
v -0.7546 0.3294 -0.1075
vt 0.1382 0.8062
vn 0.8494 -0.2969 -0.4364
f 400/400/400 401/401/401 402/402/402
v -0.8351 0.4175 -0.1484
vt 0.2068 0.9037
vn -0.5959 0.5959 -0.5383
v -0.8351 0.3253 -0.1484
vt 0.2068 0.8561
vn -0.5959 -0.5959 -0.5383
v -0.8576 0.3294 -0.1075
vt 0.2134 0.8581
vn -0.8494 -0.2969 -0.4364
v -0.8576 0.4134 -0.1075
vt 0.2134 0.9017
vn -0.8494 0.2969 -0.4364
f 403/403/403 404/404/404 405/405/405 406/406/406
v -0.7771 0.3253 -0.1484
vt 0.1430 0.8248
vn 0.5959 -0.5959 -0.5383
v -0.7771 0.4175 -0.1484
vt 0.1430 0.8724
vn 0.5959 0.5959 -0.5383
v -0.7546 0.4134 -0.1075
vt 0.1364 0.8704
vn 0.8494 0.2969 -0.4364
v -0.7546 0.3294 -0.1075
vt 0.1364 0.8268
vn 0.8494 -0.2969 -0.4364
f 407/407/407 408/408/408 409/409/409 410/410/410
v -0.7771 0.4175 -0.1484
vt 0.1430 0.8922
vn 0.5959 0.5959 -0.5383
v -0.7812 0.4399 -0.1075
vt 0.1442 0.8988
vn 0.2969 0.8494 -0.4364
v -0.7546 0.4134 -0.1075
vt 0.1364 0.8910
vn 0.8494 0.2969 -0.4364
f 411/411/411 412/412/412 413/413/413
v -0.8576 0.3294 -0.1075
vt 0.2153 0.8374
vn -0.8494 -0.2969 -0.4364
v -0.8351 0.3253 -0.1484
vt 0.2087 0.8362
vn -0.5959 -0.5959 -0.5383
v -0.8311 0.3029 -0.1075
vt 0.2075 0.8296
vn -0.2969 -0.8494 -0.4364
f 414/414/414 415/415/415 416/416/416
v 0.4950 1.8000 -0.1575
vt 0.0618 0.9938
vn 0.0000 1.0000 0.0000
v 0.9000 1.8000 -0.2250
vt 0.0637 0.9938
vn 0.0000 1.0000 0.0000
v 0.4950 1.8000 -0.2250
vt 0.0618 0.9938
vn 0.0000 1.0000 0.0000
f 417/417/417 418/418/418 419/419/419
v -0.4500 1.5207 -0.1932
vt 0.0573 0.8019
vn 0.0000 -0.7071 -0.7071
v -0.4050 1.5525 -0.2250
vt 0.0575 0.8042
vn 0.0000 -0.7071 -0.7071
v 0.4050 1.5525 -0.2250
vt 0.0614 0.8042
vn 0.0000 -0.7071 -0.7071
v 0.4500 1.5207 -0.1932
vt 0.0616 0.8019
vn 0.0000 -0.7071 -0.7071
f 420/420/420 421/421/421 422/422/422 423/423/423
v -0.4500 1.5207 -0.1932
vt 0.0573 0.8019
vn 0.0000 -0.7071 -0.7071
v -0.9000 1.4400 -0.1125
vt 0.0551 0.7961
vn 0.0000 -0.7071 -0.7071
v -0.9000 1.5525 -0.2250
vt 0.0551 0.8042
vn 0.0000 -0.7071 -0.7071
v -0.4950 1.5525 -0.2250
vt 0.0571 0.8042
vn 0.0000 -0.7071 -0.7071
f 424/424/424 425/425/425 426/426/426 427/427/427
v -0.9000 1.8000 -0.2250
vt 0.0551 0.8844
vn -0.0000 -0.0000 -1.0000
v -0.4950 1.8000 -0.2250
vt 0.0571 0.8844
vn -0.0000 -0.0000 -1.0000
v -0.4950 1.5525 -0.2250
vt 0.0571 0.8667
vn -0.0000 -0.0000 -1.0000
v -0.9000 1.5525 -0.2250
vt 0.0551 0.8667
vn -0.0000 -0.0000 -1.0000
f 428/428/428 429/429/429 430/430/430 431/431/431
v -0.4050 1.8000 -0.1575
vt 0.0575 0.9938
vn 0.0000 1.0000 0.0000
v 0.4050 1.8000 -0.1575
vt 0.0614 0.9938
vn 0.0000 1.0000 0.0000
v 0.4050 1.8000 -0.2250
vt 0.0614 0.9938
vn 0.0000 1.0000 0.0000
v -0.4050 1.8000 -0.2250
vt 0.0575 0.9938
vn 0.0000 1.0000 0.0000
f 432/432/432 433/433/433 434/434/434 435/435/435
v 0.4950 1.8000 -0.2250
vt 0.0618 0.8844
vn -0.0000 -0.0000 -1.0000
v 0.9000 1.8000 -0.2250
vt 0.0637 0.8844
vn -0.0000 -0.0000 -1.0000
v 0.9000 1.5525 -0.2250
vt 0.0637 0.8667
vn -0.0000 -0.0000 -1.0000
v 0.4950 1.5525 -0.2250
vt 0.0618 0.8667
vn -0.0000 -0.0000 -1.0000
f 436/436/436 437/437/437 438/438/438 439/439/439
v -0.4050 1.8000 -0.2250
vt 0.0575 0.8844
vn -0.0000 -0.0000 -1.0000
v 0.4050 1.8000 -0.2250
vt 0.0614 0.8844
vn -0.0000 -0.0000 -1.0000
v 0.4050 1.5525 -0.2250
vt 0.0614 0.8667
vn -0.0000 -0.0000 -1.0000
v -0.4050 1.5525 -0.2250
vt 0.0575 0.8667
vn -0.0000 -0.0000 -1.0000
f 440/440/440 441/441/441 442/442/442 443/443/443
v 0.9000 1.5525 -0.2250
vt 0.0637 0.8042
vn 0.0000 -0.7071 -0.7071
v 0.9000 1.4400 -0.1125
vt 0.0637 0.7961
vn 0.0000 -0.7071 -0.7071
v 0.4500 1.5207 -0.1932
vt 0.0616 0.8019
vn 0.0000 -0.7071 -0.7071
v 0.4950 1.5525 -0.2250
vt 0.0618 0.8042
vn 0.0000 -0.7071 -0.7071
f 444/444/444 445/445/445 446/446/446 447/447/447
v -0.4050 1.8000 -0.2250
vt 0.0575 0.8844
vn -0.5773 0.0000 -0.8165
v -0.4050 1.5525 -0.2250
vt 0.0575 0.8667
vn -0.5773 0.0000 -0.8165
v -0.4500 1.5207 -0.1932
vt 0.0573 0.8644
vn -0.5773 0.0000 -0.8165
v -0.4500 1.8000 -0.1932
vt 0.0573 0.8812
vn -0.5773 0.0000 -0.8165
f 448/448/448 449/449/449 450/450/450 451/451/451
v -0.4500 1.8000 -0.1932
vt 0.0573 0.8812
vn 0.5773 0.0000 -0.8165
v -0.4500 1.5207 -0.1932
vt 0.0573 0.8644
vn 0.5773 0.0000 -0.8165
v -0.4950 1.5525 -0.2250
vt 0.0571 0.8667
vn 0.5773 0.0000 -0.8165
v -0.4950 1.8000 -0.2250
vt 0.0571 0.8844
vn 0.5773 0.0000 -0.8165
f 452/452/452 453/453/453 454/454/454 455/455/455
v 0.4950 1.8000 -0.2250
vt 0.0618 0.8844
vn -0.5773 0.0000 -0.8165
v 0.4950 1.5525 -0.2250
vt 0.0618 0.8667
vn -0.5773 0.0000 -0.8165
v 0.4500 1.5207 -0.1932
vt 0.0616 0.8644
vn -0.5773 0.0000 -0.8165
v 0.4500 1.8000 -0.1932
vt 0.0616 0.8812
vn -0.5773 0.0000 -0.8165
f 456/456/456 457/457/457 458/458/458 459/459/459
v 0.4500 1.8000 -0.1932
vt 0.0616 0.8812
vn 0.5773 0.0000 -0.8165
v 0.4500 1.5207 -0.1932
vt 0.0616 0.8644
vn 0.5773 0.0000 -0.8165
v 0.4050 1.5525 -0.2250
vt 0.0614 0.8667
vn 0.5773 0.0000 -0.8165
v 0.4050 1.8000 -0.2250
vt 0.0614 0.8844
vn 0.5773 0.0000 -0.8165
f 460/460/460 461/461/461 462/462/462 463/463/463
v -0.9000 1.8000 -0.2250
vt 0.0551 0.9938
vn 0.0000 1.0000 0.0000
v -0.4950 1.8000 -0.1575
vt 0.0571 0.9938
vn 0.0000 1.0000 0.0000
v -0.4950 1.8000 -0.2250
vt 0.0571 0.9938
vn 0.0000 1.0000 0.0000
f 464/464/464 465/465/465 466/466/466
v 0.9000 1.4400 -0.1125
vt 0.0637 0.7961
vn 0.0000 -0.7071 -0.7071
v -0.9000 1.4400 -0.1125
vt 0.0551 0.7961
vn 0.0000 -0.7071 -0.7071
v -0.4500 1.5207 -0.1932
vt 0.0573 0.8019
vn 0.0000 -0.7071 -0.7071
v 0.4500 1.5207 -0.1932
vt 0.0616 0.8019
vn 0.0000 -0.7071 -0.7071
f 467/467/467 468/468/468 469/469/469 470/470/470
v -0.9000 0.1125 -0.2250
vt 0.0551 0.9469
vn -1.0000 -0.0000 0.0000
v -0.9000 0.1125 0.2250
vt 0.0637 0.9469
vn -1.0000 -0.0000 0.0000
v -0.9000 0.2250 0.1125
vt 0.0637 0.9550
vn -1.0000 -0.0000 0.0000
v -0.9000 0.2250 -0.1125
vt 0.0551 0.9550
vn -1.0000 -0.0000 0.0000
f 471/471/471 472/472/472 473/473/473 474/474/474
v -0.9000 1.4400 -0.1125
vt 0.0551 0.7961
vn -1.0000 -0.0000 0.0000
v -0.9000 1.4400 0.1125
vt 0.0637 0.7961
vn -1.0000 -0.0000 0.0000
v -0.9000 1.5525 0.2250
vt 0.0637 0.8042
vn -1.0000 -0.0000 0.0000
v -0.9000 1.5525 -0.2250
vt 0.0551 0.8042
vn -1.0000 -0.0000 0.0000
f 475/475/475 476/476/476 477/477/477 478/478/478
v -0.9000 0.0000 0.2250
vt 0.0637 0.8764
vn -1.0000 -0.0000 0.0000
v -0.9000 0.1125 0.2250
vt 0.0637 0.8844
vn -1.0000 -0.0000 0.0000
v -0.9000 0.1125 -0.2250
vt 0.0551 0.8844
vn -1.0000 -0.0000 0.0000
v -0.9000 0.0000 -0.2250
vt 0.0551 0.8764
vn -1.0000 -0.0000 0.0000
f 479/479/479 480/480/480 481/481/481 482/482/482
v -0.9000 1.5525 -0.2250
vt 0.0551 0.8667
vn -1.0000 -0.0000 0.0000
v -0.9000 1.5525 0.2250
vt 0.0637 0.8667
vn -1.0000 -0.0000 0.0000
v -0.9000 1.8000 0.2250
vt 0.0637 0.8844
vn -1.0000 -0.0000 0.0000
v -0.9000 1.8000 -0.2250
vt 0.0551 0.8844
vn -1.0000 -0.0000 0.0000
f 483/483/483 484/484/484 485/485/485 486/486/486
v -0.9000 1.8000 -0.2250
vt 0.0551 0.9938
vn 0.0000 1.0000 0.0000
v -0.9000 1.8000 0.2250
vt 0.0637 0.9938
vn 0.0000 1.0000 0.0000
v -0.4950 1.8000 0.1575
vt 0.0618 0.9938
vn 0.0000 1.0000 0.0000
v -0.4950 1.8000 -0.1575
vt 0.0571 0.9938
vn 0.0000 1.0000 0.0000
f 487/487/487 488/488/488 489/489/489 490/490/490
v -0.4950 1.8000 -0.1575
vt 0.0571 0.8906
vn 0.6802 0.6802 0.2732
v -0.4950 1.8000 0.1575
vt 0.0618 0.8906
vn 0.6802 0.6802 -0.2732
v -0.4500 1.7550 0.1575
vt 0.0616 0.8906
vn 0.6802 0.6802 -0.2732
v -0.4500 1.7550 -0.1575
vt 0.0573 0.8281
vn 0.6802 0.6802 0.2732
f 491/491/491 492/492/492 493/493/493 494/494/494
v 0.9000 1.5525 0.2250
vt 0.0551 0.8042
vn 1.0000 0.0000 0.0000
v 0.9000 1.4400 0.1125
vt 0.0551 0.7961
vn 1.0000 0.0000 0.0000
v 0.9000 1.4400 -0.1125
vt 0.0637 0.7961
vn 1.0000 0.0000 0.0000
v 0.9000 1.5525 -0.2250
vt 0.0637 0.8042
vn 1.0000 0.0000 0.0000
f 495/495/495 496/496/496 497/497/497 498/498/498
v 0.4500 1.8000 -0.1932
vt 0.0616 0.9937
vn 0.0000 1.0000 0.0000
v 0.4050 1.8000 -0.2250
vt 0.0614 0.9938
vn 0.0000 1.0000 0.0000
v 0.4050 1.8000 -0.1575
vt 0.0614 0.9938
vn 0.0000 1.0000 0.0000
f 499/499/499 500/500/500 501/501/501
v 0.4950 1.8000 -0.2250
vt 0.0618 0.9938
vn 0.0000 1.0000 0.0000
v 0.4500 1.8000 -0.1932
vt 0.0616 0.9937
vn 0.0000 1.0000 0.0000
v 0.4950 1.8000 -0.1575
vt 0.0618 0.9938
vn 0.0000 1.0000 0.0000
f 502/502/502 503/503/503 504/504/504
v 0.4500 1.7550 -0.1575
vt 0.0616 0.8906
vn -0.6802 0.6802 0.2732
v 0.4950 1.8000 -0.1575
vt 0.0618 0.8906
vn -0.6802 0.6802 0.2732
v 0.4500 1.8000 -0.1932
vt 0.0616 0.8906
vn -0.5277 0.5277 0.6656
f 505/505/505 506/506/506 507/507/507
v -0.4500 1.8000 -0.1932
vt 0.0573 0.9937
vn 0.0000 1.0000 0.0000
v -0.4950 1.8000 -0.2250
vt 0.0571 0.9938
vn 0.0000 1.0000 0.0000
v -0.4950 1.8000 -0.1575
vt 0.0571 0.9938
vn 0.0000 1.0000 0.0000
f 508/508/508 509/509/509 510/510/510
v -0.4050 1.8000 -0.2250
vt 0.0575 0.9938
vn 0.0000 1.0000 0.0000
v -0.4500 1.8000 -0.1932
vt 0.0573 0.9937
vn 0.0000 1.0000 0.0000
v -0.4050 1.8000 -0.1575
vt 0.0575 0.9938
vn 0.0000 1.0000 0.0000
f 511/511/511 512/512/512 513/513/513
v -0.4500 1.7550 -0.1575
vt 0.0573 0.8906
vn -0.6802 0.6802 0.2732
v -0.4050 1.8000 -0.1575
vt 0.0575 0.8906
vn -0.6802 0.6802 0.2732
v -0.4500 1.8000 -0.1932
vt 0.0573 0.8906
vn -0.5277 0.5277 0.6656
f 514/514/514 515/515/515 516/516/516
v 0.4050 1.8000 -0.1575
vt 0.0614 0.8906
vn 0.6802 0.6802 0.2732
v 0.4500 1.7550 -0.1575
vt 0.0616 0.8906
vn 0.6802 0.6802 0.2732
v 0.4500 1.8000 -0.1932
vt 0.0616 0.8906
vn 0.5277 0.5277 0.6656
f 517/517/517 518/518/518 519/519/519
v -0.4950 1.8000 -0.1575
vt 0.0571 0.8906
vn 0.6802 0.6802 0.2732
v -0.4500 1.7550 -0.1575
vt 0.0573 0.8906
vn 0.6802 0.6802 0.2732
v -0.4500 1.8000 -0.1932
vt 0.0573 0.8906
vn 0.5277 0.5277 0.6656
f 520/520/520 521/521/521 522/522/522
v -0.7154 0.2250 -0.1125
vt 0.0637 0.9550
vn -0.0000 0.7071 -0.7071
v -0.4500 0.1443 -0.1932
vt 0.0573 0.9492
vn -0.0000 0.7071 -0.7071
v -0.9000 0.2250 -0.1125
vt 0.0637 0.9550
vn -0.0000 0.7071 -0.7071
f 523/523/523 524/524/524 525/525/525
v -0.7154 0.2250 -0.1125
vt 0.0637 0.9550
vn -0.0000 0.7071 -0.7071
v 0.7154 0.2250 -0.1125
vt 0.0637 0.9550
vn -0.0000 0.7071 -0.7071
v 0.4500 0.1443 -0.1932
vt 0.0616 0.9492
vn -0.0000 0.7071 -0.7071
v -0.4500 0.1443 -0.1932
vt 0.0573 0.9492
vn -0.0000 0.7071 -0.7071
f 526/526/526 527/527/527 528/528/528 529/529/529
v -0.4950 0.1125 -0.2250
vt 0.0571 0.9469
vn -0.0000 0.7071 -0.7071
v -0.9000 0.1125 -0.2250
vt 0.0551 0.9469
vn -0.0000 0.7071 -0.7071
v -0.4500 0.1443 -0.1932
vt 0.0573 0.9492
vn -0.0000 0.7071 -0.7071
f 530/530/530 531/531/531 532/532/532
v 0.9000 0.2250 -0.1125
vt 0.0637 0.9550
vn -0.0000 0.7071 -0.7071
v 0.9000 0.1125 -0.2250
vt 0.0637 0.9469
vn -0.0000 0.7071 -0.7071
v 0.4500 0.1443 -0.1932
vt 0.0616 0.9492
vn -0.0000 0.7071 -0.7071
f 533/533/533 534/534/534 535/535/535
v -0.9000 0.2250 -0.1125
vt 0.1529 0.8539
vn -1.0000 -0.0000 0.0000
v -0.9000 0.2250 0.1125
vt 0.2008 0.8539
vn -1.0000 -0.0000 0.0000
v -0.9000 1.4400 0.1125
vt 0.2008 0.8809
vn -1.0000 -0.0000 0.0000
v -0.9000 1.4400 -0.1125
vt 0.1529 0.8809
vn -1.0000 -0.0000 0.0000
f 536/536/536 537/537/537 538/538/538 539/539/539
v 0.4500 1.7550 0.1575
vt 0.0573 0.8906
vn 0.6802 0.6802 -0.2732
v 0.4500 1.7550 -0.1575
vt 0.0616 0.8281
vn 0.6802 0.6802 0.2732
v 0.4050 1.8000 -0.1575
vt 0.0614 0.8906
vn 0.6802 0.6802 0.2732
v 0.4050 1.8000 0.1575
vt 0.0575 0.8906
vn 0.6802 0.6802 -0.2732
f 540/540/540 541/541/541 542/542/542 543/543/543
v 0.6750 0.2250 0.0225
vt 0.0379 0.9930
vn 0.0000 1.0000 0.0000
v -0.6750 0.2250 0.0225
vt 0.0619 0.9930
vn 0.0000 1.0000 0.0000
v -0.7154 0.2250 0.1125
vt 0.0629 0.9930
vn 0.0000 1.0000 0.0000
v 0.7154 0.2250 0.1125
vt 0.0368 0.9930
vn 0.0000 1.0000 0.0000
f 544/544/544 545/545/545 546/546/546 547/547/547
v 0.7154 0.2250 0.1125
vt 0.1638 0.8551
vn 0.0000 0.0000 1.0000
v 0.9000 0.2250 0.1125
vt 0.1529 0.8539
vn 0.0000 0.0000 1.0000
v 0.9000 1.4400 0.1125
vt 0.1529 0.8809
vn 0.0000 0.0000 1.0000
v 0.7152 0.9739 0.1125
vt 0.1638 0.8685
vn 0.0000 0.0000 1.0000
f 548/548/548 549/549/549 550/550/550 551/551/551
v -0.9000 0.2250 0.1125
vt 0.2008 0.8539
vn 0.0000 0.0000 1.0000
v -0.7154 0.2250 0.1125
vt 0.1899 0.8551
vn 0.0000 0.0000 1.0000
v -0.7152 0.9739 0.1125
vt 0.1899 0.8685
vn 0.0000 0.0000 1.0000
v -0.9000 1.4400 0.1125
vt 0.2008 0.8809
vn 0.0000 0.0000 1.0000
f 552/552/552 553/553/553 554/554/554 555/555/555
v 0.9000 1.4400 0.1125
vt 0.1529 0.8809
vn 0.0000 0.0000 1.0000
v 0.5495 1.2603 0.1125
vt 0.1682 0.8761
vn 0.0000 0.0000 1.0000
v 0.6361 1.1904 0.1125
vt 0.1659 0.8742
vn 0.0000 0.0000 1.0000
f 556/556/556 557/557/557 558/558/558
v 0.9000 1.4400 0.1125
vt 0.1529 0.8809
vn 0.0000 0.0000 1.0000
v 0.4487 1.2876 0.1125
vt 0.1709 0.8768
vn 0.0000 0.0000 1.0000
v 0.5495 1.2603 0.1125
vt 0.1682 0.8761
vn 0.0000 0.0000 1.0000
f 559/559/559 560/560/560 561/561/561
v -0.9000 1.4400 0.1125
vt 0.2008 0.8809
vn 0.0000 0.0000 1.0000
v -0.4487 1.2876 0.1125
vt 0.1828 0.8768
vn 0.0000 0.0000 1.0000
v 0.4487 1.2876 0.1125
vt 0.1709 0.8768
vn 0.0000 0.0000 1.0000
v 0.9000 1.4400 0.1125
vt 0.1529 0.8809
vn 0.0000 0.0000 1.0000
f 562/562/562 563/563/563 564/564/564 565/565/565
v 0.9000 1.4400 0.1125
vt 0.1529 0.8809
vn 0.0000 0.0000 1.0000
v 0.6361 1.1904 0.1125
vt 0.1659 0.8742
vn 0.0000 0.0000 1.0000
v 0.6945 1.0909 0.1125
vt 0.1643 0.8716
vn 0.0000 0.0000 1.0000
f 566/566/566 567/567/567 568/568/568
v 0.9000 1.4400 0.1125
vt 0.1529 0.8809
vn 0.0000 0.0000 1.0000
v 0.6945 1.0909 0.1125
vt 0.1643 0.8716
vn 0.0000 0.0000 1.0000
v 0.7152 0.9739 0.1125
vt 0.1638 0.8685
vn 0.0000 0.0000 1.0000
f 569/569/569 570/570/570 571/571/571
v -0.9000 1.4400 0.1125
vt 0.2008 0.8809
vn 0.0000 0.0000 1.0000
v -0.7152 0.9739 0.1125
vt 0.1899 0.8685
vn 0.0000 0.0000 1.0000
v -0.6945 1.0909 0.1125
vt 0.1894 0.8716
vn 0.0000 0.0000 1.0000
f 572/572/572 573/573/573 574/574/574
v -0.9000 1.4400 0.1125
vt 0.2008 0.8809
vn 0.0000 0.0000 1.0000
v -0.6945 1.0909 0.1125
vt 0.1894 0.8716
vn 0.0000 0.0000 1.0000
v -0.6361 1.1904 0.1125
vt 0.1878 0.8742
vn 0.0000 0.0000 1.0000
f 575/575/575 576/576/576 577/577/577
v -0.9000 1.4400 0.1125
vt 0.2008 0.8809
vn 0.0000 0.0000 1.0000
v -0.6361 1.1904 0.1125
vt 0.1878 0.8742
vn 0.0000 0.0000 1.0000
v -0.5495 1.2603 0.1125
vt 0.1855 0.8761
vn 0.0000 0.0000 1.0000
f 578/578/578 579/579/579 580/580/580
v -0.9000 1.4400 0.1125
vt 0.2008 0.8809
vn 0.0000 0.0000 1.0000
v -0.5495 1.2603 0.1125
vt 0.1855 0.8761
vn 0.0000 0.0000 1.0000
v -0.4487 1.2876 0.1125
vt 0.1828 0.8768
vn 0.0000 0.0000 1.0000
f 581/581/581 582/582/582 583/583/583
v -0.6750 0.9407 0.0225
vt 0.1888 0.8520
vn 0.8991 -0.0679 0.4324
v -0.6524 1.0543 0.0225
vt 0.1882 0.8550
vn 0.8104 -0.2947 0.5064
v -0.6945 1.0909 0.1125
vt 0.1894 0.8560
vn 0.7919 -0.3268 0.5158
v -0.7152 0.9739 0.1125
vt 0.1899 0.8528
vn 0.8916 -0.0977 0.4421
f 584/584/584 585/585/585 586/586/586 587/587/587
v -0.6524 1.0543 0.0225
vt 0.1882 0.8550
vn 0.8104 -0.2947 0.5064
v -0.5881 1.1506 0.0225
vt 0.1865 0.8576
vn 0.5981 -0.5584 0.5749
v -0.6361 1.1904 0.1125
vt 0.1878 0.8586
vn 0.6027 -0.5543 0.5740
v -0.6945 1.0909 0.1125
vt 0.1894 0.8560
vn 0.7919 -0.3268 0.5158
f 588/588/588 589/589/589 590/590/590 591/591/591
v -0.5881 1.1506 0.0225
vt 0.1865 0.8576
vn 0.5981 -0.5584 0.5749
v -0.4918 1.2149 0.0225
vt 0.1840 0.8593
vn 0.3101 -0.7530 0.5804
v -0.5495 1.2603 0.1125
vt 0.1855 0.8605
vn 0.3641 -0.7242 0.5856
v -0.6361 1.1904 0.1125
vt 0.1878 0.8586
vn 0.6027 -0.5543 0.5740
f 592/592/592 593/593/593 594/594/594 595/595/595
v -0.4918 1.2149 0.0225
vt 0.1840 0.8593
vn 0.3101 -0.7530 0.5804
v -0.3782 1.2375 0.0225
vt 0.1809 0.8599
vn 0.0624 -0.8558 0.5136
v -0.4487 1.2876 0.1125
vt 0.1828 0.8612
vn 0.1273 -0.8323 0.5396
v -0.5495 1.2603 0.1125
vt 0.1855 0.8605
vn 0.3641 -0.7242 0.5856
f 596/596/596 597/597/597 598/598/598 599/599/599
v 0.3782 1.2375 0.0225
vt 0.1728 0.8599
vn -0.0624 -0.8558 0.5136
v 0.4918 1.2149 0.0225
vt 0.1697 0.8593
vn -0.3101 -0.7530 0.5804
v 0.5495 1.2603 0.1125
vt 0.1682 0.8605
vn -0.3642 -0.7242 0.5856
v 0.4487 1.2876 0.1125
vt 0.1709 0.8612
vn -0.1273 -0.8323 0.5396
f 600/600/600 601/601/601 602/602/602 603/603/603
v 0.4918 1.2149 0.0225
vt 0.1697 0.8593
vn -0.3101 -0.7530 0.5804
v 0.5881 1.1506 0.0225
vt 0.1672 0.8576
vn -0.5981 -0.5584 0.5749
v 0.6361 1.1904 0.1125
vt 0.1659 0.8586
vn -0.6027 -0.5543 0.5740
v 0.5495 1.2603 0.1125
vt 0.1682 0.8605
vn -0.3642 -0.7242 0.5856
f 604/604/604 605/605/605 606/606/606 607/607/607
v 0.5881 1.1506 0.0225
vt 0.1672 0.8576
vn -0.5981 -0.5584 0.5749
v 0.6524 1.0543 0.0225
vt 0.1655 0.8550
vn -0.8104 -0.2947 0.5064
v 0.6945 1.0909 0.1125
vt 0.1643 0.8560
vn -0.7919 -0.3268 0.5158
v 0.6361 1.1904 0.1125
vt 0.1659 0.8586
vn -0.6027 -0.5543 0.5740
f 608/608/608 609/609/609 610/610/610 611/611/611
v 0.6524 1.0543 0.0225
vt 0.1655 0.8550
vn -0.8104 -0.2947 0.5064
v 0.6750 0.9407 0.0225
vt 0.1649 0.8520
vn -0.8991 -0.0679 0.4324
v 0.7152 0.9739 0.1125
vt 0.1638 0.8528
vn -0.8916 -0.0977 0.4421
v 0.6945 1.0909 0.1125
vt 0.1643 0.8560
vn -0.7919 -0.3268 0.5158
f 612/612/612 613/613/613 614/614/614 615/615/615
v 0.4487 1.2876 0.1125
vt 0.1709 0.8612
vn -0.1273 -0.8323 0.5396
v -0.4487 1.2876 0.1125
vt 0.1828 0.8612
vn 0.1273 -0.8323 0.5396
v -0.3782 1.2375 0.0225
vt 0.1809 0.8599
vn 0.0624 -0.8558 0.5136
v 0.3782 1.2375 0.0225
vt 0.1728 0.8599
vn -0.0624 -0.8558 0.5136
f 616/616/616 617/617/617 618/618/618 619/619/619
v 0.7154 0.2250 0.1125
vt 0.1638 0.8395
vn -0.9126 -0.0001 0.4088
v 0.7152 0.9739 0.1125
vt 0.1638 0.8528
vn -0.8916 -0.0977 0.4421
v 0.6750 0.9407 0.0225
vt 0.1649 0.8520
vn -0.8991 -0.0679 0.4324
v 0.6750 0.2250 0.0225
vt 0.1649 0.8395
vn -0.9126 -0.0001 0.4088
f 620/620/620 621/621/621 622/622/622 623/623/623
v -0.7152 0.9739 0.1125
vt 0.1899 0.8528
vn 0.8916 -0.0977 0.4421
v -0.7154 0.2250 0.1125
vt 0.1899 0.8395
vn 0.9126 -0.0001 0.4088
v -0.6750 0.2250 0.0225
vt 0.1888 0.8395
vn 0.9126 -0.0001 0.4088
v -0.6750 0.9407 0.0225
vt 0.1888 0.8520
vn 0.8991 -0.0679 0.4324
f 624/624/624 625/625/625 626/626/626 627/627/627
v 0.4500 0.1443 0.1932
vt 0.0573 0.9492
vn 0.0000 0.7071 0.7071
v -0.4500 0.1443 0.1932
vt 0.0616 0.9492
vn 0.0000 0.7071 0.7071
v -0.4050 0.1125 0.2250
vt 0.0614 0.9469
vn 0.0000 0.7071 0.7071
v 0.4050 0.1125 0.2250
vt 0.0575 0.9469
vn 0.0000 0.7071 0.7071
f 628/628/628 629/629/629 630/630/630 631/631/631
v 0.4050 0.0000 0.2250
vt 0.0575 0.8764
vn 0.0000 0.0000 1.0000
v 0.4050 0.1125 0.2250
vt 0.0575 0.8844
vn 0.0000 0.0000 1.0000
v -0.4050 0.1125 0.2250
vt 0.0614 0.8844
vn 0.0000 0.0000 1.0000
v -0.4050 0.0000 0.2250
vt 0.0614 0.8764
vn 0.0000 0.0000 1.0000
f 632/632/632 633/633/633 634/634/634 635/635/635
v 0.9000 0.0000 0.2250
vt 0.0551 0.8764
vn 0.0000 0.0000 1.0000
v 0.9000 0.1125 0.2250
vt 0.0551 0.8844
vn 0.0000 0.0000 1.0000
v 0.4950 0.1125 0.2250
vt 0.0571 0.8844
vn 0.0000 0.0000 1.0000
v 0.4950 0.0000 0.2250
vt 0.0571 0.8764
vn 0.0000 0.0000 1.0000
f 636/636/636 637/637/637 638/638/638 639/639/639
v -0.9000 0.1125 0.2250
vt 0.0637 0.9469
vn 0.0000 0.7071 0.7071
v -0.4950 0.1125 0.2250
vt 0.0618 0.9469
vn 0.0000 0.7071 0.7071
v -0.4500 0.1443 0.1932
vt 0.0616 0.9492
vn 0.0000 0.7071 0.7071
f 640/640/640 641/641/641 642/642/642
v 0.4050 0.1125 0.2250
vt 0.0575 0.8844
vn 0.5773 0.0000 0.8165
v 0.4050 0.0000 0.2250
vt 0.0575 0.8764
vn 0.5773 0.0000 0.8165
v 0.4500 0.0000 0.1932
vt 0.0573 0.8764
vn 0.5773 0.0000 0.8165
v 0.4500 0.1443 0.1932
vt 0.0573 0.8867
vn 0.5773 0.0000 0.8165
f 643/643/643 644/644/644 645/645/645 646/646/646
v 0.4500 0.1443 0.1932
vt 0.0573 0.8867
vn -0.5774 0.0000 0.8165
v 0.4500 0.0000 0.1932
vt 0.0573 0.8764
vn -0.5774 0.0000 0.8165
v 0.4950 0.0000 0.2250
vt 0.0571 0.8764
vn -0.5774 0.0000 0.8165
v 0.4950 0.1125 0.2250
vt 0.0571 0.8844
vn -0.5774 0.0000 0.8165
f 647/647/647 648/648/648 649/649/649 650/650/650
v -0.4950 0.1125 0.2250
vt 0.0618 0.8844
vn 0.5774 0.0000 0.8165
v -0.4950 0.0000 0.2250
vt 0.0618 0.8764
vn 0.5774 0.0000 0.8165
v -0.4500 0.0000 0.1932
vt 0.0616 0.8764
vn 0.5774 0.0000 0.8165
v -0.4500 0.1443 0.1932
vt 0.0616 0.8867
vn 0.5774 0.0000 0.8165
f 651/651/651 652/652/652 653/653/653 654/654/654
v -0.4500 0.1443 0.1932
vt 0.0616 0.8867
vn -0.5774 0.0000 0.8165
v -0.4500 0.0000 0.1932
vt 0.0616 0.8764
vn -0.5774 0.0000 0.8165
v -0.4050 0.0000 0.2250
vt 0.0614 0.8764
vn -0.5774 0.0000 0.8165
v -0.4050 0.1125 0.2250
vt 0.0614 0.8844
vn -0.5774 0.0000 0.8165
f 655/655/655 656/656/656 657/657/657 658/658/658
v -0.4950 0.0000 0.2250
vt 0.0618 0.8764
vn 0.0000 0.0000 1.0000
v -0.4950 0.1125 0.2250
vt 0.0618 0.8844
vn 0.0000 0.0000 1.0000
v -0.9000 0.1125 0.2250
vt 0.0637 0.8844
vn 0.0000 0.0000 1.0000
v -0.9000 0.0000 0.2250
vt 0.0637 0.8764
vn 0.0000 0.0000 1.0000
f 659/659/659 660/660/660 661/661/661 662/662/662
v -0.9000 0.2250 0.1125
vt 0.0637 0.9550
vn 0.0000 0.7071 0.7071
v -0.4500 0.1443 0.1932
vt 0.0616 0.9492
vn 0.0000 0.7071 0.7071
v -0.7154 0.2250 0.1125
vt 0.0637 0.9550
vn 0.0000 0.7071 0.7071
f 663/663/663 664/664/664 665/665/665
v 0.9000 0.1125 0.2250
vt 0.0551 0.9469
vn 0.0000 0.7071 0.7071
v 0.9000 0.2250 0.1125
vt 0.0637 0.9550
vn 0.0000 0.7071 0.7071
v 0.4500 0.1443 0.1932
vt 0.0573 0.9492
vn 0.0000 0.7071 0.7071
f 666/666/666 667/667/667 668/668/668
v 0.9000 0.1125 0.2250
vt 0.0551 0.9469
vn 1.0000 0.0000 0.0000
v 0.9000 0.1125 -0.2250
vt 0.0637 0.9469
vn 1.0000 0.0000 0.0000
v 0.9000 0.2250 -0.1125
vt 0.0637 0.9550
vn 1.0000 0.0000 0.0000
v 0.9000 0.2250 0.1125
vt 0.0551 0.9550
vn 1.0000 0.0000 0.0000
f 669/669/669 670/670/670 671/671/671 672/672/672
v 0.6597 1.2973 0.1484
vt 0.2068 0.8404
vn 0.0000 0.0000 1.0000
v 0.6597 1.3894 0.1484
vt 0.2068 0.8881
vn 0.0000 0.0000 1.0000
v 0.6017 1.3894 0.1484
vt 0.1430 0.8881
vn 0.0000 0.0000 1.0000
v 0.6017 1.2973 0.1484
vt 0.1430 0.8404
vn 0.0000 0.0000 1.0000
f 673/673/673 674/674/674 675/675/675 676/676/676
v 0.6597 1.3894 0.1484
vt 0.2068 0.9037
vn 0.5959 0.5959 0.5383
v 0.6597 1.2973 0.1484
vt 0.2068 0.8561
vn 0.5959 -0.5959 0.5383
v 0.6822 1.3014 0.1075
vt 0.2134 0.8581
vn 0.8494 -0.2969 0.4364
v 0.6822 1.3854 0.1075
vt 0.2134 0.9017
vn 0.8494 0.2969 0.4364
f 677/677/677 678/678/678 679/679/679 680/680/680
v 0.6597 1.2973 0.1484
vt 0.2087 0.8206
vn 0.5959 -0.5959 0.5383
v 0.6017 1.2973 0.1484
vt 0.1448 0.8206
vn -0.5959 -0.5959 0.5383
v 0.6058 1.2748 0.1075
vt 0.1460 0.8140
vn -0.2969 -0.8494 0.4364
v 0.6557 1.2748 0.1075
vt 0.2075 0.8140
vn 0.2969 -0.8494 0.4364
f 681/681/681 682/682/682 683/683/683 684/684/684
v 0.6017 1.3894 0.1484
vt 0.1430 0.8922
vn -0.5959 0.5959 0.5383
v 0.6058 1.4119 0.1075
vt 0.1442 0.8988
vn -0.2969 0.8494 0.4364
v 0.5792 1.3854 0.1075
vt 0.1364 0.8910
vn -0.8494 0.2969 0.4364
f 685/685/685 686/686/686 687/687/687
v 0.6597 1.3894 0.1484
vt 0.2068 0.9235
vn 0.5959 0.5959 0.5383
v 0.6822 1.3854 0.1075
vt 0.2134 0.9223
vn 0.8494 0.2969 0.4364
v 0.6557 1.4119 0.1075
vt 0.2057 0.9301
vn 0.2969 0.8494 0.4364
f 688/688/688 689/689/689 690/690/690
v 0.6822 1.3014 0.1075
vt 0.2153 0.8374
vn 0.8494 -0.2969 0.4364
v 0.6597 1.2973 0.1484
vt 0.2087 0.8362
vn 0.5959 -0.5959 0.5383
v 0.6557 1.2748 0.1075
vt 0.2075 0.8296
vn 0.2969 -0.8494 0.4364
f 691/691/691 692/692/692 693/693/693
v 0.6058 1.2748 0.1075
vt 0.1460 0.7984
vn -0.2969 -0.8494 0.4364
v 0.6017 1.2973 0.1484
vt 0.1448 0.8050
vn -0.5959 -0.5959 0.5383
v 0.5792 1.3014 0.1075
vt 0.1382 0.8062
vn -0.8494 -0.2969 0.4364
f 694/694/694 695/695/695 696/696/696
v 0.6017 1.3894 0.1484
vt 0.1430 0.9079
vn -0.5959 0.5959 0.5383
v 0.6597 1.3894 0.1484
vt 0.2068 0.9079
vn 0.5959 0.5959 0.5383
v 0.6557 1.4119 0.1075
vt 0.2057 0.9145
vn 0.2969 0.8494 0.4364
v 0.6058 1.4119 0.1075
vt 0.1442 0.9145
vn -0.2969 0.8494 0.4364
f 697/697/697 698/698/698 699/699/699 700/700/700
v 0.6017 1.2973 0.1484
vt 0.1430 0.8248
vn -0.5959 -0.5959 0.5383
v 0.6017 1.3894 0.1484
vt 0.1430 0.8724
vn -0.5959 0.5959 0.5383
v 0.5792 1.3854 0.1075
vt 0.1364 0.8704
vn -0.8494 0.2969 0.4364
v 0.5792 1.3014 0.1075
vt 0.1364 0.8268
vn -0.8494 -0.2969 0.4364
f 701/701/701 702/702/702 703/703/703 704/704/704
v -0.8105 1.3886 0.1484
vt 0.1522 0.8609
vn 0.4476 0.4476 0.7741
v -0.7775 1.3556 0.1484
vt 0.1619 0.8254
vn 0.4476 0.4476 0.7741
v -0.7763 1.4045 0.1195
vt 0.1623 0.8495
vn 0.4476 0.4476 0.7741
f 705/705/705 706/706/706 707/707/707
v -0.6803 1.3886 0.1484
vt 0.2065 0.9234
vn 0.5959 0.5959 0.5383
v -0.6578 1.3846 0.1075
vt 0.2131 0.9223
vn 0.8494 0.2969 0.4364
v -0.6844 1.4111 0.1075
vt 0.2054 0.9301
vn 0.2969 0.8494 0.4364
f 708/708/708 709/709/709 710/710/710
v -0.6803 1.2965 0.1484
vt 0.2065 0.8560
vn 0.5959 -0.5959 0.5383
v -0.6578 1.3006 0.1075
vt 0.2131 0.8580
vn 0.8494 -0.2969 0.4364
v -0.6578 1.3846 0.1075
vt 0.2131 0.9016
vn 0.8494 0.2969 0.4364
v -0.6803 1.3886 0.1484
vt 0.2065 0.9036
vn 0.5959 0.5959 0.5383
f 711/711/711 712/712/712 713/713/713 714/714/714
v -0.8429 1.3886 0.1484
vt 0.1427 0.8724
vn -0.5959 0.5959 0.5383
v -0.8654 1.3846 0.1075
vt 0.1361 0.8704
vn -0.8494 0.2969 0.4364
v -0.8654 1.3006 0.1075
vt 0.1361 0.8268
vn -0.8494 -0.2969 0.4364
v -0.8429 1.2965 0.1484
vt 0.1427 0.8247
vn -0.5959 -0.5959 0.5383
f 715/715/715 716/716/716 717/717/717 718/718/718
v -0.8429 1.3886 0.1484
vt 0.1427 0.8922
vn -0.5959 0.5959 0.5383
v -0.8389 1.4111 0.1075
vt 0.1439 0.8988
vn -0.2969 0.8494 0.4364
v -0.8654 1.3846 0.1075
vt 0.1361 0.8910
vn -0.8494 0.2969 0.4364
f 719/719/719 720/720/720 721/721/721
v -0.6844 1.2741 0.1075
vt 0.2072 0.8296
vn 0.2969 -0.8494 0.4364
v -0.6578 1.3006 0.1075
vt 0.2150 0.8374
vn 0.8494 -0.2969 0.4364
v -0.6803 1.2965 0.1484
vt 0.2084 0.8362
vn 0.5959 -0.5959 0.5383
f 722/722/722 723/723/723 724/724/724
v -0.8654 1.3006 0.1075
vt 0.1379 0.8061
vn -0.8494 -0.2969 0.4364
v -0.8389 1.2741 0.1075
vt 0.1457 0.7983
vn -0.2969 -0.8494 0.4364
v -0.8429 1.2965 0.1484
vt 0.1445 0.8049
vn -0.5959 -0.5959 0.5383
f 725/725/725 726/726/726 727/727/727
v -0.6803 1.2965 0.1484
vt 0.2065 0.8404
vn 0.0000 0.0000 1.0000
v -0.7775 1.3556 0.1484
vt 0.1619 0.8525
vn 0.0000 0.0000 1.0000
v -0.8429 1.2965 0.1484
vt 0.1427 0.8404
vn 0.0000 0.0000 1.0000
f 728/728/728 729/729/729 730/730/730
v -0.6803 1.2965 0.1484
vt 0.2065 0.8404
vn 0.0000 0.0000 1.0000
v -0.6803 1.3886 0.1484
vt 0.2065 0.8880
vn 0.0000 0.0000 1.0000
v -0.7445 1.3886 0.1484
vt 0.1716 0.8880
vn 0.0000 0.0000 1.0000
v -0.7775 1.3556 0.1484
vt 0.1619 0.8525
vn 0.0000 0.0000 1.0000
f 731/731/731 732/732/732 733/733/733 734/734/734
v -0.7763 1.4045 0.1195
vt 0.1623 0.8933
vn 0.0000 0.8768 0.4809
v -0.7759 1.4111 0.1075
vt 0.1624 0.9144
vn 0.0000 0.8768 0.4809
v -0.8389 1.4111 0.1075
vt 0.1439 0.9144
vn -0.2969 0.8494 0.4364
f 735/735/735 736/736/736 737/737/737
v -0.6844 1.4111 0.1075
vt 0.2054 0.9144
vn 0.2969 0.8494 0.4364
v -0.7759 1.4111 0.1075
vt 0.1624 0.9144
vn 0.0000 0.8768 0.4809
v -0.7763 1.4045 0.1195
vt 0.1623 0.8933
vn 0.0000 0.8768 0.4809
f 738/738/738 739/739/739 740/740/740
v -0.7775 1.3556 0.1484
vt 0.1619 0.8447
vn -0.4601 0.4601 0.7593
v -0.7445 1.3886 0.1484
vt 0.1716 0.8802
vn -0.4601 0.4601 0.7593
v -0.7763 1.4045 0.1195
vt 0.1623 0.8689
vn -0.4601 0.4601 0.7593
f 741/741/741 742/742/742 743/743/743
v -0.8429 1.3886 0.1484
vt 0.1427 0.8880
vn 0.0000 0.0000 1.0000
v -0.8429 1.2965 0.1484
vt 0.1427 0.8404
vn 0.0000 0.0000 1.0000
v -0.7775 1.3556 0.1484
vt 0.1619 0.8525
vn 0.0000 0.0000 1.0000
v -0.8105 1.3886 0.1484
vt 0.1522 0.8880
vn 0.0000 0.0000 1.0000
f 744/744/744 745/745/745 746/746/746 747/747/747
v -0.6803 1.3886 0.1484
vt 0.2065 0.9078
vn 0.5959 0.5959 0.5383
v -0.6844 1.4111 0.1075
vt 0.2054 0.9144
vn 0.2969 0.8494 0.4364
v -0.7763 1.4045 0.1195
vt 0.1623 0.8933
vn 0.0000 0.8768 0.4809
v -0.7445 1.3886 0.1484
vt 0.1716 0.9078
vn 0.0000 0.8768 0.4809
f 748/748/748 749/749/749 750/750/750 751/751/751
v -0.8105 1.3886 0.1484
vt 0.1522 0.9078
vn 0.0000 0.8768 0.4809
v -0.7763 1.4045 0.1195
vt 0.1623 0.8933
vn 0.0000 0.8768 0.4809
v -0.8389 1.4111 0.1075
vt 0.1439 0.9144
vn -0.2969 0.8494 0.4364
v -0.8429 1.3886 0.1484
vt 0.1427 0.9078
vn -0.5959 0.5959 0.5383
f 752/752/752 753/753/753 754/754/754 755/755/755
v -0.7676 1.1428 0.1484
vt 0.2068 0.8404
vn 0.0000 0.0000 1.0000
v -0.7676 1.2349 0.1484
vt 0.2068 0.8881
vn 0.0000 0.0000 1.0000
v -0.8466 1.2349 0.1484
vt 0.1430 0.8881
vn 0.0000 0.0000 1.0000
v -0.8466 1.1428 0.1484
vt 0.1430 0.8404
vn 0.0000 0.0000 1.0000
f 756/756/756 757/757/757 758/758/758 759/759/759
v -0.7676 1.2349 0.1484
vt 0.2068 0.9037
vn 0.5959 0.5959 0.5383
v -0.7676 1.1428 0.1484
vt 0.2068 0.8561
vn 0.5959 -0.5959 0.5383
v -0.7452 1.1469 0.1075
vt 0.2134 0.8581
vn 0.8494 -0.2969 0.4364
v -0.7452 1.2309 0.1075
vt 0.2134 0.9017
vn 0.8494 0.2969 0.4364
f 760/760/760 761/761/761 762/762/762 763/763/763
v -0.8466 1.2349 0.1484
vt 0.1430 0.8922
vn -0.5959 0.5959 0.5383
v -0.8425 1.2574 0.1075
vt 0.1442 0.8988
vn -0.2969 0.8494 0.4364
v -0.8690 1.2309 0.1075
vt 0.1364 0.8910
vn -0.8494 0.2969 0.4364
f 764/764/764 765/765/765 766/766/766
v -0.7613 0.8106 0.1075
vt 0.2153 0.8374
vn 0.8494 -0.2969 0.4364
v -0.7837 0.8065 0.1484
vt 0.2087 0.8362
vn 0.5959 -0.5959 0.5383
v -0.7878 0.7840 0.1075
vt 0.2075 0.8296
vn 0.2969 -0.8494 0.4364
f 767/767/767 768/768/768 769/769/769
v -0.8418 0.8986 0.1484
vt 0.1430 0.8922
vn -0.5959 0.5959 0.5383
v -0.8377 0.9211 0.1075
vt 0.1442 0.8988
vn -0.2969 0.8494 0.4364
v -0.8642 0.8946 0.1075
vt 0.1364 0.8910
vn -0.8494 0.2969 0.4364
f 770/770/770 771/771/771 772/772/772
v -0.8425 1.1204 0.1075
vt 0.1460 0.7984
vn -0.2969 -0.8494 0.4364
v -0.8466 1.1428 0.1484
vt 0.1448 0.8050
vn -0.5959 -0.5959 0.5383
v -0.8690 1.1469 0.1075
vt 0.1382 0.8062
vn -0.8494 -0.2969 0.4364
f 773/773/773 774/774/774 775/775/775
v -0.7837 0.8065 0.1484
vt 0.2087 0.8206
vn 0.5959 -0.5959 0.5383
v -0.8418 0.8065 0.1484
vt 0.1448 0.8206
vn -0.5959 -0.5959 0.5383
v -0.8377 0.7840 0.1075
vt 0.1460 0.8140
vn -0.2969 -0.8494 0.4364
v -0.7878 0.7840 0.1075
vt 0.2075 0.8140
vn 0.2969 -0.8494 0.4364
f 776/776/776 777/777/777 778/778/778 779/779/779
v -0.8429 1.2965 0.1484
vt 0.1445 0.8205
vn -0.5959 -0.5959 0.5383
v -0.8389 1.2741 0.1075
vt 0.1457 0.8139
vn -0.2969 -0.8494 0.4364
v -0.6844 1.2741 0.1075
vt 0.2072 0.8139
vn 0.2969 -0.8494 0.4364
v -0.6803 1.2965 0.1484
vt 0.2084 0.8205
vn 0.5959 -0.5959 0.5383
f 780/780/780 781/781/781 782/782/782 783/783/783
v -0.7452 1.1469 0.1075
vt 0.2153 0.8374
vn 0.8494 -0.2969 0.4364
v -0.7676 1.1428 0.1484
vt 0.2087 0.8362
vn 0.5959 -0.5959 0.5383
v -0.7717 1.1204 0.1075
vt 0.2075 0.8296
vn 0.2969 -0.8494 0.4364
f 784/784/784 785/785/785 786/786/786
v -0.7676 1.2349 0.1484
vt 0.2068 0.9235
vn 0.5959 0.5959 0.5383
v -0.7452 1.2309 0.1075
vt 0.2134 0.9223
vn 0.8494 0.2969 0.4364
v -0.7717 1.2574 0.1075
vt 0.2057 0.9301
vn 0.2969 0.8494 0.4364
f 787/787/787 788/788/788 789/789/789
v -0.7676 1.1428 0.1484
vt 0.2087 0.8206
vn 0.5959 -0.5959 0.5383
v -0.8466 1.1428 0.1484
vt 0.1448 0.8206
vn -0.5959 -0.5959 0.5383
v -0.8425 1.1204 0.1075
vt 0.1460 0.8140
vn -0.2969 -0.8494 0.4364
v -0.7717 1.1204 0.1075
vt 0.2075 0.8140
vn 0.2969 -0.8494 0.4364
f 790/790/790 791/791/791 792/792/792 793/793/793
v -0.8466 1.2349 0.1484
vt 0.1430 0.9079
vn -0.5959 0.5959 0.5383
v -0.7676 1.2349 0.1484
vt 0.2068 0.9079
vn 0.5959 0.5959 0.5383
v -0.7717 1.2574 0.1075
vt 0.2057 0.9145
vn 0.2969 0.8494 0.4364
v -0.8425 1.2574 0.1075
vt 0.1442 0.9145
vn -0.2969 0.8494 0.4364
f 794/794/794 795/795/795 796/796/796 797/797/797
v -0.7837 0.8986 0.1484
vt 0.2068 0.9037
vn 0.5959 0.5959 0.5383
v -0.7837 0.8065 0.1484
vt 0.2068 0.8561
vn 0.5959 -0.5959 0.5383
v -0.7613 0.8106 0.1075
vt 0.2134 0.8581
vn 0.8494 -0.2969 0.4364
v -0.7613 0.8946 0.1075
vt 0.2134 0.9017
vn 0.8494 0.2969 0.4364
f 798/798/798 799/799/799 800/800/800 801/801/801
v -0.8377 0.7840 0.1075
vt 0.1460 0.7984
vn -0.2969 -0.8494 0.4364
v -0.8418 0.8065 0.1484
vt 0.1448 0.8050
vn -0.5959 -0.5959 0.5383
v -0.8642 0.8106 0.1075
vt 0.1382 0.8062
vn -0.8494 -0.2969 0.4364
f 802/802/802 803/803/803 804/804/804
v -0.8466 1.1428 0.1484
vt 0.1430 0.8248
vn -0.5959 -0.5959 0.5383
v -0.8466 1.2349 0.1484
vt 0.1430 0.8724
vn -0.5959 0.5959 0.5383
v -0.8690 1.2309 0.1075
vt 0.1364 0.8704
vn -0.8494 0.2969 0.4364
v -0.8690 1.1469 0.1075
vt 0.1364 0.8268
vn -0.8494 -0.2969 0.4364
f 805/805/805 806/806/806 807/807/807 808/808/808
v -0.7837 0.8986 0.1484
vt 0.2068 0.9235
vn 0.5959 0.5959 0.5383
v -0.7613 0.8946 0.1075
vt 0.2134 0.9223
vn 0.8494 0.2969 0.4364
v -0.7878 0.9211 0.1075
vt 0.2057 0.9301
vn 0.2969 0.8494 0.4364
f 809/809/809 810/810/810 811/811/811
v -0.7837 0.8065 0.1484
vt 0.2068 0.8404
vn 0.0000 0.0000 1.0000
v -0.7837 0.8986 0.1484
vt 0.2068 0.8881
vn 0.0000 0.0000 1.0000
v -0.8418 0.8986 0.1484
vt 0.1430 0.8881
vn 0.0000 0.0000 1.0000
v -0.8418 0.8065 0.1484
vt 0.1430 0.8404
vn 0.0000 0.0000 1.0000
f 812/812/812 813/813/813 814/814/814 815/815/815
v -0.8418 0.8986 0.1484
vt 0.1430 0.9079
vn -0.5959 0.5959 0.5383
v -0.7837 0.8986 0.1484
vt 0.2068 0.9079
vn 0.5959 0.5959 0.5383
v -0.7878 0.9211 0.1075
vt 0.2057 0.9145
vn 0.2969 0.8494 0.4364
v -0.8377 0.9211 0.1075
vt 0.1442 0.9145
vn -0.2969 0.8494 0.4364
f 816/816/816 817/817/817 818/818/818 819/819/819
v -0.8418 0.8065 0.1484
vt 0.1430 0.8248
vn -0.5959 -0.5959 0.5383
v -0.8418 0.8986 0.1484
vt 0.1430 0.8724
vn -0.5959 0.5959 0.5383
v -0.8642 0.8946 0.1075
vt 0.1364 0.8704
vn -0.8494 0.2969 0.4364
v -0.8642 0.8106 0.1075
vt 0.1364 0.8268
vn -0.8494 -0.2969 0.4364
f 820/820/820 821/821/821 822/822/822 823/823/823
v 0.8335 1.2973 0.1484
vt 0.2068 0.8404
vn 0.0000 0.0000 1.0000
v 0.8335 1.3894 0.1484
vt 0.2068 0.8881
vn 0.0000 0.0000 1.0000
v 0.7369 1.3894 0.1484
vt 0.1430 0.8881
vn 0.0000 0.0000 1.0000
v 0.7369 1.2973 0.1484
vt 0.1430 0.8404
vn 0.0000 0.0000 1.0000
f 824/824/824 825/825/825 826/826/826 827/827/827
v 0.8560 1.3014 0.1075
vt 0.2153 0.8374
vn 0.8494 -0.2969 0.4364
v 0.8335 1.2973 0.1484
vt 0.2087 0.8362
vn 0.5959 -0.5959 0.5383
v 0.8295 1.2748 0.1075
vt 0.2075 0.8296
vn 0.2969 -0.8494 0.4364
f 828/828/828 829/829/829 830/830/830
v 0.8335 1.2973 0.1484
vt 0.2087 0.8206
vn 0.5959 -0.5959 0.5383
v 0.7369 1.2973 0.1484
vt 0.1448 0.8206
vn -0.5959 -0.5959 0.5383
v 0.7409 1.2748 0.1075
vt 0.1460 0.8140
vn -0.2969 -0.8494 0.4364
v 0.8295 1.2748 0.1075
vt 0.2075 0.8140
vn 0.2969 -0.8494 0.4364
f 831/831/831 832/832/832 833/833/833 834/834/834
v 0.7369 1.3894 0.1484
vt 0.1430 0.9079
vn -0.5959 0.5959 0.5383
v 0.8335 1.3894 0.1484
vt 0.2068 0.9079
vn 0.5959 0.5959 0.5383
v 0.8295 1.4119 0.1075
vt 0.2057 0.9145
vn 0.2969 0.8494 0.4364
v 0.7409 1.4119 0.1075
vt 0.1442 0.9145
vn -0.2969 0.8494 0.4364
f 835/835/835 836/836/836 837/837/837 838/838/838
v 0.7369 1.3894 0.1484
vt 0.1430 0.8922
vn -0.5959 0.5959 0.5383
v 0.7409 1.4119 0.1075
vt 0.1442 0.8988
vn -0.2969 0.8494 0.4364
v 0.7144 1.3854 0.1075
vt 0.1364 0.8910
vn -0.8494 0.2969 0.4364
f 839/839/839 840/840/840 841/841/841
v 0.7369 1.2973 0.1484
vt 0.1430 0.8248
vn -0.5959 -0.5959 0.5383
v 0.7369 1.3894 0.1484
vt 0.1430 0.8724
vn -0.5959 0.5959 0.5383
v 0.7144 1.3854 0.1075
vt 0.1364 0.8704
vn -0.8494 0.2969 0.4364
v 0.7144 1.3014 0.1075
vt 0.1364 0.8268
vn -0.8494 -0.2969 0.4364
f 842/842/842 843/843/843 844/844/844 845/845/845
v 0.8335 1.3894 0.1484
vt 0.2068 0.9235
vn 0.5959 0.5959 0.5383
v 0.8560 1.3854 0.1075
vt 0.2134 0.9223
vn 0.8494 0.2969 0.4364
v 0.8295 1.4119 0.1075
vt 0.2057 0.9301
vn 0.2969 0.8494 0.4364
f 846/846/846 847/847/847 848/848/848
v 0.8335 1.3894 0.1484
vt 0.2068 0.9037
vn 0.5959 0.5959 0.5383
v 0.8335 1.2973 0.1484
vt 0.2068 0.8561
vn 0.5959 -0.5959 0.5383
v 0.8560 1.3014 0.1075
vt 0.2134 0.8581
vn 0.8494 -0.2969 0.4364
v 0.8560 1.3854 0.1075
vt 0.2134 0.9017
vn 0.8494 0.2969 0.4364
f 849/849/849 850/850/850 851/851/851 852/852/852
v 0.7409 1.2748 0.1075
vt 0.1460 0.7984
vn -0.2969 -0.8494 0.4364
v 0.7369 1.2973 0.1484
vt 0.1448 0.8050
vn -0.5959 -0.5959 0.5383
v 0.7144 1.3014 0.1075
vt 0.1382 0.8062
vn -0.8494 -0.2969 0.4364
f 853/853/853 854/854/854 855/855/855
v 0.8351 0.3253 0.1484
vt 0.2068 0.8404
vn 0.0000 0.0000 1.0000
v 0.8351 0.4175 0.1484
vt 0.2068 0.8881
vn 0.0000 0.0000 1.0000
v 0.7771 0.4175 0.1484
vt 0.1430 0.8881
vn 0.0000 0.0000 1.0000
v 0.7771 0.3253 0.1484
vt 0.1430 0.8404
vn 0.0000 0.0000 1.0000
f 856/856/856 857/857/857 858/858/858 859/859/859
v 0.7771 0.4175 0.1484
vt 0.1430 0.9079
vn -0.5959 0.5959 0.5383
v 0.8351 0.4175 0.1484
vt 0.2068 0.9079
vn 0.5959 0.5959 0.5383
v 0.8311 0.4399 0.1075
vt 0.2057 0.9145
vn 0.2969 0.8494 0.4364
v 0.7812 0.4399 0.1075
vt 0.1442 0.9145
vn -0.2969 0.8494 0.4364
f 860/860/860 861/861/861 862/862/862 863/863/863
v 0.8351 0.3253 0.1484
vt 0.2087 0.8206
vn 0.5959 -0.5959 0.5383
v 0.7771 0.3253 0.1484
vt 0.1448 0.8206
vn -0.5959 -0.5959 0.5383
v 0.7812 0.3029 0.1075
vt 0.1460 0.8140
vn -0.2969 -0.8494 0.4364
v 0.8311 0.3029 0.1075
vt 0.2075 0.8140
vn 0.2969 -0.8494 0.4364
f 864/864/864 865/865/865 866/866/866 867/867/867
v 0.8351 0.4175 0.1484
vt 0.2068 0.9235
vn 0.5959 0.5959 0.5383
v 0.8576 0.4134 0.1075
vt 0.2134 0.9223
vn 0.8494 0.2969 0.4364
v 0.8311 0.4399 0.1075
vt 0.2057 0.9301
vn 0.2969 0.8494 0.4364
f 868/868/868 869/869/869 870/870/870
v 0.7812 0.3029 0.1075
vt 0.1460 0.7984
vn -0.2969 -0.8494 0.4364
v 0.7771 0.3253 0.1484
vt 0.1448 0.8050
vn -0.5959 -0.5959 0.5383
v 0.7546 0.3294 0.1075
vt 0.1382 0.8062
vn -0.8494 -0.2969 0.4364
f 871/871/871 872/872/872 873/873/873
v 0.8351 0.4175 0.1484
vt 0.2068 0.9037
vn 0.5959 0.5959 0.5383
v 0.8351 0.3253 0.1484
vt 0.2068 0.8561
vn 0.5959 -0.5959 0.5383
v 0.8576 0.3294 0.1075
vt 0.2134 0.8581
vn 0.8494 -0.2969 0.4364
v 0.8576 0.4134 0.1075
vt 0.2134 0.9017
vn 0.8494 0.2969 0.4364
f 874/874/874 875/875/875 876/876/876 877/877/877
v 0.7771 0.3253 0.1484
vt 0.1430 0.8248
vn -0.5959 -0.5959 0.5383
v 0.7771 0.4175 0.1484
vt 0.1430 0.8724
vn -0.5959 0.5959 0.5383
v 0.7546 0.4134 0.1075
vt 0.1364 0.8704
vn -0.8494 0.2969 0.4364
v 0.7546 0.3294 0.1075
vt 0.1364 0.8268
vn -0.8494 -0.2969 0.4364
f 878/878/878 879/879/879 880/880/880 881/881/881
v 0.7771 0.4175 0.1484
vt 0.1430 0.8922
vn -0.5959 0.5959 0.5383
v 0.7812 0.4399 0.1075
vt 0.1442 0.8988
vn -0.2969 0.8494 0.4364
v 0.7546 0.4134 0.1075
vt 0.1364 0.8910
vn -0.8494 0.2969 0.4364
f 882/882/882 883/883/883 884/884/884
v 0.8576 0.3294 0.1075
vt 0.2153 0.8374
vn 0.8494 -0.2969 0.4364
v 0.8351 0.3253 0.1484
vt 0.2087 0.8362
vn 0.5959 -0.5959 0.5383
v 0.8311 0.3029 0.1075
vt 0.2075 0.8296
vn 0.2969 -0.8494 0.4364
f 885/885/885 886/886/886 887/887/887
v -0.4950 1.8000 0.1575
vt 0.0618 0.9938
vn 0.0000 1.0000 0.0000
v -0.9000 1.8000 0.2250
vt 0.0637 0.9938
vn 0.0000 1.0000 0.0000
v -0.4950 1.8000 0.2250
vt 0.0618 0.9938
vn 0.0000 1.0000 0.0000
f 888/888/888 889/889/889 890/890/890
v 0.4500 1.5207 0.1932
vt 0.0573 0.8019
vn 0.0000 -0.7071 0.7071
v 0.4050 1.5525 0.2250
vt 0.0575 0.8042
vn 0.0000 -0.7071 0.7071
v -0.4050 1.5525 0.2250
vt 0.0614 0.8042
vn 0.0000 -0.7071 0.7071
v -0.4500 1.5207 0.1932
vt 0.0616 0.8019
vn 0.0000 -0.7071 0.7071
f 891/891/891 892/892/892 893/893/893 894/894/894
v 0.4500 1.5207 0.1932
vt 0.0573 0.8019
vn 0.0000 -0.7071 0.7071
v 0.9000 1.4400 0.1125
vt 0.0551 0.7961
vn 0.0000 -0.7071 0.7071
v 0.9000 1.5525 0.2250
vt 0.0551 0.8042
vn 0.0000 -0.7071 0.7071
v 0.4950 1.5525 0.2250
vt 0.0571 0.8042
vn 0.0000 -0.7071 0.7071
f 895/895/895 896/896/896 897/897/897 898/898/898
v 0.9000 1.8000 0.2250
vt 0.0551 0.8844
vn 0.0000 0.0000 1.0000
v 0.4950 1.8000 0.2250
vt 0.0571 0.8844
vn 0.0000 0.0000 1.0000
v 0.4950 1.5525 0.2250
vt 0.0571 0.8667
vn 0.0000 0.0000 1.0000
v 0.9000 1.5525 0.2250
vt 0.0551 0.8667
vn 0.0000 0.0000 1.0000
f 899/899/899 900/900/900 901/901/901 902/902/902
v 0.4050 1.8000 0.1575
vt 0.0575 0.9938
vn 0.0000 1.0000 0.0000
v -0.4050 1.8000 0.1575
vt 0.0614 0.9938
vn 0.0000 1.0000 0.0000
v -0.4050 1.8000 0.2250
vt 0.0614 0.9938
vn 0.0000 1.0000 0.0000
v 0.4050 1.8000 0.2250
vt 0.0575 0.9938
vn 0.0000 1.0000 0.0000
f 903/903/903 904/904/904 905/905/905 906/906/906
v -0.4950 1.8000 0.2250
vt 0.0618 0.8844
vn 0.0000 0.0000 1.0000
v -0.9000 1.8000 0.2250
vt 0.0637 0.8844
vn 0.0000 0.0000 1.0000
v -0.9000 1.5525 0.2250
vt 0.0637 0.8667
vn 0.0000 0.0000 1.0000
v -0.4950 1.5525 0.2250
vt 0.0618 0.8667
vn 0.0000 0.0000 1.0000
f 907/907/907 908/908/908 909/909/909 910/910/910
v 0.4050 1.8000 0.2250
vt 0.0575 0.8844
vn 0.0000 0.0000 1.0000
v -0.4050 1.8000 0.2250
vt 0.0614 0.8844
vn 0.0000 0.0000 1.0000
v -0.4050 1.5525 0.2250
vt 0.0614 0.8667
vn 0.0000 0.0000 1.0000
v 0.4050 1.5525 0.2250
vt 0.0575 0.8667
vn 0.0000 0.0000 1.0000
f 911/911/911 912/912/912 913/913/913 914/914/914
v -0.9000 1.5525 0.2250
vt 0.0637 0.8042
vn 0.0000 -0.7071 0.7071
v -0.9000 1.4400 0.1125
vt 0.0637 0.7961
vn 0.0000 -0.7071 0.7071
v -0.4500 1.5207 0.1932
vt 0.0616 0.8019
vn 0.0000 -0.7071 0.7071
v -0.4950 1.5525 0.2250
vt 0.0618 0.8042
vn 0.0000 -0.7071 0.7071
f 915/915/915 916/916/916 917/917/917 918/918/918
v 0.4050 1.8000 0.2250
vt 0.0575 0.8844
vn 0.5773 0.0000 0.8165
v 0.4050 1.5525 0.2250
vt 0.0575 0.8667
vn 0.5773 0.0000 0.8165
v 0.4500 1.5207 0.1932
vt 0.0573 0.8644
vn 0.5773 0.0000 0.8165
v 0.4500 1.8000 0.1932
vt 0.0573 0.8812
vn 0.5773 0.0000 0.8165
f 919/919/919 920/920/920 921/921/921 922/922/922
v 0.4500 1.8000 0.1932
vt 0.0573 0.8812
vn -0.5774 0.0000 0.8165
v 0.4500 1.5207 0.1932
vt 0.0573 0.8644
vn -0.5774 0.0000 0.8165
v 0.4950 1.5525 0.2250
vt 0.0571 0.8667
vn -0.5774 0.0000 0.8165
v 0.4950 1.8000 0.2250
vt 0.0571 0.8844
vn -0.5774 0.0000 0.8165
f 923/923/923 924/924/924 925/925/925 926/926/926
v -0.4950 1.8000 0.2250
vt 0.0618 0.8844
vn 0.5773 0.0000 0.8165
v -0.4950 1.5525 0.2250
vt 0.0618 0.8667
vn 0.5773 0.0000 0.8165
v -0.4500 1.5207 0.1932
vt 0.0616 0.8644
vn 0.5773 0.0000 0.8165
v -0.4500 1.8000 0.1932
vt 0.0616 0.8812
vn 0.5773 0.0000 0.8165
f 927/927/927 928/928/928 929/929/929 930/930/930
v -0.4500 1.8000 0.1932
vt 0.0616 0.8812
vn -0.5774 0.0000 0.8165
v -0.4500 1.5207 0.1932
vt 0.0616 0.8644
vn -0.5774 0.0000 0.8165
v -0.4050 1.5525 0.2250
vt 0.0614 0.8667
vn -0.5774 0.0000 0.8165
v -0.4050 1.8000 0.2250
vt 0.0614 0.8844
vn -0.5774 0.0000 0.8165
f 931/931/931 932/932/932 933/933/933 934/934/934
v 0.9000 1.8000 0.2250
vt 0.0551 0.9938
vn 0.0000 1.0000 0.0000
v 0.4950 1.8000 0.1575
vt 0.0571 0.9938
vn 0.0000 1.0000 0.0000
v 0.4950 1.8000 0.2250
vt 0.0571 0.9938
vn 0.0000 1.0000 0.0000
f 935/935/935 936/936/936 937/937/937
v -0.9000 1.4400 0.1125
vt 0.0637 0.7961
vn 0.0000 -0.7071 0.7071
v 0.9000 1.4400 0.1125
vt 0.0551 0.7961
vn 0.0000 -0.7071 0.7071
v 0.4500 1.5207 0.1932
vt 0.0573 0.8019
vn 0.0000 -0.7071 0.7071
v -0.4500 1.5207 0.1932
vt 0.0616 0.8019
vn 0.0000 -0.7071 0.7071
f 938/938/938 939/939/939 940/940/940 941/941/941
v 0.9000 0.0000 0.2250
vt 0.0551 0.8764
vn 1.0000 0.0000 0.0000
v 0.9000 0.0000 -0.2250
vt 0.0637 0.8764
vn 1.0000 0.0000 0.0000
v 0.9000 0.1125 -0.2250
vt 0.0637 0.8844
vn 1.0000 0.0000 0.0000
v 0.9000 0.1125 0.2250
vt 0.0551 0.8844
vn 1.0000 0.0000 0.0000
f 942/942/942 943/943/943 944/944/944 945/945/945
v 0.9000 1.5525 0.2250
vt 0.0551 0.8667
vn 1.0000 0.0000 0.0000
v 0.9000 1.5525 -0.2250
vt 0.0637 0.8667
vn 1.0000 0.0000 0.0000
v 0.9000 1.8000 -0.2250
vt 0.0637 0.8844
vn 1.0000 0.0000 0.0000
v 0.9000 1.8000 0.2250
vt 0.0551 0.8844
vn 1.0000 0.0000 0.0000
f 946/946/946 947/947/947 948/948/948 949/949/949
v 0.9000 1.8000 0.2250
vt 0.0551 0.9938
vn 0.0000 1.0000 0.0000
v 0.9000 1.8000 -0.2250
vt 0.0637 0.9938
vn 0.0000 1.0000 0.0000
v 0.4950 1.8000 -0.1575
vt 0.0618 0.9938
vn 0.0000 1.0000 0.0000
v 0.4950 1.8000 0.1575
vt 0.0571 0.9938
vn 0.0000 1.0000 0.0000
f 950/950/950 951/951/951 952/952/952 953/953/953
v 0.4950 1.8000 0.1575
vt 0.0571 0.8906
vn -0.6802 0.6802 -0.2732
v 0.4950 1.8000 -0.1575
vt 0.0618 0.8906
vn -0.6802 0.6802 0.2732
v 0.4500 1.7550 -0.1575
vt 0.0616 0.8906
vn -0.6802 0.6802 0.2732
v 0.4500 1.7550 0.1575
vt 0.0573 0.8281
vn -0.6802 0.6802 -0.2732
f 954/954/954 955/955/955 956/956/956 957/957/957
v -0.4500 1.8000 0.1932
vt 0.0616 0.9937
vn 0.0000 1.0000 0.0000
v -0.4050 1.8000 0.2250
vt 0.0614 0.9938
vn 0.0000 1.0000 0.0000
v -0.4050 1.8000 0.1575
vt 0.0614 0.9938
vn 0.0000 1.0000 0.0000
f 958/958/958 959/959/959 960/960/960
v -0.4950 1.8000 0.2250
vt 0.0618 0.9938
vn 0.0000 1.0000 0.0000
v -0.4500 1.8000 0.1932
vt 0.0616 0.9937
vn 0.0000 1.0000 0.0000
v -0.4950 1.8000 0.1575
vt 0.0618 0.9938
vn 0.0000 1.0000 0.0000
f 961/961/961 962/962/962 963/963/963
v -0.4500 1.7550 0.1575
vt 0.0616 0.8906
vn 0.6802 0.6802 -0.2732
v -0.4950 1.8000 0.1575
vt 0.0618 0.8906
vn 0.6802 0.6802 -0.2732
v -0.4500 1.8000 0.1932
vt 0.0616 0.8906
vn 0.5277 0.5277 -0.6656
f 964/964/964 965/965/965 966/966/966
v 0.4500 1.8000 0.1932
vt 0.0573 0.9937
vn 0.0000 1.0000 0.0000
v 0.4950 1.8000 0.2250
vt 0.0571 0.9938
vn 0.0000 1.0000 0.0000
v 0.4950 1.8000 0.1575
vt 0.0571 0.9938
vn 0.0000 1.0000 0.0000
f 967/967/967 968/968/968 969/969/969
v 0.4050 1.8000 0.2250
vt 0.0575 0.9938
vn 0.0000 1.0000 0.0000
v 0.4500 1.8000 0.1932
vt 0.0573 0.9937
vn 0.0000 1.0000 0.0000
v 0.4050 1.8000 0.1575
vt 0.0575 0.9938
vn 0.0000 1.0000 0.0000
f 970/970/970 971/971/971 972/972/972
v 0.4500 1.7550 0.1575
vt 0.0573 0.8906
vn 0.6802 0.6802 -0.2732
v 0.4050 1.8000 0.1575
vt 0.0575 0.8906
vn 0.6802 0.6802 -0.2732
v 0.4500 1.8000 0.1932
vt 0.0573 0.8906
vn 0.5277 0.5277 -0.6656
f 973/973/973 974/974/974 975/975/975
v -0.4050 1.8000 0.1575
vt 0.0614 0.8906
vn -0.6802 0.6802 -0.2732
v -0.4500 1.7550 0.1575
vt 0.0616 0.8906
vn -0.6802 0.6802 -0.2732
v -0.4500 1.8000 0.1932
vt 0.0616 0.8906
vn -0.5277 0.5277 -0.6656
f 976/976/976 977/977/977 978/978/978
v 0.4950 1.8000 0.1575
vt 0.0571 0.8906
vn -0.6802 0.6802 -0.2732
v 0.4500 1.7550 0.1575
vt 0.0573 0.8906
vn -0.6802 0.6802 -0.2732
v 0.4500 1.8000 0.1932
vt 0.0573 0.8906
vn -0.5277 0.5277 -0.6656
f 979/979/979 980/980/980 981/981/981
v 0.7154 0.2250 0.1125
vt 0.0637 0.9550
vn 0.0000 0.7071 0.7071
v 0.4500 0.1443 0.1932
vt 0.0573 0.9492
vn 0.0000 0.7071 0.7071
v 0.9000 0.2250 0.1125
vt 0.0637 0.9550
vn 0.0000 0.7071 0.7071
f 982/982/982 983/983/983 984/984/984
v 0.7154 0.2250 0.1125
vt 0.0637 0.9550
vn 0.0000 0.7071 0.7071
v -0.7154 0.2250 0.1125
vt 0.0637 0.9550
vn 0.0000 0.7071 0.7071
v -0.4500 0.1443 0.1932
vt 0.0616 0.9492
vn 0.0000 0.7071 0.7071
v 0.4500 0.1443 0.1932
vt 0.0573 0.9492
vn 0.0000 0.7071 0.7071
f 985/985/985 986/986/986 987/987/987 988/988/988
v 0.4950 0.1125 0.2250
vt 0.0571 0.9469
vn 0.0000 0.7071 0.7071
v 0.9000 0.1125 0.2250
vt 0.0551 0.9469
vn 0.0000 0.7071 0.7071
v 0.4500 0.1443 0.1932
vt 0.0573 0.9492
vn 0.0000 0.7071 0.7071
f 989/989/989 990/990/990 991/991/991
v -0.9000 0.2250 0.1125
vt 0.0637 0.9550
vn 0.0000 0.7071 0.7071
v -0.9000 0.1125 0.2250
vt 0.0637 0.9469
vn 0.0000 0.7071 0.7071
v -0.4500 0.1443 0.1932
vt 0.0616 0.9492
vn 0.0000 0.7071 0.7071
f 992/992/992 993/993/993 994/994/994
v -0.4050 1.8000 -0.1575
vt 0.0575 0.9938
vn 0.0000 1.0000 0.0000
v -0.4050 1.8000 0.1575
vt 0.0614 0.9938
vn 0.0000 1.0000 0.0000
v 0.4050 1.8000 0.1575
vt 0.0575 0.9938
vn 0.0000 1.0000 0.0000
v 0.4050 1.8000 -0.1575
vt 0.0614 0.9938
vn 0.0000 1.0000 0.0000
f 995/995/995 996/996/996 997/997/997 998/998/998
v -0.4500 1.7550 -0.1575
vt 0.0573 0.8906
vn -0.6802 0.6802 0.2732
v -0.4500 1.7550 0.1575
vt 0.0616 0.8281
vn -0.6802 0.6802 -0.2732
v -0.4050 1.8000 0.1575
vt 0.0614 0.8906
vn -0.6802 0.6802 -0.2732
v -0.4050 1.8000 -0.1575
vt 0.0575 0.8906
vn -0.6802 0.6802 0.2732
f 999/999/999 1000/1000/1000 1001/1001/1001 1002/1002/1002
v -0.1829 1.0553 0.0584
vt 0.2068 0.8404
vn 0.0000 0.0000 1.0000
v -0.1829 1.1475 0.0584
vt 0.2068 0.8881
vn 0.0000 0.0000 1.0000
v -0.4003 1.1475 0.0584
vt 0.1430 0.8881
vn 0.0000 0.0000 1.0000
v -0.4003 1.0553 0.0584
vt 0.1430 0.8404
vn 0.0000 0.0000 1.0000
f 1003/1003/1003 1004/1004/1004 1005/1005/1005 1006/1006/1006
v -0.4003 1.0553 0.0584
vt 0.1430 0.8248
vn -0.5959 -0.5959 0.5383
v -0.4003 1.1475 0.0584
vt 0.1430 0.8724
vn -0.5959 0.5959 0.5383
v -0.4227 1.1434 0.0175
vt 0.1364 0.8704
vn -0.8494 0.2969 0.4364
v -0.4227 1.0594 0.0175
vt 0.1364 0.8268
vn -0.8494 -0.2969 0.4364
f 1007/1007/1007 1008/1008/1008 1009/1009/1009 1010/1010/1010
v -0.1829 1.0553 0.0584
vt 0.2087 0.8206
vn 0.5959 -0.5959 0.5383
v -0.4003 1.0553 0.0584
vt 0.1448 0.8206
vn -0.5959 -0.5959 0.5383
v -0.3962 1.0329 0.0175
vt 0.1460 0.8140
vn -0.2969 -0.8494 0.4364
v -0.1870 1.0329 0.0175
vt 0.2075 0.8140
vn 0.2969 -0.8494 0.4364
f 1011/1011/1011 1012/1012/1012 1013/1013/1013 1014/1014/1014
v -0.1829 1.1475 0.0584
vt 0.2068 0.9037
vn 0.5959 0.5959 0.5383
v -0.1829 1.0553 0.0584
vt 0.2068 0.8561
vn 0.5959 -0.5959 0.5383
v -0.1604 1.0594 0.0175
vt 0.2134 0.8581
vn 0.8494 -0.2969 0.4364
v -0.1604 1.1434 0.0175
vt 0.2134 0.9017
vn 0.8494 0.2969 0.4364
f 1015/1015/1015 1016/1016/1016 1017/1017/1017 1018/1018/1018
v -0.4003 1.1475 0.0584
vt 0.1430 0.9079
vn -0.5959 0.5959 0.5383
v -0.1829 1.1475 0.0584
vt 0.2068 0.9079
vn 0.5959 0.5959 0.5383
v -0.1870 1.1699 0.0175
vt 0.2057 0.9145
vn 0.2969 0.8494 0.4364
v -0.3962 1.1699 0.0175
vt 0.1442 0.9145
vn -0.2969 0.8494 0.4364
f 1019/1019/1019 1020/1020/1020 1021/1021/1021 1022/1022/1022
v -0.3962 1.0329 0.0175
vt 0.1460 0.7984
vn -0.2969 -0.8494 0.4364
v -0.4003 1.0553 0.0584
vt 0.1448 0.8050
vn -0.5959 -0.5959 0.5383
v -0.4227 1.0594 0.0175
vt 0.1382 0.8062
vn -0.8494 -0.2969 0.4364
f 1023/1023/1023 1024/1024/1024 1025/1025/1025
v -0.4003 1.1475 0.0584
vt 0.1430 0.8922
vn -0.5959 0.5959 0.5383
v -0.3962 1.1699 0.0175
vt 0.1442 0.8988
vn -0.2969 0.8494 0.4364
v -0.4227 1.1434 0.0175
vt 0.1364 0.8910
vn -0.8494 0.2969 0.4364
f 1026/1026/1026 1027/1027/1027 1028/1028/1028
v -0.1604 1.0594 0.0175
vt 0.2153 0.8374
vn 0.8494 -0.2969 0.4364
v -0.1829 1.0553 0.0584
vt 0.2087 0.8362
vn 0.5959 -0.5959 0.5383
v -0.1870 1.0329 0.0175
vt 0.2075 0.8296
vn 0.2969 -0.8494 0.4364
f 1029/1029/1029 1030/1030/1030 1031/1031/1031
v -0.1829 1.1475 0.0584
vt 0.2068 0.9235
vn 0.5959 0.5959 0.5383
v -0.1604 1.1434 0.0175
vt 0.2134 0.9223
vn 0.8494 0.2969 0.4364
v -0.1870 1.1699 0.0175
vt 0.2057 0.9301
vn 0.2969 0.8494 0.4364
f 1032/1032/1032 1033/1033/1033 1034/1034/1034
v 0.2565 1.0411 0.0584
vt 0.1522 0.8609
vn 0.4476 0.4476 0.7741
v 0.2895 1.0081 0.0584
vt 0.1619 0.8254
vn 0.4476 0.4476 0.7741
v 0.2906 1.0570 0.0295
vt 0.1623 0.8495
vn 0.4476 0.4476 0.7741
f 1035/1035/1035 1036/1036/1036 1037/1037/1037
v 0.4414 1.0411 0.0584
vt 0.2065 0.9234
vn 0.5959 0.5959 0.5383
v 0.4638 1.0370 0.0175
vt 0.2131 0.9223
vn 0.8494 0.2969 0.4364
v 0.4373 1.0636 0.0175
vt 0.2054 0.9301
vn 0.2969 0.8494 0.4364
f 1038/1038/1038 1039/1039/1039 1040/1040/1040
v 0.4414 0.9490 0.0584
vt 0.2065 0.8560
vn 0.5959 -0.5959 0.5383
v 0.4638 0.9531 0.0175
vt 0.2131 0.8580
vn 0.8494 -0.2969 0.4364
v 0.4638 1.0370 0.0175
vt 0.2131 0.9016
vn 0.8494 0.2969 0.4364
v 0.4414 1.0411 0.0584
vt 0.2065 0.9036
vn 0.5959 0.5959 0.5383
f 1041/1041/1041 1042/1042/1042 1043/1043/1043 1044/1044/1044
v 0.2240 1.0411 0.0584
vt 0.1427 0.8724
vn -0.5959 0.5959 0.5383
v 0.2016 1.0370 0.0175
vt 0.1361 0.8704
vn -0.8494 0.2969 0.4364
v 0.2016 0.9531 0.0175
vt 0.1361 0.8268
vn -0.8494 -0.2969 0.4364
v 0.2240 0.9490 0.0584
vt 0.1427 0.8247
vn -0.5959 -0.5959 0.5383
f 1045/1045/1045 1046/1046/1046 1047/1047/1047 1048/1048/1048
v 0.2240 1.0411 0.0584
vt 0.1427 0.8922
vn -0.5959 0.5959 0.5383
v 0.2281 1.0636 0.0175
vt 0.1439 0.8988
vn -0.2969 0.8494 0.4364
v 0.2016 1.0370 0.0175
vt 0.1361 0.8910
vn -0.8494 0.2969 0.4364
f 1049/1049/1049 1050/1050/1050 1051/1051/1051
v 0.4373 0.9265 0.0175
vt 0.2072 0.8296
vn 0.2969 -0.8494 0.4364
v 0.4638 0.9531 0.0175
vt 0.2150 0.8374
vn 0.8494 -0.2969 0.4364
v 0.4414 0.9490 0.0584
vt 0.2084 0.8362
vn 0.5959 -0.5959 0.5383
f 1052/1052/1052 1053/1053/1053 1054/1054/1054
v 0.2016 0.9531 0.0175
vt 0.1379 0.8061
vn -0.8494 -0.2969 0.4364
v 0.2281 0.9265 0.0175
vt 0.1457 0.7983
vn -0.2969 -0.8494 0.4364
v 0.2240 0.9490 0.0584
vt 0.1445 0.8049
vn -0.5959 -0.5959 0.5383
f 1055/1055/1055 1056/1056/1056 1057/1057/1057
v 0.4414 0.9490 0.0584
vt 0.2065 0.8404
vn 0.0000 0.0000 1.0000
v 0.2895 1.0081 0.0584
vt 0.1619 0.8525
vn 0.0000 0.0000 1.0000
v 0.2240 0.9490 0.0584
vt 0.1427 0.8404
vn 0.0000 0.0000 1.0000
f 1058/1058/1058 1059/1059/1059 1060/1060/1060
v 0.4414 0.9490 0.0584
vt 0.2065 0.8404
vn 0.0000 0.0000 1.0000
v 0.4414 1.0411 0.0584
vt 0.2065 0.8880
vn 0.0000 0.0000 1.0000
v 0.3225 1.0411 0.0584
vt 0.1716 0.8880
vn 0.0000 0.0000 1.0000
v 0.2895 1.0081 0.0584
vt 0.1619 0.8525
vn 0.0000 0.0000 1.0000
f 1061/1061/1061 1062/1062/1062 1063/1063/1063 1064/1064/1064
v 0.2906 1.0570 0.0295
vt 0.1623 0.8933
vn 0.0000 0.8768 0.4809
v 0.2911 1.0636 0.0175
vt 0.1624 0.9144
vn 0.0000 0.8768 0.4809
v 0.2281 1.0636 0.0175
vt 0.1439 0.9144
vn -0.2969 0.8494 0.4364
f 1065/1065/1065 1066/1066/1066 1067/1067/1067
v 0.4373 1.0636 0.0175
vt 0.2054 0.9144
vn 0.2969 0.8494 0.4364
v 0.2911 1.0636 0.0175
vt 0.1624 0.9144
vn 0.0000 0.8768 0.4809
v 0.2906 1.0570 0.0295
vt 0.1623 0.8933
vn 0.0000 0.8768 0.4809
f 1068/1068/1068 1069/1069/1069 1070/1070/1070
v 0.2895 1.0081 0.0584
vt 0.1619 0.8447
vn -0.4601 0.4601 0.7593
v 0.3225 1.0411 0.0584
vt 0.1716 0.8802
vn -0.4601 0.4601 0.7593
v 0.2906 1.0570 0.0295
vt 0.1623 0.8689
vn -0.4601 0.4601 0.7593
f 1071/1071/1071 1072/1072/1072 1073/1073/1073
v 0.2240 1.0411 0.0584
vt 0.1427 0.8880
vn 0.0000 0.0000 1.0000
v 0.2240 0.9490 0.0584
vt 0.1427 0.8404
vn 0.0000 0.0000 1.0000
v 0.2895 1.0081 0.0584
vt 0.1619 0.8525
vn 0.0000 0.0000 1.0000
v 0.2565 1.0411 0.0584
vt 0.1522 0.8880
vn 0.0000 0.0000 1.0000
f 1074/1074/1074 1075/1075/1075 1076/1076/1076 1077/1077/1077
v 0.4414 1.0411 0.0584
vt 0.2065 0.9078
vn 0.5959 0.5959 0.5383
v 0.4373 1.0636 0.0175
vt 0.2054 0.9144
vn 0.2969 0.8494 0.4364
v 0.2906 1.0570 0.0295
vt 0.1623 0.8933
vn 0.0000 0.8768 0.4809
v 0.3225 1.0411 0.0584
vt 0.1716 0.9078
vn 0.0000 0.8768 0.4809
f 1078/1078/1078 1079/1079/1079 1080/1080/1080 1081/1081/1081
v 0.2565 1.0411 0.0584
vt 0.1522 0.9078
vn 0.0000 0.8768 0.4809
v 0.2906 1.0570 0.0295
vt 0.1623 0.8933
vn 0.0000 0.8768 0.4809
v 0.2281 1.0636 0.0175
vt 0.1439 0.9144
vn -0.2969 0.8494 0.4364
v 0.2240 1.0411 0.0584
vt 0.1427 0.9078
vn -0.5959 0.5959 0.5383
f 1082/1082/1082 1083/1083/1083 1084/1084/1084 1085/1085/1085
v -0.4060 0.5676 0.0584
vt 0.1968 0.8328
vn -0.4476 -0.4476 0.7741
v -0.4390 0.6006 0.0584
vt 0.1871 0.8320
vn -0.4476 -0.4476 0.7741
v -0.4401 0.5518 0.0295
vt 0.1867 0.8058
vn -0.4476 -0.4476 0.7741
f 1086/1086/1086 1087/1087/1087 1088/1088/1088
v -0.5909 0.5676 0.0584
vt 0.1443 0.8050
vn -0.5959 -0.5959 0.5383
v -0.6133 0.5717 0.0175
vt 0.1377 0.8062
vn -0.8494 -0.2969 0.4364
v -0.5868 0.5452 0.0175
vt 0.1455 0.7984
vn -0.2969 -0.8494 0.4364
f 1089/1089/1089 1090/1090/1090 1091/1091/1091
v -0.5909 0.6598 0.0584
vt 0.1424 0.8726
vn -0.5959 0.5959 0.5383
v -0.6133 0.6557 0.0175
vt 0.1358 0.8706
vn -0.8494 0.2969 0.4364
v -0.6133 0.5717 0.0175
vt 0.1358 0.8270
vn -0.8494 -0.2969 0.4364
v -0.5909 0.5676 0.0584
vt 0.1424 0.8249
vn -0.5959 -0.5959 0.5383
f 1092/1092/1092 1093/1093/1093 1094/1094/1094 1095/1095/1095
v -0.3735 0.5676 0.0584
vt 0.2063 0.8562
vn 0.5959 -0.5959 0.5383
v -0.3511 0.5717 0.0175
vt 0.2129 0.8582
vn 0.8494 -0.2969 0.4364
v -0.3511 0.6557 0.0175
vt 0.2129 0.9018
vn 0.8494 0.2969 0.4364
v -0.3735 0.6598 0.0584
vt 0.2063 0.9038
vn 0.5959 0.5959 0.5383
f 1096/1096/1096 1097/1097/1097 1098/1098/1098 1099/1099/1099
v -0.3735 0.5676 0.0584
vt 0.2082 0.8363
vn 0.5959 -0.5959 0.5383
v -0.3776 0.5452 0.0175
vt 0.2070 0.8297
vn 0.2969 -0.8494 0.4364
v -0.3511 0.5717 0.0175
vt 0.2148 0.8375
vn 0.8494 -0.2969 0.4364
f 1100/1100/1100 1101/1101/1101 1102/1102/1102
v -0.5868 0.6822 0.0175
vt 0.1436 0.8989
vn -0.2969 0.8494 0.4364
v -0.6133 0.6557 0.0175
vt 0.1358 0.8911
vn -0.8494 0.2969 0.4364
v -0.5909 0.6598 0.0584
vt 0.1424 0.8923
vn -0.5959 0.5959 0.5383
f 1103/1103/1103 1104/1104/1104 1105/1105/1105
v -0.3511 0.6557 0.0175
vt 0.2129 0.9224
vn 0.8494 0.2969 0.4364
v -0.3776 0.6822 0.0175
vt 0.2051 0.9302
vn 0.2969 0.8494 0.4364
v -0.3735 0.6598 0.0584
vt 0.2063 0.9236
vn 0.5959 0.5959 0.5383
f 1106/1106/1106 1107/1107/1107 1108/1108/1108
v 0.2240 0.9490 0.0584
vt 0.1445 0.8205
vn -0.5959 -0.5959 0.5383
v 0.2281 0.9265 0.0175
vt 0.1457 0.8139
vn -0.2969 -0.8494 0.4364
v 0.4373 0.9265 0.0175
vt 0.2072 0.8139
vn 0.2969 -0.8494 0.4364
v 0.4414 0.9490 0.0584
vt 0.2084 0.8205
vn 0.5959 -0.5959 0.5383
f 1109/1109/1109 1110/1110/1110 1111/1111/1111 1112/1112/1112
v -0.5909 0.6598 0.0584
vt 0.1424 0.8882
vn 0.0000 0.0000 1.0000
v -0.5909 0.5676 0.0584
vt 0.1424 0.8406
vn 0.0000 0.0000 1.0000
v -0.4720 0.5676 0.0584
vt 0.1774 0.8406
vn 0.0000 0.0000 1.0000
v -0.4390 0.6006 0.0584
vt 0.1871 0.8398
vn 0.0000 0.0000 1.0000
f 1113/1113/1113 1114/1114/1114 1115/1115/1115 1116/1116/1116
v -0.4401 0.5518 0.0295
vt 0.1886 0.7968
vn 0.0000 -0.8768 0.4809
v -0.4406 0.5452 0.0175
vt 0.1884 0.8141
vn 0.0000 -0.8768 0.4809
v -0.3776 0.5452 0.0175
vt 0.2070 0.8141
vn 0.2969 -0.8494 0.4364
f 1117/1117/1117 1118/1118/1118 1119/1119/1119
v -0.5868 0.5452 0.0175
vt 0.1455 0.8141
vn -0.2969 -0.8494 0.4364
v -0.4406 0.5452 0.0175
vt 0.1884 0.8141
vn 0.0000 -0.8768 0.4809
v -0.4401 0.5518 0.0295
vt 0.1886 0.7968
vn 0.0000 -0.8768 0.4809
f 1120/1120/1120 1121/1121/1121 1122/1122/1122
v -0.4390 0.6006 0.0584
vt 0.1871 0.8126
vn 0.4601 -0.4601 0.7593
v -0.4720 0.5676 0.0584
vt 0.1774 0.8134
vn 0.4601 -0.4601 0.7593
v -0.4401 0.5518 0.0295
vt 0.1867 0.7864
vn 0.4601 -0.4601 0.7593
f 1123/1123/1123 1124/1124/1124 1125/1125/1125
v -0.3735 0.6598 0.0584
vt 0.2063 0.9079
vn 0.5959 0.5959 0.5383
v -0.3776 0.6822 0.0175
vt 0.2051 0.9145
vn 0.2969 0.8494 0.4364
v -0.5868 0.6822 0.0175
vt 0.1436 0.9145
vn -0.2969 0.8494 0.4364
v -0.5909 0.6598 0.0584
vt 0.1424 0.9079
vn -0.5959 0.5959 0.5383
f 1126/1126/1126 1127/1127/1127 1128/1128/1128 1129/1129/1129
v -0.3735 0.5676 0.0584
vt 0.2063 0.8406
vn 0.0000 0.0000 1.0000
v -0.3735 0.6598 0.0584
vt 0.2063 0.8882
vn 0.0000 0.0000 1.0000
v -0.4390 0.6006 0.0584
vt 0.1871 0.8398
vn 0.0000 0.0000 1.0000
v -0.4060 0.5676 0.0584
vt 0.1968 0.8406
vn 0.0000 0.0000 1.0000
f 1130/1130/1130 1131/1131/1131 1132/1132/1132 1133/1133/1133
v -0.5909 0.5676 0.0584
vt 0.1443 0.8207
vn -0.5959 -0.5959 0.5383
v -0.5868 0.5452 0.0175
vt 0.1455 0.8141
vn -0.2969 -0.8494 0.4364
v -0.4401 0.5518 0.0295
vt 0.1886 0.7968
vn 0.0000 -0.8768 0.4809
v -0.4720 0.5676 0.0584
vt 0.1792 0.8207
vn 0.0000 -0.8768 0.4809
f 1134/1134/1134 1135/1135/1135 1136/1136/1136 1137/1137/1137
v -0.4060 0.5676 0.0584
vt 0.1986 0.8207
vn 0.0000 -0.8768 0.4809
v -0.4401 0.5518 0.0295
vt 0.1886 0.7968
vn 0.0000 -0.8768 0.4809
v -0.3776 0.5452 0.0175
vt 0.2070 0.8141
vn 0.2969 -0.8494 0.4364
v -0.3735 0.5676 0.0584
vt 0.2082 0.8207
vn 0.5959 -0.5959 0.5383
f 1138/1138/1138 1139/1139/1139 1140/1140/1140 1141/1141/1141
v -0.5909 0.6598 0.0584
vt 0.1424 0.8882
vn 0.0000 0.0000 1.0000
v -0.4390 0.6006 0.0584
vt 0.1871 0.8398
vn 0.0000 0.0000 1.0000
v -0.3735 0.6598 0.0584
vt 0.2063 0.8882
vn 0.0000 0.0000 1.0000
f 1142/1142/1142 1143/1143/1143 1144/1144/1144
v 0.5511 0.8043 0.0584
vt 0.2068 0.8404
vn 0.0000 0.0000 1.0000
v 0.5511 0.8964 0.0584
vt 0.2068 0.8881
vn 0.0000 0.0000 1.0000
v 0.3337 0.8964 0.0584
vt 0.1430 0.8881
vn 0.0000 0.0000 1.0000
v 0.3337 0.8043 0.0584
vt 0.1430 0.8404
vn 0.0000 0.0000 1.0000
f 1145/1145/1145 1146/1146/1146 1147/1147/1147 1148/1148/1148
v 0.3337 0.8043 0.0584
vt 0.1430 0.8248
vn -0.5959 -0.5959 0.5383
v 0.3337 0.8964 0.0584
vt 0.1430 0.8724
vn -0.5959 0.5959 0.5383
v 0.3112 0.8924 0.0175
vt 0.1364 0.8704
vn -0.8494 0.2969 0.4364
v 0.3112 0.8084 0.0175
vt 0.1364 0.8268
vn -0.8494 -0.2969 0.4364
f 1149/1149/1149 1150/1150/1150 1151/1151/1151 1152/1152/1152
v 0.5511 0.8043 0.0584
vt 0.2087 0.8206
vn 0.5959 -0.5959 0.5383
v 0.3337 0.8043 0.0584
vt 0.1448 0.8206
vn -0.5959 -0.5959 0.5383
v 0.3378 0.7818 0.0175
vt 0.1460 0.8140
vn -0.2969 -0.8494 0.4364
v 0.5470 0.7818 0.0175
vt 0.2075 0.8140
vn 0.2969 -0.8494 0.4364
f 1153/1153/1153 1154/1154/1154 1155/1155/1155 1156/1156/1156
v 0.5511 0.8964 0.0584
vt 0.2068 0.9037
vn 0.5959 0.5959 0.5383
v 0.5511 0.8043 0.0584
vt 0.2068 0.8561
vn 0.5959 -0.5959 0.5383
v 0.5735 0.8084 0.0175
vt 0.2134 0.8581
vn 0.8494 -0.2969 0.4364
v 0.5735 0.8924 0.0175
vt 0.2134 0.9017
vn 0.8494 0.2969 0.4364
f 1157/1157/1157 1158/1158/1158 1159/1159/1159 1160/1160/1160
v 0.3337 0.8964 0.0584
vt 0.1430 0.9079
vn -0.5959 0.5959 0.5383
v 0.5511 0.8964 0.0584
vt 0.2068 0.9079
vn 0.5959 0.5959 0.5383
v 0.5470 0.9189 0.0175
vt 0.2057 0.9145
vn 0.2969 0.8494 0.4364
v 0.3378 0.9189 0.0175
vt 0.1442 0.9145
vn -0.2969 0.8494 0.4364
f 1161/1161/1161 1162/1162/1162 1163/1163/1163 1164/1164/1164
v 0.3378 0.7818 0.0175
vt 0.1460 0.7984
vn -0.2969 -0.8494 0.4364
v 0.3337 0.8043 0.0584
vt 0.1448 0.8050
vn -0.5959 -0.5959 0.5383
v 0.3112 0.8084 0.0175
vt 0.1382 0.8062
vn -0.8494 -0.2969 0.4364
f 1165/1165/1165 1166/1166/1166 1167/1167/1167
v 0.3337 0.8964 0.0584
vt 0.1430 0.8922
vn -0.5959 0.5959 0.5383
v 0.3378 0.9189 0.0175
vt 0.1442 0.8988
vn -0.2969 0.8494 0.4364
v 0.3112 0.8924 0.0175
vt 0.1364 0.8910
vn -0.8494 0.2969 0.4364
f 1168/1168/1168 1169/1169/1169 1170/1170/1170
v 0.5735 0.8084 0.0175
vt 0.2153 0.8374
vn 0.8494 -0.2969 0.4364
v 0.5511 0.8043 0.0584
vt 0.2087 0.8362
vn 0.5959 -0.5959 0.5383
v 0.5470 0.7818 0.0175
vt 0.2075 0.8296
vn 0.2969 -0.8494 0.4364
f 1171/1171/1171 1172/1172/1172 1173/1173/1173
v 0.5511 0.8964 0.0584
vt 0.2068 0.9235
vn 0.5959 0.5959 0.5383
v 0.5735 0.8924 0.0175
vt 0.2134 0.9223
vn 0.8494 0.2969 0.4364
v 0.5470 0.9189 0.0175
vt 0.2057 0.9301
vn 0.2969 0.8494 0.4364
f 1174/1174/1174 1175/1175/1175 1176/1176/1176
v 0.2717 0.8043 0.0584
vt 0.2068 0.8404
vn 0.0000 0.0000 1.0000
v 0.2717 0.8964 0.0584
vt 0.2068 0.8881
vn 0.0000 0.0000 1.0000
v 0.1157 0.8964 0.0584
vt 0.1430 0.8881
vn 0.0000 0.0000 1.0000
v 0.1157 0.8043 0.0584
vt 0.1430 0.8404
vn 0.0000 0.0000 1.0000
f 1177/1177/1177 1178/1178/1178 1179/1179/1179 1180/1180/1180
v 0.1157 0.8043 0.0584
vt 0.1430 0.8248
vn -0.5959 -0.5959 0.5383
v 0.1157 0.8964 0.0584
vt 0.1430 0.8724
vn -0.5959 0.5959 0.5383
v 0.0933 0.8924 0.0175
vt 0.1364 0.8704
vn -0.8494 0.2969 0.4364
v 0.0933 0.8084 0.0175
vt 0.1364 0.8268
vn -0.8494 -0.2969 0.4364
f 1181/1181/1181 1182/1182/1182 1183/1183/1183 1184/1184/1184
v 0.2717 0.8043 0.0584
vt 0.2087 0.8206
vn 0.5959 -0.5959 0.5383
v 0.1157 0.8043 0.0584
vt 0.1448 0.8206
vn -0.5959 -0.5959 0.5383
v 0.1198 0.7818 0.0175
vt 0.1460 0.8140
vn -0.2969 -0.8494 0.4364
v 0.2676 0.7818 0.0175
vt 0.2075 0.8140
vn 0.2969 -0.8494 0.4364
f 1185/1185/1185 1186/1186/1186 1187/1187/1187 1188/1188/1188
v 0.2717 0.8964 0.0584
vt 0.2068 0.9037
vn 0.5959 0.5959 0.5383
v 0.2717 0.8043 0.0584
vt 0.2068 0.8561
vn 0.5959 -0.5959 0.5383
v 0.2941 0.8084 0.0175
vt 0.2134 0.8581
vn 0.8494 -0.2969 0.4364
v 0.2941 0.8924 0.0175
vt 0.2134 0.9017
vn 0.8494 0.2969 0.4364
f 1189/1189/1189 1190/1190/1190 1191/1191/1191 1192/1192/1192
v 0.1157 0.8964 0.0584
vt 0.1430 0.9079
vn -0.5959 0.5959 0.5383
v 0.2717 0.8964 0.0584
vt 0.2068 0.9079
vn 0.5959 0.5959 0.5383
v 0.2676 0.9189 0.0175
vt 0.2057 0.9145
vn 0.2969 0.8494 0.4364
v 0.1198 0.9189 0.0175
vt 0.1442 0.9145
vn -0.2969 0.8494 0.4364
f 1193/1193/1193 1194/1194/1194 1195/1195/1195 1196/1196/1196
v 0.1198 0.7818 0.0175
vt 0.1460 0.7984
vn -0.2969 -0.8494 0.4364
v 0.1157 0.8043 0.0584
vt 0.1448 0.8050
vn -0.5959 -0.5959 0.5383
v 0.0933 0.8084 0.0175
vt 0.1382 0.8062
vn -0.8494 -0.2969 0.4364
f 1197/1197/1197 1198/1198/1198 1199/1199/1199
v 0.1157 0.8964 0.0584
vt 0.1430 0.8922
vn -0.5959 0.5959 0.5383
v 0.1198 0.9189 0.0175
vt 0.1442 0.8988
vn -0.2969 0.8494 0.4364
v 0.0933 0.8924 0.0175
vt 0.1364 0.8910
vn -0.8494 0.2969 0.4364
f 1200/1200/1200 1201/1201/1201 1202/1202/1202
v 0.2941 0.8084 0.0175
vt 0.2153 0.8374
vn 0.8494 -0.2969 0.4364
v 0.2717 0.8043 0.0584
vt 0.2087 0.8362
vn 0.5959 -0.5959 0.5383
v 0.2676 0.7818 0.0175
vt 0.2075 0.8296
vn 0.2969 -0.8494 0.4364
f 1203/1203/1203 1204/1204/1204 1205/1205/1205
v 0.2717 0.8964 0.0584
vt 0.2068 0.9235
vn 0.5959 0.5959 0.5383
v 0.2941 0.8924 0.0175
vt 0.2134 0.9223
vn 0.8494 0.2969 0.4364
v 0.2676 0.9189 0.0175
vt 0.2057 0.9301
vn 0.2969 0.8494 0.4364
f 1206/1206/1206 1207/1207/1207 1208/1208/1208
v 0.5381 0.5056 0.0584
vt 0.2068 0.8404
vn 0.0000 0.0000 1.0000
v 0.5381 0.5977 0.0584
vt 0.2068 0.8881
vn 0.0000 0.0000 1.0000
v 0.3208 0.5977 0.0584
vt 0.1430 0.8881
vn 0.0000 0.0000 1.0000
v 0.3208 0.5056 0.0584
vt 0.1430 0.8404
vn 0.0000 0.0000 1.0000
f 1209/1209/1209 1210/1210/1210 1211/1211/1211 1212/1212/1212
v 0.3208 0.5056 0.0584
vt 0.1430 0.8248
vn -0.5959 -0.5959 0.5383
v 0.3208 0.5977 0.0584
vt 0.1430 0.8724
vn -0.5959 0.5959 0.5383
v 0.2983 0.5936 0.0175
vt 0.1364 0.8704
vn -0.8494 0.2969 0.4364
v 0.2983 0.5097 0.0175
vt 0.1364 0.8268
vn -0.8494 -0.2969 0.4364
f 1213/1213/1213 1214/1214/1214 1215/1215/1215 1216/1216/1216
v 0.5381 0.5056 0.0584
vt 0.2087 0.8206
vn 0.5959 -0.5959 0.5383
v 0.3208 0.5056 0.0584
vt 0.1448 0.8206
vn -0.5959 -0.5959 0.5383
v 0.3248 0.4831 0.0175
vt 0.1460 0.8140
vn -0.2969 -0.8494 0.4364
v 0.5341 0.4831 0.0175
vt 0.2075 0.8140
vn 0.2969 -0.8494 0.4364
f 1217/1217/1217 1218/1218/1218 1219/1219/1219 1220/1220/1220
v 0.5381 0.5977 0.0584
vt 0.2068 0.9037
vn 0.5959 0.5959 0.5383
v 0.5381 0.5056 0.0584
vt 0.2068 0.8561
vn 0.5959 -0.5959 0.5383
v 0.5606 0.5097 0.0175
vt 0.2134 0.8581
vn 0.8494 -0.2969 0.4364
v 0.5606 0.5936 0.0175
vt 0.2134 0.9017
vn 0.8494 0.2969 0.4364
f 1221/1221/1221 1222/1222/1222 1223/1223/1223 1224/1224/1224
v 0.3208 0.5977 0.0584
vt 0.1430 0.9079
vn -0.5959 0.5959 0.5383
v 0.5381 0.5977 0.0584
vt 0.2068 0.9079
vn 0.5959 0.5959 0.5383
v 0.5341 0.6202 0.0175
vt 0.2057 0.9145
vn 0.2969 0.8494 0.4364
v 0.3248 0.6202 0.0175
vt 0.1442 0.9145
vn -0.2969 0.8494 0.4364
f 1225/1225/1225 1226/1226/1226 1227/1227/1227 1228/1228/1228
v 0.3248 0.4831 0.0175
vt 0.1460 0.7984
vn -0.2969 -0.8494 0.4364
v 0.3208 0.5056 0.0584
vt 0.1448 0.8050
vn -0.5959 -0.5959 0.5383
v 0.2983 0.5097 0.0175
vt 0.1382 0.8062
vn -0.8494 -0.2969 0.4364
f 1229/1229/1229 1230/1230/1230 1231/1231/1231
v 0.3208 0.5977 0.0584
vt 0.1430 0.8922
vn -0.5959 0.5959 0.5383
v 0.3248 0.6202 0.0175
vt 0.1442 0.8988
vn -0.2969 0.8494 0.4364
v 0.2983 0.5936 0.0175
vt 0.1364 0.8910
vn -0.8494 0.2969 0.4364
f 1232/1232/1232 1233/1233/1233 1234/1234/1234
v 0.5606 0.5097 0.0175
vt 0.2153 0.8374
vn 0.8494 -0.2969 0.4364
v 0.5381 0.5056 0.0584
vt 0.2087 0.8362
vn 0.5959 -0.5959 0.5383
v 0.5341 0.4831 0.0175
vt 0.2075 0.8296
vn 0.2969 -0.8494 0.4364
f 1235/1235/1235 1236/1236/1236 1237/1237/1237
v 0.5381 0.5977 0.0584
vt 0.2068 0.9235
vn 0.5959 0.5959 0.5383
v 0.5606 0.5936 0.0175
vt 0.2134 0.9223
vn 0.8494 0.2969 0.4364
v 0.5341 0.6202 0.0175
vt 0.2057 0.9301
vn 0.2969 0.8494 0.4364
f 1238/1238/1238 1239/1239/1239 1240/1240/1240
v 0.3682 0.3511 0.0584
vt 0.2068 0.8404
vn 0.0000 0.0000 1.0000
v 0.3682 0.4432 0.0584
vt 0.2068 0.8881
vn 0.0000 0.0000 1.0000
v 0.1508 0.4432 0.0584
vt 0.1430 0.8881
vn 0.0000 0.0000 1.0000
v 0.1508 0.3511 0.0584
vt 0.1430 0.8404
vn 0.0000 0.0000 1.0000
f 1241/1241/1241 1242/1242/1242 1243/1243/1243 1244/1244/1244
v 0.1508 0.3511 0.0584
vt 0.1430 0.8248
vn -0.5959 -0.5959 0.5383
v 0.1508 0.4432 0.0584
vt 0.1430 0.8724
vn -0.5959 0.5959 0.5383
v 0.1284 0.4391 0.0175
vt 0.1364 0.8704
vn -0.8494 0.2969 0.4364
v 0.1284 0.3552 0.0175
vt 0.1364 0.8268
vn -0.8494 -0.2969 0.4364
f 1245/1245/1245 1246/1246/1246 1247/1247/1247 1248/1248/1248
v 0.3682 0.3511 0.0584
vt 0.2087 0.8206
vn 0.5959 -0.5959 0.5383
v 0.1508 0.3511 0.0584
vt 0.1448 0.8206
vn -0.5959 -0.5959 0.5383
v 0.1549 0.3286 0.0175
vt 0.1460 0.8140
vn -0.2969 -0.8494 0.4364
v 0.3641 0.3286 0.0175
vt 0.2075 0.8140
vn 0.2969 -0.8494 0.4364
f 1249/1249/1249 1250/1250/1250 1251/1251/1251 1252/1252/1252
v 0.3682 0.4432 0.0584
vt 0.2068 0.9037
vn 0.5959 0.5959 0.5383
v 0.3682 0.3511 0.0584
vt 0.2068 0.8561
vn 0.5959 -0.5959 0.5383
v 0.3907 0.3552 0.0175
vt 0.2134 0.8581
vn 0.8494 -0.2969 0.4364
v 0.3907 0.4391 0.0175
vt 0.2134 0.9017
vn 0.8494 0.2969 0.4364
f 1253/1253/1253 1254/1254/1254 1255/1255/1255 1256/1256/1256
v 0.1508 0.4432 0.0584
vt 0.1430 0.9079
vn -0.5959 0.5959 0.5383
v 0.3682 0.4432 0.0584
vt 0.2068 0.9079
vn 0.5959 0.5959 0.5383
v 0.3641 0.4657 0.0175
vt 0.2057 0.9145
vn 0.2969 0.8494 0.4364
v 0.1549 0.4657 0.0175
vt 0.1442 0.9145
vn -0.2969 0.8494 0.4364
f 1257/1257/1257 1258/1258/1258 1259/1259/1259 1260/1260/1260
v 0.1549 0.3286 0.0175
vt 0.1460 0.7984
vn -0.2969 -0.8494 0.4364
v 0.1508 0.3511 0.0584
vt 0.1448 0.8050
vn -0.5959 -0.5959 0.5383
v 0.1284 0.3552 0.0175
vt 0.1382 0.8062
vn -0.8494 -0.2969 0.4364
f 1261/1261/1261 1262/1262/1262 1263/1263/1263
v 0.1508 0.4432 0.0584
vt 0.1430 0.8922
vn -0.5959 0.5959 0.5383
v 0.1549 0.4657 0.0175
vt 0.1442 0.8988
vn -0.2969 0.8494 0.4364
v 0.1284 0.4391 0.0175
vt 0.1364 0.8910
vn -0.8494 0.2969 0.4364
f 1264/1264/1264 1265/1265/1265 1266/1266/1266
v 0.3907 0.3552 0.0175
vt 0.2153 0.8374
vn 0.8494 -0.2969 0.4364
v 0.3682 0.3511 0.0584
vt 0.2087 0.8362
vn 0.5959 -0.5959 0.5383
v 0.3641 0.3286 0.0175
vt 0.2075 0.8296
vn 0.2969 -0.8494 0.4364
f 1267/1267/1267 1268/1268/1268 1269/1269/1269
v 0.3682 0.4432 0.0584
vt 0.2068 0.9235
vn 0.5959 0.5959 0.5383
v 0.3907 0.4391 0.0175
vt 0.2134 0.9223
vn 0.8494 0.2969 0.4364
v 0.3641 0.4657 0.0175
vt 0.2057 0.9301
vn 0.2969 0.8494 0.4364
f 1270/1270/1270 1271/1271/1271 1272/1272/1272
v -0.0921 0.5674 0.0584
vt 0.2068 0.8404
vn 0.0000 0.0000 1.0000
v -0.0921 0.6595 0.0584
vt 0.2068 0.8881
vn 0.0000 0.0000 1.0000
v -0.3095 0.6595 0.0584
vt 0.1430 0.8881
vn 0.0000 0.0000 1.0000
v -0.3095 0.5674 0.0584
vt 0.1430 0.8404
vn 0.0000 0.0000 1.0000
f 1273/1273/1273 1274/1274/1274 1275/1275/1275 1276/1276/1276
v -0.3095 0.5674 0.0584
vt 0.1430 0.8248
vn -0.5959 -0.5959 0.5383
v -0.3095 0.6595 0.0584
vt 0.1430 0.8724
vn -0.5959 0.5959 0.5383
v -0.3320 0.6554 0.0175
vt 0.1364 0.8704
vn -0.8494 0.2969 0.4364
v -0.3320 0.5714 0.0175
vt 0.1364 0.8268
vn -0.8494 -0.2969 0.4364
f 1277/1277/1277 1278/1278/1278 1279/1279/1279 1280/1280/1280
v -0.0921 0.5674 0.0584
vt 0.2087 0.8206
vn 0.5959 -0.5959 0.5383
v -0.3095 0.5674 0.0584
vt 0.1448 0.8206
vn -0.5959 -0.5959 0.5383
v -0.3054 0.5449 0.0175
vt 0.1460 0.8140
vn -0.2969 -0.8494 0.4364
v -0.0962 0.5449 0.0175
vt 0.2075 0.8140
vn 0.2969 -0.8494 0.4364
f 1281/1281/1281 1282/1282/1282 1283/1283/1283 1284/1284/1284
v -0.0921 0.6595 0.0584
vt 0.2068 0.9037
vn 0.5959 0.5959 0.5383
v -0.0921 0.5674 0.0584
vt 0.2068 0.8561
vn 0.5959 -0.5959 0.5383
v -0.0697 0.5714 0.0175
vt 0.2134 0.8581
vn 0.8494 -0.2969 0.4364
v -0.0697 0.6554 0.0175
vt 0.2134 0.9017
vn 0.8494 0.2969 0.4364
f 1285/1285/1285 1286/1286/1286 1287/1287/1287 1288/1288/1288
v -0.3095 0.6595 0.0584
vt 0.1430 0.9079
vn -0.5959 0.5959 0.5383
v -0.0921 0.6595 0.0584
vt 0.2068 0.9079
vn 0.5959 0.5959 0.5383
v -0.0962 0.6820 0.0175
vt 0.2057 0.9145
vn 0.2969 0.8494 0.4364
v -0.3054 0.6820 0.0175
vt 0.1442 0.9145
vn -0.2969 0.8494 0.4364
f 1289/1289/1289 1290/1290/1290 1291/1291/1291 1292/1292/1292
v -0.3054 0.5449 0.0175
vt 0.1460 0.7984
vn -0.2969 -0.8494 0.4364
v -0.3095 0.5674 0.0584
vt 0.1448 0.8050
vn -0.5959 -0.5959 0.5383
v -0.3320 0.5714 0.0175
vt 0.1382 0.8062
vn -0.8494 -0.2969 0.4364
f 1293/1293/1293 1294/1294/1294 1295/1295/1295
v -0.3095 0.6595 0.0584
vt 0.1430 0.8922
vn -0.5959 0.5959 0.5383
v -0.3054 0.6820 0.0175
vt 0.1442 0.8988
vn -0.2969 0.8494 0.4364
v -0.3320 0.6554 0.0175
vt 0.1364 0.8910
vn -0.8494 0.2969 0.4364
f 1296/1296/1296 1297/1297/1297 1298/1298/1298
v -0.0697 0.5714 0.0175
vt 0.2153 0.8374
vn 0.8494 -0.2969 0.4364
v -0.0921 0.5674 0.0584
vt 0.2087 0.8362
vn 0.5959 -0.5959 0.5383
v -0.0962 0.5449 0.0175
vt 0.2075 0.8296
vn 0.2969 -0.8494 0.4364
f 1299/1299/1299 1300/1300/1300 1301/1301/1301
v -0.0921 0.6595 0.0584
vt 0.2068 0.9235
vn 0.5959 0.5959 0.5383
v -0.0697 0.6554 0.0175
vt 0.2134 0.9223
vn 0.8494 0.2969 0.4364
v -0.0962 0.6820 0.0175
vt 0.2057 0.9301
vn 0.2969 0.8494 0.4364
f 1302/1302/1302 1303/1303/1303 1304/1304/1304
v -0.2601 0.4225 0.0584
vt 0.2068 0.8404
vn 0.0000 0.0000 1.0000
v -0.2601 0.5147 0.0584
vt 0.2068 0.8881
vn 0.0000 0.0000 1.0000
v -0.4775 0.5147 0.0584
vt 0.1430 0.8881
vn 0.0000 0.0000 1.0000
v -0.4775 0.4225 0.0584
vt 0.1430 0.8404
vn 0.0000 0.0000 1.0000
f 1305/1305/1305 1306/1306/1306 1307/1307/1307 1308/1308/1308
v -0.4775 0.4225 0.0584
vt 0.1430 0.8248
vn -0.5959 -0.5959 0.5383
v -0.4775 0.5147 0.0584
vt 0.1430 0.8724
vn -0.5959 0.5959 0.5383
v -0.5000 0.5106 0.0175
vt 0.1364 0.8704
vn -0.8494 0.2969 0.4364
v -0.5000 0.4266 0.0175
vt 0.1364 0.8268
vn -0.8494 -0.2969 0.4364
f 1309/1309/1309 1310/1310/1310 1311/1311/1311 1312/1312/1312
v -0.2601 0.4225 0.0584
vt 0.2087 0.8206
vn 0.5959 -0.5959 0.5383
v -0.4775 0.4225 0.0584
vt 0.1448 0.8206
vn -0.5959 -0.5959 0.5383
v -0.4734 0.4001 0.0175
vt 0.1460 0.8140
vn -0.2969 -0.8494 0.4364
v -0.2642 0.4001 0.0175
vt 0.2075 0.8140
vn 0.2969 -0.8494 0.4364
f 1313/1313/1313 1314/1314/1314 1315/1315/1315 1316/1316/1316
v -0.2601 0.5147 0.0584
vt 0.2068 0.9037
vn 0.5959 0.5959 0.5383
v -0.2601 0.4225 0.0584
vt 0.2068 0.8561
vn 0.5959 -0.5959 0.5383
v -0.2377 0.4266 0.0175
vt 0.2134 0.8581
vn 0.8494 -0.2969 0.4364
v -0.2377 0.5106 0.0175
vt 0.2134 0.9017
vn 0.8494 0.2969 0.4364
f 1317/1317/1317 1318/1318/1318 1319/1319/1319 1320/1320/1320
v -0.4775 0.5147 0.0584
vt 0.1430 0.9079
vn -0.5959 0.5959 0.5383
v -0.2601 0.5147 0.0584
vt 0.2068 0.9079
vn 0.5959 0.5959 0.5383
v -0.2642 0.5371 0.0175
vt 0.2057 0.9145
vn 0.2969 0.8494 0.4364
v -0.4734 0.5371 0.0175
vt 0.1442 0.9145
vn -0.2969 0.8494 0.4364
f 1321/1321/1321 1322/1322/1322 1323/1323/1323 1324/1324/1324
v -0.4734 0.4001 0.0175
vt 0.1460 0.7984
vn -0.2969 -0.8494 0.4364
v -0.4775 0.4225 0.0584
vt 0.1448 0.8050
vn -0.5959 -0.5959 0.5383
v -0.5000 0.4266 0.0175
vt 0.1382 0.8062
vn -0.8494 -0.2969 0.4364
f 1325/1325/1325 1326/1326/1326 1327/1327/1327
v -0.4775 0.5147 0.0584
vt 0.1430 0.8922
vn -0.5959 0.5959 0.5383
v -0.4734 0.5371 0.0175
vt 0.1442 0.8988
vn -0.2969 0.8494 0.4364
v -0.5000 0.5106 0.0175
vt 0.1364 0.8910
vn -0.8494 0.2969 0.4364
f 1328/1328/1328 1329/1329/1329 1330/1330/1330
v -0.2377 0.4266 0.0175
vt 0.2153 0.8374
vn 0.8494 -0.2969 0.4364
v -0.2601 0.4225 0.0584
vt 0.2087 0.8362
vn 0.5959 -0.5959 0.5383
v -0.2642 0.4001 0.0175
vt 0.2075 0.8296
vn 0.2969 -0.8494 0.4364
f 1331/1331/1331 1332/1332/1332 1333/1333/1333
v -0.2601 0.5147 0.0584
vt 0.2068 0.9235
vn 0.5959 0.5959 0.5383
v -0.2377 0.5106 0.0175
vt 0.2134 0.9223
vn 0.8494 0.2969 0.4364
v -0.2642 0.5371 0.0175
vt 0.2057 0.9301
vn 0.2969 0.8494 0.4364
f 1334/1334/1334 1335/1335/1335 1336/1336/1336
v 0.1829 1.0553 -0.0584
vt 0.2068 0.8404
vn -0.0000 -0.0000 -1.0000
v 0.1829 1.1475 -0.0584
vt 0.2068 0.8881
vn -0.0000 -0.0000 -1.0000
v 0.4003 1.1475 -0.0584
vt 0.1430 0.8881
vn -0.0000 -0.0000 -1.0000
v 0.4003 1.0553 -0.0584
vt 0.1430 0.8404
vn -0.0000 -0.0000 -1.0000
f 1337/1337/1337 1338/1338/1338 1339/1339/1339 1340/1340/1340
v 0.4003 1.0553 -0.0584
vt 0.1430 0.8248
vn 0.5959 -0.5959 -0.5383
v 0.4003 1.1475 -0.0584
vt 0.1430 0.8724
vn 0.5959 0.5959 -0.5383
v 0.4227 1.1434 -0.0175
vt 0.1364 0.8704
vn 0.8494 0.2969 -0.4364
v 0.4227 1.0594 -0.0175
vt 0.1364 0.8268
vn 0.8494 -0.2969 -0.4364
f 1341/1341/1341 1342/1342/1342 1343/1343/1343 1344/1344/1344
v 0.1829 1.0553 -0.0584
vt 0.2087 0.8206
vn -0.5959 -0.5959 -0.5383
v 0.4003 1.0553 -0.0584
vt 0.1448 0.8206
vn 0.5959 -0.5959 -0.5383
v 0.3962 1.0329 -0.0175
vt 0.1460 0.8140
vn 0.2969 -0.8494 -0.4364
v 0.1870 1.0329 -0.0175
vt 0.2075 0.8140
vn -0.2969 -0.8494 -0.4364
f 1345/1345/1345 1346/1346/1346 1347/1347/1347 1348/1348/1348
v 0.1829 1.1475 -0.0584
vt 0.2068 0.9037
vn -0.5959 0.5959 -0.5383
v 0.1829 1.0553 -0.0584
vt 0.2068 0.8561
vn -0.5959 -0.5959 -0.5383
v 0.1604 1.0594 -0.0175
vt 0.2134 0.8581
vn -0.8494 -0.2969 -0.4364
v 0.1604 1.1434 -0.0175
vt 0.2134 0.9017
vn -0.8494 0.2969 -0.4364
f 1349/1349/1349 1350/1350/1350 1351/1351/1351 1352/1352/1352
v 0.4003 1.1475 -0.0584
vt 0.1430 0.9079
vn 0.5959 0.5959 -0.5383
v 0.1829 1.1475 -0.0584
vt 0.2068 0.9079
vn -0.5959 0.5959 -0.5383
v 0.1870 1.1699 -0.0175
vt 0.2057 0.9145
vn -0.2969 0.8494 -0.4364
v 0.3962 1.1699 -0.0175
vt 0.1442 0.9145
vn 0.2969 0.8494 -0.4364
f 1353/1353/1353 1354/1354/1354 1355/1355/1355 1356/1356/1356
v 0.3962 1.0329 -0.0175
vt 0.1460 0.7984
vn 0.2969 -0.8494 -0.4364
v 0.4003 1.0553 -0.0584
vt 0.1448 0.8050
vn 0.5959 -0.5959 -0.5383
v 0.4227 1.0594 -0.0175
vt 0.1382 0.8062
vn 0.8494 -0.2969 -0.4364
f 1357/1357/1357 1358/1358/1358 1359/1359/1359
v 0.4003 1.1475 -0.0584
vt 0.1430 0.8922
vn 0.5959 0.5959 -0.5383
v 0.3962 1.1699 -0.0175
vt 0.1442 0.8988
vn 0.2969 0.8494 -0.4364
v 0.4227 1.1434 -0.0175
vt 0.1364 0.8910
vn 0.8494 0.2969 -0.4364
f 1360/1360/1360 1361/1361/1361 1362/1362/1362
v 0.1604 1.0594 -0.0175
vt 0.2153 0.8374
vn -0.8494 -0.2969 -0.4364
v 0.1829 1.0553 -0.0584
vt 0.2087 0.8362
vn -0.5959 -0.5959 -0.5383
v 0.1870 1.0329 -0.0175
vt 0.2075 0.8296
vn -0.2969 -0.8494 -0.4364
f 1363/1363/1363 1364/1364/1364 1365/1365/1365
v 0.1829 1.1475 -0.0584
vt 0.2068 0.9235
vn -0.5959 0.5959 -0.5383
v 0.1604 1.1434 -0.0175
vt 0.2134 0.9223
vn -0.8494 0.2969 -0.4364
v 0.1870 1.1699 -0.0175
vt 0.2057 0.9301
vn -0.2969 0.8494 -0.4364
f 1366/1366/1366 1367/1367/1367 1368/1368/1368
v -0.2565 1.0411 -0.0584
vt 0.1522 0.8609
vn -0.4476 0.4476 -0.7741
v -0.2895 1.0081 -0.0584
vt 0.1619 0.8254
vn -0.4476 0.4476 -0.7741
v -0.2906 1.0570 -0.0295
vt 0.1623 0.8495
vn -0.4476 0.4476 -0.7741
f 1369/1369/1369 1370/1370/1370 1371/1371/1371
v -0.4414 1.0411 -0.0584
vt 0.2065 0.9234
vn -0.5959 0.5959 -0.5383
v -0.4638 1.0370 -0.0175
vt 0.2131 0.9223
vn -0.8494 0.2969 -0.4364
v -0.4373 1.0636 -0.0175
vt 0.2054 0.9301
vn -0.2969 0.8494 -0.4364
f 1372/1372/1372 1373/1373/1373 1374/1374/1374
v -0.4414 0.9490 -0.0584
vt 0.2065 0.8560
vn -0.5959 -0.5959 -0.5383
v -0.4638 0.9531 -0.0175
vt 0.2131 0.8580
vn -0.8494 -0.2969 -0.4364
v -0.4638 1.0370 -0.0175
vt 0.2131 0.9016
vn -0.8494 0.2969 -0.4364
v -0.4414 1.0411 -0.0584
vt 0.2065 0.9036
vn -0.5959 0.5959 -0.5383
f 1375/1375/1375 1376/1376/1376 1377/1377/1377 1378/1378/1378
v -0.2240 1.0411 -0.0584
vt 0.1427 0.8724
vn 0.5959 0.5959 -0.5383
v -0.2016 1.0370 -0.0175
vt 0.1361 0.8704
vn 0.8494 0.2969 -0.4364
v -0.2016 0.9531 -0.0175
vt 0.1361 0.8268
vn 0.8494 -0.2969 -0.4364
v -0.2240 0.9490 -0.0584
vt 0.1427 0.8247
vn 0.5959 -0.5959 -0.5383
f 1379/1379/1379 1380/1380/1380 1381/1381/1381 1382/1382/1382
v -0.2240 1.0411 -0.0584
vt 0.1427 0.8922
vn 0.5959 0.5959 -0.5383
v -0.2281 1.0636 -0.0175
vt 0.1439 0.8988
vn 0.2969 0.8494 -0.4364
v -0.2016 1.0370 -0.0175
vt 0.1361 0.8910
vn 0.8494 0.2969 -0.4364
f 1383/1383/1383 1384/1384/1384 1385/1385/1385
v -0.4373 0.9265 -0.0175
vt 0.2072 0.8296
vn -0.2969 -0.8494 -0.4364
v -0.4638 0.9531 -0.0175
vt 0.2150 0.8374
vn -0.8494 -0.2969 -0.4364
v -0.4414 0.9490 -0.0584
vt 0.2084 0.8362
vn -0.5959 -0.5959 -0.5383
f 1386/1386/1386 1387/1387/1387 1388/1388/1388
v -0.2016 0.9531 -0.0175
vt 0.1379 0.8061
vn 0.8494 -0.2969 -0.4364
v -0.2281 0.9265 -0.0175
vt 0.1457 0.7983
vn 0.2969 -0.8494 -0.4364
v -0.2240 0.9490 -0.0584
vt 0.1445 0.8049
vn 0.5959 -0.5959 -0.5383
f 1389/1389/1389 1390/1390/1390 1391/1391/1391
v -0.4414 0.9490 -0.0584
vt 0.2065 0.8404
vn -0.0000 -0.0000 -1.0000
v -0.2895 1.0081 -0.0584
vt 0.1619 0.8525
vn -0.0000 -0.0000 -1.0000
v -0.2240 0.9490 -0.0584
vt 0.1427 0.8404
vn -0.0000 -0.0000 -1.0000
f 1392/1392/1392 1393/1393/1393 1394/1394/1394
v -0.4414 0.9490 -0.0584
vt 0.2065 0.8404
vn -0.0000 -0.0000 -1.0000
v -0.4414 1.0411 -0.0584
vt 0.2065 0.8880
vn -0.0000 -0.0000 -1.0000
v -0.3225 1.0411 -0.0584
vt 0.1716 0.8880
vn -0.0000 -0.0000 -1.0000
v -0.2895 1.0081 -0.0584
vt 0.1619 0.8525
vn -0.0000 -0.0000 -1.0000
f 1395/1395/1395 1396/1396/1396 1397/1397/1397 1398/1398/1398
v -0.2906 1.0570 -0.0295
vt 0.1623 0.8933
vn 0.0000 0.8768 -0.4809
v -0.2911 1.0636 -0.0175
vt 0.1624 0.9144
vn 0.0000 0.8768 -0.4809
v -0.2281 1.0636 -0.0175
vt 0.1439 0.9144
vn 0.2969 0.8494 -0.4364
f 1399/1399/1399 1400/1400/1400 1401/1401/1401
v -0.4373 1.0636 -0.0175
vt 0.2054 0.9144
vn -0.2969 0.8494 -0.4364
v -0.2911 1.0636 -0.0175
vt 0.1624 0.9144
vn 0.0000 0.8768 -0.4809
v -0.2906 1.0570 -0.0295
vt 0.1623 0.8933
vn 0.0000 0.8768 -0.4809
f 1402/1402/1402 1403/1403/1403 1404/1404/1404
v -0.2895 1.0081 -0.0584
vt 0.1619 0.8447
vn 0.4601 0.4601 -0.7593
v -0.3225 1.0411 -0.0584
vt 0.1716 0.8802
vn 0.4601 0.4601 -0.7593
v -0.2906 1.0570 -0.0295
vt 0.1623 0.8689
vn 0.4601 0.4601 -0.7593
f 1405/1405/1405 1406/1406/1406 1407/1407/1407
v -0.2240 1.0411 -0.0584
vt 0.1427 0.8880
vn -0.0000 -0.0000 -1.0000
v -0.2240 0.9490 -0.0584
vt 0.1427 0.8404
vn -0.0000 -0.0000 -1.0000
v -0.2895 1.0081 -0.0584
vt 0.1619 0.8525
vn -0.0000 -0.0000 -1.0000
v -0.2565 1.0411 -0.0584
vt 0.1522 0.8880
vn -0.0000 -0.0000 -1.0000
f 1408/1408/1408 1409/1409/1409 1410/1410/1410 1411/1411/1411
v -0.4414 1.0411 -0.0584
vt 0.2065 0.9078
vn -0.5959 0.5959 -0.5383
v -0.4373 1.0636 -0.0175
vt 0.2054 0.9144
vn -0.2969 0.8494 -0.4364
v -0.2906 1.0570 -0.0295
vt 0.1623 0.8933
vn 0.0000 0.8768 -0.4809
v -0.3225 1.0411 -0.0584
vt 0.1716 0.9078
vn 0.0000 0.8768 -0.4809
f 1412/1412/1412 1413/1413/1413 1414/1414/1414 1415/1415/1415
v -0.2565 1.0411 -0.0584
vt 0.1522 0.9078
vn 0.0000 0.8768 -0.4809
v -0.2906 1.0570 -0.0295
vt 0.1623 0.8933
vn 0.0000 0.8768 -0.4809
v -0.2281 1.0636 -0.0175
vt 0.1439 0.9144
vn 0.2969 0.8494 -0.4364
v -0.2240 1.0411 -0.0584
vt 0.1427 0.9078
vn 0.5959 0.5959 -0.5383
f 1416/1416/1416 1417/1417/1417 1418/1418/1418 1419/1419/1419
v 0.4060 0.5676 -0.0584
vt 0.1968 0.8328
vn 0.4476 -0.4476 -0.7741
v 0.4390 0.6006 -0.0584
vt 0.1871 0.8320
vn 0.4476 -0.4476 -0.7741
v 0.4401 0.5518 -0.0295
vt 0.1867 0.8058
vn 0.4476 -0.4476 -0.7741
f 1420/1420/1420 1421/1421/1421 1422/1422/1422
v 0.5909 0.5676 -0.0584
vt 0.1443 0.8050
vn 0.5959 -0.5959 -0.5383
v 0.6133 0.5717 -0.0175
vt 0.1377 0.8062
vn 0.8494 -0.2969 -0.4364
v 0.5868 0.5452 -0.0175
vt 0.1455 0.7984
vn 0.2969 -0.8494 -0.4364
f 1423/1423/1423 1424/1424/1424 1425/1425/1425
v 0.5909 0.6598 -0.0584
vt 0.1424 0.8726
vn 0.5959 0.5959 -0.5383
v 0.6133 0.6557 -0.0175
vt 0.1358 0.8706
vn 0.8494 0.2969 -0.4364
v 0.6133 0.5717 -0.0175
vt 0.1358 0.8270
vn 0.8494 -0.2969 -0.4364
v 0.5909 0.5676 -0.0584
vt 0.1424 0.8249
vn 0.5959 -0.5959 -0.5383
f 1426/1426/1426 1427/1427/1427 1428/1428/1428 1429/1429/1429
v 0.3735 0.5676 -0.0584
vt 0.2063 0.8562
vn -0.5959 -0.5959 -0.5383
v 0.3511 0.5717 -0.0175
vt 0.2129 0.8582
vn -0.8494 -0.2969 -0.4364
v 0.3511 0.6557 -0.0175
vt 0.2129 0.9018
vn -0.8494 0.2969 -0.4364
v 0.3735 0.6598 -0.0584
vt 0.2063 0.9038
vn -0.5959 0.5959 -0.5383
f 1430/1430/1430 1431/1431/1431 1432/1432/1432 1433/1433/1433
v 0.3735 0.5676 -0.0584
vt 0.2082 0.8363
vn -0.5959 -0.5959 -0.5383
v 0.3776 0.5452 -0.0175
vt 0.2070 0.8297
vn -0.2969 -0.8494 -0.4364
v 0.3511 0.5717 -0.0175
vt 0.2148 0.8375
vn -0.8494 -0.2969 -0.4364
f 1434/1434/1434 1435/1435/1435 1436/1436/1436
v 0.5868 0.6822 -0.0175
vt 0.1436 0.8989
vn 0.2969 0.8494 -0.4364
v 0.6133 0.6557 -0.0175
vt 0.1358 0.8911
vn 0.8494 0.2969 -0.4364
v 0.5909 0.6598 -0.0584
vt 0.1424 0.8923
vn 0.5959 0.5959 -0.5383
f 1437/1437/1437 1438/1438/1438 1439/1439/1439
v 0.3511 0.6557 -0.0175
vt 0.2129 0.9224
vn -0.8494 0.2969 -0.4364
v 0.3776 0.6822 -0.0175
vt 0.2051 0.9302
vn -0.2969 0.8494 -0.4364
v 0.3735 0.6598 -0.0584
vt 0.2063 0.9236
vn -0.5959 0.5959 -0.5383
f 1440/1440/1440 1441/1441/1441 1442/1442/1442
v -0.2240 0.9490 -0.0584
vt 0.1445 0.8205
vn 0.5959 -0.5959 -0.5383
v -0.2281 0.9265 -0.0175
vt 0.1457 0.8139
vn 0.2969 -0.8494 -0.4364
v -0.4373 0.9265 -0.0175
vt 0.2072 0.8139
vn -0.2969 -0.8494 -0.4364
v -0.4414 0.9490 -0.0584
vt 0.2084 0.8205
vn -0.5959 -0.5959 -0.5383
f 1443/1443/1443 1444/1444/1444 1445/1445/1445 1446/1446/1446
v 0.5909 0.6598 -0.0584
vt 0.1424 0.8882
vn -0.0000 -0.0000 -1.0000
v 0.5909 0.5676 -0.0584
vt 0.1424 0.8406
vn -0.0000 -0.0000 -1.0000
v 0.4720 0.5676 -0.0584
vt 0.1774 0.8406
vn -0.0000 -0.0000 -1.0000
v 0.4390 0.6006 -0.0584
vt 0.1871 0.8398
vn -0.0000 -0.0000 -1.0000
f 1447/1447/1447 1448/1448/1448 1449/1449/1449 1450/1450/1450
v 0.4401 0.5518 -0.0295
vt 0.1886 0.7968
vn 0.0000 -0.8768 -0.4809
v 0.4406 0.5452 -0.0175
vt 0.1884 0.8141
vn 0.0000 -0.8768 -0.4809
v 0.3776 0.5452 -0.0175
vt 0.2070 0.8141
vn -0.2969 -0.8494 -0.4364
f 1451/1451/1451 1452/1452/1452 1453/1453/1453
v 0.5868 0.5452 -0.0175
vt 0.1455 0.8141
vn 0.2969 -0.8494 -0.4364
v 0.4406 0.5452 -0.0175
vt 0.1884 0.8141
vn 0.0000 -0.8768 -0.4809
v 0.4401 0.5518 -0.0295
vt 0.1886 0.7968
vn 0.0000 -0.8768 -0.4809
f 1454/1454/1454 1455/1455/1455 1456/1456/1456
v 0.4390 0.6006 -0.0584
vt 0.1871 0.8126
vn -0.4601 -0.4601 -0.7593
v 0.4720 0.5676 -0.0584
vt 0.1774 0.8134
vn -0.4601 -0.4601 -0.7593
v 0.4401 0.5518 -0.0295
vt 0.1867 0.7864
vn -0.4601 -0.4601 -0.7593
f 1457/1457/1457 1458/1458/1458 1459/1459/1459
v 0.3735 0.6598 -0.0584
vt 0.2063 0.9079
vn -0.5959 0.5959 -0.5383
v 0.3776 0.6822 -0.0175
vt 0.2051 0.9145
vn -0.2969 0.8494 -0.4364
v 0.5868 0.6822 -0.0175
vt 0.1436 0.9145
vn 0.2969 0.8494 -0.4364
v 0.5909 0.6598 -0.0584
vt 0.1424 0.9079
vn 0.5959 0.5959 -0.5383
f 1460/1460/1460 1461/1461/1461 1462/1462/1462 1463/1463/1463
v 0.3735 0.5676 -0.0584
vt 0.2063 0.8406
vn -0.0000 -0.0000 -1.0000
v 0.3735 0.6598 -0.0584
vt 0.2063 0.8882
vn -0.0000 -0.0000 -1.0000
v 0.4390 0.6006 -0.0584
vt 0.1871 0.8398
vn -0.0000 -0.0000 -1.0000
v 0.4060 0.5676 -0.0584
vt 0.1968 0.8406
vn -0.0000 -0.0000 -1.0000
f 1464/1464/1464 1465/1465/1465 1466/1466/1466 1467/1467/1467
v 0.5909 0.5676 -0.0584
vt 0.1443 0.8207
vn 0.5959 -0.5959 -0.5383
v 0.5868 0.5452 -0.0175
vt 0.1455 0.8141
vn 0.2969 -0.8494 -0.4364
v 0.4401 0.5518 -0.0295
vt 0.1886 0.7968
vn 0.0000 -0.8768 -0.4809
v 0.4720 0.5676 -0.0584
vt 0.1792 0.8207
vn 0.0000 -0.8768 -0.4809
f 1468/1468/1468 1469/1469/1469 1470/1470/1470 1471/1471/1471
v 0.4060 0.5676 -0.0584
vt 0.1986 0.8207
vn 0.0000 -0.8768 -0.4809
v 0.4401 0.5518 -0.0295
vt 0.1886 0.7968
vn 0.0000 -0.8768 -0.4809
v 0.3776 0.5452 -0.0175
vt 0.2070 0.8141
vn -0.2969 -0.8494 -0.4364
v 0.3735 0.5676 -0.0584
vt 0.2082 0.8207
vn -0.5959 -0.5959 -0.5383
f 1472/1472/1472 1473/1473/1473 1474/1474/1474 1475/1475/1475
v 0.5909 0.6598 -0.0584
vt 0.1424 0.8882
vn -0.0000 -0.0000 -1.0000
v 0.4390 0.6006 -0.0584
vt 0.1871 0.8398
vn -0.0000 -0.0000 -1.0000
v 0.3735 0.6598 -0.0584
vt 0.2063 0.8882
vn -0.0000 -0.0000 -1.0000
f 1476/1476/1476 1477/1477/1477 1478/1478/1478
v -0.5511 0.8043 -0.0584
vt 0.2068 0.8404
vn -0.0000 -0.0000 -1.0000
v -0.5511 0.8964 -0.0584
vt 0.2068 0.8881
vn -0.0000 -0.0000 -1.0000
v -0.3337 0.8964 -0.0584
vt 0.1430 0.8881
vn -0.0000 -0.0000 -1.0000
v -0.3337 0.8043 -0.0584
vt 0.1430 0.8404
vn -0.0000 -0.0000 -1.0000
f 1479/1479/1479 1480/1480/1480 1481/1481/1481 1482/1482/1482
v -0.3337 0.8043 -0.0584
vt 0.1430 0.8248
vn 0.5959 -0.5959 -0.5383
v -0.3337 0.8964 -0.0584
vt 0.1430 0.8724
vn 0.5959 0.5959 -0.5383
v -0.3112 0.8924 -0.0175
vt 0.1364 0.8704
vn 0.8494 0.2969 -0.4364
v -0.3112 0.8084 -0.0175
vt 0.1364 0.8268
vn 0.8494 -0.2969 -0.4364
f 1483/1483/1483 1484/1484/1484 1485/1485/1485 1486/1486/1486
v -0.5511 0.8043 -0.0584
vt 0.2087 0.8206
vn -0.5959 -0.5959 -0.5383
v -0.3337 0.8043 -0.0584
vt 0.1448 0.8206
vn 0.5959 -0.5959 -0.5383
v -0.3378 0.7818 -0.0175
vt 0.1460 0.8140
vn 0.2969 -0.8494 -0.4364
v -0.5470 0.7818 -0.0175
vt 0.2075 0.8140
vn -0.2969 -0.8494 -0.4364
f 1487/1487/1487 1488/1488/1488 1489/1489/1489 1490/1490/1490
v -0.5511 0.8964 -0.0584
vt 0.2068 0.9037
vn -0.5959 0.5959 -0.5383
v -0.5511 0.8043 -0.0584
vt 0.2068 0.8561
vn -0.5959 -0.5959 -0.5383
v -0.5735 0.8084 -0.0175
vt 0.2134 0.8581
vn -0.8494 -0.2969 -0.4364
v -0.5735 0.8924 -0.0175
vt 0.2134 0.9017
vn -0.8494 0.2969 -0.4364
f 1491/1491/1491 1492/1492/1492 1493/1493/1493 1494/1494/1494
v -0.3337 0.8964 -0.0584
vt 0.1430 0.9079
vn 0.5959 0.5959 -0.5383
v -0.5511 0.8964 -0.0584
vt 0.2068 0.9079
vn -0.5959 0.5959 -0.5383
v -0.5470 0.9189 -0.0175
vt 0.2057 0.9145
vn -0.2969 0.8494 -0.4364
v -0.3378 0.9189 -0.0175
vt 0.1442 0.9145
vn 0.2969 0.8494 -0.4364
f 1495/1495/1495 1496/1496/1496 1497/1497/1497 1498/1498/1498
v -0.3378 0.7818 -0.0175
vt 0.1460 0.7984
vn 0.2969 -0.8494 -0.4364
v -0.3337 0.8043 -0.0584
vt 0.1448 0.8050
vn 0.5959 -0.5959 -0.5383
v -0.3112 0.8084 -0.0175
vt 0.1382 0.8062
vn 0.8494 -0.2969 -0.4364
f 1499/1499/1499 1500/1500/1500 1501/1501/1501
v -0.3337 0.8964 -0.0584
vt 0.1430 0.8922
vn 0.5959 0.5959 -0.5383
v -0.3378 0.9189 -0.0175
vt 0.1442 0.8988
vn 0.2969 0.8494 -0.4364
v -0.3112 0.8924 -0.0175
vt 0.1364 0.8910
vn 0.8494 0.2969 -0.4364
f 1502/1502/1502 1503/1503/1503 1504/1504/1504
v -0.5735 0.8084 -0.0175
vt 0.2153 0.8374
vn -0.8494 -0.2969 -0.4364
v -0.5511 0.8043 -0.0584
vt 0.2087 0.8362
vn -0.5959 -0.5959 -0.5383
v -0.5470 0.7818 -0.0175
vt 0.2075 0.8296
vn -0.2969 -0.8494 -0.4364
f 1505/1505/1505 1506/1506/1506 1507/1507/1507
v -0.5511 0.8964 -0.0584
vt 0.2068 0.9235
vn -0.5959 0.5959 -0.5383
v -0.5735 0.8924 -0.0175
vt 0.2134 0.9223
vn -0.8494 0.2969 -0.4364
v -0.5470 0.9189 -0.0175
vt 0.2057 0.9301
vn -0.2969 0.8494 -0.4364
f 1508/1508/1508 1509/1509/1509 1510/1510/1510
v -0.2717 0.8043 -0.0584
vt 0.2068 0.8404
vn -0.0000 -0.0000 -1.0000
v -0.2717 0.8964 -0.0584
vt 0.2068 0.8881
vn -0.0000 -0.0000 -1.0000
v -0.1157 0.8964 -0.0584
vt 0.1430 0.8881
vn -0.0000 -0.0000 -1.0000
v -0.1157 0.8043 -0.0584
vt 0.1430 0.8404
vn -0.0000 -0.0000 -1.0000
f 1511/1511/1511 1512/1512/1512 1513/1513/1513 1514/1514/1514
v -0.1157 0.8043 -0.0584
vt 0.1430 0.8248
vn 0.5959 -0.5959 -0.5383
v -0.1157 0.8964 -0.0584
vt 0.1430 0.8724
vn 0.5959 0.5959 -0.5383
v -0.0933 0.8924 -0.0175
vt 0.1364 0.8704
vn 0.8494 0.2969 -0.4364
v -0.0933 0.8084 -0.0175
vt 0.1364 0.8268
vn 0.8494 -0.2969 -0.4364
f 1515/1515/1515 1516/1516/1516 1517/1517/1517 1518/1518/1518
v -0.2717 0.8043 -0.0584
vt 0.2087 0.8206
vn -0.5959 -0.5959 -0.5383
v -0.1157 0.8043 -0.0584
vt 0.1448 0.8206
vn 0.5959 -0.5959 -0.5383
v -0.1198 0.7818 -0.0175
vt 0.1460 0.8140
vn 0.2969 -0.8494 -0.4364
v -0.2676 0.7818 -0.0175
vt 0.2075 0.8140
vn -0.2969 -0.8494 -0.4364
f 1519/1519/1519 1520/1520/1520 1521/1521/1521 1522/1522/1522
v -0.2717 0.8964 -0.0584
vt 0.2068 0.9037
vn -0.5959 0.5959 -0.5383
v -0.2717 0.8043 -0.0584
vt 0.2068 0.8561
vn -0.5959 -0.5959 -0.5383
v -0.2941 0.8084 -0.0175
vt 0.2134 0.8581
vn -0.8494 -0.2969 -0.4364
v -0.2941 0.8924 -0.0175
vt 0.2134 0.9017
vn -0.8494 0.2969 -0.4364
f 1523/1523/1523 1524/1524/1524 1525/1525/1525 1526/1526/1526
v -0.1157 0.8964 -0.0584
vt 0.1430 0.9079
vn 0.5959 0.5959 -0.5383
v -0.2717 0.8964 -0.0584
vt 0.2068 0.9079
vn -0.5959 0.5959 -0.5383
v -0.2676 0.9189 -0.0175
vt 0.2057 0.9145
vn -0.2969 0.8494 -0.4364
v -0.1198 0.9189 -0.0175
vt 0.1442 0.9145
vn 0.2969 0.8494 -0.4364
f 1527/1527/1527 1528/1528/1528 1529/1529/1529 1530/1530/1530
v -0.1198 0.7818 -0.0175
vt 0.1460 0.7984
vn 0.2969 -0.8494 -0.4364
v -0.1157 0.8043 -0.0584
vt 0.1448 0.8050
vn 0.5959 -0.5959 -0.5383
v -0.0933 0.8084 -0.0175
vt 0.1382 0.8062
vn 0.8494 -0.2969 -0.4364
f 1531/1531/1531 1532/1532/1532 1533/1533/1533
v -0.1157 0.8964 -0.0584
vt 0.1430 0.8922
vn 0.5959 0.5959 -0.5383
v -0.1198 0.9189 -0.0175
vt 0.1442 0.8988
vn 0.2969 0.8494 -0.4364
v -0.0933 0.8924 -0.0175
vt 0.1364 0.8910
vn 0.8494 0.2969 -0.4364
f 1534/1534/1534 1535/1535/1535 1536/1536/1536
v -0.2941 0.8084 -0.0175
vt 0.2153 0.8374
vn -0.8494 -0.2969 -0.4364
v -0.2717 0.8043 -0.0584
vt 0.2087 0.8362
vn -0.5959 -0.5959 -0.5383
v -0.2676 0.7818 -0.0175
vt 0.2075 0.8296
vn -0.2969 -0.8494 -0.4364
f 1537/1537/1537 1538/1538/1538 1539/1539/1539
v -0.2717 0.8964 -0.0584
vt 0.2068 0.9235
vn -0.5959 0.5959 -0.5383
v -0.2941 0.8924 -0.0175
vt 0.2134 0.9223
vn -0.8494 0.2969 -0.4364
v -0.2676 0.9189 -0.0175
vt 0.2057 0.9301
vn -0.2969 0.8494 -0.4364
f 1540/1540/1540 1541/1541/1541 1542/1542/1542
v -0.5381 0.5056 -0.0584
vt 0.2068 0.8404
vn -0.0000 -0.0000 -1.0000
v -0.5381 0.5977 -0.0584
vt 0.2068 0.8881
vn -0.0000 -0.0000 -1.0000
v -0.3208 0.5977 -0.0584
vt 0.1430 0.8881
vn -0.0000 -0.0000 -1.0000
v -0.3208 0.5056 -0.0584
vt 0.1430 0.8404
vn -0.0000 -0.0000 -1.0000
f 1543/1543/1543 1544/1544/1544 1545/1545/1545 1546/1546/1546
v -0.3208 0.5056 -0.0584
vt 0.1430 0.8248
vn 0.5959 -0.5959 -0.5383
v -0.3208 0.5977 -0.0584
vt 0.1430 0.8724
vn 0.5959 0.5959 -0.5383
v -0.2983 0.5936 -0.0175
vt 0.1364 0.8704
vn 0.8494 0.2969 -0.4364
v -0.2983 0.5097 -0.0175
vt 0.1364 0.8268
vn 0.8494 -0.2969 -0.4364
f 1547/1547/1547 1548/1548/1548 1549/1549/1549 1550/1550/1550
v -0.5381 0.5056 -0.0584
vt 0.2087 0.8206
vn -0.5959 -0.5959 -0.5383
v -0.3208 0.5056 -0.0584
vt 0.1448 0.8206
vn 0.5959 -0.5959 -0.5383
v -0.3248 0.4831 -0.0175
vt 0.1460 0.8140
vn 0.2969 -0.8494 -0.4364
v -0.5341 0.4831 -0.0175
vt 0.2075 0.8140
vn -0.2969 -0.8494 -0.4364
f 1551/1551/1551 1552/1552/1552 1553/1553/1553 1554/1554/1554
v -0.5381 0.5977 -0.0584
vt 0.2068 0.9037
vn -0.5959 0.5959 -0.5383
v -0.5381 0.5056 -0.0584
vt 0.2068 0.8561
vn -0.5959 -0.5959 -0.5383
v -0.5606 0.5097 -0.0175
vt 0.2134 0.8581
vn -0.8494 -0.2969 -0.4364
v -0.5606 0.5936 -0.0175
vt 0.2134 0.9017
vn -0.8494 0.2969 -0.4364
f 1555/1555/1555 1556/1556/1556 1557/1557/1557 1558/1558/1558
v -0.3208 0.5977 -0.0584
vt 0.1430 0.9079
vn 0.5959 0.5959 -0.5383
v -0.5381 0.5977 -0.0584
vt 0.2068 0.9079
vn -0.5959 0.5959 -0.5383
v -0.5341 0.6202 -0.0175
vt 0.2057 0.9145
vn -0.2969 0.8494 -0.4364
v -0.3248 0.6202 -0.0175
vt 0.1442 0.9145
vn 0.2969 0.8494 -0.4364
f 1559/1559/1559 1560/1560/1560 1561/1561/1561 1562/1562/1562
v -0.3248 0.4831 -0.0175
vt 0.1460 0.7984
vn 0.2969 -0.8494 -0.4364
v -0.3208 0.5056 -0.0584
vt 0.1448 0.8050
vn 0.5959 -0.5959 -0.5383
v -0.2983 0.5097 -0.0175
vt 0.1382 0.8062
vn 0.8494 -0.2969 -0.4364
f 1563/1563/1563 1564/1564/1564 1565/1565/1565
v -0.3208 0.5977 -0.0584
vt 0.1430 0.8922
vn 0.5959 0.5959 -0.5383
v -0.3248 0.6202 -0.0175
vt 0.1442 0.8988
vn 0.2969 0.8494 -0.4364
v -0.2983 0.5936 -0.0175
vt 0.1364 0.8910
vn 0.8494 0.2969 -0.4364
f 1566/1566/1566 1567/1567/1567 1568/1568/1568
v -0.5606 0.5097 -0.0175
vt 0.2153 0.8374
vn -0.8494 -0.2969 -0.4364
v -0.5381 0.5056 -0.0584
vt 0.2087 0.8362
vn -0.5959 -0.5959 -0.5383
v -0.5341 0.4831 -0.0175
vt 0.2075 0.8296
vn -0.2969 -0.8494 -0.4364
f 1569/1569/1569 1570/1570/1570 1571/1571/1571
v -0.5381 0.5977 -0.0584
vt 0.2068 0.9235
vn -0.5959 0.5959 -0.5383
v -0.5606 0.5936 -0.0175
vt 0.2134 0.9223
vn -0.8494 0.2969 -0.4364
v -0.5341 0.6202 -0.0175
vt 0.2057 0.9301
vn -0.2969 0.8494 -0.4364
f 1572/1572/1572 1573/1573/1573 1574/1574/1574
v -0.3682 0.3511 -0.0584
vt 0.2068 0.8404
vn -0.0000 -0.0000 -1.0000
v -0.3682 0.4432 -0.0584
vt 0.2068 0.8881
vn -0.0000 -0.0000 -1.0000
v -0.1508 0.4432 -0.0584
vt 0.1430 0.8881
vn -0.0000 -0.0000 -1.0000
v -0.1508 0.3511 -0.0584
vt 0.1430 0.8404
vn -0.0000 -0.0000 -1.0000
f 1575/1575/1575 1576/1576/1576 1577/1577/1577 1578/1578/1578
v -0.1508 0.3511 -0.0584
vt 0.1430 0.8248
vn 0.5959 -0.5959 -0.5383
v -0.1508 0.4432 -0.0584
vt 0.1430 0.8724
vn 0.5959 0.5959 -0.5383
v -0.1284 0.4391 -0.0175
vt 0.1364 0.8704
vn 0.8494 0.2969 -0.4364
v -0.1284 0.3552 -0.0175
vt 0.1364 0.8268
vn 0.8494 -0.2969 -0.4364
f 1579/1579/1579 1580/1580/1580 1581/1581/1581 1582/1582/1582
v -0.3682 0.3511 -0.0584
vt 0.2087 0.8206
vn -0.5959 -0.5959 -0.5383
v -0.1508 0.3511 -0.0584
vt 0.1448 0.8206
vn 0.5959 -0.5959 -0.5383
v -0.1549 0.3286 -0.0175
vt 0.1460 0.8140
vn 0.2969 -0.8494 -0.4364
v -0.3641 0.3286 -0.0175
vt 0.2075 0.8140
vn -0.2969 -0.8494 -0.4364
f 1583/1583/1583 1584/1584/1584 1585/1585/1585 1586/1586/1586
v -0.3682 0.4432 -0.0584
vt 0.2068 0.9037
vn -0.5959 0.5959 -0.5383
v -0.3682 0.3511 -0.0584
vt 0.2068 0.8561
vn -0.5959 -0.5959 -0.5383
v -0.3907 0.3552 -0.0175
vt 0.2134 0.8581
vn -0.8494 -0.2969 -0.4364
v -0.3907 0.4391 -0.0175
vt 0.2134 0.9017
vn -0.8494 0.2969 -0.4364
f 1587/1587/1587 1588/1588/1588 1589/1589/1589 1590/1590/1590
v -0.1508 0.4432 -0.0584
vt 0.1430 0.9079
vn 0.5959 0.5959 -0.5383
v -0.3682 0.4432 -0.0584
vt 0.2068 0.9079
vn -0.5959 0.5959 -0.5383
v -0.3641 0.4657 -0.0175
vt 0.2057 0.9145
vn -0.2969 0.8494 -0.4364
v -0.1549 0.4657 -0.0175
vt 0.1442 0.9145
vn 0.2969 0.8494 -0.4364
f 1591/1591/1591 1592/1592/1592 1593/1593/1593 1594/1594/1594
v -0.1549 0.3286 -0.0175
vt 0.1460 0.7984
vn 0.2969 -0.8494 -0.4364
v -0.1508 0.3511 -0.0584
vt 0.1448 0.8050
vn 0.5959 -0.5959 -0.5383
v -0.1284 0.3552 -0.0175
vt 0.1382 0.8062
vn 0.8494 -0.2969 -0.4364
f 1595/1595/1595 1596/1596/1596 1597/1597/1597
v -0.1508 0.4432 -0.0584
vt 0.1430 0.8922
vn 0.5959 0.5959 -0.5383
v -0.1549 0.4657 -0.0175
vt 0.1442 0.8988
vn 0.2969 0.8494 -0.4364
v -0.1284 0.4391 -0.0175
vt 0.1364 0.8910
vn 0.8494 0.2969 -0.4364
f 1598/1598/1598 1599/1599/1599 1600/1600/1600
v -0.3907 0.3552 -0.0175
vt 0.2153 0.8374
vn -0.8494 -0.2969 -0.4364
v -0.3682 0.3511 -0.0584
vt 0.2087 0.8362
vn -0.5959 -0.5959 -0.5383
v -0.3641 0.3286 -0.0175
vt 0.2075 0.8296
vn -0.2969 -0.8494 -0.4364
f 1601/1601/1601 1602/1602/1602 1603/1603/1603
v -0.3682 0.4432 -0.0584
vt 0.2068 0.9235
vn -0.5959 0.5959 -0.5383
v -0.3907 0.4391 -0.0175
vt 0.2134 0.9223
vn -0.8494 0.2969 -0.4364
v -0.3641 0.4657 -0.0175
vt 0.2057 0.9301
vn -0.2969 0.8494 -0.4364
f 1604/1604/1604 1605/1605/1605 1606/1606/1606
v 0.0921 0.5674 -0.0584
vt 0.2068 0.8404
vn -0.0000 -0.0000 -1.0000
v 0.0921 0.6595 -0.0584
vt 0.2068 0.8881
vn -0.0000 -0.0000 -1.0000
v 0.3095 0.6595 -0.0584
vt 0.1430 0.8881
vn -0.0000 -0.0000 -1.0000
v 0.3095 0.5674 -0.0584
vt 0.1430 0.8404
vn -0.0000 -0.0000 -1.0000
f 1607/1607/1607 1608/1608/1608 1609/1609/1609 1610/1610/1610
v 0.3095 0.5674 -0.0584
vt 0.1430 0.8248
vn 0.5959 -0.5959 -0.5383
v 0.3095 0.6595 -0.0584
vt 0.1430 0.8724
vn 0.5959 0.5959 -0.5383
v 0.3320 0.6554 -0.0175
vt 0.1364 0.8704
vn 0.8494 0.2969 -0.4364
v 0.3320 0.5714 -0.0175
vt 0.1364 0.8268
vn 0.8494 -0.2969 -0.4364
f 1611/1611/1611 1612/1612/1612 1613/1613/1613 1614/1614/1614
v 0.0921 0.5674 -0.0584
vt 0.2087 0.8206
vn -0.5959 -0.5959 -0.5383
v 0.3095 0.5674 -0.0584
vt 0.1448 0.8206
vn 0.5959 -0.5959 -0.5383
v 0.3054 0.5449 -0.0175
vt 0.1460 0.8140
vn 0.2969 -0.8494 -0.4364
v 0.0962 0.5449 -0.0175
vt 0.2075 0.8140
vn -0.2969 -0.8494 -0.4364
f 1615/1615/1615 1616/1616/1616 1617/1617/1617 1618/1618/1618
v 0.0921 0.6595 -0.0584
vt 0.2068 0.9037
vn -0.5959 0.5959 -0.5383
v 0.0921 0.5674 -0.0584
vt 0.2068 0.8561
vn -0.5959 -0.5959 -0.5383
v 0.0697 0.5714 -0.0175
vt 0.2134 0.8581
vn -0.8494 -0.2969 -0.4364
v 0.0697 0.6554 -0.0175
vt 0.2134 0.9017
vn -0.8494 0.2969 -0.4364
f 1619/1619/1619 1620/1620/1620 1621/1621/1621 1622/1622/1622
v 0.3095 0.6595 -0.0584
vt 0.1430 0.9079
vn 0.5959 0.5959 -0.5383
v 0.0921 0.6595 -0.0584
vt 0.2068 0.9079
vn -0.5959 0.5959 -0.5383
v 0.0962 0.6820 -0.0175
vt 0.2057 0.9145
vn -0.2969 0.8494 -0.4364
v 0.3054 0.6820 -0.0175
vt 0.1442 0.9145
vn 0.2969 0.8494 -0.4364
f 1623/1623/1623 1624/1624/1624 1625/1625/1625 1626/1626/1626
v 0.3054 0.5449 -0.0175
vt 0.1460 0.7984
vn 0.2969 -0.8494 -0.4364
v 0.3095 0.5674 -0.0584
vt 0.1448 0.8050
vn 0.5959 -0.5959 -0.5383
v 0.3320 0.5714 -0.0175
vt 0.1382 0.8062
vn 0.8494 -0.2969 -0.4364
f 1627/1627/1627 1628/1628/1628 1629/1629/1629
v 0.3095 0.6595 -0.0584
vt 0.1430 0.8922
vn 0.5959 0.5959 -0.5383
v 0.3054 0.6820 -0.0175
vt 0.1442 0.8988
vn 0.2969 0.8494 -0.4364
v 0.3320 0.6554 -0.0175
vt 0.1364 0.8910
vn 0.8494 0.2969 -0.4364
f 1630/1630/1630 1631/1631/1631 1632/1632/1632
v 0.0697 0.5714 -0.0175
vt 0.2153 0.8374
vn -0.8494 -0.2969 -0.4364
v 0.0921 0.5674 -0.0584
vt 0.2087 0.8362
vn -0.5959 -0.5959 -0.5383
v 0.0962 0.5449 -0.0175
vt 0.2075 0.8296
vn -0.2969 -0.8494 -0.4364
f 1633/1633/1633 1634/1634/1634 1635/1635/1635
v 0.0921 0.6595 -0.0584
vt 0.2068 0.9235
vn -0.5959 0.5959 -0.5383
v 0.0697 0.6554 -0.0175
vt 0.2134 0.9223
vn -0.8494 0.2969 -0.4364
v 0.0962 0.6820 -0.0175
vt 0.2057 0.9301
vn -0.2969 0.8494 -0.4364
f 1636/1636/1636 1637/1637/1637 1638/1638/1638
v 0.2601 0.4225 -0.0584
vt 0.2068 0.8404
vn -0.0000 -0.0000 -1.0000
v 0.2601 0.5147 -0.0584
vt 0.2068 0.8881
vn -0.0000 -0.0000 -1.0000
v 0.4775 0.5147 -0.0584
vt 0.1430 0.8881
vn -0.0000 -0.0000 -1.0000
v 0.4775 0.4225 -0.0584
vt 0.1430 0.8404
vn -0.0000 -0.0000 -1.0000
f 1639/1639/1639 1640/1640/1640 1641/1641/1641 1642/1642/1642
v 0.4775 0.4225 -0.0584
vt 0.1430 0.8248
vn 0.5959 -0.5959 -0.5383
v 0.4775 0.5147 -0.0584
vt 0.1430 0.8724
vn 0.5959 0.5959 -0.5383
v 0.5000 0.5106 -0.0175
vt 0.1364 0.8704
vn 0.8494 0.2969 -0.4364
v 0.5000 0.4266 -0.0175
vt 0.1364 0.8268
vn 0.8494 -0.2969 -0.4364
f 1643/1643/1643 1644/1644/1644 1645/1645/1645 1646/1646/1646
v 0.2601 0.4225 -0.0584
vt 0.2087 0.8206
vn -0.5959 -0.5959 -0.5383
v 0.4775 0.4225 -0.0584
vt 0.1448 0.8206
vn 0.5959 -0.5959 -0.5383
v 0.4734 0.4001 -0.0175
vt 0.1460 0.8140
vn 0.2969 -0.8494 -0.4364
v 0.2642 0.4001 -0.0175
vt 0.2075 0.8140
vn -0.2969 -0.8494 -0.4364
f 1647/1647/1647 1648/1648/1648 1649/1649/1649 1650/1650/1650
v 0.2601 0.5147 -0.0584
vt 0.2068 0.9037
vn -0.5959 0.5959 -0.5383
v 0.2601 0.4225 -0.0584
vt 0.2068 0.8561
vn -0.5959 -0.5959 -0.5383
v 0.2377 0.4266 -0.0175
vt 0.2134 0.8581
vn -0.8494 -0.2969 -0.4364
v 0.2377 0.5106 -0.0175
vt 0.2134 0.9017
vn -0.8494 0.2969 -0.4364
f 1651/1651/1651 1652/1652/1652 1653/1653/1653 1654/1654/1654
v 0.4775 0.5147 -0.0584
vt 0.1430 0.9079
vn 0.5959 0.5959 -0.5383
v 0.2601 0.5147 -0.0584
vt 0.2068 0.9079
vn -0.5959 0.5959 -0.5383
v 0.2642 0.5371 -0.0175
vt 0.2057 0.9145
vn -0.2969 0.8494 -0.4364
v 0.4734 0.5371 -0.0175
vt 0.1442 0.9145
vn 0.2969 0.8494 -0.4364
f 1655/1655/1655 1656/1656/1656 1657/1657/1657 1658/1658/1658
v 0.4734 0.4001 -0.0175
vt 0.1460 0.7984
vn 0.2969 -0.8494 -0.4364
v 0.4775 0.4225 -0.0584
vt 0.1448 0.8050
vn 0.5959 -0.5959 -0.5383
v 0.5000 0.4266 -0.0175
vt 0.1382 0.8062
vn 0.8494 -0.2969 -0.4364
f 1659/1659/1659 1660/1660/1660 1661/1661/1661
v 0.4775 0.5147 -0.0584
vt 0.1430 0.8922
vn 0.5959 0.5959 -0.5383
v 0.4734 0.5371 -0.0175
vt 0.1442 0.8988
vn 0.2969 0.8494 -0.4364
v 0.5000 0.5106 -0.0175
vt 0.1364 0.8910
vn 0.8494 0.2969 -0.4364
f 1662/1662/1662 1663/1663/1663 1664/1664/1664
v 0.2377 0.4266 -0.0175
vt 0.2153 0.8374
vn -0.8494 -0.2969 -0.4364
v 0.2601 0.4225 -0.0584
vt 0.2087 0.8362
vn -0.5959 -0.5959 -0.5383
v 0.2642 0.4001 -0.0175
vt 0.2075 0.8296
vn -0.2969 -0.8494 -0.4364
f 1665/1665/1665 1666/1666/1666 1667/1667/1667
v 0.2601 0.5147 -0.0584
vt 0.2068 0.9235
vn -0.5959 0.5959 -0.5383
v 0.2377 0.5106 -0.0175
vt 0.2134 0.9223
vn -0.8494 0.2969 -0.4364
v 0.2642 0.5371 -0.0175
vt 0.2057 0.9301
vn -0.2969 0.8494 -0.4364
f 1668/1668/1668 1669/1669/1669 1670/1670/1670
